測站,日期,測項,00,01,02,03,04,05,06,07,08,09,10,11,12,13,14,15,16,17,18,19,20,21,22,23,
大園,2025/01/01 00:00:00,AMB_TEMP,15.3,15.4,15.6,15.7,16,16.3,16.5,16.8,17.4,17.8,17.9,17.8,17.4,17.4,17.6,17.5,17.5,17.1,16.8,16.9,16.6,16.3,16.3,16.5,
大園,2025/01/01 00:00:00,CO,0.48,0.37,0.33,0.27,0.23,0.2,0.22,0.24,0.26,0.28,0.27,0.29,0.29,0.29,0.26,0.28,0.31,0.32,0.3,0.3,0.31,0.33,0.35,0.29,
大園,2025/01/01 00:00:00,NO,1.6,0.8,0.5,0.5,0.6,0.5,0.8,2,2.5,2.9,2.6,2.6,2.2,2.2,1.7,1.6,1.4,1.1,1.3,1.4,1.7,2.3,4.1,2,
大園,2025/01/01 00:00:00,NO2,25.9,11.3,12.5,10.4,13.7,10.5,11.5,17.9,17.2,17.8,16.2,15.8,14.3,16,13.4,15.6,18.7,19.1,20.9,21.1,30.4,38.7,41.5,19.1,
大園,2025/01/01 00:00:00,NOx,27.6,12.2,13.1,11,14.4,11,12.4,19.9,19.7,20.7,18.9,18.5,16.5,18.2,15.2,17.3,20.1,20.3,22.3,22.5,32.2,41,45.6,21.2,
大園,2025/01/01 00:00:00,O3,45.1,52.4,49.7,46.5,37.5,42.8,39.8,34.1,36,36.4,37.3,38.1,38.7,36.8,39.3,36.3,32.6,31.6,29.7,28,18,6.9,5.3,25.5,
大園,2025/01/01 00:00:00,PM10,83,59,48,50,58,57,52,57,51,54,50,44,29,32,31,32,25,22,18,11,15,22,17,14,
大園,2025/01/01 00:00:00,PM2.5,35,36,21,19,17,15,16,14,18,16,18,16,12,18,16,15,15,13,11,9,12,13,10,11,
大園,2025/01/01 00:00:00,RAINFALL,0,0,0,0,0,0,0,0,0,0,0,0,0,0,0,0,0,0,0,0,3,0.5,1.5,0.5,
大園,2025/01/01 00:00:00,RH,58,56,56,57,59,59,59,59,59,60,62,65,72,76,74,75,76,81,87,88,91,94,96,97,
大園,2025/01/01 00:00:00,SO2,4.3,1.8,1.8,1.8,2.4,1.6,1.7,1.8,2,1.7,1.5,1.5,1.3,1.6,1.3,1.3,1.5,1.1,1.3,1.4,1.1,1.2,1.5,1.4,
大園,2025/01/01 00:00:00,WD_HR,55,62,63,52,54,59,60,57,58,65,66,70,65,56,70,65,79,75,40,31,67,78,32,2,
大園,2025/01/01 00:00:00,WIND_DIREC,55,65,64,49,61,64,60,55,56,60,66,72,57,67,80,68,72,55,45,47,59,340,75,351,
大園,2025/01/01 00:00:00,WIND_SPEED,4,3.8,3.7,3.1,3.1,4.1,3.5,3.5,3.6,3.6,3.6,3.6,3.1,3.7,3.7,2.5,2.8,1.6,1.8,1.3,0.7,0.3,0.8,1.8,
大園,2025/01/01 00:00:00,WS_HR,3.5,3.4,3.3,2.8,3,3.5,3.6,3.4,3.5,3.7,4,3.4,3.1,2.8,3.1,2.7,2.6,2.2,1.9,1.8,1,0.2,0.1,1.2,
大園,2025/01/02 00:00:00,AMB_TEMP,16.6,15.9,15.5,15.2,15.7,16.1,16.4,16.6,17,17.2,17.5,18,18.2,18.6,18.6,18.6,18.6,18.4,18.4,18.3,17.3,16.1,16.2,16.4,
大園,2025/01/02 00:00:00,CO,0.18,0.16,0.15,0.15,0.16,0.2,0.21,0.27,0.25,0.26,0.2,0.19,0.17,0.17,0.17,0.18,0.21,0.22,0.21,0.17,0.18,0.16,0.19,0.17,
大園,2025/01/02 00:00:00,NO,0.9,0.7,0.6,0.6,0.8,1.4,1.7,3.3,4.7,5.9,3.7,5.1,2.5,2,2.1,2.2,2.9,2,1.6,1.7,2.6,2.5,3.2,1.8,
大園,2025/01/02 00:00:00,NO2,8.3,3.8,2.9,3.1,6.8,15.9,19.6,26.2,27.2,24.5,17.9,21.4,11.3,9.2,10.4,13.6,18.2,15.6,14.9,13,17.9,14.6,17.8,19.6,
大園,2025/01/02 00:00:00,NOx,9.2,4.6,3.6,3.8,7.7,17.4,21.3,29.6,31.9,30.4,21.6,26.6,13.8,11.2,12.5,15.9,21.2,17.7,16.6,14.7,20.5,17.1,21,21.5,
大園,2025/01/02 00:00:00,O3,41.1,44.7,44.8,44.6,42.2,34.3,30.5,25,24,26,30.8,33,41.8,42.9,41.8,38.7,33.1,35,35.4,37.6,35.6,36,32.9,31.2,
大園,2025/01/02 00:00:00,PM10,8,4,7,16,24,24,28,29,28,34,30,30,27,28,29,28,32,21,35,33,21,14,15,21,
大園,2025/01/02 00:00:00,PM2.5,6,4,7,6,5,7,9,10,7,11,9,8,11,13,8,10,11,8,8,7,6,4,3,5,
大園,2025/01/02 00:00:00,RAINFALL,0,1,1.5,0,0,0,0,0,0,0,0,0,0,0,0,0,0,0,0,0,0,0,0,0,
大園,2025/01/02 00:00:00,RH,98,98,98,98,96,95,93,92,89,89,87,83,76,72,72,73,71,72,73,74,80,92,94,92,
大園,2025/01/02 00:00:00,SO2,1.1,0.4,0.4,0.6,0.7,2,2.6,2.2,2,2.3,1.3,1.6,1.1,1.1,1,1.5,1.7,1.4,1.5,1.7,1.8,1.9,3.9,3,
大園,2025/01/02 00:00:00,WD_HR,22,23,28,29,32,47,45,49,57,53,58,38,37,35,35,36,55,55,50,40,46,39,44,47,
大園,2025/01/02 00:00:00,WIND_DIREC,25,23,29,26,31,50,55,53,51,60,50,38,35,34,35,41,55,54,52,44,37,37,45,41,
大園,2025/01/02 00:00:00,WIND_SPEED,5.6,5.4,6.9,5.5,4.9,3.2,3.3,3.5,3.5,4.2,3.8,5.8,6.5,7.1,6.8,5.1,4.1,4.1,3.8,5.3,6,5.9,4.4,4.6,
大園,2025/01/02 00:00:00,WS_HR,4,5.5,6.5,5.3,4.6,3.1,3.6,3.2,3.3,3.9,3.8,4.8,6.1,6.4,6.4,5.4,4.1,3.8,3.7,5.2,4.7,5.8,4.3,3.9,
大園,2025/01/03 00:00:00,AMB_TEMP,16.2,16.2,16.4,16.4,16.2,16,16.1,16.1,16.3,16.6,16.8,16.7,16.5,16.8,17,17,16.5,16.8,16.6,16,15.8,16,16.3,16.6,
大園,2025/01/03 00:00:00,CO,0.16,0.14,0.12,0.12,0.12,0.12,0.13,0.14,0.15,0.15,0.16,0.16,0.17,0.18,0.21,0.23,0.25,0.29,0.27,0.27,0.29,0.31,0.34,0.29,
大園,2025/01/03 00:00:00,NO,12.5,1.2,1.1,1.1,1.2,1.3,1.6,1.9,2.6,5.7,2.8,3.3,2.5,2.8,3.1,3,2.3,2.1,2,1.3,1.5,1.6,1.4,1.4,
大園,2025/01/03 00:00:00,NO2,27.8,5.4,1.9,1.1,1.7,2.2,3.4,5.8,8.7,14.8,9.2,10.8,6.8,7.2,12.1,16.1,15.2,16.5,12.3,13.9,19.7,16.5,16.7,13,
大園,2025/01/03 00:00:00,NOx,40.3,6.6,3,2.3,3,3.5,5,7.8,11.3,20.5,12,14.1,9.3,10,15.3,19.2,17.6,18.7,14.3,15.3,21.2,18.1,18.1,14.4,
大園,2025/01/03 00:00:00,O3,24.6,39.6,47.5,47.8,46.1,44.6,43.7,41.1,39.5,35.5,41.6,41.7,46.4,46.4,43.5,39.7,41.5,44.6,48.8,45.1,38.7,39.4,37.6,43,
大園,2025/01/03 00:00:00,PM10,23,25,18,18,25,27,24,18,30,33,36,34,37,43,46,52,48,58,50,52,37,48,46,43,
大園,2025/01/03 00:00:00,PM2.5,5,9,7,9,9,9,7,9,11,9,12,11,9,10,11,20,18,18,18,19,22,21,20,22,
大園,2025/01/03 00:00:00,RAINFALL,0,0,0,0,0,0,0,0,0,0,0,0,0,0,0,0,0,0,0,0,0,0,0,0,
大園,2025/01/03 00:00:00,RH,92,89,85,77,71,72,70,71,70,66,64,62,63,62,60,60,61,60,57,56,57,57,58,58,
大園,2025/01/03 00:00:00,SO2,2.6,1.8,0.8,0.8,0.7,0.8,0.9,0.9,0.9,1.4,1.1,1.2,1.1,1.1,1.4,1.7,1.5,1.5,1.9,1.5,1.3,1.4,1.4,1.3,
大園,2025/01/03 00:00:00,WD_HR,36,40,32,31,33,33,35,34,34,37,36,35,35,36,46,58,69,62,60,69,71,69,73,68,
大園,2025/01/03 00:00:00,WIND_DIREC,39,33,31,30,31,36,39,32,36,35,38,31,33,40,51,63,66,53,58,71,66,71,69,63,
大園,2025/01/03 00:00:00,WIND_SPEED,5.7,5.8,6.1,7.4,6.8,6.1,6.6,7.3,6.1,7,7,6.9,7.5,6.8,5.3,4.9,4.5,5,5,4.1,3.1,3.9,4,4.7,
大園,2025/01/03 00:00:00,WS_HR,5.5,4.9,6.7,7.1,6.5,6.3,6.5,6.7,6.6,6.5,6.3,6.7,7.5,6.9,5.3,4.7,4.7,4.9,5.3,4.2,3.9,3.5,3.8,4.5,
大園,2025/01/04 00:00:00,AMB_TEMP,16.3,15.9,15.9,15.9,15.8,16.2,16.8,17.2,17.7,18.4,19.1,19.7,20.1,20,19.8,19.4,18.7,18.1,17.8,18,18.2,18.5,18.6,18.7,
大園,2025/01/04 00:00:00,CO,0.27,0.24,0.22,0.21,0.21,0.22,0.22,0.24,0.23,0.21,0.22,0.19,0.19,0.18,0.18,0.17,0.19,0.21,0.19,0.17,0.18,0.17,0.17,0.17,
大園,2025/01/04 00:00:00,NO,1.6,0.8,1.1,1,1,1.1,1.4,3,4.6,4.5,4.4,3.6,2.9,2.8,3,2.8,2.2,1.6,1.7,1.4,1.6,1.6,1.4,1.2,
大園,2025/01/04 00:00:00,NO2,12.8,8.9,5.5,5.4,6,9.3,12.8,19,18.5,12.3,11.7,8.9,8.3,7.8,10.1,9.3,11,11.9,12.3,8.8,10.3,10.6,9.6,10.5,
大園,2025/01/04 00:00:00,NOx,14.4,9.7,6.6,6.4,7,10.4,14.3,22,23.1,16.9,16.1,12.5,11.2,10.6,13.2,12.1,13.3,13.5,14,10.2,11.9,12.2,11,11.7,
大園,2025/01/04 00:00:00,O3,46,47.5,49.9,48.3,45.9,41.1,39.4,34.1,34.6,39.1,40.8,42.5,43.4,43.5,41.1,42.3,39.8,38.1,36.6,39.2,36.5,36.8,36.9,37,
大園,2025/01/04 00:00:00,PM10,42,37,30,28,28,31,31,35,39,42,36,30,35,30,34,29,25,24,25,23,22,16,10,14,
大園,2025/01/04 00:00:00,PM2.5,16,16,12,11,10,17,14,15,15,7,14,10,6,5,10,12,9,9,10,8,6,4,3,7,
大園,2025/01/04 00:00:00,RAINFALL,0,0,0,0,0,0,0,0,0,0,0,0,0,0,0,0,0,0,0,0,0,0,0,0,
大園,2025/01/04 00:00:00,RH,56,55,58,58,57,58,55,57,57,54,52,51,50,51,52,54,56,60,63,64,65,66,67,65,
大園,2025/01/04 00:00:00,SO2,1.7,1.5,1.4,1.3,1.5,1.8,2.1,2.3,2,1.9,1.9,1.5,1.4,1.3,1.5,1.5,1.6,1.5,1.4,1.4,1.6,1.5,1.5,1.5,
大園,2025/01/04 00:00:00,WD_HR,63,67,67,70,63,62,61,58,65,70,93,82,72,74,71,72,72,67,65,64,70,86,67,77,
大園,2025/01/04 00:00:00,WIND_DIREC,64,70,71,73,61,63,58,60,60,80,92,83,71,69,68,77,72,70,62,62,63,91,69,72,
大園,2025/01/04 00:00:00,WIND_SPEED,4.6,4.9,5.5,5.1,4.3,4.6,4.6,4.7,5.8,7.5,7.4,7.5,7.4,6.8,5.9,7,5.9,5.1,4.4,4.6,3.6,5.2,3.7,2.8,
大園,2025/01/04 00:00:00,WS_HR,4.6,4.2,4.8,4.8,4.5,4.4,4.7,4.5,5.1,5.6,7.7,6.7,6.2,6.3,5.8,6.4,5.6,4.7,4.5,4.7,4.3,4.5,3.3,3.3,
大園,2025/01/05 00:00:00,AMB_TEMP,18.8,18.7,18.3,18,17.7,17.5,17.3,17.4,18.2,19.4,20.2,19.2,17.5,16.8,16.8,16.8,16.7,16.6,16.6,16.6,16.6,16.8,16.9,16.9,
大園,2025/01/05 00:00:00,CO,0.18,0.16,0.22,0.3,0.32,0.31,0.32,0.38,0.33,0.28,0.24,0.26,0.21,0.16,0.15,0.16,0.14,0.14,0.14,0.13,0.13,0.14,0.13,0.14,
大園,2025/01/05 00:00:00,NO,1.8,0.4,0.4,0.5,0.6,0.5,0.7,2.2,2.5,2.3,1.5,2.2,1.4,1.1,1.2,1.1,1.5,1.1,1.1,1,0.7,1.2,0.7,1,
大園,2025/01/05 00:00:00,NO2,18.7,5.4,8.2,13.1,12.3,10.4,11.6,15.2,12.5,9.3,8,9,7.7,6.3,7.3,6.7,8.1,8.3,8.4,5.3,5.4,10.6,5.1,6.1,
大園,2025/01/05 00:00:00,NOx,20.6,5.8,8.7,13.6,12.9,10.9,12.4,17.5,15,11.7,9.6,11.2,9.1,7.5,8.5,7.9,9.6,9.5,9.5,6.4,6.2,11.8,5.9,7.2,
大園,2025/01/05 00:00:00,O3,32.7,39.6,31.3,21.4,20.6,22,19.4,13.3,19.5,27.6,35,34.1,40.3,40.9,41.9,43.5,41.6,40.7,38.1,42.1,42.2,39.3,43.8,42.3,
大園,2025/01/05 00:00:00,PM10,18,14,16,30,40,35,33,35,42,38,44,41,38,35,34,35,36,25,27,21,25,21,21,21,
大園,2025/01/05 00:00:00,PM2.5,7,6,4,9,20,23,20,17,27,21,12,19,13,10,8,11,9,15,6,5,8,14,7,7,
大園,2025/01/05 00:00:00,RAINFALL,0,0,0,0,0,0,0,0,0,0,0,0,0,0,0,0,0,0,0,0,0,0,0,0,
大園,2025/01/05 00:00:00,RH,64,64,66,68,71,74,78,85,84,77,72,77,87,87,87,87,88,89,89,89,88,87,87,87,
大園,2025/01/05 00:00:00,SO2,1.7,1.2,1.4,1.7,2,1.6,1.2,1.3,1.5,1.5,1.6,1.9,1.4,1.3,1.2,1.4,1.4,1.3,1.3,1.4,1.2,2,1.5,1.5,
大園,2025/01/05 00:00:00,WD_HR,107,155,153,159,172,174,177,183,217,204,250,306,345,3,18,11,29,31,28,25,32,32,29,29,
大園,2025/01/05 00:00:00,WIND_DIREC,123,170,155,158,174,175,176,186,218,245,262,340,352,12,22,18,38,32,23,23,46,29,31,26,
大園,2025/01/05 00:00:00,WIND_SPEED,3.7,2.5,2.3,0.8,1.9,0.8,0.7,1,1.2,1.5,2,5,6,4.3,3.8,4.6,3.2,3.2,3.5,4.5,2.5,2.8,2.9,3.1,
大園,2025/01/05 00:00:00,WS_HR,3.3,2,2.5,1.6,1.6,1.3,0.8,0.8,1.1,1,1.4,3.6,5.2,4.4,3.7,3.7,3,3,3.4,3.9,3.4,3.3,3.2,2.9,
大園,2025/01/06 00:00:00,AMB_TEMP,16.9,16.7,16.6,16.1,16,16,15.8,16,16.9,17.4,17.9,17.8,17.7,17.6,17.5,17.3,16.9,16.3,16,15.8,15.5,15.1,14.7,14.5,
大園,2025/01/06 00:00:00,CO,0.14,0.17,0.17,0.18,0.21,0.26,0.28,0.35,0.38,0.35,0.35,0.35,0.31,0.31,0.29,0.28,0.31,0.34,0.32,0.32,0.31,0.31,0.31,0.33,
大園,2025/01/06 00:00:00,NO,1,1,0.7,0.4,0.7,1.7,1.6,4.1,5,3.1,1.8,1.6,1.3,1.5,1.9,1.6,1.6,1.4,1.1,0.8,0.8,0.5,0.6,1,
大園,2025/01/06 00:00:00,NO2,3.8,4.5,4.7,3.8,5.1,12.6,15,29.2,23.4,18.7,10.3,10,8.6,9.7,10.4,13.6,15.7,19.8,17,14.1,11.9,13.6,11.7,13.5,
大園,2025/01/06 00:00:00,NOx,4.8,5.5,5.4,4.2,5.8,14.3,16.6,33.4,28.4,21.9,12.2,11.6,10,11.2,12.3,15.3,17.4,21.2,18.1,14.9,12.8,14.2,12.3,14.5,
大園,2025/01/06 00:00:00,O3,45.1,47.1,46,47.2,47.1,43.3,42.5,31.3,39.1,48.9,57.8,60.4,62.3,61.5,60.3,58.9,54.1,49.9,51.3,53,55.4,51.6,51.4,46.3,
大園,2025/01/06 00:00:00,PM10,26,21,29,31,35,50,48,52,66,66,61,61,55,57,59,54,58,58,53,57,68,67,70,70,
大園,2025/01/06 00:00:00,PM2.5,7,9,12,14,18,19,26,27,28,30,32,32,29,25,26,28,26,26,21,27,27,24,27,26,
大園,2025/01/06 00:00:00,RAINFALL,0,0,0,0,0,0,0,0,0,0,0,0,0,0,0,0,0,0,0,0,0,0,0,0,
大園,2025/01/06 00:00:00,RH,85,84,82,80,76,70,70,68,64,59,56,54,52,50,50,50,51,52,53,54,54,53,53,53,
大園,2025/01/06 00:00:00,SO2,1.3,0.8,0.9,0.8,0.9,1.1,1.1,1.9,2.2,1.7,1.4,1.3,1.4,1.4,1.3,1.6,1.8,1.4,1.3,1.2,1.2,1.3,1.1,1.6,
大園,2025/01/06 00:00:00,WD_HR,26,27,29,29,28,34,34,57,42,38,32,31,33,40,36,37,50,57,54,59,59,58,57,61,
大園,2025/01/06 00:00:00,WIND_DIREC,29,32,33,34,25,37,35,79,36,40,34,29,33,37,37,36,58,50,58,62,63,58,60,52,
大園,2025/01/06 00:00:00,WIND_SPEED,4.4,3.3,3.1,3.2,4.6,4.3,3.8,2.8,5.8,6.3,6.1,8.3,7.6,6.6,7.8,6.4,4.9,3.4,4.4,4.8,5.2,4.6,4.5,5.3,
大園,2025/01/06 00:00:00,WS_HR,3.4,3.7,3,3.2,3.8,4.4,4.1,2.8,4.1,5.6,5.9,7.2,7.4,6.5,7.2,6.7,5,3.8,3.8,4.6,5,4.2,4.4,4.6,
大園,2025/01/07 00:00:00,AMB_TEMP,14.6,14.5,14.5,14.4,14.2,14.3,14.4,14.9,15.8,16.7,17.3,17.6,18.1,18.5,18.1,17.5,16.8,16.2,16,15.9,15.8,15.6,15.5,15.5,
大園,2025/01/07 00:00:00,CO,0.34,0.27,0.25,0.22,0.22,0.26,0.27,0.27,0.28,0.25,0.26,0.25,0.23,0.23,0.23,0.25,0.28,0.31,0.31,0.32,0.34,0.32,0.3,0.29,
大園,2025/01/07 00:00:00,NO,1.1,1.1,0.9,1.3,1.1,1.3,1.8,3.7,5.2,4.7,3.7,3.8,3.6,3.9,3.9,3.8,3.5,2.1,2.2,1.9,1.6,1.8,1.3,1.1,
大園,2025/01/07 00:00:00,NO2,14.2,7.8,6.5,4.7,5.3,9.4,15.7,19.3,19.3,14,12.9,13.1,12.4,11.7,11.6,15.8,17.8,18.2,16.5,14.8,16.8,13.9,10.6,11.3,
大園,2025/01/07 00:00:00,NOx,15.4,8.9,7.4,6.1,6.4,10.7,17.6,23,24.6,18.7,16.7,16.9,16,15.7,15.6,19.7,21.3,20.4,18.7,16.7,18.5,15.8,11.9,12.4,
大園,2025/01/07 00:00:00,O3,48.1,48.4,48.4,46.9,44.6,40.1,35.3,30.7,31.4,36.1,38.5,38.6,39.3,39.6,40.8,38.2,36.1,36.1,38.5,40.6,39.2,43,44.8,43.5,
大園,2025/01/07 00:00:00,PM10,73,50,52,32,39,42,48,50,59,63,54,56,54,55,53,59,66,63,62,60,63,63,49,48,
大園,2025/01/07 00:00:00,PM2.5,22,18,18,11,9,13,13,15,14,11,9,18,12,9,12,18,20,18,21,22,22,19,22,19,
大園,2025/01/07 00:00:00,RAINFALL,0,0,0,0,0,0,0,0,0,0,0,0,0,0,0,0,0,0,0,0,0,0,0,0,
大園,2025/01/07 00:00:00,RH,52,51,50,50,49,50,51,50,49,47,45,45,44,44,45,47,50,51,52,53,55,57,57,56,
大園,2025/01/07 00:00:00,SO2,1.9,2.4,2.1,2,2,2.3,2.5,2.5,2.8,2.3,2.2,2.3,2,2,2.1,2.5,2.7,2.4,2.3,2.1,2.3,2.3,2.2,2.2,
大園,2025/01/07 00:00:00,WD_HR,57,69,68,65,63,64,62,63,67,70,71,73,67,57,64,55,57,65,49,56,56,52,56,61,
大園,2025/01/07 00:00:00,WIND_DIREC,63,71,68,64,62,63,61,66,68,71,78,66,69,56,51,47,69,60,49,57,61,60,61,64,
大園,2025/01/07 00:00:00,WIND_SPEED,5.1,4.9,5.2,4.5,4.1,4.7,4.3,4.5,5.7,5.7,5.2,4.8,4.7,4.9,4.9,5.2,3.6,4.1,3.4,3.3,3.3,3.7,4,4.1,
大園,2025/01/07 00:00:00,WS_HR,5,4.9,4.8,4.2,3.9,4.2,4.1,4.1,4.6,5,5.1,4.8,4.3,4.2,4.3,4,3.6,3.7,3.6,3.2,2.9,3.5,3.4,3.8,
大園,2025/01/08 00:00:00,AMB_TEMP,15.5,15.5,15.5,15.6,15.7,15.9,16.1,15.5,15.5,15.8,16.8,18.3,18.2,17.6,17.3,17.4,16.7,16.2,16.1,16.2,16.3,16.4,16.6,16.6,
大園,2025/01/08 00:00:00,CO,0.27,0.24,0.21,0.2,0.19,0.19,0.24,0.23,0.26,#,0.24,0.23,0.2,0.19,0.17,0.18,0.17,0.19,0.21,0.28,0.26,0.24,0.23,0.2,
大園,2025/01/08 00:00:00,NO,1.2,0.4,0.6,0.8,0.7,1.3,3,5.7,7.4,#,7.3,8,4.4,3.3,#,3.7,2.8,2.9,2.9,2.6,2.6,2.4,3.4,3.8,
大園,2025/01/08 00:00:00,NO2,11.8,7.1,6.5,6.2,5.9,9,24,25.4,28.5,#,18.8,19.4,10.8,12.1,#,13.2,10,12.2,15.4,18.8,19.8,20.3,23.5,22.3,
大園,2025/01/08 00:00:00,NOx,13.1,7.6,7.1,7,6.7,10.3,27.1,31.1,35.9,#,26.1,27.5,15.3,15.5,#,16.9,12.8,15.1,18.3,21.4,22.4,22.8,27,26.1,
大園,2025/01/08 00:00:00,O3,42.2,44.4,43.1,42.6,43,38.6,27.9,24,19.8,#,28.8,29.4,36.8,34,34.8,33.5,34.5,32.1,28.6,23.3,23.1,23.2,21.2,23,
大園,2025/01/08 00:00:00,PM10,52,39,30,27,25,22,24,22,27,8,13,14,22,17,#,21,19,19,14,18,16,16,15,18,
大園,2025/01/08 00:00:00,PM2.5,12,13,11,12,10,11,9,12,8,15,2,7,6,#,4,5,5,7,5,4,2,3,9,6,
大園,2025/01/08 00:00:00,RAINFALL,0,0,0,0,0,0,0,0,0,0,0,0,0,0,0,0,0,0,0,0,0,0,0,0,
大園,2025/01/08 00:00:00,RH,56,57,60,61,62,63,64,75,85,84,76,65,65,68,68,66,72,83,85,84,80,78,76,75,
大園,2025/01/08 00:00:00,SO2,2.2,1.5,1.5,1.5,1.6,1.9,2.8,2.9,3.8,#,3.6,2.8,2.3,2.2,#,1.6,0.9,1.1,2.6,1.3,1,1.3,2.3,3.6,
大園,2025/01/08 00:00:00,WD_HR,70,78,72,61,62,55,42,38,40,37,48,46,31,37,31,37,31,34,42,61,57,51,40,38,
大園,2025/01/08 00:00:00,WIND_DIREC,73,76,60,67,58,56,36,41,40,41,48,64,35,38,34,31,33,41,62,64,61,42,41,44,
大園,2025/01/08 00:00:00,WIND_SPEED,4.1,4,3.3,3.9,2.9,3.2,3.7,3.9,4.4,4.1,3.3,3.7,4.1,4,5.3,5,5.5,3.9,2.4,2.4,2.8,2.4,2.5,4.8,
大園,2025/01/08 00:00:00,WS_HR,4.1,4,3.3,3.2,3,3.2,3.3,4.1,3.6,4.5,3.1,3,4.1,3.9,5,4.8,5.4,4.9,3.6,2.3,2.6,2.4,2.7,3.6,
大園,2025/01/09 00:00:00,AMB_TEMP,16.3,15.7,15.6,15.8,15.8,15.9,16,16,16,15.9,16.1,15.9,15.1,14.8,14.5,13.9,13.4,13.5,13.3,13.2,13.1,13.1,13.1,12.9,
大園,2025/01/09 00:00:00,CO,0.2,0.19,0.23,0.25,0.24,0.23,0.25,0.27,0.28,0.3,0.32,0.4,0.39,0.4,0.36,0.29,0.28,0.26,0.24,0.24,0.22,0.23,0.22,0.17,
大園,2025/01/09 00:00:00,NO,6.5,1.1,0.9,0.8,0.7,1,1.6,2.2,2.5,3.3,4.7,7.5,A,3.2,3.2,2.2,2,2.1,1.8,1.6,2.4,2.7,2.9,1.3,
大園,2025/01/09 00:00:00,NO2,19.5,7.1,6.8,6,4.5,6.2,12.2,14.4,16.9,17.1,17.7,23.4,A,18.2,16.3,12.1,13.5,12.6,9.4,9.8,13,15.1,15.3,8.4,
大園,2025/01/09 00:00:00,NOx,26,8.2,7.7,6.9,5.3,7.2,13.8,16.6,19.4,20.5,22.4,31,A,21.5,19.6,14.4,15.6,14.7,11.2,11.5,15.4,17.9,18.2,9.8,
大園,2025/01/09 00:00:00,O3,31.4,42.6,46.6,51.4,51.7,46.1,39.5,34.4,33,32.7,32.4,31,29.7,33.1,34.5,37.1,36.6,38.2,39.4,39.5,37.3,36.1,34.2,39.3,
大園,2025/01/09 00:00:00,PM10,31,24,26,36,28,40,34,38,52,59,63,77,A,75,65,54,53,49,41,41,35,40,36,25,
大園,2025/01/09 00:00:00,PM2.5,6,8,13,16,16,18,7,12,20,20,20,29,A,33,34,24,21,19,13,18,18,11,13,10,
大園,2025/01/09 00:00:00,RAINFALL,0,0,0,0,0,0,0,0,0,0,0,0,0,0,0,0,0,0,0,0,0,0,0,0,
大園,2025/01/09 00:00:00,RH,76,77,74,66,63,61,60,60,59,57,55,54,57,58,60,63,65,63,63,61,60,59,58,59,
大園,2025/01/09 00:00:00,SO2,2.9,1.9,2.7,2.1,0.9,1.7,2.4,2.1,1.7,1.7,2.6,3.1,1.9,3.2,2.5,2,1.9,2.4,1.8,1.6,1.7,2.2,2.5,1.5,
大園,2025/01/09 00:00:00,WD_HR,53,45,45,36,37,46,56,57,59,57,61,43,44,50,43,39,45,40,37,39,40,41,48,36,
大園,2025/01/09 00:00:00,WIND_DIREC,55,40,42,34,43,44,58,60,53,57,51,40,45,42,43,45,47,45,42,39,39,43,51,31,
大園,2025/01/09 00:00:00,WIND_SPEED,4.9,5.8,4.7,5.2,4.5,4.1,4.4,4.8,5.2,5,6.3,7.4,6.8,7.4,7.3,7.1,7.1,6.9,6.6,6.6,7.6,7.5,5.9,8.9,
大園,2025/01/09 00:00:00,WS_HR,4.2,4.7,4.2,4.8,5,3.9,4,4.5,5,5,5.4,6.5,6.4,5.8,6.4,7.2,6.4,7,7.3,6.8,6.2,6.6,5.7,7.2,
大園,2025/01/10 00:00:00,AMB_TEMP,12.3,12.2,12.1,11.9,12,11.3,11.1,11.5,11.5,11.5,11.5,11.5,11.5,11.7,11.7,11.9,12,12.1,12.6,12.6,12.7,12.7,12.8,12.6,
大園,2025/01/10 00:00:00,CO,0.15,0.14,0.18,0.18,0.19,0.21,0.19,0.2,0.22,0.23,0.23,0.24,0.23,0.22,0.22,0.21,0.23,0.23,0.2,0.19,0.2,0.18,0.17,0.16,
大園,2025/01/10 00:00:00,NO,1,0,0.3,0,0.3,0.9,1.3,1.2,1.5,2.9,1.4,2,2.1,1.8,2.3,2.2,2.2,1.7,1.7,1.1,0.3,0,0,0,
大園,2025/01/10 00:00:00,NO2,3.9,6.4,8.3,6.6,6.9,7.9,8.4,8.6,9.9,11.8,10.4,13.5,12.6,14.5,17,19.2,19.6,17,16.5,11.8,12.4,11.7,11.1,11.1,
大園,2025/01/10 00:00:00,NOx,5,6.3,8.7,6.7,7.3,8.9,9.8,9.9,11.4,14.7,11.9,15.5,14.7,16.4,19.3,21.4,21.9,18.8,18.3,12.9,12.7,11.8,11.2,11.2,
大園,2025/01/10 00:00:00,O3,41.1,38.7,33.8,33.6,32.9,30.3,31.8,31.9,28.8,25.7,28,26.7,28.9,30.6,31.9,30.3,29.4,31.2,34.5,36.7,35,36.1,35.9,35.6,
大園,2025/01/10 00:00:00,PM10,22,23,29,25,35,37,26,28,35,38,39,44,34,41,35,44,40,32,29,29,26,17,22,26,
大園,2025/01/10 00:00:00,PM2.5,9,8,8,13,10,16,12,12,11,16,15,14,13,13,14,10,9,13,13,9,7,11,8,6,
大園,2025/01/10 00:00:00,RAINFALL,0,0,0,0,0,0,0,0,0,0,0,0,0,0,0,0,0,0,0,0,0,0,0,0,
大園,2025/01/10 00:00:00,RH,62,58,60,62,61,65,67,64,64,65,65,67,65,62,61,60,62,64,63,62,61,59,59,59,
大園,2025/01/10 00:00:00,SO2,0.7,1.8,1.9,1.3,1.2,1.3,1.3,1.3,1.3,1.5,1.4,1.5,2.3,3,2.8,2,2.1,2.3,3.5,2.4,1.7,1.7,1.6,1.5,
大園,2025/01/10 00:00:00,WD_HR,34,39,36,35,33,31,32,34,33,35,33,34,40,44,58,59,63,55,46,58,64,70,65,67,
大園,2025/01/10 00:00:00,WIND_DIREC,33,37,33,35,27,32,34,34,34,37,34,41,39,47,62,62,62,46,57,56,67,62,66,67,
大園,2025/01/10 00:00:00,WIND_SPEED,9.2,7.4,8.4,6.8,9.3,8.6,6.9,7.2,7.6,7.4,7.3,6.5,5.4,5.5,5.7,5.4,4.7,5.4,5.4,5,4.6,5.4,5.5,5.2,
大園,2025/01/10 00:00:00,WS_HR,8.4,6.6,7.3,6.9,7.3,8.8,7.6,6.7,6.7,6.5,7.3,6.8,5.7,5.4,4.9,4.8,4.6,4.8,5.6,5,4.5,5,4.9,4.8,
大園,2025/01/11 00:00:00,AMB_TEMP,12.5,12.6,12.8,12.8,12.5,12.3,12.2,12.4,12.8,13.2,13.7,14,13.8,13,11.9,11.9,12.5,12.5,11.7,11.8,12.2,12.5,12.5,13.1,
大園,2025/01/11 00:00:00,CO,0.16,0.15,0.15,0.15,0.15,0.17,0.18,0.18,0.21,0.21,0.2,0.18,0.17,0.16,0.17,0.18,0.19,0.2,0.21,0.21,0.21,0.25,0.27,0.22,
大園,2025/01/11 00:00:00,NO,0.1,1.3,0.7,0.8,1,0.9,1.2,2,4.2,3.8,4.9,7.8,3.7,1.5,1.8,2,2,1.3,1.7,1.5,1.1,1.1,1.5,1,
大園,2025/01/11 00:00:00,NO2,11.4,5,6.3,5,4.5,6.7,10.5,14,23.1,18.5,16.2,18.7,9.4,4.8,8.1,10.2,12.3,8.8,7.9,7.4,4.7,13.9,19.2,8.5,
大園,2025/01/11 00:00:00,NOx,11.6,6.3,7,5.8,5.5,7.7,11.8,16,27.3,22.3,21.2,26.5,13.1,6.4,10,12.3,14.3,10.2,9.7,9,5.8,15,20.7,9.5,
大園,2025/01/11 00:00:00,O3,34.1,37.2,36.9,38.7,38.8,35.7,33.6,29.3,21.3,26.3,28.5,28.8,35.3,39.1,36.7,35.7,33.8,37.3,39.4,40.8,43.5,33.8,27.5,38.4,
大園,2025/01/11 00:00:00,PM10,18,15,16,18,18,17,17,16,21,22,25,18,17,14,15,12,16,24,21,20,21,25,32,24,
大園,2025/01/11 00:00:00,PM2.5,6,9,6,5,7,11,9,5,10,8,5,5,5,2,3,6,5,8,10,9,8,10,15,11,
大園,2025/01/11 00:00:00,RAINFALL,0,0,0,0,0,0,0,0,0,0,0,0,0,0,0,0,0,0,0,0,0,0,0,0,
大園,2025/01/11 00:00:00,RH,60,60,59,60,60,59,59,60,60,60,61,64,64,67,80,87,85,83,86,84,77,71,70,59,
大園,2025/01/11 00:00:00,SO2,1.7,0.9,1.2,1.5,1.4,1.5,1.2,1.1,1.3,1.2,1.3,1.9,1.9,1,0.9,1.7,2.1,2.1,1.1,1.3,1.1,1.9,2.4,1.5,
大園,2025/01/11 00:00:00,WD_HR,62,62,57,51,52,61,64,71,73,62,58,40,37,31,36,37,38,32,35,33,33,51,47,41,
大園,2025/01/11 00:00:00,WIND_DIREC,60,59,59,50,54,74,57,76,71,61,61,35,31,32,37,35,37,30,39,28,37,74,34,56,
大園,2025/01/11 00:00:00,WIND_SPEED,3.5,4.3,5.3,4.9,4.6,4.8,4.4,4,4,4,4.2,6.9,7,6.9,6,5.9,5.6,7.1,5.3,5.4,5.3,2.1,3.6,2.3,
大園,2025/01/11 00:00:00,WS_HR,4.3,4.4,4.7,5.4,5.1,4.5,4.2,3.7,3.5,3.8,3.7,5.8,6.1,6.7,5.8,5.2,4.6,5.4,5.6,5.3,5.4,3,2.3,2.5,
大園,2025/01/12 00:00:00,AMB_TEMP,12.7,12.3,11.8,12.2,13.2,13.1,12.6,12.7,13.5,14.2,14.6,15,15.7,16.2,15.5,15.4,15.1,14.1,13.5,13,12.9,12.6,12.6,12.9,
大園,2025/01/12 00:00:00,CO,0.26,0.23,0.27,0.28,0.18,0.18,0.19,0.21,0.22,0.22,0.26,0.24,0.23,0.18,0.19,0.2,0.2,0.23,0.29,0.3,0.35,0.34,0.29,0.33,
大園,2025/01/12 00:00:00,NO,3.3,0.6,0.5,0.5,0.2,1.7,1.5,0.7,1.4,1.9,1.8,1.8,2.1,2,1.2,1.3,1,0.8,1.5,0.6,6.1,0.3,0.6,0.6,
大園,2025/01/12 00:00:00,NO2,28.6,11.7,13.6,17,4.6,11.6,7.7,8.2,8,8.8,8.3,9,10.2,8.8,5.8,9.7,10.7,12,19.6,18.1,40.2,21.8,21,19.1,
大園,2025/01/12 00:00:00,NOx,32,12.4,14.1,17.5,4.8,13.4,9.3,9,9.4,10.8,10.1,10.8,12.3,10.9,7,11,11.8,12.8,21.1,18.7,46.4,22.2,21.7,19.7,
大園,2025/01/12 00:00:00,O3,18.5,29.4,22.9,24.1,40.9,36.5,37.9,37,37.4,38.4,42.7,46,48.3,46,53.8,51.8,50.8,50,39.3,41.2,23.6,35.8,36.5,35.4,
大園,2025/01/12 00:00:00,PM10,27,23,28,27,21,24,20,22,24,21,25,28,31,34,31,39,46,36,45,42,38,33,32,40,
大園,2025/01/12 00:00:00,PM2.5,11,16,9,10,7,6,6,11,8,14,10,13,14,11,12,10,11,11,17,17,21,15,15,14,
大園,2025/01/12 00:00:00,RAINFALL,0,0,0,0,0,0,0,0,0,0,0,0,0,0,0,0,0,0,0,0,0,0,0,0,
大園,2025/01/12 00:00:00,RH,62,64,74,73,60,58,55,54,50,48,47,46,43,31,35,34,34,38,38,40,43,44,44,44,
大園,2025/01/12 00:00:00,SO2,1.6,2,1.8,1.8,1.6,1.7,1.7,1.7,1.8,2,2.1,2.3,3.2,2.9,1.7,2.9,2.8,2.3,2,1.9,2.7,2,2,1.6,
大園,2025/01/12 00:00:00,WD_HR,80,106,104,54,27,33,32,31,31,37,36,35,37,39,33,33,33,37,67,86,92,75,82,75,
大園,2025/01/12 00:00:00,WIND_DIREC,103,115,98,27,31,34,34,33,29,43,28,42,43,31,32,31,33,54,78,94,86,77,83,78,
大園,2025/01/12 00:00:00,WIND_SPEED,2.3,1.7,1.2,4.7,4.5,4.5,3.5,3.7,4.8,3.8,5.8,3.7,3.5,5.4,6,5,5,3.2,2.6,4.2,3.4,3.1,4.1,3.8,
大園,2025/01/12 00:00:00,WS_HR,1.7,2,1.4,1.7,4.4,4.2,3.8,3.6,4,4,4.2,4.1,3.8,4.5,5.2,4.9,4.9,4.2,2.8,3.5,3.6,3,3.5,3.4,
大園,2025/01/13 00:00:00,AMB_TEMP,13.4,13.6,13.6,13.5,13.6,13.6,13.8,14.4,15.7,16.9,17.7,18.6,19.4,19.6,19.6,19.2,18.2,17,16.3,16.1,16.1,16.2,16.2,16.2,
大園,2025/01/13 00:00:00,CO,0.25,0.19,0.2,0.19,0.19,0.21,0.24,0.26,0.26,0.23,0.22,0.22,0.21,0.19,#,0.24,0.24,0.27,0.28,0.25,0.25,0.23,0.22,0.23,
大園,2025/01/13 00:00:00,NO,0.6,0.8,0.8,0.7,0.9,1,1.1,2.4,4.2,3.8,3.5,3.5,3.4,2.9,#,4,3.3,2,1.7,1.3,1.8,1.1,0.9,0.8,
大園,2025/01/13 00:00:00,NO2,18.6,5.9,7.3,6.7,7.3,9,17.4,21.4,20.6,14,12.8,11.4,12,11.1,#,18.1,18,18.8,18.5,14.9,19.4,12.5,10.2,10,
大園,2025/01/13 00:00:00,NOx,19.3,6.8,8.1,7.5,8.3,10,18.5,23.9,24.8,17.9,16.3,14.9,15.5,14,#,22.2,21.3,20.8,20.3,16.2,21.3,13.6,11.2,10.8,
大園,2025/01/13 00:00:00,O3,40,50.4,49.1,50.1,49.2,47,40.4,37.1,37.9,43.4,45.3,46.3,47,45.2,#,39.4,41.3,38.9,39.3,43.7,40,44.2,45.5,43.4,
大園,2025/01/13 00:00:00,PM10,29,34,36,29,35,32,42,44,47,45,47,41,41,37,#,40,42,38,40,36,37,28,25,32,
大園,2025/01/13 00:00:00,PM2.5,10,11,11,14,11,15,9,12,15,15,15,10,12,#,11,16,13,16,20,14,11,10,10,15,
大園,2025/01/13 00:00:00,RAINFALL,0,0,0,0,0,0,0,0,0,0,0,0,0,#,0,0,0,0,0,0,0,0,0,0,
大園,2025/01/13 00:00:00,RH,42,42,43,44,44,44,45,45,43,41,40,39,37,37,38,39,42,46,48,49,49,48,48,47,
大園,2025/01/13 00:00:00,SO2,1.6,1.2,1.2,1.3,1.2,1.3,1.5,1.7,1.5,1.3,1.3,1.4,1.4,1.2,#,0.8,1.2,1.3,1.2,1.1,1.2,1.2,1,1.1,
大園,2025/01/13 00:00:00,WD_HR,75,69,68,66,57,57,67,71,72,72,71,78,92,86,#,85,94,90,87,89,92,91,99,114,
大園,2025/01/13 00:00:00,WIND_DIREC,74,67,69,65,59,64,68,70,73,70,68,83,101,95,91,78,94,83,85,88,85,92,109,122,
大園,2025/01/13 00:00:00,WIND_SPEED,4.7,4.8,4.4,4,3.6,3.6,4.1,3.8,5.3,6.5,6.2,5.8,7.9,7.1,5.5,5.6,6.6,4.8,4.5,4.8,4.1,4.1,3.9,2.2,
大園,2025/01/13 00:00:00,WS_HR,4.3,4.8,4.6,4.1,3.7,3.7,3.8,4.1,4.4,5.3,5.8,5.8,6.4,5.5,#,5,6.1,5.1,4.9,5.1,4.4,4.2,3.6,3.2,
大園,2025/01/14 00:00:00,AMB_TEMP,16.3,16.1,16.1,15.8,15.1,14.4,13.6,13.9,16.6,19.2,20.9,21.2,20.1,19.9,19.8,19.6,18.6,17.9,17.6,16.9,16.7,16.8,17,16.9,
大園,2025/01/14 00:00:00,CO,0.26,0.24,0.24,0.21,0.24,0.25,0.32,0.46,0.58,0.53,0.4,0.38,0.33,0.31,0.28,0.32,0.27,0.28,0.3,0.36,0.44,0.42,0.39,0.31,
大園,2025/01/14 00:00:00,NO,0.9,0.9,0.8,1,1.1,1.3,1.6,4.3,12.6,11.5,6.8,5.7,3.4,2.3,2,2.3,2.4,1.5,1.3,1.1,1.2,1,1.1,1.1,
大園,2025/01/14 00:00:00,NO2,12.4,11.6,11.1,8.6,12.6,17.6,17.8,24.9,29.7,29.5,23.6,22.3,13.6,14,12.9,19.1,16.9,19.7,20.1,19.6,20.5,18.1,17.9,10,
大園,2025/01/14 00:00:00,NOx,13.4,12.5,12,9.6,13.8,19,19.5,29.2,42.4,41,30.5,28,17,16.4,14.9,21.5,19.3,21.2,21.4,20.8,21.8,19.1,19,11.1,
大園,2025/01/14 00:00:00,O3,39.4,38,38.9,40.2,33.7,25.3,20.7,12.9,13.5,24.6,36.5,43.2,56.4,65.3,66.4,61,50.7,49,46.5,40.1,31.6,31.3,33.7,45.1,
大園,2025/01/14 00:00:00,PM10,28,33,22,27,26,28,29,39,47,40,36,56,34,44,38,41,41,40,45,55,79,74,76,60,
大園,2025/01/14 00:00:00,PM2.5,20,14,12,9,17,17,15,26,23,18,18,21,18,30,17,15,15,17,22,30,39,45,45,32,
大園,2025/01/14 00:00:00,RAINFALL,0,0,0,0,0,0,0,0,0,0,0,0,0,0,0,0,0,0,0,0,0,0,0,0,
大園,2025/01/14 00:00:00,RH,48,48,49,50,53,55,58,59,54,47,40,40,46,50,46,47,57,62,77,86,87,89,88,89,
大園,2025/01/14 00:00:00,SO2,1.6,2.7,2.6,2,1.9,2.1,1.9,2,2.3,2.4,2.5,3.2,3.1,4.5,3.7,3.5,2.6,2.9,3.9,2.6,2.4,2.1,2.6,2.3,
大園,2025/01/14 00:00:00,WD_HR,115,126,146,150,161,182,204,195,189,171,164,306,322,304,322,346,351,313,267,203,203,186,248,229,
大園,2025/01/14 00:00:00,WIND_DIREC,121,141,140,156,164,193,197,190,181,177,236,328,315,332,322,349,357,248,282,231,214,215,249,218,
大園,2025/01/14 00:00:00,WIND_SPEED,2.4,2.1,2.4,2.2,2.3,1.7,1.9,1.8,1.8,2.1,1.4,3.5,3.1,2.6,2.4,2.6,2.2,1.7,0.8,1.2,1.6,1.8,2.1,2,
大園,2025/01/14 00:00:00,WS_HR,2.3,1.7,2.1,2.2,2.4,1.6,1.7,1.9,1.7,1.9,1.3,2.3,3,2.3,2.4,2,2.2,0.9,1.1,0.8,1.1,1.3,2.3,2.1,
大園,2025/01/15 00:00:00,AMB_TEMP,16.8,16.7,16.5,16.2,15.4,15.3,15.2,15.6,14.7,14.3,14.3,14.1,13.9,13.6,13.4,13.3,13.4,13.4,13.4,13.2,12.9,12.8,12.6,12.2,
大園,2025/01/15 00:00:00,CO,0.27,0.29,0.3,0.27,0.22,0.27,0.24,0.32,0.48,0.43,0.34,0.3,0.33,0.35,0.33,0.3,0.3,0.31,0.3,0.33,0.33,0.28,0.26,0.24,
大園,2025/01/15 00:00:00,NO,1,0.6,0.5,0.8,0.8,1,1.2,2.9,1.5,1.5,1.7,1.6,1.5,1.1,1.4,1.6,1.8,1.6,1.3,4.1,1.4,0.9,1.2,1.3,
大園,2025/01/15 00:00:00,NO2,8.1,10.5,11,9.1,8.8,22.5,16.7,20,13,12.3,11.3,8.9,8.3,8.2,9,8.9,10.4,11.2,14.2,21.1,13.8,11.6,12.4,13.4,
大園,2025/01/15 00:00:00,NOx,9.1,11.1,11.6,10,9.7,23.6,18,23,14.6,13.9,13.1,10.5,9.9,9.3,10.4,10.6,12.2,12.9,15.6,25.3,15.3,12.5,13.6,14.7,
大園,2025/01/15 00:00:00,O3,44.7,39,36.4,39.6,41.4,21.5,38.1,39.1,46.5,48.4,46.1,46.2,46,48.4,49.2,49.5,46.8,46.3,44.1,38.2,43.2,41.6,37.1,33,
大園,2025/01/15 00:00:00,PM10,58,60,63,46,32,24,33,58,96,103,81,76,79,81,81,72,66,61,59,59,68,56,55,43,
大園,2025/01/15 00:00:00,PM2.5,24,25,28,27,18,14,14,29,55,59,39,31,41,39,34,33,30,25,20,23,26,23,17,14,
大園,2025/01/15 00:00:00,RAINFALL,0,0,0,0,0.5,0.5,1,0,0.5,0,0,0,0,0,0,0,0,0,0,0,0,0,0,0,
大園,2025/01/15 00:00:00,RH,90,90,91,91,89,90,91,87,85,84,83,81,77,73,72,70,68,68,67,66,64,62,61,61,
大園,2025/01/15 00:00:00,SO2,2.3,0.8,0.8,0.8,0.9,0.8,1.3,1.7,1.6,1.4,1.1,1,1,0.9,0.9,1,1.1,1.4,2,2.1,1.7,1.6,2,1.7,
大園,2025/01/15 00:00:00,WD_HR,202,222,193,186,165,93,39,36,31,34,34,32,33,31,33,33,35,39,41,45,62,59,61,67,
大園,2025/01/15 00:00:00,WIND_DIREC,214,218,185,182,114,55,37,30,32,33,34,34,33,31,34,36,36,34,39,46,59,55,59,73,
大園,2025/01/15 00:00:00,WIND_SPEED,1.8,2,2.1,1.5,1.2,2.6,6.8,7.9,9.6,8.6,7.9,9.4,8.8,9.5,8.9,8.4,7.1,7.4,7.1,6,4.5,5.2,5.2,4.3,
大園,2025/01/15 00:00:00,WS_HR,1.6,1.9,1.8,1.6,1.5,1.4,4.4,6.3,9.1,8.3,7.9,8.9,8.7,9,8.4,8.6,7,6.4,6.5,5.5,4.6,5,4.8,4.3,
大園,2025/01/16 00:00:00,AMB_TEMP,11.9,12.1,12.3,12.3,12.2,12.2,12.5,12.9,13.2,13.5,14.1,14.8,14.1,13.8,13.1,12,11.8,12.6,12.9,13.1,13.2,13.5,13.7,14,
大園,2025/01/16 00:00:00,CO,0.21,0.18,0.18,0.17,0.16,0.16,0.17,0.19,0.18,0.17,0.18,0.18,0.15,0.15,0.17,0.2,0.23,0.23,0.24,0.27,0.32,0.27,0.22,0.2,
大園,2025/01/16 00:00:00,NO,1.3,0.8,0.7,0.6,0.9,1.1,2,3.5,4.3,5.5,4.6,6,3,2.6,2.7,2.2,2.2,2.1,1.6,1.3,2.3,1.9,1.2,1.2,
大園,2025/01/16 00:00:00,NO2,13.9,8.4,7.9,6.9,6.6,8.3,13.2,14.2,12.8,14.1,14.4,15,7.5,7.8,9.2,9.8,12,12.1,13.3,16.2,29.6,17.7,15.6,14.8,
大園,2025/01/16 00:00:00,NOx,15.3,9.2,8.7,7.6,7.5,9.4,15.2,17.8,17.1,19.7,19.1,21,10.5,10.5,11.9,12.1,14.3,14.3,15,17.5,32,19.6,16.8,16.1,
大園,2025/01/16 00:00:00,O3,33.9,38.6,41.3,42.3,42.5,37.7,32.4,30.8,30.2,31.2,28.9,29.5,35.2,36.2,35.3,34.8,32.9,34.2,31.8,27.4,13.7,25,31.2,33.5,
大園,2025/01/16 00:00:00,PM10,43,37,32,42,34,31,31,33,37,34,40,41,31,34,31,36,37,35,40,35,28,28,20,27,
大園,2025/01/16 00:00:00,PM2.5,11,11,12,13,11,8,8,11,12,11,8,5,5,8,16,15,12,12,13,14,12,9,7,9,
大園,2025/01/16 00:00:00,RAINFALL,0,0,0,0,0,0,0,0,0,0,0,0,0,0,0,0,0,0,0,0,0,0,0,0,
大園,2025/01/16 00:00:00,RH,61,60,57,57,56,58,60,57,58,58,59,57,59,59,61,67,69,66,66,67,67,66,62,57,
大園,2025/01/16 00:00:00,SO2,1.3,1.9,2.2,2,1.7,1.8,2.1,2,1.7,1.6,2,2.5,1.7,1.5,1.7,1.6,1.8,2,2.3,2.4,2.5,2.5,2.5,2.3,
大園,2025/01/16 00:00:00,WD_HR,72,65,59,60,60,61,44,53,35,35,38,38,31,30,28,28,31,36,48,64,64,65,64,56,
大園,2025/01/16 00:00:00,WIND_DIREC,71,59,58,62,60,60,36,58,32,32,39,34,28,35,28,24,33,37,75,63,65,71,66,61,
大園,2025/01/16 00:00:00,WIND_SPEED,4,5.2,5.3,4.4,3.9,4.3,6.2,4.2,7,7.1,5.9,7.6,8.5,7.7,7.2,7.6,7.7,6.1,3.4,2.2,2.4,3.3,3.7,3.7,
大園,2025/01/16 00:00:00,WS_HR,4.2,4.2,5,4.6,4,4,5,4.2,6,6.5,5.7,6,7.8,7.9,7.2,7,6.7,5.9,4.2,3,2.3,2.9,3.4,3.3,
大園,2025/01/17 00:00:00,AMB_TEMP,13.6,13.6,13.6,13.4,13.3,13.2,13.2,13.2,13.5,14.5,15.1,15.2,15.2,15.3,15.5,15.4,15.1,14.5,14,13.7,13.7,13.7,13.7,13.8,
大園,2025/01/17 00:00:00,CO,0.2,0.17,0.16,0.17,0.16,0.17,0.2,0.22,0.24,0.21,0.21,0.23,0.22,0.23,0.23,0.24,0.27,0.27,0.29,0.28,0.28,0.27,0.25,0.23,
大園,2025/01/17 00:00:00,NO,2.1,1.5,1.3,1.3,1.3,1.5,2,5.9,5.8,5.5,6.2,6,4,3.8,3.8,3.5,3.7,2.5,2.6,2,2.1,1.8,1.3,1.6,
大園,2025/01/17 00:00:00,NO2,23.6,4.7,4.2,3.8,3.6,5,12.4,20.6,18.4,13.8,14,15.4,10.7,12.2,13.1,14,16.9,19.1,23.5,22.1,21.2,13.2,14.8,14.5,
大園,2025/01/17 00:00:00,NOx,25.8,6.3,5.6,5.2,5,6.6,14.5,26.5,24.2,19.3,20.2,21.5,14.8,16.1,17,17.5,20.6,21.7,26.1,24.1,23.4,15.1,16.2,16.1,
大園,2025/01/17 00:00:00,O3,24.9,38.2,42.8,43.8,43.6,40.1,33.1,27.6,29,33.8,35.4,38.1,45.4,47,46.5,44.7,38.1,36,31.1,32.8,35.3,42.4,38.5,36.6,
大園,2025/01/17 00:00:00,PM10,36,16,19,21,19,25,28,22,29,42,57,62,63,48,42,37,37,34,31,32,28,27,26,27,
大園,2025/01/17 00:00:00,PM2.5,12,8,5,3,1,4,7,7,7,6,8,10,14,18,13,11,14,12,11,11,14,12,10,10,
大園,2025/01/17 00:00:00,RAINFALL,0,0,0,0,0,0,0,0,0,0,0,0,0,0,0,0,0,0,0,0,0,0,0,0,
大園,2025/01/17 00:00:00,RH,57,56,54,54,52,52,51,49,49,47,47,47,48,47,47,47,48,48,51,53,52,53,53,54,
大園,2025/01/17 00:00:00,SO2,2.5,1.7,1.4,1.4,1.6,1.7,2.2,2.5,3,2.6,2.7,2.4,1.9,2.1,2.9,3.1,2.4,2.3,2.5,2.3,2.6,2.4,2.1,1.9,
大園,2025/01/17 00:00:00,WD_HR,64,38,34,35,34,39,50,57,57,59,41,39,36,37,41,42,68,68,66,65,68,67,70,69,
大園,2025/01/17 00:00:00,WIND_DIREC,60,40,33,36,32,37,56,56,67,47,45,38,38,30,37,54,76,63,61,64,65,69,73,68,
大園,2025/01/17 00:00:00,WIND_SPEED,2.4,3.9,4.9,5.5,6.2,5.4,4,4.7,5.3,5.6,6.4,7.8,8,8.6,6.9,5.2,4.4,3.8,3.6,3.7,3.9,4.1,3.9,4.4,
大園,2025/01/17 00:00:00,WS_HR,2.7,3.9,4.6,4.9,5.3,4.8,4,4.3,4.5,5.1,6.1,7,7.6,7,6.2,5.9,4.3,4,3.8,3.4,4.1,4.1,4.1,4.2,
大園,2025/01/18 00:00:00,AMB_TEMP,14.2,14.3,14.3,14.5,14.8,14.8,14.9,15.4,16.8,18.1,19.5,20.4,21.1,21.1,20.5,20.2,19.6,19,18.6,18.5,18.3,17.6,17.1,16.2,
大園,2025/01/18 00:00:00,CO,0.22,0.18,0.19,0.18,0.17,0.18,0.2,0.23,0.22,0.22,0.22,0.2,0.19,0.2,0.2,0.24,0.26,0.3,0.32,0.31,0.44,0.35,0.31,0.29,
大園,2025/01/18 00:00:00,NO,1.6,0.8,1.1,0.7,0.8,1,1.1,2.9,3.4,4.2,4.6,3.5,3.4,2.9,2.8,2.8,4.4,2.1,2.1,1.1,1.4,1.7,1.1,1.2,
大園,2025/01/18 00:00:00,NO2,15.2,7.5,8.3,7.1,5.8,7.5,12,20.6,16.6,15.7,13.7,11,11.5,11.5,13.1,21.8,27.2,26.2,31.1,23.8,30.4,19.4,17.9,15.3,
大園,2025/01/18 00:00:00,NOx,16.9,8.4,9.5,7.9,6.7,8.5,13.1,23.5,20.1,20,18.3,14.5,14.9,14.5,15.9,24.7,31.7,28.4,33.2,24.9,31.8,21.2,19.1,16.5,
大園,2025/01/18 00:00:00,O3,36.9,41.8,41,43.1,44.2,40.8,37.4,31.7,35.1,37.9,39.2,41.9,41.8,41.9,39.2,32.1,24,22.6,17.8,22.9,13.9,25.9,22.5,22.6,
大園,2025/01/18 00:00:00,PM10,22,21,22,21,21,26,22,27,29,35,34,30,24,21,28,31,27,25,27,30,33,36,33,25,
大園,2025/01/18 00:00:00,PM2.5,10,11,7,9,6,7,5,9,8,11,8,6,5,6,8,8,7,7,8,9,18,13,12,13,
大園,2025/01/18 00:00:00,RAINFALL,0,0,0,0,0,0,0,0,0,0,0,0,0,0,0,0,0,0,0,0,0,0,0,0,
大園,2025/01/18 00:00:00,RH,54,56,56,55,54,55,56,56,53,52,49,46,43,41,43,44,46,49,51,51,53,58,63,74,
大園,2025/01/18 00:00:00,SO2,1.6,1,1.1,1,1,0.9,1.1,1.3,1.4,1.4,1.4,1.3,1.2,1.3,1.4,1.5,1.8,1.4,1.4,1.5,2.2,2.2,1.7,1.5,
大園,2025/01/18 00:00:00,WD_HR,69,65,62,66,71,76,65,60,72,86,92,90,100,99,103,91,97,103,90,105,288,336,233,225,
大園,2025/01/18 00:00:00,WIND_DIREC,70,60,64,57,71,76,54,54,76,89,93,95,98,98,104,86,98,106,77,150,292,115,262,102,
大園,2025/01/18 00:00:00,WIND_SPEED,4.8,3.7,3,3.2,3.7,3,2.7,3.2,4.9,6.1,5.3,3.2,3.5,3.9,2.8,2.6,2.8,2.5,1,0.3,1.6,0.6,2.1,1.2,
大園,2025/01/18 00:00:00,WS_HR,4.4,4.1,3.2,3.1,3.5,3.1,2.8,2.8,4.2,5.1,5.1,3.3,3.6,3.1,3.1,2.6,2.6,2.5,1.2,0.6,0.8,0.6,1,0.9,
大園,2025/01/19 00:00:00,AMB_TEMP,16,15.9,15.3,14.8,14.8,14.8,14.5,14,14.4,15,15.5,15.9,16.3,16.4,16.5,16.3,16.4,15.9,15.8,15.4,15.1,14.3,14.4,14.2,
大園,2025/01/19 00:00:00,CO,0.28,0.23,0.21,0.2,0.24,0.19,0.19,0.18,0.19,0.19,0.19,0.2,0.2,0.2,0.21,0.22,0.22,0.23,0.23,0.28,0.32,0.32,0.42,0.35,
大園,2025/01/19 00:00:00,NO,1.5,1.4,1,1.3,1.4,1.4,1.4,1.7,1.7,2.1,2,1.9,2,1.9,1.9,1.8,1.7,1.5,1.7,3.5,1.8,1.7,2.1,1.5,
大園,2025/01/19 00:00:00,NO2,16.7,5.2,7,6,6.3,4.8,4.1,5.3,8.3,8.8,7.2,6.9,6.6,6.2,6.3,7.4,8,9.8,10,27.1,25.2,27.9,30.1,18.3,
大園,2025/01/19 00:00:00,NOx,18.2,6.6,8.1,7.3,7.7,6.3,5.5,7,10.1,11,9.2,8.9,8.7,8.1,8.2,9.2,9.7,11.3,11.7,30.6,27,29.7,32.2,19.9,
大園,2025/01/19 00:00:00,O3,23.1,41.4,40.7,42.5,41,44.4,45.3,44.4,41.3,41.3,43.1,44.6,48.1,51.2,54.8,57.1,57.2,56.2,58.6,43.1,40.3,33.8,25.6,35.6,
大園,2025/01/19 00:00:00,PM10,30,23,19,15,18,21,20,20,21,26,29,26,23,33,30,34,30,34,32,41,36,37,39,23,
大園,2025/01/19 00:00:00,PM2.5,18,13,11,9,9,8,7,7,10,11,13,10,10,11,13,17,11,15,15,18,17,11,20,15,
大園,2025/01/19 00:00:00,RAINFALL,0.5,1,1,0.5,0,0,0,0,0,0,0,0,0,0,0,0,0,0,0,0,0,0,0,0,
大園,2025/01/19 00:00:00,RH,90,94,95,95,95,94,93,92,91,88,86,86,81,76,74,75,71,70,70,71,71,72,73,73,
大園,2025/01/19 00:00:00,SO2,1.3,0.6,0.7,1.3,1.5,1.1,0.9,0.8,0.8,0.9,0.8,0.9,1,1,1.3,1.3,1.5,1.3,1.4,2,2.8,1.8,1.7,1.3,
大園,2025/01/19 00:00:00,WD_HR,220,343,308,268,344,9,25,29,30,26,27,31,33,27,28,31,33,34,34,36,65,97,89,92,
大園,2025/01/19 00:00:00,WIND_DIREC,256,340,276,138,358,21,27,28,35,26,27,35,34,28,29,32,37,35,35,40,82,99,85,93,
大園,2025/01/19 00:00:00,WIND_SPEED,0.7,2.3,1.8,0.3,3.5,3.6,4.8,4.2,4.4,3.4,3.9,3.8,3.5,5.5,5.1,5.1,5,3.5,4.3,2.7,2.3,2.7,2.8,3.2,
大園,2025/01/19 00:00:00,WS_HR,0.2,1.5,1.7,0.5,0.5,3.9,4.1,4,3.7,4,3.9,3.6,3.6,4.2,4.8,4.3,4.5,3.6,3.8,3.2,2.3,2.8,2.8,3.1,
大園,2025/01/20 00:00:00,AMB_TEMP,13.9,13.7,13.4,13.5,13.8,13.9,13.8,14.7,16.9,18.2,19.2,19.3,18.8,18.3,17.9,17.5,17.1,16.9,16.8,16.7,16.7,16.4,16.3,16.2,
大園,2025/01/20 00:00:00,CO,0.37,0.32,0.29,0.22,0.2,0.2,0.24,0.28,0.28,0.29,0.25,0.24,0.25,0.28,0.31,0.34,0.36,0.4,0.39,0.41,0.42,0.45,0.44,0.46,
大園,2025/01/20 00:00:00,NO,26.9,1.3,0.7,0.6,0.8,0.8,1.7,3.7,4.8,4.8,3.5,2.5,1.6,1.3,1,1.2,1.1,1,0.9,0.9,1,0.9,0.7,0.9,
大園,2025/01/20 00:00:00,NO2,49.2,17.6,18.7,13.2,14.2,14.8,19.4,23.6,18.9,19.1,12.9,11,7.7,8,9,11.7,14.2,18.1,19.1,22.3,21.4,21.7,21.2,20,
大園,2025/01/20 00:00:00,NOx,76.1,18.9,19.4,13.9,15.1,15.6,21.1,27.3,23.8,23.9,16.4,13.6,9.4,9.4,10.1,12.9,15.3,19.1,20.1,23.2,22.4,22.6,22,20.9,
大園,2025/01/20 00:00:00,O3,11.8,31.3,27.8,32.8,31.6,32.7,26.2,25.2,37.3,41.5,47.8,56,65.5,72.1,76.6,78.9,78.3,77.1,71.9,67.7,67,64.6,65.3,61.2,
大園,2025/01/20 00:00:00,PM10,27,29,26,22,20,20,21,22,29,38,31,39,39,48,66,57,64,64,62,59,62,63,58,55,
大園,2025/01/20 00:00:00,PM2.5,17,15,13,10,8,7,7,9,9,13,12,13,13,24,25,29,32,33,33,27,30,33,30,32,
大園,2025/01/20 00:00:00,RAINFALL,0,0,0,0,0,0,0,0,0,0,0,0,0,0,0,0,0,0,0,0,0,0,0,0,
大園,2025/01/20 00:00:00,RH,74,75,74,74,72,68,64,61,55,51,48,47,46,47,48,49,50,50,50,51,52,53,55,56,
大園,2025/01/20 00:00:00,SO2,2.2,1.9,1.7,1.1,1.3,1.3,1.1,1.1,1.4,1.4,2,1.9,1.5,1.4,1.6,1.8,2,2.6,2.5,2.6,2.4,2.1,2.1,2.1,
大園,2025/01/20 00:00:00,WD_HR,103,98,101,108,103,93,86,72,70,60,37,30,31,31,28,31,34,45,53,49,56,60,54,55,
大園,2025/01/20 00:00:00,WIND_DIREC,103,100,102,107,93,90,79,69,65,47,41,32,30,31,29,30,36,62,57,52,62,52,55,56,
大園,2025/01/20 00:00:00,WIND_SPEED,2.9,3,3.2,3.9,3.4,3.8,3.4,3.5,4.3,4.8,3.6,8.6,9.3,9,8.4,7.6,5.9,4,3.4,3.1,3.1,2.4,3,3.5,
大園,2025/01/20 00:00:00,WS_HR,2.9,3.1,3.1,3.4,3.5,3.7,3.5,3,4.1,4.4,4.2,7.1,8.3,8.1,8.5,7.3,6.1,4.7,3.3,3,2.9,2.5,2.7,3.1,
大園,2025/01/21 00:00:00,AMB_TEMP,16.1,16.1,15.8,16,16.3,16.1,16.1,16.5,17.5,18.8,19.7,20.8,21.6,22.2,21.9,21,19.9,19,18.7,18.8,18.8,18.8,19,18.8,
大園,2025/01/21 00:00:00,CO,0.45,0.35,0.36,0.34,0.29,0.33,0.34,0.37,0.4,0.36,0.35,0.33,0.32,0.3,#,#,0.35,0.38,0.34,0.31,0.28,0.27,0.26,0.24,
大園,2025/01/21 00:00:00,NO,0.7,0.8,1,1.1,1,1.1,1.2,1.9,2.9,2.9,2.9,3.1,2.5,2.4,#,#,1.2,0.7,0.4,0,0.3,0,0.1,0.2,
大園,2025/01/21 00:00:00,NO2,21.7,11.1,16.2,14.6,12.1,13.8,16.7,18.4,23.6,20,17.5,15.6,14.7,15.7,#,#,18,19.6,17.8,12,10.1,9.8,9.1,8.1,
大園,2025/01/21 00:00:00,NOx,22.5,12,17.2,15.8,13.1,14.9,17.9,20.4,26.5,22.9,20.4,18.7,17.3,18.2,#,#,19.2,20.3,18.3,12,10.4,9.7,9.3,8.3,
大園,2025/01/21 00:00:00,O3,58.5,67.5,59.2,60.6,63.3,60,60.3,58.5,56.1,60.3,61.7,63.2,64.4,62.5,62.3,59.5,59.5,56.2,56.1,58.5,58.8,57.1,56.3,55.8,
大園,2025/01/21 00:00:00,PM10,48,44,49,50,45,45,56,54,64,64,60,51,55,53,45,#,60,52,50,49,50,34,32,34,
大園,2025/01/21 00:00:00,PM2.5,29,29,26,25,25,27,30,29,32,29,27,26,23,22,#,26,24,27,29,25,21,19,21,12,
大園,2025/01/21 00:00:00,RAINFALL,0,0,0,0,0,0,0,0,0,0,0,0,0,0,0,0,0,0,0,0,0,0,0,0,
大園,2025/01/21 00:00:00,RH,57,57,58,57,55,55,56,55,54,51,48,46,44,42,43,46,49,51,53,54,54,54,54,56,
大園,2025/01/21 00:00:00,SO2,2.2,2.2,2.4,2.6,2,2.2,2.2,2.2,2.5,1.9,1.8,1.7,1.8,1.9,1.8,1.7,2,2,1.9,1.6,1.4,1.5,1.5,1.4,
大園,2025/01/21 00:00:00,WD_HR,62,61,53,53,57,60,56,58,64,67,64,68,77,86,73,84,97,96,97,105,112,114,114,114,
大園,2025/01/21 00:00:00,WIND_DIREC,59,62,55,59,60,54,58,63,68,61,63,71,81,90,70,91,95,93,103,110,113,113,112,113,
大園,2025/01/21 00:00:00,WIND_SPEED,2.9,3.2,3,3.7,3.6,3.4,4.1,4.7,4.6,4.6,4.5,4,5.2,6,5.4,6.5,6.7,6.8,7.4,6.7,7.8,7.6,6.9,7,
大園,2025/01/21 00:00:00,WS_HR,3,3.1,2.7,3,3.4,3.5,3.6,4.2,4.4,4.5,4.4,4.3,5,5,5,5.5,6.9,6.2,6.2,7,7.7,7.3,6.6,6.6,
大園,2025/01/22 00:00:00,AMB_TEMP,19,19.2,19.2,19.4,19.2,19.1,18.5,18.3,19,20,21.1,20.8,20.4,20.4,19.7,18.8,18.1,17.9,17.4,16.7,16.6,16.6,16.6,16.7,
大園,2025/01/22 00:00:00,CO,0.23,0.24,0.23,0.23,0.23,0.24,0.29,0.47,0.52,0.55,0.57,0.69,0.68,0.63,0.42,0.44,0.49,0.57,0.42,0.34,0.29,0.28,0.32,0.3,
大園,2025/01/22 00:00:00,NO,0,0.9,1.3,1.1,1.4,1.6,1.3,1.8,7.2,12.6,8.1,7.9,10.8,9.3,3.2,3.8,2.9,2.4,1.9,1.6,1.6,1.7,1.6,1.4,
大園,2025/01/22 00:00:00,NO2,7.1,8.7,9,7.1,7.2,9.2,14.1,19.4,36.9,41.3,34.4,40,44,39.6,22.4,27.6,22.2,29.4,21.1,13.1,14.5,14.6,11.6,11.4,
大園,2025/01/22 00:00:00,NOx,7.2,9.7,10.3,8.3,8.6,10.8,15.5,21.2,44.2,53.9,42.5,47.9,54.8,49,25.6,31.4,25.2,31.9,23.1,14.8,16.2,16.4,13.3,12.9,
大園,2025/01/22 00:00:00,O3,56.7,54.4,52.1,54.6,52.4,46.8,39.5,27.9,14.8,16,28.1,26.4,22.7,30.9,45.4,34.7,40.9,31.8,34.8,45.3,38.9,37.1,40,36.8,
大園,2025/01/22 00:00:00,PM10,39,21,27,26,21,28,26,49,48,50,51,94,105,105,64,66,78,97,74,57,50,44,48,57,
大園,2025/01/22 00:00:00,PM2.5,14,16,13,16,12,12,11,35,22,21,26,51,60,60,42,37,46,60,39,23,23,19,21,17,
大園,2025/01/22 00:00:00,RAINFALL,0,0,0,0,0,0,0,0,0,0,0,0,0,0,0,0,0,0,0,0,0,0,0,0,
大園,2025/01/22 00:00:00,RH,55,55,55,55,56,55,57,59,58,56,52,56,60,61,61,66,79,86,90,92,93,94,94,94,
大園,2025/01/22 00:00:00,SO2,1.3,1.4,1.8,1.5,1.4,1.6,1.7,1.9,2.3,2,2.5,3.9,6.5,8.6,6.2,3.7,2.2,2.6,2.2,1.6,1.6,1.6,1.4,1.4,
大園,2025/01/22 00:00:00,WD_HR,115,115,119,118,114,130,175,191,144,143,161,317,311,317,302,349,4,294,296,0,26,23,355,281,
大園,2025/01/22 00:00:00,WIND_DIREC,118,116,115,114,116,159,195,157,146,125,328,313,324,300,306,2,12,271,320,27,22,16,349,273,
大園,2025/01/22 00:00:00,WIND_SPEED,6.6,5.5,5.1,5.5,3.6,2.3,1.7,1.4,1.4,1.2,1.2,1.5,1.8,2,1.5,2.4,2.4,2.3,2.6,2,2.3,1.3,0.9,0.4,
大園,2025/01/22 00:00:00,WS_HR,7,5.8,4.1,5.4,4.7,2.5,1.9,1.4,1.1,1.4,0.5,1.3,1.7,2.1,2.1,1.4,1.3,0.9,2.1,2.2,1.8,1.7,1.1,0.1,
大園,2025/01/23 00:00:00,AMB_TEMP,16.7,16.7,16.2,16,15.9,16,16.2,16,16,16.4,16.7,17.2,17.5,17.4,17.5,17.1,16.6,16.4,16.5,16.6,16.5,16.5,16.5,16.7,
大園,2025/01/23 00:00:00,CO,0.31,0.28,0.26,0.2,0.19,0.19,0.19,0.23,0.27,0.23,0.24,0.26,0.24,0.21,0.22,0.22,0.22,0.21,0.22,0.21,0.19,0.19,0.18,0.19,
大園,2025/01/23 00:00:00,NO,1.5,0.7,0.3,0.3,0.8,1.2,1.4,1.1,2.2,2.1,1.6,1.7,1.7,1.7,1.8,1.4,1.1,1.5,1.3,1.1,0.7,0.8,0.5,0.7,
大園,2025/01/23 00:00:00,NO2,11.7,9.9,8.4,7.2,7.4,9.9,13.8,12.7,16.9,14.9,10.5,9.3,9.1,9.7,8.3,9.9,11.6,12.9,15.2,13.8,10.1,11.3,9.9,14.9,
大園,2025/01/23 00:00:00,NOx,13.3,10.6,8.8,7.5,8.2,11.1,15.3,13.9,19.1,17.1,12.1,11,10.9,11.4,10.1,11.3,12.8,14.5,16.6,15,10.9,12.2,10.5,15.7,
大園,2025/01/23 00:00:00,O3,32.6,34.2,36.9,38,36.5,35.8,33.2,35.8,31.3,36.1,43.2,47.4,48,47.5,48.8,47.2,45.8,42.1,39,38,39.6,35.5,33.4,31.9,
大園,2025/01/23 00:00:00,PM10,48,61,52,38,29,24,25,20,24,25,24,23,20,31,22,27,27,25,21,24,32,29,33,36,
大園,2025/01/23 00:00:00,PM2.5,22,27,29,15,19,18,18,9,9,14,11,9,8,6,9,15,11,11,8,7,11,12,15,10,
大園,2025/01/23 00:00:00,RAINFALL,0,0,0,0,0,0,0.5,0,0,0,0,0,0,0,0,0,0,0,0,0,0,0,0,1,
大園,2025/01/23 00:00:00,RH,94,95,95,95,95,94,94,94,94,93,91,89,87,87,86,88,89,91,91,91,91,92,93,94,
大園,2025/01/23 00:00:00,SO2,1.4,1.2,1.1,1.1,1,1.1,1.1,0.9,1.1,1,0.9,1,1.2,1.2,1.2,1.2,1.3,1.2,1.2,1.4,1.1,1.2,1.1,1.2,
大園,2025/01/23 00:00:00,WD_HR,284,349,347,348,357,2,15,358,359,358,359,356,1,358,359,2,21,28,35,33,33,32,35,53,
大園,2025/01/23 00:00:00,WIND_DIREC,283,349,343,354,1,8,354,358,350,4,357,358,353,354,358,359,31,31,46,37,34,31,37,66,
大園,2025/01/23 00:00:00,WIND_SPEED,1.7,2.4,2.9,3,2.9,2.2,2.9,4.2,3,3.7,2.8,3.6,3.2,2.6,3.4,3.3,2.4,3.5,2.1,3,3.3,3.5,3.1,2.9,
大園,2025/01/23 00:00:00,WS_HR,0.4,1.7,2.8,2.9,2.3,2.1,2.1,3.3,2.9,3.2,3,3.4,2.7,2.1,2.2,2.8,2.7,3.1,2.7,2.9,3,3,3.1,2.8,
大園,2025/01/24 00:00:00,AMB_TEMP,16.9,17,17.3,17.3,17.1,17,16.9,16.9,17.6,18.6,18.2,18.9,18.2,17.9,17.8,17.6,17.4,17.7,18.6,18.7,18.8,18.6,18.7,18.8,
大園,2025/01/24 00:00:00,CO,0.22,0.18,0.19,0.16,0.16,0.16,0.17,0.21,0.21,0.21,0.19,0.19,0.19,0.2,0.19,0.19,0.18,0.19,0.2,0.2,0.22,0.22,0.23,0.23,
大園,2025/01/24 00:00:00,NO,2.3,1.5,1.3,0.7,0.6,1.9,1.6,2.7,3.6,3.3,2.3,2.4,1.7,1.7,1.4,1.1,1.1,1.4,1.9,1.7,5.6,3.2,1.3,2.1,
大園,2025/01/24 00:00:00,NO2,22,14.2,11,6.2,5.9,11.2,8.6,16.4,19.3,11.8,9.9,8,6.7,7.3,7.4,6.7,8,10.3,17.7,16.2,23.8,27.5,19.9,24.8,
大園,2025/01/24 00:00:00,NOx,24.4,15.7,12.3,6.9,6.5,13.1,10.2,19.2,23,15.2,12.3,10.5,8.4,9.1,8.8,7.9,9.2,11.8,19.7,18,29.5,30.7,21.3,26.9,
大園,2025/01/24 00:00:00,O3,27.1,37.9,41.3,44.4,42.6,38.1,39.4,31.3,28.4,36.5,38.7,43.5,47.7,48.3,49.1,50.1,47.7,43.1,38.3,37.4,33.3,26.8,32.4,30.8,
大園,2025/01/24 00:00:00,PM10,23,33,25,27,27,25,26,34,35,42,44,42,43,44,38,44,42,33,28,29,30,36,37,35,
大園,2025/01/24 00:00:00,PM2.5,9,10,9,12,8,9,13,10,12,15,16,19,14,16,15,21,11,17,13,12,9,14,12,16,
大園,2025/01/24 00:00:00,RAINFALL,0.5,0,0,0,0,0,0,0,0,0,0,0,0,0,0,0,0,0,0,0,0,0,0,0,
大園,2025/01/24 00:00:00,RH,94,94,93,93,94,94,94,94,95,93,93,91,91,92,92,92,93,94,91,91,90,91,90,89,
大園,2025/01/24 00:00:00,SO2,1.5,2.1,2.1,2,0.9,1,1,1.3,1.8,1.3,1.1,1.2,1.2,1.1,0.9,0.9,1,1.1,2.1,2.5,2.5,3.6,2.7,3.3,
大園,2025/01/24 00:00:00,WD_HR,44,38,32,30,30,33,36,37,35,28,23,24,19,15,23,26,27,32,36,36,42,37,48,44,
大園,2025/01/24 00:00:00,WIND_DIREC,39,46,28,29,35,32,36,39,38,23,27,23,19,13,25,25,27,34,38,37,33,34,55,39,
大園,2025/01/24 00:00:00,WIND_SPEED,4.1,4.3,4.1,4.6,4.4,5.1,4.7,3.6,4.9,5.4,5.8,6.6,7.4,6.4,8.5,7.9,7.1,6.1,5.3,4.8,6.1,5.2,3.5,3.6,
大園,2025/01/24 00:00:00,WS_HR,3.2,4,4.1,4.2,4.3,4.4,4.2,3.6,3.9,4.9,5.3,5.7,7,6.6,7.1,7.1,6.5,5,5.1,4.8,4.2,4.1,3.5,3.4,
大園,2025/01/25 00:00:00,AMB_TEMP,18.6,18.4,18.3,17.9,17.6,17.6,17.7,17.5,17.4,17.6,17.4,17.8,17.8,17.8,18,18,17.9,17.9,17.8,17.9,17.9,17.9,17.8,17.9,
大園,2025/01/25 00:00:00,CO,0.25,0.19,0.18,0.19,0.19,0.2,0.23,0.25,0.25,0.24,0.22,0.21,0.22,0.23,0.22,0.21,0.23,0.23,0.23,0.21,0.22,0.26,0.27,0.3,
大園,2025/01/25 00:00:00,NO,14.8,3.3,1.2,0.8,1.4,1.5,1.1,1.3,1.6,1.9,1.7,2.7,1.5,1.2,1.2,1.5,1.4,1.4,1.5,1.9,1.2,1.3,3,1.3,
大園,2025/01/25 00:00:00,NO2,41.6,17.3,7.4,3.8,8.6,9,9.9,7.9,9.4,10.9,9.3,10.5,9,8.1,9.3,11.3,10.3,11.5,10.2,11.2,8.6,17,22.7,19,
大園,2025/01/25 00:00:00,NOx,56.4,20.7,8.7,4.6,10.1,10.6,11,9.2,11.1,12.8,11,13.2,10.5,9.3,10.5,12.9,11.8,13,11.8,13.1,9.8,18.3,25.7,20.4,
大園,2025/01/25 00:00:00,O3,20.7,32.2,46.6,52.8,50.7,48.7,49.3,50.4,49.1,45.6,46.7,46.4,50.5,51.5,50.2,48,48.5,48.7,49.7,47.8,50.7,45.2,38.2,42.2,
大園,2025/01/25 00:00:00,PM10,44,30,40,42,34,40,42,45,42,44,42,47,42,44,42,40,46,50,49,46,45,54,53,45,
大園,2025/01/25 00:00:00,PM2.5,17,8,13,15,14,17,18,22,21,21,14,13,15,18,11,15,17,20,20,17,19,17,20,21,
大園,2025/01/25 00:00:00,RAINFALL,0,0,0,0,0,0,0,0,0,0,0,0,0,0,0,0,0,0,0,0,0,0,0,0,
大園,2025/01/25 00:00:00,RH,90,90,90,91,90,90,89,90,90,90,91,90,88,88,86,85,84,82,81,81,81,80,78,76,
大園,2025/01/25 00:00:00,SO2,4.1,3.2,1.7,0.7,0.7,1,1.3,0.8,0.8,1.1,0.8,1,1,0.9,0.9,1.2,1,1.2,1,1.1,0.9,2.1,3,2.7,
大園,2025/01/25 00:00:00,WD_HR,44,37,34,30,31,35,34,33,34,35,33,32,31,33,35,36,35,36,37,36,37,44,40,50,
大園,2025/01/25 00:00:00,WIND_DIREC,40,32,33,31,33,41,33,36,35,32,33,32,30,31,33,36,36,36,36,37,41,57,51,47,
大園,2025/01/25 00:00:00,WIND_SPEED,4.3,4.4,4.5,5.7,5.2,5,5.3,6,5.8,4.8,4.7,5.5,6.2,5.9,5.7,5.7,6,5.9,5.8,5.6,5.4,3.9,3.9,4,
大園,2025/01/25 00:00:00,WS_HR,3.4,4.5,4.7,5,5.8,5.4,5.2,5.2,5.6,5,4.6,5.1,5.6,5.5,5.8,5.6,5.8,5.7,5.3,5.6,5.5,4,4.3,3.4,
大園,2025/01/26 00:00:00,AMB_TEMP,17.7,17.5,17.5,17.2,17,17,17.3,17.4,17.6,17.8,17.5,16.3,15.9,15.8,15.8,15.6,14.5,13.5,13.4,13.6,13.6,13.2,13.3,13.3,
大園,2025/01/26 00:00:00,CO,0.33,0.26,0.24,0.21,0.21,0.21,0.22,0.2,0.2,0.17,0.19,0.2,0.14,#,0.19,0.19,0.21,0.22,0.2,0.2,0.19,0.18,0.17,0.17,
大園,2025/01/26 00:00:00,NO,1.9,0.6,1.8,1.1,0.3,0.4,0.4,1,1,1.7,0.9,0.5,0.5,#,#,1.4,1.2,1,1.2,1.2,1.6,1.3,1.1,1,
大園,2025/01/26 00:00:00,NO2,19.6,9.4,19.1,12.6,7.2,9.8,15,13.1,13.2,11.1,5.2,5.9,4.4,#,#,4,4.8,4.5,4,4.2,4.7,3.7,3.2,3.1,
大園,2025/01/26 00:00:00,NOx,21.5,10.1,20.9,13.8,7.6,10.2,15.5,14.2,14.2,12.8,6.2,6.4,5,#,#,5.5,6,5.6,5.3,5.4,6.3,5.1,4.4,4.2,
大園,2025/01/26 00:00:00,O3,39.6,47.3,43,45.7,48.9,45.1,39.6,40.4,37.7,38.1,43.5,44.5,45.1,#,46.9,46.3,46,47.4,46.7,45.6,45.2,45.1,46.3,47,
大園,2025/01/26 00:00:00,PM10,36,46,48,47,42,43,43,38,34,37,39,35,32,#,36,35,27,31,21,22,16,13,14,17,
大園,2025/01/26 00:00:00,PM2.5,23,25,21,13,13,10,12,11,8,12,8,15,#,11,14,10,14,11,14,8,6,9,8,3,
大園,2025/01/26 00:00:00,RAINFALL,0,0,0,0,0,0,0,0,0,0,0,0,#,#,0,0,0.5,1,1.5,1,1,1,0,0,
大園,2025/01/26 00:00:00,RH,72,72,72,73,71,71,69,71,68,69,72,87,88,87,86,86,89,93,94,93,92,92,91,88,
大園,2025/01/26 00:00:00,SO2,2.4,1.7,2,1.5,1,1.1,1.6,1.4,1.3,1.2,1,0.8,0.9,#,0.7,0.7,0.8,0.8,0.7,0.7,0.8,0.7,0.7,0.8,
大園,2025/01/26 00:00:00,WD_HR,49,50,43,55,57,57,55,60,61,32,19,8,21,19,24,16,0,359,5,10,13,7,13,19,
大園,2025/01/26 00:00:00,WIND_DIREC,35,52,36,67,52,49,44,58,47,31,10,14,24,13,23,2,358,1,6,13,5,3,22,21,
大園,2025/01/26 00:00:00,WIND_SPEED,5.4,3.3,4.8,3.6,3.2,2.9,3.9,3.6,2.8,4.6,6.5,6.2,7.9,6.6,6.9,7.6,7.7,6.9,6.7,5.9,4.8,7.5,5.6,5,
大園,2025/01/26 00:00:00,WS_HR,3.8,3.8,3.9,3.3,3,2.9,2.9,3.4,3.2,4.4,5.2,6.4,6.7,6.5,6.7,6.5,7.1,7.2,6.5,5.3,5.2,5.6,5.5,5.2,
大園,2025/01/27 00:00:00,AMB_TEMP,13.4,13.1,12,11.2,10.5,10.4,10.5,10.6,11.3,11.9,12.1,12.3,12.5,12.9,12.7,11.9,11.6,11.2,10.7,10.4,10.1,9.9,10,10,
大園,2025/01/27 00:00:00,CO,0.18,0.22,0.25,0.28,0.31,0.31,0.32,0.32,0.33,0.34,0.35,0.36,0.35,0.36,0.35,0.32,0.32,0.33,0.32,0.28,0.29,0.31,0.28,0.3,
大園,2025/01/27 00:00:00,NO,0.8,1,1,0.9,0.9,0.7,1,0.7,1.4,1.7,1.2,1.2,1.5,1.3,2,1.8,1.8,1.2,1.6,1.4,2,1.9,1.8,2.1,
大園,2025/01/27 00:00:00,NO2,3.2,2.8,3,3.2,3.2,3.4,4.1,4.5,6.9,6.3,5.3,5.4,5.2,5,5.8,6.8,7.6,9.8,14.4,9.8,25.4,23.3,17.4,22.2,
大園,2025/01/27 00:00:00,NOx,4,3.8,4,4.1,4.1,4.2,5.1,5.3,8.4,8,6.6,6.6,6.7,6.3,7.8,8.7,9.4,11,16.1,11.3,27.5,25.3,19.3,24.3,
大園,2025/01/27 00:00:00,O3,46.3,44.7,41.3,41.1,42.4,41.3,41.8,42.4,41.6,43.3,43.9,43.6,45.2,46.1,46.1,46.3,46.3,44.5,36.4,38.3,25.2,24.1,30,24.9,
大園,2025/01/27 00:00:00,PM10,17,16,18,17,13,14,21,21,21,30,33,36,39,39,37,36,36,37,42,39,42,45,45,45,
大園,2025/01/27 00:00:00,PM2.5,3,10,11,9,5,2,1,5,6,6,10,13,17,11,14,21,13,19,16,15,18,17,17,15,
大園,2025/01/27 00:00:00,RAINFALL,0,1,0.5,1.5,0.5,0.5,0.5,0.5,0,0,0,0,0,0,0,0,0,0,0,0,0,0,0,0,
大園,2025/01/27 00:00:00,RH,86,85,88,88,88,88,88,88,85,72,65,63,62,58,56,55,54,55,57,58,58,59,58,59,
大園,2025/01/27 00:00:00,SO2,0.7,0.8,0.7,0.7,0.9,0.9,0.9,0.8,0.8,0.8,0.9,0.9,0.9,1,1,1.3,1.4,1.5,1.4,1,1.2,1.8,1.4,1.6,
大園,2025/01/27 00:00:00,WD_HR,11,8,8,9,4,16,18,26,25,22,25,28,29,35,38,38,40,57,84,78,85,84,82,86,
大園,2025/01/27 00:00:00,WIND_DIREC,9,3,7,8,6,24,21,33,13,22,24,30,28,33,47,40,46,73,87,68,90,85,85,88,
大園,2025/01/27 00:00:00,WIND_SPEED,6.9,6,7.2,6.3,6.5,5.4,4.7,4.1,3.9,6.1,6.2,5.8,6.6,5.7,4.7,5.2,4.4,3,3.7,3.4,3,3.3,3.4,3.4,
大園,2025/01/27 00:00:00,WS_HR,6.1,5.8,6.6,6.8,6.7,5.1,4.3,4.6,3.7,4.6,5.8,5.5,6.3,5.8,5.4,5.5,4.8,3.3,3.5,3.5,2.9,3,3,3.3,
大園,2025/01/28 00:00:00,AMB_TEMP,9.8,9.5,9.5,9.6,9.4,9.6,9.6,10.3,11.7,13.4,14.7,15.7,15.2,14.9,15.2,14.7,14.1,13.5,13.1,12.6,12.2,12,11.7,11.7,
大園,2025/01/28 00:00:00,CO,0.3,0.26,0.24,0.25,0.24,0.23,0.23,0.25,0.26,0.23,0.22,0.19,0.17,0.17,0.17,0.18,0.17,0.18,0.2,0.21,0.24,0.21,0.2,0.21,
大園,2025/01/28 00:00:00,NO,5.1,1.4,1.4,1.5,1.4,1.5,1.6,2.8,6.1,3.5,3,2.6,2.1,1.6,1.7,1.9,2.3,1.8,1.5,1.6,1.8,1.9,1.8,1.7,
大園,2025/01/28 00:00:00,NO2,34.2,12.9,11.2,11,11.5,11.4,11.3,18.2,19.4,9.2,7.6,6.6,3.8,3,3.1,3.8,5.2,7,8.3,12.1,23,17.9,17.2,16.3,
大園,2025/01/28 00:00:00,NOx,39.4,14.3,12.6,12.5,13,12.9,13,21,25.5,12.8,10.7,9.2,6,4.7,4.9,5.8,7.6,8.8,9.8,13.8,24.8,19.8,19.1,18,
大園,2025/01/28 00:00:00,O3,14.6,27.7,30.5,29.9,28.6,29.5,29.8,24.4,27.1,38.1,41.7,43.9,45.4,47,46.4,45.6,44.6,43.5,42.5,36.9,29.2,33.1,31.6,33.4,
大園,2025/01/28 00:00:00,PM10,40,41,42,43,33,37,36,33,34,35,36,38,40,41,43,38,33,36,28,39,35,34,40,36,
大園,2025/01/28 00:00:00,PM2.5,17,16,15,14,11,9,12,14,15,10,10,7,x,7,13,9,9,9,17,17,8,10,15,11,
大園,2025/01/28 00:00:00,RAINFALL,0,0,0,0,0,0,0,0,0,0,0,0,0,0,0,0,0,0,0,0,0,0,0,0,
大園,2025/01/28 00:00:00,RH,60,61,61,61,60,58,57,55,53,50,47,45,47,48,46,50,51,51,52,53,53,53,54,52,
大園,2025/01/28 00:00:00,SO2,2,1.7,1.4,1.6,1.7,1.2,1.2,1.6,2,1.5,1.6,1.6,1.3,1.1,1.1,1.1,1.2,2.2,1.5,1.5,2.1,2.2,2.2,2.1,
大園,2025/01/28 00:00:00,WD_HR,87,96,103,98,103,94,85,87,89,74,80,58,30,29,29,32,36,37,61,58,68,63,68,68,
大園,2025/01/28 00:00:00,WIND_DIREC,91,97,101,100,100,92,78,86,79,76,82,31,28,32,27,33,38,52,64,67,66,65,69,63,
大園,2025/01/28 00:00:00,WIND_SPEED,3.6,2.8,3,3.2,2.9,3.4,2.6,3,3.9,4.7,4.9,5.6,8.3,8.1,8.8,8.1,6.3,4,3.2,3.3,2.7,3.3,2.6,3,
大園,2025/01/28 00:00:00,WS_HR,3,3.1,2.9,3.2,3.1,3.3,2.9,3,3.7,3.9,4.8,4,7.6,7.8,7.4,7.5,6.4,5.4,3.6,3,2.9,3,2.9,3,
大園,2025/01/29 00:00:00,AMB_TEMP,11.7,11.9,11.8,12.1,11.9,11.8,11.9,12.2,13.7,15,16,16.9,17.4,17.5,17.6,17,16,14.8,14.2,14.2,14.3,14.1,13.9,13.8,
大園,2025/01/29 00:00:00,CO,0.22,0.17,0.17,0.16,0.17,0.17,0.19,0.2,0.2,0.18,0.18,0.17,0.17,0.17,0.18,0.18,0.18,0.19,0.19,0.19,0.19,0.19,0.19,0.19,
大園,2025/01/29 00:00:00,NO,2.3,0.5,0.5,0.4,0.7,0.5,0.9,1.1,2.2,1.8,1.4,1.1,1.1,1.3,1.6,1.8,1.4,0.8,0.5,0.8,0.8,0.5,0.6,1,
大園,2025/01/29 00:00:00,NO2,18.6,6,6.1,5.3,4.9,6.1,10.2,12.2,11,7.3,5.8,4.7,5,4.8,6.6,6.8,6.9,7.1,7.4,6.7,8.3,7.4,8.7,10.4,
大園,2025/01/29 00:00:00,NOx,21,6.5,6.6,5.8,5.6,6.6,11.2,13.4,13.2,9.1,7.3,5.8,6.2,6.2,8.3,8.6,8.3,7.9,7.9,7.5,9.1,8,9.4,11.4,
大園,2025/01/29 00:00:00,O3,33.4,42,42.6,43.8,43.7,40.5,37.3,36.6,39.3,43.8,44.3,46.2,46.1,46.6,44.4,44.5,44.5,43.8,44.3,44.8,43.6,44.6,44,43.1,
大園,2025/01/29 00:00:00,PM10,41,33,27,29,26,32,32,33,30,32,28,22,26,21,23,27,25,24,25,26,22,27,30,29,
大園,2025/01/29 00:00:00,PM2.5,16,10,8,8,9,8,12,11,12,11,6,6,11,11,10,7,5,8,10,12,9,18,12,16,
大園,2025/01/29 00:00:00,RAINFALL,0,0,0,0,0,0,0,0,0,0,0,0,0,0,0,0,0,0,0,0,0,0,0,0,
大園,2025/01/29 00:00:00,RH,49,49,49,48,48,48,47,46,44,41,40,39,40,40,40,42,44,46,47,48,50,51,51,52,
大園,2025/01/29 00:00:00,SO2,2.4,1.7,1.1,1.2,1.2,1.2,1.8,2,2.1,1.6,1.1,1.2,1.2,1.3,1.4,1.4,1.3,1.3,1.2,1.3,1.3,1.3,1.3,1.6,
大園,2025/01/29 00:00:00,WD_HR,65,72,67,67,57,56,53,52,56,65,63,75,70,69,71,72,75,75,71,70,74,73,69,76,
大園,2025/01/29 00:00:00,WIND_DIREC,74,69,70,65,52,56,54,52,61,70,57,79,73,67,70,75,76,74,69,76,72,78,70,84,
大園,2025/01/29 00:00:00,WIND_SPEED,4.2,4,4.7,4.5,4,4.1,4.4,4.4,5.1,5.9,4.8,5.9,5.5,5.8,5.6,6.1,6.2,5.2,5,5.7,4.9,4.9,4.2,5.6,
大園,2025/01/29 00:00:00,WS_HR,3.1,3.3,3.6,4.4,3.8,3.7,3.9,4.3,4.6,5.3,5,5.4,5.2,5.7,5.3,5.1,5.2,5,4.7,4.9,5,4.9,4.3,4.2,
大園,2025/01/30 00:00:00,AMB_TEMP,13.9,14,13.9,13.9,14,14,13.8,14.4,16.4,18.1,19.7,21.4,21.9,22.4,22.6,22.2,21.2,19.6,18.5,18,18,18.2,18.4,18.2,
大園,2025/01/30 00:00:00,CO,0.18,0.17,0.17,0.16,0.16,0.17,0.19,0.21,0.25,0.21,0.21,0.21,0.2,0.19,0.2,0.24,0.23,0.22,0.21,0.21,0.22,0.23,0.22,0.23,
大園,2025/01/30 00:00:00,NO,1.4,0.4,0,0,0,0.1,0.1,0.5,1.1,1.3,1.4,1,0.8,0.5,0.7,1,1.7,0.8,0,0,0.3,0.3,0.1,0.1,
大園,2025/01/30 00:00:00,NO2,11.8,4.3,4.6,4.4,4.5,4.9,9.6,13.1,10.9,8.8,7.2,6.7,5.8,5.2,5.3,7.6,15,11.2,7.1,8,10.9,10.5,9.7,9.9,
大園,2025/01/30 00:00:00,NOx,13.3,4.7,4.6,4.3,4.5,5,9.8,13.6,12.1,10.2,8.6,7.7,6.7,5.7,6.1,8.7,16.7,12.1,7,8,11.3,10.8,9.9,10,
大園,2025/01/30 00:00:00,O3,43.3,47.3,46.9,45.7,45,43.5,36.1,33.9,38.7,40.2,44.6,48.3,50.4,50.9,51.1,47.4,38.7,38.8,41.5,39.9,36.6,36.3,37.9,36,
大園,2025/01/30 00:00:00,PM10,39,26,21,20,27,28,30,29,24,24,28,25,22,22,19,20,25,19,19,21,20,22,21,21,
大園,2025/01/30 00:00:00,PM2.5,17,10,10,12,10,12,13,21,17,14,12,11,8,7,8,9,11,12,9,11,13,9,8,9,
大園,2025/01/30 00:00:00,RAINFALL,0,0,0,0,0,0,0,0,0,0,0,0,0,0,0,0,0,0,0,0,0,0,0,0,
大園,2025/01/30 00:00:00,RH,52,52,52,53,53,54,56,56,51,47,43,37,34,32,32,35,40,44,47,49,49,48,48,51,
大園,2025/01/30 00:00:00,SO2,1.6,1.3,1.3,1.2,1.1,1.1,1.7,1.6,1.8,1.7,1.6,1.8,1.6,1.5,1.6,1.8,2.1,2.5,1.5,1.4,1.6,1.9,1.7,1.7,
大園,2025/01/30 00:00:00,WD_HR,83,81,91,106,116,119,128,128,118,113,108,75,49,72,82,99,100,106,113,113,114,119,118,125,
大園,2025/01/30 00:00:00,WIND_DIREC,70,89,92,112,117,128,128,133,113,107,96,83,44,68,107,105,96,115,110,106,118,114,124,121,
大園,2025/01/30 00:00:00,WIND_SPEED,3.1,3.6,2.9,3.6,4,3,2.8,2.9,4.4,4.1,2.1,2.7,3,2.5,3.4,4.8,4.5,3.7,4,4.2,2.9,3.5,3.9,3.7,
大園,2025/01/30 00:00:00,WS_HR,4.1,2.9,3,3.3,3.7,3.4,2.7,2.7,3.7,3.3,3.3,1.8,2,2,2.2,3.9,4,4.1,4,3.6,3.4,3,3.9,3.3,
大園,2025/01/31 00:00:00,AMB_TEMP,17.9,17.7,17.5,15.8,15.1,15.1,15.4,16.2,16.5,17.4,18.8,19.5,20.5,20.4,19.8,20,19.5,18.7,17.9,17.4,17.5,16.9,16.9,17.3,
大園,2025/01/31 00:00:00,CO,0.3,0.2,0.2,0.34,0.34,0.3,0.31,0.38,0.33,0.31,0.29,0.3,0.31,0.34,0.38,0.37,0.33,0.33,0.35,0.24,0.26,0.32,0.28,0.29,
大園,2025/01/31 00:00:00,NO,0,0.6,0.4,0.5,0.6,0.4,0.6,1.8,3.8,3.3,1.6,1.4,1.7,1.3,1.2,1.1,0.7,0.6,0.7,0.5,0.7,0.7,2.4,0.5,
大園,2025/01/31 00:00:00,NO2,8.6,8.8,6.2,12.5,15,11.4,11.2,14.2,16.4,13.2,9.4,8.3,9.8,8.9,8.6,8.7,8.3,9.4,11.7,9.3,11.7,13.8,19.6,16.7,
大園,2025/01/31 00:00:00,NOx,8.6,9.4,6.7,13,15.6,11.9,11.8,16.1,20.3,16.6,11.1,9.8,11.6,10.2,9.9,9.8,9.1,10.1,12.4,9.8,12.4,14.6,22.1,17.3,
大園,2025/01/31 00:00:00,O3,38.4,36.7,38.7,20.5,16.1,19.9,17.2,16,15.9,25.7,38,41.4,41.3,44.3,42.9,43.2,43.8,36.4,27.3,28.3,25.6,28.2,16.4,17.2,
大園,2025/01/31 00:00:00,PM10,20,14,14,37,45,27,23,24,41,38,35,39,29,36,46,36,29,27,25,9,23,29,28,17,
大園,2025/01/31 00:00:00,PM2.5,10,8,5,24,26,20,18,17,23,21,17,17,16,18,21,21,22,16,23,8,15,15,12,10,
大園,2025/01/31 00:00:00,RAINFALL,0,0,0,0,0,0,0,0,0,0,0,0,0,0,0,0,0,0,0,1.5,0,0.5,0.5,0.5,
大園,2025/01/31 00:00:00,RH,55,57,59,65,73,69,69,67,69,66,60,57,54,56,60,60,62,68,83,90,90,92,94,94,
大園,2025/01/31 00:00:00,SO2,1.6,1,1,1.2,1.3,1.1,0.8,0.8,1.2,1.6,1.6,1.5,1.8,1.8,1.8,2.1,1.7,1.1,0.9,0.8,1,1.1,1.9,1.6,
大園,2025/01/31 00:00:00,WD_HR,124,132,145,303,227,213,218,267,288,235,229,211,222,252,246,223,183,149,106,127,301,6,122,146,
大園,2025/01/31 00:00:00,WIND_DIREC,124,136,254,296,201,213,218,309,257,221,213,193,246,244,232,197,160,146,111,127,311,87,118,160,
大園,2025/01/31 00:00:00,WIND_SPEED,3.1,2,1.1,1.5,1.5,0.9,1,2.3,1.9,2.4,2.1,2.2,2.5,2,1.9,1.4,2.1,1.8,2.8,2.1,1.9,1.5,1.7,1.4,
大園,2025/01/31 00:00:00,WS_HR,3,2.1,1.4,1.9,1.1,1.6,1.1,1,1.9,2.3,2.5,2.4,1.8,2,2,1.6,1.7,1.9,1.9,2.7,0.7,0.7,1.9,1.8,
大園,2025/02/01 00:00:00,AMB_TEMP,17.5,17.4,17.3,17.3,17.4,17.6,17.7,17.6,18,19.1,20.6,19.4,20.2,18.7,18.3,17.9,17.9,17.6,16.7,15.9,15.6,15.4,14.9,14.7,
大園,2025/02/01 00:00:00,CO,0.3,0.21,0.21,0.18,0.18,0.18,0.2,0.27,0.2,0.2,0.32,0.23,0.19,0.2,0.17,0.16,0.19,0.31,0.26,0.26,0.22,0.21,0.21,0.19,
大園,2025/02/01 00:00:00,NO,0.8,0.4,0.7,0.4,0.5,0.4,0.5,3.3,1.5,2,6.2,2.2,1.7,1.1,1.5,1.1,0.8,1.3,1.4,0.8,1.3,1.1,1,0.8,
大園,2025/02/01 00:00:00,NO2,14.4,6.5,6.2,4.6,5,6.5,8,13.3,6,7.6,18.2,6.2,5.6,5.7,7.4,5.7,5.6,7.5,4.3,4.6,5.8,4.2,3.9,3.8,
大園,2025/02/01 00:00:00,NOx,15.2,7,7,5,5.5,7,8.6,16.7,7.6,9.7,24.4,8.5,7.3,6.9,8.9,6.9,6.4,8.8,5.7,5.5,7.2,5.3,4.9,4.6,
大園,2025/02/01 00:00:00,O3,19.1,25.6,28,25.3,22.9,22.9,21,13.7,30.2,31.3,24.2,35.8,41.7,44.6,43.4,42.4,41.6,35.1,39.8,38.7,36.3,37.3,36.4,38.4,
大園,2025/02/01 00:00:00,PM10,10,5,8,9,8,4,11,8,19,22,20,22,19,23,16,25,31,32,25,24,20,18,14,20,
大園,2025/02/01 00:00:00,PM2.5,7,5,2,0,1,1,2,6,11,11,13,13,10,14,10,13,10,15,15,5,7,4,3,8,
大園,2025/02/01 00:00:00,RAINFALL,1,0,0.5,0,0,0,0,0,0,0,0,0.5,0,0,0,0,0,0,0.5,1,0,1.5,2,0.5,
大園,2025/02/01 00:00:00,RH,94,94,94,95,94,94,94,94,94,92,89,90,89,91,92,94,94,94,95,95,95,95,95,95,
大園,2025/02/01 00:00:00,SO2,0.9,0.6,0.6,0.7,0.7,0.7,0.9,0.6,1.1,1.3,2.8,1.5,1.3,1.1,1.2,1,0.9,0.9,0.7,0.6,0.7,0.8,0.9,0.7,
大園,2025/02/01 00:00:00,WD_HR,148,151,153,147,148,152,148,85,29,21,356,6,21,8,28,32,33,33,29,31,33,30,28,30,
大園,2025/02/01 00:00:00,WIND_DIREC,151,156,150,145,148,148,145,16,25,18,1,5,5,26,36,28,31,31,28,31,34,31,32,35,
大園,2025/02/01 00:00:00,WIND_SPEED,3.9,4.3,3.7,3.4,2.4,2.5,1.9,3.7,3.6,1.1,2.3,4.3,3.6,4.9,6,5.1,6.9,8.5,8.2,6.3,7,7.1,6.5,5.8,
大園,2025/02/01 00:00:00,WS_HR,2.9,4,3.5,3.3,2.7,2.2,2.1,0.9,3.1,2,1.2,3.4,3.1,4.5,4.6,5.6,5.4,6.8,7.8,6.6,6.6,6.7,6.7,5.8,
大園,2025/02/02 00:00:00,AMB_TEMP,15.1,15.4,15.5,15,14.6,14.9,14.7,14.8,14.7,14.9,15,15.3,15.4,15.5,15.2,14.9,14.8,14.9,14.7,15,15.1,15.4,15.6,15.4,
大園,2025/02/02 00:00:00,CO,0.18,0.17,0.17,0.16,0.16,0.16,0.16,0.17,0.17,0.17,0.17,0.18,0.18,0.17,0.18,0.19,0.19,0.2,0.2,0.21,0.21,0.2,0.2,0.2,
大園,2025/02/02 00:00:00,NO,0.3,2.6,0.9,1.1,0.7,1.4,1.5,1,0.8,0.8,0.9,1.1,1,1.2,1,0.8,1,1.1,1,0.9,0.8,0.9,1,0.7,
大園,2025/02/02 00:00:00,NO2,4.1,10.5,11.1,4.6,2.7,5.5,3.7,3.1,2.7,4.1,3.9,4.2,4.1,3,3.2,3.9,4.2,4,3.4,4,4.1,4.2,4.1,4,
大園,2025/02/02 00:00:00,NOx,4.4,13.1,12.1,5.7,3.4,6.9,5.2,4.1,3.6,5,4.9,5.4,5.2,4.3,4.2,4.7,5.3,5.1,4.5,4.9,5,5.2,5.2,4.8,
大園,2025/02/02 00:00:00,O3,38.3,35.4,36.1,40,42.3,39.9,39.5,39.7,40,38.9,39.2,39.3,40.9,41.2,41.8,40.9,41,41,41,40.9,40.4,40.2,39.8,41.4,
大園,2025/02/02 00:00:00,PM10,7,13,13,14,14,19,9,17,20,15,15,16,16,19,24,33,28,25,25,19,18,15,10,20,
大園,2025/02/02 00:00:00,PM2.5,5,3,2,3,5,3,4,3,2,4,6,3,5,5,7,11,11,9,11,10,5,4,4,3,
大園,2025/02/02 00:00:00,RAINFALL,0.5,0,0.5,1,0.5,0,0,0,0,0,0,0,0,0,0,0,0,0,0,0,0.5,0,0,0,
大園,2025/02/02 00:00:00,RH,95,95,95,95,96,96,96,96,96,95,95,95,95,95,95,95,96,96,96,96,96,96,96,96,
大園,2025/02/02 00:00:00,SO2,0.8,0.8,1.5,1.3,0.6,0.7,0.7,0.6,0.6,1,0.8,0.9,0.8,0.7,0.5,0.6,0.7,0.7,0.7,0.6,0.6,0.7,0.7,0.8,
大園,2025/02/02 00:00:00,WD_HR,35,34,42,30,28,29,29,27,29,30,26,32,27,23,24,23,24,24,26,28,27,29,31,26,
大園,2025/02/02 00:00:00,WIND_DIREC,33,33,33,30,29,25,25,26,30,32,26,33,28,23,26,24,24,25,26,24,26,33,31,25,
大園,2025/02/02 00:00:00,WIND_SPEED,4.6,4.4,3.5,6,5.9,7.6,6.5,5.9,5.1,5,5.8,4.7,5.8,6.6,5.6,5.8,5.8,6.7,6.3,7.3,6.4,5.5,5.1,6.6,
大園,2025/02/02 00:00:00,WS_HR,4.3,4.2,3.1,4.7,5.3,5.9,6.2,5.9,5.6,5.5,5.7,5.1,5.4,5.7,5.5,6.2,6.2,6.3,6.4,6.2,6.3,5.2,5.1,6,
大園,2025/02/03 00:00:00,AMB_TEMP,14.8,14.5,14.5,14.4,14.2,13.9,13.4,12.5,12.1,11.9,12,12.1,11.8,11.6,11,10.6,10.9,10.7,11.4,11.7,12,11.7,11.5,11.8,
大園,2025/02/03 00:00:00,CO,0.21,0.21,0.2,0.2,0.2,0.2,0.19,0.2,0.24,0.27,0.26,0.26,#,#,0.33,0.32,0.36,0.37,0.36,0.37,0.39,0.39,0.3,0.25,
大園,2025/02/03 00:00:00,NO,0.9,0,0,0,0.2,0.2,0.2,0.6,0.7,1,0.8,0.8,#,#,#,0.7,0.6,0.6,0.6,0.5,0.4,0.4,0.8,0.2,
大園,2025/02/03 00:00:00,NO2,2.8,3,2.9,2.7,2.6,2.9,3.9,4.3,5.6,6.2,6.1,6.3,#,#,#,6.7,6.6,5.8,5.1,5,4.6,4.1,4,3.8,
大園,2025/02/03 00:00:00,NOx,3.8,3,2.9,2.7,2.8,3.2,4.1,4.9,6.3,7.3,6.9,7.2,#,#,#,7.4,7.3,6.4,5.7,5.6,5,4.5,4.9,4,
大園,2025/02/03 00:00:00,O3,45.2,46,46.6,47.3,47.8,47.7,44.2,42.7,39,36.9,37.8,#,36.6,#,38.6,#,#,#,44.6,44.7,45,43.5,43.6,44.8,
大園,2025/02/03 00:00:00,PM10,13,16,12,9,13,18,23,13,19,20,22,18,15,21,31,#,25,27,30,33,31,30,32,30,
大園,2025/02/03 00:00:00,PM2.5,5,2,2,5,6,5,6,7,6,11,11,7,11,13,#,16,27,20,21,17,19,19,17,14,
大園,2025/02/03 00:00:00,RAINFALL,0,0.5,0,0.5,0,0,1,1,0,0.5,0.5,0.5,0.5,0,0,0,0,0,0,0,0,0,0,0,
大園,2025/02/03 00:00:00,RH,96,96,97,97,97,97,96,97,96,96,96,95,96,95,95,95,94,93,91,91,91,92,93,90,
大園,2025/02/03 00:00:00,SO2,0.8,1.2,1.2,1.1,1.1,1.3,1.2,1.2,1.3,1.4,1.3,1.3,#,#,0.9,1,1,1.1,1.2,1.2,1.2,1.3,1.4,1.3,
大園,2025/02/03 00:00:00,WD_HR,25,26,27,28,31,29,24,24,24,24,26,#,24,24,19,21,23,22,28,30,29,26,30,31,
大園,2025/02/03 00:00:00,WIND_DIREC,27,25,28,32,30,31,24,25,23,24,28,#,23,22,17,22,22,24,28,31,25,27,30,32,
大園,2025/02/03 00:00:00,WIND_SPEED,7.9,6.9,6.1,5.5,5.9,6.2,7.8,8.9,8.1,8.1,6.9,#,7.2,8.8,6.9,7.2,7.8,8.3,6.9,7,7.4,7.7,6.1,7.5,
大園,2025/02/03 00:00:00,WS_HR,7.5,6.9,6,5.6,5.7,6.2,6.7,8.5,8.1,7.8,7,#,7.2,7.7,6.9,6.9,7.1,7.8,7.1,7,7,7.3,6.6,6.9,
大園,2025/02/04 00:00:00,AMB_TEMP,11.6,10.9,10.6,10.8,11,11.5,11.2,11.9,12.7,13.5,14.3,14.2,14,14,13.7,13.2,12.6,12,11.5,11.4,11,11,11.5,11.9,
大園,2025/02/04 00:00:00,CO,0.25,0.25,0.25,0.26,0.27,0.32,0.34,0.36,0.31,0.32,0.3,0.28,0.29,0.3,0.31,0.33,0.33,0.34,0.32,0.33,0.34,0.37,0.34,0.31,
大園,2025/02/04 00:00:00,NO,0.1,0.6,0.9,1.3,0.6,1,1.2,4.2,3.7,4.3,4.1,#,1.6,2.1,2,1.7,1.8,1.7,1.4,1.1,1.4,1.1,2,2,
大園,2025/02/04 00:00:00,NO2,3.2,1.9,2,6.9,5,8.3,13.2,20.5,11,12.9,9.8,#,5,5.3,5.6,5.9,7.5,8.4,11.6,13.4,18.8,15.4,20.9,19.9,
大園,2025/02/04 00:00:00,NOx,3.4,2.6,3,8.3,5.6,9.4,14.5,24.7,14.7,17.3,14,#,6.6,7.4,7.6,7.6,9.3,10.2,13.1,14.5,20.2,16.5,22.9,21.9,
大園,2025/02/04 00:00:00,O3,45.1,45.6,45.4,41,42,38.5,35.3,30.6,36.9,36.9,40.3,45.8,47.3,47.8,48.5,50.1,48.2,47.5,44.9,44.1,38,37.4,32.8,36.7,
大園,2025/02/04 00:00:00,PM10,32,32,33,38,35,51,51,57,58,54,55,52,49,48,53,54,49,46,45,54,43,42,40,34,
大園,2025/02/04 00:00:00,PM2.5,17,19,19,18,19,26,24,29,28,25,27,26,25,28,24,28,38,31,29,29,26,26,25,24,
大園,2025/02/04 00:00:00,RAINFALL,0,0,0,0,0,0,0,0,0,0,0,0,0,0,0,0,0,0,0,0,0,0,0,0,
大園,2025/02/04 00:00:00,RH,88,88,89,89,87,80,71,68,66,61,58,57,56,55,54,54,54,53,53,52,52,54,53,51,
大園,2025/02/04 00:00:00,SO2,1.3,1.1,1,1.7,1.2,1.6,1.6,2.1,1.5,1.9,2.2,1.2,1.2,1.3,1.1,1.1,1.2,1.5,2.8,1.5,1.6,1.5,1.5,1.5,
大園,2025/02/04 00:00:00,WD_HR,27,27,29,64,74,68,71,39,36,57,41,29,30,32,29,32,32,34,47,61,75,69,79,86,
大園,2025/02/04 00:00:00,WIND_DIREC,26,26,34,77,66,69,65,35,32,64,30,28,29,30,29,33,31,34,66,71,70,71,84,86,
大園,2025/02/04 00:00:00,WIND_SPEED,8.4,8.9,7.3,4,3.2,3.5,3.7,5.2,7.2,4.7,7.1,9.2,8.8,9.3,8.5,7.9,7,6,3.6,4.2,3.1,3.6,4.5,5,
大園,2025/02/04 00:00:00,WS_HR,8.2,7.9,7.2,3.5,3.2,3.3,3.5,4.6,6,4.8,4.9,8.3,8.1,7.6,8.4,7.8,6.9,5.9,4.2,3.8,3.5,3,3.9,4.7,
大園,2025/02/05 00:00:00,AMB_TEMP,12.4,12.3,12.5,12.9,12.9,12.9,13.1,13.6,14.4,15.6,16.7,17.8,18.3,18.2,17.8,16.9,16.5,16.1,15.5,15.3,15.4,15.7,16,15.9,
大園,2025/02/05 00:00:00,CO,0.29,0.28,0.27,0.26,0.25,0.25,0.26,0.28,0.28,0.26,0.27,0.24,0.24,0.24,0.24,0.26,0.29,0.3,0.31,0.31,0.27,0.25,0.24,0.24,
大園,2025/02/05 00:00:00,NO,1.6,0.8,0.9,0.9,1,1.1,1.4,2.7,3.7,3.4,3.8,3.4,3,3.2,3.1,3.1,2.3,2.5,1.5,1.3,1.4,0.8,0.6,0.9,
大園,2025/02/05 00:00:00,NO2,12.6,8.7,8.2,5.9,6.1,8.4,13.8,20.2,19,12.5,13.5,10.4,9.5,10.3,12.5,17.9,17.9,24.3,19,19.7,17.7,14.1,13,11,
大園,2025/02/05 00:00:00,NOx,14.2,9.6,9.1,6.9,7.2,9.6,15.2,23,22.8,15.9,17.4,13.9,12.5,13.6,15.6,21.1,20.2,26.8,20.6,21,19.2,14.9,13.7,12,
大園,2025/02/05 00:00:00,O3,41.2,43.3,43.1,45.6,44.8,42.3,37.9,32.1,34.2,39.4,38.2,41.4,42.1,41.1,39.1,32.7,32.4,27.1,29.1,28.5,31.1,35.2,37.3,37.1,
大園,2025/02/05 00:00:00,PM10,47,35,30,33,26,33,27,31,35,38,31,33,31,32,30,28,29,32,29,25,21,25,19,23,
大園,2025/02/05 00:00:00,PM2.5,15,17,21,22,14,11,12,10,11,13,13,14,10,13,12,8,10,11,13,12,12,8,12,10,
大園,2025/02/05 00:00:00,RAINFALL,0,0,0,0,0,0,0,0,0,0,0,0,0,0,0,0,0,0,0,0,0,0,0,0,
大園,2025/02/05 00:00:00,RH,50,51,51,50,51,50,50,49,48,46,45,42,42,42,44,46,48,50,53,54,55,55,55,57,
大園,2025/02/05 00:00:00,SO2,1.5,1.2,1,0.9,1.2,1.2,1.5,1.7,1.6,1.3,1.5,1.3,1.4,1.4,1.4,1.4,1.7,1.9,1.6,1.3,1.8,1.6,1.8,1.6,
大園,2025/02/05 00:00:00,WD_HR,70,65,67,65,58,62,62,63,66,77,83,90,77,79,74,96,91,87,100,84,48,74,88,79,
大園,2025/02/05 00:00:00,WIND_DIREC,67,64,66,64,61,65,62,60,71,86,96,89,80,83,81,99,85,94,96,21,64,73,90,84,
大園,2025/02/05 00:00:00,WIND_SPEED,4.5,3.7,5,3.9,3.9,3.9,4,4.2,4.5,5.5,6.1,5.6,5.2,4.9,4.4,4,3.6,3.6,3.8,2.3,2.2,2.7,3.7,3.5,
大園,2025/02/05 00:00:00,WS_HR,4.1,3.7,3.9,4.1,3.7,3.6,3.7,3.9,4.5,5.4,5.2,5.3,4.5,4.3,4,4.4,3.5,3.4,3.6,2.5,2.1,2.4,3.3,3,
大園,2025/02/06 00:00:00,AMB_TEMP,15.5,15.2,15.1,15.2,15.4,15.5,15.5,15.5,15.6,16.1,16.4,17.2,18.1,18.1,17.8,17.7,17.5,17.4,17.2,16.8,16.5,16.4,15.8,15.6,
大園,2025/02/06 00:00:00,CO,0.24,0.21,0.21,0.21,0.22,0.22,0.25,0.31,0.31,0.32,0.32,0.27,0.26,0.26,0.27,0.3,0.33,0.37,0.33,0.26,0.25,0.23,0.21,0.22,
大園,2025/02/06 00:00:00,NO,1.2,0.8,0.7,1,0.8,0.7,0.9,1.5,1.9,3,3.8,4,3.4,2.8,2.2,2.8,4.2,2.9,2.7,1.9,1.8,1.6,1.3,2,
大園,2025/02/06 00:00:00,NO2,13.6,5.5,5,6.1,7.2,7.7,10.2,20.7,17.2,24.2,24.3,16.8,12.3,12.8,16.7,22.4,28.9,29.8,26,18.9,21.5,15.9,7,13.6,
大園,2025/02/06 00:00:00,NOx,14.8,6.4,5.8,7.2,8,8.4,11.2,22.2,19.2,27.2,28.1,20.9,15.7,15.7,18.9,25.2,33.1,32.7,28.7,20.9,23.3,17.5,8.3,15.7,
大園,2025/02/06 00:00:00,O3,36.8,43.7,43.9,41.6,40.5,41.6,38.8,30.5,34,30.7,30.6,36.5,39.3,38.4,34.1,27.3,21.2,19.9,25.2,32.3,30.8,35.5,44.5,38.5,
大園,2025/02/06 00:00:00,PM10,16,16,11,11,9,8,8,13,14,18,22,20,18,21,16,16,20,24,20,18,16,17,16,13,
大園,2025/02/06 00:00:00,PM2.5,9,9,7,5,3,4,4,8,10,8,7,6,3,2,9,7,4,4,9,9,7,9,7,5,
大園,2025/02/06 00:00:00,RAINFALL,0,0,0,0,0,0,0,0,0,0,0,0,0,0,0,0,0,0,0,0,0,0,0,0,
大園,2025/02/06 00:00:00,RH,61,65,67,67,67,69,69,70,70,69,69,68,65,65,67,67,68,69,70,77,86,86,90,91,
大園,2025/02/06 00:00:00,SO2,1.8,1.2,1,1.3,1.2,1.3,1.2,1.5,1.2,1.9,2.1,1.9,1.6,1.5,1.4,1.5,1.5,1.6,2.5,2.1,3.7,3.4,1.5,2.5,
大園,2025/02/06 00:00:00,WD_HR,92,99,89,83,89,91,82,101,103,74,88,92,101,106,115,109,97,93,36,33,43,34,35,33,
大園,2025/02/06 00:00:00,WIND_DIREC,97,97,68,95,100,82,86,111,98,70,102,107,87,103,112,104,104,51,39,37,33,30,35,29,
大園,2025/02/06 00:00:00,WIND_SPEED,4,3.9,2.6,3.3,4,3.1,2.8,4.3,2.8,2.7,4.1,4.6,3.5,3.4,3.3,2.4,2.1,1.3,2.4,3.7,3.2,5.2,5.8,6,
大園,2025/02/06 00:00:00,WS_HR,3.8,3.7,3,2.4,2.8,3.3,2.4,3.7,3.3,2.1,3.1,3.7,4,3.3,2.9,2.3,1.5,1.6,2.1,3.1,2.8,3.5,5.2,5,
大園,2025/02/07 00:00:00,AMB_TEMP,15.7,15.5,14.8,14.5,13.7,13.4,13.2,13.3,13.4,13.2,12.9,12.5,12.9,12.2,11.7,12.5,12.6,12.2,11.9,11.8,12.1,11.8,11,10.7,
大園,2025/02/07 00:00:00,CO,0.21,0.23,0.24,0.25,0.25,0.25,0.24,0.27,0.24,0.22,0.21,0.2,0.21,0.21,0.22,0.24,0.23,0.23,0.23,0.28,0.28,0.31,0.31,0.3,
大園,2025/02/07 00:00:00,NO,1.1,1,0.9,0.9,1,0.8,1,2.4,3.1,1.6,2.2,3.2,4.9,2.2,2.2,2,2.1,2.1,1.6,1.6,1.2,1.4,1.5,1.7,
大園,2025/02/07 00:00:00,NO2,3.7,2.5,2.9,2.9,2.4,2.9,4.9,13.1,14.1,8.1,8.3,11.3,13.3,7.4,8.2,11.7,9.5,8.3,7.4,13.1,13.9,10.8,11.2,11.8,
大園,2025/02/07 00:00:00,NOx,4.8,3.6,3.9,3.9,3.4,3.8,5.9,15.6,17.2,9.8,10.5,14.5,18.2,9.6,10.4,13.8,11.7,10.4,9.1,14.8,15.2,12.3,12.8,13.6,
大園,2025/02/07 00:00:00,O3,48,47.9,47.7,47.4,47.9,46.8,44.4,37.6,37.1,40,38.9,37.4,37,41.1,41.3,39.1,41.1,40.7,41.5,37,36.2,37.3,36,34.2,
大園,2025/02/07 00:00:00,PM10,8,9,6,9,8,2,7,9,14,11,11,11,13,13,29,36,42,45,36,34,41,41,29,29,
大園,2025/02/07 00:00:00,PM2.5,4,3,2,0,1,4,5,3,2,2,2,3,5,8,12,13,14,12,16,16,20,20,16,14,
大園,2025/02/07 00:00:00,RAINFALL,0,0.5,0.5,0.5,0.5,0.5,0,0.5,0,0,0.5,0,0,0,0,0,0,0,0,0,0,0,0,0.5,
大園,2025/02/07 00:00:00,RH,93,94,96,96,96,96,96,96,95,94,95,95,93,93,92,84,73,70,72,73,71,73,87,90,
大園,2025/02/07 00:00:00,SO2,1.1,0.8,1,0.9,0.9,0.8,0.9,1.6,1.4,1.2,1,1.1,1.7,1.2,1.1,1.9,1.5,1.5,1.5,1.9,1.5,1.2,1.4,1.4,
大園,2025/02/07 00:00:00,WD_HR,29,32,33,34,29,29,34,39,36,34,33,35,34,34,34,38,36,35,36,61,66,65,60,56,
大園,2025/02/07 00:00:00,WIND_DIREC,27,36,34,32,27,33,31,35,35,36,38,37,35,34,36,37,37,34,44,66,73,59,61,58,
大園,2025/02/07 00:00:00,WIND_SPEED,6.7,5.3,5.1,7,7.2,5.9,7,6.1,6.6,6.3,6.3,7,7,9,7.9,7.7,7.5,7.2,6.2,4.7,5.6,5.4,6,6.5,
大園,2025/02/07 00:00:00,WS_HR,5.9,5.6,5.3,6.1,7.1,6.5,6.1,5.7,6.1,6.2,6.4,6.8,7.1,8.1,7.7,6.8,7.2,7.1,7.1,4.6,4.6,4.8,5.4,5.5,
大園,2025/02/08 00:00:00,AMB_TEMP,10.3,10.5,10.6,10.6,10.7,10.6,10.5,10.4,10.3,10.2,9.9,9.7,9.7,9.9,9.9,9.8,9.7,9.6,9.7,9.7,10,10.4,10.6,10.9,
大園,2025/02/08 00:00:00,CO,0.26,0.23,0.23,0.22,0.23,0.24,0.25,0.27,0.27,0.28,0.26,0.27,0.2,0.2,0.21,0.22,0.23,0.22,0.2,0.2,0.21,0.19,0.2,0.19,
大園,2025/02/08 00:00:00,NO,1.2,0.1,0,0,0,0,0.5,1.2,2.1,3.4,5,5.6,2.8,1.7,1.8,1.5,1.3,0.9,0.5,0.1,0.1,0,0.1,0,
大園,2025/02/08 00:00:00,NO2,8.1,6.2,6.9,6.2,6,7.1,9.6,13.2,18,17.1,18.2,18.8,11,12.5,13.3,12.9,13.9,12.4,11.8,9.8,12.2,10.1,9.9,8.6,
大園,2025/02/08 00:00:00,NOx,9.3,6.3,6.7,6.2,5.8,7,10.1,14.4,20.2,20.5,23.3,24.4,13.9,14.2,15.2,14.4,15.2,13.4,12.3,9.9,12.3,10.2,10.1,8.5,
大園,2025/02/08 00:00:00,O3,36.7,37.3,37,37.1,36.5,34.1,31.8,28.6,24.7,26.8,27.8,29.2,34.2,34.6,32.2,31.4,31.9,34,35.8,36,33.7,34,33.8,35.6,
大園,2025/02/08 00:00:00,PM10,32,42,42,53,62,70,63,68,76,64,55,50,33,31,34,31,41,41,34,24,31,34,21,28,
大園,2025/02/08 00:00:00,PM2.5,17,20,15,14,19,22,18,13,19,17,17,16,14,11,13,14,17,14,12,9,15,8,11,8,
大園,2025/02/08 00:00:00,RAINFALL,0,0,0,0,0,0,0,0,0,0,0,0,0,0,0,0,0,0,0,0,0,0,0,0,
大園,2025/02/08 00:00:00,RH,90,87,85,80,70,68,67,66,64,62,62,61,59,57,60,60,60,60,58,58,58,58,58,58,
大園,2025/02/08 00:00:00,SO2,1.3,1.1,1.2,1.2,1.2,0.9,1.1,1.3,1.5,2.1,2.7,3,3.1,1.9,1.8,1.3,1.6,1.2,1,0.8,1,0.9,0.9,0.8,
大園,2025/02/08 00:00:00,WD_HR,62,63,60,61,62,63,62,58,57,54,46,45,51,55,55,57,62,68,71,71,71,72,67,59,
大園,2025/02/08 00:00:00,WIND_DIREC,65,59,58,62,63,63,62,60,48,50,37,45,54,60,68,47,65,66,72,70,68,74,61,60,
大園,2025/02/08 00:00:00,WIND_SPEED,6.3,6,5.2,5.6,5.6,5.7,5.8,5.9,6.7,6.5,7.1,6.7,4.5,5.4,6.2,5.7,5.2,5,5.2,5,4.3,5.5,4.3,4.7,
大園,2025/02/08 00:00:00,WS_HR,5.9,5.5,5.3,5.3,5.1,5.1,5.5,5.7,5.4,5.8,6.1,6.4,5.2,4.9,5.2,5.2,5,5.1,4.8,4.7,4.5,4.7,4.3,4.5,
大園,2025/02/09 00:00:00,AMB_TEMP,11.1,10.7,10.5,9.6,9.4,9.7,10,10.6,11.3,11.4,12.5,12.4,12.3,12,12,12.1,12.2,12.2,12,11.8,11.7,11.9,12.1,12.3,
大園,2025/02/09 00:00:00,CO,0.19,0.18,0.19,0.18,0.18,0.21,0.22,0.22,0.23,0.26,0.22,0.24,0.21,0.21,0.22,0.22,0.21,0.23,0.21,0.22,0.26,0.25,0.24,0.2,
大園,2025/02/09 00:00:00,NO,0,1.2,1,0.9,1.1,1.4,1.5,2.4,3.3,4.1,4.2,3.7,3,2.3,2.3,2.4,2.3,1.9,1.5,1.7,1.4,1.5,1.5,1.2,
大園,2025/02/09 00:00:00,NO2,8.6,5.4,6.9,5.9,4.9,9.9,14.7,17.4,16.4,20.5,11.7,13.7,12.7,9.9,12.7,12.3,12,10.8,11.2,14.1,19.8,19.7,21.2,11.7,
大園,2025/02/09 00:00:00,NOx,8.7,6.6,8,6.9,6,11.4,16.2,19.8,19.7,24.7,16,17.5,15.7,12.3,15.1,14.8,14.3,12.8,12.8,15.9,21.2,21.2,22.8,12.9,
大園,2025/02/09 00:00:00,O3,35,35.9,34.4,35.6,35,30.9,27.5,27,29.4,22.7,31.3,30.4,35,38.8,37.2,39.5,41.2,42,41.4,36.7,30.9,32.4,30.9,36.9,
大園,2025/02/09 00:00:00,PM10,21,22,23,18,15,20,20,26,22,17,26,29,28,30,32,31,31,30,28,27,26,26,23,15,
大園,2025/02/09 00:00:00,PM2.5,6,9,9,8,8,8,6,8,8,6,8,6,6,12,13,13,13,11,8,10,9,7,9,6,
大園,2025/02/09 00:00:00,RAINFALL,0,0,0,0,0,0,0,0,0,0,0,0,0,0,0,0,0,0,0,0,0,0,0,0,
大園,2025/02/09 00:00:00,RH,58,60,63,74,87,88,87,86,82,81,69,68,68,67,65,64,64,63,63,64,64,64,63,63,
大園,2025/02/09 00:00:00,SO2,1,1.3,1.3,1.2,1.3,1.4,1.5,1.8,1.9,1.8,2.1,1.8,2.8,3.6,2.9,2.3,3.3,3,1.9,1.7,2.1,1.8,2.1,2.1,
大園,2025/02/09 00:00:00,WD_HR,64,78,77,76,73,62,67,65,73,82,60,61,38,38,52,52,44,57,65,61,69,68,68,69,
大園,2025/02/09 00:00:00,WIND_DIREC,73,76,85,78,71,64,61,70,91,50,62,55,39,39,58,41,41,62,62,65,68,70,70,71,
大園,2025/02/09 00:00:00,WIND_SPEED,5.3,3.6,4.3,3.9,3.2,2.9,3.4,2.9,3.9,4.2,4.9,4,5.8,5.7,5,6.1,7,5,4.2,3.3,3.2,3.2,3.7,4.1,
大園,2025/02/09 00:00:00,WS_HR,4.4,3.9,3.6,3.7,3.4,2.9,3,3.2,3.7,3.6,4.3,3.8,5.6,5.7,4.8,5.3,5.9,5,4.4,3.5,3.3,3.4,3.3,3.7,
大園,2025/02/10 00:00:00,AMB_TEMP,12.7,13,13.3,13.5,13.7,14.1,14.2,14.5,15.4,16.8,18,19.5,19.6,19.4,19.9,19.9,18.8,17.7,17,16.8,16.6,16.6,16.6,16.8,
大園,2025/02/10 00:00:00,CO,0.22,0.18,0.17,0.17,0.18,0.19,0.21,0.27,0.29,0.28,0.24,0.25,0.21,0.2,0.21,0.25,0.26,0.28,0.3,0.28,0.25,0.25,0.24,0.22,
大園,2025/02/10 00:00:00,NO,1.7,1.2,1,1.3,3,1.4,1.7,3.9,6.1,5.6,4.5,4.5,3.4,2.6,3.6,4.5,4,2.8,2,1.5,1.5,1.4,1.2,1.1,
大園,2025/02/10 00:00:00,NO2,19.1,7.8,5.2,5.1,13.2,10.7,12,24,21.7,13.5,9.1,12.8,7.9,8.1,10.4,17.3,14.7,18,18.7,15.9,15.3,12.8,14.9,9.9,
大園,2025/02/10 00:00:00,NOx,20.8,9,6.3,6.5,16.2,12.1,13.7,27.9,27.8,19.1,13.7,17.4,11.4,10.8,14.1,21.8,18.7,20.9,20.8,17.4,16.8,14.2,16.2,11,
大園,2025/02/10 00:00:00,O3,32.7,39.8,41.7,40.7,33.3,36.1,33.8,23.4,27,33.6,37.2,35.6,41.9,43.5,41.2,36.1,33.7,29.1,28.7,31.1,30,32.6,30.6,34.9,
大園,2025/02/10 00:00:00,PM10,15,22,17,20,24,16,22,21,27,22,18,21,22,26,32,21,23,18,18,17,17,13,17,17,
大園,2025/02/10 00:00:00,PM2.5,7,4,2,4,7,6,7,4,8,5,4,3,6,8,5,5,7,5,4,8,7,3,2,5,
大園,2025/02/10 00:00:00,RAINFALL,0,0,0,0,0,0,0,0,0,0,0,0,0,0,0,0,0,0,0,0,0,0,0,0,
大園,2025/02/10 00:00:00,RH,62,61,61,61,61,61,61,61,60,57,56,52,51,53,52,49,50,53,57,58,60,61,62,62,
大園,2025/02/10 00:00:00,SO2,2.4,2.1,1.8,1.7,2.1,2.6,2.1,2.8,3.2,2.4,1.7,1.8,2.1,2.5,2.2,1.8,2,1.8,1.9,1.8,1.8,1.7,2,1.6,
大園,2025/02/10 00:00:00,WD_HR,65,63,71,60,42,57,56,52,74,97,105,79,35,25,21,81,97,92,69,65,73,77,88,103,
大園,2025/02/10 00:00:00,WIND_DIREC,68,61,75,55,40,63,52,59,93,95,112,45,26,34,23,97,93,87,65,66,74,84,96,102,
大園,2025/02/10 00:00:00,WIND_SPEED,3.7,3.7,3.6,3,3.5,3.4,2.9,3.6,4.1,6.2,3.6,2.6,6.1,4.9,4.5,5.9,5.5,3.8,2.9,3.2,3.7,3.8,4.1,3.7,
大園,2025/02/10 00:00:00,WS_HR,3.5,3.4,3.5,2.9,2.9,3,2.9,3,3.4,5.3,4.7,2.8,3.8,4.5,4.5,4,5.7,4.3,2.9,3.2,3.2,3.4,3,3.6,
大園,2025/02/11 00:00:00,AMB_TEMP,16.7,16.5,16.2,15.4,14.6,14.8,14.7,15.3,18.7,20.8,20.7,20.1,20.8,21.5,21.2,21.3,19.9,18.8,18,18.2,17.8,17.7,17.4,17.3,
大園,2025/02/11 00:00:00,CO,0.22,0.22,0.24,0.25,0.26,0.25,0.31,0.48,0.45,0.36,#,0.43,0.5,0.33,0.33,0.33,0.28,0.4,0.46,0.34,0.3,0.28,0.28,0.29,
大園,2025/02/11 00:00:00,NO,1.6,1.4,0.6,0.4,0.8,0.6,1.3,9.3,17.2,7.9,#,13,5.8,3.2,2.3,3,2.3,2.4,1.2,0.7,0.7,0.6,0.7,0.8,
大園,2025/02/11 00:00:00,NO2,21.2,23.8,14.1,10.4,11.1,12.6,15.4,22.7,26.5,18.3,#,27.1,19.3,16.1,12.5,16.5,16,27.4,23.1,18.6,16.7,12.7,14.3,14.1,
大園,2025/02/11 00:00:00,NOx,22.8,25.2,14.7,10.8,11.9,13.2,16.8,32,43.7,26.2,#,40.2,25.1,19.3,14.8,19.6,18.4,29.8,24.3,19.4,17.4,13.3,15,15,
大園,2025/02/11 00:00:00,O3,23,22.5,28.2,27.6,22.1,20.6,17.5,10.2,14,26.3,27.8,#,45.6,53.4,56,50.1,42.4,27.3,28.1,28.1,23.4,25.9,22.1,18.6,
大園,2025/02/11 00:00:00,PM10,26,13,15,13,14,12,16,33,33,16,25,48,38,33,30,35,31,50,39,32,49,47,52,55,
大園,2025/02/11 00:00:00,PM2.5,4,2,4,8,8,7,10,12,8,4,17,19,18,15,10,14,16,16,18,19,15,21,27,20,
大園,2025/02/11 00:00:00,RAINFALL,0,0,0,0,0,0,0,0,0,0,0,0,0,0,0,0,0,0,0,0,0,0,0,0,
大園,2025/02/11 00:00:00,RH,62,63,64,66,71,71,72,72,63,55,56,58,54,53,54,53,61,71,83,86,89,91,92,93,
大園,2025/02/11 00:00:00,SO2,1.8,1.4,2.2,1.6,1.3,1.4,1.4,1.5,1.7,1.5,#,8.2,5.5,3.5,2.9,4.2,3.5,4.6,2.1,1.8,2,1.5,1.4,1.3,
大園,2025/02/11 00:00:00,WD_HR,98,95,145,166,174,175,175,167,144,149,297,301,314,351,343,349,329,327,351,253,222,220,214,231,
大園,2025/02/11 00:00:00,WIND_DIREC,99,118,162,168,175,175,175,155,149,206,305,295,325,0,328,354,325,351,351,230,221,220,219,240,
大園,2025/02/11 00:00:00,WIND_SPEED,2.9,1,0.9,0.7,0.8,1.4,0.2,1.8,2,1.5,3.3,3.1,2.9,2.6,2.1,2.2,1.8,1.8,1.2,1.8,2.9,2.5,1.9,2,
大園,2025/02/11 00:00:00,WS_HR,2.6,1.7,0.8,0.9,1.1,1,0.8,0.8,2.2,1.9,1.9,2.9,2.6,2.2,2.5,2.1,1.9,1.5,1.5,1,2.5,2.6,2.1,2,
大園,2025/02/12 00:00:00,AMB_TEMP,16.7,16.3,16.2,16,15.7,15.6,15.6,15.6,16.4,17.7,19.9,21.5,22.2,22.1,19,18.9,18.1,16.5,16.2,16.2,16.2,16.7,17.1,16.7,
大園,2025/02/12 00:00:00,CO,0.25,0.21,0.23,0.24,0.22,0.22,0.25,0.26,0.31,0.42,0.61,0.61,0.63,0.5,#,0.54,0.56,0.34,0.3,0.3,0.29,0.28,0.25,0.36,
大園,2025/02/12 00:00:00,NO,1,0,0,0.1,0.1,0,0.4,1.5,4.9,16.6,17.3,14,9.2,5,#,12.9,16.9,2,1.6,0.9,0.8,0.5,0.3,0.2,
大園,2025/02/12 00:00:00,NO2,13,8.9,11.1,9.7,7,7.5,13.1,13.7,26.8,29.1,34.1,36.6,38.2,30.9,#,41.8,40.7,23.6,18,18.9,23.4,19.3,15,13.2,
大園,2025/02/12 00:00:00,NOx,14.1,8.9,11.1,9.8,7.1,7.2,13.5,15.2,31.8,45.7,51.4,50.6,47.5,36,#,54.7,57.6,25.7,19.6,19.8,24.3,19.9,15.4,13.5,
大園,2025/02/12 00:00:00,O3,19.5,24.2,22.6,27.5,30.3,27.8,23.4,25.5,14.2,11.9,12.5,15.9,23.8,24.6,#,#,9.8,25,29.9,28.7,25.9,33.3,35,31.2,
大園,2025/02/12 00:00:00,PM10,61,57,55,52,63,77,68,46,53,85,79,67,57,51,63,#,68,36,23,24,14,15,17,20,
大園,2025/02/12 00:00:00,PM2.5,19,15,11,16,19,19,14,12,18,38,47,39,38,29,#,57,50,19,17,15,10,12,16,11,
大園,2025/02/12 00:00:00,RAINFALL,0,0,0,0,0,0,0,0,0,0,0,0,0,0,#,0,0.5,0.5,2.5,5.5,2.5,2,2,3,
大園,2025/02/12 00:00:00,RH,94,95,96,96,96,96,96,96,95,94,90,84,79,78,90,95,96,97,97,97,98,99,100,100,
大園,2025/02/12 00:00:00,SO2,1.4,0.9,1.3,1.2,1.1,1.3,1.8,1.2,1.7,3,2.2,2,1.8,1.5,#,1.9,2.5,1.9,0.9,1.4,3.5,3.6,1.4,2.3,
大園,2025/02/12 00:00:00,WD_HR,243,254,255,284,266,287,317,11,95,139,149,155,148,154,307,298,325,346,25,32,34,30,41,40,
大園,2025/02/12 00:00:00,WIND_DIREC,249,259,278,302,250,285,354,49,107,152,139,148,145,343,298,197,313,3,51,30,36,29,40,36,
大園,2025/02/12 00:00:00,WIND_SPEED,2.6,2.2,1.8,1.4,0.9,1,1.9,1.5,1.6,1.9,2.2,1.4,2.4,1.7,2.4,0.7,2.8,2.2,1.7,2.5,2.1,3.1,1.9,7,
大園,2025/02/12 00:00:00,WS_HR,2.4,2.4,1.9,1.3,1,0.9,1.3,1.5,0.7,1.3,2.2,1.9,2,0.9,2.3,0.6,2,1.5,1.8,1.8,2.2,2.8,2.2,4.8,
大園,2025/02/13 00:00:00,AMB_TEMP,15.4,14.9,14.6,14.3,13.9,13.6,13.2,12.9,12.9,13.3,14.5,14.9,15.1,15,14.6,14.5,14.5,14.5,14.4,14.5,14.7,14.9,15.3,15.6,
大園,2025/02/13 00:00:00,CO,0.39,0.41,0.44,0.46,0.46,0.4,0.47,0.49,0.52,0.46,0.44,0.32,0.3,0.3,0.3,0.29,0.26,0.27,0.26,0.25,0.24,0.23,0.21,0.19,
大園,2025/02/13 00:00:00,NO,0.1,0.5,0.7,1,0.6,0.6,5.9,2.2,2.8,3.3,7.1,8.2,5.3,2.9,2.5,2.3,1.8,1.6,1.5,1.6,1.1,1.2,1.2,0.8,
大園,2025/02/13 00:00:00,NO2,7.2,6.2,7.8,9.1,9.2,8.7,14.7,15.9,20.6,19.2,26.2,22.6,16.9,11.8,12.7,12.6,10.5,12.6,15.7,17,15.5,12.9,10.7,8.6,
大園,2025/02/13 00:00:00,NOx,7.3,6.8,8.6,10.2,9.8,9.4,20.6,18.2,23.4,22.5,33.3,30.8,22.2,14.7,15.3,15,12.3,14.3,17.3,18.6,16.7,14.2,11.9,9.4,
大園,2025/02/13 00:00:00,O3,33.2,33.6,32.4,30.1,28.6,29.3,29.8,30.7,28.1,30.6,26.4,30.8,34.6,37.9,37.3,37.2,38.1,34.8,33.2,30.9,32.2,33.5,35.6,37.4,
大園,2025/02/13 00:00:00,PM10,22,42,48,47,23,16,28,22,19,19,25,27,28,27,36,40,27,30,30,32,28,26,19,20,
大園,2025/02/13 00:00:00,PM2.5,21,28,29,33,19,11,10,9,12,10,13,17,14,17,22,19,18,12,12,17,10,11,9,8,
大園,2025/02/13 00:00:00,RAINFALL,2.5,0.5,2,1.5,2.5,4,7,5,3.5,0.5,0,0,0,0,0,0,0,0,0,0,0,0,0,0,
大園,2025/02/13 00:00:00,RH,100,100,100,100,100,100,100,100,100,100,100,97,94,97,98,99,99,98,97,96,95,93,90,90,
大園,2025/02/13 00:00:00,SO2,1.4,1.5,3.5,2.7,2.5,2.7,2.5,2.2,2.4,1.8,3.7,3.6,6.2,4.7,4.2,3.4,3.6,4.5,4.8,3.6,2.4,1.8,1.4,1.5,
大園,2025/02/13 00:00:00,WD_HR,36,37,40,47,47,55,44,57,57,57,46,37,42,41,37,38,38,39,42,51,50,56,60,55,
大園,2025/02/13 00:00:00,WIND_DIREC,43,40,39,52,40,56,46,55,60,50,38,43,45,37,40,35,40,47,47,51,58,54,57,54,
大園,2025/02/13 00:00:00,WIND_SPEED,8.1,7.3,6.2,5.8,6.1,5.2,7.6,4.9,4.8,4.3,6,7,6.9,7.6,6.8,8.1,6.9,4.9,5.7,4.3,4.4,4.1,5,4.8,
大園,2025/02/13 00:00:00,WS_HR,7.6,7,5.9,5.5,5.5,5.5,6.3,5.5,4.7,4.4,4.9,6.9,6.6,6.8,7,7.2,7.2,6.5,5.6,4.6,4.1,3.7,4.4,4.8,
大園,2025/02/14 00:00:00,AMB_TEMP,15.7,15.8,15.8,15.9,16.1,16.5,16.7,17.1,17.8,18.5,19.1,18.9,18.3,17.8,17.9,18.5,18.6,18.1,17.9,17.7,17.6,17.4,17.3,16.8,
大園,2025/02/14 00:00:00,CO,0.21,0.19,0.19,0.18,0.18,0.19,0.21,0.24,0.29,0.27,0.21,0.19,0.18,0.17,0.18,0.19,0.2,0.23,0.22,0.38,0.34,0.39,0.45,0.46,
大園,2025/02/14 00:00:00,NO,0.8,1.5,1.2,0.8,1.3,1.5,2.2,3.7,6.2,9.7,5.6,3.8,3.2,2.8,3.1,3.8,4,2.9,1.9,5.5,7.1,26.2,22.9,4.9,
大園,2025/02/14 00:00:00,NO2,8.8,5.7,5.2,4.9,5,7.8,12.3,16.7,21.4,22.8,11.9,9.2,8.9,8.3,9.4,13.8,13.6,12.8,12.9,34.1,31.6,44.9,43.3,31.6,
大園,2025/02/14 00:00:00,NOx,9.6,7.3,6.5,5.8,6.4,9.3,14.6,20.4,27.6,32.5,17.6,13.1,12.1,11.2,12.5,17.6,17.7,15.7,14.8,39.6,38.7,71.1,66.2,36.5,
大園,2025/02/14 00:00:00,O3,38.3,39.6,38.5,38.4,38.4,34.9,31.5,28.7,25.6,25.2,32.1,35.4,36.8,36.9,35.9,32.1,30.6,30.2,29.6,9.9,9.5,0.7,0.6,3.8,
大園,2025/02/14 00:00:00,PM10,20,16,21,14,21,14,18,22,26,26,25,25,15,14,16,21,21,26,19,24,26,21,18,24,
大園,2025/02/14 00:00:00,PM2.5,8,9,6,5,5,7,6,9,9,9,9,6,4,7,5,6,8,6,9,11,7,6,6,11,
大園,2025/02/14 00:00:00,RAINFALL,0,0,0,0,0,0,0,0,0,0,0,0,0,0,0,0,0,0,0,0,0,0,0,0,
大園,2025/02/14 00:00:00,RH,89,89,89,90,90,89,89,89,87,83,82,82,87,93,94,94,93,94,95,95,95,95,95,97,
大園,2025/02/14 00:00:00,SO2,1.6,1.3,1.3,1.1,1.2,1.5,1.5,1.6,2.6,3.7,2.9,1.6,1.3,0.9,1.2,4,1.7,1.5,1.2,3.2,2.2,2.9,2.7,1.5,
大園,2025/02/14 00:00:00,WD_HR,58,60,61,60,56,56,59,55,54,54,35,31,28,29,34,29,26,24,27,23,16,74,218,225,
大園,2025/02/14 00:00:00,WIND_DIREC,59,62,64,56,55,61,57,57,62,40,29,30,28,29,33,26,25,30,18,18,34,72,230,244,
大園,2025/02/14 00:00:00,WIND_SPEED,4.9,4.7,4.1,3.8,3.9,4.2,3.6,4.2,4,4,5.9,6,6.6,6.8,6.3,4.8,3.6,3.5,2.6,1,1.3,0.4,1.2,1.4,
大園,2025/02/14 00:00:00,WS_HR,4.4,4.2,4.1,3.8,4,3.7,3.4,3.6,3.6,3.4,4.7,5.8,6.2,6.6,5.4,4.3,3.9,3.1,2.7,0.7,1.4,0.4,0.8,1.1,
大園,2025/02/15 00:00:00,AMB_TEMP,16.5,16.4,16.4,16.7,16.7,16.6,16.6,17.4,18.9,18.4,19.3,19.6,19.8,20,19.9,17,15.9,15.6,15.5,15.6,15.9,16.2,16.3,16.5,
大園,2025/02/15 00:00:00,CO,0.51,0.55,0.54,0.46,0.36,0.28,0.32,0.33,0.32,0.34,0.37,0.5,0.32,0.27,0.28,0.26,0.23,0.25,0.22,0.21,0.25,0.31,0.21,0.24,
大園,2025/02/15 00:00:00,NO,3,2.6,2.2,1.8,1.6,1.2,1.8,4.1,4.8,7.5,6.3,4,3.6,3.1,2.9,2,1.4,1.7,1.5,1.6,1.6,1.4,1.6,1.3,
大園,2025/02/15 00:00:00,NO2,27.2,28.7,26,22.6,17.3,11.2,13.9,14.6,10.8,15.7,14.3,13,10.8,10.2,10.5,9.5,9.3,13.2,13.8,13.7,19.3,21.9,12.7,14.4,
大園,2025/02/15 00:00:00,NOx,30.2,31.3,28.3,24.4,19,12.5,15.8,18.8,15.6,23.3,20.6,17,14.4,13.3,13.5,11.5,10.8,14.9,15.3,15.4,20.9,23.4,14.3,15.8,
大園,2025/02/15 00:00:00,O3,4.4,2.3,1.9,2.8,8.2,15.3,9.7,13.6,19.8,22.6,30.5,45.4,43.4,45.8,48.3,50.4,50.8,41.3,37.6,37.5,28.8,23.3,36.4,34.7,
大園,2025/02/15 00:00:00,PM10,21,29,25,33,36,45,49,31,27,45,46,38,43,56,62,61,75,59,61,40,41,40,22,25,
大園,2025/02/15 00:00:00,PM2.5,10,17,19,21,23,31,34,21,17,23,26,21,19,21,23,18,18,18,19,19,14,28,16,17,
大園,2025/02/15 00:00:00,RAINFALL,0,0,0,0,0,0,0,0,0,0,0,0,0,0,0,0,0,0,0,0,0,0,0,0,
大園,2025/02/15 00:00:00,RH,97,98,99,99,99,99,100,100,97,97,95,93,92,91,91,97,99,100,100,100,100,100,100,100,
大園,2025/02/15 00:00:00,SO2,1.1,1.3,1.2,1.1,1.1,0.9,0.6,0.8,0.8,1.6,2.3,2.1,2.4,2.4,2.2,1.4,1,0.9,0.8,1.2,1.4,1.7,1.6,1.4,
大園,2025/02/15 00:00:00,WD_HR,248,224,188,218,227,179,168,156,204,323,301,312,322,322,318,323,348,357,10,26,96,13,27,62,
大園,2025/02/15 00:00:00,WIND_DIREC,222,212,188,270,190,177,156,152,286,316,282,305,304,308,326,339,352,10,16,95,95,18,32,101,
大園,2025/02/15 00:00:00,WIND_SPEED,1.4,1.1,1.6,1.5,1,1.3,1.7,1.1,1.1,2,3.3,2.6,2.2,2.2,3.6,4.4,3.1,2.1,2.2,1.9,1.5,2.8,1.9,1.1,
大園,2025/02/15 00:00:00,WS_HR,1.3,1.4,1.5,1.1,1.1,1.5,1.8,1.5,0.8,2.2,2.4,2.2,2.2,1.7,2.2,3.6,3.4,2.4,1.8,1.7,1.5,1.7,1.7,0.9,
大園,2025/02/16 00:00:00,AMB_TEMP,16.5,16.2,16.4,16.6,16.6,16.5,16.5,16.6,16.7,16.8,17.8,18.8,19.1,18.9,18.6,18.2,17.9,17.7,17.5,17.2,17,16.7,16.4,16.1,
大園,2025/02/16 00:00:00,CO,0.24,0.22,0.18,0.2,0.19,0.17,0.17,0.22,0.33,0.36,0.38,0.36,0.38,0.4,0.41,0.4,0.43,0.5,0.53,0.55,0.54,0.52,0.52,0.52,
大園,2025/02/16 00:00:00,NO,1.8,0.8,0.6,0.6,0.8,2.2,2.2,1.7,2.7,1.9,1.9,2.6,1.7,1.4,1.4,1.2,1.2,0.9,1,1,1.1,0.7,0.9,0.8,
大園,2025/02/16 00:00:00,NO2,24.4,6.3,6.7,9.2,7.3,15.7,14.2,12.9,12.9,10,10,8.8,7.3,8,8.8,9.7,10.9,13.5,15.3,14.8,18.4,16.4,19.4,22,
大園,2025/02/16 00:00:00,NOx,26.2,7.2,7.4,9.8,8.1,17.9,16.4,14.7,15.6,12,11.9,11.4,9.1,9.4,10.2,10.9,12.1,14.4,16.4,15.9,19.5,17.2,20.4,22.9,
大園,2025/02/16 00:00:00,O3,26.4,41.6,38.6,33.8,30.9,24.1,26.3,23.6,22.5,26.9,31.2,39.4,45.2,46.5,46.7,48.7,48,49.6,50.7,51.4,48,47.4,42.1,36.9,
大園,2025/02/16 00:00:00,PM10,24,19,13,13,29,26,24,42,31,22,40,35,32,36,43,43,35,43,44,48,54,42,44,47,
大園,2025/02/16 00:00:00,PM2.5,16,12,8,5,18,11,15,13,17,15,17,13,18,14,18,14,22,19,28,31,28,28,28,30,
大園,2025/02/16 00:00:00,RAINFALL,0,0,0,0,0,0,0,0,0,0,0,0,0,0,0,0,0,0,0,0,0,0,0,0,
大園,2025/02/16 00:00:00,RH,100,100,100,100,100,100,100,100,100,100,100,98,95,94,93,92,93,92,92,91,91,90,90,89,
大園,2025/02/16 00:00:00,SO2,2.1,1.7,1.3,1.3,1.2,1.3,1.4,1.3,1.3,1.2,1.3,1.4,1.5,1.4,1.5,1.4,1.5,4.3,3.3,2.2,2.8,2.1,2.1,2.1,
大園,2025/02/16 00:00:00,WD_HR,43,2,68,6,346,10,18,15,29,33,28,31,29,31,35,36,35,38,38,57,50,63,61,77,
大園,2025/02/16 00:00:00,WIND_DIREC,19,358,138,1,355,16,21,16,34,36,30,32,30,30,35,35,41,35,49,58,57,65,71,74,
大園,2025/02/16 00:00:00,WIND_SPEED,2,1.4,1,1,2.1,2.3,2,1.6,3.5,3.6,4.4,6.4,6.7,7.3,7.3,6.5,5.3,5.9,5.1,3.7,3.9,2.9,2.8,3.1,
大園,2025/02/16 00:00:00,WS_HR,1,1.7,0.5,0.3,1.5,1.2,1.3,1.3,3.1,3.8,4.2,5.2,5.7,6,6.2,6,6.3,5,5.9,3.7,3.8,3,2.4,2.5,
大園,2025/02/17 00:00:00,AMB_TEMP,16.4,16.3,16.4,16.3,16.1,16.2,16.3,16.9,18,19.1,19.5,20.2,20.3,20.3,20.2,19.6,19.1,18.3,17.9,17.7,17.7,17.7,17.4,16.4,
大園,2025/02/17 00:00:00,CO,0.46,0.38,0.36,0.34,0.33,0.33,0.32,0.35,0.38,0.37,0.35,0.36,0.35,0.36,0.42,0.47,0.49,0.49,0.47,0.45,0.44,0.47,0.47,0.4,
大園,2025/02/17 00:00:00,NO,1.1,0.1,0.2,0.4,0.3,0.1,0.2,2,3.5,3.9,2.1,2.1,1.5,1.6,1.7,1.4,1.5,0.9,0.4,0.3,0.5,0.2,0.2,1.1,
大園,2025/02/17 00:00:00,NO2,24,9.1,10.7,9,8.5,11.8,19.4,26.7,25.2,21.7,14.9,14,11.2,13.9,17.3,18.9,18.3,17.4,15.6,15.4,17.7,14.8,15.9,17,
大園,2025/02/17 00:00:00,NOx,25.2,9.3,11,9.4,8.8,11.9,19.7,28.8,28.7,25.7,17,16.1,12.8,15.6,19,20.3,19.8,18.3,16,15.8,18.3,15,16.2,18.1,
大園,2025/02/17 00:00:00,O3,43.1,50.5,49.5,51.9,52.3,49.8,45.1,39.6,43.3,48.5,55.7,59.5,63.8,64,65.4,65.4,65.2,68.8,68.3,67.5,63.1,63.3,62.2,59.7,
大園,2025/02/17 00:00:00,PM10,61,47,44,46,45,44,50,61,77,90,100,99,74,89,112,123,100,92,92,87,92,96,101,87,
大園,2025/02/17 00:00:00,PM2.5,31,27,27,22,22,28,24,21,30,27,38,33,30,34,38,48,43,49,48,46,53,56,62,49,
大園,2025/02/17 00:00:00,RAINFALL,0,0,0,0,0,0,0,0,0,0,0,0,0,0,0,0,0,0,0,0,0,0,0,0,
大園,2025/02/17 00:00:00,RH,81,73,67,64,62,58,54,51,49,47,46,44,43,43,44,46,47,49,52,53,54,56,59,66,
大園,2025/02/17 00:00:00,SO2,2.1,1.2,1.2,1.3,1.5,1.7,2,2.5,2.6,2.8,1.7,1.6,1.4,1.4,1.6,1.8,1.5,1.7,2,1.6,1.4,1.7,2.8,2.8,
大園,2025/02/17 00:00:00,WD_HR,74,72,68,68,74,69,67,68,57,64,63,60,66,64,64,58,69,63,66,67,61,59,48,37,
大園,2025/02/17 00:00:00,WIND_DIREC,79,66,77,71,72,67,66,68,48,65,56,64,62,65,58,58,63,67,67,67,56,61,34,38,
大園,2025/02/17 00:00:00,WIND_SPEED,3.6,3.2,4.3,3.8,3.8,3.8,3.9,4.2,4.9,6.2,6.5,5.5,6.8,6.5,5.4,6.1,4.8,5.9,4.9,5.5,4.7,4,6,6.7,
大園,2025/02/17 00:00:00,WS_HR,3.1,3,3.6,3.6,3.5,3.4,3.7,4.1,4.4,5.2,6.5,6,6.3,6,5.5,5.6,5.3,5.3,5,4.9,4.5,4.1,4.3,6.3,
大園,2025/02/18 00:00:00,AMB_TEMP,16.1,15,14.5,14.7,15,15.2,15.4,15.3,14.8,14.9,14.7,15.2,15.7,15.7,15.7,15.3,15,14.7,14.8,14.7,14.9,15,15,14.9,
大園,2025/02/18 00:00:00,CO,0.41,0.22,0.2,0.2,0.18,0.18,0.18,0.23,0.18,0.19,0.17,0.21,0.16,0.16,0.17,0.16,0.19,0.19,0.23,0.23,0.24,0.23,0.21,0.22,
大園,2025/02/18 00:00:00,NO,1.3,0.5,0.9,1.1,0.5,0.8,1.5,2.7,6.2,5.8,2.3,3.2,5.5,1.7,#,#,#,#,1.3,1,1.1,0.9,0.7,1,
大園,2025/02/18 00:00:00,NO2,22.4,7.4,9.6,13.3,10.6,14.8,14.5,19.5,20,21.1,12.6,16,15.1,9,#,#,#,#,13.9,16,15.3,11.7,11.4,14.1,
大園,2025/02/18 00:00:00,NOx,23.7,7.9,10.6,14.4,11.2,15.6,16,22.2,26.3,26.9,14.9,19.3,20.7,10.8,#,#,#,#,15.3,17.1,16.5,12.7,12.2,15.2,
大園,2025/02/18 00:00:00,O3,55.7,54.4,46.4,40.5,41.8,36.4,39.2,33.9,32.5,31.3,38.1,36.5,37.6,41.4,#,41.4,38.4,39.5,36.7,34.6,33.4,36.4,38.3,38,
大園,2025/02/18 00:00:00,PM10,70,38,26,21,18,19,21,25,21,22,22,29,#,21,25,24,18,13,18,11,14,10,9,13,
大園,2025/02/18 00:00:00,PM2.5,35,18,11,9,5,4,4,8,9,7,10,7,6,#,8,11,10,8,5,4,3,4,4,4,
大園,2025/02/18 00:00:00,RAINFALL,0,0,0,0,0,0,0,0,0,0,0,0,0,0,0,0,0,0,0,0,0,0,0,0,
大園,2025/02/18 00:00:00,RH,67,79,90,89,87,86,86,87,91,91,91,89,87,85,84,88,88,90,90,90,89,88,87,88,
大園,2025/02/18 00:00:00,SO2,3.3,2,2.8,3.2,2.8,2.9,4.1,3.5,2.7,2.3,1.8,2.4,2.7,2.5,4.2,2.4,3.3,3.8,4.2,3.4,3.1,2.1,1.7,2.5,
大園,2025/02/18 00:00:00,WD_HR,42,41,46,47,47,38,39,44,35,37,37,42,36,#,39,36,41,36,43,50,47,59,54,60,
大園,2025/02/18 00:00:00,WIND_DIREC,36,47,57,47,60,34,38,46,36,34,39,35,#,38,39,39,39,41,49,55,58,59,45,70,
大園,2025/02/18 00:00:00,WIND_SPEED,7.2,5.1,4.5,3.6,3,5.7,6.1,5,6.2,7,5.7,6.8,#,6.3,7.4,6.9,6.4,6.3,5,4,4.1,3.6,3.7,5.1,
大園,2025/02/18 00:00:00,WS_HR,5.8,6,5,3.7,3.4,3.7,4.6,4.6,5.7,6,6.1,5.5,6.7,#,6.1,7,6,6.7,5.3,4,3.6,3.4,3.3,3.8,
大園,2025/02/19 00:00:00,AMB_TEMP,15.1,14.9,14.6,14.5,14.7,15.2,15.5,15.7,15.9,16.1,16.3,16.8,17.8,18.6,18.7,18.9,18.7,17.9,17.6,17.6,17.4,17.5,17.6,17.7,
大園,2025/02/19 00:00:00,CO,0.19,0.18,0.18,0.18,0.19,0.2,0.21,0.24,0.26,0.26,0.22,0.21,0.19,0.19,0.19,0.2,0.22,0.24,0.22,0.22,0.22,0.22,0.2,0.21,
大園,2025/02/19 00:00:00,NO,0.6,0.7,0.8,0.6,0.7,0.9,1.1,1.6,2.3,2.8,3,3.3,3.1,3.5,3.2,3.6,3.3,2.1,1.7,1.2,0.8,1.7,1.1,1,
大園,2025/02/19 00:00:00,NO2,10.1,6.9,5.9,6.4,5.6,7.2,11.9,17.5,21.2,21.9,18.3,16.8,12.2,11.2,13.4,16.3,16.5,18.3,15.6,13.3,13.2,13.7,11.3,15.4,
大園,2025/02/19 00:00:00,NOx,10.8,7.7,6.8,7,6.4,8.2,13,19.2,23.6,24.7,21.4,20.2,15.4,14.7,16.6,19.9,19.8,20.5,17.3,14.5,14,15.4,12.5,16.5,
大園,2025/02/19 00:00:00,O3,43.6,45.9,47.3,48.1,49.3,47.7,43.3,37.9,34.1,33,34.4,34.9,39.7,40.5,38.4,36.2,34,32.8,35.8,38.3,38.3,37,39.8,35.9,
大園,2025/02/19 00:00:00,PM10,18,19,20,24,24,28,26,27,33,33,25,20,19,16,18,14,15,10,19,23,17,17,20,11,
大園,2025/02/19 00:00:00,PM2.5,7,10,9,9,8,9,10,10,13,11,15,2,5,4,4,4,4,4,7,6,9,8,4,3,
大園,2025/02/19 00:00:00,RAINFALL,0,0,0,0,0,0,0,0,0,0,0,0,0,0,0,0,0,0,0,0,0,0,0,0,
大園,2025/02/19 00:00:00,RH,83,82,83,83,82,77,73,72,72,71,72,72,69,67,65,64,65,68,68,69,73,73,73,74,
大園,2025/02/19 00:00:00,SO2,1.8,1.2,1.1,1.1,1.1,1,1.2,1.2,1.3,1.7,1.4,1.5,1.5,1.1,0.9,0.9,1.3,1.1,0.9,0.9,1,1.2,1.3,1.6,
大園,2025/02/19 00:00:00,WD_HR,73,77,75,73,61,63,65,67,68,64,69,70,75,72,64,64,67,67,66,63,56,67,58,71,
大園,2025/02/19 00:00:00,WIND_DIREC,77,75,82,68,60,67,63,66,68,63,63,75,78,70,55,59,64,61,71,61,69,61,37,90,
大園,2025/02/19 00:00:00,WIND_SPEED,5,5.5,6.1,4.8,4.6,5.2,4.6,4.7,5.2,4.9,4.4,4.7,5.1,5.3,4.3,3.9,4,3.7,4.5,3.8,4,3,3.1,3.5,
大園,2025/02/19 00:00:00,WS_HR,4.9,5.1,5.3,4.8,4.4,4.7,4.5,4.3,4.5,4.4,4.8,4.1,5,5,4.2,3.7,3.6,3.9,3.7,3.9,3.4,3.5,3.1,2.8,
大園,2025/02/20 00:00:00,AMB_TEMP,17.8,17.8,17.6,17.2,17.2,17.1,17.2,17.2,17.5,18.2,19.4,19.4,19.1,18.8,18.2,18,17.8,17.4,17.2,17,16.7,16.1,16.1,16,
大園,2025/02/20 00:00:00,CO,0.22,0.19,0.2,0.21,0.21,0.25,0.33,0.42,0.43,0.37,0.27,0.22,0.21,0.2,0.2,0.2,0.19,0.18,0.17,0.15,0.16,0.14,0.14,0.14,
大園,2025/02/20 00:00:00,NO,0.8,1.1,1.3,1.4,1.5,1.2,3.8,4,9.7,11.7,5.9,3.8,2.3,2.5,2.5,2.7,2.4,2.3,1.7,1.9,1.8,1.6,1.6,1.4,
大園,2025/02/20 00:00:00,NO2,15,7.6,7,6.4,7,10.8,23.4,22.6,22.3,22.1,13.1,9.7,6.2,7,6.9,8.7,8.4,6.5,5.1,4.4,3.7,4.1,5.7,3.3,
大園,2025/02/20 00:00:00,NOx,15.9,8.7,8.4,7.8,8.5,12,27.3,26.7,32.1,33.8,19,13.6,8.6,9.6,9.4,11.5,10.8,8.9,6.8,6.4,5.5,5.8,7.3,4.7,
大園,2025/02/20 00:00:00,O3,36.6,41.5,39.6,36.2,35.2,25.3,15.1,10.7,8.6,13.9,33.3,43.4,51,48.4,46.9,45.1,45.1,44.7,45.6,45,44.5,43.1,42.3,44.5,
大園,2025/02/20 00:00:00,PM10,8,13,9,18,23,26,33,34,54,49,45,45,29,28,22,22,19,13,18,13,10,10,9,10,
大園,2025/02/20 00:00:00,PM2.5,5,8,11,10,10,9,16,18,22,25,13,15,11,10,7,7,7,7,8,5,5,3,1,2,
大園,2025/02/20 00:00:00,RAINFALL,0,0,0,0,0,0,0,0,0,0,0,0,0,0,0,0,0,0,0,0,0.5,0,0,0,
大園,2025/02/20 00:00:00,RH,74,75,76,82,88,89,90,90,89,88,83,85,90,91,92,93,93,96,97,96,95,96,97,97,
大園,2025/02/20 00:00:00,SO2,1.6,1.1,0.9,1,1,1,1.2,1.2,2.6,5.1,2.6,1.6,1,1.1,0.9,1.1,1.6,1,0.9,0.8,0.7,0.8,0.9,0.9,
大園,2025/02/20 00:00:00,WD_HR,77,118,191,192,166,210,267,260,301,297,9,21,29,31,31,32,31,30,28,28,21,33,31,25,
大園,2025/02/20 00:00:00,WIND_DIREC,102,165,197,190,155,219,274,270,313,286,34,25,28,32,35,33,33,27,31,25,25,33,27,22,
大園,2025/02/20 00:00:00,WIND_SPEED,2.7,1.4,0.9,1.3,0.8,0.5,1.4,1.5,2.4,0.7,1.8,6.9,6.2,7.1,6.1,6.6,7.3,7,6.6,6.4,6.3,5.6,6.4,5.9,
大園,2025/02/20 00:00:00,WS_HR,2.2,1.8,0.9,1.1,1.2,0.6,0.8,0.8,1.5,1.3,2.3,4.8,6.4,6.7,7.1,6.9,6.5,6.5,6.2,6.6,5.2,5.8,5.1,5.4,
大園,2025/02/21 00:00:00,AMB_TEMP,15.7,15,14.6,14.8,14.7,14.2,13.9,14.3,14.6,14.6,14.7,14.8,15.2,15.3,14.8,14.6,14.5,14.6,14.5,14.4,14.5,14.5,14.5,14.5,
大園,2025/02/21 00:00:00,CO,0.15,0.15,0.14,0.14,0.14,0.14,0.15,0.17,0.17,0.16,0.17,0.17,0.18,0.18,0.19,0.19,0.19,0.23,0.25,0.24,0.24,0.24,0.22,0.25,
大園,2025/02/21 00:00:00,NO,1.3,1.1,0.8,1,0.8,1.1,1,1.4,1.9,1.8,3.4,2.7,2.3,2.2,2,2.2,2,2.2,1.8,1.9,5.3,2.1,1.5,1.6,
大園,2025/02/21 00:00:00,NO2,2.5,2.9,2.4,2.3,2.6,3.3,5,7,8,7.7,10.9,8.4,7.7,7.2,8.2,8.4,8.9,11.4,12.7,15.4,20.7,14,11.4,17.3,
大園,2025/02/21 00:00:00,NOx,3.9,4,3.3,3.4,3.4,4.4,6.1,8.5,10,9.6,14.3,11.1,10.1,9.4,10.2,10.6,10.9,13.7,14.5,17.4,26.1,16.1,12.9,18.9,
大園,2025/02/21 00:00:00,O3,44.7,44.9,44.3,44,43.5,44.3,43.6,41.5,40.8,40.9,39.1,43.2,44.4,45.8,45,43.9,43.3,40.5,39.9,37.7,31,36.2,38.1,33.7,
大園,2025/02/21 00:00:00,PM10,10,0,1,9,6,3,6,7,9,11,10,9,9,9,11,8,9,14,18,12,12,13,13,16,
大園,2025/02/21 00:00:00,PM2.5,2,0,2,2,4,3,0,0,2,5,3,0,1,2,1,2,3,3,1,3,6,5,4,3,
大園,2025/02/21 00:00:00,RAINFALL,0,1,0,0,0,0,0,0,0,0.5,0,0,0,0,0,0,0,0,0,0,0,0,0,0,
大園,2025/02/21 00:00:00,RH,97,99,100,100,100,100,100,100,100,100,100,100,100,99,100,100,100,100,100,100,100,100,98,99,
大園,2025/02/21 00:00:00,SO2,0.8,1,1.1,1.1,1,1,0.9,1.1,1,1,1.1,1.2,1.3,1.3,1.2,1.3,1.7,3.1,4,3.3,5.1,3,2.7,2.9,
大園,2025/02/21 00:00:00,WD_HR,16,15,24,21,25,24,30,30,30,30,34,33,34,31,33,34,37,40,43,46,50,52,54,55,
大園,2025/02/21 00:00:00,WIND_DIREC,3,26,24,24,25,22,38,31,30,29,33,33,31,34,32,36,36,35,42,43,56,54,41,55,
大園,2025/02/21 00:00:00,WIND_SPEED,5.2,6.6,5.2,4.3,6,7,4.6,5.4,6.3,6.3,6.5,6.8,7.4,7.5,7.2,6.7,7.2,7,5.8,5.8,5.2,4.8,5.4,3.9,
大園,2025/02/21 00:00:00,WS_HR,4.8,5.1,5.7,5.1,5.2,6.5,5.8,5.2,5.4,5.7,5.9,6.2,6.6,6.9,6.5,6.8,6.8,6.1,5.2,4.9,4.9,4.8,4.8,3.9,
大園,2025/02/22 00:00:00,AMB_TEMP,14.6,14.7,14.9,15.1,15.2,15.3,15.1,15.4,16.2,17.6,18.6,18.3,17.2,17,16.5,16.4,16.2,16,15.9,15.9,15.8,15.5,14.9,14.8,
大園,2025/02/22 00:00:00,CO,0.23,0.2,0.21,0.22,0.24,0.22,0.24,0.27,0.3,0.28,0.26,0.25,0.24,0.25,0.24,0.26,0.23,0.23,0.26,0.22,0.21,0.18,0.18,0.18,
大園,2025/02/22 00:00:00,NO,1.7,0.9,0.8,0.8,1.4,1.3,1.8,2.4,2.7,3.4,3.6,4.3,2.6,2.6,2.6,2.4,2,1.4,1.6,1.5,1.2,1.3,1.2,1.5,
大園,2025/02/22 00:00:00,NO2,11.1,10.9,9.1,9.8,11.3,10.6,13.7,15.9,14.4,13.2,11.3,13,10.4,11.6,13.7,15.4,14.6,12.1,14.3,10.6,9.3,5.3,8.7,9.3,
大園,2025/02/22 00:00:00,NOx,12.9,11.9,10,10.7,12.8,11.9,15.5,18.3,17.2,16.7,14.9,17.3,13,14.2,16.4,17.8,16.7,13.6,15.9,12.1,10.6,6.6,9.9,10.9,
大園,2025/02/22 00:00:00,O3,39.2,36.8,38.3,38.1,37.8,39.2,37.6,35.3,37.3,39.4,41.6,40,41.3,40.2,38.7,36.1,36.3,38.3,37.1,38.3,40,44.3,40.1,40,
大園,2025/02/22 00:00:00,PM10,8,11,13,10,14,18,21,13,9,19,23,28,21,23,21,14,17,19,21,14,16,14,12,13,
大園,2025/02/22 00:00:00,PM2.5,5,5,5,4,7,5,6,6,5,7,6,6,6,7,12,8,5,6,9,5,8,6,2,1,
大園,2025/02/22 00:00:00,RAINFALL,0,0,0,0,0,0,0,0,0,0,0,0,0,0,0,0,0,0,0,0,0,0,0,0.5,
大園,2025/02/22 00:00:00,RH,97,96,95,94,95,96,98,97,92,85,73,72,81,86,89,90,90,90,91,91,92,94,96,96,
大園,2025/02/22 00:00:00,SO2,1.8,1.4,1.5,1.8,3,2.4,3.7,2,1.9,1.8,1.4,1.6,4.2,4,5.8,5.1,4.2,7.4,5.2,4.8,3.8,1.6,1.6,1.9,
大園,2025/02/22 00:00:00,WD_HR,57,57,54,53,48,45,55,56,74,71,61,51,37,43,38,41,34,35,41,34,34,33,36,34,
大園,2025/02/22 00:00:00,WIND_DIREC,59,60,54,50,53,34,61,66,73,59,60,37,35,34,34,50,32,35,38,44,31,32,34,35,
大園,2025/02/22 00:00:00,WIND_SPEED,3.3,3.6,3.7,3.7,3.7,6.8,4.9,4.1,5.8,5.6,6,6.6,6.6,6.5,7.4,3.7,5.8,4.9,4.4,3.9,6.1,7,6.6,6.6,
大園,2025/02/22 00:00:00,WS_HR,3.9,3.3,3.2,3.1,4.2,4.5,4.9,3.6,5,5.2,5.6,5.5,6.4,5.1,5.9,4.4,4.8,5,4.2,4.6,5.1,6.5,6.1,6.1,
大園,2025/02/23 00:00:00,AMB_TEMP,14.8,15,15,14.7,14.7,14.6,14.7,14.5,14.5,14.7,14.8,14.9,14.7,14.5,14.2,14.2,13.9,13.2,13.5,13.8,13.7,13.3,13,13.3,
大園,2025/02/23 00:00:00,CO,0.19,0.18,0.19,0.18,0.18,0.18,0.19,0.21,0.21,0.22,0.23,0.26,0.25,0.25,0.25,0.25,0.25,0.24,0.26,0.28,0.29,0.27,0.29,0.28,
大園,2025/02/23 00:00:00,NO,8.3,0.9,0.7,1,1,0.9,1,1.4,0.7,1.6,1.8,3,1.5,1.7,1.7,1.9,1.5,1.4,1.8,1.3,1.8,7.7,6.8,2.3,
大園,2025/02/23 00:00:00,NO2,24.1,2.6,3.8,2.2,2.3,2.8,2.5,3.5,3.7,5.5,5.7,10.9,6.2,4.9,6.3,5.8,4.9,5.6,8.1,11.3,12.7,16.1,17.3,12.5,
大園,2025/02/23 00:00:00,NOx,32.5,3.6,4.6,3.3,3.4,3.7,3.6,4.9,4.5,7.2,7.6,13.9,7.8,6.7,8.1,7.8,6.4,7.1,9.9,12.6,14.5,23.8,24.1,14.9,
大園,2025/02/23 00:00:00,O3,31,45.6,44.7,46.3,45.6,45,46.3,47.3,47.2,46,47.2,43.8,47.8,48.4,47.1,47.4,47.8,47.9,45.2,42.9,40.8,39.8,35.5,39.7,
大園,2025/02/23 00:00:00,PM10,14,11,7,4,5,5,5,8,12,8,14,9,8,10,12,11,15,9,9,15,15,10,9,8,
大園,2025/02/23 00:00:00,PM2.5,3,3,4,4,1,0,2,4,3,1,0,0,1,2,5,7,4,4,6,4,4,5,4,4,
大園,2025/02/23 00:00:00,RAINFALL,0,0,0.5,0.5,0,2.5,3.5,3.5,2.5,0.5,0,0,0,0,0,0,0,0,0,0,0,0.5,0,1,
大園,2025/02/23 00:00:00,RH,96,96,95,96,98,100,100,100,100,100,100,100,100,100,100,100,100,100,100,99,99,100,100,100,
大園,2025/02/23 00:00:00,SO2,2.6,1.2,1.9,1,0.8,0.9,0.8,1,0.8,1,1,1.2,1.1,1,1,1,0.9,1,1.4,2,3,1.7,3.3,2.3,
大園,2025/02/23 00:00:00,WD_HR,35,35,35,31,29,30,27,29,28,33,32,36,34,33,33,33,32,34,39,54,42,41,40,40,
大園,2025/02/23 00:00:00,WIND_DIREC,29,41,29,28,37,28,29,27,30,33,34,32,34,30,33,33,33,38,55,55,45,42,38,37,
大園,2025/02/23 00:00:00,WIND_SPEED,5.1,3.6,4.9,4.5,3.1,5.6,6.7,6.5,6.1,6.1,5.9,6.3,7.7,7.4,7.1,6.9,7.8,7.5,4.7,5.3,4.9,5,5.5,5.2,
大園,2025/02/23 00:00:00,WS_HR,4.8,4.5,3.6,4.4,3.7,3.7,5.6,5.7,5.8,5.6,5.8,5.6,6.6,6.6,6.8,6.7,7.1,7.2,5.9,4.6,5,5.3,5.3,4.9,
大園,2025/02/24 00:00:00,AMB_TEMP,12.9,12.9,12.9,12.8,12.4,12.1,11.9,11.7,12,12.3,12.8,13.5,13.8,13.5,13.2,13.4,13.3,12.8,12.5,12.7,12.8,13.2,13.5,13.6,
大園,2025/02/24 00:00:00,CO,0.33,0.26,0.28,0.27,0.26,0.27,0.27,0.3,0.35,0.39,0.36,0.37,0.36,0.35,0.36,0.36,0.37,0.36,0.34,0.34,0.33,0.3,0.28,0.26,
大園,2025/02/24 00:00:00,NO,12.5,0.8,1.1,1.2,1.4,1.4,1.1,1.7,6.9,3.2,2.9,3.7,3.1,2.5,2.3,3.1,3,2.3,1.3,1.1,1.3,0.8,0.8,0.8,
大園,2025/02/24 00:00:00,NO2,26.5,6.6,10.4,8.8,7.7,6.7,6,10.9,23.2,18.7,18.6,17.5,14.7,14.1,16.4,16.9,17.6,17.5,14.8,14.1,17.5,12.5,9.8,10,
大園,2025/02/24 00:00:00,NOx,39,7.4,11.5,10.1,9.2,8.1,7.1,12.7,30.1,21.9,21.6,21.3,17.8,16.6,18.7,20,20.6,19.8,16.1,15.3,18.9,13.3,10.7,10.8,
大園,2025/02/24 00:00:00,O3,32.9,43.8,41.2,43.9,46.9,46.8,45,39,32.5,37.6,36.5,38.4,40,40.1,38.2,38.2,38.3,37.2,40.5,40.1,39.3,44.6,47.6,46.9,
大園,2025/02/24 00:00:00,PM10,24,8,12,13,15,18,17,19,29,28,39,42,45,30,51,50,48,36,33,32,27,27,29,22,
大園,2025/02/24 00:00:00,PM2.5,5,4,0,1,11,10,9,16,17,22,24,28,25,30,29,30,23,27,20,21,18,20,15,16,
大園,2025/02/24 00:00:00,RAINFALL,0,0,0,1,0.5,0.5,0,0.5,0,0,0,0,0,0,0,0,0,0,0,0,0,0,0,0,
大園,2025/02/24 00:00:00,RH,100,100,100,100,100,100,100,100,100,98,91,84,76,75,74,74,74,76,76,75,75,75,73,72,
大園,2025/02/24 00:00:00,SO2,2.7,1.9,2.7,2.1,1,0.8,0.7,0.7,1.9,2.3,1.4,1.2,1.3,1.3,0.9,0.8,1,1,0.9,0.8,0.9,0.8,0.8,0.9,
大園,2025/02/24 00:00:00,WD_HR,47,43,43,41,37,34,33,36,43,56,59,60,60,61,59,57,58,61,67,69,68,60,59,70,
大園,2025/02/24 00:00:00,WIND_DIREC,44,52,40,35,37,36,27,33,51,59,60,58,64,59,64,59,58,67,65,74,62,56,62,72,
大園,2025/02/24 00:00:00,WIND_SPEED,4.4,4.5,5.5,7.2,7.8,7.5,7.8,6.5,5.5,4.9,5.4,5.5,5.7,6.1,5.2,5.1,4.4,4.5,4.6,4.4,4.9,4.4,4.8,5,
大園,2025/02/24 00:00:00,WS_HR,4.5,5.2,4.8,5.5,7.4,7.3,6.8,6.1,5.4,5,4.8,5,5,5.7,5.1,4.8,4.5,4.1,4.3,4.4,4.3,4.1,4.3,4.4,
大園,2025/02/25 00:00:00,AMB_TEMP,13.5,13.4,13.9,14.2,14.4,14.8,15,15.2,15.9,17.4,18.9,20.7,21.5,20.7,20.3,19.2,16.8,15.8,15.4,15.3,15.1,15.1,15.1,15.1,
大園,2025/02/25 00:00:00,CO,0.26,0.26,0.28,0.27,0.28,0.29,0.32,0.35,0.4,0.4,0.33,0.33,0.35,0.35,0.33,0.32,0.32,0.4,0.33,0.32,0.31,0.34,0.32,0.33,
大園,2025/02/25 00:00:00,NO,0.7,0.7,0.7,0.7,0.5,0.5,1.1,1.6,3.7,5.9,3.8,3.2,3.1,2.9,2.6,1.5,1.2,0.9,0.8,0.6,0.6,0.6,0.7,0.6,
大園,2025/02/25 00:00:00,NO2,10.5,5.5,9.3,8.6,9,12.4,19,21.2,28.4,20.8,14.7,13.5,15,15.5,15.5,12.6,13,15.1,13.1,10.6,10.2,10.2,10.8,10.5,
大園,2025/02/25 00:00:00,NOx,11.3,6.3,10,9.3,9.6,12.9,20.1,22.9,32.2,26.7,18.5,16.7,18.1,18.4,18.1,14.2,14.2,16,14,11.3,10.9,10.9,11.5,11.2,
大園,2025/02/25 00:00:00,O3,46,49.7,46,47,45.8,41.9,35.1,32.1,25.6,35.8,40,41.4,47.4,56.7,61,70,53.3,52.3,53,53.5,52.2,47.4,45,43,
大園,2025/02/25 00:00:00,PM10,40,22,27,27,29,26,30,27,25,26,23,21,26,41,32,36,55,62,65,58,61,64,61,68,
大園,2025/02/25 00:00:00,PM2.5,11,16,15,11,14,19,16,11,14,16,9,9,8,14,19,15,24,31,30,27,30,32,32,34,
大園,2025/02/25 00:00:00,RAINFALL,0,0,0,0,0,0,0,0,0,0,0,0,0,0,0,0,0,0,0,0,0,0,0,0,
大園,2025/02/25 00:00:00,RH,73,75,73,71,70,70,70,70,69,66,60,53,51,53,54,55,77,90,93,93,94,94,94,94,
大園,2025/02/25 00:00:00,SO2,0.8,1.1,1.3,1.5,1.4,1.5,1.6,1.3,1.4,1.7,1.7,1.7,1.8,2.4,3.2,3,2.3,2,1.9,1.8,1.6,1.7,1.5,1.5,
大園,2025/02/25 00:00:00,WD_HR,68,70,86,95,87,78,94,100,100,120,134,151,344,336,320,313,319,312,265,267,241,223,238,217,
大園,2025/02/25 00:00:00,WIND_DIREC,71,72,95,94,82,90,88,106,102,134,148,295,348,327,331,316,334,301,255,296,244,242,252,222,
大園,2025/02/25 00:00:00,WIND_SPEED,5.7,4.8,5.8,4,2.5,2.5,2.8,3.1,2.4,3.8,2.4,1.3,3.6,3.1,2.7,3.9,3.7,2,2.5,1.3,1.8,1.7,1.6,1.8,
大園,2025/02/25 00:00:00,WS_HR,5,5,4.8,5,2.9,2.3,2.3,2.8,2.4,3.2,2.8,0.5,1.3,2.8,2.3,3.4,3.6,2.2,1.9,1.6,1.3,1.4,1.4,1.4,
大園,2025/02/26 00:00:00,AMB_TEMP,15.2,15.4,15.8,15.8,15.7,15.7,15.9,16.1,16.2,16.1,16.4,16.5,17.1,17.3,17.3,17.2,16.9,17,17.2,17.2,17.6,17.7,17.9,17.8,
大園,2025/02/26 00:00:00,CO,0.3,0.28,0.24,0.24,0.22,0.22,0.22,0.27,0.24,0.2,0.37,0.33,0.22,0.21,0.19,0.2,0.2,0.21,0.23,0.21,0.22,0.28,0.29,0.24,
大園,2025/02/26 00:00:00,NO,0.6,0.9,0.7,1,0.7,1.2,1.8,2.2,3.4,3,8.5,12.5,4.8,3.2,2.4,2.3,1.7,1.9,2.1,1.8,1.1,1.2,1.2,1.2,
大園,2025/02/26 00:00:00,NO2,9.4,7.1,8.9,9.3,8.3,15.1,15.3,18.8,24.4,17.9,40.8,35.2,12.8,12.8,8.6,8.5,8.4,9.2,17.1,9,7.8,10.4,15.1,10.2,
大園,2025/02/26 00:00:00,NOx,10.1,8,9.6,10.3,9.1,16.4,17.2,21.1,27.8,21,49.3,47.7,17.7,16,11,10.8,10.1,11.2,19.2,10.9,9,11.6,16.3,11.5,
大園,2025/02/26 00:00:00,O3,43.1,43.7,36.9,36.7,38,31.3,31.5,25.9,21.9,28.6,10.3,15.7,34.8,36.6,41.3,41.4,41.8,39.3,34.1,38.6,38.5,35.9,29.3,35.8,
大園,2025/02/26 00:00:00,PM10,55,51,42,43,40,41,27,21,14,10,27,17,8,9,22,22,14,18,23,18,21,23,23,24,
大園,2025/02/26 00:00:00,PM2.5,31,24,13,12,14,17,12,11,7,6,16,9,6,6,7,9,9,10,6,3,3,6,5,4,
大園,2025/02/26 00:00:00,RAINFALL,0,0,0,0,0,0,0.5,0.5,0,0.5,0,1,0.5,0,0,0,0,0,0,0,0,0,0,0,
大園,2025/02/26 00:00:00,RH,94,95,96,96,96,97,97,98,98,98,99,99,99,99,98,98,98,98,98,98,98,98,98,99,
大園,2025/02/26 00:00:00,SO2,1.4,1.4,1.5,1.6,1.2,1.6,1.4,1.1,1.1,1.2,1.4,1.7,1.3,1.1,1,1.1,1.1,1.1,3.3,1.4,1.6,1.3,2,1.5,
大園,2025/02/26 00:00:00,WD_HR,222,220,298,347,338,309,321,355,13,12,47,33,24,25,28,27,31,32,34,29,29,7,11,7,
大園,2025/02/26 00:00:00,WIND_DIREC,228,252,318,355,351,255,342,5,24,21,66,11,33,30,31,35,30,33,32,32,27,10,9,0,
大園,2025/02/26 00:00:00,WIND_SPEED,1.3,1.2,1.9,1.5,1.7,0.9,1.7,1,3.7,1.6,0.6,2.1,3.2,4.4,5,5,4.8,5.3,5.1,3.8,3.1,2,2.1,1.3,
大園,2025/02/26 00:00:00,WS_HR,1.5,1.2,1.2,1.8,1.3,0.6,0.7,1.1,2,3,0.7,1.3,3.2,3.2,4.4,4.7,4.6,5,4.1,3.8,3.3,2,1.1,1.5,
大園,2025/02/27 00:00:00,AMB_TEMP,17.6,17.1,16.8,16.2,16,15.3,14.9,14.7,14.6,14.4,14.4,14.9,16.2,16.8,16.2,17.7,18.5,18.2,16.8,17,17.2,16.7,17,16.8,
大園,2025/02/27 00:00:00,CO,0.28,0.24,0.24,0.26,0.27,0.38,0.48,0.55,0.55,0.49,0.47,0.47,0.45,#,0.44,0.5,0.6,0.71,0.65,0.93,1.08,1.09,1.15,1.5,
大園,2025/02/27 00:00:00,NO,1,0.5,0.7,0.4,0.4,0.4,1,1.7,1.7,2,2.3,2.3,2,#,2.4,6.2,#,20.4,2.1,50.8,111.7,71.1,55.8,59.5,
大園,2025/02/27 00:00:00,NO2,8.1,6.7,5.9,7.8,5.9,10.2,15.6,19.1,17.9,17.7,16.5,13.9,16.1,#,19.1,43.8,#,57.4,44.8,64.5,74.7,61,56.8,52,
大園,2025/02/27 00:00:00,NOx,9.2,7.2,6.6,8.2,6.3,10.7,16.7,20.9,19.6,19.7,18.9,16.3,18.1,#,21.5,50.1,#,77.8,46.9,115.3,186.4,132.1,112.6,111.5,
大園,2025/02/27 00:00:00,O3,36.5,30,29.7,32.9,33.9,31.5,30.5,28.2,31.9,33.1,35.6,43.3,46.4,#,#,30.1,19.4,7.3,12.1,0.8,0.6,0.6,0.7,0.3,
大園,2025/02/27 00:00:00,PM10,15,43,25,22,21,51,73,89,84,86,90,105,100,#,98,103,122,126,124,133,132,126,112,102,
大園,2025/02/27 00:00:00,PM2.5,2,9,12,14,8,39,48,59,60,52,55,59,59,55,61,62,79,71,69,73,74,78,71,69,
大園,2025/02/27 00:00:00,RAINFALL,0,0,0,0,0,0,0,0,0,0,0,0,0,#,0,0,0,0,0,0,0,0,0,0,
大園,2025/02/27 00:00:00,RH,99,99,100,100,100,100,99,98,98,98,98,98,99,100,100,100,100,100,100,100,100,100,100,100,
大園,2025/02/27 00:00:00,SO2,1.2,0.7,0.7,0.9,0.7,1.4,1,0.8,0.8,0.8,0.9,1,1.6,#,1.2,2.3,1.6,2.6,1.4,3.4,7.6,6,3.7,2,
大園,2025/02/27 00:00:00,WD_HR,333,203,243,242,256,309,331,343,345,347,355,355,292,345,0,102,35,359,150,84,84,133,175,168,
大園,2025/02/27 00:00:00,WIND_DIREC,348,214,275,235,295,317,335,344,349,347,351,22,328,358,342,128,38,352,120,71,358,149,185,145,
大園,2025/02/27 00:00:00,WIND_SPEED,0.8,1.9,2.7,2.3,1.7,1.8,2.4,1.8,3.1,2.7,2.3,1.8,1.2,2.8,1.5,0.7,0.8,2,0.6,0.9,0.8,0.9,1.3,1.6,
大園,2025/02/27 00:00:00,WS_HR,0.8,1.4,1.8,2.1,1.3,1.8,2,1.8,1.9,2.7,2.1,1.9,0.7,1.6,1.3,0.3,0.4,1.1,0.3,0.6,0.4,0.4,1.2,1.4,
大園,2025/02/28 00:00:00,AMB_TEMP,16.6,16.2,16.2,16.3,16,15.8,15.7,16.8,19.6,21.7,20,19.9,19.6,19.7,20.1,20.9,21,20.5,19.5,19.3,19,19,18.7,17.9,
大園,2025/02/28 00:00:00,CO,1.58,1.14,0.86,0.68,0.71,0.73,0.76,0.83,0.93,0.8,0.52,0.52,0.48,0.43,0.41,0.38,0.34,0.41,0.51,0.59,0.56,0.53,0.65,0.64,
大園,2025/02/28 00:00:00,NO,64.5,29.8,18,4,3.8,10.2,18.1,41,61.5,51.5,8.5,8.2,4.9,2.1,1.6,2,1.8,2.3,5.7,12.4,16.1,12.1,22,12.8,
大園,2025/02/28 00:00:00,NO2,49.2,40,34.9,27.7,28.6,27.2,26.2,25.5,39.3,48.8,24.9,24.8,21,14.5,13.4,15.7,19.2,33.1,50.3,66.2,57.6,50.7,50.6,37.7,
大園,2025/02/28 00:00:00,NOx,113.8,69.8,52.9,31.7,32.5,37.4,44.4,66.5,100.8,100.3,33.5,33,25.9,16.6,15.1,17.8,21,35.4,56,78.6,73.7,62.9,72.6,50.6,
大園,2025/02/28 00:00:00,O3,0.4,0.2,0.4,2.7,0.8,0.4,0.9,2.5,4.7,10,33.7,41,54.4,66.8,69.8,64.7,52.3,40,19.3,2.4,1.6,2.6,0.7,1,
大園,2025/02/28 00:00:00,PM10,89,65,58,42,47,41,47,46,61,62,57,58,57,52,46,42,42,50,63,69,54,52,52,62,
大園,2025/02/28 00:00:00,PM2.5,61,47,37,32,35,32,39,27,36,36,49,46,42,38,33,30,24,31,38,41,34,31,36,44,
大園,2025/02/28 00:00:00,RAINFALL,0,0,0,0,0,0,0,0,0,0,0,0,0,0,0,0,0,0,0,0,0,0,0,0,
大園,2025/02/28 00:00:00,RH,100,100,100,100,100,100,100,100,99,87,84,84,82,81,79,74,70,72,77,79,82,83,89,92,
大園,2025/02/28 00:00:00,SO2,1.9,1.1,1,1,0.9,0.8,0.7,1.1,2,4.6,4.9,3.8,2.5,1.7,1.6,1.4,1.5,13.8,13.6,10.6,6.3,6.7,6.2,3.4,
大園,2025/02/28 00:00:00,WD_HR,152,153,153,159,158,157,164,161,11,8,0,355,1,0,357,9,20,6,34,44,33,24,353,233,
大園,2025/02/28 00:00:00,WIND_DIREC,147,144,163,173,158,151,159,158,16,358,2,353,3,356,7,28,16,10,39,57,13,152,343,214,
大園,2025/02/28 00:00:00,WIND_SPEED,1.4,1.8,2.3,0.9,0.4,0.8,1,0.3,1.1,2.9,3.6,3.7,3.2,3.2,2.5,1.9,2,1.8,1,0.6,0.5,0.3,0.7,0.4,
大園,2025/02/28 00:00:00,WS_HR,1.6,1.8,1.9,1.8,0.8,1,1.2,0.9,0.9,1.6,3.3,3.2,3.2,3.1,2.3,1.9,1.7,1.8,1.1,0.8,0.6,0.4,0.5,0.3,
大園,2025/03/01 00:00:00,AMB_TEMP,17.7,17.8,17.9,17.5,17.6,17.7,17.8,17.3,17.9,19.9,21.6,21.8,23.1,23.9,24.3,24.2,23.5,23.2,23.3,23.3,23.5,23.5,22.8,22.4,
大園,2025/03/01 00:00:00,CO,0.63,0.54,0.9,0.95,0.81,0.47,0.43,0.51,0.44,0.48,0.48,0.45,0.36,0.28,0.25,0.27,0.27,0.36,0.48,0.6,0.68,0.79,0.7,0.64,
大園,2025/03/01 00:00:00,NO,9.1,2.6,11,22.8,9.5,2.4,3.2,17.9,11.6,14.3,11.9,8.2,3.8,2.7,2.1,2.3,2.4,2.5,4.5,13.1,8.7,2.5,1.9,1.3,
大園,2025/03/01 00:00:00,NO2,38.9,33.4,35.8,35,34.4,18.3,20.2,26.7,20,25.8,22.3,17.6,12.5,10,9.5,14.7,18,33.7,51.9,52.9,47.2,41.6,34.5,29.5,
大園,2025/03/01 00:00:00,NOx,48,36.1,46.8,57.9,43.9,20.7,23.4,44.6,31.7,40.1,34.2,25.9,16.4,12.8,11.6,17,20.4,36.2,56.4,66,55.9,44.1,36.5,30.9,
大園,2025/03/01 00:00:00,O3,0.4,2.5,1,0.6,0.5,11,9.8,7.3,14.2,17.5,23.1,36.5,52.6,53.4,51.8,52.7,42.3,23.5,4.7,1,1.4,5.2,9.1,13.9,
大園,2025/03/01 00:00:00,PM10,84,50,56,58,60,35,33,39,35,32,27,29,27,16,27,26,30,32,42,52,57,49,36,39,
大園,2025/03/01 00:00:00,PM2.5,45,39,34,43,40,29,28,29,23,21,21,22,17,12,13,13,12,14,16,27,30,29,19,31,
大園,2025/03/01 00:00:00,RAINFALL,0,0,0,0,0,0,0,0,0,0,0,0,0,0,0,0,0,0,0,0,0,0,0,0,
大園,2025/03/01 00:00:00,RH,93,92,91,93,93,93,92,94,95,90,86,82,75,66,62,62,65,69,70,71,69,70,76,79,
大園,2025/03/01 00:00:00,SO2,3.9,2.5,2,1.5,1.5,1.5,1.5,2.1,2.9,3.2,2.2,1.8,2,2,2,3.5,3.5,7.8,9.2,4.7,2.4,2.1,2.1,1.8,
大園,2025/03/01 00:00:00,WD_HR,196,175,158,150,151,149,156,19,18,354,1,354,4,20,22,28,21,37,109,130,158,158,151,156,
大園,2025/03/01 00:00:00,WIND_DIREC,193,158,156,150,148,153,153,27,59,0,355,351,11,24,25,19,36,70,110,150,189,167,144,150,
大園,2025/03/01 00:00:00,WIND_SPEED,1.3,1.4,1,2,2.6,2,1.7,1.6,1,1.7,2.1,2.8,3,3.6,2.7,2.7,2.3,0.7,0.8,1.4,0.5,1.8,2,2.1,
大園,2025/03/01 00:00:00,WS_HR,0.9,1.3,1.5,1.8,2.2,2.2,1.9,1.2,1.1,1.5,1.6,2.4,2.6,3,2.6,2.9,2.3,1.1,0.3,0.7,0.8,1.4,2.5,2.4,
大園,2025/03/02 00:00:00,AMB_TEMP,22.2,21.6,21.4,21.1,20.8,20.3,20.2,20.9,22.3,24.3,25.5,25,26.1,26.5,26.1,25.4,25.2,24.1,23.4,22.8,22.3,22.2,22.3,22.7,
大園,2025/03/02 00:00:00,CO,0.55,0.46,0.52,0.45,0.41,0.41,0.48,0.51,0.61,0.45,0.41,0.37,0.5,0.39,0.32,0.33,0.43,0.23,0.27,0.28,0.29,0.3,0.38,0.44,
大園,2025/03/02 00:00:00,NO,1.2,1.3,1.1,1.1,0.8,1,7,11.9,13.9,8.5,3.3,2.8,2.5,1.7,1.8,2.1,1.7,1.2,0.7,0.9,1,1.1,1,1.5,
大園,2025/03/02 00:00:00,NO2,22.4,17.3,17.5,15.3,15,15.8,25.5,21.9,21.6,19.2,12.1,14,11.7,11.6,11,9.1,8.3,5.5,6.1,7.9,7.6,8,10.7,20.5,
大園,2025/03/02 00:00:00,NOx,23.7,18.6,18.7,16.4,15.9,16.9,32.6,33.8,35.5,27.8,15.5,16.9,14.2,13.3,12.8,11.2,10,6.8,6.8,8.8,8.6,9.2,11.7,22,
大園,2025/03/02 00:00:00,O3,14.9,17,16.6,18.2,16.3,12.7,2.5,7.6,11.2,26,45.5,42.4,60.1,60.2,54.9,38.6,39.6,33.6,30.9,28.7,26.6,22.5,15.6,13.4,
大園,2025/03/02 00:00:00,PM10,32,29,27,22,29,34,30,32,51,42,41,44,37,38,34,30,25,30,29,34,37,39,43,44,
大園,2025/03/02 00:00:00,PM2.5,19,22,21,22,19,23,18,21,33,22,20,25,25,19,19,10,10,10,12,10,11,18,19,22,
大園,2025/03/02 00:00:00,RAINFALL,0,0,0,0,0,0,0,0,0,0,0,0,0,0,0,0,0,0,0,0,0,0,0,0,
大園,2025/03/02 00:00:00,RH,80,83,86,87,87,89,89,87,85,69,63,64,61,60,59,63,65,74,84,88,90,91,91,89,
大園,2025/03/02 00:00:00,SO2,1.7,1.7,1.4,1.1,1.1,1,1.1,1.2,2.3,3,2.4,3,4.2,5.6,5,4.8,1.7,1.3,1.3,1.2,1.1,0.9,0.9,1,
大園,2025/03/02 00:00:00,WD_HR,163,158,169,180,211,212,142,202,2,137,261,327,316,325,318,288,249,250,265,241,214,188,165,177,
大園,2025/03/02 00:00:00,WIND_DIREC,159,162,171,188,222,159,155,344,61,155,300,316,335,352,310,280,253,227,278,191,217,181,168,177,
大園,2025/03/02 00:00:00,WIND_SPEED,2.8,1.9,1.3,0.6,1,0.9,1.4,0.7,0.7,1,1.3,2.7,2.2,2.7,3.3,2.6,1.9,1.5,1.5,0.7,1.3,1.7,1.4,1.9,
大園,2025/03/02 00:00:00,WS_HR,2.4,2,1.3,0.8,0.9,0.5,1.4,0.1,0.8,0.5,1,2.1,1.3,1.6,2.5,2.2,1.6,1.8,1.1,0.9,1.4,1.6,1.2,1.5,
大園,2025/03/03 00:00:00,AMB_TEMP,22.9,22.7,22.6,22.3,22.5,21.9,21.5,22.5,23,22.5,22,21.9,23,23.9,24.7,24.5,23.3,22.7,22.2,22.1,NA,NA,NA,NA,
大園,2025/03/03 00:00:00,CO,0.33,0.32,0.42,0.51,0.45,0.35,0.39,0.67,0.71,0.47,0.32,0.26,0.34,0.39,0.41,0.36,0.37,0.57,0.39,0.26,NA,NA,NA,NA,
大園,2025/03/03 00:00:00,NO,1,1.4,1.3,1.3,1.3,1.6,2.2,10.5,27.9,18.8,10.8,6.9,18,24,16,13.9,9.2,14.5,5.5,2.7,NA,NA,NA,NA,
大園,2025/03/03 00:00:00,NO2,12.2,10.3,12.4,18.2,14.9,14.8,16.3,28.8,32.9,31,26.1,19.1,24.8,30.6,25.7,28.6,28.3,38.9,27.9,15.5,NA,NA,NA,NA,
大園,2025/03/03 00:00:00,NOx,13.3,11.8,13.7,19.5,16.2,16.5,18.5,39.3,60.8,49.9,37,26.1,42.8,54.6,41.7,42.6,37.5,53.5,33.4,18.3,NA,NA,NA,NA,
大園,2025/03/03 00:00:00,O3,26.7,26.4,20.8,12.5,14.7,18.8,11.9,3.5,3.1,5.2,8.9,11.2,7.6,6.3,11.2,12.1,13.8,4,14.3,23.3,NA,NA,NA,NA,
大園,2025/03/03 00:00:00,PM10,37,41,48,40,42,48,58,49,62,69,35,29,40,53,64,60,50,52,46,27,NA,NA,NA,NA,
大園,2025/03/03 00:00:00,PM2.5,23,22,25,27,27,31,30,29,36,41,21,16,21,30,34,34,25,29,25,16,NA,NA,NA,NA,
大園,2025/03/03 00:00:00,RAINFALL,0,0,0,0,0,0,0,0,0,0,0,0,0,0,0,0,0,0,0,0,NA,NA,NA,NA,
大園,2025/03/03 00:00:00,RH,88,89,89,90,90,92,94,91,90,92,94,95,94,91,91,90,92,92,94,95,NA,NA,NA,NA,
大園,2025/03/03 00:00:00,SO2,1.4,1.3,1.4,1.3,1,2.2,1.6,1.3,2,3.2,6.4,4.1,1.6,2.5,6,5.7,2.9,7.7,4.8,1,NA,NA,NA,NA,
大園,2025/03/03 00:00:00,WD_HR,185,190,168,149,157,296,177,163,354,327,309,244,61,292,337,14,19,9,6,14,NA,NA,NA,NA,
大園,2025/03/03 00:00:00,WIND_DIREC,186,197,151,150,172,253,155,175,2,323,315,195,1,335,333,25,347,8,22,3,NA,NA,NA,NA,
大園,2025/03/03 00:00:00,WIND_SPEED,1.9,1.4,1.2,0.8,1.5,1.2,1.7,0.8,1.4,1.4,2.7,0.8,1.2,1.6,1,2.7,2,1.9,2,2.1,NA,NA,NA,NA,
大園,2025/03/03 00:00:00,WS_HR,1.6,1.5,1.4,1,1.6,1.2,1.2,1,0.7,1.4,1.9,0.6,0.5,0.8,0.9,2,1.9,0.8,1.6,1.5,NA,NA,NA,NA,
大園,2025/03/04 00:00:00,AMB_TEMP,NA,NA,NA,NA,NA,NA,20.6,#,19.4,18.4,17.4,18,19,20.8,20.2,19,19,17.8,16.5,16.3,17.5,18.5,18,16.2,
大園,2025/03/04 00:00:00,CO,NA,NA,NA,NA,NA,NA,0.2,#,0.39,0.58,0.3,0.28,0.26,0.24,0.22,0.22,0.26,0.35,0.36,0.42,0.43,0.42,0.38,0.34,
大園,2025/03/04 00:00:00,NO,NA,NA,NA,NA,NA,NA,1.9,#,10.9,43.8,9.5,4.9,4,3.9,3.4,2.5,2,1.8,2.8,2.2,3,1.7,1.5,1.4,
大園,2025/03/04 00:00:00,NO2,NA,NA,NA,NA,NA,NA,16,#,27.8,44.3,14.8,11.7,10.3,9.8,9.8,9.8,11,8.9,11.3,15.7,22,12.4,10.2,5.4,
大園,2025/03/04 00:00:00,NOx,NA,NA,NA,NA,NA,NA,18,#,38.7,88.1,24.3,16.7,14.3,13.8,13.3,12.3,13,10.7,14.1,17.9,25,14.1,11.8,6.9,
大園,2025/03/04 00:00:00,O3,NA,NA,NA,NA,NA,NA,12.5,#,6.8,3.2,18.8,26.1,29.6,32.7,35.2,34.7,32.6,30.1,27.7,25.2,16,26.6,33.6,44,
大園,2025/03/04 00:00:00,PM10,NA,NA,NA,NA,NA,NA,7,10,23,31,24,21,26,24,27,29,29,19,12,16,14,8,11,10,
大園,2025/03/04 00:00:00,PM2.5,NA,NA,NA,NA,NA,NA,3,2,11,15,15,11,10,9,9,8,8,6,5,3,4,4,7,8,
大園,2025/03/04 00:00:00,RAINFALL,NA,NA,NA,NA,NA,NA,0,#,1,0,0.5,0,0,0,0,0,5.5,13,4,0.5,0,0.5,0,0,
大園,2025/03/04 00:00:00,RH,NA,NA,NA,NA,NA,NA,93,#,94,96,96,96,96,94,94,95,96,97,97,97,97,95,95,96,
大園,2025/03/04 00:00:00,SO2,NA,NA,NA,NA,NA,NA,0.9,#,0.5,2.1,1.5,0.2,0.5,0.3,0,0,0.2,0,0.1,1.2,0.1,0.2,0.6,0,
大園,2025/03/04 00:00:00,WD_HR,NA,NA,NA,NA,NA,NA,159,#,25,48,16,30,33,26,22,26,6,3,36,66,110,105,28,23,
大園,2025/03/04 00:00:00,WIND_DIREC,NA,NA,NA,NA,NA,NA,168,160,77,7,28,25,37,27,21,33,14,23,48,63,119,8,33,32,
大園,2025/03/04 00:00:00,WIND_SPEED,NA,NA,NA,NA,NA,NA,2.5,2.4,2.8,2.3,5.9,6.3,4.9,4.2,5.6,5.8,7.7,7.4,5.6,2.6,3.7,2.5,6.8,6.9,
大園,2025/03/04 00:00:00,WS_HR,NA,NA,NA,NA,NA,NA,2.8,#,1.9,1.7,5.4,5.2,5.2,4.8,5.4,5.3,5.7,7.2,6.3,3.4,2.7,2.1,5.8,6.6,
大園,2025/03/05 00:00:00,AMB_TEMP,15.7,15.9,16.2,16.3,16.4,16.4,15.6,14.4,14.4,14.4,14.6,14.4,14.2,14.1,14.1,14.2,14.4,15,15.4,15.7,15.9,16.1,16.4,16.2,
大園,2025/03/05 00:00:00,CO,0.29,0.28,0.29,0.27,0.28,0.28,0.29,0.29,0.25,0.24,0.23,0.26,0.23,0.19,0.18,0.19,0.19,0.2,0.19,0.2,0.21,0.19,0.18,0.18,
大園,2025/03/05 00:00:00,NO,1.5,1.4,1,0.8,1.1,1.2,1.3,1.7,2,2.6,2.5,2.5,2.1,1.5,1.7,2,2,2.3,1.7,1.5,1.2,1.9,2,2.4,
大園,2025/03/05 00:00:00,NO2,7.8,7.3,12.1,6.4,6.1,7.2,7.3,7.7,8.8,9.7,9.3,9,8,6.8,7.5,8.6,9.1,10,9.9,10.3,9.8,12.5,8,12.8,
大園,2025/03/05 00:00:00,NOx,9.4,8.8,13.2,7.2,7.3,8.4,8.6,9.4,10.9,12.4,11.8,11.5,10.1,8.3,9.3,10.6,11.1,12.3,11.7,11.9,11.1,14.5,10,15.3,
大園,2025/03/05 00:00:00,O3,36.3,37.5,31.4,35.2,33.3,30.5,29.6,29,31.6,30.8,32.5,31.8,35.6,40.7,39.2,38.9,38.8,38.7,39.8,38.5,39.1,34.9,38.5,36.4,
大園,2025/03/05 00:00:00,PM10,12,7,9,19,12,15,12,17,12,8,12,10,13,11,13,11,5,5,8,10,10,12,10,10,
大園,2025/03/05 00:00:00,PM2.5,8,5,3,4,3,2,4,8,3,1,5,5,5,4,3,3,2,2,2,3,2,2,5,2,
大園,2025/03/05 00:00:00,RAINFALL,1,2.5,1.5,0,2.5,1,1,2,2.5,1.5,0.5,0,0,0,0,0,0,0,0,0,0,0,0,0,
大園,2025/03/05 00:00:00,RH,96,97,97,96,97,97,97,97,97,97,97,97,97,97,97,97,97,97,97,97,97,96,96,96,
大園,2025/03/05 00:00:00,SO2,0,2.6,3.3,1.4,1.5,1,1,0.9,0.8,0.9,0.9,1,0.9,0.9,0.9,0.9,0.8,1,1.2,3.6,3.5,3.5,1.5,1.7,
大園,2025/03/05 00:00:00,WD_HR,35,42,44,32,31,32,19,29,30,34,29,29,26,26,30,30,34,34,37,39,39,33,35,38,
大園,2025/03/05 00:00:00,WIND_DIREC,39,47,32,38,35,32,30,33,31,37,30,32,24,26,32,30,34,34,43,50,43,34,35,37,
大園,2025/03/05 00:00:00,WIND_SPEED,5.8,3.9,5,3.6,4.6,4.7,6.9,6.1,6.2,6.2,7.4,7.1,8.1,7.8,6,6.8,6.1,6.2,5.9,5.4,5.3,5.8,6.7,6.6,
大園,2025/03/05 00:00:00,WS_HR,6.3,4.2,3.9,4.5,4.5,4.6,6.3,6,6.8,6.1,6.3,6.7,7.4,7.4,6.6,6.6,5.8,6.1,6.1,5.6,5.6,5.9,6.8,6.3,
大園,2025/03/06 00:00:00,AMB_TEMP,16.1,15.7,15.3,14.8,13.3,12.5,11.9,12,12.3,12.6,12.6,12.4,12.5,12.7,12.8,12.9,12.8,12.6,12.9,13.2,13.3,12.9,12.7,13.4,
大園,2025/03/06 00:00:00,CO,0.17,0.16,0.15,0.15,0.15,0.15,0.15,0.16,0.17,0.17,0.17,0.17,0.17,0.17,0.17,0.16,0.16,0.16,0.15,0.17,0.16,0.18,0.17,0.19,
大園,2025/03/06 00:00:00,NO,2.2,1.3,0.8,1.1,1.1,1.3,1.4,1.3,1.4,2,1.8,1.5,1.7,1.9,2,2.1,2.1,1.8,1.9,3.4,2.5,4.6,1.3,1.3,
大園,2025/03/06 00:00:00,NO2,5.4,4.2,2.9,3,4.2,5,5.4,5.6,6.8,8.1,7.7,6.5,6.2,6.1,7.5,8,8.1,7,6.4,13.8,14,17.6,8.6,11.6,
大園,2025/03/06 00:00:00,NOx,7.6,5.5,3.8,4.2,5.3,6.4,6.8,7,8.2,10.2,9.6,8.1,8,8,9.5,10.1,10.2,8.8,8.3,17.3,16.6,22.2,9.9,12.9,
大園,2025/03/06 00:00:00,O3,40.7,42.7,45,44.9,44,43.2,41.9,40.9,39.5,38.4,39.5,42.2,42.9,43.3,42.8,42.9,43.2,43.4,43.6,39.7,40.8,38.1,45.8,43.3,
大園,2025/03/06 00:00:00,PM10,6,3,5,4,5,10,15,11,20,16,9,12,14,24,19,21,20,18,18,29,24,20,24,32,
大園,2025/03/06 00:00:00,PM2.5,0,1,1,0,4,7,7,3,1,2,3,5,5,7,9,7,11,8,10,12,14,10,11,12,
大園,2025/03/06 00:00:00,RAINFALL,0,0.5,0.5,2.5,1.5,3.5,5.5,1,0,0.5,0,0,0,0,0,0,0,0,0,0,0,0,0,0,
大園,2025/03/06 00:00:00,RH,97,97,97,97,97,97,97,97,96,96,96,96,96,95,95,94,94,95,94,93,92,93,94,91,
大園,2025/03/06 00:00:00,SO2,1.1,1.1,1,1.1,1,1.1,1.2,1.1,1.1,1,1.2,1.3,1.2,1.3,1.3,1.2,1.2,1.3,1.4,1.9,2,3.7,2.8,2.8,
大園,2025/03/06 00:00:00,WD_HR,32,31,28,25,18,22,167,183,183,183,186,186,187,183,186,188,186,189,187,187,187,187,188,189,
大園,2025/03/06 00:00:00,WIND_DIREC,32,26,25,23,13,22,x,x,x,x,x,x,x,x,x,x,x,x,x,x,x,x,x,x,
大園,2025/03/06 00:00:00,WIND_SPEED,7.5,7.4,7,9,9,10.1,10,8.8,8.1,7.9,9.5,8.6,9,8.1,7.7,7.4,9.1,8.7,7.6,7.9,6.3,7.2,5.7,5.5,
大園,2025/03/06 00:00:00,WS_HR,6.9,6.9,6.7,7.1,8.8,8.5,3.3,8.4,8.1,7.5,8.1,8.9,8.4,8.5,8.3,7.9,8.2,8.6,8,7.2,7.1,6.7,6.8,5.5,
大園,2025/03/07 00:00:00,AMB_TEMP,13.6,13.4,13.3,13.3,13.7,14,13.9,14.2,14.4,15.1,16.4,16.4,16.6,16.5,16.2,15.9,14.7,13.3,13.3,13.4,13,13,13.5,13.3,
大園,2025/03/07 00:00:00,CO,0.18,0.18,0.19,0.2,0.22,0.23,0.27,0.3,0.36,0.29,0.27,0.27,0.28,0.27,0.3,0.29,0.23,0.22,0.21,0.2,0.18,0.18,0.18,0.17,
大園,2025/03/07 00:00:00,NO,0.9,0.5,0.6,0.6,0.5,0.8,1.2,2.1,3.4,2.9,2.8,2.1,2.3,2.2,2.5,2.2,1.3,1.4,1.5,0.9,0.5,0.8,0.8,0.8,
大園,2025/03/07 00:00:00,NO2,11.6,6.2,6.8,6.1,5.8,8.9,19.4,22.6,26.4,15.8,12,8.9,11.2,12.3,18.1,13.4,7.9,7.6,7.5,7.7,4.7,6.3,4.2,3.4,
大園,2025/03/07 00:00:00,NOx,12.5,6.7,7.4,6.7,6.3,9.7,20.6,24.7,29.9,18.8,14.9,11.1,13.6,14.5,20.6,15.6,9.2,9,9,8.7,5.2,7.1,5,4.3,
大園,2025/03/07 00:00:00,O3,44.2,48.2,47.9,49.7,50.9,45.1,36.2,33.3,33.4,41.8,#,#,#,39.4,37,41.4,46.9,46,47.3,48.7,50.9,49.9,51.1,52.1,
大園,2025/03/07 00:00:00,PM10,32,25,25,29,32,32,19,15,30,36,30,#,32,25,33,33,21,13,17,18,19,17,21,23,
大園,2025/03/07 00:00:00,PM2.5,14,12,13,13,14,20,15,10,11,13,#,13,16,12,14,16,15,7,9,10,9,12,8,12,
大園,2025/03/07 00:00:00,RAINFALL,0,0,0,0,0,0,0,0,0,0,0,0,0,0,0,0,0,0.5,0,2,1.5,0.5,0,0,
大園,2025/03/07 00:00:00,RH,89,88,89,89,87,85,86,85,85,81,72,70,70,67,68,70,82,97,100,100,100,100,99,96,
大園,2025/03/07 00:00:00,SO2,2.1,2,1.7,1.9,1.9,1.9,2,2.3,4.4,2.6,2.1,2,2.6,#,1.1,1.4,0.6,0.4,0.4,0.3,0.4,0.3,0.3,0.3,
大園,2025/03/07 00:00:00,WD_HR,194,194,194,194,194,194,194,194,194,196,76,64,59,66,61,38,31,33,34,35,34,32,34,30,
大園,2025/03/07 00:00:00,WIND_DIREC,x,x,x,x,x,x,x,x,x,x,71,60,58,67,63,34,31,33,33,37,34,32,33,28,
大園,2025/03/07 00:00:00,WIND_SPEED,4.7,5.6,4.7,5.4,4.2,3.5,3.5,3.5,4.7,4.2,7.1,5.6,5.2,5.6,5,6.8,7.3,6.5,6.8,5.4,7.2,6.4,7.4,6.8,
大園,2025/03/07 00:00:00,WS_HR,4.8,5.2,4.8,4.9,4.5,3.9,3.5,3.6,4.6,5,5,5.8,4.8,5.2,4.4,5.3,7.4,6.6,6.4,5.7,6.4,6.3,6.5,6.6,
大園,2025/03/08 00:00:00,AMB_TEMP,13.3,13.4,13.7,13.9,13.9,13.7,13.8,14.1,14.5,15,15.1,14.8,14.9,14.7,15,15,15,15.1,15.2,15.4,15.4,15.3,15.2,15.4,
大園,2025/03/08 00:00:00,CO,0.16,0.16,0.16,0.16,0.16,0.17,0.16,0.17,0.18,0.21,0.19,0.18,0.17,0.17,0.17,0.17,0.17,0.22,0.23,0.21,0.22,0.25,0.27,0.29,
大園,2025/03/08 00:00:00,NO,0.5,0.6,0.4,0.6,0.4,1.5,1.9,1,1,1.9,1.8,1.3,1,1.2,1,1.2,0.9,1.1,1.2,1.2,0.8,0.7,0.8,0.7,
大園,2025/03/08 00:00:00,NO2,3.6,3,3.2,3.1,4.2,8.8,10,6.3,8.6,14.3,8.9,7.7,6.9,6.3,8.2,8.6,8.3,10.6,14.6,12.1,12.3,16.5,23.8,25.1,
大園,2025/03/08 00:00:00,NOx,4.2,3.7,3.7,3.8,4.7,10.3,11.9,7.4,9.6,16.2,10.7,9,7.9,7.6,9.2,9.8,9.3,11.7,15.9,13.3,13.2,17.2,24.7,25.8,
大園,2025/03/08 00:00:00,O3,51.7,52.5,52.5,52.7,51.1,47.1,44.7,47.5,44.8,40.1,43.9,46.9,49.2,51.7,50,50,50.1,48.1,45,47,45.3,39.9,30.4,29.6,
大園,2025/03/08 00:00:00,PM10,21,27,25,25,27,24,24,25,29,33,30,32,27,31,32,24,25,27,30,26,23,18,22,24,
大園,2025/03/08 00:00:00,PM2.5,13,12,10,11,14,12,11,12,9,16,10,10,10,11,15,12,11,11,11,10,8,8,12,10,
大園,2025/03/08 00:00:00,RAINFALL,0,0,0,0,0,0,0,0,0,0,0,0,0,0,0,0,0,0,0,0,0,0,0,0,
大園,2025/03/08 00:00:00,RH,92,91,89,89,89,90,89,88,84,85,85,85,83,84,83,83,81,78,78,78,77,77,78,78,
大園,2025/03/08 00:00:00,SO2,0.4,1.1,1.2,1.2,1.2,1.4,1.5,1.3,1.2,1.8,1.8,1.4,1.4,1.3,1.4,1.8,1.5,3.8,3.5,2.1,1.7,1.7,1.9,2.2,
大園,2025/03/08 00:00:00,WD_HR,31,30,28,28,27,31,33,27,32,33,30,30,31,29,34,35,37,42,51,59,62,61,62,62,
大園,2025/03/08 00:00:00,WIND_DIREC,32,28,25,30,29,33,27,27,31,33,28,30,28,33,32,32,35,39,52,62,59,63,61,61,
大園,2025/03/08 00:00:00,WIND_SPEED,5.3,5.2,6,5.3,5.8,5.4,5.3,4.6,4.2,4.4,5.6,6.2,6.9,6.7,6.9,6.9,6.2,4.3,4.8,4.8,3.6,2.9,3,3.5,
大園,2025/03/08 00:00:00,WS_HR,5.9,5.5,5.6,5.6,5.1,5.3,4.9,5.3,4.3,4.6,5.3,6,6.3,7.3,6.1,6,5.9,4.6,4.1,4.3,3.9,2.9,2.7,2.8,
大園,2025/03/09 00:00:00,AMB_TEMP,15.8,15.9,16.1,16.3,16.2,16.4,16.4,16.8,17.5,18.2,17.7,17.8,18.1,18.5,18.6,18.4,17.9,17.2,17,16.9,16.8,17,17.2,17.2,
大園,2025/03/09 00:00:00,CO,0.26,0.2,0.2,0.19,0.17,0.19,0.21,0.22,0.2,0.19,0.17,0.18,0.18,0.19,0.18,0.18,0.18,0.18,0.17,0.18,0.17,0.17,0.18,0.17,
大園,2025/03/09 00:00:00,NO,0.6,0.4,0.5,0.6,0.6,0.8,0.9,2,1.8,3.6,1.3,1.3,1.2,1.5,1.5,1.3,1.5,1.3,1,0.8,1,1,0.5,0.7,
大園,2025/03/09 00:00:00,NO2,22.3,8.6,7.7,8.4,5.6,7.5,13.5,17.3,10.8,14.1,3.8,5,5.2,5.6,5.5,6.4,8.6,9,5.5,8.5,7.4,6.2,5.3,7.2,
大園,2025/03/09 00:00:00,NOx,23,9,8.3,9,6.3,8.3,14.5,19.3,12.6,17.7,5.2,6.3,6.4,7.2,7.1,7.8,10.2,10.3,6.6,9.3,8.4,7.2,5.8,8,
大園,2025/03/09 00:00:00,O3,34.3,44.2,45.4,45.4,47.9,44.6,38.3,35.6,42.4,41.2,49.9,49.5,49.3,48.5,48.7,47.8,44.8,45.1,49.9,49.6,48.2,46.2,45.6,43.3,
大園,2025/03/09 00:00:00,PM10,18,28,30,27,26,25,30,28,29,28,26,32,32,30,30,35,30,27,18,19,15,19,16,14,
大園,2025/03/09 00:00:00,PM2.5,10,12,15,11,6,9,10,7,12,8,11,14,12,11,11,12,12,9,10,9,11,9,7,10,
大園,2025/03/09 00:00:00,RAINFALL,0,0,0,0,0,0,0,0,0,0,0,0,0,0,0,0,0,0,0,0,0,0,0,0,
大園,2025/03/09 00:00:00,RH,78,78,79,79,79,79,78,78,76,73,71,72,71,69,69,71,73,77,85,92,96,98,99,99,
大園,2025/03/09 00:00:00,SO2,2.3,1.2,1.1,1.8,1.8,3,1.3,3.6,1.7,2.8,0.8,0.7,0.9,0.9,1,1.4,1.8,2.1,0.9,2.8,2.2,1,0.7,0.8,
大園,2025/03/09 00:00:00,WD_HR,65,61,56,57,43,55,56,42,41,35,31,35,35,35,36,36,35,34,34,35,35,30,31,29,
大園,2025/03/09 00:00:00,WIND_DIREC,64,65,51,59,39,57,51,62,38,33,35,36,32,36,35,38,36,33,38,34,33,29,34,35,
大園,2025/03/09 00:00:00,WIND_SPEED,3.5,2.9,2.8,3.5,3.8,3.4,2.6,3.9,5.6,7.1,7.2,7.3,6.8,6.1,6.9,6,7.1,6.7,5.9,6.1,5.8,4.3,4.1,3.8,
大園,2025/03/09 00:00:00,WS_HR,3.1,2.8,2.6,3.1,3.4,3.3,2.9,3.8,4.2,5.9,7.4,7,6.9,6.1,6.5,6.5,6.4,6.2,6.5,6,5.5,4.7,4.6,3.5,
大園,2025/03/10 00:00:00,AMB_TEMP,17.3,17,16.9,16.8,16.9,16.5,16.7,17.5,17.9,17.2,17.5,16.7,17.3,17.6,17.7,16.7,16.3,15.9,15.4,15.5,15.5,15.6,15.6,15.5,
大園,2025/03/10 00:00:00,CO,0.23,0.17,0.17,0.18,0.17,0.16,0.24,0.33,0.22,0.22,0.2,0.21,0.22,0.21,0.21,0.23,0.24,0.25,0.21,0.24,0.24,0.26,0.31,0.35,
大園,2025/03/10 00:00:00,NO,2.3,0.9,0.9,1.9,0.8,2,2.3,5.5,3.5,2.6,2.3,2.1,2.3,2,2.2,2.1,1.6,1.5,1.7,1.9,1.8,1.5,1.8,2.6,
大園,2025/03/10 00:00:00,NO2,22.9,5.3,7.4,13.5,5.9,13.1,19.8,25.5,13,12.1,11.4,10.6,9.7,10,12.2,13.3,13.3,15.8,15.5,19.7,21,21.8,37.1,37.4,
大園,2025/03/10 00:00:00,NOx,25.2,6.3,8.4,15.5,6.7,15.1,22.1,31.1,16.5,14.7,13.8,12.7,12,12,14.5,15.5,15,17.3,17.3,21.6,22.8,23.3,39,40,
大園,2025/03/10 00:00:00,O3,31.4,45.6,43.3,37.1,46.6,37.5,31,24.3,37.4,39.3,41.9,45,47.4,48.9,48.6,49.7,49,43.9,39.9,34.2,26.5,24.9,7.4,9.6,
大園,2025/03/10 00:00:00,PM10,27,22,23,19,21,24,21,36,36,40,40,47,53,57,61,57,56,52,46,47,35,31,32,35,
大園,2025/03/10 00:00:00,PM2.5,9,5,6,9,5,8,9,13,13,16,19,14,15,13,18,20,13,15,21,21,21,23,31,22,
大園,2025/03/10 00:00:00,RAINFALL,0,0,0,0,0,0,0,0,0,0,0,0,0,0,0,0,0,0,0,0,0,0,0,0,
大園,2025/03/10 00:00:00,RH,99,98,98,99,99,99,100,99,97,97,97,98,96,96,96,97,98,99,100,100,100,100,100,100,
大園,2025/03/10 00:00:00,SO2,5.6,1.2,1.3,1.4,1.1,1.2,1.4,1.9,1.2,1,1.2,1.1,1.2,1.4,1.8,1.9,1.4,1.3,1.4,2.5,5.9,5.5,5.6,6.7,
大園,2025/03/10 00:00:00,WD_HR,20,23,30,21,1,26,28,355,1,358,0,356,355,357,343,344,360,14,23,15,20,337,348,0,
大園,2025/03/10 00:00:00,WIND_DIREC,20,27,25,11,8,30,33,353,358,358,0,358,355,3,344,350,7,18,19,10,14,256,238,351,
大園,2025/03/10 00:00:00,WIND_SPEED,2.8,3.5,1.9,2.9,4,2.7,0.7,3.8,4.2,2.9,3.6,3.4,2.9,2.2,3,3.5,3.3,2.6,2.4,1.8,1.1,0.6,0.5,1.3,
大園,2025/03/10 00:00:00,WS_HR,2.3,3.3,2.6,2.3,3.8,2.6,1.4,1.7,3.4,3.6,3.7,3.7,2.5,2.1,2.2,3,2.7,2.2,2.3,1.6,1.3,0.3,0.5,1.2,
大園,2025/03/11 00:00:00,AMB_TEMP,15.4,15.6,15.7,15.7,15.7,15.8,15.7,15.9,16.3,17.3,16.9,17.5,20.3,23.9,26.6,23.3,20,18.4,17.3,16.9,17,17.2,17.3,17.2,
大園,2025/03/11 00:00:00,CO,0.22,0.18,0.18,0.18,0.19,0.19,0.2,0.28,0.33,0.48,0.24,0.21,0.27,0.29,0.33,0.3,0.26,0.27,0.21,0.21,0.3,0.32,0.29,0.28,
大園,2025/03/11 00:00:00,NO,1.7,1.2,0.9,1.1,1.6,1.8,2.5,4.6,7.7,25.6,4.7,4.6,7.5,3.6,2,4.1,3,2.3,1.9,1.2,1.7,2.9,3.3,1.5,
大園,2025/03/11 00:00:00,NO2,10.4,5.8,7.4,11.5,12.7,14.3,13.4,21.6,27.9,44.3,17.2,14.2,22.7,14.7,16.1,23,17,17.2,10.5,10.4,32.2,42.2,31.3,23.3,
大園,2025/03/11 00:00:00,NOx,12.2,7.1,8.4,12.7,14.3,16.2,15.9,26.2,35.7,69.9,21.9,18.8,30.3,18.4,18.2,27.2,20.1,19.5,12.5,11.7,34,45.1,34.7,24.8,
大園,2025/03/11 00:00:00,O3,35.9,38.2,32.4,25.4,25,23.9,21.7,15.8,13.3,8.9,24.7,28.1,33.7,57.4,67,43.5,44.5,40.4,46.1,45.5,21.3,11.4,18.3,17.6,
大園,2025/03/11 00:00:00,PM10,22,10,20,20,18,12,15,25,38,49,35,30,35,38,42,49,32,35,40,34,32,31,34,26,
大園,2025/03/11 00:00:00,PM2.5,14,10,9,19,13,13,11,16,26,38,24,15,23,24,24,23,20,22,20,20,25,18,18,18,
大園,2025/03/11 00:00:00,RAINFALL,0,0,0,0,0,0,0,0,0,0,0,0,0,0,0,0,0,0,0,0,0,0,0,0,
大園,2025/03/11 00:00:00,RH,100,100,100,100,100,100,100,100,100,100,100,99,99,87,64,69,86,96,98,100,100,100,100,100,
大園,2025/03/11 00:00:00,SO2,4.1,1,1,1.5,1.7,1.4,1.3,1.7,5.9,7.3,1.6,1.5,7.3,3,2,2.2,1.8,1.3,1,1.2,5.1,7.9,6.6,2.1,
大園,2025/03/11 00:00:00,WD_HR,10,64,23,359,14,18,35,37,9,69,8,29,66,175,208,355,356,6,17,22,30,30,95,53,
大園,2025/03/11 00:00:00,WIND_DIREC,86,156,50,24,9,13,83,17,351,3,25,62,131,190,230,353,359,12,28,12,60,8,104,41,
大園,2025/03/11 00:00:00,WIND_SPEED,0.3,0.2,0.7,0.9,1.2,2.1,1.1,1,1,3.1,3.3,2.5,1.1,1.7,1.1,3.3,3,3.8,3.2,2.3,1.4,1.6,1.3,0.7,
大園,2025/03/11 00:00:00,WS_HR,1,0.3,0.5,1.2,0.6,1.1,1.5,1.3,0.9,0.7,3.4,2.7,1.4,1.3,1.3,2.8,3.3,2.6,3.1,2.1,1.3,0.9,1.4,0.6,
大園,2025/03/12 00:00:00,AMB_TEMP,17.1,16.9,16.8,17.3,17.9,17.1,17,17.6,19,22,25.9,27.7,27.6,26.4,26.4,23.3,21.9,21.6,21.2,22.1,22.9,23,23.1,21.7,
大園,2025/03/12 00:00:00,CO,0.33,0.42,0.43,0.61,0.6,0.34,0.3,0.42,0.43,0.54,0.57,0.2,0.32,0.39,0.42,0.37,0.37,0.53,0.46,0.51,0.46,0.4,0.35,0.39,
大園,2025/03/12 00:00:00,NO,2.9,35.2,45.5,9.6,11,5.2,2.8,4.6,9.2,9.1,13.3,1.1,1.7,4.2,5.7,6,7.7,7.6,3.3,3.3,2.5,1.5,1,4,
大園,2025/03/12 00:00:00,NO2,33,46.7,40.5,32.2,33.2,24.2,20.5,22.8,23.1,23.4,30.6,6.4,12.5,22.5,28.2,25.1,26.2,38.6,42.4,41.3,30.1,23.5,18.8,31.7,
大園,2025/03/12 00:00:00,NOx,35.9,81.9,86,41.9,44.3,29.5,23.3,27.4,32.3,32.5,43.9,7.5,14.3,26.7,33.9,31.1,33.9,46.3,45.7,44.7,32.6,25,19.8,35.8,
大園,2025/03/12 00:00:00,O3,13.1,3.3,#,#,#,11.5,14.5,12.7,10.8,16.7,22.7,35,39.3,45.3,40,35.1,23.2,12.2,5.8,1.9,3.5,6.4,10.8,2.8,
大園,2025/03/12 00:00:00,PM10,20,22,27,52,53,24,19,22,40,54,58,13,29,44,55,42,42,49,44,53,46,37,28,45,
大園,2025/03/12 00:00:00,PM2.5,11,12,20,41,33,19,14,16,29,40,34,7,13,27,35,31,28,34,27,34,26,17,14,25,
大園,2025/03/12 00:00:00,RAINFALL,0,0,0,0,0,0,0,0,0,0,0,0,0,0,0,0,0,0,0,0,0,0,0,0,
大園,2025/03/12 00:00:00,RH,100,100,100,100,100,100,100,100,99,98,80,62,54,61,59,73,83,87,89,88,88,87,87,90,
大園,2025/03/12 00:00:00,SO2,7.1,8.1,4.1,2,1.8,1.9,1.7,1.5,1.7,1.9,2.1,1.2,2,4.6,5.8,5.1,3.5,4.8,4,2.8,1.5,1.3,1.1,1.8,
大園,2025/03/12 00:00:00,WD_HR,17,101,117,153,98,350,27,304,165,182,190,222,263,340,338,332,358,346,139,203,181,204,176,24,
大園,2025/03/12 00:00:00,WIND_DIREC,69,96,146,152,350,349,14,255,199,168,215,234,327,315,351,357,351,343,184,196,171,201,135,30,
大園,2025/03/12 00:00:00,WIND_SPEED,0.8,1.1,1.3,1.7,1,1.4,0.6,0.7,1.1,1.1,2.1,2.5,2.3,1.5,3.1,2.7,2.2,1.6,0.9,1.4,0.9,1.3,0.9,2.4,
大園,2025/03/12 00:00:00,WS_HR,1.1,1,1.1,1.8,0.4,1.4,0.7,0.5,0.7,1,1.8,2.4,1.6,1.8,2.5,2.7,2.4,1.3,0.5,1.2,0.9,1.1,0.8,1.5,
大園,2025/03/13 00:00:00,AMB_TEMP,21.2,20.9,20.5,20.9,21.1,21.6,21.8,21.9,20.8,19.9,19,17,18.6,20.1,20.4,19.5,17.5,16.6,16.3,16.9,17.1,17.1,16.8,16.8,
大園,2025/03/13 00:00:00,CO,0.47,0.44,0.36,0.46,0.46,0.46,0.48,0.53,0.38,0.31,0.28,0.22,0.25,#,0.35,#,0.24,0.21,0.21,0.21,0.21,0.23,0.21,0.21,
大園,2025/03/13 00:00:00,NO,42.2,21.2,6.3,22.1,26.3,19.3,20.8,21.2,10.2,12.4,8.1,7.5,10.8,#,19.6,17.7,3.8,2,1.4,1.2,1,1.1,0.8,0.9,
大園,2025/03/13 00:00:00,NO2,50.8,41.2,32.6,36.6,34.3,31.3,29.2,27.5,24.6,26,19.6,14.7,18,#,28.9,24.6,15.2,13.1,9.5,9.2,7.6,10.8,7.1,5.2,
大園,2025/03/13 00:00:00,NOx,93.1,62.5,39,58.8,60.6,50.6,50,48.8,34.9,38.4,27.8,22.2,28.9,#,48.5,42.3,19,15.2,10.9,10.4,8.7,12,7.9,6.2,
大園,2025/03/13 00:00:00,O3,#,#,0.3,#,#,#,0.1,1.4,5.5,3.7,7.3,13.7,11.6,8.8,#,9.8,23.5,30.8,41,42.5,45.1,41.2,41.7,41.9,
大園,2025/03/13 00:00:00,PM10,49,53,48,57,49,42,47,47,27,16,16,18,18,2,#,34,40,27,30,20,20,21,13,17,
大園,2025/03/13 00:00:00,PM2.5,31,28,29,30,29,23,22,25,20,12,12,10,8,#,16,24,13,11,14,13,11,9,6,8,
大園,2025/03/13 00:00:00,RAINFALL,0,0,0,0,0,0,0,1,7,12,2.5,2,0,#,#,0,0,0,0.5,0,0,0,0,0,
大園,2025/03/13 00:00:00,RH,91,92,94,93,94,92,92,94,96,99,100,100,99,99,100,100,100,100,100,100,100,100,100,100,
大園,2025/03/13 00:00:00,SO2,12,11,4.8,7.3,8.4,5.9,4.3,4,2.9,2.2,1,1.3,2.3,#,0.8,2.6,0.9,0.7,1,0.6,0.5,2.2,0.5,0.5,
大園,2025/03/13 00:00:00,WD_HR,3,347,62,235,171,159,315,29,317,265,353,32,126,258,0,344,25,36,35,33,33,32,33,26,
大園,2025/03/13 00:00:00,WIND_DIREC,303,29,158,279,169,337,303,16,336,196,25,29,179,152,343,3,26,36,31,32,34,34,28,30,
大園,2025/03/13 00:00:00,WIND_SPEED,1.3,0.3,1.1,0.6,1.6,1.1,1,1.5,2.4,1.5,4.8,4.5,2.1,0.5,2.3,3.6,4,5.1,5.2,4.3,4,4.3,3.8,4.4,
大園,2025/03/13 00:00:00,WS_HR,0.4,0.5,0.1,0.6,0.9,0.3,1,0.3,1.8,0.7,2.7,4,1.6,0.2,0.8,2.3,3.2,4.5,5.1,4,4,4.1,4.1,4,
大園,2025/03/14 00:00:00,AMB_TEMP,16.9,17.3,17.2,16.9,16.5,15.6,15.3,15.4,16.2,16.3,16.1,17.5,18.2,19.1,18.3,17.2,16.3,16.1,16.1,16.3,16.4,16.1,15.6,15.6,
大園,2025/03/14 00:00:00,CO,0.2,0.23,0.23,0.23,0.24,0.24,0.27,0.28,0.28,0.28,0.31,0.36,0.5,0.5,0.4,0.26,0.26,0.26,0.25,0.23,0.23,0.22,0.21,0.24,
大園,2025/03/14 00:00:00,NO,0.9,0.7,0.7,0.1,0.7,1.5,2.1,2.6,4,2.5,3.5,6,9.3,14.1,15.6,2.7,1.8,1.7,1.9,1.3,1.2,1.3,1.1,1,
大園,2025/03/14 00:00:00,NO2,5.8,4.6,4.7,5.5,6.7,8.6,14.4,15.2,16.3,13.3,20.3,30.5,35.7,36.6,26.9,10.7,10.7,16.5,15.7,9.4,10.7,9,10.1,17.9,
大園,2025/03/14 00:00:00,NOx,6.7,5.3,5.4,5.7,7.4,10.1,16.5,17.8,20.3,15.8,23.9,36.5,45,50.7,42.5,13.4,12.6,18.2,17.7,10.7,12,10.3,11.3,18.9,
大園,2025/03/14 00:00:00,O3,42.5,43.3,42.6,41.2,42.6,35.6,29.3,26,23.8,31.5,26.8,16.1,9.8,9.4,21.4,38.1,39.5,33.9,32,37.6,34.6,33.9,31.5,19.9,
大園,2025/03/14 00:00:00,PM10,19,17,19,23,35,24,27,18,20,17,13,14,19,15,19,21,22,22,21,22,30,27,21,26,
大園,2025/03/14 00:00:00,PM2.5,6,7,5,5,7,15,9,7,9,6,0,5,10,8,6,15,20,18,14,12,13,14,9,11,
大園,2025/03/14 00:00:00,RAINFALL,0,0,0,0,0,0,0,0,0,1.5,0,1,0,0.5,1,0,0,0,0,0,0,0,0,0,
大園,2025/03/14 00:00:00,RH,100,100,100,100,100,100,100,100,100,100,100,99,99,100,100,100,100,100,100,100,100,100,100,100,
大園,2025/03/14 00:00:00,SO2,0.4,0.4,0.5,0.7,0.8,0.6,1,1.3,1.4,0.8,1.6,1.1,1.3,1.1,1.7,0.8,0.8,0.8,0.7,0.6,0.6,0.5,1,1.2,
大園,2025/03/14 00:00:00,WD_HR,29,17,11,19,28,28,42,34,25,11,83,123,138,61,16,26,31,33,34,31,21,26,35,85,
大園,2025/03/14 00:00:00,WIND_DIREC,27,4,28,28,21,31,38,30,11,30,135,124,165,354,32,27,29,34,37,30,11,33,53,82,
大園,2025/03/14 00:00:00,WIND_SPEED,3.1,3.7,3.7,4.3,5,4.7,2.6,3.3,3.5,6.1,2.4,2.3,1.4,2.1,3.6,5.2,4.4,3.3,3.2,2.6,3.8,4.5,2.4,1,
大園,2025/03/14 00:00:00,WS_HR,3.3,3.1,3.1,3.2,4.5,4.7,3.4,3.6,3.5,4.7,2.5,1.6,1.5,0.7,2.6,4,4.5,3.8,3.4,3.1,2.9,3.9,3.5,1.5,
大園,2025/03/15 00:00:00,AMB_TEMP,16.1,16.4,16.9,16.8,15.5,15.8,16.4,16.9,17.5,18.1,17.5,17.6,16.5,16.7,16.4,15.5,15.4,15.1,15,14.8,14.6,14,13.5,13.8,
大園,2025/03/15 00:00:00,CO,0.29,0.31,0.34,0.33,0.24,0.27,0.32,0.41,0.49,0.46,0.29,0.27,0.32,0.28,0.24,0.24,0.23,0.21,0.19,0.17,0.17,0.17,0.17,0.17,
大園,2025/03/15 00:00:00,NO,2.2,2.4,3.1,3.3,1.3,1.1,2.1,9.3,18.8,30.2,4.5,3.8,3.5,5.2,2.2,1.7,1.9,1.1,1.1,1.1,1.1,1,1.1,1.7,
大園,2025/03/15 00:00:00,NO2,28.5,28.4,27.2,20.7,8.2,12.3,18.4,27.9,31.1,36.1,18.5,19.3,17.6,20.4,9.6,11.8,9.8,5.9,6.8,6.3,4.9,5,5.7,4.8,
大園,2025/03/15 00:00:00,NOx,30.7,30.8,30.4,24,9.5,13.5,20.6,37.3,49.9,66.4,23,23.1,21.1,25.7,11.8,13.5,11.7,7,7.9,7.5,6,6,6.8,6.5,
大園,2025/03/15 00:00:00,O3,9.1,5.3,2.3,10.4,34.9,27,17.1,6.5,3.7,6.2,19.3,25.3,21.2,23.5,34.3,36.6,40.9,43.1,40.9,40.4,39.2,39,36.6,37.7,
大園,2025/03/15 00:00:00,PM10,41,42,54,42,13,14,9,10,10,30,10,7,7,8,16,19,16,16,22,23,20,13,14,16,
大園,2025/03/15 00:00:00,PM2.5,11,15,19,19,0,3,6,6,11,17,4,7,6,3,3,4,7,12,8,11,9,6,4,6,
大園,2025/03/15 00:00:00,RAINFALL,0,0,0,6.5,4.5,0,0,5,0.5,0,10.5,3,6.5,0.5,1,1.5,0,0,0,0,0,0,0,0,
大園,2025/03/15 00:00:00,RH,100,100,100,100,100,100,99,99,99,99,99,99,99,100,99,99,100,100,100,99,99,100,100,100,
大園,2025/03/15 00:00:00,SO2,1,1.6,1.2,2.7,0.9,1.4,0.8,0.7,0.8,3.7,1.3,1.4,1.1,1.7,1.1,2,1.5,0.8,0.8,0.8,0.8,0.7,0.8,0.8,
大園,2025/03/15 00:00:00,WD_HR,18,296,290,332,18,152,140,109,106,18,7,53,17,50,18,42,29,33,34,34,31,30,34,30,
大園,2025/03/15 00:00:00,WIND_DIREC,54,293,274,344,45,165,98,131,100,8,47,136,52,7,28,43,26,34,34,31,28,35,34,28,
大園,2025/03/15 00:00:00,WIND_SPEED,1,1,1.6,7.4,2.4,3.1,1.1,1.1,1.4,2.6,1.1,1.1,2.8,4.1,5.7,4.6,8.7,6.5,6.7,7.7,7.2,6.7,6.5,6.5,
大園,2025/03/15 00:00:00,WS_HR,0.6,0.6,0.9,3.5,3.5,3.1,0.8,0.8,0.9,1.7,2.7,1.3,2.7,2.7,4.9,4.6,6.2,6.2,6.3,6.7,6.7,6.6,6.1,6.4,
大園,2025/03/16 00:00:00,AMB_TEMP,13.2,12.8,12.8,12.9,13.1,12.7,13,13.2,13.1,13.6,13.9,14.1,14.1,14.5,14.6,14.3,13.7,13.6,13.5,13.4,13.3,13.2,13.3,13.5,
大園,2025/03/16 00:00:00,CO,0.17,0.16,0.16,0.17,0.19,0.2,0.21,0.21,0.22,0.22,0.22,0.21,0.2,0.2,0.2,0.2,0.23,0.26,0.28,0.27,0.28,0.28,0.27,0.3,
大園,2025/03/16 00:00:00,NO,1.1,0.9,1,1.2,1.5,2.4,2.3,1.8,3.9,1.7,1.8,2,2.2,1.7,1.5,1.3,1.4,1.7,1.5,1.3,1.3,1,0.9,0.9,
大園,2025/03/16 00:00:00,NO2,4.3,4,3.4,3.4,5.5,10.9,8.5,5.4,10.4,6,5,7.1,6.4,5.2,5.2,5.7,7.2,10.9,15.6,10.3,17.9,11,11.6,8.7,
大園,2025/03/16 00:00:00,NOx,5.4,4.9,4.4,4.6,7.1,13.3,10.8,7.2,14.3,7.7,6.8,9.1,8.6,6.9,6.8,7.1,8.6,12.6,17.1,11.7,19.2,12,12.5,9.7,
大園,2025/03/16 00:00:00,O3,38.9,41.2,41.6,39.9,36,30.7,33,37.8,34.2,36.8,42,43.8,46.7,51,52.4,56.2,58.6,59.1,52.1,56.8,48.7,53.4,54.1,51.3,
大園,2025/03/16 00:00:00,PM10,24,14,13,9,14,14,15,17,14,15,15,19,22,16,20,29,48,53,53,47,52,49,53,53,
大園,2025/03/16 00:00:00,PM2.5,5,3,2,4,6,3,3,4,3,3,9,10,7,7,6,17,*,27,28,28,28,27,31,28,
大園,2025/03/16 00:00:00,RAINFALL,3.5,3,0.5,0.5,0,0,0,0,0,0,0,0,0,0,0,0,0,0,0,0,0,0,0,0,
大園,2025/03/16 00:00:00,RH,100,100,100,99,98,99,96,91,89,81,72,67,61,56,54,50,50,51,52,52,52,53,51,52,
大園,2025/03/16 00:00:00,SO2,0.8,0.8,0.7,0.9,0.8,1,1.1,1,1,1,1,1.1,1.2,1,1,1.2,1.2,1.9,1.5,1.3,1.4,1,1.1,1.2,
大園,2025/03/16 00:00:00,WD_HR,27,27,29,28,33,35,35,35,36,32,33,34,36,38,35,34,35,46,78,75,77,79,77,71,
大園,2025/03/16 00:00:00,WIND_DIREC,25,28,27,32,32,34,37,38,33,34,30,32,34,35,32,33,34,60,80,76,83,79,77,65,
大園,2025/03/16 00:00:00,WIND_SPEED,7.2,7.1,7.2,5.6,6.7,5.6,5.2,5.4,6.2,5.9,6,6.2,6.6,6.5,6.7,6.7,6.2,5.1,3.9,4.6,3.8,3.7,3.8,4.8,
大園,2025/03/16 00:00:00,WS_HR,6.6,6.5,6.5,6.6,5.9,5.6,5.3,5.4,5.5,5.8,5.8,5.6,5.6,5.7,5.6,6.3,6,5.1,4,4.3,3.7,3.6,3.7,4,
大園,2025/03/17 00:00:00,AMB_TEMP,13.8,13.8,13.4,13,12.7,12.6,12.6,12.6,12.5,12.5,12.6,12.5,12.4,12.4,12.8,12.9,12.8,12.9,12.8,12.6,12.8,12.8,13.1,13.3,
大園,2025/03/17 00:00:00,CO,0.33,0.31,0.29,0.28,0.27,0.27,0.28,0.3,0.27,0.26,0.28,0.26,0.24,0.24,0.23,0.23,0.23,0.26,0.25,0.27,0.34,0.35,0.31,0.3,
大園,2025/03/17 00:00:00,NO,1.1,1.8,2.1,1.8,1.8,1.8,2.4,4.4,3.8,6.3,8.3,5.3,3.5,3.2,3.1,3.2,2.9,3.1,2.9,2.2,2.8,2.5,2.4,2.2,
大園,2025/03/17 00:00:00,NO2,12.1,8.3,6.1,5.3,4.3,5.5,7.2,18,13.6,23.1,24.6,19.7,11.8,11.8,10.5,10.6,11.6,16.1,16.7,18.3,27.9,23.2,24.2,23.1,
大園,2025/03/17 00:00:00,NOx,13.2,10.2,8.3,7.1,6.2,7.3,9.6,22.5,17.4,29.4,33,25,15.4,15.1,13.7,13.8,14.6,19.2,19.6,20.5,30.7,25.8,26.7,25.3,
大園,2025/03/17 00:00:00,O3,42.2,45.6,49,49.9,50,48,45.9,37,40.3,33.9,32.1,39.3,44.6,46.7,49,50,49.5,44.1,43.7,39.3,29.9,33.1,32.7,31.4,
大園,2025/03/17 00:00:00,PM10,52,57,54,54,54,46,47,45,48,47,49,47,45,39,38,40,40,39,38,35,41,30,33,30,
大園,2025/03/17 00:00:00,PM2.5,35,34,30,31,28,25,25,28,28,24,24,26,23,18,21,21,21,21,16,18,20,19,16,18,
大園,2025/03/17 00:00:00,RAINFALL,0,0,0,0,0,0,0,0,0,0,0,0,0,0,0,0,0,0,0,0,0,0,0,0,
大園,2025/03/17 00:00:00,RH,52,53,55,55,54,54,54,54,53,53,51,50,52,52,51,51,52,53,53,55,54,56,57,58,
大園,2025/03/17 00:00:00,SO2,1.4,2.4,2.3,2.5,1.3,1.9,2.8,3.8,2.4,2,3.4,3.6,2.1,3.2,3.1,2.8,3,4.8,3.4,2.1,2.3,2.1,2.1,2.2,
大園,2025/03/17 00:00:00,WD_HR,62,57,42,38,37,40,44,46,37,39,44,40,36,39,38,36,36,40,58,72,56,62,53,60,
大園,2025/03/17 00:00:00,WIND_DIREC,61,47,38,38,35,43,51,43,37,45,47,40,42,37,38,41,35,45,68,68,59,65,45,62,
大園,2025/03/17 00:00:00,WIND_SPEED,5.4,6.3,6.5,7.8,6.3,5.5,5.5,5.4,7.4,5.5,5.8,5.1,4.8,5.6,6.2,4.6,5.6,4,3.2,2.6,2.5,2.7,2.3,2.5,
大園,2025/03/17 00:00:00,WS_HR,4.9,5.1,6.4,6.7,6.6,5.9,5.5,5.3,6.8,5.5,4.9,5.5,5.7,5.3,5.2,5.7,5.4,3.8,3.4,2.8,2.5,2.6,2.3,2.2,
大園,2025/03/18 00:00:00,AMB_TEMP,13.6,13.9,13.9,13.7,13.8,13.6,13.4,14,14.5,15.1,16.1,15.9,15.7,15.4,15.4,15.8,15.9,15.3,14.7,13.9,13.3,13.4,13.5,13.5,
大園,2025/03/18 00:00:00,CO,0.28,0.23,0.26,0.22,0.22,0.25,0.26,0.32,0.34,0.33,0.25,0.19,0.2,0.19,0.2,#,0.19,0.22,0.24,0.26,0.3,0.4,0.33,0.38,
大園,2025/03/18 00:00:00,NO,2.1,0.9,1,0.6,0.9,0.8,1.7,4.5,4.7,6.4,5.7,2.2,2.1,1.8,2,#,2.5,2.3,1.9,2,2.5,1.6,1.3,1.5,
大園,2025/03/18 00:00:00,NO2,23.5,15,22.8,11.5,11.8,20.5,26,30.2,27.9,27.3,17.5,9,13.4,12.3,13.5,#,12,16.5,19.7,20.9,31,24.9,15.7,16,
大園,2025/03/18 00:00:00,NOx,25.6,15.9,23.9,12.1,12.7,21.3,27.7,34.8,32.7,33.8,23.3,11.2,15.6,14.2,15.5,#,14.5,18.8,21.7,23,33.5,26.5,17,17.6,
大園,2025/03/18 00:00:00,O3,32.8,40.8,31.7,39.6,39.6,27.3,24.1,23.1,26.5,28,41.1,54.7,53.2,55.1,54.2,57.6,57.7,54.5,49.3,44.9,34,37,45.4,43.9,
大園,2025/03/18 00:00:00,PM10,25,19,29,26,29,27,28,27,27,31,32,29,29,16,#,27,29,28,28,22,24,36,27,21,
大園,2025/03/18 00:00:00,PM2.5,12,20,15,14,14,14,15,14,16,17,12,12,15,#,x,17,17,12,14,14,17,17,18,11,
大園,2025/03/18 00:00:00,RAINFALL,0,0,0,0,0,0,0,0,0,0,0,0,0,0,0,0,0,0,0,0,0,0,0,0,
大園,2025/03/18 00:00:00,RH,58,58,59,60,58,61,62,56,51,47,42,37,36,38,38,38,39,41,41,43,46,49,49,49,
大園,2025/03/18 00:00:00,SO2,2.4,1.9,8.3,1.9,1.9,1.8,1.6,1.8,1.9,2,2.3,1.7,3.3,2.1,2.6,#,2.7,4.4,2.8,2,2.4,2.4,3.4,2.9,
大園,2025/03/18 00:00:00,WD_HR,66,53,66,110,103,114,115,100,111,95,56,33,38,36,36,39,36,37,63,79,80,105,108,108,
大園,2025/03/18 00:00:00,WIND_DIREC,63,48,94,108,104,107,115,96,109,91,45,41,37,40,33,34,35,37,72,84,85,100,108,105,
大園,2025/03/18 00:00:00,WIND_SPEED,2.8,1.8,2.2,2.5,1.4,2.1,2.5,3,3.5,3.5,4.9,4.8,4.9,4.3,5.8,5.1,5.1,4.7,3.8,4.5,2.8,4.9,5.7,4.7,
大園,2025/03/18 00:00:00,WS_HR,2.8,2,1.5,2.6,2.2,1.6,2,2.7,3,3.2,3.4,5.4,4.7,4.7,4.6,4.9,4.7,4.3,3.3,3.6,3,3.9,5,4.9,
大園,2025/03/19 00:00:00,AMB_TEMP,14,14.1,14.7,14.9,14.7,14.5,14.9,15.3,15.1,15.5,16,17.1,17.7,17,17.4,17.4,16.5,16.2,15.2,14.8,14.5,14.3,14.1,13.8,
大園,2025/03/19 00:00:00,CO,0.25,0.23,0.22,0.21,0.21,0.28,0.27,0.3,0.28,0.28,0.27,0.25,0.25,0.23,0.25,0.25,0.26,0.3,0.3,0.27,0.28,0.31,0.28,0.27,
大園,2025/03/19 00:00:00,NO,2.6,1.4,1.2,1,1.3,1.3,1.6,3.1,2.8,3.2,3.8,3.9,2.3,2.2,2.5,2.1,2,2.2,1.7,1.3,1.4,1.1,1.3,1.4,
大園,2025/03/19 00:00:00,NO2,25.4,18,10.8,8.3,8.8,18.5,20.5,22.7,18.6,19.1,16.9,13.9,9.4,10,12.6,12.3,12.5,18.4,16.9,12.6,17.9,15.6,15.8,14.4,
大園,2025/03/19 00:00:00,NOx,28.1,19.4,12,9.3,10.1,19.8,22.1,25.8,21.5,22.3,20.7,17.9,11.8,12.2,15.1,14.5,14.6,20.6,18.6,13.9,19.4,16.8,17.1,15.8,
大園,2025/03/19 00:00:00,O3,40.3,50.6,58.5,60.3,58.3,48.4,48.2,44.8,46.7,46.3,48.6,52.9,60.2,63.8,61.6,61.8,61.1,53.8,54.2,59,57,55.1,53.8,54.4,
大園,2025/03/19 00:00:00,PM10,19,23,24,23,32,31,41,64,54,54,52,59,58,79,54,54,53,43,44,48,43,46,39,35,
大園,2025/03/19 00:00:00,PM2.5,14,17,13,10,18,14,18,23,24,26,19,19,24,24,21,20,19,22,24,22,20,16,21,16,
大園,2025/03/19 00:00:00,RAINFALL,0,0,0,0,0,0,0,0,0,0,0,0,0,0,0,0,0,0,0,0,0,0,0,0,
大園,2025/03/19 00:00:00,RH,46,47,44,43,45,49,56,58,58,56,53,48,44,47,45,44,47,47,49,49,50,51,53,54,
大園,2025/03/19 00:00:00,SO2,1.9,4.9,2,1.9,2.1,2.8,2.5,3,2.5,2.1,2.1,2.3,1.9,2.5,4.6,2.1,4.5,4.1,2.1,2.1,2.6,3.1,3.2,2.7,
大園,2025/03/19 00:00:00,WD_HR,89,49,55,64,66,67,62,56,58,62,63,71,67,35,50,63,40,70,78,86,94,94,90,79,
大園,2025/03/19 00:00:00,WIND_DIREC,67,53,61,64,70,67,58,51,60,66,61,80,60,37,70,43,46,75,84,94,100,97,80,82,
大園,2025/03/19 00:00:00,WIND_SPEED,3.8,3.1,3.7,3.9,3.3,3.7,3.7,5.5,5,4.4,4.6,6.7,6.1,7.1,5,5,4.6,4.3,4.3,6.2,5.9,5.8,3.9,3.2,
大園,2025/03/19 00:00:00,WS_HR,4.1,2.8,3.3,3.7,3.5,3.1,3.5,4.9,5.1,4.2,4.1,5,5.1,7.4,5.2,4.5,5.4,3.9,3.6,4.9,5.2,4.9,4.6,3.3,
大園,2025/03/20 00:00:00,AMB_TEMP,13.9,14,14,13.6,13.1,13,13.5,15,16.8,18,18.3,18.3,18,17.9,18.1,17.7,17.3,17.2,16.8,16,15.7,15.4,15.2,15,
大園,2025/03/20 00:00:00,CO,0.26,0.22,0.23,0.24,0.24,0.26,0.31,0.27,0.28,0.25,0.21,0.2,0.2,0.2,0.2,0.19,0.2,0.25,0.3,0.31,0.3,0.36,0.41,0.43,
大園,2025/03/20 00:00:00,NO,1.9,1.8,1.5,1.6,1.7,1.7,3.3,4.4,5,4.6,3.1,2.9,2.2,2.5,2.7,3,2.3,2.3,2,2,2,1.8,1.7,1.7,
大園,2025/03/20 00:00:00,NO2,23.1,8.7,9.4,10.3,12,17.9,35,22.6,20.1,17.4,12,9.7,8,7.7,9.3,10.4,10.7,18.7,21.7,21.5,23.7,22.9,20.9,21.2,
大園,2025/03/20 00:00:00,NOx,25.1,10.5,11,11.9,13.8,19.6,38.3,27.1,25.2,22,15.1,12.6,10.3,10.3,12.1,13.5,13.1,21,23.7,23.5,25.8,24.7,22.6,22.9,
大園,2025/03/20 00:00:00,O3,48.4,58.7,58.7,55.4,50.2,43.7,30.9,44.8,49.7,53.7,59.7,63.5,66.6,66.6,65,64.9,66.6,58.8,51.8,48.4,47.9,45.1,46,42.9,
大園,2025/03/20 00:00:00,PM10,34,33,36,35,35,38,39,38,44,34,41,40,37,39,36,41,40,40,34,32,30,27,31,28,
大園,2025/03/20 00:00:00,PM2.5,19,20,15,17,13,20,20,16,17,17,16,13,14,19,12,13,15,14,14,15,17,18,17,17,
大園,2025/03/20 00:00:00,RAINFALL,0,0,0,0,0,0,0,0,0,0,0,0,0,0,0,0,0,0,0,0,0,0,0,0,
大園,2025/03/20 00:00:00,RH,55,55,55,56,58,59,57,51,44,40,41,43,45,44,44,45,48,47,43,47,47,46,48,49,
大園,2025/03/20 00:00:00,SO2,2.9,1.9,1.9,2,1.6,1.6,2.1,2.3,2.2,2.6,2.9,1.8,1.5,1.6,1.7,1.8,1.7,4.9,1.9,2.3,2.1,2.2,3,3.2,
大園,2025/03/20 00:00:00,WD_HR,66,64,65,73,77,73,63,63,62,67,30,29,31,32,31,32,34,42,72,104,106,110,109,113,
大園,2025/03/20 00:00:00,WIND_DIREC,62,56,66,78,69,70,62,57,57,34,23,33,29,31,33,34,37,72,80,102,105,109,117,111,
大園,2025/03/20 00:00:00,WIND_SPEED,3.9,3.4,3,2.6,1.8,2,2.4,2.9,3.9,4.3,6.5,6.9,8.6,7.8,7.5,5.6,6.2,4,3.3,4.6,4.5,4.9,3.7,4.2,
大園,2025/03/20 00:00:00,WS_HR,3.6,3.2,3,2.6,2.1,2,1.8,2.9,3.4,3.8,5.2,6.8,7.5,7.6,7,6.7,6,4.3,3.2,4.2,4.4,4.1,3.8,3.7,
大園,2025/03/21 00:00:00,AMB_TEMP,15.2,15,14.6,14.2,13.9,14,14.1,16.4,19.3,21.1,22,22.2,22.5,22.4,21.9,21.6,21.2,21.3,20,18.8,18.1,17.2,16.8,16.2,
大園,2025/03/21 00:00:00,CO,0.39,0.26,0.24,0.26,0.26,0.27,0.31,0.43,0.33,0.25,0.25,0.21,0.2,0.19,0.2,0.2,0.21,0.27,0.3,0.28,0.43,0.34,0.34,0.4,
大園,2025/03/21 00:00:00,NO,3,1,1.1,2.7,0.9,0.7,4,20.6,9.6,4.5,3.3,2.7,1.9,1.2,1.6,1.8,1.6,1.6,1.2,0.8,0.6,0.4,0.6,0.8,
大園,2025/03/21 00:00:00,NO2,25.2,17.2,27.4,43.6,29.8,29.1,38.5,51.4,33.7,17.7,15,12.7,9.7,7.1,7.7,9.5,12.3,21.4,21.7,16.9,15.6,15.6,15.5,21,
大園,2025/03/21 00:00:00,NOx,28.2,18.3,28.5,46.3,30.8,29.9,42.5,72.1,43.3,22.3,18.3,15.5,11.6,8.4,9.4,11.3,14,23.1,23,17.7,16.3,16,16.1,21.9,
大園,2025/03/21 00:00:00,O3,39.7,44.4,34.9,18.7,30.8,31.4,22.7,16.3,34.9,51.4,56.2,61.8,67.3,69.2,68.8,67.6,64.9,55.5,54.7,58.9,56.5,55.4,51.8,42.3,
大園,2025/03/21 00:00:00,PM10,30,21,27,26,26,24,33,32,34,30,38,29,33,37,33,42,38,29,30,32,32,21,21,25,
大園,2025/03/21 00:00:00,PM2.5,17,15,14,16,14,17,15,17,13,9,10,*,*,13,10,13,15,12,11,14,15,13,12,12,
大園,2025/03/21 00:00:00,RAINFALL,0,0,0,0,0,0,0,0,0,0,0,0,0,0,0,0,0,0,0,0,0,0,0,0,
大園,2025/03/21 00:00:00,RH,49,49,51,53,55,55,54,47,35,25,23,27,26,27,29,33,37,33,34,38,41,44,45,47,
大園,2025/03/21 00:00:00,SO2,3,2.6,3,3,2.7,2.7,2.5,3.2,2.6,2.2,2,2.6,2.6,2.1,1.8,1.9,2,2.5,2.5,2.6,2.1,2.3,2.3,2,
大園,2025/03/21 00:00:00,WD_HR,110,93,86,99,102,96,97,54,62,82,72,28,27,29,30,31,29,84,95,107,116,129,129,149,
大園,2025/03/21 00:00:00,WIND_DIREC,113,56,103,86,102,101,88,65,69,97,49,25,27,26,34,32,28,90,90,116,130,130,141,160,
大園,2025/03/21 00:00:00,WIND_SPEED,3.8,1.2,1.9,1.4,1.7,2,1.7,2.2,3.1,5.5,4.9,5.6,6.8,7.1,6.6,5.9,4.7,4.5,3.8,3.6,1.9,2.7,1.9,1.5,
大園,2025/03/21 00:00:00,WS_HR,4.1,2.3,1.6,1.5,1.6,1.8,2,1.6,2.3,4.1,4.5,4.4,5.7,6.6,6.9,6.1,5.2,3.6,3.7,3.4,2.7,2.7,2.2,1.4,
大園,2025/03/22 00:00:00,AMB_TEMP,15.7,15.5,15,14.5,13.6,13,13.2,15.3,18.3,21.2,22.1,21.5,21,21.1,20.8,20.4,19.9,19.4,18.8,18.5,18.6,18.3,17.6,17.4,
大園,2025/03/22 00:00:00,CO,0.4,0.37,0.36,0.32,0.33,0.34,0.32,0.37,0.43,0.57,0.41,0.34,0.34,0.28,0.27,0.26,0.25,0.29,0.33,0.42,0.47,0.55,0.55,0.48,
大園,2025/03/22 00:00:00,NO,0.6,1.3,1.4,1.1,1.1,1.3,3.6,13.9,5.1,3.1,3.7,2.6,1.8,1.5,1.4,1.7,1.4,1.4,1.6,1.1,1.5,1.1,1.2,1.1,
大園,2025/03/22 00:00:00,NO2,20.1,20.8,20.5,16.2,19.3,26.3,22.9,28.6,19,16.1,19.4,15.9,11.7,11,9.4,12,12.4,16.9,27.7,42.6,35.3,32.6,27.6,23.7,
大園,2025/03/22 00:00:00,NOx,20.8,22.2,22,17.3,20.4,27.6,26.6,42.5,24.2,19.2,23.2,18.5,13.6,12.5,10.9,13.7,13.8,18.3,29.3,43.7,36.9,33.7,28.9,24.9,
大園,2025/03/22 00:00:00,O3,40.9,38.1,36.3,37.9,29,14.8,15.8,14.1,41.1,62.5,61.9,71.7,83.1,85,91.7,91.7,86.6,76.4,60.4,33.7,31.5,28.4,28.7,33.5,
大園,2025/03/22 00:00:00,PM10,36,26,28,28,24,30,39,38,39,71,53,47,40,33,37,45,42,38,42,44,56,35,42,32,
大園,2025/03/22 00:00:00,PM2.5,14,18,16,16,14,16,19,20,26,19,20,19,18,21,15,20,17,19,40,22,32,20,22,18,
大園,2025/03/22 00:00:00,RAINFALL,0,0,0,0,0,0,0,0,0,0,0,0,0,0,0,0,0,0,0,0,0,0,0,0,
大園,2025/03/22 00:00:00,RH,49,50,52,53,57,58,57,51,44,35,35,39,41,40,42,44,50,57,64,66,62,58,59,61,
大園,2025/03/22 00:00:00,SO2,1.8,1.1,1.4,1.5,1.1,1,0.9,1.2,1.7,1.7,2,2.1,2.1,2.1,2.2,2.6,2.5,2.3,8.3,7.5,2.4,1.7,1.8,1.6,
大園,2025/03/22 00:00:00,WD_HR,159,164,163,173,165,160,169,150,180,339,11,359,352,1,0,21,27,21,27,109,143,153,148,160,
大園,2025/03/22 00:00:00,WIND_DIREC,168,161,165,199,148,186,141,173,217,344,7,359,346,14,359,25,25,17,49,142,139,154,145,164,
大園,2025/03/22 00:00:00,WIND_SPEED,1.9,3.1,3.1,0.8,1.5,1,1,1.7,1,1,2.6,3.9,3.4,4,4.1,4.3,3.7,2.6,1,1.2,2.1,2.5,2.1,2.1,
大園,2025/03/22 00:00:00,WS_HR,1.8,2.6,2.9,1.7,1.1,1.2,0.9,1.3,1.2,0.4,1.7,3.3,3.2,3.1,3.7,3.5,3.3,2.3,1.5,0.6,1.8,2.1,2,2.1,
大園,2025/03/23 00:00:00,AMB_TEMP,17.1,16.6,16,16,15.6,15.1,15.7,17.8,20.3,22.3,23.1,22.8,23.7,23.6,23,22.5,21.8,21,20.4,20,19.8,19.2,18.9,19.1,
大園,2025/03/23 00:00:00,CO,0.43,0.4,0.41,0.38,0.41,0.4,0.49,0.43,0.33,0.31,0.4,0.48,0.35,0.31,0.27,0.28,0.26,0.3,0.29,0.37,0.37,0.48,0.54,0.44,
大園,2025/03/23 00:00:00,NO,1.2,1.6,1.2,1.3,1.3,1.6,2.5,3.8,3.6,2.3,2.1,2.1,1.8,1.7,1.7,1.8,1.5,1.5,1.2,1.3,1.2,1.1,1.4,1.5,
大園,2025/03/23 00:00:00,NO2,19,16.2,16.7,15,25.2,16.3,24.8,20.6,13.6,8.3,10.6,11.1,9.3,8.7,6.8,8,6.9,9.2,10.7,10.2,12.2,12.4,15.4,17.2,
大園,2025/03/23 00:00:00,NOx,20.3,17.9,18,16.4,26.6,17.9,27.4,24.4,17.2,10.7,12.8,13.3,11.1,10.4,8.5,9.8,8.5,10.8,12,11.6,13.4,13.5,16.9,18.7,
大園,2025/03/23 00:00:00,O3,34,37.4,36,39.2,26.2,25.1,19,25.5,44.1,61.1,69.8,76.2,84,86.3,80.9,78.1,78.9,75.6,69.6,63.9,56,47.8,46.5,49.8,
大園,2025/03/23 00:00:00,PM10,32,36,46,45,45,50,53,46,43,55,55,54,51,37,28,35,27,34,26,52,51,63,60,60,
大園,2025/03/23 00:00:00,PM2.5,21,18,31,27,30,27,35,26,25,26,31,25,26,23,15,20,18,17,19,34,33,37,46,35,
大園,2025/03/23 00:00:00,RAINFALL,0,0,0,0,0,0,0,0,0,0,0,0,0,0,0,0,0,0,0,0,0,0,0,0,
大園,2025/03/23 00:00:00,RH,62,59,60,63,62,67,70,60,56,54,52,52,42,39,41,46,48,54,57,57,55,63,65,61,
大園,2025/03/23 00:00:00,SO2,1.5,1.3,1.7,1.9,1.7,1.4,1.4,1.4,1.6,1.7,3.1,3.2,3.2,3.5,2.2,1.9,1.9,1.6,3.3,2.3,1.8,1.6,1.8,1.9,
大園,2025/03/23 00:00:00,WD_HR,189,185,189,159,152,152,155,144,169,217,316,327,318,345,351,356,3,358,240,211,208,196,207,292,
大園,2025/03/23 00:00:00,WIND_DIREC,206,204,175,143,151,156,161,137,170,245,342,328,323,346,355,355,6,2,206,211,196,204,280,248,
大園,2025/03/23 00:00:00,WIND_SPEED,2.2,1.7,1.6,2.1,2.1,1.8,1,1.5,1.4,1.6,2.9,3.2,3.2,3.1,3,3.3,2.8,2,1.1,1.1,1.3,1.3,1,1.1,
大園,2025/03/23 00:00:00,WS_HR,1.8,1.8,1.4,1.7,2,1.8,1.6,1.2,1.1,0.9,1.8,2.9,2.7,2.8,2.8,2.7,2.6,1.7,0.2,1,1.3,1,0.9,0.9,
大園,2025/03/24 00:00:00,AMB_TEMP,18.2,18.4,18.5,18.4,18.4,18.3,17.6,20.1,22.1,23.5,25.2,25.6,26,25.8,25.7,25,24.2,23.5,22.5,21.9,21.7,21.6,21,21.1,
大園,2025/03/24 00:00:00,CO,0.39,0.31,0.29,0.35,0.3,0.27,0.34,0.31,0.26,0.25,0.24,0.2,0.21,0.23,0.23,0.22,0.21,0.22,0.24,0.29,0.33,0.36,0.35,0.33,
大園,2025/03/24 00:00:00,NO,1.2,0.4,0.7,0.6,0.4,0.2,1.2,2,1.7,1.3,1.2,1,0.9,0.8,0.8,0.5,0.9,0.7,0.5,0.7,0.7,0.6,0.5,0.6,
大園,2025/03/24 00:00:00,NO2,13.8,10.4,9.9,10.6,9.2,9.8,19.1,16.9,11.4,9.3,10,5.7,5,5.5,5.5,5.6,5.4,6.2,6.8,8.3,12.5,15.5,16,16.3,
大園,2025/03/24 00:00:00,NOx,15,10.8,10.6,11.2,9.6,10.1,20.4,18.9,13.1,10.6,11.3,6.7,5.9,6.4,6.4,6.1,6.3,6.9,7.3,9,13.3,16.2,16.5,17,
大園,2025/03/24 00:00:00,O3,49.4,57.1,56.3,51.4,54.9,50.6,33.5,41.7,53.3,60.4,66.4,72.2,75.9,83.2,83.7,79.5,70.7,65.1,58.7,51.5,44.5,39.3,33.6,32.4,
大園,2025/03/24 00:00:00,PM10,45,44,45,44,40,38,44,47,42,35,36,31,36,39,56,15,39,34,34,42,50,40,45,50,
大園,2025/03/24 00:00:00,PM2.5,29,31,23,26,25,26,25,23,20,18,18,12,14,18,20,18,16,12,14,20,25,22,26,27,
大園,2025/03/24 00:00:00,RAINFALL,0,0,0,0,0,0,0,0,0,0,0,0,0,0,0,0,0,0,0,0,0,0,0,0,
大園,2025/03/24 00:00:00,RH,62,58,54,53,56,62,67,63,58,47,39,34,37,45,48,55,57,60,67,71,71,73,81,83,
大園,2025/03/24 00:00:00,SO2,1.7,1.9,2,2.6,2.4,1.9,1.5,1.9,2,2.1,2.4,1.9,1.7,1.9,1.9,1.8,1.5,1.4,1.4,1.5,2,1.9,1.7,2,
大園,2025/03/24 00:00:00,WD_HR,187,176,175,175,172,169,147,178,221,217,246,251,240,246,246,254,249,232,227,197,200,233,213,219,
大園,2025/03/24 00:00:00,WIND_DIREC,173,176,172,173,173,168,138,183,226,216,259,251,237,259,235,252,239,226,220,197,215,219,214,180,
大園,2025/03/24 00:00:00,WIND_SPEED,1.7,2,2,1.6,1.7,1.8,1.8,1.7,3.2,3.1,3.5,4.5,5,4.1,4.2,4.6,3.4,2.6,2.2,2.1,1.5,2.1,1.3,1.2,
大園,2025/03/24 00:00:00,WS_HR,1.1,1.8,1.9,1.7,1.7,1.8,1.9,2,2.7,3.5,3.2,3.9,3.9,3.8,3.7,3.9,3.6,2.9,2.2,1.5,1.3,1.4,1.5,1.6,
大園,2025/03/25 00:00:00,AMB_TEMP,20.6,20.2,20.2,20.4,20.2,20.2,19.3,21.1,23.6,24.5,25.6,26.1,26.3,26.5,27,26.7,25.8,25.4,24.8,24,23.5,23.2,22.9,22.7,
大園,2025/03/25 00:00:00,CO,0.32,0.36,0.31,0.26,0.23,0.22,0.38,0.4,0.21,0.22,0.21,0.21,0.19,0.19,0.19,0.2,0.19,0.22,0.23,0.25,0.26,0.25,0.3,0.29,
大園,2025/03/25 00:00:00,NO,0.8,0.4,0.6,0.5,0.7,0.3,3.8,9.5,1.5,1,0.8,0.8,0.7,0.5,0.6,0.7,0.7,0.7,0.4,0.2,0.2,0.4,0.3,0.4,
大園,2025/03/25 00:00:00,NO2,15.1,19.3,14.4,10.5,8.2,6.9,31.9,27.9,7.7,6.8,7,6.1,5,5.1,5.6,6.2,6.7,7.6,9.2,10.6,10.6,9.6,11.9,13.9,
大園,2025/03/25 00:00:00,NOx,16,19.7,15.1,11,8.9,7.3,35.7,37.5,9.3,7.9,7.8,7,5.7,5.7,6.2,6.9,7.5,8.3,9.7,10.8,10.8,10,12.2,14.3,
大園,2025/03/25 00:00:00,O3,29,21.6,25.9,32,36,38.2,9.9,17,45.5,49.8,55.8,60.9,62.8,68.8,72.8,74.5,66.7,63.5,57.6,48.1,43.1,38.7,30.7,25,
大園,2025/03/25 00:00:00,PM10,50,60,51,40,39,38,47,43,36,30,34,34,28,33,39,40,40,36,32,37,32,30,35,35,
大園,2025/03/25 00:00:00,PM2.5,23,40,29,22,21,16,29,22,11,15,14,12,12,17,15,17,13,16,16,13,13,14,15,25,
大園,2025/03/25 00:00:00,RAINFALL,0,0,0,0,0,0,0,0,0,0,0,0,0,0,0,0,0,0,0,0,0,0,0,0,
大園,2025/03/25 00:00:00,RH,84,86,87,84,85,85,85,80,66,61,57,56,55,56,51,54,63,64,55,58,69,79,84,85,
大園,2025/03/25 00:00:00,SO2,1.9,1.2,1.3,1.3,1.1,0.8,0.7,0.9,0.8,0.8,1.1,1,1,1,1,1.1,0.9,0.9,1.2,1.4,0.9,0.8,1,1.2,
大園,2025/03/25 00:00:00,WD_HR,176,187,183,199,184,164,131,156,215,225,237,253,242,244,236,243,231,236,223,233,236,224,218,239,
大園,2025/03/25 00:00:00,WIND_DIREC,190,181,194,197,180,157,139,196,224,232,241,258,244,231,245,238,223,251,203,253,228,218,227,247,
大園,2025/03/25 00:00:00,WIND_SPEED,1.3,1.3,1.9,1.6,1.5,1.3,1.4,1.6,3.6,4,3.8,4.1,4.7,3.9,3.9,3.8,3.6,3.1,1,1.5,2.6,2.1,1.2,1.6,
大園,2025/03/25 00:00:00,WS_HR,1.3,1.1,1.5,1.7,1.5,1.2,1.3,1.5,2.9,3.3,3.3,3.6,4.2,3.9,3.6,3.8,3.3,2.8,2.3,1.4,2.1,2,1.6,1.5,
大園,2025/03/26 00:00:00,AMB_TEMP,22.1,21.8,21.4,20.9,20.7,20.6,21,23.1,24.5,25.6,27,27.5,27.6,27.4,27.1,26.3,25.6,24.9,24.5,24.4,24.5,24.6,24.6,24.6,
大園,2025/03/26 00:00:00,CO,0.27,0.35,0.43,0.53,0.55,0.54,0.5,0.39,0.34,0.37,0.32,0.26,0.25,#,0.19,#,0.17,0.18,0.18,0.2,0.21,0.21,0.21,0.21,
大園,2025/03/26 00:00:00,NO,0.4,1,1,1.2,1.5,1.8,4.5,2.6,2.2,2.6,1.9,1.3,0.7,#,0.9,1.2,0.8,0.9,0.6,0.8,0.6,0.5,0.6,0.7,
大園,2025/03/26 00:00:00,NO2,13,20.8,21.7,27.3,27.3,26,26.3,14.9,10.2,10.1,9.5,7,6.4,#,4.5,5.3,5.4,5.2,5.1,5.3,6,8.2,7.7,7.9,
大園,2025/03/26 00:00:00,NOx,13.4,21.8,22.8,28.6,28.9,27.9,30.8,17.5,12.4,12.7,11.5,8.4,7.2,#,5.4,6.5,6.2,6.2,5.7,6.1,6.6,8.7,8.3,8.7,
大園,2025/03/26 00:00:00,O3,20.2,12.6,7.4,2.4,1.7,3.4,7.7,26.6,32.6,38,46.8,54.8,61.9,59.4,#,46.1,43.6,40.2,37.5,33.9,29.9,25.5,25,23,
大園,2025/03/26 00:00:00,PM10,42,46,56,63,49,66,56,42,34,44,40,42,49,48,#,38,35,43,35,37,34,45,38,42,
大園,2025/03/26 00:00:00,PM2.5,19,22,27,34,34,41,34,22,20,25,26,22,23,#,19,17,19,13,13,19,17,21,16,18,
大園,2025/03/26 00:00:00,RAINFALL,0,0,0,0,0,0,0,0,0,0,0,0,0,#,0,0,0,0,0,0,0,0,0,0,
大園,2025/03/26 00:00:00,RH,86,87,88,89,89,89,86,78,68,64,61,61,64,67,69,73,80,84,86,87,87,87,88,87,
大園,2025/03/26 00:00:00,SO2,0.9,1.2,1.1,0.8,0.9,0.7,0.6,1.1,1.9,2.5,1.9,1,1.2,#,0.5,0.2,0.3,0.2,0.2,0.2,0.1,0.2,0.1,0,
大園,2025/03/26 00:00:00,WD_HR,184,168,188,193,198,179,180,202,213,219,228,254,252,256,253,254,243,232,229,230,233,227,224,201,
大園,2025/03/26 00:00:00,WIND_DIREC,147,171,183,195,203,183,206,204,221,229,250,254,259,248,258,246,241,227,224,230,232,220,218,204,
大園,2025/03/26 00:00:00,WIND_SPEED,1.4,1.2,1.6,0.9,1.1,1,1.5,1.6,3.4,3.6,4.3,4.6,4.3,5,4.9,3.6,4.8,4,3.9,3.7,2.6,2.9,2.2,2.3,
大園,2025/03/26 00:00:00,WS_HR,1,1.2,1.3,1.1,1.2,1.1,1.3,1.5,3,3.5,3,4,4.5,4.1,4.6,4.2,4.3,4.1,4,3.6,3.1,3.1,2.4,1.9,
大園,2025/03/27 00:00:00,AMB_TEMP,24.5,24.5,24.5,24.4,24.3,24.2,24,25,26.2,27.7,28.8,29.4,29.3,27.9,27.4,26.5,26,25.8,25.7,25.4,25.4,25.5,25.5,25.4,
大園,2025/03/27 00:00:00,CO,0.21,0.21,0.22,0.22,0.21,0.2,0.22,0.24,0.27,0.25,0.24,0.23,0.22,0.17,0.17,0.16,0.16,0.18,0.17,0.16,0.16,0.16,0.2,0.18,
大園,2025/03/27 00:00:00,NO,0.6,0.9,0.5,0.4,0.5,0.5,0.9,2,2.5,2.6,1.8,1,0.9,1,0.9,0.9,0.9,0.9,0.9,0.8,0.6,0.6,0.7,0.3,
大園,2025/03/27 00:00:00,NO2,8,5.3,5.8,6.5,5.7,5.5,8,8.8,8.1,8.1,6.7,5.5,5.5,3.8,3.6,3.2,2.9,3.4,3.3,3.1,2.2,2.1,3.6,4.5,
大園,2025/03/27 00:00:00,NOx,8.7,6.2,6.3,6.9,6.2,6.1,8.9,10.9,10.7,10.8,8.5,6.5,6.5,4.9,4.6,4.1,3.8,4.4,4.3,3.9,2.8,2.8,4.3,4.9,
大園,2025/03/27 00:00:00,O3,23.2,23,20.9,19.7,19.6,18.7,15.7,16.7,20.8,26.7,36.2,49,54.9,42.9,40.6,34.5,30.4,29.1,24.3,22.2,23,23.3,20.3,18.9,
大園,2025/03/27 00:00:00,PM10,43,30,32,29,26,28,30,33,32,32,40,42,78,75,54,40,33,30,27,28,29,21,22,17,
大園,2025/03/27 00:00:00,PM2.5,17,15,18,16,19,18,17,17,19,18,14,19,23,17,17,16,17,15,17,14,12,13,11,16,
大園,2025/03/27 00:00:00,RAINFALL,0,0,0,0,0,0,0,0,0,0,0,0,0,0,0,0,0,0,0,0,0,0,0,0,
大園,2025/03/27 00:00:00,RH,86,86,86,86,85,86,86,83,75,64,60,58,61,70,71,75,75,74,70,71,69,67,66,66,
大園,2025/03/27 00:00:00,SO2,0,0.2,0.3,0.3,0.4,0.2,0.3,0.6,0.8,0.9,0.6,0.6,0.8,0.5,0.5,0.2,0.1,0.1,0,0.2,0,0,0.1,0.3,
大園,2025/03/27 00:00:00,WD_HR,207,217,210,214,208,204,189,183,192,229,241,231,247,247,249,235,228,230,229,227,229,229,224,223,
大園,2025/03/27 00:00:00,WIND_DIREC,207,215,205,221,207,200,198,194,189,243,230,231,250,247,251,230,231,232,228,224,228,227,226,223,
大園,2025/03/27 00:00:00,WIND_SPEED,3.5,4.5,2.7,3.1,2.2,2.3,2.3,3,2.2,3.5,6.3,5.6,6.8,7.8,7.5,5.5,5.2,5.6,5.7,5.5,5.9,5.1,4.6,4.6,
大園,2025/03/27 00:00:00,WS_HR,2.6,3.3,3,3,2.5,2.1,2.2,2.1,2.2,2.6,4.1,4.9,5.6,6.8,6.8,5.8,5.3,5,5.2,4.6,4.9,5,4.1,4.1,
大園,2025/03/28 00:00:00,AMB_TEMP,25.6,25.8,25.4,22.8,20.1,18.2,17.4,17.1,16.3,16,16,15.8,16.5,16.1,15.7,15.8,15.6,15.6,15.4,15.2,15.1,14.9,15,14.9,
大園,2025/03/28 00:00:00,CO,0.17,0.17,0.19,0.17,0.26,0.25,0.23,0.23,0.22,0.21,0.18,0.2,0.22,0.19,0.19,0.21,0.2,0.23,0.23,0.24,0.24,0.27,0.26,0.23,
大園,2025/03/28 00:00:00,NO,0.5,0.8,0.8,0.4,0.8,1.3,1.4,2.3,2.4,3.5,4.8,2.6,2.7,1.6,1.6,2,1.5,1.3,0.9,2,0.6,0.9,0.7,6.8,
大園,2025/03/28 00:00:00,NO2,4.6,5.6,6.9,7.4,6.7,7.2,8.9,12.9,14.7,15.1,13.9,14.5,16.1,10.6,12.2,11.7,12.4,13.6,13,15.7,10.4,12.8,12.2,20.9,
大園,2025/03/28 00:00:00,NOx,5.1,6.4,7.7,7.9,7.5,8.6,10.4,15.3,17.2,18.6,18.8,17.2,18.9,12.3,13.9,13.8,14,14.9,13.9,17.8,11,13.8,12.9,27.7,
大園,2025/03/28 00:00:00,O3,18.9,18.1,16.3,21.4,39.5,41,39.3,35.1,34.4,37,37.3,36.4,36.7,40.4,38.9,41.3,42.3,40.1,39,37.1,40.8,37.2,37.2,33.3,
大園,2025/03/28 00:00:00,PM10,20,19,21,35,66,59,74,77,45,37,40,40,43,41,34,34,35,42,30,28,28,21,18,25,
大園,2025/03/28 00:00:00,PM2.5,10,9,5,13,28,24,28,32,21,16,14,16,18,15,16,23,16,17,11,16,13,11,13,15,
大園,2025/03/28 00:00:00,RAINFALL,0,0,0,0,0,0,0,0,0,0,0,0,0,0,0,0,0,0,0.5,0,0,0,0,0,
大園,2025/03/28 00:00:00,RH,64,62,68,87,88,89,89,87,87,88,87,87,86,86,88,86,84,84,85,86,86,85,84,83,
大園,2025/03/28 00:00:00,SO2,0.2,1,1.2,1.2,0.8,0.9,0.7,1.3,0.9,1,1,1.2,2.6,1.9,1.4,1.7,2.6,2.3,1.8,2.7,2.8,2.3,2.6,3.7,
大園,2025/03/28 00:00:00,WD_HR,212,234,309,350,27,26,33,37,36,37,36,39,47,36,37,38,39,54,46,41,48,55,49,42,
大園,2025/03/28 00:00:00,WIND_DIREC,224,229,330,0,32,27,37,35,37,38,36,47,40,38,38,38,38,50,42,43,53,60,42,41,
大園,2025/03/28 00:00:00,WIND_SPEED,3.3,2.6,3.7,4.7,7.8,8.1,6.8,8.6,6.1,7.4,7.1,6.3,6.9,6.6,7.4,7.9,7.9,5.5,7.4,6.5,8,6.2,7.2,7.6,
大園,2025/03/28 00:00:00,WS_HR,3,3,2.2,4.9,7.1,6.5,6.4,6.5,6.4,6.6,6.8,6.4,5.5,6.8,6.8,7.2,6.8,5.6,6.3,6.7,6.7,5.9,6.2,7.2,
大園,2025/03/29 00:00:00,AMB_TEMP,14.4,13.8,13.7,13.6,13.4,13.6,14,14.1,14.7,15.2,15.2,15.2,15.2,14.9,14.5,14.3,14.2,14.1,13.8,13.6,13.8,14.2,14.4,14.5,
大園,2025/03/29 00:00:00,CO,0.22,0.17,0.17,0.15,0.16,0.17,0.17,0.19,0.21,0.24,0.22,0.22,0.18,0.18,0.18,0.18,0.18,0.2,0.19,0.18,0.2,0.21,0.22,0.24,
大園,2025/03/29 00:00:00,NO,7.4,0.4,0.2,0.3,0.5,0.2,0.4,1.1,1.9,5.6,1.7,3.8,1.5,1.5,1,1.1,1.1,1.1,0.7,0.7,0.9,0.7,0.5,0.7,
大園,2025/03/29 00:00:00,NO2,21.2,4.8,5.3,5.5,5.9,8.8,10,11.8,15.4,22.7,14.3,19.2,10.9,11.6,11.3,11.2,10.5,11.5,10,9.5,8.9,13.6,9.3,11.6,
大園,2025/03/29 00:00:00,NOx,28.7,5.3,5.5,5.9,6.5,9.1,10.4,12.9,17.4,28.4,16.1,23,12.4,13.1,12.4,12.3,11.6,12.6,10.8,10.3,9.8,14.4,9.9,12.4,
大園,2025/03/29 00:00:00,O3,36.1,47.9,47.4,47.2,46.3,43.7,43.6,41.1,39.2,35.9,40.7,38.4,44.1,43.4,44.4,45.1,45.4,44.6,45.2,44.6,44.5,42,45.5,38.6,
大園,2025/03/29 00:00:00,PM10,20,14,14,14,11,13,13,18,21,25,21,14,13,12,12,13,26,29,29,22,8,19,20,19,
大園,2025/03/29 00:00:00,PM2.5,11,8,5,2,1,8,12,10,8,7,4,7,7,4,6,7,11,11,13,10,10,8,10,10,
大園,2025/03/29 00:00:00,RAINFALL,0,0.5,1,0,0,0,0,0,0,0,0,0,0,0,0,0,0,0,0,0,0,0,0,0,
大園,2025/03/29 00:00:00,RH,85,88,89,89,89,87,85,84,83,82,82,82,83,84,85,84,84,83,84,84,84,83,83,86,
大園,2025/03/29 00:00:00,SO2,2.3,1.3,1.7,1.8,1.8,1.7,1.6,1.5,1.8,2.4,2.4,3.7,2.6,4.5,4.2,4.3,4.2,3.4,2.2,1.6,1.5,2.1,1.9,2.5,
大園,2025/03/29 00:00:00,WD_HR,42,38,45,39,54,54,56,53,58,54,50,42,45,43,43,45,45,49,56,57,52,49,57,50,
大園,2025/03/29 00:00:00,WIND_DIREC,38,40,48,36,56,54,61,53,63,62,49,55,42,45,49,45,48,54,57,55,54,51,56,45,
大園,2025/03/29 00:00:00,WIND_SPEED,6.4,6.6,5.9,7.4,6,6.5,6.2,5.9,6.4,6.1,6.1,6,6.6,6.1,6.7,7,6.8,6.4,6.9,6.8,5.5,6.9,6.3,6.2,
大園,2025/03/29 00:00:00,WS_HR,6.9,6.8,6,6.8,5.8,6,6,5.5,5.5,5.3,5.5,6.3,5.8,6.3,6.7,6.9,6.9,6.5,6.4,6.5,6.2,6,6,5.8,
大園,2025/03/30 00:00:00,AMB_TEMP,13.8,13.6,13.5,13.5,13.4,13.6,13.4,12.9,12.8,13.6,13.9,13.5,13.5,13.4,12.9,12.5,12.3,12.4,12.7,12.5,12.7,12.9,13.2,13.5,
大園,2025/03/30 00:00:00,CO,0.23,0.25,0.26,0.23,0.23,0.22,0.21,0.24,0.22,0.27,0.22,0.18,0.18,0.18,0.17,0.16,0.17,0.2,0.2,0.18,0.18,0.19,0.19,0.19,
大園,2025/03/30 00:00:00,NO,6.9,2,3.5,4.6,1.4,1.9,2.2,2,1.8,5.5,2.7,1.7,2.3,1.8,1.6,1.7,1.7,1.9,1.9,1.5,1.4,1.3,1.3,1.6,
大園,2025/03/30 00:00:00,NO2,16.6,9.3,15.2,14,8.4,9.3,11.2,11.6,10.7,21.5,14.7,8.5,8.8,6.9,4.7,5.7,6.7,11.6,10.6,6.8,8.7,9.9,9.2,10.9,
大園,2025/03/30 00:00:00,NOx,23.5,11.3,18.7,18.6,9.9,11.2,13.5,13.7,12.5,27,17.5,10.3,11.1,8.8,6.4,7.5,8.4,13.5,12.5,8.4,10.2,11.3,10.5,12.6,
大園,2025/03/30 00:00:00,O3,27.3,31,31.5,34.6,39.3,41.1,41.9,42.6,43.2,36.6,42.2,46.8,46.1,47.2,48.5,46.9,46.7,43.6,44.9,47.4,46.3,42.6,43.7,41.4,
大園,2025/03/30 00:00:00,PM10,11,6,10,13,10,12,9,9,10,11,9,6,4,8,9,7,5,2,14,7,2,4,5,8,
大園,2025/03/30 00:00:00,PM2.5,8,4,3,7,7,4,5,7,5,4,6,6,4,3,6,7,7,8,5,3,1,0,0,5,
大園,2025/03/30 00:00:00,RAINFALL,1,1,4.5,2.5,8,1.5,1,2,2,0.5,1,3.5,2,1,1,1,0,1,0,1,2,0.5,1,0.5,
大園,2025/03/30 00:00:00,RH,88,90,90,90,91,90,90,90,90,90,90,91,91,92,91,91,91,90,90,90,91,91,91,91,
大園,2025/03/30 00:00:00,SO2,1.7,2.6,2.3,2,2.5,2.7,3.7,1.5,1.3,2.3,2.5,2,1.2,1.7,1,1,1.2,2.9,3.2,2.8,2.9,1.8,1.2,1.4,
大園,2025/03/30 00:00:00,WD_HR,39,49,39,42,46,46,53,57,58,49,46,39,38,38,34,35,37,45,42,41,43,60,58,57,
大園,2025/03/30 00:00:00,WIND_DIREC,41,51,36,43,55,47,58,51,53,50,40,38,38,34,34,35,45,41,45,45,61,61,58,62,
大園,2025/03/30 00:00:00,WIND_SPEED,7.1,6.2,7.7,5.9,5.4,6,6.8,5.7,5.2,5.8,6.7,8.9,7.7,8.7,9.5,8.7,5.1,6.8,6.8,6.1,5.1,5.6,5.9,4.9,
大園,2025/03/30 00:00:00,WS_HR,7.3,5.9,6.2,6,5.7,5.7,6.1,5.8,5.6,5.8,6.1,7.1,7.2,7.6,8.5,8.1,6.7,6,6.1,6.3,5.7,5,5.2,4.9,
大園,2025/03/31 00:00:00,AMB_TEMP,14,14.2,14.3,14.4,14.6,14.2,14.4,14.6,15,15.5,15.3,14.8,14.4,14.3,14.4,14.4,14,14,14,13.8,13.7,13.8,13.9,14,
大園,2025/03/31 00:00:00,CO,0.21,0.17,0.18,0.18,0.16,0.14,0.15,0.21,0.24,0.22,0.18,0.16,0.16,0.16,#,0.15,0.15,0.15,0.15,0.15,0.15,0.2,0.18,0.17,
大園,2025/03/31 00:00:00,NO,1.5,0,0.3,0.4,0.1,0.1,1.1,3.3,5.2,8,3.4,1.2,1.1,1.2,#,1.7,1.7,1.7,1.3,1.1,1.6,1.2,0.9,1.3,
大園,2025/03/31 00:00:00,NO2,11,6.6,8.2,8,7.4,4.3,9.1,17.7,23.8,30.4,17.8,6.9,6.9,6.9,#,6.6,6,7.5,5.9,4.4,5.8,11.7,11.6,12.7,
大園,2025/03/31 00:00:00,NOx,12.6,6.6,8.5,8.4,7.5,4.5,10.2,21,29,38.5,21.2,8.1,8,8.1,#,8.3,7.7,9.2,7.3,5.6,7.5,12.9,12.6,14.1,
大園,2025/03/31 00:00:00,O3,41.2,43.8,40.5,42.3,42.6,48.1,42.6,35.9,31.1,25.9,37.3,44.3,43.6,44.5,43.6,44.3,45.1,44.8,46.6,48.4,46.7,42.1,41.1,39.4,
大園,2025/03/31 00:00:00,PM10,4,0,3,5,6,6,10,8,10,13,9,5,5,6,#,10,9,11,11,9,7,7,8,7,
大園,2025/03/31 00:00:00,PM2.5,5,2,4,1,3,8,5,1,2,4,5,4,2,#,5,5,7,5,1,3,3,0,0,4,
大園,2025/03/31 00:00:00,RAINFALL,0.5,0,0.5,1,3.5,3.5,2,0,1,0.5,0.5,2,0.5,4,1,2,2.5,4,4.5,6,4.5,2.5,2,1.5,
大園,2025/03/31 00:00:00,RH,91,91,91,91,91,92,92,91,91,90,91,92,92,92,91,91,91,91,91,91,91,91,91,91,
大園,2025/03/31 00:00:00,SO2,1.1,0.9,0.9,1,2.3,1,2.1,2.1,2.2,3,2.1,1,0.7,0.8,1,1,0.9,0.9,0.8,0.8,0.9,3.7,2.3,1.9,
大園,2025/03/31 00:00:00,WD_HR,61,66,63,66,46,31,43,45,55,48,39,34,33,33,34,33,33,35,33,30,35,54,61,50,
大園,2025/03/31 00:00:00,WIND_DIREC,65,68,58,64,42,43,43,51,61,39,39,32,37,35,33,35,36,34,32,30,36,60,57,37,
大園,2025/03/31 00:00:00,WIND_SPEED,4.1,3.7,3.7,3.7,5.2,6,5.3,4.3,4.1,5.2,5.5,7.6,7.4,7.6,5.8,7,7.4,6.8,7,7.4,6.6,4.5,3.5,4.5,
大園,2025/03/31 00:00:00,WS_HR,4.3,4.1,3.1,3.9,3.7,7.4,5.1,4.9,4,3.9,5.3,6.8,7.1,6.9,6.4,6.7,6.9,6.3,6.8,7.1,6.2,4,3.6,3.6,
大園,2025/04/01 00:00:00,AMB_TEMP,13.9,14.1,14.1,14.2,14,14,13.8,13.9,13.9,14,13.9,14.1,13.8,14.2,14,14.3,14.4,14.5,14.8,14.9,14.8,14.8,15.2,15.4,
大園,2025/04/01 00:00:00,CO,0.19,0.18,0.16,0.16,0.17,0.17,0.17,0.19,0.2,0.22,0.19,0.2,0.19,0.2,0.2,0.2,0.26,0.26,0.24,0.24,0.24,0.22,0.23,0.24,
大園,2025/04/01 00:00:00,NO,1.4,0,0.3,0.2,0,0,0.5,1.1,1.9,3.4,1.1,1.1,1.2,0.9,0.5,0.9,1.2,1,0.9,0.5,0.8,0.2,0.4,0.7,
大園,2025/04/01 00:00:00,NO2,14,7.8,3.9,3.2,3.6,4.7,5.8,7.8,13.1,20.8,9.9,9.3,8.3,8.1,9.5,11.2,23.4,20.3,16.4,19.5,22.3,12.7,14.7,14.4,
大園,2025/04/01 00:00:00,NOx,15.5,7.9,4.2,3.5,3.5,4.7,6.4,8.9,15.1,24.3,11.1,10.4,9.6,9,10,12.1,24.6,21.3,17.4,20,23.2,13,15.1,15.1,
大園,2025/04/01 00:00:00,O3,37.7,42.2,49.2,49.3,48.6,46.8,46,43.7,40.8,35.3,44.5,47.6,50.5,51.7,51.7,49.8,38.9,41.3,44.9,41.6,36.2,45.1,46,48.8,
大園,2025/04/01 00:00:00,PM10,7,4,4,3,2,8,8,7,7,9,9,7,9,12,18,20,25,33,42,38,31,32,37,33,
大園,2025/04/01 00:00:00,PM2.5,3,0,1,2,1,1,3,2,0,1,2,1,6,7,5,8,13,16,14,13,12,14,14,15,
大園,2025/04/01 00:00:00,RAINFALL,3,1,0.5,1,0.5,1,1,1,0.5,0.5,0.5,1,0.5,0,0,0,0,0,0,0,0,0,0,0,
大園,2025/04/01 00:00:00,RH,91,92,91,91,91,92,92,92,91,91,91,90,91,88,89,89,87,86,84,83,83,84,81,73,
大園,2025/04/01 00:00:00,SO2,1.8,1.2,0.6,0.7,0.6,0.7,0.6,0.7,0.9,1,0.8,0.6,0.8,0.8,0.8,0.8,1.1,1.6,1.5,1.4,1.2,1.1,1.2,2.3,
大園,2025/04/01 00:00:00,WD_HR,67,50,36,29,23,20,31,33,33,35,33,32,30,33,33,34,60,60,61,64,78,73,61,51,
大園,2025/04/01 00:00:00,WIND_DIREC,69,31,31,28,28,26,29,29,38,37,39,30,32,33,33,36,59,59,61,65,84,75,47,63,
大園,2025/04/01 00:00:00,WIND_SPEED,2.2,4.6,4.7,5.7,6.8,5.5,5.3,4.1,4.6,5.2,4.1,6.7,6.1,5.4,4.7,4.6,3.3,3.1,3.9,3.3,3.2,3.5,3.2,3.9,
大園,2025/04/01 00:00:00,WS_HR,2.9,2.7,4.2,5.1,5.7,5,4.6,4,4.7,4.4,4.5,5.1,5.6,5.1,4.7,4.6,3,3.1,3.4,3.4,3.2,3,3.2,3.8,
大園,2025/04/02 00:00:00,AMB_TEMP,14.9,14.7,14.7,14.5,14.4,14.7,15.2,15.5,15.8,16.4,16.8,17.1,17.6,17.6,17.1,17.1,17,16.5,16,15.4,15.6,15.7,16,16.5,
大園,2025/04/02 00:00:00,CO,0.22,0.19,0.19,0.18,0.18,0.21,0.23,0.24,0.24,0.23,0.19,0.18,0.17,0.17,0.17,0.17,0.19,0.2,0.23,0.25,0.26,0.23,0.21,0.19,
大園,2025/04/02 00:00:00,NO,0.6,0.6,0.4,0.1,0.3,0.5,1.2,2,4.7,6.2,3.1,1.8,1.4,1.7,1.4,1.3,1.1,1.1,0.8,0.6,0.7,0.5,0.7,0.6,
大園,2025/04/02 00:00:00,NO2,19.8,7.3,6.6,5.5,5.8,8.9,18.4,16.8,28.2,22.4,11.5,8,6,5.9,6.1,7.1,8.7,10.5,13,18.5,19.1,14.7,15.1,10.4,
大園,2025/04/02 00:00:00,NOx,20.5,8,7,5.6,6.1,9.5,19.7,18.9,32.9,28.6,14.7,9.8,7.4,7.6,7.5,8.5,9.9,11.6,13.9,19.1,19.8,15.2,15.8,11.1,
大園,2025/04/02 00:00:00,O3,42.6,50.8,52.6,53.6,53.6,50.8,44.8,44.9,35.8,41.3,49.4,52.6,55,55.6,56.9,60.6,57.3,53.4,50.1,43,45,51.2,50.5,54,
大園,2025/04/02 00:00:00,PM10,41,36,26,33,33,39,38,34,39,32,32,28,23,25,25,28,23,27,29,31,29,27,25,27,
大園,2025/04/02 00:00:00,PM2.5,14,13,10,11,11,11,12,13,16,8,7,12,11,8,6,8,10,10,13,10,10,13,9,15,
大園,2025/04/02 00:00:00,RAINFALL,0,0,0,0,0,0,0,0,0,0,0,0,0,0,0,0,0,0,0,0,0,0,0,0,
大園,2025/04/02 00:00:00,RH,67,66,61,61,61,61,59,57,55,53,51,50,47,47,49,50,51,55,58,60,59,60,61,60,
大園,2025/04/02 00:00:00,SO2,1.3,0.4,0.7,0.5,0.5,0.7,1.1,1.1,1.5,2,1.3,1,0.8,0.7,0.6,0.7,1.4,1.3,1.2,0.9,1.2,1.2,1.7,1.8,
大園,2025/04/02 00:00:00,WD_HR,78,79,79,84,79,68,46,57,41,45,43,29,29,30,28,35,35,35,58,71,67,63,65,73,
大園,2025/04/02 00:00:00,WIND_DIREC,87,78,79,85,75,65,47,54,36,36,50,29,27,31,27,41,33,41,62,71,65,67,65,79,
大園,2025/04/02 00:00:00,WIND_SPEED,4,3.7,3.2,3.5,3.4,2.9,3.3,3.7,4.5,4.8,4.3,6.3,6.4,5.7,7.6,5.2,5.3,5.1,3.2,4.3,4,4.1,3.9,4.7,
大園,2025/04/02 00:00:00,WS_HR,3.4,3.2,3.2,3.2,3.2,2.9,3.1,3.3,3.8,4,4.1,5.2,5.8,5.8,6.7,5.5,5.1,5.2,3.6,3.5,3.8,3.6,3.8,4.2,
大園,2025/04/03 00:00:00,AMB_TEMP,17.1,17.3,17.3,17.4,17.4,17.5,17.8,18.6,19.4,20.4,22,23.1,23.5,23.8,23.6,23,22,21,20.1,19.6,19.5,19.4,19.3,19.3,
大園,2025/04/03 00:00:00,CO,0.18,0.17,0.18,0.17,0.18,0.19,0.23,0.2,0.23,0.2,0.2,0.18,0.18,0.19,0.2,0.21,0.2,0.21,0.23,0.27,0.26,0.24,0.27,0.28,
大園,2025/04/03 00:00:00,NO,0.8,0,0,0,0,0.1,0.5,1.1,1.4,1.7,2.2,1.4,0.9,0.8,1.5,1.7,1,0.2,0,0,0,0,0,0.2,
大園,2025/04/03 00:00:00,NO2,13,7.4,9.5,8.3,7.2,12.3,18.5,17.3,17.3,13.3,13.4,9.5,9.3,8.7,12.8,15.9,10.7,11.5,13,16.1,19,9.7,11.7,16.8,
大園,2025/04/03 00:00:00,NOx,13.8,7.4,9.2,8.2,6.9,12.4,19,18.4,18.7,15.1,15.6,11,10.3,9.5,14.3,17.7,11.8,11.7,13,15.8,18.8,9.3,11.6,17,
大園,2025/04/03 00:00:00,O3,51.5,53.3,49.2,51.4,51.6,43.6,38.9,42.2,42.4,45.8,47.7,53.5,59.6,61.2,56.8,53.6,58.9,60.3,59.7,56.2,53.9,61.3,60,55.5,
大園,2025/04/03 00:00:00,PM10,19,21,21,15,18,21,30,29,28,34,42,42,41,39,36,40,41,35,35,38,30,26,32,36,
大園,2025/04/03 00:00:00,PM2.5,11,10,8,6,10,6,6,10,11,9,9,11,8,7,6,8,14,10,9,14,11,13,12,10,
大園,2025/04/03 00:00:00,RAINFALL,0,0,0,0,0,0,0,0,0,0,0,0,0,0,0,0,0,0,0,0,0,0,0,0,
大園,2025/04/03 00:00:00,RH,56,54,54,55,57,58,58,55,53,50,43,36,35,35,36,39,42,44,48,51,52,53,55,56,
大園,2025/04/03 00:00:00,SO2,1.2,1.1,1.3,1.2,1.3,1.4,2.4,2,1.5,1.5,1.4,1.5,2,1.9,2,2.3,2.3,2.2,2.5,2.2,2.4,1.7,2.2,2.8,
大園,2025/04/03 00:00:00,WD_HR,77,71,68,69,55,57,63,76,76,70,61,66,71,80,86,89,75,77,82,85,89,100,96,100,
大園,2025/04/03 00:00:00,WIND_DIREC,73,69,74,59,59,64,65,74,80,64,59,66,80,103,96,60,81,71,82,82,96,99,94,96,
大園,2025/04/03 00:00:00,WIND_SPEED,4.7,4,3.5,3.6,3.9,3.5,3.4,4.4,5.5,4.9,5.4,5,6,5.9,6.5,5,6.3,5.2,4.6,4.5,6,6.1,5.7,5.5,
大園,2025/04/03 00:00:00,WS_HR,4.5,4.1,3.4,3.7,3.6,3.1,3.2,4.1,4.2,4.7,4.9,5,4.8,4.7,5.5,5.2,5.4,5.3,4.5,4.3,4.5,6.1,5.5,5.6,
大園,2025/04/04 00:00:00,AMB_TEMP,19.4,19.3,19.2,19.1,18.9,18.9,19.7,21.1,22.8,23.9,25.3,26.3,27.1,27.4,27,26.1,24.6,23.1,22.2,21.9,21.7,21.5,21.1,21,
大園,2025/04/04 00:00:00,CO,0.25,0.23,0.23,0.23,0.23,0.26,0.27,0.3,0.31,0.33,0.28,0.28,0.27,0.26,0.26,0.27,0.27,0.29,0.29,0.3,0.3,0.3,0.33,0.34,
大園,2025/04/04 00:00:00,NO,1,#,#,#,#,0,0,0.6,#,1.2,0.9,0.3,0.5,0.5,1,1.2,0.4,0.1,0,0,0.1,0,0.1,0,
大園,2025/04/04 00:00:00,NO2,19.7,*,*,*,*,10.9,13.1,17,#,12.2,10.5,8.7,7.1,7,9.2,9.7,7.3,8.8,9,9.2,9.9,10,13.2,13.9,
大園,2025/04/04 00:00:00,NOx,20.8,*,*,*,*,10.6,12.8,17.6,#,13.4,11.4,9,7.7,7.6,10.2,11,7.8,9,9,9.1,10,9.9,13.4,13.9,
大園,2025/04/04 00:00:00,O3,54.7,62.1,61,60.9,59.2,54.4,54.4,52.4,57.3,60.9,64.6,69.1,74,73.3,69.3,68.9,72.1,70.8,71.6,70.1,68.3,66.7,59.4,56,
大園,2025/04/04 00:00:00,PM10,42,37,38,34,40,47,40,46,44,42,46,51,50,48,54,54,52,51,53,51,38,36,36,33,
大園,2025/04/04 00:00:00,PM2.5,16,10,14,18,14,11,17,17,14,16,14,12,15,19,19,17,20,19,21,21,20,19,21,15,
大園,2025/04/04 00:00:00,RAINFALL,0,0,0,0,0,0,0,0,0,0,0,0,0,0,0,0,0,0,0,0,0,0,0,0,
大園,2025/04/04 00:00:00,RH,56,57,58,57,58,59,56,52,48,45,42,40,38,37,38,41,46,50,52,54,55,56,58,58,
大園,2025/04/04 00:00:00,SO2,2.8,2.5,2.9,2.6,2.7,2.7,1.9,1.9,3,3.8,2.9,2.3,2.6,2.2,1.8,1.7,1.4,1.3,1.6,2.7,3.5,4.2,5.5,4.4,
大園,2025/04/04 00:00:00,WD_HR,103,104,105,101,96,94,101,99,107,108,105,89,124,100,98,101,109,112,117,116,116,115,124,126,
大園,2025/04/04 00:00:00,WIND_DIREC,102,107,103,100,93,101,94,103,105,95,116,83,144,96,93,108,108,120,119,117,117,114,135,129,
大園,2025/04/04 00:00:00,WIND_SPEED,5.1,4.7,4.8,3.8,2.7,3.1,3.1,3.6,3.5,2.4,3.1,2.5,2.3,4.1,5.5,5.3,5.1,5.1,5.7,5.5,5,4.6,2.7,2.1,
大園,2025/04/04 00:00:00,WS_HR,5.5,5.1,4.8,4,3,2.6,3.1,3.6,3.5,2.7,2.4,1.9,1.9,2.8,4.6,5.2,5.4,4.4,5.1,5.4,5.1,4.6,3,2,
大園,2025/04/05 00:00:00,AMB_TEMP,21,20.8,19.8,19.8,19.7,19.8,19.8,19.7,19.6,18.5,17.4,17.3,17.5,17.7,17.6,17.1,17.1,17.2,17.3,17.2,17.1,16.9,16.6,16.4,
大園,2025/04/05 00:00:00,CO,0.33,0.35,0.36,0.33,0.36,0.35,0.27,0.25,0.26,0.22,0.23,0.26,0.27,0.27,0.31,0.31,0.35,0.37,0.41,0.38,0.41,0.39,0.38,0.33,
大園,2025/04/05 00:00:00,NO,0,0.6,0.6,0.5,0.7,0.6,0.6,0.8,0.7,0.5,0.9,0.7,0.8,0.7,0.9,1,0.7,1,0.6,0.9,0.7,0.8,1.1,0.8,
大園,2025/04/05 00:00:00,NO2,13,8.8,11.1,10.2,11,15,7.9,8.2,8.9,6.1,6.8,7.9,8.4,9.6,13.2,13.7,16.7,18.2,20.1,15.6,15.7,14,14.9,13.1,
大園,2025/04/05 00:00:00,NOx,13.1,9.5,11.7,10.8,11.7,15.7,8.6,9.1,9.6,6.6,7.8,8.7,9.3,10.3,14.2,14.7,17.5,19.2,20.7,16.6,16.5,14.8,16,13.9,
大園,2025/04/05 00:00:00,O3,56.1,55.4,47.9,48.1,43.2,32.4,46,46.8,45.8,52.9,46,46.6,48.4,49.7,44.2,39.2,33.4,34.3,34,37.3,34,34.6,33.4,41.3,
大園,2025/04/05 00:00:00,PM10,26,23,27,27,30,46,57,47,56,63,56,55,53,46,58,43,38,32,28,31,26,33,26,21,
大園,2025/04/05 00:00:00,PM2.5,16,12,13,17,16,21,24,26,28,24,26,26,29,20,24,21,22,17,17,22,18,13,19,13,
大園,2025/04/05 00:00:00,RAINFALL,0,0,0,0,0,0,0,0,0,0,1,0,0,0,0,1,1,0,0,0,0.5,1,1.5,0.5,
大園,2025/04/05 00:00:00,RH,59,59,69,73,74,80,82,83,79,76,84,87,88,88,87,89,91,91,91,90,91,91,91,92,
大園,2025/04/05 00:00:00,SO2,2.8,1.3,1.2,1.1,1.3,1.3,1.1,1.3,1.2,1.1,0.9,1,0.8,0.9,0.9,0.8,1,0.8,0.9,1,0.8,0.9,1,0.9,
大園,2025/04/05 00:00:00,WD_HR,166,160,157,168,150,165,210,203,227,225,207,196,197,173,164,152,134,137,143,139,116,123,141,136,
大園,2025/04/05 00:00:00,WIND_DIREC,176,165,151,157,152,208,200,212,220,232,198,182,182,163,163,142,125,143,138,119,121,130,150,130,
大園,2025/04/05 00:00:00,WIND_SPEED,2.1,1.8,1.8,2.1,2.3,1.5,2.3,2.4,3.5,2.6,1.7,1.7,1.3,2.3,1.7,2.1,1.2,2.1,2.2,1.6,2,1.6,1.7,2.1,
大園,2025/04/05 00:00:00,WS_HR,2,2,1.6,2,1.8,1.5,1.3,2.4,2.6,2.5,1.9,1.6,1.5,1.8,1.7,1.9,1.4,1.8,2,1.9,2,1.6,1.6,2,
大園,2025/04/06 00:00:00,AMB_TEMP,16.3,16.4,16.4,16.5,16.4,16.2,16.5,16.7,17.1,17.8,18.3,18.3,19.1,20,20.9,21.5,21.6,20.9,20.2,19.7,19.7,19.8,20.2,20.3,
大園,2025/04/06 00:00:00,CO,0.3,0.32,0.29,0.3,0.27,0.24,0.28,0.32,0.33,0.35,0.31,0.3,0.33,0.27,0.24,0.31,0.32,0.35,0.39,0.37,0.36,0.34,0.3,0.32,
大園,2025/04/06 00:00:00,NO,1.1,0.6,0.7,3.3,1.1,0.5,0.6,0.8,0.9,1.8,2,1.7,2.1,2.2,1.6,1.8,1.6,1.5,1.4,1.4,1.8,0.7,0.6,0.4,
大園,2025/04/06 00:00:00,NO2,9.3,12.1,12.4,25.9,17.5,6.9,11.3,13.1,14.3,17.7,23.4,18.1,20,14.4,11.4,12.4,14,27,31.5,27.7,26.1,18,17.1,16.5,
大園,2025/04/06 00:00:00,NOx,10.4,12.7,13.2,29.2,18.7,7.5,11.9,13.9,15.2,19.5,25.5,19.9,22.2,16.6,13.1,14.3,15.6,28.6,32.9,29.1,28,18.7,17.7,17,
大園,2025/04/06 00:00:00,O3,45.9,41,43.6,28.5,35.3,49.2,44.8,42.8,40,34.7,33.6,39.1,36.6,50.6,54.3,52.3,55.3,41.5,37,37.7,43.8,55.1,62.1,62.9,
大園,2025/04/06 00:00:00,PM10,18,26,26,24,22,21,25,21,28,23,24,26,35,46,42,43,49,48,49,52,55,61,64,63,
大園,2025/04/06 00:00:00,PM2.5,14,17,14,15,16,12,10,12,13,17,14,15,17,17,15,20,21,21,26,24,22,23,25,24,
大園,2025/04/06 00:00:00,RAINFALL,0.5,0.5,0.5,0.5,1.5,0.5,0,0,0,0,0,0,0,0,0,0,0,0,0,0,0,0,0,0,
大園,2025/04/06 00:00:00,RH,92,92,91,91,91,92,92,91,89,89,88,90,89,87,85,77,67,72,76,78,68,62,54,51,
大園,2025/04/06 00:00:00,SO2,1,1.2,1.4,1.6,1.4,1,0.9,1.1,1.3,1.7,1.6,1.4,2,2.1,2.1,1.8,1.8,1.9,2.3,2,2,1.8,1.8,1.7,
大園,2025/04/06 00:00:00,WD_HR,136,133,126,70,85,140,142,133,129,133,108,110,85,65,59,96,80,82,89,95,85,87,97,89,
大園,2025/04/06 00:00:00,WIND_DIREC,134,135,83,55,123,143,139,142,142,122,115,108,85,58,83,85,70,83,105,96,87,89,96,86,
大園,2025/04/06 00:00:00,WIND_SPEED,2.1,1.5,0.7,0.6,1.8,2.1,1.8,2,1.3,1.8,1.5,1.7,2,3.7,3.1,3.9,3.3,3.2,3.3,4.2,3.9,4.1,4.9,3.7,
大園,2025/04/06 00:00:00,WS_HR,1.8,1.5,1.2,0.6,0.9,2.2,1.9,1.9,1.7,1.5,2,1.6,1.7,2.8,3.1,3.5,3.5,3,3,3.7,3.7,3.5,4.8,4.4,
大園,2025/04/07 00:00:00,AMB_TEMP,20.2,20.2,20.6,21,20.8,21.1,21.4,22.5,23.6,24,24.3,25.7,26.9,27,26.6,26,25,23.9,23,22.5,22.1,21.8,21.5,21.4,
大園,2025/04/07 00:00:00,CO,0.36,0.29,0.27,0.26,0.27,0.27,0.3,0.34,0.35,0.31,0.37,0.33,0.3,0.31,0.3,0.31,0.29,0.32,0.29,0.29,0.35,0.43,0.34,0.39,
大園,2025/04/07 00:00:00,NO,1.3,0.3,0.2,0.2,0.1,0.4,0.5,1.6,2.9,2.5,2.3,3.5,2.6,1.8,2.2,2.2,1.2,0.6,0.5,0.3,0.5,0.1,0,0.2,
大園,2025/04/07 00:00:00,NO2,30,8.4,6.5,4.8,5.9,7.2,11.5,17.6,23.2,18.2,29.8,23.6,16.3,13.7,17.2,19.9,15.3,14.1,12.5,12.6,17.3,19.2,15.4,16.9,
大園,2025/04/07 00:00:00,NOx,31.3,8.7,6.8,5,6,7.6,12.1,19.2,26.2,20.8,32.1,27.2,19,15.5,19.5,22.1,16.5,14.7,13,13,17.9,19.3,15.4,17.2,
大園,2025/04/07 00:00:00,O3,56,69.8,72.9,73.9,71.7,68.6,62.4,56.8,52.8,54,44.8,49.9,57.8,59.9,56.3,51.5,48.1,47.5,48.1,44.4,37.4,35.5,38.2,32.4,
大園,2025/04/07 00:00:00,PM10,60,60,59,66,64,62,60,59,61,57,62,52,51,49,56,53,46,42,27,15,16,13,20,23,
大園,2025/04/07 00:00:00,PM2.5,25,28,23,23,27,26,26,25,23,22,22,24,15,21,20,27,20,19,12,12,11,10,12,15,
大園,2025/04/07 00:00:00,RAINFALL,0,0,0,0,0,0,0,0,0,0,0,0,0,0,0,0,0,0,0,0,0,0,0,0,
大園,2025/04/07 00:00:00,RH,51,51,50,49,51,51,50,49,48,48,49,45,43,45,47,49,53,58,61,64,66,66,67,68,
大園,2025/04/07 00:00:00,SO2,1.9,2.2,1.8,1.3,1.3,1.3,1.6,1.8,1.7,1.6,1.8,2.2,1.6,1.5,1.5,1.3,0.9,1.5,1.9,1.8,3,2.5,1.1,1.3,
大園,2025/04/07 00:00:00,WD_HR,94,97,101,94,90,88,90,91,92,98,95,86,87,100,99,103,111,112,118,122,132,143,159,167,
大園,2025/04/07 00:00:00,WIND_DIREC,102,92,102,94,88,94,90,86,94,106,83,86,96,105,96,109,115,114,118,129,149,158,160,172,
大園,2025/04/07 00:00:00,WIND_SPEED,5.2,5.6,6.6,5.5,4.5,4.4,3.6,3.8,5,4.5,2.8,2.5,2.5,4,4.2,4.3,4,5,4.5,3.2,2.4,2,2.6,2.3,
大園,2025/04/07 00:00:00,WS_HR,4.9,5.4,5.8,5.5,4.8,3.9,3.7,4.1,4.3,4.3,3.1,2.5,2.7,3.2,4.1,4.5,4,4.9,4.3,3.1,2.5,2.2,2.4,2.5,
大園,2025/04/08 00:00:00,AMB_TEMP,20.9,20.8,20.7,20.6,20.7,20.7,20.6,21.2,22.2,23.4,25.1,24.1,23.8,23.5,24.3,24,22.7,22.3,21.9,21.8,21.8,22,21.7,21.5,
大園,2025/04/08 00:00:00,CO,0.49,0.47,0.45,0.48,0.34,0.28,0.29,0.31,0.3,0.32,0.33,0.35,0.32,0.32,0.35,0.33,0.32,0.31,0.28,0.34,0.45,0.51,0.34,0.3,
大園,2025/04/08 00:00:00,NO,0.5,1.3,1.5,1.5,1.3,1.2,1.3,1.5,1.9,1.7,1.8,3.2,2.4,2,4,4,2.4,1.7,1.5,1.6,12.9,14.8,1.8,1.4,
大園,2025/04/08 00:00:00,NO2,21.3,19.1,17.7,23.8,12.4,8.2,10.5,10.9,10.2,8.6,7.4,15.1,12.5,12.5,19.5,20.8,15,17.4,14.6,24,48.5,53.3,18.1,12.6,
大園,2025/04/08 00:00:00,NOx,21.9,20.5,19.3,25.4,13.8,9.4,11.9,12.4,12.1,10.3,9.3,18.3,15,14.5,23.5,24.9,17.4,19.1,16.1,25.7,61.5,68.1,20,14,
大園,2025/04/08 00:00:00,O3,23,22.3,21.2,18,31.4,38.2,31.5,32.9,37.7,46.3,56.4,48.9,54.1,53.8,45.6,47,54,52,53.2,38.4,12.9,5.4,32.6,34.2,
大園,2025/04/08 00:00:00,PM10,28,27,28,39,60,53,57,66,50,49,53,66,75,76,78,68,63,67,63,67,72,70,60,58,
大園,2025/04/08 00:00:00,PM2.5,15,13,17,18,24,23,23,27,24,25,24,30,35,27,31,33,25,23,24,28,32,34,24,32,
大園,2025/04/08 00:00:00,RAINFALL,0,0,0,0,0,0,0,0,0,0,0,0,0,0,0,0,0,0,0,0,0,0,0,0,
大園,2025/04/08 00:00:00,RH,73,77,79,82,87,89,90,89,86,82,72,76,80,82,80,81,85,86,88,89,88,86,89,90,
大園,2025/04/08 00:00:00,SO2,1.5,0.9,0.9,0.8,0.6,0.5,0.7,0.9,1.2,1.1,1.3,2.6,2.5,3.1,5.5,3.6,1.3,1.1,0.9,1.2,1.8,2.8,1.5,0.9,
大園,2025/04/08 00:00:00,WD_HR,178,180,167,169,192,204,189,191,226,214,240,325,320,321,317,349,359,15,25,75,47,353,12,207,
大園,2025/04/08 00:00:00,WIND_DIREC,171,189,159,190,204,215,172,201,229,210,299,315,315,319,346,349,6,21,33,99,13,10,28,292,
大園,2025/04/08 00:00:00,WIND_SPEED,2.3,0.7,1.5,1.2,1.1,1.1,2.3,1.8,1.7,1.4,2.6,2.5,3.1,1.8,2.4,3.1,2.6,2.1,1.3,0.5,1.1,2,0.9,0.7,
大園,2025/04/08 00:00:00,WS_HR,1.9,1.4,1.2,1.1,1.2,1.3,1.3,1.7,1.4,1.5,1.4,2.8,2.3,2.2,1.5,2.4,2.5,2,1.8,0.9,0.5,0.8,1.3,0.5,
大園,2025/04/09 00:00:00,AMB_TEMP,21.8,21.7,21.4,21.2,21.1,21.3,21.7,22.4,23.8,24.3,24.4,25.1,25.7,26.4,27.1,26,25.5,24.1,23.8,23.8,24,24.2,23.7,22.5,
大園,2025/04/09 00:00:00,CO,0.35,0.29,0.36,0.49,0.55,0.52,0.52,0.58,0.45,0.32,#,0.32,0.36,0.37,0.35,0.32,0.36,0.33,0.32,0.3,0.33,0.35,0.34,0.25,
大園,2025/04/09 00:00:00,NO,1.3,0.6,0.7,1,1.1,2.1,3,5,4.1,2.6,#,2.3,2.1,2.4,2,1.6,1.5,1.2,0.9,0.6,1,0.8,0.8,0.7,
大園,2025/04/09 00:00:00,NO2,14.9,14.8,13.3,21.8,27.4,29.3,23.4,23,17.7,13,#,13.1,15.9,16.4,16.1,14.6,17.2,13.1,12.2,12.2,13,11,10.8,7.4,
大園,2025/04/09 00:00:00,NOx,16.2,15.5,14.1,22.9,28.6,31.4,26.4,28.1,21.8,15.7,#,15.4,18,18.8,18.1,16.3,18.7,14.3,13.1,12.8,14,11.9,11.6,8.2,
大園,2025/04/09 00:00:00,O3,28.5,26.9,25.7,9.2,2.4,5.7,11.2,11.9,27.4,46.4,#,57.5,61.4,64.9,63.5,61.1,52.6,62.1,60.8,54.1,47.9,45.7,41.3,42.8,
大園,2025/04/09 00:00:00,PM10,68,60,75,91,82,72,80,85,73,57,43,54,59,54,54,47,44,37,42,37,54,51,42,39,
大園,2025/04/09 00:00:00,PM2.5,37,34,36,55,48,44,42,45,43,30,26,35,34,31,30,29,30,22,23,23,29,28,19,16,
大園,2025/04/09 00:00:00,RAINFALL,0,0,0,0,0,0,0,0,0,0,0,0,0,0,0,0,0,0,0,0,0,0,11.5,0,
大園,2025/04/09 00:00:00,RH,90,90,91,89,89,88,87,87,84,82,83,80,76,73,64,66,68,74,75,76,76,79,86,89,
大園,2025/04/09 00:00:00,SO2,0.9,2.2,2,2.5,1.9,2.3,2.1,2.2,2.3,2,#,1.5,3.2,4.9,4.9,2.5,3.6,1.2,0.9,1.4,1.7,1.4,1.1,1.2,
大園,2025/04/09 00:00:00,WD_HR,290,256,228,205,194,197,229,247,229,339,0,356,337,337,326,328,338,2,20,187,184,205,274,327,
大園,2025/04/09 00:00:00,WIND_DIREC,261,238,226,189,180,223,245,246,212,4,10,3,329,350,324,324,354,2,44,164,198,212,293,349,
大園,2025/04/09 00:00:00,WIND_SPEED,1.1,1.1,1.4,1.1,1.3,0.9,0.7,0.7,1.2,3.4,2.6,1.9,2.1,1.9,3.1,2.2,3.2,2.1,1.2,1.3,0.5,1.3,2.6,5.8,
大園,2025/04/09 00:00:00,WS_HR,0.7,0.9,1.4,1,1.3,0.8,0.7,0.5,0.8,1.8,2.6,2,1.8,1.8,2.1,2.8,2.4,2.4,1.3,0.1,0.4,1,1.2,4,
大園,2025/04/10 00:00:00,AMB_TEMP,21,20.6,20.6,20.7,20.7,20.8,21.2,21.4,21.5,21.1,20.2,20.8,20.7,20.6,21.1,21.5,21.4,21.4,21.2,21.1,20.6,20.3,20.3,20.2,
大園,2025/04/10 00:00:00,CO,0.35,0.36,0.33,0.35,0.35,0.36,0.42,0.45,0.5,0.37,#,0.49,#,0.44,0.41,0.4,0.42,0.46,0.42,0.49,0.57,0.58,0.6,0.76,
大園,2025/04/10 00:00:00,NO,0.7,1.9,1.2,1,0.7,0.8,1.1,1.8,2.6,1.3,#,1.6,#,1.4,1.8,1.6,1.5,1.3,0.8,1,0.8,1.1,1,1.7,
大園,2025/04/10 00:00:00,NO2,5.4,15.6,15.5,15.6,9.4,8.6,14.6,19.6,22.1,8.9,#,13.7,#,13.2,12.4,10.8,12.8,13.4,13.5,16.3,18.2,21.8,28.9,37.9,
大園,2025/04/10 00:00:00,NOx,6.2,17.6,16.8,16.6,10.2,9.5,15.8,21.4,24.8,10.3,#,15.4,#,14.7,14.3,12.5,14.3,14.8,14.4,17.3,19,23,29.9,39.6,
大園,2025/04/10 00:00:00,O3,64.4,60.4,54.4,49.3,51.9,47.4,31.9,22.5,24.1,48.3,50.2,#,50.5,52.6,56.2,59.5,61.3,62,59.9,53,36.3,31.1,22.5,7,
大園,2025/04/10 00:00:00,PM10,45,26,33,32,40,33,36,37,34,19,3,#,14,19,20,29,30,32,33,27,45,42,55,66,
大園,2025/04/10 00:00:00,PM2.5,22,19,24,24,30,24,27,28,27,7,#,7,8,6,17,21,23,24,21,20,28,31,35,45,
大園,2025/04/10 00:00:00,RAINFALL,2.5,3,1.5,0.5,0,1,1.5,2,17,21.5,#,2,1,0.5,0,0,0,0,0,0,0,0,0,0,
大園,2025/04/10 00:00:00,RH,89,91,92,93,93,93,93,93,93,94,94,94,94,93,92,90,90,91,91,91,92,93,93,93,
大園,2025/04/10 00:00:00,SO2,0.6,0.2,0.2,0.5,1.1,0.8,0.4,0.6,0.4,0.2,#,0.3,0.2,0.2,0.2,0.3,0.3,0.4,0.4,0.4,0.3,0.3,0.5,0.7,
大園,2025/04/10 00:00:00,WD_HR,357,23,23,102,120,152,158,152,238,299,352,330,342,344,349,353,359,2,12,342,144,151,153,150,
大園,2025/04/10 00:00:00,WIND_DIREC,52,9,9,135,121,153,160,153,235,5,348,344,336,336,351,6,356,0,349,5,154,154,155,148,
大園,2025/04/10 00:00:00,WIND_SPEED,1.6,1.4,1.1,1.5,0.8,2.1,1.4,0.5,2.6,5.3,3.3,3.7,2.1,3.1,3.7,2.3,2.5,2.2,0.4,0.3,1.4,1.6,1.6,1.7,
大園,2025/04/10 00:00:00,WS_HR,2.9,1.4,0.7,0.6,0.6,1.4,1.6,0.6,0.8,3.3,3.2,2.7,1.9,2.2,3.4,2.9,2.4,1.7,1,0.5,0.8,1.4,1.6,1.6,
大園,2025/04/11 00:00:00,AMB_TEMP,20.1,20,20.1,19.8,20,19.8,20.2,22,24.4,26.4,27.7,26.8,26.9,27.1,27.1,26.6,26.3,25.5,25.3,24.7,24.8,24.8,24.8,24.7,
大園,2025/04/11 00:00:00,CO,0.73,0.61,0.57,0.58,0.54,0.63,0.79,0.74,0.64,0.57,0.5,0.55,0.57,0.58,0.48,0.48,0.5,0.49,0.45,0.47,0.47,0.52,0.61,0.81,
大園,2025/04/11 00:00:00,NO,1.5,1,1.2,1.3,1.2,11.8,12.9,15.1,10.5,6.9,3.6,3.5,2.9,1.9,1.4,1.4,1.5,1.2,0.9,1,1.1,1.4,2.1,1.5,
大園,2025/04/11 00:00:00,NO2,30.2,21.9,21.4,20.7,18.6,29.6,29.6,28,22.6,21.1,19.2,21.5,19.7,19.3,15.1,13.3,14.7,16.7,16.2,20.6,27.2,39.3,49.1,32.6,
大園,2025/04/11 00:00:00,NOx,31.7,23,22.7,22.1,19.8,41.4,42.5,43.1,33.2,28.1,22.8,25,22.6,21.2,16.5,14.8,16.2,17.9,17.1,21.7,28.4,40.8,51.2,34.1,
大園,2025/04/11 00:00:00,O3,14.2,17.6,15.3,9.4,13,0,3.9,9.6,22,36.2,50.4,62.9,81.6,103.3,96.2,79.4,75,67.6,56.7,48.8,41,21.6,8.5,12.9,
大園,2025/04/11 00:00:00,PM10,62,52,44,50,43,46,48,43,34,37,37,46,47,57,55,49,51,47,40,46,50,52,62,58,
大園,2025/04/11 00:00:00,PM2.5,46,35,30,30,30,33,30,31,20,23,23,29,34,45,40,34,33,34,30,26,29,32,39,38,
大園,2025/04/11 00:00:00,RAINFALL,0,0,0,0,0,0,0,0,0,0,0,0,0,0,0,0,0,0,0,0,0,0,0,0,
大園,2025/04/11 00:00:00,RH,93,93,93,94,94,94,94,92,87,78,67,69,68,66,66,68,69,73,75,82,83,84,85,85,
大園,2025/04/11 00:00:00,SO2,0.6,0.6,0.5,0.4,0.2,0.2,0.8,0.9,0.5,0.9,2.1,2.1,3.8,4.6,4,4.6,5.2,4.1,1.3,1.1,2.2,2.7,1.6,1.2,
大園,2025/04/11 00:00:00,WD_HR,150,150,153,150,150,119,154,150,148,138,13,347,325,327,308,314,312,291,205,17,17,92,146,165,
大園,2025/04/11 00:00:00,WIND_DIREC,151,151,158,151,131,140,155,143,149,117,357,338,346,331,319,311,304,276,172,3,17,129,153,156,
大園,2025/04/11 00:00:00,WIND_SPEED,1.9,2,1.2,1.7,1.3,1.5,2.2,1.9,2.7,2.3,3.6,2.6,2.9,3.2,2.7,2.7,2.1,1.2,0.4,1.5,0.6,1.3,1.5,0.6,
大園,2025/04/11 00:00:00,WS_HR,1.7,1.9,1.7,1.5,1.5,1.2,2.1,2.2,2.4,2.4,2,2.4,2.5,2.6,2.5,2.6,2.4,1.6,0.4,1.2,0.7,0.5,1.4,1.1,
大園,2025/04/12 00:00:00,AMB_TEMP,24.5,24,24.2,24.3,24.2,23.3,23.6,24.6,25.3,26.6,27.4,27.2,28,28.3,28.1,29.7,29.6,29,28.5,28.4,27.7,21.8,19.2,18.2,
大園,2025/04/12 00:00:00,CO,0.76,0.4,0.39,0.35,0.35,0.52,0.53,0.57,0.52,0.48,0.43,0.32,0.22,0.24,0.22,0.19,0.2,0.21,0.19,0.16,0.15,0.3,0.29,0.27,
大園,2025/04/12 00:00:00,NO,1.2,0.8,0.7,0.7,0.7,1,2.6,4.7,3.4,3.5,3.8,1.1,1.2,0.8,1,1.2,0.7,0.7,1.3,0.9,1.1,1,0.5,0.7,
大園,2025/04/12 00:00:00,NO2,28.7,7.3,8.2,8.2,7.5,20.3,20.9,21.2,20.2,20.7,19,7.5,4.6,3.4,4.5,4,4.3,5.3,4.9,4,3.2,4.7,4.6,7.4,
大園,2025/04/12 00:00:00,NOx,30,8.1,9,9,8.2,21.4,23.6,25.9,23.6,24.3,22.9,8.7,5.8,4.3,5.5,5.2,5,6,6.2,5,4.4,5.8,5.1,8.1,
大園,2025/04/12 00:00:00,O3,15.7,38.7,32.7,29.9,35.7,8.6,11.5,13,21.5,25.8,31.4,40.9,35.8,42,37.2,30.8,30.7,25.1,22.9,18.5,14.7,35.6,46,41.1,
大園,2025/04/12 00:00:00,PM10,69,63,54,44,38,52,45,50,41,47,37,46,42,34,42,39,29,24,26,19,25,18,29,55,
大園,2025/04/12 00:00:00,PM2.5,37,32,32,25,19,31,32,34,25,25,21,16,15,12,13,15,15,12,9,10,8,14,13,17,
大園,2025/04/12 00:00:00,RAINFALL,0,0,0,0,0,0,0,0,0,0,0,0,0,0,0,0,0,0,0,0,0.5,40.5,15,6,
大園,2025/04/12 00:00:00,RH,87,90,90,90,88,90,90,88,84,78,68,69,65,64,67,55,52,53,56,54,59,87,91,92,
大園,2025/04/12 00:00:00,SO2,0.5,0.8,1,1.1,1,0.8,1.1,1.3,1.5,2.2,1.9,1.1,1.1,0.9,1.2,0.8,0.7,0.7,0.7,0.6,0.6,0.5,0.5,0.6,
大園,2025/04/12 00:00:00,WD_HR,216,182,175,201,186,151,165,155,154,107,259,245,239,243,240,212,230,242,234,238,259,353,24,37,
大園,2025/04/12 00:00:00,WIND_DIREC,203,170,182,216,146,187,155,164,151,59,231,245,238,249,223,211,232,249,230,239,301,15,24,62,
大園,2025/04/12 00:00:00,WIND_SPEED,1.7,2.3,1.1,1,1.5,1.2,1.7,1.4,1.1,0.7,2.3,6.5,7.8,7.7,7.2,6.7,4.8,4.3,5.4,5.2,3.4,9,7.8,4.5,
大園,2025/04/12 00:00:00,WS_HR,0.9,1.6,1.2,1,1.4,1.5,1.4,1.2,1.4,0.7,0.5,4.7,7.4,6.9,6.8,7.1,5.5,4.2,4.9,4.6,4.1,7.5,8.5,6.2,
大園,2025/04/13 00:00:00,AMB_TEMP,17.7,17.3,17,15.8,16.2,17.3,17.5,17.5,17.9,18.5,18.5,18.7,19.7,19.8,19.4,19,18.7,18.6,18.1,18.1,18,17.6,16.9,17.2,
大園,2025/04/13 00:00:00,CO,0.29,0.22,0.21,0.17,0.18,0.18,0.16,0.16,0.17,0.16,0.17,0.17,0.18,0.18,0.17,0.16,0.17,0.19,0.22,0.26,0.26,0.28,0.3,0.35,
大園,2025/04/13 00:00:00,NO,1.7,1.1,0.8,0.8,0.8,1.2,1.6,1.6,2.4,3.6,5.8,2.1,2.2,2.2,2.3,2.4,1.8,1.5,1.6,0.9,0.8,0.8,0.5,0.7,
大園,2025/04/13 00:00:00,NO2,15.9,4.8,4.5,3.9,5,10.3,8.7,8.9,14.6,17.5,16.7,10.7,8.3,10.7,10,10.1,11.5,17.9,25.3,16.4,14.7,17.3,17.2,18.9,
大園,2025/04/13 00:00:00,NOx,17.7,6,5.4,4.7,5.8,11.5,10.3,10.5,17,21.2,22.6,12.9,10.6,12.9,12.3,12.5,13.4,19.4,26.9,17.3,15.6,18.2,17.8,19.6,
大園,2025/04/13 00:00:00,O3,34.1,42.7,41.7,49.1,48,38,43.3,46.9,43.8,40.8,43.6,49,49.4,48.9,50.8,50.7,50.2,43.8,32.7,37.5,37.8,28.8,23.6,18.6,
大園,2025/04/13 00:00:00,PM10,45,51,72,56,115,202,245,214,180,141,137,137,154,138,133,134,129,124,115,114,103,84,75,66,
大園,2025/04/13 00:00:00,PM2.5,13,20,29,21,49,71,65,50,41,26,22,43,42,30,21,23,21,22,20,24,26,19,20,20,
大園,2025/04/13 00:00:00,RAINFALL,4,1.5,4,1.5,0,0,0,0,0,0,0,0,0,0,0,0,0,0,0,0,0,0,0,0,
大園,2025/04/13 00:00:00,RH,91,91,90,90,86,77,59,49,43,33,28,28,30,28,24,26,29,29,34,35,35,40,46,49,
大園,2025/04/13 00:00:00,SO2,1.4,0.5,0.3,0.5,0.7,1.1,0.7,0.4,0.7,1.1,0.8,0.6,0.8,1,0.7,0.9,0.9,0.8,0.9,0.9,0.7,0.6,0.7,0.5,
大園,2025/04/13 00:00:00,WD_HR,42,26,31,26,39,40,36,34,38,36,36,38,64,43,42,31,38,81,123,151,155,156,154,161,
大園,2025/04/13 00:00:00,WIND_DIREC,32,24,31,33,60,34,32,35,42,33,34,52,41,54,30,31,59,74,131,157,155,160,154,159,
大園,2025/04/13 00:00:00,WIND_SPEED,4.9,5.4,6.1,4.4,3.6,7,5.1,5.4,4,5,4.5,4.1,3.9,3.6,4.3,4.2,1.5,1.2,0.8,2.4,2.8,2.5,1.7,1.1,
大園,2025/04/13 00:00:00,WS_HR,3.7,5.5,5.1,5.9,4.3,4.9,5.7,5.3,4.2,4.5,4.3,4.4,3.3,3.6,3.5,4.1,2.6,1.5,1.1,1.6,2.4,2.4,2,1.1,
大園,2025/04/14 00:00:00,AMB_TEMP,17.5,17.5,16.9,17.4,16.5,16.2,17.6,20.7,22.6,23.9,24.7,25.2,25.5,25.7,25.8,25.6,25.1,24.3,23.4,22.6,22.1,22.1,22.6,22.9,
大園,2025/04/14 00:00:00,CO,0.39,0.34,0.41,0.28,0.34,0.36,0.38,0.35,0.3,0.26,0.23,0.21,0.19,0.19,0.19,0.18,0.18,0.19,0.23,0.26,0.3,0.29,0.27,0.19,
大園,2025/04/14 00:00:00,NO,1.1,1.1,3,1.2,1.3,1.9,7.2,5.4,3.6,2.8,1.7,1.6,1.4,1,1.1,1.4,1.5,0.9,0.8,0.9,1.3,1,0.7,0.9,
大園,2025/04/14 00:00:00,NO2,21.6,18.9,36.1,14,19.6,22.3,22.9,16.5,12.5,10.5,7.8,6.8,5.8,5.6,5.8,5.6,5.7,7.4,9.5,11.7,14.4,12.6,12,6.5,
大園,2025/04/14 00:00:00,NOx,22.7,20,39.1,15.3,20.9,24.2,30.1,21.9,16.1,13.3,9.5,8.5,7.2,6.7,7,7,7.3,8.3,10.4,12.7,15.8,13.7,12.8,7.5,
大園,2025/04/14 00:00:00,O3,17.1,19.3,5.6,21.9,14.3,8.4,8.5,22.1,33.6,44.2,56.3,62.6,68.5,72.2,72.2,71.9,70.8,69.1,63,56.3,52.2,53.5,56.3,62.8,
大園,2025/04/14 00:00:00,PM10,60,69,61,68,66,56,56,49,59,75,86,86,113,116,112,105,109,101,105,100,106,117,111,95,
大園,2025/04/14 00:00:00,PM2.5,20,18,22,21,17,21,16,16,16,17,18,21,24,25,28,26,23,24,22,25,27,26,27,22,
大園,2025/04/14 00:00:00,RAINFALL,0,0,0,0,0,0,0,0,0,0,0,0,0,0,0,0,0,0,0,0,0,0,0,0,
大園,2025/04/14 00:00:00,RH,50,55,60,62,69,74,75,65,56,50,47,48,47,47,47,44,45,47,49,51,55,61,65,60,
大園,2025/04/14 00:00:00,SO2,0.6,1.7,1.5,1.7,2,1.9,1.9,2.1,2.4,2.4,2.3,2.2,1.8,1.8,1.9,2,1.9,1.9,2.1,2.1,2.6,2.7,2.5,2.3,
大園,2025/04/14 00:00:00,WD_HR,169,162,158,181,153,154,159,203,226,233,242,242,244,247,248,253,245,226,218,224,236,259,243,240,
大園,2025/04/14 00:00:00,WIND_DIREC,168,144,180,181,145,154,172,215,231,233,233,242,242,245,252,249,230,224,220,230,235,159,246,231,
大園,2025/04/14 00:00:00,WIND_SPEED,1.5,1.6,1.7,2.1,2.1,2.8,1.6,2.7,3.9,5.5,5,5.8,5.1,6.5,5.8,5.3,5.2,4.4,4.4,3.1,3.5,0.9,3.5,1.7,
大園,2025/04/14 00:00:00,WS_HR,1.6,1.2,1.8,1.6,2.1,2.2,1.5,1.8,3.2,4.3,4.9,5.3,5.4,5.6,5.1,4.9,4.9,4.7,3.8,3.2,3.4,1.6,2.2,2.2,
大園,2025/04/15 00:00:00,AMB_TEMP,21.1,20.5,20.6,20.1,19.8,19.4,19.8,22.2,23.8,24.7,25.3,26.2,26.1,26.3,26.3,26.1,25.3,24.7,24.2,23.1,22.3,21.6,21.3,20.6,
大園,2025/04/15 00:00:00,CO,0.24,0.29,0.26,0.25,0.25,0.33,0.37,0.47,0.32,0.28,0.25,0.25,0.23,0.23,0.21,0.21,0.21,0.24,0.36,0.39,0.39,0.38,0.34,0.4,
大園,2025/04/15 00:00:00,NO,0.7,0.9,1.1,1.5,1.3,2.6,8.2,16.8,7.2,6.1,4.3,3.3,2.2,2.2,1.8,1.9,1.6,1.7,1.5,1.3,1.6,1.5,1.3,1.4,
大園,2025/04/15 00:00:00,NO2,7.8,13.1,11.5,9.8,9.8,35,42,41.3,25.2,27.1,15.1,15.5,9.7,9.6,8.4,10.8,9.5,15.6,26.1,27.8,27.3,15.2,13.1,20.7,
大園,2025/04/15 00:00:00,NOx,8.6,14,12.7,11.3,11.1,37.7,50.3,58.1,32.5,33.3,19.4,18.9,12,11.8,10.2,12.7,11.1,17.4,27.6,29.2,28.9,16.7,14.4,22.1,
大園,2025/04/15 00:00:00,O3,48.7,38.7,42.1,44,42.8,9.7,10.1,15.2,40.1,47.1,59.6,64.5,70.7,72.9,72,68.9,69.5,65.1,51.7,47.3,45.5,54.6,55,42.3,
大園,2025/04/15 00:00:00,PM10,93,105,87,100,90,96,90,101,127,120,105,97,87,98,107,118,105,80,82,90,85,77,77,69,
大園,2025/04/15 00:00:00,PM2.5,22,24,23,24,29,26,34,31,32,25,21,20,19,21,22,22,14,19,21,22,22,20,20,22,
大園,2025/04/15 00:00:00,RAINFALL,0,0,0,0,0,0,0,0,0,0,0,0,0,0,0,0,0,0,0,0,0,0,0,0,
大園,2025/04/15 00:00:00,RH,68,69,63,65,67,68,66,57,55,53,47,43,43,41,36,34,35,42,48,51,55,59,60,64,
大園,2025/04/15 00:00:00,SO2,2.1,1.3,1.3,1.3,1.4,1.3,1.5,1.6,2.6,3.5,2.3,2.3,1.6,1.7,1.6,1.4,1.3,1.6,1.9,1.9,1.7,1.1,1.1,1.2,
大園,2025/04/15 00:00:00,WD_HR,160,180,235,177,177,137,143,114,33,38,39,30,28,25,28,30,31,31,96,96,109,128,125,145,
大園,2025/04/15 00:00:00,WIND_DIREC,154,200,223,172,163,140,149,23,34,35,41,26,36,22,29,37,31,38,102,99,125,128,131,156,
大園,2025/04/15 00:00:00,WIND_SPEED,2.5,1.7,1.5,2.2,1.2,1.5,1.7,1.4,3.6,4.7,4.1,5.7,4.4,5.3,5,4.6,4.6,3.3,4.1,3.4,2.3,2.3,2,2.1,
大園,2025/04/15 00:00:00,WS_HR,1.7,1.9,1,1.7,1.6,1.5,1.8,0.9,3,3.9,4.3,4.2,4.9,4.9,4.9,4.5,4.8,4,3.3,3.3,2.5,2.1,2.2,2.1,
大園,2025/04/16 00:00:00,AMB_TEMP,20.2,19.9,19.7,19.6,19,18.5,19.3,21.5,24.8,26.6,27.9,27.6,27.6,26.9,27.3,26.6,25.8,24.9,24.1,23.6,23.4,23.5,23.2,22.4,
大園,2025/04/16 00:00:00,CO,0.43,0.41,0.39,0.36,0.37,0.29,0.41,0.42,0.39,0.31,0.29,0.31,0.27,0.27,0.2,0.22,0.22,0.23,0.25,0.27,0.33,0.32,0.37,0.44,
大園,2025/04/16 00:00:00,NO,1.3,1.3,1.2,1.6,1.4,1.6,4,11.5,6.8,2.6,2.1,1.7,1.5,1.9,1.6,1.1,1.6,1.5,1.4,0.9,1.2,1.2,1.6,1.6,
大園,2025/04/16 00:00:00,NO2,17.2,20.5,19.9,20,17.5,14,25.7,32.9,21.9,14.7,10.9,9.1,7.5,8.5,5.3,5.2,5,5.5,6.7,7.4,9.6,12.4,16,20.8,
大園,2025/04/16 00:00:00,NOx,18.5,21.8,21.2,21.6,18.9,15.7,29.7,44.4,28.7,17.4,13,10.8,9,10.5,6.9,6.3,6.6,7,8.1,8.4,10.8,13.6,17.7,22.4,
大園,2025/04/16 00:00:00,O3,41.9,34.9,32.8,31.3,29.8,28.5,20.1,19.2,42.4,66.9,80.1,88.6,87.9,85.2,80.7,79.2,76.6,75.3,73.1,66.9,58.5,52.6,44,34.4,
大園,2025/04/16 00:00:00,PM10,72,65,68,64,68,64,72,89,106,110,115,115,112,#,98,99,95,88,91,87,94,95,95,96,
大園,2025/04/16 00:00:00,PM2.5,17,23,20,22,19,21,30,24,28,29,28,28,#,27,23,24,21,21,23,27,32,24,28,27,
大園,2025/04/16 00:00:00,RAINFALL,0,0,0,0,0,0,0,0,0,0,0,0,0,0,0,0,0,0,0,0,0,0,0,0,
大園,2025/04/16 00:00:00,RH,66,69,70,70,72,69,66,55,47,45,41,43,44,50,36,39,45,48,51,55,57,53,52,60,
大園,2025/04/16 00:00:00,SO2,1,0.7,1,1.2,0.9,0.6,0.7,1,1.1,1.3,1.6,1.8,1.5,#,1.5,1.5,1.3,1.3,1.1,1.2,1.4,1.7,1.3,1.4,
大園,2025/04/16 00:00:00,WD_HR,157,159,161,162,178,186,151,140,178,241,257,254,247,277,257,249,248,245,229,211,171,163,160,155,
大園,2025/04/16 00:00:00,WIND_DIREC,155,163,164,164,179,172,146,145,188,257,250,249,259,240,266,264,244,237,223,200,172,166,155,154,
大園,2025/04/16 00:00:00,WIND_SPEED,2.3,2.6,1.9,2.5,1.9,2.1,2.2,1.8,1.6,2.2,2.6,3.4,4.1,4.7,3.6,3.8,3,2.7,2,0.9,1.5,2,2,2.3,
大園,2025/04/16 00:00:00,WS_HR,2.2,2.5,2.3,2.6,1.8,1.8,2.1,1.8,1.3,1.6,2,3.1,3.5,3.2,3.4,3.7,2.9,2.7,2.2,1,1.4,1.8,1.8,2.2,
大園,2025/04/17 00:00:00,AMB_TEMP,22.3,22.4,22.2,21.5,21.2,21,21.5,22.6,24.5,26.5,26.9,26.7,26.4,26.2,26.7,26.4,26.2,25.5,25.3,25.2,25.2,25.2,24.8,24,
大園,2025/04/17 00:00:00,CO,0.45,0.39,0.39,0.36,0.38,0.33,0.38,0.51,0.45,0.3,0.33,0.33,0.3,0.29,0.29,0.29,0.29,0.27,0.29,0.38,0.35,0.36,0.38,0.47,
大園,2025/04/17 00:00:00,NO,1.5,0,0.2,0.3,0.3,0.6,6.1,12.8,8.7,2.4,2.4,1.2,0.4,0.6,0.3,0.5,0.6,0.5,0.3,0.2,0.3,0.9,1.1,1.9,
大園,2025/04/17 00:00:00,NO2,20.5,20.3,19,17.4,19.9,23.1,35.6,37.6,24.2,15.4,20.1,13.2,9.6,8.7,10,13.3,14.7,16.7,17.6,36.4,30,52.8,41.9,52.6,
大園,2025/04/17 00:00:00,NOx,22,20.3,19.3,17.8,20.2,23.8,41.7,50.4,33,17.8,22.5,14.5,10.1,9.3,10.3,13.8,15.3,17.3,17.9,36.7,30.4,53.8,43.1,54.5,
大園,2025/04/17 00:00:00,O3,31.9,32.5,32.9,28,22,18.1,8.4,9.2,31.5,54,57.4,73,79.3,80.5,88.6,85.6,78.9,73.1,67.6,42.5,46.1,21.3,27.8,9.8,
大園,2025/04/17 00:00:00,PM10,97,88,87,80,83,70,77,79,94,93,106,105,100,97,98,96,103,94,98,100,96,88,82,87,
大園,2025/04/17 00:00:00,PM2.5,29,31,29,23,29,29,28,32,29,22,33,27,24,25,30,28,30,27,27,32,27,28,26,32,
大園,2025/04/17 00:00:00,RAINFALL,0,0,0,0,0,0,0,0,0,0,0,0,0,0,0,0,0,0,0,0,0,0,0,0,
大園,2025/04/17 00:00:00,RH,61,62,63,69,71,72,71,69,61,51,53,56,56,57,55,56,54,59,60,60,60,60,61,66,
大園,2025/04/17 00:00:00,SO2,2,1.7,1.6,1.4,1.1,1.2,1.1,1.3,1.5,1.5,2.3,2.5,1.9,1.7,1.9,1.9,1.6,1.8,2,3.6,4.4,4,4.4,2.9,
大園,2025/04/17 00:00:00,WD_HR,159,163,166,170,156,153,153,139,173,268,358,356,353,351,359,2,12,23,26,46,41,5,90,144,
大園,2025/04/17 00:00:00,WIND_DIREC,160,162,169,157,158,157,149,130,254,302,16,355,352,352,5,0,15,16,71,7,113,2,143,169,
大園,2025/04/17 00:00:00,WIND_SPEED,2.6,1.7,1.5,1.2,2.2,1.6,1.6,1.3,1,0.9,2.4,3.5,2.8,3.1,3.1,2.7,2.5,2.1,1,0.9,0.9,1.8,0.6,1.1,
大園,2025/04/17 00:00:00,WS_HR,2.4,1.9,1.6,1.1,1.5,1.6,1.3,1.2,0.6,0.7,1.6,3,3,2.8,2.4,2.4,2.2,2,1.4,0.6,0.7,0.8,0.5,0.8,
大園,2025/04/18 00:00:00,AMB_TEMP,23.9,23.7,23.7,23.8,23.7,23.5,23.7,24.9,25.8,27.3,26.9,26.4,26,26.4,26.9,26.7,26.3,26,25.3,25.1,25.1,25.2,25,24.8,
大園,2025/04/18 00:00:00,CO,0.51,0.58,0.61,0.63,0.43,0.4,0.43,0.47,0.56,0.4,0.36,0.23,0.19,0.17,0.15,0.16,0.17,0.19,0.21,0.32,0.31,0.31,0.25,0.36,
大園,2025/04/18 00:00:00,NO,0.7,0.4,0.5,4.1,1.4,0.6,2.6,5,7.5,5,2.6,1.2,1.3,0.9,0.2,0.4,0.8,0.6,1,0.6,1.2,0.4,0.3,0.1,
大園,2025/04/18 00:00:00,NO2,40,28.7,28.4,41.2,26.3,24.4,27.5,27.6,30.7,18.6,16.9,8.4,6.7,6.8,4.2,4,5.4,8.7,17.5,27.3,22.1,15.2,13.6,17.1,
大園,2025/04/18 00:00:00,NOx,40.7,29.1,29,45.4,27.8,25,30.2,32.7,38.2,23.7,19.5,9.6,8,7.7,4.5,4.4,6.3,9.3,18.6,27.9,23.3,15.6,13.9,17.2,
大園,2025/04/18 00:00:00,O3,16.1,13,13.2,1.3,14.7,11.4,10.2,19.3,21.7,33.7,46.9,49.1,40.4,36.7,41.3,42,43,39.6,28.1,18.1,25.9,29.9,29.3,15.5,
大園,2025/04/18 00:00:00,PM10,92,89,85,85,68,60,66,73,84,63,73,67,52,44,59,53,62,57,65,66,60,63,63,68,
大園,2025/04/18 00:00:00,PM2.5,28,34,41,37,31,28,32,32,35,22,29,14,13,17,17,14,16,18,16,18,12,19,16,22,
大園,2025/04/18 00:00:00,RAINFALL,0,0,0,0,0,0,0,0,0,0,0,0,0,0,0,0,0,0,0,0,0,0,0,0,
大園,2025/04/18 00:00:00,RH,68,75,79,80,79,80,79,73,68,66,70,77,80,75,65,64,63,64,69,73,73,73,77,80,
大園,2025/04/18 00:00:00,SO2,2.1,1.5,1.1,1.1,1.2,0.9,1.3,1.7,1.7,1.3,2.7,1.6,1.3,1.5,0.4,0.4,0.4,0.5,0.8,1.3,1.8,1.6,1.7,1.3,
大園,2025/04/18 00:00:00,WD_HR,184,190,166,124,141,144,143,147,149,221,321,321,305,268,243,242,253,359,23,51,0,271,238,170,
大園,2025/04/18 00:00:00,WIND_DIREC,205,189,144,113,148,132,145,150,141,313,323,316,309,278,257,260,281,26,86,346,55,278,176,168,
大園,2025/04/18 00:00:00,WIND_SPEED,1.1,1.3,0.6,0.5,1.6,1.6,2,2.8,2.2,2.4,3.3,3,1.9,3,2.6,1.8,1.2,2.7,0.9,1.5,0.8,1.3,0.8,1,
大園,2025/04/18 00:00:00,WS_HR,0.8,1.4,1,0.6,1.3,1.5,1.7,2,2,0.8,3.1,2.9,2.4,2.3,2.2,1.9,1.8,0.8,1.3,0.5,1.1,0.9,0.8,0.7,
大園,2025/04/19 00:00:00,AMB_TEMP,24.9,25,24.9,25,24.9,24.9,25.4,26.3,27.6,28.3,29.3,29.8,29.9,29.5,29.1,28.5,27.8,27.1,26.8,26.6,26.5,26.7,23.7,22.7,
大園,2025/04/19 00:00:00,CO,0.36,0.41,0.48,0.51,0.48,0.48,0.34,0.28,0.23,0.21,0.24,0.24,0.21,0.22,0.19,0.2,0.19,0.18,0.18,0.17,0.17,0.16,0.15,0.17,
大園,2025/04/19 00:00:00,NO,0.4,1.5,3.9,2.7,2.2,2.5,3.2,3.8,2.7,2.2,1.9,1.5,1.2,1.2,#,1.3,1.4,1.1,0.9,1,1.1,1,1.1,1.1,
大園,2025/04/19 00:00:00,NO2,19.5,28.3,31.4,33.6,27.7,25,17.6,12.7,7.5,5.5,6,5.3,4.2,4.4,#,4,3.8,3.7,3.7,4.4,3.9,4.4,4.1,3.2,
大園,2025/04/19 00:00:00,NOx,19.9,29.9,35.4,36.3,30,27.6,20.9,16.5,10.2,7.7,8,6.8,5.4,5.6,#,5.4,5.2,4.9,4.6,5.5,5,5.5,5.2,4.4,
大園,2025/04/19 00:00:00,O3,10.7,5.4,1.4,1.7,2,2.4,10.4,15.9,24.8,31.2,38.6,46.2,49.7,53.9,#,44.8,38.1,34,29.3,27,25.3,22.8,45.4,48.9,
大園,2025/04/19 00:00:00,PM10,71,68,65,68,68,60,45,41,39,39,38,44,48,50,48,45,37,37,41,37,28,34,41,19,
大園,2025/04/19 00:00:00,PM2.5,24,26,24,27,21,22,17,16,9,14,11,16,11,22,17,15,11,12,11,9,12,10,11,6,
大園,2025/04/19 00:00:00,RAINFALL,0,0,0,0,0,0,0,0,0,0,0,0,0,0,0,0,0,0,0,0,0,0,15,2,
大園,2025/04/19 00:00:00,RH,79,79,80,80,82,82,80,78,71,67,62,61,63,64,66,69,75,80,81,82,83,82,84,87,
大園,2025/04/19 00:00:00,SO2,1.1,1.6,1.4,1.4,1.2,1.1,1.5,1.5,1.2,1,1.1,1.1,1.2,1.7,#,1.2,0.7,0.6,0.4,0.5,0.3,0.4,0.6,0.3,
大園,2025/04/19 00:00:00,WD_HR,153,145,152,166,163,168,168,176,210,213,224,251,257,253,240,232,244,229,235,234,225,234,292,246,
大園,2025/04/19 00:00:00,WIND_DIREC,145,147,157,162,163,167,172,183,209,212,255,239,262,249,241,243,226,225,244,227,226,241,285,203,
大園,2025/04/19 00:00:00,WIND_SPEED,0.8,1.3,0.9,1.1,1.1,1.4,1.4,2.1,3.4,2.5,2.9,4.7,4.6,4.7,4.7,3.7,3.7,4.2,3.3,3.5,4.1,5,5.6,3,
大園,2025/04/19 00:00:00,WS_HR,1,0.8,1.1,0.9,0.8,1.1,1.3,1.7,2.5,2.9,2,3.8,4.2,4.7,4.4,4.4,3.8,4,3.5,3.5,3.6,4.1,5.9,3.6,
大園,2025/04/20 00:00:00,AMB_TEMP,22.6,22.6,23.8,24.3,24.6,24.9,25.2,25.5,26,26.1,26.3,27.1,27.6,26.6,25.8,24.4,23.3,23.5,23.4,23.4,23.3,23.3,23.3,22.9,
大園,2025/04/20 00:00:00,CO,0.15,0.16,0.16,0.19,0.16,0.16,0.14,0.14,0.14,0.15,0.14,0.14,0.15,0.2,0.17,0.16,0.18,0.22,0.28,0.25,0.31,0.45,0.31,0.36,
大園,2025/04/20 00:00:00,NO,0.8,0.4,0,0.1,0.5,0.6,0.4,0.7,1,0.7,1,1.1,1.2,1.3,1.1,0.6,0.5,0.8,1.6,4.3,1.4,12.3,16.3,10.7,
大園,2025/04/20 00:00:00,NO2,2.9,3.3,2.6,6.8,5.6,4.9,4,3.1,2.4,2.2,2.2,2.1,1.6,3.9,4.2,4.8,3.5,5.5,11.7,19.3,16.6,20.3,19.5,19.9,
大園,2025/04/20 00:00:00,NOx,3.8,3.8,2.6,6.9,6.1,5.6,4.5,3.8,3.5,3,3.3,3.3,2.9,5.3,5.4,5.4,4,6.3,13.4,23.6,18,32.6,35.8,30.6,
大園,2025/04/20 00:00:00,O3,45.7,41.9,37.5,26.1,28.8,18.9,16.5,15.1,15.8,16.4,16.9,18.5,20.5,19.9,21.7,19.3,17.6,15.7,9.4,3.6,3.2,0.4,1.5,0.1,
大園,2025/04/20 00:00:00,PM10,4,6,6,19,22,33,29,28,24,20,23,21,18,20,21,21,15,12,22,19,21,27,24,5,
大園,2025/04/20 00:00:00,PM2.5,1,0,2,4,6,7,10,9,11,12,11,10,11,13,11,11,8,7,9,5,11,11,10,11,
大園,2025/04/20 00:00:00,RAINFALL,0.5,0.5,0,0,0,0,0,0,0,0,0,0,0,0,0,5.5,2,0.5,0,0,0,0,0,0,
大園,2025/04/20 00:00:00,RH,88,87,84,85,88,88,88,88,86,85,85,83,81,83,86,88,89,89,89,88,89,89,88,89,
大園,2025/04/20 00:00:00,SO2,0.2,0.7,0.6,2.7,2.3,1,0.8,0.5,0.5,0.4,0.4,0.4,0.5,2.1,2,0.9,0.2,0.1,0.1,1,0.6,0.6,1.1,0.8,
大園,2025/04/20 00:00:00,WD_HR,186,186,199,319,299,243,253,253,244,245,239,251,260,306,312,291,237,59,16,106,152,84,27,109,
大園,2025/04/20 00:00:00,WIND_DIREC,187,182,359,316,289,234,249,246,251,246,236,256,255,310,306,282,156,22,43,138,147,34,42,145,
大園,2025/04/20 00:00:00,WIND_SPEED,2.5,3.7,2.5,3.7,2.5,2.9,3.3,3.2,3.6,3.4,3.6,4,3.9,2.7,3.7,4,1.9,1,1.6,1.6,1.1,1.2,1.3,0.9,
大園,2025/04/20 00:00:00,WS_HR,2.7,2.7,0.9,3.2,3,2.2,2.8,3.2,2.7,3.1,3.2,3.6,3.1,3,3,3.6,1.6,0.3,1.9,1,1.4,0.8,1.5,1,
大園,2025/04/21 00:00:00,AMB_TEMP,22.9,22.9,22.8,23,22.9,23,23.4,23.9,25.1,26.7,28.4,29.3,29.4,28.2,27,26.6,26.7,26.9,26.3,25.8,25.4,25.1,24.9,24.7,
大園,2025/04/21 00:00:00,CO,0.41,0.47,0.48,0.41,0.43,0.33,0.32,0.38,0.33,0.3,0.22,0.22,0.28,#,0.25,0.28,0.29,0.22,0.21,0.21,0.2,0.23,0.29,0.31,
大園,2025/04/21 00:00:00,NO,6.7,5.4,7.2,6.1,14.4,5.3,5.9,8.1,5.4,5.5,3,0.9,1.1,#,0,#,1.5,1.4,1.4,1.5,1.4,1.3,1.5,1.6,
大園,2025/04/21 00:00:00,NO2,19,21.8,23.1,22.8,24.4,20.4,15.4,12.3,11.6,11.3,9,6.6,9.6,#,8.2,#,11.2,7.1,5.4,6.9,5.9,7.1,11.4,13.6,
大園,2025/04/21 00:00:00,NOx,25.8,27.3,30.3,29,38.8,25.7,21.4,20.5,17.1,16.9,12,7.5,10.7,#,8.3,#,12.8,8.5,6.8,8.5,7.3,8.5,13,15.2,
大園,2025/04/21 00:00:00,O3,0,0,0,0.8,0.1,0.6,2.6,4.9,9.8,16.8,25.5,37.3,46.5,44.2,#,50.1,53.2,44.4,32.5,26.1,22.6,17.4,11.2,9.8,
大園,2025/04/21 00:00:00,PM10,20,22,25,25,22,18,25,20,23,29,21,31,38,35,#,32,35,26,25,21,20,26,31,29,
大園,2025/04/21 00:00:00,PM2.5,10,11,15,15,14,16,10,11,15,11,18,22,21,#,17,16,21,14,12,11,14,15,18,19,
大園,2025/04/21 00:00:00,RAINFALL,0,0,0,0,0,0,0,0,0,0,0,0,0,#,0,0,0,0,0,0,0,0,0,0,
大園,2025/04/21 00:00:00,RH,90,90,90,90,90,90,89,88,86,82,76,69,69,70,77,79,81,80,81,83,86,87,87,87,
大園,2025/04/21 00:00:00,SO2,0.3,0.9,1,0.9,0.8,0.5,0.7,0.5,0.5,0.5,0.7,0.4,1,#,x,#,1.9,1.5,0.6,0.4,0.4,0.4,0.6,0.9,
大園,2025/04/21 00:00:00,WD_HR,155,141,138,118,107,151,106,169,166,193,202,243,290,313,313,314,318,232,229,222,206,200,211,189,
大園,2025/04/21 00:00:00,WIND_DIREC,164,146,137,20,94,182,116,193,188,211,208,251,289,314,296,316,301,226,237,204,199,194,207,243,
大園,2025/04/21 00:00:00,WIND_SPEED,0.5,1.2,0.2,0.6,1,0.5,0.3,0.8,1.8,2.3,2,3.1,3.6,3.6,1.9,2.1,1.6,2.7,1.7,1.3,0.8,1.3,1.4,1.1,
大園,2025/04/21 00:00:00,WS_HR,0.9,0.9,0.9,0.3,0.5,0.6,0.4,0.7,1,1.9,1.7,2.8,2.5,3.3,2.3,1.7,1.4,1.8,1.8,1.4,1.3,1.3,1.1,1.4,
大園,2025/04/22 00:00:00,AMB_TEMP,24.8,24.7,24.1,23.9,23.8,23.3,24.1,26.8,28.2,28.8,28.8,29.2,29.6,29.5,29.1,29.7,29.1,29.7,28.8,28.4,28.1,27.1,26.8,26.4,
大園,2025/04/22 00:00:00,CO,0.31,0.26,0.31,0.28,0.26,0.23,0.22,0.18,0.13,0.13,0.13,0.14,0.14,0.13,0.12,0.13,0.14,0.15,0.18,0.19,0.2,0.19,0.21,0.21,
大園,2025/04/22 00:00:00,NO,1.9,0,0.2,0.3,0.3,0.3,2.6,2.1,1.9,1.8,1.4,0.9,0.6,0.5,0.6,0.7,0.7,0.4,0.4,0.4,0.1,0.2,0.2,0.3,
大園,2025/04/22 00:00:00,NO2,14.3,14,14.8,14.8,13.2,11.5,11.4,7.5,5.6,5,4.4,4.6,4.5,4,3.5,4.2,4.9,5.9,8.3,9.5,9.9,9.1,9.1,9.1,
大園,2025/04/22 00:00:00,NOx,16.2,13.9,15,15.1,13.5,11.9,14.1,9.7,7.6,6.8,5.8,5.5,5.2,4.6,4.2,4.9,5.6,6.4,8.7,9.9,10,9.3,9.3,9.5,
大園,2025/04/22 00:00:00,O3,8.3,9,6.2,5.9,7,6.6,8.4,16.9,17.2,18.7,25.5,35.1,40.2,36.4,35.1,34.8,32.3,30.8,27.7,24.9,21.2,14.7,12.5,11.9,
大園,2025/04/22 00:00:00,PM10,49,20,31,35,39,30,36,25,23,24,25,37,34,31,30,39,44,38,37,34,38,39,37,31,
大園,2025/04/22 00:00:00,PM2.5,19,16,22,17,17,18,15,9,9,9,9,9,15,13,13,13,14,14,11,12,17,13,19,12,
大園,2025/04/22 00:00:00,RAINFALL,0,0,0,0,0,0,0,0,0,0,0,0,0,0,0,0,0,0,0,0,0,0,0,0,
大園,2025/04/22 00:00:00,RH,86,86,87,88,87,87,86,72,62,60,61,64,64,65,67,63,64,59,63,63,66,78,79,79,
大園,2025/04/22 00:00:00,SO2,0.8,1.1,0.8,0.7,0.8,0.7,0.8,1.1,1.5,1.3,1.1,1.2,1.1,0.9,0.9,0.9,0.9,0.8,0.8,0.9,0.8,0.8,1,1.6,
大園,2025/04/22 00:00:00,WD_HR,234,206,179,186,203,179,172,223,229,234,236,238,237,245,236,244,238,232,229,249,255,244,232,212,
大園,2025/04/22 00:00:00,WIND_DIREC,233,185,187,193,228,179,198,226,232,231,240,242,242,246,235,249,233,224,228,240,254,237,230,208,
大園,2025/04/22 00:00:00,WIND_SPEED,1.3,0.7,1.4,1.6,1.1,1.9,1.7,5.3,6.5,7,7,6.6,7.3,8.1,6.9,5.8,4.4,5.3,4.4,3.1,5.1,4.7,4.5,2.7,
大園,2025/04/22 00:00:00,WS_HR,0.8,1,1.2,1.4,1.2,1.6,1.3,3.8,5.1,6,6.2,6.1,5.9,6.6,6.9,5.8,5.5,4.9,4.4,3.3,3.2,4.3,4.4,2.9,
大園,2025/04/23 00:00:00,AMB_TEMP,26.1,25.9,25.8,26,25.9,26.1,25.7,23.2,23.2,22.4,23.6,25.9,26.8,27.5,25.9,24.2,24.4,24.1,22.8,22.5,22.6,22.8,22.7,22.6,
大園,2025/04/23 00:00:00,CO,0.16,0.15,0.15,0.13,0.13,0.12,0.15,0.25,0.21,0.17,0.19,0.17,0.18,0.18,0.22,0.25,0.27,0.29,0.19,0.19,0.19,0.2,0.22,0.24,
大園,2025/04/23 00:00:00,NO,0.1,1.9,1.3,1.4,1.4,1.5,1.3,1.8,1.9,1.7,2,2.2,1.8,1.8,1.7,1.7,1.5,1.5,1.6,1.6,1.6,2,1.6,2.1,
大園,2025/04/23 00:00:00,NO2,8.3,8.3,8.6,6.7,5.9,5.2,4.5,8.4,9.4,6.6,8.8,7,6.3,4.9,7.1,9.2,9.9,9.9,9.8,8.1,8.4,17.3,11.8,18.8,
大園,2025/04/23 00:00:00,NOx,8.4,10.2,9.9,8.2,7.3,6.8,5.9,10.2,11.3,8.3,10.8,9.2,8.1,6.7,8.8,11,11.5,11.4,11.4,9.8,10.1,19.3,13.5,20.9,
大園,2025/04/23 00:00:00,O3,12.8,11.8,11.4,14.3,14.7,17.3,22.3,26.7,26.5,42.2,38.8,45.1,48.8,52.3,56.2,54.8,54.9,51.7,53.8,55.7,56,50.4,53.5,41.7,
大園,2025/04/23 00:00:00,PM10,21,23,22,21,28,26,26,21,13,11,19,7,8,10,30,36,29,21,23,34,30,24,31,29,
大園,2025/04/23 00:00:00,PM2.5,12,15,12,14,10,11,10,7,4,3,4,6,5,5,6,12,15,10,7,6,7,11,12,9,
大園,2025/04/23 00:00:00,RAINFALL,0,0,0,0,0,0,2.5,3.5,11,2.5,0,0,0,0,0,0,0,0,0,0,0,0,0,0,
大園,2025/04/23 00:00:00,RH,78,76,73,73,76,79,81,87,89,89,86,79,70,70,79,85,85,86,89,89,88,87,86,87,
大園,2025/04/23 00:00:00,SO2,1.6,1.4,1.3,1.5,1.3,1.3,1.2,1.3,0.8,0.7,0.9,0.9,0.9,0.9,1.8,2.3,1.8,1,0.7,0.8,0.9,1.9,1.8,2.6,
大園,2025/04/23 00:00:00,WD_HR,199,191,206,226,227,254,266,284,233,185,186,223,256,255,301,314,313,6,34,35,34,37,45,47,
大園,2025/04/23 00:00:00,WIND_DIREC,194,184,254,225,234,258,266,92,221,164,196,234,253,299,306,318,305,32,33,37,36,36,32,58,
大園,2025/04/23 00:00:00,WIND_SPEED,2.2,1.4,0.9,2.5,2.4,4.2,6.6,1.3,4.6,3.9,2.7,3.4,3.8,3.2,3.9,3.6,2.4,5.4,3.7,3.2,3.6,3.3,3.6,1.3,
大園,2025/04/23 00:00:00,WS_HR,2,1.8,0.8,1.9,2.5,2.9,5.3,2.1,2.4,3.4,2.5,3.1,3.3,3.1,3.7,3.3,2.2,3.1,3.9,3.1,3.5,3.3,2.8,2.1,
大園,2025/04/24 00:00:00,AMB_TEMP,22.2,21.8,21.6,21.7,22,22.2,22.4,22.8,23.3,23.5,23.3,23.2,23.1,23,23.2,22.9,22.8,22.8,22.7,22.8,22.8,22.8,22.8,22.5,
大園,2025/04/24 00:00:00,CO,0.3,0.2,0.2,0.21,0.2,0.23,0.26,0.36,0.36,0.36,0.43,0.5,0.39,0.31,0.37,0.36,0.38,0.42,0.46,0.53,0.57,0.63,0.62,0.6,
大園,2025/04/24 00:00:00,NO,1.7,0,0,0,0,0,0,2.1,#,5.1,3.3,3.7,4.8,2.2,5.7,2.5,1.7,1.2,0.8,0.8,0.7,0.7,0.7,0.6,
大園,2025/04/24 00:00:00,NO2,21.6,10.4,8.5,14.5,14,14.4,18.9,31.7,#,30.5,24.6,31.4,32.5,24.3,38.2,24.8,28.6,27.9,23.5,27,25.3,26.6,27.4,27.6,
大園,2025/04/24 00:00:00,NOx,23.3,10,8.3,14.3,13.8,14.3,19,33.8,#,35.7,28,35.2,37.4,26.5,43.9,27.3,30.3,29.2,24.4,27.9,26,27.3,28.1,28.3,
大園,2025/04/24 00:00:00,O3,28.5,40,45.9,37.5,42,36.7,29.7,21.7,21.1,21.5,27,20.7,22.9,30,13.8,26.4,24.1,25.5,27.7,20.7,20.2,14.9,11.8,9.7,
大園,2025/04/24 00:00:00,PM10,31,21,23,25,23,29,21,21,26,28,20,21,25,20,21,21,17,19,17,28,31,38,41,43,
大園,2025/04/24 00:00:00,PM2.5,10,12,9,14,10,11,10,13,15,7,11,11,14,9,13,11,8,9,8,13,17,19,20,22,
大園,2025/04/24 00:00:00,RAINFALL,0,0,0,0,0,0,0,0,0,0,0,0,0,0.5,0,0,0,0,0,0,0,0,0,0,
大園,2025/04/24 00:00:00,RH,89,90,90,91,89,88,88,87,86,86,86,88,88,89,89,90,90,89,89,89,89,89,89,90,
大園,2025/04/24 00:00:00,SO2,1.3,1.2,1.1,1.5,1.7,1.4,1.6,1.9,2.2,2.2,1.5,1.3,1.9,1.7,1.7,1.3,1.3,1.1,0.9,0.8,0.7,0.9,1,1,
大園,2025/04/24 00:00:00,WD_HR,43,29,32,31,26,87,105,90,17,46,144,88,18,42,88,127,135,145,150,148,164,164,151,145,
大園,2025/04/24 00:00:00,WIND_DIREC,26,29,36,31,29,105,126,35,26,144,144,22,26,80,111,123,138,164,141,156,180,176,145,145,
大園,2025/04/24 00:00:00,WIND_SPEED,1.9,3,1.8,2,2.3,1.5,1.2,0.9,1.5,1.3,0.9,1.4,2.4,2.1,1.5,2,1.9,1.8,2.3,1.6,1.6,1.1,1.4,2.2,
大園,2025/04/24 00:00:00,WS_HR,1.3,2.4,2.1,1.7,2.2,1.5,1.3,0.9,1.3,1,0.7,0.4,2,1.9,1.3,1.8,2,2,2.1,1.9,1.7,1.6,1.4,2.1,
大園,2025/04/25 00:00:00,AMB_TEMP,22.6,23.1,23.7,23.5,23.3,23,21.9,21.1,20.5,20.3,20.2,19.8,20,20,20.1,20,19.7,19.7,19.5,19.4,19.8,19.8,19.9,19.8,
大園,2025/04/25 00:00:00,CO,0.52,0.47,0.3,0.22,0.24,0.24,0.24,0.28,0.26,0.26,0.27,0.28,0.3,0.35,0.35,0.35,0.33,0.32,0.33,0.33,0.3,0.28,0.31,0.28,
大園,2025/04/25 00:00:00,NO,0.8,0.7,0.3,0.4,0,0.2,0.2,0.6,0.7,0.9,1.1,1,1.2,1.4,1.2,0.7,0.9,0.9,0.5,0.6,0.4,0.5,0.4,0.3,
大園,2025/04/25 00:00:00,NO2,24.4,18.1,11.5,5.9,7.6,7.1,5.2,5.3,6.2,7.5,14.9,12.9,15.1,22.5,21,19.1,19.5,17.6,16.7,15.1,13,11.3,20.3,14.5,
大園,2025/04/25 00:00:00,NOx,25.3,18.8,11.9,6.4,7.7,7.3,5.4,5.9,6.9,8.4,16.1,13.9,16.4,23.9,22.3,19.9,20.4,18.6,17.2,15.7,13.5,11.8,20.7,14.8,
大園,2025/04/25 00:00:00,O3,12.8,15.7,32.5,48.4,52.2,58.8,67.5,73.2,71.6,70.4,64.2,69.1,65,57.4,61.9,64,63.3,63.3,63.7,63,61.9,58.1,46.2,49.6,
大園,2025/04/25 00:00:00,PM10,51,35,33,33,22,19,18,19,18,23,14,11,11,10,13,11,14,13,19,21,15,15,18,12,
大園,2025/04/25 00:00:00,PM2.5,22,21,17,13,11,11,6,8,10,14,10,6,5,5,4,7,5,9,11,7,6,13,10,7,
大園,2025/04/25 00:00:00,RAINFALL,0,0,0,0,0.5,0.5,1,3,2.5,1,0.5,0.5,1,1,0.5,0,0,0,0,0,0,0,0,0,
大園,2025/04/25 00:00:00,RH,90,90,89,89,88,89,90,91,91,90,90,90,90,90,90,90,90,88,88,88,86,85,84,85,
大園,2025/04/25 00:00:00,SO2,0.9,0.7,0.7,1,1.5,0.8,0.5,0.5,0.6,0.7,0.8,0.6,1.1,1.2,1.2,1.4,1.7,2,1.4,1.5,2.1,1.3,1.4,1.3,
大園,2025/04/25 00:00:00,WD_HR,173,186,270,304,318,357,26,29,31,31,34,34,36,56,55,48,42,56,58,56,56,64,62,71,
大園,2025/04/25 00:00:00,WIND_DIREC,184,213,286,316,339,11,28,26,28,31,36,35,34,54,47,42,36,62,59,51,64,66,68,70,
大園,2025/04/25 00:00:00,WIND_SPEED,1.3,2,3,3.7,2.8,3.2,8.4,7.7,7,5.8,4.3,4.9,4.1,3.3,5.1,4.9,6.6,4.3,4.2,4.1,4.1,3.1,3.1,3.3,
大園,2025/04/25 00:00:00,WS_HR,1.1,1.2,1.5,2.5,2.6,3,7.1,6.6,6.7,6.1,5.3,5.4,4.1,2.3,3.6,4.3,4.9,4.3,4.1,4.1,4,3.6,2.7,3,
大園,2025/04/26 00:00:00,AMB_TEMP,19.8,19.5,19.4,19.4,19.1,19.4,19.8,19.9,20.1,20.3,20.1,20.2,20.1,20,19.8,19.9,19.9,20.2,20.2,20.1,20.2,20.1,20,20.3,
大園,2025/04/26 00:00:00,CO,0.26,0.22,0.21,0.2,0.18,0.22,0.24,0.24,0.3,0.28,0.27,0.2,0.24,0.23,0.24,0.22,0.23,0.19,0.2,0.2,0.22,0.23,0.25,0.23,
大園,2025/04/26 00:00:00,NO,0.5,1.4,1.3,1.3,1.5,1.5,1.7,1.8,2.5,5.4,3.7,5.3,3,2.3,2.2,2.1,2.3,2.2,1.9,1.8,1.7,1.7,1.9,1.8,
大園,2025/04/26 00:00:00,NO2,19.9,21.7,9.6,11.2,8.7,12.1,14.5,15.2,20.3,30.1,23.6,17.1,20.2,16.7,21.4,20.6,21.3,13.7,13,13.2,16,14.7,17.1,18.5,
大園,2025/04/26 00:00:00,NOx,20.5,23.1,11,12.5,10.3,13.7,16.3,17.1,22.9,35.5,27.3,22.4,23.2,19.1,23.6,22.8,23.7,15.9,14.9,15,17.7,16.4,19,20.3,
大園,2025/04/26 00:00:00,O3,47,49.5,56.8,54.5,57,52.4,51,48.8,44.2,39.9,41.9,45.5,48,48.5,45.2,46.7,46.1,52.6,50.6,47.6,43.3,43,37.8,37.5,
大園,2025/04/26 00:00:00,PM10,16,18,14,16,20,11,15,15,18,13,17,18,18,10,6,5,8,6,14,8,8,8,9,10,
大園,2025/04/26 00:00:00,PM2.5,7,5,5,6,8,5,3,6,11,11,11,8,4,3,3,3,2,2,5,4,5,5,4,2,
大園,2025/04/26 00:00:00,RAINFALL,0,0,0,0.5,0,0,0,0.5,0,0.5,0,2.5,0.5,0.5,5,1.5,0,0,0,0,0,0,0,0,
大園,2025/04/26 00:00:00,RH,84,85,85,86,88,86,85,85,85,85,88,88,89,90,90,91,90,89,88,88,88,87,87,87,
大園,2025/04/26 00:00:00,SO2,1.1,1.6,1.6,1.1,0.8,1.1,1.3,1.4,1.6,1.7,1.6,1.6,1.8,1.4,1.8,1.8,2,2.5,1.8,1.4,1.3,1.3,1.3,2,
大園,2025/04/26 00:00:00,WD_HR,64,39,60,49,58,47,53,67,56,49,48,34,51,50,43,42,49,44,59,53,52,70,62,33,
大園,2025/04/26 00:00:00,WIND_DIREC,53,43,60,50,52,51,59,65,51,42,46,37,57,45,35,39,35,60,62,32,50,65,9,41,
大園,2025/04/26 00:00:00,WIND_SPEED,3.2,3.3,3.3,3.6,3.3,3.2,3.6,4.1,3.5,3.7,3,4.6,3.4,2.9,3.9,3.7,5.4,3.5,3.6,3.6,2.5,2.9,2.6,2.4,
大園,2025/04/26 00:00:00,WS_HR,3.1,3.4,3,3,3.1,3.4,3.4,4.4,3.1,3.9,2.7,4.4,3.5,3,3.3,3.4,3.4,4.4,3.4,2.7,2.5,2.6,2.1,2.6,
大園,2025/04/27 00:00:00,AMB_TEMP,20.5,20.5,20.2,19.9,19.7,19.6,20.2,21.9,24.2,25,26.2,26.6,25.9,24.8,24.1,24.7,24.5,24.1,23.4,23.3,23.3,23.3,23.4,23.1,
大園,2025/04/27 00:00:00,CO,0.22,0.22,0.23,0.24,0.23,0.26,0.31,0.38,0.28,0.26,0.23,0.25,0.23,0.21,0.22,0.2,0.19,0.21,0.2,0.27,0.31,0.19,0.2,0.24,
大園,2025/04/27 00:00:00,NO,1.9,1.6,1.4,1.8,1.4,1.5,2.7,5.4,3.1,2.8,1.8,1.7,1.7,1.5,1.7,2.4,1.9,2,1.7,1.6,1.9,1.5,1.6,1.7,
大園,2025/04/27 00:00:00,NO2,15.4,7.8,10.7,13.3,6.9,8.1,11.9,13.1,7.3,7.3,4.8,5.8,5.2,3.4,3.3,4.8,6.1,6.6,7.6,14.9,11.1,8.4,12.2,17.9,
大園,2025/04/27 00:00:00,NOx,17.3,9.4,12.1,15.1,8.3,9.6,14.6,18.6,10.5,10.2,6.6,7.6,6.9,5,5.1,7.3,8,8.6,9.3,16.6,13,10,13.9,19.7,
大園,2025/04/27 00:00:00,O3,41.3,44.4,31.7,28.4,33.2,20.3,15,14.7,38.7,45.7,52.6,55.7,61.8,59,57.3,59.2,60.1,58.2,56.4,47.5,51,54.8,50.7,34.8,
大園,2025/04/27 00:00:00,PM10,8,9,17,18,16,18,21,21,13,22,22,24,35,47,49,51,52,46,43,46,55,42,43,53,
大園,2025/04/27 00:00:00,PM2.5,2,3,7,9,8,10,8,7,9,6,8,10,11,15,13,11,15,14,11,17,13,11,11,11,
大園,2025/04/27 00:00:00,RAINFALL,0,0,0,0,0,0,0,0,0,0,0,0,0,0,0,0,0,0,0,0,0,0,0,0,
大園,2025/04/27 00:00:00,RH,87,87,89,89,89,90,89,88,84,83,80,77,79,83,84,83,83,84,86,87,88,88,88,89,
大園,2025/04/27 00:00:00,SO2,2.4,0.8,0.6,0.8,0.8,0.4,0.3,0.4,0.4,1,0.5,0.9,0.9,0.3,0.3,0.2,0.6,0.4,0.5,0.9,0.9,0.5,0.6,0.7,
大園,2025/04/27 00:00:00,WD_HR,25,3,211,208,190,158,156,158,215,220,178,259,328,350,351,0,12,7,23,359,2,22,20,97,
大園,2025/04/27 00:00:00,WIND_DIREC,19,244,195,217,157,155,138,194,245,184,184,311,348,356,359,22,3,0,13,351,15,3,17,142,
大園,2025/04/27 00:00:00,WIND_SPEED,2.6,1.5,1.5,1.8,1.8,1.5,1.3,0.7,1.7,2,1.9,3,4,3.7,3.2,1.8,2.3,2.5,1.1,2,1.6,1.6,1.4,0.5,
大園,2025/04/27 00:00:00,WS_HR,2.3,0.4,1.5,1.7,1.4,2.1,1.1,0.7,1.1,1.4,1.8,1.2,3.3,3.3,3.6,2.1,1.9,1.7,1.4,1.2,1.6,1.1,1.2,0.4,
大園,2025/04/28 00:00:00,AMB_TEMP,23,22.9,22.9,23,22.8,21.8,21.5,21.5,22.1,22.8,23.3,23.7,23.5,24.5,24.7,24.2,23.9,23.6,23,22.4,22,21.8,21.5,21.6,
大園,2025/04/28 00:00:00,CO,0.27,0.28,0.26,0.25,0.2,0.19,0.23,0.33,0.34,0.39,0.42,0.29,0.24,0.25,0.26,0.28,0.32,0.35,0.32,0.4,0.42,0.33,0.3,0.29,
大園,2025/04/28 00:00:00,NO,1.5,0.3,0.3,0.2,0.2,0,0.1,0.4,0.5,0.8,1,1.4,1.1,0.8,0.8,0.6,0.3,0.6,0.3,0.4,0.5,0.1,0.4,0.4,
大園,2025/04/28 00:00:00,NO2,14.9,19.9,25,13.8,6.5,6.5,7.9,11.1,13.9,16.6,13.1,9.1,7.8,6.4,6.9,8.5,9.9,15.4,14.5,28.1,16.7,12,12.9,20.8,
大園,2025/04/28 00:00:00,NOx,16.5,20.2,25.4,14,6.7,6.6,8.1,11.5,14.4,17.4,14.1,10.5,8.9,7.3,7.8,9.2,10.3,16,14.9,28.5,17.3,12.1,13.3,21.3,
大園,2025/04/28 00:00:00,O3,33.2,24.5,17.6,26.5,45.2,51.7,49.4,43.1,48.5,45.5,47.7,48,44.9,57.1,67.3,69.1,75.9,71.1,68.9,45.2,58.9,66,68.2,60.6,
大園,2025/04/28 00:00:00,PM10,43,46,47,53,28,14,11,15,21,35,25,12,13,17,32,34,45,39,37,34,43,35,43,39,
大園,2025/04/28 00:00:00,PM2.5,16,16,18,21,12,8,5,6,17,22,17,7,6,11,18,22,24,27,21,19,24,19,20,19,
大園,2025/04/28 00:00:00,RAINFALL,0,0,0,0,0.5,1.5,5,3,0,0,0.5,0,0,0,0,0,0,0,0,0,0,0,0,0,
大園,2025/04/28 00:00:00,RH,90,90,91,91,90,91,92,92,92,91,88,87,84,75,69,68,66,63,60,56,63,58,52,45,
大園,2025/04/28 00:00:00,SO2,0.6,0.9,1,1,1.2,1.5,1,1,1.2,1.6,1.2,0.8,1,0.9,1,1.1,1.2,1.6,1.4,1.6,1.9,2.3,2.4,2.2,
大園,2025/04/28 00:00:00,WD_HR,327,169,168,232,290,313,322,312,311,320,339,21,30,29,30,32,33,69,75,101,110,107,110,105,
大園,2025/04/28 00:00:00,WIND_DIREC,195,167,186,260,287,320,318,313,314,339,358,29,29,31,37,35,34,74,79,102,112,106,109,100,
大園,2025/04/28 00:00:00,WIND_SPEED,0.4,0.4,0.4,2,3.5,3.6,2.6,2.4,1.8,2.3,3.4,5.3,4.3,6,4.2,4.3,5.4,3.4,3.7,3.5,4.4,3.7,4.6,4.2,
大園,2025/04/28 00:00:00,WS_HR,0.1,0.8,0.5,0.9,2.5,3.2,3.5,2.2,2,2.2,2.5,4.4,4.5,5.5,5.3,4.9,5.6,3.6,3.6,3.1,3.9,3.7,4,4,
大園,2025/04/29 00:00:00,AMB_TEMP,21.6,21.1,20.8,20.5,20.3,20.3,21,22.4,23.8,24.7,25,24.8,24.7,24.6,24.6,25,25.2,25.8,24,22.8,22.2,21.9,21.7,21.3,
大園,2025/04/29 00:00:00,CO,0.28,0.23,0.23,0.2,0.18,0.19,0.2,0.24,0.25,0.23,0.18,0.16,0.15,0.14,0.15,0.16,0.16,0.23,0.25,0.29,0.29,0.25,0.23,0.4,
大園,2025/04/29 00:00:00,NO,2.7,0.8,1.1,0.8,0.6,0.9,1.6,2.7,2.5,3.3,2.2,1.9,1.6,1.3,2.2,2.7,2.2,2.8,2.3,0.9,1.4,1.4,0.8,0.7,
大園,2025/04/29 00:00:00,NO2,42.1,17.2,22.4,12.8,10.3,12.9,13.7,17.6,15.4,15.7,11.9,9.6,6.8,6.1,8.9,10.6,11.5,21.2,25.6,25,32.6,19,17.6,16.7,
大園,2025/04/29 00:00:00,NOx,44.9,18,23.6,13.6,11,13.8,15.3,20.4,17.9,19,14.2,11.5,8.4,7.4,11.1,13.3,13.8,24,27.9,26,34,20.5,18.5,17.4,
大園,2025/04/29 00:00:00,O3,40.2,56.3,47,52,51.1,47.7,46.2,44.9,55.4,60.6,57,55.8,57.6,56,53.1,52.6,51.7,42.6,35.2,34,26.9,37.9,38.2,37.1,
大園,2025/04/29 00:00:00,PM10,34,38,27,30,28,29,34,24,34,37,33,31,28,28,35,31,28,30,27,23,24,27,25,22,
大園,2025/04/29 00:00:00,PM2.5,18,16,10,13,11,9,10,11,9,14,11,8,7,8,7,10,6,6,8,8,8,8,8,7,
大園,2025/04/29 00:00:00,RAINFALL,0,0,0,0,0,0,0,0,0,0,0,0,0,0,0,0,0,0,0,0,0,0,0,0,
大園,2025/04/29 00:00:00,RH,42,45,49,58,65,67,65,59,47,42,48,52,52,53,54,51,46,37,44,50,52,54,55,57,
大園,2025/04/29 00:00:00,SO2,2.9,2.5,2.6,1.5,1.4,1.7,2.1,2,2.1,2.1,1.9,A,#,0.9,1,1.2,1.8,1.9,1.6,1.9,2,1.6,1.4,1.8,
大園,2025/04/29 00:00:00,WD_HR,91,94,89,69,72,88,83,86,74,77,36,30,29,29,31,32,33,58,81,80,89,105,111,134,
大園,2025/04/29 00:00:00,WIND_DIREC,85,103,82,65,84,88,84,72,78,72,34,30,29,31,31,32,38,65,85,80,104,107,127,128,
大園,2025/04/29 00:00:00,WIND_SPEED,3.4,3.4,3.1,3,3,3.9,4,4.5,4.5,4.2,5.5,7.1,7,7.6,6.6,5.2,4.2,2.8,3.4,2.6,2.7,2.5,2.4,2.2,
大園,2025/04/29 00:00:00,WS_HR,3.3,3.3,3.1,2.9,3.1,3.9,3.9,4.4,4.1,4.4,4.7,5.7,6.7,7.2,6.4,5.6,4.9,2.8,3.1,2.8,2.4,2.6,2.2,2.1,
大園,2025/04/30 00:00:00,AMB_TEMP,21.1,20.5,20.2,20.1,19.8,19.9,20.9,23.4,25.4,26.6,27.7,28.1,28.4,27.5,27.2,26.6,26.1,25.9,25.5,25.5,25.4,25.2,24.5,24,
大園,2025/04/30 00:00:00,CO,0.27,0.22,0.26,0.25,0.26,0.33,0.33,0.44,0.37,0.31,0.3,0.28,0.27,0.23,#,0.22,0.22,0.26,0.27,0.26,0.29,0.33,0.35,0.41,
大園,2025/04/30 00:00:00,NO,0.6,0.6,0.2,0,0,0.7,3.7,6,3.3,0.9,0.9,0.5,0,0.7,#,1.1,1.1,1.1,0.7,0.5,0.6,0.7,0.7,0.6,
大園,2025/04/30 00:00:00,NO2,13.5,12.1,14.3,15.8,14.1,21,25.7,24.4,16.9,10.8,10.9,8.1,7.2,10.4,#,7.7,10.1,13,12.3,12.4,10.8,10.5,11,12.1,
大園,2025/04/30 00:00:00,NOx,14.2,12.8,14.6,15.8,14.1,21.8,29.5,30.4,20.3,11.8,11.9,8.7,7,11.2,#,8.9,11.2,14.1,13.1,12.9,11.5,11.3,11.8,12.7,
大園,2025/04/30 00:00:00,O3,38.8,36.4,30.6,26.6,24.5,14,15.6,20.9,40.4,60.7,69.3,78.7,78,#,68.4,67.5,59.9,58.6,58.1,56.4,57.2,53.6,44.1,35.7,
大園,2025/04/30 00:00:00,PM10,20,15,22,28,28,31,31,43,56,46,50,45,41,#,40,42,33,35,44,54,53,52,55,62,
大園,2025/04/30 00:00:00,PM2.5,7,7,7,12,12,14,15,14,22,19,23,16,#,18,13,13,10,11,15,18,25,25,27,35,
大園,2025/04/30 00:00:00,RAINFALL,0,0,0,0,0,0,0,0,0,0,0,0,0,0,0,0,0,0,0,0,0,0,0,0,
大園,2025/04/30 00:00:00,RH,58,61,64,66,70,72,71,65,62,59,56,55,54,57,58,60,60,60,62,63,64,65,71,78,
大園,2025/04/30 00:00:00,SO2,1.4,0.7,0.9,1.2,1.4,1.1,1.5,1.7,1.7,2.2,2.3,2.3,1.8,2.4,2,2.2,1.9,2,1.7,2,1.8,1.7,1.7,1.7,
大園,2025/04/30 00:00:00,WD_HR,142,153,159,163,195,158,159,163,231,246,263,253,283,314,322,315,354,3,58,148,167,231,186,189,
大園,2025/04/30 00:00:00,WIND_DIREC,162,140,162,164,168,158,158,175,249,259,289,253,311,310,321,324,6,356,146,151,219,185,184,192,
大園,2025/04/30 00:00:00,WIND_SPEED,1.4,1.2,2.3,1.8,1.4,2.1,2.2,1.9,2.8,2.5,3,2.8,4.2,3.8,3.2,2.7,1.4,1.5,0.8,0.6,1,0.8,0.7,1,
大園,2025/04/30 00:00:00,WS_HR,1.5,1.3,1.5,2.1,1.3,1.9,2.1,1.9,1.9,2.4,1.9,2.5,2.9,3.4,3,2.7,1.9,1.3,0.3,0.7,1.1,0.7,0.7,0.9,
大園,2025/05/01 00:00:00,AMB_TEMP,23.5,23.8,23.8,23.8,23.8,23.7,23.8,24.3,24.8,25.3,25.9,26.2,26.2,25.7,26.3,27.1,27.5,26.9,25.7,25,24.5,24.2,24.3,23.8,
大園,2025/05/01 00:00:00,CO,0.45,0.34,0.32,0.29,0.23,0.25,0.29,0.28,0.28,0.27,0.26,0.22,0.22,0.2,0.19,0.21,0.24,0.24,0.23,0.23,0.27,0.27,0.29,0.52,
大園,2025/05/01 00:00:00,NO,0.9,0.7,0.9,1,1,0.6,0.8,0.6,1.2,1.5,0.9,1,0.9,1,0.9,1,1,1,0.6,0.6,0.7,0.7,0.7,0.9,
大園,2025/05/01 00:00:00,NO2,14.8,11.2,9.5,7.7,4.2,3.8,6.8,8.4,9.7,10.6,7.2,4.7,4.2,3.3,3,3.3,5.2,6.2,5,4.5,5.4,7.1,9.8,19.9,
大園,2025/05/01 00:00:00,NOx,15.7,12,10.4,8.8,5.2,4.5,7.6,9.1,10.9,12.2,8.1,5.7,5.1,4.4,4,4.3,6.2,7.2,5.6,5.1,6.1,7.8,10.5,20.8,
大園,2025/05/01 00:00:00,O3,30.3,40.3,41.6,44.2,59.8,54.7,46.3,45.4,45,50,61.1,59.6,56.2,51.1,50.4,56.2,57.2,53.9,50.2,44.5,40.3,35.8,31.8,17.4,
大園,2025/05/01 00:00:00,PM10,64,61,54,56,43,43,55,44,46,45,45,45,48,34,36,30,36,39,38,34,36,35,35,47,
大園,2025/05/01 00:00:00,PM2.5,39,33,29,25,19,17,24,23,17,18,22,14,13,17,15,11,14,15,13,14,16,21,17,27,
大園,2025/05/01 00:00:00,RAINFALL,0,0,0,0,0,0,0,0,0,0,0,0,0,0,0,0,0,0,0,0,0,0,0,0,
大園,2025/05/01 00:00:00,RH,83,83,82,84,86,86,84,80,70,69,66,66,68,72,68,57,51,53,63,68,74,77,75,76,
大園,2025/05/01 00:00:00,SO2,1.6,1.2,1.1,0.8,0.8,0.7,1.1,1.5,1.4,2,1.5,0.9,0.7,0.3,0.5,0.5,0.7,0.7,0.5,0.5,0.5,0.9,1,1,
大園,2025/05/01 00:00:00,WD_HR,185,212,220,221,230,221,203,206,224,235,252,251,256,253,240,226,244,257,252,214,182,183,170,156,
大園,2025/05/01 00:00:00,WIND_DIREC,180,209,232,230,231,215,192,220,228,242,244,265,256,246,237,227,254,253,241,213,174,181,162,159,
大園,2025/05/01 00:00:00,WIND_SPEED,1.2,1.7,1.7,2.1,2.4,2.4,2.5,2.8,3.1,3.3,4,4,4.2,4.6,3.7,3.2,3.2,3.3,2,1.4,1.3,1.6,2.1,2.5,
大園,2025/05/01 00:00:00,WS_HR,1,1.5,1.5,1.5,2.1,2.1,2.2,2.3,2.3,2.5,3.5,3.6,4.2,4.4,4.1,3.5,2.4,2.5,2.2,1.3,1.1,1.4,1.7,2.3,
大園,2025/05/02 00:00:00,AMB_TEMP,23.3,23,22.3,22.1,22.2,22.4,23.9,25.5,27.1,28.3,29.6,30.2,30.3,30.3,30.3,30,29.7,28.7,27.4,26.4,25.9,25.6,25.4,25,
大園,2025/05/02 00:00:00,CO,0.55,0.5,0.47,0.45,0.42,0.42,0.31,0.28,0.31,0.32,0.29,0.27,0.27,0.27,0.27,0.29,0.34,0.29,0.32,0.36,0.4,0.46,0.48,0.54,
大園,2025/05/02 00:00:00,NO,1.4,1.7,1.4,1.6,1.7,2.5,4.8,3.3,3.3,3.1,2.7,2.2,1.9,2.2,2.4,2.5,2.4,1.8,1.1,1,1.1,1.1,1,1.4,
大園,2025/05/02 00:00:00,NO2,28.7,27.3,25.9,25.7,20.7,24.5,21.5,12.5,13.6,11.5,10.9,8.8,7.9,8.3,11,11,14.1,12.3,14.7,17.7,17.4,21.7,20.4,24.1,
大園,2025/05/02 00:00:00,NOx,30.2,29,27.4,27.3,22.4,27,26.3,15.8,16.9,14.7,13.7,11,9.8,10.5,13.4,13.6,16.5,14.2,15.9,18.7,18.6,22.9,21.4,25.6,
大園,2025/05/02 00:00:00,O3,11.8,12,9.7,7.3,14.4,10.5,26.8,42.8,48.8,55.4,60.1,63.5,64,63.4,64.8,66.4,65,62.8,54.8,47.7,44.6,36.5,34.9,26.9,
大園,2025/05/02 00:00:00,PM10,55,47,49,49,42,38,36,44,47,48,56,79,73,73,82,79,73,55,47,50,36,43,48,43,
大園,2025/05/02 00:00:00,PM2.5,27,24,30,29,22,20,17,15,15,13,21,16,21,17,18,20,18,18,16,18,20,16,20,20,
大園,2025/05/02 00:00:00,RAINFALL,0,0,0,0,0,0,0,0,0,0,0,0,0,0,0,0,0,0,0,0,0,0,0,0,
大園,2025/05/02 00:00:00,RH,76,78,81,82,81,81,80,74,63,56,49,47,47,46,43,40,38,38,42,44,46,48,50,53,
大園,2025/05/02 00:00:00,SO2,1.3,2,2.1,2.1,2.1,2.1,3.2,2.7,1.7,1.4,1.4,1.2,1.2,1.3,1.3,1.2,1.3,1.2,2.8,3,1.8,1.4,1.6,1.9,
大園,2025/05/02 00:00:00,WD_HR,160,123,139,105,114,98,66,69,74,85,99,100,103,102,104,107,109,115,131,136,152,172,173,165,
大園,2025/05/02 00:00:00,WIND_DIREC,163,119,109,92,132,47,70,72,82,96,101,95,106,105,103,106,111,123,130,132,164,173,174,160,
大園,2025/05/02 00:00:00,WIND_SPEED,0.3,1.5,1.4,2.2,1.7,1.4,4.4,4.7,6.2,7.6,7.7,7.3,7,6.9,5.7,5.2,5.1,2.5,2.6,3,1.8,2.1,2.1,2.9,
大園,2025/05/02 00:00:00,WS_HR,1.4,1.1,1.4,1.4,1.8,1.6,2.8,4.3,4.6,5.7,6.5,6.8,6.9,6.8,6,5.5,4.5,3.4,2.9,2.8,1.7,2,1.9,2.3,
大園,2025/05/03 00:00:00,AMB_TEMP,24.3,23.9,23.9,24.2,23.8,23.7,24.1,24.6,25.5,26.8,27.5,28.4,28.4,28.4,28.7,29.1,29,28.1,27.4,26.8,26.3,26.2,26.3,26.3,
大園,2025/05/03 00:00:00,CO,0.51,0.46,0.39,0.28,0.27,0.27,0.3,0.31,0.3,0.31,0.31,0.3,0.28,0.27,0.27,0.29,0.3,0.32,0.36,0.42,0.27,0.33,0.32,0.33,
大園,2025/05/03 00:00:00,NO,1.4,1,0.9,0.9,0.5,0.8,0.8,0.8,0.9,1,0.7,1.2,1,1.2,1,0.7,1.2,1.8,1,1.3,0.8,2.6,1.3,1.2,
大園,2025/05/03 00:00:00,NO2,24.4,17.9,12.3,4.7,3.5,4.1,6,6.8,4.6,5.8,5.6,5.1,5.6,4.5,4.2,4.5,11.8,20.8,18.5,26.6,13,33.7,16.5,12.9,
大園,2025/05/03 00:00:00,NOx,25.9,18.9,13.3,5.7,4.1,5,6.8,7.7,5.6,6.8,6.3,6.3,6.6,5.7,5.2,5.3,13,22.7,19.6,27.9,13.9,36.3,17.8,14.2,
大園,2025/05/03 00:00:00,O3,23.5,25.8,40.1,68.5,66.9,65.4,63.8,64.9,66.9,65.9,64.9,56.8,53.3,57.6,59.6,61.8,51.5,32.9,31.6,23.7,39,17.6,37.2,42.6,
大園,2025/05/03 00:00:00,PM10,58,49,60,59,57,55,59,62,56,50,49,36,34,25,27,29,32,35,44,41,30,35,28,37,
大園,2025/05/03 00:00:00,PM2.5,19,26,24,21,21,24,23,27,29,26,26,20,10,10,16,12,18,15,18,15,13,15,15,22,
大園,2025/05/03 00:00:00,RAINFALL,0,0,0,0,0,0,0,0,0,0,0,0,0,0,0,0,0,0,0,0,0,0,0,0,
大園,2025/05/03 00:00:00,RH,55,66,83,87,88,89,88,86,84,79,67,58,54,52,53,50,51,54,58,63,66,67,64,64,
大園,2025/05/03 00:00:00,SO2,2.7,1.7,1.3,1,0.9,1,1.1,1.3,1.1,1.3,1.5,1.5,1.4,1.3,1,1.4,2.4,6.7,3.9,2.2,1.1,2.4,2.3,1.8,
大園,2025/05/03 00:00:00,WD_HR,162,187,206,242,235,255,261,236,235,237,229,245,275,252,195,192,294,307,330,6,29,43,11,356,
大園,2025/05/03 00:00:00,WIND_DIREC,178,190,230,241,228,255,254,220,264,208,232,251,289,266,222,221,316,306,4,12,56,20,1,329,
大園,2025/05/03 00:00:00,WIND_SPEED,1.2,1.8,2.7,2.7,2.6,2.5,1.1,1.9,1.7,2,1.8,1.9,3,1.6,1,1.4,2.6,1.7,1.7,1,1.1,0.9,1.3,1.5,
大園,2025/05/03 00:00:00,WS_HR,1.9,1.5,1.6,2.8,2.4,2,1.5,1.4,1.9,1.5,1.9,2,2.2,1.9,0.9,1.3,0.7,1.8,0.9,1.2,1.5,0.9,1.6,1.4,
大園,2025/05/04 00:00:00,AMB_TEMP,26,25.4,25,24.8,24.5,24.9,24.8,25.9,25.8,25.6,25.5,25.6,25.5,25.5,25.9,25.6,25.8,26.6,26,25.6,26.1,26.4,26.2,26.2,
大園,2025/05/04 00:00:00,CO,0.34,0.24,0.27,0.26,0.25,0.27,0.27,0.27,0.24,0.24,0.23,0.23,0.22,0.22,0.23,0.23,0.25,0.29,0.32,0.3,0.32,0.26,0.25,0.25,
大園,2025/05/04 00:00:00,NO,1.1,0.9,0.9,1.1,0.9,2.4,2.5,3.3,1.9,1.7,1.7,1.4,1.4,1.2,1.5,1.7,1.8,1.6,1.3,1.4,1.2,1.1,0.9,1,
大園,2025/05/04 00:00:00,NO2,10.4,7,9,10.1,10.2,23.4,15.2,15.2,8,5.9,5.4,5,5,5.2,5.5,7.7,10,13.3,16.9,20.4,20.7,10.9,10.4,7.6,
大園,2025/05/04 00:00:00,NOx,11.5,8,10,11.2,11.2,25.8,17.8,18.6,10,7.7,7.1,6.5,6.5,6.5,7,9.5,11.8,14.9,18.2,21.9,22,12.1,11.4,8.6,
大園,2025/05/04 00:00:00,O3,47.7,47.8,39.9,36.7,31.9,20.2,23.6,30.9,59.6,60.8,60.3,60.8,58.7,58.8,56.5,52.2,48.3,44.9,39.5,34.5,31.9,40.1,38.4,37,
大園,2025/05/04 00:00:00,PM10,32,29,29,30,21,23,24,28,71,74,73,54,53,53,54,52,54,36,42,51,30,18,19,10,
大園,2025/05/04 00:00:00,PM2.5,22,14,13,15,16,13,11,16,26,24,22,19,21,19,17,21,22,21,22,31,16,12,11,7,
大園,2025/05/04 00:00:00,RAINFALL,0,0,0,0,0,0,0,0,0,0,0,0,0,0,0,0,0,0,0,0,0,0,0,0,
大園,2025/05/04 00:00:00,RH,75,82,83,84,84,82,82,78,82,82,82,82,81,81,80,81,81,73,72,76,73,71,72,72,
大園,2025/05/04 00:00:00,SO2,1.9,1,1.2,1,0.8,1.8,1.5,1.5,0.7,0.7,0.6,0.5,0.6,0.7,0.9,0.9,1,0.9,1.1,1.5,1.7,0.9,0.9,0.5,
大園,2025/05/04 00:00:00,WD_HR,4,47,281,13,77,32,129,41,34,35,33,33,32,31,32,32,35,69,55,36,84,94,125,144,
大園,2025/05/04 00:00:00,WIND_DIREC,9,107,15,21,69,33,130,36,35,34,31,35,29,31,33,32,65,68,42,46,87,101,133,141,
大園,2025/05/04 00:00:00,WIND_SPEED,2.5,0.8,0.8,1.5,1.2,2.4,1.3,4.8,6.8,7.8,7.4,7.6,8.1,7.1,6.4,5.6,2.8,2.7,2.9,1.9,2.4,3.1,2.4,2,
大園,2025/05/04 00:00:00,WS_HR,2,1.4,0.1,1.4,1.1,2.2,0.9,2.3,5.8,7,7.1,7.4,6.9,7.1,6.2,5.4,4.2,2.7,2.3,2.6,2.1,2.6,2.1,2.2,
大園,2025/05/05 00:00:00,AMB_TEMP,25.8,25.2,25,25.2,25,25.3,25.6,25.1,25.3,25.5,24.8,25.5,25.4,25.5,25.9,26.5,26.4,26,25.8,26,26,26.4,26.6,26.5,
大園,2025/05/05 00:00:00,CO,0.24,0.25,0.26,0.23,0.25,0.25,0.32,0.3,0.28,0.24,0.22,0.25,0.28,0.23,0.21,0.2,0.21,0.23,0.22,0.21,0.24,0.27,0.24,0.18,
大園,2025/05/05 00:00:00,NO,0.9,0,0.2,0.4,0.2,0.2,0.9,1.2,1.3,1.4,0.8,0.7,0.8,0.2,0,0.3,0.3,0.6,0.3,0.1,0.1,0.1,0.1,0.1,
大園,2025/05/05 00:00:00,NO2,7.1,7.5,9.1,10.6,8.3,9.9,11.4,12.5,13,11,9.8,10.5,11.5,8,6,5.8,6.1,7.5,6,3.8,4.7,5.9,6.6,5.5,
大園,2025/05/05 00:00:00,NOx,8.1,7.4,9.3,11.1,8.6,10.1,12.4,13.7,14.3,12.5,10.6,11.3,12.3,8.2,5.9,6.1,6.4,8.1,6.4,3.9,4.8,6,6.7,5.6,
大園,2025/05/05 00:00:00,O3,34.4,33.4,28,27.9,25.1,21.8,18.9,34.2,38.6,43.5,48.8,51.5,54.8,58,52.6,43.4,38.6,36.3,37.2,36.2,34,31,28.2,26.6,
大園,2025/05/05 00:00:00,PM10,6,10,10,11,16,19,36,50,56,59,63,62,54,51,44,39,40,38,35,31,28,34,36,33,
大園,2025/05/05 00:00:00,PM2.5,4,5,6,8,7,11,17,16,17,18,15,17,20,17,15,13,14,14,11,10,12,11,15,13,
大園,2025/05/05 00:00:00,RAINFALL,0,0,0,0,0,0,0,0,0,0,0,0,0,0,0,0,0,0,0,0,0,0,0,0,
大園,2025/05/05 00:00:00,RH,73,76,77,75,79,80,83,86,86,85,85,84,84,84,83,83,83,84,86,87,87,88,88,88,
大園,2025/05/05 00:00:00,SO2,0.5,0.2,0.2,0.3,0.5,0.3,0.2,1.3,0.9,1.1,1.1,1.5,1.6,0.9,0.1,0,0,0,0,0,0,0.1,0.6,0.2,
大園,2025/05/05 00:00:00,WD_HR,146,156,150,172,181,166,216,297,288,302,300,297,309,249,247,239,248,243,233,222,228,260,250,247,
大園,2025/05/05 00:00:00,WIND_DIREC,161,149,159,183,164,187,243,268,293,305,308,294,311,255,254,242,237,236,228,234,222,255,249,251,
大園,2025/05/05 00:00:00,WIND_SPEED,1.8,1.4,1.4,1.6,1.7,1.1,2.2,1.7,3,2.8,2.3,1.6,2.6,2.7,3.6,3.3,3.9,2.7,4.5,3.2,2.9,4.3,3.8,4.4,
大園,2025/05/05 00:00:00,WS_HR,1.7,1.5,1,1.6,1.6,1.8,1.3,2,1.9,2.5,2.4,1.5,2.4,1.9,2.4,2.8,3.3,2.8,3.2,3.7,2.6,2.6,3.5,3.8,
大園,2025/05/06 00:00:00,AMB_TEMP,26.4,26.4,26.1,26,25.9,25.8,26.4,26.8,26.9,27.5,28.4,28.2,27.9,28,27.3,27.7,28.3,27.4,27.6,27.2,26.9,26.4,26.2,26.2,
大園,2025/05/06 00:00:00,CO,0.17,0.15,0.15,0.16,0.16,0.17,0.18,0.21,0.2,0.2,0.25,#,#,0.24,0.26,0.27,0.32,0.4,0.46,0.49,0.35,0.35,0.46,0.37,
大園,2025/05/06 00:00:00,NO,0,0.7,0.4,0.5,0.4,0.5,0.8,1,1,1,1.3,#,#,1.3,1.5,1.4,1.7,1.4,1.1,0.7,0.7,0.5,0.5,0.5,
大園,2025/05/06 00:00:00,NO2,5.4,2.6,2.4,3.2,2.9,3.1,4.2,3.8,4.4,4,5.1,#,#,5.8,7.5,10.2,16.3,22,19.1,17,15.7,11.7,10.3,8.6,
大園,2025/05/06 00:00:00,NOx,5.3,3.4,2.8,3.7,3.4,3.7,5,4.8,5.4,5,6.4,#,#,7.2,9,11.7,18.1,23.4,20.2,17.7,16.4,12.2,10.8,9.2,
大園,2025/05/06 00:00:00,O3,24.9,26.3,27.8,25.6,26.3,24.5,24.8,26.6,27.1,30.4,36,#,#,40.5,54.4,64.2,57.2,55.6,42.3,41.7,45.7,49.2,48.7,50.3,
大園,2025/05/06 00:00:00,PM10,26,25,24,23,24,24,24,28,26,32,32,25,#,30,39,41,39,50,35,35,30,35,28,22,
大園,2025/05/06 00:00:00,PM2.5,10,8,8,9,12,9,14,11,16,9,12,#,14,18,16,17,24,27,19,17,17,12,14,13,
大園,2025/05/06 00:00:00,RAINFALL,0,0,0,0,0,0,0,0,0,0,0,#,0,0,0,0,0,0,0,0,0,0,0,0,
大園,2025/05/06 00:00:00,RH,88,87,88,88,86,85,83,83,83,82,79,81,82,81,81,80,74,77,69,67,66,69,68,68,
大園,2025/05/06 00:00:00,SO2,0.3,0.6,0,0,0,0.1,0.2,0,0,0,0,#,x,0.3,0.1,0.3,1.8,1.4,1.1,0.5,0.4,0.3,0.3,0.1,
大園,2025/05/06 00:00:00,WD_HR,250,253,249,247,247,249,252,248,248,249,260,294,308,326,356,18,84,37,115,100,97,98,109,115,
大園,2025/05/06 00:00:00,WIND_DIREC,248,256,248,251,244,250,251,244,253,243,253,299,291,344,8,20,68,74,129,99,87,101,109,121,
大園,2025/05/06 00:00:00,WIND_SPEED,5,4.9,4.7,4.2,3.9,3.9,4.2,3.3,3.8,3.6,4.6,3.5,3.3,3.6,3.4,2.8,2,2.5,3.2,5.2,3.3,5.4,5.4,6.2,
大園,2025/05/06 00:00:00,WS_HR,4.7,4.5,4.4,4.2,3.8,3.6,4,3.8,3.6,4,3.8,2.8,3.6,3.1,3.2,2,1.6,2.7,2.9,4.1,4,3.8,5,5.1,
大園,2025/05/07 00:00:00,AMB_TEMP,26.1,25.4,24.3,23.3,22,21.1,21.2,20.9,20.6,20.7,20,19.3,19.5,19.4,19.3,19.4,20.1,21,21.5,21.6,22.2,22.7,22.8,22.8,
大園,2025/05/07 00:00:00,CO,0.29,0.24,0.22,0.23,0.24,0.24,0.31,0.29,0.28,0.27,0.27,0.22,0.22,0.23,0.24,0.21,0.22,0.26,0.25,0.24,0.23,0.22,0.22,0.24,
大園,2025/05/07 00:00:00,NO,0.6,0.5,0.4,0.5,0.4,0.3,0.5,1.4,1.9,2.3,2.1,0.7,0.5,1.4,2,1.5,1,0.7,0.5,0.6,0.5,0.4,0.5,0.7,
大園,2025/05/07 00:00:00,NO2,5.5,3.8,4.8,6.9,6.3,7.9,14.2,17.5,16.3,17.8,18.9,11.4,12.6,17.9,23.2,18.1,15.6,12.2,12.1,10.7,9.1,8.1,7.8,8.4,
大園,2025/05/07 00:00:00,NOx,6.1,4.3,5.2,7.4,6.7,8.2,14.7,18.9,18.3,20.2,21,12.2,13.2,19.3,25.2,19.7,16.7,12.9,12.6,11.4,9.7,8.5,8.4,9.2,
大園,2025/05/07 00:00:00,O3,52.6,55.6,54.2,53.6,53.5,49.1,42.4,44.2,46.8,46.8,46.8,53.6,50.3,43,39.4,42.4,46.2,50.2,49.3,50.9,53.8,55.3,54.6,51.1,
大園,2025/05/07 00:00:00,PM10,21,39,57,52,50,36,36,43,37,33,42,32,10,15,8,8,7,6,7,12,6,6,5,13,
大園,2025/05/07 00:00:00,PM2.5,10,10,21,21,21,18,10,22,18,24,23,19,10,6,4,1,0,5,5,2,3,3,1,2,
大園,2025/05/07 00:00:00,RAINFALL,0,0,0,6.5,5,8.5,0.5,0.5,4.5,0,5,7.5,5.5,9.5,8,6,0,0,0,0,0,0,0,0,
大園,2025/05/07 00:00:00,RH,67,61,60,65,75,84,86,84,84,84,85,87,88,88,89,90,89,86,84,84,83,81,81,81,
大園,2025/05/07 00:00:00,SO2,0.1,0.7,0.8,0.8,0.8,0.6,0.8,1,1.1,0.9,0.9,0.8,0.7,0.7,0.7,0.7,0.7,0.8,1.1,0.9,0.8,0.6,0.9,0.9,
大園,2025/05/07 00:00:00,WD_HR,116,118,116,115,116,112,96,78,50,71,106,114,113,109,97,109,111,118,117,116,115,114,116,126,
大園,2025/05/07 00:00:00,WIND_DIREC,116,115,103,113,119,112,87,65,57,86,105,110,109,131,104,111,112,116,117,115,116,114,116,126,
大園,2025/05/07 00:00:00,WIND_SPEED,5.3,5.4,3.4,7.6,3.8,4.4,5.6,3.4,4.9,3.7,5.3,4.9,4,2.4,3.3,4.4,5.4,4.9,5.5,6,5.8,5.3,3.9,3.2,
大園,2025/05/07 00:00:00,WS_HR,5.3,5.2,4,5.2,4.6,4.6,5,4.4,4.3,3.9,4.7,5,4.1,3.3,3.4,4.1,4.9,4.8,5.1,4.8,4.9,5.6,4.5,3.1,
大園,2025/05/08 00:00:00,AMB_TEMP,23,23,22.9,22.7,22.7,22.9,23.2,23.9,25.1,26.7,28.5,30.1,30,29.7,29.6,29.2,28.6,27.7,27.2,26.6,26.7,26.8,26.1,25.9,
大園,2025/05/08 00:00:00,CO,0.28,0.23,0.21,0.21,0.21,0.23,0.27,0.36,0.41,0.4,0.34,0.25,0.26,0.27,0.28,0.16,0.19,0.2,0.23,0.21,0.28,0.34,0.32,0.3,
大園,2025/05/08 00:00:00,NO,0.3,0.9,0.4,0.7,0.6,1.1,1.2,3.4,4.4,4.6,3,1.8,0.9,1.3,1.2,0.7,1.3,0.8,0.6,0.7,0.7,1.1,4.1,2.2,
大園,2025/05/08 00:00:00,NO2,10.9,11.8,10.8,8.7,8.5,13.5,21.1,23.7,21.7,18.9,15.3,9.1,7.4,10.5,10.4,4.2,5,6.2,8.1,7.4,12.8,16.5,25.7,20.2,
大園,2025/05/08 00:00:00,NOx,11.3,12.7,11.3,9.4,9.1,14.6,22.3,27.1,26.1,23.5,18.4,10.9,8.3,11.8,11.7,5,6.4,7.1,8.8,8.2,13.6,17.6,29.9,22.4,
大園,2025/05/08 00:00:00,O3,45.3,43,43.4,45,44.3,35,29.1,28.3,31.3,41.1,52.4,55.8,62.8,59.1,60.8,34.8,30.4,26.6,26,23.8,17.5,15,3,6.5,
大園,2025/05/08 00:00:00,PM10,15,20,31,33,42,36,35,37,34,33,38,27,26,24,38,18,19,19,20,23,27,24,33,25,
大園,2025/05/08 00:00:00,PM2.5,7,6,8,9,15,11,16,15,19,11,14,10,11,11,20,8,9,8,9,10,9,8,16,11,
大園,2025/05/08 00:00:00,RAINFALL,0,0,0,0,0,0,0,0,0,0,0,0,0,0,0,0,0,0,0,0,0,0,0,0,
大園,2025/05/08 00:00:00,RH,81,81,81,81,81,80,81,80,77,68,60,54,54,57,60,60,62,66,69,74,76,76,82,83,
大園,2025/05/08 00:00:00,SO2,1.3,1.5,1.3,0.8,0.9,0.6,0.5,1,1.3,1.5,1.3,0.7,1.2,2.4,3.4,0.9,1.3,0.5,0.6,0.7,1,0.8,1.1,1.2,
大園,2025/05/08 00:00:00,WD_HR,136,138,146,140,147,152,153,138,134,125,121,137,281,324,286,255,266,249,236,169,150,306,32,219,
大園,2025/05/08 00:00:00,WIND_DIREC,135,142,152,133,147,156,145,138,125,119,123,194,314,302,266,263,247,252,167,165,70,326,64,212,
大園,2025/05/08 00:00:00,WIND_SPEED,2.5,2.8,2.4,1.9,2,2.3,2.3,2.2,2.8,3.5,2.6,1.6,3,2.4,2.2,2.1,2.3,2.1,1.2,0.9,0.5,0.2,0.2,0.9,
大園,2025/05/08 00:00:00,WS_HR,2.6,2.7,2.5,2.1,2.1,2,2.2,2.3,2.5,3.1,2.5,0.9,1.4,2.5,1.8,2,1.9,2.1,1.3,1.2,0.4,0.7,0.4,0.6,
大園,2025/05/09 00:00:00,AMB_TEMP,25.4,25.5,25.1,24.8,24.5,24.6,25.2,26.3,28,29.6,30.7,31.5,31.2,31.4,31,30.4,29.6,28.9,28.4,28,27.7,27.6,27.5,26.4,
大園,2025/05/09 00:00:00,CO,0.27,0.28,0.5,0.54,0.42,0.46,0.48,0.48,0.31,0.24,0.21,0.2,0.19,0.16,0.11,0.11,0.11,0.14,0.14,0.12,0.11,0.12,0.17,0.14,
大園,2025/05/09 00:00:00,NO,0.9,1.5,4.9,9.2,3.6,4.9,11.8,11.8,#,2.7,2.2,2.2,1.8,1.5,2.3,2.8,2.5,2.1,1.5,1.4,1.3,1.4,1.6,1.3,
大園,2025/05/09 00:00:00,NO2,9,12.1,25.5,27.8,18.5,18.9,19.9,19.8,#,7.5,5.9,6.1,6.2,5.1,3.8,3.9,3.6,3.7,4.1,4.5,4.9,4,5.6,6.3,
大園,2025/05/09 00:00:00,NOx,10,13.7,30.5,37.1,22.1,23.8,31.8,31.7,#,10.2,8.1,8.3,8.1,6.6,6.1,6.8,6.1,5.8,5.6,5.9,6.3,5.4,7.2,7.6,
大園,2025/05/09 00:00:00,O3,14.7,12.5,1.3,0.5,1.2,1.4,2.7,5.8,20.4,33.7,43,50.2,50.6,50.2,24.3,22.1,20.4,19.2,18.1,17.6,15.4,13.7,11.2,17.7,
大園,2025/05/09 00:00:00,PM10,39,26,34,42,36,39,39,44,36,35,26,29,36,34,23,20,26,18,17,20,17,13,16,24,
大園,2025/05/09 00:00:00,PM2.5,14,11,17,20,12,16,17,14,13,10,10,11,12,8,5,8,9,7,4,1,3,4,7,7,
大園,2025/05/09 00:00:00,RAINFALL,0,0,0,0,0,0,0,0,0,0,0,0,0,0,0,0,0,0,0,0,0,0,0,0,
大園,2025/05/09 00:00:00,RH,85,84,85,86,87,87,86,85,83,75,66,59,59,59,60,62,66,72,80,85,87,87,86,87,
大園,2025/05/09 00:00:00,SO2,0.7,0.5,0.6,1,0.9,1.1,1,1,1,1.2,0.9,0.9,1,1.2,0.5,0.2,0.2,0.2,0.2,0.2,0.1,0,0,0.6,
大園,2025/05/09 00:00:00,WD_HR,201,171,141,150,152,155,160,163,220,226,236,231,239,244,236,238,232,240,245,254,247,241,275,294,
大園,2025/05/09 00:00:00,WIND_DIREC,196,137,145,155,156,153,205,179,223,227,228,233,239,254,225,233,227,255,238,269,229,299,256,298,
大園,2025/05/09 00:00:00,WIND_SPEED,0.9,0.7,1.3,2.1,2.5,1.3,1,1.4,3.2,3.8,4.3,4.8,3.8,5.4,4.8,4.9,4.8,3.4,2.3,3.2,3.2,1.2,2.4,2.4,
大園,2025/05/09 00:00:00,WS_HR,1,0.7,1,1.6,2.2,2.2,1.2,1,1.7,3.6,3.8,4,3.6,4.5,4.1,4.5,4.5,3.2,2.8,2.8,2.7,1.7,1.3,2.3,
大園,2025/05/10 00:00:00,AMB_TEMP,25.5,25.3,25.3,25.3,25.5,25.6,25.6,25,23.1,23.2,23.2,23.6,24.8,26.4,26.4,26.9,26.2,25.4,24.7,24.5,24.7,24.9,24.9,24.8,
大園,2025/05/10 00:00:00,CO,0.1,0.1,0.08,0.08,0.1,0.14,0.18,0.19,0.15,0.19,0.19,0.18,0.22,0.24,0.25,0.27,0.31,0.32,0.26,0.25,0.24,0.24,0.24,0.24,
大園,2025/05/10 00:00:00,NO,1.5,0.5,0.4,0.4,0.5,0.7,2.5,3,0.5,0.4,0.9,1.4,4.2,2.8,1.1,1.7,1.6,1.1,0.3,0.4,0.4,0,0.5,0.4,
大園,2025/05/10 00:00:00,NO2,5.4,7,6.9,5.3,5.8,10.2,16.1,13,7.2,9.6,16.5,12.2,15.6,7.4,7.4,11.5,13.9,12.9,12,12.1,9.9,7.2,6.4,9.6,
大園,2025/05/10 00:00:00,NOx,6.9,7.6,7.4,5.7,6.4,10.9,18.7,16.1,7.7,10,17.4,13.6,19.8,10.2,8.6,13.2,15.6,14,12.3,12.5,10.4,7,6.9,10.1,
大園,2025/05/10 00:00:00,O3,23,20.9,19.2,18.2,16.2,7.7,4.7,15.8,32.4,25.8,21.1,25.6,27.5,49.1,51.6,47.6,41.5,48.5,52.9,51.7,52.7,54.3,54.5,50,
大園,2025/05/10 00:00:00,PM10,20,18,15,19,17,18,16,13,9,9,8,6,11,28,26,23,25,28,42,44,43,22,31,31,
大園,2025/05/10 00:00:00,PM2.5,4,0,0,1,2,1,2,4,5,7,4,0,7,13,12,9,11,9,15,17,14,14,13,13,
大園,2025/05/10 00:00:00,RAINFALL,0,0,0,0,0,0,0,18.5,36.5,5.5,7,3,0.5,0,0,0,0,0,0,0,0,0,0,0,
大園,2025/05/10 00:00:00,RH,88,88,88,89,89,89,90,90,91,92,92,92,92,87,83,80,83,76,65,66,65,60,59,61,
大園,2025/05/10 00:00:00,SO2,1.8,1.4,0.8,0.6,0.7,0.4,0.4,0.4,0.3,0.3,0.3,0.3,0.4,1.1,0.9,1.4,0.9,1.2,1.7,1.2,1,0.9,0.8,0.9,
大園,2025/05/10 00:00:00,WD_HR,300,273,177,158,156,146,141,342,196,159,144,149,81,40,40,47,104,94,103,103,109,108,108,88,
大園,2025/05/10 00:00:00,WIND_DIREC,298,237,154,150,156,137,132,344,199,147,168,183,68,32,34,127,84,100,103,106,108,108,99,87,
大園,2025/05/10 00:00:00,WIND_SPEED,2.1,1.4,1.5,1.5,0.7,1,1.3,4.8,1.1,2.4,1.6,1.1,2.4,5.2,4,2.6,2.8,5.9,4.6,4.9,5.6,5.2,4.4,3.6,
大園,2025/05/10 00:00:00,WS_HR,2.4,1.5,1,1.5,0.5,0.9,1.4,1.8,0.1,1.4,1.9,0.6,1.3,3.9,3.6,3,2.6,3.8,4.9,5,4.6,4.9,5.1,3.4,
大園,2025/05/11 00:00:00,AMB_TEMP,24.8,24.8,24.8,23.6,22.9,22.4,21.6,21.4,20.7,20.4,20.4,20.4,20.3,20.3,20,20,20,19.7,19.6,19.3,19.4,19.7,19.6,19.9,
大園,2025/05/11 00:00:00,CO,0.25,0.22,0.24,0.3,0.22,0.18,0.22,0.27,0.24,0.22,0.26,0.22,0.22,0.25,0.26,0.27,0.27,0.29,0.25,0.24,0.25,0.3,0.25,0.22,
大園,2025/05/11 00:00:00,NO,0.7,0.9,0.7,0.8,0.4,0.6,0.7,1.2,6.2,4.3,7.5,0.6,1.4,1.3,1.2,1.4,1.1,1.1,0.6,0.5,1.3,0.9,0.7,0.2,
大園,2025/05/11 00:00:00,NO2,14.2,9,8.1,8.8,6.5,5.3,8.9,18.2,22.8,22.2,25.5,7.9,8.8,13.1,13.3,17.8,19.2,17.4,11.7,14,17.9,11.6,9.4,7.5,
大園,2025/05/11 00:00:00,NOx,14.9,9.9,8.9,9.6,6.9,6,9.7,19.5,29.1,26.6,33.1,8.6,10.3,14.4,14.6,19.3,20.4,18.6,12.4,14.6,19.3,12.5,10.2,7.8,
大園,2025/05/11 00:00:00,O3,45.1,47.1,50.8,44.9,48.2,52.4,44.7,49.3,53,52.2,46.7,62.8,63.1,59.9,61.9,55.1,50.8,49.1,55.5,52.3,42.3,45.2,49.9,52.4,
大園,2025/05/11 00:00:00,PM10,30,37,34,21,21,16,16,20,26,31,19,17,18,16,11,9,10,12,13,9,7,7,11,11,
大園,2025/05/11 00:00:00,PM2.5,10,12,11,9,8,10,11,11,17,11,9,9,6,8,9,6,5,5,3,1,2,3,4,4,
大園,2025/05/11 00:00:00,RAINFALL,0,0,0,0,0,0,3,7.5,12.5,2.5,4.5,2,1.5,2.5,1.5,2.5,2,2,1,0.5,0,0,0,0,
大園,2025/05/11 00:00:00,RH,63,65,66,66,68,71,83,89,90,90,89,89,88,89,89,88,89,90,90,90,90,89,88,86,
大園,2025/05/11 00:00:00,SO2,1.3,2.4,2.3,1.6,1.7,1,1,1.4,1.4,1.7,1.5,1.2,1.2,1.3,1.6,1.7,1.9,1.8,1.6,1.7,1.2,1.3,1.3,1.6,
大園,2025/05/11 00:00:00,WD_HR,64,42,72,101,85,77,84,58,39,35,51,32,37,64,61,55,48,62,46,81,114,109,114,111,
大園,2025/05/11 00:00:00,WIND_DIREC,48,56,96,97,69,94,69,62,40,35,37,34,64,61,65,49,33,65,67,96,120,114,113,107,
大園,2025/05/11 00:00:00,WIND_SPEED,2.6,4,2.9,3.7,2.6,3.1,2.8,2.8,4.5,3.1,2.8,3.7,2.5,3.6,3,2.7,4.1,3.1,2.7,3.4,2.4,2.2,2.9,4.4,
大園,2025/05/11 00:00:00,WS_HR,3,3.8,3.1,3.3,3.1,2.7,2.3,2.9,4.1,3.9,2.8,3.4,3.1,2.6,2.8,2.4,3,2.5,3.1,2.9,2.7,2,2.9,3.2,
大園,2025/05/12 00:00:00,AMB_TEMP,20.3,20.5,20.7,21,21,21.3,21.8,22.8,23.8,24.9,25.5,25.8,26.8,26.6,26.7,26.6,26,25,24.2,23.6,23.4,23.3,23.3,23.1,
大園,2025/05/12 00:00:00,CO,0.34,0.2,0.2,0.19,0.18,0.22,0.27,0.32,0.39,0.34,0.3,0.25,0.24,0.24,0.27,0.26,0.32,0.33,0.33,0.31,0.26,0.23,0.21,0.22,
大園,2025/05/12 00:00:00,NO,0.9,0.7,1.1,0.8,0.8,0.9,1.4,2.8,3.3,2.9,2.4,2.4,1.9,2.4,2.7,2.9,2.5,2.1,1.4,1.2,1.1,1,1,0.9,
大園,2025/05/12 00:00:00,NO2,10.5,6.9,6.5,5.9,6.6,9,13.8,21.3,21.6,15.8,17.3,14.5,11.6,14.1,19.8,20.2,20.1,23.1,21,16.8,11.3,8.7,7.3,8,
大園,2025/05/12 00:00:00,NOx,11.5,7.6,7.7,6.7,7.4,9.9,15.2,24.1,24.9,18.7,19.8,16.9,13.6,16.5,22.6,23.2,22.7,25.2,22.4,18,12.5,9.8,8.3,9,
大園,2025/05/12 00:00:00,O3,49.5,53.4,54.1,54.1,52.6,48.4,46.9,44.3,49,58.1,63.3,63.3,65.7,63.1,59.5,61.1,61.1,56.3,58.9,61.3,65.6,68,66.7,63.2,
大園,2025/05/12 00:00:00,PM10,11,10,15,13,16,21,20,21,26,33,33,35,30,30,29,39,39,36,36,35,24,27,28,29,
大園,2025/05/12 00:00:00,PM2.5,6,4,3,2,14,8,7,10,14,17,14,21,13,14,18,15,17,20,18,16,14,15,11,12,
大園,2025/05/12 00:00:00,RAINFALL,0,0,0,0,0,0,0,0,0,0,0,0,0,0,0,0,0,0,0,0,0,0,0,0,
大園,2025/05/12 00:00:00,RH,83,82,79,70,62,64,59,54,49,44,38,40,39,40,40,41,42,44,47,48,49,49,50,52,
大園,2025/05/12 00:00:00,SO2,1.5,0.9,0.8,0.9,1,1.3,1.5,1.5,1.7,1.5,1.6,1.2,1,1.1,1.3,1.1,1.5,1.5,1.8,1.7,1,0.9,0.7,0.8,
大園,2025/05/12 00:00:00,WD_HR,109,108,109,101,89,100,97,88,95,95,88,92,100,97,75,68,92,96,98,103,109,110,119,122,
大園,2025/05/12 00:00:00,WIND_DIREC,109,116,106,91,93,101,89,86,101,90,93,85,106,79,71,75,94,96,100,108,107,114,118,128,
大園,2025/05/12 00:00:00,WIND_SPEED,3.9,4.7,5.3,3.7,4.8,4.8,4.5,4.6,7,6,7.1,5.5,5.7,3.5,3.4,4.2,5.1,3.5,4.8,4.9,4.7,3.7,3.8,3,
大園,2025/05/12 00:00:00,WS_HR,3.8,4.3,4.7,4.6,3.6,4.6,4.7,4.2,5.8,6.5,6.7,6,6,4.6,3.5,3.3,4.5,4.1,4.5,4.6,4.6,4.2,3.6,3.2,
大園,2025/05/13 00:00:00,AMB_TEMP,23,23,22.6,22.3,21.9,22,23,24.7,26.5,27.6,27.8,28.1,28.3,28.6,28.5,28.2,27.7,27.4,26.9,26.4,26.1,25.9,25.5,25.3,
大園,2025/05/13 00:00:00,CO,0.21,0.21,0.22,0.22,0.24,0.25,0.27,0.32,0.34,0.32,0.36,0.37,0.41,0.33,0.3,0.28,0.27,0.25,0.24,0.3,0.34,0.43,0.58,0.7,
大園,2025/05/13 00:00:00,NO,0.8,0,0,0.3,0.3,0.8,1.4,3.3,2.7,0.8,1.4,1.6,1.2,0.7,0.8,0.7,0.7,0.6,0.3,0.4,0.3,0.6,1.2,1.1,
大園,2025/05/13 00:00:00,NO2,9.3,12.7,14.5,10.4,11.1,14.4,16.9,16.9,13.7,10.6,15.1,15.3,13.6,10.5,10.1,9.6,13.1,10.8,14.5,36.5,22.7,34.4,44.2,44.7,
大園,2025/05/13 00:00:00,NOx,10.2,12.6,14.5,10.8,11.4,15.2,18.4,20.2,16.4,11.4,16.6,16.9,14.9,11.3,10.9,10.3,13.8,11.4,14.9,37,23.1,35,45.4,45.8,
大園,2025/05/13 00:00:00,O3,60.3,54.5,48.5,50.9,45,36.4,36.2,34.9,42,56.6,65.6,76.6,83.3,87.4,90.1,87.7,80,73.7,62,34.9,38.1,20.6,7.5,9.9,
大園,2025/05/13 00:00:00,PM10,25,23,25,23,24,18,23,20,34,36,43,43,36,35,33,29,24,20,19,24,20,35,39,48,
大園,2025/05/13 00:00:00,PM2.5,14,16,15,11,11,10,12,12,13,20,29,27,23,20,21,16,13,9,7,16,11,16,20,30,
大園,2025/05/13 00:00:00,RAINFALL,0,0,0,0,0,0,0,0,0,0,0,0,0,0,0,0,0,0,0,0,0,0,0,0,
大園,2025/05/13 00:00:00,RH,53,53,54,56,60,61,60,57,57,59,60,59,57,56,53,51,52,50,53,54,57,58,61,64,
大園,2025/05/13 00:00:00,SO2,0.8,1.5,2.1,1.5,1.7,1.9,1.9,1.7,2.1,2.5,3.4,4,3.8,2.8,2.7,2.6,2.4,2.3,2.1,3.2,3,3.4,3.8,3.5,
大園,2025/05/13 00:00:00,WD_HR,120,132,148,157,159,164,159,152,221,260,319,322,321,357,0,0,10,13,12,66,159,159,150,161,
大園,2025/05/13 00:00:00,WIND_DIREC,123,137,162,154,160,166,147,172,233,266,329,326,340,4,20,11,32,9,8,145,154,168,153,157,
大園,2025/05/13 00:00:00,WIND_SPEED,2.8,2.2,2.7,2.7,3,1.9,2.3,1.7,2.4,1.9,3.2,3.3,3.3,3.1,2.6,2.8,1.8,1.8,1.4,0.7,1.1,0.9,1.3,1.5,
大園,2025/05/13 00:00:00,WS_HR,3,2.5,2.1,2.7,3,2.3,2.4,2,1.3,2,2.4,3,3,3.1,2.6,2.2,1.8,1.6,1.3,0.4,0.8,0.8,1,1.7,
大園,2025/05/14 00:00:00,AMB_TEMP,24.7,24.6,23.8,23.4,23.5,23,24.1,25.7,27,27.6,27.6,27.6,28.3,28.8,28.8,28.7,27.9,27,26.6,26.5,26.3,26.1,25.8,25.7,
大園,2025/05/14 00:00:00,CO,0.71,0.51,0.55,0.53,0.45,0.43,0.38,0.37,0.38,0.28,0.24,0.25,0.24,0.23,0.19,0.2,0.22,0.23,0.19,0.19,0.2,0.24,0.24,0.29,
大園,2025/05/14 00:00:00,NO,0.6,0,0.6,0.4,0.5,0.3,1.6,2,2.2,1.9,1.1,0.7,0.5,0.8,0.8,1,0.5,0.5,0.3,0.3,0.2,0.5,0.1,0.2,
大園,2025/05/14 00:00:00,NO2,37.5,21.1,21.4,22,20.1,16.1,17.1,14.9,15.2,14.3,10.3,7.6,8.8,8.1,8.4,7,7,8.7,7.9,10.4,9.5,7.9,7.4,9.4,
大園,2025/05/14 00:00:00,NOx,38.1,21,22.1,22.4,20.7,16.4,18.7,16.9,17.4,16.3,11.4,8.3,9.3,8.9,9.3,8,7.6,9.3,8.2,10.8,9.7,8.5,7.6,9.6,
大園,2025/05/14 00:00:00,O3,15.8,28,19.1,17.5,21.5,21.6,29.2,40.7,52.7,60.7,75.2,71.7,76,72.2,64.3,68.8,71,66.3,44.7,35.2,33.7,37.9,38.9,37.1,
大園,2025/05/14 00:00:00,PM10,51,44,49,47,43,48,43,42,41,42,31,29,29,31,26,28,26,24,12,19,15,22,23,37,
大園,2025/05/14 00:00:00,PM2.5,31,34,28,27,31,31,27,25,26,21,13,15,16,17,9,10,12,8,4,5,5,8,9,15,
大園,2025/05/14 00:00:00,RAINFALL,0,0,0,0,0,0,0,0,0,0,0,0,0,0,0,0,0,0,0,0,0,0,0,0,
大園,2025/05/14 00:00:00,RH,68,69,76,81,80,81,82,80,73,72,70,70,67,60,51,48,55,75,83,85,86,87,87,87,
大園,2025/05/14 00:00:00,SO2,2.6,1.6,1.7,1.3,1.2,1.2,2.1,2.6,3.2,2.7,1.8,1.4,1.7,1.7,1.3,1.2,1.4,1.2,1.1,0.8,1,1.1,1.2,1.3,
大園,2025/05/14 00:00:00,WD_HR,152,161,181,247,223,204,237,231,339,359,358,3,6,10,25,20,28,15,5,343,226,235,185,222,
大園,2025/05/14 00:00:00,WIND_DIREC,156,168,191,261,187,201,235,181,348,3,355,15,5,10,26,26,31,8,334,212,231,202,215,210,
大園,2025/05/14 00:00:00,WIND_SPEED,1.7,2.2,1.1,1,1.5,1.1,1.3,1.2,2.1,3.6,3.6,3.8,3.3,4,3.9,5,3.8,3.1,1.2,1,1.5,0.5,1.3,1.1,
大園,2025/05/14 00:00:00,WS_HR,1.5,1.9,1.3,0.9,1,1.2,1.1,0.7,0.3,2.8,3.1,3.3,3,3.4,3.7,4.2,4.2,3.1,1.6,0.2,1.4,1,1.1,1.3,
大園,2025/05/15 00:00:00,AMB_TEMP,25.2,25,24.8,24.9,24.8,24.6,25.8,26.9,27.6,28.3,29,29,29.1,29.5,29.6,29.3,28.8,28,27.2,27,27.3,27.2,26.9,26.5,
大園,2025/05/15 00:00:00,CO,0.32,0.39,0.45,0.45,0.41,0.4,0.47,0.39,0.25,0.19,0.18,0.17,0.16,0.17,0.17,0.16,0.19,0.23,0.2,0.21,0.2,0.21,0.24,0.24,
大園,2025/05/15 00:00:00,NO,0.1,1.3,1,1.3,1.3,1.6,6.9,5.2,3,2.7,2.2,1.8,1.6,1.6,1.9,2.4,2.1,1.4,1,1,1,1.1,0.9,0.7,
大園,2025/05/15 00:00:00,NO2,10.1,13.4,22.4,30.8,19.6,20.4,26.6,19.4,13.1,9.7,6.4,5.5,4.2,4.2,5.4,7.4,8.2,7.6,7.1,9.8,12.1,23.3,14.4,13.1,
大園,2025/05/15 00:00:00,NOx,10.2,14.7,23.4,32.1,21,22,33.5,24.6,16.1,12.4,8.6,7.4,5.8,5.9,7.3,9.8,10.3,9,8.2,10.8,13.2,24.4,15.3,13.9,
大園,2025/05/15 00:00:00,O3,34.8,27.3,13.5,6.9,14.7,12.2,13.7,34.4,41.5,46.8,43.9,45.3,45.8,44.4,43.6,44,52.2,67.2,58,52.3,50.5,33.8,36,30.5,
大園,2025/05/15 00:00:00,PM10,48,43,48,43,33,37,41,40,27,18,11,19,11,8,11,16,22,25,23,22,19,22,21,21,
大園,2025/05/15 00:00:00,PM2.5,21,27,25,22,21,22,24,22,11,10,9,6,4,2,2,2,4,11,10,10,10,9,8,13,
大園,2025/05/15 00:00:00,RAINFALL,0,0,0,0,0,0,0,0,0,0,0,0,0,0,0,0,0,0,0,0,0,0,0,0,
大園,2025/05/15 00:00:00,RH,87,84,83,82,82,83,81,77,79,74,61,61,57,53,53,52,56,66,77,79,72,71,73,80,
大園,2025/05/15 00:00:00,SO2,1.5,1.8,1.9,1.7,1.6,1.5,1.7,3,2.8,1.9,1.6,1.4,1.3,1.3,1.4,1.4,1.6,1.7,1.5,1.6,1.7,2.3,2.1,1.7,
大園,2025/05/15 00:00:00,WD_HR,201,197,187,164,159,184,175,314,330,0,351,0,357,355,2,17,16,13,18,8,10,5,226,245,
大園,2025/05/15 00:00:00,WIND_DIREC,198,194,192,154,177,174,333,307,358,2,352,355,349,358,11,17,26,0,19,22,353,20,214,214,
大園,2025/05/15 00:00:00,WIND_SPEED,1.4,1.1,0.7,1.6,1.2,0.9,1,2.2,3.4,3.1,2.8,3.7,3.7,3.4,3.4,3.1,3.6,3,1.5,1.3,2.2,0.7,0.8,0.8,
大園,2025/05/15 00:00:00,WS_HR,1.2,1.2,0.9,1.1,1.5,0.7,0.3,1.9,1.6,2.9,2.7,3,3.7,3.5,2.9,2.8,2.8,2.7,1.7,1.4,1.3,0.9,0.2,0.9,
大園,2025/05/16 00:00:00,AMB_TEMP,25.9,25.8,25.5,25.5,25.7,25.3,26.3,28.4,29.9,29.9,30,30.2,30,30,29.9,30.2,29.5,29,28.4,28.1,28.2,28.5,28.3,28.2,
大園,2025/05/16 00:00:00,CO,0.27,0.3,0.37,0.45,0.46,0.48,0.45,0.32,0.3,0.27,0.26,0.26,0.23,0.2,0.2,0.22,0.24,0.21,0.17,0.16,0.21,0.23,0.31,0.34,
大園,2025/05/16 00:00:00,NO,0.8,1,1.5,1.9,2.3,8.1,20.5,5.8,3.3,3.3,3.1,2.8,2.6,2.1,2.3,2.3,2.6,1.9,1,1.1,1.2,0.9,1.3,1.2,
大園,2025/05/16 00:00:00,NO2,10.5,12.6,16.6,26.2,30.2,28.2,27,16,11.4,13.2,11.5,10,8.4,6.6,7.4,8,8.8,8.3,5.1,4.6,6.4,8.8,12.7,15.8,
大園,2025/05/16 00:00:00,NOx,11.3,13.6,18.1,28.1,32.5,36.4,47.5,21.8,14.8,16.6,14.6,12.8,11,8.8,9.7,10.3,11.4,10.2,6.2,5.7,7.7,9.8,14,17.1,
大園,2025/05/16 00:00:00,O3,31.3,27.9,17,7.8,3.8,4.2,12.5,31.8,43.7,43.3,48.8,46.3,45.3,43.1,40.9,41.5,40.1,36.1,31.7,30.8,27.5,26,22.7,27.6,
大園,2025/05/16 00:00:00,PM10,30,26,40,42,40,40,43,33,24,34,x,#,17,13,23,18,20,17,16,13,15,19,21,26,
大園,2025/05/16 00:00:00,PM2.5,22,21,25,25,24,21,20,13,11,14,#,9,10,8,6,8,9,7,5,6,10,7,10,8,
大園,2025/05/16 00:00:00,RAINFALL,0,0,0,0,0,0,0,0,0,0,0,0,0,0,0,0,0,0,0,0,0,0,0,0,
大園,2025/05/16 00:00:00,RH,81,79,81,81,81,82,80,65,54,53,55,55,57,56,58,56,58,61,63,66,67,67,66,65,
大園,2025/05/16 00:00:00,SO2,1.5,1.3,1.6,1.8,1.5,1.2,1.6,1.5,1.7,3.4,2.8,#,1.5,1.5,1.8,1.6,1.5,1.6,0.9,0.7,0.9,0.9,1.2,1.6,
大園,2025/05/16 00:00:00,WD_HR,214,206,202,172,250,137,144,153,305,324,330,320,327,325,322,324,321,278,233,210,180,183,139,194,
大園,2025/05/16 00:00:00,WIND_DIREC,213,208,184,169,276,149,138,175,330,322,335,323,337,317,338,298,333,254,229,203,240,156,148,199,
大園,2025/05/16 00:00:00,WIND_SPEED,1.2,1,1.1,0.9,0.3,0.9,1.6,1.1,2.5,2.7,3.5,3.4,3.8,4,3.5,3,3,2.9,1.6,1,0.9,1.6,0.8,0.6,
大園,2025/05/16 00:00:00,WS_HR,1.3,1.1,0.9,1.1,0.4,0.6,1.1,0.9,0.8,2.3,3,3.2,3.6,3.4,3.1,3,2.7,1.9,1.8,1.3,1,0.9,1.2,0.7,
大園,2025/05/17 00:00:00,AMB_TEMP,27.5,27.1,26.9,26.6,26.5,26.2,27,28.7,29.5,30.2,30.7,30.9,31.1,30.8,31,30.6,30.4,29.8,29.2,28.5,28.6,28.2,28.2,27.9,
大園,2025/05/17 00:00:00,CO,0.37,0.37,0.37,0.33,0.3,0.31,0.31,0.28,0.22,0.2,0.14,0.13,0.13,0.1,0.11,0.12,0.11,0.12,0.16,0.17,0.28,0.25,0.32,0.32,
大園,2025/05/17 00:00:00,NO,1.4,0.4,0.6,0.9,0.6,1.4,2,2.7,2.6,2.2,1.4,1.4,1,0.9,1.8,1.9,1.8,0.9,1,1.2,1,1.1,0.9,1.5,
大園,2025/05/17 00:00:00,NO2,16,16.1,16.3,18.7,16.5,17.1,12.9,10.1,7.8,7,3.9,3.6,3.4,2.8,3.1,3.2,3.4,3.5,6.3,14.2,23.1,21.5,18.5,23.9,
大園,2025/05/17 00:00:00,NOx,17.4,16.5,16.9,19.6,17.1,18.5,15,12.8,10.4,9.2,5.4,5,4.4,3.7,4.9,5.2,5.2,4.4,7.3,15.4,24.1,22.6,19.5,25.4,
大園,2025/05/17 00:00:00,O3,20.2,20.8,15.5,11.4,11.1,8.1,16.9,26.4,27.1,30.7,31,30.8,30.9,21,19.2,19.7,20.3,21.9,17.8,19.8,21.8,15.2,17.9,6.5,
大園,2025/05/17 00:00:00,PM10,42,28,27,28,29,29,33,29,24,30,27,20,25,13,16,19,14,12,14,18,28,25,25,25,
大園,2025/05/17 00:00:00,PM2.5,12,13,15,15,13,14,16,18,9,7,4,2,4,3,3,3,1,1,4,6,10,12,15,5,
大園,2025/05/17 00:00:00,RAINFALL,0,0,0,0,0,0,0,0,0,0,0,0,0,0,0,0,0,0,0,0,0,0,0,0,
大園,2025/05/17 00:00:00,RH,70,73,77,80,80,80,79,75,74,71,69,66,65,65,64,66,67,70,76,81,80,82,82,84,
大園,2025/05/17 00:00:00,SO2,1.1,1.2,1.1,0.8,0.6,0.5,0.9,1.2,1.5,1.9,1,0.7,0.5,0.4,0.2,0.1,0.1,0.4,0.3,0.5,1.3,1.6,1,1.2,
大園,2025/05/17 00:00:00,WD_HR,161,163,173,155,163,150,152,217,238,249,257,253,253,255,254,259,236,267,328,33,52,87,72,51,
大園,2025/05/17 00:00:00,WIND_DIREC,153,192,166,157,158,152,186,216,231,253,265,255,249,241,249,269,248,255,30,62,358,138,44,175,
大園,2025/05/17 00:00:00,WIND_SPEED,1.8,0.9,1,1,1.4,1.7,1.1,2.9,3.8,4.5,4.2,4.4,5.1,3.9,5,3.1,2.2,2.2,1.7,1.6,1.8,0.7,0.9,0.7,
大園,2025/05/17 00:00:00,WS_HR,1.1,1.5,0.7,1.3,1.2,1.6,1.3,1.8,3,3.2,4.1,4.1,3.9,3.8,4.1,3.8,1.8,2.1,0.2,1.9,1,0.6,0.4,0.2,
大園,2025/05/18 00:00:00,AMB_TEMP,27.8,27.6,27.2,26.9,26.8,27,27.5,28.7,29.9,30.6,30.9,30,29.3,29.3,28.3,28.4,28.6,28,27.9,27.4,27.4,27.2,27.4,27.2,
大園,2025/05/18 00:00:00,CO,0.44,0.36,0.33,0.38,0.33,0.29,0.27,0.23,0.21,0.19,0.18,0.15,0.14,0.13,0.14,0.15,0.14,0.12,0.14,0.25,0.29,0.27,0.26,0.27,
大園,2025/05/18 00:00:00,NO,1,1,1.3,1.3,1.5,1.7,2.5,2.7,4.2,2.6,2.3,1.9,1.8,1.8,1.6,1.9,1.6,1.3,1.4,1.2,1.1,1,1.3,1.3,
大園,2025/05/18 00:00:00,NO2,21.1,16.9,14.8,15.8,13.8,12.1,10.3,8,6.4,4.5,4.6,3.7,3.2,2.8,4.1,4.9,4.4,4.2,8.6,10.2,11.5,12.6,13.4,12.6,
大園,2025/05/18 00:00:00,NOx,22.2,17.9,16.2,17.1,15.4,13.8,12.8,10.7,10.6,7.2,6.9,5.6,5.1,4.6,5.7,6.9,6.1,5.6,10.1,11.4,12.6,13.7,14.7,14,
大園,2025/05/18 00:00:00,O3,11.7,9.6,10.2,7.6,7.5,6.6,9.8,14.9,20.9,29,33.4,28.3,25.7,25.1,25.5,25.6,26,25.2,20.6,27.8,22.7,23,21.4,19.3,
大園,2025/05/18 00:00:00,PM10,26,29,34,31,29,30,30,24,24,25,27,20,16,12,13,17,15,10,12,11,12,11,8,15,
大園,2025/05/18 00:00:00,PM2.5,14,14,21,25,17,15,15,7,11,9,7,4,1,2,5,7,6,6,4,4,3,3,4,8,
大園,2025/05/18 00:00:00,RAINFALL,0,0,0,0,0,0,0,0,0,0,0,0,0,0,0,0,0,0,0,0,0,0,0,0,
大園,2025/05/18 00:00:00,RH,84,85,86,87,87,87,86,83,78,73,72,74,77,77,81,81,80,81,81,81,81,82,81,82,
大園,2025/05/18 00:00:00,SO2,0.8,0.9,1,1.1,0.9,0.6,0.8,0.9,1,1.1,1,0.9,0.9,0.6,0.6,0.5,0.6,0.2,0.3,0.2,0.2,0.3,0.2,0.1,
大園,2025/05/18 00:00:00,WD_HR,216,236,221,210,208,215,177,219,232,253,257,283,295,283,326,322,12,10,97,149,148,153,156,147,
大園,2025/05/18 00:00:00,WIND_DIREC,283,236,213,211,220,189,186,231,226,252,256,294,302,310,336,331,15,5,129,148,148,155,149,148,
大園,2025/05/18 00:00:00,WIND_SPEED,1.1,1.1,1,1,0.9,0.9,1,2,3.2,4.7,3.7,3.4,3.7,3.3,2.3,2.7,2.3,1.9,1.3,1.3,1.9,1.6,1.2,1.5,
大園,2025/05/18 00:00:00,WS_HR,0.7,1,1.3,1.1,0.8,0.8,0.9,1.2,2.7,3.5,4,3.1,3,3,2.2,2.7,2.2,1.6,0.6,1.7,1.6,1.6,1.5,1.5,
大園,2025/05/19 00:00:00,AMB_TEMP,27.2,27.3,27.1,27.1,27,27.1,27.1,28,29,29.8,29.1,29.5,30,28.9,29,28.8,28.6,28.2,28,27.7,27.9,27.8,27.5,27.3,
大園,2025/05/19 00:00:00,CO,0.26,0.29,0.28,0.23,0.22,0.23,0.23,0.24,0.16,0.17,0.17,0.14,0.13,0.13,0.15,0.13,0.14,0.15,0.14,0.18,0.22,0.24,0.2,0.18,
大園,2025/05/19 00:00:00,NO,1.2,1.2,1,1.1,1.6,2.9,7.5,6.5,4.2,3.5,3.9,3.2,2.4,2.3,2.8,2.3,2.2,1.7,1.3,1,1.4,1.8,1.5,1.2,
大園,2025/05/19 00:00:00,NO2,11.4,14.6,13.9,12.6,15.5,15.7,15.8,12.2,7.4,6.9,9.9,7.7,6.2,5.7,7.4,6.6,8.1,6.8,4.2,6.4,11.1,14.2,11.7,10.4,
大園,2025/05/19 00:00:00,NOx,12.7,15.9,14.9,13.7,17.1,18.6,23.4,18.8,11.6,10.5,13.9,10.9,8.6,8.1,10.3,9,10.4,8.6,5.6,7.4,12.6,16,13.2,11.7,
大園,2025/05/19 00:00:00,O3,17.5,11.3,9,8.8,5.8,2.8,2.9,7.1,14.9,18.9,19.9,23.5,25.3,22.3,20.5,25.7,20.4,15.8,17.6,13.2,8.9,7.2,7.3,9,
大園,2025/05/19 00:00:00,PM10,18,18,16,16,16,18,22,28,28,22,21,17,12,14,15,16,18,16,17,17,21,17,20,20,
大園,2025/05/19 00:00:00,PM2.5,6,5,6,4,3,4,7,11,11,9,5,6,4,6,4,4,6,5,3,7,8,9,7,6,
大園,2025/05/19 00:00:00,RAINFALL,0,0,0,0,0,0,0,0,0,0,0,0,0,0,0,0,0,0,0,0,0,0,0,0,
大園,2025/05/19 00:00:00,RH,81,82,82,84,87,85,84,83,81,78,80,77,70,72,71,74,74,74,74,77,75,76,77,80,
大園,2025/05/19 00:00:00,SO2,0,0.8,0.7,1.2,2,1.2,0.8,0.8,0.8,0.6,2.2,1.2,1.5,1.9,2.6,2.4,2.6,1.7,0.4,0.4,0.5,0.7,0.5,0.5,
大園,2025/05/19 00:00:00,WD_HR,147,156,150,357,112,137,139,213,216,238,296,271,287,305,302,309,278,247,208,191,229,245,215,188,
大園,2025/05/19 00:00:00,WIND_DIREC,151,163,155,30,137,143,119,225,205,262,282,251,295,281,297,311,261,227,187,192,249,245,157,211,
大園,2025/05/19 00:00:00,WIND_SPEED,0.6,0.8,1.4,0.7,1.1,1.3,0.7,1.8,2.1,2.9,4.2,4.4,3.3,3.1,2.8,2.1,2.2,1.9,1.1,1.5,1.3,1,1.4,0.8,
大園,2025/05/19 00:00:00,WS_HR,1,0.8,1,0.5,0.7,0.8,1.1,0.8,1.6,1.9,3.2,3.1,3.1,3,2.5,2.4,1.7,1.5,1.2,1.2,1.5,1.2,0.7,0.8,
大園,2025/05/20 00:00:00,AMB_TEMP,27.5,27.4,27.2,26.9,26.7,27.2,27.3,28.3,29.8,29.7,30.4,30.5,30.3,31,30.1,30.1,30.2,29.7,29.4,29,28.7,28.4,28.1,28.1,
大園,2025/05/20 00:00:00,CO,0.17,0.22,0.23,0.25,0.27,0.26,0.28,0.29,0.21,0.16,0.15,0.17,0.15,0.13,0.11,0.11,0.11,0.14,0.16,0.15,0.17,0.17,0.2,0.24,
大園,2025/05/20 00:00:00,NO,1.2,1.2,6,4.6,6.3,3.7,4.7,6.7,4.1,2.2,1.2,0.4,0.8,0.7,1.1,1,1.1,0.4,0.3,0.3,0.6,0.2,0.3,0.3,
大園,2025/05/20 00:00:00,NO2,9.5,15.2,19.8,18.5,17.4,16.8,16.2,14.2,10,7.8,6.5,6.1,6.1,5.2,4.9,4.5,3.9,5.1,6.9,6.4,8,9.2,9.9,11.8,
大園,2025/05/20 00:00:00,NOx,10.8,16.5,25.9,23.2,23.7,20.5,20.9,20.9,14.1,10.1,7.8,6.5,7,5.9,6.1,5.6,5.1,5.6,7.3,6.7,8.6,9.5,10.2,12.1,
大園,2025/05/20 00:00:00,O3,9,4.8,0.7,0.3,0.3,3.3,4.6,10.3,19.6,22.5,32.5,41.4,45.2,41.9,23.6,23.6,20.3,19,16.6,16.2,13.1,11.9,10.6,7.1,
大園,2025/05/20 00:00:00,PM10,10,14,21,22,19,21,13,26,28,23,28,23,24,19,19,14,15,17,16,5,18,11,21,21,
大園,2025/05/20 00:00:00,PM2.5,7,5,8,11,9,8,13,9,11,6,6,9,8,9,6,11,10,8,11,9,8,9,8,11,
大園,2025/05/20 00:00:00,RAINFALL,0,0,0,0,0,0,0,0,0,0,0,0,0,0,0,0,0,0,0,0,0,0,0,0,
大園,2025/05/20 00:00:00,RH,79,79,81,82,83,81,80,79,72,74,71,68,67,58,56,58,55,58,59,60,63,65,67,68,
大園,2025/05/20 00:00:00,SO2,0.4,1.1,1.6,1.5,0.8,1.1,1.6,1.7,1.8,1.7,1.6,1.6,2,2,1.3,0.9,0.7,0.8,0.7,0.8,0.7,0.7,0.7,1.2,
大園,2025/05/20 00:00:00,WD_HR,153,18,84,182,204,235,225,231,238,259,251,253,251,243,260,257,240,251,243,246,239,230,209,183,
大園,2025/05/20 00:00:00,WIND_DIREC,128,10,109,199,211,229,227,236,250,255,261,254,257,254,259,237,250,255,223,250,225,216,209,192,
大園,2025/05/20 00:00:00,WIND_SPEED,0.3,1.1,0.2,0.9,1.1,1.8,1.6,3.3,3.4,3.6,3.3,4.1,4.3,4.4,3.6,2.6,2.1,2,1.3,2.1,1.9,0.9,0.5,0.9,
大園,2025/05/20 00:00:00,WS_HR,0.3,0.1,0.3,0.8,0.7,1.7,1.6,2.1,3,3.2,2.8,3.2,3.3,3.6,3.5,2.9,2.7,1.8,1.6,1.6,1.5,1.3,0.7,0.7,
大園,2025/05/21 00:00:00,AMB_TEMP,27.8,27.7,27.5,27,26.6,26.7,26.9,27.8,28.7,29.4,30.1,30.5,30.6,30.6,30.8,30.3,29.6,29,28.6,28.4,28.2,28.5,28.5,28.4,
大園,2025/05/21 00:00:00,CO,0.28,0.25,0.2,0.19,0.19,0.21,0.23,0.26,0.15,0.15,0.17,0.13,0.1,0.09,0.2,0.09,0.11,0.12,0.11,0.14,0.19,0.25,0.28,0.31,
大園,2025/05/21 00:00:00,NO,0.6,1.8,1.5,0.9,0.7,1.4,3.9,5,3.7,2.8,2.6,2,1.5,1.5,1.3,1.2,1.7,0.9,0.8,0.7,0.8,1.4,1.4,3.2,
大園,2025/05/21 00:00:00,NO2,15.6,17.9,16.5,13.9,14.2,15.3,14.4,12.4,8.9,7.2,6.8,5.7,3.9,3.1,3.5,3.1,3.8,3.4,3.4,6,7.7,14.7,18.2,22,
大園,2025/05/21 00:00:00,NOx,16.2,19.8,18,14.9,14.9,16.8,18.3,17.4,12.6,10.1,9.4,7.8,5.4,4.6,4.9,4.3,5.5,4.4,4.2,6.8,8.5,16.1,19.7,25.2,
大園,2025/05/21 00:00:00,O3,2.9,3.7,7.7,7.5,5.3,3.2,4.8,8.3,13.6,17.4,23,29.7,29.9,27.2,26.7,22.7,23.4,21.7,19.5,16.7,14.2,7.7,6.1,3,
大園,2025/05/21 00:00:00,PM10,27,19,22,21,28,24,23,28,21,24,20,27,17,19,20,20,16,14,12,19,19,15,23,29,
大園,2025/05/21 00:00:00,PM2.5,14,11,13,8,12,14,12,10,7,5,10,8,3,3,4,5,3,3,5,6,6,5,7,9,
大園,2025/05/21 00:00:00,RAINFALL,0,0,0,0,0,0,0,0,0,0,0,0,0,0,0,0,0,0,0,0,0,0,0,0,
大園,2025/05/21 00:00:00,RH,72,73,72,76,80,81,83,83,84,82,80,79,78,77,74,73,74,75,74,74,78,80,81,82,
大園,2025/05/21 00:00:00,SO2,1.6,1.3,1.1,1.3,1.1,1.1,1.3,1.1,0.7,0.8,1.2,1.1,0.7,0.5,0.4,0.5,0.4,0.1,0.1,0.3,0.2,0.8,1.1,2.8,
大園,2025/05/21 00:00:00,WD_HR,200,225,239,215,184,183,198,217,235,235,239,239,239,235,235,231,241,235,212,206,185,173,269,281,
大園,2025/05/21 00:00:00,WIND_DIREC,190,233,230,202,179,187,214,249,236,233,241,239,247,240,242,229,243,225,215,182,175,179,284,233,
大園,2025/05/21 00:00:00,WIND_SPEED,1,1.8,2,0.9,1,1.3,1,2,4,5,4.6,6.2,4.8,5.1,4.6,4.6,3.3,3.5,2.3,1.5,1.9,1.6,1.4,1.6,
大園,2025/05/21 00:00:00,WS_HR,0.9,1.3,2,1.3,0.9,1.2,0.9,1.3,3.3,3.8,4.1,4.8,4.7,4.6,4.7,3.9,3.5,2.9,2.2,1.6,1.4,1.8,0.8,1.1,
大園,2025/05/22 00:00:00,AMB_TEMP,27.6,27.3,27.1,27.3,27.4,27.4,27.6,28.4,29.5,30.5,30.6,31.5,32,32.4,31.6,30.3,29.8,29.3,28.8,28.6,28.2,27.4,27.2,26.9,
大園,2025/05/22 00:00:00,CO,0.13,0.16,0.16,0.2,0.25,0.27,0.27,0.26,0.18,0.16,#,0.14,0.16,#,#,0.14,0.15,0.18,0.17,0.14,0.18,0.28,0.28,0.31,
大園,2025/05/22 00:00:00,NO,1.6,1.2,0.8,1.2,1.1,2,4.6,4.9,3.3,3.2,#,1.5,1.7,#,#,#,1.4,1,1,1.1,0.9,0.8,1.1,1.3,
大園,2025/05/22 00:00:00,NO2,10.5,9.7,9,11.3,14.9,15,13.5,12,8.1,6.9,#,4.2,5.2,#,#,#,5.1,6.3,5.9,4.9,6.1,15.9,15.3,17.4,
大園,2025/05/22 00:00:00,NOx,12.1,11,9.9,12.6,16,17,18.1,16.9,11.5,10.2,#,5.7,7,#,#,#,6.5,7.4,7,6.1,7.1,16.8,16.4,18.7,
大園,2025/05/22 00:00:00,O3,12.3,9.5,9.9,7.1,5,5.2,7.8,11.8,17.7,24.9,26.5,#,#,35.4,#,32.1,#,#,#,26.1,26.5,23,20.1,14.7,
大園,2025/05/22 00:00:00,PM10,32,19,21,21,23,28,23,26,24,20,5,#,26,24,23,29,23,18,25,14,18,18,17,16,
大園,2025/05/22 00:00:00,PM2.5,5,3,9,10,7,10,14,11,8,10,#,11,11,10,8,9,10,10,8,9,7,5,7,9,
大園,2025/05/22 00:00:00,RAINFALL,0,0,0,0,0,0,0,0,0,0,#,0,0,0,0,0,0,0,0,0,0,0,0,0,
大園,2025/05/22 00:00:00,RH,85,87,87,87,86,84,82,79,70,64,61,59,57,54,56,63,68,74,79,80,80,77,77,80,
大園,2025/05/22 00:00:00,SO2,0.9,1.1,1,1.2,1.2,1.4,2.1,2,#,#,#,1.2,1.3,#,#,1.2,1.1,0.9,0.7,0.5,0.4,0.6,1,0.8,
大園,2025/05/22 00:00:00,WD_HR,221,188,202,190,175,225,204,202,220,244,#,265,256,261,251,242,259,270,276,250,173,152,150,158,
大園,2025/05/22 00:00:00,WIND_DIREC,203,181,218,171,173,230,198,207,240,249,#,263,251,265,238,250,271,278,274,229,138,152,151,179,
大園,2025/05/22 00:00:00,WIND_SPEED,0.9,1.3,0.9,1.7,1.8,1.3,1.6,2.1,2.6,3.5,#,2.8,3.2,4.1,2.9,2,2.3,2.6,1.7,0.8,1.5,1.2,1.6,1.2,
大園,2025/05/22 00:00:00,WS_HR,1.3,0.9,1.1,1,1.6,0.8,1.4,1.9,2.4,3.4,#,2.9,2.9,3.1,3.1,2.4,2.2,2,2.5,0.9,0.6,1.5,1.5,1.5,
大園,2025/05/23 00:00:00,AMB_TEMP,26.8,26.4,26.5,26.7,26.7,26.8,27.3,28.6,30,31.2,32,31.1,31.3,31.5,31.7,31.6,31,30.7,30,29.2,29.1,29.4,29.2,29.1,
大園,2025/05/23 00:00:00,CO,0.34,0.28,0.32,0.27,0.25,0.26,0.27,0.22,0.18,0.14,0.16,0.17,0.14,0.12,0.11,0.11,0.11,0.16,0.23,0.16,0.18,0.19,0.26,0.21,
大園,2025/05/23 00:00:00,NO,1.4,1.1,1.2,0.9,0.9,1.2,4.1,4.7,3.1,2.6,1.7,1.1,1.1,0.9,#,1.3,1.4,1.5,1.6,0.6,1,0.6,0.9,0.7,
大園,2025/05/23 00:00:00,NO2,20.2,14.2,17.6,14,11.1,13.1,12.3,10,6.9,5.8,4.8,4.6,3.9,3.5,#,3.3,3,4.3,8.6,7.7,9.2,10.4,11,10.2,
大園,2025/05/23 00:00:00,NOx,21.7,15.3,18.9,14.9,12.1,14.3,16.4,14.7,10.1,8.4,6.5,5.7,5,4.5,#,4.6,4.5,5.9,10.3,8.4,10.2,11,11.9,11,
大園,2025/05/23 00:00:00,O3,9.6,9.5,3.2,5.5,6.8,5.5,7,11.3,16.9,22.1,34.8,45.1,39,29,19.8,#,13.1,12.5,11.2,13.2,11.3,9.8,6.5,7.8,
大園,2025/05/23 00:00:00,PM10,38,21,25,22,30,28,28,27,20,24,27,40,37,33,27,32,21,20,24,19,26,24,22,24,
大園,2025/05/23 00:00:00,PM2.5,10,9,10,11,9,15,15,11,11,8,8,9,11,12,7,9,7,7,13,11,12,9,10,9,
大園,2025/05/23 00:00:00,RAINFALL,0,0,0,0,0,0,0,0,0,0,0,0,0,0,0,0,0,0,0,0,0,0,0,0,
大園,2025/05/23 00:00:00,RH,81,82,83,83,83,84,84,80,70,61,57,62,62,60,55,52,52,53,59,65,69,70,69,70,
大園,2025/05/23 00:00:00,SO2,0.7,1.2,1.1,0.9,0.7,1,1.6,2,1.6,1.6,1.3,1.2,1.3,1.1,0.7,0.7,0.7,1,1.6,1.2,1.5,1.9,2.7,2.8,
大園,2025/05/23 00:00:00,WD_HR,154,147,151,196,201,179,182,201,225,235,241,243,232,232,237,242,233,238,244,206,206,225,231,241,
大園,2025/05/23 00:00:00,WIND_DIREC,149,147,152,193,212,182,188,211,235,245,254,243,239,233,243,238,229,251,228,202,208,230,232,245,
大園,2025/05/23 00:00:00,WIND_SPEED,1.5,1.2,0.6,1.1,1.3,1.3,1.8,2.9,3.6,4.4,4.2,5.6,5.3,5.7,6.7,5.2,5.4,3.9,3.4,2.3,2.4,2.5,4.5,4.4,
大園,2025/05/23 00:00:00,WS_HR,1.3,1.3,0.9,0.8,0.9,1.2,1.3,2.3,3.6,4.3,3.9,4.8,5.2,5.5,5.9,5.6,4.7,4,3.4,2.1,2,2.7,3.5,3.9,
大園,2025/05/24 00:00:00,AMB_TEMP,29.1,29,29,28.8,28.7,28.6,28.7,29.1,26,23.2,23.1,22.9,22.9,22.8,22.8,22.5,22.5,22.5,22.1,22,21.6,21.8,21.5,20.3,
大園,2025/05/24 00:00:00,CO,0.19,0.16,0.21,0.18,0.13,0.13,0.14,0.15,0.18,0.17,0.2,0.2,0.23,0.22,0.25,0.23,0.21,0.19,0.17,0.2,0.25,0.25,0.25,0.25,
大園,2025/05/24 00:00:00,NO,0.7,0.9,0.5,0.7,0.7,0.7,0.9,1.5,1.8,1.2,1.3,1.9,2,1.6,1.5,1.6,1.3,1.1,0.6,0.5,0.8,0.9,0.8,0.6,
大園,2025/05/24 00:00:00,NO2,7.9,6.2,5.5,4.7,3.4,3.8,5.1,4.8,4.7,5.8,10.3,12,13.1,10.2,8.5,7.1,7.5,6.3,6.6,7.3,11.5,15.5,13.3,10.2,
大園,2025/05/24 00:00:00,NOx,8.6,7.2,6.1,5.5,4.2,4.5,6.1,6.3,6.6,7,11.7,13.9,15.2,11.9,10,8.7,8.8,7.4,7.2,7.8,12.3,16.4,14.2,10.8,
大園,2025/05/24 00:00:00,O3,9.2,11.5,12,14.7,18.3,17.3,16.2,16.7,27.1,36.3,34,36.4,34.8,37.4,38.7,42,41.2,41.6,40.5,41.1,36.8,36,41.2,56,
大園,2025/05/24 00:00:00,PM10,23,13,14,12,14,16,22,14,23,12,11,12,11,9,11,13,13,9,6,11,8,7,11,25,
大園,2025/05/24 00:00:00,PM2.5,6,8,6,6,5,6,7,5,6,5,4,3,5,4,3,5,8,6,3,5,6,6,8,15,
大園,2025/05/24 00:00:00,RAINFALL,0,0,0,0,0,0,0,0,5,33,15.5,5,3.5,2,2,0,0,1.5,3,0.5,2.5,2,5.5,1,
大園,2025/05/24 00:00:00,RH,69,66,65,67,72,76,79,80,82,89,90,89,89,89,89,88,87,87,88,89,89,88,88,86,
大園,2025/05/24 00:00:00,SO2,2.4,1.9,1.6,1.5,1.2,1,1.1,1,0.8,0.6,1.1,1.2,1.9,1.3,1.3,0.9,0.8,0.8,0.7,0.8,1.1,1.4,1.1,0.9,
大園,2025/05/24 00:00:00,WD_HR,251,240,235,239,244,231,232,227,20,35,39,38,44,44,39,35,35,35,36,54,66,67,66,81,
大園,2025/05/24 00:00:00,WIND_DIREC,246,240,235,244,245,240,221,222,28,53,36,36,48,38,40,32,36,36,34,62,61,77,68,90,
大園,2025/05/24 00:00:00,WIND_SPEED,4.1,4.4,4.3,3.9,3.4,2.8,1.6,1.8,9.3,4.9,6.2,4.3,4,4.8,4.2,6.4,5.2,5.7,4.9,4,2.9,3.6,4.8,5.1,
大園,2025/05/24 00:00:00,WS_HR,4.6,4,4,4.1,3.1,3.1,2,1.6,5,6,5,4.4,3.4,4.3,4.5,5.6,5.7,5,5,3.9,3.3,2.8,3.4,4.7,
大園,2025/05/25 00:00:00,AMB_TEMP,20.5,21.1,21.2,21.2,21.5,21.4,21.1,21,20.6,19.9,19.6,19.7,18.9,19.3,19.7,20,20.2,20.8,21,21.2,21.5,21.5,21.4,21.3,
大園,2025/05/25 00:00:00,CO,0.25,0.23,0.25,0.26,0.26,0.26,0.27,0.29,0.33,0.31,0.34,0.31,0.34,0.36,0.34,0.35,0.35,0.32,0.33,0.32,0.32,0.3,0.29,0.28,
大園,2025/05/25 00:00:00,NO,3.1,0.2,0.9,1,0.8,0.7,0.9,0.7,1.1,1,1.6,1.6,2.2,2.1,2.2,2.2,2.7,1.7,2.4,1.6,2.3,1.4,1.4,1.3,
大園,2025/05/25 00:00:00,NO2,31.9,8.6,11.7,11.6,8.4,9.6,10.3,13.2,17.2,14.2,15.5,12.1,18,17.7,19.9,21.5,25.3,23.5,30.6,26.1,27.5,20.4,15.8,12.1,
大園,2025/05/25 00:00:00,NOx,35.1,8.8,12.7,12.6,9.2,10.4,11.3,13.9,18.3,15.2,17.2,13.8,20.2,19.8,22.1,23.7,28.1,25.2,33.1,27.7,29.9,21.8,17.3,13.4,
大園,2025/05/25 00:00:00,O3,38,49.8,52.9,52.8,54.8,50,52.2,48.8,53.5,61.9,59.1,59.5,51.3,53,50.5,43.7,36,37.5,27.1,32,31.3,36.8,41.6,45.3,
大園,2025/05/25 00:00:00,PM10,21,21,35,32,42,41,41,38,36,34,34,37,31,38,30,23,32,30,32,29,28,33,36,32,
大園,2025/05/25 00:00:00,PM2.5,12,13,23,27,23,26,24,29,25,19,22,23,26,30,26,19,22,21,16,17,16,20,14,14,
大園,2025/05/25 00:00:00,RAINFALL,0,0,0,0,0,0,0,0,1.5,0,1,0.5,2,0.5,0.5,0,0,0.5,0,0,0,0,0,0,
大園,2025/05/25 00:00:00,RH,82,84,82,83,81,81,82,83,84,87,84,80,85,87,86,84,83,81,79,78,75,71,70,70,
大園,2025/05/25 00:00:00,SO2,1.1,1,1.1,1.4,1.6,1.4,1.3,1.2,1.2,1.3,1.9,1.4,1.5,1.4,1.7,1.6,1.8,1.5,3.1,2.9,2.3,2.1,1.8,1.3,
大園,2025/05/25 00:00:00,WD_HR,98,97,104,97,79,76,84,71,66,60,62,71,102,99,98,91,105,103,96,92,91,83,84,76,
大園,2025/05/25 00:00:00,WIND_DIREC,96,93,101,82,78,69,77,71,58,53,78,68,109,103,98,82,109,91,103,89,89,86,94,67,
大園,2025/05/25 00:00:00,WIND_SPEED,3.1,2.9,4.6,2.5,3.9,3.8,3.4,2.9,3.9,4.5,5.3,3.3,3.5,3.2,2.9,1.6,2.8,2.8,3.6,3.1,3.7,3.3,4.1,2.7,
大園,2025/05/25 00:00:00,WS_HR,4.1,3,3.8,4,3.4,3.5,3.7,3.1,3.7,4.6,4.5,3.6,3.1,3.3,3.2,2.1,2.5,3.1,3.1,3.2,3.5,3,3.1,3,
大園,2025/05/26 00:00:00,AMB_TEMP,21.4,21.5,21.4,20.3,20.1,18.9,18.2,17.8,18.3,18.6,19,19.5,19.9,19.8,19.8,19.7,19.6,19.5,19.9,20.3,20.4,20.4,20.8,21.3,
大園,2025/05/26 00:00:00,CO,0.3,0.21,0.19,0.17,0.19,0.2,0.22,0.23,0.24,0.25,0.29,0.23,0.24,0.25,0.29,0.33,0.34,0.37,0.3,0.32,0.36,0.29,0.22,0.21,
大園,2025/05/26 00:00:00,NO,1,0.6,0.4,0.3,0.6,1.3,1.1,1.7,2.8,1.8,3,2.4,2.1,2.7,3.3,4.1,4.8,5.2,2.2,2.4,3.2,1.1,1.2,1.3,
大園,2025/05/26 00:00:00,NO2,24.2,7.7,6.2,5.6,7,11.9,17.1,17.6,24.8,19.7,23.5,17.2,17.6,22.8,29.8,34.9,41.7,39.4,31.9,35.3,39.5,24.3,15.6,18.3,
大園,2025/05/26 00:00:00,NOx,25.3,8.4,6.6,6,7.6,13.2,18.2,19.4,27.7,21.5,26.5,19.6,19.8,25.6,33.1,39.1,46.6,44.7,34.2,37.7,42.8,25.5,16.9,19.6,
大園,2025/05/26 00:00:00,O3,42.5,58.9,61.7,64.1,66.2,61.3,55.8,51.2,44.7,47.9,42.6,44.7,43.3,39.3,30,27.8,19.9,20,28.6,20.5,16.3,30.4,41.1,40.9,
大園,2025/05/26 00:00:00,PM10,30,25,31,21,21,18,18,16,20,17,39,16,20,14,18,19,21,23,22,21,19,15,15,13,
大園,2025/05/26 00:00:00,PM2.5,11,12,16,11,9,15,10,10,8,12,11,9,10,7,10,11,11,13,9,9,11,13,13,10,
大園,2025/05/26 00:00:00,RAINFALL,0,0,0,0,0,2.5,2.5,1,0.5,0,0,0,1,1,1.5,2.5,3.5,1,0,0,0,0,0,0,
大園,2025/05/26 00:00:00,RH,69,66,64,75,80,86,87,88,87,84,83,81,81,83,85,86,87,88,86,86,86,85,84,82,
大園,2025/05/26 00:00:00,SO2,1.4,0.9,1.1,0.8,0.6,0.9,1.1,1.2,1.4,1.1,1.1,1,0.9,0.9,1.1,1.3,1.3,1.6,2.1,2.2,2.7,2,1.6,2.6,
大園,2025/05/26 00:00:00,WD_HR,67,71,57,33,35,37,53,46,51,65,71,68,82,81,72,45,65,44,49,57,60,70,68,56,
大園,2025/05/26 00:00:00,WIND_DIREC,65,76,36,37,37,50,62,37,63,64,66,65,80,70,72,71,86,33,59,40,68,74,63,46,
大園,2025/05/26 00:00:00,WIND_SPEED,3.5,3.3,5.3,5.8,5.6,3.4,3.2,4.5,3.5,3,3.1,2.2,2.9,2.9,1.6,1.7,1.4,3.5,1.8,2.5,2.7,3.1,4.2,2.3,
大園,2025/05/26 00:00:00,WS_HR,3.1,3.1,3.4,5.8,5.3,4.8,3.3,3.6,3.5,3.3,2.7,2.5,2.5,2.4,1.6,1.8,1.4,2.3,2.6,2.2,2.3,2.4,3.6,3.1,
大園,2025/05/27 00:00:00,AMB_TEMP,21.5,21.2,21.7,21.7,21.2,21.7,22.7,24,24.9,25.8,27.1,28.3,29.1,27.5,26.6,26.1,25.6,24.9,24.9,25,25.1,25.1,25,25,
大園,2025/05/27 00:00:00,CO,0.25,0.21,0.21,0.2,0.21,0.23,0.24,0.29,0.26,0.25,0.25,0.2,0.19,0.16,0.15,0.15,0.15,0.16,0.2,0.22,0.22,0.19,0.17,0.18,
大園,2025/05/27 00:00:00,NO,4.3,0.9,0.2,0.4,0.5,0.8,2,5,3.6,2.9,3.8,3,1.3,1.1,1.5,#,2.9,2.2,1.6,1.5,1.9,1.6,1.4,1.3,
大園,2025/05/27 00:00:00,NO2,40.3,20.8,12.7,13.4,19.8,27.4,23.8,26.1,18.5,15.9,17,13.7,9,8.5,8.1,#,9.6,10,14.4,17.7,17.2,12.2,10.4,12.2,
大園,2025/05/27 00:00:00,NOx,44.7,21.7,13,13.9,20.4,28.2,25.9,31.1,22.1,18.8,20.8,16.7,10.3,9.6,9.7,#,12.6,12.3,16.1,19.3,19.1,13.8,11.8,13.5,
大園,2025/05/27 00:00:00,O3,22.8,33.2,44,42.8,33.5,31.8,35.1,31.9,42,44.4,42.6,47.7,52.2,51.5,52.4,49.5,47.6,46.9,40.8,36.4,36.1,40.9,41,40.2,
大園,2025/05/27 00:00:00,PM10,13,20,14,17,12,18,19,23,18,21,18,15,10,21,#,13,17,15,14,13,8,10,9,8,
大園,2025/05/27 00:00:00,PM2.5,10,8,4,3,6,8,10,7,7,8,5,1,4,#,10,16,12,6,9,6,3,3,1,2,
大園,2025/05/27 00:00:00,RAINFALL,0,0,0,0,0,0,0,0,0,0,0,0,0,0,0,0,0,0,0,0,0,0,0,0,
大園,2025/05/27 00:00:00,RH,82,83,80,82,83,84,82,80,78,74,69,63,58,66,73,76,80,81,81,80,79,79,80,81,
大園,2025/05/27 00:00:00,SO2,3.2,2.6,1.1,2.2,1,3.2,1.5,1.6,1,0.9,0.8,0.7,0.4,0.4,0.5,#,0.9,1.1,1.3,0.8,0.9,0.7,0.8,0.7,
大園,2025/05/27 00:00:00,WD_HR,58,52,56,65,54,55,71,64,70,75,74,63,63,29,33,32,35,35,45,67,66,56,54,57,
大園,2025/05/27 00:00:00,WIND_DIREC,44,55,48,66,41,56,81,61,70,86,62,57,42,29,35,34,34,34,62,63,51,57,59,70,
大園,2025/05/27 00:00:00,WIND_SPEED,2,2.1,1.6,1.9,1.5,1.8,1.8,2.2,4.2,4.4,4.1,4,4.5,8.1,7.8,7.7,7.1,6.4,3.3,2.6,2.8,3.2,3.2,2.5,
大園,2025/05/27 00:00:00,WS_HR,1.8,1.7,2,1.9,1.3,1.7,2.1,2.1,3.7,4.1,3.7,3.6,3.8,7.3,7.6,7.4,6.7,6.5,3.7,2.8,2.7,2.8,3,2.7,
大園,2025/05/28 00:00:00,AMB_TEMP,24.9,24.1,23.9,24.1,24.3,24.4,24.9,25.7,26.5,27.1,27.8,28.4,27.6,26.1,25.2,25.8,25.8,25.7,24.6,24.3,24,23.9,23.5,23,
大園,2025/05/28 00:00:00,CO,0.19,0.16,0.14,0.14,0.15,0.15,0.17,0.21,0.22,0.23,0.26,0.26,0.28,0.24,0.2,0.2,0.23,0.28,0.33,0.3,0.25,0.22,0.23,0.18,
大園,2025/05/28 00:00:00,NO,1.7,0.5,0.6,0.6,0.8,1.1,1.4,2,2.5,2.8,2.3,2,1.8,1.7,1.3,1.1,1.1,1.3,3,2.1,1.2,0.8,0.7,0.9,
大園,2025/05/28 00:00:00,NO2,22.7,7.6,4.9,3.8,6.9,7.6,9.5,11.5,11.5,10.5,10.3,9.5,9.9,11.4,6.4,5.1,8.3,17,31.9,21.4,15.8,14.2,12.4,6.9,
大園,2025/05/28 00:00:00,NOx,24.4,8.1,5.6,4.5,7.7,8.7,10.9,13.5,14.1,13.4,12.7,11.6,11.7,13.2,7.7,6.3,9.5,18.4,35,23.6,17.1,15.1,13.2,7.8,
大園,2025/05/28 00:00:00,O3,30.2,40.8,44.6,45.5,41.9,42.6,39.8,37.9,38.1,41,43,45.6,41.4,37.8,41.7,45.8,41.1,36.8,18.1,28.2,34.6,39.7,35.6,42.8,
大園,2025/05/28 00:00:00,PM10,24,6,7,12,8,9,7,9,14,20,13,11,7,7,4,8,14,17,15,18,11,15,15,15,
大園,2025/05/28 00:00:00,PM2.5,6,7,6,5,3,6,4,4,3,1,3,5,2,5,x,4,5,3,8,11,6,3,10,9,
大園,2025/05/28 00:00:00,RAINFALL,0,0,0,0,0,0,0,0,0,0,0,0,0,1.5,0,0.5,0,0,0.5,0,0,0,5.5,2,
大園,2025/05/28 00:00:00,RH,80,83,84,83,81,81,79,77,74,67,63,62,66,73,78,71,69,66,76,79,82,83,86,89,
大園,2025/05/28 00:00:00,SO2,0.5,1.1,1,1,1.4,1.4,1.1,0.9,1.1,1.3,1.7,1.9,1.3,1.1,1.1,1.1,1.1,1.2,1.2,1.2,1.1,1.2,1.2,1.2,
大園,2025/05/28 00:00:00,WD_HR,66,98,112,100,83,98,103,104,110,116,120,130,129,210,182,207,175,279,14,7,8,344,301,290,
大園,2025/05/28 00:00:00,WIND_DIREC,71,111,118,32,105,101,96,101,108,119,116,124,152,252,188,168,192,4,10,17,16,284,317,285,
大園,2025/05/28 00:00:00,WIND_SPEED,1.6,3.7,3.5,1.4,2.7,3.8,3.8,4.8,4.1,4,3.9,2,1.8,2,1.2,0.4,0.7,1,2.1,2.3,1.6,1.8,1.5,1.2,
大園,2025/05/28 00:00:00,WS_HR,1.7,3,3.5,1.9,1.7,3,3.5,4.4,3.8,4.5,3.9,2.4,1.7,1.2,1.2,0.6,0.7,0,1.5,1.6,1.3,1,1.1,1,
大園,2025/05/29 00:00:00,AMB_TEMP,22.9,22.9,22.6,22.3,22.4,22.4,22.5,22.8,23.4,23.5,23,22.5,22.2,21.9,21.9,22.1,21.8,21.9,21.7,21.6,21.7,21.8,22,21.7,
大園,2025/05/29 00:00:00,CO,0.19,0.19,0.18,0.2,0.22,0.22,0.22,0.29,0.25,0.14,0.13,0.13,0.13,0.15,0.18,0.22,0.21,0.24,0.22,0.37,0.41,0.39,0.32,0.39,
大園,2025/05/29 00:00:00,NO,0.9,0.8,0.3,0,0,0.5,0.3,1,1.3,1.3,1.1,0.8,0.8,1.3,1.2,1.3,1.8,1.2,0.7,0.6,3.9,0.7,1.6,0.6,
大園,2025/05/29 00:00:00,NO2,8.9,8,6.3,6.1,6.4,7,9.9,12.7,12.4,8.7,6.8,6.3,8,12.4,16.5,22.5,24.9,18.5,26.7,24.7,37.1,27.1,33,19.5,
大園,2025/05/29 00:00:00,NOx,9.9,8.8,6.7,6.2,6.4,7.6,10.2,13.7,13.7,10.1,7.9,7.1,8.8,13.8,17.7,23.9,26.7,19.7,27.4,25.3,41,27.8,34.6,20.2,
大園,2025/05/29 00:00:00,O3,34.9,31.3,33.4,35.1,31.8,27.6,25.2,24.5,29.8,43.9,48.1,49.9,49.2,49.1,46.3,42.4,36.6,43.4,33,24.9,13.5,21.6,18.8,27.4,
大園,2025/05/29 00:00:00,PM10,24,15,12,18,10,8,10,9,8,16,14,11,15,11,16,15,10,10,11,19,18,19,17,21,
大園,2025/05/29 00:00:00,PM2.5,5,2,6,7,8,3,2,2,4,2,1,4,4,5,4,3,5,3,5,5,7,6,7,6,
大園,2025/05/29 00:00:00,RAINFALL,0.5,3.5,4,1,1.5,0.5,0.5,1.5,3,2,5.5,3.5,4,9.5,1.5,1,0,0,0,0,0,0,0,0,
大園,2025/05/29 00:00:00,RH,89,89,90,91,91,91,91,91,91,91,90,91,90,90,90,89,88,87,88,88,88,87,87,88,
大園,2025/05/29 00:00:00,SO2,1.9,1.1,1,1,0.8,0.8,0.9,0.9,0.8,0.7,0.8,0.7,0.8,1,1.3,1.4,1.3,1.4,1.3,1.3,1.8,2.1,2.2,1.7,
大園,2025/05/29 00:00:00,WD_HR,288,195,187,215,221,221,222,249,301,27,27,29,34,50,58,63,67,67,82,106,100,100,98,127,
大園,2025/05/29 00:00:00,WIND_DIREC,316,242,205,221,220,221,230,256,12,27,29,28,32,61,58,57,69,62,110,106,112,99,112,133,
大園,2025/05/29 00:00:00,WIND_SPEED,0.9,1.6,1.4,1.6,1.7,3,2.6,2.1,3.1,5,6.4,6.1,5.6,3.2,3.5,2.8,2.5,3.1,2.7,1.5,1.9,2.5,1.7,1.7,
大園,2025/05/29 00:00:00,WS_HR,0.5,0.7,1,1.6,1.7,2.4,2.7,1.7,1,4.7,5.6,5.9,5,3.9,3.4,2.5,2.7,3.1,2.7,1.7,2.1,2.2,1.7,1.7,
大園,2025/05/30 00:00:00,AMB_TEMP,21.5,21.7,21.8,21.8,21.4,21.4,22.1,23.8,24.9,25.4,25.9,26,26.2,26.1,25.9,25.6,25.7,25.3,24.3,23.7,23.5,23.8,23.7,23.6,
大園,2025/05/30 00:00:00,CO,0.33,0.26,0.22,0.23,0.17,0.18,0.21,0.19,0.17,0.17,0.17,0.13,0.13,0.13,0.14,0.14,0.15,0.18,0.2,0.23,0.25,0.23,0.23,0.26,
大園,2025/05/30 00:00:00,NO,0.4,1.2,0.8,1.2,1.2,1.3,1.2,3.1,2.2,2.4,2.2,2.1,1.6,1.2,1.9,2.3,1.9,2.2,1.8,2.2,0.7,1,1,0.6,
大園,2025/05/30 00:00:00,NO2,18.7,12.7,13.4,13.2,8.1,8.8,13.6,13.2,10.6,10.7,8.7,6.1,4.3,4,5.5,6.5,8.5,11.3,12.8,16.1,17.8,9.7,8.3,6.9,
大園,2025/05/30 00:00:00,NOx,19.1,13.9,14.3,14.4,9.4,10.1,14.8,16.4,12.9,13.1,10.9,8.3,6,5.3,7.5,8.8,10.5,13.6,14.6,18.4,18.6,10.8,9.3,7.6,
大園,2025/05/30 00:00:00,O3,28.8,32.5,31.9,30.5,39.9,39.9,36.4,41.7,49.1,49.6,52,52.2,53.3,53.3,51.4,50.2,50,48.8,48.7,51.2,52.3,61.3,61.6,59.6,
大園,2025/05/30 00:00:00,PM10,15,28,22,24,21,22,24,24,28,29,27,29,30,31,29,30,33,35,35,40,32,33,37,31,
大園,2025/05/30 00:00:00,PM2.5,5,4,4,4,8,9,10,9,12,9,11,17,21,19,19,24,34,21,17,17,20,17,13,17,
大園,2025/05/30 00:00:00,RAINFALL,0,0,0,0,0,0,0,0,0,0,0,0,0,0,0,0,0,0,0,0,0,0,0,0,
大園,2025/05/30 00:00:00,RH,88,88,88,88,88,88,86,82,73,66,63,61,59,57,56,56,56,52,55,56,57,56,57,58,
大園,2025/05/30 00:00:00,SO2,1.3,1,0.8,0.9,0.8,0.7,0.9,0.9,0.9,0.9,1.1,0.9,0.9,0.9,1.1,1.3,1.9,1.8,2.1,1.6,1.4,1.3,1.3,1,
大園,2025/05/30 00:00:00,WD_HR,128,112,104,101,120,105,89,81,70,69,43,33,33,32,33,36,42,64,58,59,53,73,92,111,
大園,2025/05/30 00:00:00,WIND_DIREC,120,95,105,112,116,85,88,72,54,60,33,29,35,32,39,36,64,59,50,59,64,85,104,108,
大園,2025/05/30 00:00:00,WIND_SPEED,1.5,2.8,1.8,1.9,1.9,2.2,3.1,3.5,3.3,2.9,6.5,7.6,6.5,6.6,6.6,7.4,4.6,4,3.5,2.9,2.9,3.5,2.8,3.2,
大園,2025/05/30 00:00:00,WS_HR,1.7,1.9,1.7,1.6,2,2.3,2.8,3,3.3,3,4.3,6.7,6.7,6.7,7.1,7,5.7,4.5,3.8,3.1,2.5,3,3.2,2.8,
大園,2025/05/31 00:00:00,AMB_TEMP,23.6,23.6,23.5,23.3,23.4,23.4,24.5,26.2,28.1,29.1,30.4,31.6,31.1,30,29.2,28.3,28.4,28.2,27.7,27.5,27.3,27.1,26.7,26.4,
大園,2025/05/31 00:00:00,CO,0.34,0.22,0.24,0.22,0.23,0.27,0.26,0.26,0.26,0.23,0.22,0.21,0.26,0.24,0.25,0.22,0.22,0.27,0.31,0.27,0.24,0.28,0.31,0.29,
大園,2025/05/31 00:00:00,NO,0.6,0,0.2,0,0,0.2,0.7,0.9,0.9,0.3,0,0,0.2,0,0,0,0,0,0.2,0,0,0.3,0.1,0.3,
大園,2025/05/31 00:00:00,NO2,6.9,7.4,8.6,7.7,10.2,17.1,14.5,12.3,11.8,9.1,7.3,5.3,7.4,7.2,6.9,6.4,8.2,9.3,9.3,9,8.3,14.1,15.5,20.3,
大園,2025/05/31 00:00:00,NOx,7.6,7.2,8.9,7.6,10,17.3,15.3,13.2,12.7,9.5,7.3,5.3,7.6,7,6.8,6.5,8,9,9.5,8.8,8.2,14.4,15.7,20.7,
大園,2025/05/31 00:00:00,O3,60.7,59.1,54.3,55.8,51.3,44.1,49.6,53.6,55.6,58.1,61.7,60.4,73.5,78.9,78.9,74,69.3,66.8,65.6,58.9,55.1,49.3,40.4,38.6,
大園,2025/05/31 00:00:00,PM10,24,28,34,30,31,31,37,33,25,27,26,17,30,25,34,30,30,33,32,33,31,36,35,32,
大園,2025/05/31 00:00:00,PM2.5,17,17,17,16,20,17,20,20,18,13,14,13,16,17,17,14,15,18,7,13,17,22,20,14,
大園,2025/05/31 00:00:00,RAINFALL,0,0,0,0,0,0,0,0,0,0,0,0,0,0,0,0,0,0,0,0,0,0,0,0,
大園,2025/05/31 00:00:00,RH,59,60,61,62,62,63,61,58,53,51,48,46,48,51,54,58,58,58,59,62,66,68,72,77,
大園,2025/05/31 00:00:00,SO2,1,0.9,1,1.1,1.1,1.5,1.4,1.6,1.5,1.6,1.2,1,1.7,1.3,1.4,1.3,1.5,1.6,1.4,1.4,1.4,3.8,2.9,1.8,
大園,2025/05/31 00:00:00,WD_HR,120,142,154,155,139,140,128,126,119,134,149,218,317,317,343,1,15,355,0,352,255,287,80,70,
大園,2025/05/31 00:00:00,WIND_DIREC,122,149,155,158,138,115,132,131,124,160,148,225,321,318,354,356,353,359,359,260,282,294,37,81,
大園,2025/05/31 00:00:00,WIND_SPEED,3.3,2,1.7,1.4,1.9,2.1,1.7,2.2,2.1,2.5,1.5,1.8,4.1,3.9,3.4,2.6,1.7,2.9,1.8,0.6,1.8,1,0.5,0.6,
大園,2025/05/31 00:00:00,WS_HR,2.7,2.2,2.1,1.6,1.9,1.8,1.7,1.9,1.9,1.8,0.8,1.2,2.7,3.4,2.7,2.3,1.7,2,1.7,0.8,1.1,0.9,0.2,0.4,
大園,2025/06/01 00:00:00,AMB_TEMP,26.3,26.2,25.8,25.6,25.5,25.5,25.7,26.7,28.1,30.1,30.7,30.9,31.7,30.7,29.8,29.9,29.7,29.3,28.8,28.5,28.3,28.2,27.8,26.9,
大園,2025/06/01 00:00:00,CO,0.4,0.42,0.42,0.43,0.42,0.34,0.32,0.31,0.29,0.23,0.3,0.31,0.24,0.21,0.21,0.22,0.19,0.18,0.17,0.2,0.22,0.21,0.22,0.21,
大園,2025/06/01 00:00:00,NO,8.3,1,0.6,0.5,0.5,0.6,0.8,0.9,1.6,1.1,1,1.1,0.7,0.8,0.5,0.9,0.5,0.2,0.4,0.5,0.4,0.1,0.2,0.5,
大園,2025/06/01 00:00:00,NO2,44,20.3,12.4,11.8,11.7,13.5,9.1,7.6,7.5,7.1,7.1,8.6,6.6,4.6,3.8,5.4,3.8,3.1,3.3,3.5,4.4,4,4.3,3.8,
大園,2025/06/01 00:00:00,NOx,52.4,21.3,13,12.4,12.2,14.2,9.9,8.5,9.2,8.2,8.2,9.7,7.4,5.4,4.4,6.3,4.3,3.4,3.7,4,4.8,4.2,4.5,4.3,
大園,2025/06/01 00:00:00,O3,2.5,16.1,20.2,16.4,13.9,18.5,23,25.8,37.4,45.9,58,64.3,55.4,52.6,55.1,54.8,52.5,48.2,44.6,44.2,50.8,56.3,52,44.9,
大園,2025/06/01 00:00:00,PM10,43,36,43,41,37,41,42,44,40,28,34,38,19,24,27,27,16,21,19,21,26,34,32,27,
大園,2025/06/01 00:00:00,PM2.5,22,15,27,23,25,19,22,21,25,18,21,21,9,7,10,16,12,10,9,9,10,15,12,19,
大園,2025/06/01 00:00:00,RAINFALL,0,0,0,0,0,0,0,0,0,0,0,0,0,0,0,0,0,0,0,0,0,0,0,0.5,
大園,2025/06/01 00:00:00,RH,75,74,75,79,82,83,85,84,80,67,57,54,49,50,58,59,59,62,65,68,72,77,81,87,
大園,2025/06/01 00:00:00,SO2,1.8,1.3,1.8,1.5,1,0.9,0.7,1,1.1,1,1.7,2.5,2.7,1.5,1.2,1.8,1.4,1.1,0.9,0.7,1,1.2,1.1,0.3,
大園,2025/06/01 00:00:00,WD_HR,116,158,169,196,197,200,194,201,239,259,309,334,317,323,319,319,248,245,225,242,238,262,199,225,
大園,2025/06/01 00:00:00,WIND_DIREC,158,161,176,210,184,209,198,232,269,231,329,331,324,327,316,293,240,233,236,249,251,264,212,204,
大園,2025/06/01 00:00:00,WIND_SPEED,0.8,2.3,1.3,0.9,1.2,1.2,1.4,1.2,1.4,1.3,2.8,2.7,3.3,3.9,2.3,2.5,2.5,1.6,1.6,2.4,2.1,1.8,1.4,1.5,
大園,2025/06/01 00:00:00,WS_HR,0.4,0.8,1.4,0.9,1,1.1,1.3,1.2,1.1,0.9,1.6,2.3,2.2,3.3,2.4,2.4,2.4,1.6,1.7,1.8,1.9,2,1.1,1.3,
大園,2025/06/02 00:00:00,AMB_TEMP,27.1,27,26.9,26.9,27.2,27.5,27.6,28.8,30,30.9,30.9,31.3,31.5,31.8,31.3,31,30.7,29.9,29.2,29.3,29.7,29.5,29.2,28.6,
大園,2025/06/02 00:00:00,CO,0.21,0.23,0.26,0.27,0.19,0.1,0.11,0.17,0.18,0.13,0.16,0.17,0.12,0.11,0.11,0.12,0.14,0.14,0.14,0.13,0.15,0.16,0.14,0.14,
大園,2025/06/02 00:00:00,NO,0.5,0.5,0.4,0.1,0.1,0.4,0.4,1,1.8,0.9,0.9,0.5,0.8,0.6,1,0.6,1.1,0.8,0.5,0,0.3,0.6,0.2,0.2,
大園,2025/06/02 00:00:00,NO2,3.9,4.7,6.6,10.7,7.6,4,3.3,4.7,5.2,4.1,4.5,4.4,3.6,2.9,2.8,3.2,3.6,3.4,4.3,4.5,5.1,5.9,5,5,
大園,2025/06/02 00:00:00,NOx,4.4,5.3,7,10.8,7.7,4.5,3.7,5.7,7,5.1,5.4,4.9,4.4,3.5,3.9,3.9,4.8,4.2,4.9,4.5,5.5,6.5,5.3,5.3,
大園,2025/06/02 00:00:00,O3,41.2,33.9,29.7,21.4,19.8,19.9,23.2,21.4,24.4,29.1,38.8,41,29.2,26.9,26.6,26.7,28.5,27.1,26.8,23.9,20.7,18.9,18.7,18.5,
大園,2025/06/02 00:00:00,PM10,33,23,27,32,21,10,8,14,18,17,27,37,24,23,22,25,28,25,21,23,25,20,19,19,
大園,2025/06/02 00:00:00,PM2.5,19,19,19,18,10,6,6,4,2,1,6,15,8,5,8,9,10,9,6,6,8,11,9,5,
大園,2025/06/02 00:00:00,RAINFALL,0,0,0,0,0,0,0,0,0,0,0,0,0,0,0,0,0,0,0,0,0,0,0,0,
大園,2025/06/02 00:00:00,RH,88,88,88,88,87,86,85,82,79,76,75,72,68,65,67,68,69,73,80,80,78,78,79,81,
大園,2025/06/02 00:00:00,SO2,0.3,0.4,0.6,0.4,0.4,0.4,0.4,0.5,0.7,0.5,0.5,0.6,0.4,0.1,0.2,0.1,0.2,0.1,0.1,0.1,0,0,0,0,
大園,2025/06/02 00:00:00,WD_HR,239,188,149,168,211,225,233,229,232,240,250,252,248,253,250,247,245,240,235,226,228,225,243,243,
大園,2025/06/02 00:00:00,WIND_DIREC,244,188,140,173,216,234,237,229,231,250,249,251,250,256,251,242,243,241,230,226,229,218,247,242,
大園,2025/06/02 00:00:00,WIND_SPEED,1,0.9,0.7,1.3,3,5.6,4.3,5.3,6.3,5.7,6.8,9.2,7.4,6.8,7.9,7.8,7.7,5.1,5.8,6.4,4.7,3.6,5.1,4.6,
大園,2025/06/02 00:00:00,WS_HR,0.6,0.7,0.8,0.8,1.8,4.5,4.2,4.8,5.5,5.8,6.2,7.8,6.9,6.8,7.4,7.2,6.4,5.9,5.5,6,5,3.8,4.3,4.5,
大園,2025/06/03 00:00:00,AMB_TEMP,28.4,28.5,28.6,28.3,28.4,28.4,28.8,29.6,30,29.4,26.8,25.7,24.4,24,23.7,23.4,23.5,23.5,23.3,23.2,23.4,23.6,23.7,23.9,
大園,2025/06/03 00:00:00,CO,0.13,0.12,0.11,0.11,0.1,0.11,0.13,0.14,0.14,0.16,0.18,0.26,0.23,0.21,0.2,0.19,0.2,0.22,0.23,0.26,0.26,0.25,0.28,0.24,
大園,2025/06/03 00:00:00,NO,0.1,1.6,0.9,0.8,0.4,1.1,1.3,1.6,1.8,1.5,1.3,2.5,1.9,1.8,1.7,1.7,1.7,1.3,1.3,1.4,1.3,0.9,1,1,
大園,2025/06/03 00:00:00,NO2,5.4,3,2.9,2.8,2.9,3.4,3.8,4,4.4,6.6,9.1,10.8,9.3,7.6,7.5,8,11,14.7,13,19.1,19.4,17.9,21.8,16.2,
大園,2025/06/03 00:00:00,NOx,5.5,4.6,3.8,3.7,3.3,4.5,5.1,5.7,6.2,8.1,10.5,13.4,11.2,9.4,9.2,9.8,12.7,16.1,14.4,20.5,20.7,18.8,22.8,17.2,
大園,2025/06/03 00:00:00,O3,18.1,18.9,18.6,19.2,20.1,18.8,18.7,19,21.3,19.4,15.9,26.6,38.2,41.5,44.6,46.1,45.5,43.8,42.3,31,32.9,33.5,27.9,32.6,
大園,2025/06/03 00:00:00,PM10,17,18,19,14,20,15,25,16,19,26,16,21,16,19,18,16,12,14,13,9,15,15,13,13,
大園,2025/06/03 00:00:00,PM2.5,2,2,6,4,5,6,7,4,8,7,4,0,0,0,3,3,3,5,3,1,4,8,4,2,
大園,2025/06/03 00:00:00,RAINFALL,0,0,0,0,0,0,0,0,0,0.5,5,2.5,5,0.5,1,0,0,0,0,0,0,0,0,0,
大園,2025/06/03 00:00:00,RH,82,81,80,81,81,81,81,79,78,79,86,88,90,90,89,89,88,88,88,88,87,85,85,85,
大園,2025/06/03 00:00:00,SO2,0,0.4,0.3,0.2,0.5,0.5,0.6,0.5,0.7,0.4,0.2,0.5,0.2,0.1,0.2,0.2,0.4,1.1,0.9,0.4,0.8,0.9,0.9,0.8,
大園,2025/06/03 00:00:00,WD_HR,236,232,234,231,233,222,223,215,240,265,258,355,31,32,32,34,39,42,62,52,46,80,72,65,
大園,2025/06/03 00:00:00,WIND_DIREC,231,234,241,229,227,221,228,211,259,231,341,4,32,33,31,34,39,51,69,29,32,90,85,21,
大園,2025/06/03 00:00:00,WIND_SPEED,5.3,3.6,5.5,5.8,5.3,4.3,3,3.6,2.3,4,3.1,2.8,6.7,5.4,6.7,4.5,4.6,3.8,2.5,2.7,4.2,1.8,1.7,1.8,
大園,2025/06/03 00:00:00,WS_HR,4.7,4.2,4.7,5.6,5.1,4.1,2.9,3.3,2.7,2.2,0.8,3.2,4.8,5.9,5.9,5.5,4.7,4.1,3,1.8,2.4,1.5,1.7,1.7,
大園,2025/06/04 00:00:00,AMB_TEMP,23.6,23.5,23.7,23.4,23.4,23.2,22.9,23.2,23.2,23.2,23.1,23.8,23.6,23.7,24.3,23.7,23.5,23.8,24.2,24.5,24.5,24.5,24.2,24.2,
大園,2025/06/04 00:00:00,CO,0.24,0.21,0.23,0.18,0.17,0.19,0.22,0.26,0.25,0.33,0.29,0.29,0.23,0.21,0.21,0.21,0.25,0.29,0.28,0.28,0.3,0.23,0.23,0.23,
大園,2025/06/04 00:00:00,NO,1.1,0.7,0.6,0.7,1.1,0.9,1.2,2.6,3.1,5.6,4.5,4.5,4.4,3,2.5,2.4,3.2,3.6,2,1.1,1.2,0.7,0.9,1,
大園,2025/06/04 00:00:00,NO2,15.1,11.8,14.7,8.4,7.4,8.8,11.4,22.5,19.1,28.4,18.2,21.1,20.8,12.5,13.1,14.5,21.7,21.2,14.6,14.6,20.2,10.5,8.9,8.7,
大園,2025/06/04 00:00:00,NOx,16.2,12.5,15.3,9.1,8.5,9.7,12.6,25.1,22.2,34.1,22.7,25.7,25.3,15.5,15.6,17,24.9,24.8,16.6,15.7,21.4,11.3,9.8,9.8,
大園,2025/06/04 00:00:00,O3,32.6,29.9,29.3,42.2,44.4,40,36.6,28.9,31.6,23.4,34.2,30.3,30.1,39.2,38.1,34.7,27.4,24.3,33.3,33.1,28.9,37.4,42.8,42.6,
大園,2025/06/04 00:00:00,PM10,10,17,21,11,11,9,5,9,12,16,5,9,10,13,22,16,17,16,9,16,26,24,22,20,
大園,2025/06/04 00:00:00,PM2.5,2,4,5,4,2,3,3,5,5,4,5,3,3,4,5,3,5,6,11,11,14,15,11,8,
大園,2025/06/04 00:00:00,RAINFALL,0,0,0,0,0.5,2.5,1.5,0,2.5,2.5,0.5,0.5,1.5,0.5,0,1,0,0.5,0,0,0,0,0,0.5,
大園,2025/06/04 00:00:00,RH,86,87,87,88,88,88,89,89,89,90,89,88,89,89,88,89,89,88,87,85,85,85,85,84,
大園,2025/06/04 00:00:00,SO2,0.9,0.6,0.9,0.8,0.4,0.4,0.4,0.5,0.5,0.7,0.7,1.1,1,1.1,1.7,0.9,0.6,0.6,0.7,0.4,0.6,0.4,0.7,0.8,
大園,2025/06/04 00:00:00,WD_HR,54,63,66,41,62,77,72,69,54,59,69,62,32,36,35,32,47,55,68,69,68,72,76,95,
大園,2025/06/04 00:00:00,WIND_DIREC,61,71,63,54,64,74,72,64,61,72,72,59,33,33,32,31,54,60,60,68,65,72,69,94,
大園,2025/06/04 00:00:00,WIND_SPEED,1.7,0.6,2.1,2.5,2.2,2.8,3.2,3.1,2.4,2.4,3.2,2.8,4.1,5.7,4.1,4,3,2.4,2.8,2.8,2.9,3.3,1.9,1.7,
大園,2025/06/04 00:00:00,WS_HR,1.8,1.1,0.7,2.5,1.9,2.5,2.6,2.7,2.6,1.9,3.1,2.6,3.1,4.5,3.9,3.9,3.1,2.5,3.1,3.1,2.7,3.2,2.4,2.2,
大園,2025/06/05 00:00:00,AMB_TEMP,24.7,25,25.1,24.2,23.7,24.3,24.9,24.2,23.9,24.5,26,27.1,27.7,27.2,26,25.9,25.4,25.6,25.1,25.1,25.2,25.1,25,25,
大園,2025/06/05 00:00:00,CO,0.19,0.18,0.17,0.18,0.19,0.19,0.25,0.28,0.3,0.27,0.25,0.32,0.36,#,0.57,#,0.42,0.3,0.32,0.55,0.42,0.33,0.31,0.29,
大園,2025/06/05 00:00:00,NO,1.1,0.2,0.3,0.4,0.5,0.4,2.3,2.4,2.8,4.6,4.1,3.5,2.4,#,2.1,#,1.9,1.4,0.9,0.6,0.5,0.4,0,0.6,
大園,2025/06/05 00:00:00,NO2,7.2,6.2,4.7,6.4,8.5,11,24.6,21.2,20.7,20.6,18.4,12,12,#,19.7,#,18.1,15.8,12.9,16.6,15.5,13.2,12.7,12.4,
大園,2025/06/05 00:00:00,NOx,8.4,6.5,5.1,6.8,9.1,11.5,26.9,23.7,23.5,25.2,22.5,15.6,14.5,#,21.9,#,20,17.2,13.8,17.3,16,13.6,12.7,13,
大園,2025/06/05 00:00:00,O3,44.3,45.7,46.8,43.5,42.6,39.2,30,28.4,29.8,31.3,33.4,39,38.9,35.9,#,21.3,22.2,24.5,25.1,20.4,24.1,24.9,24.7,23.4,
大園,2025/06/05 00:00:00,PM10,16,19,16,19,24,25,24,18,17,20,21,22,26,26,#,25,18,20,16,21,15,20,20,16,
大園,2025/06/05 00:00:00,PM2.5,8,9,10,7,14,10,7,5,6,9,10,8,9,#,9,8,8,7,8,10,7,4,5,7,
大園,2025/06/05 00:00:00,RAINFALL,0,0,0,1,0,0,0,2.5,0.5,0,0,0,0,#,0.5,0,0,0,0,0,0,0,0,0,
大園,2025/06/05 00:00:00,RH,82,81,81,82,86,84,84,86,89,88,83,81,80,78,81,83,85,85,86,86,86,86,86,86,
大園,2025/06/05 00:00:00,SO2,0.3,0.4,0.4,0.5,0.5,0.5,1,0.8,0.4,0.5,0.6,0.8,1.4,#,1.1,#,1.6,1.5,1.3,1.9,1.6,1.1,1.2,1.2,
大園,2025/06/05 00:00:00,WD_HR,115,105,116,116,89,96,59,121,106,102,98,118,126,126,128,119,129,124,129,135,147,158,157,163,
大園,2025/06/05 00:00:00,WIND_DIREC,113,117,114,102,102,79,67,116,100,102,106,124,116,128,114,116,136,125,132,138,144,167,158,165,
大園,2025/06/05 00:00:00,WIND_SPEED,2.6,2.9,2.4,2.4,2.4,1.4,1.1,2.1,2.7,3.7,3.6,2.6,3.4,1.9,2.6,2.4,2.3,2.7,2.5,2.5,2.4,2.8,2.4,2.8,
大園,2025/06/05 00:00:00,WS_HR,2.6,2.6,2.5,2,2.1,2.3,1.3,1.4,2.5,3.1,3.2,3.1,3,2.6,2.3,2.7,2.3,2.2,2.4,2.4,2.5,2.2,2.6,2.7,
大園,2025/06/06 00:00:00,AMB_TEMP,24.8,24.7,24.9,24.6,24.4,24.6,24.9,25.3,26,27.8,28.4,29,29.4,29,28.4,29,28.4,27.8,28.1,27.7,27.6,27.8,27.5,27.5,
大園,2025/06/06 00:00:00,CO,0.31,0.36,0.37,0.3,0.28,0.34,0.38,0.37,0.31,0.23,0.28,0.26,0.26,0.21,0.21,0.21,0.2,0.21,0.21,0.23,0.3,0.45,0.47,0.47,
大園,2025/06/06 00:00:00,NO,0.2,0.1,0.4,0.4,0.6,1.2,3.7,9,5.5,2.5,2.7,2,1.6,0.7,1.2,1.5,1.6,1.5,1,1.3,2.8,2.9,1.8,2.9,
大園,2025/06/06 00:00:00,NO2,14,16.2,17.4,14.7,13.4,17.5,15.6,14.2,11.4,7.3,11.3,10.5,9.3,6.3,6.7,8.5,8.4,7.7,10.8,21.9,31,30.9,29.7,30.6,
大園,2025/06/06 00:00:00,NOx,14.3,16.3,17.8,15.2,14,18.7,19.3,23.3,16.9,9.8,14,12.6,11,7.1,8,10.1,10,9.2,11.8,23.2,33.9,33.8,31.5,33.5,
大園,2025/06/06 00:00:00,O3,17.9,14.6,13.1,15.3,12.4,5.4,3.7,5,13.3,25.9,29.6,42.1,49.8,51.2,52.3,46.7,40.3,36,31.2,21.6,12.7,8.4,6.2,5.1,
大園,2025/06/06 00:00:00,PM10,35,20,13,22,26,20,17,18,13,11,20,16,21,21,21,25,24,18,18,21,28,28,30,26,
大園,2025/06/06 00:00:00,PM2.5,11,7,13,8,6,10,10,8,8,6,7,11,9,9,12,10,9,7,9,11,13,10,11,11,
大園,2025/06/06 00:00:00,RAINFALL,0,0,0,0,0,0,1.5,0,1.5,0,0,0,0,0,0,0,0,0,0,0,0,0,0,0,
大園,2025/06/06 00:00:00,RH,86,87,87,88,89,89,89,91,91,89,86,85,84,83,84,83,83,84,83,84,85,85,86,87,
大園,2025/06/06 00:00:00,SO2,1.2,0.8,0.7,1.1,0.5,1.1,0.6,0.1,0,0.1,0.9,0.9,1.2,0.6,0.6,1.4,0.7,0.1,0.4,0.7,1.6,1.4,1.1,0.7,
大園,2025/06/06 00:00:00,WD_HR,156,153,157,159,146,164,199,149,183,232,317,309,316,317,315,335,2,0,10,16,49,102,149,28,
大園,2025/06/06 00:00:00,WIND_DIREC,149,157,161,151,146,175,197,135,168,288,311,309,326,318,326,310,9,348,12,18,298,98,120,4,
大園,2025/06/06 00:00:00,WIND_SPEED,2,1.8,2.3,1.6,1.4,1.3,0.6,0.7,1.2,1.6,2.7,2.7,3.3,3.1,1.6,1.3,2.9,1.5,1.5,1.3,1.9,0.3,0.9,0.8,
大園,2025/06/06 00:00:00,WS_HR,2.3,1.8,2,2.2,1.3,1.5,1,0.7,0.6,0.7,2,2.3,3,3,2.4,1.3,2.1,2.1,0.9,1.1,0.3,0.5,0.7,0.5,
大園,2025/06/07 00:00:00,AMB_TEMP,27.3,27.2,26.9,26.5,26.3,26.5,27.2,29,30.2,30.9,31.7,31.5,31.6,30.7,31.1,30.1,29.5,29.5,28.8,28.3,27.9,27.5,27.5,27.6,
大園,2025/06/07 00:00:00,CO,0.44,0.58,0.53,0.45,0.45,0.44,0.38,0.28,0.3,0.27,0.2,0.17,0.17,0.17,0.16,0.18,0.17,0.14,0.23,0.34,0.37,0.35,0.35,0.35,
大園,2025/06/07 00:00:00,NO,1.5,2.5,1.9,1.1,1,2.4,5.8,4.1,2.9,2.2,1.4,0.6,0.6,1.1,1.3,0.7,0.6,0,0.1,0.4,0.7,0.7,0.4,0.4,
大園,2025/06/07 00:00:00,NO2,26.5,26.7,25.5,25.2,22.4,21,15,10.4,8.4,7.5,4.6,3.9,5,6.6,5.9,5.9,7.2,3.6,8.6,15.3,14.4,13.1,13,12.9,
大園,2025/06/07 00:00:00,NOx,28,29.3,27.4,26.4,23.5,23.4,20.9,14.5,11.3,9.7,6,4.5,5.7,7.8,7.2,6.6,7.8,3.7,8.7,15.7,15.1,13.9,13.5,13.3,
大園,2025/06/07 00:00:00,O3,6.7,2.2,2.9,3.1,2.6,2.7,7,16.8,23,30.6,40.2,45.2,44.9,43.2,47.5,49.4,39.5,32.1,30.3,26.7,24.2,22.9,19.6,17.5,
大園,2025/06/07 00:00:00,PM10,32,33,36,38,45,32,34,28,25,27,21,25,23,22,23,25,24,11,15,21,22,21,21,24,
大園,2025/06/07 00:00:00,PM2.5,13,15,16,26,21,19,14,8,10,10,8,5,9,6,4,10,11,6,7,12,10,14,18,15,
大園,2025/06/07 00:00:00,RAINFALL,0,0,0,0,0,0,0,0,0,0,0,0,0,0,0,0,0,0,0,0,0,0,0,0,
大園,2025/06/07 00:00:00,RH,87,88,88,89,90,90,89,85,81,79,75,74,72,75,71,75,80,79,82,85,86,87,87,86,
大園,2025/06/07 00:00:00,SO2,0.5,1.1,1,1.6,1.3,0.9,0.9,1.2,1.3,1.1,0.7,0.5,1.2,1.6,1.3,1,1.1,0,0.1,0.1,0,0.2,0.4,0.3,
大園,2025/06/07 00:00:00,WD_HR,172,246,239,232,167,181,185,223,236,242,255,258,283,301,267,283,266,212,168,149,147,149,162,188,
大園,2025/06/07 00:00:00,WIND_DIREC,225,264,231,221,137,195,193,229,227,240,254,260,296,303,259,269,226,202,137,148,149,150,192,187,
大園,2025/06/07 00:00:00,WIND_SPEED,0.8,1.1,1.5,1.3,0.8,0.8,0.8,1.6,2.8,2.8,3,4.1,3.5,3.8,3.3,1.7,2.2,1.7,1.3,1.9,2,1.5,0.7,1.3,
大園,2025/06/07 00:00:00,WS_HR,0.4,1,1.4,1.2,0.6,0.7,0.9,1.3,2.5,2.2,2.6,3.7,3.1,3.5,2.7,1.9,1.7,1.5,1.3,1.9,1.9,2,1.2,0.8,
大園,2025/06/08 00:00:00,AMB_TEMP,27.5,27.5,27.6,27.4,27.3,27.5,27.9,29.2,29.5,30.2,30.3,30.4,31.3,31.7,31.7,32,31.5,30.3,29.7,29.4,29.2,29.1,28.6,28.1,
大園,2025/06/08 00:00:00,CO,0.4,0.38,0.29,0.28,0.25,0.21,0.19,0.19,0.21,0.18,0.15,0.11,0.1,0.1,0.1,0.1,0.11,0.13,0.14,0.16,0.24,0.3,0.21,0.16,
大園,2025/06/08 00:00:00,NO,0.5,0.6,0.5,0.7,1,0.9,1.8,2.6,2.5,2.4,1.8,1.2,0.9,1.1,1.2,1.1,1.2,1.1,0.3,0.6,0.5,0.9,0.9,0.9,
大園,2025/06/08 00:00:00,NO2,13.6,12.6,11.8,9.8,10.7,9,7.6,6.4,6.4,6.2,4.7,3.9,2.1,1.8,2.2,1.9,2.1,3.5,3.4,4.4,6.7,15.3,11.9,10.7,
大園,2025/06/08 00:00:00,NOx,14.1,13.3,12.4,10.5,11.7,10,9.4,9,8.9,8.7,6.5,5.2,3,2.9,3.4,3,3.4,4.7,3.8,5.1,7.2,16.2,12.8,11.7,
大園,2025/06/08 00:00:00,O3,13,11.2,12.2,10,8.2,8.4,11.2,14.6,17.7,23.7,29.9,31.1,27.1,24.4,23.4,24.8,22.5,24.3,23.4,20.7,15.2,9.6,11.1,14.6,
大園,2025/06/08 00:00:00,PM10,24,26,18,24,21,23,20,20,16,21,21,12,10,8,11,13,9,11,14,14,23,26,18,14,
大園,2025/06/08 00:00:00,PM2.5,18,15,12,10,9,8,11,6,11,11,10,7,5,5,2,2,3,2,2,4,15,8,6,7,
大園,2025/06/08 00:00:00,RAINFALL,0,0,0,0,0,0,0,0,0,0,0,0,0,0,0,0,0,0,0,0,0,0,0,0,
大園,2025/06/08 00:00:00,RH,87,87,86,87,87,86,85,82,81,79,79,78,74,71,68,63,62,70,73,76,79,80,83,85,
大園,2025/06/08 00:00:00,SO2,0.1,0.8,1.4,1.2,1.3,1.2,1.2,1.5,1.7,1.7,1.4,0.8,0.7,0.6,0.5,0.5,0.5,0.5,0.6,0.7,1.1,1.3,1.1,0.8,
大園,2025/06/08 00:00:00,WD_HR,205,228,227,184,182,203,212,216,227,230,253,249,239,243,234,235,240,242,225,218,196,7,79,12,
大園,2025/06/08 00:00:00,WIND_DIREC,216,245,201,184,180,189,220,221,225,225,261,248,247,243,225,221,261,222,210,148,215,352,307,47,
大園,2025/06/08 00:00:00,WIND_SPEED,0.8,1.2,1.3,1,1.1,1.5,3,2.3,3.7,3.4,3.7,3.9,4.7,4,3.1,3.7,2.8,1.8,1.2,1.4,0.6,1.1,0.5,1,
大園,2025/06/08 00:00:00,WS_HR,1,0.9,1,1,1.2,0.9,1.8,2.3,3.1,4,3.9,4,4.1,3.6,3.4,3.3,2.9,2.2,1.4,1.3,1,1.1,0.3,1.3,
大園,2025/06/09 00:00:00,AMB_TEMP,27.9,27.7,27.9,27.6,27.6,27.7,28.4,29.9,31,31.7,31.7,31.4,30.6,29.8,30.1,30.5,31.6,30.2,28.6,28.5,28.8,28.7,28.3,28.1,
大園,2025/06/09 00:00:00,CO,0.14,0.17,0.15,0.15,0.13,0.17,0.27,0.25,0.2,0.19,0.2,0.22,0.17,0.13,0.14,0.14,0.09,0.19,0.23,0.32,0.35,0.36,0.29,0.38,
大園,2025/06/09 00:00:00,NO,1.4,3.1,1.4,1.3,0.9,1.4,4.9,4.7,4.4,3.2,2.8,2.8,2.2,2.7,2.6,3.2,2.6,2.3,1.7,1.4,1.1,1.4,1,1.8,
大園,2025/06/09 00:00:00,NO2,9.8,11.7,9,5.7,5.6,6.7,12.8,9.3,8.6,8.5,8.4,9.5,7.1,7.2,6.3,8.6,4.3,10.8,13.4,16.9,19.6,19.2,15.2,19.2,
大園,2025/06/09 00:00:00,NOx,11.2,14.9,10.4,7.1,6.5,8.1,17.8,14.1,13.1,11.8,11.2,12.3,9.4,10,8.9,11.9,6.9,13.2,15.2,18.3,20.7,20.7,16.3,21.1,
大園,2025/06/09 00:00:00,O3,16.4,13.9,15.3,14.1,12.3,8.9,8,14.3,19,27.1,32.8,35.9,33.5,25.1,26.4,28.1,19.4,20.1,18.7,12.8,10.5,11.8,13.1,6.2,
大園,2025/06/09 00:00:00,PM10,13,14,14,15,16,16,28,32,24,21,27,28,16,17,19,23,0,19,17,18,18,14,16,16,
大園,2025/06/09 00:00:00,PM2.5,5,6,8,4,5,9,14,11,11,9,11,13,10,5,3,5,3,6,6,8,6,5,6,8,
大園,2025/06/09 00:00:00,RAINFALL,0,0,0,0,0,0,0,0,0,0,0,0,0,0,0,0,0,0,0,0,0,0,0,0,
大園,2025/06/09 00:00:00,RH,87,88,88,88,88,88,87,83,79,75,73,75,77,80,80,79,67,74,82,83,83,83,83,85,
大園,2025/06/09 00:00:00,SO2,0.5,0.6,1.1,0.8,0.5,0.4,0.7,0.7,0.8,0.9,2,2.5,1.3,0.8,1.7,0.9,0.4,0.4,0.3,0.2,0.3,0.7,1.2,0.7,
大園,2025/06/09 00:00:00,WD_HR,23,1,252,200,195,175,153,190,243,268,282,314,324,316,326,2,268,146,147,151,149,148,149,131,
大園,2025/06/09 00:00:00,WIND_DIREC,18,1,232,182,182,163,181,200,288,304,297,311,328,303,326,264,254,143,153,173,157,131,157,124,
大園,2025/06/09 00:00:00,WIND_SPEED,1,0.6,1.5,1.2,1.2,1.3,1.6,1.5,2,3.1,3.2,3.9,3.8,2.9,2.3,1.9,1.6,3.8,2.3,1.1,2.1,1.2,1.6,0.8,
大園,2025/06/09 00:00:00,WS_HR,1,0.8,1.2,0.9,1.1,1.3,1.5,1.2,1.4,1.9,2.8,3.5,4,3.5,2.3,1.5,1.3,2.7,2.8,1.4,1.4,1.4,1.4,1.1,
大園,2025/06/10 00:00:00,AMB_TEMP,28,27.5,27.3,27,26.8,26.7,27.8,30.3,30.4,31.2,31.3,31.4,31.3,30.7,30.2,30.1,29.9,29.4,28.7,28.3,28.4,28.4,28.5,28.1,
大園,2025/06/10 00:00:00,CO,0.44,0.48,0.43,0.31,0.24,0.25,0.36,0.34,0.2,0.16,0.18,0.22,0.2,#,#,0.11,0.12,0.15,0.15,0.12,0.14,0.16,0.25,0.14,
大園,2025/06/10 00:00:00,NO,1.6,8,8.6,7.9,3.4,6.8,16,18.1,5.6,2.7,2,1.8,1,1.1,2.4,4.2,2.9,1.5,0.7,0.3,0.5,0.4,0.4,0.4,
大園,2025/06/10 00:00:00,NO2,23.2,24,22.4,18.9,15.7,18,20.9,21.4,10.8,7.6,7,8.5,7.6,5.8,7.6,10.5,7.7,8.6,10,9,11.1,10,10.3,10.8,
大園,2025/06/10 00:00:00,NOx,24.8,32.1,31.1,26.8,19.2,24.8,37,39.5,16.4,10.3,9,10.3,8.7,7,10.1,14.7,10.6,10.1,10.8,9.3,11.6,10.4,10.8,11.2,
大園,2025/06/10 00:00:00,O3,2.3,0.7,0.9,0.4,1.5,1.8,4.1,11.3,20,29.8,39.5,45.6,57.7,39.6,29.4,23.8,29.4,30.3,26.7,24.8,18.9,18.9,17.6,16.8,
大園,2025/06/10 00:00:00,PM10,34,25,31,30,29,25,33,26,26,19,17,22,20,0,#,17,17,21,20,17,23,21,24,23,
大園,2025/06/10 00:00:00,PM2.5,9,10,16,13,13,8,15,10,6,5,9,10,10,#,4,10,9,7,7,6,7,8,13,10,
大園,2025/06/10 00:00:00,RAINFALL,0,0,0,0,0,0,0,0,0,0,0,0,0,0,0,0,0,0,0,0,0,0,0,0,
大園,2025/06/10 00:00:00,RH,85,87,87,87,86,86,85,79,76,73,73,72,72,75,78,79,80,81,84,85,85,86,85,87,
大園,2025/06/10 00:00:00,SO2,0.5,1,1.3,1.3,1.8,1.5,1.9,3.4,1.6,1.2,1.4,2.2,1.7,#,#,1.1,1.5,1.3,2.1,1.4,0.6,0.5,0.6,0.4,
大園,2025/06/10 00:00:00,WD_HR,140,143,133,148,146,146,116,25,20,5,354,346,327,341,316,315,316,320,318,274,246,231,254,242,
大園,2025/06/10 00:00:00,WIND_DIREC,146,145,132,155,139,139,95,32,33,355,354,344,319,349,303,323,319,307,302,318,202,229,262,258,
大園,2025/06/10 00:00:00,WIND_SPEED,1.6,1.5,1.6,1.6,1.4,1.1,1.1,2.2,2.9,3.2,3.7,3.3,3.8,3.6,2.6,2.5,2.8,2,1,1.2,1,1.2,1.7,2,
大園,2025/06/10 00:00:00,WS_HR,0.9,1.3,1.2,1.5,1.5,1.2,0.9,1.4,2.8,3,3.3,3.3,3.3,3.3,2.8,2.4,2.1,1.7,1.4,0.7,0.8,1.1,1.5,1.4,
大園,2025/06/11 00:00:00,AMB_TEMP,27.7,27.7,27.5,27.3,27.3,27.4,28.3,29.5,30.8,31.8,31.7,31.3,31.1,30.7,30.3,29.6,30,30.7,30.1,29.2,29,28.8,28.8,28.8,
大園,2025/06/11 00:00:00,CO,0.09,0.1,0.1,0.1,0.1,0.11,0.12,0.11,0.12,0.16,0.16,0.17,0.15,0.12,0.13,0.12,0.12,0.18,0.2,0.18,0.19,0.2,0.23,0.31,
大園,2025/06/11 00:00:00,NO,0.7,1.2,1.1,1.1,1.3,1.6,2,1.6,2.6,4.3,3.2,2.4,2.1,1.7,1.9,1.5,2.3,2.1,1.7,1,2,1.6,1.2,1.2,
大園,2025/06/11 00:00:00,NO2,6.5,2.7,2.9,3.1,4,4.9,4.8,3.8,5.6,9,9,8.1,6.1,4.6,5.1,5.8,6.6,9.1,12.5,10,9.6,7.4,9.3,14.4,
大園,2025/06/11 00:00:00,NOx,7.2,4,4.1,4.2,5.3,6.5,6.8,5.5,8.3,13.3,12.2,10.5,8.2,6.3,7,7.3,8.9,11.2,14.3,11,11.7,9,10.5,15.7,
大園,2025/06/11 00:00:00,O3,24.2,26,23.3,20.1,17.3,13.9,16.7,22.8,24.7,28.8,41.9,54,50.5,42.2,42.1,37.6,32.9,33.9,30.2,28.8,26.1,27.1,21.4,15.3,
大園,2025/06/11 00:00:00,PM10,33,14,14,14,17,17,16,16,17,28,31,27,18,15,24,25,21,34,35,42,37,37,34,34,
大園,2025/06/11 00:00:00,PM2.5,6,6,5,8,9,7,7,4,5,8,11,12,8,6,8,10,7,11,11,9,10,10,18,14,
大園,2025/06/11 00:00:00,RAINFALL,0,0,0,0,0,0,0,0,0,0,0,0,0,0,0,0,0,0,0,0,0,0,0,0,
大園,2025/06/11 00:00:00,RH,88,88,88,88,88,88,86,81,76,71,72,72,73,75,77,82,82,81,82,85,86,87,87,85,
大園,2025/06/11 00:00:00,SO2,0.3,0.1,0.3,0.1,0.1,0,0.1,0.3,0.5,0.6,0.9,1,0.9,0.8,0.8,0.4,0.1,0.6,0.8,0.8,1.1,0.5,0.3,0.4,
大園,2025/06/11 00:00:00,WD_HR,224,236,226,217,203,193,187,192,138,27,4,358,347,331,323,342,353,339,313,294,227,210,196,190,
大園,2025/06/11 00:00:00,WIND_DIREC,240,216,220,209,195,203,173,174,54,3,12,352,337,331,320,351,296,14,310,281,224,217,188,257,
大園,2025/06/11 00:00:00,WIND_SPEED,1.5,1.9,1.4,1,1.2,1.2,1.5,1.6,1.2,3.7,4.4,4,4,3.3,3.5,3.5,1.4,0.6,2,1.2,1.4,1.2,1,1.1,
大園,2025/06/11 00:00:00,WS_HR,1.5,1.9,1.7,1.3,1,1.1,1.2,1.5,0.4,1.5,3.7,4.1,4,3.3,3,3.5,1.7,0.7,1.1,1.4,1.6,1.1,0.8,0.9,
大園,2025/06/12 00:00:00,AMB_TEMP,28.6,28.5,28.5,28.7,28.8,28.7,29.4,30.1,29.5,27.6,27,27.6,27.9,27.8,27.2,27.5,27.6,27.9,28.1,27.8,27.1,26.9,26.2,25.6,
大園,2025/06/12 00:00:00,CO,0.3,0.21,0.26,0.21,0.2,0.21,0.23,0.14,0.14,0.17,0.21,0.13,0.19,0.2,0.22,0.27,0.28,0.22,0.21,0.34,0.28,0.29,0.19,0.16,
大園,2025/06/12 00:00:00,NO,1.8,0.3,0.6,0.9,1.3,9.3,9.9,5.6,4.4,8.2,11.3,3.9,6.5,8.7,15,13,9.8,5.8,4.6,1.4,1.1,3.2,1.6,0.8,
大園,2025/06/12 00:00:00,NO2,16.1,8.6,12,12.5,12.1,15.2,12.7,6.9,7.2,11.9,12,6.6,10,13.3,19,19.3,18.3,13.9,10.8,11.7,11.5,17.7,10.7,4.2,
大園,2025/06/12 00:00:00,NOx,18,9,12.6,13.4,13.4,24.6,22.6,12.5,11.7,20.1,23.3,10.6,16.6,22,34.1,32.4,28.2,19.8,15.4,13.1,12.7,20.9,12.3,5,
大園,2025/06/12 00:00:00,O3,11.8,17.2,12.5,5.4,3.3,1.4,4.4,9.3,9.4,6.2,5.7,10.7,8.1,9,5.1,6.4,7.7,9.6,11.5,9.9,9.1,3.7,11.2,31.9,
大園,2025/06/12 00:00:00,PM10,29,26,25,19,19,14,30,46,56,18,10,8,6,9,9,9,9,14,10,14,9,11,9,11,
大園,2025/06/12 00:00:00,PM2.5,13,11,14,8,4,5,8,2,0,0,1,3,2,2,1,0,0,2,7,4,1,1,5,6,
大園,2025/06/12 00:00:00,RAINFALL,0,0,0,0,0,0,0,0,0,0.5,0,0,0.5,0,1,0,0,0,0,0,0,0,14.5,4.5,
大園,2025/06/12 00:00:00,RH,85,85,84,80,79,77,75,66,65,72,80,80,80,81,83,83,83,81,80,81,83,85,87,90,
大園,2025/06/12 00:00:00,SO2,0.4,0.9,0.6,1.3,1.3,1.5,2,1.1,1,1,1.3,1,1,1,1.4,1.8,1.5,1.6,1.3,1,1.3,1.3,0.9,0.4,
大園,2025/06/12 00:00:00,WD_HR,176,198,143,173,294,325,116,118,107,103,103,116,107,97,89,88,88,97,115,112,123,107,193,218,
大園,2025/06/12 00:00:00,WIND_DIREC,195,132,135,159,324,243,99,118,109,98,114,111,105,94,93,70,96,102,128,135,91,165,203,141,
大園,2025/06/12 00:00:00,WIND_SPEED,1.2,0.7,1.5,0.4,1.4,1.2,3.7,7.5,7.4,6.3,7.3,6,7.7,6.9,6.4,5.6,9.2,9,4.3,3.4,2.8,1.4,1.4,1.5,
大園,2025/06/12 00:00:00,WS_HR,0.8,0.8,1.3,0.9,0.1,0.1,0.5,4.6,7.3,5.9,6.4,6.8,6.6,6.8,5.5,5.8,6.2,8.5,5.4,4.2,2.1,0.8,2,0.7,
大園,2025/06/13 00:00:00,AMB_TEMP,25.6,25.5,25.8,25.8,25.8,25.9,26.3,27.3,28.8,29.6,29.3,29,27.5,28.3,28.9,29.1,28.8,28.3,27.2,27.2,27.3,27.8,27.9,27.8,
大園,2025/06/13 00:00:00,CO,0.21,0.2,0.22,0.2,0.2,0.23,0.24,0.34,0.24,0.18,0.14,0.1,0.11,0.09,0.11,0.1,0.12,0.11,0.12,0.12,0.14,0.09,0.1,0.11,
大園,2025/06/13 00:00:00,NO,0.8,1.4,1.1,1.3,0.9,4.2,9,15.2,8.4,3.8,2.4,1.9,1.6,1.5,1.3,1.1,1.4,1.5,1,0.8,0.6,0.6,0.3,0.7,
大園,2025/06/13 00:00:00,NO2,10.9,14.6,13.7,11.7,10.3,14.1,14.7,15.7,10.6,8.4,6.9,4.6,4.7,4,3.8,4.8,5.3,4.5,5.1,4.8,5.2,3.5,3.3,4.5,
大園,2025/06/13 00:00:00,NOx,11.7,16,14.8,13.1,11.3,18.4,23.7,31,19,12.2,9.3,6.5,6.4,5.5,5.1,6,6.8,6,6.2,5.6,5.8,4.1,3.7,5.2,
大園,2025/06/13 00:00:00,O3,14.7,4.9,5.7,5.2,4.6,3.4,4.4,6.3,12.5,19.8,21.8,20.9,19.2,23,22.3,24.5,21.8,21.2,19.6,20.3,19.5,24.8,23.3,19.8,
大園,2025/06/13 00:00:00,PM10,13,15,12,13,13,12,14,25,18,19,14,9,4,2,7,10,7,5,5,3,3,10,8,5,
大園,2025/06/13 00:00:00,PM2.5,5,7,5,3,5,4,4,8,5,5,4,1,0,0,2,0,0,1,1,2,2,0,0,2,
大園,2025/06/13 00:00:00,RAINFALL,0.5,0.5,0,0,0,0,0,0,0,0,0,0,0.5,0,0,0,0,0.5,0,0,0,0,0,0,
大園,2025/06/13 00:00:00,RH,92,93,92,92,92,92,92,91,86,81,82,79,84,82,81,78,78,77,82,81,81,78,75,73,
大園,2025/06/13 00:00:00,SO2,0.4,0,0.3,0.4,0.2,0.2,0.5,2.4,0.9,0.6,0.4,0.1,0,0.1,0.2,0.2,0.1,0.1,0.2,0.1,0.3,0.3,0.4,0.3,
大園,2025/06/13 00:00:00,WD_HR,140,121,186,201,174,149,140,139,208,224,212,210,219,207,187,193,193,199,208,199,211,223,215,187,
大園,2025/06/13 00:00:00,WIND_DIREC,137,110,229,174,174,155,134,196,264,206,219,208,230,196,181,195,194,203,213,190,224,220,216,177,
大園,2025/06/13 00:00:00,WIND_SPEED,1.9,1.8,1.1,1.4,1.3,1.5,1.8,0.8,0.8,3,3.7,3.6,3.7,3.9,2.8,3,2.6,3.1,3.1,2.2,4.1,4,3,1.7,
大園,2025/06/13 00:00:00,WS_HR,1.8,1.5,0.7,1.1,1.6,1.4,1.8,1,0.6,1.6,2.8,3.8,3.1,3.5,2.7,2.8,2.7,3,2.8,2.1,2.1,4.5,2.9,2,
大園,2025/06/14 00:00:00,AMB_TEMP,28.1,28.5,28,27.2,27,27.1,27.1,28.4,30,31,31.8,32.6,30.8,31.6,31.1,30.5,30.2,30.5,30.3,29.8,29.6,29.3,29.2,28.5,
大園,2025/06/14 00:00:00,CO,0.11,0.11,0.13,0.3,0.25,0.25,0.26,0.25,0.17,0.13,0.14,0.15,0.15,0.14,0.12,0.12,0.13,0.15,0.15,0.15,0.2,0.23,0.27,0.33,
大園,2025/06/14 00:00:00,NO,0.8,0.3,0.8,3.2,3,3.5,8,7,3.4,2.1,1.9,1.1,1.3,0.7,1.2,1.1,1.2,1.4,1.1,0.7,0.9,0.9,1.3,1.2,
大園,2025/06/14 00:00:00,NO2,6,2.8,4.6,12.8,11.3,11.3,11,10.1,6.6,4.3,4.5,4.6,4.4,3.9,3.5,4.9,3.9,4.3,6.2,6.7,9.6,10.8,13.4,15.3,
大園,2025/06/14 00:00:00,NOx,6.9,3.2,5.4,16,14.4,14.9,19.1,17.2,10,6.4,6.4,5.7,5.7,4.6,4.8,6,5.1,5.7,7.4,7.5,10.5,11.7,14.8,16.6,
大園,2025/06/14 00:00:00,O3,19.5,21.8,16.9,4.3,3.3,1.9,3.1,7.6,15.9,23.6,29,35.7,37.4,36.4,33.3,33.2,30,26.6,24.8,21.7,16.6,16,13.2,9.2,
大園,2025/06/14 00:00:00,PM10,8,9,9,23,17,23,22,21,17,18,24,16,19,26,24,23,21,27,25,21,26,29,28,27,
大園,2025/06/14 00:00:00,PM2.5,4,4,1,5,5,2,6,5,3,2,0,0,7,6,9,7,7,8,9,9,7,6,11,15,
大園,2025/06/14 00:00:00,RAINFALL,0,0,0,0,0,0,0,0,0,0,0,0,0,0,0,0,0,0,0,0,0,0,0,0,
大園,2025/06/14 00:00:00,RH,72,69,71,80,83,83,84,81,73,66,64,57,64,63,63,66,67,63,64,67,69,71,72,79,
大園,2025/06/14 00:00:00,SO2,0.3,0.9,0.9,1.1,1,1.2,1.2,1.4,1.3,1.2,1.1,1.2,1.3,1.4,1.4,1.4,1.3,1.4,1.5,2,1.9,1.8,2.3,1.7,
大園,2025/06/14 00:00:00,WD_HR,220,209,199,164,173,160,151,188,202,225,233,244,225,234,248,238,221,206,215,219,228,214,239,215,
大園,2025/06/14 00:00:00,WIND_DIREC,229,198,188,166,168,154,160,189,204,227,226,248,220,246,250,226,208,212,216,224,210,228,247,198,
大園,2025/06/14 00:00:00,WIND_SPEED,4.3,1.7,2,1.4,1.3,1.2,2.1,1.7,2.7,3.5,3.6,3.3,2,6.1,5.9,3.4,3.6,2.5,2.3,1.7,0.7,1,1.2,1,
大園,2025/06/14 00:00:00,WS_HR,2.4,2.2,1.8,1.6,1.2,1.2,1.5,1.4,2.4,3.4,2.6,3.2,2.7,3.7,5.3,4,3.2,2.2,2.2,2.1,1.2,1,1.1,0.9,
大園,2025/06/15 00:00:00,AMB_TEMP,28.2,28.3,28.2,27.8,27.6,27.6,28.7,30.1,31.5,32.8,33.3,33.3,33.3,33.1,33.2,33,32.5,31.7,30.4,29.9,29.7,29.8,29.8,29.4,
大園,2025/06/15 00:00:00,CO,0.39,0.47,0.25,0.22,0.21,0.21,0.18,0.16,0.16,0.14,0.13,0.14,0.12,0.11,0.11,0.11,0.12,0.11,0.11,0.1,0.13,0.16,0.17,0.17,
大園,2025/06/15 00:00:00,NO,1.5,1.3,0.3,0.4,0,0.5,1.4,1.8,1.4,1.1,0.1,0.2,0.6,0.5,0.8,0.7,0.3,0.6,0.2,0.4,0.1,0.5,0.2,0.4,
大園,2025/06/15 00:00:00,NO2,16.3,19.9,9.8,8.4,9,8.6,6,4.6,4.3,3.6,2.8,2.5,2.1,1.8,1.7,2.1,2.1,2.3,2.3,2.3,3.1,5.2,6.3,6,
大園,2025/06/15 00:00:00,NOx,17.8,21.3,10.2,8.8,9.1,9.1,7.5,6.4,5.7,4.7,3,2.7,2.7,2.4,2.5,2.8,2.4,2.9,2.5,2.7,3.2,5.8,6.5,6.5,
大園,2025/06/15 00:00:00,O3,7.9,4.6,16.1,16,15.2,12.5,14.2,17.4,23.7,28.4,31.9,36.6,33.6,36,37.3,35.5,33.1,30.2,24.9,21.9,21.3,19.8,18.9,17.2,
大園,2025/06/15 00:00:00,PM10,45,31,27,24,26,25,19,17,16,17,21,29,30,36,36,34,36,36,28,23,25,27,22,20,
大園,2025/06/15 00:00:00,PM2.5,12,14,12,8,10,7,6,8,6,3,3,5,5,4,5,6,9,10,11,8,8,8,9,6,
大園,2025/06/15 00:00:00,RAINFALL,0,0,0,0,0,0,0,0,0,0,0,0,0,0,0,0,0,0,0,0,0,0,0,0,
大園,2025/06/15 00:00:00,RH,82,83,80,80,79,79,74,67,57,52,50,52,52,54,54,55,54,56,62,64,68,66,61,58,
大園,2025/06/15 00:00:00,SO2,1.3,0.9,1.1,1.4,1.7,1.3,1,1.1,1.1,0.9,0.8,0.9,1,1,1,1,0.9,1,1.1,1,1.1,1.4,1.6,1.6,
大園,2025/06/15 00:00:00,WD_HR,182,191,201,202,198,183,177,187,205,227,229,244,238,231,228,230,227,229,228,219,181,202,193,193,
大園,2025/06/15 00:00:00,WIND_DIREC,152,214,189,214,185,178,176,185,213,237,227,247,234,229,225,230,230,232,221,209,181,209,193,191,
大園,2025/06/15 00:00:00,WIND_SPEED,0.9,1.6,1.5,1.4,1.6,1.6,2.2,2.2,3.9,4.6,5.7,5.7,6,7.3,6.1,5.5,5.1,4.5,3.9,2.5,1.6,2,2.2,1.7,
大園,2025/06/15 00:00:00,WS_HR,1,0.5,1.3,1.5,1.4,1.7,1.7,2.1,2.7,3.3,4.5,4.8,5.4,5.9,5.3,5.1,4.6,4.7,4.1,3.1,1.7,1.6,1.9,1.8,
大園,2025/06/16 00:00:00,AMB_TEMP,29.1,29.7,29.4,28.9,29,28.7,28.6,29.1,30.1,31.1,32.4,31.9,32.5,32.5,32.2,31.7,30.7,29.9,29.3,29,28.9,28.8,28.5,28.3,
大園,2025/06/16 00:00:00,CO,0.16,0.1,0.1,0.09,0.11,0.11,0.12,0.13,0.12,0.12,0.11,0.11,0.11,#,0.12,0.13,0.12,0.11,0.11,0.1,0.1,0.1,0.1,0.17,
大園,2025/06/16 00:00:00,NO,0.4,#,0,0,0,0,0,0.1,#,1.7,1.9,1.6,1.7,#,1.6,#,#,1,0.8,1.2,1.1,0.7,0.8,0.8,
大園,2025/06/16 00:00:00,NO2,6.8,*,4.6,4.7,5.1,4.9,4.7,4.8,#,3.8,4.1,4,3.7,#,3.3,#,#,3,2.1,2.2,2.5,2.5,2.6,3.9,
大園,2025/06/16 00:00:00,NOx,7.2,*,4.5,4.8,5.2,4.7,4.4,5,#,5.6,6.1,5.7,5.4,#,4.9,#,#,4,2.9,3.4,3.6,3.2,3.5,4.7,
大園,2025/06/16 00:00:00,O3,15.2,16,15.4,15,15.7,16.9,16.8,18.6,20.2,25.3,27.2,29.8,29.6,30.3,#,34.9,26.2,24.3,24.9,22.7,21.3,20.1,18.7,15.7,
大園,2025/06/16 00:00:00,PM10,17,8,12,14,19,26,17,12,11,16,12,31,33,19,#,18,21,21,18,14,19,21,17,25,
大園,2025/06/16 00:00:00,PM2.5,4,3,6,7,7,6,4,5,4,4,4,12,8,#,5,9,6,8,6,3,5,6,5,5,
大園,2025/06/16 00:00:00,RAINFALL,0,0,0,0,0,0,0,0,0,0,0,0,0,#,0,0,0,0,0,0,0,0,0,0,
大園,2025/06/16 00:00:00,RH,57,51,50,53,54,62,68,67,63,60,56,57,54,55,56,59,64,70,78,81,82,83,83,83,
大園,2025/06/16 00:00:00,SO2,1.5,1.6,1.6,1.5,1.6,1.4,1.1,1.1,1.2,1.2,1.2,1.2,1,#,x,#,#,0.4,0.3,0.3,0.2,0.3,0.3,0.4,
大園,2025/06/16 00:00:00,WD_HR,190,198,226,214,229,242,228,226,226,227,237,246,247,249,249,250,238,236,231,232,235,240,226,201,
大園,2025/06/16 00:00:00,WIND_DIREC,191,197,223,227,232,235,226,225,224,230,237,249,248,253,247,245,231,233,232,236,241,238,217,188,
大園,2025/06/16 00:00:00,WIND_SPEED,2.3,2.1,2.4,2.2,3.6,6.8,6.8,6.2,6.2,6.1,7,7.9,6.9,7.2,6.4,5.1,4.8,5.5,5.5,4.7,4.8,3.6,3.2,2.6,
大園,2025/06/16 00:00:00,WS_HR,1.9,2.5,1.6,1.9,3.2,5.9,6.1,6.3,6.2,6,5.7,7,6.7,6.5,6.7,6,4.7,4.6,5.2,4.8,4.6,3.7,3.3,2.5,
大園,2025/06/17 00:00:00,AMB_TEMP,28.2,28.2,28.2,27.9,27.6,27.8,28.5,29.4,30,29.4,29.9,29.3,26.9,25.9,27.4,29.8,30,28.8,28.3,28.1,28.3,28.1,27.9,27.9,
大園,2025/06/17 00:00:00,CO,0.19,0.12,0.1,0.1,0.11,0.11,0.13,0.17,0.16,0.13,0.12,0.1,0.09,0.1,0.11,0.11,0.1,0.12,0.16,0.2,0.26,0.29,0.33,0.34,
大園,2025/06/17 00:00:00,NO,0.9,0,1,0.9,0.7,1.1,2.6,3.7,3,1.7,1.8,1.9,1.7,1.7,2.3,1.6,1.6,1.1,1,1.3,1.6,0.9,2.2,2.1,
大園,2025/06/17 00:00:00,NO2,6.1,6.2,5.1,5.3,5.9,6.7,7.2,7.8,6.4,5.5,4.9,4.2,3.9,4.8,5.5,5.2,4.1,3.7,6.8,12.8,18.6,15.8,22.1,21.2,
大園,2025/06/17 00:00:00,NOx,7.1,6.2,6.2,6.2,6.7,7.9,9.9,11.5,9.5,7.3,6.7,6.2,5.7,6.6,7.8,6.9,5.7,4.8,7.8,14.2,20.2,16.7,24.3,23.4,
大園,2025/06/17 00:00:00,O3,12.3,12.8,13.7,12,9.5,9.7,10.6,12.1,17,20.2,22.6,23,20.3,17.6,21.1,28.8,28.7,27.6,22.7,16.6,12.3,11.1,3.6,2.3,
大園,2025/06/17 00:00:00,PM10,29,18,13,12,12,13,12,17,18,18,25,24,14,18,13,14,11,7,8,14,19,20,20,17,
大園,2025/06/17 00:00:00,PM2.5,5,7,5,3,2,3,3,5,5,3,8,14,7,2,2,1,0,1,2,4,9,7,6,4,
大園,2025/06/17 00:00:00,RAINFALL,0,0,0,0,0,0,0,0,0,0,0,0,0.5,0,0,0,0,0,0,0,0,0,0,0,
大園,2025/06/17 00:00:00,RH,81,80,79,79,80,80,79,73,67,73,73,77,81,81,80,70,60,67,67,69,69,70,71,72,
大園,2025/06/17 00:00:00,SO2,0.7,0.3,0.1,0.3,0.2,0.3,0.4,0.3,0.5,0.4,0.2,0.2,0,0,0.1,0.1,0.1,0.1,0.2,0.4,0.7,0.3,0.6,1,
大園,2025/06/17 00:00:00,WD_HR,183,199,185,179,175,172,164,200,234,238,247,259,249,234,206,243,240,218,223,163,161,147,156,249,
大園,2025/06/17 00:00:00,WIND_DIREC,178,216,181,182,169,177,152,254,242,240,250,258,276,191,222,240,230,211,218,165,186,113,204,240,
大園,2025/06/17 00:00:00,WIND_SPEED,2.8,2.2,2.1,0.9,1.2,1,1.9,1.6,3.3,3.8,5.2,4.7,3.3,2.6,2.8,3.8,3.8,2.2,1.3,1.9,0.8,0.5,1.3,0.9,
大園,2025/06/17 00:00:00,WS_HR,2.6,2.2,2,1.8,1,1.3,1.5,1.1,2.5,3.7,4.4,5.6,4.3,2.2,2.8,2.2,3.7,3,1.5,2.2,1.7,1,1.5,0.7,
大園,2025/06/18 00:00:00,AMB_TEMP,27.1,26.9,26.9,27,27,27.2,27.6,28.2,29.5,31.4,32,32.3,32,31.7,31.1,30.7,29.3,29.8,29.7,29.4,29.1,28.8,28.4,28.4,
大園,2025/06/18 00:00:00,CO,0.35,0.3,0.26,0.2,0.18,0.16,0.23,0.31,0.25,0.21,0.23,0.23,0.17,0.14,0.13,0.14,0.15,0.19,0.23,0.22,0.25,0.34,0.41,0.38,
大園,2025/06/18 00:00:00,NO,2.3,1.4,1.6,0.7,0.3,0,5.7,13.7,6.2,2.8,2.4,0.8,0.8,0.9,0.7,0.9,0.6,0.5,0.5,0.1,0.2,0.1,0.5,0.5,
大園,2025/06/18 00:00:00,NO2,19,14.2,14.4,13.3,11.7,8.7,14.7,14.2,9.1,8.8,10.3,10,7.8,6.5,6.2,7.7,7.2,8.7,13.5,13.1,15.1,17.8,21.4,22.6,
大園,2025/06/18 00:00:00,NOx,21.4,15.6,16.1,14,12.1,8.6,20.5,27.9,15.3,11.7,12.8,10.8,8.6,7.4,6.9,8.6,7.8,9.2,14.1,13.3,15.3,17.9,22,23.2,
大園,2025/06/18 00:00:00,O3,1,1.1,1,2.7,6.8,11.9,5.9,4.7,18,29.2,42.7,56.3,51.9,48.6,41.8,33.3,39,35.6,26.1,23.5,20.8,10,4.1,5.4,
大園,2025/06/18 00:00:00,PM10,22,22,23,18,21,20,28,17,28,30,26,38,28,27,26,20,15,13,13,20,19,25,24,26,
大園,2025/06/18 00:00:00,PM2.5,10,7,3,6,7,5,5,3,9,10,11,12,11,8,11,7,2,3,7,5,10,10,8,10,
大園,2025/06/18 00:00:00,RAINFALL,0,0,0,0,0,0,0,0,0,0,0,0,0,0,0,0,0,0,0,0,0,0,0,0,
大園,2025/06/18 00:00:00,RH,78,80,80,79,79,79,79,75,71,63,59,59,58,60,61,59,59,58,57,60,63,65,68,68,
大園,2025/06/18 00:00:00,SO2,0.8,1,0.9,1.1,1.5,1.5,1.7,1.5,1.9,2,2.5,2.7,2.4,2.1,1.7,1.5,1,0.9,1.1,1.3,1.3,1.4,1.3,2.2,
大園,2025/06/18 00:00:00,WD_HR,202,179,193,204,190,155,134,167,199,241,313,324,315,319,341,229,197,177,196,47,95,185,147,206,
大園,2025/06/18 00:00:00,WIND_DIREC,183,184,197,232,164,144,128,182,231,273,339,306,312,299,352,208,185,182,203,10,141,181,148,221,
大園,2025/06/18 00:00:00,WIND_SPEED,1.8,1.7,1.8,1.3,1.9,1,1.4,1.5,2,2.1,3.3,4,3.8,3.1,3,2.8,2.5,1.9,1,0.6,1,0.9,1.1,1.2,
大園,2025/06/18 00:00:00,WS_HR,1.4,1.9,1.7,1.4,1.4,1.1,0.8,1.2,1.4,1.3,1.9,3.2,3.9,3.2,2.8,0.8,2.3,1.8,1,0.2,0.6,0.8,1.5,0.9,
大園,2025/06/19 00:00:00,AMB_TEMP,28,27.4,26.9,26.9,26.7,26.6,27.5,30.3,32.2,33,32.8,32.9,32.5,31.4,31.4,31.1,30.8,30.2,29.9,29.7,29.3,29,29,28.9,
大園,2025/06/19 00:00:00,CO,0.38,0.26,0.28,0.28,0.18,0.19,0.24,0.32,0.23,0.2,0.23,0.15,0.13,0.13,0.13,0.13,0.15,0.19,0.17,0.15,0.13,0.09,0.09,0.12,
大園,2025/06/19 00:00:00,NO,1.2,1.6,1.9,5,4.8,4.9,9.9,13.8,7,4,2.9,2.1,2.2,2,2.6,2.4,2.4,3,2.2,1.8,2,1.6,1.7,1.6,
大園,2025/06/19 00:00:00,NO2,19.9,15.2,16,17.9,15,16.3,17.4,21.5,12.9,11.9,12.6,6.9,5.1,4,5.2,5,5.7,9.7,6.9,9.1,8.5,7.2,6.7,8.4,
大園,2025/06/19 00:00:00,NOx,21.2,16.9,18,23,19.9,21.3,27.3,35.3,20,15.9,15.5,9.1,7.3,6,7.8,7.5,8.2,12.7,9.1,10.9,10.6,8.8,8.5,10,
大園,2025/06/19 00:00:00,O3,2.3,3.5,2.6,0.6,1.8,2,5.4,14.3,27.3,33.7,51.5,44,35.1,33.4,30.8,29.6,30,23.1,24.5,21.8,22.2,22.5,19.8,15.4,
大園,2025/06/19 00:00:00,PM10,22,20,28,26,22,22,29,33,21,19,31,18,21,16,15,15,12,17,11,13,11,6,8,12,
大園,2025/06/19 00:00:00,PM2.5,9,8,13,8,6,7,11,13,9,7,8,9,5,5,2,1,4,5,3,2,3,2,1,1,
大園,2025/06/19 00:00:00,RAINFALL,0,0,0,0,0,0,0,0,0,0,0,0,0,0,0,0,0,0,0,0,0,0,0,0,
大園,2025/06/19 00:00:00,RH,73,76,80,81,78,78,78,68,55,49,51,50,53,62,65,66,65,65,63,63,66,71,70,71,
大園,2025/06/19 00:00:00,SO2,1.8,0.4,0.5,0.5,0.1,0.4,1,2.3,1.2,0.7,1.4,1.5,0.8,0.1,0,0.1,0.1,0.2,0.4,0.3,0.2,0,0,0,
大園,2025/06/19 00:00:00,WD_HR,235,220,167,133,147,143,133,90,65,64,21,18,1,349,351,350,337,342,333,346,13,30,16,9,
大園,2025/06/19 00:00:00,WIND_DIREC,252,215,148,141,150,150,112,89,52,41,20,24,357,352,350,350,346,338,359,286,22,33,1,7,
大園,2025/06/19 00:00:00,WIND_SPEED,1.1,1,1,1.3,1.2,1.6,1.4,1.9,2.2,2.5,4.3,6,6.1,6.5,4.4,4.3,3.3,3.1,2.3,0.7,1.6,1.8,1,1.1,
大園,2025/06/19 00:00:00,WS_HR,1,1,1,1.5,1.6,1.3,1.2,1.8,2.1,2.1,4.2,4.9,5.3,5.7,4.9,4.5,3.3,2.9,1.8,1.1,1.4,1.9,1.3,1.3,
大園,2025/06/20 00:00:00,AMB_TEMP,28.6,28.4,28.4,28.6,28.4,28.4,29,29.3,30.2,31.3,31.3,31.4,31.4,31.7,32,31.6,31.4,31.4,30.7,30,29.8,29.8,29.5,29,
大園,2025/06/20 00:00:00,CO,0.12,0.09,0.09,0.11,0.1,0.09,0.11,0.14,0.1,0.1,0.12,0.14,0.11,0.1,0.13,0.13,0.14,0.14,0.15,0.15,0.14,0.13,0.11,0.11,
大園,2025/06/20 00:00:00,NO,1.9,0.4,0,0.1,3.1,1.8,2.3,2.1,3,2.1,2,1.5,1.5,1.4,1.6,2.1,1.7,0.5,0.2,0.1,0.4,0,0.2,0,
大園,2025/06/20 00:00:00,NO2,11.7,10.8,8,5.5,9.2,8.9,8.9,7.4,6.6,5.7,6.2,5.3,5,4.9,6.3,7.7,7.3,7.2,5.7,4.9,7.1,6.3,6.1,5.4,
大園,2025/06/20 00:00:00,NOx,13.7,11.3,8.1,5.7,12.4,10.7,11.2,9.6,9.7,7.8,8.2,6.8,6.5,6.3,7.9,9.9,9,7.7,6,5,7.5,6.4,6.3,5.4,
大園,2025/06/20 00:00:00,O3,12,12.4,15.1,15.3,9.4,13.8,16.1,19.5,22.2,25.4,29,28.9,29.2,31.4,31.7,33.8,35.8,36.9,41.9,45,37.9,30.3,23.5,18.3,
大園,2025/06/20 00:00:00,PM10,8,12,14,11,10,8,15,14,47,16,18,12,12,17,14,15,17,15,18,16,17,19,13,13,
大園,2025/06/20 00:00:00,PM2.5,5,3,1,1,2,4,0,0,3,4,1,1,2,2,2,3,4,5,5,7,5,5,4,2,
大園,2025/06/20 00:00:00,RAINFALL,0,0,0,0,0,0,0,0,0,0,0,0,0,0,0,0,0,0,0,0,0,0,0,0,
大園,2025/06/20 00:00:00,RH,76,80,81,80,79,81,79,78,74,68,67,66,65,64,62,61,59,57,57,62,65,67,74,81,
大園,2025/06/20 00:00:00,SO2,0.1,1.1,0.8,0.9,1.1,1,0.8,0.9,0.8,0.8,0.8,0.8,0.7,0.8,0.9,1.2,1.4,1.3,1.2,1.1,1.1,0.9,0.9,0.9,
大園,2025/06/20 00:00:00,WD_HR,29,17,4,348,14,1,4,354,1,23,0,354,357,358,350,329,312,278,247,226,231,242,245,211,
大園,2025/06/20 00:00:00,WIND_DIREC,24,25,1,346,3,4,6,353,5,12,4,353,4,1,348,306,253,258,237,224,234,249,231,189,
大園,2025/06/20 00:00:00,WIND_SPEED,2.1,0.7,2,2.3,2.1,2.3,2.2,1.9,2.5,2.5,3.5,3.6,3.7,3.5,3.1,2.5,2.5,2.8,2.4,1.5,1.7,2.1,2.1,1.7,
大園,2025/06/20 00:00:00,WS_HR,1.8,1.2,1.3,2.1,1.8,1.3,1.6,1.6,2.3,1.8,3,3.3,3.4,3.3,2.6,2.4,2,1.3,2.3,1.5,1.6,1.5,1.9,1.6,
大園,2025/06/21 00:00:00,AMB_TEMP,28.7,28.5,28.4,27.8,27.8,27.9,28.9,30.1,30.5,31.4,31.8,32,32.2,32.1,31.9,31.6,30.8,30.2,29.5,29.2,28.9,28.8,28.5,28.1,
大園,2025/06/21 00:00:00,CO,0.13,0.17,0.18,0.21,0.22,0.22,0.24,0.18,0.17,0.16,0.13,0.12,0.11,0.09,0.08,0.08,0.09,0.1,0.09,0.1,0.13,0.14,0.19,0.2,
大園,2025/06/21 00:00:00,NO,0.1,1,0.9,1.2,1.2,1.5,3.6,3.6,4.8,3.3,2.4,1.5,1.3,1.2,1.8,1.6,1.5,1.5,1.4,1,1.4,1.2,1.2,1.2,
大園,2025/06/21 00:00:00,NO2,6,8,7.3,8.6,9.4,10.1,11.2,8.2,7,6.2,4.8,3.9,3.1,2.8,2.9,2.3,2.6,3.3,3.3,3,4.3,7,9.7,10.3,
大園,2025/06/21 00:00:00,NOx,6.2,9,8.3,9.9,10.7,11.6,14.9,11.9,11.9,9.5,7.2,5.4,4.4,4.1,4.8,3.9,4.2,4.8,4.7,4,5.8,8.3,10.9,11.6,
大園,2025/06/21 00:00:00,O3,20.1,23.1,19.2,15.2,12.4,10.4,12.4,16.1,15.6,23,29.1,32.7,35.3,32.9,24,23,27.1,26.3,21.7,19.4,14.7,12.1,8.6,7.5,
大園,2025/06/21 00:00:00,PM10,29,15,12,27,28,24,24,14,20,22,16,17,15,15,11,10,12,16,15,14,14,12,19,16,
大園,2025/06/21 00:00:00,PM2.5,2,5,7,10,10,11,11,9,4,8,8,9,7,4,0,0,3,3,0,1,0,1,3,8,
大園,2025/06/21 00:00:00,RAINFALL,0,0,0,0,0,0,0,0,0,0,0,0,0,0,0,0,0,0,0,0,0,0,0,0,
大園,2025/06/21 00:00:00,RH,81,79,79,81,82,81,79,71,67,63,60,58,56,56,54,56,62,67,72,76,76,76,79,81,
大園,2025/06/21 00:00:00,SO2,0.7,0.6,0.7,0.7,0.6,0.8,1,1.4,2.1,1.6,1.4,1.2,0.9,0.8,0.9,0.7,0.8,0.7,0.6,0.5,0.8,1,1.1,1.2,
大園,2025/06/21 00:00:00,WD_HR,164,180,207,186,176,151,169,218,243,237,258,260,253,245,247,251,246,248,231,210,194,196,195,186,
大園,2025/06/21 00:00:00,WIND_DIREC,156,194,196,183,180,138,179,223,223,258,267,260,247,246,265,238,234,244,213,200,186,196,186,185,
大園,2025/06/21 00:00:00,WIND_SPEED,1.4,0.9,1.2,1.2,0.7,1,1.1,2.3,2.6,3.4,4.5,5.1,4.6,4.3,3.9,3.7,3.2,2.7,2.1,1.8,2,1.9,1.1,1.4,
大園,2025/06/21 00:00:00,WS_HR,1.2,0.8,0.9,1.1,0.8,0.8,1.1,1.9,2.5,2.9,4.1,4.2,4.1,4,3.9,3.6,3.3,3.5,2.6,2,1.5,1.6,1.2,1.3,
大園,2025/06/22 00:00:00,AMB_TEMP,27.9,27.6,27.4,27.6,27.6,27.4,28,29.3,30.5,31.5,32.3,32.2,32.3,32.2,31.7,31.7,31.2,30.9,30.1,29.7,29.5,29.4,29.4,29.2,
大園,2025/06/22 00:00:00,CO,0.18,0.2,0.19,0.17,0.14,0.13,0.13,0.13,0.11,0.1,0.11,0.12,0.11,0.09,0.08,0.08,0.08,0.09,0.1,0.13,0.15,0.18,0.18,0.2,
大園,2025/06/22 00:00:00,NO,1.1,1.2,0.6,0.5,0.6,0.8,2,2.6,1.9,1.4,0.7,0.6,0.8,1,0.5,0.8,0.8,0.7,0.8,0.6,0.7,0.6,0.6,0.9,
大園,2025/06/22 00:00:00,NO2,9.7,11.3,11.1,9.4,8.2,7.3,6.6,5.7,4.3,3.4,3.6,3.5,2.9,2.5,2.7,2.5,2.5,2.6,2.7,5,6.9,8.4,9.8,10.9,
大園,2025/06/22 00:00:00,NOx,10.9,12.6,11.7,10,8.8,8.1,8.6,8.4,6.2,4.9,4.4,4.2,3.8,3.5,3.3,3.3,3.3,3.4,3.6,5.6,7.6,9.1,10.5,11.8,
大園,2025/06/22 00:00:00,O3,7.9,5.6,5.6,6.1,6.4,7.1,8.5,12.4,17.9,24.5,31.4,36.2,36.9,23.9,25.2,22,19.7,18.1,16.2,12.8,9.9,7.9,8.5,8.4,
大園,2025/06/22 00:00:00,PM10,12,14,15,17,12,12,12,12,14,8,11,21,21,18,13,10,12,9,11,16,15,13,11,19,
大園,2025/06/22 00:00:00,PM2.5,3,0,4,4,3,5,6,7,4,1,0,2,4,4,5,3,3,4,2,2,2,5,5,6,
大園,2025/06/22 00:00:00,RAINFALL,0,0,0,0,0,0,0,0,0,0,0,0,0,0,0,0,0,0,0,0,0,0,0,0,
大園,2025/06/22 00:00:00,RH,82,83,83,81,81,81,80,77,70,63,59,60,59,54,56,54,55,56,59,60,59,59,60,62,
大園,2025/06/22 00:00:00,SO2,1.1,1,0.9,0.7,0.9,0.9,0.8,1,0.9,0.6,0.7,1,0.8,0.7,0.7,0.5,0.4,0.5,0.4,0.7,0.8,0.8,1,1,
大園,2025/06/22 00:00:00,WD_HR,193,188,185,194,197,192,200,217,224,227,237,249,249,249,247,240,231,228,221,205,201,203,225,232,
大園,2025/06/22 00:00:00,WIND_DIREC,201,188,195,193,203,195,202,223,225,233,254,251,239,240,247,246,229,229,210,200,204,217,230,253,
大園,2025/06/22 00:00:00,WIND_SPEED,1,1.4,1.2,1.6,1.3,1.8,1.5,4.4,4.2,4.3,5.2,5,4.7,5.3,5.1,4.3,3.5,4.3,2.2,1.2,1.5,1.3,1.2,0.9,
大園,2025/06/22 00:00:00,WS_HR,1,1.4,1.5,1.1,1.4,1.7,1.5,2.5,3.8,4,4.1,4.4,4.7,5.1,5.1,4.5,4.6,3.8,2.6,1.2,1.6,1.1,0.9,0.8,
大園,2025/06/23 00:00:00,AMB_TEMP,28.9,28.8,28.3,28,27.6,27.6,28.7,29.1,30.9,31.9,32.4,32.1,31.8,31.2,31,31.2,31.1,30.1,29.7,29.5,29.4,29.7,29.8,29.4,
大園,2025/06/23 00:00:00,CO,0.21,0.18,0.17,0.15,0.14,0.13,0.13,0.16,0.14,0.14,0.13,0.15,0.13,0.1,0.08,0.07,0.08,0.1,0.1,0.12,0.14,0.19,0.22,0.26,
大園,2025/06/23 00:00:00,NO,0.4,0.8,0.8,0.8,0.7,1,2.1,2.1,3.1,1.9,1.5,1.4,1.1,1,1.1,1.4,1.2,1.2,0.9,0.6,0.6,0.8,0.8,0.8,
大園,2025/06/23 00:00:00,NO2,12.3,9.8,8.9,8.2,8.6,7.7,5.5,4.9,4.9,5.2,4.9,4.8,4.2,2.9,2.7,2.4,2.3,3.6,3.5,4,6.5,7.7,8.9,11.3,
大園,2025/06/23 00:00:00,NOx,12.7,10.7,9.8,9,9.3,8.7,7.7,7,8,7.2,6.5,6.3,5.3,3.9,3.8,3.8,3.6,4.8,4.5,4.7,7.2,8.6,9.7,12.2,
大園,2025/06/23 00:00:00,O3,6.7,8,8.1,7.5,6.3,7.1,9.9,12.1,15.9,25,35.8,45.6,42.5,33.1,27.8,25.2,26.8,23.1,21,19.6,14.3,12.7,12.8,14.3,
大園,2025/06/23 00:00:00,PM10,11,11,17,19,18,18,13,17,16,15,18,25,24,23,15,16,17,4,18,17,19,12,13,23,
大園,2025/06/23 00:00:00,PM2.5,8,5,3,7,7,8,5,5,4,1,3,6,5,6,5,4,5,5,4,4,3,4,5,6,
大園,2025/06/23 00:00:00,RAINFALL,0,0,0,0,0,0,0,0,0,0,0,0,0,0,0,0,0,0,0,0,0,0,0,0,
大園,2025/06/23 00:00:00,RH,64,66,68,70,74,72,66,63,57,51,53,56,60,61,62,58,58,62,62,64,62,59,59,65,
大園,2025/06/23 00:00:00,SO2,1.1,1.2,1.2,1.3,1.1,1.5,1.7,1.5,1.3,1.3,1.5,1.7,1.3,1.2,0.9,0.7,0.9,0.8,0.8,0.8,1,1.2,1.3,1.4,
大園,2025/06/23 00:00:00,WD_HR,210,207,193,202,197,195,203,200,216,234,256,247,252,245,240,237,234,233,212,189,183,176,165,156,
大園,2025/06/23 00:00:00,WIND_DIREC,166,180,208,209,200,205,204,191,228,253,242,258,251,242,242,240,236,226,197,185,185,178,153,160,
大園,2025/06/23 00:00:00,WIND_SPEED,1.3,1.4,1.9,1.6,1.6,2.1,2,1.9,3.5,2.5,3.4,5.6,5.1,5.1,5,5.3,4.6,3,1.8,1.8,2.1,2.2,2.4,1.5,
大園,2025/06/23 00:00:00,WS_HR,0.6,1.1,1.5,1.9,1.4,1.7,2,1.7,2.6,2.7,3.4,4.3,4.5,4.6,4.7,5.2,4.6,3.4,2.2,1.6,2,2.1,1.8,2.4,
大園,2025/06/24 00:00:00,AMB_TEMP,29.1,28.8,28.5,28.2,27.9,28,28.4,29.4,30.6,31.5,32.3,32.3,32.6,33.1,33.2,33.1,32.7,32.7,31.1,29.8,29.8,30,29.7,29,
大園,2025/06/24 00:00:00,CO,0.24,0.29,0.23,0.19,0.17,0.16,0.17,0.18,0.23,0.18,0.13,0.13,0.17,0.14,0.11,0.1,0.11,0.14,0.15,0.12,0.15,0.21,0.2,0.14,
大園,2025/06/24 00:00:00,NO,0.3,0.9,0.3,0.3,0.5,1,2.9,4.5,4.6,3,1,0.6,0.8,0.7,#,1,0.9,0.3,0.1,0,0,0.9,1.3,0,
大園,2025/06/24 00:00:00,NO2,11.7,13.3,13.5,11.6,11.2,10.9,9.2,8.6,8.4,7.3,4.7,4.4,4.1,3.9,#,4.7,6.7,7.2,8.1,6.1,6.9,14.3,14.3,9.8,
大園,2025/06/24 00:00:00,NOx,12,14.2,13.9,11.9,11.7,12,12.1,13.1,13,10.3,5.7,5.1,4.9,4.7,#,5.8,7.7,7.5,8.3,6,7,15.2,15.7,9.7,
大園,2025/06/24 00:00:00,O3,16,11.1,7.9,7.3,6.6,6.8,8.3,10.9,16,25,34.6,38.3,46.3,37.6,31.8,26.1,28.3,32,22.3,19.6,17.7,10.1,8.7,11.8,
大園,2025/06/24 00:00:00,PM10,25,26,22,23,22,17,22,21,26,16,11,15,19,18,#,6,14,20,17,13,19,19,16,14,
大園,2025/06/24 00:00:00,PM2.5,8,11,9,9,6,4,10,6,3,7,6,5,6,#,4,1,0,3,5,4,2,3,5,3,
大園,2025/06/24 00:00:00,RAINFALL,0,0,0,0,0,0,0,0,0,0,0,0,0,0,0,0,0,0,0,0,0,0,0,0,
大園,2025/06/24 00:00:00,RH,71,72,76,78,78,77,77,70,62,59,54,53,54,49,48,46,49,50,57,62,64,62,61,64,
大園,2025/06/24 00:00:00,SO2,1.4,1,0.9,1,1,1.2,1.3,1.5,2,2,1,0.9,0.9,1,#,0.5,0.3,0.6,0.5,0.5,0.4,1.8,1.6,0.7,
大園,2025/06/24 00:00:00,WD_HR,215,259,234,204,206,212,208,218,237,228,225,236,244,243,241,253,240,250,245,205,199,316,275,223,
大園,2025/06/24 00:00:00,WIND_DIREC,289,233,201,217,220,194,215,229,249,229,231,227,245,227,236,251,231,280,176,188,218,321,239,223,
大園,2025/06/24 00:00:00,WIND_SPEED,1.4,1.2,0.7,1.8,1.7,1.7,2.2,2.5,3.5,4.1,3.6,3.7,4.6,4.2,3.1,3.7,2.6,2.1,1.7,1.3,0.3,1.1,1.7,1.7,
大園,2025/06/24 00:00:00,WS_HR,0.5,0.9,0.8,1.3,1.3,1.8,1.5,1.9,2.5,3.5,3.4,3.3,3.6,3.7,3.4,3.7,2.6,2,1.9,1.5,0.5,0.6,1.2,1.7,
大園,2025/06/25 00:00:00,AMB_TEMP,28.7,28.6,28.5,27.9,27.6,27.9,28.8,29.6,30.8,31.8,32.6,32.9,33.6,33.2,32.4,32.1,31.9,31.5,30.7,29.6,29.9,29.9,29.7,29.3,
大園,2025/06/25 00:00:00,CO,0.17,0.21,0.21,0.21,0.2,0.22,0.24,0.23,0.18,0.14,0.11,0.12,0.13,0.11,0.1,#,0.13,0.16,0.14,0.1,0.12,0.18,0.26,0.3,
大園,2025/06/25 00:00:00,NO,0.6,0.3,0.2,0.2,0,1.2,4,4.5,3.4,2.5,0.7,0.7,0,0.7,1.1,#,1.3,1.6,0.7,0.7,0.3,0.8,0.1,0.1,
大園,2025/06/25 00:00:00,NO2,11.2,17.6,17.1,15,13.3,15.9,13.4,9.8,7.8,6.9,4.9,4.2,4.1,3.8,4.9,#,6.2,7.7,8.5,8.8,11,14.3,14.8,17,
大園,2025/06/25 00:00:00,NOx,11.9,17.9,17.4,15.3,13.2,17.2,17.4,14.3,11.3,9.4,5.7,5,4.2,4.5,6,#,7.6,9.3,9.3,9.5,11.3,15.1,14.9,17.2,
大園,2025/06/25 00:00:00,O3,8.5,3.6,3.9,5.3,5.4,3.3,8.4,13.9,19.9,26.5,30.7,38.5,46.3,36,#,25.5,27.5,21.7,18.8,18.2,13.5,12.1,19.2,14.2,
大園,2025/06/25 00:00:00,PM10,32,20,18,16,22,25,28,21,20,21,16,14,20,18,#,#,18,13,9,14,12,13,18,26,
大園,2025/06/25 00:00:00,PM2.5,10,9,8,10,7,4,9,8,8,5,5,8,8,6,#,11,8,9,6,2,0,5,10,9,
大園,2025/06/25 00:00:00,RAINFALL,0,0,0,0,0,0,0,0,0,0,0,0,0,0,#,#,0,0,0,0,0,0,0,0,
大園,2025/06/25 00:00:00,RH,68,70,74,79,81,80,78,74,65,58,52,52,52,53,55,58,59,61,62,69,67,67,68,70,
大園,2025/06/25 00:00:00,SO2,0.5,1.4,1.7,1.5,1.2,1.9,2.4,1.9,1.7,1.5,1.3,1.2,1.1,0.9,1.3,#,1,1,1.1,0.8,1.2,1.5,1,0.8,
大園,2025/06/25 00:00:00,WD_HR,218,220,219,191,190,196,232,230,227,223,243,257,253,286,311,323,315,323,336,28,125,126,147,143,
大園,2025/06/25 00:00:00,WIND_DIREC,226,230,197,185,194,164,221,249,225,210,229,279,256,304,322,329,321,321,13,41,173,128,136,167,
大園,2025/06/25 00:00:00,WIND_SPEED,0.9,2,1.2,1.5,1,0.3,1.6,2.2,2.3,2.7,2.8,2.6,3.4,3.6,4,3.4,3.2,1.9,2.9,1.1,0.5,0.9,0.8,0.8,
大園,2025/06/25 00:00:00,WS_HR,1,1.2,2,1.2,1.3,0.6,0.8,1.9,2.1,2.3,2.2,2.1,2.6,2.9,3.6,3.2,2.2,2,1.5,1.6,0.7,0.6,0.9,0.7,
大園,2025/06/26 00:00:00,AMB_TEMP,29.2,28.9,28.5,28.2,27.9,28.1,28.5,30,30.3,30.6,31.4,31.6,31.8,32.3,31.6,31.6,31.7,31.4,30.9,30.5,30.6,30.5,30,29.6,
大園,2025/06/26 00:00:00,CO,0.26,0.31,0.32,0.24,0.24,0.25,0.22,0.25,0.26,0.2,0.19,0.24,0.18,0.16,0.14,0.15,0.17,0.17,0.16,0.14,0.17,0.17,0.17,0.16,
大園,2025/06/26 00:00:00,NO,0.1,0.8,1,0.8,0.8,3.7,5.4,5.5,4,3.1,2.7,1.8,1.2,#,#,#,1.6,1.7,1,0.9,1,0.9,0.7,0.6,
大園,2025/06/26 00:00:00,NO2,18.1,13.6,17.8,15.8,11.2,14.3,16.2,14.9,14.5,12,9.9,10.3,6.9,#,#,#,5.8,7.1,6.5,6.3,9.4,11.7,8.4,7.7,
大園,2025/06/26 00:00:00,NOx,18.2,14.5,18.9,16.7,12,18,21.6,20.5,18.5,15.1,12.7,12.1,8.2,#,#,#,7.4,8.8,7.5,7.2,10.5,12.7,9.1,8.3,
大園,2025/06/26 00:00:00,O3,7.9,11.3,10,9.2,9.4,4,8.7,19.7,28.3,33.6,43.1,53.9,55.3,44.5,42.4,43.5,35,31.4,32.2,35.7,27.9,24.1,21.5,13,
大園,2025/06/26 00:00:00,PM10,35,21,31,26,23,25,31,28,32,23,27,28,20,21,16,15,13,16,14,12,13,17,19,13,
大園,2025/06/26 00:00:00,PM2.5,7,11,15,9,11,9,10,11,15,14,13,13,7,11,8,6,6,4,1,2,5,4,8,6,
大園,2025/06/26 00:00:00,RAINFALL,0,0,0,0,0,0,0,0,0,0,0,0,0,0,0,0,0,0,0,0,0,0,0,0,
大園,2025/06/26 00:00:00,RH,75,78,79,80,79,79,77,74,74,73,68,66,64,61,62,63,61,60,61,63,61,63,67,66,
大園,2025/06/26 00:00:00,SO2,1,0.8,1.8,1.8,0.8,0.4,0.9,1.4,1.7,1.4,1.3,1.6,1.2,1.3,2.1,1.4,1.1,2.1,1.3,1,1.2,1.8,1.6,0.8,
大園,2025/06/26 00:00:00,WD_HR,190,166,146,162,212,136,140,19,0,358,355,357,358,340,334,352,0,4,3,10,1,208,206,210,
大園,2025/06/26 00:00:00,WIND_DIREC,186,148,129,207,190,137,138,3,354,357,351,358,358,323,359,296,5,351,4,22,212,220,189,225,
大園,2025/06/26 00:00:00,WIND_SPEED,0.7,1.1,1.1,0.8,0.4,0.8,0.5,2,3,2.9,3.6,3.9,3,2.6,3.1,1.5,2.6,1.9,2.2,1.8,0.4,1.6,1.2,1.3,
大園,2025/06/26 00:00:00,WS_HR,0.6,0.8,1.5,1.1,0.9,0.5,0.9,1,2.3,2.6,3.3,3.4,3.5,2.2,2.3,2.2,2.2,1.9,2,1.7,0.8,1.1,1.2,1,
大園,2025/06/27 00:00:00,AMB_TEMP,29.2,29.1,28.7,28.2,27.7,27.9,29,30.4,31.5,31.5,32.6,32.6,32.7,32.5,30.8,29,25.7,26.4,27.4,26.9,26.6,26.4,26.2,26.2,
大園,2025/06/27 00:00:00,CO,0.14,0.19,0.22,0.26,0.23,0.18,0.18,0.16,0.15,0.12,0.14,0.14,0.14,0.12,0.13,0.12,0.17,0.23,0.27,0.33,0.36,0.36,0.3,0.32,
大園,2025/06/27 00:00:00,NO,0.6,1.3,1.5,1.3,1.3,1.4,2.4,2.6,3.4,3.1,3.6,3.7,2.5,2.4,1.5,0.8,1,2,1.9,0.8,0.7,1.5,1.5,1.8,
大園,2025/06/27 00:00:00,NO2,8.9,13.6,13.8,14.4,12.9,11.1,8.8,7.3,6.6,4.2,6.6,6.9,5.9,5.2,6.2,6.2,15.2,16.9,17.1,19.1,20.9,20.9,19.5,19.7,
大園,2025/06/27 00:00:00,NOx,9.5,14.9,15.3,15.8,14.2,12.5,11.3,10,10.1,7.4,10.2,10.6,8.4,7.6,7.7,7.1,16.3,19,19.1,19.9,21.7,22.4,21.1,21.5,
大園,2025/06/27 00:00:00,O3,8.2,4.6,3.6,3.6,4,8.4,14.1,17.8,18.3,20.2,22.7,22.6,24.8,31.6,36.9,31.6,17.5,22,22.2,14.4,10.7,7.3,3.6,2.1,
大園,2025/06/27 00:00:00,PM10,9,11,12,18,16,18,18,13,14,13,16,10,13,12,10,30,27,17,13,21,26,27,22,19,
大園,2025/06/27 00:00:00,PM2.5,1,5,3,4,7,7,3,1,1,0,2,1,0,0,0,0,2,3,7,7,6,6,6,8,
大園,2025/06/27 00:00:00,RAINFALL,0,0,0,0,0,0,0,0,0,0,0,0,0,0,0,0,0,0,0,0,0,0,0,0,
大園,2025/06/27 00:00:00,RH,66,66,68,74,77,74,65,60,56,56,53,53,52,54,62,67,71,69,62,65,68,70,70,68,
大園,2025/06/27 00:00:00,SO2,0.8,0.7,0.6,1.3,1.1,0.9,0.7,1.1,1.4,0.9,1.1,1,0.9,1,1,1.1,0.6,0.7,0.6,0.8,0.7,0.8,1,1,
大園,2025/06/27 00:00:00,WD_HR,150,148,163,163,211,184,196,235,308,326,336,323,338,341,323,195,142,151,150,145,151,147,147,156,
大園,2025/06/27 00:00:00,WIND_DIREC,146,154,164,195,200,215,185,266,328,332,335,337,332,351,297,159,138,132,141,142,151,144,152,148,
大園,2025/06/27 00:00:00,WIND_SPEED,1.1,1.4,1.2,0.8,1.2,0.7,0.9,1.4,3.3,3.2,2.2,3,3.8,3.4,1.7,5,3.3,3.1,2.3,2.8,3.3,2.3,2.7,1.2,
大園,2025/06/27 00:00:00,WS_HR,0.8,1.2,1.2,1.2,1.2,1.2,0.9,0.9,1.9,3.1,2.4,2.7,3.1,3,2.3,1.4,3.1,2.6,2.7,2.7,2.6,2.4,2.2,1.8,
大園,2025/06/28 00:00:00,AMB_TEMP,26.1,25.9,25.6,25.5,25.4,25.6,27,29.1,30.5,31.9,31.7,32.5,31.9,31.5,31.8,31.2,30.2,29.8,29.6,29.2,29,29.1,29,28.9,
大園,2025/06/28 00:00:00,CO,0.27,0.24,0.19,0.2,0.16,0.16,0.19,0.19,0.13,0.12,0.16,0.18,0.16,0.13,0.11,0.09,0.1,0.11,0.1,0.16,0.1,0.11,0.09,0.11,
大園,2025/06/28 00:00:00,NO,3.4,4.7,2,1.8,1.6,2.1,6,5.8,3.4,4.1,3.3,1.8,1.8,2,1.8,2.7,2.3,1.9,2.5,1.4,1.6,1.5,1.4,1.2,
大園,2025/06/28 00:00:00,NO2,18.7,19,14.8,15.8,13,11.8,11.2,8.7,5.5,8.6,8.7,5.1,2.5,2.2,3,2.9,3.4,4,5.5,5.5,5.1,3.5,4.2,5.8,
大園,2025/06/28 00:00:00,NOx,22.2,23.7,16.9,17.6,14.7,14,17.2,14.5,8.9,12.7,12,7,4.4,4.3,4.9,5.6,5.7,6,8,6.9,6.8,5,5.7,7.1,
大園,2025/06/28 00:00:00,O3,0.3,0.5,2.3,1.7,3.6,4.5,7.7,14.4,23.6,25.1,38.8,36.3,33.3,35.6,35.2,30.6,24.9,23,21.2,20.3,22,23,21.2,17.9,
大園,2025/06/28 00:00:00,PM10,15,17,19,18,15,19,17,17,11,13,13,10,9,14,13,17,15,14,8,7,9,13,10,5,
大園,2025/06/28 00:00:00,PM2.5,5,3,3,4,4,3,1,3,0,0,2,2,4,3,1,0,2,0,0,0,4,3,2,4,
大園,2025/06/28 00:00:00,RAINFALL,0,0,0,0,0,0,0,0,0,0,0,0,0,0,0,0,0,0,0,0,0,0,0,0,
大園,2025/06/28 00:00:00,RH,66,65,65,66,65,65,60,54,51,49,49,48,53,56,55,58,59,60,65,72,77,78,78,79,
大園,2025/06/28 00:00:00,SO2,0.9,0.9,1,0.9,0.8,0.7,0.9,0.8,0.7,0.8,1.1,1.2,0.8,0.6,0.7,0.7,1.1,1.2,1,0.8,1.1,1.2,1.3,1.4,
大園,2025/06/28 00:00:00,WD_HR,150,146,148,148,153,148,149,169,190,144,355,0,354,2,12,22,24,26,22,3,18,355,357,246,
大園,2025/06/28 00:00:00,WIND_DIREC,163,151,147,148,152,149,152,159,184,199,359,2,360,9,11,30,30,16,29,1,22,3,232,263,
大園,2025/06/28 00:00:00,WIND_SPEED,1.8,2.2,1.9,2,1.3,1.7,1.7,1.3,1.6,1.6,4,4.1,4.7,4.3,4.9,3.7,3.4,2.6,2,2.2,0.5,1.4,1.1,1.5,
大園,2025/06/28 00:00:00,WS_HR,1.6,1.7,1.9,2,1.6,1.5,2.2,1.2,1.1,0.4,2.5,3.7,4.3,4.1,3.9,3.8,3.4,2.7,2,1.5,1.2,1,0.4,1,
大園,2025/06/29 00:00:00,AMB_TEMP,28.7,28.1,27.9,28.1,27.9,27.9,28.4,30,30.5,31.2,31.5,31.7,32.2,32,32.2,31.7,30.3,28.7,28.6,27.3,27.3,27.6,28.2,28.1,
大園,2025/06/29 00:00:00,CO,0.1,0.17,0.2,0.2,0.19,0.18,0.2,0.2,0.15,0.19,0.18,0.14,0.13,0.11,0.1,0.12,0.12,0.13,0.19,0.12,0.15,0.18,0.22,0.26,
大園,2025/06/29 00:00:00,NO,1.3,0,0,0,#,0,2,6.6,#,2.4,1.8,1.4,1.7,1.1,1.2,1.2,1,0.8,0.5,0.8,0.8,0.8,0.7,0.7,
大園,2025/06/29 00:00:00,NO2,2.7,5.5,6.8,7.1,*,8.5,11.7,17.1,#,8.9,5.5,4.3,3.6,3.2,3,3.6,4.6,4.2,7.9,4.8,4.6,9.1,12.8,12.9,
大園,2025/06/29 00:00:00,NOx,4,5.2,6.4,6.8,*,8.3,13.7,23.7,#,11.4,7.3,5.8,5.3,4.3,4.3,4.9,5.6,5,8.5,5.6,5.5,10,13.5,13.7,
大園,2025/06/29 00:00:00,O3,22.2,13.4,13.6,16.4,16.7,15.1,12.5,15.4,26.5,31.5,42.1,31.4,29.8,29.4,29.1,30.5,25.6,23.1,20.2,26.1,23.8,18.5,13.3,10.3,
大園,2025/06/29 00:00:00,PM10,10,15,20,22,19,20,29,22,15,21,20,14,11,15,11,10,21,15,14,10,14,10,6,14,
大園,2025/06/29 00:00:00,PM2.5,3,2,10,8,12,12,10,7,4,6,10,6,2,2,1,3,8,5,5,5,2,4,3,3,
大園,2025/06/29 00:00:00,RAINFALL,0,0,0,0,0,0,0,0,0,0,0,0,0,0,0,0,0,0,0,0,0,0,0,0,
大園,2025/06/29 00:00:00,RH,80,81,82,82,83,84,82,78,76,69,67,64,61,58,58,60,72,81,80,81,80,78,76,75,
大園,2025/06/29 00:00:00,SO2,0.9,0.8,0.7,0.7,0.6,0.7,0.9,1.8,1.8,1.5,2.3,2.4,2,2.2,2.2,1.7,1,0.8,0.8,0.5,0.5,0.4,0.6,0.4,
大園,2025/06/29 00:00:00,WD_HR,255,215,198,212,180,169,141,3,358,358,355,347,343,317,321,301,239,187,186,193,153,144,156,189,
大園,2025/06/29 00:00:00,WIND_DIREC,220,184,172,131,162,150,109,354,0,351,354,340,328,297,292,267,227,167,196,171,132,150,158,194,
大園,2025/06/29 00:00:00,WIND_SPEED,1.5,1.1,0.8,0.3,1.1,0.9,0.7,1.3,2.4,4.5,3.3,3.1,3.3,2.9,2.4,2.1,3,2.6,3.6,2.4,1.9,1.6,1.4,1.3,
大園,2025/06/29 00:00:00,WS_HR,1.4,1.1,0.9,0.3,0.8,0.6,0.9,0.7,2.1,3.1,3.8,3.2,3.2,2.8,2.1,1.7,1.9,1.8,2.3,2.3,1.5,1.7,1.3,1,
大園,2025/06/30 00:00:00,AMB_TEMP,27.7,27.7,27.4,27.1,27,27.1,28,29.7,31.6,32.2,31.9,32.3,32.2,32.3,32.3,32.3,32.3,31.5,30.5,30,29.9,29.6,29.3,29.2,
大園,2025/06/30 00:00:00,CO,0.29,0.25,0.24,0.23,0.17,0.21,0.25,0.2,0.19,0.19,0.17,0.2,0.19,0.18,0.16,0.16,0.17,0.22,0.18,0.23,0.2,0.18,0.17,0.18,
大園,2025/06/30 00:00:00,NO,1.4,0.5,0.9,0.8,1.5,2.2,9.6,7.3,5.7,5.2,2.9,2,1.6,1.4,1.4,1.9,1.4,1.2,0.8,1.1,0.9,0.9,0.9,0.8,
大園,2025/06/30 00:00:00,NO2,14.5,11.3,10.8,11.6,10.8,10.4,13.3,10.7,15.4,11.6,8.6,8.2,8,6.6,6.4,5.4,5,6.3,5.9,12.7,8.5,5.9,5.3,5.4,
大園,2025/06/30 00:00:00,NOx,15.9,11.9,11.8,12.5,12.3,12.6,22.9,18.1,21.2,16.8,11.5,10.2,9.6,8,7.8,7.3,6.5,7.6,6.8,13.9,9.5,6.8,6.3,6.2,
大園,2025/06/30 00:00:00,O3,5.7,8.1,6.9,4.4,3.4,4.5,5.9,17.8,25.5,31.6,42.6,57.6,59.3,59.5,58,53.7,46.2,45.2,48,44.7,50.4,47.9,43.8,40.6,
大園,2025/06/30 00:00:00,PM10,17,17,20,18,21,19,21,6,21,21,20,20,18,28,13,13,17,12,13,15,17,22,22,20,
大園,2025/06/30 00:00:00,PM2.5,4,3,9,6,3,2,2,8,9,5,4,11,6,4,5,4,5,6,6,10,7,7,11,11,
大園,2025/06/30 00:00:00,RAINFALL,0,0,0,0,0,0,0,0,0,0,0,0,0,0,0,0,0,0,0,0,0,0,0,0,
大園,2025/06/30 00:00:00,RH,77,79,79,80,79,78,77,69,61,56,57,57,56,56,55,53,51,55,62,68,70,75,79,80,
大園,2025/06/30 00:00:00,SO2,0.5,0.2,0.3,0.1,0.5,0.6,0.6,0.6,0.9,1.8,1.2,1.4,1.8,1.7,1.6,1.4,1.3,1.1,1.4,3.7,2.5,1,0.7,0.7,
大園,2025/06/30 00:00:00,WD_HR,170,201,183,152,158,151,140,134,5,353,350,350,328,322,329,318,320,327,304,303,295,212,199,194,
大園,2025/06/30 00:00:00,WIND_DIREC,189,195,168,145,163,151,134,91,8,346,351,337,335,331,322,314,318,321,285,297,313,182,208,192,
大園,2025/06/30 00:00:00,WIND_SPEED,0.8,0.6,0.8,1.7,1.9,1.8,1.6,0.8,3.2,3,3.1,3.3,3.9,3.1,3.1,2.9,2.7,2.4,1.8,1.7,1.8,1,0.7,1.2,
大園,2025/06/30 00:00:00,WS_HR,1.2,0.5,0.8,1.5,2.1,1.4,1.7,1.1,1.2,2.4,3.3,2.8,3.2,3.2,3,2.7,2.5,2.3,1.8,1.6,1.3,0.7,0.9,1,
大園,2025/07/01 00:00:00,AMB_TEMP,29.2,29.1,29.1,28.5,28.5,28.7,29.7,30.6,32,32,32.9,33.6,33.4,32.3,32.4,32.3,32.2,31.8,31.8,31.6,31,30.7,30.6,30.3,
大園,2025/07/01 00:00:00,CO,0.22,0.29,0.31,0.31,0.3,0.27,0.24,0.24,0.22,0.3,0.28,0.27,0.24,#,0.19,0.18,0.16,0.14,0.15,0.15,0.12,0.12,0.13,0.12,
大園,2025/07/01 00:00:00,NO,0.8,0.6,0.5,0.4,0.6,0.9,3.1,5.1,5.7,3.8,2.1,0.8,1.4,#,0.8,0.5,1.1,0.6,0.5,0.5,0.8,0.6,0.2,0.4,
大園,2025/07/01 00:00:00,NO2,7.1,10.7,14.1,13.6,14.7,15.4,12.2,10.5,12,19.4,12.5,8.2,7.6,#,4.8,4.7,6.3,6.3,6.5,7.8,6.3,4.9,6.8,6.2,
大園,2025/07/01 00:00:00,NOx,7.9,11.3,14.6,14,15.3,16.4,15.3,15.7,17.8,23.2,14.6,9.1,9.1,#,5.7,5.2,7.5,6.9,7.1,8.3,7.2,5.5,7,6.6,
大園,2025/07/01 00:00:00,O3,30.7,23.4,19.4,14,10.6,8.9,10.2,13.7,21.4,40.8,66.4,67.4,64.9,#,#,60,47.9,40.2,29.7,13.4,11.9,11.4,10,10.5,
大園,2025/07/01 00:00:00,PM10,36,23,27,30,27,22,21,19,16,35,32,27,27,9,#,18,26,20,17,23,20,12,11,9,
大園,2025/07/01 00:00:00,PM2.5,14,19,19,17,16,11,9,9,5,14,14,13,15,#,9,8,7,7,4,2,2,1,1,2,
大園,2025/07/01 00:00:00,RAINFALL,0,0,0,0,0,0,0,0,0,0,0,0,0,#,0,0,0,0,0,0,0,0,0,0,
大園,2025/07/01 00:00:00,RH,80,80,80,82,82,79,76,68,62,63,59,55,58,65,64,59,60,64,62,57,56,56,55,56,
大園,2025/07/01 00:00:00,SO2,0.7,0.9,0.9,0.7,0.7,1.4,1.6,2,1.8,2.5,2.8,2.1,1.7,#,#,1.8,1.8,2,1.4,0.8,0.8,0.8,1.4,1.6,
大園,2025/07/01 00:00:00,WD_HR,199,193,210,189,148,135,185,172,232,311,318,322,340,336,336,319,317,283,125,115,121,118,118,133,
大園,2025/07/01 00:00:00,WIND_DIREC,200,176,219,237,150,128,188,209,218,299,307,336,327,340,319,310,317,244,115,108,122,106,134,127,
大園,2025/07/01 00:00:00,WIND_SPEED,0.6,0.9,0.8,0.4,1.3,0.6,0.6,1.1,1.2,2.2,3.1,3.7,3.4,4.2,3.9,3.4,3,1.4,3.7,4,3.1,1.7,2.2,1.6,
大園,2025/07/01 00:00:00,WS_HR,0.7,0.6,0.8,0.5,0.7,0.8,0.8,0.8,0.8,1.7,2.6,2.7,3.2,3.9,3.6,3.3,2.8,1.8,1.4,3.3,3.9,2.3,1.9,2,
大園,2025/07/02 00:00:00,AMB_TEMP,30.1,29.9,29.7,29.4,29.3,29.4,30.5,32,33.2,34.5,35.6,36.2,36.3,36.4,36.3,36.1,35.2,33.3,32.3,31.2,30.7,30.3,30,29.6,
大園,2025/07/02 00:00:00,CO,0.13,0.14,0.15,0.13,0.12,0.13,0.15,0.16,0.17,0.16,0.15,0.15,0.15,0.16,0.14,0.12,0.14,0.14,0.16,0.17,0.2,0.18,0.17,0.16,
大園,2025/07/02 00:00:00,NO,0.8,1.5,1.5,1.5,1.7,2.4,5.9,8.3,10.1,7.3,6.1,5.5,4.6,3.6,4.6,5,4.5,4.1,3.6,2.8,3,2.6,2.3,2,
大園,2025/07/02 00:00:00,NO2,7.4,9,11.8,10.3,8.3,9.8,8.9,7.3,10,7.7,8.5,7.8,6.5,6.3,7.7,8.7,6.5,8.6,8,9.1,12.8,10.9,9.1,6.7,
大園,2025/07/02 00:00:00,NOx,8.3,10.6,13.4,11.9,10,12.3,14.8,15.7,20.2,15,14.7,13.4,11.1,9.9,12.4,13.8,11.1,12.8,11.7,11.9,15.9,13.5,11.4,8.8,
大園,2025/07/02 00:00:00,O3,9,7.8,4.9,6.5,7.5,6.1,7.6,9,11.2,15.4,18.7,22.4,24.6,27.4,24.1,21.1,23.2,24,15.9,14.2,12.5,14,15.6,19,
大園,2025/07/02 00:00:00,PM10,12,14,12,9,8,10,10,9,20,21,27,27,19,19,20,26,29,54,29,21,21,19,22,17,
大園,2025/07/02 00:00:00,PM2.5,2,3,2,0,1,5,2,0,0,2,4,2,2,6,6,4,7,8,10,8,9,9,5,6,
大園,2025/07/02 00:00:00,RAINFALL,0,0,0,0,0,0,0,0,0,0,0,0,0,0,0,0,0,0,0,0,0,0,0,0,
大園,2025/07/02 00:00:00,RH,57,59,60,62,62,62,58,53,50,46,42,40,39,40,39,39,42,50,51,53,56,58,60,62,
大園,2025/07/02 00:00:00,SO2,1.8,1,1.1,1.5,1.5,0.9,1.5,1.3,1.2,1,0.7,0.8,0.8,0.8,0.8,0.9,0.8,1,0.9,0.7,0.9,0.7,0.7,0.5,
大園,2025/07/02 00:00:00,WD_HR,149,151,150,132,127,95,95,95,89,89,77,86,86,79,86,84,78,68,83,74,71,68,75,67,
大園,2025/07/02 00:00:00,WIND_DIREC,147,146,146,131,128,92,113,95,94,70,70,94,81,80,86,83,67,82,72,81,65,64,66,64,
大園,2025/07/02 00:00:00,WIND_SPEED,1.7,1.5,2,1.6,1.8,2.1,2.1,3.9,4.2,4.6,4,6.1,6,5,6.2,5.6,6,5.4,5.5,4.3,4.3,4,4.6,4.6,
大園,2025/07/02 00:00:00,WS_HR,1.8,1.6,1.6,1.5,1.8,1.4,1.4,3.1,4,4.9,4.5,4.9,5.6,5.2,5.7,5.5,5.4,5.6,5.8,4.8,4.5,4.2,4.2,4.6,
大園,2025/07/03 00:00:00,AMB_TEMP,29.5,29.4,29.2,29,29,29,29.9,30.9,32.2,33,34.5,35.5,36,36.1,35.5,35,34.2,33.5,32.1,31.3,30.7,30.5,30.4,30.2,
大園,2025/07/03 00:00:00,CO,0.16,0.14,0.14,0.14,0.16,0.19,0.18,0.22,0.25,0.28,0.3,0.19,0.17,0.18,0.18,0.2,0.2,0.21,0.21,0.22,0.21,0.18,0.19,0.13,
大園,2025/07/03 00:00:00,NO,3.8,0.2,0.3,0.6,1.5,1.3,2.1,2.7,2.1,1,0.8,1.1,0.7,1.8,1.7,3.2,2.5,2.9,2.4,2.7,2.1,0.9,0.6,0,
大園,2025/07/03 00:00:00,NO2,12.5,5.3,7.5,6.3,12.5,12.6,11.7,8.6,8.4,7.5,8.8,7.8,6.5,8.1,7.9,11.9,10.2,11,11.4,12.3,12.7,9.4,7.7,5.1,
大園,2025/07/03 00:00:00,NOx,16.3,5.6,7.8,7,14.1,13.9,13.8,11.3,10.5,8.6,9.7,9,7.2,10,9.7,15.1,12.7,14,13.9,15,14.9,10.3,8.4,5.1,
大園,2025/07/03 00:00:00,O3,16.9,23.6,22.1,23.1,18.7,18.9,21.1,25.9,33.5,50.6,57.4,47,45,41.6,36.7,32,30.5,25.5,17.8,16.4,14.6,16.1,17.9,22.6,
大園,2025/07/03 00:00:00,PM10,31,18,21,16,20,20,19,21,20,27,29,25,27,22,55,40,47,37,25,33,24,20,29,13,
大園,2025/07/03 00:00:00,PM2.5,6,7,4,4,7,6,7,6,9,7,6,5,6,5,12,7,8,7,5,7,9,8,7,4,
大園,2025/07/03 00:00:00,RAINFALL,0,0,0,0,0,0,0,0,0,0,0,0,0,0,0,0,0,0,0,0,0,0,0,0,
大園,2025/07/03 00:00:00,RH,64,63,63,64,65,64,61,58,54,50,45,40,37,37,38,38,39,42,47,50,54,55,53,53,
大園,2025/07/03 00:00:00,SO2,0.7,0.6,0.7,0.7,1.1,1.4,0.9,0.8,1,1.2,1.1,0.7,0.7,0.8,0.6,0.9,0.8,0.8,0.9,1,1.1,0.9,0.8,0.8,
大園,2025/07/03 00:00:00,WD_HR,66,77,73,77,97,94,90,112,119,138,89,91,93,88,102,81,95,99,84,89,77,82,104,121,
大園,2025/07/03 00:00:00,WIND_DIREC,68,73,72,92,100,81,106,107,162,124,78,99,92,88,90,80,102,98,83,88,70,98,115,125,
大園,2025/07/03 00:00:00,WIND_SPEED,4.1,3.4,3.3,3.6,3.1,2.4,2.9,3.1,1.9,2.1,3.6,4.8,5.1,5.3,6.9,5.7,6.2,6.3,5,5.7,4.6,5.4,5.4,4.4,
大園,2025/07/03 00:00:00,WS_HR,4.4,3.3,3.2,2.8,2.8,2.6,2.5,2.6,1.7,1.7,2.5,3.8,4.4,5.2,5.9,5.2,6.1,5.8,5.1,5.4,4.3,4.1,4.7,4.4,
大園,2025/07/04 00:00:00,AMB_TEMP,30.1,29.8,29.6,29.6,29.4,29.1,30.1,31.5,33.2,33.5,33.6,33.8,33.5,33.3,32.6,32.6,32.2,32.3,32.1,31.1,29.9,29.1,28.8,29.3,
大園,2025/07/04 00:00:00,CO,0.14,0.15,0.15,0.19,0.21,0.16,0.16,0.19,0.21,0.24,0.26,0.23,0.23,0.24,0.23,0.2,0.14,0.16,0.13,0.16,0.21,0.16,0.15,0.16,
大園,2025/07/04 00:00:00,NO,0.2,1.1,1.3,1.5,1.6,2,3,3.1,3.3,2.6,3,2.5,1.6,1.5,1.5,1.5,1.6,2,1.4,1.4,1.1,0.9,1.1,1.1,
大園,2025/07/04 00:00:00,NO2,4.9,5.6,4.7,7.5,11.3,11.9,9.9,7.8,7.9,9.9,11,8.5,5.8,5.7,6,6.3,6.7,8.6,6.5,6.8,5.8,5.8,5.6,4.7,
大園,2025/07/04 00:00:00,NOx,5.2,6.8,6,9.1,12.9,14,13,11,11.2,12.6,14,11.1,7.5,7.2,7.5,7.9,8.3,10.6,7.9,8.3,7,6.8,6.7,5.9,
大園,2025/07/04 00:00:00,O3,21,20.7,21.6,16.2,11.8,11.1,15.5,17.5,31.7,49.3,59.6,63.4,66.2,69.8,71.2,63.6,47,36.3,18.7,26.2,50.5,39.2,33.2,32.9,
大園,2025/07/04 00:00:00,PM10,12,15,20,14,13,19,12,13,18,26,28,31,34,29,30,26,21,21,9,21,24,15,13,9,
大園,2025/07/04 00:00:00,PM2.5,7,9,7,7,7,5,8,6,6,5,14,11,9,15,12,15,9,7,5,10,8,7,5,3,
大園,2025/07/04 00:00:00,RAINFALL,0,0,0,0,0,0,0,0,0,0,0,0,0,0,0,0,0,0,0,0,0,0,0,0,
大園,2025/07/04 00:00:00,RH,53,54,55,55,56,58,56,52,46,45,47,46,47,49,54,55,59,60,54,62,64,65,66,63,
大園,2025/07/04 00:00:00,SO2,0.8,0.9,0.8,1.1,1.3,1.5,1.3,0.9,1.1,1.1,1.9,1.4,1.1,1.3,1.5,1.7,1.4,1.9,0.8,0.7,0.6,0.5,0.5,0.4,
大園,2025/07/04 00:00:00,WD_HR,120,126,125,114,126,137,129,132,153,272,315,315,316,317,314,312,283,325,129,196,209,200,180,211,
大園,2025/07/04 00:00:00,WIND_DIREC,118,126,124,117,129,133,127,131,243,306,312,318,315,329,307,319,259,148,142,202,206,185,192,223,
大園,2025/07/04 00:00:00,WIND_SPEED,3,3.1,2.4,1.9,1.4,1.7,2.7,2.9,1.2,2.5,3.4,3.9,3.7,4.5,3.6,3.2,2.1,2.3,2.8,2.1,3.1,1.7,1.2,1.9,
大園,2025/07/04 00:00:00,WS_HR,3.4,3.1,2.9,2.2,1.4,1.7,2,2.5,1.2,1.1,3,3.6,4,4,3.7,3,2,0.3,3.2,1.4,2.6,2.3,1.4,1.2,
大園,2025/07/05 00:00:00,AMB_TEMP,29.6,29.4,29.2,29,29,29.1,29.1,29.5,30.6,30.2,30.2,30.4,31.5,31,30.7,31,30.8,30.5,30.4,30,29.6,29.3,27.3,27.6,
大園,2025/07/05 00:00:00,CO,0.14,0.18,0.17,0.18,0.18,0.17,0.15,0.16,0.2,0.19,0.16,0.17,0.14,0.11,0.12,0.11,0.12,0.14,0.18,0.14,0.13,0.13,0.13,0.14,
大園,2025/07/05 00:00:00,NO,1.4,#,#,#,#,#,#,#,6.6,2.3,1.7,1.6,1.7,1.3,1.8,1.9,1.5,1.1,1,0.7,0.8,0.5,0.5,0.5,
大園,2025/07/05 00:00:00,NO2,4.5,*,*,*,*,*,*,#,12.3,8.1,5.3,4.7,2.8,3.2,3.4,4.6,3.9,3.1,3.7,5.7,5.2,4.2,3.1,3.8,
大園,2025/07/05 00:00:00,NOx,5.9,*,*,*,*,*,*,#,18.9,10.5,7.1,6.4,4.6,4.6,5.3,6.6,5.4,4.2,4.7,6.4,6,4.7,3.7,4.4,
大園,2025/07/05 00:00:00,O3,33.9,28.4,26,22.9,20.5,18.4,18.4,18.6,16.6,25.1,28.9,28.7,30.8,37.4,38.4,40.1,39,29.9,25.6,22.7,21.1,23.7,34.8,32.5,
大園,2025/07/05 00:00:00,PM10,13,11,9,16,12,11,7,15,18,20,12,16,20,15,16,16,16,14,17,20,12,19,11,15,
大園,2025/07/05 00:00:00,PM2.5,3,3,4,2,7,5,3,3,5,3,0,1,0,0,0,0,4,4,4,3,3,7,4,2,
大園,2025/07/05 00:00:00,RAINFALL,0,0,0,0,0,0,0,0,0,0,0,0,0,0,0,0,0,0,0,0,0,0,0,0,
大園,2025/07/05 00:00:00,RH,61,60,60,62,62,63,65,65,62,64,65,63,60,61,63,62,64,68,68,73,78,79,81,79,
大園,2025/07/05 00:00:00,SO2,0.4,1,0.9,0.8,0.7,0.8,0.8,1.2,1.9,1.4,0.9,0.5,0.5,0.4,0.4,0.5,0.3,0.2,0.4,0.8,0.4,0.4,0.1,0.3,
大園,2025/07/05 00:00:00,WD_HR,247,272,244,201,204,234,203,203,310,333,352,350,358,6,3,20,9,0,341,265,236,237,215,161,
大園,2025/07/05 00:00:00,WIND_DIREC,298,257,242,180,254,264,180,260,348,351,1,353,352,8,6,11,4,0,293,239,221,243,199,142,
大園,2025/07/05 00:00:00,WIND_SPEED,1,1.3,1.4,1.1,0.8,1,1.4,1,1.4,3.2,3.3,2.9,3.4,3.6,4.7,5.1,5.5,3.6,2.4,1.8,2.3,5.1,1.5,1.2,
大園,2025/07/05 00:00:00,WS_HR,1.1,1.2,1.4,0.9,0.6,0.7,0.8,0.9,0.6,2.6,2.9,2.4,3.1,3.2,4.1,4.3,4.9,4,2.4,1.7,1.8,2.9,2.7,1.6,
大園,2025/07/06 00:00:00,AMB_TEMP,27.9,28,28.4,28.3,28.1,28.1,28.9,29.5,30.3,30.9,32.5,32.5,31.8,30.7,31.5,31.2,30.4,29.7,28.4,28,27.8,27.5,27.8,28.6,
大園,2025/07/06 00:00:00,CO,0.19,0.2,0.17,0.18,0.14,0.12,0.17,0.22,0.2,0.2,0.2,0.23,0.23,0.2,0.21,0.17,0.17,0.15,0.1,0.1,0.1,0.1,0.11,0.12,
大園,2025/07/06 00:00:00,NO,0.6,1.3,1.3,1.8,3.1,1.7,2.6,4,4,2.6,2.4,2,1.9,1.6,1.5,2.6,3.1,2.6,1.2,1.4,1.4,1.6,1.7,2,
大園,2025/07/06 00:00:00,NO2,7.5,11,7,8,6.9,8.1,9.3,8.4,7.9,6.2,6.6,7.5,7.3,6.2,5.7,8.2,8.7,8.1,4.5,3.5,4.9,6.4,6.9,6.1,
大園,2025/07/06 00:00:00,NOx,8.2,12.4,8.3,9.9,10.1,9.9,12,12.4,11.9,8.9,9,9.6,9.3,7.8,7.3,10.9,11.9,10.7,5.8,4.9,6.3,8,8.6,8.2,
大園,2025/07/06 00:00:00,O3,27.1,24.2,32.2,31.4,30.6,32.2,22.1,17.1,21.1,34.2,48,57.1,51,48.6,57.5,31.3,16.7,17.3,22.2,23,21.1,21.9,19,18.4,
大園,2025/07/06 00:00:00,PM10,15,11,10,14,14,19,21,12,14,20,20,26,24,23,20,19,23,51,137,61,29,11,11,6,
大園,2025/07/06 00:00:00,PM2.5,3,3,4,4,4,4,6,3,1,4,8,7,4,5,5,4,2,0,4,4,1,0,0,0,
大園,2025/07/06 00:00:00,RAINFALL,0,0,0,0,0,0,0,0,0,0,0,0,0,0,0,0,0,0,0,0,0,0,0,0,
大園,2025/07/06 00:00:00,RH,79,78,77,77,79,81,75,64,59,55,50,51,56,64,59,55,54,53,56,59,62,67,68,61,
大園,2025/07/06 00:00:00,SO2,0.3,0.6,0.7,2.3,0.9,0.6,1.1,1.8,1.8,1.4,1.3,1.8,2.6,1.2,1.7,1.4,1.2,1,0.8,0.7,0.9,0.9,0.8,0.8,
大園,2025/07/06 00:00:00,WD_HR,145,152,298,347,10,22,59,90,113,162,223,292,328,346,332,105,112,106,116,117,111,76,74,92,
大園,2025/07/06 00:00:00,WIND_DIREC,139,236,314,0,21,16,83,79,131,204,234,314,335,345,305,113,108,116,116,122,79,73,89,97,
大園,2025/07/06 00:00:00,WIND_SPEED,0.4,0.4,1.3,1.5,1.3,1.7,1.8,1.6,2.1,1.7,1.6,3.4,3.6,2.2,1.5,4.8,5.4,9.1,10.2,8.2,4.8,4.3,4.7,5,
大園,2025/07/06 00:00:00,WS_HR,1.1,0.3,0.8,1,1.1,1.3,1.5,1.4,1.5,1.2,0.9,1.9,3.1,2.4,1.9,2.4,4.6,6.4,8.3,8.5,6.8,4.6,3.9,4.6,
大園,2025/07/07 00:00:00,AMB_TEMP,29.1,29.4,28,26.8,27.1,26.6,26.2,25.4,24.8,24.9,24.9,24.7,25.3,26.8,28.1,28.8,29.4,29.7,29.2,28.4,29.2,29.4,29.4,29.2,
大園,2025/07/07 00:00:00,CO,0.14,0.11,0.13,0.13,0.1,0.08,0.08,0.08,0.08,0.1,0.1,0.09,0.09,0.1,0.11,0.12,0.13,0.13,0.13,0.15,0.13,0.13,0.13,0.13,
大園,2025/07/07 00:00:00,NO,3.3,0.4,0.6,0.6,0.6,0.5,0.5,0.7,0.7,0.8,0.6,0.6,0.7,0.5,0.8,0.9,0.8,0.9,0.9,0.4,0.8,0.5,0.5,0.7,
大園,2025/07/07 00:00:00,NO2,8.9,3.3,5.2,5.6,4.2,2.2,2.3,2.3,1.7,2.6,2.4,2.2,2.1,2.4,2.7,2.9,2.9,2.7,3.5,5.2,3.7,2.3,2.7,2.6,
大園,2025/07/07 00:00:00,NOx,12.2,3.8,5.8,6.3,4.8,2.7,2.9,3.1,2.5,3.4,3,2.8,2.8,2.9,3.5,3.8,3.8,3.7,4.5,5.6,4.6,2.8,3.3,3.4,
大園,2025/07/07 00:00:00,O3,16.2,20.5,15.3,13.4,16.1,22.1,24.5,25.9,28,23.6,25.4,29.1,31.3,30.1,31.6,35.8,39.3,38.3,31.2,26.8,33.9,36.8,37.5,36.6,
大園,2025/07/07 00:00:00,PM10,10,6,7,18,13,9,15,2,4,8,7,5,6,6,9,12,15,13,16,11,14,17,21,25,
大園,2025/07/07 00:00:00,PM2.5,0,0,3,4,2,0,0,0,1,0,0,0,0,0,0,0,3,3,3,5,7,5,5,8,
大園,2025/07/07 00:00:00,RAINFALL,0,0,0,0,0,0,0,1.5,2.5,14.5,11,13.5,6.5,0.5,0,0,0,0,0,0,0,0,0,0,
大園,2025/07/07 00:00:00,RH,58,55,62,76,78,80,82,85,85,87,88,88,87,82,80,80,79,77,71,71,70,71,73,75,
大園,2025/07/07 00:00:00,SO2,1,0.6,0.6,0.8,0.5,0.3,0.1,0.1,0.3,0.3,0.2,0.2,0.2,0.3,0.4,0.4,0.2,0.3,0.4,0.5,0.5,0.4,0.4,0.4,
大園,2025/07/07 00:00:00,WD_HR,112,143,197,200,206,210,218,226,219,221,237,220,214,225,230,234,233,233,227,229,233,243,247,245,
大園,2025/07/07 00:00:00,WIND_DIREC,140,147,191,201,208,217,215,220,217,227,226,218,215,233,234,229,234,230,224,227,232,249,242,233,
大園,2025/07/07 00:00:00,WIND_SPEED,3.4,2.6,1.8,5.2,6.1,6.8,6.1,9.2,6.5,6.4,6.1,6,4.9,5.7,4.8,5.4,4.9,4.6,2.8,3.3,3.6,5.6,5.5,5.8,
大園,2025/07/07 00:00:00,WS_HR,3.6,2.8,2,3.1,5.3,5.3,6.1,7.3,6.8,5.7,5.8,6,5.1,5.2,5,4.6,4.7,4.8,3.6,2.8,3.9,5,5.6,5.6,
大園,2025/07/08 00:00:00,AMB_TEMP,29.2,29.1,29.3,29.2,29.4,29.7,29.5,29.6,30.1,30.6,31,31.9,32.6,32.6,32.3,32.4,32.3,31.8,31.3,30.9,28.1,27.2,24.9,24.5,
大園,2025/07/08 00:00:00,CO,0.12,0.14,0.12,0.13,0.13,0.14,0.16,0.17,0.17,0.17,0.17,0.18,0.18,0.17,0.17,0.17,0.18,0.21,0.19,0.22,0.2,0.2,0.14,0.15,
大園,2025/07/08 00:00:00,NO,0.3,1.5,1.4,1.1,1.3,1.2,1.7,1.4,1.2,1.4,1,1.5,1.3,1.4,1.3,1.5,1.1,1.4,1.4,1.3,1.8,14,1.6,1.2,
大園,2025/07/08 00:00:00,NO2,2.7,3,2.5,2.7,2.4,2.2,2.8,3.3,4,3.6,3.8,4.2,4,3.1,3.4,4.3,4.5,6.3,5.4,6.9,19.6,33.3,2.7,2.6,
大園,2025/07/08 00:00:00,NOx,3.1,4.5,3.9,3.9,3.8,3.4,4.5,4.7,5.2,5,4.9,5.8,5.4,4.6,4.7,5.8,5.6,7.7,6.8,8.3,21.4,47.4,4.3,3.8,
大園,2025/07/08 00:00:00,O3,35.7,34,32.8,33.2,36.8,39.1,39.4,39.1,38.3,41.1,45,47.5,47.9,49,47.4,47.8,45.7,43,42.2,37.1,30.5,16.1,44.8,44.6,
大園,2025/07/08 00:00:00,PM10,30,21,17,6,22,21,26,24,24,22,23,21,17,20,21,23,24,26,21,22,26,24,8,7,
大園,2025/07/08 00:00:00,PM2.5,6,9,8,8,6,7,10,12,10,13,9,7,8,9,7,6,4,5,5,7,7,6,4,1,
大園,2025/07/08 00:00:00,RAINFALL,0,0,0,0,0,0,0,0,0,0,0,0,0,0,0,0,0,0,0,0,1,3.5,12.5,4,
大園,2025/07/08 00:00:00,RH,74,72,68,67,65,63,65,66,65,65,62,59,55,55,55,52,52,53,51,53,76,83,85,87,
大園,2025/07/08 00:00:00,SO2,0.3,0.9,0.9,1.1,1.1,1.1,1.1,0.8,1,1,0.8,0.9,1.1,0.9,0.9,1,1,0.9,0.9,1,1.1,1.5,1,0.7,
大園,2025/07/08 00:00:00,WD_HR,231,227,225,231,231,229,231,233,235,232,228,225,231,233,230,230,234,241,235,230,63,280,246,192,
大園,2025/07/08 00:00:00,WIND_DIREC,226,222,230,231,230,230,233,232,235,227,220,229,235,233,229,232,237,242,233,88,94,257,222,189,
大園,2025/07/08 00:00:00,WIND_SPEED,5.3,6.1,5.1,5.7,6.3,5.6,6.2,6.9,6.3,5.6,5.7,6.1,6,4.5,5,4.9,3.2,3.9,3.1,2.3,2.1,5.8,3.1,2.7,
大園,2025/07/08 00:00:00,WS_HR,6,5.9,5,5.3,5.8,5.9,5.7,6,5.9,6,5.6,5.2,5.1,4.9,4.5,4.6,4,3.5,3.7,1.7,2,0.7,4,2.7,
大園,2025/07/09 00:00:00,AMB_TEMP,24.5,24,23.4,23.1,23.3,23.5,23.6,23.7,24.1,24.8,25,25.4,25.9,25.4,25.1,24.9,24.3,23.7,24.1,24.4,24.3,24.6,24.7,24.5,
大園,2025/07/09 00:00:00,CO,0.15,0.14,0.13,0.12,0.14,0.15,0.23,0.28,0.28,0.23,0.24,0.27,0.25,0.3,0.28,0.32,0.26,0.26,0.44,0.52,0.42,0.44,0.46,0.4,
大園,2025/07/09 00:00:00,NO,1.2,1,1.2,0.9,1.1,1.5,1.5,1.6,1.3,1.7,2.7,5.9,4,#,#,3.6,2.4,1.7,3.5,2.9,1.9,4.6,4.1,3.9,
大園,2025/07/09 00:00:00,NO2,3.9,2.1,2.1,1.5,3.2,6.3,12.5,15.6,15.2,12.4,13.3,16.4,12.3,#,#,22.9,18.5,12.7,29.4,30.5,23.4,25.5,24.4,21.8,
大園,2025/07/09 00:00:00,NOx,5.1,3.2,3.3,2.5,4.3,7.8,14,17.2,16.5,14.1,16.1,22.3,16.4,#,#,26.5,21,14.4,33,33.5,25.3,30.2,28.5,25.7,
大園,2025/07/09 00:00:00,O3,39.7,44.5,48.1,51,49.7,42.9,35.2,29.7,29.3,30.4,26.9,17.8,23.2,22.6,19.1,16.9,24.6,28.7,11.3,6.4,10.1,3.5,1.2,2.8,
大園,2025/07/09 00:00:00,PM10,4,9,7,7,8,11,12,17,11,10,16,16,19,26,24,#,20,20,20,23,20,18,18,18,
大園,2025/07/09 00:00:00,PM2.5,0,3,3,2,2,2,3,5,7,6,5,11,11,11,#,16,11,9,14,18,14,15,13,10,
大園,2025/07/09 00:00:00,RAINFALL,4,9,8.5,4.5,3.5,3,3,2,3,1,0.5,0,0,1,1,2.5,5,5.5,2,0.5,0,0,0.5,0,
大園,2025/07/09 00:00:00,RH,88,88,88,87,86,86,87,87,87,86,86,85,84,85,86,87,87,88,89,89,89,89,88,89,
大園,2025/07/09 00:00:00,SO2,0.7,0,0.1,0.1,0.1,0.1,0.2,0.1,0.2,0.2,0.2,0.3,0.5,0.2,#,0.7,0.6,0.4,0.5,0.5,0.5,0.6,0.6,0.4,
大園,2025/07/09 00:00:00,WD_HR,190,203,200,172,155,156,155,159,174,169,154,154,182,158,148,274,223,197,116,212,211,103,130,149,
大園,2025/07/09 00:00:00,WIND_DIREC,201,204,181,160,152,138,149,163,167,172,138,306,154,154,158,286,206,184,138,229,146,118,155,148,
大園,2025/07/09 00:00:00,WIND_SPEED,3,4.9,4.5,5,2.9,2.5,2.8,3,3.6,3.3,3.5,1.8,2.1,3.3,2.6,1.6,1.9,1.8,1.2,1.3,0.4,0.8,0.7,1.6,
大園,2025/07/09 00:00:00,WS_HR,2.4,4.1,4.3,3.6,3.4,2.4,2.5,3.1,2.6,2.9,3.3,1.6,1,3.3,2.5,1.1,1.9,1.9,2,0.9,1.1,0.7,0.5,1.4,
大園,2025/07/10 00:00:00,AMB_TEMP,24.5,24.4,24.1,24.2,24.2,24.3,24.2,24.4,24.6,25.3,25.9,26.3,26.6,26.9,26.8,26.6,26.6,26.3,26.1,26,26.1,25.7,25.7,25.6,
大園,2025/07/10 00:00:00,CO,0.37,0.32,0.24,0.24,0.22,0.22,0.21,0.36,0.43,0.47,0.47,0.41,0.31,0.29,0.28,0.24,0.27,0.35,0.26,0.35,0.35,0.4,0.33,0.3,
大園,2025/07/10 00:00:00,NO,2.2,0.8,0.1,0.4,0,0.7,0.8,9,13.3,14.7,13,7.4,6,3.7,1.6,0.3,0.2,0.9,0.1,0.8,1.2,0.6,0.2,0,
大園,2025/07/10 00:00:00,NO2,21.8,21.5,20.3,17.8,15.7,14.9,12.9,22.9,23.4,22.5,24.4,22.8,20.3,16.5,15.2,9.9,10.1,16.7,11.7,17.8,24.9,19.8,14.8,12.5,
大園,2025/07/10 00:00:00,NOx,24,22.3,20.5,18.3,15.7,15.6,13.8,31.9,36.7,37.3,37.4,30.2,26.3,20.3,16.8,10.2,10.4,17.7,11.8,18.6,26.2,20.5,15,12.6,
大園,2025/07/10 00:00:00,O3,3.2,3.5,7.3,8.5,10.7,10.7,12.5,3.6,4.8,7.1,11.4,15.6,15,24.8,32.3,37.4,38,19.8,22.6,13.9,11.1,7.1,9.7,13.2,
大園,2025/07/10 00:00:00,PM10,34,20,22,24,24,18,14,18,22,20,19,27,23,16,23,20,20,22,17,19,19,24,23,21,
大園,2025/07/10 00:00:00,PM2.5,8,7,10,11,6,6,5,6,7,10,14,18,13,8,10,7,11,15,10,12,9,8,11,7,
大園,2025/07/10 00:00:00,RAINFALL,0.5,0.5,0,0,0,1,0.5,0.5,0.5,0,0,0,0,0.5,0,0,0,0.5,0,0,0,0,0,0,
大園,2025/07/10 00:00:00,RH,89,88,89,88,88,86,87,88,88,87,87,86,85,85,85,86,86,87,86,86,86,88,88,88,
大園,2025/07/10 00:00:00,SO2,0.5,0.5,0.4,0.5,0.6,0.6,0.4,0.7,0.7,0.7,1,0.8,0.7,0.4,0.6,0.5,0.6,0.8,0.6,0.6,1,0.6,0.6,0.6,
大園,2025/07/10 00:00:00,WD_HR,155,146,149,140,159,155,137,134,147,130,170,150,140,163,211,239,245,241,244,47,27,208,209,211,
大園,2025/07/10 00:00:00,WIND_DIREC,153,138,150,160,167,157,131,148,109,161,160,129,131,172,230,264,215,253,227,36,25,225,205,200,
大園,2025/07/10 00:00:00,WIND_SPEED,1.6,1.4,1.2,1.7,3,2.4,2,2,1.5,1.1,2.7,2.2,0.9,0.8,1.9,0.5,1.1,1.1,0.9,1,0.4,1.1,1.1,1.4,
大園,2025/07/10 00:00:00,WS_HR,1.5,1.6,1.4,0.8,2.4,2.6,1.7,1.8,1.9,1.3,1.7,2,1.3,0.6,1.2,1.1,0.8,0.9,0.8,0.1,0.3,0.9,1,1.2,
大園,2025/07/11 00:00:00,AMB_TEMP,25.3,25.3,25.1,24.8,24.6,24.8,25,25.4,26,26.5,26.2,26.5,26.8,27.6,28,28,27.5,27,26.7,26.7,26.9,26.6,26.6,26.5,
大園,2025/07/11 00:00:00,CO,0.33,0.43,0.43,0.27,0.2,0.21,0.28,0.34,0.37,0.51,0.41,0.24,0.36,0.29,0.22,0.24,0.2,0.17,0.3,0.42,0.71,0.64,0.69,0.69,
大園,2025/07/11 00:00:00,NO,0,9.1,13.1,4.1,3.4,4,10.3,14.3,10.6,15,11.4,6.1,10.6,9.4,8.9,8,4.3,3.1,3.9,1.8,26.7,30.2,8.8,9.3,
大園,2025/07/11 00:00:00,NO2,13.4,25.4,20.8,13.9,12.1,11.3,12.1,12.9,15.9,19.7,17.2,13.8,28.7,30.6,27.2,29.6,20.6,15.9,28.9,30.7,39.4,40.5,35.2,32,
大園,2025/07/11 00:00:00,NOx,13.4,34.6,33.9,18,15.5,15.4,22.4,27.2,26.5,34.8,28.7,20,39.4,40,36.2,37.7,24.9,19.1,32.9,32.6,66.1,70.8,44,41.4,
大園,2025/07/11 00:00:00,O3,6.2,0.6,0.2,0.6,0.5,1.3,1.8,2.6,6.4,6.9,9.8,18,14.6,20.8,18.8,15.4,24.1,24.4,11,6.3,0.7,0.5,0.5,0.8,
大園,2025/07/11 00:00:00,PM10,24,29,25,21,16,15,16,21,23,25,18,14,23,22,20,24,16,13,17,27,28,27,24,26,
大園,2025/07/11 00:00:00,PM2.5,15,16,8,6,3,1,3,7,7,5,6,6,4,11,12,7,7,3,0,9,11,11,9,13,
大園,2025/07/11 00:00:00,RAINFALL,0.5,0,0,0.5,0,0,0,0,0.5,0,1,0.5,0,0,0,0,0,0.5,0,0,0,0,0,0,
大園,2025/07/11 00:00:00,RH,89,89,89,89,89,88,89,89,88,86,86,85,85,84,81,81,83,84,86,86,86,85,86,86,
大園,2025/07/11 00:00:00,SO2,0.5,1.3,0.9,0.8,0.5,0.6,0.6,0.7,0.8,0.7,0.7,0.8,1.6,4.9,2.4,2.2,1.3,0.9,1,1.3,1.6,2.7,1.9,1.5,
大園,2025/07/11 00:00:00,WD_HR,189,156,153,151,149,155,145,171,156,173,155,139,19,26,23,20,20,38,98,125,60,136,156,155,
大園,2025/07/11 00:00:00,WIND_DIREC,185,144,159,145,154,153,129,175,168,180,126,170,25,25,17,19,27,106,97,126,24,156,163,155,
大園,2025/07/11 00:00:00,WIND_SPEED,1.1,0.9,1.7,1.3,1.5,1.2,0.8,1,1.5,1,1.6,0.2,2.4,2.1,2.5,2.9,2.6,1.7,1.2,0.6,0.9,1.1,2.2,1.8,
大園,2025/07/11 00:00:00,WS_HR,1.1,0.9,1.4,1.5,1.3,1.2,1,0.8,1,1.2,0.9,0.6,1.4,1.9,2.2,2.5,2,1.7,1.8,0.7,0.5,1,1.8,1.9,
大園,2025/07/12 00:00:00,AMB_TEMP,26.4,26.2,26.1,26,25.7,25.8,26.4,27.7,28.7,29.7,30.9,31.2,30.4,30.3,30.4,30.2,29.8,29.3,29.1,28.8,28.5,28.1,27.8,27.5,
大園,2025/07/12 00:00:00,CO,0.62,0.39,0.42,0.44,0.38,0.37,0.42,0.41,0.32,0.21,0.16,0.18,0.17,0.16,0.13,0.13,0.13,0.12,0.12,0.12,0.13,0.13,0.12,0.14,
大園,2025/07/12 00:00:00,NO,11.3,2.2,6.1,10.7,9.7,6,8,10.5,5.7,2.7,1.1,0.9,0.6,0.6,0.5,0.7,0.5,0.6,0.5,0.3,0.3,0.5,0.5,0.6,
大園,2025/07/12 00:00:00,NO2,28.8,18.4,17.4,14.7,13.9,13.9,11.7,15.2,11.9,7.2,4.5,4.4,4.3,3.3,2.2,1.9,2.2,2.3,2.2,2.8,3.8,4.3,3.5,5,
大園,2025/07/12 00:00:00,NOx,40.2,20.6,23.6,25.4,23.7,20,19.7,25.8,17.7,10,5.6,5.4,4.9,3.9,2.8,2.7,2.8,3,2.8,3.2,4.1,4.8,4.1,5.7,
大園,2025/07/12 00:00:00,O3,0.7,1.3,0.4,0.5,0.4,1.1,3.3,6.6,11.4,20,28,37,46.1,44.3,34.2,32.5,32.1,27.9,23.6,21.5,18.2,15.7,14.7,10.3,
大園,2025/07/12 00:00:00,PM10,29,24,28,27,35,28,28,28,22,24,22,29,41,42,30,31,35,37,27,25,30,27,27,30,
大園,2025/07/12 00:00:00,PM2.5,9,6,8,8,8,6,10,7,10,10,7,12,11,14,12,11,10,11,11,8,10,10,8,5,
大園,2025/07/12 00:00:00,RAINFALL,0,0,0,0,0,0,0,0,0,0,0,0,0,0,0,0,0,0,0,0,0,0,0,0,
大園,2025/07/12 00:00:00,RH,86,86,86,86,87,86,86,84,81,78,73,70,74,77,79,79,80,82,82,84,85,86,87,87,
大園,2025/07/12 00:00:00,SO2,1.4,0.8,0.6,0.9,1.1,0.9,0.7,0.8,0.5,0.6,0.6,0.8,1.2,1.2,0.7,0.4,0.3,0.3,0.3,0.3,0.3,0.3,0.1,0.3,
大園,2025/07/12 00:00:00,WD_HR,151,154,157,152,157,178,160,159,215,220,225,251,247,252,242,238,254,251,252,247,231,210,185,182,
大園,2025/07/12 00:00:00,WIND_DIREC,145,150,161,142,184,180,136,200,275,234,239,247,252,252,243,236,259,251,256,244,231,186,184,185,
大園,2025/07/12 00:00:00,WIND_SPEED,2.1,1.6,2,1.6,1.1,0.7,1.1,0.8,0.8,1.5,2.7,3.8,3.5,3.9,3.7,2.9,3.7,2.3,1.3,1.7,1.5,1.1,1.3,1.5,
大園,2025/07/12 00:00:00,WS_HR,1.9,1.9,1.9,1.5,1.6,1.1,0.9,1.1,0.7,1.2,2.1,3.4,3.1,3.6,3.1,2.9,3,2.6,1.9,1.5,1.5,0.9,1.1,1.4,
大園,2025/07/13 00:00:00,AMB_TEMP,27.6,27.7,27.7,27.6,27.4,27.1,27.6,29.1,30.1,30.7,31.1,31.5,31.9,32,31.9,31.7,31,30.5,29.8,29.7,29.4,29.2,29,28.7,
大園,2025/07/13 00:00:00,CO,0.16,0.21,0.2,0.17,0.14,0.16,0.18,0.16,0.14,0.13,0.13,0.13,0.12,0.11,0.1,0.1,0.1,0.11,0.13,0.16,0.15,0.12,0.1,0.1,
大園,2025/07/13 00:00:00,NO,1.1,1.6,1.7,1.7,1.6,1.9,3.6,3.8,3.1,2.4,2,1.6,2.1,1.6,1.8,1.8,1.9,1.7,1.7,1.5,1.6,1.4,1.4,1.6,
大園,2025/07/13 00:00:00,NO2,8.4,12,10.5,9.8,7.3,6.5,6.2,4.9,3.8,2.8,2.6,2.4,2.5,1.6,1.3,1.2,1.4,1.6,2.1,4.4,4.3,4,2.4,4.1,
大園,2025/07/13 00:00:00,NOx,9.5,13.7,12.2,11.6,8.9,8.5,9.8,8.7,7,5.2,4.6,4,4.6,3.2,3.1,3.1,3.3,3.3,3.9,5.9,5.9,5.4,3.8,5.8,
大園,2025/07/13 00:00:00,O3,7.4,4.9,4.9,4.4,7.2,6.1,6.7,12.5,18.7,25.6,32.5,34.1,31.7,27.8,24.1,24.5,26.1,23.4,21,19.5,20.2,20.1,20.8,17.7,
大園,2025/07/13 00:00:00,PM10,21,25,30,29,24,24,20,26,25,30,16,33,33,30,32,30,33,30,33,33,29,38,28,42,
大園,2025/07/13 00:00:00,PM2.5,4,7,8,6,5,5,6,8,12,12,10,7,12,10,13,12,12,11,14,15,15,12,11,9,
大園,2025/07/13 00:00:00,RAINFALL,0,0,0,0,0,0,0,0,0,0,0,0,0,0,0,0,0,0,0,0,0,0,0,0,
大園,2025/07/13 00:00:00,RH,87,86,86,86,85,86,86,82,80,79,77,75,71,67,63,62,66,66,67,65,68,75,78,82,
大園,2025/07/13 00:00:00,SO2,0.4,0.8,1.2,1.2,0.9,0.7,0.8,0.9,0.6,0.4,0.4,0.5,0.6,0.3,0.1,0.2,0.3,0.3,0.2,0.8,0.8,0.7,0.4,0.3,
大園,2025/07/13 00:00:00,WD_HR,177,185,203,212,205,181,192,229,232,233,241,246,249,249,251,251,251,251,233,235,249,254,271,268,
大園,2025/07/13 00:00:00,WIND_DIREC,156,184,221,220,203,189,213,230,236,237,249,242,252,255,249,251,250,242,228,243,253,257,270,264,
大園,2025/07/13 00:00:00,WIND_SPEED,1.1,1.4,2.2,1.9,1.3,1.2,0.9,3.4,4.2,4.5,5.5,4.8,5.9,7,6,5.4,6.1,4.4,3.5,3.3,4.2,4.5,5,3.5,
大園,2025/07/13 00:00:00,WS_HR,1.2,1.2,1.4,1.8,1.5,1.3,1.1,2.3,3.4,4.2,4.5,5.2,5.9,6.2,6,5.8,5.5,4.9,4,3.3,3.3,4.1,4.2,4,
大園,2025/07/14 00:00:00,AMB_TEMP,28.5,28.4,28.2,28,27.8,27.8,27.9,28.5,29.4,29.8,29.4,29.5,29.7,30.2,30.5,30.3,30.6,30,29.4,29,29,29,28.9,28.7,
大園,2025/07/14 00:00:00,CO,0.1,0.09,0.09,0.1,0.13,0.16,0.16,0.17,0.17,0.14,0.12,0.16,0.13,0.11,0.12,0.11,0.12,0.13,0.13,0.11,0.11,0.13,0.16,0.15,
大園,2025/07/14 00:00:00,NO,1.6,1.1,0.9,0.9,0.9,1.2,2,2.4,2.7,3,2,2.4,2,1.4,1.4,1.4,1.7,1.3,1,0.8,0.9,1.1,0.9,1,
大園,2025/07/14 00:00:00,NO2,5.2,3.3,2.6,3.7,4.6,6.6,7.4,6.1,5.4,5.4,4.3,5.9,4.7,3,2.9,2.8,2.8,2.9,3.2,2.7,2.6,3.8,5.8,8.2,
大園,2025/07/14 00:00:00,NOx,6.9,4.4,3.6,4.6,5.6,7.8,9.4,8.5,8.1,8.4,6.4,8.3,6.7,4.5,4.4,4.3,4.5,4.2,4.3,3.6,3.5,4.9,6.7,9.2,
大園,2025/07/14 00:00:00,O3,14.5,15.8,16.4,15,12.8,9.6,9.1,11.9,14.8,17.1,20.8,23.3,23.7,22.5,27.9,28.4,26.2,25.3,25.6,25.5,24,22,18,13.5,
大園,2025/07/14 00:00:00,PM10,33,33,35,31,37,37,37,38,36,32,34,34,36,33,35,27,29,30,33,29,25,31,26,27,
大園,2025/07/14 00:00:00,PM2.5,8,10,10,12,11,16,12,13,9,19,9,17,9,9,8,10,9,11,12,7,5,8,8,11,
大園,2025/07/14 00:00:00,RAINFALL,0,0,0,0,0,0,0,0,0,0,0,0,0,0,0,0,0,0,0,0,0,0,0,0,
大園,2025/07/14 00:00:00,RH,83,83,83,84,85,85,83,82,80,77,78,79,78,77,77,78,76,73,76,79,79,80,81,81,
大園,2025/07/14 00:00:00,SO2,0.4,0.8,0.4,0.6,0.9,0.9,1.1,0.9,1.2,1.2,1,1,1,0.6,0.5,0.5,0.5,0.5,0.6,0.5,0.4,0.7,1.2,1.5,
大園,2025/07/14 00:00:00,WD_HR,258,255,245,242,217,222,232,247,236,234,230,235,242,248,250,247,245,241,243,234,243,241,228,225,
大園,2025/07/14 00:00:00,WIND_DIREC,253,250,257,234,204,226,249,234,239,231,228,251,251,243,256,239,246,239,236,233,250,231,227,216,
大園,2025/07/14 00:00:00,WIND_SPEED,3.4,4.8,3.2,2.6,2,2.2,3.2,3.6,3,4.6,5,4.3,4.4,4.9,5.4,5.4,5.3,3.5,4.2,3.5,3.3,3.5,3.1,2.5,
大園,2025/07/14 00:00:00,WS_HR,3.4,4.3,3.2,2.5,1.9,2.2,2.4,3.1,3.4,3.8,4.9,4,4.6,3.9,5.1,4.6,4.7,4.1,3.6,3.5,3.5,3.3,2.9,2.7,
大園,2025/07/15 00:00:00,AMB_TEMP,28.5,28.2,28.3,28.7,28.7,28.6,28.8,29.6,30.6,31.4,32.2,33,33.4,33.3,33.2,33.1,32.8,32.1,30.8,30.2,29.9,29.5,29.4,29.3,
大園,2025/07/15 00:00:00,CO,0.14,0.13,0.13,0.11,0.14,0.12,0.13,0.15,0.15,0.13,0.12,0.11,0.12,0.14,0.14,0.16,0.18,0.18,0.19,0.18,0.18,0.18,0.16,0.19,
大園,2025/07/15 00:00:00,NO,1.1,0.3,0.6,0.4,0.5,0.6,0.8,2.1,2.6,1.8,1.3,1.2,1.1,1,0.9,0.9,1,0.9,0.8,0.5,0.4,0.7,0.7,0.6,
大園,2025/07/15 00:00:00,NO2,8.7,4.8,4.6,4.1,6,5.7,4.4,5.2,5.1,4.7,4.1,3.2,3.6,4.1,4.7,4.7,5.6,5.7,5.3,6.6,6.7,8,7.4,8.7,
大園,2025/07/15 00:00:00,NOx,9.8,5.2,5.2,4.6,6.5,6.4,5.3,7.3,7.7,6.5,5.5,4.5,4.8,5.1,5.6,5.6,6.6,6.6,6.1,7.2,7.2,8.7,8.1,9.4,
大園,2025/07/15 00:00:00,O3,13,14.4,15.8,18,15.4,15.6,15.7,16.5,19.3,26,30.4,27,32,42.6,47.7,46.6,49.5,47,46,38.3,29.9,25.1,21.7,17.8,
大園,2025/07/15 00:00:00,PM10,47,24,34,24,25,30,28,25,22,17,13,20,24,20,26,21,20,25,23,24,20,24,20,26,
大園,2025/07/15 00:00:00,PM2.5,12,10,8,9,11,12,8,6,6,6,4,2,2,5,10,6,8,9,10,12,9,8,7,12,
大園,2025/07/15 00:00:00,RAINFALL,0,0,0,0,0,0,0,0,0,0,0,0,0,0,0,0,0,0,0,0,0,0,0,0,
大園,2025/07/15 00:00:00,RH,80,81,80,79,79,79,79,77,69,61,57,55,54,55,58,58,59,63,71,77,80,82,81,81,
大園,2025/07/15 00:00:00,SO2,1.1,0.9,0.8,0.9,1.2,1.4,1.1,1.1,1.3,1.3,1.2,0.9,1,1,1,1.3,1.5,1.7,1.8,1.7,1.9,2.1,1.8,1.7,
大園,2025/07/15 00:00:00,WD_HR,218,209,226,227,228,231,225,225,226,223,227,235,239,246,244,247,241,240,232,217,220,227,221,223,
大園,2025/07/15 00:00:00,WIND_DIREC,209,211,237,224,234,229,225,224,223,232,230,235,239,248,242,256,237,240,236,204,229,214,204,240,
大園,2025/07/15 00:00:00,WIND_SPEED,1.8,1.8,3.8,4.2,3.4,2.4,3,4.2,4.4,5,4.4,5.5,6,5.3,5,5.2,3.2,2.9,2.5,2.5,2.4,2.2,1.4,1.2,
大園,2025/07/15 00:00:00,WS_HR,2.1,1.3,2.8,4,3.5,2.5,2.8,3.6,4.2,4.3,4.6,5.2,5.5,5.3,4.7,4.5,3.8,3,2.7,1.8,2.2,2.1,1.9,1.4,
大園,2025/07/16 00:00:00,AMB_TEMP,29.3,29,28.9,28.6,28.3,28.5,29.1,30.1,31.2,31.9,32.6,33.2,33.6,33.3,33.4,32.7,30.8,31.5,31.3,30.3,29.8,29.6,29.7,29.5,
大園,2025/07/16 00:00:00,CO,0.21,0.18,0.17,0.15,0.15,0.14,0.14,0.15,0.15,0.13,0.14,0.15,0.13,0.14,0.13,0.14,0.22,0.22,0.17,0.41,0.42,0.55,0.59,0.55,
大園,2025/07/16 00:00:00,NO,0.8,0.2,0.5,0.4,0.3,0.3,1.3,2,1.9,0.9,0.9,0.5,0.7,0.6,0.7,0.5,#,1.8,0.9,1.1,0.9,1.8,1.2,1.1,
大園,2025/07/16 00:00:00,NO2,11.3,10.5,10,8.2,8.4,7.5,7,6.3,5.9,4.2,4.7,4,3.2,3.4,3.3,4.3,#,11.8,7.4,19.9,23.1,28.4,27.2,23.6,
大園,2025/07/16 00:00:00,NOx,12.2,10.7,10.5,8.6,8.7,7.9,8.3,8.3,7.8,5.1,5.6,4.5,4,4.1,4,4.8,#,13.6,8.4,21,24.1,30.3,28.4,24.8,
大園,2025/07/16 00:00:00,O3,15.2,13.6,12.6,14,11.7,12.8,15.1,18.3,23.1,30.6,37.4,43.1,37.3,40.6,40.2,34.6,37.9,37.5,28.3,23.2,16.1,7.2,9.3,8.6,
大園,2025/07/16 00:00:00,PM10,21,27,23,20,19,22,22,15,24,21,28,21,23,30,24,25,6,26,22,29,31,31,20,31,
大園,2025/07/16 00:00:00,PM2.5,7,7,6,9,7,7,6,3,4,6,8,10,7,7,8,6,8,7,8,15,11,10,10,10,
大園,2025/07/16 00:00:00,RAINFALL,0,0,0,0,0,0,0,0,0,0,0,0,0,0,0,0,0,0,0,0,0,0,0,0,
大園,2025/07/16 00:00:00,RH,81,82,81,82,82,81,80,78,74,67,64,61,57,58,57,59,65,64,64,70,74,76,75,78,
大園,2025/07/16 00:00:00,SO2,1.7,0.5,0.5,0.6,0.4,0.2,0.2,0.3,0.3,0.2,0.3,0.2,0.2,0.5,#,#,#,0.7,0.6,0.6,1,1.3,1.8,0.7,
大園,2025/07/16 00:00:00,WD_HR,241,224,224,200,208,222,223,215,234,234,234,243,251,255,244,213,124,167,210,146,146,138,168,203,
大園,2025/07/16 00:00:00,WIND_DIREC,223,224,223,219,209,220,214,206,252,238,234,239,255,254,227,139,123,188,165,147,145,135,162,229,
大園,2025/07/16 00:00:00,WIND_SPEED,1.9,1.5,2.1,1.1,1.6,1.8,2.5,2.4,4,4.6,4.5,4.5,4.7,4.9,3.8,2.7,1.2,1.3,1.3,2,1.5,1.1,1.2,0.9,
大園,2025/07/16 00:00:00,WS_HR,1.4,1.4,1.8,1.1,1,1.7,1.9,2.7,2.7,3.8,4,4.2,4.3,4.6,3.7,2.4,2.3,0.9,1,2,1.6,1.5,1,0.8,
大園,2025/07/17 00:00:00,AMB_TEMP,29.4,29.1,28.9,28.6,28.2,28.2,28.6,29.6,31.4,32.8,32.2,32.3,32.2,32.3,31.7,31.9,31.5,30.6,30.1,29.8,29.7,29.6,29.3,29.2,
大園,2025/07/17 00:00:00,CO,0.49,0.35,0.35,0.23,0.22,0.21,0.23,0.24,0.28,0.26,0.25,0.22,0.21,0.19,0.19,0.16,0.21,0.24,0.26,0.21,0.19,0.13,0.14,0.14,
大園,2025/07/17 00:00:00,NO,1.3,1.5,1.4,1.7,1.5,2.4,6.8,6.2,5.8,4.2,2.8,2.1,2.3,2.1,2,2.6,2.5,2.1,1.9,1.7,1.5,1.4,1.4,1.5,
大園,2025/07/17 00:00:00,NO2,23.2,15.4,14.6,10.4,11.5,10.9,12.7,10.3,11,11.5,9.4,6.3,6.7,4.6,4.1,4.4,6.1,5.4,4.8,5.4,4.8,3.6,2.8,2.7,
大園,2025/07/17 00:00:00,NOx,24.5,16.9,16.1,12.2,13.1,13.3,19.5,16.5,16.8,15.7,12.2,8.4,9,6.7,6.2,7.1,8.6,7.5,6.7,7.2,6.4,5.1,4.2,4.3,
大園,2025/07/17 00:00:00,O3,8.2,13.8,9.1,9.3,5.9,7.1,5.8,12.5,21.7,36.4,52.3,55.8,53.4,47.3,43.7,38.3,47.5,47.3,45.3,39.1,31.8,31.1,26.9,26.9,
大園,2025/07/17 00:00:00,PM10,42,27,31,31,29,22,24,23,31,33,30,32,26,25,27,21,25,30,25,24,20,23,26,25,
大園,2025/07/17 00:00:00,PM2.5,13,15,19,7,8,6,10,9,6,13,16,7,8,11,13,8,9,12,12,10,8,9,11,10,
大園,2025/07/17 00:00:00,RAINFALL,0,0,0,0,0,0,0,0,0,0,0,0,0,0,0,0,0,0,0,0,0,0,0,0,
大園,2025/07/17 00:00:00,RH,80,83,82,82,82,82,80,78,70,60,62,61,61,60,62,60,62,69,77,80,82,84,84,85,
大園,2025/07/17 00:00:00,SO2,1,1.5,0.9,0.8,0.9,0.7,0.6,0.6,1.1,0.9,0.9,0.9,1.5,1.5,0.6,0.7,0.9,0.4,0.4,0.4,0.1,0,0,0,
大園,2025/07/17 00:00:00,WD_HR,291,213,187,200,196,166,144,143,146,243,356,2,337,343,355,4,350,358,350,349,324,235,203,216,
大園,2025/07/17 00:00:00,WIND_DIREC,303,193,193,188,202,143,147,138,155,3,356,6,324,354,2,358,354,356,354,338,285,178,211,217,
大園,2025/07/17 00:00:00,WIND_SPEED,1.1,0.7,1.2,1.5,1.4,1.4,2.1,2,1,2.2,4.5,3.7,3,3.3,3.9,2.8,3.1,3.2,2.6,2.4,0.6,1.2,1.3,1.9,
大園,2025/07/17 00:00:00,WS_HR,0.7,0.5,0.9,1.2,1.1,1.2,2,1.7,1.2,0.6,4,3.4,2.8,3.2,3.7,2.4,2.8,2.8,2.6,1.8,1.1,1.1,1.1,1.5,
大園,2025/07/18 00:00:00,AMB_TEMP,29,28.8,29,29,28.9,28.7,28.8,29.5,31.4,33,34.5,35.3,35.2,34.9,34.7,33.4,31.8,30.9,30.2,29.8,29.7,29.4,29.5,27.7,
大園,2025/07/18 00:00:00,CO,0.15,0.17,0.19,0.21,0.19,0.22,0.17,0.18,0.24,0.28,0.13,0.12,0.12,#,0.1,#,0.13,0.14,0.14,0.14,0.16,0.13,0.16,0.17,
大園,2025/07/18 00:00:00,NO,1.3,0.9,0.5,0.6,0.7,0.8,0.9,1.3,4.7,5.3,4.4,4.5,5.4,#,5.3,12.5,7.4,5.5,4.2,3.7,5.8,5,1.5,2.2,
大園,2025/07/18 00:00:00,NO2,3.4,4.1,6.8,11.2,10.6,8.3,6.4,5.3,13.7,12.7,7.4,6.3,7.1,#,5.9,9.4,8.2,7.1,8.9,8.9,11.7,8.6,6.3,7.1,
大園,2025/07/18 00:00:00,NOx,4.7,5.1,7.4,11.8,11.3,9.2,7.3,6.6,18.5,18,11.8,10.8,12.6,#,11.2,21.9,15.6,12.6,13.2,12.6,17.6,13.6,7.8,9.4,
大園,2025/07/18 00:00:00,O3,29.1,27.2,22.9,19.4,20.8,19.7,22.7,24.2,20.9,30.7,18.7,16.9,17,18.3,#,9.8,11.8,10.8,9.3,9.2,9.2,10.6,12.6,12.1,
大園,2025/07/18 00:00:00,PM10,25,28,29,38,37,34,31,34,32,30,29,28,24,x,#,37,44,48,15,19,22,9,6,7,
大園,2025/07/18 00:00:00,PM2.5,9,18,12,9,17,14,11,15,14,10,4,3,5,#,4,2,0,5,4,1,2,2,0,0,
大園,2025/07/18 00:00:00,RAINFALL,0,0,0,0,0,0,0,0,0,0,0,0,0,#,0,0,0,0,0,0,0,0,0,1.5,
大園,2025/07/18 00:00:00,RH,85,86,83,84,84,86,86,84,77,64,52,46,44,45,44,48,52,56,59,59,58,61,62,76,
大園,2025/07/18 00:00:00,SO2,0,0.5,0.8,0.8,0.9,0.6,0.2,0.4,1.1,1.2,0.4,0.1,0.2,#,1,1.1,1.2,1.1,1.1,1.2,1.8,1.4,1.4,1,
大園,2025/07/18 00:00:00,WD_HR,203,148,195,9,292,260,199,185,62,70,73,82,87,75,90,88,97,95,93,86,89,92,98,93,
大園,2025/07/18 00:00:00,WIND_DIREC,179,134,207,355,270,225,190,135,43,70,70,94,82,71,99,91,103,98,91,86,85,95,93,85,
大園,2025/07/18 00:00:00,WIND_SPEED,0.7,0.5,0.3,1.1,1.9,0.9,0.7,0.6,1.6,3.9,4.8,6.1,6.8,6.9,9.2,9.6,9.7,9.5,8.2,8.1,7.9,7.5,6.6,5.1,
大園,2025/07/18 00:00:00,WS_HR,1,0.6,0.3,0.8,1,1.3,0.6,0.5,1.1,2.5,4.9,5.9,6.6,6.1,7.5,7.7,8.3,8.6,7.9,7.1,8.2,7.5,7.5,6.2,
大園,2025/07/19 00:00:00,AMB_TEMP,27.6,28.1,28.2,28,28.6,28.4,28.6,28.9,28.8,29,29.3,30.1,29.8,29.6,30.3,30.5,30.3,29.7,29.6,29.2,28.6,28.7,29.2,29.3,
大園,2025/07/19 00:00:00,CO,0.14,0.12,0.11,0.09,0.1,0.11,0.1,0.13,0.14,0.18,0.18,0.14,0.12,0.15,0.13,0.14,0.15,0.15,0.15,0.15,0.13,0.12,0.12,0.12,
大園,2025/07/19 00:00:00,NO,4,2.3,2.2,1,0.9,1.8,1.9,3.4,3.3,4,6,4,2.7,4.3,4.7,4.7,5,3.9,3.4,3.5,4.6,2.5,1.1,1,
大園,2025/07/19 00:00:00,NO2,12.2,7.3,7.6,4,4.4,5.1,7.5,10.4,9.1,11,12.3,7,4.4,8.2,6.8,7.4,7.6,8.2,8.2,8.1,9.1,8.8,5.1,6.1,
大園,2025/07/19 00:00:00,NOx,16.2,9.6,9.9,5.1,5.3,6.9,9.4,13.8,12.4,15,18.4,11,7.1,12.5,11.6,12.2,12.6,12.2,11.6,11.6,13.7,11.3,6.3,7.1,
大園,2025/07/19 00:00:00,O3,8.4,11.7,10.7,13.6,14,15.4,13.3,11.7,12.8,12.4,12.9,15.9,18,14.7,14.6,13.7,12.4,11.2,11.4,12.2,10.6,12.9,15,16,
大園,2025/07/19 00:00:00,PM10,4,2,14,8,11,10,9,9,9,8,13,16,16,8,18,13,18,12,13,9,10,9,9,6,
大園,2025/07/19 00:00:00,PM2.5,0,0,2,0,0,0,2,2,4,3,3,10,5,0,8,5,1,0,4,5,1,1,1,0,
大園,2025/07/19 00:00:00,RAINFALL,0,0,0.5,0.5,0.5,0,0,0.5,0.5,0,0,0,0,0,0,0,0,0,0,0,0,0,0,0,
大園,2025/07/19 00:00:00,RH,78,77,78,79,78,72,70,71,75,72,70,66,66,67,65,64,66,68,68,70,71,69,67,67,
大園,2025/07/19 00:00:00,SO2,1,1,1.1,0.8,0.7,0.8,0.8,0.9,0.9,1,1.1,1,0.7,0.9,0.9,0.9,1,0.8,1,0.9,0.9,0.9,0.8,0.8,
大園,2025/07/19 00:00:00,WD_HR,85,94,74,70,79,85,70,71,84,87,93,96,100,95,97,100,94,86,93,88,92,96,87,100,
大園,2025/07/19 00:00:00,WIND_DIREC,96,93,67,80,90,76,70,80,90,83,94,98,99,98,96,100,85,87,92,81,99,94,90,104,
大園,2025/07/19 00:00:00,WIND_SPEED,7.7,5.9,5.1,5.8,7.4,6.5,6.2,6.6,8,7.4,9.2,10.1,8.2,10.9,8,9,6.3,6.5,7.8,6.4,7.6,7.6,7,6,
大園,2025/07/19 00:00:00,WS_HR,5.3,6.8,4.8,5.3,5.6,6.6,5.9,5.8,6.7,7.3,8.5,9.5,9.2,9.3,9.3,8.4,7.6,6.8,7,6.5,7.1,7.2,6.1,6.6,
大園,2025/07/20 00:00:00,AMB_TEMP,28.8,29.1,28.3,27.8,27.2,27.6,28.6,29.6,30.2,30.2,31.1,30.9,32,31.6,31.3,30,28.6,28.5,27.5,27.3,27.6,27.5,27.2,27.3,
大園,2025/07/20 00:00:00,CO,0.11,0.09,0.12,0.13,0.21,0.31,0.19,0.11,0.12,0.12,0.12,0.12,0.11,0.1,0.1,0.11,0.12,0.16,0.18,0.19,0.2,0.24,0.25,0.2,
大園,2025/07/20 00:00:00,NO,1.1,0.6,0.7,0.7,0.7,0.9,1.3,1.4,1.1,1.4,2.2,1.5,1.1,1.3,1.3,1.1,1.4,1.2,0.9,0.6,0.7,0.9,1,0.6,
大園,2025/07/20 00:00:00,NO2,5.5,3.3,4.8,5.5,7.1,14.8,9.8,5.3,4,4.2,5,4.8,3.4,3.5,3.6,3.4,5.7,7.6,6,5.5,10.8,13.2,12.6,8.4,
大園,2025/07/20 00:00:00,NOx,6.6,4,5.6,6.2,7.8,15.8,11.2,6.7,5.1,5.7,7.2,6.4,4.6,4.8,4.9,4.6,7.1,8.9,6.9,6.1,11.5,14.2,13.6,9,
大園,2025/07/20 00:00:00,O3,15.8,17.7,15.2,14.1,15.3,14.2,17.9,19.2,20.8,21.9,21.2,25.9,28.7,25.1,26.3,23.4,18.3,15.6,26.2,27.7,21.4,14,12.3,18.5,
大園,2025/07/20 00:00:00,PM10,12,8,6,8,30,38,13,8,9,8,8,7,6,10,7,3,5,11,10,11,14,10,5,16,
大園,2025/07/20 00:00:00,PM2.5,0,0,0,3,11,22,4,2,0,0,0,0,0,0,0,0,2,1,7,8,8,6,4,2,
大園,2025/07/20 00:00:00,RAINFALL,0,0,0,0,0,0,0,0,0,0,0,0,0,0,0,0,0,0,0,0.5,0,0,0,0,
大園,2025/07/20 00:00:00,RH,69,67,73,78,84,86,81,74,69,69,66,66,61,60,60,66,77,79,83,85,85,84,84,85,
大園,2025/07/20 00:00:00,SO2,0.7,0.8,0.7,0.5,0.4,0.6,0.7,0.5,0.5,0.5,0.5,0.6,0.5,0.5,0.5,0.3,0.3,0.4,0.3,0.2,0.1,0.2,0.2,0.2,
大園,2025/07/20 00:00:00,WD_HR,123,126,225,184,159,134,128,121,126,119,111,119,120,117,118,122,128,161,191,173,138,123,168,212,
大園,2025/07/20 00:00:00,WIND_DIREC,162,138,238,197,136,124,136,119,124,114,114,123,118,116,122,128,143,153,207,111,127,122,191,202,
大園,2025/07/20 00:00:00,WIND_SPEED,3.9,1.1,1,1.4,1.8,1.2,1.6,3.5,2.5,5.2,5.2,5.1,5.7,5.2,4.8,3.1,1.8,2.3,1.1,0.4,0.8,1,1,1.9,
大園,2025/07/20 00:00:00,WS_HR,4,3,1,0.7,1.4,1.3,1.3,2.6,3.4,4.1,4.9,4.3,4.7,5.3,5.5,3.7,2.1,2,1.3,0.6,0.5,1,1.1,1.5,
大園,2025/07/21 00:00:00,AMB_TEMP,26.2,25.3,25.3,25.4,25.6,25.7,25.6,25.9,26.4,26.8,27.2,28.1,28.9,29.6,28.8,28.6,27.1,26.4,26.8,26.8,26.8,26.8,27.1,27.1,
大園,2025/07/21 00:00:00,CO,0.11,0.12,0.15,0.15,0.16,0.2,0.24,0.31,0.32,0.32,0.31,0.25,0.2,0.22,0.24,0.28,0.27,0.25,0.37,0.39,0.43,0.4,0.39,0.22,
大園,2025/07/21 00:00:00,NO,0.6,0.8,0.8,2.9,1.4,1.4,4.6,21.4,16.8,15,13,12.4,6.4,4.1,6.6,9.1,4.5,3.1,10.8,8.6,3.9,2.1,7.4,1,
大園,2025/07/21 00:00:00,NO2,3.8,4,12.6,22.1,14.8,16,25.6,31.2,28.8,26.4,24.1,21.4,15.1,14.2,18.4,25.6,20.1,22.7,27.7,26.6,24.3,22.3,23.1,11.7,
大園,2025/07/21 00:00:00,NOx,4.5,4.8,13.4,25,16.2,17.4,30.2,52.7,45.6,41.4,37.2,33.8,21.6,18.3,25.1,34.7,24.7,25.8,38.5,35.3,28.2,24.5,30.6,12.8,
大園,2025/07/21 00:00:00,O3,26,30.2,22,12.6,13.9,10.4,8.5,5.1,5.4,8.6,11.6,16.8,23,22.3,17.4,11.4,11.5,9.6,2.6,1.8,1.3,2.6,1.6,10.9,
大園,2025/07/21 00:00:00,PM10,20,5,5,11,11,14,10,7,12,13,12,13,20,13,17,16,15,17,20,13,11,19,14,12,
大園,2025/07/21 00:00:00,PM2.5,2,0,0,2,0,0,3,3,0,4,4,2,3,1,0,2,7,3,5,6,3,0,2,2,
大園,2025/07/21 00:00:00,RAINFALL,16.5,7,3.5,0.5,0,0,1.5,1,0.5,0.5,0.5,0,0,0,0,0.5,1.5,0.5,0,0,0,0,0,0,
大園,2025/07/21 00:00:00,RH,86,88,89,89,88,88,88,88,88,87,87,85,83,80,81,82,85,87,86,85,85,85,83,82,
大園,2025/07/21 00:00:00,SO2,0.8,0.3,0.4,0.6,0.5,0.5,0.6,1,0.9,0.8,0.9,2.1,2.5,1.6,0.9,1.1,0.6,0.2,0.4,0.4,0.5,0.5,0.8,0.5,
大園,2025/07/21 00:00:00,WD_HR,171,106,94,97,107,82,70,58,74,63,56,42,30,27,4,47,137,125,99,106,150,167,17,172,
大園,2025/07/21 00:00:00,WIND_DIREC,126,98,102,97,110,18,72,63,67,70,47,32,16,51,359,97,142,111,87,106,189,100,249,197,
大園,2025/07/21 00:00:00,WIND_SPEED,2.3,2,2.3,2.3,1.6,0.9,1.2,1.7,1.9,1.7,2.1,3.2,2.4,1.8,2.4,1.5,1.6,1.1,1.6,1.5,1,0.9,0.6,1.2,
大園,2025/07/21 00:00:00,WS_HR,2,1.6,1.8,2.3,1.4,0.9,1.3,1.4,1.7,1.7,1.9,2.7,2.6,1.4,1.9,1.1,1.7,0.8,1.4,1.5,0.6,0.6,0.2,1.1,
大園,2025/07/22 00:00:00,AMB_TEMP,26.9,26.8,26.4,26.3,26.4,26.7,27.3,28.1,29.1,29.9,30.6,31.3,31.1,31.1,31.3,31.3,31,30.7,30.1,29.3,28.9,28.8,28.6,28.5,
大園,2025/07/22 00:00:00,CO,0.23,0.19,0.18,0.17,0.15,0.13,0.21,0.28,0.19,0.17,0.16,0.17,0.12,0.14,0.13,0.12,0.24,0.18,0.2,0.19,0.18,0.18,0.14,0.12,
大園,2025/07/22 00:00:00,NO,1.2,0.5,0.5,0.4,0.3,0.7,12.1,20.2,6.2,5.7,5,5.3,3.9,6.1,6.4,4.1,9.1,5.8,3.5,6,8.1,2.7,3.9,2,
大園,2025/07/22 00:00:00,NO2,10.9,10.1,8.3,7.7,10.1,10.7,13.7,16.7,8.8,7.6,6.8,7.6,6.5,9.1,7.1,5.8,11.2,8.4,7.9,10.9,11.5,9.4,8.2,6.4,
大園,2025/07/22 00:00:00,NOx,12.1,10.6,8.9,8.1,10.5,11.4,25.8,37,15,13.3,11.8,12.9,10.4,15.2,13.6,10,20.4,14.3,11.5,16.9,19.7,12.2,12.2,8.4,
大園,2025/07/22 00:00:00,O3,10.6,10.7,10.8,9,8.2,6.9,5.3,3.8,7.8,9,11.4,13.9,14.8,11.6,12,11.9,6.8,7.7,6.8,3.5,3.9,3.4,4.2,4.5,
大園,2025/07/22 00:00:00,PM10,15,13,15,18,13,13,14,18,12,16,12,12,12,x,#,13,17,9,14,10,10,9,11,9,
大園,2025/07/22 00:00:00,PM2.5,1,0,4,3,0,0,1,1,0,0,0,0,0,#,0,0,1,0,0,3,2,0,0,0,
大園,2025/07/22 00:00:00,RAINFALL,0,0,0,0,0,0,0,0,0,0,0,0,0,0,0,0,0,0,0,0,0,0,0,0,
大園,2025/07/22 00:00:00,RH,83,83,84,85,84,82,81,79,77,72,67,64,62,61,58,57,57,58,60,65,67,68,70,70,
大園,2025/07/22 00:00:00,SO2,0,0.7,0.7,0.4,0.6,0.7,0.8,1.3,0.8,0.8,0.6,0.7,0.8,0.9,1.1,0.6,1.5,1.4,1.2,1.3,1.5,1.4,1.3,1.2,
大園,2025/07/22 00:00:00,WD_HR,151,166,180,183,150,160,108,112,127,119,116,106,108,100,102,105,94,98,99,85,88,82,86,75,
大園,2025/07/22 00:00:00,WIND_DIREC,149,179,185,187,155,166,70,138,119,111,107,109,112,97,107,96,98,102,96,85,84,84,90,68,
大園,2025/07/22 00:00:00,WIND_SPEED,1.8,1.7,1.3,1.4,1.8,1.1,0.8,2,3.8,5.5,5.2,6.8,5.9,6.9,7.5,8.4,7.5,7.7,7,6.1,5.6,4.7,6.1,4.2,
大園,2025/07/22 00:00:00,WS_HR,1.2,1.9,1.5,1.3,1.6,1.3,0.5,0.7,2.4,4,4.4,5.6,5.9,6.8,7.3,6.4,7.8,7.6,7.3,5.5,5.5,4.7,5.2,4.5,
大園,2025/07/23 00:00:00,AMB_TEMP,28.4,28.2,27.9,28,28.1,28.1,28.6,29.7,31,32.1,33.2,33.8,34.3,34.3,33.9,33.4,32.1,30.8,29.8,29.2,29.1,29,28.9,27.7,
大園,2025/07/23 00:00:00,CO,0.09,0.08,0.08,0.07,0.08,0.08,0.1,0.13,0.16,0.16,0.13,0.11,0.11,0.1,0.1,0.1,0.1,0.12,0.11,0.13,0.14,0.12,0.13,0.13,
大園,2025/07/23 00:00:00,NO,5.4,0.9,0.9,1,1.1,1.4,3.8,7.4,9.5,8.3,6.7,4.4,4.2,4,4.1,5.5,5.3,5.5,4.1,3.1,4.3,8.2,1.9,13.7,
大園,2025/07/23 00:00:00,NO2,7.7,3.1,3.2,2.3,2.7,3.3,4.2,5.4,7.2,7.4,7.9,5.5,6,5.8,6.7,7.5,6.5,7.8,8.1,8.1,10.6,9.4,6.3,12.9,
大園,2025/07/23 00:00:00,NOx,13.2,4,4.2,3.3,3.9,4.8,8.1,12.9,16.8,15.7,14.7,9.9,10.3,9.9,10.9,13.1,11.9,13.4,12.3,11.2,15,17.6,8.3,26.6,
大園,2025/07/23 00:00:00,O3,4.5,7.8,7,8,7.6,6.9,7,6.9,8.5,11.9,13,17.9,16.5,18.3,18.5,15.4,12.6,11.4,7.5,6.9,4.4,5.7,7.6,5.4,
大園,2025/07/23 00:00:00,PM10,11,9,7,7,11,10,9,16,16,13,18,20,13,34,25,28,24,25,14,15,16,11,14,11,
大園,2025/07/23 00:00:00,PM2.5,0,0,0,1,2,1,1,1,1,0,0,3,2,1,3,2,4,6,3,2,9,5,1,1,
大園,2025/07/23 00:00:00,RAINFALL,0,0,0,0,0,0,0,0,0,0,0,0,0,0,0,0,0,0,0,0,0,0,0,0,
大園,2025/07/23 00:00:00,RH,72,73,77,78,78,78,77,74,66,57,49,47,44,44,48,49,54,64,66,70,72,73,74,80,
大園,2025/07/23 00:00:00,SO2,0.7,0.4,0.3,0.1,0.3,0.3,0.5,0.6,0.7,0.7,0.9,0.7,0.6,0.5,0.4,0.7,0.9,1.2,0.9,0.6,0.6,0.6,0.5,0.7,
大園,2025/07/23 00:00:00,WD_HR,72,69,64,68,68,72,85,78,88,94,88,84,80,77,69,59,50,41,66,69,70,70,82,51,
大園,2025/07/23 00:00:00,WIND_DIREC,72,67,67,72,66,74,91,85,89,94,82,96,64,66,60,53,61,42,66,67,64,72,87,43,
大園,2025/07/23 00:00:00,WIND_SPEED,5.5,5.7,6.1,4.9,5.3,5,6.9,6.8,7.7,7.1,6,7.5,6.3,6.2,5.7,6.3,5.4,5.7,5,4,4.9,4.5,4.1,3.5,
大園,2025/07/23 00:00:00,WS_HR,4.8,4.9,4.9,5.1,5,5.3,5.6,4.9,6.3,6.8,7.1,6.5,6.4,6.4,5.7,5.5,5.5,5.3,4.8,4.2,4.5,4.3,4.3,3.2,
大園,2025/07/24 00:00:00,AMB_TEMP,27.8,27.9,28,27.8,27.8,27.9,28.4,29.2,30.1,30.6,30.3,30.8,30.7,31.1,30.7,30.1,29.8,29.5,29,28.8,27.3,26.4,27,26.9,
大園,2025/07/24 00:00:00,CO,0.12,0.07,0.09,0.1,0.1,0.12,0.12,0.14,0.12,0.12,0.09,0.07,0.07,0.07,0.07,0.07,0.07,0.08,0.08,0.08,0.13,0.18,0.24,0.24,
大園,2025/07/24 00:00:00,NO,5.8,1,1,1.6,4.7,3.1,7.5,9,8,10,7.1,4,3.3,2.8,4.4,4.1,4.4,3.1,2.8,4.6,2.3,3.4,5.7,6.2,
大園,2025/07/24 00:00:00,NO2,11.5,3.2,4.8,6.8,10.2,9.6,8.6,7.7,6.5,8.9,6.4,4.1,3.2,3,3.2,3.6,3.6,3.3,4.6,5.2,7,11.1,14.9,13.6,
大園,2025/07/24 00:00:00,NOx,17.3,4.2,5.8,8.4,15,12.8,16.1,16.7,14.5,19,13.5,8.2,6.6,5.9,7.6,7.8,8.1,6.4,7.5,9.8,9.3,14.5,20.7,19.8,
大園,2025/07/24 00:00:00,O3,4.8,8.8,7.5,6.1,5.8,4.6,6.5,7.4,10,10.6,13.1,14.3,14.4,13.6,12,11.3,10.6,11.2,10.7,8.5,7.8,3.9,1.3,1.3,
大園,2025/07/24 00:00:00,PM10,23,18,21,12,18,20,15,21,21,25,22,32,28,27,26,26,32,32,37,21,16,14,16,13,
大園,2025/07/24 00:00:00,PM2.5,0,0,0,6,6,3,1,4,6,4,3,9,20,10,16,23,14,13,7,3,9,5,4,4,
大園,2025/07/24 00:00:00,RAINFALL,0,0,0,0,0,0,0,0,0,0,0,0,0,0,0,0,0,0,0,0,1,4.5,0,1.5,
大園,2025/07/24 00:00:00,RH,80,80,80,81,81,81,81,79,76,73,76,77,76,75,75,76,77,79,82,82,84,86,86,86,
大園,2025/07/24 00:00:00,SO2,0.8,0.6,0.5,0.6,1,1.3,0.8,1.5,1.1,1.2,1,0.6,0.5,0.5,0.5,0.5,0.3,0.3,0.7,0.7,0.4,0.4,0.8,0.9,
大園,2025/07/24 00:00:00,WD_HR,60,64,56,51,52,62,60,58,57,44,35,35,36,37,36,35,35,36,37,36,82,97,87,117,
大園,2025/07/24 00:00:00,WIND_DIREC,63,64,56,49,44,73,55,58,56,37,37,33,37,42,29,37,34,34,35,32,109,120,79,126,
大園,2025/07/24 00:00:00,WIND_SPEED,4.8,2.9,2.6,2.3,2.9,2.3,2.9,4.2,4.5,4.9,6.6,8.7,8,6.3,8.6,7.3,7.5,6.5,6.3,6.3,3.1,2.1,1.5,0.6,
大園,2025/07/24 00:00:00,WS_HR,3.9,3.8,2.8,2.1,2.7,2.2,2.4,3.4,4.7,4.6,6.2,7.5,7.5,6.5,7.2,7.1,6.8,5.9,6.3,5.2,2.7,2.1,1.7,1.2,
大園,2025/07/25 00:00:00,AMB_TEMP,26.6,26,25.8,26,27.1,27.7,27,27.6,28.4,29.1,28.9,28.6,28.7,27.6,27.9,28,27.3,27.9,28,27.4,27.3,27.4,27.5,27.4,
大園,2025/07/25 00:00:00,CO,0.19,0.11,0.11,0.1,0.08,0.08,0.1,0.12,0.11,0.12,0.13,0.17,0.13,0.12,0.17,0.14,0.16,0.2,0.18,0.18,0.18,0.17,0.16,0.1,
大園,2025/07/25 00:00:00,NO,5.7,3.2,12,1.4,1.5,1.5,2,3.5,4.3,4,3.4,2.8,2.4,3.4,2.6,2.2,1.7,1.7,1.6,1.7,1.7,1.5,1.6,1.1,
大園,2025/07/25 00:00:00,NO2,13,6.9,10.2,6.3,4.1,3.8,3.9,5,4.5,4.7,4.7,4.2,4.2,5.1,6.6,6.8,5.6,6.3,5.4,6.6,5.6,5.6,7.3,4.1,
大園,2025/07/25 00:00:00,NOx,18.8,10.1,22.2,7.7,5.7,5.3,6,8.6,8.8,8.8,8.2,7.1,6.7,8.6,9.3,9,7.4,8.1,7,8.3,7.4,7.1,8.9,5.3,
大園,2025/07/25 00:00:00,O3,0.9,7.7,5,9,12.2,10.1,11.8,12,13,16.7,17.4,18.9,21.9,21.4,24.5,24.9,25.7,24.3,20.3,16.4,15.8,14.4,12.6,16.9,
大園,2025/07/25 00:00:00,PM10,8,9,13,10,26,28,20,25,21,31,35,29,26,20,23,21,19,21,19,14,13,21,18,15,
大園,2025/07/25 00:00:00,PM2.5,1,2,0,0,3,5,3,2,4,8,8,7,11,6,5,3,5,5,2,0,0,0,0,0,
大園,2025/07/25 00:00:00,RAINFALL,3.5,14,14,18,0,0,7.5,1,0,0.5,0,0,2,1,1,0.5,0.5,0,0,1.5,0.5,0,0.5,0,
大園,2025/07/25 00:00:00,RH,87,88,89,90,90,88,88,89,86,85,86,85,84,88,87,85,88,87,86,88,89,89,88,88,
大園,2025/07/25 00:00:00,SO2,0.5,0,0,0,#,0,#,#,#,0.5,0.6,0.5,0.4,0.5,0.6,0.6,0.3,0.3,0.4,0.5,0.4,0.4,1,0.6,
大園,2025/07/25 00:00:00,WD_HR,154,129,131,51,26,10,4,21,21,357,355,350,355,357,338,343,337,339,343,330,342,329,314,279,
大園,2025/07/25 00:00:00,WIND_DIREC,123,175,142,16,38,2,28,21,5,348,354,354,24,337,340,345,335,340,337,332,339,330,267,271,
大園,2025/07/25 00:00:00,WIND_SPEED,3.1,1.9,2.7,1.8,3,3,3.5,4.2,4.2,4,5.8,5.6,5.6,4.5,4,5.3,5.1,4.6,2.6,3.1,4.2,2.9,2.6,2.4,
大園,2025/07/25 00:00:00,WS_HR,0.5,1.7,1.2,1,3.6,3.1,3.6,3.4,3.9,4,4.5,5.1,5,3.9,3.4,4.8,5.2,4.4,3.7,2.9,3.6,3.4,2.6,2.4,
大園,2025/07/26 00:00:00,AMB_TEMP,27.5,27,26.8,26.7,26.5,26.4,26.7,28.1,29.5,30.2,31.3,32.3,32.6,32.8,33.2,32.7,31.9,31.1,30.9,30.5,30.7,30.7,29.8,29.5,
大園,2025/07/26 00:00:00,CO,0.14,0.09,0.09,0.1,0.11,0.11,0.11,0.13,0.15,0.15,0.14,0.13,0.13,0.12,0.12,0.11,0.12,0.14,0.14,0.17,0.2,0.27,0.2,0.18,
大園,2025/07/26 00:00:00,NO,1.1,0.5,0.7,0.8,0.9,0.7,0.9,1.2,1.3,1.2,1,0.9,0.8,0.9,#,1,0.9,0.5,0.7,0.3,0.6,1.3,1.9,1.4,
大園,2025/07/26 00:00:00,NO2,4.4,3.8,3.2,3.7,4.2,4,3.4,4,3.6,3.5,3.1,2.6,2.5,2.1,#,2.3,2.4,3.4,4.2,5.9,7.5,11.3,10.6,7.5,
大園,2025/07/26 00:00:00,NOx,5.5,4.4,4,4.5,5.1,4.8,4.4,5.2,5,4.7,4.1,3.6,3.3,3,#,3.3,3.4,4,4.9,6.3,8.1,12.6,12.5,8.9,
大園,2025/07/26 00:00:00,O3,14.8,15.6,16,15.8,14.8,17.7,23.6,25.2,34.2,41.1,44,40,40.5,38.1,#,33.3,32.1,31.1,24.4,19.2,16,10.9,17.1,23.7,
大園,2025/07/26 00:00:00,PM10,18,11,12,10,15,12,9,10,20,16,17,16,3,17,19,17,23,20,12,21,16,21,29,22,
大園,2025/07/26 00:00:00,PM2.5,2,2,2,4,1,0,4,4,7,5,4,3,14,10,5,4,4,6,5,4,8,5,5,6,
大園,2025/07/26 00:00:00,RAINFALL,0,0,0.5,1.5,0,0.5,0,0,0,0,0,0,0,0,0,0,0,0,0,0,0,0,0,0,
大園,2025/07/26 00:00:00,RH,87,88,89,89,89,89,88,85,81,79,73,65,62,57,53,51,54,57,57,58,57,58,67,74,
大園,2025/07/26 00:00:00,SO2,0.2,0,0,0,0,0,0,#,0.3,0.3,0.3,0.4,0.3,0.3,#,0.4,0.3,0.3,0.3,0.5,0.4,0.5,0.7,0.7,
大園,2025/07/26 00:00:00,WD_HR,253,233,220,231,214,220,209,213,212,219,223,231,232,233,220,231,235,229,222,159,222,341,15,4,
大園,2025/07/26 00:00:00,WIND_DIREC,240,220,229,203,249,207,227,204,209,223,227,231,230,235,221,231,243,221,215,166,263,358,12,332,
大園,2025/07/26 00:00:00,WIND_SPEED,2,2.4,2.5,2.1,2.6,3.5,2.9,3.8,4.5,6.5,5,6.7,6.2,5.5,3.9,4.5,4,3.7,1.3,1,1.1,2,2.5,1.2,
大園,2025/07/26 00:00:00,WS_HR,1.8,2.2,2.2,1.6,2,2.7,3.1,3,4.2,5.1,5,5.4,5.3,6.3,3.6,4.7,4,3.1,2.1,0.7,0.8,1.1,1.8,1.3,
大園,2025/07/27 00:00:00,AMB_TEMP,29.8,29.2,29.2,28.8,28.2,28.5,29,30,31.1,31,30.9,30.5,30.2,30,29.6,29.2,29,28.5,28.2,28.3,28.1,27.2,26.5,26.3,
大園,2025/07/27 00:00:00,CO,0.18,0.19,0.19,0.18,0.18,0.18,0.18,0.21,0.17,0.15,0.14,0.14,0.15,0.14,0.14,0.15,0.16,0.14,0.13,0.13,0.14,0.14,0.14,0.14,
大園,2025/07/27 00:00:00,NO,0.7,0.5,0.5,0.7,0.4,0.5,0.8,1.5,1,0.5,0.8,0.5,0.6,0.6,0.5,0.5,0.5,0.5,0.5,0.5,0.7,0.5,0.2,0,
大園,2025/07/27 00:00:00,NO2,7.2,8,7.4,6.8,6.9,7.1,7.8,8.4,5.3,3.5,3.1,3.2,3.6,3.5,3.8,4.5,4,2.9,2.9,2.7,2.5,2.8,2.8,3.3,
大園,2025/07/27 00:00:00,NOx,8,8.6,7.9,7.5,7.4,7.7,8.6,9.9,6.3,4.1,4,3.7,4.3,4.2,4.3,5,4.6,3.5,3.4,3.3,3.2,3.3,3,3.4,
大園,2025/07/27 00:00:00,O3,19.7,17.9,19.8,21.7,22.1,25.8,25.2,22.4,35,39.4,36.9,37.5,39.3,39.5,39.3,37.4,40.8,38.9,35.8,36.9,37,41.8,42.1,41.1,
大園,2025/07/27 00:00:00,PM10,19,23,24,22,27,23,29,30,28,23,30,22,25,26,22,24,30,29,25,26,22,22,16,23,
大園,2025/07/27 00:00:00,PM2.5,6,8,6,9,10,14,12,8,9,11,9,8,8,8,8,9,13,9,12,7,4,7,5,10,
大園,2025/07/27 00:00:00,RAINFALL,0,0,0,0,0,0,0,0,0,0,0,0,0,0,0,0,0,0.5,0.5,0.5,6.5,1,0.5,0,
大園,2025/07/27 00:00:00,RH,68,69,70,72,78,79,78,76,69,66,65,67,69,70,73,80,82,84,86,86,87,88,87,87,
大園,2025/07/27 00:00:00,SO2,0.7,0.4,0.4,0.3,0.5,0.3,0.1,0.2,0.2,0.1,0.2,0,0,0.1,0.2,0.1,0,0,0,0,0,0,0,0,
大園,2025/07/27 00:00:00,WD_HR,238,225,227,213,175,167,163,178,216,225,236,237,238,246,240,249,243,244,225,233,242,230,239,234,
大園,2025/07/27 00:00:00,WIND_DIREC,229,206,211,195,161,124,166,189,228,226,232,234,241,228,239,240,255,231,210,250,231,233,241,235,
大園,2025/07/27 00:00:00,WIND_SPEED,3,1.4,1.8,1.5,1.8,0.8,1.4,2.1,3.8,4.8,5.5,4.9,6.1,6.7,5.4,5,3.4,4.1,1.7,2.9,4.2,4.8,3.9,4.4,
大園,2025/07/27 00:00:00,WS_HR,1.8,1.8,2,1.6,1.5,0.7,1.1,1.7,3.1,4.4,5,4.9,5.1,6,5.8,4.7,3.7,3.2,2.6,2.5,3.1,4.2,4.4,3.7,
大園,2025/07/28 00:00:00,AMB_TEMP,26.5,26.3,26.7,27.3,26.9,27.5,27.8,27.9,27.7,29.2,29.9,30.8,31.1,30.7,29.4,29.2,29.2,29.5,28.6,27.7,26.5,26,26.1,26,
大園,2025/07/28 00:00:00,CO,0.14,0.12,0.13,0.13,0.13,0.13,0.14,0.16,0.15,0.15,0.15,0.15,0.2,0.22,0.19,0.21,0.19,0.22,0.21,0.19,0.15,0.16,0.18,0.16,
大園,2025/07/28 00:00:00,NO,0.6,0.8,0.5,0.6,0.7,0.7,0.7,0.7,1,1.4,1.5,1.2,0.9,1.6,1.7,1.5,1.4,1.8,0.8,0.6,0.7,0.9,0.7,0.6,
大園,2025/07/28 00:00:00,NO2,3.6,2.7,2.9,1.9,2,2.3,2.8,4.1,4.1,4.6,4.8,4.3,4.5,8.7,9.8,10,10.6,12.2,9.1,7.2,5.5,5.3,8.5,7.1,
大園,2025/07/28 00:00:00,NOx,4.2,3.5,3.5,2.5,2.8,3.1,3.5,4.9,5.2,6,6.3,5.6,5.4,10.4,11.6,11.5,12.1,14,10,7.9,6.3,6.2,9.2,7.8,
大園,2025/07/28 00:00:00,O3,33.5,32.9,35.8,33.2,30.9,34.1,31.7,31.2,31.7,32.5,35.5,43.7,45.9,50.2,45.1,46.1,43.1,39.2,43.8,33.7,26.8,23.9,22.4,22.5,
大園,2025/07/28 00:00:00,PM10,22,8,8,14,9,13,12,9,9,10,10,7,7,14,14,19,22,14,20,8,7,9,13,12,
大園,2025/07/28 00:00:00,PM2.5,7,2,0,1,2,1,6,3,0,0,5,5,2,5,4,2,7,7,7,3,0,0,0,0,
大園,2025/07/28 00:00:00,RAINFALL,0,0,0,0,0,0,0,0,0,0,0,0,0,0,0,0,0,0,0,0,8.5,2.5,0,0,
大園,2025/07/28 00:00:00,RH,86,87,87,85,84,84,83,83,84,80,79,77,72,72,79,81,82,80,83,85,86,87,87,87,
大園,2025/07/28 00:00:00,SO2,0,0.6,0.5,0.5,0.7,0.7,0.7,0.7,0.5,0.6,0.8,0.9,1.3,1.9,2.6,2.3,1.6,2.9,1,0.9,0.6,0.7,0.8,0.9,
大園,2025/07/28 00:00:00,WD_HR,225,246,253,235,241,254,242,253,241,236,235,249,261,306,311,301,275,288,267,238,211,199,233,222,
大園,2025/07/28 00:00:00,WIND_DIREC,235,263,240,226,248,254,250,254,248,229,239,262,270,311,304,295,264,244,283,222,178,233,234,221,
大園,2025/07/28 00:00:00,WIND_SPEED,6.1,2.8,2.3,5.7,3.7,3.4,2.9,3.6,2.9,3,4.1,3.4,3.4,4,2.2,2.3,1.5,2.4,1.8,3.7,2,1.9,2.6,1,
大園,2025/07/28 00:00:00,WS_HR,4.6,3.1,2.4,4.2,3.9,3.6,3,3.4,2.9,3,3,3.3,3.1,2.8,2.9,2.4,1.6,1.3,1.5,2.9,2.2,1.5,2.1,1.4,
大園,2025/07/29 00:00:00,AMB_TEMP,26,26.1,26.4,26.6,26.2,26.1,25.5,25.4,26,26.4,28.1,29.5,30.3,30.7,30.4,30.5,29.8,29.4,28.6,28,27.9,27.9,28.1,28.6,
大園,2025/07/29 00:00:00,CO,0.2,0.16,0.18,0.18,0.18,0.16,0.15,0.18,0.18,0.18,0.16,0.18,0.15,#,0.21,0.17,0.14,0.17,0.19,0.19,0.21,0.18,0.18,0.17,
大園,2025/07/29 00:00:00,NO,0.6,0.4,0.2,0.3,0.4,0.5,0.4,0.4,1,1.5,1.5,1.2,0.8,#,#,#,#,1,0.8,0.8,0.8,0.7,0.8,0.6,
大園,2025/07/29 00:00:00,NO2,10.3,8.3,7.6,9.5,8.3,6.1,4,4.3,6.3,7.4,5.8,5.5,3.2,#,#,#,#,3,3.7,4.3,5.1,5.1,4.2,2.3,
大園,2025/07/29 00:00:00,NOx,11,8.7,7.8,9.9,8.8,6.7,4.5,4.7,7.3,9,7.3,6.8,4,#,#,#,#,4.1,4.5,5.1,6,5.8,5,3,
大園,2025/07/29 00:00:00,O3,17.6,21.3,21.4,18.5,19.9,26.1,29.1,28.8,28.2,27.7,34.7,39.5,42.7,45.1,#,45.5,46,48.5,52.8,51.1,51.1,43.1,36,39.2,
大園,2025/07/29 00:00:00,PM10,17,20,19,19,19,12,7,3,2,3,8,9,9,3,#,12,9,8,13,13,13,16,13,13,
大園,2025/07/29 00:00:00,PM2.5,2,2,6,5,2,3,1,1,2,0,0,0,0,#,1,1,0,0,5,3,3,6,4,3,
大園,2025/07/29 00:00:00,RAINFALL,0,0,0,0.5,2,21.5,4.5,2,11,2.5,0,0,0,#,0,0,0,0,0,0,0,0,0,0,
大園,2025/07/29 00:00:00,RH,87,85,85,85,86,88,89,89,89,89,86,82,80,79,78,78,79,80,82,84,84,85,85,81,
大園,2025/07/29 00:00:00,SO2,1.2,0.8,0.6,0.8,0.5,0.3,0.1,0,0.1,0.1,0.1,0.3,0.3,#,0.3,#,#,0.4,0.3,0.3,0.5,0.7,0.4,0.3,
大園,2025/07/29 00:00:00,WD_HR,232,222,233,241,234,291,234,215,220,213,230,248,246,252,253,258,243,243,234,227,222,228,236,231,
大園,2025/07/29 00:00:00,WIND_DIREC,222,226,234,237,241,239,221,209,218,220,251,247,253,267,252,232,233,248,233,229,223,227,230,232,
大園,2025/07/29 00:00:00,WIND_SPEED,2.3,2.5,2.2,2.8,2.5,2.8,4,2.4,2.9,3.1,4.2,5.2,4.3,3.6,3.7,4,3.4,3.7,2.5,2.3,3,3.3,4.6,5.6,
大園,2025/07/29 00:00:00,WS_HR,1.8,2.1,1.9,2.3,2.8,1.3,2.6,2.1,2.3,2.6,3,4,4.2,3.6,3.8,3.1,3.4,3.3,2.8,2.7,2.7,3,3.5,4.8,
大園,2025/07/30 00:00:00,AMB_TEMP,28.6,28.5,28.3,28.3,28.5,28.4,28.6,29.3,30.3,31.5,32.6,32.6,32.3,33,32.9,32.4,32.9,31.7,31.1,30.5,30,29.9,29.9,29.6,
大園,2025/07/30 00:00:00,CO,0.18,0.17,0.17,0.16,0.15,0.14,0.16,0.18,0.18,0.19,0.18,0.18,0.18,0.17,0.18,0.2,0.2,0.23,0.22,0.19,0.19,0.18,0.16,0.2,
大園,2025/07/30 00:00:00,NO,0.7,0.4,0.3,0.3,0.2,0.2,0.5,0.5,0.7,0.6,0.5,0.5,0.5,0.5,0.4,0.5,0.5,0.4,0.2,0.2,0.2,0.1,0.3,0.1,
大園,2025/07/30 00:00:00,NO2,2.2,2.3,2.9,2.1,1.8,2,2.9,3,3.4,4.1,3.8,3.2,3.3,3.1,3.2,3.9,3.8,5.1,4.8,4.5,3.9,3.3,2.4,2.5,
大園,2025/07/30 00:00:00,NOx,3,2.7,3.2,2.4,2,2.2,3.5,3.6,4.1,4.7,4.3,3.7,3.9,3.7,3.7,4.4,4.3,5.5,5.1,4.7,4.2,3.4,2.7,2.7,
大園,2025/07/30 00:00:00,O3,44.2,42.5,43.5,41.4,39.8,39,36.6,38.5,40.3,48.4,49.1,46.9,45.9,48.5,51.9,56.3,55.1,50.3,45.4,40.4,36.3,38.6,42.9,43.6,
大園,2025/07/30 00:00:00,PM10,22,13,20,12,10,9,12,17,8,16,17,17,17,18,27,29,23,24,25,19,17,19,25,27,
大園,2025/07/30 00:00:00,PM2.5,3,1,6,6,3,0,4,3,2,3,8,9,6,7,7,11,8,16,10,6,7,9,6,11,
大園,2025/07/30 00:00:00,RAINFALL,0,0,0,0,0,0,0,0,0,0,0,0,0,0,0,0,0,0,0,0,0,0,0,0,
大園,2025/07/30 00:00:00,RH,81,81,82,81,79,79,80,79,77,75,65,62,61,59,60,63,62,65,67,69,71,72,73,78,
大園,2025/07/30 00:00:00,SO2,0.3,0.5,0.7,0.4,0.4,0.6,0.6,0.6,0.6,0.9,0.8,0.7,0.7,0.6,0.5,0.5,0.6,0.5,0.4,0.6,0.5,0.4,0.4,0.3,
大園,2025/07/30 00:00:00,WD_HR,235,242,241,233,234,234,234,228,229,232,231,231,229,236,244,241,245,240,229,230,223,208,213,214,
大園,2025/07/30 00:00:00,WIND_DIREC,234,243,235,237,234,233,232,226,235,240,234,234,229,240,245,246,254,230,232,232,213,213,208,220,
大園,2025/07/30 00:00:00,WIND_SPEED,5,6.1,5.8,5.6,5.7,5.6,4.4,5.9,4.6,4.5,5.4,5.5,6.2,5.8,4.7,4.9,4.1,3.8,3.3,3.2,2.7,3.7,3.2,3.8,
大園,2025/07/30 00:00:00,WS_HR,4.9,4.8,5.2,5.2,5.5,5.6,4.9,5.2,5.1,4.5,5.4,5.4,4.9,5.3,4.8,4.1,3.8,3.7,3.3,3.3,2.6,2.5,3.3,3.2,
大園,2025/07/31 00:00:00,AMB_TEMP,29.3,29.1,28.6,#,#,NA,NA,NA,NA,NA,NA,NA,NA,NA,NA,NA,#,31.7,31.5,30.9,30.3,30.1,29.9,29.7,
大園,2025/07/31 00:00:00,CO,0.22,0.18,0.16,#,#,NA,NA,NA,NA,NA,NA,NA,NA,NA,NA,NA,#,0.17,0.27,0.24,0.22,0.21,0.15,0.14,
大園,2025/07/31 00:00:00,NO,0.3,0.3,0.3,#,#,NA,NA,NA,NA,NA,NA,NA,NA,NA,NA,NA,#,1.9,2.5,1.5,0.8,0.7,0.5,0.4,
大園,2025/07/31 00:00:00,NO2,2.7,3.6,3.5,#,#,NA,NA,NA,NA,NA,NA,NA,NA,NA,NA,NA,#,11.6,9.3,9.2,7.6,8.2,5.9,4.8,
大園,2025/07/31 00:00:00,NOx,3,3.9,3.8,#,#,NA,NA,NA,NA,NA,NA,NA,NA,NA,NA,NA,#,13.6,11.9,10.8,8.4,9,6.4,5.2,
大園,2025/07/31 00:00:00,O3,45.7,37.7,32,#,#,NA,NA,NA,NA,NA,NA,NA,NA,NA,NA,NA,#,44.3,39.1,33.6,31.1,29.1,28.8,27.5,
大園,2025/07/31 00:00:00,PM10,39,22,11,A,A,NA,NA,NA,NA,NA,NA,NA,NA,NA,NA,NA,#,20,16,21,9,12,10,11,
大園,2025/07/31 00:00:00,PM2.5,11,8,4,A,A,NA,NA,NA,NA,NA,NA,NA,NA,NA,NA,NA,#,8,9,12,5,2,3,2,
大園,2025/07/31 00:00:00,RAINFALL,0,0,0,0,0,NA,NA,NA,NA,NA,NA,NA,NA,NA,NA,NA,#,0,0,0,0,0,0,0,
大園,2025/07/31 00:00:00,RH,81,80,78,#,#,NA,NA,NA,NA,NA,NA,NA,NA,NA,NA,NA,#,58,58,59,60,60,63,65,
大園,2025/07/31 00:00:00,SO2,0.4,0,0,#,#,NA,NA,NA,NA,NA,NA,NA,NA,NA,NA,NA,#,#,#,0.4,0,0,0,0,
大園,2025/07/31 00:00:00,WD_HR,217,213,191,#,#,NA,NA,NA,NA,NA,NA,NA,NA,NA,NA,NA,#,213,200,234,219,219,216,214,
大園,2025/07/31 00:00:00,WIND_DIREC,221,223,193,#,#,NA,NA,NA,NA,NA,NA,NA,NA,NA,NA,NA,220,211,191,234,211,210,224,197,
大園,2025/07/31 00:00:00,WIND_SPEED,3.2,1.7,1,#,#,NA,NA,NA,NA,NA,NA,NA,NA,NA,NA,NA,4.1,2.6,1.4,1.5,1.1,3.1,2.9,1.5,
大園,2025/07/31 00:00:00,WS_HR,3.3,1.9,1,#,#,NA,NA,NA,NA,NA,NA,NA,NA,NA,NA,NA,#,2.2,1.8,1.8,1.6,2.3,3.1,1.9,
大園,2025/08/01 00:00:00,AMB_TEMP,28.9,29.3,28.7,28.5,28.5,28.4,28.9,30.1,30.5,31.8,32.7,#,33.8,33.7,32,31.5,28.5,29,28.6,28.3,28.1,28.1,28.3,28.4,
大園,2025/08/01 00:00:00,CO,0.15,0.11,0.12,0.12,0.12,0.13,0.16,0.14,0.15,0.21,0.19,#,0.13,#,0.21,0.16,0.17,0.26,0.28,0.4,0.41,0.38,0.43,0.42,
大園,2025/08/01 00:00:00,NO,0.3,0.9,0.8,0.7,0.6,0.7,1.5,1.8,#,1.9,1.4,#,1.7,#,2.2,1.3,1.5,1.7,0.6,0.5,0.6,0.5,0.5,0.6,
大園,2025/08/01 00:00:00,NO2,5.3,2.4,3.6,4.9,4.4,4.8,6.5,4.5,#,6.9,7,#,4.2,#,14.4,6.2,9.7,13.5,11,22.7,20.9,19.8,20.8,23.2,
大園,2025/08/01 00:00:00,NOx,5.7,3.3,4.4,5.6,5.1,5.5,8.1,6.3,#,8.9,8.5,#,5.9,#,16.6,7.6,11.2,15.2,11.7,23.2,21.5,20.3,21.4,23.9,
大園,2025/08/01 00:00:00,O3,27.2,27.2,23.3,20.1,19.4,16.9,15.9,21.4,20.6,26,39,#,51.2,49.2,48.3,45.7,37.2,38.7,35.3,20.1,17,14.6,10.2,7.2,
大園,2025/08/01 00:00:00,PM10,13,12,18,22,20,21,21,18,13,19,17,#,16,24,44,41,17,18,16,21,21,20,23,24,
大園,2025/08/01 00:00:00,PM2.5,4,4,7,10,7,8,4,5,8,7,8,#,5,10,11,12,6,3,3,8,8,10,11,11,
大園,2025/08/01 00:00:00,RAINFALL,0,0,0,0,0,0,0,0,0,0,0,#,0,0,0,0,0,0,0,0,0,0,0,0,
大園,2025/08/01 00:00:00,RH,66,65,69,74,75,75,75,68,65,62,58,#,56,56,64,64,74,77,80,82,83,83,83,83,
大園,2025/08/01 00:00:00,SO2,0.5,0.8,0.8,0.8,0.6,0.4,0.7,0.7,0.5,0.6,0.7,#,1.3,#,1.1,0.9,0.5,0.6,0.4,0.5,0.6,0.7,0.8,0.7,
大園,2025/08/01 00:00:00,WD_HR,202,203,215,210,206,198,198,211,213,210,213,#,249,251,59,203,143,139,148,147,151,162,169,156,
大園,2025/08/01 00:00:00,WIND_DIREC,202,201,225,220,217,181,206,210,227,208,237,212,242,117,71,148,140,142,141,150,151,154,139,185,
大園,2025/08/01 00:00:00,WIND_SPEED,3.2,1.8,2.7,2.3,1.6,1.4,1.1,2.4,2.9,2.3,2.2,1.7,3.3,2.9,2.2,3.9,2.6,2.5,1.1,2,1.5,1.1,0.8,1,
大園,2025/08/01 00:00:00,WS_HR,2.4,2.5,1.8,1.9,1.5,1.2,1.1,2.5,2.2,2,1.9,#,1.8,1.9,2.5,2.1,2.7,2.4,1.4,1.6,1.5,1.2,0.8,0.6,
大園,2025/08/02 00:00:00,AMB_TEMP,28.1,27.8,27.7,27.9,27.5,27.2,28.1,29.6,31,32,33.2,33.4,33.5,33.6,33,32.7,32.2,31.5,30.5,30.2,30.4,30.1,29.9,29.6,
大園,2025/08/02 00:00:00,CO,0.3,0.18,0.16,0.21,0.24,0.21,0.25,0.24,0.14,0.13,0.14,0.14,0.13,0.12,0.11,0.11,0.11,0.13,0.13,0.12,0.12,0.12,0.11,0.11,
大園,2025/08/02 00:00:00,NO,0.6,0.4,0.4,0.4,0.8,1,4.3,4.3,1.9,0.9,0.8,0.9,0.6,0.8,0.7,0.7,0.5,0.6,0.5,0.5,0.4,0.5,0.3,0.3,
大園,2025/08/02 00:00:00,NO2,14.2,8.6,7,10,12.7,10.3,10.6,10,4.8,2.7,3.1,3.4,3.3,2.7,2.5,2.3,2.1,2.7,3.1,2.9,2.7,3.2,2.4,2.4,
大園,2025/08/02 00:00:00,NOx,14.9,9.1,7.5,10.4,13.5,11.4,14.9,14.3,6.7,3.7,4,4.3,4,3.5,3.3,3.1,2.7,3.4,3.6,3.4,3.1,3.7,2.7,2.8,
大園,2025/08/02 00:00:00,O3,10.5,11,13.7,11.1,6.3,4.8,6.5,13.1,23.2,26.1,35.6,39.4,35.8,33.2,33,32.4,30.3,28.1,26.4,24.4,23.1,21.4,23.3,22.9,
大園,2025/08/02 00:00:00,PM10,14,13,18,21,21,29,31,23,24,18,19,21,21,10,18,14,17,22,21,25,18,17,21,20,
大園,2025/08/02 00:00:00,PM2.5,6,2,5,5,3,0,4,5,6,3,3,2,0,0,0,0,0,0,5,11,6,5,4,9,
大園,2025/08/02 00:00:00,RAINFALL,0,0,0,0,0,0,0,0,0,0,0,0,0,0,0,0,0,0,0,0,0,0,0,0,
大園,2025/08/02 00:00:00,RH,82,82,82,81,83,83,82,78,74,67,61,58,55,52,53,53,53,56,59,59,58,59,62,65,
大園,2025/08/02 00:00:00,SO2,0.6,0.6,0.4,0.4,0.6,0.6,0.8,0.6,0.5,0.4,0.3,0.6,0.6,0.5,0.4,0.5,0.5,0.5,0.6,0.8,0.6,0.7,0.5,0.6,
大園,2025/08/02 00:00:00,WD_HR,188,194,180,159,154,156,172,182,205,205,222,243,238,237,225,220,221,228,226,222,216,207,223,218,
大園,2025/08/02 00:00:00,WIND_DIREC,197,186,168,176,147,162,175,199,202,207,241,249,234,245,215,223,219,227,228,215,218,203,224,213,
大園,2025/08/02 00:00:00,WIND_SPEED,1.4,1.3,2.3,1,2.3,2.1,1.5,2.9,3.9,3.4,3.7,5.7,5,5.2,5.7,5.8,5.3,5.6,5.7,4.8,3.1,1.9,4,3.8,
大園,2025/08/02 00:00:00,WS_HR,1.2,1,1.6,1.4,1.7,2.1,1.5,1.7,3.2,2.9,3.1,3.7,4.7,5,6,5.9,6,5.2,5,4.7,3.5,2.1,3.4,3.6,
大園,2025/08/03 00:00:00,AMB_TEMP,29.8,29.9,29.9,29.9,29.9,29.7,29.8,30.6,31.3,30.9,30.9,30.8,31.9,33,32.6,31.6,29.8,29.4,30,29.7,29.3,29.6,29.1,28.6,
大園,2025/08/03 00:00:00,CO,0.11,0.12,0.12,0.12,0.12,0.12,0.13,0.15,0.15,0.14,0.13,0.13,0.12,0.12,0.13,0.13,0.12,0.13,0.14,0.17,0.16,0.15,0.15,0.16,
大園,2025/08/03 00:00:00,NO,0.4,0.3,0.5,0.7,0.6,0.6,0.7,1,1.2,0.8,0.9,0.8,0.7,0.6,0.7,0.8,0.7,0.7,0.7,0.5,0.7,0.7,0.6,0.5,
大園,2025/08/03 00:00:00,NO2,2.7,2,1.6,1.8,1.7,2.4,2.3,3,3.2,2.4,2.2,2,1.8,1.8,2,2,2.1,2.4,2.6,4.1,5.4,4,4.2,4.8,
大園,2025/08/03 00:00:00,NOx,3.1,2.4,2.2,2.6,2.3,3.1,3,4,4.4,3.3,3.1,2.9,2.5,2.5,2.8,2.9,2.9,3.1,3.3,4.6,6.2,4.7,4.8,5.4,
大園,2025/08/03 00:00:00,O3,23.7,24.1,24.2,23.8,23.7,21.9,21.4,20.7,24.3,28.2,27.4,25.6,24.6,26.1,26.5,23.6,29.4,27.5,22.6,18.8,17.8,18.9,17.8,16,
大園,2025/08/03 00:00:00,PM10,13,22,24,26,17,22,19,17,23,15,14,13,11,14,19,16,18,4,15,18,7,23,22,23,
大園,2025/08/03 00:00:00,PM2.5,6,7,6,17,2,8,8,6,3,1,0,0,5,2,1,8,5,0,10,8,6,5,5,9,
大園,2025/08/03 00:00:00,RAINFALL,0,0,0,0,0,0,0,0,0,0,0,0,0,0,0,0,0,0,0,0,0,0,0,0,
大園,2025/08/03 00:00:00,RH,61,61,62,63,64,63,63,61,58,59,58,59,54,51,51,54,58,60,57,58,60,60,66,70,
大園,2025/08/03 00:00:00,SO2,0.8,0.4,0.3,0.4,0.4,0.5,0.5,0.4,0.7,0.5,0.6,0.4,0.6,0.6,0.5,0.6,0.6,0.6,0.5,0.7,1,0.9,0.8,0.8,
大園,2025/08/03 00:00:00,WD_HR,210,206,208,213,211,208,203,205,225,222,222,219,224,231,239,239,220,214,217,236,245,229,216,214,
大園,2025/08/03 00:00:00,WIND_DIREC,208,203,214,208,216,205,200,212,231,222,218,218,229,244,232,240,217,214,195,288,198,245,205,216,
大園,2025/08/03 00:00:00,WIND_SPEED,4.3,3.6,3.6,3.6,3.3,3.1,1.6,2.2,5.9,6.3,5.8,5.3,5.2,5.3,6,6.5,5.5,5,2.6,2.9,1.8,3.8,3.8,3,
大園,2025/08/03 00:00:00,WS_HR,3.8,3.3,3.2,3.2,3.1,2.8,1.9,1.7,4.3,5.5,5.2,4.8,5.2,4.6,4.5,5.1,6.4,4.4,3.6,1.4,1.8,2.3,3.4,2.5,
大園,2025/08/04 00:00:00,AMB_TEMP,28.7,29.1,29.8,29.9,29.7,29.5,29.1,29.7,31.4,32.3,33.1,32.9,32.5,32.4,33.1,32.8,31.4,30.2,29.2,28.3,28.3,28.3,28.2,28.3,
大園,2025/08/04 00:00:00,CO,0.15,0.11,0.11,0.11,0.11,0.12,0.12,0.14,0.14,0.13,0.15,0.16,0.16,0.17,#,0.18,0.16,0.16,0.19,0.21,0.21,0.2,0.22,0.2,
大園,2025/08/04 00:00:00,NO,0.7,0.7,0.6,0.5,0.5,0.5,0.3,0.8,1,1.1,1.2,1.1,1.3,1.1,#,0.9,1.8,1.2,0.7,0.6,0.7,0.6,0.6,0.6,
大園,2025/08/04 00:00:00,NO2,4.4,2.4,1.4,1.5,1.8,2.1,2.5,3.9,3.9,4,5.3,5.6,5.7,5.3,#,8,8.9,6.3,6.1,9,9.1,8.6,11.4,11.6,
大園,2025/08/04 00:00:00,NOx,5.1,3.1,2,2.1,2.3,2.6,2.9,4.7,5,5.1,6.5,6.7,7,6.4,#,9,10.7,7.6,6.8,9.7,9.8,9.3,12.1,12.3,
大園,2025/08/04 00:00:00,O3,17.2,27.2,35.8,36.5,34.5,28.5,25.8,28.8,37.6,34,42.4,44.1,42.9,45.6,46.3,#,20.8,18.4,17.1,13.2,12.7,14.6,11.1,10.5,
大園,2025/08/04 00:00:00,PM10,17,15,12,11,12,20,14,13,7,8,15,16,19,15,19,29,19,21,19,18,16,13,18,11,
大園,2025/08/04 00:00:00,PM2.5,6,4,3,3,4,5,3,0,0,0,0,1,2,16,0,2,5,8,6,3,5,5,3,2,
大園,2025/08/04 00:00:00,RAINFALL,0,0,0,0,0,0,0,0,0,0,0,0,0,0,0,0,0,0,0,0,0,0,0,0,
大園,2025/08/04 00:00:00,RH,71,65,58,56,57,60,62,57,50,48,47,49,51,52,50,50,53,57,62,73,77,77,77,76,
大園,2025/08/04 00:00:00,SO2,0.6,0.2,0.2,0.2,0.3,0.3,0.3,0.4,0.4,0.4,0.5,0.7,0.7,0.8,#,0.7,0.9,0.5,0.5,0.7,0.8,0.8,0.9,0.7,
大園,2025/08/04 00:00:00,WD_HR,219,237,238,243,230,228,207,210,220,208,220,258,258,260,168,200,230,188,265,240,244,234,212,231,
大園,2025/08/04 00:00:00,WIND_DIREC,241,231,243,242,232,226,195,224,201,189,271,281,262,272,#,262,203,188,289,225,224,230,224,234,
大園,2025/08/04 00:00:00,WIND_SPEED,3.3,5.1,4.4,5.1,5.3,4,3.6,4,2.6,2.2,2,2.1,3.3,2.3,#,3,2.5,1.1,0.9,1.5,1.9,2.1,1.3,2.8,
大園,2025/08/04 00:00:00,WS_HR,2.4,3.7,4.6,4.1,5,4.2,3.3,3.3,3,2.4,1.6,1.8,2.7,2.5,0.8,0.7,2.2,1.5,1.2,2.1,1.9,1.6,1.5,1.9,
大園,2025/08/05 00:00:00,AMB_TEMP,27.9,28.3,28.2,28.6,28.9,29,29.2,30.3,30.8,30.8,32.1,31.7,32,30.8,29.9,28.5,27.7,28,28.6,28.7,28.2,28.1,28.1,28,
大園,2025/08/05 00:00:00,CO,0.2,0.17,0.15,0.19,0.15,0.13,0.15,0.17,0.15,0.17,0.18,0.2,0.19,0.17,0.19,0.31,0.3,0.28,0.33,0.35,0.48,0.52,0.54,0.53,
大園,2025/08/05 00:00:00,NO,0.7,0.9,0.7,0.8,0.9,0.6,1.1,2,1.6,1.7,1.7,1.5,1.1,1,1,1.8,2,1.5,2.3,5.2,3.4,2,2.6,5.5,
大園,2025/08/05 00:00:00,NO2,11.1,8,7.3,8.5,7.2,3.6,5.7,6.2,4.8,5.3,5.7,6,5.1,4.2,6.4,24.4,20.8,17.6,26,28.3,28,27.9,26.9,28.9,
大園,2025/08/05 00:00:00,NOx,11.8,9,8,9.3,8.1,4.3,6.9,8.2,6.4,7,7.4,7.5,6.3,5.2,7.4,26.2,22.8,19.2,28.4,33.6,31.4,29.9,29.5,34.4,
大園,2025/08/05 00:00:00,O3,9.8,12.7,14.7,12.8,15.8,22.5,16,19.4,23.6,24.6,33.8,40.4,44.4,36.7,29.4,10.8,14.2,13.9,6.9,5.4,1.8,2.2,1.6,0.4,
大園,2025/08/05 00:00:00,PM10,10,13,12,14,23,20,24,21,18,20,19,31,29,31,32,21,7,19,18,21,20,29,28,31,
大園,2025/08/05 00:00:00,PM2.5,4,1,1,3,9,6,4,4,6,8,11,8,15,14,11,5,4,9,6,9,9,8,9,7,
大園,2025/08/05 00:00:00,RAINFALL,0,0,0,0,0,0,0,0,0,0,0,0,0,0,0,0.5,0.5,0,0,0,0,0,0,0,
大園,2025/08/05 00:00:00,RH,77,76,75,73,72,71,71,68,65,65,61,61,61,64,68,76,82,83,80,79,81,81,82,82,
大園,2025/08/05 00:00:00,SO2,0.4,1,1,0.8,0.9,0.8,0.8,0.9,1,1,1.2,1.2,1.1,1,1.2,1.2,1.1,0.8,1,1.2,1.6,1.5,1.2,1.2,
大園,2025/08/05 00:00:00,WD_HR,217,221,188,179,210,202,190,212,211,208,235,255,250,242,222,155,184,170,113,109,145,197,169,154,
大園,2025/08/05 00:00:00,WIND_DIREC,214,206,196,184,204,174,188,208,210,212,258,256,247,244,131,201,179,148,92,118,177,201,147,168,
大園,2025/08/05 00:00:00,WIND_SPEED,1.4,1.7,1.2,1.1,1.3,2,1.5,1.9,2.6,2.7,3.4,4.1,4.8,2.8,1.9,1.4,1.5,0.9,1.6,1.7,1.4,0.9,1.2,1.5,
大園,2025/08/05 00:00:00,WS_HR,1.4,1.7,1.3,1.2,1.1,1.8,1.5,1.6,2.8,2.1,2.9,3.6,4.5,3.4,1.8,1.1,1,1.2,1.3,1.2,1.5,0.9,0.8,1.6,
大園,2025/08/06 00:00:00,AMB_TEMP,28,27.8,27.7,27.4,27.7,27.8,28.5,29.5,30.9,32.1,33,33.1,32.7,32.5,32.3,31.5,30.7,30.4,30,29.8,29.6,29.5,28.9,28.4,
大園,2025/08/06 00:00:00,CO,0.4,0.36,0.45,0.35,0.26,0.26,0.21,0.2,0.2,0.18,0.17,0.17,0.15,0.14,0.12,0.13,0.14,0.16,0.17,0.17,0.17,0.19,0.19,0.19,
大園,2025/08/06 00:00:00,NO,3.1,1.3,2.7,3.2,1.3,1.3,2.3,2.9,2.9,1.7,1.5,1.1,1.1,1.2,1.3,1.3,1.2,1.2,1,1,1,1,0.9,1,
大園,2025/08/06 00:00:00,NO2,24.7,17.5,19.7,16.1,12.8,12.8,8.9,6.1,5.5,4.9,4.6,4.3,3.2,2.7,2.2,2,2.6,2.9,3.7,4.5,4.9,6.3,8.7,9.5,
大園,2025/08/06 00:00:00,NOx,27.8,18.8,22.4,19.3,14.2,14.2,11.3,9.1,8.4,6.6,6.1,5.4,4.4,3.9,3.5,3.4,3.8,4.2,4.8,5.5,6,7.3,9.7,10.6,
大園,2025/08/06 00:00:00,O3,4,5.1,1.4,1.4,4.9,4.7,10.7,13.9,21.4,31.1,40.4,43.2,40.2,35.3,28.1,25,22.7,21.7,18.9,18.4,16.4,14.7,11.2,11.3,
大園,2025/08/06 00:00:00,PM10,35,25,28,29,31,25,32,28,35,26,32,36,31,27,30,26,28,26,34,30,35,28,36,33,
大園,2025/08/06 00:00:00,PM2.5,6,5,7,8,11,27,12,14,12,12,13,11,8,13,10,8,5,12,10,11,13,13,13,13,
大園,2025/08/06 00:00:00,RAINFALL,0,0,0,0,0,0,0,0,0,0,0,0,0,0,0,0,0,0,0,0,0,0,0,0,
大園,2025/08/06 00:00:00,RH,81,82,83,84,83,83,80,78,69,63,58,56,57,56,57,59,62,63,64,65,67,68,73,76,
大園,2025/08/06 00:00:00,SO2,1.3,0.8,0.6,0.5,0.6,0.6,0.7,0.9,0.8,0.7,0.7,0.8,0.8,0.7,0.6,0.6,0.5,0.5,0.7,0.6,0.7,0.8,0.9,1,
大園,2025/08/06 00:00:00,WD_HR,162,169,229,182,182,180,212,213,229,223,244,253,258,260,257,255,237,236,222,226,206,226,231,238,
大園,2025/08/06 00:00:00,WIND_DIREC,163,169,233,169,185,211,200,230,238,233,238,270,260,270,252,256,230,242,208,222,220,225,214,235,
大園,2025/08/06 00:00:00,WIND_SPEED,1.1,0.9,1,1.2,1.3,1.1,1.4,3.1,3.6,3.4,3.3,4.9,4.6,5.5,4.3,3.6,2.7,3.1,1.2,1.4,1.5,1.5,1.3,1.7,
大園,2025/08/06 00:00:00,WS_HR,1.8,0.9,0.8,0.8,1,0.9,1.2,1.8,3,2.8,3.2,3.7,4.7,4.9,4.2,3.8,2.8,3,1.6,1.5,1.1,1.4,1.5,1.7,
大園,2025/08/07 00:00:00,AMB_TEMP,28,27.6,27.4,27.1,27,26.9,27.5,29.3,30.3,31.4,32.7,32.6,32.5,33.7,34,32.9,32.3,31,29.9,29.6,29.3,29.3,29.3,29.1,
大園,2025/08/07 00:00:00,CO,0.15,0.14,0.17,0.22,0.22,0.23,0.26,0.23,0.18,0.14,0.13,0.14,0.13,0.13,0.12,0.14,0.14,0.16,0.18,0.17,0.19,0.22,0.26,0.3,
大園,2025/08/07 00:00:00,NO,1.1,0.8,1.1,1,1.1,1.4,3.7,4.7,3.5,2.3,2.1,1.4,1.4,1.3,1.2,1.5,1.6,1.6,1.2,0.9,1,1,1.2,1.6,
大園,2025/08/07 00:00:00,NO2,6.5,6.7,7.4,10.5,12.4,11.9,10.6,8.7,6.5,4.6,4.9,3.4,3.1,2.7,2.8,3.6,4.1,4.4,5,4.7,6.5,8.7,12.1,16.5,
大園,2025/08/07 00:00:00,NOx,7.7,7.5,8.6,11.6,13.6,13.4,14.4,13.4,10.1,7,7,4.9,4.5,4.1,4.1,5.1,5.7,6.1,6.3,5.6,7.5,9.8,13.3,18.1,
大園,2025/08/07 00:00:00,O3,14.2,12.5,8.9,4.6,3,3.5,6.8,12.7,19.2,24.9,28.8,32.8,29,29,29.1,33.6,26.6,22.7,17.2,16.5,13.2,10.3,6.2,2.4,
大園,2025/08/07 00:00:00,PM10,22,25,33,30,29,36,30,33,25,26,19,25,27,19,19,26,25,24,34,29,30,31,29,31,
大園,2025/08/07 00:00:00,PM2.5,8,7,8,11,12,12,17,10,8,9,12,10,12,8,6,11,7,9,13,15,12,13,14,12,
大園,2025/08/07 00:00:00,RAINFALL,0,0,0,0,0,0,0,0,0,0,0,0,0,0,0,0,0,0,0,0,0,0,0,0,
大園,2025/08/07 00:00:00,RH,80,84,84,83,83,82,81,76,67,60,52,52,52,45,41,48,49,57,65,68,71,73,73,74,
大園,2025/08/07 00:00:00,SO2,0.7,0.9,0.8,1,1.2,1.2,1.3,1.7,2,1.3,1,1.2,0.9,0.8,0.9,1,0.9,0.9,1.2,0.9,1,1.1,1.4,1.5,
大園,2025/08/07 00:00:00,WD_HR,228,248,230,206,171,209,185,205,235,236,233,255,262,258,265,266,259,254,230,225,198,199,212,235,
大園,2025/08/07 00:00:00,WIND_DIREC,232,259,222,179,190,226,199,241,227,223,244,259,265,264,258,274,259,254,225,195,183,209,196,246,
大園,2025/08/07 00:00:00,WIND_SPEED,1.7,2.1,2.2,1.3,1.6,1.2,1,2.1,2.6,2.7,2.6,3.5,3.6,3.4,3.7,3.4,4.3,2.9,2.2,0.8,0.8,0.9,1.5,1.4,
大園,2025/08/07 00:00:00,WS_HR,1.5,1.5,1.9,1.2,2,1.1,1.2,1.3,2.3,2.4,2.1,3.1,3.8,3.1,3.4,3.4,3.4,2.9,2.1,1.5,0.7,0.8,1.2,1,
大園,2025/08/08 00:00:00,AMB_TEMP,28.8,28.2,27.6,27.4,27.4,27.5,27.9,29.1,31,33.1,31.6,31.4,31.7,32.1,32.2,32.2,31.6,31.4,31,30,29.6,29.5,29.1,28.5,
大園,2025/08/08 00:00:00,CO,0.23,0.24,0.25,0.22,0.29,0.34,0.34,0.34,0.36,0.33,0.41,0.34,0.24,0.15,0.12,0.12,0.14,0.2,0.21,0.24,0.26,0.26,0.26,0.28,
大園,2025/08/08 00:00:00,NO,1.4,0.6,0.7,0.8,1.6,3.2,16.2,10.3,7.5,4.3,#,1,1.2,0.5,0.5,0.5,0.6,0.5,0.2,0.3,0.4,0.3,0.4,0.4,
大園,2025/08/08 00:00:00,NO2,15.6,16.6,15.4,15,16.8,18.5,19.8,17,19.7,22.8,#,11.3,8.4,5,3.1,2.8,2.9,4.8,6.9,7.6,8.9,10.4,12.2,13.6,
大園,2025/08/08 00:00:00,NOx,17.1,17.3,16.2,15.9,18.4,21.8,36,27.4,27.2,27.2,#,12.4,9.6,5.6,3.7,3.3,3.6,5.3,7.2,8,9.4,10.7,12.7,14,
大園,2025/08/08 00:00:00,O3,6,3.3,2.2,2,0.5,0.7,2.8,10.6,22.5,44.7,68.5,64.5,53.6,53.6,40.9,35.8,35.3,39.2,37.8,33.8,25.8,20,15.6,11,
大園,2025/08/08 00:00:00,PM10,29,28,32,33,32,37,41,39,42,47,#,52,39,27,26,21,21,34,31,36,37,32,35,30,
大園,2025/08/08 00:00:00,PM2.5,15,10,14,13,13,14,14,19,16,19,30,#,16,9,9,17,11,14,10,24,19,15,17,15,
大園,2025/08/08 00:00:00,RAINFALL,0,0,0,0,0,0,0,0,0,0,0,0,0,0,0,0,0,0,0,0,0,0,0,0,
大園,2025/08/08 00:00:00,RH,75,79,82,82,83,82,82,79,72,60,67,64,61,56,54,54,54,56,58,63,65,64,66,69,
大園,2025/08/08 00:00:00,SO2,1.5,1.1,1.1,1.4,1.7,1.8,1.7,1.5,1.6,1.9,1.8,2.8,2.9,1.8,1.6,1.1,1,0.9,1,1.1,1.2,1.5,1.6,1.4,
大園,2025/08/08 00:00:00,WD_HR,232,237,228,191,189,174,149,142,135,10,350,312,288,251,255,246,231,229,209,188,195,233,206,189,
大園,2025/08/08 00:00:00,WIND_DIREC,232,243,226,174,197,155,134,130,149,357,338,317,272,255,260,256,231,221,201,184,205,244,185,185,
大園,2025/08/08 00:00:00,WIND_SPEED,2,1.9,1.8,1.4,1,1.6,1.8,1.4,1.3,3.6,3.6,4.1,3,4.6,4,4,2.1,1.9,2.1,1.7,0.6,1.2,1,1.1,
大園,2025/08/08 00:00:00,WS_HR,1.6,1.6,1.8,1.2,1,0.9,1.6,1.8,1,1.3,3.4,3.3,3.3,3.6,3.9,3.4,2.7,2.3,1.7,1.3,1,1.1,0.8,0.8,
大園,2025/08/09 00:00:00,AMB_TEMP,28.3,28.1,28.1,27.9,27.6,27.4,28.1,29.1,30.1,30.7,31.4,31.8,32.3,32.7,32.4,32,31.7,30.9,30.2,29.5,29.4,29.6,29.6,29.7,
大園,2025/08/09 00:00:00,CO,0.29,0.29,0.26,0.25,0.24,0.21,0.21,0.15,0.14,0.15,0.15,0.15,0.16,0.16,0.11,0.1,0.1,0.11,0.12,0.13,0.14,0.14,0.13,0.27,
大園,2025/08/09 00:00:00,NO,0.4,0.9,0.6,0.8,0.9,0.8,2.2,2.6,2.1,1.9,1.2,1,0.9,0.8,1,0.8,1,1,0.6,0.7,0.6,0.6,0.7,0.7,
大園,2025/08/09 00:00:00,NO2,14.2,15.6,14.1,13.5,13.5,11.3,9.2,6.1,4.5,5.2,3.9,3.5,3.3,3.1,2.8,2,2.3,2.5,2.8,2.7,3.6,4.9,5.5,7.8,
大園,2025/08/09 00:00:00,NOx,14.7,16.5,14.8,14.3,14.5,12.1,11.4,8.7,6.7,7.1,5.1,4.6,4.3,4,3.8,2.8,3.3,3.5,3.4,3.5,4.3,5.6,6.2,8.5,
大園,2025/08/09 00:00:00,O3,9.3,7.9,8,7.9,6.5,8.2,9.9,14.9,20.3,26.4,35.1,42.3,50.5,53.8,37.7,33.4,28.3,24.8,23.7,24.2,20.8,16.7,15,12.1,
大園,2025/08/09 00:00:00,PM10,34,28,23,26,27,25,25,20,16,23,22,31,28,29,20,18,13,11,18,16,16,10,16,13,
大園,2025/08/09 00:00:00,PM2.5,16,12,14,13,16,9,16,5,5,6,8,10,13,11,6,2,5,4,4,5,6,4,4,4,
大園,2025/08/09 00:00:00,RAINFALL,0,0,0,0,0,0,0,0,0,0,0,0,0,0,0,0,0,0,0,0,0,0,0,0,
大園,2025/08/09 00:00:00,RH,70,69,69,70,73,76,77,76,73,70,67,66,64,61,60,61,61,64,67,74,76,75,74,75,
大園,2025/08/09 00:00:00,SO2,1.2,1.6,1.2,1.3,1.5,1.5,1.5,1.6,1.3,1.2,0.9,1.1,1.2,1.5,1,0.7,0.7,0.8,0.8,0.8,0.9,0.8,0.9,1.5,
大園,2025/08/09 00:00:00,WD_HR,188,185,193,192,209,204,201,225,243,246,257,261,253,266,254,254,252,244,236,219,200,207,192,211,
大園,2025/08/09 00:00:00,WIND_DIREC,187,192,183,190,212,203,209,236,240,260,265,255,258,268,252,261,242,247,227,194,206,200,197,226,
大園,2025/08/09 00:00:00,WIND_SPEED,1.4,1.5,1.8,1.6,1.4,1.3,2,3.7,2.3,3.2,3,3.5,4.3,4.4,4.8,3.6,3.9,3,2.6,1.7,1.4,1.7,1.7,2,
大園,2025/08/09 00:00:00,WS_HR,1,1.4,1.3,1.5,1,1.2,1.5,2.7,3,2.7,2.9,3.1,3.2,3.4,4.2,3.9,3.4,3.2,2.5,1.6,1.3,1.6,1.4,1.5,
大園,2025/08/10 00:00:00,AMB_TEMP,29.5,29,28.8,28.8,28.6,28.5,29.3,30.2,31.1,31.8,32,32.6,32.6,32.5,32.3,32.1,31.5,30.9,30.2,30,29.8,29.7,29.4,29,
大園,2025/08/10 00:00:00,CO,0.27,0.14,0.15,0.16,0.13,0.13,0.13,0.11,0.11,0.12,0.13,0.11,0.09,0.08,0.09,0.09,0.09,0.1,0.12,0.14,0.14,0.16,0.17,0.15,
大園,2025/08/10 00:00:00,NO,0.8,0.3,0.4,0.4,0.2,0.4,2.3,1.9,1.2,0.9,0.7,0.4,0.4,0.4,0.4,0.4,0.4,0.6,0.4,0.2,0.3,0.4,0.2,0.2,
大園,2025/08/10 00:00:00,NO2,9.8,6.8,7.2,7.1,6.1,5.9,6.1,4.3,3.4,3.2,3.3,2.5,1.9,1.6,1.6,1.6,2,2.3,3,4.1,4.3,6,6.8,6.8,
大園,2025/08/10 00:00:00,NOx,10.6,7.2,7.6,7.5,6.4,6.3,8.5,6.3,4.6,4.1,4.1,3,2.4,2,2.1,2.1,2.4,2.9,3.4,4.3,4.7,6.4,7,7,
大園,2025/08/10 00:00:00,O3,9.9,11.6,10.3,10.3,10.8,8.1,8.8,13.1,17.7,22.7,27.5,27,26,23.6,23.5,24.2,23.9,22.4,19.5,17.4,17.3,14.7,13.6,13.3,
大園,2025/08/10 00:00:00,PM10,28,16,16,14,14,17,17,11,13,21,66,62,13,9,10,6,8,10,8,15,12,16,11,18,
大園,2025/08/10 00:00:00,PM2.5,3,2,2,2,2,4,7,5,4,5,7,5,2,0,1,2,0,1,2,5,4,3,5,5,
大園,2025/08/10 00:00:00,RAINFALL,0,0,0,0,0,0,0,0,0,0,0,0,0,0,0,0,0,0,0,0,0,0,0,0,
大園,2025/08/10 00:00:00,RH,76,80,81,81,82,81,79,76,71,66,62,59,57,55,56,57,59,60,62,64,64,67,70,75,
大園,2025/08/10 00:00:00,SO2,2.1,1.3,0.8,0.8,0.5,0.5,0.5,0.9,0.7,0.6,0.7,0.6,0.4,0.4,0.4,0.4,0.6,0.5,0.5,0.6,0.6,0.6,0.6,0.8,
大園,2025/08/10 00:00:00,WD_HR,238,224,227,215,199,195,220,234,234,237,247,250,257,252,251,248,245,239,226,224,223,207,222,174,
大園,2025/08/10 00:00:00,WIND_DIREC,229,209,221,219,184,206,230,239,231,233,243,255,254,248,258,247,244,235,225,218,226,211,220,168,
大園,2025/08/10 00:00:00,WIND_SPEED,2.6,1.6,1.8,1.7,1.4,1.2,1.8,3.5,4.3,4.6,4.9,4.9,6,5.9,5,4.4,3.2,2.4,1.7,1.7,1,0.6,1.1,1,
大園,2025/08/10 00:00:00,WS_HR,2.4,1.9,1.8,1.5,1.5,1.1,1.3,2.6,3.7,4.2,4.4,4.5,5.2,5.3,4.4,4.1,3.5,2.9,2.4,1.6,1.3,0.6,1.1,0.8,
大園,2025/08/11 00:00:00,AMB_TEMP,28.8,28.8,28.6,28.4,28.1,27.8,28.2,29.5,30.8,31.6,32,32.1,31.5,32.1,32,31.5,31,30.7,30,29.5,29.4,29.4,29.3,29.1,
大園,2025/08/11 00:00:00,CO,0.15,0.14,0.15,0.14,0.13,0.14,0.16,0.2,0.17,0.11,0.13,0.16,0.1,0.09,0.09,0.09,0.09,0.12,0.13,0.12,0.13,0.17,0.19,0.2,
大園,2025/08/11 00:00:00,NO,0.3,0.8,0.7,0.6,0.7,0.9,2.2,2.5,2.4,1.8,1.4,1.1,1,1,1.1,1.1,1,1,0.7,0.6,0.6,0.5,0.6,0.7,
大園,2025/08/11 00:00:00,NO2,6.9,6.6,6.3,6.5,5.5,6.8,7,4.8,4.4,3.5,3.7,3.9,2.7,1.9,2,2,2,2.7,3.9,3.6,3.9,5.8,7.9,9.1,
大園,2025/08/11 00:00:00,NOx,7.3,7.5,7.1,7.1,6.3,7.7,9.3,7.3,6.8,5.3,5.2,5,3.7,3,3.1,3.1,3,3.7,4.7,4.3,4.5,6.4,8.6,9.9,
大園,2025/08/11 00:00:00,O3,10.9,10.1,10.2,8.7,10.6,7,8.1,14,18.1,22.2,30.9,40.7,33.6,25.5,29,25.9,26.2,25.3,22.4,22.6,20.8,17.3,14.2,10.9,
大園,2025/08/11 00:00:00,PM10,15,11,15,13,10,13,21,19,12,12,16,18,15,12,13,12,13,17,14,13,14,17,22,21,
大園,2025/08/11 00:00:00,PM2.5,4,4,2,1,1,4,4,2,3,0,0,0,2,1,0,1,2,1,4,5,3,1,5,4,
大園,2025/08/11 00:00:00,RAINFALL,0,0,0,0,0,0,0,0,0,0,0,0,0,0,0,0,0,0,0,0,0,0,0,0,
大園,2025/08/11 00:00:00,RH,74,73,72,74,77,78,77,72,65,59,58,59,61,58,59,61,63,64,67,69,71,73,77,79,
大園,2025/08/11 00:00:00,SO2,0.8,1,1.3,1.2,1.2,1.1,1.2,1.7,1.8,1.3,1.3,1.6,1.1,1,0.9,0.9,0.9,0.8,0.9,0.9,1.1,1.3,1.3,1.2,
大園,2025/08/11 00:00:00,WD_HR,194,230,207,213,204,207,202,224,231,232,253,262,249,252,245,247,226,241,234,226,217,214,208,208,
大園,2025/08/11 00:00:00,WIND_DIREC,185,224,205,218,199,218,222,220,224,251,255,270,251,250,244,244,236,242,234,191,224,182,185,215,
大園,2025/08/11 00:00:00,WIND_SPEED,1.1,1.4,0.6,2,1.6,0.5,2.2,3.2,4.2,4.5,4.7,5.6,4.9,4.5,5,4.4,3,2.7,1.6,1,1.5,0.9,0.6,0.7,
大園,2025/08/11 00:00:00,WS_HR,0.9,0.7,0.8,1.4,1.5,0.7,1.2,3.7,3.4,4.3,4.4,4.4,5,4.8,4.3,4,3.5,2.9,1.7,1.4,1.1,1,0.8,0.6,
大園,2025/08/12 00:00:00,AMB_TEMP,29.3,29.3,29.1,28.8,28.6,28.5,29.1,30.4,31,31.2,31.6,31.9,31,30.8,30.4,30.9,30.3,29.7,29.5,30.2,30.1,29.6,29.3,29.3,
大園,2025/08/12 00:00:00,CO,0.2,0.17,0.17,0.17,0.17,0.16,0.23,0.27,0.25,0.24,0.18,0.2,0.17,0.17,0.17,0.17,0.16,0.1,0.11,0.18,0.21,0.15,0.12,0.1,
大園,2025/08/12 00:00:00,NO,0.9,0.5,0.6,0.6,0.6,0.6,7.4,11.8,9.7,4.8,1.8,2.3,1.6,1.7,1.4,1.4,1.3,1.9,2.4,4.6,12.9,2.5,2,1.5,
大園,2025/08/12 00:00:00,NO2,9.6,8.9,9.4,9.6,10.4,9,16.2,18.5,15.7,12.9,7.9,7.5,6.5,6.9,7.1,6.8,9.5,5.9,6.3,17.2,17.5,10.7,8.5,8,
大園,2025/08/12 00:00:00,NOx,10.5,9.5,10,10.3,11,9.6,23.7,30.3,25.5,17.8,9.8,9.8,8.1,8.6,8.5,8.3,10.9,7.8,8.7,21.9,30.4,13.2,10.5,9.5,
大園,2025/08/12 00:00:00,O3,11.4,13.9,12.8,10.4,8.8,10.4,6.6,10.4,18.8,33.9,40.7,33,43.8,42.3,42.1,47,46.7,20.6,14.7,4.5,1.1,5.3,7.5,7.3,
大園,2025/08/12 00:00:00,PM10,14,16,21,21,21,21,24,23,32,29,23,21,23,32,23,21,28,14,18,25,17,15,3,16,
大園,2025/08/12 00:00:00,PM2.5,2,3,4,5,6,6,7,5,4,6,8,6,14,12,9,10,8,10,6,5,3,0,4,3,
大園,2025/08/12 00:00:00,RAINFALL,0,0,0,0,0,0,0,0,0,0,0,0,0,0,0,0,0,0,0,0,0,0,0,0,
大園,2025/08/12 00:00:00,RH,78,77,78,79,79,80,79,75,72,71,66,64,68,70,71,69,73,78,79,74,67,67,71,72,
大園,2025/08/12 00:00:00,SO2,1.1,0.6,0.8,0.8,1,0.8,1.1,1.4,1.9,1.7,1.2,1,0.9,0.8,0.8,0.7,0.9,0.5,0.4,1.2,1.4,0.9,0.6,0.5,
大園,2025/08/12 00:00:00,WD_HR,228,229,249,249,204,172,49,33,1,356,354,340,357,2,4,5,22,29,31,38,82,73,70,69,
大園,2025/08/12 00:00:00,WIND_DIREC,229,223,263,233,188,179,77,16,5,0,358,345,357,358,353,1,23,26,30,66,89,80,73,66,
大園,2025/08/12 00:00:00,WIND_SPEED,1.4,1.3,1.5,0.9,0.5,0.4,1.5,1.2,3.4,3.2,3.3,3.4,4,3.3,3.4,3.3,4.2,4.5,1.6,2.5,5.4,3.3,4,4.5,
大園,2025/08/12 00:00:00,WS_HR,1,1.3,1.1,1.3,0.4,0.6,1.3,1.2,2.5,2.8,3.1,2.9,3.8,3.1,2.8,3.2,3.3,3.8,2.4,2.4,3.4,3.4,3.7,4.2,
大園,2025/08/13 00:00:00,AMB_TEMP,29.1,29,29.1,29,29.1,28,28.6,29.8,31.1,32.2,33,33.1,32.6,32.7,32.1,31.1,30.8,30.3,30.1,30.6,30.7,30.4,30.5,30.1,
大園,2025/08/13 00:00:00,CO,0.13,0.08,0.07,0.07,0.07,0.08,0.09,0.11,0.13,0.14,0.13,0.11,#,0.1,0.1,0.12,0.11,0.1,0.1,0.09,0.1,0.1,0.12,0.2,
大園,2025/08/13 00:00:00,NO,3.1,2.3,1.4,1.2,1.3,1.4,4,5.3,5.4,5.6,7.5,5.9,#,2.7,2.5,2.4,2.1,1.4,0.7,0.7,0.9,1,1,1.1,
大園,2025/08/13 00:00:00,NO2,11.6,7.5,4.5,3.2,3,4.1,6.6,6.3,5.8,6.4,7.9,6.7,#,3.8,4.2,5.1,4.7,4,3.3,2.4,2.8,4.5,5.5,11.1,
大園,2025/08/13 00:00:00,NOx,14.8,9.8,5.9,4.4,4.3,5.5,10.7,11.6,11.2,12.1,15.5,12.7,#,6.6,6.8,7.6,6.8,5.4,4.1,3.2,3.7,5.6,6.5,12.3,
大園,2025/08/13 00:00:00,O3,4,4,5.8,6.7,7.5,6.7,8.3,10.1,11.9,14.8,17,#,#,#,9.2,10.3,11.7,12.5,13.6,14.8,14.7,13.9,12.5,7.6,
大園,2025/08/13 00:00:00,PM10,16,11,12,15,27,15,11,22,10,65,99,223,105,160,133,226,189,79,38,45,25,13,9,14,
大園,2025/08/13 00:00:00,PM2.5,1,1,1,0,2,1,0,5,4,3,8,#,83,54,39,48,41,50,21,32,5,6,2,0,
大園,2025/08/13 00:00:00,RAINFALL,0,0,0,0,0,0,0,0,0,0,0,#,0.5,0,0,0,0,0,0,0,0,0,0,0,
大園,2025/08/13 00:00:00,RH,73,75,76,77,76,80,79,75,66,58,50,47,48,47,48,50,51,53,54,51,50,52,51,52,
大園,2025/08/13 00:00:00,SO2,0.8,0.8,0.6,0.6,0.4,0.4,0.6,0.8,0.6,0.9,1.3,1.2,#,0.8,0.6,0.7,0.8,0.6,0.7,0.7,0.8,1,1.2,1.6,
大園,2025/08/13 00:00:00,WD_HR,63,63,67,72,79,77,66,69,72,92,89,97,97,100,104,105,107,112,112,111,111,105,102,24,
大園,2025/08/13 00:00:00,WIND_DIREC,59,72,63,73,74,62,68,71,73,100,94,98,100,100,102,108,110,110,117,107,114,114,287,30,
大園,2025/08/13 00:00:00,WIND_SPEED,3.2,4,4.2,3.8,5,4.1,5,6.3,6.5,9.7,12.1,12.8,15.3,13.8,12.9,12.6,12.9,12.3,10.7,11.3,6.5,5,1.3,2,
大園,2025/08/13 00:00:00,WS_HR,3.7,3.3,3.5,3.7,5.1,4.3,5,5.7,6,7.6,9.5,12.3,12.9,12.8,12.2,12.7,12.1,11.5,10.6,11.6,9.9,5.1,2.2,1.8,
大園,2025/08/14 00:00:00,AMB_TEMP,29.7,29.4,29,28.7,28,27.5,28,29.4,31.4,32,33.4,33.9,33,33.3,33.5,33.7,33.2,32.3,31.4,30.7,30.3,30.1,29.9,29.6,
大園,2025/08/14 00:00:00,CO,0.22,0.2,0.19,0.16,0.19,0.26,0.28,0.23,0.21,0.19,0.17,0.22,0.21,0.18,0.15,0.13,0.15,0.13,0.14,0.13,0.14,0.24,0.12,0.15,
大園,2025/08/14 00:00:00,NO,2.3,11.4,6.4,4.7,5.1,13.2,17.5,9.4,8.7,4.6,2.3,1.5,2.1,1.5,1.2,1.5,3.2,1.9,1,0.7,0.7,2.9,1.1,1,
大園,2025/08/14 00:00:00,NO2,15.5,23,22.2,19.3,18.2,18.5,17,12.4,11.3,9.7,8.5,9.1,10,8.6,7.7,6.4,8.8,6,6.7,5.8,6.3,10,6.4,6,
大園,2025/08/14 00:00:00,NOx,17.8,34.4,28.7,24,23.3,31.7,34.5,21.8,20.1,14.4,10.8,10.7,12.1,10.2,8.9,8,12.1,8,7.7,6.5,7,12.9,7.5,7,
大園,2025/08/14 00:00:00,O3,4.4,0.9,0.4,1.7,0.8,0.4,2,6.8,11,20.4,31,41.5,39.5,46.2,48.9,31.2,13.8,15.3,11.8,9,7.2,2.4,5.4,3.8,
大園,2025/08/14 00:00:00,PM10,14,12,13,15,21,20,23,28,20,23,20,21,21,21,21,22,20,9,15,14,9,8,11,10,
大園,2025/08/14 00:00:00,PM2.5,1,2,1,2,2,2,5,5,3,1,1,4,4,2,0,4,5,3,3,5,3,1,0,0,
大園,2025/08/14 00:00:00,RAINFALL,0,0,0,0,0,0,0,0,0,0,0,0,0,0,0,0,0,0,0,0,0,0,0,0,
大園,2025/08/14 00:00:00,RH,55,56,57,59,64,71,74,67,55,53,47,45,47,48,48,48,46,48,50,52,53,54,54,56,
大園,2025/08/14 00:00:00,SO2,1.7,1.9,1.8,1.3,1.2,1.1,1.1,1.2,1.3,1,1,1.2,1.3,1.3,1.9,1,0.9,0.9,0.8,0.8,1,1.1,0.9,0.8,
大園,2025/08/14 00:00:00,WD_HR,35,34,354,0,115,96,115,100,32,336,189,308,331,314,292,130,110,116,117,120,118,112,122,123,
大園,2025/08/14 00:00:00,WIND_DIREC,49,16,4,1,158,93,117,47,358,243,179,336,335,299,293,126,116,120,118,124,115,122,117,117,
大園,2025/08/14 00:00:00,WIND_SPEED,1.1,1,0.8,0.8,0.8,1.1,1.7,1.3,2.5,1.4,1.6,3.7,3.5,3.1,2.9,3.6,4,4.6,4.1,3.6,3.7,3.2,3.6,3.7,
大園,2025/08/14 00:00:00,WS_HR,1.2,1.2,0.5,0.9,0.2,0.6,1.5,0.9,1.3,1.3,1.1,1.2,3.3,2.9,2.8,0.8,3.9,4.5,4.6,3.8,3.2,2.8,3.5,2.8,
大園,2025/08/15 00:00:00,AMB_TEMP,29.6,29.6,29.5,29.4,29.4,29.4,29.9,30.9,32,33.3,33.8,33.8,33.2,34.5,34.2,33.1,32.9,31.7,31,30.4,30.2,29.9,29.5,29.4,
大園,2025/08/15 00:00:00,CO,0.13,0.11,0.1,0.1,0.09,0.09,0.11,0.15,0.15,0.11,0.09,0.09,0.08,0.08,0.09,0.14,0.12,0.11,0.13,0.16,0.15,0.13,0.12,0.11,
大園,2025/08/15 00:00:00,NO,3.2,4.8,7.1,7.4,2.9,3,5.9,5,5.5,4.5,3.3,2.5,2.4,2.2,5.2,18.3,16.8,5.1,4.2,3.5,5.6,4.2,2,3.2,
大園,2025/08/15 00:00:00,NO2,6.5,5.9,6.7,7.4,5,5.9,5.4,5.1,5.6,5.6,5.2,4.8,4.9,4.5,8.1,12.4,9.7,6.9,7.7,9.2,10.9,8.9,6.7,7.9,
大園,2025/08/15 00:00:00,NOx,9.7,10.7,13.8,14.9,8,8.9,11.4,10.1,11.2,10.2,8.6,7.3,7.4,6.7,13.4,30.7,26.6,12.1,11.9,12.8,16.5,13.1,8.7,11.2,
大園,2025/08/15 00:00:00,O3,3.8,4.1,2.9,2.5,3.8,4.3,4.4,6.1,8.1,10.6,13.5,13.5,12.5,12.5,10,7.4,7.5,7,6,4.4,2.8,3.8,5.8,4.9,
大園,2025/08/15 00:00:00,PM10,13,39,15,12,10,10,10,9,13,31,23,24,48,26,70,33,26,17,10,7,7,9,12,12,
大園,2025/08/15 00:00:00,PM2.5,0,0,0,2,0,0,1,1,0,0,0,0,4,5,5,3,3,2,0,4,3,0,0,0,
大園,2025/08/15 00:00:00,RAINFALL,0,0,0,0,0,0,0,0,0,0,0,0,0,0,0,0,0,0,0,0,0,0,0,0,
大園,2025/08/15 00:00:00,RH,56,54,54,53,54,55,55,53,49,46,43,43,43,39,39,42,43,46,49,51,53,56,57,56,
大園,2025/08/15 00:00:00,SO2,0.8,1,1.4,1.6,1.5,1.4,1.3,1.2,1,1.1,1.1,1.1,1,1.2,1.5,2.1,1.8,1.3,1.2,1.2,1.4,1.5,1.4,1.3,
大園,2025/08/15 00:00:00,WD_HR,104,103,100,96,102,98,104,114,111,112,113,110,112,108,100,91,76,78,77,87,83,78,92,84,
大園,2025/08/15 00:00:00,WIND_DIREC,104,102,100,95,103,93,115,121,108,112,113,105,112,92,101,82,71,79,83,86,82,77,91,72,
大園,2025/08/15 00:00:00,WIND_SPEED,6.8,7.8,4.4,5.4,4,7.3,6.5,5.1,5.4,5.8,7.1,6.4,8,8.2,7.5,6.4,7.7,6.9,7.3,5.7,5.4,5.3,6.2,3.8,
大園,2025/08/15 00:00:00,WS_HR,5.8,7.3,4.9,4.3,5.1,5.4,6,5.1,5,4.8,6,6,6.3,7.1,6.8,6.3,7.1,6.8,6.7,6.3,5.3,4.9,6.5,4.4,
大園,2025/08/16 00:00:00,AMB_TEMP,29.3,29.1,29,28.8,28.5,28.5,29.1,30.4,31.2,32.5,33.6,34.4,34.6,34.6,34.7,34.2,33.5,32.4,31.2,30.2,30,29.7,29.6,29.4,
大園,2025/08/16 00:00:00,CO,0.16,0.09,0.1,0.09,0.09,0.11,0.12,0.11,0.14,0.15,0.12,0.11,0.1,0.1,0.1,0.12,0.12,0.13,0.14,0.13,0.12,0.11,0.11,0.11,
大園,2025/08/16 00:00:00,NO,11.9,1.5,1.1,0.8,0.8,1.5,3.2,2.5,5.1,5.9,3.6,4.9,2.5,2.9,4.9,7.7,5.7,6.8,5.3,4.8,5.1,1.5,2.2,1.9,
大園,2025/08/16 00:00:00,NO2,12,4.9,4.4,4.4,5.9,6.2,6.3,4,4.9,6.3,6,6.8,4.8,4.6,6.3,8.4,6.4,8.1,9.3,8.7,7.6,5.8,6.8,6.3,
大園,2025/08/16 00:00:00,NOx,24,6.4,5.6,5.2,6.8,7.7,9.5,6.5,10.1,12.3,9.7,11.8,7.3,7.5,11.3,16.1,12.2,14.9,14.6,13.5,12.7,7.3,9.1,8.3,
大園,2025/08/16 00:00:00,O3,2,5.3,5.7,5.2,3.4,2.4,4.6,8.3,8.1,12,15.7,15.9,17.3,16.2,13,11.2,11.2,8,5.2,4.1,4.7,5.8,4.4,4.8,
大園,2025/08/16 00:00:00,PM10,8,7,9,8,7,11,10,10,20,18,24,16,11,20,24,21,26,18,12,10,10,11,9,5,
大園,2025/08/16 00:00:00,PM2.5,0,1,4,0,0,0,0,0,0,1,2,1,0,0,5,1,0,0,0,1,0,1,1,0,
大園,2025/08/16 00:00:00,RAINFALL,0,0,0,0,0,0,0,0,0,0,0,0,0,0,0,0,0,0,0,0,0,0,0,0,
大園,2025/08/16 00:00:00,RH,56,57,57,58,60,61,60,57,55,51,46,42,41,40,39,40,42,46,50,55,56,56,57,57,
大園,2025/08/16 00:00:00,SO2,1.7,0.9,0.9,0.8,1.2,0.9,1.1,0.6,1,1.2,0.9,1.2,0.9,1,1.3,1.5,1.4,1.6,1.3,0.9,1.1,1.2,1.3,1.3,
大園,2025/08/16 00:00:00,WD_HR,84,83,95,106,115,108,117,119,107,92,95,86,80,90,91,90,95,88,85,81,79,83,84,98,
大園,2025/08/16 00:00:00,WIND_DIREC,80,86,109,105,119,108,126,115,97,73,97,82,85,86,85,93,92,81,83,78,77,87,83,99,
大園,2025/08/16 00:00:00,WIND_SPEED,4.5,4.4,3.2,3.1,2.4,2.1,3.2,3.3,4.4,4.4,7,6.8,6.8,7.1,8.1,8.1,8.1,6.5,6.7,6.1,7.3,5.6,4.8,5.7,
大園,2025/08/16 00:00:00,WS_HR,3.9,4.4,4.4,2.7,2.3,2.3,2.4,3.9,4.1,4.6,5.4,6.1,6.4,7.3,7.3,7.3,7.2,7.1,6.4,5.7,6.6,6,4.5,5.4,
大園,2025/08/17 00:00:00,AMB_TEMP,29.3,29.1,28.9,28.7,28.5,28.4,28.6,30,31.4,32.1,32.2,32.1,32.4,32.5,33.1,33.5,33.8,33.1,31.7,30.8,30.3,29.9,29.4,29.2,
大園,2025/08/17 00:00:00,CO,0.1,0.08,0.09,0.08,0.09,0.12,0.14,0.16,0.21,0.23,0.2,0.16,0.13,0.1,0.08,0.09,0.13,0.12,0.12,0.13,0.14,0.17,0.12,0.11,
大園,2025/08/17 00:00:00,NO,9.3,0.9,0.7,0.5,0.6,2,4.6,3.7,6.5,2.5,1.6,1.2,1.1,0.9,1.3,2.3,2,4.1,2.3,4.3,5.2,1.6,1,0.7,
大園,2025/08/17 00:00:00,NO2,7.8,4.4,4.7,4.1,5.4,7.8,8.7,9.3,14.4,9.8,6.9,4.5,3.1,2.8,3.1,4.6,6.8,10,7.7,9,10.9,8.3,6.8,6,
大園,2025/08/17 00:00:00,NOx,17.2,5.3,5.4,4.7,6,9.9,13.4,13,21,12.3,8.6,5.7,4.2,3.8,4.5,7,8.8,14.1,10,13.3,16.2,9.9,7.8,6.8,
大園,2025/08/17 00:00:00,O3,3.8,7,7.1,8.2,6.8,2,3.7,13.6,16.8,35,39.2,35.3,34.4,30.1,24,20.3,20,13.1,9.3,6.1,4.8,4.8,5.3,5.4,
大園,2025/08/17 00:00:00,PM10,11,7,9,13,10,6,11,10,20,24,19,19,13,18,14,21,11,16,15,12,16,13,13,11,
大園,2025/08/17 00:00:00,PM2.5,1,1,0,2,2,0,1,4,5,6,8,5,2,2,6,4,1,2,1,0,0,2,2,3,
大園,2025/08/17 00:00:00,RAINFALL,0,0,0,0,0,0,0,0,0,0,0,0,0,0,0,0,0,0,0,0,0,0,0,0,
大園,2025/08/17 00:00:00,RH,57,57,58,59,59,59,59,57,53,50,50,51,50,50,49,49,43,44,47,49,52,53,54,55,
大園,2025/08/17 00:00:00,SO2,1.4,0.6,0.3,0.4,0.5,0.5,0.6,0.8,1.8,1.7,1.3,1,0.9,1,1.3,1.1,0.7,0.7,0.6,0.8,1,0.8,0.6,0.7,
大園,2025/08/17 00:00:00,WD_HR,101,101,118,139,153,156,148,129,45,0,353,348,353,346,17,24,76,96,102,98,102,106,133,138,
大園,2025/08/17 00:00:00,WIND_DIREC,102,99,130,144,157,151,139,111,30,1,356,353,1,348,18,45,69,97,98,95,97,138,138,156,
大園,2025/08/17 00:00:00,WIND_SPEED,5.3,4.5,3,2.6,2.7,2.1,1.3,1.6,1.9,2.8,3.9,4.2,4.9,3.6,4.4,3.3,3,4.4,5.1,3.2,3.5,1.8,2.6,2.2,
大園,2025/08/17 00:00:00,WS_HR,5.2,4.4,2.8,2.4,2.4,2.3,1.3,1.7,0.6,1.9,3,3.8,3.9,3.6,3.5,3.6,2.8,4.3,4.4,4.3,3.7,2.4,2.3,2.5,
大園,2025/08/18 00:00:00,AMB_TEMP,28.8,28.6,28.4,28.3,28.1,28.2,28.5,29.7,30.7,31.5,32.5,31.7,32.2,31.5,31.1,31.2,30.8,30.6,29.9,29.8,29.4,29.2,29.1,28.6,
大園,2025/08/18 00:00:00,CO,0.12,0.13,0.13,0.15,0.15,0.22,0.23,0.2,0.16,0.15,0.17,0.21,0.17,0.14,0.1,0.15,0.16,0.19,0.16,0.27,0.29,0.27,0.29,0.23,
大園,2025/08/18 00:00:00,NO,0.9,1,1.4,1.2,1.2,1.6,2,2.5,1.9,2,2.2,2,2.1,2.5,2.5,2.5,1.8,1.6,1.7,1.3,1,1,0.9,1.2,
大園,2025/08/18 00:00:00,NO2,7.8,8.1,8.4,8,8,12.6,11.1,8.1,5.9,6.5,7.7,9.6,8.2,6.4,4.8,7.3,7.4,11.9,14.3,13.7,14.2,13.7,14.3,11.8,
大園,2025/08/18 00:00:00,NOx,8.8,9.2,9.8,9.2,9.2,14.2,13.1,10.6,7.8,8.5,9.9,11.6,10.3,9,7.3,9.9,9.2,13.6,16.1,15.1,15.2,14.7,15.2,13,
大園,2025/08/18 00:00:00,O3,3.9,3.9,3.1,2.7,2.7,12.8,13.1,21.5,31,34.3,42.1,43.5,43.1,32.4,32.5,45.7,51.3,47.7,28.6,24.5,16,11.3,11.9,21.2,
大園,2025/08/18 00:00:00,PM10,6,10,13,14,17,32,26,24,27,28,28,40,34,24,22,33,28,34,25,27,24,13,21,29,
大園,2025/08/18 00:00:00,PM2.5,2,2,1,1,1,12,11,11,10,9,10,12,10,16,6,10,12,10,8,9,10,9,8,12,
大園,2025/08/18 00:00:00,RAINFALL,0,0,0,0,0,0,0,0,0,0,0,0,0,0,0,0,0,0,0,0,0,0,0,0,
大園,2025/08/18 00:00:00,RH,57,58,59,60,61,66,68,65,60,56,53,61,60,59,60,62,64,63,67,67,67,68,70,77,
大園,2025/08/18 00:00:00,SO2,1,0.7,0.8,0.7,0.8,1.1,1,1.2,1.2,1,1.1,1.8,1.6,1.1,0.8,1,1.1,1.9,2.5,1.6,2.1,1.5,1.1,1.1,
大園,2025/08/18 00:00:00,WD_HR,138,144,170,181,204,229,196,207,214,234,258,318,326,347,3,5,27,31,30,123,127,143,176,231,
大園,2025/08/18 00:00:00,WIND_DIREC,132,157,182,189,88,224,178,231,194,245,323,297,339,343,7,23,24,31,27,124,132,145,216,233,
大園,2025/08/18 00:00:00,WIND_SPEED,2.2,1.4,1.1,0.7,0.3,1.7,1.4,2.2,2.1,1.9,3,3.5,4.2,3.2,3.1,2.3,3.9,3.8,2.4,3,2,1.9,1,2.7,
大園,2025/08/18 00:00:00,WS_HR,2,1.7,1.2,1,0.3,1.4,1,1.5,2.1,1.5,1.1,3.3,3.6,3.6,3.1,2.4,3.2,3.3,3.3,1.9,1.9,1.9,1.2,2.2,
大園,2025/08/19 00:00:00,AMB_TEMP,28,27.9,27.7,27.6,27.3,27.2,27.7,29.1,30.7,31.1,31.7,31.7,31.4,31.2,30.9,31.3,30.3,30.1,30.1,30,29.6,29,28.9,28.8,
大園,2025/08/19 00:00:00,CO,0.1,0.11,0.12,0.11,0.12,0.12,0.12,0.12,0.14,0.18,0.17,0.16,#,#,0.13,0.16,0.2,0.2,0.19,0.19,0.17,0.13,0.12,0.11,
大園,2025/08/19 00:00:00,NO,1,0.6,0.7,0.5,0.4,0.4,1.1,1.5,1.3,2.7,2.4,1.9,#,#,1.2,1.4,1.2,1.2,0.8,0.6,0.6,0.6,0.6,0.6,
大園,2025/08/19 00:00:00,NO2,3.7,2.9,3.5,2.6,2.9,4.3,6.7,5.6,4.6,8.8,9,6.8,#,#,4.8,4.6,5.8,9.3,8.8,5.5,5.5,5,5.6,4.3,
大園,2025/08/19 00:00:00,NOx,4.7,3.6,4.3,3.2,3.4,4.7,7.8,7.2,5.9,11.5,11.4,8.7,#,#,6,6,7.1,10.6,9.7,6.2,6.2,5.7,6.2,4.9,
大園,2025/08/19 00:00:00,O3,31.4,35.3,33.3,37.6,33.4,25.7,18.2,23.5,28.9,33.2,39.2,#,38.7,25.1,#,#,#,#,36.6,36.8,32.7,24,23,23,
大園,2025/08/19 00:00:00,PM10,15,26,22,21,20,25,22,19,20,28,29,27,5,23,#,27,20,25,25,29,22,18,12,10,
大園,2025/08/19 00:00:00,PM2.5,7,4,6,4,4,3,2,5,5,12,8,8,11,#,9,5,9,11,11,9,9,8,4,3,
大園,2025/08/19 00:00:00,RAINFALL,0,0,0,0,0,0,0,0,0,0,0,0,0,0,0,0,0,0,0,0,0,0,0,0,
大園,2025/08/19 00:00:00,RH,83,83,84,83,84,84,83,78,69,65,62,62,63,63,63,60,63,66,65,63,66,70,73,77,
大園,2025/08/19 00:00:00,SO2,0.2,1.1,1.1,1,1.1,0.9,1,1.1,1.1,2.2,2.3,1.8,#,#,1.1,1.1,1.3,2.6,1.7,1.3,1.3,1.3,1.1,1.1,
大園,2025/08/19 00:00:00,WD_HR,225,226,225,227,209,212,195,212,251,312,306,314,305,316,307,314,321,305,252,247,255,226,236,246,
大園,2025/08/19 00:00:00,WIND_DIREC,228,231,218,228,209,211,187,212,252,315,317,308,312,314,309,315,318,300,247,261,243,220,246,231,
大園,2025/08/19 00:00:00,WIND_SPEED,3.1,2.1,2.2,2.3,1.3,1.5,2,2,1.8,3.1,3.5,4.4,4.5,3.9,3.4,2.7,2.7,1.7,1.2,2,2,2.2,1.8,1.8,
大園,2025/08/19 00:00:00,WS_HR,2.8,2.1,1.5,2,1,1.5,1.4,1.6,1.5,2.9,2.9,3.7,3.8,4,3.4,3.1,2.7,1.7,0.8,0.8,2,2.1,1.7,2.1,
大園,2025/08/20 00:00:00,AMB_TEMP,28.6,28.7,28.7,28.3,28.1,27.8,28.5,29.5,31.1,32.8,33.9,34.1,33.4,31.9,29.9,29.6,28.9,27.9,28.1,27.8,27.8,27.1,27.2,27.3,
大園,2025/08/20 00:00:00,CO,0.1,0.1,0.1,0.13,0.13,0.16,0.17,0.16,0.15,0.15,0.13,0.11,0.12,0.13,0.17,0.29,0.14,0.15,0.15,0.25,0.26,0.32,0.28,0.26,
大園,2025/08/20 00:00:00,NO,0.6,0.7,1,1,0.9,1.1,2.3,2.9,2.7,2.6,#,#,#,0.5,0.4,0.4,0.4,0.3,0.1,0.2,0.3,1.4,1,1.1,
大園,2025/08/20 00:00:00,NO2,4.1,4.3,3.7,5.2,5.7,8.7,8.4,6.9,5.1,5.3,#,#,#,3.2,3.2,5.6,5.4,6.2,6.4,13.5,15.2,19.6,16.6,17.6,
大園,2025/08/20 00:00:00,NOx,4.8,5,4.8,6.2,6.7,9.9,10.7,9.9,7.9,8,#,#,#,3.8,3.6,6.1,5.9,6.6,6.6,13.7,15.6,21,17.6,18.7,
大園,2025/08/20 00:00:00,O3,23.1,23.4,21.9,16.9,16.3,10.6,12.1,16.2,21.3,26.1,29.8,27.9,33.8,36.4,27.2,23.4,26.1,26.8,25.5,13.7,9.6,3.6,7,5.9,
大園,2025/08/20 00:00:00,PM10,9,11,13,15,12,13,20,16,19,18,13,8,19,19,27,43,15,12,7,16,21,17,16,14,
大園,2025/08/20 00:00:00,PM2.5,2,4,3,4,4,3,1,4,5,4,0,0,1,7,6,27,2,8,8,8,6,4,2,2,
大園,2025/08/20 00:00:00,RAINFALL,0,0,0,0,0,0,0,0,0,0,0,0,0,0,0,0,0,0,0,0,0,0,0,0,
大園,2025/08/20 00:00:00,RH,79,79,77,78,79,78,77,73,64,52,44,43,46,54,64,69,61,56,54,58,60,67,64,60,
大園,2025/08/20 00:00:00,SO2,1.2,0.6,0.6,0.6,0.6,1,1.1,1.1,1.1,1.1,1,0.8,0.8,1.2,0.9,1.4,0.9,0.8,0.9,0.8,0.8,0.9,1,1.1,
大園,2025/08/20 00:00:00,WD_HR,223,222,219,212,185,175,188,214,202,226,261,250,260,254,235,219,213,182,187,154,154,156,149,167,
大園,2025/08/20 00:00:00,WIND_DIREC,223,220,208,209,180,182,204,211,197,229,245,240,253,237,232,215,188,181,174,170,153,154,150,179,
大園,2025/08/20 00:00:00,WIND_SPEED,2.2,2.5,1.4,1.2,1.4,1.7,2.2,3,2.6,2.1,3.1,3.9,3.8,4,4.1,3.5,3.2,2.6,1.3,2.2,3.2,2.3,2.2,1.6,
大園,2025/08/20 00:00:00,WS_HR,2.2,2.3,1.7,1.3,1.2,1.6,2,2.5,2.3,2.3,2.9,3.2,3.7,3.7,3.4,2.8,3.6,2.4,1.6,2.6,2.3,2.2,2.8,1.9,
大園,2025/08/21 00:00:00,AMB_TEMP,27.1,26.9,26.9,26.9,26.6,26.8,26.5,27.8,30.3,31.7,33,33.3,32.4,32.6,32.2,32.3,33,31.6,30.2,29.7,29.8,29.5,28.8,28.3,
大園,2025/08/21 00:00:00,CO,0.23,0.2,0.18,0.13,0.19,0.19,0.19,0.28,0.25,0.16,0.15,0.18,0.14,0.12,0.11,0.1,0.12,0.15,0.16,0.19,0.25,0.22,0.17,0.16,
大園,2025/08/21 00:00:00,NO,0.5,1.2,1,0.9,2.2,1.7,5.2,10.9,9.8,3.2,3.2,1.6,1.1,0.7,0.8,0.6,0.8,0.7,0.4,0.3,0.5,0.5,0.4,0.4,
大園,2025/08/21 00:00:00,NO2,15.4,18.6,16.8,13.1,17.7,16.2,16.4,17.9,14.4,6.6,8.7,6.8,4,2.7,2.6,2.3,3.3,4,4.9,5.3,8.2,8.8,6,4.7,
大園,2025/08/21 00:00:00,NOx,16,19.8,17.8,14,19.9,17.9,21.6,28.9,24.2,9.8,12,8.5,5.1,3.4,3.4,3,4.1,4.7,5.4,5.7,8.8,9.4,6.4,5.1,
大園,2025/08/21 00:00:00,O3,7,4.5,5.9,8,2.7,5.2,5,5,14.4,23.9,33.2,44.1,41.1,39.3,36.2,33.8,39.3,41.8,43,40,32.4,29.8,41.3,42.2,
大園,2025/08/21 00:00:00,PM10,12,13,12,15,17,12,14,29,22,9,15,17,19,13,13,13,15,18,24,20,28,24,24,21,
大園,2025/08/21 00:00:00,PM2.5,6,5,5,2,1,1,2,3,5,1,3,6,3,2,5,5,3,1,6,11,11,9,12,12,
大園,2025/08/21 00:00:00,RAINFALL,0,0,0,0,0,0,0,0,0,0,0,0,0,0,0,0,0,0,0,0,0,0,0,0,
大園,2025/08/21 00:00:00,RH,57,55,54,53,54,52,53,53,47,45,42,43,47,48,51,49,48,53,59,64,65,64,76,80,
大園,2025/08/21 00:00:00,SO2,1,0.9,1,0.7,0.8,1,0.9,1.1,1.2,1.6,1.6,1.4,1.2,1.1,1,0.8,0.8,0.9,1.1,0.9,1.1,1.1,1.1,1,
大園,2025/08/21 00:00:00,WD_HR,175,150,157,167,156,153,153,154,215,240,256,276,267,263,261,235,233,240,236,198,224,242,227,221,
大園,2025/08/21 00:00:00,WIND_DIREC,181,146,157,140,157,146,159,166,228,237,275,265,264,265,244,230,252,247,192,195,244,230,223,214,
大園,2025/08/21 00:00:00,WIND_SPEED,1.2,2,2.5,1.4,2.8,2.3,1.7,1.2,2.8,2.6,2.1,5.5,4.4,4.5,3.6,2.6,3.1,2.4,1.5,0.9,1.6,1.5,1.8,0.7,
大園,2025/08/21 00:00:00,WS_HR,1.3,2,2.1,1.5,2.3,1.9,1.8,0.9,1.1,2.2,1.8,3,4.3,4.3,3.8,2.8,2,2.2,1.9,1.1,1.1,1.2,1.4,1.4,
大園,2025/08/22 00:00:00,AMB_TEMP,28.1,27.9,27.7,27.2,27.1,27.4,27.6,29.4,31,31.7,32.3,32.7,32.1,32.1,32.2,31.5,30.9,30.3,29.5,29.2,29.4,29.3,29,28.9,
大園,2025/08/22 00:00:00,CO,0.14,0.17,0.19,0.2,0.24,0.27,0.28,0.27,0.33,0.31,0.27,0.29,0.25,0.21,0.18,0.2,0.22,0.22,0.22,0.15,0.19,0.13,0.18,0.18,
大園,2025/08/22 00:00:00,NO,0.4,0.5,0.5,0.4,0.4,0.4,6.7,6.1,4.5,4.2,1.6,1.2,0.9,1,1.1,1.2,0.7,1.4,1,0.8,0.6,0.7,0.6,0.4,
大園,2025/08/22 00:00:00,NO2,5.3,5.4,8.3,9.2,9.5,8.9,16.8,12.1,15.7,14.9,11.1,10.5,7.4,7.1,7,7,6.1,8,5.2,5.2,8.6,10,9.4,7.2,
大園,2025/08/22 00:00:00,NOx,5.8,6,8.8,9.7,10,9.4,23.5,18.2,20.2,19.1,12.8,11.7,8.4,8.1,8.2,8.2,6.8,9.4,6.3,6,9.2,10.8,10,7.7,
大園,2025/08/22 00:00:00,O3,37.8,32.9,21.2,19,16.5,17.5,6.5,16.3,28,43.1,63.1,74.6,75.1,68.4,58.4,64,64.3,42.4,33.5,26.2,21.1,18.8,23.4,25.3,
大園,2025/08/22 00:00:00,PM10,26,19,24,30,28,33,28,26,35,42,39,33,28,30,24,22,21,16,14,16,17,15,22,19,
大園,2025/08/22 00:00:00,PM2.5,9,6,13,15,14,16,11,7,11,13,13,16,12,12,9,9,11,8,6,5,3,2,3,6,
大園,2025/08/22 00:00:00,RAINFALL,0,0,0,0,0,0,0,0,0,0,0,0,0,0,0,0,0,0,0,0,0,0,0,0,
大園,2025/08/22 00:00:00,RH,80,79,79,80,81,81,78,69,64,61,58,54,55,55,53,56,60,65,75,80,79,79,80,80,
大園,2025/08/22 00:00:00,SO2,0.9,1,1.2,1.6,1.6,1.7,1.6,1.5,2.2,2.6,2,1.9,1.6,1.3,1.4,2.1,2.2,1.5,1.1,1.1,1.6,1.4,1.3,1.1,
大園,2025/08/22 00:00:00,WD_HR,242,213,215,197,173,166,142,190,2,354,1,355,354,8,13,6,1,357,355,355,266,247,198,199,
大園,2025/08/22 00:00:00,WIND_DIREC,250,197,232,179,160,167,139,223,15,353,11,354,354,11,7,4,1,359,347,331,239,242,191,196,
大園,2025/08/22 00:00:00,WIND_SPEED,2.3,1.2,1.8,1.4,2.1,0.4,1.5,1.4,1.4,3.1,1.9,3.7,3.5,5,5.3,5,3.8,3.2,2.2,1.2,1.2,1.1,1.1,0.5,
大園,2025/08/22 00:00:00,WS_HR,1.8,1.4,1.7,1.3,1.4,1.2,1.5,0.6,0.3,2.2,2,2.9,3.8,4.1,4.1,4.6,4,3,2.4,1.1,0.8,1.1,0.9,0.6,
大園,2025/08/23 00:00:00,AMB_TEMP,28.9,28.6,28.5,28.1,27.8,27.4,27.7,29,30.3,31.5,32,31.6,31.8,31.8,31.5,31.3,30.6,30,29.1,29.2,29.3,29.4,29.1,28.7,
大園,2025/08/23 00:00:00,CO,0.19,0.19,0.23,0.22,0.21,0.26,0.29,0.23,0.19,0.18,0.19,0.18,0.14,0.14,0.12,0.12,0.13,0.15,0.17,0.14,0.15,0.18,0.21,0.12,
大園,2025/08/23 00:00:00,NO,0.3,0.5,0.5,0.4,0.5,0.6,1.5,1.8,1.4,0.9,1,1.3,1.4,1.2,1.4,1.2,1.2,1.6,1,0.6,0.6,1.3,1.2,0.6,
大園,2025/08/23 00:00:00,NO2,9.1,9.2,9.4,7.9,6.4,8.1,13.5,9.8,6.4,4.3,5,6.3,5.4,4.3,4.8,4.5,4.8,7.2,5.8,6.6,6.8,17.7,12.5,5.4,
大園,2025/08/23 00:00:00,NOx,9.4,9.8,10,8.4,7,8.8,15,11.6,7.8,5.2,6.1,7.6,6.9,5.5,6.2,5.7,6,8.9,6.8,7.2,7.4,19,13.8,6,
大園,2025/08/23 00:00:00,O3,21.7,21.1,23.1,30.5,37.1,22.4,15.5,31.6,38.7,43.5,48.5,45.6,37,37.5,36.9,38.6,39.6,35.9,37.5,34.7,31.3,19.6,25.1,31.8,
大園,2025/08/23 00:00:00,PM10,12,19,19,23,22,30,39,30,26,18,18,20,14,12,25,20,17,19,22,16,29,23,21,17,
大園,2025/08/23 00:00:00,PM2.5,6,4,14,12,12,19,20,13,11,9,6,9,7,5,5,3,7,7,7,7,13,9,10,8,
大園,2025/08/23 00:00:00,RAINFALL,0,0,0,0,0,0,0,0,0,0,0,0,0,0,0,0,0,0,0,0,0,0,0,0,
大園,2025/08/23 00:00:00,RH,79,80,80,82,84,84,82,81,75,63,59,62,57,57,61,63,66,71,78,79,80,79,81,83,
大園,2025/08/23 00:00:00,SO2,1.4,0.9,0.9,1,0.9,0.7,1.1,1.3,1,0.9,1,1.3,1.2,1,0.9,1.3,1.1,0.9,0.8,1,1.1,1.4,1.3,1.4,
大園,2025/08/23 00:00:00,WD_HR,199,207,234,222,221,200,190,224,232,251,291,329,324,334,325,333,356,357,352,350,191,5,339,311,
大園,2025/08/23 00:00:00,WIND_DIREC,193,227,245,225,221,186,200,232,260,272,318,338,321,341,324,5,21,9,341,184,181,358,315,296,
大園,2025/08/23 00:00:00,WIND_SPEED,0.8,0.4,1.5,1.8,1.7,1.2,1.6,3.2,2.2,3.1,4,3.4,4.5,3.9,2.9,3,2.6,1.8,1.4,1.2,0.7,1.6,1.8,2.7,
大園,2025/08/23 00:00:00,WS_HR,0.5,0.6,1.1,1.4,1.5,1.3,1.2,2.3,2.2,2.2,2.6,3.4,3.4,3.5,2.9,2.5,2.6,2,1.6,0.1,0.5,1.1,1.2,2.4,
大園,2025/08/24 00:00:00,AMB_TEMP,28.4,28.4,28.3,28.3,28.1,28,28,29.1,30.3,31.4,31.3,31.5,31.7,31.8,31.8,32.1,33.2,33.1,31.8,30.4,29.7,29.7,29.8,30,
大園,2025/08/24 00:00:00,CO,0.11,0.11,0.11,0.12,0.12,0.13,0.19,0.19,0.13,0.18,0.19,0.19,0.2,0.16,0.11,0.13,0.12,0.1,0.09,0.15,0.15,0.16,0.17,0.16,
大園,2025/08/24 00:00:00,NO,0.9,0.3,0.6,1.4,0.3,0.4,1.1,1.9,2.1,2.6,1.6,1.2,1.1,1,1.4,1.8,2.9,1.6,0.7,0.5,0.6,0.5,0.6,1.6,
大園,2025/08/24 00:00:00,NO2,13.8,6,4.4,7.8,3.8,3.9,7.3,8,5.8,8.1,6.2,4,4.8,4.6,3.8,3.4,6.8,4.3,3.4,4.8,5.6,6,5.9,10.1,
大園,2025/08/24 00:00:00,NOx,14.8,6.4,5,9.2,4.2,4.3,8.4,10,8,10.7,7.9,5.2,5.9,5.6,5.2,5.3,9.7,5.9,4.2,5.3,6.3,6.6,6.6,11.7,
大園,2025/08/24 00:00:00,O3,23.4,27.1,30.7,29.3,32.6,26.5,16.2,23.1,27.9,32.7,42.1,50,64.5,56.9,27.1,22,22.4,14,12.4,22.8,26.7,33.8,28.2,2.3,
大園,2025/08/24 00:00:00,PM10,18,21,17,19,19,21,27,29,24,21,23,23,25,23,16,25,17,28,22,21,22,21,23,11,
大園,2025/08/24 00:00:00,PM2.5,8,6,4,4,2,5,10,15,6,8,9,11,11,15,0,3,4,3,2,5,8,8,8,3,
大園,2025/08/24 00:00:00,RAINFALL,0,0,0,0,0,0,0,0,0,0,0,0,0,0,0,0,0,0,0,0,0,0,0,0,
大園,2025/08/24 00:00:00,RH,84,83,83,82,83,83,83,81,75,68,70,69,67,67,69,68,62,49,50,69,79,80,76,63,
大園,2025/08/24 00:00:00,SO2,4.4,1.3,0.8,1.2,0.8,0.6,1,1.4,1.1,1.5,3.8,1.2,1.5,2.2,0.9,4.5,4.4,1,0.7,0.8,0.8,0.9,0.9,1.2,
大園,2025/08/24 00:00:00,WD_HR,288,232,230,231,229,218,185,199,233,307,344,358,11,6,347,317,137,117,135,198,230,238,98,124,
大園,2025/08/24 00:00:00,WIND_DIREC,269,225,248,219,229,193,181,204,164,335,356,358,24,4,342,278,107,118,152,217,251,205,83,129,
大園,2025/08/24 00:00:00,WIND_SPEED,1.2,1.7,1.6,1.4,1.4,1.4,1,1.5,0.8,2,3.3,4.5,4.1,4.8,3.2,2.7,4.6,5,3.4,1.4,1.5,0.9,1.8,1.2,
大園,2025/08/24 00:00:00,WS_HR,1.2,1.1,1.1,1.3,1.6,1.5,1,1.3,1.2,1,2.2,3.9,3.9,4.3,3.3,2.3,0.4,4.6,3.4,1.2,1.2,1.1,0.9,0.9,
大園,2025/08/25 00:00:00,AMB_TEMP,29.8,29,28.7,28.3,28.1,28.5,29.3,30.5,31.5,31.8,31.7,32,33.3,35.3,35.6,35.1,34.1,32.7,31.5,31,30.6,30.3,30.2,29.9,
大園,2025/08/25 00:00:00,CO,0.15,0.16,0.14,0.16,0.19,0.19,0.18,0.23,0.27,0.18,0.19,0.13,0.13,#,0.12,0.11,0.12,0.13,0.15,0.14,0.11,0.12,0.13,0.13,
大園,2025/08/25 00:00:00,NO,1.1,0.7,0.8,0.8,0.8,0.8,1.2,3.9,9.3,6.4,2.7,2.4,2.2,#,2.8,#,3.7,2.9,2.3,1.5,0.9,0.6,0.8,1,
大園,2025/08/25 00:00:00,NO2,9.5,5.5,4.8,5.9,8.6,9.3,8.4,13.4,20.1,11.8,6.9,5.1,4.6,#,5.3,#,6.7,5.5,7.3,8,6.4,4.9,6.1,7.5,
大園,2025/08/25 00:00:00,NOx,10.7,6.2,5.6,6.7,9.4,10.1,9.6,17.3,29.5,18.3,9.6,7.5,6.8,#,8.1,#,10.5,8.4,9.6,9.6,7.4,5.6,6.9,8.6,
大園,2025/08/25 00:00:00,O3,5.5,24.9,28.5,24.9,18.3,18.2,22.3,19.6,21.5,19.4,37.2,24.4,28.7,26.2,#,17.9,14.1,9.3,4.7,4.2,5.8,5.4,3.8,3,
大園,2025/08/25 00:00:00,PM10,5,19,23,27,32,27,27,28,30,24,30,13,17,10,#,59,71,25,21,11,6,7,7,6,
大園,2025/08/25 00:00:00,PM2.5,0,10,10,14,12,9,7,7,7,5,9,5,3,#,0,5,7,3,3,1,3,0,0,0,
大園,2025/08/25 00:00:00,RAINFALL,0,0,0,0,0,0,0,0,0,0,0,0,0,#,0,0,0,0,0,0,0,0,0,0,
大園,2025/08/25 00:00:00,RH,64,78,80,80,77,69,64,62,56,55,57,57,52,46,40,40,42,45,49,52,53,55,55,55,
大園,2025/08/25 00:00:00,SO2,1.1,0.9,0.9,1.2,1.6,1.4,1.1,1.4,2.9,2.5,2,1.8,1.9,#,0.9,0.7,0.7,0.9,1,1.1,1,0.8,1.4,1.1,
大園,2025/08/25 00:00:00,WD_HR,231,218,226,222,185,179,218,73,31,22,19,0,356,90,101,99,105,111,110,109,128,131,137,150,
大園,2025/08/25 00:00:00,WIND_DIREC,205,228,235,216,154,163,215,19,67,28,26,354,349,108,88,91,105,104,114,109,134,126,135,153,
大園,2025/08/25 00:00:00,WIND_SPEED,0.7,1.9,1.8,1.9,1.5,0.4,0.4,2,2.1,4.5,4.3,3.7,4.2,4.8,5.7,5.8,6.3,5.8,5,2.8,3.3,3.3,1.7,1.7,
大園,2025/08/25 00:00:00,WS_HR,0.6,1.2,1.5,1.8,1.2,0.7,0.4,0.5,2.1,3.5,4.3,4.3,3.8,1.9,5.1,5.6,5.6,5.3,4.8,3.9,2.9,3.1,2.5,2,
大園,2025/08/26 00:00:00,AMB_TEMP,29.8,29.5,29.4,29.3,29,28.6,29.1,30.9,31.5,31.9,31.9,32.4,32.1,32.6,33.9,34.2,33.1,32.2,31.2,30.7,30.4,30.2,29.8,29.5,
大園,2025/08/26 00:00:00,CO,0.15,0.15,0.16,0.17,0.18,0.21,0.24,0.22,0.16,0.15,0.14,0.08,0.08,0.07,0.08,0.07,0.09,0.14,0.13,0.14,0.17,0.12,0.12,0.11,
大園,2025/08/26 00:00:00,NO,1.5,2.9,2,3.6,5,11.5,22.8,15,4.5,2.9,2.6,3.9,3.3,3.6,3.8,4.3,4.1,6.1,4.7,4.2,5.4,2.2,1.8,1.4,
大園,2025/08/26 00:00:00,NO2,10.1,11.1,10.9,13.5,13.5,13.9,14.9,16.3,8.2,5.6,5.3,4.7,4,4.4,5.8,5.5,5.4,8.5,8.4,8.4,9.3,7.5,7.4,6.9,
大園,2025/08/26 00:00:00,NOx,11.7,14,13,17.1,18.6,25.5,37.7,31.4,12.8,8.6,8,8.6,7.4,8,9.7,9.8,9.5,14.7,13.1,12.7,14.8,9.8,9.2,8.3,
大園,2025/08/26 00:00:00,O3,1.7,0.8,2,0.4,0.6,0,1.6,11,27,28,29.4,19.5,20.5,18.6,21.9,16.8,13.3,8.7,5.9,4.9,3.1,4.6,3.4,4.9,
大園,2025/08/26 00:00:00,PM10,11,11,11,8,13,15,17,21,19,16,20,13,46,47,37,106,68,14,23,8,7,5,9,5,
大園,2025/08/26 00:00:00,PM2.5,6,6,4,5,5,3,7,7,4,5,4,2,0,12,17,3,7,4,0,0,1,1,0,2,
大園,2025/08/26 00:00:00,RAINFALL,0,0,0,0,0,0,0,0,0,0,0,0,0,0,0,0,0,0,0,0,0,0,0,0,
大園,2025/08/26 00:00:00,RH,56,58,58,59,61,63,62,56,51,51,53,52,58,58,52,40,42,44,46,46,48,49,51,54,
大園,2025/08/26 00:00:00,SO2,1.2,1.7,1.3,1.5,1.8,2.3,2.5,3.2,2.2,1.8,2.4,2.8,1.3,1.8,1.8,1.5,1.4,2,1.7,1.6,2,1.7,1.5,1.5,
大園,2025/08/26 00:00:00,WD_HR,156,166,147,162,147,128,114,59,358,3,0,29,29,34,51,99,100,86,97,92,103,110,127,130,
大園,2025/08/26 00:00:00,WIND_DIREC,160,163,142,167,129,134,106,2,340,5,15,27,30,32,101,107,83,104,100,98,106,115,144,132,
大園,2025/08/26 00:00:00,WIND_SPEED,1.2,2,0.8,0.6,0.6,1.4,1.7,2.3,3.7,4.3,4.6,5.8,8.5,8.4,8,6.6,5.6,5.6,5.4,6,3.1,2.8,2.1,2.4,
大園,2025/08/26 00:00:00,WS_HR,1.3,1.5,1.1,0.5,0.5,1,1.1,1.1,3.3,3.7,4.5,5,7.4,7.8,6.1,7.4,6.1,5.2,6,5.7,4.2,3.2,1.9,2.3,
大園,2025/08/27 00:00:00,AMB_TEMP,29.1,28.7,28.6,28.6,28.3,28.4,28.7,29.3,31.7,33,32.3,31.5,30.9,29.8,28.5,25.8,26.4,27.4,28.4,28.5,28.6,28.8,29.3,29.3,
大園,2025/08/27 00:00:00,CO,0.12,0.13,0.13,0.12,0.1,0.12,0.13,0.14,0.18,0.14,0.15,0.17,0.16,0.17,0.17,0.16,0.22,0.35,0.28,0.2,0.14,0.15,0.1,0.11,
大園,2025/08/27 00:00:00,NO,1.3,1.2,1.8,3.3,4.3,2.2,3.3,3.9,6,3.5,2.2,2.2,1.7,1.4,1.5,2.1,4.3,6.1,5.2,5.1,5.8,4.5,2.7,1.7,
大園,2025/08/27 00:00:00,NO2,6,6.9,8.3,9.2,9.3,7.4,6.4,4.9,5.8,4.7,5.8,6.5,4.9,5,8.1,12.5,18.4,28.3,26.7,18.2,11.2,7.2,4.7,4.4,
大園,2025/08/27 00:00:00,NOx,7.3,8.1,10.1,12.5,13.6,9.7,9.8,8.8,11.8,8.2,8,8.7,6.7,6.4,9.6,14.6,22.7,34.4,31.9,23.4,17.1,11.7,7.4,6.2,
大園,2025/08/27 00:00:00,O3,4.7,4.1,2.7,2.7,2.6,3.7,6,8.2,10.9,19.3,34.5,40.2,50.7,52.6,43.9,20.8,13.5,10.2,9.8,4.1,3.5,5.9,8.6,8,
大園,2025/08/27 00:00:00,PM10,3,6,7,7,3,5,9,9,34,11,17,28,27,26,21,17,10,19,24,20,10,7,9,9,
大園,2025/08/27 00:00:00,PM2.5,3,1,1,3,2,6,2,0,2,2,2,7,15,17,15,5,4,6,5,8,5,8,5,4,
大園,2025/08/27 00:00:00,RAINFALL,0,0,0,0,0,0,0,0,0,0,0,0,0,0,2,2.5,0,0,0,0,0,0.5,0,0,
大園,2025/08/27 00:00:00,RH,57,59,58,56,56,55,54,54,48,43,46,54,57,63,75,84,83,81,77,75,68,63,59,58,
大園,2025/08/27 00:00:00,SO2,1.4,0.7,1,1.1,1.2,1.1,1,1,1,0.9,1,1.5,1.5,1.6,1.7,0.6,0.7,1.2,1.5,1.2,1,1.1,1.2,0.9,
大園,2025/08/27 00:00:00,WD_HR,129,129,62,33,116,132,129,127,129,167,262,307,307,291,212,167,138,99,53,63,71,82,95,110,
大園,2025/08/27 00:00:00,WIND_DIREC,131,151,4,91,132,118,133,125,117,225,287,307,318,284,176,160,138,57,48,72,81,89,103,113,
大園,2025/08/27 00:00:00,WIND_SPEED,1.7,0.6,0.6,2.3,2.9,2.9,4.5,2.6,4,1.5,3.2,4.3,4.3,2.4,3.5,2.3,2.5,1.8,2.9,4,4.4,5.2,5.7,5.5,
大園,2025/08/27 00:00:00,WS_HR,1.5,1.2,0.5,1.5,2.1,2.5,3.7,3.7,2.9,1.8,2.6,3.4,3.4,2.8,2,2.6,1.8,1.6,2.4,3.1,4,4,4.6,5.6,
大園,2025/08/28 00:00:00,AMB_TEMP,29.4,29.3,28.5,27.9,27.8,27.6,28.4,30,30.9,31.5,31.4,31.6,31.5,31.2,31.6,32.1,32.9,32.6,31.6,30.9,30.4,30.2,30.2,30.1,
大園,2025/08/28 00:00:00,CO,0.14,0.11,0.12,0.2,0.22,0.22,0.3,0.38,0.27,0.23,0.21,0.2,0.16,0.15,0.15,0.16,0.17,0.16,0.14,0.17,0.17,0.16,0.15,0.12,
大園,2025/08/28 00:00:00,NO,1.9,0.6,0.7,0.9,0.4,0.5,2.3,6.6,5.4,3.8,2.6,1.2,1,0.8,0.7,0.7,0.9,2,1,0.5,0.9,0.6,0.6,0.4,
大園,2025/08/28 00:00:00,NO2,7.4,7.2,7.5,12.7,13.6,13.8,13,19.1,12,10.7,9.5,7.5,5.7,4.7,4.7,5.2,8.9,9,8.3,8,8.4,7.1,8.4,6.6,
大園,2025/08/28 00:00:00,NOx,9.3,7.8,8.2,13.7,14.1,14.3,15.3,25.8,17.4,14.6,12.2,8.7,6.7,5.5,5.4,6,9.9,11,9.4,8.6,9.4,7.7,9,7,
大園,2025/08/28 00:00:00,O3,5.6,7.4,5.5,6.1,10.5,9.9,11.7,16.4,23.4,27.1,38.1,50.8,48.2,48.1,50.9,53.8,52.2,16.4,15.2,13.2,12,11.7,10.2,10.5,
大園,2025/08/28 00:00:00,PM10,19,13,9,10,17,19,22,31,25,18,17,21,17,21,21,18,27,22,14,13,12,11,16,9,
大園,2025/08/28 00:00:00,PM2.5,3,3,5,5,6,5,17,20,1,0,4,10,9,7,4,11,9,5,0,2,4,2,0,1,
大園,2025/08/28 00:00:00,RAINFALL,0,0,0,0,0,0,0,0,0,0,0,0,0,0,0,0,0,0,0,0,0,0,0,0,
大園,2025/08/28 00:00:00,RH,58,57,59,63,67,70,75,68,61,58,58,58,59,61,62,61,56,50,51,53,54,54,53,51,
大園,2025/08/28 00:00:00,SO2,1.2,1.2,1,0.9,1,1.1,1.5,3.4,2.2,1.9,1.8,1.5,1.6,1.5,1.4,1.3,1.7,1.2,0.9,1.1,1.3,1.1,1.3,1.2,
大園,2025/08/28 00:00:00,WD_HR,109,127,180,220,232,246,253,344,348,337,314,308,295,297,292,297,76,105,113,111,108,111,115,115,
大園,2025/08/28 00:00:00,WIND_DIREC,111,166,205,220,228,239,290,20,349,337,312,301,295,290,277,320,112,107,114,107,110,113,115,107,
大園,2025/08/28 00:00:00,WIND_SPEED,4.2,1.9,1.7,1.2,1.5,1.2,0.9,1.6,2.7,3.2,3.4,4.2,3.9,4.1,3.8,2.3,3.8,4.6,5.3,4.8,5.5,5.4,4.8,3.9,
大園,2025/08/28 00:00:00,WS_HR,4.7,2.3,1.5,1.7,1.6,1.4,0.7,0.7,1.9,2.3,2.9,3.5,3.8,4.1,3.3,2.3,0.4,4.4,5,4.4,5.3,5.6,5.3,4,
大園,2025/08/29 00:00:00,AMB_TEMP,29.8,29.5,29.3,29.1,28.9,28.7,29.3,30.5,31.9,33.2,34.9,35.2,35.6,35.5,35.1,34.6,33.5,32.7,31.4,30.6,30.3,30.2,29.9,29.7,
大園,2025/08/29 00:00:00,CO,0.19,0.08,0.08,0.08,0.09,0.1,0.11,0.14,0.16,0.15,0.14,0.12,0.13,0.12,0.11,0.1,0.08,0.16,0.16,0.15,0.15,0.12,0.12,0.1,
大園,2025/08/29 00:00:00,NO,0.8,0.7,1.3,0.7,0.7,1.2,2.4,4.4,4.6,2.5,2.6,1.4,2,3.1,3.9,3.8,2.7,4.1,5.3,3.4,2.6,2,1.8,1,
大園,2025/08/29 00:00:00,NO2,8.5,4.4,6.6,5.1,5.7,8.8,7.1,7.2,6.9,6.2,6.2,4.5,5.8,6.8,7.4,5.1,4.8,9.1,10.7,8.8,7.8,6.7,7.1,5.5,
大園,2025/08/29 00:00:00,NOx,9.4,5.2,7.9,5.8,6.5,10,9.5,11.7,11.5,8.7,8.8,5.9,7.8,10,11.3,9,7.6,13.2,16,12.2,10.4,8.7,9,6.6,
大園,2025/08/29 00:00:00,O3,8.5,11.5,9.1,10.9,10.6,7.4,8.2,10.5,15.8,24.4,29,36.6,29.9,23.3,19.8,17.3,15.5,9.9,4.7,5.9,5.8,5.6,4.6,7.2,
大園,2025/08/29 00:00:00,PM10,6,8,12,9,10,9,8,7,11,10,11,12,14,13,23,33,21,15,15,10,11,7,9,5,
大園,2025/08/29 00:00:00,PM2.5,0,0,0,0,1,5,2,2,0,0,3,3,4,3,0,0,0,0,0,1,0,0,0,0,
大園,2025/08/29 00:00:00,RAINFALL,0,0,0,0,0,0,0,0,0,0,0,0,0,0,0,0,0,0,0,0,0,0,0,0,
大園,2025/08/29 00:00:00,RH,52,53,54,55,57,58,56,53,49,45,40,39,38,38,39,40,42,44,47,50,52,53,54,55,
大園,2025/08/29 00:00:00,SO2,1.5,0.4,0.5,0.3,0.5,0.5,0.6,0.6,0.5,0.5,0.8,0.5,0.7,0.7,0.8,0.7,0.5,0.6,1.2,1,0.8,0.6,0.6,0.7,
大園,2025/08/29 00:00:00,WD_HR,112,111,112,120,122,134,142,133,139,136,108,126,93,93,101,104,111,100,88,95,105,103,109,128,
大園,2025/08/29 00:00:00,WIND_DIREC,116,99,115,121,120,134,154,136,152,96,124,109,83,95,99,106,116,99,91,97,112,94,124,140,
大園,2025/08/29 00:00:00,WIND_SPEED,4.3,2.4,3.8,2.6,2.2,2.6,1.5,2.5,2.3,1.9,1.8,4.6,5.3,6,6.2,6,5.6,4.9,5.1,6,5.5,3.7,3.4,2.9,
大園,2025/08/29 00:00:00,WS_HR,3.9,3.5,3.5,2.9,2.2,2.4,2.2,1.8,2.1,1.8,1.6,2.8,4.2,5.1,5.7,5.8,5.6,4.7,4.9,4.8,5,4.2,3.1,3.2,
大園,2025/08/30 00:00:00,AMB_TEMP,29.5,29.2,29,28.9,28.6,28.6,29,30.2,31.6,32,32.5,32.2,31.6,31.4,31.5,31,31.8,31,30.3,30.1,29.5,29.2,29.5,29.2,
大園,2025/08/30 00:00:00,CO,0.11,0.12,0.11,0.13,0.14,0.16,0.18,0.2,0.22,0.28,0.29,0.26,0.22,0.21,0.18,0.14,0.15,0.14,0.13,0.16,0.23,0.23,0.23,0.26,
大園,2025/08/30 00:00:00,NO,0.8,0.8,0.9,0.9,1.2,4.7,7.6,4.7,5.6,2.6,2.6,1.6,1.3,1.2,1.4,2,1.9,1.8,1,0.9,0.9,0.9,1,1.6,
大園,2025/08/30 00:00:00,NO2,5.7,6.2,5.1,7.2,10.3,11.8,11.2,5.7,9.9,8.8,9.5,6.3,4.7,3.6,3.4,4.7,4.1,7,5.2,5,6,6.2,9.5,13.9,
大園,2025/08/30 00:00:00,NOx,6.5,7,6.1,8.2,11.6,16.5,18.9,10.5,15.6,11.4,12.2,7.9,6,4.9,4.9,6.7,6,8.8,6.3,6,6.9,7.2,10.6,15.6,
大園,2025/08/30 00:00:00,O3,6.2,6.7,7.1,4.3,2.9,1.3,3.5,9.4,20.4,41.4,48.4,51.7,48.5,49.3,42,30.8,34.4,23.2,21.6,18.2,25.4,30.7,23.7,4.2,
大園,2025/08/30 00:00:00,PM10,4,27,2,2,4,12,12,24,14,32,33,26,18,27,21,8,13,16,10,23,25,23,18,16,
大園,2025/08/30 00:00:00,PM2.5,0,0,0,0,1,1,4,5,7,7,14,17,12,14,9,7,3,0,1,9,15,14,10,5,
大園,2025/08/30 00:00:00,RAINFALL,0,0,0,0,0,0,0,0,0,0,0,0,0,0,0,0,0,0,0,0,0,0,0,0,
大園,2025/08/30 00:00:00,RH,55,57,58,59,60,61,60,56,52,51,53,53,55,57,56,57,54,58,62,65,69,73,69,64,
大園,2025/08/30 00:00:00,SO2,1,0.7,0.8,1.3,1.6,1.1,1.6,1,1.5,2.6,2.2,1.6,1.4,1.6,1.4,1.4,1.5,1.7,0.8,0.9,1,1.2,1.2,1.4,
大園,2025/08/30 00:00:00,WD_HR,139,131,137,130,144,120,161,218,282,334,347,329,327,337,346,356,336,295,234,206,195,182,116,112,
大園,2025/08/30 00:00:00,WIND_DIREC,137,131,131,143,158,116,210,237,300,355,351,344,331,331,338,0,319,323,189,205,183,158,110,119,
大園,2025/08/30 00:00:00,WIND_SPEED,1.9,2.2,2.1,1.6,1.2,1.4,1.4,1.1,2.3,2.8,3.6,3.6,4.1,4.6,3.9,2.5,2.2,2.3,1.4,1.3,1.2,0.8,1.8,1,
大園,2025/08/30 00:00:00,WS_HR,2,2.1,2.1,1.6,1.4,0.9,0.9,0.7,0.8,2.1,2.7,3,3.8,4,4.2,2.5,1.6,1.9,0.8,1.2,1.3,0.9,1.2,1.3,
大園,2025/08/31 00:00:00,AMB_TEMP,28.8,28.5,28.1,27.9,27.5,27.4,27.8,29.1,30.1,31,31.1,31.7,31.6,31.4,31.4,31.2,30.9,30.5,29.9,29.9,29.9,30,29.9,29.5,
大園,2025/08/31 00:00:00,CO,0.23,0.22,0.26,0.29,0.28,0.26,0.24,0.25,0.21,0.25,0.24,0.28,0.25,0.24,0.19,0.19,0.21,0.23,0.27,0.28,0.23,0.22,0.22,0.31,
大園,2025/08/31 00:00:00,NO,1.6,1,1.2,1,0.8,0.7,1.5,2.1,2,1.9,1.2,1.1,1.3,1.3,1.4,1.8,1.5,1.4,1.1,0.8,0.9,0.9,0.8,0.9,
大園,2025/08/31 00:00:00,NO2,14.1,13.4,13.4,13.1,11.2,8.7,9.5,8.2,6.6,6.9,4.6,4.3,3.8,3.2,3.6,5.4,4.7,6.7,7.3,6.6,8.6,5.6,8.1,5.8,
大園,2025/08/31 00:00:00,NOx,15.7,14.4,14.6,14.1,12.1,9.5,11.1,10.4,8.6,8.8,5.9,5.5,5.1,4.5,5.1,7.2,6.2,8.2,8.5,7.4,9.6,6.5,9,6.7,
大園,2025/08/31 00:00:00,O3,3.7,4.8,5.1,5.2,8.9,21.2,20.9,25.9,36.2,44.4,52.6,55.6,54.2,53.6,53.5,47.5,48.6,48.8,51.1,52.1,46.1,50.5,45.6,45.3,
大園,2025/08/31 00:00:00,PM10,13,13,15,20,24,30,28,31,29,30,25,26,24,21,21,20,19,25,20,21,20,19,20,26,
大園,2025/08/31 00:00:00,PM2.5,4,2,0,15,15,19,15,11,19,14,17,26,11,11,7,7,6,19,9,15,2,8,11,11,
大園,2025/08/31 00:00:00,RAINFALL,0,0,0,0,0,0,0,0,0,0,0,0,0,0,0,0,0,0,0,0,0,0,0,0,
大園,2025/08/31 00:00:00,RH,64,65,68,74,77,78,78,77,74,66,63,60,60,61,61,60,61,61,64,64,65,64,66,68,
大園,2025/08/31 00:00:00,SO2,1.1,0.9,1,1,0.6,0.5,1,1.1,0.9,1,1.3,1.3,1.3,1.4,1.1,1.4,1.3,1.5,1.9,1.8,1.3,1.5,1.3,1.7,
大園,2025/08/31 00:00:00,WD_HR,131,137,191,216,198,211,198,225,245,309,324,334,353,353,357,360,4,6,15,5,1,355,278,243,
大園,2025/08/31 00:00:00,WIND_DIREC,141,142,218,214,210,195,208,223,251,330,321,349,352,352,341,12,9,3,2,360,358,355,271,256,
大園,2025/08/31 00:00:00,WIND_SPEED,0.8,1,0.8,1.5,1,1.4,1.3,2.4,1.8,3.1,3,3.7,3.9,3.4,2.6,2.7,2.5,2.5,1.9,1.6,1.5,1.2,1.4,1.1,
大園,2025/08/31 00:00:00,WS_HR,1.1,1,0.9,1,0.8,1,1.4,1.9,1.8,1.7,3,3.2,3.7,3.1,2.3,1.9,2.2,2.2,1.6,1.4,1,1,0.8,1.4,
大園,2025/09/01 00:00:00,AMB_TEMP,29.2,28.9,28.7,28.5,28.4,28.4,28.6,28.9,29.8,32.3,31.5,30.6,30,30,29.8,29.6,29.2,28.9,28.9,28.9,29.1,29,28.8,28.4,
大園,2025/09/01 00:00:00,CO,0.28,0.25,0.24,0.21,0.19,0.18,0.2,0.29,0.26,0.26,0.32,0.29,0.24,0.21,0.23,0.26,0.27,0.31,0.31,0.25,0.22,0.17,0.14,0.18,
大園,2025/09/01 00:00:00,NO,1,0.8,0.7,0.7,0.5,0.6,1.3,7.7,6.6,4.4,3,1.4,1.4,1.4,1,1.2,1,0.9,0.8,1,0.9,0.9,0.7,0.6,
大園,2025/09/01 00:00:00,NO2,7.6,9.9,9.8,9.9,8.5,8.7,11.6,19.3,14.4,13.2,21.5,12.1,11.2,7.8,9.5,12.1,10.8,9.8,9.6,8.5,7.2,8.1,6.3,6.8,
大園,2025/09/01 00:00:00,NOx,8.7,10.8,10.5,10.6,9.1,9.4,12.9,27,21,17.7,24.6,13.5,12.7,9.3,10.6,13.3,11.8,10.8,10.5,9.5,8.1,9.1,7.1,7.4,
大園,2025/09/01 00:00:00,O3,31.5,19.2,18.7,19.8,21.4,21,17.6,8.1,19.5,34.9,53.9,63.7,56.2,53.6,53.6,53.7,57.6,56.3,55.1,39.9,29.2,22.2,22.6,23.6,
大園,2025/09/01 00:00:00,PM10,30,29,25,27,27,23,31,30,40,42,45,39,34,36,38,34,36,26,26,21,16,13,11,15,
大園,2025/09/01 00:00:00,PM2.5,15,11,14,16,13,18,11,11,13,12,21,22,23,21,20,20,21,19,20,9,6,4,3,5,
大園,2025/09/01 00:00:00,RAINFALL,0,0,0,0,0,0,0,0,0,0,0,0,0,0,0,0,0,0,0,0,0,0,0,0,
大園,2025/09/01 00:00:00,RH,70,72,72,76,77,78,77,72,67,60,59,65,69,70,68,69,75,79,80,78,77,77,78,80,
大園,2025/09/01 00:00:00,SO2,1.8,1.1,1,1.4,1.5,1,1,1.2,1.1,1,2.4,1.9,1.3,1.7,2,2.4,1.8,1.3,1.6,1.2,1,1.5,1,0.9,
大園,2025/09/01 00:00:00,WD_HR,227,221,210,213,200,190,167,144,132,86,354,354,4,1,19,359,5,357,355,0,347,276,225,193,
大園,2025/09/01 00:00:00,WIND_DIREC,214,223,208,224,217,189,142,140,121,96,357,3,8,3,11,0,5,359,351,350,345,224,208,181,
大園,2025/09/01 00:00:00,WIND_SPEED,0.7,1.7,1.5,1.4,0.8,1.2,1,1.5,1.8,0.9,3.2,2.5,2.5,1.7,2.5,3,2.9,2.7,2.3,2,1.4,1,1,0.9,
大園,2025/09/01 00:00:00,WS_HR,1.4,1.2,1.7,1.3,0.9,1,0.8,1.5,1.6,0.9,2.8,2.8,2.2,1.8,1.3,2.1,2.4,2.1,2.2,1.9,1.5,0.4,0.7,1,
大園,2025/09/02 00:00:00,AMB_TEMP,28.3,28.2,28.2,28,27.8,27.8,27.8,28.2,29.2,29.9,30.4,30.9,30.8,31.1,31.4,31.4,30.6,30.3,28.7,28,27.9,28.4,28.1,27.7,
大園,2025/09/02 00:00:00,CO,0.21,0.19,0.26,0.41,0.37,0.39,0.4,0.41,0.28,0.18,0.13,0.12,0.11,0.12,0.14,0.19,0.23,0.28,0.2,0.23,0.31,0.38,0.36,0.38,
大園,2025/09/02 00:00:00,NO,0.7,0.7,0.7,0.9,0.9,1.1,2.5,4.2,3,2.1,2.4,1.9,1.9,1.7,1.5,1.7,1.8,1.3,0.8,0.8,0.8,1,1,1,
大園,2025/09/02 00:00:00,NO2,8.1,7.4,10.6,17.5,16.3,14.9,14.3,15.1,12.4,9,6.5,5.2,5.1,4.7,5.1,6.9,9.5,10,10.1,13.5,21.6,24.5,23.3,24,
大園,2025/09/02 00:00:00,NOx,8.8,8.1,11.4,18.5,17.3,16,16.8,19.3,15.5,11.2,9,7.1,7.1,6.5,6.6,8.6,11.3,11.3,10.9,14.3,22.5,25.6,24.3,25.1,
大園,2025/09/02 00:00:00,O3,24,23.8,19.6,7.9,5.6,6.4,8,9.1,26.6,29.5,27.4,31.4,31.3,34.7,37.9,41.9,39.6,37.9,33.9,23.9,15,11.8,12.4,7.9,
大園,2025/09/02 00:00:00,PM10,30,22,28,35,34,31,40,44,32,28,19,20,13,15,18,24,27,32,17,23,9,5,22,24,
大園,2025/09/02 00:00:00,PM2.5,16,12,19,23,17,26,23,22,25,6,5,5,3,15,6,12,11,13,6,0,5,12,13,13,
大園,2025/09/02 00:00:00,RAINFALL,0,0,0,0,0,0,0,0,0,0,0,0,0,0,0,0,0,0,0,0,0,0,0,0,
大園,2025/09/02 00:00:00,RH,82,82,82,82,80,81,82,81,80,77,75,70,71,69,69,68,70,72,67,67,68,68,70,73,
大園,2025/09/02 00:00:00,SO2,0.9,0.9,1,1.7,1.7,1.6,1.2,1.3,1.4,1.2,0.9,0.6,0.7,0.8,0.7,0.9,1.3,1.3,0.6,0.7,0.7,1,1.1,1,
大園,2025/09/02 00:00:00,WD_HR,187,186,128,128,177,225,203,193,264,296,299,310,302,313,322,306,313,337,120,141,155,159,154,152,
大園,2025/09/02 00:00:00,WIND_DIREC,185,176,99,167,182,219,193,204,288,304,301,300,308,321,334,313,304,130,109,149,198,151,145,193,
大園,2025/09/02 00:00:00,WIND_SPEED,1.1,1.2,1.3,1.1,0.9,1,1.5,1.6,2.4,3.5,3.2,3.5,3.3,3.5,2.4,2.9,2.3,3.8,1.5,2.2,0.9,1.5,1.9,0.4,
大園,2025/09/02 00:00:00,WS_HR,0.9,1.1,1,1.3,1,1,1.1,1.3,1.6,2.3,2.9,3.2,3,3,2.5,2.5,2.7,0.7,2.2,2,1.1,0.9,1.6,1.2,
大園,2025/09/03 00:00:00,AMB_TEMP,27.6,27.6,27.3,27.3,27,26.8,27.3,28.5,29.6,30.4,31.1,31.3,31.5,31.5,31.5,31.3,30.9,30.3,29.7,29.8,29.6,29.1,29,28.5,
大園,2025/09/03 00:00:00,CO,0.42,0.39,0.37,0.35,0.33,0.27,0.29,0.34,0.28,0.25,0.26,0.23,0.21,0.21,0.18,0.18,0.17,0.19,0.2,0.32,0.34,0.33,0.33,0.37,
大園,2025/09/03 00:00:00,NO,1.4,1.2,1.5,2.2,1.4,2.2,5.1,5.7,2.7,2.2,1.8,1.2,1.2,1.3,#,1,1.1,1.2,1,1.1,6.2,2,0.7,0.6,
大園,2025/09/03 00:00:00,NO2,27.8,26.2,22.8,20.4,18.3,15.9,14.9,15.9,10.3,10.3,8.9,5.7,4.8,4.9,#,4.4,6.5,9.4,11.9,27.6,34.5,25.6,16.8,18.8,
大園,2025/09/03 00:00:00,NOx,29.2,27.5,24.4,22.7,19.8,18.1,20.1,21.7,13,12.6,10.8,7,6,6.2,#,5.4,7.6,10.6,12.9,28.7,40.7,27.7,17.5,19.5,
大園,2025/09/03 00:00:00,O3,2.8,2.5,2.2,1.9,1.8,0.6,3.8,13.4,28.9,38.5,48.1,53.6,50.5,47.7,44.7,52,48.1,42,39,22.6,9.7,11.1,9.4,7,
大園,2025/09/03 00:00:00,PM10,22,16,19,21,24,20,22,32,30,28,36,23,24,25,#,22,22,21,21,23,25,18,15,15,
大園,2025/09/03 00:00:00,PM2.5,10,9,9,14,15,11,11,16,11,17,17,19,18,#,9,11,8,13,8,10,14,8,7,15,
大園,2025/09/03 00:00:00,RAINFALL,0,0,0,0,0,0,0,0,0,0,0,0,0,0,0,0,0,0,0,0,0,0,0,0,
大園,2025/09/03 00:00:00,RH,75,76,78,78,79,80,79,78,76,72,67,67,62,60,59,58,58,61,68,63,65,68,66,69,
大園,2025/09/03 00:00:00,SO2,1,1.3,1.3,1,0.8,0.8,0.9,1.9,1.8,2,2,1.6,1.4,2.3,#,0.8,0.7,1.1,1.5,2,2.2,1.9,1.2,1,
大園,2025/09/03 00:00:00,WD_HR,150,175,176,202,199,198,195,229,251,259,330,317,322,340,349,351,16,21,26,35,69,121,122,151,
大園,2025/09/03 00:00:00,WIND_DIREC,146,188,148,220,206,187,204,248,244,262,324,316,317,343,350,357,17,26,40,37,101,117,129,157,
大園,2025/09/03 00:00:00,WIND_SPEED,1.3,1,1.3,1.4,1.5,1.4,1.5,2.3,2.5,2.2,4,3.6,4.3,3.4,2.9,2.8,2.4,3.2,2,1.6,1.2,1.5,1,0.9,
大園,2025/09/03 00:00:00,WS_HR,0.8,0.6,1,1.2,1.2,1.4,1.3,1.8,1.9,2.1,3.4,3.5,3.7,3.4,3.1,2.7,2,2.8,2.6,1.6,0.9,1.2,1,1,
大園,2025/09/04 00:00:00,AMB_TEMP,28.2,28,27.6,27.2,27.3,27.1,27.7,29.2,30.2,30.9,31.4,32,31.6,31.7,31,30.9,30.7,30.1,30,29.6,29.5,29,28.4,28,
大園,2025/09/04 00:00:00,CO,0.33,0.32,0.3,0.28,0.31,0.3,0.33,0.26,0.2,0.24,0.24,0.24,0.19,0.16,0.15,0.13,0.16,0.26,0.4,0.36,0.4,0.41,0.37,0.31,
大園,2025/09/04 00:00:00,NO,1,0.4,0.4,0.4,0.3,0.6,2.5,2.4,1.4,2.4,1.6,1.3,0.9,3.2,1.3,1.3,1.3,0.9,0.6,0.7,1.3,2,0.6,0.5,
大園,2025/09/04 00:00:00,NO2,21,17.3,14.6,12.6,15.6,17.8,16.6,10.6,7.4,11.1,8,7.4,5.6,7.2,4.8,4.9,8.7,13.6,18.6,20.2,30.5,30.4,19.6,18.4,
大園,2025/09/04 00:00:00,NOx,22,17.7,15.1,13.1,16,18.4,19.2,13.1,8.8,13.5,9.6,8.8,6.5,10.5,6.1,6.3,10.1,14.5,19.2,20.9,31.9,32.5,20.3,18.9,
大園,2025/09/04 00:00:00,O3,9.5,10.5,6.4,5.2,6.4,5.8,10.7,23.2,34,37.7,47.5,51.9,50.8,45.7,46.7,41.6,40.3,45.2,33.8,25.1,11.6,5.7,7.4,9.2,
大園,2025/09/04 00:00:00,PM10,33,18,22,27,31,41,40,34,29,34,20,43,18,19,10,20,19,19,24,19,22,22,21,21,
大園,2025/09/04 00:00:00,PM2.5,13,11,12,11,15,22,27,19,14,15,14,14,10,11,9,5,9,10,13,8,9,12,8,8,
大園,2025/09/04 00:00:00,RAINFALL,0,0,0,0,0,0,0,0,0,0,0,0,0,0,0,0,0,0,0,0,0,0,0,0,
大園,2025/09/04 00:00:00,RH,74,76,78,79,79,79,80,78,75,72,67,64,63,62,66,66,61,60,61,63,64,66,69,71,
大園,2025/09/04 00:00:00,SO2,1,1.1,0.6,0.6,0.8,0.9,1.1,1.5,1.6,2.2,1.5,1.9,1,0.6,0.6,0.8,1.1,1.2,1.9,1.9,1.8,1.9,1.3,0.9,
大園,2025/09/04 00:00:00,WD_HR,154,176,206,186,182,195,212,229,256,329,334,336,342,352,353,8,91,133,98,76,63,101,167,148,
大園,2025/09/04 00:00:00,WIND_DIREC,152,217,211,164,196,204,219,247,302,328,342,341,345,346,358,30,141,124,104,85,71,139,167,130,
大園,2025/09/04 00:00:00,WIND_SPEED,1.4,0.7,1.2,2,1.2,1.2,1.7,2.4,2.5,2.9,3.5,3.2,4.4,3.8,4.1,3.2,2.5,1.9,2.9,1.8,1.1,1.3,1.2,0.7,
大園,2025/09/04 00:00:00,WS_HR,1.4,1,1.1,1.4,1.2,1.2,1.7,2,1.8,2.6,3,2.9,3.7,3.5,3.4,3.2,1.3,1.8,2.1,1.5,1.2,0.6,1.1,1.1,
大園,2025/09/05 00:00:00,AMB_TEMP,27.5,27.1,26.8,26.9,26.8,26.9,27.3,29.1,30.3,31.1,31.5,32,32,32.5,32.8,32.6,32.3,31.9,31.6,31.2,30.8,30.5,30.3,30,
大園,2025/09/05 00:00:00,CO,0.28,0.25,0.23,0.22,0.19,0.23,0.28,0.3,0.23,0.16,0.28,0.3,0.24,0.17,0.17,0.18,0.16,0.18,0.22,0.17,0.17,0.14,0.15,0.1,
大園,2025/09/05 00:00:00,NO,0.6,0.4,1,1.8,0.6,4.7,10.1,7.3,2.5,1.4,1.8,1.4,0.9,1.2,0.8,0.7,0.9,0.7,0.8,4.9,6.6,1.7,1.3,0.7,
大園,2025/09/05 00:00:00,NO2,18.3,17.2,15.4,13.8,10,17.8,20,15.9,9.1,5.9,11.1,11.7,7.8,5.4,4.9,5.1,5.4,6.8,8.9,10.6,10.6,7.8,7.7,5.3,
大園,2025/09/05 00:00:00,NOx,19,17.7,16.5,15.7,10.6,22.5,30.2,23.2,11.6,7.3,12.9,13.1,8.7,6.6,5.8,5.8,6.3,7.6,9.8,15.6,17.3,9.5,9.1,6,
大園,2025/09/05 00:00:00,O3,7.2,5.8,4.4,3.7,5.7,0.9,5.1,16.5,34.6,43.2,51.3,74.4,72,53.3,59.3,71.7,50.9,46.1,34,8.7,6.6,9.1,8,10.5,
大園,2025/09/05 00:00:00,PM10,36,19,25,14,21,21,24,30,24,21,37,35,22,24,18,30,24,23,18,20,28,18,10,12,
大園,2025/09/05 00:00:00,PM2.5,8,9,8,6,10,8,10,18,11,17,22,18,12,7,5,11,9,10,11,7,8,6,2,0,
大園,2025/09/05 00:00:00,RAINFALL,0,0,0,0,0,0,0,0,0,0,0,0,0,0,0,0,0,0,0,0,0,0,0,0,
大園,2025/09/05 00:00:00,RH,74,76,76,76,74,74,75,71,67,62,61,60,58,54,52,52,54,55,54,53,54,57,58,58,
大園,2025/09/05 00:00:00,SO2,0.9,1.1,1.1,1.3,1,0.9,1.2,1.3,1.4,1.6,2,2.1,1.9,1.8,2,1.9,1.6,1.9,1.6,1.3,2.1,1.1,1.1,1,
大園,2025/09/05 00:00:00,WD_HR,145,147,150,187,190,148,140,149,212,175,350,348,356,339,303,286,284,233,112,98,101,99,101,125,
大園,2025/09/05 00:00:00,WIND_DIREC,153,141,153,194,175,146,130,190,246,140,341,348,338,317,270,282,267,175,99,97,103,100,114,130,
大園,2025/09/05 00:00:00,WIND_SPEED,1.5,2,1.6,1.5,1.2,1.6,1.6,1.3,2.4,2,2.3,4,3.9,3.7,3.4,3,2.1,1.2,4.9,4.7,6.7,4.9,4.3,3.1,
大園,2025/09/05 00:00:00,WS_HR,1.2,1.7,1.8,1.4,1.3,1.4,1.4,1.4,1.2,1.2,2.3,3,3.8,3.3,2.8,3,2.3,1.2,2.2,4.2,5.5,5,4.1,3.1,
大園,2025/09/06 00:00:00,AMB_TEMP,29.8,29.6,29.6,29.4,28.5,28.1,28.9,30.7,32.4,33.5,33.7,33,32.8,32.4,31.7,31.1,30.8,30.5,30,30.2,30.4,30.5,30.3,30.2,
大園,2025/09/06 00:00:00,CO,0.09,0.09,0.09,0.09,0.16,0.19,0.19,0.14,0.14,0.13,0.24,0.26,0.25,0.19,0.2,0.19,0.25,0.27,0.21,0.21,0.24,0.24,0.17,0.18,
大園,2025/09/06 00:00:00,NO,0.3,0.8,1,1,1.1,1.6,4.4,4.7,3.9,2.5,2.4,1.6,1.6,1.5,1.4,1.1,1.2,1.1,1,1,0.8,1.1,2.1,2.3,
大園,2025/09/06 00:00:00,NO2,4.1,6.5,5.1,4.7,7.8,10.5,9.8,6.6,5.9,4.7,9.7,10.3,9.1,7.9,7.5,6.3,8.2,7.2,5.4,5.4,8.2,8.3,8.6,14.9,
大園,2025/09/06 00:00:00,NOx,4.5,7.4,6.1,5.7,8.9,12.1,14.2,11.4,9.8,7.2,12.1,12,10.7,9.5,9,7.4,9.4,8.3,6.5,6.4,9.1,9.4,10.7,17.2,
大園,2025/09/06 00:00:00,O3,9.8,8.5,9.3,8.1,5.1,2.8,4.5,9.7,14.9,21.4,46.3,63.5,61.6,61.4,61.4,54.6,56.8,56.5,51.3,49.3,45.5,45.1,45.6,28.6,
大園,2025/09/06 00:00:00,PM10,9,9,5,2,7,13,15,9,7,13,22,43,35,32,31,27,34,31,23,23,25,20,20,21,
大園,2025/09/06 00:00:00,PM2.5,0,0,5,3,4,4,10,6,1,13,7,12,17,26,13,14,12,18,18,11,18,7,13,14,
大園,2025/09/06 00:00:00,RAINFALL,0,0,0,0,0,0,0,0,0,0,0,0,0,0,0,0,#,#,#,#,#,0,0,0,
大園,2025/09/06 00:00:00,RH,58,59,58,58,62,66,64,57,52,47,48,53,56,58,59,62,66,71,74,70,69,67,68,70,
大園,2025/09/06 00:00:00,SO2,0.9,1.2,1.3,1.3,1.4,1.5,1.4,1.5,1.6,1.5,2.2,2.4,2.2,2.1,2.4,2.2,3.3,2.5,1.9,1.8,2.7,2.4,1.8,2.3,
大園,2025/09/06 00:00:00,WD_HR,133,140,144,162,217,209,170,151,127,140,324,309,314,309,311,303,311,335,3,17,9,3,28,99,
大園,2025/09/06 00:00:00,WIND_DIREC,137,148,123,206,211,201,149,142,138,229,306,312,314,308,306,301,303,1,2,18,42,7,16,209,
大園,2025/09/06 00:00:00,WIND_SPEED,3,3.2,1.7,1.4,0.7,1,1.7,0.8,3,1.7,1.5,3.9,4.4,4.4,3.2,3,2.3,2.3,1.5,0.8,0.2,1.7,1.7,0.4,
大園,2025/09/06 00:00:00,WS_HR,3.6,2.9,1.7,1.3,1.3,1,1.2,0.8,1.8,2,1.4,3.1,3.3,3.6,3.5,3.1,2.2,2,1.8,1.4,0.2,1.4,1,0.1,
大園,2025/09/07 00:00:00,AMB_TEMP,30.1,29.6,29.2,28.8,28.7,28.8,28.7,29.4,30.1,30.5,30.7,30.7,30.9,31.4,30.6,30.1,29.6,28.3,26.9,26,26.2,26.3,26,26,
大園,2025/09/07 00:00:00,CO,0.2,0.21,0.18,0.09,0.09,0.09,0.11,0.12,0.14,0.19,0.29,0.29,0.17,0.16,0.16,0.16,0.13,0.14,0.15,0.14,0.12,0.13,0.12,0.12,
大園,2025/09/07 00:00:00,NO,1,0.7,0.8,0.7,0.7,0.6,0.9,1.1,1.5,2.2,2.3,2.5,1.2,1.2,0.7,0.8,0.7,0.8,0.8,0.7,0.6,0.7,0.9,0.6,
大園,2025/09/07 00:00:00,NO2,11.3,3.6,3.3,2.6,2.8,3.2,3.9,3.6,4.7,6.4,7.1,11.5,4.7,5.1,4.1,3.7,3.7,3.3,3.6,4.3,4,3.8,4.5,5.7,
大園,2025/09/07 00:00:00,NOx,12.4,4.4,4.2,3.3,3.6,3.9,4.8,4.8,6.3,8.7,9.5,14.1,6,6.4,4.9,4.6,4.4,4.2,4.5,5.1,4.6,4.6,5.4,6.3,
大園,2025/09/07 00:00:00,O3,42.5,70.8,44.8,19.2,16.3,14.5,14,16.6,18.7,18.7,24.2,27.9,41.4,49.7,57.9,39.8,37.9,34.8,26.1,23.5,19,16.8,15.1,12.3,
大園,2025/09/07 00:00:00,PM10,22,29,24,13,11,9,9,20,18,19,22,17,16,20,21,17,15,12,14,8,4,6,11,9,
大園,2025/09/07 00:00:00,PM2.5,25,22,16,7,3,0,4,5,6,5,10,12,10,6,5,5,3,7,3,0,0,1,1,1,
大園,2025/09/07 00:00:00,RAINFALL,0,0,0,0,0,0,0,0,0,0,0,0,0,0,0,0,0,0,31.5,12,0,0,0,0,
大園,2025/09/07 00:00:00,RH,71,78,80,81,81,81,81,80,78,77,75,71,69,66,71,75,78,82,85,86,85,83,83,83,
大園,2025/09/07 00:00:00,SO2,2.4,1.8,1.7,1,1.2,1.1,1,1,1.4,1.8,2.7,4.2,2.7,2.3,2,1.3,1.2,0.7,0.9,0.9,0.8,0.9,0.8,0.7,
大園,2025/09/07 00:00:00,WD_HR,275,246,235,231,240,238,165,196,194,310,288,290,287,302,312,334,309,230,191,153,197,215,207,173,
大園,2025/09/07 00:00:00,WIND_DIREC,284,228,238,231,228,185,167,204,211,303,320,289,287,301,328,322,306,211,199,187,208,214,206,184,
大園,2025/09/07 00:00:00,WIND_SPEED,2,1.2,2.5,2,1.1,0.7,1.2,1.3,1.1,2.3,2.9,3.2,4,3.8,3.2,2.3,2.7,1.9,4,1.1,2,1.9,2,1.6,
大園,2025/09/07 00:00:00,WS_HR,1.5,1.2,2.3,2.6,1.6,1,0.8,1,1.2,1.8,2.5,2.3,3.4,3.6,3.1,2.5,2.3,2.2,3.4,1,1.9,2.1,2.3,1.4,
大園,2025/09/08 00:00:00,AMB_TEMP,26.5,26.7,26.5,26.9,26.9,27,27.4,28.3,29.9,31.2,32.2,33,32.8,33,32.3,32,31.5,30.8,30,29.7,29.7,29.6,29.4,29.4,
大園,2025/09/08 00:00:00,CO,0.13,0.12,0.15,0.13,0.13,0.16,0.16,0.19,0.15,0.11,0.11,0.12,0.12,0.1,0.1,0.1,0.11,0.12,0.14,0.13,0.13,0.14,0.14,0.16,
大園,2025/09/08 00:00:00,NO,0.7,0.7,1.5,0.8,0.5,2,4.1,5.1,4,2.6,1.6,1.1,1.2,0.8,1,1.1,0.8,0.8,0.6,0.6,1,0.6,0.6,0.6,
大園,2025/09/08 00:00:00,NO2,7.7,6.1,9.9,8.7,8,11.2,9.5,7,5.2,3.9,3.3,2.7,2.8,2,2.1,2.2,2.5,3.1,4.1,4.4,5.3,4.7,6.5,7.1,
大園,2025/09/08 00:00:00,NOx,8.4,6.8,11.4,9.6,8.6,13.3,13.7,12.2,9.2,6.5,4.9,3.9,4,2.8,3.2,3.3,3.4,4,4.8,5.1,6.4,5.3,7.1,7.7,
大園,2025/09/08 00:00:00,O3,9.3,9.9,4.4,6.1,5.7,2.3,4,7.9,13,17.9,25.4,27.8,27.2,25.5,27.3,27.5,29.7,22.1,22.1,22.9,20.9,21.3,16.7,15,
大園,2025/09/08 00:00:00,PM10,0,0,9,11,8,12,15,16,16,7,6,11,7,11,8,15,5,17,8,15,12,10,17,18,
大園,2025/09/08 00:00:00,PM2.5,1,1,3,1,0,3,3,0,2,1,1,0,0,0,2,2,0,0,5,8,10,2,4,5,
大園,2025/09/08 00:00:00,RAINFALL,0,0,0,0,0,0,0,0,0,0,0,0,0,0,0,0,0,0,0,0,0,0,0,0,
大園,2025/09/08 00:00:00,RH,81,80,82,80,80,81,79,78,70,63,55,50,48,47,49,51,52,56,62,65,67,69,73,73,
大園,2025/09/08 00:00:00,SO2,1,0.9,0.7,0.8,1,1,1.4,1.5,1.6,1.4,1.4,1.3,1.4,1.1,1,1,1,0.7,0.7,0.8,0.9,0.8,0.9,1,
大園,2025/09/08 00:00:00,WD_HR,193,207,123,191,169,206,215,220,231,240,261,260,250,248,252,257,240,240,244,223,235,223,197,192,
大園,2025/09/08 00:00:00,WIND_DIREC,228,151,101,164,145,219,179,220,256,246,229,268,261,264,249,248,238,249,239,204,247,175,215,191,
大園,2025/09/08 00:00:00,WIND_SPEED,1,0.9,0.5,2,2.2,3,1.6,3.6,2.9,2.8,2.9,4.3,4.7,5,5.4,4.3,3.7,2.6,2.4,0.9,1.6,1,1,1,
大園,2025/09/08 00:00:00,WS_HR,0.8,0.8,1,0.8,1.4,1.6,1.9,2.5,3.2,2.5,2.5,3.5,4.6,4.3,4.9,4.3,3.9,3.2,2.7,1.8,1.1,1.3,0.8,0.9,
大園,2025/09/09 00:00:00,AMB_TEMP,29.4,29,28.7,28.2,27.9,27.7,28.2,29.2,30.4,31.6,32.4,32.5,32.6,32.5,31.8,31.3,30.7,30.1,29.7,29.4,29.2,28.9,28.8,28.6,
大園,2025/09/09 00:00:00,CO,0.19,0.18,0.18,0.19,0.18,0.19,0.2,0.26,0.21,0.17,0.14,0.13,0.13,0.12,0.09,0.09,0.09,0.11,0.13,0.12,0.12,0.17,0.15,0.12,
大園,2025/09/09 00:00:00,NO,0.7,0.1,0.3,0.3,0.2,2.9,9.4,7.7,3.9,2,1.3,0.8,0.4,0.3,0.5,0.8,0.7,0.6,0.5,0.3,0.3,0.4,0.5,0.4,
大園,2025/09/09 00:00:00,NO2,9.3,12.1,11.2,11,12.3,14.1,14.8,12.8,8.7,5.7,5.4,3.9,4,3.5,3.2,3.4,3.7,4,4.8,5,5.3,8.3,11.2,8.9,
大園,2025/09/09 00:00:00,NOx,10.1,12.2,11.6,11.3,12.6,17,24.3,20.6,12.7,7.8,6.8,4.8,4.5,3.9,3.8,4.3,4.4,4.6,5.4,5.3,5.7,8.8,11.7,9.3,
大園,2025/09/09 00:00:00,O3,10.8,10.6,10.4,8.7,6.3,3.6,4.6,7.9,16.2,23.3,28.6,33,44.4,40.1,29.5,23.1,21.6,22,19.5,18.7,16,11.7,11.1,11.5,
大園,2025/09/09 00:00:00,PM10,26,19,21,19,19,22,21,24,23,15,18,10,17,16,17,16,21,13,16,21,14,19,16,12,
大園,2025/09/09 00:00:00,PM2.5,3,3,9,7,5,9,13,8,11,7,3,4,10,7,5,6,4,2,7,5,5,10,6,3,
大園,2025/09/09 00:00:00,RAINFALL,0,0,0,0,0,0,0,0,0,0,0,0,0,0,0,0,0,0,0,0,0,0,0,0,
大園,2025/09/09 00:00:00,RH,73,72,73,74,76,76,74,71,63,56,52,52,54,54,55,58,61,66,70,76,78,79,78,78,
大園,2025/09/09 00:00:00,SO2,1.2,1,0.9,1.1,1,1,1,1.3,1.6,1.6,1.5,1.3,1.4,1.2,1,0.7,0.7,0.7,0.6,0.8,0.7,0.9,1,0.6,
大園,2025/09/09 00:00:00,WD_HR,220,215,223,204,198,180,165,185,216,227,252,256,254,263,263,258,259,254,236,234,218,191,189,178,
大園,2025/09/09 00:00:00,WIND_DIREC,222,216,228,173,187,157,160,200,224,222,259,251,258,268,263,261,254,237,246,221,191,192,180,178,
大園,2025/09/09 00:00:00,WIND_SPEED,2.6,1.9,2.5,1.3,1.2,1.2,1.4,1.8,3.8,3.8,4,4.5,4.3,4.9,4.4,3.9,2.8,2.6,2.1,1.9,0.8,1.7,1.7,1.2,
大園,2025/09/09 00:00:00,WS_HR,2.1,1.5,2.4,1.6,1.1,0.9,1.4,1.5,3,3.9,3.5,4.4,4.3,4.4,4.1,3.5,3.3,2.6,2.2,1.8,1.3,1.4,1.6,1.4,
大園,2025/09/10 00:00:00,AMB_TEMP,28.6,28.6,28.4,28.2,28,27.7,28.1,29.4,30.5,31.5,32.5,32.3,31.8,31.3,30.7,30.6,30.8,30.7,29.8,29.6,29.7,29.2,28.9,28.7,
大園,2025/09/10 00:00:00,CO,0.11,0.14,0.16,0.18,0.21,0.19,0.2,0.19,0.15,0.13,0.15,0.16,0.15,0.13,0.12,0.13,0.2,0.22,0.21,0.31,0.33,0.27,0.22,0.25,
大園,2025/09/10 00:00:00,NO,0.4,0.4,0.4,1,1.4,2.4,4.8,5.4,3.6,3.9,4,3,1.8,1.5,1.2,1.4,1.4,1,0.5,0.6,0.3,0.2,0.5,2,
大園,2025/09/10 00:00:00,NO2,8.5,8.5,9.5,11.8,12.5,12.1,11.7,9,6.6,7.9,9.8,8.2,6.4,5.3,4.7,6.5,12.2,12.4,9,15.3,17.4,15.5,15.5,17.3,
大園,2025/09/10 00:00:00,NOx,8.9,8.9,9.9,12.9,14,14.6,16.6,14.4,10.3,11.9,13.8,11.3,8.2,6.8,5.9,7.9,13.7,13.4,9.5,15.9,17.7,15.8,16,19.4,
大園,2025/09/10 00:00:00,O3,9.5,7.4,5,2,1.3,0.9,3.4,9.3,13.5,17.2,24.4,26.7,35.1,36.5,37.9,43.5,37.2,46.2,41.6,21.7,22,22.8,15.9,10.9,
大園,2025/09/10 00:00:00,PM10,9,15,14,14,16,16,16,14,13,16,17,16,13,12,16,22,18,21,23,29,27,11,18,24,
大園,2025/09/10 00:00:00,PM2.5,1,0,0,5,5,5,4,4,3,3,7,6,5,3,8,8,4,10,7,19,16,17,9,6,
大園,2025/09/10 00:00:00,RAINFALL,0,0,0,0,0,0,0,0,0,0,0,0,0,0,0,0,0,0,0,0,0,0,0,0,
大園,2025/09/10 00:00:00,RH,77,76,75,76,76,76,76,74,70,63,57,56,60,64,69,69,59,60,73,65,63,69,73,77,
大園,2025/09/10 00:00:00,SO2,0.7,0.1,0.2,0.3,0.3,0.5,1.5,1.9,1.2,1,1.1,1.1,0.9,0.6,0.4,0.8,1.3,2,1,0.7,1,0.9,0.6,0.6,
大園,2025/09/10 00:00:00,WD_HR,180,186,192,215,201,183,201,215,239,243,314,330,345,352,359,30,81,6,4,189,209,218,217,220,
大園,2025/09/10 00:00:00,WIND_DIREC,178,183,203,219,186,177,193,217,238,241,325,328,348,347,3,32,29,359,171,194,212,211,218,201,
大園,2025/09/10 00:00:00,WIND_SPEED,1.5,0.9,0.9,1.2,0.8,1.2,1.7,2.8,2.6,1.9,3.5,3.8,4.2,3.9,4.1,3.4,1.7,2.8,1.1,1.5,1.3,1.8,1.6,1,
大園,2025/09/10 00:00:00,WS_HR,1.4,1,0.9,1,0.8,1.2,1.5,2,2.4,1.7,1.8,3.3,3.8,3.7,4,2.9,1.5,1.6,0.8,1.4,1.4,1.9,1.4,1.1,
大園,2025/09/11 00:00:00,AMB_TEMP,28.6,28.7,28.1,27.6,27.1,27.2,27.7,29.1,30.2,30.2,31.2,31.5,31.4,31.8,31.4,31.2,30.3,30.2,30.6,31,29.7,29.1,29,28.7,
大園,2025/09/11 00:00:00,CO,0.25,0.16,0.14,0.17,0.17,0.16,0.21,0.22,0.18,0.18,0.14,0.14,0.11,0.1,0.11,0.1,0.11,0.14,0.17,0.25,0.2,0.17,0.13,0.13,
大園,2025/09/11 00:00:00,NO,0.5,0.2,0.3,0.5,0.6,0.5,2.4,4.2,2.8,3.1,1.6,1.5,1.6,1.5,1.8,2.2,1.7,1.4,1.4,1.7,0.9,0.1,0.3,0.3,
大園,2025/09/11 00:00:00,NO2,17.5,6.7,6.3,11.4,11.6,10.5,11.5,10.3,7.3,8.3,5.2,5.4,5.6,4.5,5.1,6.7,6.5,8.8,12.5,19,12.5,6.3,5.6,5.4,
大園,2025/09/11 00:00:00,NOx,18.1,7,6.7,11.9,12.2,11.1,13.9,14.6,10.2,11.4,6.9,7,7.3,6,7,8.9,8.2,10.3,14,20.8,13.4,6.4,6,5.7,
大園,2025/09/11 00:00:00,O3,12,22,23.4,7.6,6.4,7.1,7,11.8,18.4,22.9,32.2,35.9,35.8,31.8,32.7,33.5,36.9,32.5,23.4,7.7,20.4,27.7,27.6,26.4,
大園,2025/09/11 00:00:00,PM10,21,21,17,16,17,20,15,16,16,15,13,18,14,10,16,18,18,21,21,14,22,21,22,21,
大園,2025/09/11 00:00:00,PM2.5,4,9,7,5,9,8,7,5,4,7,7,5,7,7,3,4,7,8,12,6,7,10,10,8,
大園,2025/09/11 00:00:00,RAINFALL,0,0,4,0,0,0,0,0,0,0,0,0,0,0,0,0,0,0,0,0,0,0,0,0,
大園,2025/09/11 00:00:00,RH,80,80,81,83,83,83,82,79,76,75,70,67,67,62,62,65,72,76,72,59,71,80,82,83,
大園,2025/09/11 00:00:00,SO2,0.6,0.9,0.8,0.9,0.8,1,1.2,1.4,1.3,1.2,0.8,0.9,1,0.8,0.8,0.9,0.9,0.9,1.3,1.4,1.1,0.9,0.9,0.7,
大園,2025/09/11 00:00:00,WD_HR,218,236,241,213,208,213,196,221,315,352,356,1,19,3,6,18,20,20,23,96,194,201,195,196,
大園,2025/09/11 00:00:00,WIND_DIREC,229,224,226,206,201,217,202,254,341,356,358,4,14,358,3,9,14,27,59,111,216,212,183,201,
大園,2025/09/11 00:00:00,WIND_SPEED,0.9,1.2,1.2,2.2,1.7,1.5,1.5,1.6,2.7,2.7,3.1,3.9,4.3,4.6,4.6,4,5.7,3.6,1.6,2.2,2.3,2.4,1.8,2,
大園,2025/09/11 00:00:00,WS_HR,1.1,1.1,1.5,2,1.9,1.4,1.3,1,0.9,2.2,3.1,3.4,3.3,4.3,4.6,3.9,4.8,3.5,2.7,1.3,1.8,1.9,1.9,1.9,
大園,2025/09/12 00:00:00,AMB_TEMP,28.5,28.5,28.3,28,27.7,27.9,28.2,29.4,29.8,30.7,31.2,31.8,31.6,31.4,31.7,30.2,30.8,30.5,29.8,29.8,29.5,28.9,28.5,28.1,
大園,2025/09/12 00:00:00,CO,0.13,0.12,0.11,0.11,0.1,0.11,0.15,0.14,0.16,0.15,#,0.16,0.14,0.11,0.12,0.11,0.13,0.19,0.23,0.21,0.24,0.35,0.28,0.26,
大園,2025/09/12 00:00:00,NO,0.3,0.4,0.6,0.4,0.4,0.5,1.4,1.7,1.8,2.2,#,2,1.5,1.2,1.3,1.3,1.8,1.2,0.9,1.4,1,0.7,0.6,0.5,
大園,2025/09/12 00:00:00,NO2,5,5.3,5.3,4.3,2.7,4.8,8.8,6.3,6.2,6.7,#,5.9,4.9,4.3,4.6,6.3,12.6,14.4,16.6,24.5,22.1,21.2,15.5,15.8,
大園,2025/09/12 00:00:00,NOx,5.3,5.7,5.9,4.8,3.2,5.4,10.3,8,8,8.9,#,7.9,6.4,5.5,5.9,7.6,14.5,15.6,17.6,25.9,23.1,21.9,16.1,16.4,
大園,2025/09/12 00:00:00,O3,26.8,24,27.1,30.8,34.9,22.6,15.4,23.6,25.8,32.6,31.7,#,43.8,44.2,44,40,37.1,33.9,30.3,21.8,17.7,15.5,18.1,16,
大園,2025/09/12 00:00:00,PM10,29,12,12,7,8,10,29,18,15,13,7,#,16,12,18,14,16,25,24,19,19,18,18,15,
大園,2025/09/12 00:00:00,PM2.5,7,7,7,9,7,5,13,8,7,8,#,4,4,7,9,7,7,8,11,10,15,2,7,6,
大園,2025/09/12 00:00:00,RAINFALL,0,0,0,0,0,0,0,0,0,0,#,0,0,0,0,0,0,0,0,0,0,0,0,0,
大園,2025/09/12 00:00:00,RH,83,83,81,81,81,82,83,79,78,73,68,63,62,62,61,64,62,62,67,68,71,75,76,76,
大園,2025/09/12 00:00:00,SO2,0.7,0.6,0.5,0.4,0.6,0.3,0.8,0.9,1,1.1,#,1.3,0.9,0.6,0.5,0.6,1.1,1.7,0.9,1.6,1.3,1,0.6,0.6,
大園,2025/09/12 00:00:00,WD_HR,196,214,215,224,212,195,200,228,267,276,300,308,323,316,349,7,17,154,24,27,120,145,153,148,
大園,2025/09/12 00:00:00,WIND_DIREC,200,214,214,230,192,187,209,237,257,295,309,299,321,311,348,44,184,190,30,36,138,153,142,155,
大園,2025/09/12 00:00:00,WIND_SPEED,1.8,2.1,2.4,1.8,1.4,1.6,2.5,3.2,2.6,2.5,4.2,3.5,4.2,3.5,2.8,1.9,0.7,1.4,1.6,0.7,1.4,1.8,1,1.8,
大園,2025/09/12 00:00:00,WS_HR,1.7,1.9,2,2.3,1.3,1.5,1.7,2.5,2.4,2.4,2.8,3.3,3.7,3.5,3,2.1,0.5,1.2,0.8,1.4,0.7,1.5,1.3,1.4,
大園,2025/09/13 00:00:00,AMB_TEMP,27.8,27.5,27.3,27.2,27.1,27.1,27.6,29.3,30.7,31.7,32.3,33,33.3,33.6,33.5,33.2,31.8,31.2,30.2,29.7,29.6,29.5,29.3,29,
大園,2025/09/13 00:00:00,CO,0.3,0.3,0.3,0.22,0.19,0.17,0.2,0.19,0.15,0.13,0.13,0.1,0.09,0.09,0.1,0.11,0.15,0.19,0.15,0.15,0.18,0.14,0.14,0.14,
大園,2025/09/13 00:00:00,NO,1,0.4,0.7,0.4,0.4,0.4,1.4,2.5,2.5,2.3,2.3,2.1,0.8,0.7,0.7,0.8,1.5,1.4,0.9,0.7,0.6,0.6,0.5,0.5,
大園,2025/09/13 00:00:00,NO2,18.9,16.2,15.1,14.2,11.9,9.4,10.4,8.7,6.4,5.8,6.1,3.7,2.5,2.5,2.7,4.1,9.5,13.3,12.6,6.6,6.2,8,8.5,6.5,
大園,2025/09/13 00:00:00,NOx,19.9,16.7,15.8,14.7,12.4,9.9,11.9,11.3,9,8.2,8.5,5.9,3.3,3.2,3.5,5,11,14.8,13.6,7.3,6.8,8.7,9,7,
大園,2025/09/13 00:00:00,O3,8,8,8.3,11.8,11.6,14.9,13.8,17.3,19.3,22.6,30.5,31.3,31.6,31.2,33.3,35.6,35.3,28,29.9,35,35.4,36.3,30.9,26.2,
大園,2025/09/13 00:00:00,PM10,21,25,25,22,21,18,22,23,14,11,10,9,12,9,6,14,16,21,18,16,9,15,14,15,
大園,2025/09/13 00:00:00,PM2.5,4,10,10,13,9,11,6,13,7,3,3,8,2,2,4,2,2,7,9,5,9,10,11,12,
大園,2025/09/13 00:00:00,RAINFALL,0,0,0,0,0,0,0,0,0,0,0,0,0,0,0,0,0,0,0,0,0,0,0,0,
大園,2025/09/13 00:00:00,RH,75,77,77,78,81,81,81,76,66,57,52,49,47,45,43,45,54,57,64,69,73,76,77,77,
大園,2025/09/13 00:00:00,SO2,0.6,0.6,0.8,1.5,1.2,0.5,0.6,0.9,1.1,0.8,0.8,0.5,0.6,0.6,0.6,0.6,1.6,1.8,1.2,0.9,0.8,0.8,1.1,0.9,
大園,2025/09/13 00:00:00,WD_HR,164,181,193,200,183,197,192,224,230,237,237,250,263,268,258,283,305,327,23,4,351,309,250,236,
大園,2025/09/13 00:00:00,WIND_DIREC,183,186,208,176,189,199,209,232,260,225,241,268,255,263,250,303,308,13,17,352,344,281,228,229,
大園,2025/09/13 00:00:00,WIND_SPEED,0.7,1.4,1.3,1.2,1.2,1.2,1.6,3.2,2.7,3.2,3.7,3.2,4.1,4,3.2,3.1,2.8,1.3,2.4,1.9,1.5,0.9,1.8,1.7,
大園,2025/09/13 00:00:00,WS_HR,0.9,1,1.2,1.2,1.1,1.3,1.2,2.4,2.6,2.8,3,3,3.1,3.2,3.1,2.7,2.9,1.7,1.8,1.6,1.7,1.2,1.2,1.6,
大園,2025/09/14 00:00:00,AMB_TEMP,28.9,28.3,28.3,28.5,28.2,27.9,28.2,29.5,31.5,31.9,32.1,31.8,31.5,31,30.7,30.7,30.2,29.8,29.4,29,29,29,29.2,29.2,
大園,2025/09/14 00:00:00,CO,0.12,0.17,0.18,0.18,0.22,0.2,0.24,0.29,0.22,0.3,0.29,0.23,0.17,0.13,0.13,0.14,0.17,0.18,0.15,0.21,0.21,0.23,0.29,0.28,
大園,2025/09/14 00:00:00,NO,3,0.5,0.7,0.6,0.7,1,4.1,4.1,3.5,3.8,2.1,1,0.7,1.1,1,0.7,0.6,0.5,0.5,0.5,0.4,0.5,0.6,0.4,
大園,2025/09/14 00:00:00,NO2,10.1,9.3,12.9,11.3,12.4,13.2,14.1,12.8,12.8,16.8,11.1,6.2,4.3,4,4.1,3.3,4.1,4.4,4.9,6,7.7,9.1,13.8,13.4,
大園,2025/09/14 00:00:00,NOx,13.1,9.8,13.6,11.9,13.1,14.3,18.3,17,16.4,20.6,13.2,7.3,5.1,5.1,5.2,4,4.7,5,5.4,6.5,8.2,9.6,14.4,13.9,
大園,2025/09/14 00:00:00,O3,19.6,16.3,11.8,13.8,9.7,7.1,6.9,16,29.5,40.8,52.5,49.6,48.7,37.3,42.3,41.5,43.6,46.4,43.5,33.4,27.5,24.7,19.9,23.8,
大園,2025/09/14 00:00:00,PM10,24,22,18,9,19,31,28,30,26,34,28,14,19,7,11,9,10,15,21,19,20,15,17,18,
大園,2025/09/14 00:00:00,PM2.5,7,7,13,8,7,6,12,14,10,11,13,18,5,6,6,5,10,8,6,8,12,15,10,14,
大園,2025/09/14 00:00:00,RAINFALL,0,0,0,0,0,0,0,0,0,0,0,0,0,0,0,0,0,0,0,0,0,0,0,0,
大園,2025/09/14 00:00:00,RH,76,78,77,76,77,77,77,75,63,60,55,55,57,59,62,62,66,69,75,78,76,76,75,74,
大園,2025/09/14 00:00:00,SO2,1,0.6,1.1,1,1,0.9,1.2,2.1,2.3,2.9,2.6,1.9,1.3,0.9,0.8,0.4,0.6,0.8,0.7,0.5,0.6,0.6,0.7,0.8,
大園,2025/09/14 00:00:00,WD_HR,225,187,180,164,148,154,146,136,99,357,337,322,315,329,342,339,342,351,258,169,205,147,148,182,
大園,2025/09/14 00:00:00,WIND_DIREC,212,181,178,164,154,157,141,171,53,354,315,318,313,325,330,342,4,299,150,168,174,96,158,180,
大園,2025/09/14 00:00:00,WIND_SPEED,1.2,1.2,0.8,0.7,1.4,1.7,1.8,0.7,1.4,3.1,3.9,3.8,3.6,4.4,3.3,2.5,2.1,1.7,0.6,1.4,0.9,0.5,0.9,0.7,
大園,2025/09/14 00:00:00,WS_HR,1.4,1.1,1,0.9,1,1.7,1.6,1.2,0.8,2.5,3.1,3.3,3.5,3.4,3.3,2.5,2.2,1.5,0.9,1.2,1.2,0.6,0.7,0.5,
大園,2025/09/15 00:00:00,AMB_TEMP,28.9,28.7,28.3,28.3,28,27.7,27.9,28.9,29.9,31,31.5,30.5,31,31.6,32,34.2,34.1,32.9,31.7,31.1,30.8,30.2,30,29.7,
大園,2025/09/15 00:00:00,CO,0.32,0.34,0.33,0.31,0.29,0.27,0.27,0.32,0.26,0.16,0.14,0.14,0.13,0.13,0.12,0.14,0.18,0.19,0.19,0.2,0.22,0.25,0.22,0.22,
大園,2025/09/15 00:00:00,NO,5.9,0.4,0.7,0.8,0.7,0.8,1.6,4.4,5.2,2.4,1.8,1.4,1.5,1.5,1.6,2.1,4.1,4.5,1.2,1.1,1.3,2.3,1.9,2.3,
大園,2025/09/15 00:00:00,NO2,22.4,13.7,13.7,14.4,12.4,11.6,11.5,15,15.8,6,5.2,5,4.5,3.4,3.4,6.1,13.8,14.1,11.4,10.9,12.9,15.7,14.5,11.9,
大園,2025/09/15 00:00:00,NOx,28.3,14.2,14.5,15.3,13.2,12.4,13.1,19.4,21,8.4,7.1,6.4,6.1,4.9,5.1,8.2,18,18.6,12.6,12,14.3,18.1,16.5,14.2,
大園,2025/09/15 00:00:00,O3,11.3,12.8,11.9,10.3,11.5,6.3,8.9,9.5,21.7,40.1,42.7,42.9,40.5,35.7,32.4,33.6,19.7,9.6,7.4,6.1,3.3,1.3,1.8,0.4,
大園,2025/09/15 00:00:00,PM10,21,24,22,20,19,21,24,29,25,18,20,17,17,16,21,20,23,23,11,14,10,16,13,11,
大園,2025/09/15 00:00:00,PM2.5,16,13,11,14,12,12,18,12,8,7,8,9,8,5,3,6,5,4,4,0,5,6,5,4,
大園,2025/09/15 00:00:00,RAINFALL,0,0,0,0,0,0,0,0,0,0,0,0,0,0,0,0,0,0,0,0,0,0,0,0,
大園,2025/09/15 00:00:00,RH,76,77,78,79,79,80,80,77,76,70,66,71,72,66,66,54,47,48,50,52,54,57,57,56,
大園,2025/09/15 00:00:00,SO2,1.2,0.7,0.5,0.6,0.5,0.3,0.5,0.5,1.1,0.8,0.6,0.5,0.5,0.6,0.7,0.9,1.1,1.5,1,0.6,0.7,1,1,1.1,
大園,2025/09/15 00:00:00,WD_HR,222,220,179,179,192,207,176,172,6,3,18,5,4,354,355,10,96,105,126,138,141,138,134,142,
大園,2025/09/15 00:00:00,WIND_DIREC,223,221,166,225,198,193,142,158,356,20,11,1,10,354,351,104,95,117,141,136,138,151,136,155,
大園,2025/09/15 00:00:00,WIND_SPEED,0.8,1,0.6,1,1.5,1.6,1.4,1,3.1,3.9,4.7,5.7,5,5.9,4.4,1.3,4.3,3.1,2.5,2.9,1.5,2.3,2.2,1.8,
大園,2025/09/15 00:00:00,WS_HR,0.1,1,0.8,0.6,0.8,1.1,1.2,0.8,1.4,3,3.7,4.9,5.1,5.2,5.3,2.3,3.7,3.8,2.4,2.8,1.9,1.9,2,1.8,
大園,2025/09/16 00:00:00,AMB_TEMP,29.4,29.1,28.9,29,28.7,28.3,28.1,29.8,31,32.8,32.7,32.8,32.2,31.9,32.4,32.4,31.7,31.3,31.1,30.8,30.9,30.7,30.4,29.4,
大園,2025/09/16 00:00:00,CO,0.2,0.2,0.21,0.19,0.17,0.13,0.24,0.26,0.23,0.25,0.31,0.25,0.16,0.15,0.21,0.2,0.22,0.21,0.2,0.16,0.13,0.11,0.11,0.2,
大園,2025/09/16 00:00:00,NO,2.4,1.8,1.6,1.1,0.8,A,6.1,9.6,10.1,8.2,9.5,4.2,1.4,1,#,#,1.4,2,3.6,6.2,4.3,2,1.2,0.6,
大園,2025/09/16 00:00:00,NO2,11.7,13.5,12.1,10.8,9.2,A,11.2,11.1,11.1,13.2,20.2,13.5,6.5,5,#,#,13.2,13.7,11.2,9.9,10.1,7.6,6.8,9,
大園,2025/09/16 00:00:00,NOx,14.1,15.3,13.7,11.9,10,A,17.4,20.7,21.3,21.4,29.8,17.7,7.9,6,#,#,14.6,15.7,14.8,16.1,14.4,9.7,8,9.6,
大園,2025/09/16 00:00:00,O3,1.2,0.6,0.7,1.9,2.7,0.4,2.6,5.3,9.6,16.8,25.7,42.4,48,45.5,60.9,57.1,39.5,18.8,4,4.8,4.7,5.4,6,12.5,
大園,2025/09/16 00:00:00,PM10,11,15,13,18,14,A,24,25,21,19,30,28,17,12,#,25,32,23,32,47,33,27,20,20,
大園,2025/09/16 00:00:00,PM2.5,1,0,4,7,4,A,8,10,6,4,11,8,6,#,12,9,11,9,6,3,4,0,0,1,
大園,2025/09/16 00:00:00,RAINFALL,0,0,0,0,0,0,0,0,0,0,0,0,0,0,0,0,0,0,0,0,0,0,0,0,
大園,2025/09/16 00:00:00,RH,57,58,59,60,61,63,66,61,55,49,49,50,52,52,50,52,56,56,51,51,50,50,51,58,
大園,2025/09/16 00:00:00,SO2,0.9,1.1,1,1.1,1,x,#,x,#,2.5,2.8,2.6,1.1,1.2,#,#,2.2,1.7,2,1.5,1.7,1.8,1.6,1,
大園,2025/09/16 00:00:00,WD_HR,160,163,174,165,159,159,197,149,139,91,326,318,311,282,266,274,350,75,103,99,93,100,120,174,
大園,2025/09/16 00:00:00,WIND_DIREC,149,196,166,162,158,171,193,123,136,322,326,318,290,242,258,290,357,106,104,93,94,103,133,189,
大園,2025/09/16 00:00:00,WIND_SPEED,2.3,1.4,1.7,2.5,1,1.5,1.3,1.2,2.2,2.2,3.5,3.3,3.5,2.8,2.2,2.3,2.2,3.8,5.5,5.8,5.5,4.3,2.4,1.7,
大園,2025/09/16 00:00:00,WS_HR,2,1.6,1.5,2,1.5,1.3,1.4,0.8,1.7,0.5,2.7,3,3.5,2.7,2.1,1.6,1.8,1.5,4.1,5.4,5.5,4.9,3,1.9,
大園,2025/09/17 00:00:00,AMB_TEMP,28.7,28.8,28.8,28.7,28.3,28.3,28.8,30.4,31.7,33.2,34.3,33.2,32.9,32.3,32.2,31.7,31,30.3,30.4,30.7,30.6,30.5,30.4,30.2,
大園,2025/09/17 00:00:00,CO,0.29,0.28,0.29,0.25,0.24,0.21,0.27,0.25,0.21,0.25,0.23,0.25,0.2,0.16,0.16,0.14,0.15,0.19,0.15,0.12,0.11,0.1,0.12,0.11,
大園,2025/09/17 00:00:00,NO,0.5,1.1,0.8,0.7,0.7,5.4,17.6,13.1,6.3,4.7,4.1,2.5,1.5,1.2,1.1,1.1,1,0.9,0.9,0.9,1.1,0.8,1.2,0.9,
大園,2025/09/17 00:00:00,NO2,13,16,14.1,11.4,12.3,14.2,16.8,10.6,9.1,13.1,10.7,11.7,9,6.5,5.7,5.3,7.2,10.1,14,7,6.9,5.1,6.9,6.7,
大園,2025/09/17 00:00:00,NOx,13.6,17.1,14.9,12.2,13,19.6,34.4,23.8,15.5,17.8,14.9,14.3,10.6,7.7,6.9,6.5,8.3,11,14.9,7.9,8,5.9,8.1,7.6,
大園,2025/09/17 00:00:00,O3,22,14.6,14.5,11.5,7.7,0,1.3,5.6,13.6,22.9,40,44.3,55.2,50.5,51.9,48.9,43,37.4,16.9,8.5,8.1,8.6,7.7,8.7,
大園,2025/09/17 00:00:00,PM10,31,23,21,22,20,16,23,19,20,22,19,17,19,20,22,18,16,23,16,10,15,11,12,14,
大園,2025/09/17 00:00:00,PM2.5,18,13,14,11,11,7,9,6,6,6,8,8,7,4,5,9,8,11,6,4,1,2,3,4,
大園,2025/09/17 00:00:00,RAINFALL,0,0,0,0,0,0,0,0,0,0,0,0,0,0,0,0,0,0,0,0,0,0,0,0,
大園,2025/09/17 00:00:00,RH,71,70,71,69,72,67,66,61,55,49,45,48,50,52,54,56,62,72,67,56,55,54,53,54,
大園,2025/09/17 00:00:00,SO2,1.1,1.1,1.3,1.4,1.1,1.2,1.4,1.7,1.4,1.9,1.8,1.8,1.6,1.3,1.4,1.4,1.6,1.5,1.5,1.2,1.4,0.9,1.3,1.2,
大園,2025/09/17 00:00:00,WD_HR,180,157,161,199,165,149,138,138,127,52,119,318,308,308,304,304,304,319,113,113,112,111,104,118,
大園,2025/09/17 00:00:00,WIND_DIREC,157,164,184,188,159,141,136,139,136,289,331,304,312,295,304,315,314,339,120,107,115,100,110,121,
大園,2025/09/17 00:00:00,WIND_SPEED,1.7,3,1.1,0.9,1.7,1.5,1.6,1.9,1.8,1.4,2,3.6,3.8,3.4,3.1,2.5,2,1.2,4.1,4.2,5.2,4.1,5.2,4.5,
大園,2025/09/17 00:00:00,WS_HR,1.6,1.9,1.5,1,1.2,1.5,1.2,1.4,1.5,0.3,0,3.1,3.6,3.1,3.2,2.4,1.8,1.7,1.4,4.5,4.6,4.1,4.7,4.4,
大園,2025/09/18 00:00:00,AMB_TEMP,29.9,29.5,29.2,29,28.8,28.6,29,30.3,31.5,32.6,33.3,34.6,34.9,34.7,34.5,33,32,31.4,30.9,30.6,30.6,30.4,29.9,29.5,
大園,2025/09/18 00:00:00,CO,0.11,0.1,0.12,0.12,0.12,0.13,0.13,0.15,0.15,0.11,0.09,0.09,0.09,0.08,0.08,0.09,0.09,0.11,0.13,0.13,0.1,0.09,0.11,0.12,
大園,2025/09/18 00:00:00,NO,0.8,1,1.1,1.2,1.2,2.4,3.6,6.8,6.7,6.6,4.4,3.4,3.9,2.9,3,2.9,2.7,1.5,1.1,1.2,1.3,1.1,1,1.2,
大園,2025/09/18 00:00:00,NO2,6.5,5.8,6.3,8.1,8.1,10.7,10.1,7.8,7.8,7.1,6.8,5.6,7,5.5,5.8,6.3,6.9,6.5,7.3,7.9,6.4,5.2,6.1,7.5,
大園,2025/09/18 00:00:00,NOx,7.3,6.8,7.4,9.3,9.3,13.2,13.8,14.6,14.6,13.7,11.2,9.1,10.9,8.4,8.9,9.3,9.6,8.1,8.4,9.2,7.7,6.3,7.2,8.7,
大園,2025/09/18 00:00:00,O3,8.5,9.5,7.1,5.9,5.6,2.8,5.2,7.9,11.2,13.7,16.1,20,19.9,20.1,18.7,15.1,12.8,11.7,10.3,9.6,10.7,10.7,8.5,8.3,
大園,2025/09/18 00:00:00,PM10,10,11,10,8,9,8,8,11,39,154,57,34,32,26,29,33,28,15,11,14,12,7,7,8,
大園,2025/09/18 00:00:00,PM2.5,3,0,0,0,1,1,0,3,2,4,3,2,0,3,3,3,1,0,0,1,1,1,0,2,
大園,2025/09/18 00:00:00,RAINFALL,0,0,0,0,0,0,0,0,0,0,0,0,0,0,0,0,0,0,0,0,0,0,0,0,
大園,2025/09/18 00:00:00,RH,54,54,55,56,57,59,60,57,53,48,45,42,40,40,40,43,45,48,49,51,51,50,51,53,
大園,2025/09/18 00:00:00,SO2,1.2,1.1,1.1,1,1.3,1.1,1.4,1.3,1.1,1.3,1.2,1,1.1,1.1,1.1,1,1.1,1,0.9,1.1,1.1,0.9,1.2,1.2,
大園,2025/09/18 00:00:00,WD_HR,122,144,170,159,183,115,129,99,105,101,105,104,101,106,108,109,111,117,118,117,119,127,135,143,
大園,2025/09/18 00:00:00,WIND_DIREC,120,180,156,173,112,109,126,100,100,98,101,108,108,108,111,111,111,119,120,119,125,132,139,174,
大園,2025/09/18 00:00:00,WIND_SPEED,3.4,1.2,2,1.6,0.3,1.9,3.4,4.8,7.5,7.1,8.3,6.8,6.6,6.8,6.9,6.3,6.1,5.2,5.3,4.4,4.6,4.1,2.3,1.7,
大園,2025/09/18 00:00:00,WS_HR,4,1.8,1.5,1.7,0.4,1.8,1.8,3.7,5.8,7.3,7,6.4,6.3,7,6.2,5.9,5.7,5.2,4.6,4.3,3.7,3.9,2.9,2.1,
大園,2025/09/19 00:00:00,AMB_TEMP,28.9,28.8,28.7,28.6,28.6,29.2,29.5,29.6,30.4,31.4,32.8,33.9,32.9,33.6,33.1,32.8,31.4,30.5,28.6,27.4,27.7,28,28.1,28.1,
大園,2025/09/19 00:00:00,CO,0.21,0.22,0.27,0.27,0.22,0.12,0.13,0.22,0.27,0.22,0.19,0.25,0.27,0.22,0.21,0.2,0.18,0.22,0.2,0.17,0.18,0.21,0.31,0.33,
大園,2025/09/19 00:00:00,NO,1.1,0.5,0.5,0.5,0.7,2.7,2.8,5.9,6.3,4.8,3.1,2.3,1.2,0.9,1.2,1.2,0.6,0.6,0.4,0.5,0.7,0.8,0.8,1.3,
大園,2025/09/19 00:00:00,NO2,7.2,6.4,6.6,10.9,9,11.6,9.4,10.8,11.7,10.8,10.1,11.3,9.8,8.1,7.3,6.8,4.2,5.1,5.8,6.5,7.8,10.2,18.3,21.2,
大園,2025/09/19 00:00:00,NOx,8.3,6.9,7.1,11.4,9.7,14.3,12.2,16.7,18,15.7,13.2,13.6,11,9,8.6,8,4.8,5.7,6.2,7,8.5,11,19.2,22.6,
大園,2025/09/19 00:00:00,O3,33.3,35,32.5,26.8,24.3,2.8,4.4,4.7,9.9,16.3,27.1,50,66,64,57.8,54.4,49.5,48.4,39.5,20.3,15.4,16.3,8.8,6.6,
大園,2025/09/19 00:00:00,PM10,22,25,27,38,23,3,7,13,23,18,19,38,47,35,29,25,31,37,28,17,13,16,19,24,
大園,2025/09/19 00:00:00,PM2.5,18,22,22,25,11,6,3,8,6,4,5,12,26,16,13,18,18,19,21,3,4,3,7,6,
大園,2025/09/19 00:00:00,RAINFALL,0,0,0,0,0,0,0,0,0,0,0,0,0,0,0,0,0,0,0.5,0,0,0,0,0,
大園,2025/09/19 00:00:00,RH,65,73,77,79,77,60,56,55,53,49,45,46,56,53,53,53,58,62,76,77,77,75,77,77,
大園,2025/09/19 00:00:00,SO2,1.3,0.9,0.8,1.3,0.9,1.2,1.1,0.8,0.9,1.1,1,1.2,1.8,1.5,1.5,1.6,0.8,0.7,0.5,0.4,0.5,0.6,0.6,0.6,
大園,2025/09/19 00:00:00,WD_HR,209,245,126,35,26,77,133,155,170,159,169,325,287,270,283,263,228,221,188,190,171,144,123,304,
大園,2025/09/19 00:00:00,WIND_DIREC,237,145,91,30,29,87,144,151,185,153,137,311,282,269,279,240,233,205,193,185,166,132,96,287,
大園,2025/09/19 00:00:00,WIND_SPEED,1.8,0.5,0.4,2,2.4,2.5,2.2,2.6,1.6,1.9,1.3,3.8,4.1,3.8,3.9,2.9,3.9,3.4,2.2,1.5,1.5,1.4,0.3,1,
大園,2025/09/19 00:00:00,WS_HR,1.3,0.8,0.2,1.5,2.1,2.2,2.2,2.4,1.9,1.8,1.1,1.1,3.3,3.1,3,2.8,3.4,3.9,2.5,1.9,1.5,1.3,0.3,0.2,
大園,2025/09/20 00:00:00,AMB_TEMP,28.3,28.3,27.8,27.5,27.5,27.5,27.5,29.1,30.5,31.3,31.9,31.8,31.9,31.4,31.2,30.6,29.9,29.4,29.3,29.4,29.2,29.6,29.5,29.2,
大園,2025/09/20 00:00:00,CO,0.32,0.26,0.21,0.23,0.21,0.2,0.2,0.16,0.14,0.18,0.16,0.19,0.18,0.15,0.15,0.14,0.15,0.14,0.2,0.19,0.11,0.17,0.17,0.16,
大園,2025/09/20 00:00:00,NO,7.8,4.3,1,0.8,0.8,0.7,1.5,2.3,1.8,3,2.5,#,1.5,1.5,1.4,1.3,1.3,1.2,1.1,0.9,1.2,2.4,5,2.8,
大園,2025/09/20 00:00:00,NO2,23.2,22.7,15.3,14.5,12.1,10.6,12.8,9.1,5.3,8.7,6.9,#,4.5,3.5,3.8,4.2,5.3,7.3,6.9,9.9,6.4,13.8,12.7,12,
大園,2025/09/20 00:00:00,NOx,31.1,27.1,16.3,15.3,12.9,11.3,14.3,11.4,7.1,11.7,9.4,#,6.1,5.1,5.2,5.5,6.7,8.5,8,10.8,7.7,16.3,17.8,14.9,
大園,2025/09/20 00:00:00,O3,3.2,6.7,14.6,11.2,13.9,15.4,14.7,21.2,27.2,26.7,34.4,#,35.2,36.2,39,37.3,36.6,38.4,53.6,42.3,19.1,4.7,0.6,1.8,
大園,2025/09/20 00:00:00,PM10,38,17,21,24,14,12,23,20,18,22,18,20,13,11,21,17,24,21,21,13,11,14,11,7,
大園,2025/09/20 00:00:00,PM2.5,11,12,22,10,8,8,7,19,2,7,6,7,5,6,5,6,9,8,12,10,6,5,5,3,
大園,2025/09/20 00:00:00,RAINFALL,0,0,0,0,0,0,0,0,0,0,0,0,0,0,0,0,0,0,0,0,0,0,0,0,
大園,2025/09/20 00:00:00,RH,76,75,76,77,76,76,76,74,69,63,61,61,59,61,65,71,74,77,78,76,78,74,65,67,
大園,2025/09/20 00:00:00,SO2,1.3,1.4,1.1,0.8,0.7,0.5,0.6,1.1,0.9,1.1,0.8,#,0.6,0.7,0.5,0.6,0.7,0.9,1.1,1.4,0.9,1.2,1,1.2,
大園,2025/09/20 00:00:00,WD_HR,285,233,212,185,187,207,185,192,272,353,2,341,349,351,354,352,4,22,23,8,24,50,98,128,
大園,2025/09/20 00:00:00,WIND_DIREC,271,223,192,178,189,210,190,171,78,349,352,330,348,353,349,347,22,7,13,9,22,69,115,185,
大園,2025/09/20 00:00:00,WIND_SPEED,1.2,2.2,1.4,1.4,1.5,1.6,1.3,1.1,1.2,3.1,3.4,3.9,4.2,4.4,4.1,3.4,2.8,2.6,2,2.1,2.4,1.9,1.4,0.9,
大園,2025/09/20 00:00:00,WS_HR,0.7,1.4,1.4,1.4,1.4,1.1,1.2,1,0.7,2.4,2.6,3.8,4.1,4.3,4,3.2,2.3,2.3,1.6,1.5,1.8,1.9,1.5,0.8,
大園,2025/09/21 00:00:00,AMB_TEMP,28.6,28.1,27.8,27.8,27.8,28,28.8,30.2,31.5,32.5,32.8,33.4,32.6,32.6,32.2,31.3,30.8,30.2,29.7,29.5,29.4,29.1,29.1,28.2,
大園,2025/09/21 00:00:00,CO,0.19,0.2,0.2,0.22,0.14,0.09,0.09,0.09,0.08,0.08,0.08,0.07,0.06,0.08,0.09,0.11,0.11,0.1,0.11,0.1,0.11,0.1,0.11,0.09,
大園,2025/09/21 00:00:00,NO,1.5,0.7,0.8,0.3,1.2,2.2,3,5,4.4,2.8,2.2,3.2,2.7,3.4,4.9,4.7,5.5,2.5,1.6,1.4,1.5,1.2,1.6,1.1,
大園,2025/09/21 00:00:00,NO2,11.9,11.1,12.5,13,14.6,10.4,7.5,6.4,5.5,4.7,4.7,5.1,4.1,6.3,6.9,7.8,7.7,7.3,9.2,8.9,9.5,9.1,11.6,7.9,
大園,2025/09/21 00:00:00,NOx,13.4,11.8,13.3,13.3,15.8,12.6,10.5,11.4,10,7.5,7,8.3,6.8,9.7,11.9,12.6,13.3,9.8,10.9,10.4,11,10.4,13.2,9,
大園,2025/09/21 00:00:00,O3,7.4,11.1,8.4,9.1,3.4,1.9,5.4,7.1,9.7,13.7,15.9,15.6,13.4,12.6,13.8,11,10.1,11.6,10.3,10.6,8.6,8.9,5.4,7.7,
大園,2025/09/21 00:00:00,PM10,13,19,17,21,10,10,9,14,13,19,18,24,31,19,18,15,21,16,13,15,11,9,13,7,
大園,2025/09/21 00:00:00,PM2.5,9,5,3,9,5,1,1,4,4,5,13,7,6,6,1,0,2,4,2,1,5,17,0,2,
大園,2025/09/21 00:00:00,RAINFALL,0,0,0,0,0,0,0,0,0,0,0,0,0,0,0,0,0,0,0,0,0,0,0,0,
大園,2025/09/21 00:00:00,RH,73,79,78,79,77,75,73,66,59,53,50,47,51,52,53,57,60,60,63,67,65,66,66,74,
大園,2025/09/21 00:00:00,SO2,0.9,1,0.8,0.8,0.9,0.9,0.7,0.7,0.8,0.6,0.7,0.9,1,1,1.1,1.6,1.5,1,1,0.7,1,1.4,1.8,0.8,
大園,2025/09/21 00:00:00,WD_HR,236,175,133,95,26,85,75,66,73,73,70,62,38,61,93,92,91,76,68,69,67,64,59,70,
大園,2025/09/21 00:00:00,WIND_DIREC,204,126,151,33,34,90,66,61,82,84,67,66,32,95,96,87,79,78,67,70,67,68,55,76,
大園,2025/09/21 00:00:00,WIND_SPEED,1.1,1.3,1.4,0.7,1.3,2,4.3,3.9,7,6.6,5.9,6.2,8.5,8.1,7.7,6.4,6.1,4.2,4.7,4.7,4.1,3.2,3.6,3.2,
大園,2025/09/21 00:00:00,WS_HR,1.3,0.7,1.5,0.4,1.2,1.5,3.1,3.9,5,5.6,5.1,5.1,6.9,5.6,6.8,6.4,6.5,4.6,4.1,4.3,4,3,2.8,3.2,
大園,2025/09/22 00:00:00,AMB_TEMP,27.8,27.5,27.7,27.5,27.1,27.1,27.5,27.9,29.7,31.2,32.3,30.3,29.8,30.7,31.4,31,30.5,30,29.7,29.2,29.2,28,27.9,28.8,
大園,2025/09/22 00:00:00,CO,0.12,0.09,0.11,0.11,0.07,0.12,0.13,0.13,0.14,0.1,0.1,0.09,0.1,0.08,#,0.09,#,0.09,0.08,0.08,0.08,0.09,0.09,0.1,
大園,2025/09/22 00:00:00,NO,5.7,1.3,1.2,1.2,1.2,2.7,7,9.1,12.4,7.8,6.4,5.1,4.6,4.1,#,4.6,#,2,1.4,1.2,1.6,0.9,0.9,0.7,
大園,2025/09/22 00:00:00,NO2,13.9,5,4.6,5.1,2.7,7.5,12,9.5,8.7,5.9,5.8,4.5,5.4,5.1,#,7.2,#,7.4,7.6,7.1,6.3,6.5,6.4,5.8,
大園,2025/09/22 00:00:00,NOx,19.6,6.4,5.8,6.4,4,10.3,19,18.7,21.1,13.7,12.3,9.6,10,9.2,#,11.8,#,9.4,9,8.4,8,7.5,7.3,6.5,
大園,2025/09/22 00:00:00,O3,3.6,8.3,7.9,7.5,11,4.5,3.4,6.1,6.9,9.5,12.2,12.1,13.4,14.1,14,#,14.2,12.1,12.2,13.8,12.7,13.9,13,13.6,
大園,2025/09/22 00:00:00,PM10,6,9,9,10,7,7,12,10,17,21,21,18,6,15,4,#,20,21,17,16,13,9,14,14,
大園,2025/09/22 00:00:00,PM2.5,4,2,1,1,0,0,1,0,0,2,3,5,8,6,#,10,10,6,6,8,8,5,1,1,
大園,2025/09/22 00:00:00,RAINFALL,0,0,0,0,1,0,0.5,0,0,0,0,8,0,0,#,0,0,0,0,0,0,0,0,0,
大園,2025/09/22 00:00:00,RH,80,79,78,80,81,82,81,80,77,70,62,68,74,69,64,65,65,67,67,70,71,75,77,74,
大園,2025/09/22 00:00:00,SO2,0.7,0.6,0.5,0.4,0.3,0.6,1,0.9,1.2,0.9,0.9,0.7,0.6,0.5,#,0.4,0.5,0.5,0.5,0.5,0.3,0.5,0.4,0.5,
大園,2025/09/22 00:00:00,WD_HR,69,67,66,67,73,66,66,65,66,66,72,75,71,69,77,68,69,70,66,70,77,72,72,88,
大園,2025/09/22 00:00:00,WIND_DIREC,70,68,65,62,72,68,62,57,67,63,65,66,66,71,75,72,69,70,67,71,89,70,70,91,
大園,2025/09/22 00:00:00,WIND_SPEED,4.3,2.9,2.3,4.7,4.2,3.3,4,4.2,5.9,6.4,6.8,6.6,6.5,6.9,6.8,6.7,6.5,6.9,6,6.5,9.5,6.4,6.3,7.2,
大園,2025/09/22 00:00:00,WS_HR,3.4,3.3,2.9,3.2,4.1,3.1,3.5,4.4,4.9,5.6,6.4,6.5,6.1,6.7,6.6,6.1,6.6,6.3,6,6.6,7.3,5.9,6.2,7,
大園,2025/09/23 00:00:00,AMB_TEMP,29.2,29.1,29.3,29.6,29.3,28.5,28.5,27.3,28.4,29.2,28.4,27.6,27.6,27.8,28.9,29.7,30.1,29.5,29.1,28.3,28.4,27.5,27.2,27.1,
大園,2025/09/23 00:00:00,CO,0.09,0.09,0.08,0.08,0.08,0.08,0.1,0.13,0.16,0.15,0.15,0.16,0.14,0.14,0.17,0.15,0.18,0.2,0.23,0.25,0.24,0.31,0.37,0.37,
大園,2025/09/23 00:00:00,NO,8.9,1,1,0.9,0.8,1,1.4,2.5,4.8,5.3,8,11.3,23.5,6.6,7.7,5,8.3,6.8,4.3,4.2,8.7,1.5,1.7,2.5,
大園,2025/09/23 00:00:00,NO2,13.3,3.9,3.8,3.1,3.2,3.7,5.4,8.3,11,10.3,13.7,15.7,15.2,11.2,12.1,11.9,13.8,14.6,12.1,14.7,12.9,16.3,21.8,20.4,
大園,2025/09/23 00:00:00,NOx,22.2,5,4.8,4,4,4.8,6.8,10.9,15.9,15.6,21.7,27.1,38.7,17.8,19.9,16.9,22.2,21.4,16.4,19,21.7,17.8,23.6,22.9,
大園,2025/09/23 00:00:00,O3,10.3,16.1,16,16.6,16.3,15.1,13.8,10.1,8.8,10.9,9,7.7,6.5,8.3,8.9,9.8,8.1,7.2,8,6.3,6.9,6.8,3.9,3.2,
大園,2025/09/23 00:00:00,PM10,17,6,8,7,7,42,10,10,13,14,12,8,7,7,11,17,17,16,8,15,15,25,19,21,
大園,2025/09/23 00:00:00,PM2.5,3,5,0,0,3,2,4,3,3,5,2,0,0,0,0,5,4,1,0,1,3,12,15,12,
大園,2025/09/23 00:00:00,RAINFALL,0,0,0,0,0,0,0,0.5,0,0,0,0,0.5,0,0,0,0,0,0,0.5,0,0,0,0,
大園,2025/09/23 00:00:00,RH,70,70,69,67,68,73,73,80,78,74,77,78,79,79,76,69,64,65,66,70,74,80,84,84,
大園,2025/09/23 00:00:00,SO2,1.1,0.5,0.1,0.1,0,0,0,0.1,0.3,0.5,0.4,0.6,0.8,0.4,0.7,0.8,0.9,0.9,1,0.7,0.8,0.5,0.6,0.4,
大園,2025/09/23 00:00:00,WD_HR,93,89,75,81,78,76,82,79,82,91,77,84,85,88,88,97,87,86,87,88,102,223,209,42,
大園,2025/09/23 00:00:00,WIND_DIREC,103,75,81,82,72,71,81,70,84,91,68,90,85,83,94,99,88,90,77,90,138,228,178,83,
大園,2025/09/23 00:00:00,WIND_SPEED,9.6,6.8,7.1,7.4,5.8,6.7,6.2,6,6,9.5,6.1,7.5,6,5.9,6.6,7.7,6.9,6.4,4.5,5.2,3.1,2.1,0.8,1.7,
大園,2025/09/23 00:00:00,WS_HR,8.3,7.6,6.6,6.9,5.6,6.2,6.3,6.1,6.2,7.9,5.6,6.9,6.3,6.2,6,7.2,5.6,5.9,6,4.5,4,2.2,1,0.6,
大園,2025/09/24 00:00:00,AMB_TEMP,29.2,29,27.2,26.9,26.5,26.3,26.5,27.7,29.2,29.4,29.7,31,31.9,32.4,31.5,31.5,30.8,29.8,29.2,28.9,28.7,28.3,28.1,28,
大園,2025/09/24 00:00:00,CO,0.11,0.16,0.21,0.18,0.23,0.22,0.22,0.23,0.2,0.21,0.2,0.17,0.14,0.16,0.2,0.16,0.16,0.17,0.23,0.18,0.17,0.17,0.19,0.2,
大園,2025/09/24 00:00:00,NO,5.2,1.2,1.6,1.2,1.6,2.5,3.1,4,3.9,3,2.4,1.7,1.4,1.5,2,2.1,1.8,1.6,1.1,1.1,1,1.1,1,1,
大園,2025/09/24 00:00:00,NO2,11,10.6,15,11.1,13.2,14.1,11.4,8.2,7.1,7.6,7.5,5.6,4.7,5.3,8.6,7.8,7.5,7.3,7.3,8.1,7.2,6.1,6.9,8.4,
大園,2025/09/24 00:00:00,NOx,16.2,11.9,16.7,12.3,14.9,16.6,14.6,12.3,11.1,10.7,10,7.3,6.2,6.9,10.7,9.9,9.4,8.9,8.4,9.2,8.3,7.3,8,9.4,
大園,2025/09/24 00:00:00,O3,8.5,10.5,5.3,5.8,1.5,1.3,6.8,12.4,17.4,22,31.9,37.7,41,42.9,39.4,33.7,24.1,26.2,38,34.3,36.4,33.9,25,19.2,
大園,2025/09/24 00:00:00,PM10,23,17,19,16,18,17,15,15,21,16,18,17,15,14,30,12,15,30,23,32,29,27,32,30,
大園,2025/09/24 00:00:00,PM2.5,6,0,3,5,11,6,6,14,8,5,8,8,4,9,12,7,4,6,12,10,11,9,10,8,
大園,2025/09/24 00:00:00,RAINFALL,0,0,0,0,0,0,0,0,0,0,0,0,0,0,0,0,0,0,0,0,0,0,0,0,
大園,2025/09/24 00:00:00,RH,74,70,84,86,86,86,86,84,80,79,78,73,64,60,62,58,59,64,73,77,80,82,82,82,
大園,2025/09/24 00:00:00,SO2,0.6,0.9,0.6,0.3,0.2,0.4,0.4,0.4,0.4,0.3,0.6,0.6,0.6,0.8,1.2,1.6,1.6,1.5,0.8,0.8,0.8,0.5,0.5,0.5,
大園,2025/09/24 00:00:00,WD_HR,100,133,187,187,200,223,216,220,228,225,226,246,241,303,309,293,298,311,318,313,331,170,183,159,
大園,2025/09/24 00:00:00,WIND_DIREC,97,209,181,191,254,207,219,232,234,227,241,254,253,329,297,290,320,308,285,309,352,178,178,177,
大園,2025/09/24 00:00:00,WIND_SPEED,4.4,3.3,1.9,1.6,1.1,2.4,2.9,3.1,2.8,3.9,3.2,3.2,3.3,4.1,3.1,3.6,2.4,2.1,1.9,1.5,1.7,1.2,0.5,0.3,
大園,2025/09/24 00:00:00,WS_HR,4.2,2.7,2,1.3,0.6,2,2.2,2.7,2.8,3.2,3.6,3.2,2.9,2.6,3.2,2.8,2.2,2.1,1.6,1.4,1.3,0.7,0.7,0.6,
大園,2025/09/25 00:00:00,AMB_TEMP,28,27.6,27.5,27.4,27,27,27.5,28.7,30.3,32,33.6,34.2,34.7,34.5,32.9,31.7,31,30.1,29.4,30.1,30.1,30.3,30.1,29.9,
大園,2025/09/25 00:00:00,CO,0.23,0.23,0.31,0.29,0.25,0.25,0.32,0.32,0.23,0.15,0.11,0.09,0.08,0.13,0.23,0.22,0.23,0.25,0.35,0.16,0.11,0.1,0.09,0.1,
大園,2025/09/25 00:00:00,NO,1.1,0.2,2,4.1,2.2,3.4,26.4,17.9,5.2,4.5,2.3,2.3,1.7,1.4,1.2,1.5,1.2,1,0.8,0.8,1,0.8,0.7,2.3,
大園,2025/09/25 00:00:00,NO2,12.2,14.5,19.7,20.2,14.7,15.9,17.4,15.2,15.8,6.5,5.3,5.9,4.9,5.3,10.4,10.5,11.6,14.8,15.7,12.3,7.7,6.7,6.3,9.4,
大園,2025/09/25 00:00:00,NOx,13.3,14.8,21.7,24.4,16.9,19.4,43.8,33.1,21.1,11.1,7.7,8.3,6.7,6.7,11.6,12.1,12.9,15.8,16.5,13.2,8.7,7.6,7,11.7,
大園,2025/09/25 00:00:00,O3,12.2,10,3.9,0.5,1.9,0.2,0.9,8.3,22.1,19.4,22.9,23.7,23.9,38.6,68,60.2,56.5,50.4,47.7,10.7,8.1,9.2,9.8,8.3,
大園,2025/09/25 00:00:00,PM10,47,29,33,21,21,23,30,34,37,15,20,21,20,18,43,34,30,31,28,22,16,11,10,14,
大園,2025/09/25 00:00:00,PM2.5,5,14,11,7,10,8,8,10,11,9,4,0,1,1,16,14,14,15,11,5,3,4,7,4,
大園,2025/09/25 00:00:00,RAINFALL,0,0,0,0,0,0,0,0,0,0,0,0,0,0,0,0,0,0,0,0,0,0,0,0,
大園,2025/09/25 00:00:00,RH,82,83,82,81,82,82,81,77,73,58,50,45,42,43,53,57,60,63,70,57,54,53,55,56,
大園,2025/09/25 00:00:00,SO2,0.6,0.7,0.9,0.9,0.5,0.5,0.9,1.1,2.8,1.5,0.7,0.6,0.8,0.7,1.9,1.6,1.4,1.4,1.2,1.2,0.8,0.8,0.6,0.8,
大園,2025/09/25 00:00:00,WD_HR,192,162,129,178,183,155,126,130,119,121,115,106,115,114,308,319,311,321,353,111,110,115,108,102,
大園,2025/09/25 00:00:00,WIND_DIREC,200,182,166,204,148,136,116,112,120,120,110,105,125,292,321,311,309,320,3,108,115,111,109,102,
大園,2025/09/25 00:00:00,WIND_SPEED,0.4,0.3,1,1.1,1.1,1.3,1.4,1.6,1.7,3.3,5.8,5.6,5.6,2.6,3.4,2.8,2.8,1.8,1.4,5.7,6,6.2,5.9,6.2,
大園,2025/09/25 00:00:00,WS_HR,0.5,0.5,0.7,1,1,0.8,0.9,1.5,1.3,2.3,4,5.5,5.6,2.6,2.8,2.6,2.2,1.8,1.3,4.1,5.5,5.9,5.4,6.1,
大園,2025/09/26 00:00:00,AMB_TEMP,29.8,29.5,29.3,29.1,29.1,29.4,29.3,29.4,30.2,30.5,30.6,31.4,31.4,31.1,30.8,30.6,30.6,29.9,29.3,29.2,29.3,29.3,29.3,29.2,
大園,2025/09/26 00:00:00,CO,0.08,0.08,0.07,0.08,0.08,0.08,0.11,0.19,0.23,0.26,0.19,0.16,0.17,0.2,0.27,0.2,0.15,0.15,0.15,0.14,0.15,0.15,0.14,0.12,
大園,2025/09/26 00:00:00,NO,7,0.9,0.8,0.8,1.1,1.5,3.8,10.7,12.9,13.5,10.4,8.6,6.9,5.6,11.3,8.5,4.7,2.8,1.9,1.8,5,21.7,45.4,1.1,
大園,2025/09/26 00:00:00,NO2,10,6.6,5.4,5.6,5.9,7,9,14.8,15.9,19.3,15.9,16.3,18.7,18,26.9,21.3,13.3,12.2,10.4,10.9,15.6,17.7,23.7,8,
大園,2025/09/26 00:00:00,NOx,17.1,7.5,6.3,6.4,7,8.5,12.9,25.5,28.8,32.8,26.3,24.9,25.6,23.6,38.2,29.8,18.1,15,12.4,12.7,20.7,39.4,69.1,9.1,
大園,2025/09/26 00:00:00,O3,7.4,9.8,10.2,9.8,9.2,6.9,6.1,3.6,5.4,9.1,12.2,15.2,19.4,19.4,10.8,11.7,12.7,13.4,15.2,16.5,14.3,11.8,5.6,18.6,
大園,2025/09/26 00:00:00,PM10,14,11,10,13,8,10,10,13,13,21,18,15,12,15,27,14,25,24,31,21,21,20,22,14,
大園,2025/09/26 00:00:00,PM2.5,3,2,1,3,2,5,3,0,2,4,7,1,0,0,1,0,0,12,8,7,8,7,4,2,
大園,2025/09/26 00:00:00,RAINFALL,0,0,0,0,0,0,0,0,0,0,0,0,0,0,0,0,0,0,0,0,0,0,0,0,
大園,2025/09/26 00:00:00,RH,56,58,60,61,61,58,57,58,55,53,52,46,44,44,44,47,51,55,59,61,61,62,63,64,
大園,2025/09/26 00:00:00,SO2,0.9,0.5,0.4,0.6,0.8,0.7,0.7,1.1,1,1.3,1.3,1.6,1.2,1.1,2.3,1.4,1.2,0.8,0.7,0.7,0.9,1.2,1.4,0.7,
大園,2025/09/26 00:00:00,WD_HR,102,102,102,100,106,98,83,76,75,90,85,90,55,97,91,68,71,69,70,70,76,77,71,73,
大園,2025/09/26 00:00:00,WIND_DIREC,101,104,103,115,101,87,49,80,70,88,91,87,49,88,74,79,70,72,71,79,77,77,70,77,
大園,2025/09/26 00:00:00,WIND_SPEED,6.9,7.3,5.7,4.2,6.2,5.6,2.8,4.2,4.2,6.1,4.5,4.2,2,4.3,3.4,2.9,6.1,5.8,6.2,7.5,6.1,5.6,6.2,6.8,
大園,2025/09/26 00:00:00,WS_HR,6.2,6.2,6.3,4.2,5,5.2,3.8,3.2,3.7,5.5,4.8,4.7,2.5,3.3,3.8,2.7,5,5.8,6,6.3,5.9,5.5,5.5,5.9,
大園,2025/09/27 00:00:00,AMB_TEMP,29.2,29.1,29,29,28.7,28.2,28.6,29.5,31.1,32.3,32.2,32.3,33.6,33.6,33.6,33.4,32.7,31.8,30.8,30.1,29.8,29.4,29.1,28.8,
大園,2025/09/27 00:00:00,CO,0.12,0.1,0.1,0.1,0.1,0.14,0.16,0.23,0.2,0.2,0.22,0.18,0.16,0.19,0.16,0.16,0.19,0.18,0.16,0.17,0.18,0.18,0.15,0.18,
大園,2025/09/27 00:00:00,NO,2.6,1.4,1.5,1,0.9,0.7,2,2.4,2.5,2.1,1.5,1.4,1.5,1.3,1.8,2.5,2.8,2.9,2.1,3.4,3.9,1.4,0.8,0.8,
大園,2025/09/27 00:00:00,NO2,13.2,8.4,8.9,7.2,4.2,9.1,12.3,10.1,8.6,7.4,7.9,8.2,7.4,7.6,10.7,13,15.4,15,13.4,19.7,18,15.6,9.2,8.3,
大園,2025/09/27 00:00:00,NOx,15.8,9.8,10.5,8.3,5.1,9.8,14.3,12.6,11.2,9.5,9.5,9.7,8.9,8.9,12.6,15.6,18.3,17.9,15.6,23.2,21.9,17,10,9.2,
大園,2025/09/27 00:00:00,O3,15.6,18.8,17,18.5,21.6,14.6,13.6,25.8,27.6,37.4,48.4,51.4,51.6,54.6,36.9,25.8,22.7,17,16.9,11,9.5,9.9,17.4,15.7,
大園,2025/09/27 00:00:00,PM10,10,18,12,14,12,15,18,31,20,26,28,24,25,21,27,27,35,19,15,20,2,15,12,12,
大園,2025/09/27 00:00:00,PM2.5,7,3,1,9,6,3,4,14,8,4,7,10,12,9,8,6,5,7,6,6,4,5,3,4,
大園,2025/09/27 00:00:00,RAINFALL,0,0,0,0,0,0,0,0,0,0,0,0,0,0,0,0,0,0,0,0,0,0,0,0,
大園,2025/09/27 00:00:00,RH,64,64,64,63,62,64,63,64,57,50,50,52,50,49,48,46,46,46,49,51,53,55,58,60,
大園,2025/09/27 00:00:00,SO2,0.8,0.8,0.7,0.8,0.5,0.6,0.6,0.8,0.7,0.8,1.2,1.5,1.5,1.3,1,0.9,1.2,1.3,1.5,1.8,1.5,1.3,0.9,0.6,
大園,2025/09/27 00:00:00,WD_HR,73,69,84,108,138,152,138,169,143,149,326,297,270,5,72,86,84,79,89,91,102,105,121,133,
大園,2025/09/27 00:00:00,WIND_DIREC,70,70,92,119,160,148,142,148,165,131,318,273,0,331,64,80,89,92,85,97,109,125,118,160,
大園,2025/09/27 00:00:00,WIND_SPEED,5.6,4.4,4.8,3.7,1.7,1.4,1.6,0.9,1.4,1.2,3.4,2.4,2.1,1.3,3.6,3.7,4.5,3.5,2.8,3.1,2.2,1.7,2.3,1.5,
大園,2025/09/27 00:00:00,WS_HR,5.8,4.6,4.1,3.9,2.3,1.4,1.6,1,1.4,1.1,2,2.7,1.1,1.7,2.1,3,4,3.3,3.4,2.8,2.6,1.3,1.9,1.7,
大園,2025/09/28 00:00:00,AMB_TEMP,28.4,28,27.8,27.7,27.6,27,27.2,28.9,31,32.3,32,31.8,31.6,31.3,30.9,30.8,30.6,30,29.6,29.5,29.6,29.5,29.2,28.8,
大園,2025/09/28 00:00:00,CO,0.21,0.23,0.21,0.19,0.23,0.21,0.24,0.27,0.23,0.25,0.27,0.31,0.31,0.3,0.3,0.29,0.28,0.22,0.22,0.19,0.23,0.21,0.23,0.27,
大園,2025/09/28 00:00:00,NO,0.9,0,0.2,0.1,0.1,0.5,1.6,4.1,2.6,2.1,0.8,0.3,0.3,0.3,0.1,0.3,0.5,0.3,0.2,0.1,0,0,0,0,
大園,2025/09/28 00:00:00,NO2,11.7,14.9,13.6,12.8,11.9,12.6,11.6,12.4,11.4,12.9,8.6,6.3,6.2,6.6,5.6,7.3,8.6,7.2,10.6,7.4,6.4,6.5,7.1,10.6,
大園,2025/09/28 00:00:00,NOx,12.6,14.9,13.9,12.9,12,13.1,13.2,16.6,14,15.1,9.5,6.6,6.6,6.9,5.8,7.7,9.2,7.6,10.8,7.5,6.5,6.5,7,10.5,
大園,2025/09/28 00:00:00,O3,11.7,9.1,8.3,9.2,9.3,5.6,8.1,11.8,30.5,44.2,57.3,67.7,75.3,78.8,82.1,74.1,69.5,60,53.6,47.6,43,42.2,39.4,31.8,
大園,2025/09/28 00:00:00,PM10,14,15,8,10,17,17,18,20,27,32,26,30,33,33,39,41,39,29,35,30,31,28,21,26,
大園,2025/09/28 00:00:00,PM2.5,5,3,5,3,1,5,7,8,14,13,15,25,11,19,25,20,15,16,18,17,19,12,15,16,
大園,2025/09/28 00:00:00,RAINFALL,0,0,0,0,0,0,0,0,0,0,0,0,0,0,0,0,0,0,0,0,0,0,0,0,
大園,2025/09/28 00:00:00,RH,62,64,65,66,66,69,71,64,55,50,49,51,54,57,61,60,61,63,66,66,65,64,66,70,
大園,2025/09/28 00:00:00,SO2,1.1,0.9,0.7,0.8,0.9,0.8,0.8,1.3,1.4,1.9,1.7,1.6,2.1,1.9,1.7,1.9,2.1,1.7,2,1.2,1,1,1,1.1,
大園,2025/09/28 00:00:00,WD_HR,155,153,155,165,158,154,153,150,209,345,354,348,354,354,351,336,330,318,257,208,218,219,205,208,
大園,2025/09/28 00:00:00,WIND_DIREC,158,152,160,160,158,144,161,140,245,4,355,334,359,1,356,323,312,315,239,198,221,227,188,211,
大園,2025/09/28 00:00:00,WIND_SPEED,2.3,2.3,2.2,2.4,2.3,1.6,1.8,1.2,1.2,2.7,3.7,3.8,3.7,4.2,3.6,2.9,2.3,2.1,1.9,0.7,1.4,0.8,1.4,1.7,
大園,2025/09/28 00:00:00,WS_HR,1.8,2.1,2,2,2.2,1.9,1.8,1.4,0.8,1.2,3.3,3.3,3.3,3.5,3.2,2.5,1.5,1.6,1.3,0.7,1,1,1,1.3,
大園,2025/09/29 00:00:00,AMB_TEMP,28.5,28.4,27.7,27.4,27.2,27.4,27.5,28.9,30.4,29.9,30.2,29.9,30.2,29.6,29.7,29.4,29.3,28.9,28.8,28.7,28.9,28.7,28.6,28.4,
大園,2025/09/29 00:00:00,CO,0.3,0.3,0.28,0.3,0.32,0.3,0.31,0.26,0.28,0.32,0.25,0.24,0.21,0.19,0.17,0.17,0.18,0.15,0.11,0.14,0.2,0.22,0.21,0.21,
大園,2025/09/29 00:00:00,NO,0,1,1,1,0.9,1,2.2,2.7,3.5,3.3,1.8,1.6,1.6,1,1.1,1.4,1.3,1.4,1.8,1.3,1,1,1.1,1.1,
大園,2025/09/29 00:00:00,NO2,14.7,8.9,9,8.7,9.7,8.1,14,10.1,12.6,14.9,6.7,6.3,4.6,2.8,3,4,5.3,5.1,6,11.8,15.1,11.4,9.7,10.2,
大園,2025/09/29 00:00:00,NOx,14.8,10,10,9.7,10.7,9.2,16.3,12.8,16.2,18.3,8.5,7.9,6.2,3.9,4.1,5.4,6.7,6.6,7.8,13.2,16.1,12.5,10.8,11.3,
大園,2025/09/29 00:00:00,O3,26.6,31.9,24.8,21.6,17.5,19.8,13.9,23.9,32.4,36.4,48.8,50.1,50.9,53.8,54.4,52.5,53.4,43.6,24,14.2,11.9,10.9,10.8,10.9,
大園,2025/09/29 00:00:00,PM10,36,37,32,38,36,36,38,41,39,51,31,29,26,19,23,29,31,29,18,13,21,18,12,16,
大園,2025/09/29 00:00:00,PM2.5,23,20,19,23,14,16,21,19,21,26,18,12,14,10,11,11,16,11,5,1,9,6,3,3,
大園,2025/09/29 00:00:00,RAINFALL,0,0,0,0,0,0,0,0,0,0,0,0,0,0,0,0,0,0,0,0,0,0,0,0,
大園,2025/09/29 00:00:00,RH,76,76,78,80,80,80,80,77,70,69,69,70,70,74,74,75,76,77,78,79,77,75,73,73,
大園,2025/09/29 00:00:00,SO2,1.2,1.7,1.6,1.4,1.9,1.9,1.8,1.4,1.4,2.3,2.5,1.8,1.5,0.7,0.6,0.7,1.1,0.9,0.8,0.9,1.2,1,0.8,0.5,
大園,2025/09/29 00:00:00,WD_HR,211,235,219,191,172,176,148,132,7,331,335,332,337,346,356,7,23,29,27,106,133,133,134,156,
大園,2025/09/29 00:00:00,WIND_DIREC,226,238,187,200,159,169,145,104,341,320,340,325,338,342,1,11,25,31,17,156,131,128,122,247,
大園,2025/09/29 00:00:00,WIND_SPEED,1.7,2.2,0.8,1.1,1.8,1.2,0.9,1,2.2,2.2,2.8,3.1,3.9,3.3,4,3.5,3.7,3.5,2,0.9,1.9,2.7,2.1,0.8,
大園,2025/09/29 00:00:00,WS_HR,1.3,1.7,1.3,1,1.2,1.1,1,0.7,0.5,2,2.2,2.7,3.2,3.3,3.4,3.1,3,3.2,2.4,0.4,1.2,2.1,2.1,0.6,
大園,2025/09/30 00:00:00,AMB_TEMP,27.9,27.1,26.8,26.5,26.7,26.9,27.2,28.5,30.1,31.3,31.8,31.7,31.4,31.1,31.3,31,30.5,29.8,29.3,28.9,28.7,28.4,28.2,28.2,
大園,2025/09/30 00:00:00,CO,0.21,0.24,0.23,0.27,0.26,0.22,0.26,0.22,0.28,0.26,0.23,0.28,0.22,0.15,0.15,0.19,0.22,0.22,0.2,0.16,0.23,0.24,0.21,0.21,
大園,2025/09/30 00:00:00,NO,1.5,0.5,0.4,0.6,0.7,0.4,1.3,2.3,4.2,4.8,2.2,1.9,1.2,0.9,1.4,1.5,1.2,0.9,0.9,0.4,0.9,0.9,0.2,0.4,
大園,2025/09/30 00:00:00,NO2,10,12.5,12.2,14.9,16.6,12,12.6,9.4,12.9,14,11.1,11.5,8.9,5.2,6.5,10.1,10.9,14.1,12.9,8.4,13.7,12.3,13.1,17.7,
大園,2025/09/30 00:00:00,NOx,11.6,13,12.7,15.6,17.3,12.5,14,11.8,17.1,18.9,13.3,13.5,10.1,6.2,8,11.6,12.1,15,13.9,8.8,14.6,13.3,13.4,18.1,
大園,2025/09/30 00:00:00,O3,9.3,6,6.1,3.9,4.5,10.4,10.9,16.9,21.5,31.2,42.4,53.2,58,40.5,38.7,52.3,54.1,44.5,25.2,24,16.1,13.7,13.2,9.8,
大園,2025/09/30 00:00:00,PM10,9,15,23,27,34,34,34,28,43,35,25,33,33,23,20,27,23,26,21,22,23,22,21,20,
大園,2025/09/30 00:00:00,PM2.5,5,3,3,14,15,16,17,4,8,16,13,13,16,4,10,9,20,10,10,11,9,10,10,11,
大園,2025/09/30 00:00:00,RAINFALL,0,0,0,0,0,0,0,0,0,0,0,0,0,0,0,0,0,0,0,0,0,0,0,0,
大園,2025/09/30 00:00:00,RH,73,77,79,80,82,82,83,81,74,64,62,65,64,64,61,60,63,65,70,73,75,77,78,79,
大園,2025/09/30 00:00:00,SO2,0.8,0.8,0.6,0.6,0.7,0.7,0.6,0.9,0.9,1,1.1,2.2,1.9,1.6,1.3,1.6,1.8,2.3,2.3,1.4,1.6,1.5,1.2,1.3,
大園,2025/09/30 00:00:00,WD_HR,231,214,213,201,193,196,186,181,136,151,313,336,330,324,355,355,354,296,258,244,314,185,164,207,
大園,2025/09/30 00:00:00,WIND_DIREC,190,206,221,213,192,204,174,178,125,175,315,353,322,353,5,354,328,285,254,199,340,177,191,254,
大園,2025/09/30 00:00:00,WIND_SPEED,1.7,1.8,1.6,1.4,1.7,1.1,1.7,1.6,2.8,1.6,3,3.5,4.1,3.4,2.5,2.8,1.7,2.3,1.7,1,0.6,0.8,0.6,0.5,
大園,2025/09/30 00:00:00,WS_HR,1,1.4,1.7,1.4,1.4,1.3,1.3,1.5,1.9,1.7,1.3,2.8,3.2,2.9,2.3,1.9,1.9,1.5,1.2,1,0.3,0.9,0.7,0.4,
大園,2025/10/01 00:00:00,AMB_TEMP,28.4,27.8,27.2,26.9,27,27,26.9,28.2,29.9,30.9,31.1,31.1,31.3,30.9,30.3,30,29.7,29.4,29.8,29.7,29.3,29.2,28.7,28.2,
大園,2025/10/01 00:00:00,CO,0.24,0.26,0.23,0.2,0.19,0.2,0.2,0.2,0.18,0.17,0.18,0.17,0.17,0.15,0.15,0.14,0.18,0.17,0.26,0.32,0.22,0.24,0.23,0.22,
大園,2025/10/01 00:00:00,NO,1.2,0.9,0.9,0.7,0.7,1.1,2.2,3.5,2.7,2.5,1.9,1.5,1.6,1.4,1.2,1.3,1,1.1,1.1,2.1,2.1,1.5,2.3,1.7,
大園,2025/10/01 00:00:00,NO2,22.8,19.1,16.2,14.4,14.8,15.7,13.2,10.4,8.1,8,8.2,6.5,6.4,5.1,5.7,7.2,8.5,8.7,19.2,24.4,18,18.1,20.7,16.9,
大園,2025/10/01 00:00:00,NOx,24,20,17.2,15.1,15.5,16.9,15.5,13.9,10.8,10.6,10.2,8,8,6.5,7,8.5,9.6,9.9,20.3,26.6,20.1,19.6,23,18.6,
大園,2025/10/01 00:00:00,O3,6.2,4.9,6,6.9,4.5,2.6,6.1,15.3,24.4,33.7,42,41.9,37.9,44.6,53.6,50.5,62.5,46,34.1,17.4,15.3,15.9,7.9,7.6,
大園,2025/10/01 00:00:00,PM10,40,26,25,20,18,22,25,30,30,22,24,17,24,16,20,18,36,29,35,28,22,17,22,16,
大園,2025/10/01 00:00:00,PM2.5,11,14,9,8,7,9,10,8,9,9,8,8,4,5,9,9,16,12,12,8,5,3,4,5,
大園,2025/10/01 00:00:00,RAINFALL,0,0,0,0,0,0,0,0,0,0,0,0,0,0,0,0,0,0,0,0,0,0,0,0,
大園,2025/10/01 00:00:00,RH,78,79,81,82,82,82,83,80,73,66,64,61,59,59,63,65,71,68,68,61,59,58,58,59,
大園,2025/10/01 00:00:00,SO2,1.5,1.4,1.1,0.9,1,1,0.8,0.7,0.9,0.9,1.6,1.2,1.3,1,1.1,1.2,1.2,1.5,2.4,2.7,1.3,1.7,1.4,1.2,
大園,2025/10/01 00:00:00,WD_HR,278,237,226,222,226,191,176,181,214,300,323,323,342,353,1,19,16,28,55,96,99,62,41,165,
大園,2025/10/01 00:00:00,WIND_DIREC,263,242,211,222,217,178,175,183,255,343,328,315,341,354,11,29,21,30,87,98,96,48,19,189,
大園,2025/10/01 00:00:00,WIND_SPEED,1.3,2,2.2,1.4,1.1,1.1,1.3,1.9,1.8,2.6,3.3,3.6,3.4,3.3,3.5,3.5,5.1,4.4,2.5,3.4,2.3,1.2,0.2,1.6,
大園,2025/10/01 00:00:00,WS_HR,0.8,1.3,2,2,1.2,1.2,1.3,1.7,1.4,0.9,2.7,3.3,3.1,3.1,3.1,3.3,3.8,4.1,2.3,3.1,3,1.2,0.9,1.3,
大園,2025/10/02 00:00:00,AMB_TEMP,27.3,27.5,27.4,27.2,26.9,26.9,27,28.3,30.3,31.8,31.9,31.9,31.3,30.9,31.2,30.9,30.4,29.6,29.4,29.2,29.3,29.1,28.7,28.4,
大園,2025/10/02 00:00:00,CO,0.29,0.21,0.2,0.19,0.21,0.21,0.22,0.24,0.26,0.27,0.29,0.25,0.23,0.22,0.21,0.23,0.24,0.2,0.25,0.2,0.25,0.22,0.21,0.18,
大園,2025/10/02 00:00:00,NO,0.8,0.5,0.4,0.4,0.8,0.8,4.4,6.5,6.1,4.1,4.4,2,1.4,1,#,1.8,1.6,1.8,1.8,1.3,1.9,1.7,1.1,1.1,
大園,2025/10/02 00:00:00,NO2,13.9,11.4,11.5,12.7,17.7,16.6,18.4,16.8,15.8,15.5,19.5,10.2,9.2,7.6,#,9.1,8.2,11.5,14.6,13,21.9,14.7,13.1,12,
大園,2025/10/02 00:00:00,NOx,14.7,11.9,12,13.1,18.6,17.4,22.8,23.3,21.9,19.6,24,12.2,10.6,8.6,#,11,9.9,13.3,16.4,14.3,23.8,16.5,14.3,13.1,
大園,2025/10/02 00:00:00,O3,8.3,15.4,17.3,12.9,5.5,7.7,4.6,10.9,22,38.9,38.3,51.9,56.4,64.2,61.8,56.9,51.1,35.1,24.7,22.9,11.2,12.9,11,10.2,
大園,2025/10/02 00:00:00,PM10,6,20,21,17,20,15,18,23,23,31,26,26,15,20,#,18,22,15,17,14,21,13,8,15,
大園,2025/10/02 00:00:00,PM2.5,8,7,11,12,12,10,7,6,7,19,11,7,10,#,#,7,6,3,6,5,17,5,6,6,
大園,2025/10/02 00:00:00,RAINFALL,0,0,0,0,0,0,0,0,0,0,0,0,0,0,0,0,0,0,0,0,0,0,0,0,
大園,2025/10/02 00:00:00,RH,65,63,66,65,65,65,65,62,55,49,49,49,53,56,54,53,55,60,63,65,63,58,57,57,
大園,2025/10/02 00:00:00,SO2,0.9,0.7,1.1,1.1,1.2,1.5,1.8,1.8,1.9,1.6,2.3,2.3,3.3,2.3,#,1.8,1.6,1.8,1.8,1,1.4,0.7,0.8,0.5,
大園,2025/10/02 00:00:00,WD_HR,178,147,152,154,151,153,153,152,137,121,356,348,349,343,345,339,323,299,317,166,104,104,135,162,
大園,2025/10/02 00:00:00,WIND_DIREC,151,146,157,154,158,155,154,140,172,128,3,337,349,345,351,338,317,304,29,165,97,110,176,153,
大園,2025/10/02 00:00:00,WIND_SPEED,2.4,2.8,1.6,2.3,2.3,1.5,1.8,1.7,1.4,1.4,3.8,3.9,4.3,3.6,3.6,2.5,2.4,2.1,0.4,0.9,2.4,1.3,0.8,2.1,
大園,2025/10/02 00:00:00,WS_HR,1.6,2.9,1.9,2.1,1.9,2.2,1.9,1.7,1.5,0.8,3,3.4,3.7,3.4,3.1,2.8,2.2,1.7,0.8,0.6,1.6,2,1.2,1.5,
大園,2025/10/03 00:00:00,AMB_TEMP,27.9,27.4,27.1,27,26.8,26.8,26.9,28.3,30.3,31.6,31.5,31.4,31,30.7,30.6,30.3,30.1,29.5,29.1,29.1,28.8,28.7,28.6,28.7,
大園,2025/10/03 00:00:00,CO,0.2,0.3,0.34,0.31,0.29,0.28,0.28,0.35,0.28,0.25,0.25,0.24,0.22,0.2,0.2,0.2,0.21,0.23,0.21,0.19,0.18,0.2,0.24,0.21,
大園,2025/10/03 00:00:00,NO,1.3,0.8,0.6,0.7,0.7,0.8,4.2,11.4,3.6,3.5,2.4,1.4,1.1,0.8,1.1,0.9,0.8,0.5,0.6,0.6,1.1,1,0.7,2.3,
大園,2025/10/03 00:00:00,NO2,12.9,16.4,16,17.6,15.5,15.9,19.8,24.5,17.3,14.9,11.4,8.3,6.7,6.1,6.3,6.5,6.6,6.3,6.6,7.4,14.5,11.9,10.3,25.4,
大園,2025/10/03 00:00:00,NOx,14.2,17.2,16.6,18.3,16.3,16.7,24,36,20.9,18.4,13.8,9.7,7.9,6.9,7.4,7.4,7.4,6.8,7.2,8.1,15.7,12.9,11,27.8,
大園,2025/10/03 00:00:00,O3,8.8,13.5,17,13.9,12.6,8.9,5.1,9,33.7,45.8,52.2,60.4,63.9,67.2,65.3,59.9,63.4,53.3,49.3,46.2,37,41,40.3,14.5,
大園,2025/10/03 00:00:00,PM10,17,24,41,36,29,30,33,37,35,31,39,33,33,30,25,27,21,21,22,26,23,19,21,23,
大園,2025/10/03 00:00:00,PM2.5,3,4,20,21,15,21,4,13,9,18,24,13,19,15,13,13,14,10,8,8,12,13,16,13,
大園,2025/10/03 00:00:00,RAINFALL,0,0,0,0,0,0,0,0,0,0,0,0,0,0,0,0,0,0,0,0,0,0,0,0,
大園,2025/10/03 00:00:00,RH,59,66,75,77,76,76,74,69,63,54,53,55,59,63,63,64,64,65,69,71,74,76,77,77,
大園,2025/10/03 00:00:00,SO2,0.4,1.3,1.4,1,0.8,1,1.2,1.6,2.3,2,2.2,1.6,1.4,1.3,1.5,1.3,1.3,1.4,1.4,1.1,1.8,1.2,1.3,2.1,
大園,2025/10/03 00:00:00,WD_HR,165,188,182,154,153,150,146,135,88,21,353,339,336,329,331,336,321,305,288,275,28,10,10,23,
大園,2025/10/03 00:00:00,WIND_DIREC,165,196,177,146,159,153,145,140,66,12,345,343,335,326,337,322,317,278,291,290,41,354,32,354,
大園,2025/10/03 00:00:00,WIND_SPEED,1.3,1.3,1.2,2,1.2,2.2,1.6,1.6,1.3,3.7,3.7,4.1,4.2,3.7,3.9,3.2,2.1,1.9,1.7,1,0.8,1.6,1.8,1.5,
大園,2025/10/03 00:00:00,WS_HR,1.9,1.2,1,1.7,1.6,1.4,1.5,1.5,0.9,2.1,3.3,3.4,3.5,3.3,3.3,2.9,1.8,2,1.5,1.1,0.9,1,1.8,1.9,
大園,2025/10/04 00:00:00,AMB_TEMP,28.3,27.5,27.1,27.2,27.2,27,27.4,29,30.5,31,31.5,31.6,31.3,31,31,30.7,30.3,29.6,29.1,29.1,29,28.9,28.8,28.6,
大園,2025/10/04 00:00:00,CO,0.23,0.25,0.25,0.29,0.29,0.31,0.35,0.34,0.35,0.27,0.29,0.27,0.21,0.16,0.15,0.15,0.18,0.2,0.17,0.19,0.22,0.22,0.28,0.34,
大園,2025/10/04 00:00:00,NO,1.1,1,0.9,1.3,1.1,1.7,6.3,6.6,8.6,4.9,2.3,1.7,1.5,1.3,1.7,1.5,1.5,1.4,1.3,1.3,1.6,1.2,1.3,1.2,
大園,2025/10/04 00:00:00,NO2,15.9,12.4,12.1,14.3,14.2,18.5,22.9,18.1,26.1,14.9,12.1,9.1,5.6,3.4,4.1,4.6,5.6,8.8,7.4,15.1,34.8,27.5,21.5,13.1,
大園,2025/10/04 00:00:00,NOx,17,13.4,13.1,15.7,15.3,20.2,29.2,24.7,34.8,19.9,14.5,10.9,7.2,4.8,5.8,6.1,7.2,10.2,8.8,16.4,36.4,28.7,22.8,14.4,
大園,2025/10/04 00:00:00,O3,14.8,19.2,19.2,15,16.8,6.6,2.8,16.6,23.4,44.9,60.2,62.9,52.9,50.6,47.4,45.4,41.6,42.1,42.2,32.3,12.7,14.2,19,21,
大園,2025/10/04 00:00:00,PM10,38,31,35,42,36,35,42,33,40,44,40,36,23,27,22,21,21,29,26,21,20,22,30,33,
大園,2025/10/04 00:00:00,PM2.5,10,15,21,22,17,20,17,20,21,18,17,16,9,15,9,10,10,11,12,14,15,9,17,20,
大園,2025/10/04 00:00:00,RAINFALL,0,0,0,0,0,0,0,0,0,0,0,0,0,0,0,0,0,0,0,0,0,0,0,0,
大園,2025/10/04 00:00:00,RH,77,81,82,82,81,81,77,76,71,69,67,65,64,62,61,61,62,65,70,71,73,73,74,76,
大園,2025/10/04 00:00:00,SO2,1.7,1.2,0.9,1.3,1.8,1.4,1.1,1.7,3.1,2.3,1.9,1.8,1.1,0.8,1,0.9,1.2,1.2,0.9,1.7,2.3,1.8,1.6,1.3,
大園,2025/10/04 00:00:00,WD_HR,335,212,189,183,201,135,134,130,359,355,349,344,327,316,314,325,327,353,4,12,62,181,196,217,
大園,2025/10/04 00:00:00,WIND_DIREC,180,219,170,214,172,120,123,11,345,357,346,337,322,310,326,336,329,358,352,348,145,218,191,223,
大園,2025/10/04 00:00:00,WIND_SPEED,0.8,1.1,1.3,0.8,0.6,0.8,0.9,1,1.1,2.5,3.2,3.2,3.5,3.5,3,2.1,2,1.8,1.3,0.6,0.2,0.2,0.2,0.2,
大園,2025/10/04 00:00:00,WS_HR,0.1,1.3,1.3,1,1.1,0.7,0.8,0.3,0.9,1.9,2.6,2.8,3.1,3.5,2.7,2,1.8,1.8,1.1,0.9,0.1,0.2,0.2,0.2,
大園,2025/10/05 00:00:00,AMB_TEMP,28.3,27.7,27.2,27.2,27.2,27,27.3,28.5,30.2,31.4,31.2,31.3,31.5,31.3,31.3,30.7,30.2,29.5,29,28.8,28.7,28.6,28.7,28.5,
大園,2025/10/05 00:00:00,CO,0.4,0.3,0.27,0.23,0.18,0.2,0.2,0.22,0.17,0.17,0.19,0.18,0.15,0.11,0.1,0.09,0.12,0.16,0.18,0.12,0.16,0.16,0.15,0.17,
大園,2025/10/05 00:00:00,NO,1.3,0.4,0.6,0.6,0.5,0.5,1.1,2.4,2,2.3,1.3,1.4,1,0.9,1.1,0.9,0.7,0.6,0.8,3.2,0.4,0.5,0.5,1,
大園,2025/10/05 00:00:00,NO2,15.5,12,11.2,9.6,7.9,11.1,10,9.7,8.4,9.1,5.2,5.4,4.4,3.5,3.2,2.9,3.2,3.6,4.6,5.3,3.9,4.4,4.3,7.2,
大園,2025/10/05 00:00:00,NOx,16.8,12.4,11.8,10.2,8.4,11.7,11.2,12.2,10.4,11.4,6.6,6.8,5.4,4.5,4.3,3.8,4,4.2,5.4,8.5,4.3,5,4.8,8.2,
大園,2025/10/05 00:00:00,O3,15.5,19.5,16.9,18.7,22.9,A,#,17.1,32.8,38.6,43.3,42.2,42.6,38.5,35.7,33.4,31.8,30.1,29.6,30,29.1,27.7,28,22.9,
大園,2025/10/05 00:00:00,PM10,36,33,28,33,28,21,22,26,19,28,22,26,25,23,22,19,20,19,17,23,25,17,28,23,
大園,2025/10/05 00:00:00,PM2.5,24,21,20,15,16,13,11,10,12,13,10,8,5,5,9,5,6,6,7,6,5,6,4,3,
大園,2025/10/05 00:00:00,RAINFALL,0,0,0,0,0,0,0,0,0,0,0,0,0,0,0,0,0,0,0,0,0,0,0,0,
大園,2025/10/05 00:00:00,RH,77,78,79,78,80,79,76,67,62,60,61,59,60,60,60,63,67,71,76,78,79,80,79,79,
大園,2025/10/05 00:00:00,SO2,0.9,0.9,0.6,0.6,0.9,0.7,0.6,0.9,0.9,1.3,1.3,0.9,0.8,0.8,0.4,0.5,0.6,0.5,0.3,0.4,0.3,0.4,0.6,0.6,
大園,2025/10/05 00:00:00,WD_HR,245,228,216,193,167,157,162,142,199,321,344,338,340,346,350,353,352,351,1,5,186,200,227,246,
大園,2025/10/05 00:00:00,WIND_DIREC,213,226,229,176,159,163,142,153,278,309,348,347,333,347,4,350,355,355,3,28,193,209,239,260,
大園,2025/10/05 00:00:00,WIND_SPEED,0.2,2.1,1.4,1.2,1.2,1.3,1.4,1.7,1,2.4,3.2,3.3,3.6,3.1,3.3,3.1,2.7,2.2,1.7,0.8,1.4,0.8,1,1.3,
大園,2025/10/05 00:00:00,WS_HR,0.4,1.5,1,1.1,1.3,1.4,0.8,1.9,0.5,1,2.9,3,2.9,3.2,2.9,3,2.4,2.2,1.8,1.1,0.7,0.9,0.8,1,
大園,2025/10/06 00:00:00,AMB_TEMP,28.3,27.7,27.4,27.4,27.3,27.2,27.2,28.6,30.3,31.1,31.2,31.2,31.1,31.3,31.3,31.1,31.4,31.6,30.5,29.7,29.1,28.9,28.7,28.4,
大園,2025/10/06 00:00:00,CO,0.2,0.19,0.19,0.21,0.22,0.21,0.22,0.19,0.16,0.2,0.14,0.12,0.11,0.12,0.11,0.12,0.11,0.17,0.18,0.19,0.17,0.16,0.12,0.09,
大園,2025/10/06 00:00:00,NO,0.5,1.4,0.7,0.8,0.7,0.9,5.7,3.6,2.8,3.3,1.4,1.2,1.2,1.4,1.2,1.5,1.6,1.5,1.4,1.8,2.7,2.3,2.8,1.5,
大園,2025/10/06 00:00:00,NO2,7.6,8.5,6.9,7.6,8.3,9.4,16.2,8.5,8.6,11.1,3.8,4,3.1,3.5,3.8,4.3,5.7,11.9,15.5,14.1,15.4,13.4,14.4,10.7,
大園,2025/10/06 00:00:00,NOx,8.2,9.9,7.6,8.4,9.1,10.4,21.9,12.1,11.5,14.5,5.3,5.3,4.3,4.9,5,5.9,7.3,13.4,16.9,16,18.1,15.7,17.2,12.3,
大園,2025/10/06 00:00:00,O3,20.1,15.3,15.3,13.4,12.3,9.6,6.8,15.6,27.3,33.7,41.4,40.4,39.2,45.8,42.9,39.9,32.1,27.1,19.3,14.5,9.6,10.5,7.4,9.6,
大園,2025/10/06 00:00:00,PM10,20,25,24,25,22,29,27,24,15,24,18,25,31,33,36,25,19,24,20,19,11,8,9,5,
大園,2025/10/06 00:00:00,PM2.5,6,18,5,8,6,14,10,11,10,10,8,10,10,11,11,9,8,14,12,6,4,3,3,3,
大園,2025/10/06 00:00:00,RAINFALL,0,0,0,0,0,0,0,0,0,0,0,0,0,0,0,0,0,0,0,0,0,0,0,0,
大園,2025/10/06 00:00:00,RH,80,82,83,84,84,84,82,77,72,65,64,63,62,61,60,63,61,57,59,60,59,59,60,60,
大園,2025/10/06 00:00:00,SO2,0.6,0.4,0.2,0.2,0.3,0.3,0.5,0.6,0.8,1.3,0.7,1.1,1,1,0.6,0.5,0.7,0.8,1.5,0.9,0.7,0.6,0.6,0.4,
大園,2025/10/06 00:00:00,WD_HR,248,192,196,199,195,175,146,138,128,6,8,16,26,26,21,357,345,29,53,43,41,17,26,26,
大園,2025/10/06 00:00:00,WIND_DIREC,229,190,219,190,184,156,144,118,32,353,17,18,29,22,18,344,344,45,53,32,49,22,25,25,
大園,2025/10/06 00:00:00,WIND_SPEED,1.1,1.1,1.4,1.2,1,1.1,2,1.5,1.3,4.1,4.1,5.5,6.1,5.8,6,3.7,4.1,3.1,3.8,2.8,3.2,2.5,4,3,
大園,2025/10/06 00:00:00,WS_HR,0.9,1,1.3,1,0.9,0.8,1.6,1.7,1.1,2.7,4,4.5,5.2,5.2,5.2,4,3.7,2.6,3.7,2.4,2.5,2.1,3,3.2,
大園,2025/10/07 00:00:00,AMB_TEMP,28.5,28.5,27.7,27.6,27.7,27.8,28.3,29.7,31.3,32.2,32.7,33.7,33.2,32,31.6,31.9,31.5,30.6,29.7,29.4,29.3,29.1,29,28.8,
大園,2025/10/07 00:00:00,CO,0.12,0.1,0.1,0.1,0.08,0.11,0.13,0.14,0.16,0.13,0.11,0.1,0.09,#,0.1,0.11,0.13,0.14,0.14,0.16,0.16,0.16,0.16,0.16,
大園,2025/10/07 00:00:00,NO,7.5,0.6,9.2,16.8,1.4,5.4,9.3,8.3,8.1,6.2,3.6,2.7,2.6,#,1.8,3.2,3.3,1.9,1.2,1.1,1.2,0.6,0.7,0.7,
大園,2025/10/07 00:00:00,NO2,17,9.2,14,15.2,8.5,14.2,14.7,9.5,8.9,8.5,8.2,7.9,7,#,6.8,9.1,9.6,11.7,11.8,13.8,13.5,9.6,8.4,11,
大園,2025/10/07 00:00:00,NOx,24.5,9.9,23.3,32,9.9,19.7,24,17.8,17,14.8,11.9,10.6,9.7,#,8.7,12.4,12.9,13.7,13,14.9,14.8,10.3,9.1,11.7,
大園,2025/10/07 00:00:00,O3,4.7,9.3,2.4,2.4,7.3,2.3,3.8,6.7,9.4,16.6,26.4,30.3,27.6,25.7,#,26.9,24.8,22.9,24,22.1,22.9,29.4,30.1,26.6,
大園,2025/10/07 00:00:00,PM10,4,6,8,7,12,7,12,10,16,24,25,27,44,40,#,31,25,16,19,15,21,19,19,15,
大園,2025/10/07 00:00:00,PM2.5,3,7,4,2,2,3,5,3,0,0,2,3,5,#,#,9,4,2,6,7,12,7,8,7,
大園,2025/10/07 00:00:00,RAINFALL,0,0,0,0,0,0,0,0,0,0,0,0,0,#,0,0,0,0,0,0,0,0,0,0,
大園,2025/10/07 00:00:00,RH,60,58,59,60,61,61,61,56,48,45,45,43,46,52,56,52,48,49,55,58,59,61,64,65,
大園,2025/10/07 00:00:00,SO2,0.8,1.9,2.1,3.3,1.3,1.7,2.1,1.3,1.6,1.3,1.3,1.2,1.3,#,0.8,1.2,1.4,2.2,2.7,1.9,2.7,1.8,1.3,2,
大園,2025/10/07 00:00:00,WD_HR,45,25,1,15,18,7,20,42,35,27,27,26,3,7,22,37,47,58,61,58,59,63,60,71,
大園,2025/10/07 00:00:00,WIND_DIREC,39,358,6,23,20,359,35,42,29,18,30,7,358,20,16,48,50,57,62,58,60,59,65,66,
大園,2025/10/07 00:00:00,WIND_SPEED,2.8,2.2,2.4,2.8,2.3,2.3,2.6,4.5,4.6,5.2,5.9,5.5,7,7.6,7.9,5.2,4.8,5.1,4.4,4.1,4.6,4.2,4.6,3.9,
大園,2025/10/07 00:00:00,WS_HR,3.4,2.2,2.2,2.4,2.3,1.9,1.9,3.4,4.3,4.8,5.5,4.8,5.8,7.4,7,5.6,4.8,4.8,4.3,3.6,4.1,4.3,4,4.2,
大園,2025/10/08 00:00:00,AMB_TEMP,28.7,28.5,28.4,28.3,28.2,28.2,28.4,29.5,30.8,32,33,33.2,32.1,30,30.2,30.7,30,29.4,28.8,28.3,28.1,27.9,27.7,27.4,
大園,2025/10/08 00:00:00,CO,0.17,0.14,0.14,0.14,0.14,0.14,0.16,0.21,0.24,0.2,0.19,0.19,0.16,0.19,0.23,0.23,0.22,0.24,0.26,0.25,0.23,0.23,0.21,0.22,
大園,2025/10/08 00:00:00,NO,1.2,1,0.8,0.8,0.8,1,1.9,3.1,4.4,3.4,2.6,2.7,2.4,2.4,3.3,3.3,2.5,1.9,1.5,1,1.2,1.3,1.1,1.1,
大園,2025/10/08 00:00:00,NO2,16.5,7.5,6.6,4.9,5.1,6.9,10.1,11.2,11.9,9.8,9.4,9.7,7.4,11.3,16.6,13.4,11.9,13.7,17.6,15.1,15.4,18.4,13.3,14.4,
大園,2025/10/08 00:00:00,NOx,17.7,8.5,7.5,5.7,5.9,8,12,14.4,16.3,13.3,12,12.4,9.9,13.8,20,16.8,14.4,15.7,19.1,16.1,16.6,19.7,14.4,15.5,
大園,2025/10/08 00:00:00,O3,24.2,30,30.5,31.9,30.8,28,25.3,27,27.7,35.5,40.9,43,41.8,37.2,29.7,31.7,35.3,32.7,28.1,31,27.2,24.8,29.6,28.1,
大園,2025/10/08 00:00:00,PM10,25,17,16,25,17,21,19,28,28,30,31,34,41,39,31,44,32,35,29,31,24,29,21,23,
大園,2025/10/08 00:00:00,PM2.5,7,7,10,7,4,9,12,9,9,9,11,11,16,9,12,19,15,13,10,13,10,11,10,8,
大園,2025/10/08 00:00:00,RAINFALL,0,0,0,0,0,0,0,0,0,0,0,0,0,0,0,0,0,0,0,0,0,0,0,0,
大園,2025/10/08 00:00:00,RH,65,67,67,70,70,71,70,65,58,51,46,45,53,59,59,57,60,64,64,69,67,66,69,71,
大園,2025/10/08 00:00:00,SO2,2,0.8,0.5,0.3,0.3,0.7,1.3,0.9,1,0.8,0.6,1.2,0.9,1,0.9,1.1,1,0.9,1.1,1.5,0.8,4.4,1.6,1,
大園,2025/10/08 00:00:00,WD_HR,67,58,60,62,70,72,59,61,75,57,49,44,24,42,68,70,42,51,54,56,62,61,58,51,
大園,2025/10/08 00:00:00,WIND_DIREC,53,63,63,56,74,66,59,61,74,58,42,27,26,56,75,82,30,56,54,60,67,64,56,52,
大園,2025/10/08 00:00:00,WIND_SPEED,3.9,3.5,3.5,3,3.4,3.4,3.9,4.5,5.1,5.7,4.8,5.9,9.3,5.1,5.9,5.3,5.2,3.6,3.8,3.9,3.9,3.5,3.8,2.9,
大園,2025/10/08 00:00:00,WS_HR,3.7,2.9,3.1,3.2,3.4,3.7,3.4,3.9,4.6,4.7,4.6,4.8,6.7,5.7,4.3,5,4.2,3.6,3.3,3.6,3.5,3,3.5,2.8,
大園,2025/10/09 00:00:00,AMB_TEMP,27.4,27.4,27.5,27.5,27.2,27.4,27.7,28.3,29.3,29.8,30.9,30.5,30.1,29.9,29.7,29.4,29,28.4,28.1,28,27.8,27.6,27.5,27.6,
大園,2025/10/09 00:00:00,CO,0.22,0.19,0.19,0.19,0.19,0.21,0.22,0.23,0.26,0.25,0.23,0.21,0.2,0.2,0.19,0.2,0.2,0.21,0.22,0.23,0.23,0.24,0.24,0.27,
大園,2025/10/09 00:00:00,NO,1.2,0.8,0.8,0.6,0.5,0.8,1.6,2.6,3.9,3.8,3.4,2,1.6,1.7,1.7,2.1,2,1.5,2.8,0.9,0.9,0.8,0.9,0.9,
大園,2025/10/09 00:00:00,NO2,21.8,11.9,11.4,10,7.5,10.9,15.1,13.6,13.7,13.4,11.9,7.2,5.6,5.2,5.7,6.7,8.5,8.7,14.9,11.9,13.8,13.3,16.5,18.6,
大園,2025/10/09 00:00:00,NOx,23.1,12.7,12.2,10.7,8.1,11.7,16.7,16.2,17.6,17.3,15.3,9.3,7.3,7,7.5,8.8,10.6,10.2,17.8,12.9,14.7,14.1,17.4,19.5,
大園,2025/10/09 00:00:00,O3,21.1,30.1,29.1,28.8,30.6,27.7,27,29,30.5,33.5,36.4,42.9,43.3,40.5,39.7,38.6,38.8,41.7,35.4,37.3,33.5,31.1,28.1,26.8,
大園,2025/10/09 00:00:00,PM10,20,13,19,15,12,16,20,19,26,36,25,29,27,31,32,30,29,22,21,21,20,18,17,20,
大園,2025/10/09 00:00:00,PM2.5,8,7,5,4,5,4,3,4,11,9,6,5,3,15,19,11,10,8,4,10,9,4,2,4,
大園,2025/10/09 00:00:00,RAINFALL,0,0,0,0,0,0,0,0,0,0,0,0,0,0,0,0,0,0,0,0,0,0,0,0,
大園,2025/10/09 00:00:00,RH,71,71,72,74,75,74,70,68,65,59,53,55,59,60,60,60,59,63,66,67,69,70,70,70,
大園,2025/10/09 00:00:00,SO2,0.9,1.7,1.5,1.2,1.1,1,1,1,1.2,1.5,1.8,1,0.8,0.8,0.8,0.9,1,1.2,1.6,1.5,1.1,1.3,1.7,1.5,
大園,2025/10/09 00:00:00,WD_HR,56,50,53,62,62,53,54,57,50,35,30,19,20,21,22,23,27,26,29,42,44,47,45,49,
大園,2025/10/09 00:00:00,WIND_DIREC,59,50,54,76,71,48,51,52,41,24,20,21,21,22,23,22,26,27,41,46,52,49,51,52,
大園,2025/10/09 00:00:00,WIND_SPEED,2.6,2.7,2.5,3.5,2.8,3.3,2.9,4.4,4.6,5.7,6.3,7.4,8.3,9.6,8.3,8.6,6,6.2,5,4.2,3,2.5,2.5,2.7,
大園,2025/10/09 00:00:00,WS_HR,2.5,2.4,2.4,3,2.9,3.1,3.2,3.6,3.6,4.7,4.7,6.8,7.9,8.3,8.2,7.7,6.5,6.5,5.3,4,3.1,2.8,2.4,2.5,
大園,2025/10/10 00:00:00,AMB_TEMP,27.4,27.2,27.1,26.9,26.7,26.8,27.4,28.9,30.4,30.8,31.3,31.3,31.8,31.1,30.5,29.9,29.4,28.9,28.5,28.4,28.4,28.3,28,27.8,
大園,2025/10/10 00:00:00,CO,0.25,0.21,0.21,0.19,0.19,0.23,0.21,0.21,0.23,0.21,0.19,0.17,0.17,0.17,0.17,0.17,0.17,0.19,0.18,0.24,0.24,0.24,0.23,0.23,
大園,2025/10/10 00:00:00,NO,1,1.2,1,0.8,0.8,1.1,1.7,2.8,3,2.7,2.3,1.9,1.9,1.9,2.2,1.7,1.8,1.6,1.9,3.2,3.8,1.2,1.4,2.7,
大園,2025/10/10 00:00:00,NO2,19.6,11.8,9.9,6.9,6.8,12.3,11.4,11.1,10.2,8.7,6.5,4.7,5.3,4.4,4.3,4.2,5,7.2,9.5,20.8,17.6,14.2,16.7,21.1,
大園,2025/10/10 00:00:00,NOx,20.6,13,10.9,7.7,7.7,13.4,13.1,13.9,13.2,11.5,8.8,6.6,7.2,6.4,6.5,6,6.8,8.8,11.4,24,21.4,15.4,18.1,23.9,
大園,2025/10/10 00:00:00,O3,26,31.7,31.6,33.1,30.3,26.3,29.3,30.4,33.2,37.1,37.8,36.9,38,35.1,34.9,36.4,36.5,34.8,32,20.6,20.1,22.6,21.1,16.9,
大園,2025/10/10 00:00:00,PM10,13,18,10,16,17,13,11,15,17,26,26,30,17,23,28,23,17,19,15,26,24,24,15,16,
大園,2025/10/10 00:00:00,PM2.5,6,5,5,3,3,6,6,3,2,2,5,7,7,5,8,6,5,9,6,5,6,5,5,2,
大園,2025/10/10 00:00:00,RAINFALL,0,0,0,0,0,0,0,0,0,0,0,0,0,0,0,0,0,0,0,0,0,0,0,0,
大園,2025/10/10 00:00:00,RH,71,74,76,76,77,76,76,68,60,59,56,54,54,57,61,65,69,72,76,75,75,73,73,72,
大園,2025/10/10 00:00:00,SO2,1.3,0.9,0.8,0.5,0.2,0.9,1.2,1.1,0.9,1.8,0.9,0.7,0.6,0.5,0.5,0.5,0.5,0.5,1,2.3,1.7,1.3,1.9,1.9,
大園,2025/10/10 00:00:00,WD_HR,52,49,51,58,73,62,72,58,59,16,14,17,18,20,19,19,20,23,25,28,36,50,35,38,
大園,2025/10/10 00:00:00,WIND_DIREC,53,47,56,74,87,61,58,57,34,13,16,20,19,20,15,17,24,26,23,26,48,36,40,26,
大園,2025/10/10 00:00:00,WIND_SPEED,3.4,2.4,2.5,2.5,2.7,2.5,3.3,3,3.6,6.5,7.2,7.1,7.6,7.3,7.6,7,7.1,6.1,6.5,3.7,2.2,2.4,1.7,2.3,
大園,2025/10/10 00:00:00,WS_HR,3,2.5,2.4,2.3,2.5,2.3,3.2,3.2,3,4.4,5.9,7.2,6.8,7.4,7.3,7.3,6.9,6.1,5.8,4.1,2.6,2.2,2.1,1.8,
大園,2025/10/11 00:00:00,AMB_TEMP,27.7,27.4,27.1,26.7,26.2,26.1,26.4,27.5,29.3,30,30.8,30.9,30.5,30.3,30.9,30.9,30.6,29.6,29.7,29.6,29.2,28.9,28.6,28.3,
大園,2025/10/11 00:00:00,CO,0.25,0.2,0.21,0.22,0.23,0.22,0.23,0.26,0.31,0.33,0.35,0.35,0.3,0.27,0.25,0.23,0.22,0.17,0.25,0.26,0.28,0.33,0.38,0.39,
大園,2025/10/11 00:00:00,NO,7.6,0.6,0.5,1.6,0.5,0.5,1.2,3.8,5.7,1.6,0.9,1.2,1,0.4,0.7,1.2,0.9,1.2,1.5,0.6,0.3,0.3,0.5,0.5,
大園,2025/10/11 00:00:00,NO2,27.2,11.2,15.6,23.2,10.3,10.5,11.5,13.8,15.1,9,8.8,10.3,8.3,6.5,6.5,9.1,8.2,9.1,22.3,12.9,10.4,12.8,16.3,17.6,
大園,2025/10/11 00:00:00,NOx,34.8,11.8,16.2,24.9,10.8,11.1,12.8,17.7,20.8,10.7,9.8,11.6,9.4,7,7.3,10.4,9.1,10.4,23.8,13.5,10.7,13.2,16.8,18.1,
大園,2025/10/11 00:00:00,O3,13.7,25.1,18.9,9.1,15.3,13.5,13.2,13.1,23.7,43.6,55.5,56.3,64.6,73.3,68.2,62.1,56.3,26.5,12,17.5,19,15.4,11.1,9.7,
大園,2025/10/11 00:00:00,PM10,18,9,13,14,14,15,15,21,21,42,94,37,26,35,33,42,24,24,26,22,21,19,29,22,
大園,2025/10/11 00:00:00,PM2.5,2,2,0,0,4,5,6,7,14,24,21,17,16,11,13,18,11,12,13,11,14,16,14,12,
大園,2025/10/11 00:00:00,RAINFALL,0,0,0,0,0,0,0,0,0,0,0,0,0,0,0,0,0,0,0,0,0,0,0,0,
大園,2025/10/11 00:00:00,RH,70,70,71,74,76,75,74,71,66,67,63,63,64,63,61,60,58,66,67,62,60,60,60,62,
大園,2025/10/11 00:00:00,SO2,1.7,0.9,0.9,0.9,0.5,0.6,1,0.8,1.1,1.2,1.8,2.2,1.9,1.6,1.6,1.4,1.4,1,1.5,1.2,0.8,1,1.2,1.2,
大園,2025/10/11 00:00:00,WD_HR,41,41,69,178,197,164,149,136,176,203,268,331,340,348,347,1,16,16,91,116,123,136,145,148,
大園,2025/10/11 00:00:00,WIND_DIREC,40,42,89,222,176,157,136,140,198,200,331,334,351,342,343,6,19,9,132,107,127,145,147,145,
大園,2025/10/11 00:00:00,WIND_SPEED,2.7,1.4,1.2,1.4,1.2,2,1.7,2.5,2.7,1.9,3.4,3.1,3.8,2.7,2.7,2.9,3.5,1.6,1.1,2.1,1.1,1.1,2,2.1,
大園,2025/10/11 00:00:00,WS_HR,2,1.7,1.1,0.7,0.9,1.5,1.7,1.8,1.8,2.5,1.6,2.7,3.2,3.1,2.4,2.1,2.9,2.7,0.5,1.7,1.3,1.2,1.5,2,
大園,2025/10/12 00:00:00,AMB_TEMP,28,27.4,27.1,26.7,26.4,26.2,26.5,28.1,29.4,31.2,31.4,31.8,32.4,31.5,30.8,30,29.1,28.4,28.2,28.1,28.1,28.3,28.4,28,
大園,2025/10/12 00:00:00,CO,0.37,0.39,0.35,0.37,0.33,0.3,0.29,0.27,0.34,0.36,0.29,0.24,0.21,0.21,0.19,0.19,0.19,0.19,0.2,0.22,0.23,0.29,0.43,0.42,
大園,2025/10/12 00:00:00,NO,0.6,1.3,1,1.2,1,1.4,2,4.3,2.7,2.6,2,1.2,1.4,1.4,1.3,1.1,1,1,1.1,0.9,1,0.9,1,1,
大園,2025/10/12 00:00:00,NO2,16.9,16.1,13.5,16,14.9,13.8,13.4,12.7,9.7,9.4,6.9,5,5.3,4.5,3.2,3.4,2.8,6,10.6,12.8,14,13.9,25.9,21,
大園,2025/10/12 00:00:00,NOx,17.5,17.4,14.5,17.3,16,15.2,15.5,17.1,12.5,12,9,6.3,6.7,6,4.5,4.6,3.8,7.1,11.8,13.7,15,14.9,27,22,
大園,2025/10/12 00:00:00,O3,9.6,8.2,10.3,4.4,7.4,10.9,11.8,14.6,32.4,41.4,46.9,45.1,47.1,46.2,47.4,46,48.2,45,39.3,39.5,30.3,24.5,12.7,13.1,
大園,2025/10/12 00:00:00,PM10,18,21,21,27,29,26,20,25,32,25,31,40,34,30,24,25,22,25,21,29,28,26,33,26,
大園,2025/10/12 00:00:00,PM2.5,12,12,15,12,12,17,10,13,19,15,14,11,10,16,10,10,8,11,12,14,16,17,18,20,
大園,2025/10/12 00:00:00,RAINFALL,0,0,0,0,0,0,0,0,0,0,0,0,0,0,0,0,0,0,0,0,0,0,0,0,
大園,2025/10/12 00:00:00,RH,64,69,72,74,75,75,74,63,61,55,56,55,52,54,57,61,68,73,76,77,76,76,75,74,
大園,2025/10/12 00:00:00,SO2,1.1,0.8,0.6,0.6,0.6,0.9,1.2,1.2,1.7,3,2.1,1.5,2.2,1.5,1.1,1.3,1.1,1.2,1.5,1.6,1.4,1.9,2.3,1.7,
大園,2025/10/12 00:00:00,WD_HR,164,200,187,165,187,172,151,138,183,224,316,310,297,316,323,336,348,352,359,11,116,134,140,135,
大園,2025/10/12 00:00:00,WIND_DIREC,201,191,176,182,176,182,131,165,224,198,324,309,304,319,337,344,341,341,357,128,103,144,149,134,
大園,2025/10/12 00:00:00,WIND_SPEED,0.8,1.1,0.8,1,1.1,1.3,0.8,1.1,1.6,1.3,3.9,4.5,3.8,4.3,3.5,3.2,2.3,1.9,1.5,0.7,1,1.4,1.6,2.6,
大園,2025/10/12 00:00:00,WS_HR,1.2,1.1,1,0.5,1,1.1,1,1,1.2,1.5,2.7,3.7,3.3,3.9,3.6,3.2,2.5,1.6,1.2,0.8,0.9,0.9,1.4,2.1,
大園,2025/10/13 00:00:00,AMB_TEMP,27.8,27.5,27.1,26.8,26.7,26.3,26.7,28,29.4,29.6,30.7,30.5,30.5,30.3,30.1,29.9,29.2,28.8,28.6,28.6,28.5,28.5,28.4,27.8,
大園,2025/10/13 00:00:00,CO,0.32,0.35,0.32,0.31,0.29,0.3,0.32,0.38,0.35,0.3,0.28,0.25,0.24,#,0.24,0.23,0.23,0.26,0.26,0.25,0.24,0.22,0.25,0.31,
大園,2025/10/13 00:00:00,NO,1,0.8,0.6,0.7,0.7,0.7,1.5,10.8,12.2,2.3,1.7,1.4,#,#,#,#,1.9,1.4,1.3,1.3,1.4,1.9,1.7,1.3,
大園,2025/10/13 00:00:00,NO2,14.4,15.1,12.4,11.4,10.8,11.8,12.9,23.9,26.7,12.9,11.3,9,#,#,#,#,8,10.1,10.8,11.7,18.8,13.3,10.6,9.5,
大園,2025/10/13 00:00:00,NOx,15.4,15.9,13.1,12.2,11.5,12.5,14.5,34.7,39,15.3,13.1,10.5,#,#,#,#,9.9,11.6,12.2,13,20.3,15.2,12.3,10.9,
大園,2025/10/13 00:00:00,O3,20.7,17.8,15.5,13.7,16.4,12.6,12.4,11.6,22,43.4,56.4,59.5,#,59.5,#,59.5,61.3,59.6,61.7,50.2,30.7,23.7,22.5,27,
大園,2025/10/13 00:00:00,PM10,40,26,26,27,30,35,28,41,42,38,38,27,#,x,24,#,23,27,24,20,21,18,10,32,
大園,2025/10/13 00:00:00,PM2.5,13,11,16,17,21,23,23,23,21,22,21,18,#,15,#,11,9,19,17,16,11,7,5,17,
大園,2025/10/13 00:00:00,RAINFALL,0,0,0,0,0,0,0,0,0,0,0,0,#,0,0,0,0,0,0,0,0,0,0,0,
大園,2025/10/13 00:00:00,RH,74,74,76,78,78,80,80,78,75,75,72,70,68,68,69,69,71,74,75,75,76,78,80,80,
大園,2025/10/13 00:00:00,SO2,1.3,1.1,1.1,1,1.1,0.8,1.2,1.7,2.9,2.1,2.2,1.7,1.6,#,#,1.5,1.6,1.5,1.8,2.2,1.9,1.5,1.7,1.6,
大園,2025/10/13 00:00:00,WD_HR,147,233,212,207,202,182,179,117,349,331,345,342,347,351,355,4,27,23,9,10,356,346,239,215,
大園,2025/10/13 00:00:00,WIND_DIREC,186,194,205,226,187,185,163,26,337,341,348,344,340,351,353,14,26,25,8,1,345,315,190,208,
大園,2025/10/13 00:00:00,WIND_SPEED,1.3,0.9,1.2,1.6,1.3,1.3,0.9,1.1,2.3,2.4,3.8,3.9,4.4,3.2,3.2,3,2.5,2.3,1.7,1.4,1.7,1,1.2,1.1,
大園,2025/10/13 00:00:00,WS_HR,1.8,1.1,0.8,0.8,1.5,1.3,0.8,0.5,1.4,2.3,2.6,3.3,3.8,3.3,3.1,2.7,2.8,2.1,1.7,1.2,1.1,0.8,0.6,1.6,
大園,2025/10/14 00:00:00,AMB_TEMP,27.7,27.7,27.1,26.7,26.8,26.9,27.1,28.4,29.8,31.1,31.6,31.7,30.7,31.3,32.2,32.7,32.6,31.4,30.3,29.7,29.4,29.2,28.9,28.6,
大園,2025/10/14 00:00:00,CO,0.38,0.41,0.37,0.38,0.34,0.34,0.39,0.32,0.31,0.34,0.28,0.28,0.21,0.18,0.15,0.14,0.18,0.24,0.25,0.26,0.2,0.18,0.21,0.2,
大園,2025/10/14 00:00:00,NO,1.3,0.6,0.5,0.6,0.6,0.6,1.3,1.7,2.8,4.3,2.2,1.4,1.1,1.1,1.8,2.2,2.8,3.5,2.8,3.7,1.7,0.6,1,1.3,
大園,2025/10/14 00:00:00,NO2,13.4,17.3,16.1,19.9,17.9,13.4,15.3,13,15.9,21.8,14.3,11.7,7.2,6.8,6.7,8.6,14.4,19.2,18.9,19.8,13.4,9.7,13.1,15.6,
大園,2025/10/14 00:00:00,NOx,14.7,17.9,16.7,20.6,18.6,14,16.6,14.8,18.8,26.2,16.6,13.2,8.4,8,8.5,10.9,17.2,22.7,21.8,23.5,15.1,10.4,14.1,16.9,
大園,2025/10/14 00:00:00,O3,23.8,22.9,18.6,9,11.6,19.1,16.3,32.8,37.8,43.5,60.5,68.6,58.7,49,35.8,35.6,25.7,12.4,9.6,8.6,13.7,16.2,11.2,10.4,
大園,2025/10/14 00:00:00,PM10,69,49,44,41,36,40,48,39,31,35,33,40,29,25,25,23,25,29,24,19,23,18,14,16,
大園,2025/10/14 00:00:00,PM2.5,27,28,29,28,25,30,37,24,20,19,17,16,11,11,9,10,8,7,10,11,8,8,5,5,
大園,2025/10/14 00:00:00,RAINFALL,0,0,0,0,0,0,0,0,0,0,0,0,0,0,0,0,0,0,0,0,0,0,0,0,
大園,2025/10/14 00:00:00,RH,80,78,81,81,81,82,82,79,74,65,61,57,63,59,52,47,48,50,54,56,58,58,57,57,
大園,2025/10/14 00:00:00,SO2,1.9,1.9,1.5,1.4,1.3,1.3,1.3,1.5,1.6,2.4,2.1,1.8,2.4,2.4,1.5,1.8,1.8,1.5,1.2,1.5,1,1.1,1.5,1.6,
大園,2025/10/14 00:00:00,WD_HR,229,275,217,197,178,200,181,154,114,6,6,18,22,22,23,27,70,90,83,91,111,108,74,90,
大園,2025/10/14 00:00:00,WIND_DIREC,268,265,197,194,183,192,169,158,46,3,16,14,22,31,26,31,80,88,91,92,115,99,88,90,
大園,2025/10/14 00:00:00,WIND_SPEED,0.9,1.5,1.3,1.6,1,1.3,1.3,0.9,1.4,2.5,3.9,5.5,5.4,5.2,5.3,5.2,4.6,3.7,3.7,3.5,3.9,2.5,2,1.6,
大園,2025/10/14 00:00:00,WS_HR,1,1.4,1,1.3,1.2,1.1,1.1,0.7,0.6,1.9,3.4,4.1,5.3,4.7,4.7,4.4,3.9,4.2,3.6,3.6,3.6,3.5,1.9,1.5,
大園,2025/10/15 00:00:00,AMB_TEMP,28.3,27.9,27.9,27.7,27.6,27.5,28.1,29.4,30.8,32.1,32.7,33.4,33.7,34,33.1,32.5,32.3,30.9,30,29.3,29,28.9,28.7,28.4,
大園,2025/10/15 00:00:00,CO,0.17,0.2,0.18,0.16,0.19,0.23,0.19,0.19,0.21,0.19,0.17,0.16,0.16,0.15,0.13,0.13,0.17,0.19,0.24,0.21,0.21,0.17,0.18,0.18,
大園,2025/10/15 00:00:00,NO,2.4,0.4,0.5,0.6,0.9,0.6,3,4.7,4.6,4.4,3.2,2.5,1.7,1.5,1.9,2.6,2.8,2.2,2.5,3.1,1.1,0.7,1.2,0.7,
大園,2025/10/15 00:00:00,NO2,17.3,14.9,15.5,14.1,14.3,16.5,18.5,13.9,11.7,10.8,10.3,9.6,8.8,8.5,8.9,10.7,14.6,17.1,19.7,18.4,15.9,12.9,16,15.1,
大園,2025/10/15 00:00:00,NOx,19.7,15.4,16.1,14.8,15.3,17.2,21.5,18.6,16.3,15.3,13.5,12.2,10.6,10,10.8,13.4,17.4,19.3,22.3,21.5,17.1,13.7,17.3,15.8,
大園,2025/10/15 00:00:00,O3,7.4,12.1,12.3,13.3,12,11,11.7,17.9,22.4,27.4,32.7,38,40.6,44.2,39,32.2,25.4,15.6,10.9,13.1,14,17.2,13.4,12.7,
大園,2025/10/15 00:00:00,PM10,12,9,11,10,12,36,18,19,29,34,29,18,16,18,34,22,23,21,17,20,18,15,13,18,
大園,2025/10/15 00:00:00,PM2.5,7,10,9,8,6,24,6,7,8,8,7,6,8,6,7,6,5,6,7,6,7,5,10,8,
大園,2025/10/15 00:00:00,RAINFALL,0,0,0,0,0,0,0,0,0,0,0,0,0,0,0,0,0,0,0,0,0,0,0,0,
大園,2025/10/15 00:00:00,RH,56,56,56,57,58,60,60,56,52,47,44,41,40,39,42,44,42,45,48,50,52,53,53,54,
大園,2025/10/15 00:00:00,SO2,0.9,3.1,4.5,1.6,3.6,3.9,1.7,1,1.4,1.5,1.3,1.3,1.4,1.4,1.4,1.5,1.3,1.2,1.6,1.3,0.9,1,1,1.7,
大園,2025/10/15 00:00:00,WD_HR,103,125,100,117,181,118,95,99,101,93,90,77,73,86,39,37,67,70,84,94,104,109,93,102,
大園,2025/10/15 00:00:00,WIND_DIREC,97,134,102,254,114,83,98,108,90,77,81,85,91,81,26,68,65,77,88,103,111,107,121,101,
大園,2025/10/15 00:00:00,WIND_SPEED,1.3,1.3,1.7,0.2,0.7,1.1,2.9,3.8,4.1,4.3,4.3,4,3.5,3.4,5.9,3.8,3.9,2.7,2.9,2.6,2,2.3,0.9,1.5,
大園,2025/10/15 00:00:00,WS_HR,1.6,1,0.5,0.8,0.1,1.1,1.5,3,3.8,4.3,4.3,3.4,3.1,2.8,4.1,4.6,3.4,3.3,3,3,2.5,2.5,1.2,0.9,
大園,2025/10/16 00:00:00,AMB_TEMP,28.3,27.8,27.6,27.3,27.3,27.1,27.2,29,30.6,31.9,33.1,33.9,34.3,34.4,34,33.3,31,30.2,29.6,29.3,29,28.9,28.9,28.7,
大園,2025/10/16 00:00:00,CO,0.18,0.17,0.19,0.16,0.16,0.19,0.21,0.24,0.2,0.2,0.18,0.16,0.15,0.13,0.14,0.16,0.14,0.16,0.18,0.17,0.17,0.14,0.14,0.15,
大園,2025/10/16 00:00:00,NO,9.8,1.3,1.2,1.1,3.1,7.7,8.1,13,8.7,5.5,4.1,3.9,3.2,3.4,4,6.5,4.8,3.7,3.4,2.4,3.3,9.2,4.4,1.8,
大園,2025/10/16 00:00:00,NO2,28.5,15.4,15.8,11.9,16.8,25.9,19.7,20,13.1,10,10.4,10.5,8.4,7.6,10.4,14,11.4,12.8,14.3,12,13.1,13.3,11.6,9.8,
大園,2025/10/16 00:00:00,NOx,38.4,16.7,17.1,13.1,20,33.6,27.8,33,21.8,15.5,14.5,14.4,11.7,11,14.5,20.5,16.3,16.5,17.7,14.4,16.4,22.5,16.1,11.7,
大園,2025/10/16 00:00:00,O3,2.7,11.3,9.5,13.7,12.2,0.1,2.2,9.6,18.2,27.4,30.7,33.4,32.6,27.1,25,18.8,15.8,10.3,7.9,12.2,7.6,9.7,9.5,11,
大園,2025/10/16 00:00:00,PM10,13,20,17,20,11,15,15,22,19,23,23,29,21,34,30,31,43,32,27,17,21,15,17,17,
大園,2025/10/16 00:00:00,PM2.5,4,4,6,8,7,6,6,10,15,7,5,7,9,7,6,10,18,13,10,10,10,8,6,5,
大園,2025/10/16 00:00:00,RAINFALL,0,0,0,0,0,0,0,0,0,0,0,0,0,0,0,0,0,0,0,0,0,0,0,0,
大園,2025/10/16 00:00:00,RH,54,56,57,58,59,59,61,54,48,42,39,37,36,34,37,39,51,54,55,59,61,62,60,59,
大園,2025/10/16 00:00:00,SO2,1.6,1.6,5.8,2.5,2.2,3.8,2.1,3,1.7,1.5,1.4,1.3,1.4,1.2,1.4,1.7,1.9,2,1.7,1.4,1.5,1.6,1.6,1.4,
大園,2025/10/16 00:00:00,WD_HR,82,109,136,170,30,116,156,74,66,79,77,65,66,85,85,76,36,59,64,66,67,67,65,58,
大園,2025/10/16 00:00:00,WIND_DIREC,78,117,171,191,28,166,127,81,69,71,61,55,59,95,82,63,35,66,54,66,66,65,66,50,
大園,2025/10/16 00:00:00,WIND_SPEED,1.4,0.9,0.9,1,0.8,0.6,0.6,2.2,2.3,3.9,3.6,4.3,4.7,5.4,4.9,4.7,5.8,5,4.1,5.1,4.8,4.9,4.6,4.4,
大園,2025/10/16 00:00:00,WS_HR,1.4,1.2,0.6,0.4,0.2,0.3,0.3,1.2,2,3.1,3.5,3.7,4.2,4.7,4.9,4.5,5.6,4.4,3.9,4.2,4.4,5,4.3,4,
大園,2025/10/17 00:00:00,AMB_TEMP,28.4,28.4,28.4,28.1,27.8,27.4,27.9,28.5,29.6,31.4,32.7,33.3,33.5,33.5,33.5,32.6,31.8,31,30.4,29.9,29.6,29.1,28.9,29,
大園,2025/10/17 00:00:00,CO,0.13,0.1,0.1,0.1,0.1,0.12,0.13,0.16,0.22,0.18,0.15,0.13,0.13,0.14,0.15,0.14,0.15,0.19,0.21,0.23,0.25,0.19,0.16,0.18,
大園,2025/10/17 00:00:00,NO,2.7,0.8,0.9,0.9,0.7,1.3,2.9,5.8,12.4,10.1,6.7,4.1,2.6,2.1,4.3,3.5,3.1,3.6,4.4,3.9,4.7,1.9,1.3,3.3,
大園,2025/10/17 00:00:00,NO2,11.2,6.7,6,6,5,7.3,9.4,10.1,13.6,10.7,8.5,7.6,6.6,6.3,11.2,8.8,9.2,13.6,16.8,17.5,18.9,13.5,8.9,9.9,
大園,2025/10/17 00:00:00,NOx,13.9,7.5,7,7,5.8,8.7,12.3,15.9,26,20.9,15.3,11.7,9.3,8.4,15.5,12.3,12.3,17.2,21.3,21.4,23.6,15.4,10.3,13.2,
大園,2025/10/17 00:00:00,O3,7.5,9.5,10.5,10.4,10,8.9,6.6,6.1,5.9,9.6,14.9,19.6,21.5,21.1,17.2,16.6,12.6,9.3,6,6.2,6.1,10.8,12.9,11,
大園,2025/10/17 00:00:00,PM10,18,4,11,9,17,10,12,13,19,46,44,31,20,22,29,35,25,30,20,19,16,23,16,9,
大園,2025/10/17 00:00:00,PM2.5,6,6,6,4,7,4,4,4,10,7,4,4,5,5,8,5,7,5,7,7,10,9,9,4,
大園,2025/10/17 00:00:00,RAINFALL,0,0,0,0,0,0,0,0,0,0,0,0,0,0,0,0,0,0,0,0,0,0,0,0,
大園,2025/10/17 00:00:00,RH,62,64,67,69,72,70,67,63,59,53,47,44,42,42,42,44,45,48,51,55,58,61,62,61,
大園,2025/10/17 00:00:00,SO2,1.6,0.3,0.3,0.4,0.4,0.4,0.5,0.7,1.1,1.3,1,0.6,0.6,0.7,1,0.7,0.6,0.7,1.3,1.1,1.7,0.8,0.7,0.9,
大園,2025/10/17 00:00:00,WD_HR,64,66,67,65,70,65,77,78,82,90,99,104,109,110,98,111,105,98,84,85,82,77,81,92,
大園,2025/10/17 00:00:00,WIND_DIREC,65,68,68,62,68,68,72,83,83,97,97,109,112,103,96,106,106,83,83,94,65,86,86,96,
大園,2025/10/17 00:00:00,WIND_SPEED,5,5.9,4.7,3.8,4.7,4.1,4.6,5,5.1,7,6.8,5.6,5.8,5.9,5.2,5.2,5.7,3.9,4.1,3.9,3.1,4,3.7,5.1,
大園,2025/10/17 00:00:00,WS_HR,4.4,4.7,4.8,4.2,4,3.8,4.4,4.2,4.4,6,6.6,5.9,5.6,5,4.7,4.8,5,4.4,3.4,3.4,3.2,3.6,3.4,4,
大園,2025/10/18 00:00:00,AMB_TEMP,29,28.8,28.5,28.4,28.3,28.1,28.5,29.6,31,32.1,33,33.7,33.6,32.1,32.3,31.8,31.2,30.1,29.4,28.8,28.6,28.4,28.4,28.3,
大園,2025/10/18 00:00:00,CO,0.17,0.13,0.13,0.12,0.12,0.13,0.14,0.16,0.17,0.16,0.17,0.13,0.13,0.13,0.12,0.12,0.14,0.15,0.15,0.13,0.13,0.12,0.11,0.11,
大園,2025/10/18 00:00:00,NO,8.2,0.5,0.4,0.4,0.5,0.6,1.6,3.9,4.5,3.9,3.9,2.9,3.3,3.1,3.3,3,2.5,2.1,1.6,1.1,1.5,0.8,0.6,0.8,
大園,2025/10/18 00:00:00,NO2,14.7,7.5,7.7,6.3,6.6,7,8.3,9.6,9.1,8.5,8.9,7,8,7.3,7.7,7.3,8.8,13.6,11.3,8.2,8.4,6.1,5.4,6.8,
大園,2025/10/18 00:00:00,NOx,22.9,8.1,8.1,6.8,7.2,7.7,10,13.5,13.6,12.5,12.8,10,11.4,10.5,11,10.4,11.3,15.7,12.9,9.3,9.9,6.9,6,7.7,
大園,2025/10/18 00:00:00,O3,7.4,15.6,14.8,17.3,16,14.9,14.7,14.9,17.1,20.8,25.3,27.1,25.6,24.9,23.5,19.6,18.5,13.4,11.4,16,14.8,16.3,18.6,16.9,
大園,2025/10/18 00:00:00,PM10,22,17,13,19,15,15,17,20,22,27,32,26,37,53,41,38,27,17,19,17,17,12,17,14,
大園,2025/10/18 00:00:00,PM2.5,3,3,4,5,4,5,6,5,5,5,8,7,4,10,7,2,4,3,1,2,5,3,5,6,
大園,2025/10/18 00:00:00,RAINFALL,0,0,0,0,0,0,0,0,0,0,0,0,0,0,0,0,0,0,0,0,0,0,0,0,
大園,2025/10/18 00:00:00,RH,61,62,64,64,63,64,63,59,52,50,46,43,45,53,51,49,49,54,57,61,62,63,63,63,
大園,2025/10/18 00:00:00,SO2,1.3,0.9,0.9,0.8,1,0.6,0.6,0.7,0.9,0.8,0.9,0.7,0.8,0.9,1,0.8,1,0.8,0.8,0.6,0.7,0.8,1.4,1.2,
大園,2025/10/18 00:00:00,WD_HR,91,97,85,88,92,78,76,78,79,74,70,72,54,42,56,67,71,68,66,66,69,71,70,72,
大園,2025/10/18 00:00:00,WIND_DIREC,98,93,95,91,86,75,74,72,84,69,66,65,55,49,61,66,70,64,65,68,68,70,71,71,
大園,2025/10/18 00:00:00,WIND_SPEED,4.1,3.9,3.8,2.8,3.5,3.3,3.7,4.9,5.7,4.9,5.7,6.3,6.3,6.6,6.2,7,6.2,5.2,5.5,5.6,5.7,5.8,5.8,5.1,
大園,2025/10/18 00:00:00,WS_HR,4.1,4.3,2.8,2.9,2.9,2.9,3.1,4.1,5.1,5.2,5,5.6,5.3,6.6,6.1,6.5,5.9,4.9,5.2,5.5,5.1,5.4,5.6,4.7,
大園,2025/10/19 00:00:00,AMB_TEMP,28.2,28.2,28.3,28.2,27,26.8,26.6,26.5,26.9,25.4,26,26.8,27.4,28,28.6,28,27.2,26.4,25.9,25.1,24.9,24.7,24.8,24.6,
大園,2025/10/19 00:00:00,CO,0.12,0.1,0.11,0.11,0.12,0.14,0.16,0.13,0.15,0.14,0.13,0.17,0.12,0.11,0.1,0.12,0.11,0.17,0.17,0.16,0.18,0.17,0.17,0.15,
大園,2025/10/19 00:00:00,NO,1.4,0.3,0.5,0.6,0.6,0.9,1.5,3.2,4.3,4,4.8,6.7,3.3,2.8,2.8,2.8,1.9,1.1,1.1,0.7,3.5,3.5,2.5,0.5,
大園,2025/10/19 00:00:00,NO2,10.6,7.3,7.5,9.2,5.5,9.7,14.2,10.7,9.9,10,11.3,13,9.7,8.6,9.2,10.4,8.2,10.1,10.8,7.8,18.8,12.6,9.1,6,
大園,2025/10/19 00:00:00,NOx,12.1,7.7,8,9.8,6.1,10.6,15.8,14,14.2,14,16.2,19.7,13,11.4,12.1,13.3,10.2,11.2,11.9,8.5,22.4,16.1,11.6,6.6,
大園,2025/10/19 00:00:00,O3,17,20.5,16.4,15.6,19.2,11.8,11.1,13.4,14,15.4,16,16.3,17.7,22.8,19.2,20.1,24.2,27.6,27.4,29.4,9.9,29.1,38,39.3,
大園,2025/10/19 00:00:00,PM10,19,14,14,11,10,10,11,10,20,3,5,3,6,8,6,23,23,23,22,8,5,7,23,26,
大園,2025/10/19 00:00:00,PM2.5,7,5,2,1,5,5,2,1,0,1,1,0,2,1,0,1,4,6,8,5,1,1,6,7,
大園,2025/10/19 00:00:00,RAINFALL,0,0,0,0,0,0,0.5,0,0,2.5,0,0,0,0,0,0,0,1,1.5,30.5,4.5,29.5,17,21.5,
大園,2025/10/19 00:00:00,RH,63,61,60,62,73,78,78,78,75,80,79,75,70,62,60,66,72,78,82,84,86,85,85,85,
大園,2025/10/19 00:00:00,SO2,1.7,1.9,1.9,1.8,1.1,0.9,1,1,1.1,0.9,1.2,1.6,1.2,0.9,1,1.7,1.5,1.1,1.2,0.7,0.9,1.2,0.9,0.6,
大園,2025/10/19 00:00:00,WD_HR,70,72,66,63,63,69,71,59,65,79,92,48,55,63,58,42,39,54,45,55,54,50,46,47,
大園,2025/10/19 00:00:00,WIND_DIREC,69,70,68,64,60,68,71,56,77,98,76,53,61,63,55,39,41,53,49,67,45,48,48,42,
大園,2025/10/19 00:00:00,WIND_SPEED,4.9,5.1,4.4,3.3,3.4,3.4,3.9,4.6,6.3,4.4,5.3,4.9,4.8,5.8,5.3,7.8,6.6,5,5,1.6,4.6,4.8,5.7,7.4,
大園,2025/10/19 00:00:00,WS_HR,4.8,4.7,4.3,3.3,4,3.3,3.4,4.1,4.9,4.8,5.4,4.4,4.1,4.9,5.7,6.2,7.1,5,5.8,3.9,2.9,4.6,5.9,6.9,
大園,2025/10/20 00:00:00,AMB_TEMP,25,25.2,24.5,24.4,24.3,24.2,24.2,24,23.7,23.5,23.8,24,24.1,24.6,24.8,24.2,24.4,23.9,23.6,23.3,23.2,22.9,22.8,22.8,
大園,2025/10/20 00:00:00,CO,0.17,0.16,0.17,0.17,0.12,0.13,0.18,0.18,0.16,0.17,0.16,0.16,0.16,0.13,#,0.16,0.16,0.16,0.16,0.15,0.15,0.15,0.15,0.13,
大園,2025/10/20 00:00:00,NO,1,0.8,0.9,0.8,3.2,1.9,1.9,1.7,1.2,1.8,1.3,0.9,1,1.1,#,#,0.6,0.7,1.1,0.7,0.8,0.9,0.6,0.5,
大園,2025/10/20 00:00:00,NO2,10,3.4,3,3.7,10.2,12.8,7.1,6.7,4.3,5.3,4.1,3.8,3.6,3.4,#,#,3.5,3.2,3.1,2.5,2.7,2.7,2.5,2.6,
大園,2025/10/20 00:00:00,NOx,11,4.2,3.9,4.5,13.5,14.8,9.1,8.5,5.5,7.2,5.5,4.7,4.7,4.5,#,#,4.2,3.9,4.3,3.3,3.5,3.6,3.2,3.2,
大園,2025/10/20 00:00:00,O3,35.2,40.6,39.9,38.1,23.9,20,32,30.9,37,37,37.7,39.5,39.6,39.2,#,#,40.1,41.2,42.2,43,43.3,43.4,42.1,43.2,
大園,2025/10/20 00:00:00,PM10,28,32,24,19,14,9,11,9,16,16,23,22,23,13,#,21,28,30,30,31,32,27,22,23,
大園,2025/10/20 00:00:00,PM2.5,6,8,10,6,3,5,4,1,3,5,4,6,11,#,15,23,22,15,14,13,11,7,5,8,
大園,2025/10/20 00:00:00,RAINFALL,4,1,4.5,19,3,6.5,23.5,34.5,32,20,2.5,3,1,0,#,0.5,0,3,2,3,3,4.5,2,1,
大園,2025/10/20 00:00:00,RH,85,83,85,86,87,87,87,87,88,88,88,86,86,84,83,85,84,84,85,85,85,86,86,86,
大園,2025/10/20 00:00:00,SO2,0.8,0,0,0.2,0.3,0.6,0.3,0.1,0,0,0.1,0,0,0,#,#,0.5,0.6,0.6,0.6,0.6,0.8,0.7,0.7,
大園,2025/10/20 00:00:00,WD_HR,40,28,31,37,39,47,31,34,31,33,27,27,24,25,23,26,28,28,30,30,30,29,30,29,
大園,2025/10/20 00:00:00,WIND_DIREC,31,27,35,21,52,49,25,34,36,33,27,27,24,21,24,27,28,27,32,29,30,27,30,32,
大園,2025/10/20 00:00:00,WIND_SPEED,10.2,11.2,7.3,7.2,2.7,4.9,8.9,8.2,10.4,8.4,12.2,10.6,13.2,11.1,14.6,12.6,11.8,12,11,11.7,10.8,10.8,10.3,10.4,
大園,2025/10/20 00:00:00,WS_HR,6.8,9.8,9.4,6.8,4.5,3.9,7.5,7.4,9,8.7,10.6,11.5,11.7,11.5,11.3,12.3,11.7,11.8,10.5,10.5,10.3,9.4,9.7,9.7,
大園,2025/10/21 00:00:00,AMB_TEMP,22.9,22.7,22.6,22.8,22.5,22.6,22.3,22.4,22.5,22.4,22.1,22.2,22.2,22.1,22.2,22.3,22.4,22.3,22.1,22,22.2,22.7,22.6,22.6,
大園,2025/10/21 00:00:00,CO,0.13,0.12,0.12,0.12,0.12,0.12,0.12,0.13,0.13,0.13,0.13,0.13,0.12,0.12,0.12,0.13,0.13,0.13,0.13,0.12,0.12,0.12,0.12,0.12,
大園,2025/10/21 00:00:00,NO,0.6,1,0.9,0.9,1,0.9,1.2,1.2,1.3,1.6,1.6,1.5,1.4,1.2,1.3,1.3,1.2,1.2,1.2,1,1.1,1.1,1.4,1.3,
大園,2025/10/21 00:00:00,NO2,2.6,3.3,2.5,2.4,2.3,2.5,3,3.6,4.6,5.5,4.8,4.6,4.2,4.1,4.5,4.4,4.1,3.9,3.5,3.1,2.9,2.8,3,2.8,
大園,2025/10/21 00:00:00,NOx,3.3,4.4,3.5,3.3,3.4,3.5,4.3,4.9,5.9,7.2,6.5,6.1,5.6,5.3,5.9,5.7,5.3,5.2,4.8,4.2,4,4,4.5,4.1,
大園,2025/10/21 00:00:00,O3,41.3,42.7,42.7,41.5,43,41,41.1,41.3,40,39,40.2,40.9,41.5,41.8,41.9,42.4,43.1,42.9,43.1,43.4,44.5,43.9,43.9,44.2,
大園,2025/10/21 00:00:00,PM10,29,29,26,35,30,28,25,28,31,34,21,32,36,31,28,25,24,23,23,16,21,25,31,25,
大園,2025/10/21 00:00:00,PM2.5,5,3,8,7,5,6,7,12,7,2,5,7,7,9,7,5,6,7,6,5,3,5,9,6,
大園,2025/10/21 00:00:00,RAINFALL,1,2,3.5,3,1.5,0.5,2.5,1,2,1.5,3,2,4,2,1.5,2,0.5,1,0,2,1,0,1,1,
大園,2025/10/21 00:00:00,RH,85,84,84,84,84,84,84,84,84,85,85,85,84,84,84,84,84,84,84,85,85,84,84,84,
大園,2025/10/21 00:00:00,SO2,0.7,0.8,0.9,0.9,0.8,0.8,0.9,1,1,1,1.1,0.9,0.8,0.9,1,1,1.1,1.1,1.1,1,1,1,1.1,1.1,
大園,2025/10/21 00:00:00,WD_HR,29,31,33,30,27,29,28,28,30,34,30,27,26,26,25,26,26,26,27,25,27,26,29,27,
大園,2025/10/21 00:00:00,WIND_DIREC,28,34,30,32,26,31,27,30,30,36,27,29,27,26,21,24,26,25,25,25,29,30,30,28,
大園,2025/10/21 00:00:00,WIND_SPEED,9.5,8.6,7.5,7.8,10.1,9.3,10.4,8.4,8.6,8.4,10,9.6,10.1,9.3,9.6,9.7,11.2,11.6,10.3,10.8,10.3,10.1,10.4,10.2,
大園,2025/10/21 00:00:00,WS_HR,9.3,8.7,7.7,7.6,8.7,9.2,9.4,8.7,8.3,7.9,9,8.9,9.6,9.1,8.7,9.2,10.3,10.5,10.3,10.5,10.7,10.5,10.4,10.4,
大園,2025/10/22 00:00:00,AMB_TEMP,22.8,22.5,22.6,22.3,22.3,22.3,22.6,22.7,22.4,22.5,22.5,22.3,22.3,22.6,22.5,22.5,22.6,22.2,21.8,21.9,22.6,22.8,22.7,23.2,
大園,2025/10/22 00:00:00,CO,0.12,0.12,0.12,0.11,0.11,0.11,0.12,0.12,0.12,0.12,0.12,0.11,0.11,0.11,0.11,0.11,0.11,0.11,0.11,0.11,0.11,0.11,0.11,0.12,
大園,2025/10/22 00:00:00,NO,1.1,0.4,0.5,0.5,0.5,1.1,1.3,1,0.9,1.1,1.1,1.1,1.5,1.4,1.3,1.2,1.2,1.5,1.6,0.9,1.1,1.4,0.6,0.8,
大園,2025/10/22 00:00:00,NO2,2.6,3.7,2.7,2.4,2.4,2.8,3.5,3.2,3.7,4.2,4.2,4.1,5.2,5.6,5.2,4.8,4.3,6,5.3,3.7,4,3.3,2.9,2.8,
大園,2025/10/22 00:00:00,NOx,3.8,4.2,3.2,3,3,4,4.9,4.3,4.6,5.4,5.3,5.2,6.8,7.1,6.6,6.1,5.5,7.5,6.9,4.7,5.1,4.7,3.5,3.6,
大園,2025/10/22 00:00:00,O3,44.4,44.4,44.3,44.1,43.7,42.7,41.1,41.1,40.5,39.9,40.4,41.1,40.9,41.3,42.3,42.6,43.3,43.1,43.5,45.3,44.1,44.5,45.7,44.4,
大園,2025/10/22 00:00:00,PM10,21,22,27,16,15,20,25,18,21,23,22,31,30,38,40,36,39,39,30,35,33,33,28,30,
大園,2025/10/22 00:00:00,PM2.5,4,4,3,3,5,7,10,5,7,7,17,6,11,14,13,8,8,8,6,3,8,9,6,9,
大園,2025/10/22 00:00:00,RAINFALL,0.5,2,1.5,2.5,3,2.5,0.5,0.5,1.5,0.5,0.5,0.5,2.5,0.5,0.5,1.5,1,1.5,1,2,0,0,0,0,
大園,2025/10/22 00:00:00,RH,84,85,86,87,87,87,86,85,85,85,85,85,84,83,82,82,82,83,84,85,83,82,82,81,
大園,2025/10/22 00:00:00,SO2,1,0.5,0.5,0.7,0.5,0.6,0.6,0.7,0.6,0.6,0.6,0.5,0.7,0.8,0.8,0.9,0.8,0.9,0.9,0.9,0.9,0.9,0.8,0.8,
大園,2025/10/22 00:00:00,WD_HR,26,26,25,23,25,27,28,27,29,29,30,31,34,34,34,33,34,35,34,33,33,32,31,33,
大園,2025/10/22 00:00:00,WIND_DIREC,27,27,26,24,26,30,27,25,32,30,31,32,36,34,36,33,34,35,36,32,29,31,29,35,
大園,2025/10/22 00:00:00,WIND_SPEED,10.6,9.9,10.3,9.8,10.1,10.6,10.7,10.9,10,12.4,11.3,11.1,9.9,9.8,9.6,9.3,10.3,9.2,8.5,9.9,11.3,10.4,11.3,10.1,
大園,2025/10/22 00:00:00,WS_HR,10.5,9.8,10,9.6,10,11.2,10.8,10.8,11.1,11.2,11,10.9,10,9.5,8.8,9.4,9.7,8.8,8.9,9,10.4,10,10.4,9.6,
大園,2025/10/23 00:00:00,AMB_TEMP,23.1,23.1,#,NA,NA,NA,NA,NA,NA,NA,NA,NA,NA,NA,NA,NA,#,23.5,23.8,23.6,23.9,24,23.6,23.2,
大園,2025/10/23 00:00:00,CO,0.11,#,#,NA,NA,NA,NA,NA,NA,NA,NA,NA,NA,NA,NA,NA,#,x,0.12,0.12,0.11,0.12,0.12,0.11,
大園,2025/10/23 00:00:00,NO,0.7,#,#,NA,NA,NA,NA,NA,NA,NA,NA,NA,NA,NA,NA,NA,#,#,#,1,1.1,#,0.7,0.7,
大園,2025/10/23 00:00:00,NO2,2.2,#,#,NA,NA,NA,NA,NA,NA,NA,NA,NA,NA,NA,NA,NA,#,#,#,11.8,15.5,#,5,3.8,
大園,2025/10/23 00:00:00,NOx,3,#,#,NA,NA,NA,NA,NA,NA,NA,NA,NA,NA,NA,NA,NA,#,#,#,12.9,16.7,#,5.8,4.5,
大園,2025/10/23 00:00:00,O3,44.6,A,A,NA,NA,NA,NA,NA,NA,NA,NA,NA,NA,NA,NA,NA,#,x,42.3,44.5,44,43.6,44.5,44.7,
大園,2025/10/23 00:00:00,PM10,21,A,A,NA,NA,NA,NA,NA,NA,NA,NA,NA,NA,NA,NA,NA,#,x,32,29,26,32,36,40,
大園,2025/10/23 00:00:00,PM2.5,6,A,A,NA,NA,NA,NA,NA,NA,NA,NA,NA,NA,NA,NA,NA,#,x,2,4,6,9,5,6,
大園,2025/10/23 00:00:00,RAINFALL,0,0.5,1,NA,NA,NA,NA,NA,NA,NA,NA,NA,NA,NA,NA,NA,#,0,0.5,0,0.5,0,0,0.5,
大園,2025/10/23 00:00:00,RH,82,82,#,NA,NA,NA,NA,NA,NA,NA,NA,NA,NA,NA,NA,NA,#,84,82,82,81,80,80,81,
大園,2025/10/23 00:00:00,SO2,0.9,#,#,NA,NA,NA,NA,NA,NA,NA,NA,NA,NA,NA,NA,NA,#,#,#,#,0.5,0.4,0.2,0.4,
大園,2025/10/23 00:00:00,WD_HR,34,36,#,NA,NA,NA,NA,NA,NA,NA,NA,NA,NA,NA,NA,NA,#,39,37,35,35,37,38,35,
大園,2025/10/23 00:00:00,WIND_DIREC,36,#,#,NA,NA,NA,NA,NA,NA,NA,NA,NA,NA,NA,NA,NA,36,39,35,36,35,45,38,33,
大園,2025/10/23 00:00:00,WIND_SPEED,9.5,#,#,NA,NA,NA,NA,NA,NA,NA,NA,NA,NA,NA,NA,NA,8.6,9.9,8.5,8.9,9.5,6.4,8.4,8.6,
大園,2025/10/23 00:00:00,WS_HR,9.5,8.7,#,NA,NA,NA,NA,NA,NA,NA,NA,NA,NA,NA,NA,NA,#,7.3,7.9,8.5,8.9,7.8,8.2,7.7,
大園,2025/10/24 00:00:00,AMB_TEMP,22.8,23,23.1,23,23,23,23.1,23.2,23.2,23.5,23.5,23.8,23.8,23.7,23.7,24,23.9,23.1,22.9,22.9,23.6,23.6,22.9,22.4,
大園,2025/10/24 00:00:00,CO,0.11,0.11,0.11,0.11,0.12,0.12,0.12,0.12,0.12,0.12,0.12,0.12,0.12,0.13,0.13,0.15,0.15,0.15,0.18,0.16,0.15,0.12,0.12,0.11,
大園,2025/10/24 00:00:00,NO,0.6,0,0,0,0.1,0.9,0.4,0.2,0.8,0.6,0.3,0.6,1,0.8,0.8,1,0.9,0.4,0.9,3.7,0.6,0.7,0.4,0.2,
大園,2025/10/24 00:00:00,NO2,2.4,3.1,2.2,1.9,2.5,3.4,3.9,3.8,7,4.2,3.2,4.7,5.5,8.2,9.9,11.3,11.5,12.1,15.6,18.4,11.7,7.2,3.7,3.2,
大園,2025/10/24 00:00:00,NOx,3,3.1,2.2,1.9,2.6,4.3,4.4,4.1,7.9,4.9,3.6,5.3,6.5,9.1,10.7,12.4,12.5,12.6,16.6,22.1,12.3,8,4.1,3.5,
大園,2025/10/24 00:00:00,O3,45.3,44.6,45.3,45.2,44.3,42.5,42.7,42.8,41,42,43.4,42.1,40.9,39.1,36,35.4,35.5,37.5,37.1,34.1,39.1,43.7,46.4,47.7,
大園,2025/10/24 00:00:00,PM10,28,32,30,33,28,23,21,30,28,22,25,24,19,21,26,33,36,28,21,17,19,24,26,20,
大園,2025/10/24 00:00:00,PM2.5,8,7,4,6,7,6,6,6,5,2,1,4,6,5,2,12,12,9,4,5,6,3,4,9,
大園,2025/10/24 00:00:00,RAINFALL,1.5,0,1,1,0.5,2,1,5.5,4.5,2,3.5,0.5,0.5,1,0,0,0,0.5,2,0.5,0,0,3.5,4.5,
大園,2025/10/24 00:00:00,RH,82,83,83,84,84,84,85,85,85,85,84,84,84,84,83,80,79,83,84,85,83,83,84,86,
大園,2025/10/24 00:00:00,SO2,0.7,0.9,0.7,0.6,0.7,0.8,0.7,0.6,0.6,0.6,0.5,0.7,0.7,1.1,1.1,1.4,1.4,1.2,1.2,1.4,1.2,0.7,0.7,0.5,
大園,2025/10/24 00:00:00,WD_HR,34,32,32,30,31,30,32,33,36,34,33,34,38,49,61,57,52,61,51,47,38,36,36,34,
大園,2025/10/24 00:00:00,WIND_DIREC,34,33,28,32,30,28,34,31,34,37,36,36,44,62,61,57,51,64,47,43,35,36,35,39,
大園,2025/10/24 00:00:00,WIND_SPEED,9.1,8.8,8.6,7.4,9.4,9,8.9,7.9,8.6,8.9,9.1,8,5.9,5.8,6.3,5.9,4.6,4.8,6,5.9,7.2,7,7.7,5.5,
大園,2025/10/24 00:00:00,WS_HR,8.1,8.5,8,8.1,8.7,9.4,8.3,7.6,7.3,8.2,8.3,8.9,7.1,5.8,5.1,5,4.3,4.4,5.1,5.4,6,6.5,7,6.4,
大園,2025/10/25 00:00:00,AMB_TEMP,22.4,22.5,22.9,23.1,23,22.7,22.7,23.1,23.3,23.4,23.6,23.8,23.8,24,24,24.5,24.3,24.4,24.7,24.3,24.6,24.8,24.7,24.6,
大園,2025/10/25 00:00:00,CO,0.14,0.13,0.12,0.12,0.12,0.13,0.13,0.16,0.18,0.15,0.17,0.21,0.18,0.17,0.16,0.18,0.17,0.19,0.21,0.21,0.22,0.16,0.15,0.16,
大園,2025/10/25 00:00:00,NO,3.2,0,0,0,0,0,2.6,#,#,0.7,1.5,1.9,1.2,0.5,0.4,0.6,0.3,0.3,0.2,0.8,0.2,0,0,0.2,
大園,2025/10/25 00:00:00,NO2,16.7,6.9,3.1,1.9,1.6,2,5.2,#,#,7.9,12.7,18.3,11.9,8.2,8.1,9.6,9.7,11.5,11.8,17.3,9.9,10,10.1,11.6,
大園,2025/10/25 00:00:00,NOx,20,6.8,2.9,1.5,1.5,1.8,7.9,#,#,8.7,14.2,20.2,13.2,8.7,8.5,10.3,10.1,11.8,12,18.2,10.1,9.9,10,11.8,
大園,2025/10/25 00:00:00,O3,38,43.8,46.6,47,46.1,44.7,42.6,40,35.5,41.4,37.6,33,38.5,42.6,41.3,40.5,42.9,36.8,35.4,31.6,37.9,38.7,38.2,38,
大園,2025/10/25 00:00:00,PM10,41,17,28,23,28,33,23,28,23,30,32,33,27,28,23,32,30,36,29,28,24,26,30,27,
大園,2025/10/25 00:00:00,PM2.5,5,3,4,5,3,6,6,8,11,9,6,6,7,7,7,10,8,11,6,6,6,7,10,9,
大園,2025/10/25 00:00:00,RAINFALL,7.5,10.5,3.5,1.5,1.5,2,3.5,5,7,2,3,3,5.5,0.5,1.5,1,1.5,0,0,0,0,0,0,0,
大園,2025/10/25 00:00:00,RH,86,87,86,85,85,86,86,87,86,86,86,86,86,86,86,85,85,85,82,83,82,81,81,81,
大園,2025/10/25 00:00:00,SO2,0.9,0.4,0.2,0.2,0.1,0.2,0.3,0.5,0.5,0.4,0.5,0.8,0.7,0.7,0.9,0.8,0.7,0.9,1.1,1.6,1.4,1.2,1.4,1.4,
大園,2025/10/25 00:00:00,WD_HR,47,58,43,29,27,27,33,50,54,36,40,48,43,39,40,45,39,52,61,52,60,63,63,46,
大園,2025/10/25 00:00:00,WIND_DIREC,53,59,60,27,29,28,37,55,39,38,48,37,38,44,55,51,37,66,63,57,64,64,60,35,
大園,2025/10/25 00:00:00,WIND_SPEED,5,5.1,4.2,7.5,6.7,7.1,7.1,5,5.3,6.2,5,6.4,5.7,5.8,3.8,3.7,5.5,4.4,4,4,3.8,4.7,4.4,6.6,
大園,2025/10/25 00:00:00,WS_HR,5,4.3,4.7,7,6.5,7.1,6.7,4.8,4.1,6,5.2,4.8,4.8,5,4.9,4.1,4.9,3.7,3.9,3.6,4.1,4.3,4.1,4.5,
大園,2025/10/26 00:00:00,AMB_TEMP,24.1,24.2,24.3,24.1,23.8,23.5,23,22.9,22.8,23.3,24.1,24.2,24.3,24.4,24.3,24.1,23.8,23.5,23.4,23.8,23.6,23.2,22.3,21.5,
大園,2025/10/26 00:00:00,CO,0.2,0.16,0.16,0.16,0.14,0.16,0.15,0.15,0.17,0.14,0.14,0.13,0.13,0.13,0.14,0.17,0.19,0.21,0.21,0.2,0.22,0.22,0.2,0.2,
大園,2025/10/26 00:00:00,NO,13.9,1.6,1.1,5.8,1.2,1.7,1.9,3.2,2.1,2.7,5,1.6,2.2,1.7,1.7,1.8,1.6,1.4,1.5,4.3,1.6,1.3,1.3,1.4,
大園,2025/10/26 00:00:00,NO2,30.5,15.1,7.5,18.9,5.8,10.2,9.8,7.3,13.5,6.6,11.8,6.2,7.9,5.4,7.1,9.5,9.9,10.9,11.6,15.4,19.5,17.7,11.5,10.9,
大園,2025/10/26 00:00:00,NOx,44.5,16.8,8.7,24.7,7.1,11.9,11.7,10.5,15.6,9.3,16.8,7.9,10.2,7.1,8.8,11.3,11.5,12.4,13.2,19.7,21.2,19,12.9,12.3,
大園,2025/10/26 00:00:00,O3,28.7,37.4,41.9,33.2,43.7,41.9,41.9,43.6,36.4,41.4,37.7,43.8,43.5,45.7,46.2,43.4,46.3,47.1,44.6,42.2,33.3,35.6,43,48.5,
大園,2025/10/26 00:00:00,PM10,27,34,34,30,32,29,26,28,32,35,33,35,37,33,40,39,38,34,34,32,30,29,24,24,
大園,2025/10/26 00:00:00,PM2.5,8,6,8,9,10,11,9,6,7,9,15,9,6,8,10,9,12,11,9,13,11,10,14,11,
大園,2025/10/26 00:00:00,RAINFALL,0,0,0,0,1.5,2,3.5,1,1,0.5,0,0,0,0,0,0,0,0,0,0,0,0,1,0.5,
大園,2025/10/26 00:00:00,RH,83,83,82,82,83,84,85,85,85,83,80,78,75,74,72,71,72,72,72,70,70,71,79,84,
大園,2025/10/26 00:00:00,SO2,1.3,2,1.5,1.7,1.3,1.2,1.1,1,1.3,0.9,1.4,1.1,1.3,1.3,1.5,2,1.9,1.9,1.9,1.6,2,1.6,1.3,1.5,
大園,2025/10/26 00:00:00,WD_HR,45,54,55,40,45,43,36,37,46,34,37,36,35,35,38,42,44,48,44,46,72,85,65,59,
大園,2025/10/26 00:00:00,WIND_DIREC,57,58,48,39,51,36,31,40,33,38,38,38,34,34,39,55,37,57,38,63,73,94,58,64,
大園,2025/10/26 00:00:00,WIND_SPEED,4.1,4.3,3.5,4.5,4.1,6,6.8,4.7,6.1,5.9,6.3,6.4,7.5,7.6,6.1,5,6.4,4.9,7.1,3.2,3.2,3.3,4.3,4.5,
大園,2025/10/26 00:00:00,WS_HR,4.1,3.6,3.6,4.2,3.7,4.3,5.5,5.2,4.1,6.2,5.8,6.1,6.8,6.6,6.2,5.1,5.3,4.7,4.6,4.2,3.2,2.8,3.7,4.2,
大園,2025/10/27 00:00:00,AMB_TEMP,21.7,22,22.1,22,21.4,21.2,21.3,21.7,21.8,22.2,22.7,22.6,23.1,23.1,22.9,22.8,22.6,22.5,22.4,22.3,22.1,22.1,21.9,21.9,
大園,2025/10/27 00:00:00,CO,0.21,0.21,0.21,0.21,0.2,0.22,0.24,0.3,0.34,0.31,0.31,0.36,0.3,0.29,0.28,0.26,0.26,0.27,0.26,0.25,0.26,0.27,0.29,0.28,
大園,2025/10/27 00:00:00,NO,1.2,0.7,0.6,0.5,0.6,0.7,1,1.9,2.3,2.9,3.1,3.3,2.8,2.9,#,#,2.3,1.4,1.7,1.5,0.9,1.1,1,1,
大園,2025/10/27 00:00:00,NO2,9.3,8.4,8.1,7.7,5.5,7.6,10.3,14.4,16.9,15.3,14.8,17.5,12.9,14.5,#,#,15.4,14.8,16.5,16.4,17.7,17.7,16.1,16.9,
大園,2025/10/27 00:00:00,NOx,10.6,9.2,8.7,8.2,6.1,8.4,11.3,16.4,19.2,18.2,17.9,20.8,15.7,17.5,#,#,17.7,16.3,18.2,17.9,18.6,18.9,17.2,17.9,
大園,2025/10/27 00:00:00,O3,49.3,50.5,48.2,44.6,44.3,42.8,42.7,39.5,35.6,36.2,35.9,35,39,37.4,35.3,36.2,37,38.4,33.7,33.6,30.6,27.4,27,25.9,
大園,2025/10/27 00:00:00,PM10,24,32,26,22,7,13,16,23,17,28,26,18,18,17,#,21,22,23,22,20,16,18,13,9,
大園,2025/10/27 00:00:00,PM2.5,12,11,10,6,4,2,2,11,10,8,10,7,4,#,7,5,1,8,14,5,7,7,3,3,
大園,2025/10/27 00:00:00,RAINFALL,0,0,0,0,0.5,0.5,0,0,0,0,0,0,0,0,0,0,0,0,0,0,0,0,0,0,
大園,2025/10/27 00:00:00,RH,82,80,78,79,83,84,84,82,81,79,77,77,76,75,76,75,75,76,76,77,78,79,80,80,
大園,2025/10/27 00:00:00,SO2,1.5,1.1,1.2,1.2,0.8,0.8,1.1,1.5,2,2,1.9,2.2,1.9,1.6,1.5,1.2,1.4,1.5,1.6,1.4,1.4,1.7,1.4,1.7,
大園,2025/10/27 00:00:00,WD_HR,63,64,66,65,65,52,54,58,57,58,51,51,52,56,57,56,56,60,67,61,63,67,69,72,
大園,2025/10/27 00:00:00,WIND_DIREC,63,66,71,56,65,37,56,60,59,61,48,58,54,57,57,56,58,60,71,59,58,72,73,73,
大園,2025/10/27 00:00:00,WIND_SPEED,4.3,4,4.3,3.6,4.8,6,5.5,5.1,5.2,5.9,5.4,5.3,5.1,5.6,5.2,5.5,5.2,5.1,3.6,3.8,3.2,3.6,2.7,3,
大園,2025/10/27 00:00:00,WS_HR,4,4,4.2,3.9,4.2,4.7,4.8,5,5.1,5.3,5.1,5.1,4.9,4.9,5.1,4.9,4.5,4.7,3.9,3.9,3.3,3.1,2.6,2.8,
大園,2025/10/28 00:00:00,AMB_TEMP,21.8,22,21.8,21.4,21.4,21.2,21.3,21.3,21.5,22,22.3,22.1,21.8,21.8,21.7,21.7,21.2,21.4,21.8,21.9,21.5,21.6,21.6,21.4,
大園,2025/10/28 00:00:00,CO,0.3,0.23,0.22,0.22,0.22,0.22,0.27,0.31,0.33,0.39,0.37,0.35,0.21,0.2,0.19,0.19,0.16,0.17,0.16,0.16,0.14,0.14,0.14,0.14,
大園,2025/10/28 00:00:00,NO,2.1,0,0,0.2,0.3,0.1,1.4,2.8,3.9,5.7,5,5.6,2.3,2.2,2.1,1.6,1.2,0.9,0.9,0.8,0.7,0.4,0.3,0.3,
大園,2025/10/28 00:00:00,NO2,27.3,8.9,7.8,6.1,6,7.2,22.7,26.8,29.1,34,28.5,29.6,13.9,14.5,13.9,14.5,11.8,12.8,13,13.3,9.8,8,8.3,7.8,
大園,2025/10/28 00:00:00,NOx,29.4,9,7.9,6.4,6.3,7.4,24.1,29.6,33,39.8,33.6,35.3,16.2,16.7,16,16.1,13,13.8,14,14.1,10.6,8.4,8.7,8.2,
大園,2025/10/28 00:00:00,O3,20.3,35.9,38.6,39.2,39.6,41.6,28.6,24.6,22.3,20.6,26.7,22,35.3,34.1,35.4,34,36.5,35.4,34.5,34.4,38.4,39.7,39.1,36.5,
大園,2025/10/28 00:00:00,PM10,14,9,7,5,8,9,9,11,10,18,21,15,12,19,15,14,11,10,19,24,20,14,10,13,
大園,2025/10/28 00:00:00,PM2.5,3,1,0,2,2,6,6,4,5,6,16,11,7,7,5,6,4,3,4,7,5,5,3,0,
大園,2025/10/28 00:00:00,RAINFALL,0,0,0,0,2.5,2,5,2.5,1.5,0,0.5,1.5,2.5,1.5,0,0,0,0,0,0,0,0,0,0,
大園,2025/10/28 00:00:00,RH,81,81,81,84,85,85,86,86,86,85,84,85,85,85,84,83,84,82,79,79,79,77,76,78,
大園,2025/10/28 00:00:00,SO2,1.8,1,1,0.8,0.7,0.6,0.8,1.1,1.2,1.4,1.2,1.3,1.1,1,1,1.2,1.1,1.3,1.2,1.3,1.2,1.1,1.2,1.2,
大園,2025/10/28 00:00:00,WD_HR,73,67,72,71,67,72,49,64,70,64,61,52,60,53,60,51,58,57,62,63,60,63,62,64,
大園,2025/10/28 00:00:00,WIND_DIREC,65,67,69,72,67,75,48,66,64,58,71,58,57,59,59,52,50,61,63,59,63,58,69,68,
大園,2025/10/28 00:00:00,WIND_SPEED,2.2,3.5,3.4,3.3,3,2.5,2.7,3.2,2.5,2.2,3.3,4.3,5.1,4.8,5.6,5.3,5.9,5.8,4.1,5.5,5.9,5.5,4.6,5,
大園,2025/10/28 00:00:00,WS_HR,2.9,2.8,2.9,3.1,2.8,2.7,2.6,2.7,2.6,2.2,2.7,2.6,4.4,4.2,5,5.2,5.7,5.4,4.5,4.4,5.4,5.6,5.2,4.2,
大園,2025/10/29 00:00:00,AMB_TEMP,21,21,21.1,21.4,21.6,21.8,22,22.9,24.3,24.2,25.6,26,26.2,26,25.4,25.2,24.7,24.3,23.8,23.7,23.8,23.8,24.1,24.2,
大園,2025/10/29 00:00:00,CO,0.13,0.15,0.16,0.16,0.14,0.14,0.17,0.19,0.21,0.19,0.17,0.15,0.15,0.14,0.14,0.14,0.15,0.17,0.17,0.18,0.16,0.15,0.15,0.16,
大園,2025/10/29 00:00:00,NO,0.5,1.2,1.4,1.3,1.2,1.3,1.5,3.5,4.5,5,4.3,3.8,3,3.2,3.2,3.6,2.2,2.1,1.4,1.5,1.5,1.3,1.3,1.4,
大園,2025/10/29 00:00:00,NO2,13.4,9,9.5,11.3,7,8.4,10.7,16,15.6,15.6,11.1,7,6.6,7.6,11.4,12,9.4,14.7,10.5,13.5,12.4,13.5,10.5,8.2,
大園,2025/10/29 00:00:00,NOx,14,10.2,11,12.7,8.2,9.7,12.3,19.5,20.1,20.6,15.5,10.9,9.6,10.9,14.6,15.7,11.7,16.9,11.9,15,14,14.8,11.9,9.7,
大園,2025/10/29 00:00:00,O3,30.5,33.6,31.7,30.1,33,33.2,30.1,28.1,29.9,29.3,36.1,37.2,38.7,36,32.3,31.3,35.2,29.4,32.9,30.1,32.5,33.4,34.3,34.4,
大園,2025/10/29 00:00:00,PM10,6,6,10,13,8,14,19,20,20,22,35,21,29,30,35,34,30,23,x,26,28,26,30,28,
大園,2025/10/29 00:00:00,PM2.5,2,4,2,1,1,8,7,9,8,6,3,6,12,8,7,11,11,10,7,5,6,5,5,6,
大園,2025/10/29 00:00:00,RAINFALL,0,0,0,0,0,0,0,0,0,0,0,0,0,0,0,0,0,0,0,0,0,0,0,0,
大園,2025/10/29 00:00:00,RH,81,81,81,81,80,81,80,76,72,73,66,64,62,62,63,63,64,65,66,66,64,64,66,67,
大園,2025/10/29 00:00:00,SO2,1.2,0.6,0.8,0.8,0.7,0.7,0.9,1.2,0.9,0.9,0.9,0.9,0.9,0.7,0.8,1,0.6,1,1,1,1.5,1.7,1.6,0.9,
大園,2025/10/29 00:00:00,WD_HR,69,80,68,77,69,68,73,71,72,66,81,72,70,72,60,64,67,69,72,73,67,63,68,71,
大園,2025/10/29 00:00:00,WIND_DIREC,62,76,77,91,70,71,76,68,55,79,87,70,74,68,63,68,69,73,71,76,64,62,72,69,
大園,2025/10/29 00:00:00,WIND_SPEED,3.7,4.2,4.1,4.4,4.3,4.1,3.5,5.2,4.5,6.3,6.9,6.4,6.5,5.3,4.8,6.5,4.1,4.8,4.3,5.3,4.6,4.7,4.9,4.4,
大園,2025/10/29 00:00:00,WS_HR,4.2,4.1,3.4,4.1,3.6,4,3.7,4.2,4.5,4.7,6.8,6,6.1,5.7,4.3,4.8,4.8,4.1,4.5,4.4,4.7,4.3,4.5,4.3,
大園,2025/10/30 00:00:00,AMB_TEMP,24.5,24.7,25,25.1,24.7,24.5,24.5,25.5,26.6,27.8,28.8,#,29.3,28.8,28.6,29.2,28,27.1,26.3,25.7,25.7,25.5,25.1,24.9,
大園,2025/10/30 00:00:00,CO,0.16,0.13,0.13,0.15,0.14,0.15,0.2,0.23,0.26,0.22,0.19,0.19,0.18,0.21,0.25,0.28,0.29,0.31,0.31,0.24,0.23,0.2,0.16,0.14,
大園,2025/10/30 00:00:00,NO,1.1,0.2,0.4,0.9,0.9,1,1.9,4.8,4.7,5.5,3.8,1.8,1.2,1,0.6,0.8,0.8,0.5,0.3,0.4,0.4,0.6,0.2,0.2,
大園,2025/10/30 00:00:00,NO2,9.9,7.6,6.7,13.1,12.8,15.7,23.7,21.3,21.3,17.2,11,8.5,6.9,9.2,8.2,10.3,17.2,16.7,14.8,12.5,12.4,11.6,6.5,3.6,
大園,2025/10/30 00:00:00,NOx,11,7.9,7.2,14,13.8,16.8,25.6,26.1,26,22.7,14.8,10.4,8.1,10.3,8.8,11.2,18,17.2,15.1,12.9,12.8,12.2,6.8,3.9,
大園,2025/10/30 00:00:00,O3,32.2,34.8,35.9,30.6,32.3,26.8,22.7,21,21.8,27.3,33.6,39.4,43.2,44.7,72.6,72.7,56.5,47.1,35.7,25.5,26,27.5,33.6,36.7,
大園,2025/10/30 00:00:00,PM10,34,25,21,20,18,14,21,17,18,15,12,14,17,21,34,34,41,35,40,35,16,23,21,22,
大園,2025/10/30 00:00:00,PM2.5,10,12,11,15,8,4,7,7,7,7,6,3,4,6,14,18,13,16,20,7,6,8,6,4,
大園,2025/10/30 00:00:00,RAINFALL,0,0,0,0,0,0,0,0,0,0,0,0,0,0,0,0,0,0,0,0,0,0,0,0,
大園,2025/10/30 00:00:00,RH,67,70,71,74,80,81,82,78,74,68,62,#,62,66,71,66,72,77,82,89,89,91,93,93,
大園,2025/10/30 00:00:00,SO2,0.8,0.8,0.9,1.2,1.2,1.3,1.8,1.8,1.6,1.3,1.3,1.2,1.8,6.1,1.8,1.4,2.2,2.3,1.9,1.4,1.5,1.5,1.2,0.8,
大園,2025/10/30 00:00:00,WD_HR,69,61,58,53,46,39,45,87,79,90,116,120,114,135,195,245,303,223,214,239,307,331,353,354,
大園,2025/10/30 00:00:00,WIND_DIREC,70,55,53,60,56,31,67,89,72,102,117,122,122,189,168,262,281,222,229,265,269,345,346,354,
大園,2025/10/30 00:00:00,WIND_SPEED,4.4,3.3,3.3,3.7,3,3.7,2.3,3.2,2.6,3.8,3.7,2.9,2.5,1.8,2,2.1,1.3,1.2,1.9,1.5,0.9,3.1,2.7,4,
大園,2025/10/30 00:00:00,WS_HR,4.2,3.5,3.2,3.2,3.6,2.5,2.3,2.8,2.3,3.5,3.4,3,2.5,1.4,2,0.9,1.8,1.3,1.4,1.8,1.2,1.4,2.9,3.2,
大園,2025/10/31 00:00:00,AMB_TEMP,24.5,24.2,24.1,24,23.4,23.5,23.5,23.7,24.1,24.3,24.7,24.8,24.4,24.3,24.1,23.8,23.4,23.2,23.1,23.3,23.5,23.5,23.5,23.7,
大園,2025/10/31 00:00:00,CO,0.12,0.12,0.11,0.12,0.13,0.12,0.13,0.15,0.15,0.15,0.14,0.14,0.14,0.13,0.13,0.13,0.13,0.14,0.14,0.13,0.12,0.12,0.12,0.13,
大園,2025/10/31 00:00:00,NO,0.1,0.3,0.5,0.5,0.6,0.6,1,1.6,1.9,1.4,1.7,2.1,2.1,1.5,1.3,1.4,1.4,1.1,1,1,0.5,0.7,0.7,0.9,
大園,2025/10/31 00:00:00,NO2,2.7,3.1,3.8,3.8,3.7,4,6.2,7.4,6.9,4.2,5.2,5,5.3,5.2,5.6,5.2,6,6.6,5.2,7.4,4.6,4.2,4,5.9,
大園,2025/10/31 00:00:00,NOx,2.8,3.5,4.4,4.4,4.3,4.7,7.3,9,8.8,5.6,6.9,7.1,7.4,6.7,7,6.6,7.4,7.7,6.2,8.4,5.1,5,4.7,6.9,
大園,2025/10/31 00:00:00,O3,38.8,36.2,33.7,34,32.4,32.9,32.3,31.7,32.5,39.2,39,42.9,44.3,45.7,46.5,46.5,43.6,46.4,46.9,46.2,47.4,48.6,48.5,45.3,
大園,2025/10/31 00:00:00,PM10,23,18,27,34,14,20,23,21,19,21,16,17,23,21,21,21,23,85,19,18,17,24,23,15,
大園,2025/10/31 00:00:00,PM2.5,3,6,8,10,9,7,5,7,7,7,4,5,5,1,4,8,6,4,5,6,5,3,3,5,
大園,2025/10/31 00:00:00,RAINFALL,0,0,0,0,0,0,0,0,0,0,0,0,0,0,0,0,0,0,0,0,0,0,0,0,
大園,2025/10/31 00:00:00,RH,91,90,89,89,91,89,85,81,78,75,71,68,69,72,71,72,74,76,77,76,77,77,73,66,
大園,2025/10/31 00:00:00,SO2,0.8,0.3,0.2,0.3,0.1,0.3,0.4,0.5,0.5,0.7,0.7,0.5,0.5,0.8,0.8,0.7,0.7,0.8,0.8,0.9,0.8,0.8,0.9,0.9,
大園,2025/10/31 00:00:00,WD_HR,0,3,2,2,359,2,6,11,22,29,30,28,28,29,27,26,28,30,30,32,31,32,32,34,
大園,2025/10/31 00:00:00,WIND_DIREC,4,356,5,359,1,7,5,9,25,29,28,28,35,27,26,26,27,32,31,33,29,33,35,35,
大園,2025/10/31 00:00:00,WIND_SPEED,5.2,3.3,4.5,4.7,4.9,4.5,5.3,5.1,6.4,5.7,6.5,6.7,5.5,5.5,6.2,7.2,5.7,5.3,5.3,5.5,5.1,6,5.9,5.5,
大園,2025/10/31 00:00:00,WS_HR,4,3.3,4.2,4.2,4.9,4.6,4.3,5,5.3,5.2,5.2,5.8,5.7,5.3,5.7,6.1,5.6,5.1,4.9,5,5.1,5.8,5.8,6,
大園,2025/11/01 00:00:00,AMB_TEMP,23.5,23.3,23.2,23.2,23.1,23.2,23.1,23.2,23.5,23.9,24.7,24.7,24.3,24.3,24.4,24,23.6,23.4,23.5,23.6,23.4,22.4,21.4,20.8,
大園,2025/11/01 00:00:00,CO,0.13,0.14,0.14,0.14,0.14,0.15,0.19,0.22,0.21,0.21,0.22,0.23,0.22,0.23,0.24,0.26,0.26,0.28,0.24,0.26,0.23,0.22,0.21,0.22,
大園,2025/11/01 00:00:00,NO,0.7,0,1.8,0.6,0.3,3.2,1.2,1.7,3.3,4.4,3.2,2.5,1.1,1.2,1.6,1.6,1.1,0.8,0.6,0.4,0.2,0.2,0,0.2,
大園,2025/11/01 00:00:00,NO2,5.3,4.1,9.1,9.4,7.6,16.6,17.3,19.4,22.6,20.2,13,13.8,9.3,13.4,14.7,18.9,18.2,24,19.3,20.8,17.5,10.1,8.8,12.8,
大園,2025/11/01 00:00:00,NOx,6.1,4.1,11,10.1,7.9,19.8,18.5,21.1,25.9,24.6,16.3,16.3,10.4,14.6,16.4,20.5,19.3,24.8,20,21.2,17.7,10.3,8.8,13,
大園,2025/11/01 00:00:00,O3,43.8,43.8,41.2,39.2,37.3,29.8,30.7,29.7,25.9,30.9,38.5,42.9,47.9,42.6,41.3,35.1,37.8,33.1,34.1,32.9,38.4,45.8,48.4,39.4,
大園,2025/11/01 00:00:00,PM10,31,31,24,43,27,28,26,29,34,35,48,42,44,43,37,31,40,37,34,23,26,27,22,21,
大園,2025/11/01 00:00:00,PM2.5,7,4,4,8,8,12,10,7,5,6,8,10,18,13,15,13,9,12,11,9,12,13,11,13,
大園,2025/11/01 00:00:00,RAINFALL,0,0,0,0,0,0,0,0,0,0,0,0,0,0,0,0,0,0,0,0,0,0,0.5,0,
大園,2025/11/01 00:00:00,RH,66,66,67,68,69,66,66,64,65,64,63,66,70,69,67,69,68,68,67,66,69,77,84,89,
大園,2025/11/01 00:00:00,SO2,1,0.8,0.8,1.2,1.1,1.4,1.4,1.5,1.6,1.6,2.3,2,1.7,1.5,1.4,1.5,1.3,1.6,1.4,1.8,1.7,1,1,0.9,
大園,2025/11/01 00:00:00,WD_HR,32,33,35,36,38,36,55,60,71,61,61,56,46,60,69,72,70,67,68,65,72,72,75,83,
大園,2025/11/01 00:00:00,WIND_DIREC,30,34,39,37,36,35,63,59,67,38,67,55,60,81,73,73,64,77,63,62,78,71,82,82,
大園,2025/11/01 00:00:00,WIND_SPEED,6,5.3,5,5.6,5.4,5.8,2.8,4.3,3.8,5.2,5.6,5.5,5.5,3.7,4.1,3.8,3.4,3.7,3.7,3.4,4.5,4.6,4.3,3.3,
大園,2025/11/01 00:00:00,WS_HR,5.7,5.5,5.5,5.2,4.4,5.3,3.5,3.7,3.9,4,4.8,5,5.4,3.6,3.5,3.4,3.6,3.1,3.7,3.4,4.2,3.8,4.1,3.3,
大園,2025/11/02 00:00:00,AMB_TEMP,21,21.2,20.8,20.5,20.2,20.2,20.1,20.3,20.7,21.1,21.8,22.5,23.3,23.6,23.8,23.2,22.8,22,21.6,21.6,21.7,21.9,22,22.3,
大園,2025/11/02 00:00:00,CO,0.23,0.2,0.21,0.21,0.21,0.22,0.23,0.25,0.27,0.27,0.25,0.25,0.26,0.27,0.28,0.33,0.35,0.34,0.39,0.37,0.42,0.39,0.41,0.38,
大園,2025/11/02 00:00:00,NO,0.3,0.4,0.4,0.4,0.4,0.7,0.7,1.4,1.5,1.9,1.7,1.6,2.7,1.8,2.6,1.5,1.3,0.8,1,1,1.7,8.4,3.5,1.8,
大園,2025/11/02 00:00:00,NO2,17.1,6.2,6.3,4.9,5.3,8.5,9.5,18.8,15.9,15.6,9.5,8.5,13.7,12.2,14.5,18.8,23.8,14.4,19.4,17.8,30.5,25.2,22.7,15.3,
大園,2025/11/02 00:00:00,NOx,17.4,6.6,6.7,5.4,5.8,9.3,10.2,20.3,17.5,17.5,11.3,10.2,16.4,14.1,17.1,20.4,25.2,15.2,20.5,18.9,32.3,33.6,26.3,17.1,
大園,2025/11/02 00:00:00,O3,38.2,46.7,48.2,47.2,46.1,48.7,42.7,35.6,42.2,41.6,47.3,47.6,43.7,47,43.2,40.9,34.1,47.3,40.9,39,32.4,35.2,32,38.1,
大園,2025/11/02 00:00:00,PM10,13,16,21,13,15,18,15,19,23,19,15,25,33,29,29,38,43,46,45,44,48,58,60,70,
大園,2025/11/02 00:00:00,PM2.5,11,10,11,10,9,13,8,8,11,15,13,11,12,16,17,17,27,28,31,30,31,33,30,23,
大園,2025/11/02 00:00:00,RAINFALL,0,0,0,0.5,0.5,1,0.5,0,0,0,0,0,0,0,0,0,0,0,0,0,0,0,0,0,
大園,2025/11/02 00:00:00,RH,87,86,88,90,91,90,91,89,85,84,78,74,68,66,65,70,72,74,77,75,74,72,70,67,
大園,2025/11/02 00:00:00,SO2,1.1,0.6,0.6,0.5,0.5,0.6,0.5,0.8,1,1.2,0.8,0.8,1.6,1.5,1.6,1.6,1.5,1.2,1.5,1.1,1.4,1.4,1.1,1.1,
大園,2025/11/02 00:00:00,WD_HR,73,67,69,72,69,68,73,96,77,97,102,99,101,98,74,72,64,69,80,91,81,76,71,70,
大園,2025/11/02 00:00:00,WIND_DIREC,66,64,81,67,60,79,81,93,91,98,101,90,103,92,77,66,58,71,91,95,87,77,70,67,
大園,2025/11/02 00:00:00,WIND_SPEED,3.8,3.2,3.2,3,2.6,3.3,3.1,3.5,3.8,4.9,4.7,3.7,5,4.8,3.9,3.9,4.3,3.2,4.3,4.6,3.7,3.8,3.5,3.8,
大園,2025/11/02 00:00:00,WS_HR,3.4,3.6,2.8,2.7,2.7,3.3,2.8,3.5,3.2,4.9,5.3,4.4,4.5,4.6,3.7,3.7,3.6,3.9,3.7,4.3,3.8,3.4,3.2,3.8,
大園,2025/11/03 00:00:00,AMB_TEMP,22.4,22.5,21.8,20.7,19.8,19.6,19.2,19.3,19.9,20.6,21,20.4,20.4,20.7,21.1,20.9,20.7,20.3,19.8,19.8,20.1,20.1,20,20.1,
大園,2025/11/03 00:00:00,CO,0.37,0.27,0.25,0.23,0.24,0.28,0.34,0.4,0.43,0.45,0.5,0.37,0.33,0.23,0.21,0.2,0.17,0.17,0.17,0.18,0.18,0.18,0.18,0.16,
大園,2025/11/03 00:00:00,NO,1.6,0.8,1.1,0.6,0.6,0.7,0.9,1.3,1.7,2.7,4.8,3.9,3.1,2.9,3.1,3,2,1.5,1.6,1.2,1.1,0.6,0.8,1,
大園,2025/11/03 00:00:00,NO2,25.2,9,10,6.1,5.9,9.8,15.3,24.6,23.7,30.8,41.7,23.8,21.4,17,16.7,21.1,15.5,12.1,13.5,16,15.2,13.4,11.8,15.7,
大園,2025/11/03 00:00:00,NOx,26.8,9.8,11.1,6.8,6.5,10.6,16.3,26,25.4,33.5,46.5,27.7,24.5,20,19.8,24.2,17.6,13.7,15.2,17.2,16.3,14.1,12.6,16.7,
大園,2025/11/03 00:00:00,O3,31.2,46.9,54.8,56.3,53.6,53.2,51.8,43.2,46,38,28.3,38,34.5,37.1,34.2,29.4,33.5,35.3,32.3,28.2,31.4,27.6,31.4,26.1,
大園,2025/11/03 00:00:00,PM10,54,40,37,x,21,22,26,31,44,37,46,35,24,21,28,26,17,15,17,8,15,18,9,9,
大園,2025/11/03 00:00:00,PM2.5,24,22,14,17,18,15,18,22,28,28,26,22,18,12,10,11,7,8,5,7,5,6,4,1,
大園,2025/11/03 00:00:00,RAINFALL,0,0,0,0,0,0.5,1,0,0,0,0.5,0,0,0,0,0,0,0,0,0,0,0,0,0,
大園,2025/11/03 00:00:00,RH,65,70,77,80,87,89,90,90,86,83,83,86,88,86,84,84,85,86,89,88,86,86,85,85,
大園,2025/11/03 00:00:00,SO2,1.4,1.3,1.6,1,0.9,1,1.2,1.3,1.4,1.8,2.3,1.5,1.3,1.4,1.4,1.4,1.7,1.5,1.3,1.2,1.5,1.5,1.4,1.5,
大園,2025/11/03 00:00:00,WD_HR,68,61,58,72,61,70,60,67,80,94,85,73,62,58,59,59,55,61,61,58,61,63,65,67,
大園,2025/11/03 00:00:00,WIND_DIREC,67,54,63,71,59,71,57,66,89,100,75,69,56,61,61,57,50,61,60,51,68,65,70,73,
大園,2025/11/03 00:00:00,WIND_SPEED,4.2,5.1,4.9,4.3,3.6,3.5,3.4,3.8,5.2,5.3,3.8,3.6,3.7,3.9,4.2,5,5.4,4.3,4.3,3.7,3.9,4.3,3.8,3.9,
大園,2025/11/03 00:00:00,WS_HR,3.7,4.3,4.7,4.2,3.3,3.2,3.1,3.3,4,4.7,3.3,3.8,3.3,4.2,4.4,4,4.9,4.9,4.3,3.7,3.6,3.7,3.9,3.9,
大園,2025/11/04 00:00:00,AMB_TEMP,20.5,20.7,20.5,20.3,20.5,20.9,21.3,21.6,22.2,22.2,22.4,22.9,23.3,23,22.5,22,21.7,21,20.4,20.2,20.4,20.6,20.8,20.8,
大園,2025/11/04 00:00:00,CO,0.15,0.13,0.13,0.13,0.13,0.14,0.16,0.18,0.17,0.15,0.13,0.17,0.14,#,0.13,0.13,0.14,0.12,0.12,0.12,0.14,0.17,0.16,0.15,
大園,2025/11/04 00:00:00,NO,1.7,1,0.9,0.7,0.7,1.5,2.4,2.5,3.7,4.4,3.6,6.3,2.7,#,1.9,1.7,2,1.8,1.7,1.4,2.8,4.8,2.7,1.1,
大園,2025/11/04 00:00:00,NO2,16,7,5.6,5.8,6.6,15.1,19.8,15.1,17,15.7,9.8,17.3,8,#,7.1,7.4,8.7,5.9,6.7,5.3,11.1,18.4,11.6,12.2,
大園,2025/11/04 00:00:00,NOx,17.7,8,6.5,6.5,7.3,16.6,22.2,17.6,20.7,20.2,13.5,23.6,10.8,#,9.1,9.1,10.7,7.7,8.4,6.7,13.9,23.2,14.3,13.3,
大園,2025/11/04 00:00:00,O3,33.2,34.9,38.9,38.3,37.5,A,27,29,#,30,34.4,30.4,38.4,#,#,#,34.5,38.4,39.2,39.9,35.9,30,33.7,32.6,
大園,2025/11/04 00:00:00,PM10,17,17,9,7,7,7,11,13,17,12,12,18,17,16,#,6,13,9,8,12,9,8,7,3,
大園,2025/11/04 00:00:00,PM2.5,3,6,3,2,2,3,7,5,6,5,3,3,3,#,5,4,2,5,4,3,4,3,7,5,
大園,2025/11/04 00:00:00,RAINFALL,0,0,0,0.5,0,0,0,0,0,0,0,0,0,#,0,0,0,0,1,0,0.5,0,0,0,
大園,2025/11/04 00:00:00,RH,84,84,86,89,89,87,88,88,87,88,88,85,84,85,88,90,90,93,94,93,94,92,89,87,
大園,2025/11/04 00:00:00,SO2,1.4,0.7,0.7,0.8,0.7,1,1.7,1.7,1.8,1.6,1,1.9,1.8,#,#,0.7,0.7,0.5,0.4,0.6,0.8,1.2,1.2,1.1,
大園,2025/11/04 00:00:00,WD_HR,67,66,64,63,51,37,48,55,50,39,41,40,41,39,37,36,37,34,36,35,37,54,61,67,
大園,2025/11/04 00:00:00,WIND_DIREC,64,75,60,63,59,39,60,56,44,35,39,38,52,38,35,33,36,38,33,37,34,53,64,68,
大園,2025/11/04 00:00:00,WIND_SPEED,5,4.5,3.7,2.9,2.7,4.8,4.4,4.7,5.5,6.7,7.6,7.5,5.7,6.8,7.5,8,7,7,6.8,6.3,6,4.1,4.8,3.9,
大園,2025/11/04 00:00:00,WS_HR,4.6,4.2,3.5,3.5,2.8,3.4,4.3,4.3,4.6,5.1,6.3,6.7,6.4,7.2,7.2,7.3,6.3,6.6,6.4,6.5,5,4.2,4.2,3.8,
大園,2025/11/05 00:00:00,AMB_TEMP,20.6,20.7,21,21,21,21,21.7,22.7,22.6,24,25,25.7,24.8,24.9,25.1,25.3,24.5,23.9,23.9,24,23.9,24,23.8,23.8,
大園,2025/11/05 00:00:00,CO,0.17,0.16,0.15,0.14,0.14,0.16,0.17,0.17,0.17,0.18,0.19,0.18,#,#,0.16,0.14,0.16,0.17,0.15,0.14,0.14,0.2,0.19,0.16,
大園,2025/11/05 00:00:00,NO,2,1.1,0.9,1,1.1,1.3,1.8,3.1,3.8,5.8,5.2,4.7,#,#,#,#,3,2.4,1.8,1.3,1.2,1.3,1.2,1.2,
大園,2025/11/05 00:00:00,NO2,23.3,12.9,9.1,7.9,6.9,9.7,14.4,15.2,15.1,14.6,11.7,12.2,#,#,#,#,14.1,14.2,11.7,10.1,11.1,19.3,16.5,12.3,
大園,2025/11/05 00:00:00,NOx,25.3,14,10.1,8.9,8,11.1,16.2,18.3,18.9,20.4,16.9,16.9,#,#,#,#,17.1,16.7,13.5,11.5,12.4,20.7,17.8,13.6,
大園,2025/11/05 00:00:00,O3,20.5,26.7,32.2,31.1,30,23.5,23.1,27.8,29.3,30,#,#,#,39.6,36.4,#,#,#,#,35.2,32.7,25.9,26.5,29.2,
大園,2025/11/05 00:00:00,PM10,3,11,8,6,6,5,6,10,9,16,10,16,8,#,18,16,25,16,8,14,11,8,18,13,
大園,2025/11/05 00:00:00,PM2.5,0,0,3,4,2,3,5,4,2,6,6,5,#,2,2,3,4,4,3,4,5,5,8,4,
大園,2025/11/05 00:00:00,RAINFALL,0,0,0,0,0,0,0,0,0,0,0,0,0,0,0,0,0,0,0,0,0,0,0,0,
大園,2025/11/05 00:00:00,RH,88,89,88,89,89,90,89,87,89,83,79,76,80,79,77,78,82,84,82,79,79,79,80,81,
大園,2025/11/05 00:00:00,SO2,1.1,1.1,1,0.9,1,0.9,1,1.5,1.4,1.5,1.3,1.2,#,#,1.7,1.8,1.8,1.5,1.4,1.3,1.2,1.6,1.6,1.2,
大園,2025/11/05 00:00:00,WD_HR,69,53,62,72,77,84,63,61,61,58,71,49,#,41,54,36,40,55,50,58,62,66,65,66,
大園,2025/11/05 00:00:00,WIND_DIREC,61,52,67,57,66,74,56,59,67,60,66,34,36,55,38,37,41,59,58,60,65,62,68,62,
大園,2025/11/05 00:00:00,WIND_SPEED,2.2,2.7,2.4,1.9,2,2,3.4,4.3,3.9,3.6,3.3,6.6,6,5.7,6,6.4,4.5,5,4.6,4.8,2.8,2.7,3.4,3,
大園,2025/11/05 00:00:00,WS_HR,2.7,2.4,2.4,2.2,2.3,2.3,2.6,3.7,3.7,4,3.5,4.4,#,5.7,4.9,5.8,4.9,4.4,4.4,4.5,3.8,2.6,2.9,3.3,
大園,2025/11/06 00:00:00,AMB_TEMP,23.7,23.4,23.3,23.3,23.3,23.2,23.6,24.6,25.9,27,27.5,27.7,27.9,27.9,27.6,26.9,26,25.4,25.1,25,24.9,24.9,24.9,24.9,
大園,2025/11/06 00:00:00,CO,0.2,0.14,0.15,0.15,0.16,0.16,0.2,0.19,0.17,0.16,0.13,0.13,0.14,0.14,0.14,0.16,0.17,0.18,0.17,0.17,0.18,0.16,0.16,0.16,
大園,2025/11/06 00:00:00,NO,1.8,0.8,1.2,1.3,1.2,1.6,2.7,4.6,4.9,4.7,3.4,2.8,3,3.3,3.8,3.6,3.1,2,1.7,1.2,1.4,1.2,1.3,1.3,
大園,2025/11/06 00:00:00,NO2,25.8,7.8,11.3,12.7,10.1,13.9,21.5,15.9,12.3,10.5,6.8,6.3,7.4,8.9,11.3,11.1,13.5,15.5,13.8,11.7,16.9,11.4,10.9,13.3,
大園,2025/11/06 00:00:00,NOx,27.7,8.7,12.5,14,11.4,15.6,24.3,20.5,17.2,15.3,10.3,9.1,10.4,12.3,15.1,14.8,16.7,17.6,15.6,12.9,18.4,12.6,12.3,14.6,
大園,2025/11/06 00:00:00,O3,18.8,32.3,29.5,27.3,28.2,23.6,21.5,25.9,30.7,34.2,38.4,40,40.4,38.4,#,33.5,31.5,28.2,29,32.3,27.3,30.7,29.7,28.4,
大園,2025/11/06 00:00:00,PM10,12,17,15,17,11,17,18,14,26,28,24,21,21,21,23,21,19,24,18,17,16,19,23,17,
大園,2025/11/06 00:00:00,PM2.5,5,6,6,6,5,4,7,7,6,6,6,4,9,8,7,7,4,5,6,3,4,5,3,3,
大園,2025/11/06 00:00:00,RAINFALL,0,0,0,0,0,0,0,0,0,0,0,0,0,0,0,0,0,0,0,0,0,0,0,0,
大園,2025/11/06 00:00:00,RH,80,80,80,80,81,80,80,79,73,65,62,62,63,63,64,67,70,73,75,76,77,78,79,80,
大園,2025/11/06 00:00:00,SO2,1.7,1,1.3,1.2,1.1,1.2,1.6,1.4,1.4,1.2,1.2,0.8,1,1.1,1.4,1.3,1.4,1.8,1.6,1.5,1.6,2,2.1,2.5,
大園,2025/11/06 00:00:00,WD_HR,64,63,56,65,64,67,65,66,66,59,70,73,66,67,77,73,71,63,64,68,64,67,67,62,
大園,2025/11/06 00:00:00,WIND_DIREC,62,64,65,64,65,59,66,68,63,59,64,65,83,71,83,72,67,64,66,65,61,66,62,58,
大園,2025/11/06 00:00:00,WIND_SPEED,3.2,2.7,2.6,2.9,2.9,2.6,3.9,5.8,5.7,6.5,6.7,5.4,6.9,5.2,6.1,5.2,5.3,4.8,4.3,3.9,4.8,4.2,4,4.2,
大園,2025/11/06 00:00:00,WS_HR,2.7,2.8,2.4,2.9,2.7,2.6,3.1,4.2,5.3,5.5,6.4,6,5.5,5.6,5.4,5.5,4.8,4.1,4,4.2,4,4.2,3.9,3.9,
大園,2025/11/07 00:00:00,AMB_TEMP,24.9,25,25.1,25,24.9,24.5,24.8,26.2,27.7,28.9,29.6,28.5,28,27.7,27.7,27.3,26.7,26.2,26.1,25.8,25.7,25.4,25.3,25.3,
大園,2025/11/07 00:00:00,CO,0.16,0.12,0.12,0.12,0.12,0.14,0.19,0.19,0.21,0.18,0.16,0.12,0.12,0.13,0.12,0.13,0.13,0.18,0.2,0.18,0.17,0.17,0.18,0.15,
大園,2025/11/07 00:00:00,NO,1.2,0.4,0.4,0.3,0.4,0.7,2.8,4.5,4.9,4.7,3.3,2.4,1.9,1.8,2.1,1.9,1.8,1.3,1.3,1,0.8,0.9,1,0.7,
大園,2025/11/07 00:00:00,NO2,12.6,6.5,6.6,5.8,5.9,10.6,21.3,18.6,15.5,12.1,11.1,7.8,5.8,5.8,6.9,7.6,10,13.9,16.2,13.6,12.4,13,13.4,10.1,
大園,2025/11/07 00:00:00,NOx,13.9,6.9,7.1,6.2,6.4,11.3,24.1,23.1,20.5,16.9,14.5,10.3,7.7,7.7,9,9.5,11.9,15.3,17.6,14.7,13.2,13.9,14.5,10.8,
大園,2025/11/07 00:00:00,O3,29.5,33.1,33.8,33.7,32.8,26.8,19,23.2,27.3,31.9,35.6,38.8,39.9,38.5,36.9,34.7,31.7,26.8,25,27.3,30.2,28.8,28.4,30.6,
大園,2025/11/07 00:00:00,PM10,25,15,16,17,12,13,15,16,16,19,21,23,21,21,21,21,29,27,21,21,27,25,22,27,
大園,2025/11/07 00:00:00,PM2.5,4,4,3,6,4,2,5,5,5,7,8,7,7,6,8,10,9,8,10,12,8,7,6,7,
大園,2025/11/07 00:00:00,RAINFALL,0,0,0,0,0,0,0,0,0,0,0,0,0,0,0,0,0,0,0,0,0,0,0,0,
大園,2025/11/07 00:00:00,RH,80,80,80,81,79,79,78,73,67,61,61,70,75,78,76,76,77,77,76,76,77,79,79,78,
大園,2025/11/07 00:00:00,SO2,2.4,1.7,1.5,1,0.9,1.1,1.2,1.3,1.3,1.2,1,1.2,1.1,0.8,1,1,1.4,1.6,2,3,2,1.9,2,2.1,
大園,2025/11/07 00:00:00,WD_HR,59,55,56,56,63,43,55,69,73,73,52,28,29,30,33,33,33,44,54,57,52,53,54,57,
大園,2025/11/07 00:00:00,WIND_DIREC,58,56,57,59,54,46,63,71,84,69,30,30,28,30,33,33,34,55,52,57,55,51,58,58,
大園,2025/11/07 00:00:00,WIND_SPEED,3.5,3.8,3.3,2.3,1.7,2.2,2,3.1,3.1,3.4,5,6.2,7.2,6.6,6.5,5.9,5.5,3.5,4.2,4.1,4.3,3.4,3.8,3.9,
大園,2025/11/07 00:00:00,WS_HR,3.8,3.6,3.2,2.6,2.4,2,1.8,2.7,2.7,3.3,3.3,6,6.8,6.5,6.4,5.9,5.5,3.6,3.7,4,3.8,3.6,3.4,3.5,
大園,2025/11/08 00:00:00,AMB_TEMP,25.2,25.1,25.1,25,25,24.9,25.1,25.9,26.9,27,27.3,28.3,27.5,27.5,28.4,28.5,27.5,26.4,26,25.7,25.4,25.4,25.1,25.1,
大園,2025/11/08 00:00:00,CO,0.2,0.14,0.13,0.13,0.13,0.13,0.14,0.16,0.16,0.13,0.13,0.14,0.12,0.11,0.13,0.15,0.16,0.18,0.17,0.19,0.18,0.18,0.16,0.14,
大園,2025/11/08 00:00:00,NO,1.2,0.5,0.4,0.3,0.7,0.6,1,2.8,4.8,3.3,2.6,2.8,1.8,1.5,2.2,2.6,2.9,2,1.5,1.2,1,0.5,8.4,2.6,
大園,2025/11/08 00:00:00,NO2,15.9,8.6,6.1,5,10.2,7.2,9.5,14.8,13.2,8.3,7.4,8,5.2,5,7.3,11.9,16.3,14.3,12.4,17.2,15.6,13.7,15.1,20.4,
大園,2025/11/08 00:00:00,NOx,17.2,9.1,6.5,5.4,10.9,7.9,10.6,17.7,18.1,11.7,10,10.8,7,6.6,9.5,14.6,19.3,16.4,14,18.5,16.6,14.3,23.6,23.1,
大園,2025/11/08 00:00:00,O3,26.2,31.6,33.4,33.2,28,30.1,30.2,27.2,27.6,34,38.4,37.1,40.4,38.9,36.9,31.4,24.8,24.5,24.9,22.6,22.8,25.3,22.1,18.6,
大園,2025/11/08 00:00:00,PM10,21,24,29,25,40,20,25,27,44,39,31,35,36,27,31,34,32,35,28,31,29,25,29,28,
大園,2025/11/08 00:00:00,PM2.5,11,10,13,14,12,18,14,12,11,11,11,12,15,11,11,18,17,15,12,14,15,12,9,7,
大園,2025/11/08 00:00:00,RAINFALL,0,0,0,0,0,0,0,0,0,0,0,0,0,0,0,0,0,0,0,0,0,0,0,0,
大園,2025/11/08 00:00:00,RH,79,80,79,77,77,78,78,75,74,75,74,69,72,70,65,64,67,72,73,74,76,76,81,82,
大園,2025/11/08 00:00:00,SO2,2.1,1.7,1.6,1.6,1.6,1.6,2.1,1.9,2.3,2,1.9,1.8,1.5,1.6,1.7,1.5,1.5,1.7,1.5,1.8,1.8,2,2.2,2.3,
大園,2025/11/08 00:00:00,WD_HR,52,51,60,57,55,60,63,58,37,31,34,37,32,32,52,61,45,44,50,46,61,62,37,42,
大園,2025/11/08 00:00:00,WIND_DIREC,43,60,59,57,59,59,63,44,38,30,31,32,36,31,65,54,42,39,46,63,57,64,40,33,
大園,2025/11/08 00:00:00,WIND_SPEED,3.5,3.5,3,3.7,3.1,3.2,3.7,3.4,3.6,6.4,6.3,6.9,6.4,6.4,4.3,3.5,3.4,3.1,2.7,2.9,2.4,3,3.1,3.7,
大園,2025/11/08 00:00:00,WS_HR,3.2,3.2,3.1,3.4,3.2,3,3.6,3.2,3.3,5.5,5.7,5,6.4,6.9,4.5,3.5,3.2,2.9,2.8,2.7,2.6,2.6,3.3,3.1,
大園,2025/11/09 00:00:00,AMB_TEMP,24.7,24.3,24.4,24.7,24.5,24.6,24.9,26.1,27.6,28.3,29.3,30,29.5,28.8,26.8,26,24.9,24.7,24.5,24.3,24.2,24.1,23.8,23.8,
大園,2025/11/09 00:00:00,CO,0.12,0.14,0.15,0.14,0.13,0.14,0.14,0.16,0.16,0.15,0.14,0.13,0.12,0.13,0.14,0.17,0.26,0.29,0.29,0.3,0.32,0.28,0.28,0.28,
大園,2025/11/09 00:00:00,NO,1.7,1.1,1.1,1.3,1.1,1.1,1.8,4.4,3.3,2.6,2.6,2.5,2.4,2.6,3.3,3.1,1.9,1.6,2.1,2,3.4,3,4.1,2.8,
大園,2025/11/09 00:00:00,NO2,16,9.1,10.6,8.4,9.2,8.1,10.8,14.8,8.6,6.5,6.4,5.9,5.2,6.2,8.9,6.7,8.2,11.6,13.8,14.5,16.1,16.1,10.6,17.7,
大園,2025/11/09 00:00:00,NOx,17.8,10.2,11.7,9.7,10.3,9.3,12.6,19.2,12,9.1,9,8.5,7.7,8.8,12.2,9.9,10.1,13.3,16,16.5,19.5,19.1,14.8,20.5,
大園,2025/11/09 00:00:00,O3,22.2,27.7,25.3,29.4,25.8,26.8,26.2,23.9,31,35.1,36.5,34.9,35.6,33.9,33.6,37.1,41.4,38,37.1,36.7,39.6,38,40.8,37.4,
大園,2025/11/09 00:00:00,PM10,16,25,21,9,20,19,22,19,23,25,25,34,25,38,x,29,37,32,34,34,33,35,34,30,
大園,2025/11/09 00:00:00,PM2.5,5,9,10,7,4,3,5,7,4,6,8,8,5,3,5,27,8,11,13,11,10,13,14,13,
大園,2025/11/09 00:00:00,RAINFALL,0,0,0,0,0,0,0,0,0,0,0,0,0,0,0,0,0,0,0,0,0,0,0,0,
大園,2025/11/09 00:00:00,RH,86,88,85,82,86,88,87,81,68,64,58,53,58,63,77,80,84,84,85,85,86,86,86,85,
大園,2025/11/09 00:00:00,SO2,2,1.7,1.6,2,2.1,1.5,1.9,2.1,0.8,0.7,0.9,0.8,1,1.1,1.3,1.3,1.2,1.5,1.7,1.5,1.5,1.7,2.1,2,
大園,2025/11/09 00:00:00,WD_HR,34,43,40,47,38,42,40,57,72,70,67,61,69,64,42,38,43,49,44,47,47,39,40,42,
大園,2025/11/09 00:00:00,WIND_DIREC,43,54,34,38,37,38,54,74,76,64,66,53,64,60,46,37,43,45,54,44,43,38,41,44,
大園,2025/11/09 00:00:00,WIND_SPEED,3.1,2,3.1,3.9,3.7,4.6,4.2,5.7,6.2,5.4,7,6.6,7.9,6.6,6.5,8.9,7.2,7.1,6,7.8,7.6,8.7,8.1,7,
大園,2025/11/09 00:00:00,WS_HR,3.9,2.5,2.9,3.8,3.9,3.6,4.3,4.5,5.2,6,6,6.1,7.3,6.4,6.8,8.1,7.1,6.4,6.6,6.5,7,7.1,7.5,7,
大園,2025/11/10 00:00:00,AMB_TEMP,23.8,23.7,23.8,23.4,22.7,22.1,22,22.3,22.3,22.5,22.6,22.5,22.6,22.2,22.1,22.5,22.4,22.3,22.5,23,22.8,22.8,23.5,23.6,
大園,2025/11/10 00:00:00,CO,0.32,0.24,0.23,0.2,0.17,0.17,0.18,0.2,0.24,0.29,0.23,0.26,0.21,0.19,0.19,0.21,0.2,0.2,0.18,0.17,0.15,0.18,0.18,0.16,
大園,2025/11/10 00:00:00,NO,8.6,2.4,1,0.7,0.7,1.4,1.4,1.8,2.5,5.6,3.7,2.7,2.1,2.2,2.3,2.5,2.1,1.3,1.3,1.1,1.2,1.1,1.5,1,
大園,2025/11/10 00:00:00,NO2,21.8,12.9,7.3,5.8,4.6,8.3,10,11.2,14.1,21.1,12.9,13.5,10,9.1,11.6,13.3,11.7,11.4,9,8.2,6.7,10.1,13.3,9.6,
大園,2025/11/10 00:00:00,NOx,30.5,15.3,8.4,6.6,5.3,9.8,11.5,13.1,16.6,26.7,16.6,16.2,12.1,11.4,14,15.8,13.9,12.7,10.3,9.4,8,11.2,14.9,10.6,
大園,2025/11/10 00:00:00,O3,34.2,37.4,40,40.2,40.9,39.4,39.7,37.3,36.1,34.7,38.1,38,41.5,42,40.6,39,41.4,41.9,42.7,42.8,44.5,40,33.5,36.5,
大園,2025/11/10 00:00:00,PM10,43,29,24,19,13,13,14,21,18,16,24,19,21,28,37,34,35,47,47,49,46,27,8,18,
大園,2025/11/10 00:00:00,PM2.5,11,13,11,6,4,4,4,6,6,7,5,5,10,15,12,17,18,20,17,19,14,9,4,6,
大園,2025/11/10 00:00:00,RAINFALL,0,0,0,0.5,3,1,0.5,0,0,0,0,0,0,0.5,0,0,0,0,0,0,0.5,0.5,0.5,0,
大園,2025/11/10 00:00:00,RH,84,86,83,88,92,93,92,90,90,89,90,91,91,90,89,87,87,88,88,88,90,91,87,87,
大園,2025/11/10 00:00:00,SO2,2.1,1.8,1.8,1.4,1.1,1,1.2,1.3,1.5,2,2.1,1.6,1.7,1.5,1.6,1.8,1.8,1.8,1.6,1.4,1.3,1.3,1.4,1.4,
大園,2025/11/10 00:00:00,WD_HR,50,50,48,58,54,41,50,53,48,48,49,54,46,42,46,46,41,43,39,40,36,41,56,62,
大園,2025/11/10 00:00:00,WIND_DIREC,56,45,50,56,52,45,54,55,55,46,54,49,50,41,50,46,46,39,36,38,40,55,51,67,
大園,2025/11/10 00:00:00,WIND_SPEED,6.7,7,7.1,5.7,6.8,8,7.3,6.9,8.2,7.5,7.5,6,7.9,9.1,7.1,7.2,7,7.2,8.4,7.9,8.3,4,4.9,7.1,
大園,2025/11/10 00:00:00,WS_HR,6.6,6.1,6.5,5.9,6,7.6,7.2,6.2,7.1,7.1,6.8,5.8,6.6,7.7,7.1,6.6,6.8,6.2,7.2,7.3,8.5,5.8,4,5.6,
大園,2025/11/11 00:00:00,AMB_TEMP,23.9,24.1,24.2,24,23.9,24.1,23.7,23,22.8,22.6,22.1,22,21.8,21.7,21.3,21.1,21.3,21.6,21.8,21.8,21.6,21.5,21.6,21.7,
大園,2025/11/11 00:00:00,CO,0.16,0.14,0.14,0.14,0.15,0.15,0.15,0.15,0.15,0.14,0.13,0.12,0.11,0.11,0.11,0.11,0.12,0.13,0.12,0.11,0.11,0.1,0.11,0.1,
大園,2025/11/11 00:00:00,NO,0.7,0.5,0.2,0.2,0.4,0.4,0.9,1.5,0.8,0.9,0.9,1.3,0.5,0.8,0.8,1,0.8,0.9,0.9,0.4,0.4,1.2,0.7,0.7,
大園,2025/11/11 00:00:00,NO2,4.9,4.4,5.1,3.9,5.3,8.8,9.8,4.4,4.2,4.3,3.9,3,3.1,3.2,2.9,3.7,3.2,5.3,4.6,2.4,2.2,3.9,4.7,2.8,
大園,2025/11/11 00:00:00,NOx,5.7,4.9,5.4,4.2,5.8,9.3,10.8,5.9,5,5.2,4.9,4.3,3.6,4.1,3.8,4.7,4.1,6.2,5.6,2.9,2.6,5.2,5.5,3.5,
大園,2025/11/11 00:00:00,O3,40.8,40.7,38.9,38.4,35.7,30.3,30.3,39.7,40.6,40,40.4,40.6,40.6,40.3,40.5,40.2,41.7,41.8,41.4,42.4,42.2,40.6,39.8,40.8,
大園,2025/11/11 00:00:00,PM10,16,10,11,14,13,15,12,18,19,19,14,11,17,15,14,20,17,14,18,15,22,18,12,8,
大園,2025/11/11 00:00:00,PM2.5,9,8,5,7,6,4,3,7,4,1,3,3,3,7,5,6,4,3,4,3,4,5,3,0,
大園,2025/11/11 00:00:00,RAINFALL,0,0,0.5,1.5,0.5,0.5,0.5,0,1,0.5,1,1,1,1,0,0,0,0,0,0,0,0,0,0.5,
大園,2025/11/11 00:00:00,RH,84,86,87,89,90,89,90,94,94,95,95,95,95,95,95,94,94,94,93,93,93,93,94,94,
大園,2025/11/11 00:00:00,SO2,1.2,0,0,0,0.1,0,0.2,0.1,#,0.7,0.7,0.5,0.5,0.7,0.7,0.8,0.8,0.9,1,0.8,0.9,1,1,0.9,
大園,2025/11/11 00:00:00,WD_HR,58,58,63,64,58,57,47,36,36,34,34,32,34,34,31,34,35,35,35,32,32,35,35,33,
大園,2025/11/11 00:00:00,WIND_DIREC,55,55,59,65,40,53,36,35,33,34,35,33,34,32,33,33,36,35,32,33,34,37,36,34,
大園,2025/11/11 00:00:00,WIND_SPEED,5.6,5.3,4.6,4.9,3,3.5,7.9,8.2,9.8,10.2,10.9,9.2,11.6,9.4,10.4,11.1,8.5,9,9.4,10.6,9.7,9.1,8.6,8.1,
大園,2025/11/11 00:00:00,WS_HR,5.7,5.1,5.1,4.6,3.3,3.1,4.6,8,8.1,9.5,10.2,10.3,10.1,9.9,10.2,10,9.4,8.8,8.8,9.5,9.9,9.5,8.6,8.3,
大園,2025/11/12 00:00:00,AMB_TEMP,21.9,22.2,22.3,22.4,22.6,23,23.1,23.2,23.6,23.6,23.5,22.8,22.6,22.1,21.8,21.7,22,22.1,22.2,22.5,22.6,22.7,22.4,22,
大園,2025/11/12 00:00:00,CO,0.11,0.11,0.11,0.12,0.12,0.12,0.12,0.12,0.12,0.12,0.12,#,#,0.13,0.12,#,#,0.12,0.1,0.1,0.1,0.1,0.1,0.09,
大園,2025/11/12 00:00:00,NO,0.6,0.3,0.4,0.5,0.9,1.3,0.9,0.8,0.8,0.9,1,#,#,#,0.7,#,#,1,1.2,1.8,1.4,1.1,1,1.1,
大園,2025/11/12 00:00:00,NO2,2.2,2.1,1.7,1.9,3.3,4.5,2,2.2,2.6,2.9,2.8,#,#,#,4.1,#,#,2.7,2.8,5.2,3.1,4,4,2,
大園,2025/11/12 00:00:00,NOx,2.9,2.5,2.2,2.5,4.3,5.9,2.9,3,3.5,3.9,3.9,#,#,#,4.9,#,#,3.8,4.1,7,4.6,5.1,5,3.2,
大園,2025/11/12 00:00:00,O3,41.2,41.9,42.1,41.9,39.9,38.7,42.1,41.4,40.8,40.6,39.7,#,#,#,43.8,42.8,42.1,41.5,39.7,37.4,38,38,39.2,41.5,
大園,2025/11/12 00:00:00,PM10,9,13,12,11,16,18,18,14,19,22,x,#,17,16,17,21,20,17,17,11,14,18,12,16,
大園,2025/11/12 00:00:00,PM2.5,0,6,5,0,0,4,5,8,7,9,7,#,#,x,x,3,3,4,3,3,1,0,1,3,
大園,2025/11/12 00:00:00,RAINFALL,0,0,0,0,0,0,0,0,0,0,0,#,#,0,0,0.5,0.5,0,1,1,1,1.5,3.5,3,
大園,2025/11/12 00:00:00,RH,95,94,94,95,95,94,94,94,93,93,92,93,93,93,93,93,93,94,95,95,96,96,96,96,
大園,2025/11/12 00:00:00,SO2,0.9,0.1,0.2,0.2,0.2,0.2,0.2,0.1,0.2,0.1,0.1,#,#,x,x,#,#,0.6,0.4,0.7,0.7,0.6,0.6,0.6,
大園,2025/11/12 00:00:00,WD_HR,34,32,32,35,37,34,28,28,28,29,28,26,21,19,26,28,32,28,32,33,34,36,36,32,
大園,2025/11/12 00:00:00,WIND_DIREC,32,31,31,39,35,34,26,29,26,29,27,23,2,#,27,28,32,33,31,31,31,37,36,29,
大園,2025/11/12 00:00:00,WIND_SPEED,9.1,7.8,11.2,9.3,9,10.5,12.8,11.9,10.6,11.4,8.5,9.5,8.7,#,12.5,9.8,9.6,9.2,10.3,9.4,9.7,7.8,9.9,10.6,
大園,2025/11/12 00:00:00,WS_HR,7.9,8.6,9.2,9.6,8.6,9.3,10.9,11.7,10.8,11.3,9.9,9.7,8.3,8.6,11.8,9.6,9.3,9.5,9.1,8.4,8.9,8.1,8.1,10.1,
大園,2025/11/13 00:00:00,AMB_TEMP,21.9,21.9,21.9,21.6,21.2,20.9,20.5,20.6,20.9,20.9,21,21.2,22,22.2,23,22.5,21.7,20.8,20.5,21,21.7,21.6,21.6,21.4,
大園,2025/11/13 00:00:00,CO,0.09,0.1,0.1,0.1,0.1,0.1,0.1,0.11,0.15,0.13,0.11,0.12,0.13,0.13,0.13,0.13,0.14,0.12,0.12,0.11,0.11,0.12,0.13,0.13,
大園,2025/11/13 00:00:00,NO,0.8,0.3,0.3,0.4,0.3,0.9,0.7,0.9,7,2.4,1.1,1.7,2.3,2,2.7,1.8,1.8,1,0.8,0.7,0.6,0.6,0.8,0.4,
大園,2025/11/13 00:00:00,NO2,0.9,1.4,1.3,1.4,1.5,2.1,2.1,3.2,17.4,12.5,5.6,8.2,9.7,10.9,12,10.9,13.6,5,4.8,3.5,2.6,2.8,2.8,2.5,
大園,2025/11/13 00:00:00,NOx,1.8,1.8,1.7,1.8,1.9,3.1,2.8,4.2,24.5,15,6.8,10,12.1,12.9,14.7,12.8,15.4,6.1,5.7,4.3,3.2,3.5,3.7,3,
大園,2025/11/13 00:00:00,O3,43.1,43.4,43.9,43.8,44.9,43.7,43.9,42.3,30.5,34.4,40.8,39.6,38.6,38.5,36.3,37.3,34.6,42.7,45.7,47.4,47.4,48.2,49.2,49.5,
大園,2025/11/13 00:00:00,PM10,10,12,10,7,14,14,13,13,17,9,8,8,12,18,21,17,20,17,19,28,34,42,34,42,
大園,2025/11/13 00:00:00,PM2.5,0,2,6,2,2,3,5,3,1,1,1,0,0,5,7,7,5,5,6,5,10,14,17,19,
大園,2025/11/13 00:00:00,RAINFALL,2,0.5,0,2,1,0.5,4,1,1.5,2.5,1,2,0,0,0,0,2,1,2.5,0,0,0,0,0,
大園,2025/11/13 00:00:00,RH,96,96,96,96,96,96,96,96,94,94,95,94,91,89,84,84,89,93,94,91,85,84,82,81,
大園,2025/11/13 00:00:00,SO2,0.6,0.4,0.4,0.5,0.5,0.6,0.6,0.6,0.7,0.8,0.6,0.7,0.9,1.2,1.3,1.2,1,0.8,0.8,0.8,0.8,0.8,0.9,0.8,
大園,2025/11/13 00:00:00,WD_HR,31,29,29,26,26,26,27,27,35,34,33,37,41,35,39,40,38,28,32,30,29,30,28,28,
大園,2025/11/13 00:00:00,WIND_DIREC,29,31,28,27,26,27,30,26,29,32,36,56,44,37,38,44,36,29,28,28,29,35,30,30,
大園,2025/11/13 00:00:00,WIND_SPEED,11.8,10.3,10.7,10.7,9.6,9.6,8.8,6.3,5.7,7.1,3.8,4.2,4.8,5.5,5.5,3.5,6,5.6,8.4,7.9,7.8,8.4,9.6,9.4,
大園,2025/11/13 00:00:00,WS_HR,9.4,10,9.9,10.3,10,9.3,9.3,7.2,5.2,5,4.5,4.8,3.9,4.6,4.5,5.1,4.2,6.2,7.2,7.5,7.9,8.5,9.1,9.2,
大園,2025/11/14 00:00:00,AMB_TEMP,21.2,21,20.9,20.9,21,21.2,21.4,21.8,22.6,23.4,23.5,23.6,23.9,23.7,23.5,23.3,22.7,22.4,22.5,22.6,22.7,22.5,22.3,22.2,
大園,2025/11/14 00:00:00,CO,0.12,0.1,0.09,0.1,0.11,0.11,0.12,0.15,0.18,0.2,0.18,0.19,0.21,0.21,0.22,0.22,0.24,0.27,0.24,0.26,0.26,0.25,0.24,0.19,
大園,2025/11/14 00:00:00,NO,0.5,0.6,0.5,0.7,0.9,1.6,2.4,4.3,5.1,5.3,3.5,3.8,2.7,2.7,2.7,2.8,2,1.5,1.5,1.1,1,1,1.1,0.9,
大園,2025/11/14 00:00:00,NO2,2.5,2.6,2.2,2.1,3.7,9.5,14.1,18.3,17.8,16.9,11,13.2,10,10.7,11.6,12.1,13,15.6,14,15.2,13.1,10.8,14.1,10.1,
大園,2025/11/14 00:00:00,NOx,3,3.3,2.7,2.9,4.6,11.1,16.5,22.6,23,22.3,14.6,17,12.8,13.5,14.4,14.9,15.1,17.2,15.6,16.4,14.2,11.8,15.2,11,
大園,2025/11/14 00:00:00,O3,48.7,47.7,46.3,45.8,44,38.8,35.5,31.5,33.7,41,45.7,47.7,51.1,51.2,49.7,48.6,47.3,44.9,47,44.5,49.4,50.5,44.2,45.3,
大園,2025/11/14 00:00:00,PM10,36,42,36,32,35,38,37,40,67,42,45,55,51,54,53,57,54,88,60,86,56,65,50,72,
大園,2025/11/14 00:00:00,PM2.5,12,8,11,7,10,9,10,14,13,14,17,18,20,19,17,22,21,17,19,20,19,18,22,16,
大園,2025/11/14 00:00:00,RAINFALL,0,0,0,0,0,0,0,0,0,0,0,0,0,0,0,0,0,0,0,0,0,0,0,0,
大園,2025/11/14 00:00:00,RH,80,78,77,76,75,70,71,71,66,64,63,63,63,63,65,66,69,70,69,69,67,68,69,70,
大園,2025/11/14 00:00:00,SO2,1,0.8,0.7,0.8,0.8,1.2,1.4,1.7,1.8,1.8,1.9,1.6,1.7,1.8,1.8,1.7,1.8,2.1,1.6,1.5,1.4,1.6,2,1.5,
大園,2025/11/14 00:00:00,WD_HR,31,31,31,31,33,36,38,51,59,49,61,60,49,60,59,58,45,49,59,61,60,55,57,62,
大園,2025/11/14 00:00:00,WIND_DIREC,31,30,34,33,34,36,40,69,63,43,62,65,43,61,54,56,39,57,63,58,60,48,56,60,
大園,2025/11/14 00:00:00,WIND_SPEED,8.5,9.2,7.8,7.6,7.4,6.8,5.4,4,5,6.2,5.7,6.2,7,5.9,5,5.7,5.7,4.7,4.7,4.2,4.9,4.5,4.9,4.1,
大園,2025/11/14 00:00:00,WS_HR,8.8,8.1,7.7,7.7,7,6.5,5.3,4.2,4,5.4,5.4,5.3,5.6,5.5,5.2,5.1,5.2,4.3,4.3,3.6,4.2,4.6,4.3,4.3,
大園,2025/11/15 00:00:00,AMB_TEMP,22,21.7,21.4,21.1,21.5,21.4,21.5,22.4,23.7,24.9,25.6,25.2,24.9,24.7,24.3,24,23.4,23.1,22.9,22.9,22.9,22.8,23,22.7,
大園,2025/11/15 00:00:00,CO,0.15,0.14,0.15,0.16,0.14,0.16,0.2,0.17,0.17,0.15,0.16,0.13,0.11,0.11,0.11,0.11,0.12,0.16,0.17,0.16,0.16,0.15,0.14,0.16,
大園,2025/11/15 00:00:00,NO,1.1,1,1,1,1.1,1,1.8,3.4,4.3,4.5,4.2,4.2,2.2,2.2,2.4,2.1,1.9,1.8,1.6,1.3,1.3,1.1,1,1.2,
大園,2025/11/15 00:00:00,NO2,9.5,9.1,11.5,14.3,11.5,11.9,19.9,18.3,15.3,11.5,10.4,11.2,5,5.1,6,5.7,8.9,16,18.7,14.6,14.9,12.6,11.8,14.4,
大園,2025/11/15 00:00:00,NOx,10.6,10.1,12.6,15.3,12.6,12.9,21.8,21.8,19.7,16,14.7,15.5,7.2,7.3,8.5,7.9,10.8,17.9,20.3,15.9,16.3,13.8,12.8,15.6,
大園,2025/11/15 00:00:00,O3,43.5,41.3,36.6,31.9,36,31.7,26.5,28.4,32,36.7,39.2,40.5,44.9,45.7,44.4,43.2,39.9,31.7,28,33,32,32.2,33.7,30.5,
大園,2025/11/15 00:00:00,PM10,40,40,73,39,38,31,29,33,32,35,26,37,29,29,33,26,28,37,38,32,30,30,31,27,
大園,2025/11/15 00:00:00,PM2.5,11,12,8,13,10,9,8,9,8,8,7,7,8,9,6,6,7,9,11,11,8,7,6,9,
大園,2025/11/15 00:00:00,RAINFALL,0,0,0,0,0,0,0,0,0,0,0,0,0,0,0,0,0,0,0,0,0,0,0,0,
大園,2025/11/15 00:00:00,RH,70,71,73,74,72,72,71,67,63,58,56,61,62,63,66,68,69,70,68,68,68,70,69,72,
大園,2025/11/15 00:00:00,SO2,1.4,1.3,1.2,1.9,1.7,1.4,1.4,1.6,1.9,2,1.5,1.5,1.2,1.1,1.1,1.2,1.7,2,1.7,1.7,2,1.7,1.7,1.9,
大園,2025/11/15 00:00:00,WD_HR,60,61,53,43,53,64,58,59,62,63,63,38,34,33,33,33,35,54,61,56,50,54,56,51,
大園,2025/11/15 00:00:00,WIND_DIREC,63,55,52,44,53,65,59,61,62,63,52,33,36,33,33,35,38,63,56,49,56,55,61,43,
大園,2025/11/15 00:00:00,WIND_SPEED,4.6,2.9,3,3.2,3.1,2.7,2.8,3.3,4.6,4.7,4.8,8.5,7.7,8.4,7.5,7.7,5.6,3,3.8,4.3,3.7,3.5,3.7,2.8,
大園,2025/11/15 00:00:00,WS_HR,4.4,3.2,2.7,2.7,3.1,2.9,2.6,3.1,3.6,4.4,4.6,6.6,7.3,8.1,8,7.5,6.4,3.7,3.5,3.8,3.6,3.2,3.5,2.9,
大園,2025/11/16 00:00:00,AMB_TEMP,22.4,22.2,22.1,22.3,22.4,22.4,22.6,23.3,24.2,25.2,26,26,26.2,25.9,26,26.7,25.5,24.9,24.5,24.3,23.8,23.3,23.2,23.2,
大園,2025/11/16 00:00:00,CO,0.22,0.16,0.2,0.16,0.13,0.14,0.17,0.16,0.15,0.15,0.15,0.14,0.14,0.15,0.15,0.17,0.17,0.2,0.18,0.21,0.16,0.14,0.15,0.14,
大園,2025/11/16 00:00:00,NO,5.2,1,14.8,2.7,0.6,1.6,1.3,1.3,1.3,1.4,0.9,1,1.3,0.9,1.5,1.9,1.4,1.1,1.1,5.6,1.7,1.1,5.3,1,
大園,2025/11/16 00:00:00,NO2,29.5,20.7,41.4,20.4,5.8,12,12.5,7.4,5.8,5.4,4.3,4.1,4.5,3.7,6.7,10,10.8,15.1,15.3,28.3,14.7,8.2,17.4,9,
大園,2025/11/16 00:00:00,NOx,34.7,21.7,56.3,23.1,6.4,13.6,13.8,8.7,7.1,6.8,5.2,5.2,5.9,4.6,8.2,12,12.3,16.2,16.5,34,16.4,9.3,22.7,10,
大園,2025/11/16 00:00:00,O3,22.3,24.8,6.1,25.6,38.8,36.5,33.6,36.7,40.4,42.6,46,46.6,45.8,46.8,43.9,39.5,37.6,32.6,32.9,20.2,32.5,36,31.2,38,
大園,2025/11/16 00:00:00,PM10,31,34,30,33,32,31,39,35,37,34,28,30,28,29,28,29,36,28,35,32,21,23,26,27,
大園,2025/11/16 00:00:00,PM2.5,12,10,9,15,8,6,14,11,9,7,9,7,7,9,12,11,11,10,11,17,14,9,15,11,
大園,2025/11/16 00:00:00,RAINFALL,0,0,0,0,0,0,0,0,0,0,0,0,0,0,0,0,0,0,0,0,0,0,0,0,
大園,2025/11/16 00:00:00,RH,79,80,82,82,85,87,84,84,79,77,75,76,75,77,77,70,76,77,79,82,87,89,89,90,
大園,2025/11/16 00:00:00,SO2,3.3,1.9,3.4,2.7,1.3,1.1,1.7,1,1.2,1.1,1.3,1.2,1.1,1,1,1.5,1.9,2.1,2.3,3.1,2.6,1.7,2.5,1.9,
大園,2025/11/16 00:00:00,WD_HR,53,48,39,35,33,33,31,29,27,27,30,31,34,31,33,46,35,42,35,38,32,35,36,34,
大園,2025/11/16 00:00:00,WIND_DIREC,63,45,44,36,28,35,31,26,25,28,30,33,32,34,33,48,31,49,33,37,33,35,33,36,
大園,2025/11/16 00:00:00,WIND_SPEED,2.9,2.3,2.6,4.1,4.7,3.9,3.7,4.5,5.1,6.3,5.5,6.3,7.5,6.8,6.4,3.9,5.4,3.8,5.4,3.3,6.2,6.3,7.3,6.2,
大園,2025/11/16 00:00:00,WS_HR,2.7,2.3,2.9,3.8,4.4,4.7,3.9,4.1,4.7,5,5.1,6.4,6.4,6.7,5.7,3.8,4.5,3.9,4.6,3.5,5.6,5.7,5.9,6.2,
大園,2025/11/17 00:00:00,AMB_TEMP,23,22.6,22.3,22.4,22.5,22.5,22.6,23.2,23.6,23.7,23.1,22.3,22.3,22.1,21.9,21.5,21.5,21.4,21.4,20.7,20.4,20.2,19.8,19.1,
大園,2025/11/17 00:00:00,CO,0.15,0.13,0.12,0.12,0.12,0.12,0.12,0.14,0.13,0.13,0.13,0.13,0.13,0.12,0.13,0.12,0.13,0.13,0.13,0.12,0.14,0.15,0.16,0.16,
大園,2025/11/17 00:00:00,NO,14,0.2,0.2,0.1,0.2,0.2,0.4,1,1.2,1.1,0.7,0.9,0.9,0.9,1.1,1.1,0.8,0.6,0.8,1.1,3.4,0.3,0.3,0.3,
大園,2025/11/17 00:00:00,NO2,27.5,5,5.1,3.1,2.4,2.2,3.6,5.4,3.9,3.9,3.8,4.3,3.3,4,6.6,4.9,4.2,4.7,3.7,5.4,12.9,3,2.8,2.2,
大園,2025/11/17 00:00:00,NOx,41.6,5.2,5.4,3.3,2.6,2.4,4,6.4,5.2,5,4.5,5.2,4.2,5,7.8,6.1,5,5.4,4.5,6.5,16.4,3.3,3.1,2.5,
大園,2025/11/17 00:00:00,O3,20.6,39.5,40.5,43,43.4,43.5,39.4,38.8,40.7,43.5,44,43.9,45.2,45.2,42.4,45,46.8,46.6,46.9,47.3,44.4,48.4,45.1,42.9,
大園,2025/11/17 00:00:00,PM10,40,19,21,13,20,24,27,23,37,37,31,32,28,30,27,33,33,30,22,27,29,20,13,14,
大園,2025/11/17 00:00:00,PM2.5,8,10,8,9,5,8,12,13,14,14,13,14,13,17,11,12,9,14,13,8,11,9,4,4,
大園,2025/11/17 00:00:00,RAINFALL,0,0,0,0,0,0,0,0,0,0,0,0.5,0,0,0.5,0.5,0,0.5,0,0.5,0.5,1,2.5,2,
大園,2025/11/17 00:00:00,RH,91,93,94,94,94,94,93,90,89,88,90,93,93,92,93,93,92,92,91,93,91,93,95,95,
大園,2025/11/17 00:00:00,SO2,2.5,1.2,0.7,0.3,0.2,0.1,0.3,0.7,0.6,0.6,0.5,0.5,0.4,0.3,0.4,0.4,0.3,0.5,0.5,0.6,0.7,0.5,0.3,0.3,
大園,2025/11/17 00:00:00,WD_HR,36,37,35,33,29,27,30,31,27,29,28,27,28,30,33,31,31,33,34,34,35,33,33,32,
大園,2025/11/17 00:00:00,WIND_DIREC,37,40,36,33,27,26,33,30,29,30,29,25,29,32,33,27,31,29,36,35,34,32,30,32,
大園,2025/11/17 00:00:00,WIND_SPEED,6.2,4.6,5.4,5.6,6.7,5.3,5.4,6.2,7.3,7.7,6.9,8.4,7,6.7,6.5,7.8,7.7,7.2,7.1,7.9,8,8,9.3,9.6,
大園,2025/11/17 00:00:00,WS_HR,5.3,4.9,5.6,5.5,5.8,5.4,5,5.5,6.9,7.3,7.5,7.3,7.2,6.8,6.3,7.6,7.4,6.9,6.7,7.7,7.4,8,8.3,9.1,
大園,2025/11/18 00:00:00,AMB_TEMP,18.7,18.5,18.5,18.6,18.3,17.9,17.6,17.5,18.2,18.6,18.3,17.6,17.5,17.4,17.4,17.3,17.1,16.7,16.2,16.4,16.8,16.8,16.6,16.4,
大園,2025/11/18 00:00:00,CO,0.16,0.16,0.16,0.15,0.13,0.14,0.16,0.18,0.23,0.21,0.21,0.21,0.23,#,#,#,#,0.22,0.21,0.21,0.22,0.23,0.22,0.24,
大園,2025/11/18 00:00:00,NO,0.6,1.4,1.8,7.2,1.1,1.8,2.8,1.7,8.7,15.6,4.6,8.5,3.7,#,#,#,1.7,1.8,2,1.7,2.2,1.8,1.3,4.3,
大園,2025/11/18 00:00:00,NO2,2.1,6.6,9.9,12.2,3.3,4.2,7,6.2,22.5,19.8,17.5,14.1,9.1,#,#,#,7,7.4,7.8,7.6,8.7,9.1,7.7,16.6,
大園,2025/11/18 00:00:00,NOx,2.7,8,11.7,19.5,4.4,6.1,9.8,8,31.3,35.4,22.1,22.7,12.9,#,#,#,8.7,9.3,9.8,9.4,11,11,9,21,
大園,2025/11/18 00:00:00,O3,40.9,38.3,34.1,29.5,32.3,29.8,25.3,26.2,18.4,20.6,23.3,25.9,31,31.5,#,#,30.1,28.6,27.7,27,27.1,30.1,35.6,29.9,
大園,2025/11/18 00:00:00,PM10,13,13,17,18,12,16,16,18,22,21,21,21,27,20,#,31,24,26,23,25,31,36,30,32,
大園,2025/11/18 00:00:00,PM2.5,4,2,4,5,8,7,8,6,8,7,8,15,10,#,12,14,11,13,12,11,13,14,19,15,
大園,2025/11/18 00:00:00,RAINFALL,2,1,0,2,4.5,1.5,2.5,1.5,0,0,0.5,0.5,0,#,1,1,0,0.5,0,0,0,0,0,0.5,
大園,2025/11/18 00:00:00,RH,95,94,92,92,93,94,94,93,89,87,88,90,89,88,87,87,85,86,88,86,84,84,86,87,
大園,2025/11/18 00:00:00,SO2,0.4,1,1.1,1.4,1,1,1,1,1.8,2.2,1.8,1.5,1.4,#,#,0.9,1.3,1.1,1,1.2,1.3,1.2,1.3,1.7,
大園,2025/11/18 00:00:00,WD_HR,33,34,40,38,33,34,35,37,47,44,41,36,35,34,35,34,31,29,30,35,35,37,37,51,
大園,2025/11/18 00:00:00,WIND_DIREC,34,38,43,34,37,33,36,37,42,65,40,37,34,36,39,30,28,32,28,35,39,38,37,61,
大園,2025/11/18 00:00:00,WIND_SPEED,8.7,8.3,5.6,5.7,8.2,8.8,7.9,6.8,5.6,5.1,6.4,7.5,7.1,7.5,6.8,8.2,9.8,10.8,9.6,7,6.2,6.5,7.6,5,
大園,2025/11/18 00:00:00,WS_HR,8.9,8.4,6.2,5.9,8.2,8.3,8.2,7.2,5.1,5.7,5.9,7.2,7,7.6,7.2,7.3,9.5,9.6,9.4,7.8,7.3,6.9,7,4.8,
大園,2025/11/19 00:00:00,AMB_TEMP,16.3,15.5,16,15.5,14.9,15.1,15.3,15.5,15.5,15.4,15.2,15.7,15.5,15.4,15.4,15.2,15.3,15.6,16.2,16.4,16.6,16.8,16.8,16.8,
大園,2025/11/19 00:00:00,CO,0.26,0.19,0.19,0.19,0.19,0.19,0.21,0.24,0.27,0.23,0.24,0.25,0.23,0.24,0.25,0.25,0.25,0.28,0.29,0.24,0.22,0.2,0.21,0.19,
大園,2025/11/19 00:00:00,NO,12.9,0.6,0.4,0.6,0.7,0.6,1.2,2.4,9.9,6.5,3.3,11.4,2.2,2.7,2.6,2.5,2.1,2,1.5,1.1,1.5,4.6,1.8,1,
大園,2025/11/19 00:00:00,NO2,25.9,5.7,5.4,5,5.3,5.5,8.3,12.4,21.1,14.3,13.7,20.6,10.8,14.2,15.5,12.7,12.7,13.8,16,12.9,12.7,20.6,16.5,14,
大園,2025/11/19 00:00:00,NOx,38.8,6.3,5.9,5.6,6,6.2,9.5,14.8,31,20.8,17,32,13.1,16.9,18.2,15.2,14.8,15.8,17.5,14.1,14.3,25.3,18.4,15.1,
大園,2025/11/19 00:00:00,O3,22.3,35,34.1,31.1,30.1,29.7,26.5,22.5,16.3,19.9,20.7,16.8,27.2,27.3,27.5,30.2,31.4,32.2,31.5,36.1,34.9,28.7,29.1,30.2,
大園,2025/11/19 00:00:00,PM10,31,28,38,39,36,32,42,39,42,40,37,38,34,39,44,45,36,45,50,40,36,35,43,33,
大園,2025/11/19 00:00:00,PM2.5,14,12,14,14,12,19,16,12,16,16,16,15,17,17,20,20,20,25,22,21,14,12,12,12,
大園,2025/11/19 00:00:00,RAINFALL,0.5,0.5,0,0,0,0,0,0,0,0,0,0,0,0,0,0,0,0,0,0,0,0,0,0,
大園,2025/11/19 00:00:00,RH,86,86,81,80,79,77,77,78,80,82,83,80,80,81,81,82,82,82,78,72,64,58,64,62,
大園,2025/11/19 00:00:00,SO2,2.2,1.3,1,1.1,1.1,1,1.3,1.5,1.6,1.6,1.3,1.6,1.4,1.4,1.6,1.5,1.2,1.6,1.8,2,2,2.1,2.2,1.7,
大園,2025/11/19 00:00:00,WD_HR,43,39,35,30,33,35,38,36,37,37,38,38,35,43,39,36,36,42,53,42,47,45,55,65,
大園,2025/11/19 00:00:00,WIND_DIREC,36,36,32,30,33,37,44,38,39,37,40,36,34,51,40,38,35,49,52,40,56,56,65,69,
大園,2025/11/19 00:00:00,WIND_SPEED,8.2,7.8,9.1,9,8.6,7.6,5.3,6.4,6.2,7,6.2,7.3,7.3,5.1,6.8,6.6,7.2,5,5,6.2,4.2,6.1,4.8,4.5,
大園,2025/11/19 00:00:00,WS_HR,5.7,6.7,7.7,8.7,8.3,7.4,5.8,6.5,6,6.9,6.4,6.1,6.8,5.5,5.9,6.7,6.4,5.2,4.3,5.4,4.9,5.3,4.4,4.4,
大園,2025/11/20 00:00:00,AMB_TEMP,16.8,17,17.1,17.1,17.1,17.1,17,17.3,17.9,18.4,19.1,19.5,19.7,19.8,19.5,19.1,19.1,19,19.1,19.2,19.4,19.6,19.7,19.8,
大園,2025/11/20 00:00:00,CO,0.21,0.19,0.19,0.2,0.2,0.21,0.22,0.26,0.26,0.27,0.26,0.26,0.24,0.22,0.22,0.26,0.28,0.27,0.25,0.22,0.22,0.22,0.2,0.21,
大園,2025/11/20 00:00:00,NO,1.1,0.7,0.8,0.8,0.6,0.9,1.5,3.1,4,4.8,5.3,4.9,4.1,4.2,3,2.7,2.3,1.6,1.5,1.1,1.2,1.3,1.2,0.9,
大園,2025/11/20 00:00:00,NO2,15.2,8.2,7.1,7.5,7.6,10.3,13.8,16.5,18.4,15.4,15.1,14.8,12.2,14.9,11.7,14.8,16.7,14,15.2,13.3,12.6,14.1,14,11.6,
大園,2025/11/20 00:00:00,NOx,16.4,8.9,8,8.4,8.3,11.3,15.4,19.6,22.4,20.2,20.5,19.7,16.3,19.1,14.7,17.6,19.1,15.6,16.7,14.4,13.8,15.5,15.2,12.5,
大園,2025/11/20 00:00:00,O3,28,35,36.1,35.7,34.2,31.6,27.4,24.6,22.8,25.4,28,30.3,33.7,31,36.4,33.1,33.3,35.8,33.4,36.8,37.7,35.9,37.2,38.2,
大園,2025/11/20 00:00:00,PM10,37,43,41,40,40,42,44,50,47,41,34,29,27,30,35,36,54,36,41,33,41,44,35,x,
大園,2025/11/20 00:00:00,PM2.5,17,10,13,15,12,13,10,12,20,14,11,14,11,10,11,14,21,12,14,11,13,13,11,11,
大園,2025/11/20 00:00:00,RAINFALL,0,0,0,0,0,0,0,0,0,0,0,0,0,0,0,0,0,0,0,0,0,0,0,0,
大園,2025/11/20 00:00:00,RH,62,62,63,66,65,66,66,67,65,64,66,64,63,64,69,74,75,76,75,74,73,71,70,69,
大園,2025/11/20 00:00:00,SO2,1.6,1.6,1.4,1.6,1.6,1.6,1.6,1.8,1.8,1.9,1.9,1.9,1.9,2,1.9,2.1,2,1.8,1.8,1.8,1.9,2.3,2.4,2.3,
大園,2025/11/20 00:00:00,WD_HR,66,63,62,59,61,63,60,58,58,58,55,49,51,56,39,43,57,58,60,59,57,54,56,60,
大園,2025/11/20 00:00:00,WIND_DIREC,68,63,58,62,62,61,59,61,59,62,60,44,48,47,36,48,60,59,56,59,56,47,59,63,
大園,2025/11/20 00:00:00,WIND_SPEED,4.4,4.7,4.5,5.2,4.6,5.6,4.4,4.5,4.4,3.7,4.3,5,5.7,4.4,6.5,5.1,5.2,4.6,3.8,4.7,4.4,4.8,4.8,4.6,
大園,2025/11/20 00:00:00,WS_HR,4.3,4.5,4.6,5,4.9,4.8,4.2,4.2,4.3,4.4,4.2,4.4,4.8,4,5.7,5.2,4.5,4.5,3.8,4.4,4.4,4.4,4.4,4.5,
大園,2025/11/21 00:00:00,AMB_TEMP,19.8,19.9,19.9,19.6,19.6,19.6,19.6,19.8,20.3,20.7,20.8,20.7,20.5,20.3,20.5,20.5,20.4,20.3,20.3,20.1,20.1,20.1,20.2,20.2,
大園,2025/11/21 00:00:00,CO,0.2,0.17,0.17,0.16,0.17,0.18,0.19,0.22,0.23,0.22,0.21,0.21,0.21,0.21,0.21,0.2,0.2,0.2,0.19,0.19,0.18,0.17,0.17,0.16,
大園,2025/11/21 00:00:00,NO,1.1,1.2,0.9,0.9,0.9,1,1.6,2.5,3.2,3.7,4.8,6.4,3.6,2.4,2.7,2.5,2,1.8,1.6,1.3,1.2,1,1.1,1.1,
大園,2025/11/21 00:00:00,NO2,11,9.2,8.2,6.9,6.6,9,11.7,14,14.9,14.8,15.7,21.3,13.4,13.9,14.6,14.9,14.3,14.6,13.4,12.8,10.5,9.5,10.6,9.9,
大園,2025/11/21 00:00:00,NOx,12.1,10.4,9.1,7.8,7.6,10.1,13.3,16.6,18.2,18.5,20.5,27.8,17,16.3,17.3,17.4,16.4,16.5,15,14.1,11.8,10.6,11.7,11.1,
大園,2025/11/21 00:00:00,O3,39.1,40.6,41.6,40.9,39.3,36,33,30.9,31,31.3,30.6,30.2,33.6,35.4,35.6,36.1,36.6,36.3,39.2,40.4,42.7,43.3,43.4,43.1,
大園,2025/11/21 00:00:00,PM10,56,34,32,27,33,28,30,31,47,33,36,39,36,32,34,38,34,33,34,28,34,28,33,41,
大園,2025/11/21 00:00:00,PM2.5,9,14,13,12,15,15,12,16,11,11,13,18,15,12,10,15,12,12,13,11,12,14,17,13,
大園,2025/11/21 00:00:00,RAINFALL,0,0,0,0,0,0,0,0,0,0,0,0,0,0,0,0,0,0,0,0,0,0,0,0,
大園,2025/11/21 00:00:00,RH,68,68,70,72,73,75,74,75,73,71,72,72,72,74,73,73,72,72,72,72,71,70,68,69,
大園,2025/11/21 00:00:00,SO2,2.4,1.8,1.7,1.2,1.4,1.5,1.5,1.5,1.7,1.7,1.8,2.3,2.2,2,2.1,2.1,2,1.9,2,2,1.9,1.6,2,1.9,
大園,2025/11/21 00:00:00,WD_HR,59,56,58,63,62,61,57,58,55,59,43,39,43,43,41,53,57,59,58,59,60,58,59,59,
大園,2025/11/21 00:00:00,WIND_DIREC,54,47,64,62,62,57,58,62,60,63,37,50,40,57,40,62,61,63,56,61,53,62,60,58,
大園,2025/11/21 00:00:00,WIND_SPEED,4.8,5,4.6,3.9,4.9,4.6,4.4,5.2,4.9,5.3,6.3,5.2,5.9,5.2,6.5,5.3,5.2,5.2,5.1,5.1,5.1,4.9,5.3,5.5,
大園,2025/11/21 00:00:00,WS_HR,4.6,4.5,4.7,3.8,4.2,4.1,3.9,4.4,4.5,4.9,5.4,6.1,5.4,5.4,5.6,5.1,4.8,4.6,4.6,4.9,5,4.9,4.9,4.9,
大園,2025/11/22 00:00:00,AMB_TEMP,20.3,20.2,20.2,20.2,20.1,20.1,20.2,20.6,21.5,22.2,#,22.9,23.2,22.7,22.9,22.5,22,21.3,20.9,21,21.2,21.2,21.3,21.3,
大園,2025/11/22 00:00:00,CO,0.18,0.17,0.16,0.17,0.14,0.14,0.17,0.17,0.2,0.19,#,0.18,0.17,0.17,0.16,0.17,0.18,0.2,0.2,0.22,0.21,0.24,0.2,0.19,
大園,2025/11/22 00:00:00,NO,1,0.6,0.8,0.6,0.6,0.7,1.1,2.3,3.2,3.7,#,3.1,3.6,2.4,2.4,2,2.1,1.5,1.1,1.2,1.3,1.4,1.2,1.2,
大園,2025/11/22 00:00:00,NO2,10,8,8.7,6.7,5.2,6.8,10.5,13.8,13.9,13.3,#,12.1,11.4,11.9,11.9,12,15.5,14.9,15.9,17.8,15.9,21.8,17.4,18.3,
大園,2025/11/22 00:00:00,NOx,11,8.6,9.5,7.4,5.9,7.6,11.7,16.1,17.1,17.1,#,15.2,15,14.3,14.4,14.1,17.6,16.4,17.1,19,17.2,23.2,18.6,19.5,
大園,2025/11/22 00:00:00,O3,42.2,44.6,43.6,45.4,45.5,42.8,39.7,35.6,37.2,37.2,#,38.6,40.4,39.8,39.8,38.7,34.6,35.4,34.8,32.8,32.5,29.6,33.5,31.1,
大園,2025/11/22 00:00:00,PM10,28,31,38,88,27,25,24,35,46,32,34,32,30,31,39,31,34,32,26,27,30,25,23,21,
大園,2025/11/22 00:00:00,PM2.5,11,15,12,11,11,14,13,11,11,11,9,10,12,11,12,13,12,11,13,17,13,13,11,9,
大園,2025/11/22 00:00:00,RAINFALL,0,0,0,0,0,0,0,0,0,0,#,0,0,0,0,0,0,0,0,0,0,0,0,0,
大園,2025/11/22 00:00:00,RH,70,71,68,65,65,65,64,64,62,59,#,59,60,63,63,64,67,72,74,74,76,77,78,80,
大園,2025/11/22 00:00:00,SO2,2.2,1.8,1.8,1.5,1.3,1.4,1.5,1.6,1.8,2.1,#,1.9,1.7,1.9,1.7,1.6,1.6,1.4,1.6,1.7,1.7,2.2,2.7,2.7,
大園,2025/11/22 00:00:00,WD_HR,58,58,55,56,59,59,53,56,55,59,#,65,70,54,60,58,51,52,60,53,57,49,48,45,
大園,2025/11/22 00:00:00,WIND_DIREC,58,55,52,58,58,56,54,56,59,54,#,67,61,50,71,56,54,58,58,56,58,58,48,46,
大園,2025/11/22 00:00:00,WIND_SPEED,4.3,4.4,5,4.9,4.3,4,3.9,3.8,4.3,4.2,#,4,4.7,5.1,5.2,4.2,3.4,3.5,2.9,3.3,2.8,3.7,3.3,3.9,
大園,2025/11/22 00:00:00,WS_HR,4.6,4.7,4.6,4.5,4.2,3.8,3.6,3.6,3.8,4.3,#,4.1,4.3,4.1,4.3,3.9,3.4,3.3,3.1,3,3.2,3.1,3.5,3.5,
大園,2025/11/23 00:00:00,AMB_TEMP,21.4,21,21,21.1,21.1,21.1,21.1,21.7,22.5,23.3,23.7,24.1,24.2,23.9,23.3,22.9,22.3,22,22,22,21.9,22.1,22.3,22.9,
大園,2025/11/23 00:00:00,CO,0.21,0.14,0.14,0.14,0.15,0.16,0.16,0.17,0.17,0.17,0.16,0.16,0.15,0.16,0.16,0.16,0.16,0.17,0.16,0.15,0.16,0.17,0.21,0.2,
大園,2025/11/23 00:00:00,NO,12.2,0.4,0.5,0.5,0.5,0.6,0.9,0.9,2,2,1.2,1.3,1.2,1.4,1.3,1.3,1.3,1.2,1.2,1.1,1.4,1.8,6,10.5,
大園,2025/11/23 00:00:00,NO2,32.6,6.3,4.2,2.8,2.4,3.2,4.9,4.8,7.9,5.6,3.3,3.7,3,2.9,3.1,3,4.6,8.1,7.2,8.9,10.2,12.9,28.8,31,
大園,2025/11/23 00:00:00,NOx,44.8,6.8,4.7,3.3,2.9,3.9,5.8,5.8,9.9,7.6,4.6,5,4.3,4.3,4.4,4.3,6,9.4,8.4,10.1,11.6,14.7,34.9,41.6,
大園,2025/11/23 00:00:00,O3,24.6,39.6,41.2,43.2,44.7,43.9,44.2,44,42.9,43.6,46.4,45.7,47.1,48.6,50.8,49.9,48.3,43.5,39.2,32.9,28.4,24.4,11.9,13,
大園,2025/11/23 00:00:00,PM10,22,19,21,23,28,34,34,36,31,22,25,24,24,33,40,41,81,29,29,31,29,28,26,22,
大園,2025/11/23 00:00:00,PM2.5,11,12,10,10,7,11,15,18,14,8,11,10,14,9,14,10,9,9,12,12,11,15,15,14,
大園,2025/11/23 00:00:00,RAINFALL,0,0,0,0,0,0,0,0,0,0,0,0,0,0,0,0,0,0,0,0,0,0,0,0,
大園,2025/11/23 00:00:00,RH,80,87,88,89,89,88,86,85,84,82,81,80,80,81,82,84,86,89,90,90,90,86,82,76,
大園,2025/11/23 00:00:00,SO2,3.4,1,0.5,0.4,0.4,0.4,0.5,0.7,0.7,0.8,0.7,0.6,0.6,0.6,0.6,0.7,0.7,0.6,0.9,0.8,1.1,1.6,2,2.3,
大園,2025/11/23 00:00:00,WD_HR,39,36,35,33,31,30,34,33,35,32,29,29,28,25,21,26,30,32,31,29,32,32,46,34,
大園,2025/11/23 00:00:00,WIND_DIREC,35,36,36,29,31,33,35,33,32,26,31,24,24,25,24,29,33,33,29,29,28,37,54,32,
大園,2025/11/23 00:00:00,WIND_SPEED,4.3,4,5,5.6,4.9,5.7,5.1,5,5.3,6.2,6.4,6.5,6.7,6.3,6.5,6.1,5.4,4.1,4.1,4.1,3.5,2.5,1.7,3.5,
大園,2025/11/23 00:00:00,WS_HR,3.8,4.1,4.4,5,4.8,4.6,5.2,5.1,5.2,5.4,5.9,6,5.8,5.9,6.6,6.3,5.8,4.7,4.2,4.1,3.4,3.2,1.8,2.7,
大園,2025/11/24 00:00:00,AMB_TEMP,23,22.8,22.5,20.6,19.9,19.6,19.4,20.3,22.4,24.2,25,24.4,24.4,24,23.6,23.2,22.6,22.2,22.1,22.1,21.9,21.9,21.8,21.5,
大園,2025/11/24 00:00:00,CO,0.16,0.18,0.18,0.18,0.25,0.27,0.32,0.38,0.39,0.32,#,0.23,0.16,0.13,0.14,0.14,0.14,0.15,0.14,0.15,0.14,0.14,0.15,0.15,
大園,2025/11/24 00:00:00,NO,2.3,1.9,5.9,1.5,1.3,5.4,19.7,19.1,14.5,7.7,#,3.6,2.5,2.3,2.4,2.2,2,1.9,1.7,1.6,1.4,1.4,1.2,1.3,
大園,2025/11/24 00:00:00,NO2,16.9,21.6,27,12.3,9.8,15,26.8,22.3,20.7,16.5,#,10.1,5.3,5,5.4,5.6,7.9,7.7,4.5,3.6,2.2,2.3,2.3,2.6,
大園,2025/11/24 00:00:00,NOx,19.3,23.5,32.9,13.8,11.1,20.5,46.5,41.5,35.2,24.2,#,13.7,7.8,7.4,7.9,7.9,10,9.6,6.2,5.3,3.6,3.7,3.6,4,
大園,2025/11/24 00:00:00,O3,22.2,20.2,15.7,18.3,14.2,5.1,0.1,4.2,13.9,22.6,#,41.5,41.3,43.6,42.9,42.5,39.5,39.8,40.6,42.4,44.8,45.8,46.6,49.1,
大園,2025/11/24 00:00:00,PM10,22,24,15,21,28,26,26,31,50,34,47,29,27,27,#,31,36,24,27,31,25,25,21,28,
大園,2025/11/24 00:00:00,PM2.5,14,13,8,13,17,16,10,17,22,15,22,12,11,#,11,9,8,12,15,11,16,12,10,16,
大園,2025/11/24 00:00:00,RAINFALL,0,0,0,0,0,0,0,0,0,0,0,0,0,0,0,0,0,0,0,0,0,0,0,0,
大園,2025/11/24 00:00:00,RH,74,75,73,82,85,87,84,84,77,59,65,71,82,84,85,86,88,90,90,90,90,89,89,88,
大園,2025/11/24 00:00:00,SO2,2.4,2.8,2.1,1.7,1.3,0.8,0.8,0.7,1,1,#,1.7,1.3,1,#,0.8,0.8,0.6,0.7,0.6,0.6,0.4,0.5,0.5,
大園,2025/11/24 00:00:00,WD_HR,43,35,37,209,213,166,160,147,168,255,1,352,12,25,23,26,31,30,28,29,28,26,28,27,
大園,2025/11/24 00:00:00,WIND_DIREC,50,43,27,214,249,150,294,130,217,306,356,349,26,24,22,29,32,32,29,29,28,28,27,26,
大園,2025/11/24 00:00:00,WIND_SPEED,2.2,2,1.7,2.9,1.4,1.5,0.2,1.2,2.1,1.2,2.9,3.8,5,5.9,6,5.3,5.6,5,5.3,6,6,6.2,5.6,6.4,
大園,2025/11/24 00:00:00,WS_HR,2.4,2.5,1.8,1.7,2,1,0.9,0.7,0.7,1.1,2.4,3.2,4.3,5.3,5.4,5.3,5.2,5.1,5.4,5.1,5.6,6.1,5.6,5.6,
大園,2025/11/25 00:00:00,AMB_TEMP,21.4,20.8,21,21,21,21,20.9,20.8,20.8,20.9,20.9,21.5,21.5,20.8,20.1,19.9,19.6,19.1,18.8,18.5,18.3,18.1,18,18,
大園,2025/11/25 00:00:00,CO,0.15,0.15,0.17,0.2,0.26,0.23,0.21,0.24,0.26,0.22,0.23,0.24,0.23,0.26,0.28,0.24,0.22,0.23,0.23,0.24,0.23,0.21,0.19,0.2,
大園,2025/11/25 00:00:00,NO,1.1,0.6,0.4,0.3,0.2,0.3,0.5,1.2,1.6,1.3,1.8,3.6,2,1.6,1.4,1.8,1.4,1,0.9,0.8,0.7,0.7,0.5,0.5,
大園,2025/11/25 00:00:00,NO2,2,2.4,2.2,3.8,4.9,5.9,6.9,9.4,10.7,9.5,9.8,17.5,8.6,10.1,14.8,16.9,14.9,12.8,13.6,11.9,13.7,11.2,9,10,
大園,2025/11/25 00:00:00,NOx,3.1,3,2.7,4.1,5.1,6.2,7.5,10.6,12.4,10.9,11.7,21.1,10.7,11.8,16.2,18.7,16.4,13.8,14.5,12.8,14.4,12,9.6,10.6,
大園,2025/11/25 00:00:00,O3,55.7,57.7,58.6,60.7,69.5,54.3,49.3,44,42.7,46.3,47.8,46.4,58.1,58.3,56.5,48.5,48.7,47.7,46.4,46.9,41.8,43,44.3,39.3,
大園,2025/11/25 00:00:00,PM10,29,27,30,33,53,50,42,46,87,63,87,72,85,99,114,133,143,134,128,121,117,118,104,100,
大園,2025/11/25 00:00:00,PM2.5,12,12,15,19,30,21,24,15,25,21,23,18,29,34,36,29,36,36,32,37,32,27,22,21,
大園,2025/11/25 00:00:00,RAINFALL,0,0,0,0,0,0,0,0,0,0,0,0,0,0,0,0,0,0,0,0,0,0,0,0,
大園,2025/11/25 00:00:00,RH,84,82,74,74,65,55,53,50,48,50,52,50,51,53,53,51,50,54,57,57,58,58,57,59,
大園,2025/11/25 00:00:00,SO2,0.7,0.9,0.9,1.1,1.2,1.3,1.5,1.6,1.5,1.4,1.7,1.9,1.8,1.8,2.4,2.3,2.1,1.9,1.8,1.5,1.4,1.7,1.7,1.5,
大園,2025/11/25 00:00:00,WD_HR,28,29,26,26,29,29,32,36,34,33,34,39,37,39,42,51,59,60,61,58,60,58,60,58,
大園,2025/11/25 00:00:00,WIND_DIREC,28,24,25,25,30,31,35,37,37,36,33,43,35,42,40,58,59,62,54,59,60,61,62,58,
大園,2025/11/25 00:00:00,WIND_SPEED,7.1,6,7,6.8,6.4,6.5,6.3,7.1,6.9,7.3,7.2,6.1,8,7.2,6.9,5.9,6.3,6.2,5.7,5.3,4.7,6.3,5.6,5.2,
大園,2025/11/25 00:00:00,WS_HR,6.8,5.9,6.8,6.5,6.3,6.4,6.2,5.9,6.5,6.9,6.5,5.9,7,6.8,6.1,5.3,5.4,5.6,5.1,4.9,4.6,5.3,5.3,4.9,
大園,2025/11/26 00:00:00,AMB_TEMP,17.9,17.8,17.5,17.3,17.3,17.4,17.9,18.5,19.3,20.2,20.8,21.5,21.9,21.6,21.4,20.8,20.2,19.7,19.7,19.6,19.7,19.7,19.7,20,
大園,2025/11/26 00:00:00,CO,0.2,0.18,0.19,0.17,0.14,0.16,0.18,0.2,0.18,0.16,0.14,0.15,0.16,0.15,0.15,0.15,0.16,0.18,0.17,0.16,0.15,0.17,0.15,0.16,
大園,2025/11/26 00:00:00,NO,0.8,0.8,0.5,0.4,0.5,0.7,1.4,2.9,3.8,3.3,2.8,3,3.1,2.1,2.5,2.2,1.7,1.3,1.2,1.1,0.9,0.8,0.8,0.8,
大園,2025/11/26 00:00:00,NO2,10.3,7.3,7.2,7,5.5,9.1,14.1,14.2,14.1,10.4,8.8,8.4,9.3,6.8,9.7,10.2,11,13.3,14.6,12.9,11.7,10.3,11.2,10.7,
大園,2025/11/26 00:00:00,NOx,11.1,8.1,7.8,7.5,6,9.8,15.6,17.1,17.9,13.7,11.6,11.4,12.5,9,12.3,12.4,12.7,14.6,15.9,14,12.6,11.1,12.1,11.5,
大園,2025/11/26 00:00:00,O3,38.3,40.2,37.8,36.7,37.8,33.8,30.5,30.7,31.3,34.3,37.4,39,39.7,41.3,39.5,39.3,36.3,33.2,31,33.3,35,35.1,35,35.8,
大園,2025/11/26 00:00:00,PM10,101,90,81,75,54,48,48,53,49,48,55,60,46,46,46,48,33,21,26,23,20,17,17,14,
大園,2025/11/26 00:00:00,PM2.5,29,28,24,22,17,15,17,14,13,8,11,12,9,13,11,12,14,11,8,6,7,5,7,9,
大園,2025/11/26 00:00:00,RAINFALL,0,0,0,0,0,0,0,0,0,0,0,0,0,0,0,0,0,0,0,0,0,0,0,0,
大園,2025/11/26 00:00:00,RH,59,58,57,58,59,59,59,58,54,51,49,48,46,50,51,52,56,62,62,60,60,61,63,64,
大園,2025/11/26 00:00:00,SO2,1.3,0.8,0.8,0.7,0.5,0.7,0.8,1,1,0.9,0.6,1,1,0.9,1,1,1,0.9,1.3,1.1,1.3,1.5,1.8,1.6,
大園,2025/11/26 00:00:00,WD_HR,59,62,63,65,65,62,61,57,63,67,68,63,74,71,67,68,68,66,64,62,62,59,56,57,
大園,2025/11/26 00:00:00,WIND_DIREC,58,60,64,63,64,59,60,57,64,65,66,65,78,66,70,69,65,63,63,64,58,56,56,57,
大園,2025/11/26 00:00:00,WIND_SPEED,5.2,5.8,4.5,4.2,4.1,3.9,4.9,5,6.1,6.4,7.6,6.5,7.1,7.2,6.2,6.2,6.5,5.3,5.6,6,5.1,4.1,4.6,3.2,
大園,2025/11/26 00:00:00,WS_HR,5.1,5.2,4.5,3.9,4.1,4,4.4,4.7,5.4,5.7,7,6.1,6.8,7.2,5.9,6.6,6.1,5.4,4.9,5.6,5.2,4.6,4.4,3.9,
大園,2025/11/27 00:00:00,AMB_TEMP,19.8,19.9,20.4,20.6,20.4,19.2,19.1,19.3,19.9,20.8,21.3,21.3,21.2,20.6,20.4,20.1,19.8,19.5,19.5,19.4,19.2,19,18.8,18.6,
大園,2025/11/27 00:00:00,CO,0.21,0.14,0.14,0.14,0.13,0.14,0.14,0.16,0.17,0.17,0.14,0.14,0.12,0.13,0.13,0.15,0.16,0.18,0.22,0.21,0.21,0.23,0.22,0.21,
大園,2025/11/27 00:00:00,NO,1.8,1.1,1.3,1.2,1.1,1.3,1.4,2.3,5.9,5.1,3.9,6.9,2.7,2.4,2.3,2.3,2.2,1.8,1.9,1.4,1.5,1.3,1.5,1.2,
大園,2025/11/27 00:00:00,NO2,24.1,10.4,8,8.8,5.6,4.2,5,7.3,11.8,13,8.7,12.1,5.4,6.8,7,10.4,12.4,12.1,20.1,11.8,11.1,10.6,13.9,11.7,
大園,2025/11/27 00:00:00,NOx,26,11.5,9.4,10,6.7,5.5,6.5,9.6,17.8,18.1,12.7,19.1,8.1,9.3,9.3,12.8,14.7,13.9,22.1,13.3,12.7,12,15.5,12.9,
大園,2025/11/27 00:00:00,O3,26.3,33.7,37.9,36.3,40.9,40.8,40.5,37.6,34.3,36.5,40.5,38,45.4,47.1,48.8,47.6,47.3,49.9,45.4,52.1,51.7,50.2,42.8,42.7,
大園,2025/11/27 00:00:00,PM10,22,19,22,16,24,30,29,29,37,31,27,35,27,24,30,32,31,46,78,105,130,139,143,150,
大園,2025/11/27 00:00:00,PM2.5,7,8,8,11,8,13,10,13,11,10,8,8,7,10,8,12,9,11,24,24,26,30,30,29,
大園,2025/11/27 00:00:00,RAINFALL,0,0,0,0,0,0,0,0,0,0,0,0,0,0,0,0,0,0,0,0,0,0,0,0,
大園,2025/11/27 00:00:00,RH,67,67,62,62,66,77,75,75,74,69,64,57,49,52,52,54,52,54,54,55,56,59,61,61,
大園,2025/11/27 00:00:00,SO2,1.6,1.7,1.5,1.7,1.5,1.1,1.1,1.2,1.5,1.5,1.9,1.8,1.4,1.4,1.7,1.9,1.9,1.7,2.3,2.3,2.1,2.1,2.2,2.2,
大園,2025/11/27 00:00:00,WD_HR,52,61,63,54,36,29,32,34,36,39,40,38,36,36,39,41,58,60,60,55,59,58,59,62,
大園,2025/11/27 00:00:00,WIND_DIREC,52,64,61,55,30,32,33,34,36,39,43,36,35,36,42,48,55,60,61,54,61,54,58,65,
大園,2025/11/27 00:00:00,WIND_SPEED,3.1,4,3.3,3.9,7,8.9,7.8,7.7,8,6.9,6.3,8,9.1,8.6,6.8,5.7,5.3,4.4,6,5.7,6.2,5.1,6.1,5.9,
大園,2025/11/27 00:00:00,WS_HR,2.9,3.2,3.5,3.2,5.5,8.2,7.7,6.9,6.8,6.9,6.7,7,7.9,7.4,7.1,6.2,5.4,4.9,5.1,5,5.4,5.2,5.5,5.5,
大園,2025/11/28 00:00:00,AMB_TEMP,18.5,18.4,18.3,18.2,18,18,17.9,18,18.4,19.4,20.1,20.5,20.3,20.5,20.2,20,19.5,19.1,18.9,19.2,19.2,19.3,19.2,19.3,
大園,2025/11/28 00:00:00,CO,0.19,0.17,0.16,0.17,0.17,0.18,0.21,0.24,0.24,0.22,0.2,0.21,0.18,0.18,0.19,0.2,0.23,0.23,0.22,0.22,0.21,0.18,0.18,0.16,
大園,2025/11/28 00:00:00,NO,1.2,0.8,0.9,0.8,0.8,0.9,1.5,3.1,3.8,4.5,3.5,4.9,2.2,2.8,2.9,3,2.4,2.1,1.7,1.5,1.9,1.8,1.1,1.1,
大園,2025/11/28 00:00:00,NO2,11.9,7.6,7.7,7,6.3,6.5,11.3,18.4,15.8,14.3,10.4,14.9,9,11.1,12.9,15.1,18,17.5,15,15.5,17.5,15.7,13.2,12.3,
大園,2025/11/28 00:00:00,NOx,13.2,8.5,8.6,7.9,7.2,7.5,12.9,21.6,19.7,18.9,13.9,19.8,11.3,13.9,15.8,18.2,20.5,19.6,16.7,17.1,19.5,17.5,14.4,13.5,
大園,2025/11/28 00:00:00,O3,41.4,42.3,42,41,40.3,40.1,34.8,29.3,31.5,34.6,38.5,37.9,43.5,42.5,41.6,38.7,34.9,33.3,33.9,32.2,29.3,31,31.9,32.1,
大園,2025/11/28 00:00:00,PM10,153,144,133,142,149,146,151,161,159,167,162,173,160,162,157,158,140,137,131,129,119,110,100,91,
大園,2025/11/28 00:00:00,PM2.5,29,24,28,30,32,31,30,34,38,32,29,35,28,30,28,33,27,28,27,25,24,27,23,23,
大園,2025/11/28 00:00:00,RAINFALL,0,0,0,0,0,0,0,0,0,0,0,0,0,0,0,0,0,0,0,0,0,0,0,0,
大園,2025/11/28 00:00:00,RH,58,56,56,56,56,56,56,56,54,51,48,49,48,49,51,53,57,60,63,64,65,64,64,62,
大園,2025/11/28 00:00:00,SO2,2.2,1.9,2,1.5,1.4,1.1,1.1,1.3,1.5,1.8,1.8,1.8,1.4,1.5,1.4,1.6,1.8,1.7,2,2,2.1,2.2,2.1,2,
大園,2025/11/28 00:00:00,WD_HR,62,60,60,56,61,59,59,59,59,62,64,58,67,61,59,63,61,56,57,55,55,54,53,55,
大園,2025/11/28 00:00:00,WIND_DIREC,60,63,57,58,61,59,63,56,53,64,65,71,68,52,59,66,58,56,52,57,56,51,51,55,
大園,2025/11/28 00:00:00,WIND_SPEED,6.3,6.2,5.5,5.5,5.1,5.1,4.3,4.6,4.4,6.6,5.8,6.1,5.5,5.3,5.4,5,3.7,3.8,3.4,3.4,3.5,3,3.1,2.8,
大園,2025/11/28 00:00:00,WS_HR,5.8,5.9,5.5,5.2,4.5,4.6,4.3,4.1,4.6,5.1,5.3,4.9,5.4,4.6,5,4.8,3.9,3.3,3.2,3,3.2,3,2.8,2.7,
大園,2025/11/29 00:00:00,AMB_TEMP,19.3,19.2,19.1,18.8,18.9,18.7,18.8,20.1,21.6,22.6,23.4,24.6,24.3,24,24,23.5,22.9,22.6,22.4,21.6,21.3,20.9,20.4,20.1,
大園,2025/11/29 00:00:00,CO,0.18,0.13,0.14,0.14,0.14,0.15,0.2,0.2,0.19,0.17,0.14,0.18,0.15,0.13,0.13,0.13,0.16,0.23,0.31,0.34,0.29,0.33,0.32,0.4,
大園,2025/11/29 00:00:00,NO,1.3,1.3,1.3,1.2,1.2,1.2,2.9,7.1,7.2,7.6,3.9,3.4,2.8,2.6,2.8,3,2.7,2.6,5.3,4.2,2.1,1.4,1.3,2.3,
大園,2025/11/29 00:00:00,NO2,14.5,8.7,12,11.6,12.7,13.7,25.4,26.9,21.5,17.5,9.5,9.6,7.9,6.8,8.2,10.7,13.7,22.7,38.9,32.1,24.5,22.3,22.6,29.7,
大園,2025/11/29 00:00:00,NOx,15.9,10.1,13.3,12.9,13.9,14.9,28.3,34.1,28.7,25.2,13.4,13.1,10.7,9.4,11,13.8,16.4,25.4,44.3,36.4,26.7,23.7,24,32.1,
大園,2025/11/29 00:00:00,O3,31.1,34.9,33.3,31.2,30.6,26.5,18.1,18.9,25.1,28.9,36.1,39,41.4,42.1,40.5,37.5,32.5,22.3,5.9,8.5,16.2,16,14.7,7.8,
大園,2025/11/29 00:00:00,PM10,86,81,74,74,68,65,60,63,68,66,51,60,55,59,55,52,55,57,54,49,42,*,41,47,
大園,2025/11/29 00:00:00,PM2.5,18,14,22,17,17,20,16,18,17,17,10,17,20,12,14,14,18,17,15,13,15,12,18,17,
大園,2025/11/29 00:00:00,RAINFALL,0,0,0,0,0,0,0,0,0,0,0,0,0,0,0,0,0,0,0,0,0,0,0,0,
大園,2025/11/29 00:00:00,RH,63,65,68,71,73,75,80,74,68,68,67,61,65,67,68,71,74,72,67,71,72,74,76,78,
大園,2025/11/29 00:00:00,SO2,2.6,1.8,1.8,1.3,1.4,1.5,1.4,1.6,1.9,1.8,1.2,1.1,0.9,1,1,1.1,1.2,1.4,1.6,1.5,0.9,1,1,1.2,
大園,2025/11/29 00:00:00,WD_HR,56,60,52,43,43,45,56,59,57,32,33,37,24,24,29,31,27,31,83,94,114,131,154,304,
大園,2025/11/29 00:00:00,WIND_DIREC,56,58,51,39,39,47,68,61,54,26,59,19,22,31,28,25,24,52,95,106,127,127,354,270,
大園,2025/11/29 00:00:00,WIND_SPEED,3.1,3.1,2.3,2.5,2.7,1.5,1.9,2.7,2.8,4.8,3.3,3.7,5.2,5.1,5.1,4.6,3.6,1.5,1.5,2,1.8,2,0.2,1.2,
大園,2025/11/29 00:00:00,WS_HR,2.9,2.9,2.4,2.3,2.2,1.8,1.5,1.9,2.5,3.6,3.9,2.8,4.7,4.5,4.5,4.8,3.5,2.3,1.4,1.4,1.8,1.6,0.6,0.9,
大園,2025/11/30 00:00:00,AMB_TEMP,19.4,18.3,17.9,17.6,17.6,17.2,17,18.6,20.4,21.8,23.5,23.6,22.8,22.2,21.7,21.2,20.4,19.7,19.5,19.9,19.9,19.8,19.5,19.8,
大園,2025/11/30 00:00:00,CO,0.32,0.38,0.41,0.37,0.35,0.35,0.31,0.34,0.34,0.41,0.43,0.31,0.26,0.25,0.2,0.17,0.21,0.28,0.34,0.46,0.53,0.5,0.43,0.42,
大園,2025/11/30 00:00:00,NO,2.3,0.6,0.5,0.5,0.6,2.3,8.9,9,13.8,11.2,16.7,8.6,2,1.1,1,1.5,0.5,0.4,0.6,0.7,1.2,1,0.5,0.5,
大園,2025/11/30 00:00:00,NO2,28.9,16.8,18.9,15.4,13.8,16.7,18.8,16.8,20.2,23.3,31.3,19.6,7.9,8.8,10.2,13.8,9.9,10.1,15.7,25.5,25.2,24.1,19.1,18.3,
大園,2025/11/30 00:00:00,NOx,31.2,17.5,19.4,15.9,14.4,19,27.8,25.8,34,34.5,48.1,28.3,9.9,9.9,11.2,15.3,10.4,10.6,16.3,26.3,26.5,25.2,19.6,18.9,
大園,2025/11/30 00:00:00,O3,7.4,11.2,7.1,7.4,5.9,1.7,0.7,5.1,8.9,12.2,14.5,31,47.2,49.1,38.4,32.2,33.6,28.6,25,14.3,10.4,8.2,10.7,11.9,
大園,2025/11/30 00:00:00,PM10,50,49,45,33,29,21,20,21,31,41,38,32,31,39,29,26,26,28,41,90,39,34,37,33,
大園,2025/11/30 00:00:00,PM2.5,14,21,18,16,16,15,13,11,9,16,19,16,11,19,17,6,17,20,28,69,20,23,23,28,
大園,2025/11/30 00:00:00,RAINFALL,0,0,0,0,0,0,0,0,0,0,0,0,0,0,0,0.5,0.5,0.5,0,0,0,0,0,0,
大園,2025/11/30 00:00:00,RH,81,85,86,87,84,85,83,79,68,63,59,64,70,82,86,90,90,89,90,90,91,91,92,90,
大園,2025/11/30 00:00:00,SO2,1.4,1,0.9,0.6,0.7,0.9,0.8,1,1,1.2,1.8,2.3,1.9,1.7,1.3,1.3,1.1,0.9,0.8,0.8,1,1.1,1,1.1,
大園,2025/11/30 00:00:00,WD_HR,240,204,200,195,174,149,155,168,145,166,348,2,353,327,300,272,193,154,148,235,334,199,207,300,
大園,2025/11/30 00:00:00,WIND_DIREC,211,198,199,189,149,151,158,134,152,115,359,3,351,313,300,240,203,148,148,297,161,222,232,296,
大園,2025/11/30 00:00:00,WIND_SPEED,1.6,1.8,1.9,1.7,1.8,1.3,1.9,1.4,1.6,0.5,3,3.1,2.4,2.7,2,1.5,1.7,2.5,1.2,1.2,0.6,1,1.2,0.3,
大園,2025/11/30 00:00:00,WS_HR,1.1,1.7,1.9,1.8,1.3,1.6,1.8,1.1,1.6,0.6,1.2,2.5,2.6,2.7,1.7,1.2,1.8,2.2,1.7,0.3,0.1,0.3,0.9,0.6,
大園,2025/12/01 00:00:00,AMB_TEMP,19.1,19.3,19.6,19.8,19.9,20.1,19.5,17.8,18.3,19.9,22.4,23.7,23.7,23.9,23.4,22.9,22.2,21.7,21.8,21.8,21.7,22,21.9,21.5,
大園,2025/12/01 00:00:00,CO,0.47,0.33,0.37,0.38,0.32,0.25,0.21,0.24,0.24,0.25,0.26,0.21,0.16,0.16,0.13,0.14,0.14,0.14,0.19,0.24,0.22,0.23,0.22,0.16,
大園,2025/12/01 00:00:00,NO,1.4,0.6,0.9,0.9,0.8,0.6,0.9,1.6,3,7,15.4,8,2.3,2.1,2.3,2,1.6,1.4,2.2,2.5,5.7,4.6,6.3,1.2,
大園,2025/12/01 00:00:00,NO2,18.7,12.1,14,15.5,13.3,10.1,10.1,18.6,16.2,19,27.3,16.6,7.5,6.6,7.4,7.7,9.3,10.4,18,22.8,30.4,26.8,26.1,10.3,
大園,2025/12/01 00:00:00,NOx,20.1,12.7,14.9,16.4,14.2,10.8,11,20.2,19.2,26.1,42.8,24.6,9.8,8.7,9.7,9.7,10.9,11.8,20.3,25.3,36.2,31.4,32.5,11.5,
大園,2025/12/01 00:00:00,O3,7.5,13.2,10.9,11,12.1,16.9,23.3,25.8,23.9,21.7,18.2,33.4,44.9,45.1,43.7,43,40.8,33.6,23.8,15.2,11.1,12.2,10.9,23.6,
大園,2025/12/01 00:00:00,PM10,37,33,34,40,47,44,25,17,18,22,25,10,23,25,21,26,21,12,20,11,9,8,8,10,
大園,2025/12/01 00:00:00,PM2.5,34,27,24,22,26,25,12,8,4,14,9,5,9,8,5,6,7,5,3,3,3,4,4,1,
大園,2025/12/01 00:00:00,RAINFALL,0,0,0,0,0,1,1.5,4,0.5,0,0,0,0,0,0,0,0,0,0,0,0,0,0,0,
大園,2025/12/01 00:00:00,RH,92,91,91,92,93,95,94,93,93,88,80,68,68,75,79,83,87,92,90,90,90,87,87,90,
大園,2025/12/01 00:00:00,SO2,1,1.4,1.3,1.3,1.3,1.3,1.3,1.6,1.4,1.5,1.6,2.1,1.6,1.5,1.8,1.4,1.4,1.5,1.8,1.9,2.4,2.5,2.8,2.2,
大園,2025/12/01 00:00:00,WD_HR,158,194,207,227,190,219,282,296,168,138,96,356,358,359,28,27,31,35,56,34,39,44,34,31,
大園,2025/12/01 00:00:00,WIND_DIREC,194,176,241,206,210,221,328,234,174,111,23,351,6,2,31,32,34,35,57,34,42,37,31,30,
大園,2025/12/01 00:00:00,WIND_SPEED,0.6,1.2,1.3,0.9,1.4,1.2,2,0.8,1.4,1.6,1.3,2.6,2.7,3.2,3.2,4.2,4.6,4.6,1.6,3.3,2.7,2.7,3.1,3.7,
大園,2025/12/01 00:00:00,WS_HR,1.2,1.3,1,1.2,1,1.3,1,1.4,0.9,1,0.9,2.5,2.6,2.5,2.9,3.6,3.7,4.7,2.4,3,2.7,2.5,3,3.2,
大園,2025/12/02 00:00:00,AMB_TEMP,21.7,21.5,21,21.2,21.3,20.8,20.9,21.4,22.2,22.5,23.1,23,22.8,22.6,22.2,22,21.7,21.5,21.3,20.9,21.1,21.3,21.2,21.3,
大園,2025/12/02 00:00:00,CO,0.14,0.11,0.1,0.1,0.1,0.13,0.13,0.17,0.18,0.12,0.12,0.11,0.1,0.1,0.1,0.11,0.12,0.17,0.14,0.17,0.22,0.21,0.21,0.2,
大園,2025/12/02 00:00:00,NO,2.1,1.4,1,1.2,1.1,1.8,2.5,2.9,5.6,3.5,3.5,2.4,2.1,2,2.3,2.3,2.2,2,3.9,1.6,1.7,3.8,1.9,2,
大園,2025/12/02 00:00:00,NO2,15.6,4.7,2.1,1.9,3.2,12.2,13,15.5,20.3,7.7,7.7,5.7,4.4,4.2,6,7.3,8.9,15.6,17.6,16.5,22.9,22.2,22.7,14.2,
大園,2025/12/02 00:00:00,NOx,17.7,6.2,3.1,3.1,4.4,14,15.6,18.4,25.9,11.3,11.2,8.2,6.5,6.2,8.4,9.6,11.2,17.7,21.6,18.2,24.7,26,24.7,16.2,
大園,2025/12/02 00:00:00,O3,25.6,29.6,39.6,41.4,40.2,30.4,31.5,29.2,24.7,37.6,39.4,42.7,44.7,44,44,46.1,45.5,37.4,35,32.8,28.9,29.8,30.9,43,
大園,2025/12/02 00:00:00,PM10,11,8,23,20,21,18,16,19,18,24,33,31,24,24,26,21,29,23,24,25,25,21,30,41,
大園,2025/12/02 00:00:00,PM2.5,0,0,5,8,8,7,4,8,10,6,8,9,9,8,9,7,9,10,9,7,11,12,11,15,
大園,2025/12/02 00:00:00,RAINFALL,0,0,0,0,0,0,0,0,0,0,0,0,0,0,0,0,0,0,0,0,0,0,0,0,
大園,2025/12/02 00:00:00,RH,93,93,92,86,84,87,87,86,83,83,80,80,79,78,78,77,78,78,79,80,79,77,77,79,
大園,2025/12/02 00:00:00,SO2,1.5,1,0.7,0.7,0.8,1.1,1.1,1.3,1.6,1.1,0.8,0.8,0.6,0.7,0.8,0.8,1,1.5,1.6,1.1,1.1,1.6,1.9,2,
大園,2025/12/02 00:00:00,WD_HR,41,32,27,31,35,50,36,55,44,30,32,26,27,29,32,33,37,50,50,72,58,57,43,39,
大園,2025/12/02 00:00:00,WIND_DIREC,48,25,28,33,42,38,40,53,43,30,28,28,29,29,35,36,37,37,68,69,54,59,46,36,
大園,2025/12/02 00:00:00,WIND_SPEED,3,5.2,5.6,5.6,4.7,5.1,4.4,3.2,3.8,6,6.2,7,6.9,7,6.6,5.9,6.4,4.4,3.4,3.3,2.5,2.9,4.1,7.1,
大園,2025/12/02 00:00:00,WS_HR,3.6,4.6,5.2,5.5,5.3,3.7,4.2,3,3,5.2,5.9,6.9,7.3,7,6.7,6.4,5.5,3.8,4,3.2,2.4,2.6,3.5,5.6,
大園,2025/12/03 00:00:00,AMB_TEMP,20.4,20.1,19.9,19.7,19.1,18.6,18.2,18.2,18.2,18.6,18.4,18.3,18.3,18.1,18,17.9,17.5,17.3,17.3,17.2,17.3,17.4,17.2,16.8,
大園,2025/12/03 00:00:00,CO,0.24,0.23,0.21,0.19,0.17,0.17,0.18,0.22,0.25,0.26,0.27,0.28,0.27,0.27,0.25,0.21,0.23,0.23,0.23,0.23,0.23,0.23,0.22,0.24,
大園,2025/12/03 00:00:00,NO,1.4,0.5,0.7,0.6,0.8,0.8,0.8,1.3,1.6,1.5,1.4,1.8,1.5,1.5,1.6,1.8,1.6,1.7,2,1.7,1.3,7.2,1.6,1.8,
大園,2025/12/03 00:00:00,NO2,5.8,4.2,3.8,3.1,3.1,3.1,3.8,6.6,10.4,9.7,8.8,10,7.7,8.8,9.6,9.5,9.5,8.8,13,8.4,8.4,20.2,11,14.4,
大園,2025/12/03 00:00:00,NOx,7.3,4.8,4.5,3.8,4,4,4.6,7.9,12,11.3,10.3,11.8,9.2,10.3,11.2,11.4,11.1,10.5,15,10.2,9.7,27.4,12.7,16.2,
大園,2025/12/03 00:00:00,O3,57.1,59.1,58.1,54.1,50.8,48.7,47.2,46.7,45.4,47.6,49.6,49.8,53.6,53.2,52.6,51.8,49.2,48,43.5,44.2,42.6,31.3,36.3,35.7,
大園,2025/12/03 00:00:00,PM10,59,54,55,45,44,39,38,45,61,63,64,82,82,71,75,53,53,51,84,46,47,49,39,45,
大園,2025/12/03 00:00:00,PM2.5,27,26,25,24,18,18,18,19,29,28,27,29,30,26,20,16,16,23,19,20,17,12,21,16,
大園,2025/12/03 00:00:00,RAINFALL,0,0,0,0,0,0,0,0,0,0,0,0,0,0,0,0,0,0,0,0,0,0,0,0,
大園,2025/12/03 00:00:00,RH,81,78,76,76,78,80,81,78,75,68,70,65,63,64,64,64,69,68,67,65,63,62,63,61,
大園,2025/12/03 00:00:00,SO2,1.2,0.7,0.5,0.5,0.7,0.6,0.6,0.6,0.7,0.8,0.7,0.9,0.8,0.9,0.9,0.9,1,1,1.1,1.2,0.9,1.3,1.4,1.7,
大園,2025/12/03 00:00:00,WD_HR,36,36,38,35,34,33,33,35,34,35,34,35,34,34,36,37,37,37,38,37,37,44,50,48,
大園,2025/12/03 00:00:00,WIND_DIREC,39,34,35,38,35,34,36,35,32,35,34,36,33,36,39,39,39,35,39,34,38,51,49,44,
大園,2025/12/03 00:00:00,WIND_SPEED,5.9,7.7,7.1,7.1,7.4,6.8,7,7.7,7.5,7.1,6.8,6.9,7.3,7.7,7.4,7.1,6.7,7.7,8,8.3,6.8,5.7,6.6,5.5,
大園,2025/12/03 00:00:00,WS_HR,6.9,6.8,6.2,6.8,6.8,6.7,7,6.8,6.2,6.9,6.6,6.9,7,7,7.1,7,7,7.1,7.1,6.9,6.8,5.8,5.5,5.6,
大園,2025/12/04 00:00:00,AMB_TEMP,16.5,16.4,16.5,16.6,16.6,16.6,16.7,17.2,18.2,18.9,19.6,20.1,20.4,19.9,19.7,19.5,18.9,18.5,18.3,18.6,18.6,18.2,18.2,18.3,
大園,2025/12/04 00:00:00,CO,0.27,0.17,0.16,0.16,0.16,0.16,0.18,0.21,0.18,0.16,0.17,0.13,0.13,0.14,0.13,0.14,0.14,0.18,0.17,0.18,0.16,0.16,0.16,0.14,
大園,2025/12/04 00:00:00,NO,1.9,1,1,0.9,0.9,1.2,1.9,3.7,4.4,5,4.8,2.6,2.6,3.2,3.5,3.5,2.6,2.2,1.8,1.5,1.6,1.3,1.3,1.1,
大園,2025/12/04 00:00:00,NO2,15.7,5,5.3,5.1,4.7,6.3,11.4,19.3,13.3,13.1,11.7,6.3,6.8,10.3,9.5,12.3,11.9,14.1,14.5,12.6,13.3,10.1,11,9.2,
大園,2025/12/04 00:00:00,NOx,17.6,6,6.3,6,5.7,7.6,13.4,23.1,17.7,18.2,16.5,8.9,9.5,13.5,13,15.8,14.5,16.4,16.4,14.2,15,11.5,12.3,10.3,
大園,2025/12/04 00:00:00,O3,34.9,43.1,42.3,40.9,40.1,35.7,31.3,25.8,30.3,32.3,35.2,38.3,38.9,34.8,35.2,33,33.4,31.3,31.3,32.1,31.2,34.6,33.4,33.6,
大園,2025/12/04 00:00:00,PM10,54,42,32,34,30,26,31,30,24,28,25,22,25,22,22,25,23,20,19,15,16,13,11,15,
大園,2025/12/04 00:00:00,PM2.5,20,9,10,11,9,8,8,11,11,8,6,5,5,6,4,5,8,7,4,3,8,7,7,6,
大園,2025/12/04 00:00:00,RAINFALL,0,0,0,0,0,0,0,0,0,0,0,0,0,0,0,0,0,0,0,0,0,0,0,0,
大園,2025/12/04 00:00:00,RH,61,59,57,60,59,59,58,55,54,53,53,52,52,55,56,59,62,64,65,64,66,70,68,66,
大園,2025/12/04 00:00:00,SO2,1.8,1.4,1.1,1.2,0.9,1,1.2,1.5,1.4,1.3,1.2,1.1,1.1,1.1,1.2,1.2,1.2,1.2,1.3,1.2,1.3,1.4,1.4,1.3,
大園,2025/12/04 00:00:00,WD_HR,51,61,61,61,61,62,61,65,63,65,75,71,69,71,65,63,67,63,60,55,59,60,59,72,
大園,2025/12/04 00:00:00,WIND_DIREC,50,59,62,58,63,62,69,69,63,69,74,70,69,62,64,62,68,63,53,50,59,63,67,70,
大園,2025/12/04 00:00:00,WIND_SPEED,5.5,4.9,4.4,5.7,4.9,4.3,4.1,4.3,5,6.4,6.3,5.8,5.4,5.1,5.7,5.2,5.3,4.3,3.5,3.6,4.6,4.3,4.1,4.2,
大園,2025/12/04 00:00:00,WS_HR,5.7,5.2,4.4,5,4.5,4.2,3.8,3.7,4.5,5.2,6.1,5.9,5,4.8,5.1,4.7,4.7,3.9,3.6,3.3,3.8,4,4,3.9,
大園,2025/12/05 00:00:00,AMB_TEMP,18.3,18.3,18.3,18.3,18,18.4,18.6,18.9,19.2,19.5,19.6,19.8,19.7,19.8,20.1,19.5,18.8,18.5,18.3,18.2,18.2,18.1,18.2,18.1,
大園,2025/12/05 00:00:00,CO,0.15,0.13,0.14,0.14,0.14,0.14,0.15,0.16,0.17,0.21,#,0.16,0.13,0.13,0.15,0.16,0.18,0.19,0.18,0.16,0.17,0.15,0.15,0.15,
大園,2025/12/05 00:00:00,NO,1.2,1.1,1.2,1.1,1.2,1.3,1.7,2.6,3.2,8.7,#,5.6,#,2.3,3.3,3.1,2.3,2,1.6,1,0.9,0.9,0.7,0.9,
大園,2025/12/05 00:00:00,NO2,16.2,8,9.2,7.9,8.8,10.6,12.2,12.9,12.2,19.4,#,15,#,8.5,12.2,13.3,13,14.6,12.8,12.1,12.3,11,11,11.3,
大園,2025/12/05 00:00:00,NOx,17.5,9.1,10.4,9,10.1,11.9,13.9,15.6,15.4,28.1,#,20.7,#,10.8,15.6,16.5,15.4,16.6,14.4,13.1,13.2,11.9,11.7,12.3,
大園,2025/12/05 00:00:00,O3,28.6,34.5,34,34.7,31.9,32.9,30.8,31.5,32.1,29.3,28.4,#,35,36.7,34.2,32.9,30.9,32.3,32.8,33.7,33,34.5,34.3,33.2,
大園,2025/12/05 00:00:00,PM10,15,9,15,16,14,18,21,21,24,29,26,#,16,16,25,27,21,15,18,18,34,12,15,11,
大園,2025/12/05 00:00:00,PM2.5,8,8,5,4,7,10,8,6,4,5,#,#,2,5,8,5,5,7,4,5,6,8,5,2,
大園,2025/12/05 00:00:00,RAINFALL,0,0,0,0,0,0,0,0,0,0,#,0,0,0,0,0,0,0,0,0,0,0,0,0,
大園,2025/12/05 00:00:00,RH,67,66,66,66,70,68,70,68,66,69,67,66,66,64,64,67,71,73,73,76,76,76,75,75,
大園,2025/12/05 00:00:00,SO2,1.1,1,1.2,1.4,1.1,1.4,1.5,1.3,1.4,2.6,#,2,#,1.1,1.5,1.4,1.3,1.3,1.2,1.4,1,1.1,0.9,0.7,
大園,2025/12/05 00:00:00,WD_HR,67,62,63,63,55,58,61,59,56,43,42,45,37,37,44,49,55,56,60,59,60,60,68,73,
大園,2025/12/05 00:00:00,WIND_DIREC,66,59,61,61,56,60,62,62,51,47,47,36,34,40,39,60,49,57,64,64,65,66,64,79,
大園,2025/12/05 00:00:00,WIND_SPEED,4,3.2,3.3,3,2.5,3.1,4.1,4.8,5,5.1,5.7,7.2,8.4,5.9,7.2,5,5.2,4.7,4.5,3.8,4.2,3.8,3.3,2.7,
大園,2025/12/05 00:00:00,WS_HR,3.7,3.2,3.3,2.9,2.3,2.8,3.4,4.1,4.4,5.5,5.7,5.3,6.5,6.3,5.5,4.9,4.6,4.5,4,3.8,3.7,3.8,3.5,3.1,
大園,2025/12/06 00:00:00,AMB_TEMP,17.7,17.5,17.3,17.5,17.8,18.2,18.7,19.2,20.1,20.4,20.3,20.6,20.8,20.9,21.3,21.7,21.1,20.4,20.3,20.4,20.3,20.4,20.5,20.7,
大園,2025/12/06 00:00:00,CO,0.23,0.23,0.19,0.16,0.16,0.17,0.17,0.18,0.18,0.17,0.15,0.16,0.14,0.14,0.15,0.17,0.17,0.2,0.22,0.2,0.19,0.19,0.18,0.17,
大園,2025/12/06 00:00:00,NO,8.6,1.3,1.4,1.2,1.1,1.4,1.8,2.9,4.1,6.4,4.5,6.7,2.5,2.3,2.7,3.5,2.3,1.7,2,1.7,1.6,1.6,1.4,1.3,
大園,2025/12/06 00:00:00,NO2,37.7,12.5,12.2,8.3,8.6,13.3,18.1,16.9,14,17.6,12.3,15.3,5.5,5.8,7.3,11.9,10.9,13.3,14.3,13.3,11.7,10.9,10.8,11.4,
大園,2025/12/06 00:00:00,NOx,46.3,13.9,13.6,9.5,9.7,14.8,20,19.8,18.1,24,16.8,22.1,8,8.1,10,15.4,13.2,15,16.3,15,13.3,12.6,12.3,12.8,
大園,2025/12/06 00:00:00,O3,9.4,26.7,29.1,32.1,30.5,22.5,22.6,26.1,30.7,30.1,33.1,33.6,41.6,42.3,41.2,37.2,38.8,34.6,33.2,32.7,34.2,33.3,34.2,33.9,
大園,2025/12/06 00:00:00,PM10,15,11,14,16,17,13,21,18,19,20,21,19,23,23,23,22,23,19,18,18,14,14,17,11,
大園,2025/12/06 00:00:00,PM2.5,3,7,8,5,8,10,9,7,7,5,6,7,6,8,8,8,7,8,6,7,7,7,9,7,
大園,2025/12/06 00:00:00,RAINFALL,0,0,0,0,0,0,0,0,0,0,0,0,0,0,0,0,0,0,0,0,0,0,0,0,
大園,2025/12/06 00:00:00,RH,80,81,85,84,83,80,77,75,70,68,68,67,66,67,67,64,67,71,73,73,74,75,74,74,
大園,2025/12/06 00:00:00,SO2,1,0.9,0.8,0.9,0.7,0.7,0.8,1,0.8,1.4,1.3,1.2,0.7,0.8,1.2,1.4,1,1.3,1.2,0.9,0.8,1,1.1,1,
大園,2025/12/06 00:00:00,WD_HR,82,94,73,70,66,71,68,76,67,41,39,37,36,36,37,56,66,59,55,54,52,54,57,60,
大園,2025/12/06 00:00:00,WIND_DIREC,81,95,68,74,65,67,64,71,56,38,38,34,38,39,50,68,69,59,52,50,58,55,58,60,
大園,2025/12/06 00:00:00,WIND_SPEED,2.2,2.3,2.3,1.8,1.7,1.4,3.4,3.3,3.9,6.3,5.8,7.2,6.5,6,4.7,4.8,5.1,4.1,4,4.6,4.7,4.4,4,4,
大園,2025/12/06 00:00:00,WS_HR,2.4,2.5,1.9,2,1.8,1.5,2.2,3.2,3.4,5,5.5,5.7,6.3,6.5,5.8,4.2,4.7,4.1,3.8,4.2,4.1,3.9,3.9,3.7,
大園,2025/12/07 00:00:00,AMB_TEMP,20.7,20.8,20.8,20.8,20.8,20.9,20.8,21.5,22.8,24,24.8,25.5,25.5,25.7,25.7,25.2,24.4,23.3,22.5,22.1,21.7,21.3,21.3,20.4,
大園,2025/12/07 00:00:00,CO,0.17,0.16,0.16,0.16,0.15,0.17,0.18,0.21,0.21,0.24,0.21,0.18,0.17,0.17,0.18,0.19,0.23,0.24,0.26,0.28,0.29,0.31,0.22,0.3,
大園,2025/12/07 00:00:00,NO,1.2,1.2,1.2,1.2,1.1,1.3,1.6,2.5,3.1,3.4,3.2,2.3,1.8,2.1,2.4,2.9,3.1,1.8,3.1,2,4.8,2.5,1.9,3,
大園,2025/12/07 00:00:00,NO2,14,6.6,7.1,5.7,3.8,6.3,11,14.4,10,10.3,7.8,5.3,4.6,4.8,6.4,12.4,18.3,19.8,29.9,23.6,38.9,29.7,16.8,30.8,
大園,2025/12/07 00:00:00,NOx,15.3,7.9,8.4,6.9,4.9,7.7,12.6,16.9,13.1,13.7,11,7.6,6.4,6.9,8.8,15.3,21.4,21.7,33.1,25.6,43.8,32.3,18.8,33.8,
大園,2025/12/07 00:00:00,O3,33,38.2,37.5,38.7,40.6,36.1,33.4,31.9,35.8,37.6,39.9,43.4,43.7,43.5,42.6,38,31.9,30,18.2,22.1,7.4,14.9,26.9,12.1,
大園,2025/12/07 00:00:00,PM10,13,13,14,13,17,27,16,20,19,29,26,28,24,20,18,13,21,16,20,18,19,22,25,21,
大園,2025/12/07 00:00:00,PM2.5,5,6,4,8,7,18,8,6,7,10,10,10,7,6,6,8,7,10,10,9,10,10,8,8,
大園,2025/12/07 00:00:00,RAINFALL,0,0,0,0,0,0,0,0,0,0,0,0,0,0,0,0,0,0,0,0,0,0,0,0,
大園,2025/12/07 00:00:00,RH,74,74,74,75,74,74,73,70,63,58,54,51,49,48,47,48,51,55,58,60,62,65,67,71,
大園,2025/12/07 00:00:00,SO2,1.1,1.2,1.2,1.1,1.1,1.3,1.9,1.5,1.3,1.4,1.5,1.3,1.4,1.2,1.4,1.4,1.8,1.9,1.8,1.6,1.6,1.7,2,2.2,
大園,2025/12/07 00:00:00,WD_HR,62,65,66,62,59,53,49,62,77,89,93,91,100,99,100,97,92,89,99,95,100,15,20,103,
大園,2025/12/07 00:00:00,WIND_DIREC,67,66,67,61,60,45,58,71,90,96,97,86,97,103,98,97,84,88,97,81,46,15,22,114,
大園,2025/12/07 00:00:00,WIND_SPEED,3.9,4.1,3.7,3.7,3.9,3.2,3.8,4.5,5,8.1,7.7,6.4,6.8,6.5,4.8,4.4,3.5,2.7,1.5,1.6,0.6,1.5,2.2,1.9,
大園,2025/12/07 00:00:00,WS_HR,3.6,3.8,3.6,3.5,3.5,3.3,3.6,3.8,4.6,6.3,6.6,5.8,6.3,5.9,4.8,4.5,3.7,3.1,2.2,2,1.1,1.3,1.8,1.6,
大園,2025/12/08 00:00:00,AMB_TEMP,19.8,20,20.2,20.4,20.2,20.3,20.4,20.7,21,21.4,21.6,21.8,22,21.8,21.6,21.2,20.7,20.2,20.3,20.2,20.1,19.9,19.5,19.5,
大園,2025/12/08 00:00:00,CO,0.4,0.2,0.14,0.13,0.13,0.14,0.14,0.16,0.16,0.17,0.18,0.2,0.19,0.2,0.19,0.19,0.19,0.2,0.22,0.24,0.26,0.25,0.22,0.22,
大園,2025/12/08 00:00:00,NO,3.8,3.1,1.2,0.4,0.7,1.5,1.4,1.4,1.9,3.5,2.1,3.8,2.4,1.7,1.7,1.4,1.3,1,0.9,1.3,1,0.7,0.5,0.6,
大園,2025/12/08 00:00:00,NO2,34.4,19.2,11.7,3.5,2.7,7.8,7,7.1,7.6,13.7,9.4,15.4,8,7.9,8.7,8.3,9.2,8.2,6.5,13.9,13.7,10.2,9.2,10.7,
大園,2025/12/08 00:00:00,NOx,38.2,22.3,12.9,3.9,3.5,9.3,8.4,8.6,9.5,17.2,11.5,19.2,10.4,9.7,10.4,9.8,10.5,9.3,7.5,15.3,14.8,10.9,9.7,11.4,
大園,2025/12/08 00:00:00,O3,3.4,15.5,30.5,39.7,41.2,36.8,37.1,37.6,40.1,37.6,41.3,39.6,45.4,48,48.8,50.4,52.1,56.4,59.4,55.8,55.1,57.9,54.6,48.2,
大園,2025/12/08 00:00:00,PM10,35,20,17,18,20,18,17,19,28,32,44,44,44,53,33,33,40,33,33,34,40,36,26,22,
大園,2025/12/08 00:00:00,PM2.5,13,11,7,5,6,11,8,8,8,15,9,9,10,8,7,13,12,17,24,16,19,15,12,19,
大園,2025/12/08 00:00:00,RAINFALL,0,0,0,0,0,0,0,0,0,0,0,0,0,0,0,0,0,0,0,0,0,0,0,0,
大園,2025/12/08 00:00:00,RH,74,81,92,92,91,87,86,82,78,76,73,67,70,70,72,74,76,75,75,73,74,76,80,81,
大園,2025/12/08 00:00:00,SO2,1.5,1.6,1.5,1.1,1,1.2,1.3,1.2,1.2,1.3,1.3,1.6,1.6,1.7,1.7,1.4,1.4,1.3,1.5,1.9,2.1,2.3,1.9,1.7,
大園,2025/12/08 00:00:00,WD_HR,106,11,21,24,25,32,32,34,33,37,38,43,40,42,35,36,37,36,36,45,49,59,59,63,
大園,2025/12/08 00:00:00,WIND_DIREC,13,29,9,26,26,37,32,33,33,34,43,36,43,46,35,37,38,37,37,46,50,60,57,65,
大園,2025/12/08 00:00:00,WIND_SPEED,1.4,3.6,3.6,5.3,6.1,5.7,5.5,6,6.8,6.1,6.7,6.3,6.2,6.8,7.5,8.6,7.6,8.2,8.1,6.7,6.8,5.2,5.4,2.9,
大園,2025/12/08 00:00:00,WS_HR,1.2,2.5,3.1,5,5.4,5.3,4.8,5,6.7,5.9,5.9,5.7,6,6,7.1,7.3,7.9,7.9,7.8,6.4,5.6,5.3,5.2,3.9,
大園,2025/12/09 00:00:00,AMB_TEMP,19.4,18.6,18,17.7,17.6,17.7,17.8,17.8,17.7,18.6,19.6,20.4,21.5,22.2,22.3,21.7,21.1,20.6,20.1,19.8,20,19.9,20.3,20.4,
大園,2025/12/09 00:00:00,CO,0.25,0.22,0.23,0.21,0.2,0.18,0.18,0.18,0.17,0.25,0.21,0.19,0.19,0.17,0.18,0.19,0.19,0.21,0.23,0.2,0.2,0.19,0.19,0.19,
大園,2025/12/09 00:00:00,NO,0.9,0.8,0.7,0.4,0.5,0.5,0.9,5,2.3,11.5,4.1,4.8,6.1,4.6,#,4.4,3.7,2.9,2.7,2.5,2.4,3.9,1.5,1.3,
大園,2025/12/09 00:00:00,NO2,16.4,4.3,4.4,2.6,2.5,2.7,6.4,14,13.1,30.6,18,17.3,14.6,12,#,16.7,20.4,17.6,20.6,22.4,21.7,20.6,16.3,14.7,
大園,2025/12/09 00:00:00,NOx,17.4,5.1,5.2,3.1,3,3.2,7.3,19.1,15.4,42.2,22.2,22.1,20.7,16.7,#,21.2,24.1,20.6,23.3,24.9,24.2,24.6,17.8,16.1,
大園,2025/12/09 00:00:00,O3,38,55.4,54.6,54.1,53.5,50.6,45.5,38.2,37.7,25.4,33,32.4,34.1,37.8,38.6,34,31.1,32.2,29.8,27.4,28.1,29.4,31.4,32.7,
大園,2025/12/09 00:00:00,PM10,17,30,29,32,26,31,28,30,28,26,30,33,25,20,#,28,24,26,21,15,17,20,14,8,
大園,2025/12/09 00:00:00,PM2.5,10,17,18,17,16,18,10,15,11,11,17,14,12,#,13,9,10,10,8,6,9,7,4,3,
大園,2025/12/09 00:00:00,RAINFALL,0,3,3.5,0.5,1,0,0.5,0,0,0,0,0,0,0,0,0,0,0,0,0,0,0,0,0,
大園,2025/12/09 00:00:00,RH,84,92,93,93,92,92,92,91,91,88,83,80,76,73,72,76,80,82,86,88,87,88,84,82,
大園,2025/12/09 00:00:00,SO2,1.9,0.9,0.8,0.7,0.7,0.6,0.6,0.8,0.8,1.5,2.1,1.4,1.5,1.4,1.3,2.1,2.3,1.5,2.1,2.3,2.3,2.3,1.9,1.4,
大園,2025/12/09 00:00:00,WD_HR,48,43,36,32,35,37,35,37,36,44,59,55,51,64,59,44,42,49,52,38,40,42,56,63,
大園,2025/12/09 00:00:00,WIND_DIREC,34,41,31,34,35,37,35,36,34,54,57,44,54,69,46,36,48,40,44,46,34,57,60,59,
大園,2025/12/09 00:00:00,WIND_SPEED,5.4,5.4,8.7,7.4,7.6,7.7,7.2,7.1,6.7,4.5,3.9,4,4.7,5.5,5.2,4.8,4,4.6,3.1,3.5,6.6,3.3,2.9,1.8,
大園,2025/12/09 00:00:00,WS_HR,3.4,4.8,6.2,7.3,7.3,7.1,6.8,6.5,6.3,5,3.8,3.4,4.2,5.1,5,4.5,4.7,3.9,3.3,4.2,4.1,4.1,2.7,2.5,
大園,2025/12/10 00:00:00,AMB_TEMP,20.2,19.7,18.6,18.2,17.6,17.3,17.2,18.2,20.4,21.8,22.6,22.4,22.1,21.7,21.2,20.2,19.7,19.4,19.3,19.2,19,18.8,18.8,18.5,
大園,2025/12/10 00:00:00,CO,0.22,0.21,0.2,0.23,0.23,0.22,0.27,0.37,0.3,0.22,0.19,0.24,0.2,0.17,0.18,0.18,0.21,0.26,0.25,0.27,0.22,0.3,0.22,0.19,
大園,2025/12/10 00:00:00,NO,1.6,0.8,0.2,0.2,0.1,0.3,7.3,11.8,6.8,2.6,1.9,1.7,1.6,1.2,1,0.9,1,0.6,0.4,0.1,0.5,0.9,0.6,0.1,
大園,2025/12/10 00:00:00,NO2,20.2,22.6,15,10.4,11,9.4,18.5,18.7,13.1,8.9,7.4,8.6,8.2,6.7,6.7,8.2,10.9,12,10.3,10.6,10.6,13.6,12.7,11,
大園,2025/12/10 00:00:00,NOx,21.8,23.4,15.3,10.7,11.1,9.7,25.8,30.6,19.9,11.5,9.3,10.3,9.8,8,7.7,9.2,11.9,12.7,10.8,10.8,11.1,14.5,13.3,11.2,
大園,2025/12/10 00:00:00,O3,26.7,22.9,21,19.8,13.9,8.5,0.8,4,20.1,29.9,36.2,39,39.6,41.4,43.2,38.3,34.8,32.6,34.4,32.9,32.1,28.4,29,24.6,
大園,2025/12/10 00:00:00,PM10,10,12,9,15,12,14,11,23,20,26,28,24,18,15,14,22,26,31,24,22,20,16,14,22,
大園,2025/12/10 00:00:00,PM2.5,9,8,7,12,10,13,9,14,16,12,8,10,7,7,8,6,8,12,10,12,11,9,16,11,
大園,2025/12/10 00:00:00,RAINFALL,0,0,0,0,0,0,0,0,0,0,0,0,0,0,0,0,0,0,0,0,0,0,0,0,
大園,2025/12/10 00:00:00,RH,84,86,90,92,93,94,94,92,88,84,81,83,84,85,85,88,88,88,87,87,87,87,87,89,
大園,2025/12/10 00:00:00,SO2,1.8,1.5,1.3,1.1,1,0.8,0.9,1,1.3,1.3,1.3,1.1,0.9,0.9,0.9,0.8,0.8,0.9,1,0.8,0.9,1,1,1,
大園,2025/12/10 00:00:00,WD_HR,55,54,214,211,195,193,166,192,221,221,263,342,346,345,333,343,344,344,345,346,356,349,315,237,
大園,2025/12/10 00:00:00,WIND_DIREC,46,177,221,202,230,146,162,210,223,230,306,346,351,343,337,333,348,343,341,351,4,318,229,293,
大園,2025/12/10 00:00:00,WIND_SPEED,1.2,0.7,2.4,2.3,2,0.6,1.2,1.8,2.9,2.9,2.4,2.7,2.1,3,3.4,3.7,3.4,3,3.3,2.1,1.4,1.2,0.5,0.9,
大園,2025/12/10 00:00:00,WS_HR,1.5,0.7,2.1,2.1,1.6,1.2,1.1,1.4,2.2,2.9,2,2.5,2.4,2.7,3.1,3.6,3.1,2.7,3.2,2.4,1.4,0.9,0.5,0.4,
大園,2025/12/11 00:00:00,AMB_TEMP,18.5,18.7,19,18.4,17.7,17.7,18,18.6,19.4,20.7,21,20.8,20.8,20.7,20.3,19.9,19.7,19.7,20.1,20.5,20.4,20.6,20.7,20.7,
大園,2025/12/11 00:00:00,CO,0.21,0.2,0.19,0.15,0.16,0.17,0.22,0.34,0.33,0.17,0.15,0.16,0.16,0.15,0.16,0.19,0.21,0.22,0.22,0.26,0.25,0.26,0.28,0.32,
大園,2025/12/11 00:00:00,NO,0.3,0.3,0.3,0.3,0.2,0.2,2.1,15.8,22.1,3.5,2,1.7,1.5,1.5,1.6,1.3,1.2,0.8,0.6,1,0.6,0.4,0.5,0.4,
大園,2025/12/11 00:00:00,NO2,10.1,10.2,8.6,6.9,8.4,7.9,16.9,29.1,29.8,11.8,6,7.3,6.2,7,7.4,8.8,10.6,9.2,10.9,18.5,18,13.6,11,10,
大園,2025/12/11 00:00:00,NOx,10.4,10.5,8.9,7.2,8.6,8.2,19,44.9,51.9,15.3,8,9,7.8,8.5,9,10.1,11.8,10.1,11.6,19.6,18.7,14,11.5,10.4,
大園,2025/12/11 00:00:00,O3,22.7,25.8,33.6,32.9,26.6,22.7,17.7,10.9,10.4,32.3,41.4,42.8,46.4,45.5,48.8,51.9,53.7,55,53.5,46.8,42.8,50.1,53.7,51.8,
大園,2025/12/11 00:00:00,PM10,31,14,10,7,20,19,13,26,26,21,13,15,17,12,19,26,36,34,30,35,32,36,42,47,
大園,2025/12/11 00:00:00,PM2.5,13,10,7,8,6,9,9,7,15,11,6,7,9,6,9,19,18,19,17,16,17,19,21,24,
大園,2025/12/11 00:00:00,RAINFALL,0,0,0,0,0,0,0,0,0,0,0,0,0,0,0,0,0,0,0,0,0,0,0,0,
大園,2025/12/11 00:00:00,RH,89,87,83,84,89,89,87,86,84,78,74,76,76,75,76,77,78,77,77,74,75,75,74,73,
大園,2025/12/11 00:00:00,SO2,1.1,1.2,1.2,1,1.1,1.1,1.1,1.4,1.6,1.3,0.9,1.1,1,1.1,1.2,1.1,1.2,1.3,1.3,2.2,1.9,1.7,1.5,1.9,
大園,2025/12/11 00:00:00,WD_HR,202,299,331,265,203,194,194,49,77,38,31,27,28,33,32,32,33,34,37,51,66,62,58,59,
大園,2025/12/11 00:00:00,WIND_DIREC,309,309,314,322,197,201,0,137,29,41,35,30,36,33,33,34,32,34,36,66,58,58,55,64,
大園,2025/12/11 00:00:00,WIND_SPEED,0.3,1.7,1.9,0.8,1.8,0.6,0.8,1.1,2.3,3.1,3.6,4.5,4.5,5.6,5.8,7.4,6.8,6.3,6.1,4.4,3.8,4.5,4.4,5.4,
大園,2025/12/11 00:00:00,WS_HR,0.6,1.3,2.1,0.7,1.2,0.9,0.2,0.7,0.8,2.4,3.2,4.2,4.5,5,5.9,6.5,6.4,6.2,5.9,4.4,3.4,3.7,4,4.5,
大園,2025/12/12 00:00:00,AMB_TEMP,20.6,20.6,20.5,20.4,20.2,20.2,20.2,20.3,20.5,20.9,21.2,20.6,20.5,20.6,20.7,20.6,20.3,20.1,19.9,19.9,20,19.9,20.1,20.6,
大園,2025/12/12 00:00:00,CO,0.37,0.32,0.33,0.32,0.31,0.3,0.29,0.29,0.29,0.23,0.24,0.32,0.31,0.28,0.26,0.25,0.25,0.26,0.24,0.22,0.24,0.25,0.28,0.2,
大園,2025/12/12 00:00:00,NO,0.4,0.3,0.3,0.4,0.6,0.7,0.9,1.4,2.4,2.7,2.8,5.1,2.3,2.5,2.8,2.5,2,1.8,1.7,1.2,0.8,0.6,1.1,1.7,
大園,2025/12/12 00:00:00,NO2,10.5,7.3,8.9,8.3,8,9.1,11.9,15,19,14.1,14.2,23.2,15.2,15.9,15.4,15.4,16,16.3,16.3,11.8,13,10.7,20.2,14.4,
大園,2025/12/12 00:00:00,NOx,10.9,7.7,9.3,8.8,8.7,9.8,12.8,16.4,21.5,16.8,17,28.3,17.5,18.5,18.3,18,18,18.2,18,13,13.9,11.3,21.4,16.2,
大園,2025/12/12 00:00:00,O3,56,58.6,57.2,57.5,58.5,56.3,51.2,45.8,40.3,43.3,41.5,34.9,40.9,40.8,40.6,40.1,39.9,38.2,37.4,38.3,37.3,37.3,27.1,38.5,
大園,2025/12/12 00:00:00,PM10,54,50,48,49,48,43,45,41,49,51,50,50,56,56,56,45,40,42,37,43,32,32,34,42,
大園,2025/12/12 00:00:00,PM2.5,31,27,26,21,24,23,20,19,21,20,21,20,23,28,24,17,20,22,19,16,14,14,12,14,
大園,2025/12/12 00:00:00,RAINFALL,0,0,0,0,0,0,0,0,0,0,0,0,0,0,0,0,0,0,0,0,0,0,0,0,
大園,2025/12/12 00:00:00,RH,73,73,73,73,75,75,74,74,73,71,71,75,76,75,74,76,79,81,83,84,84,83,84,84,
大園,2025/12/12 00:00:00,SO2,2.1,1.5,1.5,1.4,1.4,1.3,1.5,1.7,1.9,1.8,2,1.9,1.8,1.8,2,1.7,1.6,1.8,1.7,1.6,1.8,1.2,1.4,1.4,
大園,2025/12/12 00:00:00,WD_HR,62,61,60,62,56,58,57,57,52,59,54,46,45,52,56,50,47,48,47,48,56,68,41,35,
大園,2025/12/12 00:00:00,WIND_DIREC,64,62,59,58,57,63,61,56,63,57,39,57,59,56,44,52,54,51,55,42,63,64,34,35,
大園,2025/12/12 00:00:00,WIND_SPEED,4.9,4.2,4.4,4.2,4.3,4.5,4.8,4.9,5.3,5.5,6,5,4.9,5.4,5.5,4.9,4.7,4.5,4.7,4.7,2.8,2.9,5.4,6.7,
大園,2025/12/12 00:00:00,WS_HR,4.6,4.1,4.2,3.9,4.2,4.2,4.1,4.4,4.6,4.9,5.1,5.2,4.9,4.8,4.7,4.8,5.1,4.4,4.8,4.2,3.5,3,3.5,6.1,
大園,2025/12/13 00:00:00,AMB_TEMP,20.5,20.3,20.3,19.9,19.6,19.5,19.4,19.7,19.6,19.7,18.7,18.7,19.1,18.7,19,18.3,17.4,17.4,17.6,17.5,17.2,16.9,16.7,16.4,
大園,2025/12/13 00:00:00,CO,0.18,0.16,0.16,0.14,0.13,0.13,0.14,0.19,0.19,0.15,0.14,0.14,0.14,0.14,0.15,0.15,0.15,0.17,0.18,0.2,0.21,0.22,0.24,0.23,
大園,2025/12/13 00:00:00,NO,1.2,0.5,0.4,0.5,0.3,0.3,0.5,1.8,2.4,1.6,0.8,1.7,1.3,0.9,1.1,1.2,1.2,1,0.8,0.8,0.6,0.8,4.1,0.8,
大園,2025/12/13 00:00:00,NO2,7,2.7,4,2.4,2.9,2.7,6.1,17.3,22.2,10,6.5,8.4,5.7,7.4,6.6,8.3,8.2,6,4.5,3.6,3.6,3.8,12.4,7,
大園,2025/12/13 00:00:00,NOx,8.2,3.2,4.4,2.9,3.3,3,6.7,19.1,24.7,11.6,7.3,10.1,7,8.3,7.8,9.6,9.4,7,5.4,4.4,4.2,4.6,16.5,7.9,
大園,2025/12/13 00:00:00,O3,45.4,48.2,46.8,46.9,43.8,42.9,39.5,32,28,36.1,39.9,37.2,38.6,37.9,38,37.3,37.7,41.5,44.4,43.5,45.5,44,35.5,34.3,
大園,2025/12/13 00:00:00,PM10,35,36,32,26,29,27,22,26,27,29,18,20,23,36,35,32,27,21,29,35,27,23,17,20,
大園,2025/12/13 00:00:00,PM2.5,13,16,15,14,12,8,11,14,8,11,9,10,10,9,11,10,13,11,12,20,17,18,14,13,
大園,2025/12/13 00:00:00,RAINFALL,0,0,0,0,0,0,0,0,0,0,0.5,0,0,0,0,0,0,0,0,0,0,0,0,0,
大園,2025/12/13 00:00:00,RH,84,84,83,86,86,88,89,88,90,88,93,92,89,88,84,86,89,83,77,79,81,81,83,83,
大園,2025/12/13 00:00:00,SO2,1.2,1.2,1.2,1.1,1,1,1.2,1.5,1.8,1.6,1.2,1.2,1.2,1.1,1.2,1.2,1.2,1.2,1.2,1.3,1.2,1.2,1.5,1.3,
大園,2025/12/13 00:00:00,WD_HR,33,34,38,32,27,30,37,40,33,32,30,34,28,21,23,11,23,27,28,27,26,30,36,30,
大園,2025/12/13 00:00:00,WIND_DIREC,34,47,29,30,24,37,31,38,34,32,31,36,27,18,24,10,25,26,31,25,25,28,33,34,
大園,2025/12/13 00:00:00,WIND_SPEED,5.3,4.7,5.6,4.6,6,5.2,5,3.4,4.5,4.9,6.3,5.3,5.8,6.2,6.3,6.6,7.2,8.3,7.4,7.3,7.2,6.1,5.5,4.7,
大園,2025/12/13 00:00:00,WS_HR,5.9,5.6,4.7,5.3,4.9,5.3,4.3,3.9,4,4.8,5.3,5.3,5.6,5.5,6.1,6.1,6.5,7.4,7.1,7,6.3,6.1,4.6,5.4,
大園,2025/12/14 00:00:00,AMB_TEMP,17,16.6,16.6,16.3,16,15.9,15.6,15.4,15.7,15.7,15.4,15,15.1,15.3,15.1,14.5,14.1,13.8,13.8,13.8,14,14.2,14.4,14.5,
大園,2025/12/14 00:00:00,CO,0.24,0.24,0.24,0.25,0.26,0.26,0.26,0.28,0.26,0.24,0.21,0.21,0.2,0.19,0.2,0.21,0.22,0.23,0.22,0.23,0.25,0.24,0.22,0.22,
大園,2025/12/14 00:00:00,NO,1.2,1.7,0.7,0.9,1.6,2.9,6.6,7.4,5.1,4.8,3.5,4.3,2.3,2.1,2,2.3,1.6,1.3,1.1,1,0.9,0.8,1,1,
大園,2025/12/14 00:00:00,NO2,6.3,9.1,4.5,5.1,7.6,11.1,11.2,17,12.4,12.9,10.1,13.2,7.3,6.8,7.8,10,10.9,12.4,13.5,14.3,17.9,14.9,13.4,12.4,
大園,2025/12/14 00:00:00,NOx,7.5,10.9,5.3,6,9.2,14,17.9,24.4,17.5,17.7,13.7,17.5,9.6,9,9.9,12.3,12.5,13.7,14.6,15.4,18.8,15.8,14.4,13.4,
大園,2025/12/14 00:00:00,O3,32.4,30.1,30.5,28.9,26,24,23,16.4,25,29.2,34.1,32.9,38.3,40.3,42.4,41.3,39.9,37.7,36.7,34.1,31.3,32.4,33,32.7,
大園,2025/12/14 00:00:00,PM10,23,22,35,41,58,48,28,47,45,42,49,54,47,47,45,40,41,98,33,49,37,38,43,30,
大園,2025/12/14 00:00:00,PM2.5,15,11,14,9,14,15,10,11,15,16,13,16,14,20,21,18,15,18,14,16,21,11,14,15,
大園,2025/12/14 00:00:00,RAINFALL,0,0,0,0,0,0,0,0,0,0,0,0,0,0,0,0,0,0,0,0,0,0,0,0,
大園,2025/12/14 00:00:00,RH,76,74,71,69,67,65,64,66,59,55,54,59,59,57,56,58,57,60,60,63,60,62,62,62,
大園,2025/12/14 00:00:00,SO2,1.4,0.8,0.6,0.8,1,1.1,1.3,1.2,1.6,1.8,1.5,1.4,1.3,1.1,1.3,1.7,1.8,1.6,1.5,1.1,1.4,1.5,1.2,1.2,
大園,2025/12/14 00:00:00,WD_HR,31,35,32,34,36,35,36,42,49,51,40,39,42,39,45,42,56,62,59,68,66,63,60,67,
大園,2025/12/14 00:00:00,WIND_DIREC,30,33,34,37,38,36,41,49,57,45,45,38,38,39,40,44,58,61,60,70,66,68,58,63,
大園,2025/12/14 00:00:00,WIND_SPEED,6.5,6.7,6,6.8,6.2,7.2,6.1,5.2,5.3,5.6,5.9,7.6,7.8,6.7,7,6.3,4.8,4.9,3.9,4.1,3.7,3.7,3.8,4.3,
大園,2025/12/14 00:00:00,WS_HR,6,5.9,6.3,5.9,5.4,6.1,5.7,5.2,5.3,5.4,6.3,6.6,6.4,6.9,6.3,6.2,4.8,4.6,4,3.9,3.7,3.3,3.5,4,
大園,2025/12/15 00:00:00,AMB_TEMP,14.6,14.8,14.7,15,15,14.8,15.4,15.9,17.1,18.3,19.3,19.6,20.5,20.8,21,20.4,20,19.6,19.2,19.1,19.1,19,18.8,18.6,
大園,2025/12/15 00:00:00,CO,0.23,0.2,0.2,0.19,0.19,0.2,0.2,0.2,0.22,0.2,0.2,0.19,0.2,#,0.19,0.2,0.22,0.24,0.26,0.27,0.29,0.35,0.34,0.29,
大園,2025/12/15 00:00:00,NO,1.1,1.2,0.9,0.7,0.9,0.9,1.6,3,4.2,4.4,4.2,3.2,3,#,5.3,2.6,2.1,1.6,1.1,0.9,0.9,1,0.9,0.9,
大園,2025/12/15 00:00:00,NO2,15.3,8,7.3,5.7,5.9,8.7,14.9,15.9,14.8,11.5,11.3,9.8,12.4,#,15.7,14.5,17,16.8,13.7,14.1,14.3,15.1,15.2,14,
大園,2025/12/15 00:00:00,NOx,16.4,9.2,8.2,6.5,6.9,9.7,16.6,19,19,15.9,15.5,13,15.5,#,21.1,17.1,19.2,18.5,14.8,15,15.2,16.2,16.1,15,
大園,2025/12/15 00:00:00,O3,31.8,36.6,36.2,37.5,36,31.7,29.2,29.5,31.2,34.1,34.8,35.9,#,#,28.8,29.3,26.4,26.1,28.8,27.6,28.3,26.1,25,26.3,
大園,2025/12/15 00:00:00,PM10,27,23,26,24,23,22,21,23,29,29,30,30,29,#,#,50,33,34,29,25,24,25,26,26,
大園,2025/12/15 00:00:00,PM2.5,15,12,15,11,12,11,15,13,8,11,11,11,#,5,10,9,12,11,14,13,16,12,13,11,
大園,2025/12/15 00:00:00,RAINFALL,0,0,0,0,0,0,0,0,0,0,0,0,#,#,0,0,0,0,0,0,0,0,0,0,
大園,2025/12/15 00:00:00,RH,62,61,61,58,60,64,61,60,58,55,54,53,51,49,48,52,55,58,59,59,61,63,65,65,
大園,2025/12/15 00:00:00,SO2,1.8,1.3,1,1.1,1,1,1.9,1.7,1.4,1.4,1.2,0.9,1,#,1,0.7,0.9,0.8,0.8,1,1.4,1.8,1.8,1.8,
大園,2025/12/15 00:00:00,WD_HR,64,59,59,58,63,58,60,62,67,68,68,72,82,88,99,105,105,103,110,112,116,123,119,122,
大園,2025/12/15 00:00:00,WIND_DIREC,69,57,57,60,65,64,63,64,68,66,73,74,75,98,100,101,103,103,112,111,119,124,119,130,
大園,2025/12/15 00:00:00,WIND_SPEED,5,4.6,4,4.6,3.7,4.1,4.7,4.2,5.4,5.5,6.3,5.2,4.2,6.4,6.3,5.9,4.8,4.6,4.7,5.5,4.6,3.9,4.3,2.8,
大園,2025/12/15 00:00:00,WS_HR,4.2,4.4,4,4.5,3.9,3.7,4,4.1,4.7,5.7,5.6,5,4.5,5,5.8,5,4.6,4.5,5.2,5.2,4.9,3.5,3.5,3.1,
大園,2025/12/16 00:00:00,AMB_TEMP,18.4,18,17.4,17,16,15.4,15.2,16.1,18.5,20.4,21.9,23,22.1,21.9,21.6,21,20.3,19.7,19.6,19.5,18.8,18.4,18.4,17.5,
大園,2025/12/16 00:00:00,CO,0.27,0.27,0.29,0.34,0.32,0.27,0.31,0.41,0.43,0.32,#,#,#,0.29,0.21,0.19,0.19,0.23,0.25,0.27,0.36,0.41,0.57,0.62,
大園,2025/12/16 00:00:00,NO,0.8,0.3,0.2,0.1,0.1,0.5,1.4,10.9,14.1,7.5,#,#,#,#,1.7,1.3,0.8,0.6,1,2.4,5.2,17.6,1.4,2.3,
大園,2025/12/16 00:00:00,NO2,13.7,13.4,13.7,15.2,17,15.3,16.8,18.4,18.9,15.1,#,#,#,#,10.6,11.6,11.9,20,29,39,52.9,52.3,48.3,45.2,
大園,2025/12/16 00:00:00,NOx,14.5,13.7,13.9,15.3,17.2,15.9,18.2,29.3,33.1,22.7,#,#,#,#,12.4,13,12.7,20.7,30,41.5,58.1,70,49.8,47.6,
大園,2025/12/16 00:00:00,O3,26.7,23,20.7,17.3,12.9,6,3.7,2.5,8,19.4,#,#,#,#,47.7,48.3,50,44.8,34.5,22,5.4,1.7,2.3,1.9,
大園,2025/12/16 00:00:00,PM10,21,24,21,24,21,19,20,39,43,37,#,#,49,40,27,33,33,30,34,34,37,41,45,47,
大園,2025/12/16 00:00:00,PM2.5,9,10,13,15,15,10,19,25,20,20,15,#,27,16,11,10,16,11,16,14,18,22,25,27,
大園,2025/12/16 00:00:00,RAINFALL,0,0,0,0,0,0,0,0,0,0,#,#,0,0,0,0,0,0,0,0,0,0,0,0,
大園,2025/12/16 00:00:00,RH,65,69,70,71,75,78,79,76,72,67,60,56,63,63,63,72,77,78,74,77,82,81,80,84,
大園,2025/12/16 00:00:00,SO2,1.9,1.3,1.5,1.4,1.5,1.2,1.2,1.3,1.6,2,#,#,#,1.4,2.2,1.7,1.8,2.3,3.9,5,4.6,3.3,3.1,3,
大園,2025/12/16 00:00:00,WD_HR,149,171,167,162,178,207,210,181,192,245,268,#,330,349,358,17,31,27,35,37,74,136,192,173,
大園,2025/12/16 00:00:00,WIND_DIREC,159,171,166,160,219,211,192,170,177,315,241,#,343,356,6,31,32,31,39,41,114,210,199,188,
大園,2025/12/16 00:00:00,WIND_SPEED,2.2,2.7,2.1,2,1.4,1.6,1.5,1.3,1.2,0.7,1,#,2.4,3.8,5,4.3,3.5,2.6,2.3,1.7,0.7,0.8,0.5,1.2,
大園,2025/12/16 00:00:00,WS_HR,2.1,2.4,2.1,2.3,1.4,1.3,1.8,1.1,1.4,0.4,0.6,#,2.3,3,4.3,3.5,3.5,2.5,2.7,2.3,0.8,0.7,0.4,1,
大園,2025/12/17 00:00:00,AMB_TEMP,17,17.1,17.5,17.5,17.1,17.4,18.1,18.8,20.6,22.4,23.2,23.4,22.7,22.4,22.2,21.8,21.3,20.4,20.7,20.5,20.1,19.9,19.8,19.6,
大園,2025/12/17 00:00:00,CO,0.73,0.66,0.65,0.63,0.62,0.46,0.37,0.47,0.32,0.31,0.35,0.19,0.13,0.13,0.13,0.12,0.13,0.13,0.16,0.18,0.22,0.27,0.3,0.31,
大園,2025/12/17 00:00:00,NO,2.8,5.2,2.4,5.9,5.5,4.8,9.8,26.2,12.4,9.2,10.5,4,1.7,1.3,1.3,1.6,1.2,1,0.9,0.9,0.6,0.3,0.4,0.3,
大園,2025/12/17 00:00:00,NO2,37.7,36.6,33.2,31.5,35.1,35,34.9,37.6,25.6,22.6,24.8,11.1,6.2,5.6,4.9,7.9,9.4,8.7,12.5,13.2,14.7,13.9,11.5,13.3,
大園,2025/12/17 00:00:00,NOx,40.5,41.9,35.7,37.4,40.6,39.8,44.7,63.9,38.1,31.9,35.3,15.1,8,6.9,6.2,9.5,10.7,9.8,13.4,14.2,15.3,14.3,12,13.6,
大園,2025/12/17 00:00:00,O3,0.6,1.5,1.5,0.8,0,1.2,2.9,4,15,22.3,25.2,38.8,43.3,45,45,41.4,42.1,40.7,38,43.3,50.7,51.2,52.6,52.9,
大園,2025/12/17 00:00:00,PM10,43,46,40,50,37,33,26,26,25,23,26,19,18,21,20,22,23,24,19,31,41,52,56,63,
大園,2025/12/17 00:00:00,PM2.5,29,24,23,24,26,15,14,16,15,9,5,4,6,4,4,5,7,6,6,11,22,19,21,26,
大園,2025/12/17 00:00:00,RAINFALL,0,0,0,0,0,0,0,0,0,0,0,0,0,0,0,0,0,0,0,0,0,0,0,0,
大園,2025/12/17 00:00:00,RH,87,88,88,88,88,89,89,87,80,71,66,63,67,70,73,74,76,85,81,81,79,77,75,76,
大園,2025/12/17 00:00:00,SO2,2.2,2,1.9,1.7,1.4,1.4,1.7,2.5,1.9,1.8,2.6,2,0.9,1,1,1.1,1.1,1.1,2,2.5,3.1,3.1,2.9,3.2,
大園,2025/12/17 00:00:00,WD_HR,179,155,153,141,136,131,104,91,68,52,35,29,32,29,31,36,36,35,47,44,49,57,59,56,
大園,2025/12/17 00:00:00,WIND_DIREC,154,157,154,126,138,125,90,82,53,50,30,29,33,26,37,38,33,37,50,42,46,61,57,62,
大園,2025/12/17 00:00:00,WIND_SPEED,1.4,1.2,1.4,1.5,1.4,2.2,2.5,2.2,3.1,2.7,4.5,6.8,7.2,8.4,7,7.4,7.4,5.5,5.4,6,6.1,6.9,6.1,6.2,
大園,2025/12/17 00:00:00,WS_HR,1.1,1.3,1,1.3,1.5,1.9,2.5,2.1,2.5,2.7,3.5,5.5,6.5,7.5,7.1,7.4,7.1,6.6,5.5,6.3,6.2,5.8,6.2,5.9,
大園,2025/12/18 00:00:00,AMB_TEMP,19.4,19.3,19.3,19.3,19.4,19.4,19.4,19.7,20.1,20.7,21.9,22.3,22.4,21.8,20.7,20.8,20.5,20.4,20.4,20.8,20.9,21.1,20.9,20.4,
大園,2025/12/18 00:00:00,CO,0.31,0.29,0.28,0.27,0.26,0.26,0.28,0.3,0.32,0.34,0.29,0.26,0.26,0.26,0.28,0.27,0.28,0.3,0.3,0.29,0.27,0.25,0.27,0.28,
大園,2025/12/18 00:00:00,NO,0.4,0.4,0.5,0.3,0.4,0.5,1.2,1.8,2.8,4.2,3.9,2.6,2.3,2.9,3.1,2.2,1.8,1.2,1.2,1,0.8,0.9,0.3,0.5,
大園,2025/12/18 00:00:00,NO2,10.6,8.7,7.4,6.8,6.2,8.2,12.1,16.2,18.2,21.1,15.4,10.3,10.5,12.2,16,16,16.7,16.9,15.4,16.4,16.3,15.6,13.9,12.3,
大園,2025/12/18 00:00:00,NOx,11,9.2,8,7.1,6.6,8.7,13.4,18,21.1,25.4,19.4,12.9,12.9,15.1,19.2,18.3,18.6,18.2,16.6,17.5,17.1,16.5,14.3,12.8,
大園,2025/12/18 00:00:00,O3,56.9,55.8,54.4,52.7,52.4,46.1,42.5,38.4,35.6,34.7,38.7,44,45,42.1,38.3,38.7,37.1,36.4,35.7,35,34.6,33.3,32,27.9,
大園,2025/12/18 00:00:00,PM10,67,56,58,46,49,42,44,52,45,51,42,41,36,42,38,25,22,31,15,20,16,19,10,8,
大園,2025/12/18 00:00:00,PM2.5,25,22,22,19,19,21,19,19,25,20,19,15,10,17,13,10,14,20,6,10,12,9,7,7,
大園,2025/12/18 00:00:00,RAINFALL,0,0,0,0,0,0,0,0,0,0,0,0,0,0,0,0,0,0,0,0,0,0,0,0,
大園,2025/12/18 00:00:00,RH,76,76,75,75,73,72,70,68,71,71,63,61,63,72,80,77,78,80,82,81,81,82,83,85,
大園,2025/12/18 00:00:00,SO2,2.6,1.9,1.6,1.4,1.1,1,1.7,1.6,1.2,1.7,1.5,1.4,1.6,1.9,2.2,1.5,1.3,1.6,1.3,1.2,1.2,1.2,1.1,0.6,
大園,2025/12/18 00:00:00,WD_HR,60,59,57,56,56,55,59,57,55,57,69,74,63,44,41,64,70,69,72,50,61,63,89,180,
大園,2025/12/18 00:00:00,WIND_DIREC,57,54,55,58,56,62,59,59,58,71,73,75,56,37,41,68,71,69,71,57,55,68,155,233,
大園,2025/12/18 00:00:00,WIND_SPEED,5.9,5.4,5.3,5.4,5.1,5.7,4.9,4.6,5,4.4,5.7,6.4,6,7,5.6,5.5,4.6,3.3,3.3,4,3,3.2,1.1,0.8,
大園,2025/12/18 00:00:00,WS_HR,6,5.6,5.2,5.2,4.8,4.6,4.9,4.5,4.4,4.1,4.8,5.6,5.3,5.5,5.4,5.4,5.1,4,3.3,3.6,3.6,2.9,0.9,0.9,
大園,2025/12/19 00:00:00,AMB_TEMP,20.5,20,19.1,19.1,18.9,18.7,18.9,19.4,20,21.2,21.6,21.6,21.1,20.5,#,20.5,19.8,19.3,19.3,19.3,19.4,19.4,19.3,19.6,
大園,2025/12/19 00:00:00,CO,0.28,0.36,0.35,0.36,0.36,0.35,0.35,0.47,0.41,0.33,0.34,0.41,0.3,0.25,0.23,0.28,0.29,0.31,0.3,0.28,0.39,0.3,0.23,0.25,
大園,2025/12/19 00:00:00,NO,0.6,1.3,1.2,1,1.2,1.3,1.4,3.2,4.6,5.8,8.8,6.5,3.4,2,2.2,3.1,1.8,1.6,1.8,2,4.4,1.5,1.9,1.5,
大園,2025/12/19 00:00:00,NO2,13.3,14.1,15,14.8,15.7,15.4,15.2,18.2,18.1,19.8,26.7,23,14.5,8.1,11.8,16.6,13.9,15.6,17.3,21.9,32.4,11.4,10.2,14.2,
大園,2025/12/19 00:00:00,NOx,14,15.4,16.2,15.9,16.9,16.7,16.7,21.4,22.7,25.7,35.6,29.5,18,10.1,14,19.7,15.8,17.2,19.1,23.9,36.9,13,12.2,15.7,
大園,2025/12/19 00:00:00,O3,25.9,21,14.1,13.2,9.7,10,10.6,8.8,11.2,18,15.1,19.7,33.5,39.8,36.4,31.3,35.7,35.5,32.3,22.7,12.9,32,35.4,31.2,
大園,2025/12/19 00:00:00,PM10,15,19,20,22,23,29,36,36,42,37,41,42,21,25,23,34,37,39,45,39,39,34,27,27,
大園,2025/12/19 00:00:00,PM2.5,5,14,11,12,17,16,18,16,20,16,18,19,9,16,11,14,16,16,15,16,23,18,18,11,
大園,2025/12/19 00:00:00,RAINFALL,0,0,0,0,0,0,0,0,0,0,0,0,0,#,0,0,0,0.5,0.5,0.5,0,0,1,0,
大園,2025/12/19 00:00:00,RH,85,87,90,89,89,90,92,91,90,87,85,86,89,92,#,93,94,94,94,95,95,95,95,95,
大園,2025/12/19 00:00:00,SO2,0.8,1.1,1.1,1.1,1.4,1.1,0.8,1.1,1.2,1.3,1.5,1.2,0.9,0.5,#,1.2,0.9,0.8,1.1,0.9,1.4,1.1,0.9,1.1,
大園,2025/12/19 00:00:00,WD_HR,162,264,218,237,224,217,196,241,218,47,145,336,344,1,21,339,340,353,5,105,1,12,31,37,
大園,2025/12/19 00:00:00,WIND_DIREC,134,235,222,232,233,210,168,227,276,114,266,348,349,15,18,318,346,5,12,28,357,24,31,27,
大園,2025/12/19 00:00:00,WIND_SPEED,1.2,1.5,1.8,1.7,2.4,2.2,1.2,1.2,1.2,1.9,0.9,1.6,4.6,3.6,2.2,3,3.6,2.1,1.9,1.4,3.2,2.8,3.1,3,
大園,2025/12/19 00:00:00,WS_HR,1.1,1.1,1.9,1.6,2,2.2,1.6,1.3,1,0.4,0.6,1.4,3.1,3.6,1.9,2.1,3.1,2.8,1.1,1.3,1.6,2.2,2.7,2.3,
大園,2025/12/20 00:00:00,AMB_TEMP,19.6,19.5,19.5,19.7,19.6,19.8,19.9,19.9,20,20.4,20.6,20.8,21,21.1,20.9,20.7,20.5,20.3,20.1,20.2,20.3,20.4,20.5,20,
大園,2025/12/20 00:00:00,CO,0.21,0.19,0.19,0.18,0.18,0.18,0.18,0.21,0.2,0.19,0.19,0.2,0.18,0.18,0.17,0.17,0.17,0.17,0.17,0.16,0.16,0.18,0.18,0.25,
大園,2025/12/20 00:00:00,NO,1.7,0.8,0.8,0.7,1,1.8,1.6,1.8,1.5,1.6,1.7,2,2,1.8,1.5,1.6,1.3,1.3,1.5,1.6,1.2,1.1,1.3,2.3,
大園,2025/12/20 00:00:00,NO2,9.2,7.4,8.2,5.8,5.7,11.5,10.5,11.1,9.9,7.8,9.1,10.6,7.4,7.5,6.3,7.7,7.1,7.8,9.6,8.4,6.9,11,13.9,21.5,
大園,2025/12/20 00:00:00,NOx,11,8.2,9,6.6,6.7,13.4,12.2,13,11.4,9.5,10.9,12.7,9.4,9.4,7.8,9.3,8.5,9.2,11.1,10,8.1,12.2,15.2,23.9,
大園,2025/12/20 00:00:00,O3,33.1,33.8,33.8,36.1,35.6,31.3,32.6,28.3,31.9,34.5,30.2,30,34.4,37.7,42.1,40.1,42.9,42.3,38.4,38.5,40.3,32.2,23.1,9.5,
大園,2025/12/20 00:00:00,PM10,35,27,25,26,23,12,17,25,24,23,22,24,25,25,18,22,16,15,17,18,16,18,13,18,
大園,2025/12/20 00:00:00,PM2.5,15,13,10,8,11,7,6,9,9,7,11,11,11,9,10,6,3,6,9,6,5,6,7,7,
大園,2025/12/20 00:00:00,RAINFALL,0,0,0,0,0,0,0,0,0,0,0,0,0,0,0,0,0,0,0,0,0,0,0,0,
大園,2025/12/20 00:00:00,RH,95,95,94,93,93,92,93,94,93,92,91,92,91,91,91,91,92,93,94,95,95,95,94,94,
大園,2025/12/20 00:00:00,SO2,1.1,0.7,0.7,0.5,0.6,0.7,0.7,0.6,0.7,0.9,0.6,0.6,0.7,0.8,0.7,0.8,0.7,0.6,0.9,0.8,0.7,1.1,1.8,2,
大園,2025/12/20 00:00:00,WD_HR,27,24,27,25,29,29,29,25,27,28,28,28,29,27,28,30,31,31,30,30,30,37,35,36,
大園,2025/12/20 00:00:00,WIND_DIREC,29,27,36,25,33,27,27,33,24,29,30,29,26,22,34,36,28,27,30,36,33,49,29,32,
大園,2025/12/20 00:00:00,WIND_SPEED,3.7,4.1,2.5,3,3.8,3.8,2.6,2.6,4.8,4.6,4.5,4.3,4.7,4.6,4.1,4.5,4.9,4,3.8,4.7,4.2,2.2,1.9,2.4,
大園,2025/12/20 00:00:00,WS_HR,3.4,3.6,3.1,2.6,3.1,3.8,3.1,2.5,3.4,4.2,4.1,3.6,4.3,4.4,4.6,4.7,4.6,4.1,3.6,4,3.9,3.3,2,2.1,
大園,2025/12/21 00:00:00,AMB_TEMP,20.2,20.3,20.4,20,19.5,19.4,19.3,19.2,19.1,18.8,18.7,18.5,18.3,18.4,18.4,18.5,18.2,18.3,18.3,18.4,18.3,18.3,18.2,18.4,
大園,2025/12/21 00:00:00,CO,0.22,0.2,0.14,0.29,0.37,0.39,0.4,0.46,0.52,0.52,0.43,0.35,0.27,0.23,0.21,0.2,0.19,0.17,0.17,0.19,0.19,0.18,0.17,0.17,
大園,2025/12/21 00:00:00,NO,7.6,0.4,0.3,0.3,0.1,0.3,0.4,1.1,2.2,1.7,1,1.4,0.9,0.9,1.2,1.4,1.1,1.3,1.5,1.7,0.7,0.6,0.4,0.4,
大園,2025/12/21 00:00:00,NO2,18.9,10.1,3.7,4.5,5.1,4.7,4.9,8.4,13.4,12.2,8.2,8.6,5.5,7.4,7.5,9.1,7.8,7.9,8.2,12.3,9.6,9.8,8.5,7.7,
大園,2025/12/21 00:00:00,NOx,26.6,10.6,4,4.8,5.2,5.1,5.3,9.5,15.7,13.9,9.2,10.1,6.4,8.4,8.8,10.6,9,9.2,9.7,14,10.3,10.5,9,8.2,
大園,2025/12/21 00:00:00,O3,10.8,22,36.6,45,51.9,47.4,45.6,41.5,34.5,35.1,39.3,37.9,40.1,38.6,39.1,37.5,37.7,36.9,35.7,31.4,32.6,32,34.4,35.6,
大園,2025/12/21 00:00:00,PM10,22,19,22,54,76,80,78,81,85,74,54,41,29,22,*,16,21,16,12,10,13,13,8,7,
大園,2025/12/21 00:00:00,PM2.5,6,5,4,28,45,47,45,49,54,45,36,30,25,23,27,21,15,16,17,16,14,13,10,7,
大園,2025/12/21 00:00:00,RAINFALL,0,0,0,0,0,0,0,0,0,0,0,0,0,0,0,0,0,0,0,0,0,0,0,0,
大園,2025/12/21 00:00:00,RH,94,94,94,92,89,88,87,86,84,84,83,82,83,80,78,77,77,75,76,75,75,75,76,75,
大園,2025/12/21 00:00:00,SO2,1.5,1.1,0.6,0.6,0.8,0.7,0.7,0.8,0.9,0.9,0.9,0.8,0.9,0.8,0.9,1,0.9,1,1.1,1.5,1.5,1.4,1.3,1.3,
大園,2025/12/21 00:00:00,WD_HR,25,33,35,33,32,35,33,36,39,37,35,37,33,37,37,37,36,39,38,50,59,59,58,59,
大園,2025/12/21 00:00:00,WIND_DIREC,21,28,35,35,29,35,36,35,37,34,35,37,35,36,38,39,35,39,38,60,56,60,57,59,
大園,2025/12/21 00:00:00,WIND_SPEED,3.2,4.9,5.6,6.8,7.5,7.9,8,9.1,7.4,9.3,8.7,9.6,8.6,9.8,9.4,8.6,9.9,9.8,8.4,7,5.9,5.2,7,5.9,
大園,2025/12/21 00:00:00,WS_HR,2.3,3.3,4.9,6.7,7.7,7.4,7.6,7.7,7.3,8.2,8.6,8.7,8.5,8.6,8.6,8.2,8.7,8.4,8.6,6.9,5.6,5.1,5.6,5.6,
大園,2025/12/22 00:00:00,AMB_TEMP,18.5,18.3,18.3,18.2,18.3,18.3,18.4,18.7,19.2,20.1,21,21.3,21.4,21.5,21.1,20.7,20,19.4,19.2,19,18.9,19.1,19.4,19.6,
大園,2025/12/22 00:00:00,CO,0.17,0.18,0.19,0.18,0.18,0.19,0.23,0.23,0.24,0.25,0.25,0.22,0.21,0.21,0.22,0.22,0.23,0.26,0.24,0.22,0.23,0.22,0.23,0.22,
大園,2025/12/22 00:00:00,NO,0.4,0.5,0.3,0.3,0.4,0.5,1.1,2.1,3,4.3,5.4,3.4,2.7,2.8,2.7,2.8,2.1,1.8,1.6,1,1.2,0.9,1.8,0.6,
大園,2025/12/22 00:00:00,NO2,9.7,7.8,6.9,4.7,6.4,5.8,9.9,12.9,13,14.2,13.2,9,8.3,7.8,10.5,12.4,11.9,14.8,12.6,11.4,15.6,12.5,15.4,14.5,
大園,2025/12/22 00:00:00,NOx,10.2,8.4,7.2,5,6.8,6.4,11.1,15.1,16.1,18.5,18.7,12.4,11.1,10.7,13.2,15.3,14.1,16.6,14.2,12.4,16.9,13.5,17.3,15.2,
大園,2025/12/22 00:00:00,O3,34.5,36.1,35.7,37.5,35.1,36.4,31.9,30.8,32,32.1,32.6,37.6,37.5,37.3,34.8,33.3,32.4,30.7,31.4,31.4,27.2,30.4,28.3,29.2,
大園,2025/12/22 00:00:00,PM10,4,4,6,6,7,8,8,7,21,25,33,29,29,22,27,31,21,21,23,23,10,20,17,19,
大園,2025/12/22 00:00:00,PM2.5,5,5,7,5,8,6,8,13,14,12,9,7,11,8,10,9,8,7,8,9,8,8,9,10,
大園,2025/12/22 00:00:00,RAINFALL,0,0,0,0,0,0,0,0,0,0,0,0,0,0,0,0,0,0,0,0,0,0,0,0,
大園,2025/12/22 00:00:00,RH,72,74,74,75,74,74,75,73,69,66,64,62,61,61,63,66,69,72,75,76,76,75,74,74,
大園,2025/12/22 00:00:00,SO2,1.5,1.6,1.4,1.1,1.4,1.2,1.4,1.9,1.7,1.7,1.8,1.6,1.5,1.6,1.6,1.7,1.4,1.3,1.3,1.2,1.4,1.8,2,1.9,
大園,2025/12/22 00:00:00,WD_HR,60,57,56,58,55,59,59,60,57,54,60,64,61,70,63,59,63,60,55,55,62,63,62,60,
大園,2025/12/22 00:00:00,WIND_DIREC,56,62,55,61,62,58,56,59,57,58,55,67,58,75,62,64,57,53,60,52,66,64,65,62,
大園,2025/12/22 00:00:00,WIND_SPEED,5.2,5.2,5.2,4.9,5,4.9,4.9,5.6,6,5.5,5.8,7.4,6.6,6.8,5.6,7,5.5,4.3,4.2,4.4,5.3,5.2,4.8,5.1,
大園,2025/12/22 00:00:00,WS_HR,5.3,5.1,4.7,5,4.4,5.2,4.8,5.6,5.8,5.4,5.3,6.3,6.4,6.3,5.5,5.6,5.5,4.3,4.1,3.9,4.2,4.8,4.5,4.6,
大園,2025/12/23 00:00:00,AMB_TEMP,19.7,19.8,20,20.3,20.3,20.1,20.2,20.4,21.2,22,22.3,22.5,23.7,24.3,22.8,22.1,21.1,20.8,20.7,20.7,20.6,20.4,20.4,20,
大園,2025/12/23 00:00:00,CO,0.22,0.17,0.18,0.18,0.19,0.16,0.15,0.18,0.18,0.17,0.16,0.15,0.16,0.19,0.19,0.17,0.18,0.17,0.16,0.17,0.19,0.29,0.51,0.44,
大園,2025/12/23 00:00:00,NO,0.5,1.5,1.4,1,1.2,1.2,1.5,2.8,3.9,4.1,2.9,2.3,3,2.9,2.3,3.3,2.7,2.1,1.4,1.3,1.4,4.2,2.3,5.4,
大園,2025/12/23 00:00:00,NO2,14.7,8.1,7.7,6.7,9.2,6.9,9.2,13.3,13.6,9.1,6.2,5,7.3,8.3,7.6,9.8,10.7,11,8.7,8.3,11.8,29,33.7,31.7,
大園,2025/12/23 00:00:00,NOx,15.3,9.7,9.2,7.8,10.4,8.1,10.8,16.2,17.5,13.2,9.2,7.4,10.3,11.3,10,13.1,13.5,13.1,10.2,9.7,13.3,33.2,36,37.1,
大園,2025/12/23 00:00:00,O3,30,34.7,34,34.5,30.8,32.9,30.1,26.9,27.2,32,36.4,39,37.3,39.1,38.8,35.1,33.5,33.1,35.6,36.3,30.5,10.7,2.4,2.9,
大園,2025/12/23 00:00:00,PM10,18,15,9,11,13,22,24,29,22,40,28,16,11,30,23,25,25,16,25,22,25,22,32,39,
大園,2025/12/23 00:00:00,PM2.5,8,5,6,6,5,4,4,5,7,8,10,11,10,6,6,7,11,7,7,6,8,8,11,9,
大園,2025/12/23 00:00:00,RAINFALL,0,0,0,0,0,0,0,0,0,0,0,0,0,0,0,0,0,0,0,0,0,0,0,0,
大園,2025/12/23 00:00:00,RH,75,76,78,78,79,85,86,86,83,81,82,83,77,73,82,84,89,91,90,89,90,90,88,90,
大園,2025/12/23 00:00:00,SO2,1.7,1.3,1.4,0.9,1.2,1,0.8,1.1,1.3,1,0.9,0.7,1,1.4,0.9,0.9,0.7,0.8,0.7,1,1.3,2.9,1.6,1.7,
大園,2025/12/23 00:00:00,WD_HR,60,59,62,57,44,37,37,36,29,26,29,28,31,3,355,3,11,28,31,32,36,105,145,358,
大園,2025/12/23 00:00:00,WIND_DIREC,53,63,60,52,42,37,37,37,25,26,30,26,32,343,0,5,19,31,34,25,46,162,4,15,
大園,2025/12/23 00:00:00,WIND_SPEED,4.6,4.2,3.7,3.1,2.9,3.9,4.6,4.3,4,5.8,6.5,5.3,3.6,3.3,3.9,4.3,3.6,4.1,4.1,4.2,2.1,1.3,0.9,1.2,
大園,2025/12/23 00:00:00,WS_HR,4.4,3.9,3.6,3.2,2.8,3.3,4.2,4,3.8,5.2,5.9,5.6,4,2.9,4,3.7,3.5,3.5,3.8,4.3,3.2,0.8,0.5,1,
大園,2025/12/24 00:00:00,AMB_TEMP,19.9,19.8,19.8,19.2,18.7,18.3,18.5,19.5,20.8,21.2,21.5,21.9,22,22.4,22.8,22.9,21.3,20.6,20.5,20.5,20.2,20.2,19.9,19.7,
大園,2025/12/24 00:00:00,CO,0.24,0.25,0.21,0.27,0.41,0.49,0.43,0.32,0.18,0.14,0.14,0.14,0.13,0.14,#,0.16,0.17,0.2,0.23,0.29,0.26,0.27,0.28,0.32,
大園,2025/12/24 00:00:00,NO,3,0.9,3.3,1.4,15.3,30.7,32.5,13.4,5.4,2.1,2,3.1,2.3,2.2,#,3.4,1.7,1.1,0.8,1.6,1.3,2.3,1,3.9,
大園,2025/12/24 00:00:00,NO2,18.9,13.8,19.2,22.9,27.8,26.2,30.1,25.5,9.4,6.2,5.3,8.2,4.6,5.6,#,14.4,9.2,12,13.2,26.7,18.5,25.8,16.6,28.9,
大園,2025/12/24 00:00:00,NOx,22,14.8,22.6,24.4,43.2,57,62.6,38.9,14.8,8.4,7.4,11.3,6.9,7.9,#,17.8,11,13.1,14.1,28.4,19.9,28.1,17.6,32.9,
大園,2025/12/24 00:00:00,O3,20.3,19.3,14.5,7.9,0.2,#,0.1,6.7,28.7,38.1,40,37.4,42.9,40.9,39.4,35.6,42.7,44.7,46.7,33.9,39.4,32.9,39.2,32.7,
大園,2025/12/24 00:00:00,PM10,22,28,21,24,13,27,24,24,28,28,27,29,22,29,#,33,38,33,38,40,38,38,35,35,
大園,2025/12/24 00:00:00,PM2.5,5,7,6,8,11,13,10,10,8,6,10,10,10,#,11,12,11,16,15,22,18,16,19,18,
大園,2025/12/24 00:00:00,RAINFALL,0,0,0,0,0,0,0,0,0,0,0,0,0,0,0,0,0,0,0,0,0,0,0,0,
大園,2025/12/24 00:00:00,RH,94,92,93,94,93,93,90,88,88,85,82,80,79,78,73,72,79,81,80,79,80,80,81,81,
大園,2025/12/24 00:00:00,SO2,1.4,0.7,0.7,0.9,0.9,0.9,1.4,1.4,0.8,0.3,0.4,0.4,0.6,0.3,0.6,0.8,0.5,0.7,1.3,2.1,1.9,2.3,2,2.2,
大園,2025/12/24 00:00:00,WD_HR,15,31,36,80,116,97,88,17,28,33,32,33,31,33,33,36,33,36,36,43,36,36,37,47,
大園,2025/12/24 00:00:00,WIND_DIREC,26,34,38,77,123,62,60,2,31,34,34,33,29,36,31,29,35,37,36,39,44,34,39,42,
大園,2025/12/24 00:00:00,WIND_SPEED,1.8,2.6,1.8,1,0.6,1,2,3.7,7,7.8,7.7,8.2,7.8,6.6,5.8,5.4,6.8,5.7,5.7,3.3,3.7,5,3.9,3.4,
大園,2025/12/24 00:00:00,WS_HR,1.8,2.3,2,0.8,0.9,1.1,1.8,2.8,5.6,6.9,7.5,7.6,7.7,6.9,6.1,4.3,6.4,6.1,5.7,3.5,4.4,4.2,4,3.6,
大園,2025/12/25 00:00:00,AMB_TEMP,19.4,19.1,19.2,18.9,18.4,16.9,15.7,14.5,13.9,13.8,13.6,13.3,13.4,13.1,13.5,13.4,12.7,12.7,12.6,12.7,13,13.5,14.1,14,
大園,2025/12/25 00:00:00,CO,0.32,0.3,0.27,0.25,0.26,0.31,0.36,0.35,0.34,0.34,0.36,0.35,0.29,0.29,0.31,0.31,0.28,0.23,0.21,0.21,0.2,0.18,0.2,0.21,
大園,2025/12/25 00:00:00,NO,1.1,0.7,0.8,0.8,0.8,1,1.2,1.7,1.8,1.9,2.3,2.2,2.1,2,1.8,2.2,2,1.7,1.4,2,2.1,7.3,8.9,2.2,
大園,2025/12/25 00:00:00,NO2,22.2,7.6,4.6,2.9,2.8,3.4,5.5,6.2,6.1,7,8.4,7.9,6.3,6.4,7.6,7.6,6.6,5.8,5,9.1,7.9,14,21.2,15.2,
大園,2025/12/25 00:00:00,NOx,23.3,8.4,5.4,3.7,3.6,4.4,6.8,8,7.9,9,10.8,10.2,8.4,8.4,9.4,9.8,8.7,7.5,6.5,11.1,10,21.4,30.2,17.4,
大園,2025/12/25 00:00:00,O3,30.5,33.9,34.5,33.6,32.2,24.4,19.3,20.7,23.3,22.7,20.9,23.2,29.6,30.5,28.6,27.8,30.7,34.2,35.2,33.4,35.2,30.2,26.5,31.7,
大園,2025/12/25 00:00:00,PM10,38,26,26,21,21,6,5,4,x,x,x,x,x,x,x,#,x,x,x,x,x,x,x,x,
大園,2025/12/25 00:00:00,PM2.5,22,21,14,12,12,6,7,5,6,6,3,7,5,10,18,16,12,16,16,14,18,10,11,12,
大園,2025/12/25 00:00:00,RAINFALL,0,0,0,0,0,0,0,0.5,0.5,0,0.5,0.5,0,0,0,0,0.5,0.5,0,0,0,0,0,0,
大園,2025/12/25 00:00:00,RH,82,85,86,86,87,92,89,90,92,91,92,93,90,88,85,86,88,87,86,84,83,76,66,66,
大園,2025/12/25 00:00:00,SO2,2.2,1.8,1.3,1,1,0.8,1.1,1.1,1,1.1,1,1.1,1,1.1,1.1,1.1,1.1,1.2,1.2,1.3,1.6,1.9,2.4,2.5,
大園,2025/12/25 00:00:00,WD_HR,49,34,30,33,25,25,24,26,28,31,30,28,26,28,27,30,29,32,32,37,37,41,47,49,
大園,2025/12/25 00:00:00,WIND_DIREC,30,34,35,30,18,26,19,26,28,35,27,30,25,31,27,31,28,36,35,39,35,41,47,53,
大園,2025/12/25 00:00:00,WIND_SPEED,3,4.1,5.7,5.4,6.4,8.9,9.3,10.3,8.8,7.8,8.5,7.8,7.5,7.6,8,7.5,9,8.4,8.9,8,7.2,6.3,6.3,5.6,
大園,2025/12/25 00:00:00,WS_HR,2.5,3.3,5.1,5.4,5.8,8.2,9,9.2,8.5,7.6,7,7.5,7.5,7.6,7.8,7.6,8.3,8.2,8.4,7.5,6.7,6,5.7,5.9,
大園,2025/12/26 00:00:00,AMB_TEMP,13.6,13.6,13.9,14.1,13.9,13.7,13.8,13.7,13.9,14.1,13.5,14.3,14.6,14.1,13.2,13,13.1,13.5,13.3,13.6,13.8,13.8,14.1,14.4,
大園,2025/12/26 00:00:00,CO,0.24,0.24,0.22,0.2,0.17,0.16,0.18,0.18,0.19,0.18,0.17,0.17,0.16,0.16,0.19,0.22,0.2,0.17,0.16,0.15,0.18,0.16,0.15,0.17,
大園,2025/12/26 00:00:00,NO,7,0.7,1.9,1.1,0.8,1.1,1.8,2.2,2.7,3.3,3.1,3.2,2.6,2.5,3.8,5.8,3.2,1.9,1.6,1.2,1.4,1,1,1.1,
大園,2025/12/26 00:00:00,NO2,23.3,9.1,9.7,9.3,6,7.5,11.4,13.7,16.7,16.8,14.4,14.8,13.6,13.9,21.4,26.6,19.3,14.8,12.6,10.9,11,11.8,10.7,13.3,
大園,2025/12/26 00:00:00,NOx,30.4,9.8,11.7,10.4,6.8,8.7,13.3,15.9,19.4,20.2,17.6,18,16.2,16.4,25.2,32.5,22.6,16.7,14.2,12.2,12.5,12.8,11.7,14.4,
大園,2025/12/26 00:00:00,O3,27.1,34.8,32.9,32.3,33.9,31.5,29.6,27.4,24.8,24.2,26.2,26.1,26,26.5,18.9,12.9,21.4,29.1,30.6,33.1,30.7,30.7,31.3,27.5,
大園,2025/12/26 00:00:00,PM10,x,*,x,x,x,x,x,x,x,x,#,#,x,x,15,18,12,12,11,12,16,7,10,6,
大園,2025/12/26 00:00:00,PM2.5,19,23,18,9,12,11,16,7,9,10,7,6,6,7,8,5,6,7,7,3,2,6,6,3,
大園,2025/12/26 00:00:00,RAINFALL,0,0,0,0,0,0,0,0,0,0,0,0,0,0,0,0,0,0,0.5,0,0,0,0,0,
大園,2025/12/26 00:00:00,RH,68,67,67,62,62,65,67,69,68,69,76,67,63,73,83,88,89,87,88,87,86,87,85,84,
大園,2025/12/26 00:00:00,SO2,3,1.5,1.4,1.2,0.9,0.8,1,1,1,1.1,0.9,1.2,0.9,0.8,0.9,0.9,0.7,1,1.1,1.2,1,1,1,1,
大園,2025/12/26 00:00:00,WD_HR,49,59,46,53,64,56,54,62,62,64,59,68,70,72,71,72,61,60,59,60,58,61,58,55,
大園,2025/12/26 00:00:00,WIND_DIREC,54,52,40,54,60,61,55,60,59,61,60,70,71,77,72,67,61,59,61,59,66,56,58,58,
大園,2025/12/26 00:00:00,WIND_SPEED,6.2,6.9,7.3,5.2,6.2,6,5.9,5.5,5.8,6.2,5.3,4.3,4.4,4,3.4,4.1,4.8,5.4,5.6,4.2,3.6,4,4.1,3.6,
大園,2025/12/26 00:00:00,WS_HR,5.8,5.5,6.5,5.7,5.2,5.7,5.7,5.4,5.2,5.3,5.2,4.7,4,4.5,3.4,3.7,4.2,4.7,5,4.7,3.7,3.7,3.9,3.2,
大園,2025/12/27 00:00:00,AMB_TEMP,14.6,14.6,14.8,14.8,14.7,14.6,14.8,14.8,15,15.6,16.8,17.3,17.6,17.4,#,16.3,15.8,15.6,15.9,15.7,15.2,15.1,15.4,15.4,
大園,2025/12/27 00:00:00,CO,0.2,0.15,0.15,0.17,0.15,0.15,0.17,0.19,0.19,0.2,0.19,0.19,0.14,0.12,#,0.12,0.12,0.16,0.16,0.13,0.12,0.13,0.14,0.16,
大園,2025/12/27 00:00:00,NO,1.5,0.7,1,0.9,0.7,0.9,1.3,2.2,4.7,6.3,7.7,4.7,3,1.5,#,1.8,1.7,1.8,1.9,2.2,5.5,1.2,0.8,0.9,
大園,2025/12/27 00:00:00,NO2,19.8,9.9,11.6,13.1,8.4,12.8,14.4,18.8,26.7,23.2,17.2,17,6.2,4.9,#,6.9,8.2,13.4,13.6,11.3,8.2,6.4,9.5,10.5,
大園,2025/12/27 00:00:00,NOx,21.4,10.6,12.7,14,9.1,13.8,15.8,21,31.4,29.6,24.9,21.7,9.3,6.4,#,8.8,10,15.3,15.6,13.5,13.7,7.6,10.3,11.4,
大園,2025/12/27 00:00:00,O3,23.2,30,28.3,26.6,29.9,24.5,26.8,23,17.8,19.4,24.2,24.3,34.2,36,#,34.8,32.5,29.8,29.6,29.8,33.8,34.5,31.7,26.7,
大園,2025/12/27 00:00:00,PM10,10,8,6,6,3,2,5,8,10,8,11,12,19,17,14,10,8,9,6,13,8,7,4,2,
大園,2025/12/27 00:00:00,PM2.5,1,5,4,2,6,3,2,2,1,5,4,3,6,5,7,5,2,0,1,4,2,4,4,x,
大園,2025/12/27 00:00:00,RAINFALL,0,0,0,0,0,0,0,0.5,0.5,0.5,0,0,0,0,#,#,#,#,0,0,1,0,0,0.5,
大園,2025/12/27 00:00:00,RH,84,84,84,85,86,88,90,91,91,89,83,81,80,79,#,82,87,89,89,93,94,94,90,90,
大園,2025/12/27 00:00:00,SO2,1.4,1.7,1.8,2.2,1.6,1.2,1.4,1.5,2,2.6,2.7,2,1.5,1,#,1.1,1.2,2.1,2.2,1.8,1.5,1.2,2,1.5,
大園,2025/12/27 00:00:00,WD_HR,63,67,62,60,71,70,61,61,53,48,38,35,27,30,#,33,36,55,38,37,36,47,62,80,
大園,2025/12/27 00:00:00,WIND_DIREC,60,71,60,61,77,68,69,53,36,43,37,5,32,26,33,34,37,63,37,41,35,64,70,88,
大園,2025/12/27 00:00:00,WIND_SPEED,3.1,3.2,2.9,2.6,2.8,2.9,3.2,2.7,2.8,2.2,2.6,3.6,5.6,5.7,6.5,6.1,6.1,4.5,5.4,4.9,7.1,4.6,4.1,3.2,
大園,2025/12/27 00:00:00,WS_HR,3.5,3.1,2.8,2.3,3,2.7,3.4,2.8,2.9,2.2,2.6,2.2,4.3,5.6,#,5.9,5.2,3.9,4.7,5.2,6.2,5,4.3,3,
大園,2025/12/28 00:00:00,AMB_TEMP,15.5,15.7,15.7,15.7,15.9,16,16.3,16.8,17.5,18.5,17,16.7,16.3,16.3,16.2,16.7,17.2,16.7,17.1,16.6,16.4,16.2,16.2,16.5,
大園,2025/12/28 00:00:00,CO,0.22,0.15,0.15,0.14,0.13,0.14,0.14,0.18,0.19,0.18,0.13,0.12,0.11,0.11,0.11,0.1,0.13,0.15,0.16,0.23,0.28,0.24,0.26,0.27,
大園,2025/12/28 00:00:00,NO,8.6,0.9,1,0.7,0.7,0.9,0.8,1.7,3.4,7.1,1.3,1.2,1.1,1.5,1.4,1.5,1.4,1.3,1.1,1.1,4.6,1.1,1.1,1.2,
大園,2025/12/28 00:00:00,NO2,32.8,9.1,6.7,7.4,6,10.3,8.4,19.6,20.6,19.3,3.9,4.6,3.9,4.9,5.3,7.4,10.8,15.1,14.1,18.1,36,17.8,20.4,23.3,
大園,2025/12/28 00:00:00,NOx,41.5,10,7.7,8.1,6.7,11.3,9.2,21.4,24,26.5,5.2,5.9,5.1,6.4,6.7,9,12.3,16.4,15.2,19.2,40.7,19,21.6,24.5,
大園,2025/12/28 00:00:00,O3,10.2,28.7,30.1,29.6,30.9,27.1,28.7,20.8,20.5,24.8,37.9,38,39,38.7,38.5,38.3,35.9,31,32.7,23.9,7.2,21.1,17.3,15.7,
大園,2025/12/28 00:00:00,PM10,10,11,7,4,2,4,4,5,9,15,6,7,13,13,18,7,16,19,14,10,9,12,16,6,
大園,2025/12/28 00:00:00,PM2.5,1,2,3,2,1,5,6,4,3,4,4,4,2,3,6,4,5,4,4,6,5,6,4,3,
大園,2025/12/28 00:00:00,RAINFALL,0,0,0,0,0,0,0,0,0,0,0,0,0,0,0,0,0,0,0,0,0,0,0,0,
大園,2025/12/28 00:00:00,RH,89,88,88,88,88,88,88,87,84,82,91,92,92,89,87,81,79,80,77,82,86,87,88,88,
大園,2025/12/28 00:00:00,SO2,2.5,1.8,1.4,1.4,1.2,1.7,1.6,2.3,2.4,2.9,1.5,1,0.9,0.9,1.1,1.3,1.9,2.2,2,1.9,2.2,1.6,1.5,1.6,
大園,2025/12/28 00:00:00,WD_HR,87,68,65,53,64,63,69,65,62,49,32,31,28,30,30,33,42,64,61,75,74,72,80,75,
大園,2025/12/28 00:00:00,WIND_DIREC,88,70,55,63,67,74,63,69,64,35,31,34,29,27,32,34,61,61,69,73,71,77,79,75,
大園,2025/12/28 00:00:00,WIND_SPEED,4,3.8,3.4,3.4,3.1,3,2.9,3.3,3.9,5.5,6.3,6.7,6.8,5.8,6,5.6,4.5,4.5,2.8,2.1,1.8,2.1,1.8,2.1,
大園,2025/12/28 00:00:00,WS_HR,3.5,3.4,3.2,2.9,3,2.7,2.9,3,3,4.2,6.8,6.6,7.1,6.4,5.9,5.9,5,4,3.2,2.2,2,2,1.9,1.9,
大園,2025/12/29 00:00:00,AMB_TEMP,16.6,16.6,16.4,16.6,17.7,18.1,18.5,18.4,19,20.3,21.3,21.6,22.2,22.5,22.5,22.3,21.6,21,20.9,20.8,20.8,21,20.9,20.8,
大園,2025/12/29 00:00:00,CO,0.24,0.23,0.2,0.21,0.14,0.15,0.17,0.19,0.22,0.18,0.18,0.16,0.15,#,0.15,0.17,0.19,0.21,0.24,0.24,0.21,0.2,0.18,0.18,
大園,2025/12/29 00:00:00,NO,6.3,1.3,1,2.2,1.1,0.4,1.1,2.4,6.6,6.8,8.9,5.4,3.2,#,3,3,2.7,1.7,1.9,2.8,1.4,1.4,0.7,1.5,
大園,2025/12/29 00:00:00,NO2,32.4,18.8,18.7,30.2,8.9,7.5,13.1,17.8,25.7,14.9,17.7,15.3,9.7,#,12.4,13.8,16.8,18.2,20.5,29,19,16,14.7,20.8,
大園,2025/12/29 00:00:00,NOx,38.7,20.2,19.8,32.4,10.1,7.9,14.2,20.2,32.3,21.8,26.7,20.8,13,#,15.4,16.8,19.5,19.9,22.5,31.9,20.4,17.5,15.5,22.3,
大園,2025/12/29 00:00:00,O3,7.1,18.9,17.1,7.9,30.4,34.1,30.6,24.3,19.6,27.5,28.3,34,40.5,35.1,#,34.2,31.5,28.7,27.1,20,23.2,25.3,25.7,21.4,
大園,2025/12/29 00:00:00,PM10,8,8,7,8,16,13,19,14,15,28,24,22,21,#,21,15,19,15,26,18,7,5,7,7,
大園,2025/12/29 00:00:00,PM2.5,6,9,5,1,5,4,3,7,6,6,5,3,4,5,#,8,6,5,5,5,2,0,1,2,
大園,2025/12/29 00:00:00,RAINFALL,0,0,0,0,0,0,0,0,0,0,0,0,0,#,0,0,0,0,0,0,0,0,0,0,
大園,2025/12/29 00:00:00,RH,87,88,90,90,82,79,76,76,76,68,64,63,61,60,61,63,68,71,73,75,76,76,76,76,
大園,2025/12/29 00:00:00,SO2,2.3,1.9,1.6,1.9,1.8,1.2,1.9,2.1,2.1,2,2.5,2.4,2.5,#,1.4,1.5,1.5,1.5,1.5,2.5,2.1,1.8,1.6,2.5,
大園,2025/12/29 00:00:00,WD_HR,65,73,83,69,38,50,61,67,64,67,41,37,42,63,64,64,62,66,52,35,34,67,66,42,
大園,2025/12/29 00:00:00,WIND_DIREC,61,72,88,43,41,62,60,68,60,53,35,34,50,63,66,60,64,58,35,33,60,66,69,37,
大園,2025/12/29 00:00:00,WIND_SPEED,2.2,2.1,2.1,1.5,4.5,3.7,4.2,3.2,3.9,3.9,5.8,6.3,4.8,4.5,4.7,4.9,4.1,2.5,4.5,4,2.5,3.9,3,2.8,
大園,2025/12/29 00:00:00,WS_HR,2,2.2,2.1,1.4,3.6,3.3,3.8,3.1,3.3,3.6,4.4,5.4,5,4.9,4.4,4.5,4.1,3.2,3.2,3.7,3.2,3.4,3.1,2.7,
大園,2025/12/30 00:00:00,AMB_TEMP,20.5,19.7,19.2,18.9,18.7,18.5,18.2,18.1,17.6,17.6,18.1,18.3,18.5,18.6,19,19,18.8,18.7,18.7,18,18,18.6,18.7,18.3,
大園,2025/12/30 00:00:00,CO,0.16,0.12,0.11,0.11,0.12,0.11,0.12,0.14,0.14,0.14,0.14,0.13,0.12,0.12,0.12,0.12,0.14,0.15,0.14,0.17,0.15,0.14,0.14,0.16,
大園,2025/12/30 00:00:00,NO,10.4,1,0.6,0.7,0.8,1,1.3,1.3,1.6,1.5,2.1,2,1.5,1.6,1.9,1.9,1.5,1.5,1.2,2.2,7.6,5.9,1.8,0.8,
大園,2025/12/30 00:00:00,NO2,27.5,5.6,3.1,2.5,2.9,2.8,4.8,5.9,8.5,7.2,9,9.3,5.8,6.9,8.4,8.8,9.7,10.3,5.9,16.7,20.7,18.9,12.2,12.4,
大園,2025/12/30 00:00:00,NOx,37.9,6.6,3.8,3.2,3.7,3.8,6.1,7.3,10.1,8.8,11.1,11.4,7.3,8.5,10.3,10.7,11.2,11.8,7.2,18.9,28.4,24.8,14,13.3,
大園,2025/12/30 00:00:00,O3,15.5,32.6,39.9,40.5,41.6,42.5,40.6,39.6,37.6,37.6,36.7,38,41.6,40.5,39.3,40.5,40.5,42.1,45,36.2,30.6,33.7,38.9,36.3,
大園,2025/12/30 00:00:00,PM10,19,9,9,20,16,6,7,9,10,9,14,30,15,21,15,17,15,19,21,21,16,23,26,21,
大園,2025/12/30 00:00:00,PM2.5,2,2,4,5,6,3,1,3,1,4,4,4,7,8,8,10,9,7,7,12,10,19,7,5,
大園,2025/12/30 00:00:00,RAINFALL,0,0,0,0,0,0,0,0.5,0,0,0,0,0,0,0,0,0,0,0,0.5,0,0,0,0,
大園,2025/12/30 00:00:00,RH,79,91,95,94,94,94,93,93,94,94,91,90,89,88,82,82,81,80,80,87,85,79,77,77,
大園,2025/12/30 00:00:00,SO2,3,1.9,1,1.1,1.1,1.1,1.2,1.1,1,1.1,1.2,1.3,1.3,1.3,1.3,1.3,1.5,1.5,1.3,2.1,2.8,2.5,2.2,2.3,
大園,2025/12/30 00:00:00,WD_HR,31,29,32,28,20,26,28,28,28,29,33,34,34,30,36,34,36,36,36,42,38,38,43,65,
大園,2025/12/30 00:00:00,WIND_DIREC,30,32,40,26,26,25,29,25,31,29,34,30,33,27,37,33,39,34,37,36,37,40,63,65,
大園,2025/12/30 00:00:00,WIND_SPEED,2.7,4.4,4.4,4.8,6.4,5.7,5.3,5.9,5.7,5.7,5.8,6.2,6.9,6.7,6.5,6.8,6.3,5.6,6.5,7.3,7.6,6,4.5,3.7,
大園,2025/12/30 00:00:00,WS_HR,2.9,3.6,4.4,4.7,5,5.9,5.6,5.7,5.6,6,5.3,5.6,5.7,5.7,6.2,6.6,6.3,6.1,6,5.6,5.9,6,5.3,3.6,
大園,2025/12/31 00:00:00,AMB_TEMP,18.2,18.4,18.4,18,17.3,16.5,16.4,16.6,16.7,16.7,17,16.6,16.8,16.3,16.5,16.3,16.2,16.2,16.3,16.3,16,15.9,15.7,15.5,
大園,2025/12/31 00:00:00,CO,0.17,0.12,0.12,0.13,0.17,0.16,0.14,0.15,0.16,0.16,0.16,0.15,0.14,0.13,0.14,0.14,0.14,0.15,0.15,0.14,0.13,0.14,0.14,0.15,
大園,2025/12/31 00:00:00,NO,1.1,0.6,0.5,0.3,0.7,0.8,1.4,1,1.5,1.4,1.3,1,1.6,1.4,1.6,1.8,1.5,1,1.3,1.6,1.1,0.9,0.5,0.6,
大園,2025/12/31 00:00:00,NO2,16,3.7,5.8,6.4,6.6,3.2,4.7,5.5,9.3,10.3,8.9,7.7,6.9,6.9,8.6,8.4,6.3,4.7,6.7,5.6,3.4,2.3,2,2.9,
大園,2025/12/31 00:00:00,NOx,17.2,4.3,6.4,6.7,7.4,4.1,6.1,6.6,10.8,11.8,10.3,8.8,8.6,8.4,10.2,10.2,7.8,5.8,8,7.2,4.6,3.2,2.6,3.6,
大園,2025/12/31 00:00:00,O3,37.2,46.6,42.3,41.6,41.5,44.9,43.1,40.8,37.2,37.5,40,40.3,39.8,38.7,37.8,37.4,38.4,40.4,38.7,38,39.8,41.3,41.2,41.1,
大園,2025/12/31 00:00:00,PM10,30,29,25,21,28,26,25,31,28,28,23,15,18,19,13,19,19,18,18,13,12,16,8,11,
大園,2025/12/31 00:00:00,PM2.5,11,12,10,9,8,11,8,9,13,13,8,6,5,2,5,6,9,7,8,7,4,5,4,4,
大園,2025/12/31 00:00:00,RAINFALL,0,0,0,0,0,0,0,0,0,0.5,0.5,1,1,1,0,0.5,0,0,0,1.5,2,1,0,0.5,
大園,2025/12/31 00:00:00,RH,81,81,81,83,89,92,91,88,88,89,89,92,91,94,93,94,94,94,94,93,94,94,94,94,
大園,2025/12/31 00:00:00,SO2,2.6,0.9,1.3,1.6,1.8,0.7,0.8,0.8,0.7,0.8,0.7,0.5,0.6,0.8,0.9,0.8,0.7,0.6,0.6,0.8,0.8,0.8,0.6,0.7,
大園,2025/12/31 00:00:00,WD_HR,43,37,64,58,31,30,32,34,35,34,29,28,31,29,34,31,30,32,36,34,36,33,27,31,
大園,2025/12/31 00:00:00,WIND_DIREC,36,59,59,52,25,28,34,33,33,28,28,28,32,31,35,30,29,35,35,34,34,32,26,33,
大園,2025/12/31 00:00:00,WIND_SPEED,6,4.6,3.6,4.3,7.5,7.2,7.4,6.4,5.8,6.7,6.5,7.6,6.8,6.4,6.3,6.4,7.4,6.8,7.1,7.4,7.7,7.4,8.1,8.1,
大園,2025/12/31 00:00:00,WS_HR,4.5,5.5,3.8,3.9,5.9,7.3,7.2,6.1,6,5.6,5.9,7,6.1,6.1,6,6.5,6.8,6.9,6.8,7.1,6.8,7.3,7.7,7.6,


