測站,日期,測項,00,01,02,03,04,05,06,07,08,09,10,11,12,13,14,15,16,17,18,19,20,21,22,23,
新竹,2025/01/01 00:00:00,AMB_TEMP,15.3,15.4,15.7,15.9,16,16.2,16.5,16.8,17.3,18.3,18.3,18.1,17.7,17.6,16.8,16.7,17,17.1,17,16.7,16.5,16.5,16.4,16.5,
新竹,2025/01/01 00:00:00,CH4,2.12,2.12,2.09,2.07,2.06,2.03,2.03,2.01,2.01,2.01,2.02,1.99,2,2.03,2.05,2.07,2.07,2.14,2.18,2.14,2.19,2.23,2.25,2.34,
新竹,2025/01/01 00:00:00,CO,0.47,0.45,0.41,0.35,0.3,0.27,0.26,0.28,0.3,0.31,0.3,0.32,0.34,0.37,0.36,0.37,0.41,0.44,0.52,0.46,0.48,0.51,0.46,0.49,
新竹,2025/01/01 00:00:00,NMHC,0.13,0.12,0.09,0.08,0.07,0.07,0.06,0.06,0.07,0.06,0.06,0.06,0.08,0.1,0.11,0.1,0.11,0.14,0.2,0.17,0.17,0.2,0.16,0.2,
新竹,2025/01/01 00:00:00,NO,0.8,0.5,0.2,0.4,0.4,0.3,0.2,0.4,0.8,0.9,0.7,0.8,1.5,1.2,1.2,1,1,0.7,0.8,0.5,0.6,0.7,0.6,0.7,
新竹,2025/01/01 00:00:00,NO2,13.9,12.6,11,9.4,9.2,8.2,9.1,9.7,10.3,10.7,10.6,10.5,11.8,12.3,13.9,14.9,18.8,19.6,23.4,19.6,18.6,22,20.9,21.8,
新竹,2025/01/01 00:00:00,NOx,14.8,13.1,11.3,9.8,9.7,8.5,9.4,10.1,11.1,11.7,11.3,11.4,13.4,13.6,15.1,15.9,19.8,20.4,24.2,20.1,19.2,22.8,21.6,22.5,
新竹,2025/01/01 00:00:00,O3,49.3,48.9,50,49.2,45.2,42.8,40.3,40.4,39.9,40.3,40,39.1,36.4,36.4,33.7,29.9,25.3,20.7,14.9,19.5,16.7,11.1,10.3,7.9,
新竹,2025/01/01 00:00:00,PM10,84,75,58,51,53,47,48,49,51,45,38,37,30,21,24,22,26,21,31,30,25,24,21,22,
新竹,2025/01/01 00:00:00,PM2.5,53,44,38,25,21,15,16,14,19,13,13,15,20,14,17,13,20,23,25,25,21,25,20,18,
新竹,2025/01/01 00:00:00,RAINFALL,0,0,0,0,0,0,0,0,0,0,0,0,0,0,0,0.5,0,0,0,0.5,1,1,0.5,0,
新竹,2025/01/01 00:00:00,RH,64,64,63,62,63,64,67,68,67,65,69,72,79,82,91,93,91,90,91,92,94,96,96,96,
新竹,2025/01/01 00:00:00,SO2,3.3,2.3,2.2,1.9,1.9,1.5,1.6,1.4,0.9,0.8,0.9,0.8,0.5,0.5,0.5,0.7,0.8,0.6,0.8,1,0.7,0.4,0.8,0.8,
新竹,2025/01/01 00:00:00,THC,2.25,2.24,2.18,2.15,2.13,2.1,2.09,2.07,2.08,2.07,2.08,2.05,2.08,2.13,2.16,2.17,2.18,2.28,2.38,2.31,2.36,2.43,2.41,2.54,
新竹,2025/01/01 00:00:00,WD_HR,37,40,32,40,37,33,39,33,41,46,46,70,68,42,35,42,48,43,31,307,40,41,37,336,
新竹,2025/01/01 00:00:00,WIND_DIREC,31,30,34,31,27,39,35,25,51,60,85,76,47,41,41,55,40,56,310,43,24,33,14,328,
新竹,2025/01/01 00:00:00,WIND_SPEED,2.6,2.7,3.1,2.1,3.2,2.5,2,2.5,2.5,2.1,1.1,1.4,1.3,1.6,0.9,1.1,0.7,0.8,0.5,0.3,0.4,0.7,0.4,0.4,
新竹,2025/01/01 00:00:00,WS_HR,2.3,2.1,2.2,1.7,2.1,2.2,1.7,1.9,1.9,1.5,1.3,1.2,0.9,1.1,1.1,0.9,0.6,0.7,0.4,0.4,0.4,0.3,0.4,0.2,
新竹,2025/01/02 00:00:00,AMB_TEMP,16.4,16.4,16.1,15.9,15.6,15.7,16.1,16.4,16.8,17.3,17.8,18.3,18.8,19.1,19.3,19.5,19.3,18.7,18.4,18.3,18.3,17.5,16.8,16.9,
新竹,2025/01/02 00:00:00,CH4,2.26,2.31,1.96,1.95,1.96,1.97,1.98,1.99,1.98,1.97,1.96,1.97,1.97,1.96,1.96,1.97,1.98,2,2.01,2.01,1.96,1.94,1.94,1.93,
新竹,2025/01/02 00:00:00,CO,0.43,0.34,0.17,0.16,0.17,0.17,0.2,0.29,0.29,0.26,0.24,0.26,0.25,0.22,0.22,0.24,0.28,0.32,0.34,0.28,0.22,0.2,0.17,0.16,
新竹,2025/01/02 00:00:00,NMHC,0.17,0.18,0.01,0.01,0.01,0.01,0.03,0.06,0.05,0.06,0.07,0.07,0.08,0.05,0.05,0.08,0.11,0.12,0.13,0.08,0.04,0.02,0.01,0.02,
新竹,2025/01/02 00:00:00,NO,0.4,1.1,0.9,0.8,0.9,0.7,0.9,1.3,1.5,2,2.4,2.2,2.3,1.9,1.7,1.9,1.8,1.2,1.2,1,0.7,0.9,0.6,0.9,
新竹,2025/01/02 00:00:00,NO2,18.9,13.6,3.5,3.2,3.8,4.5,6.8,13.5,13.3,12.3,11.3,11,11.1,9.8,9.8,12.2,14.8,16.5,17.2,14,10.3,7.7,6.2,4.8,
新竹,2025/01/02 00:00:00,NOx,19.4,14.8,4.5,4.1,4.7,5.3,7.7,14.8,14.9,14.3,13.7,13.2,13.5,11.7,11.5,14.1,16.7,17.8,18.4,15,11.1,8.6,6.9,5.7,
新竹,2025/01/02 00:00:00,O3,14.3,20.2,42.9,43.6,43,41,37.6,29.5,31.4,32.4,34.3,35,36.5,39.9,39.7,35.7,32.5,29.7,27.9,32.1,38.4,41.7,40.6,41.7,
新竹,2025/01/02 00:00:00,PM10,22,15,1,5,17,21,21,24,24,29,33,26,23,30,25,30,27,33,27,26,19,13,10,11,
新竹,2025/01/02 00:00:00,PM2.5,24,25,0,1,8,8,9,11,11,9,11,13,8,12,10,9,11,9,11,9,5,5,7,6,
新竹,2025/01/02 00:00:00,RAINFALL,2.5,2,1.5,0,0.5,0,0,0,0,0,0,0,0,0,0,0,0,0,0,0,0,0,0,0,
新竹,2025/01/02 00:00:00,RH,96,97,95,94,92,90,87,84,81,78,76,73,71,69,69,68,69,71,72,72,73,80,85,83,
新竹,2025/01/02 00:00:00,SO2,0.9,1.8,1.9,1.8,1.9,1.9,2.3,2.3,2.4,2.1,1.7,1.9,1.9,2.1,2.3,2.2,2.1,1.8,1.7,1.8,1.7,1.7,1.8,2,
新竹,2025/01/02 00:00:00,THC,2.43,2.49,1.97,1.96,1.97,1.98,2.01,2.05,2.03,2.03,2.03,2.04,2.05,2.01,2.01,2.05,2.09,2.12,2.14,2.09,2,1.96,1.95,1.95,
新竹,2025/01/02 00:00:00,WD_HR,2,34,31,36,35,45,44,48,48,42,42,35,40,33,37,34,35,41,39,36,36,35,38,32,
新竹,2025/01/02 00:00:00,WIND_DIREC,324,34,24,35,46,45,41,52,47,49,44,25,54,29,32,33,43,48,39,33,30,39,37,25,
新竹,2025/01/02 00:00:00,WIND_SPEED,0.3,2,2,2.9,2.5,2.5,2.1,2.7,3.1,3.2,3,3.3,3,4.3,2.9,2.9,3.2,2.6,2.1,3.3,5,3.5,3.6,3,
新竹,2025/01/02 00:00:00,WS_HR,0.2,0.5,1.6,2.2,2.2,2.2,1.8,1.9,2.2,2.4,2.6,2.7,2.7,3,2.7,2.6,2.4,2.2,2.2,2.2,3,3.1,2.8,2.7,
新竹,2025/01/03 00:00:00,AMB_TEMP,17,16.6,16.4,16.5,16.7,16.6,16.4,16.5,16.7,17.4,17.9,17.8,17.4,17.7,17.9,17.8,17.4,17,16.6,16.4,16.4,16.9,17.1,16.8,
新竹,2025/01/03 00:00:00,CH4,1.93,1.93,1.93,1.93,1.93,1.93,1.93,1.94,1.94,1.93,1.93,1.93,1.94,1.93,1.94,1.95,1.96,1.97,1.97,1.98,1.99,1.96,1.96,1.96,
新竹,2025/01/03 00:00:00,CO,0.16,0.15,0.14,0.14,0.13,0.14,0.16,0.21,0.22,0.19,0.19,0.2,0.21,0.2,0.22,0.25,0.27,0.33,0.34,0.35,0.34,0.27,0.26,0.25,
新竹,2025/01/03 00:00:00,NMHC,0.01,0.01,0,0.01,0.01,0.02,0.01,0.03,0.05,0.04,0.02,0.03,0.04,0.03,0.04,0.07,0.07,0.1,0.07,0.07,0.08,0.03,0.03,0.03,
新竹,2025/01/03 00:00:00,NO,0.6,0.4,0.2,0.2,0.2,0.1,0.2,0.5,1,1.6,1.3,0.9,0.7,1.1,1,1.5,1.2,0.5,0.3,0.4,0.2,0.3,0.4,0.3,
新竹,2025/01/03 00:00:00,NO2,5,9.7,5.7,4.1,3.7,4.5,5.6,8.5,9.8,9.5,7.3,7.1,7.5,7.5,7.7,10.9,13,14,12.5,12.3,12.3,7.8,5.5,5.2,
新竹,2025/01/03 00:00:00,NOx,5.7,10.2,5.9,4.3,4,4.7,5.9,9,10.9,11.1,8.6,8,8.3,8.6,8.7,12.4,14.3,14.6,12.8,12.7,12.5,8.2,5.9,5.5,
新竹,2025/01/03 00:00:00,O3,40.9,38.9,43.5,45.4,45.9,42.8,42.1,38.4,37.2,39.1,#,#,#,45.7,45.6,40.5,39.7,39.1,43.2,42.4,43.6,49.4,49.7,49.1,
新竹,2025/01/03 00:00:00,PM10,21,17,26,19,22,25,24,27,26,29,35,33,37,40,41,35,41,41,42,46,40,43,38,42,
新竹,2025/01/03 00:00:00,PM2.5,10,7,5,9,9,7,9,8,7,7,10,10,12,13,15,13,13,13,21,18,22,17,18,18,
新竹,2025/01/03 00:00:00,RAINFALL,0,0,0,0,0,0,0,0,0,0,0,0,0,0,0,0,0,0,0,0,0,0,0,0,
新竹,2025/01/03 00:00:00,RH,82,83,80,74,68,69,69,68,69,63,61,59,62,61,61,60,59,61,66,65,62,58,56,60,
新竹,2025/01/03 00:00:00,SO2,2,1.7,1.6,1.5,1.6,1.9,2.8,2.8,2.8,2.6,#,#,2.7,2,1.5,1.7,1.8,1.9,1.6,1.4,1.7,2,1.7,1.9,
新竹,2025/01/03 00:00:00,THC,1.94,1.94,1.93,1.94,1.94,1.95,1.94,1.97,1.99,1.97,1.95,1.96,1.98,1.96,1.98,2.02,2.03,2.07,2.04,2.05,2.07,1.99,1.99,1.99,
新竹,2025/01/03 00:00:00,WD_HR,30,37,33,34,40,31,31,33,35,37,38,36,32,40,37,46,44,47,49,50,48,47,41,40,
新竹,2025/01/03 00:00:00,WIND_DIREC,36,37,36,31,36,31,30,31,41,31,40,32,33,51,48,52,40,44,53,51,48,43,34,40,
新竹,2025/01/03 00:00:00,WIND_SPEED,4.4,4.1,3.3,3.5,3.2,3.8,3.5,3.3,3.6,4.2,4.5,5.1,4.7,4.4,4.8,4.5,4.2,4.3,4.2,4.2,4.3,4.5,3.9,5,
新竹,2025/01/03 00:00:00,WS_HR,3.4,3.1,3.3,2.8,2.9,2.8,3.1,2.8,3.1,3.3,4.1,4.1,3.6,3.7,3.9,3.6,3.5,3.6,4,3.6,3.4,3.9,3.7,4.1,
新竹,2025/01/04 00:00:00,AMB_TEMP,16.5,16.4,16.4,16.5,16.7,16.7,17,17.4,18.2,19,20.6,21.3,21.6,22.1,21.8,21.4,20.6,19.6,19,18.6,18.3,18.1,17.9,17.2,
新竹,2025/01/04 00:00:00,CH4,1.97,1.97,1.97,1.97,1.97,1.97,1.96,1.94,1.94,1.94,1.93,1.94,1.94,1.95,1.95,1.95,1.96,1.98,2,2.03,1.99,1.98,2.17,2.38,
新竹,2025/01/04 00:00:00,CO,0.26,0.24,0.23,0.22,0.21,0.21,0.21,0.21,0.22,0.23,0.22,0.21,0.22,0.22,0.22,0.22,0.24,0.26,0.28,0.29,0.27,0.3,0.34,0.48,
新竹,2025/01/04 00:00:00,NMHC,0.03,0.03,0.02,0.01,0.02,0.02,0.02,0.03,0.03,0.03,0.03,0.02,0.04,0.04,0.05,0.05,0.06,0.06,0.07,0.08,0.07,0.07,0.1,0.18,
新竹,2025/01/04 00:00:00,NO,0,0.6,0.5,0.6,0.6,0.4,0.4,0.5,0.9,1.5,1.4,1.3,1.5,1.2,1.3,1.3,1.2,0.6,0.6,0.5,0.5,0.3,0.6,1.1,
新竹,2025/01/04 00:00:00,NO2,5.5,4.6,4,3.7,3.7,4,5.6,5.7,6.5,6.8,6.2,5.5,5.9,5.7,6.2,6.6,8.1,9.9,12.6,11.8,11.9,11.1,13.9,20.6,
新竹,2025/01/04 00:00:00,NOx,5.6,5.3,4.5,4.4,4.3,4.4,6,6.3,7.4,8.4,7.6,6.8,7.4,7,7.5,7.9,9.4,10.5,13.2,12.4,12.4,11.4,14.6,21.7,
新竹,2025/01/04 00:00:00,O3,48.6,50.8,50.3,50.4,49.8,45.8,43.2,42.8,41.7,42.1,42.3,43,43.4,43.4,42.1,41,36.9,33.5,30.2,30.3,30,28.5,23.7,11.1,
新竹,2025/01/04 00:00:00,PM10,44,41,34,34,33,30,30,23,27,30,23,18,21,16,22,21,23,20,21,13,21,11,10,16,
新竹,2025/01/04 00:00:00,PM2.5,19,19,15,17,14,17,17,5,12,10,6,8,6,4,5,5,4,7,7,7,8,10,7,8,
新竹,2025/01/04 00:00:00,RAINFALL,0,0,0,0,0,0,0,0,0,0,0,0,0,0,0,0,0,0,0,0,0,0,0,0,
新竹,2025/01/04 00:00:00,RH,63,60,58,58,58,60,63,59,56,58,54,52,52,51,54,55,59,62,64,67,68,69,70,73,
新竹,2025/01/04 00:00:00,SO2,1.7,1,1,1.3,1.4,1.2,1.2,1.1,1,0.7,0.8,0.9,1,1,1.1,0.9,0.8,0.8,0.6,0.9,0.8,0.7,0.8,0.7,
新竹,2025/01/04 00:00:00,THC,2,2,1.99,1.98,1.99,1.99,1.98,1.97,1.97,1.97,1.96,1.96,1.98,1.99,2,2,2.02,2.04,2.07,2.11,2.06,2.05,2.27,2.56,
新竹,2025/01/04 00:00:00,WD_HR,47,46,51,46,46,50,43,49,48,50,52,52,36,48,40,46,57,47,50,42,59,92,74,180,
新竹,2025/01/04 00:00:00,WIND_DIREC,51,46,56,44,46,49,45,48,51,61,54,53,37,60,44,59,66,49,45,38,71,173,44,157,
新竹,2025/01/04 00:00:00,WIND_SPEED,3.9,4.2,3.6,3.6,3.2,3.8,3.9,4.2,3.7,3.3,3.2,3.1,3.3,2.3,3.5,2.6,2,2.3,2,1.8,1.4,0.6,0.3,0.7,
新竹,2025/01/04 00:00:00,WS_HR,4,3.8,3.4,3.4,2.7,2.8,2.8,3.5,3.4,3.6,2.7,3.1,2.9,2.4,2.3,2.4,1.9,2,1.9,1.6,1.3,0.8,0.3,0.3,
新竹,2025/01/05 00:00:00,AMB_TEMP,16.6,16.9,17,17.5,17.5,17.6,17.3,17.3,18.1,18.9,19.6,18.8,17.8,17.8,17.8,17.9,17.7,17.4,17.1,16.9,16.9,16.8,16.7,16.7,
新竹,2025/01/05 00:00:00,CH4,2.11,#,2.1,2.1,2.1,2.06,2.13,2.08,2.03,2.01,2.09,1.99,1.96,1.96,1.96,2.03,1.99,2.01,2.03,2.03,2.01,2,2.04,2.04,
新竹,2025/01/05 00:00:00,CO,#,#,0.34,0.33,0.33,0.32,0.32,0.33,0.33,0.3,0.37,0.25,0.2,0.2,0.21,0.31,0.24,0.28,0.29,0.29,0.27,0.23,0.22,0.21,
新竹,2025/01/05 00:00:00,NMHC,0.08,#,0.1,0.09,0.09,0.08,0.08,0.07,0.07,0.06,0.09,0.05,0.03,0.03,0.03,0.06,0.06,0.09,0.09,0.12,0.07,0.05,0.05,0.04,
新竹,2025/01/05 00:00:00,NO,#,#,0.9,0.7,0.6,0.7,0.8,1.4,2.7,2.2,2.7,2.2,1.2,1.2,0.7,1.1,0.9,0.9,1,0.7,0.8,0.9,0.7,0.6,
新竹,2025/01/05 00:00:00,NO2,#,#,15.1,12.7,12.2,12.9,11.9,13.3,12.2,10,12.5,10.9,6.7,6.6,5.9,8,8.3,11,13.5,14,12.2,10.2,12.3,12,
新竹,2025/01/05 00:00:00,NOx,#,#,16,13.5,12.8,13.6,12.7,14.7,14.9,12.2,15.3,13.2,7.9,7.8,6.6,9.1,9.2,11.9,14.5,14.7,13.1,11.1,13,12.7,
新竹,2025/01/05 00:00:00,O3,13.3,14.1,13.6,21.2,#,#,18.2,17.9,20.5,25.8,26,33.1,39.3,41.1,41.5,39.5,39.5,36,31.2,29.7,32.3,34.6,29.7,30.5,
新竹,2025/01/05 00:00:00,PM10,17,26,31,34,33,43,43,37,36,34,44,38,40,34,35,40,38,39,37,33,35,25,28,28,
新竹,2025/01/05 00:00:00,PM2.5,18,15,14,20,21,23,21,15,16,14,18,12,14,13,16,11,13,13,16,17,13,8,8,11,
新竹,2025/01/05 00:00:00,RAINFALL,0,0,0,0,0,0,0,0,0,0,0,0,0,0,0,0,0,0,0,0,0,0,0,0,
新竹,2025/01/05 00:00:00,RH,79,79,81,80,82,81,84,87,85,81,77,82,83,80,79,78,80,81,83,85,85,84,85,85,
新竹,2025/01/05 00:00:00,SO2,#,#,0.8,1.2,1.5,1.3,1.1,1,1.3,1.9,2.4,2.2,1.7,1.7,1.2,0.6,0.8,0.7,0.8,0.9,0.8,0.8,1.1,1.2,
新竹,2025/01/05 00:00:00,THC,2.19,#,2.2,2.19,2.19,2.14,2.21,2.15,2.1,2.07,2.18,2.04,1.99,1.99,1.99,2.09,2.05,2.1,2.12,2.15,2.08,2.05,2.09,2.08,
新竹,2025/01/05 00:00:00,WD_HR,159,160,186,182,160,170,179,199,131,4,245,282,24,54,43,47,40,46,39,41,41,51,45,42,
新竹,2025/01/05 00:00:00,WIND_DIREC,165,160,222,115,157,226,123,199,87,296,271,237,74,51,37,36,53,36,38,31,38,40,52,43,
新竹,2025/01/05 00:00:00,WIND_SPEED,1.1,0.6,0.7,0.5,1.4,0.5,0.3,1,0.7,0.8,1.4,1.3,0.9,1.1,1.7,0.9,1.5,1.7,1.6,1.5,1.6,1.5,0.9,1,
新竹,2025/01/05 00:00:00,WS_HR,0.8,0.5,0.2,0.2,0.8,0.8,0.2,0.4,0.4,0.1,0.7,1.7,0.4,0.5,0.8,0.9,1.2,1.3,1.4,1,1.5,1.2,1.2,1.1,
新竹,2025/01/06 00:00:00,AMB_TEMP,16.8,16.8,16.5,16.3,16.1,15.7,15.4,15.5,16.7,17.8,18.5,19.2,19.1,19.2,18.9,18.8,18.1,17.2,16.7,16.3,16,15.8,15.5,15.2,
新竹,2025/01/06 00:00:00,CH4,2.02,#,2.06,2.03,2.02,2.06,2.08,2.07,2.03,2.01,2,2,2,2,2.01,2,1.99,2.01,2.01,2.03,2.02,2.01,2.01,2.03,
新竹,2025/01/06 00:00:00,CO,#,#,0.19,0.2,0.2,0.22,0.28,0.41,0.41,0.39,0.38,0.38,0.38,0.35,0.35,0.34,0.34,0.39,0.39,0.4,0.39,0.38,0.33,0.33,
新竹,2025/01/06 00:00:00,NMHC,0.05,#,0.05,0.05,0.04,0.06,0.08,0.11,0.1,0.09,0.1,0.09,0.08,0.08,0.09,0.09,0.09,0.11,0.11,0.13,0.11,0.1,0.07,0.07,
新竹,2025/01/06 00:00:00,NO,#,#,0.7,0.6,0.5,0.7,0.8,1.7,2.2,1.8,1.7,1.4,1.1,1.4,1.4,1.3,1,1,0.8,0.8,0.9,0.8,0.6,0.7,
新竹,2025/01/06 00:00:00,NO2,#,#,6.8,6.2,9.3,10.1,15.3,23,17.3,12.9,11.1,10.7,9.2,9.5,10.5,11.8,12,14.5,15.4,15,14.3,13.3,10.2,9.5,
新竹,2025/01/06 00:00:00,NOx,#,#,7.6,6.9,9.8,10.8,16.2,24.7,19.6,14.7,12.9,12.2,10.3,10.9,11.9,13.2,13,15.5,16.2,15.8,15.2,14.2,10.8,10.2,
新竹,2025/01/06 00:00:00,O3,32.4,38.2,38.2,40.3,#,#,30.1,28.5,40.3,51,56.5,62.6,65.9,64.7,62,60.7,59,52.4,51.9,49.1,48.2,50.6,53.7,51.1,
新竹,2025/01/06 00:00:00,PM10,22,23,21,29,26,26,38,45,55,59,56,56,60,46,52,53,42,43,48,52,47,55,63,71,
新竹,2025/01/06 00:00:00,PM2.5,7,10,10,16,16,17,22,15,31,31,29,29,32,28,28,25,25,27,22,24,26,26,23,29,
新竹,2025/01/06 00:00:00,RAINFALL,0,0,0,0,0,0,0,0,0,0,0,0,0,0,0,0,0,0,0,0,0,0,0,0,
新竹,2025/01/06 00:00:00,RH,84,82,82,79,77,76,75,73,65,59,55,52,51,49,49,48,49,53,56,57,59,59,57,57,
新竹,2025/01/06 00:00:00,SO2,#,#,1.2,1.5,1.6,1.4,1.5,2.1,2,2.1,1.4,1.4,2,2.3,2.1,2,1.7,1.8,1.4,1.3,1.3,1.4,1.6,1.8,
新竹,2025/01/06 00:00:00,THC,2.07,#,2.11,2.08,2.06,2.12,2.16,2.18,2.13,2.1,2.1,2.09,2.08,2.08,2.1,2.09,2.08,2.12,2.12,2.16,2.13,2.11,2.08,2.1,
新竹,2025/01/06 00:00:00,WD_HR,58,56,42,42,47,43,46,48,47,43,32,36,33,34,35,39,47,44,47,35,45,43,48,48,
新竹,2025/01/06 00:00:00,WIND_DIREC,61,43,26,50,47,42,47,46,44,45,32,29,31,30,34,46,51,43,49,35,44,43,47,50,
新竹,2025/01/06 00:00:00,WIND_SPEED,1.2,1.6,2.1,2.3,2.2,1.6,2,3.1,3.3,3.6,4.1,4.7,4.6,3.9,4.2,4.8,4.1,3.4,3.5,3,4,3.9,3.7,3.3,
新竹,2025/01/06 00:00:00,WS_HR,1,1.2,1.4,1.3,1.7,1.4,1.8,2.2,2.5,3.1,3.5,3.4,3.8,3.5,3.5,3.3,3.6,3,3.2,2.3,2.8,3.1,3.3,3.1,
新竹,2025/01/07 00:00:00,AMB_TEMP,15.1,15.1,15,14.8,14.6,14.6,14.6,14.9,16,17,18.6,19.5,20.1,20.3,19.6,18.9,17.9,17.1,16.8,16.6,16.5,16.3,16.2,16.1,
新竹,2025/01/07 00:00:00,CH4,2.03,#,2.03,2.01,2.01,2.01,2.02,2.02,2.01,2,1.99,1.98,1.99,1.98,1.99,1.99,2,2,2.03,2.04,2.02,2.03,2.02,2.03,
新竹,2025/01/07 00:00:00,CO,#,#,0.26,0.24,0.24,0.23,0.25,0.32,0.33,0.3,0.3,0.28,0.29,0.26,0.27,0.28,0.31,0.34,0.4,0.39,0.37,0.38,0.35,0.31,
新竹,2025/01/07 00:00:00,NMHC,0.07,#,0.02,0.03,0.02,0.02,0.02,0.05,0.06,0.05,0.06,0.06,0.08,0.07,0.07,0.08,0.08,0.09,0.12,0.1,0.08,0.08,0.06,0.05,
新竹,2025/01/07 00:00:00,NO,#,#,0.9,1,0.9,0.9,0.9,1.6,2.3,2.3,3,2.9,2.7,2.4,2.4,2.4,2.2,1.4,1.4,1.3,1.1,1.3,1,1.1,
新竹,2025/01/07 00:00:00,NO2,#,#,5.6,5.6,5.2,6.1,9.4,12.3,12.3,11.5,10.2,9.2,9.6,8.7,9,10.6,13.6,14.6,15.7,14.1,11.8,12.3,10.3,9.5,
新竹,2025/01/07 00:00:00,NOx,#,#,6.6,6.6,6.2,7,10.4,14,14.6,13.9,13.3,12.2,12.4,11.1,11.5,13.1,15.8,16,17.2,15.4,13,13.6,11.4,10.6,
新竹,2025/01/07 00:00:00,O3,48.9,50.6,49.1,46.8,#,#,37.3,34.3,35.2,36.8,39,41.5,42.7,45.4,43.7,40.2,37.3,35.9,34.4,37.7,40.9,40.9,43.7,43.3,
新竹,2025/01/07 00:00:00,PM10,63,54,43,40,38,40,36,43,42,45,42,41,42,41,37,47,43,48,52,58,60,64,56,51,
新竹,2025/01/07 00:00:00,PM2.5,24,22,19,14,16,15,15,20,16,16,11,12,15,12,13,14,12,14,15,18,20,18,25,15,
新竹,2025/01/07 00:00:00,RAINFALL,0,0,0,0,0,0,0,0,0,0,0,0,0,0,0,0,0,0,0,0,0,0,0,0,
新竹,2025/01/07 00:00:00,RH,56,53,54,54,55,55,55,55,52,50,47,45,45,45,47,49,52,56,58,58,59,60,61,62,
新竹,2025/01/07 00:00:00,SO2,#,#,0.8,1.4,1.1,1.3,1.4,1.3,1.2,0.7,0,0,0,0,0,0,0.1,0.1,0.1,0.1,0.2,0.1,0,0.1,
新竹,2025/01/07 00:00:00,THC,2.1,#,2.05,2.04,2.03,2.03,2.04,2.07,2.07,2.05,2.05,2.04,2.07,2.05,2.06,2.07,2.08,2.09,2.15,2.14,2.1,2.11,2.08,2.08,
新竹,2025/01/07 00:00:00,WD_HR,44,48,44,49,48,48,45,47,45,47,39,43,38,31,34,44,49,45,39,41,46,45,47,45,
新竹,2025/01/07 00:00:00,WIND_DIREC,40,55,42,51,50,49,42,48,46,46,33,34,30,51,31,46,44,39,45,43,38,52,52,45,
新竹,2025/01/07 00:00:00,WIND_SPEED,3.7,3.2,3.6,3.5,3.5,3.3,3.3,2.9,3.3,3.6,3.5,3.6,2.8,2.7,3.4,3.4,3,2.4,2.7,2.7,3.2,2.9,3.5,2.1,
新竹,2025/01/07 00:00:00,WS_HR,3.1,3.3,2.7,2.9,3,3,2.8,2.6,2.8,3.1,2.6,2.6,2.5,2.7,2.7,2.8,2.5,2.3,2.1,2.3,2.7,2.5,2.6,2,
新竹,2025/01/08 00:00:00,AMB_TEMP,16,16,16.1,16,16,15.9,16,16.2,16.4,16.6,17.4,18.7,19.9,20.6,19.6,19.1,18.5,17.9,17.4,17.1,17,17.1,17.1,16.9,
新竹,2025/01/08 00:00:00,CH4,2.03,#,x,x,x,x,2.05,2.05,2.04,2.04,2.01,2,1.99,1.99,1.97,1.97,1.99,2.01,2.03,2.01,2,2.02,2.04,2.01,
新竹,2025/01/08 00:00:00,CO,#,#,0.26,0.27,0.28,0.27,0.27,0.35,0.37,0.39,0.34,0.32,0.3,0.29,0.24,0.24,0.28,0.33,0.37,0.33,0.28,0.33,0.3,0.25,
新竹,2025/01/08 00:00:00,NMHC,0.03,#,x,x,x,x,0.09,0.14,0.13,0.15,0.13,0.1,0.11,0.11,0.07,0.09,0.12,0.13,0.16,0.12,0.07,0.12,0.11,0.09,
新竹,2025/01/08 00:00:00,NO,#,#,0,0.3,0.3,0.3,0.3,0.5,1,2.4,4,3.4,2.8,2.5,1.7,1.6,1.1,0.8,0.6,0.6,0.4,0.5,0.4,0.4,
新竹,2025/01/08 00:00:00,NO2,#,#,6.8,7.8,7.2,9.2,11.7,15.4,17.6,19.9,17.6,14.4,12.5,12.3,9.3,9.5,14,17.3,19,17.2,12.5,13.6,14.3,13.4,
新竹,2025/01/08 00:00:00,NOx,#,#,6.8,8.2,7.5,9.5,12,16,18.7,22.3,21.7,17.9,15.3,14.8,11,11.2,15.1,18.1,19.7,17.8,13,14.2,14.8,13.8,
新竹,2025/01/08 00:00:00,O3,44.1,42.5,41.4,38.3,#,#,32.2,27.4,26.7,24.4,28.3,19.2,27,33.6,34.9,31.8,26.6,23.4,20.2,22.6,27.3,26.1,25.2,26.2,
新竹,2025/01/08 00:00:00,PM10,42,38,33,32,20,28,21,26,29,19,19,14,#,19,21,22,19,21,20,17,13,17,20,20,
新竹,2025/01/08 00:00:00,PM2.5,28,15,12,14,11,13,11,11,11,11,10,#,9,11,7,6,10,8,8,9,6,7,6,6,
新竹,2025/01/08 00:00:00,RAINFALL,0,0,0,0,0,0,0,0,0,0,0,0,0,0,0,0,0,0,0,0,0,0,0,0,
新竹,2025/01/08 00:00:00,RH,63,64,65,66,67,68,71,71,71,75,73,67,62,58,65,66,67,70,75,74,73,72,72,73,
新竹,2025/01/08 00:00:00,SO2,#,#,1.3,1.5,1.2,1.5,1.6,1.8,1.8,1.9,1.3,1.9,1.1,1.6,1.6,1.9,2.1,1.5,1.6,1.4,1.5,1.8,1.5,1.2,
新竹,2025/01/08 00:00:00,THC,2.06,#,x,x,x,x,2.14,2.19,2.17,2.19,2.14,2.1,2.1,2.1,2.04,2.06,2.11,2.14,2.19,2.13,2.07,2.14,2.15,2.1,
新竹,2025/01/08 00:00:00,WD_HR,46,40,41,41,27,45,36,27,34,34,31,38,44,53,37,31,35,40,37,46,48,36,37,29,
新竹,2025/01/08 00:00:00,WIND_DIREC,56,35,40,43,25,45,37,19,41,49,25,32,40,46,35,26,39,24,54,45,54,30,36,22,
新竹,2025/01/08 00:00:00,WIND_SPEED,1.9,1.8,1.3,1,1.8,1.4,2.1,1.9,2.4,2,2.6,1.8,1.8,2.3,2.4,3.2,3,2.6,2,2.9,2.2,1.8,1.9,2,
新竹,2025/01/08 00:00:00,WS_HR,1.9,1.4,1.2,1.1,1.4,1.5,1.4,1.6,1.9,1.7,2.1,1.6,1.3,1.6,2,2.6,2.2,2.3,1.7,2.4,2.2,1.8,1.7,1.9,
新竹,2025/01/09 00:00:00,AMB_TEMP,16.9,16.8,16.3,16,16.1,16.1,15.9,16.1,16.6,17.2,17.3,17.3,17.5,17.5,16.5,15.9,14.9,14.1,14,13.8,13.7,13.6,13.4,13.3,
新竹,2025/01/09 00:00:00,CH4,2.02,1.97,1.99,1.99,2.01,2.02,2.04,2.04,2.03,2.01,2,2.01,2.01,2.02,2.03,2.03,2.01,1.99,1.98,1.98,1.98,1.98,1.97,1.97,
新竹,2025/01/09 00:00:00,CO,0.24,0.19,0.19,0.23,0.26,0.26,0.28,0.34,0.37,0.34,0.32,0.35,0.36,0.39,0.4,0.39,0.34,0.32,0.29,0.27,0.27,0.26,0.23,0.21,
新竹,2025/01/09 00:00:00,NMHC,0.08,0.04,0.01,0.02,0.03,0.04,0.04,0.08,0.1,0.08,0.07,0.09,0.09,0.08,0.1,0.1,0.07,0.07,0.06,0.05,0.05,0.05,0.04,0.03,
新竹,2025/01/09 00:00:00,NO,0.3,0.9,0.8,0.8,0.9,0.7,0.8,1.2,1.8,2.5,2.4,2.5,2.5,2.8,2.8,2.4,1.8,1.2,0.8,0.9,1.1,1.1,1,0.8,
新竹,2025/01/09 00:00:00,NO2,12.1,11.1,7,5.2,5.3,5.6,8.6,12.6,15.1,13.7,11.4,11.2,11.2,11,13,13.6,12.4,10.5,8.8,7.5,7.4,7.6,6.2,5.4,
新竹,2025/01/09 00:00:00,NOx,12.4,12.1,7.8,6.1,6.2,6.3,9.5,13.9,16.9,16.3,13.8,13.8,13.8,13.8,15.8,16,14.3,11.7,9.6,8.4,8.6,8.8,7.3,6.2,
新竹,2025/01/09 00:00:00,O3,27.3,32.1,40.1,45.8,47.9,47.1,40.9,36.5,32.7,34.4,38,38.4,40.5,39.2,36.1,34.5,33.7,36.4,38.3,39.3,39.2,38,39.8,39.2,
新竹,2025/01/09 00:00:00,PM10,15,15,17,27,36,38,35,36,36,43,43,52,53,59,62,63,50,39,34,38,40,32,32,27,
新竹,2025/01/09 00:00:00,PM2.5,9,5,5,10,19,13,19,14,17,18,15,19,18,24,26,26,26,16,15,14,13,11,10,8,
新竹,2025/01/09 00:00:00,RAINFALL,0,0,0,0,0,0,0,0,0,0,0,0,0,0,0,0,0,0,0,0,0,0,0,0,
新竹,2025/01/09 00:00:00,RH,73,74,75,70,66,64,67,64,62,59,56,54,53,54,57,61,67,70,67,66,64,62,61,61,
新竹,2025/01/09 00:00:00,SO2,1.6,2.2,2.1,2.1,1.9,1.6,1.8,1.9,2,1.9,1.6,2,1.9,2.1,2.1,2,1.5,1.4,1.6,2,2.3,2,2.3,2.7,
新竹,2025/01/09 00:00:00,THC,2.1,2.01,2,2.01,2.04,2.06,2.08,2.12,2.13,2.09,2.07,2.1,2.1,2.1,2.13,2.13,2.08,2.06,2.04,2.03,2.03,2.03,2.01,2,
新竹,2025/01/09 00:00:00,WD_HR,31,32,33,35,40,47,49,36,45,41,46,39,46,35,32,36,34,35,32,36,40,44,43,39,
新竹,2025/01/09 00:00:00,WIND_DIREC,31,33,32,29,33,47,47,37,43,36,52,36,47,35,33,34,28,31,36,37,49,53,43,54,
新竹,2025/01/09 00:00:00,WIND_SPEED,2.5,2.7,3.7,3.5,3,2.7,2.6,2.7,3.9,4.4,5.7,4.7,4.9,5,4.3,4.4,4.6,5,5.2,5,4.9,3.6,4.3,4,
新竹,2025/01/09 00:00:00,WS_HR,1.8,2.7,2.8,2.7,2.3,2.3,2.4,2.3,2.6,3.1,3.8,3.7,3.9,4,3.9,3.4,3.6,3.7,4.2,3.8,3.5,3.3,3.4,3.4,
新竹,2025/01/10 00:00:00,AMB_TEMP,13.3,12.7,12.5,12.5,12.4,12.2,11.8,11.6,12.1,12.3,12.5,12.6,12.6,12.6,12.9,12.8,12.6,12.3,12.3,12.5,12.6,12.7,12.8,12.8,
新竹,2025/01/10 00:00:00,CH4,1.95,1.95,1.95,1.96,1.96,1.95,1.95,1.95,1.96,1.96,1.96,1.97,1.97,1.96,1.95,1.95,1.95,1.97,1.96,1.96,1.98,1.97,1.95,1.95,
新竹,2025/01/10 00:00:00,CO,0.18,0.16,0.16,0.17,0.18,0.23,0.24,0.27,0.28,0.28,0.29,0.3,0.28,0.26,0.25,0.24,0.25,0.3,0.27,0.24,0.3,0.28,0.22,0.2,
新竹,2025/01/10 00:00:00,NMHC,0.02,0.01,0.01,0.03,0.03,0.05,0.04,0.05,0.07,0.07,0.08,0.08,0.07,0.06,0.06,0.07,0.07,0.09,0.08,0.07,0.1,0.09,0.06,0.05,
新竹,2025/01/10 00:00:00,NO,0.9,0.2,0.5,0.5,0.5,0.5,0.6,0.9,1.4,1.8,2.2,2.4,1.9,1.8,2,1.8,1.4,1.1,0.8,0.6,0.7,0.9,0.5,0.5,
新竹,2025/01/10 00:00:00,NO2,4.5,5.7,4.1,4.9,4.8,6.2,7.7,8.9,11.5,10.7,10.7,11.2,11.1,8.9,8.1,8.7,9.9,13.2,10.7,8.4,12,12.2,8.2,7,
新竹,2025/01/10 00:00:00,NOx,5.5,6,4.7,5.4,5.4,6.7,8.4,9.8,12.9,12.5,13,13.6,13,10.7,10.2,10.5,11.3,14.4,11.5,9,12.7,13.1,8.7,7.6,
新竹,2025/01/10 00:00:00,O3,39,38.1,37.8,35.7,35.6,28.9,28.8,29.1,25.8,26,25.7,25.7,27.1,30.1,33.9,35,34.1,30.1,33.8,36.4,29.7,32.2,35.6,36,
新竹,2025/01/10 00:00:00,PM10,30,26,21,25,30,34,36,26,30,36,40,41,35,36,30,35,29,24,22,20,17,17,15,11,
新竹,2025/01/10 00:00:00,PM2.5,6,10,7,10,7,8,12,11,14,13,20,12,13,13,13,10,15,9,8,9,9,9,9,7,
新竹,2025/01/10 00:00:00,RAINFALL,0,0,0,0,0,0,0,0,0,0,0,0,0,0,0,0,0,0,0,0,0,0,0,0,
新竹,2025/01/10 00:00:00,RH,64,68,62,60,63,68,71,73,70,70,69,69,66,63,61,61,62,66,69,68,70,70,69,67,
新竹,2025/01/10 00:00:00,SO2,2.6,1.4,1.2,1.4,1.6,1.6,1.8,1.7,1.7,1.6,1.7,1.7,1.7,1.4,1.1,1.1,1,1.6,1.3,1.3,1.6,1.4,1.3,1.4,
新竹,2025/01/10 00:00:00,THC,1.97,1.96,1.96,1.99,1.99,2,1.99,2,2.03,2.03,2.04,2.05,2.04,2.02,2.01,2.02,2.02,2.06,2.04,2.03,2.08,2.06,2.01,2,
新竹,2025/01/10 00:00:00,WD_HR,38,34,39,42,38,32,32,29,40,34,32,36,35,41,44,37,37,36,36,41,44,42,45,43,
新竹,2025/01/10 00:00:00,WIND_DIREC,31,38,44,42,43,29,35,33,51,27,31,32,26,38,50,45,46,36,35,32,50,43,38,47,
新竹,2025/01/10 00:00:00,WIND_SPEED,4.8,4.6,3.7,3.2,3.5,4.7,4.5,4.3,4.2,4.4,4.4,4.8,6,4.3,4.3,4.7,3.9,4,4.4,4,4,4,3.7,4.9,
新竹,2025/01/10 00:00:00,WS_HR,4,3.9,3.5,2.9,3,3.5,4.1,3.8,3.1,3.6,3.8,4,3.8,3.7,3.8,3.8,3.8,3.1,3.2,3.3,3.1,3.5,3.6,3.2,
新竹,2025/01/11 00:00:00,AMB_TEMP,12.8,12.8,12.8,12.8,12.9,12.7,12.5,12.5,12.8,13.4,14.1,14.7,15.2,14.6,13.6,13,12.9,13.2,13,12.4,12.5,12.6,12.7,12.9,
新竹,2025/01/11 00:00:00,CH4,1.95,1.95,1.98,1.98,1.95,1.95,1.96,1.96,1.96,1.97,1.96,1.95,1.94,1.93,1.94,1.94,1.95,1.96,1.97,1.97,1.97,1.98,2,2,
新竹,2025/01/11 00:00:00,CO,0.18,0.17,0.18,0.18,0.16,0.16,0.18,0.2,0.24,0.26,0.25,0.24,0.23,0.21,0.21,0.23,0.25,0.27,0.27,0.27,0.27,0.27,0.27,0.26,
新竹,2025/01/11 00:00:00,NMHC,0.04,0.04,0.04,0.03,0.02,0.01,0.03,0.04,0.06,0.06,0.05,0.05,0.06,0.05,0.05,0.05,0.05,0.07,0.06,0.06,0.05,0.05,0.06,0.04,
新竹,2025/01/11 00:00:00,NO,0.3,0.8,0.3,0.4,0.6,0.5,0.5,0.6,0.7,1.5,1.9,2.1,2.1,1.2,1.1,1,0.7,0.7,0.7,0.6,0.5,0.7,0.7,0.6,
新竹,2025/01/11 00:00:00,NO2,5.7,4.3,4.9,5.7,3.5,2.9,4.8,5.8,8.9,11,10,9.2,9,7.8,6.5,8.5,11.7,13,10.3,8.1,8.3,10.3,10.8,8.7,
新竹,2025/01/11 00:00:00,NOx,6,5.1,5.3,6.1,4.1,3.5,5.3,6.5,9.7,12.5,11.9,11.3,11.2,9.1,7.6,9.6,12.4,13.7,11,8.8,8.9,11,11.6,9.4,
新竹,2025/01/11 00:00:00,O3,37.7,37.3,35.8,34.4,37.3,38.1,35.7,34.5,31.1,30.9,33,35.2,35.2,36.2,37,34.4,31.6,31.4,35.2,38.7,39.5,35.9,34.4,35.7,
新竹,2025/01/11 00:00:00,PM10,12,15,15,12,20,15,21,13,12,17,18,20,17,17,18,13,14,20,20,24,23,27,24,26,
新竹,2025/01/11 00:00:00,PM2.5,6,5,6,6,10,7,4,5,7,7,5,8,4,2,6,6,5,8,9,14,13,18,11,10,
新竹,2025/01/11 00:00:00,RAINFALL,0,0,0,0,0,0,0,0,0,0,0,0,0,0,0,0,0,0,0,0,0,0,0,0,
新竹,2025/01/11 00:00:00,RH,66,65,65,65,65,65,69,71,70,68,65,60,62,66,72,79,78,76,76,78,72,72,72,68,
新竹,2025/01/11 00:00:00,SO2,1.7,2.1,1.9,2.1,1.7,1.8,1.9,2,2.1,2,1.9,1.8,1.7,1.3,1,1.2,1.4,2,2.2,1.7,1.6,2,2.5,2.7,
新竹,2025/01/11 00:00:00,THC,1.99,1.99,2.02,2.01,1.97,1.96,1.99,2,2.02,2.03,2.01,2,2,1.98,1.99,1.99,2,2.03,2.03,2.03,2.02,2.03,2.06,2.04,
新竹,2025/01/11 00:00:00,WD_HR,34,43,35,32,33,42,34,39,36,35,46,45,34,31,32,33,28,33,35,36,42,50,50,48,
新竹,2025/01/11 00:00:00,WIND_DIREC,26,34,30,29,36,50,27,37,42,38,39,44,34,33,32,28,27,36,39,44,45,45,47,51,
新竹,2025/01/11 00:00:00,WIND_SPEED,3.6,3.6,3.7,3.8,3.4,3.4,4.3,4,3.4,3.8,3.7,3.2,3.7,3.7,3.5,3.5,3.5,3.2,4,2.9,2.3,2.8,2.1,2.1,
新竹,2025/01/11 00:00:00,WS_HR,3.3,3.2,3.1,2.6,3.2,3.2,3,3,3.1,3,3.2,3.2,3.3,2.9,3.1,3,2.9,2.6,2.7,3,2.3,2.1,1.6,1.8,
新竹,2025/01/12 00:00:00,AMB_TEMP,13,12.8,12.8,12.7,12.8,13,12.9,12.5,13.4,14.6,15.7,16.5,17.2,17.8,17.3,17.2,16.6,15.7,14.5,14.2,14,14.3,14.5,14.2,
新竹,2025/01/12 00:00:00,CH4,2.04,2.01,2.02,2.06,2.07,2.07,2.07,2.08,2.03,1.99,1.98,1.98,1.97,1.96,1.95,1.95,1.96,1.99,2.02,2,1.99,1.97,1.97,1.97,
新竹,2025/01/12 00:00:00,CO,0.27,0.25,0.23,0.24,0.25,0.25,0.27,0.27,0.28,0.27,0.28,0.28,0.25,0.21,0.21,0.22,0.24,0.29,0.32,0.28,0.24,0.22,0.21,0.21,
新竹,2025/01/12 00:00:00,NMHC,0.05,0.05,0.05,0.06,0.07,0.06,0.09,0.11,0.08,0.05,0.06,0.05,0.04,0.04,0.05,0.05,0.06,0.08,0.1,0.07,0.04,0.03,0.02,0.04,
新竹,2025/01/12 00:00:00,NO,0.6,0.7,0.7,0.6,0.5,0.7,0.7,1.3,2,2.3,2,1.8,1.4,1.1,1.5,1.3,1,0.9,0.9,0.8,0.9,0.9,0.6,0.6,
新竹,2025/01/12 00:00:00,NO2,9.4,8.5,6.7,7.4,9.2,9.7,9.6,11.1,10.5,9,8.4,7.5,6.5,4.9,5.1,5.6,7.2,12.1,14.3,12.1,7.7,6.6,5.3,5.1,
新竹,2025/01/12 00:00:00,NOx,10,9.2,7.4,8.1,9.8,10.5,10.4,12.4,12.6,11.4,10.4,9.4,7.9,6,6.6,6.9,8.3,13.1,15.3,12.9,8.6,7.6,6,5.7,
新竹,2025/01/12 00:00:00,O3,33,32.4,35.2,34,31.5,30.9,30.5,30.7,33.6,38.1,41.6,46.3,50.6,50.3,47.6,48.6,46.6,41.5,37.3,44.2,49.4,50,51.4,49.2,
新竹,2025/01/12 00:00:00,PM10,25,19,21,19,16,21,21,20,21,21,23,26,26,25,28,32,33,43,47,36,33,35,34,27,
新竹,2025/01/12 00:00:00,PM2.5,10,16,8,11,10,16,5,10,11,11,10,12,12,7,7,10,12,13,16,12,11,8,12,8,
新竹,2025/01/12 00:00:00,RAINFALL,0,0,0,0,0,0,0,0,0,0,0,0,0,0,0,0,0,0,0,0,0,0,0,0,
新竹,2025/01/12 00:00:00,RH,66,70,69,67,68,66,66,63,55,48,42,39,31,18,15,16,19,23,32,33,35,35,34,36,
新竹,2025/01/12 00:00:00,SO2,2.2,2.4,2.3,2.5,2.5,2.6,2.8,2.4,3,3.1,2.4,1.6,1.6,1.4,1.4,1.3,1.7,1.6,1.5,2.2,2.1,2.3,2.2,2,
新竹,2025/01/12 00:00:00,THC,2.09,2.06,2.07,2.12,2.14,2.13,2.16,2.19,2.11,2.04,2.04,2.03,2.01,2,2,2,2.02,2.07,2.12,2.07,2.03,2,1.99,2.01,
新竹,2025/01/12 00:00:00,WD_HR,52,62,55,48,47,46,45,54,43,43,34,38,34,35,32,32,30,35,46,44,46,44,45,34,
新竹,2025/01/12 00:00:00,WIND_DIREC,56,66,39,51,51,49,35,43,47,28,45,25,28,36,32,31,28,45,41,47,44,47,47,28,
新竹,2025/01/12 00:00:00,WIND_SPEED,1.5,1.2,1.9,1.5,1.7,1.6,2,1.9,2.6,3.3,2.9,3.3,3.8,3.1,4.3,4.2,3.3,2.5,2.5,2.7,3.1,3.8,3,3.9,
新竹,2025/01/12 00:00:00,WS_HR,1.5,1.2,1.3,1.3,1.6,1.6,1.5,1.6,2.1,2.6,2.6,2.6,2.7,3,3.4,3.2,3.2,2.4,2.2,2.6,2.5,3.1,3.3,2.6,
新竹,2025/01/13 00:00:00,AMB_TEMP,13.9,13.2,12.7,11.8,10.7,10.3,10.6,11,12.9,15.7,18.6,20.5,21.5,21.8,21.4,21.2,20.2,18.6,17.2,16.3,15.7,15.1,14.8,14.6,
新竹,2025/01/13 00:00:00,CH4,1.99,2.01,2.03,2.2,2.11,2.02,2.03,2.06,2.02,2.03,1.97,1.95,1.95,1.95,1.96,1.97,1.98,2.01,2.03,2.06,2.01,2.02,2.05,2.08,
新竹,2025/01/13 00:00:00,CO,0.21,0.22,0.21,0.23,0.2,0.19,0.23,0.34,0.39,0.4,0.3,0.26,0.24,0.23,0.25,0.26,0.3,0.38,0.41,0.39,0.38,0.37,0.36,0.3,
新竹,2025/01/13 00:00:00,NMHC,0.03,0.04,0.06,0.09,0.06,0.04,0.04,0.09,0.1,0.1,0.09,0.08,0.06,0.08,0.1,0.11,0.11,0.14,0.14,0.13,0.11,0.11,0.11,0.09,
新竹,2025/01/13 00:00:00,NO,0.6,0,0,0,0,0,0,2.6,3.4,#,4,2,1.4,1.1,1.3,1.2,1.2,1,0.6,0.6,0.5,0.5,0.5,0.5,
新竹,2025/01/13 00:00:00,NO2,5,5.7,6.4,6.1,6.8,6,9.6,21.5,20.1,#,13.9,9.8,8,7.3,9,11.1,13.5,18.1,19.7,18.9,18.9,17.8,17,13.8,
新竹,2025/01/13 00:00:00,NOx,5.6,5.5,6.3,5.9,6.5,5.8,9.6,24.1,23.5,#,18,11.9,9.4,8.5,10.3,12.4,14.8,19.2,20.4,19.5,19.4,18.4,17.5,14.3,
新竹,2025/01/13 00:00:00,O3,48.5,46.8,42.8,37.1,30,32.1,30.1,20.2,24.3,26.1,40.4,48,52.7,54.9,53.7,51,45.7,36.2,33.1,32.3,31.1,30.8,29.7,29.1,
新竹,2025/01/13 00:00:00,PM10,27,28,27,22,17,18,23,26,25,28,32,26,26,25,27,33,37,33,30,35,28,28,26,25,
新竹,2025/01/13 00:00:00,PM2.5,10,13,12,11,12,13,11,12,18,12,9,10,10,10,9,11,13,17,14,17,17,14,14,14,
新竹,2025/01/13 00:00:00,RAINFALL,0,0,0,0,0,0,0,0,0,0,0,0,0,0,0,0,0,0,0,0,0,0,0,0,
新竹,2025/01/13 00:00:00,RH,39,47,51,55,59,61,62,61,55,49,41,36,33,32,35,37,41,48,54,56,58,61,62,63,
新竹,2025/01/13 00:00:00,SO2,2,2,2.3,2.2,2.5,2.2,2.5,2.6,2.8,2.7,1.7,1.1,1,1.3,1.3,1.3,1.3,1.1,1,1.3,1.3,1.1,1.3,1.8,
新竹,2025/01/13 00:00:00,THC,2.02,2.05,2.09,2.29,2.17,2.06,2.07,2.15,2.12,2.13,2.06,2.03,2.01,2.03,2.06,2.08,2.09,2.15,2.17,2.19,2.12,2.13,2.16,2.17,
新竹,2025/01/13 00:00:00,WD_HR,44,49,77,108,67,79,86,82,72,45,45,52,39,31,30,33,34,32,48,47,67,57,65,59,
新竹,2025/01/13 00:00:00,WIND_DIREC,47,52,159,132,73,74,90,94,27,42,43,51,36,41,37,33,39,49,58,46,68,42,47,53,
新竹,2025/01/13 00:00:00,WIND_SPEED,2.9,2.1,0.6,0.5,1.1,0.6,0.9,1.1,1,1.8,1.9,2.1,2.1,1.8,1.9,2.3,2.2,1.7,0.9,1.2,1.2,0.9,0.6,0.9,
新竹,2025/01/13 00:00:00,WS_HR,2.3,2,0.6,0.2,0.7,0.8,0.9,0.7,1,1.1,1.6,1.5,1.4,1.2,1.4,1.9,2,1.8,1.4,1.1,1,0.9,0.8,0.9,
新竹,2025/01/14 00:00:00,AMB_TEMP,14.5,13.8,14.1,14,13.3,13.2,13.3,13.8,15.3,18.1,20.2,21.4,20.4,20,19.9,19.5,18.5,17.5,17.1,17.2,17.3,17.2,17.1,17.2,
新竹,2025/01/14 00:00:00,CH4,2.14,2.15,2.06,2.26,2.27,2.27,2.07,2.11,2.22,2.18,2.15,2.04,#,2.02,2,1.95,1.96,1.98,2.02,2.03,2.03,2.12,2.07,2.08,
新竹,2025/01/14 00:00:00,CO,0.32,0.24,0.23,0.27,0.27,0.27,0.28,0.52,0.86,0.75,0.6,#,0.33,0.27,0.3,0.26,0.28,0.35,0.36,0.36,0.36,0.5,0.36,0.33,
新竹,2025/01/14 00:00:00,NMHC,0.1,0.08,0.06,0.11,0.12,0.12,0.08,0.15,0.27,0.24,0.21,0.12,#,0.05,0.05,0.03,0.04,0.06,0.06,0.07,0.07,0.13,0.07,0.06,
新竹,2025/01/14 00:00:00,NO,0.6,0.7,0.5,0.8,1,1,2.1,7.3,42.1,24.4,9.2,#,2.2,2.1,1.2,0.8,0.8,0.6,0.6,0.5,0.5,0.5,0.6,0.6,
新竹,2025/01/14 00:00:00,NO2,13.4,11.4,9.4,15.5,18.1,19.8,19.1,27.6,34.5,35.6,30.9,#,13.7,11.8,9.3,7.8,8.4,12,13,14.8,12.1,21.2,15.8,11,
新竹,2025/01/14 00:00:00,NOx,14.1,12.2,10,16.4,19.1,20.9,21.2,34.9,76.7,60,40.2,#,15.9,13.9,10.6,8.7,9.3,12.7,13.7,15.4,12.7,21.7,16.4,11.7,
新竹,2025/01/14 00:00:00,O3,21.1,19.4,23,10.8,7.4,7.7,12.1,7.7,3.9,13.1,32.7,49.7,#,44,62,63.7,60.5,59.2,53.5,50.8,52.8,33.7,43.6,46.3,
新竹,2025/01/14 00:00:00,PM10,21,16,14,15,19,14,18,21,32,35,44,41,#,29,30,33,44,48,54,58,54,61,53,55,
新竹,2025/01/14 00:00:00,PM2.5,25,12,13,16,13,12,11,10,20,22,25,#,22,23,19,21,21,21,28,24,25,34,30,25,
新竹,2025/01/14 00:00:00,RAINFALL,0,0,0,0,0,0,0,0,0,0,0,#,#,0,0,0,0,0,0,0,0,0,0,0,
新竹,2025/01/14 00:00:00,RH,62,63,61,64,68,68,66,64,61,54,49,46,54,57,56,67,76,86,87,87,86,86,87,87,
新竹,2025/01/14 00:00:00,SO2,2.3,2.8,3,2.7,2.5,2.6,3,3,3.4,3,3.4,#,2.1,2.2,1.9,1.5,1.3,1.3,1.3,1.4,1.5,1.7,1.6,1.6,
新竹,2025/01/14 00:00:00,THC,2.24,2.23,2.12,2.37,2.39,2.39,2.15,2.26,2.49,2.42,2.36,2.16,#,2.07,2.05,1.98,2,2.04,2.08,2.1,2.1,2.25,2.14,2.14,
新竹,2025/01/14 00:00:00,WD_HR,77,68,85,126,103,73,88,79,66,50,302,251,274,291,281,297,289,296,290,297,272,220,237,216,
新竹,2025/01/14 00:00:00,WIND_DIREC,34,85,148,98,84,83,81,80,47,11,295,291,301,286,304,287,289,304,316,284,159,241,222,166,
新竹,2025/01/14 00:00:00,WIND_SPEED,1,0.9,0.4,0.4,0.2,0.5,1.2,0.7,0.6,0.5,1.8,2.1,1.8,2,1.2,2,1.9,1.2,1,1,0.9,1.3,0.6,0.9,
新竹,2025/01/14 00:00:00,WS_HR,0.3,0.5,0.7,0.3,0.3,0.3,0.7,0.9,0.5,0.3,0.6,2,1.9,1.9,0.9,1.2,1.8,1.2,1,0.8,0.3,0.8,0.7,0.6,
新竹,2025/01/15 00:00:00,AMB_TEMP,17,17,16.6,16.3,16.1,15.7,15.9,15.9,15.7,14.8,15,14.8,14.6,14.4,14,13.8,14,13.9,13.7,13.5,13.2,12.8,12.6,12.6,
新竹,2025/01/15 00:00:00,CH4,2.1,2.14,2.06,2,2.05,2.08,2.01,2,2.02,2.05,2.04,2.01,2,2.01,2.01,2,2,2.01,2.01,2.01,2.02,2.03,2.04,2.03,
新竹,2025/01/15 00:00:00,CO,0.34,0.32,0.27,0.23,0.25,0.24,0.26,0.3,0.42,0.53,0.44,0.37,0.35,0.37,0.38,0.35,0.35,0.38,0.38,0.34,0.35,0.38,0.34,0.29,
新竹,2025/01/15 00:00:00,NMHC,0.07,0.07,0.04,0.03,0.04,0.04,0.05,0.07,0.11,0.11,0.09,0.08,0.08,0.06,0.07,0.06,0.06,0.06,0.07,0.07,0.07,0.09,0.08,0.06,
新竹,2025/01/15 00:00:00,NO,0.7,1.3,1.1,1.2,1.4,1.3,1.2,1.3,1.2,1.4,1.5,1.4,1.4,1.3,1.2,1.4,1.4,1.4,1.2,1.3,1.2,1.4,1.3,1.3,
新竹,2025/01/15 00:00:00,NO2,13.8,11.9,10.8,10.9,16.1,8.6,10.1,13.2,13.3,13.7,13.4,11.3,9.5,9.2,9,9,10.4,11.1,11,10.3,9.4,12,10.7,9.5,
新竹,2025/01/15 00:00:00,NOx,14.5,13.2,11.9,12.2,17.5,10,11.4,14.5,14.6,15.2,14.9,12.8,11,10.5,10.2,10.4,11.8,12.5,12.3,11.6,10.6,13.4,12,10.8,
新竹,2025/01/15 00:00:00,O3,34.8,37.8,38.2,38.1,30.4,30,31.4,37.4,40.9,45.7,45.4,44,43.8,44.8,47.1,47.7,45.6,43.1,41.8,43,44.2,40,39,36.9,
新竹,2025/01/15 00:00:00,PM10,57,64,48,30,23,20,17,28,71,101,96,81,76,83,83,78,71,68,60,57,56,55,51,49,
新竹,2025/01/15 00:00:00,PM2.5,30,27,28,21,22,17,12,22,40,63,52,34,29,34,38,37,26,30,28,27,23,23,24,21,
新竹,2025/01/15 00:00:00,RAINFALL,0,0,0,0.5,0.5,0,0,0,0,0,0,0,0,0,0,0,0,0,0,0,0,0,0,0,
新竹,2025/01/15 00:00:00,RH,88,88,90,85,87,89,84,83,79,78,73,72,71,70,70,68,66,66,67,65,65,66,64,63,
新竹,2025/01/15 00:00:00,SO2,1.5,0.8,1.1,1,0.8,1.1,0.7,1.4,1.6,1.6,1.6,1.3,1.5,1.9,1.5,1.1,1.5,1.6,1.7,1.8,2,2,2.1,2.2,
新竹,2025/01/15 00:00:00,THC,2.17,2.21,2.1,2.03,2.09,2.12,2.06,2.07,2.13,2.16,2.13,2.09,2.08,2.07,2.08,2.06,2.06,2.07,2.08,2.08,2.09,2.12,2.12,2.09,
新竹,2025/01/15 00:00:00,WD_HR,164,177,164,155,80,57,37,34,32,37,29,27,35,31,30,29,41,48,51,42,48,50,48,51,
新竹,2025/01/15 00:00:00,WIND_DIREC,214,173,173,159,71,67,33,25,36,41,26,26,31,30,34,30,51,46,50,44,47,48,45,43,
新竹,2025/01/15 00:00:00,WIND_SPEED,0.5,0.6,0.8,1,1,1.9,3.3,4.4,5,4.7,5.4,5.1,5,4.5,4.5,4.6,4.7,4.1,2.9,3.4,3.2,3.2,4.2,3.9,
新竹,2025/01/15 00:00:00,WS_HR,0.5,0.4,0.9,0.9,0.7,1.2,1.9,2.9,4,4,4.2,4.3,4.2,4.4,4.4,4.5,3.8,3.5,3.3,2.9,3.2,2.9,3,3.1,
新竹,2025/01/16 00:00:00,AMB_TEMP,12.6,12.5,12.2,12.1,12.2,12.1,12.3,12.6,13.5,14.6,15.5,16.3,15.9,14.8,14,13,12.4,12.5,12.9,12.8,12.7,12.9,13,13,
新竹,2025/01/16 00:00:00,CH4,2,1.99,1.99,1.98,1.97,1.96,1.96,1.96,1.96,1.95,1.95,1.94,1.93,1.93,1.94,1.95,1.97,1.98,1.99,2.01,2.03,2.03,2.05,2.05,
新竹,2025/01/16 00:00:00,CO,0.24,0.21,0.21,0.21,0.2,0.19,0.19,0.24,0.25,0.25,0.25,0.24,0.22,0.2,0.21,0.24,0.29,0.33,0.33,0.36,0.41,0.41,0.38,0.35,
新竹,2025/01/16 00:00:00,NMHC,0.04,0.04,0.06,0.04,0.03,0.04,0.03,0.05,0.06,0.06,0.08,0.07,0.05,0.04,0.05,0.06,0.07,0.08,0.09,0.11,0.19,0.17,0.14,0.14,
新竹,2025/01/16 00:00:00,NO,1,0.5,0.5,0.7,0.6,0.6,0.6,1.1,1.9,2.6,3.6,3.1,2,1.1,0.8,0.9,1.2,1,0.9,1.1,1.2,1.5,1.1,1,
新竹,2025/01/16 00:00:00,NO2,7.9,6.1,6.5,6.5,5.8,6.2,7,9.3,9.6,10,11.6,10,8,5.8,6.5,7.4,10.4,12.7,13.5,14.8,21.6,23.9,20.5,20.6,
新竹,2025/01/16 00:00:00,NOx,9,6.7,7,7.2,6.4,6.9,7.7,10.4,11.5,12.7,15.3,13.2,10.1,7,7.4,8.4,11.6,13.8,14.4,15.9,22.8,25.4,21.6,21.6,
新竹,2025/01/16 00:00:00,O3,36.6,38.6,37.2,38.8,40.6,40.1,38.5,33.5,32.9,32.5,32.1,34.5,35.3,36.9,36.4,36.1,33.6,30.1,29,23.9,16.3,16.9,17.3,19.5,
新竹,2025/01/16 00:00:00,PM10,37,37,32,36,32,26,18,28,27,32,31,33,33,23,33,36,39,37,38,32,24,26,26,31,
新竹,2025/01/16 00:00:00,PM2.5,13,9,15,17,14,13,14,10,8,12,10,10,12,11,18,15,19,21,15,16,15,20,17,16,
新竹,2025/01/16 00:00:00,RAINFALL,0,0,0,0,0,0,0,0,0,0,0,0,0,0,0,0,0,0,0,0,0,0,0,0,
新竹,2025/01/16 00:00:00,RH,62,61,63,62,60,60,60,61,58,56,57,53,57,62,65,69,73,74,73,74,77,75,76,73,
新竹,2025/01/16 00:00:00,SO2,1.9,1.5,1.4,1.7,1.7,1.5,1.5,1.5,1.4,1.9,1.3,0.4,0.8,0.4,0.4,0.2,0.5,0.9,1.4,1.3,1.7,1.8,2.1,2.3,
新竹,2025/01/16 00:00:00,THC,2.04,2.03,2.05,2.02,2,2,1.99,2.01,2.02,2.01,2.03,2.01,1.98,1.97,1.99,2.01,2.04,2.06,2.08,2.12,2.22,2.2,2.19,2.19,
新竹,2025/01/16 00:00:00,WD_HR,46,41,28,28,28,28,30,29,37,31,32,31,33,31,36,32,34,31,44,49,43,44,45,40,
新竹,2025/01/16 00:00:00,WIND_DIREC,39,39,29,30,29,31,32,34,43,28,30,33,38,32,40,30,34,36,48,46,48,52,46,48,
新竹,2025/01/16 00:00:00,WIND_SPEED,4.1,3.9,4.7,4.3,3.9,4.5,3.8,3.5,3.7,5.1,3.9,3.8,3.9,4.6,4,4,4.6,3.5,3.1,2.1,2.5,2.1,2.2,1.8,
新竹,2025/01/16 00:00:00,WS_HR,3.2,3.1,3.8,3.8,4.1,3.7,3.8,3.3,3.2,3.6,3.5,3.6,3.4,3.9,3.6,4,3.3,3.1,2.5,2.3,2.1,2.1,2,1.8,
新竹,2025/01/17 00:00:00,AMB_TEMP,13.1,13.1,12.9,12.9,12.7,12.7,12.8,12.9,13.7,15,16,16.7,17.1,17.2,16.9,16.6,15.9,15,14.5,14.3,14.1,14.1,14,13.8,
新竹,2025/01/17 00:00:00,CH4,2.02,2.01,2.01,2.02,2.03,2.02,1.98,1.98,1.98,1.97,1.95,#,1.94,1.95,1.96,1.96,1.96,1.97,1.97,1.97,1.97,1.98,2.01,2.03,
新竹,2025/01/17 00:00:00,CO,0.26,0.21,0.2,0.2,0.2,0.21,0.21,0.26,0.28,0.28,0.25,0.24,0.25,0.26,0.27,0.27,0.29,0.3,0.3,0.28,0.26,0.26,0.25,0.24,
新竹,2025/01/17 00:00:00,NMHC,0.09,0.07,0.06,0.09,0.08,0.06,0.05,0.07,0.08,0.07,0.06,#,0.07,0.06,0.07,0.08,0.07,0.07,0.07,0.07,0.05,0.04,0.04,0.04,
新竹,2025/01/17 00:00:00,NO,0.9,0.6,0.4,0.3,0.5,0.3,0.4,1,2,3.2,2.5,2.6,2.1,1.9,1.8,1.7,1.4,0.7,0.7,0.6,0.5,0.4,0.4,0.4,
新竹,2025/01/17 00:00:00,NO2,12.8,6.7,6.9,8,7.7,8.8,8.1,10.4,11.4,12,9.8,9.6,8.8,9,10,11,12.2,12,12.6,11.3,10.5,10,10.1,10.6,
新竹,2025/01/17 00:00:00,NOx,13.7,7.4,7.4,8.3,8.2,9.1,8.5,11.4,13.4,15.2,12.4,12.2,10.9,11,11.8,12.8,13.6,12.7,13.4,12,11,10.5,10.6,11.1,
新竹,2025/01/17 00:00:00,O3,31.1,35.9,35.1,34.1,34.4,34.4,35.7,32,31.4,32.9,#,39.4,42.7,44.8,45.5,44.2,41.9,39.3,38.5,39.2,40.6,40.9,39.9,36.6,
新竹,2025/01/17 00:00:00,PM10,22,15,19,15,20,19,16,24,16,26,26,23,20,25,32,30,25,23,25,20,21,19,17,22,
新竹,2025/01/17 00:00:00,PM2.5,10,10,11,8,6,10,9,7,11,12,7,9,8,13,14,12,11,15,15,9,13,12,14,9,
新竹,2025/01/17 00:00:00,RAINFALL,0,0,0,0,0,0,0,0,0,0,0,0,0,0,0,0,0,0,0,0,0,0,0,0,
新竹,2025/01/17 00:00:00,RH,66,63,63,63,63,62,57,55,52,48,45,44,45,45,47,48,50,53,56,56,57,58,58,59,
新竹,2025/01/17 00:00:00,SO2,1.7,1.7,2.2,2,1.8,1.9,2,1.9,2.1,1.9,1.3,0.8,0.5,1,1.3,1.5,0.9,0.9,1.4,1.6,1.5,1.6,1.9,2.1,
新竹,2025/01/17 00:00:00,THC,2.11,2.08,2.07,2.11,2.11,2.08,2.03,2.05,2.06,2.04,2.01,#,2.01,2.01,2.03,2.04,2.03,2.04,2.04,2.04,2.02,2.02,2.05,2.07,
新竹,2025/01/17 00:00:00,WD_HR,51,48,46,47,50,42,42,37,33,46,45,46,43,42,40,43,43,47,48,45,48,42,39,45,
新竹,2025/01/17 00:00:00,WIND_DIREC,56,52,45,48,49,28,43,26,40,51,42,36,44,36,34,49,52,56,46,43,51,39,36,36,
新竹,2025/01/17 00:00:00,WIND_SPEED,2.2,2.2,2.2,2,1.8,2,2.6,2.7,3,3.5,3.9,4.6,3.6,4.8,3.7,3.1,4.1,3.2,2.9,3.3,3.5,2.8,2.3,1.7,
新竹,2025/01/17 00:00:00,WS_HR,1.7,1.7,1.6,1.8,1.6,1.8,1.9,2.3,2.8,2.7,3.2,3.1,3.3,3.2,3,3,3.1,2.7,2.9,2.8,3,2.7,1.8,1.7,
新竹,2025/01/18 00:00:00,AMB_TEMP,13.6,13.2,12.8,12.4,12.5,12.8,12.9,13.3,14.8,17.8,19.9,21.1,21.6,20.4,19.7,19.8,19.5,19.4,18.9,18,17.4,17.5,17.4,16.7,
新竹,2025/01/18 00:00:00,CH4,2.05,2.01,2.06,2.09,2.17,2.21,2.14,2.15,2.1,1.98,1.95,1.94,1.95,1.99,2,2,2.03,2.16,2.18,2.05,2.06,2.06,2.15,2.2,
新竹,2025/01/18 00:00:00,CO,0.23,0.23,0.21,0.21,0.21,0.23,0.25,0.34,0.38,0.31,0.26,0.29,0.29,0.25,0.3,0.3,0.36,0.65,0.69,0.48,0.46,0.37,0.43,0.46,
新竹,2025/01/18 00:00:00,NMHC,0.04,0.04,0.03,0.05,0.07,0.07,0.07,0.1,0.11,0.07,0.05,0.06,0.08,0.05,0.06,0.07,0.11,0.25,0.25,0.15,0.13,0.1,0.14,0.15,
新竹,2025/01/18 00:00:00,NO,0.4,0.6,0.5,0.4,0.4,0.6,0.7,1.9,5.5,4.8,4.4,2.2,2,1.2,1,1,0.9,1.3,2,1.4,0.9,0.8,0.6,0.7,
新竹,2025/01/18 00:00:00,NO2,9.8,7.2,6.7,6.9,6.8,8.1,13.1,17.5,24.1,15.8,13.1,10.9,11.3,9.6,9.8,10.2,13.2,26.2,33.7,26.4,21.3,17.5,19.8,20.6,
新竹,2025/01/18 00:00:00,NOx,10.2,7.8,7.3,7.4,7.2,8.8,13.9,19.4,29.7,20.6,17.6,13.2,13.4,10.8,10.8,11.2,14.2,27.5,35.7,27.8,22.3,18.4,20.5,21.3,
新竹,2025/01/18 00:00:00,O3,36.8,36.8,35,31.2,32.5,29.1,23.6,19.3,18.4,30.6,37.4,41.6,47.1,46.9,45.4,41.7,36.6,22.5,13.1,18.1,23.2,26.7,21.6,17.5,
新竹,2025/01/18 00:00:00,PM10,17,17,13,15,14,18,17,24,21,20,18,20,23,23,29,30,34,38,49,47,51,40,42,36,
新竹,2025/01/18 00:00:00,PM2.5,20,9,13,10,6,11,9,10,17,14,10,11,11,9,10,12,16,21,25,27,31,16,21,22,
新竹,2025/01/18 00:00:00,RAINFALL,0,0,0,0,0,0,0,0,0,0,0,0,0,0,0,0,0,0,0,0,0,0,0,0.5,
新竹,2025/01/18 00:00:00,RH,62,64,67,69,68,68,69,69,65,56,48,45,44,57,60,61,62,63,68,77,84,78,78,86,
新竹,2025/01/18 00:00:00,SO2,2.3,1.8,1.3,1.8,1.8,1.8,1.8,1.6,1.9,1.1,0.4,0.6,0.5,0.5,0.6,0.4,0.8,0.8,0.8,0.7,0.3,0.3,0.1,0.1,
新竹,2025/01/18 00:00:00,THC,2.09,2.05,2.09,2.14,2.24,2.28,2.21,2.25,2.21,2.05,2,2,2.03,2.04,2.06,2.07,2.14,2.41,2.43,2.2,2.19,2.16,2.29,2.35,
新竹,2025/01/18 00:00:00,WD_HR,63,72,78,51,34,35,49,44,54,66,53,85,69,298,297,300,302,186,159,159,156,69,289,105,
新竹,2025/01/18 00:00:00,WIND_DIREC,110,89,73,43,36,33,30,64,52,56,57,119,63,31,300,271,316,187,162,161,68,53,152,98,
新竹,2025/01/18 00:00:00,WIND_SPEED,0.5,0.9,0.9,0.7,0.4,1,1.1,1,1.2,1.8,0.8,0.7,0.7,0.7,1.1,0.8,0.4,0.4,1.1,0.8,0.4,0.7,0.6,0.3,
新竹,2025/01/18 00:00:00,WS_HR,0.8,0.9,0.9,0.8,0.5,0.5,0.8,1,1.1,1.3,0.9,0.4,0.5,1.2,0.8,0.4,0.4,0.2,0.5,0.6,0.4,0.6,0.1,0.2,
新竹,2025/01/19 00:00:00,AMB_TEMP,16.4,15.9,15.4,15.2,15.2,15.3,15.2,14.9,14.6,15,15.5,16.1,16.9,17.1,17.3,17.2,16.8,16.4,15.8,15.4,15.2,15.1,15.2,14.9,
新竹,2025/01/19 00:00:00,CH4,2.24,2.07,2.05,2.02,2.11,2.11,2.08,2.03,1.96,1.99,2.01,1.98,1.97,1.97,1.97,1.99,2,2.02,2.04,2.07,2.05,2.07,2.08,2.07,
新竹,2025/01/19 00:00:00,CO,0.43,0.2,0.2,0.2,0.21,0.21,0.24,0.25,0.24,0.27,0.3,0.25,0.25,0.26,0.25,0.26,0.27,0.32,0.35,0.36,0.37,0.38,0.35,0.33,
新竹,2025/01/19 00:00:00,NMHC,0.14,0.03,0.02,0.03,0.05,0.06,0.06,0.05,0.03,0.05,0.06,0.03,0.04,0.04,0.04,0.05,0.05,0.07,0.1,0.12,0.1,0.1,0.09,0.1,
新竹,2025/01/19 00:00:00,NO,0.8,0.9,0.7,0.7,0.8,0.8,0.8,0.7,1,0.9,1,1.1,1.2,1.4,1.1,1,1,0.9,0.9,0.7,0.7,0.9,0.8,0.6,
新竹,2025/01/19 00:00:00,NO2,22.3,5.7,5.2,5.4,6.3,6.9,6.3,9.6,6.8,7.8,9.3,7.8,7.5,8.2,7.4,8.2,9.2,12.4,14.4,15.5,16.5,16.4,17,13.2,
新竹,2025/01/19 00:00:00,NOx,23.1,6.6,6,6.1,7.1,7.8,7.1,10.4,7.8,8.8,10.3,8.9,8.8,9.7,8.6,9.2,10.2,13.4,15.4,16.2,17.3,17.4,17.8,13.9,
新竹,2025/01/19 00:00:00,O3,19.2,41.3,44.1,41.7,41.9,39.1,38.3,34.3,42.2,40.1,39.4,43.4,44,44.8,48.3,49.3,51.7,48.5,44.7,41.3,38.9,41.1,38.5,41.1,
新竹,2025/01/19 00:00:00,PM10,29,17,16,13,11,16,12,10,17,23,23,23,23,26,27,28,36,34,34,34,35,31,29,27,
新竹,2025/01/19 00:00:00,PM2.5,29,12,10,14,14,16,12,10,11,12,15,8,13,12,14,14,18,16,20,20,21,19,22,16,
新竹,2025/01/19 00:00:00,RAINFALL,0.5,0,2,0,0,0,0.5,0.5,0,0,0,0,0,0,0,0,0,0,0,0,0,0,0,0,
新竹,2025/01/19 00:00:00,RH,89,88,89,93,90,91,93,94,89,87,82,75,71,68,65,68,72,72,71,71,72,72,71,72,
新竹,2025/01/19 00:00:00,SO2,0.3,1.2,1,1,1.5,1.1,0.8,1,1.1,1.2,1.7,1.7,1.4,1.6,1.4,1.5,1.5,1.3,1.5,1.8,2.1,2.5,2.8,2.6,
新竹,2025/01/19 00:00:00,THC,2.38,2.1,2.07,2.05,2.16,2.17,2.14,2.08,1.99,2.04,2.07,2.01,2.01,2.01,2.01,2.04,2.05,2.09,2.14,2.19,2.15,2.17,2.17,2.17,
新竹,2025/01/19 00:00:00,WD_HR,345,294,337,74,310,69,50,44,36,36,43,46,44,44,37,49,49,46,48,51,49,48,43,29,
新竹,2025/01/19 00:00:00,WIND_DIREC,310,279,40,28,287,55,55,36,44,22,47,44,48,33,48,48,34,44,43,56,55,50,48,33,
新竹,2025/01/19 00:00:00,WIND_SPEED,0.7,0.9,0.6,0.4,0.4,0.2,0.9,2.1,2.7,1.7,2.3,2.4,2.5,3.1,2.5,2.6,2.2,3,2,2.1,2,1.6,1.7,1.8,
新竹,2025/01/19 00:00:00,WS_HR,0.2,0.9,0.2,0.8,0.4,0.1,0.5,1.6,2.3,1.5,1.7,1.9,1.9,2.2,2.2,2,2.3,2.1,1.9,1.9,2.1,1.6,1.8,1.5,
新竹,2025/01/20 00:00:00,AMB_TEMP,15,15.1,15,15.9,16.1,16.1,16,16.2,16.8,18.7,19.9,20.9,21,19.8,19.3,18.4,18,17.5,17.4,17.4,16.9,16.5,16.3,16.3,
新竹,2025/01/20 00:00:00,CH4,2.08,2.01,2.03,1.96,1.95,1.96,1.97,1.97,1.99,1.97,1.97,1.98,1.97,1.97,1.98,2,2.03,2.06,2.06,2.08,2.07,2.1,2.11,2.11,
新竹,2025/01/20 00:00:00,CO,0.29,0.24,0.22,0.17,0.16,0.16,0.19,0.26,0.32,0.3,0.31,0.31,0.29,0.3,0.32,0.36,0.41,0.46,0.48,0.49,0.47,0.5,0.49,0.4,
新竹,2025/01/20 00:00:00,NMHC,0.08,0.05,0.04,0.01,0.01,0.01,0.03,0.04,0.07,0.08,0.09,0.09,0.07,0.06,0.07,0.08,0.11,0.13,0.14,0.15,0.15,0.16,0.18,0.09,
新竹,2025/01/20 00:00:00,NO,0.7,0.1,0.2,0.2,0.3,0.4,0.5,0.7,1.8,2.7,2,2.4,1.8,1,0.9,0.6,0.6,0.4,0.3,0.3,0.4,0.2,0.4,0.4,
新竹,2025/01/20 00:00:00,NO2,11.9,7.5,7.8,5.2,3.6,4.6,6.5,9.1,13.3,13.4,11.8,12.3,10.7,8.6,9,10.4,13.7,16.8,18.2,17.4,19.7,18.8,18.4,14.7,
新竹,2025/01/20 00:00:00,NOx,12.7,7.6,8.1,5.4,3.9,5,7,9.8,15.2,16.1,13.9,14.7,12.6,9.6,9.9,11.1,14.4,17.2,18.5,17.8,20.2,19,18.8,15.2,
新竹,2025/01/20 00:00:00,O3,44.6,48,44.6,48.5,49.3,48.1,46.1,42.5,37.2,40.1,47.2,31.6,44.5,57.9,67.2,72,71.9,68.6,66.5,64.7,62.1,59.5,59.5,63.6,
新竹,2025/01/20 00:00:00,PM10,22,22,22,15,16,20,14,13,20,20,31,#,29,35,45,51,55,56,56,50,58,58,58,49,
新竹,2025/01/20 00:00:00,PM2.5,16,15,17,9,8,8,8,9,9,9,#,13,15,19,22,27,32,37,33,32,34,39,36,28,
新竹,2025/01/20 00:00:00,RAINFALL,0,0,0,0,0,0,0,0,0,0,0,0,0,0,0,0,0,0,0,0,0,0,0,0,
新竹,2025/01/20 00:00:00,RH,69,67,67,62,57,51,50,49,49,45,46,45,44,45,48,50,53,55,53,54,57,61,62,63,
新竹,2025/01/20 00:00:00,SO2,2.5,1.7,1.6,1.6,1.6,1.7,1.6,1.5,1.6,1.6,1,1.2,1.5,1.5,1.2,1.2,1.5,1.5,1.3,1.5,1.6,1.9,1.5,1.5,
新竹,2025/01/20 00:00:00,THC,2.16,2.06,2.07,1.97,1.96,1.97,2,2.01,2.06,2.05,2.06,2.07,2.04,2.03,2.05,2.08,2.14,2.19,2.2,2.23,2.22,2.26,2.29,2.2,
新竹,2025/01/20 00:00:00,WD_HR,42,26,34,41,43,40,40,55,49,41,36,39,36,31,31,32,31,35,44,41,35,39,42,40,
新竹,2025/01/20 00:00:00,WIND_DIREC,48,26,45,46,44,33,42,67,49,42,34,37,32,26,39,39,33,35,47,25,38,32,45,35,
新竹,2025/01/20 00:00:00,WIND_SPEED,1.5,2.6,2.4,3.4,3.7,3.1,2.4,1.2,1.2,2.5,3,3.2,3.1,4.7,3.8,3.6,3,2.1,3.1,2.7,2.6,1.9,1.7,1.6,
新竹,2025/01/20 00:00:00,WS_HR,1.5,1.9,1.7,2.9,3,2.9,2,1.7,1,1.8,2.4,2.6,2.9,3.4,3.7,3.4,2.9,2.2,2.3,2.3,2.5,1.6,1.5,1.5,
新竹,2025/01/21 00:00:00,AMB_TEMP,16.1,15.9,15.8,15.7,15.6,15.6,15.5,15.9,17.3,19.2,21,22.8,23.9,24.6,24.2,23.7,22.3,21.3,20.3,19.8,19.6,19.3,19.1,19.1,
新竹,2025/01/21 00:00:00,CH4,2.08,2.07,2.08,2.08,2.09,2.11,2.15,2.1,2.06,2.02,2.01,2.01,2,1.99,2.02,2.02,2.02,2.06,2.05,2.05,2.06,2.05,2.03,2.04,
新竹,2025/01/21 00:00:00,CO,0.39,0.4,0.4,0.36,0.35,0.35,0.36,0.41,0.44,0.37,0.34,0.36,0.33,0.32,0.33,0.34,0.38,0.43,0.45,0.44,0.43,0.43,0.37,0.34,
新竹,2025/01/21 00:00:00,NMHC,0.08,0.11,0.13,0.11,0.1,0.1,0.1,0.09,0.09,0.08,0.07,0.09,0.08,0.09,0.12,0.11,0.12,0.14,0.14,0.1,0.1,0.09,0.08,0.06,
新竹,2025/01/21 00:00:00,NO,0.3,0.7,0.6,0.5,0.2,0.5,0.5,0.9,1.4,1.8,1.5,1.4,1.3,1,1.3,1.2,0.6,0.5,0.6,0.5,0.6,0.5,0.7,0.6,
新竹,2025/01/21 00:00:00,NO2,12,12.4,12.3,11.3,10.7,11.8,13,16.7,16.6,13.9,11.4,11.5,10.8,9.8,11.2,11.7,14.2,17,16.4,15.6,15.5,15.9,13.1,10.6,
新竹,2025/01/21 00:00:00,NOx,12.4,13.2,12.9,11.8,10.9,12.3,13.6,17.6,18.1,15.7,12.9,13,12.1,10.8,12.5,12.9,14.8,17.6,17,16.2,16.1,16.4,13.8,11.2,
新竹,2025/01/21 00:00:00,O3,62.7,60.5,58.4,59.2,58.5,56.3,52.9,48.7,50,54.7,59.9,60.5,64.5,66.2,65,64.3,58.9,52,48.6,46.3,46.5,44.2,45.8,45.5,
新竹,2025/01/21 00:00:00,PM10,43,42,47,46,43,48,36,36,38,36,38,35,38,34,39,39,42,40,35,34,27,25,20,25,
新竹,2025/01/21 00:00:00,PM2.5,29,31,32,32,28,29,25,26,25,21,20,23,17,18,20,19,27,24,29,21,23,20,22,15,
新竹,2025/01/21 00:00:00,RAINFALL,0,0,0,0,0,0,0,0,0,0,0,0,0,0,0,0,0,0,0,0,0,0,0,0,
新竹,2025/01/21 00:00:00,RH,64,66,68,68,68,68,66,63,58,52,48,43,40,39,40,43,49,54,56,57,57,58,59,59,
新竹,2025/01/21 00:00:00,SO2,1.2,1.7,1.9,2.2,2.2,1.9,2.1,2.1,2.1,1.9,1.4,1.5,1.8,1.8,1.8,1.7,1.4,1.1,1.2,1.1,1.2,1.1,1.2,1.1,
新竹,2025/01/21 00:00:00,THC,2.16,2.18,2.21,2.19,2.19,2.21,2.25,2.19,2.15,2.1,2.08,2.1,2.08,2.08,2.14,2.13,2.14,2.2,2.19,2.15,2.16,2.14,2.11,2.1,
新竹,2025/01/21 00:00:00,WD_HR,35,33,26,34,31,34,46,49,50,55,52,52,41,39,36,31,29,35,54,55,62,67,68,73,
新竹,2025/01/21 00:00:00,WIND_DIREC,23,35,27,33,41,43,45,45,55,67,52,33,37,47,32,30,29,26,57,49,58,65,66,83,
新竹,2025/01/21 00:00:00,WIND_SPEED,2.5,1.5,2.4,2.3,1.9,1.6,1.7,2,1.9,2.4,2.4,2.1,1.8,2.2,2.2,2.7,2.2,1.8,1.3,1.2,1.3,1.5,1.3,1.1,
新竹,2025/01/21 00:00:00,WS_HR,1.7,1.9,2.2,2.1,1.8,1.7,1.2,1.5,1.6,1.7,2,1.7,1.5,1.6,1.8,2.2,2,1.5,1.6,1.2,1,1.1,1.4,1.1,
新竹,2025/01/22 00:00:00,AMB_TEMP,19.2,18.9,18.4,18.4,18.2,18,17.7,17.7,18.3,19.4,20.5,20.9,20.5,19.5,19.1,19.1,19.2,18,17.2,17,17.4,17.1,17,17.2,
新竹,2025/01/22 00:00:00,CH4,2.09,2.28,2.33,2.4,2.55,2.3,2.26,2.28,2.43,2.35,2.27,2.19,2.14,2.01,1.97,1.98,2.05,2.04,2.03,2.06,2.12,2.13,2.12,2.14,
新竹,2025/01/22 00:00:00,CO,0.35,0.42,0.37,0.38,0.39,0.45,0.47,0.6,0.97,0.98,0.75,0.61,0.59,0.33,0.27,0.3,0.4,0.42,0.37,0.39,0.46,0.44,0.38,0.37,
新竹,2025/01/22 00:00:00,NMHC,0.08,0.12,0.11,0.14,0.17,0.17,0.19,0.24,0.37,0.35,0.29,0.22,0.14,0.06,0.03,0.05,0.1,0.09,0.05,0.09,0.18,0.16,0.1,0.16,
新竹,2025/01/22 00:00:00,NO,0.5,0.9,0.8,1,0.9,0.8,1.7,4.7,17.1,18.7,14.1,8.3,3.9,1.6,1.4,1.1,0.9,1.1,0.8,0.7,0.9,1,1,0.8,
新竹,2025/01/22 00:00:00,NO2,10.5,17.5,15.5,21.8,19.1,19.6,28.4,30.5,35.1,38.2,38,29.1,20.9,11.3,10,9.9,14.5,18.5,13.2,14.2,19.4,18.5,14.3,14.6,
新竹,2025/01/22 00:00:00,NOx,11,18.4,16.3,22.9,20.1,20.5,30.1,35.2,52.2,57,52.2,37.5,24.8,12.9,11.5,11.1,15.5,19.6,14,14.9,20.3,19.6,15.3,15.5,
新竹,2025/01/22 00:00:00,O3,42.6,29.8,27.8,15.7,16,19.1,7.2,4.7,4.3,7.9,16.2,28.3,46.3,48.7,51,51.2,46.8,36.7,47.1,39.6,31.3,29.3,30.8,29.1,
新竹,2025/01/22 00:00:00,PM10,21,25,22,23,26,63,57,62,70,67,70,75,83,39,42,37,39,47,62,58,60,61,54,64,
新竹,2025/01/22 00:00:00,PM2.5,16,18,22,22,24,43,41,42,45,47,49,50,52,25,18,21,21,33,28,28,27,35,35,38,
新竹,2025/01/22 00:00:00,RAINFALL,0,0,0,0,0,0,0,0,0,0,0,0,0,0,0,0,0,0,0,0,0,0.5,0,0,
新竹,2025/01/22 00:00:00,RH,59,62,67,68,70,75,78,79,77,72,67,67,70,74,77,76,74,87,92,92,91,93,93,92,
新竹,2025/01/22 00:00:00,SO2,1.1,2.3,2.5,2.4,2.6,3.3,3.6,3.5,3.4,3.3,3.9,5.3,5.1,2.7,2.2,2.5,2.6,2.6,2.3,2.5,2.4,2.4,2.3,2.9,
新竹,2025/01/22 00:00:00,THC,2.17,2.4,2.44,2.54,2.72,2.47,2.45,2.52,2.8,2.7,2.56,2.41,2.28,2.07,2,2.03,2.15,2.13,2.08,2.15,2.3,2.29,2.22,2.3,
新竹,2025/01/22 00:00:00,WD_HR,118,171,103,74,262,226,163,100,148,217,275,302,270,283,290,297,300,297,300,34,51,340,37,35,
新竹,2025/01/22 00:00:00,WIND_DIREC,161,238,53,250,239,151,159,48,168,15,231,286,281,273,294,277,300,286,33,31,51,43,49,42,
新竹,2025/01/22 00:00:00,WIND_SPEED,0.8,0.6,0.3,0.8,1.1,0.5,0.5,0.2,0.5,0.3,0.9,1.6,2.3,1.9,1.7,0.8,2.2,1.4,0.8,0.6,0.8,0.7,0.6,0.5,
新竹,2025/01/22 00:00:00,WS_HR,0.4,0.2,0.2,0.3,0.6,0.7,0.6,0.2,0.3,0.1,0.6,1,1.7,1.3,1.7,0.8,1,1.5,0.9,0.8,0.5,0.4,0.3,0.7,
新竹,2025/01/23 00:00:00,AMB_TEMP,17.3,17,16.7,16.2,16.1,16.2,16.4,16.5,16.3,16.7,17.3,17.9,18.5,19.6,19.5,19.4,18.3,17.8,17.2,16.9,16.6,16.5,16.5,16.6,
新竹,2025/01/23 00:00:00,CH4,2.2,2.16,2.06,2.03,1.98,1.97,2.01,2.02,1.97,1.99,1.99,1.97,1.95,1.97,2,2,1.98,2,2,2.03,2.06,2.03,2.01,1.97,
新竹,2025/01/23 00:00:00,CO,0.38,0.29,0.26,0.24,0.21,0.2,0.22,0.27,0.3,0.29,0.28,0.27,0.25,0.25,0.34,0.34,0.33,0.34,0.37,0.4,0.45,0.36,0.26,0.23,
新竹,2025/01/23 00:00:00,NMHC,0.16,0.1,0.01,0.01,0.01,0.01,0.02,0.05,0.04,0.06,0.06,0.04,0.02,0.02,0.04,0.04,0.06,0.09,0.1,0.13,0.22,0.16,0.06,0.06,
新竹,2025/01/23 00:00:00,NO,0.7,0.9,0.8,1,0.8,0.9,1,0.8,0.9,1.3,1.4,1.5,1.3,1.4,1.5,1.3,1.1,1,1,1.1,1.3,1.3,0.9,0.9,
新竹,2025/01/23 00:00:00,NO2,16.5,10.9,7.3,7,6.2,5.7,7.1,10.4,10.3,10.6,10,8.7,7.3,6.9,7.3,7.6,8.2,11.1,15.2,19.2,25,20.4,12.6,10.7,
新竹,2025/01/23 00:00:00,NOx,17.2,11.8,8.2,8,7.1,6.7,8.1,11.2,11.2,11.9,11.4,10.2,8.6,8.4,8.8,9,9.3,12.1,16.3,20.4,26.4,21.7,13.5,11.6,
新竹,2025/01/23 00:00:00,O3,26.2,30.7,39.5,36,37.4,38.7,36.6,31.8,37.5,37.5,39.3,44.8,51.2,50.5,55.5,52.7,49.7,43.5,36.9,28.2,19.4,25.3,31.9,30.7,
新竹,2025/01/23 00:00:00,PM10,57,63,56,59,44,31,25,31,18,18,20,23,16,13,22,23,18,22,20,29,30,29,21,35,
新竹,2025/01/23 00:00:00,PM2.5,37,31,27,28,18,18,19,17,14,13,14,13,13,11,14,16,17,13,13,20,22,20,17,17,
新竹,2025/01/23 00:00:00,RAINFALL,0,0,0,0,0,0,0,0,0,0,0,0,0,0,0,0,0,0,0,0,0,0,0,0,
新竹,2025/01/23 00:00:00,RH,92,93,95,96,95,93,91,91,93,89,85,80,76,71,69,69,72,74,79,82,85,87,89,89,
新竹,2025/01/23 00:00:00,SO2,2.8,1.8,1.2,1.4,1.2,1.1,1.1,1.4,1.3,1.3,1.7,1.8,1.6,1.4,1.5,1.8,1.6,1.5,1.4,1.6,1.8,1.9,1.5,1.8,
新竹,2025/01/23 00:00:00,THC,2.36,2.26,2.07,2.04,1.99,1.98,2.03,2.07,2.01,2.05,2.05,2.01,1.97,1.99,2.04,2.04,2.04,2.09,2.1,2.16,2.28,2.19,2.07,2.03,
新竹,2025/01/23 00:00:00,WD_HR,331,292,291,50,58,47,29,28,41,34,43,42,354,0,34,35,35,40,54,47,49,38,43,28,
新竹,2025/01/23 00:00:00,WIND_DIREC,321,288,307,71,91,45,41,296,45,25,46,31,36,40,40,33,32,42,51,52,48,42,33,29,
新竹,2025/01/23 00:00:00,WIND_SPEED,0.5,0.9,0.7,0.7,0.5,1.2,0.4,0.8,1.2,1.8,0.9,0.7,1.7,1.5,1.2,1.8,2.6,1.9,2,2.1,2.1,2.4,2.7,3.2,
新竹,2025/01/23 00:00:00,WS_HR,0.3,0.8,0.8,0.3,0.2,0.5,0.5,0.4,0.6,1.4,0.9,0.8,0.5,0.4,1,1.2,2.4,1.9,2,1.8,2,2,2.1,2.4,
新竹,2025/01/24 00:00:00,AMB_TEMP,16.9,17.2,17.5,17.7,17.8,17.7,17.7,17.7,18.1,19.4,19,19.8,20.1,18.7,18.3,18.4,18.5,18.5,18.5,18.8,18.8,18.8,18.7,18.6,
新竹,2025/01/24 00:00:00,CH4,1.96,1.96,1.95,1.94,1.96,1.94,1.95,1.96,1.98,1.97,1.95,1.95,1.95,1.94,1.95,1.96,1.95,1.96,1.97,1.98,1.99,1.99,2,2.01,
新竹,2025/01/24 00:00:00,CO,0.22,0.2,0.19,0.19,0.18,0.19,0.21,0.26,0.33,0.29,0.25,0.26,0.24,0.23,0.24,0.23,0.25,0.29,0.31,0.3,0.26,0.26,0.27,0.27,
新竹,2025/01/24 00:00:00,NMHC,0.04,0.02,0.01,0.02,0.02,0.02,0.03,0.04,0.08,0.08,0.04,0.07,0.04,0.03,0.07,0.05,0.05,0.06,0.08,0.07,0.05,0.05,0.06,0.07,
新竹,2025/01/24 00:00:00,NO,0.9,0.6,0.5,0.5,0.4,0.5,0.4,0.6,1.4,2.2,1.4,1.6,1.1,0.8,0.6,0.6,0.6,0.5,0.4,0.6,0.6,0.6,0.5,0.6,
新竹,2025/01/24 00:00:00,NO2,9.7,8.2,7.3,6.2,5.5,5.4,7,9.5,13,12.9,10.4,9.1,7.9,7.1,7.5,8.6,9.3,10.5,13,14.5,11.2,10,11.5,12.1,
新竹,2025/01/24 00:00:00,NOx,10.6,8.8,7.8,6.7,5.9,5.9,7.4,10.1,14.4,15.2,11.8,10.7,9,7.9,8.1,9.3,10,11.1,13.5,15.1,11.8,10.6,12,12.7,
新竹,2025/01/24 00:00:00,O3,31.1,34.6,40,43,42.9,41.4,39.4,35.9,31.5,33.6,37.5,40.6,45.2,45.8,46.1,45.6,44.8,42.1,36.9,35.3,38.7,37.6,34.8,33,
新竹,2025/01/24 00:00:00,PM10,25,23,29,22,21,19,26,28,28,33,38,37,35,44,40,43,39,32,34,26,32,29,26,22,
新竹,2025/01/24 00:00:00,PM2.5,13,14,15,10,12,15,18,14,14,16,15,19,17,20,15,20,15,18,14,12,12,9,15,11,
新竹,2025/01/24 00:00:00,RAINFALL,0,0,0,0,0,0,0,0,0,0,0,0,0,0,0,0,0,0,0,0,0,0,0,0,
新竹,2025/01/24 00:00:00,RH,89,90,89,88,88,88,89,89,88,82,85,80,78,84,85,85,86,86,87,84,84,83,83,83,
新竹,2025/01/24 00:00:00,SO2,1.7,1.5,1.3,1.5,1.9,1.6,1.1,1.7,1.6,1.8,1.7,1.6,1.6,1.8,1.8,1.8,1.8,1.6,1.4,1.4,1.4,1.5,1.6,1.6,
新竹,2025/01/24 00:00:00,THC,2,1.98,1.96,1.96,1.98,1.96,1.98,2,2.06,2.05,1.99,2.02,1.99,1.97,2.02,2.01,2,2.02,2.05,2.05,2.04,2.04,2.06,2.08,
新竹,2025/01/24 00:00:00,WD_HR,27,29,28,31,33,28,30,32,31,32,38,34,35,35,33,35,33,35,32,36,41,43,36,33,
新竹,2025/01/24 00:00:00,WIND_DIREC,28,27,26,30,27,28,27,33,40,19,40,36,35,26,35,31,36,32,30,42,43,37,32,39,
新竹,2025/01/24 00:00:00,WIND_SPEED,3.2,2.9,3.3,2.8,3.7,3.2,2.5,2.3,2.9,1.4,2.8,3.2,2.4,3.1,2.7,2.9,3.4,3.1,1.9,2.1,2.6,2.4,2,2.1,
新竹,2025/01/24 00:00:00,WS_HR,2.8,2.8,2.6,2.7,2.4,2.6,2.3,2.2,2.3,2,1.8,2.3,1.7,2.5,2.6,2.6,2.6,2.4,2.2,2.2,2,1.9,1.9,2,
新竹,2025/01/25 00:00:00,AMB_TEMP,18.5,18.4,18.4,18.3,17.6,17.8,17.9,18,18.4,19,19.4,19.8,19.8,19.5,19.5,19.4,19.1,18.7,18.4,18.4,18.4,18.4,18.1,17.8,
新竹,2025/01/25 00:00:00,CH4,2.03,2.02,1.98,1.96,1.97,1.96,1.97,1.98,1.98,1.98,1.96,1.95,1.95,1.96,1.95,1.96,1.96,1.96,1.99,1.99,1.98,2,2,2.01,
新竹,2025/01/25 00:00:00,CO,0.26,0.23,0.21,0.21,0.22,0.23,0.25,0.29,0.33,0.33,0.3,0.29,0.27,0.27,0.27,0.26,0.27,0.28,0.29,0.28,0.27,0.27,0.29,0.29,
新竹,2025/01/25 00:00:00,NMHC,0.06,0.05,0.04,0.03,0.02,0.01,0.02,0.04,0.04,0.04,0.04,0.05,0.03,0.03,0.03,0.03,0.03,0.04,0.03,0.03,0.04,0.04,0.05,0.05,
新竹,2025/01/25 00:00:00,NO,0.5,0.5,0.5,0.5,0.5,0.5,0.3,0.4,0.3,1,1.3,1.1,1,0.9,0.9,0.9,0.6,0.5,0.7,0.5,0.5,0.5,0.6,0.4,
新竹,2025/01/25 00:00:00,NO2,10.6,9.1,7.1,6.8,4.5,4.9,6.3,6.6,8.1,9.1,8.5,7.1,6.3,5.7,5.7,6.9,8.1,8.4,7.1,6.2,6.1,6.6,7.1,7.5,
新竹,2025/01/25 00:00:00,NOx,11.2,9.7,7.7,7.4,5.1,5.4,6.6,7,8.5,10.2,9.9,8.2,7.3,6.7,6.6,7.8,8.7,8.9,7.9,6.8,6.7,7.1,7.7,7.9,
新竹,2025/01/25 00:00:00,O3,33.6,35.1,38.9,42.6,49.2,48.7,46.5,47.8,48.3,47.5,48.3,50,51.9,53.8,54,51.4,48,48.2,49.9,50.3,49.2,48.2,46.4,46,
新竹,2025/01/25 00:00:00,PM10,22,21,24,30,38,36,34,39,46,42,40,37,41,42,34,35,38,36,41,36,42,39,38,35,
新竹,2025/01/25 00:00:00,PM2.5,13,12,9,12,19,16,23,18,23,8,18,26,19,21,18,15,19,15,21,20,19,20,18,16,
新竹,2025/01/25 00:00:00,RAINFALL,0,0,0,0,0,0,0,0,0,0,0,0,0,0,0,0,0,0,0,0,0,0,0,0,
新竹,2025/01/25 00:00:00,RH,83,83,83,84,85,84,82,83,81,77,75,73,72,73,71,69,70,71,71,71,72,72,73,74,
新竹,2025/01/25 00:00:00,SO2,1.3,2.2,2.5,2.9,2.5,2.5,2.5,2.4,2.4,2.5,2.4,2.5,2.4,2,2.2,2.2,2.4,2.4,2,2.1,2.4,2.4,2.4,2.3,
新竹,2025/01/25 00:00:00,THC,2.09,2.07,2.02,1.99,1.99,1.97,1.99,2.02,2.02,2.02,2,2,1.98,1.99,1.98,1.99,1.99,2,2.02,2.02,2.02,2.04,2.05,2.06,
新竹,2025/01/25 00:00:00,WD_HR,35,31,27,34,33,27,30,32,30,33,32,34,31,32,29,34,41,32,33,30,37,38,34,31,
新竹,2025/01/25 00:00:00,WIND_DIREC,26,30,32,35,36,21,29,28,31,39,30,31,29,36,31,51,31,44,31,36,35,41,33,26,
新竹,2025/01/25 00:00:00,WIND_SPEED,2,2.6,2.4,2.5,2.6,2.9,2.5,3,3.6,3.2,3.3,4.8,4.4,3.5,4.1,3.4,4.8,4,3.7,3.4,3.3,2.6,2.5,3,
新竹,2025/01/25 00:00:00,WS_HR,1.9,2.1,2.4,2.3,2.4,2.6,2.3,2.6,3,2.7,3.5,3.4,3.6,3.2,4.2,3.4,3.1,3.6,2.8,3,2.7,2.2,2.1,2.3,
新竹,2025/01/26 00:00:00,AMB_TEMP,17.6,17.4,17.3,17.2,16.9,16.9,17.1,17.3,17.9,18.6,18.2,16.6,16.1,15.4,15.5,15.6,14.6,13.9,13.6,13.7,13.8,13.5,13.2,13.2,
新竹,2025/01/26 00:00:00,CH4,2.02,2.02,2.02,2.03,2.05,2.06,2.01,2.03,2,1.97,2,2.03,1.97,1.98,1.99,2,1.97,1.97,2.06,2.03,2.02,2.01,1.99,1.99,
新竹,2025/01/26 00:00:00,CO,0.3,0.27,0.26,0.25,0.26,0.26,0.26,0.27,0.3,0.27,0.32,0.36,0.27,0.27,0.26,0.26,0.24,0.25,0.32,0.28,0.28,0.27,0.24,0.2,
新竹,2025/01/26 00:00:00,NMHC,0.05,0.03,0.03,0.04,0.05,0.05,0.04,0.04,0.07,0.04,0.04,0.04,0.03,0.03,0.04,0.04,0.02,0.02,0.04,0.04,0.04,0.04,0.03,0.02,
新竹,2025/01/26 00:00:00,NO,0.4,1.1,1.3,1.2,1.3,1.3,1.2,1.3,1.6,1.6,1.8,1.3,1.3,1.2,1.4,1.4,1.3,1.2,1.3,1.3,1.3,1.1,1.2,1.1,
新竹,2025/01/26 00:00:00,NO2,7.2,6,5,4.8,5.4,5.6,5.8,7.1,7.8,7.1,7.9,6.7,6.2,5.7,6.3,7,5.6,4.9,5.7,6.7,6.8,7.1,5.7,4.6,
新竹,2025/01/26 00:00:00,NOx,7.6,7.2,6.3,6,6.7,6.9,7,8.4,9.4,8.8,9.8,8.1,7.5,7,7.8,8.4,6.9,6.1,7,8.1,8.1,8.3,7,5.8,
新竹,2025/01/26 00:00:00,O3,45.5,48.4,50.7,50,47.8,46.6,45.9,43,42,42.6,41.3,43.5,43.5,44.2,43.9,42.2,44.2,45.5,43.7,42.4,40.8,39.6,41.4,42.7,
新竹,2025/01/26 00:00:00,PM10,37,39,42,39,37,34,32,32,33,32,32,43,34,36,36,35,21,15,19,15,8,14,10,8,
新竹,2025/01/26 00:00:00,PM2.5,23,17,19,19,16,17,13,15,16,12,13,17,12,17,13,17,16,4,11,14,10,7,7,6,
新竹,2025/01/26 00:00:00,RAINFALL,0,0,0,0,0,0,0,0,0,0,0,0,0,0,0,0,0.5,1,0.5,0.5,1.5,1,0.5,0,
新竹,2025/01/26 00:00:00,RH,74,73,73,72,73,72,72,71,69,66,73,83,86,89,87,87,91,93,93,91,92,93,91,89,
新竹,2025/01/26 00:00:00,SO2,2.5,2,2.2,2.2,2.1,1.9,2,2,2.3,2.2,2.4,2.3,2,1.8,2,1.9,2.1,2,2.2,2.5,2.8,2.9,3,3.1,
新竹,2025/01/26 00:00:00,THC,2.07,2.05,2.05,2.07,2.1,2.11,2.05,2.07,2.07,2.01,2.04,2.07,2,2.01,2.03,2.04,1.99,1.99,2.1,2.07,2.06,2.05,2.02,2.01,
新竹,2025/01/26 00:00:00,WD_HR,33,31,31,46,37,38,33,39,30,31,37,35,35,38,34,38,41,50,37,41,37,36,37,39,
新竹,2025/01/26 00:00:00,WIND_DIREC,36,39,33,45,30,27,51,24,27,37,40,32,38,37,33,43,43,57,31,36,35,36,35,34,
新竹,2025/01/26 00:00:00,WIND_SPEED,2.5,2.4,2.6,2.1,2.3,2.1,1.7,2.2,2.9,2.9,3,3.5,3.1,2.6,2.7,1.7,2.8,1.5,1.6,2.1,2.4,3.2,2.5,2.9,
新竹,2025/01/26 00:00:00,WS_HR,2.2,2.2,2.4,1.9,1.7,1.4,1.8,1.8,2.3,2.8,2,3.1,2.4,2.5,2.6,1.8,1.6,1.4,1.7,1.9,1.9,2.2,2.3,2,
新竹,2025/01/27 00:00:00,AMB_TEMP,13.4,12.8,12.6,12,11,10.6,10.5,10.5,10.6,11,11.5,12.1,12.9,13.6,13.7,13.6,12.6,11.8,11.2,11,10.7,10.7,10.8,10.9,
新竹,2025/01/27 00:00:00,CH4,2,2,1.99,2.02,2.02,2.02,2.03,2.05,2.04,#,2.02,2.07,2.03,2.01,2,2,1.99,2.01,2.03,2.05,2.04,2,1.99,1.99,
新竹,2025/01/27 00:00:00,CO,0.22,0.24,0.24,0.33,0.33,0.34,0.34,0.35,0.36,#,0.38,0.43,0.41,0.38,0.38,0.38,0.34,0.36,0.38,0.41,0.33,0.25,0.21,0.22,
新竹,2025/01/27 00:00:00,NMHC,0.02,0.02,0.02,0.03,0.03,0.03,0.04,0.04,0.04,#,0.05,0.07,0.06,0.05,0.04,0.05,0.05,0.06,0.06,0.08,0.06,0.03,0.02,0.02,
新竹,2025/01/27 00:00:00,NO,1,0.4,0.5,0.5,0.5,0.5,0.6,0.6,0.6,#,1.3,1.7,1.5,1.2,1.2,1.3,0.9,0.7,0.6,0.6,0.8,0.7,0.6,0.6,
新竹,2025/01/27 00:00:00,NO2,3.7,4.4,4,4.4,4.1,4.2,5.2,7.1,8.6,#,8.2,11.5,9.3,5.7,5.8,6.6,6.6,7.5,8.8,11.2,10.5,7.9,6.4,4.7,
新竹,2025/01/27 00:00:00,NOx,4.7,4.8,4.5,5,4.6,4.7,5.9,7.7,9.2,#,9.6,13.2,10.9,6.9,7,8,7.6,8.2,9.4,11.9,11.4,8.6,7.1,5.3,
新竹,2025/01/27 00:00:00,O3,43.4,43.7,42,37.9,39.6,39.7,37.1,34.8,35.8,36.1,#,21.2,30.4,39.2,42.4,41.7,42.2,41.1,39.8,35.3,35.1,37.9,39.9,41.6,
新竹,2025/01/27 00:00:00,PM10,10,13,12,13,10,10,7,7,9,10,#,19,30,37,33,31,32,33,32,36,36,37,37,39,
新竹,2025/01/27 00:00:00,PM2.5,7,10,9,7,9,5,6,7,10,#,11,15,14,16,18,19,21,24,23,24,18,15,16,18,
新竹,2025/01/27 00:00:00,RAINFALL,0,0.5,0,0.5,1.5,0.5,0.5,0,0.5,#,#,0,0,0,0,0,0,0,0,0,0,0,0,0,
新竹,2025/01/27 00:00:00,RH,83,84,83,84,87,84,87,89,90,85,83,75,65,56,53,51,51,55,58,61,61,59,58,57,
新竹,2025/01/27 00:00:00,SO2,3.1,1.9,1.9,1.9,2,2.1,2.1,2.4,2.2,#,2.2,2.5,2.2,1.6,1.5,1.9,1.4,1.7,1.8,1.8,2.4,2.8,3.1,2.8,
新竹,2025/01/27 00:00:00,THC,2.02,2.02,2.01,2.05,2.05,2.05,2.07,2.09,2.08,#,2.07,2.14,2.09,2.06,2.04,2.05,2.04,2.07,2.09,2.13,2.1,2.03,2.01,2.01,
新竹,2025/01/27 00:00:00,WD_HR,34,37,42,33,39,45,54,44,55,65,64,45,44,38,39,34,32,35,47,46,46,45,46,48,
新竹,2025/01/27 00:00:00,WIND_DIREC,32,49,43,34,34,65,50,41,61,62,65,49,34,40,32,38,36,43,51,41,57,38,50,48,
新竹,2025/01/27 00:00:00,WIND_SPEED,2.8,2,3.4,3.7,2.4,2.5,2.5,2.2,2.1,2.2,2.4,2.5,3.1,4.6,3.9,3.7,3.9,3,2.5,3.1,2.2,2.9,3.3,3.6,
新竹,2025/01/27 00:00:00,WS_HR,2.5,2.3,2.5,2.9,2.6,2.3,2.2,1.7,1.6,1.8,2,2,2.8,3,3.3,3.2,3.5,2.7,2.5,2.6,2.2,2.6,2.9,2.9,
新竹,2025/01/28 00:00:00,AMB_TEMP,10.7,10.7,11,11.1,11.1,11.1,11,11.4,12.4,13.9,15.4,16.6,17.2,16.8,16.3,16.1,15.4,14.5,13.8,13.3,12.9,12.6,12.6,12.6,
新竹,2025/01/28 00:00:00,CH4,2.01,2.01,1.99,2,1.98,1.98,1.99,1.98,1.98,1.96,1.94,1.95,1.94,1.94,1.92,1.92,1.93,1.94,1.97,1.98,1.98,1.96,1.96,1.97,
新竹,2025/01/28 00:00:00,CO,0.25,0.23,0.2,0.19,0.19,0.2,0.21,0.23,0.23,0.25,0.24,0.25,0.22,0.22,0.21,0.21,0.23,0.25,0.25,0.25,0.24,0.21,0.2,0.21,
新竹,2025/01/28 00:00:00,NMHC,0.05,0.05,0.02,0.02,0.02,0.03,0.04,0.04,0.03,0.05,0.04,0.04,0.03,0.03,0.03,0.03,0.04,0.05,0.05,0.05,0.06,0.05,0.04,0.04,
新竹,2025/01/28 00:00:00,NO,0.8,0.7,0.6,0.6,0.6,0.4,0.8,0.8,1.1,1.2,1.1,1.3,1.1,1.1,1,1.1,0.9,0.6,0.7,0.5,0.7,0.8,0.6,0.5,
新竹,2025/01/28 00:00:00,NO2,5.1,5.7,5.1,5,3,3.2,4.4,4.7,4.9,4.9,4.2,4.4,4.3,3.7,3.3,3.4,4.5,6.4,7.5,7,7.8,7.1,6.1,6.1,
新竹,2025/01/28 00:00:00,NOx,5.9,6.5,5.8,5.6,3.6,3.6,5.3,5.6,6,6.2,5.4,5.8,5.5,4.9,4.3,4.5,5.4,7,8.2,7.6,8.5,8,6.8,6.6,
新竹,2025/01/28 00:00:00,O3,39.2,38.8,40.4,40.4,42.3,41.2,39.7,39.4,40.3,41.3,44,45.5,47.7,46.5,46.8,46.4,44.3,41.2,38.7,39.6,39.3,40.8,41.8,42.1,
新竹,2025/01/28 00:00:00,PM10,44,43,27,28,29,27,32,29,31,33,37,33,37,37,36,38,29,34,34,34,36,41,29,31,
新竹,2025/01/28 00:00:00,PM2.5,29,21,19,14,15,13,14,15,11,17,13,13,10,14,10,12,12,15,13,17,17,19,15,14,
新竹,2025/01/28 00:00:00,RAINFALL,0,0,0,0,0,0,0,0,0,0,0,0,0,0,0,0,0,0,0,0,0,0,0,0,
新竹,2025/01/28 00:00:00,RH,57,58,57,55,54,52,53,52,50,47,42,40,40,46,45,46,52,56,57,57,59,60,58,57,
新竹,2025/01/28 00:00:00,SO2,3.1,1.3,1.5,1.5,1.4,1.3,1.5,1.5,1.5,1,0.7,0,#,#,#,#,#,#,1.7,2.2,3.1,2.7,2.9,3,
新竹,2025/01/28 00:00:00,THC,2.06,2.06,2.01,2.02,2,2.01,2.03,2.02,2.01,2.01,1.98,1.99,1.97,1.97,1.95,1.95,1.97,1.99,2.02,2.03,2.04,2.01,2,2.01,
新竹,2025/01/28 00:00:00,WD_HR,45,44,45,45,54,52,48,50,49,45,40,39,36,37,36,33,30,31,52,48,52,51,49,48,
新竹,2025/01/28 00:00:00,WIND_DIREC,26,41,45,44,46,45,50,47,46,43,34,50,34,33,37,35,33,48,50,56,54,54,47,46,
新竹,2025/01/28 00:00:00,WIND_SPEED,2.1,3.1,2.6,2.4,2.5,2.7,3.6,3.4,3.3,3.9,3.9,3.3,4.3,3.4,4.4,4.5,4,2.5,2.9,2.7,2.7,3.3,3.8,3.3,
新竹,2025/01/28 00:00:00,WS_HR,2.1,2.4,2.3,1.9,2,2.3,2.3,2.6,2.7,3.1,3.4,2.8,3.2,2.8,3.6,3.6,3.7,3.1,2.3,2.5,2.6,2.8,3,2.9,
新竹,2025/01/29 00:00:00,AMB_TEMP,12.4,12.3,12.2,12,12,12.2,12.4,12.7,13.6,15.2,16.7,18.2,19.3,19.8,19.7,19.2,18,16.5,15.5,14.7,14.3,14.1,14,13.7,
新竹,2025/01/29 00:00:00,CH4,1.97,1.98,1.97,2,2,2,2,2,1.99,1.96,1.95,1.94,1.94,1.93,1.94,1.94,1.94,1.96,1.97,1.98,1.98,2.03,2.04,2.03,
新竹,2025/01/29 00:00:00,CO,0.21,0.2,0.19,0.19,0.18,0.19,0.19,0.21,0.22,*,*,*,*,*,*,*,*,0.22,0.23,0.22,0.24,0.23,0.24,0.23,
新竹,2025/01/29 00:00:00,NMHC,0.07,0.06,0.03,0.04,0.03,0.02,0.04,0.04,0.04,0.04,0.04,0.03,0.03,0.04,0.03,0.04,0.03,0.03,0.05,0.05,0.05,0.06,0.06,0.05,
新竹,2025/01/29 00:00:00,NO,0.5,0.5,0.4,0.3,0.4,0.3,0.3,0.5,0.9,0.8,1,0.8,0.8,0.9,0.9,1,0.8,0.7,0.7,0.6,0.5,0.4,0.4,0.5,
新竹,2025/01/29 00:00:00,NO2,6.4,4.9,3.3,3.1,2.8,2.6,3.1,3.9,4.8,4.2,3.8,3.3,3.4,3.5,3.8,4.2,4.4,5.4,6.3,6.2,8,8,7.6,6.6,
新竹,2025/01/29 00:00:00,NOx,7,5.4,3.8,3.5,3.2,2.9,3.4,4.5,5.8,5.1,4.9,4.2,4.2,4.4,4.7,5.3,5.2,6.1,7,6.8,8.6,8.5,8,7.2,
新竹,2025/01/29 00:00:00,O3,40.5,41,43,41.9,42.3,42.6,41.8,40.5,40.3,42.7,44.7,46.3,46.8,47.4,47,45.9,44.4,41.3,39.6,38.9,36.3,35.6,35.6,35.4,
新竹,2025/01/29 00:00:00,PM10,44,32,28,23,29,24,25,22,31,21,21,22,23,21,24,21,20,19,25,22,19,24,24,21,
新竹,2025/01/29 00:00:00,PM2.5,27,21,15,9,9,13,11,13,10,11,11,13,11,9,13,9,5,7,9,11,12,16,15,16,
新竹,2025/01/29 00:00:00,RAINFALL,0,0,0,0,0,0,0,0,0,0,0,0,0,0,0,0,0,0,0,0,0,0,0,0,
新竹,2025/01/29 00:00:00,RH,54,53,52,54,55,54,51,50,47,44,41,38,35,34,37,39,43,49,53,55,56,57,57,57,
新竹,2025/01/29 00:00:00,SO2,3.5,1.9,1.7,1.8,1.9,1.8,1.7,1.6,1.7,1.6,0.9,0.4,0.3,0.5,0.5,0.2,0.2,0.2,0.3,0.5,0.7,1.2,1.1,1.2,
新竹,2025/01/29 00:00:00,THC,2.04,2.04,2,2.04,2.03,2.02,2.04,2.04,2.03,2,1.99,1.97,1.97,1.97,1.97,1.98,1.97,1.99,2.02,2.03,2.03,2.09,2.1,2.08,
新竹,2025/01/29 00:00:00,WD_HR,53,49,45,50,48,51,48,51,44,47,42,40,33,33,31,33,43,42,46,45,63,46,53,65,
新竹,2025/01/29 00:00:00,WIND_DIREC,53,54,27,46,49,48,49,43,44,55,34,50,28,31,30,32,48,39,49,51,65,42,64,58,
新竹,2025/01/29 00:00:00,WIND_SPEED,3.4,3,2.8,2.3,2.5,3,2.5,2.8,2.7,3,3.6,2.5,3.3,3.6,3.5,3.3,3.3,1.7,2.4,2,1.6,1.7,1.2,0.8,
新竹,2025/01/29 00:00:00,WS_HR,3.1,2.3,2.5,2.1,2.2,2.3,1.9,2.3,2.3,2.7,2.6,2.4,2.6,2.8,2.6,2.7,2.7,1.8,1.9,2,1.6,1.4,1,0.8,
新竹,2025/01/30 00:00:00,AMB_TEMP,13.3,13.1,12.6,12,11.7,11.7,12.3,13,14.6,17.2,19.8,20.3,21,21.8,21.9,20.8,19.6,18.8,18.1,17.1,16.9,16.7,16.1,15.6,
新竹,2025/01/30 00:00:00,CH4,2.02,2.05,2.46,2.48,2.46,2.35,2.08,2.04,2,1.96,2,2,2,2.02,2.04,1.99,1.97,2.01,2.06,1.99,1.99,2.12,2.49,2.47,
新竹,2025/01/30 00:00:00,CO,0.22,0.21,0.28,0.28,0.27,0.25,0.22,0.23,0.23,0.24,0.28,0.28,0.27,0.27,0.29,0.25,0.21,0.24,0.36,0.33,0.31,0.44,0.72,0.57,
新竹,2025/01/30 00:00:00,NMHC,0.05,0.04,0.12,0.13,0.13,0.1,0.05,0.05,0.04,0.03,0.05,0.05,0.05,0.04,0.03,0.02,0.02,0.04,0.09,0.07,0.07,0.15,0.33,0.26,
新竹,2025/01/30 00:00:00,NO,0.5,0.6,0.7,0.8,1.3,2.5,0.8,1,1.6,1.9,1.7,1.5,1,1.2,1,0.9,0.8,0.5,0.8,0.8,0.7,1.1,5.2,4.5,
新竹,2025/01/30 00:00:00,NO2,5.5,5.5,8.3,9.9,13.1,15.7,6.4,6.9,7.1,5.6,6.9,6.9,5.7,5.7,5.6,5.3,4.4,5.9,12.1,14.8,12.8,24.2,35.8,27.6,
新竹,2025/01/30 00:00:00,NOx,6,6.2,9,10.7,14.4,18.2,7.2,7.9,8.7,7.6,8.7,8.4,6.8,7,6.6,6.3,5.2,6.5,13,15.6,13.6,25.4,41,32.1,
新竹,2025/01/30 00:00:00,O3,34.1,33.5,22.4,17,11.5,11.8,21.8,24.2,26.2,30.5,43.8,50.7,56.5,61.1,60,53.2,49.9,45.9,35.1,32.7,34.1,21.6,1.9,6.5,
新竹,2025/01/30 00:00:00,PM10,19,16,13,17,13,11,11,12,11,16,29,32,24,24,27,23,23,26,25,32,35,32,66,45,
新竹,2025/01/30 00:00:00,PM2.5,20,15,17,16,13,13,12,7,10,9,18,12,17,14,14,11,15,14,12,18,18,19,54,37,
新竹,2025/01/30 00:00:00,RAINFALL,0,0,0,0,0,0,0,0,0,0,0,0,0,0,0,0,0,0,0,0,0,0,0,0,
新竹,2025/01/30 00:00:00,RH,58,59,63,68,70,69,61,57,52,49,47,48,46,44,44,53,62,67,73,78,77,77,76,77,
新竹,2025/01/30 00:00:00,SO2,1.2,2,1.8,2,2.1,1.9,2.3,2.3,2.1,1.6,1.2,1.3,1.1,1.3,1.3,1.3,1.2,0.7,0.5,0.6,0.9,0.7,1.2,1.3,
新竹,2025/01/30 00:00:00,THC,2.07,2.09,2.58,2.61,2.59,2.45,2.13,2.09,2.04,1.99,2.05,2.05,2.05,2.06,2.07,2.01,1.99,2.05,2.15,2.06,2.06,2.27,2.82,2.73,
新竹,2025/01/30 00:00:00,WD_HR,74,65,128,150,146,109,69,71,66,74,30,294,288,292,290,295,294,289,176,145,149,141,181,149,
新竹,2025/01/30 00:00:00,WIND_DIREC,80,61,136,117,125,83,65,69,63,95,303,297,291,294,284,298,292,290,160,93,148,141,135,150,
新竹,2025/01/30 00:00:00,WIND_SPEED,0.8,0.8,0.2,0.3,0.3,1.3,1.2,1.4,1.8,0.9,1.4,2,2.1,2.4,2.5,1.8,1.3,1,1.4,0.9,0.5,0.3,0.3,0.4,
新竹,2025/01/30 00:00:00,WS_HR,0.9,0.8,0.3,0.4,0.3,0.5,0.8,1,1.4,1.2,0.4,1.5,1.8,2,1.8,2.2,1,1.5,0.6,0.6,0.5,0.3,0.3,0.3,
新竹,2025/01/31 00:00:00,AMB_TEMP,15,14.4,14.6,14.6,14.5,14.6,14.9,15.4,16.1,17,18.3,18.8,19.3,18.8,19.2,19.3,18.3,17.5,17.4,17.5,16.9,17.2,17.4,17.8,
新竹,2025/01/31 00:00:00,CH4,2.46,2.41,2.29,2.34,2.36,2.46,2.45,2.4,2.45,2.11,2.09,2.06,2.1,2.06,2.05,2.05,2.04,2.03,2.04,2.18,2.05,2.1,2.17,2.16,
新竹,2025/01/31 00:00:00,CO,0.48,0.38,0.42,0.34,0.35,0.35,0.36,0.36,0.42,0.33,0.36,0.38,0.46,0.5,0.48,0.48,0.4,0.32,0.37,0.43,0.31,0.35,0.38,0.27,
新竹,2025/01/31 00:00:00,NMHC,0.18,0.16,0.14,0.13,0.13,0.14,0.14,0.13,0.16,0.09,0.09,0.08,0.09,0.09,0.07,0.08,0.07,0.06,0.08,0.13,0.06,0.09,0.11,0.07,
新竹,2025/01/31 00:00:00,NO,1.7,1.2,0.9,0.8,0.7,0.8,1.3,1.7,4.2,3.1,2.5,2.7,3.7,3.9,2.1,1.6,1.3,0.7,0.7,0.9,0.7,0.7,0.9,0.5,
新竹,2025/01/31 00:00:00,NO2,24.1,18.9,18.3,14.1,15.6,15.8,16.9,13.7,19.3,10.8,11.9,12.7,16.4,19.6,13.7,14.1,15.2,9.6,13.7,18,11.5,13.3,17.8,11.9,
新竹,2025/01/31 00:00:00,NOx,25.9,20.1,19.2,15,16.3,16.6,18.3,15.4,23.5,13.9,14.4,15.5,20.2,23.6,15.8,15.8,16.6,10.4,14.5,18.9,12.2,14.1,18.7,12.4,
新竹,2025/01/31 00:00:00,O3,9.5,12.1,7.7,12.4,8.8,6.8,6.3,11.6,12.9,26.4,27.2,28.7,26.8,29.5,38.9,34,30.3,29.6,20.5,13.7,33.2,24.3,12.8,20.3,
新竹,2025/01/31 00:00:00,PM10,28,21,28,25,25,19,20,22,33,30,29,38,47,54,42,40,33,17,18,21,33,36,25,9,
新竹,2025/01/31 00:00:00,PM2.5,32,13,27,21,22,19,20,16,24,20,20,24,30,33,27,29,23,17,16,19,26,24,23,8,
新竹,2025/01/31 00:00:00,RAINFALL,0,0,0,0,0,0,0,0,0,0,0,0,0,0,0,0,0,0,0.5,0.5,0,0.5,0,0,
新竹,2025/01/31 00:00:00,RH,77,79,79,78,79,78,77,75,75,70,67,70,73,75,71,76,85,88,91,93,94,93,94,93,
新竹,2025/01/31 00:00:00,SO2,0.9,1.5,1.7,1.8,1.8,1.6,1.7,1.6,2.1,1.9,1.6,2,2.7,4.5,3,2.4,1.5,0.9,0.9,1.1,1.1,1.1,0.9,0.9,
新竹,2025/01/31 00:00:00,THC,2.64,2.57,2.43,2.47,2.49,2.6,2.59,2.53,2.61,2.2,2.18,2.14,2.19,2.15,2.12,2.13,2.11,2.09,2.12,2.31,2.11,2.19,2.28,2.23,
新竹,2025/01/31 00:00:00,WD_HR,163,162,87,122,101,65,84,332,246,183,184,163,242,242,224,161,125,52,57,310,312,59,65,53,
新竹,2025/01/31 00:00:00,WIND_DIREC,219,128,43,144,122,63,92,289,242,157,160,152,242,247,205,152,65,75,325,295,55,307,125,70,
新竹,2025/01/31 00:00:00,WIND_SPEED,0.5,0.3,0.6,0.3,0.3,0.4,0.6,0.8,1.4,0.9,0.9,0.8,1.9,1.1,0.7,0.9,1.3,0.7,0.5,1.7,0.6,1.6,0.3,0.5,
新竹,2025/01/31 00:00:00,WS_HR,0.4,0.2,0.5,0.3,0.5,0.3,0.3,0.2,0.8,0.5,0.4,0.5,1.3,1.4,0.7,0.8,0.7,0.9,0.5,0.5,0.4,0.6,0.4,0.4,
新竹,2025/02/01 00:00:00,AMB_TEMP,18,18,18.1,18.4,18.2,18.2,18,18,17.7,18.9,20.4,22,22.1,22.2,21.8,21.1,19.8,19.1,18.2,17.3,16.8,16.4,16,15.7,
新竹,2025/02/01 00:00:00,CH4,2,1.95,2.01,2.04,2.1,2.05,2.08,2.38,2.07,2.07,2.16,2.11,2.04,2.04,1.98,1.96,1.95,1.97,1.98,1.98,1.97,1.96,1.95,1.96,
新竹,2025/02/01 00:00:00,CO,0.21,0.18,0.17,0.16,0.17,0.17,0.21,0.32,0.27,0.29,0.41,0.34,0.27,0.31,0.24,0.23,0.21,0.28,0.34,0.31,0.3,0.27,0.26,0.23,
新竹,2025/02/01 00:00:00,NMHC,0.02,0.02,0.01,0.03,0.03,0.03,0.04,0.12,0.05,0.07,0.11,0.09,0.04,0.04,0.03,0.03,0.02,0.04,0.05,0.03,0.03,0.03,0.04,0.02,
新竹,2025/02/01 00:00:00,NO,0.4,0.7,0.3,0.5,0.3,0.5,0.4,2.2,3.2,3.6,4.8,4.6,2.3,1.8,1.3,1,0.7,0.4,0.6,0.4,0.5,0.5,0.4,0.4,
新竹,2025/02/01 00:00:00,NO2,8,5.2,5.1,3.3,4,4.6,6.3,11.4,9.8,11.5,14.3,11.4,8.1,8.5,6.7,6.4,6.1,7,6.6,5.4,7,5.9,5,5,
新竹,2025/02/01 00:00:00,NOx,8.5,5.9,5.5,3.8,4.4,5.1,6.8,13.6,13,15.1,19.2,16.1,10.4,10.4,8.1,7.4,6.9,7.4,7.2,5.8,7.6,6.4,5.4,5.5,
新竹,2025/02/01 00:00:00,O3,26.5,29.4,28.9,28.1,24.1,21.5,18.2,13.2,19.4,18.7,17.9,27.8,34.4,39.7,44.3,43.1,41.4,37.5,35.3,38.4,35,35.4,35.4,34.8,
新竹,2025/02/01 00:00:00,PM10,2,0,0,0,1,1,3,2,11,14,17,16,21,22,21,21,19,28,26,8,12,14,8,4,
新竹,2025/02/01 00:00:00,PM2.5,7,3,2,5,4,3,2,3,11,9,12,16,18,22,16,13,17,14,15,18,5,7,8,8,
新竹,2025/02/01 00:00:00,RAINFALL,0.5,0.5,0,0,0,0,0,0,0,0,0,0,0,0,0,0,0,0,0.5,0,0.5,1,0,0.5,
新竹,2025/02/01 00:00:00,RH,91,93,93,91,91,91,93,93,94,89,84,77,77,76,76,78,84,88,93,92,91,92,92,92,
新竹,2025/02/01 00:00:00,SO2,0.7,1.4,1.1,1.1,1.4,1.2,1.2,1.5,1.6,1.6,1.9,1.9,2,2.1,2.4,2,1.4,1.6,1.4,1.3,1.2,1.5,1.5,1.5,
新竹,2025/02/01 00:00:00,THC,2.02,1.97,2.02,2.07,2.13,2.08,2.12,2.5,2.12,2.14,2.27,2.2,2.08,2.08,2.01,1.99,1.97,2.01,2.03,2.01,2,1.99,1.99,1.98,
新竹,2025/02/01 00:00:00,WD_HR,108,119,77,86,59,46,57,296,301,134,43,292,292,328,37,35,41,45,42,44,46,38,37,44,
新竹,2025/02/01 00:00:00,WIND_DIREC,127,66,67,74,58,25,122,294,285,103,51,285,290,40,31,35,46,32,34,60,35,30,35,51,
新竹,2025/02/01 00:00:00,WIND_SPEED,0.9,1,0.7,0.8,0.5,0.7,0.3,1.3,0.3,0.3,0.3,1.9,1.7,1.7,3.4,2.9,3.1,3.5,4.6,2.6,3.2,4.1,3.4,2.7,
新竹,2025/02/01 00:00:00,WS_HR,0.6,0.5,0.7,0.6,0.5,0.7,0.5,0.7,0.7,0.2,0.2,1.2,1.5,0.7,2.2,2.4,2.6,2.4,2.3,2.8,2.4,2.7,3.1,2.6,
新竹,2025/02/02 00:00:00,AMB_TEMP,15.8,16,16,15.9,15.4,15.2,15.1,15.1,15.1,15.2,15.6,15.8,16.1,16.2,16.1,15.9,15.4,15.1,15.2,15.2,15.3,15.4,15.7,16.1,
新竹,2025/02/02 00:00:00,CH4,1.96,1.97,2,2.02,1.95,1.95,1.95,1.96,1.98,1.97,1.97,1.97,1.96,1.97,1.98,1.98,1.97,1.96,2,1.99,1.98,1.97,1.98,1.98,
新竹,2025/02/02 00:00:00,CO,0.22,0.2,0.21,0.21,0.18,0.18,0.18,0.2,0.22,0.22,0.23,0.24,0.23,0.24,0.25,0.25,0.25,0.26,0.28,0.27,0.28,0.28,0.26,0.24,
新竹,2025/02/02 00:00:00,NMHC,0.02,0.02,0.01,0.04,0.01,0,0,0.01,0.02,0.03,0.03,0.03,0.03,0.03,0.04,0.04,0.03,0.04,0.04,0.04,0.05,0.04,0.03,0.03,
新竹,2025/02/02 00:00:00,NO,0.4,0.2,0.2,0.3,0.4,0.1,0.1,0.2,0.2,0.4,0.4,0.6,0.8,0.5,0.4,0.5,0.3,0.2,0.4,0.3,0.3,0.1,0,0.2,
新竹,2025/02/02 00:00:00,NO2,4.9,4.8,5.3,6.6,3.5,3,3,3.5,4.6,4.7,5.5,5.7,5.4,5.5,6,6.1,5.8,6.3,7.9,7,7.3,6.4,5.9,5.8,
新竹,2025/02/02 00:00:00,NOx,5.3,5,5.5,6.9,3.9,3.2,3.2,3.7,4.9,5.2,6,6.4,6.2,6,6.5,6.6,6.1,6.5,8.3,7.4,7.7,6.5,5.9,6,
新竹,2025/02/02 00:00:00,O3,34.6,35,31.6,31,39.6,40.5,40.3,39.1,36.6,36.7,36.6,36.4,37.3,37.6,36.8,37.6,37.8,37.2,35.2,36.2,35.4,36.6,36.8,35.8,
新竹,2025/02/02 00:00:00,PM10,7,9,9,5,6,8,8,16,14,16,16,14,16,13,20,15,19,16,14,16,17,8,12,12,
新竹,2025/02/02 00:00:00,PM2.5,5,5,7,6,8,7,6,9,5,1,5,12,12,13,12,10,11,7,8,12,10,9,12,11,
新竹,2025/02/02 00:00:00,RAINFALL,0,0.5,0.5,1,0,0,0,0,0,0,0,0,0,0,0,0,0,0,0.5,0,0,0,0,0,
新竹,2025/02/02 00:00:00,RH,92,92,94,95,95,95,96,94,94,93,90,90,88,89,90,91,93,95,95,94,94,95,94,93,
新竹,2025/02/02 00:00:00,SO2,1.8,0.8,0.8,1,1.2,0.9,0.9,1,1.3,1.1,1.5,1.2,1.1,1.1,1.3,1.1,1.1,1,1.1,1.1,1.2,1.4,1.2,1.3,
新竹,2025/02/02 00:00:00,THC,1.98,1.99,2.01,2.06,1.96,1.95,1.95,1.97,2,2,2,2,1.99,2,2.02,2.02,2,2,2.04,2.03,2.03,2.01,2.01,2.01,
新竹,2025/02/02 00:00:00,WD_HR,33,43,53,37,35,35,32,35,37,36,34,43,32,34,33,32,33,35,42,41,33,32,31,29,
新竹,2025/02/02 00:00:00,WIND_DIREC,25,50,35,34,33,27,30,34,32,32,42,50,32,34,33,33,37,42,62,37,40,29,28,31,
新竹,2025/02/02 00:00:00,WIND_SPEED,3.3,2.4,1,2.3,3.2,3.6,3.6,3,3,3,2.9,2.7,2,2.6,3.5,3.5,3.1,2.4,2.1,2.8,2.3,2.7,1.9,3.2,
新竹,2025/02/02 00:00:00,WS_HR,2.3,2.1,1.6,1.9,2.9,2.9,2.7,2.7,2.2,2.2,2.6,2.1,2.7,2.5,2.2,2.8,2.7,2.6,1.8,2.2,2.3,2.3,1.9,2.3,
新竹,2025/02/03 00:00:00,AMB_TEMP,15.5,15,14.8,14.7,14.5,14.6,14.1,13.3,12.8,12.5,12.4,12.6,12.6,12.5,11.9,11.1,11.2,11.1,11.1,11.7,12.1,12.1,11.7,11.6,
新竹,2025/02/03 00:00:00,CH4,1.97,1.97,1.99,1.97,1.97,1.97,1.95,1.94,1.96,1.98,2,1.99,2,1.99,2,2,2.01,2.03,2.05,2.06,2.05,2.05,2.02,2.01,
新竹,2025/02/03 00:00:00,CO,0.23,0.24,0.24,0.23,0.23,0.23,0.23,0.23,0.26,0.3,0.32,0.32,0.32,0.33,0.36,0.36,0.37,0.43,0.45,0.42,0.42,0.43,0.4,0.31,
新竹,2025/02/03 00:00:00,NMHC,0.02,0.02,0,0.01,0.02,0.01,0.01,0.02,0.04,0.06,0.07,0.07,0.06,0.07,0.06,0.07,0.07,0.07,0.07,0.06,0.06,0.05,0.04,0.03,
新竹,2025/02/03 00:00:00,NO,0.1,0.7,0.6,0.7,0.5,0.7,0.5,0.7,0.8,0.7,0.9,1.2,1,0.8,0.9,0.9,0.8,0.9,0.7,0.7,0.7,0.7,0.6,0.8,
新竹,2025/02/03 00:00:00,NO2,4,3.4,3.3,3.4,3.4,3.7,3.9,4.5,5.3,6.8,7.6,7.9,7.3,6.6,6.9,6.8,7.4,7,8.5,8.3,7.5,8.1,6.6,5,
新竹,2025/02/03 00:00:00,NOx,4.1,4.1,3.9,4.1,4,4.4,4.4,5.3,6.2,7.6,8.6,9.2,8.3,7.5,7.9,7.7,8.3,7.9,9.3,9,8.2,8.8,7.3,5.8,
新竹,2025/02/03 00:00:00,O3,41.2,43,42.9,42.8,43.2,44.4,43.8,41,39.3,35.5,34.3,34.4,34.5,34.5,34.5,38.8,41,40.6,38.7,39.4,39.6,38.9,39.7,41,
新竹,2025/02/03 00:00:00,PM10,8,4,2,6,5,6,5,10,6,15,19,13,9,18,16,23,18,20,28,28,29,24,24,25,
新竹,2025/02/03 00:00:00,PM2.5,8,6,5,7,5,8,7,10,9,11,18,14,10,12,15,20,5,22,24,27,21,23,20,20,
新竹,2025/02/03 00:00:00,RAINFALL,0,0,0,0,0.5,0,0,0.5,0,0,0,0,0.5,0,0,0,0,0,0,0,0,0,0,0,
新竹,2025/02/03 00:00:00,RH,94,95,95,96,96,95,95,95,93,93,92,91,90,89,91,91,87,87,86,83,84,85,89,87,
新竹,2025/02/03 00:00:00,SO2,1.2,2.2,2.3,2.3,2.4,2.4,2.3,2.7,3,3.1,3.4,3.3,3.4,3.6,3.4,3.5,3.5,3.5,3.5,3.5,3.6,3.6,3.6,3.5,
新竹,2025/02/03 00:00:00,THC,1.99,1.99,1.99,1.98,1.99,1.98,1.96,1.96,2,2.04,2.07,2.06,2.06,2.06,2.06,2.07,2.08,2.1,2.12,2.12,2.11,2.1,2.06,2.04,
新竹,2025/02/03 00:00:00,WD_HR,32,31,29,33,31,32,31,33,32,30,32,29,31,31,34,32,32,31,31,39,35,33,30,34,
新竹,2025/02/03 00:00:00,WIND_DIREC,28,28,24,31,33,37,39,35,32,27,30,30,32,29,31,25,36,30,28,39,27,27,32,36,
新竹,2025/02/03 00:00:00,WIND_SPEED,3.1,3.2,3.3,3.6,1.8,2.5,3.8,3.2,3.1,4.4,3.2,4.2,4,4.4,3.9,4.3,4.1,3.5,3.8,3.6,3.8,3.6,4.3,3,
新竹,2025/02/03 00:00:00,WS_HR,2.7,2.7,2.6,2.8,2.2,2.5,2.8,3,3.3,3.4,3.1,3,3.5,3.6,3.2,3.6,3.4,3.4,2.8,2.7,2.7,2.4,3.2,2.9,
新竹,2025/02/04 00:00:00,AMB_TEMP,11.8,11.2,10.8,10.9,11.2,11.2,11.1,11.3,12.2,13.6,14.8,15.7,15.5,15.4,15.1,14.6,13.8,12.9,12.4,12.2,12.2,12.2,12.5,12.8,
新竹,2025/02/04 00:00:00,CH4,2,1.99,1.99,1.99,2,2.01,2.02,2.04,2.03,2.01,2,1.99,1.97,1.97,1.97,1.97,1.98,1.99,2,2,2.02,2.01,2,2,
新竹,2025/02/04 00:00:00,CO,0.27,0.26,0.26,0.25,0.25,0.27,0.29,0.35,0.39,0.37,0.36,0.34,0.3,0.31,0.31,0.33,0.36,0.38,0.4,0.39,0.4,0.33,0.29,0.29,
新竹,2025/02/04 00:00:00,NMHC,0.02,0.02,0.01,0.03,0.03,0.03,0.04,0.07,0.07,0.07,0.07,0.06,0.04,0.04,0.05,0.05,0.05,0.06,0.08,0.09,0.08,0.05,0.04,0.06,
新竹,2025/02/04 00:00:00,NO,0.6,0.4,0.5,0.4,0.4,0.3,0.3,0.7,1.5,2.3,2.3,2.1,1.3,1.2,1.1,0.8,0.9,0.5,0.5,0.5,0.4,0.4,0.3,0.3,
新竹,2025/02/04 00:00:00,NO2,4.7,4.6,3.8,3.8,4.5,5.5,6.5,9.4,10.4,9.9,9.3,8.6,6.1,5.8,5.9,6.2,7.5,9.1,9.9,11,12.4,11,8.5,7.9,
新竹,2025/02/04 00:00:00,NOx,5.4,5.1,4.4,4.2,5,5.8,6.9,10.1,11.9,12.2,11.6,10.8,7.4,7.1,7.1,7.1,8.4,9.7,10.4,11.6,12.8,11.5,8.9,8.2,
新竹,2025/02/04 00:00:00,O3,41.8,42.8,43.5,43,41.9,40,38.5,35.6,36.6,38.6,42.2,45.4,48.3,49.1,49.8,49.3,47.8,45.4,43.9,42.4,40,42.6,43.6,42.7,
新竹,2025/02/04 00:00:00,PM10,28,30,28,25,30,24,32,37,50,50,42,43,48,46,47,63,47,46,46,42,41,34,24,21,
新竹,2025/02/04 00:00:00,PM2.5,19,21,19,15,16,18,17,23,36,29,28,28,23,29,24,28,32,32,31,30,30,21,19,20,
新竹,2025/02/04 00:00:00,RAINFALL,0,0.5,0,0,0,0,0,0,0,0,0,0,0,0,0,0,0,0,0,0,0,0,0,0,
新竹,2025/02/04 00:00:00,RH,82,82,83,82,77,75,74,70,61,56,51,48,48,49,49,51,54,56,56,55,54,52,48,47,
新竹,2025/02/04 00:00:00,SO2,3.4,1.8,1.7,1.9,1.9,1.9,2,2.1,2,1.8,1.6,0.9,0.4,0.3,0.7,0.3,0.2,0.6,0.8,1.3,1.7,2.1,1.7,1.4,
新竹,2025/02/04 00:00:00,THC,2.02,2.01,2,2.02,2.03,2.04,2.06,2.11,2.1,2.08,2.07,2.05,2.01,2.01,2.02,2.02,2.03,2.05,2.08,2.09,2.1,2.06,2.04,2.06,
新竹,2025/02/04 00:00:00,WD_HR,31,30,31,38,47,45,46,36,44,49,44,38,33,32,32,31,34,36,41,45,45,48,45,36,
新竹,2025/02/04 00:00:00,WIND_DIREC,29,32,37,43,42,48,43,45,52,40,41,30,36,31,29,34,36,41,60,42,50,55,37,43,
新竹,2025/02/04 00:00:00,WIND_SPEED,4.2,4.1,3,4.1,3.9,3.9,2.8,3.8,4,4,4,5.4,4.7,4.2,5.1,4,4,3.6,3.4,2.8,3.1,2.8,2.5,2.5,
新竹,2025/02/04 00:00:00,WS_HR,3.4,3.5,3.4,2.9,3,3.3,2.8,2.8,2.9,2.9,3.4,4,4,3.9,4.3,4,3.7,3.3,2.8,2.6,2.6,2.6,2.2,2.1,
新竹,2025/02/05 00:00:00,AMB_TEMP,12.9,12.9,13.1,13,12.9,12.7,12.6,12.9,13.9,15.6,17.4,18.7,19.5,19.8,19.5,18.9,18.3,17.4,16.5,15.8,15.2,15.2,15.1,15,
新竹,2025/02/05 00:00:00,CH4,2.01,2.01,2.02,2.03,2.02,2.03,2.06,2.06,2.05,1.99,1.99,1.97,1.96,1.97,1.99,1.99,2.01,2.02,2.05,2.07,2.1,2.06,2.06,2.12,
新竹,2025/02/05 00:00:00,CO,0.28,0.27,0.26,0.25,0.25,0.27,0.29,0.36,0.43,0.33,0.31,0.29,0.27,0.27,0.28,0.28,0.32,0.39,0.43,0.42,0.47,0.4,0.38,0.35,
新竹,2025/02/05 00:00:00,NMHC,0.05,0.05,0.04,0.04,0.06,0.06,0.06,0.08,0.1,0.07,0.07,0.07,0.08,0.08,0.07,0.1,0.11,0.16,0.17,0.15,0.22,0.13,0.11,0.11,
新竹,2025/02/05 00:00:00,NO,0.4,0.5,0.6,0.7,0.5,0.4,0.6,1.5,2.7,2.8,2.3,2,2.1,1.6,1.3,1.4,1.3,1.3,1,0.9,1.1,1.1,0.8,0.5,
新竹,2025/02/05 00:00:00,NO2,6.6,5.8,6.4,6.5,6.5,7.5,11.9,15.4,17.3,13.3,10.6,9.5,9.5,8.7,9.8,11.4,14.8,19.8,21.1,19.9,23.5,21.1,15.6,15.4,
新竹,2025/02/05 00:00:00,NOx,7,6.3,7,7.2,7.1,7.9,12.5,17,20.1,16.1,12.9,11.5,11.6,10.4,11.2,12.9,16.2,21.1,22.1,20.8,24.6,22.2,16.4,16,
新竹,2025/02/05 00:00:00,O3,43.6,43.2,41.7,41.7,40.7,38.2,34.4,30.8,30.6,36,39.1,41.7,45.8,47.8,46.2,40.4,33.3,25.9,22.4,22.4,16.2,20.6,23.3,21.1,
新竹,2025/02/05 00:00:00,PM10,26,24,23,23,22,29,27,30,33,26,26,21,22,24,22,22,23,30,29,24,26,22,17,16,
新竹,2025/02/05 00:00:00,PM2.5,*,14,18,20,21,15,21,19,19,13,11,11,11,14,10,12,11,18,15,12,14,13,11,13,
新竹,2025/02/05 00:00:00,RAINFALL,0,0,0,0,0,0,0,0,0,0,0,0,0,0,0,0,0,0,0,0,0,0,0,0,
新竹,2025/02/05 00:00:00,RH,48,50,51,52,54,58,60,60,58,52,46,42,41,41,42,45,50,53,57,59,63,63,65,66,
新竹,2025/02/05 00:00:00,SO2,1.5,2,1.8,1.8,2,2.2,2.2,2.2,2.1,2.1,1.6,0.9,0.6,0.4,0.5,0.6,0.4,0.3,0.3,0.5,0.8,1,0.5,0.7,
新竹,2025/02/05 00:00:00,THC,2.06,2.06,2.06,2.07,2.08,2.09,2.12,2.14,2.15,2.06,2.06,2.04,2.04,2.05,2.06,2.09,2.12,2.18,2.22,2.22,2.32,2.19,2.17,2.23,
新竹,2025/02/05 00:00:00,WD_HR,48,48,45,44,58,57,50,47,40,48,48,46,29,35,46,38,41,47,47,40,45,56,56,50,
新竹,2025/02/05 00:00:00,WIND_DIREC,48,42,43,48,52,44,53,49,43,45,61,33,35,40,44,47,46,45,45,36,46,73,37,53,
新竹,2025/02/05 00:00:00,WIND_SPEED,2.1,2.3,1.9,1.6,1.6,1.4,1.9,1.4,2.1,2.9,1.9,1.7,1.8,1.8,1.9,2,1.7,1.8,1.3,1.1,1,1.1,0.6,0.4,
新竹,2025/02/05 00:00:00,WS_HR,2.1,2,1.8,1.7,1.6,1.4,1.7,1.6,1.4,2.2,1.6,1.3,1.6,1.4,1.4,1.8,1.3,1.5,1.3,1,1,0.8,0.7,0.7,
新竹,2025/02/06 00:00:00,AMB_TEMP,15.1,15.1,15.2,15.1,15.1,15,15.1,15.2,15.4,15.9,16.7,17.6,19.1,20.2,20.6,20.2,19.7,18.8,18.1,17.6,17.2,17,16.8,16.7,
新竹,2025/02/06 00:00:00,CH4,2.11,2.13,2.19,2.14,2.14,2.16,2.14,2.12,2.05,2.09,2.03,1.99,1.99,1.99,2.03,2.03,2.08,2.12,2.14,2.13,2.09,2.08,2.06,2.03,
新竹,2025/02/06 00:00:00,CO,0.3,0.26,0.27,0.25,0.25,0.25,0.26,0.38,0.43,0.46,0.4,0.37,0.34,0.33,0.36,0.36,0.4,0.48,0.56,0.6,0.49,0.46,0.36,0.26,
新竹,2025/02/06 00:00:00,NMHC,0.08,0.07,0.08,0.07,0.07,0.06,0.06,0.09,0.09,0.12,0.13,0.12,0.09,0.11,0.12,0.12,0.18,0.2,0.27,0.38,0.2,0.14,0.14,0.07,
新竹,2025/02/06 00:00:00,NO,0.6,0.4,0.4,0.4,0.3,0.3,0.3,1,2.5,3.5,3.8,3.9,3.5,2.1,1.3,1.1,1.2,1,0.9,1.3,1.3,0.6,0.5,0.2,
新竹,2025/02/06 00:00:00,NO2,13,9,10.5,8.4,8.9,8,10.2,16.4,21.1,22.8,19.8,17.3,13.9,12,13.1,14.1,20.2,24.6,27.7,32.3,28.6,20.3,16.3,12,
新竹,2025/02/06 00:00:00,NOx,13.6,9.5,10.9,8.8,9.2,8.3,10.6,17.5,23.6,26.3,23.7,21.2,17.4,14.2,14.4,15.2,21.4,25.7,28.7,33.6,29.9,20.9,16.8,12.3,
新竹,2025/02/06 00:00:00,O3,23.1,25.8,24.4,26.7,26.8,26.1,25.1,18.3,16.9,15.6,23.1,26.7,12.5,23.5,31.6,32,22.2,17.1,10.8,7.3,10.4,17.2,23.8,30.5,
新竹,2025/02/06 00:00:00,PM10,*,21,9,14,24,12,10,16,8,19,13,16,#,13,23,21,21,20,27,21,18,14,11,11,
新竹,2025/02/06 00:00:00,PM2.5,22,9,10,11,23,8,13,10,10,11,8,#,#,15,13,16,15,17,17,18,15,15,11,13,
新竹,2025/02/06 00:00:00,RAINFALL,0,0,0,0,0,0,0,0,0,0,0,0,0,0,0,0,0,0,0,0,0,0,0,0,
新竹,2025/02/06 00:00:00,RH,66,68,69,71,74,76,77,76,78,77,73,70,63,57,57,59,66,71,75,78,79,80,82,85,
新竹,2025/02/06 00:00:00,SO2,0.8,1.7,1.5,1.4,1.4,1.4,1.3,1.3,1.4,1.7,1.7,#,1.1,1,0.9,0.9,1.4,1,0.9,1.4,0.9,0.5,0.6,1,
新竹,2025/02/06 00:00:00,THC,2.19,2.2,2.27,2.21,2.21,2.22,2.2,2.21,2.14,2.21,2.16,2.11,2.08,2.1,2.15,2.15,2.26,2.32,2.41,2.51,2.29,2.22,2.2,2.1,
新竹,2025/02/06 00:00:00,WD_HR,45,40,43,55,54,51,48,69,64,55,59,63,57,310,308,299,41,46,46,36,52,47,30,46,
新竹,2025/02/06 00:00:00,WIND_DIREC,45,46,21,48,47,68,44,67,69,61,53,23,99,285,290,46,38,39,53,35,49,29,29,47,
新竹,2025/02/06 00:00:00,WIND_SPEED,0.8,0.7,0.4,0.8,0.9,0.3,0.4,0.9,1,1,1.3,0.9,0.9,0.5,1.3,0.5,1.4,0.6,1.2,1.3,1.4,1,1.6,0.6,
新竹,2025/02/06 00:00:00,WS_HR,0.8,0.7,0.5,0.6,0.7,0.5,0.4,0.8,1,0.7,1,1.2,0.9,0.4,0.5,1.1,1.1,0.8,1.2,1.2,1.5,1,1.4,1.2,
新竹,2025/02/07 00:00:00,AMB_TEMP,16.4,16.2,16.1,15.9,15.1,14.3,14.3,14.2,14.4,14.4,14.5,14.3,14.1,14.2,12.9,12.9,13.1,13,12.8,12.3,12.4,12.4,12.3,11.7,
新竹,2025/02/07 00:00:00,CH4,2.01,2,2.07,2.01,1.98,1.99,1.98,1.99,1.98,1.98,1.99,1.97,1.96,1.96,1.96,1.98,1.97,1.99,2,1.99,2,2.02,2.03,2.02,
新竹,2025/02/07 00:00:00,CO,0.24,0.24,0.24,0.26,0.26,0.26,0.27,0.3,0.31,0.27,0.29,0.26,0.24,0.25,0.25,0.26,0.26,0.28,0.29,0.27,0.28,0.32,0.34,0.31,
新竹,2025/02/07 00:00:00,NMHC,0.05,0.05,0.04,0.05,0.03,0.03,0.04,0.04,0.06,0.06,0.06,0.07,0.05,0.05,0.06,0.06,0.07,0.07,0.06,0.05,0.07,0.09,0.08,0.05,
新竹,2025/02/07 00:00:00,NO,0.2,0.7,0.8,0.7,0.8,0.6,0.7,0.8,0.9,1.2,1.7,1.7,1.4,1.3,0.9,1.3,1.3,1,0.8,0.7,0.8,0.9,0.8,0.7,
新竹,2025/02/07 00:00:00,NO2,9.2,5.1,6,6.1,4.4,3.9,5.4,7.7,10,8.7,10.3,9.9,7.8,7.1,7.1,9,8.9,9.2,8.4,7.3,6.8,9.3,10.9,7.4,
新竹,2025/02/07 00:00:00,NOx,9.5,5.9,6.8,6.9,5.3,4.5,6.2,8.5,11,9.9,12.1,11.7,9.2,8.5,8.1,10.4,10.2,10.2,9.2,8,7.6,10.2,11.8,8.2,
新竹,2025/02/07 00:00:00,O3,35.8,41.1,37.6,38.4,42.7,43.4,41.5,39.4,37.1,38.5,35.4,36.4,39.2,39.8,40.7,38.6,39.2,38.3,38.7,40,39.5,34.8,34,36.9,
新竹,2025/02/07 00:00:00,PM10,12,10,7,4,0,0,5,4,3,7,8,11,10,13,12,21,31,36,37,29,25,26,29,21,
新竹,2025/02/07 00:00:00,PM2.5,9,8,11,6,6,5,5,6,7,4,5,5,5,7,11,12,15,18,9,17,16,15,22,18,
新竹,2025/02/07 00:00:00,RAINFALL,0,0,0,0,0,0,0,0,0,0,0,0,0,0,0,0,0,0,0,0,0,0,0,0,
新竹,2025/02/07 00:00:00,RH,87,91,94,93,93,93,91,88,87,85,84,84,81,80,82,75,65,64,64,70,68,70,74,80,
新竹,2025/02/07 00:00:00,SO2,1.3,1.2,0.9,1,1,1,1.4,1.8,2.1,2.2,2.1,2.2,2,1.9,2,2.3,2.1,2.3,2.6,2.6,2.5,2.9,2.6,2.6,
新竹,2025/02/07 00:00:00,THC,2.06,2.05,2.11,2.06,2.01,2.02,2.02,2.03,2.04,2.04,2.05,2.04,2.01,2.01,2.02,2.04,2.04,2.06,2.06,2.04,2.07,2.11,2.11,2.07,
新竹,2025/02/07 00:00:00,WD_HR,41,37,43,29,29,32,32,30,31,30,35,30,32,36,32,35,50,41,34,29,36,41,30,34,
新竹,2025/02/07 00:00:00,WIND_DIREC,40,59,43,28,30,41,33,20,28,30,38,28,28,33,29,35,49,39,32,27,46,40,36,44,
新竹,2025/02/07 00:00:00,WIND_SPEED,2.1,1.1,1.5,3.2,4.4,3.3,4,3.5,4.1,3.5,3.2,5.7,4.6,5.1,4.9,4.8,4.4,4.5,4.6,4.7,4.1,3.5,3.7,4.7,
新竹,2025/02/07 00:00:00,WS_HR,1.2,1.9,1.3,2.3,3.1,3.3,2.9,2.9,3.3,3.4,3,3.3,3.9,3.7,4.5,3.8,3.8,3.7,3.5,4.5,3.4,3.1,3.6,3.6,
新竹,2025/02/08 00:00:00,AMB_TEMP,11.4,11.2,11.1,11,10.8,10.7,10.8,10.8,10.9,10.9,10.8,10.7,10.4,10.3,10.4,10.3,10.2,9.9,9.4,9.8,10.2,10.4,10.5,10.7,
新竹,2025/02/08 00:00:00,CH4,2,2,1.99,1.97,1.98,2,2,1.99,1.98,1.97,1.97,1.97,1.96,1.96,1.97,1.96,1.96,1.96,1.97,1.98,1.99,1.98,1.97,1.98,
新竹,2025/02/08 00:00:00,CO,0.28,0.26,0.25,0.23,0.23,0.25,0.26,0.28,0.29,0.27,0.26,0.26,0.24,0.22,0.23,0.24,0.24,0.25,0.25,0.26,0.26,0.26,0.22,0.22,
新竹,2025/02/08 00:00:00,NMHC,0.05,0.05,0.03,0.04,0.05,0.06,0.05,0.05,0.05,0.06,0.05,0.05,0.05,0.05,0.05,0.06,0.06,0.06,0.06,0.07,0.08,0.08,0.04,0.05,
新竹,2025/02/08 00:00:00,NO,0.8,0.8,0.6,0.6,0.7,0.5,0.7,1,1.2,1.6,1.5,1.9,1.7,1.4,1.5,1.2,1.2,0.9,0.9,0.8,0.6,0.9,0.8,0.7,
新竹,2025/02/08 00:00:00,NO2,5.1,4.6,4,3.7,4.2,5.5,5.9,6.9,7.3,7,7.2,7,6.7,6.6,7.3,7.5,7.8,6.9,7.7,8.6,10.5,10.1,7.5,6.4,
新竹,2025/02/08 00:00:00,NOx,5.9,5.5,4.6,4.4,4.9,6.1,6.6,7.9,8.5,8.7,8.7,9,8.4,8.1,8.8,8.7,9.1,7.9,8.6,9.4,11.2,11.1,8.3,7.2,
新竹,2025/02/08 00:00:00,O3,36.7,36.2,37,37.9,36.3,32.9,32.5,31.2,31.4,31.9,31.9,32.8,34.4,34.9,33.9,32.7,33.2,34.4,33.7,33.9,31.1,30.5,33.9,33.2,
新竹,2025/02/08 00:00:00,PM10,18,16,25,31,40,40,37,47,51,60,54,44,46,30,34,31,37,29,21,24,25,21,18,19,
新竹,2025/02/08 00:00:00,PM2.5,16,17,16,19,17,20,17,20,19,25,18,15,13,12,11,14,16,11,13,13,11,16,13,12,
新竹,2025/02/08 00:00:00,RAINFALL,0,0,0,0,0,0,0,0,0,0,0,0,0,0,0,0,0,0,0,0,0,0,0,0,
新竹,2025/02/08 00:00:00,RH,80,79,75,72,71,74,73,67,63,60,58,58,57,58,60,62,61,65,71,66,62,63,65,65,
新竹,2025/02/08 00:00:00,SO2,2.5,1.9,1.8,2.1,1.9,2,2.3,2,2,1.9,1.9,1.9,1.9,2.1,2,2.1,2.2,2.1,2.3,2.7,3,3.1,2.4,2.5,
新竹,2025/02/08 00:00:00,THC,2.05,2.05,2.02,2.01,2.03,2.06,2.05,2.04,2.03,2.03,2.02,2.02,2.01,2.01,2.02,2.02,2.02,2.02,2.03,2.05,2.07,2.06,2.01,2.03,
新竹,2025/02/08 00:00:00,WD_HR,34,34,33,44,44,51,44,40,36,32,36,35,38,38,34,41,37,38,47,38,38,39,44,36,
新竹,2025/02/08 00:00:00,WIND_DIREC,30,37,36,41,50,50,49,41,28,28,42,27,36,39,45,42,34,42,51,34,28,40,39,34,
新竹,2025/02/08 00:00:00,WIND_SPEED,4.1,4.8,4.3,4.1,4.4,4.2,4.4,5.1,6.3,5.4,5.4,5.2,5.2,4.4,4.4,4.6,4.3,4.4,4.3,4.1,3.9,4.3,3.5,3.6,
新竹,2025/02/08 00:00:00,WS_HR,3.6,3.7,3.8,3.5,3.5,3.5,3.6,3.6,4.1,4.3,4.1,3.9,4.3,3.6,3.6,3.6,3.6,3.6,3.6,3.4,3,3.2,3.3,2.9,
新竹,2025/02/09 00:00:00,AMB_TEMP,10.9,10.9,10.8,10.7,10.5,10.4,10.5,10.7,11.4,12.6,13.4,13.8,13.9,13.5,13.2,13,12.8,12.6,12.2,12.2,12.2,12.2,12.4,12.5,
新竹,2025/02/09 00:00:00,CH4,1.97,1.98,1.98,1.98,1.99,1.97,2,1.99,1.99,1.96,1.95,1.95,1.94,1.94,1.94,1.94,1.95,1.96,1.98,1.98,1.98,1.97,1.98,2.02,
新竹,2025/02/09 00:00:00,CO,0.21,0.2,0.2,0.19,0.2,0.2,0.21,0.23,0.24,0.24,0.25,0.25,0.22,0.22,0.22,0.22,0.23,0.25,0.27,0.26,0.25,0.25,0.22,0.21,
新竹,2025/02/09 00:00:00,NMHC,0.05,0.04,0.04,0.04,0.05,0.04,0.06,0.06,0.06,0.05,0.05,0.05,0.04,0.04,0.04,0.04,0.03,0.05,0.06,0.05,0.05,0.06,0.03,0.03,
新竹,2025/02/09 00:00:00,NO,0.7,0,0.2,0.2,0.1,0.2,0.3,0.4,0.8,1.2,1.1,1.2,1,0.8,0.7,0.8,0.4,0.1,0.1,0.3,0.3,0.2,0.1,0.2,
新竹,2025/02/09 00:00:00,NO2,5.7,5.5,5.5,4.4,5.1,4.7,5.9,7.1,7.4,5.8,5.6,6.4,5.1,5,5.1,5.2,5.5,6.4,8.2,8.6,7.9,7.5,7.1,6.3,
新竹,2025/02/09 00:00:00,NOx,6.4,5.6,5.7,4.7,5.3,4.9,6.2,7.5,8.2,7.1,6.8,7.7,6.2,5.8,5.9,6.1,5.9,6.6,8.3,9,8.3,7.7,7.2,6.6,
新竹,2025/02/09 00:00:00,O3,34.5,34.8,33.7,34.6,33.2,35,31.2,31.2,31.9,35.5,37.2,36.8,38.4,39.4,40.9,41.7,42.2,41.6,38.6,38.6,38.6,38.4,38.9,39.3,
新竹,2025/02/09 00:00:00,PM10,23,16,21,14,18,10,7,6,6,8,18,10,12,22,20,21,21,23,23,23,20,15,16,16,
新竹,2025/02/09 00:00:00,PM2.5,9,11,15,12,13,11,9,8,11,9,9,8,13,9,9,9,11,12,13,13,14,9,10,8,
新竹,2025/02/09 00:00:00,RAINFALL,0,0,0,0,0,0,0,0,0,0,0,0,0,0,0,0,0,0,0,0,0,0,0,0,
新竹,2025/02/09 00:00:00,RH,64,65,68,71,76,79,80,79,76,70,66,64,64,65,66,65,65,66,69,70,70,69,69,69,
新竹,2025/02/09 00:00:00,SO2,2.3,1.6,1.5,1.7,1.5,1.6,1.6,1.7,1.9,1.5,1.7,1.2,0.8,0.4,0.2,0.3,0.6,0.6,0.8,1.3,1.5,1.4,1.3,1.1,
新竹,2025/02/09 00:00:00,THC,2.02,2.02,2.02,2.02,2.04,2.01,2.06,2.05,2.05,2.01,2,2,1.98,1.98,1.98,1.98,1.98,2.01,2.04,2.03,2.03,2.03,2.01,2.05,
新竹,2025/02/09 00:00:00,WD_HR,39,38,44,39,43,45,45,41,44,40,30,38,42,34,36,37,39,42,49,48,47,48,45,44,
新竹,2025/02/09 00:00:00,WIND_DIREC,30,29,47,38,48,43,49,51,38,50,28,35,26,33,33,53,30,37,51,44,52,43,46,50,
新竹,2025/02/09 00:00:00,WIND_SPEED,3.6,3.4,3.2,3,3.5,2.6,2.8,2.8,3.7,4,4.3,4,4.8,4.2,4.6,4.4,4.4,2.9,2.6,3.2,2.9,2.8,1.9,1.4,
新竹,2025/02/09 00:00:00,WS_HR,2.7,2.7,2.6,2.6,2.3,2.5,2.3,2.4,2.8,3.3,3.5,3.2,3.4,3.7,3.8,3.4,3.3,2.8,2.2,2.6,2.2,2.3,2.1,1.3,
新竹,2025/02/10 00:00:00,AMB_TEMP,12.4,12.3,12.7,13.2,13.2,13.4,13.4,13.5,14.5,17.1,19.3,20.7,21.2,21.5,21.7,20.8,20.3,19.6,18.1,17.3,16.8,16.5,16,15.8,
新竹,2025/02/10 00:00:00,CH4,2.16,2.22,2.15,2.16,2.24,2.21,2.28,2.25,2.12,1.96,1.95,1.96,1.96,1.96,1.97,1.98,1.97,1.98,2.01,2.03,2.02,2.07,2.07,2.19,
新竹,2025/02/10 00:00:00,CO,0.22,0.22,0.19,0.19,0.2,0.22,0.28,0.41,0.5,0.3,0.28,0.27,0.28,0.26,0.28,0.29,0.28,0.34,0.38,0.38,0.4,0.43,0.42,0.45,
新竹,2025/02/10 00:00:00,NMHC,0.04,0.07,0.04,0.05,0.07,0.07,0.1,0.13,0.12,0.05,0.06,0.07,0.05,0.06,0.06,0.05,0.07,0.11,0.11,0.11,0.11,0.12,0.11,0.14,
新竹,2025/02/10 00:00:00,NO,0.1,0.3,0.2,0.2,0.1,0.3,0.7,4.8,8,4.2,3,2.1,1.4,1.6,1.4,1.4,1,0.7,0.5,0.4,0.6,0.5,0.5,0.4,
新竹,2025/02/10 00:00:00,NO2,6,8,6.2,5.1,7.3,16.5,16.9,29.2,25.2,11.6,9.8,9.3,8.1,8.6,9.4,8.8,9.3,12.6,16.3,15.4,16.7,19.2,19.5,18.3,
新竹,2025/02/10 00:00:00,NOx,6.1,8.4,6.5,5.4,7.5,16.8,17.7,34,33.3,15.9,12.8,11.4,9.5,10.3,10.9,10.2,10.3,13.3,16.8,15.8,17.3,19.8,20,18.7,
新竹,2025/02/10 00:00:00,O3,37.6,34.9,36,36,31.6,20.6,20.7,10.2,15.4,30.1,35.5,43,46.9,50.5,49,46.2,42.6,33.8,26.1,26.6,23.9,20.1,19.5,16,
新竹,2025/02/10 00:00:00,PM10,10,13,9,9,13,11,18,13,17,12,9,20,20,18,21,27,27,16,16,15,10,17,14,8,
新竹,2025/02/10 00:00:00,PM2.5,8,11,9,7,8,9,10,11,12,12,6,7,12,11,12,13,10,8,9,10,10,10,7,7,
新竹,2025/02/10 00:00:00,RAINFALL,0,0,0,0,0,0,0,0,0,0,0,0,0,0,0,0,0,0,0,0,0,0,0,0,
新竹,2025/02/10 00:00:00,RH,71,72,71,70,70,70,71,72,70,60,52,48,50,50,50,53,53,53,60,64,66,68,70,72,
新竹,2025/02/10 00:00:00,SO2,1.3,1.3,1.2,1.1,1.2,1.8,1,1,0.8,0.5,0,0,0,0.5,0.6,0.6,0.4,0,#,#,#,0,0,#,
新竹,2025/02/10 00:00:00,THC,2.2,2.29,2.19,2.21,2.31,2.28,2.38,2.38,2.24,2.01,2.01,2.03,2.01,2.02,2.03,2.03,2.04,2.09,2.12,2.14,2.13,2.19,2.18,2.33,
新竹,2025/02/10 00:00:00,WD_HR,46,47,37,44,44,67,47,39,62,61,32,37,12,38,18,47,40,46,47,41,56,39,55,111,
新竹,2025/02/10 00:00:00,WIND_DIREC,58,47,35,44,47,58,96,35,74,55,28,60,23,24,302,58,31,52,46,44,48,40,44,149,
新竹,2025/02/10 00:00:00,WIND_SPEED,0.3,0.8,1,0.6,0.9,0.5,0.4,0.9,1.7,1.2,1.9,1.3,1.8,1.6,1.7,1.9,2.8,1.7,1.6,1.6,1.2,1.1,1,0.4,
新竹,2025/02/10 00:00:00,WS_HR,0.8,0.7,1,0.9,0.4,0.7,0.6,0.6,1,1.4,0.8,0.7,0.5,1.3,0.6,1.1,1.3,1.8,1.6,1.5,1.2,1,1,0.2,
新竹,2025/02/11 00:00:00,AMB_TEMP,15,14.6,14.2,13.9,13.6,13.5,13.6,13.9,15.9,17.9,18.9,19.8,20.7,21.3,21.2,19.9,18.3,17.5,17.4,17.3,16.8,16.8,16.8,16.7,
新竹,2025/02/11 00:00:00,CH4,2.45,2.5,2.7,2.65,2.25,2.26,2.22,2.37,2.51,2.23,2.1,2.02,2.03,1.99,1.95,1.93,1.96,1.97,1.99,1.97,1.93,1.97,2.02,2.02,
新竹,2025/02/11 00:00:00,CO,0.51,0.45,0.44,0.41,0.28,0.29,0.33,0.79,1.09,0.55,0.35,0.31,0.32,0.28,0.25,0.22,0.25,0.29,0.39,0.31,0.24,0.29,0.28,0.26,
新竹,2025/02/11 00:00:00,NMHC,0.2,0.19,0.2,0.2,0.1,0.1,0.1,0.25,0.36,0.19,0.13,0.09,0.08,0.05,0.03,0.1,0.22,0.1,0.09,0.05,0.02,0.04,0.05,0.05,
新竹,2025/02/11 00:00:00,NO,0.9,0.6,1.1,4.5,1.8,2.2,2.3,29.5,42.6,30.6,11.4,3.7,2.9,1.6,1.3,1.5,1.1,0.5,0.3,0.3,0,0.2,0.3,0.4,
新竹,2025/02/11 00:00:00,NO2,24.4,20.2,19.2,22.4,14.9,16.8,16.5,22.8,28.8,26.1,18.6,12.8,12.5,9.4,8.2,9.4,9.2,10.3,13.7,13.8,11.7,14.2,15.9,15,
新竹,2025/02/11 00:00:00,NOx,25.4,20.8,20.4,26.9,16.7,19,18.8,52.3,71.4,56.7,30,16.5,15.5,11,9.6,10.9,10.3,10.8,14,14.1,11.7,14.4,16.3,15.4,
新竹,2025/02/11 00:00:00,O3,5.2,6.5,3.8,0,4.2,3.6,5.8,2.5,3.8,7.1,21.3,33.7,41.5,50.6,50.8,42.1,43.5,39.9,32.2,32.3,31.5,25.4,20.2,22.3,
新竹,2025/02/11 00:00:00,PM10,16,17,22,20,12,11,8,15,24,31,27,23,16,19,15,27,38,36,47,41,42,48,61,62,
新竹,2025/02/11 00:00:00,PM2.5,12,13,12,16,11,11,9,9,14,17,20,14,17,10,10,11,14,14,19,14,10,15,20,20,
新竹,2025/02/11 00:00:00,RAINFALL,0,0,0,0,0,0,0,0,0,0,0,0,0,0,0,0,0,0,0,0,0,0,0,0,
新竹,2025/02/11 00:00:00,RH,77,80,82,83,83,82,80,79,73,67,65,61,58,54,60,76,84,89,91,92,94,94,93,93,
新竹,2025/02/11 00:00:00,SO2,0,0.8,1,1.5,1.4,1.3,1.6,1.7,2.3,3.3,3.5,1.6,1.4,1.9,1.6,1.3,0.9,0.7,0.3,0.4,0.2,0.8,0.6,0.6,
新竹,2025/02/11 00:00:00,THC,2.65,2.69,2.9,2.85,2.35,2.36,2.32,2.62,2.87,2.42,2.23,2.11,2.11,2.04,1.98,2.03,2.18,2.07,2.08,2.02,1.95,2.01,2.07,2.07,
新竹,2025/02/11 00:00:00,WD_HR,191,129,139,102,61,68,59,150,241,282,248,265,290,301,288,292,294,293,291,293,298,271,213,262,
新竹,2025/02/11 00:00:00,WIND_DIREC,144,56,154,103,70,82,91,157,247,291,235,290,293,283,291,290,292,298,290,286,305,275,186,278,
新竹,2025/02/11 00:00:00,WIND_SPEED,0.5,0.2,0.4,0.2,0.7,0.3,0.3,0.4,1.2,1.5,1.9,2,1.6,1.9,3.1,2.5,1.3,2.1,1.2,1.3,1.5,0.6,0.6,0.8,
新竹,2025/02/11 00:00:00,WS_HR,0.4,0.2,0.4,0.3,0.6,0.3,0.4,0.5,0.6,1,1.7,1.3,1.1,1.2,1.8,1.9,1.6,1.8,1,1.2,1.6,0.9,0.4,1,
新竹,2025/02/12 00:00:00,AMB_TEMP,16.1,16,15.8,15.8,15.9,16.2,16.1,16,16.5,17.9,19.3,20.1,21,20.6,18.9,18.3,17.7,16.9,16.4,16.3,16.7,17.1,17.2,17.3,
新竹,2025/02/12 00:00:00,CH4,1.96,1.96,1.96,1.99,2.03,2.12,2.1,2.04,2.08,2.08,2.1,#,2.16,2.45,2.18,2.08,2.05,2.01,2.02,2.06,2.1,2.13,2.1,2.08,
新竹,2025/02/12 00:00:00,CO,0.21,0.2,0.2,0.2,0.21,0.24,0.26,0.32,0.44,0.47,0.48,#,0.56,0.88,0.51,0.41,0.4,0.38,0.34,0.35,0.41,0.43,0.37,0.33,
新竹,2025/02/12 00:00:00,NMHC,0.03,0.06,0.05,0.06,0.07,0.09,0.09,0.12,0.19,0.19,0.17,#,0.21,0.4,0.18,0.13,0.11,0.08,0.06,0.14,0.17,0.15,0.12,0.14,
新竹,2025/02/12 00:00:00,NO,0.2,0.6,0.6,0.7,0.8,0.7,0.8,1,2.6,9.3,15.2,#,15.3,#,10.6,5.5,2.9,1.1,0.4,0.3,0.5,0.8,0.7,0.3,
新竹,2025/02/12 00:00:00,NO2,8.8,8.5,6.9,5.9,6,7.9,9.5,11.5,16.1,21.9,19.3,#,21.5,#,27.2,21.4,24.9,21.5,17.2,13.5,17.1,21.4,21.5,14.1,
新竹,2025/02/12 00:00:00,NOx,9,9.1,7.5,6.6,6.9,8.6,10.3,12.5,18.7,31.2,34.6,#,36.8,#,37.8,27,27.9,22.7,17.7,13.8,17.7,22.2,22.3,14.5,
新竹,2025/02/12 00:00:00,O3,30.2,29.5,31.7,32.3,30.9,22.6,21.4,20.8,15.9,8,5.3,5.9,#,3.7,4.2,7.3,11.6,14.7,20.9,24.6,20.9,16.8,17,25.6,
新竹,2025/02/12 00:00:00,PM10,42,58,45,45,56,63,79,84,56,49,44,41,#,63,61,45,34,25,20,19,15,17,5,13,
新竹,2025/02/12 00:00:00,PM2.5,22,20,14,15,16,18,18,21,29,30,30,#,27,50,35,30,27,22,21,18,16,15,10,8,
新竹,2025/02/12 00:00:00,RAINFALL,0,0,0,0,0,0,0,0,0,0,0,#,#,0,0.5,0,0.5,1,2.5,2.5,3.5,2,2.5,2.5,
新竹,2025/02/12 00:00:00,RH,94,95,94,95,95,94,94,96,93,88,86,86,82,89,94,95,95,97,97,97,98,98,98,98,
新竹,2025/02/12 00:00:00,SO2,0.3,1.4,1.5,1.2,1.2,1.3,1.3,1.3,1.7,1.7,1.6,#,2.2,3,2.1,1.7,1.5,1.5,1.3,1.7,1.8,2,2.2,2.1,
新竹,2025/02/12 00:00:00,THC,1.99,2.02,2.01,2.05,2.1,2.21,2.19,2.16,2.27,2.27,2.27,#,2.37,2.85,2.36,2.21,2.16,2.09,2.08,2.2,2.27,2.28,2.22,2.22,
新竹,2025/02/12 00:00:00,WD_HR,282,273,297,346,331,189,7,37,43,79,63,129,243,292,300,300,296,303,14,40,51,50,46,48,
新竹,2025/02/12 00:00:00,WIND_DIREC,298,284,312,61,198,60,31,26,68,72,71,87,273,300,299,308,291,289,45,43,53,48,36,51,
新竹,2025/02/12 00:00:00,WIND_SPEED,1.1,0.5,0.7,0.3,0.3,0.3,0.5,1.6,1.2,1.1,0.6,0.4,0.9,1.6,1.9,1.1,1.4,0.5,1,1.2,1,1,1.4,2.1,
新竹,2025/02/12 00:00:00,WS_HR,0.9,0.6,0.8,0.3,0.2,0.3,0.4,1.2,1,0.9,0.5,0.5,0.3,0.7,1.5,1.2,1.2,0.5,0.4,0.9,1.1,0.8,1.1,1.3,
新竹,2025/02/13 00:00:00,AMB_TEMP,17.2,16.2,15.5,15.2,14.8,14.3,14,13.7,13.7,14.1,14.6,15.4,15.9,16.1,16.3,15.9,15.4,15.3,15.3,15.3,15.3,15.3,15.4,15.6,
新竹,2025/02/13 00:00:00,CH4,2.05,2.01,2.03,2.05,2.05,2.04,2.03,2.04,2.05,2.04,2.04,2.02,1.99,1.97,1.97,1.98,1.97,1.98,1.98,1.97,1.97,1.97,1.98,1.99,
新竹,2025/02/13 00:00:00,CO,0.35,0.4,0.43,0.46,0.47,0.47,0.44,0.53,0.58,0.54,0.52,0.46,0.36,0.3,0.32,0.34,0.35,0.36,0.35,0.32,0.31,0.29,0.26,0.24,
新竹,2025/02/13 00:00:00,NMHC,0.11,0.07,0.06,0.07,0.09,0.07,0.07,0.08,0.1,0.1,0.12,0.12,0.08,0.06,0.08,0.09,0.1,0.09,0.09,0.07,0.07,0.06,0.06,0.05,
新竹,2025/02/13 00:00:00,NO,0.4,1.2,1,1.1,1,1.1,1.2,1.5,1.8,2.1,2.6,2.8,2.5,2,2.1,1.8,1.8,1.6,1.5,1.3,1.4,1.3,1.1,1.1,
新竹,2025/02/13 00:00:00,NO2,12,7.7,5.9,6.7,7.6,7.3,8.2,10.1,13.1,12.7,13.9,14.2,11.4,8.4,9.3,11.7,13.1,12.9,11.9,9.7,9.3,9,7.9,7,
新竹,2025/02/13 00:00:00,NOx,12.5,8.9,6.9,7.9,8.7,8.5,9.5,11.7,14.9,14.8,16.5,17,14,10.5,11.4,13.6,15,14.6,13.4,11,10.8,10.3,9.1,8.1,
新竹,2025/02/13 00:00:00,O3,25.2,28,30.4,28.1,27,26,26.2,27,29,32.1,30.8,31.9,36,38.3,36.8,33.6,32.5,31.4,31.3,33.6,33.4,33.5,34.5,34.7,
新竹,2025/02/13 00:00:00,PM10,9,12,23,*,20,10,7,6,5,4,7,6,13,16,18,23,21,28,16,18,21,16,11,12,
新竹,2025/02/13 00:00:00,PM2.5,7,12,21,21,19,11,9,9,6,6,10,12,14,13,11,20,19,10,12,18,11,10,14,9,
新竹,2025/02/13 00:00:00,RAINFALL,1.5,1,1,1,1.5,3.5,4,6,3,0,0,0,0,0,0,0,0,0,0,0,0,0,0,0,
新竹,2025/02/13 00:00:00,RH,98,96,95,95,94,94,95,94,93,89,88,85,81,76,77,81,83,83,81,79,79,80,79,78,
新竹,2025/02/13 00:00:00,SO2,1.9,1.7,1.8,2.2,2.4,2.6,2.8,2.8,3.2,3.3,3,3.1,3.3,2.8,2.8,2.7,2.6,2.9,2.6,2.6,2.3,2.6,2.5,2.8,
新竹,2025/02/13 00:00:00,THC,2.16,2.08,2.09,2.12,2.14,2.11,2.1,2.12,2.15,2.14,2.16,2.14,2.07,2.03,2.05,2.07,2.07,2.07,2.07,2.04,2.04,2.03,2.04,2.04,
新竹,2025/02/13 00:00:00,WD_HR,34,30,38,42,40,45,37,41,39,38,34,28,36,42,35,32,29,32,37,45,49,41,41,35,
新竹,2025/02/13 00:00:00,WIND_DIREC,30,22,49,27,39,29,40,38,42,38,30,26,43,45,31,30,26,27,42,50,42,48,31,46,
新竹,2025/02/13 00:00:00,WIND_SPEED,3.6,4.3,3.8,4.2,3.3,3.2,2.9,2.6,3.5,3.8,3.6,4,3.7,4,3.2,3.9,4,3.9,3.2,3.7,3.4,3.4,2.6,2.4,
新竹,2025/02/13 00:00:00,WS_HR,2.5,3.2,2.9,2.6,2.9,2.7,2.7,2.5,2.8,3.2,3.3,3.4,3.2,3.4,3.1,2.9,3.5,3.1,2.8,3,2.6,2.5,2.1,2.1,
新竹,2025/02/14 00:00:00,AMB_TEMP,15.8,15.9,16,16,16.1,15.5,15.4,15.8,16.8,17.2,17.9,18.9,19.6,18.9,19.2,20.5,19.3,18.6,18.2,18.4,18.3,18,17.8,17.8,
新竹,2025/02/14 00:00:00,CH4,1.99,1.99,2.03,2.07,2.08,2.05,2.08,2.13,2.07,2.02,2,2,1.99,1.97,1.96,1.96,1.98,1.99,2.02,2.07,2.19,2.25,2.24,2.36,
新竹,2025/02/14 00:00:00,CO,0.24,0.21,0.21,0.21,0.21,0.21,0.25,0.38,0.46,0.45,0.43,0.37,0.31,0.24,0.25,0.27,0.32,0.37,0.37,0.55,0.75,0.71,0.64,0.66,
新竹,2025/02/14 00:00:00,NMHC,0.05,0.03,0.04,0.05,0.06,0.05,0.06,0.11,0.14,0.12,0.12,0.12,0.1,0.08,0.1,0.1,0.1,0.1,0.13,0.24,0.33,0.3,0.24,0.28,
新竹,2025/02/14 00:00:00,NO,1.1,1.1,1,1,0.9,1,1.2,2.3,2.9,4.8,5.7,4.2,2.6,1.8,2.1,2.6,1.6,1.3,0.9,1,2.7,4.2,4.3,5.7,
新竹,2025/02/14 00:00:00,NO2,6.6,5.8,5.5,6.8,9.1,7.4,12.1,19.5,21.5,20.8,20.6,17.5,13.4,9.2,8.7,12.2,14.3,14.4,14.7,20.5,29.6,28.9,26.6,27.1,
新竹,2025/02/14 00:00:00,NOx,7.7,6.9,6.5,7.8,10.1,8.5,13.3,21.9,24.5,25.6,26.4,21.7,16,11,10.9,14.8,16,15.7,15.7,21.5,32.3,33.1,31,32.8,
新竹,2025/02/14 00:00:00,O3,34.6,35.5,34.2,31,27.4,28.2,21.9,14.9,18,17.8,18.9,25.7,31.8,36.2,35.2,31,27.5,26.1,25.3,15.3,5.2,3.9,1.2,0.1,
新竹,2025/02/14 00:00:00,PM10,12,12,12,9,7,8,9,9,15,13,12,18,21,25,18,15,18,28,26,24,30,55,111,108,
新竹,2025/02/14 00:00:00,PM2.5,8,7,8,7,4,4,4,7,9,10,9,5,6,7,8,5,9,12,9,12,16,35,85,77,
新竹,2025/02/14 00:00:00,RAINFALL,0,0,0,0,0,0,0,0,0,0,0,0,0,0,0,0,0,0,0,0,0,0,0,0,
新竹,2025/02/14 00:00:00,RH,78,79,80,81,82,91,93,91,85,86,84,79,77,82,82,77,85,89,91,90,91,92,94,94,
新竹,2025/02/14 00:00:00,SO2,2.6,1.2,1.1,1.1,1,0.6,0.8,1,0.8,0.8,0.3,0.2,0,0.1,0,0.1,0,0,0,0.2,0,0.1,0,0,
新竹,2025/02/14 00:00:00,THC,2.04,2.02,2.07,2.12,2.14,2.1,2.14,2.24,2.21,2.14,2.12,2.12,2.09,2.05,2.06,2.06,2.08,2.09,2.15,2.31,2.52,2.55,2.48,2.64,
新竹,2025/02/14 00:00:00,WD_HR,34,44,41,47,62,77,40,38,39,60,72,42,38,39,42,14,304,296,36,69,340,163,160,241,
新竹,2025/02/14 00:00:00,WIND_DIREC,22,42,46,32,134,82,22,36,43,71,48,51,22,29,92,292,300,319,44,184,333,127,143,279,
新竹,2025/02/14 00:00:00,WIND_SPEED,2.7,1.8,1.5,0.4,0.5,0.7,1.1,1.3,1.7,0.5,0.3,1.6,1,2.7,1.6,1.8,0.8,0.4,0.3,0.5,0.4,0.3,0.3,0.7,
新竹,2025/02/14 00:00:00,WS_HR,1.9,1.7,1.5,0.9,0.7,0.6,1,0.8,1.2,0.9,0.5,1.1,0.9,1.4,1.3,0.4,0.6,1.1,0.4,0.1,0.1,0.2,0.2,0.4,
新竹,2025/02/15 00:00:00,AMB_TEMP,17.5,17.1,17.1,16.9,16.3,16.5,16.9,17.4,18,17.9,17.6,17.5,17.9,19.2,20.1,17.6,16.2,16.3,16.4,16.8,17.3,17.1,16.5,16.6,
新竹,2025/02/15 00:00:00,CH4,2.26,2.19,2.16,2.13,1.99,2.06,2.25,2.11,2.12,1.99,1.97,1.94,1.94,1.94,1.96,1.93,1.96,1.98,2.01,2,2.01,2.08,2.05,2.1,
新竹,2025/02/15 00:00:00,CO,0.48,0.32,0.3,0.24,0.16,0.19,0.29,0.37,0.4,0.29,0.27,0.25,0.24,0.24,0.24,0.22,0.23,0.25,0.33,0.32,0.36,0.41,0.36,0.4,
新竹,2025/02/15 00:00:00,NMHC,0.19,0.12,0.1,0.07,0,0.03,0.1,0.1,0.12,0.06,0.04,0.03,0.02,0.02,0.02,0.02,0.02,0.05,0.08,0.07,0.07,0.13,0.11,0.13,
新竹,2025/02/15 00:00:00,NO,5,1.1,0.6,0.8,0.6,0.5,1.1,3.2,5.7,3.6,1.9,1.6,1.4,1.7,1.7,1.2,0.8,0.5,0.7,0.7,0.7,0.6,0.6,0.7,
新竹,2025/02/15 00:00:00,NO2,25.2,18.2,12.1,12.1,6.6,6.1,14.7,14.2,12.5,11.1,8.9,8.3,7.1,7.2,7.7,7.7,6.9,8.5,11.3,12,12.4,15.4,15.3,17,
新竹,2025/02/15 00:00:00,NOx,30.3,19.4,12.7,12.9,7.2,6.7,15.8,17.4,18.2,14.8,10.9,10,8.5,9,9.5,9,7.7,9.1,12,12.7,13.2,16.1,15.9,17.8,
新竹,2025/02/15 00:00:00,O3,1.1,6.4,12.5,17.5,30.3,27.2,11,8.6,14.5,24.8,30,34.6,42,43.8,45.5,47,49.6,48.3,42,38.3,29.3,21.1,23.8,19.8,
新竹,2025/02/15 00:00:00,PM10,89,67,88,60,41,30,29,21,35,43,58,59,62,52,53,52,48,43,61,45,65,70,62,58,
新竹,2025/02/15 00:00:00,PM2.5,61,41,74,37,10,10,18,19,31,18,22,15,19,13,19,19,18,16,27,27,30,37,47,41,
新竹,2025/02/15 00:00:00,RAINFALL,0,0,0,0,0,0,0,0,0,0,0,0,0,0,0,0,0,0,0,0,0,0,0,0,
新竹,2025/02/15 00:00:00,RH,95,96,97,98,100,100,98,93,90,90,91,92,89,83,79,88,94,93,94,93,93,94,97,97,
新竹,2025/02/15 00:00:00,SO2,0,2.1,1.6,1.5,1.6,1.6,1.7,1.8,1.8,1.6,1.7,1.6,1.2,1,1.4,1.7,1.3,1.4,1.2,1.5,1.5,1.6,1.8,1.9,
新竹,2025/02/15 00:00:00,THC,2.45,2.31,2.26,2.2,1.99,2.09,2.35,2.21,2.24,2.05,2.01,1.97,1.96,1.96,1.98,1.95,1.98,2.03,2.09,2.07,2.08,2.21,2.16,2.23,
新竹,2025/02/15 00:00:00,WD_HR,259,244,196,279,335,98,78,50,295,292,297,297,307,292,294,299,334,41,44,67,63,334,46,58,
新竹,2025/02/15 00:00:00,WIND_DIREC,240,252,146,293,48,82,67,69,289,281,1,291,349,304,291,289,31,60,41,69,17,60,61,67,
新竹,2025/02/15 00:00:00,WIND_SPEED,1.2,0.9,0.3,1.2,0.5,0.7,0.4,0.7,2.2,1.9,1,1.7,1.1,1.4,2.7,2.6,1.4,0.7,1,1.5,1,0.5,1.2,0.7,
新竹,2025/02/15 00:00:00,WS_HR,1,1,0.4,0.7,0.1,0.4,0.4,0.5,0.9,1.9,1.6,1.1,1.1,1,1.7,1.8,0.5,0.6,0.7,1.1,1,0.3,0.8,0.6,
新竹,2025/02/16 00:00:00,AMB_TEMP,17,16.9,16.8,16.9,16.8,17.1,17.4,17.6,18.1,18.6,18.9,20.3,21.7,22.3,21.7,21.2,20.1,19.2,18.5,18.1,18.2,17.9,17.5,17.6,
新竹,2025/02/16 00:00:00,CH4,2.1,2.11,2.08,2.04,2.06,2.05,2.06,2.07,2.03,1.97,2.02,2.01,2.01,2.02,2.03,2.04,2.03,2.06,2.07,2.08,2.09,2.07,2.08,2.06,
新竹,2025/02/16 00:00:00,CO,0.42,0.38,0.33,0.27,0.26,0.24,0.26,0.26,0.28,0.3,0.41,0.42,0.4,0.41,0.43,0.45,0.46,0.5,0.55,0.57,0.6,0.58,0.54,0.47,
新竹,2025/02/16 00:00:00,NMHC,0.15,0.12,0.11,0.06,0.04,0.04,0.07,0.05,0.05,0.06,0.08,0.08,0.06,0.06,0.07,0.07,0.08,0.07,0.1,0.08,0.08,0.07,0.07,0.06,
新竹,2025/02/16 00:00:00,NO,0.7,0.4,0.4,0.3,0.1,0.4,0.5,0.7,0.8,1.2,1.9,2.4,1.7,1.4,1.4,1.1,1.1,0.8,0.4,0.6,0.4,0.5,0.5,0.3,
新竹,2025/02/16 00:00:00,NO2,15.3,11.7,13.7,11.2,8.2,7,8.3,8.8,8.5,8.8,10.3,10.2,8.8,8.9,9,10.2,11.7,12.9,13.3,11.6,12.2,11.1,10,7.7,
新竹,2025/02/16 00:00:00,NOx,16,12.1,14.1,11.5,8.3,7.4,8.9,9.5,9.3,10.1,12.3,12.7,10.6,10.4,10.4,11.4,12.9,13.7,13.7,12.2,12.6,11.6,10.5,8.1,
新竹,2025/02/16 00:00:00,O3,15.7,14.6,19.2,23.9,30.6,30.9,27.5,27.8,29.3,28.6,25.2,33.1,42.4,49.4,49.3,46.3,43.8,41,39.3,44.3,44.8,50.2,51.3,50.4,
新竹,2025/02/16 00:00:00,PM10,62,46,39,31,28,16,21,23,25,23,23,28,24,29,33,40,33,38,41,38,36,47,43,27,
新竹,2025/02/16 00:00:00,PM2.5,46,32,37,25,26,19,16,15,19,22,16,20,16,24,21,17,23,24,21,30,30,35,32,22,
新竹,2025/02/16 00:00:00,RAINFALL,0,0,0,0,0,0,0,0,0,0,0,0,0,0,0,0,0,0,0,0,0,0,0,0,
新竹,2025/02/16 00:00:00,RH,96,96,95,94,95,92,91,90,90,88,88,80,73,70,71,71,74,77,79,78,76,76,76,73,
新竹,2025/02/16 00:00:00,SO2,1.7,1.7,1.7,1.7,1.8,1.6,1.7,1.8,1.9,1.6,1.5,1.5,1.8,2.5,2.2,2.3,2.2,1.9,1.5,1.7,1.8,1.7,1.7,2,
新竹,2025/02/16 00:00:00,THC,2.25,2.23,2.19,2.1,2.1,2.09,2.13,2.12,2.08,2.03,2.1,2.09,2.07,2.08,2.1,2.11,2.11,2.13,2.17,2.16,2.17,2.14,2.15,2.12,
新竹,2025/02/16 00:00:00,WD_HR,91,48,38,36,35,54,37,32,37,27,32,35,34,35,36,33,29,43,34,47,53,45,47,45,
新竹,2025/02/16 00:00:00,WIND_DIREC,51,44,60,31,33,40,44,35,41,26,40,28,38,43,35,32,33,45,35,42,52,46,48,40,
新竹,2025/02/16 00:00:00,WIND_SPEED,0.7,0.6,0.8,1,1.1,1.3,1.2,1.5,2.1,2.3,2.3,2.7,2.4,2.4,3.8,3.8,4.1,2.5,3,3,2.7,3.2,2.2,3.2,
新竹,2025/02/16 00:00:00,WS_HR,0.2,0.4,0.9,0.7,1,1,1.1,1.3,1.7,2,2,2.2,2.3,2.5,3,2.6,3.5,2.2,2.4,2.3,2.1,2.8,2.3,2.3,
新竹,2025/02/17 00:00:00,AMB_TEMP,17.7,17.5,17.4,17.3,17.3,17,17,17.3,18.2,19.4,20.4,21.2,21.8,21.9,21.8,21.2,20.5,19.5,18.7,18.3,18.1,18.3,18.5,18.3,
新竹,2025/02/17 00:00:00,CH4,2.05,2,1.99,1.99,2.03,2.05,2.04,2.03,2.01,1.99,1.99,2.01,2.04,2.1,2.04,2.05,2.01,2.03,2.04,2.05,2.06,2.05,2.06,2.08,
新竹,2025/02/17 00:00:00,CO,0.42,0.35,0.32,0.33,0.32,0.33,0.32,0.37,0.37,0.33,0.34,0.38,0.38,0.37,0.37,0.39,0.43,0.49,0.53,0.49,0.49,0.48,0.44,0.48,
新竹,2025/02/17 00:00:00,NMHC,0.04,0.03,0.02,0.03,0.04,0.04,0.05,0.07,0.07,0.06,0.07,0.09,0.08,0.08,0.08,0.09,0.09,0.1,0.11,0.09,0.09,0.11,0.07,0.09,
新竹,2025/02/17 00:00:00,NO,0.4,0.6,0.7,0.6,0.5,0.6,0.6,1.1,1.4,1.4,1.1,1.4,1.3,1.3,1.1,1,1,0.8,0.6,0.7,0.7,0.7,0.6,0.6,
新竹,2025/02/17 00:00:00,NO2,6.7,5.1,4.7,5.2,5.8,6.7,8.8,12.5,12.6,9.9,9,10.5,10.1,9.4,9.4,9.7,11.1,12.8,13.4,12.6,13.3,12.5,10.4,10.2,
新竹,2025/02/17 00:00:00,NOx,7.1,5.7,5.4,5.8,6.3,7.4,9.5,13.7,14,11.4,10.2,12,11.5,10.8,10.6,10.7,12.1,13.7,14,13.3,14,13.2,11.1,10.8,
新竹,2025/02/17 00:00:00,O3,50,54.9,54.8,55.6,56.2,53.2,52.8,50.6,52.7,57.1,60,63.4,53,55.6,61.9,63.6,62.2,61.2,62.5,62.7,61.6,62.6,62.9,62,
新竹,2025/02/17 00:00:00,PM10,23,33,38,39,40,36,42,52,60,69,67,74,#,68,66,67,62,67,76,76,75,65,71,88,
新竹,2025/02/17 00:00:00,PM2.5,20,20,22,22,24,19,23,24,23,25,27,#,27,28,25,25,39,32,44,41,44,43,51,55,
新竹,2025/02/17 00:00:00,RAINFALL,0,0,0,0,0,0,0,0,0,0,0,0,0,0,0,0,0,0,0,0,0,0,0,0,
新竹,2025/02/17 00:00:00,RH,62,57,56,56,52,53,49,47,46,45,44,44,43,44,45,47,49,53,57,59,60,59,59,63,
新竹,2025/02/17 00:00:00,SO2,2.4,1.4,1.6,2.1,2.3,2.5,2.4,2.6,2.8,2.1,1.7,1.8,1.8,1.7,1.7,1.5,1.8,1.4,1.4,1.6,1.5,1.3,0.9,0.9,
新竹,2025/02/17 00:00:00,THC,2.09,2.03,2.01,2.02,2.07,2.09,2.09,2.1,2.08,2.05,2.06,2.1,2.12,2.18,2.12,2.14,2.1,2.13,2.15,2.14,2.15,2.16,2.13,2.17,
新竹,2025/02/17 00:00:00,WD_HR,45,48,45,49,47,41,49,43,49,45,42,36,39,40,32,39,41,40,45,44,41,44,44,35,
新竹,2025/02/17 00:00:00,WIND_DIREC,42,52,44,51,46,52,44,45,50,43,30,42,54,32,28,34,34,30,45,43,33,56,36,31,
新竹,2025/02/17 00:00:00,WIND_SPEED,3.5,3.3,3.5,3.6,3.4,3.4,2.7,3.2,3.8,5.9,4.5,4.5,4.1,4.3,4.1,4,3.1,3.3,3.1,2.7,2.1,2.6,2.5,2.5,
新竹,2025/02/17 00:00:00,WS_HR,2.6,3,2.7,2.8,2.8,2.5,2.5,2.9,3.3,4.5,3.9,3.7,3.5,3.5,3.4,3.1,2.8,2.6,2.6,2.3,1.8,2,2,2.1,
新竹,2025/02/18 00:00:00,AMB_TEMP,17.2,16.6,15.9,15.7,15.8,16,16,16.1,16.3,16.4,16.7,17.4,18,18.2,18.2,17.3,16.9,16.5,15.9,15.9,15.7,15.7,15.6,15.6,
新竹,2025/02/18 00:00:00,CH4,2.03,2,2,2,2.01,1.99,1.98,1.98,1.97,1.97,1.96,1.96,1.96,1.95,1.96,1.95,1.95,1.96,1.97,1.97,1.98,1.97,1.97,1.98,
新竹,2025/02/18 00:00:00,CO,0.44,0.35,0.29,0.29,0.26,0.23,0.22,0.28,0.28,0.28,0.26,0.25,0.24,0.21,0.21,0.21,0.23,0.27,0.28,0.28,0.27,0.26,0.24,0.23,
新竹,2025/02/18 00:00:00,NMHC,0.08,0.06,0.03,0.05,0.04,0.04,0.05,0.06,0.06,0.08,0.09,0.08,0.08,0.06,0.07,0.08,0.07,0.1,0.08,0.07,0.07,0.05,0.05,0.04,
新竹,2025/02/18 00:00:00,NO,0.5,1.1,1.1,1.1,1,1,1.2,1.4,1.8,2.5,2.9,3,3,2.8,2.4,2.2,2.2,1.8,1.4,1.2,1.1,1.1,1.1,1.1,
新竹,2025/02/18 00:00:00,NO2,10.3,9.6,6.6,6.8,7.1,6.9,8.4,12.9,14.1,15.3,14.4,11.9,11.3,9.5,10,11.9,11.7,12.7,13.4,10.8,9.8,8.8,7.3,7,
新竹,2025/02/18 00:00:00,NOx,10.9,10.7,7.7,8,8.1,8,9.7,14.3,15.9,17.9,17.4,15,14.4,12.4,12.5,14.1,14,14.6,14.8,12.1,11,10,8.5,8.1,
新竹,2025/02/18 00:00:00,O3,62.1,59.7,55.5,49.8,47,43.8,40,34.2,33.9,32.2,33.8,36.6,38.4,40.5,38.6,36.4,36.4,34.1,33.8,36.4,37.2,38.1,38.8,39.4,
新竹,2025/02/18 00:00:00,PM10,79,61,42,35,18,14,13,15,17,21,13,16,12,12,13,26,21,18,13,10,8,7,6,3,
新竹,2025/02/18 00:00:00,PM2.5,49,32,24,21,13,10,11,10,12,10,9,11,9,6,3,4,7,9,6,13,8,4,3,2,
新竹,2025/02/18 00:00:00,RAINFALL,0,0,0,0,0,0,0,0,0,0,0,0,0,0,0,0,0,0,0,0,0,0,0,0,
新竹,2025/02/18 00:00:00,RH,72,74,80,83,81,79,78,78,78,80,79,75,71,69,68,71,74,76,78,76,77,79,78,79,
新竹,2025/02/18 00:00:00,SO2,1.2,2.2,1.9,1.8,1.8,2,2.2,2.5,2.3,2.4,2,2.1,2.1,2.5,2.6,2.5,2.2,2,2.4,2.2,2,2.2,2.4,2.6,
新竹,2025/02/18 00:00:00,THC,2.11,2.06,2.03,2.05,2.05,2.03,2.03,2.04,2.03,2.05,2.05,2.04,2.04,2.01,2.03,2.03,2.02,2.06,2.05,2.04,2.05,2.02,2.02,2.02,
新竹,2025/02/18 00:00:00,WD_HR,29,42,47,27,34,38,29,32,29,30,33,38,29,29,31,28,34,32,36,46,40,37,40,44,
新竹,2025/02/18 00:00:00,WIND_DIREC,28,51,45,18,30,40,22,33,28,36,30,33,27,29,40,28,30,28,40,48,35,28,29,43,
新竹,2025/02/18 00:00:00,WIND_SPEED,3.5,2.8,3.2,2.1,2.5,2.4,2.5,2.9,3.3,3.2,3.8,3.4,4.2,3,3.1,4,3.3,3.8,3.2,3.1,3.5,2.8,2.9,2.8,
新竹,2025/02/18 00:00:00,WS_HR,2.8,2.7,2.5,2.3,2.1,2.1,2.3,2.2,2.4,2.5,2.9,2.9,3.2,3.1,2.8,3.5,3,3.1,2.7,2.7,2.5,2.5,2.3,2.3,
新竹,2025/02/19 00:00:00,AMB_TEMP,15.4,15.6,15.8,15.8,15.8,16.1,16.2,16.4,16.6,17.1,17.7,18.6,20,21.3,21.5,21,20.3,19.4,18.6,18.1,17.9,17.7,17.2,16.9,
新竹,2025/02/19 00:00:00,CH4,1.98,1.98,1.98,1.98,1.99,2,2,2.01,1.98,2,2,1.98,#,1.95,1.95,1.97,1.96,2,2.02,2.02,2.05,2.03,2.03,2.18,
新竹,2025/02/19 00:00:00,CO,0.21,0.19,0.18,0.18,0.19,0.2,0.22,0.31,0.32,0.3,0.26,#,0.22,0.22,0.23,0.24,0.26,0.32,0.37,0.35,0.34,0.37,0.33,0.37,
新竹,2025/02/19 00:00:00,NMHC,0.03,0.02,0.01,0.01,0.01,0.01,0.02,0.05,0.06,0.06,0.07,0.07,#,0.04,0.06,0.06,0.09,0.11,0.12,0.11,0.12,0.11,0.09,0.12,
新竹,2025/02/19 00:00:00,NO,1.1,0.6,0.3,0.2,0.4,0.4,0.5,0.5,0.8,1.2,1.5,#,1.6,1.7,1.5,1.3,1.2,0.9,0.7,0.6,0.6,0.6,0.5,0.6,
新竹,2025/02/19 00:00:00,NO2,6.5,5.5,4.7,3.9,3.5,5,6.7,11,12.6,13.4,13.2,#,7.3,6.7,8.1,9.2,10.5,15.3,17.3,15,14.8,16.8,14,16,
新竹,2025/02/19 00:00:00,NOx,7.6,6.1,5,4.1,3.9,5.5,7.2,11.6,13.5,14.6,14.7,#,9,8.4,9.6,10.5,11.8,16.2,18,15.7,15.5,17.5,14.5,16.7,
新竹,2025/02/19 00:00:00,O3,41.7,44,45.3,46.3,46.3,44.1,43.4,38,37.3,36.4,36.6,#,43.1,44.5,42.9,40.2,36,29.8,26.2,28.1,27.4,25.1,26.5,18.1,
新竹,2025/02/19 00:00:00,PM10,8,7,8,8,4,9,8,7,12,11,19,11,11,8,11,10,10,11,11,7,9,8,11,10,
新竹,2025/02/19 00:00:00,PM2.5,3,7,6,8,6,4,7,7,5,8,10,8,4,8,6,6,6,5,6,8,11,8,9,9,
新竹,2025/02/19 00:00:00,RAINFALL,0,0,0,0,0,0,0,0,0,0,0,0,0,0,0,0,0,0,0,0,0,0,0,0,
新竹,2025/02/19 00:00:00,RH,79,74,72,72,73,71,72,72,73,71,68,66,62,59,60,62,66,70,73,74,75,76,79,81,
新竹,2025/02/19 00:00:00,SO2,2.7,1.9,1.7,1.5,1.5,1.4,1.2,1,1.2,1.2,1.3,#,1.4,1.4,1.7,1.5,1.4,1.4,1,1.2,0.9,1.3,1.1,0.9,
新竹,2025/02/19 00:00:00,THC,2.01,2,1.99,1.99,2,2.01,2.02,2.06,2.04,2.06,2.07,2.05,#,1.99,2.01,2.03,2.05,2.11,2.14,2.13,2.17,2.14,2.12,2.3,
新竹,2025/02/19 00:00:00,WD_HR,41,46,45,51,42,43,46,53,63,43,43,40,64,56,32,55,63,36,44,59,44,66,70,62,
新竹,2025/02/19 00:00:00,WIND_DIREC,40,49,57,55,36,47,47,60,68,40,44,44,63,65,33,54,54,28,36,52,42,82,57,74,
新竹,2025/02/19 00:00:00,WIND_SPEED,3.1,2.6,2.2,2.2,1.7,1.6,1.9,1.3,1.7,2.5,2.6,3.4,2.8,2,2.7,2,1.8,2.2,1.8,0.9,1.5,0.8,0.4,0.8,
新竹,2025/02/19 00:00:00,WS_HR,2.2,2.1,2,1.9,1.6,1.5,1.6,1.2,1.6,1.8,1.9,2.2,2.3,1.6,1.9,1.6,1.7,1.9,1.6,1.2,1.1,0.8,0.7,0.4,
新竹,2025/02/20 00:00:00,AMB_TEMP,16.6,16.4,16,16,16,16.1,16,16.7,17.3,18.5,19.4,19.8,21.2,21,20.5,20.1,20.1,19,18.2,17.5,17.3,17.4,17.3,17,
新竹,2025/02/20 00:00:00,CH4,2.04,2.18,2.17,2.13,2.14,2.12,2.1,2.08,2.08,2.08,2.09,2.03,2.04,1.99,1.99,1.96,1.99,1.97,1.97,1.97,1.94,1.95,1.95,1.95,
新竹,2025/02/20 00:00:00,CO,0.32,0.34,0.33,0.3,0.3,0.33,0.35,0.46,0.47,0.49,0.41,0.32,0.32,0.26,0.25,0.24,0.29,0.29,0.27,0.26,0.21,0.2,0.2,0.18,
新竹,2025/02/20 00:00:00,NMHC,0.09,0.16,0.15,0.13,0.12,0.13,0.12,0.14,0.14,0.17,0.18,0.08,0.11,0.05,0.06,0.05,0.07,0.08,0.05,0.05,0.06,0.03,0.05,0.03,
新竹,2025/02/20 00:00:00,NO,0.5,1.5,2.6,1.8,1.2,1.5,1.7,3.4,6.2,8.5,5,2.4,2.1,1.3,1.3,1.1,1,0.8,0.6,0.5,0.6,0.5,0.7,0.5,
新竹,2025/02/20 00:00:00,NO2,15.3,19.3,20.4,18.3,16,17,16.8,17.1,19,18.1,17.9,11.7,12.1,8.9,7.7,7,9.4,10.6,8.4,6.9,5.8,6.5,7,5.8,
新竹,2025/02/20 00:00:00,NOx,15.8,20.9,23,20.1,17.2,18.5,18.5,20.6,25.3,26.7,23,14.1,14.2,10.2,9,8.2,10.4,11.4,9,7.5,6.5,7.1,7.7,6.4,
新竹,2025/02/20 00:00:00,O3,19.3,8.2,1.5,4.4,10,7.9,7.9,10.6,9,16,29.2,42.3,48.5,52.2,49.6,48.4,42.6,41,42.1,43.1,43.2,41.4,39.7,41,
新竹,2025/02/20 00:00:00,PM10,14,17,21,26,25,37,47,51,50,50,50,38,37,27,29,18,19,16,20,21,7,8,10,12,
新竹,2025/02/20 00:00:00,PM2.5,9,15,14,16,19,19,31,28,35,33,28,24,22,14,16,3,8,10,11,9,7,7,8,11,
新竹,2025/02/20 00:00:00,RAINFALL,0,0,0,0,0,0,0,0,0,0,0,0,0,0,0,0,0,0,0,0,0,0,0,0,
新竹,2025/02/20 00:00:00,RH,84,86,90,90,89,91,92,90,87,81,77,75,72,75,78,79,80,85,90,92,92,89,88,89,
新竹,2025/02/20 00:00:00,SO2,1.2,1.6,1.6,1.4,1.8,2,1.3,1.4,1.6,1.5,1.7,1.9,2.5,2,1.7,1.7,1.4,1.3,1.2,1.1,1.1,1.1,1.1,1.2,
新竹,2025/02/20 00:00:00,THC,2.13,2.34,2.32,2.26,2.26,2.25,2.22,2.22,2.22,2.25,2.27,2.11,2.15,2.04,2.05,2.01,2.06,2.05,2.02,2.02,2,1.98,2,1.98,
新竹,2025/02/20 00:00:00,WD_HR,77,185,164,157,148,152,116,130,124,48,324,293,20,38,35,38,22,28,32,39,32,41,33,32,
新竹,2025/02/20 00:00:00,WIND_DIREC,67,173,152,45,139,185,82,134,117,41,291,307,10,24,41,217,40,31,33,41,43,29,30,46,
新竹,2025/02/20 00:00:00,WIND_SPEED,0.3,0.5,0.8,0.3,0.5,0.9,0.8,1.1,0.3,1.6,2,1.5,1.8,1.4,2.7,1.1,1.5,1.8,2.4,2.7,3.3,2.8,2.7,1.9,
新竹,2025/02/20 00:00:00,WS_HR,0.8,0.3,0.4,0.7,0.5,0.6,0.4,0.7,0.5,0.9,1,1.5,0.8,0.9,1.4,1.9,0.5,0.8,1,2,2.5,2.1,2.2,2,
新竹,2025/02/21 00:00:00,AMB_TEMP,16.3,15.4,15.1,15,15.1,14.8,14.5,14.9,15.2,15.6,15.7,16.1,16.5,16.6,16.6,16.1,15.8,15.7,15.4,15.3,15.2,15.2,15.2,15.3,
新竹,2025/02/21 00:00:00,CH4,1.96,1.95,1.94,1.96,1.96,1.97,1.96,1.96,1.96,1.96,1.95,1.95,1.96,1.95,1.95,1.95,1.95,1.97,1.97,1.99,1.99,1.98,1.98,1.98,
新竹,2025/02/21 00:00:00,CO,0.18,0.19,0.18,0.17,0.19,0.2,0.19,0.25,0.26,0.24,0.24,0.24,0.24,0.23,0.23,0.24,0.25,0.29,0.28,0.3,0.31,0.29,0.27,0.23,
新竹,2025/02/21 00:00:00,NMHC,0.01,0,0.02,0.01,0.02,0.01,0.02,0.05,0.05,0.06,0.06,0.06,0.05,0.05,0.05,0.05,0.05,0.06,0.05,0.08,0.08,0.07,0.05,0.04,
新竹,2025/02/21 00:00:00,NO,0.4,0.7,0.5,0.5,0.5,0.7,0.6,0.6,0.7,1.3,1.3,1.3,1.4,1.2,1.1,0.9,1,0.8,0.6,0.5,0.6,0.7,0.6,0.5,
新竹,2025/02/21 00:00:00,NO2,4.2,3.6,3.6,3,3.6,3.9,4.6,7.9,9,9.8,10.2,9.7,8.2,7.8,7.4,7.4,9.8,11.5,10.8,9.8,12.2,11.3,9,6.8,
新竹,2025/02/21 00:00:00,NOx,4.6,4.3,4.1,3.6,4.2,4.6,5.3,8.6,9.8,11.1,11.5,11.1,9.7,9.1,8.5,8.3,10.8,12.3,11.5,10.4,12.9,12,9.6,7.4,
新竹,2025/02/21 00:00:00,O3,43.7,43.9,43.1,42.6,41.1,40.8,41.1,38.3,38.7,38.2,38.2,39.1,42,43.4,44.6,44.9,40.7,38.9,39,37.7,34.9,35.7,36.6,39.9,
新竹,2025/02/21 00:00:00,PM10,7,0,0,3,5,5,13,9,8,7,6,10,7,6,11,9,7,12,12,8,8,9,6,5,
新竹,2025/02/21 00:00:00,PM2.5,6,4,8,6,5,5,6,5,2,3,5,4,6,8,7,3,6,6,8,5,9,9,5,5,
新竹,2025/02/21 00:00:00,RAINFALL,0,0,0,0,0.5,0.5,0,0,0,0,0,0,0,0,0,0,0,0,0,0,0,0,0,0,
新竹,2025/02/21 00:00:00,RH,93,97,97,96,96,97,96,92,89,88,88,85,81,80,79,82,84,82,82,83,83,83,82,80,
新竹,2025/02/21 00:00:00,SO2,1.1,0.9,1.2,1.3,1.7,1.6,1.8,1.8,2.2,1.9,2.1,2.2,1.5,1.5,1.3,1.3,1.8,1.9,2.1,1.9,2.2,2.2,2,2.3,
新竹,2025/02/21 00:00:00,THC,1.97,1.95,1.96,1.97,1.98,1.98,1.98,2.01,2.01,2.02,2.01,2.01,2.01,2,2,2,2,2.03,2.02,2.07,2.07,2.05,2.03,2.02,
新竹,2025/02/21 00:00:00,WD_HR,40,38,31,42,34,35,36,33,32,36,29,31,29,29,31,32,31,27,31,28,32,30,31,39,
新竹,2025/02/21 00:00:00,WIND_DIREC,43,35,35,33,33,37,52,31,34,27,35,36,30,29,28,34,39,21,35,22,30,23,32,44,
新竹,2025/02/21 00:00:00,WIND_SPEED,2,2.6,2,1.8,1.4,2.9,2.5,3.3,3.8,3.5,3.3,3.9,4,4.4,3.9,4.4,3.7,4.6,4.1,3.3,3.5,3.4,3.8,4.2,
新竹,2025/02/21 00:00:00,WS_HR,1.8,1.6,2,1.4,1.7,2,2.3,2.3,2.9,2.6,3,3.2,3.1,3.6,3.5,3.7,3.6,3.3,3.3,2.9,3.1,3,2.8,2.8,
新竹,2025/02/22 00:00:00,AMB_TEMP,15.2,15.2,15.3,15.4,15.6,15.5,15.6,16.2,17.6,19.5,20.7,20.7,20.7,20.5,19.6,18.6,18.2,17.6,17.2,17.1,17.1,16.6,16.4,16,
新竹,2025/02/22 00:00:00,CH4,1.98,1.98,1.99,1.98,1.98,1.99,1.99,1.98,1.97,1.96,1.97,1.98,1.97,1.97,1.98,1.98,1.98,1.99,1.99,2,1.99,1.96,1.96,1.94,
新竹,2025/02/22 00:00:00,CO,0.23,0.22,0.22,0.21,0.22,0.23,0.24,0.26,0.27,0.28,0.31,0.32,0.32,0.3,0.3,0.31,0.32,0.33,0.32,0.32,0.3,0.26,0.24,0.22,
新竹,2025/02/22 00:00:00,NMHC,0.04,0.04,0.04,0.04,0.04,0.04,0.05,0.03,0.03,0.04,0.07,0.08,0.08,0.06,0.07,0.09,0.13,0.09,0.07,0.07,0.07,0.04,0.03,0.02,
新竹,2025/02/22 00:00:00,NO,0.5,0,0.1,0.2,0.2,0.2,0.2,0.5,0.9,1.2,1.4,1.4,1.7,1.5,1,0.9,0.7,0.3,0.3,0.4,0.4,0.2,0.2,0.1,
新竹,2025/02/22 00:00:00,NO2,5.8,5.8,5.5,5,4.9,5.3,6.3,7,6.9,6.3,7.5,7.8,8.1,7.7,7.9,10,11.3,11.6,11.6,10.7,10.8,7.9,7.5,6.2,
新竹,2025/02/22 00:00:00,NOx,6.4,5.8,5.7,5.2,5.1,5.6,6.6,7.6,7.8,7.6,9,9.2,9.8,9.3,9,10.9,12,12,12,11.2,11.2,8.1,7.7,6.4,
新竹,2025/02/22 00:00:00,O3,40.8,40.3,39.4,40.5,40.5,40.5,39.6,39.6,39.1,39.1,42.3,44.1,43.3,42.1,39.6,37.9,36.4,36.9,36.1,36.2,36,39.1,40.1,40.6,
新竹,2025/02/22 00:00:00,PM10,6,5,3,4,10,9,13,11,8,7,11,8,13,12,9,8,11,7,7,7,5,13,9,9,
新竹,2025/02/22 00:00:00,PM2.5,5,5,8,6,8,5,10,17,2,3,0,5,12,9,9,5,6,10,7,6,10,11,7,11,
新竹,2025/02/22 00:00:00,RAINFALL,0,0,0,0,0,0,0,0,0,0,0,0,0,0,0,0,0,0,0,0,0,0,0,0,
新竹,2025/02/22 00:00:00,RH,80,81,81,81,81,81,81,79,72,65,61,61,63,65,69,73,74,75,77,77,79,86,87,88,
新竹,2025/02/22 00:00:00,SO2,2.3,1.6,1.6,1.6,1.7,1.7,1.7,1.5,1.4,0.9,0.7,0.5,0.7,1,0.8,0.7,0.4,0.5,0.5,0.6,0.8,0.8,0.6,0.7,
新竹,2025/02/22 00:00:00,THC,2.02,2.02,2.03,2.02,2.02,2.03,2.04,2.01,2,2,2.04,2.06,2.05,2.03,2.05,2.07,2.11,2.08,2.06,2.07,2.06,2,1.99,1.96,
新竹,2025/02/22 00:00:00,WD_HR,37,38,35,40,39,40,43,49,56,47,31,30,28,38,33,41,32,36,45,40,33,31,32,31,
新竹,2025/02/22 00:00:00,WIND_DIREC,35,33,33,36,37,38,51,51,68,24,31,29,33,56,26,41,31,56,45,47,44,32,28,30,
新竹,2025/02/22 00:00:00,WIND_SPEED,3.7,2.9,2.6,2.9,2.7,3.3,2.8,2.7,2.5,3.5,2.9,3.5,4.2,2.9,4.2,2.7,3.5,2.7,2.5,2.4,1.9,2.8,3.8,3,
新竹,2025/02/22 00:00:00,WS_HR,2.7,2.3,2.5,2.1,2.2,2.4,2.3,2.7,2.3,2.1,2.6,2.8,3.3,3,2.9,2.7,2.7,2.6,2.4,2.2,2.3,2.7,2.6,2.7,
新竹,2025/02/23 00:00:00,AMB_TEMP,15.9,15.8,15.8,15.6,15.5,15.1,15.2,15.3,15.2,15.4,15.6,15.7,15.9,15.9,15.7,15.2,14.8,14.3,13.9,14.2,14.5,14.3,14.1,14,
新竹,2025/02/23 00:00:00,CH4,1.95,1.95,1.97,1.97,1.97,1.99,1.99,1.99,1.99,1.98,1.98,1.99,1.98,1.98,1.98,1.98,1.98,1.98,1.98,1.99,1.99,1.98,1.98,1.99,
新竹,2025/02/23 00:00:00,CO,0.22,0.21,0.2,0.2,0.2,0.21,0.22,0.24,0.26,0.26,0.27,0.29,0.3,*,*,*,*,*,*,*,*,0.28,0.28,0.27,
新竹,2025/02/23 00:00:00,NMHC,0.03,0.03,0.01,0.02,0.01,0.03,0.02,0.03,0.04,0.03,0.04,0.03,0.04,0.02,0.02,0.02,0.03,0.03,0.03,0.03,0.03,0.02,0.03,0.01,
新竹,2025/02/23 00:00:00,NO,0.2,0.4,0.4,0.6,0.7,0.3,0.4,0.5,0.7,0.6,0.8,0.8,1.1,1,0.8,0.7,0.6,0.6,0.6,0.5,0.7,0.5,0.5,0.5,
新竹,2025/02/23 00:00:00,NO2,5.9,5.8,4.4,4.2,3.3,3.2,3.6,5.2,6,5.6,5.5,5.6,7.3,5.3,5.1,5.5,5.8,6.1,6.4,6.4,6,5.3,4.7,4.5,
新竹,2025/02/23 00:00:00,NOx,6.1,6.3,4.8,4.8,4,3.6,4.1,5.8,6.7,6.3,6.3,6.4,8.4,6.3,5.9,6.2,6.4,6.7,7,7,6.7,5.8,5.2,5.1,
新竹,2025/02/23 00:00:00,O3,40.5,41.2,42.6,42.1,43.3,42.4,41.9,41.8,42.1,44.5,45.6,46.5,45.7,48.2,48.1,46.6,45.8,45.2,45.3,44.9,43.8,45.3,45.2,44.9,
新竹,2025/02/23 00:00:00,PM10,7,9,9,6,5,4,3,1,0,0,6,6,4,6,6,10,8,9,8,10,6,5,7,5,
新竹,2025/02/23 00:00:00,PM2.5,9,8,4,5,3,5,8,6,4,7,6,6,7,5,5,10,6,7,4,3,6,9,8,4,
新竹,2025/02/23 00:00:00,RAINFALL,0,0,0,0,0,0,1,1.5,1,0.5,0,0,0.5,0,0,0,0,0,0,0,0,0,0,0,
新竹,2025/02/23 00:00:00,RH,88,88,89,90,92,97,98,97,96,94,91,90,87,85,84,85,87,90,88,84,82,82,85,84,
新竹,2025/02/23 00:00:00,SO2,0.9,1.4,1.1,1.5,1.7,1.6,1.5,1.5,1.8,1.8,1.9,1.9,1.8,1.8,1.7,1.6,1.6,1.6,1.9,2.4,2.6,2.3,2.2,2.5,
新竹,2025/02/23 00:00:00,THC,1.98,1.98,1.98,1.99,1.98,2.02,2.01,2.02,2.03,2.01,2.02,2.02,2.02,2,2,2,2.01,2.01,2.01,2.02,2.02,2,2.01,2,
新竹,2025/02/23 00:00:00,WD_HR,28,33,33,33,29,37,35,32,30,32,33,39,35,30,29,33,30,30,34,30,31,33,29,30,
新竹,2025/02/23 00:00:00,WIND_DIREC,28,38,22,34,26,42,29,34,45,28,44,36,35,28,29,31,34,25,27,31,28,39,39,30,
新竹,2025/02/23 00:00:00,WIND_SPEED,3.7,2.5,2.8,2.5,3.2,1.6,2.5,3,2.4,3.1,3.1,3.4,3.9,4.6,4.3,4.4,3.6,4.9,4.4,4.2,4.4,3.7,3.6,4,
新竹,2025/02/23 00:00:00,WS_HR,2.5,2.4,2.4,2,2.6,1.4,1.6,2.1,2.2,2.3,2.8,2.6,3.4,3.7,3.6,3.4,3.7,3.9,3.7,3.2,3.5,3.6,3.3,3.5,
新竹,2025/02/24 00:00:00,AMB_TEMP,14,13.8,13.6,13.6,13.5,13,12.6,12.5,12.9,13.3,13.7,14.3,15,15.3,15.2,15.1,14.7,13.8,13.3,13.3,13.3,13.5,13.8,14,
新竹,2025/02/24 00:00:00,CH4,1.99,1.98,1.98,1.98,1.98,1.98,1.97,1.98,1.99,1.99,2.02,2.03,2.04,2.02,2.01,2.01,2,2,2.01,2.01,2,2,2,1.99,
新竹,2025/02/24 00:00:00,CO,0.27,0.26,0.26,0.26,0.26,0.28,0.29,0.33,0.34,0.34,0.37,0.39,0.39,0.37,0.36,0.37,0.38,0.38,0.4,0.37,0.35,0.33,0.31,0.29,
新竹,2025/02/24 00:00:00,NMHC,0.02,0.02,0.01,0.01,0.02,0.02,0.03,0.04,0.05,0.05,0.09,0.1,0.07,0.07,0.07,0.07,0.07,0.06,0.08,0.08,0.06,0.06,0.05,0.04,
新竹,2025/02/24 00:00:00,NO,0.5,0.9,0.7,0.8,0.8,0.8,0.7,0.6,1,1.4,2,2.2,1.9,2,1.8,2,1.8,0.9,0.8,0.8,0.9,0.8,0.6,0.7,
新竹,2025/02/24 00:00:00,NO2,4.1,3.7,3.5,3.7,3.9,4.4,5,7.2,9.2,9.3,11,11.9,10.7,9.4,8.5,9.1,10.6,9.5,10.2,9.9,8.5,8.1,8.2,7,
新竹,2025/02/24 00:00:00,NOx,4.7,4.6,4.3,4.5,4.7,5.2,5.7,7.9,10.3,10.8,13,14.1,12.7,11.5,10.4,11.1,12.5,10.5,11.1,10.7,9.4,9,8.9,7.7,
新竹,2025/02/24 00:00:00,O3,44.6,44.3,44.3,44.5,45.1,46.5,46.1,41.9,39.8,41.2,40.6,41.7,43,44.7,44.4,44.2,43.5,44.6,43,43.8,45.7,46.3,46,46.4,
新竹,2025/02/24 00:00:00,PM10,3,5,9,6,12,14,11,17,16,20,27,34,34,32,32,33,34,29,27,29,20,23,23,24,
新竹,2025/02/24 00:00:00,PM2.5,1,5,5,5,5,12,12,16,9,17,17,23,25,21,23,20,19,20,21,21,22,21,*,18,
新竹,2025/02/24 00:00:00,RAINFALL,0,0,0,0,0,0,0,0,0,0,0,0,0,0,0,0,0,0,0,0,0,0,0,0,
新竹,2025/02/24 00:00:00,RH,83,84,84,82,85,87,89,89,85,79,75,70,66,62,65,65,66,70,72,73,75,75,74,73,
新竹,2025/02/24 00:00:00,SO2,2.7,2.1,2.1,2.1,2.3,2.3,2,2.5,2.3,2.6,2.7,2.3,1.9,1.6,1.2,1,1.3,1.3,1.5,1.9,2.2,2.3,2.4,2.2,
新竹,2025/02/24 00:00:00,THC,2.01,2,1.99,1.99,2,2,2,2.02,2.04,2.04,2.11,2.13,2.11,2.09,2.08,2.08,2.07,2.06,2.09,2.09,2.06,2.06,2.05,2.03,
新竹,2025/02/24 00:00:00,WD_HR,35,29,31,27,33,28,28,29,28,29,28,31,34,41,40,47,45,48,47,42,46,48,47,47,
新竹,2025/02/24 00:00:00,WIND_DIREC,32,27,39,27,28,24,23,31,23,28,24,25,41,43,38,43,34,47,54,47,55,45,46,45,
新竹,2025/02/24 00:00:00,WIND_SPEED,4.7,4.5,4,4.3,4.7,4.3,4.4,3.8,5.3,4.9,4.1,4.4,4.2,4.4,4.9,4.6,5,3.5,3.6,4.1,3.7,3.8,3.8,3.3,
新竹,2025/02/24 00:00:00,WS_HR,3.1,3.9,3.4,3.5,3.3,3.5,4.1,3.5,3.6,4.3,3.6,3.8,3.5,3.8,3.9,3.9,3.8,3.7,3.3,2.9,2.8,2.8,2.9,3.1,
新竹,2025/02/25 00:00:00,AMB_TEMP,14.3,14.5,14.5,14.5,14.6,14.7,14.8,15,15.6,16.7,18.8,20.4,20,19.8,20.1,18.1,15.7,15,15,15,15,15.2,15.3,15.4,
新竹,2025/02/25 00:00:00,CH4,2,2.03,2.04,2.02,2.16,2.2,2.06,2.06,2.08,2.03,2.04,2.07,2.03,2,2,1.95,1.96,1.97,1.99,2,2.01,2.02,2.03,1.98,
新竹,2025/02/25 00:00:00,CO,0.26,0.26,0.27,0.26,0.27,0.28,0.32,0.41,0.48,0.47,0.43,0.49,0.45,0.38,0.36,0.3,0.34,0.37,0.4,0.37,0.39,0.41,0.38,0.3,
新竹,2025/02/25 00:00:00,NMHC,0.03,0.02,0.02,0.02,0.04,0.05,0.07,0.08,0.11,0.09,0.09,0.11,0.09,0.07,0.12,0.02,0.03,0.04,0.05,0.05,0.05,0.06,0.06,0.01,
新竹,2025/02/25 00:00:00,NO,0.8,0.4,0.3,0,0.2,0.1,0.4,0.7,3.2,5,5.3,5.2,3.2,1.5,0.9,0.6,0.4,0.4,0.3,0.1,0.2,0.1,0.2,0.2,
新竹,2025/02/25 00:00:00,NO2,6.3,5.8,5.8,5.3,5.4,6.6,11.5,14.6,23.7,20,17,19.1,17,12.8,10.9,8.9,8.9,11.2,12.4,11.1,10.6,11.3,10.9,8.7,
新竹,2025/02/25 00:00:00,NOx,7.2,6.3,6.1,5.3,5.6,6.8,11.9,15.4,27,25,22.4,24.3,20.3,14.4,11.8,9.5,9.4,11.6,12.7,11.3,10.9,11.5,11.2,8.9,
新竹,2025/02/25 00:00:00,O3,45.3,44.7,43,42,39.8,36.9,31.8,29.7,22.1,24.9,28.8,36.1,50,64.6,71.7,61.9,61.1,58.7,55.6,55.6,54.4,52.3,50.4,54.2,
新竹,2025/02/25 00:00:00,PM10,16,16,13,10,10,10,21,14,25,30,25,30,37,34,37,38,53,62,62,67,68,68,65,58,
新竹,2025/02/25 00:00:00,PM2.5,13,10,11,9,18,13,10,9,14,14,16,22,23,29,21,14,36,47,37,42,35,38,35,27,
新竹,2025/02/25 00:00:00,RAINFALL,0,0,0,0,0,0,0,0,0,0,0,0,0,0,0,0,0,0,0,0,0,0,0,0,
新竹,2025/02/25 00:00:00,RH,72,73,74,74,74,74,75,74,73,69,63,59,61,62,60,75,84,86,86,88,89,89,89,90,
新竹,2025/02/25 00:00:00,SO2,2.1,1.8,2,1.7,1.8,1.4,1.7,1.6,1.7,1.1,1,0.9,1.5,1.6,1.7,1.2,0.7,1,0.7,0.6,0.7,1.2,1.3,1.4,
新竹,2025/02/25 00:00:00,THC,2.03,2.05,2.06,2.04,2.2,2.25,2.13,2.14,2.19,2.12,2.13,2.18,2.12,2.07,2.12,1.97,1.99,2.01,2.04,2.05,2.06,2.08,2.09,1.99,
新竹,2025/02/25 00:00:00,WD_HR,44,50,61,67,51,33,69,51,64,71,45,303,306,294,273,296,289,348,323,356,316,304,297,292,
新竹,2025/02/25 00:00:00,WIND_DIREC,36,50,76,59,46,32,64,42,75,139,38,287,301,278,281,290,290,36,298,38,294,295,282,298,
新竹,2025/02/25 00:00:00,WIND_SPEED,1.8,1.6,1,0.6,0.2,0.8,1,1,0.8,0.7,0.9,2.2,2.1,2.2,2.6,3.4,1.9,1.2,1.1,0.7,0.8,0.9,1.2,0.5,
新竹,2025/02/25 00:00:00,WS_HR,2.1,1.5,1,0.6,0.3,0.4,1,1,0.9,1,0.7,1.1,1.6,2.1,1.9,2.1,1.1,0.3,0.5,0.4,0.5,0.7,0.7,0.7,
新竹,2025/02/26 00:00:00,AMB_TEMP,15.6,15.6,15.6,15.5,15.4,15.6,15.5,15.7,16,16.3,16.3,16.9,17.8,18.1,18.1,17.7,17.7,17.6,17.6,17.5,17.6,17.6,17.6,17.1,
新竹,2025/02/26 00:00:00,CH4,1.99,2,2.05,2,1.99,2.04,2.04,2.15,2.15,2.04,2.05,#,2,1.99,1.98,2,2,1.99,2.02,2.04,2.08,2.05,2.09,1.99,
新竹,2025/02/26 00:00:00,CO,0.3,0.26,0.23,0.22,0.22,0.25,0.28,0.47,0.58,0.37,#,#,0.27,0.25,0.23,0.24,0.26,0.3,0.35,0.37,0.41,0.37,0.37,0.24,
新竹,2025/02/26 00:00:00,NMHC,0.02,0.02,0.01,0.01,0.03,0.04,0.05,0.12,0.15,0.1,0.11,#,0.09,0.05,0.04,0.04,0.07,0.1,0.15,0.15,0.2,0.12,0.1,0.01,
新竹,2025/02/26 00:00:00,NO,0.2,1.1,1,1,0.9,1,1.1,2.1,5,3,#,#,2.7,1.7,1.7,1.7,1.4,1.2,1,1.1,1.1,1.2,0.9,1,
新竹,2025/02/26 00:00:00,NO2,7.6,6.4,6.7,6.4,6.5,7.6,8.9,22.1,31.2,19.2,#,#,13.6,10.5,8.8,9.1,10.2,11.1,12.8,14.1,16.5,15.7,14.6,8.1,
新竹,2025/02/26 00:00:00,NOx,7.9,7.5,7.7,7.4,7.4,8.7,10.1,24.3,36.3,22.3,#,#,16.3,12.2,10.6,10.8,11.7,12.4,13.8,15.2,17.7,16.9,15.6,9.2,
新竹,2025/02/26 00:00:00,O3,52.6,52.2,44.3,41,40,36.5,33.3,16.1,7.7,23.8,19.8,#,#,27.7,34,33.6,36.1,34.6,30.8,27.6,21.7,25.8,25.4,36.2,
新竹,2025/02/26 00:00:00,PM10,49,47,47,51,54,59,52,67,65,30,14,15,#,8,12,33,23,24,27,30,38,23,22,20,
新竹,2025/02/26 00:00:00,PM2.5,33,18,17,21,24,18,23,32,30,16,17,#,7,7,5,17,7,7,17,14,9,12,13,7,
新竹,2025/02/26 00:00:00,RAINFALL,0,0,0,0,0,0,0,0,0,0,0.5,#,#,0,0,0,0,0,0,0,0,0,0,0,
新竹,2025/02/26 00:00:00,RH,89,91,95,95,94,95,97,97,97,97,99,98,92,91,91,92,91,91,92,94,95,94,94,95,
新竹,2025/02/26 00:00:00,SO2,1.3,1.4,1.2,1.2,1.3,1.4,1.3,1.4,1.4,1.2,#,#,x,1.4,1,0.9,1.2,1.4,1.6,1.7,1.4,1.3,1.2,1.1,
新竹,2025/02/26 00:00:00,THC,2.01,2.02,2.06,2.01,2.02,2.08,2.09,2.27,2.3,2.14,2.16,#,2.09,2.04,2.02,2.04,2.07,2.09,2.17,2.19,2.28,2.17,2.19,2,
新竹,2025/02/26 00:00:00,WD_HR,17,301,13,37,42,34,46,58,60,44,36,41,35,31,43,45,37,39,34,59,12,289,283,292,
新竹,2025/02/26 00:00:00,WIND_DIREC,312,295,302,41,56,59,31,65,66,59,35,31,33,49,52,36,30,35,13,93,41,156,289,278,
新竹,2025/02/26 00:00:00,WIND_SPEED,0.7,0.7,0.8,1.3,1,0.6,0.6,0.9,0.5,1.4,1.8,0.9,2.6,1.1,0.8,1.4,2.2,1,0.4,0.3,0.3,0.3,1,0.7,
新竹,2025/02/26 00:00:00,WS_HR,0.1,0.6,0.3,0.5,0.6,0.6,0.6,0.5,0.6,1,0.9,0.8,1.5,0.5,0.7,0.6,1.6,1.2,0.6,0.2,0.2,0.3,0.5,1.1,
新竹,2025/02/27 00:00:00,AMB_TEMP,16.6,16.3,16.1,15.6,15.5,15.2,14.9,14.7,14.7,14.5,14.7,15.2,16.4,18.2,18.7,18.9,19.8,19.2,18.7,18.6,18.5,18.2,17.7,17.3,
新竹,2025/02/27 00:00:00,CH4,1.98,2.01,2.04,1.99,1.99,2.03,2.06,2.06,2.06,2.16,2.06,2.06,2.06,2.05,2.06,2.14,2.28,2.35,2.4,2.75,2.93,3.21,2.62,2.22,
新竹,2025/02/27 00:00:00,CO,0.25,0.27,0.29,0.31,0.31,0.36,0.42,0.51,0.53,0.48,0.47,0.46,0.48,0.51,0.51,0.6,0.83,1.1,1.32,1.81,2.43,2.72,1.49,0.6,
新竹,2025/02/27 00:00:00,NMHC,0.01,0.01,0.01,0.02,0.01,0.03,0.05,0.07,0.08,0.11,0.12,0.1,0.11,0.15,0.13,0.16,0.26,0.36,0.46,0.68,0.96,1.04,0.53,0.16,
新竹,2025/02/27 00:00:00,NO,1.1,0.3,0.3,0.6,0.4,0.3,0.3,0.5,0.8,0.9,1,1.2,1.2,2.1,2.1,1.8,2.4,3,7.7,20.9,51,81.8,44.3,2.9,
新竹,2025/02/27 00:00:00,NO2,5.9,6.1,5.7,6.6,6,8.8,9.6,11.3,13.4,12.6,11.4,11.5,11.3,15.7,19,20.2,33.7,46.4,52,58.1,54.7,49.8,37.3,25.8,
新竹,2025/02/27 00:00:00,NOx,7.1,6.5,6,7.2,6.4,9.2,9.9,11.8,14.3,13.6,12.5,12.7,12.6,17.8,21.1,22.1,36.2,49.4,59.8,79.1,105.8,131.7,81.6,28.8,
新竹,2025/02/27 00:00:00,O3,36.2,37.3,36.2,37.1,38.6,30.4,32.2,33.7,31.1,34.5,37.1,40.3,47.8,51.5,52.9,47.8,32.2,13.7,6.8,0,0,0,0.2,2.8,
新竹,2025/02/27 00:00:00,PM10,17,24,29,24,19,49,72,78,76,81,85,99,83,71,73,81,92,99,101,111,115,104,64,36,
新竹,2025/02/27 00:00:00,PM2.5,9,4,5,18,14,39,60,65,62,62,72,57,57,55,53,57,68,60,55,67,80,66,47,27,
新竹,2025/02/27 00:00:00,RAINFALL,0,0,0,0,0,0,0,0,0,0,0,0,0,0,0,0,0,0,0,0,0,0,0,0,
新竹,2025/02/27 00:00:00,RH,97,99,100,100,100,100,100,100,100,100,99,96,90,81,78,78,76,79,83,84,86,88,91,90,
新竹,2025/02/27 00:00:00,SO2,1.2,0.9,0.5,0.9,1.1,1.1,1.3,1.3,1.6,1.5,1.6,1.9,1.6,0.8,0.6,0.7,0.5,0.4,0.5,0.7,1.2,1.3,1.3,1.2,
新竹,2025/02/27 00:00:00,THC,1.99,2.02,2.05,2.01,2,2.06,2.11,2.13,2.14,2.27,2.18,2.16,2.17,2.2,2.19,2.3,2.54,2.71,2.86,3.43,3.89,4.25,3.15,2.38,
新竹,2025/02/27 00:00:00,WD_HR,292,291,277,289,290,300,288,286,291,339,339,348,63,100,308,286,302,306,333,16,114,130,80,70,
新竹,2025/02/27 00:00:00,WIND_DIREC,295,294,292,282,289,292,292,288,297,48,352,322,110,305,270,251,304,317,302,78,93,163,82,74,
新竹,2025/02/27 00:00:00,WIND_SPEED,1.1,0.5,1.6,0.5,1.1,0.6,0.7,1.4,0.9,0.9,0.8,1,0.8,1,1.3,0.3,1.1,0.5,0.4,0.3,0.3,0.6,0.8,0.5,
新竹,2025/02/27 00:00:00,WS_HR,1.4,0.2,1,0.6,0.9,0.8,0.7,0.7,0.7,0.2,0.4,0.5,0.5,0.1,0.5,0.3,0.7,0.8,0.2,0.3,0.2,0.3,0.5,0.5,
新竹,2025/02/28 00:00:00,AMB_TEMP,16.9,16.7,16.8,16.5,16.1,15.9,15.8,16.3,18.4,21.7,21.9,21.3,21.4,22.6,23.6,23.9,24.2,23.6,22.3,21.8,21.5,20.7,20,19.4,
新竹,2025/02/28 00:00:00,CH4,2.31,2.43,2.12,2.15,2.44,2.76,2.61,2.49,2.13,2.05,2.14,2.11,2.1,2.03,2,1.93,1.96,2.04,2.13,2.24,2.34,2.56,2.64,2.73,
新竹,2025/02/28 00:00:00,CO,0.55,0.56,0.32,0.29,0.37,0.44,0.49,0.56,0.5,0.43,0.54,0.53,0.49,0.45,0.4,0.22,0.26,0.36,0.53,0.66,0.7,1.03,1.11,1.02,
新竹,2025/02/28 00:00:00,NMHC,0.16,0.21,0.05,0.07,0.14,0.22,0.2,0.19,0.1,0.09,0.17,0.13,0.61,0.11,0.05,0.07,0.02,0.09,0.13,0.22,0.26,0.38,0.42,0.37,
新竹,2025/02/28 00:00:00,NO,2.3,6.1,0.8,0.6,2.8,7,16.5,20.9,17.7,7,5.5,3.6,2.4,2.7,1.3,1,0.9,0.8,0.8,0.8,0.9,13.2,13.8,12.9,
新竹,2025/02/28 00:00:00,NO2,21.2,20.1,11.8,8.9,14.4,15.9,16,18.1,17.3,13.9,19.9,20,20.3,19.9,12,7.3,7.1,10.7,19.3,24.3,30.7,41.2,41.2,33.7,
新竹,2025/02/28 00:00:00,NOx,23.6,26.3,12.6,9.5,17.3,22.9,32.5,39.1,35,20.9,25.4,23.6,22.7,22.6,13.3,8.3,8,11.6,20.2,25.2,31.6,54.4,55,46.6,
新竹,2025/02/28 00:00:00,O3,3.6,2.2,10.8,11.5,5.4,0.8,1.3,2.4,6.4,21.8,35.7,55.6,70.3,61.1,57.3,39.4,44.9,42.6,31.4,28.1,19.3,4,0.5,0.1,
新竹,2025/02/28 00:00:00,PM10,30,28,18,13,21,15,17,19,24,17,52,55,56,40,25,13,17,22,39,46,42,50,45,43,
新竹,2025/02/28 00:00:00,PM2.5,27,23,26,6,16,15,17,29,9,12,42,47,50,32,19,10,12,16,24,36,38,41,40,33,
新竹,2025/02/28 00:00:00,RAINFALL,0,0,0,0,0,0,0,0,0,0,0,0,0,0,0,0,0,0,0,0,0,0,0,0,
新竹,2025/02/28 00:00:00,RH,91,92,88,88,91,92,92,89,81,68,70,72,71,66,62,63,61,64,71,73,75,80,84,87,
新竹,2025/02/28 00:00:00,SO2,1.3,1.8,1.8,1.6,1.7,1.8,2,2.2,2.5,2,1.6,2.1,2.7,2.3,2,1.5,1.5,1.8,1.6,1.5,1.8,1.6,1.1,0.8,
新竹,2025/02/28 00:00:00,THC,2.47,2.64,2.17,2.22,2.58,2.98,2.81,2.68,2.23,2.14,2.31,2.24,2.71,2.14,2.05,2,1.98,2.13,2.26,2.46,2.6,2.94,3.06,3.1,
新竹,2025/02/28 00:00:00,WD_HR,69,95,77,87,105,114,95,70,56,314,292,284,296,290,330,307,44,44,296,36,62,104,117,136,
新竹,2025/02/28 00:00:00,WIND_DIREC,83,60,72,106,149,83,151,16,97,293,300,284,304,290,308,356,24,27,303,35,114,133,131,71,
新竹,2025/02/28 00:00:00,WIND_SPEED,0.3,0.3,0.9,0.5,0.4,0.3,0.3,0.3,0.5,1.3,2.5,2.1,2.1,1.6,1.5,0.8,1,0.4,0.6,0.5,0.5,0.3,0.3,0.3,
新竹,2025/02/28 00:00:00,WS_HR,0.3,0.3,0.9,0.5,0.3,0.2,0.2,0.2,0.2,0.4,1.8,2.1,2.1,1.5,0.9,0.9,0.6,0.7,1,0.4,0.4,0.2,0.2,0.3,
新竹,2025/03/01 00:00:00,AMB_TEMP,19.1,18.9,18.5,18.3,18.4,18.6,18.2,18.6,20.4,22.9,24.5,25.1,25.5,26.4,27.1,27,27.1,26.5,25.8,25.2,24.4,23.7,22.8,22.4,
新竹,2025/03/01 00:00:00,CH4,2.75,2.7,2.4,2.11,2.1,2.15,2.27,2.1,2.04,2.02,2.15,2.04,2,2.01,2,2.03,2.05,2.11,2.25,2.54,2.83,2.74,2.35,2.12,
新竹,2025/03/01 00:00:00,CO,0.92,0.66,0.58,0.34,0.28,0.27,0.31,0.34,0.38,0.38,0.51,0.42,0.34,0.35,0.29,0.31,0.37,0.46,0.72,1.24,1.56,1.25,0.7,0.46,
新竹,2025/03/01 00:00:00,NMHC,0.33,0.27,0.18,0.08,0.06,0.07,0.09,0.07,0.06,0.07,0.16,0.11,0.05,0.04,0.06,0.09,0.13,0.17,0.35,0.57,0.77,0.56,0.23,0.11,
新竹,2025/03/01 00:00:00,NO,8.3,2.7,1.5,0.8,0.6,0.6,0.8,2.3,5.7,4.9,5.5,2.5,2,1.2,1.1,0.9,0.9,0.9,0.9,10.1,23.4,15.7,4.5,0.8,
新竹,2025/03/01 00:00:00,NO2,31.5,25.9,22.2,12.2,8.1,8.5,11.8,11.9,15.3,13.9,18.8,12.2,10.6,8.1,9.1,10.2,13.8,17,31,47.3,46.8,44.9,29,19.1,
新竹,2025/03/01 00:00:00,NOx,39.8,28.7,23.8,13,8.8,9.2,12.7,14.3,21.1,18.8,24.3,14.7,12.6,9.4,10.3,11.2,14.7,18,31.9,57.5,70.2,60.7,33.5,19.9,
新竹,2025/03/01 00:00:00,O3,0,2.4,3.5,14.9,19.5,18.6,13.9,15.4,14.8,25,34.4,45.9,47.1,53.3,62,56,52,44.3,24.3,5.9,0.5,0.4,8.8,17.4,
新竹,2025/03/01 00:00:00,PM10,42,30,33,28,14,14,21,20,25,30,31,21,21,14,28,22,24,36,40,46,58,42,30,29,
新竹,2025/03/01 00:00:00,PM2.5,36,28,28,23,17,14,11,13,14,16,27,14,13,8,11,16,21,19,26,31,41,33,32,23,
新竹,2025/03/01 00:00:00,RAINFALL,0,0,0,0,0,0,0,0,0,0,0,0,0,0,0,0,0,0,0,0,0,0,0,0,
新竹,2025/03/01 00:00:00,RH,88,89,90,88,85,83,84,82,75,66,64,63,61,59,56,56,56,59,63,66,71,75,80,80,
新竹,2025/03/01 00:00:00,SO2,0.9,1.5,1.2,1.7,1.7,2.2,1.7,1.8,2.1,2.3,2.6,2.7,2.4,2.3,2.5,2.7,3,3,2.4,2.8,2.6,2.1,2.2,2.3,
新竹,2025/03/01 00:00:00,THC,3.08,2.97,2.58,2.19,2.16,2.22,2.36,2.17,2.1,2.09,2.31,2.15,2.05,2.05,2.06,2.12,2.18,2.28,2.6,3.11,3.6,3.3,2.58,2.23,
新竹,2025/03/01 00:00:00,WD_HR,150,130,85,75,67,68,43,48,63,51,313,288,351,40,35,35,20,351,335,135,151,142,74,73,
新竹,2025/03/01 00:00:00,WIND_DIREC,138,94,80,67,68,67,15,30,34,48,273,297,39,0,41,32,72,12,304,139,161,39,67,56,
新竹,2025/03/01 00:00:00,WIND_SPEED,0.3,0.3,0.6,1.4,1.7,0.6,1,0.6,0.8,0.6,1.4,2.4,1.8,1.1,1.2,0.5,0.3,0.4,0.4,0.6,0.5,0.3,0.4,0.3,
新竹,2025/03/01 00:00:00,WS_HR,0.4,0.3,0.5,1.1,1.3,0.9,0.7,1,0.7,0.6,0.6,1.8,0.7,1.1,0.9,0.5,0.4,0.3,0.3,0.4,0.3,0.4,0.6,0.7,
新竹,2025/03/02 00:00:00,AMB_TEMP,22.1,21.8,21.4,21.1,20.8,20.8,20.7,21,22.3,24.9,26.2,26.9,27.3,27.6,27.2,25.9,25.4,24.9,24,23.5,23.3,23.2,23.2,23,
新竹,2025/03/02 00:00:00,CH4,2.33,2.21,2.77,2.67,2.62,2.84,2.16,2.23,2.28,2.04,1.98,1.97,1.96,1.96,1.94,1.92,1.97,1.98,2.02,2.07,2.09,2.17,2.33,2.28,
新竹,2025/03/02 00:00:00,CO,0.62,0.44,0.47,0.39,0.36,0.4,0.29,0.33,0.46,0.36,0.29,0.28,0.27,0.25,0.23,0.21,0.26,0.33,0.37,0.39,0.42,0.48,0.61,0.51,
新竹,2025/03/02 00:00:00,NMHC,0.19,0.12,0.21,0.18,0.17,0.21,0.06,0.09,0.13,0.06,0.03,0.02,0.01,0,0,0,0.02,0.05,0.06,0.07,0.09,0.14,0.19,0.16,
新竹,2025/03/02 00:00:00,NO,2.5,0.9,1.1,0.9,2,2.4,1.5,2.7,7.9,5,1.8,1.3,1,0.9,1,0.9,1.7,1.3,0.6,0.6,0.8,1,1.4,1.7,
新竹,2025/03/02 00:00:00,NO2,27,17.8,18.3,14.6,17.2,18.7,13.1,14.1,17,14,8.1,6.8,6,6.1,5.4,4.3,11.1,12,10.5,11.7,14.3,19.3,23.9,21.9,
新竹,2025/03/02 00:00:00,NOx,29.6,18.8,19.4,15.6,19.2,21.1,14.7,16.9,24.9,19.1,10,8.1,7.1,7.1,6.4,5.3,12.9,13.4,11.1,12.4,15.2,20.3,25.4,23.7,
新竹,2025/03/02 00:00:00,O3,8,12.2,8.6,9.5,5.3,2.9,10.8,10.4,12.6,28.6,47.6,53.7,58.2,58.7,54.5,38.8,30,31.4,31.7,29.9,24.2,16.7,8,9.2,
新竹,2025/03/02 00:00:00,PM10,28,21,21,18,19,17,15,19,16,25,18,22,27,25,21,18,24,22,29,22,27,29,27,32,
新竹,2025/03/02 00:00:00,PM2.5,21,19,16,17,15,21,10,11,16,15,11,16,17,17,11,6,6,17,13,17,8,19,11,20,
新竹,2025/03/02 00:00:00,RAINFALL,0,0,0,0,0,0,0,0,0,0,0,0,0,0,0,0,0,0,0,0,0,0,0,0,
新竹,2025/03/02 00:00:00,RH,81,81,82,82,83,83,80,79,74,63,61,59,60,59,61,71,74,76,81,84,85,86,86,86,
新竹,2025/03/02 00:00:00,SO2,2,1.7,1.7,1.6,1.7,1.6,1.6,1.9,2.7,3.8,3.4,2.9,2.5,2.8,2.8,2.1,3.3,3.2,1.9,2,1.8,1.9,2,1.9,
新竹,2025/03/02 00:00:00,THC,2.52,2.33,2.98,2.85,2.79,3.05,2.22,2.32,2.41,2.1,2.01,1.99,1.97,1.96,1.94,1.92,1.99,2.03,2.08,2.14,2.18,2.31,2.52,2.44,
新竹,2025/03/02 00:00:00,WD_HR,95,85,119,171,163,86,79,57,77,35,35,300,297,285,291,259,258,248,291,231,182,161,162,143,
新竹,2025/03/02 00:00:00,WIND_DIREC,77,52,100,157,126,100,76,103,67,44,45,317,276,244,286,236,267,243,297,198,227,111,240,161,
新竹,2025/03/02 00:00:00,WIND_SPEED,0.3,0.3,0.3,0.7,0.3,0.4,0.3,0.7,0.9,0.7,1.2,1.7,1.2,1.9,2.6,2.5,1.4,0.8,1,0.5,0.3,0.3,0.3,0.9,
新竹,2025/03/02 00:00:00,WS_HR,0.3,0.3,0.2,0.3,0.3,0.3,0.7,0.3,0.6,0.6,0.6,0.8,0.7,1.6,2.2,1.5,1.2,0.7,1.1,0.5,0.2,0.1,0.4,0.4,
新竹,2025/03/03 00:00:00,AMB_TEMP,23,22.7,22.5,22.3,22.1,22.2,22.4,22.5,23.5,24.1,23.8,22.5,24.5,24.3,25.5,24.9,25.2,24.8,24.5,24.3,23.4,23.5,18.6,17.9,
新竹,2025/03/03 00:00:00,CH4,2.2,2.5,2.52,2.68,2.38,2.27,2.63,2.43,2.21,2.25,2.11,1.98,2.03,2.05,1.99,2,1.98,2,2.05,2.01,2,2.09,2.03,2.03,
新竹,2025/03/03 00:00:00,CO,0.42,0.46,0.43,0.42,0.31,0.29,0.51,0.65,0.84,0.7,0.43,0.35,0.42,0.35,0.27,0.25,0.31,0.41,0.47,0.38,0.29,0.36,0.43,0.39,
新竹,2025/03/03 00:00:00,NMHC,0.1,0.18,0.18,0.21,0.11,0.09,0.21,0.21,0.25,0.22,0.1,0.06,0.12,0.09,0.04,0.04,0.07,0.09,0.13,0.08,0.04,0.13,0.03,0.04,
新竹,2025/03/03 00:00:00,NO,0.9,0.4,0.6,0.5,0.5,0.4,14.7,15.2,10.8,14.6,7.8,#,5.7,4.7,2.5,1,1.3,0.8,0.6,0.4,0.2,0.7,0.7,0.6,
新竹,2025/03/03 00:00:00,NO2,17.2,18,16,15.9,13.3,12.2,19.9,22.7,24.8,25,22.2,#,17.9,19.8,11.2,11.2,13.9,15.7,19.3,15.2,13.6,16,16.2,11.4,
新竹,2025/03/03 00:00:00,NOx,18.1,18.5,16.6,16.4,13.9,12.7,34.6,38,35.7,39.6,30,#,23.6,24.5,13.8,12.2,15.2,16.5,19.9,15.7,13.8,16.8,17,12,
新竹,2025/03/03 00:00:00,O3,16.5,11.2,9.6,5.9,9.7,8.8,2.3,2,4.8,4.1,8.3,7.4,7.2,8.4,19.6,20.7,21.5,22.3,18.9,19.4,17.8,12.8,12.9,19.9,
新竹,2025/03/03 00:00:00,PM10,32,27,32,31,28,22,25,30,31,40,41,33,#,38,37,40,34,38,45,46,24,34,5,6,
新竹,2025/03/03 00:00:00,PM2.5,25,24,21,26,21,24,22,17,20,21,25,#,27,25,24,30,17,14,20,19,12,17,3,9,
新竹,2025/03/03 00:00:00,RAINFALL,0,0,0,0,0,0,0,0,0,0,0,0,0,0,0,0,0,0,0,0,0,0,1.5,0.5,
新竹,2025/03/03 00:00:00,RH,86,87,88,89,87,85,86,85,82,84,88,96,89,90,86,89,87,89,92,94,99,100,99,98,
新竹,2025/03/03 00:00:00,SO2,2.4,1.8,1.7,1.5,1.5,1.7,1.6,1.6,1.8,2.3,2,1.4,1.5,2.2,1.7,1.5,1.4,1.4,1.4,1,0.9,0.9,0.7,0.7,
新竹,2025/03/03 00:00:00,THC,2.3,2.68,2.7,2.89,2.49,2.36,2.84,2.64,2.46,2.47,2.21,2.04,2.15,2.14,2.03,2.04,2.05,2.09,2.18,2.09,2.04,2.22,2.06,2.07,
新竹,2025/03/03 00:00:00,WD_HR,149,139,119,134,68,83,172,205,295,27,319,111,263,317,165,305,263,257,245,301,20,28,359,56,
新竹,2025/03/03 00:00:00,WIND_DIREC,152,147,47,88,86,58,180,145,308,33,354,151,303,163,224,96,255,272,240,309,20,299,357,51,
新竹,2025/03/03 00:00:00,WIND_SPEED,0.5,0.4,0.3,0.3,0.6,0.3,1,0.4,1.1,0.7,0.8,0.8,1.1,0.7,0.5,0.6,1.2,0.8,1,1.2,0.5,1.5,1.5,1.1,
新竹,2025/03/03 00:00:00,WS_HR,0.3,0.4,0.3,0.3,0.5,0.2,0.4,0.1,0.2,0.5,0.5,0.2,0.4,0.3,0.4,0.9,0.7,0.4,1.1,0.5,0.2,0.4,0.6,0.9,
新竹,2025/03/04 00:00:00,AMB_TEMP,18.7,19.5,20,20,20.4,21,21.2,21.3,21.3,22.2,20.7,19.4,21.5,23.1,23,21.8,21,18.6,18.8,19.2,19.7,20.7,19.9,18.5,
新竹,2025/03/04 00:00:00,CH4,2.06,2.08,2.1,2.05,1.96,2.03,2.04,2.14,2.1,2.05,2.05,2.02,1.98,1.99,2.01,2.02,2,1.99,2.03,2.04,2.07,2.09,2.05,2.01,
新竹,2025/03/04 00:00:00,CO,0.4,0.34,0.32,0.27,0.19,0.18,0.22,0.47,0.61,0.54,0.4,0.35,0.32,0.32,0.34,0.3,0.32,0.38,0.47,0.43,0.48,0.45,0.4,0.39,
新竹,2025/03/04 00:00:00,NMHC,0.04,0.04,0.04,0.04,0.01,0.03,0.04,0.12,0.16,0.15,0.1,0.11,0.09,0.12,0.12,0.1,0.1,0.06,0.08,0.09,0.11,0.11,0.1,0.07,
新竹,2025/03/04 00:00:00,NO,0.5,0.8,0.7,0.8,0.5,0.4,0.9,7.8,17.5,19.1,7.2,3.3,3.9,3.6,2.6,1.1,0.7,0.9,1.1,0.8,0.9,2,1.3,0.8,
新竹,2025/03/04 00:00:00,NO2,13.4,12.8,11.9,12.5,9.7,7.6,12,23.1,23.8,22.9,18,12,12.1,12.3,14.6,13.1,14,8.8,12.5,13.2,17.6,21.2,17.8,9.2,
新竹,2025/03/04 00:00:00,NOx,13.9,13.7,12.6,13.3,10.3,8.1,12.9,30.9,41.3,42,25.3,15.4,16.1,15.9,17.2,14.3,14.7,9.7,13.7,14.1,18.6,23.2,19.2,10,
新竹,2025/03/04 00:00:00,O3,15.8,12,11.4,12.2,19.4,18.8,13.5,4,0.8,4.2,13,25.3,30.8,33.5,32.7,31,28.8,27.1,21.8,21.2,13.5,10,14.3,33.4,
新竹,2025/03/04 00:00:00,PM10,5,2,1,1,2,1,6,6,9,7,21,27,24,26,33,32,29,9,3,0,4,4,4,15,
新竹,2025/03/04 00:00:00,PM2.5,11,7,2,3,3,2,4,7,16,7,20,17,17,20,22,19,16,6,3,2,4,5,11,9,
新竹,2025/03/04 00:00:00,RAINFALL,3,0.5,1,14,0.5,1,0,0,1,0,0.5,0,0,0,0,0,1.5,22.5,6.5,0.5,0,0.5,0,0.5,
新竹,2025/03/04 00:00:00,RH,98,97,98,98,94,90,89,91,93,90,93,94,84,80,83,88,92,98,98,96,96,93,95,95,
新竹,2025/03/04 00:00:00,SO2,0.7,0.2,0.3,0.1,0.2,0.3,0.3,0.3,0.2,0.4,0.5,0.4,0.8,1,1.3,1.1,0.5,0.3,0.5,0.1,0.2,0.3,0.3,0.3,
新竹,2025/03/04 00:00:00,THC,2.1,2.12,2.14,2.09,1.97,2.06,2.08,2.26,2.26,2.2,2.15,2.13,2.07,2.11,2.13,2.12,2.1,2.05,2.11,2.13,2.18,2.2,2.15,2.08,
新竹,2025/03/04 00:00:00,WD_HR,100,82,82,157,106,60,71,73,77,58,356,33,49,36,349,43,341,25,59,52,78,87,354,33,
新竹,2025/03/04 00:00:00,WIND_DIREC,108,86,106,142,51,70,93,52,45,120,39,42,34,44,47,28,346,70,61,55,152,14,48,44,
新竹,2025/03/04 00:00:00,WIND_SPEED,0.8,0.3,0.9,1.8,1,1.5,0.7,0.7,0.8,0.6,2.3,2.5,2.3,1.2,1.3,1.2,3.2,1.8,2.4,1.7,0.9,0.6,1.9,3.6,
新竹,2025/03/04 00:00:00,WS_HR,0.7,0.6,0.3,0.9,0.7,0.8,0.5,0.6,0.5,0.4,0.8,2.6,2,1,0.4,1.4,0.9,1.4,1.4,1.4,0.8,0.5,0.6,2.7,
新竹,2025/03/05 00:00:00,AMB_TEMP,17.2,17.1,18,17.3,17.2,17.3,17.2,15.9,15.5,15.6,15.9,15.7,15.4,14.9,14.9,15.1,15.3,15.7,16.1,16.5,16.8,17,17.1,17.2,
新竹,2025/03/05 00:00:00,CH4,2,2.04,2.05,2.01,2.02,2.04,2.01,1.99,1.99,1.99,2,1.99,2,1.99,1.98,1.97,1.97,1.99,1.98,1.98,1.99,1.99,1.98,1.96,
新竹,2025/03/05 00:00:00,CO,0.35,0.32,0.3,0.29,0.28,0.29,0.31,0.35,0.34,0.3,0.31,0.29,0.31,0.24,0.23,0.23,0.24,0.29,0.29,0.25,0.26,0.28,0.25,0.2,
新竹,2025/03/05 00:00:00,NMHC,0.05,0.04,0.03,0.07,0.05,0.08,0.07,0.06,0.06,0.07,0.08,0.08,0.07,0.06,0.06,0.05,0.05,0.06,0.06,0.05,0.06,0.07,0.04,0.02,
新竹,2025/03/05 00:00:00,NO,0.7,0.9,0.8,0.7,0.9,0.7,0.6,0.9,1.3,1.7,2.5,1.8,1.3,1.1,1.2,1.1,1.2,1,0.7,0.8,0.7,0.9,0.8,0.6,
新竹,2025/03/05 00:00:00,NO2,6.6,9.7,7.3,7.8,7.2,8.4,9.3,8.2,10.1,11.8,14.7,12.2,11.2,8.1,8.5,8.7,8.5,11.9,11.3,9.3,9.9,11.8,10.9,7.7,
新竹,2025/03/05 00:00:00,NOx,7.4,10.7,8.2,8.5,8.2,9.2,10,9.2,11.4,13.6,17.2,14.1,12.5,9.2,9.7,9.9,9.8,12.9,12,10.2,10.6,12.8,11.8,8.3,
新竹,2025/03/05 00:00:00,O3,39.7,35.6,35.3,31.4,30.8,26.4,26.2,26,25.8,26.3,25,28.4,28.6,35.4,36.2,36.5,35.7,32,34.3,35.3,33.6,31,32,36.9,
新竹,2025/03/05 00:00:00,PM10,12,6,0,5,13,7,3,10,8,9,11,21,13,11,6,4,10,14,11,8,7,5,6,11,
新竹,2025/03/05 00:00:00,PM2.5,8,6,1,5,9,7,7,5,4,5,3,11,13,10,5,8,6,8,6,5,5,10,11,8,
新竹,2025/03/05 00:00:00,RAINFALL,4.5,1.5,0.5,0.5,2.5,1.5,0.5,1,2.5,1,0,0,0,0,0,0,0,0,0,0,0,0,0,0,
新竹,2025/03/05 00:00:00,RH,97,97,95,96,96,97,98,97,96,96,95,96,96,97,95,95,94,95,94,93,92,91,91,91,
新竹,2025/03/05 00:00:00,SO2,0.4,1.3,1.2,1.6,1.5,1.8,1.9,1.4,1.7,1.9,2.3,2,1.8,2,2,2.3,2.2,2.3,2.5,2.4,2.3,1.8,2.3,2.2,
新竹,2025/03/05 00:00:00,THC,2.05,2.08,2.08,2.08,2.07,2.12,2.08,2.05,2.05,2.06,2.08,2.07,2.07,2.05,2.04,2.02,2.02,2.05,2.04,2.03,2.05,2.06,2.02,1.98,
新竹,2025/03/05 00:00:00,WD_HR,40,44,42,35,45,35,33,39,35,44,34,34,34,33,51,37,44,28,32,48,36,33,29,29,
新竹,2025/03/05 00:00:00,WIND_DIREC,49,47,30,45,36,29,32,50,39,50,35,45,38,41,51,34,53,36,43,44,54,30,31,33,
新竹,2025/03/05 00:00:00,WIND_SPEED,2.9,2.1,2.4,2.1,2.4,2,3,3.7,2.8,2.8,3.6,2.6,3.4,3.1,2.8,4.4,3.3,3.2,2.9,3.4,2.6,3,3.1,3.7,
新竹,2025/03/05 00:00:00,WS_HR,2.6,1.8,1.7,2.1,1.8,1.3,2.1,3,2.9,2.5,2.7,2.8,2.6,2.5,2.6,3.1,3,2.9,2.7,2.8,2.2,2.2,2.6,2.8,
新竹,2025/03/06 00:00:00,AMB_TEMP,17,16.8,15.8,15.2,14,13.3,12.7,12.7,13,13.4,13.6,13.2,13.3,13.4,13.5,13.6,13.5,13.3,13.3,13.5,13.6,13.8,13.5,13.5,
新竹,2025/03/06 00:00:00,CH4,1.96,1.96,1.96,1.96,1.95,1.95,1.95,1.98,1.96,1.96,1.97,1.97,1.96,1.96,1.96,1.96,1.95,1.96,1.96,1.96,1.96,1.95,1.95,1.96,
新竹,2025/03/06 00:00:00,CO,0.19,0.18,0.18,0.18,0.16,0.17,0.17,0.24,0.23,0.22,0.23,0.22,0.22,0.22,0.22,0.21,0.22,0.23,0.22,0.2,0.2,0.2,0.19,0.17,
新竹,2025/03/06 00:00:00,NMHC,0.02,0.01,0.01,0.01,0,0.01,0.02,0.03,0.04,0.04,0.06,0.05,0.04,0.05,0.04,0.04,0.04,0.04,0.04,0.02,0.02,0.02,0.02,0.01,
新竹,2025/03/06 00:00:00,NO,0.7,0.5,0.3,0.4,0.2,0.5,0.4,0.7,0.9,1,0.8,0.9,0.9,1,0.9,0.8,0.7,0.5,0.4,0.6,0.3,0.5,0.5,0.4,
新竹,2025/03/06 00:00:00,NO2,6,5.9,3.5,3.3,3.2,3.6,4.2,7.7,8,8.5,9.4,8.5,7.3,7,7.6,7.7,8.1,8,7.8,6.5,6.8,5.9,5.3,4.4,
新竹,2025/03/06 00:00:00,NOx,6.7,6.4,3.9,3.7,3.5,4.2,4.7,8.4,9,9.6,10.3,9.4,8.3,8.1,8.5,8.5,8.9,8.5,8.3,7.1,7.2,6.4,5.9,4.9,
新竹,2025/03/06 00:00:00,O3,38,39.1,42.2,42.4,43.6,43.2,42.1,36.8,37.1,36.4,35.8,37.9,40.6,41.3,40.9,41.3,42.1,41.4,40.8,42.6,43.7,44.3,45.2,47.3,
新竹,2025/03/06 00:00:00,PM10,6,4,4,2,3,4,4,3,6,14,14,8,9,11,17,14,19,15,14,17,18,16,20,18,
新竹,2025/03/06 00:00:00,PM2.5,11,6,3,7,6,6,5,6,6,10,8,10,8,8,10,12,13,9,11,7,13,16,16,13,
新竹,2025/03/06 00:00:00,RAINFALL,0,0,0,5,4.5,5,3.5,0.5,0,0,0,0,0.5,0,0,0,0,0,0,0,0,0,0,0,
新竹,2025/03/06 00:00:00,RH,94,95,98,98,98,96,95,94,93,91,91,94,92,90,90,90,89,91,90,88,87,85,88,83,
新竹,2025/03/06 00:00:00,SO2,2,1.9,1.8,1.9,2.2,2.7,3,3.4,3.5,3.4,3.6,3.3,3.5,3.5,3.5,3.3,3.3,3.3,3.3,3.5,3.7,3.3,3.5,3.2,
新竹,2025/03/06 00:00:00,THC,1.98,1.97,1.97,1.97,1.95,1.96,1.97,2.01,2,2,2.03,2.02,2,2.01,2,2,1.99,2,2,1.98,1.98,1.97,1.97,1.97,
新竹,2025/03/06 00:00:00,WD_HR,30,32,32,37,37,37,38,37,31,32,31,31,31,29,30,31,33,31,35,30,31,34,30,36,
新竹,2025/03/06 00:00:00,WIND_DIREC,34,35,25,40,35,42,44,30,30,31,33,31,29,32,36,31,31,29,35,32,28,32,24,43,
新竹,2025/03/06 00:00:00,WIND_SPEED,2.5,3.4,3.1,3.1,2.7,3,3.3,4.4,4.7,4.5,4.1,5,5.9,4.9,4.7,5.1,4.9,5.4,5.1,5.3,4.5,4.6,5.3,4.6,
新竹,2025/03/06 00:00:00,WS_HR,2.6,2.2,3.5,2.7,3.2,3.4,3.5,2.8,3.7,3.6,3.8,4.1,4.6,4.1,4.2,4.3,4.3,4.2,3.7,4.8,4.1,3.6,4.2,3.8,
新竹,2025/03/07 00:00:00,AMB_TEMP,13.8,13.9,13.8,13.7,13.8,14.1,14.4,14.6,14.9,15.4,16.5,17.2,17.1,17,17,16.6,15.6,14.4,14.3,14.1,14,13.6,13.7,13.9,
新竹,2025/03/07 00:00:00,CH4,1.97,1.98,1.96,1.97,1.97,1.99,1.98,1.98,1.98,1.98,1.97,1.96,1.96,1.96,1.96,1.97,1.95,1.96,1.96,1.97,1.97,1.95,1.95,1.95,
新竹,2025/03/07 00:00:00,CO,0.18,0.19,0.18,0.19,0.21,0.23,0.25,0.32,0.34,0.35,0.32,0.32,0.31,0.29,0.3,0.34,0.32,0.31,0.32,0.29,0.27,0.24,0.22,0.2,
新竹,2025/03/07 00:00:00,NMHC,0.03,0.03,0.02,0.03,0.03,0.04,0.03,0.05,0.07,0.07,0.07,0.07,0.06,0.05,0.06,0.1,0.08,0.06,0.09,0.05,0.04,0.05,0.04,0.03,
新竹,2025/03/07 00:00:00,NO,0.4,0.1,0.2,0.1,0.1,0,0.1,0.4,0.8,1.4,1.5,1.4,1,0.8,0.8,0.4,0.4,0.4,0,0.2,0.4,0.2,0.3,0.3,
新竹,2025/03/07 00:00:00,NO2,4.6,5.4,4,4.6,4.8,5.5,6.5,9.5,12.1,13.5,11.7,10,8.8,8.9,9.1,12,10.9,9.5,10.3,9,9.6,8.6,6.2,5.2,
新竹,2025/03/07 00:00:00,NOx,5.1,5.5,4.2,4.7,5,5.6,6.6,10,13,14.9,13.3,11.4,9.8,9.7,10,12.5,11.4,9.9,10.4,9.2,10,8.9,6.5,5.5,
新竹,2025/03/07 00:00:00,O3,45.2,44,45.9,44.6,45.2,44.6,45.3,42.4,40.4,39.6,43.2,45.9,47,45.6,43.1,40.2,43.9,43.3,41.2,44,43.9,46.3,48.3,49.5,
新竹,2025/03/07 00:00:00,PM10,25,14,10,20,17,22,26,23,37,30,31,25,17,20,17,21,30,19,10,13,11,10,23,21,
新竹,2025/03/07 00:00:00,PM2.5,13,9,7,11,14,15,18,17,15,17,17,11,9,13,11,15,16,15,17,11,12,14,13,13,
新竹,2025/03/07 00:00:00,RAINFALL,0,0,0,0,0,0,0,0,0,0,0,0,0,0,0,0,0,0,0,0.5,0.5,0,0,0,
新竹,2025/03/07 00:00:00,RH,80,81,81,82,82,79,77,75,74,72,68,66,67,68,70,72,81,94,94,95,93,95,94,89,
新竹,2025/03/07 00:00:00,SO2,3.2,1.2,1,1.3,1.5,1.2,1.3,1.8,1.3,#,0.7,0.1,0,0,0,0,#,1.1,1.4,1.9,2.1,2.3,2.3,2.5,
新竹,2025/03/07 00:00:00,THC,2,2.01,1.98,2,2,2.03,2.01,2.03,2.05,2.05,2.04,2.03,2.02,2.01,2.02,2.07,2.03,2.02,2.05,2.02,2.01,2,1.99,1.98,
新竹,2025/03/07 00:00:00,WD_HR,38,38,34,31,35,40,41,40,36,47,45,37,39,50,49,34,32,39,35,34,35,31,36,34,
新竹,2025/03/07 00:00:00,WIND_DIREC,35,39,30,35,28,46,45,44,46,55,48,27,23,45,48,31,32,41,41,37,26,30,35,30,
新竹,2025/03/07 00:00:00,WIND_SPEED,4.1,4.8,5.1,3.7,3.4,3.8,3.6,3.6,4,2.9,3.3,4.8,4.2,2.8,2.7,3.3,3.9,2.1,3,2.1,2.5,3.2,3.3,3.9,
新竹,2025/03/07 00:00:00,WS_HR,3.3,3.2,3.5,3.1,3,2.7,3.1,2.8,3.2,2.8,2.8,3.3,3,2.6,2.1,2.5,3.4,2.4,2.2,2.4,2.5,3.2,2.6,3,
新竹,2025/03/08 00:00:00,AMB_TEMP,13.5,13.6,13.7,13.9,14,13.9,13.9,14.1,14.5,15.1,16.3,16.2,15.9,15.6,15.6,15.6,15.6,15.5,15.5,15.6,15.4,15.4,15.4,15.4,
新竹,2025/03/08 00:00:00,CH4,1.95,1.95,1.95,1.96,1.96,1.97,1.98,1.96,1.97,1.97,1.97,1.97,1.94,1.94,1.95,1.94,1.95,1.96,1.96,1.97,1.98,2.01,2.01,2,
新竹,2025/03/08 00:00:00,CO,0.19,0.17,0.18,0.18,0.18,0.2,0.21,0.22,0.24,0.26,0.27,0.26,0.25,0.22,0.22,0.22,0.23,0.25,0.24,0.24,0.28,0.31,0.28,0.26,
新竹,2025/03/08 00:00:00,NMHC,0.03,0.02,0.02,0.02,0.02,0.03,0.03,0.04,0.04,0.05,0.06,0.06,0.05,0.03,0.05,0.05,0.05,0.05,0.05,0.06,0.09,0.1,0.08,0.07,
新竹,2025/03/08 00:00:00,NO,0.4,0.3,0.2,0.2,0.3,0.3,0.2,0.3,0.3,1.2,1.4,1.1,1,0.4,0.5,0.5,0.6,0.5,0.5,0.4,0.3,0.1,0.4,0.2,
新竹,2025/03/08 00:00:00,NO2,4.6,4.6,4,4.3,4.3,5,7.3,7.5,9.5,12.1,11.1,9.6,8.4,7,7.5,8,7.8,9.5,9.8,9.1,10.4,12.5,11.4,11,
新竹,2025/03/08 00:00:00,NOx,5.1,5,4.3,4.5,4.6,5.3,7.5,7.9,9.8,13.4,12.5,10.8,9.4,7.4,8,8.5,8.5,10,10.3,9.5,10.8,12.7,11.8,11.2,
新竹,2025/03/08 00:00:00,O3,49.9,51.1,51.2,50.5,50.6,47.5,44.5,44.4,42.7,40.3,42.9,44.9,46.9,49.9,49.3,49.5,49.4,46.7,47.2,46.4,42,38.5,40.7,40.7,
新竹,2025/03/08 00:00:00,PM10,25,28,30,30,29,30,30,31,31,34,31,33,35,31,32,32,32,25,24,22,24,21,20,25,
新竹,2025/03/08 00:00:00,PM2.5,16,11,10,20,14,15,11,13,11,12,10,12,16,15,12,13,11,17,11,11,9,11,10,12,
新竹,2025/03/08 00:00:00,RAINFALL,0,0,0,0,0,0,0,0,0,0,0,0,0,0,0,0,0,0,0,0,0,0,0,0,
新竹,2025/03/08 00:00:00,RH,88,81,80,80,80,83,84,80,79,78,74,76,76,75,76,77,77,78,76,77,80,81,80,80,
新竹,2025/03/08 00:00:00,SO2,2.6,1.2,0.8,1,1,1,1.1,1.3,1,1,0.8,0.4,0.3,0.1,0.2,0.3,0.2,0.5,0.6,0.4,0.4,0.7,0.6,0.9,
新竹,2025/03/08 00:00:00,THC,1.98,1.97,1.97,1.98,1.98,2,2.01,2,2.01,2.02,2.03,2.03,1.99,1.97,2,1.99,2,2.01,2.01,2.03,2.07,2.11,2.09,2.07,
新竹,2025/03/08 00:00:00,WD_HR,34,34,33,39,33,39,43,36,44,40,33,33,32,33,34,33,31,40,39,46,48,42,41,33,
新竹,2025/03/08 00:00:00,WIND_DIREC,34,28,34,53,29,51,32,38,44,32,28,34,28,35,34,32,41,39,40,35,53,30,39,29,
新竹,2025/03/08 00:00:00,WIND_SPEED,3.2,3.4,3.4,2,2.7,2,1.7,2.9,3,2.9,3.2,3.6,3.8,3.6,3.4,3.2,3.4,2.7,2.7,2.6,2.7,2.5,2.2,2.1,
新竹,2025/03/08 00:00:00,WS_HR,2.9,2.5,2.8,2.1,2.2,1.9,1.6,2.3,2.1,2.2,2.1,2.9,3.2,3.4,2.6,3.4,3.1,2.6,2.6,2.2,2.2,1.8,1.9,1.8,
新竹,2025/03/09 00:00:00,AMB_TEMP,15.4,15.5,15.6,15.6,16.1,16.1,16,16.6,17.6,19,19.8,19.6,20.3,21.1,21.2,21.5,21.1,19.8,18.3,18.1,18,18,17.9,18,
新竹,2025/03/09 00:00:00,CH4,2.03,2.05,2.1,2.07,2,2.01,2.04,2.03,1.99,1.97,1.96,1.94,1.94,1.95,1.94,1.96,1.96,1.97,1.95,1.96,1.97,1.96,1.97,2.01,
新竹,2025/03/09 00:00:00,CO,0.26,0.28,0.27,0.25,0.21,0.2,0.24,0.27,0.27,0.27,0.25,0.24,0.24,0.25,0.24,0.26,0.27,0.28,0.26,0.25,0.26,0.26,0.24,0.24,
新竹,2025/03/09 00:00:00,NMHC,0.06,0.08,0.06,0.06,0.04,0.03,0.06,0.07,0.05,0.05,0.05,0.04,0.04,0.05,0.05,0.06,0.06,0.07,0.06,0.05,0.05,0.05,0.06,0.06,
新竹,2025/03/09 00:00:00,NO,0.2,0.4,0.7,0.5,0.6,0.4,0.5,0.8,1.2,1.5,1.6,1.2,1.3,1.4,1.2,1.2,1.1,1,0.7,0.7,0.5,0.5,0.6,0.5,
新竹,2025/03/09 00:00:00,NO2,9.4,9.4,9.1,8.3,6.6,5.4,7.1,9,8.5,7.7,8,5.2,5.8,6.4,6.4,7.1,7.4,9,8.3,7.8,10.4,10.5,10.1,9.3,
新竹,2025/03/09 00:00:00,NOx,9.7,9.8,9.9,8.8,7.2,5.9,7.7,9.8,9.7,9.2,9.6,6.4,7.2,7.8,7.6,8.4,8.5,10,9,8.6,10.9,11.1,10.7,9.8,
新竹,2025/03/09 00:00:00,O3,40.7,39.4,38.4,39.3,42.7,44.3,41.1,39.3,41.8,44.5,46.6,50.9,50.7,50.8,51,49.4,46.6,41.5,43.6,44.4,42.6,40.5,39.3,36.6,
新竹,2025/03/09 00:00:00,PM10,23,21,21,23,28,21,21,25,26,23,30,29,30,30,27,23,21,21,23,18,16,17,22,14,
新竹,2025/03/09 00:00:00,PM2.5,11,13,11,8,11,9,11,11,11,10,14,12,13,13,14,18,6,13,11,14,12,11,10,10,
新竹,2025/03/09 00:00:00,RAINFALL,0,0,0,0,0,0,0,0,0,0,0,0,0,0,0,0,0,0,0,0,0,0,0,0,
新竹,2025/03/09 00:00:00,RH,80,81,82,83,81,81,81,79,75,71,70,69,69,67,67,68,70,75,80,81,83,86,88,89,
新竹,2025/03/09 00:00:00,SO2,0.9,1.6,1.4,1.6,1.3,1.1,0.8,1.2,1,0.5,0.4,0.6,0.8,0.8,1,0.9,0.4,0.6,0.5,0.3,0.8,0.8,1,0.8,
新竹,2025/03/09 00:00:00,THC,2.09,2.13,2.16,2.13,2.04,2.04,2.1,2.1,2.04,2.02,2.01,1.98,1.98,2,1.99,2.02,2.02,2.04,2.01,2.01,2.02,2.01,2.03,2.07,
新竹,2025/03/09 00:00:00,WD_HR,48,34,48,47,35,47,44,39,31,29,40,34,33,32,32,31,37,36,33,37,33,32,33,36,
新竹,2025/03/09 00:00:00,WIND_DIREC,53,27,49,49,43,40,51,43,35,21,40,29,32,37,35,26,39,39,32,31,43,35,29,52,
新竹,2025/03/09 00:00:00,WIND_SPEED,1.8,2,1.1,1.5,1.6,1.8,1.6,2.3,2.6,2.7,3.1,3.6,3.4,3,3.4,3.4,3.1,2.2,3.1,2.5,1.8,2.2,1.2,0.8,
新竹,2025/03/09 00:00:00,WS_HR,1.5,1.4,1.2,1.4,1.5,1.5,1.5,1.7,2.2,2.5,2,2.9,2.8,2.7,3.2,2.9,2.6,2.3,2.7,2.4,2,1.7,1.5,1.2,
新竹,2025/03/10 00:00:00,AMB_TEMP,18,17.7,17.8,17.6,16.8,16.9,17.2,17,16.8,17,17.4,17.7,18.4,19.6,20.1,19.1,17.4,17.2,17.4,17.4,17.3,17.2,17.2,16.7,
新竹,2025/03/10 00:00:00,CH4,2.05,2.01,2.1,2.06,1.97,1.99,2,1.99,1.97,1.97,2,1.99,2.01,1.98,1.98,1.97,1.98,2.01,2.03,2.06,2.12,2.13,2.22,2.22,
新竹,2025/03/10 00:00:00,CO,0.25,0.21,0.22,0.21,0.17,0.2,0.21,0.27,0.25,0.27,0.28,0.27,0.28,0.24,0.23,0.22,0.28,0.34,0.37,0.38,0.4,0.49,0.55,0.45,
新竹,2025/03/10 00:00:00,NMHC,0.07,0.03,0.04,0.04,0,0.02,0.03,0.03,0.03,0.03,0.04,0.03,0.07,0.08,0.06,0.02,0.03,0.1,0.15,0.2,0.29,0.25,0.24,0.21,
新竹,2025/03/10 00:00:00,NO,0.6,0.1,0.2,0.4,0.2,0.2,0.2,0.5,0.7,0.8,1.1,1.2,1.3,1.3,1.3,0.8,0.6,0.7,0.5,0.5,0.6,0.7,1.1,0.6,
新竹,2025/03/10 00:00:00,NO2,10.3,6.1,7.9,9.4,5.4,6.7,8.1,10.5,11,11,10.5,9.7,10.1,10,8.6,7.8,9.2,13.8,18.2,19.4,21,27.8,33.3,25.4,
新竹,2025/03/10 00:00:00,NOx,10.9,6.2,8.2,9.8,5.6,7,8.4,11.1,11.7,11.9,11.7,10.9,11.4,11.3,10,8.6,9.8,14.5,18.8,19.9,21.6,28.6,34.5,26.1,
新竹,2025/03/10 00:00:00,O3,33.5,41.1,35.8,33.8,45.5,39.9,37.7,34.8,36.2,36.1,38.7,42.2,46.5,50,53.2,54.9,54.3,46.5,39.8,33.2,27.6,14.3,5.7,12.1,
新竹,2025/03/10 00:00:00,PM10,21,22,29,23,30,35,40,44,50,50,61,62,60,51,58,52,50,60,42,47,54,63,58,83,
新竹,2025/03/10 00:00:00,PM2.5,12,12,13,12,12,13,15,12,19,17,18,23,26,21,24,20,26,25,27,31,34,40,41,51,
新竹,2025/03/10 00:00:00,RAINFALL,0,0,0,0,0,0,0,0,0,0,0,0,0,0,0,0,0,0,0,0,0,0,0,0,
新竹,2025/03/10 00:00:00,RH,90,91,92,92,93,93,92,93,93,93,91,89,86,81,79,82,88,90,91,93,94,95,95,97,
新竹,2025/03/10 00:00:00,SO2,0.7,2.3,2.2,2,1.7,1.6,1.8,1.7,2.1,1.9,1.8,2.1,1.7,2.2,2.3,2.1,1.9,2,2,1.8,1.9,2.2,2.8,2.8,
新竹,2025/03/10 00:00:00,THC,2.12,2.04,2.14,2.1,1.96,2.01,2.03,2.02,2,2,2.04,2.02,2.08,2.06,2.04,1.99,2.01,2.11,2.18,2.26,2.41,2.38,2.46,2.43,
新竹,2025/03/10 00:00:00,WD_HR,26,39,56,304,31,41,31,38,22,336,39,39,36,296,297,304,38,36,43,39,35,42,1,275,
新竹,2025/03/10 00:00:00,WIND_DIREC,292,41,62,299,48,49,23,70,286,47,75,34,49,295,295,307,38,35,52,29,33,68,281,291,
新竹,2025/03/10 00:00:00,WIND_SPEED,0.7,1.5,1.3,1.2,1.5,1.8,0.7,0.8,1.1,1,0.7,1,0.6,2.5,3.2,1.3,1.3,1.3,1,0.4,0.4,0.5,0.9,0.8,
新竹,2025/03/10 00:00:00,WS_HR,0.4,0.8,0.7,0.8,0.8,1.4,1.1,0.2,0.3,0.3,0.5,1.2,0.5,1.3,1.7,1,0.9,1.1,1.1,0.5,0.5,0.3,0.2,0.8,
新竹,2025/03/11 00:00:00,AMB_TEMP,16.2,16.1,16,16,16,16.3,16.4,16.8,17.7,19.9,21.3,22,22.8,24.5,27,25.8,24,21.6,20.2,19.9,19.9,20,20,20.1,
新竹,2025/03/11 00:00:00,CH4,2.17,2.19,2.23,2.25,2.22,2.27,2.22,2.13,2.19,2.2,2.17,#,2.04,2.04,2.06,2.08,2.01,2.02,2.01,2.1,2.13,2.18,2.23,2.37,
新竹,2025/03/11 00:00:00,CO,0.4,0.39,0.39,0.44,0.49,0.48,0.43,0.46,0.54,0.61,0.51,0.37,#,0.36,0.37,0.39,0.36,0.4,0.37,0.45,0.45,0.5,0.53,0.6,
新竹,2025/03/11 00:00:00,NMHC,0.22,0.2,0.21,0.25,0.26,0.33,0.25,0.21,0.26,0.28,0.26,#,0.14,0.11,0.11,0.13,0.07,0.07,0.06,0.16,0.3,0.36,0.28,0.27,
新竹,2025/03/11 00:00:00,NO,0.5,1,0.9,1,1.1,3.3,4.8,5.6,10.7,15.9,12.3,5.9,#,3.2,2.6,3.3,1.8,1,0.6,0.8,0.8,0.8,0.9,0.9,
新竹,2025/03/11 00:00:00,NO2,21.6,21.6,19.5,23.1,22.1,26.5,22.3,20.3,21.3,22.1,23,18,#,16.1,16.4,24.8,12,11.5,13.1,14.7,19,31,30.8,31.1,
新竹,2025/03/11 00:00:00,NOx,22.2,22.6,20.5,24.1,23.2,29.9,27.2,25.9,32,38,35.3,23.9,#,19.4,19,28.2,13.9,12.5,13.7,15.5,19.9,31.9,31.7,32.1,
新竹,2025/03/11 00:00:00,O3,10.7,8,6.8,3.9,6.4,0,5.7,9.6,7.8,12.5,21,37.8,#,46.6,55.4,53.1,65.6,67.3,57.3,41.4,27.9,18.4,12.5,9.3,
新竹,2025/03/11 00:00:00,PM10,79,66,70,61,46,50,39,42,34,39,44,44,#,45,45,56,38,42,41,47,51,54,57,57,
新竹,2025/03/11 00:00:00,PM2.5,60,56,58,52,41,44,41,28,30,32,35,#,37,35,30,39,26,34,31,34,33,42,42,44,
新竹,2025/03/11 00:00:00,RAINFALL,0,0,0,0,0,0,0,0,0,0,0,#,#,0,0,0,0,0,0,0,0,0,0,0,
新竹,2025/03/11 00:00:00,RH,100,100,100,100,100,100,100,99,95,84,80,78,76,68,57,65,65,78,86,88,89,88,88,88,
新竹,2025/03/11 00:00:00,SO2,2.3,1.7,1.5,1.6,1.5,1.5,1.8,1.8,1.8,1.9,1.9,2.3,#,#,3.2,4.7,2.2,1.7,1.5,2.1,2.1,2,2.2,1.8,
新竹,2025/03/11 00:00:00,THC,2.39,2.39,2.44,2.5,2.48,2.6,2.47,2.34,2.45,2.48,2.43,#,2.18,2.15,2.17,2.21,2.08,2.09,2.07,2.26,2.43,2.54,2.51,2.64,
新竹,2025/03/11 00:00:00,WD_HR,1,296,28,38,47,17,41,75,35,34,18,38,6,236,274,285,284,296,294,1,18,34,64,18,
新竹,2025/03/11 00:00:00,WIND_DIREC,305,268,348,46,29,34,56,32,38,354,31,20,31,249,288,293,295,288,328,38,20,12,62,265,
新竹,2025/03/11 00:00:00,WIND_SPEED,0.5,0.5,0.3,1.1,0.8,0.8,1,0.5,0.9,1,1.4,1.2,1.4,0.8,2.1,1.8,2,1.3,0.5,0.3,0.7,0.9,0.4,0.3,
新竹,2025/03/11 00:00:00,WS_HR,0.2,0.5,0.2,0.4,0.4,0.5,0.7,0.6,0.5,0.6,0.4,1,0.6,0.1,0.9,1.8,1.7,1.2,0.8,0.3,0.3,0.7,0.3,0.1,
新竹,2025/03/12 00:00:00,AMB_TEMP,19.4,19.7,20.2,20.1,19.1,18.2,18.6,19.2,20.6,22.9,26.5,28.5,28.9,29.3,29.9,27.2,25.1,23.6,23.6,24,23.8,23.6,23.5,23.3,
新竹,2025/03/12 00:00:00,CH4,2.5,2.53,2.56,2.38,2.37,2.16,2.23,2.33,2.39,2.4,2.19,1.95,1.93,1.92,1.92,1.94,1.95,2.02,2.1,2.01,2.01,2.07,2.07,2.21,
新竹,2025/03/12 00:00:00,CO,0.54,0.6,0.47,0.37,0.43,0.36,0.41,0.6,0.8,0.92,0.57,0.25,0.23,0.2,0.22,0.25,0.3,0.43,0.65,0.47,0.42,0.48,0.41,0.38,
新竹,2025/03/12 00:00:00,NMHC,0.39,0.32,0.18,0.14,0.2,0.15,0.17,0.23,0.3,0.33,0.2,0.06,0.04,0.04,0.04,0.04,0.06,0.11,0.21,0.13,0.11,0.15,0.12,0.13,
新竹,2025/03/12 00:00:00,NO,1,3.3,1,0.7,1.1,0.9,1.5,6.5,21.4,32.1,14.6,2.8,3.1,3.6,3,2.4,2.8,7.9,4.1,2.3,1.5,1.7,1,1,
新竹,2025/03/12 00:00:00,NO2,27.3,31.6,24,16.9,18.9,19.8,22.1,24.5,24.4,31.8,22.1,9.1,8.5,9.5,8.3,7.8,14.5,32.8,39,25.2,23,25.3,23.2,21.2,
新竹,2025/03/12 00:00:00,NOx,28.3,34.9,25,17.6,20,20.7,23.7,31,45.9,63.9,36.7,12,11.6,13.2,11.4,10.2,17.4,40.8,43.2,27.5,24.6,27,24.3,22.3,
新竹,2025/03/12 00:00:00,O3,7.2,1.8,8,8.7,3.9,9.4,7.4,5.2,3.3,5.7,20.8,29.8,28.4,27,27.4,39.5,29.2,8.1,2.5,11,13.1,9.7,11.6,7.8,
新竹,2025/03/12 00:00:00,PM10,63,58,42,28,46,29,32,36,42,47,37,17,17,12,17,21,19,24,25,21,25,27,29,27,
新竹,2025/03/12 00:00:00,PM2.5,44,40,34,26,46,29,32,37,35,41,25,13,13,8,11,17,20,16,17,18,14,17,19,17,
新竹,2025/03/12 00:00:00,RAINFALL,0,0,0,0,0,0,0,0,0,0,0,0,0,0,0,0,0,0,0,0,0,0,0,0,
新竹,2025/03/12 00:00:00,RH,92,90,88,89,93,97,96,93,88,80,64,55,53,51,50,63,72,78,78,78,79,80,81,84,
新竹,2025/03/12 00:00:00,SO2,1.5,2,1.7,1.5,1.5,2.2,2.7,3.8,3.7,2.6,2.3,2.1,2.9,3.9,2.9,2.4,2,3.6,3,1.9,1.9,1.8,1.7,1.9,
新竹,2025/03/12 00:00:00,THC,2.89,2.85,2.74,2.52,2.57,2.31,2.4,2.56,2.69,2.73,2.39,2.01,1.97,1.96,1.96,1.98,2.01,2.13,2.31,2.14,2.12,2.22,2.19,2.34,
新竹,2025/03/12 00:00:00,WD_HR,291,81,71,4,294,295,280,240,122,53,250,256,247,243,259,281,282,301,306,160,158,205,156,36,
新竹,2025/03/12 00:00:00,WIND_DIREC,86,74,58,291,296,15,303,147,64,77,242,261,246,188,262,271,263,306,289,154,190,231,50,66,
新竹,2025/03/12 00:00:00,WIND_SPEED,0.4,1.1,0.3,0.4,1.6,0.3,0.3,0.3,0.4,0.3,1.5,2.1,2.9,1.4,2,1.9,1.1,0.9,0.3,1.1,0.6,0.4,0.4,0.5,
新竹,2025/03/12 00:00:00,WS_HR,0.3,0.5,0.3,0.2,1.2,0.7,0.5,0.2,0.2,0.4,0.4,1.4,1.8,1.2,1.7,1.8,1.6,0.8,0.5,0.9,0.6,0.3,0.3,0.5,
新竹,2025/03/13 00:00:00,AMB_TEMP,22.8,22.9,22.9,22.7,22.6,22.6,22.4,22.5,22.3,20.6,20.3,18.8,20.1,22.3,22.8,21.8,22.1,20.8,19.1,18.2,18.1,18.5,18.9,18.5,
新竹,2025/03/13 00:00:00,CH4,2.25,2.28,2.23,2.52,2.2,2.18,2.21,2.19,2.03,2,2.05,2.02,2.04,2.06,2.09,2.1,2.18,2.11,2.05,2.03,2.03,2.04,2.07,2.04,
新竹,2025/03/13 00:00:00,CO,0.39,0.39,0.36,0.41,0.3,0.29,0.32,0.37,0.38,0.32,0.32,0.34,0.35,0.35,0.41,0.43,0.55,0.44,0.4,0.34,0.34,0.36,0.38,0.3,
新竹,2025/03/13 00:00:00,NMHC,0.14,0.17,0.14,0.21,0.09,0.07,0.09,0.11,0.08,0.06,0.08,0.08,0.11,0.12,0.16,0.18,0.22,0.2,0.23,0.14,0.11,0.12,0.14,0.09,
新竹,2025/03/13 00:00:00,NO,7.6,4.1,2.5,3.1,1,0.6,2.1,5.2,2.3,3.2,2.8,4,8.8,11.1,7.7,4.5,12.7,5,1.6,0.6,0.6,0.7,0.4,0.4,
新竹,2025/03/13 00:00:00,NO2,20.4,25.1,23.3,23.2,20.1,16.8,18.2,19.2,16.6,21,21.8,18.9,20.3,19.9,25.2,26.5,32.8,26.2,25.1,18.9,19.5,22.9,19.1,15.9,
新竹,2025/03/13 00:00:00,NOx,28.1,29.3,25.8,26.3,21.1,17.5,20.3,24.5,18.9,24.2,24.6,23,29.2,31.1,33,31.1,45.5,31.2,26.7,19.6,20.1,23.7,19.5,16.4,
新竹,2025/03/13 00:00:00,O3,0.2,0.2,5.4,0.5,6.1,11.6,3.9,7.8,17.3,8.3,9.7,10.7,10.5,13.5,8.1,8.8,2.8,7,11.9,22.2,23.9,17.2,18.4,27.4,
新竹,2025/03/13 00:00:00,PM10,14,31,27,28,21,22,28,27,26,16,7,16,5,7,11,7,7,18,28,33,31,43,35,35,
新竹,2025/03/13 00:00:00,PM2.5,13,21,21,20,16,19,18,17,13,18,10,13,12,10,11,11,14,9,24,23,29,29,21,25,
新竹,2025/03/13 00:00:00,RAINFALL,0,0,0,0,0,0,0,0,0.5,1.5,21,1,0,0,1.5,6.5,2,0,0,0,0.5,0,0,0,
新竹,2025/03/13 00:00:00,RH,87,87,86,88,87,87,89,91,91,98,99,99,96,90,91,98,99,99,98,98,98,98,97,99,
新竹,2025/03/13 00:00:00,SO2,2,2.6,2.7,2.4,2.2,2.2,2.3,2.2,2.1,2.4,2.1,1.7,1.8,2.3,2.3,1.9,1.8,2.1,2.4,3,3.7,3.3,2.1,2.3,
新竹,2025/03/13 00:00:00,THC,2.39,2.45,2.37,2.73,2.29,2.25,2.3,2.3,2.11,2.06,2.13,2.1,2.15,2.18,2.25,2.28,2.4,2.31,2.28,2.17,2.14,2.16,2.21,2.13,
新竹,2025/03/13 00:00:00,WD_HR,24,329,303,164,152,183,306,333,298,317,305,49,54,52,261,166,68,30,37,38,56,54,38,37,
新竹,2025/03/13 00:00:00,WIND_DIREC,43,308,282,135,166,284,98,289,299,46,23,24,53,66,212,163,40,46,34,33,53,46,33,36,
新竹,2025/03/13 00:00:00,WIND_SPEED,0.5,0.3,0.3,0.4,0.9,0.8,0.5,0.4,2.1,0.9,1.4,1,0.7,0.7,1.2,1,0.8,1.2,2.7,3.3,1.8,2.4,2.1,2,
新竹,2025/03/13 00:00:00,WS_HR,0.5,0.3,0.2,0.2,0.4,0.4,0.4,0.1,1,0.4,0.6,0.9,0.9,0.5,0.3,0.6,0.3,1,1.9,1.6,1.7,1.9,1.6,1.6,
新竹,2025/03/14 00:00:00,AMB_TEMP,18.2,18,18,18,18,17.4,17,17.3,17.1,17,18.1,18.9,19.9,21.6,22.9,23,20.7,18.8,18.2,18,18,17.6,17.4,17.7,
新竹,2025/03/14 00:00:00,CH4,2.01,2.03,2.03,2.01,2.01,2,2.02,2.03,2.02,2.01,2.02,2.05,2.04,2.03,2.04,2.09,2.07,2.04,2.05,2.03,2.04,2.01,2.01,2.05,
新竹,2025/03/14 00:00:00,CO,0.27,0.25,0.26,0.25,0.27,0.27,0.29,0.38,0.39,0.35,0.35,0.39,0.41,0.4,0.38,0.44,0.39,0.38,0.43,0.39,0.38,0.32,0.28,0.27,
新竹,2025/03/14 00:00:00,NMHC,0.04,0.04,0.06,0.04,0.03,0.04,0.04,0.09,0.11,0.12,0.09,0.13,0.12,0.12,0.14,0.23,0.15,0.15,0.19,0.21,0.19,0.07,0.05,0.04,
新竹,2025/03/14 00:00:00,NO,0.2,0.4,0.4,0.4,0.4,0.6,0.7,1.3,1.6,1.4,2.1,3.3,3.1,2.9,2.9,3.6,2.8,1.2,0.8,0.5,0.6,0.7,0.6,0.5,
新竹,2025/03/14 00:00:00,NO2,11.3,9.1,7.1,6,7.3,6.3,9.4,15.7,15.1,13.6,15.4,17.4,18.8,18.2,16.1,19.8,19.3,16.5,17.3,17.4,19.7,12.1,10.1,10.9,
新竹,2025/03/14 00:00:00,NOx,11.6,9.6,7.5,6.5,7.8,7,10.1,17,16.7,15,17.5,20.7,21.9,21.2,19.1,23.4,22.1,17.7,18.1,18,20.3,12.9,10.7,11.4,
新竹,2025/03/14 00:00:00,O3,34.3,36,38.6,40.3,38.7,41,31.5,24,25.6,28.7,26.6,27.9,30.9,34,37.8,36,30.2,30.4,28.1,26,21.4,30.9,32.5,27.3,
新竹,2025/03/14 00:00:00,PM10,23,24,24,32,31,25,19,23,25,19,8,8,12,18,13,22,24,33,39,35,42,38,21,19,
新竹,2025/03/14 00:00:00,PM2.5,18,21,17,11,15,10,15,16,21,11,11,7,16,18,6,17,19,28,27,31,36,33,21,17,
新竹,2025/03/14 00:00:00,RAINFALL,0,0,0,0,0,0,0,0,0.5,0,0,0,0,0,0,0,0,0,0,0,0,0,0,0,
新竹,2025/03/14 00:00:00,RH,99,100,100,100,100,100,98,96,98,98,95,93,89,85,81,81,90,95,96,96,96,98,99,97,
新竹,2025/03/14 00:00:00,SO2,2.1,0.6,0.4,0.4,0.4,0.4,0.5,0.7,0.5,0.6,1.1,0.8,0.9,0.8,1,1.6,1.5,1,1.2,1.4,1.4,0.9,0.5,0.7,
新竹,2025/03/14 00:00:00,THC,2.05,2.07,2.09,2.05,2.04,2.04,2.06,2.12,2.13,2.13,2.11,2.18,2.16,2.15,2.18,2.32,2.22,2.19,2.24,2.24,2.23,2.08,2.06,2.09,
新竹,2025/03/14 00:00:00,WD_HR,30,39,34,34,35,36,45,37,41,45,60,41,61,57,37,31,36,38,35,37,39,34,48,48,
新竹,2025/03/14 00:00:00,WIND_DIREC,25,38,52,25,48,39,50,33,43,54,47,67,46,37,320,358,33,34,47,26,40,25,48,78,
新竹,2025/03/14 00:00:00,WIND_SPEED,2.1,1.6,0.8,1.9,1.5,1.9,1.3,1.6,1.3,2.1,1.6,1.1,1.8,1.6,0.7,1,1.7,2.4,1.1,1.2,1.1,2.8,1.2,0.4,
新竹,2025/03/14 00:00:00,WS_HR,1.8,1.3,1.3,1.5,1.8,1.8,1.9,1,0.9,1.6,1.2,1.3,1.2,1.1,0.7,1,1.1,1.6,1.2,1.6,0.9,1.9,1.5,0.7,
新竹,2025/03/15 00:00:00,AMB_TEMP,18.1,18.5,18.5,18.5,16.2,16.5,17.3,18.2,18.4,19,18.6,18.6,18.9,19.7,18.1,17.7,17.4,16.3,15.9,15.6,15.4,15.1,14.7,14.6,
新竹,2025/03/15 00:00:00,CH4,2.06,2.11,2.19,2.19,1.99,2.03,2.06,2.24,2.17,2.21,2.09,2.01,2.11,2.08,2.05,2.01,2,2,1.99,1.99,1.97,1.96,1.96,1.95,
新竹,2025/03/15 00:00:00,CO,0.3,0.35,0.34,0.32,0.25,0.27,0.3,0.44,0.51,0.63,0.4,0.37,0.53,0.4,0.33,0.28,0.29,0.29,0.28,0.24,0.22,0.21,0.21,0.19,
新竹,2025/03/15 00:00:00,NMHC,0.06,0.09,0.1,0.1,0.04,0.05,0.06,0.13,0.14,0.21,0.12,0.07,0.14,0.1,0.1,0.06,0.09,0.05,0.05,0.04,0.03,0.03,0.03,0.03,
新竹,2025/03/15 00:00:00,NO,0.6,1,0.9,0.9,0.8,0.7,1.1,2.4,7,16.5,8.2,1.4,3,5.3,1.8,1.6,1.8,1.1,0.9,1,0.8,0.9,0.8,0.8,
新竹,2025/03/15 00:00:00,NO2,12.9,16.6,16.2,16.7,10,9.3,12.1,19.2,23.8,24.3,16.1,12,23.5,21.2,17.7,13.7,12.2,9.7,10.1,9.2,9,8.4,6.5,6.1,
新竹,2025/03/15 00:00:00,NOx,13.5,17.7,17.2,17.7,10.8,10,13.2,21.6,30.9,40.8,24.3,13.4,26.5,26.6,19.6,15.3,14.1,10.9,11,10.2,9.9,9.3,7.4,7,
新竹,2025/03/15 00:00:00,O3,20.4,14.6,11.7,9.4,32.2,28.2,21.7,10.7,4.3,2.8,22.9,31.1,19.9,20.9,23.3,30.8,33.2,38.5,36.5,37.6,37.3,37,37.4,35.7,
新竹,2025/03/15 00:00:00,PM10,26,29,32,34,8,4,0,1,6,6,7,8,10,7,7,4,5,20,21,21,19,17,11,13,
新竹,2025/03/15 00:00:00,PM2.5,23,25,24,26,12,7,4,6,5,2,6,13,7,5,8,9,14,10,12,15,8,6,10,11,
新竹,2025/03/15 00:00:00,RAINFALL,0,0,0,9.5,19,0,0.5,6,0.5,0.5,5,2.5,3.5,0,4.5,2,0,0,0,0,0,0,0,0,
新竹,2025/03/15 00:00:00,RH,95,94,95,97,99,98,97,97,99,99,99,99,99,98,99,98,94,93,92,90,88,89,92,92,
新竹,2025/03/15 00:00:00,SO2,0.5,0.9,1,1.2,1,1.5,1.2,0.9,0.9,1.1,1.2,0.7,1.1,0.7,1.2,1,1.1,1.2,1.2,1.1,1.1,1.4,1.1,1.2,
新竹,2025/03/15 00:00:00,THC,2.12,2.2,2.29,2.29,2.03,2.08,2.12,2.37,2.31,2.42,2.21,2.08,2.25,2.18,2.15,2.07,2.09,2.05,2.04,2.03,2,1.99,1.99,1.98,
新竹,2025/03/15 00:00:00,WD_HR,63,304,114,289,56,81,85,24,87,14,301,145,63,44,27,59,41,48,53,43,51,54,48,37,
新竹,2025/03/15 00:00:00,WIND_DIREC,32,304,107,309,78,80,106,27,66,32,14,210,79,279,51,39,44,50,48,56,58,50,42,30,
新竹,2025/03/15 00:00:00,WIND_SPEED,0.3,0.4,0.3,2.1,1.3,2,0.6,1,0.4,0.7,1.4,0.5,1.6,1.2,2.2,1.9,3.9,3,3.5,3.1,2.6,3.3,3.3,3.4,
新竹,2025/03/15 00:00:00,WS_HR,0.3,0.3,0.1,0.7,0.8,1.1,0.8,0.4,0.4,0.5,1.2,0.6,0.5,0.8,0.9,1.9,2.1,2.4,2.6,2.7,2.4,2.8,2.4,2.8,
新竹,2025/03/16 00:00:00,AMB_TEMP,14.2,13.8,13.5,13.5,13.5,13.4,13.3,13.4,13.6,13.8,14.4,14.8,15.3,15.4,15,15.3,14.9,14.3,14,14.1,14.2,14.1,14.1,14.1,
新竹,2025/03/16 00:00:00,CH4,1.96,1.98,1.97,1.97,1.97,1.98,1.98,1.98,1.98,1.98,1.98,1.96,1.96,1.95,1.95,1.95,1.96,1.97,1.98,1.99,1.99,1.99,2,2.01,
新竹,2025/03/16 00:00:00,CO,0.19,0.19,0.18,0.18,0.18,0.2,0.23,0.24,0.25,0.27,0.27,0.26,0.25,0.23,0.23,0.23,0.24,0.27,0.29,0.3,0.29,0.28,0.27,0.28,
新竹,2025/03/16 00:00:00,NMHC,0.03,0.03,0.02,0.02,0.02,0.03,0.05,0.04,0.04,0.05,0.04,0.04,0.03,0.03,0.03,0.03,0.03,0.04,0.04,0.04,0.03,0.02,0.02,0.02,
新竹,2025/03/16 00:00:00,NO,0.7,0.8,0.6,0.7,0.8,0.7,0.8,0.8,1,1.2,1.4,1.4,1.5,1.1,1.1,1.1,1.1,0.9,0.9,0.8,0.8,0.7,0.8,0.8,
新竹,2025/03/16 00:00:00,NO2,5.9,6.1,5.2,4.9,4.7,5.8,6.7,7.1,7.1,8.4,8.5,7,6.3,6,6.2,6,6.9,7.5,7.9,8.3,7.6,6.5,6.2,6.1,
新竹,2025/03/16 00:00:00,NOx,6.6,6.9,5.9,5.7,5.5,6.6,7.6,8,8.1,9.7,10,8.4,7.8,7.1,7.4,7.2,8,8.5,8.8,9.1,8.4,7.3,7,6.9,
新竹,2025/03/16 00:00:00,O3,36.4,37.6,40,40.1,38.6,34.8,32.3,32.5,35.6,35.3,35.8,43.2,46.5,48.6,51.9,52.7,55.4,58.7,58.5,56.7,57.1,59.4,59.1,57.8,
新竹,2025/03/16 00:00:00,PM10,10,5,2,13,9,8,12,16,15,12,12,22,18,21,21,15,30,44,48,48,45,44,50,45,
新竹,2025/03/16 00:00:00,PM2.5,10,8,6,5,4,5,11,8,7,9,7,10,11,12,12,8,21,21,29,31,27,25,28,28,
新竹,2025/03/16 00:00:00,RAINFALL,3.5,3.5,1,0,0,0,0,0,0,0,0,0,0,0,0,0,0,0,0,0,0,0,0,0,
新竹,2025/03/16 00:00:00,RH,94,96,95,91,88,89,89,86,81,76,71,65,62,60,59,55,54,56,59,57,57,58,58,56,
新竹,2025/03/16 00:00:00,SO2,1.9,0.9,1.2,1.8,1.6,2.1,2.1,2,2,2.1,1.9,1.9,1.6,1,0.8,0.6,0.9,1.1,0.7,1.3,1.5,1.4,1.5,2,
新竹,2025/03/16 00:00:00,THC,1.99,2.01,1.99,1.99,1.99,2.01,2.03,2.02,2.02,2.03,2.02,2,1.99,1.98,1.98,1.98,1.99,2.01,2.02,2.03,2.02,2.01,2.02,2.03,
新竹,2025/03/16 00:00:00,WD_HR,39,38,40,54,61,48,51,55,49,51,50,48,38,41,40,46,34,34,51,56,52,58,49,50,
新竹,2025/03/16 00:00:00,WIND_DIREC,36,40,46,61,53,59,58,52,35,55,43,43,49,40,39,34,37,49,53,53,54,54,44,38,
新竹,2025/03/16 00:00:00,WIND_SPEED,3,3.1,2.9,3,2.5,2.8,3.1,2.9,3.7,3.3,3.4,4,4.1,4.5,3.8,4.6,4.5,4.2,3.8,3,3.9,3.5,4.1,3,
新竹,2025/03/16 00:00:00,WS_HR,2.8,2.1,2.3,2.2,2.5,2.6,2.7,2.6,2.7,2.7,2.9,3.3,3.2,3.5,3.5,3.2,3.5,3.5,3.3,2.9,3,3,2.9,2.7,
新竹,2025/03/17 00:00:00,AMB_TEMP,14.2,14,14,13.7,13.3,13.2,13.1,13.2,13.4,13.3,13.4,13.2,13,13,13,13.4,13.5,13.5,13.3,13.1,13.1,13.3,13.4,13.5,
新竹,2025/03/17 00:00:00,CH4,2.01,2.03,2,1.98,1.99,1.99,1.99,1.99,1.98,1.99,2,1.99,1.99,1.99,2,2,2.01,2.02,2.04,2.04,2.04,2.05,2.05,2.06,
新竹,2025/03/17 00:00:00,CO,0.29,0.32,0.3,0.27,0.27,0.27,0.28,0.31,0.3,0.29,0.29,0.28,0.27,0.26,0.27,0.28,0.3,0.35,0.37,0.39,0.36,0.34,0.32,0.32,
新竹,2025/03/17 00:00:00,NMHC,0.03,0.05,0.04,0.04,0.03,0.04,0.04,0.05,0.05,0.06,0.06,0.07,0.07,0.06,0.07,0.08,0.1,0.11,0.12,0.1,0.1,0.1,0.11,0.12,
新竹,2025/03/17 00:00:00,NO,0.7,0.6,0.3,0.4,0.4,0.4,0.5,0.7,1,1,1.3,1,0.8,0.7,0.9,1.2,1.1,0.9,0.5,0.6,0.6,0.5,0.5,0.4,
新竹,2025/03/17 00:00:00,NO2,6.4,7.4,5.7,4.6,5,5.6,6.4,8.6,8.7,9.9,10.9,10.9,10.2,9.9,11.6,12.3,13.8,17.4,17.7,17.1,17.5,17,15.1,14.6,
新竹,2025/03/17 00:00:00,NOx,7.2,8.1,6,5,5.4,6.1,7,9.3,9.7,11,12.3,12,11,10.7,12.5,13.6,14.9,18.4,18.3,17.8,18.2,17.5,15.6,15.1,
新竹,2025/03/17 00:00:00,O3,54.1,45.8,46.4,49.1,49,47.4,46.1,43.9,44.2,42.8,42.1,43.3,44.5,45.4,44.5,44.2,43,38,38.3,38.3,36.7,36.8,38.8,37.7,
新竹,2025/03/17 00:00:00,PM10,52,52,50,48,50,46,44,50,43,50,47,46,43,38,40,43,41,40,41,36,33,32,30,31,
新竹,2025/03/17 00:00:00,PM2.5,29,33,35,31,28,28,28,30,23,27,28,27,24,21,25,27,23,24,22,24,22,21,19,16,
新竹,2025/03/17 00:00:00,RAINFALL,0,0,0,0,0,0,0,0,0,0,0,0,0,0,0,0,0,0,0,0,0,0,0,0,
新竹,2025/03/17 00:00:00,RH,58,61,61,62,61,60,60,60,59,59,57,57,57,59,59,58,59,59,61,63,63,64,65,66,
新竹,2025/03/17 00:00:00,SO2,2,1.3,1,1.1,1.4,1.2,1.3,1.5,1.3,1.5,1.4,0.9,1.1,1,1.1,1.1,1.2,1.1,1.1,1.5,1.7,2.1,1.9,1.9,
新竹,2025/03/17 00:00:00,THC,2.04,2.08,2.04,2.02,2.02,2.03,2.03,2.04,2.03,2.05,2.06,2.06,2.06,2.05,2.07,2.08,2.11,2.13,2.16,2.14,2.14,2.15,2.16,2.18,
新竹,2025/03/17 00:00:00,WD_HR,42,32,28,27,38,35,34,29,29,34,43,31,33,36,42,37,34,47,43,50,43,47,41,30,
新竹,2025/03/17 00:00:00,WIND_DIREC,42,29,25,30,48,31,29,32,31,37,41,31,21,25,42,29,48,54,36,47,49,52,35,37,
新竹,2025/03/17 00:00:00,WIND_SPEED,3.9,4.1,4.2,4.7,4.6,3.9,4,4.8,4.7,4.5,3.7,4.7,4.7,3,2.8,2.8,2.1,2,2.2,2.3,2,1.8,1.6,2.2,
新竹,2025/03/17 00:00:00,WS_HR,3,3.2,3.6,4.2,3.5,3.2,3.2,3.6,3.7,3.6,3,3.3,2.9,2.6,2.6,2.3,2.2,2.1,1.9,1.9,1.9,1.7,1.4,1.7,
新竹,2025/03/18 00:00:00,AMB_TEMP,13.6,13.8,14.1,14.2,14.4,14.3,13.7,13.7,14.3,15.2,16,16,16.3,16.1,15.8,15.8,16.5,15.9,15,14.6,14.4,14.2,13.8,13.9,
新竹,2025/03/18 00:00:00,CH4,2.07,2.04,2.04,2.07,2.02,2.02,1.98,2.01,2.01,2,1.98,1.99,1.98,2,1.99,1.99,1.98,1.99,1.99,2,1.98,1.97,1.97,2.03,
新竹,2025/03/18 00:00:00,CO,0.32,0.29,0.25,0.25,0.22,0.21,0.21,0.29,0.39,0.32,0.27,0.31,0.3,0.3,0.25,0.28,0.28,0.3,0.31,0.31,0.26,0.24,0.22,0.21,
新竹,2025/03/18 00:00:00,NMHC,0.1,0.11,0.07,0.06,0.04,0.03,0.03,0.06,0.13,0.09,0.06,0.12,0.1,0.1,0.09,0.11,0.1,0.1,0.09,0.09,0.06,0.03,0.04,0.04,
新竹,2025/03/18 00:00:00,NO,0.4,0.5,0.4,0.4,0.4,0.5,0.5,0.9,1.6,2.1,1.9,1.7,2.1,1.5,1.3,1.4,2.1,1.3,0.6,0.6,0.5,0.4,0.4,0.4,
新竹,2025/03/18 00:00:00,NO2,14.1,12.9,11.3,12.9,9.6,7.2,7.6,14.5,19.6,19.5,14.9,15.3,15.8,16.4,15.2,15.9,15.4,15.3,14.2,14.6,11.3,7.7,7,6.6,
新竹,2025/03/18 00:00:00,NOx,14.5,13.5,11.7,13.3,10,7.8,8.1,15.4,21.2,21.7,16.9,17.1,17.9,17.9,16.6,17.3,17.6,16.7,14.8,15.3,11.8,8.2,7.5,7.1,
新竹,2025/03/18 00:00:00,O3,37.9,38.7,40.3,36.7,41.8,43.2,38.9,34.5,29.3,35,42,42.4,44,42.1,49.2,45.7,47.7,47,48.6,46.5,52.5,52.9,49.9,49.4,
新竹,2025/03/18 00:00:00,PM10,33,27,27,25,25,17,17,9,14,20,23,20,23,23,27,22,29,23,21,21,22,19,15,12,
新竹,2025/03/18 00:00:00,PM2.5,16,20,17,17,13,14,12,9,8,10,10,13,13,21,11,18,13,15,14,14,13,14,11,11,
新竹,2025/03/18 00:00:00,RAINFALL,0,0,0,0,0,0,0,0,0,0,0,0,0,0,0,0,0,0,0,0,0,0,0,0,
新竹,2025/03/18 00:00:00,RH,68,69,67,68,65,66,61,57,55,49,47,49,47,45,44,45,42,44,47,49,50,49,48,43,
新竹,2025/03/18 00:00:00,SO2,1.7,2.4,2.5,2.5,2.2,2,2,1.8,2.2,2.4,2.2,1.8,1.5,1.4,1.2,1.3,1.4,1.2,1.4,1.6,1.9,2.1,2.1,2.4,
新竹,2025/03/18 00:00:00,THC,2.17,2.15,2.11,2.13,2.06,2.05,2.01,2.07,2.14,2.09,2.04,2.11,2.08,2.1,2.08,2.1,2.08,2.09,2.08,2.09,2.04,2,2.01,2.07,
新竹,2025/03/18 00:00:00,WD_HR,38,34,44,44,57,51,63,49,40,45,48,43,57,42,44,45,50,44,50,48,56,64,69,49,
新竹,2025/03/18 00:00:00,WIND_DIREC,25,42,42,48,52,54,68,27,49,44,47,44,57,41,48,44,57,47,50,53,56,72,60,52,
新竹,2025/03/18 00:00:00,WIND_SPEED,2.3,1.4,2.1,2,2.1,2.2,1.3,1.8,2.4,2.6,2.9,3.2,2.3,2.2,3.3,3.4,2.4,3.2,2.8,2.1,3.1,2.1,1.5,1.8,
新竹,2025/03/18 00:00:00,WS_HR,1.6,1.3,1.9,1.8,1.7,1.8,1.2,1.3,1.6,2,2.5,2.4,2.2,2.1,2.4,2.6,2.5,2.4,2.5,2.5,2.2,1.7,1.4,1.2,
新竹,2025/03/19 00:00:00,AMB_TEMP,13.6,13.4,13.8,14.7,15,14.9,15.2,15.8,16.7,17.2,17.8,18.5,19.6,19.4,19.4,19,18,17.2,16.2,15.6,15.3,14.9,14.5,14.3,
新竹,2025/03/19 00:00:00,CH4,2.05,2.06,2.01,2.02,2.02,2.03,2.02,2.01,1.98,1.96,1.96,#,x,#,2.07,2.07,2.07,2.07,2.07,2.09,2.09,2.07,2.12,2.13,
新竹,2025/03/19 00:00:00,CO,0.21,0.22,0.23,0.23,0.24,0.24,0.27,0.31,0.3,0.26,0.26,0.27,0.27,#,#,0.28,0.29,0.32,0.31,0.31,0.29,0.28,0.28,0.26,
新竹,2025/03/19 00:00:00,NMHC,0.06,0.06,0.09,0.07,0.08,0.08,0.08,0.07,0.05,0.03,0.04,#,x,#,0.09,0.09,0.08,0.08,0.07,0.06,0.06,0.05,0.05,0.05,
新竹,2025/03/19 00:00:00,NO,0.4,0.5,0.6,0.5,0.6,0.5,0.6,1.2,1.5,1.2,1.3,#,x,#,#,#,1.1,0.8,0.5,0.4,0.4,0.6,0.4,0.5,
新竹,2025/03/19 00:00:00,NO2,6.8,10,11.7,9.2,8.2,9.4,11.3,11.9,11,8.5,8.5,#,x,#,#,#,10,11.4,10.8,11.6,10.4,8.6,9.2,8.4,
新竹,2025/03/19 00:00:00,NOx,7.2,10.6,12.3,9.8,8.8,10,11.9,13.1,12.5,9.8,9.8,#,x,#,#,#,11.1,12.3,11.3,12,10.8,9.2,9.6,8.9,
新竹,2025/03/19 00:00:00,O3,48.2,43.4,45.6,51.4,54.6,53.5,53.8,52.8,54.6,57.6,#,56.3,#,#,64.8,63.1,62.6,#,#,#,#,56.8,55.1,56.3,
新竹,2025/03/19 00:00:00,PM10,14,10,18,23,22,25,30,37,42,39,35,39,#,40,50,45,48,41,43,42,36,36,39,32,
新竹,2025/03/19 00:00:00,PM2.5,14,13,15,12,16,14,20,22,22,15,20,#,19,25,24,22,19,20,19,21,22,18,26,22,
新竹,2025/03/19 00:00:00,RAINFALL,0,0,0,0,0,0,0,0,0,0,0,0,0,0,0,0,0,0,0,0,0,0,0,0,
新竹,2025/03/19 00:00:00,RH,44,47,54,53,53,54,55,60,59,58,55,52,48,48,47,48,50,52,55,58,60,61,63,63,
新竹,2025/03/19 00:00:00,SO2,2.3,2.6,2.6,2.6,2.3,2.2,2.4,2.3,1.6,0.8,0.5,1.1,0.6,#,#,#,1.5,1.5,1.1,0.9,1.3,1.4,1.9,2.4,
新竹,2025/03/19 00:00:00,THC,2.11,2.12,2.1,2.09,2.1,2.11,2.1,2.08,2.03,1.99,2,#,x,#,2.16,2.16,2.15,2.15,2.14,2.15,2.15,2.12,2.17,2.18,
新竹,2025/03/19 00:00:00,WD_HR,46,40,25,26,27,40,36,38,41,46,46,52,45,33,38,35,42,46,48,48,57,59,52,45,
新竹,2025/03/19 00:00:00,WIND_DIREC,52,37,21,25,36,41,32,37,47,46,44,69,35,29,43,20,38,51,54,44,65,59,56,34,
新竹,2025/03/19 00:00:00,WIND_SPEED,1,1.9,3.5,2.8,3,2.6,3.3,3.3,5.1,5.1,4.9,3.9,4.1,4.1,3.2,4.3,3.5,3.3,2.5,3.1,2.3,2.4,1.9,2.1,
新竹,2025/03/19 00:00:00,WS_HR,0.9,1.3,2.9,2.3,2.6,2.3,2.6,3.1,3.5,4.2,3.7,3.4,2.8,3.6,3.3,2.9,3.3,2.9,2.6,2.3,1.8,2.2,1.5,1.5,
新竹,2025/03/20 00:00:00,AMB_TEMP,14.2,14.3,14.3,14,13.9,13.8,13.9,15.1,16.9,18.6,20.1,20.8,21.6,20.7,20.9,20.5,20.1,19,18.5,17.4,16.7,15.9,15.5,15.2,
新竹,2025/03/20 00:00:00,CH4,2.14,2.12,2.13,2.15,2.15,2.16,2.16,2.13,2.1,#,2.08,2.07,2.07,2.06,2.07,2.07,2.08,2.09,2.13,2.11,2.11,2.11,2.09,2.11,
新竹,2025/03/20 00:00:00,CO,0.24,0.23,0.23,0.25,0.25,0.25,0.28,0.35,0.35,0.3,0.3,#,#,0.23,0.24,0.24,0.28,0.33,0.4,0.35,0.35,0.39,0.3,0.25,
新竹,2025/03/20 00:00:00,NMHC,0.04,0.03,0.05,0.09,0.1,0.1,0.1,0.11,0.1,#,0.09,0.08,0.07,0.05,0.07,0.07,0.11,0.13,0.15,0.11,0.1,0.12,0.07,0.06,
新竹,2025/03/20 00:00:00,NO,0.3,0.6,0.4,0.3,0.3,0.5,0.7,1.6,2.3,1.7,1.6,#,#,1,1.1,1.1,1.1,1,0.7,0.5,0.5,0.6,0.6,0.4,
新竹,2025/03/20 00:00:00,NO2,9,6.5,6.3,8.2,9,10,13.6,16.9,15.6,11.9,11.2,#,#,7.6,8.1,8.5,11.7,16,20.4,17.2,16.5,17.7,12.9,9,
新竹,2025/03/20 00:00:00,NOx,9.4,7.2,6.7,8.6,9.4,10.6,14.4,18.5,17.9,13.7,12.9,#,#,8.6,9.2,9.7,12.8,17.1,21.1,17.8,17.1,18.3,13.6,9.4,
新竹,2025/03/20 00:00:00,O3,55,58.1,58,54.3,52.6,49,45.3,45.2,51,57.9,61.8,65.8,68.8,70.7,70.3,69,63.5,58.5,51.2,51,47.6,42,46.3,44.7,
新竹,2025/03/20 00:00:00,PM10,30,32,33,32,34,35,37,33,35,36,30,31,33,40,39,35,36,38,35,29,25,27,27,15,
新竹,2025/03/20 00:00:00,PM2.5,19,23,16,16,21,23,20,19,23,17,15,14,15,17,20,18,16,22,17,15,20,17,16,17,
新竹,2025/03/20 00:00:00,RAINFALL,0,0,0,0,0,0,0,0,0,0,0,0,0,0,0,0,0,0,0,0,0,0,0,0,
新竹,2025/03/20 00:00:00,RH,63,63,62,65,65,66,66,61,53,42,34,29,35,42,39,41,42,49,48,51,54,58,59,60,
新竹,2025/03/20 00:00:00,SO2,2.8,1.1,1.4,1.4,1.3,1.3,1.7,1.6,1.1,0.4,0.1,#,#,0.6,0.9,0.9,1.2,1.2,1.2,0.3,0.1,0,0,0.1,
新竹,2025/03/20 00:00:00,THC,2.18,2.15,2.18,2.24,2.25,2.26,2.26,2.24,2.2,#,2.17,2.15,2.14,2.11,2.14,2.14,2.19,2.22,2.28,2.22,2.21,2.23,2.16,2.17,
新竹,2025/03/20 00:00:00,WD_HR,40,47,35,26,27,32,31,30,35,43,38,34,39,39,34,37,33,31,52,54,59,68,71,67,
新竹,2025/03/20 00:00:00,WIND_DIREC,44,48,17,22,28,42,46,26,36,38,33,33,33,45,30,36,40,42,62,48,62,70,72,62,
新竹,2025/03/20 00:00:00,WIND_SPEED,2.4,2.2,2.5,2.1,2.2,1.4,1.9,2.7,3,2.9,3.7,3.3,3.1,2.8,2.8,2.7,2.5,2,1.9,1.9,1.6,1.8,1.8,1.3,
新竹,2025/03/20 00:00:00,WS_HR,1.7,1.8,1.7,1.9,2.1,1.6,1.6,2.1,2.3,2.6,2.6,3,2,2.6,2.3,2.1,2.2,2.1,1.5,1.8,1.9,1.3,1.8,1.3,
新竹,2025/03/21 00:00:00,AMB_TEMP,15,14.6,14.1,13.7,13.3,13.3,13.3,14.5,17.3,21.8,23.5,24.2,24.5,24.7,24.3,23.6,22.9,21.8,21,20.3,19.2,18.2,17.5,16.8,
新竹,2025/03/21 00:00:00,CH4,2.15,2.2,2.18,2.2,2.2,2.19,2.22,2.22,2.27,2.13,2.08,2.07,2.06,2.1,2.1,2.08,2.08,2.1,2.13,2.1,2.08,2.08,2.09,2.17,
新竹,2025/03/21 00:00:00,CO,0.24,0.2,0.2,0.2,0.19,0.19,0.22,0.42,0.58,0.35,0.24,0.24,0.22,0.23,0.22,0.22,0.25,0.3,0.4,0.37,0.34,0.36,0.32,0.35,
新竹,2025/03/21 00:00:00,NMHC,0.05,0.05,0.05,0.05,0.05,0.04,0.06,0.13,0.35,0.16,0.08,0.09,0.07,0.06,0.05,0.04,0.05,0.09,0.22,0.12,0.09,0.1,0.08,0.11,
新竹,2025/03/21 00:00:00,NO,0.4,0.4,0.3,0.3,0.3,0.3,0.7,5.7,15.1,5.8,1.7,1.3,1,0.9,1,0.8,0.8,0.8,0.5,0.5,0.5,0.5,0.4,0.4,
新竹,2025/03/21 00:00:00,NO2,8.8,7.1,6.9,8.2,6.6,6.8,10.1,23.2,33.9,20,9.4,9.1,8.5,9.3,9.1,8.1,8.9,12.3,18.1,19.1,16.2,17,15,16.3,
新竹,2025/03/21 00:00:00,NOx,9.2,7.5,7.2,8.6,6.9,7.1,10.8,28.9,49,25.9,11.1,10.4,9.5,10.3,10.2,9,9.7,13.1,18.6,19.7,16.7,17.5,15.5,16.7,
新竹,2025/03/21 00:00:00,O3,40.6,40.1,37,35.8,34.2,33.5,28.1,19,21.4,45.8,59.6,62.3,69.4,74,73.2,73.8,69.9,64.7,53.9,53,52.6,45.4,43.1,34.8,
新竹,2025/03/21 00:00:00,PM10,16,19,18,12,19,15,11,12,29,23,21,22,28,33,40,30,33,34,44,31,33,22,22,21,
新竹,2025/03/21 00:00:00,PM2.5,18,15,14,13,13,12,7,15,19,14,11,10,11,11,13,13,16,17,23,15,21,18,12,16,
新竹,2025/03/21 00:00:00,RAINFALL,0,0,0,0,0,0,0,0,0,0,0,0,0,0,0,0,0,0,0,0,0,0,0,0,
新竹,2025/03/21 00:00:00,RH,60,59,61,61,63,59,57,52,46,22,14,15,18,26,28,28,31,38,45,42,45,50,53,56,
新竹,2025/03/21 00:00:00,SO2,0.5,1.3,1.6,1.8,1.8,1.9,2,2.2,2.6,1.8,1.1,1.2,1.1,1.9,2.1,1.7,2,1.8,2.2,1.3,0.8,0.7,1.2,1.2,
新竹,2025/03/21 00:00:00,THC,2.2,2.25,2.23,2.25,2.25,2.23,2.28,2.35,2.62,2.29,2.16,2.16,2.13,2.16,2.15,2.12,2.13,2.19,2.35,2.22,2.17,2.18,2.17,2.28,
新竹,2025/03/21 00:00:00,WD_HR,53,38,48,38,32,60,36,39,41,36,38,33,34,42,6,45,46,35,38,49,70,67,69,101,
新竹,2025/03/21 00:00:00,WIND_DIREC,40,26,56,45,28,27,35,23,62,29,35,36,55,36,326,55,53,31,59,43,73,70,53,112,
新竹,2025/03/21 00:00:00,WIND_SPEED,1.1,1.3,1.2,1.4,0.9,0.6,0.9,1.4,1.5,2.9,2.9,3.3,2.6,2.1,1.8,1.4,1.2,1.4,1.7,1.7,1.9,1.8,0.9,0.5,
新竹,2025/03/21 00:00:00,WS_HR,1,1.1,1,1.2,1,0.6,0.7,1,1.4,1.9,2.4,2.6,2.7,1.6,0.7,0.8,0.9,1,1.3,1.3,1.5,1.4,1.1,0.4,
新竹,2025/03/22 00:00:00,AMB_TEMP,16.1,15.1,14.5,14.2,13.9,13.3,13.6,15.1,17.9,20.6,22.4,22.9,22.6,22.8,22.6,22.7,22.8,22.2,21.6,20.8,19.9,18.6,17.9,17.4,
新竹,2025/03/22 00:00:00,CH4,2.28,2.47,2.61,2.53,2.5,2.54,2.47,2.15,2.16,2.08,2.06,2.11,2.11,2.09,2.06,2.04,2.12,2.15,2.17,2.24,2.21,2.25,2.25,2.53,
新竹,2025/03/22 00:00:00,CO,0.35,0.46,0.42,0.35,0.32,0.34,0.42,0.34,0.44,0.36,0.28,0.35,0.39,0.33,0.28,0.26,0.4,0.41,0.46,0.53,0.56,0.56,0.51,0.67,
新竹,2025/03/22 00:00:00,NMHC,0.14,0.21,0.21,0.18,0.15,0.18,0.18,0.09,0.12,0.07,0.06,0.06,0.05,0.03,0.02,0.03,0.05,0.15,0.2,0.21,0.19,0.19,0.17,0.28,
新竹,2025/03/22 00:00:00,NO,0.3,1.1,1.1,0.7,0.9,0.9,4.6,5.1,9.2,3.9,1.5,1.3,0.9,1.1,1,1.2,1,0.8,0.8,0.7,0.8,0.8,0.6,0.7,
新竹,2025/03/22 00:00:00,NO2,18.1,31.7,33,22.2,20.7,21,25.2,20.9,26.2,15.7,9.7,11.1,9.7,9.1,9.8,9,8.4,12.5,21.1,27.1,32.1,29.8,21.5,36.4,
新竹,2025/03/22 00:00:00,NOx,18.5,32.9,34.1,22.9,21.7,22,29.8,26,35.4,19.7,11.3,12.5,10.7,10.3,10.8,10.2,9.4,13.3,21.9,27.8,32.9,30.7,22.1,37.2,
新竹,2025/03/22 00:00:00,O3,29.1,8.2,9.6,14.3,16.3,13.5,9,23.1,24,53.2,67.5,79.3,89,86.2,78.2,76.3,82.7,79.9,68.4,57.9,41.1,34.4,38.7,20.2,
新竹,2025/03/22 00:00:00,PM10,22,25,23,24,25,23,29,30,43,30,29,39,33,33,28,31,28,37,53,58,53,43,36,32,
新竹,2025/03/22 00:00:00,PM2.5,15,20,17,16,19,21,17,18,26,17,13,23,24,20,17,12,16,23,30,36,28,29,26,33,
新竹,2025/03/22 00:00:00,RAINFALL,0,0,0,0,0,0,0,0,0,0,0,0,0,0,0,0,0,0,0,0,0,0,0,0,
新竹,2025/03/22 00:00:00,RH,59,68,69,69,67,70,65,52,47,40,27,43,47,45,54,51,42,41,40,47,48,54,57,62,
新竹,2025/03/22 00:00:00,SO2,1.1,1.7,1.7,2,2.4,2.5,2.5,3.6,3.1,2.1,1.8,2.1,2.3,2.4,2.2,2.2,2.7,2.9,3,2.9,2.7,2.2,2.2,2.3,
新竹,2025/03/22 00:00:00,THC,2.42,2.68,2.82,2.71,2.65,2.72,2.65,2.24,2.28,2.15,2.12,2.17,2.16,2.12,2.08,2.07,2.17,2.3,2.37,2.45,2.4,2.44,2.42,2.81,
新竹,2025/03/22 00:00:00,WD_HR,87,162,167,153,154,148,108,78,53,64,34,300,301,293,295,300,42,39,33,40,79,71,84,188,
新竹,2025/03/22 00:00:00,WIND_DIREC,150,165,236,138,169,148,66,75,59,68,354,289,288,300,289,56,49,28,38,47,114,79,207,157,
新竹,2025/03/22 00:00:00,WIND_SPEED,0.4,0.8,0.4,0.5,0.8,0.5,0.7,0.9,0.9,1.1,1,2.9,2.1,2.1,1.9,0.7,1,1.3,1.2,1,0.3,1.7,0.4,0.5,
新竹,2025/03/22 00:00:00,WS_HR,0.2,0.6,0.5,0.3,0.5,0.5,0.4,1.2,0.6,0.6,0.5,1.5,1.3,1.5,1.3,1.1,1.2,0.9,1.3,1.1,1,1.2,0.7,0.5,
新竹,2025/03/23 00:00:00,AMB_TEMP,16.7,16.6,16.5,16.3,15.8,15.6,15.3,16.6,19.3,22.1,23,23.8,24.9,24.7,24.6,24.2,23.2,22.2,21.7,21.3,20.6,19.8,19.3,18.7,
新竹,2025/03/23 00:00:00,CH4,2.4,2.31,2.33,2.28,2.29,2.25,2.27,2.31,2.22,2.17,2.1,2.1,2.09,2.07,2.07,2.08,2.05,2.04,2.09,2.21,2.32,2.15,2.11,2.23,
新竹,2025/03/23 00:00:00,CO,0.54,0.39,0.38,0.35,0.29,0.25,0.31,0.41,0.48,0.43,0.33,0.32,0.32,0.29,0.28,0.28,0.28,0.29,0.35,0.51,0.62,0.43,0.31,0.38,
新竹,2025/03/23 00:00:00,NMHC,0.2,0.13,0.12,0.12,0.09,0.07,0.09,0.12,0.12,0.09,0.05,0.04,0.04,0.03,0.03,0.03,0.03,0.03,0.06,0.15,0.21,0.11,0.05,0.1,
新竹,2025/03/23 00:00:00,NO,0.8,0.8,0.6,0.6,0.7,0.7,1,4,7.1,4,1.6,1,1.2,0.9,0.6,0.8,0.7,0.6,0.5,0.7,0.9,0.8,0.7,0.6,
新竹,2025/03/23 00:00:00,NO2,28.6,13.3,12.3,13.9,15,11.5,14.9,19,22,16.2,11.3,8.8,9.5,8.3,7.8,8.3,8,8.6,11.3,19.4,25,22.9,12.8,12.7,
新竹,2025/03/23 00:00:00,NOx,29.4,14.1,13,14.6,15.7,12.3,16,23,29.2,20.3,13,9.9,10.7,9.2,8.4,9.1,8.8,9.2,11.9,20.2,26,23.7,13.5,13.4,
新竹,2025/03/23 00:00:00,O3,29.1,40.9,38.2,29,24,27.3,21.5,19.8,23.4,52.6,73.1,80.8,80,88.3,91.9,87.1,85.9,83.6,77.3,63.1,46.7,51.6,62,50.2,
新竹,2025/03/23 00:00:00,PM10,33,35,34,28,24,29,25,27,30,41,48,51,45,40,33,28,29,29,29,32,29,36,34,27,
新竹,2025/03/23 00:00:00,PM2.5,28,24,28,27,19,17,16,17,17,27,34,27,29,25,19,20,17,20,20,26,24,26,20,24,
新竹,2025/03/23 00:00:00,RAINFALL,0,0,0,0,0,0,0,0,0,0,0,0,0,0,0,0,0,0,0,0,0,0,0,0,
新竹,2025/03/23 00:00:00,RH,66,70,72,69,66,61,66,61,54,56,53,48,40,37,39,45,52,54,56,57,61,62,62,66,
新竹,2025/03/23 00:00:00,SO2,1.8,2.8,2.7,2.3,2.5,3.2,2.8,3.1,2.9,2.8,3.9,3.9,3.5,3.5,3.6,3.4,3.3,2.9,2.7,2.5,2.5,2.4,2.1,1.9,
新竹,2025/03/23 00:00:00,THC,2.6,2.44,2.45,2.4,2.38,2.32,2.36,2.43,2.34,2.26,2.15,2.14,2.13,2.1,2.1,2.11,2.08,2.07,2.15,2.36,2.53,2.26,2.16,2.33,
新竹,2025/03/23 00:00:00,WD_HR,164,158,127,97,78,82,80,80,68,341,299,284,258,280,285,282,288,280,269,196,171,159,166,228,
新竹,2025/03/23 00:00:00,WIND_DIREC,163,158,91,88,87,87,78,78,19,278,279,248,265,298,290,269,292,295,158,237,168,161,168,42,
新竹,2025/03/23 00:00:00,WIND_SPEED,0.7,0.4,0.3,0.3,1.3,0.6,0.8,1,0.4,1.1,2,2.1,2.3,2.1,2.4,1.9,2.5,1.5,0.7,0.4,1.2,1.1,1.1,0.2,
新竹,2025/03/23 00:00:00,WS_HR,0.6,0.5,0.2,0.3,0.5,0.8,0.8,0.9,0.4,0.3,1.7,1.7,1.9,2,1.7,1.7,1.6,1.1,0.4,0.3,0.4,0.6,1.1,0.2,
新竹,2025/03/24 00:00:00,AMB_TEMP,18.7,18.1,18,17.9,17.9,17.7,17.8,19.2,22,24.5,26.1,25.9,26.1,26,25.9,25.5,24.7,23.8,23.1,22.7,22.4,22,21.7,21.4,
新竹,2025/03/24 00:00:00,CH4,2.41,2.29,2.36,2.3,2.36,2.49,2.36,2.29,2.14,2.09,2.08,2.06,2.07,2.08,2.08,2.05,2.04,2.03,2.04,2.09,2.13,2.14,2.34,2.32,
新竹,2025/03/24 00:00:00,CO,0.42,0.36,0.36,0.32,0.31,0.34,0.44,0.63,0.45,0.3,0.28,0.28,0.28,0.28,0.27,0.25,0.24,0.25,0.32,0.38,0.43,0.4,0.54,0.46,
新竹,2025/03/24 00:00:00,NMHC,0.14,0.11,0.1,0.09,0.11,0.14,0.14,0.19,0.12,0.07,0.07,0.06,0.05,0.04,0.04,0.03,0.02,0.03,0.06,0.09,0.12,0.1,0.19,0.17,
新竹,2025/03/24 00:00:00,NO,0.7,0.7,0.5,0.6,0.6,0.7,2.1,4.5,4.2,2.3,2.1,1.4,1,0.8,1.1,1,1,0.7,0.5,0.5,0.6,0.8,0.7,0.7,
新竹,2025/03/24 00:00:00,NO2,15.6,13.4,12.6,10.6,10.3,15.9,25.1,28.9,22.3,14.1,15.4,9.9,10,10.5,10.8,9.9,9.3,8.7,10.1,13.4,21,20.7,24.6,23.5,
新竹,2025/03/24 00:00:00,NOx,16.4,14.1,13.1,11.3,11,16.7,27.3,33.4,26.5,16.5,17.6,11.4,11,11.4,11.9,11,10.3,9.4,10.7,13.9,21.6,21.5,25.3,24.2,
新竹,2025/03/24 00:00:00,O3,41,44.1,41.5,45.5,42.1,30.6,25.6,27.1,40.1,61.4,63.7,74.4,78.8,81.8,75.3,67.3,63,62.5,56.4,45.6,35.5,37.9,25.1,23.1,
新竹,2025/03/24 00:00:00,PM10,26,30,35,35,26,28,37,29,28,31,31,29,33,35,33,25,25,25,28,27,32,33,33,37,
新竹,2025/03/24 00:00:00,PM2.5,28,27,27,22,23,24,28,22,17,15,14,17,18,21,20,17,14,13,15,20,20,19,24,21,
新竹,2025/03/24 00:00:00,RAINFALL,0,0,0,0,0,0,0,0,0,0,0,0,0,0,0,0,0,0,0,0,0,0,0,0,
新竹,2025/03/24 00:00:00,RH,66,68,67,68,69,73,74,67,57,42,36,40,49,54,58,59,62,68,74,78,78,79,81,82,
新竹,2025/03/24 00:00:00,SO2,1.9,1.8,2.4,2.2,2.2,1.8,2.3,2.1,2.4,3,4,3.2,3.4,3.9,4.4,3.6,3.1,2.8,1.9,1.7,1.9,1.9,1.9,1.9,
新竹,2025/03/24 00:00:00,THC,2.55,2.4,2.46,2.39,2.47,2.63,2.5,2.48,2.26,2.16,2.15,2.12,2.12,2.12,2.12,2.08,2.06,2.06,2.1,2.18,2.25,2.24,2.53,2.49,
新竹,2025/03/24 00:00:00,WD_HR,164,167,163,244,153,166,166,163,188,231,248,260,247,248,247,248,242,239,231,186,171,162,154,166,
新竹,2025/03/24 00:00:00,WIND_DIREC,172,171,85,297,171,150,166,184,174,232,249,250,243,255,246,249,245,239,251,186,172,120,132,161,
新竹,2025/03/24 00:00:00,WIND_SPEED,1,1,0.2,0.3,0.7,0.3,0.6,1.1,1.3,2.1,2.8,2.5,3.2,2.5,2.3,2.4,2.4,1.7,0.8,0.6,0.6,0.3,0.3,0.6,
新竹,2025/03/24 00:00:00,WS_HR,0.7,0.8,0.4,0.2,0.3,0.5,0.6,0.5,0.5,1.7,1.8,2.1,2.6,2.5,2.2,2.3,2.5,2,0.8,0.4,0.4,0.6,0.3,0.4,
新竹,2025/03/25 00:00:00,AMB_TEMP,20.9,20.5,20.2,20.1,19.7,19.5,19.9,21.3,23.3,25.3,26.2,26.4,26.8,27.1,27.2,26.8,26.2,25.5,24.7,24.2,24,23.6,23.1,22.7,
新竹,2025/03/25 00:00:00,CH4,2.29,2.32,2.34,2.25,2.25,2.36,2.28,2.2,2.1,2.07,2.09,2.05,2.06,2.08,2.1,2.06,2.04,2.05,2.09,2.11,2.12,2.21,2.39,2.55,
新竹,2025/03/25 00:00:00,CO,0.39,0.37,0.34,0.28,0.26,0.31,0.39,0.48,0.37,0.28,0.29,0.26,0.23,0.24,0.25,0.23,0.24,0.28,0.35,0.38,0.41,0.52,0.65,0.7,
新竹,2025/03/25 00:00:00,NMHC,0.16,0.19,0.13,0.09,0.08,0.11,0.1,0.11,0.07,0.05,0.06,0.04,0.03,0.02,0.03,0.02,0.02,0.04,0.07,0.09,0.1,0.16,0.23,0.28,
新竹,2025/03/25 00:00:00,NO,0.6,0.8,0.8,0.9,0.9,0.9,2.1,3.8,3.5,2.4,3.4,2.4,#,1.1,0.8,0.6,0.6,0.6,0.6,0.5,0.6,0.6,0.9,2.1,
新竹,2025/03/25 00:00:00,NO2,17.9,20.1,16.1,11.4,9.2,12,20.8,20.1,16.4,12,15.5,13.2,#,9.8,9,7.6,7,8.6,11.1,15.5,18.4,21.8,28.1,33.1,
新竹,2025/03/25 00:00:00,NOx,18.5,21,17,12.4,10.1,13,22.9,24,20,14.4,19,15.7,#,10.9,9.9,8.2,7.6,9.2,11.7,16,19,22.5,29.1,35.3,
新竹,2025/03/25 00:00:00,O3,22.1,17.1,20.5,28.1,30.6,20.4,18.4,25.2,34.6,45.4,46,55.2,60.5,65.6,70.6,67.9,65.4,57.6,46.7,39.6,32.3,22.9,10.9,2.9,
新竹,2025/03/25 00:00:00,PM10,40,40,41,37,30,31,28,31,33,27,32,29,27,31,35,33,31,29,25,28,33,33,37,38,
新竹,2025/03/25 00:00:00,PM2.5,23,34,30,27,22,22,22,20,21,18,15,15,15,17,23,19,17,12,14,19,18,20,25,25,
新竹,2025/03/25 00:00:00,RAINFALL,0,0,0,0,0,0,0,0,0,0,0,0,0,0,0,0,0,0,0,0,0,0,0,0,
新竹,2025/03/25 00:00:00,RH,84,85,86,85,86,86,83,77,71,68,64,64,63,64,65,67,66,67,74,76,78,80,83,84,
新竹,2025/03/25 00:00:00,SO2,1.7,1.4,1.1,1.2,1,0.7,1,1,1.4,2.4,4.3,3.5,3.1,2.7,2.6,2.2,2.1,2.1,1.4,1.6,2.2,2.4,2.5,1.6,
新竹,2025/03/25 00:00:00,THC,2.45,2.51,2.47,2.34,2.33,2.47,2.38,2.31,2.17,2.12,2.15,2.09,2.09,2.1,2.13,2.08,2.06,2.09,2.16,2.2,2.22,2.37,2.62,2.83,
新竹,2025/03/25 00:00:00,WD_HR,161,173,201,170,172,137,165,204,207,242,248,247,244,250,247,247,237,235,240,241,219,213,216,137,
新竹,2025/03/25 00:00:00,WIND_DIREC,198,85,151,145,169,136,178,209,239,247,247,252,243,251,236,251,161,238,233,239,224,244,160,94,
新竹,2025/03/25 00:00:00,WIND_SPEED,0.4,0.3,0.3,0.4,0.5,0.4,1,0.7,2,2.6,3.4,3.1,3.9,2.8,2.4,2.6,1.2,1.8,1.7,1.6,0.6,0.7,0.4,0.3,
新竹,2025/03/25 00:00:00,WS_HR,0.4,0.2,0.1,0.5,0.2,0.2,0.6,0.4,0.8,2.1,2.5,3.2,3.2,2.4,1.8,1.9,1.3,1.1,1.9,0.9,0.7,0.4,0.3,0.2,
新竹,2025/03/26 00:00:00,AMB_TEMP,22.3,21.8,21.4,21,20.7,20.5,20.3,21.8,23.6,25.7,27.2,27.6,27.8,27.5,27,26.4,25.8,25.4,25,24.6,24.7,24.6,24.5,24.4,
新竹,2025/03/26 00:00:00,CH4,2.34,2.32,2.59,2.64,2.32,2.41,2.45,2.38,2.13,2.11,2.08,2.07,2.1,2.03,2,2,2,2.01,2.01,2.03,2.05,2.07,2.11,2.1,
新竹,2025/03/26 00:00:00,CO,0.54,0.39,0.45,0.39,0.29,0.32,0.42,0.63,0.52,0.44,0.34,0.32,0.29,0.23,0.21,0.21,0.23,0.28,0.29,0.3,0.31,0.31,0.27,0.25,
新竹,2025/03/26 00:00:00,NMHC,0.18,0.11,0.2,0.21,0.1,0.13,0.16,0.2,0.12,0.09,0.07,0.06,0.04,0.02,0.01,0.01,0.02,0.03,0.03,0.04,0.06,0.06,0.06,0.05,
新竹,2025/03/26 00:00:00,NO,1.3,0.8,1.4,1.3,0.6,0.8,8.7,12.5,5.8,5.1,2.4,1.6,1.2,1,0.8,0.8,0.7,0.6,0.4,0.4,0.7,0.6,0.5,0.5,
新竹,2025/03/26 00:00:00,NO2,29,19.9,21.5,22,13.6,20.9,24.9,26,20.2,17.6,10.5,10.3,8.7,7,5.1,5.2,5.2,6.9,7.5,8.4,10.5,10.3,10.1,9.4,
新竹,2025/03/26 00:00:00,NOx,30.4,20.7,23,23.3,14.2,21.8,33.7,38.5,26.1,22.7,12.9,11.9,10,8,6,6.1,5.9,7.6,8,8.9,11.2,10.9,10.6,9.9,
新竹,2025/03/26 00:00:00,O3,6.3,9,1.9,3.3,17.9,5.1,2.8,9.4,19.8,26.3,42.3,53.2,59.5,52.7,46.2,41.9,39.6,36.8,32.2,27.4,23.5,22.2,21.5,21.1,
新竹,2025/03/26 00:00:00,PM10,37,28,32,26,30,29,32,32,33,37,42,51,48,37,29,28,30,29,26,28,27,34,26,27,
新竹,2025/03/26 00:00:00,PM2.5,26,26,22,24,29,26,24,27,22,26,25,26,30,20,17,17,14,14,19,15,16,21,15,20,
新竹,2025/03/26 00:00:00,RAINFALL,0,0,0,0,0,0,0,0,0,0,0,0,0,0,0,0,0,0,0,0,0,0,0,0,
新竹,2025/03/26 00:00:00,RH,87,87,88,88,86,83,81,79,76,72,71,71,72,75,78,81,84,87,88,90,91,92,90,90,
新竹,2025/03/26 00:00:00,SO2,1.3,0.9,0.9,1,1.1,0.9,0.9,1.2,1.8,2.3,2.2,2.6,2.7,2,1.2,1.2,1.2,1.3,1,1,1.6,1.5,1.3,1.2,
新竹,2025/03/26 00:00:00,THC,2.52,2.43,2.79,2.85,2.42,2.54,2.61,2.58,2.25,2.2,2.15,2.13,2.14,2.05,2.01,2.01,2.02,2.04,2.04,2.07,2.11,2.13,2.17,2.15,
新竹,2025/03/26 00:00:00,WD_HR,100,110,136,165,166,114,112,125,132,239,246,247,242,243,242,249,245,247,241,230,216,195,206,213,
新竹,2025/03/26 00:00:00,WIND_DIREC,90,152,111,135,134,138,145,144,134,243,242,241,252,244,246,240,247,239,243,221,237,193,190,219,
新竹,2025/03/26 00:00:00,WIND_SPEED,1.1,0.3,0.3,0.3,0.3,0.4,0.6,0.4,1,2.4,3.8,4.2,3.5,3.3,3.4,2.8,2.5,2.3,2.2,1,1.2,1,1.1,0.7,
新竹,2025/03/26 00:00:00,WS_HR,0.8,0.3,0.3,0.3,0.4,0.4,0.5,0.2,0.6,0.3,2.6,3,2.8,3,2.7,2.7,1.9,2.5,1.8,1,0.7,0.8,0.7,0.4,
新竹,2025/03/27 00:00:00,AMB_TEMP,24.4,24.3,24.2,24.1,24.2,24.3,24.4,26,27.9,29.3,29,29.3,28.8,28,27.5,26.9,26.5,26.3,26.3,26.1,26,26,25.9,25.8,
新竹,2025/03/27 00:00:00,CH4,2.1,2.1,2.1,2.1,2.08,2.06,2.06,2.05,2.02,2.02,2.05,#,2.06,2.01,2,1.98,1.99,1.99,1.99,1.99,2,2.02,2.02,2.02,
新竹,2025/03/27 00:00:00,CO,0.23,0.23,0.24,0.24,0.22,0.21,0.22,0.28,0.25,0.24,0.29,#,0.25,0.22,0.21,0.26,0.28,0.27,0.27,0.27,0.29,0.28,0.24,0.22,
新竹,2025/03/27 00:00:00,NMHC,0.04,0.03,0.02,0.03,0.02,0.01,0.02,0.04,0.03,0.03,0.07,#,0.02,0.01,0.01,0.02,0.02,0.02,0.01,0.01,0.01,0.02,0.02,0.01,
新竹,2025/03/27 00:00:00,NO,0.4,0.2,0.2,0.3,0.2,0.2,0.8,1.8,1.6,1.4,x,#,1,2,2.4,1.2,1.1,0.8,0.8,0.7,0.7,0.6,0.5,0.5,
新竹,2025/03/27 00:00:00,NO2,7.8,8.1,7,7.2,6.4,5.5,6.8,7.7,6.8,6.2,x,#,7.1,8.2,8.6,6.1,6.2,6.1,6.7,7,8.9,10.8,10.4,9,
新竹,2025/03/27 00:00:00,NOx,8.2,8.3,7.2,7.5,6.6,5.7,7.7,9.6,8.5,7.6,x,#,8.1,10.2,11.1,7.4,7.3,7,7.6,7.8,9.7,11.5,11,9.5,
新竹,2025/03/27 00:00:00,O3,20.5,19.2,18.9,17.8,19.9,20.7,18.5,19.6,24.4,29,31.9,46.7,#,23.7,24.7,28,25.6,22.5,17.9,16.2,13.6,11.6,12.2,14,
新竹,2025/03/27 00:00:00,PM10,23,18,24,24,24,22,22,24,24,29,40,47,#,42,37,45,42,44,29,22,29,24,11,9,
新竹,2025/03/27 00:00:00,PM2.5,16,19,15,22,20,18,13,16,14,12,20,#,23,18,20,20,24,19,11,13,16,11,10,15,
新竹,2025/03/27 00:00:00,RAINFALL,0,0,0,0,0,0,0,0,0,0,0,#,#,0,0,0,0,0,0,0,0,0,0,0,
新竹,2025/03/27 00:00:00,RH,90,90,89,88,87,87,87,78,68,60,65,68,74,78,79,78,79,77,74,74,75,72,72,71,
新竹,2025/03/27 00:00:00,SO2,1,1.1,1.1,1.1,1.1,1.3,1.3,1.3,1.5,1.8,2.3,#,1.2,2.4,2.4,1.5,1.1,1.2,1.4,1.9,2.4,2.5,2.6,1.9,
新竹,2025/03/27 00:00:00,THC,2.14,2.13,2.12,2.13,2.1,2.07,2.08,2.09,2.05,2.05,2.12,#,2.08,2.02,2.01,2,2.01,2.01,2,2,2.01,2.04,2.04,2.03,
新竹,2025/03/27 00:00:00,WD_HR,207,195,200,236,238,239,231,217,231,244,241,242,240,241,239,239,242,240,233,240,240,239,238,236,
新竹,2025/03/27 00:00:00,WIND_DIREC,193,210,200,239,239,247,216,236,229,250,241,241,243,245,241,239,243,239,234,238,241,240,229,236,
新竹,2025/03/27 00:00:00,WIND_SPEED,0.9,0.9,1.2,3.4,1.9,2.6,2.1,2.9,3.3,3.3,4.3,5.8,5.5,5.7,6,6.4,5.1,5,4.3,6.4,4.5,4.4,3.2,3,
新竹,2025/03/27 00:00:00,WS_HR,0.6,0.3,0.6,1.5,1.3,1.6,1.6,1.2,1.8,2.1,3.6,4.2,5.2,6,6,5.4,4.9,4.6,3.6,4.9,4.2,3.9,3.7,2.9,
新竹,2025/03/28 00:00:00,AMB_TEMP,25.9,26,26.1,25.8,23.2,21.6,19.6,18.8,18.1,17.5,17.5,17.4,17.9,18.1,17.9,17.5,17,16.5,16.6,16.7,16.4,16.1,15.9,15.8,
新竹,2025/03/28 00:00:00,CH4,2.02,2.03,2.06,2.13,2.04,2.06,2.06,2.06,2.06,2.07,2.09,2.08,2.07,2.07,2.07,2.06,2.06,2.06,2.08,2.06,2.06,2.06,2.07,2.06,
新竹,2025/03/28 00:00:00,CO,0.2,0.17,0.17,0.17,0.17,0.27,0.28,0.3,0.3,0.29,0.26,0.24,0.25,0.25,0.25,0.24,0.25,0.26,0.3,0.27,0.25,0.27,0.26,0.24,
新竹,2025/03/28 00:00:00,NMHC,0.01,0,0,0.01,0,0.01,0.01,0.03,0.04,0.05,0.04,0.05,0.07,0.05,0.06,0.05,0.04,0.03,0.06,0.04,0.02,0.03,0.02,0.01,
新竹,2025/03/28 00:00:00,NO,0.3,0.5,0.4,0.4,0.4,0.5,0.5,0.6,1,0.9,1.3,1.1,1.6,1.1,1,0.7,0.9,0.6,0.6,0.5,0.5,0.4,0.3,0.3,
新竹,2025/03/28 00:00:00,NO2,7.3,5.9,5.2,8.5,6.4,6.1,6.8,9.5,12.4,13.6,12.8,12.4,12.1,11.4,11.7,12,11.7,10,12.1,10.5,8,8.1,7.4,6,
新竹,2025/03/28 00:00:00,NOx,7.7,6.4,5.6,9,6.9,6.6,7.3,10.1,13.4,14.6,14.2,13.6,13.7,12.6,12.8,12.8,12.6,10.7,12.7,11,8.5,8.5,7.7,6.3,
新竹,2025/03/28 00:00:00,O3,15.3,16.2,16.8,12.1,18.7,36.7,37.8,35.1,33.3,32.3,35.8,36.9,35.3,36.8,36.4,37,39.2,41.3,37.1,38.5,40.7,39.4,38.7,41.1,
新竹,2025/03/28 00:00:00,PM10,13,9,9,12,36,58,55,77,74,30,28,32,27,30,41,37,34,34,27,23,20,18,11,18,
新竹,2025/03/28 00:00:00,PM2.5,12,8,10,12,22,28,32,35,33,22,12,17,19,14,21,17,14,13,15,16,17,14,12,9,
新竹,2025/03/28 00:00:00,RAINFALL,0,0,0,0,0,0,0,0,0,0,0,0,0,0,0,0,0,0,0,0,0,0,0,0,
新竹,2025/03/28 00:00:00,RH,70,69,68,72,89,89,89,87,87,88,85,84,82,80,81,82,81,81,80,81,82,82,81,79,
新竹,2025/03/28 00:00:00,SO2,1.5,0.6,0.6,1.3,0.5,0.1,0,#,#,1.2,1,1.6,1.4,1.2,1.1,1.3,1.2,1.2,1.2,1,1.1,1.2,1.5,1,
新竹,2025/03/28 00:00:00,THC,2.03,2.03,2.05,2.14,2.02,2.07,2.07,2.09,2.1,2.12,2.13,2.13,2.14,2.12,2.13,2.11,2.1,2.09,2.14,2.1,2.08,2.09,2.09,2.07,
新竹,2025/03/28 00:00:00,WD_HR,236,201,229,287,323,41,43,43,47,56,46,53,54,44,45,43,45,51,45,52,54,44,42,41,
新竹,2025/03/28 00:00:00,WIND_DIREC,232,213,249,312,279,40,59,44,50,56,53,61,46,49,39,46,43,60,49,44,59,47,37,54,
新竹,2025/03/28 00:00:00,WIND_SPEED,2.2,1.4,2.2,1.6,1.1,3.1,2.5,2.9,3.4,3,3.8,3.8,3.1,3.6,3.6,3.7,4.1,4.1,3.4,4,3.6,4.1,4.8,4.2,
新竹,2025/03/28 00:00:00,WS_HR,2.5,0.8,1.1,1,0.3,2.1,2.5,2.8,2.8,2.3,3,3,2.3,2.9,2.7,2.9,3.1,3.4,2.9,3,3.1,3.1,3.1,3.4,
新竹,2025/03/29 00:00:00,AMB_TEMP,15.5,15.1,15,15,14.8,14.6,14.7,15,15.3,15.9,16.4,16.5,16.5,16.2,15.8,15.5,15.3,15,14.8,14.6,14.9,15.1,15,15.1,
新竹,2025/03/29 00:00:00,CH4,2.05,2.06,2.06,2.05,2.05,2.05,2.05,2.07,2.07,2.08,2.08,2.07,2.06,2.06,2.05,2.06,2.06,2.06,2.07,2.07,2.08,2.06,2.06,2.06,
新竹,2025/03/29 00:00:00,CO,0.22,0.2,0.19,0.18,0.17,0.19,0.19,0.23,0.25,0.26,0.27,0.28,0.24,0.23,0.21,0.22,0.22,0.22,0.22,0.23,0.23,0.22,0.22,0.22,
新竹,2025/03/29 00:00:00,NMHC,0.01,0,0,0.01,0.02,0.01,0.02,0.03,0.04,0.05,0.06,0.04,0.03,0.03,0.03,0.03,0.04,0.03,0.03,0.04,0.04,0.03,0.02,0.01,
新竹,2025/03/29 00:00:00,NO,0.3,0.9,0.7,0.7,0.8,0.7,0.7,0.9,1.1,1.2,1.7,1.5,1.4,1.2,1.1,1,1,1,0.9,0.8,0.9,0.9,0.8,0.7,
新竹,2025/03/29 00:00:00,NO2,4.6,4.6,4.1,3.9,4,4.4,4.7,7,9.4,11.1,11.5,11.2,8.6,8,7.8,8.1,10.6,8.5,6.6,6.6,7.6,6.8,7.1,5.6,
新竹,2025/03/29 00:00:00,NOx,4.9,5.5,4.8,4.6,4.8,5.2,5.5,7.9,10.5,12.4,13.2,12.8,10,9.2,8.9,9.1,11.7,9.5,7.6,7.5,8.5,7.7,7.9,6.3,
新竹,2025/03/29 00:00:00,O3,45.3,47.5,47.4,47.1,46.6,46,45.5,41.9,40,38.7,39.8,41.3,44.7,44.1,45.1,44.4,41.9,44.5,46.1,45,43.6,45,44.5,46.6,
新竹,2025/03/29 00:00:00,PM10,18,10,10,6,5,4,4,8,11,16,20,20,11,9,11,14,17,21,24,22,19,16,12,18,
新竹,2025/03/29 00:00:00,PM2.5,12,9,6,3,2,2,5,6,9,14,13,10,6,10,4,7,7,6,9,9,14,10,7,8,
新竹,2025/03/29 00:00:00,RAINFALL,0,0,0,0,0,0,0,0,0,0,0,0,0,0,0,0,0,0,0,0,0,0,0,0,
新竹,2025/03/29 00:00:00,RH,80,82,82,81,82,82,79,77,77,76,75,77,76,79,79,80,79,79,77,78,77,78,80,80,
新竹,2025/03/29 00:00:00,SO2,1,0.5,0.3,0.6,0.7,0.6,0.8,1,1,0.8,1,1.4,1,1.2,0.8,0.9,1.1,0.8,1.1,1,1.1,1.1,1.3,1.1,
新竹,2025/03/29 00:00:00,THC,2.06,2.06,2.06,2.06,2.07,2.06,2.07,2.1,2.11,2.13,2.14,2.11,2.09,2.09,2.08,2.09,2.1,2.09,2.1,2.11,2.12,2.09,2.08,2.07,
新竹,2025/03/29 00:00:00,WD_HR,43,44,48,40,45,36,42,39,42,47,46,36,38,37,36,45,41,35,35,37,43,39,33,31,
新竹,2025/03/29 00:00:00,WIND_DIREC,43,48,45,58,34,32,52,37,50,61,40,42,34,37,35,50,38,31,28,44,50,34,32,31,
新竹,2025/03/29 00:00:00,WIND_SPEED,4.7,4.2,4.2,4.5,4.3,4.4,3.9,3.6,3.1,3.1,4.1,3.9,4.8,4.3,4.5,4.2,5.6,4.3,3.7,4,4.6,4.8,4.2,4.6,
新竹,2025/03/29 00:00:00,WS_HR,3.6,3.1,3.4,3.3,3,3.6,3.3,2.6,2.9,2.4,2.8,3.1,3.5,3.3,3.7,3.4,3.5,3.6,3.5,3.3,3.1,3.7,3.6,4.2,
新竹,2025/03/30 00:00:00,AMB_TEMP,14.9,14.3,13.9,13.7,13.7,13.8,13.6,13.4,13.4,13.7,14.3,14.5,14.6,14.7,14.1,13.5,13.2,13,13.2,13.3,13,13.1,13.3,13.5,
新竹,2025/03/30 00:00:00,CH4,2.07,2.08,2.07,2.07,2.08,2.06,2.07,2.08,2.09,2.08,2.06,2.07,2.06,2.06,2.06,2.05,2.05,2.06,2.06,2.06,2.05,2.06,2.07,2.06,
新竹,2025/03/30 00:00:00,CO,0.23,0.25,0.25,0.24,0.23,0.23,0.22,0.23,0.24,0.25,0.25,0.25,0.24,0.23,0.21,0.2,0.2,0.21,0.21,0.21,0.21,0.2,0.2,0.19,
新竹,2025/03/30 00:00:00,NMHC,0.02,0.02,0.02,0.03,0.02,0.03,0.02,0.02,0.03,0.04,0.04,0.04,0.04,0.04,0.03,0.03,0.03,0.03,0.03,0.03,0.02,0.02,0.02,0.02,
新竹,2025/03/30 00:00:00,NO,0.7,0.5,0.5,0.4,0.6,0.6,0.7,0.6,0.8,0.8,0.9,0.9,0.9,0.8,0.7,0.7,0.6,0.6,0.7,0.5,0.4,0.4,0.5,0.5,
新竹,2025/03/30 00:00:00,NO2,4.5,5.4,4.8,4.3,3.9,4.1,4.4,5.2,6.4,7.7,9.5,8.5,7.7,6.4,6.6,5.2,5.8,6.1,5.7,5.3,4.8,4.5,4.8,5.3,
新竹,2025/03/30 00:00:00,NOx,5.3,6,5.4,4.8,4.5,4.8,5.1,5.8,7.2,8.5,10.5,9.5,8.6,7.3,7.3,6,6.5,6.7,6.4,5.8,5.3,5,5.4,5.9,
新竹,2025/03/30 00:00:00,O3,43.8,38.3,38.4,39.7,40.6,41.9,42.3,44,42.9,42.1,41.8,43,44.5,45.2,46.1,46.6,45.7,45.2,45.8,47.3,47.3,47,45,43.8,
新竹,2025/03/30 00:00:00,PM10,10,8,5,3,4,2,0,4,4,4,7,4,1,0,3,5,4,6,7,5,2,0,0,3,
新竹,2025/03/30 00:00:00,PM2.5,9,6,4,5,5,3,3,7,4,5,9,11,8,7,7,6,6,5,4,3,4,4,4,4,
新竹,2025/03/30 00:00:00,RAINFALL,0,0.5,1,1.5,4.5,3,1,2.5,1,0,0,0,0,0,0.5,0,0.5,0,0,0,0,0,0,0,
新竹,2025/03/30 00:00:00,RH,85,92,93,95,96,94,94,96,95,93,91,92,93,91,92,94,93,90,89,89,92,92,92,94,
新竹,2025/03/30 00:00:00,SO2,0.9,0.8,1.2,1.5,1.5,1.5,1.7,1.7,1.7,2,2,1.9,1.7,1.6,1.8,1.4,2,2.1,2,1.9,2,2.2,2,1.8,
新竹,2025/03/30 00:00:00,THC,2.09,2.1,2.09,2.1,2.1,2.09,2.09,2.1,2.12,2.12,2.1,2.11,2.1,2.1,2.09,2.08,2.08,2.09,2.09,2.09,2.07,2.08,2.09,2.08,
新竹,2025/03/30 00:00:00,WD_HR,36,31,36,40,45,34,50,42,44,38,38,40,44,40,41,36,39,39,43,46,42,42,44,37,
新竹,2025/03/30 00:00:00,WIND_DIREC,33,30,37,41,48,50,33,39,34,40,38,36,54,43,38,31,40,40,45,50,47,49,53,40,
新竹,2025/03/30 00:00:00,WIND_SPEED,3.8,4.8,4.6,3.9,3.9,4.2,3.8,3.8,3.5,3.4,4.2,4.1,3.5,3.1,4.8,4.6,4.4,4.9,3.8,3.9,4,2.8,3,4.1,
新竹,2025/03/30 00:00:00,WS_HR,3.3,3.8,3.9,3.3,3,3.8,2.8,2.8,2.6,3.2,3.2,3.1,3.1,2.9,3.8,4.1,4,3.6,3.5,3.1,3.4,2.9,2.8,3.1,
新竹,2025/03/31 00:00:00,AMB_TEMP,13.8,14,14.4,14.6,14.6,14.9,14.6,14.8,15.1,15.5,15.8,15.9,15.4,15,14.8,14.9,14.8,14.5,14.5,14.2,14.1,14,13.8,13.9,
新竹,2025/03/31 00:00:00,CH4,2.07,2.09,2.09,2.08,2.06,2.05,2.04,2.05,2.06,2.06,2.07,2.07,2.06,2.05,2.05,2.05,2.05,2.04,2.06,2.05,2.07,2.05,2.06,2.06,
新竹,2025/03/31 00:00:00,CO,0.19,0.19,0.19,0.18,0.17,0.16,0.17,0.22,0.24,0.24,0.25,0.23,0.22,0.21,0.21,0.21,0.21,0.23,0.24,0.22,0.21,0.21,0.19,0.18,
新竹,2025/03/31 00:00:00,NMHC,0.02,0.02,0.02,0.02,0.03,0.02,0.01,0.03,0.05,0.09,0.07,0.07,0.06,0.06,0.06,0.07,0.06,0.06,0.06,0.06,0.03,0.04,0.03,0.02,
新竹,2025/03/31 00:00:00,NO,0.6,0.4,0.4,0.5,0.5,0.4,0.4,0.4,0.8,1.1,1.2,0.9,0.9,0.9,0.7,0.7,0.5,0.6,0.5,0.5,0.6,0.6,0.5,0.5,
新竹,2025/03/31 00:00:00,NO2,5,4.7,4.2,4.1,3.9,3.5,4.7,6.8,9.7,13.7,13.9,12.4,10.5,9.5,9.3,9.7,9.6,8.6,8.7,7.7,8.4,13.9,6.8,5.8,
新竹,2025/03/31 00:00:00,NOx,5.6,5.1,4.6,4.6,4.5,4,5.1,7.3,10.5,14.8,15.2,13.3,11.5,10.4,10,10.5,10.2,9.2,9.2,8.3,9,14.5,7.4,6.3,
新竹,2025/03/31 00:00:00,O3,43.9,42.4,42.3,41.9,42.5,45.2,44.6,42.4,38.8,34.7,34.7,37.3,38.7,39.5,39.9,40,40.6,42.4,41.2,43.4,43.1,40.8,44.1,44.3,
新竹,2025/03/31 00:00:00,PM10,2,0,0,0,1,4,4,3,3,2,2,4,3,2,2,1,3,3,6,7,4,1,2,2,
新竹,2025/03/31 00:00:00,PM2.5,3,1,3,4,2,1,4,4,4,8,10,7,5,7,6,7,7,6,3,10,6,5,6,6,
新竹,2025/03/31 00:00:00,RAINFALL,0.5,0,0,0.5,2.5,3.5,1,1.5,0,0,0,0,0.5,0,0,1,1,1.5,3,6,5.5,5,2.5,1.5,
新竹,2025/03/31 00:00:00,RH,96,96,95,96,97,98,96,95,95,92,92,94,97,96,95,95,95,95,96,97,97,97,97,95,
新竹,2025/03/31 00:00:00,SO2,1.8,0.9,0.9,1,0.7,0.9,0.8,0.8,0.6,0.6,0.5,0.3,0.1,0.1,0.2,0.5,0.6,0.5,0.7,0.6,0.7,0.8,0.7,0.8,
新竹,2025/03/31 00:00:00,THC,2.09,2.11,2.11,2.1,2.09,2.07,2.05,2.08,2.11,2.15,2.14,2.14,2.12,2.11,2.11,2.12,2.11,2.1,2.12,2.11,2.1,2.09,2.09,2.08,
新竹,2025/03/31 00:00:00,WD_HR,45,42,45,44,39,42,36,40,38,43,38,39,33,38,37,36,32,34,41,43,45,44,52,54,
新竹,2025/03/31 00:00:00,WIND_DIREC,54,36,38,62,42,58,36,36,29,57,29,30,33,42,38,41,33,41,40,50,31,64,61,38,
新竹,2025/03/31 00:00:00,WIND_SPEED,3.3,2.6,3,2.1,3.4,3.6,3.4,3.6,2.4,2.2,2.9,3,3.1,2.8,3.8,3.1,4.1,3.8,2.8,3.4,2.9,3.1,2.5,2.1,
新竹,2025/03/31 00:00:00,WS_HR,2.8,1.9,2.1,2.3,2.6,2.9,2.9,2.9,2.2,2.1,2.2,2.5,2.8,2.9,2.9,3.4,3.4,3.5,2.7,2.7,2.2,2.5,2.3,2,
新竹,2025/04/01 00:00:00,AMB_TEMP,14.1,14.2,14.3,14.2,14.2,14.1,14.1,14.1,14.3,14.5,14.6,14.6,14.7,14.2,14.3,14.2,14.4,14.5,14.6,14.7,14.9,15,15.1,15.2,
新竹,2025/04/01 00:00:00,CH4,2.1,2.14,2.15,2.13,2.09,2.09,2.09,2.1,2.1,2.07,2.08,2.08,2.09,2.09,2.11,2.08,2.09,2.09,2.1,2.1,2.11,2.12,2.1,2.09,
新竹,2025/04/01 00:00:00,CO,0.2,0.24,0.24,0.22,0.2,0.2,0.23,0.3,0.33,0.3,0.29,0.28,0.28,0.26,0.28,0.26,0.29,0.31,0.33,0.32,0.33,0.37,0.32,0.25,
新竹,2025/04/01 00:00:00,NMHC,0.05,0.05,0.07,0.07,0.04,0.03,0.04,0.08,0.07,0.08,0.09,0.06,0.08,0.06,0.08,0.06,0.07,0.09,0.08,0.09,0.09,0.12,0.09,0.05,
新竹,2025/04/01 00:00:00,NO,0.5,0.6,0.3,0.4,0.5,0.3,0.4,0.5,1,1.3,1.4,1.5,1.2,0.7,0.7,0.8,0.8,0.7,0.5,0.6,0.4,0.5,0.4,0.4,
新竹,2025/04/01 00:00:00,NO2,6.7,10.8,9.9,9.2,6.3,5.6,7.5,11.7,15.1,15.2,15.2,12.1,12.6,10.9,12.5,12.4,14.4,15.9,15,13.8,13.7,14.8,13.1,8.2,
新竹,2025/04/01 00:00:00,NOx,7.2,11.4,10.3,9.7,6.8,5.9,7.9,12.2,16.1,16.6,16.6,13.6,13.9,11.6,13.2,13.2,15.3,16.6,15.5,14.4,14.2,15.3,13.5,8.6,
新竹,2025/04/01 00:00:00,O3,39.8,35.6,35.1,37.4,42.8,43.5,42.1,37.2,34,35.4,35.3,41.5,41.2,46.3,44.2,45.8,42.4,40.5,41.7,42.2,40,36.6,40.8,49,
新竹,2025/04/01 00:00:00,PM10,3,2,2,5,2,1,0,0,1,4,3,2,8,5,8,9,15,15,32,35,33,31,33,35,
新竹,2025/04/01 00:00:00,PM2.5,2,0,4,4,5,5,5,3,4,7,9,8,7,9,10,8,16,15,16,17,19,18,21,19,
新竹,2025/04/01 00:00:00,RAINFALL,0,0,0,0,0.5,0.5,3,1,0.5,0,0,0,0,0,0,0,0,0,0,0,0,0,0,0,
新竹,2025/04/01 00:00:00,RH,95,95,95,97,99,99,98,98,97,95,95,94,93,95,94,95,92,90,86,83,82,84,83,79,
新竹,2025/04/01 00:00:00,SO2,1.1,0.8,0.8,0.7,1,0.9,0.7,0.6,0.7,0.8,0.6,0.5,0.4,0.3,0.4,0.4,0.5,0.6,0.8,1,0.9,0.6,0.8,0.5,
新竹,2025/04/01 00:00:00,THC,2.15,2.19,2.22,2.2,2.13,2.12,2.13,2.18,2.17,2.15,2.17,2.14,2.17,2.15,2.19,2.14,2.16,2.18,2.18,2.19,2.2,2.24,2.19,2.14,
新竹,2025/04/01 00:00:00,WD_HR,53,44,45,45,49,43,42,47,59,47,53,48,51,48,58,64,60,58,62,60,59,46,45,45,
新竹,2025/04/01 00:00:00,WIND_DIREC,60,55,29,35,64,34,50,54,61,53,35,50,42,47,65,65,59,59,62,61,63,34,50,59,
新竹,2025/04/01 00:00:00,WIND_SPEED,2.2,1.8,1.9,1.9,1.8,2.9,1.4,1.9,2.7,1.9,2.6,1.7,2.8,2.4,1.9,2.7,3,2.7,2.9,2.6,2.9,3.7,3,2.9,
新竹,2025/04/01 00:00:00,WS_HR,1.7,1.5,1.5,1.9,1.7,1.7,1.6,1.6,1.8,2.2,2,1.9,2.1,2,1.6,2.2,2.2,2.5,2.2,2.1,2.4,2,2.6,2.4,
新竹,2025/04/02 00:00:00,AMB_TEMP,15.1,15.1,15,15.1,15.1,15.1,15.2,15.4,15.7,16,16.6,17.6,18.9,19.5,19,18.8,18.5,18,17.2,16.6,16.4,16.3,16.4,16.7,
新竹,2025/04/02 00:00:00,CH4,2.09,2.1,2.17,2.14,2.12,2.11,2.11,2.1,2.12,2.59,2.08,2.09,2.08,2.06,2.05,2.05,2.06,2.07,2.09,2.1,2.08,2.06,2.08,2.09,
新竹,2025/04/02 00:00:00,CO,0.23,0.27,0.31,0.28,0.23,0.23,0.25,0.31,0.31,x,x,#,0.31,0.23,0.21,0.22,0.24,0.28,0.33,0.35,0.33,0.27,0.25,0.22,
新竹,2025/04/02 00:00:00,NMHC,0.04,0.05,0.08,0.07,0.05,0.04,0.06,0.07,0.06,0.14,0.08,0.11,0.09,0.07,0.06,0.05,0.06,0.1,0.12,0.12,0.09,0.06,0.05,0.03,
新竹,2025/04/02 00:00:00,NO,0.4,0.5,0.5,0.3,0.5,0.4,0.6,0.9,0.9,A,1.6,2.6,2.6,2,1.2,1.1,1.1,1,0.7,0.6,0.5,0.4,0.4,0.5,
新竹,2025/04/02 00:00:00,NO2,6.8,7.8,10.5,10.3,7.8,7.3,10.8,12.9,12.4,A,13.1,14.9,12.7,10.6,7.7,7.5,10.8,14.2,17.9,16.8,15,11.7,11.8,10.7,
新竹,2025/04/02 00:00:00,NOx,7.2,8.3,11.1,10.7,8.4,7.8,11.4,13.8,13.4,A,14.8,17.6,15.3,12.7,9,8.6,12,15.2,18.7,17.4,15.5,12.1,12.3,11.3,
新竹,2025/04/02 00:00:00,O3,51.2,46.7,39.7,41.7,47,47.5,46.2,46.1,46.5,40.6,45.9,39.7,49,55.2,56.6,55.3,53.8,49,42.5,41.4,44.9,50.8,47.2,46.2,
新竹,2025/04/02 00:00:00,PM10,33,32,30,32,30,25,28,33,28,A,33,37,#,27,27,28,23,33,27,28,24,24,22,21,
新竹,2025/04/02 00:00:00,PM2.5,15,15,19,16,14,16,18,18,14,A,14,#,18,15,10,13,14,14,12,14,17,11,13,8,
新竹,2025/04/02 00:00:00,RAINFALL,0,0,0,0,0,0,0,0,0,0,0,0,0,0,0,0,0,0,0,0,0,0,0,0,
新竹,2025/04/02 00:00:00,RH,75,76,78,74,67,66,67,66,65,62,61,58,53,52,53,53,55,58,63,63,64,65,65,63,
新竹,2025/04/02 00:00:00,SO2,0.3,1.1,1.2,1.5,2,1.6,2,1.7,1.3,0.9,1.3,1.6,2.2,1.9,0.7,0.8,0.9,0.4,0.6,0.8,1,0.4,0.5,0.5,
新竹,2025/04/02 00:00:00,THC,2.13,2.15,2.25,2.21,2.17,2.15,2.17,2.17,2.18,2.73,2.16,2.2,2.17,2.13,2.11,2.1,2.12,2.17,2.21,2.22,2.17,2.12,2.13,2.12,
新竹,2025/04/02 00:00:00,WD_HR,55,48,56,59,55,61,53,41,50,49,39,35,29,32,33,42,30,34,42,45,47,50,41,48,
新竹,2025/04/02 00:00:00,WIND_DIREC,38,45,52,60,49,59,44,46,45,52,56,29,35,20,33,47,22,38,52,45,46,50,40,54,
新竹,2025/04/02 00:00:00,WIND_SPEED,2.9,2.3,2.3,2.2,2.8,2.9,2.6,2.8,2.4,3,2.5,3.2,3,3.3,2.9,2.9,3.2,2.3,2.4,2.8,3.7,2.9,2,1.3,
新竹,2025/04/02 00:00:00,WS_HR,2.1,2.2,1.9,2.1,2.1,2.2,2.3,2.2,2.1,2.4,2.1,2.2,2.4,2.6,2.7,2.7,2.7,2.3,2.1,2.5,2.4,2.6,2.1,1.6,
新竹,2025/04/03 00:00:00,AMB_TEMP,16.8,16.9,16.9,17,17,17.3,17.7,18,19.2,20.9,23.1,24,24.8,25.1,25,24.8,23.8,22.3,21.1,20.5,20.1,19.8,19.4,19,
新竹,2025/04/03 00:00:00,CH4,2.07,2.08,2.14,2.28,2.22,2.22,2.1,2.09,2.09,2.07,2.06,2.05,2.03,2.03,2.04,2.03,2.05,2.05,2.06,2.06,2.06,2.08,2.11,2.17,
新竹,2025/04/03 00:00:00,CO,0.21,0.21,0.22,0.24,0.21,0.23,0.22,0.25,0.28,0.26,0.27,0.26,0.22,0.2,0.2,0.2,0.22,0.24,0.25,0.24,0.25,0.27,0.28,0.31,
新竹,2025/04/03 00:00:00,NMHC,0.03,0.03,0.03,0.07,0.05,0.05,0.04,0.04,0.05,0.04,0.05,0.06,0.03,0.01,0.02,0.02,0.03,0.04,0.03,0.02,0.03,0.04,0.04,0.06,
新竹,2025/04/03 00:00:00,NO,0.5,0.5,0.4,0.4,0.4,0.5,0.5,0.8,1.6,1.9,1.9,1.3,1.1,1,1,0.9,0.8,0.6,0.4,0.4,0.3,0.4,0.5,0.4,
新竹,2025/04/03 00:00:00,NO2,7.8,7.8,7.7,8.9,8.6,11.9,10.6,10.6,13.1,10.5,9.2,8,6.2,4.9,5.3,5.2,6,7,7.8,7.1,7.4,7.9,8.2,10.6,
新竹,2025/04/03 00:00:00,NOx,8.3,8.3,8.1,9.3,9,12.5,11.1,11.4,14.8,12.4,11.1,9.3,7.3,5.9,6.4,6.1,6.8,7.7,8.3,7.6,7.8,8.4,8.7,11.1,
新竹,2025/04/03 00:00:00,O3,47.6,46.5,43.4,38.3,38.1,33.3,38.2,37.5,36.2,42.2,47.6,54.2,56.1,54.5,53.9,55.7,56.2,56.5,55.1,54.7,52.4,51.2,49.7,45.7,
新竹,2025/04/03 00:00:00,PM10,20,18,15,20,15,16,15,15,22,20,22,26,18,27,28,27,31,35,34,31,26,23,20,23,
新竹,2025/04/03 00:00:00,PM2.5,15,11,11,8,7,9,11,6,6,8,7,7,7,9,9,8,11,12,12,14,13,13,10,9,
新竹,2025/04/03 00:00:00,RAINFALL,0,0,0,0,0,0,0,0,0,0,0,0,0,0,0,0,0,0,0,0,0,0,0,0,
新竹,2025/04/03 00:00:00,RH,63,63,62,62,58,55,49,49,46,44,41,41,39,40,40,40,43,49,54,57,59,60,62,65,
新竹,2025/04/03 00:00:00,SO2,0.4,0.9,0.9,1.2,1,1.4,1.3,1.3,1.5,1.4,1.5,1.3,1.2,1.3,1.5,1.7,1.7,1.3,1.3,1,1.2,1.1,1.3,1.2,
新竹,2025/04/03 00:00:00,THC,2.1,2.11,2.17,2.35,2.27,2.27,2.14,2.13,2.14,2.11,2.11,2.11,2.06,2.04,2.06,2.05,2.08,2.09,2.09,2.08,2.09,2.12,2.15,2.23,
新竹,2025/04/03 00:00:00,WD_HR,60,58,35,124,45,47,61,53,57,44,45,34,38,53,43,62,43,49,58,59,56,52,40,44,
新竹,2025/04/03 00:00:00,WIND_DIREC,48,76,84,83,60,65,63,33,76,32,41,31,36,54,46,50,45,44,58,59,54,56,49,44,
新竹,2025/04/03 00:00:00,WIND_SPEED,1,0.3,0.2,0.3,0.8,0.7,0.9,0.8,1.3,1.6,1.9,2.6,3,3.4,2.6,2.7,3.6,3.9,2.2,1.7,1.9,1.7,1.3,1.3,
新竹,2025/04/03 00:00:00,WS_HR,1.1,0.8,0.4,0.2,0.5,0.8,0.9,1,1,1.2,1.5,2.1,2.3,2.3,2.5,2.3,3,2.9,2,2,1.6,1.5,1.1,1.2,
新竹,2025/04/04 00:00:00,AMB_TEMP,18.9,18.8,18.6,18.4,18.4,17.9,18.1,19.3,21.6,23.3,24.2,24.9,25.8,26.3,26.3,25.6,25.4,24.7,24.3,23.9,23.1,22.7,22.1,22.2,
新竹,2025/04/04 00:00:00,CH4,2.13,2.1,2.15,2.26,2.37,2.2,2.19,2.2,2.2,2.17,2.18,2.12,2.12,2.11,2.09,2.07,2.09,2.11,2.15,2.28,2.22,2.2,2.21,2.21,
新竹,2025/04/04 00:00:00,CO,0.27,0.24,0.24,0.24,0.26,0.25,0.28,0.36,0.38,0.4,0.4,0.36,0.35,0.34,0.3,0.28,0.31,0.36,0.41,0.64,0.51,0.47,0.46,0.39,
新竹,2025/04/04 00:00:00,NMHC,0.04,0.03,0.03,0.06,0.08,0.04,0.05,0.07,0.08,0.08,0.08,0.05,0.04,0.03,0.02,0.02,0.03,0.06,0.08,0.18,0.12,0.1,0.09,0.08,
新竹,2025/04/04 00:00:00,NO,0.4,0.8,0.7,0.9,0.8,0.8,1,1.7,3.1,3,3.3,1.6,1.4,1.3,1,0.8,0.8,0.9,0.8,0.9,0.9,0.8,0.9,0.7,
新竹,2025/04/04 00:00:00,NO2,9.5,6.6,5.8,5.7,7.2,7.2,8.2,11.6,12.9,13.4,16.4,10.8,9.8,8.7,7.8,5.7,6.5,9.7,13.3,27.5,20.7,15.5,16.3,11.6,
新竹,2025/04/04 00:00:00,NOx,9.9,7.4,6.6,6.6,8,8,9.2,13.4,16,16.4,19.7,12.5,11.2,10,8.9,6.6,7.4,10.6,14.1,28.4,21.7,16.3,17.2,12.3,
新竹,2025/04/04 00:00:00,O3,48.1,50.8,50.6,47.9,44.9,41.3,37,33.1,35.6,40.4,56.6,76.3,83.6,88.7,87.6,84.3,81.4,74.1,67.1,42.2,44.2,47.4,42.1,50.8,
新竹,2025/04/04 00:00:00,PM10,21,21,23,22,23,23,26,28,23,29,57,55,49,48,46,46,50,52,48,50,55,50,48,54,
新竹,2025/04/04 00:00:00,PM2.5,8,13,11,16,16,17,15,17,14,23,32,28,32,23,23,21,22,22,22,28,28,30,30,25,
新竹,2025/04/04 00:00:00,RAINFALL,0,0,0,0,0,0,0,0,0,0,0,0,0,0,0,0,0,0,0,0,0,0,0,0,
新竹,2025/04/04 00:00:00,RH,65,65,67,68,69,71,71,66,57,55,58,55,52,49,49,51,51,50,52,54,63,66,70,68,
新竹,2025/04/04 00:00:00,SO2,1.3,0.4,0.3,0.7,0.7,0.5,0.5,0.7,0.6,1.4,3.2,2.3,2.5,2.6,2.2,1.2,0.9,1.6,1.3,1.4,1.2,0.8,0.8,1.2,
新竹,2025/04/04 00:00:00,THC,2.17,2.13,2.18,2.32,2.45,2.24,2.24,2.27,2.28,2.25,2.26,2.17,2.16,2.14,2.11,2.09,2.12,2.17,2.23,2.46,2.34,2.3,2.3,2.29,
新竹,2025/04/04 00:00:00,WD_HR,58,64,63,68,90,69,67,74,74,321,277,283,256,269,280,284,263,270,57,161,65,100,162,240,
新竹,2025/04/04 00:00:00,WIND_DIREC,70,61,54,86,86,70,55,67,97,254,274,261,305,303,291,236,276,302,93,132,54,154,136,185,
新竹,2025/04/04 00:00:00,WIND_SPEED,0.8,0.9,0.6,0.4,0.3,1.3,0.8,0.3,0.5,1,1.4,1.9,2.1,2.2,2.2,1.5,1.2,1.5,0.3,0.3,1.2,1,0.3,0.7,
新竹,2025/04/04 00:00:00,WS_HR,1,1,0.7,0.6,0.3,1,1,0.5,0.5,0.4,1,1.2,1.3,1.6,1.6,1.5,1.3,1,0.1,0.5,0.9,0.8,0.5,0.6,
新竹,2025/04/05 00:00:00,AMB_TEMP,21.6,21.2,21.2,20.9,20.6,20.3,20,19.9,18.7,17.5,17.5,17.6,17.7,17.7,17.8,17.9,17.8,17.7,17.9,17.7,17.5,17.1,16.8,16.7,
新竹,2025/04/05 00:00:00,CH4,2.21,2.22,2.13,2.15,2.11,2.14,2.13,2.11,2.09,2.09,2.1,2.17,2.14,2.09,2.14,2.15,2.1,2.1,2.12,2.09,2.08,2.09,2.1,2.09,
新竹,2025/04/05 00:00:00,CO,0.37,0.36,0.26,0.27,0.24,0.25,0.26,0.28,0.28,0.26,0.31,0.38,0.35,0.31,0.34,0.36,0.32,0.33,0.36,0.33,0.3,0.29,0.32,0.28,
新竹,2025/04/05 00:00:00,NMHC,0.06,0.06,0,0.02,0.01,0.02,0.01,0.02,0.03,0.03,0.04,0.08,0.06,0.04,0.06,0.06,0.04,0.04,0.05,0.04,0.02,0.02,0.03,0.01,
新竹,2025/04/05 00:00:00,NO,0.7,0.8,0.6,0.5,0.6,0.4,0.5,0.7,0.6,0.7,1.3,1.8,1.7,1,0.8,0.8,0.8,0.6,0.4,0.5,0.5,0.5,0.6,0.6,
新竹,2025/04/05 00:00:00,NO2,13.7,12,8.6,6.8,6.7,7.5,7.9,9.9,8.8,8.4,19.9,24.6,18.2,11.3,12.8,15.4,14.2,10.7,13.6,10.5,7.7,8.3,10.1,6.5,
新竹,2025/04/05 00:00:00,NOx,14.5,12.8,9.2,7.3,7.4,7.9,8.4,10.6,9.5,9.2,21.3,26.4,19.9,12.4,13.6,16.3,15.1,11.4,14.1,11,8.3,8.8,10.8,7.2,
新竹,2025/04/05 00:00:00,O3,44.2,42.4,58.8,52.6,54.1,49.7,47.1,41.8,44.8,47.3,37.4,28.9,35.7,41.1,38.6,38.3,35.9,39.5,41.1,42.2,51.1,52.2,49.4,54.5,
新竹,2025/04/05 00:00:00,PM10,61,58,51,55,52,50,47,48,56,61,52,49,45,40,43,33,28,15,18,21,8,23,17,13,
新竹,2025/04/05 00:00:00,PM2.5,32,29,24,23,22,26,19,26,30,33,30,34,30,30,29,24,19,15,22,12,13,17,15,7,
新竹,2025/04/05 00:00:00,RAINFALL,0,0,0,0,0,0,0,0,0.5,1,1,2,0,0,0,0.5,0.5,0,0,0.5,0.5,1,4,4.5,
新竹,2025/04/05 00:00:00,RH,76,80,85,86,87,88,92,90,83,86,92,97,96,94,94,95,97,97,95,97,96,95,98,99,
新竹,2025/04/05 00:00:00,SO2,1.4,1.3,1.2,1.1,0.7,0.7,0.8,0.8,0.9,0.5,0.7,0.5,0.7,0.3,0.5,0.6,0.6,0.7,0.6,0.4,0.3,0.3,0.6,0.4,
新竹,2025/04/05 00:00:00,THC,2.27,2.28,2.13,2.17,2.12,2.16,2.14,2.13,2.12,2.12,2.14,2.25,2.2,2.13,2.2,2.21,2.14,2.14,2.17,2.13,2.1,2.11,2.13,2.1,
新竹,2025/04/05 00:00:00,WD_HR,163,295,224,168,192,230,209,153,167,157,115,101,52,83,142,92,65,39,59,68,54,44,73,71,
新竹,2025/04/05 00:00:00,WIND_DIREC,157,292,165,209,212,222,163,182,160,165,333,67,73,145,83,75,36,30,61,73,48,39,82,70,
新竹,2025/04/05 00:00:00,WIND_SPEED,0.6,1.1,0.7,0.9,0.6,1.2,0.4,0.7,0.8,1,0.6,0.6,1.6,0.6,0.5,0.7,1.1,0.9,0.7,2.7,1.7,1.1,1.1,0.8,
新竹,2025/04/05 00:00:00,WS_HR,0.9,0.4,0.9,0.7,0.8,0.7,0.7,0.4,0.9,1,0.2,0.3,0.8,0.5,0.5,0.5,0.9,0.8,1,1.4,1.4,1.2,0.7,1.5,
新竹,2025/04/06 00:00:00,AMB_TEMP,16.8,16.9,17,17.1,17.3,17.2,17.3,17.5,17.7,18.2,18.9,19.3,20.3,21,21.2,22.1,22.2,21.8,21.4,21.3,21.5,20.9,20.6,20.1,
新竹,2025/04/06 00:00:00,CH4,2.1,2.14,2.11,2.16,2.15,2.14,2.09,2.08,2.1,2.09,2.09,2.09,2.09,2.09,2.07,2.05,2.05,2.07,2.08,2.09,2.09,2.1,2.12,2.12,
新竹,2025/04/06 00:00:00,CO,0.27,0.26,0.26,0.28,0.26,0.26,0.25,0.26,0.31,0.32,0.32,0.31,0.31,0.31,0.29,0.27,0.25,0.28,0.28,0.28,0.29,0.3,0.31,0.3,
新竹,2025/04/06 00:00:00,NMHC,0.02,0.03,0.01,0.03,0.03,0.02,0.01,0.02,0.03,0.04,0.04,0.04,0.04,0.04,0.02,0.02,0.01,0.02,0.02,0.02,0.03,0.03,0.03,0.04,
新竹,2025/04/06 00:00:00,NO,0.5,0.6,0.4,0.4,0.5,0.5,0.4,0.4,0.5,0.7,0.8,1,1.2,1.3,1.1,0.9,0.5,0.5,0.4,0.4,0.2,0.4,0.5,0.3,
新竹,2025/04/06 00:00:00,NO2,5.6,10.6,5,7.3,9.5,7.6,6.4,5.4,7.5,8.9,9.2,10.7,9.7,9.4,8,6.4,5.5,6,6.4,6.8,6.9,6.9,7.4,7,
新竹,2025/04/06 00:00:00,NOx,6.1,11.2,5.5,7.7,10,8.2,6.9,5.8,8,9.7,10.1,11.8,10.9,10.7,9.1,7.3,6,6.5,6.9,7.3,7.2,7.4,8,7.3,
新竹,2025/04/06 00:00:00,O3,51.6,44.1,48.3,44.4,48.1,50,54.3,54.5,47.2,46.2,45.2,46.6,53.3,53.8,54.5,59.5,64,67.8,69.5,72,73.3,69.2,66.8,65.1,
新竹,2025/04/06 00:00:00,PM10,10,7,4,8,16,17,20,23,19,14,17,18,23,33,24,34,42,53,52,50,53,49,51,51,
新竹,2025/04/06 00:00:00,PM2.5,11,10,7,10,15,14,13,19,12,13,15,13,16,21,21,14,24,22,22,26,26,24,27,25,
新竹,2025/04/06 00:00:00,RAINFALL,0.5,0.5,0.5,0,0,0,0,0,0,0,0,0,0,0,0,0,0,0,0,0,0,0,0,0,
新竹,2025/04/06 00:00:00,RH,99,99,98,97,93,92,90,88,89,89,88,88,84,81,79,75,65,57,55,51,42,48,52,55,
新竹,2025/04/06 00:00:00,SO2,0.5,0.8,0.8,0.8,1.2,1.1,0.7,0.8,0.7,0.8,1.2,1.1,1.2,1.4,1.1,0.9,1.1,1,1.2,1.2,1.4,1.2,1.1,1,
新竹,2025/04/06 00:00:00,THC,2.12,2.17,2.12,2.19,2.18,2.16,2.1,2.1,2.13,2.13,2.13,2.13,2.13,2.13,2.09,2.07,2.06,2.09,2.1,2.11,2.12,2.13,2.15,2.16,
新竹,2025/04/06 00:00:00,WD_HR,42,65,67,36,55,44,56,54,80,71,63,47,48,50,51,59,46,49,45,47,51,48,52,54,
新竹,2025/04/06 00:00:00,WIND_DIREC,36,76,57,53,66,63,63,52,84,64,45,45,51,54,57,58,39,44,52,51,62,46,50,45,
新竹,2025/04/06 00:00:00,WIND_SPEED,1.2,1.4,1.1,1.2,1.6,1.8,1.8,1.2,1.7,1.5,1.6,2.7,2.9,2.4,2.7,2.9,2.7,3,3.1,3.3,2.5,2,1.5,2,
新竹,2025/04/06 00:00:00,WS_HR,1,0.9,0.9,1,1.2,1.4,1.5,1.5,1.2,1.1,1.5,1.5,2.3,1.9,2.2,2.3,2.4,2.5,2.8,2.9,2.6,1.7,1.6,1.3,
新竹,2025/04/07 00:00:00,AMB_TEMP,19.9,19.8,19.7,19.7,19.7,19.8,19.9,20.6,22,24.3,26,27.2,27.8,27.7,27.8,27.5,27,26.4,25.5,24.7,23.9,23.2,22.6,22.2,
新竹,2025/04/07 00:00:00,CH4,2.14,2.14,2.12,2.14,2.12,2.13,2.12,2.12,2.13,2.11,2.09,2.11,2.09,2.09,2.1,2.09,2.09,2.13,2.2,2.28,2.24,2.46,2.37,2.29,
新竹,2025/04/07 00:00:00,CO,0.29,0.28,0.28,0.28,0.28,0.29,0.32,0.45,0.52,0.45,0.4,0.4,0.38,0.37,0.36,0.37,0.41,0.49,0.63,0.87,0.68,0.98,0.7,0.51,
新竹,2025/04/07 00:00:00,NMHC,0.03,0.03,0.02,0.02,0.02,0.03,0.03,0.08,0.09,0.08,0.06,0.12,0.12,0.09,0.13,0.09,0.1,0.13,0.18,0.26,0.22,0.37,0.24,0.16,
新竹,2025/04/07 00:00:00,NO,0.3,0.4,0.3,0.4,0.4,0.4,0.5,1.2,2.9,3.5,2.3,1.7,1.2,0.8,0.9,0.9,1.3,1.1,0.6,0.5,0.7,5.6,0.8,0.5,
新竹,2025/04/07 00:00:00,NO2,6.2,5.8,5.1,4.6,4.4,5,8.7,16.2,19.6,18.2,13.4,12.9,11.8,10.4,11.6,12.6,17.4,19.9,21.5,28.9,29.6,42.2,29.2,19.7,
新竹,2025/04/07 00:00:00,NOx,6.6,6.2,5.5,5,4.8,5.4,9.3,17.5,22.5,21.8,15.8,14.7,13,11.3,12.5,13.6,18.8,21.1,22.2,29.5,30.4,47.8,30,20.3,
新竹,2025/04/07 00:00:00,O3,64.4,63.5,63,60.2,58.7,55.1,47.5,38.5,35.3,40.9,51.9,64.8,71.7,75.3,72.5,64.6,53.9,46.9,54.6,43,19.7,4.6,25.2,36.2,
新竹,2025/04/07 00:00:00,PM10,50,47,50,48,49,44,45,44,45,44,42,44,45,39,38,41,51,39,47,46,52,49,56,51,
新竹,2025/04/07 00:00:00,PM2.5,27,25,25,23,25,24,24,27,23,25,25,24,20,22,21,16,18,25,29,26,27,26,33,28,
新竹,2025/04/07 00:00:00,RAINFALL,0,0,0,0,0,0,0,0,0,0,0,0,0,0,0,0,0,0,0,0,0,0,0,0,
新竹,2025/04/07 00:00:00,RH,57,56,58,61,62,64,66,66,65,59,55,54,52,53,52,54,57,60,63,68,74,81,86,90,
新竹,2025/04/07 00:00:00,SO2,1.1,1.6,1.5,1.5,1.5,1.2,1.6,1.4,1.2,1.4,1.6,2.1,2.1,1.8,1.9,1.5,1.6,1.3,1.7,1.9,1.6,1.5,1.5,1.7,
新竹,2025/04/07 00:00:00,THC,2.17,2.17,2.14,2.16,2.14,2.16,2.15,2.2,2.22,2.19,2.15,2.23,2.21,2.18,2.23,2.18,2.19,2.26,2.38,2.54,2.46,2.83,2.61,2.45,
新竹,2025/04/07 00:00:00,WD_HR,43,46,51,46,70,51,60,52,51,37,54,37,47,30,41,48,71,26,307,112,72,164,212,169,
新竹,2025/04/07 00:00:00,WIND_DIREC,45,59,59,64,68,43,60,44,43,57,48,37,78,332,55,26,61,17,146,77,46,237,223,236,
新竹,2025/04/07 00:00:00,WIND_SPEED,1.9,0.8,0.8,0.8,0.5,1.1,1,0.9,0.6,1.6,0.9,1.3,1.8,1.1,1.4,1.2,1.2,0.5,0.4,0.7,0.3,0.5,0.6,0.9,
新竹,2025/04/07 00:00:00,WS_HR,1.5,1.4,1.2,0.8,0.7,0.9,0.9,0.9,0.8,0.9,1,0.8,1.2,1,1.2,0.7,0.8,0.5,0.2,0.5,0.7,0.3,0.4,0.4,
新竹,2025/04/08 00:00:00,AMB_TEMP,22.1,21.9,21.8,21.9,21.7,21.2,21.2,21.3,22,22.8,24.1,25.7,25.3,24.6,25.5,25.7,24.1,23.7,23.6,23.2,23.2,23.1,22.8,22.5,
新竹,2025/04/08 00:00:00,CH4,2.23,2.3,2.29,2.14,2.12,2.08,2.09,2.08,2.13,2.11,2.15,2.12,2.07,2.05,2.08,2.09,2.06,2.13,2.17,2.25,2.3,2.44,2.44,2.4,
新竹,2025/04/08 00:00:00,CO,0.38,0.37,0.33,0.25,0.25,0.25,0.28,0.34,0.45,0.37,0.44,0.38,0.3,0.27,0.3,0.3,0.32,0.39,0.46,0.54,0.65,0.86,0.81,0.57,
新竹,2025/04/08 00:00:00,NMHC,0.11,0.11,0.06,0.01,0,0,0.02,0.02,0.08,0.04,0.09,0.07,0.03,0.02,0.03,0.03,0.03,0.05,0.16,0.34,0.35,0.36,0.3,0.18,
新竹,2025/04/08 00:00:00,NO,0.5,0.8,0.9,0.9,0.8,0.7,0.7,1,1.4,1.7,2.5,2.8,1.6,1.3,1.3,1.6,1.3,1.3,0.9,0.9,0.9,2.2,6.1,1.6,
新竹,2025/04/08 00:00:00,NO2,13,12.2,9.8,6.9,4.9,6.5,8.7,10.1,13.5,12.4,15,14.2,8.3,7.1,8.1,9.7,10.5,14.9,15.7,19.1,27,37.3,37.4,26,
新竹,2025/04/08 00:00:00,NOx,13.5,13.1,10.7,7.8,5.8,7.3,9.5,11.2,14.9,14.2,17.5,17.1,9.9,8.5,9.5,11.3,11.9,16.2,16.6,20,28,39.6,43.6,27.6,
新竹,2025/04/08 00:00:00,O3,47.2,39,40.1,54.7,56.8,48.1,41.7,44.4,41.3,46,46.6,56.4,62.8,62.7,65,63.6,55.3,47.8,47.6,39.3,24.9,7.7,2.5,4.5,
新竹,2025/04/08 00:00:00,PM10,56,51,54,53,51,56,49,56,54,45,53,50,48,52,52,45,50,52,58,80,83,81,62,47,
新竹,2025/04/08 00:00:00,PM2.5,24,23,24,26,24,25,21,21,31,30,27,26,28,22,29,25,29,27,33,45,46,45,36,26,
新竹,2025/04/08 00:00:00,RAINFALL,0,0,0,0,0,0,0,0,0,0,0,0,0,0,0,0,0,0,0,0,0,0,0,0,
新竹,2025/04/08 00:00:00,RH,92,93,94,93,92,94,94,94,90,85,80,72,75,79,73,70,80,83,83,88,88,88,85,80,
新竹,2025/04/08 00:00:00,SO2,1.4,0.3,0.7,1.2,1.1,1,1.1,1.3,1.1,1.6,1.9,2.7,2.1,1.6,1.8,2.7,1.7,1.3,1.2,1.7,1.9,1.7,1.2,1.6,
新竹,2025/04/08 00:00:00,THC,2.34,2.41,2.35,2.15,2.12,2.08,2.11,2.1,2.21,2.15,2.24,2.19,2.1,2.07,2.11,2.12,2.09,2.18,2.33,2.59,2.65,2.8,2.74,2.58,
新竹,2025/04/08 00:00:00,WD_HR,203,180,203,248,262,284,296,331,288,296,334,268,305,335,303,290,290,315,38,32,71,145,60,140,
新竹,2025/04/08 00:00:00,WIND_DIREC,228,241,220,244,272,277,304,27,316,277,122,296,0,293,299,295,296,41,38,42,69,143,44,171,
新竹,2025/04/08 00:00:00,WIND_SPEED,0.7,0.5,0.8,1.3,1.7,0.6,0.7,0.3,0.6,0.9,0.8,2.4,0.9,1,1.7,2.3,1.6,1,1.1,0.8,0.6,0.3,0.5,1.1,
新竹,2025/04/08 00:00:00,WS_HR,0.4,0.2,0.3,1.1,1.1,0.8,0.9,0.3,0.4,0.2,0.1,0.8,0.8,0.7,1,1.5,1,0.5,0.5,0.6,0.6,0.3,0.4,0.5,
新竹,2025/04/09 00:00:00,AMB_TEMP,22.1,22.1,22,21.8,21.7,21.6,21.9,22.6,23.9,25.8,26.7,27.2,27.5,27,27.2,27.4,26.7,25.5,25,25.1,25,25.1,25.1,25,
新竹,2025/04/09 00:00:00,CH4,2.29,2.4,2.55,2.45,2.39,2.44,2.38,2.38,2.22,2.13,2.14,2.13,2.11,2.11,2.1,2.09,2.1,2.1,2.12,2.14,2.14,2.12,2.08,2.08,
新竹,2025/04/09 00:00:00,CO,0.45,0.45,0.46,0.4,0.35,0.38,0.47,0.64,0.57,0.35,0.34,0.36,0.34,0.33,0.33,0.32,0.35,0.36,0.41,0.45,0.38,0.34,0.28,0.28,
新竹,2025/04/09 00:00:00,NMHC,0.13,0.2,0.16,0.13,0.1,0.11,0.12,0.17,0.13,0.05,0.04,0.04,0.03,0.02,0.03,0.03,0.03,0.03,0.05,0.06,0.05,0.03,0.01,0,
新竹,2025/04/09 00:00:00,NO,2.2,0.9,1.1,1,0.9,1,4.3,10.3,10.3,1.9,1.9,1.7,1.6,1.4,1.3,1.4,1.2,0.8,0.8,0.7,0.8,0.8,0.8,0.6,
新竹,2025/04/09 00:00:00,NO2,18.7,19.6,20.9,19.6,11.1,16.4,21.1,27.6,21.4,10,11.5,10.7,10.2,9.4,9.4,9.8,9.7,9.6,9.2,11.5,11,9.5,6.8,5.7,
新竹,2025/04/09 00:00:00,NOx,20.9,20.6,22,20.7,12,17.4,25.4,37.9,31.8,12,13.4,12.5,11.8,10.8,10.8,11.3,10.9,10.5,10,12.2,11.8,10.4,7.6,6.4,
新竹,2025/04/09 00:00:00,O3,14.7,10.4,5.8,7.5,18.8,14.1,9.3,6.8,25.7,52.8,63.2,65.3,64.2,66.7,64.5,56.4,54.6,59.3,60.9,57.9,50.3,38.5,37.4,39.5,
新竹,2025/04/09 00:00:00,PM10,39,37,37,38,42,39,45,51,57,42,40,43,38,40,31,29,28,32,35,37,32,30,19,17,
新竹,2025/04/09 00:00:00,PM2.5,24,25,29,26,27,27,28,27,28,22,25,30,25,25,23,17,20,25,27,23,23,19,10,16,
新竹,2025/04/09 00:00:00,RAINFALL,0,0,0,0,0,0,0,0,0,0,0,0,0,0,0,0,0,0,0,0,0,0,0,0,
新竹,2025/04/09 00:00:00,RH,84,84,84,86,86,86,86,84,79,67,59,64,65,69,68,67,71,78,82,83,84,85,86,86,
新竹,2025/04/09 00:00:00,SO2,1.3,0.4,0.3,0.5,0.6,0.4,0.6,0.9,1.1,1.4,2.7,2.8,3,2.4,2.6,2.6,1.8,1.5,1.2,1.3,0.8,0.7,0.5,0.5,
新竹,2025/04/09 00:00:00,THC,2.42,2.6,2.71,2.58,2.49,2.55,2.5,2.55,2.35,2.18,2.18,2.17,2.14,2.13,2.13,2.12,2.13,2.13,2.17,2.2,2.19,2.15,2.09,2.08,
新竹,2025/04/09 00:00:00,WD_HR,194,164,119,160,124,141,98,59,155,261,261,259,261,257,268,269,250,284,259,214,239,240,241,242,
新竹,2025/04/09 00:00:00,WIND_DIREC,229,148,167,168,93,153,48,75,204,271,266,252,239,239,274,274,181,272,232,231,239,240,244,262,
新竹,2025/04/09 00:00:00,WIND_SPEED,0.8,0.6,0.6,0.7,0.8,0.4,0.3,0.6,1.1,1.4,1.4,1.8,2.2,1.6,1.3,1,0.9,1.5,0.9,0.8,1.5,2.1,2.1,3,
新竹,2025/04/09 00:00:00,WS_HR,0.5,0.2,0.3,0.4,0.4,0.2,0.3,0.4,0.4,0.4,1.2,1.4,1.8,1.4,1.3,1.1,0.9,1.3,0.9,0.7,1.4,1.8,1.9,2.4,
新竹,2025/04/10 00:00:00,AMB_TEMP,22.2,21.8,21.9,21.8,21.8,22,22.1,22.1,22.5,23.1,23.8,24.3,24.1,22.6,23.1,23.1,22.7,22.5,22.3,22.3,22.1,22.2,22.2,22.2,
新竹,2025/04/10 00:00:00,CH4,2.09,2.11,2.15,2.19,2.23,2.25,2.27,2.3,2.23,2.12,2.11,#,2.1,2.07,2.07,2.08,2.07,2.08,2.08,2.15,2.2,2.21,2.21,2.18,
新竹,2025/04/10 00:00:00,CO,0.27,0.34,0.36,0.37,0.38,0.41,0.45,0.54,0.57,0.41,0.44,#,0.37,#,0.5,0.48,0.48,0.49,0.53,0.59,0.65,0.68,0.65,0.54,
新竹,2025/04/10 00:00:00,NMHC,0,0.01,0.03,0.05,0.08,0.11,0.1,0.12,0.12,0.07,0.08,#,0.06,0.02,0.03,0.03,0.04,0.04,0.05,0.09,0.23,0.21,0.15,0.11,
新竹,2025/04/10 00:00:00,NO,0.7,0.3,0.5,0.3,0.4,0.3,0.5,0.9,1.1,0.8,1.3,#,1,0.7,0.6,0.6,0.5,0.6,0.3,0.3,0.3,0.6,0.5,0.5,
新竹,2025/04/10 00:00:00,NO2,6.9,6.6,6.3,5.8,6.1,8.3,16.1,21.4,19.8,11.3,12.2,#,9,6.7,6.5,7.6,8.4,8.7,8.9,10.7,15.3,23,20,16.2,
新竹,2025/04/10 00:00:00,NOx,7.7,6.9,6.8,6.2,6.6,8.7,16.6,22.3,20.9,12.2,13.6,#,10,7.5,7.2,8.3,8.9,9.4,9.2,11,15.7,23.7,20.5,16.7,
新竹,2025/04/10 00:00:00,O3,46.5,61.2,61.4,60.3,57.3,47.1,31.8,22.5,24.4,35.1,36.5,36.5,#,38.9,47.7,52.8,54.8,55.6,56.7,53.2,41.6,33.6,29.9,31.1,
新竹,2025/04/10 00:00:00,PM10,22,30,32,33,28,36,37,23,22,33,29,26,#,11,18,12,12,13,19,20,36,33,27,36,
新竹,2025/04/10 00:00:00,PM2.5,17,25,28,28,26,29,34,25,18,27,29,#,14,9,12,11,14,15,17,16,23,32,21,23,
新竹,2025/04/10 00:00:00,RAINFALL,0.5,0,0,4,0,0,10.5,11.5,9,8,0.5,#,0,0,0,0,0,0,0,0,0,0,0,0,
新竹,2025/04/10 00:00:00,RH,96,95,95,97,98,97,98,100,99,97,93,92,92,93,89,88,88,89,90,90,91,90,91,93,
新竹,2025/04/10 00:00:00,SO2,0.1,0.5,0.3,0.5,0.4,0.3,0.3,0.3,0.5,0.6,0.7,#,1.1,1,1.2,1.2,1.3,1.4,1.2,1.8,1.8,1.8,1.4,1,
新竹,2025/04/10 00:00:00,THC,2.08,2.12,2.18,2.24,2.31,2.36,2.37,2.42,2.35,2.19,2.19,#,2.16,2.09,2.1,2.11,2.11,2.12,2.13,2.24,2.43,2.42,2.36,2.29,
新竹,2025/04/10 00:00:00,WD_HR,306,30,47,73,326,69,170,179,235,227,239,247,258,295,294,295,295,300,297,331,60,34,63,54,
新竹,2025/04/10 00:00:00,WIND_DIREC,19,2,50,12,24,154,254,159,227,227,245,238,298,300,295,300,302,304,289,54,67,48,82,78,
新竹,2025/04/10 00:00:00,WIND_SPEED,0.9,0.3,0.7,0.3,0.8,1.7,0.5,0.5,2.4,2,2.5,3.3,3.1,1.9,2.1,1.8,1.9,0.8,0.3,0.3,0.7,0.6,0.7,0.7,
新竹,2025/04/10 00:00:00,WS_HR,0.7,0.2,0.4,0.3,0.2,0.2,0.7,0.3,0.9,1.6,1.9,2,1.9,1.7,2,1.4,1.7,0.8,0.7,0.2,0.5,0.4,0.6,0.4,
新竹,2025/04/11 00:00:00,AMB_TEMP,22.1,22,21.6,21.5,21.4,21.5,21.4,22.5,25.1,27,28.1,28.6,28.8,28.4,28.2,27.7,26.8,26.1,25.8,25.2,25.3,25.4,25.1,24.8,
新竹,2025/04/11 00:00:00,CH4,2.2,2.37,2.28,2.17,2.13,2.21,2.27,2.34,2.15,2.09,2.08,2.07,2.06,2.07,2.09,2.08,2.09,2.11,2.08,2.17,2.24,2.23,2.23,2.26,
新竹,2025/04/11 00:00:00,CO,0.49,0.57,0.48,0.35,0.31,0.34,0.46,0.71,0.67,0.48,0.44,0.39,0.38,0.36,0.39,0.39,0.4,0.45,0.46,0.57,0.69,0.68,0.55,0.47,
新竹,2025/04/11 00:00:00,NMHC,0.09,0.13,0.09,0.04,0.04,0.05,0.1,0.18,0.15,0.09,0.07,0.04,0.04,0.03,0.03,0.04,0.04,0.05,0.07,0.1,0.16,0.15,0.1,0.08,
新竹,2025/04/11 00:00:00,NO,0.5,0.6,0.8,0.4,0.3,0.6,5,18.4,14.3,2.7,1.7,1.4,1.2,0.9,0.7,0.7,0.7,0.5,0.4,0.4,0.6,0.8,0.6,0.4,
新竹,2025/04/11 00:00:00,NO2,10.6,15.8,20.1,8.5,7.8,9.4,19.2,22.3,20.2,12.8,11.3,9.1,8.9,6.4,6.8,6.9,7.6,10.5,10.4,12.4,17.5,23,19.7,13.9,
新竹,2025/04/11 00:00:00,NOx,11.1,16.4,20.9,8.9,8.2,10.1,24.2,40.7,34.5,15.5,13,10.6,10.1,7.3,7.6,7.7,8.3,11.1,10.9,12.9,18.1,23.8,20.3,14.3,
新竹,2025/04/11 00:00:00,O3,30.6,17.8,12.7,18,15.5,12,5,4.4,20.1,42.7,53.2,57.9,63.6,69,68.5,70.7,72.2,70.4,69.6,59.5,45.8,32.5,33.2,33.2,
新竹,2025/04/11 00:00:00,PM10,44,42,35,21,20,19,23,30,34,29,28,27,27,25,25,24,27,29,27,35,41,47,44,36,
新竹,2025/04/11 00:00:00,PM2.5,29,27,23,16,14,15,15,17,25,21,19,22,18,17,24,16,24,24,25,33,38,32,36,31,
新竹,2025/04/11 00:00:00,RAINFALL,0,0,0,0,0,0,0,0,0,0,0,0,0,0,0,0,0,0,0,2.5,0,0,0,0.5,
新竹,2025/04/11 00:00:00,RH,94,95,96,92,90,89,90,86,75,69,65,62,61,63,69,72,77,81,83,90,91,91,92,93,
新竹,2025/04/11 00:00:00,SO2,1.2,0,0,0.5,0.6,1,0.7,0.9,0.6,0.7,1.2,2.4,2.2,1.3,1.5,1.6,1.2,1.6,0.9,0.6,0.9,0.5,0.4,0.3,
新竹,2025/04/11 00:00:00,THC,2.29,2.5,2.37,2.21,2.17,2.26,2.37,2.52,2.3,2.18,2.15,2.11,2.1,2.1,2.12,2.12,2.13,2.16,2.15,2.27,2.4,2.38,2.33,2.34,
新竹,2025/04/11 00:00:00,WD_HR,62,160,61,74,66,87,91,82,65,21,288,265,270,278,254,260,262,262,158,302,159,130,161,201,
新竹,2025/04/11 00:00:00,WIND_DIREC,49,125,73,39,68,80,141,73,63,297,291,254,257,283,260,276,246,200,169,261,131,87,153,174,
新竹,2025/04/11 00:00:00,WIND_SPEED,0.3,0.3,0.4,0.4,0.7,0.3,0.3,1.3,0.9,0.7,2.4,2.3,2.6,2.6,2,1.9,1.2,0.9,0.7,0.8,0.6,0.6,0.3,0.4,
新竹,2025/04/11 00:00:00,WS_HR,0.4,0.4,0.4,0.5,0.6,0.3,0.3,0.5,0.9,0.5,1.3,1.6,1.8,1.8,1.7,1.3,1.4,0.8,0.6,0.4,0.3,0.4,0.3,0.2,
新竹,2025/04/12 00:00:00,AMB_TEMP,24.9,24.9,25,25.2,25.5,25.9,26.4,27.2,28.6,28.9,29.5,28.8,29.1,29,29.2,30.1,30.3,29.9,29.3,29.4,28.7,23.4,20.2,19.5,
新竹,2025/04/12 00:00:00,CH4,2.3,2.3,2.16,2.15,2.11,2.08,2.08,2.08,2.07,2.05,2.04,2.08,2.04,2.07,2.06,2.03,2,1.99,1.99,1.97,1.97,2.04,2.12,2.11,
新竹,2025/04/12 00:00:00,CO,0.48,0.42,0.34,0.31,0.29,0.33,0.38,0.41,0.39,0.34,0.31,0.39,0.32,0.36,0.33,0.29,0.26,0.27,0.25,0.22,0.2,0.27,0.41,0.3,
新竹,2025/04/12 00:00:00,NMHC,0.09,0.09,0.03,0.02,0.01,0.02,0.03,0.05,0.05,0.04,0.03,0.05,0.03,0.04,0.04,0.04,0.03,0.03,0.02,0.03,0.01,0.01,0.06,0.03,
新竹,2025/04/12 00:00:00,NO,0.6,0.7,0.5,0.5,0.4,0.5,0.5,0.7,1.3,0.9,0.8,1.1,1.3,1.3,1.2,1.6,1.3,1.3,0.8,1.1,1.1,0.8,0.5,0.3,
新竹,2025/04/12 00:00:00,NO2,16.7,13.2,8.5,6.3,5.3,5,6.6,9,9.1,7,6.2,8.2,7.2,8.3,8.3,7.4,6.5,6.5,6.5,5.6,5.1,5.1,6,6.4,
新竹,2025/04/12 00:00:00,NOx,17.4,13.9,9,6.9,5.7,5.6,7.1,9.8,10.4,8,7,9.3,8.5,9.6,9.6,9,7.8,7.9,7.4,6.8,6.2,6,6.5,6.8,
新竹,2025/04/12 00:00:00,O3,25.5,25.8,35.7,39.6,43.2,43.6,41.5,41.5,43.5,44.6,40.2,38,41.8,42.5,38.2,33.6,27.8,20.8,18.2,14.4,14.1,27.5,46.9,44.1,
新竹,2025/04/12 00:00:00,PM10,40,42,29,21,23,26,27,23,19,30,33,26,42,40,43,29,24,19,18,16,21,13,7,17,
新竹,2025/04/12 00:00:00,PM2.5,35,33,18,17,11,16,16,11,13,14,17,16,14,19,20,15,11,12,13,13,12,11,5,7,
新竹,2025/04/12 00:00:00,RAINFALL,0,0,0,0,0,0,0,0,0,0,0,0,0,0,0,0,0,0,0,0,0.5,29.5,21,0.5,
新竹,2025/04/12 00:00:00,RH,93,93,90,84,79,73,70,65,60,59,58,65,68,71,68,61,57,56,59,58,64,90,98,95,
新竹,2025/04/12 00:00:00,SO2,0.3,0.7,0.5,0.6,0.6,0.9,1.3,1.7,1.4,1.1,1,1.4,1.7,1.7,1.3,1.1,1.2,0.8,0.9,0.5,0.7,1.2,0.8,0.3,
新竹,2025/04/12 00:00:00,THC,2.39,2.39,2.19,2.17,2.12,2.1,2.11,2.13,2.12,2.09,2.07,2.13,2.07,2.11,2.1,2.07,2.03,2.02,2.01,2,1.98,2.05,2.18,2.14,
新竹,2025/04/12 00:00:00,WD_HR,186,190,242,241,240,241,230,197,205,234,236,241,241,241,234,191,186,210,219,218,230,287,36,54,
新竹,2025/04/12 00:00:00,WIND_DIREC,142,234,244,238,242,240,197,216,217,236,235,237,245,240,188,192,185,237,186,234,240,312,37,62,
新竹,2025/04/12 00:00:00,WIND_SPEED,0.4,0.9,2.9,3.4,3.1,3.8,1.8,1.2,2.1,5.6,4,6.6,5,3.5,2.8,3.7,3.5,2.9,2.7,2.7,3.5,3,2.9,2.6,
新竹,2025/04/12 00:00:00,WS_HR,0.2,0.4,2.2,2.7,3.2,2.9,2,0.8,1,3.1,3.1,4.2,5,3.6,2.8,2,2.4,1.8,1.9,1.3,1.9,3,2.5,2.3,
新竹,2025/04/13 00:00:00,AMB_TEMP,19,18.5,17.9,17.5,16.5,16.2,16.3,17.1,17.8,18.1,18.5,19.2,19.8,20.3,20.4,20.1,20.1,19.7,19.5,19.4,18.7,18.6,18.6,18.6,
新竹,2025/04/13 00:00:00,CH4,2.11,2.11,2.1,2.1,2.06,2.06,2.07,2.09,2.08,2.07,2.06,2.07,2.05,2.06,2.06,2.06,2.07,2.08,2.09,2.14,2.11,2.11,2.2,2.23,
新竹,2025/04/13 00:00:00,CO,0.28,0.27,0.24,0.23,0.19,0.18,0.2,0.22,0.23,0.24,0.23,0.23,0.21,0.22,0.23,0.24,0.23,0.26,0.31,0.39,0.36,0.33,0.37,0.34,
新竹,2025/04/13 00:00:00,NMHC,0.03,0.03,0.01,0.03,0.01,0,0,0.03,0.04,0.04,0.04,0.03,0.03,0.03,0.03,0.04,0.04,0.04,0.06,0.1,0.08,0.06,0.09,0.08,
新竹,2025/04/13 00:00:00,NO,0.5,0.6,0.4,0.5,0.4,0.4,0.5,0.7,1.1,1.1,0.8,1.4,1.4,0.9,0.8,0.7,0.8,0.9,0.4,0.6,0.9,0.9,0.7,0.6,
新竹,2025/04/13 00:00:00,NO2,5.9,7.4,6.3,5.7,4.8,5.1,5.5,7.9,10.7,9.7,8.4,9.2,7.3,6.5,7.3,7.7,9.4,12.3,12.8,18.1,27.4,23.2,18.7,12.3,
新竹,2025/04/13 00:00:00,NOx,6.4,8,6.8,6.3,5.2,5.5,6,8.6,11.9,10.8,9.2,10.6,8.7,7.4,8.2,8.4,10.2,13.2,13.3,18.7,28.3,24.1,19.5,12.9,
新竹,2025/04/13 00:00:00,O3,40.7,39,41.7,39.8,48.7,46.6,42.8,37.8,40.3,42.7,45.5,45.7,51.3,56.3,55.6,54.8,51,45.9,45.7,36.9,23.5,19.7,20.4,23,
新竹,2025/04/13 00:00:00,PM10,26,22,27,40,51,77,102,150,193,192,155,120,115,125,128,119,109,103,100,93,84,61,59,59,
新竹,2025/04/13 00:00:00,PM2.5,18,14,11,21,34,43,54,64,56,52,38,27,29,33,38,31,25,21,24,25,32,24,29,22,
新竹,2025/04/13 00:00:00,RAINFALL,2,1,0.5,2.5,0,0,0,0,0,0,0,0,0,0,0,0,0,0,0,0,0,0,0,0,
新竹,2025/04/13 00:00:00,RH,94,94,94,95,90,85,84,77,55,50,41,33,28,28,32,30,28,30,31,34,47,56,61,65,
新竹,2025/04/13 00:00:00,SO2,0.5,1,1,1.1,1.3,1.4,1.7,2.3,2.2,1.4,1.5,1.8,1.8,1.6,1.7,2,1.3,1.4,1.6,1.8,1.9,1.6,0.9,1.4,
新竹,2025/04/13 00:00:00,THC,2.14,2.14,2.11,2.13,2.07,2.06,2.07,2.12,2.12,2.11,2.1,2.1,2.08,2.09,2.09,2.1,2.11,2.12,2.15,2.24,2.19,2.17,2.29,2.31,
新竹,2025/04/13 00:00:00,WD_HR,47,44,36,31,47,62,62,49,41,63,53,48,46,32,48,51,55,55,74,160,155,118,161,146,
新竹,2025/04/13 00:00:00,WIND_DIREC,57,33,35,24,66,60,63,46,40,69,40,41,50,38,57,73,73,64,109,173,126,175,174,142,
新竹,2025/04/13 00:00:00,WIND_SPEED,2.8,2.6,2.5,3.9,2.3,2.3,2.1,2.6,2.6,2.7,3.2,2.8,2.7,2.3,2.2,1.9,1.9,0.7,0.8,1.3,0.8,0.7,1.3,0.6,
新竹,2025/04/13 00:00:00,WS_HR,2.2,1.9,2.2,2.3,2.5,2.2,2,1.8,2.4,2,2.5,2.2,2.3,1.9,2.1,1.7,1.5,0.9,0.6,0.8,1,0.5,0.6,0.4,
新竹,2025/04/14 00:00:00,AMB_TEMP,18.6,18.1,18,18.4,17.8,17.7,18.2,20.2,22.7,24.3,25,25.4,26.1,26.2,26,26.2,25.8,24.9,24,23.1,22.6,22,21.9,21.6,
新竹,2025/04/14 00:00:00,CH4,2.28,2.45,2.32,2.39,2.36,2.27,2.37,2.27,2.16,2.11,2.12,2.11,2.08,2.06,2.06,2.07,2.07,2.06,2.09,2.13,2.16,2.18,2.25,2.35,
新竹,2025/04/14 00:00:00,CO,0.32,0.34,0.3,0.32,0.3,0.33,0.43,0.5,0.38,0.27,0.28,0.27,0.25,0.23,0.22,0.24,0.26,0.29,0.38,0.4,0.41,0.45,0.42,0.44,
新竹,2025/04/14 00:00:00,NMHC,0.08,0.12,0.08,0.11,0.09,0.08,0.13,0.14,0.09,0.05,0.06,0.05,0.04,0.03,0.03,0.04,0.05,0.05,0.09,0.11,0.13,0.15,0.17,0.18,
新竹,2025/04/14 00:00:00,NO,0.4,1,0.7,0.7,0.8,0.9,5.5,10,6.1,2.3,2.4,1.6,1.2,1.1,0.9,1,1.2,0.9,0.8,0.8,0.8,0.9,0.8,0.9,
新竹,2025/04/14 00:00:00,NO2,11.8,15.7,11.8,13.1,13.8,13.4,21,20.7,14.4,10.4,12.1,9.8,8.5,7.5,6.4,7.3,10,10.2,14.8,17.8,18.5,21.2,22.2,22.9,
新竹,2025/04/14 00:00:00,NOx,12.2,16.7,12.6,13.8,14.6,14.3,26.6,30.7,20.6,12.8,14.6,11.4,9.8,8.7,7.3,8.3,11.3,11.2,15.6,18.6,19.3,22.1,23,23.9,
新竹,2025/04/14 00:00:00,O3,21,14.1,17.4,13.8,10.5,14,9.1,13.1,31.7,47.4,52.3,63.6,71.3,74.9,75.1,76.9,66.5,64.2,56.3,51.3,48.1,38,34.9,30.1,
新竹,2025/04/14 00:00:00,PM10,55,50,46,48,39,43,42,38,52,81,88,84,104,111,112,104,99,96,99,96,108,102,108,104,
新竹,2025/04/14 00:00:00,PM2.5,22,23,23,22,18,20,21,20,20,22,21,24,26,32,35,32,31,26,30,33,36,37,32,35,
新竹,2025/04/14 00:00:00,RAINFALL,0,0,0,0,0,0,0,0,0,0,0,0,0,0,0,0,0,0,0,0,0,0,0,0,
新竹,2025/04/14 00:00:00,RH,68,73,77,76,82,84,81,75,62,52,54,54,53,52,54,52,49,53,55,61,66,71,73,74,
新竹,2025/04/14 00:00:00,SO2,2,1,0.9,1,1.3,1,1.5,1.8,1.6,1.5,2.3,1.8,1.8,1.5,1.5,2,2.3,1.8,1.2,1.4,1.6,1.7,1.7,1.4,
新竹,2025/04/14 00:00:00,THC,2.36,2.57,2.4,2.5,2.45,2.35,2.5,2.41,2.25,2.16,2.18,2.16,2.12,2.09,2.09,2.11,2.12,2.11,2.18,2.24,2.29,2.33,2.42,2.53,
新竹,2025/04/14 00:00:00,WD_HR,133,158,82,94,133,164,159,172,231,242,241,240,243,243,241,244,246,236,174,256,221,149,222,158,
新竹,2025/04/14 00:00:00,WIND_DIREC,127,135,63,88,171,162,129,171,229,240,235,252,246,242,240,242,246,172,151,261,155,172,179,145,
新竹,2025/04/14 00:00:00,WIND_SPEED,0.3,0.3,0.3,0.3,1.1,0.5,0.4,1.1,1.8,3.9,4.4,3.8,4.2,3.8,4.2,4.1,3.1,1.4,1,1,0.8,1.2,0.4,0.4,
新竹,2025/04/14 00:00:00,WS_HR,0.4,0.5,0.1,0.2,0.5,0.7,0.3,0.6,1.4,2.8,3.4,3.4,3.2,3.1,3.6,3.4,3.2,2.5,0.5,0.4,0.8,0.4,0.4,0.5,
新竹,2025/04/15 00:00:00,AMB_TEMP,20.7,20.3,19.9,19.6,18.9,18.4,18.9,20.6,23.9,26,27.1,28.4,29.1,29.4,29.2,28.5,27.4,26.3,25.2,24.5,23.6,22.9,22.1,21.7,
新竹,2025/04/15 00:00:00,CH4,2.31,2.29,2.32,2.36,2.33,2.2,2.17,2.15,2.12,2.14,2.15,2.12,2.09,2.09,2.1,2.1,2.09,2.1,2.12,2.19,2.14,2.12,2.18,2.24,
新竹,2025/04/15 00:00:00,CO,0.39,0.32,0.3,0.28,0.23,0.21,0.24,0.39,0.47,0.34,0.38,0.36,0.29,0.26,0.25,0.25,0.25,0.28,0.32,0.41,0.39,0.39,0.39,0.38,
新竹,2025/04/15 00:00:00,NMHC,0.17,0.14,0.1,0.13,0.12,0.05,0.05,0.09,0.12,0.11,0.14,0.15,0.08,0.05,0.04,0.05,0.05,0.08,0.16,0.2,0.11,0.09,0.09,0.1,
新竹,2025/04/15 00:00:00,NO,0.8,0.3,0.2,0.3,0.3,0.4,1.9,5.9,6.7,3.2,2.3,1.5,0.7,0.7,0.7,0.5,0.4,0.4,0.4,0.4,0.4,0.3,0.3,0.2,
新竹,2025/04/15 00:00:00,NO2,20.3,13.6,11.8,19.4,19.9,15.3,16.1,20.7,22,16.1,17.2,15.4,10.1,8.5,7.7,7.5,8.1,9.3,11.1,17.3,17,15.3,15.3,15.5,
新竹,2025/04/15 00:00:00,NOx,21.2,14,12.1,19.8,20.2,15.7,18,26.6,28.8,19.3,19.5,17,10.9,9.2,8.5,8.1,8.5,9.8,11.5,17.7,17.4,15.7,15.6,15.7,
新竹,2025/04/15 00:00:00,O3,26.8,30.9,28.7,15.8,14.2,21.2,19.4,18.8,28.4,55.2,62.8,75.3,75,82.4,81.6,80.5,75.1,69,64.4,52.5,51.5,48.9,40.9,39,
新竹,2025/04/15 00:00:00,PM10,91,86,79,70,64,62,65,66,75,109,118,117,#,108,99,102,107,100,97,89,77,71,63,64,
新竹,2025/04/15 00:00:00,PM2.5,32,31,32,25,25,22,20,22,22,32,32,#,26,31,28,24,29,21,22,28,29,20,19,26,
新竹,2025/04/15 00:00:00,RAINFALL,0,0,0,0,0,0,0,0,0,0,0,0,0,0,0,0,0,0,0,0,0,0,0,0,
新竹,2025/04/15 00:00:00,RH,75,73,72,70,69,64,58,53,44,50,45,36,31,31,32,35,33,32,39,48,59,65,68,67,
新竹,2025/04/15 00:00:00,SO2,1.2,1.8,1.7,1.8,1.4,2,2,1.9,1.9,2.3,2.3,2.5,2.1,2.7,2.7,2.7,2.6,2.3,1.9,2.4,1.4,0.9,0.9,1.2,
新竹,2025/04/15 00:00:00,THC,2.48,2.43,2.42,2.49,2.45,2.25,2.22,2.24,2.24,2.25,2.29,2.27,2.17,2.14,2.14,2.15,2.14,2.18,2.28,2.39,2.25,2.21,2.27,2.34,
新竹,2025/04/15 00:00:00,WD_HR,181,167,163,103,89,76,76,57,57,44,32,42,38,40,36,40,39,35,31,41,65,72,77,74,
新竹,2025/04/15 00:00:00,WIND_DIREC,200,156,166,115,83,80,79,18,43,44,15,32,30,25,32,41,35,33,30,61,56,72,79,78,
新竹,2025/04/15 00:00:00,WIND_SPEED,0.4,0.8,0.4,0.5,0.8,0.9,1.5,1.1,1.7,1.9,2,2.5,2.3,1.5,1.8,2.4,2.1,3,1.9,1.4,0.8,1.5,0.6,1.1,
新竹,2025/04/15 00:00:00,WS_HR,0.5,0.3,0.4,0.4,0.6,0.8,1.1,0.9,0.8,1.5,1.7,1.6,1.6,1.3,1.2,1.1,1.7,2.3,2.1,1.3,0.9,1,1,0.9,
新竹,2025/04/16 00:00:00,AMB_TEMP,21,20.6,20.3,20,19.5,19.2,19.8,21.6,24.5,26.6,27.3,27.4,27.2,27.3,27.3,26.6,26,25.4,24.9,24.5,24.1,23.6,23.2,22.5,
新竹,2025/04/16 00:00:00,CH4,2.27,2.25,2.32,2.56,2.64,2.65,2.44,2.32,2.24,2.14,2.15,2.11,2.09,2.08,2.08,2.08,2.08,2.08,2.1,2.12,2.17,2.23,2.4,2.45,
新竹,2025/04/16 00:00:00,CO,0.34,0.29,0.27,0.31,0.32,0.36,0.39,0.57,0.56,0.36,0.36,0.35,0.31,0.27,0.25,0.25,0.27,0.31,0.35,0.38,0.43,0.55,0.63,0.53,
新竹,2025/04/16 00:00:00,NMHC,0.1,0.07,0.06,0.15,0.16,0.18,0.14,0.17,0.15,0.09,0.1,0.08,0.04,0.02,0.02,0.03,0.03,0.04,0.06,0.09,0.11,0.16,0.21,0.18,
新竹,2025/04/16 00:00:00,NO,0.3,0.9,0.7,0.7,0.8,1.3,6.2,10.9,7.5,1.9,1.7,1.1,1,0.8,0.9,0.9,0.9,0.7,0.7,0.6,0.6,0.8,0.9,0.9,
新竹,2025/04/16 00:00:00,NO2,15.3,11.6,11.2,13.8,17.7,22.4,33.5,34.1,23.9,13.4,12.9,9.4,7.5,5.9,6,5.6,6.5,6,7.4,10.3,15.4,27.1,34.3,29.3,
新竹,2025/04/16 00:00:00,NOx,15.6,12.5,12,14.6,18.5,23.7,39.8,45,31.4,15.4,14.7,10.5,8.6,6.8,6.9,6.5,7.5,6.7,8.1,10.9,16,28,35.3,30.2,
新竹,2025/04/16 00:00:00,O3,36.4,39.6,38.1,27.4,22.3,11.6,12.5,16.8,39.2,63.8,76.5,88,90,87.7,81.4,78.5,76.5,73.6,69.8,64,52.3,36.1,22.6,20.8,
新竹,2025/04/16 00:00:00,PM10,56,64,61,62,63,55,64,69,87,100,104,102,97,83,87,84,84,85,88,80,87,89,78,70,
新竹,2025/04/16 00:00:00,PM2.5,29,24,28,24,31,26,33,33,26,28,29,30,22,25,25,28,24,23,25,25,30,29,26,31,
新竹,2025/04/16 00:00:00,RAINFALL,0,0,0,0,0,0,0,0,0,0,0,0,0,0,0,0,0,0,0,0,0,0,0,0,
新竹,2025/04/16 00:00:00,RH,68,65,64,67,70,71,66,60,59,53,50,53,61,57,54,57,59,61,62,61,62,64,69,74,
新竹,2025/04/16 00:00:00,SO2,1.4,0.9,0.9,0.9,0.5,0.7,0.9,1,1.4,1.9,3.1,2.6,2.1,2.2,2.6,2.6,3,2.2,1.9,1.9,2.4,2.3,1.7,1.7,
新竹,2025/04/16 00:00:00,THC,2.37,2.32,2.38,2.71,2.8,2.83,2.58,2.49,2.39,2.23,2.25,2.19,2.13,2.1,2.1,2.11,2.11,2.12,2.16,2.21,2.28,2.39,2.61,2.63,
新竹,2025/04/16 00:00:00,WD_HR,77,81,54,145,162,145,88,75,177,243,253,251,264,251,256,251,246,236,237,205,169,169,155,134,
新竹,2025/04/16 00:00:00,WIND_DIREC,77,68,49,168,154,149,67,69,156,253,270,238,286,239,246,242,250,243,237,229,174,154,146,99,
新竹,2025/04/16 00:00:00,WIND_SPEED,0.4,0.3,0.2,0.6,0.4,0.2,0.3,0.5,0.6,2.2,2.7,2.8,2.5,2.6,2.6,2.9,1.9,1.6,2.3,0.6,1,0.5,0.3,0.3,
新竹,2025/04/16 00:00:00,WS_HR,0.6,0.9,0.3,0.3,0.5,0.3,0.4,0.4,0.3,1.7,1.9,2.2,2.3,2.2,2,2.3,2,1.6,1.8,0.7,0.7,0.5,0.3,0.3,
新竹,2025/04/17 00:00:00,AMB_TEMP,22.2,21.9,21.8,21.7,21.7,21.4,21.8,22.9,25.2,26.7,27.8,28.3,28.5,28,27.9,27.8,27.9,26.7,26.3,26.4,26.4,26.4,26.2,25.9,
新竹,2025/04/17 00:00:00,CH4,2.35,2.57,2.64,2.49,2.62,2.5,2.38,2.4,2.27,2.1,2.11,2.06,2.06,2.05,2.06,2.06,2.07,2.07,2.09,2.11,2.12,2.18,2.27,2.27,
新竹,2025/04/17 00:00:00,CO,0.37,0.43,0.39,0.33,0.32,0.34,0.36,0.56,0.59,0.39,0.35,0.28,0.26,0.25,0.25,0.25,0.27,0.29,0.32,0.35,0.31,0.32,0.39,0.41,
新竹,2025/04/17 00:00:00,NMHC,0.11,0.17,0.16,0.11,0.13,0.12,0.1,0.15,0.13,0.04,0.05,0.02,0.01,0.01,0.01,0.01,0.03,0.03,0.04,0.06,0.04,0.09,0.12,0.11,
新竹,2025/04/17 00:00:00,NO,0.8,0.8,0.8,0.6,0.7,0.9,2.4,9.2,11.4,2,2,1.2,0.8,0.8,0.7,0.9,1,0.6,0.6,0.8,0.6,0.6,0.6,0.6,
新竹,2025/04/17 00:00:00,NO2,18.3,24.1,24.4,16.5,15.6,20.2,22.4,30.5,28.5,9.7,11.9,7.3,6.2,4.9,4.7,5.6,7.5,7,8.5,9.4,8.8,9.3,13.6,13.3,
新竹,2025/04/17 00:00:00,NOx,19.1,24.9,25.3,17.2,16.4,21.1,24.8,39.7,39.9,11.8,14,8.5,7,5.8,5.4,6.5,8.5,7.7,9.2,10.2,9.5,9.9,14.3,13.9,
新竹,2025/04/17 00:00:00,O3,23.2,15.4,12.6,23.6,17.6,22.1,15.6,12,28.6,59.9,65.9,75,77.2,77.4,78.1,74.2,67,65.6,59.4,54.8,52.7,49.3,38,36.3,
新竹,2025/04/17 00:00:00,PM10,67,56,56,59,52,60,57,59,79,93,93,92,80,82,83,80,70,75,71,66,64,78,72,69,
新竹,2025/04/17 00:00:00,PM2.5,30,27,22,26,33,28,30,30,37,30,30,26,30,23,26,23,21,14,23,23,22,25,24,31,
新竹,2025/04/17 00:00:00,RAINFALL,0,0,0,0,0,0,0,0,0,0,0,0,0,0,0,0,0,0,0,0,0,0,0,0,
新竹,2025/04/17 00:00:00,RH,78,79,80,78,79,77,76,71,65,59,58,58,59,63,64,65,65,71,73,73,74,74,75,75,
新竹,2025/04/17 00:00:00,SO2,1.8,0.6,0.3,0.3,0,0.1,0.3,0.8,1.2,2.6,2.5,1.7,1.2,1,1.2,1.2,1.5,0.9,1.1,1.1,0.6,0.8,1.1,0.8,
新竹,2025/04/17 00:00:00,THC,2.46,2.74,2.8,2.6,2.75,2.62,2.48,2.55,2.4,2.14,2.16,2.08,2.07,2.06,2.07,2.07,2.1,2.1,2.13,2.17,2.16,2.27,2.39,2.38,
新竹,2025/04/17 00:00:00,WD_HR,103,156,168,150,137,160,78,58,68,268,324,306,292,301,270,298,274,289,302,288,297,2,64,93,
新竹,2025/04/17 00:00:00,WIND_DIREC,169,153,166,141,104,119,75,87,157,294,292,299,285,356,242,320,276,290,305,295,340,7,74,114,
新竹,2025/04/17 00:00:00,WIND_SPEED,0.7,0.3,0.3,0.3,0.3,0.5,1,0.8,1,1.1,1.5,2.6,1.9,1.5,2.4,1.4,1.8,1.3,0.8,1.1,0.3,1.2,1.5,0.8,
新竹,2025/04/17 00:00:00,WS_HR,0.6,0.3,0.4,0.3,0.3,0.3,0.7,0.5,0.4,0.5,0.2,1.3,1.2,1.4,1.7,1.1,1.3,1.6,0.9,0.6,0.5,0.4,0.7,0.3,
新竹,2025/04/18 00:00:00,AMB_TEMP,25.7,25.2,25.2,24.7,24.6,24.5,24.6,25.4,26.9,28.2,26.9,26.4,26.5,27,27,26.6,26.8,26.9,26.6,26.3,26.1,26,25.9,25.5,
新竹,2025/04/18 00:00:00,CH4,2.34,2.27,2.29,2.24,2.24,2.27,2.21,2.19,2.15,2.11,2.03,2.01,2,2.01,2.01,2.03,2.02,2.05,2.06,2.12,2.15,2.21,2.31,2.28,
新竹,2025/04/18 00:00:00,CO,0.45,0.33,0.31,0.27,0.26,0.26,0.3,0.43,0.46,0.3,0.23,0.23,0.21,0.18,0.19,0.22,0.23,0.31,0.34,0.38,0.38,0.43,0.55,0.49,
新竹,2025/04/18 00:00:00,NMHC,0.12,0.07,0.06,0.06,0.06,0.07,0.06,0.1,0.11,0.06,0.02,0.02,0.02,0,0,0.03,0.02,0.06,0.06,0.08,0.1,0.12,0.17,0.13,
新竹,2025/04/18 00:00:00,NO,0.6,0.8,0.7,0.6,0.6,0.7,1.3,4.5,7.3,3.1,1.3,1,0.9,1,1.1,0.9,1,1.1,0.8,0.8,0.8,0.8,1.5,1.4,
新竹,2025/04/18 00:00:00,NO2,16.7,11.6,8.7,9.7,9.6,11.1,15.3,19.9,17.2,11,5.8,5.2,4.4,4.7,6,6.7,7,10.3,11,18.7,18,18.4,30.8,27.1,
新竹,2025/04/18 00:00:00,NOx,17.3,12.4,9.5,10.4,10.2,11.9,16.7,24.5,24.5,14.1,7.1,6.2,5.3,5.8,7.2,7.6,8,11.5,11.8,19.5,18.9,19.3,32.3,28.5,
新竹,2025/04/18 00:00:00,O3,24.1,29.6,33.6,24.1,23.4,17.9,15.9,12.9,20,29.8,43.3,36.7,37.7,47.2,46,44.6,43.6,39,37,25.5,26,21.3,5.8,3.9,
新竹,2025/04/18 00:00:00,PM10,62,67,58,48,43,43,42,42,45,32,49,36,34,51,55,55,55,51,51,57,52,53,59,53,
新竹,2025/04/18 00:00:00,PM2.5,29,28,27,29,22,25,25,25,23,23,20,14,11,18,23,17,19,20,20,23,21,22,29,23,
新竹,2025/04/18 00:00:00,RAINFALL,0,0,0,0,0,0,0,0,0,0,0,0,0,0,0,0,0,0,0,0,0,0,0,0,
新竹,2025/04/18 00:00:00,RH,78,80,79,77,76,76,74,72,72,74,85,85,79,73,70,73,73,74,75,76,78,81,81,85,
新竹,2025/04/18 00:00:00,SO2,0.7,1,1,0.9,1.1,1,1,1.6,1.8,1.5,0.6,0.7,0.4,0.8,1.2,1.3,1.1,1.2,1.6,1.3,1.3,1.1,1.1,1.3,
新竹,2025/04/18 00:00:00,THC,2.46,2.34,2.35,2.3,2.3,2.34,2.27,2.29,2.26,2.17,2.05,2.03,2.02,2.01,2.01,2.06,2.04,2.11,2.12,2.2,2.25,2.33,2.48,2.41,
新竹,2025/04/18 00:00:00,WD_HR,138,154,198,55,84,72,74,77,122,266,263,264,267,262,271,217,235,182,66,72,304,312,69,62,
新竹,2025/04/18 00:00:00,WIND_DIREC,171,171,140,45,82,81,73,79,258,259,274,254,240,241,273,151,257,267,73,79,292,92,80,69,
新竹,2025/04/18 00:00:00,WIND_SPEED,0.7,0.6,0.3,0.6,0.5,0.7,1.3,1.2,0.6,1.8,2.1,1.8,3.2,2.1,1.5,1,0.9,0.8,1,0.3,0.8,0.3,1,0.4,
新竹,2025/04/18 00:00:00,WS_HR,0.4,0.4,0.3,0.6,0.4,0.6,1,0.9,0.5,1.1,1.9,1.4,1.8,1.7,1.2,0.8,0.4,0.3,0.1,0.4,0.7,0.3,0.6,0.4,
新竹,2025/04/19 00:00:00,AMB_TEMP,25.3,25.4,25.4,25.4,25.5,25.4,25.5,26.4,28.1,29.2,30.4,30.1,30,30.2,29.5,29,28.3,27.7,27.4,27.2,26.9,27.1,25.6,23.1,
新竹,2025/04/19 00:00:00,CH4,2.34,2.27,2.41,2.43,2.36,2.31,2.22,2.16,2.08,2.06,2.07,2.06,2.09,2.08,2.03,2,1.99,1.99,1.99,1.99,1.97,1.97,1.97,1.99,
新竹,2025/04/19 00:00:00,CO,0.45,0.35,0.34,0.35,0.31,0.3,0.31,0.34,0.3,0.31,0.32,0.28,0.29,0.27,0.25,0.23,0.24,0.26,0.25,0.24,0.21,0.2,0.19,0.17,
新竹,2025/04/19 00:00:00,NMHC,0.12,0.1,0.1,0.12,0.11,0.11,0.08,0.08,0.05,0.04,0.04,0.03,0.02,0.02,0.03,0.01,0.01,0.01,0.01,0,0,0,0,0,
新竹,2025/04/19 00:00:00,NO,2,1.3,1.4,2.1,1.9,1.1,2.1,4.1,3.3,2.6,2.5,2,1.6,1.6,1.8,1.3,1.4,1,0.9,0.9,0.8,0.8,0.8,0.7,
新竹,2025/04/19 00:00:00,NO2,22.7,17,16.1,15.6,14.2,14,13,12.5,9,8.6,8.6,7.9,7,7.4,7.1,4.5,6.2,5.3,5,4.5,4.1,3.6,3.6,3.3,
新竹,2025/04/19 00:00:00,NOx,24.7,18.4,17.6,17.7,16.2,15.2,15.2,16.7,12.4,11.3,11.2,9.9,8.6,9.1,9,5.8,7.6,6.4,5.9,5.4,4.9,4.5,4.5,4,
新竹,2025/04/19 00:00:00,O3,0.8,3.5,1.2,0,4.3,6.5,9.3,13.3,22.6,28.8,39.3,43.2,50.5,43.7,41.6,35.3,28.8,29.1,25.8,25.2,23.8,22,31,47.9,
新竹,2025/04/19 00:00:00,PM10,45,47,45,34,35,34,31,26,25,35,39,40,39,42,43,34,31,31,34,30,35,29,27,19,
新竹,2025/04/19 00:00:00,PM2.5,21,23,16,16,18,21,22,14,12,12,16,18,26,22,25,15,15,19,16,15,17,18,11,8,
新竹,2025/04/19 00:00:00,RAINFALL,0,0,0,0,0,0,0,0,0,0,0,0,0,0,0,0,0,0,0,0,0,0,19,7,
新竹,2025/04/19 00:00:00,RH,86,86,86,86,83,83,81,76,70,70,67,71,70,71,74,78,80,83,83,85,88,84,88,96,
新竹,2025/04/19 00:00:00,SO2,1.4,1.8,1.8,1.6,1.6,1.7,1.5,1.5,1.7,1.8,2.4,2.6,2.6,2.9,3.5,1.6,2.2,1.4,1.1,0.9,0.9,0.9,0.8,1.1,
新竹,2025/04/19 00:00:00,THC,2.46,2.37,2.51,2.55,2.47,2.42,2.3,2.24,2.13,2.1,2.11,2.09,2.11,2.1,2.06,2.01,2,2,2,1.99,1.97,1.97,1.96,1.98,
新竹,2025/04/19 00:00:00,WD_HR,61,76,74,62,162,162,139,167,208,227,247,242,241,243,245,242,241,241,235,239,237,238,264,246,
新竹,2025/04/19 00:00:00,WIND_DIREC,2,74,37,102,185,189,14,177,228,247,260,242,246,240,246,242,244,238,236,240,237,242,292,165,
新竹,2025/04/19 00:00:00,WIND_SPEED,0.3,0.6,0.3,0.3,0.4,0.4,0.4,1.1,2.1,2.9,2.8,4.1,3.9,4.4,3.9,4.2,4.5,2.5,3.2,3.3,3,4.3,4.7,1.2,
新竹,2025/04/19 00:00:00,WS_HR,0.2,0.5,0.2,0.2,0.1,0.3,0.2,0.7,1,1.2,2.1,3.5,3.5,3.4,4,3.4,4.2,2.7,2.4,2.9,3,3.5,3.6,2.1,
新竹,2025/04/20 00:00:00,AMB_TEMP,23.2,23.5,23.7,24.9,25.5,25.9,25.5,25.1,25.5,26,26.5,26.9,27.4,27.2,26,23.8,24,24.4,24.5,24.2,24,23.9,23.8,23.7,
新竹,2025/04/20 00:00:00,CH4,1.99,2.06,2.03,2.1,2.08,2.09,2.11,2.16,2.17,2.16,1.99,1.98,1.98,1.97,1.95,1.96,1.97,1.96,2.02,2.08,2.05,2.11,2.06,2.07,
新竹,2025/04/20 00:00:00,CO,0.18,0.18,0.16,0.18,0.19,0.18,0.21,0.3,0.35,0.34,0.2,0.23,0.25,0.21,0.18,0.17,0.2,0.23,0.29,0.31,0.27,0.34,0.28,0.26,
新竹,2025/04/20 00:00:00,NMHC,0,0.01,0,0.02,0.02,0.02,0.02,0.07,0.09,0.09,0.02,0.03,0.02,0.01,0,0.01,0.01,0.02,0.06,0.1,0.06,0.1,0.05,0.05,
新竹,2025/04/20 00:00:00,NO,0.7,0.5,0.7,0.6,0.6,1,1.6,2.3,3.3,3.9,1.8,2.1,2.4,1.4,1,0.9,1.1,2,1.7,1.6,1.6,1.7,1.2,1,
新竹,2025/04/20 00:00:00,NO2,6.6,4.9,3.9,5.1,6.4,8,9.2,10.6,11.6,10.7,4.7,5,5.5,4,3,3.4,4.5,9.5,14.1,13.6,10.8,13.1,10.8,9.2,
新竹,2025/04/20 00:00:00,NOx,7.3,5.5,4.7,5.7,7.1,9,10.8,13,14.9,14.7,6.5,7.1,7.9,5.4,4.1,4.4,5.6,11.6,15.8,15.2,12.4,14.8,12.1,10.3,
新竹,2025/04/20 00:00:00,O3,39.1,35.6,29.6,21,17,A,7,#,6.2,7.7,16.5,16,17.5,19.3,17.5,17.3,18.8,11.6,6.8,5.5,5.6,3,6.6,7.2,
新竹,2025/04/20 00:00:00,PM10,8,6,5,17,26,26,28,22,27,29,21,19,21,18,16,21,11,10,13,16,14,18,15,13,
新竹,2025/04/20 00:00:00,PM2.5,4,1,2,7,15,17,13,16,17,15,15,13,13,18,12,10,7,11,8,14,11,10,8,7,
新竹,2025/04/20 00:00:00,RAINFALL,0.5,0.5,0,0,0,0,0,0,0,0,0,0,0,0,2,6,0.5,0,0,0,0,0,0,0,
新竹,2025/04/20 00:00:00,RH,95,94,92,88,92,95,95,93,92,92,91,88,85,86,92,96,97,96,95,95,95,95,93,93,
新竹,2025/04/20 00:00:00,SO2,0.9,1.1,0.9,1.2,1.4,2,1.8,1.3,1.4,2,1.5,1.4,1.7,1,0.8,0.6,0.5,0.8,0.7,1,0.6,0.8,0.7,0.8,
新竹,2025/04/20 00:00:00,THC,1.99,2.07,2.03,2.12,2.1,2.11,2.13,2.23,2.26,2.25,2.01,2.01,2,1.98,1.95,1.97,1.98,1.98,2.08,2.18,2.11,2.21,2.11,2.12,
新竹,2025/04/20 00:00:00,WD_HR,163,169,185,272,251,245,206,214,223,238,248,250,256,249,278,293,216,144,36,58,45,41,64,69,
新竹,2025/04/20 00:00:00,WIND_DIREC,124,173,243,303,242,240,189,145,244,251,251,248,255,283,263,287,162,130,35,74,33,70,83,60,
新竹,2025/04/20 00:00:00,WIND_SPEED,0.6,2,1.3,1.4,2.2,2.2,0.6,0.7,1.1,1.7,2.5,2.1,2.3,1.3,1.7,1.7,1,0.6,1.6,1,1.5,0.6,0.4,0.4,
新竹,2025/04/20 00:00:00,WS_HR,1,0.7,1,0.5,0.9,1.8,1,0.4,0.6,1.1,2,1.8,1.8,1.9,1.7,1.5,0.4,0.5,0.6,0.9,0.8,0.7,0.9,0.5,
新竹,2025/04/21 00:00:00,AMB_TEMP,23.6,23.5,23.4,23.4,23.5,23.6,23.8,24.4,25.2,26.2,28.5,29.7,30,29.3,27.5,27.5,27.7,27.6,27.1,26.7,26.4,26.1,25.5,25.4,
新竹,2025/04/21 00:00:00,CH4,2.11,2.12,2.41,2.24,2.26,2.31,2.15,2.14,2.17,2.11,2.02,2.05,2.04,1.99,2,2,1.96,1.96,1.98,1.99,2,2.06,2.14,2.16,
新竹,2025/04/21 00:00:00,CO,0.26,0.28,0.3,0.24,0.23,0.27,0.27,0.39,0.48,0.41,0.28,0.29,0.29,0.23,0.25,0.25,0.22,0.23,0.3,0.27,0.29,0.37,0.38,0.31,
新竹,2025/04/21 00:00:00,NMHC,0.05,0.06,0.1,0.05,0.06,0.07,0.05,0.08,0.12,0.11,0.04,0.05,0.03,0.02,0.02,0.01,0.02,0.01,0.04,0.03,0.04,0.09,0.1,0.1,
新竹,2025/04/21 00:00:00,NO,0.9,0.8,1.2,1.2,0.9,4.6,8.2,9,11.4,12.6,4.3,3,1.7,1,0.9,0.8,0.9,0.9,0.8,0.7,0.7,1.2,1.2,1,
新竹,2025/04/21 00:00:00,NO2,9.2,10.8,11.4,9.8,8.9,10.4,9.5,10.1,13.3,13.9,8.2,9.5,8.3,5.1,5.2,6.2,5.8,5.5,7.4,7,7.6,13.9,17.2,16,
新竹,2025/04/21 00:00:00,NOx,10.1,11.6,12.7,11.1,9.9,15,17.8,19.1,24.7,26.5,12.6,12.5,10.1,6.1,6.1,7,6.8,6.5,8.3,7.7,8.3,15.1,18.5,17,
新竹,2025/04/21 00:00:00,O3,6.9,4.2,1.3,1.7,2,0,1.3,2.8,3.6,6.8,22.2,31.3,47,48.5,48.8,45.2,33.1,26.5,25.4,22.9,23.8,12.8,5.6,6.1,
新竹,2025/04/21 00:00:00,PM10,15,15,13,16,21,22,19,23,25,20,28,32,34,23,23,28,22,23,20,19,25,23,33,24,
新竹,2025/04/21 00:00:00,PM2.5,11,15,12,8,8,8,10,16,16,11,20,22,22,21,18,21,14,13,15,9,14,18,17,19,
新竹,2025/04/21 00:00:00,RAINFALL,0,0,0,0,0,0,0,0,0,0,0,0,0,0,0,0,0,0,0,0,0,0,0,0,
新竹,2025/04/21 00:00:00,RH,93,94,95,94,94,94,94,93,89,86,76,72,72,75,85,86,83,80,81,86,90,91,92,90,
新竹,2025/04/21 00:00:00,SO2,1,0.2,0.5,0.8,0.8,0.9,0.6,2,2.3,2.2,1.6,1.7,2.2,1.3,1.2,0.8,0.9,0.7,0.7,0.7,0.7,0.6,0.6,1.1,
新竹,2025/04/21 00:00:00,THC,2.16,2.18,2.51,2.29,2.32,2.38,2.2,2.22,2.29,2.22,2.06,2.1,2.07,2.01,2.02,2.01,1.98,1.97,2.02,2.02,2.04,2.15,2.24,2.26,
新竹,2025/04/21 00:00:00,WD_HR,48,86,67,52,93,168,161,189,206,155,219,245,252,270,280,259,273,267,230,230,231,174,198,92,
新竹,2025/04/21 00:00:00,WIND_DIREC,80,123,17,99,157,293,128,234,160,163,264,266,262,275,261,264,289,238,236,222,251,174,153,56,
新竹,2025/04/21 00:00:00,WIND_SPEED,0.3,0.3,0.3,0.4,0.3,0.3,0.3,0.9,0.3,0.8,1.9,2.1,2.7,2.9,1.9,1.7,2.2,1.3,1.7,0.9,0.7,0.5,0.4,0.3,
新竹,2025/04/21 00:00:00,WS_HR,0.4,0.4,0.2,0.4,0.3,0.2,0.2,0.3,0.2,0.7,1,2.2,2.2,2,1.7,1.5,1.6,1.3,1.1,1.1,0.9,0.7,0.2,0.1,
新竹,2025/04/22 00:00:00,AMB_TEMP,25.2,24.4,24.1,24,23.5,24.6,25.5,27.1,28.2,29.2,29.3,29.4,29.5,29.6,29.7,29.7,29.9,31.2,29.8,29.6,30.2,28.2,27.3,27,
新竹,2025/04/22 00:00:00,CH4,2.33,2.24,2.46,2.31,2.3,2.22,2.11,2.06,2.03,2.01,2.01,2,1.97,1.93,1.93,1.93,1.95,2,2.03,2.04,2.04,2.05,2.03,1.99,
新竹,2025/04/22 00:00:00,CO,0.4,0.28,0.3,0.27,0.25,0.23,0.22,0.26,0.22,0.23,0.23,0.2,0.17,0.16,0.16,0.16,0.19,0.26,0.31,0.3,0.26,0.27,0.22,0.15,
新竹,2025/04/22 00:00:00,NMHC,0.15,0.08,0.11,0.11,0.09,0.06,0.04,0.05,0.04,0.05,0.03,0.02,0,0.01,0,0,0.02,0.08,0.1,0.1,0.08,0.08,0.05,0.01,
新竹,2025/04/22 00:00:00,NO,1.8,2,2.5,2.1,1.4,2.1,2,2.6,3.3,3.3,3.6,1.8,1.2,1.3,1.4,1.4,1.3,1.1,0.8,0.7,0.6,0.8,0.8,0.6,
新竹,2025/04/22 00:00:00,NO2,17.3,13.5,12.3,11.3,11.6,11.5,9.5,7.9,8.3,8.5,9.2,6.1,4.9,4.3,3.9,4.2,5.4,9.1,11.7,12.3,10.6,11.5,10.4,6.3,
新竹,2025/04/22 00:00:00,NOx,19.1,15.5,14.8,13.5,13.1,13.6,11.6,10.5,11.7,11.9,12.9,7.9,6.2,5.6,5.3,5.6,6.8,10.3,12.5,13.1,11.2,12.3,11.2,7,
新竹,2025/04/22 00:00:00,O3,1.5,1.3,0.1,3.5,2.6,9.7,12.9,18.6,19.6,23.3,25.5,35.1,34.8,29.4,26.9,29.5,29.3,32.7,27.4,22.2,20.7,14.9,11.8,15.2,
新竹,2025/04/22 00:00:00,PM10,29,31,27,25,24,23,27,21,26,26,35,32,27,26,27,31,40,31,31,22,14,32,34,20,
新竹,2025/04/22 00:00:00,PM2.5,15,19,16,22,14,16,17,17,14,15,24,17,16,14,21,26,19,15,19,14,13,22,21,16,
新竹,2025/04/22 00:00:00,RAINFALL,0,0,0,0,0,0,0,0,0,0,0,0,0,0,0,0,0,0,0,0,0,0,0,0,
新竹,2025/04/22 00:00:00,RH,92,92,91,92,92,88,81,71,67,68,73,74,76,75,74,75,73,59,68,62,51,76,81,78,
新竹,2025/04/22 00:00:00,SO2,0.7,1.2,1.3,1,1.2,0.8,1.2,1.3,1.4,1.5,2,1.7,1.5,1.1,1.1,1,1.1,1.4,1.4,1.4,1.6,1.3,1,1,
新竹,2025/04/22 00:00:00,THC,2.48,2.32,2.57,2.42,2.39,2.28,2.15,2.11,2.07,2.06,2.04,2.02,1.97,1.94,1.93,1.93,1.97,2.08,2.13,2.14,2.12,2.13,2.08,2,
新竹,2025/04/22 00:00:00,WD_HR,96,71,123,131,116,229,239,239,241,241,242,242,241,242,242,239,241,238,241,216,229,241,242,240,
新竹,2025/04/22 00:00:00,WIND_DIREC,59,64,145,133,94,238,248,238,239,243,249,242,241,242,242,239,241,247,240,207,238,240,246,241,
新竹,2025/04/22 00:00:00,WIND_SPEED,0.3,0.3,0.3,0.4,0.3,1.3,2.7,3.2,5.2,4.1,4.8,4.7,5.3,6.1,4.4,5,4.6,3.1,2.3,1.3,2.9,3.9,4.2,4,
新竹,2025/04/22 00:00:00,WS_HR,0.3,0.5,0.2,0.2,0.2,1,2.3,3.1,4,4.1,4.4,4.8,4.9,5.3,4.1,3.8,4.2,2.4,3.1,0.9,1.7,3.3,3.4,4.1,
新竹,2025/04/23 00:00:00,AMB_TEMP,26.9,26.9,26.7,26.6,26.4,26.4,26.5,24.2,22.9,23,24,25.1,26.2,26.8,26.8,24.7,24.4,24.6,24.7,24.3,24,23.6,23.4,23.5,
新竹,2025/04/23 00:00:00,CH4,1.99,2.01,2.05,2.05,2.03,2.03,2.01,1.98,2.01,#,#,#,2.02,2.01,1.99,2.02,2.03,2.02,2.05,2.08,2.06,2.07,2.06,2.09,
新竹,2025/04/23 00:00:00,CO,0.15,0.15,0.16,0.15,0.14,0.15,0.16,0.24,0.25,#,#,0.26,#,#,0.22,0.28,0.3,0.3,0.33,0.32,0.29,0.28,0.27,0.26,
新竹,2025/04/23 00:00:00,NMHC,0.02,0,0.01,0.02,0.01,0.01,0.01,0.01,0.04,#,#,#,0.09,0.04,0.03,0.01,0.03,0.02,0.05,0.12,0.06,0.06,0.04,0.03,
新竹,2025/04/23 00:00:00,NO,0.5,0.9,0.8,0.7,0.7,0.8,1.1,0.9,1,#,#,2.2,#,#,#,0.9,0.7,0.7,0.6,0.7,0.7,0.7,0.8,0.7,
新竹,2025/04/23 00:00:00,NO2,6.5,6.3,6,5.9,5.2,5.3,6.4,6.7,8.4,#,#,11.7,#,#,#,7,8,9.1,7.9,8.4,8.9,9.7,10.1,10,
新竹,2025/04/23 00:00:00,NOx,7.1,7.2,6.8,6.7,6,6.1,7.5,7.7,9.4,#,#,13.9,#,#,#,7.9,8.8,9.8,8.6,9.1,9.7,10.4,11,10.7,
新竹,2025/04/23 00:00:00,O3,15.8,16.2,14.7,14.8,15.9,15.4,15.5,30.7,38.7,#,#,#,#,37.5,49.2,56,52.8,51,49.3,46.7,47,45.9,42,41.4,
新竹,2025/04/23 00:00:00,PM10,20,13,21,13,19,20,24,24,10,10,#,8,8,9,16,39,39,35,32,26,24,24,35,24,
新竹,2025/04/23 00:00:00,PM2.5,13,12,16,11,16,14,20,7,7,7,#,10,9,9,14,19,21,20,16,17,17,18,21,20,
新竹,2025/04/23 00:00:00,RAINFALL,0,0,0,0,0,0,0,0,11.5,2,0.5,#,#,0,0,0,0,0,0,0.5,0,0,0,0,
新竹,2025/04/23 00:00:00,RH,73,69,72,73,74,76,79,90,95,91,88,83,81,79,81,92,93,92,92,95,95,95,93,91,
新竹,2025/04/23 00:00:00,SO2,1.1,1.5,1.3,1.6,1.6,1.4,1.8,1.4,1.4,#,#,1,#,#,1.2,1.1,1.6,1.1,1.3,1.3,1.1,1,1.5,2.1,
新竹,2025/04/23 00:00:00,THC,2.01,2.01,2.06,2.07,2.04,2.04,2.02,1.99,2.05,#,#,#,2.11,2.05,2.02,2.03,2.06,2.04,2.1,2.2,2.12,2.13,2.1,2.12,
新竹,2025/04/23 00:00:00,WD_HR,240,235,239,219,239,240,259,282,201,172,175,#,#,244,262,293,299,302,49,40,36,50,42,39,
新竹,2025/04/23 00:00:00,WIND_DIREC,232,231,232,225,248,238,289,247,163,165,188,#,85,266,291,301,300,1,40,57,34,48,34,54,
新竹,2025/04/23 00:00:00,WIND_SPEED,2.5,2.2,1.2,1.6,1.8,3.3,3.3,1.5,2.8,2,1,#,0.5,1.6,3.3,1.2,0.8,0.6,0.3,1.1,0.9,1.5,1.1,0.9,
新竹,2025/04/23 00:00:00,WS_HR,3.3,2,1.5,0.8,1.9,2.3,2.3,1.2,1.7,1.8,1,#,#,0.6,1.9,1.8,0.9,0.5,0.5,0.9,0.9,1.2,1,0.8,
新竹,2025/04/24 00:00:00,AMB_TEMP,23.5,23.1,22.8,22.7,22.7,22.7,22.7,23,23.4,23.6,23.7,23.6,23.8,24.2,24.6,25,25.3,25.4,25.4,25.4,25.6,25.4,25.2,25,
新竹,2025/04/24 00:00:00,CH4,2.13,2.15,2.16,2.12,2.14,2.12,2.09,2.11,2.12,2.15,2.19,#,#,2.28,2.27,2.27,2.27,2.13,2.1,2.11,2.1,2.06,2.06,2.08,
新竹,2025/04/24 00:00:00,CO,0.27,0.27,0.26,0.24,0.22,0.21,0.23,0.32,0.41,0.46,0.49,#,#,0.58,0.56,0.59,0.61,0.46,0.43,0.38,0.37,0.3,0.25,0.24,
新竹,2025/04/24 00:00:00,NMHC,0.09,0.09,0.07,0.04,0.04,0.04,0.03,0.05,0.09,0.1,0.15,#,#,0.51,0.52,0.48,0.33,0.14,0.09,0.07,0.07,0.04,0.02,0.02,
新竹,2025/04/24 00:00:00,NO,0.8,0.7,0.6,0.4,0.5,0.6,0.5,0.9,1.8,2.7,4.4,#,#,4.7,#,2.9,3.4,1.3,0.6,0.5,0.5,0.5,0.4,0.5,
新竹,2025/04/24 00:00:00,NO2,10,10,10.4,8.2,7.5,8.9,7.9,11.2,16.2,19.4,21.9,#,#,30.9,#,32.2,31.8,16.3,13.2,10.8,10.2,6.7,5.3,5.2,
新竹,2025/04/24 00:00:00,NOx,10.8,10.7,11.1,8.7,8.1,9.6,8.5,12.1,18.1,22.2,26.4,#,#,35.7,#,35.1,35.2,17.7,13.8,11.3,10.7,7.2,5.8,5.7,
新竹,2025/04/24 00:00:00,O3,41.6,36.5,29.7,30.8,30.3,A,33.4,26,#,#,x,#,#,#,#,14.3,10.3,32.4,38.7,41.2,38,41.5,43.8,40.9,
新竹,2025/04/24 00:00:00,PM10,25,28,22,21,13,21,11,12,16,14,16,16,#,26,34,35,40,28,30,26,27,21,20,20,
新竹,2025/04/24 00:00:00,PM2.5,19,12,16,18,13,14,10,7,13,7,8,#,19,23,24,32,24,22,22,17,15,14,11,15,
新竹,2025/04/24 00:00:00,RAINFALL,0,0,0,0,0,0,0,0,0,0.5,1,#,#,0,0,0,0,0,0,0,0,0,0,0,
新竹,2025/04/24 00:00:00,RH,91,94,98,96,94,92,93,92,91,92,94,95,95,95,93,92,91,90,92,93,93,93,94,94,
新竹,2025/04/24 00:00:00,SO2,1.8,0.7,0.6,0.5,0.5,0.6,0.4,0.5,0.6,0.3,0.6,#,#,#,1.8,1.7,1.4,1.4,1.4,1.2,1.3,1.3,1.2,1.2,
新竹,2025/04/24 00:00:00,THC,2.22,2.24,2.23,2.16,2.18,2.16,2.12,2.16,2.21,2.25,2.34,#,#,2.79,2.79,2.75,2.6,2.27,2.19,2.18,2.17,2.1,2.08,2.1,
新竹,2025/04/24 00:00:00,WD_HR,46,34,48,47,38,52,67,68,54,53,23,343,25,29,#,#,347,290,291,322,277,276,262,233,
新竹,2025/04/24 00:00:00,WIND_DIREC,44,27,49,48,40,64,89,70,55,98,349,33,40,52,#,27,283,298,302,18,269,271,244,244,
新竹,2025/04/24 00:00:00,WIND_SPEED,0.9,0.6,0.8,0.9,1.1,1.5,0.7,0.9,0.7,0.5,0.4,0.4,0.4,0.6,#,0.3,0.9,0.6,1,0.3,1,1.3,0.9,0.9,
新竹,2025/04/24 00:00:00,WS_HR,0.9,0.5,0.6,0.9,0.9,1,0.9,0.7,0.4,0.3,0.3,0.3,0.4,0.4,#,#,0.2,0.7,0.7,0.3,0.9,1.1,1.2,0.7,
新竹,2025/04/25 00:00:00,AMB_TEMP,25.1,25,24.2,23.7,23.1,22.9,23,22.5,22,21.6,21.2,21.2,20.8,20.7,20.8,20.8,20.8,20.5,20.2,20.1,20.2,20.3,20.5,20.4,
新竹,2025/04/25 00:00:00,CH4,2.09,2.06,2.04,2.04,2.04,2.06,2.08,2.09,2.1,2.08,2.08,2.09,2.11,2.1,2.1,2.11,2.12,2.12,2.12,2.13,2.13,2.12,2.1,2.09,
新竹,2025/04/25 00:00:00,CO,0.23,0.22,0.23,0.23,0.24,0.25,0.28,0.36,0.38,0.33,0.33,0.33,0.35,0.33,0.36,0.38,0.4,0.4,0.39,0.39,0.4,0.41,0.35,0.3,
新竹,2025/04/25 00:00:00,NMHC,0.03,0,0,0,0,0,0.02,0.07,0.08,0.08,0.08,0.08,0.08,0.06,0.07,0.09,0.1,0.1,0.08,0.08,0.1,0.1,0.08,0.04,
新竹,2025/04/25 00:00:00,NO,0.4,0.8,0.7,0.5,0.5,0.5,0.5,0.6,0.8,0.8,0.9,1.1,1,1.1,0.8,0.9,0.7,0.6,0.7,0.6,0.6,0.6,0.7,0.7,
新竹,2025/04/25 00:00:00,NO2,6.8,6.2,4.1,3.7,3.4,3.5,4.6,7.4,10.4,9.2,9.9,11.2,11.9,10.4,11.6,13.2,13.4,13,10.7,10.2,10.7,11.9,9.6,8.6,
新竹,2025/04/25 00:00:00,NOx,7.3,7.1,4.8,4.2,4,4,5.1,8,11.2,10,10.9,12.3,13,11.5,12.4,14.2,14.1,13.6,11.4,10.9,11.4,12.6,10.3,9.4,
新竹,2025/04/25 00:00:00,O3,32.1,38.6,48,52.4,57.5,60.1,60.5,62.1,63.2,67.4,67.6,63.7,65.8,67.4,62.9,62,63.1,64.1,64.5,63.2,60.7,57.8,59.7,57,
新竹,2025/04/25 00:00:00,PM10,24,25,26,26,18,11,13,9,10,7,10,11,6,6,7,5,4,5,5,17,13,13,12,17,
新竹,2025/04/25 00:00:00,PM2.5,15,14,15,13,12,15,12,12,11,11,15,10,6,7,9,8,6,9,7,6,15,9,12,9,
新竹,2025/04/25 00:00:00,RAINFALL,0,0,0,0,2.5,1,0.5,3.5,0,0,0.5,0.5,2,0.5,0,0,0,0,0,0,0,0,0,0,
新竹,2025/04/25 00:00:00,RH,95,96,96,95,96,97,96,97,97,94,94,94,96,94,93,93,91,91,91,90,90,86,83,85,
新竹,2025/04/25 00:00:00,SO2,1.4,0.5,0,0.5,0.4,0.2,0.2,0.2,0.7,0.8,0.8,0.6,0.5,0.4,0.6,0.6,0.4,0.4,0.5,0.5,0.6,0.8,0.7,0.7,
新竹,2025/04/25 00:00:00,THC,2.12,2.06,2.03,2.04,2.03,2.06,2.1,2.16,2.18,2.16,2.16,2.17,2.19,2.16,2.17,2.2,2.22,2.22,2.2,2.21,2.23,2.22,2.18,2.13,
新竹,2025/04/25 00:00:00,WD_HR,271,247,273,288,294,35,34,33,31,31,35,44,36,46,38,45,43,34,28,35,33,46,42,46,
新竹,2025/04/25 00:00:00,WIND_DIREC,249,239,287,295,256,36,37,30,42,26,28,52,58,43,38,47,37,32,31,38,39,50,50,52,
新竹,2025/04/25 00:00:00,WIND_SPEED,1.9,1.6,2.1,1.7,0.8,0.4,1.5,2.2,2.1,2.8,3.5,2.4,3,2.3,2.2,3,3.3,3.2,3,2.7,3,2.6,2.7,2.4,
新竹,2025/04/25 00:00:00,WS_HR,1.2,1.2,1.5,1.2,0.7,0.6,1,1.7,1.3,2,2.7,2.2,2,2,1.8,2,2.2,2.5,2.7,2.3,2.3,2.5,2.2,2.3,
新竹,2025/04/26 00:00:00,AMB_TEMP,20.4,20.2,20.1,20.1,20,20,20.1,20.4,20.5,20.9,21.5,21.7,21.7,21.8,21.8,21.6,21.6,21.5,21.2,21,21.1,21,20.8,20.8,
新竹,2025/04/26 00:00:00,CH4,2.07,2.08,2.08,2.08,2.09,2.08,2.11,2.11,2.08,2.09,2.09,2.09,2.09,2.08,2.12,2.13,2.13,2.13,2.12,2.13,2.1,2.06,2.06,2.1,
新竹,2025/04/26 00:00:00,CO,0.25,0.23,0.22,0.22,0.22,0.23,0.25,0.29,0.3,0.33,0.35,0.38,0.34,0.32,0.37,0.35,0.34,0.35,0.34,0.32,0.3,0.25,0.23,0.26,
新竹,2025/04/26 00:00:00,NMHC,0.01,0.03,0.02,0.03,0.02,0.05,0.04,0.04,0.05,0.07,0.09,0.12,0.08,0.07,0.12,0.13,0.14,0.14,0.13,0.12,0.08,0.04,0.03,0.08,
新竹,2025/04/26 00:00:00,NO,0.7,0.6,0.5,0.5,0.4,0.4,0.6,0.8,0.9,1.3,1.6,1.3,1.1,1,1.2,1.2,1.1,0.8,0.5,0.5,0.4,0.4,0.4,0.5,
新竹,2025/04/26 00:00:00,NO2,6.8,6.7,6,5.5,6.5,7,8.9,12.7,12.1,14.4,14.8,14.4,14.1,13.7,16.2,17.4,16.8,17.1,15.4,14,12.2,9.1,6.7,8.2,
新竹,2025/04/26 00:00:00,NOx,7.6,7.4,6.6,6,6.9,7.5,9.5,13.5,13,15.8,16.5,15.7,15.3,14.7,17.5,18.6,17.9,18,16,14.5,12.7,9.5,7.1,8.7,
新竹,2025/04/26 00:00:00,O3,58.8,58.2,57.6,58.7,55.9,52.6,47.4,41,42.8,39,38.5,39,43,44.6,39.7,38.6,38.9,40.5,42.3,41.9,43.1,48.6,48.3,44,
新竹,2025/04/26 00:00:00,PM10,15,16,17,13,8,9,10,9,5,10,8,13,13,9,9,12,11,7,15,12,8,4,2,5,
新竹,2025/04/26 00:00:00,PM2.5,13,10,12,11,8,8,7,9,7,9,8,10,10,8,9,15,11,9,8,11,7,5,4,4,
新竹,2025/04/26 00:00:00,RAINFALL,0,0,0,0.5,0,0,0,0.5,0,0,0,0,0,0,0,0,0,0,0,0,0,0,0,0,
新竹,2025/04/26 00:00:00,RH,85,86,87,87,89,90,91,90,90,90,88,87,88,88,91,92,91,90,91,91,89,88,89,89,
新竹,2025/04/26 00:00:00,SO2,0.5,1.1,1,1.2,1.1,1,1.1,1.3,1,1.2,1.3,1.1,1.3,1.2,1.1,1.2,1.1,1.2,1,1.4,1.3,1.4,1.2,1.3,
新竹,2025/04/26 00:00:00,THC,2.08,2.11,2.1,2.11,2.11,2.13,2.15,2.15,2.13,2.16,2.18,2.21,2.17,2.15,2.24,2.26,2.27,2.27,2.25,2.25,2.18,2.1,2.09,2.18,
新竹,2025/04/26 00:00:00,WD_HR,41,44,46,46,41,32,46,44,70,60,50,60,44,49,38,37,28,29,35,37,46,46,49,30,
新竹,2025/04/26 00:00:00,WIND_DIREC,32,39,44,46,38,43,65,52,72,49,63,42,41,50,42,20,26,30,33,44,49,47,21,42,
新竹,2025/04/26 00:00:00,WIND_SPEED,2.1,2.2,2.3,1.6,1.5,1.7,0.6,0.4,0.6,1.3,1.5,1.7,2,1.7,0.9,2.1,1.4,2.1,2,2,1.3,1.8,1.1,1,
新竹,2025/04/26 00:00:00,WS_HR,2.1,1.7,2.2,1.8,1.3,1.3,0.8,0.6,0.7,0.8,1.2,1,2,1.4,0.9,1.3,1.4,1.7,1.8,1.7,1.6,1.7,1.2,1.1,
新竹,2025/04/27 00:00:00,AMB_TEMP,20.7,20.7,20.6,20.4,20.5,20.5,20.9,22.1,23.8,24.3,25.2,26.6,26.4,26.5,25.3,26.1,26,25,24.7,24.4,24,24.1,24.3,24.1,
新竹,2025/04/27 00:00:00,CH4,2.14,2.13,2.25,2.19,2.17,2.21,2.34,2.43,2.17,2.11,2.08,2.06,2.01,2.03,2.03,2.04,2.06,2.06,2.11,2.18,2.15,2.11,2.11,2.28,
新竹,2025/04/27 00:00:00,CO,0.25,0.27,0.28,0.26,0.25,0.27,0.37,0.43,0.38,0.29,0.27,0.27,0.21,0.2,0.21,0.21,0.23,0.25,0.36,0.38,0.28,0.26,0.3,0.38,
新竹,2025/04/27 00:00:00,NMHC,0.1,0.08,0.08,0.04,0.03,0.04,0.09,0.11,0.07,0.05,0.03,0.02,0,0,0,0,0.02,0.02,0.08,0.09,0.05,0.02,0.05,0.09,
新竹,2025/04/27 00:00:00,NO,0.5,0.5,0.5,0.6,0.5,0.7,3.1,4.6,2.9,1,0.9,0.8,0.6,0.8,0.6,0.7,0.7,0.6,0.5,0.5,0.6,0.5,0.4,0.4,
新竹,2025/04/27 00:00:00,NO2,8.3,10.3,10.6,8.3,6.3,8.5,14.4,13.5,11.2,7.5,5.5,4.9,3.2,3.5,4.1,3.9,4.1,5.2,8.1,11.1,8.8,7.1,6.9,9.9,
新竹,2025/04/27 00:00:00,NOx,8.8,10.9,11.2,8.9,6.9,9.3,17.5,18.2,14.1,8.6,6.4,5.8,3.9,4.3,4.7,4.6,4.8,5.9,8.6,11.7,9.4,7.6,7.3,10.3,
新竹,2025/04/27 00:00:00,O3,45.8,40.9,32.5,25.7,25.6,14.8,6.5,11.6,31,45.6,54,58.5,59.6,61.3,66.1,63.2,61.5,62.2,57.1,51.8,55.8,58.1,55.4,39.2,
新竹,2025/04/27 00:00:00,PM10,6,7,10,12,12,12,13,14,14,25,39,33,28,39,53,46,47,43,47,51,51,48,48,47,
新竹,2025/04/27 00:00:00,PM2.5,8,7,6,5,9,9,12,11,10,9,11,11,9,8,14,21,17,17,18,18,20,21,16,18,
新竹,2025/04/27 00:00:00,RAINFALL,0,0,0,0,0,0,0,0,0,0,0,0,0,0,0,0,0,0,0,0,0,0,0,0,
新竹,2025/04/27 00:00:00,RH,89,90,91,93,93,95,95,90,85,85,83,80,82,81,84,81,83,87,88,90,92,92,91,92,
新竹,2025/04/27 00:00:00,SO2,1.7,1.5,1.1,0.8,0.7,0.6,0.7,1,1,1.5,1,1,1.1,0.7,0.7,0.6,0.8,0.5,0.6,0.7,0.4,0.8,1.2,1.1,
新竹,2025/04/27 00:00:00,THC,2.24,2.21,2.33,2.23,2.2,2.25,2.43,2.54,2.24,2.16,2.11,2.08,2.01,2.03,2.03,2.04,2.08,2.08,2.19,2.27,2.2,2.13,2.16,2.37,
新竹,2025/04/27 00:00:00,WD_HR,32,46,144,163,157,103,84,49,315,268,317,302,295,293,293,303,285,292,306,298,299,54,103,167,
新竹,2025/04/27 00:00:00,WIND_DIREC,34,14,137,164,158,63,61,104,338,237,186,295,300,291,1,267,297,286,300,286,56,84,132,229,
新竹,2025/04/27 00:00:00,WIND_SPEED,0.4,0.3,0.3,0.5,0.6,0.3,0.3,0.3,0.3,1.3,0.9,2.6,2,2.5,1.3,1.6,1.8,0.7,0.3,1.1,0.4,0.3,0.3,0.3,
新竹,2025/04/27 00:00:00,WS_HR,0.7,0.4,0.3,0.6,0.4,0.3,0.3,0.2,0.1,0.4,0.3,1.2,1.4,2.1,1.6,0.7,1.6,1.5,0.5,1,0.6,0.2,0.3,0.2,
新竹,2025/04/28 00:00:00,AMB_TEMP,24,24,23.9,23.7,22.8,22.2,22.4,22.3,22.4,22.4,22.9,23.9,24.3,24.5,24.9,25.1,25,24.2,23.6,23.1,23.2,23.6,23.6,23.8,
新竹,2025/04/28 00:00:00,CH4,2.37,2.36,2.26,2.26,2.06,2.07,2.04,2.04,2.06,2.05,2.07,2.07,2.07,2.08,2.1,2.1,2.11,2.12,2.14,2.11,2.08,2.09,2.11,2.11,
新竹,2025/04/28 00:00:00,CO,0.4,0.35,0.26,0.23,0.18,0.19,0.2,0.29,0.35,0.32,0.34,0.34,0.38,0.29,0.31,0.31,0.35,0.39,0.45,0.36,0.28,0.28,0.29,0.28,
新竹,2025/04/28 00:00:00,NMHC,0.1,0.09,0.03,0.04,0,0,0,0.02,0.04,0.02,0.04,0.03,0.03,0.06,0.05,0.05,0.06,0.08,0.12,0.06,0.03,0.02,0.02,0.02,
新竹,2025/04/28 00:00:00,NO,0.5,0.3,0.2,0.2,0.3,0.2,0.2,0.3,0.5,0.5,0.8,0.9,0.6,0.9,0.8,0.6,0.5,0.3,0.4,0.4,0.2,0.3,0.3,0.2,
新竹,2025/04/28 00:00:00,NO2,12.9,10,7.6,7.2,4.6,3.1,3.7,6.2,8.7,8.4,10.4,8.9,7.1,7.2,8.1,7.8,9.1,10.8,13.9,10.9,7,6.9,7.1,6.4,
新竹,2025/04/28 00:00:00,NOx,13.5,10.3,7.9,7.5,4.9,3.3,3.9,6.6,9.3,9,11.2,9.8,7.7,8.1,8.9,8.4,9.6,11.2,14.3,11.3,7.2,7.3,7.4,6.7,
新竹,2025/04/28 00:00:00,O3,33.3,36.3,41.7,41.9,51.8,53.8,42.8,45.2,44,42.2,40.9,52.6,58.8,48.5,52.9,68.3,72.8,72.1,63.2,62.2,70.1,77.7,84.3,89.9,
新竹,2025/04/28 00:00:00,PM10,44,48,50,44,15,12,7,2,5,9,15,21,21,13,13,18,34,35,37,34,32,36,46,45,
新竹,2025/04/28 00:00:00,PM2.5,20,21,16,20,9,6,6,10,11,12,16,20,15,14,15,18,20,24,26,21,16,19,21,22,
新竹,2025/04/28 00:00:00,RAINFALL,0,0,0,0,6.5,4,5.5,0,4,1.5,0,0,0,0,0,0,0,0,0,0,0,0,0,0,
新竹,2025/04/28 00:00:00,RH,93,93,94,97,98,100,100,100,100,100,98,92,88,82,74,68,67,70,72,67,51,43,39,35,
新竹,2025/04/28 00:00:00,SO2,0.4,0.1,0.5,0.4,0.4,0.1,0,0,0.2,0.3,0.1,0.5,0.5,0.2,0.5,0.6,0.6,0.5,0.5,0.1,0.3,0.9,1,0.8,
新竹,2025/04/28 00:00:00,THC,2.47,2.45,2.29,2.3,2.06,2.06,2.03,2.06,2.1,2.07,2.11,2.1,2.1,2.14,2.15,2.15,2.17,2.2,2.26,2.17,2.11,2.11,2.13,2.13,
新竹,2025/04/28 00:00:00,WD_HR,283,151,201,273,284,281,272,290,294,336,298,43,350,38,38,49,39,47,50,58,57,57,57,56,
新竹,2025/04/28 00:00:00,WIND_DIREC,351,160,232,289,287,278,282,279,297,298,322,36,285,48,45,54,46,46,47,59,56,54,56,58,
新竹,2025/04/28 00:00:00,WIND_SPEED,0.3,0.4,0.5,1.5,1.5,1.3,1.6,1.6,1.1,0.6,0.5,0.7,0.9,2.2,2.9,3.1,3.2,2.9,2.6,3.4,3.2,3.6,2.9,3.8,
新竹,2025/04/28 00:00:00,WS_HR,0.1,0.2,0.4,1,1.4,1.3,1.1,1.5,0.6,0.1,0.3,0.3,0.3,1.6,2,2.3,2.5,2.5,1.9,2.6,3,2.8,2.9,3,
新竹,2025/04/29 00:00:00,AMB_TEMP,23.8,23.5,23.5,22.7,21.9,21.5,22.2,23.5,25,25.9,27,27.6,28.2,28,27.6,27.5,27.2,26.3,25.7,24.9,23.9,23,22.5,22.2,
新竹,2025/04/29 00:00:00,CH4,2.11,2.12,2.11,2.11,2.12,2.07,2.06,2.06,2.08,2.08,2.07,2.06,2.05,2.04,#,2.05,2.06,2.08,2.1,2.07,2.08,2.08,2.08,2.1,
新竹,2025/04/29 00:00:00,CO,0.28,0.27,0.27,0.29,0.27,0.21,0.23,0.31,0.37,0.35,0.32,0.29,#,0.21,0.2,0.21,0.24,0.28,0.34,0.3,0.32,0.31,0.28,0.25,
新竹,2025/04/29 00:00:00,NMHC,0.02,0.02,0.02,0.06,0.06,0.05,0.05,0.07,0.07,0.07,0.09,0.1,0.09,0.07,#,0.08,0.11,0.13,0.17,0.09,0.1,0.09,0.07,0.05,
新竹,2025/04/29 00:00:00,NO,0.2,0.6,0.5,0.6,0.6,0.7,0.9,1.2,1.1,1.2,1.4,1.4,#,1.1,1.1,1.2,1.4,1.2,0.9,0.6,0.5,0.7,0.6,0.6,
新竹,2025/04/29 00:00:00,NO2,6.2,9.3,7.2,7.7,9.1,7.8,9,11.3,11.5,11,11.5,12.3,#,9.5,7.9,8.4,11.2,13.1,16.7,16.1,16,14.8,13.2,10.8,
新竹,2025/04/29 00:00:00,NOx,6.4,10,7.7,8.3,9.7,8.6,10,12.6,12.6,12.2,13,13.7,#,10.7,9,9.6,12.6,14.4,17.7,16.7,16.5,15.6,13.8,11.4,
新竹,2025/04/29 00:00:00,O3,90.9,85.4,86.6,80.3,71.3,58.9,58.5,64.4,86.2,87.3,82,77.8,77.9,#,#,59.9,55.8,47,40.5,39.6,35.6,34.2,35.2,34.7,
新竹,2025/04/29 00:00:00,PM10,47,42,44,43,39,32,25,32,47,50,45,31,36,33,#,30,32,28,25,19,25,21,24,20,
新竹,2025/04/29 00:00:00,PM2.5,23,22,27,27,21,15,13,15,25,23,23,15,17,#,13,12,11,11,11,13,11,12,15,11,
新竹,2025/04/29 00:00:00,RAINFALL,0,0,0,0,0,0,0,0,0,0,0,0,0,0,0,0,0,0,0,0,0,0,0,0,
新竹,2025/04/29 00:00:00,RH,35,38,39,42,46,54,51,44,40,39,38,34,41,48,50,51,51,52,51,52,56,59,62,65,
新竹,2025/04/29 00:00:00,SO2,0.7,2,2.2,1.9,1.7,1.7,1.7,1.6,1.8,1.8,1.5,1.7,#,2.2,1.8,1.8,2,2,2.6,2.3,1.7,1.3,1.4,1.3,
新竹,2025/04/29 00:00:00,THC,2.13,2.14,2.13,2.17,2.18,2.12,2.11,2.13,2.15,2.15,2.16,2.16,2.14,2.11,#,2.13,2.17,2.21,2.27,2.16,2.18,2.17,2.15,2.15,
新竹,2025/04/29 00:00:00,WD_HR,52,42,43,18,22,38,29,37,39,33,33,34,27,37,#,#,29,33,39,42,59,52,67,59,
新竹,2025/04/29 00:00:00,WIND_DIREC,43,35,42,16,26,43,29,36,42,22,26,25,33,38,#,#,24,19,48,38,59,48,75,29,
新竹,2025/04/29 00:00:00,WIND_SPEED,2.7,3.3,3,3.5,4,3.2,2.9,3.2,3.8,4.6,4.1,4.5,2.6,2.6,#,#,2,1.4,2.4,1.4,1.9,0.9,1.4,0.6,
新竹,2025/04/29 00:00:00,WS_HR,2.5,2.7,2.6,2.7,2.8,2.4,2.3,2.5,3,3.6,3.2,3.1,2.6,2.5,#,#,1.9,1.4,1.4,1.7,1.3,1,0.8,0.5,
新竹,2025/04/30 00:00:00,AMB_TEMP,22,21.7,21.5,21.2,21.3,21.3,21.8,23.8,25.8,27.1,27.8,28.3,28.1,28.2,27.8,27.4,26.6,26.1,25.8,25.6,25.6,25.3,24.8,24.5,
新竹,2025/04/30 00:00:00,CH4,2.12,2.11,2.45,2.33,2.32,2.52,2.54,2.32,2.21,2.17,2.15,2.12,2.08,2.07,2.06,2.06,2.06,2.08,2.14,2.21,2.19,2.19,2.23,2.2,
新竹,2025/04/30 00:00:00,CO,0.23,0.24,0.31,0.3,0.29,0.34,0.52,0.52,0.44,0.35,0.34,0.3,0.27,0.26,0.25,0.25,0.25,0.32,0.44,0.51,0.47,0.46,0.43,0.34,
新竹,2025/04/30 00:00:00,NMHC,0.05,0.05,0.13,0.09,0.08,0.12,0.19,0.15,0.12,0.08,0.06,0.04,0.02,0.01,0.01,0.01,0.01,0.04,0.09,0.13,0.11,0.11,0.1,0.07,
新竹,2025/04/30 00:00:00,NO,0.6,0.6,0.6,0.5,0.3,0.6,8.8,9,4.2,2.1,1.1,1.1,0.8,0.9,0.8,0.7,0.6,0.6,0.6,0.6,0.5,0.5,0.5,0.5,
新竹,2025/04/30 00:00:00,NO2,10.3,10.2,14.6,13.9,10.5,13.5,24.9,21,18.5,13.8,11.2,10.2,7,6.6,6.1,6.2,6,7.9,14.1,16.9,17.7,16.3,15.7,11.4,
新竹,2025/04/30 00:00:00,NOx,11,10.8,15.3,14.5,10.9,14.2,33.7,30,22.8,15.9,12.4,11.3,7.9,7.5,7,6.9,6.6,8.6,14.8,17.6,18.3,16.9,16.3,11.9,
新竹,2025/04/30 00:00:00,O3,33.5,30.6,16.7,20.3,24.4,13.9,6.8,18.2,34.2,58.9,72.8,76.4,80.3,80.8,75.8,76.4,72.2,66.7,58.3,52.1,50.9,48.9,45.1,43,
新竹,2025/04/30 00:00:00,PM10,19,13,19,30,23,24,29,33,38,42,44,40,40,40,39,42,36,39,41,44,48,50,44,38,
新竹,2025/04/30 00:00:00,PM2.5,11,15,15,19,16,16,18,23,25,23,26,22,15,28,16,18,16,19,19,25,31,29,26,25,
新竹,2025/04/30 00:00:00,RAINFALL,0,0,0,0,0,0,0,0,0,0,0,0,0,0,0,0,0,0,0,0,0,0,0,0,
新竹,2025/04/30 00:00:00,RH,68,71,76,81,81,82,81,76,71,67,66,65,65,65,68,67,72,74,76,77,77,79,83,85,
新竹,2025/04/30 00:00:00,SO2,1.5,1,1.2,1,1.1,0.9,1.5,1.3,2.3,2.8,2.6,3.4,2.7,2.4,2.1,1.9,1.8,2,2.7,2.5,2.6,2,1.8,1.3,
新竹,2025/04/30 00:00:00,THC,2.17,2.16,2.58,2.42,2.4,2.64,2.73,2.47,2.33,2.25,2.21,2.16,2.1,2.08,2.07,2.07,2.07,2.12,2.23,2.34,2.3,2.3,2.33,2.27,
新竹,2025/04/30 00:00:00,WD_HR,52,65,265,224,205,195,189,221,258,246,250,262,278,273,285,279,303,307,274,269,182,185,209,178,
新竹,2025/04/30 00:00:00,WIND_DIREC,22,80,223,176,205,209,61,271,261,246,251,294,281,295,295,264,310,309,251,256,165,215,166,171,
新竹,2025/04/30 00:00:00,WIND_SPEED,0.3,0.4,0.3,0.4,0.3,0.3,0.3,0.9,1.5,2.5,2.8,2.1,2.4,2.1,1.8,2,1.4,1.2,0.8,0.5,1,0.4,0.8,1.1,
新竹,2025/04/30 00:00:00,WS_HR,0.4,0.3,0.2,0.2,0.2,0.3,0.2,0.5,1,1.6,2.1,2.2,1.7,1.6,1.9,1.7,1.1,1,0.8,0.6,0.6,0.3,0.3,0.5,
新竹,2025/05/01 00:00:00,AMB_TEMP,24.2,24.2,23.9,24,23.9,24,24.2,24.7,25.7,26.2,26.2,26.4,26.6,26.4,27.2,28.1,28.3,27.7,26.8,26.2,25.9,25.2,24.7,23.9,
新竹,2025/05/01 00:00:00,CH4,2.2,2.3,2.33,2.26,2.24,2.18,2.2,2.19,2.17,2.14,2.14,2.12,2.15,2.12,2.05,2.08,2.12,2.15,2.16,2.21,2.38,2.33,2.4,2.38,
新竹,2025/05/01 00:00:00,CO,0.29,0.37,0.39,0.34,0.31,0.27,0.3,0.4,0.36,0.33,0.39,0.35,0.35,0.34,0.26,0.29,0.34,0.41,0.46,0.53,0.72,0.68,0.68,0.57,
新竹,2025/05/01 00:00:00,NMHC,0.04,0.09,0.11,0.08,0.07,0.03,0.04,0.08,0.06,0.06,0.06,0.05,0.05,0.05,0.03,0.04,0.07,0.09,0.1,0.13,0.22,0.2,0.22,0.15,
新竹,2025/05/01 00:00:00,NO,0.4,0.7,0.4,0.6,0.6,0.6,1,1.4,1.3,1.2,1.1,1,1.1,1,1.2,1.3,1.5,1,0.6,0.7,1,1.7,1.3,1.4,
新竹,2025/05/01 00:00:00,NO2,7.3,11.4,11.3,10.1,8.9,7,10,14.7,12.5,9.7,12.8,8.8,8.6,10,7.4,7,9.9,12.2,14.6,19.3,28.5,34.4,32.6,25.5,
新竹,2025/05/01 00:00:00,NOx,7.8,12.1,11.8,10.8,9.5,7.7,11,16.1,13.8,10.9,13.9,9.8,9.8,11.1,8.6,8.4,11.4,13.2,15.2,20,29.6,36.2,34,26.9,
新竹,2025/05/01 00:00:00,O3,42.2,31.7,32.8,39,40.9,47.7,40.9,38.9,45.6,52.7,56,59.3,52.9,46.7,50,51.3,54.5,51.2,43.9,35.5,19.8,12,11.9,9.2,
新竹,2025/05/01 00:00:00,PM10,36,43,56,58,51,39,33,36,30,35,40,38,38,31,30,27,29,31,31,36,39,43,46,42,
新竹,2025/05/01 00:00:00,PM2.5,23,34,30,35,31,22,17,20,16,21,23,25,22,15,16,13,12,14,20,25,25,24,28,27,
新竹,2025/05/01 00:00:00,RAINFALL,0,0,0,0,0,0,0,0,0,0,0,0,0,0,0,0,0,0,0,0,0,0,0,0,
新竹,2025/05/01 00:00:00,RH,85,85,87,89,88,83,79,74,69,70,70,70,73,76,71,59,49,53,70,69,70,72,77,83,
新竹,2025/05/01 00:00:00,SO2,1.5,1.2,1.7,2,1.8,1.1,1.1,1.6,1.6,1.9,2.9,1.6,2,2.1,1.2,0.8,1.4,1.8,1.7,1.3,2,2.1,1.4,1.4,
新竹,2025/05/01 00:00:00,THC,2.24,2.39,2.44,2.34,2.31,2.21,2.24,2.27,2.23,2.2,2.2,2.17,2.2,2.17,2.08,2.12,2.19,2.24,2.26,2.34,2.6,2.53,2.62,2.53,
新竹,2025/05/01 00:00:00,WD_HR,193,244,232,243,206,241,218,197,237,240,241,247,250,255,234,204,218,243,241,231,207,181,193,88,
新竹,2025/05/01 00:00:00,WIND_DIREC,248,241,247,229,195,243,182,228,245,239,238,247,250,249,234,209,244,240,175,258,180,182,193,85,
新竹,2025/05/01 00:00:00,WIND_SPEED,0.6,0.7,0.4,0.6,0.7,2.7,0.9,0.5,2.7,3.9,3.5,3.3,2.8,2.1,1.7,1.4,1.8,2.7,1.5,0.6,0.9,0.8,0.3,1.3,
新竹,2025/05/01 00:00:00,WS_HR,0.4,0.4,0.4,1.5,0.7,2.1,1,0.6,1.5,2.8,2.7,2.8,2.6,2,1.5,1,0.9,1.9,1.1,0.4,0.5,0.9,0.4,0.8,
新竹,2025/05/02 00:00:00,AMB_TEMP,23.4,23,22.8,22.8,22.5,22.5,23.2,24.5,26.7,28.8,30.6,31.9,32.1,32.6,32.6,32,30.8,29.7,28,27.2,26.5,25.9,25.5,25.3,
新竹,2025/05/02 00:00:00,CH4,2.33,2.3,2.2,2.21,2.24,2.26,2.22,2.19,2.16,2.09,2.07,2.08,2.16,2.14,2.14,2.13,2.12,2.12,2.13,2.18,2.17,2.16,2.19,2.25,
新竹,2025/05/02 00:00:00,CO,0.43,0.33,0.3,0.28,0.28,0.33,0.36,0.4,0.41,0.33,0.3,0.31,0.4,0.38,0.35,0.35,0.35,0.39,0.4,0.45,0.42,0.43,0.4,0.4,
新竹,2025/05/02 00:00:00,NMHC,0.1,0.08,0.04,0.03,0.04,0.07,0.07,0.07,0.07,0.04,0.03,0.04,0.08,0.06,0.05,0.05,0.04,0.06,0.05,0.06,0.06,0.05,0.04,0.04,
新竹,2025/05/02 00:00:00,NO,0.7,0.8,0.6,0.6,0.7,0.8,1.7,3,3.1,2,1.2,1,1.1,1.2,1.1,0.9,0.8,0.7,0.8,0.8,0.6,0.6,0.8,0.7,
新竹,2025/05/02 00:00:00,NO2,14.8,11,8.7,6.7,8.1,10.6,13.8,13.5,13.2,10.6,7.5,7.2,12.1,12,11,8.8,9.1,8.6,8.8,11.2,10.3,8.9,9.7,10.3,
新竹,2025/05/02 00:00:00,NOx,15.5,11.9,9.3,7.3,8.8,11.5,15.6,16.5,16.4,12.6,8.7,8.3,13.2,13.3,12.1,9.7,9.9,9.4,9.6,12.1,10.9,9.5,10.5,11,
新竹,2025/05/02 00:00:00,O3,12.9,14.9,20.8,23.7,21.2,19.3,21.7,26.9,36.8,51.4,60.5,71.7,87.6,93.8,88.5,85.8,85.7,82.2,80.6,69.2,67.7,66.9,60,56.3,
新竹,2025/05/02 00:00:00,PM10,38,34,37,28,27,32,26,27,32,30,30,28,36,37,41,40,40,34,52,53,60,62,58,64,
新竹,2025/05/02 00:00:00,PM2.5,26,25,21,20,15,19,21,18,21,21,17,14,21,18,22,24,19,19,26,32,32,29,30,26,
新竹,2025/05/02 00:00:00,RAINFALL,0,0,0,0,0,0,0,0,0,0,0,0,0,0,0,0,0,0,0,0,0,0,0,0,
新竹,2025/05/02 00:00:00,RH,84,84,82,80,81,80,78,73,67,62,54,49,53,51,50,52,55,57,76,82,86,89,91,91,
新竹,2025/05/02 00:00:00,SO2,1.5,1.8,1.6,1.8,1.8,1.8,2.3,2.3,2,1.9,1.9,1.7,3.7,3.6,3.7,2.9,3,2.5,2,2,1.7,1.8,2.2,2.5,
新竹,2025/05/02 00:00:00,THC,2.43,2.38,2.24,2.24,2.28,2.33,2.29,2.26,2.23,2.13,2.1,2.12,2.24,2.2,2.19,2.18,2.16,2.18,2.18,2.24,2.23,2.21,2.23,2.29,
新竹,2025/05/02 00:00:00,WD_HR,58,37,66,58,41,39,69,31,17,51,70,6,249,244,256,251,246,249,241,253,227,215,213,220,
新竹,2025/05/02 00:00:00,WIND_DIREC,60,14,75,29,61,70,57,25,35,45,134,258,257,239,242,244,250,247,245,245,246,204,227,224,
新竹,2025/05/02 00:00:00,WIND_SPEED,0.4,0.4,1.8,1.2,1.2,0.3,1.2,0.9,1,2,1.4,1.9,2,3,2.7,3.1,1.9,1.6,2.3,2,1,0.4,0.6,0.5,
新竹,2025/05/02 00:00:00,WS_HR,0.3,0.5,1,1,0.7,0.7,0.6,0.5,0.7,0.9,0.8,0,2,2,1.8,2.2,2.1,1.7,1.9,1.5,0.7,0.6,0.5,0.3,
新竹,2025/05/03 00:00:00,AMB_TEMP,25,25.1,25.4,25.3,25.1,24.9,25,25.4,26.2,28.1,28.7,29,29.1,29.6,30.4,31,30,28.9,28.2,28,28.4,28.2,27.4,27.2,
新竹,2025/05/03 00:00:00,CH4,2.34,2.34,2.15,2.14,2.14,2.15,2.13,2.1,2.15,2.12,2.07,2.05,2.06,2.06,2.05,2.06,2.08,2.09,2.1,2.13,2.24,2.24,2.32,2.32,
新竹,2025/05/03 00:00:00,CO,0.43,0.34,0.31,0.29,0.27,0.28,0.29,0.29,0.34,0.33,0.27,0.25,0.28,0.25,0.24,0.24,0.26,0.29,0.33,0.33,0.42,0.4,0.41,0.33,
新竹,2025/05/03 00:00:00,NMHC,0.06,0.05,0,0,0,0,0,0.01,0.02,0.03,0.01,0.01,0.02,0.02,0.01,0.01,0.02,0.03,0.05,0.05,0.11,0.15,0.14,0.09,
新竹,2025/05/03 00:00:00,NO,0.7,0.6,0.6,0.7,0.6,0.6,0.7,0.7,0.7,1.1,1,1,1.1,1,1,0.9,1.2,0.9,0.6,0.6,0.7,0.8,0.8,0.8,
新竹,2025/05/03 00:00:00,NO2,10.8,8.2,6,5.6,5.6,5.4,5.7,5.3,6.5,6.9,5.5,4.3,4.3,4.6,4.2,3.9,6.8,7.7,9.4,9.5,13.1,16,14,10.4,
新竹,2025/05/03 00:00:00,NOx,11.5,8.8,6.6,6.3,6.3,6.1,6.4,6,7.3,8,6.5,5.3,5.4,5.6,5.3,4.8,8,8.6,10.1,10.1,13.8,16.8,14.8,11.2,
新竹,2025/05/03 00:00:00,O3,46.1,53.8,69.1,69.9,70.7,68.5,69,67.9,65.8,64.6,57.1,51.2,51.4,54.8,58.1,58.4,52.8,47.9,44.4,45.1,35.6,32,29.6,35.9,
新竹,2025/05/03 00:00:00,PM10,62,64,59,57,57,60,53,52,53,44,28,26,19,19,20,21,19,23,22,22,22,27,30,27,
新竹,2025/05/03 00:00:00,PM2.5,34,33,30,25,27,26,34,25,30,19,19,15,16,12,12,11,19,14,17,18,21,17,24,25,
新竹,2025/05/03 00:00:00,RAINFALL,0,0,0,0,0,0,0,0,0,0,0,0,0,0,0,0,0,0,0,0,0,0,0,0,
新竹,2025/05/03 00:00:00,RH,92,93,92,92,92,92,92,89,85,71,63,61,60,57,52,51,57,61,65,66,66,67,75,73,
新竹,2025/05/03 00:00:00,SO2,2.3,1.2,2,1.9,1.8,1.6,1.4,1.3,1.3,1.4,1.5,1.2,1,1,1,1,1.1,1.1,1,1.1,1.2,1.5,1.4,1.7,
新竹,2025/05/03 00:00:00,THC,2.4,2.39,2.15,2.14,2.14,2.15,2.13,2.11,2.17,2.15,2.08,2.06,2.08,2.08,2.06,2.07,2.1,2.12,2.15,2.18,2.35,2.39,2.46,2.41,
新竹,2025/05/03 00:00:00,WD_HR,217,233,242,241,248,248,292,286,276,233,271,273,264,270,322,340,293,298,297,294,48,30,288,297,
新竹,2025/05/03 00:00:00,WIND_DIREC,200,237,241,236,247,237,299,248,58,268,288,289,289,284,288,357,291,298,306,303,326,288,289,336,
新竹,2025/05/03 00:00:00,WIND_SPEED,0.5,2.2,2.4,2.6,2.6,1,1.4,0.3,0.8,1.2,1.5,1,1.4,1.3,1.8,1,1.5,1.3,1.1,0.4,0.4,0.7,0.5,0.6,
新竹,2025/05/03 00:00:00,WS_HR,0.4,1.1,2.1,2.3,1.6,1.1,1.1,0.7,0.5,0.7,1.1,1.3,1.3,1.1,1,1,1.8,1.4,1.2,0.9,0.3,0.6,0.5,0.7,
新竹,2025/05/04 00:00:00,AMB_TEMP,27.2,27,26.6,26.4,26,25.8,26,26.8,27.6,28,28,28.2,28.7,28.5,28.7,28.8,28.2,28.4,27.8,27.2,26.9,26.8,26.8,26.4,
新竹,2025/05/04 00:00:00,CH4,2.51,2.49,2.35,2.22,2.2,2.25,2.29,2.25,2.28,2.13,2.08,2.08,2.08,2.08,2.09,2.09,2.11,2.11,2.1,2.1,2.13,2.15,2.16,2.18,
新竹,2025/05/04 00:00:00,CO,0.33,0.32,0.32,0.29,0.28,0.29,0.33,0.34,0.36,0.32,0.31,0.3,0.3,0.29,0.3,0.3,0.31,0.35,0.34,0.34,0.38,0.41,0.41,0.39,
新竹,2025/05/04 00:00:00,NMHC,0.14,0.15,0.08,0.06,0.06,0.05,0.08,0.1,0.1,0.04,0.03,0.03,0.03,0.02,0.03,0.04,0.04,0.06,0.04,0.05,0.07,0.08,0.07,0.07,
新竹,2025/05/04 00:00:00,NO,0.8,0.7,0.7,0.8,0.7,0.8,0.9,1.9,2.3,1.5,1,1.1,1,1,1,1.1,0.8,0.8,0.8,0.7,0.9,0.9,0.7,0.7,
新竹,2025/05/04 00:00:00,NO2,10.5,9.7,10.5,9.5,7,7.4,8.5,10.7,11.5,8,4.8,4.7,4.8,4.6,4.8,4.7,5.5,8.3,8.5,9.6,10.5,11.4,12.4,11.8,
新竹,2025/05/04 00:00:00,NOx,11.3,10.4,11.2,10.4,7.7,8.2,9.4,12.6,13.8,9.5,5.8,5.8,5.8,5.7,5.9,5.9,6.4,9.2,9.4,10.4,11.4,12.4,13.2,12.6,
新竹,2025/05/04 00:00:00,O3,31.1,33.3,32.8,36.9,44.1,37,34.5,31,34.4,54.6,61.6,61.8,61.3,59.4,59.1,56.9,53.1,48.6,43.8,38,34.3,30.3,26.8,25.4,
新竹,2025/05/04 00:00:00,PM10,34,33,29,25,24,28,27,28,28,39,63,62,62,56,63,59,52,45,42,30,35,29,32,29,
新竹,2025/05/04 00:00:00,PM2.5,29,20,23,17,21,21,23,23,20,28,30,36,35,31,27,29,27,23,20,25,22,21,24,16,
新竹,2025/05/04 00:00:00,RAINFALL,0,0,0,0,0,0,0,0,0,0,0,0,0,0,0,0,0,0,0,0,0,0,0,0,
新竹,2025/05/04 00:00:00,RH,74,74,75,77,82,84,84,81,76,74,76,74,73,73,73,73,75,71,72,75,77,78,79,83,
新竹,2025/05/04 00:00:00,SO2,2,1.3,1.3,1,1,0.7,0.9,1.1,1.4,1.3,1.1,0.7,0.9,0.5,0.5,0.6,0.7,0.6,0.3,0.7,0.7,0.4,0.8,0.5,
新竹,2025/05/04 00:00:00,THC,2.65,2.64,2.43,2.28,2.26,2.3,2.37,2.35,2.38,2.17,2.11,2.11,2.11,2.1,2.12,2.13,2.15,2.17,2.14,2.15,2.2,2.23,2.23,2.25,
新竹,2025/05/04 00:00:00,WD_HR,32,30,50,48,40,5,34,35,32,36,39,39,38,37,36,37,34,41,45,44,48,22,34,89,
新竹,2025/05/04 00:00:00,WIND_DIREC,41,27,44,31,67,8,60,26,55,47,42,59,42,32,39,35,28,48,37,39,29,34,16,199,
新竹,2025/05/04 00:00:00,WIND_SPEED,0.6,1.1,0.8,1.2,0.9,0.5,0.6,1,0.7,1.5,2.6,2.1,2.7,2.1,2.5,1.9,2.8,2,1.9,1.7,0.9,0.7,0.4,0.5,
新竹,2025/05/04 00:00:00,WS_HR,0.7,0.8,0.9,0.7,0.8,0.4,0.5,0.6,0.8,1.5,1.8,1.8,2.1,2,1.9,2.2,1.9,1.7,1.8,1.4,1,0.6,0.3,0.3,
新竹,2025/05/05 00:00:00,AMB_TEMP,26.1,25.9,25.9,25.7,25.8,25.9,25.5,25.1,25,25.1,25.1,26.1,25.8,26.9,27.8,27.7,27,26.8,26.9,27,27.2,27.3,27.2,27.3,
新竹,2025/05/05 00:00:00,CH4,2.25,2.22,2.36,2.29,2.3,2.18,2.08,2.05,2.04,2.05,2.04,2.05,2.05,2.08,2.05,2.04,2.03,2.04,2.04,2.01,2.03,2.04,2.04,2.03,
新竹,2025/05/05 00:00:00,CO,0.42,0.36,0.36,0.33,0.32,0.27,0.23,0.25,0.26,0.26,0.25,0.26,0.24,0.25,0.23,0.24,0.25,0.28,0.31,0.3,0.3,0.27,0.25,0.24,
新竹,2025/05/05 00:00:00,NMHC,0.09,0.06,0.06,0.06,0.06,0.01,0,0,0.02,0.03,0.01,0.01,0,0.01,0.02,0.03,0.02,0.03,0.03,0.02,0.03,0.03,0.01,0.01,
新竹,2025/05/05 00:00:00,NO,0.9,0.8,0.7,0.7,0.6,0.4,0.7,0.8,1,0.8,0.9,1,0.7,0.9,1.1,1.1,0.7,0.8,0.9,0.7,0.7,0.6,0.8,0.7,
新竹,2025/05/05 00:00:00,NO2,12.8,16.5,13,9.6,8.4,7.8,6.4,7.8,7.4,6.2,6.2,6.1,4.9,6.4,5.9,5.8,4.6,4.9,7.3,7.4,8.7,8.9,7.1,7.2,
新竹,2025/05/05 00:00:00,NOx,13.7,17.4,13.8,10.4,9,8.3,7.1,8.7,8.5,7,7.1,7.1,5.7,7.3,7,7,5.3,5.7,8.2,8.2,9.4,9.5,7.9,8,
新竹,2025/05/05 00:00:00,O3,18.5,15.7,12.5,14.8,17.6,31.7,41.8,42.5,44.4,49.1,52.9,58.9,60.2,59.9,53.4,43.2,42.1,39.5,34.8,35.4,29,26.6,26,22.8,
新竹,2025/05/05 00:00:00,PM10,29,36,45,49,40,38,35,49,60,53,46,53,45,44,33,31,36,34,35,34,44,41,32,28,
新竹,2025/05/05 00:00:00,PM2.5,21,25,25,24,21,18,15,13,20,20,21,23,24,22,19,19,16,16,17,19,18,16,19,17,
新竹,2025/05/05 00:00:00,RAINFALL,0,0,0,0,0,0,0,0,0,0,0,0,0,0,0,0,0,0,0,0,0,0,0,0,
新竹,2025/05/05 00:00:00,RH,85,88,89,89,90,91,93,92,91,90,89,86,87,83,82,83,86,87,89,90,91,91,92,89,
新竹,2025/05/05 00:00:00,SO2,0.2,0.7,0.9,1.2,1.1,1.1,0.8,0.9,0.7,0.8,0.9,1.3,0.9,1.1,1.6,1.7,0.7,0.9,0.9,1,1.2,0.6,1.2,1.3,
新竹,2025/05/05 00:00:00,THC,2.34,2.28,2.42,2.35,2.36,2.19,2.07,2.05,2.06,2.08,2.05,2.06,2.05,2.09,2.07,2.07,2.05,2.07,2.07,2.03,2.06,2.07,2.05,2.04,
新竹,2025/05/05 00:00:00,WD_HR,176,240,176,186,207,264,280,287,286,288,285,278,281,243,250,244,245,242,242,241,242,237,219,234,
新竹,2025/05/05 00:00:00,WIND_DIREC,154,51,175,194,182,284,283,286,295,300,270,254,259,262,246,243,242,237,246,240,242,227,243,231,
新竹,2025/05/05 00:00:00,WIND_SPEED,1,0.4,0.7,0.3,0.8,1,1.8,1.7,1.4,2.1,1.5,1.8,1.8,1.4,2.4,2.2,4.3,3.1,3.3,3,2.6,1.2,1.7,2,
新竹,2025/05/05 00:00:00,WS_HR,0.5,0.1,0.6,0.4,0.4,1.1,1.2,1.5,1.4,1.4,1.6,1.3,1.7,1.7,2.4,2.2,2.8,2.9,3,2.7,2.5,2.1,0.9,1.6,
新竹,2025/05/06 00:00:00,AMB_TEMP,27.2,27.1,27.1,26.9,26.6,26.5,26.8,27.2,27.5,28.5,28.9,29.5,28.8,29.3,29.4,28.5,29.8,29.9,29.3,28.8,28.4,27.6,27.1,27.1,
新竹,2025/05/06 00:00:00,CH4,2.07,2.09,2.12,2.07,2.09,2.11,2.12,2.13,2.11,2.1,2.08,2.04,2.02,2.01,2.01,2.04,2.06,2.08,2.09,2.11,2.14,2.12,2.11,2.13,
新竹,2025/05/06 00:00:00,CO,0.28,0.32,0.22,0.2,0.19,0.2,0.25,0.33,0.33,0.3,0.27,0.27,0.25,0.22,0.25,0.27,0.3,0.34,0.41,0.43,0.45,0.4,0.36,0.34,
新竹,2025/05/06 00:00:00,NMHC,0.01,0.01,0,0,0,0,0,0.02,0.03,0.02,0.01,0.01,0,0,0,0,0.04,0.06,0.11,0.11,0.11,0.07,0.02,0.03,
新竹,2025/05/06 00:00:00,NO,0.6,0.9,0.8,0.9,0.7,0.9,1.5,2,1.8,3,1.9,1.7,1.2,1.4,1.1,1.2,1.4,1,0.9,0.9,0.8,0.8,0.8,0.8,
新竹,2025/05/06 00:00:00,NO2,8.4,13.7,10.8,6.5,5.3,6.6,7.4,8.2,8.5,9.4,6.7,6,5,3.9,3.8,4.7,8.5,7.9,12.4,14,14.9,11.6,8.1,8,
新竹,2025/05/06 00:00:00,NOx,9.1,14.7,11.7,7.5,6,7.5,8.9,10.3,10.3,12.4,8.7,7.7,6.2,5.4,5,5.9,10,9,13.3,14.9,15.8,12.5,8.9,8.9,
新竹,2025/05/06 00:00:00,O3,18.9,14.7,17,19.8,20.7,18.2,17.5,18.1,21.2,24.3,33.5,35.6,39.5,39.6,44.5,44.8,48.7,50.3,51,44.2,36.2,37.1,38.7,35.3,
新竹,2025/05/06 00:00:00,PM10,24,35,37,29,22,27,25,21,33,31,28,24,27,23,22,32,33,34,36,36,31,22,18,21,
新竹,2025/05/06 00:00:00,PM2.5,11,21,16,13,12,15,18,16,19,15,19,14,17,18,16,20,19,21,21,22,23,19,20,13,
新竹,2025/05/06 00:00:00,RAINFALL,0,0,0,0,0,0,0,0,0,0,0,0,0,0,0,0,0,0,0,0,0,0,0,0,
新竹,2025/05/06 00:00:00,RH,89,91,91,89,88,89,89,85,81,77,78,76,81,79,76,81,75,73,73,73,74,74,77,78,
新竹,2025/05/06 00:00:00,SO2,1.4,2.1,2.5,1.5,1.1,1,0.9,1.3,1.4,2.6,1.9,1.5,1.1,0.7,0.5,0.7,0.7,0.9,1.2,1.2,1,1,0.8,0.8,
新竹,2025/05/06 00:00:00,THC,2.08,2.1,2.11,2.06,2.08,2.1,2.12,2.15,2.14,2.12,2.09,2.05,2.02,1.99,2,2.03,2.1,2.14,2.2,2.22,2.25,2.19,2.13,2.16,
新竹,2025/05/06 00:00:00,WD_HR,245,243,244,242,244,243,243,245,245,248,258,251,278,284,315,314,55,48,60,59,56,55,73,71,
新竹,2025/05/06 00:00:00,WIND_DIREC,243,238,243,241,240,247,241,244,240,258,272,264,296,314,301,50,47,47,66,60,33,60,71,65,
新竹,2025/05/06 00:00:00,WIND_SPEED,3.2,3.5,3.1,3.2,3.8,2.9,2.4,3.1,3.2,2.2,1.9,1.8,2.3,1.5,1.8,1.4,1.6,1.6,2,1.3,1.7,1.4,1.6,1.1,
新竹,2025/05/06 00:00:00,WS_HR,2.8,3.2,3.1,2.4,3,2.8,2.6,2.5,2.3,2.2,1.8,2.2,2,1.7,1.2,0.9,1.1,1.2,1.4,1.2,1.3,1.4,1.5,0.9,
新竹,2025/05/07 00:00:00,AMB_TEMP,27.1,27,26.8,25.9,24.1,21.9,22,21.9,21.6,21.2,21,21.5,21.1,20.8,20.6,20.8,21,21.2,21.4,21.8,22,22,22.1,22.5,
新竹,2025/05/07 00:00:00,CH4,2.17,2.14,2.22,2.2,2.18,2.09,2.11,2.1,2.12,2.11,2.09,2.09,2.11,2.11,2.09,2.1,2.1,2.09,2.1,2.1,2.13,2.12,2.18,2.24,
新竹,2025/05/07 00:00:00,CO,0.33,0.29,0.31,0.29,0.28,0.23,0.27,0.31,0.39,0.35,0.32,0.31,0.32,0.31,0.29,0.3,0.31,0.32,0.38,0.36,0.38,0.37,0.4,0.39,
新竹,2025/05/07 00:00:00,NMHC,0.04,0.03,0.04,0.04,0.05,0.03,0.02,0.03,0.12,0.09,0.09,0.1,0.1,0.1,0.09,0.08,0.1,0.1,0.1,0.09,0.11,0.08,0.1,0.11,
新竹,2025/05/07 00:00:00,NO,0.8,0.5,0.4,0.5,0.5,0.5,0.6,0.7,1.1,1.2,1.6,2,1.6,1.9,1.6,1.9,2.6,1.6,0.8,0.6,0.6,0.6,0.6,0.6,
新竹,2025/05/07 00:00:00,NO2,7.5,8.7,9.7,7.6,6,6.3,6.9,9.2,13.3,15.3,15.2,15.5,17,19.1,19.5,19.6,22.6,18.6,16.9,15.9,17.5,15.8,15.1,15.4,
新竹,2025/05/07 00:00:00,NOx,8.3,9.2,10.1,8.2,6.5,6.8,7.6,9.9,14.5,16.6,16.9,17.6,18.6,21.1,21.2,21.6,25.2,20.3,17.7,16.6,18.2,16.5,15.8,16,
新竹,2025/05/07 00:00:00,O3,30.2,20.7,23.5,29.7,33.8,49.7,43.4,39.1,37.2,39.2,38.5,35,29.7,28.6,29.4,28.8,23.5,27.7,24.8,22.7,18.7,21.8,22.4,18,
新竹,2025/05/07 00:00:00,PM10,20,27,20,16,9,33,14,24,24,22,21,10,11,9,5,2,2,7,5,4,5,4,7,9,
新竹,2025/05/07 00:00:00,PM2.5,15,19,14,14,10,21,12,17,17,24,13,9,7,7,4,3,5,4,4,1,2,4,5,4,
新竹,2025/05/07 00:00:00,RAINFALL,0,0,0,3.5,21,1,1,3,4,1.5,1,0,14,12.5,0.5,1,0.5,0,0,0,1,0,0,0,
新竹,2025/05/07 00:00:00,RH,78,83,81,87,96,96,95,94,95,94,96,94,97,98,98,97,96,95,95,94,94,93,92,92,
新竹,2025/05/07 00:00:00,SO2,0.8,0.9,1.1,0.9,1,1,0.6,0.7,0.6,0.8,0.7,0.7,0.5,0.6,0.6,0.4,0.7,0.7,0.6,0.4,0.7,0.4,0.7,0.7,
新竹,2025/05/07 00:00:00,THC,2.21,2.17,2.26,2.24,2.23,2.12,2.13,2.13,2.24,2.2,2.18,2.19,2.21,2.21,2.18,2.18,2.2,2.19,2.2,2.19,2.24,2.2,2.28,2.35,
新竹,2025/05/07 00:00:00,WD_HR,139,208,40,82,39,51,60,34,31,45,65,52,56,61,77,71,76,72,67,67,58,70,72,118,
新竹,2025/05/07 00:00:00,WIND_DIREC,173,345,56,62,31,51,60,35,27,56,59,61,32,71,79,76,79,70,52,72,79,75,206,38,
新竹,2025/05/07 00:00:00,WIND_SPEED,1.3,0.3,1,0.6,2.8,1.7,2.1,1.5,2.1,2.7,1.6,1.1,1.3,1.2,2.1,2,2.4,2.1,1.1,1.4,1.5,1.2,0.4,0.7,
新竹,2025/05/07 00:00:00,WS_HR,0.7,0.2,0.7,0.5,1,1.8,1.7,1.3,1.5,1.8,1.6,1.2,1,0.9,1.3,1.4,1.8,1.9,1.3,1.2,0.8,1.2,0.4,0.2,
新竹,2025/05/08 00:00:00,AMB_TEMP,22.4,22.5,22.7,22.9,22.8,22.7,22.9,23.9,25.7,27.2,29.2,29.6,29.6,29.5,29.5,29.5,28.6,28,27.6,27.5,27.3,27,26.8,26.6,
新竹,2025/05/08 00:00:00,CH4,2.27,2.24,2.23,2.29,2.23,2.25,2.26,2.27,2.28,2.16,2.07,#,2.12,2.05,2,1.99,2,2.02,2.03,2.04,2.08,2.1,2.23,2.24,
新竹,2025/05/08 00:00:00,CO,0.36,0.31,0.27,0.27,0.25,0.26,0.34,0.48,0.69,0.58,0.44,#,#,0.3,0.21,0.21,0.21,0.28,0.31,0.37,0.39,0.35,0.53,0.41,
新竹,2025/05/08 00:00:00,NMHC,0.09,0.07,0.05,0.07,0.05,0.05,0.08,0.11,0.18,0.13,0.09,#,0.06,0.03,0.01,0.02,0.01,0.04,0.05,0.07,0.09,0.09,0.18,0.14,
新竹,2025/05/08 00:00:00,NO,0.6,0.7,0.8,0.6,0.7,0.7,3,9.1,18.3,17.1,11.2,#,#,1.2,1,1.3,1.1,0.9,0.6,0.7,0.4,0.5,1.6,3.8,
新竹,2025/05/08 00:00:00,NO2,17.3,12.5,9.3,10,7.9,9.1,12.9,16.6,20.1,19.4,18,#,#,8.4,4.9,5.8,6.2,7.4,9.1,11.7,12.5,14,23,20.6,
新竹,2025/05/08 00:00:00,NOx,17.9,13.2,10.1,10.7,8.6,9.9,15.9,25.7,38.4,36.6,29.3,#,#,9.7,6,7.2,7.3,8.4,9.8,12.4,13,14.6,24.7,24.4,
新竹,2025/05/08 00:00:00,O3,10.6,12.6,16.4,15.2,17.1,12.2,5.1,5.3,6.5,9.6,19.5,47.3,#,60,40.6,28.2,31.5,28.6,25.7,20.2,17.6,18.4,5.2,4.7,
新竹,2025/05/08 00:00:00,PM10,9,9,10,8,10,7,20,17,20,28,19,x,#,19,13,16,22,18,17,21,18,25,23,26,
新竹,2025/05/08 00:00:00,PM2.5,5,5,4,6,6,4,6,9,12,14,14,#,x,15,14,8,11,13,17,13,12,11,16,16,
新竹,2025/05/08 00:00:00,RAINFALL,0,0,0,0,0,0,0,0,0,0,0,#,#,0,0,0,0,0,0,0,0,0,0,0,
新竹,2025/05/08 00:00:00,RH,95,95,93,94,93,93,94,91,87,82,72,76,77,77,73,70,74,76,77,77,79,80,83,84,
新竹,2025/05/08 00:00:00,SO2,0.8,1.4,1.5,1.2,1.1,1.1,1.3,1.5,2,1.8,1.9,#,#,2.4,2.3,2.5,2.1,2.3,2,1.7,1.6,1.9,2.1,2,
新竹,2025/05/08 00:00:00,THC,2.36,2.31,2.28,2.36,2.28,2.3,2.34,2.38,2.46,2.29,2.16,#,2.18,2.08,2.01,2.01,2.01,2.06,2.08,2.11,2.17,2.19,2.41,2.38,
新竹,2025/05/08 00:00:00,WD_HR,44,51,70,31,61,31,63,45,14,31,36,288,278,268,255,259,260,264,302,175,239,282,193,204,
新竹,2025/05/08 00:00:00,WIND_DIREC,75,64,55,53,74,32,38,36,13,59,327,305,244,271,274,265,247,267,359,255,251,265,204,252,
新竹,2025/05/08 00:00:00,WIND_SPEED,1.6,0.8,0.4,0.7,0.7,0.6,0.5,0.3,0.5,0.8,0.9,1.8,2.1,2.2,1.6,2,1.7,1.3,0.5,0.4,0.7,0.3,0.3,0.3,
新竹,2025/05/08 00:00:00,WS_HR,0.5,0.6,0.6,0.4,0.5,0.5,0.6,0.4,0.4,0.6,0.5,1.3,1.8,1.9,1.9,1.6,1.7,1.2,0.9,0.9,0.4,0.6,0.4,0.3,
新竹,2025/05/09 00:00:00,AMB_TEMP,26.5,26.1,25.8,25.6,25.4,25.3,25.9,27.7,29.3,30.8,31.3,31.6,31.5,31.3,30.8,30.9,30.2,29.8,29.5,29.1,28.7,28.1,28.4,27.5,
新竹,2025/05/09 00:00:00,CH4,2.17,2.16,2.3,2.41,2.31,2.29,2.22,2.25,2.14,2.07,2.07,2.14,2.08,1.98,1.95,1.94,1.94,1.96,1.99,1.99,1.99,2.02,2.02,1.99,
新竹,2025/05/09 00:00:00,CO,0.29,0.25,0.29,0.32,0.29,0.31,0.37,0.42,0.33,0.28,0.3,0.28,0.25,0.2,0.16,0.16,0.18,0.26,0.3,0.26,0.26,0.31,0.22,0.15,
新竹,2025/05/09 00:00:00,NMHC,0.07,0.05,0.09,0.13,0.1,0.1,0.1,0.12,0.09,0.07,0.07,0.06,0.05,0.03,0.02,0.01,0.02,0.05,0.06,0.06,0.05,0.07,0.04,0.01,
新竹,2025/05/09 00:00:00,NO,1,0.8,1.1,3.4,2.8,2.2,8.7,8,3.8,1.9,1.5,1.3,1.6,1.7,1.4,1,1.1,1.5,1.8,1.2,1.2,1.7,1.5,0.7,
新竹,2025/05/09 00:00:00,NO2,12.4,9.9,17.7,17.4,16.3,12.4,13.9,14.8,10.3,8.1,8.6,9.6,10.3,7.6,4.8,3.8,4.8,7.3,10.7,10.5,10.1,12.1,10.8,8.1,
新竹,2025/05/09 00:00:00,NOx,13.5,10.8,18.9,20.8,19.2,14.6,22.6,22.9,14.1,10.1,10.1,10.9,11.9,9.3,6.2,4.8,5.9,8.8,12.5,11.7,11.4,13.8,12.4,8.8,
新竹,2025/05/09 00:00:00,O3,11.1,12.3,3.3,0,2.3,2.5,3.1,12.5,22,31.2,41.5,48.6,45.6,33.9,20.2,21,18.6,13.1,9,9,7.7,4.3,5.8,16.2,
新竹,2025/05/09 00:00:00,PM10,17,26,22,27,21,28,30,30,31,21,30,31,29,24,12,21,17,16,18,17,18,9,12,15,
新竹,2025/05/09 00:00:00,PM2.5,9,16,18,12,12,13,17,19,18,7,20,16,20,9,6,5,11,9,9,11,10,9,11,9,
新竹,2025/05/09 00:00:00,RAINFALL,0,0,0,0,0,0,0,0,0,0,0,0,0,0,0,0,0,0,0,0,0,0,0,0,
新竹,2025/05/09 00:00:00,RH,87,89,91,92,93,92,89,86,78,69,68,68,70,72,75,73,76,76,78,82,86,88,85,91,
新竹,2025/05/09 00:00:00,SO2,1.5,0.9,0.6,0.9,0.8,0.9,1.4,1.8,1.5,1.4,1.5,2.5,3.1,2.1,0.9,0.8,0.6,0.5,0.9,0.6,0.6,1.1,1.5,1.4,
新竹,2025/05/09 00:00:00,THC,2.24,2.21,2.39,2.54,2.41,2.39,2.32,2.37,2.23,2.14,2.14,2.2,2.13,2.01,1.97,1.95,1.96,2.01,2.05,2.05,2.04,2.09,2.06,2,
新竹,2025/05/09 00:00:00,WD_HR,189,211,277,189,204,271,44,243,245,244,245,243,244,244,240,244,240,241,239,243,237,238,243,251,
新竹,2025/05/09 00:00:00,WIND_DIREC,170,258,294,180,304,117,299,244,246,245,248,240,243,246,236,239,236,245,247,244,204,243,254,248,
新竹,2025/05/09 00:00:00,WIND_SPEED,0.5,0.3,0.3,0.3,0.3,0.3,0.3,2.7,2.5,3.5,3.2,4.3,4.8,4.8,4.4,3.5,2.8,2.4,2.5,2.5,1.7,3.2,2.3,2,
新竹,2025/05/09 00:00:00,WS_HR,0.4,0.3,0.3,0.1,0.2,0,0.2,1,2.4,2.7,3.3,3.8,3.6,3.7,3.2,3.1,2.4,1.9,1.7,2.3,1.9,2.1,2.8,1.4,
新竹,2025/05/10 00:00:00,AMB_TEMP,26.6,26.1,26.3,26.6,26.6,26.5,26.6,27,25.2,23.5,23.7,24.2,25.1,25.9,26.2,26.8,26.8,26.2,25.6,25.4,25.6,25.6,25.4,25.8,
新竹,2025/05/10 00:00:00,CH4,1.95,1.93,1.98,2,2.02,2.09,2.09,2.13,2.02,2.04,2.06,2.05,2.04,2,2.05,2.15,2.1,2.11,2.13,2.13,2.13,2.13,2.13,2.14,
新竹,2025/05/10 00:00:00,CO,0.11,0.09,0.1,0.1,0.11,0.14,0.19,0.25,0.19,0.2,0.23,0.26,0.26,0.2,0.25,0.33,0.3,0.31,0.33,0.32,0.31,0.28,0.27,0.24,
新竹,2025/05/10 00:00:00,NMHC,0,0,0,0,0,0,0.02,0.04,0.01,0,0.03,0.03,0.02,0,0.03,0.05,0.02,0.02,0.02,0.02,0.01,0,0.01,0,
新竹,2025/05/10 00:00:00,NO,0.5,0.8,0.9,0.8,0.7,1,2.6,4.9,2.6,1.2,1.7,2.7,3.7,2.5,1.7,1.7,1.7,1.1,1,0.8,0.8,0.8,0.8,0.9,
新竹,2025/05/10 00:00:00,NO2,4.6,4.2,4,5.3,5,8.6,9.2,11.4,6.7,9,11.4,12.8,12.6,8,9.2,10.7,8.1,6.8,8.1,7.8,7.9,6.9,6.7,5,
新竹,2025/05/10 00:00:00,NOx,5.2,5,5,6.2,5.7,9.7,11.8,16.3,9.4,10.2,13.2,15.5,16.4,10.6,11,12.5,9.8,8,9.2,8.7,8.8,7.7,7.6,5.9,
新竹,2025/05/10 00:00:00,O3,20,22.8,22,18.9,18.2,8.1,4.5,3,23.5,28.9,26.1,22.1,22.4,31.4,33.2,45.2,43,46.4,44.8,46.6,44.2,45.5,44.4,49,
新竹,2025/05/10 00:00:00,PM10,9,13,10,5,6,19,16,14,8,2,0,0,0,3,6,27,15,18,17,24,16,22,23,19,
新竹,2025/05/10 00:00:00,PM2.5,5,5,4,4,4,4,6,6,5,4,2,3,4,7,4,11,11,11,15,13,16,7,13,11,
新竹,2025/05/10 00:00:00,RAINFALL,0,0,0,0,0,0,0,0,7,42.5,11,4,1,0,0,0,0,0,0,0,0,0,0,0,
新竹,2025/05/10 00:00:00,RH,94,94,92,90,91,91,90,88,94,99,100,99,97,92,88,81,80,76,77,73,68,64,60,53,
新竹,2025/05/10 00:00:00,SO2,1,1,1.3,1.7,1.4,1.5,1.5,1.4,1.3,1.2,1.1,1.1,1.3,1.1,1.4,1.6,1.6,1.2,1.4,1.2,1.4,1.4,1.3,1.5,
新竹,2025/05/10 00:00:00,THC,1.93,1.91,1.94,1.97,2,2.09,2.11,2.17,2.03,2.04,2.09,2.08,2.06,1.99,2.08,2.2,2.12,2.13,2.15,2.15,2.14,2.13,2.14,2.13,
新竹,2025/05/10 00:00:00,WD_HR,272,278,280,237,99,47,63,206,25,56,72,69,63,71,55,43,56,53,53,61,73,57,51,39,
新竹,2025/05/10 00:00:00,WIND_DIREC,292,293,251,185,69,58,278,277,41,59,60,71,87,47,39,52,62,56,43,70,70,40,75,43,
新竹,2025/05/10 00:00:00,WIND_SPEED,1.2,0.7,0.8,0.4,0.5,0.3,0.3,0.3,1.2,1.2,1.2,1,0.9,1.3,1.7,1.7,3.2,2.5,2.2,1.7,1.5,1.9,2,1.1,
新竹,2025/05/10 00:00:00,WS_HR,1.2,1,0.7,0.4,0.3,0.3,0.3,0,1,0.9,0.7,0.8,0.7,1.3,1.5,1.7,2.2,2,1.8,1.6,1.5,1.3,1.3,1.2,
新竹,2025/05/11 00:00:00,AMB_TEMP,25.1,24.7,24.7,24.3,24,23.4,21.9,21.8,21.7,21.3,21,20.9,20.9,20.9,20.9,20.7,20.5,20.4,20.2,20.2,20.2,20.3,19.9,20.1,
新竹,2025/05/11 00:00:00,CH4,2.16,2.21,2.16,2.13,2.09,2.07,2.07,2.08,2.15,2.11,2.1,2.1,2.11,2.1,2.11,2.13,2.15,2.14,2.16,2.16,2.1,2.07,2.05,2.06,
新竹,2025/05/11 00:00:00,CO,0.25,0.27,0.26,0.23,0.19,0.18,0.2,0.23,0.29,0.28,0.29,0.29,0.29,0.27,0.29,0.3,0.32,0.32,0.33,0.34,0.27,0.25,0.21,0.2,
新竹,2025/05/11 00:00:00,NMHC,0,0.06,0.06,0.04,0.02,0.02,0.02,0.02,0.08,0.07,0.05,0.07,0.05,0.04,0.04,0.05,0.08,0.07,0.06,0.08,0.03,0.02,0.01,0.01,
新竹,2025/05/11 00:00:00,NO,1,0.3,0.4,0.5,0.4,0.4,0.4,0.4,0.6,0.5,0.6,0.6,0.7,0.8,0.7,0.6,0.6,0.6,0.6,0.5,0.6,0.6,0.3,0.3,
新竹,2025/05/11 00:00:00,NO2,5,8,8,7.1,6.7,5.4,5.6,7.1,8,8.2,8.6,10.4,10,9.4,9.7,10.4,10.9,11.8,13.5,13.3,8.8,6.9,5.5,4.8,
新竹,2025/05/11 00:00:00,NOx,6,8.4,8.5,7.7,7.2,5.8,6,7.5,8.7,8.7,9.2,11,10.7,10.3,10.5,11.1,11.6,12.5,14.1,13.8,9.4,7.6,5.8,5.1,
新竹,2025/05/11 00:00:00,O3,44.2,42.7,45.7,43.6,44.2,45.1,42,44.4,45.4,57.1,61.2,58.4,57.7,56.6,57.6,57.7,57.4,54,50.4,49.6,56.3,56.9,56.9,54.9,
新竹,2025/05/11 00:00:00,PM10,21,23,31,23,11,15,15,7,7,10,14,17,0,5,6,7,7,3,7,8,3,1,6,8,
新竹,2025/05/11 00:00:00,PM2.5,12,15,14,11,14,11,7,5,10,11,12,11,9,9,7,7,7,7,10,10,6,5,5,5,
新竹,2025/05/11 00:00:00,RAINFALL,0,0,0,0,0,0,1,2.5,5,6.5,4,7,3,3.5,2.5,2,1,0.5,0.5,0,0,0,0,0,
新竹,2025/05/11 00:00:00,RH,60,72,77,72,65,72,88,94,97,97,96,97,96,96,96,95,95,94,95,94,92,88,82,82,
新竹,2025/05/11 00:00:00,SO2,1.3,0,0.1,0.1,0.3,0.3,0,#,0,0.1,0,0.1,0,0,0,0,0,0,0,0,0,0,0.2,0,
新竹,2025/05/11 00:00:00,THC,2.16,2.27,2.22,2.17,2.11,2.09,2.09,2.1,2.23,2.18,2.15,2.17,2.16,2.14,2.15,2.18,2.23,2.21,2.22,2.24,2.13,2.09,2.06,2.07,
新竹,2025/05/11 00:00:00,WD_HR,44,34,41,47,62,65,60,39,29,29,32,35,39,54,59,46,36,47,46,40,51,57,65,54,
新竹,2025/05/11 00:00:00,WIND_DIREC,26,36,61,50,72,59,53,27,29,33,11,33,40,70,38,31,46,45,43,51,76,45,64,47,
新竹,2025/05/11 00:00:00,WIND_SPEED,1,2.3,2.2,2,0.9,1.5,1.6,1.2,0.9,1.9,1.3,2,2.1,1.8,1.2,1.9,1.8,1.9,2.4,2.4,2.3,1.8,2,1.5,
新竹,2025/05/11 00:00:00,WS_HR,1,1,1.6,1.5,1.1,1,1.1,0.9,0.9,1.8,1.4,1.4,1.3,1.5,1.3,1.3,1.8,1.5,1.7,1.8,1.9,1.6,1.5,1.2,
新竹,2025/05/12 00:00:00,AMB_TEMP,20.5,21.1,21.5,22.6,22.8,22.3,22,22.9,24,25.3,26.5,27.5,27.9,28,28.2,28.1,27.7,26.6,25.6,24.8,24.3,23.9,23.6,23.4,
新竹,2025/05/12 00:00:00,CH4,2.06,2.05,2.08,2.06,2.06,2.07,2.07,2.08,2.08,2.07,2.06,2.05,2.04,2.04,2.05,2.08,2.07,2.08,2.09,2.08,2.07,2.09,2.09,2.08,
新竹,2025/05/12 00:00:00,CO,0.2,0.18,0.19,0.18,0.18,0.19,0.22,0.32,0.37,0.29,0.28,0.27,0.26,0.25,0.26,0.31,0.3,0.33,0.38,0.34,0.33,0.34,0.31,0.28,
新竹,2025/05/12 00:00:00,NMHC,0.01,0.01,0,0,0.01,0.01,0.03,0.06,0.09,0.05,0.08,0.07,0.07,0.06,0.07,0.12,0.1,0.12,0.12,0.09,0.07,0.07,0.06,0.05,
新竹,2025/05/12 00:00:00,NO,0.4,0.7,0.8,0.7,0.7,0.8,0.8,1.3,2,2,1.5,1.7,1.3,1.1,1,1.3,1.3,1.1,0.8,0.8,0.8,0.7,0.7,0.7,
新竹,2025/05/12 00:00:00,NO2,4.6,3.4,4.3,4.2,4.4,5.5,7.8,12.2,14.6,12.9,11.2,11.2,10.3,9.6,10.1,13.6,13.2,13.2,15.8,13.8,12.2,12.3,10.5,8.9,
新竹,2025/05/12 00:00:00,NOx,5,4.2,5.1,4.9,5.1,6.4,8.6,13.5,16.7,14.9,12.8,12.9,11.7,10.8,11.1,14.9,14.5,14.4,16.7,14.6,13,13.1,11.3,9.7,
新竹,2025/05/12 00:00:00,O3,53.4,57.2,59.3,63.4,64.9,59.6,57.3,53.7,51.9,55.8,60.1,53.2,63.4,66.2,69.4,64.5,65.1,61.2,54.9,56.2,56.5,53,53.2,51.2,
新竹,2025/05/12 00:00:00,PM10,9,10,18,21,16,10,10,18,26,24,26,#,19,22,21,27,27,28,28,26,28,26,22,24,
新竹,2025/05/12 00:00:00,PM2.5,0,4,11,14,15,17,15,13,16,17,#,16,14,18,15,15,14,21,15,20,18,21,18,17,
新竹,2025/05/12 00:00:00,RAINFALL,0,0,0,0,0,0,0,0,0,0,0,0,0,0,0,0,0,0,0,0,0,0,0,0,
新竹,2025/05/12 00:00:00,RH,78,61,47,43,41,48,50,47,46,46,47,46,47,48,49,48,48,49,53,55,57,60,62,63,
新竹,2025/05/12 00:00:00,SO2,0.3,0.7,1.1,1.3,0.9,1.1,0.9,0.9,1.5,1.4,1.4,1.1,1.3,1.4,1.5,1.3,1.5,1.5,1.2,1.2,0.9,1.1,1.1,0.9,
新竹,2025/05/12 00:00:00,THC,2.07,2.06,2.08,2.06,2.07,2.08,2.1,2.14,2.17,2.12,2.14,2.12,2.11,2.1,2.12,2.2,2.17,2.2,2.21,2.17,2.14,2.16,2.15,2.13,
新竹,2025/05/12 00:00:00,WD_HR,61,46,52,48,57,55,50,53,51,62,53,58,55,46,63,37,47,49,51,52,67,56,55,70,
新竹,2025/05/12 00:00:00,WIND_DIREC,64,43,36,51,54,49,43,44,55,76,81,31,46,42,56,31,61,63,54,47,78,57,50,67,
新竹,2025/05/12 00:00:00,WIND_SPEED,1.2,1.6,1.5,3.4,2,2.5,1.9,1.6,1.4,2.2,1.8,1.5,1.4,1.3,1.4,1.9,2.5,1.6,1.9,1.5,1.9,1.1,1,1.6,
新竹,2025/05/12 00:00:00,WS_HR,1.3,1.4,1.7,2.1,2.1,1.9,1.8,1.6,1.4,1.8,1.3,1.3,1,1.2,1.2,1.6,1.6,1.6,1.5,1.5,1.1,0.9,0.9,1.3,
新竹,2025/05/13 00:00:00,AMB_TEMP,23.3,23.3,23.2,23.1,22.9,22.7,23.5,25.5,27,27.9,28.8,29,29.1,29.3,29.3,28.9,29,28.2,27.9,27.4,26.5,25.8,25.1,24.6,
新竹,2025/05/13 00:00:00,CH4,2.07,2.08,2.14,2.2,2.24,2.32,2.5,2.34,2.26,2.2,2.17,2.13,2.11,2.12,2.11,2.08,2.09,2.08,2.11,2.28,2.31,2.3,2.41,2.37,
新竹,2025/05/13 00:00:00,CO,0.26,0.25,0.25,0.25,0.26,0.29,0.42,0.52,0.46,0.37,0.36,0.35,0.34,0.34,0.32,0.31,0.31,0.31,0.36,0.64,0.63,0.7,0.7,0.53,
新竹,2025/05/13 00:00:00,NMHC,0.04,0.04,0.04,0.06,0.07,0.09,0.16,0.16,0.17,0.08,0.07,0.06,0.05,0.04,0.03,0.04,0.04,0.04,0.07,0.2,0.2,0.23,0.23,0.16,
新竹,2025/05/13 00:00:00,NO,0.6,0.8,0.6,0.6,0.6,1.2,11.5,13,2.1,1.8,1.1,0.9,0.9,0.9,0.7,0.8,0.9,0.7,0.6,0.7,0.7,0.8,0.9,0.8,
新竹,2025/05/13 00:00:00,NO2,7.9,7,8.2,11.8,12.9,14.2,19.1,19.6,13.6,11.9,9.2,8.7,7.9,8.3,8.1,7.2,7.9,7.7,9.4,22.7,25.5,35.2,36.5,26.2,
新竹,2025/05/13 00:00:00,NOx,8.5,7.9,8.8,12.4,13.5,15.4,30.6,32.7,15.7,13.8,10.3,9.7,8.9,9.2,8.8,8.1,8.8,8.4,10,23.5,26.2,36,37.4,27,
新竹,2025/05/13 00:00:00,O3,50.9,45.7,36.9,19.4,17.2,7.6,3.2,16,41.6,56.7,71.5,83.3,90.3,97.1,94.6,95.8,91.6,85.4,72.5,50.4,42.4,27.7,14.9,17,
新竹,2025/05/13 00:00:00,PM10,22,23,24,23,24,27,24,29,38,32,38,35,38,33,33,29,23,19,22,29,31,26,35,34,
新竹,2025/05/13 00:00:00,PM2.5,15,14,17,16,21,19,16,16,30,21,19,24,23,28,29,18,18,15,13,19,20,24,19,24,
新竹,2025/05/13 00:00:00,RAINFALL,0,0,0,0,0,0,0,0,0,0,0,0,0,0,0,0,0,0,0,0,0,0,0,0,
新竹,2025/05/13 00:00:00,RH,64,65,69,77,79,82,81,78,77,72,67,67,67,65,62,61,57,54,51,57,62,64,74,77,
新竹,2025/05/13 00:00:00,SO2,1.2,1.1,0.9,0.9,0.8,0.9,1,1.1,2.7,3,2,2.5,1.9,1.7,1.7,2,1.9,2,1.9,2.1,1.7,1.2,1.1,1.1,
新竹,2025/05/13 00:00:00,THC,2.11,2.12,2.18,2.26,2.31,2.41,2.66,2.5,2.43,2.28,2.24,2.19,2.16,2.16,2.14,2.12,2.13,2.12,2.18,2.48,2.51,2.53,2.64,2.53,
新竹,2025/05/13 00:00:00,WD_HR,69,69,72,63,54,50,60,248,256,270,253,289,288,291,286,293,303,304,291,209,175,200,105,77,
新竹,2025/05/13 00:00:00,WIND_DIREC,67,63,74,150,23,91,66,239,296,244,276,279,299,271,282,292,301,303,284,169,187,254,76,65,
新竹,2025/05/13 00:00:00,WIND_SPEED,1.6,0.6,1.3,0.3,0.6,0.7,0.8,2.3,1.7,2.8,2.5,2,2.4,1.7,0.9,1.7,1,1.5,0.7,0.7,0.8,0.3,1.2,0.4,
新竹,2025/05/13 00:00:00,WS_HR,1.5,0.9,0.9,0.5,0.5,0.2,0.2,0.5,1.4,1.6,2,1.4,1.9,1.5,1.6,1.7,1,1.4,1,0.5,0.8,0.4,0.4,0.5,
新竹,2025/05/14 00:00:00,AMB_TEMP,24.2,23.9,23.7,23.4,23.1,22.9,23.6,25.4,27.3,29,29.3,29.6,30.4,30.8,30.9,31,30.3,29.7,28.8,28.2,27.7,27.1,26.5,26.2,
新竹,2025/05/14 00:00:00,CH4,2.3,2.46,2.55,2.48,2.27,2.57,2.56,2.35,2.2,2.15,2.13,2.07,2.06,2.08,2.04,2.06,2.07,2.08,2.12,2.18,2.24,2.24,2.22,2.37,
新竹,2025/05/14 00:00:00,CO,0.42,0.48,0.41,0.35,0.31,0.37,0.44,0.48,0.49,0.38,0.29,0.23,0.23,0.24,0.23,0.25,0.25,0.28,0.32,0.41,0.51,0.51,0.4,0.47,
新竹,2025/05/14 00:00:00,NMHC,0.14,0.16,0.15,0.14,0.07,0.15,0.17,0.14,0.12,0.08,0.06,0.01,0.01,0.01,0.02,0.04,0.04,0.09,0.11,0.18,0.21,0.17,0.13,0.17,
新竹,2025/05/14 00:00:00,NO,0.8,1.4,1,0.6,0.7,1.8,6.9,8.6,5.7,3.4,1.4,0.9,0.9,0.8,0.8,1,1,0.8,0.5,0.6,0.8,0.8,0.7,0.7,
新竹,2025/05/14 00:00:00,NO2,20,34.9,23.9,18.1,13.2,16.8,20.9,22.1,20.8,16.2,10.3,6.4,5.8,5.9,5.5,7.3,7.5,8.6,9.2,13.7,19.5,22.2,17.6,19.7,
新竹,2025/05/14 00:00:00,NOx,20.9,36.3,24.9,18.7,14,18.6,27.9,30.7,26.5,19.7,11.7,7.4,6.7,6.7,6.4,8.4,8.5,9.4,9.8,14.4,20.3,23,18.3,20.4,
新竹,2025/05/14 00:00:00,O3,20.6,10.4,11,14,17.7,5.9,7.8,20,35.7,51.1,70,67.7,66.4,64.8,66.1,66.7,63.7,63.2,60.5,51,40.4,33.1,35.5,23.8,
新竹,2025/05/14 00:00:00,PM10,32,33,27,21,30,29,28,33,30,30,35,17,13,16,18,17,19,19,22,26,28,26,30,27,
新竹,2025/05/14 00:00:00,PM2.5,21,17,22,18,21,21,18,24,21,13,24,11,10,7,6,14,12,14,12,17,16,18,19,20,
新竹,2025/05/14 00:00:00,RAINFALL,0,0,0,0,0,0,0,0,0,0,0,0,0,0,0,0,0,0,0,0,0,0,0,0,
新竹,2025/05/14 00:00:00,RH,77,80,81,82,83,85,82,77,68,56,66,62,55,51,48,49,51,54,57,60,63,69,74,76,
新竹,2025/05/14 00:00:00,SO2,1.3,1.3,1.5,1.4,1.8,1.8,1.7,1.9,2.1,2.3,2.3,1.7,1.9,1.8,2.1,2.1,2.3,2.5,2.7,2.8,2.7,2.1,1.8,1.7,
新竹,2025/05/14 00:00:00,THC,2.44,2.62,2.7,2.62,2.34,2.72,2.73,2.49,2.32,2.23,2.19,2.08,2.07,2.09,2.06,2.1,2.11,2.17,2.23,2.36,2.45,2.41,2.35,2.54,
新竹,2025/05/14 00:00:00,WD_HR,74,213,215,300,75,202,128,35,19,340,295,292,297,296,340,351,19,19,20,300,200,194,199,234,
新竹,2025/05/14 00:00:00,WIND_DIREC,76,296,246,22,288,220,96,53,36,297,290,291,289,312,344,353,39,296,30,294,222,166,239,234,
新竹,2025/05/14 00:00:00,WIND_SPEED,0.5,0.3,0.3,0.3,0.3,0.3,0.4,1.1,1.1,1.8,2,3.1,2.8,1.3,1.3,1.4,2.5,0.9,0.9,0.5,0.4,0.7,0.3,0.3,
新竹,2025/05/14 00:00:00,WS_HR,0.5,0.3,0.1,0,0.2,0.3,0.1,0.4,0.3,0.7,1.7,2.4,1.5,1.1,0.8,0.7,0.9,0.6,0.7,0.6,0.3,0.7,0.4,0.3,
新竹,2025/05/15 00:00:00,AMB_TEMP,25.8,25.4,24.9,24.7,24.6,24.5,25.3,27.2,29.1,29.9,29.9,30.6,30.6,30.4,30.7,31.1,30.5,29.7,28.4,28.4,28.3,28.2,28,27.1,
新竹,2025/05/15 00:00:00,CH4,2.37,2.4,2.38,2.39,2.41,2.35,2.42,2.35,2.13,2.15,2.09,2.06,2.01,2.01,2,2.02,2.06,2.05,2.03,2.1,2.14,2.14,2.21,2.22,
新竹,2025/05/15 00:00:00,CO,0.43,0.39,0.34,0.31,0.29,0.29,0.37,0.5,0.4,0.31,0.24,0.23,0.21,0.2,0.21,0.22,0.23,0.27,0.27,0.31,0.36,0.37,0.43,0.36,
新竹,2025/05/15 00:00:00,NMHC,0.16,0.17,0.11,0.11,0.1,0.1,0.13,0.16,0.09,0.07,0.03,0.02,0.01,0,0.01,0.01,0.01,0.03,0.07,0.18,0.18,0.13,0.16,0.1,
新竹,2025/05/15 00:00:00,NO,0.6,1,1,0.8,0.8,1.1,5.2,10.2,6,2.9,1.5,1.2,1.1,1.1,0.9,1.2,1.2,1.2,0.9,0.8,0.9,0.8,0.9,0.9,
新竹,2025/05/15 00:00:00,NO2,21.7,20.3,15.8,13.3,13.8,13.7,18.6,22.4,17.7,12.6,7.6,6.1,4.8,3.8,3.6,4.4,5.3,6.5,7.1,10.2,13.9,16,17,15.8,
新竹,2025/05/15 00:00:00,NOx,22.3,21.4,16.9,14.1,14.6,14.9,23.8,32.7,23.8,15.6,9.1,7.3,6,5,4.6,5.6,6.6,7.7,8.1,11.1,14.8,16.9,18,16.7,
新竹,2025/05/15 00:00:00,O3,18.2,11.4,14.8,15.5,14.2,12.9,10.9,15.5,37.6,49.3,59.6,56.5,54.3,51.4,57,58.3,61.7,49.9,46.1,35.9,35.7,38.5,31.1,25.2,
新竹,2025/05/15 00:00:00,PM10,28,28,26,27,23,21,20,22,18,26,24,14,12,9,12,11,9,12,12,12,21,20,27,26,
新竹,2025/05/15 00:00:00,PM2.5,19,20,20,21,19,15,14,12,17,16,12,9,7,7,10,6,6,10,12,10,15,16,15,13,
新竹,2025/05/15 00:00:00,RAINFALL,0,0,0,0,0,0,0,0,0,0,0,0,0,0,0,0,0,0,0,0,0,0,0,0,
新竹,2025/05/15 00:00:00,RH,79,81,83,83,82,81,78,70,59,64,68,63,63,64,58,56,57,64,70,69,69,69,71,78,
新竹,2025/05/15 00:00:00,SO2,2.2,1.4,1,1,0.9,1,1,1.2,1.2,1.5,1.3,1.1,0.9,0.8,1.1,1.2,1.2,1.1,1.2,1.3,1.6,1.7,1.9,1.2,
新竹,2025/05/15 00:00:00,THC,2.53,2.57,2.49,2.5,2.51,2.45,2.55,2.51,2.22,2.22,2.12,2.08,2.02,2.01,2.01,2.03,2.07,2.08,2.1,2.28,2.32,2.27,2.37,2.32,
新竹,2025/05/15 00:00:00,WD_HR,92,69,73,95,82,84,289,16,43,304,293,293,292,290,299,296,290,307,325,346,31,51,172,189,
新竹,2025/05/15 00:00:00,WIND_DIREC,195,2,74,94,78,178,164,37,16,288,292,291,295,286,286,290,292,290,22,22,75,263,166,172,
新竹,2025/05/15 00:00:00,WIND_SPEED,0.5,0.4,0.3,0.3,0.5,0.3,0.4,0.7,1.3,1.5,2.3,3.1,2.6,2.7,1.8,1.3,2.5,1.4,1,0.8,0.9,0.3,0.9,0.9,
新竹,2025/05/15 00:00:00,WS_HR,0.4,0.2,0.2,0.3,0.2,0.1,0.1,0.3,0.8,1.1,2,2.1,2.2,2.6,1.4,1.1,2.1,0.8,0.6,0.3,0.6,0.4,0.2,0.4,
新竹,2025/05/16 00:00:00,AMB_TEMP,26.6,26.4,26.3,25.9,25.8,25.7,26.3,28,29.9,30.3,30.5,31.1,31.1,31.6,32,31.3,30.3,29.8,29.1,28.8,29.1,29.2,29,28.6,
新竹,2025/05/16 00:00:00,CH4,2.17,2.11,A,2.24,2.22,2.28,2.29,2.35,2.05,2,2.04,#,1.96,1.97,1.97,1.96,1.95,1.97,1.96,1.96,1.97,2,2.07,2.13,
新竹,2025/05/16 00:00:00,CO,0.3,0.23,0.23,0.23,0.23,0.26,0.31,0.44,0.27,0.18,0.2,0.19,0.17,0.18,0.18,0.19,0.2,0.24,0.27,0.25,0.27,0.32,0.34,0.34,
新竹,2025/05/16 00:00:00,NMHC,0.07,0.03,A,0.06,0.06,0.08,0.11,0.15,0.06,0.02,0.02,#,0.02,0.02,0.03,0.03,0.04,0.05,0.06,0.04,0.07,0.09,0.11,0.13,
新竹,2025/05/16 00:00:00,NO,0.9,0.7,0.6,0.8,0.8,1.3,3.5,8.7,2.3,1.3,1.5,1.1,1,1.1,1.3,1.3,1,1.2,0.9,0.7,0.9,1,0.8,1,
新竹,2025/05/16 00:00:00,NO2,12.8,7.2,7.9,7.4,8.1,21.6,15.4,21.3,8.3,6.4,6.6,5.5,4.2,4.3,5.3,5.3,4.6,6.5,7.8,7,12.8,19.5,16.4,21,
新竹,2025/05/16 00:00:00,NOx,13.7,8,8.5,8.2,9,23,19,30,10.7,7.7,8.1,6.6,5.3,5.5,6.6,6.7,5.6,7.7,8.7,7.7,13.7,20.6,17.3,22.1,
新竹,2025/05/16 00:00:00,O3,26.7,31.8,30.5,25.7,28.5,10.9,13.1,17.1,41.7,42.5,48.2,50.2,45.3,46.3,42.4,40.5,39.8,34.4,35.7,35.7,26.4,18.8,17.6,10.3,
新竹,2025/05/16 00:00:00,PM10,22,14,17,18,15,18,25,23,16,9,14,10,9,11,10,10,14,12,15,11,8,16,11,14,
新竹,2025/05/16 00:00:00,PM2.5,20,14,11,19,11,12,11,19,7,5,10,8,6,6,6,3,4,7,7,10,11,11,15,10,
新竹,2025/05/16 00:00:00,RAINFALL,0,0,0,0,0,0,0,0,0,0,0,0,0,0,0,0,0,0,0,0,0,0,0,0,
新竹,2025/05/16 00:00:00,RH,80,79,78,78,77,79,75,69,58,58,62,63,60,58,58,63,67,70,73,75,74,74,75,77,
新竹,2025/05/16 00:00:00,SO2,1.1,0,0,0,0,0,0.1,0.3,0.7,0.2,0.7,0.1,0.1,0.5,0.8,1.1,0.3,0.9,0.3,0.1,0.1,0,0.2,0,
新竹,2025/05/16 00:00:00,THC,2.24,2.14,A,2.3,2.28,2.36,2.4,2.5,2.11,2.02,2.06,#,1.98,1.99,2,1.99,1.99,2.02,2.02,2,2.04,2.09,2.18,2.26,
新竹,2025/05/16 00:00:00,WD_HR,180,181,216,184,208,59,74,343,282,277,286,276,290,265,254,266,262,248,212,178,174,165,135,193,
新竹,2025/05/16 00:00:00,WIND_DIREC,181,201,197,186,95,357,41,282,267,253,299,296,292,247,253,250,253,260,186,161,189,190,143,185,
新竹,2025/05/16 00:00:00,WIND_SPEED,1.5,0.5,0.7,0.3,0.4,0.3,0.4,0.8,1.7,1.8,2.2,2.8,2.4,2.3,2.3,2.3,2.1,1.5,0.9,0.6,0.8,0.7,0.4,0.7,
新竹,2025/05/16 00:00:00,WS_HR,0.9,0.8,0.4,0.5,0.2,0.2,0.2,0.4,0.9,1.3,1.8,2.1,1.9,2,2.1,1.7,1.7,1.6,0.5,0.8,1,0.4,0.2,0.6,
新竹,2025/05/17 00:00:00,AMB_TEMP,28.1,27.6,27.2,27,26.7,26.7,27.2,28.6,30.2,30.9,31.7,31.8,31.4,31.9,31.4,31.2,30.7,30.2,29.5,29.2,29.4,29.2,29,28.8,
新竹,2025/05/17 00:00:00,CH4,2.18,2.14,2.07,2.14,2.17,2.35,2.19,2.11,2.08,2,1.98,1.97,1.96,1.93,1.92,1.92,1.94,1.93,1.97,1.98,1.98,2.01,2.03,2.07,
新竹,2025/05/17 00:00:00,CO,0.35,0.25,0.19,0.22,0.22,0.28,0.29,0.31,0.28,0.21,0.17,0.17,0.17,0.14,0.12,0.13,0.15,0.18,0.22,0.23,0.23,0.24,0.2,0.24,
新竹,2025/05/17 00:00:00,NMHC,0.13,0.1,0.03,0.07,0.07,0.13,0.09,0.08,0.08,0.05,0.03,0.02,0.01,0.01,0,0.01,0.02,0.03,0.04,0.05,0.05,0.07,0.05,0.08,
新竹,2025/05/17 00:00:00,NO,1.5,1.2,0.6,0.8,0.8,1.7,3.1,3.8,3,2.6,1.9,2,1.4,1.4,1.1,1.2,1.4,1.2,1,0.8,0.9,0.9,0.8,0.9,
新竹,2025/05/17 00:00:00,NO2,26,16,8,11,12.1,15,12.4,10.8,10.4,8.9,5.7,5.7,3.9,3.2,2.7,2.9,3.5,3.9,6.5,8.5,10.3,10.2,10.6,10.4,
新竹,2025/05/17 00:00:00,NOx,27.6,17.3,8.6,11.8,12.9,16.7,15.5,14.6,13.5,11.5,7.7,7.8,5.4,4.6,3.9,4.1,4.9,5.2,7.5,9.4,11.3,11.2,11.4,11.3,
新竹,2025/05/17 00:00:00,O3,3.4,10.5,23,13,11,6.1,10.9,21,26.7,29.4,28.3,27.6,29.4,25.8,26.4,23.2,22.2,21.6,19.5,16.7,14.8,15,13.6,9.6,
新竹,2025/05/17 00:00:00,PM10,18,17,18,20,19,17,22,23,26,19,14,14,14,9,12,15,12,11,21,11,15,17,15,14,
新竹,2025/05/17 00:00:00,PM2.5,15,14,14,15,17,13,16,17,14,11,7,6,6,7,4,3,4,5,9,9,8,8,7,6,
新竹,2025/05/17 00:00:00,RAINFALL,0,0,0,0,0,0,0,0,0,0,0,0,0,0,0,0,0,0,0,0,0,0,0,0,
新竹,2025/05/17 00:00:00,RH,80,81,81,82,81,83,76,74,75,73,71,72,74,73,76,77,77,79,84,85,83,84,85,86,
新竹,2025/05/17 00:00:00,SO2,0,1.4,1.4,1.4,1.7,1.7,2.1,2.3,2.7,3.2,2.2,2.3,1.4,1.3,1.3,1.3,1.1,1.5,1.3,1.1,1.2,1.2,1.1,1.1,
新竹,2025/05/17 00:00:00,THC,2.31,2.24,2.1,2.21,2.24,2.48,2.28,2.19,2.16,2.05,2.01,1.99,1.97,1.94,1.92,1.93,1.96,1.96,2.01,2.03,2.03,2.08,2.08,2.15,
新竹,2025/05/17 00:00:00,WD_HR,194,184,183,99,91,233,19,207,247,244,246,246,253,248,250,250,250,261,272,282,175,293,285,100,
新竹,2025/05/17 00:00:00,WIND_DIREC,201,200,173,81,207,8,52,247,250,239,249,257,255,256,252,261,245,286,271,265,186,303,163,56,
新竹,2025/05/17 00:00:00,WIND_SPEED,0.4,0.6,1.1,0.8,0.4,0.3,0.9,1.5,2.2,4,2.2,3,3.3,2.8,3.1,2.4,1.6,1.2,1.2,1.2,0.4,0.9,0.6,0.6,
新竹,2025/05/17 00:00:00,WS_HR,0.4,0.3,0.8,0.4,0.6,0.2,0.4,0.3,1.5,2.8,3,3.2,2.7,2.9,2.7,2.3,1.6,1.2,1.2,0.8,0.1,0.4,0.3,0.3,
新竹,2025/05/18 00:00:00,AMB_TEMP,28.5,28,27.7,27.3,27.5,27.7,28.1,29.6,31.2,32,31.7,30.8,30.4,30.2,30.4,30.2,29.6,28.7,28.4,28.5,28.5,28.5,28.6,28.6,
新竹,2025/05/18 00:00:00,CH4,2.13,2.1,2.18,*,*,2.15,2.13,2.1,2.07,*,*,*,*,*,*,*,*,*,*,*,*,*,*,*,
新竹,2025/05/18 00:00:00,CO,0.26,0.2,0.2,0.16,0.16,0.18,0.21,0.22,0.24,0.24,0.18,0.15,0.16,0.14,0.13,0.12,0.13,0.13,0.13,0.17,0.18,0.14,0.18,0.18,
新竹,2025/05/18 00:00:00,NMHC,0.09,0.07,0,#,#,0,0,0,0,#,#,#,#,#,#,#,#,#,#,#,#,#,#,#,
新竹,2025/05/18 00:00:00,NO,0.9,1.4,1.3,1.4,1.4,1.3,3.4,3.5,2.8,2.9,1.9,1.7,1.7,1.6,1.7,1.5,1.3,1.2,1.2,1,1.1,1.1,1,1.2,
新竹,2025/05/18 00:00:00,NO2,10.7,9.4,7.8,5.6,5.2,6.3,7.4,6.1,5.6,6.8,5.1,3.4,3.8,3.4,2.9,2.7,2.9,3,3.4,4.6,6.2,5.3,5.9,7.4,
新竹,2025/05/18 00:00:00,NOx,11.6,10.9,9.2,7,6.6,7.6,10.8,9.7,8.4,9.7,7,5.2,5.5,5,4.7,4.2,4.2,4.3,4.7,5.7,7.3,6.5,6.9,8.7,
新竹,2025/05/18 00:00:00,O3,5.2,3.5,4.4,5.3,7.5,4.2,7,13.9,20.6,26.9,31.4,26.2,23.1,24.7,22.3,24.6,25.9,25.7,23.9,21.9,19.4,20.4,17.5,15.2,
新竹,2025/05/18 00:00:00,PM10,14,16,18,12,20,12,12,12,18,20,21,13,12,10,12,9,6,10,11,10,12,10,10,14,
新竹,2025/05/18 00:00:00,PM2.5,7,11,11,10,8,6,6,6,6,10,9,3,2,3,3,4,4,7,6,6,9,5,5,4,
新竹,2025/05/18 00:00:00,RAINFALL,0,0,0,0,0,0,0,0,0,0,0,0,0,0,0,0,0,0,0,0,0,0,0,0,
新竹,2025/05/18 00:00:00,RH,87,89,89,89,88,85,83,77,73,71,76,79,80,81,79,78,81,84,85,85,85,85,86,85,
新竹,2025/05/18 00:00:00,SO2,1.2,0,0.1,0,0,0,0.4,#,1.9,2.3,1.5,1.1,0.9,0.8,1,0.9,1,0.7,0.4,0.5,1,1.1,1,1.1,
新竹,2025/05/18 00:00:00,THC,2.22,2.17,2.17,*,*,2.14,2.13,2.09,2.06,*,*,*,*,*,*,*,*,*,*,*,*,*,*,*,
新竹,2025/05/18 00:00:00,WD_HR,193,164,197,177,179,83,182,214,251,251,249,267,255,266,257,265,265,293,299,281,243,197,210,187,
新竹,2025/05/18 00:00:00,WIND_DIREC,230,165,196,179,177,71,204,232,253,274,247,279,268,256,258,257,260,309,315,284,171,282,212,161,
新竹,2025/05/18 00:00:00,WIND_SPEED,0.3,0.5,0.5,1.1,0.7,0.7,0.5,1.8,2.1,2.6,2.8,2.9,2.9,2.9,2.6,2.9,2.1,1.7,1.2,1.2,0.9,0.3,0.5,0.6,
新竹,2025/05/18 00:00:00,WS_HR,0.2,0.5,0.4,0.8,0.5,0.1,0.4,0.6,1.8,2.4,2.9,2.3,2.4,2.4,2.4,2.1,1.9,1.8,1.3,0.9,0.7,0.5,0.4,0.5,
新竹,2025/05/19 00:00:00,AMB_TEMP,28.5,28.2,27.8,27.7,27.7,27.8,27.9,28.3,29,30.2,30.4,29.8,30.2,29.6,30.1,30.3,29.5,29.1,28.9,28.8,28.7,28.6,28.6,28.2,
新竹,2025/05/19 00:00:00,CH4,2.1,2.16,*,*,*,*,*,2.11,2.12,2.1,*,#,*,*,#,1.94,1.93,1.95,1.96,1.98,2.02,2.03,2.04,2.03,
新竹,2025/05/19 00:00:00,CO,0.18,0.19,0.17,0.15,0.14,0.15,0.18,0.24,0.25,0.23,0.2,#,0.12,0.11,0.12,0.13,0.14,0.19,0.23,0.24,0.26,0.23,0.2,0.18,
新竹,2025/05/19 00:00:00,NMHC,0,0,#,#,#,#,#,0,0,0,#,#,#,#,#,0,0,0.02,0.02,0.03,0.06,0.05,0.03,0.02,
新竹,2025/05/19 00:00:00,NO,1.1,0.6,0.5,0.5,0.4,0.7,1.8,2.5,3.3,3.6,3.1,#,0.9,0.5,0.7,1,1.1,1,0.7,0.9,1.2,0.8,0.8,0.7,
新竹,2025/05/19 00:00:00,NO2,8.5,8.9,7.9,6.6,6.1,6.6,8.3,8.9,9.1,8.6,9.2,#,4,2.8,2.7,2.7,4.1,6.4,6.6,9.5,13.2,12,11.7,10.1,
新竹,2025/05/19 00:00:00,NOx,9.6,9.5,8.4,7.1,6.5,7.3,10.1,11.5,12.5,12.2,12.3,#,4.9,3.4,3.4,3.7,5.2,7.4,7.3,10.5,14.5,12.9,12.6,10.9,
新竹,2025/05/19 00:00:00,O3,13.4,10.5,8.2,8.7,9.5,9.5,8.6,9,12.2,17.2,22.2,25.9,#,17,18.8,16,15.8,14.4,14.2,10.3,7.5,8.3,8.7,8.7,
新竹,2025/05/19 00:00:00,PM10,16,17,18,17,15,13,14,18,22,26,26,0,#,4,4,5,14,10,11,10,13,12,9,12,
新竹,2025/05/19 00:00:00,PM2.5,8,8,7,5,6,7,8,9,7,15,14,#,5,4,8,6,5,4,4,7,15,7,4,6,
新竹,2025/05/19 00:00:00,RAINFALL,0,0,0,0,0,0,0,0,0,0,0,#,#,0,0,0,0,0,0,0,0,0,0,0,
新竹,2025/05/19 00:00:00,RH,85,86,87,85,85,85,84,82,81,78,80,80,71,73,71,70,73,75,77,78,78,78,77,81,
新竹,2025/05/19 00:00:00,SO2,1,0.5,0.5,0.4,0.4,0.6,0.6,0.9,1.1,1.2,1.1,#,0.1,0.3,0,0.1,0.2,0.7,0,0,0.4,0.5,1,0.3,
新竹,2025/05/19 00:00:00,THC,2.09,2.16,*,*,*,*,*,2.1,2.12,2.09,*,#,*,*,#,1.93,1.93,1.97,1.98,2.01,2.08,2.08,2.07,2.05,
新竹,2025/05/19 00:00:00,WD_HR,239,228,182,181,181,232,180,230,248,244,254,257,279,294,273,267,281,259,199,174,210,247,210,180,
新竹,2025/05/19 00:00:00,WIND_DIREC,258,266,201,177,191,194,243,238,250,238,263,274,272,295,273,247,310,249,187,176,246,249,168,272,
新竹,2025/05/19 00:00:00,WIND_SPEED,0.8,0.3,0.7,1,0.4,0.4,0.4,0.7,1.7,3.5,2.3,2.7,2.5,2.5,2.1,1.8,1.6,0.9,1,1,1.6,1,0.7,0.3,
新竹,2025/05/19 00:00:00,WS_HR,0.4,0.3,0.5,0.7,0.5,0.2,0.9,0.4,1,2.3,1.9,2.2,1.8,2.2,1.7,1.5,1.4,0.9,0.7,0.9,0.7,1.2,0.7,0.5,
新竹,2025/05/20 00:00:00,AMB_TEMP,28.3,27.6,27.6,27.7,27.6,27.4,27.6,28.8,30.5,31.3,31.9,31.5,31.3,31.5,31.9,31.9,31.1,30.4,29.9,29.8,29.6,29.3,29.1,28.9,
新竹,2025/05/20 00:00:00,CH4,2.1,2.11,2.05,2.12,2.33,2.24,2.16,2.1,2.01,2.01,2.01,#,#,1.95,1.93,1.93,1.92,1.93,1.93,1.96,1.97,2,2.06,2.13,
新竹,2025/05/20 00:00:00,CO,0.23,0.22,0.2,0.21,0.24,0.23,0.29,0.28,0.2,0.21,0.21,0.2,0.2,0.16,0.14,0.16,0.16,0.2,0.24,0.27,0.24,0.26,0.3,0.29,
新竹,2025/05/20 00:00:00,NMHC,0.06,0.05,0.05,0.08,0.12,0.1,0.1,0.09,0.06,0.04,0.05,#,#,0.04,0.03,0.04,0.03,0.05,0.05,0.07,0.06,0.07,0.12,0.13,
新竹,2025/05/20 00:00:00,NO,1.3,1.6,0.8,0.5,4,6.5,6.7,6.8,3.8,2.5,2.2,1.4,1.2,1.5,2.3,2.1,1.5,0.9,0.7,0.7,0.6,0.8,0.9,0.7,
新竹,2025/05/20 00:00:00,NO2,18.8,11,10.2,10,12.2,13.9,11.4,10.5,7.9,7.5,7.8,7.4,6.3,6.6,6.2,5.5,4.8,5.6,6,7.4,8.3,9.8,16.2,16.3,
新竹,2025/05/20 00:00:00,NOx,20.1,12.6,11,10.5,16.3,20.4,18.2,17.3,11.7,10,10,8.8,7.6,8.2,8.6,7.6,6.4,6.5,6.8,8.1,9,10.7,17.2,17.1,
新竹,2025/05/20 00:00:00,O3,1.7,0.5,2,3.4,0.2,0.1,3.3,8.6,19.2,25.8,32.4,38.8,41.3,33.4,22.1,21,21.3,19.5,19.6,18,16.6,12.7,7.2,7.6,
新竹,2025/05/20 00:00:00,PM10,10,16,14,13,15,11,16,15,12,11,#,16,17,13,15,12,12,10,11,8,13,10,15,18,
新竹,2025/05/20 00:00:00,PM2.5,9,9,9,8,9,10,13,9,10,10,15,7,12,8,5,4,5,7,7,11,12,7,7,8,
新竹,2025/05/20 00:00:00,RAINFALL,0,0,0,0,0,0,0,0,0,0,0,0,0,0,0,0,0,0,0,0,0,0,0,0,
新竹,2025/05/20 00:00:00,RH,80,84,83,82,83,84,82,77,69,68,66,68,70,65,61,60,62,65,69,68,69,72,73,75,
新竹,2025/05/20 00:00:00,SO2,0.4,1,0.8,1.1,0.7,0.9,0.7,1.2,1.9,2.2,2.4,2.4,2,2.7,2.6,2.2,1.5,1.4,0.9,0.9,0.8,1,1.2,1.3,
新竹,2025/05/20 00:00:00,THC,2.16,2.16,2.1,2.2,2.45,2.34,2.26,2.19,2.07,2.05,2.06,#,#,1.99,1.96,1.97,1.95,1.98,1.98,2.03,2.03,2.07,2.18,2.26,
新竹,2025/05/20 00:00:00,WD_HR,189,71,46,83,198,220,189,246,243,241,244,241,255,247,247,250,243,253,237,247,236,215,192,209,
新竹,2025/05/20 00:00:00,WIND_DIREC,85,341,3,210,188,177,246,247,237,237,256,258,245,249,246,240,226,262,238,248,191,185,199,203,
新竹,2025/05/20 00:00:00,WIND_SPEED,1.1,0.3,0.4,0.3,1,0.7,0.5,2.7,3.2,2.1,2.4,2.1,3.1,3.4,2.9,1.6,1.2,1.1,1,1.5,0.9,1.1,0.5,0.4,
新竹,2025/05/20 00:00:00,WS_HR,0.2,0.6,0.4,0.1,0.5,0.4,0.5,1.6,2.6,2.7,2.6,2.6,2.2,2.7,2.7,1.8,1.3,1.4,0.9,1.4,1.1,0.5,0.6,0.4,
新竹,2025/05/21 00:00:00,AMB_TEMP,28.5,27.9,27.9,27.8,27.9,28.1,28.1,29.1,30.3,30.9,31.1,31.7,31.3,31.4,31.4,31,30.3,29.7,29.6,29.5,29.5,29.4,29.2,29.3,
新竹,2025/05/21 00:00:00,CH4,2.21,2.19,2.19,2.16,2.14,2.1,2.15,2.1,2.03,2.01,2.11,1.99,1.96,1.94,1.95,1.95,1.94,1.95,1.96,1.98,2.02,2.05,2.07,2.11,
新竹,2025/05/21 00:00:00,CO,0.28,0.19,0.21,0.21,0.21,0.2,0.27,0.3,0.26,0.26,0.27,0.19,0.17,0.15,0.15,0.16,0.16,0.2,0.26,0.33,0.4,0.41,0.35,0.28,
新竹,2025/05/21 00:00:00,NMHC,0.14,0.1,0.09,0.1,0.08,0.06,0.1,0.08,0.06,0.06,0.07,0.03,0.02,0.02,0.02,0.01,0.01,0.02,0.04,0.06,0.11,0.12,0.11,0.13,
新竹,2025/05/21 00:00:00,NO,1.1,1.4,1.2,1.6,1.1,1.2,5.2,5.2,3.3,3.3,4,3,2.6,2.1,2.5,2.2,1.6,1.6,1.3,1.2,1.5,2.5,1.6,1,
新竹,2025/05/21 00:00:00,NO2,17.7,9.9,10.6,14.7,11.9,9.5,12.8,10.7,7.2,7,9.4,6.9,6,4.3,5.2,4.5,4,5.4,6.4,9,16.3,18,16.7,16.6,
新竹,2025/05/21 00:00:00,NOx,18.8,11.3,11.8,16.4,13.1,10.8,18.1,16,10.6,10.4,13.4,9.9,8.6,6.5,7.7,6.8,5.6,7.1,7.8,10.3,17.9,20.5,18.4,17.6,
新竹,2025/05/21 00:00:00,O3,3.3,6.8,5.8,3.6,5.7,8.4,4.4,9,14.4,16.3,22.7,28.3,25.9,26.6,22,22.5,23.8,18.7,17.9,13,5.8,4.2,4.9,7.4,
新竹,2025/05/21 00:00:00,PM10,19,15,15,16,16,15,17,17,19,16,26,24,11,10,15,12,11,12,10,11,18,21,18,19,
新竹,2025/05/21 00:00:00,PM2.5,9,12,10,13,10,8,10,11,10,6,10,9,7,4,6,4,1,7,5,2,13,8,9,8,
新竹,2025/05/21 00:00:00,RAINFALL,0,0,0,0,0,0,0,0,0,0,0,0,0,0,0,0,0,0,0,0,0,0,0,0,
新竹,2025/05/21 00:00:00,RH,78,81,79,81,82,83,85,81,77,75,77,76,78,77,75,76,80,81,80,81,80,81,82,81,
新竹,2025/05/21 00:00:00,SO2,1.4,0.8,1,1.8,1.6,1.2,1.3,1.4,1.3,1.3,2.7,2.1,0.7,0.1,0.3,0.6,0.2,0.3,0.2,0.7,1.9,1.6,1.4,1.3,
新竹,2025/05/21 00:00:00,THC,2.35,2.29,2.28,2.26,2.22,2.16,2.25,2.18,2.09,2.07,2.18,2.02,1.98,1.96,1.97,1.96,1.95,1.97,2,2.04,2.13,2.17,2.18,2.24,
新竹,2025/05/21 00:00:00,WD_HR,201,180,240,241,238,235,206,246,243,244,244,244,245,244,250,242,244,247,240,224,224,186,199,279,
新竹,2025/05/21 00:00:00,WIND_DIREC,227,161,241,233,241,207,242,244,246,244,244,241,240,242,246,235,248,246,236,236,211,204,326,273,
新竹,2025/05/21 00:00:00,WIND_SPEED,0.3,0.7,1.5,1.2,2.7,1.1,0.9,2.9,4.1,4.2,3.9,4.9,5,4.7,3.8,3,3.2,2.6,1.3,0.9,0.8,0.4,0.4,0.6,
新竹,2025/05/21 00:00:00,WS_HR,0.4,0.5,1,1.3,1.8,1.3,0.4,2.1,3.2,3.2,3.5,3.9,3.4,3.8,3.2,3.4,2.8,2.5,1.3,0.8,0.7,0.6,0.3,0.7,
新竹,2025/05/22 00:00:00,AMB_TEMP,29.2,28.7,28.3,28,27.9,27.5,28.5,29.8,31.2,31.6,32.7,33.1,33.5,33.4,32.4,31.6,30.8,29.9,29.5,29.3,29.3,29.2,29,28.9,
新竹,2025/05/22 00:00:00,CH4,2.14,2.18,2.22,2.27,2.28,2.38,2.2,2.1,#,2.01,2.07,2.02,2.01,2.01,2.01,1.98,1.97,1.96,1.97,1.97,1.97,1.97,2.02,2.04,
新竹,2025/05/22 00:00:00,CO,0.27,0.26,0.25,0.25,0.23,0.26,0.26,0.28,0.24,0.18,0.21,0.22,0.19,0.17,0.17,0.17,0.18,0.21,0.24,0.25,0.25,0.26,0.22,0.22,
新竹,2025/05/22 00:00:00,NMHC,0.13,0.14,0.05,0.06,0.06,0.08,0.04,0.01,#,0.01,0.03,0.02,0.01,0,0,0.01,0,0,0,0,0.01,0.01,0.02,0.03,
新竹,2025/05/22 00:00:00,NO,1.1,0.5,0.4,0.5,0.2,3.2,7.9,6,4.6,2.4,2,1.6,0.9,0.9,0.8,0.6,0.6,0.4,0.2,0.3,0.2,0.2,0,0.1,
新竹,2025/05/22 00:00:00,NO2,15.4,14.4,15.8,14.7,14.1,14.6,13.1,11,9,6.9,7.4,8.2,6,4.9,6,5.7,7.1,5.9,5.9,6.7,6.1,8.2,8.6,8.1,
新竹,2025/05/22 00:00:00,NOx,16.6,15,16.2,15.2,14.4,17.8,21.1,17,13.7,9.4,9.4,9.8,6.9,5.9,6.8,6.3,7.7,6.4,6.1,7,6.3,8.4,8.6,8.3,
新竹,2025/05/22 00:00:00,O3,9.4,7.2,4.5,4.9,5.5,0.7,5.4,11.7,17.2,22.2,34.3,41.7,49.8,44.3,46.3,39.3,32.2,32,33.6,30.8,29.2,22.4,21,20.1,
新竹,2025/05/22 00:00:00,PM10,20,20,20,19,14,20,18,10,18,19,17,20,21,23,27,18,19,21,21,27,12,21,24,17,
新竹,2025/05/22 00:00:00,PM2.5,9,14,11,15,13,11,6,7,7,10,13,10,9,16,16,11,12,8,8,11,11,11,13,11,
新竹,2025/05/22 00:00:00,RAINFALL,0,0,0,0,0,0,0,0,0,0,0,0,0,0,0,0,0,0,0,0,0,0,0,0,
新竹,2025/05/22 00:00:00,RH,84,84,87,84,83,84,75,70,65,64,61,62,62,62,69,72,74,81,85,87,87,86,80,79,
新竹,2025/05/22 00:00:00,SO2,1.2,0.3,0.6,0.6,0.7,0.4,0.6,1.1,1.3,1,1.5,2.3,1.9,1.4,1.9,1.3,1,0.3,0,0,0,0,0.1,0,
新竹,2025/05/22 00:00:00,THC,2.27,2.32,2.27,2.33,2.34,2.46,2.24,2.11,#,2.02,2.1,2.04,2.02,2.01,2.01,1.99,1.96,1.96,1.97,1.97,1.98,1.98,2.04,2.07,
新竹,2025/05/22 00:00:00,WD_HR,231,210,186,236,202,213,194,201,241,242,243,249,244,252,244,252,245,245,244,244,241,129,72,61,
新竹,2025/05/22 00:00:00,WIND_DIREC,202,177,179,199,203,209,201,194,244,240,242,254,246,254,243,261,236,244,245,249,221,81,63,84,
新竹,2025/05/22 00:00:00,WIND_SPEED,0.4,0.5,0.8,0.3,0.3,0.3,0.6,1.6,2.8,2.1,3.5,2.8,3.5,2.9,4.1,1.8,1.9,2.3,2,1.7,0.5,1.8,0.9,0.8,
新竹,2025/05/22 00:00:00,WS_HR,0.3,0.3,0.3,0.3,0.3,0.3,0.6,0.9,1.5,2.1,2.9,2.2,3,2.5,3.1,2.2,1.8,1.7,2,1.9,0.9,0.4,1.1,0.6,
新竹,2025/05/23 00:00:00,AMB_TEMP,28.4,28,27.8,27.8,27.6,27,28.2,25.1,#,#,#,x,x,x,x,x,#,#,#,#,#,#,#,#,
新竹,2025/05/23 00:00:00,CH4,2.13,2.11,2.14,2.23,2.23,2.19,2.15,2.2,2.23,2.03,2.04,2.09,*,*,*,*,*,2.02,2.04,2.02,2.04,2.05,2.04,2.07,
新竹,2025/05/23 00:00:00,CO,0.28,0.21,0.19,0.2,0.21,0.23,0.23,0.3,0.32,0.17,0.19,0.2,0.14,0.14,0.14,0.14,0.22,0.31,0.28,0.24,0.25,0.2,0.16,0.16,
新竹,2025/05/23 00:00:00,NMHC,0.06,0.05,0,0.01,0.03,0.03,0.02,0.03,0.04,0,0,0,#,#,#,#,#,0,0.01,0,0.02,0.01,0,0,
新竹,2025/05/23 00:00:00,NO,5.4,0.9,0.8,0.9,0.8,1.5,3.6,4.4,3.5,2.1,1.5,1.6,1.3,1.4,1.1,1.5,2.2,2.4,1.6,1.2,1.4,1.4,1.1,1,
新竹,2025/05/23 00:00:00,NO2,27,13.4,9.2,8.8,11.4,12.4,12.2,9.9,7.9,5.5,5.7,6.3,3.7,3.1,3.2,3.1,6,9.9,9.7,9.5,10.3,10.2,8.3,7.3,
新竹,2025/05/23 00:00:00,NOx,32.4,14.3,10,9.8,12.3,14,15.9,14.3,11.5,7.7,7.2,7.9,5.1,4.5,4.4,4.6,8.2,12.3,11.3,10.7,11.7,11.7,9.4,8.3,
新竹,2025/05/23 00:00:00,O3,3.1,5,12.6,9.8,5.7,6.6,9.7,14,19.1,26.5,38.5,46.4,29.8,25.1,22.3,17.9,13.4,12.4,13.6,13.4,9.3,7.4,8.8,9.4,
新竹,2025/05/23 00:00:00,PM10,26,30,21,24,22,17,23,20,19,21,29,38,29,23,24,20,22,23,27,26,24,15,14,11,
新竹,2025/05/23 00:00:00,PM2.5,14,17,17,14,12,12,9,12,11,7,11,14,9,8,11,8,9,13,16,13,16,11,10,7,
新竹,2025/05/23 00:00:00,RAINFALL,0,0,0,0,0,0,0,0,0,0,0,0,0,0,0,0,0,0,0,0,0,0,0,0,
新竹,2025/05/23 00:00:00,RH,83,83,86,87,85,81,79,70,*,*,*,x,x,x,x,x,*,*,*,*,*,*,*,*,
新竹,2025/05/23 00:00:00,SO2,0.1,0.5,0.4,0.6,0.8,1.4,2,1.6,1.2,0.8,0.5,1.7,0.8,0.5,0.7,0.5,1,1.2,0.7,0.8,0.7,0.5,0.7,0.7,
新竹,2025/05/23 00:00:00,THC,2.19,2.16,2.13,2.24,2.26,2.22,2.17,2.23,2.27,2.03,2.04,2.08,*,*,*,*,*,2.02,2.05,2.02,2.06,2.06,2.03,2.06,
新竹,2025/05/23 00:00:00,WD_HR,230,64,178,201,247,222,204,223,234,241,246,244,241,247,243,243,240,242,243,240,227,241,242,242,
新竹,2025/05/23 00:00:00,WIND_DIREC,263,305,179,265,243,216,215,237,234,241,245,248,239,252,245,239,240,243,245,241,219,240,239,244,
新竹,2025/05/23 00:00:00,WIND_SPEED,0.3,0.3,0.6,0.3,0.8,1,1,2.7,2.7,4.3,4.4,4.4,4.8,3.8,4.8,4.6,3,2.3,2.7,2.5,1.4,3,3.2,3.2,
新竹,2025/05/23 00:00:00,WS_HR,0.3,0.3,0.8,0.3,0.6,0.6,0.7,1.1,1.6,2.6,3.6,4.2,4.9,4.3,4.7,4.2,3.5,3,2.9,2.5,1.6,2.7,2.9,2.4,
新竹,2025/05/24 00:00:00,AMB_TEMP,#,#,#,#,#,#,#,#,#,#,#,24,24,23.9,23.9,24.1,23.8,23.6,23.5,23.5,23.3,23.1,23.1,22.8,
新竹,2025/05/24 00:00:00,CH4,*,2.06,2.03,1.99,2,2,2,2.02,2.03,2.03,2.11,2.19,2.14,2.14,2.11,2.12,2.13,2.13,2.15,2.12,2.13,2.14,2.17,2.15,
新竹,2025/05/24 00:00:00,CO,0.18,0.16,0.16,0.17,0.14,0.13,0.14,0.17,0.21,0.21,0.23,0.26,0.26,0.24,0.23,0.26,0.29,0.29,0.3,0.25,0.26,0.26,0.3,0.26,
新竹,2025/05/24 00:00:00,NMHC,#,0,0.01,0.01,0,0,0.01,0.03,0.04,0.04,0.05,0.09,0.06,0.03,0,0,0.02,0.01,0.02,0.01,0.01,0.02,0.06,0,
新竹,2025/05/24 00:00:00,NO,1.5,1.2,0.8,1.2,1.2,0.9,1.2,2.1,1.9,1.2,0.8,1.2,1.6,1.6,1.2,1.2,1,0.9,0.9,0.7,0.7,0.6,0.7,0.7,
新竹,2025/05/24 00:00:00,NO2,10,7.2,6.4,6.9,7.2,6.4,6.6,7.2,7.5,7.6,7.8,12,13.5,12,9.7,8.2,8.9,9.2,10.1,8.2,7.6,8.4,10.6,8.6,
新竹,2025/05/24 00:00:00,NOx,11.5,8.4,7.3,8.2,8.4,7.3,7.9,9.4,9.5,8.9,8.6,13.2,15.2,13.7,11,9.4,10,10.1,11,9,8.3,9.1,11.4,9.4,
新竹,2025/05/24 00:00:00,O3,7.1,9.9,11.3,12.2,13.9,13.8,13.7,14.5,14.7,25.1,32.3,28.6,30.6,33.7,36.8,38.5,40.1,38.6,38.2,39.1,39.1,37.5,32.3,41.8,
新竹,2025/05/24 00:00:00,PM10,16,18,11,8,10,13,13,10,14,14,7,1,4,6,4,3,6,13,12,11,6,4,7,7,
新竹,2025/05/24 00:00:00,PM2.5,5,7,9,7,8,7,8,8,8,7,4,2,1,5,6,4,4,7,9,8,10,8,3,7,
新竹,2025/05/24 00:00:00,RAINFALL,0,0,0,0,0,0,0,0,0,25,52,11,5.5,4.5,0,0,0,0,0,0,0,0,0,0,
新竹,2025/05/24 00:00:00,RH,*,*,*,*,*,*,*,*,*,*,#,99,97,96,94,91,90,91,90,91,91,90,92,92,
新竹,2025/05/24 00:00:00,SO2,1.8,2.1,1.5,1.9,2,2,1.7,2,1.6,1.5,1.7,2.5,0.3,0.3,0.3,0.6,0.6,0.5,0.7,0.4,0.7,0.5,0.8,0.7,
新竹,2025/05/24 00:00:00,THC,*,2.05,2.04,2,2,1.99,2.01,2.05,2.07,2.07,2.16,2.28,2.2,2.17,2.11,2.12,2.15,2.14,2.17,2.13,2.14,2.16,2.23,2.15,
新竹,2025/05/24 00:00:00,WD_HR,243,241,242,242,240,241,240,238,246,352,1,34,43,41,49,46,43,52,39,45,42,43,38,42,
新竹,2025/05/24 00:00:00,WIND_DIREC,243,242,244,239,241,242,215,244,252,37,285,33,51,47,50,51,48,60,41,33,41,41,48,26,
新竹,2025/05/24 00:00:00,WIND_SPEED,3.9,2.5,3.9,3,3.4,3,1,2.1,1.5,3.2,0.9,2,2.6,2,2.7,3.1,3.1,3.5,2.5,2.6,2.3,2.8,2.9,3.7,
新竹,2025/05/24 00:00:00,WS_HR,3.3,2.7,3.2,2.7,2.8,2.7,1.9,1.2,1.6,0.9,1,1.1,2.2,1.8,2.3,2.5,2.5,2.4,2.1,2.4,2.4,2.2,2,2.6,
新竹,2025/05/25 00:00:00,AMB_TEMP,21.6,21.8,22.2,22,22.5,22.6,22.4,22.4,22.5,22.3,21.5,20.6,20.2,19.6,20.4,20.6,20.5,21.3,21.9,22.3,22.5,22.5,22.5,22.5,
新竹,2025/05/25 00:00:00,CH4,*,*,2.07,2.05,2.06,2.06,2.06,2.06,2.06,2.08,2.11,2.1,2.09,2.07,2.08,2.07,2.06,2.09,2.07,2.05,2.05,2.06,2.06,2.05,
新竹,2025/05/25 00:00:00,CO,0.21,0.24,0.24,0.24,0.25,0.26,0.27,0.29,0.3,0.35,0.38,0.36,0.35,0.33,0.33,0.32,0.27,0.3,0.27,0.24,0.25,0.25,0.25,0.23,
新竹,2025/05/25 00:00:00,NMHC,#,#,0.01,0.02,0.01,0.02,0.02,0.03,0.04,0.06,0.08,0.06,0.05,0.04,0.04,0.04,0.03,0.05,0.05,0.03,0.03,0.03,0.05,0.02,
新竹,2025/05/25 00:00:00,NO,0.7,0.6,0.4,0.5,0.6,0.6,0.6,0.5,0.7,0.7,0.7,0.7,0.7,0.9,0.7,0.7,0.6,0.7,0.6,0.6,0.7,0.5,0.5,0.6,
新竹,2025/05/25 00:00:00,NO2,4.6,5.3,5.7,4.4,4.6,4.8,5.4,5.5,6.2,7.2,9.2,8.7,9.4,7.6,8.1,8.8,7.4,10,9.6,8.2,7.6,8.2,8.1,6.2,
新竹,2025/05/25 00:00:00,NOx,5.4,5.9,6.1,5,5.2,5.4,6.1,6,6.9,8,10,9.4,10.2,8.5,8.8,9.5,8,10.7,10.3,8.9,8.3,8.7,8.6,6.8,
新竹,2025/05/25 00:00:00,O3,57.5,60.5,63,64.2,63.7,64.9,65.2,67.6,70,68.1,62.1,62.8,61.6,64,59.2,57.4,55.5,49.6,50,56,58.2,58.6,58.5,64.2,
新竹,2025/05/25 00:00:00,PM10,13,22,32,32,27,34,35,30,33,32,28,22,23,24,*,18,20,24,21,18,20,23,24,24,
新竹,2025/05/25 00:00:00,PM2.5,9,17,24,19,28,27,27,15,25,24,20,21,22,25,22,18,15,15,19,15,19,18,17,13,
新竹,2025/05/25 00:00:00,RAINFALL,0,0,0,0,0,0,0,0,0,0,0,0,0.5,0.5,0,0,0.5,0,0,0,0,0,0,0,
新竹,2025/05/25 00:00:00,RH,85,80,75,79,74,74,76,76,77,78,85,87,86,88,85,84,80,76,70,65,66,66,68,68,
新竹,2025/05/25 00:00:00,SO2,0.3,1.4,1.5,1.4,1.4,1.6,1.7,1.3,1.5,1.5,1.5,1.1,1.6,1.2,1.2,1.3,1.6,1.4,1.4,1.6,1.4,1.5,1.5,1.6,
新竹,2025/05/25 00:00:00,THC,*,*,2.08,2.07,2.07,2.08,2.08,2.09,2.1,2.14,2.19,2.16,2.14,2.11,2.12,2.11,2.09,2.14,2.12,2.08,2.08,2.09,2.11,2.07,
新竹,2025/05/25 00:00:00,WD_HR,52,54,46,59,42,49,49,48,49,41,33,41,56,56,55,46,45,50,45,47,48,46,47,49,
新竹,2025/05/25 00:00:00,WIND_DIREC,52,41,50,42,39,48,45,51,45,28,32,56,58,41,65,36,52,44,42,41,43,35,47,44,
新竹,2025/05/25 00:00:00,WIND_SPEED,3.8,4,2.4,3.1,2.9,3.4,3.5,3.7,3.7,3.5,3.7,3.9,2.4,2.4,1.8,3.1,3.4,2.6,3.4,3.2,2.1,2.3,2.9,2.8,
新竹,2025/05/25 00:00:00,WS_HR,3,2.8,2.9,2.6,2.6,2.8,2.8,3,3.5,3.1,3,2.8,2.1,2.1,1.6,1.8,3,2.4,2.7,2.7,2.7,2.1,2.3,2.5,
新竹,2025/05/26 00:00:00,AMB_TEMP,22.3,22.2,22.2,21.8,20.6,20,19.4,19.4,19.2,19.2,19.5,20,20.2,20.4,20.3,20.1,19.9,20.1,20,20.3,20.3,20.4,20.7,20.6,
新竹,2025/05/26 00:00:00,CH4,2.07,2.09,2.08,2.06,2.04,2.05,2.07,2.09,2.1,2.11,2.1,2.1,2.11,2.09,2.07,2.08,2.1,2.1,2.16,2.14,2.19,2.14,2.1,2.11,
新竹,2025/05/26 00:00:00,CO,0.24,0.25,0.22,0.2,0.18,0.2,0.23,0.3,0.33,0.34,0.36,0.34,0.35,0.31,0.3,0.31,0.34,0.36,0.43,0.43,0.49,0.39,0.31,0.28,
新竹,2025/05/26 00:00:00,NMHC,0.04,0.05,0.03,0.04,0.02,0.02,0.03,0.07,0.09,0.13,0.15,0.13,0.18,0.12,0.13,0.12,0.13,0.13,0.29,0.2,0.24,0.17,0.08,0.09,
新竹,2025/05/26 00:00:00,NO,0.5,0.8,1,0.7,0.8,0.7,0.9,1,1.2,1.7,2.2,2.4,2.8,2.9,1.7,1.6,1.9,1.7,1.4,1.1,1,1,1.1,1,
新竹,2025/05/26 00:00:00,NO2,6.2,7.7,6.7,5.7,4.7,4.7,7,12.2,15.8,19,19.6,19.4,20.8,17.8,13.4,15.7,20.5,18.9,22.5,22.8,25.2,21.5,14.4,11.4,
新竹,2025/05/26 00:00:00,NOx,6.8,8.6,7.7,6.5,5.6,5.5,7.9,13.2,17.1,20.7,21.8,21.8,23.7,20.8,15.1,17.3,22.4,20.6,23.9,24,26.3,22.6,15.5,12.5,
新竹,2025/05/26 00:00:00,O3,60.9,60,62.3,62.3,65.6,65.9,59.8,51.4,47.3,42.8,41.1,33.4,31,36.6,41.2,36.1,27.1,23.2,26,25.1,20.6,27.3,37.4,37.1,
新竹,2025/05/26 00:00:00,PM10,25,26,23,19,15,18,15,17,13,19,14,#,15,13,11,13,10,8,15,11,16,16,10,8,
新竹,2025/05/26 00:00:00,PM2.5,17,19,16,11,11,16,11,10,14,15,16,15,#,12,13,15,7,9,16,12,18,15,9,6,
新竹,2025/05/26 00:00:00,RAINFALL,0,0,0,0,0,0,1.5,0,0.5,0,0,0,0,0,2.5,2,5,0.5,0,0,0,0,0,0,
新竹,2025/05/26 00:00:00,RH,70,70,69,73,84,87,94,96,95,95,93,91,91,91,92,94,97,98,96,94,94,92,92,92,
新竹,2025/05/26 00:00:00,SO2,1.5,2.3,2.6,2.7,2.1,1.6,1.7,1.8,1.7,1.9,1.8,1.8,2.1,2,1.7,2,2.1,1.6,2.2,2,2.1,2.7,2,1.8,
新竹,2025/05/26 00:00:00,THC,2.11,2.14,2.11,2.1,2.06,2.07,2.1,2.16,2.19,2.24,2.25,2.23,2.29,2.21,2.2,2.2,2.23,2.23,2.45,2.34,2.43,2.31,2.18,2.2,
新竹,2025/05/26 00:00:00,WD_HR,38,41,50,33,41,46,46,47,33,32,39,47,38,43,45,57,56,42,43,44,39,46,47,34,
新竹,2025/05/26 00:00:00,WIND_DIREC,36,53,47,39,41,55,37,26,34,28,60,51,21,40,36,55,29,36,72,32,50,50,23,33,
新竹,2025/05/26 00:00:00,WIND_SPEED,2.5,3,2.9,3.3,2.7,2.5,2.4,1.9,1.8,2.1,1.7,1.6,1.9,1.4,1.5,1.2,1.4,1.3,1.8,1.1,1.8,2,1,1.2,
新竹,2025/05/26 00:00:00,WS_HR,2.2,2.5,2.2,2.7,2.5,2.2,2.1,1.5,1.6,1.7,1.8,1.4,1.7,1.7,1.2,1.2,1,1.3,1.9,1.2,1.4,1.9,1.4,1.2,
新竹,2025/05/27 00:00:00,AMB_TEMP,20.4,20.2,20.1,19.9,19.9,19.8,20.7,21.6,23.4,25.9,27.9,29.6,30.4,31,29.9,29,28.6,27.7,26.5,26.2,25.7,25.5,25.3,25.2,
新竹,2025/05/27 00:00:00,CH4,2.21,2.42,2.82,2.9,3.49,2.31,2.21,2.13,2.1,2.07,2.08,2.05,2.05,2.04,2.02,2.03,2.03,2.05,2.07,2.08,2.06,2.09,2.07,2.08,
新竹,2025/05/27 00:00:00,CO,0.3,0.3,0.39,0.31,0.28,0.27,0.29,0.34,0.35,0.32,0.32,0.3,0.28,0.25,0.21,0.22,0.24,0.3,0.33,0.35,0.34,0.35,0.29,0.27,
新竹,2025/05/27 00:00:00,NMHC,0.15,0.14,0.2,0.16,0.2,0.08,0.09,0.07,0.07,0.07,0.07,0.1,0.11,0.07,0.08,0.08,0.13,0.17,0.19,0.14,0.11,0.12,0.08,0.07,
新竹,2025/05/27 00:00:00,NO,1,0.6,0.8,0.8,0.7,1.1,2.3,2.8,3.6,3.4,2.3,1.5,1.1,0.9,0.8,0.9,1.2,1.2,0.9,0.8,0.5,0.7,0.6,0.7,
新竹,2025/05/27 00:00:00,NO2,13.9,13.8,15.6,11.7,12.3,12.9,16.7,14.5,13.1,12.1,11,9.7,8.9,7.4,6,6.2,8.6,12,14.6,17.4,14.3,14.4,13.6,11.1,
新竹,2025/05/27 00:00:00,NOx,14.9,14.5,16.5,12.5,13.1,14,19.1,17.4,16.7,15.5,13.4,11.3,10.1,8.4,6.9,7.1,9.8,13.2,15.5,18.2,14.8,15.1,14.2,11.9,
新竹,2025/05/27 00:00:00,O3,34.2,30,12.5,18.6,18.4,13.8,20,26.6,29.1,37.1,49.4,67.6,75.8,73.1,62.2,57.3,50.9,43.1,36.9,31.8,31.2,27.9,29,29.8,
新竹,2025/05/27 00:00:00,PM10,7,13,11,12,8,11,13,13,13,14,15,15,20,19,23,17,15,19,8,8,7,7,6,5,
新竹,2025/05/27 00:00:00,PM2.5,6,5,12,8,4,11,9,10,12,8,10,9,8,5,8,6,6,6,13,10,11,11,7,5,
新竹,2025/05/27 00:00:00,RAINFALL,0,0,0,0,0,0,0,0,0,0,0,0,0,0,0,0,0,0,0,0,0,0,0,0,
新竹,2025/05/27 00:00:00,RH,93,94,96,96,96,96,93,91,86,77,70,64,61,61,68,73,74,78,81,81,83,84,84,84,
新竹,2025/05/27 00:00:00,SO2,1.8,1,1,0.9,1.1,1.3,1.7,1.7,1.6,1.6,1.7,1.7,1.6,1.5,1.7,2,2.2,2,2.1,1.8,1.7,1.5,1.4,1.3,
新竹,2025/05/27 00:00:00,THC,2.36,2.56,3.02,3.06,3.69,2.39,2.3,2.2,2.17,2.14,2.15,2.15,2.16,2.11,2.1,2.11,2.16,2.22,2.26,2.22,2.17,2.21,2.15,2.15,
新竹,2025/05/27 00:00:00,WD_HR,39,275,181,190,21,50,60,63,70,69,61,25,37,32,36,34,34,35,26,55,48,43,51,52,
新竹,2025/05/27 00:00:00,WIND_DIREC,300,216,163,335,44,69,67,63,90,41,12,14,24,33,42,44,35,44,25,65,40,49,72,68,
新竹,2025/05/27 00:00:00,WIND_SPEED,0.3,0.3,0.9,0.3,1.1,0.9,1.4,1.4,1.5,1.4,1,1.7,1.7,2.3,2.7,2.2,2.4,1.2,2.3,2,1.7,1.6,1.3,1.3,
新竹,2025/05/27 00:00:00,WS_HR,0.8,0.3,0.3,0.4,0.3,0.5,0.8,1,1.5,1.3,0.8,0.8,1.2,1.3,1.9,1.6,1.8,1.4,1.6,1.6,1.4,1.3,1.3,0.7,
新竹,2025/05/28 00:00:00,AMB_TEMP,24.8,24.3,24.2,24.1,24.1,24,24.3,25.1,26.5,27.6,28.2,27.5,26.5,26.6,27.1,26.8,25.9,25.5,25.3,25.2,24.7,24.2,23.4,23.3,
新竹,2025/05/28 00:00:00,CH4,2.08,2.07,2.07,2.11,2.08,2.08,2.08,2.07,2.1,2.08,2.17,2.12,2.11,2.08,2.01,2.05,2.07,2.06,2.07,2.17,2.19,2.19,2.18,2.16,
新竹,2025/05/28 00:00:00,CO,0.25,0.23,0.22,0.22,0.2,0.2,0.23,0.31,0.42,0.4,0.42,0.33,0.33,0.28,0.2,0.27,0.33,0.37,0.4,0.46,0.33,0.38,0.34,0.26,
新竹,2025/05/28 00:00:00,NMHC,0.06,0.05,0.04,0.04,0.03,0.02,0.04,0.06,0.09,0.1,0.16,0.09,0.11,0.06,0.03,0.05,0.09,0.1,0.1,0.17,0.19,0.27,0.2,0.13,
新竹,2025/05/28 00:00:00,NO,0.6,0.7,0.7,0.7,0.6,0.8,1.4,2.8,5,6.4,7.7,2.2,1.5,1.1,1,1.3,1.7,1.3,1.3,0.9,0.8,0.8,0.8,0.8,
新竹,2025/05/28 00:00:00,NO2,9.8,8.2,6.6,6.7,7.2,6,9.3,10.9,13.9,15,17.3,8.6,10.6,8.9,6.6,11.4,18.5,19.9,19.4,19.5,15.6,21.1,16.9,12.1,
新竹,2025/05/28 00:00:00,NOx,10.4,8.9,7.4,7.5,7.9,6.8,10.8,13.7,19,21.5,25,10.9,12.1,10.1,7.7,12.8,20.3,21.2,20.7,20.4,16.4,21.9,17.8,13,
新竹,2025/05/28 00:00:00,O3,30.8,27.9,26.1,22.7,20.9,22.1,20,18.7,16.7,15.8,17,39.7,41.6,52.1,54.1,46.3,32.4,26.5,22.4,19.5,33.7,26.9,30,34.8,
新竹,2025/05/28 00:00:00,PM10,3,6,7,9,6,6,6,6,9,17,20,19,12,9,5,7,13,14,12,19,10,11,16,5,
新竹,2025/05/28 00:00:00,PM2.5,6,4,3,2,2,3,2,4,3,9,13,15,11,7,4,2,10,8,8,13,10,12,9,7,
新竹,2025/05/28 00:00:00,RAINFALL,0,0,0,0,0,0,0,0,0,0,0,1,0,0,0,0.5,0,0,0,0,0.5,0.5,3.5,1.5,
新竹,2025/05/28 00:00:00,RH,87,90,91,92,91,91,90,86,81,77,78,80,86,85,67,73,82,82,83,84,85,87,94,97,
新竹,2025/05/28 00:00:00,SO2,1.5,0.8,1,1.1,1.1,1,0.8,1.1,1.2,1.2,2.1,1.9,1.7,1.3,0.9,1.3,1.2,1.6,1.5,1.5,1.3,1.4,1.5,0.9,
新竹,2025/05/28 00:00:00,THC,2.14,2.12,2.11,2.15,2.11,2.1,2.12,2.13,2.19,2.18,2.33,2.21,2.22,2.14,2.04,2.1,2.16,2.16,2.17,2.34,2.38,2.46,2.38,2.29,
新竹,2025/05/28 00:00:00,WD_HR,60,70,66,31,65,50,52,64,20,33,251,246,241,288,5,60,38,57,47,19,34,316,324,26,
新竹,2025/05/28 00:00:00,WIND_DIREC,63,71,42,29,37,51,64,58,14,297,247,249,261,296,219,70,5,67,53,267,14,269,343,10,
新竹,2025/05/28 00:00:00,WIND_SPEED,1.3,2.3,1,0.9,0.8,1.2,0.7,0.8,1.1,0.8,1.6,1.5,0.6,1.9,0.7,1.3,1.1,0.8,0.7,0.3,0.7,0.3,0.3,0.4,
新竹,2025/05/28 00:00:00,WS_HR,1,1.4,1.1,0.7,0.7,0.8,0.8,0.7,0.5,0.4,1.4,1.7,0.6,1.2,0.2,0.4,0.8,0.8,0.6,0.4,0.6,0.2,0.2,0.6,
新竹,2025/05/29 00:00:00,AMB_TEMP,23.3,23.1,22.9,22.7,22.8,22.8,22.9,23.3,23.9,23.9,23.9,23.5,23.1,22.8,22.7,22.6,22.6,22.5,22.3,22.2,22.4,22.5,22.2,21.6,
新竹,2025/05/29 00:00:00,CH4,2.19,2.2,2.2,2.16,2.19,2.19,2.23,2.25,2.17,2,2.03,2.03,2.03,2.03,2.04,2.04,2.03,2.03,2.05,2.04,2.04,2.07,2.05,2.01,
新竹,2025/05/29 00:00:00,CO,0.28,0.21,0.21,0.23,0.25,0.25,0.31,0.45,0.4,0.19,0.2,0.2,0.2,0.19,0.22,0.22,0.23,0.24,0.3,0.26,0.23,0.27,0.22,0.16,
新竹,2025/05/29 00:00:00,NMHC,0.16,0.14,0.09,0.09,0.09,0.09,0.12,0.22,0.13,0.03,0.05,0.1,0.08,0.07,0.07,0.12,0.09,0.07,0.1,0.07,0.05,0.08,0.06,0.02,
新竹,2025/05/29 00:00:00,NO,0.8,1.1,0.8,0.7,0.7,0.8,2.9,4.8,3.9,1,1,1,1,1,1.5,1.4,1.6,1.1,0.9,0.9,0.7,0.9,0.7,0.8,
新竹,2025/05/29 00:00:00,NO2,13.9,12,6.5,7.7,7.5,7.3,17.4,19.3,17,6.6,6.4,6.9,7.5,7.7,13.2,14.8,16,12,14,12.9,9.3,12.4,10.8,6.8,
新竹,2025/05/29 00:00:00,NOx,14.7,13.1,7.3,8.5,8.3,8.1,20.4,24.2,20.9,7.7,7.4,8,8.5,8.7,14.8,16.3,17.6,13.1,14.9,13.8,10.1,13.3,11.6,7.6,
新竹,2025/05/29 00:00:00,O3,24.9,28.8,34.7,25.1,17.8,22.9,10.3,9.9,23.6,43.3,43.8,45.1,47.4,47.7,40.3,40.7,40.7,44.8,40.4,42,45.4,38.7,43.2,50.5,
新竹,2025/05/29 00:00:00,PM10,6,6,1,0,0,0,0,3,6,2,0,0,5,4,3,1,3,3,2,5,3,5,4,3,
新竹,2025/05/29 00:00:00,PM2.5,13,9,6,8,5,4,4,6,6,2,2,2,3,2,9,5,1,3,8,5,1,6,5,2,
新竹,2025/05/29 00:00:00,RAINFALL,1.5,19.5,8,1.5,2,2.5,2.5,1,3,1,3.5,6,4.5,7,2.5,2,0.5,0,0,0,0,0,0.5,2,
新竹,2025/05/29 00:00:00,RH,98,99,99,99,99,99,99,99,99,99,98,98,97,97,96,95,94,91,89,88,86,86,89,94,
新竹,2025/05/29 00:00:00,SO2,1.2,0.8,1,0.7,1,1,0.9,0.9,1.3,1.2,1.1,1.3,1.1,1.1,1.3,1.1,0.8,0.8,1.1,1.1,1.4,1.1,0.9,0.8,
新竹,2025/05/29 00:00:00,THC,2.35,2.34,2.29,2.25,2.28,2.28,2.35,2.47,2.3,2.03,2.08,2.13,2.11,2.1,2.11,2.16,2.12,2.1,2.15,2.11,2.09,2.15,2.11,2.03,
新竹,2025/05/29 00:00:00,WD_HR,26,288,188,214,199,229,214,219,256,293,340,30,33,42,50,43,52,53,48,50,46,41,50,64,
新竹,2025/05/29 00:00:00,WIND_DIREC,2,160,171,212,270,206,195,174,297,288,34,337,34,42,54,39,40,37,40,51,35,49,62,81,
新竹,2025/05/29 00:00:00,WIND_SPEED,0.3,0.3,1.4,0.6,0.3,0.5,0.4,0.7,1.9,1.5,1.1,0.8,1.8,1.7,2.7,1.8,1.4,1.9,2.3,2,1.7,1.5,2,1.7,
新竹,2025/05/29 00:00:00,WS_HR,0.5,0.3,0.6,0.4,0.4,0.3,0.2,0.3,1.1,1,0.7,1.2,1.9,1.6,1.5,1.9,1.6,1.8,1.9,1.4,1.6,1.3,1.7,1.4,
新竹,2025/05/30 00:00:00,AMB_TEMP,21.5,21.5,21.6,21.9,22,22.2,22.8,23.4,24.5,26.1,27.4,28.2,28.8,28.9,28.5,27.9,27.9,27.2,26.2,25.3,24.6,24.1,23.6,23.5,
新竹,2025/05/30 00:00:00,CH4,2.02,2.01,2.05,2.05,2.07,2.06,2.03,2.04,2.03,2.01,2.02,2.03,2.03,2.03,2.02,2.02,2.03,2.04,2.05,2.07,2.06,2.08,2.08,2.1,
新竹,2025/05/30 00:00:00,CO,0.15,0.13,0.14,0.14,0.14,0.16,0.18,0.21,0.2,0.2,0.21,0.23,0.22,0.2,0.19,0.19,0.22,0.24,0.26,0.27,0.25,0.27,0.28,0.26,
新竹,2025/05/30 00:00:00,NMHC,0.01,0.01,0.01,0.01,0.02,0.02,0.02,0.03,0.03,0.03,0.04,0.06,0.05,0.05,0.05,0.05,0.07,0.06,0.07,0.07,0.06,0.07,0.06,0.05,
新竹,2025/05/30 00:00:00,NO,0.6,0.8,0.6,0.8,0.8,0.8,0.8,1.2,1.6,1.7,1.2,1.3,1,1.2,1.2,1.3,1.5,1.2,1,0.8,0.8,0.8,0.8,0.6,
新竹,2025/05/30 00:00:00,NO2,4.7,4.2,5.3,5,6.2,6.1,5.6,7.6,9.1,7.1,5.8,6.5,6.8,6.5,6.3,6.4,9,9.5,10.3,10.9,10.4,11.5,10.9,8.4,
新竹,2025/05/30 00:00:00,NOx,5.4,5,6,5.8,7,6.9,6.4,8.8,10.8,8.8,7.1,7.8,7.8,7.7,7.5,7.8,10.5,10.8,11.3,11.8,11.2,12.3,11.7,9.1,
新竹,2025/05/30 00:00:00,O3,51.3,52,44.5,44.2,39.8,44.9,50.4,45.9,49.1,55,59.4,65.6,70.1,62.9,60,56.1,52,51.7,46,42.4,41.5,40.7,39.4,42,
新竹,2025/05/30 00:00:00,PM10,2,2,6,5,7,9,12,15,15,16,15,22,26,23,29,46,31,25,22,28,23,25,25,21,
新竹,2025/05/30 00:00:00,PM2.5,2,3,3,3,5,6,8,7,12,13,14,11,19,13,10,15,20,18,17,20,18,19,16,16,
新竹,2025/05/30 00:00:00,RAINFALL,0.5,0,0,0,0,0,0,0,0,0,0,0,0,0,0,0,0,0,0,0,0,0,0,0,
新竹,2025/05/30 00:00:00,RH,95,92,92,90,89,88,82,81,75,67,57,54,52,56,58,59,58,58,61,63,64,66,70,70,
新竹,2025/05/30 00:00:00,SO2,0.9,1,1.7,1.3,1.4,1.3,0.9,1.5,1.8,1.7,1.7,1.8,1.7,1.7,2,1.6,1.8,2,2.1,1.5,1.6,1.6,1.5,0.9,
新竹,2025/05/30 00:00:00,THC,2.03,2.02,2.06,2.06,2.09,2.08,2.05,2.07,2.06,2.04,2.06,2.09,2.08,2.08,2.07,2.07,2.1,2.1,2.12,2.14,2.12,2.15,2.14,2.15,
新竹,2025/05/30 00:00:00,WD_HR,74,57,45,63,61,45,54,62,45,57,42,44,41,36,36,31,39,43,42,48,35,46,65,71,
新竹,2025/05/30 00:00:00,WIND_DIREC,80,56,44,55,53,39,58,52,60,44,49,65,40,36,37,30,57,41,57,57,33,54,91,9,
新竹,2025/05/30 00:00:00,WIND_SPEED,1.9,1.6,1.3,0.9,1.2,1.9,1.9,1.5,2.1,3.6,3.9,3.1,3.2,3.5,3.3,3.3,2.7,2.2,2.1,1.5,1.8,1.1,1.3,0.4,
新竹,2025/05/30 00:00:00,WS_HR,1.4,1.3,0.8,0.9,1.1,1.3,1.3,1.6,2,2.2,3.1,2.7,2.8,2.8,2.9,3.3,2.5,2.3,1.9,1.6,1.3,1.1,0.9,1.1,
新竹,2025/05/31 00:00:00,AMB_TEMP,23.3,23.3,23.4,23.5,23.1,23.4,23.9,25.6,27.9,29.1,30.8,31.2,31.5,31.3,30.4,29.8,29.6,29.4,28.3,27.9,27.9,27.7,27.3,27.1,
新竹,2025/05/31 00:00:00,CH4,2.11,2.11,2.18,2.21,2.12,2.26,2.09,2.07,2.06,2.08,2.06,2.06,2.04,2.03,2.02,2.01,2.06,2.16,2.17,2.11,2.07,2.11,2.2,2.09,
新竹,2025/05/31 00:00:00,CO,0.25,0.24,0.24,0.24,0.22,0.25,0.24,0.26,0.26,0.27,0.26,0.26,0.24,0.24,0.23,0.22,0.27,0.3,0.31,0.31,0.32,0.35,0.35,0.27,
新竹,2025/05/31 00:00:00,NMHC,0.05,0.05,0.04,0.06,0.04,0.06,0.03,0.03,0.03,0.06,0.04,0.03,0.03,0.02,0.01,0.01,0.03,0.05,0.05,0.08,0.05,0.07,0.07,0.02,
新竹,2025/05/31 00:00:00,NO,0.8,0.7,0.8,0.8,0.8,0.9,1.5,2,1.6,1.2,1.1,1,1.1,1.1,0.8,0.7,0.8,0.9,0.7,0.7,0.7,0.7,0.8,0.8,
新竹,2025/05/31 00:00:00,NO2,8.7,7.2,6.8,7.7,6.3,7.5,6.6,6.5,6.2,6.8,5.5,5.9,5.5,5.4,4.4,3.7,4.9,7.4,8.3,9.2,8.5,9.8,9.3,7.2,
新竹,2025/05/31 00:00:00,NOx,9.6,8,7.6,8.5,7.1,8.4,8.2,8.5,7.8,8,6.6,7,6.6,6.5,5.2,4.5,5.7,8.3,9,9.9,9.3,10.6,10.1,8,
新竹,2025/05/31 00:00:00,O3,32.8,35,34.2,26.8,26.4,23.9,19.6,24.6,36.1,57.4,62.8,66.6,62.6,70,73.2,75.4,75.8,71,67.7,67.9,67.7,61.7,53.6,59.3,
新竹,2025/05/31 00:00:00,PM10,26,24,17,20,20,20,23,16,18,27,21,22,19,19,23,19,22,26,25,39,24,26,26,29,
新竹,2025/05/31 00:00:00,PM2.5,16,16,18,13,17,15,15,14,13,19,12,19,10,13,12,12,16,18,17,32,18,17,24,14,
新竹,2025/05/31 00:00:00,RAINFALL,0,0,0,0,0,0,0,0,0,0,0,0,0,0,0,0,0,0,0,0,0,0,0,0,
新竹,2025/05/31 00:00:00,RH,75,75,74,77,79,79,80,73,66,63,58,58,57,59,62,63,65,69,74,77,78,80,83,86,
新竹,2025/05/31 00:00:00,SO2,0.8,0.6,0.6,0.6,0.7,0.5,0.9,1.1,1.3,1.9,1.5,1.9,2.1,1.7,1.6,1.6,1.8,1.6,1.5,1.9,1.4,1.6,1.3,1.5,
新竹,2025/05/31 00:00:00,THC,2.16,2.16,2.22,2.27,2.16,2.32,2.12,2.1,2.09,2.14,2.1,2.09,2.07,2.05,2.03,2.02,2.09,2.21,2.22,2.19,2.12,2.18,2.27,2.11,
新竹,2025/05/31 00:00:00,WD_HR,37,56,80,26,76,78,66,61,45,24,317,304,304,305,324,314,328,322,289,300,310,301,288,303,
新竹,2025/05/31 00:00:00,WIND_DIREC,49,59,91,37,294,79,32,60,48,318,280,320,311,303,334,337,311,297,292,296,355,303,272,343,
新竹,2025/05/31 00:00:00,WIND_SPEED,0.7,1.5,0.5,0.3,0.3,1.6,0.8,1.5,1.4,1.5,1.7,2.2,1.5,1.4,1.8,0.8,0.8,1.9,0.9,1.1,0.4,1.1,0.5,0.4,
新竹,2025/05/31 00:00:00,WS_HR,0.4,0.7,0.6,0.3,0.9,0.4,1.1,1,0.9,0.9,0.5,1.6,1.4,0.9,1.2,1,0.6,0.8,1,1.3,0.5,0.7,0.4,0.5,
新竹,2025/06/01 00:00:00,AMB_TEMP,26.9,26.6,26.3,26.2,25.9,25.9,26.4,27.1,29.2,30.8,31.8,32.4,32.4,31.1,30.7,30.7,30.4,29.8,29.1,28.9,28.8,28.7,28.6,28.7,
新竹,2025/06/01 00:00:00,CH4,2.3,2.24,2.37,2.33,2.29,2.26,2.24,2.13,2.13,2.09,2.07,2.05,2.05,2.02,2.02,2.01,2.02,2.02,2.04,2.03,2.03,2.04,2.05,2.06,
新竹,2025/06/01 00:00:00,CO,0.25,0.23,0.34,0.33,0.29,0.29,0.31,0.29,0.31,0.27,0.24,0.25,0.25,0.22,0.23,0.22,0.23,0.27,0.3,0.32,0.28,0.24,0.23,0.21,
新竹,2025/06/01 00:00:00,NMHC,0.01,0,0.08,0.08,0.06,0.05,0.06,0.04,0.06,0.06,0.04,0.05,0.04,0.02,0.03,0.02,0.03,0.03,0.03,0.05,0.04,0.02,0.03,0.02,
新竹,2025/06/01 00:00:00,NO,0.7,0.4,0.4,0.4,0.5,0.4,0.7,0.9,1.3,1,0.7,0.9,0.9,0.7,0.6,0.6,0.7,0.6,0.4,0.5,0.3,0.5,0.4,0.5,
新竹,2025/06/01 00:00:00,NO2,5.3,5.5,8.3,8.7,7.7,5.8,8.4,6.7,6.2,6.5,4.2,5.1,5.1,3.1,2.9,4,6.4,6.5,7.1,8.3,6.5,6.2,6,6.1,
新竹,2025/06/01 00:00:00,NOx,6.1,5.9,8.7,9.1,8.2,6.3,9.1,7.7,7.6,7.5,5,6,6.1,3.8,3.5,4.6,7.2,7.2,7.5,8.9,6.9,6.7,6.4,6.6,
新竹,2025/06/01 00:00:00,O3,60.6,52.9,27.9,29.9,31.1,29,31.3,40.9,44,52.4,57,57.9,58.3,58.6,63.4,60.7,51.6,56.3,58,57.9,59.3,53.9,48.2,35,
新竹,2025/06/01 00:00:00,PM10,26,28,28,29,29,30,32,29,23,18,20,14,18,20,18,21,17,18,21,17,22,19,23,11,
新竹,2025/06/01 00:00:00,PM2.5,20,21,19,23,24,19,24,28,19,12,16,11,11,9,15,16,15,18,19,19,16,15,16,8,
新竹,2025/06/01 00:00:00,RAINFALL,0,0,0,0,0,0,0,0,0,0,0,0,0,0,0,0,0,0,0,0,0,0,0,0,
新竹,2025/06/01 00:00:00,RH,88,90,89,90,91,90,90,87,72,60,58,57,57,63,67,67,71,74,78,81,84,86,88,89,
新竹,2025/06/01 00:00:00,SO2,1.2,0.5,0.4,0.3,0,0,0.7,0.6,0.7,1.2,0.6,1.1,1,0.4,0.5,0.8,1.4,1.1,1,0.6,0.3,0.6,0.6,0.2,
新竹,2025/06/01 00:00:00,THC,2.31,2.24,2.45,2.41,2.35,2.31,2.3,2.17,2.19,2.15,2.11,2.1,2.09,2.04,2.05,2.03,2.05,2.05,2.07,2.08,2.07,2.06,2.08,2.08,
新竹,2025/06/01 00:00:00,WD_HR,292,290,155,231,190,222,175,172,188,285,308,322,327,343,338,325,293,274,266,207,234,264,279,234,
新竹,2025/06/01 00:00:00,WIND_DIREC,295,93,171,274,251,214,174,177,176,301,310,335,346,344,335,328,256,290,229,170,287,205,275,246,
新竹,2025/06/01 00:00:00,WIND_SPEED,0.8,0.5,0.4,0.3,0.3,0.3,0.6,0.6,0.6,1.9,1.9,1.8,3,2.7,2.1,1.9,2.4,1.7,1.2,0.8,1,0.4,0.3,0.4,
新竹,2025/06/01 00:00:00,WS_HR,0.5,0.3,0.1,0.2,0.4,0.2,0.4,1,0.3,1.1,1.5,1.7,2,2.4,2,2.1,1.7,1.6,1.1,0.5,0.8,0.5,0.4,0.3,
新竹,2025/06/02 00:00:00,AMB_TEMP,28.6,28.6,28.7,29.1,28.7,28.1,28.2,29.6,31,32.5,32.4,32,32.3,32.6,32.3,31.9,31.3,30.6,30,29.9,30.6,30.4,30.2,29.7,
新竹,2025/06/02 00:00:00,CH4,2.09,2.11,2.16,*,*,*,*,2,1.99,1.98,2.01,1.99,1.96,1.96,1.96,1.96,1.97,1.97,1.97,1.99,1.98,1.99,1.97,1.99,
新竹,2025/06/02 00:00:00,CO,0.22,0.21,0.21,0.12,0.12,0.13,0.15,0.19,0.19,0.19,0.24,0.24,0.18,0.19,0.18,0.18,0.2,0.22,0.22,0.23,0.24,0.21,0.16,0.16,
新竹,2025/06/02 00:00:00,NMHC,0.04,0.04,0.01,#,#,#,#,0,0.01,0.01,0.03,0,0,0,0,0.06,0.02,0.02,0.01,0.02,0.03,0.01,0,0.01,
新竹,2025/06/02 00:00:00,NO,0.4,0.5,0.7,0.6,0.6,0.6,0.9,2.1,2.2,1.7,1.7,1.7,1.3,1.4,1.7,1.4,1.5,1.3,1,0.9,1,0.9,0.8,0.6,
新竹,2025/06/02 00:00:00,NO2,5.5,6.3,6.3,3.1,2.3,3.7,4.6,4.7,4.7,4,5.5,5.4,3.1,3.1,3.5,4,4.8,5.1,5.7,6.4,6.5,5.3,4,4,
新竹,2025/06/02 00:00:00,NOx,6,6.8,7,3.8,2.9,4.4,5.5,6.8,6.9,5.8,7.2,7.1,4.5,4.6,5.2,5.4,6.3,6.4,6.7,7.3,7.5,6.3,4.8,4.6,
新竹,2025/06/02 00:00:00,O3,29.2,19.9,15.6,21.8,21.7,19.8,20.8,19.6,22.6,29.9,38.1,37.1,29.7,28.8,28.8,31.2,31.2,27.6,23.5,19.2,17.2,17.2,18.4,17.4,
新竹,2025/06/02 00:00:00,PM10,17,9,12,6,3,7,9,9,5,8,17,19,10,17,20,17,20,21,16,21,12,10,9,16,
新竹,2025/06/02 00:00:00,PM2.5,7,10,9,4,0,6,3,10,9,8,12,12,7,6,6,10,10,14,10,7,8,8,5,3,
新竹,2025/06/02 00:00:00,RAINFALL,0,0,0,0,0,0,0,0,0,0,0,0,0,0,0,0,0,0,0,0,0,0,0,0,
新竹,2025/06/02 00:00:00,RH,89,85,84,81,84,88,87,81,75,67,72,73,71,71,73,75,79,82,85,84,76,76,76,80,
新竹,2025/06/02 00:00:00,SO2,0,1.3,0.9,0.9,0.8,0.6,0.5,0.7,0.8,0.6,0.9,0.8,0.6,0.3,0.3,0.5,0.5,0.8,0.4,0.3,0.2,0.1,0.2,0.4,
新竹,2025/06/02 00:00:00,THC,2.13,2.15,2.17,*,*,*,*,2,2,1.99,2.04,1.99,1.96,1.96,1.96,2.02,1.99,1.99,1.98,2.01,2.01,2,1.97,2,
新竹,2025/06/02 00:00:00,WD_HR,303,271,220,250,256,253,261,267,283,309,309,308,308,307,302,303,299,294,262,241,223,234,232,245,
新竹,2025/06/02 00:00:00,WIND_DIREC,287,282,220,258,259,255,258,270,298,315,311,308,307,297,307,307,295,291,241,231,232,225,242,258,
新竹,2025/06/02 00:00:00,WIND_SPEED,0.4,0.5,1.2,3.4,4,2.5,2.1,3.6,2.5,3.5,4.6,6.2,4.8,5.4,5.1,4.5,5.5,4.5,4.7,2.8,2,1.7,2.7,3.3,
新竹,2025/06/02 00:00:00,WS_HR,0.2,0.4,0.5,1.9,2.6,2.2,2.5,2.9,1.8,2.9,4.3,4.8,4.6,4.6,4.9,4.6,4.6,4.2,3.9,3.7,1.4,1.7,1.4,2.6,
新竹,2025/06/03 00:00:00,AMB_TEMP,29.4,29.3,29.1,28.9,29,29.1,29.6,30.5,31.2,30.4,29.8,29.2,27.5,26.7,25.3,24.9,24.6,24.4,24.5,24.6,24.6,24.5,24.6,24.7,
新竹,2025/06/03 00:00:00,CH4,1.98,*,*,*,*,*,*,1.99,2,2.01,2.03,2.07,2.05,*,2.12,2.11,2.1,2.11,2.13,2.11,2.12,2.13,*,*,
新竹,2025/06/03 00:00:00,CO,0.15,0.11,0.11,0.11,0.1,0.11,0.12,0.16,0.19,0.21,0.2,0.26,0.21,0.19,0.27,0.26,0.26,0.27,0.32,0.29,0.28,0.29,0.24,0.21,
新竹,2025/06/03 00:00:00,NMHC,0,#,#,#,#,#,#,0,0,0.02,0.02,0.11,0,#,0.05,0.07,0.01,0.02,0.03,0.01,0.02,0.05,#,#,
新竹,2025/06/03 00:00:00,NO,0.7,0.5,0.4,0.4,0.4,0.6,1.1,1.6,1.8,1.7,1.6,1.6,2.1,1.3,0.7,0.7,0.8,0.6,0.6,0.5,0.5,0.5,0.4,0.4,
新竹,2025/06/03 00:00:00,NO2,4.1,3.7,3.1,3.3,3.2,3.5,4,4.4,5,6.8,8.2,9.7,11.9,8.1,7,9.2,9.9,10.5,12.1,11.2,10.9,10.7,9.3,8.9,
新竹,2025/06/03 00:00:00,NOx,4.8,4.3,3.6,3.7,3.7,4.1,5.1,6,6.8,8.5,9.8,11.4,14,9.4,7.7,10,10.8,11.2,12.8,11.7,11.4,11.2,9.8,9.4,
新竹,2025/06/03 00:00:00,O3,17.3,17.5,18,17.4,18.1,17.5,17.7,19.1,19.9,15.6,14.3,13.9,14.7,22.8,37.3,39.2,42,42.5,37.6,40.8,40.9,38.6,41.2,40.4,
新竹,2025/06/03 00:00:00,PM10,11,10,14,12,8,16,13,13,12,8,11,7,25,2,0,4,9,6,6,3,3,6,7,5,
新竹,2025/06/03 00:00:00,PM2.5,5,9,8,6,5,4,8,8,8,9,7,6,3,5,4,6,4,4,6,4,3,3,2,1,
新竹,2025/06/03 00:00:00,RAINFALL,0,0,0,0,0,0,0,0,0,0.5,0,0,3,1,4.5,1.5,0,0,0,0,0,0,0,0,
新竹,2025/06/03 00:00:00,RH,81,81,81,83,82,82,79,76,75,77,77,83,96,98,96,96,92,92,90,87,85,85,84,85,
新竹,2025/06/03 00:00:00,SO2,0.1,0.2,0.1,0,0.3,0,0.1,0,0,0,0,0.4,0,0,0.2,0.4,0.3,0.3,0.2,0.5,0.6,0.8,0.6,0.4,
新竹,2025/06/03 00:00:00,THC,1.97,*,*,*,*,*,*,1.98,1.99,2.03,2.05,2.18,2.04,*,2.17,2.18,2.11,2.13,2.16,2.12,2.14,2.18,*,*,
新竹,2025/06/03 00:00:00,WD_HR,248,245,248,245,249,242,247,247,249,239,255,281,308,311,36,35,47,42,50,47,43,45,46,71,
新竹,2025/06/03 00:00:00,WIND_DIREC,246,245,242,251,244,248,249,246,238,218,269,340,296,10,31,37,47,46,53,41,54,58,38,84,
新竹,2025/06/03 00:00:00,WIND_SPEED,4.1,5.1,5.1,4.4,3.4,2.8,3.2,3.4,1.7,0.8,2.4,0.8,1.6,2,2.4,2.9,3.5,3.4,2.4,1.8,2.5,1.6,1.2,1.5,
新竹,2025/06/03 00:00:00,WS_HR,3.5,3.8,3.7,4,3.3,2,2.6,2.2,2,0.8,1.8,1.4,1.6,1.4,1.8,2,2.7,2.4,1.9,2.1,2,1.9,1.1,1.4,
新竹,2025/06/04 00:00:00,AMB_TEMP,24.3,23.8,23.5,23.5,23.5,23.4,23.3,23.6,24.1,25,25.8,26.7,26.9,27,26.3,25.3,25.7,25.6,24.5,24.8,24.7,24.8,24.6,24.5,
新竹,2025/06/04 00:00:00,CH4,*,*,2.15,2.17,2.17,2.07,2.07,2.1,2.07,2.05,2.07,#,#,#,2.07,2.08,2.08,2.1,2.11,2.07,2.11,2.09,2.07,2.07,
新竹,2025/06/04 00:00:00,CO,0.2,0.19,0.22,0.24,0.21,0.19,0.2,0.31,0.32,0.28,#,0.27,0.29,0.31,0.28,0.29,0.3,0.36,0.39,0.35,0.38,0.36,0.27,0.25,
新竹,2025/06/04 00:00:00,NMHC,#,#,0.07,0.13,0.09,0.06,0.05,0.08,0.06,0.06,0.09,#,#,#,0.12,0.16,0.13,0.14,0.14,0.1,0.12,0.09,0.05,0.04,
新竹,2025/06/04 00:00:00,NO,0.5,1,0.9,0.8,0.7,0.7,0.8,1.6,1.8,2.2,#,2.1,2.4,2.1,1.9,1.5,1.6,1.5,1.1,0.9,0.9,0.8,0.8,0.7,
新竹,2025/06/04 00:00:00,NO2,7.7,6.7,8.3,10.3,8,6.5,7,14.5,12.9,11.3,#,9.9,11.3,12.3,13,12.6,14.3,15,16.3,13.8,16.4,14.1,10.1,7.4,
新竹,2025/06/04 00:00:00,NOx,8.2,7.8,9.2,11.1,8.8,7.3,7.9,16.1,14.7,13.6,#,12.1,13.8,14.5,15,14.1,16,16.5,17.5,14.7,17.4,15,10.9,8.2,
新竹,2025/06/04 00:00:00,O3,39.1,38.9,33.4,30.9,32.9,43.4,41.1,29.4,35.5,38.2,38.8,#,#,33.1,33.2,32.8,31.9,27.3,23.5,23.4,17.3,17.2,21.3,21.3,
新竹,2025/06/04 00:00:00,PM10,8,6,5,9,6,1,0,2,1,6,7,#,6,5,9,17,9,10,9,7,7,7,7,4,
新竹,2025/06/04 00:00:00,PM2.5,1,2,8,9,7,4,1,3,4,6,#,2,5,4,4,9,12,9,8,6,2,2,3,3,
新竹,2025/06/04 00:00:00,RAINFALL,0,0.5,0.5,3.5,2,0.5,1,0.5,0,0,#,#,0,0,0,0,0,1,1.5,0,0,0,0,0,
新竹,2025/06/04 00:00:00,RH,88,93,97,98,98,97,98,97,94,88,85,81,80,80,85,92,86,87,95,92,92,93,93,94,
新竹,2025/06/04 00:00:00,SO2,0.5,0.9,0.9,0.9,1.1,0.9,1.2,1.1,1.2,1.3,#,0.3,0.6,0.9,1.5,1.2,1.2,1,1,0.8,1,1.1,1.2,1,
新竹,2025/06/04 00:00:00,THC,*,*,2.22,2.3,2.26,2.13,2.12,2.18,2.13,2.11,2.16,#,#,#,2.19,2.24,2.21,2.24,2.25,2.17,2.23,2.18,2.12,2.11,
新竹,2025/06/04 00:00:00,WD_HR,75,59,68,61,65,56,79,75,90,114,117,106,99,105,103,87,112,95,68,108,115,98,111,127,
新竹,2025/06/04 00:00:00,WIND_DIREC,43,61,76,66,54,73,76,75,95,119,117,99,93,97,105,85,114,60,102,111,152,111,109,135,
新竹,2025/06/04 00:00:00,WIND_SPEED,1,0.7,0.7,1.2,1.6,2.1,1.4,2.4,2.4,3,2.2,2.7,2.6,2,1.9,2.2,2.3,1.4,0.7,1.6,1.2,1.1,1.2,1.2,
新竹,2025/06/04 00:00:00,WS_HR,1.2,0.7,0.6,0.9,1.2,1.6,1.6,1.7,1.9,1.9,1.6,1.7,2.1,1.6,1.1,1.6,1.9,1.4,0.6,0.9,0.8,0.7,0.9,1,
新竹,2025/06/05 00:00:00,AMB_TEMP,24.5,24.5,24.7,24.7,24.8,24.6,23.9,24.3,25.1,27.3,29.5,29.7,29,28.1,27.7,28.5,28.6,27.7,27.2,#,#,NA,NA,NA,
新竹,2025/06/05 00:00:00,CH4,2.06,2.07,2.1,2.1,2.11,2.15,2.17,2.13,2.09,2.06,2.04,2.09,2.08,2.08,2.12,2.03,2.06,2.11,2.11,#,#,NA,NA,NA,
新竹,2025/06/05 00:00:00,CO,0.22,0.22,0.21,0.21,0.2,0.23,0.26,0.35,0.38,0.3,0.28,0.34,0.36,0.37,0.35,0.25,0.3,0.44,0.43,#,#,NA,NA,NA,
新竹,2025/06/05 00:00:00,NMHC,0.03,0.03,0.03,0.04,0.03,0.05,0.06,0.07,0.07,0.06,0.07,0.13,0.14,0.13,0.12,0.05,0.08,0.17,0.15,#,#,NA,NA,NA,
新竹,2025/06/05 00:00:00,NO,0.7,0.4,0.3,0.1,0.2,0.3,0.8,2.2,4.2,3.6,2.3,1.1,0.9,1.2,1.4,1.1,1.2,2.4,1,#,#,NA,NA,NA,
新竹,2025/06/05 00:00:00,NO2,5.9,5.4,5.8,5,5.2,7,11.4,13.4,14,10.4,8.6,10.2,13.5,14.7,14.7,7.9,10.9,19.2,17.7,#,#,NA,NA,NA,
新竹,2025/06/05 00:00:00,NOx,6.6,5.9,6.1,5.2,5.5,7.3,12.2,15.6,18.3,14.1,11,11.4,14.5,15.9,16.1,9,12.1,21.6,18.7,#,#,NA,NA,NA,
新竹,2025/06/05 00:00:00,O3,25.6,26.4,24.6,24.9,27.6,22.1,18.4,12.7,16.1,26.1,37.6,45.5,39.5,36.4,39.3,46.6,35,19.6,18.2,#,#,NA,NA,NA,
新竹,2025/06/05 00:00:00,PM10,8,10,9,11,15,15,10,8,10,10,7,17,13,16,8,10,9,12,10,#,#,NA,NA,NA,
新竹,2025/06/05 00:00:00,PM2.5,7,6,5,1,5,10,8,7,8,4,5,10,10,9,11,7,5,6,6,#,#,NA,NA,NA,
新竹,2025/06/05 00:00:00,RAINFALL,0,0,0,0,0,0.5,2,0,0,0,0,0,0,8.5,0.5,0,0,0,0,0.5,0,NA,NA,NA,
新竹,2025/06/05 00:00:00,RH,92,91,91,90,89,91,98,98,95,87,79,79,84,90,93,87,86,90,90,#,#,NA,NA,NA,
新竹,2025/06/05 00:00:00,SO2,0.9,0,0.1,0.3,0.2,0.3,0.6,0.2,0.5,0.4,0.5,0.5,0.2,0.3,0.1,0.9,0.8,0,0,#,#,NA,NA,NA,
新竹,2025/06/05 00:00:00,THC,2.09,2.1,2.13,2.14,2.14,2.2,2.23,2.2,2.16,2.12,2.11,2.22,2.22,2.21,2.24,2.08,2.14,2.28,2.26,#,#,NA,NA,NA,
新竹,2025/06/05 00:00:00,WD_HR,127,137,139,144,132,101,107,116,120,130,118,111,136,199,288,326,74,142,132,#,#,NA,NA,NA,
新竹,2025/06/05 00:00:00,WIND_DIREC,98,146,143,146,142,39,127,102,96,137,100,105,114,242,327,339,125,133,155,#,#,NA,NA,NA,
新竹,2025/06/05 00:00:00,WIND_SPEED,0.8,0.9,1,1.2,1.3,0.4,1,0.6,0.9,1.8,1.6,0.8,1,0.5,0.5,0.9,1,1.2,0.7,#,#,NA,NA,NA,
新竹,2025/06/05 00:00:00,WS_HR,0.8,0.8,0.8,1.1,0.8,0.5,0.3,0.5,0.8,0.9,0.7,0.9,0.6,0.4,0.4,0.5,0.3,0.8,0.7,#,#,NA,NA,NA,
新竹,2025/06/06 00:00:00,AMB_TEMP,NA,NA,NA,NA,NA,NA,NA,NA,NA,NA,#,29.3,29.5,29.2,29.2,29.3,29.4,28.8,28.5,28.5,28.5,28.5,28.4,28.2,
新竹,2025/06/06 00:00:00,CH4,NA,NA,NA,NA,NA,NA,NA,NA,NA,NA,#,1.95,2.01,#,*,#,2.06,2.04,2.05,2.12,2.19,2.22,2.26,2.37,
新竹,2025/06/06 00:00:00,CO,NA,NA,NA,NA,NA,NA,NA,NA,NA,NA,#,#,0.24,0.2,0.22,0.22,0.23,0.26,0.31,0.37,0.43,0.45,0.5,0.56,
新竹,2025/06/06 00:00:00,NMHC,NA,NA,NA,NA,NA,NA,NA,NA,NA,NA,#,0.09,0.02,#,#,#,0.03,0.04,0.04,0.07,0.19,0.19,0.22,0.22,
新竹,2025/06/06 00:00:00,NO,NA,NA,NA,NA,NA,NA,NA,NA,NA,NA,#,#,x,#,#,0.6,0.8,0.6,0.3,0.3,0.4,0.5,0.4,1,
新竹,2025/06/06 00:00:00,NO2,NA,NA,NA,NA,NA,NA,NA,NA,NA,NA,#,#,x,#,#,5.7,6.9,7.1,7.4,9.9,13.6,20.7,21.3,24.3,
新竹,2025/06/06 00:00:00,NOx,NA,NA,NA,NA,NA,NA,NA,NA,NA,NA,#,#,x,#,#,6.4,7.8,7.7,7.8,10.3,14.1,21.3,21.7,25.3,
新竹,2025/06/06 00:00:00,O3,NA,NA,NA,NA,NA,NA,NA,NA,NA,NA,#,x,#,44.9,44.3,45.1,42.1,42.6,39.9,34.6,22.9,13.2,10.5,5.3,
新竹,2025/06/06 00:00:00,PM10,NA,NA,NA,NA,NA,NA,NA,NA,NA,NA,A,0,0,2,4,14,12,9,16,9,13,25,21,24,
新竹,2025/06/06 00:00:00,PM2.5,NA,NA,NA,NA,NA,NA,NA,NA,NA,NA,A,0,1,5,10,8,4,5,3,1,1,23,16,19,
新竹,2025/06/06 00:00:00,RAINFALL,NA,NA,NA,NA,NA,NA,NA,NA,NA,NA,#,0,0,0,0,0,0,0,0,0,0,0,0,0,
新竹,2025/06/06 00:00:00,RH,NA,NA,NA,NA,NA,NA,NA,NA,NA,NA,#,85,84,83,83,83,83,85,85,85,86,86,88,90,
新竹,2025/06/06 00:00:00,SO2,NA,NA,NA,NA,NA,NA,NA,NA,NA,NA,#,#,#,#,#,0,0.5,0.3,0,0.2,0.4,0.5,0.3,0.3,
新竹,2025/06/06 00:00:00,THC,NA,NA,NA,NA,NA,NA,NA,NA,NA,NA,#,2.04,2.03,#,*,#,2.09,2.08,2.09,2.19,2.38,2.41,2.48,2.59,
新竹,2025/06/06 00:00:00,WD_HR,NA,NA,NA,NA,NA,NA,NA,NA,NA,NA,#,286,288,280,287,290,290,300,339,6,48,22,23,210,
新竹,2025/06/06 00:00:00,WIND_DIREC,NA,NA,NA,NA,NA,NA,NA,NA,NA,NA,#,278,306,291,300,291,290,313,276,348,75,350,35,210,
新竹,2025/06/06 00:00:00,WIND_SPEED,NA,NA,NA,NA,NA,NA,NA,NA,NA,NA,#,1.6,1.5,1.9,1,1.2,1.7,1.1,0.5,0.4,1,0.3,0.3,0.4,
新竹,2025/06/06 00:00:00,WS_HR,NA,NA,NA,NA,NA,NA,NA,NA,NA,NA,#,1.3,1.3,1.4,1.1,1,1.2,1.2,0.4,0.3,0.5,0.3,0.4,0.3,
新竹,2025/06/07 00:00:00,AMB_TEMP,27.9,27.4,27.3,27.3,27.5,27.5,27.8,28.9,30.4,31.6,32.3,32.1,31.9,32.1,31.5,30.7,30.7,30.2,29.7,29.6,29.5,29.4,29,28.7,
新竹,2025/06/07 00:00:00,CH4,2.5,2.38,2.32,2.2,2.22,2.43,2.53,2.18,2.11,2.11,2.1,2.09,2.1,2.09,*,*,2.03,2.02,2.02,2.04,2.05,2.11,2.17,2.16,
新竹,2025/06/07 00:00:00,CO,0.6,0.37,0.31,0.2,0.21,0.3,0.41,0.29,0.24,0.25,0.24,0.23,0.2,0.17,0.16,0.15,0.18,0.2,0.23,0.24,0.24,0.31,0.33,0.29,
新竹,2025/06/07 00:00:00,NMHC,0.23,0.12,0.05,0,0.02,0.1,0.15,0.05,0.03,0.02,0.01,0.02,0,0,#,#,0,0,0.01,0.01,0.02,0.04,0.05,0.04,
新竹,2025/06/07 00:00:00,NO,3.7,2.1,1.1,0.5,0.8,2.8,11.2,5.9,3.1,2,1.4,1.2,0.8,0.7,0.7,0.5,0.8,0.6,0.4,0.5,0.5,0.7,0.5,0.4,
新竹,2025/06/07 00:00:00,NO2,25.6,14.6,12.9,6.4,6.4,9.7,10.7,9.8,8,7.6,7.3,7.1,4.9,4,3.8,4.4,4.9,5,5.4,6.1,9.1,13.1,16.1,10.8,
新竹,2025/06/07 00:00:00,NOx,29.3,16.8,14,7,7.3,12.6,22,15.7,11.1,9.7,8.8,8.3,5.8,4.7,4.5,5,5.8,5.7,5.9,6.6,9.6,13.9,16.6,11.2,
新竹,2025/06/07 00:00:00,O3,0.4,1.7,4.7,7.9,7.1,2.9,2.4,9.9,20.8,32.5,43.2,46.3,47,41,45.2,42.7,34.5,34.1,33.2,27.6,19.9,13,11.3,17.6,
新竹,2025/06/07 00:00:00,PM10,21,24,16,11,18,15,18,17,20,23,21,20,16,15,15,11,8,7,7,7,6,5,8,11,
新竹,2025/06/07 00:00:00,PM2.5,14,10,19,11,7,6,8,8,7,13,15,11,10,11,8,4,3,1,1,8,7,5,5,5,
新竹,2025/06/07 00:00:00,RAINFALL,0,0,0,0,0,0,0,0,0,0,0,0,0,0,0,0,0,0,0,0,0,0,0,0,
新竹,2025/06/07 00:00:00,RH,92,94,95,92,90,91,90,84,80,77,74,76,76,73,77,82,80,81,83,83,82,84,87,88,
新竹,2025/06/07 00:00:00,SO2,0,0.8,0.6,0.5,0.4,0.6,0.7,1,0.9,0.9,1,1.5,0.8,0.5,0.3,0.3,0.3,0.2,0.1,0,0.3,0.3,0.1,0,
新竹,2025/06/07 00:00:00,THC,2.73,2.5,2.37,2.2,2.24,2.53,2.68,2.23,2.14,2.13,2.11,2.11,2.1,2.08,*,*,2.02,2.01,2.03,2.05,2.07,2.15,2.22,2.2,
新竹,2025/06/07 00:00:00,WD_HR,257,258,192,176,182,255,210,244,261,263,254,268,284,277,286,265,275,267,256,247,192,179,32,156,
新竹,2025/06/07 00:00:00,WIND_DIREC,226,266,194,180,169,285,197,260,255,263,264,275,269,280,255,266,299,255,241,203,186,72,73,301,
新竹,2025/06/07 00:00:00,WIND_SPEED,0.5,0.3,0.4,0.7,0.7,0.3,0.5,0.6,2.4,2.4,2.9,2.9,3.4,3.6,3.3,2.9,3.1,2,1,1.2,1,0.5,0.5,0.3,
新竹,2025/06/07 00:00:00,WS_HR,0.3,0.4,0.4,0.7,0.7,0.2,0.3,0.2,1.3,1.8,2.9,2.2,2.1,2.7,2.4,2.2,2.2,2.2,1.1,0.9,0.8,0.3,0.4,0.2,
新竹,2025/06/08 00:00:00,AMB_TEMP,28.6,28.5,28.3,28.1,27.9,27.8,28.2,29.2,30.2,30.6,31.1,31,31.9,32.3,32.4,32.5,31.8,31,30.2,29.8,29.9,29.9,29.6,29.4,
新竹,2025/06/08 00:00:00,CH4,2.4,2.25,2.36,2.32,2.32,2.32,2.28,2.22,2.13,2.14,*,*,*,*,*,*,*,*,*,*,2.09,2.14,2.2,2.19,
新竹,2025/06/08 00:00:00,CO,0.38,0.26,0.28,0.25,0.22,0.22,0.25,0.29,0.28,0.24,0.18,0.16,0.19,0.15,0.14,0.15,0.18,0.24,0.21,0.21,0.26,0.27,0.26,0.24,
新竹,2025/06/08 00:00:00,NMHC,0.09,0.05,0.02,0.02,0,0.01,0.01,0.03,0.04,0,#,#,#,#,#,#,#,#,#,#,0,0.02,0.03,0.01,
新竹,2025/06/08 00:00:00,NO,1.2,1.1,1.1,1.1,1.3,1.6,3.2,5.3,3.9,3.5,2.8,1.6,2,1.9,1.6,1.5,1.4,1.7,1.1,0.9,1.1,1,1.1,1.2,
新竹,2025/06/08 00:00:00,NO2,16.2,10.4,11,10.4,9.2,9,8.4,8.9,9.1,9.6,6.4,4.5,4.4,3.8,3.1,2.9,4,8,6.2,5.1,8.4,11.9,14.7,11.3,
新竹,2025/06/08 00:00:00,NOx,17.5,11.5,12.2,11.6,10.5,10.7,11.7,14.3,13.1,13.2,9.2,6.1,6.5,5.8,4.7,4.5,5.5,9.7,7.3,6.1,9.5,13,15.9,12.5,
新竹,2025/06/08 00:00:00,O3,5.6,9.6,6.4,5.3,4.6,5.9,4.2,9.4,15.3,23,30.8,31.1,28.2,25.5,23.6,25.4,30.2,25.6,28.1,26.3,19.4,13.5,10.1,16.2,
新竹,2025/06/08 00:00:00,PM10,12,16,14,19,18,13,12,14,13,17,12,7,6,4,6,8,3,1,4,4,8,7,7,10,
新竹,2025/06/08 00:00:00,PM2.5,8,4,11,10,11,11,8,11,7,11,9,11,7,3,1,1,0,0,0,0,6,10,6,3,
新竹,2025/06/08 00:00:00,RAINFALL,0,0,0,0,0,0,0,0,0,0,0,0,0,0,0,0,0,0,0,0,0,0,0,0,
新竹,2025/06/08 00:00:00,RH,89,88,89,90,90,90,87,84,80,80,80,79,73,69,67,68,74,78,82,84,83,84,87,89,
新竹,2025/06/08 00:00:00,SO2,0.4,0,0,0.2,0.2,0,0,#,1.3,1.9,1.8,0.8,1.2,0.7,0.6,0.6,0.9,1.4,0.6,0.3,0.4,0.5,0.6,0.9,
新竹,2025/06/08 00:00:00,THC,2.49,2.3,2.38,2.34,2.32,2.33,2.29,2.25,2.17,2.14,*,*,*,*,*,*,*,*,*,*,2.09,2.16,2.23,2.2,
新竹,2025/06/08 00:00:00,WD_HR,215,270,234,208,257,284,245,246,278,271,289,307,303,297,297,304,313,308,309,310,246,39,20,30,
新竹,2025/06/08 00:00:00,WIND_DIREC,281,256,273,213,225,244,260,260,280,277,317,299,301,299,298,316,308,312,312,278,340,55,345,163,
新竹,2025/06/08 00:00:00,WIND_SPEED,0.5,0.6,0.3,0.9,0.5,0.6,0.5,1.5,2,3.3,2.2,3.5,3.1,2.5,3.4,2.4,2.3,1.9,1.5,0.5,0.3,0.5,0.4,0.7,
新竹,2025/06/08 00:00:00,WS_HR,0.5,0.8,0.4,0.6,0.4,0.5,0.5,0.7,1.6,2.5,2.2,2.4,2.7,2.7,2,2,2.2,1.9,1.2,1.1,0.4,0.2,0.3,0.1,
新竹,2025/06/09 00:00:00,AMB_TEMP,29.1,28.8,28.9,28.6,28.3,28.3,28.5,29.2,31,32.1,31.1,31.2,31.4,31.3,31.3,32.1,32.3,32.3,31.3,30.8,30.5,30.1,29.5,29,
新竹,2025/06/09 00:00:00,CH4,2.23,*,*,*,*,*,2.19,2.19,2.11,2.13,#,#,#,x,*,*,#,1.97,2.03,2.03,2.05,2.14,2.12,2.14,
新竹,2025/06/09 00:00:00,CO,0.26,0.17,0.15,0.21,0.17,0.18,0.22,0.29,0.21,0.23,0.22,0.3,0.18,0.12,0.12,0.12,0.12,0.15,0.28,0.28,0.29,0.39,0.29,0.24,
新竹,2025/06/09 00:00:00,NMHC,0.02,#,#,#,#,#,0,0.03,0,0,#,#,#,x,#,#,#,0.02,0.06,0.07,0.09,0.12,0.08,0.06,
新竹,2025/06/09 00:00:00,NO,1.6,0.7,0.6,0.6,0.6,1.4,3.3,5.6,4.2,2.7,1.9,1,0.9,0.9,0.9,1.4,1.9,1.5,1.3,0.9,0.9,2.6,2.7,1.8,
新竹,2025/06/09 00:00:00,NO2,13.6,7.2,6.3,8.4,8.9,8.3,9,9.8,7.5,6.9,7.8,6.9,5.2,3.6,3.5,3.9,4.1,4.6,10.8,11.6,11.8,17,14,12.1,
新竹,2025/06/09 00:00:00,NOx,15.3,7.9,6.9,9,9.5,9.7,12.4,15.4,11.7,9.7,9.7,7.9,6.1,4.5,4.5,5.4,6,6.2,12.1,12.6,12.7,19.7,16.8,14,
新竹,2025/06/09 00:00:00,O3,7.1,18,16.6,5.5,4.4,4.1,5.4,6.2,15.9,24,35.1,48.5,43.3,34.4,28.9,21.1,15.1,16.1,14.8,13.4,10.4,1.6,1.1,1.1,
新竹,2025/06/09 00:00:00,PM10,14,8,6,16,10,16,19,16,15,18,21,#,15,13,7,2,3,4,4,7,5,14,14,14,
新竹,2025/06/09 00:00:00,PM2.5,3,5,7,7,6,5,11,8,9,5,#,22,16,8,2,0,0,0,13,8,7,10,10,5,
新竹,2025/06/09 00:00:00,RAINFALL,0,0,0,0,0,0,0,0,0,0,0,0,0,0,0,0,0,0,0,0,0,0,0,0,
新竹,2025/06/09 00:00:00,RH,89,92,93,92,91,90,89,86,77,73,79,79,79,79,78,73,69,68,74,74,77,82,84,85,
新竹,2025/06/09 00:00:00,SO2,1,0.6,0.3,0.5,0.5,0.7,0.8,0.8,0.5,0.5,1.2,1.6,0.8,#,#,#,0.2,0.3,0.5,0.7,0.8,0.6,0.6,0.6,
新竹,2025/06/09 00:00:00,THC,2.25,*,*,*,*,*,2.18,2.22,2.11,2.13,#,#,#,x,*,*,#,1.99,2.09,2.1,2.14,2.26,2.2,2.2,
新竹,2025/06/09 00:00:00,WD_HR,95,336,314,257,244,250,245,253,245,311,342,339,342,341,336,324,288,340,160,146,209,136,109,135,
新竹,2025/06/09 00:00:00,WIND_DIREC,8,306,305,239,287,257,349,256,226,320,347,351,326,357,319,308,249,102,301,145,186,127,84,73,
新竹,2025/06/09 00:00:00,WIND_SPEED,0.5,1,1.5,0.9,0.3,0.6,0.3,1,1,2.4,1.6,2.4,2.9,2.4,2,1.8,1.4,1.4,0.5,1.1,1.1,0.6,0.9,0.5,
新竹,2025/06/09 00:00:00,WS_HR,0.5,0.7,1.2,0.6,0.7,0.6,0.6,0.6,0.8,1.6,1.7,1.9,2.2,2.3,1.7,2,1.2,0.1,0.5,0.5,0.3,0.6,0.3,0.5,
新竹,2025/06/10 00:00:00,AMB_TEMP,28.7,28.3,27.8,27.8,27.6,27.6,28.6,29.8,31.5,32.7,32.8,32.8,33.2,32.9,32.4,32.5,32,30.8,29.8,29.4,29.4,29.7,29.5,28.9,
新竹,2025/06/10 00:00:00,CH4,2.15,2.17,2.08,2.06,2.04,2.03,2.03,2.03,2.07,2.14,2.09,2.02,2.02,1.95,1.94,1.97,1.96,1.94,1.96,1.96,1.98,2.07,2.15,1.98,
新竹,2025/06/10 00:00:00,CO,0.21,0.18,0.15,0.14,0.14,0.14,0.17,0.24,0.32,0.28,0.26,0.23,0.2,0.14,0.13,0.13,0.14,0.16,0.17,0.2,0.22,0.3,0.25,0.12,
新竹,2025/06/10 00:00:00,NMHC,0.06,0.05,0.03,0.04,0.03,0.03,0.03,0.06,0.14,0.14,0.09,0.06,0.04,0.02,0.02,0.02,0.02,0.03,0.03,0.05,0.08,0.11,0.08,0.02,
新竹,2025/06/10 00:00:00,NO,1.6,1.2,0.9,0.6,0.6,0.8,2.3,4,7.2,3.2,2,1.2,1,0.9,1.3,1.8,1.4,1.7,0.8,0.5,0.5,0.6,0.6,0.4,
新竹,2025/06/10 00:00:00,NO2,11,9.8,7.7,5.9,6.1,5.5,6.1,8,13.2,12.6,10.7,7.3,5.8,5,5.4,7,5.3,7.5,6.8,6.2,7,10.6,12.6,6.1,
新竹,2025/06/10 00:00:00,NOx,12.7,11.1,8.7,6.5,6.8,6.4,8.4,12,20.5,15.9,12.7,8.5,6.9,5.9,6.7,8.9,6.7,9.2,7.7,6.7,7.6,11.2,13.3,6.6,
新竹,2025/06/10 00:00:00,O3,0.8,1.1,2.6,6.2,6.5,7.8,9.1,10.9,17.6,40.1,51.4,60.8,54.7,45.3,39,36.3,33.1,26.3,36.5,34.6,33.3,25.6,21.6,28.6,
新竹,2025/06/10 00:00:00,PM10,20,15,18,16,19,13,13,13,15,25,22,16,16,10,14,10,9,9,14,17,10,13,16,11,
新竹,2025/06/10 00:00:00,PM2.5,9,8,7,9,6,3,0,10,9,8,10,11,8,5,6,5,8,8,5,9,8,5,7,7,
新竹,2025/06/10 00:00:00,RAINFALL,0,0,0,0,0,0,0,0,0,0,0,0,0,0,0,0,0,0,0,0,0,0,0,0,
新竹,2025/06/10 00:00:00,RH,85,86,86,85,84,84,80,76,70,69,73,73,70,71,75,73,73,79,86,88,88,87,88,92,
新竹,2025/06/10 00:00:00,SO2,1.5,0.8,0.9,0.9,1.1,0.7,0.6,0.8,1.1,1.7,1.6,1.1,1,0.7,0.6,0.4,0.1,0.6,1.2,1,0.5,1.4,2.1,1.1,
新竹,2025/06/10 00:00:00,THC,2.21,2.22,2.11,2.1,2.07,2.06,2.06,2.09,2.21,2.28,2.18,2.08,2.06,1.97,1.96,1.99,1.98,1.97,1.99,2.01,2.06,2.18,2.23,2,
新竹,2025/06/10 00:00:00,WD_HR,139,135,144,142,147,173,148,141,127,352,353,350,349,355,350,355,348,353,17,352,354,321,340,338,
新竹,2025/06/10 00:00:00,WIND_DIREC,148,154,156,157,157,159,148,176,157,345,1,0,351,346,356,345,347,355,103,350,348,312,356,349,
新竹,2025/06/10 00:00:00,WIND_SPEED,1.4,1.7,1.6,1,0.5,0.9,1.8,0.6,1.7,2.5,1.3,1.8,2.4,1.7,1.9,2.2,1.4,2.8,1.4,2,0.8,1.2,1.8,1.6,
新竹,2025/06/10 00:00:00,WS_HR,0.6,0.7,0.7,0.7,0.8,0.8,0.9,0.6,0.5,1.1,1.9,2.4,1.7,0.9,1.9,1.1,1.8,1.6,0.7,1.3,1,0.7,1,1.2,
新竹,2025/06/11 00:00:00,AMB_TEMP,28.6,28.5,28.7,28.6,28.6,28.7,29.3,29.8,31,32.1,32.5,31.9,32,31.9,31.5,31.5,31.6,30.9,30.1,29.7,29.7,29.5,29.1,29.3,
新竹,2025/06/11 00:00:00,CH4,1.96,1.94,*,2.01,2.02,2.05,2.07,2.06,2.05,2.04,1.98,1.94,1.94,1.94,1.94,1.95,1.96,1.98,2.02,2.01,2.06,2.05,2.02,2.06,
新竹,2025/06/11 00:00:00,CO,0.11,0.09,0.09,0.1,0.09,0.11,0.14,0.2,0.21,0.18,0.13,0.13,0.12,0.11,0.12,0.13,0.15,0.17,0.2,0.2,0.24,0.24,0.17,0.16,
新竹,2025/06/11 00:00:00,NMHC,0.01,0,#,0,0,0.01,0.02,0.04,0.06,0.05,0.03,0.02,0.01,0.01,0,0.01,0.01,0.02,0.03,0.03,0.04,0.04,0.01,0.02,
新竹,2025/06/11 00:00:00,NO,0.5,0.2,0.4,0.5,0.5,0.7,2.1,3.1,2.7,2.2,1.2,1.1,1.1,0.9,0.9,0.8,0.8,0.7,0.6,0.6,0.6,0.7,0.6,0.6,
新竹,2025/06/11 00:00:00,NO2,3.8,2.7,3,3.8,3.7,4.6,7.9,9.2,8.1,7.9,5.1,3.8,3.6,3.7,4,3.6,4.2,5.5,6.3,6.2,7.8,10,7,6.1,
新竹,2025/06/11 00:00:00,NOx,4.4,3,3.5,4.4,4.2,5.4,10,12.3,10.9,10.2,6.4,5,4.8,4.6,5,4.5,5,6.2,6.9,6.8,8.4,10.7,7.6,6.8,
新竹,2025/06/11 00:00:00,O3,31.9,30.3,27.3,24,21.1,17.2,14.7,15.7,22.8,33.2,33.3,33.6,34.5,41.9,42,46.9,46.7,41.3,40.8,43.1,32.5,28.6,31.6,27.4,
新竹,2025/06/11 00:00:00,PM10,9,8,6,9,9,9,8,13,19,17,11,12,11,10,12,10,20,20,30,28,29,35,29,36,
新竹,2025/06/11 00:00:00,PM2.5,5,4,6,5,4,9,7,7,4,8,8,12,7,8,5,6,5,16,5,16,9,9,8,9,
新竹,2025/06/11 00:00:00,RAINFALL,0,0,0,0,0,0,0,0,0,0,0,0,0,0,0,0,0,0,0,0,0,0,0,0,
新竹,2025/06/11 00:00:00,RH,93,92,89,89,88,88,85,82,77,74,75,78,77,77,78,78,79,83,88,89,90,91,93,92,
新竹,2025/06/11 00:00:00,SO2,1.1,1.2,1.8,1.3,0.9,1.2,0.9,2,1,1,0.6,0.8,0.7,0.8,0.9,0.6,0.8,1.1,1,0.8,1.3,1.7,1.1,0.8,
新竹,2025/06/11 00:00:00,THC,1.97,1.94,*,2,2.01,2.06,2.09,2.1,2.11,2.09,2.01,1.96,1.95,1.95,1.94,1.96,1.97,2,2.05,2.04,2.1,2.09,2.03,2.08,
新竹,2025/06/11 00:00:00,WD_HR,332,337,309,307,305,293,277,6,33,22,348,353,353,350,351,6,15,59,349,348,319,294,298,236,
新竹,2025/06/11 00:00:00,WIND_DIREC,355,308,299,305,311,294,286,84,103,348,344,9,355,343,354,347,350,87,347,316,310,259,273,244,
新竹,2025/06/11 00:00:00,WIND_SPEED,1.2,0.8,0.7,1,1,0.4,0.4,1,1.8,1.7,2.1,2.1,1.7,2.5,1.7,1.8,1.2,1.2,1,1.5,1.4,0.8,0.4,1.1,
新竹,2025/06/11 00:00:00,WS_HR,1.1,1.2,1,0.9,1.3,0.5,0.3,0.6,0.6,0.4,1.9,2,1.4,1.7,1.4,1,0.6,0.4,1.1,1.4,1,0.8,1,0.7,
新竹,2025/06/12 00:00:00,AMB_TEMP,29.2,29.1,28.8,28.3,28.1,28.3,28.6,29.7,30.6,30.5,30.8,30.9,30.2,28.5,28.2,28.6,29.3,29.2,29.4,28.8,28.5,27.5,27.2,27,
新竹,2025/06/12 00:00:00,CH4,2.09,2.11,2.12,2.14,2.1,2.18,2.17,2.18,2.27,2.18,2.14,2.12,2.16,2.05,2.01,2.01,2.04,2.1,2.14,2.11,2.12,2.16,2.14,2.1,
新竹,2025/06/12 00:00:00,CO,0.16,0.16,0.15,0.15,0.13,0.15,0.2,0.29,0.27,0.26,0.23,0.26,0.3,0.19,0.16,0.17,0.22,0.33,0.47,0.41,0.37,0.4,0.24,0.18,
新竹,2025/06/12 00:00:00,NMHC,0.02,0.02,0,0.02,0,0.01,0.03,0.09,0.11,0.07,0.06,0.06,0.11,0.05,0.04,0.04,0.04,0.08,0.14,0.12,0.12,0.12,0.06,0.03,
新竹,2025/06/12 00:00:00,NO,0.6,0.5,0.4,0.5,0.6,0.9,3,3.9,3.8,1.8,1.6,0.9,1,2.6,4.3,4.1,5.7,7.5,6.1,6.3,8.3,10.5,3.8,0.8,
新竹,2025/06/12 00:00:00,NO2,7,6.1,5.7,7.5,7.2,6.6,9.2,11,11.6,10.3,9.8,9.6,13.6,12,8.9,7.7,9.6,13.8,18.7,15.8,12.3,10.3,10.1,7.8,
新竹,2025/06/12 00:00:00,NOx,7.6,6.7,6.1,8,7.9,7.6,12.3,15,15.4,12.1,11.5,10.5,14.6,14.7,13.2,11.8,15.4,21.3,24.8,22.2,20.6,20.9,14,8.7,
新竹,2025/06/12 00:00:00,O3,24.9,26.3,21.6,4.2,3.4,5.9,5.7,13.2,18.6,28,37.6,47.3,35.2,10.8,6.9,8,6.1,3.2,1.6,0,#,#,4.6,10,
新竹,2025/06/12 00:00:00,PM10,34,30,35,20,17,17,17,23,29,33,39,36,27,10,8,7,9,18,16,16,20,14,11,12,
新竹,2025/06/12 00:00:00,PM2.5,8,15,16,10,5,11,13,19,15,16,20,20,19,9,6,3,2,2,11,8,8,8,8,9,
新竹,2025/06/12 00:00:00,RAINFALL,0,0,0,0,0,0,0,0,0,0,0,0,0.5,0.5,0,0.5,0,0,0,0,0.5,1.5,2.5,0.5,
新竹,2025/06/12 00:00:00,RH,92,92,91,84,81,82,81,80,77,83,82,82,85,86,86,83,80,82,82,85,87,95,97,96,
新竹,2025/06/12 00:00:00,SO2,0,1.1,2.1,1.4,1.7,1.5,1.6,1.8,1.7,1.3,1.3,1.4,1.1,0.6,0.5,0.6,0.8,0.9,0.7,0.9,1.4,0.9,0.3,0.7,
新竹,2025/06/12 00:00:00,THC,2.11,2.13,2.12,2.16,2.1,2.19,2.2,2.27,2.38,2.25,2.2,2.18,2.27,2.1,2.05,2.05,2.08,2.18,2.28,2.23,2.24,2.28,2.2,2.13,
新竹,2025/06/12 00:00:00,WD_HR,232,245,220,110,125,201,80,59,62,309,312,321,112,112,114,152,126,126,138,134,132,81,225,213,
新竹,2025/06/12 00:00:00,WIND_DIREC,221,285,134,87,138,241,335,105,32,292,30,267,111,99,108,228,126,138,142,133,135,300,214,203,
新竹,2025/06/12 00:00:00,WIND_SPEED,1,0.4,0.8,0.4,0.7,1.1,0.4,0.8,0.9,1.8,1,1.3,1.5,2.1,2.7,1.8,1.4,0.6,1.5,1.3,1,0.6,0.9,1.4,
新竹,2025/06/12 00:00:00,WS_HR,0.7,0.6,0.9,0.3,0.7,0.3,0.3,0.2,0.5,1.2,0.9,0.7,0.6,1.2,1.5,1.2,0.8,0.6,0.6,1.1,1.1,0.3,0.6,0.7,
新竹,2025/06/13 00:00:00,AMB_TEMP,26.7,26.8,26.7,26.8,26.6,26.9,26.9,28.5,29.5,30,29.6,28.1,28,28.3,28.6,29.2,28.4,28.2,27.1,27.6,27.8,26.8,27.8,28.5,
新竹,2025/06/13 00:00:00,CH4,2.1,2.21,2.15,2.15,2.19,2.16,2.21,2.08,2.03,2.04,1.99,2,1.98,1.99,1.99,1.99,1.98,1.99,2,2.01,2,2.01,2.01,2.01,
新竹,2025/06/13 00:00:00,CO,0.17,0.16,0.13,0.13,0.13,0.16,0.24,0.27,0.25,0.22,0.17,0.18,0.16,0.18,0.15,0.17,0.18,0.21,0.22,0.19,0.17,0.17,0.14,0.11,
新竹,2025/06/13 00:00:00,NMHC,0.02,0.04,0.06,0.06,0.07,0.07,0.1,0.09,0.1,0.08,0.07,0.07,0.07,0.08,0.05,0.08,0.06,0.07,0.07,0.06,0.05,0.04,0.04,0.02,
新竹,2025/06/13 00:00:00,NO,1.2,0.8,0.9,1,1.7,1.8,10.5,8.5,4.5,4.1,2.6,2.6,2.7,2.8,2.3,2.5,2,2.2,1.4,0.9,0.8,0.8,0.5,0.5,
新竹,2025/06/13 00:00:00,NO2,15.9,9.6,8.3,8.1,8.1,9.1,10.4,9.5,9.1,9,7,7.1,6.4,6.7,6.6,7.1,6.8,8.2,7.7,7.5,6.4,5.9,6,4.7,
新竹,2025/06/13 00:00:00,NOx,17.1,10.5,9.3,9.2,9.8,10.9,21,18,13.6,13.1,9.7,9.8,9.1,9.5,9,9.7,8.8,10.4,9.2,8.4,7.3,6.8,6.6,5.3,
新竹,2025/06/13 00:00:00,O3,2.5,3,2.6,1.9,0.4,5.8,1.3,8.9,12,14.6,16.2,14.6,17.9,18.4,18.7,17.4,18.2,17.2,17.9,19.2,21.1,21.2,20.5,21.5,
新竹,2025/06/13 00:00:00,PM10,7,10,9,13,12,13,16,20,17,7,8,4,3,4,3,4,4,1,1,0,1,2,3,1,
新竹,2025/06/13 00:00:00,PM2.5,6,4,1,1,6,6,8,8,13,7,2,4,0,0,0,0,2,1,0,1,4,2,0,0,
新竹,2025/06/13 00:00:00,RAINFALL,0,0,0,0,0,0,0,0,0,0,0,0.5,0,0.5,0,0,0,1,0.5,0,1.5,0.5,0,0,
新竹,2025/06/13 00:00:00,RH,94,92,89,89,90,89,89,80,77,76,76,85,87,86,83,78,81,81,88,84,81,86,77,73,
新竹,2025/06/13 00:00:00,SO2,2,0.1,0.6,0.2,0.7,0.6,0.5,0.8,#,1,0.7,0.7,0.9,0.9,0.8,0.9,0.9,0.5,0.7,1,1.1,0.9,1.2,1.3,
新竹,2025/06/13 00:00:00,THC,2.12,2.25,2.21,2.21,2.26,2.23,2.31,2.17,2.13,2.12,2.06,2.07,2.05,2.07,2.04,2.07,2.04,2.06,2.07,2.07,2.05,2.05,2.05,2.03,
新竹,2025/06/13 00:00:00,WD_HR,159,112,160,130,169,235,118,242,247,275,266,262,280,288,308,266,263,265,273,291,300,305,307,310,
新竹,2025/06/13 00:00:00,WIND_DIREC,156,120,139,133,300,127,124,245,252,303,262,275,283,309,299,256,277,265,305,296,293,309,312,307,
新竹,2025/06/13 00:00:00,WIND_SPEED,0.5,0.4,0.5,0.5,0.3,0.4,0.6,1.5,1.4,2.6,1.7,1.7,1.9,2.6,2.4,2.2,1.8,2.6,1.8,1.6,2,2.4,2.8,3.1,
新竹,2025/06/13 00:00:00,WS_HR,0.4,0.2,0.4,0.3,0.1,0.2,0.4,0.7,1,1.1,1.1,1.1,1.3,1.2,2.2,1.1,1.7,1.4,1.2,0.9,1.5,1.6,2.2,3,
新竹,2025/06/14 00:00:00,AMB_TEMP,29.4,29.6,29.5,29.5,29.4,29.4,29.5,29.9,30.3,31.9,33.5,33.5,32.6,32.3,31.2,31.2,31.5,31.4,30.6,30.6,30.5,30.3,30.2,29.7,
新竹,2025/06/14 00:00:00,CH4,1.98,1.97,1.98,1.98,1.99,1.98,1.99,1.99,1.99,1.98,1.97,1.99,2,2,1.97,1.97,1.98,1.99,1.96,1.99,2.1,2.1,2.16,2.39,
新竹,2025/06/14 00:00:00,CO,0.1,0.09,0.09,0.08,0.09,0.1,0.11,0.14,0.15,0.16,0.16,0.2,0.24,0.18,0.17,0.2,0.21,0.21,0.2,0.24,0.32,0.32,0.34,0.43,
新竹,2025/06/14 00:00:00,NMHC,0.02,0.01,0.01,0,0.01,0.01,0.02,0.04,0.04,0.06,0.06,0.07,0.08,0.04,0.05,0.06,0.06,0.07,0.07,0.1,0.13,0.13,0.13,0.21,
新竹,2025/06/14 00:00:00,NO,0.5,0.9,0.9,0.8,0.9,1,1.1,1.6,1.6,1.9,1.9,1.7,1.6,1.4,1.2,1.3,1.6,1.7,1.4,1.3,1.2,1.2,1,1.4,
新竹,2025/06/14 00:00:00,NO2,3.9,3.7,3.3,3.4,3.7,4.4,4.9,5.2,5.6,6.1,5.6,6.4,7.7,6,5.4,6.1,8.1,9.1,9.3,10.8,13.6,15.7,16,17.8,
新竹,2025/06/14 00:00:00,NOx,4.5,4.7,4.2,4.2,4.6,5.4,6.1,6.8,7.3,8,7.6,8.2,9.3,7.4,6.6,7.5,9.8,10.8,10.7,12.1,14.9,17,17,19.2,
新竹,2025/06/14 00:00:00,O3,22.4,22.6,22.1,21.3,20.5,19.1,17.9,17.2,18.4,23.9,27.3,26.9,34.9,33.6,32,33.8,29.1,21.2,19.6,15.3,14,13.8,14.6,8.6,
新竹,2025/06/14 00:00:00,PM10,2,3,3,3,4,7,8,8,9,10,7,7,16,21,17,16,22,24,26,21,27,22,16,15,
新竹,2025/06/14 00:00:00,PM2.5,0,0,1,2,2,1,3,3,1,3,3,1,2,5,10,7,6,8,10,10,11,12,10,6,
新竹,2025/06/14 00:00:00,RAINFALL,0,0,0,0,0,0,0,0,0,0,0,0,0,0,0,0,0,0,0,0,0,0,0,0,
新竹,2025/06/14 00:00:00,RH,69,68,69,70,71,71,72,71,70,65,56,55,62,65,74,73,70,69,75,75,73,73,72,75,
新竹,2025/06/14 00:00:00,SO2,0.7,1.7,1.4,1.2,1.6,1.7,1.5,1.6,1.8,1.4,1.5,1.3,1.7,1.7,1.8,1.8,2.2,1.9,1.9,2.3,2,1.8,1.8,1.6,
新竹,2025/06/14 00:00:00,THC,2,1.98,1.99,1.98,2,1.99,2.01,2.03,2.03,2.04,2.03,2.06,2.08,2.04,2.02,2.03,2.04,2.06,2.03,2.09,2.23,2.23,2.29,2.6,
新竹,2025/06/14 00:00:00,WD_HR,310,316,311,311,309,308,309,309,309,306,307,310,309,306,312,314,313,305,306,291,274,248,268,275,
新竹,2025/06/14 00:00:00,WIND_DIREC,318,313,310,308,312,312,304,313,312,301,312,312,312,305,317,313,309,302,309,307,244,258,332,347,
新竹,2025/06/14 00:00:00,WIND_SPEED,4.2,2.8,3.8,3.7,4,3.3,2.6,3.1,2.8,2.7,2.9,3.8,3.7,4.7,3.5,4.1,4.1,3,2.9,1.2,1.1,0.4,0.5,0.3,
新竹,2025/06/14 00:00:00,WS_HR,2.3,3.2,3.2,3.6,3.2,3.1,2.8,3,3.1,2.2,2.6,3.4,3.3,4.4,3.8,3.4,3.6,3,2.8,1.3,0.8,0.9,0.2,0.3,
新竹,2025/06/15 00:00:00,AMB_TEMP,29.3,29.2,28.8,28.6,28.9,29.2,29.9,30.9,32.5,33.6,34.4,34.2,33.8,33.7,33.9,33.9,33.4,32.5,31.3,30.9,31.2,31.2,31.2,31.1,
新竹,2025/06/15 00:00:00,CH4,2.24,2.23,2.26,2.22,2.18,2.1,2.05,2.02,1.98,1.98,1.98,1.98,1.97,1.96,1.96,1.96,1.97,1.97,1.96,1.97,2.03,2.03,2.03,2.03,
新竹,2025/06/15 00:00:00,CO,0.36,0.24,0.24,0.22,0.18,0.17,0.2,0.21,0.17,0.15,0.17,0.18,0.17,0.15,0.16,0.15,0.16,0.17,0.19,0.2,0.22,0.2,0.18,0.16,
新竹,2025/06/15 00:00:00,NMHC,0.15,0.12,0.13,0.12,0.1,0.07,0.08,0.08,0.06,0.05,0.06,0.05,0.04,0.03,0.04,0.04,0.03,0.04,0.05,0.06,0.08,0.08,0.06,0.06,
新竹,2025/06/15 00:00:00,NO,1.2,0.6,0.5,0.6,0.8,0.7,1.6,2.2,1.9,1.3,1.2,1.2,1,1,1,1.2,1.2,1.2,0.9,0.8,0.9,0.8,0.7,0.5,
新竹,2025/06/15 00:00:00,NO2,16.6,13,12,10.6,9,7.4,7.6,7.1,5.7,4.9,5.3,5.7,5,4.8,4.7,4.9,5.3,5.4,6.1,6.1,7.6,8,7.3,7,
新竹,2025/06/15 00:00:00,NOx,17.8,13.6,12.5,11.3,9.8,8.1,9.3,9.3,7.6,6.3,6.5,6.9,6.1,5.8,5.7,6.2,6.5,6.6,7.1,6.9,8.5,8.9,8,7.6,
新竹,2025/06/15 00:00:00,O3,7.5,15.1,16.4,14.7,13.6,13.4,14.6,17.8,21.7,26.5,31.3,33.2,35.7,35.6,37.3,32,28.2,25.1,21.8,21.8,22.8,21.2,18.8,17.3,
新竹,2025/06/15 00:00:00,PM10,17,20,18,21,8,12,15,11,9,15,23,23,24,25,29,30,27,26,23,28,26,18,10,12,
新竹,2025/06/15 00:00:00,PM2.5,6,7,7,9,9,6,7,6,7,5,3,5,5,6,6,6,6,7,11,15,12,9,8,6,
新竹,2025/06/15 00:00:00,RAINFALL,0,0,0,0,0,0,0,0,0,0,0,0,0,0,0,0,0,0,0,0,0,0,0,0,
新竹,2025/06/15 00:00:00,RH,78,75,77,77,73,69,68,64,55,52,51,57,60,62,62,60,61,64,70,76,68,62,58,57,
新竹,2025/06/15 00:00:00,SO2,1.7,0.5,1.2,1,1,1.3,1.4,1.4,0.8,0.2,0,0.1,0.1,0.3,0.5,0.2,0.6,0.8,0.8,0.4,0.7,0.5,0.7,1.3,
新竹,2025/06/15 00:00:00,THC,2.39,2.35,2.39,2.34,2.28,2.17,2.13,2.1,2.04,2.03,2.04,2.03,2.01,1.99,2,2,2,2.01,2.01,2.03,2.11,2.11,2.09,2.09,
新竹,2025/06/15 00:00:00,WD_HR,213,302,258,284,315,303,297,283,293,308,305,316,318,315,317,315,313,316,313,313,313,311,298,286,
新竹,2025/06/15 00:00:00,WIND_DIREC,258,313,232,282,317,280,285,278,304,313,305,322,319,312,317,321,316,318,317,310,311,300,304,268,
新竹,2025/06/15 00:00:00,WIND_SPEED,0.5,0.5,0.8,0.9,2,1.2,1.9,2.1,3.4,4.5,3.8,5.3,5.5,5.5,4.5,4.7,5.2,5,4.7,3.7,3.3,2.4,1.7,1.9,
新竹,2025/06/15 00:00:00,WS_HR,0.2,0.4,0.4,0.6,1.1,0.9,1.2,1.1,1.7,3.3,3.6,4.2,4.2,4.9,4.3,4.7,4.9,4.4,4.2,3.8,3.3,2.3,1.2,0.9,
新竹,2025/06/16 00:00:00,AMB_TEMP,31.1,31.2,31.1,31,30.6,28.5,28.8,29.3,30.8,32.5,32.8,33.8,34,33.6,33.1,32.8,31.7,30.9,30.2,30,29.7,29.5,29.3,29.2,
新竹,2025/06/16 00:00:00,CH4,2.01,1.99,1.98,1.98,1.99,2,1.99,1.98,1.99,1.96,1.96,1.97,1.98,1.98,1.98,1.96,1.94,1.93,1.92,1.96,1.97,1.97,1.97,1.99,
新竹,2025/06/16 00:00:00,CO,0.14,0.1,0.09,0.09,0.1,0.13,0.14,0.18,0.18,0.15,0.15,0.15,0.17,0.19,0.22,0.18,0.17,0.17,0.16,0.2,0.21,0.28,0.21,0.16,
新竹,2025/06/16 00:00:00,NMHC,0.04,0.02,0.02,0.01,0.03,0.04,0.04,0.07,0.06,0.05,0.06,0.05,0.07,0.06,0.05,0.05,0.05,0.04,0.05,0.08,0.08,0.06,0.07,0.07,
新竹,2025/06/16 00:00:00,NO,0.6,0.6,0.6,0.6,0.5,0.5,1.1,2,2.8,2.2,2.3,1.5,1.3,1.3,1.4,1.8,1.6,1,0.8,0.7,0.8,0.9,0.8,0.7,
新竹,2025/06/16 00:00:00,NO2,5.7,3.7,3.2,3.3,3.6,5.1,6.2,6.9,6.6,5.6,5.9,5.4,5.3,6.3,7.1,6.5,6.1,4.5,4.3,6.6,7.5,8,7,6.8,
新竹,2025/06/16 00:00:00,NOx,6.4,4.4,3.9,3.9,4.2,5.6,7.3,8.9,9.4,7.8,8.2,6.9,6.7,7.7,8.6,8.3,7.7,5.5,5.2,7.3,8.4,8.9,7.9,7.6,
新竹,2025/06/16 00:00:00,O3,16.3,17.3,17.8,18,17.2,13.7,13.4,13.9,16.9,21.6,23.7,29.1,31.9,36.1,41.4,27.3,24.2,25,22.3,17.9,15.6,12.6,13.1,12.8,
新竹,2025/06/16 00:00:00,PM10,12,11,8,6,7,16,12,7,11,8,9,14,12,16,18,21,12,15,18,13,11,12,13,9,
新竹,2025/06/16 00:00:00,PM2.5,2,7,4,0,3,4,5,6,4,3,3,4,3,4,10,6,8,7,7,6,8,5,13,7,
新竹,2025/06/16 00:00:00,RAINFALL,0,0,0,0,0,0,0,0,0,0,0,0,0,0,0,0,0,0,0,0,0,0,0,0,
新竹,2025/06/16 00:00:00,RH,54,50,51,53,55,76,75,75,69,64,63,60,59,63,67,68,73,78,81,81,82,83,84,81,
新竹,2025/06/16 00:00:00,SO2,1.6,0.8,0.6,0.6,0.5,0.7,0.3,0.2,0.2,0,0.1,0,0,0.2,0.5,1.3,0.7,0.3,0.2,0.3,0.3,0.5,0,0.5,
新竹,2025/06/16 00:00:00,THC,2.05,2.01,2,1.99,2.02,2.04,2.03,2.05,2.05,2.01,2.02,2.02,2.05,2.04,2.03,2.01,1.99,1.97,1.97,2.04,2.05,2.03,2.04,2.06,
新竹,2025/06/16 00:00:00,WD_HR,284,311,316,298,318,312,305,274,288,281,311,317,317,316,316,317,317,317,313,307,311,312,307,301,
新竹,2025/06/16 00:00:00,WIND_DIREC,279,316,317,317,319,313,267,261,304,268,316,315,317,316,314,320,318,317,311,304,313,313,319,280,
新竹,2025/06/16 00:00:00,WIND_SPEED,2,3.4,3.3,3.2,4.6,4.4,2.4,2.9,3.2,2.8,4.8,4.5,4.7,4.5,4.4,4.5,4.6,5.5,4.3,2.2,1.5,3,1.7,1.3,
新竹,2025/06/16 00:00:00,WS_HR,1.1,2.3,2.8,1.6,3.2,4.3,2.8,1.5,1.8,1.8,2.8,3.6,4.1,4.4,4.2,4.3,4.2,4.3,3.5,1.6,1.8,2.9,1.8,1.3,
新竹,2025/06/17 00:00:00,AMB_TEMP,29.1,29.1,29,29.2,29.1,29.3,29.5,30.1,30.7,30.6,31.2,30,26.9,27.3,29.2,29.4,29.6,29.4,28.9,28.8,28.5,28.4,28,28.2,
新竹,2025/06/17 00:00:00,CH4,2.03,2.02,2.02,2,1.99,1.98,2,2.01,2,1.97,1.97,1.97,1.97,#,1.95,1.95,1.97,1.96,1.98,2,2.02,2.01,2.04,2.14,
新竹,2025/06/17 00:00:00,CO,0.14,0.12,0.11,0.1,0.1,0.11,0.14,0.21,0.2,0.16,0.15,0.16,0.15,0.13,#,0.12,0.14,0.19,0.25,0.27,0.29,0.3,0.24,0.28,
新竹,2025/06/17 00:00:00,NMHC,0.05,0.04,0.03,0.03,0.02,0.02,0.04,0.06,0.05,0.05,0.05,0.06,0.04,#,0.04,0.03,0.03,0.05,0.08,0.08,0.09,0.09,0.08,0.1,
新竹,2025/06/17 00:00:00,NO,0.7,0.9,0.7,0.7,0.7,0.7,2.3,4.1,2.9,2.1,1.7,2.3,2.1,#,#,1.2,1.5,1.5,1,1.2,2.1,5.1,2.6,6.1,
新竹,2025/06/17 00:00:00,NO2,6.2,7.1,5.8,5.4,4.4,4.3,7.5,9.6,7.5,6.2,5.4,7.3,6.8,#,#,6,7.2,8.9,10.2,15,17.8,25.3,13,14.4,
新竹,2025/06/17 00:00:00,NOx,7,8,6.5,6.1,5.2,5,9.9,13.7,10.4,8.3,7.1,9.6,8.9,#,#,7.2,8.7,10.5,11.3,16.2,20,30.4,15.7,20.6,
新竹,2025/06/17 00:00:00,O3,12.6,13.2,14,14.9,15.7,16.2,11.9,10.7,16.6,20.9,26.3,17.8,#,19.2,25.6,30,29.1,27,21.8,17.7,8.8,1.4,0.3,#,
新竹,2025/06/17 00:00:00,PM10,8,10,9,9,8,11,9,15,12,13,18,16,#,6,6,4,4,3,6,12,16,14,14,15,
新竹,2025/06/17 00:00:00,PM2.5,2,8,5,3,3,7,5,3,4,5,8,8,#,5,2,2,3,0,1,4,10,7,4,5,
新竹,2025/06/17 00:00:00,RAINFALL,0,0,0,0,0,0,0,0,0,0,0,0,3,#,0,0,0,0,0,0,0,0,0,0,
新竹,2025/06/17 00:00:00,RH,79,79,80,78,79,77,75,72,72,75,75,83,89,84,74,70,68,71,76,77,80,81,81,81,
新竹,2025/06/17 00:00:00,SO2,0.3,0.5,0.1,0.2,0.1,0.3,0,0.3,0.3,0.4,0.1,1.1,0.8,0,#,#,0.7,0.9,0.9,0.6,0.6,0.8,1.5,1.6,
新竹,2025/06/17 00:00:00,THC,2.08,2.06,2.05,2.03,2.01,2,2.04,2.07,2.05,2.02,2.02,2.03,2.01,#,1.99,1.98,2,2.01,2.06,2.08,2.11,2.1,2.12,2.24,
新竹,2025/06/17 00:00:00,WD_HR,287,293,298,292,316,314,250,307,313,317,318,315,294,284,345,346,332,296,260,254,250,235,57,181,
新竹,2025/06/17 00:00:00,WIND_DIREC,267,303,267,316,318,297,227,320,315,317,318,315,231,333,356,354,281,304,242,249,252,331,250,178,
新竹,2025/06/17 00:00:00,WIND_SPEED,1.4,1.5,1.3,3,2.9,1.4,1.2,2.4,2.6,3.5,4.2,3.7,1.8,1.4,2.6,1.9,1.5,1.4,1.9,1.3,1.8,0.3,0.3,1.7,
新竹,2025/06/17 00:00:00,WS_HR,0.8,0.9,1,1.6,2.6,2.4,0.6,1,1.8,2.9,3.6,3.8,1.8,1.1,1.8,1.9,0.9,0.7,0.9,1.2,1.9,0.4,0.8,1,
新竹,2025/06/18 00:00:00,AMB_TEMP,27.9,27.5,27.6,27.5,27.3,27.3,27.2,27.7,29.6,31.2,31.9,32.3,32.7,32.4,32.7,31.9,31.4,31.4,30.2,29.7,29.4,29.3,29.1,28.6,
新竹,2025/06/18 00:00:00,CH4,2.05,2.1,2.11,2.17,2.13,2.2,2.29,2.23,2.12,2.04,2.04,2.03,2.02,1.96,1.93,1.95,2,2.01,1.99,2.01,2,2.05,2.12,2.08,
新竹,2025/06/18 00:00:00,CO,0.18,0.17,0.17,0.15,0.14,0.19,0.26,0.45,0.47,0.29,0.25,0.24,0.22,0.14,0.12,0.14,0.21,0.26,0.22,0.26,0.27,0.3,0.32,0.19,
新竹,2025/06/18 00:00:00,NMHC,0.06,0.06,0.06,0.06,0.06,0.09,0.13,0.17,0.16,0.1,0.08,0.07,0.05,0.03,0.03,0.04,0.06,0.09,0.06,0.08,0.09,0.11,0.12,0.05,
新竹,2025/06/18 00:00:00,NO,4.7,6.4,6.2,3.1,0.8,3.6,12.8,23.3,17.9,3.8,1.8,1.3,1.1,1.1,1,1.5,2.6,2.2,1.2,0.7,1.2,2,1.4,1.9,
新竹,2025/06/18 00:00:00,NO2,10.4,9.1,13.1,10.3,7.3,10.2,10.8,13.4,16.9,12.1,10.2,8.9,7.6,6,4.3,6.1,11.3,10.9,7.9,11.4,23.1,17.3,13.5,10.9,
新竹,2025/06/18 00:00:00,NOx,15.2,15.6,19.3,13.5,8.1,13.8,23.7,36.8,34.9,16,12,10.2,8.8,7.2,5.3,7.7,14,13.2,9.2,12.1,24.3,19.3,15,12.9,
新竹,2025/06/18 00:00:00,O3,1.3,#,0,2.1,3.8,0,0.4,0.7,9.5,32.2,51.1,62.7,62.7,46.6,31.9,32.2,31.1,32.3,27.4,20.6,11.6,7.6,2.9,6.1,
新竹,2025/06/18 00:00:00,PM10,10,18,14,11,12,16,21,25,27,30,27,27,23,19,8,13,8,10,13,10,9,15,13,8,
新竹,2025/06/18 00:00:00,PM2.5,6,5,5,4,5,9,6,12,12,14,12,12,13,8,4,8,5,5,4,6,6,9,6,4,
新竹,2025/06/18 00:00:00,RAINFALL,0,0,0,0,0,0,0,0,0,0,0,0,0,0,0,0,0,0,0,0,0,0,0,0,
新竹,2025/06/18 00:00:00,RH,79,82,81,80,80,82,82,79,74,71,69,69,65,65,61,63,62,67,69,71,69,76,77,74,
新竹,2025/06/18 00:00:00,SO2,0.8,1,1,0.9,1,1.7,1.2,2,2.3,3.5,2.3,2.1,1.5,1.7,1.1,1.5,0.7,0.8,0.8,0.8,0.8,0.8,0.9,0.8,
新竹,2025/06/18 00:00:00,THC,2.11,2.16,2.17,2.23,2.19,2.29,2.42,2.4,2.28,2.14,2.12,2.1,2.07,1.99,1.96,1.99,2.06,2.1,2.05,2.09,2.09,2.16,2.24,2.13,
新竹,2025/06/18 00:00:00,WD_HR,160,98,186,198,200,97,47,72,24,274,268,294,277,291,282,59,144,185,185,190,174,83,111,181,
新竹,2025/06/18 00:00:00,WIND_DIREC,91,194,226,181,198,95,356,94,275,249,299,303,300,279,269,75,189,170,285,178,210,89,198,200,
新竹,2025/06/18 00:00:00,WIND_SPEED,1.2,0.8,0.4,0.5,0.6,0.8,0.4,0.5,0.9,1.4,1.9,3,2.7,3.1,2.2,3.4,1.5,2.4,0.6,1.4,0.8,0.6,0.7,0.6,
新竹,2025/06/18 00:00:00,WS_HR,0.4,0.4,0.7,0.4,0.5,0.4,0.4,0.5,0.2,0.8,1.1,2,1.9,2.1,1.8,0.8,0.7,1.3,0.7,0.9,0.8,0.6,0.4,0.7,
新竹,2025/06/19 00:00:00,AMB_TEMP,27.8,27.7,27.4,26.7,26.8,27,27.4,28.9,30.9,32.6,32.4,34,34.1,33.7,33.4,32.9,31.8,31.1,30.6,30.4,30.4,29.9,29.7,29.7,
新竹,2025/06/19 00:00:00,CH4,2.06,2.07,2.17,2.09,2.06,2.07,2.06,2.03,2.02,2.09,2.14,2.09,#,x,#,#,1.95,1.96,1.98,1.98,2.01,2.11,2.17,2.21,
新竹,2025/06/19 00:00:00,CO,0.16,0.15,0.17,0.13,0.12,0.14,0.17,0.22,0.3,0.34,0.33,#,0.21,0.16,#,#,0.15,#,#,0.18,0.19,0.27,0.23,0.23,
新竹,2025/06/19 00:00:00,NMHC,0.04,0.04,0.07,0.04,0.03,0.04,0.05,0.05,0.1,0.18,0.16,0.12,#,x,#,#,0,0.01,0.01,0.02,0.07,0.09,0.15,0.2,
新竹,2025/06/19 00:00:00,NO,0.9,0.4,1,0.7,0.3,0.5,2.5,3.5,4.6,3.4,2,#,#,x,#,#,x,#,#,0.3,0.4,0.6,0.5,0.5,
新竹,2025/06/19 00:00:00,NO2,7.3,7.2,14.3,8.6,6.6,7.5,9.1,9.3,10.6,16.3,15.8,#,#,x,#,#,x,#,#,5.7,6.3,14.6,14,17.6,
新竹,2025/06/19 00:00:00,NOx,8.2,7.6,15.3,9.4,6.9,8.1,11.6,12.9,15.2,19.8,17.8,#,#,x,#,#,x,#,#,6,6.8,15.2,14.5,18.2,
新竹,2025/06/19 00:00:00,O3,10.2,13.1,0.6,4,6.9,7.5,7.3,12,18,39,52,55.8,#,#,#,24.9,30.4,27.3,24.7,#,#,#,10.4,7.4,
新竹,2025/06/19 00:00:00,PM10,11,6,14,13,11,15,12,14,12,20,29,28,#,7,7,5,3,4,7,7,5,8,8,9,
新竹,2025/06/19 00:00:00,PM2.5,5,5,6,7,5,4,4,5,4,13,15,#,7,4,3,2,2,1,2,2,2,8,7,4,
新竹,2025/06/19 00:00:00,RAINFALL,0,0,0,0,0,0,0,0,0,0,0,#,#,0,0,0,0,0,0,0,0,0,0,0,
新竹,2025/06/19 00:00:00,RH,77,77,78,78,75,74,72,67,62,60,67,61,56,58,56,60,64,65,69,69,68,73,72,73,
新竹,2025/06/19 00:00:00,SO2,0.9,0.8,0.8,0.9,0.6,0.6,1.1,0.9,0.7,1,1.3,#,0.6,0.2,#,#,#,#,#,1.2,1.2,1.1,2.1,2.4,
新竹,2025/06/19 00:00:00,THC,2.1,2.11,2.24,2.13,2.09,2.11,2.11,2.08,2.12,2.27,2.3,2.21,#,x,#,#,1.95,1.97,1.99,2,2.08,2.2,2.32,2.41,
新竹,2025/06/19 00:00:00,WD_HR,169,180,78,73,68,40,31,58,88,12,326,#,#,#,#,32,338,9,23,322,44,84,54,62,
新竹,2025/06/19 00:00:00,WIND_DIREC,169,120,56,75,47,18,81,83,94,327,12,#,#,#,#,285,345,38,294,285,41,76,47,81,
新竹,2025/06/19 00:00:00,WIND_SPEED,1.3,0.9,0.8,1.2,0.5,0.7,0.8,1.1,0.8,1.3,1.7,#,#,#,#,1.6,1.5,1,1.1,0.9,1.4,0.7,1.1,0.6,
新竹,2025/06/19 00:00:00,WS_HR,1.1,0.5,1,0.9,0.6,0.6,0.7,0.6,0.6,0.8,1,#,#,#,#,0.5,0.6,0.5,0.5,0.4,0.9,1,0.8,0.8,
新竹,2025/06/20 00:00:00,AMB_TEMP,29.3,28.7,28.2,28,27.6,27.8,28.3,29.5,30.7,32.1,32.7,32.9,33.4,33.6,33.5,33.1,32.6,31.9,31.3,30.9,30.8,30.5,30.2,30.2,
新竹,2025/06/20 00:00:00,CH4,2.22,2.19,2.13,2.15,2.16,2.26,2.24,#,#,2.01,2.02,2,1.98,1.98,1.97,1.98,1.98,1.99,2,1.98,1.99,1.99,2.02,2.01,
新竹,2025/06/20 00:00:00,CO,0.25,0.21,0.18,0.17,0.16,0.19,0.24,0.27,0.19,0.19,0.17,0.13,0.15,0.15,0.15,0.15,0.16,0.21,0.23,0.22,0.22,0.21,0.2,0.16,
新竹,2025/06/20 00:00:00,NMHC,0.16,0.1,0.08,0.08,0.08,0.11,0.12,#,#,0.09,0.07,0.05,0.04,0.04,0.03,0.03,0.03,0.04,0.06,0.07,0.06,0.06,0.07,0.05,
新竹,2025/06/20 00:00:00,NO,1,1,1.1,1.3,1.6,3.9,9.7,9.2,3.1,2.7,#,#,0.8,1,0.9,0.8,1,0.9,0.7,0.6,0.6,0.5,0.7,0.6,
新竹,2025/06/20 00:00:00,NO2,21,14.1,12.1,10.2,9.2,8.7,9.2,10,6.5,9.1,#,#,4.8,5.1,4.8,4.4,4.9,6.3,8.3,7.3,7.3,8,9.3,10.3,
新竹,2025/06/20 00:00:00,NOx,22.1,15.2,13.2,11.5,10.8,12.6,19,19.2,9.6,11.9,#,#,5.7,6.2,5.8,5.3,6,7.3,9.1,7.9,8,8.6,10,10.9,
新竹,2025/06/20 00:00:00,O3,2.4,4.1,1.5,0.8,0,0,1,6.1,22.9,32.1,47.7,47.5,47.9,52.2,53.2,50.7,43.9,44.9,40.2,27.9,22.7,21.3,14.5,14.5,
新竹,2025/06/20 00:00:00,PM10,13,15,15,17,16,20,19,20,12,23,21,11,17,15,8,7,11,13,14,17,11,12,13,17,
新竹,2025/06/20 00:00:00,PM2.5,5,4,8,6,7,6,6,6,4,8,10,7,11,7,6,5,2,4,8,7,6,3,3,10,
新竹,2025/06/20 00:00:00,RAINFALL,0,0,0,0,0,0,0,0,0,0,0,0,0,0,0,0,0,0,0,0,0,0,0,0,
新竹,2025/06/20 00:00:00,RH,75,79,80,81,82,82,80,75,73,67,67,69,66,64,61,61,63,65,70,73,74,77,79,80,
新竹,2025/06/20 00:00:00,SO2,2.6,1.6,1.7,1.8,1.7,1.3,1.8,2.1,1.7,1.5,1.3,0.7,1.1,1.4,1.5,1.4,1.8,2,2.1,1.7,1.1,1.4,1.3,1.3,
新竹,2025/06/20 00:00:00,THC,2.38,2.29,2.21,2.23,2.24,2.37,2.36,#,#,2.1,2.09,2.05,2.02,2.02,2,2.01,2.01,2.03,2.06,2.05,2.05,2.05,2.09,2.06,
新竹,2025/06/20 00:00:00,WD_HR,89,80,85,69,87,101,56,61,61,78,341,303,304,281,266,255,268,250,248,244,219,241,184,167,
新竹,2025/06/20 00:00:00,WIND_DIREC,73,76,53,86,81,99,17,68,44,57,335,320,296,247,255,244,263,257,246,238,191,246,158,169,
新竹,2025/06/20 00:00:00,WIND_SPEED,1,0.7,0.4,1.2,0.9,0.5,1.1,0.9,1.4,1.4,1.9,1.4,2.3,1.9,2.4,3.1,2.2,2.7,2.3,1.3,1.1,1.7,1.1,1.1,
新竹,2025/06/20 00:00:00,WS_HR,0.7,0.6,0.8,0.5,0.7,0.3,0.6,0.6,0.9,0.6,0.8,1.3,1.2,1.6,1.8,2.2,1.6,2.3,1.8,1.7,0.7,1.2,1,0.8,
新竹,2025/06/21 00:00:00,AMB_TEMP,29.8,29.3,29.2,28.6,28.5,28.5,29,30.3,31.3,32.4,33.2,33.2,32.9,32.9,32.6,32,31.1,30.7,30.3,29.9,29.7,29.6,29.3,29.1,
新竹,2025/06/21 00:00:00,CH4,2.06,2.13,2.18,2.07,2.08,2.12,2.15,2.04,2.03,2,2.01,1.99,2.02,1.96,1.94,1.94,1.94,1.94,1.94,1.97,2,2.02,2.02,2.03,
新竹,2025/06/21 00:00:00,CO,0.17,0.21,0.19,0.16,0.14,0.17,0.21,0.17,0.19,0.19,0.21,0.17,0.16,0.12,0.12,0.13,0.14,0.17,0.17,0.2,0.21,0.29,0.23,0.19,
新竹,2025/06/21 00:00:00,NMHC,0.07,0.08,0.08,0.06,0.05,0.06,0.09,0.08,0.06,0.05,0.06,0.05,0.04,0.03,0.02,0.03,0.04,0.04,0.05,0.06,0.06,0.08,0.09,0.09,
新竹,2025/06/21 00:00:00,NO,0.5,0.3,0.3,0.3,0.4,0.7,5,3.8,3.2,2.7,2.6,1.4,0.9,0.9,0.9,1.1,0.9,1,0.7,0.6,0.6,0.9,0.7,0.6,
新竹,2025/06/21 00:00:00,NO2,9.3,10.2,10.8,8.2,7.5,8,10.7,6.6,7.6,8,9.1,5.9,4.7,3.7,3.6,4.9,5.5,5.3,4.4,5.7,8.5,11.1,10.4,9.9,
新竹,2025/06/21 00:00:00,NOx,9.9,10.5,11.1,8.6,8,8.7,15.7,10.5,10.8,10.7,11.8,7.4,5.6,4.6,4.5,6.1,6.5,6.3,5.1,6.4,9.2,12,11.1,10.5,
新竹,2025/06/21 00:00:00,O3,13.3,14.1,15.1,14,13.7,8.6,6.3,11.5,16.1,22.6,29.9,33.3,39.1,28.4,26.8,29.8,29.9,25.7,19.5,15.7,13.4,9.1,8.2,7.3,
新竹,2025/06/21 00:00:00,PM10,11,16,15,12,13,13,18,13,13,15,19,17,15,3,12,9,9,8,7,10,9,12,10,7,
新竹,2025/06/21 00:00:00,PM2.5,8,12,13,8,6,8,8,9,5,4,4,7,5,8,7,2,0,0,1,2,3,5,4,5,
新竹,2025/06/21 00:00:00,RAINFALL,0,0,0,0,0,0,0,0,0,0,0,0,0,0,0,0,0,0,0,0,0,0,0,0,
新竹,2025/06/21 00:00:00,RH,81,82,82,83,80,79,78,72,70,68,65,66,69,67,68,73,78,79,79,80,78,81,84,84,
新竹,2025/06/21 00:00:00,SO2,1.7,1.2,1.5,1.1,1.1,1.3,1.6,2.1,1.8,2.1,2.9,1.8,1,0.8,1,1.3,1.4,1.5,0.9,0.8,1.1,1.8,1.7,1.5,
新竹,2025/06/21 00:00:00,THC,2.13,2.21,2.26,2.13,2.13,2.18,2.24,2.12,2.09,2.05,2.07,2.04,2.06,1.99,1.96,1.97,1.98,1.98,1.99,2.03,2.06,2.1,2.11,2.12,
新竹,2025/06/21 00:00:00,WD_HR,147,85,155,171,170,151,146,189,251,251,251,252,256,255,258,251,249,244,244,235,200,217,235,207,
新竹,2025/06/21 00:00:00,WIND_DIREC,83,77,183,186,179,90,182,223,250,250,248,247,255,256,247,265,241,213,239,215,207,204,194,241,
新竹,2025/06/21 00:00:00,WIND_SPEED,1.3,1.3,0.7,0.9,0.7,1,0.9,1.4,2.8,2.9,3.2,3.2,3.8,3.6,3.5,2.3,2.8,1.5,1.9,1.3,0.8,1.1,0.8,1.1,
新竹,2025/06/21 00:00:00,WS_HR,0.6,1,0.6,0.9,0.9,0.6,0.5,0.7,1.8,2.1,2.5,3.1,2.9,2.9,2.6,2.8,2.5,2.4,1.9,1.1,0.7,0.7,0.9,0.9,
新竹,2025/06/22 00:00:00,AMB_TEMP,29,28.8,28.7,28.8,28.3,28.5,29.1,30,31.5,32.3,32.9,32.9,33,33.3,32.5,32.5,32,31.3,31.1,30.9,30.9,30.6,30.1,29.7,
新竹,2025/06/22 00:00:00,CH4,2.08,2.11,2.08,2.05,2.09,2.06,2.02,2,1.99,1.99,2.01,2.01,1.99,1.95,1.94,1.94,1.95,1.94,1.97,2.01,2.03,2.05,2.09,2.11,
新竹,2025/06/22 00:00:00,CO,0.19,0.17,0.13,0.1,0.11,0.12,0.12,0.14,0.15,0.14,0.2,0.18,0.17,0.13,0.12,0.11,0.14,0.14,0.19,0.3,0.31,0.26,0.23,0.21,
新竹,2025/06/22 00:00:00,NMHC,0.1,0.1,0.04,0.03,0.05,0.06,0.04,0.04,0.03,0.03,0.04,0.04,0.03,0.02,0.02,0.01,0.02,0.02,0.06,0.08,0.09,0.09,0.09,0.09,
新竹,2025/06/22 00:00:00,NO,0.5,0.8,0.7,0.6,0.7,0.9,1.7,2.7,3.4,2,2,1.6,2.1,2.3,1.8,1.2,1.3,1.3,1.3,1.9,2.5,1.7,1.1,1,
新竹,2025/06/22 00:00:00,NO2,10.8,10.7,7.4,5,6.3,6.9,6.1,6,6.7,5.7,6.7,6.5,6.5,5.3,4.4,3.5,4,4.4,6.5,11.1,13.8,12.8,12.1,12.4,
新竹,2025/06/22 00:00:00,NOx,11.4,11.6,8.1,5.6,7.1,7.9,7.9,8.8,10.1,7.7,8.8,8.2,8.6,7.6,6.2,4.7,5.4,5.8,7.8,13.1,16.3,14.6,13.2,13.4,
新竹,2025/06/22 00:00:00,O3,6.5,6.3,8.9,10.9,7.7,8.5,10.2,12.2,15.3,24.4,30.6,35.6,29.8,21.2,24.2,23.4,20.5,19.8,13.7,7.1,5.3,8.1,7.4,6.5,
新竹,2025/06/22 00:00:00,PM10,8,7,9,6,4,4,2,4,5,6,17,14,14,7,4,4,5,7,5,8,8,5,9,7,
新竹,2025/06/22 00:00:00,PM2.5,4,4,6,5,4,2,2,1,0,5,8,5,8,7,3,2,2,3,2,4,8,8,9,6,
新竹,2025/06/22 00:00:00,RAINFALL,0,0,0,0,0,0,0,0,0,0,0,0,0,0,0,0,0,0,0,0,0,0,0,0,
新竹,2025/06/22 00:00:00,RH,84,83,80,77,80,80,77,75,69,67,68,68,65,62,67,64,66,71,67,67,66,68,70,71,
新竹,2025/06/22 00:00:00,SO2,1,1.2,1.3,1,1.2,1.3,1.3,1.5,1.7,0.9,1.3,1.8,1.9,1,0.8,0.6,0.1,0.1,0.4,1.5,1.8,1.3,1,1.4,
新竹,2025/06/22 00:00:00,THC,2.18,2.21,2.12,2.08,2.14,2.12,2.06,2.04,2.02,2.02,2.05,2.05,2.02,1.97,1.96,1.95,1.97,1.96,2.03,2.09,2.12,2.14,2.18,2.2,
新竹,2025/06/22 00:00:00,WD_HR,216,187,229,229,203,236,220,237,238,249,251,247,249,247,249,245,242,248,223,203,199,209,181,210,
新竹,2025/06/22 00:00:00,WIND_DIREC,187,196,171,183,187,206,193,223,242,247,246,243,252,244,248,252,244,250,242,194,210,198,161,210,
新竹,2025/06/22 00:00:00,WIND_SPEED,1.2,0.5,0.7,0.9,1,1.3,1.4,1.6,2.8,3.7,3.8,3.1,3.7,4.5,4,3.2,2.8,2.6,1.2,1.3,0.9,0.8,0.5,0.7,
新竹,2025/06/22 00:00:00,WS_HR,0.7,0.6,0.9,0.9,0.6,1.3,0.9,1.4,1.4,2.7,3,3.4,3.7,3.5,3.3,2.9,2,2.5,0.7,0.6,0.8,0.6,0.6,0.3,
新竹,2025/06/23 00:00:00,AMB_TEMP,29.4,29,28.7,28.5,28.3,28.1,28.8,30.4,32.3,33.2,33.2,32.8,33,33.1,32.4,32.4,31.9,31,30.8,30.8,30.7,30.3,30.1,30.1,
新竹,2025/06/23 00:00:00,CH4,2.11,2.14,2.14,2.14,2.1,2.1,2.08,2.05,1.99,1.99,2,2,1.97,1.94,1.94,1.93,1.93,1.93,1.96,2,2.02,2.01,2.01,2.04,
新竹,2025/06/23 00:00:00,CO,0.2,0.19,0.18,0.15,0.14,0.15,0.17,0.22,0.18,0.17,0.2,0.18,0.15,0.12,0.12,0.11,0.13,0.15,0.2,0.23,0.38,0.28,0.2,0.2,
新竹,2025/06/23 00:00:00,NMHC,0.07,0.08,0.07,0.07,0.05,0.06,0.06,0.07,0.06,0.05,0.06,0.05,0.03,0.02,0.03,0.03,0.03,0.03,0.06,0.08,0.08,0.06,0.07,0.06,
新竹,2025/06/23 00:00:00,NO,0.9,0.6,0.5,0.7,0.6,1.2,4.2,5.9,3.5,2,2.9,1.7,1.2,1.3,1.5,1,0.9,0.7,0.7,0.8,1.2,1.1,0.6,0.5,
新竹,2025/06/23 00:00:00,NO2,11.3,10.7,11.1,9.9,8.5,8.1,8.2,8.1,7.1,6.7,9.8,7.7,5.5,4.4,5.1,3.7,3.8,4.3,6.2,9.4,12.8,12.4,11.1,12.1,
新竹,2025/06/23 00:00:00,NOx,12.2,11.4,11.6,10.7,9.2,9.3,12.4,14.1,10.6,8.8,12.7,9.5,6.8,5.7,6.6,4.8,4.7,5,6.9,10.3,14.1,13.6,11.7,12.7,
新竹,2025/06/23 00:00:00,O3,7,6.2,4.3,4.5,5.3,5,5.4,8.8,17.6,26.3,29.2,37.8,35.7,27.4,25.1,27.4,26.9,25.4,20.9,14.3,10,10.9,13,14.1,
新竹,2025/06/23 00:00:00,PM10,6,11,10,12,11,9,9,6,8,13,22,21,19,12,11,10,11,11,12,9,15,13,10,12,
新竹,2025/06/23 00:00:00,PM2.5,4,11,7,5,7,12,12,6,3,3,5,12,7,2,0,5,5,4,2,3,7,12,10,7,
新竹,2025/06/23 00:00:00,RAINFALL,0,0,0,0,0,0,0,0,0,0,0,0,0,0,0,0,0,0,0,0,0,0,0,0,
新竹,2025/06/23 00:00:00,RH,73,76,78,78,79,80,76,66,57,58,64,67,66,65,67,65,69,73,72,69,69,70,72,73,
新竹,2025/06/23 00:00:00,SO2,1,1.1,1,1.2,1.4,0.8,0.7,0.9,0.9,0.7,2.1,1.5,0.9,0.4,0.6,0.1,0,0,0.2,0.3,0.9,0.4,0.2,0.4,
新竹,2025/06/23 00:00:00,THC,2.18,2.22,2.21,2.21,2.15,2.16,2.14,2.12,2.05,2.04,2.06,2.05,2,1.96,1.97,1.96,1.96,1.96,2.02,2.08,2.1,2.07,2.08,2.1,
新竹,2025/06/23 00:00:00,WD_HR,170,189,182,171,172,170,178,185,241,252,248,247,247,249,246,248,245,242,240,199,178,171,169,208,
新竹,2025/06/23 00:00:00,WIND_DIREC,168,153,203,167,169,172,168,205,245,256,252,247,241,247,243,244,253,240,241,183,169,174,149,263,
新竹,2025/06/23 00:00:00,WIND_SPEED,0.7,0.7,0.6,1,1.3,1.4,1.2,1.3,3,2.7,4,3.7,5.5,3,3.7,3.9,3.3,2.7,2.3,1,1.5,1.9,0.9,0.5,
新竹,2025/06/23 00:00:00,WS_HR,0.5,0.5,0.6,0.7,1.2,1.1,0.9,0.8,1.9,2.4,3.6,3.5,4.2,3.3,3.1,3.5,3.3,2.8,1.6,0.8,1.1,1.6,1.2,0.5,
新竹,2025/06/24 00:00:00,AMB_TEMP,30,29.6,28.8,28.6,28.3,28.3,29,30.2,31.1,32,32.8,33.1,33.2,32.5,32.7,33.7,33.3,32.8,31.7,30.9,30.7,30.3,30.1,29.8,
新竹,2025/06/24 00:00:00,CH4,2.15,2.15,2.12,2.1,2.12,2.15,2.1,2.09,2.01,1.98,1.98,2,1.99,1.98,1.96,1.95,1.95,1.97,2.02,2.04,2.03,2.04,2.03,2.05,
新竹,2025/06/24 00:00:00,CO,0.24,0.19,0.17,0.14,0.15,0.17,0.19,0.25,0.23,0.16,0.18,0.21,0.26,0.21,0.12,0.12,0.15,0.21,0.24,0.23,0.21,0.22,0.18,0.16,
新竹,2025/06/24 00:00:00,NMHC,0.08,0.09,0.09,0.07,0.08,0.09,0.1,0.1,0.08,0.04,0.05,0.06,0.04,0.04,0.03,0.04,0.06,0.08,0.1,0.09,0.08,0.09,0.07,0.07,
新竹,2025/06/24 00:00:00,NO,0.6,0.7,0.6,0.5,0.4,1.4,4.2,6.9,4.9,2.2,1.5,1.5,1.4,1.3,1.2,1.2,1.7,1.3,1.4,0.7,0.6,0.5,0.6,0.4,
新竹,2025/06/24 00:00:00,NO2,10,11.3,11.5,9.9,9.2,10.8,10,10.2,9.6,6.4,6.2,7.3,6.7,6.1,4.4,4,5.1,6.8,11.8,8.6,9.1,12.5,12,10.1,
新竹,2025/06/24 00:00:00,NOx,10.6,12,12.1,10.5,9.7,12.3,14.2,17.1,14.5,8.7,7.7,8.8,8.1,7.5,5.7,5.2,6.9,8.1,13.3,9.4,9.7,13,12.7,10.6,
新竹,2025/06/24 00:00:00,O3,11.8,8.6,4.5,7.1,6,4,7,7.6,15,25,31.7,38.6,34.6,27.5,24.4,24.2,23.8,24.2,15.2,17.7,15.6,11.3,12.6,12.9,
新竹,2025/06/24 00:00:00,PM10,16,17,12,16,16,12,10,15,13,13,14,19,13,9,5,8,11,9,13,8,10,15,11,7,
新竹,2025/06/24 00:00:00,PM2.5,6,13,6,2,4,14,8,7,6,6,4,8,8,6,3,0,0,1,8,6,8,7,6,6,
新竹,2025/06/24 00:00:00,RAINFALL,0,0,0,0,0,0,0,0,0,0,0,0,0,0,0,0,0,0,0,0,0,0,0,0,
新竹,2025/06/24 00:00:00,RH,74,77,80,79,80,80,77,71,68,67,65,65,60,61,58,56,62,64,68,67,68,71,73,77,
新竹,2025/06/24 00:00:00,SO2,0.7,0.8,0.9,1.2,1.3,1.3,2,1.7,1.4,0.8,0.7,1.6,1.8,1.5,1,1.3,1.3,1.2,2.5,1.6,1.1,1.9,1.4,1.1,
新竹,2025/06/24 00:00:00,THC,2.23,2.24,2.21,2.17,2.2,2.24,2.2,2.19,2.09,2.02,2.03,2.06,2.03,2.02,1.99,1.99,2.01,2.05,2.12,2.13,2.11,2.13,2.1,2.12,
新竹,2025/06/24 00:00:00,WD_HR,254,206,178,172,172,164,167,189,235,244,247,246,249,249,244,240,247,245,255,239,227,237,228,188,
新竹,2025/06/24 00:00:00,WIND_DIREC,297,219,165,188,156,166,163,187,252,245,243,247,251,246,181,244,238,257,299,273,157,247,187,176,
新竹,2025/06/24 00:00:00,WIND_SPEED,0.8,0.7,0.6,0.4,0.6,1.1,0.9,1.4,2.2,3.1,3.3,2.8,2.9,2.6,1.5,2.5,1.9,2,1.5,0.7,0.7,1.9,1,1,
新竹,2025/06/24 00:00:00,WS_HR,0.7,0.4,0.8,0.6,0.6,0.5,0.7,0.7,1.2,2.5,2.3,2.8,3,2.5,1.6,1.5,1.8,1.2,1.6,1,0.5,0.7,0.8,0.7,
新竹,2025/06/25 00:00:00,AMB_TEMP,29.5,29.2,28.9,28.6,28.3,28.6,29.3,30.5,31.6,32.6,33.5,33.8,33.7,34.4,33.8,33.8,33.2,32.4,31.7,31.4,31.1,30.4,30,30.1,
新竹,2025/06/25 00:00:00,CH4,2.11,2.06,2.12,2.12,2.09,2.1,2.14,2.08,2.04,2.01,2.01,1.99,1.99,1.96,1.94,1.94,1.94,1.94,1.95,1.99,1.99,2.01,2.04,2.04,
新竹,2025/06/25 00:00:00,CO,0.2,0.18,0.19,0.19,0.19,0.2,0.22,0.23,0.22,0.16,0.16,0.16,0.14,0.15,0.12,0.11,0.12,0.15,0.19,0.23,0.2,0.21,0.21,0.2,
新竹,2025/06/25 00:00:00,NMHC,0.11,0.08,0.08,0.11,0.09,0.11,0.12,0.1,0.08,0.05,0.06,0.06,0.04,0.04,0.04,0.04,0.05,0.05,0.05,0.08,0.08,0.07,0.06,0.07,
新竹,2025/06/25 00:00:00,NO,1,0.3,0.5,0.5,0.7,1.1,3.8,5,3.7,3,2.1,1.9,1.2,1.1,1.3,1.6,1.7,1.4,0.8,0.6,0.4,0.5,0.5,0.7,
新竹,2025/06/25 00:00:00,NO2,15.1,11.5,10.1,11,9.5,11.5,13.8,10.3,9.1,8.2,6.6,7.9,4.5,4.5,4.8,4.5,5.1,5.7,5.9,7.5,8.3,9.4,13.3,23.3,
新竹,2025/06/25 00:00:00,NOx,16.1,11.9,10.6,11.5,10.3,12.6,17.7,15.3,12.9,11.2,8.7,9.9,5.7,5.6,6.1,6.2,6.8,7.1,6.8,8.2,8.8,10,13.9,24,
新竹,2025/06/25 00:00:00,O3,5.7,10.6,9.6,7.4,9,7.5,8,13.3,19.2,22.9,29.8,36.8,28.2,37.4,35.5,25.2,20.9,20,21.1,18,23.5,23.7,19,11.1,
新竹,2025/06/25 00:00:00,PM10,14,16,10,17,17,17,25,14,11,15,20,15,12,12,10,4,17,4,9,5,5,5,7,12,
新竹,2025/06/25 00:00:00,PM2.5,7,7,6,8,7,8,11,9,7,7,6,4,4,4,5,3,1,1,5,6,7,7,7,5,
新竹,2025/06/25 00:00:00,RAINFALL,0,0,0,0,0,0,0,0,0,0,0,0,0,0,0,0,0,0,0,0,0,0,0,0,
新竹,2025/06/25 00:00:00,RH,78,81,82,83,82,80,76,71,68,61,61,62,59,60,63,60,62,65,69,71,72,72,71,70,
新竹,2025/06/25 00:00:00,SO2,1.3,2.6,2.7,2.1,2.3,2.5,3.2,3.9,3,2.8,2.7,3.5,2.4,2.1,2.3,2.6,2.8,2.7,2.1,2.1,2.1,2.1,2.1,2.1,
新竹,2025/06/25 00:00:00,THC,2.22,2.14,2.2,2.23,2.18,2.21,2.26,2.18,2.12,2.06,2.07,2.05,2.03,2,1.98,1.98,1.99,1.99,2,2.07,2.07,2.08,2.1,2.11,
新竹,2025/06/25 00:00:00,WD_HR,172,170,162,170,161,172,242,235,208,256,246,268,256,245,256,255,254,243,246,269,84,60,132,155,
新竹,2025/06/25 00:00:00,WIND_DIREC,180,172,138,164,161,209,237,186,245,243,254,298,254,250,249,250,257,213,249,326,65,78,161,131,
新竹,2025/06/25 00:00:00,WIND_SPEED,1.4,1.1,0.4,1.1,0.6,0.6,0.7,1.1,1.8,2.7,1.9,3.2,2.4,2.5,2.9,2.9,2.4,1.5,1.1,0.9,1,1.1,1.1,0.7,
新竹,2025/06/25 00:00:00,WS_HR,1.1,0.9,0.7,0.7,0.7,0.5,0.7,0.8,1.1,1.7,1.7,2.1,2.3,2.6,2.3,2.5,2.2,1.8,0.7,0.5,0.8,0.9,0.6,0.5,
新竹,2025/06/26 00:00:00,AMB_TEMP,29.6,29.3,29,28.8,28.1,28.2,29,30.4,31.4,32,31.4,31.6,32.4,32.8,33.1,32.8,32.9,32.2,31.6,31.4,31.1,30.8,30.4,30,
新竹,2025/06/26 00:00:00,CH4,2.08,2.12,2.15,2.13,2.05,2.09,2.19,2.18,2.06,1.99,2.04,1.98,1.92,1.94,1.93,1.93,1.94,1.95,1.98,1.98,1.98,2.04,2.06,2.04,
新竹,2025/06/26 00:00:00,CO,0.17,0.16,0.17,0.14,0.11,0.15,0.23,0.32,0.3,0.19,0.22,0.18,0.12,0.12,0.11,0.11,0.12,0.16,0.2,0.18,0.18,0.23,0.18,0.15,
新竹,2025/06/26 00:00:00,NMHC,0.05,0.06,0.06,0.05,0.02,0.04,0.09,0.12,0.11,0.06,0.08,0.06,0.03,0.03,0.02,0.03,0.03,0.05,0.06,0.06,0.05,0.1,0.08,0.07,
新竹,2025/06/26 00:00:00,NO,0.6,0.6,1,1.3,0.5,1.3,5.5,10.3,6.3,2.1,1.3,1.1,1,0.9,0.9,0.9,1.2,1,0.8,0.6,0.6,0.9,0.9,0.8,
新竹,2025/06/26 00:00:00,NO2,13.1,10.3,15.9,15.3,4.3,12.7,14.2,15.7,13.4,7,8.5,6.3,3.5,3.1,2.6,2.6,3.6,4.8,6.1,6.2,5.3,9.2,9.5,8.5,
新竹,2025/06/26 00:00:00,NOx,13.7,11,16.9,16.7,4.9,14,19.7,26,19.7,9.2,9.8,7.5,4.6,4.1,3.6,3.6,4.9,5.8,6.9,6.9,6,10.2,10.4,9.3,
新竹,2025/06/26 00:00:00,O3,16.4,13.7,6.6,9.9,15.1,5,5.7,8.2,17.1,30.8,35.5,35.6,#,#,24,33.5,26.3,27.1,25,22.6,27.4,14.3,10.7,8.8,
新竹,2025/06/26 00:00:00,PM10,10,15,14,13,9,11,17,22,14,10,17,11,8,#,9,8,9,5,6,8,8,9,5,3,
新竹,2025/06/26 00:00:00,PM2.5,5,6,7,4,0,4,11,10,11,8,10,9,#,6,4,5,4,4,4,4,9,5,4,5,
新竹,2025/06/26 00:00:00,RAINFALL,0,0,0,0,0,0,0,0,0,0,0,0,0,0,0,0,0,0,0,0,0,0,0,0,
新竹,2025/06/26 00:00:00,RH,71,72,74,73,76,76,73,70,70,71,74,70,65,66,61,63,60,64,66,66,71,72,72,72,
新竹,2025/06/26 00:00:00,SO2,2,0.8,1.1,1.4,0.9,1.1,1.4,1.6,1.8,1.4,1.9,2,1.3,1.1,1.4,1.5,1.3,1.6,1.4,1.3,1.5,1.4,1.7,1.4,
新竹,2025/06/26 00:00:00,THC,2.13,2.18,2.21,2.18,2.07,2.13,2.28,2.3,2.17,2.05,2.12,2.04,1.95,1.97,1.95,1.96,1.97,2,2.04,2.04,2.03,2.14,2.14,2.11,
新竹,2025/06/26 00:00:00,WD_HR,88,90,117,173,165,91,77,90,51,330,265,286,264,285,280,272,283,312,282,275,225,183,193,103,
新竹,2025/06/26 00:00:00,WIND_DIREC,87,136,110,168,143,74,97,74,40,249,304,273,270,297,284,257,308,306,243,256,200,211,119,139,
新竹,2025/06/26 00:00:00,WIND_SPEED,1.3,0.3,0.5,1.7,0.8,0.4,0.6,0.8,1.4,2.2,1.9,2.6,2,2,1.7,1.7,1.6,2.1,1.6,2,0.7,0.9,0.5,0.7,
新竹,2025/06/26 00:00:00,WS_HR,0.9,0.8,0.5,0.9,0.9,0.7,0.5,0.7,0.7,0.4,1.4,1.8,1.8,1.7,1.9,1.3,1,0.9,1.1,1.3,0.7,0.8,0.7,0.7,
新竹,2025/06/27 00:00:00,AMB_TEMP,29.8,29.4,28.1,28.1,28.4,28,28.7,30.4,31.9,31.7,33,33.1,33.5,32.3,30.7,29.4,27.3,27.6,27.4,27.4,27.5,27,26.5,26.2,
新竹,2025/06/27 00:00:00,CH4,2.07,2.1,2.11,2.11,2.13,2.22,2.29,2.11,2,1.97,1.97,1.96,1.97,1.97,1.98,1.99,2.04,2.06,2.08,2.1,2.12,2.1,2.11,2.13,
新竹,2025/06/27 00:00:00,CO,0.15,0.15,0.11,0.11,0.13,0.15,0.23,0.24,0.16,0.11,0.11,0.1,0.11,0.12,0.15,0.16,0.21,0.27,0.36,0.38,0.37,0.3,0.25,0.23,
新竹,2025/06/27 00:00:00,NMHC,0.07,0.07,0.01,0.02,0.03,0.05,0.08,0.06,0.03,0,0,0,0,0,0.02,0.04,0.06,0.07,0.1,0.12,0.12,0.08,0.07,0.06,
新竹,2025/06/27 00:00:00,NO,0.7,0.6,0.6,0.6,0.7,2.1,10,10.9,2.9,1.6,1.6,1.2,1.3,0.9,0.6,0.9,2.9,4.4,5.3,4.8,5.9,5.6,2.4,1.7,
新竹,2025/06/27 00:00:00,NO2,8.8,9.6,7.3,7,18.5,12.3,11.8,10.7,6.1,3.5,3.7,3.3,3.6,3.9,4.4,8.1,15.1,15.9,17.4,16.4,16.5,15.6,13,13.1,
新竹,2025/06/27 00:00:00,NOx,9.5,10.2,7.9,7.6,19.3,14.5,21.9,21.6,9,5.1,5.3,4.6,5,4.9,5,9.1,18,20.4,22.8,21.3,22.4,21.3,15.5,14.8,
新竹,2025/06/27 00:00:00,O3,9.8,8.8,8.3,12.9,7.5,1.5,2.4,9,16.3,18,18.8,22.5,24.3,28.7,33.9,24.4,11.2,7.7,2.5,0.3,0,0.5,1,0.8,
新竹,2025/06/27 00:00:00,PM10,4,12,10,8,8,12,17,11,6,3,4,6,7,6,9,9,18,19,18,16,11,11,17,8,
新竹,2025/06/27 00:00:00,PM2.5,5,4,2,2,6,6,8,10,5,2,0,3,3,0,1,3,4,7,3,4,2,1,3,5,
新竹,2025/06/27 00:00:00,RAINFALL,0,0,0,0,0,0,0,0,0,0,0,0,0,0,0,0,0,0,0,0,0,0,0,0,
新竹,2025/06/27 00:00:00,RH,74,76,78,73,70,76,73,67,64,64,60,61,60,66,74,78,75,73,75,75,73,72,72,72,
新竹,2025/06/27 00:00:00,SO2,1.1,0.7,0.9,0.8,0.8,1,1.2,0.9,0.9,0.4,0.3,0,0.4,0.1,0.6,0.5,0.5,0.6,0.9,1,0.9,0.8,0.8,0.8,
新竹,2025/06/27 00:00:00,THC,2.14,2.17,2.12,2.13,2.16,2.27,2.37,2.17,2.03,1.96,1.97,1.95,1.97,1.97,2,2.03,2.1,2.13,2.18,2.22,2.24,2.18,2.18,2.19,
新竹,2025/06/27 00:00:00,WD_HR,177,157,162,166,121,86,84,209,253,303,270,282,278,273,262,124,93,99,85,77,88,77,77,81,
新竹,2025/06/27 00:00:00,WIND_DIREC,185,158,156,173,87,86,84,251,273,294,260,297,265,283,282,67,95,62,161,83,102,82,89,48,
新竹,2025/06/27 00:00:00,WIND_SPEED,1,1,0.5,1.1,1.2,0.7,0.9,1.1,1.8,1.6,2.4,2.6,2.5,1.7,1.2,1.3,1.5,1.1,0.7,1.5,0.6,1.7,1.3,0.7,
新竹,2025/06/27 00:00:00,WS_HR,0.7,0.5,1,1,0.6,0.7,0.7,0.1,0.7,1.2,1.3,1.6,1.9,1.9,1.4,0.7,1,0.8,1.1,1.1,0.8,1.1,1.1,0.7,
新竹,2025/06/28 00:00:00,AMB_TEMP,26.1,26.1,26,25.8,25.8,25.8,26.5,28.5,30.9,32.2,32.4,32.4,32.6,32.6,32.5,31.9,31.3,31,27.7,28.2,28.2,28.3,28.3,28.1,
新竹,2025/06/28 00:00:00,CH4,2.18,2.18,2.21,2.22,2.21,2.22,2.16,2.17,2.04,1.95,1.96,1.94,1.94,1.94,1.94,1.93,1.95,1.95,2.02,2.04,2.01,2.12,2.21,2.12,
新竹,2025/06/28 00:00:00,CO,0.21,0.17,0.15,0.15,0.13,0.17,0.2,0.27,0.22,0.14,0.14,0.13,0.12,0.12,0.12,0.12,0.14,0.15,0.18,0.22,0.21,0.31,0.38,0.27,
新竹,2025/06/28 00:00:00,NMHC,0.06,0.05,0.08,0.08,0.08,0.09,0.09,0.11,0.07,0.03,0.03,0.03,0.02,0.02,0.02,0.03,0.02,0.03,0.07,0.09,0.07,0.13,0.17,0.12,
新竹,2025/06/28 00:00:00,NO,2.2,1.1,0.9,1.6,0.9,2.7,7,9.1,8.2,2,1.1,0.8,0.8,0.8,0.6,0.6,0.6,0.5,0.5,0.5,0.4,0.4,0.7,0.6,
新竹,2025/06/28 00:00:00,NO2,13.8,13.1,12.8,13.7,12.1,14.4,13.3,12.5,12.7,5.4,5.6,4.2,3.8,3.5,3.4,3.5,3.7,3.8,7.9,9.5,8.2,13.7,18.7,14.2,
新竹,2025/06/28 00:00:00,NOx,16,14.3,13.7,15.3,13,17.2,20.3,21.6,20.9,7.4,6.7,5.1,4.6,4.4,4.1,4.2,4.4,4.3,8.5,10,8.7,14.2,19.4,14.8,
新竹,2025/06/28 00:00:00,O3,0.1,1.6,1.9,1.2,3.9,2.3,5.3,8.1,16.2,27.9,34.2,35.2,38.4,40.8,43.3,46.6,51.5,51,36.3,35.2,40.4,20.6,5.9,8.9,
新竹,2025/06/28 00:00:00,PM10,9,15,14,14,11,14,11,16,11,8,10,6,7,8,13,9,14,12,11,6,1,9,13,13,
新竹,2025/06/28 00:00:00,PM2.5,4,5,5,8,8,7,4,7,7,5,3,4,4,4,4,2,4,6,8,8,5,6,9,8,
新竹,2025/06/28 00:00:00,RAINFALL,0,0,0,0,0,0,0,0,0,0,0,0,0,0,0,0,0,0,22,3.5,0,0,0,0,
新竹,2025/06/28 00:00:00,RH,72,71,71,72,71,73,70,66,63,60,61,66,66,68,69,71,74,78,94,93,91,92,92,90,
新竹,2025/06/28 00:00:00,SO2,0.6,1.1,1.1,1,1.3,1.2,1.6,1.3,1.2,1,0.5,0.4,0.4,0.2,0.1,0.5,0.9,1,0.5,0.6,0.3,0.6,0.9,1,
新竹,2025/06/28 00:00:00,THC,2.24,2.23,2.29,2.3,2.29,2.31,2.25,2.28,2.11,1.98,1.99,1.97,1.96,1.96,1.96,1.96,1.97,1.98,2.09,2.13,2.08,2.25,2.38,2.24,
新竹,2025/06/28 00:00:00,WD_HR,85,89,87,83,84,90,79,68,54,51,327,301,297,304,304,301,295,309,171,67,97,70,82,87,
新竹,2025/06/28 00:00:00,WIND_DIREC,85,93,85,79,94,83,97,63,42,35,300,293,294,323,296,299,309,70,181,47,28,79,155,102,
新竹,2025/06/28 00:00:00,WIND_SPEED,1.5,1.1,1.7,0.6,0.5,1.3,0.8,1,1.1,0.9,2,2.4,2.8,1.8,2.2,2.9,2,1.2,0.7,1.3,0.3,0.4,0.3,0.4,
新竹,2025/06/28 00:00:00,WS_HR,1.1,1.1,1.1,0.9,0.5,0.9,0.8,0.7,0.8,0.7,1,1.7,1.7,1.5,1.5,2.1,1.8,1,1.2,0.7,0.8,0.3,0.3,0.7,
新竹,2025/06/29 00:00:00,AMB_TEMP,28,27.6,27.2,27.3,27.4,27.2,27.7,29,30.6,31.1,30.6,30.8,31.2,31,31.2,30.3,29.6,27.3,26,25.9,26.7,26.9,26.8,26.5,
新竹,2025/06/29 00:00:00,CH4,2.26,2.27,2.24,2.17,2.3,2.34,2.19,2.13,2.11,2.12,2.02,1.99,1.97,1.97,*,*,2.01,2.1,2.02,2.02,2.06,2.15,2.12,2.07,
新竹,2025/06/29 00:00:00,CO,0.31,0.27,0.21,0.18,0.17,0.21,0.22,0.2,0.19,0.18,0.15,0.16,0.15,0.14,0.13,0.12,0.14,0.21,0.16,0.18,0.29,0.34,0.25,0.15,
新竹,2025/06/29 00:00:00,NMHC,0.16,0.16,0.05,0.04,0.06,0.08,0.07,0.06,0.05,0.05,0,0,0,0,#,#,0,0.03,0.03,0.03,0.08,0.1,0.06,0.01,
新竹,2025/06/29 00:00:00,NO,3,3.8,0.9,0.8,0.6,1.5,3,2.7,2.3,1.3,0.7,0.8,0.8,0.7,0.7,0.7,0.6,0.8,0.8,0.7,3.5,4.9,3.5,0.8,
新竹,2025/06/29 00:00:00,NO2,19.2,14.9,9.7,8.4,7.6,8.5,7.7,6.7,6.6,6,4.4,4.2,3.8,3.4,3.2,2.8,3.9,8.1,7.6,9.7,30.3,26.5,15.2,7.4,
新竹,2025/06/29 00:00:00,NOx,22.2,18.8,10.6,9.2,8.3,10.1,10.7,9.5,8.9,7.4,5.2,5.1,4.6,4.2,3.9,3.5,4.6,8.9,8.5,10.4,33.8,31.5,18.7,8.2,
新竹,2025/06/29 00:00:00,O3,1.6,0.1,2.1,5.2,5.1,1.9,5.4,14,27.7,36.2,39.1,39.6,42.4,44.5,43.9,33.7,24.5,25.1,21.8,18.3,2.4,1.6,7.2,10.5,
新竹,2025/06/29 00:00:00,PM10,18,14,17,13,13,23,20,15,17,11,16,8,7,9,11,8,4,1,0,0,3,6,5,8,
新竹,2025/06/29 00:00:00,PM2.5,6,8,6,9,7,4,9,10,10,9,10,5,5,5,8,5,1,5,3,5,7,8,4,1,
新竹,2025/06/29 00:00:00,RAINFALL,0,0,0,0,0,0,0,0,0,0,0,0,0,0,0,1,0,32,5,0,0,0,0,0,
新竹,2025/06/29 00:00:00,RH,92,91,91,88,88,89,87,81,77,76,80,80,77,76,77,86,91,97,96,94,92,92,89,88,
新竹,2025/06/29 00:00:00,SO2,0.3,0.1,0.4,0.4,0.6,0.4,0.8,1.2,1.2,1.1,0.6,0.5,1,1,1.1,1.3,0.4,0.5,0.7,0.5,0.4,0.5,0.3,0.8,
新竹,2025/06/29 00:00:00,THC,2.42,2.43,2.29,2.21,2.36,2.42,2.26,2.19,2.16,2.17,2.02,1.99,1.97,1.96,*,*,2.01,2.13,2.05,2.05,2.14,2.25,2.18,2.08,
新竹,2025/06/29 00:00:00,WD_HR,165,90,70,81,93,62,35,35,68,8,322,304,308,308,308,317,47,183,180,158,174,135,169,169,
新竹,2025/06/29 00:00:00,WIND_DIREC,148,80,42,81,92,37,46,34,57,300,280,293,318,293,316,309,142,180,168,173,180,170,159,162,
新竹,2025/06/29 00:00:00,WIND_SPEED,0.4,1,0.3,1.2,0.4,0.7,0.7,0.9,1.4,1.6,1.1,1.2,1.6,2.1,2,1.3,1.6,0.9,0.9,1.2,0.9,0.8,1.3,1.2,
新竹,2025/06/29 00:00:00,WS_HR,0.5,0.7,0.5,0.9,0.4,0.5,0.6,0.8,0.8,0.6,0.4,1.3,0.9,1,1.2,0.6,0.3,1.1,1.3,0.7,0.7,0.6,0.9,1.1,
新竹,2025/06/30 00:00:00,AMB_TEMP,26.4,26.4,26.3,25.9,25.7,25.5,26.4,28.5,31,32.5,33.1,32.4,33.2,33.6,33.4,33.2,32.3,31.4,30.6,30.5,30.3,30.5,30.1,29.9,
新竹,2025/06/30 00:00:00,CH4,2.09,2.09,2.24,2.29,2.32,2.28,2.24,2.15,2.08,1.98,2,1.98,1.97,1.98,1.96,1.95,1.95,1.96,1.98,2.02,2.04,2.1,2.14,2.1,
新竹,2025/06/30 00:00:00,CO,0.13,0.11,0.15,0.16,0.15,0.16,0.22,0.35,0.4,0.21,0.21,0.18,0.18,0.18,0.16,0.15,0.14,0.15,0.18,0.22,0.23,0.32,0.28,0.21,
新竹,2025/06/30 00:00:00,NMHC,0,0,0.04,0.07,0.07,0.08,0.08,0.11,0.12,0.04,0.03,0.02,0.02,0.02,0.02,0.01,0,0,0.01,0.03,0.03,0.08,0.06,0.03,
新竹,2025/06/30 00:00:00,NO,0.6,0.7,1.7,3,2.7,5.6,8.6,12.4,12.3,3.4,2,1.1,1,1,1,0.9,0.8,0.9,0.7,0.6,0.6,0.7,0.7,0.7,
新竹,2025/06/30 00:00:00,NO2,6.3,6.2,16.6,12.1,9.1,9.8,8.9,10.1,15.9,7.5,7.2,5.5,5,4.7,4.6,3.4,2.9,3.1,4.9,5.9,6.9,10,12.1,9,
新竹,2025/06/30 00:00:00,NOx,6.9,6.9,18.3,15.2,11.8,15.5,17.6,22.6,28.2,11,9.3,6.6,6,5.8,5.7,4.3,3.8,4.1,5.6,6.5,7.6,10.7,12.8,9.7,
新竹,2025/06/30 00:00:00,O3,12.8,13.6,2.5,0,#,0,2.1,4.7,14.9,31,44.2,50.3,56,55.9,51.7,48,48.1,48.5,58,62.8,60.6,47.2,33.8,37,
新竹,2025/06/30 00:00:00,PM10,4,2,10,19,18,17,16,16,19,4,5,14,10,11,11,7,5,7,11,14,11,13,9,12,
新竹,2025/06/30 00:00:00,PM2.5,2,2,1,3,3,4,6,6,6,4,3,5,4,3,7,4,8,7,4,12,13,10,10,10,
新竹,2025/06/30 00:00:00,RAINFALL,0,0,0,0,0,0,0,0,0,0,0,0,0,0,0,0,0,0,0,0,0,0,0,0,
新竹,2025/06/30 00:00:00,RH,86,86,89,91,91,91,86,79,72,59,63,70,66,64,65,65,71,76,79,81,82,82,84,85,
新竹,2025/06/30 00:00:00,SO2,1.1,1.1,1.1,0.8,1.1,0.9,1.4,1.5,1.2,1.1,0.8,0.8,1,0.6,0.7,0.9,0.9,0.6,0.8,0.8,0.9,0.7,0.9,0.9,
新竹,2025/06/30 00:00:00,THC,2.09,2.09,2.28,2.36,2.39,2.36,2.32,2.26,2.2,2.02,2.03,2,1.99,2,1.98,1.96,1.95,1.96,1.99,2.05,2.07,2.18,2.2,2.13,
新竹,2025/06/30 00:00:00,WD_HR,171,168,146,96,97,66,52,79,79,73,294,295,282,287,333,337,346,313,310,307,305,109,166,169,
新竹,2025/06/30 00:00:00,WIND_DIREC,160,165,131,94,103,49,31,38,97,91,301,303,265,289,323,308,327,16,303,318,291,147,137,166,
新竹,2025/06/30 00:00:00,WIND_SPEED,1,0.9,0.3,0.4,0.6,0.7,0.6,0.7,0.9,1.3,1.9,2.2,2,2.1,2.1,1.8,1.7,1,1.3,0.9,0.8,0.5,0.3,0.6,
新竹,2025/06/30 00:00:00,WS_HR,1.1,1,0.4,0.5,0.5,0.6,0.4,0.6,0.5,0.8,0.7,1.7,1.6,1.5,0.7,0.7,1,0.9,1,0.7,0.7,0.4,0.8,0.6,
新竹,2025/07/01 00:00:00,AMB_TEMP,29.5,29.1,29,28.9,28.4,28.2,28.8,30.2,31.2,31.6,32.3,32.8,33.7,33.7,33.1,33.2,32.7,32.2,31.7,31.5,31.5,31.1,31,30.4,
新竹,2025/07/01 00:00:00,CH4,2.14,2.08,2.13,2.21,2.25,2.19,2.32,2.22,2.08,2.08,2.06,2.04,2.03,2.02,2,2.01,*,2.03,2.01,2.05,2.09,2.06,2.1,2.15,
新竹,2025/07/01 00:00:00,CO,0.2,0.16,0.16,0.18,0.17,0.16,0.24,0.32,0.3,0.26,0.21,0.19,0.19,0.17,0.17,0.19,0.2,0.19,0.2,0.25,0.29,0.24,0.26,0.25,
新竹,2025/07/01 00:00:00,NMHC,0.05,0.03,0,0.04,0.04,0.02,0.08,0.08,0.06,0.05,0.02,0.01,0,0,0,0,#,0,0,0.01,0.04,0.02,0.02,0.03,
新竹,2025/07/01 00:00:00,NO,0.7,0.8,0.8,0.8,1,1.4,5.7,10.5,3.5,2,1.3,1,1,1,0.9,0.8,0.9,0.8,0.7,0.8,0.6,0.7,0.8,0.7,
新竹,2025/07/01 00:00:00,NO2,6.6,6.3,6.1,11.4,10.4,8.9,10.1,14.2,10,9.5,7.4,5.3,4.8,4.1,3.6,3.7,4.1,3.5,4.8,5.9,7.9,6.9,8,9.5,
新竹,2025/07/01 00:00:00,NOx,7.4,7.1,7,12.2,11.4,10.3,15.8,24.7,13.6,11.5,8.8,6.3,5.8,5.1,4.5,4.6,5,4.3,5.5,6.7,8.5,7.7,8.8,10.3,
新竹,2025/07/01 00:00:00,O3,25.2,20.2,19.4,8.6,4.4,4.1,2.6,9.9,28.3,40.6,54.9,60.8,62.1,60,61.5,65,63.2,53.1,50.3,50.1,44.2,45.7,39.2,30,
新竹,2025/07/01 00:00:00,PM10,11,10,21,16,21,21,23,21,25,28,21,19,14,16,14,16,18,11,11,13,15,12,17,20,
新竹,2025/07/01 00:00:00,PM2.5,9,9,10,10,10,11,8,13,11,16,15,11,17,11,11,12,15,9,7,10,7,7,8,12,
新竹,2025/07/01 00:00:00,RAINFALL,0,0,0,0,0,0,0,0,0,0,0,0,0,0,0,0,0,0,0,0,0,0,0,0,
新竹,2025/07/01 00:00:00,RH,87,87,88,88,86,83,80,78,78,77,73,72,69,69,69,69,71,73,72,76,75,76,78,83,
新竹,2025/07/01 00:00:00,SO2,1,0.8,0.6,0.6,0.8,1.7,1.5,1.4,1.4,1.2,1.5,1,1.1,0.8,1.2,0.9,1,1.2,1.2,1.1,1.1,1.1,1.2,0.9,
新竹,2025/07/01 00:00:00,THC,2.19,2.11,2.13,2.25,2.29,2.21,2.4,2.3,2.14,2.13,2.08,2.05,2.03,2.01,1.99,2,*,2.02,2,2.06,2.13,2.08,2.12,2.18,
新竹,2025/07/01 00:00:00,WD_HR,198,169,168,83,44,84,69,97,185,343,303,297,307,323,304,306,339,310,304,295,207,235,162,162,
新竹,2025/07/01 00:00:00,WIND_DIREC,153,170,149,79,61,84,95,181,303,293,302,313,288,342,311,296,347,323,306,248,202,193,161,160,
新竹,2025/07/01 00:00:00,WIND_SPEED,0.7,0.7,0.7,0.5,0.6,1.1,0.6,1.1,1.1,1.4,2.5,1.8,2,1.7,1.6,2.8,2.1,1.5,1.6,0.9,1,0.5,1.1,1.2,
新竹,2025/07/01 00:00:00,WS_HR,0.5,0.6,0.9,0.7,0.7,1.1,0.4,0.5,0.4,0.5,1.6,1,1.1,1,1.5,1.4,0.8,0.9,0.8,1,0.5,0.4,0.8,0.9,
新竹,2025/07/02 00:00:00,AMB_TEMP,29.9,30,30,29.5,29.1,29.1,29.4,30.7,32,33,34.1,34.5,34.4,35.2,36,35.7,34.9,34.2,33.8,32.7,31.7,31.3,30.8,30.6,
新竹,2025/07/02 00:00:00,CH4,2.12,2.11,2.22,2.25,2.22,2.14,2.09,2.07,2.09,2.12,2.15,2.13,2.09,2.06,2.06,2.05,2.05,2.04,2.04,2.04,2.03,2.06,2.08,2.09,
新竹,2025/07/02 00:00:00,CO,0.22,0.19,0.23,0.22,0.19,0.18,0.19,0.2,0.19,0.22,0.21,0.21,0.18,0.17,0.17,0.18,0.19,0.24,0.25,0.18,0.16,0.16,0.15,0.15,
新竹,2025/07/02 00:00:00,NMHC,0.01,0,0.04,0.05,0.03,0.02,0.02,0.03,0.07,0.08,0.05,0.04,0.01,0.02,0.02,0.02,0.03,0.04,0.06,0.03,0.02,0.01,0.01,0,
新竹,2025/07/02 00:00:00,NO,0.6,0.4,0.3,0.4,0.4,0.6,1,2.6,3,1.9,0.9,1,0.8,0.9,1,0.8,0.9,0.5,0.6,0.6,0.6,0.7,0.6,0.5,
新竹,2025/07/02 00:00:00,NO2,7.7,6.6,11.4,11.8,10,7.1,7.4,7.2,8.2,8.8,8.1,8.4,6,6.6,6.7,6.1,7,6.3,8.7,8.1,6.9,6.7,6.8,6.2,
新竹,2025/07/02 00:00:00,NOx,8.4,7,11.8,12.2,10.5,7.7,8.4,9.9,11.2,10.7,9.1,9.4,6.8,7.5,7.7,6.9,7.9,6.8,9.3,8.7,7.6,7.5,7.4,6.7,
新竹,2025/07/02 00:00:00,O3,30.2,33,17.5,11,7.3,14.4,16.6,15.2,22.6,40.3,59.6,62.4,61.2,59.3,59.9,61.7,59.2,60,39.9,19.4,15.1,16.7,16.6,18,
新竹,2025/07/02 00:00:00,PM10,19,20,23,25,24,26,17,18,19,17,22,21,13,16,21,18,21,19,16,15,15,14,13,8,
新竹,2025/07/02 00:00:00,PM2.5,13,11,21,11,18,14,12,10,7,7,11,9,17,8,10,10,14,11,12,11,8,11,10,9,
新竹,2025/07/02 00:00:00,RAINFALL,0,0,0,0,0,0,0,0,0,0,0,0,0,0,0,0,0,0,0,0,0,0,0,0,
新竹,2025/07/02 00:00:00,RH,85,84,84,86,85,83,80,72,67,63,60,61,60,55,54,56,59,62,63,62,63,62,65,65,
新竹,2025/07/02 00:00:00,SO2,0.7,1.7,2.2,1.3,1.8,1.8,1.4,1.4,1.7,1.4,1.6,2,2.1,2,1.9,1.8,2.1,1.4,1.7,1.5,1.3,1.2,1.2,1.3,
新竹,2025/07/02 00:00:00,THC,2.13,2.11,2.26,2.3,2.25,2.16,2.11,2.1,2.16,2.2,2.2,2.17,2.1,2.08,2.08,2.07,2.08,2.08,2.1,2.07,2.05,2.07,2.09,2.09,
新竹,2025/07/02 00:00:00,WD_HR,168,174,110,100,37,85,78,31,19,301,266,258,267,246,258,261,252,232,113,64,64,67,64,69,
新竹,2025/07/02 00:00:00,WIND_DIREC,157,121,87,74,69,45,79,14,49,277,301,274,243,258,250,266,249,183,67,65,64,71,86,72,
新竹,2025/07/02 00:00:00,WIND_SPEED,0.7,0.6,1.2,0.5,0.7,0.7,1.3,1.1,1.2,1.8,2.2,2,2.3,2.3,2.7,2.1,2.1,1,1.9,2,2,1.8,1.9,1.5,
新竹,2025/07/02 00:00:00,WS_HR,1,0.8,0.6,0.4,0.7,0.8,1.3,0.8,0.5,0.3,1.5,2.1,2,1.6,1.6,1.9,1.7,1.3,0.6,1.7,1.4,1.6,1.5,1.3,
新竹,2025/07/03 00:00:00,AMB_TEMP,30.3,30,29.8,29.6,29.3,29.3,29.8,30.6,32,32.7,33.6,33.7,34.2,35.4,36.7,35.5,35.2,34.7,34.1,32.8,32.1,31.8,31.3,30.8,
新竹,2025/07/03 00:00:00,CH4,2.09,2.11,2.07,2.07,2.06,2.06,2.07,2.09,2.04,2.04,2.04,#,#,2.05,2.07,2.05,2.07,2.08,2.07,2.09,2.09,2.12,2.13,2.17,
新竹,2025/07/03 00:00:00,CO,0.14,0.14,0.14,0.14,0.14,0.15,0.17,0.26,0.28,0.28,0.23,#,#,0.21,0.21,0.2,0.22,0.26,0.24,0.21,0.23,0.23,0.23,0.25,
新竹,2025/07/03 00:00:00,NMHC,0,0,0.01,0.02,0.02,0.03,0.04,0.08,0.08,0.08,0.06,#,#,0.09,0.08,0.06,0.07,0.09,0.1,0.07,0.08,0.08,0.07,0.08,
新竹,2025/07/03 00:00:00,NO,0.3,0.9,0.7,0.7,0.7,0.7,1.4,5,4.3,1.9,1,#,#,0.9,1.3,1.4,1.2,0.9,0.9,0.9,0.7,0.8,0.8,0.8,
新竹,2025/07/03 00:00:00,NO2,5.3,5.7,4.9,4.7,4.5,5,6.8,12.8,9.7,9.5,5.9,#,#,4.3,7.1,6.7,7.1,9.5,9.1,8.2,8.1,9.4,9.8,10.1,
新竹,2025/07/03 00:00:00,NOx,5.7,6.6,5.6,5.5,5.2,5.8,8.3,17.8,14,11.5,7,#,#,5.2,8.4,8.2,8.4,10.5,10,9.1,8.9,10.3,10.7,11,
新竹,2025/07/03 00:00:00,O3,18.4,17.6,19,18.8,19.1,17.5,15.5,12.9,28.2,43.4,59,63.4,#,#,54.4,51.3,55.8,54.3,31.7,24.1,20.5,19.2,17.5,17.9,
新竹,2025/07/03 00:00:00,PM10,15,14,13,16,19,13,13,16,27,21,18,21,#,25,28,32,27,25,20,20,11,15,12,18,
新竹,2025/07/03 00:00:00,PM2.5,6,7,7,9,9,6,7,10,12,14,17,#,12,15,10,14,12,11,8,4,4,9,7,10,
新竹,2025/07/03 00:00:00,RAINFALL,0,0,0,0,0,0,0,0,0,0,0,#,#,0,0,0,0,0,0,0,0,0,0,0,
新竹,2025/07/03 00:00:00,RH,65,67,70,72,73,72,70,71,70,66,63,63,61,58,55,62,62,63,53,54,57,58,60,67,
新竹,2025/07/03 00:00:00,SO2,0.8,0,0,0,0,0.1,0.2,1.1,#,1,0.1,#,#,0.4,0.4,0,0.1,0.1,0,0,0,0,0,0.5,
新竹,2025/07/03 00:00:00,THC,2.08,2.1,2.08,2.09,2.08,2.09,2.11,2.17,2.12,2.12,2.1,#,#,2.14,2.15,2.11,2.14,2.17,2.17,2.16,2.17,2.2,2.2,2.25,
新竹,2025/07/03 00:00:00,WD_HR,81,74,79,77,76,76,71,117,161,303,327,301,294,277,161,165,176,174,78,70,71,56,83,83,
新竹,2025/07/03 00:00:00,WIND_DIREC,88,77,77,82,70,79,79,108,63,9,307,312,299,258,192,168,148,167,95,71,84,64,79,100,
新竹,2025/07/03 00:00:00,WIND_SPEED,1.5,1.5,1.6,1.9,1.6,0.9,0.9,0.6,0.5,1.8,2,1.4,2.6,2,2.2,2.5,1.1,1.8,1.9,1.8,0.8,0.9,1.5,0.7,
新竹,2025/07/03 00:00:00,WS_HR,1.1,1.1,1.4,1.3,1.4,1.3,0.9,0.6,0.7,0.9,1,1.6,2.4,1.6,1.2,1.8,1.5,1.2,1.4,1.6,0.9,1,1,1.1,
新竹,2025/07/04 00:00:00,AMB_TEMP,30.3,29.7,29.4,29.2,29.3,29.4,29.9,31.2,32.7,33.4,33.9,34.1,34.1,33.6,33.3,33.3,32.8,32.1,31.3,29.5,28.6,28.6,28.9,29.2,
新竹,2025/07/04 00:00:00,CH4,2.22,2.17,2.15,2.11,2.08,2.11,2.15,2.13,2.12,2.05,2.04,2.03,2.03,2.03,2.02,2.02,2.01,2.01,2.04,2.04,2.06,2.03,2.05,2.07,
新竹,2025/07/04 00:00:00,CO,0.28,0.23,0.21,0.18,0.17,0.18,0.22,0.34,0.37,0.24,0.22,0.2,0.21,0.21,0.21,0.22,0.22,0.24,0.3,0.26,0.27,0.24,0.21,0.19,
新竹,2025/07/04 00:00:00,NMHC,0.1,0.07,0.04,0.05,0.03,0.04,0.05,0.1,0.11,0.05,0.04,0.03,0.03,0.03,0.03,0.03,0.03,0.02,0.07,0.06,0.07,0.06,0.03,0.03,
新竹,2025/07/04 00:00:00,NO,0.7,0.6,0.6,0.6,0.6,0.7,1.7,8.3,6.1,1.3,0.9,0.9,0.9,0.8,0.8,0.8,0.8,0.7,0.6,0.7,0.8,0.8,0.8,0.8,
新竹,2025/07/04 00:00:00,NO2,13,9.9,9.5,7.1,5.7,6.1,8.5,21.1,14.3,6.5,5,4.3,4.1,4.7,4.5,3.6,3.7,4.3,7.4,9,9.6,8.8,10.5,11.9,
新竹,2025/07/04 00:00:00,NOx,13.7,10.6,10.2,7.7,6.4,6.9,10.3,29.5,20.4,7.9,6,5.3,5,5.5,5.3,4.5,4.5,5,8.1,9.7,10.5,9.7,11.3,12.7,
新竹,2025/07/04 00:00:00,O3,13.5,13.5,12.5,15.9,19.4,16.6,15.7,13.5,30.7,53.8,58.6,61.3,61.8,71,72.8,70.6,62.6,65.1,53.9,49.1,33.5,26,23.8,23.6,
新竹,2025/07/04 00:00:00,PM10,25,19,21,13,11,11,18,21,19,19,22,26,22,37,30,29,26,21,22,5,8,9,8,7,
新竹,2025/07/04 00:00:00,PM2.5,16,10,12,9,7,6,5,11,14,14,11,10,13,16,16,18,14,15,15,9,11,6,3,2,
新竹,2025/07/04 00:00:00,RAINFALL,0,0,0,0,0,0,0,0,0,0,0,0,0,0,0,0,0,0,0,0,0,0,0,0,
新竹,2025/07/04 00:00:00,RH,72,75,75,74,70,69,70,68,62,60,59,60,62,67,69,68,68,67,73,71,83,82,78,76,
新竹,2025/07/04 00:00:00,SO2,0.4,0.6,0.7,0.6,1.1,0.8,1.1,1.4,1.3,1,0.9,1.2,0.9,0.7,1.1,0.9,1.3,1.6,1.2,0.9,0.7,0.5,0.7,0.5,
新竹,2025/07/04 00:00:00,THC,2.32,2.24,2.19,2.16,2.11,2.15,2.2,2.23,2.23,2.1,2.08,2.06,2.06,2.06,2.05,2.05,2.04,2.03,2.11,2.1,2.13,2.09,2.08,2.1,
新竹,2025/07/04 00:00:00,WD_HR,80,83,83,70,81,82,85,167,21,347,337,328,321,291,301,315,302,293,199,174,196,179,170,167,
新竹,2025/07/04 00:00:00,WIND_DIREC,69,84,57,72,86,73,107,144,332,337,303,335,281,288,287,336,289,291,194,177,185,168,164,163,
新竹,2025/07/04 00:00:00,WIND_SPEED,1.2,0.7,0.7,1.1,1.4,1,0.4,0.6,1,1.4,1.7,1.9,2.4,3,1.8,1.6,2.9,2.1,2.2,1.8,1.5,1.5,1.1,1.4,
新竹,2025/07/04 00:00:00,WS_HR,1,1.1,1,1.1,0.9,0.8,0.6,0.5,0.4,0.8,0.7,1,1.2,2.2,1.6,0.9,1.2,1.4,1.4,1.3,0.9,1,1.1,0.9,
新竹,2025/07/05 00:00:00,AMB_TEMP,28.9,29,28.9,29.2,29.2,29.3,29.3,29.8,30.5,31.5,31.6,31.7,31.2,31.4,31.5,31.7,31.6,31.1,30.7,30.6,30.4,27.1,27.2,27.8,
新竹,2025/07/05 00:00:00,CH4,2.08,2.06,2.06,2.07,2.03,2.1,2.12,2.1,2.03,2.03,2.03,1.96,1.94,1.94,1.94,1.94,1.97,1.95,1.94,1.96,1.99,1.99,1.99,2.02,
新竹,2025/07/05 00:00:00,CO,0.18,0.16,0.15,0.16,0.16,0.19,0.24,0.26,0.23,0.25,0.19,0.16,0.13,0.13,0.12,0.14,0.17,0.16,0.16,0.16,0.2,0.22,0.17,0.17,
新竹,2025/07/05 00:00:00,NMHC,0.02,0.02,0.01,0.02,0.02,0.04,0.06,0.07,0.06,0.06,0.04,0.03,0.02,0.01,0.01,0.03,0.03,0.03,0.03,0.03,0.04,0.05,0.03,0.03,
新竹,2025/07/05 00:00:00,NO,0.7,0.5,0.3,0.4,0.3,0.4,1.5,3,2.3,2.6,1.4,0.7,0.7,0.9,0.7,0.6,0.6,0.4,0.4,0.4,0.3,0.5,0.3,0.2,
新竹,2025/07/05 00:00:00,NO2,6.7,6.6,5.2,5.2,5.3,8.5,11,10.5,9.1,8.6,6.6,4.5,3.5,3.6,3.3,3.5,4.6,4.4,4.5,4.6,4.8,6.9,6.6,10.5,
新竹,2025/07/05 00:00:00,NOx,7.5,7.2,5.5,5.6,5.7,9,12.5,13.5,11.4,11.3,8,5.3,4.3,4.5,4,4.2,5.2,4.8,5,5,5.2,7.4,7,10.7,
新竹,2025/07/05 00:00:00,O3,25,25.3,25.2,22.5,22.5,10.5,8.8,11.2,18,24.3,33.9,36.4,33.1,33.4,36,37.1,36.2,35.1,36.2,33.2,32.9,31,30.5,24.6,
新竹,2025/07/05 00:00:00,PM10,7,5,8,6,5,10,15,9,13,11,10,10,9,7,7,11,8,8,7,8,9,8,4,4,
新竹,2025/07/05 00:00:00,PM2.5,0,0,0,0,1,4,8,9,5,3,4,1,1,2,1,3,4,4,3,3,5,6,6,5,
新竹,2025/07/05 00:00:00,RAINFALL,0,0,0,0,0,0,0,0,0,0,0,0,0,0,0,0,0,0,0,0,0,0,0,0,
新竹,2025/07/05 00:00:00,RH,76,75,75,73,72,75,76,75,73,70,70,72,72,71,73,73,70,73,74,75,77,89,89,86,
新竹,2025/07/05 00:00:00,SO2,0.7,0.4,0.5,0.7,0.5,0.9,1.3,1.2,1.1,1,0.7,0.4,0,0.2,0.1,0.1,0.2,0.3,0.4,0.9,0.6,0.3,0.2,0.2,
新竹,2025/07/05 00:00:00,THC,2.1,2.08,2.07,2.09,2.05,2.14,2.18,2.17,2.09,2.09,2.07,1.99,1.96,1.95,1.95,1.97,2,1.98,1.97,1.99,2.03,2.04,2.02,2.05,
新竹,2025/07/05 00:00:00,WD_HR,171,175,168,166,168,87,86,65,46,0,60,311,297,302,12,52,47,40,59,297,256,226,166,48,
新竹,2025/07/05 00:00:00,WIND_DIREC,156,182,167,152,162,146,105,3,221,42,49,305,307,293,348,56,74,3,51,289,250,180,145,15,
新竹,2025/07/05 00:00:00,WIND_SPEED,0.7,1.1,0.8,0.8,0.6,0.4,0.8,1,0.8,1.3,1.9,1.4,1.6,1.9,1.4,2.1,1.4,1.2,1.1,1.4,3.8,1.5,0.9,0.8,
新竹,2025/07/05 00:00:00,WS_HR,0.7,1.1,0.9,0.6,0.8,0.5,0.7,0.9,0.4,0.4,0.6,0.9,1.9,1.4,0.3,1.5,1,0.3,0.5,0.8,2,1.3,1.1,0.7,
新竹,2025/07/06 00:00:00,AMB_TEMP,28.1,28.4,28,28,27.9,28.1,28.4,29,30,30.2,30.1,31,31.5,31.2,31.3,31.3,31.2,31.2,30.8,30.1,30.1,29.3,28.1,27.8,
新竹,2025/07/06 00:00:00,CH4,2.08,2.1,2.09,2.09,2.07,2.09,2.11,2.11,2.08,2.01,1.97,1.96,1.99,1.99,1.99,2.03,2.11,2.1,2.07,2.07,2,1.99,2,2.01,
新竹,2025/07/06 00:00:00,CO,0.18,0.17,0.17,0.14,0.14,0.15,0.16,0.17,0.18,0.17,0.15,0.15,0.17,0.16,0.15,0.19,0.23,0.24,0.23,0.22,0.12,0.12,0.11,0.12,
新竹,2025/07/06 00:00:00,NMHC,0.06,0.06,0.04,0.05,0.04,0.06,0.07,0.07,0.07,0.04,0.02,0.02,0.03,0.02,0.02,0.05,0.08,0.11,0.09,0.08,0.03,0.02,0.01,0.02,
新竹,2025/07/06 00:00:00,NO,0.3,0.5,0.4,0.4,0.4,0.4,0.8,1.3,1.4,0.8,0.7,0.8,0.8,0.8,0.9,0.6,0.7,0.7,0.7,0.6,0.6,0.6,0.5,0.5,
新竹,2025/07/06 00:00:00,NO2,7.6,7.3,8.4,6.1,5.2,7.1,9.2,7.5,6.9,5.1,4.1,3.2,4.6,4.7,5.2,5.5,7.2,8.6,9.2,11.5,6.9,4.9,4.6,4.8,
新竹,2025/07/06 00:00:00,NOx,7.9,7.8,8.9,6.6,5.7,7.6,10,8.8,8.4,6,4.9,4.1,5.5,5.5,6.2,6.1,7.9,9.4,10,12.2,7.6,5.5,5.1,5.3,
新竹,2025/07/06 00:00:00,O3,22.8,23.1,17.7,19.6,16.5,17.8,19.9,25.9,31.7,37.6,40.6,45.3,48.1,46.8,46.8,46.9,41.8,30.4,16.6,11.9,20,19.7,20.6,20.7,
新竹,2025/07/06 00:00:00,PM10,5,4,9,6,4,7,9,19,17,17,12,10,17,8,15,13,15,19,9,12,7,3,2,0,
新竹,2025/07/06 00:00:00,PM2.5,4,6,5,2,0,2,6,3,10,8,4,1,9,7,9,6,5,11,8,4,1,0,0,0,
新竹,2025/07/06 00:00:00,RAINFALL,0,0,0,0,0,0,0,0,0,0,0,0,0,0,0,0,0,0,0,0,0,0,0,0,
新竹,2025/07/06 00:00:00,RH,85,83,85,85,85,84,84,82,77,80,81,76,73,76,75,77,78,73,68,70,58,67,74,76,
新竹,2025/07/06 00:00:00,SO2,0.1,1.6,1.9,1.8,1.7,1.5,1.9,2.2,2.3,1.9,2,1.6,1.8,2,2.1,1.7,1.6,2.1,1.8,1.8,1.6,1.6,1.5,1.4,
新竹,2025/07/06 00:00:00,THC,2.14,2.16,2.13,2.14,2.11,2.15,2.18,2.18,2.15,2.05,1.99,1.98,2.02,2.01,2.01,2.08,2.19,2.21,2.16,2.15,2.03,2.01,2.01,2.03,
新竹,2025/07/06 00:00:00,WD_HR,50,62,79,64,81,87,83,59,18,293,292,309,277,303,320,50,51,46,45,56,65,71,69,56,
新竹,2025/07/06 00:00:00,WIND_DIREC,30,53,66,91,97,111,89,71,241,274,33,318,287,311,0,59,28,56,55,55,68,71,82,34,
新竹,2025/07/06 00:00:00,WIND_SPEED,0.3,0.5,0.4,1.1,0.7,0.5,0.7,0.7,0.8,2.3,1.3,1.7,1.6,1.6,0.9,1.8,2,1.1,2,2.2,2.6,2.2,1.2,2,
新竹,2025/07/06 00:00:00,WS_HR,0.4,0.5,0.7,0.6,0.6,0.4,0.7,0.7,0.3,0.8,1.3,1.3,1.3,1.3,0.8,1.2,1.7,1.4,1.5,1.7,2,2.1,1.3,1,
新竹,2025/07/07 00:00:00,AMB_TEMP,27.5,27,26.7,26.7,26.4,26.1,25.7,25.1,24.8,25.1,25.3,26.1,27.1,28.9,29.7,30.1,30.1,29.7,29.3,29.8,29.7,29.7,29.6,29.5,
新竹,2025/07/07 00:00:00,CH4,2.07,2.13,2.19,2.1,1.99,1.98,1.98,1.98,1.98,2,2,1.98,1.99,2,2,2.02,2.02,2.01,2.05,2.04,2.04,2.01,2,2.01,
新竹,2025/07/07 00:00:00,CO,0.15,0.15,0.16,0.14,0.11,0.1,0.09,0.1,0.1,0.12,0.11,0.12,0.12,0.13,0.15,0.18,0.19,0.2,0.26,0.22,0.19,0.16,0.14,0.14,
新竹,2025/07/07 00:00:00,NMHC,0.03,0.03,0.05,0.06,0.03,0.01,0.01,0.01,0.03,0.03,0.03,0.04,0.04,0.05,0.06,0.06,0.06,0.06,0.09,0.07,0.06,0.04,0.03,0.03,
新竹,2025/07/07 00:00:00,NO,0.6,0.3,0.6,0.6,0.6,0.5,0.5,0.6,0.7,0.7,0.8,0.7,0.6,0.8,0.7,0.7,0.6,0.5,0.6,0.6,0.3,0.5,0.5,0.6,
新竹,2025/07/07 00:00:00,NO2,9.8,7.8,6.6,6.5,4,2.8,2.7,2.8,2.9,3.6,3.3,3.2,3.5,3.3,3.7,4.2,4.5,4.9,7.2,7.1,6.2,4.7,3.5,3.8,
新竹,2025/07/07 00:00:00,NOx,10.5,8.2,7.2,7.2,4.6,3.3,3.2,3.5,3.7,4.4,4.1,4,4.1,4.2,4.4,4.9,5.1,5.4,7.8,7.7,6.6,5.2,4,4.4,
新竹,2025/07/07 00:00:00,O3,11.6,7.5,6.6,9.5,15.3,22.4,25.6,26.9,27.7,24.3,26.4,27.9,30,30.5,31.7,33.3,33.8,32,27,29.3,31.1,33.9,35.1,33,
新竹,2025/07/07 00:00:00,PM10,4,9,17,10,6,4,2,0,0,1,0,1,2,4,5,4,10,8,7,13,11,12,13,14,
新竹,2025/07/07 00:00:00,PM2.5,5,5,1,0,2,1,0,0,1,2,0,0,2,2,1,0,2,1,2,6,8,6,7,6,
新竹,2025/07/07 00:00:00,RAINFALL,0,0,0.5,1,1,2.5,6,8.5,7.5,10.5,9,8,2.5,0,0,0,0,0,0,0,0,0,0,0,
新竹,2025/07/07 00:00:00,RH,80,86,90,92,94,93,94,97,98,98,97,93,86,77,76,77,77,76,77,74,74,77,77,78,
新竹,2025/07/07 00:00:00,SO2,1.7,0.2,0.4,0.5,0.5,0.5,0.3,0.5,0.7,0.8,0.6,0.7,0.8,1.2,1,1.1,1.3,1.1,1.1,1.1,1.2,1.1,1,1.1,
新竹,2025/07/07 00:00:00,THC,2.1,2.16,2.24,2.16,2.02,1.99,1.99,1.99,2.01,2.03,2.03,2.02,2.03,2.05,2.06,2.08,2.08,2.07,2.14,2.11,2.1,2.05,2.03,2.04,
新竹,2025/07/07 00:00:00,WD_HR,159,170,186,191,195,194,220,205,193,211,205,208,191,231,238,247,245,206,233,244,245,247,247,245,
新竹,2025/07/07 00:00:00,WIND_DIREC,134,175,192,196,196,198,240,187,195,227,204,214,186,245,241,247,246,191,245,218,245,247,248,248,
新竹,2025/07/07 00:00:00,WIND_SPEED,0.8,1.1,1.3,2.8,2.4,2.6,3.8,3.2,2.8,2.5,1.6,1.5,1.5,3.1,3.5,3.8,3.4,1.5,2,1.9,3.4,3.5,4,4.5,
新竹,2025/07/07 00:00:00,WS_HR,0.9,1.1,0.8,1.7,1.8,2.2,2.2,1.9,1.9,1.2,1.1,1.2,1.2,1.3,2.3,2.9,2.6,1.2,0.9,2.1,2.5,3.5,3.9,3.3,
新竹,2025/07/08 00:00:00,AMB_TEMP,29.5,29.4,29.5,29.9,29.8,29.8,29.8,30.1,30.6,31.5,29.3,32,33.1,33.1,33.2,33.4,33.4,33.1,32.8,32.2,31.9,30.8,25.3,24.8,
新竹,2025/07/08 00:00:00,CH4,2.01,2.02,2.04,2.04,2.04,2.04,2.05,2.05,2.05,2.05,2.08,2.08,2.07,2.07,2.07,2.09,2.09,2.09,2.1,2.11,2.09,2.09,2.07,2.07,
新竹,2025/07/08 00:00:00,CO,0.15,0.14,0.13,0.13,0.14,0.15,0.18,0.2,0.23,0.23,0.26,0.27,0.26,0.23,0.23,0.24,0.25,0.29,0.31,0.28,0.24,0.23,0.17,0.17,
新竹,2025/07/08 00:00:00,NMHC,0.03,0.03,0,0,0,0,0,0,0.01,0.03,0.05,0.08,0.06,0.05,0.07,0.07,0.07,0.08,0.07,0.05,0.03,0.02,0,0,
新竹,2025/07/08 00:00:00,NO,0.4,0.3,0.3,0.3,0.4,0.3,0.3,0.4,1,1.2,1.6,2.1,1.6,1.1,1.3,1.2,1,0.8,0.6,0.5,0.5,0.4,0.4,0.3,
新竹,2025/07/08 00:00:00,NO2,4,3.8,2.9,2.8,3,3.2,3.9,4.9,6,6.3,7.2,8.8,8.3,7.6,9.1,9.1,8.4,10.2,10.2,9.5,7.3,6.5,5,5.3,
新竹,2025/07/08 00:00:00,NOx,4.5,4.1,3.2,3.2,3.5,3.5,4.3,5.3,7,7.5,8.8,11,10,8.7,10.4,10.3,9.5,11.1,10.8,10,7.8,6.9,5.4,5.7,
新竹,2025/07/08 00:00:00,O3,32.2,32.6,33.2,35.3,37.3,39.4,38.1,37.7,37.2,37.9,38.6,36.5,41,43.7,42.8,43,42.2,38.2,38.1,36.5,39.1,37.8,47.8,42.9,
新竹,2025/07/08 00:00:00,PM10,15,10,18,12,14,17,23,14,22,18,12,11,10,9,12,18,18,14,9,10,15,15,7,3,
新竹,2025/07/08 00:00:00,PM2.5,5,5,5,4,10,12,11,9,8,6,11,7,10,7,6,10,10,6,10,7,7,8,6,1,
新竹,2025/07/08 00:00:00,RAINFALL,0,0,0,0,0,0,0,0,0,0,3.5,0,0,0,0,0,0,0,0,0,0,0,38.5,6,
新竹,2025/07/08 00:00:00,RH,78,78,75,71,72,73,74,73,72,70,86,70,62,62,57,56,56,51,54,54,56,65,97,98,
新竹,2025/07/08 00:00:00,SO2,0.8,1.1,1,1.1,0.9,1,1,1,1,1,1,1.1,1.1,0.6,0.7,0.9,0.6,0.5,1,1.2,1,0.6,0.9,0.7,
新竹,2025/07/08 00:00:00,THC,2.04,2.05,2.03,2.03,2.03,2.03,2.05,2.05,2.06,2.08,2.13,2.16,2.13,2.12,2.14,2.16,2.16,2.17,2.17,2.16,2.12,2.11,2.07,2.07,
新竹,2025/07/08 00:00:00,WD_HR,236,207,203,226,241,217,221,237,238,240,229,226,232,244,234,242,244,234,224,237,242,252,251,174,
新竹,2025/07/08 00:00:00,WIND_DIREC,214,211,212,243,243,214,245,242,237,248,244,200,214,228,240,251,239,226,249,243,246,286,202,182,
新竹,2025/07/08 00:00:00,WIND_SPEED,2,1.9,1.9,2.7,3.3,2.3,2.5,2.8,3.1,5.1,3.2,2,1.5,2.2,2.7,2.3,3.5,1.8,3.3,2.9,3.3,4.5,1.6,1.3,
新竹,2025/07/08 00:00:00,WS_HR,2.3,1,1.1,1.4,2.6,1.4,1.3,2.2,2.3,2.5,1.4,1.4,1.4,2.2,1.7,1.9,2.8,1.3,1.2,2.1,2.4,2.8,1.9,1.1,
新竹,2025/07/09 00:00:00,AMB_TEMP,24.5,23.8,23.5,23.6,24.2,24.2,24.4,24.6,24.9,24.8,24.8,24.9,24.4,24.7,24.9,24.4,23.8,23.8,23.8,24.3,24.5,24.8,24.7,24.8,
新竹,2025/07/09 00:00:00,CH4,2.09,2.08,2.06,2.03,2.03,2.12,2.28,2.29,2.13,2.09,2.08,2.05,2.07,2.05,2.09,2.15,2.1,2.15,2.13,2.1,2.12,2.12,2.22,2.18,
新竹,2025/07/09 00:00:00,CO,0.16,0.14,0.12,0.11,0.13,0.15,0.24,0.39,0.33,0.29,0.26,#,#,0.21,0.23,0.25,0.23,0.35,0.38,0.35,0.32,0.35,0.34,0.28,
新竹,2025/07/09 00:00:00,NMHC,0,0,0,0.01,0.01,0.05,0.1,0.14,0.13,0.08,0.09,0.07,0.07,0.06,0.09,0.16,0.11,0.25,0.19,0.13,0.12,0.13,0.15,0.11,
新竹,2025/07/09 00:00:00,NO,0.6,0.3,0.3,0.2,0.2,0.5,0.5,1.1,1.2,1.8,1.8,#,#,1.2,0.8,0.6,0.3,0.4,0.6,0.9,0.6,1.5,0.7,0.4,
新竹,2025/07/09 00:00:00,NO2,5.8,9.4,3.6,4.4,8.8,9.1,20.5,27,15,18.5,18.5,#,#,11,12,15.4,9.2,16.2,18.4,22.3,18.9,24.8,19.7,11.9,
新竹,2025/07/09 00:00:00,NOx,6.4,9.7,4,4.6,9.1,9.6,21.1,28.1,16.3,20.3,20.3,#,#,12.2,12.8,16,9.5,16.7,19,23.2,19.5,26.3,20.4,12.4,
新竹,2025/07/09 00:00:00,O3,43.1,46.3,52,53.6,47,40.8,24.4,17,21.4,18.8,21,32.5,36.1,33.6,32.5,31.3,41.9,31.7,28.8,20.1,16.7,10.8,9.4,13.1,
新竹,2025/07/09 00:00:00,PM10,0,0,1,2,1,2,4,5,4,5,4,10,#,3,4,9,5,9,10,15,5,3,3,6,
新竹,2025/07/09 00:00:00,PM2.5,0,1,3,0,0,2,1,3,4,6,9,#,9,7,4,12,9,12,9,11,7,4,4,6,
新竹,2025/07/09 00:00:00,RAINFALL,23,39,9,8,1.5,2.5,1.5,4,11,6,3,6.5,11.5,3,4.5,14.5,19,12.5,20.5,2,0.5,0.5,0.5,0,
新竹,2025/07/09 00:00:00,RH,98,99,97,94,92,95,97,97,98,98,97,94,97,97,96,98,99,99,98,97,96,96,97,96,
新竹,2025/07/09 00:00:00,SO2,1.3,0.7,0.4,0.2,0.3,0.2,0.4,0.5,0.1,0.2,0.1,0.1,0.2,0.2,0.2,0.5,0.3,0.7,0.5,0.5,0.4,0.4,0.6,0.4,
新竹,2025/07/09 00:00:00,THC,2.09,2.07,2.06,2.04,2.04,2.17,2.38,2.43,2.26,2.17,2.17,2.12,2.14,2.11,2.18,2.31,2.21,2.4,2.32,2.23,2.24,2.25,2.37,2.29,
新竹,2025/07/09 00:00:00,WD_HR,237,241,173,167,146,60,142,193,198,165,161,151,74,73,39,269,41,62,167,161,130,153,58,87,
新竹,2025/07/09 00:00:00,WIND_DIREC,242,192,173,149,96,112,87,246,166,176,166,39,84,57,32,328,70,41,320,161,149,88,59,83,
新竹,2025/07/09 00:00:00,WIND_SPEED,2,1.7,1.4,1.8,0.8,0.7,0.8,1.3,0.8,1.1,2.6,1.4,1.9,1.5,1.1,0.9,0.6,0.9,0.6,0.7,0.5,0.4,0.6,0.3,
新竹,2025/07/09 00:00:00,WS_HR,1.2,2.7,1.1,1.8,1.3,0.3,0.5,0.3,0.7,1.2,1.5,1.3,1.3,1.5,1.4,0.5,1,0.7,0.7,0.5,0.6,0.5,0.7,0.4,
新竹,2025/07/10 00:00:00,AMB_TEMP,24.8,24.5,24.3,24.2,24.3,24.1,24.1,24.5,25.1,25.8,26.5,26.6,27,26.9,26.6,26.5,26.4,26.4,26.3,26.3,26.3,26.2,25.8,25.6,
新竹,2025/07/10 00:00:00,CH4,2.25,2.26,2.17,2.17,2.31,2.22,2.13,2.11,2.15,2.21,2.15,2.14,2.05,2.04,2.06,2.1,2.16,2.1,2.11,2.17,2.24,2.31,2.27,2.22,
新竹,2025/07/10 00:00:00,CO,0.27,0.2,0.15,0.14,0.16,0.17,0.18,0.28,0.48,0.7,0.48,0.47,0.25,0.23,0.25,0.3,0.38,0.37,0.44,0.47,0.57,0.6,0.47,0.33,
新竹,2025/07/10 00:00:00,NMHC,0.11,0.09,0.02,0.03,0.06,0.05,0.04,0.05,0.13,0.21,0.17,0.18,0.09,0.08,0.07,0.11,0.19,0.16,0.16,0.18,0.3,0.27,0.18,0.11,
新竹,2025/07/10 00:00:00,NO,0.4,0.5,0.6,0.5,0.5,0.5,1.1,2.4,6.2,19.8,16.5,17.9,6.1,2.4,2.3,2.2,2.7,2.1,3.9,1.9,6.6,12.7,10.3,5,
新竹,2025/07/10 00:00:00,NO2,11.6,10.8,8.2,6.2,8.5,8.6,10.3,12.3,16.4,24.9,27.2,23.4,12,9.5,10,13.1,18.1,19.7,24.7,21.8,26.5,24.6,18.1,12.8,
新竹,2025/07/10 00:00:00,NOx,12,11.4,8.8,6.7,9.1,9.2,11.4,14.7,22.7,44.8,43.8,41.3,18.1,11.9,12.3,15.3,20.8,21.8,28.6,23.7,33.1,37.4,28.5,17.9,
新竹,2025/07/10 00:00:00,O3,11.9,11.2,14,14.6,12.6,10.1,11.5,10.3,6.9,4.5,6.7,5.4,16.4,17.9,15.9,16.6,13,11.3,4,4.8,0,#,0,0.9,
新竹,2025/07/10 00:00:00,PM10,5,6,8,9,5,6,6,4,5,13,13,11,6,5,7,4,11,9,10,8,10,13,12,10,
新竹,2025/07/10 00:00:00,PM2.5,7,4,3,2,5,6,6,3,5,6,7,11,8,4,1,1,11,7,5,3,3,9,7,3,
新竹,2025/07/10 00:00:00,RAINFALL,0.5,1,0,1.5,0,0.5,0,0,0,0.5,0,0,0.5,0.5,1,0.5,0,0.5,0,0,0,0,0,0,
新竹,2025/07/10 00:00:00,RH,96,97,97,97,97,98,97,96,95,94,91,93,89,91,94,93,96,94,94,93,95,96,97,96,
新竹,2025/07/10 00:00:00,SO2,0,0.4,0.3,0.4,0.5,0.3,0.6,0.2,0.6,0.8,0.6,0.6,0.3,#,0.5,1,1.2,0.9,0.8,0.4,0.9,1.1,1,0.6,
新竹,2025/07/10 00:00:00,THC,2.36,2.35,2.19,2.2,2.37,2.27,2.17,2.16,2.28,2.42,2.32,2.32,2.14,2.12,2.13,2.21,2.35,2.26,2.27,2.35,2.54,2.58,2.45,2.33,
新竹,2025/07/10 00:00:00,WD_HR,89,79,79,87,80,83,71,67,48,99,89,84,173,177,153,52,46,66,80,61,90,120,162,137,
新竹,2025/07/10 00:00:00,WIND_DIREC,86,85,84,130,75,74,69,84,44,83,78,88,175,119,110,324,97,73,91,69,101,152,168,93,
新竹,2025/07/10 00:00:00,WIND_SPEED,0.6,0.8,1,0.3,0.4,0.5,0.7,0.4,0.3,0.4,0.3,0.3,0.9,0.3,0.3,0.4,0.3,0.5,0.4,0.8,0.3,0.3,0.5,0.3,
新竹,2025/07/10 00:00:00,WS_HR,0.4,0.5,0.8,0.6,0.3,0.5,0.7,0.6,0.3,0.2,0.3,0.4,0.9,0.3,0.3,0.2,0.1,0.4,0.5,0.5,0.4,0.2,0.4,0.3,
新竹,2025/07/11 00:00:00,AMB_TEMP,25.3,25.3,25,24.8,24.7,24.7,24.9,25.3,26,25.6,26.3,26.7,27.3,28.4,28.8,28.9,27.9,26.7,26.9,27,26.9,26.7,26.7,26.1,
新竹,2025/07/11 00:00:00,CH4,2.25,2.24,2.24,2.39,2.36,2.35,2.28,2.33,2.17,2.12,2.12,2.19,2.17,2.15,2.1,2.15,2.27,2.27,2.22,2.27,2.31,2.36,2.34,2.28,
新竹,2025/07/11 00:00:00,CO,0.34,0.24,0.17,0.18,0.17,0.19,0.24,0.41,0.42,0.32,0.26,0.35,0.32,0.28,0.24,0.33,0.48,0.58,0.58,0.67,0.7,0.68,0.49,0.37,
新竹,2025/07/11 00:00:00,NMHC,0.11,0.07,0,0.05,0.03,0.04,0.04,0.09,0.08,0.04,0.04,0.11,0.22,0.13,0.09,0.15,0.27,0.24,0.23,0.26,0.27,0.24,0.14,0.1,
新竹,2025/07/11 00:00:00,NO,14.7,4.8,3.2,7.3,2.6,2.5,4,11.7,12.4,5.8,4.9,4.8,7,4.6,1.9,1.6,1.4,1.8,1.4,1,1.9,6.5,3.4,6.3,
新竹,2025/07/11 00:00:00,NO2,15.2,14.2,11.6,12.9,11.5,10.9,10.6,13.3,14.2,14.6,10.7,16.7,19.6,17,10.8,15.6,22.5,25.5,26.6,25.6,30.3,25.2,16.4,13.2,
新竹,2025/07/11 00:00:00,NOx,30,19,14.8,20.3,14.2,13.5,14.7,25,26.6,20.5,15.7,21.5,26.7,21.7,12.7,17.2,24,27.3,28.1,26.6,32.2,31.7,19.9,19.5,
新竹,2025/07/11 00:00:00,O3,0.7,2.9,5.1,#,0,0.6,2.2,1,4.1,7.8,15.2,13.2,17.2,23.1,32.6,31.2,28.4,19.3,20.9,14.1,6,0.1,0.6,#,
新竹,2025/07/11 00:00:00,PM10,11,8,7,9,8,10,16,11,9,5,6,10,8,7,5,13,21,14,10,13,15,21,21,21,
新竹,2025/07/11 00:00:00,PM2.5,2,2,2,4,3,2,1,4,3,3,4,4,3,3,5,7,17,0,8,11,11,10,6,7,
新竹,2025/07/11 00:00:00,RAINFALL,0,0.5,1.5,0,0,0,0,0,1.5,1,0,0.5,0,0,0,0,5,0,0,0,0,0,0,0,
新竹,2025/07/11 00:00:00,RH,97,96,96,98,98,97,96,94,92,96,92,91,91,85,78,80,88,93,93,92,93,95,92,95,
新竹,2025/07/11 00:00:00,SO2,0.7,0.3,0,0.2,0.1,0.6,0.6,0.7,0.6,0.3,0.3,0.3,0.7,0.7,0.6,0.6,0.7,0.3,0.4,0.4,0.7,0.5,0.5,0.5,
新竹,2025/07/11 00:00:00,THC,2.36,2.31,2.24,2.44,2.39,2.39,2.32,2.42,2.25,2.16,2.16,2.3,2.39,2.28,2.19,2.3,2.54,2.51,2.45,2.53,2.58,2.6,2.48,2.38,
新竹,2025/07/11 00:00:00,WD_HR,158,124,153,91,96,82,84,112,173,69,76,58,45,65,61,50,177,89,77,108,80,83,68,75,
新竹,2025/07/11 00:00:00,WIND_DIREC,175,120,104,92,88,57,102,161,123,63,59,69,40,81,77,46,160,84,75,92,82,71,43,114,
新竹,2025/07/11 00:00:00,WIND_SPEED,0.6,0.3,0.3,0.3,0.3,0.3,0.3,0.5,0.5,1,0.3,1.3,0.9,1.5,1.1,0.6,1.8,1,1,0.6,0.7,1.1,0.5,0.5,
新竹,2025/07/11 00:00:00,WS_HR,0.4,0.3,0.3,0.3,0.3,0.3,0.2,0.3,0.6,0.7,0.5,0.8,1,1.1,1.1,0.5,0.3,0.7,1.2,0.4,0.8,0.6,0.5,0.5,
新竹,2025/07/12 00:00:00,AMB_TEMP,26,25.8,25.7,25.7,25.8,25.6,25.9,26.8,28.5,30,31,31.4,31.1,31.1,31.1,30.9,30.7,30.3,29.8,29.4,29.3,29,28.7,28.5,
新竹,2025/07/12 00:00:00,CH4,2.31,2.37,#,2.19,2.18,2.36,2.38,2.42,2.52,2.15,2.12,2.16,2.17,*,*,*,2.08,2.05,2.04,2.06,2.05,2.06,2.1,2.14,
新竹,2025/07/12 00:00:00,CO,0.35,0.31,0.26,0.17,0.16,0.22,0.31,0.44,0.65,0.33,0.24,0.3,0.27,0.2,0.18,0.17,0.24,0.25,0.25,0.26,0.23,0.21,0.22,0.22,
新竹,2025/07/12 00:00:00,NMHC,0.1,0.09,#,0,0,0.04,0.08,0.1,0.18,0.05,0,0.01,0,#,#,#,0,0,0.01,0.01,0,0,0,0,
新竹,2025/07/12 00:00:00,NO,7.2,7.1,7.7,1.9,1.8,3.5,9.8,16.2,28.4,8.4,2.7,1.9,1.4,1.1,1.3,1.1,2.1,2,0.9,0.7,0.6,0.7,1,0.9,
新竹,2025/07/12 00:00:00,NO2,11,10.3,9.3,6.6,6.8,7.4,7.5,9.4,18,10.2,7.6,8.6,7.3,5.1,4.5,3.9,7.6,7.5,5.5,6,5.8,5.9,7.9,9.7,
新竹,2025/07/12 00:00:00,NOx,18.2,17.4,17,8.5,8.6,10.9,17.4,25.7,46.5,18.6,10.4,10.5,8.7,6.2,5.9,5.1,9.8,9.6,6.5,6.7,6.4,6.6,8.9,10.6,
新竹,2025/07/12 00:00:00,O3,#,#,#,0.2,0,#,0,1,2.5,11.5,27.8,39.2,49.7,40,29.7,25.1,16.9,15.3,17.1,16.6,14.3,10.7,6,4.1,
新竹,2025/07/12 00:00:00,PM10,18,19,15,20,19,21,20,25,18,21,23,39,44,33,29,22,30,26,22,26,27,21,24,22,
新竹,2025/07/12 00:00:00,PM2.5,8,7,5,3,5,5,6,6,15,8,12,15,21,12,17,12,8,9,7,7,11,13,9,5,
新竹,2025/07/12 00:00:00,RAINFALL,0,0,0,0,0,0,0,0,0,0,0,0,0,0,0,0,0,0,0,0,0,0,0,0,
新竹,2025/07/12 00:00:00,RH,94,95,94,92,91,92,92,89,86,79,75,77,80,81,80,81,82,83,86,90,91,93,93,93,
新竹,2025/07/12 00:00:00,SO2,0.9,0.5,0.6,0.9,1,1,0.9,0.5,0.9,0.9,0.8,1.6,1.2,0.5,0.3,0.5,0.4,0.4,0.3,0.3,0.3,0,0.3,0.4,
新竹,2025/07/12 00:00:00,THC,2.41,2.46,#,2.19,2.17,2.4,2.46,2.52,2.7,2.2,2.12,2.17,2.16,*,*,*,2.08,2.05,2.05,2.07,2.05,2.05,2.09,2.14,
新竹,2025/07/12 00:00:00,WD_HR,90,129,85,79,84,88,80,87,93,225,243,244,248,247,245,246,255,250,248,248,247,241,224,248,
新竹,2025/07/12 00:00:00,WIND_DIREC,99,149,89,81,82,105,80,109,235,231,253,242,249,247,251,253,255,253,249,240,247,215,240,249,
新竹,2025/07/12 00:00:00,WIND_SPEED,0.7,0.6,1.1,0.8,1.1,0.3,0.9,0.3,0.4,1.1,2.1,2.9,3.4,3.4,3.1,2.7,2.6,3,2.6,2.1,2.1,1.3,1.1,1.4,
新竹,2025/07/12 00:00:00,WS_HR,0.5,0.4,0.7,1,0.8,0.4,0.5,0.4,0.2,0.5,1.3,2.4,2.9,3,2.4,2.6,2.1,2.7,2.4,1.9,1.9,1.4,0.6,1.2,
新竹,2025/07/13 00:00:00,AMB_TEMP,28.4,28.4,28.4,28.3,28.2,28.1,28.2,29.7,30.9,31.5,32,32.3,32.4,32.5,32.4,32.4,32.1,31.3,30.7,30.3,30,29.9,29.5,29.4,
新竹,2025/07/13 00:00:00,CH4,2.14,2.17,*,*,*,x,x,x,*,*,*,*,*,*,*,*,*,*,*,x,x,*,*,*,
新竹,2025/07/13 00:00:00,CO,0.19,0.17,0.15,0.13,0.12,0.15,0.22,0.18,0.15,0.18,0.18,0.19,0.2,0.16,0.13,0.14,0.18,0.23,0.19,0.25,0.27,0.21,0.13,0.23,
新竹,2025/07/13 00:00:00,NMHC,0.1,0.02,#,#,#,x,x,x,#,#,#,#,#,#,#,#,#,#,#,x,x,#,#,#,
新竹,2025/07/13 00:00:00,NO,0.7,1.2,0.8,0.6,0.6,0.7,3.8,4.5,2.2,2.3,2.2,1.8,3,2.3,1.2,1.1,1.5,2,1,0.8,0.8,1.5,0.7,1.2,
新竹,2025/07/13 00:00:00,NO2,8,11.5,8.5,6.1,6.1,6,7.8,6.2,4.4,5.8,6.4,5.4,7.6,5.5,2.7,2.7,4.2,6.7,4.1,7.5,10.1,12.4,4.7,11.2,
新竹,2025/07/13 00:00:00,NOx,8.7,12.7,9.3,6.7,6.7,6.8,11.6,10.7,6.6,8.1,8.6,7.2,10.6,7.8,3.9,3.8,5.8,8.8,5.2,8.3,10.9,14,5.4,12.4,
新竹,2025/07/13 00:00:00,O3,4.8,2,4.8,7.2,7.7,6.1,4.1,9.6,17.9,26.1,31.7,33.9,25.7,22.9,24.5,24.2,23.9,19.2,20.2,16.6,14,11.6,17.3,8.1,
新竹,2025/07/13 00:00:00,PM10,17,20,19,14,16,18,14,18,20,20,35,30,26,25,26,25,25,29,24,30,34,35,30,35,
新竹,2025/07/13 00:00:00,PM2.5,6,9,6,6,4,8,10,7,5,12,17,15,14,16,8,13,11,13,11,17,21,14,10,12,
新竹,2025/07/13 00:00:00,RAINFALL,0,0,0,0,0,0,0,0,0,0,0,0,0,0,0,0,0,0,0,0,0,0,0,0,
新竹,2025/07/13 00:00:00,RH,91,91,90,89,90,89,90,82,77,78,77,77,75,73,73,72,74,74,75,77,80,84,89,89,
新竹,2025/07/13 00:00:00,SO2,0,0,0,0,#,0,0,0,#,1,1.1,0.9,1,0.9,1,1,0.8,0.9,1,1,1.1,1.5,0.8,1,
新竹,2025/07/13 00:00:00,THC,2.24,2.19,*,*,*,x,x,x,*,*,*,*,*,*,*,*,*,*,*,x,x,*,*,*,
新竹,2025/07/13 00:00:00,WD_HR,243,203,241,247,245,223,161,240,250,249,246,247,252,249,248,247,249,247,245,236,247,246,248,247,
新竹,2025/07/13 00:00:00,WIND_DIREC,242,190,251,247,240,144,132,240,254,245,248,256,251,250,250,247,247,248,247,251,246,246,247,245,
新竹,2025/07/13 00:00:00,WIND_SPEED,2.1,0.7,1.7,2.3,1.5,0.4,0.5,2.1,2.7,4.2,4.5,4.1,4.9,4.8,3.8,4,4,3.4,3.1,3,3.5,4,3.7,3.7,
新竹,2025/07/13 00:00:00,WS_HR,1.2,0.4,1,1.9,1.7,0.5,0.3,1.3,2.2,3.3,4.1,4.4,3.7,4,4,3.4,3.5,3.6,3,1.4,2.8,3.6,3.3,3.1,
新竹,2025/07/14 00:00:00,AMB_TEMP,29.2,29,28.8,28.3,28.3,28.5,28.8,29.2,30.3,30.3,28.7,28.9,29.4,30.5,30.9,31.5,31.6,31.1,30,29.7,29.7,29.7,29.6,29.3,
新竹,2025/07/14 00:00:00,CH4,*,*,*,*,*,*,*,*,*,*,*,*,*,*,*,*,*,*,*,*,*,x,x,*,
新竹,2025/07/14 00:00:00,CO,0.23,0.15,0.21,0.13,0.16,0.13,0.14,0.17,0.18,0.19,0.19,0.22,0.18,0.21,0.16,0.13,0.15,0.19,0.18,0.22,0.21,0.2,0.25,0.44,
新竹,2025/07/14 00:00:00,NMHC,#,#,#,#,#,#,#,#,#,#,#,#,#,#,#,#,#,#,#,#,#,x,x,#,
新竹,2025/07/14 00:00:00,NO,0.9,0.5,0.5,0.4,0.5,0.5,0.9,1.6,2.4,1.9,1.2,1.4,1,3.1,2.7,1.2,0.9,0.9,0.6,0.5,0.6,0.7,0.6,0.5,
新竹,2025/07/14 00:00:00,NO2,11.2,5.5,6.1,4.3,5,5.1,4.3,4.6,4.6,5.3,7.4,9.6,5.8,7.5,4.3,2.2,1.9,3.4,3.3,4.3,5.6,7.9,7.2,6.4,
新竹,2025/07/14 00:00:00,NOx,12.2,6.1,6.6,4.7,5.5,5.6,5.3,6.3,7.1,7.2,8.6,11.1,6.8,10.6,7,3.5,2.8,4.4,4,4.9,6.2,8.7,7.8,7,
新竹,2025/07/14 00:00:00,O3,6.5,12,10.7,11.4,9.3,9.9,11.3,11.9,14.5,20.4,18.8,21.4,24.3,18.5,24.9,26.8,27,26.4,25,20.7,19.2,13,13.2,12.5,
新竹,2025/07/14 00:00:00,PM10,36,29,35,30,28,32,25,24,26,32,30,36,32,25,28,23,24,28,24,25,32,27,23,28,
新竹,2025/07/14 00:00:00,PM2.5,16,14,19,13,11,14,11,9,14,16,11,20,13,17,13,10,12,12,11,15,10,11,15,14,
新竹,2025/07/14 00:00:00,RAINFALL,0,0,0,0,0,0,0,0,0,0,1.5,0.5,0,0,0,0,0,0,0,0,0,0,0,0,
新竹,2025/07/14 00:00:00,RH,87,89,90,88,87,84,82,81,78,80,90,90,87,81,80,78,77,80,85,86,88,85,83,84,
新竹,2025/07/14 00:00:00,SO2,1.7,1,0.5,0.3,0.1,0.1,0.6,0.6,0.7,0.6,0.6,0.3,0.1,0.5,0.5,0.3,0.1,0.3,0.1,0.1,0,0.3,0.2,0,
新竹,2025/07/14 00:00:00,THC,*,*,*,*,*,*,*,*,*,*,*,*,*,*,*,*,*,*,*,*,*,x,x,*,
新竹,2025/07/14 00:00:00,WD_HR,247,245,231,234,215,200,246,246,246,245,243,245,245,246,245,243,247,248,244,250,245,245,245,245,
新竹,2025/07/14 00:00:00,WIND_DIREC,249,247,230,231,208,240,246,253,247,246,243,245,245,245,244,247,245,246,247,248,247,249,248,245,
新竹,2025/07/14 00:00:00,WIND_SPEED,2.8,2.5,1.8,1.3,0.9,1.5,2.7,3.1,3.7,3.4,2.2,3.8,3.3,4.5,4.7,4,3.7,4.5,3.4,2.9,3.7,2.8,3.7,4.1,
新竹,2025/07/14 00:00:00,WS_HR,2.8,2.9,1.2,1.3,0.7,0.9,1.9,2.3,2.7,3.1,2.4,3,3.2,3.5,4.2,2.8,3.2,3.1,3.2,3.1,3.3,2.5,2.6,2.8,
新竹,2025/07/15 00:00:00,AMB_TEMP,29.3,29.2,29.1,29.2,29.1,29,29.1,28.7,28.3,29.8,32.3,33.5,34,33.9,33.9,33.4,32.9,31.9,31,30.5,30.3,30.2,30,29.8,
新竹,2025/07/15 00:00:00,CH4,*,*,*,*,*,*,*,*,*,#,x,#,#,#,2.04,2.03,2.03,2.02,2.01,2.02,2.06,2.09,2.11,2.14,
新竹,2025/07/15 00:00:00,CO,0.42,A,0.32,0.32,0.32,0.34,0.34,0.39,0.41,0.41,0.4,#,#,#,0.16,0.2,0.23,0.22,0.23,0.23,0.25,0.23,0.22,0.21,
新竹,2025/07/15 00:00:00,NMHC,#,#,#,#,#,#,#,#,#,#,x,#,#,#,0,0.03,0.05,0.06,0.05,0.05,0.08,0.08,0.08,0.09,
新竹,2025/07/15 00:00:00,NO,0.6,0.7,0.6,0.3,0.3,0.6,0.8,1.9,3.2,2.8,2.4,1.9,#,#,1.1,1.1,1,0.6,0.4,0.5,0.5,0.5,0.5,0.5,
新竹,2025/07/15 00:00:00,NO2,4.5,4.2,3,2.9,3.5,4.7,4.5,5.5,6.8,6,5.9,5.7,#,#,7.1,6.8,6.6,6.7,7.1,8.5,10.8,10.3,9.8,10.7,
新竹,2025/07/15 00:00:00,NOx,5.1,4.9,3.6,3.3,3.9,5.3,5.3,7.4,10,8.9,8.3,7.6,#,#,8.2,7.9,7.6,7.4,7.5,9,11.3,10.9,10.4,11.2,
新竹,2025/07/15 00:00:00,O3,14.3,14.5,14.8,15.6,14.5,12.4,13.8,12.2,13,18.4,21.7,#,27.2,38.7,39,44.2,44.3,44.2,34,28.3,21.1,19.7,17.7,15.1,
新竹,2025/07/15 00:00:00,PM10,22,24,24,22,25,23,24,17,2,2,7,15,#,21,17,20,22,21,20,17,21,16,17,20,
新竹,2025/07/15 00:00:00,PM2.5,11,13,11,13,13,12,12,11,8,6,5,#,6,11,11,8,11,13,14,10,12,11,11,8,
新竹,2025/07/15 00:00:00,RAINFALL,0,0,0,0,0,0,0,0,0,0,0,#,#,0,0,0,0,0,0,0,0,0,0,0,
新竹,2025/07/15 00:00:00,RH,84,82,84,82,81,82,82,87,84,76,66,63,63,68,67,69,73,79,84,86,86,84,84,85,
新竹,2025/07/15 00:00:00,SO2,0,0.7,0.8,0.7,0.9,1.2,1.1,0.9,0.9,1,1.2,0.7,#,0,1.4,2,2,1.8,2,2.1,1.5,1.1,1.2,1.4,
新竹,2025/07/15 00:00:00,THC,*,*,*,*,*,*,*,*,*,#,x,#,#,#,2.03,2.06,2.08,2.08,2.06,2.07,2.14,2.17,2.19,2.23,
新竹,2025/07/15 00:00:00,WD_HR,241,245,242,246,241,245,246,238,208,199,240,245,243,248,250,250,248,245,245,245,235,239,190,187,
新竹,2025/07/15 00:00:00,WIND_DIREC,239,244,247,247,246,247,245,244,199,241,253,240,248,251,249,256,245,244,246,248,239,190,177,184,
新竹,2025/07/15 00:00:00,WIND_SPEED,2,2.4,3.5,3.3,2.5,3.4,4.1,2.3,2.1,2.1,4.1,3.3,3.8,3.7,4.6,3.4,4.1,4,3.5,2.9,2.2,0.9,0.7,0.8,
新竹,2025/07/15 00:00:00,WS_HR,2.2,2.5,2.3,3,1.6,2.3,3.2,1.7,0.9,1.4,2.2,2.7,3.2,3.5,3.6,3.8,3.5,3.1,2.7,2.8,1.2,1.7,0.6,0.8,
新竹,2025/07/16 00:00:00,AMB_TEMP,29.6,29.4,29.1,28.7,28.7,28.7,29.2,30.9,32.1,32.7,33,33.3,33.7,33.6,33.3,32.2,31.7,32,32,31.5,31.5,30.9,30.2,30.1,
新竹,2025/07/16 00:00:00,CH4,2.13,2.14,2.2,2.15,2.19,2.2,2.18,2.09,2.07,2.05,2.05,2.05,2.05,2.02,2.01,2.01,2,2.02,2.07,2.05,2.1,2.21,2.13,2.22,
新竹,2025/07/16 00:00:00,CO,0.18,0.17,0.16,0.14,0.14,0.17,0.2,0.21,0.2,0.2,0.19,0.23,0.25,0.18,0.14,0.16,0.17,0.24,0.36,0.23,0.33,0.39,0.26,0.28,
新竹,2025/07/16 00:00:00,NMHC,0.06,0.05,0.04,0.02,0.04,0.04,0.06,0.04,0.04,0.04,0.03,0.04,0.04,0.03,0.01,0.02,0.03,0.04,0.11,0.07,0.11,0.14,0.06,0.08,
新竹,2025/07/16 00:00:00,NO,0.4,0.7,0.7,0.7,0.6,0.9,3.8,3.7,2.6,2.3,1.7,1.9,1.8,1.7,1.4,1,1,1.3,1.5,0.8,0.9,1.5,0.7,0.7,
新竹,2025/07/16 00:00:00,NO2,9.4,8.7,8.7,7.6,6.9,8.8,11.2,8.7,7.3,7.2,6.3,6.8,7.6,6.8,4.5,3.7,4.3,6,12.4,12,19,21.6,10.4,13.4,
新竹,2025/07/16 00:00:00,NOx,9.9,9.4,9.5,8.4,7.6,9.8,15,12.5,9.9,9.6,8,8.7,9.5,8.5,6,4.8,5.3,7.3,13.9,12.8,20,23.1,11.2,14.1,
新竹,2025/07/16 00:00:00,O3,17.2,16.1,12.8,12,10.8,9.4,7.8,16.2,22.8,28.2,33.6,36.3,45.1,36.6,26.3,26.1,23.8,22.5,20.5,24.2,13.5,10.7,15.6,10.1,
新竹,2025/07/16 00:00:00,PM10,13,11,16,13,13,15,14,10,15,21,22,16,19,16,16,16,12,22,26,11,13,13,16,19,
新竹,2025/07/16 00:00:00,PM2.5,8,11,10,8,6,9,11,10,6,9,9,12,10,8,9,8,8,11,9,6,11,8,8,10,
新竹,2025/07/16 00:00:00,RAINFALL,0,0,0,0,0,0,0,0,0,0,0,0,0,0,0,0,0,0,0,0,0,0,0,0,
新竹,2025/07/16 00:00:00,RH,84,84,86,87,86,86,84,78,73,73,72,69,68,68,68,75,79,78,75,74,74,77,79,80,
新竹,2025/07/16 00:00:00,SO2,1.9,0.7,0.5,0.2,0.3,0.4,0.5,0.5,0.7,0.8,0.9,1.6,2.4,2.4,1.2,0.8,0.6,0.8,1,0.9,0.5,0.6,0.5,0.7,
新竹,2025/07/16 00:00:00,THC,2.19,2.19,2.24,2.17,2.23,2.24,2.24,2.13,2.11,2.09,2.08,2.09,2.09,2.05,2.02,2.03,2.03,2.06,2.18,2.12,2.21,2.35,2.19,2.3,
新竹,2025/07/16 00:00:00,WD_HR,200,194,174,169,166,171,190,214,247,250,246,249,252,247,248,250,243,239,178,171,155,139,58,255,
新竹,2025/07/16 00:00:00,WIND_DIREC,192,156,166,169,144,165,191,213,248,249,245,253,250,251,253,241,249,173,172,161,158,73,21,329,
新竹,2025/07/16 00:00:00,WIND_SPEED,1.1,0.6,1.3,1.4,0.4,1,1,1.5,2.3,3.1,4.8,3.5,3.4,3.5,3.8,2.5,2.9,1.1,1.8,0.8,0.8,1.1,0.4,0.4,
新竹,2025/07/16 00:00:00,WS_HR,0.6,0.5,0.6,1.2,0.4,0.5,0.7,0.7,2,2.9,3.9,3.8,3.3,3.9,3.8,3.1,2,1.3,1.1,1.2,0.7,0.6,0.5,0.3,
新竹,2025/07/17 00:00:00,AMB_TEMP,30.1,29.6,29.2,28.7,28.7,28.7,29,30.2,31.8,33.5,34.2,33.3,33.4,33.3,33.2,33.1,32.8,31.9,31.2,31.1,31,30.7,30.4,30.1,
新竹,2025/07/17 00:00:00,CH4,2.17,2.24,2.27,2.19,2.16,2.15,2.22,2.19,2.12,2.04,2.06,2.04,2.03,2.01,2.01,2,2.02,2,2.03,2.03,2.06,2.08,2.07,2.15,
新竹,2025/07/17 00:00:00,CO,0.2,0.21,0.2,0.17,0.15,0.17,0.24,0.3,0.31,0.18,0.2,0.19,0.2,0.14,0.15,0.14,0.16,0.16,0.17,0.18,0.21,0.21,0.18,0.21,
新竹,2025/07/17 00:00:00,NMHC,0.05,0.07,0.07,0.04,0.03,0.03,0.07,0.09,0.07,0.03,0.04,0.03,0.02,0.01,0.01,0.01,0.02,0.02,0.02,0.04,0.1,0.07,0.01,0.05,
新竹,2025/07/17 00:00:00,NO,0.7,0.8,0.6,0.5,0.4,1,6.2,10.6,7.5,2.6,1.3,1.1,1,0.8,0.7,0.8,1.4,1,0.6,0.3,0.5,0.5,0.4,0.6,
新竹,2025/07/17 00:00:00,NO2,12.3,13.6,12.2,9,5.9,10.6,13,12.9,12.1,6.7,6.4,6.1,5.6,3.8,3.3,3.3,5.4,4.8,4.7,5,6.7,8.7,5.8,10.2,
新竹,2025/07/17 00:00:00,NOx,13,14.4,12.8,9.6,6.3,11.7,19.2,23.5,19.7,9.3,7.8,7.2,6.6,4.6,4.1,4.2,6.9,5.9,5.3,5.4,7.2,9.2,6.2,10.8,
新竹,2025/07/17 00:00:00,O3,13.7,7.9,7.2,8.9,11.4,7.7,3.4,5.7,16.6,27.1,42.5,50.9,54.3,44.9,40,28.1,28.9,24.9,23.9,22.2,23.5,28.7,35.1,16,
新竹,2025/07/17 00:00:00,PM10,17,16,22,14,17,10,17,16,12,10,16,17,21,17,21,19,14,20,10,18,23,24,15,22,
新竹,2025/07/17 00:00:00,PM2.5,8,8,8,8,7,5,12,13,8,10,11,14,14,10,8,10,7,9,6,5,11,12,12,7,
新竹,2025/07/17 00:00:00,RAINFALL,0,0,0,0,0,0,0,0,0,0,0,0,0,0,0,0,0,0,0,0,0,0,0,0,
新竹,2025/07/17 00:00:00,RH,80,82,85,86,84,83,82,78,69,61,61,67,67,67,66,63,65,69,75,72,74,78,85,86,
新竹,2025/07/17 00:00:00,SO2,1,1.3,1.4,0.8,0.5,0.9,1.2,1.1,0.9,0.8,1.5,1.8,2.2,1.8,1.8,1.7,2.4,1.5,1.1,0.9,1.1,1.2,0.9,1,
新竹,2025/07/17 00:00:00,THC,2.22,2.31,2.34,2.23,2.19,2.18,2.29,2.28,2.19,2.07,2.1,2.07,2.05,2.02,2.02,2.01,2.04,2.02,2.05,2.07,2.16,2.15,2.08,2.2,
新竹,2025/07/17 00:00:00,WD_HR,251,220,183,168,166,165,72,30,123,256,276,290,287,288,283,274,293,300,299,23,56,288,259,227,
新竹,2025/07/17 00:00:00,WIND_DIREC,243,174,176,186,182,119,98,87,219,253,305,299,296,293,297,259,270,292,287,344,316,293,177,251,
新竹,2025/07/17 00:00:00,WIND_SPEED,1.8,0.8,1.2,1,1,0.7,0.8,0.7,0.8,1.7,2.4,2.4,2.8,3,2.5,1.4,1.7,2.1,0.9,1.3,0.6,1.4,1.2,1.2,
新竹,2025/07/17 00:00:00,WS_HR,1.2,0.6,0.6,0.9,0.9,0.7,0.8,0.6,0.3,0.8,1.4,2.1,2.1,2.1,1.8,1.5,1.6,1.3,0.6,0.7,0.4,1.1,0.5,0.6,
新竹,2025/07/18 00:00:00,AMB_TEMP,30,29.9,29.6,29.4,29.6,29.5,28.9,29.7,31.1,32.7,32.9,33.2,35.1,35.9,36.9,36.2,34.3,34,33.1,32.9,32.5,32.8,31.7,29.8,
新竹,2025/07/18 00:00:00,CH4,2.12,2.06,2.16,2.15,2.19,2.13,2.19,2.11,2.04,2.05,2.11,2.04,2.03,1.98,1.96,1.95,1.97,1.97,1.97,1.99,1.98,2.04,2.03,2.06,
新竹,2025/07/18 00:00:00,CO,0.17,0.15,0.19,0.19,0.18,0.15,0.21,0.24,0.21,0.21,0.21,0.2,0.21,0.16,0.11,0.1,0.12,0.15,0.16,0.16,0.14,0.24,0.19,0.15,
新竹,2025/07/18 00:00:00,NMHC,0.03,0.01,0.03,0.04,0.05,0.01,0.05,0.03,0.01,0.02,0.04,0.03,0.05,0.04,0.04,0.04,0.03,0.03,0.02,0.02,0.03,0.06,0.03,0.03,
新竹,2025/07/18 00:00:00,NO,0.5,0.7,0.6,0.7,0.7,0.8,3.8,3.3,2,2.8,1.5,1.2,1.5,1.4,1.7,1.9,2,2.2,1.6,1.2,1,1.7,1.3,0.9,
新竹,2025/07/18 00:00:00,NO2,7.3,5.9,9.5,10.1,9.9,6.5,12,9.1,6.3,7.4,7,5.7,6,5.7,5.1,4.6,4.9,5.4,5.9,6.6,6.1,10.3,10.5,8.6,
新竹,2025/07/18 00:00:00,NOx,7.9,6.7,10.1,10.8,10.6,7.4,15.9,12.4,8.4,10.2,8.5,6.9,7.5,7.2,6.9,6.6,6.9,7.7,7.6,7.8,7.1,12,11.8,9.6,
新竹,2025/07/18 00:00:00,O3,20.6,26.3,9.3,8.9,10.6,23.5,4.6,15.1,27.3,31.8,43.6,50.7,44.1,34.9,20.3,16.8,14,11.8,10.4,9.9,10.4,5.8,8.6,8.9,
新竹,2025/07/18 00:00:00,PM10,19,14,19,23,17,15,21,18,18,19,23,21,21,16,12,12,13,8,8,4,0,0,3,1,
新竹,2025/07/18 00:00:00,PM2.5,8,8,11,12,11,7,15,10,11,10,14,15,12,8,6,3,4,2,0,1,1,2,4,2,
新竹,2025/07/18 00:00:00,RAINFALL,0,0,0,0,0,0,0,0,0,0,0,0,0,0,0,0,0,0,0,0,0,0,0.5,1,
新竹,2025/07/18 00:00:00,RH,88,88,86,86,87,91,89,85,76,68,70,73,67,59,48,49,54,54,54,54,55,55,61,72,
新竹,2025/07/18 00:00:00,SO2,0.8,0.4,0.6,0.4,0.4,0.3,0.6,0.7,0.2,0.4,0.7,1.1,1.4,1.1,0.6,0.6,0.5,0.2,0.7,0.4,0.4,0.5,0.5,0.3,
新竹,2025/07/18 00:00:00,THC,2.15,2.07,2.19,2.19,2.24,2.14,2.24,2.14,2.05,2.07,2.15,2.07,2.08,2.02,2,1.99,2,2,1.99,2.01,2.01,2.1,2.06,2.09,
新竹,2025/07/18 00:00:00,WD_HR,209,47,75,86,251,240,167,188,162,99,330,291,248,17,50,64,68,73,72,64,63,74,48,46,
新竹,2025/07/18 00:00:00,WIND_DIREC,315,47,80,90,257,174,170,178,168,70,301,275,218,45,66,47,69,68,80,51,62,48,38,62,
新竹,2025/07/18 00:00:00,WIND_SPEED,0.6,1,1.1,0.6,1.3,1.2,1.8,1,1.1,2.1,2.6,2.9,1.4,3,3.4,4.6,3.1,2.6,2.8,2.3,0.9,0.9,1.7,1,
新竹,2025/07/18 00:00:00,WS_HR,0.4,0.5,0.7,0.6,0.3,0.8,1.1,0.8,1,0.9,1.2,2.1,1.9,0.6,2.5,2.8,3.2,2.3,2.1,1.9,1.6,0.8,1.2,1.3,
新竹,2025/07/19 00:00:00,AMB_TEMP,28.8,29,29.4,28.8,29,29.5,29.7,30.5,30.2,30.6,31,32.1,33.6,33.9,33.9,32.8,33,31.8,30.5,30.1,29.9,29.4,29.3,29.3,
新竹,2025/07/19 00:00:00,CH4,2.04,2.06,1.98,1.97,1.99,1.99,2.08,1.98,1.97,1.96,1.98,1.98,1.96,1.95,2.05,2.06,1.96,2.01,2.07,2.11,2.12,2.2,2.19,2.2,
新竹,2025/07/19 00:00:00,CO,0.13,0.12,0.09,0.09,0.09,0.1,0.17,0.12,0.13,0.14,0.13,0.14,0.14,0.14,0.27,0.27,0.14,0.23,0.31,0.33,0.31,0.34,0.32,0.28,
新竹,2025/07/19 00:00:00,NMHC,0.02,0.01,0,0.01,0.01,0.01,0.06,0.03,0.02,0.04,0.03,0.04,0.03,0.03,0.08,0.05,0.04,0.07,0.07,0.07,0.08,0.09,0.09,0.08,
新竹,2025/07/19 00:00:00,NO,0.9,0.7,0.6,0.5,0.8,0.7,1.7,1.5,1.2,1.5,1.6,1.7,2.4,3,2.9,1,1.3,1.6,0.9,0.7,0.7,0.8,0.7,0.6,
新竹,2025/07/19 00:00:00,NO2,8.7,7.7,5.2,4.2,4.4,4.1,8.8,6.1,6,6.3,6.5,5.9,7.5,7.4,9.7,6.9,5.5,8.5,12.5,10.1,10.4,12.1,12,10.4,
新竹,2025/07/19 00:00:00,NOx,9.7,8.5,5.8,4.7,5.2,4.8,10.5,7.6,7.2,7.9,8.1,7.7,10,10.4,12.6,8,6.8,10.2,13.5,10.8,11.2,12.9,12.7,11,
新竹,2025/07/19 00:00:00,O3,8.8,10,13,13.4,12.6,13.6,8.5,14,14.3,13.7,14.1,15.6,15.7,16.1,43.6,57.7,16.9,26.4,41.9,47.7,46.7,35.8,32.8,34.7,
新竹,2025/07/19 00:00:00,PM10,0,5,3,1,1,2,3,0,0,4,5,5,9,6,20,27,1,16,24,25,30,31,29,26,
新竹,2025/07/19 00:00:00,PM2.5,0,0,0,0,0,0,1,0,0,0,0,0,0,0,3,16,4,3,10,23,16,25,21,18,
新竹,2025/07/19 00:00:00,RAINFALL,0.5,0,0,0,0,0,0,0,0,0,0,0,0,0,0,0,0,0,0,0,0,0,0,0,
新竹,2025/07/19 00:00:00,RH,80,79,74,80,79,75,74,68,73,69,66,61,52,52,62,69,61,71,86,87,89,91,91,88,
新竹,2025/07/19 00:00:00,SO2,0.9,1.4,1.5,1.5,1.6,1.9,1.8,1.5,1.5,1.6,1.6,1.9,2,1.7,2.1,2.6,2,1.8,2.5,2.3,2.3,2.1,2.6,2.2,
新竹,2025/07/19 00:00:00,THC,2.06,2.07,1.98,1.98,2,2,2.14,2.01,1.99,2,2.01,2.02,1.99,1.98,2.13,2.11,2,2.08,2.14,2.18,2.2,2.29,2.28,2.28,
新竹,2025/07/19 00:00:00,WD_HR,53,69,74,114,129,77,107,72,65,73,65,65,79,79,252,293,56,257,223,236,208,201,159,214,
新竹,2025/07/19 00:00:00,WIND_DIREC,71,78,90,165,75,333,85,70,78,69,60,66,79,103,276,51,166,240,210,240,205,210,134,237,
新竹,2025/07/19 00:00:00,WIND_SPEED,0.9,1.7,1.9,1.9,2.2,0.4,2,2.7,2.6,2.8,4.3,2.8,3.2,1.4,2.5,2.1,1.4,2.6,1.1,1.2,1.1,0.7,0.8,1,
新竹,2025/07/19 00:00:00,WS_HR,1.1,1.1,1.3,1.1,1,0.8,0.5,1.6,1.9,2.5,3.2,3.3,2.6,2,0.8,0.9,0.9,1,1,0.8,0.9,0.4,0.6,0.5,
新竹,2025/07/20 00:00:00,AMB_TEMP,29.4,29.3,28.9,29,28.9,28.7,28.4,28.7,29.6,30.1,30.6,31.8,32.8,31.6,31.3,28.8,27.3,27.4,27.7,27.7,27.9,27.5,27.3,26.8,
新竹,2025/07/20 00:00:00,CH4,2.24,2.26,2.25,2.27,2.23,2.27,2.2,2.14,2.12,2.09,2.06,2.06,2.07,2.04,2.03,2.05,2.05,2.04,2.07,2.12,2.13,2.11,2.08,2.07,
新竹,2025/07/20 00:00:00,CO,0.29,0.31,0.31,0.3,0.35,0.34,0.29,0.27,0.31,0.29,0.22,0.25,0.27,0.23,0.22,0.22,0.21,0.24,0.28,0.32,0.32,0.23,0.18,0.15,
新竹,2025/07/20 00:00:00,NMHC,0.08,0.08,0.07,0.07,0.05,0.06,0.05,0.04,0.06,0.06,0.03,0.05,0.04,0.02,0.02,0.04,0.05,0.05,0.07,0.09,0.08,0.03,0.02,0.01,
新竹,2025/07/20 00:00:00,NO,0.5,0.9,0.8,0.8,0.9,0.8,1.3,1.7,4.8,10,1.9,2.2,1.9,1.2,1,1,1,2.3,2.1,1.4,3.2,1.3,0.9,0.7,
新竹,2025/07/20 00:00:00,NO2,9.1,10.3,11.5,10,8.5,11.3,9.2,7.4,14.4,15.6,7.4,8.9,8.2,5.1,4.2,7.4,10.2,20.4,19.2,15.1,18.4,10,7,4.7,
新竹,2025/07/20 00:00:00,NOx,9.6,11.2,12.3,10.8,9.4,12.2,10.6,9.1,19.2,25.6,9.3,11.1,10.2,6.4,5.3,8.4,11.2,22.7,21.4,16.5,21.7,11.4,8,5.4,
新竹,2025/07/20 00:00:00,O3,32.4,25.5,16,20.5,19.6,9.2,9.4,15.3,14.5,14.5,28.1,30.7,43.4,45.1,46.3,37,22.3,11.9,11.2,9.6,6.1,5.6,15.5,17.7,
新竹,2025/07/20 00:00:00,PM10,24,27,24,26,19,21,23,20,18,11,7,12,21,20,18,12,10,6,8,8,9,6,10,5,
新竹,2025/07/20 00:00:00,PM2.5,16,15,23,21,11,18,15,16,11,10,10,10,8,9,8,8,7,4,3,4,4,4,2,3,
新竹,2025/07/20 00:00:00,RAINFALL,0,0,0,0,0,0,0.5,0,0,0,0,0,0,0,0,7,1.5,1,0,0,0.5,0.5,0,0,
新竹,2025/07/20 00:00:00,RH,87,89,91,90,90,92,91,89,85,84,78,73,72,77,78,91,95,94,92,93,91,93,94,95,
新竹,2025/07/20 00:00:00,SO2,1.9,1.2,1.1,1.4,2.1,1.8,1.3,1.3,1.2,1,1.4,1.3,2.2,2.2,1.9,1.8,0.9,0.6,0.9,1,1.2,1.2,1,1,
新竹,2025/07/20 00:00:00,THC,2.32,2.34,2.32,2.34,2.28,2.33,2.25,2.18,2.18,2.15,2.09,2.11,2.11,2.06,2.05,2.09,2.1,2.09,2.14,2.21,2.21,2.14,2.1,2.08,
新竹,2025/07/20 00:00:00,WD_HR,162,64,73,88,141,84,71,100,132,79,67,200,252,252,249,199,170,154,119,118,171,159,160,168,
新竹,2025/07/20 00:00:00,WIND_DIREC,166,44,57,120,123,81,64,168,157,71,51,259,265,280,263,186,101,71,94,159,171,169,165,349,
新竹,2025/07/20 00:00:00,WIND_SPEED,0.9,0.8,0.3,0.8,0.4,0.9,0.7,0.7,0.8,1.2,1,1.1,2.1,2.2,1.8,1.3,0.4,0.4,1.6,1.2,0.8,0.7,1,0.4,
新竹,2025/07/20 00:00:00,WS_HR,0.5,0.4,0.4,0.1,0.6,0.8,0.8,0.7,0.6,0.8,1.1,0.4,2.2,2,2.1,1.1,1.3,0.7,0.7,0.6,0.9,0.8,0.8,0.5,
新竹,2025/07/21 00:00:00,AMB_TEMP,26.9,27,27,26.8,26.8,26.9,27.1,27.2,27.5,28,28.4,28.4,28.9,28.9,28.5,28.3,27.9,27.6,27.3,27,26.9,26.7,26.6,26.9,
新竹,2025/07/21 00:00:00,CH4,2.11,2.06,2.05,2.03,2.04,2.04,2.04,2.04,2.04,2.04,2.04,2.04,2.05,2.17,2.13,2.01,2.06,2.09,2.13,2.11,2.1,2.14,2.14,2.2,
新竹,2025/07/21 00:00:00,CO,0.15,0.13,0.13,0.12,0.13,0.15,0.17,0.23,0.28,0.24,0.24,0.26,0.26,0.36,0.27,0.17,0.19,0.2,0.33,0.38,0.33,0.36,0.28,0.29,
新竹,2025/07/21 00:00:00,NMHC,0.01,0.01,0.01,0.01,0.01,0.02,0.03,0.04,0.06,0.05,0.08,0.12,0.12,0.21,0.12,0.04,0.04,0.04,0.11,0.12,0.11,0.12,0.09,0.1,
新竹,2025/07/21 00:00:00,NO,0.7,0.7,0.7,0.6,0.3,0.5,1,1.8,3,3.4,4,3.5,2.8,2.7,2.6,1.2,0.8,0.7,0.8,0.9,0.9,1.5,1.2,2.6,
新竹,2025/07/21 00:00:00,NO2,4.2,5.8,5.3,4,3.8,4.3,6.1,8.6,10.5,11.3,12.8,12.2,12.5,16.1,15.1,7.4,7,7.6,12.2,18.4,16.9,19,13.5,16.6,
新竹,2025/07/21 00:00:00,NOx,4.9,6.5,6,4.7,4.2,4.9,7.1,10.5,13.6,14.7,16.9,15.7,15.3,18.9,17.7,8.7,7.9,8.3,13.1,19.4,17.8,20.5,14.7,19.2,
新竹,2025/07/21 00:00:00,O3,23.7,16,16.6,18,20.3,15.8,13.8,12.5,11.6,16.4,17.2,19.7,25.3,27,27.6,29.3,28,24.4,19,10.2,9.6,2.7,4.9,1,
新竹,2025/07/21 00:00:00,PM10,0,0,6,7,4,1,2,4,6,7,6,6,#,15,8,8,5,6,4,4,3,4,8,9,
新竹,2025/07/21 00:00:00,PM2.5,2,2,3,2,5,4,2,2,2,1,0,#,0,5,7,4,1,0,1,5,6,4,1,2,
新竹,2025/07/21 00:00:00,RAINFALL,0,0,0,0,0,0,0.5,0,0,0.5,0,0,0,0,0.5,0,0.5,1,1,0,0,0,0,0,
新竹,2025/07/21 00:00:00,RH,93,94,93,94,92,91,91,91,91,90,88,88,86,89,92,93,93,95,95,95,94,96,94,94,
新竹,2025/07/21 00:00:00,SO2,0.5,0.9,1,1.3,0.6,1,1.3,0.9,0.8,0.9,0.8,1.1,1,1.1,1.5,1.6,1,1,1.1,0.9,1,1.1,1.3,1.3,
新竹,2025/07/21 00:00:00,THC,2.12,2.07,2.06,2.04,2.05,2.06,2.07,2.08,2.1,2.09,2.12,2.16,2.17,2.38,2.25,2.05,2.1,2.13,2.24,2.23,2.21,2.26,2.23,2.3,
新竹,2025/07/21 00:00:00,WD_HR,93,65,75,58,77,72,60,70,65,60,77,80,60,301,348,344,315,38,68,83,83,56,104,169,
新竹,2025/07/21 00:00:00,WIND_DIREC,68,66,84,73,78,52,65,74,60,66,78,97,31,292,79,303,67,292,89,84,80,16,179,170,
新竹,2025/07/21 00:00:00,WIND_SPEED,0.9,0.9,0.9,1.1,1.3,0.9,1.2,1.2,1.1,1,1.2,0.7,0.7,1.7,0.8,1.3,0.5,1,1.3,1.2,0.9,0.7,0.4,0.9,
新竹,2025/07/21 00:00:00,WS_HR,0.4,0.8,1,1,0.9,0.8,0.9,1.1,1,1,1.2,0.9,0.7,0.8,0.2,0.4,0.2,0.2,0.7,0.9,0.8,0.6,0.4,0.8,
新竹,2025/07/22 00:00:00,AMB_TEMP,26.7,26.5,26.3,26.5,26.3,26.1,26.5,27.3,28.3,29.7,30.5,30.4,31.3,32.7,32.8,32,31.3,30.9,30.2,29.6,29.4,29.2,29.4,29.2,
新竹,2025/07/22 00:00:00,CH4,2.13,2.13,2.11,2.11,2.14,2.15,2.21,2.22,2.06,2.15,2.14,2.08,2.07,2.06,2.06,2.02,2.06,2.09,2.12,2.13,2.14,2.2,2.13,2.13,
新竹,2025/07/22 00:00:00,CO,0.2,0.16,0.15,0.14,0.16,0.17,0.24,0.36,0.34,0.47,0.37,0.25,0.23,0.24,0.21,0.18,0.24,0.32,0.37,0.38,0.35,0.41,0.34,0.24,
新竹,2025/07/22 00:00:00,NMHC,0.05,0.03,0.01,0.03,0.04,0.04,0.07,0.12,0.09,0.14,0.12,0.07,0.05,0.05,0.04,0.02,0.06,0.11,0.11,0.11,0.1,0.15,0.12,0.09,
新竹,2025/07/22 00:00:00,NO,3.8,0.6,0.6,0.5,1.1,2.2,6.6,13.6,10.7,9.4,3.9,1.8,1.5,0.9,1,1,0.9,0.6,0.6,0.5,0.4,0.5,0.4,0.6,
新竹,2025/07/22 00:00:00,NO2,12.4,7.3,6.5,6.5,10.8,9.9,10,10.9,11.1,18.4,17,10.9,8.7,7,7.6,7.4,9.3,11.3,11.8,10.9,11.5,17.7,19.2,11.1,
新竹,2025/07/22 00:00:00,NOx,16.2,7.9,7.1,7,11.9,12.1,16.6,24.6,21.8,27.8,20.9,12.7,10.3,7.9,8.7,8.4,10.3,11.9,12.5,11.4,11.9,18.2,19.6,11.8,
新竹,2025/07/22 00:00:00,O3,5.7,8.8,9.4,12.1,2.6,0,0.8,1.5,5.7,15.1,33.1,42.8,45,55.6,51.5,52.7,65.1,72.4,70,62.7,53.2,37.5,16.7,7.1,
新竹,2025/07/22 00:00:00,PM10,7,11,11,8,16,16,16,20,14,18,11,17,7,13,11,11,15,21,22,22,14,25,20,14,
新竹,2025/07/22 00:00:00,PM2.5,3,4,2,0,3,1,3,1,3,7,5,5,4,5,8,6,8,13,10,10,10,16,13,9,
新竹,2025/07/22 00:00:00,RAINFALL,0,0,0,0,0,0,0,0,0,0,0,0,0,0,0,0,0,0,0,0,0,0,0,0,
新竹,2025/07/22 00:00:00,RH,94,94,95,93,93,92,91,88,82,80,77,80,73,67,66,68,72,76,81,85,84,83,79,77,
新竹,2025/07/22 00:00:00,SO2,1.5,0.4,0.5,0.6,0.5,1.1,1.4,0.9,1.4,1,1.1,1.4,1.2,0.8,1.1,0.9,0.8,1,0.7,0.8,0.6,0.6,0.8,0.6,
新竹,2025/07/22 00:00:00,THC,2.18,2.16,2.12,2.14,2.18,2.19,2.28,2.34,2.15,2.29,2.26,2.15,2.12,2.11,2.1,2.04,2.12,2.2,2.23,2.24,2.24,2.35,2.25,2.22,
新竹,2025/07/22 00:00:00,WD_HR,164,164,153,137,82,81,71,50,93,231,285,297,282,317,264,292,301,289,286,210,164,170,71,121,
新竹,2025/07/22 00:00:00,WIND_DIREC,166,152,176,115,79,74,96,65,161,291,302,259,286,275,271,309,309,251,251,170,139,168,69,78,
新竹,2025/07/22 00:00:00,WIND_SPEED,0.6,0.9,0.7,0.3,1.2,0.8,0.3,0.7,1,1.4,1.2,1.2,1.6,1.3,1.8,2.1,1.3,1.5,1.2,0.7,0.4,0.7,1.2,1.3,
新竹,2025/07/22 00:00:00,WS_HR,0.8,0.7,0.8,0.5,1.1,0.9,0.6,0.6,0.5,0.3,0.5,1.4,0.8,0.6,1.3,1.8,1.4,1.3,1,0.7,0.6,0.7,0.8,0.4,
新竹,2025/07/23 00:00:00,AMB_TEMP,28.7,28.2,27.9,27.7,27.6,27.4,28,29.5,31.6,33.6,35.2,36,36.4,36.5,36.5,35.8,34.9,33.6,32.2,31.2,30.7,30.5,30.5,29.9,
新竹,2025/07/23 00:00:00,CH4,2.13,2.2,2.22,2.13,2.02,2.04,2.02,1.99,1.97,1.95,1.95,1.96,1.96,1.97,1.96,1.96,1.96,1.97,1.97,1.98,1.96,1.96,1.96,1.96,
新竹,2025/07/23 00:00:00,CO,0.2,0.23,0.25,0.18,0.12,0.13,0.14,0.17,0.19,0.13,0.11,0.12,0.12,0.11,0.11,0.11,0.12,0.17,0.19,0.18,0.15,0.12,0.1,0.09,
新竹,2025/07/23 00:00:00,NMHC,0.07,0.09,0.09,0.07,0.03,0.03,0.03,0.03,0.04,0.04,0.03,0.05,0.04,0.04,0.05,0.05,0.05,0.09,0.08,0.06,0.05,0.03,0.02,0.01,
新竹,2025/07/23 00:00:00,NO,0.4,0.6,0.5,0.6,0.5,0.6,2.3,4.4,4.6,2.9,2.8,2.5,1.8,1.6,1.9,2.3,2.3,2.2,1.8,1.2,1,1,0.9,0.6,
新竹,2025/07/23 00:00:00,NO2,8.3,14.3,13.4,9.1,5.3,5.5,5.4,5.5,5.9,5.3,5.3,5.8,5.2,5.4,5.3,5.6,5.4,6.7,7.5,7.6,6.5,5.7,5.3,4.6,
新竹,2025/07/23 00:00:00,NOx,8.8,15,13.9,9.7,5.9,6.2,7.7,10,10.6,8.3,8.1,8.3,7,7.1,7.2,7.9,7.8,9,9.4,8.9,7.6,6.8,6.2,5.2,
新竹,2025/07/23 00:00:00,O3,5,12.2,11,7.5,6.1,4.8,5,6.7,9.5,13.7,15.6,19.5,22.3,22.3,18.8,17,14.8,13.4,8.2,5.3,5.9,6.7,7.1,8.7,
新竹,2025/07/23 00:00:00,PM10,12,15,18,19,6,11,10,10,6,8,6,9,12,10,12,10,14,14,13,9,4,5,7,6,
新竹,2025/07/23 00:00:00,PM2.5,5,5,12,8,5,6,7,4,1,3,2,2,5,2,1,0,3,5,4,5,2,0,0,0,
新竹,2025/07/23 00:00:00,RAINFALL,0,0,0,0,0,0,0,0,0,0,0,0,0,0,0,0,0,0,0,0,0,0,0,0,
新竹,2025/07/23 00:00:00,RH,79,86,88,86,83,84,81,76,68,58,52,49,48,47,45,48,51,58,63,67,68,67,67,70,
新竹,2025/07/23 00:00:00,SO2,0.5,1.2,1.3,1,0.7,1,0.9,0.9,0.7,0.8,0.6,0.6,0.9,0.8,1.1,1,1.1,0.9,0.9,0.7,0.7,0.5,0.6,0.6,
新竹,2025/07/23 00:00:00,THC,2.2,2.29,2.31,2.2,2.05,2.07,2.05,2.02,2.01,1.99,1.98,2.01,2,2.01,2.01,2.01,2.01,2.06,2.05,2.04,2.01,1.99,1.98,1.97,
新竹,2025/07/23 00:00:00,WD_HR,138,168,98,76,70,74,73,69,71,64,71,59,63,58,54,55,57,53,55,55,54,51,49,59,
新竹,2025/07/23 00:00:00,WIND_DIREC,168,176,70,87,71,73,69,67,69,63,60,54,52,47,53,61,59,58,53,52,51,50,50,54,
新竹,2025/07/23 00:00:00,WIND_SPEED,0.9,0.3,0.7,1.5,1.3,1.1,1.5,1.6,2.7,2.8,2.6,3.5,3.2,4.3,4.1,3.7,4.3,4.9,4.6,4.3,5.6,5.5,4.5,2.9,
新竹,2025/07/23 00:00:00,WS_HR,0.6,0.7,0.6,1,0.9,1,1,1.6,1.5,2.4,2.4,2.4,2.3,2.9,3,3.4,3.8,3.5,4.3,3.9,4.3,4.9,4.6,2.6,
新竹,2025/07/24 00:00:00,AMB_TEMP,29.1,28.7,28.6,28.5,28.4,28.7,29.2,30.1,31.3,32,33,32.9,33.8,33.3,32.2,30.7,31.1,30.5,29.7,29.3,27.9,27.6,27.9,27.9,
新竹,2025/07/24 00:00:00,CH4,1.99,1.98,2,2,1.99,1.99,1.99,1.98,1.96,1.95,1.96,1.96,1.96,1.97,1.96,1.97,1.97,1.95,1.99,2.01,1.99,1.98,1.98,2,
新竹,2025/07/24 00:00:00,CO,0.1,0.1,0.09,0.08,0.08,0.09,0.12,0.15,0.15,0.12,0.12,0.13,0.13,0.13,0.12,0.13,0.15,0.15,0.19,0.24,0.18,0.15,0.12,0.12,
新竹,2025/07/24 00:00:00,NMHC,0.02,0.03,0.01,0.03,0.02,0.03,0.05,0.05,0.04,0.04,0.04,0.04,0.04,0.06,0.06,0.08,0.08,0.05,0.1,0.11,0.08,0.05,0.04,0.06,
新竹,2025/07/24 00:00:00,NO,0.5,0.6,0.7,0.6,0.7,0.8,2.1,3.3,3.3,2.3,2.2,1.9,1.7,2.2,2.3,2.9,3.7,2.4,1.8,1.7,1.6,1.2,0.8,0.8,
新竹,2025/07/24 00:00:00,NO2,5.7,5.8,5.2,4.8,5.2,4.6,6.1,5.7,5.4,5,5.6,5.5,5.9,6.2,6.1,6,6.7,6.1,8.3,12,9.9,8.5,6.7,7,
新竹,2025/07/24 00:00:00,NOx,6.3,6.5,5.9,5.4,5.9,5.4,8.2,9,8.7,7.4,7.9,7.4,7.6,8.5,8.4,9,10.5,8.5,10.1,13.7,11.5,9.8,7.6,7.9,
新竹,2025/07/24 00:00:00,O3,6.9,7.2,6.3,5.5,4.6,6.4,6.8,9.1,12.4,16.6,20.9,22.1,27.4,19,16.1,12.8,9.9,12,7.9,3.3,4.8,5.9,6.6,6.2,
新竹,2025/07/24 00:00:00,PM10,3,5,6,6,6,6,5,8,14,10,10,11,13,13,20,10,21,9,9,10,10,4,3,7,
新竹,2025/07/24 00:00:00,PM2.5,0,3,1,1,0,0,3,5,5,5,2,2,3,3,11,8,7,5,2,3,3,1,0,0,
新竹,2025/07/24 00:00:00,RAINFALL,0,0,0,0,0,0,0,0,0,0,0,0,0,0,0.5,0,0,0,0,0,1.5,0,0,0,
新竹,2025/07/24 00:00:00,RH,77,80,80,80,79,77,78,75,68,65,61,62,61,67,72,82,79,70,76,80,90,89,86,86,
新竹,2025/07/24 00:00:00,SO2,0.6,0.6,0.6,0.6,1,0.8,0.9,0.9,0.8,0.9,1,0.8,0.8,0.8,0.8,0.5,0.8,0.7,0.8,1,0.7,0.8,0.9,0.7,
新竹,2025/07/24 00:00:00,THC,2.01,2.01,2.01,2.03,2.01,2.02,2.04,2.03,2,1.99,2,2,2,2.03,2.02,2.05,2.05,2,2.09,2.12,2.07,2.03,2.02,2.06,
新竹,2025/07/24 00:00:00,WD_HR,80,78,75,58,80,59,47,41,52,50,54,57,53,42,36,37,38,65,47,51,47,52,36,39,
新竹,2025/07/24 00:00:00,WIND_DIREC,70,88,52,79,70,51,40,44,56,63,42,63,56,44,33,37,57,60,49,47,56,53,28,45,
新竹,2025/07/24 00:00:00,WIND_SPEED,2.3,1.3,1.4,1.7,1.7,1.7,3.1,3.6,5.5,3.8,4.8,4,3.8,4.5,4.1,3.9,3.9,3.2,3.2,2.9,2.9,2.5,2.3,1.9,
新竹,2025/07/24 00:00:00,WS_HR,1.6,1.4,1.4,1.1,1.3,1.2,2.2,2.9,3.7,3.6,3.3,3.7,3.3,3.5,3.6,2.9,3.1,2.7,2.9,2.3,2.2,2,2.2,1.7,
新竹,2025/07/25 00:00:00,AMB_TEMP,28.1,27.8,27.2,26.4,26.3,26.1,25.9,25.9,26,26.1,26.8,27.9,28.6,29.7,29.4,29.1,28,28.2,28.4,28,27.2,27.3,27.5,27.5,
新竹,2025/07/25 00:00:00,CH4,1.99,1.99,2.04,2.01,2.03,2.05,2.02,2,2.05,2.03,2.07,2.01,1.96,1.96,1.95,1.96,1.99,1.98,1.97,2.03,1.99,1.97,1.99,2.06,
新竹,2025/07/25 00:00:00,CO,0.11,0.11,0.11,0.1,0.09,0.1,0.13,0.19,0.33,0.27,0.29,0.23,0.14,0.11,0.13,0.14,0.17,0.17,0.18,0.17,0.17,0.16,0.16,0.14,
新竹,2025/07/25 00:00:00,NMHC,0.06,0.05,0.1,0.08,0.04,0.04,0.03,0.05,0.09,0.08,0.11,0.11,0.04,0.03,0.02,0.03,0.05,0.05,0.04,0.03,0.04,0.05,0.06,0.06,
新竹,2025/07/25 00:00:00,NO,0.9,1,1,0.8,0.7,0.7,1.7,3.1,7.3,7.2,6.7,5.8,2.2,1.2,0.9,1,1,0.9,0.7,0.7,0.8,1,0.8,0.8,
新竹,2025/07/25 00:00:00,NO2,7.5,8.7,10.6,6.8,5.8,5.5,8.7,9.8,14,11.3,11.9,12.1,6.9,4.4,4.3,5.9,6.9,6.3,6,5.7,6,5.9,6.1,6.1,
新竹,2025/07/25 00:00:00,NOx,8.5,9.7,11.7,7.6,6.6,6.3,10.4,13,21.3,18.6,18.6,18,9.2,5.6,5.3,6.9,8,7.3,6.8,6.5,6.9,6.9,7,6.9,
新竹,2025/07/25 00:00:00,O3,5.5,6,4.8,7.4,9,9,8.2,6.3,3.4,6.4,7.4,10.3,19.2,27.6,27.4,29.6,28.5,26.3,24.2,21,18.7,16.6,14.3,13.8,
新竹,2025/07/25 00:00:00,PM10,5,5,5,0,0,0,1,0,1,2,1,4,20,21,21,15,12,13,11,8,3,6,8,6,
新竹,2025/07/25 00:00:00,PM2.5,1,0,0,2,1,0,3,3,4,5,5,5,10,6,6,11,9,6,7,5,2,1,0,0,
新竹,2025/07/25 00:00:00,RAINFALL,0,0,0,3.5,8.5,21.5,13,11,8.5,4,4.5,0.5,0,0,0,0,0,0.5,0,0.5,6,0,0,0.5,
新竹,2025/07/25 00:00:00,RH,84,87,91,97,98,99,99,99,99,98,98,95,91,85,84,84,93,91,91,94,99,99,98,98,
新竹,2025/07/25 00:00:00,SO2,1.1,0.5,1.2,1.4,0.5,0.3,0.7,0.6,0.5,0.5,0.4,0.4,0.7,0.3,0.4,0.6,0.5,0.3,0.5,0.2,0.5,0.5,0.4,0.6,
新竹,2025/07/25 00:00:00,THC,2.05,2.04,2.14,2.09,2.07,2.09,2.05,2.05,2.14,2.11,2.18,2.12,2,1.99,1.97,1.99,2.04,2.03,2.01,2.06,2.03,2.02,2.05,2.12,
新竹,2025/07/25 00:00:00,WD_HR,54,39,37,62,152,157,141,86,130,113,79,82,66,41,15,65,25,295,319,25,292,299,279,242,
新竹,2025/07/25 00:00:00,WIND_DIREC,61,47,45,82,178,177,70,154,144,156,133,82,73,271,335,71,303,289,339,65,296,298,237,238,
新竹,2025/07/25 00:00:00,WIND_SPEED,1.5,1.3,1.7,1,0.6,1.7,0.7,0.8,1,1,0.9,0.9,1.6,1.4,1.5,1.2,1.1,1.7,1.3,0.5,1.4,1.3,1,1.5,
新竹,2025/07/25 00:00:00,WS_HR,1.6,1.8,1.7,1.2,0.4,0.8,0.7,0.7,0.6,0.5,0.2,0.5,0.6,0.4,0.4,0.7,0.5,0.5,0.7,0.2,1.1,1,0.7,1.2,
新竹,2025/07/26 00:00:00,AMB_TEMP,27.5,27.2,27,27,27.1,26.9,27.2,27.9,29.5,31,32,32.1,32.9,33.3,33.3,33.6,33.4,32.3,31.7,31.9,31.4,31.1,30.8,30.8,
新竹,2025/07/26 00:00:00,CH4,2.06,2.05,2.07,2.07,2.08,2.06,2.07,2.05,2.03,2.01,2.01,2.01,2.01,2.01,2.01,2,2.01,2.03,2.06,2.07,2.08,2.11,2.1,2.1,
新竹,2025/07/26 00:00:00,CO,0.13,0.12,0.11,0.11,0.12,0.12,0.17,0.22,0.22,0.19,0.18,0.18,0.19,0.17,0.17,0.16,0.17,0.2,0.26,0.26,0.26,0.27,0.22,0.19,
新竹,2025/07/26 00:00:00,NMHC,0.05,0.05,0.01,0.01,0.01,0.02,0.04,0.04,0.03,0.02,0.03,0.04,0.05,0.04,0.04,0.04,0.04,0.06,0.1,0.1,0.08,0.08,0.06,0.04,
新竹,2025/07/26 00:00:00,NO,0.7,1.1,0.8,0.9,0.9,0.8,1.7,2,2.3,1.8,1.8,2.1,1.5,1.6,1.6,1.8,1.5,1.4,1.5,1.2,1.3,1.3,1.1,0.9,
新竹,2025/07/26 00:00:00,NO2,6.9,7.3,4.9,4.4,4.6,5.5,8.6,8.7,7.3,6,5.8,6.1,5.6,5.1,5.4,5.3,5.6,6.8,9.4,9.7,11.4,13,9.7,7.3,
新竹,2025/07/26 00:00:00,NOx,7.6,8.4,5.7,5.3,5.6,6.4,10.3,10.8,9.7,7.9,7.6,8.2,7.2,6.7,7.1,7.1,7.2,8.3,11,11,12.7,14.4,10.8,8.3,
新竹,2025/07/26 00:00:00,O3,14.6,12.2,13.1,12.9,12,14.7,13.2,19.7,28.6,32.7,32.4,29.7,33.4,33.1,30.2,27.2,27.3,23.4,18,17.8,13.8,11,15.5,22.8,
新竹,2025/07/26 00:00:00,PM10,5,4,3,1,5,6,8,8,11,10,7,9,6,14,15,9,12,8,6,19,14,14,16,13,
新竹,2025/07/26 00:00:00,PM2.5,1,4,2,0,3,7,4,4,9,6,4,5,6,5,7,4,2,5,4,10,8,6,9,9,
新竹,2025/07/26 00:00:00,RAINFALL,0,0,0,0,0,0.5,0,0,0,0,0,0,0,0,0,0,0,0,0,0,0,0,0,0,
新竹,2025/07/26 00:00:00,RH,97,98,97,96,95,97,94,90,82,74,68,66,63,59,58,57,58,61,62,60,63,66,68,69,
新竹,2025/07/26 00:00:00,SO2,0.4,1.2,1.1,1,0.9,1.3,1.5,1.2,0.9,1,1,0.8,1.2,1.1,0.8,0.8,1.1,1.1,1.2,1.6,1.6,1.4,1.3,1.3,
新竹,2025/07/26 00:00:00,THC,2.11,2.1,2.08,2.08,2.09,2.08,2.11,2.09,2.06,2.03,2.04,2.05,2.06,2.05,2.05,2.04,2.05,2.09,2.16,2.17,2.16,2.19,2.16,2.14,
新竹,2025/07/26 00:00:00,WD_HR,237,182,169,167,171,232,186,184,189,193,195,215,228,231,245,236,233,242,230,224,175,180,189,243,
新竹,2025/07/26 00:00:00,WIND_DIREC,199,165,133,165,195,200,168,177,196,193,228,243,233,234,#,235,240,240,229,190,161,216,174,245,
新竹,2025/07/26 00:00:00,WIND_SPEED,1.2,1,0.4,0.7,0.9,1,1.2,1.1,1.9,3,2.5,2.7,3.1,3.9,#,3,3,2.6,1.9,0.9,0.5,1.1,1.1,2.7,
新竹,2025/07/26 00:00:00,WS_HR,1.4,0.8,0.4,0.8,0.6,1.1,0.9,0.9,1.3,1.9,1.5,1.7,1.9,2.3,3.3,2.3,1.6,2.4,1.1,0.9,0.8,0.4,0.6,2.1,
新竹,2025/07/27 00:00:00,AMB_TEMP,30.2,30.2,29.9,29.8,29.8,30,30.3,31,31.6,31.7,31.4,31.4,30.9,30.8,30.6,30,29.6,29.4,29.3,29.4,29.4,28,26.3,26.3,
新竹,2025/07/27 00:00:00,CH4,2.13,2.1,2.1,2.1,2.08,2.06,2.05,2.05,2.04,2.04,2.04,2.06,2.05,2.03,2.06,2.04,2.01,2.03,2.02,2.04,2.08,2.09,2.07,2.08,
新竹,2025/07/27 00:00:00,CO,0.2,0.16,0.17,0.17,0.15,0.15,0.15,0.16,0.18,0.19,0.19,0.22,0.2,0.18,0.2,0.2,0.21,0.22,0.21,0.21,0.21,0.19,0.16,0.16,
新竹,2025/07/27 00:00:00,NMHC,0.05,0.02,0.03,0.03,0.02,0.02,0.02,0.02,0.03,0.05,0.06,0.05,0.05,0.04,0.04,0.05,0.04,0.04,0.03,0.05,0.05,0.04,0.03,0.02,
新竹,2025/07/27 00:00:00,NO,0.8,0.7,0.5,0.5,0.5,0.5,0.7,0.6,0.9,1,0.9,1,0.9,0.7,0.6,0.5,*,*,*,*,*,*,*,*,
新竹,2025/07/27 00:00:00,NO2,6.9,5.8,4.9,4.3,3.7,3.4,3.5,3.8,4.5,5,4.9,5.2,5.2,4.6,5.1,6,*,*,*,*,*,*,*,*,
新竹,2025/07/27 00:00:00,NOx,7.8,6.6,5.5,4.9,4.3,3.9,4.2,4.5,5.5,6.1,5.9,6.3,6.2,5.4,5.7,6.5,*,*,*,*,*,*,*,*,
新竹,2025/07/27 00:00:00,O3,22,29.9,35.9,37.4,37.2,35,34.5,33.1,38.2,35.1,34.4,35.7,36,35,33.6,34.2,35.7,37.5,34.8,29.2,27.1,31.3,40.3,32.8,
新竹,2025/07/27 00:00:00,PM10,16,17,19,17,20,21,14,9,18,21,17,23,16,19,19,24,29,33,25,33,29,18,12,6,
新竹,2025/07/27 00:00:00,PM2.5,7,10,13,8,12,13,10,9,14,12,11,10,9,9,9,12,14,14,13,11,12,11,10,7,
新竹,2025/07/27 00:00:00,RAINFALL,0,0,0,0,0,0,0,0,0,0,0,0,0,0,0,0,0,0,0,0,0.5,20.5,23,2.5,
新竹,2025/07/27 00:00:00,RH,74,74,79,80,79,77,75,72,71,70,71,74,74,73,77,85,87,89,91,91,89,97,99,99,
新竹,2025/07/27 00:00:00,SO2,1.4,1.4,1.1,1.1,1.2,1.5,1.3,1.4,1.6,1.5,1.6,1.5,1.6,1.5,1.5,1.5,1.9,1.6,1.5,1.7,1.9,1.8,1.6,1.5,
新竹,2025/07/27 00:00:00,THC,2.18,2.12,2.13,2.13,2.1,2.08,2.07,2.07,2.07,2.09,2.1,2.11,2.1,2.07,2.1,2.09,2.05,2.07,2.05,2.09,2.13,2.13,2.1,2.1,
新竹,2025/07/27 00:00:00,WD_HR,235,243,245,222,231,234,235,239,219,225,240,247,245,243,247,244,246,247,244,247,247,254,230,205,
新竹,2025/07/27 00:00:00,WIND_DIREC,231,248,247,212,236,238,248,235,215,240,245,247,249,241,244,244,244,248,246,248,273,243,202,203,
新竹,2025/07/27 00:00:00,WIND_SPEED,2,3,2.8,1.6,2.5,2.9,3.1,2.1,2.7,3,3.5,4.4,4.8,3.7,4.5,3.9,4.3,3.6,3.8,4.3,2.3,3.8,2.1,2.8,
新竹,2025/07/27 00:00:00,WS_HR,1.6,2.1,2.6,1.1,1.2,1.7,1.7,2.1,1.4,1.5,2.5,4.1,3.6,3.3,3.7,3.8,3.9,3.5,3.6,3.7,3.1,2.3,1.7,1.3,
新竹,2025/07/28 00:00:00,AMB_TEMP,25.9,26.2,26.7,27,27.3,27.6,28,27.5,28,27.9,28.5,30,30.5,30.9,30.9,29.7,29.5,28.9,28.1,26.4,26.4,26.6,26.4,26.4,
新竹,2025/07/28 00:00:00,CH4,2.04,2.1,2.09,2.05,2.09,2.11,2.11,2.07,2.11,2.14,2.16,#,2.1,2.07,2.05,2.05,2.06,2.05,2.09,2.07,2.08,2.12,2.14,2.14,
新竹,2025/07/28 00:00:00,CO,0.13,0.14,0.14,0.13,0.13,0.14,0.17,0.2,0.25,0.26,0.3,#,0.28,0.22,0.19,0.2,0.21,0.28,0.29,0.22,0.24,0.29,0.24,0.2,
新竹,2025/07/28 00:00:00,NMHC,0.02,0.02,0.01,0.01,0.02,0.02,0.03,0.04,0.06,0.08,0.11,#,0.07,0.06,0.05,0.05,0.04,0.08,0.11,0.07,0.07,0.09,0.07,0.06,
新竹,2025/07/28 00:00:00,NO,*,0.4,0.5,0.6,0.5,0.7,1.2,1.1,1.5,2.7,3.8,#,1.5,1.4,0.9,0.6,0.6,0.6,0.9,0.8,0.6,0.8,0.8,0.5,
新竹,2025/07/28 00:00:00,NO2,*,4.5,4.1,3.1,5.4,8.8,11.4,8,9.5,11.6,14.2,#,10.3,7.5,5,4.9,4.9,7.5,11.5,8.7,9.3,12.7,12,8.6,
新竹,2025/07/28 00:00:00,NOx,*,5,4.6,3.8,6,9.5,12.6,9.2,11.1,14.4,18.1,#,11.8,8.9,6,5.5,5.5,8.2,12.4,9.5,10,13.5,12.9,9.2,
新竹,2025/07/28 00:00:00,O3,32.1,31.7,30,29.4,29,23.2,21,23.9,22.2,20.2,22.8,37,#,45.9,46.8,52.7,54.9,39.4,25,24.6,22.2,16.3,16,20.5,
新竹,2025/07/28 00:00:00,PM10,0,0,4,4,0,0,7,7,5,4,8,13,#,5,2,8,7,7,6,1,1,4,2,1,
新竹,2025/07/28 00:00:00,PM2.5,1,0,1,0,3,2,3,5,4,5,5,#,6,7,5,7,5,3,4,2,1,0,0,2,
新竹,2025/07/28 00:00:00,RAINFALL,2,0,0,0,0,0,0,0.5,0,4,0,#,#,0,0,0,0,0,2,15,0,0,0,0,
新竹,2025/07/28 00:00:00,RH,98,97,94,91,89,88,88,92,91,93,92,84,80,79,81,87,88,87,90,97,95,94,95,93,
新竹,2025/07/28 00:00:00,SO2,2.1,0.8,1,0.8,1.2,2,2,1.1,0.7,1.2,1.2,#,2.1,1.8,1.2,0.9,0.8,0.6,0.7,0.2,0.6,1.1,1,1.2,
新竹,2025/07/28 00:00:00,THC,2.06,2.12,2.1,2.06,2.11,2.13,2.14,2.11,2.17,2.22,2.27,#,2.17,2.13,2.1,2.1,2.1,2.13,2.2,2.14,2.15,2.21,2.21,2.2,
新竹,2025/07/28 00:00:00,WD_HR,228,248,244,240,250,246,244,281,278,336,334,258,267,259,270,291,287,230,240,196,153,180,186,185,
新竹,2025/07/28 00:00:00,WIND_DIREC,244,247,239,236,250,244,249,299,210,17,286,297,264,278,294,304,289,167,242,182,65,177,336,160,
新竹,2025/07/28 00:00:00,WIND_SPEED,2.2,3,3.4,1.9,1.9,2.3,1.8,1.3,0.7,0.4,1.2,2.2,2.2,2.2,2,2.2,1.8,0.9,2.9,0.7,0.4,0.6,0.6,0.5,
新竹,2025/07/28 00:00:00,WS_HR,1.4,1.8,1.9,2.1,1.8,2.1,1.7,0.6,0.6,0.1,0.2,1.2,1.5,2,1.7,1.8,1.6,0.7,1.9,0.7,0.3,0.4,0.2,0.3,
新竹,2025/07/29 00:00:00,AMB_TEMP,26.4,26.5,26.7,26.7,26.6,26.5,25.9,25.7,25.8,27.2,27.7,28,28.5,29.5,30,29.9,29.5,29.3,28.9,28.5,28.3,28.3,28.6,28.8,
新竹,2025/07/29 00:00:00,CH4,2.16,2.2,2.22,2.19,2.15,2.1,2.15,2.13,2.1,2.09,2.11,2.11,2.11,2.16,2.08,2.07,2.06,2.07,2.08,2.1,2.1,2.14,2.11,2.11,
新竹,2025/07/29 00:00:00,CO,0.19,0.19,0.19,0.18,0.18,0.16,0.18,0.24,0.32,0.3,0.27,0.28,0.26,0.22,0.2,0.21,0.23,0.3,0.32,0.33,0.28,0.27,0.21,0.18,
新竹,2025/07/29 00:00:00,NMHC,0.05,0.06,0.05,0.05,0.04,0.02,0.04,0.06,0.1,0.08,0.1,0.05,0.05,0.05,0.03,0.03,0.04,0.07,0.08,0.06,0.05,0.08,0.04,0.02,
新竹,2025/07/29 00:00:00,NO,0.5,0.4,0.4,0.3,0.2,0.2,0.4,0.6,1.4,2.7,2.5,1.4,1.5,1.3,0.7,0.5,0.5,0.6,0.4,0.4,0.3,0.3,0.4,0.3,
新竹,2025/07/29 00:00:00,NO2,8.5,10.3,12,10.9,8.7,6.6,7.1,10.2,12.7,12.5,11.6,9,9.4,9.4,5.8,5.4,6,9,9.7,8.2,10,9.7,6.6,4.2,
新竹,2025/07/29 00:00:00,NOx,9,10.8,12.4,11.2,9,6.8,7.5,10.8,14.1,15.2,14.1,10.5,11,10.7,6.5,5.9,6.6,9.6,10.1,8.7,10.4,10,7,4.6,
新竹,2025/07/29 00:00:00,O3,16.2,13.1,11.4,16.2,19.6,23.8,22.6,23.5,19.5,19.6,24.1,36.7,41.7,54,51.6,53.4,55.3,51.2,49.1,59.3,39.4,29.7,32.3,38.7,
新竹,2025/07/29 00:00:00,PM10,4,3,4,9,8,9,5,2,0,4,9,9,5,8,6,7,5,5,7,16,13,13,11,7,
新竹,2025/07/29 00:00:00,PM2.5,4,3,1,2,4,3,1,0,1,1,2,2,4,7,3,3,5,7,4,11,8,4,1,2,
新竹,2025/07/29 00:00:00,RAINFALL,0,0,0,0,0.5,0,27,2.5,1.5,0,0,0,0,0,0,0,0,0,0,0,0,0,0,0,
新竹,2025/07/29 00:00:00,RH,93,92,90,89,90,91,98,99,97,92,93,91,90,86,84,86,87,88,88,90,91,89,86,83,
新竹,2025/07/29 00:00:00,SO2,0.7,0.9,1.2,1.4,1.3,1,0.7,0.7,0.9,0.9,0.8,1,1.7,2.3,1,0.8,1.2,1.3,1.1,1.2,1.1,1.1,0.6,0.8,
新竹,2025/07/29 00:00:00,THC,2.21,2.26,2.27,2.24,2.19,2.12,2.19,2.19,2.2,2.17,2.21,2.16,2.16,2.21,2.11,2.1,2.1,2.14,2.16,2.16,2.15,2.22,2.15,2.13,
新竹,2025/07/29 00:00:00,WD_HR,174,171,218,240,243,255,252,205,157,142,230,244,246,255,253,251,250,253,247,244,245,248,245,247,
新竹,2025/07/29 00:00:00,WIND_DIREC,166,130,246,239,242,281,230,169,159,193,242,243,256,244,279,248,248,256,247,243,246,247,250,248,
新竹,2025/07/29 00:00:00,WIND_SPEED,0.9,0.4,1.3,1.4,2.7,2.2,1.8,0.6,0.9,0.6,1.8,2.5,2.2,2.7,2.4,2.2,2.3,1.8,2,2.4,2.1,2.5,3.4,3.9,
新竹,2025/07/29 00:00:00,WS_HR,0.5,0.5,0.4,1.2,2,1.7,1.7,0.4,0.6,0.6,0.8,2.3,2.2,2,2.4,1.9,2.1,1.7,1.7,2.1,2.1,2,2.8,3.3,
新竹,2025/07/30 00:00:00,AMB_TEMP,29,28.8,28.6,28.7,28.8,28.5,28.9,29.8,31,32.3,32.5,32.4,33.4,33.8,33.8,34.2,33.7,32.6,31.8,31.3,30.9,30.7,30.3,30.1,
新竹,2025/07/30 00:00:00,CH4,2.1,2.09,2.1,2.09,2.06,2.07,2.08,2.09,2.09,2.09,2.1,2.12,2.11,2.11,2.11,2.13,2.12,2.14,2.15,2.15,2.12,2.11,2.1,2.12,
新竹,2025/07/30 00:00:00,CO,0.17,0.17,0.17,0.15,0.15,0.16,0.19,0.22,0.26,0.24,0.24,0.26,0.25,0.24,0.24,0.26,0.26,0.31,0.33,0.29,0.25,0.23,0.21,0.26,
新竹,2025/07/30 00:00:00,NMHC,0.02,0.01,0.01,0.01,0.01,0.01,0.03,0.04,0.06,0.1,0.12,0.08,0.08,0.11,0.09,0.09,0.1,0.11,0.11,0.08,0.06,0.04,0.03,0.03,
新竹,2025/07/30 00:00:00,NO,0.2,0.7,0.5,0.6,0.6,0.6,0.9,1.4,1.7,1.7,1.5,1.4,1.4,1.2,1.1,1.3,1.2,1,0.9,0.7,0.6,0.6,0.6,0.6,
新竹,2025/07/30 00:00:00,NO2,4.1,3.7,3.3,2.9,2.6,2.8,4.4,5.7,6.3,6.5,6.9,6.9,6.6,5.9,5.6,6.1,6.6,7.4,8.5,7.7,6.3,5.2,4,3.8,
新竹,2025/07/30 00:00:00,NOx,4.4,4.4,3.8,3.6,3.2,3.5,5.3,7.1,8.1,8.2,8.5,8.3,8.1,7.1,6.8,7.5,7.8,8.4,9.4,8.4,6.9,5.8,4.7,4.5,
新竹,2025/07/30 00:00:00,O3,40.5,39.9,39.2,38.6,39.1,37,33.9,32.7,34.5,39.6,37.7,39.3,42.7,46.6,45.8,47.8,42,41.6,34.8,33.2,35.9,39.6,41.7,42.5,
新竹,2025/07/30 00:00:00,PM10,6,7,8,5,4,4,3,5,4,7,9,9,12,14,15,17,11,22,12,9,10,12,21,20,
新竹,2025/07/30 00:00:00,PM2.5,1,2,4,3,2,3,3,6,7,5,2,4,7,15,10,7,7,9,10,6,9,8,12,13,
新竹,2025/07/30 00:00:00,RAINFALL,0,0,0,0,0,0,0,0,0,0,0,0,0,0,0,0,0,0,0,0,0,0,0,0,
新竹,2025/07/30 00:00:00,RH,82,82,85,81,80,83,84,82,78,71,69,69,67,65,67,67,66,72,74,74,75,77,81,84,
新竹,2025/07/30 00:00:00,SO2,0.7,0.2,0.4,0.1,0.5,0.8,0.6,0.7,0.4,0.3,0.4,0.6,0.4,0.2,0.1,0.4,0.4,0.1,0.2,0.1,0,0.1,0,0,
新竹,2025/07/30 00:00:00,THC,2.12,2.1,2.11,2.1,2.07,2.08,2.11,2.13,2.15,2.19,2.22,2.2,2.19,2.22,2.2,2.22,2.22,2.25,2.26,2.23,2.18,2.15,2.13,2.15,
新竹,2025/07/30 00:00:00,WD_HR,233,246,245,245,242,220,222,222,229,208,232,245,239,209,240,236,235,245,244,247,246,245,241,231,
新竹,2025/07/30 00:00:00,WIND_DIREC,239,245,244,238,223,230,216,184,248,195,246,238,239,225,244,195,237,241,241,247,241,248,217,226,
新竹,2025/07/30 00:00:00,WIND_SPEED,2,3.4,4.5,3.9,2.6,2,1.8,2,2.5,2.2,2.1,2.7,2.8,2.3,3.3,1.6,2.2,3.1,2.9,2.7,3.1,3.8,2,1.7,
新竹,2025/07/30 00:00:00,WS_HR,1.5,2.9,3.7,3.1,2.8,1.2,1,1.3,1.2,1.4,1.4,2.3,2.2,1.3,2,1.9,1.7,2.6,2.3,2.6,3,2.8,2.5,1.4,
新竹,2025/07/31 00:00:00,AMB_TEMP,29.6,29.4,29.4,29.2,28.4,28.4,29.2,29.8,31.1,30.7,30.5,32,32.4,32.9,33.2,33,32.7,32.4,31.7,31,30.7,30.5,30,29.9,
新竹,2025/07/31 00:00:00,CH4,2.1,2.1,2.13,2.16,2.2,2.23,2.21,2.15,2.08,2.12,2.12,2.1,2.11,2.11,2.11,2.1,2.12,2.13,2.13,2.13,2.14,2.08,2.09,2.1,
新竹,2025/07/31 00:00:00,CO,0.21,0.15,0.16,0.15,0.16,0.19,0.22,0.26,0.23,0.25,0.22,0.24,0.23,0.23,0.22,0.21,0.25,0.31,0.3,0.28,0.28,0.21,0.19,0.16,
新竹,2025/07/31 00:00:00,NMHC,0.02,0.03,0.01,0.01,0.02,0.04,0.05,0.06,0.03,0.08,0.06,0.08,0.06,0.05,0.05,0.04,0.06,0.09,0.07,0.06,0.06,0.02,0.02,0.01,
新竹,2025/07/31 00:00:00,NO,0.6,0.4,0.5,0.4,0.4,0.6,1.4,2.8,1.7,1.8,2,2,1.5,1.5,1.4,1,0.8,1,0.7,0.7,0.6,0.8,0.6,0.6,
新竹,2025/07/31 00:00:00,NO2,3.7,4.5,4.8,4.4,6.4,8.9,11.6,12.2,7.7,9.2,8.3,7.6,6.8,6.9,6.8,5.7,6.9,9.4,9.1,8.7,8.9,7.1,5.6,4.5,
新竹,2025/07/31 00:00:00,NOx,4.3,4.9,5.3,4.9,6.9,9.6,13,15,9.4,11.1,10.3,9.6,8.4,8.4,8.2,6.7,7.7,10.5,9.9,9.5,9.6,7.9,6.2,5.1,
新竹,2025/07/31 00:00:00,O3,37.8,34.6,35.4,35.7,29.1,22.9,21.4,25.9,33.6,30,32.9,35.3,38.2,38.2,38.7,40.7,39.1,35.8,33.9,33.3,31.4,28.8,26.8,32.5,
新竹,2025/07/31 00:00:00,PM10,12,6,3,3,8,9,8,4,3,12,8,4,4,4,11,9,11,10,15,6,2,13,11,5,
新竹,2025/07/31 00:00:00,PM2.5,8,3,1,2,3,3,0,2,4,4,1,1,4,11,6,1,7,6,4,1,2,5,4,6,
新竹,2025/07/31 00:00:00,RAINFALL,0,0,0,0,0,0,0,0,0,0,0,0,0,0,0,0,0,0,0,0,0,0,0,0,
新竹,2025/07/31 00:00:00,RH,81,77,77,78,82,81,78,75,71,74,73,66,65,63,62,66,66,65,66,66,68,74,77,70,
新竹,2025/07/31 00:00:00,SO2,0.2,1.3,1.5,1.5,1.7,2,1.9,1.9,1.2,1.5,1.7,1.5,1.7,1.5,1.1,1.2,1.4,1.7,1.6,1.5,1.5,1.3,1.1,1.1,
新竹,2025/07/31 00:00:00,THC,2.12,2.13,2.14,2.17,2.22,2.27,2.26,2.21,2.11,2.2,2.18,2.18,2.17,2.16,2.16,2.14,2.18,2.22,2.2,2.19,2.2,2.1,2.11,2.11,
新竹,2025/07/31 00:00:00,WD_HR,206,222,205,230,186,155,199,184,194,250,243,205,210,223,237,238,224,241,221,193,193,194,206,200,
新竹,2025/07/31 00:00:00,WIND_DIREC,213,219,230,215,7,94,176,194,224,249,204,200,200,227,235,218,214,245,204,187,193,214,228,198,
新竹,2025/07/31 00:00:00,WIND_SPEED,1.1,1.1,1,1,0.4,0.5,1,1.2,1,2,1.9,1.9,1.8,2.2,2.8,1.7,1.4,2.3,1.6,1.6,1.5,1.9,2,1.7,
新竹,2025/07/31 00:00:00,WS_HR,1.3,0.9,0.7,0.8,0.4,0.3,0.3,0.8,1.1,1.7,2.2,1.3,1,1.2,1.9,1.8,1,1.6,1,0.7,1,1.3,0.8,1.2,
新竹,2025/08/01 00:00:00,AMB_TEMP,29.7,29.7,29.4,29.2,28.9,28.7,29.1,29.4,30.8,32.9,33.5,34.4,34.1,34.5,33.6,33.1,32.9,32.8,31.7,31.1,30.8,30.3,29.9,29.8,
新竹,2025/08/01 00:00:00,CH4,2.07,2.06,2.04,2.07,2.11,2.11,2.11,2.09,2.04,2.04,2.05,2.05,2.06,2.09,2.05,2.04,2.02,2.07,2.09,2.12,2.11,2.11,2.07,2.08,
新竹,2025/08/01 00:00:00,CO,0.15,0.12,0.12,0.13,0.13,0.15,0.19,0.25,0.23,0.21,0.2,0.21,0.22,0.23,0.22,0.25,0.21,0.25,0.28,0.3,0.28,0.26,0.2,0.18,
新竹,2025/08/01 00:00:00,NMHC,0,0,0.01,0.02,0.03,0.03,0.05,0.06,0.05,0.06,0.06,0.06,0.06,0.06,0.05,0.04,0.04,0.08,0.09,0.1,0.09,0.08,0.06,0.05,
新竹,2025/08/01 00:00:00,NO,1.6,0.5,0.4,1,1.3,1.5,3,3.1,4.1,2.4,1.3,1.3,1.2,1,1.1,1.1,1,1.1,0.7,0.6,0.6,0.7,0.6,0.3,
新竹,2025/08/01 00:00:00,NO2,6.1,3.8,3.6,5.5,7.4,9.7,10,9.9,8.2,6.6,6.1,6.1,6.6,6.3,6.2,5.7,4.8,7,7.5,9.4,9.8,9.8,6.8,5.8,
新竹,2025/08/01 00:00:00,NOx,7.7,4.3,4,6.5,8.8,11.3,13.1,13,12.4,9.1,7.5,7.4,7.8,7.3,7.4,6.8,5.8,8.1,8.2,10,10.4,10.5,7.4,6.2,
新竹,2025/08/01 00:00:00,O3,25.9,23.8,22.5,18.6,15.4,11.8,11.8,13.3,17.1,28.2,32.7,37,48.2,54.3,46.3,37.9,33.7,32.9,28.4,22.5,19.1,17.5,20.4,21.5,
新竹,2025/08/01 00:00:00,PM10,8,12,14,14,11,14,12,8,10,7,10,12,17,19,29,19,26,9,12,9,9,8,7,5,
新竹,2025/08/01 00:00:00,PM2.5,5,10,7,7,7,6,6,5,4,4,3,7,7,8,12,8,8,11,9,5,3,7,7,4,
新竹,2025/08/01 00:00:00,RAINFALL,0,0,0,0,0,0,0,0,0,0,0,0,0,0,0,0,0,0,0,0,0,0,0,0,
新竹,2025/08/01 00:00:00,RH,75,77,79,80,81,81,80,79,72,64,64,63,65,65,70,70,74,71,74,75,75,77,77,77,
新竹,2025/08/01 00:00:00,SO2,1.4,0.4,0.7,0.5,0.5,0.6,0.4,0.5,0.6,0.8,0.7,0.6,0.9,0.8,1.4,1.6,1.1,0.7,0.5,0.6,0.9,0.6,0.5,0.7,
新竹,2025/08/01 00:00:00,THC,2.07,2.06,2.05,2.09,2.14,2.14,2.16,2.15,2.09,2.1,2.11,2.11,2.12,2.15,2.1,2.08,2.06,2.15,2.18,2.22,2.2,2.19,2.13,2.13,
新竹,2025/08/01 00:00:00,WD_HR,192,217,203,179,169,174,183,180,180,210,242,241,249,257,251,249,250,231,246,221,192,206,230,201,
新竹,2025/08/01 00:00:00,WIND_DIREC,202,227,200,196,149,177,200,178,168,247,244,247,250,259,245,246,249,251,243,196,185,195,243,186,
新竹,2025/08/01 00:00:00,WIND_SPEED,1.6,1.6,1.3,1.1,0.7,1.4,1,2,1.1,2.6,2.7,3.2,3.7,2.8,3.3,4.4,3.3,2.8,2.4,1.3,1.1,1.5,2.5,1,
新竹,2025/08/01 00:00:00,WS_HR,1.1,0.9,0.9,0.9,0.9,0.9,0.7,1.2,1.1,0.9,1.8,2.1,3.2,2.2,3.2,3.6,2.8,1.7,1.9,1.2,0.8,0.7,1,0.9,
新竹,2025/08/02 00:00:00,AMB_TEMP,29.9,29.8,29.8,29.9,29.8,29.5,30,31.2,31.8,33.4,33.7,33.1,34.1,34,33.1,32.6,32.3,31.5,31,30.4,30.6,31,30.4,30.2,
新竹,2025/08/02 00:00:00,CH4,2.09,2.06,2.07,2.09,2.11,2.11,2.12,2.06,2.04,2.05,2.05,2.05,2.03,2.03,2.03,2.03,2.03,2.04,2.04,2.03,2.04,2.04,2.03,2.03,
新竹,2025/08/02 00:00:00,CO,0.16,0.13,0.13,0.12,0.13,0.15,0.2,0.18,0.2,0.2,0.19,0.21,0.19,0.18,0.17,0.17,0.19,0.21,0.2,0.19,0.2,0.17,0.15,0.14,
新竹,2025/08/02 00:00:00,NMHC,0.04,0.03,0.01,0.02,0.03,0.02,0.04,0.04,0.06,0.06,0.05,0.05,0.05,0.04,0.04,0.03,0.05,0.05,0.04,0.03,0.04,0.02,0,0.02,
新竹,2025/08/02 00:00:00,NO,0.3,0.9,0.7,0.7,0.8,2.2,3,2.3,2.5,2.2,1.7,1.8,2,1.6,1.8,1.9,1.8,1.6,1.2,1.1,1,0.8,0.7,0.9,
新竹,2025/08/02 00:00:00,NO2,5.7,3.9,3.5,4.2,5.5,9.8,10.1,7.1,6.3,5.7,5.2,5.7,5.6,4.6,4.6,5,4.8,5.9,6,5,5.1,4.1,3.3,3.9,
新竹,2025/08/02 00:00:00,NOx,6,4.8,4.2,4.9,6.4,12,13.2,9.4,8.8,7.9,7,7.5,7.6,6.3,6.4,7,6.7,7.5,7.2,6.2,6.1,4.9,4.1,4.8,
新竹,2025/08/02 00:00:00,O3,23.5,24.3,24,22.2,20.7,12.3,11.9,20.6,21.3,27.9,31.5,28.3,28.7,28,29.4,28.3,25.9,25.4,24.9,21.5,20.5,22.2,22.5,21.9,
新竹,2025/08/02 00:00:00,PM10,4,8,8,8,8,12,12,19,19,12,13,8,3,5,7,4,12,7,13,16,16,8,11,13,
新竹,2025/08/02 00:00:00,PM2.5,2,7,7,8,4,3,5,9,8,6,6,4,0,0,0,0,11,6,4,5,6,3,10,10,
新竹,2025/08/02 00:00:00,RAINFALL,0,0,0,0,0,0,0,0,0,0,0,0,0,0,0,0,0,0,0,0,0,0,0,0,
新竹,2025/08/02 00:00:00,RH,76,76,75,75,75,77,77,74,71,63,63,64,58,58,61,62,64,66,66,69,67,65,72,71,
新竹,2025/08/02 00:00:00,SO2,0.7,0.9,0.9,0.7,0.8,0.8,0.7,0.9,0.9,0.6,0.7,0.7,0.7,0.7,1,0.8,0.7,0.8,0.9,0.9,0.6,0.8,0.7,0.8,
新竹,2025/08/02 00:00:00,THC,2.13,2.09,2.08,2.11,2.14,2.13,2.16,2.1,2.1,2.11,2.1,2.1,2.08,2.07,2.07,2.06,2.08,2.09,2.08,2.06,2.08,2.06,2.03,2.05,
新竹,2025/08/02 00:00:00,WD_HR,201,204,191,191,189,168,180,196,201,196,237,227,204,230,197,193,192,208,224,196,240,246,241,209,
新竹,2025/08/02 00:00:00,WIND_DIREC,219,213,191,178,202,170,202,196,231,198,249,230,220,222,193,187,199,217,205,190,242,241,248,204,
新竹,2025/08/02 00:00:00,WIND_SPEED,1.2,1.5,1.3,1.2,0.7,1.3,0.8,2.2,2.2,2.3,3.5,2.8,2.8,3.7,3.3,2.8,2.5,2.1,2.8,2.3,3.5,3.5,4,2,
新竹,2025/08/02 00:00:00,WS_HR,0.7,0.7,1,1,0.5,1,0.5,1.2,1.2,1.2,2.3,1.5,1.4,2.5,2.2,2.1,1.9,1.2,1.5,1.7,2.2,2.9,2.7,1.2,
新竹,2025/08/03 00:00:00,AMB_TEMP,30.3,30.3,30.3,30.1,29.7,29.6,30,30.7,30.7,30,29.3,29.9,32.1,33.7,32.7,30.3,28.4,28.1,28.4,28.8,29,29,28.8,29.1,
新竹,2025/08/03 00:00:00,CH4,2.03,2.03,2.02,2.01,2.04,2.04,2.06,2.06,2.02,2.02,2.03,2.02,2.03,2.04,2.03,2.02,2.03,2.04,2.06,2.12,2.12,2.14,2.05,2.06,
新竹,2025/08/03 00:00:00,CO,0.13,0.12,0.12,0.12,0.12,0.13,0.15,0.16,0.16,0.17,0.18,0.18,0.2,0.19,0.16,0.17,0.18,0.22,0.22,0.26,0.27,0.27,0.17,0.15,
新竹,2025/08/03 00:00:00,NMHC,0,0.01,0,0.01,0,0.02,0.03,0.03,0.02,0.03,0.04,0.04,0.06,0.05,0.03,0.03,0.03,0.05,0.05,0.07,0.08,0.08,0.02,0.02,
新竹,2025/08/03 00:00:00,NO,0.7,0.5,0.3,0.5,0.4,0.4,0.8,1,1.1,1.3,1.7,1.8,2.2,1.8,1.2,1.1,1.1,1.4,1.1,1,1.7,2.5,0.7,0.4,
新竹,2025/08/03 00:00:00,NO2,3.5,3.3,3,2.9,2.7,3.4,4.5,4.8,4.2,4.5,4.9,4.5,5.1,4.8,4,4.2,5,6.7,7.1,9.1,11.5,13,4.7,4.4,
新竹,2025/08/03 00:00:00,NOx,4.2,3.9,3.3,3.4,3.1,3.9,5.3,5.9,5.3,5.9,6.7,6.3,7.4,6.6,5.2,5.3,6.1,8.1,8.2,10.2,13.3,15.5,5.4,4.8,
新竹,2025/08/03 00:00:00,O3,22.6,22.8,23,22.9,21.9,20.4,19.7,19.9,22.8,23.2,20,18.7,19.8,23,21.4,21,24.2,18.5,16.7,13.9,10.3,8,16.1,18.4,
新竹,2025/08/03 00:00:00,PM10,13,16,16,21,13,9,9,3,7,4,2,3,8,7,10,9,5,2,10,15,13,22,20,16,
新竹,2025/08/03 00:00:00,PM2.5,9,11,8,10,8,6,4,2,2,0,3,3,5,7,7,4,0,0,6,8,8,6,9,9,
新竹,2025/08/03 00:00:00,RAINFALL,0,0,0,0,0,0,0,0,0,0,0.5,0,0,0,0,0,0,0.5,0.5,0,0,0,0,0,
新竹,2025/08/03 00:00:00,RH,69,70,72,73,75,75,72,68,71,75,83,78,67,60,62,74,82,84,82,78,79,79,84,79,
新竹,2025/08/03 00:00:00,SO2,0.8,0.8,0.9,0.9,0.6,0.7,0.9,1,1,0.9,1,0.7,1,1.3,1.1,1.1,0.9,0.7,0.8,1.2,1.1,1.3,1.1,1.2,
新竹,2025/08/03 00:00:00,THC,2.03,2.04,2.02,2.02,2.04,2.06,2.09,2.09,2.04,2.05,2.07,2.06,2.09,2.09,2.06,2.05,2.06,2.09,2.11,2.19,2.2,2.22,2.07,2.08,
新竹,2025/08/03 00:00:00,WD_HR,200,200,197,198,194,191,216,231,224,190,195,199,201,237,243,223,199,192,190,235,183,212,234,209,
新竹,2025/08/03 00:00:00,WIND_DIREC,207,196,192,204,217,194,204,236,186,198,194,203,215,241,242,186,203,196,173,241,174,241,224,198,
新竹,2025/08/03 00:00:00,WIND_SPEED,1.9,2.3,1.8,1.7,1.1,0.9,1.7,2.1,2.5,2.4,2.6,1.8,1.9,2.6,2.9,2.6,1.9,1.4,1,1.7,0.9,2.5,2.5,2,
新竹,2025/08/03 00:00:00,WS_HR,1.2,1.2,1.1,1.5,0.8,0.8,0.8,1,1.5,1.6,1.6,1.4,0.9,1.9,2.8,2,1.4,1.4,0.6,0.9,0.7,0.8,1.9,1.1,
新竹,2025/08/04 00:00:00,AMB_TEMP,29.8,29.9,30,29.8,29.9,29.6,29.4,30,30.7,31.8,31.7,32.1,32.8,33.3,32.4,30.3,28.8,28.3,28.1,28.2,28.1,28.2,28,28,
新竹,2025/08/04 00:00:00,CH4,2.07,2.09,2.09,2.07,2.04,2.04,2.03,2.05,2.09,2.09,2.09,2.08,2.05,2.02,2.03,2.04,2.06,2.03,2.07,2.12,2.13,2.15,2.15,2.13,
新竹,2025/08/04 00:00:00,CO,0.14,0.12,0.11,0.12,0.11,0.12,0.13,0.2,0.27,0.22,0.2,0.22,0.21,0.18,0.19,0.21,0.23,0.26,0.29,0.27,0.29,0.3,0.24,0.2,
新竹,2025/08/04 00:00:00,NMHC,0.01,0.01,0,0,0,0,0.01,0.03,0.06,0.06,0.06,0.08,0.07,0.04,0.06,0.08,0.07,0.06,0.08,0.09,0.1,0.1,0.07,0.05,
新竹,2025/08/04 00:00:00,NO,0.3,0.5,0.4,0.4,0.4,0.5,0.6,0.9,1.7,2.1,1.7,1.7,2.1,2,2.8,2.7,2.5,2.9,1.5,0.8,1.6,1.9,1.2,1.2,
新竹,2025/08/04 00:00:00,NO2,3.6,3.4,2.5,2.6,2.2,2.7,3.7,6.3,9.3,8.4,7.9,8,7.2,5.9,6.9,8.4,8.9,9.5,9.3,11.2,14.2,15.3,11.5,9.7,
新竹,2025/08/04 00:00:00,NOx,3.9,4,2.9,3.1,2.7,3.2,4.3,7.2,11,10.6,9.6,9.7,9.4,8,9.7,11.1,11.4,12.4,10.9,12.1,15.8,17.2,12.8,11,
新竹,2025/08/04 00:00:00,O3,24.1,31.8,38,33.5,30,26.9,28,32.5,30.2,31.9,29.8,31.8,25.9,23,19.5,14.9,13,12.3,11.9,14.8,8.9,6.7,8.7,5.4,
新竹,2025/08/04 00:00:00,PM10,12,7,6,8,15,9,7,2,0,6,15,11,12,11,9,14,9,4,6,6,6,5,3,3,
新竹,2025/08/04 00:00:00,PM2.5,5,4,3,3,4,2,1,1,0,0,2,5,5,4,6,9,10,9,8,3,1,1,2,5,
新竹,2025/08/04 00:00:00,RAINFALL,0,0,0,0,0,0,0,0,0,0,0,0,0,0,0,0,0,0,0,0,0,0,0,0,
新竹,2025/08/04 00:00:00,RH,71,67,64,67,69,71,70,63,63,62,66,65,62,59,63,74,83,85,86,88,88,86,85,84,
新竹,2025/08/04 00:00:00,SO2,1.1,0.2,0.1,0.2,0,0.3,0,0.2,0.1,0.5,0.7,0.7,0.4,0.1,0,0.2,0.1,0.1,0,0.4,0.3,0.7,0.7,0.3,
新竹,2025/08/04 00:00:00,THC,2.08,2.1,2.08,2.07,2.04,2.04,2.04,2.08,2.15,2.15,2.15,2.16,2.12,2.06,2.09,2.12,2.13,2.09,2.15,2.21,2.23,2.25,2.22,2.18,
新竹,2025/08/04 00:00:00,WD_HR,244,245,247,247,244,244,226,211,236,233,243,227,204,193,193,212,199,172,233,241,182,167,181,172,
新竹,2025/08/04 00:00:00,WIND_DIREC,246,245,250,247,216,236,192,236,249,257,235,249,201,192,191,235,190,187,210,242,202,159,186,174,
新竹,2025/08/04 00:00:00,WIND_SPEED,2.9,3.2,2.6,3.9,1.7,2.2,2.7,1.6,1.8,1.9,1.4,1.7,2.2,1.9,1.9,2.1,1.8,1.1,1.1,1.7,1.2,0.8,0.8,0.5,
新竹,2025/08/04 00:00:00,WS_HR,2.1,2.8,2.5,3.1,2.5,2.7,2,0.7,0.7,1,1.5,1.1,1.1,1.5,1.3,1.3,1.4,1.4,1,1.3,1,0.6,0.7,0.5,
新竹,2025/08/05 00:00:00,AMB_TEMP,28.1,28.1,29.4,29.8,29.7,29.6,29.8,30.2,31.4,31.4,31.7,31.9,32.2,31.3,30.3,30.5,30.9,30.9,30.7,30.3,30.2,29.9,29.5,29.2,
新竹,2025/08/05 00:00:00,CH4,2.16,#,#,2.05,2.05,2.05,2.06,2.08,2.06,2.06,2.07,2.1,2.1,2.05,2.02,2.03,2.04,2.08,2.11,2.14,2.13,2.11,2.14,2.16,
新竹,2025/08/05 00:00:00,CO,0.18,#,0.12,0.11,0.11,0.12,0.15,0.23,0.26,0.23,0.25,0.27,0.24,0.24,0.21,0.26,0.28,0.35,0.35,0.3,0.32,0.3,0.26,0.23,
新竹,2025/08/05 00:00:00,NMHC,0.05,#,#,0,0.01,0.01,0.03,0.07,0.08,0.08,0.09,0.12,0.08,0.06,0.06,0.06,0.08,0.12,0.15,0.14,0.12,0.11,0.1,0.09,
新竹,2025/08/05 00:00:00,NO,1.2,#,0.7,0.7,0.8,0.9,1,2,2.7,2.5,2.7,2.1,2.2,1.6,1.3,1.6,2.2,2.4,1.9,1.3,1.7,1.7,1.3,1.2,
新竹,2025/08/05 00:00:00,NO2,10.1,#,5.6,3.6,3,3.8,5.7,8.1,8.8,8.4,8.8,9.3,8.3,7.5,7.5,9.2,10.3,13.8,14.7,12.7,14,12.6,10.6,10.2,
新竹,2025/08/05 00:00:00,NOx,11.4,#,6.3,4.3,3.8,4.7,6.8,10.1,11.6,10.9,11.6,11.5,10.5,9.1,8.8,10.8,12.5,16.3,16.6,14.1,15.8,14.4,12,11.5,
新竹,2025/08/05 00:00:00,O3,9.5,15.5,26,26.6,#,23.6,21.6,18.5,20.7,21.8,25.6,25.1,31.8,33.7,31.1,22,18.4,18.1,15.8,14.1,12,12.4,11.5,10.6,
新竹,2025/08/05 00:00:00,PM10,3,4,4,6,15,6,12,12,19,19,24,29,#,32,31,31,27,34,31,23,27,28,26,21,
新竹,2025/08/05 00:00:00,PM2.5,4,1,2,4,4,4,5,7,8,10,14,#,17,16,15,16,13,15,11,13,13,12,13,10,
新竹,2025/08/05 00:00:00,RAINFALL,0,0,0,0,0,0,0,0,0,0,0,0,0,0,0,0,0,0,0,0,0,0,0,0,
新竹,2025/08/05 00:00:00,RH,82,81,71,71,73,73,74,73,70,71,72,72,72,77,83,80,77,77,76,77,77,77,79,82,
新竹,2025/08/05 00:00:00,SO2,0,#,0.5,0.2,0,0.2,0.4,0.7,0.7,0.3,0.6,0.2,0,0.3,0.6,0.5,0.9,1.3,1,0.5,0.4,0,0,0,
新竹,2025/08/05 00:00:00,THC,2.21,#,#,2.05,2.06,2.06,2.09,2.15,2.14,2.14,2.16,2.22,2.18,2.11,2.08,2.09,2.12,2.2,2.26,2.28,2.25,2.22,2.24,2.25,
新竹,2025/08/05 00:00:00,WD_HR,211,220,243,246,227,242,228,212,206,233,239,218,244,245,245,249,244,245,200,192,179,178,198,171,
新竹,2025/08/05 00:00:00,WIND_DIREC,181,229,245,238,238,229,246,194,189,185,243,247,247,250,249,253,242,237,209,164,182,200,178,169,
新竹,2025/08/05 00:00:00,WIND_SPEED,0.8,1.4,3.5,2.2,1.3,1.7,2.1,1.5,1.6,1.3,2.8,2.1,3.2,3.3,1.3,1.8,1.6,1.8,1.1,1.3,1,1,1.1,0.8,
新竹,2025/08/05 00:00:00,WS_HR,0.5,1,2,2.5,0.9,2,1,0.7,0.8,1.3,1.4,1.1,2.2,2.4,2,1.3,1.8,1.7,0.5,0.6,0.7,0.8,0.8,0.4,
新竹,2025/08/06 00:00:00,AMB_TEMP,29.1,28.9,28.5,28.2,28.4,28.2,28.8,30.1,31.6,32.7,33.2,33.1,33.3,33.7,32.6,32.5,31.8,31.1,30.7,30.2,30.1,30,29.7,29.5,
新竹,2025/08/06 00:00:00,CH4,2.19,2.19,2.33,2.2,2.2,2.17,2.13,2.09,2.02,2.03,2.06,2.06,2,1.99,1.97,1.97,1.97,1.97,2,1.99,2.01,2.06,2.13,2.19,
新竹,2025/08/06 00:00:00,CO,0.22,0.19,0.22,0.19,0.18,0.19,0.21,0.25,0.22,0.2,0.21,0.24,0.18,0.17,0.15,0.15,0.16,0.19,0.24,0.23,0.22,0.27,0.29,0.3,
新竹,2025/08/06 00:00:00,NMHC,0.09,0.09,0.1,0.06,0.07,0.07,0.07,0.08,0.07,0.06,0.06,0.04,0.04,0.06,0.04,0.02,0.03,0.03,0.05,0.05,0.05,0.08,0.11,0.13,
新竹,2025/08/06 00:00:00,NO,1.5,1.1,1.1,1.5,1.1,2.1,3.1,4.6,3.4,2,2.1,2.5,2.1,2,1.7,1.6,1.3,1,0.9,0.9,0.8,1.1,2,1.5,
新竹,2025/08/06 00:00:00,NO2,10.9,9.3,11.4,8.9,7.8,10.4,9.1,9.2,7.8,6.5,8.4,9.5,7.5,5.9,4.9,4.4,4.3,4.2,6.4,7.3,7.7,11.2,15.1,17,
新竹,2025/08/06 00:00:00,NOx,12.4,10.4,12.5,10.5,9,12.6,12.2,13.9,11.2,8.5,10.5,12,9.6,7.9,6.6,6,5.7,5.2,7.4,8.2,8.6,12.3,17.1,18.5,
新竹,2025/08/06 00:00:00,O3,9.9,10.4,5.4,6.5,7.3,4.1,8.2,11.9,19.1,28,33.4,38.7,31.9,25.5,26.3,24.4,23.8,23.4,20.3,19.9,16.8,10.5,5.8,4.2,
新竹,2025/08/06 00:00:00,PM10,25,26,25,25,24,23,29,22,17,23,28,31,23,20,21,16,23,18,20,19,19,25,26,26,
新竹,2025/08/06 00:00:00,PM2.5,13,13,13,15,11,6,9,11,12,13,16,12,12,9,11,7,14,10,8,13,12,17,6,12,
新竹,2025/08/06 00:00:00,RAINFALL,0,0,0,0,0,0,0,0,0,0,0,0,0,0,0,0,0,0,0,0,0,0,0,0,
新竹,2025/08/06 00:00:00,RH,81,83,87,88,85,84,80,75,67,65,65,67,66,65,68,68,71,74,75,79,77,76,78,79,
新竹,2025/08/06 00:00:00,SO2,0.5,0.6,0.7,0.5,0.7,0.7,0.9,1.3,1.2,1.2,1.4,2.3,1.6,1.2,1,1.1,0.9,0.6,0.6,0.9,1,1.4,1.8,2.1,
新竹,2025/08/06 00:00:00,THC,2.28,2.28,2.43,2.26,2.27,2.24,2.2,2.17,2.09,2.09,2.12,2.1,2.04,2.05,2.01,1.99,2,2,2.05,2.04,2.06,2.14,2.24,2.32,
新竹,2025/08/06 00:00:00,WD_HR,166,164,182,170,175,172,183,188,212,245,247,248,260,248,243,243,248,247,246,232,230,232,191,226,
新竹,2025/08/06 00:00:00,WIND_DIREC,177,157,164,168,165,166,233,190,244,240,245,248,256,247,241,243,252,247,232,250,241,173,152,157,
新竹,2025/08/06 00:00:00,WIND_SPEED,0.8,0.6,0.9,0.9,0.6,1,0.8,1.4,2.6,2.7,3.3,3.7,2.2,3.2,3.9,3.3,3.2,2.4,1.8,1.5,1.4,0.9,0.5,0.5,
新竹,2025/08/06 00:00:00,WS_HR,0.5,0.8,0.4,0.8,0.5,0.9,0.6,0.7,1.1,2,2.6,3.1,2.3,2.4,2.7,2.3,2.5,2.1,1.8,1,0.9,1,0.5,0.4,
新竹,2025/08/07 00:00:00,AMB_TEMP,29.1,28.5,28.5,28.2,27.9,27.8,27.7,29.1,30.6,32.1,33.3,33.3,33.7,34.2,34.2,34,33,31.8,30.6,30.1,30.2,29.9,29.5,29.2,
新竹,2025/08/07 00:00:00,CH4,2.21,2.2,2.27,2.24,2.15,2.15,2.2,2.12,2.01,2,2,2,1.99,2,2.02,2.02,1.99,1.98,1.98,1.99,2.03,2.09,2.12,2.13,
新竹,2025/08/07 00:00:00,CO,0.28,0.24,0.24,0.23,0.19,0.21,0.24,0.27,0.21,0.19,0.19,0.19,0.17,0.18,0.2,0.2,0.18,0.21,0.22,0.26,0.26,0.31,0.26,0.22,
新竹,2025/08/07 00:00:00,NMHC,0.1,0.09,0.11,0.09,0.06,0.05,0.08,0.07,0.04,0.04,0.05,0.04,0.03,0.04,0.05,0.05,0.05,0.06,0.04,0.05,0.07,0.09,0.08,0.06,
新竹,2025/08/07 00:00:00,NO,3.4,1.4,1.3,2.6,4.5,6.8,8.4,8.2,3.3,2.3,2,1.5,1.3,1.5,1.7,1.8,1.7,2.2,0.8,0.6,0.8,2.2,3.1,1.1,
新竹,2025/08/07 00:00:00,NO2,18.4,13.8,14.7,13.6,13.5,15.8,12.4,10,6.9,6,5.9,6.2,4.6,5.3,6.5,7.9,5.4,6.4,4.5,5.6,9,13.4,14.3,10.9,
新竹,2025/08/07 00:00:00,NOx,21.9,15.2,16,16.3,18,22.6,20.9,18.3,10.2,8.3,7.9,7.7,6,6.8,8.2,9.8,7.2,8.7,5.4,6.3,9.9,15.6,17.4,12.1,
新竹,2025/08/07 00:00:00,O3,2.7,2.6,2.4,1.3,5.1,3.2,2.6,8.4,17.7,22.6,26.3,28.9,24.7,32.9,39,34,20.1,15.5,18.2,16,10.9,5.2,4.1,7.3,
新竹,2025/08/07 00:00:00,PM10,17,26,24,24,18,20,23,17,17,18,17,19,10,16,22,24,17,15,17,23,18,23,20,23,
新竹,2025/08/07 00:00:00,PM2.5,14,13,12,9,11,12,11,9,16,8,9,7,10,9,9,14,8,12,9,6,7,13,13,10,
新竹,2025/08/07 00:00:00,RAINFALL,0,0,0,0,0,0,0,0,0,0,0,0,0,0,0,0,0,0,0,0,0,0,0,0,
新竹,2025/08/07 00:00:00,RH,82,85,81,84,82,82,77,73,70,62,59,60,58,54,55,59,63,68,72,78,75,80,82,83,
新竹,2025/08/07 00:00:00,SO2,2.6,2.2,1.8,1.7,2,1.5,1.8,1.7,1.7,1.9,1.6,1.7,1.4,1.3,1.9,2.3,1.7,1.5,0.9,0.9,1.3,2.1,1.6,1.6,
新竹,2025/08/07 00:00:00,THC,2.31,2.29,2.38,2.33,2.21,2.2,2.28,2.19,2.05,2.04,2.05,2.04,2.02,2.04,2.07,2.07,2.04,2.04,2.02,2.04,2.1,2.18,2.2,2.19,
新竹,2025/08/07 00:00:00,WD_HR,225,240,225,171,167,173,81,181,234,225,228,260,254,253,255,252,254,248,249,248,235,169,171,171,
新竹,2025/08/07 00:00:00,WIND_DIREC,247,242,195,178,157,158,52,216,194,166,240,266,267,283,240,245,241,252,264,249,223,166,178,152,
新竹,2025/08/07 00:00:00,WIND_SPEED,0.9,1.1,1.2,1.2,1.1,1.1,0.6,1,1.5,2,2.1,2.5,2.2,2.2,2.2,2.5,2.5,2.2,1.8,2.2,0.7,1.2,0.9,0.5,
新竹,2025/08/07 00:00:00,WS_HR,0.5,0.9,1,1,1.3,0.6,0.9,0.4,1.2,1,1.4,2.1,2.5,1.5,1.6,1.9,2.1,1.7,1.4,1.6,0.8,0.7,0.8,0.4,
新竹,2025/08/08 00:00:00,AMB_TEMP,28.9,28.5,28.2,28.1,28,27.9,28,29.4,31.3,33,33,32.2,32,32.4,31.8,32.1,31.6,31.7,31.5,31.1,30.4,29.7,29.4,29.3,
新竹,2025/08/08 00:00:00,CH4,2.17,2.19,2.23,2.22,2.25,2.34,2.3,2.17,2.07,2.11,2.17,2.14,2.03,1.98,1.98,1.98,2.01,2.04,2.09,2.13,2.2,2.16,2.16,2.21,
新竹,2025/08/08 00:00:00,CO,0.23,0.22,0.22,0.24,0.26,0.3,0.3,0.34,0.3,0.33,0.32,0.44,0.23,0.18,0.17,0.18,0.21,0.31,0.35,0.37,0.42,0.39,0.32,0.33,
新竹,2025/08/08 00:00:00,NMHC,0.08,0.09,0.08,0.09,0.11,0.15,0.12,0.12,0.09,0.1,0.1,0.07,0.05,0.04,0.04,0.04,0.05,0.12,0.14,0.15,0.19,0.13,0.1,0.14,
新竹,2025/08/08 00:00:00,NO,0.7,1,1.4,1.7,2.9,4.8,8.3,9.1,7.3,3.9,2.5,1.3,1.1,1.6,1.6,1.3,1.1,1.6,1.3,1.4,2.2,2.6,1.4,1.7,
新竹,2025/08/08 00:00:00,NO2,10.9,12.3,12.1,13.5,20.7,17.2,13.4,12.5,11.7,11.2,13,9,6.6,5.4,4.3,3.3,4.6,9.1,13.2,14.3,19.2,18.5,13.8,16.1,
新竹,2025/08/08 00:00:00,NOx,11.6,13.4,13.6,15.2,23.6,22,21.8,21.6,19,15.2,15.5,10.4,7.7,7,5.9,4.6,5.8,10.7,14.5,15.7,21.5,21.1,15.2,17.8,
新竹,2025/08/08 00:00:00,O3,5.6,3.6,3.2,3.6,1.9,0,1.7,6.4,14.6,30.7,49.3,65.3,51.8,31.7,24.2,29,29.5,24.2,18,12,6.3,7.5,10.9,7.4,
新竹,2025/08/08 00:00:00,PM10,21,19,24,24,26,30,20,20,25,19,36,42,23,16,15,11,19,20,17,14,21,23,21,20,
新竹,2025/08/08 00:00:00,PM2.5,9,7,12,9,23,12,9,5,10,15,23,30,10,13,9,6,10,13,16,9,10,15,15,16,
新竹,2025/08/08 00:00:00,RAINFALL,0,0,0,0,0,0,0,0,0,0,0,0,0,0,0,0,0,0,0,0,0,0,0,0,
新竹,2025/08/08 00:00:00,RH,84,87,87,87,87,87,80,65,56,53,61,69,71,66,67,65,70,68,61,58,64,71,75,73,
新竹,2025/08/08 00:00:00,SO2,1,1.5,1.5,1.8,1.5,1.5,1.5,1.4,1.3,1.2,1.7,3.3,2.7,1.4,0.9,0.8,0.8,0.7,1.1,1.2,1.7,1.4,0.9,1.4,
新竹,2025/08/08 00:00:00,THC,2.25,2.28,2.31,2.31,2.36,2.49,2.42,2.29,2.16,2.21,2.27,2.21,2.08,2.02,2.02,2.02,2.06,2.16,2.23,2.28,2.39,2.29,2.26,2.35,
新竹,2025/08/08 00:00:00,WD_HR,187,192,183,179,196,177,86,122,47,314,259,265,247,251,242,248,240,181,225,224,185,199,164,171,
新竹,2025/08/08 00:00:00,WIND_DIREC,187,165,175,180,118,182,78,20,64,272,274,277,243,244,244,248,238,173,248,210,170,213,170,164,
新竹,2025/08/08 00:00:00,WIND_SPEED,0.7,0.5,1,1,0.3,0.5,1,0.6,0.9,2.1,2.1,2.6,3.8,2.7,2.7,2.5,1.7,1,1.5,0.8,1,1,0.6,1.1,
新竹,2025/08/08 00:00:00,WS_HR,0.3,0.4,0.6,0.9,0.2,0.6,0.7,0.3,0.8,0.2,1.8,2,2.8,2.6,2.2,2.2,1.7,0.8,0.6,0.9,0.4,0.6,0.4,0.7,
新竹,2025/08/09 00:00:00,AMB_TEMP,29,28.9,28.5,28.4,27.9,27.9,28.1,29.3,30.2,31,31.2,31.7,32.3,33.1,32.7,32.6,31.6,30.9,30.3,30.2,30,29.9,29.8,29.9,
新竹,2025/08/09 00:00:00,CH4,2.22,2.21,2.25,2.21,2.21,2.23,2.18,2.15,2.11,2.08,2.05,2.05,2.03,2,1.95,1.96,1.95,1.96,1.96,1.98,2.01,2.03,2.07,2.1,
新竹,2025/08/09 00:00:00,CO,0.3,0.28,0.27,0.23,0.21,0.23,0.25,0.26,0.21,0.21,0.2,0.21,0.21,0.18,0.15,0.14,0.14,0.19,0.21,0.22,0.21,0.23,0.24,0.22,
新竹,2025/08/09 00:00:00,NMHC,0.12,0.13,0.1,0.08,0.07,0.08,0.08,0.08,0.05,0.06,0.05,0.05,0.04,0.04,0.03,0.04,0.02,0.04,0.05,0.06,0.05,0.06,0.07,0.07,
新竹,2025/08/09 00:00:00,NO,2.1,2.1,1.4,1.2,1.6,1.2,2.7,5.2,3.1,2,1.4,1.1,1.2,1.4,1.1,1.1,1,0.6,0.7,0.5,0.8,0.9,0.7,0.7,
新竹,2025/08/09 00:00:00,NO2,17.2,17.9,15.4,11.9,10.8,11.6,10.8,10.5,6.7,7.2,6.8,5.6,6,6.6,5.1,4.9,4.3,4.8,5.4,5.8,6.9,9.3,9.4,10.3,
新竹,2025/08/09 00:00:00,NOx,19.4,20.1,16.9,13.2,12.4,12.8,13.6,15.8,9.8,9.2,8.2,6.8,7.2,8.1,6.2,6,5.3,5.5,6.1,6.3,7.8,10.3,10.2,11.1,
新竹,2025/08/09 00:00:00,O3,5,4.8,5.1,10,7.5,6.9,9.2,11.2,19.1,25.5,34,39.8,43.9,36.7,38.1,32.8,28.3,27.2,26.1,21.6,16.4,12.5,12,9.7,
新竹,2025/08/09 00:00:00,PM10,24,27,27,21,23,20,25,21,17,18,19,20,19,11,11,7,11,9,9,5,3,9,11,8,
新竹,2025/08/09 00:00:00,PM2.5,16,12,15,8,15,14,10,18,10,8,9,11,11,11,7,3,5,5,3,5,9,6,8,7,
新竹,2025/08/09 00:00:00,RAINFALL,0,0,0,0,0,0,0,0,0,0,0,0,0,0,0,0,0,0,0,0,0,0,0,0,
新竹,2025/08/09 00:00:00,RH,73,75,77,78,81,81,80,78,78,77,77,75,72,69,71,71,75,79,83,83,82,83,84,84,
新竹,2025/08/09 00:00:00,SO2,1.7,1.3,1.6,1.2,1.5,1.6,1.7,2.2,2.2,2.5,2.4,2,2.4,2,1.6,1.6,1.8,1.4,1.1,0.9,0.7,1.5,2.3,1.9,
新竹,2025/08/09 00:00:00,THC,2.34,2.34,2.35,2.29,2.28,2.31,2.26,2.23,2.16,2.14,2.1,2.1,2.07,2.04,1.98,2,1.97,2,2.01,2.04,2.06,2.09,2.14,2.17,
新竹,2025/08/09 00:00:00,WD_HR,163,173,174,175,174,157,161,197,251,255,257,258,258,249,251,251,242,247,242,235,229,204,199,236,
新竹,2025/08/09 00:00:00,WIND_DIREC,160,223,165,179,161,166,159,213,248,264,262,242,263,245,242,260,242,248,210,252,178,191,163,246,
新竹,2025/08/09 00:00:00,WIND_SPEED,1,0.5,0.9,1.3,0.6,1,0.7,1.2,2.3,1.9,2.4,2.3,1.7,2.8,2.1,2.1,3.2,2,1.1,1.4,1.1,0.9,0.7,2.1,
新竹,2025/08/09 00:00:00,WS_HR,0.7,0.5,0.7,1,0.6,0.5,0.7,0.7,1.8,1.6,1.9,2.1,1.8,2.5,2.1,2.3,2.6,2.1,1.6,1.2,1.2,0.5,0.4,1.1,
新竹,2025/08/10 00:00:00,AMB_TEMP,29.5,29.4,29.3,29.2,28.9,28.8,29.2,30.7,31.5,32.1,32.7,33.1,33.1,33.2,33.2,32.6,31.8,31.3,31,30.9,30.5,30.2,29.8,29.7,
新竹,2025/08/10 00:00:00,CH4,2.08,2.08,2.14,2.15,2.24,2.25,2.23,2.09,2.03,2.04,2.04,2.05,2,1.99,1.99,1.97,1.99,1.99,2.01,2.04,2.05,2.08,2.08,2.07,
新竹,2025/08/10 00:00:00,CO,0.16,0.15,0.15,0.14,0.16,0.16,0.19,0.15,0.17,0.2,0.18,0.17,0.16,0.14,0.14,0.13,0.14,0.18,0.2,0.23,0.22,0.22,0.18,0.16,
新竹,2025/08/10 00:00:00,NMHC,0.04,0.04,0.01,0.01,0.03,0.04,0.04,0.03,0.01,0.01,0.01,0.01,0.01,0,0,0,0,0.01,0.02,0.05,0.04,0.04,0.02,0,
新竹,2025/08/10 00:00:00,NO,0.7,0.9,0.7,0.7,1.4,1.3,3.3,3.1,2.2,2.7,2.3,1.9,1.9,2,2,1.8,1.6,1.4,1,1.1,1.1,1,1.2,1.5,
新竹,2025/08/10 00:00:00,NO2,8.3,6.7,6.8,5.7,8.2,8.1,8.3,6.2,4.8,6.4,6.3,5.9,4.9,4.9,4.6,4,4.7,4.3,4.8,7.7,9.5,9.6,8.1,7.7,
新竹,2025/08/10 00:00:00,NOx,9,7.6,7.6,6.4,9.7,9.4,11.7,9.4,7,9.1,8.7,7.9,6.8,7,6.6,5.9,6.3,5.7,5.8,8.9,10.7,10.6,9.3,9.2,
新竹,2025/08/10 00:00:00,O3,10.4,10.4,9.6,9.9,5.1,5.1,5,11,15.9,20.4,26.7,27.3,26.6,24.1,22.1,21.5,23.1,22.4,21.3,17,15.6,13.4,11.3,10,
新竹,2025/08/10 00:00:00,PM10,9,13,13,12,10,6,4,5,9,13,13,12,10,5,3,5,3,9,7,8,7,8,7,5,
新竹,2025/08/10 00:00:00,PM2.5,3,8,6,4,7,1,4,18,1,7,10,6,4,2,2,3,3,3,3,2,8,6,3,3,
新竹,2025/08/10 00:00:00,RAINFALL,0,0,0,0,0,0,0,0,0,0,0,0,0,0,0,0,0,0,0,0,0,0,0,0,
新竹,2025/08/10 00:00:00,RH,85,86,87,87,87,86,84,76,73,72,69,67,66,66,65,67,70,72,74,73,76,76,75,76,
新竹,2025/08/10 00:00:00,SO2,1.5,0.5,0.4,0.5,0.8,1.2,1.1,1.3,1.3,2.3,2.1,1.7,1.3,1.3,1.3,1.1,1.1,0.7,0.7,0.5,1.4,1.6,1,0.6,
新竹,2025/08/10 00:00:00,THC,2.12,2.12,2.15,2.16,2.27,2.29,2.27,2.12,2.04,2.05,2.05,2.06,2.01,1.99,1.99,1.97,1.99,2,2.03,2.09,2.09,2.12,2.1,2.07,
新竹,2025/08/10 00:00:00,WD_HR,245,241,245,221,164,193,194,243,245,252,247,247,251,250,250,240,245,238,244,198,210,227,176,178,
新竹,2025/08/10 00:00:00,WIND_DIREC,245,241,245,186,161,165,219,232,247,251,253,245,260,250,250,242,246,247,244,179,189,226,165,191,
新竹,2025/08/10 00:00:00,WIND_SPEED,2.6,1.7,2.2,1,0.5,0.5,0.8,1.7,2.7,3.1,3.2,4.2,2.6,2.7,2.8,3.8,2.7,1.9,1.6,1.1,1,1.1,0.8,0.8,
新竹,2025/08/10 00:00:00,WS_HR,2,1.6,2,1,0.5,0.4,0.5,1.3,2.2,2.6,3.4,3,3.1,2.8,2.5,2.7,2.3,1.5,1.4,0.7,0.5,0.6,0.7,0.8,
新竹,2025/08/11 00:00:00,AMB_TEMP,29.5,29.3,28.9,28.6,28.6,28.4,28.9,30.1,31.4,32.3,32.7,32.9,32.9,32.6,31.9,30.7,30.7,30.7,30.4,30.1,30,30.1,29.8,29.6,
新竹,2025/08/11 00:00:00,CH4,2.06,2.13,2.11,2.12,2.12,2.08,2.06,2.02,1.99,2.01,2.01,2.01,1.96,1.95,1.94,1.94,1.93,1.97,1.97,1.98,2.02,2.07,2.1,2.11,
新竹,2025/08/11 00:00:00,CO,0.14,0.14,0.13,0.14,0.14,0.14,0.22,0.22,0.18,0.18,0.23,0.2,0.14,0.12,0.13,0.13,0.14,0.2,0.21,0.22,0.24,0.27,0.24,0.22,
新竹,2025/08/11 00:00:00,NMHC,0,0.01,0.03,0.05,0.05,0.05,0.08,0.07,0.05,0.05,0.06,0.06,0.03,0.02,0.03,0.02,0.03,0.05,0.04,0.06,0.06,0.09,0.08,0.08,
新竹,2025/08/11 00:00:00,NO,1.1,0.7,0.4,0.5,0.4,0.7,2.2,4.7,2.8,2.1,2.4,1.7,1.7,1.3,1.3,1.1,0.7,0.7,0.6,0.4,0.6,1.8,1.1,0.7,
新竹,2025/08/11 00:00:00,NO2,6.4,6.9,6.3,6.7,6.8,6.7,8.2,8.4,6.3,6.2,7.8,7.1,5.6,4.4,4.5,5.4,4.2,5.5,6.4,6.1,8.9,13.5,11.6,11.5,
新竹,2025/08/11 00:00:00,NOx,7.5,7.7,6.7,7.2,7.3,7.5,10.5,13.1,9.1,8.4,10.2,8.9,7.3,5.8,5.8,6.6,4.9,6.2,7,6.5,9.5,15.4,12.7,12.3,
新竹,2025/08/11 00:00:00,O3,9.8,8.2,9.3,8.8,8.8,8,7.5,10.6,16.2,23.1,27.9,37,25.4,26.5,24.7,24.2,27.4,26.4,23.6,21.3,14.8,10.7,11.2,9.4,
新竹,2025/08/11 00:00:00,PM10,5,5,10,7,6,5,5,3,4,8,12,18,13,8,7,9,17,9,11,9,14,12,10,12,
新竹,2025/08/11 00:00:00,PM2.5,4,3,1,0,3,5,0,8,7,6,4,4,2,2,2,3,3,1,8,6,10,8,8,7,
新竹,2025/08/11 00:00:00,RAINFALL,0,0,0,0,0,0,0,0,0,0,0,0,0,0,0,0,0,0,0,0,0,0,0,0,
新竹,2025/08/11 00:00:00,RH,76,78,80,81,79,79,78,72,67,66,67,69,69,70,74,80,80,79,80,83,83,81,82,83,
新竹,2025/08/11 00:00:00,SO2,0.3,0.8,1.1,1.4,2.2,2,2.2,2.3,1.7,2,2.6,2.6,1.9,1.8,1.9,2,1.5,1.6,1.4,1.3,1.2,1.7,1.5,1.3,
新竹,2025/08/11 00:00:00,THC,2.06,2.14,2.14,2.17,2.17,2.13,2.14,2.09,2.04,2.06,2.07,2.07,1.99,1.97,1.97,1.96,1.96,2.02,2.01,2.04,2.08,2.16,2.18,2.19,
新竹,2025/08/11 00:00:00,WD_HR,178,191,200,194,194,169,198,227,244,247,247,253,250,247,253,247,244,253,251,233,172,170,183,140,
新竹,2025/08/11 00:00:00,WIND_DIREC,177,196,223,234,190,147,180,237,242,257,254,258,253,245,252,244,248,256,245,180,119,181,201,163,
新竹,2025/08/11 00:00:00,WIND_SPEED,0.8,0.9,0.9,1,0.7,0.4,0.8,2.5,2.1,2.5,2.5,3.1,3.2,3,3.2,3,2.5,2.4,2.4,0.9,0.4,0.9,0.9,0.6,
新竹,2025/08/11 00:00:00,WS_HR,0.8,0.6,0.6,0.5,0.6,0.5,0.5,1.2,1.8,2.7,3.1,2.8,2.6,2.8,3.4,2.5,2.2,1.9,2,0.9,0.3,0.9,0.6,0.5,
新竹,2025/08/12 00:00:00,AMB_TEMP,29.5,29.2,28.9,28.6,28.4,28.3,28.7,29.9,30.7,31.6,32,31.6,30.9,31.6,31.4,31.4,31.2,31.4,30.9,30.4,30,29.8,29.4,29,
新竹,2025/08/12 00:00:00,CH4,2.13,2.1,2.13,2.14,2.17,2.23,2.08,2.08,2.12,2.07,2.04,#,2.04,2.01,2.01,2.06,2.06,2.09,2.06,2.04,2.06,2.11,2.08,2.05,
新竹,2025/08/12 00:00:00,CO,0.21,0.16,0.16,0.16,0.18,0.18,0.18,0.23,0.26,0.22,0.19,#,0.17,0.17,0.16,0.16,0.18,0.23,0.24,0.24,0.23,0.29,0.24,0.17,
新竹,2025/08/12 00:00:00,NMHC,0.08,0.06,0.03,0.04,0.04,0.05,0.03,0.06,0.09,0.06,0.04,#,0.01,0.01,0.01,0.01,0.04,0.07,0.08,0.1,0.12,0.19,0.09,0.06,
新竹,2025/08/12 00:00:00,NO,0.9,0.4,0.6,0.7,1.1,2.9,4.4,3.8,3.8,3.3,1.6,#,0.5,0.5,0.5,0.4,0.3,0.4,0.3,0.3,0.5,1.4,0.7,0.8,
新竹,2025/08/12 00:00:00,NO2,12.6,8.1,8.3,8.5,9.4,8.2,6.7,7.2,11.4,11,7.4,#,5.4,4.9,4.7,4.5,5.4,7.9,9.2,10.2,13.7,17,13.6,10.3,
新竹,2025/08/12 00:00:00,NOx,13.6,8.6,8.9,9.3,10.6,11.2,11.2,11.1,15.2,14.4,9,#,6,5.5,5.2,4.9,5.7,8.4,9.5,10.5,14.3,18.5,14.4,11.2,
新竹,2025/08/12 00:00:00,O3,9.1,11.9,7.7,4.6,0.7,#,2.4,9.8,13.4,20.2,31.9,#,#,26.7,35.7,36.6,35.8,34.2,34,21.8,6.2,3,4.7,3.4,
新竹,2025/08/12 00:00:00,PM10,13,14,12,15,14,16,17,13,16,16,16,19,#,19,11,16,12,21,20,21,19,15,10,10,
新竹,2025/08/12 00:00:00,PM2.5,7,4,6,7,7,7,9,6,8,8,8,#,7,7,6,7,6,10,9,11,8,6,8,9,
新竹,2025/08/12 00:00:00,RAINFALL,0,0,0,0,0,0,0,0,0,0,0,#,#,0,0,0,0,0,0,0,0,0,0,0,
新竹,2025/08/12 00:00:00,RH,83,82,85,85,87,87,84,80,76,72,70,74,78,75,77,77,77,74,74,79,83,83,76,75,
新竹,2025/08/12 00:00:00,SO2,0.5,0.3,0.1,0.1,0.4,0.8,1.4,0.7,0.7,0.5,0.8,#,0.6,0.5,0.6,0.6,0.4,0.5,0.9,0.8,0.6,0.7,0.4,0.1,
新竹,2025/08/12 00:00:00,THC,2.21,2.16,2.16,2.18,2.21,2.28,2.11,2.14,2.21,2.13,2.08,#,2.05,2.02,2.02,2.07,2.1,2.16,2.14,2.14,2.18,2.3,2.17,2.11,
新竹,2025/08/12 00:00:00,WD_HR,166,187,160,110,87,79,86,76,292,276,292,287,286,273,319,14,43,49,48,53,55,70,74,69,
新竹,2025/08/12 00:00:00,WIND_DIREC,178,177,161,108,91,99,87,84,286,276,284,298,277,343,350,323,56,49,42,46,38,75,64,51,
新竹,2025/08/12 00:00:00,WIND_SPEED,1,0.6,0.7,0.4,0.8,1.2,0.6,0.7,0.8,1.4,2.1,2.5,1.5,0.9,1.2,1.1,0.7,2.3,2.1,1.7,1.2,0.9,1.4,0.8,
新竹,2025/08/12 00:00:00,WS_HR,0.6,0.4,0.6,0.4,0.6,0.6,0.5,0.5,0.7,0.7,1.6,1.8,1.4,0.7,0.6,0.3,1,1.3,1.9,1.3,1.4,0.8,1.2,0.8,
新竹,2025/08/13 00:00:00,AMB_TEMP,29,28.9,29.7,29.7,29.8,29.7,29.5,30.4,31.3,32.7,33.7,34.5,35.1,34.1,34,33.1,33.3,33.4,33.4,33.5,30.8,30,30,29.9,
新竹,2025/08/13 00:00:00,CH4,2.04,2.08,2.02,1.99,1.96,1.96,1.97,1.96,1.95,1.95,1.95,1.96,1.96,1.95,1.96,1.95,1.95,1.94,1.95,1.98,1.99,1.97,1.98,2.01,
新竹,2025/08/13 00:00:00,CO,0.13,0.12,0.09,0.08,0.07,0.08,0.11,0.13,0.14,0.12,0.1,0.11,0.1,0.09,0.1,0.1,0.1,0.11,0.13,0.16,0.16,0.14,0.12,0.13,
新竹,2025/08/13 00:00:00,NMHC,0.03,0.03,0.04,0.03,0.01,0,0.02,0.02,0.03,0.03,0.03,0.02,0.01,0.02,0.02,0.02,0.01,0.01,0.01,0.04,0.03,0.02,0.01,0.03,
新竹,2025/08/13 00:00:00,NO,0.9,0.8,1,0.9,0.7,0.8,1.5,2.1,2.1,2,1.8,1.6,1.5,1.3,1.3,1.3,1.1,1.3,1,1.3,1.3,0.9,0.8,0.5,
新竹,2025/08/13 00:00:00,NO2,7.6,6.9,6.5,6.4,4.1,3.5,4.1,4.6,4.6,4.3,4.3,3.8,3.6,3.2,3.5,3.5,3.3,3.4,4.1,6.1,5.6,4,4.5,4.8,
新竹,2025/08/13 00:00:00,NOx,8.5,7.8,7.5,7.3,4.9,4.3,5.7,6.7,6.7,6.4,6.1,5.5,5.1,4.6,4.9,4.9,4.4,4.7,5.1,7.5,6.9,4.9,5.3,5.4,
新竹,2025/08/13 00:00:00,O3,5.4,4.9,4.2,5,7.1,8.9,10.1,11.1,13.3,18.1,20.4,19.8,19.1,18.6,20,20.5,19.5,19.2,17.9,14.6,15.7,16.8,16.2,16.2,
新竹,2025/08/13 00:00:00,PM10,7,6,5,9,8,7,9,21,21,15,33,31,38,40,22,32,25,44,17,7,25,39,39,46,
新竹,2025/08/13 00:00:00,PM2.5,4,1,1,0,0,2,3,3,3,0,0,2,2,2,0,0,3,2,0,0,1,4,3,6,
新竹,2025/08/13 00:00:00,RAINFALL,0,0,0,0,0,0,0,0,0,0,0,0,0,0,0,0,0,0,0,0,0,0,0,0,
新竹,2025/08/13 00:00:00,RH,74,75,71,73,72,74,74,71,67,58,51,49,46,49,45,50,49,47,47,46,72,77,76,76,
新竹,2025/08/13 00:00:00,SO2,0,#,#,#,#,#,#,#,0,0,0.4,0,0,0.1,0,0,0,0,0,0.2,0,0,0,0,
新竹,2025/08/13 00:00:00,THC,2.07,2.11,2.06,2.02,1.97,1.96,1.99,1.98,1.98,1.98,1.98,1.98,1.97,1.97,1.98,1.97,1.96,1.95,1.96,2.02,2.02,1.99,1.99,2.04,
新竹,2025/08/13 00:00:00,WD_HR,133,93,57,58,54,51,39,51,50,52,51,59,60,62,66,63,70,78,77,121,267,288,313,57,
新竹,2025/08/13 00:00:00,WIND_DIREC,153,89,59,60,60,35,42,49,44,53,55,62,59,63,66,69,63,80,77,162,259,298,89,65,
新竹,2025/08/13 00:00:00,WIND_SPEED,0.8,1.3,2,1.8,3.7,3,3.7,4.7,5.2,4.6,6.1,4.9,4.7,6.1,5.6,6.4,5.8,4.8,4.3,1.5,2,1.8,0.8,2.2,
新竹,2025/08/13 00:00:00,WS_HR,0.6,0.4,1.6,1.4,2.9,3,2.7,3.7,4.3,4.1,5,4.3,4.7,4.6,5.1,5.1,5.1,4.3,3.6,1.2,1.6,1.6,0.6,1.5,
新竹,2025/08/14 00:00:00,AMB_TEMP,29.4,29.2,29.2,29.2,29.3,29.1,28.7,29.6,31.5,32.6,33.6,33.4,33.4,33.3,33.1,32.9,32.4,31.5,31.2,31.3,30.6,30.5,30.4,29.9,
新竹,2025/08/14 00:00:00,CH4,1.99,1.99,1.99,1.99,1.99,2.09,2.2,2.05,2.05,2.03,1.98,1.99,1.98,1.99,1.96,1.96,1.95,1.95,1.94,2,2.01,2.01,2.04,2.06,
新竹,2025/08/14 00:00:00,CO,0.1,0.09,0.08,0.08,0.09,0.13,0.2,0.19,0.24,0.16,0.12,0.12,0.13,0.13,0.12,0.12,0.13,0.15,0.16,0.22,0.2,0.21,0.19,0.18,
新竹,2025/08/14 00:00:00,NMHC,0.02,0.02,0,0.01,0.02,0.06,0.09,0.05,0.09,0.05,0.02,0.02,0.03,0.02,0.02,0.02,0.03,0.03,0.04,0.07,0.06,0.05,0.05,0.05,
新竹,2025/08/14 00:00:00,NO,0.6,0.9,1,0.9,1,0.9,4.1,5.5,4.9,2.7,1.6,1.2,1.3,1.3,1.4,1.2,1.3,1.5,1.1,1.6,1.5,1.6,1.2,0.9,
新竹,2025/08/14 00:00:00,NO2,4.6,3.5,3.1,2.7,2.6,6.2,10.8,8.6,9.6,8.2,4.3,3.8,4.4,4.1,3.8,3.8,4,10.3,6.5,11.2,10.3,11.8,14.8,8.6,
新竹,2025/08/14 00:00:00,NOx,5.3,4.4,4.1,3.6,3.6,7.1,15,14.1,14.5,11,5.9,5,5.7,5.5,5.2,5,5.3,11.9,7.7,12.9,11.9,13.5,16,9.6,
新竹,2025/08/14 00:00:00,O3,19,20.2,20.2,19.6,18.9,11,5.3,10.6,17.8,27.2,30.4,37.3,42.4,45.8,41.9,38.3,32.1,23.2,25,20.4,28.7,26.6,20.3,24.7,
新竹,2025/08/14 00:00:00,PM10,33,26,25,20,18,15,19,17,21,15,13,16,17,15,11,13,13,19,18,20,13,12,17,14,
新竹,2025/08/14 00:00:00,PM2.5,4,10,6,4,1,2,10,8,5,4,1,4,4,4,8,6,5,7,4,4,3,3,10,7,
新竹,2025/08/14 00:00:00,RAINFALL,0,0,0,0,0,0,0,0,0,0,0,0,0,0,0,0,0,0,0,0,0,0,0,0,
新竹,2025/08/14 00:00:00,RH,78,78,81,81,80,79,81,74,66,58,53,55,60,60,60,60,66,74,76,74,72,70,71,74,
新竹,2025/08/14 00:00:00,SO2,0.7,0.2,0.1,0,0.5,0.7,0.6,1,1.1,1.2,0.9,1.1,1.3,1.1,0.8,1.2,0.7,0.5,0.5,0.7,0.9,0.8,0.6,0.8,
新竹,2025/08/14 00:00:00,THC,2.01,2.01,1.99,2,2.01,2.15,2.29,2.1,2.14,2.08,2,2.01,2.01,2.01,1.98,1.98,1.98,1.98,1.98,2.07,2.07,2.06,2.09,2.11,
新竹,2025/08/14 00:00:00,WD_HR,44,48,11,325,48,78,74,70,73,28,346,295,296,295,304,301,297,296,273,171,168,173,82,77,
新竹,2025/08/14 00:00:00,WIND_DIREC,45,41,32,84,47,37,81,29,104,3,25,280,289,296,307,310,286,290,190,179,162,167,92,89,
新竹,2025/08/14 00:00:00,WIND_SPEED,2,1.1,1,0.8,1.2,0.3,1.7,0.7,1.1,1.5,1.3,1.8,1.9,2.9,2,1.9,1.1,1.9,0.6,1.7,1.2,1.1,0.5,0.9,
新竹,2025/08/14 00:00:00,WS_HR,2,1.6,0.3,0.3,0.7,0.5,0.8,0.9,0.9,0.7,0.7,1.4,1.4,1.9,1.5,1.5,1.2,1.1,0.9,1.4,1.2,1.1,0.6,0.8,
新竹,2025/08/15 00:00:00,AMB_TEMP,29.5,29.1,28.6,28.6,28.5,27.8,27.9,29.7,31.2,31.8,32.3,32.6,32.7,33.3,32.8,32.3,32.4,31.6,31.2,31.2,30.8,30.6,30.2,30,
新竹,2025/08/15 00:00:00,CH4,2.05,2.08,2.13,2.11,2.15,2.16,2.12,2.15,2.09,2.04,2.03,2,1.99,2,2.01,1.99,2,2.04,2.03,2.06,2.13,2.17,2.14,2.16,
新竹,2025/08/15 00:00:00,CO,0.16,0.17,0.19,0.14,0.14,0.17,0.18,0.27,0.24,0.16,0.17,0.24,0.27,0.23,0.2,0.18,0.17,0.26,0.31,0.3,0.36,0.37,0.3,0.28,
新竹,2025/08/15 00:00:00,NMHC,0.05,0.05,0.06,0.05,0.05,0.07,0.06,0.1,0.09,0.05,0.04,0.03,0.04,0.03,0.03,0.04,0.04,0.07,0.09,0.09,0.12,0.12,0.09,0.1,
新竹,2025/08/15 00:00:00,NO,1,1,2.4,0.8,0.6,4.7,3.9,6.9,6.8,2.6,1.6,1.7,2,1.2,0.9,0.9,0.7,0.9,0.7,0.5,0.6,0.7,0.6,1,
新竹,2025/08/15 00:00:00,NO2,8.2,13.5,20.8,9.6,8.2,12.8,10.8,12.3,11.9,7.6,6.2,6.9,7.8,5.5,5.2,5,6,12.1,14.8,10.1,13.9,16.6,15.9,14.5,
新竹,2025/08/15 00:00:00,NOx,9.3,14.5,23.3,10.4,8.9,17.6,14.8,19.3,18.8,10.3,7.9,8.7,9.9,6.8,6.1,5.9,6.8,13,15.5,10.7,14.6,17.4,16.6,15.5,
新竹,2025/08/15 00:00:00,O3,17.7,11,3.4,9.7,8,2.2,6.4,10.1,18.6,29.8,38.5,39.4,40.9,50.1,52.4,51.6,44.4,38.8,35.7,35.5,33.3,24.9,13.9,11.1,
新竹,2025/08/15 00:00:00,PM10,11,12,16,14,17,11,12,17,22,18,17,22,21,22,19,18,22,21,17,15,25,18,16,19,
新竹,2025/08/15 00:00:00,PM2.5,5,7,11,11,7,9,8,5,7,15,4,10,9,14,9,10,8,11,12,7,9,13,10,11,
新竹,2025/08/15 00:00:00,RAINFALL,0,0,0,0,0,0,0,0,0,0,0,0,0,0,0,0,0,0,0,0,0,0,0,0,
新竹,2025/08/15 00:00:00,RH,75,77,81,78,77,80,80,74,68,65,64,64,66,62,64,65,62,68,69,66,72,72,72,73,
新竹,2025/08/15 00:00:00,SO2,0.1,1,1,1,1.5,1.8,1.7,2.5,3.2,2.2,1.7,2.3,3.4,2.6,2.1,1.8,2.1,2.7,3,1.9,2.4,2.2,1.6,1.4,
新竹,2025/08/15 00:00:00,THC,2.1,2.13,2.19,2.16,2.2,2.23,2.18,2.25,2.18,2.09,2.07,2.03,2.03,2.03,2.04,2.03,2.04,2.11,2.12,2.15,2.25,2.29,2.23,2.26,
新竹,2025/08/15 00:00:00,WD_HR,63,122,153,84,151,185,159,199,303,288,286,290,281,257,263,286,245,251,222,224,273,101,68,110,
新竹,2025/08/15 00:00:00,WIND_DIREC,84,174,64,83,96,168,171,252,287,304,252,292,251,242,247,276,248,247,240,274,63,64,99,72,
新竹,2025/08/15 00:00:00,WIND_SPEED,1.1,1.1,0.7,0.8,0.7,0.3,0.4,0.9,1.3,2.2,2.2,2.3,2,2.2,1.8,1.9,1.5,1.7,0.9,0.8,0.3,1.2,0.5,1.6,
新竹,2025/08/15 00:00:00,WS_HR,0.9,0.6,0.6,0.6,0.4,0.6,0.3,0.3,0.8,1.6,1.7,1.9,1.7,1.8,1.7,1.4,1.5,1.4,0.5,0.4,0.3,0.3,0.7,0.7,
新竹,2025/08/16 00:00:00,AMB_TEMP,29.6,29.4,28.8,28.5,28.2,#,27.9,29,30.5,#,#,32.8,34.1,34.4,34.7,34.9,34.4,34.1,33,32,31.3,31,30.7,30.3,
新竹,2025/08/16 00:00:00,CH4,2.03,#,2.18,2.21,2.21,#,2.18,2.11,2.07,#,#,2.05,2.04,2,2,2,2.02,2,1.97,1.98,1.98,2.02,2.05,2.07,
新竹,2025/08/16 00:00:00,CO,#,#,0.24,0.2,0.18,#,0.22,0.25,0.27,#,#,0.21,0.21,0.19,0.21,0.19,0.2,0.19,0.15,0.14,0.15,0.18,0.18,0.19,
新竹,2025/08/16 00:00:00,NMHC,0.04,#,0.06,0.07,0.07,#,0.07,0.06,0.06,NA,#,0.05,0.06,0.05,0.05,0.04,0.04,0.05,0.05,0.03,0.04,0.05,0.05,0.05,
新竹,2025/08/16 00:00:00,NO,#,#,3.1,1.1,0.5,#,3.6,3.8,2.5,#,#,0.7,0.8,0.9,0.6,0.4,0.6,0.8,1,1,1,1,1,1.1,
新竹,2025/08/16 00:00:00,NO2,#,#,24.5,17.6,12.1,#,10.7,9.9,9.7,NA,#,6.2,6.3,6.5,5.8,5.2,6.7,8.9,6.2,6.1,6.6,8.4,8.6,9.3,
新竹,2025/08/16 00:00:00,NOx,#,#,27.7,18.7,12.6,#,14.4,13.7,12.2,#,#,6.9,7.1,7.5,6.5,5.6,7.4,9.8,7.2,7.2,7.6,9.4,9.7,10.5,
新竹,2025/08/16 00:00:00,O3,10,9.6,1.5,3.2,#,#,3.9,11.9,30.2,#,#,63.3,57.7,54.3,57.9,62,64.1,40.2,9.4,7.2,5.9,6.3,6.2,7.6,
新竹,2025/08/16 00:00:00,PM10,5,18,16,17,15,16,19,27,26,30,30,30,23,15,25,16,20,17,10,8,6,8,7,18,
新竹,2025/08/16 00:00:00,PM2.5,8,6,12,10,11,9,12,13,16,15,14,13,11,10,12,9,6,12,6,0,4,7,5,3,
新竹,2025/08/16 00:00:00,RAINFALL,0,0,0,0,0,#,0,0,0,#,#,0,0,0,0,0,0,0,0,0,0,0,0,0,
新竹,2025/08/16 00:00:00,RH,68,71,79,79,77,#,76,74,71,#,#,64,61,60,56,55,55,53,54,57,60,62,63,67,
新竹,2025/08/16 00:00:00,SO2,#,#,1.1,0.9,1.5,#,1.7,1.5,1.8,#,#,1.8,1.7,1.9,1.7,1.4,2,2.2,0.9,0.7,0.8,0.8,1,1,
新竹,2025/08/16 00:00:00,THC,2.07,#,2.24,2.28,2.28,#,2.25,2.17,2.13,#,#,2.1,2.1,2.05,2.05,2.04,2.06,2.05,2.02,2.01,2.02,2.07,2.1,2.12,
新竹,2025/08/16 00:00:00,WD_HR,82,167,133,88,87,#,81,75,70,#,#,300,253,249,242,251,276,49,56,64,64,66,81,67,
新竹,2025/08/16 00:00:00,WIND_DIREC,173,189,92,50,87,63,78,75,#,#,#,301,246,271,253,250,272,62,57,61,59,76,130,69,
新竹,2025/08/16 00:00:00,WIND_SPEED,0.5,0.7,0.4,0.6,0.5,0.6,1,0.6,#,#,#,2.6,2.3,1.8,2.5,1.4,1.1,1.3,1.4,1.7,0.9,1,0.5,1,
新竹,2025/08/16 00:00:00,WS_HR,0.9,0.7,0.5,0.6,0.6,#,0.7,0.7,0.7,#,#,1.9,2,1.9,1.7,1.3,0.4,0.6,1,1.2,1.1,0.8,0.7,0.6,
新竹,2025/08/17 00:00:00,AMB_TEMP,29.5,29.5,29.4,29.1,28.6,28.2,28,29.1,30.7,32.3,32.3,32.1,32.8,33.1,32.7,32.7,32.6,32.2,31.8,31.1,30.5,29.9,29.7,29.5,
新竹,2025/08/17 00:00:00,CH4,2.04,2.09,2.16,2.17,2.15,2.15,2.11,2.06,2.09,2.11,2.13,2.07,2.04,2,2,1.99,1.97,1.97,2.02,2,2.05,2.06,2.07,2.07,
新竹,2025/08/17 00:00:00,CO,0.19,0.18,0.24,0.19,0.19,0.18,0.19,0.2,0.24,0.31,0.25,0.22,0.19,0.17,0.14,0.15,0.12,0.13,0.2,0.2,0.28,0.23,0.21,0.19,
新竹,2025/08/17 00:00:00,NMHC,0.05,0.04,0.07,0.06,0.05,0.06,0.05,0.05,0.08,0.08,0.06,0.04,0.02,0.02,0.01,0.01,0.01,0.01,0.04,0.05,0.08,0.07,0.05,0.04,
新竹,2025/08/17 00:00:00,NO,0.4,3.1,9.3,1.5,2.2,1.5,2.5,2.8,3.5,2.4,1.6,1.6,1.3,1.3,1.5,1.5,1.4,1.4,1.5,1.7,2.2,1.6,1.5,1.5,
新竹,2025/08/17 00:00:00,NO2,8.2,9.5,20.4,11,12.5,9.3,8.3,6.6,8.5,8.3,6.7,6.2,4.8,3.8,3.5,3.3,2.8,3.5,6,7.4,11.1,10.4,8.6,9.4,
新竹,2025/08/17 00:00:00,NOx,8.6,12.7,29.8,12.5,14.8,10.8,10.8,9.5,12,10.7,8.3,7.8,6.2,5.1,5,4.9,4.3,4.9,7.6,9.1,13.3,12,10.1,11,
新竹,2025/08/17 00:00:00,O3,9.8,9.7,2.2,4.4,7.2,5,6.9,14,19.5,42.6,51.6,53.1,56.1,49,42.6,39.4,32.5,31.3,19.1,16.4,14.4,18.5,21.1,19.5,
新竹,2025/08/17 00:00:00,PM10,12,15,24,18,13,11,14,20,29,25,23,22,20,15,9,13,12,13,16,11,20,17,13,17,
新竹,2025/08/17 00:00:00,PM2.5,8,8,10,12,9,5,6,7,11,10,14,12,11,9,6,7,5,4,3,8,10,9,11,11,
新竹,2025/08/17 00:00:00,RAINFALL,0,0,0,0,0,0,0,0,0,0,0,0,0,0,0,0,0,0,0,0,0,0,0,0,
新竹,2025/08/17 00:00:00,RH,71,69,73,71,74,73,73,72,71,64,67,67,64,61,61,61,62,62,68,75,76,76,76,75,
新竹,2025/08/17 00:00:00,SO2,0.9,1.3,1.6,1.8,1.6,2.3,2.2,2.2,2.2,2.3,2.1,2,1.9,2.2,2.1,2.2,2.2,2.1,2,1.9,1.9,1.4,1.8,1.5,
新竹,2025/08/17 00:00:00,THC,2.09,2.13,2.23,2.23,2.2,2.21,2.16,2.11,2.17,2.19,2.19,2.11,2.06,2.02,2.01,2,1.98,1.98,2.06,2.05,2.13,2.13,2.12,2.11,
新竹,2025/08/17 00:00:00,WD_HR,79,154,109,108,103,80,84,84,85,67,313,300,325,309,309,355,323,302,266,176,166,178,156,173,
新竹,2025/08/17 00:00:00,WIND_DIREC,74,191,69,158,90,81,93,74,96,80,295,326,309,63,320,359,355,319,184,159,171,149,140,173,
新竹,2025/08/17 00:00:00,WIND_SPEED,1.6,0.6,0.7,0.7,1.7,1.5,0.9,1.2,1.7,1.4,2.3,1.4,2,1.2,1.6,1.3,1,1,1,1.3,1.2,0.7,0.5,1.1,
新竹,2025/08/17 00:00:00,WS_HR,1.3,0.7,0.6,0.5,0.7,0.8,1,1.2,1.1,0.9,1.2,1.3,0.9,0.8,1,0.6,0.7,1,0.8,0.6,0.8,0.7,0.5,0.9,
新竹,2025/08/18 00:00:00,AMB_TEMP,29.4,29.2,29.3,28.9,28.3,28.1,28.4,29.7,30.9,32.3,33.3,33.5,33.3,33.5,32.7,32.8,32.4,31.4,30.9,31,30.2,29.6,29.3,29.1,
新竹,2025/08/18 00:00:00,CH4,2.07,#,#,2.27,2.25,2.18,2.15,2.11,2.07,2.02,2.03,1.99,1.96,1.95,1.94,1.94,1.98,2.01,2.04,2.07,2.04,1.98,1.98,1.98,
新竹,2025/08/18 00:00:00,CO,0.19,#,0.19,0.22,0.18,0.19,0.24,0.24,0.23,0.18,0.19,0.16,0.14,0.12,0.11,0.11,0.13,0.16,0.23,0.31,0.23,0.15,0.14,0.12,
新竹,2025/08/18 00:00:00,NMHC,0.04,#,#,0.08,0.07,0.06,0.06,0.07,0.06,0.04,0.04,0.04,0.03,0.02,0.03,0.02,0.02,0.06,0.08,0.11,0.08,0.03,0.02,0.02,
新竹,2025/08/18 00:00:00,NO,1.8,#,0.6,0.6,0.7,0.6,3.9,3.3,3.2,2.3,1.5,1.3,1.1,1,0.9,1.1,1,0.9,0.7,0.7,0.7,0.7,0.5,0.6,
新竹,2025/08/18 00:00:00,NO2,16.1,#,8.2,8.7,9.3,7.9,16.5,10.1,9.4,7.8,6.6,5.8,4,3.3,3,3.5,3.8,5.5,8.3,11.5,11.6,6.4,5.1,4.3,
新竹,2025/08/18 00:00:00,NOx,18,#,8.9,9.3,10,8.5,20.5,13.4,12.6,10.1,8.2,7.2,5.2,4.3,3.9,4.7,4.9,6.5,9,12.2,12.3,7.1,5.6,5,
新竹,2025/08/18 00:00:00,O3,15.5,10.6,20.6,14.6,#,13.1,11.9,19.8,24.4,34.7,45,40.9,38.7,36.4,37,32.1,33,32.5,32.1,29.1,28.3,29.2,34.8,35.3,
新竹,2025/08/18 00:00:00,PM10,14,15,16,13,15,15,17,19,17,21,21,18,15,13,11,10,16,12,23,20,14,15,13,20,
新竹,2025/08/18 00:00:00,PM2.5,11,14,17,9,11,14,8,9,7,10,12,9,9,4,2,6,6,7,7,9,9,7,10,10,
新竹,2025/08/18 00:00:00,RAINFALL,0,0,0,0,0,0,0,0,0,0,0,0,0,0,0,0,0,0,0,0,0,0,0,0,
新竹,2025/08/18 00:00:00,RH,75,77,76,79,80,80,79,74,71,66,65,61,64,61,64,64,67,75,78,77,83,85,88,90,
新竹,2025/08/18 00:00:00,SO2,1.1,#,1.5,1.4,1.6,1.7,2.1,2,2.1,2.4,2.5,2.4,2.1,2.2,2.1,2,2,2.1,1.6,1.9,1.8,1.5,1.9,2,
新竹,2025/08/18 00:00:00,THC,2.11,#,#,2.35,2.32,2.24,2.21,2.18,2.13,2.06,2.07,2.03,1.99,1.97,1.97,1.96,2,2.07,2.12,2.18,2.12,2.01,2,2,
新竹,2025/08/18 00:00:00,WD_HR,170,129,164,204,195,170,161,185,228,235,249,251,267,266,278,280,308,301,294,191,190,246,256,258,
新竹,2025/08/18 00:00:00,WIND_DIREC,147,169,106,250,241,177,174,186,253,246,262,245,279,296,283,355,294,309,320,224,209,241,286,243,
新竹,2025/08/18 00:00:00,WIND_SPEED,0.3,0.5,0.5,0.8,0.5,0.9,1,1,1.4,2.7,2.8,3,3,2.7,2.2,1.5,2.1,1.1,0.8,0.6,0.6,1.7,1.6,2.1,
新竹,2025/08/18 00:00:00,WS_HR,0.7,0.4,0.5,0.3,0.2,0.5,0.6,0.6,1.1,1.5,1.9,2.4,2.4,2.1,1.6,1.2,1,1.2,0.9,0.3,0.6,1.6,1.2,1.2,
新竹,2025/08/19 00:00:00,AMB_TEMP,29,29,28.8,28.7,28.3,27.7,28.1,29.3,31.2,32.1,32.9,33,32.8,32.7,32.4,32.5,32,31.5,31.3,30.5,30.2,30.1,29.7,29.7,
新竹,2025/08/19 00:00:00,CH4,1.98,2,*,2.01,2.08,2.12,2.08,2.03,2.01,2,1.99,1.98,#,1.97,1.96,1.96,1.98,1.99,2.01,1.99,2,2.06,2.1,2.05,
新竹,2025/08/19 00:00:00,CO,#,0.11,0.1,0.09,0.11,0.14,0.17,0.18,0.18,0.15,0.14,0.14,#,0.14,0.14,0.15,0.16,0.17,0.23,0.2,0.19,0.21,0.19,0.14,
新竹,2025/08/19 00:00:00,NMHC,0.02,0.01,#,0,0.01,0.03,0.03,0.03,0.03,0.03,0.01,0.01,#,0,0.01,0.02,0.02,0.03,0.05,0.02,0.03,0.05,0.06,0.03,
新竹,2025/08/19 00:00:00,NO,#,0.4,0.4,0.4,0.6,1.6,2.7,3.3,2.7,2.4,1.8,1,#,0.8,0.7,0.9,1.2,1,0.9,0.6,0.6,0.7,0.7,0.4,
新竹,2025/08/19 00:00:00,NO2,#,4.6,4.5,4.5,5.5,11,11.1,8.7,7.7,8.3,6.6,3.8,#,4,3.7,4.5,6.9,7.3,8.6,6.2,6.8,9.5,11.7,8,
新竹,2025/08/19 00:00:00,NOx,#,5,5,5,6.1,12.7,13.8,12,10.5,10.8,8.5,4.9,#,4.8,4.5,5.5,8.2,8.3,9.5,6.8,7.5,10.2,12.4,8.5,
新竹,2025/08/19 00:00:00,O3,41.6,40.5,36,31.4,25.4,9.3,13.8,18.9,25.8,30.7,36.6,40,#,48.1,47.9,46,44.3,29.4,19.6,26.4,25.9,17.9,15.3,18.9,
新竹,2025/08/19 00:00:00,PM10,12,14,15,12,12,11,15,15,15,14,12,10,12,#,10,13,12,9,11,6,8,9,11,12,
新竹,2025/08/19 00:00:00,PM2.5,13,9,9,7,5,11,7,8,7,8,6,3,#,8,5,2,2,3,5,4,3,7,7,6,
新竹,2025/08/19 00:00:00,RAINFALL,0,0,0,0,0,0,0,0,0,0,0,0,0,0,0,0,0,0,0,0,0,0,0,0,
新竹,2025/08/19 00:00:00,RH,88,87,86,87,88,89,87,80,69,64,61,61,63,65,64,64,66,64,63,73,75,74,76,83,
新竹,2025/08/19 00:00:00,SO2,#,2.1,2,1.7,1.3,1.6,1.6,1.9,2,2.6,2.5,2,#,1.6,1.7,1.9,2.5,2.5,2.5,1.7,1.6,1.5,1.9,1.5,
新竹,2025/08/19 00:00:00,THC,2,2.01,*,2.01,2.09,2.15,2.11,2.06,2.04,2.03,2,1.99,#,1.97,1.97,1.98,2,2.02,2.06,2.01,2.03,2.11,2.16,2.08,
新竹,2025/08/19 00:00:00,WD_HR,247,245,241,232,182,167,166,165,226,275,271,281,279,267,279,269,275,261,250,245,241,211,239,240,
新竹,2025/08/19 00:00:00,WIND_DIREC,242,242,243,195,165,161,166,212,310,263,292,273,279,261,291,289,283,253,251,247,252,169,245,233,
新竹,2025/08/19 00:00:00,WIND_SPEED,1.8,2.6,1.8,0.6,0.9,1,1.2,0.5,1.1,1.6,2.1,3,2.8,2.1,2.1,1.7,1.9,2.1,1.7,2.1,1.4,1,2,1.8,
新竹,2025/08/19 00:00:00,WS_HR,1.8,1.8,1.5,0.9,0.8,1,0.8,0.9,0.5,1.2,1.5,1.9,2,2,1.8,1.6,1.4,1.3,1,1.8,1,0.8,1.4,1.8,
新竹,2025/08/20 00:00:00,AMB_TEMP,29.4,29.3,29.2,29,28.7,28.6,28.8,30.1,31.7,32.9,33.9,33.7,33.1,31.1,30.2,29.9,28.2,27.6,27.1,27.7,27.8,27.5,27.3,27.7,
新竹,2025/08/20 00:00:00,CH4,2.07,2.14,2.1,2.09,2.09,2.12,2.13,2.09,2.04,2.04,2.03,2.06,2.01,1.95,1.95,1.97,2.01,2.02,2.01,2.06,2.11,2.13,2.16,2.24,
新竹,2025/08/20 00:00:00,CO,0.14,0.19,0.18,0.16,0.15,0.19,0.23,0.26,0.26,0.26,0.23,0.23,0.19,0.14,0.15,0.18,0.18,0.23,0.24,0.33,0.3,0.31,0.29,0.32,
新竹,2025/08/20 00:00:00,NMHC,0.02,0.06,0.03,0.04,0.05,0.07,0.07,0.07,0.07,0.08,0.06,0.06,0.04,0.01,0.03,0.05,0.05,0.06,0.06,0.1,0.09,0.1,0.09,0.11,
新竹,2025/08/20 00:00:00,NO,0.6,0.2,0.3,0.3,0.5,0.8,3.8,5.3,3.9,3.8,3.2,1.5,1.2,0.8,0.6,1.2,1.4,1.5,1.3,1.6,1.1,3.7,2.5,2,
新竹,2025/08/20 00:00:00,NO2,7.6,11.7,9.6,9,9.5,11.5,14.2,11.6,9.4,10.7,10.1,8.4,6.6,4.7,4.7,7.4,9.8,11.4,10.8,19.3,16.3,21,22.4,22,
新竹,2025/08/20 00:00:00,NOx,8.3,12,10,9.3,10,12.3,18.1,16.9,13.4,14.5,13.3,10,7.9,5.5,5.4,8.6,11.2,12.9,12.1,20.9,17.5,24.8,24.9,24,
新竹,2025/08/20 00:00:00,O3,18.3,12.9,14.8,14.1,13,9.1,7,12.1,19.3,22.6,31.9,47.5,44.7,31,28.3,24.3,25.9,22.3,20.2,7.2,9.2,5.1,3.5,1.5,
新竹,2025/08/20 00:00:00,PM10,13,15,11,9,7,10,16,11,9,10,10,22,16,4,8,10,7,4,5,6,10,7,9,10,
新竹,2025/08/20 00:00:00,PM2.5,5,6,10,6,5,6,8,8,6,5,8,12,11,7,10,9,3,2,3,1,0,4,4,3,
新竹,2025/08/20 00:00:00,RAINFALL,0,0,0,0,0,0,0,0,0,0,0,0,0,0,0,0,0,0,0,0,0,0,0,0,
新竹,2025/08/20 00:00:00,RH,85,79,77,78,81,82,81,74,66,62,61,65,68,75,80,74,66,69,74,71,67,68,68,66,
新竹,2025/08/20 00:00:00,SO2,2,1.7,1.9,2.3,2.2,2.7,2.3,2.5,2.7,2.8,3.4,3.8,3.3,2.4,1.6,1.5,1.5,1.5,1.6,1.8,1.8,1.6,1.6,1.5,
新竹,2025/08/20 00:00:00,THC,2.09,2.2,2.13,2.13,2.14,2.19,2.2,2.16,2.11,2.12,2.09,2.12,2.05,1.96,1.98,2.02,2.06,2.08,2.07,2.16,2.2,2.23,2.25,2.35,
新竹,2025/08/20 00:00:00,WD_HR,197,229,232,208,191,171,179,202,209,244,248,247,251,247,233,177,178,173,163,95,67,192,156,124,
新竹,2025/08/20 00:00:00,WIND_DIREC,221,239,232,173,200,170,207,231,186,266,259,241,250,254,190,166,172,177,175,85,71,244,93,178,
新竹,2025/08/20 00:00:00,WIND_SPEED,1.1,1.9,1.6,0.9,0.7,1.1,1.2,1.9,1.3,1.8,2.3,3.8,3.6,2.6,1.5,3.1,1.2,1.7,1.7,1,0.8,0.8,1.1,0.6,
新竹,2025/08/20 00:00:00,WS_HR,0.6,1,1,0.6,0.5,0.6,0.6,1,0.7,1,2.3,3,2.8,3.2,1.4,1.8,1.4,1.2,1.5,1.1,0.5,0.9,0.4,0.4,
新竹,2025/08/21 00:00:00,AMB_TEMP,27.5,27.1,27.2,26.7,26.6,26.6,27.1,28.4,30.9,31.9,33.3,33,32.9,33.1,33.1,33,32.7,31.3,30.5,30.6,30.2,29.7,29.6,29.3,
新竹,2025/08/21 00:00:00,CH4,2.3,2.13,2.22,2.3,2.29,2.34,2.41,2.34,2.06,2.01,2,1.98,2.01,2.01,1.96,1.96,1.98,1.99,1.99,2.05,2.05,2.03,2.07,2.12,
新竹,2025/08/21 00:00:00,CO,0.31,0.13,0.17,0.15,0.13,0.17,0.29,0.39,0.23,0.19,0.15,0.17,0.17,0.15,0.13,0.15,0.17,0.24,0.25,0.3,0.26,0.23,0.21,0.23,
新竹,2025/08/21 00:00:00,NMHC,0.13,0.06,0.07,0.09,0.08,0.1,0.14,0.16,0.07,0.03,0.05,0.04,0.03,0.03,0.04,0.04,0.05,0.07,0.07,0.1,0.07,0.06,0.06,0.07,
新竹,2025/08/21 00:00:00,NO,11.6,1,9.6,2.7,1.2,2,18,27.7,6.1,2.6,2.1,1.4,1.4,1.2,1.6,1.5,1,0.9,0.6,0.4,0.6,0.6,0.6,0.5,
新竹,2025/08/21 00:00:00,NO2,26.9,12.4,27,17.1,14,13.8,19.2,20.6,11,7.3,7.4,6.5,6.1,5.5,5.7,5.7,5.6,8.5,7.5,12.5,11.7,9.1,11.2,11.8,
新竹,2025/08/21 00:00:00,NOx,38.6,13.5,36.6,19.8,15.3,15.8,37.2,48.4,17.1,9.9,9.6,7.9,7.5,6.8,7.3,7.2,6.6,9.5,8.1,13,12.3,9.8,11.9,12.3,
新竹,2025/08/21 00:00:00,O3,0.2,9,#,2.3,3.7,1.3,0.5,3.6,17.3,25.6,31.4,40.3,38.3,39.2,32.8,36.3,43.3,44.3,44.5,34.5,35.4,42.9,37.9,26.9,
新竹,2025/08/21 00:00:00,PM10,6,8,6,3,7,7,7,14,10,6,11,9,10,#,9,11,14,15,17,21,23,18,16,19,
新竹,2025/08/21 00:00:00,PM2.5,5,3,1,1,3,0,5,10,5,3,1,0,3,4,7,7,7,6,10,7,10,10,9,6,
新竹,2025/08/21 00:00:00,RAINFALL,0,0,0,0,0,0,0,0,0,0,0,0,0,0,0,0,0,0,0,0,0,0,0,0,
新竹,2025/08/21 00:00:00,RH,67,66,67,68,68,69,68,63,55,54,51,57,61,63,62,60,64,70,73,72,74,79,77,78,
新竹,2025/08/21 00:00:00,SO2,1.2,0.8,0.8,1.1,1.2,1.1,1.2,1.2,1.7,2.1,1.6,1.7,1.8,1.7,1.6,1.7,1.6,2.1,1.3,0.9,1.1,0.8,1.1,1,
新竹,2025/08/21 00:00:00,THC,2.43,2.19,2.29,2.39,2.37,2.44,2.55,2.5,2.13,2.04,2.05,2.02,2.04,2.04,2,2,2.03,2.06,2.06,2.15,2.12,2.09,2.13,2.19,
新竹,2025/08/21 00:00:00,WD_HR,157,166,142,101,90,112,94,75,241,250,249,261,256,247,242,225,250,250,195,189,247,220,191,177,
新竹,2025/08/21 00:00:00,WIND_DIREC,170,113,101,169,105,158,82,65,255,253,281,246,240,246,242,222,252,243,177,215,249,167,188,173,
新竹,2025/08/21 00:00:00,WIND_SPEED,0.8,0.5,0.6,0.5,0.5,0.5,0.5,0.5,1.5,2.6,1.8,3.7,2.6,3.5,3.3,1.9,1.9,1.7,1.1,1,2,1,0.5,0.7,
新竹,2025/08/21 00:00:00,WS_HR,0.4,0.6,0.4,0.6,0.6,0.5,0.4,0.4,1.1,1.9,1.2,2.5,2.2,2.5,3,1.3,2,1.6,0.8,0.8,1.5,0.8,0.5,0.5,
新竹,2025/08/22 00:00:00,AMB_TEMP,28.8,28.5,28,27.8,27.8,27.7,27.5,29.2,31.1,32.3,32.5,34.2,32.9,32.6,32.2,32,31.7,30.8,30,30,30.1,30,30,30,
新竹,2025/08/22 00:00:00,CH4,2.14,2.16,2.11,2.15,2.16,2.19,2.24,2.13,2.08,2.08,2.09,2.12,2.08,2.05,2,1.99,2,2.04,2.04,2.05,2.08,2.11,2.11,2.23,
新竹,2025/08/22 00:00:00,CO,0.21,0.2,0.2,0.23,0.26,0.26,0.25,0.28,0.29,0.23,0.26,0.27,0.26,0.24,0.2,0.18,0.2,0.26,0.26,0.26,0.3,0.31,0.3,0.36,
新竹,2025/08/22 00:00:00,NMHC,0.07,0.07,0.06,0.07,0.09,0.1,0.1,0.08,0.09,0.07,0.07,0.08,0.05,0.04,0.03,0.03,0.04,0.04,0.05,0.05,0.1,0.13,0.12,0.15,
新竹,2025/08/22 00:00:00,NO,0.7,0.4,1,0.7,0.8,4.8,6,6.1,3.8,1,0.7,0.5,0.5,0.5,0.5,0.5,0.5,0.3,0.3,0.2,0.3,0.3,0.2,0.3,
新竹,2025/08/22 00:00:00,NO2,12.1,10.8,10.5,9.2,10.1,22.6,13.1,11.1,9.6,6.8,6.6,8.2,6,5.1,4.6,4.2,4.6,5.2,6,5.6,7.1,9.3,9.1,13.9,
新竹,2025/08/22 00:00:00,NOx,12.9,11.3,11.5,10,11,27.4,19.1,17.3,13.5,7.9,7.4,8.8,6.6,5.7,5.1,4.7,5.1,5.6,6.4,5.9,7.4,9.6,9.4,14.3,
新竹,2025/08/22 00:00:00,O3,27.2,21,14.6,15.9,13.8,0,3.1,10.9,30.3,47.2,60.1,81.6,72.7,75.3,69.2,61.9,63,69.4,69.5,67,60.7,56.8,52.8,36.8,
新竹,2025/08/22 00:00:00,PM10,18,17,29,19,25,19,20,25,18,21,28,29,32,32,19,18,23,29,27,23,23,24,24,25,
新竹,2025/08/22 00:00:00,PM2.5,5,14,15,9,11,13,9,9,12,14,10,17,24,20,12,9,24,11,18,18,12,17,17,19,
新竹,2025/08/22 00:00:00,RAINFALL,0,0,0,0,0,0,0,0,0,0,0,0,0,0,0,0,0,0,0,0,0,0,0,0,
新竹,2025/08/22 00:00:00,RH,82,85,87,88,86,83,79,70,65,63,66,59,69,70,72,74,76,81,84,81,81,82,81,81,
新竹,2025/08/22 00:00:00,SO2,1.4,1.9,1.9,2.3,2.4,1.9,2,2.8,2.4,2.1,2,2.3,2.5,2.4,2.2,2.1,1.9,1.7,1.5,1.7,2,2,2.2,1.9,
新竹,2025/08/22 00:00:00,THC,2.21,2.23,2.17,2.22,2.25,2.29,2.34,2.21,2.17,2.15,2.16,2.2,2.13,2.09,2.03,2.02,2.04,2.08,2.09,2.1,2.18,2.24,2.23,2.38,
新竹,2025/08/22 00:00:00,WD_HR,210,181,172,185,165,116,70,44,334,282,295,320,299,305,294,298,296,299,293,353,319,349,65,105,
新竹,2025/08/22 00:00:00,WIND_DIREC,195,178,163,182,161,91,37,48,7,282,354,293,296,328,298,317,296,307,291,344,43,45,92,91,
新竹,2025/08/22 00:00:00,WIND_SPEED,0.6,1.2,0.8,0.6,1.3,0.7,0.7,0.5,1.5,1.9,1.5,3.1,3.1,2.3,3.5,1.3,2.5,1.7,2,0.7,0.5,1.1,0.5,0.6,
新竹,2025/08/22 00:00:00,WS_HR,0.4,0.7,1.1,0.4,1.1,0.4,0.6,0.4,0.8,1.1,0.9,0.9,2.4,1.9,2.4,1.4,1.7,1.4,1.6,0.5,0.3,0.3,0.5,0.4,
新竹,2025/08/23 00:00:00,AMB_TEMP,29.5,29.2,29,28.3,28,27.8,28.1,29.5,31.1,31.3,32.6,33,33,32.7,32.9,32.3,32.2,31.3,30.6,30.3,30.9,31,30.3,29.5,
新竹,2025/08/23 00:00:00,CH4,2.28,2.26,2.32,2.23,2.24,2.25,2.26,2.18,2.13,2.08,2.01,2,1.99,1.97,1.97,1.96,1.97,1.99,2.06,2.12,2.09,2.15,2.31,2.07,
新竹,2025/08/23 00:00:00,CO,0.34,0.29,0.27,0.23,0.22,0.23,0.28,0.28,0.24,0.21,0.16,0.15,0.13,0.12,0.12,0.11,0.14,0.14,0.15,0.2,0.27,0.3,0.25,0.12,
新竹,2025/08/23 00:00:00,NMHC,0.14,0.12,0.07,0.04,0.05,0.05,0.07,0.07,0.03,0.02,0.01,0.01,0,0,0,0,0,0,0,0.03,0.07,0.08,0.11,0,
新竹,2025/08/23 00:00:00,NO,0.2,0.8,0.9,1,0.9,1.2,1.7,2.4,1.9,1.5,*,*,*,*,*,*,*,*,0.9,0.9,0.8,0.8,0.9,0.7,
新竹,2025/08/23 00:00:00,NO2,14.5,11,11.3,9.5,9,8.9,10.2,10.3,7.3,6.5,*,*,*,*,*,*,*,*,5,7.3,9.6,16.3,13.2,7.4,
新竹,2025/08/23 00:00:00,NOx,14.7,11.9,12.2,10.5,10,10.2,12,12.7,9.3,8,*,*,*,*,*,*,*,*,5.9,8.2,10.5,17.2,14.1,8.1,
新竹,2025/08/23 00:00:00,O3,25.9,22.3,14.6,14.1,17.2,21.9,17.7,27.5,40.4,49.9,48.4,48.1,48.3,42,42,42.3,40.5,41.2,38.5,35.2,29.8,19.2,23.2,33,
新竹,2025/08/23 00:00:00,PM10,27,28,25,21,24,26,26,27,28,22,12,14,10,14,10,11,15,17,22,16,15,19,21,18,
新竹,2025/08/23 00:00:00,PM2.5,22,21,20,15,17,22,17,17,11,15,8,8,8,6,2,2,9,7,5,5,4,13,10,8,
新竹,2025/08/23 00:00:00,RAINFALL,0,0,0,0,0,0,0,0,0,0,0,0,0,0,0,0,0,0,0,0,0,0,0,0,
新竹,2025/08/23 00:00:00,RH,82,84,85,88,91,91,89,83,74,72,62,59,60,62,62,68,67,68,75,81,75,73,81,89,
新竹,2025/08/23 00:00:00,SO2,1,1.9,1.5,1.5,1.9,1.9,2.1,2.1,2.5,2.7,2.1,1.7,1.9,2,1.9,1.9,1.8,1.7,1.6,1.6,1.6,2,1.7,1.6,
新竹,2025/08/23 00:00:00,THC,2.42,2.38,2.39,2.27,2.29,2.3,2.33,2.25,2.16,2.1,2.02,2.01,1.99,1.97,1.97,1.95,1.97,1.99,2.06,2.15,2.16,2.23,2.42,2.07,
新竹,2025/08/23 00:00:00,WD_HR,41,69,163,170,167,178,181,216,234,292,291,320,303,303,308,321,322,295,297,305,109,160,293,299,
新竹,2025/08/23 00:00:00,WIND_DIREC,28,88,191,164,178,218,169,255,244,310,307,306,297,296,296,292,306,302,312,29,89,281,251,308,
新竹,2025/08/23 00:00:00,WIND_SPEED,0.7,0.9,0.6,0.6,0.6,0.5,0.7,1.4,1,2.4,1.4,2.5,2.7,2.6,1.5,2.5,0.8,1.6,0.9,0.4,0.8,0.4,1.4,1.7,
新竹,2025/08/23 00:00:00,WS_HR,0.6,0.5,0.4,0.5,0.6,0.6,0.5,0.6,0.8,1.7,1.2,1.1,1.6,1.7,1.1,0.9,0.7,1.5,1.4,0.6,0.6,0.4,0.8,1.4,
新竹,2025/08/24 00:00:00,AMB_TEMP,29.1,29.1,29,28.6,28.3,28.3,28.2,29.4,30.6,31.6,32.2,32.8,33,32.2,32.5,31.7,31.1,30.8,30.5,30.1,30.1,29.9,29.8,29.7,
新竹,2025/08/24 00:00:00,CH4,*,2.1,2.17,2.2,2.2,2.15,2.11,2.07,2.01,2,2.02,1.99,1.96,1.94,1.96,2,1.99,1.99,2.01,2.02,2.01,2,2,2.03,
新竹,2025/08/24 00:00:00,CO,0.1,0.18,0.17,0.17,0.17,0.17,0.18,0.19,0.15,0.14,0.15,0.13,0.12,0.11,0.13,0.17,0.16,0.18,0.22,0.23,0.2,0.18,0.16,0.16,
新竹,2025/08/24 00:00:00,NMHC,#,0.02,0.02,0.04,0.03,0.03,0.02,0.02,0.01,0.01,0,0,0,0,0,0,0,0.01,0.02,0.02,0.02,0.01,0.01,0.01,
新竹,2025/08/24 00:00:00,NO,0.8,0.9,1,1,1,0.6,1.2,1.8,1.9,1.5,1.1,0.8,0.5,0.7,0.8,0.7,0.7,0.6,0.5,0.7,0.6,0.7,0.7,0.5,
新竹,2025/08/24 00:00:00,NO2,3.8,10,9.7,9.4,8.7,6.3,7,6.5,6.5,5.8,4.8,3.5,3,2.8,2.8,3.4,3.3,3.8,5.1,5,4.9,5.6,5,4.7,
新竹,2025/08/24 00:00:00,NOx,4.6,10.9,10.8,10.4,9.8,6.9,8.3,8.4,8.4,7.3,5.9,4.3,3.6,3.5,3.6,4.1,4.1,4.5,5.7,5.7,5.5,6.3,5.7,5.2,
新竹,2025/08/24 00:00:00,O3,39.3,21.8,16.2,13.2,11.3,17.8,16.5,23.1,27.9,32.8,41.8,45.9,47.5,49.3,51.5,61.3,57.8,48.3,43,47.1,43.2,38.4,37.4,35.7,
新竹,2025/08/24 00:00:00,PM10,19,18,20,14,20,16,19,17,16,13,24,14,14,16,15,24,23,20,20,22,19,17,20,23,
新竹,2025/08/24 00:00:00,PM2.5,5,6,7,11,14,10,11,8,8,12,13,10,6,3,6,14,10,16,12,11,13,11,7,10,
新竹,2025/08/24 00:00:00,RAINFALL,0,0,0,0,0,0,0,0,0,0,0,0,0,0,0,0,0,0,0,0,0,0,0,0,
新竹,2025/08/24 00:00:00,RH,90,88,88,88,86,86,84,82,77,73,71,68,68,72,72,76,81,83,85,87,86,85,84,85,
新竹,2025/08/24 00:00:00,SO2,1.4,1.1,1.5,1.6,1.3,1.5,1.5,1.8,2.5,2.3,1.8,1.5,1.5,1.5,1.6,2.2,2.2,1.7,1.7,1.6,1.3,1.8,3.7,1.9,
新竹,2025/08/24 00:00:00,THC,*,2.12,2.19,2.24,2.23,2.18,2.13,2.09,2.02,2.01,2.02,1.99,1.96,1.93,1.95,2,1.99,2,2.03,2.04,2.03,2.01,2.01,2.04,
新竹,2025/08/24 00:00:00,WD_HR,294,198,167,165,165,164,165,211,280,268,309,335,348,298,296,292,295,282,243,241,223,228,226,220,
新竹,2025/08/24 00:00:00,WIND_DIREC,308,165,180,177,150,165,154,228,251,264,297,303,325,290,299,290,310,265,195,248,211,188,246,170,
新竹,2025/08/24 00:00:00,WIND_SPEED,1.4,0.8,0.7,0.9,0.8,0.8,0.5,0.7,0.9,1.4,2,1.5,2.2,2.4,2.8,2.5,2.3,1.6,0.9,1.6,0.8,0.8,1.6,0.6,
新竹,2025/08/24 00:00:00,WS_HR,1,0.7,0.8,0.6,0.7,0.8,0.8,0.5,0.6,0.7,0.7,0.8,0.9,2,1.7,1.5,2,1.6,1.2,1.4,0.9,0.7,0.5,0.7,
新竹,2025/08/25 00:00:00,AMB_TEMP,29.2,28.9,28.6,28.3,28,28.5,28.8,29.4,31.4,32.8,33.1,33,33.5,33.1,33.3,33.9,33,31.7,31.1,31,30.6,30.3,30,30.2,
新竹,2025/08/25 00:00:00,CH4,2.12,2.11,2.19,2.21,2.15,2.17,2.3,2.18,2.06,2.06,2.11,#,x,*,*,1.98,2.01,2,2.02,2.07,2.07,2.06,2.09,2.13,
新竹,2025/08/25 00:00:00,CO,0.19,0.18,0.19,0.2,0.17,0.22,0.25,0.26,0.23,0.19,0.21,#,x,0.11,0.12,0.1,0.13,0.17,0.23,0.23,0.19,0.18,0.16,0.17,
新竹,2025/08/25 00:00:00,NMHC,0.03,0.03,0,0.02,0,0.02,0.04,0.02,0,0,0.01,#,x,#,#,0,0,0,0.03,0.05,0.02,0.01,0.01,0.01,
新竹,2025/08/25 00:00:00,NO,0.6,0.6,0.6,0.6,0.5,2,5.9,7.2,4,1.7,0.8,#,1.1,0.9,0.9,0.9,1.2,1.3,1,0.9,0.6,0.7,0.6,0.6,
新竹,2025/08/25 00:00:00,NO2,8.1,7.9,8.4,10.2,7.2,24.8,21.2,11,9.6,7.3,6.7,#,6.2,4.4,4.1,3.8,4.7,5.8,7.9,10.5,9.8,8.6,8.3,7.8,
新竹,2025/08/25 00:00:00,NOx,8.7,8.6,9,10.8,7.7,26.9,27.2,18.3,13.7,9,7.6,#,7.3,5.3,5,4.7,6,7.1,8.9,11.4,10.5,9.4,8.9,8.5,
新竹,2025/08/25 00:00:00,O3,23.7,23.1,20.4,14.9,17.9,1.8,3.6,6.5,23.5,39.2,55.8,60.3,#,25.1,30.7,27.1,22.5,20.2,15,15,15.7,15.5,15.6,22.1,
新竹,2025/08/25 00:00:00,PM10,26,19,19,21,17,19,19,23,17,21,26,#,29,10,8,11,16,11,13,20,18,13,12,10,
新竹,2025/08/25 00:00:00,PM2.5,8,16,11,10,8,12,0,16,13,10,13,12,#,1,6,5,5,6,4,3,6,3,4,5,
新竹,2025/08/25 00:00:00,RAINFALL,0,0,0,0,0,0,0,0,0,0,0,#,#,0,0,0,0,0,0,0,0,0,0,0,
新竹,2025/08/25 00:00:00,RH,87,83,79,78,77,77,80,78,67,58,59,63,65,67,66,62,72,79,81,81,82,83,82,76,
新竹,2025/08/25 00:00:00,SO2,2.6,1.9,1.5,2.2,1.9,1.7,1.7,1.9,1.7,1.3,1.5,#,2.4,2.1,1.7,2.5,2.2,2,1.3,1.5,1.7,1.5,1.4,1.2,
新竹,2025/08/25 00:00:00,THC,2.15,2.14,2.19,2.23,2.14,2.19,2.34,2.2,2.06,2.05,2.12,#,x,*,*,1.97,2,2,2.05,2.12,2.09,2.07,2.1,2.14,
新竹,2025/08/25 00:00:00,WD_HR,168,218,215,177,164,180,110,57,62,39,298,294,307,294,295,282,255,227,196,178,172,165,166,167,
新竹,2025/08/25 00:00:00,WIND_DIREC,153,246,193,175,168,173,72,65,75,333,299,289,51,290,301,263,247,171,184,165,165,175,163,143,
新竹,2025/08/25 00:00:00,WIND_SPEED,0.6,2,0.7,1.3,1,0.4,0.6,1.2,0.9,1.2,3.5,2.2,1,2.9,2.4,2.5,2.4,1.3,1.3,1.4,0.9,1,1,0.5,
新竹,2025/08/25 00:00:00,WS_HR,0.7,0.7,0.6,0.7,0.6,0.5,0.3,0.8,0.9,0.7,1.5,1.5,0.9,2.2,1.5,1.5,2.1,1.1,0.6,0.7,0.8,1,0.9,0.7,
新竹,2025/08/26 00:00:00,AMB_TEMP,30,29.6,29.3,29,29,28.8,28.7,29.7,31.5,31.7,31.5,31.3,31.8,33.1,34.6,34.9,34.1,32.9,32.4,32.1,31.2,30.6,30.3,30,
新竹,2025/08/26 00:00:00,CH4,2.16,2.15,2.1,2.11,2.13,2.21,2.16,2.11,2.09,2.05,2.05,2.04,1.99,2,2,2.03,2.03,2.02,2.05,2.08,2.05,2.04,2.05,2.16,
新竹,2025/08/26 00:00:00,CO,0.17,0.16,0.14,0.13,0.14,0.18,0.19,0.21,0.21,0.16,0.17,0.18,0.12,0.11,0.11,0.16,0.16,0.2,0.27,0.26,0.17,0.15,0.13,0.17,
新竹,2025/08/26 00:00:00,NMHC,0,0.01,0,0,0.01,0.03,0.02,0.02,0.04,0,0.01,0,0,0,0.02,0.04,0.03,0.05,0.09,0.07,0.02,0.03,0.02,0.07,
新竹,2025/08/26 00:00:00,NO,0.5,0.6,0.5,0.6,0.5,0.7,1.7,3.7,3.2,1.1,1,0.8,1.2,1.6,1.4,1.4,1.1,1,1,0.7,0.5,0.7,0.6,0.6,
新竹,2025/08/26 00:00:00,NO2,6.9,8,9.2,9.4,11.2,16.8,11.1,10,9.5,5.9,6.7,6,5,5.1,5.5,7.9,8.5,8.9,11.8,12.1,8.4,7.2,6.8,12.3,
新竹,2025/08/26 00:00:00,NOx,7.4,8.6,9.8,10,11.7,17.6,12.9,13.8,12.7,7.1,7.8,6.9,6.2,6.8,6.9,9.3,9.7,10,12.9,12.9,9,7.9,7.5,13,
新竹,2025/08/26 00:00:00,O3,27,27.3,26.3,25.4,24.9,10.9,11.2,12.8,30.2,42.1,47.6,46.7,22.6,19.8,30.4,38.9,40.5,28.6,23.1,23.8,17.8,12.7,14.1,6,
新竹,2025/08/26 00:00:00,PM10,9,12,13,11,15,21,13,21,22,16,16,18,11,12,29,32,25,27,17,20,18,21,15,13,
新竹,2025/08/26 00:00:00,PM2.5,6,12,12,9,9,15,15,9,10,8,9,12,6,2,4,16,2,5,7,6,14,8,4,3,
新竹,2025/08/26 00:00:00,RAINFALL,0,0,0,0,0,0,0,0,0,0,0,0,0,0,0,0,0,0,0,0,0,0,0,0,
新竹,2025/08/26 00:00:00,RH,75,72,71,73,74,78,77,73,65,64,69,73,72,68,64,63,66,71,71,72,82,84,84,79,
新竹,2025/08/26 00:00:00,SO2,1.3,1.6,1.1,1.3,1.6,1.8,2,1.6,1.6,1.7,2.1,1.8,2.2,1.8,1.8,2.1,2.2,1.8,1.6,1.8,1.8,1.3,1.4,1.2,
新竹,2025/08/26 00:00:00,THC,2.16,2.16,2.1,2.11,2.14,2.24,2.18,2.13,2.13,2.05,2.06,2.04,1.99,2,2.02,2.07,2.06,2.07,2.14,2.15,2.07,2.07,2.07,2.23,
新竹,2025/08/26 00:00:00,WD_HR,169,170,169,169,159,89,83,80,2,313,321,43,337,307,316,171,175,180,168,265,285,288,23,77,
新竹,2025/08/26 00:00:00,WIND_DIREC,161,173,164,175,136,101,87,60,309,303,357,56,282,296,40,180,187,180,170,294,272,293,40,79,
新竹,2025/08/26 00:00:00,WIND_SPEED,0.8,1.4,1.5,0.6,0.8,0.8,2,1,1.4,2.2,1.2,1.7,1.6,1.7,1.6,1.7,1.3,1.2,0.7,1.4,1.2,1.1,1.7,1,
新竹,2025/08/26 00:00:00,WS_HR,0.6,1.1,1,0.6,0.8,0.8,1.2,1,0.4,0.8,0.4,0.6,0.3,0.8,0.6,1.6,1.5,1.1,0.8,0.8,1.2,1.1,0.7,1,
新竹,2025/08/27 00:00:00,AMB_TEMP,29.8,29.3,29,29,28.9,28.6,29,29.5,30.8,31,31.7,31.1,30.7,28.4,26.6,26.4,26.6,27.1,27.4,27.7,27.8,27.7,27,26.1,
新竹,2025/08/27 00:00:00,CH4,2.17,2.15,2.16,2.2,2.19,2.24,2.2,2.21,2.04,2.04,2.08,2.07,2.09,2.06,2.06,2.05,2.1,2.08,2.1,2.16,2.18,2.09,2.15,2.1,
新竹,2025/08/27 00:00:00,CO,0.21,0.21,0.17,0.19,0.18,0.18,0.23,0.27,0.17,0.18,0.2,0.19,0.22,0.21,0.21,0.21,0.25,0.27,0.34,0.43,0.45,0.28,0.31,0.16,
新竹,2025/08/27 00:00:00,NMHC,0.06,0.05,0.09,0.12,0.09,0.06,0.07,0.06,0.01,0,0.01,0,0.01,0.02,0.09,0.06,0.04,0.05,0.09,0.23,0.24,0.1,0.09,0.01,
新竹,2025/08/27 00:00:00,NO,0.7,0.9,1.1,1.7,1.5,2.2,6,11.5,4.4,1.6,1.4,1.2,1,1,3.8,3.7,3.5,2.4,1.3,1.4,3.5,2.4,6.4,1.8,
新竹,2025/08/27 00:00:00,NO2,13.4,11.8,12.2,12.8,12.8,12.5,12.5,11.6,6.8,5.3,6.1,5.7,6.5,10,22,21.7,18.9,13.4,14.2,22.9,26.7,15.7,12,7.4,
新竹,2025/08/27 00:00:00,NOx,14.2,12.7,13.4,14.5,14.3,14.7,18.5,23.1,11.2,6.9,7.6,7,7.5,11.1,25.9,25.4,22.4,15.9,15.6,24.3,30.2,18.1,18.4,9.2,
新竹,2025/08/27 00:00:00,O3,14,12.3,1.5,0.4,1.6,0.7,2.4,5,15,34.7,42,54.6,59.3,37.7,9,12.6,13.3,15.7,13.2,6.5,0.8,2.4,1.1,3.8,
新竹,2025/08/27 00:00:00,PM10,10,15,10,12,10,11,15,18,9,21,16,23,20,18,13,9,10,9,8,15,18,5,13,11,
新竹,2025/08/27 00:00:00,PM2.5,10,14,7,4,5,9,8,12,7,6,10,11,19,9,5,4,6,4,7,7,12,8,3,0,
新竹,2025/08/27 00:00:00,RAINFALL,0,0,0,0,0,0,0,0,0,0,0,0,0,1,1.5,2.5,1,0.5,0,0,0,0,0,0,
新竹,2025/08/27 00:00:00,RH,83,83,75,75,77,77,79,76,71,74,71,73,75,87,89,90,91,86,85,84,84,81,85,88,
新竹,2025/08/27 00:00:00,SO2,0.6,1,0.8,0.6,0.9,0.9,1,1.5,1.6,1.5,1.3,1.3,1.4,1,0.7,0.6,0.8,1,1.1,1.5,1.6,1.4,1.2,0.9,
新竹,2025/08/27 00:00:00,THC,2.23,2.2,2.25,2.32,2.28,2.3,2.27,2.27,2.05,2.04,2.09,2.07,2.1,2.08,2.15,2.11,2.14,2.13,2.19,2.39,2.42,2.19,2.24,2.11,
新竹,2025/08/27 00:00:00,WD_HR,59,64,73,73,77,122,123,76,273,326,290,302,290,183,164,119,69,77,56,50,80,85,164,165,
新竹,2025/08/27 00:00:00,WIND_DIREC,46,78,43,69,65,163,56,320,295,305,304,298,283,140,169,77,88,85,56,57,98,91,160,163,
新竹,2025/08/27 00:00:00,WIND_SPEED,1.3,1.4,0.6,0.6,0.5,0.9,0.7,0.9,2.2,1.4,2.7,2.2,1.8,1.1,1.5,1.3,1.3,1.2,1.7,1.9,0.9,0.8,0.7,1.2,
新竹,2025/08/27 00:00:00,WS_HR,1.2,1.2,0.7,0.6,0.7,0.6,0.5,0.9,1.5,0.8,1.5,1.8,2.1,0.7,1.3,0.8,1.1,1.4,1.1,1.6,1,1.1,0.7,1.1,
新竹,2025/08/28 00:00:00,AMB_TEMP,26.3,26.4,26.3,26.5,26.3,26.1,26.1,27.3,29.1,31.6,32.3,33,33.4,33.2,33,32.2,31.3,30.9,30.7,30.4,30.2,30.1,29.5,29.4,
新竹,2025/08/28 00:00:00,CH4,2.08,2.12,2.19,2.36,2.26,2.23,2.19,2.18,2.17,2.17,2.11,2.06,2.05,2.02,2,1.97,1.97,2,2.08,2.1,2.08,2.1,2.11,2.13,
新竹,2025/08/28 00:00:00,CO,0.16,0.18,0.17,0.18,0.16,0.16,0.19,0.31,0.43,0.35,0.24,0.24,0.22,0.19,0.19,0.17,0.16,0.22,0.3,0.36,0.3,0.32,0.27,0.25,
新竹,2025/08/28 00:00:00,NMHC,0.01,0.02,0.06,0.12,0.08,0.08,0.07,0.12,0.18,0.16,0.08,0.07,0.04,0.03,0.02,0.02,0.02,0.04,0.09,0.11,0.08,0.1,0.07,0.07,
新竹,2025/08/28 00:00:00,NO,3.4,0.8,3,4.6,3.7,4.5,10.2,12.3,13.5,5.9,1.5,0.8,0.7,#,#,0.5,0.6,0.5,0.4,0.4,0.5,0.4,0.5,0.4,
新竹,2025/08/28 00:00:00,NO2,15.1,10.3,13.6,12.3,11.3,8.8,8.3,10.8,16,16.4,10.8,8.7,7.7,#,#,5.3,4.6,6.6,9,14,12.2,12,12,11.5,
新竹,2025/08/28 00:00:00,NOx,18.5,11.2,16.7,16.9,15.1,13.4,18.5,23.1,29.5,22.4,12.3,9.5,8.4,#,#,5.8,5.3,7.2,9.5,14.4,12.8,12.5,12.5,12,
新竹,2025/08/28 00:00:00,O3,2.9,4.5,0,#,#,#,0,2.2,8.5,34.4,55.1,63.7,72,64.6,65.6,57,48.7,52.6,47.5,39.2,39.5,35.7,31,28.2,
新竹,2025/08/28 00:00:00,PM10,9,11,16,18,10,10,11,16,12,23,19,20,16,15,14,17,18,21,26,21,15,25,21,21,
新竹,2025/08/28 00:00:00,PM2.5,5,11,6,8,5,0,0,8,10,22,12,13,11,4,6,8,14,10,9,19,7,10,6,14,
新竹,2025/08/28 00:00:00,RAINFALL,0,0,0,0,0,0,0,0,0,0,0,0,0,0,0,0,0,0,0,0,0,0,0,0,
新竹,2025/08/28 00:00:00,RH,86,85,86,86,84,84,84,80,75,68,66,61,59,60,62,68,75,78,80,82,82,83,86,83,
新竹,2025/08/28 00:00:00,SO2,1.5,2.3,2.4,2.1,2.5,2.6,2.6,2.5,2.5,3.1,2.9,2.9,2.7,2.9,2.4,1.7,1.5,1.6,1.7,2.5,2.3,1.9,1.6,1.4,
新竹,2025/08/28 00:00:00,THC,2.09,2.14,2.25,2.48,2.34,2.31,2.26,2.3,2.35,2.33,2.19,2.13,2.09,2.05,2.02,1.99,1.99,2.04,2.17,2.21,2.16,2.2,2.18,2.2,
新竹,2025/08/28 00:00:00,WD_HR,169,144,83,102,76,73,75,81,78,305,292,328,318,301,309,299,300,298,278,229,219,160,164,153,
新竹,2025/08/28 00:00:00,WIND_DIREC,172,124,93,155,79,58,87,76,251,310,294,13,296,316,296,295,295,278,244,249,256,146,168,61,
新竹,2025/08/28 00:00:00,WIND_SPEED,1,0.3,0.4,0.5,0.9,0.6,0.5,0.3,0.7,1.5,1.8,1.5,2.7,1.7,2.6,2.9,1.5,0.8,0.8,0.8,0.9,0.8,1.3,0.6,
新竹,2025/08/28 00:00:00,WS_HR,1,0.4,0.8,0.5,0.6,0.4,0.7,0.7,0.2,0.7,1.3,0.8,1.1,1.5,1.2,1.8,1.3,1,0.7,0.7,0.5,0.7,0.8,0.5,
新竹,2025/08/29 00:00:00,AMB_TEMP,29,28.9,28.7,28.2,28,28,28.5,29.4,30.9,31.7,32.2,33.2,33.7,34.2,34.3,33.8,33.4,32.6,31.8,31.4,30.7,30.4,30.4,30,
新竹,2025/08/29 00:00:00,CH4,2.26,2.32,2.27,2.24,2.2,2.12,2.15,2.09,2.15,2.15,2.09,2.05,2.02,2.02,1.99,1.98,1.99,2.04,2.03,2.07,2.05,2.02,2.06,2.28,
新竹,2025/08/29 00:00:00,CO,0.31,0.26,0.23,0.18,0.17,0.15,0.2,0.23,0.35,0.29,0.25,0.22,0.19,0.22,0.15,0.15,0.19,0.26,0.31,0.33,0.21,0.19,0.22,0.34,
新竹,2025/08/29 00:00:00,NMHC,0.11,0.11,0.08,0.07,0.06,0.04,0.07,0.06,0.17,0.11,0.07,0.06,0.05,0.05,0.04,0.05,0.06,0.08,0.1,0.12,0.07,0.05,0.07,0.12,
新竹,2025/08/29 00:00:00,NO,0.4,0.8,1.6,0.7,0.7,0.8,1.9,3.7,4.6,1.9,0.9,1,0.9,1,1,1.5,0.8,0.9,0.7,0.7,0.7,0.6,0.6,0.7,
新竹,2025/08/29 00:00:00,NO2,17.2,17.2,17.3,10.7,9.6,9,9.6,10.3,14.1,11.4,7.3,6.4,5.8,5.8,5.5,7.4,6.2,8.9,10.5,11.3,10.3,7.3,8.9,14.2,
新竹,2025/08/29 00:00:00,NOx,17.6,18,19,11.5,10.4,9.8,11.5,14.1,18.7,13.4,8.2,7.4,6.7,6.8,6.5,9,7.1,9.8,11.2,12.1,11.1,8,9.5,15,
新竹,2025/08/29 00:00:00,O3,10.9,8.5,6.8,7.4,7.8,7.9,9.7,11.9,26.2,51.4,60.5,60.9,58.7,63.7,56.4,44.7,57.2,50.6,50.2,43.9,40.3,37.6,31.1,12.1,
新竹,2025/08/29 00:00:00,PM10,23,18,28,20,22,21,14,14,29,35,30,18,19,21,16,11,12,17,16,17,21,13,21,26,
新竹,2025/08/29 00:00:00,PM2.5,15,14,11,9,14,8,7,8,17,19,18,3,11,13,9,7,7,12,8,11,8,11,9,15,
新竹,2025/08/29 00:00:00,RAINFALL,0,0,0,0,0,0,0,0,0,0,0,0,0,0,0,0,0,0,0,0,0,0,0,0,
新竹,2025/08/29 00:00:00,RH,85,84,83,83,83,80,77,72,70,70,69,62,58,58,59,62,61,67,71,74,82,84,85,80,
新竹,2025/08/29 00:00:00,SO2,1.3,1.8,2.1,2,2.6,3,2.5,2.3,2.6,3.1,2.8,2.6,2.8,3.3,2.7,3.3,2.8,3,3.1,2.8,2.6,2.5,2.8,2.4,
新竹,2025/08/29 00:00:00,THC,2.37,2.43,2.35,2.31,2.26,2.16,2.22,2.15,2.32,2.26,2.16,2.11,2.07,2.07,2.03,2.03,2.05,2.12,2.13,2.19,2.12,2.07,2.13,2.4,
新竹,2025/08/29 00:00:00,WD_HR,86,135,80,61,82,75,82,73,77,304,306,301,291,280,269,245,237,250,239,251,305,294,291,66,
新竹,2025/08/29 00:00:00,WIND_DIREC,87,162,32,34,86,84,81,89,78,297,339,291,292,249,272,247,255,244,245,289,299,244,48,83,
新竹,2025/08/29 00:00:00,WIND_SPEED,1,0.4,0.9,0.5,1,1.3,1,1.3,1,2.2,1.4,1.8,2.3,2.3,1.9,1.8,1.4,2,1,1,1.4,1,0.5,0.3,
新竹,2025/08/29 00:00:00,WS_HR,0.6,0.4,0.5,0.5,0.5,0.9,0.6,1.1,0.9,0.8,1,1.2,2.1,1.4,2,1.8,1,1.5,1.1,0.5,1.2,0.8,0.3,0.8,
新竹,2025/08/30 00:00:00,AMB_TEMP,29.7,29.1,29,28.8,28.8,28.7,29,29.4,30.7,31.7,32.4,32.6,32.5,32.5,31.7,31.6,31,30.4,29.5,29.5,29.4,29.3,28.8,28.6,
新竹,2025/08/30 00:00:00,CH4,2.27,2.21,2.17,2.13,2.14,2.13,2.12,2.12,2.12,2.11,2.12,2.13,2.09,2.08,2.12,2.08,2.05,2.11,2.1,2.12,2.12,2.17,2.18,2.22,
新竹,2025/08/30 00:00:00,CO,0.34,0.24,0.23,0.19,0.19,0.17,0.2,0.26,0.31,0.31,0.28,0.26,0.24,0.24,0.23,0.21,0.21,0.32,0.31,0.33,0.3,0.35,0.34,0.3,
新竹,2025/08/30 00:00:00,NMHC,0.11,0.07,0.04,0.03,0.04,0.03,0.05,0.07,0.09,0.09,0.06,0.08,0.06,0.04,0.03,0.02,0.04,0.09,0.1,0.14,0.09,0.1,0.1,0.09,
新竹,2025/08/30 00:00:00,NO,0.7,0.8,0.7,0.7,0.8,0.6,1.4,5.2,3.3,3.2,1.6,1.2,0.9,0.8,0.8,0.8,0.9,0.9,0.8,0.8,0.8,1.5,3.6,1.7,
新竹,2025/08/30 00:00:00,NO2,16.3,9.3,9.5,7.4,6.2,6.6,8.1,15.5,12.4,12.4,8.5,7.1,6.3,5.3,4.7,4.1,4.6,8.7,12.7,15,10,22.8,29.4,21.4,
新竹,2025/08/30 00:00:00,NOx,17,10.1,10.3,8.2,7,7.3,9.5,20.7,15.8,15.6,10.1,8.3,7.3,6.1,5.6,5,5.5,9.6,13.5,15.9,10.9,24.3,33.1,23.2,
新竹,2025/08/30 00:00:00,O3,14.7,15.5,16.6,18.1,18.5,14.7,9.5,11.2,21.1,33.1,54.3,65.6,70.6,71.3,74.9,71.4,56.7,50.3,37.1,35.4,35.9,14.3,3.1,5.2,
新竹,2025/08/30 00:00:00,PM10,19,21,24,21,16,15,10,17,23,25,28,31,24,28,31,27,24,14,14,13,19,15,21,15,
新竹,2025/08/30 00:00:00,PM2.5,18,21,17,16,12,9,7,15,13,13,13,14,18,18,24,18,14,11,15,14,12,12,13,8,
新竹,2025/08/30 00:00:00,RAINFALL,0,0,0,0,0,0,0,0,0,0,0,0,0,0,0,0,0,0,0,0,0,0,0,0,
新竹,2025/08/30 00:00:00,RH,83,83,81,79,79,77,74,74,70,69,68,70,72,73,76,76,76,79,84,82,81,82,83,81,
新竹,2025/08/30 00:00:00,SO2,2.2,1.7,1.9,1.8,1.6,1.8,1.8,2.2,1.8,2.2,2,2.4,2.4,2.3,2.1,2.3,1.9,1.8,1.7,1.4,1.6,1.3,1.4,1.6,
新竹,2025/08/30 00:00:00,THC,2.38,2.28,2.21,2.16,2.18,2.16,2.17,2.19,2.21,2.2,2.18,2.21,2.15,2.12,2.15,2.1,2.09,2.2,2.2,2.26,2.21,2.27,2.28,2.31,
新竹,2025/08/30 00:00:00,WD_HR,111,64,84,81,78,83,88,165,181,26,346,306,304,310,297,306,250,188,173,172,165,131,156,145,
新竹,2025/08/30 00:00:00,WIND_DIREC,73,84,59,75,57,85,116,213,103,43,300,331,292,294,289,339,182,163,170,177,170,169,172,176,
新竹,2025/08/30 00:00:00,WIND_SPEED,0.7,0.9,0.5,1.1,0.9,0.5,0.9,0.5,0.5,1.1,1.2,2.1,2.3,2.6,1.5,1.5,1.5,0.6,1.2,1.6,0.8,1.1,1.2,1.1,
新竹,2025/08/30 00:00:00,WS_HR,0.4,0.7,0.8,0.9,1,0.8,0.6,0.8,0.3,0.4,0.6,1.1,1.7,1.2,1.9,1.3,0.7,0.7,1.4,1.1,0.8,0.7,0.6,0.5,
新竹,2025/08/31 00:00:00,AMB_TEMP,28.1,27.9,27.9,27.8,27.7,27.6,27.7,28.6,30.1,30.9,31.8,31.5,32.3,32.6,32.7,32.4,32.2,31.3,30.8,30.9,30.8,30.4,29.5,29.2,
新竹,2025/08/31 00:00:00,CH4,2.11,2.13,2.14,2.27,2.17,2.23,2.15,2.16,2.11,2.04,2.03,1.99,2,1.99,1.99,2,2.03,2.04,2.02,2.07,2.12,2.12,2.14,2.18,
新竹,2025/08/31 00:00:00,CO,0.22,0.18,0.18,0.21,0.18,0.22,0.24,0.28,0.26,0.2,0.18,0.17,0.18,0.16,0.15,0.15,0.17,0.2,0.22,0.26,0.27,0.34,0.28,0.25,
新竹,2025/08/31 00:00:00,NMHC,0.04,0.02,0.03,0.07,0.04,0.07,0.06,0.07,0.06,0.04,0.03,0.02,0.02,0.01,0.01,0.01,0.02,0.03,0.04,0.05,0.07,0.1,0.08,0.07,
新竹,2025/08/31 00:00:00,NO,2.5,0.5,0.5,0.7,0.5,0.6,1,1.9,2.1,1.5,1.3,0.7,0.9,0.7,0.7,0.6,0.7,0.6,0.5,0.4,0.5,6.2,1.1,0.6,
新竹,2025/08/31 00:00:00,NO2,23.8,5.8,6.5,14.4,7.6,8.5,8.3,9.4,8.3,7.1,6.7,4.5,5,3.8,3.5,3.4,4.1,5,7.6,7.4,8.7,31.5,12.7,10.1,
新竹,2025/08/31 00:00:00,NOx,26.3,6.4,7,15.2,8.1,9.2,9.4,11.4,10.4,8.7,8.1,5.3,5.9,4.5,4.2,4.1,4.9,5.6,8.1,7.8,9.2,37.8,13.8,10.7,
新竹,2025/08/31 00:00:00,O3,12.9,22.7,23,9.1,22.7,17.2,17.6,18.5,26.6,34.1,41.3,45.4,46.9,50.2,51.5,51.6,52.1,52,48.2,45.9,37.6,2.8,15.2,14.8,
新竹,2025/08/31 00:00:00,PM10,17,16,16,15,16,14,20,24,27,25,25,15,18,18,19,13,13,20,17,20,23,18,19,19,
新竹,2025/08/31 00:00:00,PM2.5,9,9,9,16,8,8,12,10,16,14,10,6,10,12,9,7,10,7,9,13,17,8,16,10,
新竹,2025/08/31 00:00:00,RAINFALL,0,0,0,0,0,0,0,0,0,0,0,0,0,0,0,0,0,0,0,0,0,0,0,0,
新竹,2025/08/31 00:00:00,RH,81,81,81,82,80,82,82,81,80,78,73,73,70,67,65,64,65,67,69,70,71,71,77,81,
新竹,2025/08/31 00:00:00,SO2,2,1.8,1.6,1.9,1.8,1.8,2.2,2.3,2.6,2.9,2.9,2.2,2.4,1.9,2,2.2,2.3,2.7,2.6,2.4,2.5,2,1.6,1.8,
新竹,2025/08/31 00:00:00,THC,2.15,2.15,2.17,2.34,2.21,2.3,2.21,2.23,2.17,2.08,2.06,2.01,2.02,2,2,2.01,2.05,2.07,2.06,2.12,2.19,2.22,2.22,2.25,
新竹,2025/08/31 00:00:00,WD_HR,174,168,154,161,172,169,165,200,242,258,270,286,278,297,285,289,289,296,296,337,88,174,185,167,
新竹,2025/08/31 00:00:00,WIND_DIREC,205,171,117,180,167,156,173,165,242,307,307,274,283,306,300,275,294,296,292,54,157,166,217,194,
新竹,2025/08/31 00:00:00,WIND_SPEED,0.7,0.9,0.5,1.2,0.4,0.5,0.5,0.7,1.3,1.7,2.4,1.9,1.9,2,1.9,1.6,1.7,1.1,0.5,0.8,0.9,1.2,0.5,0.8,
新竹,2025/08/31 00:00:00,WS_HR,1,0.8,0.4,0.7,0.7,0.6,0.8,0.6,1,1,1.3,1.7,1.7,1.9,1.6,1.3,1.3,1.2,0.8,0.1,0.6,1,0.5,0.8,
新竹,2025/09/01 00:00:00,AMB_TEMP,28.8,28.7,28.8,28.7,28.4,28.3,28.7,29.1,30.3,31.6,30.9,30.6,30.3,30.5,31.1,30.4,29.7,29.1,29.1,29.2,29.1,29.2,29.1,28.9,
新竹,2025/09/01 00:00:00,CH4,2.15,2.18,2.21,2.18,2.16,2.21,2.26,2.18,2.13,2.12,2.21,2.17,2.08,2.04,2.07,2.08,2.05,2.04,2.02,2.06,2.05,2.12,2.18,2.26,
新竹,2025/09/01 00:00:00,CO,0.23,0.2,0.19,0.17,0.15,0.16,0.23,0.32,0.37,0.38,0.36,0.33,0.24,0.18,0.2,0.24,0.27,0.23,0.21,0.19,0.19,0.23,0.27,0.3,
新竹,2025/09/01 00:00:00,NMHC,0.06,0.05,0.03,0.04,0.04,0.04,0.07,0.09,0.11,0.1,0.1,0.11,0.03,0.02,0.03,0.07,0.05,0.04,0.03,0.02,0.03,0.06,0.07,0.09,
新竹,2025/09/01 00:00:00,NO,0.6,0.7,0.7,0.6,0.8,0.8,3,7,9.4,6.1,2.8,2.2,1.3,1.3,1,0.9,0.9,0.8,0.8,0.8,0.8,0.7,0.7,0.6,
新竹,2025/09/01 00:00:00,NO2,8.8,8,6.9,7.5,9.7,9.8,13.4,16,18.6,18.9,16.9,16,7.7,6.7,5.7,7.7,8.2,8.3,8.4,5.7,5.9,8,9.8,10.8,
新竹,2025/09/01 00:00:00,NOx,9.5,8.8,7.6,8.1,10.5,10.7,16.5,23,28,25,19.7,18.3,9.1,8,6.7,8.7,9.1,9.2,9.3,6.5,6.7,8.7,10.6,11.4,
新竹,2025/09/01 00:00:00,O3,16.9,17.9,17.4,14.4,10.1,7.5,6.3,7,11.1,24.7,30.5,28.9,37.7,40.7,46.5,45.3,45.8,42.8,38.5,42.9,41.5,38.9,39.4,28.5,
新竹,2025/09/01 00:00:00,PM10,19,28,22,17,13,20,20,20,27,31,27,30,#,18,22,27,24,23,17,15,12,21,25,25,
新竹,2025/09/01 00:00:00,PM2.5,12,14,13,10,11,10,9,11,15,17,17,#,16,14,13,11,13,15,12,14,14,13,20,21,
新竹,2025/09/01 00:00:00,RAINFALL,0,0,0,0,0,0,0,0,0,0,0,0,0,0,0,0,0,0,0.5,0,0,0,0,0,
新竹,2025/09/01 00:00:00,RH,84,85,85,81,78,78,79,77,75,72,78,80,79,79,75,80,84,88,87,86,88,87,88,90,
新竹,2025/09/01 00:00:00,SO2,1.7,2,2.2,1.8,2.1,2.7,2.3,2.1,2.5,2.4,2.1,1.8,1.3,1.9,1.7,1.7,1.7,1.4,1.2,1.4,1.3,1.5,1.8,1.8,
新竹,2025/09/01 00:00:00,THC,2.21,2.23,2.24,2.22,2.2,2.25,2.33,2.27,2.24,2.22,2.31,2.28,2.11,2.06,2.1,2.15,2.1,2.08,2.05,2.08,2.08,2.18,2.25,2.35,
新竹,2025/09/01 00:00:00,WD_HR,169,166,173,127,75,89,90,85,30,338,305,278,297,309,8,303,305,300,309,35,17,57,145,175,
新竹,2025/09/01 00:00:00,WIND_DIREC,153,220,156,65,88,156,70,81,21,297,292,295,286,342,296,308,296,293,37,156,58,41,176,154,
新竹,2025/09/01 00:00:00,WIND_SPEED,0.8,0.4,0.7,0.5,1.9,0.4,0.5,1.2,1.3,1.2,1.3,1.3,2.1,1.2,1.1,1.8,1.6,1,0.7,0.3,0.6,0.9,1.1,0.5,
新竹,2025/09/01 00:00:00,WS_HR,0.6,0.5,0.5,0.5,1.1,0.4,0.6,0.8,1,0.4,0.5,1.3,1.7,1.1,0.4,1.2,1,1.1,0.6,0.3,0.2,0.9,0.4,0.7,
新竹,2025/09/02 00:00:00,AMB_TEMP,28.7,28.7,28.3,28.2,28,28.2,28.4,28.6,29.3,30,30.6,30.8,31.6,32.1,32.2,31.6,31.3,31.2,30.6,30.3,29.7,29.4,28.8,28.3,
新竹,2025/09/02 00:00:00,CH4,2.24,2.31,2.36,2.31,2.23,2.32,2.62,2.39,2.27,2.05,2.01,2,2.01,1.99,2.02,1.99,2.01,2,2.08,2.07,2.08,2.11,2.21,2.23,
新竹,2025/09/02 00:00:00,CO,0.27,0.26,0.25,0.25,0.24,0.28,0.38,0.47,0.46,0.2,0.19,0.18,0.19,0.14,0.15,0.15,0.2,0.22,0.3,0.27,0.26,0.3,0.31,0.25,
新竹,2025/09/02 00:00:00,NMHC,0.09,0.09,0.08,0.09,0.08,0.11,0.19,0.18,0.17,0.05,0.04,0.03,0.03,0.02,0.02,0.03,0.05,0.05,0.08,0.08,0.07,0.09,0.1,0.08,
新竹,2025/09/02 00:00:00,NO,0.7,0.6,0.8,0.5,0.5,0.7,4.2,8.9,7.7,2.2,1,0.8,1,1,1.2,1.1,1.2,1,0.9,0.7,0.7,0.6,0.9,1.3,
新竹,2025/09/02 00:00:00,NO2,15.4,10.8,10.2,9.1,7.7,7.6,16.9,19.5,17.5,6.5,4.9,3.8,4,3.6,4.4,3.9,6.2,6.9,12.2,10.9,10,12.5,14.4,12.8,
新竹,2025/09/02 00:00:00,NOx,16.1,11.4,11,9.6,8.3,8.4,21.1,28.4,25.2,8.7,5.9,4.7,5,4.7,5.7,5,7.4,7.9,13.1,11.6,10.8,13.1,15.4,14.1,
新竹,2025/09/02 00:00:00,O3,20,26.3,15.4,17.6,11.5,13.1,5.3,3.2,11,39.6,45.4,45.2,45,43,40.9,41.5,41.4,39.7,25,24.8,20.4,16.4,4.4,1.9,
新竹,2025/09/02 00:00:00,PM10,25,33,31,29,32,26,30,33,33,21,20,20,18,16,14,15,18,12,16,10,9,8,20,16,
新竹,2025/09/02 00:00:00,PM2.5,18,32,25,21,20,20,26,26,19,19,11,12,9,12,9,7,10,8,9,6,10,10,11,7,
新竹,2025/09/02 00:00:00,RAINFALL,0,0.5,0,0,0,0,0,0,0,0,0,0,0,0,0,0,0,0,0,0,0,0,0,0,
新竹,2025/09/02 00:00:00,RH,91,91,92,92,90,89,91,90,87,81,79,76,71,70,70,72,74,75,72,71,73,75,81,83,
新竹,2025/09/02 00:00:00,SO2,1.6,1.8,1.8,2,1.7,1.8,2.1,1.9,1.9,1.7,1.8,1.5,1.8,1.5,1.6,1.2,1.6,1.6,1.2,1.2,1,0.8,1.3,1.2,
新竹,2025/09/02 00:00:00,THC,2.33,2.4,2.44,2.4,2.31,2.43,2.81,2.57,2.44,2.1,2.05,2.03,2.04,2.01,2.04,2.02,2.06,2.05,2.16,2.15,2.15,2.2,2.31,2.31,
新竹,2025/09/02 00:00:00,WD_HR,162,65,83,52,69,136,209,177,30,274,260,295,278,289,270,283,249,91,71,78,83,90,89,46,
新竹,2025/09/02 00:00:00,WIND_DIREC,88,47,80,72,50,163,151,279,15,244,250,295,269,286,264,280,237,74,90,79,95,108,86,60,
新竹,2025/09/02 00:00:00,WIND_SPEED,0.4,0.9,0.4,0.6,0.3,0.7,0.6,0.5,0.9,1.6,2,1.8,1.9,1.7,1.8,2,1.2,1.4,1,1.2,0.8,0.6,1.2,0.9,
新竹,2025/09/02 00:00:00,WS_HR,0.4,0.5,0.8,0.5,0.5,0.2,0.4,0.4,0.3,0.9,1.1,1.4,1.3,1.4,1.5,1.4,1.2,0.5,0.8,1,0.7,0.7,1.1,0.6,
新竹,2025/09/03 00:00:00,AMB_TEMP,28,27.9,27.7,27.4,27.2,27.1,27.5,28.5,30.1,30.5,31.3,32.4,32.6,32.5,32.4,32.2,32,31.6,30.3,30.3,30.5,30,29.4,29,
新竹,2025/09/03 00:00:00,CH4,2.13,2.27,2.42,2.28,2.16,2.17,2.14,2.14,2.1,2.1,2.06,2.07,2.02,1.99,1.98,1.99,2.01,2.03,2.06,2.06,2.12,2.17,2.21,2.18,
新竹,2025/09/03 00:00:00,CO,0.18,0.21,0.22,0.18,0.15,0.17,0.22,0.32,0.3,0.29,0.25,0.24,0.21,0.18,0.18,0.17,0.2,0.23,0.24,0.26,0.31,0.39,0.37,0.27,
新竹,2025/09/03 00:00:00,NMHC,0.05,0.08,0.09,0.08,0.04,0.04,0.05,0.09,0.08,0.07,0.05,0.03,0.02,0.02,0.02,0.01,0.03,0.03,0.03,0.05,0.16,0.13,0.1,0.07,
新竹,2025/09/03 00:00:00,NO,0.9,1.1,1.8,2.3,0.8,1,2.1,4.3,3.3,1.8,1.2,0.9,1,1,0.9,0.9,0.9,0.7,0.7,0.6,0.6,1.5,1.4,0.6,
新竹,2025/09/03 00:00:00,NO2,8.9,11.8,12,11.4,7.2,7.7,9.9,11.7,11.2,10.8,7.5,5.8,5,4.8,4.8,4.2,4.7,6.9,7.6,7.8,11.5,27.6,18.6,12.1,
新竹,2025/09/03 00:00:00,NOx,9.9,13,13.8,13.7,8,8.7,12,16.1,14.6,12.6,8.8,6.8,6,5.8,5.7,5.2,5.6,7.7,8.4,8.5,12.2,29.2,20,12.7,
新竹,2025/09/03 00:00:00,O3,4.9,1.4,0,3.6,9.1,9.7,10.4,12.8,28.7,39.7,53.6,56.7,54.9,53.4,53,52.2,53,46.2,46,43.9,34.2,12.6,13.3,16.2,
新竹,2025/09/03 00:00:00,PM10,13,17,14,18,13,8,17,17,24,31,25,20,21,19,14,11,22,22,15,25,22,30,23,18,
新竹,2025/09/03 00:00:00,PM2.5,8,9,8,8,9,5,3,11,20,13,17,16,16,12,12,15,9,10,14,17,17,20,17,11,
新竹,2025/09/03 00:00:00,RAINFALL,0,0,0,0,0,0,0,0,0,0,0,0,0,0,0,0,0,0,0,0,0,0,0,0,
新竹,2025/09/03 00:00:00,RH,82,83,84,86,85,85,84,81,78,76,72,69,68,68,67,65,64,65,74,76,73,78,82,81,
新竹,2025/09/03 00:00:00,SO2,1.5,2.4,1.9,1.6,1.5,1.6,1.8,2,2.5,2.9,2.6,2.2,1.9,1.9,1.8,1.9,1.9,2,1.9,2,2.4,2.2,2.1,2.1,
新竹,2025/09/03 00:00:00,THC,2.18,2.35,2.51,2.36,2.2,2.21,2.19,2.23,2.18,2.17,2.11,2.1,2.04,2.01,2,2,2.04,2.06,2.09,2.11,2.28,2.3,2.31,2.25,
新竹,2025/09/03 00:00:00,WD_HR,89,89,97,169,166,162,169,184,211,287,297,268,290,296,350,301,298,331,295,303,55,105,73,82,
新竹,2025/09/03 00:00:00,WIND_DIREC,85,98,89,174,197,162,171,157,231,353,291,266,264,311,325,284,36,302,101,7,50,70,76,104,
新竹,2025/09/03 00:00:00,WIND_SPEED,0.3,0.6,0.5,0.9,0.3,0.9,1,1.1,1,0.9,2,2,2.2,1.4,1.7,1.5,1,2.5,0.4,0.5,1.1,0.3,0.6,0.4,
新竹,2025/09/03 00:00:00,WS_HR,0.5,0.4,0.4,0.6,0.6,0.7,0.6,0.5,0.6,0.5,1.2,1.5,1.7,1.4,0.7,1.1,0.9,0.7,1.1,0.6,0.8,0.5,0.5,0.7,
新竹,2025/09/04 00:00:00,AMB_TEMP,28.7,28.3,27.8,27.6,27.7,27.4,27.8,28.8,30.2,30.7,31.5,32.7,33,33,32.6,32.6,32.1,31.2,30.4,29.7,29.5,29.3,28.7,28.3,
新竹,2025/09/04 00:00:00,CH4,2.23,2.14,2.2,2.17,2.15,2.23,2.32,2.08,2.06,2.07,2.02,2.01,2,1.99,1.98,1.97,2.01,2.04,2.06,2.05,2.13,2.18,2.11,2.12,
新竹,2025/09/04 00:00:00,CO,0.27,0.2,0.2,0.19,0.19,0.2,0.29,0.33,0.29,0.25,0.22,0.2,0.18,0.16,0.15,0.16,0.2,0.26,0.29,0.27,0.33,0.44,0.28,0.21,
新竹,2025/09/04 00:00:00,NMHC,0.08,0.05,0.05,0.05,0.05,0.06,0.1,0.07,0.07,0.07,0.06,0.04,0.03,0.02,0.01,0.02,0.05,0.06,0.08,0.06,0.1,0.13,0.08,0.05,
新竹,2025/09/04 00:00:00,NO,0.6,0.6,0.5,0.6,0.7,1,6.2,2.1,2.7,1.3,1,0.9,0.9,1,0.9,0.9,1.1,1.1,0.8,0.8,0.7,1.3,2,0.6,
新竹,2025/09/04 00:00:00,NO2,12.1,7.8,7.8,8.1,9.1,15.4,14.4,9.2,10,7.4,6,5.5,5.6,5.3,4.5,4.5,7.5,11.3,12,12.5,14.2,23.6,17.3,9.6,
新竹,2025/09/04 00:00:00,NOx,12.8,8.4,8.4,8.7,9.9,16.5,20.6,11.4,12.8,8.8,7.1,6.5,6.5,6.4,5.5,5.5,8.6,12.4,12.9,13.3,14.9,25,19.3,10.2,
新竹,2025/09/04 00:00:00,O3,9.6,14.7,14.5,17.9,20.6,5.4,2.8,22.4,31.6,45,53.5,56.8,59.5,57.2,52.9,54,48.2,40,44.2,37.8,25.2,10,17.5,22.7,
新竹,2025/09/04 00:00:00,PM10,21,19,24,22,24,25,23,19,25,23,22,18,16,13,12,16,12,9,6,12,9,12,16,13,
新竹,2025/09/04 00:00:00,PM2.5,9,9,13,13,13,14,11,13,19,16,23,13,12,14,8,9,6,2,2,4,4,6,7,10,
新竹,2025/09/04 00:00:00,RAINFALL,0,0,0,0,0,0,0,0,0,0,0,0,0,0,0,0,0,0,0,0,0,0,0,0,
新竹,2025/09/04 00:00:00,RH,82,83,86,87,87,84,82,82,79,78,75,69,64,61,63,64,60,62,65,69,73,77,79,79,
新竹,2025/09/04 00:00:00,SO2,2.3,1.2,1.3,1.6,1.9,1.9,2,1.8,1.7,1.9,1.9,1.6,1.5,1.7,1.8,1.6,1.6,1.3,1.5,1.4,0.8,1.1,1.5,1.4,
新竹,2025/09/04 00:00:00,THC,2.31,2.19,2.25,2.22,2.2,2.29,2.42,2.15,2.13,2.14,2.08,2.05,2.03,2.01,1.99,1.99,2.06,2.1,2.14,2.11,2.23,2.31,2.19,2.17,
新竹,2025/09/04 00:00:00,WD_HR,122,164,162,166,139,85,114,168,173,266,267,263,281,302,316,329,68,72,60,81,82,164,166,159,
新竹,2025/09/04 00:00:00,WIND_DIREC,176,157,168,163,98,79,161,187,179,285,273,286,303,300,332,310,114,41,47,80,104,183,176,162,
新竹,2025/09/04 00:00:00,WIND_SPEED,1.1,0.9,0.9,0.8,0.9,0.4,0.6,1.3,1,2.1,2.1,2.1,2.1,2.4,1.4,1.8,1.6,1,1.5,0.9,0.7,1.2,0.9,0.6,
新竹,2025/09/04 00:00:00,WS_HR,0.5,0.8,0.7,0.9,0.5,0.4,0.4,1,0.9,1.4,1.7,1.7,1.7,1.2,1,0.7,1.6,0.8,1.2,1,0.7,0.7,1,0.7,
新竹,2025/09/05 00:00:00,AMB_TEMP,28.3,27.8,27.7,27.6,27.4,27.6,27.6,28.8,30.6,31.7,33.1,33.3,33.9,33.1,33.2,32.7,32.2,31.4,31.3,31.4,31.3,30.6,30,29.4,
新竹,2025/09/05 00:00:00,CH4,2.15,2.2,2.29,2.16,2.12,2.15,2.22,2.12,2.04,2.03,2.01,2.01,2,1.99,1.97,1.95,1.97,1.97,2.01,2.02,2.11,2.09,2.12,2.09,
新竹,2025/09/05 00:00:00,CO,0.2,0.24,0.23,0.2,0.18,0.21,0.27,0.37,0.28,0.22,0.2,0.2,0.18,0.17,0.15,0.14,0.18,0.18,0.22,0.25,0.44,0.34,0.29,0.22,
新竹,2025/09/05 00:00:00,NMHC,0.06,0.07,0.07,0.05,0.03,0.05,0.08,0.1,0.08,0.04,0.05,0.04,0.04,0.03,0.03,0.03,0.02,0.02,0.05,0.11,0.15,0.11,0.08,0.04,
新竹,2025/09/05 00:00:00,NO,0.6,0.4,0.5,1.2,0.2,0.4,3.1,4.5,2.3,1,1,1,0.6,0.6,0.6,0.7,0.7,0.4,0.4,0.3,0.5,0.6,0.4,0.3,
新竹,2025/09/05 00:00:00,NO2,8.6,16.6,14.7,13.6,6,7.5,16.3,15.1,9.6,6.9,6.9,6.8,4.9,4.5,4.1,4.2,5,5.9,6.9,8.7,23,18.1,14.1,12.1,
新竹,2025/09/05 00:00:00,NOx,9.2,17,15.2,14.8,6.2,7.9,19.4,19.7,12,7.9,7.9,7.9,5.5,5.2,4.8,5,5.8,6.3,7.3,9.1,23.5,18.8,14.5,12.4,
新竹,2025/09/05 00:00:00,O3,20.8,7.4,6,15.6,23.2,17.5,6.4,19.5,33.7,45.9,50.8,53.8,51.9,49,49.2,42,47.9,50.9,38.7,35.7,20.2,22.5,19.9,18.4,
新竹,2025/09/05 00:00:00,PM10,14,13,16,13,15,15,19,21,21,15,15,16,16,18,16,9,9,17,16,16,24,17,15,17,
新竹,2025/09/05 00:00:00,PM2.5,8,9,8,8,6,10,9,9,8,7,10,10,12,10,11,9,11,9,10,11,11,13,12,14,
新竹,2025/09/05 00:00:00,RAINFALL,0,0,0,0,0,0,0,0,0,0,0,0,0,0,0,0,0,0,0,0,0,0,0,0,
新竹,2025/09/05 00:00:00,RH,79,80,80,81,82,81,80,78,74,65,59,57,56,62,61,63,67,68,70,69,71,76,79,82,
新竹,2025/09/05 00:00:00,SO2,0.9,0.6,1.1,1,0.8,0.9,0.8,0.9,1.2,1.3,1.6,1.3,1.4,1.2,1.3,1,1,1.1,0.7,1.2,1.2,1.1,0.8,0.5,
新竹,2025/09/05 00:00:00,THC,2.21,2.27,2.36,2.21,2.15,2.2,2.3,2.22,2.12,2.07,2.06,2.05,2.04,2.02,2,1.98,1.99,1.99,2.06,2.13,2.26,2.2,2.2,2.13,
新竹,2025/09/05 00:00:00,WD_HR,158,86,91,172,162,134,97,169,203,241,236,300,258,283,281,291,301,296,338,44,145,165,182,173,
新竹,2025/09/05 00:00:00,WIND_DIREC,114,83,88,182,145,85,178,180,176,208,288,287,264,303,292,298,291,297,80,21,76,164,164,182,
新竹,2025/09/05 00:00:00,WIND_SPEED,0.5,0.5,0.6,1.3,0.8,1.2,0.7,1.2,0.8,1.4,1.8,2.3,2.1,2,1.9,1.4,1.4,1.4,0.6,0.5,0.8,1,0.9,1,
新竹,2025/09/05 00:00:00,WS_HR,0.6,0.8,0.8,0.9,0.9,0.6,0.7,1,0.6,1.2,1.1,1.7,1.4,1.7,1.5,1.5,1,1.3,0.4,0.5,0.5,0.7,0.5,0.9,
新竹,2025/09/06 00:00:00,AMB_TEMP,29.2,29,28.7,28.2,28.4,28,28,29.4,31.1,31.2,32.2,32.9,33.3,33.4,33.6,32.7,#,31.5,31.3,31.3,31.1,30.7,30.5,30.2,
新竹,2025/09/06 00:00:00,CH4,2.11,2.23,2.27,2.23,2.34,2.32,2.3,2.35,2.14,2.08,2.07,2.06,2.05,2.04,2.05,2.09,#,2.08,2.13,2.16,2.14,2.13,2.07,2.1,
新竹,2025/09/06 00:00:00,CO,0.2,0.29,0.24,0.19,0.2,0.22,0.25,0.37,0.32,0.32,0.31,0.27,0.26,0.26,0.28,0.31,#,0.4,0.45,0.46,0.39,0.32,0.26,0.24,
新竹,2025/09/06 00:00:00,NMHC,0.06,0.1,0.08,0.06,0.09,0.09,0.09,0.14,0.11,0.08,0.07,0.05,0.05,0.05,0.05,0.05,#,0.08,0.09,0.12,0.08,0.06,0.06,0.05,
新竹,2025/09/06 00:00:00,NO,0.4,2.6,0.8,0.7,0.7,1.4,3.7,9.1,4.8,1.4,0.7,0.8,0.7,0.7,0.7,0.5,#,0.6,0.5,*,*,*,*,*,
新竹,2025/09/06 00:00:00,NO2,10.2,25.6,16,10.7,11.6,11.6,11.7,15.8,14.8,10.7,7.9,7.3,6,6,5.5,5.1,#,9.5,10.3,*,*,*,*,*,
新竹,2025/09/06 00:00:00,NOx,10.6,28.2,16.8,11.4,12.3,13.1,15.4,25,19.6,12.2,8.7,8.2,6.7,6.8,6.2,5.7,#,10.1,10.8,*,*,*,*,*,
新竹,2025/09/06 00:00:00,O3,17.5,2.6,4.9,5,3.7,1.1,3.4,6.9,27.4,47.6,66,68.8,71.1,72.9,76.3,85.7,#,106.9,97.1,92.6,83.2,79.3,57.5,45,
新竹,2025/09/06 00:00:00,PM10,17,24,25,16,21,20,21,26,26,34,31,26,27,28,28,35,37,35,32,35,35,43,28,20,
新竹,2025/09/06 00:00:00,PM2.5,17,19,9,9,9,8,7,13,16,21,23,19,19,17,19,26,34,28,27,34,29,28,21,13,
新竹,2025/09/06 00:00:00,RAINFALL,0,0,0,0,0,0,0,0,0,0,0,0,0,0,0,0,#,#,#,#,#,0,0,0,
新竹,2025/09/06 00:00:00,RH,82,83,82,81,80,80,79,76,76,77,73,69,66,65,67,73,#,71,74,75,77,81,83,83,
新竹,2025/09/06 00:00:00,SO2,0.9,1.4,1.4,1.9,2.2,2.3,2.4,2.4,3.2,3.2,2.8,2.5,2.4,2.5,2.4,2.8,#,3.3,3.1,3.2,2.7,2.7,2.3,2.1,
新竹,2025/09/06 00:00:00,THC,2.17,2.33,2.35,2.29,2.43,2.41,2.39,2.49,2.25,2.16,2.14,2.11,2.1,2.09,2.1,2.14,#,2.16,2.22,2.28,2.22,2.19,2.13,2.15,
新竹,2025/09/06 00:00:00,WD_HR,157,98,90,80,89,68,76,44,241,276,265,292,279,288,258,254,#,272,260,270,228,246,212,199,
新竹,2025/09/06 00:00:00,WIND_DIREC,82,54,87,86,93,70,31,73,248,288,263,286,266,288,247,258,#,312,141,166,240,224,157,223,
新竹,2025/09/06 00:00:00,WIND_SPEED,0.9,0.4,1.3,0.3,0.4,1,0.6,0.5,1.2,1.6,1.4,2.2,2.3,3.4,3.1,2.3,#,1.5,0.5,0.8,1.1,0.6,0.4,0.7,
新竹,2025/09/06 00:00:00,WS_HR,0.7,0.5,0.8,0.6,0.4,0.6,0.7,0.4,0.2,1.3,1.3,1.7,1.6,2.2,2.2,2.3,#,0.9,0.6,0.2,0.7,1,0.5,0.4,
新竹,2025/09/07 00:00:00,AMB_TEMP,30,29.8,29.6,29.4,29.4,29.3,29.6,29.9,30.5,30.8,31.4,32.4,33.1,32.8,31.2,30.3,28.8,27.4,26.7,26.7,26.4,26.1,26.4,26.4,
新竹,2025/09/07 00:00:00,CH4,2.14,2.17,2.18,2.13,2.16,2.11,2.12,2.14,2.11,2.09,2.08,2.06,2.03,2,2,1.99,2.01,2.03,2,2.03,2.02,2.05,2.08,2.06,
新竹,2025/09/07 00:00:00,CO,0.24,0.2,0.17,0.14,0.16,0.16,0.23,0.27,0.2,0.22,0.25,0.26,0.21,0.14,0.13,0.13,0.16,0.18,0.15,0.17,0.17,0.17,0.17,0.14,
新竹,2025/09/07 00:00:00,NMHC,0.06,0.05,0.02,0.02,0.04,0.02,0.03,0.07,0.05,0.05,0.05,0.03,0.03,0.01,0.01,0.01,0.03,0.03,0.02,0.02,0.02,0.03,0.04,0.02,
新竹,2025/09/07 00:00:00,NO,*,*,*,*,*,0.5,1,2.2,2.2,1.6,2.1,1.7,1.1,0.7,0.6,0.6,0.7,0.9,0.8,0.8,0.8,0.9,0.7,0.7,
新竹,2025/09/07 00:00:00,NO2,*,*,*,*,*,6.7,9.4,10.6,9,8.1,9,8.3,6.4,4.8,3.9,3.8,5.6,8.5,6.6,7.1,6.8,7.4,7.7,7.3,
新竹,2025/09/07 00:00:00,NOx,*,*,*,*,*,7.2,10.4,12.9,11.2,9.8,11.1,10,7.5,5.5,4.6,4.4,6.4,9.4,7.5,7.9,7.7,8.3,8.4,8,
新竹,2025/09/07 00:00:00,O3,34.4,26.6,18.1,16.6,14.7,16.3,13.5,10.9,16,19.7,25.8,41.3,43.4,48.9,47.1,41.1,30,21.6,21.9,18.4,16.4,15.2,12.6,11.5,
新竹,2025/09/07 00:00:00,PM10,22,24,18,13,16,14,20,17,14,16,14,17,20,17,15,11,13,8,6,6,3,1,1,4,
新竹,2025/09/07 00:00:00,PM2.5,16,18,11,8,9,8,9,13,9,8,5,7,10,6,4,4,3,3,7,4,2,2,2,1,
新竹,2025/09/07 00:00:00,RAINFALL,0,0,0,0,0,0,0,0,0,0,0,0,0,0,0,0,1.5,2.5,0,0,1.5,2,0,0,
新竹,2025/09/07 00:00:00,RH,85,85,86,85,86,85,83,83,79,75,74,70,67,68,79,83,91,94,93,93,93,96,93,92,
新竹,2025/09/07 00:00:00,SO2,2.1,2.2,1.9,1.4,1.5,1.4,1.7,3,2.5,2.3,2.7,3.7,2.6,2.5,1.9,1.3,1.4,1.2,1.2,1.2,1.2,1.3,1.8,1.3,
新竹,2025/09/07 00:00:00,THC,2.2,2.22,2.2,2.15,2.2,2.13,2.15,2.21,2.16,2.14,2.13,2.09,2.06,2.01,2.01,2,2.04,2.06,2.02,2.05,2.04,2.08,2.12,2.08,
新竹,2025/09/07 00:00:00,WD_HR,231,216,199,183,155,162,175,222,249,242,252,254,260,277,285,286,198,174,170,172,177,197,175,165,
新竹,2025/09/07 00:00:00,WIND_DIREC,240,192,211,167,168,167,186,251,245,234,250,258,291,269,301,255,169,172,174,170,189,231,173,168,
新竹,2025/09/07 00:00:00,WIND_SPEED,1.7,0.9,0.5,0.7,1,0.8,0.7,1.4,1.9,1.4,2.1,2.3,2.5,2.3,2.8,1.6,1,1.8,1.8,2.1,0.7,1.2,1,1.1,
新竹,2025/09/07 00:00:00,WS_HR,0.8,0.7,0.5,0.5,0.7,0.6,0.4,0.5,1.4,1.5,1.4,1.8,2,2.1,2,1.8,0.9,1.7,1.7,2,1.4,0.7,0.6,0.8,
新竹,2025/09/08 00:00:00,AMB_TEMP,26.4,26.4,26.6,26.9,27,27,27.3,28.1,30.2,31,32.3,32.8,33.1,33.2,32.8,32.1,31.5,31.3,30.7,30.4,30.4,30.2,30.1,29.8,
新竹,2025/09/08 00:00:00,CH4,2.08,2.09,2.13,2.14,2.16,2.16,2.17,2.15,2.04,2,1.99,1.99,2,1.99,2,1.99,1.98,1.98,2,2.03,2.06,2.08,2.12,2.18,
新竹,2025/09/08 00:00:00,CO,0.13,0.12,0.11,0.11,0.12,0.14,0.2,0.3,0.23,0.19,0.19,0.23,0.21,0.13,0.13,0.14,0.15,0.19,0.24,0.24,0.26,0.28,0.26,0.23,
新竹,2025/09/08 00:00:00,NMHC,0.02,0.02,0.03,0.04,0.05,0.05,0.07,0.1,0.07,0.05,0.04,0.04,0.05,0.03,0.03,0.03,0.02,0.04,0.06,0.06,0.07,0.09,0.1,0.09,
新竹,2025/09/08 00:00:00,NO,0.6,0.6,0.7,0.7,0.6,1.3,5.2,10.1,8.7,3.6,3,1.8,1.8,2,1.3,1.3,1.1,0.9,0.8,0.9,1,1.3,1,1,
新竹,2025/09/08 00:00:00,NO2,6.3,6.3,6.4,6.5,6.9,8.6,10.5,10.5,9.8,8.1,8.1,6.7,7.1,6.1,5.4,6.3,6,6.5,8.8,10.5,12.8,13.2,15.3,13.1,
新竹,2025/09/08 00:00:00,NOx,7,7,7.1,7.3,7.6,9.9,15.7,20.7,18.5,11.8,11.1,8.5,9,8.1,6.7,7.7,7.1,7.4,9.7,11.4,13.8,14.5,16.4,14.1,
新竹,2025/09/08 00:00:00,O3,10.1,9.4,8.2,6.2,5.2,2.5,1.8,3.4,9.1,17,24.9,32.9,31.8,26.1,38.9,34.1,27.8,25.7,20.3,17.7,11.6,9.8,10,11.7,
新竹,2025/09/08 00:00:00,PM10,3,3,6,5,3,7,9,7,10,11,6,7,10,6,11,7,4,10,12,16,19,18,19,15,
新竹,2025/09/08 00:00:00,PM2.5,0,0,0,2,0,0,1,5,6,4,5,9,5,6,4,4,2,4,4,2,16,5,12,10,
新竹,2025/09/08 00:00:00,RAINFALL,0,0,0,0,0,0,0,0,0,0,0,0,0,0,0,0,0,0,0,0,0,0,0,0,
新竹,2025/09/08 00:00:00,RH,91,90,89,87,86,87,85,83,74,70,65,64,62,61,65,68,71,73,75,76,77,78,75,77,
新竹,2025/09/08 00:00:00,SO2,1.3,1.5,1.8,1.8,1.5,1.8,1.8,2.3,2.5,2.7,2.9,2.8,3.4,2.5,2.4,2.8,1.9,1.8,1.6,1.4,1.8,1.8,1.9,1.6,
新竹,2025/09/08 00:00:00,THC,2.1,2.11,2.16,2.18,2.21,2.21,2.24,2.25,2.11,2.05,2.03,2.03,2.05,2.02,2.03,2.02,2,2.02,2.06,2.09,2.13,2.17,2.22,2.27,
新竹,2025/09/08 00:00:00,WD_HR,157,148,164,150,162,153,179,200,244,244,259,260,254,251,253,250,249,248,245,243,241,211,173,169,
新竹,2025/09/08 00:00:00,WIND_DIREC,231,164,82,146,154,137,153,220,247,245,250,259,255,250,258,244,251,251,242,255,248,184,183,164,
新竹,2025/09/08 00:00:00,WIND_SPEED,0.5,0.5,0.3,0.6,0.8,0.4,0.8,0.8,2.3,2.5,2.2,2.8,3.4,3.8,2.9,3.5,2.9,2.2,2.3,1.7,1.5,0.8,0.4,0.9,
新竹,2025/09/08 00:00:00,WS_HR,0.5,0.4,0.3,0.5,0.5,0.4,0.5,0.5,2,1.6,1.4,2,2.4,3,2.7,3,2.6,2.4,1.7,1.6,1.1,0.6,0.7,0.4,
新竹,2025/09/09 00:00:00,AMB_TEMP,29.4,29.1,29.2,28.7,28.3,27.9,27.6,29,31,32.2,33,33.3,33.1,33.4,33,32.3,31.4,30.7,29.7,29.6,29.1,28.7,28.3,28.5,
新竹,2025/09/09 00:00:00,CH4,2.16,2.17,2.12,2.17,2.15,2.2,2.19,2.22,2.03,2.02,#,2.02,2,1.99,1.94,1.94,1.95,1.96,2,2.01,2.04,2.02,2.04,2.03,
新竹,2025/09/09 00:00:00,CO,0.19,0.18,0.16,0.17,0.16,0.17,0.21,0.4,0.26,0.26,0.23,#,0.16,0.14,0.12,0.13,0.16,0.21,0.27,0.25,0.24,0.24,0.19,0.15,
新竹,2025/09/09 00:00:00,NMHC,0.07,0.07,0.05,0.07,0.07,0.06,0.06,0.14,0.07,0.05,#,0.05,0.03,0.03,0.02,0.03,0.04,0.06,0.08,0.07,0.06,0.06,0.04,0.04,
新竹,2025/09/09 00:00:00,NO,0.7,0.6,0.6,0.6,0.7,2,6.6,13.1,6.9,3.1,2.3,#,1.1,1,1,1.2,1.1,0.8,1.2,1.4,1.2,1.7,2.2,0.9,
新竹,2025/09/09 00:00:00,NO2,10,11.8,10,9.8,9.9,10.6,9.7,12.5,9.4,9,9.2,#,5.5,5.2,4.2,4.7,6.1,6.9,10.6,13.3,11.5,11.9,12.5,9.8,
新竹,2025/09/09 00:00:00,NOx,10.8,12.5,10.6,10.4,10.7,12.6,16.4,25.6,16.3,12.1,11.5,#,6.6,6.2,5.2,5.9,7.2,7.7,11.8,14.8,12.8,13.6,14.7,10.7,
新竹,2025/09/09 00:00:00,O3,11.3,9.4,12,9.3,8.9,0,0.3,2.8,12.4,23.4,31.8,#,31,26.2,20.3,20.7,22.3,20.4,14.3,10.4,9.5,8.3,5.5,7.8,
新竹,2025/09/09 00:00:00,PM10,9,17,12,17,10,23,17,15,17,18,18,#,21,11,11,10,12,13,10,9,9,8,18,16,
新竹,2025/09/09 00:00:00,PM2.5,8,9,5,3,8,7,8,6,6,6,#,8,15,11,6,2,2,3,6,9,7,4,0,1,
新竹,2025/09/09 00:00:00,RAINFALL,0,0,0,0,0,0,0,0,0,0,#,#,0,0,0,0,0,0,0,0,0,0.5,0,0,
新竹,2025/09/09 00:00:00,RH,78,78,77,79,81,83,84,77,66,63,63,65,67,65,67,68,74,80,81,78,80,86,87,85,
新竹,2025/09/09 00:00:00,SO2,1.3,1.9,1.8,2.1,1.8,1.9,2.3,2.7,2.5,2.9,3,#,2.2,2.2,1.7,2.3,2.2,1.6,1.7,1.9,1.7,1.4,1.3,1.5,
新竹,2025/09/09 00:00:00,THC,2.23,2.24,2.17,2.24,2.22,2.26,2.25,2.36,2.1,2.07,#,2.07,2.03,2.02,1.96,1.97,1.99,2.02,2.08,2.08,2.1,2.08,2.08,2.07,
新竹,2025/09/09 00:00:00,WD_HR,188,234,225,172,137,86,76,134,203,240,245,253,254,257,256,249,249,238,176,168,162,170,174,175,
新竹,2025/09/09 00:00:00,WIND_DIREC,190,237,176,173,87,94,75,178,224,250,242,243,259,247,261,246,224,212,193,161,163,169,180,160,
新竹,2025/09/09 00:00:00,WIND_SPEED,0.9,1.8,0.7,0.8,0.4,0.9,0.5,0.9,1.8,2.6,2.9,2.9,2.6,4,2.4,2.3,1.3,0.9,0.9,1.6,1.4,1.1,1.3,0.8,
新竹,2025/09/09 00:00:00,WS_HR,0.5,1.1,0.8,0.6,0.3,0.7,0.6,0.5,0.8,1.2,2.3,2.4,2.8,2.5,2.4,2.3,2,0.9,1.1,1.3,0.9,1.2,0.9,1.2,
新竹,2025/09/10 00:00:00,AMB_TEMP,28.2,28.2,28.1,27.9,27.7,27.4,27.5,28.9,30.9,31.8,32.7,33.4,33.3,33,32.2,32.2,32.1,31.1,30.6,30.6,30,29.7,29.3,29.3,
新竹,2025/09/10 00:00:00,CH4,2.01,2.03,2.09,2.06,2.04,2.13,2.34,2.24,2.02,2,1.99,1.98,1.97,1.98,1.94,1.92,1.97,1.98,2.03,2.06,2.1,2.09,2.09,2.14,
新竹,2025/09/10 00:00:00,CO,0.14,0.14,0.15,0.12,0.12,0.15,0.24,0.41,0.27,0.22,0.17,0.13,0.12,0.12,0.11,0.1,0.14,0.18,0.32,0.31,0.32,0.28,0.24,0.25,
新竹,2025/09/10 00:00:00,NMHC,0.02,0.02,0.04,0.03,0.03,0.05,0.11,0.14,0.07,0.06,0.04,0.02,0.02,0.02,0,0.01,0.04,0.04,0.11,0.11,0.11,0.09,0.08,0.09,
新竹,2025/09/10 00:00:00,NO,0.9,0.8,3.3,0.9,0.7,4,21.1,29.1,6.8,3.8,2.8,1.6,1.5,1.4,1.2,1.1,1.4,1.1,1.1,1.2,1.7,1.6,1.4,0.9,
新竹,2025/09/10 00:00:00,NO2,11.1,8.1,12.4,7.1,5.2,7.6,12.5,15.8,9.2,8.9,8.2,5.6,4.8,4.8,4,3.5,5.8,8.3,17.3,14.7,17,12.9,12,14.1,
新竹,2025/09/10 00:00:00,NOx,12.1,9,15.8,8.1,6,11.6,33.7,45,16,12.7,11.1,7.3,6.3,6.3,5.2,4.6,7.3,9.4,18.4,16,18.7,14.6,13.4,15,
新竹,2025/09/10 00:00:00,O3,5.2,6.4,1.6,5.6,5.7,2,0,1.4,11.7,18.8,27.3,29.4,25.8,33.6,30.2,25.3,22.6,25.4,17.5,17.4,8.7,8,8,5.8,
新竹,2025/09/10 00:00:00,PM10,15,14,12,14,10,12,15,18,13,11,16,9,6,16,4,3,7,8,10,10,14,12,12,21,
新竹,2025/09/10 00:00:00,PM2.5,0,3,7,5,3,7,5,8,6,5,5,6,5,9,7,3,0,0,3,7,6,2,5,7,
新竹,2025/09/10 00:00:00,RAINFALL,0,0,0,0,0,0,0,0,0,0,0,0,0,0,0,0,0,0,0,0,0,0,0,0,
新竹,2025/09/10 00:00:00,RH,82,81,81,79,78,80,80,76,71,67,63,58,59,66,71,67,67,76,70,73,80,83,82,83,
新竹,2025/09/10 00:00:00,SO2,1.8,1.1,1.5,1.6,1.6,1.9,1.9,1.9,3,2.7,2.7,1.9,1.8,1.7,1.6,1.6,1.4,1.4,1.4,1.5,1.6,1.3,1.3,1.3,
新竹,2025/09/10 00:00:00,THC,2.03,2.05,2.13,2.09,2.07,2.18,2.45,2.38,2.09,2.06,2.03,2,1.99,2,1.94,1.93,2.01,2.02,2.14,2.17,2.21,2.18,2.17,2.23,
新竹,2025/09/10 00:00:00,WD_HR,174,178,158,168,173,134,91,106,235,211,280,284,289,283,341,304,330,38,174,162,180,174,136,89,
新竹,2025/09/10 00:00:00,WIND_DIREC,179,171,178,174,181,86,84,239,219,209,307,286,292,241,21,296,27,139,179,159,172,171,100,92,
新竹,2025/09/10 00:00:00,WIND_SPEED,0.7,0.8,1,0.9,1.3,0.8,0.9,0.9,1,1.5,1.8,2.3,3,1.5,1.4,1.3,1,0.8,1.1,1.2,0.9,0.8,1,0.3,
新竹,2025/09/10 00:00:00,WS_HR,1.2,0.9,0.7,0.9,1,0.7,0.6,0.4,0.8,0.7,1.4,1.5,2.1,1.9,0.8,0.9,0.6,0.4,1.2,0.9,0.5,0.6,0.7,0.4,
新竹,2025/09/11 00:00:00,AMB_TEMP,28.9,28.7,28.3,28.3,28.4,28.1,28.4,29.6,31.2,32.1,32.1,32.1,33.1,32.1,32.7,32.5,31.6,31,30.3,30.1,29.9,28.7,28.6,28.9,
新竹,2025/09/11 00:00:00,CH4,2.13,2.11,2.09,2.09,2.11,2.06,2.07,2.04,2.02,2,1.99,2,1.98,1.97,1.93,1.94,1.97,1.96,1.95,1.94,1.93,1.96,2,2.07,
新竹,2025/09/11 00:00:00,CO,0.19,0.15,0.13,0.13,0.14,0.13,0.17,0.31,0.34,0.22,0.18,0.19,0.17,0.14,0.12,0.13,0.17,0.22,0.2,0.17,0.15,0.18,0.18,0.2,
新竹,2025/09/11 00:00:00,NMHC,0.07,0.05,0.03,0.04,0.04,0.03,0.04,0.06,0.08,0.05,0.03,0.03,0.03,0.03,0.02,0.02,0.03,0.05,0.04,0.02,0.02,0.03,0.03,0.06,
新竹,2025/09/11 00:00:00,NO,1.1,1,0.6,0.7,0.6,0.8,2.1,4.5,4.4,3.2,1.6,1,0.8,0.9,1.2,1.1,1.1,0.8,0.7,0.6,0.5,0.7,0.5,0.6,
新竹,2025/09/11 00:00:00,NO2,13.9,9.5,7.9,6.8,7,7,9.2,10.6,10.8,9.7,6.8,6,5.8,5.6,5.1,5.5,6.7,7.6,7.7,5.4,4.2,4.9,5.2,8.6,
新竹,2025/09/11 00:00:00,NOx,15,10.5,8.6,7.5,7.7,7.9,11.4,15.2,15.2,12.9,8.5,7.1,6.7,6.5,6.3,6.7,7.8,8.4,8.4,6.1,4.8,5.6,5.8,9.3,
新竹,2025/09/11 00:00:00,O3,7.8,10.1,10.5,13.1,12.6,10.1,7.4,11.9,17.3,24.2,32.9,44.3,43.4,37.6,34.4,33.7,31.5,28.2,29.8,33.8,35.3,33.3,32.4,18.8,
新竹,2025/09/11 00:00:00,PM10,10,15,9,5,7,9,16,15,12,17,19,16,14,11,7,12,14,13,11,10,14,9,5,9,
新竹,2025/09/11 00:00:00,PM2.5,5,5,3,1,3,7,5,5,5,5,6,9,5,3,2,2,5,6,4,7,10,11,6,4,
新竹,2025/09/11 00:00:00,RAINFALL,0,0,0,0,0,0,0,0,0,0,0,0,0,0,0,0,0,0,0,0,17.5,14.5,2.5,0,
新竹,2025/09/11 00:00:00,RH,81,83,83,81,82,82,81,77,70,66,69,70,65,70,67,67,71,76,81,84,88,96,96,95,
新竹,2025/09/11 00:00:00,SO2,1.6,0.8,0.6,0.7,0.8,0.9,0.8,1.6,1.6,1.4,1.1,1,0.9,0.7,0.5,0.8,0.7,0.7,0.7,0.9,0.7,0.3,0.2,0.2,
新竹,2025/09/11 00:00:00,THC,2.2,2.16,2.12,2.13,2.15,2.09,2.11,2.1,2.1,2.05,2.02,2.03,2.01,2,1.95,1.96,2,2.01,1.99,1.96,1.95,1.99,2.03,2.13,
新竹,2025/09/11 00:00:00,WD_HR,168,177,180,177,200,175,139,195,133,355,306,303,350,299,308,340,344,302,297,288,300,106,122,149,
新竹,2025/09/11 00:00:00,WIND_DIREC,173,159,171,215,214,190,80,173,53,37,290,301,26,305,351,322,298,298,290,283,331,132,166,77,
新竹,2025/09/11 00:00:00,WIND_SPEED,0.8,0.7,0.6,0.6,0.8,0.6,0.3,0.8,1.1,1.1,2.2,2.2,1.5,2.1,1.8,1.2,1.4,1.8,1.6,1.4,1.7,1.2,0.9,0.3,
新竹,2025/09/11 00:00:00,WS_HR,0.8,0.6,0.6,0.4,0.5,0.6,0.5,0.4,0.4,0.5,1.1,1.4,0.7,1.9,0.6,0.3,0.6,0.9,1.5,1.3,0.8,0.7,0.4,0.2,
新竹,2025/09/12 00:00:00,AMB_TEMP,28.8,28.5,28.3,28.2,27.8,27.6,27.8,29.1,30.2,30.8,31.1,32,32.2,32.3,32.6,31.9,31.1,30.3,28.9,29.1,28.5,28.5,28.2,28.1,
新竹,2025/09/12 00:00:00,CH4,2.08,2.08,2.15,2.17,2.15,2.11,2.11,2.09,2.07,2.05,2.01,1.98,1.97,1.96,1.95,1.94,1.96,2.03,2.07,2.1,2.14,2.19,2.23,2.27,
新竹,2025/09/12 00:00:00,CO,0.16,0.13,0.13,0.13,0.14,0.15,0.22,0.29,0.25,0.2,0.17,0.15,0.14,0.14,0.13,0.13,0.16,0.28,0.34,0.36,0.38,0.41,0.41,0.38,
新竹,2025/09/12 00:00:00,NMHC,0.05,0.03,0.02,0.04,0.03,0.02,0.04,0.06,0.05,0.02,0.01,0,0,0,0,0,0.04,0.07,0.07,0.09,0.09,0.1,0.11,0.1,
新竹,2025/09/12 00:00:00,NO,0.6,0.4,0.5,0.4,0.7,0.6,2.2,4.1,2.7,1.4,0.9,0.8,0.9,0.7,0.7,0.7,0.6,0.7,0.6,0.6,0.7,1.3,1.2,2.4,
新竹,2025/09/12 00:00:00,NO2,9.1,7.7,7.6,9.1,9.9,9,11.4,12.1,10.2,7.8,6.1,5.2,4.8,4.8,5,5.2,7.5,12.1,16,16.9,19.3,23.3,21.2,23.5,
新竹,2025/09/12 00:00:00,NOx,9.8,8.1,8.2,9.6,10.6,9.7,13.6,16.2,13,9.2,7.1,6.1,5.8,5.6,5.8,5.9,8.2,12.9,16.6,17.5,20,24.7,22.5,25.9,
新竹,2025/09/12 00:00:00,O3,14.3,16.2,14.8,13.5,9.4,10.8,9.3,12.8,23.9,32.9,41.7,40.9,44.6,50.8,48.9,41.5,37.5,34.7,28,23.2,13.2,6.8,4.4,1.3,
新竹,2025/09/12 00:00:00,PM10,10,12,10,8,8,12,21,0,20,12,15,9,7,13,10,12,8,6,9,15,21,14,16,18,
新竹,2025/09/12 00:00:00,PM2.5,6,12,10,7,9,5,5,9,8,11,7,5,7,8,11,10,6,9,5,5,5,7,5,8,
新竹,2025/09/12 00:00:00,RAINFALL,0,0,0,0,0,0,0,0,0,0,0,0,0,0,0,0,0,0,0,0,0,0,0,0,
新竹,2025/09/12 00:00:00,RH,93,92,93,93,93,92,90,82,80,77,75,71,71,72,69,70,73,75,78,74,78,78,78,79,
新竹,2025/09/12 00:00:00,SO2,0,1.2,1.2,1.6,1.9,1.8,1.9,1.7,#,1.6,1.4,1.2,1.1,1.2,1.1,1.1,1.2,1,1.2,1,1.2,1.4,1.5,1.3,
新竹,2025/09/12 00:00:00,THC,2.13,2.11,2.17,2.21,2.18,2.13,2.15,2.15,2.12,2.07,2.02,1.97,1.96,1.95,1.94,1.94,2,2.1,2.14,2.19,2.23,2.29,2.34,2.37,
新竹,2025/09/12 00:00:00,WD_HR,162,161,155,163,165,162,173,190,259,266,285,282,285,283,278,297,60,88,76,86,85,61,80,80,
新竹,2025/09/12 00:00:00,WIND_DIREC,123,165,149,167,169,157,161,226,268,254,285,284,308,269,296,16,94,78,75,81,95,78,75,85,
新竹,2025/09/12 00:00:00,WIND_SPEED,0.4,1.3,0.4,0.8,1.2,0.7,0.9,0.7,1.9,1.9,2.1,2.5,2.6,2,2.1,1.1,0.8,1.5,1.1,1.6,0.8,0.7,0.5,0.6,
新竹,2025/09/12 00:00:00,WS_HR,0.4,0.5,0.3,0.6,0.9,0.9,0.9,0.6,1,1.4,1.5,1.8,2.1,1.3,1.7,1.3,0.6,1,1.3,1,1.1,0.8,0.7,0.8,
新竹,2025/09/13 00:00:00,AMB_TEMP,28,27.7,27.6,27.4,27.1,27,27.3,28.8,30.8,32.3,33,33.3,34,33.9,33.7,32.7,32.4,31.4,30.8,30.5,30.3,30.2,29.8,29.3,
新竹,2025/09/13 00:00:00,CH4,2.2,2.13,2.11,2.12,2.25,2.4,2.35,2.14,2.07,2.03,1.98,1.96,1.96,1.98,1.98,1.98,1.99,1.99,2.01,1.99,1.98,2.01,2.11,2.12,
新竹,2025/09/13 00:00:00,CO,0.27,0.17,0.16,0.15,0.17,0.22,0.3,0.3,0.29,0.23,0.16,0.16,0.16,0.16,0.14,0.13,0.15,0.2,0.23,0.2,0.18,0.21,0.26,0.22,
新竹,2025/09/13 00:00:00,NMHC,0.06,0.03,0.02,0.03,0.06,0.09,0.12,0.08,0.07,0.05,0.03,0.02,0.02,0.02,0.02,0.02,0.03,0.05,0.05,0.05,0.03,0.04,0.08,0.06,
新竹,2025/09/13 00:00:00,NO,1.7,0.6,0.6,0.4,0.6,1.5,7.4,6.4,3.9,3.1,1.9,1.4,1.2,1,0.9,0.9,1.2,1.2,0.5,0.5,0.5,0.6,0.6,0.5,
新竹,2025/09/13 00:00:00,NO2,18,8.8,7.3,7.2,11.5,14.5,13.6,13.5,10.5,9.6,7.1,5.6,5.2,4.9,5.1,4.9,7.3,11,10.1,9.1,7.5,9.2,13.7,12.6,
新竹,2025/09/13 00:00:00,NOx,19.8,9.4,7.9,7.7,12.1,16.1,21.1,19.9,14.4,12.7,9,7,6.5,5.9,6,5.8,8.6,12.2,10.6,9.6,8,9.8,14.3,13.2,
新竹,2025/09/13 00:00:00,O3,8.3,12.5,14.2,13.3,5.2,0.4,2.1,11.3,18.3,24.6,28.4,29,33,37.9,40.5,40.6,33.7,30.5,33.3,30.9,30.8,25.1,16.3,14.9,
新竹,2025/09/13 00:00:00,PM10,13,13,17,8,15,19,17,13,12,10,10,7,4,8,6,4,11,10,8,5,8,12,11,14,
新竹,2025/09/13 00:00:00,PM2.5,5,4,3,2,5,6,13,9,9,6,5,4,5,4,8,6,6,6,12,11,8,4,9,7,
新竹,2025/09/13 00:00:00,RAINFALL,0,0,0,0,0,0,0,0,0,0,0,0,0,0,0,0,0,0,0,0,0,0,0,0,
新竹,2025/09/13 00:00:00,RH,82,86,86,86,85,84,82,76,69,62,61,60,57,58,57,61,64,69,72,72,71,74,76,80,
新竹,2025/09/13 00:00:00,SO2,1.3,1.8,1.6,1.6,1.7,1.8,1.8,2.1,2.9,2.9,2.4,2,2.1,2.1,2.5,2.3,2.3,3.1,2.4,2.2,2,2.1,2.1,2,
新竹,2025/09/13 00:00:00,THC,2.26,2.16,2.13,2.15,2.31,2.49,2.47,2.22,2.14,2.08,2.01,1.98,1.98,2,2,2,2.02,2.04,2.06,2.04,2.01,2.05,2.19,2.18,
新竹,2025/09/13 00:00:00,WD_HR,151,164,165,115,82,94,104,147,224,240,250,269,258,256,262,282,262,281,258,204,245,173,173,164,
新竹,2025/09/13 00:00:00,WIND_DIREC,156,165,200,92,118,95,98,172,184,267,240,302,250,254,281,275,297,259,145,248,209,188,160,161,
新竹,2025/09/13 00:00:00,WIND_SPEED,0.7,0.9,0.6,1,0.5,0.8,0.5,0.7,1.1,2.1,3.1,2.4,2.5,2.6,2.4,2.4,1.6,1.6,0.9,1.2,0.7,1.1,1.3,0.9,
新竹,2025/09/13 00:00:00,WS_HR,0.5,0.8,0.6,0.5,0.6,0.6,0.4,0.4,0.7,1.3,2.4,1.9,1.9,2.3,1.9,1.9,1.7,1.3,1,0.4,0.9,0.6,0.7,0.9,
新竹,2025/09/14 00:00:00,AMB_TEMP,29.1,29.1,29.1,28.6,28.2,27.8,28.1,29.2,30.9,32,32.1,32.4,32,31.8,31.9,31.1,31,30.5,29.1,28.4,28.6,28,28.2,28.4,
新竹,2025/09/14 00:00:00,CH4,2.08,#,2.22,2.34,2.26,2.23,2.23,2.11,2.07,2.06,2.02,1.99,2.02,1.97,1.97,1.95,1.95,1.98,2.01,2.02,2.1,2.14,2.13,2.21,
新竹,2025/09/14 00:00:00,CO,0.18,#,0.19,0.23,0.2,0.19,0.24,0.23,0.25,0.28,0.22,0.17,0.19,0.15,0.14,0.14,0.13,0.22,0.25,0.29,0.36,0.35,0.33,0.32,
新竹,2025/09/14 00:00:00,NMHC,0.05,#,0.08,0.1,0.08,0.07,0.1,0.07,0.06,0.08,0.05,0.03,0.03,0.02,0.03,0.03,0.02,0.07,0.08,0.09,0.09,0.09,0.09,0.09,
新竹,2025/09/14 00:00:00,NO,0.5,#,0.6,0.7,0.6,0.6,2.2,2.5,2.4,3.2,1.2,0.7,0.6,0.7,0.7,0.5,0.5,0.6,0.9,1.5,0.9,0.6,0.5,0.6,
新竹,2025/09/14 00:00:00,NO2,9.6,#,14.2,12.8,9.6,7.8,8.8,7.8,9.1,13.1,8.5,4.9,4.7,4.4,4.6,5,4.3,6.7,20.8,31.9,27,13.7,11.7,11.9,
新竹,2025/09/14 00:00:00,NOx,10.1,#,14.8,13.5,10.3,8.5,11.1,10.3,11.5,16.3,9.7,5.7,5.4,5.1,5.3,5.6,4.8,7.3,21.8,33.5,28,14.4,12.2,12.6,
新竹,2025/09/14 00:00:00,O3,17.2,17,6.8,2,3.2,2.3,4.2,13.1,24.5,33.4,42.2,42.8,54.6,43.8,42.6,36.5,34.4,27.9,15,7.8,12.9,13.2,15.3,11.2,
新竹,2025/09/14 00:00:00,PM10,21,14,15,18,16,18,14,20,19,18,15,13,11,14,12,6,5,16,18,19,25,22,23,19,
新竹,2025/09/14 00:00:00,PM2.5,8,11,11,10,8,9,13,15,12,12,11,8,10,5,1,7,5,6,13,15,16,13,19,13,
新竹,2025/09/14 00:00:00,RAINFALL,0,0,0,0,0,0,0,0,0,0,0,0,0,0,0,0,0,0,0.5,0,0,0,0,0,
新竹,2025/09/14 00:00:00,RH,81,80,81,84,84,84,82,76,70,66,65,59,67,66,65,71,71,75,83,85,84,87,84,84,
新竹,2025/09/14 00:00:00,SO2,2.9,#,1.8,1.6,1.8,1.7,1.7,2.2,2.1,2.1,2.9,2.1,1.7,1.3,1.1,1,0.9,1.3,1.1,1.1,1.3,1.2,1.7,1.3,
新竹,2025/09/14 00:00:00,THC,2.13,#,2.3,2.44,2.34,2.3,2.33,2.18,2.13,2.14,2.07,2.02,2.05,1.99,2,1.98,1.97,2.05,2.09,2.11,2.19,2.23,2.22,2.3,
新竹,2025/09/14 00:00:00,WD_HR,168,170,128,92,59,89,80,81,178,299,259,290,279,279,277,274,276,179,173,171,120,81,87,78,
新竹,2025/09/14 00:00:00,WIND_DIREC,167,149,118,87,98,92,125,150,168,299,269,303,269,276,298,287,250,177,175,174,91,82,89,25,
新竹,2025/09/14 00:00:00,WIND_SPEED,0.9,0.4,0.4,0.8,0.9,0.5,0.3,0.7,1.4,2.1,2.9,2.5,2.4,2,2.2,1.4,1.4,1.5,1.5,0.7,0.6,1.4,1,0.8,
新竹,2025/09/14 00:00:00,WS_HR,0.9,0.8,0.5,0.7,0.6,0.8,0.5,0.7,0.5,0.9,2,2.1,2.1,1.6,1.6,1,1.2,1.1,1.4,1.1,0.4,1,0.9,0.5,
新竹,2025/09/15 00:00:00,AMB_TEMP,28.1,27.8,27.8,27.7,27.4,27.3,27.3,28.3,29.7,31,31.4,32,32.8,32.4,31.6,32.5,32.1,31.4,30.8,30.3,30.1,29.7,29.4,#,
新竹,2025/09/15 00:00:00,CH4,2.17,2.17,2.36,2.33,2.26,2.14,2.15,2.16,2.06,2.05,2.01,1.96,1.97,1.95,1.94,1.95,1.96,1.96,2.01,2.01,2.07,2.07,2.03,#,
新竹,2025/09/15 00:00:00,CO,0.27,0.22,0.23,0.22,0.2,0.19,0.23,0.33,0.35,0.26,0.2,0.17,0.17,0.15,0.14,0.14,0.15,0.18,0.28,0.27,0.3,0.28,0.2,#,
新竹,2025/09/15 00:00:00,NMHC,0.07,0.05,0.08,0.08,0.06,0.04,0.05,0.08,0.09,0.09,0.06,0.03,0.04,0.03,0.03,0.03,0.02,0.03,0.07,0.08,0.11,0.1,0.05,#,
新竹,2025/09/15 00:00:00,NO,0.4,0.4,0.3,1.5,2.4,1.4,2.4,7.4,5,2.8,1.5,0.7,0.7,0.5,0.5,0.8,0.7,0.5,0.5,0.4,0.5,0.9,0.4,#,
新竹,2025/09/15 00:00:00,NO2,10.6,8.6,9,12.4,12.3,13.2,13.2,15.8,12.7,11.5,8.9,6.1,5.9,5.3,5.2,5.5,5.4,5.9,9.1,9.2,14,14.3,10.6,#,
新竹,2025/09/15 00:00:00,NOx,11.1,9.1,9.3,14,14.7,14.6,15.7,23.2,17.7,14.4,10.4,6.8,6.6,5.9,5.7,6.3,6.2,6.5,9.6,9.7,14.5,15.3,11,#,
新竹,2025/09/15 00:00:00,O3,10.7,9.5,6.4,3,5.6,15,9.8,6.9,16.9,28.3,32.1,44.1,51.2,50.4,40.7,32.2,31,28.4,21.8,19.2,12,12.8,18.4,#,
新竹,2025/09/15 00:00:00,PM10,16,21,18,16,22,13,16,21,24,22,24,12,19,16,6,9,10,10,12,13,14,16,15,15,
新竹,2025/09/15 00:00:00,PM2.5,14,8,8,9,9,6,10,13,15,13,9,8,5,12,8,5,2,6,9,7,11,9,8,10,
新竹,2025/09/15 00:00:00,RAINFALL,0,0,0,0,0,0,0,0,0,0,0,0,0,0,0,0,0,0,0,0,0,0,0,#,
新竹,2025/09/15 00:00:00,RH,84,85,85,85,85,83,83,80,76,76,75,70,69,73,78,70,75,79,84,85,84,85,87,#,
新竹,2025/09/15 00:00:00,SO2,0.7,1.5,1.3,1.6,1.7,1.3,1.6,1.9,2.1,1.8,1.7,1.6,1.7,1.6,1.3,1.4,1.5,1.5,1.3,1.3,1.4,1.5,1.3,#,
新竹,2025/09/15 00:00:00,THC,2.24,2.22,2.44,2.41,2.32,2.18,2.2,2.24,2.15,2.14,2.07,1.99,2.01,1.98,1.97,1.98,1.98,1.99,2.08,2.09,2.18,2.17,2.08,#,
新竹,2025/09/15 00:00:00,WD_HR,69,79,126,74,142,169,85,51,87,59,62,61,44,43,304,322,315,290,235,208,191,190,134,#,
新竹,2025/09/15 00:00:00,WIND_DIREC,100,99,161,41,183,138,80,21,95,59,85,62,30,39,149,23,342,243,241,231,227,158,124,162,
新竹,2025/09/15 00:00:00,WIND_SPEED,0.9,0.7,0.6,1,1.2,0.8,0.9,1.4,1.1,1.3,0.9,1.1,2.1,1.6,1,1.5,1.2,1.8,1.7,0.9,0.7,0.9,0.7,1.2,
新竹,2025/09/15 00:00:00,WS_HR,0.7,0.5,0.4,0.4,0.7,0.9,0.9,0.9,0.9,1.1,0.3,0.8,1.8,1,0.7,0.7,0.8,1.2,1.2,0.6,0.5,0.7,0.8,#,
新竹,2025/09/16 00:00:00,AMB_TEMP,29,28.6,28.4,28.2,28,27.7,27.8,28.9,31,31.7,31.3,31.5,32.1,31.8,31.5,31.7,#,30.5,30.3,30.1,30.1,29.8,29.1,28.6,
新竹,2025/09/16 00:00:00,CH4,2.05,#,#,2.18,2.29,2.31,2.31,2.2,2.11,2.07,2.05,2.01,2.01,2,1.99,1.99,#,2.01,2.03,2.07,2.04,2.18,2.16,2.15,
新竹,2025/09/16 00:00:00,CO,#,#,0.13,0.16,0.18,0.2,0.26,0.38,0.38,0.31,0.26,0.27,0.29,0.29,0.2,0.24,#,0.27,0.31,0.26,0.21,0.34,0.31,0.28,
新竹,2025/09/16 00:00:00,NMHC,0.03,#,#,0.05,0.08,0.08,0.1,0.11,0.11,0.08,0.06,0.04,0.04,0.01,0.02,0.02,#,0.03,0.06,0.04,0.03,0.09,0.08,0.04,
新竹,2025/09/16 00:00:00,NO,#,#,0.9,1.8,2.9,3.6,9.4,17.3,8.3,3,1.8,1.1,1.1,1,1.3,1.1,#,0.9,0.8,0.9,0.8,1,1.1,0.7,
新竹,2025/09/16 00:00:00,NO2,#,#,7.3,12.5,15.8,13.2,13,13.5,15.8,12.5,11.7,8.1,6,5.7,6.4,5.8,#,8.2,9.6,8.3,7.7,12.3,15.2,10.2,
新竹,2025/09/16 00:00:00,NOx,#,#,8.2,14.3,18.7,16.9,22.4,30.8,24.1,15.6,13.5,9.3,7.2,6.7,7.7,7,#,9.1,10.4,9.3,8.6,13.4,16.3,10.9,
新竹,2025/09/16 00:00:00,O3,16.5,14.7,16.3,6.2,#,#,0.1,2.9,18.9,37.2,38.1,28.6,38.2,46.3,43.5,57.5,#,51.9,52.7,51.2,45.5,30.9,25,27.8,
新竹,2025/09/16 00:00:00,PM10,13,19,19,16,16,16,19,21,31,29,29,#,18,20,18,21,27,20,21,17,17,17,22,25,
新竹,2025/09/16 00:00:00,PM2.5,9,8,9,6,8,7,6,10,11,13,#,14,11,17,11,11,9,16,15,14,13,12,16,17,
新竹,2025/09/16 00:00:00,RAINFALL,0,0,0,0,0,0,0,0,0,0,0,0,0,0,0,0,#,0,0,0,0,0,0,0,
新竹,2025/09/16 00:00:00,RH,85,85,85,83,80,80,78,74,72,71,76,74,71,71,72,73,#,80,80,80,77,82,87,89,
新竹,2025/09/16 00:00:00,SO2,#,#,1.4,1.7,2.1,2.4,2.1,2.5,2.4,2.2,2.4,2.2,2.3,2.7,2.4,2.3,#,2.1,1.8,2,2.1,1.9,1.9,1.9,
新竹,2025/09/16 00:00:00,THC,2.08,#,#,2.23,2.37,2.39,2.41,2.31,2.22,2.15,2.11,2.05,2.05,2.01,2.01,2.01,#,2.04,2.09,2.11,2.07,2.27,2.24,2.19,
新竹,2025/09/16 00:00:00,WD_HR,175,166,165,115,90,88,69,66,89,314,261,283,259,272,296,33,#,306,301,350,274,214,173,177,
新竹,2025/09/16 00:00:00,WIND_DIREC,175,136,170,113,95,92,73,77,40,259,270,292,261,307,25,66,306,331,298,274,267,161,166,171,
新竹,2025/09/16 00:00:00,WIND_SPEED,0.5,0.6,0.9,0.4,0.4,0.5,0.4,1.1,1,1.3,1.8,1.6,2.1,1.9,1.1,0.9,1.8,1.1,1,0.6,1.3,0.7,0.9,1.1,
新竹,2025/09/16 00:00:00,WS_HR,0.8,0.6,0.8,0.7,0.5,0.5,0.4,0.8,0.5,0.7,1.5,1.3,1.6,1.4,1.3,0.3,#,1.3,0.8,0.2,0.8,0.7,0.8,0.7,
新竹,2025/09/17 00:00:00,AMB_TEMP,28.7,28.8,28.4,28.2,27.8,27.9,28.1,29,30.6,32.5,33.4,33.8,34.1,33.4,33,32.5,31.4,31.1,30.6,30.5,30.6,30.3,29.9,29.5,
新竹,2025/09/17 00:00:00,CH4,2.13,2.23,2.29,2.32,2.13,2.12,2.15,2.15,2.07,2.06,2.09,2.04,2.02,2.02,2.01,2.01,2,2.01,2.02,2.04,2.09,2.16,2.14,2.14,
新竹,2025/09/17 00:00:00,CO,0.26,0.3,0.26,0.23,0.18,0.2,0.24,0.37,0.36,0.37,0.34,0.26,0.23,0.21,0.21,0.21,0.24,0.27,0.28,0.28,0.29,0.35,0.34,0.29,
新竹,2025/09/17 00:00:00,NMHC,0.05,0.08,0.08,0.09,0.05,0.05,0.07,0.12,0.09,0.11,0.08,0.05,0.05,0.04,0.04,0.03,0.03,0.05,0.05,0.06,0.08,0.1,0.09,0.07,
新竹,2025/09/17 00:00:00,NO,0.9,0.6,0.5,0.9,0.6,0.6,1.5,6,5.4,2.1,0.8,0.6,0.6,0.6,0.8,0.7,0.5,0.6,0.5,0.5,0.5,0.6,0.4,0.5,
新竹,2025/09/17 00:00:00,NO2,8.3,18.4,13.5,13.1,9.7,9,12,16.2,14.6,11.5,10,7.4,6.1,5.9,6.6,5.9,6.4,6.2,7.6,8.6,9.4,12.6,13,9.5,
新竹,2025/09/17 00:00:00,NOx,9.2,19.1,14,14,10.3,9.6,13.5,22.2,20,13.7,10.9,8.1,6.7,6.5,7.4,6.7,7,6.8,8.2,9.1,9.9,13.2,13.5,10,
新竹,2025/09/17 00:00:00,O3,29.8,17.9,10.1,2.6,6.1,13.7,10.7,9,19.6,60.2,74.7,70.2,65,64.4,67,65.7,61.7,63.2,65.6,59.3,51.4,46.1,43.2,43,
新竹,2025/09/17 00:00:00,PM10,30,28,29,22,18,17,22,25,32,28,31,25,21,18,25,19,27,21,29,19,21,24,28,24,
新竹,2025/09/17 00:00:00,PM2.5,15,22,14,13,9,18,9,13,15,20,22,13,11,11,15,14,14,14,18,22,16,17,19,22,
新竹,2025/09/17 00:00:00,RAINFALL,0,0,0,0,0,0,0,0,0,0,0,0,0,0,0,0,0,0,0,0,0,0,0,0,
新竹,2025/09/17 00:00:00,RH,87,87,86,84,82,83,80,76,71,64,63,59,56,59,64,67,73,76,80,79,79,83,85,86,
新竹,2025/09/17 00:00:00,SO2,2.2,1.9,2.1,1.9,2.3,2.1,2,2,2.2,2.7,2.1,2.2,2.2,2.2,2,2.2,2,1.8,1.9,2,2,1.9,1.7,1.8,
新竹,2025/09/17 00:00:00,THC,2.18,2.31,2.37,2.41,2.18,2.17,2.22,2.27,2.16,2.17,2.17,2.09,2.07,2.06,2.05,2.04,2.03,2.06,2.07,2.1,2.17,2.26,2.23,2.21,
新竹,2025/09/17 00:00:00,WD_HR,139,104,74,67,78,74,78,77,72,61,312,328,315,280,287,297,341,295,307,309,291,236,188,162,
新竹,2025/09/17 00:00:00,WIND_DIREC,92,160,89,46,64,53,87,75,156,79,330,333,299,260,281,318,340,355,318,11,214,235,149,160,
新竹,2025/09/17 00:00:00,WIND_SPEED,1.1,0.4,0.7,0.6,0.5,0.7,1.3,1.1,0.9,1.4,1.2,1.6,2.7,2.3,2.3,1.6,1.4,0.8,0.9,0.7,0.7,0.7,0.7,1,
新竹,2025/09/17 00:00:00,WS_HR,0.7,0.5,0.5,0.5,1,1,1,0.9,0.6,0.6,0.7,0.8,1,2.2,1.8,1.6,0.7,0.6,0.9,0.8,0.2,0.4,0.3,1,
新竹,2025/09/18 00:00:00,AMB_TEMP,29.2,28.8,28.7,28.6,28.2,27.9,28.5,29.4,30.5,31.6,32.7,33.7,33.5,33.5,32.7,31.5,30.9,29.7,28.8,29.4,29.8,29.7,29.7,29.5,
新竹,2025/09/18 00:00:00,CH4,2.16,2.13,2.15,2.25,2.23,2.12,2.14,2.1,2.07,2.12,2.16,2.11,2.08,2.07,2.08,2.09,2.07,2.06,2.04,2.09,2.16,2.19,2.11,2.16,
新竹,2025/09/18 00:00:00,CO,0.25,0.23,0.23,0.24,0.21,0.19,0.24,0.3,0.29,0.28,0.25,0.25,0.26,0.24,0.25,0.28,0.28,0.32,0.34,0.4,0.47,0.43,0.3,0.3,
新竹,2025/09/18 00:00:00,NMHC,0.06,0.04,0.03,0.07,0.05,0.03,0.05,0.06,0.07,0.12,0.1,0.08,0.06,0.06,0.06,0.05,0.05,0.08,0.08,0.1,0.13,0.12,0.05,0.06,
新竹,2025/09/18 00:00:00,NO,0.4,0.7,0.7,0.6,0.7,0.6,1.3,3,3.4,2.8,1.9,1.1,1,1.1,0.9,0.6,0.7,0.8,0.6,0.6,0.7,0.7,0.7,0.5,
新竹,2025/09/18 00:00:00,NO2,8.1,7,6.9,12,10.1,7.8,9.7,11.8,11,11.2,11.3,9,6.8,6.4,7.2,6.1,6,9.9,15.1,25.4,27,18.7,9.9,9.7,
新竹,2025/09/18 00:00:00,NOx,8.6,7.8,7.6,12.7,10.8,8.4,11.1,14.8,14.4,14.1,13.2,10.1,7.8,7.5,8.2,6.8,6.7,10.7,15.7,26,27.8,19.5,10.6,10.3,
新竹,2025/09/18 00:00:00,O3,33.2,30,27.9,10.9,8.5,11.1,12.9,15.4,17.1,31.4,49.1,58.7,62.7,62.3,63,67.4,64,44.8,34.4,24.9,19.1,20.2,40.1,26.5,
新竹,2025/09/18 00:00:00,PM10,31,32,28,26,22,18,22,24,15,21,24,22,28,22,26,36,31,25,19,27,28,30,24,25,
新竹,2025/09/18 00:00:00,PM2.5,19,20,22,21,16,6,13,15,5,8,12,12,14,18,15,23,25,19,13,21,22,16,22,16,
新竹,2025/09/18 00:00:00,RAINFALL,0,0,0,0,0,0,0,0,0,0,0,0,0,0,0,0,0,0,0,0,0,0,0,0,
新竹,2025/09/18 00:00:00,RH,85,85,84,84,83,81,79,75,68,66,63,62,63,63,68,76,79,82,81,79,79,80,78,81,
新竹,2025/09/18 00:00:00,SO2,1.9,1.4,1.7,2.3,2.3,2.5,2.3,2.2,2,2.6,2.7,2.6,2.7,2.5,2.8,2.2,2,1.7,1.6,1.6,1.5,1.8,2.2,2.5,
新竹,2025/09/18 00:00:00,THC,2.22,2.17,2.18,2.32,2.28,2.15,2.19,2.16,2.14,2.24,2.26,2.19,2.14,2.13,2.14,2.14,2.12,2.14,2.12,2.19,2.29,2.31,2.16,2.22,
新竹,2025/09/18 00:00:00,WD_HR,166,161,109,92,66,80,81,57,41,24,246,258,263,247,259,248,247,173,169,158,128,57,301,74,
新竹,2025/09/18 00:00:00,WIND_DIREC,164,163,72,85,56,96,73,28,27,268,231,292,289,247,246,269,243,169,168,121,93,325,289,80,
新竹,2025/09/18 00:00:00,WIND_SPEED,0.9,1.1,1.2,1.5,0.6,0.6,0.9,1.4,1,1.5,1.9,2.4,2.4,3.1,1.9,1.8,1.7,2,1.2,0.3,0.8,0.5,0.7,1.3,
新竹,2025/09/18 00:00:00,WS_HR,0.8,0.8,0.6,0.7,0.6,1,0.7,0.9,0.6,0.5,0.8,1.8,2.2,2.8,1.8,1.3,1.5,1.7,1,0.6,0.4,0.4,0.8,0.6,
新竹,2025/09/19 00:00:00,AMB_TEMP,29.1,28.7,28.8,28.5,28.3,28.7,28.5,29,30,31.2,32.3,33.1,33,32.8,32.7,31.5,30.4,29.1,27.4,26.8,27.1,27.7,27.7,27.6,
新竹,2025/09/19 00:00:00,CH4,2.25,2.24,2.1,2.16,2.15,2.32,2.29,2.24,2.18,2.12,2.14,2.14,2.09,2.04,2.03,2.03,2.01,2.02,2,2.02,2.01,2.08,2.19,2.15,
新竹,2025/09/19 00:00:00,CO,0.32,0.26,0.23,0.22,0.25,0.31,0.34,0.46,0.36,0.33,0.33,0.31,0.27,0.25,0.24,0.23,0.22,0.29,0.25,0.25,0.22,0.33,0.38,0.26,
新竹,2025/09/19 00:00:00,NMHC,0.09,0.06,0.04,0.05,0.05,0.11,0.12,0.13,0.13,0.11,0.12,0.09,0.07,0.05,0.03,0.04,0.04,0.06,0.06,0.07,0.06,0.09,0.12,0.08,
新竹,2025/09/19 00:00:00,NO,0.6,0.5,0.4,0.3,0.4,0.5,2.4,4.1,3.4,2.2,1.7,1.4,1.2,0.9,0.6,0.6,0.5,1,1.1,1,1.2,3.2,5.5,1.9,
新竹,2025/09/19 00:00:00,NO2,13,9.9,9,10,8.4,12.1,16.2,17.4,13.5,12.4,12.5,11.7,10.3,7.4,5.4,5.6,5.9,8.9,8.8,9.9,11.3,21.8,18.9,13,
新竹,2025/09/19 00:00:00,NOx,13.7,10.5,9.4,10.4,8.8,12.6,18.7,21.6,17,14.6,14.2,13.1,11.6,8.4,6,6.2,6.5,9.9,9.9,11,12.5,25.1,24.5,14.9,
新竹,2025/09/19 00:00:00,O3,13.5,17.8,24.8,15.3,17.6,10.1,7.9,12.1,25,35.6,50.4,57.5,58.3,59.4,59.7,51.9,47.6,30.4,19.7,10.7,10.2,3.9,0,2.5,
新竹,2025/09/19 00:00:00,PM10,26,28,21,28,29,25,28,26,36,33,58,42,35,30,29,21,21,14,11,14,14,11,13,19,
新竹,2025/09/19 00:00:00,PM2.5,13,16,20,17,17,18,20,21,23,18,41,28,26,17,19,16,11,14,7,4,5,5,5,3,
新竹,2025/09/19 00:00:00,RAINFALL,0,0,0,0,0,0,0,0,0,0,0,0,0,0,0,0,0,0,1.5,0,0,0,0,0,
新竹,2025/09/19 00:00:00,RH,84,85,84,84,85,84,85,83,79,73,71,70,70,70,70,76,84,84,84,87,85,83,86,85,
新竹,2025/09/19 00:00:00,SO2,1.7,0.8,1.3,1.7,1.3,1.3,1,1.2,1.6,1.7,2.2,2.3,2.1,1.7,1.2,1.1,1,0.7,0.5,0.6,0.8,1.1,0.9,0.8,
新竹,2025/09/19 00:00:00,THC,2.34,2.3,2.14,2.21,2.2,2.43,2.41,2.37,2.31,2.23,2.26,2.23,2.16,2.09,2.06,2.07,2.05,2.08,2.06,2.09,2.07,2.17,2.31,2.23,
新竹,2025/09/19 00:00:00,WD_HR,165,223,343,78,67,165,167,198,196,184,258,250,249,266,264,260,239,183,171,173,166,111,82,157,
新竹,2025/09/19 00:00:00,WIND_DIREC,176,169,185,64,45,160,180,219,235,111,269,250,252,304,248,245,237,171,170,168,172,89,83,180,
新竹,2025/09/19 00:00:00,WIND_SPEED,0.8,0.7,0.4,0.9,0.5,0.5,1,1.2,1.4,0.8,2.1,2.5,2.1,2.6,2.7,2.4,2.7,3,2,1.2,1.4,0.5,0.7,0.8,
新竹,2025/09/19 00:00:00,WS_HR,0.7,0.5,0.1,0.9,0.5,0.3,1,0.6,0.8,0.7,1.6,2.1,2.1,2.3,2,1.9,1.6,1.9,1.7,1.5,0.9,0.4,0.7,0.7,
新竹,2025/09/20 00:00:00,AMB_TEMP,27.4,27.1,27.3,27.3,27.1,27,27.3,28.9,30.4,31.4,32,32.4,32.3,32.5,30.9,30,29.5,29.2,29,28.8,28.9,28.7,28.5,28.1,
新竹,2025/09/20 00:00:00,CH4,2.16,2.09,2.13,2.2,2.19,2.09,2.12,2.12,2.04,2.02,1.99,1.97,1.96,1.95,1.95,1.95,1.99,2.03,2.04,2.05,2.09,2.11,2.28,2.21,
新竹,2025/09/20 00:00:00,CO,0.25,0.14,0.16,0.2,0.17,0.15,0.21,0.26,0.23,0.2,0.16,0.15,0.14,0.14,0.14,0.15,0.22,0.27,0.26,0.28,0.28,0.29,0.42,0.31,
新竹,2025/09/20 00:00:00,NMHC,0.07,0.03,0.05,0.08,0.07,0.03,0.06,0.08,0.05,0.05,0.03,0.02,0.02,0.02,0.02,0.02,0.06,0.08,0.08,0.08,0.1,0.1,0.16,0.11,
新竹,2025/09/20 00:00:00,NO,5.9,0.8,1.7,14.1,6.4,1.3,6,11.9,3.4,3.3,1.4,1.2,1.1,1.1,0.9,0.8,1.4,2.2,0.9,0.8,0.7,0.7,3,1.3,
新竹,2025/09/20 00:00:00,NO2,12.8,7.8,11.4,22.6,15.8,9.4,12.3,14.7,10.3,9.5,5.6,4.6,4.3,4.4,4.2,3.8,9.7,13.9,13.3,12.6,12.7,11.6,21.9,15.1,
新竹,2025/09/20 00:00:00,NOx,18.8,8.7,13.1,36.8,22.2,10.7,18.4,26.7,13.7,12.8,7,5.9,5.5,5.6,5.2,4.6,11.1,16.2,14.2,13.5,13.5,12.4,25,16.4,
新竹,2025/09/20 00:00:00,O3,1.2,5.4,6.4,#,1.7,10.2,6.1,8.6,21.7,28.6,33.4,36.4,35.1,32.8,32.5,34.6,24.2,20.7,20.6,18.5,17.7,16.9,2.8,7.6,
新竹,2025/09/20 00:00:00,PM10,15,13,9,14,10,6,12,20,12,14,13,16,13,12,8,14,12,10,11,11,9,16,19,23,
新竹,2025/09/20 00:00:00,PM2.5,7,5,5,4,3,6,5,7,9,6,5,6,6,3,3,4,6,5,1,5,11,9,11,8,
新竹,2025/09/20 00:00:00,RAINFALL,0,0,0,0,0,0,0,0,0,0,0,0,0,0,0,0,0,0,0,0,0,0,0,0,
新竹,2025/09/20 00:00:00,RH,85,84,82,84,84,83,82,78,74,69,69,70,70,69,77,85,87,84,83,83,83,85,87,88,
新竹,2025/09/20 00:00:00,SO2,1.7,1,1,1.2,0.9,0.8,1,1.2,1.3,1.1,1.2,1.1,1.1,1.2,1,0.9,0.9,1,0.8,1,1.1,1,1.3,1.2,
新竹,2025/09/20 00:00:00,THC,2.23,2.12,2.18,2.28,2.26,2.12,2.18,2.2,2.09,2.07,2.02,1.99,1.98,1.97,1.97,1.97,2.05,2.11,2.12,2.13,2.19,2.21,2.44,2.32,
新竹,2025/09/20 00:00:00,WD_HR,209,174,168,169,163,175,111,118,71,359,310,297,302,300,296,309,173,156,85,86,88,110,190,184,
新竹,2025/09/20 00:00:00,WIND_DIREC,174,174,129,166,159,186,95,235,72,283,308,302,298,49,294,19,172,156,78,81,77,172,230,185,
新竹,2025/09/20 00:00:00,WIND_SPEED,0.9,0.8,0.5,0.7,0.8,0.4,0.9,1,1.5,1.5,2,3.2,2.5,1.5,1.6,0.8,1.4,1,0.8,1.4,1.3,1.1,0.6,1.2,
新竹,2025/09/20 00:00:00,WS_HR,0.8,0.9,0.7,0.4,0.6,0.7,0.7,0.3,0.3,0.5,0.9,2.5,1.7,1.4,1.4,0.8,0.8,1,0.8,1.1,0.6,0.4,0.7,0.6,
新竹,2025/09/21 00:00:00,AMB_TEMP,27.8,27.8,27.6,27.7,27.1,27.1,27.2,28.2,30.1,32.5,34.6,35.3,35.7,35.5,34.5,33.7,32.8,31.8,30.9,30.7,30.4,30.2,30.2,29.8,
新竹,2025/09/21 00:00:00,CH4,2.16,2.1,2.11,2.15,2.13,2.1,2.09,2.05,2.03,1.99,1.95,1.96,1.96,1.96,1.95,1.96,1.96,1.97,1.98,2,1.99,1.99,1.99,1.99,
新竹,2025/09/21 00:00:00,CO,0.23,0.18,0.17,0.19,0.16,0.15,0.17,0.18,0.17,0.15,0.1,0.11,0.11,0.1,0.09,0.09,0.09,0.12,0.14,0.14,0.12,0.12,0.1,0.09,
新竹,2025/09/21 00:00:00,NMHC,0.07,0.06,0.03,0.05,0.04,0.04,0.04,0.04,0.03,0.02,0.01,0.02,0.02,0.02,0.01,0.01,0.01,0.02,0.03,0.03,0.02,0.03,0,0.01,
新竹,2025/09/21 00:00:00,NO,0.9,0.4,0.5,0.7,0.8,0.6,1.3,2.1,2.2,1.5,1.3,1.1,1.1,1.1,1.3,1.3,1.2,1.3,1,1,0.8,0.8,0.5,0.4,
新竹,2025/09/21 00:00:00,NO2,10.7,8.1,6.8,10.6,8.8,5.9,5.8,5.6,6,6,4.8,4.6,4.6,4.5,4.2,4,4,4.9,6,6.8,6.1,6.2,5.2,4.5,
新竹,2025/09/21 00:00:00,NOx,11.7,8.6,7.3,11.4,9.7,6.6,7.1,7.8,8.2,7.6,6.1,5.8,5.7,5.6,5.5,5.3,5.3,6.2,7.1,7.9,7,7,5.7,5,
新竹,2025/09/21 00:00:00,O3,9.4,13.6,14.6,8.6,2.6,3.5,5.4,10.3,15.5,22.3,17.6,19.6,18.5,18.9,14.5,14,11.9,10,9.3,9.6,11.3,10.4,11.4,10.6,
新竹,2025/09/21 00:00:00,PM10,15,18,19,17,21,18,24,17,14,10,20,18,18,21,24,16,19,13,9,10,9,7,6,6,
新竹,2025/09/21 00:00:00,PM2.5,11,6,8,14,10,7,5,9,7,7,4,0,0,0,0,0,0,0,1,3,2,5,4,0,
新竹,2025/09/21 00:00:00,RAINFALL,0,0,0,0,0,0,0,0,0,0,0,0,0,0,0,0,0,0,0,0,0,0,0,0,
新竹,2025/09/21 00:00:00,RH,89,90,90,90,87,84,83,78,73,63,51,49,47,49,49,54,56,60,65,63,66,68,67,73,
新竹,2025/09/21 00:00:00,SO2,x,x,x,x,x,x,x,x,#,0.5,0.4,0.7,0.7,0.6,0.3,0.7,0.3,0.6,0.4,0.5,0.3,0.3,0.4,0.2,
新竹,2025/09/21 00:00:00,THC,2.23,2.16,2.14,2.2,2.17,2.14,2.13,2.09,2.06,2.01,1.96,1.98,1.98,1.98,1.96,1.97,1.97,1.99,2.01,2.03,2.01,2.02,1.99,2,
新竹,2025/09/21 00:00:00,WD_HR,167,171,167,121,76,80,67,46,66,64,56,55,54,49,55,56,56,54,55,49,52,53,54,51,
新竹,2025/09/21 00:00:00,WIND_DIREC,168,181,182,90,69,91,39,28,86,57,63,49,48,39,53,57,52,55,57,53,46,53,50,46,
新竹,2025/09/21 00:00:00,WIND_SPEED,0.7,1.1,1.1,0.9,0.9,1.4,1.2,1,0.7,2.9,4,5,4.8,5,5.2,4.8,6,5.4,4.1,4.1,3.6,4.2,4.1,3.5,
新竹,2025/09/21 00:00:00,WS_HR,0.6,1.2,0.8,0.5,1,1.1,0.9,1,1.1,1.3,2.8,3.5,3.8,3.9,4.4,3.8,4.6,4.3,4.3,3.2,3.8,3.4,3.5,3.2,
新竹,2025/09/22 00:00:00,AMB_TEMP,29.3,29.4,29.1,29.2,29.1,29.1,29.2,30,31.6,32.7,33.3,33,32.2,32.4,32.6,31.8,31.7,31,30.6,30.3,29.6,29.6,29.9,29.8,
新竹,2025/09/22 00:00:00,CH4,2.01,2,2,1.98,1.99,1.99,1.99,1.97,1.96,1.95,1.94,1.94,1.94,1.94,1.95,1.95,1.95,1.95,1.96,1.95,1.95,1.95,1.95,1.94,
新竹,2025/09/22 00:00:00,CO,0.1,0.08,0.07,0.07,0.07,0.08,0.09,0.14,0.15,0.12,0.1,0.09,0.1,0.09,0.09,0.1,0.1,0.12,0.14,0.12,0.11,0.1,0.08,0.08,
新竹,2025/09/22 00:00:00,NMHC,0.02,0.01,0.01,0.01,0.02,0.02,0.01,0.04,0.04,0.04,0.03,0.02,0.03,0.03,0.02,0.02,0.03,0.03,0.03,0.02,0.02,0.01,0,0,
新竹,2025/09/22 00:00:00,NO,0.3,0.6,0.7,0.7,0.7,0.8,1.3,2.6,3.3,3,2.3,2.1,2.3,2,1.9,1.5,1.7,1.3,1.1,0.9,1,1,0.8,0.6,
新竹,2025/09/22 00:00:00,NO2,4.9,5.1,4.1,3.8,4.1,4.7,5.1,5.4,5.6,5.4,5.3,5,5.2,5.3,5.5,5.9,6.2,6.2,6.7,6.2,5.9,5.2,4.4,3.5,
新竹,2025/09/22 00:00:00,NOx,5.2,5.7,4.9,4.5,4.9,5.5,6.4,8,8.9,8.4,7.7,7.1,7.5,7.3,7.5,7.4,7.9,7.6,7.8,7.1,6.9,6.3,5.3,4.1,
新竹,2025/09/22 00:00:00,O3,8.4,8,9.1,10,9.5,8.6,8.4,8.9,10.2,12.6,15.4,14.4,14.4,16.3,17.2,17.3,17.3,15.8,14.2,14.4,13.6,15.1,15.8,16.3,
新竹,2025/09/22 00:00:00,PM10,7,7,6,5,7,5,7,7,12,18,25,19,12,15,14,13,17,12,12,15,9,5,7,5,
新竹,2025/09/22 00:00:00,PM2.5,0,2,2,2,3,6,3,2,1,2,6,3,4,3,1,2,1,1,3,3,2,2,1,1,
新竹,2025/09/22 00:00:00,RAINFALL,0,0,0,0,0,0,0,0,0,0,0,0,0,0,0,0,0,0,0,0,0,0,0.5,0,
新竹,2025/09/22 00:00:00,RH,79,78,80,79,80,78,78,74,67,61,59,59,62,61,60,62,61,65,69,71,76,73,69,69,
新竹,2025/09/22 00:00:00,SO2,x,x,x,x,x,x,x,x,x,x,x,x,x,x,x,x,x,x,x,x,x,x,x,x,
新竹,2025/09/22 00:00:00,THC,2.03,2.01,2.01,1.99,2.01,2.01,2,2.01,2,1.99,1.97,1.96,1.97,1.97,1.97,1.97,1.98,1.98,1.99,1.97,1.97,1.96,1.95,1.94,
新竹,2025/09/22 00:00:00,WD_HR,40,51,53,51,47,51,50,55,52,54,51,54,50,50,53,53,53,54,52,54,52,61,54,64,
新竹,2025/09/22 00:00:00,WIND_DIREC,40,49,49,37,49,48,56,59,49,58,51,56,49,55,64,46,54,52,54,55,55,65,54,74,
新竹,2025/09/22 00:00:00,WIND_SPEED,3.1,3.5,3.4,4.1,3.4,4.3,4.8,4.4,4.1,4.9,6,4.9,6.4,5.4,4.4,5.3,5.3,4.9,4.7,6,5.5,4.2,5.5,4.5,
新竹,2025/09/22 00:00:00,WS_HR,2.8,3.1,3.1,3.2,2.9,3.2,3.5,3.6,3.7,4.1,4.6,4.5,4.6,5.1,4.3,4.2,4.2,4.6,4,4.4,4.5,3.6,4.6,4.2,
新竹,2025/09/23 00:00:00,AMB_TEMP,29.9,30.3,30.3,30.8,30.6,29.9,29.5,29.7,30.1,29.7,29.4,29,28.9,29.2,29.1,29.2,28.8,28.5,28,27.7,27.6,27.4,27.2,27.1,
新竹,2025/09/23 00:00:00,CH4,1.95,1.95,1.96,1.95,1.95,1.95,1.97,2.03,2.15,2.24,2.27,2.26,2.2,2.09,2.14,2.13,2.17,2.2,2.18,2.2,2.21,2.14,2.11,2.12,
新竹,2025/09/23 00:00:00,CO,0.07,0.07,0.07,0.07,0.07,0.07,0.1,0.27,0.56,0.55,0.51,0.47,0.39,0.33,0.36,0.33,0.43,0.55,0.49,0.42,0.42,0.35,0.29,0.23,
新竹,2025/09/23 00:00:00,NMHC,0,0,0,0,0,0,0.02,0.07,0.19,0.21,0.19,0.22,0.22,0.11,0.14,0.13,0.18,0.21,0.19,0.17,0.16,0.13,0.09,0.08,
新竹,2025/09/23 00:00:00,NO,0.6,0.7,0.6,0.5,0.4,0.5,0.8,3.4,11.1,10.3,5.1,9.3,10.3,3.6,3.4,2.4,1.8,3.1,2,2.1,4,2.7,1.1,0.7,
新竹,2025/09/23 00:00:00,NO2,3.2,4.4,4,3.7,3.7,3.8,5.9,14.1,19.8,26.8,24.6,24.8,20.1,15.1,20.6,16.8,20.3,23.7,21.8,22.2,17.5,14.2,13.2,9.6,
新竹,2025/09/23 00:00:00,NOx,3.9,5.1,4.6,4.3,4.2,4.4,6.8,17.6,31,37.2,29.7,34.1,30.4,18.8,24,19.3,22.1,26.8,23.8,24.4,21.5,17,14.3,10.4,
新竹,2025/09/23 00:00:00,O3,16.4,16.9,16.9,16.8,16.5,15.9,12.1,4.7,3.1,3.8,7.1,5,9.2,16.4,11.3,19.2,13.6,8.2,8.5,4.9,1.7,4,5.7,4.2,
新竹,2025/09/23 00:00:00,PM10,3,3,4,6,5,3,3,10,19,28,30,32,21,21,26,24,31,28,22,16,11,13,11,11,
新竹,2025/09/23 00:00:00,PM2.5,2,0,0,0,2,1,0,0,3,11,11,14,13,15,13,12,17,17,14,12,14,11,10,7,
新竹,2025/09/23 00:00:00,RAINFALL,0,0,0,0,0,0,0,0,0,0,0.5,0,0,0,0,0,0.5,0,0.5,1,0.5,0.5,0,1,
新竹,2025/09/23 00:00:00,RH,70,67,67,63,64,70,73,70,70,76,81,86,87,83,84,84,87,88,91,93,96,95,95,94,
新竹,2025/09/23 00:00:00,SO2,x,0.5,0.5,0.8,0.7,0.6,0.7,0.7,1.1,1.7,1.7,1.8,1.5,1.8,2.9,2.7,1.7,1.3,1.2,1.3,1.1,1.1,0.8,1,
新竹,2025/09/23 00:00:00,THC,1.94,1.95,1.95,1.95,1.95,1.95,1.99,2.1,2.34,2.45,2.46,2.48,2.42,2.2,2.28,2.26,2.35,2.41,2.37,2.37,2.37,2.27,2.2,2.2,
新竹,2025/09/23 00:00:00,WD_HR,59,62,60,64,71,78,69,85,157,196,272,224,182,166,254,255,210,182,193,234,171,155,73,67,
新竹,2025/09/23 00:00:00,WIND_DIREC,61,65,55,63,77,75,65,104,171,125,232,196,197,247,193,245,167,186,230,198,197,122,76,69,
新竹,2025/09/23 00:00:00,WIND_SPEED,4,3.8,2.9,2.4,3.3,2.1,0.8,1.3,0.6,0.3,0.7,1.1,0.9,0.9,0.6,0.6,0.8,0.4,0.6,0.7,0.9,0.6,0.6,0.4,
新竹,2025/09/23 00:00:00,WS_HR,3.4,2.9,2.3,2.4,2.3,1.5,1.1,0.8,0.6,0.2,0.6,0.6,0.6,0.2,0.5,0.6,0.4,0.4,0.2,0.7,0.6,0.3,0.5,0.4,
新竹,2025/09/24 00:00:00,AMB_TEMP,27.1,26.6,26.1,26.3,26.5,26.3,26.4,27.2,28.5,29.6,30.4,32.1,32.3,32.5,32.2,31.1,30.6,30.1,29.5,29.4,29.4,29.4,29.1,28.9,
新竹,2025/09/24 00:00:00,CH4,2.24,2.24,2.08,2.09,2.21,2.16,2.13,2.11,2.08,2.05,2.07,2.03,2.02,2.01,2,1.99,1.97,1.99,1.98,2,2.01,2.07,2.11,2.14,
新竹,2025/09/24 00:00:00,CO,0.27,0.21,0.14,0.14,0.15,0.15,0.21,0.34,0.29,0.22,0.24,0.2,0.18,0.18,0.17,0.16,0.15,0.19,0.22,0.25,0.26,0.31,0.27,0.23,
新竹,2025/09/24 00:00:00,NMHC,0.11,0.11,0,0.02,0.04,0.03,0.05,0.09,0.07,0.05,0.06,0.04,0.03,0.01,0.02,0.01,0.01,0.02,0.03,0.04,0.05,0.07,0.07,0.06,
新竹,2025/09/24 00:00:00,NO,0.7,2.9,1.1,0.7,2.9,2.3,9.1,8,4.3,2.2,1.6,1.5,1.8,1.1,0.6,0.6,0.7,0.4,0.5,0.4,0.4,0.6,0.7,0.6,
新竹,2025/09/24 00:00:00,NO2,10.5,11.8,6.2,6.7,10.7,8.6,10.1,10.8,9.6,7.8,7.5,7.9,8.9,6,4.8,4.4,4.5,5.5,5.2,6.8,8.3,11.6,12.6,11.8,
新竹,2025/09/24 00:00:00,NOx,11.3,14.7,7.3,7.5,13.7,10.9,19.3,18.9,14,10,9.1,9.5,10.7,7.1,5.4,5,5.2,6,5.7,7.3,8.8,12.2,13.3,12.5,
新竹,2025/09/24 00:00:00,O3,3.2,0.3,2.6,3.8,0.3,0.7,0.2,3.9,13.7,21.5,29.3,38.7,37,40.2,46.8,42.5,34.3,33.2,36.8,32.1,27.2,21.2,16.8,12.9,
新竹,2025/09/24 00:00:00,PM10,15,11,9,8,8,7,14,13,8,18,16,18,9,6,10,10,13,24,29,37,30,25,22,27,
新竹,2025/09/24 00:00:00,PM2.5,6,7,6,4,4,3,3,3,3,9,7,11,10,9,8,5,6,6,9,13,12,12,12,10,
新竹,2025/09/24 00:00:00,RAINFALL,0.5,1,0.5,0,0,0,0,0,0,0,0,0,0,0,0,0,0,0,0,0,0,0,0,0,
新竹,2025/09/24 00:00:00,RH,96,97,96,94,94,93,93,92,88,83,78,68,63,63,67,72,73,78,86,85,85,84,85,86,
新竹,2025/09/24 00:00:00,SO2,0.7,0.9,1,1,1,0.9,1,1.2,1.2,0.9,1.2,1.3,1.8,1.5,1.1,1.2,1,0.9,1.1,1,1.3,1.2,1.1,0.9,
新竹,2025/09/24 00:00:00,THC,2.35,2.35,2.08,2.11,2.25,2.19,2.18,2.2,2.15,2.1,2.13,2.07,2.05,2.02,2.02,2,1.98,2.01,2.01,2.04,2.06,2.14,2.18,2.2,
新竹,2025/09/24 00:00:00,WD_HR,246,193,160,100,155,167,141,173,243,243,252,249,260,264,272,278,280,275,267,265,163,200,163,165,
新竹,2025/09/24 00:00:00,WIND_DIREC,243,197,143,79,173,130,144,191,219,249,245,256,286,270,265,242,272,252,255,242,62,190,184,159,
新竹,2025/09/24 00:00:00,WIND_SPEED,1.2,0.6,0.4,0.7,0.5,0.4,0.6,1,1.2,3.1,2.6,2.2,1.8,2.4,2.8,2.5,1.5,1.5,1.2,0.7,0.8,0.7,0.5,0.6,
新竹,2025/09/24 00:00:00,WS_HR,0.4,0.6,0.6,0.4,0.2,0.4,0.4,0.5,1.1,1.7,1.7,1.9,1.4,2.2,2.1,1.8,1.2,1.3,1.3,0.9,0.5,0.6,0.7,0.7,
新竹,2025/09/25 00:00:00,AMB_TEMP,28.5,28.1,27.9,27.9,27.9,27.5,27.1,28.3,30.1,31.5,32.1,32.5,33.1,34.1,33,31.7,30.9,30.3,29.7,29.6,29.5,29.6,29.5,29.4,
新竹,2025/09/25 00:00:00,CH4,2.14,2.1,2.11,2.18,2.08,2.17,2.19,2.17,2.02,1.99,2.06,#,#,x,#,#,#,2.01,2.01,2.05,2.06,2.06,2.2,2.19,
新竹,2025/09/25 00:00:00,CO,0.2,0.15,0.15,0.16,0.14,0.16,0.21,0.32,0.27,0.21,0.22,#,0.22,0.22,0.2,0.18,0.2,0.21,0.22,0.24,0.25,0.23,0.3,0.27,
新竹,2025/09/25 00:00:00,NMHC,0.04,0.03,0.02,0.05,0.02,0.05,0.08,0.09,0.06,0.03,0.05,#,#,x,#,#,#,0.04,0.04,0.05,0.07,0.05,0.09,0.07,
新竹,2025/09/25 00:00:00,NO,0.6,0.5,0.4,0.7,0.5,1.3,8.1,13.2,7.1,3.7,1.3,#,#,x,x,#,#,A,*,*,*,*,*,*,
新竹,2025/09/25 00:00:00,NO2,10,8.7,7.4,10.6,6.5,9.5,9.4,11.7,13.5,10.7,7.2,#,#,x,x,#,#,A,*,*,*,*,*,*,
新竹,2025/09/25 00:00:00,NOx,10.7,9.3,7.9,11.4,7.1,10.8,17.6,25,20.6,14.4,8.5,#,#,x,x,#,#,A,*,*,*,*,*,*,
新竹,2025/09/25 00:00:00,O3,11.6,10.8,13.3,7.8,14.3,1,0.3,2.7,15.7,30.4,45.1,#,#,#,#,54.3,53,#,#,#,#,45.2,34.2,30.1,
新竹,2025/09/25 00:00:00,PM10,20,21,25,19,17,16,19,20,27,18,25,26,#,21,37,29,26,26,29,29,29,26,24,28,
新竹,2025/09/25 00:00:00,PM2.5,17,10,10,13,11,7,3,9,11,9,11,#,11,13,14,10,15,8,6,10,13,11,11,20,
新竹,2025/09/25 00:00:00,RAINFALL,0,0,0,0,0,0,0,0,0,0,0,#,#,0,0,0,0,0,0,0,0,0,0,0,
新竹,2025/09/25 00:00:00,RH,87,87,88,88,86,87,86,81,77,70,70,71,68,65,70,75,78,81,85,86,85,82,84,85,
新竹,2025/09/25 00:00:00,SO2,1.6,1.1,1.3,1.5,1.7,1.5,2.1,2.4,2,1.6,1.4,#,1.6,2.1,#,1.6,1.7,1.9,1.7,1.1,1.5,1.7,1.7,2,
新竹,2025/09/25 00:00:00,THC,2.18,2.13,2.13,2.23,2.1,2.22,2.27,2.26,2.08,2.02,2.11,#,#,x,#,#,#,2.05,2.05,2.1,2.13,2.11,2.29,2.26,
新竹,2025/09/25 00:00:00,WD_HR,167,143,158,151,163,94,72,53,75,75,278,311,276,250,262,291,289,281,327,323,302,299,208,119,
新竹,2025/09/25 00:00:00,WIND_DIREC,159,105,164,164,141,78,82,117,89,104,292,290,250,250,255,262,275,301,70,294,291,304,246,73,
新竹,2025/09/25 00:00:00,WIND_SPEED,0.6,0.4,0.5,0.7,0.7,0.7,0.8,0.8,1.3,1.4,2.5,1.9,2.5,2.3,3.1,1.5,1.8,1.3,1.2,1.1,0.8,0.7,0.8,0.8,
新竹,2025/09/25 00:00:00,WS_HR,0.7,0.5,0.6,0.5,0.5,0.7,0.7,0.5,0.7,0.6,0.6,1.1,1.7,2.3,2.1,1.6,1.5,1.1,0.6,0.4,0.5,0.6,0.4,0.3,
新竹,2025/09/26 00:00:00,AMB_TEMP,29,28.8,28.6,28.5,28.4,28.2,28.3,28.7,29.6,30.8,31.7,31.7,31.2,30.5,30.4,30.3,30.5,30.7,30,29.6,29.3,29.2,29.1,28.8,
新竹,2025/09/26 00:00:00,CH4,2.23,2.2,2.21,2.19,2.17,2.25,2.22,2.17,2.23,2.21,2.11,2.1,2.09,2.06,2.07,2.09,2.09,2.12,2.07,2.11,2.15,2.09,2.1,2.09,
新竹,2025/09/26 00:00:00,CO,0.3,0.23,0.21,0.18,0.16,0.16,0.24,0.32,0.45,0.43,0.31,0.34,0.36,#,#,#,#,0.33,0.28,0.38,0.42,0.28,0.23,0.19,
新竹,2025/09/26 00:00:00,NMHC,0.11,0.08,0.07,0.07,0.07,0.07,0.09,0.11,0.17,0.15,0.09,0.12,0.08,0.05,0.05,0.07,0.12,0.2,0.11,0.15,0.17,0.09,0.06,0.05,
新竹,2025/09/26 00:00:00,NO,*,A,*,*,*,*,*,*,*,*,#,#,#,#,#,#,#,2.1,1.5,3.5,4.7,1.3,0.6,0.5,
新竹,2025/09/26 00:00:00,NO2,*,A,*,*,*,*,*,*,*,*,#,#,#,#,#,#,#,23.4,16.2,21.1,23,15.1,10.8,8.3,
新竹,2025/09/26 00:00:00,NOx,*,A,*,*,*,*,*,*,*,*,#,#,#,#,#,#,#,25.5,17.7,24.6,27.8,16.4,11.5,8.9,
新竹,2025/09/26 00:00:00,O3,15.9,13.1,5.9,9.8,6.8,0.6,1.7,6.7,8.4,14.7,34.6,54.4,59.4,59.4,57.4,53.6,43.9,10.3,9.6,5.2,3.8,10.4,13.6,14.9,
新竹,2025/09/26 00:00:00,PM10,30,27,25,24,15,13,16,18,20,24,30,36,39,29,32,30,25,21,20,15,18,11,10,10,
新竹,2025/09/26 00:00:00,PM2.5,9,18,11,8,10,6,9,10,7,11,18,20,22,15,14,14,15,3,5,4,8,6,6,6,
新竹,2025/09/26 00:00:00,RAINFALL,0,0,0,0,0,0,0,0,0,0,0,0,0,0,0,0,0,0,0,0,0,0,0,0,
新竹,2025/09/26 00:00:00,RH,88,88,86,84,81,78,79,76,75,72,73,75,77,82,83,83,75,63,67,70,72,71,71,74,
新竹,2025/09/26 00:00:00,SO2,1.1,1.5,1.6,1.7,1.9,2.2,1.8,1.5,2,2,2,2.2,2.4,#,#,#,#,2.1,1.5,1.6,1.5,1.5,1.5,1.5,
新竹,2025/09/26 00:00:00,THC,2.34,2.28,2.28,2.26,2.24,2.32,2.31,2.28,2.4,2.36,2.2,2.22,2.17,2.11,2.12,2.16,2.21,2.32,2.18,2.26,2.32,2.18,2.16,2.14,
新竹,2025/09/26 00:00:00,WD_HR,84,93,90,99,72,127,168,68,113,160,247,245,258,299,296,308,46,59,69,86,79,78,78,83,
新竹,2025/09/26 00:00:00,WIND_DIREC,165,78,95,64,70,192,129,64,152,37,301,254,283,308,260,307,69,73,91,80,70,71,75,148,
新竹,2025/09/26 00:00:00,WIND_SPEED,0.9,1,0.8,0.3,0.6,0.9,0.8,1.4,0.9,0.8,1.5,2,1.3,2.1,0.8,1.4,1.5,1.7,1.4,1.1,1.2,1.7,1.8,0.7,
新竹,2025/09/26 00:00:00,WS_HR,0.6,0.9,0.6,0.4,0.6,0.4,0.4,0.4,0.3,0.5,0.5,1.5,1.5,1.5,0.9,0.7,0.7,1.3,1.2,1,1.3,1.2,1.4,1,
新竹,2025/09/27 00:00:00,AMB_TEMP,28.1,27.1,27,27,26.4,26.7,26.8,27.7,29.6,31.5,32,32.5,32.7,33,33.1,32.7,32.4,31.8,31.1,30.6,30.3,30.2,29.6,29.3,
新竹,2025/09/27 00:00:00,CH4,2.2,2.2,2.2,2.22,2.16,2.18,2.22,2.11,2.11,2.11,2.11,2.07,2.06,2.04,2.02,2.03,2.06,2.08,2.11,2.12,2.09,2.13,2.18,2.19,
新竹,2025/09/27 00:00:00,CO,0.24,0.22,0.23,0.22,0.15,0.17,0.24,0.26,0.36,0.38,0.35,0.31,0.3,0.24,0.28,0.17,0.18,0.27,0.31,0.37,0.31,0.37,0.39,0.35,
新竹,2025/09/27 00:00:00,NMHC,0.09,0.08,0.06,0.07,0.05,0.06,0.08,0.08,0.1,0.09,0.07,0.05,0.05,0.02,0.02,0.01,0.04,0.08,0.1,0.09,0.07,0.08,0.1,0.09,
新竹,2025/09/27 00:00:00,NO,1.2,0.1,0.2,0.2,0.7,0.4,2.5,5.3,3.6,1.2,0.3,0,0.2,0.2,0,0.2,0.2,0.3,0.3,0.1,0,0.1,0.2,0.2,
新竹,2025/09/27 00:00:00,NO2,12.4,9.4,8.8,10,10.8,9.5,11.5,11.4,12,10.4,7.3,6.3,6.3,5.6,5.2,4.3,4.9,9.8,12.8,14.3,12.3,17.9,15.4,12.1,
新竹,2025/09/27 00:00:00,NOx,13.6,9.5,9,10.2,11.6,10,14.1,16.7,15.6,11.6,7.7,6.3,6.5,5.8,5.2,4.6,5.2,10.1,13.2,14.4,12.1,18,15.6,12.3,
新竹,2025/09/27 00:00:00,O3,8.4,6.1,7.4,6.3,2.3,3.9,4.1,7.8,24.9,50.1,64.5,63.6,68.7,61.6,67.4,47.9,37.4,29.2,23,33.7,37.6,29.4,24.9,21.3,
新竹,2025/09/27 00:00:00,PM10,17,21,22,24,18,18,11,20,37,35,38,32,30,26,18,17,23,22,25,32,23,24,29,31,
新竹,2025/09/27 00:00:00,PM2.5,7,12,11,12,11,7,7,9,21,22,21,20,22,10,9,7,6,6,9,20,15,16,19,22,
新竹,2025/09/27 00:00:00,RAINFALL,0,0,0,0,0,0,0,0,0,0,0,0,0,0,0,0,0,0,0,0,0,0,0,0,
新竹,2025/09/27 00:00:00,RH,80,87,89,87,82,79,79,75,76,71,70,66,64,60,59,65,70,72,76,71,70,73,77,79,
新竹,2025/09/27 00:00:00,SO2,2.3,0.4,0.5,0.7,0.8,1.1,0.9,1.1,1.2,1.8,#,1.5,1.5,1.9,2.2,1.5,1.1,1.4,1,1.4,1.4,1.2,1.2,1.5,
新竹,2025/09/27 00:00:00,THC,2.29,2.28,2.26,2.29,2.21,2.24,2.3,2.19,2.21,2.2,2.18,2.12,2.11,2.06,2.04,2.04,2.1,2.16,2.21,2.21,2.16,2.21,2.28,2.28,
新竹,2025/09/27 00:00:00,WD_HR,196,182,163,100,80,88,80,78,65,13,311,310,325,311,308,291,258,210,189,163,107,89,77,63,
新竹,2025/09/27 00:00:00,WIND_DIREC,232,145,176,68,72,95,63,86,45,294,1,304,353,318,306,252,253,196,168,154,56,91,75,79,
新竹,2025/09/27 00:00:00,WIND_SPEED,0.8,0.6,1.2,0.8,1.5,0.6,0.6,1,0.8,1.5,1.5,1.9,1.3,1.7,2.2,1.9,1.9,1.4,1.6,1.1,0.9,0.4,0.9,0.4,
新竹,2025/09/27 00:00:00,WS_HR,0.7,0.6,0.9,0.7,1.1,0.7,0.6,1.1,0.6,0.4,0.8,1.3,1,0.9,0.9,1.6,1.8,1,0.9,0.7,0.6,0.8,0.8,0.6,
新竹,2025/09/28 00:00:00,AMB_TEMP,29.3,29,28.6,27.9,27.7,27.4,27.7,28.7,30.6,31.6,31.7,32.5,32.8,32.7,32.9,32.1,31.2,30.8,30.6,30.2,29.8,29.5,29.2,29,
新竹,2025/09/28 00:00:00,CH4,2.23,2.23,2.3,2.31,2.34,2.35,2.44,2.31,2.16,2.12,2.12,2.12,2.12,2.05,2.04,2.04,2.05,2.09,2.08,2.08,2.1,2.13,2.14,2.13,
新竹,2025/09/28 00:00:00,CO,0.35,0.32,0.3,0.25,0.23,0.24,0.31,0.33,0.31,0.31,0.31,0.36,0.37,0.27,0.2,0.17,0.19,0.28,0.27,0.26,0.26,0.26,0.25,0.23,
新竹,2025/09/28 00:00:00,NMHC,0.08,0.08,0.09,0.08,0.09,0.09,0.12,0.11,0.07,0.04,0.03,0.04,0.04,0.03,0.03,0.02,0.03,0.05,0.05,0.04,0.05,0.05,0.05,0.04,
新竹,2025/09/28 00:00:00,NO,0,0.8,0.7,0.7,0.6,0.9,3.5,6.1,5,2.4,1.1,1,0.9,1.1,1,0.9,0.6,0.7,0.6,0.7,0.8,0.7,0.8,0.6,
新竹,2025/09/28 00:00:00,NO2,12,11.5,10.5,10.1,9.1,9.8,13.5,14.8,13.7,10.4,6.8,6,5.7,5,3.9,3.5,4.6,8.5,9.9,7.6,6.7,8.7,9.8,7.2,
新竹,2025/09/28 00:00:00,NOx,12,12.3,11.3,10.8,9.8,10.7,17.1,21,18.8,12.8,8,7,6.7,6.1,4.9,4.5,5.3,9.3,10.6,8.4,7.6,9.5,10.7,7.9,
新竹,2025/09/28 00:00:00,O3,16.3,13,13,8.4,7.9,5.7,4,9.7,27.4,47.1,56.3,64.6,68.1,59.6,56.8,52.5,54.7,52.2,48.7,52.8,50.4,40.4,37.3,38,
新竹,2025/09/28 00:00:00,PM10,27,24,17,21,21,18,18,21,26,39,32,33,36,37,25,20,14,23,14,21,23,20,24,23,
新竹,2025/09/28 00:00:00,PM2.5,18,13,18,15,12,11,12,15,14,19,19,22,32,16,14,11,8,9,12,14,13,13,11,18,
新竹,2025/09/28 00:00:00,RAINFALL,0,0,0,0,0,0,0,0,0,0,0,0,0,0,0,0,0,0,0,0,0,0,0,0,
新竹,2025/09/28 00:00:00,RH,78,78,79,79,78,79,78,73,68,68,71,68,68,67,63,67,70,72,70,75,79,83,85,85,
新竹,2025/09/28 00:00:00,SO2,0.9,1,1,1.3,1.4,1.4,1.2,1.2,2,4,3.6,3.1,3,2.4,2.1,1.6,1.5,2.1,2.1,1.6,1.5,1.3,1.6,2.2,
新竹,2025/09/28 00:00:00,THC,2.31,2.31,2.39,2.39,2.43,2.44,2.56,2.42,2.23,2.16,2.15,2.16,2.16,2.08,2.07,2.06,2.08,2.14,2.13,2.12,2.15,2.18,2.19,2.17,
新竹,2025/09/28 00:00:00,WD_HR,46,93,115,84,90,89,93,44,224,278,276,277,270,272,269,250,275,240,211,233,240,179,172,176,
新竹,2025/09/28 00:00:00,WIND_DIREC,63,114,71,81,85,92,86,33,200,297,252,252,285,260,272,248,264,196,175,254,230,155,173,168,
新竹,2025/09/28 00:00:00,WIND_SPEED,0.7,0.4,1,0.4,0.7,0.9,0.6,0.9,1.2,1.5,2.7,2.3,2.1,2.4,2.1,2.2,2.1,0.9,1.4,1.3,1.6,1.1,1.1,0.9,
新竹,2025/09/28 00:00:00,WS_HR,0.6,0.6,0.6,0.6,0.8,0.8,0.6,0.6,0.3,0.8,1.5,1.6,1.9,1.8,1.8,2.3,1.6,0.8,0.6,0.8,1.2,0.7,1.2,1.2,
新竹,2025/09/29 00:00:00,AMB_TEMP,28.7,28.4,28.3,28.1,28,27.9,27.9,28.7,30.1,30.7,31,31.8,31.7,31.5,30.8,30.2,30,29.9,29.9,29.7,29.6,29.4,29.2,28.4,
新竹,2025/09/29 00:00:00,CH4,2.18,2.22,2.19,2.17,2.17,2.27,2.36,2.28,2.16,2.11,2.08,2.06,2.02,2,2.01,2.01,2.03,2.05,2.1,2.1,2.08,2.09,2.18,2.17,
新竹,2025/09/29 00:00:00,CO,0.29,0.33,0.28,0.22,0.22,0.26,0.3,0.31,0.28,0.24,0.22,0.19,0.15,0.15,0.16,0.15,0.17,0.22,0.28,0.27,0.26,0.28,0.33,0.27,
新竹,2025/09/29 00:00:00,NMHC,0.05,0.06,0.05,0.05,0.06,0.07,0.12,0.1,0.07,0.04,0.04,0.03,0.01,0.02,0.01,0.01,0.03,0.04,0.09,0.07,0.07,0.08,0.1,0.07,
新竹,2025/09/29 00:00:00,NO,0.8,0.9,0.8,0.8,0.9,1.1,2.6,5.2,3.5,2.4,1.6,1.2,1.2,1.4,1,1,1.2,0.9,0.8,0.8,1,1.1,1,1,
新竹,2025/09/29 00:00:00,NO2,8,10.9,10.1,7.7,7.7,19.8,13.4,13.2,11.6,10,6.9,5,3.8,3.9,4.4,3.8,4.2,6,8.3,10.2,11.7,11.7,12.8,12.1,
新竹,2025/09/29 00:00:00,NOx,8.8,11.8,10.9,8.6,8.7,20.9,16,18.5,15.1,12.5,8.5,6.2,5.1,5.3,5.4,4.8,5.4,6.9,9.1,11.1,12.7,12.8,13.9,13.1,
新竹,2025/09/29 00:00:00,O3,29.8,23.1,21.4,22.4,22.6,6.4,8.4,13.8,27.5,36.5,45,46.7,43,45.4,51.3,45.3,43.7,45.6,46.9,40.8,33.3,28.5,22.5,18.8,
新竹,2025/09/29 00:00:00,PM10,27,28,29,27,28,27,32,25,32,29,24,18,12,13,14,16,15,18,31,24,26,21,20,25,
新竹,2025/09/29 00:00:00,PM2.5,12,14,19,13,18,22,16,18,17,16,15,11,9,8,7,8,8,9,18,20,15,18,13,16,
新竹,2025/09/29 00:00:00,RAINFALL,0,0,0,0,0,0,0,0,0,0,0,0,0,0,0,0,0,0,0,0,0,0,0,0,
新竹,2025/09/29 00:00:00,RH,85,87,86,87,88,89,87,82,75,73,73,69,69,72,75,77,79,80,80,81,81,82,84,86,
新竹,2025/09/29 00:00:00,SO2,2.6,2.3,2.6,2.2,1.7,1.7,1.6,1.8,1.5,2.1,2.1,1.7,1,0.9,1.1,0.9,1,1.2,1.5,1.4,1.3,1.2,1.3,1.1,
新竹,2025/09/29 00:00:00,THC,2.23,2.28,2.24,2.22,2.23,2.34,2.48,2.38,2.23,2.15,2.12,2.09,2.03,2.02,2.02,2.02,2.06,2.09,2.19,2.17,2.15,2.17,2.28,2.24,
新竹,2025/09/29 00:00:00,WD_HR,175,198,172,166,145,173,89,179,286,292,290,279,293,290,310,300,296,36,54,78,76,86,145,178,
新竹,2025/09/29 00:00:00,WIND_DIREC,158,165,172,162,126,240,86,258,289,297,274,309,281,284,18,289,297,69,58,83,52,98,198,226,
新竹,2025/09/29 00:00:00,WIND_SPEED,0.7,0.7,1.4,0.7,0.7,0.8,0.9,1,1.1,1.9,2.6,2.6,2.3,1.8,1.4,1.5,1.7,1.4,2.1,1.4,1,1.1,0.6,0.7,
新竹,2025/09/29 00:00:00,WS_HR,0.6,0.4,1.1,0.8,0.6,0.2,0.4,0.2,0.9,1.4,1.7,2,2,1.9,1,1.3,1.7,0.3,1.5,1.1,1.1,1,0.5,0.8,
新竹,2025/09/30 00:00:00,AMB_TEMP,28.4,28.1,27.7,27.7,27.8,27.7,27.9,28.5,30.1,31.7,32.2,32.7,32.3,32.1,32.1,31.3,30.4,29.8,29.6,30,29.6,29.3,28.9,28.8,
新竹,2025/09/30 00:00:00,CH4,2.24,2.31,2.23,2.22,2.22,2.19,2.2,2.15,2.09,2.06,2.07,2.07,2.03,2.01,2.01,2.01,2,2.03,2.08,2.09,2.11,2.13,2.15,2.19,
新竹,2025/09/30 00:00:00,CO,0.27,0.26,0.22,0.2,0.2,0.2,0.26,0.35,0.28,0.2,0.21,0.2,0.17,0.14,0.13,0.13,0.13,0.18,0.25,0.28,0.24,0.27,0.29,0.3,
新竹,2025/09/30 00:00:00,NMHC,0.09,0.09,0.04,0.04,0.04,0.04,0.06,0.08,0.07,0.04,0.04,0.04,0.03,0.03,0.01,0.01,0.01,0.03,0.06,0.09,0.07,0.09,0.1,0.11,
新竹,2025/09/30 00:00:00,NO,1,0.5,0.3,0.4,0.3,0.3,1.9,4.4,3.5,1.4,0.8,0.8,0.9,0.8,0.9,0.9,0.6,0.5,0.4,0.6,0.3,0.3,0.8,1,
新竹,2025/09/30 00:00:00,NO2,9,11.8,9.6,7.4,7,7.4,13.4,14.1,10.7,6.9,6.3,6.1,5.1,4.5,4.3,4.1,4.9,7.9,10.8,12.8,10.1,12.8,21.8,19,
新竹,2025/09/30 00:00:00,NOx,10.1,12.3,9.9,7.8,7.3,7.8,15.3,18.6,14.3,8.4,7.1,6.9,6.1,5.4,5.3,5,5.6,8.4,11.2,13.4,10.5,13.2,22.6,20.1,
新竹,2025/09/30 00:00:00,O3,21.7,14.4,15.1,17.2,19.1,18.6,10.7,13.3,20.7,35.7,42.5,41.3,35,31.2,29.5,27.4,28.8,29.7,26.3,21.4,23.5,18.3,7.9,3.7,
新竹,2025/09/30 00:00:00,PM10,24,23,24,19,24,23,19,28,19,20,23,16,11,9,9,12,11,19,15,12,8,17,20,13,
新竹,2025/09/30 00:00:00,PM2.5,19,16,16,17,13,11,13,14,12,9,13,10,8,5,5,3,3,5,9,7,4,8,9,10,
新竹,2025/09/30 00:00:00,RAINFALL,0,0,0,0,0,0,0,0,0,0,0,0,0,0,0,0,0,0,0,0,0,0,0,0,
新竹,2025/09/30 00:00:00,RH,86,87,87,88,88,88,86,84,79,70,69,70,70,68,67,69,74,78,79,71,79,83,84,83,
新竹,2025/09/30 00:00:00,SO2,0.7,2,1.9,1.6,1.6,1.2,1.8,1.9,2.1,1.7,1.7,2,1.9,1.7,1.7,1.5,1.5,1.8,2.4,1.9,1.5,1.5,1.5,1.8,
新竹,2025/09/30 00:00:00,THC,2.33,2.4,2.27,2.26,2.26,2.23,2.26,2.23,2.16,2.1,2.11,2.11,2.06,2.04,2.02,2.02,2.01,2.06,2.14,2.18,2.18,2.22,2.25,2.3,
新竹,2025/09/30 00:00:00,WD_HR,221,170,191,184,180,158,101,154,174,155,256,251,271,282,260,289,280,283,282,175,225,66,177,89,
新竹,2025/09/30 00:00:00,WIND_DIREC,162,173,179,87,181,157,91,147,216,138,283,256,295,304,281,275,259,274,277,134,201,95,40,119,
新竹,2025/09/30 00:00:00,WIND_SPEED,1.1,0.9,0.8,0.4,0.8,1.1,1,1.2,1.5,1.6,1.8,2.5,2.8,2.8,1.9,1.9,1.3,1.4,1,0.6,0.4,1.1,0.4,0.3,
新竹,2025/09/30 00:00:00,WS_HR,0.3,0.9,0.6,0.7,0.7,1,0.7,1,0.8,1,1.3,2,2.2,2,1.6,1.7,1.3,1,0.7,0.6,0.2,0.5,0.7,0.3,
新竹,2025/10/01 00:00:00,AMB_TEMP,28.4,27.9,27.5,27.2,27,27.3,27.4,28.3,29.8,31.2,31.8,32.4,32.1,32.2,31.6,31.1,30.6,30.5,30,30,30,29.5,28.7,28.3,
新竹,2025/10/01 00:00:00,CH4,2.3,2.22,2.29,2.25,2.19,2.22,2.22,2.2,2.06,2.08,2.05,2.03,2.02,2.01,2,2.02,2.04,2.07,2.1,2.11,2.13,2.24,2.23,2.19,
新竹,2025/10/01 00:00:00,CO,0.28,0.17,0.17,0.17,0.16,0.17,0.22,0.33,0.23,0.26,0.2,0.16,0.13,0.12,0.12,0.14,0.18,0.24,0.25,0.29,0.34,0.45,0.31,0.23,
新竹,2025/10/01 00:00:00,NMHC,0.12,0.06,0.08,0.09,0.05,0.06,0.07,0.1,0.04,0.06,0.04,0.02,0.01,0.01,0.01,0.02,0.02,0.08,0.11,0.14,0.1,0.17,0.11,0.07,
新竹,2025/10/01 00:00:00,NO,1.7,0.8,0.9,0.9,0.7,0.7,3.7,12.5,4.2,2.3,2,1.3,1.1,1.1,0.7,0.6,0.6,0.5,0.5,0.7,0.6,0.7,0.7,0.6,
新竹,2025/10/01 00:00:00,NO2,18.3,11.4,11.1,12.3,9.9,10.5,13.3,19.1,10.7,9,8.5,5.2,4.3,4.4,3.9,4.2,5.8,8.5,9.4,11.1,15.6,21,16.9,12.1,
新竹,2025/10/01 00:00:00,NOx,20,12.2,12.1,13.2,10.7,11.3,17.1,31.7,14.9,11.3,10.6,6.5,5.4,5.6,4.6,4.9,6.4,9,9.9,11.9,16.2,21.7,17.6,12.8,
新竹,2025/10/01 00:00:00,O3,0.9,5.2,4.6,5.4,9.4,7.3,3.2,6.2,22.3,31.6,34.6,33.7,36,40.5,45.8,48.3,49.8,52.7,54.9,43.4,36.2,28.3,26,22.9,
新竹,2025/10/01 00:00:00,PM10,14,12,11,14,15,14,13,19,15,21,16,9,10,10,14,17,15,22,28,29,30,31,26,24,
新竹,2025/10/01 00:00:00,PM2.5,7,8,5,9,8,8,7,7,9,11,11,6,5,7,5,16,8,11,18,16,17,25,16,16,
新竹,2025/10/01 00:00:00,RAINFALL,0,0,0,0,0,0,0,0,0,0,0,0,0,0,0,0,0,0,0,0,0,0,0,0,
新竹,2025/10/01 00:00:00,RH,86,86,88,89,88,87,84,82,76,71,64,56,60,63,67,71,75,76,78,76,75,79,85,87,
新竹,2025/10/01 00:00:00,SO2,1.5,1.4,1.7,2.3,2.1,2.3,2.1,2,2,2.7,2.7,2,1.8,1.7,1.8,2.2,1.9,2.3,2.5,2.6,2.4,2.3,2.1,2.1,
新竹,2025/10/01 00:00:00,THC,2.42,2.28,2.37,2.34,2.24,2.28,2.29,2.3,2.1,2.14,2.09,2.05,2.03,2.02,2.01,2.04,2.06,2.15,2.21,2.25,2.23,2.41,2.34,2.26,
新竹,2025/10/01 00:00:00,WD_HR,173,182,194,172,187,112,81,131,198,254,278,289,290,301,306,296,301,42,43,59,129,207,165,163,
新竹,2025/10/01 00:00:00,WIND_DIREC,166,157,229,164,166,71,82,169,159,316,287,262,282,278,298,295,318,44,40,93,85,171,169,158,
新竹,2025/10/01 00:00:00,WIND_SPEED,0.7,0.9,0.6,1.6,0.9,1.5,0.6,1.3,1.3,2,2.3,2.6,2.2,1.7,1.8,3,1.5,2.1,1.6,1,0.3,1,1.1,1.4,
新竹,2025/10/01 00:00:00,WS_HR,0.6,0.6,0.4,0.7,0.6,0.6,0.9,0.8,1,1.2,1.7,1.8,2.1,0.9,1.1,1.9,1.5,1.4,1.6,0.9,0.4,0.6,1,1,
新竹,2025/10/02 00:00:00,AMB_TEMP,28,27.7,27.6,27.5,27.6,27.3,27.2,28.2,29.9,30.9,31.5,31.7,32.3,32.3,31.9,31.3,30.7,30,29.8,29.7,29.7,29.7,29.3,28.8,
新竹,2025/10/02 00:00:00,CH4,2.16,2.16,2.2,2.2,2.26,2.28,2.27,2.26,2.14,2.09,2.12,2.1,2.08,2.05,2.04,2.03,2.03,2.03,2.05,2.07,2.09,2.12,2.23,2.24,
新竹,2025/10/02 00:00:00,CO,0.19,0.18,0.2,0.22,0.23,0.23,0.28,0.45,0.4,0.26,0.29,0.27,0.22,0.19,0.17,0.16,0.17,0.21,0.22,0.25,0.31,0.32,0.38,0.32,
新竹,2025/10/02 00:00:00,NMHC,0.05,0.05,0.08,0.1,0.1,0.1,0.11,0.16,0.1,0.05,0.06,0.05,0.03,0.03,0.01,0.02,0.03,0.04,0.03,0.13,0.09,0.12,0.14,0.12,
新竹,2025/10/02 00:00:00,NO,0.4,0.4,0.4,0.3,0.4,1,3.9,11.9,6.7,1.5,1.2,0.8,0.6,0.6,0.6,0.6,0.4,0.3,0.2,0.3,0.4,0.3,0.6,0.6,
新竹,2025/10/02 00:00:00,NO2,9.3,8,8.3,10.9,14.1,19.2,17.9,19.2,15.5,8.3,9,7.7,5.5,5.1,4.5,4.7,5.6,6.8,7.1,8.4,13.7,13.3,17.8,17.9,
新竹,2025/10/02 00:00:00,NOx,9.7,8.4,8.7,11.3,14.5,20.2,21.9,31.2,22.2,9.8,10.2,8.6,6.1,5.7,5.2,5.3,6,7.1,7.3,8.7,14.2,13.7,18.4,18.6,
新竹,2025/10/02 00:00:00,O3,23.9,23.8,18.1,12.8,10,1.8,2.4,2.9,20.3,39.3,49.5,58.8,62.4,62.5,57.2,50.3,48.8,48.1,44.5,42.6,34.3,38.5,23.8,20.5,
新竹,2025/10/02 00:00:00,PM10,18,25,23,18,15,21,17,27,28,25,27,33,24,22,22,16,20,18,20,15,21,23,25,27,
新竹,2025/10/02 00:00:00,PM2.5,14,14,17,16,14,17,11,18,15,14,20,15,16,11,10,6,5,6,10,15,10,18,17,15,
新竹,2025/10/02 00:00:00,RAINFALL,0,0,0,0,0,0,0,0,0,0,0,0,0,0,0,0,0,0,0,0,0,0,0,0,
新竹,2025/10/02 00:00:00,RH,87,88,88,88,85,82,79,75,74,72,70,72,68,66,66,68,72,79,79,78,77,75,79,81,
新竹,2025/10/02 00:00:00,SO2,2,1.6,1.5,1.7,1.6,1.7,1.8,1.6,2.1,2,2.3,2.6,1.8,2.1,1.9,1.7,1.6,1.6,1.7,1.5,1.4,1.9,1.7,1.6,
新竹,2025/10/02 00:00:00,THC,2.21,2.21,2.28,2.3,2.36,2.38,2.38,2.42,2.24,2.14,2.18,2.15,2.11,2.08,2.05,2.05,2.06,2.07,2.08,2.2,2.18,2.24,2.37,2.36,
新竹,2025/10/02 00:00:00,WD_HR,176,159,152,168,131,87,58,90,156,233,285,287,285,287,285,286,271,294,44,55,70,66,154,194,
新竹,2025/10/02 00:00:00,WIND_DIREC,177,159,145,179,90,75,67,117,202,239,266,283,282,310,287,277,245,27,70,23,65,79,157,159,
新竹,2025/10/02 00:00:00,WIND_SPEED,1.6,0.9,0.6,0.7,1,0.9,0.6,0.7,1.2,1.2,1.9,1.8,2.2,2.4,2.2,2.1,1.6,0.9,0.7,1,0.8,0.9,1.4,1.2,
新竹,2025/10/02 00:00:00,WS_HR,0.9,0.8,0.6,0.8,0.7,0.8,0.6,0.8,0.6,0.5,1.1,1.5,1.6,1.9,1.8,1.6,1.2,0.7,0.4,0.9,0.7,0.8,0.8,0.7,
新竹,2025/10/03 00:00:00,AMB_TEMP,28.3,27.8,27.8,27.7,27.6,27.4,27.4,27.8,29.6,31.3,31.5,31.6,32,32.4,32.2,31.5,30.9,30.1,29.8,29.8,29.7,29.5,29.2,28.9,
新竹,2025/10/03 00:00:00,CH4,2.24,2.19,2.23,2.23,2.21,2.19,2.2,2.17,2.1,2.07,2.1,2.07,2.04,2.04,2.03,2.03,2.02,2.05,2.03,2.04,2.07,2.1,2.14,2.24,
新竹,2025/10/03 00:00:00,CO,0.25,0.18,0.18,0.18,0.19,0.21,0.26,0.34,0.33,0.28,0.28,0.24,0.3,0.32,0.28,0.21,0.19,0.21,0.19,0.18,0.24,0.29,0.3,0.37,
新竹,2025/10/03 00:00:00,NMHC,0.09,0.05,0.05,0.07,0.06,0.06,0.08,0.11,0.1,0.07,0.09,0.04,0.04,0.03,0.03,0.01,0.02,0.02,0.02,0.02,0.07,0.08,0.14,0.17,
新竹,2025/10/03 00:00:00,NO,0.5,0.6,0.5,0.4,0.6,1.1,2.8,7.7,6.8,2.2,1.4,#,0.9,0.8,0.9,*,*,*,*,*,*,*,*,*,
新竹,2025/10/03 00:00:00,NO2,13.3,10.1,9.6,9.2,10.4,14.7,15.1,16.1,15.4,10.2,10.4,#,6.6,6.4,5.6,*,*,*,*,*,*,*,*,*,
新竹,2025/10/03 00:00:00,NOx,13.9,10.7,10.2,9.6,11.1,15.8,18,23.9,22.2,12.5,11.8,#,7.5,7.2,6.6,*,*,*,*,*,*,*,*,*,
新竹,2025/10/03 00:00:00,O3,17.7,18.6,17.6,15.9,13.7,6.9,6.9,6.4,18.5,43.3,53.5,54.5,57.4,64.9,64.3,58.9,50.7,46.8,46.6,45.9,41.2,31.6,27.6,21,
新竹,2025/10/03 00:00:00,PM10,24,16,20,24,24,24,23,27,33,28,30,26,#,25,18,17,19,14,14,11,20,21,21,29,
新竹,2025/10/03 00:00:00,PM2.5,12,14,13,13,11,15,7,14,14,16,15,#,11,18,16,13,11,11,7,6,9,16,14,16,
新竹,2025/10/03 00:00:00,RAINFALL,0,0,0,0,0,0,0,0,0,0,0,0,0,0,0,0,0,0,0,0,0,0,0,0,
新竹,2025/10/03 00:00:00,RH,85,88,88,89,89,86,85,80,77,70,72,72,69,66,65,67,69,73,77,77,78,79,81,82,
新竹,2025/10/03 00:00:00,SO2,2.1,1.7,2,1.9,1.9,1.5,1.9,2.6,2.6,1.9,1.9,1.8,2.3,2.9,2.8,2.2,1.6,1.8,1.8,1.5,1.7,1.4,1.8,2.1,
新竹,2025/10/03 00:00:00,THC,2.33,2.24,2.28,2.3,2.27,2.25,2.28,2.28,2.2,2.14,2.19,2.11,2.08,2.07,2.06,2.04,2.04,2.07,2.05,2.06,2.14,2.18,2.28,2.41,
新竹,2025/10/03 00:00:00,WD_HR,178,168,157,154,166,100,84,71,55,59,313,332,326,317,336,305,318,294,291,55,59,56,77,154,
新竹,2025/10/03 00:00:00,WIND_DIREC,181,160,168,106,168,109,68,65,58,48,288,303,293,306,303,19,309,287,302,46,57,71,79,180,
新竹,2025/10/03 00:00:00,WIND_SPEED,1.1,0.9,1,0.7,0.9,0.9,0.6,1,1,0.7,1.6,1.9,1.5,1.6,2,1.4,1.3,1.6,1,1.1,0.8,0.7,1.3,1.3,
新竹,2025/10/03 00:00:00,WS_HR,0.9,0.7,0.7,0.7,0.9,0.8,0.7,1.1,0.7,0.7,0.8,0.9,0.8,0.7,1,1.1,0.8,1.4,1.1,0.7,0.7,0.9,1,0.7,
新竹,2025/10/04 00:00:00,AMB_TEMP,28.4,27.8,27.6,27.3,27,26.6,26.6,28,29.5,31.2,32.3,32.2,32.9,32.9,32.4,31.9,30.9,30.4,29.9,29.8,29.9,29.4,28.7,28.3,
新竹,2025/10/04 00:00:00,CH4,2.23,2.22,2.29,2.22,2.24,2.22,2.16,2.21,2.12,2.14,2.12,2.09,2.09,2.07,2.07,2.02,2.02,2,2.02,2.02,2.14,2.15,2.13,2.12,
新竹,2025/10/04 00:00:00,CO,0.34,0.28,0.25,0.21,0.17,0.18,0.21,0.29,0.31,0.33,0.28,0.25,0.26,0.24,0.22,0.18,0.17,0.18,0.2,0.21,0.36,0.34,0.27,0.21,
新竹,2025/10/04 00:00:00,NMHC,0.11,0.08,0.09,0.07,0.06,0.06,0.07,0.1,0.1,0.16,0.1,0.05,0.04,0.03,0.02,0.02,0.02,0.03,0.04,0.03,0.09,0.09,0.06,0.04,
新竹,2025/10/04 00:00:00,NO,1.6,0.7,0.4,1,0.5,0.4,1.4,3,1.9,1.1,0.7,0.5,0.6,0.8,0.7,0.5,0.4,0.3,0.4,0.3,0.3,0.6,0.6,0.4,
新竹,2025/10/04 00:00:00,NO2,28.6,18.4,15.4,19.5,11.7,12.8,12,13.4,11.1,10,9.4,7.3,6.4,6.3,5.8,4.7,6,7.5,8.4,7.5,11.1,13,10.4,8.7,
新竹,2025/10/04 00:00:00,NOx,30.2,19.1,15.8,20.5,12.3,13.3,13.4,16.4,13.1,11.2,10.2,7.8,7,7.1,6.6,5.2,6.4,7.9,8.9,7.9,11.5,13.7,11.1,9.1,
新竹,2025/10/04 00:00:00,O3,8.2,9.8,9.9,11.4,12.4,11,11.4,16.4,35,60.4,68.1,69.2,70.2,68.6,63.2,58.1,48.1,40.8,38.7,39,30.4,25.4,25.8,21.9,
新竹,2025/10/04 00:00:00,PM10,25,18,17,16,17,10,15,18,27,34,29,25,28,24,16,20,21,18,16,16,20,16,24,20,
新竹,2025/10/04 00:00:00,PM2.5,19,17,15,11,8,7,12,12,11,21,25,14,12,16,17,11,7,11,10,9,14,14,16,14,
新竹,2025/10/04 00:00:00,RAINFALL,0,0,0,0,0,0,0,0,0,0,0,0,0,0,0,0,0,0,0,0,0,0,0,0,
新竹,2025/10/04 00:00:00,RH,81,78,75,74,69,69,68,66,70,68,67,67,62,60,65,67,72,76,78,79,79,82,84,81,
新竹,2025/10/04 00:00:00,SO2,1.6,0.9,1.3,1.4,1.5,1.5,1.6,1.7,1.6,1.9,1.8,1.7,1.5,1.3,1.4,1.4,1,1.1,1,0.8,0.9,0.7,0.6,0.9,
新竹,2025/10/04 00:00:00,THC,2.34,2.3,2.38,2.29,2.3,2.28,2.23,2.31,2.22,2.3,2.22,2.14,2.13,2.1,2.09,2.04,2.04,2.03,2.06,2.05,2.23,2.24,2.19,2.16,
新竹,2025/10/04 00:00:00,WD_HR,142,79,116,94,92,73,82,75,42,8,296,297,270,273,276,276,294,300,314,28,163,174,167,168,
新竹,2025/10/04 00:00:00,WIND_DIREC,87,75,156,91,80,73,97,35,296,67,311,301,269,280,242,256,305,307,28,160,181,168,159,164,
新竹,2025/10/04 00:00:00,WIND_SPEED,1.5,0.5,0.9,1.5,0.6,1.4,0.6,0.9,0.9,0.6,2,2.6,2.5,2.9,2.4,2,1.9,1.4,0.5,0.5,1.1,0.6,1.2,1,
新竹,2025/10/04 00:00:00,WS_HR,0.5,0.7,0.5,0.6,0.8,0.9,0.9,0.4,0.6,0.3,1.1,2.1,1.7,1.8,1.6,1.5,1.5,1.2,1,0.1,0.8,1,1,1.3,
新竹,2025/10/05 00:00:00,AMB_TEMP,27.9,27.7,27.6,27.3,26.9,26.3,26.3,27.5,29.8,31.4,32,32.3,32.7,32.9,32.2,32,30.9,30.1,29.9,29.7,29.8,29.7,29.4,29.1,
新竹,2025/10/05 00:00:00,CH4,2.18,2.14,2.13,2.17,2.23,2.22,2.15,2.21,2.1,2,1.99,1.98,1.96,1.95,1.97,1.94,1.93,1.93,1.98,2,2,2.14,2.11,2.01,
新竹,2025/10/05 00:00:00,CO,0.21,0.15,0.14,0.16,0.15,0.16,0.16,0.22,0.21,0.17,0.15,0.13,0.1,0.1,0.11,0.11,0.1,0.1,0.16,0.21,0.2,0.36,0.27,0.13,
新竹,2025/10/05 00:00:00,NMHC,0.05,0.04,0.02,0.06,0.06,0.07,0.06,0.08,0.06,0.02,0.01,0.01,0.02,0.02,0.01,0.02,0.01,0.01,0.03,0.06,0.07,0.12,0.07,0.03,
新竹,2025/10/05 00:00:00,NO,0.3,0.4,0.5,0.7,0.4,0.5,1.6,3.7,3.1,0.9,0.6,0.6,0.7,0.7,0.7,0.6,0.6,0.5,0.4,0.5,0.6,0.8,0.5,0.4,
新竹,2025/10/05 00:00:00,NO2,7,7.6,6.4,12.1,13.6,12.4,10.4,10.6,9.9,5.3,4.8,4.4,4,3.9,4,4.3,4.1,4,5.9,7,7.3,12.2,12,6,
新竹,2025/10/05 00:00:00,NOx,7.3,8.1,6.9,12.9,14.1,13,12.1,14.4,13.1,6.3,5.5,5.1,4.8,4.7,4.7,5,4.7,4.5,6.4,7.5,7.9,13,12.6,6.5,
新竹,2025/10/05 00:00:00,O3,15.7,16,18.3,9.1,5.3,5.3,7.7,8.5,25.3,42.4,44.8,43.6,38.7,35,43.7,37.8,34.4,32,26.8,25.4,24.2,14.2,19.1,27.8,
新竹,2025/10/05 00:00:00,PM10,16,6,12,14,9,13,13,15,17,13,17,15,11,14,16,18,14,13,13,20,21,30,21,21,
新竹,2025/10/05 00:00:00,PM2.5,9,10,10,12,8,3,3,5,10,7,7,6,6,4,7,5,3,5,6,9,10,12,4,5,
新竹,2025/10/05 00:00:00,RAINFALL,0,0,0,0,0,0,0,0,0,0,0,0,0,0,0,0,0,0,0,0,0,0,0,0,
新竹,2025/10/05 00:00:00,RH,79,77,76,75,74,76,72,67,65,66,66,67,64,63,70,71,77,82,84,86,84,85,87,89,
新竹,2025/10/05 00:00:00,SO2,0.7,0.6,0.9,0.9,1.1,1.2,1.8,1.6,1.3,1.3,1.4,1.1,1,1,1.1,1.1,0.8,0.6,0.5,0.7,0.7,0.6,0.4,0.5,
新竹,2025/10/05 00:00:00,THC,2.23,2.18,2.15,2.23,2.29,2.29,2.21,2.29,2.16,2.02,2,1.99,1.98,1.97,1.98,1.96,1.94,1.94,2.01,2.06,2.07,2.26,2.18,2.04,
新竹,2025/10/05 00:00:00,WD_HR,167,166,166,95,87,81,86,82,79,55,344,307,306,311,299,308,321,346,356,296,76,161,295,280,
新竹,2025/10/05 00:00:00,WIND_DIREC,164,166,178,83,91,91,84,103,105,63,314,306,299,295,291,292,336,333,281,303,124,153,304,312,
新竹,2025/10/05 00:00:00,WIND_SPEED,1.2,0.9,1.2,1.6,1.5,1.5,1.5,0.8,0.9,1.2,1.4,1.7,2,2.4,2,2.3,1.4,0.9,0.9,0.7,0.7,0.6,1.4,0.9,
新竹,2025/10/05 00:00:00,WS_HR,0.8,1,1.1,1.1,1,0.8,1.4,0.5,0.8,0.8,0.8,1.1,1.4,1.3,1.5,1,0.9,0.7,0.3,0.9,0.5,0.6,0.6,0.8,
新竹,2025/10/06 00:00:00,AMB_TEMP,28.9,28.2,28.1,27.8,27.4,26.7,27,27.7,29.6,32,33,32.9,33.2,33.6,33.4,33,32.1,31,30.7,30.4,29.9,29.4,29,29,
新竹,2025/10/06 00:00:00,CH4,2.1,2.11,2.23,2.19,2.22,2.15,2.14,2.06,2.05,2.02,2.01,1.98,1.98,1.98,1.98,2,2.01,2.01,2.03,2.1,2.12,2.1,2.07,2.1,
新竹,2025/10/06 00:00:00,CO,0.19,0.22,0.22,0.19,0.18,0.15,0.18,0.19,0.2,0.18,0.17,0.17,0.15,0.14,0.15,0.16,0.18,0.2,0.2,0.33,0.34,0.26,0.22,0.24,
新竹,2025/10/06 00:00:00,NMHC,0.05,0.07,0.07,0.06,0.07,0.04,0.05,0.04,0.03,0.04,0.03,0.03,0.02,0.01,0.03,0.02,0.02,0.04,0.05,0.11,0.1,0.05,0.04,0.06,
新竹,2025/10/06 00:00:00,NO,0.5,0.1,0.3,0.4,0.4,0.3,0.8,2.1,1.9,1,0.4,0.6,0.6,0.4,0.4,0.4,0.1,0.1,0.1,0.3,0.4,0.4,0.3,0.5,
新竹,2025/10/06 00:00:00,NO2,7.7,11.3,10.6,10.4,10.3,9.1,9.1,8.2,7.4,7.1,5.8,5.1,4.8,4.7,4.9,5.3,5.8,7,7.7,14.3,17.1,12.9,10.1,12.6,
新竹,2025/10/06 00:00:00,NOx,8.3,11.5,11,10.8,10.8,9.5,9.9,10.4,9.3,8.1,6.3,5.7,5.5,5.1,5.3,5.8,5.9,7.2,7.9,14.7,17.5,13.3,10.4,13.1,
新竹,2025/10/06 00:00:00,O3,16.9,7.3,5.2,5.7,4.8,7.1,8.3,14.2,21.8,36.4,42.8,45.1,45.6,42.9,43.6,45.8,41.4,36,25.8,20.9,21.1,26,23.2,10.1,
新竹,2025/10/06 00:00:00,PM10,19,19,14,16,10,13,10,14,19,13,21,17,17,22,18,21,19,18,17,29,26,28,21,13,
新竹,2025/10/06 00:00:00,PM2.5,6,9,10,8,8,6,10,11,6,12,7,6,7,10,14,11,8,6,5,10,14,17,11,7,
新竹,2025/10/06 00:00:00,RAINFALL,0,0,0,0,0,0,0,0,0,0,0,0,0,0,0,0,0,0,0,0,0,0,0,0,
新竹,2025/10/06 00:00:00,RH,90,87,85,81,79,78,77,76,76,66,65,69,65,64,64,62,62,72,75,76,79,83,85,74,
新竹,2025/10/06 00:00:00,SO2,0.9,1.6,1.7,2.8,2.1,1.9,2.2,2.1,2.2,2.2,2,2.3,2.5,2.1,2.5,2.7,2.5,2.3,2.4,2.1,1.9,1.6,1.6,1.7,
新竹,2025/10/06 00:00:00,THC,2.15,2.18,2.3,2.25,2.29,2.19,2.19,2.1,2.08,2.06,2.04,2.01,2,1.99,2.01,2.02,2.03,2.05,2.08,2.21,2.22,2.15,2.11,2.16,
新竹,2025/10/06 00:00:00,WD_HR,147,77,70,88,92,74,78,77,72,46,32,333,305,343,20,47,43,13,322,165,168,169,167,73,
新竹,2025/10/06 00:00:00,WIND_DIREC,41,74,61,95,92,75,72,63,43,54,316,299,298,339,52,108,290,355,23,183,155,171,48,79,
新竹,2025/10/06 00:00:00,WIND_SPEED,1.2,1,0.5,0.8,0.8,0.7,1.2,1.2,1.5,2.2,1.8,2.1,2.6,1.6,2.3,1.5,1.1,1.1,0.7,1,0.8,1.2,0.8,1,
新竹,2025/10/06 00:00:00,WS_HR,0.4,1.1,0.6,0.7,0.9,0.9,1,1.1,0.9,1.4,1,0.6,1.1,0.5,0.8,0.7,0.4,0.3,0.3,0.9,1.1,1.2,0.6,1,
新竹,2025/10/07 00:00:00,AMB_TEMP,28.3,27.9,27.6,27.5,27.4,26.6,26.7,27.5,29.5,31.9,34.7,35.9,36.4,36,35.1,34.6,33.5,32,31.3,30.8,30.4,30.2,30,30,
新竹,2025/10/07 00:00:00,CH4,2.07,2.04,2.09,2.11,2.12,2.08,2.04,2.04,2.03,2.04,1.99,#,2,2,2,2,2,2.02,2.03,2.04,2.02,2.04,2.04,2.04,
新竹,2025/10/07 00:00:00,CO,0.18,0.14,0.17,0.15,0.14,0.14,0.16,0.21,0.23,0.24,0.15,#,0.13,0.14,0.14,0.15,0.17,0.21,0.24,0.2,0.18,0.19,0.17,0.15,
新竹,2025/10/07 00:00:00,NMHC,0.04,0.02,0.03,0.03,0.03,0.02,0.03,0.04,0.05,0.07,0.06,#,0.05,0.05,0.04,0.05,0.08,0.09,0.11,0.06,0.04,0.05,0.03,0.02,
新竹,2025/10/07 00:00:00,NO,0.4,0,0.2,0.2,0.2,0.2,0.8,3,5.2,4.7,2.6,#,0.9,0.9,1,1.1,1.3,0.7,0.6,0.4,0.3,0.4,0.2,0.1,
新竹,2025/10/07 00:00:00,NO2,10,7.4,7.7,7.5,8,7.1,8.2,8.8,9.7,10.9,9.7,#,7.7,8.2,8.2,8.9,11,12.9,13.9,11.6,10.2,11,9.5,6.8,
新竹,2025/10/07 00:00:00,NOx,10.5,7.4,7.9,7.7,8.3,7.4,9.1,11.9,15,15.7,12.3,#,8.7,9.1,9.2,10.1,12.4,13.7,14.5,12.1,10.5,11.4,9.8,7,
新竹,2025/10/07 00:00:00,O3,11.7,14.1,11.9,12.7,11.9,10.9,12.2,10.6,11,19.5,26.4,30.3,#,26.4,32.3,30.1,25.1,20.4,18.3,21.9,24.5,22.2,25.7,29.3,
新竹,2025/10/07 00:00:00,PM10,11,11,18,11,10,17,10,9,11,11,18,26,#,45,31,30,26,21,15,16,10,9,14,10,
新竹,2025/10/07 00:00:00,PM2.5,5,5,12,9,9,8,7,6,4,0,0,#,0,2,3,7,4,2,4,5,4,4,3,3,
新竹,2025/10/07 00:00:00,RAINFALL,0,0,0,0,0,0,0,0,0,0,0,#,#,0,0,0,0,0,0,0,0,0,0,0,
新竹,2025/10/07 00:00:00,RH,76,77,80,78,75,77,76,72,66,58,45,41,40,43,48,50,53,58,60,60,64,66,66,65,
新竹,2025/10/07 00:00:00,SO2,1.6,1.2,2.1,2,1.9,2.6,2.2,1.7,1.4,1.7,1.7,#,1.7,1.5,1.8,2,2,2,1.7,1.4,1.3,1.2,1.2,1.5,
新竹,2025/10/07 00:00:00,THC,2.11,2.06,2.12,2.14,2.15,2.1,2.07,2.08,2.08,2.11,2.05,#,2.05,2.05,2.04,2.05,2.08,2.11,2.14,2.1,2.06,2.09,2.07,2.06,
新竹,2025/10/07 00:00:00,WD_HR,74,79,53,111,79,70,78,62,85,153,66,62,46,41,36,42,47,43,54,53,57,52,51,55,
新竹,2025/10/07 00:00:00,WIND_DIREC,75,79,74,182,70,74,82,77,85,156,82,66,30,40,38,43,35,45,54,48,55,55,55,56,
新竹,2025/10/07 00:00:00,WIND_SPEED,1.2,0.7,1,0.5,1,1.2,1.1,1.7,1.5,0.9,3.7,3.2,4.1,5.1,4.6,4.1,4.5,4.1,3.4,3.5,3.3,3,3.7,3.4,
新竹,2025/10/07 00:00:00,WS_HR,1.1,1,0.7,0.5,0.9,1,1.1,1.4,0.9,0.2,2.1,2.5,3,4.1,4.3,3.5,3.4,3.6,2.9,2.9,3.1,2.5,2.7,3.2,
新竹,2025/10/08 00:00:00,AMB_TEMP,29.7,29.6,29.3,29.1,29.2,29.1,29.6,30.6,32.4,33.7,34.6,35.3,36,35.5,33.6,33.2,32.2,30.9,30.3,30.1,29.4,29.2,29,28.7,
新竹,2025/10/08 00:00:00,CH4,2.05,2.04,2.07,2.07,2.07,2.07,2.08,2.1,2.07,2.06,2.07,2.07,2.06,2.07,2.05,2.06,2.07,2.07,2.07,2.09,2.1,2.1,2.1,2.1,
新竹,2025/10/08 00:00:00,CO,0.15,0.14,0.15,0.15,0.15,0.16,0.19,0.28,0.23,0.22,0.22,0.21,0.2,0.21,0.22,0.22,0.23,0.24,0.25,0.25,0.25,0.24,0.22,0.2,
新竹,2025/10/08 00:00:00,NMHC,0.02,0,0.01,0.03,0.02,0.02,0.02,0.05,0.03,0.05,0.05,0.03,0.05,0.05,0.06,0.08,0.04,0.04,0.04,0.04,0.04,0.03,0.03,0.03,
新竹,2025/10/08 00:00:00,NO,0.1,0.9,0.6,0.5,0.6,0.3,1.1,2.6,2.3,1.6,1.4,1.3,1.4,1.6,1.5,1.4,1.2,0.9,0.8,0.7,0.7,0.7,0.7,0.8,
新竹,2025/10/08 00:00:00,NO2,6.1,5.2,5.9,6,6.5,7.1,9.2,12.4,10.3,7.6,7.8,7.1,7.3,8.2,8.4,8,8.2,7.7,7.2,7.9,9.8,10.6,9.4,7.3,
新竹,2025/10/08 00:00:00,NOx,6.2,6.1,6.5,6.5,7.2,7.5,10.3,15,12.7,9.3,9.3,8.4,8.7,9.9,9.9,9.5,9.5,8.7,8.1,8.7,10.6,11.3,10.1,8.1,
新竹,2025/10/08 00:00:00,O3,29.8,30.2,28.3,28,28.2,26.5,25.1,22.9,30.6,37.1,40.8,42.6,42.7,49.5,44.4,38.7,35.5,32.9,33,33.8,33,32.6,32.6,34.8,
新竹,2025/10/08 00:00:00,PM10,12,14,9,17,6,16,11,14,21,23,22,26,26,30,44,50,37,24,20,20,19,18,16,16,
新竹,2025/10/08 00:00:00,PM2.5,6,8,6,7,5,1,4,7,13,10,5,11,8,9,13,10,9,8,8,7,8,11,9,6,
新竹,2025/10/08 00:00:00,RAINFALL,0,0,0,0,0,0,0,0,0,0,0,0,0,0,0,0,0,0,0,0,0,0,0,0,
新竹,2025/10/08 00:00:00,RH,69,68,70,72,70,71,67,63,53,49,46,44,42,47,55,54,56,61,62,64,69,67,66,69,
新竹,2025/10/08 00:00:00,SO2,1,1.3,1.5,1.4,1.3,1.4,1.5,1.6,1.7,1.7,1.4,1.4,1.5,1.5,1.6,1.5,1.5,1.5,1.2,1.4,1.4,1.8,1.7,1.5,
新竹,2025/10/08 00:00:00,THC,2.07,2.04,2.08,2.1,2.09,2.09,2.1,2.15,2.1,2.11,2.12,2.1,2.11,2.12,2.11,2.14,2.11,2.11,2.11,2.13,2.14,2.13,2.13,2.13,
新竹,2025/10/08 00:00:00,WD_HR,52,59,57,70,58,67,73,89,51,51,42,47,43,41,45,43,52,51,54,49,65,80,63,68,
新竹,2025/10/08 00:00:00,WIND_DIREC,45,59,63,75,56,71,96,90,49,45,51,47,45,40,53,54,46,57,53,48,77,89,71,84,
新竹,2025/10/08 00:00:00,WIND_SPEED,4,3,2.2,2.4,3.2,2.4,1.3,2.1,4.6,3.7,4.4,4.7,4.6,4.6,5.4,4.4,4.9,5.4,3.7,2.9,3.2,2.1,2.6,2.6,
新竹,2025/10/08 00:00:00,WS_HR,3.1,2.8,2.4,1.9,2.1,1.6,1.4,1.1,2.6,3.1,3.2,3.7,3.4,3.8,4.3,4.1,3.7,4,3.4,3,2.7,2,2.2,1.7,
新竹,2025/10/09 00:00:00,AMB_TEMP,28.5,28.1,28.1,28.1,28.1,28.1,28.1,28.9,30.4,31.4,32.6,33.8,33.5,32.9,32.1,31.5,30.6,29.7,29.2,28.9,28.5,28.3,28.1,28,
新竹,2025/10/09 00:00:00,CH4,2.1,2.1,2.11,2.12,2.11,2.1,2.12,2.14,2.11,2.12,2.12,2.12,#,2.11,2.11,2.1,2.11,2.12,2.13,2.13,2.14,2.16,2.17,2.16,
新竹,2025/10/09 00:00:00,CO,0.18,0.18,0.17,0.19,0.19,0.19,0.22,0.28,0.28,0.27,0.26,#,0.24,0.24,0.23,0.23,0.25,0.27,0.3,0.29,0.29,0.32,0.3,0.27,
新竹,2025/10/09 00:00:00,NMHC,0.01,0.01,0.02,0.04,0.03,0.02,0.04,0.06,0.06,0.06,0.06,0.06,#,0.05,0.05,0.06,0.07,0.07,0.07,0.08,0.08,0.1,0.11,0.07,
新竹,2025/10/09 00:00:00,NO,0.6,0.4,0.6,0.5,0.4,0.4,0.7,1.4,1.6,1.4,1.5,#,0.9,0.9,0.9,1.1,1,0.6,0.4,0.5,0.6,0.6,0.5,0.6,
新竹,2025/10/09 00:00:00,NO2,6.3,9.1,7.1,6.6,6,6.1,7.8,9.2,9.3,8.4,8.4,#,6.8,6.1,5.8,6.8,8,10.3,12,11.5,10.9,11.8,11.7,10.8,
新竹,2025/10/09 00:00:00,NOx,6.9,9.5,7.8,7.1,6.5,6.6,8.6,10.7,11,9.8,9.9,#,7.7,7.1,6.8,7.9,9.1,11,12.5,12.1,11.5,12.5,12.3,11.4,
新竹,2025/10/09 00:00:00,O3,34.9,34.4,35,34.3,34.9,35,31.8,32.2,37.1,41.5,45.4,#,51.9,48.9,44.3,41.5,38,35.6,35.1,34.3,33.1,30.1,29.7,30.4,
新竹,2025/10/09 00:00:00,PM10,14,15,19,19,12,9,11,12,19,19,23,#,27,34,35,32,26,24,21,16,16,15,16,14,
新竹,2025/10/09 00:00:00,PM2.5,7,5,3,4,4,6,5,4,9,6,1,#,4,2,6,6,5,6,6,5,7,4,2,4,
新竹,2025/10/09 00:00:00,RAINFALL,0,0,0,0,0,0,0,0,0,0,0,#,0,0,0,0,0,0,0,0,0,0,0,0,
新竹,2025/10/09 00:00:00,RH,68,73,72,73,74,72,71,71,63,59,53,49,54,59,62,63,66,67,72,74,75,76,76,75,
新竹,2025/10/09 00:00:00,SO2,1.6,0.7,0.7,0.8,1.1,1.2,1.2,1,0.9,1.1,1.4,#,1.1,1.4,1.1,1.1,1.2,1.2,1,0.8,1,1.1,1.2,1.1,
新竹,2025/10/09 00:00:00,THC,2.11,2.11,2.13,2.16,2.14,2.12,2.16,2.2,2.17,2.18,2.18,2.18,#,2.16,2.16,2.16,2.18,2.19,2.2,2.21,2.22,2.26,2.28,2.23,
新竹,2025/10/09 00:00:00,WD_HR,57,52,52,36,45,49,37,37,37,36,42,39,39,42,42,39,37,40,44,42,53,53,50,55,
新竹,2025/10/09 00:00:00,WIND_DIREC,38,52,55,34,37,37,32,34,36,33,40,37,37,43,45,35,32,36,40,54,41,57,46,56,
新竹,2025/10/09 00:00:00,WIND_SPEED,2,3.2,2.5,2.9,3.3,3,3.3,3.7,4.4,3.9,2.9,3.9,3.4,3.1,3.2,4,3.7,3.4,2.7,2.5,2.4,2.6,2.6,1.6,
新竹,2025/10/09 00:00:00,WS_HR,1.8,2.2,2.3,2.3,2.4,2.5,2.8,3.3,3.3,3.7,3.4,2.9,3,3,3,3.6,3.1,3,2.6,2.2,1.9,2.1,2.3,1.6,
新竹,2025/10/10 00:00:00,AMB_TEMP,28,28.1,27.9,27.8,27.6,27.4,27.3,27.8,#,31.4,33.1,33,33.4,33.4,32.9,32.4,31.3,30.3,29.9,29.6,29.2,29.1,28.8,28.3,
新竹,2025/10/10 00:00:00,CH4,2.15,2.15,#,2.16,2.18,2.18,2.15,2.15,#,2.13,2.15,2.15,2.12,2.13,2.11,2.11,2.11,2.12,2.14,2.17,2.17,2.16,2.15,2.15,
新竹,2025/10/10 00:00:00,CO,0.26,#,0.21,0.21,0.21,0.22,0.23,0.23,#,0.24,0.27,0.27,0.24,0.24,0.22,0.22,0.24,0.26,0.3,0.31,0.29,0.3,0.27,0.24,
新竹,2025/10/10 00:00:00,NMHC,0.06,0.04,#,0.04,0.04,0.04,0.04,0.03,#,0.04,0.06,0.06,0.06,0.05,0.06,0.04,0.05,0.07,0.1,0.1,0.08,0.07,0.06,0.05,
新竹,2025/10/10 00:00:00,NO,0.6,#,1.4,1.5,1.1,0.5,0.9,1.4,#,1.7,1.5,1.4,1.2,1.1,1.1,1.3,1.2,1,0.8,0.9,0.9,1,0.9,1,
新竹,2025/10/10 00:00:00,NO2,9.4,#,10,11.5,9.8,8.2,7.1,7.1,#,7.2,7.6,9,6.5,6.7,5.3,4.7,5.2,6,9.5,12.6,10.8,11.6,10.3,7.6,
新竹,2025/10/10 00:00:00,NOx,10,#,11.4,13.1,11,8.8,8,8.6,#,9,9.1,10.4,7.7,7.9,6.5,6.1,6.5,7,10.4,13.5,11.7,12.6,11.3,8.6,
新竹,2025/10/10 00:00:00,O3,31.9,29.6,31.3,28.5,29,29.4,29.3,28.2,#,40.6,51.8,55.9,48,44.7,38.3,37.7,34.9,32.9,27.6,23.5,24.1,22.6,24.4,24.8,
新竹,2025/10/10 00:00:00,PM10,14,14,10,13,10,11,8,9,12,12,13,19,19,19,19,22,21,19,18,12,15,8,8,6,
新竹,2025/10/10 00:00:00,PM2.5,3,6,3,2,5,5,2,2,4,4,1,2,8,6,8,7,6,6,8,8,8,6,3,3,
新竹,2025/10/10 00:00:00,RAINFALL,0,0,0,0,0,0,0,0,#,0,0,0,0,0,0,0,0,0,0,0,0,0,0,0,
新竹,2025/10/10 00:00:00,RH,75,74,76,79,79,80,79,76,#,62,56,59,59,60,63,66,70,75,74,75,76,75,74,75,
新竹,2025/10/10 00:00:00,SO2,0.9,#,1,1.1,1.1,0.7,0.8,0.7,#,1.1,1,1.4,1.6,1.1,0.9,0.8,0.9,1,1.1,0.9,0.9,1.2,1,1.1,
新竹,2025/10/10 00:00:00,THC,2.21,2.19,#,2.2,2.22,2.22,2.19,2.18,#,2.17,2.21,2.21,2.18,2.18,2.17,2.15,2.16,2.19,2.24,2.27,2.25,2.23,2.21,2.2,
新竹,2025/10/10 00:00:00,WD_HR,55,57,50,52,54,66,84,82,#,103,196,257,292,34,28,48,44,42,36,45,50,56,68,71,
新竹,2025/10/10 00:00:00,WIND_DIREC,54,53,52,54,54,72,85,88,115,160,185,277,264,54,27,49,60,39,43,47,50,54,47,64,
新竹,2025/10/10 00:00:00,WIND_SPEED,2.2,2.3,2.3,1.8,1.5,0.9,1.1,1.1,1.4,1,1.2,2.2,1.7,1.4,1.3,2,1.7,2,2.8,2.1,2.3,2.1,1.5,0.9,
新竹,2025/10/10 00:00:00,WS_HR,1.6,1.7,1.8,1.8,1.2,1,1,0.8,#,0.7,0.9,1.7,0.2,0.7,0.7,1.9,1.6,2,2.3,1.7,1.7,1.4,1.5,0.8,
新竹,2025/10/11 00:00:00,AMB_TEMP,27.9,27.7,27.4,26.6,26.5,26.6,26.8,27.7,29.1,30.2,31.5,32,31.9,31.8,31.7,31,30.2,30.1,30,29.9,29.4,28.7,28.3,28.3,
新竹,2025/10/11 00:00:00,CH4,2.17,2.17,2.19,2.27,2.3,2.27,2.28,2.32,2.27,2.26,2.27,2.24,2.11,2.08,2.1,2.13,2.13,2.18,2.2,2.24,2.37,2.28,2.28,2.22,
新竹,2025/10/11 00:00:00,CO,0.25,0.24,0.24,0.24,0.25,0.25,0.3,0.38,0.39,0.4,0.41,0.39,0.27,0.21,0.22,0.24,0.25,0.31,0.35,0.4,0.49,0.43,0.38,0.29,
新竹,2025/10/11 00:00:00,NMHC,0.05,0.05,0.05,0.06,0.07,0.06,0.08,0.11,0.09,0.08,0.1,0.09,0.04,0.03,0.04,0.03,0.03,0.05,0.08,0.11,0.16,0.12,0.1,0.06,
新竹,2025/10/11 00:00:00,NO,0.7,0.7,0.6,0.6,0.8,0.7,2.3,7.3,4,1.6,1.3,1.2,1,0.7,0.7,0.7,0.6,0.4,0.4,0.6,0.6,0.6,0.5,0.7,
新竹,2025/10/11 00:00:00,NO2,7.8,10.4,8.7,11.6,10.6,10.1,12.5,16.6,12.3,10,10,9.9,6.1,4.1,4.6,5.6,5.3,7.4,10,10.6,17.3,16.1,13.7,8.4,
新竹,2025/10/11 00:00:00,NOx,8.5,11.1,9.3,12.2,11.5,10.8,14.9,24,16.3,11.6,11.3,11.1,7.1,4.9,5.4,6.4,6,7.8,10.5,11.3,17.9,16.8,14.3,9.1,
新竹,2025/10/11 00:00:00,O3,22.4,21.1,20.8,8.9,6.8,9.3,7,5.2,23.5,44.6,58.1,66.7,56.5,47.1,54.8,66.2,62.5,53.7,46.1,45,32.3,33.3,36.6,30.8,
新竹,2025/10/11 00:00:00,PM10,5,9,11,12,15,14,12,13,38,45,48,43,21,19,9,16,18,20,22,35,31,28,29,13,
新竹,2025/10/11 00:00:00,PM2.5,3,3,3,6,7,6,8,14,27,26,26,23,12,9,6,8,7,2,8,13,19,13,15,19,
新竹,2025/10/11 00:00:00,RAINFALL,0,0,0,0,0,0,0,0,0,0,0,0,0,0,0,0,0,0,0,0,0,0,0,0,
新竹,2025/10/11 00:00:00,RH,76,77,78,85,87,86,84,80,79,76,71,69,66,64,63,68,72,73,74,76,80,83,83,79,
新竹,2025/10/11 00:00:00,SO2,1.2,2.1,2.2,2,1.9,1.7,1.8,2.3,2.8,3.2,3.7,3.9,3.4,2.8,2.3,2.4,2.3,2.3,2.1,2.3,2.3,2.4,2.4,2.5,
新竹,2025/10/11 00:00:00,THC,2.22,2.22,2.24,2.33,2.37,2.33,2.36,2.43,2.36,2.34,2.37,2.33,2.15,2.11,2.14,2.16,2.16,2.23,2.28,2.35,2.53,2.4,2.38,2.28,
新竹,2025/10/11 00:00:00,WD_HR,69,81,131,160,164,171,116,83,214,243,252,259,288,297,280,299,319,300,295,292,179,164,167,170,
新竹,2025/10/11 00:00:00,WIND_DIREC,93,59,183,116,154,182,97,174,255,235,271,252,296,304,275,294,289,293,298,171,162,160,177,166,
新竹,2025/10/11 00:00:00,WIND_SPEED,1.2,1,0.7,0.3,1,0.7,0.6,0.5,1.9,2.2,2.2,3.1,2.2,2.3,1.7,1.8,1,1.2,1.2,0.8,1,0.9,1.1,1,
新竹,2025/10/11 00:00:00,WS_HR,0.7,0.6,0.4,0.7,0.7,0.6,0.4,0.6,0.7,1.7,1.5,2.1,1.9,2,1.7,0.9,0.7,0.8,1.1,0.6,0.6,0.9,0.9,1,
新竹,2025/10/12 00:00:00,AMB_TEMP,28,27.8,27.3,27,26.8,26.5,26.5,27.2,28.7,30.7,31.6,32.1,32.5,32,31.6,31,30,29.5,29.6,29.4,29.5,29.4,28.8,28.3,
新竹,2025/10/12 00:00:00,CH4,2.16,2.19,2.28,2.29,2.28,2.25,2.22,2.3,2.15,2.11,2.12,2.11,2.1,2.08,2.07,2.06,2.05,2.07,2.13,2.17,2.15,2.23,2.27,2.24,
新竹,2025/10/12 00:00:00,CO,0.21,#,0.21,0.22,0.24,0.24,0.28,0.37,0.29,0.31,0.25,0.26,0.27,0.2,0.2,0.19,0.18,0.21,0.31,0.35,0.33,0.44,0.43,0.36,
新竹,2025/10/12 00:00:00,NMHC,0.03,0.05,0.05,0.07,0.07,0.07,0.07,0.11,0.05,0.03,0.04,0.03,0.03,0.01,0.01,0.01,0.01,0.01,0.06,0.09,0.08,0.11,0.11,0.09,
新竹,2025/10/12 00:00:00,NO,0.5,#,0.2,0.2,0.3,0.3,1.2,5.9,2.9,1.1,1.2,1.4,1,0.6,0.5,0.2,0.3,0.2,0.1,0.2,0.1,0.5,0.2,0.1,
新竹,2025/10/12 00:00:00,NO2,6.2,#,7.4,6.8,8.4,7.9,11.7,17.7,9.4,7,7.9,8.7,6.6,4.4,3.7,3.6,3.6,4.5,9,11.6,14.5,15.4,17,12.8,
新竹,2025/10/12 00:00:00,NOx,6.8,#,7.7,7.1,8.8,8.2,12.9,23.7,12.3,8.1,9.1,10.1,7.6,5.1,4.2,3.9,4,4.8,9.1,11.9,14.6,15.9,17.3,12.9,
新竹,2025/10/12 00:00:00,O3,25.6,24,21.9,20.3,19.4,19.1,14.7,10.7,30.1,41,43.4,46.5,51.3,45.8,48.5,48,47.9,47.5,41.2,36.6,30.9,25.5,20.6,19.2,
新竹,2025/10/12 00:00:00,PM10,17,13,11,16,10,18,17,19,19,21,23,21,19,15,13,30,16,17,17,20,27,34,28,23,
新竹,2025/10/12 00:00:00,PM2.5,2,4,6,9,9,16,15,11,11,14,11,8,9,6,4,6,5,14,12,12,16,16,26,17,
新竹,2025/10/12 00:00:00,RAINFALL,0,0,0,0,0,0,0,0,0,0,0,0,0,0,0,0,0,0,0,0,0,0,0,0,
新竹,2025/10/12 00:00:00,RH,73,73,75,75,77,78,77,75,76,68,67,66,62,62,66,68,73,75,78,80,76,76,78,79,
新竹,2025/10/12 00:00:00,SO2,2.4,#,1.4,1.6,1.7,1.9,2,1.9,1.9,2.8,3.2,3,2.5,2.2,1.9,2,1.9,1.7,1.4,1.6,1.9,2.1,1.8,1.5,
新竹,2025/10/12 00:00:00,THC,2.19,2.24,2.33,2.36,2.35,2.32,2.29,2.41,2.2,2.14,2.16,2.14,2.13,2.09,2.08,2.07,2.06,2.08,2.19,2.26,2.23,2.34,2.38,2.33,
新竹,2025/10/12 00:00:00,WD_HR,172,175,167,168,174,171,160,95,142,238,261,252,254,281,270,282,305,311,30,222,82,87,68,61,
新竹,2025/10/12 00:00:00,WIND_DIREC,162,181,174,153,168,171,93,111,156,262,265,253,243,305,262,277,311,335,5,154,81,95,26,145,
新竹,2025/10/12 00:00:00,WIND_SPEED,0.9,0.9,0.7,0.7,0.7,1.1,0.7,0.9,1.1,1.8,2.5,2.4,3.4,2.8,1.8,2.2,1.3,0.9,0.5,0.8,1.4,0.3,1.2,0.3,
新竹,2025/10/12 00:00:00,WS_HR,1.1,0.7,0.7,0.7,0.6,0.9,0.6,0.7,0.7,0.6,1.8,2.4,2.6,1.9,1.8,1.6,1.6,1.1,0.2,0.1,0.9,0.7,0.7,0.2,
新竹,2025/10/13 00:00:00,AMB_TEMP,28.2,27.5,27.1,27,27.1,26.7,26.4,27.5,29.1,30.8,31.7,31.7,32.4,32.1,31.5,31.5,31.1,30.7,30.6,30.4,30.3,29.6,28.8,28.5,
新竹,2025/10/13 00:00:00,CH4,2.38,2.25,2.24,2.29,2.3,2.28,2.2,2.18,2.15,2.16,2.17,2.13,2.09,2.04,2.05,2.07,2.06,2.12,2.17,2.16,2.16,2.31,2.24,2.22,
新竹,2025/10/13 00:00:00,CO,0.39,0.23,0.22,0.23,0.24,0.26,0.26,0.34,0.39,0.38,0.32,0.25,0.22,0.18,0.19,0.2,0.21,0.31,0.39,0.4,0.41,0.51,0.34,0.28,
新竹,2025/10/13 00:00:00,NMHC,0.12,0.05,0.04,0.06,0.07,0.07,0.07,0.07,0.11,0.12,0.08,0.04,0.03,0.02,0.02,0.01,0.04,0.1,0.21,0.18,0.16,0.2,0.11,0.09,
新竹,2025/10/13 00:00:00,NO,0.4,0.1,0.2,0.1,0.2,0.3,0.8,2.2,3.7,2.3,#,#,0.4,0.4,0.4,0.9,0.5,0.1,0.2,0.2,0.2,0.7,0.3,0.2,
新竹,2025/10/13 00:00:00,NO2,17.5,7.9,6.8,7.5,11.1,16.6,12.4,12.6,15,13.9,#,#,6.2,4.8,4.1,7.1,6.6,10.7,13.7,19.8,19.4,27.3,17.7,13.3,
新竹,2025/10/13 00:00:00,NOx,17.9,8.1,7.1,7.7,11.3,16.9,13.3,14.8,18.7,16.3,#,#,6.7,5.3,4.6,8,7.2,10.8,13.9,20,19.6,28,18,13.5,
新竹,2025/10/13 00:00:00,O3,12.3,21,22,19.6,16.9,9.5,13.3,17.8,25.2,45.2,55.2,60.2,59.9,47.5,50.6,48.5,43.5,39,39.9,35.7,34.8,15.3,20.5,22.8,
新竹,2025/10/13 00:00:00,PM10,22,18,18,20,20,24,26,23,30,32,30,#,21,16,16,12,18,15,25,32,32,31,21,21,
新竹,2025/10/13 00:00:00,PM2.5,17,6,20,16,11,18,17,17,15,23,#,17,21,8,8,6,4,10,24,16,24,19,13,10,
新竹,2025/10/13 00:00:00,RAINFALL,0,0,0,0,0,0,0,0,0,0,0,0,0,0,0,0,0,0,0,0,0,0,0,0,
新竹,2025/10/13 00:00:00,RH,80,79,79,82,84,85,82,78,76,68,69,70,64,63,66,65,68,72,71,71,71,75,78,82,
新竹,2025/10/13 00:00:00,SO2,1.8,0.7,1,1.6,1.4,1,2,2.1,1.3,1.6,1.4,#,0.8,0.9,0.9,1,1,1.3,1.4,1.9,1.7,1,0.7,1.2,
新竹,2025/10/13 00:00:00,THC,2.5,2.3,2.28,2.35,2.37,2.35,2.27,2.25,2.26,2.28,2.25,2.17,2.12,2.06,2.07,2.08,2.1,2.22,2.38,2.34,2.32,2.51,2.35,2.31,
新竹,2025/10/13 00:00:00,WD_HR,178,166,177,157,111,50,87,63,101,52,328,281,272,341,326,326,14,48,53,64,86,187,162,173,
新竹,2025/10/13 00:00:00,WIND_DIREC,142,171,212,163,94,26,86,97,122,127,306,273,21,325,2,25,44,96,57,92,85,176,157,140,
新竹,2025/10/13 00:00:00,WIND_SPEED,0.4,1,0.8,0.6,1.1,0.7,1.5,0.9,1,1.3,1.6,2.3,1.7,1.6,1.5,0.9,1.7,0.5,1.5,1.2,0.6,0.9,1.1,0.9,
新竹,2025/10/13 00:00:00,WS_HR,0.3,1,0.9,0.6,0.6,0.5,1.3,0.6,0.5,0.6,0.5,1.8,1.5,0.7,0.9,0.7,0.7,0.4,1.1,1.1,0.9,0.6,0.9,0.8,
新竹,2025/10/14 00:00:00,AMB_TEMP,28.4,28.1,28.1,27.6,27.4,27.2,27,28.2,29.7,31.5,32.8,32.6,32.5,33,32.3,32.9,33,32.6,30.8,29.8,29.4,29.4,29.1,28.9,
新竹,2025/10/14 00:00:00,CH4,2.19,#,#,2.3,2.28,2.35,2.18,2.18,2.12,2.13,2.2,2.15,2.12,2.08,2.07,2.08,2.09,2.12,2.13,2.09,2.1,2.16,2.21,2.23,
新竹,2025/10/14 00:00:00,CO,#,#,0.23,0.22,0.23,0.26,0.25,0.35,0.34,0.32,0.33,0.28,0.24,0.22,0.24,0.22,0.24,0.3,0.37,0.29,0.27,0.32,0.32,0.28,
新竹,2025/10/14 00:00:00,NMHC,0.06,#,#,0.07,0.07,0.1,0.07,0.1,0.08,0.1,0.11,0.08,0.06,0.05,0.05,0.09,0.07,0.11,0.14,0.1,0.08,0.1,0.12,0.11,
新竹,2025/10/14 00:00:00,NO,#,#,1.1,0.9,0.9,2.3,2.1,3.5,3,2.3,1.6,1.3,1.6,1.2,1.3,1.4,1.5,0.9,1.3,1.4,1.1,0.9,1,1.1,
新竹,2025/10/14 00:00:00,NO2,#,#,12,8.2,11.5,21.1,14.5,14.6,13.1,11.8,8.9,8.7,8.6,6.6,6.5,7.2,8.8,12.5,18.7,15.1,11.1,11.3,13.4,11.2,
新竹,2025/10/14 00:00:00,NOx,#,#,13.2,9.1,12.4,23.4,16.6,18.2,16.1,14.2,10.5,10,10.2,7.8,7.8,8.6,10.3,13.5,20.1,16.5,12.3,12.2,14.5,12.4,
新竹,2025/10/14 00:00:00,O3,29.3,23.7,19.8,23.5,16.3,4.8,11.8,17.8,35.1,53.5,70.5,71.4,66,64.7,68.8,47.7,46.3,35.2,18.8,18.5,31,34.7,30.7,27.8,
新竹,2025/10/14 00:00:00,PM10,20,22,24,22,19,26,15,29,29,28,29,38,24,21,21,23,21,19,32,25,21,24,25,29,
新竹,2025/10/14 00:00:00,PM2.5,10,16,6,13,15,14,10,13,15,24,15,19,24,10,11,12,8,8,13,15,13,16,13,15,
新竹,2025/10/14 00:00:00,RAINFALL,0,0,0,0,0,0,0,0,0,0,0,0,0,0,0,0,0,0,0,0,0,0,0,0,
新竹,2025/10/14 00:00:00,RH,79,79,80,85,83,84,80,77,74,67,63,67,66,61,65,60,54,55,72,80,80,79,81,83,
新竹,2025/10/14 00:00:00,SO2,#,#,1.4,1.9,1.6,1.4,2.3,2.1,1.6,1.6,1.6,2.1,2,1.7,3.3,3,2,2.8,2.4,1.9,1.7,1.9,1.9,2.2,
新竹,2025/10/14 00:00:00,THC,2.25,#,#,2.37,2.35,2.45,2.25,2.28,2.2,2.23,2.31,2.23,2.18,2.13,2.12,2.17,2.16,2.23,2.27,2.19,2.18,2.26,2.33,2.34,
新竹,2025/10/14 00:00:00,WD_HR,173,221,175,170,91,57,84,80,79,42,338,304,296,311,328,48,356,323,182,170,173,172,184,162,
新竹,2025/10/14 00:00:00,WIND_DIREC,157,216,176,125,113,31,78,73,97,356,308,296,304,318,15,70,319,32,181,170,165,157,172,182,
新竹,2025/10/14 00:00:00,WIND_SPEED,0.6,0.4,1.2,0.3,0.4,1.2,1.2,1.1,1.4,1.1,1.8,2.9,1.9,2,1.7,1.2,1.1,0.7,1.3,1.1,0.8,1.4,0.6,0.6,
新竹,2025/10/14 00:00:00,WS_HR,0.8,0.4,0.7,0.5,0.8,0.6,0.9,1,0.9,0.8,0.4,1.8,2,1.2,1.1,0.7,0.6,0.6,0.8,0.9,0.8,0.7,0.4,0.5,
新竹,2025/10/15 00:00:00,AMB_TEMP,28.6,28.3,27.8,27.6,27.2,26.9,26.9,27.9,29.5,30.6,31.2,32,32.7,33.4,33.9,33.9,33.3,32.4,31.2,31.1,30.4,29.9,29.2,28.8,
新竹,2025/10/15 00:00:00,CH4,2.23,2.19,2.25,2.25,2.21,2.2,2.17,2.19,2.14,2.2,2.18,2.11,2.11,2.08,2.06,2.09,2.07,2.12,2.13,2.12,2.11,2.12,2.15,2.12,
新竹,2025/10/15 00:00:00,CO,0.23,0.22,0.25,0.23,0.22,0.22,0.25,0.36,0.36,0.36,0.3,0.26,0.23,0.21,0.2,0.22,0.2,0.29,0.39,0.35,0.3,0.31,0.28,0.23,
新竹,2025/10/15 00:00:00,NMHC,0.08,0.07,0.05,0.06,0.04,0.04,0.04,0.08,0.07,0.08,0.06,0.04,0.03,0.01,0.02,0.02,0.04,0.1,0.11,0.1,0.11,0.1,0.08,0.06,
新竹,2025/10/15 00:00:00,NO,0.9,0.6,0.6,0.4,0.4,0.5,1.6,4.7,3.8,2.7,2.2,1.1,1,0.8,0.7,0.7,0.7,0.7,0.7,0.7,0.6,0.6,0.5,0.6,
新竹,2025/10/15 00:00:00,NO2,10.8,11.3,11.1,10.4,9.3,9.7,12.1,14.9,13.2,13,12.5,7.8,6.7,5.4,5.4,6.2,7.7,11.7,18.9,17.2,15.6,15.3,13.2,10.8,
新竹,2025/10/15 00:00:00,NOx,11.7,11.9,11.7,10.9,9.8,10.3,13.7,19.7,17,15.8,14.7,8.9,7.7,6.2,6.1,6.9,8.5,12.4,19.6,17.9,16.3,15.9,13.7,11.4,
新竹,2025/10/15 00:00:00,O3,20.1,16.6,13.1,11.3,11.6,9.5,9.8,11,24.7,33.6,46.9,62.9,64.4,63.8,65.6,64.4,52.5,34.5,39.6,33.4,15.4,14,20,16.7,
新竹,2025/10/15 00:00:00,PM10,21,21,24,23,22,21,22,22,25,33,34,27,28,22,28,19,27,33,27,24,17,17,18,16,
新竹,2025/10/15 00:00:00,PM2.5,7,16,19,12,17,16,17,20,8,19,21,20,10,15,10,9,10,8,19,10,*,9,21,7,
新竹,2025/10/15 00:00:00,RAINFALL,0,0,0,0,0,0,0,0,0,0,0,0,0,0,0,0,0,0,0,0,0,0,0,0,
新竹,2025/10/15 00:00:00,RH,87,87,83,82,82,82,80,76,72,71,70,65,61,58,54,50,56,59,65,64,63,66,72,71,
新竹,2025/10/15 00:00:00,SO2,1.8,1.9,2.1,2.3,2.1,1.9,2.4,2,1.8,2.2,2.6,2.4,1.9,1.8,1.6,1.7,2.2,2.1,1.9,1.6,1.6,1.5,1.7,1.7,
新竹,2025/10/15 00:00:00,THC,2.31,2.26,2.3,2.31,2.25,2.24,2.21,2.27,2.21,2.28,2.24,2.15,2.14,2.09,2.08,2.11,2.11,2.22,2.24,2.22,2.22,2.22,2.23,2.18,
新竹,2025/10/15 00:00:00,WD_HR,171,120,40,69,59,90,86,76,56,295,282,284,272,259,250,254,77,122,151,73,70,75,51,60,
新竹,2025/10/15 00:00:00,WIND_DIREC,158,84,38,38,91,88,85,89,51,314,294,273,261,263,244,76,60,188,169,63,38,77,68,53,
新竹,2025/10/15 00:00:00,WIND_SPEED,0.7,1.5,0.6,0.7,1.5,1.1,0.8,1.2,1.2,1.4,2.1,2,2.6,2,2.1,1.5,1.4,1.3,1,1.4,1,1.3,1,1.1,
新竹,2025/10/15 00:00:00,WS_HR,0.6,0.6,0.6,0.8,0.8,0.8,1.2,0.8,0.8,0.8,1.3,1.5,1.8,1.9,1.6,0.7,1,0.2,0.8,0.7,0.9,1,0.8,1,
新竹,2025/10/16 00:00:00,AMB_TEMP,28.6,28.2,27.9,27.6,27.4,27.1,26.9,27.6,29.3,30.8,32.2,32.9,33.9,34.6,34.8,34.2,32.9,32.1,31.4,30.3,29.7,29.6,29.5,29.3,
新竹,2025/10/16 00:00:00,CH4,2.13,2.14,2.19,2.27,2.3,2.26,2.28,2.19,2.1,2.12,2.12,2.06,2.07,2.07,2.07,2.1,2.08,2.12,2.05,2.04,2.03,2.04,2.04,2.04,
新竹,2025/10/16 00:00:00,CO,0.22,0.22,0.23,0.23,0.22,0.23,0.29,0.35,0.33,0.32,0.26,0.21,0.21,0.21,0.23,0.26,0.24,0.35,0.25,0.22,0.2,0.2,0.17,0.14,
新竹,2025/10/16 00:00:00,NMHC,0.07,0.04,0.05,0.08,0.07,0.07,0.1,0.09,0.1,0.16,0.12,0.05,0.05,0.05,0.06,0.08,0.09,0.1,0.08,0.07,0.05,0.05,0.04,0.01,
新竹,2025/10/16 00:00:00,NO,0.5,0.7,0.8,0.9,0.7,0.9,4.2,5.9,4.2,2.4,1.8,1.8,1.2,1.3,1.2,1,1,1,1.1,1.1,1,1.2,1,0.9,
新竹,2025/10/16 00:00:00,NO2,10.9,8.2,9.8,11,10.8,11.9,15.6,16.9,13.7,13.2,11.9,9.9,8,8.6,10.1,10.5,9.8,15.1,12.3,10.7,9.1,8.6,7.9,6,
新竹,2025/10/16 00:00:00,NOx,11.4,8.9,10.6,12,11.5,12.8,19.9,22.8,17.9,15.7,13.8,11.8,9.3,10,11.3,11.5,10.9,16.2,13.5,11.9,10.2,9.8,9,6.9,
新竹,2025/10/16 00:00:00,O3,14.2,22.7,19.8,15.1,14,10.2,5.3,11.2,29.2,48.2,60.5,49.2,60.5,63.8,71.8,80.5,37.5,56.9,14.3,10.9,11.5,11.2,11.7,11.8,
新竹,2025/10/16 00:00:00,PM10,13,17,24,21,21,27,19,20,29,31,25,22,29,37,30,29,41,39,24,15,11,18,13,11,
新竹,2025/10/16 00:00:00,PM2.5,6,10,5,21,16,15,10,21,14,12,15,16,10,11,12,11,18,19,13,10,8,6,3,5,
新竹,2025/10/16 00:00:00,RAINFALL,0,0,0,0,0,0,0,0,0,0,0,0,0,0,0,0,0,0,0,0,0,0,0,0,
新竹,2025/10/16 00:00:00,RH,71,75,78,79,80,80,80,76,69,64,57,54,53,51,50,51,60,62,60,65,68,68,69,68,
新竹,2025/10/16 00:00:00,SO2,1.6,0.8,0.7,0.7,0.8,1,0.7,0.9,1.2,1.5,1.5,1.4,1.6,1.9,1.6,1.2,1.2,1.1,0.9,0.7,0.6,0.5,0.5,0.5,
新竹,2025/10/16 00:00:00,THC,2.2,2.18,2.24,2.35,2.37,2.33,2.38,2.28,2.2,2.28,2.24,2.11,2.12,2.12,2.13,2.18,2.17,2.22,2.13,2.11,2.08,2.09,2.08,2.05,
新竹,2025/10/16 00:00:00,WD_HR,51,64,81,85,91,68,42,63,45,69,341,282,256,246,184,190,262,160,52,63,75,70,65,67,
新竹,2025/10/16 00:00:00,WIND_DIREC,73,76,86,64,117,89,31,70,258,94,317,279,251,245,173,280,167,73,42,72,45,89,64,76,
新竹,2025/10/16 00:00:00,WIND_SPEED,0.4,0.9,1.3,0.5,0.6,0.7,1.1,1.3,1,1.2,2.2,2.3,2.8,2,1.8,1.6,0.9,1.4,1.8,2.4,1.5,1.6,1.8,1.4,
新竹,2025/10/16 00:00:00,WS_HR,0.6,0.7,0.9,0.8,0.7,0.8,0.7,0.8,0.4,0.8,0.6,1.7,2.2,2,1.4,1,0.4,0.9,2.1,1.8,1.5,1.2,1.3,1.2,
新竹,2025/10/17 00:00:00,AMB_TEMP,29,28.8,28.6,28.3,28,27.4,27.5,27.9,29.4,31.3,32.9,33.2,33.4,33.3,33.1,32.4,32.1,31.4,30.8,30.9,30.3,29.6,29,29,
新竹,2025/10/17 00:00:00,CH4,2.04,2.1,2.07,2.11,2.14,2.09,2.11,2.09,2.07,2.09,2.13,2.11,2.11,2.13,2.13,2.08,2.09,2.1,2.11,2.15,2.17,2.25,2.2,2.15,
新竹,2025/10/17 00:00:00,CO,0.13,0.13,0.13,0.14,0.15,0.15,0.2,0.27,0.3,0.3,0.35,0.31,0.31,0.3,0.31,0.28,0.31,0.33,0.37,0.39,0.46,0.58,0.43,0.33,
新竹,2025/10/17 00:00:00,NMHC,0.01,0.02,0.02,0.03,0.04,0.03,0.06,0.08,0.09,0.13,0.12,0.07,0.07,0.07,0.08,0.06,0.1,0.08,0.08,0.12,0.17,0.18,0.12,0.09,
新竹,2025/10/17 00:00:00,NO,0.8,0.7,0.7,0.7,0.7,0.7,2.2,5.2,5.4,3.9,3.1,2,1.2,1.3,1,1.1,0.8,0.8,0.5,0.6,0.8,0.8,0.7,0.7,
新竹,2025/10/17 00:00:00,NO2,4.9,6.1,5.7,6.3,7.1,7.5,10.6,12.7,11.7,12.2,17.3,12.6,7.8,11.3,10.7,8,9.6,13.8,14,13.1,23,23.1,16.6,11.7,
新竹,2025/10/17 00:00:00,NOx,5.8,6.8,6.4,7,7.8,8.3,12.8,17.9,17.2,16.1,20.4,14.6,9.1,12.6,11.7,9.2,10.4,14.7,14.5,13.7,23.9,23.9,17.3,12.4,
新竹,2025/10/17 00:00:00,O3,11.8,10.6,9.8,9.8,8.8,11.4,6.5,8.5,14.4,32.2,53.3,66.6,74,71,77.2,69.5,64.7,60.4,59.6,53.3,16.8,23.6,34.8,33.2,
新竹,2025/10/17 00:00:00,PM10,7,7,6,6,6,11,7,10,27,20,40,39,37,28,34,23,26,27,23,26,29,39,40,25,
新竹,2025/10/17 00:00:00,PM2.5,5,7,7,6,9,7,4,5,6,9,17,19,24,23,18,19,11,15,8,18,6,28,30,19,
新竹,2025/10/17 00:00:00,RAINFALL,0,0,0,0,0,0,0,0,0,0,0,0,0,0,0,0,0,0,0,0,0,0,0,0,
新竹,2025/10/17 00:00:00,RH,68,68,68,70,72,73,74,72,69,62,58,56,55,55,54,56,57,62,63,62,68,75,77,74,
新竹,2025/10/17 00:00:00,SO2,0.4,0.7,0.7,0.6,1.2,1,1,0.9,0.9,1.3,2.5,3,1.4,2.9,2.4,1.7,1.7,1.1,1.2,1.3,1.3,1.6,3.8,2.5,
新竹,2025/10/17 00:00:00,THC,2.05,2.12,2.09,2.14,2.18,2.12,2.17,2.17,2.16,2.22,2.25,2.18,2.18,2.2,2.21,2.14,2.19,2.18,2.19,2.27,2.34,2.43,2.32,2.24,
新竹,2025/10/17 00:00:00,WD_HR,80,94,80,95,73,70,64,69,94,197,257,249,250,258,270,301,293,304,304,337,74,79,81,79,
新竹,2025/10/17 00:00:00,WIND_DIREC,82,68,109,90,42,92,84,48,129,204,250,245,242,264,296,285,302,306,304,35,53,57,86,85,
新竹,2025/10/17 00:00:00,WIND_SPEED,1.4,0.9,1,1.1,1.6,0.6,1.2,1.7,1.4,1,2.5,2.6,2.5,2.1,1.6,1.5,1.3,1.8,0.5,0.9,0.8,0.7,1.1,1.4,
新竹,2025/10/17 00:00:00,WS_HR,1.4,0.5,0.9,0.7,0.8,0.9,1.1,0.8,0.6,0.6,1.4,1.7,2.1,1.5,1.4,1.3,1,1.6,0.8,0.5,0.8,0.7,1.3,1,
新竹,2025/10/18 00:00:00,AMB_TEMP,28.8,28.2,27.8,27.8,27.5,27.4,27.5,27.6,29.4,31.1,32.6,33.2,34.1,35.6,35.4,34.2,33,31.8,31,30.4,30,29.7,29.3,29.2,
新竹,2025/10/18 00:00:00,CH4,2.14,2.17,2.22,2.33,2.26,2.29,2.42,2.14,2.18,2.09,2.08,2.17,2.13,2.08,2.03,2.03,2.02,2.03,2.03,2.04,2.03,2.04,2.05,2.03,
新竹,2025/10/18 00:00:00,CO,0.27,0.28,0.3,0.29,0.23,0.26,0.34,0.26,0.34,0.28,0.25,0.31,0.35,0.24,0.15,0.15,0.14,0.15,0.16,0.17,0.15,0.16,0.16,0.13,
新竹,2025/10/18 00:00:00,NMHC,0.07,0.06,0.1,0.11,0.07,0.1,0.15,0.06,0.09,0.06,0.06,0.07,0.06,0.06,0.02,0.02,0.02,0.02,0.03,0.03,0.03,0.03,0.03,0.01,
新竹,2025/10/18 00:00:00,NO,0.6,0.4,0.2,0.2,0.2,0.4,2.1,2.7,5.1,3.6,1.2,1.2,0.9,0.9,1,1.1,0.8,0.7,0.6,0.6,0.3,0.4,0.3,0.3,
新竹,2025/10/18 00:00:00,NO2,10.3,9.2,10.4,10,9.6,11.6,15.7,11.7,18,11.7,7.8,10.2,10.4,9.2,5.5,4.9,5.3,6.2,7,6.9,6.4,6,6.3,4.5,
新竹,2025/10/18 00:00:00,NOx,11,9.6,10.7,10.3,9.9,12,17.8,14.4,23.1,15.4,9,11.5,11.4,10.1,6.5,6,6.2,6.9,7.6,7.5,6.7,6.4,6.7,4.9,
新竹,2025/10/18 00:00:00,O3,20.9,20.6,16.1,14.6,13.2,8.4,5.4,15.5,20,36.8,43.6,60.1,66.8,52.2,28.1,24.5,21,18.3,15.9,15.8,15,15.2,15.3,17.9,
新竹,2025/10/18 00:00:00,PM10,19,23,34,31,23,26,24,16,27,23,19,24,29,18,30,45,30,21,15,12,12,16,7,13,
新竹,2025/10/18 00:00:00,PM2.5,20,25,25,18,12,22,22,13,27,16,0,11,14,21,2,1,0,2,15,1,0,0,5,7,
新竹,2025/10/18 00:00:00,RAINFALL,0,0,0,0,0,0,0,0,0,0,0,0,0,0,0,0,0,0,0,0,0,0,0,0,
新竹,2025/10/18 00:00:00,RH,73,75,76,75,73,73,72,69,65,58,54,55,53,48,47,48,51,54,56,60,61,65,69,69,
新竹,2025/10/18 00:00:00,SO2,1.6,3.3,4.7,3.2,2.8,2.5,2.4,2.6,2.1,2.2,2.3,3,3.9,3.3,2.5,2.3,2,2,1.9,1.8,2.1,2,1.7,1.9,
新竹,2025/10/18 00:00:00,THC,2.21,2.23,2.32,2.44,2.33,2.39,2.57,2.2,2.27,2.15,2.14,2.24,2.19,2.14,2.05,2.05,2.04,2.05,2.06,2.07,2.06,2.07,2.08,2.04,
新竹,2025/10/18 00:00:00,WD_HR,73,80,90,125,78,95,100,54,38,132,280,263,252,62,50,50,53,50,52,54,55,52,54,55,
新竹,2025/10/18 00:00:00,WIND_DIREC,79,88,110,81,82,91,37,27,49,159,301,252,246,44,50,51,51,54,53,54,58,52,54,51,
新竹,2025/10/18 00:00:00,WIND_SPEED,0.6,1,0.4,0.6,0.8,0.7,1.1,0.9,1,1.7,2.5,2.7,2.5,2.7,5.3,3.8,4.3,4.1,3.3,4.5,4.3,4.6,5.1,4.4,
新竹,2025/10/18 00:00:00,WS_HR,0.9,0.8,0.8,0.5,0.6,0.5,0.3,0.7,0.7,0.7,0.6,2,2,0.6,3.4,3.5,3.7,3.5,3.1,3.4,3.2,3.6,3.3,3.9,
新竹,2025/10/19 00:00:00,AMB_TEMP,29,28.8,28.7,28.5,28.4,28.4,28.3,28.3,29.4,30.3,30.9,30.3,29.6,30.7,31.1,30.7,29.8,28.6,28.2,27.8,27.4,27.4,27.4,27.4,
新竹,2025/10/19 00:00:00,CH4,2.03,2.04,2.05,2.05,2.04,2.04,2.04,2.04,2.03,2.02,2.01,2.04,2.06,2.07,2.04,2.03,2.03,2.04,2.05,2.07,2.05,2.03,2.06,2.08,
新竹,2025/10/19 00:00:00,CO,0.13,0.13,0.12,0.13,0.11,0.12,0.13,0.15,0.15,0.13,0.12,0.16,0.18,0.19,0.15,0.14,0.14,0.15,0.17,0.19,0.17,0.13,0.15,0.16,
新竹,2025/10/19 00:00:00,NMHC,0.02,0.02,0.01,0.01,0,0,0.02,0.03,0.03,0.01,0.02,0.04,0.05,0.07,0.03,0.02,0.03,0.04,0.04,0.06,0.05,0.01,0.01,0.01,
新竹,2025/10/19 00:00:00,NO,0.3,0.5,0.7,0.8,0.9,0.8,1,1.4,2.2,2.2,1.9,2,2.4,2.5,1.9,1.6,1.6,1.2,1,1.2,1,1,1,0.7,
新竹,2025/10/19 00:00:00,NO2,4.3,5.2,4.7,4.7,4,3.8,4.3,5.4,5.7,5.2,4.7,5.8,7.1,8.3,6.9,5.6,6.6,7.9,8.3,9.7,8.4,6.1,5.7,5.6,
新竹,2025/10/19 00:00:00,NOx,4.7,5.7,5.5,5.5,4.9,4.6,5.3,6.9,7.9,7.4,6.6,7.8,9.5,10.8,8.9,7.2,8.2,9.2,9.3,10.9,9.5,7.1,6.7,6.3,
新竹,2025/10/19 00:00:00,O3,18.4,19.2,19.9,19.4,20.4,20,18.5,16.8,18.7,20.3,23.8,24.9,22.6,26.4,29.7,25.2,20.9,21.7,19.7,17.1,17.7,21.1,32.8,34,
新竹,2025/10/19 00:00:00,PM10,13,14,13,14,13,12,17,11,43,28,5,7,6,4,2,4,12,19,11,6,4,5,1,0,
新竹,2025/10/19 00:00:00,PM2.5,4,0,0,6,5,0,0,6,3,0,1,0,0,0,0,0,0,7,2,0,4,4,2,5,
新竹,2025/10/19 00:00:00,RAINFALL,0,0,0,0,0,0,0,0,0,0,0,0,0,0,0,0,0,0,0,0,0,0,0,2.5,
新竹,2025/10/19 00:00:00,RH,71,72,71,73,72,73,77,78,71,65,58,61,67,60,56,57,62,68,72,77,78,78,78,78,
新竹,2025/10/19 00:00:00,SO2,1.6,0.8,0.7,0.9,0.7,0.8,1.1,1,0.9,1.3,1.2,1.2,1.4,1.5,1.4,1.4,1.3,1.5,1.3,1,1.1,1.1,1.1,1.1,
新竹,2025/10/19 00:00:00,THC,2.05,2.06,2.06,2.06,2.04,2.04,2.06,2.07,2.06,2.03,2.03,2.08,2.11,2.14,2.07,2.05,2.06,2.08,2.09,2.13,2.1,2.04,2.07,2.09,
新竹,2025/10/19 00:00:00,WD_HR,59,55,45,51,58,54,49,57,54,58,61,47,53,45,63,55,49,44,47,34,27,24,24,24,
新竹,2025/10/19 00:00:00,WIND_DIREC,62,58,44,56,60,43,50,64,58,52,58,41,53,62,67,65,38,47,35,29,24,24,24,24,
新竹,2025/10/19 00:00:00,WIND_SPEED,4.8,4.8,4.2,4.4,5,4.6,3.4,4.5,4.8,4.2,2.8,3.3,2,2.9,2.6,3.2,4.5,4.4,4,3.8,5.7,5.7,5.7,5.7,
新竹,2025/10/19 00:00:00,WS_HR,3.7,3.4,3.6,3.2,3.4,4,3.3,3.4,3.2,3.4,2.7,2.7,2.3,2.1,2,2.4,3,3.5,3.1,3.6,5.2,5.7,5.7,5.7,
新竹,2025/10/20 00:00:00,AMB_TEMP,27.4,27.4,27.4,27.4,27.4,27.4,27.4,27.4,27.4,27.4,27.4,27.4,27.4,27.4,27.4,27.4,27.4,27.4,27.4,27.4,27.4,#,#,NA,
新竹,2025/10/20 00:00:00,CH4,2.07,2.08,2.1,2.07,2.08,2.06,2.06,2.08,2.07,2.08,2.1,2.11,2.11,2.09,2.09,2.09,2.1,2.11,2.11,2.11,2.11,#,#,NA,
新竹,2025/10/20 00:00:00,CO,0.13,0.13,0.15,0.13,0.16,0.13,0.14,0.21,0.21,0.19,0.2,0.2,0.2,0.18,0.18,0.18,0.2,0.22,0.21,0.23,0.19,#,#,NA,
新竹,2025/10/20 00:00:00,NMHC,0.01,0.02,0.02,0.01,0.01,0.02,0.02,0.02,0.04,0.03,0.03,0.05,0.05,0.05,0.04,0.04,0.03,0.03,0.03,0.03,0.03,#,NA,NA,
新竹,2025/10/20 00:00:00,NO,0.8,1,0.9,0.9,1.1,1.1,1.2,1.3,1.9,1.3,1.4,1.5,1.5,1.4,1.3,1.3,1.4,1.1,1,1,0.9,#,#,NA,
新竹,2025/10/20 00:00:00,NO2,4.5,5.4,5.3,4.4,4,4.6,6.6,6.4,8,6.1,6.7,7,6.8,6,5.1,5.4,5.6,6.5,5.8,5.9,6.8,#,NA,NA,
新竹,2025/10/20 00:00:00,NOx,5.3,6.4,6.3,5.4,5.1,5.7,7.8,7.8,9.9,7.5,8.2,8.6,8.3,7.5,6.4,6.7,7,7.6,6.9,6.9,7.8,#,#,NA,
新竹,2025/10/20 00:00:00,O3,25.6,27,30.5,29.1,34,25.5,22,30.9,26.6,35.5,35.2,35,35.8,37.3,37.9,37.3,37.6,37.6,38.7,38.8,38.9,#,#,NA,
新竹,2025/10/20 00:00:00,PM10,2,0,0,0,1,7,4,0,0,0,0,9,6,15,19,3,15,17,21,16,20,14,6,NA,
新竹,2025/10/20 00:00:00,PM2.5,2,1,1,0,1,3,3,2,0,0,0,3,6,5,3,3,7,6,8,8,6,5,7,NA,
新竹,2025/10/20 00:00:00,RAINFALL,2,3.5,19.5,3,0,0,0.5,0.5,1,2,2.5,7.5,4.5,0.5,5,4,3,2.5,1.5,1.5,2,#,#,NA,
新竹,2025/10/20 00:00:00,RH,78,78,78,78,78,78,78,78,78,78,78,78,78,78,78,78,78,78,78,78,78,#,#,NA,
新竹,2025/10/20 00:00:00,SO2,1.2,1.1,1.4,1.3,1.3,1.7,1.6,1.4,1.4,1.5,1.5,1.5,1.4,1.5,1.4,1.5,1.5,1.4,1.3,1.7,1.6,#,#,NA,
新竹,2025/10/20 00:00:00,THC,2.08,2.1,2.12,2.08,2.09,2.08,2.08,2.1,2.11,2.11,2.13,2.16,2.16,2.14,2.13,2.13,2.13,2.14,2.14,2.14,2.14,#,#,NA,
新竹,2025/10/20 00:00:00,WD_HR,24,24,24,24,24,24,24,24,24,24,24,24,24,24,24,24,24,24,24,24,24,#,NA,NA,
新竹,2025/10/20 00:00:00,WIND_DIREC,24,24,24,24,24,24,24,24,24,24,24,#,24,24,24,24,24,24,24,24,#,#,#,NA,
新竹,2025/10/20 00:00:00,WIND_SPEED,5.7,5.7,5.7,5.7,5.7,5.7,5.7,5.7,5.7,5.7,5.7,#,5.7,5.7,5.7,5.7,5.7,5.7,5.7,5.7,#,#,#,NA,
新竹,2025/10/20 00:00:00,WS_HR,5.7,5.7,5.7,5.7,5.7,5.7,5.7,5.7,5.7,5.7,5.7,5.7,5.7,5.7,5.7,5.7,5.7,5.7,5.7,5.7,5.7,#,NA,NA,
新竹,2025/10/21 00:00:00,AMB_TEMP,#,NA,#,#,#,NA,NA,#,#,NA,#,#,#,#,#,#,#,#,NA,#,#,#,#,#,
新竹,2025/10/21 00:00:00,CH4,#,#,#,#,#,NA,NA,#,#,NA,#,#,#,#,#,#,#,#,NA,#,#,#,#,#,
新竹,2025/10/21 00:00:00,CO,#,#,#,#,#,NA,NA,#,#,NA,#,#,#,#,#,#,#,#,NA,#,#,#,#,#,
新竹,2025/10/21 00:00:00,NMHC,#,NA,#,#,#,NA,NA,#,#,NA,#,#,#,#,#,#,#,#,NA,#,#,#,NA,#,
新竹,2025/10/21 00:00:00,NO,#,#,#,#,#,NA,NA,#,#,NA,#,#,#,#,#,#,#,#,NA,#,#,#,#,#,
新竹,2025/10/21 00:00:00,NO2,#,NA,#,#,#,NA,NA,#,#,NA,#,#,#,#,#,#,#,#,NA,#,#,#,NA,#,
新竹,2025/10/21 00:00:00,NOx,#,#,#,#,#,NA,NA,#,#,NA,#,#,#,#,#,#,#,#,NA,#,#,#,#,#,
新竹,2025/10/21 00:00:00,O3,#,#,#,#,#,NA,NA,#,#,NA,#,#,#,#,#,#,#,#,NA,#,#,#,#,#,
新竹,2025/10/21 00:00:00,PM10,6,11,8,13,8,NA,NA,14,17,NA,13,11,11,14,11,9,8,#,NA,6,6,5,7,9,
新竹,2025/10/21 00:00:00,PM2.5,0,1,1,4,4,NA,NA,7,12,NA,7,6,6,7,4,2,2,3,NA,4,4,16,2,3,
新竹,2025/10/21 00:00:00,RAINFALL,#,#,#,#,#,NA,NA,#,#,NA,#,#,#,#,#,#,#,#,NA,#,#,#,NA,#,
新竹,2025/10/21 00:00:00,RH,#,#,#,#,#,NA,NA,#,#,NA,#,#,#,#,#,#,#,#,NA,#,#,#,#,#,
新竹,2025/10/21 00:00:00,SO2,#,#,#,#,#,NA,NA,#,#,NA,#,#,#,#,#,#,#,#,NA,#,#,#,#,#,
新竹,2025/10/21 00:00:00,THC,#,#,#,#,#,NA,NA,#,#,NA,#,#,#,#,#,#,#,#,NA,#,#,#,#,#,
新竹,2025/10/21 00:00:00,WD_HR,#,#,#,#,#,NA,NA,#,#,NA,#,#,#,#,#,#,#,#,NA,#,#,#,NA,#,
新竹,2025/10/21 00:00:00,WIND_DIREC,#,#,#,44,#,NA,NA,#,43,NA,49,#,#,#,#,#,#,#,NA,#,#,#,NA,#,
新竹,2025/10/21 00:00:00,WIND_SPEED,#,#,#,2.5,#,NA,NA,#,3.5,NA,3.6,#,#,#,#,#,#,#,NA,#,#,#,NA,#,
新竹,2025/10/21 00:00:00,WS_HR,#,#,#,#,#,NA,NA,#,#,NA,#,#,#,#,#,#,#,#,NA,#,#,#,NA,#,
新竹,2025/10/22 00:00:00,AMB_TEMP,#,#,#,NA,#,#,NA,#,#,NA,#,#,22.7,22.6,22.6,22.3,22,22.2,22.4,22.2,22,22.1,21.9,22.1,
新竹,2025/10/22 00:00:00,CH4,#,#,#,x,#,#,x,#,#,x,#,#,2.08,2.08,2.08,2.07,2.08,2.08,2.08,2.08,2.08,2.08,2.07,2.07,
新竹,2025/10/22 00:00:00,CO,#,#,#,x,#,#,x,#,#,*,#,#,#,0.16,0.16,0.16,0.18,0.19,0.18,0.17,0.17,0.17,0.15,0.14,
新竹,2025/10/22 00:00:00,NMHC,#,#,#,x,#,#,x,#,#,x,#,#,0.04,0.05,0.05,0.06,0.06,0.05,0.04,0.04,0.04,0.02,0.02,0.01,
新竹,2025/10/22 00:00:00,NO,#,#,#,NA,#,#,NA,#,#,NA,#,#,#,1.1,1.2,#,0.8,0.7,0.6,0.6,0.5,0.7,0.6,0.6,
新竹,2025/10/22 00:00:00,NO2,#,#,#,NA,#,#,NA,#,#,NA,#,#,#,8.2,9.5,#,10.8,9.1,6.8,6.8,7.1,7.3,5.6,4.8,
新竹,2025/10/22 00:00:00,NOx,#,#,#,NA,#,#,NA,#,#,NA,#,#,#,9.3,10.8,#,11.6,9.9,7.5,7.4,7.6,8.1,6.2,5.5,
新竹,2025/10/22 00:00:00,O3,#,#,#,x,#,#,NA,#,#,NA,#,#,x,#,#,34,34.2,37.2,40.5,40.6,40.1,39.9,42.1,41.9,
新竹,2025/10/22 00:00:00,PM10,5,6,6,#,0,3,#,7,7,#,9,9,#,19,28,28,25,21,16,17,10,15,11,12,
新竹,2025/10/22 00:00:00,PM2.5,2,0,8,NA,1,2,NA,3,5,NA,9,*,6,5,5,4,3,4,3,16,4,4,4,1,
新竹,2025/10/22 00:00:00,RAINFALL,#,#,#,NA,#,#,NA,#,#,NA,#,#,0.5,0.5,0.5,1,2.5,0.5,0,0.5,1.5,1.5,1,1.5,
新竹,2025/10/22 00:00:00,RH,#,#,#,NA,#,#,NA,#,#,NA,#,#,94,94,92,93,95,94,91,93,96,95,95,96,
新竹,2025/10/22 00:00:00,SO2,#,#,#,x,#,#,x,#,#,x,#,#,#,#,#,0.8,0.8,1.3,1.1,1.1,1,1,1,0.8,
新竹,2025/10/22 00:00:00,THC,#,#,#,x,#,#,x,#,#,x,#,#,2.12,2.13,2.13,2.13,2.14,2.13,2.12,2.12,2.12,2.1,2.09,2.08,
新竹,2025/10/22 00:00:00,WD_HR,#,#,#,NA,#,#,NA,#,#,NA,#,#,45,43,53,54,54,46,41,42,48,47,45,40,
新竹,2025/10/22 00:00:00,WIND_DIREC,#,#,#,NA,#,#,NA,#,#,NA,34,35,48,41,55,61,46,31,40,47,57,48,47,42,
新竹,2025/10/22 00:00:00,WIND_SPEED,#,#,#,NA,#,#,NA,#,#,NA,4.7,4.8,3.7,3.9,4.5,4,3.5,4.8,4.5,3.5,3.6,3.8,3.5,3.4,
新竹,2025/10/22 00:00:00,WS_HR,#,#,#,NA,#,#,NA,#,#,NA,#,#,3.5,3.2,3.6,3.5,2.7,3,3.7,3.2,2.9,2.9,3,3,
新竹,2025/10/23 00:00:00,AMB_TEMP,22.4,22.8,22.6,22.6,22.7,22.7,22.9,23.4,23.9,24,24.6,25.2,25.7,25.8,26.4,25.8,24.6,23.7,23.1,23.2,23.6,23.5,23.5,23.6,
新竹,2025/10/23 00:00:00,CH4,2.07,2.06,2.07,2.06,2.07,2.07,2.08,2.08,2.09,2.09,2.08,2.07,2.06,2.06,2.06,2.06,2.06,2.07,2.06,2.09,2.11,2.08,2.1,2.08,
新竹,2025/10/23 00:00:00,CO,0.14,0.13,0.13,0.13,0.14,0.14,0.16,0.22,0.22,0.23,0.22,0.17,0.16,0.15,0.14,0.15,0.15,0.18,0.19,0.24,0.26,0.18,0.19,0.15,
新竹,2025/10/23 00:00:00,NMHC,0.01,0.02,0.01,0.01,0.03,0.03,0.02,0.06,0.04,0.07,0.07,0.04,0.04,0.03,0.02,0.03,0.03,0.02,0.04,0.06,0.08,0.04,0.05,0.02,
新竹,2025/10/23 00:00:00,NO,0.3,0.7,0.6,0.8,0.9,1,1,1.1,1.6,1.9,2.3,1.9,1.5,1.6,1.5,1.4,1.4,1,1,1,0.9,0.9,0.9,0.7,
新竹,2025/10/23 00:00:00,NO2,5.1,5,4.7,4.2,4,5.2,5.8,7.8,9,9.7,10.9,7.8,5.5,6,4.9,5.4,5.7,5.5,6,8.5,11.4,8.5,8.5,6.3,
新竹,2025/10/23 00:00:00,NOx,5.5,5.8,5.4,5,4.9,6.2,6.9,8.9,10.6,11.6,13.2,9.8,7,7.6,6.5,6.8,7.1,6.6,7.1,9.6,12.3,9.5,9.4,7.1,
新竹,2025/10/23 00:00:00,O3,41.2,41.1,40.3,40.5,40.4,36.4,37.5,35.3,34.1,32.9,33.6,36.2,37.7,36.5,37.2,35.7,36.5,35.4,34.4,29.8,29.1,36.9,34.7,39.7,
新竹,2025/10/23 00:00:00,PM10,13,12,19,3,6,5,7,17,16,18,17,32,19,24,24,23,15,16,13,11,15,21,14,26,
新竹,2025/10/23 00:00:00,PM2.5,0,4,4,2,0,0,0,19,0,16,4,5,11,4,19,0,2,3,2,6,5,5,4,8,
新竹,2025/10/23 00:00:00,RAINFALL,0.5,0,1,1,0,0.5,0,0,0,0.5,0,0,0,0,0,0,0,0,0,0,0,0,0,0,
新竹,2025/10/23 00:00:00,RH,94,92,94,96,96,95,94,93,92,93,88,81,77,73,66,68,73,79,87,91,89,89,88,86,
新竹,2025/10/23 00:00:00,SO2,1.4,1.3,1.5,1.4,1.6,1.6,1.3,1.8,1.9,1.8,1.9,2,2.1,2,2,2.1,2.2,1.8,1.6,1.5,1.9,1.8,1.8,1.8,
新竹,2025/10/23 00:00:00,THC,2.08,2.08,2.08,2.07,2.1,2.1,2.1,2.14,2.13,2.16,2.15,2.11,2.1,2.09,2.08,2.09,2.09,2.09,2.1,2.15,2.19,2.12,2.15,2.1,
新竹,2025/10/23 00:00:00,WD_HR,43,49,43,35,33,45,49,46,54,55,53,58,58,54,57,52,58,55,55,51,52,53,55,56,
新竹,2025/10/23 00:00:00,WIND_DIREC,43,40,51,29,32,45,41,45,55,54,43,55,53,55,61,51,65,59,57,45,55,53,60,53,
新竹,2025/10/23 00:00:00,WIND_SPEED,4.5,4,3.5,4.6,5.2,3.2,4.1,3.2,3.4,3.3,4.3,3.7,4,4.4,3.5,3.7,4.7,4.3,3.4,3.3,4.1,4.4,3.5,4.6,
新竹,2025/10/23 00:00:00,WS_HR,3.5,3.4,3.3,3.7,4.2,3,2.9,2.6,3,3.2,2.9,3.2,3.1,3.5,3.1,3.7,3.7,3.3,3.2,2.5,3,3.8,3,3.5,
新竹,2025/10/24 00:00:00,AMB_TEMP,23.1,22.7,22.7,23,22.9,22.8,22.9,23,23.7,24.1,24,24.1,24.2,24.3,24.5,24.1,24,24,23.6,23.4,23.3,23.3,23,22.9,
新竹,2025/10/24 00:00:00,CH4,2.07,2.07,2.09,2.08,2.08,2.07,2.08,2.07,2.08,2.08,2.08,2.08,2.08,2.08,2.08,2.09,2.1,2.08,2.08,2.09,2.12,2.1,2.08,2.09,
新竹,2025/10/24 00:00:00,CO,0.14,0.14,0.14,0.14,0.13,0.15,0.16,0.16,0.17,0.18,0.18,0.19,0.17,0.16,0.17,0.19,0.21,0.18,0.19,0.22,0.26,0.21,0.16,0.15,
新竹,2025/10/24 00:00:00,NMHC,0.03,0.03,0.01,0.03,0.01,0.03,0.02,0.02,0.02,0.03,0.03,0.04,0.03,0.03,0.04,0.05,0.07,0.03,0.02,0.04,0.07,0.04,0.01,0.01,
新竹,2025/10/24 00:00:00,NO,0.8,0.6,0.8,0.5,0.7,0.6,0.6,0.6,1.1,1.1,1.3,1.4,1.3,1.1,1.6,1.1,0.9,0.8,0.8,0.9,0.9,1,0.7,0.6,
新竹,2025/10/24 00:00:00,NO2,4.6,5.3,5,5,4.5,5.5,6.7,6.4,6.7,7.4,6.9,7.8,6.7,6.2,6.9,8.6,10.8,9.8,8.7,9.3,11.1,9.1,5.6,5.2,
新竹,2025/10/24 00:00:00,NOx,5.5,5.9,5.8,5.5,5.3,6.2,7.4,7,7.9,8.6,8.2,9.2,8,7.3,8.5,9.7,11.8,10.6,9.6,10.2,12,10.1,6.4,5.9,
新竹,2025/10/24 00:00:00,O3,40.9,40.9,39.5,39.1,39.6,39,37.6,39.1,38.6,38.1,38.9,38.9,39.3,38.4,36.4,33.7,31.7,34.3,36.1,33,29.6,33.5,41,40.9,
新竹,2025/10/24 00:00:00,PM10,19,18,10,11,10,9,8,7,6,15,14,11,10,10,11,19,17,17,14,19,21,9,6,5,
新竹,2025/10/24 00:00:00,PM2.5,7,18,0,0,2,2,4,1,5,6,7,4,4,5,4,6,6,8,18,6,9,8,2,0,
新竹,2025/10/24 00:00:00,RAINFALL,0,0.5,0,0,1,0.5,1,0.5,0.5,0,0,0.5,0,0,0,0,0,0,0,0,0,0,0,0.5,
新竹,2025/10/24 00:00:00,RH,90,93,94,94,95,96,96,97,95,94,94,94,93,91,90,90,90,84,84,86,89,91,94,96,
新竹,2025/10/24 00:00:00,SO2,1.8,1,0.9,1.1,1.1,1.1,1.3,1.2,1.3,1,1.2,1.3,1.2,1.4,1.5,1.4,1.2,1.4,1.4,1.2,1.3,1,1.1,1.2,
新竹,2025/10/24 00:00:00,THC,2.1,2.1,2.1,2.11,2.09,2.1,2.1,2.09,2.1,2.11,2.11,2.12,2.11,2.11,2.12,2.14,2.17,2.11,2.1,2.13,2.19,2.14,2.09,2.1,
新竹,2025/10/24 00:00:00,WD_HR,54,54,53,55,46,49,40,46,42,43,43,52,45,50,53,56,51,48,54,50,53,54,52,48,
新竹,2025/10/24 00:00:00,WIND_DIREC,47,56,54,56,51,43,40,61,36,42,39,54,49,57,56,54,48,51,56,48,53,57,39,33,
新竹,2025/10/24 00:00:00,WIND_SPEED,3.5,3.3,2.7,3.6,3.7,3,2.6,3.3,3.8,4.1,3.7,3.5,4.2,4.3,4.2,3.9,3.7,4.8,3.9,3.2,3.7,4.3,2.9,3.1,
新竹,2025/10/24 00:00:00,WS_HR,2.9,2.9,2.4,2.6,2.8,2.6,2.2,2.9,2.9,3.3,3.2,3,3.5,3.4,3.4,3.6,3.1,3.6,3.8,3.5,2.8,3.3,3.1,2.6,
新竹,2025/10/25 00:00:00,AMB_TEMP,22.8,22.9,23.1,23.2,23,22.9,22.9,23.2,24.4,25.3,25.5,26.1,26,26.1,26.2,26.5,26.1,25.5,25.3,25,24.9,24.9,24.8,24.7,
新竹,2025/10/25 00:00:00,CH4,2.11,2.12,2.11,2.1,2.13,2.12,2.12,2.14,2.14,2.12,2.1,2.11,2.11,2.09,2.09,2.08,2.1,2.11,2.14,2.16,2.16,2.15,2.14,2.15,
新竹,2025/10/25 00:00:00,CO,0.17,0.18,0.16,0.16,0.17,0.17,0.18,0.23,0.24,0.23,0.23,0.24,0.23,0.21,0.22,0.2,0.23,0.25,0.29,0.33,0.3,0.29,0.25,0.24,
新竹,2025/10/25 00:00:00,NMHC,0.04,0.04,0.04,0.04,0.05,0.05,0.05,0.07,0.07,0.06,0.05,0.06,0.06,0.05,0.05,0.05,0.08,0.09,0.11,0.12,0.12,0.11,0.08,0.07,
新竹,2025/10/25 00:00:00,NO,0.6,0.8,0.7,0.5,0.6,0.5,0.5,1,2.2,1.9,1.6,1.6,1.7,1.3,1.2,1.3,1.2,1,0.9,0.8,0.8,0.7,0.9,0.7,
新竹,2025/10/25 00:00:00,NO2,6.7,6.4,6.8,5.4,5.9,5.7,6.1,7.9,8.6,7.9,6.9,6.5,7.3,6.3,6.5,6.3,8.3,9.9,12.3,13.2,13.5,12.9,10.5,9.9,
新竹,2025/10/25 00:00:00,NOx,7.3,7.3,7.5,6,6.5,6.3,6.6,8.9,10.9,9.8,8.5,8.2,9,7.6,7.8,7.6,9.6,10.9,13.2,14.1,14.3,13.7,11.4,10.6,
新竹,2025/10/25 00:00:00,O3,36.6,35.6,36.6,38.7,35.9,36.9,36.1,33.3,33.8,37.1,39.6,40.8,39.3,40.7,39.8,37.1,32.3,30.3,25.9,24.4,24.3,25.1,28.6,29.4,
新竹,2025/10/25 00:00:00,PM10,7,9,13,18,11,10,6,3,9,15,15,7,12,20,25,25,26,24,26,21,24,26,20,21,
新竹,2025/10/25 00:00:00,PM2.5,0,0,6,5,0,1,2,2,1,3,5,7,7,7,12,13,11,7,7,9,6,11,9,9,
新竹,2025/10/25 00:00:00,RAINFALL,0.5,0,0,0,0,0,0.5,0,0,0,0,0,0,0,0,0,0,0,0,0,0,0,0,0,
新竹,2025/10/25 00:00:00,RH,96,95,94,93,95,98,98,98,93,89,89,87,88,87,87,83,84,87,87,89,89,89,90,90,
新竹,2025/10/25 00:00:00,SO2,1.1,0.6,0.7,0.8,0.8,0.6,0.8,0.5,0.8,0.8,1.2,1.3,1.4,1.3,1.2,1.2,1.5,1.3,1.1,0.8,1,1,0.9,1,
新竹,2025/10/25 00:00:00,THC,2.15,2.16,2.15,2.14,2.18,2.17,2.17,2.21,2.21,2.18,2.15,2.17,2.17,2.14,2.14,2.13,2.18,2.2,2.25,2.28,2.28,2.26,2.22,2.22,
新竹,2025/10/25 00:00:00,WD_HR,39,41,42,43,53,37,33,35,40,45,36,35,37,39,38,41,47,40,47,53,42,39,39,37,
新竹,2025/10/25 00:00:00,WIND_DIREC,39,49,38,40,56,28,31,33,39,44,33,35,38,39,35,39,49,36,50,51,42,31,52,34,
新竹,2025/10/25 00:00:00,WIND_SPEED,2.7,3,3.1,2.1,2.6,3.1,2.8,3.4,3.7,3.5,4.5,4.3,3.8,3.6,3.9,3.2,3.9,3.3,3.6,3.4,3.2,3.6,3,3.2,
新竹,2025/10/25 00:00:00,WS_HR,2.6,2.6,2.4,2.2,2,2,2.9,2.4,2.7,2.6,3.3,3.2,3.6,3.6,3,2.9,2.8,2.7,2.7,2.5,2.5,2.8,2.5,2.5,
新竹,2025/10/26 00:00:00,AMB_TEMP,24.7,24.5,24.5,24.4,24.4,24.4,24.2,23.6,23.8,24.3,24.9,25.6,25.3,25.1,25.4,25.1,24.6,24.1,23.8,23.7,23.5,23.4,23.3,22.9,
新竹,2025/10/26 00:00:00,CH4,2.12,2.09,2.11,2.1,2.11,2.11,2.1,2.08,2.09,2.09,2.09,2.08,2.08,2.08,2.08,2.07,2.08,2.1,2.1,2.1,2.1,2.1,2.1,2.11,
新竹,2025/10/26 00:00:00,CO,0.19,0.15,0.16,0.15,0.16,0.16,0.18,0.2,0.21,0.21,0.21,0.2,0.19,0.18,0.18,0.17,0.19,0.22,0.23,0.23,0.25,0.23,0.21,0.21,
新竹,2025/10/26 00:00:00,NMHC,0.04,0.02,0.01,0.01,0.02,0.02,0.02,0.02,0.03,0.03,0.03,0.02,0.03,0.03,0.03,0.02,0.03,0.03,0.04,0.04,0.04,0.03,0.02,0.04,
新竹,2025/10/26 00:00:00,NO,0.7,0.9,0.7,0.7,0.7,0.6,0.6,0.8,1,0.9,1.2,1.2,1,1.1,1,0.9,0.8,0.8,0.6,0.5,0.7,0.8,0.5,0.7,
新竹,2025/10/26 00:00:00,NO2,7.8,4.6,4.4,4,4,4.3,4.3,5.1,6.2,6.2,5.9,4.6,4.9,4.6,4.6,4.8,5.3,6,6.5,6.1,7,8.3,6.7,5.7,
新竹,2025/10/26 00:00:00,NOx,8.5,5.5,5.2,4.8,4.8,4.9,5,5.9,7.2,7.2,7.2,5.9,5.9,5.7,5.7,5.8,6.2,6.8,7.2,6.7,7.7,9.2,7.3,6.4,
新竹,2025/10/26 00:00:00,O3,35,41.1,40.2,40.9,39.8,40.7,41.2,42.9,40.8,41.7,43.3,43.9,43.8,44.7,44.4,45.6,45.1,46.5,46.9,47.2,44.3,41.3,42.2,40.2,
新竹,2025/10/26 00:00:00,PM10,17,19,19,23,27,31,23,18,24,24,29,32,30,29,30,26,27,29,31,32,26,19,23,18,
新竹,2025/10/26 00:00:00,PM2.5,6,3,3,9,8,9,11,8,8,9,7,8,10,11,8,9,8,7,11,15,4,10,8,9,
新竹,2025/10/26 00:00:00,RAINFALL,0,0,0,0,0,0,0,0,0,0,0,0,0,0,0,0,0,0,0,0,0,0,0,0,
新竹,2025/10/26 00:00:00,RH,88,88,87,87,87,88,90,93,92,88,83,79,78,76,74,74,76,78,78,78,80,80,81,86,
新竹,2025/10/26 00:00:00,SO2,0.9,1.2,1,1.2,1,1,0.8,1.1,0.9,1.1,1.1,1.2,1.4,1.3,1.3,1.3,1.5,1.4,1.1,1,1.2,1.3,1.3,0.9,
新竹,2025/10/26 00:00:00,THC,2.16,2.11,2.12,2.11,2.13,2.13,2.12,2.1,2.12,2.12,2.12,2.1,2.11,2.11,2.11,2.09,2.11,2.13,2.14,2.14,2.14,2.13,2.12,2.15,
新竹,2025/10/26 00:00:00,WD_HR,45,52,43,57,47,39,34,34,36,38,39,45,46,45,42,51,41,41,45,51,55,54,53,39,
新竹,2025/10/26 00:00:00,WIND_DIREC,48,52,49,53,51,45,36,42,41,42,47,34,51,51,36,50,44,46,37,56,52,54,52,33,
新竹,2025/10/26 00:00:00,WIND_SPEED,2.8,3,3,2.8,2.8,2.8,3.8,2.9,3.8,3.8,4.4,5.3,4.7,3.9,4.2,4.7,3.7,3.4,4,2.9,3.4,2.9,2.8,2.8,
新竹,2025/10/26 00:00:00,WS_HR,2.7,2.8,2.5,2.6,2.2,2.7,2.9,3.4,3,3.2,3.6,3.7,3.5,3.3,3,3.6,3.2,3.1,3.1,2.6,2.8,2.6,2.2,2.3,
新竹,2025/10/27 00:00:00,AMB_TEMP,22.4,22.3,22.3,22.4,22.4,22.3,22.1,22.4,23,23.7,24.1,24.9,25.3,25.8,25.5,24.7,24,23.5,23.3,22.9,23,23,22.9,23.1,
新竹,2025/10/27 00:00:00,CH4,2.1,2.11,2.15,2.14,2.12,2.12,2.14,2.15,2.15,2.15,2.18,2.17,2.15,2.15,2.14,2.15,2.16,2.16,2.15,2.15,2.15,2.13,2.14,2.13,
新竹,2025/10/27 00:00:00,CO,0.2,0.21,0.21,0.21,0.2,0.21,0.24,0.3,0.32,0.34,0.35,0.32,0.3,0.29,0.28,0.29,0.3,0.32,0.31,0.31,0.29,0.25,0.25,0.25,
新竹,2025/10/27 00:00:00,NMHC,0.02,0.03,0.03,0.03,0.02,0.03,0.05,0.06,0.06,0.08,0.1,0.09,0.08,0.07,0.07,0.07,0.08,0.09,0.07,0.08,0.08,0.04,0.06,0.05,
新竹,2025/10/27 00:00:00,NO,0.6,0.7,0.5,0.6,0.3,0.4,0.7,1.1,1.5,1.8,2,2,1.6,1.4,1.1,0.9,1,0.8,0.6,0.7,0.6,0.6,0.5,0.5,
新竹,2025/10/27 00:00:00,NO2,4.9,4.7,5.2,4.4,4.2,4.5,7.2,10.1,9.9,9.7,11.2,10.1,7.7,7,7,8.1,10.1,11.1,9.9,8.6,9.6,7.3,7.1,6.2,
新竹,2025/10/27 00:00:00,NOx,5.5,5.4,5.8,5,4.5,5,8,11.3,11.5,11.6,13.3,12.1,9.3,8.5,8.1,9,11.1,11.9,10.5,9.3,10.3,8,7.6,6.7,
新竹,2025/10/27 00:00:00,O3,50.1,49.3,45.6,46.4,44.3,41.5,36.4,34.3,40.5,41.2,40.4,42.7,46.7,49.6,49,46.2,43.4,41.8,41.7,39.6,36.8,38.8,37.9,39.2,
新竹,2025/10/27 00:00:00,PM10,19,16,14,22,20,21,13,8,14,19,21,21,17,20,23,29,25,25,17,17,15,11,9,8,
新竹,2025/10/27 00:00:00,PM2.5,6,4,7,7,7,12,7,6,4,9,7,4,3,2,7,9,10,8,8,7,4,4,2,1,
新竹,2025/10/27 00:00:00,RAINFALL,0,0,0,0,0,0,0,0,0,0,0,0,0,0,0,0,0,0,0,0,0,0,0,0,
新竹,2025/10/27 00:00:00,RH,87,86,87,85,84,85,88,87,83,79,77,73,70,67,66,69,72,75,77,82,82,82,83,82,
新竹,2025/10/27 00:00:00,SO2,0.7,1.2,1.2,1,1.1,1.2,1.3,1.2,1.4,1.5,1.7,1.7,1.7,2,1.9,1.7,1.9,1.6,1.5,1.4,1.4,1.7,1.7,1.6,
新竹,2025/10/27 00:00:00,THC,2.12,2.14,2.18,2.17,2.14,2.15,2.19,2.21,2.21,2.23,2.28,2.26,2.23,2.22,2.21,2.22,2.24,2.25,2.22,2.23,2.23,2.17,2.2,2.18,
新竹,2025/10/27 00:00:00,WD_HR,49,45,53,50,49,51,43,38,38,40,37,43,50,46,48,52,46,48,49,45,47,51,51,51,
新竹,2025/10/27 00:00:00,WIND_DIREC,57,47,53,53,45,42,41,35,37,37,34,52,61,41,52,55,45,49,48,45,55,53,58,51,
新竹,2025/10/27 00:00:00,WIND_SPEED,3,3.2,3.6,3,3.3,3.2,3.8,3.7,5.2,3.9,4.5,4.5,4.5,4.9,4.6,3.8,4.3,3.9,3.5,2.4,2.9,3.5,3.4,2,
新竹,2025/10/27 00:00:00,WS_HR,2.8,2.7,2.8,2.7,2.6,2.7,3.1,3.2,3.9,4,3.7,3.6,4.1,3.9,3.8,3.4,3.3,3.3,3.4,2.8,2.5,2.8,2.5,2.4,
新竹,2025/10/28 00:00:00,AMB_TEMP,23,22.8,22.9,22.9,22.7,22.2,22.2,22.1,22,22.1,22.2,22.7,23,23,22.7,22.9,22.9,22.4,22.3,22.3,22.1,21.9,21.8,22,
新竹,2025/10/28 00:00:00,CH4,2.13,2.13,2.14,2.12,2.12,2.12,2.13,2.13,2.13,2.14,2.13,2.14,2.15,2.15,2.15,2.15,2.11,2.13,2.13,2.11,2.11,2.11,2.1,2.09,
新竹,2025/10/28 00:00:00,CO,0.24,0.24,0.24,0.22,0.22,0.22,0.24,0.3,0.32,0.3,0.28,0.31,0.3,0.27,0.26,0.25,0.23,0.27,0.28,0.25,0.23,0.23,0.2,0.17,
新竹,2025/10/28 00:00:00,NMHC,0.02,0.03,0.02,0.01,0,0.01,0.01,0.03,0.05,0.05,0.05,0.1,0.1,0.09,0.13,0.13,0.07,0.11,0.1,0.08,0.06,0.07,0.06,0.02,
新竹,2025/10/28 00:00:00,NO,0.5,0.7,0.6,0.5,0.8,0.6,0.7,0.8,0.8,1.2,1.3,1.3,1.6,1.4,1.6,1.8,1.3,0.8,0.7,0.7,0.7,0.7,0.7,0.7,
新竹,2025/10/28 00:00:00,NO2,5.2,5.3,5.1,5.3,4.4,4,5.8,8.2,10.3,13.1,9.6,11.8,11.8,11,12.9,12.7,12,12.3,11.3,10.1,8.5,9.8,8.8,5.5,
新竹,2025/10/28 00:00:00,NOx,5.8,6,5.8,5.8,5.2,4.6,6.6,9.1,11.1,14.4,10.9,13.2,13.4,12.4,14.5,14.6,13.3,13.2,12,10.8,9.2,10.6,9.5,6.2,
新竹,2025/10/28 00:00:00,O3,40.8,40.5,40.7,41.2,42.9,43.7,42.5,41.9,38.1,36.8,40.9,37.9,37.9,37.1,34.1,33.1,33.9,30.9,32.5,34.3,35.9,34,34.5,39.1,
新竹,2025/10/28 00:00:00,PM10,10,10,7,10,4,0,8,5,8,9,10,10,7,9,8,10,12,9,11,20,20,18,12,8,
新竹,2025/10/28 00:00:00,PM2.5,1,3,3,4,2,0,0,1,2,0,0,2,5,10,8,7,4,1,5,4,0,3,6,4,
新竹,2025/10/28 00:00:00,RAINFALL,0,0,0,0,3,1,2,3,4,2,1,0,0,0.5,0,0,0,0,0,0,0,0,0,0,
新竹,2025/10/28 00:00:00,RH,83,85,86,87,89,92,92,92,94,93,91,90,89,90,93,89,85,87,85,82,82,85,87,84,
新竹,2025/10/28 00:00:00,SO2,2.5,1.5,1.5,1.5,1.3,1.5,1.4,1.5,1.4,1.6,1.6,1.5,1.6,1.6,1.8,1.8,1.8,1.5,1.5,1.6,1.8,1.6,1.5,1.6,
新竹,2025/10/28 00:00:00,THC,2.15,2.16,2.16,2.13,2.12,2.13,2.14,2.16,2.18,2.19,2.18,2.24,2.25,2.24,2.28,2.28,2.18,2.24,2.23,2.19,2.17,2.18,2.16,2.11,
新竹,2025/10/28 00:00:00,WD_HR,55,53,57,56,66,54,58,60,58,61,59,54,50,50,53,46,52,44,48,49,49,40,42,49,
新竹,2025/10/28 00:00:00,WIND_DIREC,50,50,60,54,66,55,59,69,48,59,53,43,43,42,43,52,46,49,52,40,49,34,40,47,
新竹,2025/10/28 00:00:00,WIND_SPEED,2.8,3.2,2.8,2.4,2.4,2.3,3.3,2.5,2.1,1.8,2.8,2.8,3.1,3.3,2.6,3.9,4,3.8,2.9,3.8,4.2,4.6,4.1,4.6,
新竹,2025/10/28 00:00:00,WS_HR,2.4,2.5,2.4,2,1.6,1.9,2.5,2.3,1.6,1.8,2.1,2.6,2.7,2.7,2.5,2.8,3.7,3.2,3.1,3.2,3.4,3.4,3.3,3.9,
新竹,2025/10/29 00:00:00,AMB_TEMP,22.1,22.1,22.4,22.6,22.7,23,23,23.6,24.8,26.1,26.9,27.6,28.1,28.2,27.4,26.5,25.8,24.8,24.5,24.6,24.9,24.7,24.6,24.6,
新竹,2025/10/29 00:00:00,CH4,2.08,2.08,2.08,2.07,2.07,2.07,2.07,2.07,2.06,2.06,2.06,#,#,2.06,2.07,2.07,2.07,2.08,2.08,2.08,2.08,2.09,2.09,2.09,
新竹,2025/10/29 00:00:00,CO,0.15,0.15,0.15,0.15,0.14,0.14,0.16,0.21,0.2,0.18,0.18,#,#,0.17,0.17,0.17,0.18,0.21,0.21,0.18,0.17,0.18,0.16,0.15,
新竹,2025/10/29 00:00:00,NMHC,0.01,0.01,0.01,0.01,0.01,0,0.02,0.03,0.03,0.04,0.03,#,#,0.03,0.04,0.03,0.03,0.04,0.03,0.02,0.02,0.02,0.02,0.02,
新竹,2025/10/29 00:00:00,NO,0.7,0.3,0.4,0.4,0.4,0.4,0.5,1,1.4,1.4,1.3,#,#,1.4,1.4,1,0.9,0.7,0.4,0.4,0.5,0.4,0.3,0.3,
新竹,2025/10/29 00:00:00,NO2,4.1,3.6,3.1,2.8,3,3.1,4.3,6,6.2,6.1,5.4,#,#,5.3,5.6,6,6.4,7.1,7.6,6.9,5.8,6.5,5.2,4.7,
新竹,2025/10/29 00:00:00,NOx,4.8,3.9,3.5,3.2,3.5,3.5,4.9,7,7.6,7.5,6.8,#,#,6.8,7.1,7,7.4,7.8,8,7.4,6.4,7,5.5,5.1,
新竹,2025/10/29 00:00:00,O3,39.9,39.8,40.2,40.5,40.1,40.1,39.3,38.3,38.7,40,41.1,#,#,37.8,37,35.9,35,34.5,34.1,35.3,36.9,36.2,36.8,35.7,
新竹,2025/10/29 00:00:00,PM10,10,8,7,5,10,13,12,11,23,18,16,20,#,20,26,21,13,18,17,14,22,21,19,18,
新竹,2025/10/29 00:00:00,PM2.5,4,3,1,1,0,0,2,6,8,7,6,#,4,4,6,4,2,4,2,0,3,4,7,6,
新竹,2025/10/29 00:00:00,RAINFALL,0,0,0,0,0,0,0,0,0,0,0,0,0,0,0,0,0,0,0,0,0,0,0,0,
新竹,2025/10/29 00:00:00,RH,83,83,81,80,80,79,78,74,68,64,63,60,59,60,64,67,69,74,74,70,66,67,69,71,
新竹,2025/10/29 00:00:00,SO2,1.4,0.8,0.7,1,0.7,0.7,0.6,0.8,0.9,0.9,1,#,#,0.8,0.9,1,1.2,1.3,1.1,0.9,0.8,0.7,0.9,0.8,
新竹,2025/10/29 00:00:00,THC,2.09,2.09,2.09,2.08,2.08,2.07,2.09,2.1,2.09,2.1,2.09,#,#,2.09,2.11,2.1,2.1,2.12,2.11,2.1,2.1,2.11,2.11,2.11,
新竹,2025/10/29 00:00:00,WD_HR,52,51,48,53,50,53,50,54,56,51,54,#,52,53,51,53,56,53,55,62,63,61,63,64,
新竹,2025/10/29 00:00:00,WIND_DIREC,51,58,44,46,50,49,45,53,59,52,51,#,46,52,54,54,55,56,51,74,55,64,63,66,
新竹,2025/10/29 00:00:00,WIND_SPEED,3.9,4.4,4.1,4.9,4.4,3.9,4.3,4.9,5.2,4.6,5,#,4.1,3.9,4.5,4.2,4.7,3.8,3,3.3,2.8,2.6,2.3,2.1,
新竹,2025/10/29 00:00:00,WS_HR,3.6,3.8,3.4,3.8,3.7,3.7,4,4.2,4.2,4.3,4.3,#,3.5,3.4,3.5,3.2,3.4,3.2,2.7,2.6,2,1.8,1.9,1.7,
新竹,2025/10/30 00:00:00,AMB_TEMP,24.5,24.4,24.4,24.4,24.3,24.4,24.3,25,25.8,27.8,29.4,28.8,28.6,28.4,28.8,28.7,27.3,26.7,26.3,26,25.8,25.6,25.6,25.6,
新竹,2025/10/30 00:00:00,CH4,2.1,2.11,2.14,2.18,2.17,2.16,2.18,2.17,2.21,2.16,2.17,2.25,2.25,2.13,2.11,2.13,2.08,2.07,2.14,2.1,2.06,2.1,2.12,2.09,
新竹,2025/10/30 00:00:00,CO,0.15,0.14,0.14,0.15,0.16,0.16,0.21,0.33,0.4,0.37,0.37,0.36,0.33,0.25,0.25,0.28,0.24,0.23,0.23,0.22,0.19,0.21,0.17,0.15,
新竹,2025/10/30 00:00:00,NMHC,0.02,0.02,0.02,0.03,0.04,0.04,0.05,0.09,0.12,0.1,0.1,0.13,0.12,0.05,0.06,0.08,0.04,0.03,0.03,0.03,0.02,0.03,0.01,0,
新竹,2025/10/30 00:00:00,NO,0.4,0.2,0,0.2,0.1,0,0.5,3.3,4.2,7,6.7,3.1,3.2,0.9,0.6,0.5,0.3,0,0,0,0.2,0.1,0.1,0,
新竹,2025/10/30 00:00:00,NO2,4.4,5.4,5.1,5.8,7.4,7.5,10.4,16.4,15.7,17.7,20.2,18.4,19.4,9.6,8.8,9.8,8.7,6.6,6.5,6.6,5.9,7.4,7.1,4.9,
新竹,2025/10/30 00:00:00,NOx,4.9,5.6,5.1,6.1,7.5,7.5,11,19.7,20,24.8,26.9,21.6,22.6,10.5,9.4,10.4,9.1,6.7,6.6,6.7,6.2,7.5,7.2,5,
新竹,2025/10/30 00:00:00,O3,34.6,32.4,29.9,27.3,24.7,23.7,17.7,14.6,17.6,20.4,30.3,33.5,44,59.3,57.8,61.4,52.1,40.4,36.5,35.2,34.7,30.5,31.1,32.7,
新竹,2025/10/30 00:00:00,PM10,12,12,15,13,16,17,19,20,25,22,25,38,41,24,24,31,22,23,25,29,25,21,29,31,
新竹,2025/10/30 00:00:00,PM2.5,5,6,6,3,6,15,10,9,13,11,12,10,15,10,6,9,5,5,9,9,12,8,6,8,
新竹,2025/10/30 00:00:00,RAINFALL,0,0,0,0,0,0,0,0,0,0,0,0,0,0,0,0,0,0,0,0,0,0,0,0,
新竹,2025/10/30 00:00:00,RH,73,75,77,78,80,81,83,82,80,71,66,71,70,69,67,70,82,86,91,93,94,93,94,93,
新竹,2025/10/30 00:00:00,SO2,0.4,2.2,2,1.9,2.2,2.2,2.2,2.2,#,1.3,1.4,1.7,2.9,2.1,1.6,1.6,1.4,1.2,1.3,1.3,0.8,1.7,1.8,1.7,
新竹,2025/10/30 00:00:00,THC,2.12,2.13,2.16,2.21,2.21,2.2,2.23,2.26,2.33,2.26,2.27,2.38,2.37,2.18,2.17,2.21,2.12,2.1,2.17,2.13,2.08,2.13,2.13,2.09,
新竹,2025/10/30 00:00:00,WD_HR,61,70,53,52,63,80,71,83,34,64,257,257,250,269,164,232,283,295,311,301,298,307,7,52,
新竹,2025/10/30 00:00:00,WIND_DIREC,54,70,48,38,47,74,96,94,56,79,196,250,250,295,165,251,306,300,296,296,268,73,299,77,
新竹,2025/10/30 00:00:00,WIND_SPEED,1.2,0.9,0.3,0.8,0.6,0.7,0.7,0.5,0.5,0.9,1.1,2.1,1.6,1.4,1.8,1.7,1.5,1.6,1.6,2.3,0.8,0.5,0.5,0.7,
新竹,2025/10/30 00:00:00,WS_HR,1.3,0.9,0.8,0.6,0.5,0.8,0.7,0.7,0.3,1,0.4,1.7,1.8,1.4,1,1.1,1.3,1.2,1,1.8,1.3,0.2,0.1,0.3,
新竹,2025/10/31 00:00:00,AMB_TEMP,25.2,25,24.8,24.6,24.6,24.4,24.4,24.4,24.4,24.9,25.6,26.2,26.6,26.4,25.7,24.8,24.4,24.2,23.9,23.8,23.9,23.8,23.6,23.4,
新竹,2025/10/31 00:00:00,CH4,2.06,2.07,2.08,2.09,2.08,2.08,2.09,2.09,2.08,2.08,2.09,2.1,2.1,2.1,2.1,2.09,2.09,2.11,2.1,2.11,2.11,2.11,2.1,2.12,
新竹,2025/10/31 00:00:00,CO,0.13,0.13,0.13,0.13,0.14,0.14,0.17,0.22,0.22,0.2,0.22,0.22,0.22,0.2,0.19,0.19,0.2,0.25,0.25,0.24,0.23,0.23,0.21,0.2,
新竹,2025/10/31 00:00:00,NMHC,0,0,0.01,0.02,0.03,0.03,0.04,0.05,0.07,0.05,0.05,0.04,0.05,0.04,0.07,0.09,0.06,0.07,0.08,0.06,0.07,0.06,0.06,0.09,
新竹,2025/10/31 00:00:00,NO,0,0.7,0.7,0.7,0.6,0.5,0.6,0.9,1,1.3,1.5,1.5,1.4,1.3,1,1,1,0.8,0.7,0.6,0.7,0.8,0.7,0.6,
新竹,2025/10/31 00:00:00,NO2,4.8,2.2,2.6,4.1,3.7,3.4,4.1,6.4,6.6,6.2,6.5,6.5,5.3,4.7,5.5,5.9,6.6,9.4,8.9,8.5,9.5,9.8,9.5,9.3,
新竹,2025/10/31 00:00:00,NOx,4.8,3,3.3,4.8,4.4,3.9,4.8,7.3,7.6,7.6,8,8.1,6.7,6,6.6,6.9,7.7,10.3,9.6,9.2,10.2,10.6,10.2,10,
新竹,2025/10/31 00:00:00,O3,33,36.6,34.3,29.8,29.7,30.9,31.5,30.8,32,34.9,38.8,43.1,46.9,47.2,46.5,45.8,43.6,38.1,41.5,42.5,41.8,38.7,39.2,39.1,
新竹,2025/10/31 00:00:00,PM10,28,25,21,30,25,21,19,25,21,20,18,13,21,16,17,17,20,19,21,21,18,20,15,21,
新竹,2025/10/31 00:00:00,PM2.5,4,9,6,3,7,8,10,9,6,3,5,7,5,6,8,5,3,6,5,3,4,5,8,7,
新竹,2025/10/31 00:00:00,RAINFALL,0,0,0,0,0,0,0,0,0,0,0,0,0,0,0,0,0,0,0,0,0,0,0,0,
新竹,2025/10/31 00:00:00,RH,93,92,91,90,89,89,87,84,79,73,68,62,58,60,65,68,69,71,74,75,75,76,81,81,
新竹,2025/10/31 00:00:00,SO2,2,0.6,0.3,0.4,0.5,0.5,0.5,0.8,0.9,1,1,1,1,1.1,1.2,1.5,0.9,0.8,0.6,0.4,0.5,0.8,0.7,0.7,
新竹,2025/10/31 00:00:00,THC,2.06,2.07,2.09,2.11,2.11,2.11,2.13,2.14,2.15,2.13,2.14,2.14,2.15,2.14,2.17,2.18,2.15,2.18,2.18,2.17,2.18,2.17,2.16,2.21,
新竹,2025/10/31 00:00:00,WD_HR,47,51,52,47,50,47,40,42,42,53,47,54,43,40,39,40,39,43,38,39,41,51,37,41,
新竹,2025/10/31 00:00:00,WIND_DIREC,51,39,61,51,47,46,40,36,38,47,33,64,39,30,37,38,39,42,33,47,43,60,35,43,
新竹,2025/10/31 00:00:00,WIND_SPEED,1.1,1.4,1.5,1.8,1.7,1.4,2.6,2.9,3.1,2.8,3.4,3.3,4.5,3.8,3.5,3.2,3.1,2.4,3.2,2.6,3,2.2,3.3,2.7,
新竹,2025/10/31 00:00:00,WS_HR,0.4,1.1,1.1,1.6,1.3,1.6,2,1.9,2.4,2.5,2.7,3,3.5,2.9,3.1,3,3.1,2.3,2.6,2.5,2.2,1.8,2.5,2,
新竹,2025/11/01 00:00:00,AMB_TEMP,23.8,23.8,23.6,23.4,23.4,23.3,23.2,23.4,24.4,25.1,25.7,25.6,25.9,25.7,25.7,25.1,24.7,24.4,24.5,24.4,24.4,24.1,23.4,22.9,
新竹,2025/11/01 00:00:00,CH4,2.1,2.1,2.13,2.12,2.12,2.12,2.14,2.14,2.14,2.11,2.12,2.14,2.12,2.09,2.08,2.09,2.08,2.09,2.09,2.1,2.09,2.1,2.11,2.09,
新竹,2025/11/01 00:00:00,CO,0.16,0.16,0.16,0.16,0.15,0.17,0.2,0.24,0.26,0.25,0.28,0.3,0.29,0.22,0.21,0.22,0.21,0.23,0.22,0.23,0.2,0.21,0.21,0.17,
新竹,2025/11/01 00:00:00,NMHC,0.05,0.05,0.04,0.05,0.03,0.04,0.05,0.08,0.07,0.06,0.07,0.09,0.08,0.03,0.04,0.03,0.03,0.03,0.03,0.05,0.03,0.03,0.04,0.02,
新竹,2025/11/01 00:00:00,NO,0.8,0.8,0.8,0.8,0.9,0.8,1.1,1.4,2.4,2.2,1.9,1.9,1.8,1.7,1.5,1.3,1.1,1,0.8,1,0.9,0.9,0.8,1,
新竹,2025/11/01 00:00:00,NO2,6.5,6.1,5.7,6,6,7.3,8.9,10,11,8.7,8.9,10.2,9.6,7.2,6.2,6.9,6.8,7.3,7.8,8.1,7.4,7.8,7.2,6,
新竹,2025/11/01 00:00:00,NOx,7.3,6.9,6.6,6.8,6.9,8.2,10,11.4,13.4,11,10.8,12.2,11.5,8.9,7.8,8.2,7.9,8.3,8.6,9.1,8.3,8.7,8,7.1,
新竹,2025/11/01 00:00:00,O3,42.3,40.8,40.2,38.6,38.5,34.6,32.6,31.4,33.8,40.6,42.2,43,44.2,47.3,49.1,47.4,48.9,47.8,45.8,42.9,43,41.5,41.3,42.7,
新竹,2025/11/01 00:00:00,PM10,15,17,21,21,23,16,19,20,21,18,31,27,33,30,24,27,31,24,22,22,21,21,19,15,
新竹,2025/11/01 00:00:00,PM2.5,4,3,4,6,6,3,4,8,7,7,9,9,8,9,12,10,14,9,7,9,7,10,8,6,
新竹,2025/11/01 00:00:00,RAINFALL,0,0,0,0,0,0,0,0,0,0,0,0,0,0,0,0,0,0,0,0,0,0,0,0,
新竹,2025/11/01 00:00:00,RH,71,68,68,68,68,69,69,69,64,61,60,62,62,62,62,63,61,61,62,63,64,67,72,76,
新竹,2025/11/01 00:00:00,SO2,0.5,1.5,1.5,1.5,1.8,1.7,1.6,1.4,1.7,1.8,1.9,2,2.2,2.2,2.1,2.1,2.1,1.6,1.6,1.4,1.4,1.6,1.4,1.6,
新竹,2025/11/01 00:00:00,THC,2.15,2.15,2.17,2.17,2.15,2.16,2.19,2.22,2.21,2.17,2.19,2.23,2.2,2.12,2.12,2.12,2.11,2.12,2.12,2.15,2.12,2.13,2.15,2.11,
新竹,2025/11/01 00:00:00,WD_HR,47,58,54,55,52,52,55,52,52,54,51,44,51,52,52,53,55,53,52,51,52,51,50,61,
新竹,2025/11/01 00:00:00,WIND_DIREC,53,64,61,52,54,52,64,47,45,49,55,44,57,52,52,52,55,50,55,61,59,54,54,60,
新竹,2025/11/01 00:00:00,WIND_SPEED,2.4,2.2,3,3.2,3.1,3.1,2.3,2.7,4.2,4.2,3,3.2,3.7,3.9,4.4,4.6,3.9,3.2,2.9,2.3,2.2,2.7,2.6,2.5,
新竹,2025/11/01 00:00:00,WS_HR,2.1,2.4,2.3,2.2,2.3,2.4,2.5,2.4,2.9,3.3,2.9,3.1,3.1,3.6,2.8,3.3,3.3,3,2.6,2.2,2.1,2.1,2.2,2.1,
新竹,2025/11/02 00:00:00,AMB_TEMP,22.3,22.4,22.2,22.2,21.8,21.9,21.8,21.9,21.6,22.5,22.8,24,24.9,25,24.9,24.5,24.2,23.4,22.7,22.6,22.7,23,23.2,23.4,
新竹,2025/11/02 00:00:00,CH4,2.09,2.11,2.12,2.12,2.12,2.13,2.13,2.12,2.11,2.12,2.12,2.12,2.13,2.13,2.13,2.13,2.14,2.18,2.21,2.2,2.19,2.2,2.2,2.19,
新竹,2025/11/02 00:00:00,CO,0.16,0.18,0.19,0.19,0.2,0.2,0.22,0.23,0.23,0.25,0.25,0.25,0.26,0.25,0.25,0.25,0.26,0.33,0.34,0.33,0.32,0.32,0.31,0.29,
新竹,2025/11/02 00:00:00,NMHC,0.01,0.02,0.03,0.02,0.04,0.02,0.03,0.03,0.03,0.03,0.03,0.03,0.03,0.03,0.04,0.04,0.04,0.07,0.06,0.05,0.04,0.05,0.05,0.05,
新竹,2025/11/02 00:00:00,NO,0.8,0.7,0.7,0.7,0.9,0.9,0.8,0.8,1.1,1.1,1,1.2,1.3,1.3,1.2,1,0.8,0.8,0.9,0.8,0.8,0.7,0.8,0.8,
新竹,2025/11/02 00:00:00,NO2,4.4,6.4,5,5.2,4.7,4.9,4.8,5.4,5.9,6.3,5.7,5.3,5,5,5,5.4,6.1,8.3,7.3,6.8,6.4,6.1,6,5.2,
新竹,2025/11/02 00:00:00,NOx,5.3,7.1,5.8,5.9,5.7,5.8,5.7,6.2,7.1,7.4,6.8,6.5,6.4,6.3,6.3,6.5,6.9,9.1,8.2,7.6,7.2,6.8,6.8,6,
新竹,2025/11/02 00:00:00,O3,40.4,39.1,44.3,45.6,47.3,48,49.1,51.3,51.5,50.9,51.9,53.6,56,55.8,57.1,56.7,55.4,53.1,57.2,55.2,53.7,53.6,53,52.2,
新竹,2025/11/02 00:00:00,PM10,15,9,8,10,14,8,7,12,18,15,13,23,30,30,32,34,34,36,41,45,42,42,42,35,
新竹,2025/11/02 00:00:00,PM2.5,4,5,4,2,4,3,3,6,7,9,8,9,12,15,13,11,15,22,26,26,23,32,23,22,
新竹,2025/11/02 00:00:00,RAINFALL,0,0,0,0,0,0,0,0,0,0,0,0,0,0,0,0,0,0,0,0,0,0,0,0,
新竹,2025/11/02 00:00:00,RH,81,81,83,83,85,84,84,80,78,76,74,63,59,57,58,58,59,65,69,69,67,64,61,60,
新竹,2025/11/02 00:00:00,SO2,1.7,1.1,1.2,1.2,1,1.3,1.2,1,1.3,1.4,1.4,1.4,1.8,2,1.9,1.6,1.5,1.6,1.3,1.6,1.7,1.6,1.4,1.5,
新竹,2025/11/02 00:00:00,THC,2.1,2.13,2.15,2.14,2.16,2.15,2.16,2.15,2.14,2.15,2.15,2.15,2.16,2.16,2.17,2.17,2.18,2.25,2.27,2.25,2.23,2.25,2.25,2.24,
新竹,2025/11/02 00:00:00,WD_HR,61,36,47,51,47,53,51,48,53,53,51,55,54,53,49,50,52,48,52,52,55,50,49,54,
新竹,2025/11/02 00:00:00,WIND_DIREC,43,39,55,35,50,54,52,51,54,49,52,57,61,45,48,57,47,39,55,45,56,47,55,59,
新竹,2025/11/02 00:00:00,WIND_SPEED,1.9,2.7,3.2,2.3,3,3.2,3,3.8,3.5,3.1,3.9,3.7,3.5,3.7,4.2,4.3,3.8,4.2,4,4,4.3,4,3.7,3.4,
新竹,2025/11/02 00:00:00,WS_HR,1.6,2,2.5,2.1,2.3,2.5,2.5,2.5,2.8,2.6,3.1,3.2,3.2,3.6,3.3,3.7,3.5,3.3,3.4,3.9,3.7,3.2,3.3,3.4,
新竹,2025/11/03 00:00:00,AMB_TEMP,23.5,23.5,23.2,22.2,21.6,21.2,21.2,21.6,22,21.9,21.6,22.8,23.4,23.9,23.6,22.8,22.4,22,21.6,21.4,21.5,21.6,21.7,21.8,
新竹,2025/11/03 00:00:00,CH4,2.18,2.18,2.19,2.15,2.13,2.16,2.18,2.18,2.19,2.21,2.19,2.18,2.18,2.15,2.12,2.12,2.11,2.1,2.09,2.1,2.09,2.09,2.08,2.08,
新竹,2025/11/03 00:00:00,CO,0.27,0.24,0.25,0.22,0.2,0.23,0.29,0.34,0.36,0.36,0.33,0.32,0.31,0.26,0.22,0.22,0.2,0.21,0.22,0.2,0.17,0.16,0.14,0.12,
新竹,2025/11/03 00:00:00,NMHC,0.04,0.03,0.03,0.02,0.01,0.03,0.02,0.03,0.05,0.05,0.05,0.06,0.06,0.05,0.05,0.08,0.07,0.06,0.06,0.06,0.04,0.04,0.03,0,
新竹,2025/11/03 00:00:00,NO,0.8,0.6,0.4,0.3,0.2,0.3,0.3,0.3,0.6,0.5,0.6,1.4,1.3,1.3,1.3,0.8,0.8,0.6,0.5,0.4,0.3,0.2,0.4,0.4,
新竹,2025/11/03 00:00:00,NO2,4.8,3.7,4.1,3.6,2.9,3.7,5.1,6.8,7.7,9.5,8.7,9.1,8.1,7.5,7.2,8.7,9.2,8.7,8.1,7.2,6.5,5.6,4.8,4,
新竹,2025/11/03 00:00:00,NOx,5.6,4.3,4.5,4,3.2,4,5.5,7.2,8.3,10.1,9.3,10.5,9.4,8.8,8.5,9.6,10,9.4,8.7,7.7,6.9,5.9,5.3,4.4,
新竹,2025/11/03 00:00:00,O3,52.7,52.5,51.5,57,58.2,57.7,60.7,61.1,59.4,56.2,56,55.3,54.7,52,47.2,41.9,39.9,38.5,38.2,38.7,39.2,39.3,39.7,40.2,
新竹,2025/11/03 00:00:00,PM10,35,36,32,28,14,26,23,22,21,26,31,27,30,15,16,20,16,13,15,12,11,8,5,2,
新竹,2025/11/03 00:00:00,PM2.5,21,19,15,12,10,14,14,15,10,17,16,19,20,4,6,5,2,1,3,5,3,0,0,5,
新竹,2025/11/03 00:00:00,RAINFALL,0,0,0,0,0,0,0,0,0,0,0,0,0,0,0,0,0,0,0,0,0,0,0,0,
新竹,2025/11/03 00:00:00,RH,60,61,65,74,75,80,78,75,73,75,78,73,70,70,70,74,76,76,78,79,78,77,77,76,
新竹,2025/11/03 00:00:00,SO2,1.5,1,0.7,0.8,0.7,0.6,0.7,0.9,0.8,0.8,0.9,0.8,1.1,1.1,1.4,1.2,1.1,0.9,0.5,0.6,0.7,0.7,0.5,0.6,
新竹,2025/11/03 00:00:00,THC,2.22,2.21,2.22,2.17,2.14,2.19,2.2,2.21,2.24,2.26,2.24,2.24,2.24,2.2,2.17,2.2,2.18,2.16,2.15,2.16,2.13,2.13,2.11,2.08,
新竹,2025/11/03 00:00:00,WD_HR,43,43,48,54,54,54,50,54,52,54,55,53,53,56,53,43,44,50,52,45,42,53,57,62,
新竹,2025/11/03 00:00:00,WIND_DIREC,39,52,46,51,54,53,48,56,49,51,57,51,52,62,43,40,46,51,55,41,54,53,57,67,
新竹,2025/11/03 00:00:00,WIND_SPEED,3.5,3.5,4,5.6,4.4,4.7,5,4,4,4.3,4,4.8,4.9,4.5,4.1,5.1,4.7,4.1,4.4,4.3,4.6,3.8,3.8,3.2,
新竹,2025/11/03 00:00:00,WS_HR,3,2.8,3,4.2,4,3.4,4.3,3.6,3.3,3.3,3.4,3.8,3.7,3.8,4.1,3.5,4,3.3,3.4,3.5,3.7,3.2,3.1,2.7,
新竹,2025/11/04 00:00:00,AMB_TEMP,22.1,21.9,21.8,21.9,22.2,22.1,22,22.6,23.3,24.2,24.1,24.4,24.7,24.6,24.5,23.8,23.3,22.9,21.9,21.8,21.5,21.7,21.6,21.7,
新竹,2025/11/04 00:00:00,CH4,2.08,2.11,2.11,2.11,2.11,2.09,2.1,2.11,2.11,2.11,2.09,2.1,2.1,2.09,2.08,2.08,2.07,2.08,2.08,2.08,2.07,2.09,2.1,2.09,
新竹,2025/11/04 00:00:00,CO,0.12,0.16,0.15,0.15,0.14,0.15,0.18,0.24,0.25,0.25,0.22,0.23,0.22,0.21,0.18,0.18,0.19,0.21,0.21,0.19,0.17,0.19,0.19,0.17,
新竹,2025/11/04 00:00:00,NMHC,0.01,0.04,0.03,0.02,0.02,0.04,0.06,0.07,0.08,0.09,0.08,0.08,0.09,0.09,0.08,0.08,0.07,0.07,0.06,0.05,0.05,0.05,0.08,0.04,
新竹,2025/11/04 00:00:00,NO,0.3,0.7,0.7,0.8,0.8,0.7,0.9,1.4,2.1,2.9,2.2,2,1.8,1.7,1.7,1.1,0.9,1.1,0.8,0.9,1,0.9,0.9,0.8,
新竹,2025/11/04 00:00:00,NO2,2.9,5.6,5.1,4.8,4.2,5.9,7.1,10.4,11,12.2,11.1,10.1,9.6,10.1,8.9,8,9,9.7,7.8,7.3,6.9,6.9,7.1,6.2,
新竹,2025/11/04 00:00:00,NOx,3.3,6.3,5.9,5.6,5.1,6.7,8.1,11.9,13.2,15.2,13.3,12.1,11.5,11.9,10.6,9.1,9.9,10.8,8.7,8.3,7.9,7.9,8.1,7,
新竹,2025/11/04 00:00:00,O3,40.4,37.6,37.8,38,38.4,37.1,34,31,30.8,30.8,33.2,34.8,36.3,35.4,36.7,36.3,35.2,35,36.4,37.2,37.4,35.9,33,35.8,
新竹,2025/11/04 00:00:00,PM10,6,8,5,4,4,4,5,8,42,13,11,11,8,11,12,12,10,8,4,3,5,3,3,5,
新竹,2025/11/04 00:00:00,PM2.5,4,1,2,2,1,0,3,5,2,6,4,1,2,3,2,2,2,3,3,1,3,4,4,0,
新竹,2025/11/04 00:00:00,RAINFALL,0,0,0,0,0,0,0,0,0,0,0,0,0,0,0,0,0,0,0,0,0,0,0,0,
新竹,2025/11/04 00:00:00,RH,75,77,79,80,79,81,84,83,81,79,81,81,79,79,80,84,85,86,91,90,89,89,89,85,
新竹,2025/11/04 00:00:00,SO2,0.3,2.1,2.1,1.7,1.6,1.8,1.8,1.7,2.1,2.1,2.2,1.9,2.1,2.5,2.4,2.5,2.2,2.1,1.9,2,1.8,1.9,1.8,1.9,
新竹,2025/11/04 00:00:00,THC,2.09,2.15,2.14,2.13,2.13,2.13,2.16,2.18,2.19,2.2,2.17,2.18,2.19,2.18,2.16,2.16,2.14,2.15,2.14,2.13,2.12,2.14,2.18,2.13,
新竹,2025/11/04 00:00:00,WD_HR,57,42,50,58,58,50,40,41,37,36,42,41,39,38,38,36,35,40,39,43,55,41,48,51,
新竹,2025/11/04 00:00:00,WIND_DIREC,54,44,51,70,61,61,47,37,40,35,50,42,31,48,37,33,45,42,56,49,45,50,55,48,
新竹,2025/11/04 00:00:00,WIND_SPEED,2.1,2.6,2.1,1.7,1.7,2.8,2.4,2.8,2.5,3.6,2.8,3.2,2.9,3.7,3.4,4.3,3.7,3.5,3.2,3.4,3.2,3.3,3.1,3.3,
新竹,2025/11/04 00:00:00,WS_HR,2.2,2.3,2,1.6,1.6,2,1.9,2.1,2.4,2.7,2.9,2.6,2.8,3,3.3,3,3.3,3.1,2.9,2.8,2.8,2.5,2.4,2.4,
新竹,2025/11/05 00:00:00,AMB_TEMP,22.1,22.1,21.9,22,22.3,22.3,22.5,23.3,24.3,24.5,25.8,27.4,27.8,27.5,27.1,27.1,26.2,25.4,24.9,24.7,24.6,24.6,24.6,24.5,
新竹,2025/11/05 00:00:00,CH4,2.08,2.08,2.11,2.1,2.1,2.12,2.12,2.13,2.13,2.12,2.12,2.08,2.09,2.08,2.07,2.08,2.07,2.09,2.09,2.09,2.09,2.07,2.07,2.07,
新竹,2025/11/05 00:00:00,CO,0.14,0.14,0.15,0.14,0.14,0.16,0.2,0.26,0.26,0.25,0.29,0.21,0.21,0.2,0.17,0.19,0.19,0.24,0.26,0.24,0.22,0.2,0.16,0.14,
新竹,2025/11/05 00:00:00,NMHC,0.02,0.02,0.05,0.05,0.04,0.05,0.07,0.09,0.1,0.09,0.1,0.07,0.07,0.07,0.08,0.08,0.07,0.09,0.1,0.09,0.07,0.05,0.02,0.01,
新竹,2025/11/05 00:00:00,NO,0.8,0.4,0.2,0.1,0.2,0.2,0.5,1.6,2.6,2.3,2.7,1.8,1.3,1.5,1.4,1.3,0.9,0.3,0.3,0.4,0.4,0.2,0.3,0.1,
新竹,2025/11/05 00:00:00,NO2,4.9,4.2,6.3,6.3,4.9,5.6,8.5,11.1,11.4,12.2,11.5,8.4,7.5,9.2,7.4,8.3,7.9,10.2,11.4,9.9,8.8,7.3,5.1,4.1,
新竹,2025/11/05 00:00:00,NOx,5.7,4.7,6.6,6.4,5.2,5.9,9,12.7,14,14.5,14.3,10.3,8.9,10.8,8.8,9.7,8.9,10.5,11.8,10.3,9.2,7.6,5.5,4.3,
新竹,2025/11/05 00:00:00,O3,38.1,38,34.5,33.4,36.1,33.1,29.5,27.6,28.6,28.3,34.5,42.3,46.5,40.8,40.9,39.3,38.3,33.3,31.9,33.5,34.7,36.1,37.7,38,
新竹,2025/11/05 00:00:00,PM10,2,0,6,7,3,10,9,14,9,15,12,12,11,13,14,14,21,13,15,13,13,12,7,7,
新竹,2025/11/05 00:00:00,PM2.5,0,0,0,0,1,2,0,1,1,1,4,1,1,2,0,1,1,5,5,3,4,4,0,0,
新竹,2025/11/05 00:00:00,RAINFALL,0,0,0,0,0,0,0,0,0,0,0,0,0,0,0,0,0,0,0,0,0,0,0,0,
新竹,2025/11/05 00:00:00,RH,82,84,86,86,85,87,87,85,81,81,75,67,64,69,70,68,69,73,78,79,79,77,76,75,
新竹,2025/11/05 00:00:00,SO2,2.4,1.7,1.9,1.9,1.8,1.7,1.7,1.7,2,2,2.3,2.5,2.4,2.3,2.2,2.2,2.2,2,2.1,2.2,2,1.9,2,1.6,
新竹,2025/11/05 00:00:00,THC,2.1,2.1,2.16,2.15,2.14,2.17,2.19,2.22,2.23,2.21,2.22,2.15,2.16,2.15,2.15,2.16,2.14,2.18,2.19,2.18,2.16,2.12,2.09,2.08,
新竹,2025/11/05 00:00:00,WD_HR,47,40,43,50,51,51,41,42,41,42,42,45,37,40,41,50,46,44,49,41,54,53,58,57,
新竹,2025/11/05 00:00:00,WIND_DIREC,42,34,55,28,60,42,51,41,37,57,37,45,33,41,49,50,54,49,51,38,63,45,55,55,
新竹,2025/11/05 00:00:00,WIND_SPEED,3,3,1.9,3.5,2.4,1.4,2.3,3.1,4.5,4.2,3.7,4.4,4.8,4.8,3.5,3.5,4.3,3.1,3,3.5,3.1,3.5,3.2,3.6,
新竹,2025/11/05 00:00:00,WS_HR,2.1,2.3,2.1,2.2,2.3,1.9,1.9,2.4,3,3.1,3.1,3.5,3.9,3.4,3.4,3.1,3.5,2.8,2.7,2.6,2.6,2.7,2.7,2.8,
新竹,2025/11/06 00:00:00,AMB_TEMP,24.3,24.2,24.2,24,23.9,24.1,24.4,25.2,26.5,27.8,28.9,29.6,30,30.2,29.8,28.8,27.8,26.7,26.1,25.9,25.6,25.5,25.5,25.4,
新竹,2025/11/06 00:00:00,CH4,2.07,2.07,2.08,2.08,2.09,2.07,2.07,2.08,2.08,2.07,2.07,#,2.07,2.07,2.07,2.06,2.07,2.08,2.09,2.08,2.09,2.09,2.09,2.11,
新竹,2025/11/06 00:00:00,CO,0.15,0.14,0.13,0.14,0.14,0.14,0.16,0.22,0.23,0.2,0.19,#,0.2,0.18,0.18,0.18,0.21,0.25,0.28,0.24,0.22,0.21,0.18,0.16,
新竹,2025/11/06 00:00:00,NMHC,0.03,0.02,0.01,0.02,0.02,0.01,0.01,0.03,0.04,0.05,0.05,#,0.05,0.04,0.05,0.05,0.05,0.07,0.08,0.06,0.04,0.06,0.03,0.02,
新竹,2025/11/06 00:00:00,NO,0.2,0.3,0.2,0.3,0.3,0.3,0.2,0.9,1.6,1.6,1.4,#,1.2,0.9,1,1.1,1.3,0.4,0.5,0.4,0.4,0.4,0.3,0.3,
新竹,2025/11/06 00:00:00,NO2,4.1,4.4,3.8,4.1,4.4,4.2,5,7.2,8.5,7.4,6.6,#,6.5,5.6,5.9,7,9.8,10.2,11.5,9.7,9.6,9.1,7.3,6.4,
新竹,2025/11/06 00:00:00,NOx,4.3,4.8,4,4.4,4.8,4.5,5.2,8.2,10.2,9.1,8.1,#,7.7,6.6,6.9,8.2,11.1,10.7,12.1,10.2,10,9.5,7.6,6.8,
新竹,2025/11/06 00:00:00,O3,37.7,37.6,37.3,36.5,35.4,36.2,35.1,32.9,33.4,37.3,40.8,#,#,36.5,36.2,33.4,28.7,27.8,26.7,27.9,27.5,28.4,30.1,29.3,
新竹,2025/11/06 00:00:00,PM10,13,13,12,11,16,14,13,15,11,16,11,15,#,17,12,18,16,12,13,11,14,14,12,11,
新竹,2025/11/06 00:00:00,PM2.5,2,0,0,6,5,1,3,2,0,2,3,#,9,4,2,3,7,5,3,4,3,3,3,3,
新竹,2025/11/06 00:00:00,RAINFALL,0,0,0,0,0,0,0,0,0,0,0,#,#,0,0,0,0,0,0,0,0,0,0,0,
新竹,2025/11/06 00:00:00,RH,78,78,78,80,81,79,76,72,67,63,60,59,58,58,59,62,66,69,71,72,75,75,73,74,
新竹,2025/11/06 00:00:00,SO2,1.1,1.5,1.1,1.3,1.3,1,1,1.2,1.2,1.4,1.4,#,1.5,2.1,2.1,1.9,1.4,1.6,1.3,0.9,1.2,1.3,1.1,1.1,
新竹,2025/11/06 00:00:00,THC,2.1,2.09,2.09,2.1,2.11,2.08,2.08,2.11,2.12,2.12,2.12,#,2.12,2.11,2.12,2.11,2.12,2.15,2.17,2.14,2.13,2.15,2.12,2.13,
新竹,2025/11/06 00:00:00,WD_HR,54,55,52,44,48,54,55,49,55,45,53,53,49,42,55,57,59,55,49,50,53,55,55,49,
新竹,2025/11/06 00:00:00,WIND_DIREC,58,56,58,40,48,56,54,56,53,47,41,55,50,38,48,57,55,53,52,56,54,53,54,51,
新竹,2025/11/06 00:00:00,WIND_SPEED,3.1,3.6,2.8,2.9,3,3.1,3.6,2.8,2.9,3,3,2.9,3.1,2.7,3.2,2.4,2,2.4,2.4,2.8,2.3,2.7,1.6,1.1,
新竹,2025/11/06 00:00:00,WS_HR,2.5,2.9,2.8,2.6,2.6,2.7,2.7,2.5,2.5,2.8,2.6,2.6,2.5,2.4,2.6,2.4,1.8,2.3,2.2,2.3,2.2,2.2,1.5,1.4,
新竹,2025/11/07 00:00:00,AMB_TEMP,25.1,24.7,24.5,24,23.7,23.2,23.3,23.9,26,28.2,30.1,31.2,31.8,30.9,30.3,29.6,28.7,28.2,27.4,26.9,26.6,26.2,26,25.7,
新竹,2025/11/07 00:00:00,CH4,2.15,2.1,2.14,2.43,2.36,2.17,2.19,2.12,2.09,2.13,2.1,2.09,2.09,2.07,2.05,2.06,2.09,2.1,2.12,2.14,2.16,2.14,2.16,2.14,
新竹,2025/11/07 00:00:00,CO,0.17,0.16,0.16,0.19,0.19,0.16,0.22,0.31,0.31,0.34,0.29,0.26,0.23,0.19,0.19,0.2,0.25,0.3,0.35,0.36,0.36,0.33,0.32,0.25,
新竹,2025/11/07 00:00:00,NMHC,0.03,0.03,0.03,0.1,0.09,0.04,0.05,0.07,0.07,0.14,0.15,0.11,0.1,0.06,0.07,0.09,0.16,0.13,0.18,0.18,0.17,0.16,0.14,0.09,
新竹,2025/11/07 00:00:00,NO,0.2,0.6,0.4,0.6,0.7,0.6,2.6,6.3,5.6,5.1,3.6,1.5,1.1,1.3,1.1,1.3,1.3,1.1,0.7,0.7,0.7,0.8,0.5,0.5,
新竹,2025/11/07 00:00:00,NO2,7.3,5.9,5.9,8.4,11.4,8.1,10.4,11.7,12.6,14.2,14.9,10,8.8,6.9,5.8,6.5,10.2,15.2,15.7,16.6,15.7,14.9,14.8,13.3,
新竹,2025/11/07 00:00:00,NOx,7.5,6.6,6.3,9,12.2,8.8,13,18,18.3,19.3,18.6,11.6,9.9,8.2,6.9,7.9,11.6,16.4,16.4,17.3,16.4,15.7,15.3,13.9,
新竹,2025/11/07 00:00:00,O3,27.1,26.3,24.7,15.5,8.6,5.3,3.7,6.3,14.8,24.8,41.8,62.7,59.8,49.7,43.1,38.8,31.4,24.7,21.3,19.1,18.7,19.1,18.6,19.8,
新竹,2025/11/07 00:00:00,PM10,10,7,12,8,16,12,10,12,12,20,24,21,21,30,26,29,29,23,30,22,25,28,25,20,
新竹,2025/11/07 00:00:00,PM2.5,3,4,6,7,5,5,4,6,4,7,7,9,7,8,10,10,10,9,10,9,10,11,13,12,
新竹,2025/11/07 00:00:00,RAINFALL,0,0,0,0,0,0,0,0,0,0,0,0,0,0,0,0,0,0,0,0,0,0,0,0,
新竹,2025/11/07 00:00:00,RH,76,78,80,83,85,84,82,80,74,68,59,55,58,63,66,68,71,69,71,72,74,76,76,76,
新竹,2025/11/07 00:00:00,SO2,1.5,1.4,1.6,1.3,1.3,1.9,2,1.7,1.2,1.9,2,2.1,2.1,2.5,2.5,2.2,2.2,2.2,2.1,1.8,1.8,1.9,2.1,1.8,
新竹,2025/11/07 00:00:00,THC,2.18,2.13,2.17,2.53,2.45,2.21,2.24,2.19,2.16,2.27,2.25,2.2,2.19,2.13,2.12,2.15,2.25,2.23,2.3,2.32,2.33,2.3,2.3,2.23,
新竹,2025/11/07 00:00:00,WD_HR,59,94,102,126,104,85,78,79,72,45,43,36,48,45,43,43,43,48,42,48,40,47,43,62,
新竹,2025/11/07 00:00:00,WIND_DIREC,74,92,142,97,93,89,65,77,73,34,51,323,55,39,36,50,43,33,37,37,37,59,43,60,
新竹,2025/11/07 00:00:00,WIND_SPEED,0.5,0.5,0.6,0.3,0.8,1.4,0.7,1.2,1.3,1,1.4,1.1,2.1,2.1,4.2,2.5,1.8,2.9,2,1.8,2,1.6,1.1,1.3,
新竹,2025/11/07 00:00:00,WS_HR,0.7,0.8,0.6,0.3,0.5,0.8,0.6,1.1,0.8,0.9,0.7,0.6,1,2,2.6,2,1.9,2,1.9,1.7,1.6,1.6,1.1,1.1,
新竹,2025/11/08 00:00:00,AMB_TEMP,25.3,25,24.9,24.8,24.3,24,23.8,24.2,25.4,26.8,28.2,29.7,29.5,29.3,29.3,28.4,27.7,26.9,26.4,26.1,26,25.7,25.4,25.1,
新竹,2025/11/08 00:00:00,CH4,2.12,2.13,2.15,2.16,2.13,2.15,2.18,2.13,2.12,2.16,2.12,2.07,2.07,2.07,2.08,2.09,2.11,2.14,2.14,2.18,2.2,2.18,2.19,2.2,
新竹,2025/11/08 00:00:00,CO,0.21,0.21,0.19,0.19,0.17,0.18,0.22,0.21,0.28,0.36,0.29,0.22,0.2,0.18,0.18,0.19,0.22,0.27,0.3,0.33,0.34,0.33,0.31,0.3,
新竹,2025/11/08 00:00:00,NMHC,0.05,0.05,0.04,0.06,0.04,0.04,0.06,0.05,0.07,0.13,0.09,0.04,0.05,0.05,0.04,0.05,0.07,0.11,0.16,0.17,0.17,0.13,0.1,0.11,
新竹,2025/11/08 00:00:00,NO,0.8,0.7,0.5,0.6,0.6,0.6,1.7,2.7,3.3,6.6,4.5,1.6,0.9,1.1,1.1,0.8,0.8,0.7,0.7,0.7,0.7,0.8,0.6,0.6,
新竹,2025/11/08 00:00:00,NO2,10.4,10.8,9.3,7.5,6.9,6.9,10.2,9.7,10.5,19,14.2,7.2,6.4,5.8,6.3,7.1,8.4,10.4,12.6,14.5,17,17.4,14.7,16,
新竹,2025/11/08 00:00:00,NOx,11.2,11.5,9.8,8.1,7.6,7.6,11.9,12.4,13.9,25.6,18.8,8.9,7.4,7,7.4,7.9,9.2,11.1,13.3,15.3,17.7,18.2,15.3,16.6,
新竹,2025/11/08 00:00:00,O3,21.4,20,20.9,20.9,18.6,14,7.2,12.3,13.2,12.6,27.4,46.3,47,45.2,42.3,38.1,33.7,27.7,22.6,17.7,12.6,11.9,14.7,11.9,
新竹,2025/11/08 00:00:00,PM10,19,23,23,17,25,20,27,21,20,31,36,27,34,34,32,39,39,35,43,46,38,35,23,28,
新竹,2025/11/08 00:00:00,PM2.5,16,10,9,13,9,11,7,7,14,15,15,10,11,9,10,12,14,12,18,16,17,17,11,13,
新竹,2025/11/08 00:00:00,RAINFALL,0,0,0,0,0,0,0,0,0,0,0,0,0,0,0,0,0,0,0,0,0,0,0,0,
新竹,2025/11/08 00:00:00,RH,78,81,82,83,84,85,86,83,79,76,71,63,66,67,67,70,74,77,79,80,78,78,80,81,
新竹,2025/11/08 00:00:00,SO2,1.6,1.2,1.1,0.9,0.8,1,1,1,1.2,1.6,1.7,1.5,1.2,1.3,1.4,1.7,1.6,1.7,1.8,2.1,1.7,1.1,1.1,1.2,
新竹,2025/11/08 00:00:00,THC,2.17,2.18,2.19,2.22,2.17,2.19,2.24,2.18,2.19,2.29,2.21,2.11,2.12,2.12,2.12,2.14,2.18,2.25,2.3,2.35,2.37,2.31,2.29,2.31,
新竹,2025/11/08 00:00:00,WD_HR,65,81,110,92,91,66,91,43,63,87,60,67,28,47,55,39,42,45,37,49,50,49,51,53,
新竹,2025/11/08 00:00:00,WIND_DIREC,61,112,22,81,87,51,75,1,111,76,31,80,91,47,64,54,66,42,39,63,48,56,55,50,
新竹,2025/11/08 00:00:00,WIND_SPEED,1,0.8,0.3,1.1,1.3,0.6,0.8,1.2,0.6,1.7,1.6,1.4,1.4,1.7,1.4,1.1,0.7,2.2,1.9,1.4,1.3,1.3,0.8,1.2,
新竹,2025/11/08 00:00:00,WS_HR,0.8,0.6,0.4,0.6,0.9,0.7,0.7,0.6,0.6,1.1,1,1.2,0.7,1.5,0.6,0.8,1,1.6,1.4,1.2,1.4,1.2,1.1,0.8,
新竹,2025/11/09 00:00:00,AMB_TEMP,24.9,24.4,24.1,24.4,24.9,25.2,25.5,26.3,28.1,29.6,30.5,31.2,31.6,31,29.8,28.9,27.8,26.7,26.1,25.9,25.9,25.9,25.6,24.7,
新竹,2025/11/09 00:00:00,CH4,2.25,2.23,2.22,2.24,2.14,2.1,2.09,2.08,2.06,2.05,2.05,2.04,2.05,2.06,2.06,2.05,2.05,2.07,2.1,2.1,2.09,2.1,2.12,2.13,
新竹,2025/11/09 00:00:00,CO,0.29,0.24,0.22,0.21,0.15,0.13,0.13,0.15,0.14,0.14,0.14,0.14,0.13,0.15,0.14,0.14,0.14,0.19,0.23,0.23,0.21,0.22,0.24,0.24,
新竹,2025/11/09 00:00:00,NMHC,0.17,0.1,0.08,0.14,0.06,0.04,0.03,0.03,0.02,0.01,0.02,0.02,0.01,0.03,0.02,0.03,0.03,0.04,0.04,0.04,0.03,0.04,0.04,0.03,
新竹,2025/11/09 00:00:00,NO,0.7,0.6,0.5,0.5,0.4,0.3,0.6,1,1.2,1.1,1.1,1,0.9,1,1.1,1.1,0.7,0.6,0.7,0.4,0.4,0.4,0.4,0.4,
新竹,2025/11/09 00:00:00,NO2,15.9,13.3,10.5,11,6.5,5,5.4,5.3,5,4,3.7,3.5,3.2,3.8,4,4.1,4.7,5.6,5.8,6,5.5,5.1,5.3,5.9,
新竹,2025/11/09 00:00:00,NOx,16.7,13.9,11,11.6,6.9,5.4,6,6.3,6.2,5.1,4.8,4.6,4.1,4.9,5.1,5.3,5.5,6.2,6.5,6.5,6,5.5,5.7,6.3,
新竹,2025/11/09 00:00:00,O3,10.5,10.9,12.9,17.6,25.9,28.4,27.3,28.8,30.2,33.6,35.9,35.9,34.9,38.5,37.1,34.8,34,34.4,36.1,34.7,34.8,36.4,38.1,41.4,
新竹,2025/11/09 00:00:00,PM10,32,24,22,21,9,13,12,17,13,18,17,15,21,27,33,36,27,22,17,24,25,18,28,30,
新竹,2025/11/09 00:00:00,PM2.5,14,15,13,8,4,2,4,3,2,2,2,0,0,2,3,3,5,4,5,10,8,7,7,10,
新竹,2025/11/09 00:00:00,RAINFALL,0,0,0,0,0,0,0,0,0,0,0,0,0,0,0,0,0,0,0,0,0,0,0,0,
新竹,2025/11/09 00:00:00,RH,83,84,86,86,82,82,81,77,68,59,55,51,47,54,60,62,66,74,78,77,75,74,77,82,
新竹,2025/11/09 00:00:00,SO2,1.5,2,1.5,1.5,1.7,1.6,1.8,1.7,1.6,1.5,1.3,1.5,1.8,1.8,1.9,1.9,1.8,1.7,1.6,1.6,1.6,1.5,1.7,1.6,
新竹,2025/11/09 00:00:00,THC,2.42,2.33,2.3,2.38,2.2,2.14,2.12,2.11,2.08,2.06,2.07,2.06,2.06,2.09,2.08,2.08,2.08,2.11,2.14,2.14,2.12,2.14,2.16,2.16,
新竹,2025/11/09 00:00:00,WD_HR,60,57,47,37,39,49,61,55,57,72,52,57,51,45,45,47,43,44,43,52,52,53,46,35,
新竹,2025/11/09 00:00:00,WIND_DIREC,68,66,37,41,39,76,47,54,61,67,56,56,43,47,44,56,42,38,47,55,56,57,39,32,
新竹,2025/11/09 00:00:00,WIND_SPEED,1.4,1.2,1.4,1.7,1.9,1.8,2.3,3.2,3.2,2.8,3.6,3.3,3.3,5.1,5.4,5.1,5.6,4,5.7,4.9,4.5,4.7,3.9,4.5,
新竹,2025/11/09 00:00:00,WS_HR,1,1.2,1.1,1.5,1.6,1.6,1.4,2.2,2.2,2.1,2.5,2.8,3.6,3.7,4,4,4.5,3.7,3.7,3.6,3.1,3.3,3.2,3.8,
新竹,2025/11/10 00:00:00,AMB_TEMP,24.6,24.5,24.4,24,24.1,24.1,23.9,24.3,24.5,25.1,25.3,26.1,25.3,25.5,25.1,24.6,24.4,23.8,23.3,23.4,24.2,24,24.1,24.4,
新竹,2025/11/10 00:00:00,CH4,2.13,2.13,2.12,2.12,2.12,2.1,2.09,2.09,2.09,2.09,2.09,2.09,2.1,2.1,2.09,2.08,2.09,2.1,2.09,2.1,2.09,2.08,2.08,2.08,
新竹,2025/11/10 00:00:00,CO,0.23,0.25,0.24,0.23,0.22,0.19,0.2,0.23,0.24,0.23,0.22,0.23,0.24,0.24,0.22,0.21,0.23,0.26,0.23,0.24,0.22,0.2,0.19,0.18,
新竹,2025/11/10 00:00:00,NMHC,0.03,0.02,0.02,0.02,0.03,0.02,0.03,0.02,0.03,0.03,0.03,0.07,0.05,0.04,0.04,0.05,0.05,0.07,0.05,0.06,0.05,0.04,0.03,0.03,
新竹,2025/11/10 00:00:00,NO,0.5,0.7,0.6,0.7,0.8,0.9,1.1,1,1.3,1.7,1.6,1.9,1.7,1.7,1.6,1.5,1.2,1,0.9,1.1,1,0.9,0.8,1,
新竹,2025/11/10 00:00:00,NO2,4,4.3,3.2,3,3.1,3.2,3.8,4.6,5.7,6.3,5.7,6.5,6.7,6.8,6.8,6.3,7.1,8.1,7.4,8.2,7.4,8,5.8,4.2,
新竹,2025/11/10 00:00:00,NOx,4.6,5,3.8,3.8,4,4.1,5,5.7,7.1,8.1,7.3,8.4,8.4,8.6,8.5,7.9,8.3,9.1,8.4,9.3,8.4,9,6.7,5.3,
新竹,2025/11/10 00:00:00,O3,41.5,40.7,40.5,40.8,39.7,39,37.8,39.3,39.8,40,41,40.8,40.8,41.6,43,44,43.5,41.2,41.4,39.5,40.3,39.6,39.9,39.9,
新竹,2025/11/10 00:00:00,PM10,25,20,21,15,8,10,9,12,15,19,21,21,16,20,20,23,23,15,25,25,17,21,8,10,
新竹,2025/11/10 00:00:00,PM2.5,9,11,6,5,2,0,0,1,1,2,2,0,2,6,4,6,6,11,12,12,9,8,6,7,
新竹,2025/11/10 00:00:00,RAINFALL,0,0,0,0,0,0,0,0,0,0,0,0,0,0,0,0,0,0,0,0,0,0,0,0,
新竹,2025/11/10 00:00:00,RH,82,82,83,85,84,85,86,81,80,77,75,73,75,75,75,76,78,82,86,87,84,87,86,85,
新竹,2025/11/10 00:00:00,SO2,1.3,0.7,0.7,0.7,0.7,0.7,0.6,0.5,0.5,0.8,0.9,0.9,1,1.2,1.1,0.8,0.8,0.6,0.4,0.6,0.4,0.3,0.6,0.4,
新竹,2025/11/10 00:00:00,THC,2.16,2.15,2.14,2.14,2.15,2.12,2.12,2.11,2.12,2.12,2.12,2.16,2.15,2.14,2.13,2.13,2.14,2.17,2.14,2.16,2.14,2.12,2.11,2.11,
新竹,2025/11/10 00:00:00,WD_HR,36,39,35,34,36,36,42,49,47,53,53,52,49,50,52,48,50,41,41,41,48,38,38,52,
新竹,2025/11/10 00:00:00,WIND_DIREC,31,38,35,34,35,43,34,44,45,59,52,56,42,42,45,43,48,38,39,47,40,40,39,56,
新竹,2025/11/10 00:00:00,WIND_SPEED,4.9,4.4,5.7,5.2,5.1,5.2,5.4,5.4,6,6.6,6.6,5.9,5.5,5.9,6.2,6.1,5.9,5.2,5.9,4.9,5,4.8,5.4,5.9,
新竹,2025/11/10 00:00:00,WS_HR,3.9,3.6,4.4,4.3,4.3,4.4,4.3,4.7,5.2,5.4,5.8,5,5,5,5.1,5.5,5.1,4.7,4.8,4,4.4,4.4,4.5,4.5,
新竹,2025/11/11 00:00:00,AMB_TEMP,24.7,24.9,25.5,25.5,25.2,24.6,24.8,24.8,24.5,24.3,23.8,23.5,23.4,23.2,23,22.3,22.5,22.8,22.9,22.7,22.4,22.3,22.3,22.4,
新竹,2025/11/11 00:00:00,CH4,2.08,2.08,2.08,2.07,2.07,2.08,2.06,2.07,2.08,2.08,2.09,2.07,2.07,2.08,2.07,2.07,2.07,2.08,2.08,2.08,2.07,2.06,2.05,2.05,
新竹,2025/11/11 00:00:00,CO,0.17,0.16,0.15,0.14,0.14,0.16,0.16,0.21,0.22,0.21,0.2,0.18,0.17,0.16,0.15,0.16,0.17,0.2,0.2,0.18,0.16,0.15,0.14,0.13,
新竹,2025/11/11 00:00:00,NMHC,0.02,0.04,0,0,0,0.02,0.02,0.03,0.03,0.03,0.04,0.04,0.03,0.03,0.02,0.03,0.02,0.02,0.02,0.02,0.01,0,0,0,
新竹,2025/11/11 00:00:00,NO,1,0.9,0.9,1,1.1,1,1,1.3,1.7,1.4,1.8,1.6,1.5,1.5,1.4,1.2,1.4,1.2,1.1,0.9,1,1,0.9,0.9,
新竹,2025/11/11 00:00:00,NO2,3.4,4.2,3.6,3.2,2.6,3,4.1,5.7,7,6,6.3,5.4,4.7,4.5,4,4.5,5.8,5.4,6,5.5,5.5,6.4,4.1,3.6,
新竹,2025/11/11 00:00:00,NOx,4.5,5.2,4.6,4.2,3.8,4,5.2,7.1,8.7,7.5,8.2,7.1,6.3,6,5.4,5.8,7.2,6.6,7.2,6.4,6.6,7.4,5,4.6,
新竹,2025/11/11 00:00:00,O3,39.2,37.2,35.8,33.2,33.5,33,29.4,27.8,32.8,36.2,35.3,37.4,38.1,38,38.6,37.8,37.2,38.8,38.2,38,38.3,37.9,39,39.2,
新竹,2025/11/11 00:00:00,PM10,9,11,8,6,7,7,5,8,7,5,9,7,3,1,4,10,16,9,12,9,7,5,8,6,
新竹,2025/11/11 00:00:00,PM2.5,5,2,2,6,6,2,5,4,1,2,2,2,3,3,1,2,3,2,2,0,1,4,5,4,
新竹,2025/11/11 00:00:00,RAINFALL,0,0,0,0,0.5,0,0,0,0,0,0,0,0.5,0,0,0,0,0,0,0,0.5,0,0.5,0,
新竹,2025/11/11 00:00:00,RH,84,84,82,83,86,90,87,88,91,91,92,92,92,92,91,92,91,89,89,91,93,92,92,93,
新竹,2025/11/11 00:00:00,SO2,0.2,0.8,0.5,0.7,0.7,0.8,0.9,0.7,0.6,0.8,1,0.7,0.8,0.7,0.8,0.9,0.8,0.8,1,0.8,0.5,0.7,0.9,0.7,
新竹,2025/11/11 00:00:00,THC,2.1,2.12,2.07,2.07,2.07,2.1,2.08,2.1,2.11,2.11,2.13,2.11,2.1,2.11,2.09,2.1,2.09,2.1,2.1,2.1,2.08,2.06,2.05,2.05,
新竹,2025/11/11 00:00:00,WD_HR,57,41,49,50,48,40,46,35,34,37,35,42,38,35,35,37,37,38,38,37,40,36,35,35,
新竹,2025/11/11 00:00:00,WIND_DIREC,45,42,55,50,39,43,35,33,33,31,32,43,32,34,35,36,45,34,40,34,38,31,36,31,
新竹,2025/11/11 00:00:00,WIND_SPEED,3.5,4.4,3.5,3.8,5,4.2,5.7,5.2,5,5.5,6.6,5.1,5.9,6.2,6.1,5.7,5.3,5.6,5.7,4.5,5,6,5.7,5.8,
新竹,2025/11/11 00:00:00,WS_HR,3.7,3,3.2,3.1,3.6,4,4.2,4.4,4.2,4.3,5,4.4,5,5.1,5.5,5.4,4.6,4.5,4.8,4.6,4.1,4.3,4.5,5.1,
新竹,2025/11/12 00:00:00,AMB_TEMP,22.6,22.8,22.9,23.1,23.5,23.8,24,23.9,23.5,23.5,23.7,23.1,22.3,22.4,22.4,22.2,22.4,22.8,23,23.1,23.3,23.4,23.4,23,
新竹,2025/11/12 00:00:00,CH4,2.05,2.05,2.06,2.05,2.05,2.05,2.06,2.06,2.06,2.06,2.07,#,2.06,2.07,2.08,2.08,2.08,2.08,2.06,2.05,2.04,2.04,2.04,2.03,
新竹,2025/11/12 00:00:00,CO,0.13,0.13,0.13,0.13,0.13,0.14,0.15,0.18,0.17,0.16,0.15,0.16,0.15,0.16,0.16,0.16,0.17,0.19,0.16,0.15,0.14,0.14,0.12,0.11,
新竹,2025/11/12 00:00:00,NMHC,0,0.01,0,0,0.01,0.01,0.01,0.02,0.02,0.03,0.02,#,0.01,0.02,0.04,0.04,0.05,0.03,0.02,0.03,0.03,0.02,0.01,0.02,
新竹,2025/11/12 00:00:00,NO,1,0.6,0.6,0.6,0.6,0.6,0.6,0.5,0.7,0.7,0.6,0.7,0.6,0.6,0.8,0.6,0.6,0.7,0.5,0.5,0.6,0.6,0.5,0.5,
新竹,2025/11/12 00:00:00,NO2,3.5,3.7,3.7,2.6,3.3,3.6,3.7,4.5,4.2,4.3,4.3,4.4,4,4,4.4,4.7,5.5,5.8,4.6,4,3.4,2.9,2.6,2,
新竹,2025/11/12 00:00:00,NOx,4.6,4.4,4.3,3.2,3.9,4.2,4.4,5,5,5,4.9,5.1,4.7,4.6,5.2,5.3,6.1,6.5,5.2,4.5,4.1,3.5,3.1,2.6,
新竹,2025/11/12 00:00:00,O3,38.3,39,39.8,40.6,38.5,38.5,38.3,37.6,38.1,38,37.8,38.6,#,42.9,42.1,42.7,40.6,39,37.8,37.6,38.2,37.8,38.6,40.3,
新竹,2025/11/12 00:00:00,PM10,6,5,7,5,10,13,21,18,17,20,19,11,14,15,14,15,19,11,6,8,7,4,3,4,
新竹,2025/11/12 00:00:00,PM2.5,1,0,0,0,0,2,2,8,5,2,3,3,2,1,1,7,3,0,0,4,2,2,2,1,
新竹,2025/11/12 00:00:00,RAINFALL,0,0,0.5,0,0,0,0,0,0,0,0,1,1,0.5,0.5,0,0,0.5,0,0,0,0,0,0.5,
新竹,2025/11/12 00:00:00,RH,93,94,94,94,94,93,92,93,95,96,95,94,95,95,94,93,93,94,94,94,94,95,95,94,
新竹,2025/11/12 00:00:00,SO2,0.7,1.2,1.2,1.1,1.2,1.5,1.4,1.4,1.6,1.2,1.3,1.5,1.3,1.4,1.4,1.3,1.3,1.2,1.2,1.5,1.5,1.3,1.4,1.7,
新竹,2025/11/12 00:00:00,THC,2.05,2.06,2.06,2.05,2.06,2.06,2.07,2.08,2.08,2.09,2.09,#,2.07,2.09,2.12,2.12,2.13,2.11,2.08,2.08,2.07,2.06,2.05,2.05,
新竹,2025/11/12 00:00:00,WD_HR,34,36,33,35,35,40,41,45,43,43,43,48,55,45,40,40,41,40,38,36,40,37,37,37,
新竹,2025/11/12 00:00:00,WIND_DIREC,37,41,34,34,37,50,46,39,50,50,42,70,54,40,47,37,41,42,37,38,40,36,39,31,
新竹,2025/11/12 00:00:00,WIND_SPEED,5.6,4.9,5.9,5.7,5.6,3.7,3.5,3.7,2.9,3.3,4.4,2.5,2.8,5.3,4.7,4.8,4,3.9,4.9,4.3,5.6,4.4,4.5,5.6,
新竹,2025/11/12 00:00:00,WS_HR,5.1,4.6,4.8,4.7,4,3.7,2.9,2.7,3.1,3.4,3.1,2.4,2,3.3,4.1,4.1,3.7,4,3.9,4,4.5,3.9,4.1,4.7,
新竹,2025/11/13 00:00:00,AMB_TEMP,22.4,22.5,22.5,22.2,21.9,21.5,21.4,21.3,21.8,22.8,22.5,23.4,23.5,23.7,23.8,24,23.3,22.4,21.2,21.1,21.1,20.9,20.7,20.5,
新竹,2025/11/13 00:00:00,CH4,2.03,2.03,2.04,2.03,2.03,2.03,2.03,2.04,2.05,2.05,2.06,2.05,2.05,2.05,2.05,2.06,2.05,2.08,2.06,2.07,2.07,2.07,2.08,2.08,
新竹,2025/11/13 00:00:00,CO,0.11,0.11,0.11,0.11,0.1,0.1,0.12,0.16,0.18,0.17,0.18,0.17,0.15,0.15,0.16,0.16,0.18,0.24,0.2,0.18,0.18,0.16,0.16,0.15,
新竹,2025/11/13 00:00:00,NMHC,0.01,0.01,0,0.01,0,0,0.01,0.01,0.03,0.04,0.05,0.05,0.04,0.03,0.04,0.06,0.05,0.11,0.06,0.05,0.04,0.05,0.03,0.03,
新竹,2025/11/13 00:00:00,NO,0.6,0.4,0.6,0.7,0.6,0.4,0.5,0.8,0.9,1.4,1.8,1.4,1.5,1.5,1.4,1.4,1,0.9,0.6,0.6,0.8,0.7,0.7,0.6,
新竹,2025/11/13 00:00:00,NO2,1.8,1.7,1.4,1.5,1.3,1.4,2.3,4.1,5.6,7,8.3,7.2,6.1,6.3,7.2,9.3,8.8,12.8,9.3,7.6,7.1,6.5,5.8,5,
新竹,2025/11/13 00:00:00,NOx,2.5,2.1,2.1,2.3,2,1.9,2.8,4.9,6.6,8.4,10.1,8.7,7.7,7.8,8.6,10.8,9.8,13.8,10,8.2,8,7.2,6.5,5.6,
新竹,2025/11/13 00:00:00,O3,41.9,42,41.8,42.3,42.8,43.3,41.9,39.9,38.1,36.7,35.3,31.4,33,35.6,35.2,33.3,34,28.3,35.3,37.9,39.6,40.5,42.1,43.9,
新竹,2025/11/13 00:00:00,PM10,5,3,4,3,3,3,4,4,4,8,8,9,#,11,14,17,11,13,11,7,14,19,22,19,
新竹,2025/11/13 00:00:00,PM2.5,1,3,4,6,4,1,2,4,4,5,4,#,4,0,0,13,6,3,3,7,4,3,6,5,
新竹,2025/11/13 00:00:00,RAINFALL,0.5,0.5,1.5,1,2,0.5,1,0.5,0,0,0.5,0,0,0,0,0,0,0,0.5,1,1.5,0.5,0,0,
新竹,2025/11/13 00:00:00,RH,94,95,96,96,96,95,94,93,91,86,88,84,82,78,78,77,79,86,92,94,95,94,93,93,
新竹,2025/11/13 00:00:00,SO2,2.1,1,0.9,1.2,0.9,1.1,1,0.9,1,1.2,1.1,1.2,1.4,1.3,1.2,1.4,1.3,1.3,1.3,0.9,1.2,0.9,1,0.9,
新竹,2025/11/13 00:00:00,THC,2.04,2.04,2.04,2.04,2.03,2.03,2.04,2.05,2.08,2.09,2.11,2.1,2.09,2.08,2.09,2.12,2.1,2.19,2.12,2.12,2.11,2.12,2.11,2.11,
新竹,2025/11/13 00:00:00,WD_HR,39,41,38,40,44,40,40,39,52,52,51,53,47,50,52,48,55,48,51,49,56,55,49,52,
新竹,2025/11/13 00:00:00,WIND_DIREC,31,46,37,39,43,40,41,38,55,51,54,46,48,48,48,51,50,54,52,57,57,65,47,59,
新竹,2025/11/13 00:00:00,WIND_SPEED,5.8,3.9,3.4,5.1,4.3,4.3,4.4,4.2,2.7,3.1,3.2,3.5,3.1,3.9,3.6,3.5,2.6,3.3,3.1,3.3,2.9,2.7,2.9,2.6,
新竹,2025/11/13 00:00:00,WS_HR,3.9,3.1,3.5,3.3,3.3,3.7,3.6,3.3,2.9,2.8,2.6,2.7,2.8,3.4,3.1,2.9,2.7,2.4,2.8,2.7,2.5,2.4,2.3,2.4,
新竹,2025/11/14 00:00:00,AMB_TEMP,20.4,20.7,20.8,21,21,21.1,20.9,21.2,22.5,23.7,24.6,25.2,25.3,25.3,25,24.6,23.9,23.2,22.8,22.7,22.8,22.7,22.6,22.4,
新竹,2025/11/14 00:00:00,CH4,2.08,2.08,2.07,2.07,2.07,2.08,2.1,2.11,2.11,2.09,2.08,2.1,2.11,2.12,2.14,2.15,2.14,2.16,2.17,2.18,2.17,2.17,2.16,2.13,
新竹,2025/11/14 00:00:00,CO,0.15,0.13,0.12,0.12,0.12,0.13,0.16,0.23,0.25,0.25,0.21,0.23,0.24,0.24,0.25,0.27,0.28,0.33,0.36,0.37,0.35,0.35,0.32,0.26,
新竹,2025/11/14 00:00:00,NMHC,0.03,0.02,0.01,0.01,0.02,0.02,0.03,0.05,0.12,0.09,0.06,0.08,0.08,0.06,0.07,0.08,0.09,0.11,0.13,0.12,0.11,0.1,0.08,0.06,
新竹,2025/11/14 00:00:00,NO,0.6,0.4,0.7,0.8,0.8,0.7,0.9,2,2.6,3.3,2.7,2.2,1.8,2,1.8,1.7,1.4,1,0.9,1,0.9,0.8,0.8,0.9,
新竹,2025/11/14 00:00:00,NO2,4.6,5,3.6,3,4,4.7,8.4,11.3,10.9,11.3,8.9,8.6,8.1,8,7.8,9.3,10.6,12.3,13.8,14,12.1,11.1,10.1,7.1,
新竹,2025/11/14 00:00:00,NOx,5.2,5.4,4.4,3.9,4.8,5.5,9.3,13.4,13.6,14.6,11.7,10.9,9.9,10.1,9.7,11.1,12,13.3,14.7,15,13,11.9,10.9,8,
新竹,2025/11/14 00:00:00,O3,43.2,43.3,44.4,42.9,41.8,38.9,33.7,30.4,34.2,38.7,44.9,48.6,53.3,53.3,53.5,52.6,48.8,44.2,39.8,39.3,43.5,44.7,47.1,49.1,
新竹,2025/11/14 00:00:00,PM10,30,37,33,31,31,32,29,32,31,34,33,39,40,36,41,45,50,42,41,44,42,43,42,42,
新竹,2025/11/14 00:00:00,PM2.5,5,8,14,13,8,8,10,10,11,7,7,9,12,12,18,13,18,19,20,18,15,19,13,19,
新竹,2025/11/14 00:00:00,RAINFALL,0.5,0,0,0,0,0,0,0,0,0,0,0,0,0,0,0,0,0,0,0,0,0,0,0,
新竹,2025/11/14 00:00:00,RH,91,85,82,78,77,75,76,76,69,63,60,58,58,58,58,59,63,66,69,70,69,68,69,69,
新竹,2025/11/14 00:00:00,SO2,0.6,1,0.9,0.9,1,1.1,1.2,1.2,1.3,1.5,1.6,1.5,1.8,1.7,1.6,1.7,1.7,1.2,1.1,1,1.2,1.4,1.4,1.2,
新竹,2025/11/14 00:00:00,THC,2.11,2.1,2.08,2.08,2.09,2.1,2.13,2.16,2.23,2.18,2.14,2.18,2.19,2.18,2.21,2.23,2.23,2.27,2.3,2.3,2.28,2.27,2.24,2.19,
新竹,2025/11/14 00:00:00,WD_HR,53,41,42,42,46,58,50,53,54,52,53,46,44,47,51,46,49,48,40,41,47,53,52,48,
新竹,2025/11/14 00:00:00,WIND_DIREC,49,34,42,44,53,64,46,55,54,53,56,45,54,42,49,52,52,52,42,49,51,53,49,52,
新竹,2025/11/14 00:00:00,WIND_SPEED,2.8,3.9,3,3,3,3.7,3.7,3.1,4,4.3,4.1,4.5,4.1,4.6,4,4.7,3.9,3.3,3.6,3.4,4.1,3.5,3.4,3.5,
新竹,2025/11/14 00:00:00,WS_HR,2.4,2.9,3,2.8,2.7,3,3.1,2.9,2.7,3.6,3.9,3.5,3.7,3.6,3.5,3.5,3.2,3.1,2.9,2.8,2.9,3,2.9,2.9,
新竹,2025/11/15 00:00:00,AMB_TEMP,22.3,22.1,22,21.8,21.7,21.7,21.9,22.5,23.7,25.2,26.4,27,27.1,27,26.8,26.5,25.4,24.4,23.8,23.5,23.2,23,22.8,22.1,
新竹,2025/11/15 00:00:00,CH4,2.12,2.12,2.11,2.11,2.12,2.12,2.12,2.11,2.09,2.08,2.08,2.09,2.08,2.09,2.08,2.09,2.1,2.11,2.1,2.13,2.15,2.15,2.18,2.14,
新竹,2025/11/15 00:00:00,CO,0.23,0.2,0.16,0.15,0.15,0.16,0.18,0.19,0.2,0.18,0.2,0.21,0.2,0.19,0.18,0.19,0.2,0.24,0.22,0.27,0.26,0.27,0.28,0.2,
新竹,2025/11/15 00:00:00,NMHC,0.04,0.05,0.05,0.06,0.06,0.06,0.07,0.05,0.04,0.03,0.06,0.06,0.06,0.05,0.05,0.06,0.07,0.09,0.06,0.11,0.11,0.12,0.13,0.05,
新竹,2025/11/15 00:00:00,NO,1,1,0.8,0.8,0.8,0.7,0.8,1.2,1.9,1.9,1.7,1.5,1.7,1.5,1.7,1.5,1.2,1,1,1,0.8,0.7,0.8,1,
新竹,2025/11/15 00:00:00,NO2,6.1,6.1,5.6,5.7,5.5,5.5,7.5,8.1,8,6.4,6.1,6.5,6.6,6.3,6.6,7.4,8.3,10.8,10.3,10.7,12.4,13.8,20.3,10.4,
新竹,2025/11/15 00:00:00,NOx,7.1,7.2,6.4,6.5,6.4,6.2,8.4,9.4,9.9,8.4,7.9,8,8.3,7.9,8.4,8.9,9.6,11.8,11.4,11.7,13.2,14.5,21.1,11.4,
新竹,2025/11/15 00:00:00,O3,48.8,44.9,41.9,40,38.7,36.8,34.5,34.5,36.1,40.2,43,47.4,49.3,48.7,46.6,44.3,40.4,34.6,33.6,32.3,30.5,27.3,24.2,25.7,
新竹,2025/11/15 00:00:00,PM10,42,36,32,34,24,31,24,26,27,25,21,27,27,25,26,25,26,22,23,26,28,20,24,21,
新竹,2025/11/15 00:00:00,PM2.5,10,8,13,9,11,10,6,6,6,8,9,9,7,8,9,8,7,7,8,5,3,7,7,6,
新竹,2025/11/15 00:00:00,RAINFALL,0,0,0,0,0,0,0,0,0,0,0,0,0,0,0,0,0,0,0,0,0,0,0,0,
新竹,2025/11/15 00:00:00,RH,70,70,70,71,71,71,70,68,63,57,54,53,53,54,54,55,59,64,66,67,68,70,72,76,
新竹,2025/11/15 00:00:00,SO2,1.4,1.5,1.8,1.6,1.4,1.6,1.3,1.4,1.4,1.6,1.9,2,2,1.8,1.9,2.1,2,1.7,1.4,1.7,1.6,1.4,1.6,1.3,
新竹,2025/11/15 00:00:00,THC,2.16,2.17,2.16,2.17,2.18,2.18,2.19,2.16,2.13,2.11,2.14,2.15,2.14,2.14,2.13,2.15,2.17,2.2,2.16,2.24,2.26,2.27,2.31,2.19,
新竹,2025/11/15 00:00:00,WD_HR,53,45,52,48,48,42,43,52,51,53,48,40,35,37,52,54,46,53,52,44,51,40,43,64,
新竹,2025/11/15 00:00:00,WIND_DIREC,50,53,48,44,45,41,46,49,52,52,57,44,36,44,52,41,46,50,49,49,47,37,57,64,
新竹,2025/11/15 00:00:00,WIND_SPEED,3.6,3.1,2.5,2.6,2.7,2.4,2.4,2.4,2.9,3.6,3.2,3.9,3.8,3.8,3.1,3.3,2.7,3.5,1.9,1.8,1.8,1.9,1.5,0.6,
新竹,2025/11/15 00:00:00,WS_HR,3,2.5,2.4,2,2.2,2.2,1.9,2.3,2.4,2.8,2.6,3.2,3.2,3.2,2.7,2.5,2.5,2.5,2.2,1.7,1.4,1.6,1.2,0.8,
新竹,2025/11/16 00:00:00,AMB_TEMP,21.8,21.7,21.5,21.2,21.2,21.5,21.4,21.8,24,25.7,26.7,27.7,28.3,28.1,27.9,27.8,26.8,25.5,25,25,24.8,24.5,24.2,23.8,
新竹,2025/11/16 00:00:00,CH4,2.11,2.18,2.14,2.12,2.15,2.18,2.17,2.18,2.17,2.1,2.11,2.1,2.08,2.07,2.08,2.1,2.13,2.12,2.15,2.16,2.14,2.13,2.18,2.44,
新竹,2025/11/16 00:00:00,CO,0.18,0.22,0.18,0.16,0.17,0.2,0.2,0.24,0.28,0.22,0.21,0.21,0.21,0.19,0.2,0.22,0.25,0.26,0.31,0.31,0.28,0.25,0.3,0.43,
新竹,2025/11/16 00:00:00,NMHC,0.04,0.06,0.04,0.04,0.05,0.07,0.07,0.08,0.1,0.06,0.05,0.05,0.05,0.04,0.05,0.06,0.07,0.09,0.14,0.12,0.09,0.09,0.1,0.17,
新竹,2025/11/16 00:00:00,NO,0.8,0.4,0.3,0.4,0.6,0.5,0.6,1.4,3.6,2,1.4,0.9,0.9,0.8,0.8,0.9,0.8,0.5,0.6,0.5,0.5,0.5,0.6,0.6,
新竹,2025/11/16 00:00:00,NO2,6.3,9.3,8.1,5.6,6.3,9.9,10.3,8.7,12.7,9.2,6.5,5.1,4.4,4,4,5.3,6.8,7.8,10.7,12.6,10.2,10.7,13,17.7,
新竹,2025/11/16 00:00:00,NOx,7.1,9.8,8.4,6,6.9,10.5,11,10.2,16.3,11.3,7.9,6.1,5.4,4.8,4.8,6.3,7.6,8.3,11.4,13.1,10.7,11.3,13.7,18.4,
新竹,2025/11/16 00:00:00,O3,26,21.1,21.8,21.7,18.8,17.4,19.3,21.2,24.6,39.8,45.1,49.6,50.4,49.5,48.2,45,40.3,36.5,29.2,27.7,29,27,21.8,12.9,
新竹,2025/11/16 00:00:00,PM10,23,21,22,21,14,23,17,21,28,33,33,30,30,31,29,27,34,34,28,22,27,32,23,24,
新竹,2025/11/16 00:00:00,PM2.5,6,6,8,7,8,7,6,7,8,16,12,16,8,7,9,9,8,15,15,15,13,14,14,16,
新竹,2025/11/16 00:00:00,RAINFALL,0,0,0,0,0,0,0,0,0,0,0,0,0,0,0,0,0,0,0,0,0,0,0,0,
新竹,2025/11/16 00:00:00,RH,78,79,81,83,83,84,86,85,78,74,72,69,67,67,68,70,74,78,80,77,77,79,81,82,
新竹,2025/11/16 00:00:00,SO2,0.9,1.5,1.3,1.6,1.7,1.8,1.6,1.7,2.2,2.4,2.6,2.4,2.3,2.2,2.2,2.2,2.6,2.5,2.4,2.2,1.7,1.8,1.9,1.7,
新竹,2025/11/16 00:00:00,THC,2.15,2.24,2.18,2.16,2.2,2.25,2.24,2.26,2.27,2.16,2.16,2.15,2.13,2.11,2.13,2.16,2.2,2.21,2.29,2.28,2.23,2.22,2.28,2.61,
新竹,2025/11/16 00:00:00,WD_HR,90,103,95,89,77,56,48,56,63,47,46,51,45,41,41,42,50,43,39,49,53,54,65,93,
新竹,2025/11/16 00:00:00,WIND_DIREC,93,121,94,90,73,60,36,71,37,50,36,66,50,35,43,44,44,37,39,54,53,56,89,87,
新竹,2025/11/16 00:00:00,WIND_SPEED,0.6,0.4,0.9,1.1,0.9,0.9,1,0.5,2.1,1.8,2.3,1.4,1.8,3.6,2.2,1.6,1.5,1.6,1.9,2.5,1.9,1.6,0.4,0.5,
新竹,2025/11/16 00:00:00,WS_HR,0.7,0.4,0.8,0.9,0.6,0.8,0.8,0.7,0.9,1.8,1.6,1.1,1.6,2.8,2.3,1.7,1.2,1.5,1.7,2,1.8,1.7,0.6,0.3,
新竹,2025/11/17 00:00:00,AMB_TEMP,23.3,22.9,22.4,22.6,22.6,22.8,23,23.4,24,24.4,24.5,24.4,24.1,23.9,23.5,23.1,22.4,22,22,21.8,21.2,21,20.8,20.5,
新竹,2025/11/17 00:00:00,CH4,2.59,2.65,2.6,2.44,2.18,2.15,2.17,2.22,2.14,2.09,2.07,2.07,2.07,2.07,2.07,2.07,2.07,2.07,2.07,2.07,2.06,2.07,2.08,2.09,
新竹,2025/11/17 00:00:00,CO,0.44,0.37,0.32,0.23,0.16,0.16,0.19,0.35,0.38,0.23,0.18,0.18,0.18,0.18,0.17,0.18,0.18,0.2,0.2,0.18,0.16,0.17,0.17,0.18,
新竹,2025/11/17 00:00:00,NMHC,0.2,0.19,0.15,0.11,0.05,0.05,0.07,0.13,0.15,0.1,0.07,0.07,0.05,0.07,0.06,0.09,0.07,0.08,0.07,0.06,0.04,0.04,0.03,0.04,
新竹,2025/11/17 00:00:00,NO,0.8,1.1,1.4,1,0.3,0.4,0.7,3.4,3.8,1.6,0.6,0.8,0.6,0.7,0.6,0.5,0.4,0.3,0.3,0.4,0.4,0.4,0.5,0.4,
新竹,2025/11/17 00:00:00,NO2,19.1,16.5,15.9,12.9,7.3,7.3,11,18.6,20.1,10.7,5.7,4.7,4.2,5.1,6,6.7,6.2,6.5,6.5,5.5,6.2,6.6,5.7,4.8,
新竹,2025/11/17 00:00:00,NOx,19.9,17.6,17.4,14,7.7,7.8,11.8,22,23.9,12.3,6.3,5.6,4.9,5.8,6.6,7.2,6.7,6.9,6.9,5.9,6.7,7.1,6.3,5.2,
新竹,2025/11/17 00:00:00,O3,6.4,4.9,1.6,7.3,13.5,16.8,15.6,9,13.5,33,40.7,42.1,43.4,42.4,42.2,41.4,42.2,42.2,42.9,44.4,46.6,45.7,44.9,42.6,
新竹,2025/11/17 00:00:00,PM10,24,25,20,21,17,15,20,23,28,32,33,34,24,27,27,28,23,25,22,20,19,21,18,10,
新竹,2025/11/17 00:00:00,PM2.5,12,13,11,12,10,11,8,9,10,11,18,15,21,16,18,17,11,9,11,10,10,9,6,3,
新竹,2025/11/17 00:00:00,RAINFALL,0,0,0,0,0,0,0,0,0,0,0,0,0,0,0,0,0,0,0.5,0,0,0,0.5,0.5,
新竹,2025/11/17 00:00:00,RH,84,86,87,87,85,86,86,85,85,86,84,85,85,85,85,87,90,92,91,92,91,91,92,93,
新竹,2025/11/17 00:00:00,SO2,1.5,1.1,1,1.1,1.1,1.5,1.8,1.8,1.7,1.6,1.8,1.6,1.7,1.5,1.4,1.4,1.2,1.1,1.2,1,1,1.3,1.3,1.1,
新竹,2025/11/17 00:00:00,THC,2.79,2.84,2.75,2.55,2.23,2.2,2.24,2.35,2.29,2.19,2.14,2.14,2.12,2.14,2.13,2.16,2.14,2.15,2.14,2.13,2.1,2.11,2.11,2.13,
新竹,2025/11/17 00:00:00,WD_HR,138,180,166,112,96,85,59,54,55,40,40,40,39,39,35,38,40,37,35,37,37,39,41,37,
新竹,2025/11/17 00:00:00,WIND_DIREC,164,238,132,55,107,71,68,51,34,37,38,45,45,36,31,36,41,31,36,39,46,37,34,37,
新竹,2025/11/17 00:00:00,WIND_SPEED,0.5,1.1,0.3,0.4,1.3,0.8,1,1.4,1.3,3.2,4.3,3.9,3.1,3.5,3.6,4.3,4.2,3.8,4.2,4.3,4.6,3.7,3.7,4.8,
新竹,2025/11/17 00:00:00,WS_HR,0.4,0.4,0.3,0.3,0.6,0.5,0.8,1.1,1,2.1,3.4,3.4,3.3,3,3.6,3.6,3.7,3.5,3.4,3.6,3.9,3,3,3.9,
新竹,2025/11/18 00:00:00,AMB_TEMP,19.8,19.4,19.2,19.3,19.3,18.9,18.5,18.5,18.7,19.5,20.4,19.5,18.7,18.9,18.5,18.4,17.8,17.3,16.9,16.6,17,17.3,17.3,17.2,
新竹,2025/11/18 00:00:00,CH4,2.09,2.09,2.09,2.09,2.09,2.09,2.09,2.1,2.1,2.1,2.1,2.11,#,#,#,2.14,2.14,2.15,2.16,2.16,2.16,2.16,2.15,2.15,
新竹,2025/11/18 00:00:00,CO,0.17,0.18,0.18,0.17,0.17,0.17,0.18,0.23,0.23,0.23,0.22,#,0.25,#,#,0.27,0.28,0.31,0.31,0.29,0.29,0.3,0.28,0.26,
新竹,2025/11/18 00:00:00,NMHC,0.04,0.04,0.01,0.02,0.03,0.03,0.03,0.04,0.05,0.06,0.06,0.05,#,#,#,0.09,0.1,0.11,0.09,0.09,0.08,0.07,0.07,0.07,
新竹,2025/11/18 00:00:00,NO,0.3,0.7,0.6,0.5,0.4,0.4,0.7,1.2,1.4,2,2.3,#,#,#,1.5,1.4,1.1,0.8,0.7,0.8,0.7,0.8,0.6,0.4,
新竹,2025/11/18 00:00:00,NO2,3.6,3.6,4.2,3.3,3.5,3.7,4.7,6.9,7.7,7.7,6.8,#,#,#,8.5,9.9,11,10.1,9.4,8.7,9.7,10.5,8.9,7.1,
新竹,2025/11/18 00:00:00,NOx,3.9,4.4,4.9,3.9,4,4.2,5.5,8.1,9.2,9.7,9.2,#,#,#,10.1,11.4,12.2,11,10.2,9.5,10.4,11.3,9.6,7.5,
新竹,2025/11/18 00:00:00,O3,40,38.6,36.7,36.5,34.2,31.1,27.4,23.4,24.1,27.2,29.5,29.3,#,22.6,25.8,26.3,24.6,24.5,24.2,23.6,22.7,23.1,27,31.7,
新竹,2025/11/18 00:00:00,PM10,7,3,6,11,9,7,3,3,3,19,15,15,#,24,22,22,19,20,24,23,25,24,31,21,
新竹,2025/11/18 00:00:00,PM2.5,0,0,3,2,3,3,3,3,4,8,4,#,0,8,13,14,9,15,16,13,16,13,15,11,
新竹,2025/11/18 00:00:00,RAINFALL,0,0.5,0,0,0,0,0.5,0,0,0,0,#,0,0,0,0,0,0,0,0,0,0,0,0,
新竹,2025/11/18 00:00:00,RH,93,93,92,89,90,91,92,92,89,84,78,83,87,84,84,85,88,88,88,89,86,84,84,85,
新竹,2025/11/18 00:00:00,SO2,1.3,1,1.3,1.4,1.3,1.2,1.4,1.5,1.7,1.7,1.5,#,1.6,#,1.4,1.8,1.6,1.7,1.8,1.8,1.6,1.8,1.7,1.9,
新竹,2025/11/18 00:00:00,THC,2.13,2.13,2.1,2.11,2.12,2.12,2.12,2.14,2.15,2.16,2.16,2.16,#,#,#,2.23,2.24,2.26,2.25,2.25,2.24,2.23,2.22,2.22,
新竹,2025/11/18 00:00:00,WD_HR,33,34,43,44,42,49,45,43,48,51,48,37,36,36,37,36,41,36,34,38,38,36,36,38,
新竹,2025/11/18 00:00:00,WIND_DIREC,32,34,41,45,47,56,46,42,56,40,42,33,38,30,37,36,46,39,32,45,41,36,35,33,
新竹,2025/11/18 00:00:00,WIND_SPEED,5.1,4.7,4.4,3.6,3.3,3.5,4.1,4.2,4.1,4.5,5.6,5.4,5.2,5.3,5.2,4.1,4.3,4.4,5,4.6,3.9,4.9,4.8,4.1,
新竹,2025/11/18 00:00:00,WS_HR,4,4,3.7,3,2.9,3.1,3.3,3.4,3.6,3.6,4.2,4.7,4.4,4.4,4.7,3.9,3.8,4.3,4.6,4.1,3.9,4.4,3.9,3.5,
新竹,2025/11/19 00:00:00,AMB_TEMP,17.2,16.7,16.3,16.4,15.6,15.7,15.7,16.1,16.4,16.4,16.4,16.7,16.8,16.7,16.6,16.5,16.1,16,16.2,16.5,16.8,16.9,16.8,16.8,
新竹,2025/11/19 00:00:00,CH4,2.15,2.14,A,2.13,2.13,2.13,2.13,2.15,2.17,2.15,2.16,#,2.16,#,#,2.17,2.18,2.19,2.19,2.19,2.18,2.16,2.15,2.16,
新竹,2025/11/19 00:00:00,CO,0.25,0.2,0.18,0.18,0.18,0.17,0.2,0.25,0.28,0.26,0.26,0.25,0.25,0.25,0.25,0.25,0.28,0.3,0.31,0.28,0.26,0.23,0.19,0.19,
新竹,2025/11/19 00:00:00,NMHC,0.06,0.05,A,0.08,0.07,0.06,0.09,0.1,0.13,0.12,0.11,#,0.09,#,#,0.1,0.1,0.11,0.11,0.1,0.09,0.07,0.06,0.06,
新竹,2025/11/19 00:00:00,NO,0.5,0.3,0.3,0.3,0.2,0.2,0.4,0.8,1.7,1.6,2,2.5,2.1,1.6,1.4,1.2,0.9,0.6,0.5,0.6,0.4,0.3,0.3,0.4,
新竹,2025/11/19 00:00:00,NO2,6.6,10.4,8.1,7,6.5,6.3,8.3,10.7,12.4,12.5,12.7,12,11,12.3,12.2,12,13.1,13,12.6,11.2,10.6,10.3,7.8,8.1,
新竹,2025/11/19 00:00:00,NOx,7.1,10.7,8.4,7.3,6.7,6.6,8.8,11.5,14.1,14.2,14.8,14.5,13.1,14,13.6,13.2,14,13.6,13.2,11.8,11.1,10.6,8.2,8.6,
新竹,2025/11/19 00:00:00,O3,33.1,31.5,31.7,29.9,28,28.1,25.2,22.5,20.7,20.4,20.6,22,23.7,24.4,25.9,26.9,26.2,26.3,28.5,31.6,34.1,34.7,35.2,33,
新竹,2025/11/19 00:00:00,PM10,22,25,34,38,37,31,34,38,42,41,35,36,40,36,35,40,40,43,33,41,46,33,35,33,
新竹,2025/11/19 00:00:00,PM2.5,13,11,8,17,15,12,11,16,21,18,8,15,11,22,12,15,18,18,22,21,10,15,11,12,
新竹,2025/11/19 00:00:00,RAINFALL,0,0,0,0,0,0,0,0,0,0,0,0,0,0,0,0,0,0,0,0,0,0,0,0,
新竹,2025/11/19 00:00:00,RH,84,85,84,79,79,75,76,76,76,78,79,78,77,77,77,78,80,81,79,76,70,63,60,63,
新竹,2025/11/19 00:00:00,SO2,1.2,1.7,1.8,1.8,2,1.7,2.4,2.1,2.2,2.1,2.1,2.7,2.4,2.4,2.4,1.9,2,2,2.4,2.4,2.2,2.4,2.2,2.2,
新竹,2025/11/19 00:00:00,THC,2.21,2.19,A,2.21,2.2,2.19,2.22,2.25,2.3,2.27,2.27,#,2.25,#,#,2.27,2.28,2.3,2.3,2.29,2.27,2.23,2.21,2.22,
新竹,2025/11/19 00:00:00,WD_HR,33,39,36,36,38,41,46,46,43,37,36,39,40,40,37,38,40,47,53,43,40,37,51,41,
新竹,2025/11/19 00:00:00,WIND_DIREC,38,41,39,30,42,44,35,51,39,38,48,32,35,51,42,32,46,61,46,56,44,35,49,39,
新竹,2025/11/19 00:00:00,WIND_SPEED,4.5,4.3,4.4,4.9,4.4,4.5,3.7,4.3,4.4,5.1,3.9,5.8,4.4,3.4,3.8,4.9,3.5,3.3,3.4,3.1,3.8,4.5,3.2,3.9,
新竹,2025/11/19 00:00:00,WS_HR,4.1,4,3.9,4.4,3.9,3.6,3.5,3.4,3.3,4.2,4.1,4,4.1,3.4,3.6,3.6,3.3,2.9,2.7,3,3.3,3.6,2.8,2.8,
新竹,2025/11/20 00:00:00,AMB_TEMP,16.8,16.9,17,16.9,16.8,16.9,16.9,17.4,18.5,19.4,20.3,21.1,21.2,21.4,20.9,20.6,19.9,19.6,19.6,19.6,19.8,19.7,19.7,19.7,
新竹,2025/11/20 00:00:00,CH4,2.15,2.15,2.16,2.15,2.15,2.14,2.15,2.15,2.15,2.14,2.14,2.13,2.13,2.12,2.11,2.12,2.13,2.15,2.14,2.14,2.14,2.13,2.13,2.12,
新竹,2025/11/20 00:00:00,CO,0.18,0.21,0.2,0.21,0.21,0.22,0.24,0.3,0.32,0.31,0.32,0.3,0.29,0.26,0.24,0.26,0.29,0.36,0.35,0.33,0.32,0.3,0.25,0.22,
新竹,2025/11/20 00:00:00,NMHC,0.05,0.05,0.04,0.05,0.05,0.05,0.06,0.09,0.1,0.08,0.09,0.08,0.08,0.06,0.07,0.08,0.09,0.13,0.12,0.11,0.1,0.1,0.07,0.05,
新竹,2025/11/20 00:00:00,NO,0.4,0.6,0.9,0.6,0.7,0.7,0.9,1.8,2.9,3.4,3.2,2.6,2.3,2.3,1.8,1.6,1.4,1.1,1.1,0.8,0.9,0.8,0.8,0.9,
新竹,2025/11/20 00:00:00,NO2,9.5,8.2,6.5,6.3,6,6.1,7.7,11,11.6,10.9,10.5,9.3,8.6,8.2,8.1,10.6,12.6,15.6,14.2,12.9,12.5,13.6,10.6,6.9,
新竹,2025/11/20 00:00:00,NOx,9.9,8.9,7.4,6.9,6.8,6.9,8.6,12.8,14.6,14.3,13.7,11.9,11,10.5,10,12.2,14,16.7,15.3,13.8,13.4,14.5,11.4,7.9,
新竹,2025/11/20 00:00:00,O3,32.9,33.6,34.7,34.4,34,33.1,30.5,27.6,28.4,30.6,33.3,37.1,40.2,40.7,38.6,34.8,31.1,27.2,29.8,30.4,32.7,33.2,36.7,39.6,
新竹,2025/11/20 00:00:00,PM10,31,31,31,32,27,29,30,36,40,40,37,35,36,28,22,32,35,40,36,40,30,36,29,28,
新竹,2025/11/20 00:00:00,PM2.5,11,16,10,9,12,10,12,19,12,13,11,13,17,13,9,11,11,16,14,13,13,11,13,8,
新竹,2025/11/20 00:00:00,RAINFALL,0,0,0,0,0,0,0,0,0,0,0,0,0,0,0,0,0,0,0,0,0,0,0,0,
新竹,2025/11/20 00:00:00,RH,62,63,63,65,66,65,66,65,62,59,57,56,57,57,59,62,69,73,73,73,73,73,72,70,
新竹,2025/11/20 00:00:00,SO2,2.2,1.4,1.4,1.6,1.6,1.8,1.6,1.7,2,1.7,1.8,1.5,1.4,1.3,1.2,1.3,1.5,1.3,1.2,1.3,1.4,1.3,1.3,1.3,
新竹,2025/11/20 00:00:00,THC,2.2,2.2,2.2,2.2,2.2,2.19,2.21,2.24,2.25,2.22,2.23,2.21,2.21,2.18,2.18,2.2,2.22,2.28,2.26,2.25,2.24,2.23,2.2,2.17,
新竹,2025/11/20 00:00:00,WD_HR,38,38,38,41,44,38,38,38,40,42,36,49,41,46,47,49,43,46,51,53,45,37,37,42,
新竹,2025/11/20 00:00:00,WIND_DIREC,39,28,35,38,42,40,35,41,37,38,35,52,32,52,42,52,47,43,57,55,50,47,39,51,
新竹,2025/11/20 00:00:00,WIND_SPEED,3.7,3.6,3.8,3.6,3.5,3.6,3.4,3.9,5.1,5,4.4,4.1,4.5,4.3,3.2,3.6,2.9,3.2,3,3,4,3,2.8,2.5,
新竹,2025/11/20 00:00:00,WS_HR,3.4,2.9,3,3,2.7,3.1,3,3,3.3,3.6,3.8,3.3,3.6,3.4,3.3,2.9,3,2.5,2.7,2.6,3,2.9,2.5,2.4,
新竹,2025/11/21 00:00:00,AMB_TEMP,19.8,19.9,19.9,19.7,19.8,19.7,19.7,20,21.2,21.9,22.2,22.2,22.7,22.4,22,21.8,21.3,20.8,20.7,20.6,20.5,20.4,20.1,20,
新竹,2025/11/21 00:00:00,CH4,2.12,2.11,2.11,2.12,2.12,2.13,2.14,2.15,2.13,2.11,2.12,2.11,2.11,2.11,2.1,2.1,2.11,2.12,2.13,2.13,2.11,2.1,2.11,2.11,
新竹,2025/11/21 00:00:00,CO,0.21,0.19,0.18,0.18,0.19,0.2,0.23,0.3,0.3,0.26,0.28,0.27,0.25,0.23,0.23,0.23,0.25,0.29,0.3,0.3,0.26,0.23,0.24,0.21,
新竹,2025/11/21 00:00:00,NMHC,0.04,0.03,0.04,0.04,0.05,0.06,0.07,0.1,0.09,0.08,0.09,0.09,0.09,0.08,0.09,0.1,0.11,0.12,0.12,0.11,0.08,0.07,0.08,0.07,
新竹,2025/11/21 00:00:00,NO,0.8,0.6,0.7,0.5,0.6,0.6,0.5,1.4,2.4,2.2,2.1,2.4,2.1,1.9,1.9,1.8,1.3,0.9,0.8,0.6,0.8,0.6,0.6,0.7,
新竹,2025/11/21 00:00:00,NO2,6.2,4.7,4,4.3,5.1,5.8,8,11.9,12.1,9.2,10,10.1,8.8,8.6,9.6,9.6,10.9,13.1,12.1,11.8,9.6,7.9,9,8.4,
新竹,2025/11/21 00:00:00,NOx,7,5.4,4.7,4.8,5.7,6.4,8.6,13.4,14.6,11.4,12.2,12.6,11,10.6,11.5,11.5,12.3,14,12.9,12.5,10.5,8.6,9.6,9.2,
新竹,2025/11/21 00:00:00,O3,39.8,41,41.4,40.4,38.8,36.5,33.2,28.8,31.2,35.4,35.1,35.6,37.8,36.8,36.4,36.5,34.4,32.6,34.3,34.6,38.5,40.3,38.5,39.3,
新竹,2025/11/21 00:00:00,PM10,22,32,26,27,25,26,25,25,32,31,28,36,30,32,32,35,31,35,25,30,30,29,26,27,
新竹,2025/11/21 00:00:00,PM2.5,10,7,8,10,9,10,10,14,10,11,13,8,13,12,11,11,9,10,15,19,10,13,14,15,
新竹,2025/11/21 00:00:00,RAINFALL,0,0,0,0,0,0,0,0,0,0,0,0,0,0,0,0,0,0,0,0,0,0,0,0,
新竹,2025/11/21 00:00:00,RH,70,68,68,69,70,72,73,73,70,68,67,67,66,67,68,68,70,71,71,72,73,73,73,72,
新竹,2025/11/21 00:00:00,SO2,1.9,1.1,1.1,0.9,1,1,1.1,1.1,1,1.1,0.9,1.1,1.1,1.1,1.4,1.1,0.9,0.9,1.2,1,1.2,1.1,1.2,1.2,
新竹,2025/11/21 00:00:00,THC,2.16,2.14,2.15,2.16,2.17,2.19,2.21,2.25,2.22,2.19,2.21,2.2,2.2,2.19,2.19,2.2,2.22,2.24,2.25,2.24,2.19,2.17,2.19,2.18,
新竹,2025/11/21 00:00:00,WD_HR,39,39,36,36,39,37,38,44,43,43,44,40,36,39,38,42,41,40,38,37,46,46,40,34,
新竹,2025/11/21 00:00:00,WIND_DIREC,34,42,41,36,40,42,35,40,41,31,40,49,36,36,36,38,43,40,44,33,40,42,39,39,
新竹,2025/11/21 00:00:00,WIND_SPEED,3.2,3.5,3,3.5,3.5,2.7,2.6,2.6,3.6,4.6,3.6,3.8,4.1,4,4.9,4.2,3.7,3.8,3.8,3.8,3.9,4.4,3.2,3.3,
新竹,2025/11/21 00:00:00,WS_HR,2.7,3.2,3.1,2.7,2.6,2.5,2.3,2.2,2.8,3.4,3.1,3.2,3.4,3.6,3.9,3.6,2.8,3.2,3,2.9,3,3.3,2.9,2.9,
新竹,2025/11/22 00:00:00,AMB_TEMP,20,20,20.1,20.1,20.1,20.1,20.1,20.6,21.8,23,23.8,24.4,24.8,24.7,24.4,23.9,23,22.2,21.9,21.7,21.4,21.3,21.1,20.8,
新竹,2025/11/22 00:00:00,CH4,2.12,2.12,2.12,2.12,2.11,2.1,2.1,2.1,2.07,2.08,2.08,2.07,2.08,2.08,2.08,2.08,2.09,2.1,2.1,2.14,2.16,2.16,2.18,2.2,
新竹,2025/11/22 00:00:00,CO,0.2,0.19,0.18,0.18,0.17,0.17,0.18,0.21,0.2,0.21,0.21,0.21,0.21,0.21,0.21,0.21,0.22,0.24,0.25,0.28,0.29,0.28,0.3,0.27,
新竹,2025/11/22 00:00:00,NMHC,0.06,0.07,0.07,0.07,0.06,0.06,0.06,0.05,0.05,0.05,0.06,0.05,0.05,0.06,0.05,0.06,0.07,0.07,0.06,0.1,0.11,0.11,0.12,0.13,
新竹,2025/11/22 00:00:00,NO,0.7,0.4,0.4,0.5,0.4,0.6,0.7,0.9,1.1,1.4,1.5,1.2,1.4,1.2,1.4,1.2,0.8,0.5,0.7,0.4,0.5,0.5,0.6,0.3,
新竹,2025/11/22 00:00:00,NO2,7.1,7.2,7.8,6.3,5.7,5.7,6.5,8,6.5,6.1,6.9,5.8,5.7,6.2,6.6,6.3,7.7,8.8,9.1,10.1,13.2,12.5,13.1,13.3,
新竹,2025/11/22 00:00:00,NOx,7.9,7.7,8.2,6.8,6.1,6.3,7.2,8.9,7.6,7.6,8.4,7,7.2,7.4,8.1,7.5,8.6,9.4,9.8,10.6,13.8,13.1,13.8,13.7,
新竹,2025/11/22 00:00:00,O3,39.5,39,39.4,39.5,40.2,41.7,40.4,39.1,42,43,44.1,45.1,45.1,44.6,43,42.1,39.7,37.8,37.6,35.2,32.3,31.8,29.2,27.2,
新竹,2025/11/22 00:00:00,PM10,27,22,27,27,28,22,22,25,28,32,27,23,27,23,24,21,21,28,20,27,21,22,23,22,
新竹,2025/11/22 00:00:00,PM2.5,15,9,9,12,9,12,13,8,11,8,9,8,9,8,11,7,10,11,8,11,13,9,12,10,
新竹,2025/11/22 00:00:00,RAINFALL,0,0,0,0,0,0,0,0,0,0,0,0,0,0,0,0,0,0,0,0,0,0,0,0,
新竹,2025/11/22 00:00:00,RH,71,69,68,68,68,67,66,66,60,57,57,57,57,58,59,61,65,69,72,75,78,80,82,84,
新竹,2025/11/22 00:00:00,SO2,0.7,1.4,1.5,1.6,1.6,1.6,1.6,1.7,1.5,1.4,1.3,1.4,1.4,1.1,1.4,1.4,1.3,1.2,1.1,1.4,1.4,1.6,1.6,1.4,
新竹,2025/11/22 00:00:00,THC,2.18,2.19,2.19,2.19,2.17,2.16,2.16,2.15,2.12,2.13,2.14,2.12,2.13,2.14,2.13,2.14,2.16,2.17,2.16,2.24,2.27,2.27,2.3,2.33,
新竹,2025/11/22 00:00:00,WD_HR,39,43,36,40,48,48,49,56,52,52,54,52,46,51,57,47,48,52,52,46,45,41,39,42,
新竹,2025/11/22 00:00:00,WIND_DIREC,36,40,32,43,55,35,52,58,52,59,54,50,45,60,52,50,50,54,53,40,42,28,34,42,
新竹,2025/11/22 00:00:00,WIND_SPEED,3.2,2.6,3.6,3.2,2.7,3,3,4.4,4.2,3.7,4.5,3.6,3.8,3.1,3.5,3.1,3.5,3.2,2.6,2,2,1.9,1.8,1.5,
新竹,2025/11/22 00:00:00,WS_HR,2.7,2.3,2.5,2.5,2.4,2.5,2.6,2.9,3.2,3.3,3.8,3.4,3.2,3,2.8,3.1,2.7,2.8,2.8,2,1.8,1.7,1.3,1.4,
新竹,2025/11/23 00:00:00,AMB_TEMP,20.7,20.2,19.7,19.8,19.6,19.6,19.9,20.5,21.4,23.7,25.3,26.5,26.6,26.1,24.7,24.5,23.8,23,22.7,22.5,22.4,22,21.9,21.7,
新竹,2025/11/23 00:00:00,CH4,2.22,2.18,2.28,2.31,2.71,2.58,2.38,2.26,2.18,2.14,2.11,2.1,2.09,2.09,2.08,2.09,2.1,2.12,2.14,2.16,2.18,2.21,2.27,2.29,
新竹,2025/11/23 00:00:00,CO,0.28,0.24,0.28,0.24,0.29,0.3,0.29,0.29,0.3,0.28,0.25,0.24,0.22,0.21,0.2,0.21,0.24,0.27,0.33,0.32,0.34,0.35,0.37,0.37,
新竹,2025/11/23 00:00:00,NMHC,0.13,0.09,0.09,0.1,0.17,0.17,0.11,0.11,0.1,0.08,0.08,0.09,0.05,0.04,0.04,0.06,0.07,0.09,0.14,0.15,0.15,0.15,0.17,0.15,
新竹,2025/11/23 00:00:00,NO,0.6,0.6,0.5,0.4,0.9,2.5,1.5,1.7,3.2,3.2,1.4,1.1,0.9,0.8,0.5,0.7,0.3,0.2,0.4,0.5,0.6,0.6,0.4,0.6,
新竹,2025/11/23 00:00:00,NO2,13.8,11,11.2,9.7,12.4,16.2,14.5,12.9,13.9,11.2,7.5,6.4,5,4.4,3.8,4,5.7,7.6,10.7,13.3,16.5,17,19.6,21.8,
新竹,2025/11/23 00:00:00,NOx,14.4,11.6,11.7,10.2,13.4,18.7,16.1,14.6,17.1,14.5,9,7.5,5.9,5.2,4.4,4.7,6.1,7.9,11.2,13.9,17.2,17.7,20.1,22.5,
新竹,2025/11/23 00:00:00,O3,26.4,23,13.2,14.9,7.5,2.8,8.1,14.3,17.5,29.7,44.2,49.2,50.6,49.7,49.7,47.9,43.5,40.6,34.5,27.3,20.5,15.9,11.2,7.5,
新竹,2025/11/23 00:00:00,PM10,24,11,9,16,11,16,18,27,23,27,28,30,27,30,40,34,39,42,31,35,25,31,29,24,
新竹,2025/11/23 00:00:00,PM2.5,12,11,9,7,13,9,10,11,12,16,14,15,12,10,11,13,12,19,20,19,17,13,24,11,
新竹,2025/11/23 00:00:00,RAINFALL,0,0,0,0,0,0,0,0,0,0,0,0,0,0,0,0,0,0,0,0,0,0,0,0,
新竹,2025/11/23 00:00:00,RH,85,87,87,87,88,88,88,87,86,79,75,71,72,73,77,78,82,86,88,90,90,88,86,85,
新竹,2025/11/23 00:00:00,SO2,1.4,1.5,1.7,1.6,1.7,1.5,1.7,1.8,2,1.6,1.6,1.6,1.6,1.6,1.6,1.5,1.6,1.5,1.4,1.3,1.4,1.6,1.5,2,
新竹,2025/11/23 00:00:00,THC,2.35,2.27,2.37,2.41,2.88,2.75,2.49,2.37,2.28,2.22,2.19,2.19,2.14,2.13,2.12,2.15,2.17,2.21,2.28,2.31,2.33,2.36,2.44,2.44,
新竹,2025/11/23 00:00:00,WD_HR,51,77,95,96,149,101,61,62,86,57,42,48,45,49,43,41,41,40,55,48,40,49,54,81,
新竹,2025/11/23 00:00:00,WIND_DIREC,62,98,92,53,124,51,77,51,96,59,50,44,51,46,42,45,47,40,65,37,52,49,61,100,
新竹,2025/11/23 00:00:00,WIND_SPEED,0.9,0.7,0.7,0.4,0.3,0.3,0.3,1.3,0.8,1.9,1.8,1.7,2.3,3,2.8,2.6,2.1,1.6,1.5,2.3,2,1.5,1.3,0.5,
新竹,2025/11/23 00:00:00,WS_HR,1.1,1,0.6,0.3,0.2,0.3,0.3,0.5,0.8,1,1.6,1.4,1.4,1.4,2.7,2.3,1.9,1.8,1.6,1.6,1.9,1.4,1.3,0.5,
新竹,2025/11/24 00:00:00,AMB_TEMP,21.3,20.2,19.7,19.6,19.2,18.8,18.8,19.3,21.2,23.4,24.8,26,25.7,25.8,25.6,24.9,23.9,23.3,23.1,23,22.7,22.7,22.5,22.5,
新竹,2025/11/24 00:00:00,CH4,2.48,2.16,2.21,2.29,2.36,2.32,2.38,2.25,2.35,2.27,2.15,2.17,2.14,2.07,2.07,2.07,2.07,2.09,2.1,2.11,2.11,2.1,2.09,2.08,
新竹,2025/11/24 00:00:00,CO,0.42,0.19,0.18,0.21,0.19,0.17,0.26,0.43,0.7,0.57,0.37,0.37,0.25,0.21,0.2,0.19,0.2,0.25,0.27,0.24,0.22,0.21,0.18,0.17,
新竹,2025/11/24 00:00:00,NMHC,0.18,0.07,0.05,0.08,0.11,0.09,0.12,0.15,0.23,0.19,0.11,0.11,0.05,0.03,0.06,0.07,0.12,0.12,0.14,0.11,0.11,0.07,0.07,0.04,
新竹,2025/11/24 00:00:00,NO,1,0.3,0.3,1,1,0.6,5.1,15.8,30.7,16.2,5.8,4.2,1.6,0.8,1,0.6,0.5,0.4,0.5,0.3,0.3,0.4,0.5,0.4,
新竹,2025/11/24 00:00:00,NO2,20.9,7.8,6.2,16.1,13.8,11.5,15.4,17.9,25.2,23.7,16.9,17.6,8.4,5.1,6.2,6,5.9,8.7,11.3,9.1,9,8.9,7.3,5.7,
新竹,2025/11/24 00:00:00,NOx,21.9,8.1,6.6,17.2,14.9,12.2,20.5,33.8,56,39.9,22.7,21.8,10.1,5.9,7.3,6.6,6.5,9.1,11.8,9.5,9.3,9.4,7.9,6.2,
新竹,2025/11/24 00:00:00,O3,6.2,12.4,12.2,4,2.5,3.8,0.6,2.8,4.5,16.2,29.4,39.5,53.6,51.1,51.1,44.7,39.5,35.9,32.7,33.5,34.9,35.6,39.5,41.3,
新竹,2025/11/24 00:00:00,PM10,21,17,17,16,12,14,13,14,28,36,31,35,39,27,34,32,33,35,36,35,37,36,31,29,
新竹,2025/11/24 00:00:00,PM2.5,14,9,8,10,6,4,9,7,15,15,13,17,20,11,14,15,11,14,15,14,13,11,12,12,
新竹,2025/11/24 00:00:00,RAINFALL,0,0,0,0,0,0,0,0,0,0,0,0,0,0,0,0,0,0,0,0,0,0,0,0,
新竹,2025/11/24 00:00:00,RH,87,85,89,89,86,82,83,76,72,68,64,63,71,72,75,79,84,88,89,90,90,90,89,88,
新竹,2025/11/24 00:00:00,SO2,1.7,0.9,1,0.9,0.8,1.1,1,1.7,1.7,1.6,1.6,1.4,1.8,1.5,1.3,1,0.9,1,1,1,1,1.1,0.9,0.8,
新竹,2025/11/24 00:00:00,THC,2.66,2.23,2.26,2.37,2.47,2.41,2.5,2.4,2.58,2.46,2.26,2.28,2.19,2.1,2.13,2.14,2.19,2.21,2.24,2.22,2.22,2.17,2.16,2.12,
新竹,2025/11/24 00:00:00,WD_HR,164,179,163,136,99,89,85,94,75,68,110,296,323,23,51,41,40,39,42,38,37,39,35,39,
新竹,2025/11/24 00:00:00,WIND_DIREC,174,181,125,127,61,102,87,84,104,96,173,296,13,32,42,44,48,42,40,35,38,40,41,37,
新竹,2025/11/24 00:00:00,WIND_SPEED,1.4,1.4,0.5,0.3,0.6,0.9,0.5,0.8,0.5,1.1,1,2.8,1.7,1.9,3.4,3.1,1.8,1.6,2.6,2,2.4,1.9,2.2,2.6,
新竹,2025/11/24 00:00:00,WS_HR,0.8,1.2,0.6,0.3,0.5,0.8,0.2,0.8,0.4,0.5,0.3,0.6,0.6,0.9,2,2.6,2.2,1.9,1.9,1.8,2,1.7,2.2,2.3,
新竹,2025/11/25 00:00:00,AMB_TEMP,22.3,21.9,21.4,21.5,21.5,21.5,21.4,21.4,21.7,22.2,22.5,22.7,22.8,22.9,21.9,21.3,20.6,20,19.6,19.5,19.4,19.2,19,18.7,
新竹,2025/11/25 00:00:00,CH4,2.09,2.08,2.1,2.11,2.12,2.14,2.15,2.13,2.12,2.11,2.12,2.12,2.13,2.14,2.18,2.19,2.15,2.15,2.15,2.15,2.14,2.13,2.13,2.13,
新竹,2025/11/25 00:00:00,CO,0.17,0.18,0.19,0.2,0.23,0.29,0.28,0.3,0.29,0.26,0.26,0.27,0.28,0.27,0.29,0.3,0.26,0.28,0.31,0.3,0.28,0.26,0.23,0.23,
新竹,2025/11/25 00:00:00,NMHC,0.03,0.03,0.06,0.04,0.06,0.1,0.12,0.11,0.1,0.09,0.08,0.09,0.1,0.09,0.08,0.09,0.08,0.08,0.11,0.09,0.08,0.07,0.07,0.07,
新竹,2025/11/25 00:00:00,NO,0.4,0.5,0.4,0.4,0.6,0.6,0.7,1.1,1.4,1.9,1.6,1.7,1.6,1.6,1.4,1.2,1.1,0.7,0.5,0.6,0.6,0.6,0.6,0.6,
新竹,2025/11/25 00:00:00,NO2,4.9,4.5,3.8,4.5,5.8,6.6,8.8,11.6,11.5,10.4,9.6,8.9,9.5,9.2,8.9,10.2,10.1,10,10.9,10.4,9.8,8.5,7.5,7.4,
新竹,2025/11/25 00:00:00,NOx,5.3,5,4.3,5,6.4,7.3,9.5,12.7,13,12.4,11.3,10.6,11.1,10.9,10.3,11.4,11.2,10.7,11.5,11.1,10.4,9.2,8.2,8,
新竹,2025/11/25 00:00:00,O3,46.2,52,52.4,53.7,54.9,59.1,49,41.9,41.7,45.3,49.2,52,51.9,56.5,58.2,55.8,52.1,49.5,46.8,46.7,45.4,44.3,45.3,43.1,
新竹,2025/11/25 00:00:00,PM10,33,29,27,31,33,46,44,40,47,55,65,66,58,71,103,106,130,124,120,120,121,111,115,107,
新竹,2025/11/25 00:00:00,PM2.5,15,16,14,15,19,26,24,20,20,21,21,22,23,20,32,36,32,31,30,32,29,31,27,28,
新竹,2025/11/25 00:00:00,RAINFALL,0,0,0,0,0,0,0,0,0,0,0,0,0,0,0,0,0,0,0,0,0,0,0,0,
新竹,2025/11/25 00:00:00,RH,87,83,79,72,73,62,54,53,48,45,46,47,47,46,51,51,50,50,51,53,55,57,57,57,
新竹,2025/11/25 00:00:00,SO2,0.9,1.9,2.1,1.9,1.9,2.3,2.4,2.4,2.7,2.7,2.7,2.7,2.7,2.7,2.7,2.6,2.4,2.3,2.6,2.4,2.6,2.4,2.5,2.7,
新竹,2025/11/25 00:00:00,THC,2.12,2.11,2.16,2.15,2.18,2.24,2.27,2.24,2.22,2.2,2.2,2.21,2.23,2.23,2.26,2.28,2.23,2.23,2.26,2.24,2.22,2.2,2.2,2.2,
新竹,2025/11/25 00:00:00,WD_HR,37,38,41,55,37,37,47,41,44,48,50,43,44,45,36,46,57,51,49,53,53,50,48,51,
新竹,2025/11/25 00:00:00,WIND_DIREC,36,42,35,57,24,43,42,31,59,53,45,40,46,38,37,52,50,49,54,56,56,56,42,60,
新竹,2025/11/25 00:00:00,WIND_SPEED,3.3,3.5,2.7,3,3.7,3.1,2.7,3.9,4.6,4.7,4.3,4.9,3.9,4.5,5.3,5.3,4.9,4.8,3.9,4.3,4.2,5,4,4.6,
新竹,2025/11/25 00:00:00,WS_HR,2.7,2.8,2.3,1.9,2.8,2.8,2.3,2.8,3.2,3.8,3.8,3.9,3.6,3.5,4.5,4,4.1,3.9,3.4,3.2,3.8,3.5,3.7,3.5,
新竹,2025/11/26 00:00:00,AMB_TEMP,18.5,18.5,18.3,18.2,18.2,18.3,18.4,#,#,#,#,#,22.4,22.7,22.6,22.3,21.4,20.9,20.7,20.5,20.4,20.2,20.2,20.5,
新竹,2025/11/26 00:00:00,CH4,2.12,2.11,2.11,2.1,2.09,2.09,2.09,2.09,2.09,2.08,#,#,#,#,#,2.08,2.09,2.1,2.1,2.1,2.11,2.11,2.12,2.11,
新竹,2025/11/26 00:00:00,CO,0.21,0.2,0.19,0.17,0.16,0.15,0.17,0.21,0.22,0.19,0.18,0.19,0.18,0.18,0.18,0.19,0.2,0.23,0.26,0.24,0.23,0.23,0.2,0.18,
新竹,2025/11/26 00:00:00,NMHC,0.05,0.05,0.04,0.04,0.03,0.03,0.03,0.05,0.05,0.05,#,#,#,#,#,0.05,0.05,0.05,0.07,0.06,0.05,0.05,0.04,0.03,
新竹,2025/11/26 00:00:00,NO,0.7,0.4,0.5,0.5,0.6,0.6,0.8,1,1.3,1.7,1.5,1.5,1.6,1.5,1.7,1.3,0.8,0.7,0.7,0.5,0.4,0.7,0.5,0.4,
新竹,2025/11/26 00:00:00,NO2,6.5,5.1,4.5,4.1,3.5,3.8,5.1,7.1,7.6,6.5,5.7,6.1,5.5,5.5,6.3,6.5,7.5,9.3,9.6,9.7,9.1,9.1,7.7,6.7,
新竹,2025/11/26 00:00:00,NOx,7.2,5.6,5,4.6,4.2,4.4,5.9,8.2,9,8.2,7.3,7.7,7.1,7.1,8.1,7.9,8.3,10.1,10.4,10.3,9.6,9.8,8.2,7.1,
新竹,2025/11/26 00:00:00,O3,40.7,40,40.8,39.9,40.3,39,37.1,34.9,35.2,36.7,37.6,34.5,38,38.8,38.3,38.2,36,34.1,33.8,32.5,32.6,31.9,33,33.3,
新竹,2025/11/26 00:00:00,PM10,107,103,94,80,70,58,50,48,49,54,49,53,#,42,46,42,33,36,31,26,22,25,19,21,
新竹,2025/11/26 00:00:00,PM2.5,26,16,19,16,16,13,10,11,11,8,7,#,7,7,9,14,11,A,7,8,4,4,3,7,
新竹,2025/11/26 00:00:00,RAINFALL,0,0,0,0,0,0,0,0,0,0,0,0,0,0,0,0,0,0,0,0,0,0,0,0,
新竹,2025/11/26 00:00:00,RH,58,58,57,58,57,57,57,*,*,*,*,#,48,47,47,49,54,54,57,60,60,61,62,62,
新竹,2025/11/26 00:00:00,SO2,2.7,1.2,1.1,1.1,1.2,1.1,1,1.2,1,0.9,1.1,1,1,1,0.7,1,0.7,0.8,1,1.1,1,0.8,1.1,1.1,
新竹,2025/11/26 00:00:00,THC,2.17,2.16,2.15,2.14,2.12,2.12,2.12,2.14,2.14,2.13,#,#,#,#,#,2.13,2.14,2.15,2.17,2.16,2.16,2.16,2.16,2.14,
新竹,2025/11/26 00:00:00,WD_HR,52,46,52,52,54,56,54,57,55,54,54,51,53,47,49,54,54,50,54,54,52,57,52,63,
新竹,2025/11/26 00:00:00,WIND_DIREC,48,43,54,51,53,55,55,54,54,46,53,52,52,48,48,60,58,53,49,57,54,59,55,64,
新竹,2025/11/26 00:00:00,WIND_SPEED,4.1,4.4,3.9,3.4,3.9,4,4.1,4.7,5.3,5.7,5.1,4.6,4.8,3.8,4.1,4.2,3.6,3.3,2.8,2,1.7,1.6,1.6,1.5,
新竹,2025/11/26 00:00:00,WS_HR,3.7,3.6,3.4,3.5,3.3,3.5,3.4,3.9,3.6,4.1,4.4,3.8,4.1,3.2,3.7,3.6,3.3,2.9,2.6,2,1.7,1.5,1.4,1.4,
新竹,2025/11/27 00:00:00,AMB_TEMP,20.8,20.5,20.5,20.5,20.2,20,19.6,19.9,20.8,21.7,22.7,23,22.9,22.4,21.9,21.7,21.1,20.6,20.3,20.2,20.1,20,19.8,19.6,
新竹,2025/11/27 00:00:00,CH4,2.12,2.14,2.13,2.1,2.1,2.08,2.06,2.06,2.07,2.07,2.08,2.08,2.07,2.07,2.07,2.08,2.08,2.08,2.09,2.12,2.12,2.12,2.13,2.12,
新竹,2025/11/27 00:00:00,CO,0.17,0.19,0.18,0.15,0.15,0.17,0.18,0.21,0.21,0.19,0.2,0.21,0.19,0.17,0.18,0.19,0.21,0.23,0.26,0.3,0.28,0.27,0.26,0.24,
新竹,2025/11/27 00:00:00,NMHC,0.03,0.08,0.07,0.06,0.08,0.05,0.03,0.05,0.05,0.05,0.07,0.07,0.07,0.06,0.07,0.08,0.08,0.07,0.09,0.11,0.08,0.08,0.08,0.07,
新竹,2025/11/27 00:00:00,NO,0.4,0.6,0.7,0.7,0.8,0.6,0.7,1.1,1.9,1.8,2,2.1,2,1.7,1.5,1.4,1.1,0.8,1,0.6,0.8,0.8,0.7,0.8,
新竹,2025/11/27 00:00:00,NO2,6.5,8.5,8.3,5.9,5.6,5.9,6.1,7.7,8.6,6.8,7.4,9,8.2,7.2,8,9.6,10.7,10.3,10.1,11.4,10.2,9.1,8.4,7.4,
新竹,2025/11/27 00:00:00,NOx,7,9.1,9.1,6.6,6.5,6.6,6.8,8.8,10.6,8.6,9.4,11.1,10.2,8.9,9.5,11.1,11.8,11.1,11.1,12,11,9.9,9.1,8.2,
新竹,2025/11/27 00:00:00,O3,34.3,33.9,33.5,36.9,35.6,37.5,37.4,36,35.8,39.3,40.4,39.5,42.9,44.3,45.1,42.9,42.2,44.8,47.1,47.7,51.3,51.1,50.2,45.9,
新竹,2025/11/27 00:00:00,PM10,16,24,22,20,19,30,31,32,32,36,33,27,25,24,29,31,31,37,41,53,97,120,129,137,
新竹,2025/11/27 00:00:00,PM2.5,8,4,2,4,6,7,11,10,9,6,7,8,5,8,7,12,8,7,5,17,22,19,30,31,
新竹,2025/11/27 00:00:00,RAINFALL,0,0,0,0,0,0,0,0,0,0,0,0,0,0,0,0,0,0,0,0,0,0,0,0,
新竹,2025/11/27 00:00:00,RH,63,67,67,63,65,73,76,74,71,66,60,52,51,49,51,50,51,52,53,54,55,56,58,61,
新竹,2025/11/27 00:00:00,SO2,1.5,1.3,1.3,1.4,1.6,1.3,1.4,1.1,1.1,1,1.2,1.5,1.3,1.3,1.2,1.4,1.5,1.3,1.6,1.7,1.7,1.7,1.8,1.6,
新竹,2025/11/27 00:00:00,THC,2.15,2.22,2.2,2.16,2.18,2.13,2.09,2.11,2.12,2.12,2.15,2.15,2.14,2.13,2.14,2.16,2.16,2.15,2.18,2.23,2.2,2.2,2.21,2.19,
新竹,2025/11/27 00:00:00,WD_HR,51,48,45,44,50,38,36,40,40,39,42,48,38,36,38,40,51,52,52,49,49,48,48,43,
新竹,2025/11/27 00:00:00,WIND_DIREC,56,38,36,39,46,37,37,40,50,45,48,51,35,36,34,39,55,52,58,51,47,46,43,47,
新竹,2025/11/27 00:00:00,WIND_SPEED,2.2,2.6,2.4,2.6,2.6,4.3,4.5,3.6,4.2,4.8,4.4,3.5,4.9,5,4.9,4.3,4,4.4,4.5,2.9,4.5,4,4,4.1,
新竹,2025/11/27 00:00:00,WS_HR,2,1.7,2.2,2.2,1.9,3.2,4.2,3.6,3.6,3.8,3.8,3,4,4.4,4,3.2,3.3,3.5,3.3,2.9,3.6,3.2,3.3,3.6,
新竹,2025/11/28 00:00:00,AMB_TEMP,19.5,19.3,19.1,19.1,19,18.9,18.8,18.9,19.4,20.3,21,21.6,22,22.2,22,21.8,21.1,20.4,19.9,19.7,19.5,19.3,19.1,18.8,
新竹,2025/11/28 00:00:00,CH4,2.11,2.1,2.09,2.09,2.09,2.09,2.09,2.09,2.09,2.09,2.09,2.09,2.1,2.09,2.1,2.11,2.1,2.12,2.12,2.14,2.14,2.15,2.16,2.14,
新竹,2025/11/28 00:00:00,CO,0.22,0.18,0.16,0.16,0.16,0.17,0.19,0.23,0.25,0.23,0.21,0.22,0.23,0.22,0.22,0.24,0.26,0.32,0.36,0.37,0.35,0.37,0.36,0.29,
新竹,2025/11/28 00:00:00,NMHC,0.06,0.05,0.04,0.04,0.04,0.03,0.04,0.06,0.07,0.06,0.05,0.06,0.07,0.07,0.07,0.09,0.09,0.09,0.11,0.11,0.11,0.12,0.12,0.08,
新竹,2025/11/28 00:00:00,NO,0.7,0.8,0.9,1,1.1,1,1,1.2,2,2.4,2.3,2.2,2.1,2.1,1.8,1.8,1.5,1.1,1.1,1.1,1.2,1.2,1.2,0.9,
新竹,2025/11/28 00:00:00,NO2,6.1,4.9,4.4,4.7,4.6,4.6,5.9,8.2,9.4,8.8,8.4,7.9,7.5,7.9,9,10.5,13.2,15.3,16,18.2,16.8,17.6,18.6,15,
新竹,2025/11/28 00:00:00,NOx,6.9,5.7,5.3,5.7,5.7,5.6,6.9,9.4,11.5,11.3,10.7,10.1,9.7,10.1,10.9,12.3,14.8,16.4,17.2,19.4,18.1,18.8,19.8,16,
新竹,2025/11/28 00:00:00,O3,44.7,44.6,43.3,42,41.2,40.5,39,36.6,36,38.2,40.5,42,44.6,44.5,42.4,39.8,34.7,30.9,27.8,24.1,24.2,22.2,20.7,23.8,
新竹,2025/11/28 00:00:00,PM10,146,152,135,129,141,147,151,150,152,152,149,147,147,145,147,147,133,131,126,121,117,105,105,105,
新竹,2025/11/28 00:00:00,PM2.5,27,27,27,21,25,27,27,26,25,24,24,26,26,23,26,26,22,20,26,24,25,24,26,25,
新竹,2025/11/28 00:00:00,RAINFALL,0,0,0,0,0,0,0,0,0,0,0,0,0,0,0,0,0,0,0,0,0,0,0,0,
新竹,2025/11/28 00:00:00,RH,59,58,55,55,55,55,55,55,54,51,49,48,47,47,49,51,54,57,60,62,63,65,67,69,
新竹,2025/11/28 00:00:00,SO2,1,1.9,2.1,2.6,2.6,2.4,2.2,2.2,#,1.6,1.5,1.5,1.4,1.5,1.4,1.3,1.3,1.7,1.6,1.6,1.5,1.7,1.7,1.7,
新竹,2025/11/28 00:00:00,THC,2.17,2.15,2.13,2.13,2.13,2.12,2.13,2.15,2.16,2.15,2.14,2.15,2.17,2.16,2.17,2.2,2.19,2.21,2.23,2.25,2.25,2.27,2.28,2.22,
新竹,2025/11/28 00:00:00,WD_HR,49,51,49,50,54,53,52,54,54,51,53,47,41,47,42,40,49,53,50,44,58,63,72,85,
新竹,2025/11/28 00:00:00,WIND_DIREC,49,50,48,53,52,52,46,47,54,46,55,45,40,52,39,44,51,58,52,46,42,68,109,103,
新竹,2025/11/28 00:00:00,WIND_SPEED,4.1,4.8,4.7,4.4,4.4,4.4,4.3,4.2,3.9,4.2,5.4,3.5,4,3.8,2.8,2.8,2.5,2,1.8,1.3,1.3,0.7,0.3,0.7,
新竹,2025/11/28 00:00:00,WS_HR,3.8,4.1,3.7,3.3,3.7,3.9,3.6,3.6,3.5,3.9,3.9,3.2,3.7,2.8,2.6,2.3,2.1,1.8,1.8,1.3,1,0.8,0.5,0.6,
新竹,2025/11/29 00:00:00,AMB_TEMP,18.5,18.3,18,17.8,17.4,17,16.9,17.4,19.1,21.5,23.9,25.4,25.8,25.4,24.9,24.9,24.1,23.1,22.8,22.3,21.6,21,20.5,20.1,
新竹,2025/11/29 00:00:00,CH4,2.15,2.16,2.14,2.14,2.17,2.2,2.14,2.13,2.13,2.11,2.11,2.09,2.07,2.06,2.07,2.07,2.08,2.1,2.18,2.48,2.36,2.4,2.29,2.28,
新竹,2025/11/29 00:00:00,CO,0.26,0.23,0.21,0.2,0.2,0.21,0.2,0.23,0.28,0.28,0.28,0.26,0.22,0.21,0.21,0.2,0.24,0.28,0.43,0.79,0.58,0.74,0.53,0.5,
新竹,2025/11/29 00:00:00,NMHC,0.08,0.07,0.06,0.05,0.06,0.07,0.07,0.06,0.08,0.07,0.09,0.09,0.05,0.03,0.04,0.04,0.06,0.08,0.19,0.38,0.25,0.29,0.19,0.2,
新竹,2025/11/29 00:00:00,NO,0.8,0.7,0.6,0.6,0.7,0.7,0.7,2.1,5.5,6.1,4.7,2.6,1.5,1.3,1.1,1,0.9,0.8,0.7,4,3.7,8.7,3.5,3.7,
新竹,2025/11/29 00:00:00,NO2,12.2,11.7,10,11.3,11.8,9.9,9.9,9.1,12.4,12.9,12.7,10.9,8.1,6.3,5.9,6.3,7.8,10.3,18.3,32.4,28,32.6,25.4,24.7,
新竹,2025/11/29 00:00:00,NOx,13.1,12.4,10.7,12,12.5,10.6,10.6,11.3,17.9,19,17.4,13.5,9.7,7.7,7,7.4,8.7,11.1,19.1,36.4,31.8,41.3,28.9,28.4,
新竹,2025/11/29 00:00:00,O3,23.8,23.4,23,19.5,16.4,11.5,12.9,14.2,13,18.9,29.6,45.4,49.5,45.9,46.9,46,39.8,33.5,21.4,5.3,6.9,0.2,1.9,1.1,
新竹,2025/11/29 00:00:00,PM10,98,92,80,78,69,55,50,39,45,53,57,53,47,45,47,54,52,52,63,58,63,54,44,39,
新竹,2025/11/29 00:00:00,PM2.5,21,21,19,21,19,17,10,15,15,15,15,12,14,11,10,17,15,17,25,22,20,23,21,21,
新竹,2025/11/29 00:00:00,RAINFALL,0,0,0,0,0,0,0,0,0,0,0,0,0,0,0,0,0,0,0,0,0,0,0,0,
新竹,2025/11/29 00:00:00,RH,71,73,74,75,77,80,81,78,72,66,59,54,59,67,69,67,71,76,79,81,85,87,87,87,
新竹,2025/11/29 00:00:00,SO2,2.1,1.6,1.5,1.3,1.7,1.5,1.4,1.3,1.4,1.4,1.4,1.8,1.8,1.7,1.6,1.7,1.9,1.5,1.7,1.7,1.5,1.6,1.5,1.3,
新竹,2025/11/29 00:00:00,THC,2.23,2.23,2.2,2.19,2.23,2.27,2.21,2.19,2.21,2.18,2.2,2.18,2.12,2.09,2.11,2.11,2.14,2.18,2.37,2.86,2.61,2.69,2.48,2.48,
新竹,2025/11/29 00:00:00,WD_HR,63,69,85,84,65,82,92,93,58,70,69,72,298,316,354,25,21,350,76,171,154,86,49,72,
新竹,2025/11/29 00:00:00,WIND_DIREC,81,66,103,59,45,90,92,73,65,56,35,44,302,301,26,37,308,49,74,157,148,91,36,98,
新竹,2025/11/29 00:00:00,WIND_SPEED,0.4,0.3,0.4,0.3,0.3,1,1.4,0.3,0.5,1.5,1.6,1.2,2.2,1.8,1.3,1.4,0.9,0.7,0.3,0.3,0.3,0.4,0.6,0.3,
新竹,2025/11/29 00:00:00,WS_HR,0.4,0.4,0.3,0.3,0.3,0.6,1,1,0.6,0.7,0.9,0.9,2.1,0.9,0.6,0.4,0.4,0.4,0.3,0.3,0.4,0.4,0.5,0.4,
新竹,2025/11/30 00:00:00,AMB_TEMP,19.9,19.2,18.8,18.4,18.3,17.9,17.7,18,19.4,22.2,24.3,25.2,24.5,23.4,22.9,21.4,20.9,20.7,21.2,21.3,21,21,20.9,20.8,
新竹,2025/11/30 00:00:00,CH4,2.29,2.33,2.26,2.44,2.42,2.49,2.19,2.17,2.2,2.15,2.13,2.15,2.1,2.12,2.07,2.07,2.11,2.13,2.21,2.27,2.31,2.29,2.31,2.4,
新竹,2025/11/30 00:00:00,CO,0.39,0.3,0.26,0.3,0.26,0.27,0.22,0.25,0.34,0.32,0.31,0.28,0.24,0.23,0.21,0.2,0.26,0.32,0.43,0.51,0.39,0.35,0.46,0.5,
新竹,2025/11/30 00:00:00,NMHC,0.16,0.14,0.09,0.14,0.12,0.14,0.08,0.08,0.12,0.1,0.11,0.08,0.05,0.04,0.05,0.05,0.07,0.1,0.16,0.19,0.16,0.17,0.27,0.3,
新竹,2025/11/30 00:00:00,NO,1.7,0.7,0.3,1.2,0.6,1.2,0.9,2.4,5.6,6.2,2.8,1.9,1.3,1.2,1,0.4,0.5,0.4,0.3,0.5,1.2,0.4,0.5,0.9,
新竹,2025/11/30 00:00:00,NO2,20.6,12.9,8.9,12.7,10.5,12.6,9.9,10.1,12.4,13.2,10,9.4,7.3,8.7,8.6,5.9,9.3,13.3,17.6,21.6,20.1,15.1,21.6,25.7,
新竹,2025/11/30 00:00:00,NOx,22.3,13.7,9.2,14,11.1,13.9,10.9,12.6,18,19.5,12.8,11.3,8.6,10,9.7,6.4,9.8,13.7,18,22.1,21.3,15.6,22.1,26.6,
新竹,2025/11/30 00:00:00,O3,4.2,7.3,9.7,4.2,5.7,1.5,9.1,10.3,10.6,18.8,34.8,43.5,41.5,38.2,44.8,50.4,41.4,34.7,21.5,13.6,18.4,22,12.8,5.9,
新竹,2025/11/30 00:00:00,PM10,31,27,21,25,17,21,17,19,21,22,23,43,43,42,37,31,27,28,29,33,30,33,35,34,
新竹,2025/11/30 00:00:00,PM2.5,16,9,13,14,11,9,10,7,6,8,16,20,18,13,12,14,12,14,18,18,18,20,21,23,
新竹,2025/11/30 00:00:00,RAINFALL,0,0,0,0,0,0,0,0,0,0,0,0,0,0,0,1,0.5,1,0,0,0,0,0,0,
新竹,2025/11/30 00:00:00,RH,87,88,85,87,86,86,81,76,70,61,60,66,74,80,84,87,88,90,92,92,93,92,92,93,
新竹,2025/11/30 00:00:00,SO2,1.7,1.2,1.2,1.2,1.3,1.4,1.4,1.6,1.9,1.6,1.4,1.9,1.9,1.8,1.6,1.2,1,1,1.1,1.1,1.2,1.3,1.3,1.4,
新竹,2025/11/30 00:00:00,THC,2.45,2.47,2.35,2.58,2.54,2.63,2.27,2.25,2.32,2.25,2.24,2.23,2.15,2.16,2.12,2.12,2.18,2.23,2.37,2.46,2.47,2.46,2.58,2.7,
新竹,2025/11/30 00:00:00,WD_HR,106,42,119,117,116,86,89,89,80,17,56,306,306,300,296,316,72,72,52,352,313,76,358,89,
新竹,2025/11/30 00:00:00,WIND_DIREC,119,57,151,99,142,43,88,90,72,50,59,294,291,308,293,48,64,83,59,329,81,70,341,101,
新竹,2025/11/30 00:00:00,WIND_SPEED,0.3,0.2,0.4,0.3,0.3,0.4,0.9,1.4,0.7,0.6,0.7,1.8,2,1.2,1.9,1.1,0.4,0.8,0.5,0.6,0.5,0.3,0.5,0.3,
新竹,2025/11/30 00:00:00,WS_HR,0.4,0.3,0.3,0.3,0.3,0.3,0.8,1.2,0.8,0.7,0.5,0.9,1,1.7,1.1,0.8,0.9,0.8,0.3,0.3,0.3,0.4,0.2,0.4,
新竹,2025/12/01 00:00:00,AMB_TEMP,20.8,20.7,20.4,20.7,20.7,20.6,20.7,20.4,19.6,20.7,23.6,24.3,25,25.3,25.5,25.8,24.7,23.4,22.9,22.9,22.8,22.4,22.4,22.2,
新竹,2025/12/01 00:00:00,CH4,2.55,2.51,2.34,2.37,2.37,2.34,2.28,2.18,2.09,2.15,2.14,2.15,2.09,2.06,2.06,2.07,2.07,2.08,2.11,2.18,2.17,2.17,2.18,2.14,
新竹,2025/12/01 00:00:00,CO,0.54,0.45,0.41,0.36,0.33,0.31,0.3,0.29,0.26,0.39,0.32,0.28,0.21,0.23,0.2,0.21,0.23,0.27,0.36,0.44,0.39,0.38,0.34,0.25,
新竹,2025/12/01 00:00:00,NMHC,0.28,0.22,0.14,0.14,0.13,0.13,0.1,0.09,0.08,0.16,0.14,0.08,0.05,0.05,0.07,0.09,0.12,0.12,0.18,0.23,0.27,0.23,0.19,0.18,
新竹,2025/12/01 00:00:00,NO,8.8,3.3,1.6,1.1,1,1,1.3,2.3,1,7.3,11.2,3,1.9,1.2,1.2,1.3,1.4,0.9,0.8,1,1,1,0.9,0.6,
新竹,2025/12/01 00:00:00,NO2,26.2,25.2,20.8,16.8,15,13.3,13.2,13.2,9.2,22.4,20.5,9.4,8.2,6,6.4,8.8,11.8,13.7,18.7,24,22.6,24.4,22.6,17.2,
新竹,2025/12/01 00:00:00,NOx,35,28.6,22.5,17.9,16,14.3,14.5,15.6,10.3,29.8,31.8,12.5,10.1,7.2,7.7,10.2,13.3,14.7,19.6,25,23.6,25.4,23.6,17.8,
新竹,2025/12/01 00:00:00,O3,0,1.5,1.5,1.7,1.9,3.9,9.5,18.2,30.3,19,21.2,38.9,44.8,50.8,48.6,42.2,36.3,32,21.6,13.6,14.9,11,12.7,16.3,
新竹,2025/12/01 00:00:00,PM10,39,33,25,27,30,28,27,21,19,19,22,18,13,20,26,20,27,23,29,21,19,12,9,12,
新竹,2025/12/01 00:00:00,PM2.5,22,18,18,19,17,16,14,11,8,8,9,14,8,6,6,6,5,7,8,8,8,5,3,2,
新竹,2025/12/01 00:00:00,RAINFALL,0,0,0,0,0,0.5,0,0,1,0,0,0,0,0,0,0,0,0,0,0,0,0,0,0,
新竹,2025/12/01 00:00:00,RH,95,94,96,95,95,96,92,85,90,91,80,75,67,62,61,57,68,81,82,80,81,85,86,86,
新竹,2025/12/01 00:00:00,SO2,1,1,0.6,0.7,0.8,0.6,0.8,0.5,0.5,0.7,1.1,1.2,1,0.7,0.8,0.8,1,0.6,0.7,0.6,0.8,0.8,0.5,0.7,
新竹,2025/12/01 00:00:00,THC,2.83,2.73,2.48,2.51,2.5,2.47,2.38,2.27,2.17,2.31,2.28,2.23,2.14,2.11,2.13,2.16,2.19,2.2,2.29,2.41,2.44,2.4,2.37,2.32,
新竹,2025/12/01 00:00:00,WD_HR,122,93,61,87,81,94,0,36,43,73,58,302,359,46,56,38,38,53,52,41,43,40,36,45,
新竹,2025/12/01 00:00:00,WIND_DIREC,170,51,32,88,62,106,333,300,60,58,33,306,58,57,72,33,35,59,48,43,33,31,39,45,
新竹,2025/12/01 00:00:00,WIND_SPEED,0.3,0.5,0.3,1.4,0.3,0.8,0.5,1,0.4,1.4,0.7,1,1.5,1.2,2.3,2.8,2.4,2.3,1.3,1.8,1.5,2,1.7,0.9,
新竹,2025/12/01 00:00:00,WS_HR,0.3,0.4,0.3,0.5,0.4,0.5,0.3,0.7,0.8,0.8,1,0.9,0.5,0.8,1.7,1.9,2.2,1.9,1.8,1.2,1.2,1.3,1.3,1,
新竹,2025/12/02 00:00:00,AMB_TEMP,22.1,22.2,22.2,21.5,21.4,21.6,21.7,21.9,22.6,23.8,24.8,25.1,25,25,24.3,23.7,23.2,22.7,22.4,22.3,22.3,22.2,21.9,22.1,
新竹,2025/12/02 00:00:00,CH4,2.17,2.22,2.14,2.06,2.05,2.05,2.07,2.07,2.09,2.09,2.07,2.05,2.04,2.04,2.04,2.03,2.05,2.08,2.1,2.09,2.07,2.08,2.11,2.1,
新竹,2025/12/02 00:00:00,CO,0.24,0.24,0.18,0.14,0.12,0.12,0.17,0.24,0.29,0.28,0.24,0.18,0.16,0.15,0.15,0.15,0.18,0.24,0.3,0.29,0.22,0.24,0.27,0.23,
新竹,2025/12/02 00:00:00,NMHC,0.19,0.15,0.09,0.05,0.04,0.02,0.06,0.09,0.13,0.12,0.12,0.07,0.05,0.05,0.06,0.06,0.08,0.12,0.15,0.11,0.06,0.09,0.11,0.09,
新竹,2025/12/02 00:00:00,NO,0.7,0.7,0.6,0.3,0.4,0.3,0.5,1,2.3,3.3,3.2,1.9,1.1,1.1,1.1,1,1.1,0.8,0.6,0.6,0.5,0.6,0.5,0.3,
新竹,2025/12/02 00:00:00,NO2,17.2,19.4,14.4,4.6,4.5,6.9,8.7,11.6,13.4,13.7,13,8.3,5.6,5.4,5.4,5.9,9.9,11.3,15.4,16,10.1,9.9,12.7,11.2,
新竹,2025/12/02 00:00:00,NOx,17.9,20.2,15,5,4.9,7.2,9.3,12.6,15.7,17.1,16.2,10.2,6.7,6.5,6.6,7,11,12.2,16,16.7,10.6,10.5,13.3,11.5,
新竹,2025/12/02 00:00:00,O3,12.9,11.1,18.1,34.9,35.9,31.8,29.8,27.6,25.4,27.5,32.8,42.2,45.3,44.8,44.1,44.1,41.6,36.9,30,30.1,38.8,37.4,34.3,38.8,
新竹,2025/12/02 00:00:00,PM10,12,15,17,19,29,25,18,22,19,16,28,27,25,22,21,24,24,28,23,19,26,25,26,26,
新竹,2025/12/02 00:00:00,PM2.5,7,5,4,3,3,6,6,5,4,8,8,6,6,10,8,8,11,8,10,9,8,6,10,9,
新竹,2025/12/02 00:00:00,RAINFALL,0,0,0,0,0,0,0,0,0,0,0,0,0,0,0,0,0,0,0,0,0,0,0,0,
新竹,2025/12/02 00:00:00,RH,87,87,88,91,89,84,84,83,81,77,73,71,70,69,70,69,69,70,69,70,70,73,73,71,
新竹,2025/12/02 00:00:00,SO2,1.6,2.1,1.6,1.5,1.4,1.7,1.7,1.7,1.8,1.7,1.8,1.9,1.7,1.8,1.6,1.6,1.8,1.4,1.6,1.9,1.8,1.8,1.9,2,
新竹,2025/12/02 00:00:00,THC,2.36,2.37,2.23,2.11,2.09,2.07,2.13,2.16,2.22,2.21,2.19,2.12,2.09,2.09,2.1,2.09,2.13,2.2,2.25,2.2,2.13,2.17,2.22,2.19,
新竹,2025/12/02 00:00:00,WD_HR,47,54,45,40,54,50,38,49,35,39,40,41,41,43,41,40,44,49,55,46,45,43,36,36,
新竹,2025/12/02 00:00:00,WIND_DIREC,57,54,41,49,49,47,46,41,34,35,48,37,44,49,40,43,43,52,53,45,46,39,43,32,
新竹,2025/12/02 00:00:00,WIND_SPEED,0.8,1.1,2.7,2.2,2.5,1.9,1.5,2.3,2.5,2.5,1.6,3.3,3.6,3.3,4.6,4.5,3.2,2.6,2.8,3,2,2.9,2.9,3.5,
新竹,2025/12/02 00:00:00,WS_HR,1,0.8,1.3,1.8,1.8,2.2,1.6,1.7,2.3,2.2,1.9,2.2,3.2,3,3.3,3,2.6,2.1,2.5,2.2,2.1,2,2.5,2.9,
新竹,2025/12/03 00:00:00,AMB_TEMP,21.9,21.2,20.9,20.8,20.6,20.1,19.5,19.3,19.3,18.8,19.1,19.3,19.4,19.4,19.3,19.2,18.9,18.4,18.2,18.1,17.9,17.8,17.6,17.5,
新竹,2025/12/03 00:00:00,CH4,2.08,2.09,2.1,2.09,2.08,2.08,2.09,2.1,2.11,2.13,2.14,2.14,2.14,2.14,2.13,2.12,2.12,2.12,2.12,2.12,2.12,2.14,2.14,2.1,
新竹,2025/12/03 00:00:00,CO,0.21,0.27,0.24,0.22,0.2,0.2,0.2,0.25,0.28,0.3,0.32,0.32,0.32,0.32,0.31,0.28,0.27,0.29,0.29,0.27,0.27,0.29,0.29,0.22,
新竹,2025/12/03 00:00:00,NMHC,0.05,0.05,0.04,0.04,0.05,0.04,0.04,0.06,0.08,0.12,0.12,0.1,0.09,0.1,0.08,0.1,0.08,0.09,0.09,0.07,0.06,0.07,0.07,0.06,
新竹,2025/12/03 00:00:00,NO,0.3,0.6,0.3,0.3,0.4,0.2,0.3,0.4,0.5,1,1.2,1,0.9,0.7,0.9,0.8,0.7,0.4,0.5,0.6,0.4,0.5,0.5,0.3,
新竹,2025/12/03 00:00:00,NO2,7.4,7.7,5.6,4.9,4.3,4.3,5.3,9,10.5,13,14.2,11.7,10.7,9.4,9.8,9.1,10.4,10,8.5,7.8,7,8.1,9.5,5.7,
新竹,2025/12/03 00:00:00,NOx,7.7,8.3,6,5.3,4.7,4.6,5.7,9.5,11.1,14.1,15.4,12.8,11.6,10.1,10.7,10,11.2,10.4,9.1,8.4,7.5,8.6,10.1,6.1,
新竹,2025/12/03 00:00:00,O3,47.4,55.5,56.1,54.1,51.4,48.2,44.8,40.5,42.2,40.9,40.8,46.5,49.1,51.4,51.9,51.7,49.1,46.2,44.6,42.7,42.7,38.6,34.9,39.3,
新竹,2025/12/03 00:00:00,PM10,45,60,59,47,47,43,42,42,50,52,63,61,66,61,65,61,51,58,42,44,44,37,33,35,
新竹,2025/12/03 00:00:00,PM2.5,15,23,21,20,16,16,12,17,22,23,29,23,23,27,25,22,19,14,18,17,14,18,14,14,
新竹,2025/12/03 00:00:00,RAINFALL,0,0,0,0,0,0,0,0,0,0,0,0,0,0,0,0,0,0,0,0,0,0,0,0,
新竹,2025/12/03 00:00:00,RH,74,75,73,72,71,72,75,75,72,74,70,66,61,60,59,58,58,62,64,63,61,63,66,61,
新竹,2025/12/03 00:00:00,SO2,1.6,1.2,1.4,1.5,1.3,1.2,1.1,1.4,1.4,1.4,1.6,1.3,1.5,1.6,1.5,1.6,1.5,1.6,1.6,1.4,1.7,1.6,1.6,1.6,
新竹,2025/12/03 00:00:00,THC,2.13,2.14,2.14,2.13,2.13,2.12,2.13,2.16,2.19,2.25,2.26,2.24,2.23,2.24,2.21,2.22,2.2,2.21,2.21,2.19,2.18,2.21,2.21,2.16,
新竹,2025/12/03 00:00:00,WD_HR,38,35,37,41,38,38,44,50,47,57,56,47,50,49,47,48,55,47,41,48,56,54,56,44,
新竹,2025/12/03 00:00:00,WIND_DIREC,39,30,36,43,38,37,50,48,58,58,54,39,44,53,38,62,60,41,42,47,49,55,44,49,
新竹,2025/12/03 00:00:00,WIND_SPEED,3.8,3.9,4.2,4.3,2.8,4.3,3.3,3.5,3.8,2.8,3,3.7,4.1,4,4.5,4,5.3,3.9,4.4,4.9,3.9,3.8,3.8,3.8,
新竹,2025/12/03 00:00:00,WS_HR,3.2,3.6,3.2,3.3,3.4,3.7,3.3,3,3.2,2.7,2.6,3.1,3.1,3.2,3.7,3.4,3.5,3.6,3.7,3.8,3.7,3.2,3.3,3.2,
新竹,2025/12/04 00:00:00,AMB_TEMP,17.1,16.8,16.9,17.2,17.3,17.3,17.3,17.6,18.4,19.6,20.6,21.2,21.3,21.3,21.2,20.7,20.2,19.8,19.6,19.5,19.5,19.5,19.4,19.4,
新竹,2025/12/04 00:00:00,CH4,2.11,2.11,2.12,2.13,2.12,2.11,2.11,2.1,2.1,2.08,2.07,2.08,2.08,2.08,2.08,2.08,2.08,2.09,2.09,2.09,2.09,2.09,2.09,2.09,
新竹,2025/12/04 00:00:00,CO,0.22,0.23,0.2,0.18,0.18,0.18,0.19,0.24,0.25,0.19,0.18,0.19,0.19,0.17,0.18,0.18,0.21,0.22,0.24,0.22,0.21,0.2,0.17,0.16,
新竹,2025/12/04 00:00:00,NMHC,0.05,0.05,0.05,0.04,0.03,0.02,0.03,0.06,0.06,0.05,0.04,0.05,0.05,0.04,0.06,0.05,0.08,0.06,0.07,0.06,0.06,0.05,0.03,0.03,
新竹,2025/12/04 00:00:00,NO,0.4,1.1,0.9,0.9,1,1,1.1,1.6,2.2,2.3,2.2,2.6,2.2,2.1,2.1,1.8,1.8,1.4,1,1,1,1.1,0.9,0.8,
新竹,2025/12/04 00:00:00,NO2,4.5,5.1,4.8,4.6,4.4,4.2,5.4,8,9.1,7.5,6.1,7.1,6.9,6.4,7,8.2,11.2,11.1,11.4,10.7,9.7,8.2,7.1,6.2,
新竹,2025/12/04 00:00:00,NOx,4.9,6.3,5.8,5.6,5.4,5.2,6.5,9.6,11.4,9.9,8.4,9.7,9.1,8.5,9.2,10.1,13.1,12.5,12.5,11.7,10.8,9.3,8,7,
新竹,2025/12/04 00:00:00,O3,41.4,42.1,41.2,40.1,39.7,39.1,36.1,32.7,32.5,35.7,32.5,38.1,37.4,36.2,34.9,33.4,29.9,29.7,29.4,29.9,31.2,32.4,33.5,34.5,
新竹,2025/12/04 00:00:00,PM10,42,49,40,32,26,33,27,28,31,29,28,28,25,25,22,24,22,19,21,12,17,14,15,12,
新竹,2025/12/04 00:00:00,PM2.5,12,20,13,9,9,7,7,10,7,6,6,5,5,4,2,3,6,5,4,4,4,5,4,7,
新竹,2025/12/04 00:00:00,RAINFALL,0,0,0,0,0,0,0,0,0,0,0,0,0,0,0,0,0,0,0,0,0,0,0,0,
新竹,2025/12/04 00:00:00,RH,59,59,58,57,57,57,58,58,55,52,50,50,50,51,51,53,55,56,56,57,57,58,60,62,
新竹,2025/12/04 00:00:00,SO2,1.7,1.7,1.6,1.8,1.7,1.6,1.6,1.5,1.4,1.5,1.3,1.2,1.5,1.5,#,1.1,1.2,1.5,1.7,1.4,1.4,1.5,1.6,1.7,
新竹,2025/12/04 00:00:00,THC,2.16,2.16,2.17,2.17,2.15,2.13,2.14,2.16,2.16,2.13,2.11,2.13,2.13,2.12,2.14,2.13,2.16,2.15,2.16,2.15,2.15,2.14,2.12,2.12,
新竹,2025/12/04 00:00:00,WD_HR,41,45,45,52,55,55,54,52,48,54,55,50,49,53,46,47,52,49,52,51,57,58,55,56,
新竹,2025/12/04 00:00:00,WIND_DIREC,44,44,51,54,60,53,46,52,45,52,63,59,49,52,40,49,53,52,54,47,56,57,53,50,
新竹,2025/12/04 00:00:00,WIND_SPEED,4.8,3.2,3.5,3.5,3.9,4.8,3.5,3.5,3.7,4.4,3.6,3.9,4,4.1,3.5,3,3.1,2.8,2.9,2.8,2.3,3,2.8,2.2,
新竹,2025/12/04 00:00:00,WS_HR,3.7,3,2.8,2.5,3.4,3.9,2.9,3,2.9,3.6,3.2,3,3,2.8,3,2.9,2.6,2.3,2.1,2.2,2.2,2.3,2.3,2,
新竹,2025/12/05 00:00:00,AMB_TEMP,19.2,19.3,19.1,18.8,18.8,19.1,19,19.2,20.2,21.1,21.8,22.1,22.6,22.2,21.8,21.5,20.6,19.8,19.3,19,18.8,18.8,18.8,18.7,
新竹,2025/12/05 00:00:00,CH4,2.08,2.09,2.11,2.13,2.15,2.12,2.13,2.14,2.11,2.09,#,2.09,2.08,2.08,2.07,2.07,2.08,2.11,2.12,2.11,2.13,2.13,2.13,2.12,
新竹,2025/12/05 00:00:00,CO,0.15,0.14,0.13,0.14,0.17,0.16,0.19,0.26,0.27,0.23,0.23,#,0.21,0.19,0.18,0.19,0.21,0.28,0.33,0.29,0.33,0.3,0.28,0.23,
新竹,2025/12/05 00:00:00,NMHC,0.03,0.03,0.01,0.03,0.1,0.08,0.08,0.09,0.08,0.07,#,0.07,0.07,0.08,0.06,0.07,0.07,0.11,0.12,0.1,0.12,0.12,0.1,0.08,
新竹,2025/12/05 00:00:00,NO,1,0.5,0.3,0.4,0.4,0.4,0.5,1.4,2.5,2.5,2.4,#,2,1.7,1.4,1.4,1.2,1.1,0.8,0.7,0.9,0.8,0.6,0.4,
新竹,2025/12/05 00:00:00,NO2,5.4,6.1,5.4,6.3,8.3,7.3,9.9,13.2,13.2,10.3,9.5,#,8.7,7.6,7.5,8.8,10.6,15.3,16.9,14.6,16.7,16,13.7,11.7,
新竹,2025/12/05 00:00:00,NOx,6.5,6.6,5.7,6.8,8.7,7.7,10.4,14.6,15.7,12.9,12,#,10.7,9.3,8.9,10.2,11.9,16.4,17.7,15.4,17.6,16.8,14.3,12.1,
新竹,2025/12/05 00:00:00,O3,36.2,35.8,34.8,32,29.9,32.1,29.1,26.6,29.4,34.7,37.1,#,#,37.9,37.7,35.2,32.3,26.6,24.8,27.4,23.5,24.7,26.6,29.6,
新竹,2025/12/05 00:00:00,PM10,15,12,9,9,15,18,17,15,22,24,20,#,16,19,16,18,14,12,21,16,18,16,13,9,
新竹,2025/12/05 00:00:00,PM2.5,5,4,5,5,3,2,4,3,2,3,#,x,6,0,4,4,3,4,4,4,10,6,4,5,
新竹,2025/12/05 00:00:00,RAINFALL,0,0,0,0,0,0,0,0,0,0,0,#,#,0,0,0,0,0,0,0,0,0,0,0,
新竹,2025/12/05 00:00:00,RH,62,62,63,64,64,64,65,64,61,57,55,56,55,55,57,58,61,65,68,69,71,73,74,75,
新竹,2025/12/05 00:00:00,SO2,1.7,1.9,1.8,1.7,1.8,2,1.9,1.9,2,2.1,#,#,#,1.9,2.1,2.1,1.9,2.2,2.4,2.3,2.3,2.4,2.3,2.3,
新竹,2025/12/05 00:00:00,THC,2.11,2.12,2.12,2.16,2.25,2.2,2.21,2.23,2.19,2.16,#,2.16,2.15,2.16,2.13,2.14,2.15,2.22,2.24,2.21,2.25,2.25,2.23,2.2,
新竹,2025/12/05 00:00:00,WD_HR,56,53,57,50,42,41,44,45,57,56,44,47,49,42,55,55,58,53,54,56,56,53,48,53,
新竹,2025/12/05 00:00:00,WIND_DIREC,53,51,53,56,35,37,46,53,67,48,58,46,46,34,64,54,58,47,55,54,52,58,40,58,
新竹,2025/12/05 00:00:00,WIND_SPEED,2.7,2.2,1.5,1.3,2.3,2.3,2.6,2.7,3.3,3.2,4.6,3.2,3.5,4.7,3.5,3.5,2.5,2.4,2.8,2.9,2.8,2.4,2.1,2.6,
新竹,2025/12/05 00:00:00,WS_HR,2.1,2,1.3,1.1,1.4,1.9,2,2,2.3,2.7,3.4,3.2,2.8,3.6,2.9,2.7,2.9,2.3,2.1,2.4,1.7,2,1.8,2,
新竹,2025/12/06 00:00:00,AMB_TEMP,18.8,18.6,18.6,18.6,18.5,18.3,18.7,18.9,20.2,21.1,21.9,22.6,23,23.1,23.2,23.1,22.5,21.9,21.3,21.1,21,20.6,19.9,19.2,
新竹,2025/12/06 00:00:00,CH4,2.09,2.1,2.1,2.11,2.14,2.16,2.2,2.18,2.11,2.1,2.1,2.09,2.08,2.08,2.09,2.08,2.08,2.11,2.11,2.12,2.12,2.17,2.42,2.58,
新竹,2025/12/06 00:00:00,CO,0.18,0.17,0.16,0.16,0.18,0.19,0.23,0.27,0.25,0.25,0.26,0.25,0.23,0.22,0.23,0.22,0.24,0.28,0.28,0.3,0.26,0.36,0.54,0.57,
新竹,2025/12/06 00:00:00,NMHC,0.04,0.05,0.05,0.07,0.08,0.09,0.13,0.09,0.06,0.07,0.07,0.07,0.07,0.06,0.07,0.06,0.07,0.07,0.07,0.09,0.06,0.1,0.21,0.23,
新竹,2025/12/06 00:00:00,NO,0.3,0.5,0.4,0.3,0.5,0.5,0.6,2.1,2.7,1.5,1.6,1.8,1.8,1.4,1.4,1.5,0.9,0.6,0.5,0.5,0.4,0.7,2.6,3.5,
新竹,2025/12/06 00:00:00,NO2,7.8,6.9,6.3,6,7.3,9.7,13.3,16.6,11.3,8.9,8.9,8.7,8.6,7.6,8.2,8.9,8.7,11.2,12.3,12,11.8,16.5,28,26.5,
新竹,2025/12/06 00:00:00,NOx,8.2,7.4,6.7,6.4,7.9,10.3,14,18.7,14.1,10.4,10.6,10.6,10.5,9,9.6,10.4,9.7,11.9,12.9,12.6,12.2,17.3,30.7,30,
新竹,2025/12/06 00:00:00,O3,35.2,35.9,36.7,35.6,33.5,27.4,23.7,20.7,30.1,35.4,38.1,39.6,40.7,42,41.6,39,36,30.4,28.9,28.9,28.3,20.7,7.2,1.8,
新竹,2025/12/06 00:00:00,PM10,7,10,11,15,15,17,16,19,15,21,15,22,26,23,23,20,19,20,11,12,9,11,14,17,
新竹,2025/12/06 00:00:00,PM2.5,4,3,5,7,7,8,11,8,5,5,4,5,6,11,7,4,6,6,7,6,4,3,3,5,
新竹,2025/12/06 00:00:00,RAINFALL,0,0,0,0,0,0,0,0,0,0,0,0,0,0,0,0,0,0,0,0,0,0,0,0,
新竹,2025/12/06 00:00:00,RH,74,75,76,75,77,78,77,77,72,67,63,60,59,59,59,60,63,66,68,69,71,73,75,80,
新竹,2025/12/06 00:00:00,SO2,2.2,1.4,1.5,1.5,1.6,1.9,1.7,1.6,1.6,1.6,1.3,1.4,1.7,1.8,1.7,1.6,1.6,1.3,1.5,1.3,1.7,1.5,1.3,1.6,
新竹,2025/12/06 00:00:00,THC,2.13,2.15,2.15,2.18,2.22,2.25,2.33,2.27,2.17,2.17,2.17,2.16,2.15,2.14,2.16,2.14,2.15,2.18,2.18,2.21,2.18,2.27,2.63,2.81,
新竹,2025/12/06 00:00:00,WD_HR,50,49,47,54,52,57,56,64,51,44,36,46,39,39,49,50,51,52,54,49,54,81,139,141,
新竹,2025/12/06 00:00:00,WIND_DIREC,51,45,55,51,56,61,45,60,51,43,40,35,38,52,44,55,46,51,42,48,51,128,165,104,
新竹,2025/12/06 00:00:00,WIND_SPEED,2.6,2,2,1.8,1.5,1.9,0.9,1,2.1,3.8,3.3,3.4,3.3,3.1,3.3,3.3,2.4,2.7,1.7,1.8,0.5,0.3,0.3,0.3,
新竹,2025/12/06 00:00:00,WS_HR,2,1.8,1.5,1.5,1.4,1.6,1.5,1.2,1.9,2.4,2.9,3,3.3,3.1,2.7,2.6,2.4,1.8,1.9,1.6,1.5,0.4,0.3,0.3,
新竹,2025/12/07 00:00:00,AMB_TEMP,18.6,18.5,18.7,18.7,18.6,18.1,17.6,17.7,20.1,22.6,24.7,25.7,26.1,25.8,25.4,25,24.7,24.3,23.9,23,22.2,21.6,21.1,20.8,
新竹,2025/12/07 00:00:00,CH4,2.29,2.27,2.2,2.17,2.21,2.69,2.65,2.66,2.57,2.24,2.09,2.13,2.13,2.14,2.12,2.17,2.16,2.2,2.27,2.22,2.16,2.25,2.35,2.25,
新竹,2025/12/07 00:00:00,CO,0.44,0.28,0.22,0.2,0.2,0.28,0.39,0.52,0.53,0.39,0.27,0.29,0.31,0.28,0.25,0.27,0.3,0.45,0.56,0.49,0.41,0.46,0.52,0.4,
新竹,2025/12/07 00:00:00,NMHC,0.15,0.1,0.06,0.06,0.07,0.17,0.2,0.24,0.23,0.13,0.08,0.08,0.08,0.08,0.06,0.07,0.08,0.16,0.24,0.18,0.13,0.17,0.31,0.16,
新竹,2025/12/07 00:00:00,NO,3.2,1.3,0.6,0.6,0.7,0.9,9,19.4,13.2,9.9,6.7,2.4,1.7,1.9,1.9,1.5,1.2,0.7,1.1,1,1,1.5,3.7,4.7,
新竹,2025/12/07 00:00:00,NO2,22.5,12.9,9.1,6.3,5.8,9.9,18.4,17.1,17.5,16.6,12.3,9.4,8.4,10.6,10.6,9.6,10.6,13.2,26,25.1,18.4,25.1,29.2,24.5,
新竹,2025/12/07 00:00:00,NOx,25.8,14.3,9.7,7,6.6,10.8,27.5,36.6,30.7,26.5,19.1,11.8,10.1,12.5,12.6,11.1,11.8,13.9,27.1,26.2,19.4,26.7,33,29.3,
新竹,2025/12/07 00:00:00,O3,1.6,8.3,18.3,22.1,21.4,7.1,1.2,1.6,8.8,16.3,27.4,42.5,58.4,51.2,51.8,51.6,50.6,47,25.1,18.4,19,8.7,3.2,7.5,
新竹,2025/12/07 00:00:00,PM10,19,17,15,12,11,15,15,19,17,21,12,23,28,26,25,21,22,29,34,37,28,24,29,23,
新竹,2025/12/07 00:00:00,PM2.5,11,9,5,5,3,7,9,11,8,7,6,12,13,10,9,11,8,19,21,21,19,17,21,18,
新竹,2025/12/07 00:00:00,RAINFALL,0,0,0,0,0,0,0,0,0,0,0,0,0,0,0,0,0,0,0,0,0,0,0,0,
新竹,2025/12/07 00:00:00,RH,81,80,82,82,83,85,85,82,71,62,53,53,52,53,55,57,56,60,61,64,66,67,69,71,
新竹,2025/12/07 00:00:00,SO2,1.1,1,1,1,1,1,1,1.4,1.3,1.1,1.1,1.7,1.9,2.4,3.1,2.4,2.2,1.2,1.6,1.7,2.9,2.4,1.7,2,
新竹,2025/12/07 00:00:00,THC,2.44,2.37,2.26,2.23,2.28,2.86,2.85,2.9,2.8,2.37,2.17,2.21,2.21,2.22,2.18,2.24,2.24,2.36,2.51,2.4,2.29,2.42,2.66,2.41,
新竹,2025/12/07 00:00:00,WD_HR,84,35,36,64,66,155,155,182,202,198,180,272,249,261,287,275,300,51,52,59,57,51,51,67,
新竹,2025/12/07 00:00:00,WIND_DIREC,42,29,50,44,82,158,154,249,235,149,249,301,258,246,283,309,14,71,34,72,50,55,71,74,
新竹,2025/12/07 00:00:00,WIND_SPEED,0.4,0.5,0.4,0.4,0.2,0.4,0.4,0.6,0.9,0.6,1.3,1.9,1.5,2,1.3,1.7,0.4,0.3,1,0.6,1.3,0.9,0.7,0.7,
新竹,2025/12/07 00:00:00,WS_HR,0.3,0.5,0.5,0.5,0.3,0.3,0.4,0.2,0.1,0.3,0.5,1,1.6,1.3,1.1,1.1,0.6,0.2,0.8,0.6,0.7,0.8,0.5,0.8,
新竹,2025/12/08 00:00:00,AMB_TEMP,20.5,19.9,20.1,20.3,20.5,20.4,20.9,21,21.8,22.3,22.5,22.7,23.6,23.8,23,22.8,22.2,21.4,21.2,20.9,20.5,20.3,20,19.9,
新竹,2025/12/08 00:00:00,CH4,2.14,2.2,2.23,2.22,2.18,2.15,2.09,2.08,2.06,2.05,2.06,2.09,2.08,2.08,2.08,2.07,2.07,2.08,2.08,2.09,2.1,2.1,2.09,2.09,
新竹,2025/12/08 00:00:00,CO,0.27,0.29,0.31,0.25,0.21,0.2,0.2,0.25,0.24,0.21,0.22,0.27,0.24,0.25,0.24,0.24,0.25,0.27,0.28,0.28,0.27,0.29,0.26,0.24,
新竹,2025/12/08 00:00:00,NMHC,0.06,0.09,0.12,0.1,0.07,0.06,0.04,0.05,0.06,0.05,0.06,0.09,0.06,0.08,0.07,0.07,0.06,0.06,0.06,0.06,0.06,0.07,0.05,0.05,
新竹,2025/12/08 00:00:00,NO,0.9,0.8,0.8,0.8,0.7,0.9,1,1.4,1.9,1.7,1.5,2.7,2.1,2.1,1.7,1.4,1.1,0.9,0.8,1,1.1,0.9,0.6,0.7,
新竹,2025/12/08 00:00:00,NO2,10.1,12.1,14.2,12.4,11.7,8.5,8.7,10.1,9.8,8.8,7.3,12.5,7.6,8,7.9,8.4,8.1,7.8,7.5,7.3,6.5,6.9,6.8,5.9,
新竹,2025/12/08 00:00:00,NOx,11,12.9,15,13.2,12.5,9.4,9.8,11.5,11.7,10.6,8.8,15.3,9.7,10.1,9.7,9.8,9.2,8.7,8.3,8.3,7.6,7.8,7.4,6.7,
新竹,2025/12/08 00:00:00,O3,22.1,17,17.7,19.8,21.2,24.1,30.9,31.7,34.1,38.7,40.7,34.4,45.4,46.2,44.9,44.8,49.3,51.3,53.7,54.8,57,53,49.1,48.7,
新竹,2025/12/08 00:00:00,PM10,14,20,21,15,21,21,20,23,19,31,24,23,30,28,30,28,32,39,37,32,32,25,17,18,
新竹,2025/12/08 00:00:00,PM2.5,6,7,7,7,6,8,7,4,9,15,5,6,6,8,10,13,14,14,16,14,13,11,10,14,
新竹,2025/12/08 00:00:00,RAINFALL,0,0,0,0,0,0,0,0,0,0,0,0,0,0,0,0,0,0,0,0,0,0,0,0,
新竹,2025/12/08 00:00:00,RH,73,74,73,75,83,83,86,85,78,69,67,64,57,57,63,64,66,71,70,72,72,76,79,80,
新竹,2025/12/08 00:00:00,SO2,1.7,1.7,2.1,2,1.9,1.8,1.8,1.6,1.6,2,1.9,1.7,1.8,1.8,1.8,1.8,1.8,2,1.8,1.9,1.9,1.9,1.9,1.8,
新竹,2025/12/08 00:00:00,THC,2.2,2.29,2.35,2.32,2.25,2.21,2.13,2.13,2.12,2.1,2.12,2.18,2.14,2.16,2.15,2.14,2.13,2.14,2.14,2.15,2.16,2.17,2.14,2.14,
新竹,2025/12/08 00:00:00,WD_HR,54,37,55,69,68,63,54,57,40,56,52,59,46,48,43,44,41,44,60,54,48,42,47,46,
新竹,2025/12/08 00:00:00,WIND_DIREC,29,42,29,72,60,79,55,57,47,57,59,56,47,50,43,39,47,53,61,54,45,46,44,48,
新竹,2025/12/08 00:00:00,WIND_SPEED,1.2,2.3,0.5,0.5,1.1,0.9,2.1,2.4,2.8,4.1,3,3.2,3.9,3.8,4.2,3.7,3.9,4.5,4.2,4.1,3.9,4.2,4.8,4,
新竹,2025/12/08 00:00:00,WS_HR,1.1,0.8,0.9,0.5,0.7,0.7,1.6,1.8,2.6,2.9,3,2.4,3.1,3,3.5,3.5,3.9,4,3.5,3.3,3.3,3.7,3.6,3.2,
新竹,2025/12/09 00:00:00,AMB_TEMP,20.2,19.9,19.6,19.4,18.9,18.7,18.7,18.8,19.1,19.9,21.4,23.1,24.2,24.5,24.1,23.8,22.9,22.2,21.8,21.4,21.1,21,20.8,20.4,
新竹,2025/12/09 00:00:00,CH4,2.08,2.07,2.1,2.09,2.08,2.08,2.07,2.07,2.07,2.07,2.08,2.07,2.07,2.08,2.08,2.09,2.09,2.1,2.12,2.14,2.12,2.12,2.14,2.15,
新竹,2025/12/09 00:00:00,CO,0.22,0.2,0.22,0.24,0.23,0.22,0.22,0.24,0.23,0.23,0.24,0.22,0.21,0.22,0.21,0.23,0.25,0.29,0.34,0.37,0.32,0.29,0.29,0.27,
新竹,2025/12/09 00:00:00,NMHC,0.03,0.04,0.05,0.04,0.03,0.02,0.03,0.04,0.05,0.07,0.07,0.05,0.04,0.05,0.05,0.07,0.07,0.09,0.12,0.15,0.11,0.07,0.08,0.08,
新竹,2025/12/09 00:00:00,NO,0.7,0.7,0.7,0.6,0.5,0.6,0.7,0.9,1.2,1.7,2.5,2.4,1.8,1.8,1.8,1.9,1.4,0.9,0.8,0.7,0.8,0.7,0.7,0.5,
新竹,2025/12/09 00:00:00,NO2,4.9,5.9,6.9,5.4,4.5,4.3,5.5,7.1,8,9,10.6,8.7,6.6,7.1,7.5,9.4,11.1,11.5,14.7,15,14.6,12.8,13.9,12.1,
新竹,2025/12/09 00:00:00,NOx,5.6,6.7,7.6,6.1,5,4.9,6.3,8,9.2,10.7,13.1,11.1,8.4,9,9.3,11.4,12.6,12.5,15.5,15.8,15.4,13.6,14.6,12.7,
新竹,2025/12/09 00:00:00,O3,47.3,44.2,43.5,50.5,51.1,50,46.4,42.8,41.7,39.7,39,42.6,44.2,43.6,42.4,39.5,37,34,29.8,27.7,28.4,29.2,27.6,26.4,
新竹,2025/12/09 00:00:00,PM10,7,11,16,18,17,18,20,26,25,24,30,20,13,18,16,9,21,19,17,18,10,10,10,15,
新竹,2025/12/09 00:00:00,PM2.5,7,3,10,12,10,9,10,13,12,14,11,10,8,7,6,9,8,8,6,7,8,9,7,5,
新竹,2025/12/09 00:00:00,RAINFALL,0,0,0,0,0,0,0,0,0,0,0,0,0,0,0,0,0,0,0,0,0,0,0,0,
新竹,2025/12/09 00:00:00,RH,78,80,85,87,88,89,92,92,89,84,77,69,64,62,64,65,70,75,77,80,81,82,83,85,
新竹,2025/12/09 00:00:00,SO2,1.5,0.7,0.8,0.9,0.9,0.7,0.8,0.8,1,0.9,1,0.7,0.8,1,0.7,0.8,0.9,0.8,0.9,0.9,1.2,1.2,1.3,0.9,
新竹,2025/12/09 00:00:00,THC,2.11,2.11,2.15,2.13,2.11,2.1,2.1,2.11,2.12,2.14,2.15,2.12,2.11,2.13,2.13,2.16,2.16,2.19,2.24,2.29,2.23,2.19,2.22,2.23,
新竹,2025/12/09 00:00:00,WD_HR,54,41,37,39,37,38,37,36,36,45,60,57,62,49,48,50,54,48,50,47,50,55,52,107,
新竹,2025/12/09 00:00:00,WIND_DIREC,54,33,38,32,37,37,35,38,35,61,55,60,40,53,39,57,61,33,51,37,41,62,69,195,
新竹,2025/12/09 00:00:00,WIND_SPEED,4.1,3.9,4.8,4.5,5.7,4.8,5.2,4.8,5.3,3.8,3.8,2.8,3,2.5,2.9,2.8,2.7,2.3,2.4,1.7,1.3,1.5,0.4,0.5,
新竹,2025/12/09 00:00:00,WS_HR,3.4,3.1,3.8,4.1,4.2,4.6,4.1,4.2,4.5,3.4,3.2,2.5,2.5,2.3,2.3,2.4,2.4,2,1.9,1.4,1.4,1.4,0.8,0.3,
新竹,2025/12/10 00:00:00,AMB_TEMP,19.9,19.1,19.2,19.4,19.2,19,19.2,19.5,20.5,21.6,22.8,22.9,22.6,22.5,21.6,21.6,21,20.5,20.3,20.2,20,19.8,19.5,19.3,
新竹,2025/12/10 00:00:00,CH4,2.24,2.23,2.24,2.23,2.22,2.24,2.33,2.34,2.28,2.31,2.11,2.07,2.05,2.05,2.05,2.07,2.06,2.06,2.07,2.08,2.1,2.12,2.14,2.17,
新竹,2025/12/10 00:00:00,CO,0.29,0.25,0.26,0.24,0.24,0.26,0.33,0.55,0.6,0.7,0.25,0.18,0.18,0.18,0.17,0.19,0.2,0.22,0.23,0.23,0.24,0.28,0.26,0.26,
新竹,2025/12/10 00:00:00,NMHC,0.08,0.07,0.09,0.09,0.09,0.1,0.14,0.19,0.21,0.24,0.06,0.02,0.03,0.03,0.03,0.03,0.03,0.05,0.05,0.07,0.1,0.16,0.12,0.14,
新竹,2025/12/10 00:00:00,NO,0.6,0.5,0.5,0.4,0.4,0.5,4.1,18.2,12.5,19.2,3.9,1.3,1,0.8,0.8,0.7,0.5,0.3,0.4,0.4,0.3,0.3,0.6,0.5,
新竹,2025/12/10 00:00:00,NO2,11.3,10.4,10.9,10.8,10.7,14.3,18.8,18.8,20,25.9,9.4,5.3,4.8,4.9,5.5,6,7.4,8.3,9.1,9.3,9.3,12.4,16.6,18.8,
新竹,2025/12/10 00:00:00,NOx,12,10.9,11.4,11.2,11.2,14.8,22.9,37,32.6,45.2,13.3,6.7,5.9,5.8,6.3,6.8,7.9,8.6,9.5,9.7,9.6,12.7,17.2,19.3,
新竹,2025/12/10 00:00:00,O3,19.7,10.7,9.3,13.5,16.5,5.1,1.2,0.4,5.9,7.1,32,41.1,41.4,42,41.7,40.1,37.3,36,33.9,32.6,31.8,28.6,22.2,17.9,
新竹,2025/12/10 00:00:00,PM10,10,14,19,17,21,16,21,19,21,32,26,19,26,34,24,21,27,26,29,26,22,23,25,23,
新竹,2025/12/10 00:00:00,PM2.5,3,10,13,11,12,11,13,9,9,12,9,7,10,10,8,8,6,10,10,9,10,11,11,12,
新竹,2025/12/10 00:00:00,RAINFALL,0,0,0,0,0,0,0,0,0,0,0,0,0,0,0,0,0,0,0,0,0,0,0,0,
新竹,2025/12/10 00:00:00,RH,88,92,92,92,93,93,92,89,86,82,83,82,83,83,87,86,87,88,88,87,87,86,87,89,
新竹,2025/12/10 00:00:00,SO2,0.4,1.3,1.3,1.4,1.1,1.5,1.8,1.9,1.9,1.7,1.5,1.2,1.1,1.1,1,1.2,1.1,1.1,1,1.2,1.4,1.6,1.5,1.6,
新竹,2025/12/10 00:00:00,THC,2.32,2.3,2.33,2.32,2.31,2.34,2.47,2.53,2.49,2.55,2.17,2.09,2.08,2.08,2.08,2.1,2.09,2.11,2.12,2.15,2.2,2.28,2.26,2.31,
新竹,2025/12/10 00:00:00,WD_HR,161,175,157,155,163,94,112,96,160,64,308,304,298,297,298,310,42,50,50,54,44,51,62,67,
新竹,2025/12/10 00:00:00,WIND_DIREC,172,148,153,161,151,105,159,123,47,81,322,296,300,290,299,288,53,31,66,31,40,51,59,48,
新竹,2025/12/10 00:00:00,WIND_SPEED,0.4,0.6,0.3,0.6,0.3,0.3,0.4,0.3,0.3,0.8,1.1,2.6,2.8,1.5,1.5,0.8,0.8,1,0.8,0.7,0.8,0.8,0.5,0.4,
新竹,2025/12/10 00:00:00,WS_HR,0.4,0.6,0.5,0.4,0.4,0.4,0.4,0.4,0.2,0.4,0.7,1.2,2.2,1.6,1.9,0.7,0.4,0.5,0.4,0.2,0.9,0.6,0.5,0.4,
新竹,2025/12/11 00:00:00,AMB_TEMP,19.1,19,19,19.2,18.8,18.2,17.9,18.1,19.5,21.5,22.9,23.9,23.9,23.8,22.8,22.1,21.1,20.6,20.5,20.6,20.7,20.8,20.8,20.8,
新竹,2025/12/11 00:00:00,CH4,2.23,2.24,2.35,2.25,2.27,2.22,2.13,2.11,2.1,2.07,2.1,2.07,2.06,2.07,2.07,2.07,2.08,2.1,2.1,2.11,2.12,2.11,2.1,2.1,
新竹,2025/12/11 00:00:00,CO,0.24,0.26,0.25,0.21,0.22,0.2,0.21,0.29,0.36,0.23,0.25,0.22,0.21,0.22,0.2,0.22,0.26,0.29,0.3,0.29,0.34,0.31,0.26,0.27,
新竹,2025/12/11 00:00:00,NMHC,0.21,0.25,0.18,0.13,0.12,0.08,0.07,0.09,0.11,0.06,0.09,0.09,0.07,0.06,0.06,0.07,0.08,0.08,0.09,0.11,0.15,0.11,0.08,0.08,
新竹,2025/12/11 00:00:00,NO,0.4,0,0.3,0,0,0,0.6,2.6,6.1,3.4,2.9,2,1.4,1.2,0.8,0.4,0.5,0.2,0,0.1,0,0,0.1,0,
新竹,2025/12/11 00:00:00,NO2,19.2,24.3,22.4,14.4,11.4,11.2,11.1,13.6,16,10.5,12.1,11.3,8.5,7.4,6.9,7,10.5,12.2,11.2,11.1,13,14,9.1,8.6,
新竹,2025/12/11 00:00:00,NOx,19.6,24.3,22.8,14.4,11.5,11.3,11.7,16.2,22.2,13.9,15.1,13.3,9.9,8.6,7.7,7.5,11.1,12.5,11.2,11.2,13,14.1,9.3,8.4,
新竹,2025/12/11 00:00:00,O3,17.6,16.4,11.3,20.9,12.3,10.9,10.5,10.3,14.3,30.5,35,33.9,44.5,49.6,48.3,50,48.9,49.9,50.9,48.2,41.4,39.9,46.2,48,
新竹,2025/12/11 00:00:00,PM10,20,22,21,20,19,23,18,19,20,17,20,#,16,22,21,30,32,31,40,35,33,28,27,37,
新竹,2025/12/11 00:00:00,PM2.5,14,12,11,9,8,9,9,8,7,7,#,#,2,11,10,9,13,13,20,24,20,18,13,17,
新竹,2025/12/11 00:00:00,RAINFALL,0,0,0,0,0,0,0,0,0,0,0,0,0,0,0,0,0,0,0,0,0,0,0,0,
新竹,2025/12/11 00:00:00,RH,88,88,87,85,88,87,87,85,79,71,61,55,56,55,58,61,70,75,76,76,75,75,75,74,
新竹,2025/12/11 00:00:00,SO2,2.3,1.5,1.8,1.7,1.5,1.8,2,1.5,1.5,1.5,1.5,1.7,1.6,1.5,1.6,1.4,1.6,1.7,1.6,1.7,1.6,1.8,2,2,
新竹,2025/12/11 00:00:00,THC,2.44,2.49,2.53,2.38,2.39,2.3,2.2,2.2,2.21,2.13,2.19,2.16,2.13,2.13,2.13,2.14,2.16,2.18,2.19,2.22,2.27,2.22,2.18,2.18,
新竹,2025/12/11 00:00:00,WD_HR,51,64,117,87,86,75,83,82,75,68,52,44,41,41,40,39,38,42,45,43,43,45,43,54,
新竹,2025/12/11 00:00:00,WIND_DIREC,47,111,85,89,77,82,69,82,74,50,55,33,57,39,39,37,36,35,46,38,43,48,43,57,
新竹,2025/12/11 00:00:00,WIND_SPEED,0.5,0.4,0.8,0.8,0.6,1.4,0.7,1.6,1.2,2.2,2.4,2.9,3.2,3.6,3.9,4.6,3.9,4,2.9,3.3,3.1,3.2,2.6,3.4,
新竹,2025/12/11 00:00:00,WS_HR,0.5,0.6,0.3,0.5,0.5,0.8,0.8,1.3,1.1,1.7,1.9,2,2.8,3,3.4,3.5,3.5,2.9,3,2.8,2.3,2.5,2.4,2.5,
新竹,2025/12/12 00:00:00,AMB_TEMP,20.8,20.8,20.8,20.8,20.9,20.6,20.6,20.9,21.7,22.4,23.1,23.7,23.4,22.9,22.6,22.4,21.7,21.2,21,20.8,20.9,21.3,21.4,21.2,
新竹,2025/12/12 00:00:00,CH4,2.11,2.12,2.15,2.15,2.14,2.17,2.18,2.17,2.13,2.11,2.1,2.1,2.12,2.13,2.13,2.14,2.12,2.12,2.12,2.14,2.11,2.09,2.11,2.13,
新竹,2025/12/12 00:00:00,CO,0.28,0.34,0.34,0.35,0.34,0.35,0.36,0.4,0.37,0.33,0.29,0.28,0.31,0.31,0.32,0.34,0.31,0.33,0.33,0.34,0.32,0.29,0.29,0.29,
新竹,2025/12/12 00:00:00,NMHC,0.05,0.06,0.06,0.07,0.06,0.1,0.1,0.11,0.08,0.07,0.08,0.09,0.1,0.07,0.1,0.14,0.11,0.1,0.11,0.12,0.07,0.05,0.06,0.09,
新竹,2025/12/12 00:00:00,NO,0,0.7,0.5,0.6,0.7,0.6,0.6,1,1.4,1.6,2,2,1.9,1.7,1.5,1.8,1.1,0.8,0.7,0.6,0.8,0.7,0.8,0.5,
新竹,2025/12/12 00:00:00,NO2,7.8,7,7,7.5,6.6,8,10.9,13.2,12.2,10.2,10.3,9.5,9.4,8.1,9.4,13.1,12.3,12.1,11.6,11.6,11.7,8.2,8,9.7,
新竹,2025/12/12 00:00:00,NOx,7.8,7.8,7.6,8.1,7.4,8.7,11.6,14.2,13.7,11.9,12.4,11.5,11.4,9.9,11,15,13.5,13,12.4,12.2,12.5,9,8.9,10.3,
新竹,2025/12/12 00:00:00,O3,48.4,50.5,51,50.8,52.8,48.6,45.7,44.4,46,47.5,47,47.1,44.7,46.4,44,39.1,39.3,38.9,37.2,34.4,35.1,39.4,38.3,34.7,
新竹,2025/12/12 00:00:00,PM10,39,45,45,44,42,41,40,43,47,40,45,42,45,45,43,42,40,47,31,31,24,25,25,33,
新竹,2025/12/12 00:00:00,PM2.5,17,23,26,31,25,26,23,29,18,16,18,14,14,21,19,16,18,13,17,18,15,10,18,17,
新竹,2025/12/12 00:00:00,RAINFALL,0,0,0,0,0,0,0,0,0,0,0,0,0,0,0,0,0,0,0,0,0,0,0,0,
新竹,2025/12/12 00:00:00,RH,74,73,72,73,72,73,73,73,69,65,63,61,65,66,68,70,72,76,79,82,83,81,81,83,
新竹,2025/12/12 00:00:00,SO2,2.1,0.7,1,1,1,1.3,1.3,1.3,1.2,1.2,1,1,1,0.9,0.8,1.1,1.1,0.9,1,1,1,1,1.1,1.3,
新竹,2025/12/12 00:00:00,THC,2.16,2.18,2.21,2.22,2.2,2.27,2.28,2.28,2.21,2.18,2.18,2.19,2.22,2.2,2.23,2.28,2.23,2.22,2.23,2.26,2.18,2.14,2.17,2.22,
新竹,2025/12/12 00:00:00,WD_HR,57,45,52,46,55,56,53,51,48,48,55,49,41,45,41,39,38,42,46,42,52,64,40,38,
新竹,2025/12/12 00:00:00,WIND_DIREC,50,46,47,45,58,57,51,55,54,47,59,40,45,43,40,47,42,35,51,55,48,50,33,34,
新竹,2025/12/12 00:00:00,WIND_SPEED,2.3,2.9,2.1,2.5,3.2,2.3,3,3,3.4,3.6,4.2,4.2,3.9,4,3.5,3.6,3.1,3.3,2.8,2.2,2.8,2.1,2.6,2.1,
新竹,2025/12/12 00:00:00,WS_HR,2.8,2.1,2.3,2.1,2.6,2.2,2.3,2.2,2.8,3.2,3.4,3.5,3.4,3.6,3.1,2.9,2.8,2.7,2.6,2.6,2.3,1.8,1.8,1.8,
新竹,2025/12/13 00:00:00,AMB_TEMP,21.4,21.4,21.3,21.2,20.7,20.4,20.3,20.5,21.2,21.2,20.7,20.2,20.3,19.8,19.1,19.4,18.6,18.2,18.4,18.5,18.4,18.1,17.5,17.2,
新竹,2025/12/13 00:00:00,CH4,2.1,2.08,2.09,2.09,2.07,2.08,2.08,2.08,2.09,2.08,2.07,2.08,2.08,2.08,2.08,2.08,2.08,2.1,2.1,2.11,2.11,2.1,2.11,2.13,
新竹,2025/12/13 00:00:00,CO,0.24,0.21,0.21,0.21,0.2,0.2,0.19,0.23,0.26,0.27,0.23,0.23,0.24,0.21,0.21,0.22,0.23,0.25,0.27,0.27,0.28,0.28,0.29,0.28,
新竹,2025/12/13 00:00:00,NMHC,0.04,0.03,0.03,0.06,0.06,0.05,0.04,0.08,0.07,0.08,0.07,0.07,0.07,0.06,0.07,0.07,0.07,0.08,0.07,0.07,0.07,0.07,0.07,0.07,
新竹,2025/12/13 00:00:00,NO,0.3,0.6,0.5,0.5,0.6,0.7,0.6,0.8,1.2,1.2,0.9,0.9,0.9,0.7,0.8,0.7,0.7,0.6,0.8,0.7,0.5,0.6,0.6,0.6,
新竹,2025/12/13 00:00:00,NO2,8.2,5.8,4.8,5.4,3.8,4.5,5.5,7.4,9.7,12.1,7.6,6.5,7.5,6.6,7,7.5,8.6,9.2,8.9,7.3,6.9,7.1,7.4,6.4,
新竹,2025/12/13 00:00:00,NOx,8.5,6.4,5.4,6,4.4,5.2,6.1,8.2,10.9,13.4,8.6,7.4,8.4,7.3,7.8,8.2,9.4,9.8,9.7,8.1,7.4,7.8,8,7,
新竹,2025/12/13 00:00:00,O3,40.5,43.6,45,43,44.1,40.1,38.8,35.4,35.3,33.9,39.2,35.8,36.1,36.6,36.9,36.2,35.9,35.6,38,40.3,40.4,41.6,40.4,37.5,
新竹,2025/12/13 00:00:00,PM10,41,36,37,38,30,29,26,25,28,28,26,15,25,27,28,38,27,31,36,38,37,35,21,23,
新竹,2025/12/13 00:00:00,PM2.5,16,10,10,15,12,15,12,9,10,10,5,8,10,12,9,10,13,14,14,16,19,17,16,17,
新竹,2025/12/13 00:00:00,RAINFALL,0,0,0,0,0,0,0,0,0,0,0,0,0,0,0,0,0,0,0,0,0,0,0,0,
新竹,2025/12/13 00:00:00,RH,83,82,82,83,86,88,89,88,85,85,87,92,86,88,90,85,88,88,80,75,78,78,82,84,
新竹,2025/12/13 00:00:00,SO2,0.9,1.6,1.5,1.7,1.9,1.8,1.5,1.7,1.9,1.9,1.5,1.5,1.7,1.6,1.5,1.9,1.9,1.8,1.8,1.7,2.1,1.8,1.8,2.1,
新竹,2025/12/13 00:00:00,THC,2.14,2.11,2.12,2.15,2.13,2.13,2.12,2.16,2.16,2.16,2.14,2.15,2.15,2.14,2.15,2.15,2.15,2.18,2.17,2.18,2.18,2.17,2.18,2.2,
新竹,2025/12/13 00:00:00,WD_HR,41,39,38,36,41,45,50,37,39,40,40,42,41,44,41,42,40,42,44,44,39,41,40,54,
新竹,2025/12/13 00:00:00,WIND_DIREC,50,35,36,39,44,59,34,42,30,45,37,45,45,46,44,42,40,46,40,40,39,44,47,42,
新竹,2025/12/13 00:00:00,WIND_SPEED,2.2,2.9,2,3,3.3,2.2,2.6,2,2.7,3.2,3.1,2.6,3,3.1,2.7,3.7,3.2,3.2,2.9,4.5,3.2,3.3,2.5,1.8,
新竹,2025/12/13 00:00:00,WS_HR,2.1,2.4,2.2,2.4,2.7,2.2,1.9,2.2,2.4,2.5,2.9,2.5,2.4,2.4,2.4,2.6,2.9,2.5,2.7,2.9,3.2,3.3,2.7,2.1,
新竹,2025/12/14 00:00:00,AMB_TEMP,17.1,17.3,17.4,17.4,17.2,16.9,16.6,16.4,16.5,16.9,17.3,16.7,16.7,17,17,16.5,15.8,15.3,14.9,14.9,15.2,15.3,15.4,15.6,
新竹,2025/12/14 00:00:00,CH4,2.13,2.14,2.14,2.13,2.13,2.13,2.14,2.14,2.14,2.14,2.13,2.12,2.13,2.13,2.13,2.12,2.12,2.14,2.15,2.15,2.13,2.14,2.14,2.14,
新竹,2025/12/14 00:00:00,CO,0.28,0.27,0.27,0.26,0.28,0.28,0.29,0.3,0.3,0.29,0.27,0.26,0.25,0.24,0.24,0.24,0.25,0.28,0.29,0.28,0.25,0.25,0.24,0.23,
新竹,2025/12/14 00:00:00,NMHC,0.07,0.08,0.05,0.07,0.07,0.07,0.07,0.07,0.07,0.06,0.05,0.05,0.05,0.05,0.04,0.04,0.05,0.07,0.07,0.07,0.06,0.05,0.05,0.05,
新竹,2025/12/14 00:00:00,NO,0.6,0.2,0.4,0.3,0.4,0.2,0.3,0.6,1.2,1.5,1.1,1.1,1,0.9,1.2,0.9,0.5,0.4,0.4,0.5,0.4,0.4,0.4,0.3,
新竹,2025/12/14 00:00:00,NO2,6.3,8.9,6.5,5.8,5.8,6,6.4,6.7,6.7,6.2,5.7,5.8,5.7,5.2,5.4,5.6,6,8.4,8.2,8.3,7.3,6.6,6.1,5.4,
新竹,2025/12/14 00:00:00,NOx,6.9,9.1,7,6.2,6.3,6.3,6.7,7.3,7.9,7.8,6.9,6.9,6.7,6.2,6.6,6.6,6.6,8.8,8.7,8.8,7.8,7.1,6.5,5.7,
新竹,2025/12/14 00:00:00,O3,32.5,28.1,29.9,27.9,26.9,25.7,24.9,25.1,25.6,31.1,36.8,38.6,39,41.2,41.8,40.2,42.1,39.8,38.3,36.7,38.9,38.9,38.3,38.2,
新竹,2025/12/14 00:00:00,PM10,21,22,27,35,44,47,40,38,36,39,41,46,46,50,49,42,38,45,37,36,33,33,33,34,
新竹,2025/12/14 00:00:00,PM2.5,11,10,8,12,7,9,9,11,10,17,12,11,14,15,22,10,11,21,13,14,17,19,14,10,
新竹,2025/12/14 00:00:00,RAINFALL,0,0,0,0,0,0,0,0,0,0,0,0,0,0,0,0,0,0,0,0,0,0,0,0,
新竹,2025/12/14 00:00:00,RH,81,78,73,70,67,64,64,62,58,54,49,50,52,51,50,51,50,52,56,58,56,57,57,57,
新竹,2025/12/14 00:00:00,SO2,1.8,1.7,1.8,1.7,1.7,2.1,2,2,1.8,1.8,2,2,1.8,1.9,2,2,2,2.1,2,2.4,2.5,2.5,2.8,2.4,
新竹,2025/12/14 00:00:00,THC,2.2,2.22,2.19,2.2,2.2,2.2,2.21,2.21,2.21,2.2,2.18,2.17,2.18,2.18,2.17,2.16,2.17,2.21,2.22,2.22,2.19,2.19,2.19,2.19,
新竹,2025/12/14 00:00:00,WD_HR,52,57,52,51,55,55,56,57,51,48,52,41,42,38,55,50,53,52,49,38,47,45,50,45,
新竹,2025/12/14 00:00:00,WIND_DIREC,52,53,54,54,59,52,56,53,41,37,43,39,36,36,67,52,58,56,53,41,44,49,47,47,
新竹,2025/12/14 00:00:00,WIND_SPEED,3,2.8,2.8,3.5,3.3,3.5,4.1,4.7,3.7,4.7,4.5,5,5.6,5.1,3.2,4.7,3.3,4.2,3.7,3.5,3.6,3.6,3.7,2.9,
新竹,2025/12/14 00:00:00,WS_HR,2.3,2.5,2.7,2.7,2.5,2.9,3.2,3.3,3.2,3.8,3.7,4.5,4.1,4,3.2,3.8,3.4,3.1,3,3.2,3.1,3,2.7,2.8,
新竹,2025/12/15 00:00:00,AMB_TEMP,15.5,15.5,15.5,15.4,15.5,15.9,16.3,16.8,18.1,19.3,20.5,21.3,22.3,22.5,22.6,22.5,21.9,21.1,20.4,20,19.7,19.4,19.1,18.7,
新竹,2025/12/15 00:00:00,CH4,2.15,2.15,2.12,2.12,2.12,2.11,2.1,2.11,2.09,2.08,2.09,2.1,2.1,2.1,2.12,2.12,2.12,2.15,2.13,2.13,2.14,2.15,2.17,2.35,
新竹,2025/12/15 00:00:00,CO,0.22,0.22,0.22,0.22,0.21,0.21,0.21,0.27,0.27,0.24,0.24,0.25,0.25,0.25,0.28,0.28,0.31,0.38,0.38,0.39,0.36,0.36,0.32,0.41,
新竹,2025/12/15 00:00:00,NMHC,0.04,0.04,0.02,0.02,0.02,0.02,0.03,0.04,0.06,0.05,0.06,0.07,0.06,0.06,0.07,0.12,0.12,0.17,0.15,0.14,0.12,0.11,0.09,0.15,
新竹,2025/12/15 00:00:00,NO,0.3,1.1,0.8,0.8,0.7,0.8,0.9,1.3,1.9,2.2,2.6,2.1,2.4,1.5,1.3,1.8,1.9,1.3,1.2,1.1,1.2,1.3,1,1.1,
新竹,2025/12/15 00:00:00,NO2,5,4.9,4.5,4.1,5.4,5.4,7,11.6,11.4,10.4,9.9,9.9,9.6,8.4,9.8,14.6,17.7,20.8,20.8,20.5,18.5,17.6,15.1,17.3,
新竹,2025/12/15 00:00:00,NOx,5.4,6,5.3,4.9,6.1,6.3,7.9,13,13.3,12.7,12.5,12.1,12,9.9,11.1,16.4,19.7,22.2,22,21.6,19.7,19,16.1,18.4,
新竹,2025/12/15 00:00:00,O3,38.1,38.9,38.7,37.6,35.5,35.7,33.6,29.4,31.5,33.2,34.5,36,40.4,44,43.7,31.4,25.8,20.4,20.3,17.2,16.8,14.1,15.7,8.7,
新竹,2025/12/15 00:00:00,PM10,27,27,31,25,26,23,24,24,28,22,29,31,34,28,33,30,28,34,28,28,23,29,14,24,
新竹,2025/12/15 00:00:00,PM2.5,15,5,10,14,14,16,11,10,9,6,9,9,10,10,12,11,9,10,22,7,12,14,12,9,
新竹,2025/12/15 00:00:00,RAINFALL,0,0,0,0,0,0,0,0,0,0,0,0,0,0,0,0,0,0,0,0,0,0,0,0,
新竹,2025/12/15 00:00:00,RH,58,57,58,59,57,56,56,56,52,50,47,47,47,47,48,46,48,52,55,58,59,63,63,67,
新竹,2025/12/15 00:00:00,SO2,2.4,1.4,1.3,1.5,1.6,1.5,1.6,1.7,1.3,1.2,0.9,0.9,1.1,1.1,0.9,1.1,1,0.9,1,0.9,0.8,1,0.9,1,
新竹,2025/12/15 00:00:00,THC,2.19,2.19,2.14,2.14,2.14,2.13,2.13,2.15,2.15,2.13,2.15,2.17,2.16,2.16,2.19,2.24,2.24,2.32,2.28,2.27,2.26,2.26,2.26,2.5,
新竹,2025/12/15 00:00:00,WD_HR,48,48,51,52,52,56,54,53,56,55,58,56,65,35,44,50,55,54,69,81,77,69,72,111,
新竹,2025/12/15 00:00:00,WIND_DIREC,60,48,48,49,49,56,57,61,58,68,51,59,74,332,47,39,82,57,65,86,52,73,68,136,
新竹,2025/12/15 00:00:00,WIND_SPEED,3.1,3.6,2.8,3.3,2.5,2.9,2.9,2.4,3,2.2,2,1.2,1.3,0.6,1.8,1.4,0.9,0.8,0.8,0.6,0.4,0.8,0.3,0.2,
新竹,2025/12/15 00:00:00,WS_HR,2.7,2.5,2.9,2.8,2.4,2.2,2.4,2.4,2.3,2.2,2,1.4,1.2,0.6,0.6,1.2,0.9,0.9,0.6,0.6,0.8,0.7,0.6,0.2,
新竹,2025/12/16 00:00:00,AMB_TEMP,18,17.5,17,16.6,16.4,16.3,16,16.3,17.8,20.1,21.5,22.3,22.5,22.2,22.3,22.3,21.8,21.2,20.7,20.1,19.8,19.1,18.5,18.3,
新竹,2025/12/16 00:00:00,CH4,2.66,2.61,2.43,2.41,2.5,2.44,2.37,2.43,2.4,2.25,2.15,2.11,2.08,2.07,2.09,2.07,2.08,2.13,2.17,2.18,2.19,2.23,2.25,2.23,
新竹,2025/12/16 00:00:00,CO,0.5,0.4,0.34,0.3,0.32,0.3,0.34,0.63,0.89,0.65,0.35,0.26,0.23,0.22,0.23,0.23,0.26,0.35,0.46,0.44,0.45,0.56,0.55,0.46,
新竹,2025/12/16 00:00:00,NMHC,0.23,0.18,0.15,0.16,0.17,0.14,0.15,0.23,0.29,0.2,0.11,0.06,0.04,0.03,0.03,0.04,0.06,0.15,0.19,0.22,0.17,0.25,0.24,0.19,
新竹,2025/12/16 00:00:00,NO,4.1,3.1,4.2,6,6.2,4.4,8.7,32.6,51.7,27.6,4.6,2.3,0.9,0.9,0.7,0.7,0.5,0.3,0.4,0.5,0.6,0.9,0.9,0.5,
新竹,2025/12/16 00:00:00,NO2,23,19.2,17.8,16.7,15.3,14.7,17.6,19.5,24.6,24.7,15.4,10,6.5,6.2,5.9,7.2,8.3,13.3,22.7,25.5,27.9,30.3,31,24.3,
新竹,2025/12/16 00:00:00,NOx,27.1,22.4,22,22.7,21.5,19.1,26.3,52.1,76.3,52.4,20,12.4,7.4,7.1,6.6,8,8.9,13.7,23.1,26,28.5,31.2,31.9,24.8,
新竹,2025/12/16 00:00:00,O3,0,0.1,#,#,#,1.3,0,0.4,1.3,11.6,28.9,41.2,47.7,50.4,53.3,49.8,48.1,39.6,32.5,27.7,20.9,12.6,8,12.5,
新竹,2025/12/16 00:00:00,PM10,21,23,17,17,21,24,21,30,36,41,43,47,34,37,36,36,32,31,37,38,34,34,45,40,
新竹,2025/12/16 00:00:00,PM2.5,13,16,15,12,14,14,13,18,16,24,23,16,13,20,14,12,11,9,18,18,14,18,19,25,
新竹,2025/12/16 00:00:00,RAINFALL,0,0,0,0,0,0,0,0,0,0,0,0,0,0,0,0,0,0,0,0,0,0,0,0,
新竹,2025/12/16 00:00:00,RH,76,81,82,84,84,83,83,82,77,71,69,71,72,75,71,71,74,76,76,78,73,76,78,79,
新竹,2025/12/16 00:00:00,SO2,1.3,1.5,1.6,1.5,1.5,1.6,2,2.2,2.2,2.2,2,1.8,1.8,1.6,1.6,1.9,1.9,2,2,2.4,3.1,2.6,2.2,2.4,
新竹,2025/12/16 00:00:00,THC,2.89,2.79,2.58,2.57,2.67,2.58,2.52,2.66,2.69,2.45,2.26,2.17,2.12,2.1,2.12,2.11,2.14,2.28,2.36,2.4,2.36,2.48,2.49,2.42,
新竹,2025/12/16 00:00:00,WD_HR,153,138,97,96,114,108,96,87,69,74,58,300,302,300,307,52,45,44,53,56,52,47,80,74,
新竹,2025/12/16 00:00:00,WIND_DIREC,164,84,92,90,112,129,90,81,78,10,67,314,301,295,15,63,37,54,52,50,47,29,80,34,
新竹,2025/12/16 00:00:00,WIND_SPEED,0.4,0.2,0.3,0.3,0.2,0.3,0.7,0.3,0.4,0.6,1,1.9,1.8,2.2,1.2,1.1,1.5,1.1,1.5,1.6,0.5,0.7,0.6,0.6,
新竹,2025/12/16 00:00:00,WS_HR,0.3,0.2,0.3,0.3,0.3,0.4,0.6,0.4,0.4,0.2,0.6,1.5,1.3,1.5,1.2,0.7,1.3,1.2,1,1.3,0.9,0.4,0.9,0.6,
新竹,2025/12/17 00:00:00,AMB_TEMP,17.8,17.6,17.4,17.4,17.2,17.2,17.6,18.1,19.9,21.9,24.4,25.6,25.8,24.9,23.7,23.5,23,22.2,21.6,21.5,21.1,20.7,20.6,20.6,
新竹,2025/12/17 00:00:00,CH4,2.21,2.18,2.18,2.12,2.12,2.18,2.1,2.1,2.1,2.12,2.09,#,2.09,2.06,#,2.05,2.06,2.06,2.07,2.09,2.1,2.1,2.11,2.12,
新竹,2025/12/17 00:00:00,CO,0.42,0.33,0.28,0.23,0.23,0.24,0.23,0.35,0.38,0.39,#,x,0.26,0.21,#,#,#,0.24,0.25,0.27,0.27,0.27,0.28,0.31,
新竹,2025/12/17 00:00:00,NMHC,0.17,0.12,0.09,0.08,0.08,0.07,0.05,0.09,0.09,0.13,0.14,#,0.1,0.06,#,0.07,0.1,0.11,0.1,0.12,0.12,0.11,0.1,0.08,
新竹,2025/12/17 00:00:00,NO,0.3,0.5,0.8,0.6,0.5,0.7,1.1,2.6,4.2,5.6,#,7.2,2.2,1.3,#,#,#,0.8,0.7,0.8,0.8,0.9,0.6,0.7,
新竹,2025/12/17 00:00:00,NO2,20.8,12.7,12.2,8,5.9,9.4,10.1,14.7,14.7,18.4,#,7.4,10.2,6.6,#,#,#,12.5,10.3,11.1,13.3,10.9,9,7.8,
新竹,2025/12/17 00:00:00,NOx,21.1,13.2,13,8.6,6.5,10.1,11.2,17.3,18.9,24,#,14.7,12.5,7.9,#,#,#,13.3,11.1,12,14.1,11.8,9.7,8.5,
新竹,2025/12/17 00:00:00,O3,14.7,18.4,16.4,20.8,20.5,13.7,19.2,15.8,20.1,21.8,35,#,#,#,#,41.5,37.2,#,#,#,#,43.1,47.9,50.5,
新竹,2025/12/17 00:00:00,PM10,34,31,21,20,17,18,20,15,18,22,#,17,26,28,26,26,27,29,24,23,26,31,40,55,
新竹,2025/12/17 00:00:00,PM2.5,21,17,14,13,14,11,11,8,11,9,10,#,4,6,7,11,8,8,11,11,11,13,18,19,
新竹,2025/12/17 00:00:00,RAINFALL,0,0,0,0,0,0,0,0,0,0,#,#,0,0,0,0,0,0,0,0,0,0,0,0,
新竹,2025/12/17 00:00:00,RH,81,80,77,76,77,78,78,79,72,69,57,45,48,56,62,63,67,73,75,71,75,76,73,73,
新竹,2025/12/17 00:00:00,SO2,1.8,1.9,2.1,1.8,1.2,1.5,1.5,1.4,1.7,1.8,#,x,1.5,1.2,#,#,#,1.5,1.4,1.3,1.4,1.2,1.5,1.6,
新竹,2025/12/17 00:00:00,THC,2.38,2.3,2.27,2.2,2.2,2.25,2.15,2.19,2.19,2.25,2.23,#,2.19,2.12,#,2.12,2.16,2.17,2.17,2.21,2.22,2.21,2.21,2.2,
新竹,2025/12/17 00:00:00,WD_HR,78,83,81,87,72,62,71,73,62,39,39,39,39,41,38,37,39,40,39,37,42,39,46,56,
新竹,2025/12/17 00:00:00,WIND_DIREC,74,80,91,92,44,86,57,61,74,28,43,42,37,35,35,40,38,42,52,42,48,36,50,59,
新竹,2025/12/17 00:00:00,WIND_SPEED,0.5,1.1,1.5,2.2,0.6,1.2,1,1.6,1.2,2.5,2.7,2.5,2.1,4.4,4.6,3.6,3.9,4.1,2.7,3.2,3.2,3.9,4,4.6,
新竹,2025/12/17 00:00:00,WS_HR,0.8,1.1,1,1.9,1,0.8,1.1,1.1,1,1.5,2.3,2.4,2.6,2.5,3.6,3.2,3.7,3.4,2.9,2.8,2.6,2.9,3,3.3,
新竹,2025/12/18 00:00:00,AMB_TEMP,20.4,20.2,20,19.8,19.8,19.9,20,20.4,21.1,21.8,22.9,23.7,24.3,24.4,23.8,23.3,22.7,22.3,21.8,21.9,21.6,21.2,20.9,20.3,
新竹,2025/12/18 00:00:00,CH4,2.11,2.11,2.13,2.13,2.13,2.13,2.14,2.14,#,#,2.12,2.12,2.12,2.13,2.13,2.15,2.15,2.19,2.19,2.23,2.22,2.24,2.28,2.33,
新竹,2025/12/18 00:00:00,CO,0.32,0.32,0.31,0.31,0.3,0.3,0.31,0.37,0.37,0.34,0.33,0.33,0.33,0.31,0.3,0.32,0.35,0.42,0.46,0.49,0.49,0.52,0.56,0.54,
新竹,2025/12/18 00:00:00,NMHC,0.07,0.07,0.05,0.05,0.06,0.06,0.07,0.08,#,#,0.1,0.07,0.09,0.07,0.06,0.08,0.09,0.13,0.15,0.16,0.15,0.15,0.18,0.19,
新竹,2025/12/18 00:00:00,NO,0.6,0.2,0.3,0.2,0.2,0.2,0.2,0.5,0.9,1.5,1.7,#,#,1.2,0.9,0.8,1.2,0.5,0.5,0.5,0.6,0.6,0.6,2,
新竹,2025/12/18 00:00:00,NO2,6.5,6,5.5,5.3,5.6,6,7.4,10.1,11.1,10,9.1,#,#,7.6,7.9,10.1,12.9,14.8,16.9,17.4,20.5,20.2,26.1,23.2,
新竹,2025/12/18 00:00:00,NOx,7.1,6.3,5.8,5.5,5.9,6.3,7.7,10.7,12,11.5,10.8,#,#,8.8,8.8,11,14.2,15.4,17.5,17.9,21.2,20.9,26.7,25.2,
新竹,2025/12/18 00:00:00,O3,53.6,56,55.8,54.7,52.5,49.2,45.7,41.9,40.5,42.1,44.9,47.2,47.5,49.1,45.5,39.6,34.4,31.2,28.8,27.1,23,20.3,9.3,7.4,
新竹,2025/12/18 00:00:00,PM10,55,50,53,52,57,51,50,46,50,35,38,25,28,21,19,19,20,16,16,14,14,14,16,18,
新竹,2025/12/18 00:00:00,PM2.5,25,24,24,16,22,21,20,19,17,13,11,12,12,11,8,3,9,8,7,8,9,12,12,15,
新竹,2025/12/18 00:00:00,RAINFALL,0,0,0,0,0,0,0,0,0,0,0,0,0,0,0,0,0,0,0,0,0,0,0,0,
新竹,2025/12/18 00:00:00,RH,73,74,75,75,75,74,73,73,70,66,61,58,57,57,61,65,70,72,74,74,75,78,80,84,
新竹,2025/12/18 00:00:00,SO2,2,1.4,1.4,1.4,1.4,1.5,1.3,1.5,1.6,1.4,1.4,1.3,1.3,1.4,1.4,1.1,1.1,1.2,1.4,1.2,1.3,1.4,1.6,1.5,
新竹,2025/12/18 00:00:00,THC,2.18,2.18,2.18,2.18,2.19,2.19,2.21,2.22,#,#,2.22,2.19,2.21,2.2,2.19,2.23,2.24,2.32,2.34,2.39,2.37,2.39,2.46,2.52,
新竹,2025/12/18 00:00:00,WD_HR,56,59,59,57,57,53,53,53,57,53,51,50,49,48,57,56,72,54,39,52,50,52,86,163,
新竹,2025/12/18 00:00:00,WIND_DIREC,49,61,54,55,58,50,56,51,54,47,54,38,46,57,57,51,53,58,331,58,51,29,88,167,
新竹,2025/12/18 00:00:00,WIND_SPEED,3.8,3.5,3.2,3.7,3.3,2.8,3.3,3.2,3.9,3.7,3.4,4.1,3.2,3.1,3.7,2.3,1.5,1.7,0.7,0.9,0.5,0.4,0.7,0.4,
新竹,2025/12/18 00:00:00,WS_HR,3.5,3.1,2.7,2.7,2.8,2.6,2.5,2.4,2.8,2.7,2.8,3.3,2.5,2.9,3,2.2,1.6,1.2,0.6,0.7,0.7,0.5,0.5,0.6,
新竹,2025/12/19 00:00:00,AMB_TEMP,20.2,19.9,19.7,19.7,20,20.3,20.3,20.4,21,21.7,22.6,22.5,22,21.9,21.5,21.2,20.6,20.3,20.2,20.4,20.6,20.3,20.3,20.4,
新竹,2025/12/19 00:00:00,CH4,2.34,2.4,2.31,2.3,2.45,2.43,2.38,2.4,2.37,2.31,2.18,2.14,2.1,2.08,2.09,2.1,2.11,2.11,2.14,2.14,2.21,2.18,2.18,2.23,
新竹,2025/12/19 00:00:00,CO,0.38,0.39,0.37,0.33,0.35,0.36,0.42,0.62,0.78,0.48,0.41,0.3,0.27,0.25,0.27,0.28,0.28,0.31,0.38,0.39,0.39,0.34,0.34,0.38,
新竹,2025/12/19 00:00:00,NMHC,0.13,0.14,0.13,0.13,0.15,0.15,0.16,0.22,0.28,0.18,0.2,0.08,0.06,0.05,0.09,0.08,0.05,0.06,0.14,0.12,0.15,0.1,0.14,0.16,
新竹,2025/12/19 00:00:00,NO,0.6,0.8,0.8,0.6,0.7,0.8,4.4,14.5,16.3,6.2,4.5,2.2,1.1,0.8,0.9,0.6,0.7,0.6,0.6,0.9,0.7,0.8,0.6,0.7,
新竹,2025/12/19 00:00:00,NO2,12.6,16.1,16,13.1,12.7,14.9,20,23.4,24.5,18.9,20.1,11.9,9,7.3,9.9,11,10.1,11.8,13.5,16.7,16.8,13.8,14.5,19.2,
新竹,2025/12/19 00:00:00,NOx,13.2,16.9,16.9,13.7,13.4,15.8,24.5,38,40.8,25.2,24.6,14.1,10.2,8.1,10.9,11.7,10.8,12.5,14.1,17.6,17.5,14.7,15.2,20,
新竹,2025/12/19 00:00:00,O3,11.2,6.2,6.6,12,13.8,11.4,5.3,0.8,3.5,16.2,22.7,33.3,37.8,39.1,35.7,36.8,38.9,37.5,34.3,25.6,20.6,27.3,22.5,12.2,
新竹,2025/12/19 00:00:00,PM10,14,21,24,18,17,24,25,29,36,41,38,29,25,28,29,29,33,40,52,32,30,40,39,42,
新竹,2025/12/19 00:00:00,PM2.5,12,11,14,7,9,12,17,21,15,21,18,16,15,16,15,21,16,12,23,22,21,20,23,28,
新竹,2025/12/19 00:00:00,RAINFALL,0,0,0,0,0,0,0,0,0,0,0,0,0,0,0,0,0,0,0.5,0.5,0,0,0,0,
新竹,2025/12/19 00:00:00,RH,85,86,88,88,88,88,88,86,83,84,82,86,88,88,90,92,94,92,94,93,92,96,97,95,
新竹,2025/12/19 00:00:00,SO2,1.1,0.6,1.1,1.3,1.4,1.2,1.1,1.2,1.6,1.1,1.2,1.2,0.9,0.7,0.7,0.8,0.6,0.8,0.9,1.1,1.1,1,1.1,1.1,
新竹,2025/12/19 00:00:00,THC,2.47,2.54,2.44,2.43,2.6,2.58,2.54,2.62,2.65,2.49,2.38,2.22,2.16,2.13,2.18,2.18,2.16,2.17,2.28,2.26,2.36,2.28,2.32,2.39,
新竹,2025/12/19 00:00:00,WD_HR,198,169,167,139,232,150,108,36,58,67,53,301,301,302,35,305,0,49,60,72,24,49,54,48,
新竹,2025/12/19 00:00:00,WIND_DIREC,266,164,157,154,97,151,66,72,37,75,44,303,312,19,296,290,46,60,82,18,117,41,51,54,
新竹,2025/12/19 00:00:00,WIND_SPEED,0.8,0.7,0.8,0.3,0.3,0.3,0.3,0.3,0.3,1.5,0.6,1.6,0.9,0.7,0.9,1,1.1,1.1,1.4,0.8,0.5,1.4,1.4,1,
新竹,2025/12/19 00:00:00,WS_HR,0.2,0.4,0.5,0.1,0.2,0.3,0.5,0.3,0.3,0.6,0.8,1.4,0.8,0.5,0.5,1.6,0.3,0.6,1,0.9,0.5,1.1,1.3,0.9,
新竹,2025/12/20 00:00:00,AMB_TEMP,20.4,20.6,20.6,20.6,20.6,20.5,20.6,20.7,21,21.4,22,22.6,23,23.2,23.2,23,22.3,22,21.9,21.7,21.6,21.7,21.8,21.5,
新竹,2025/12/20 00:00:00,CH4,2.16,2.17,2.13,2.13,2.14,2.13,2.12,2.13,2.15,2.14,2.12,2.12,2.1,2.11,2.11,2.11,2.1,2.12,2.14,2.14,2.11,2.08,2.12,2.17,
新竹,2025/12/20 00:00:00,CO,0.29,0.28,0.25,0.23,0.24,0.24,0.25,0.3,0.36,0.33,0.32,0.33,0.29,0.28,0.27,0.28,0.29,0.32,0.34,0.32,0.29,0.27,0.29,0.33,
新竹,2025/12/20 00:00:00,NMHC,0.12,0.11,0.09,0.06,0.09,0.08,0.07,0.1,0.12,0.14,0.12,0.1,0.1,0.07,0.09,0.11,0.12,0.1,0.1,0.1,0.07,0.06,0.07,0.11,
新竹,2025/12/20 00:00:00,NO,0.6,0.5,0.5,0.5,0.6,0.5,0.6,0.9,1,1.2,1.7,2.1,2.2,1.9,1.7,1.7,1,0.6,0.8,0.7,0.7,0.6,0.7,0.5,
新竹,2025/12/20 00:00:00,NO2,11.8,12.7,9.7,6.5,9,8,8.1,9.8,11.6,12.4,11.8,11.6,11.2,9.6,9.7,10,10.6,13.4,14.2,12.5,12.6,11.6,13,13.8,
新竹,2025/12/20 00:00:00,NOx,12.4,13.3,10.2,7,9.7,8.5,8.8,10.8,12.6,13.6,13.5,13.7,13.4,11.5,11.5,11.8,11.7,14,15.1,13.2,13.3,12.2,13.7,14.3,
新竹,2025/12/20 00:00:00,O3,25.6,23.7,29.7,33.8,27.9,31.6,30.2,27.7,24.9,25.7,28.5,29.4,30.4,32.2,33.5,35,34.1,30.6,30.3,30.7,28.1,25.5,17.4,14,
新竹,2025/12/20 00:00:00,PM10,39,35,40,24,31,30,28,23,35,36,28,25,31,29,30,35,32,29,32,34,33,23,20,22,
新竹,2025/12/20 00:00:00,PM2.5,22,26,20,20,18,16,15,9,18,15,22,15,18,15,18,17,13,19,14,21,20,13,11,13,
新竹,2025/12/20 00:00:00,RAINFALL,0,0,0,0,0,0,0,0,0,0,0,0,0,0,0,0,0,0,0,0,0,0,0,0,
新竹,2025/12/20 00:00:00,RH,95,93,93,90,90,91,91,92,92,91,88,84,82,83,83,85,87,88,89,90,90,90,88,89,
新竹,2025/12/20 00:00:00,SO2,0.8,1.2,1.3,1.1,1.1,1,1.1,1.3,1.2,1.5,1.3,1.1,1.2,1.5,1.5,1.4,1.4,1.5,1.4,1.4,1.4,1.4,1.3,1.3,
新竹,2025/12/20 00:00:00,THC,2.28,2.28,2.22,2.19,2.23,2.21,2.19,2.23,2.27,2.28,2.24,2.22,2.2,2.18,2.2,2.22,2.22,2.22,2.24,2.24,2.18,2.14,2.19,2.28,
新竹,2025/12/20 00:00:00,WD_HR,39,46,38,45,42,34,39,42,38,41,42,49,38,58,47,46,40,43,42,45,48,62,57,47,
新竹,2025/12/20 00:00:00,WIND_DIREC,30,37,37,52,43,53,37,35,42,40,39,63,44,62,44,39,39,59,36,42,55,75,50,43,
新竹,2025/12/20 00:00:00,WIND_SPEED,1.9,1.3,1.9,1.2,1.9,1,0.7,1,1.5,1.3,1.3,1.6,1.6,0.8,1.8,2.1,2,1.6,1.9,1.9,1.7,1.6,1.5,1.4,
新竹,2025/12/20 00:00:00,WS_HR,1.3,1,1.6,1.4,1.2,1.4,1,1.1,1.2,1,1.1,1,1.5,0.7,1.2,1.6,1.8,1.7,1.6,1.4,1.6,1.6,1.3,1.4,
新竹,2025/12/21 00:00:00,AMB_TEMP,21.3,21.3,21.5,21.7,21.1,20.6,20.3,20,20.5,20.6,20.4,20.5,20.3,20.1,19.9,19.7,19.5,19.2,19.2,19.1,18.9,19,19,18.9,
新竹,2025/12/21 00:00:00,CH4,2.14,2.16,2.12,2.07,2.11,2.13,2.14,2.16,2.17,2.2,2.19,2.16,2.13,2.1,2.09,2.08,2.08,2.07,2.07,2.08,2.08,2.07,2.07,2.07,
新竹,2025/12/21 00:00:00,CO,0.25,0.24,0.21,0.18,0.32,0.38,0.41,0.45,0.49,0.57,0.54,0.47,0.39,0.31,0.27,0.25,0.24,0.23,0.22,0.23,0.23,0.23,0.21,0.2,
新竹,2025/12/21 00:00:00,NMHC,0.09,0.08,0.06,0.03,0.05,0.06,0.06,0.06,0.07,0.08,0.07,0.06,0.06,0.05,0.04,0.04,0.04,0.05,0.05,0.05,0.05,0.04,0.03,0.04,
新竹,2025/12/21 00:00:00,NO,0.4,0.5,0.4,0.4,0.4,0.4,0.4,0.5,0.5,0.7,0.9,1,0.9,0.8,0.7,0.6,0.6,0.4,0.4,0.4,0.6,0.4,0.4,0.3,
新竹,2025/12/21 00:00:00,NO2,12.5,13.3,11.8,6.1,4.6,5.3,6.2,6.4,7.1,7.4,8.5,7.7,7,6.2,6,6.4,5.9,5.6,5.6,5.8,6.5,6.5,6.1,5.5,
新竹,2025/12/21 00:00:00,NOx,12.9,13.9,12.2,6.5,5,5.7,6.6,6.9,7.6,8.1,9.4,8.8,8,7.1,6.8,7.1,6.5,6,6.1,6.3,7.2,7,6.5,5.9,
新竹,2025/12/21 00:00:00,O3,17.5,15,20.6,32.2,43.1,47.1,43.9,41.9,40.8,39.6,38.9,40.4,39.8,39.4,39.4,39.2,38.6,37.3,36.9,35.8,33.6,33.3,33.2,33.2,
新竹,2025/12/21 00:00:00,PM10,26,17,17,17,59,80,78,73,77,87,75,62,54,48,48,48,42,37,34,34,27,26,20,25,
新竹,2025/12/21 00:00:00,PM2.5,11,10,12,11,27,42,38,41,44,47,41,28,24,23,20,19,17,12,14,14,11,13,9,10,
新竹,2025/12/21 00:00:00,RAINFALL,0,0,0,0,0,0,0,0,0,0,0,0,0,0,0,0,0,0,0,0,0,0,0,0,
新竹,2025/12/21 00:00:00,RH,91,92,91,89,89,87,87,87,83,79,78,75,74,74,72,71,71,72,70,69,69,69,70,70,
新竹,2025/12/21 00:00:00,SO2,1.8,2,1.7,1.5,1.6,1.4,1.4,1.4,1.6,1.5,1.8,1.7,1.6,1.6,1.8,1.6,1.9,1.9,1.7,1.6,1.5,1.7,1.8,2.1,
新竹,2025/12/21 00:00:00,THC,2.23,2.24,2.18,2.1,2.16,2.19,2.2,2.22,2.24,2.28,2.26,2.22,2.19,2.15,2.13,2.12,2.12,2.12,2.12,2.13,2.13,2.11,2.1,2.11,
新竹,2025/12/21 00:00:00,WD_HR,38,54,47,38,35,39,36,43,38,39,40,49,39,39,37,41,38,42,45,44,53,54,52,52,
新竹,2025/12/21 00:00:00,WIND_DIREC,63,55,53,39,36,38,42,41,36,38,35,56,37,39,40,42,40,37,52,48,55,55,43,47,
新竹,2025/12/21 00:00:00,WIND_SPEED,1.4,1.5,1.8,3.5,3.5,3.4,3.4,3.7,3.5,4.3,5.6,4.5,5.4,6.7,5.3,6.1,4.3,5.1,4.5,4,4.7,4.2,4.5,3.7,
新竹,2025/12/21 00:00:00,WS_HR,1.7,1.4,1.5,2.5,3.1,3,3.4,2.9,3.3,3.6,4.2,3.7,4.1,4.3,4.5,4.7,4.2,3.9,3.7,3.4,3.2,3.5,3.5,3.2,
新竹,2025/12/22 00:00:00,AMB_TEMP,19,18.9,18.9,18.9,18.8,18.9,18.9,19.1,20,20.8,22.1,22.8,23.4,23.5,23,22.6,21.6,20.8,20.2,20.1,20,20,19.9,19.7,
新竹,2025/12/22 00:00:00,CH4,2.07,2.06,2.09,2.08,2.09,2.11,2.1,2.12,2.11,2.1,2.11,2.1,2.11,2.11,2.11,2.11,2.12,2.14,2.13,2.12,2.11,2.12,2.15,2.16,
新竹,2025/12/22 00:00:00,CO,0.19,0.18,0.17,0.17,0.17,0.18,0.21,0.28,0.3,0.27,0.27,0.25,0.25,0.24,0.24,0.24,0.26,0.31,0.32,0.28,0.26,0.25,0.26,0.25,
新竹,2025/12/22 00:00:00,NMHC,0.03,0.02,0.02,0.03,0.03,0.03,0.04,0.06,0.07,0.06,0.07,0.07,0.07,0.05,0.05,0.07,0.08,0.1,0.1,0.07,0.06,0.04,0.05,0.06,
新竹,2025/12/22 00:00:00,NO,0.3,0,0.1,0,0,0.1,0.1,0.7,1.4,1.5,1.7,1.3,1.5,1.3,1.2,1.2,1,0.5,0.2,0.3,0.1,0.1,0.1,0.3,
新竹,2025/12/22 00:00:00,NO2,5.3,5,4.6,4.4,4.8,5.4,7.2,9.9,11,8.7,9.3,8.3,8.1,7.5,7.5,8.1,9.8,12.6,12.3,10.3,9.1,9.9,10.5,9.4,
新竹,2025/12/22 00:00:00,NOx,5.7,4.9,4.8,4.5,4.9,5.5,7.3,10.7,12.4,10.3,11.1,9.7,9.6,8.9,8.7,9.3,10.9,13.1,12.5,10.6,9.2,10.1,10.6,9.7,
新竹,2025/12/22 00:00:00,O3,34.5,37.4,38.1,37.7,36.7,35.8,33.8,31.1,32.6,37.3,37.6,39.3,39.2,38.9,37.4,35.8,33.7,29.7,31.2,32.9,33,31.3,29.2,28.9,
新竹,2025/12/22 00:00:00,PM10,17,17,19,21,17,16,18,20,28,29,29,28,25,20,17,20,25,20,23,24,18,17,17,13,
新竹,2025/12/22 00:00:00,PM2.5,8,5,6,9,11,9,9,8,10,9,12,7,5,5,6,7,9,7,11,8,5,0,3,6,
新竹,2025/12/22 00:00:00,RAINFALL,0,0,0,0,0,0,0,0,0,0,0,0,0,0,0,0,0,0,0,0,0,0,0,0,
新竹,2025/12/22 00:00:00,RH,69,68,66,67,68,68,69,69,66,62,58,56,55,56,58,59,61,68,67,69,70,71,72,73,
新竹,2025/12/22 00:00:00,SO2,1.5,1.8,2.1,2,1.9,1.8,2,2,2.1,2,1.7,1.7,1.7,1.6,1.7,1.6,1.6,1.8,1.6,1.5,1.7,1.8,1.7,1.7,
新竹,2025/12/22 00:00:00,THC,2.1,2.08,2.11,2.11,2.12,2.14,2.14,2.18,2.18,2.16,2.18,2.17,2.18,2.16,2.16,2.18,2.2,2.24,2.23,2.19,2.17,2.16,2.2,2.22,
新竹,2025/12/22 00:00:00,WD_HR,53,52,53,45,47,47,52,44,49,51,55,51,46,51,49,48,50,51,53,54,51,52,59,86,
新竹,2025/12/22 00:00:00,WIND_DIREC,53,45,62,39,52,51,48,41,60,48,56,49,41,51,53,37,52,50,51,46,45,57,80,129,
新竹,2025/12/22 00:00:00,WIND_SPEED,4,4.5,3.8,4.4,3.7,3.3,4.1,3.1,4.8,4.3,4,3.4,3.2,3.3,2.9,3.9,2.8,3,3,3.1,3.4,1.6,0.3,0.4,
新竹,2025/12/22 00:00:00,WS_HR,3.7,3.2,3.5,3.1,3,2.8,3,2.8,3.4,4,3.2,3.2,2.6,3.1,2.8,2.9,3,2.4,2.6,3,2.6,2.2,0.8,0.4,
新竹,2025/12/23 00:00:00,AMB_TEMP,18.6,18.1,18,18.1,18.4,18.5,18.8,19.2,20.5,22.4,24,25.3,25.8,25.6,23.6,22.9,21.9,21.4,21.8,22,21.7,21.5,21.2,20.6,
新竹,2025/12/23 00:00:00,CH4,2.33,2.29,2.38,2.25,2.26,2.35,2.34,2.32,2.3,2.21,2.16,2.12,2.08,2.11,2.08,2.05,2.05,2.08,2.12,2.13,2.14,2.19,2.38,2.35,
新竹,2025/12/23 00:00:00,CO,0.29,0.26,0.31,0.25,0.22,0.24,0.32,0.5,0.6,0.48,0.4,0.33,0.24,0.22,0.19,0.19,0.21,0.25,0.31,0.29,0.31,0.4,0.55,0.42,
新竹,2025/12/23 00:00:00,NMHC,0.1,0.08,0.11,0.09,0.07,0.09,0.11,0.15,0.2,0.22,0.16,0.13,0.09,0.06,0.02,0.03,0.04,0.05,0.1,0.12,0.11,0.17,0.23,0.24,
新竹,2025/12/23 00:00:00,NO,0.2,0.4,4.8,1.4,0.4,0.5,3.3,12.9,12.4,8.6,8.1,4.4,2,1.4,1.1,0.9,0.7,0.6,0.5,0.3,0.5,0.7,1.9,3.6,
新竹,2025/12/23 00:00:00,NO2,12.6,9.6,23.6,14.8,9.7,11.8,19.3,23.7,22,22,20.7,15.4,8.8,8.5,6.3,5.5,7.9,10.2,11.9,11.2,15.4,22.8,28.7,28.7,
新竹,2025/12/23 00:00:00,NOx,12.9,10.1,28.5,16.3,10.1,12.4,22.6,36.6,34.4,30.7,28.8,19.8,10.8,10,7.4,6.4,8.7,10.8,12.4,11.5,15.9,23.5,30.6,32.3,
新竹,2025/12/23 00:00:00,O3,15.2,14.7,0.3,9.8,13.1,7.3,4.3,2.3,10.5,19.3,26.5,24.7,33.7,39.6,38,39.4,37.8,32.6,29.1,29.4,22.8,12.4,4.4,0.5,
新竹,2025/12/23 00:00:00,PM10,11,15,13,12,12,10,13,16,22,32,#,27,25,24,22,25,39,42,33,27,30,33,34,29,
新竹,2025/12/23 00:00:00,PM2.5,4,9,6,3,6,5,8,10,8,13,15,#,7,3,5,6,9,8,11,17,10,11,12,11,
新竹,2025/12/23 00:00:00,RAINFALL,0,0,0,0,0,0,0,0,0,0,0,0,0,0,0,0,0,0,0,0,0,0,0,0,
新竹,2025/12/23 00:00:00,RH,79,83,85,83,83,83,83,83,80,78,71,67,68,70,80,84,88,90,89,89,89,90,91,93,
新竹,2025/12/23 00:00:00,SO2,1.9,1.2,1.4,1.8,1.8,1.7,1.6,1.5,1.4,2,2,1.7,1.7,1.6,1,0.9,0.8,0.9,1.1,1.3,1.4,1.9,1.6,1.6,
新竹,2025/12/23 00:00:00,THC,2.43,2.37,2.49,2.34,2.33,2.44,2.45,2.47,2.5,2.43,2.32,2.25,2.17,2.17,2.1,2.08,2.09,2.13,2.22,2.25,2.25,2.36,2.61,2.59,
新竹,2025/12/23 00:00:00,WD_HR,177,157,84,44,96,83,89,76,73,105,77,74,31,303,307,2,8,59,47,40,46,49,219,341,
新竹,2025/12/23 00:00:00,WIND_DIREC,177,108,33,113,89,46,83,68,148,103,93,48,336,298,65,295,349,83,51,46,65,85,271,110,
新竹,2025/12/23 00:00:00,WIND_SPEED,0.4,0.3,0.3,0.5,0.9,0.3,0.3,0.3,0.3,1,0.8,1.2,1.5,2.3,1.3,1.5,0.7,0.5,1.2,1.2,0.3,0.3,0.5,0.3,
新竹,2025/12/23 00:00:00,WS_HR,0.4,0.4,0.5,0.5,0.4,0.4,0.3,0.4,0.2,0.5,0.8,0.6,0.7,1.5,0.9,0.4,0.3,0.4,0.5,1.3,0.7,0.3,0.1,0.1,
新竹,2025/12/24 00:00:00,AMB_TEMP,20.8,20.4,19.8,19.3,19.2,18.9,18.5,19,20.9,22.8,23.4,24,24.9,24.7,24.9,25.1,23.6,22.3,21.9,22,22,21.7,21.2,21,
新竹,2025/12/24 00:00:00,CH4,2.31,2.34,2.21,2.24,2.16,2.18,2.16,2.22,2.25,2.13,2.09,2.07,2.07,2.06,2.07,2.08,2.1,2.09,2.14,2.15,2.16,2.17,2.18,2.16,
新竹,2025/12/24 00:00:00,CO,0.35,0.35,0.26,0.22,0.22,0.24,0.24,0.38,0.44,0.31,0.25,0.22,0.21,0.19,0.2,0.22,0.24,0.28,0.36,0.39,0.42,0.41,0.4,0.34,
新竹,2025/12/24 00:00:00,NMHC,0.21,0.17,0.1,0.09,0.07,0.09,0.07,0.16,0.21,0.12,0.1,0.1,0.07,0.07,0.1,0.1,0.1,0.13,0.14,0.13,0.15,0.16,0.15,0.09,
新竹,2025/12/24 00:00:00,NO,1.8,4.5,1.5,0.7,0.7,0.8,1.4,5.9,9.2,5.4,2.7,1.9,1.7,1.1,1.3,1.5,1,0.6,0.6,0.7,0.5,0.4,0.4,0.5,
新竹,2025/12/24 00:00:00,NO2,23.4,21.8,15.2,12.6,10.2,10.6,12.7,15.6,19.3,14.8,12.3,9.3,7.2,6.1,7.6,10.4,10.5,10.8,14.3,17.7,17.2,17.8,17.6,13.5,
新竹,2025/12/24 00:00:00,NOx,25.2,26.3,16.8,13.4,10.9,11.5,14.1,21.5,28.5,20.2,15.1,11.2,9,7.2,9,11.9,11.6,11.5,14.9,18.4,17.8,18.3,18,14,
新竹,2025/12/24 00:00:00,O3,5.4,0,4.2,4.1,7.8,5.6,6.2,5.3,11.9,24.6,31.8,39.1,43.4,44.9,43.6,40.2,39.3,39.3,35.8,31.9,32,32.7,31.8,35.4,
新竹,2025/12/24 00:00:00,PM10,34,21,24,20,21,18,20,13,32,26,34,39,27,34,31,34,44,38,41,36,39,42,41,40,
新竹,2025/12/24 00:00:00,PM2.5,16,17,11,9,16,13,7,6,10,15,15,9,6,7,17,10,14,12,18,11,16,17,20,21,
新竹,2025/12/24 00:00:00,RAINFALL,0,0,0,0,0,0,0,0,0,0,0,0,0,0,0,0,0,0,0,0,0,0,0,0,
新竹,2025/12/24 00:00:00,RH,93,89,85,87,87,89,84,83,85,81,79,75,70,69,68,67,71,76,78,77,77,77,81,82,
新竹,2025/12/24 00:00:00,SO2,2,1.5,1.6,1.5,2.4,1.9,1.8,2.1,2.5,2.2,1.8,1.6,1.4,1.7,1.9,1.9,1.7,1.9,1.8,2.1,2.3,2.3,2.3,2.2,
新竹,2025/12/24 00:00:00,THC,2.52,2.51,2.31,2.33,2.23,2.27,2.23,2.38,2.46,2.25,2.19,2.17,2.14,2.13,2.17,2.18,2.2,2.22,2.28,2.28,2.31,2.33,2.33,2.25,
新竹,2025/12/24 00:00:00,WD_HR,70,90,86,76,56,83,46,32,43,47,39,45,46,40,45,54,41,40,43,50,41,43,46,51,
新竹,2025/12/24 00:00:00,WIND_DIREC,74,86,89,39,74,50,33,40,56,35,46,45,42,45,37,49,37,43,51,54,38,49,44,53,
新竹,2025/12/24 00:00:00,WIND_SPEED,0.4,0.3,0.3,0.7,0.5,0.4,0.7,2,1.7,2.3,2.4,2.5,2.3,2.3,0.9,1.5,3.1,2.4,1.9,2.5,1.6,1.8,1.6,0.9,
新竹,2025/12/24 00:00:00,WS_HR,0.3,0.4,1,0.9,0.5,0.8,0.8,1.1,1.7,1.7,2,1.4,1.8,2.1,1.5,0.7,1.7,2.3,1.5,1.7,1.4,1.5,1.4,1.1,
新竹,2025/12/25 00:00:00,AMB_TEMP,20.6,20.3,20,20.3,20,19.3,17.6,16.1,15.4,15.5,15.6,15.6,15.3,15,14.7,14.7,14.5,13.9,13.9,13.4,13.6,13.9,14.2,14.1,
新竹,2025/12/25 00:00:00,CH4,2.15,2.17,2.19,2.16,2.13,2.13,2.15,2.16,2.17,2.16,2.16,2.17,2.16,2.15,2.14,2.15,2.14,2.13,2.12,2.11,2.11,2.12,2.13,2.12,
新竹,2025/12/25 00:00:00,CO,0.33,0.33,0.33,0.3,0.28,0.28,0.35,0.38,0.38,0.37,0.38,0.41,0.39,0.34,0.34,0.37,0.36,0.32,0.28,0.25,0.23,0.22,0.22,0.21,
新竹,2025/12/25 00:00:00,NMHC,0.07,0.08,0.09,0.06,0.07,0.06,0.08,0.09,0.08,0.09,0.09,0.1,0.1,0.08,0.1,0.09,0.09,0.07,0.07,0.06,0.06,0.04,0.04,0.04,
新竹,2025/12/25 00:00:00,NO,0.5,0.3,0.2,0.4,0.3,0.3,0.4,0.5,0.8,1.3,2,2.4,2.1,1.5,1.4,1.3,0.8,0.8,0.7,0.6,0.5,0.5,0.4,0.3,
新竹,2025/12/25 00:00:00,NO2,11.8,10.4,9.8,8.5,6.8,4.6,5.4,7.2,7.7,8.1,8.5,9.1,9.1,8.5,8.7,9.4,9.8,9.1,9.1,7.9,7.7,6.7,6.9,6.9,
新竹,2025/12/25 00:00:00,NOx,12.4,10.7,10,8.9,7.1,5,5.9,7.7,8.6,9.5,10.5,11.6,11.2,10,10.1,10.7,10.6,9.9,9.8,8.5,8.3,7.3,7.4,7.2,
新竹,2025/12/25 00:00:00,O3,35.9,36.3,32.1,30.8,29.7,27.5,20.9,17.4,19.9,22,22.2,21.7,24,28.1,28.1,26.2,25.6,28.7,30.5,32,32.2,33.6,34.7,33.9,
新竹,2025/12/25 00:00:00,PM10,38,38,39,30,33,26,10,11,7,12,7,9,10,7,19,24,17,21,28,23,20,21,27,28,
新竹,2025/12/25 00:00:00,PM2.5,17,18,23,18,14,11,5,1,1,4,3,5,4,1,7,9,8,11,14,9,6,14,12,12,
新竹,2025/12/25 00:00:00,RAINFALL,0,0,0,0,0,0.5,0,0,0,0,0,0,0,0,0,0,0,0.5,0,0,0,0,0,0,
新竹,2025/12/25 00:00:00,RH,84,84,84,83,85,88,90,91,89,88,86,85,86,86,85,85,85,88,85,88,84,79,73,76,
新竹,2025/12/25 00:00:00,SO2,1.9,1.6,1.8,1.7,1.5,1.5,1.4,1.4,1.7,1.7,1.5,1.7,1.7,1.7,1.4,1.7,1.8,1.9,2,2,2.1,2.1,2.2,2.2,
新竹,2025/12/25 00:00:00,THC,2.22,2.25,2.28,2.22,2.2,2.19,2.23,2.25,2.25,2.25,2.25,2.27,2.26,2.23,2.24,2.24,2.23,2.2,2.19,2.17,2.17,2.16,2.17,2.16,
新竹,2025/12/25 00:00:00,WD_HR,52,49,51,51,37,39,40,44,44,40,39,40,39,41,40,38,40,40,45,45,54,53,54,55,
新竹,2025/12/25 00:00:00,WIND_DIREC,52,50,65,33,38,42,39,49,35,44,40,36,42,43,37,40,34,43,51,52,59,54,54,58,
新竹,2025/12/25 00:00:00,WIND_SPEED,1.1,1.5,2,1.6,3.6,4.1,3.6,2.6,4,3.9,4.3,4,4.9,4.4,4.2,4.1,5,3.7,4.1,3.8,4.5,3.8,4.3,4.3,
新竹,2025/12/25 00:00:00,WS_HR,1.1,1.4,1.5,1.7,2.4,2.9,3.2,2.8,3,3.4,3.9,3.7,3.6,3.3,3.7,3.6,3.9,3.5,3.4,3.4,3.3,3.2,3.3,3.8,
新竹,2025/12/26 00:00:00,AMB_TEMP,13.9,13.7,13.9,14.3,14.3,14.3,14.3,14.3,14.2,14.7,14.9,15,14.8,14.2,14.4,14.6,14.8,14.9,15,14.8,14.9,15.4,15.5,15.8,
新竹,2025/12/26 00:00:00,CH4,2.13,2.13,2.13,2.13,2.12,2.11,2.09,2.11,2.11,2.11,2.09,2.09,2.08,2.08,2.09,2.11,2.11,2.12,2.11,2.13,2.12,2.1,2.1,2.1,
新竹,2025/12/26 00:00:00,CO,0.21,0.23,0.24,0.25,0.23,0.21,0.21,0.26,0.31,0.3,0.23,0.24,0.22,0.2,0.21,0.25,0.27,0.29,0.28,0.28,0.26,0.24,0.21,0.19,
新竹,2025/12/26 00:00:00,NMHC,0.04,0.05,0.06,0.06,0.06,0.05,0.05,0.06,0.09,0.1,0.07,0.09,0.07,0.05,0.06,0.11,0.12,0.12,0.1,0.1,0.09,0.08,0.06,0.05,
新竹,2025/12/26 00:00:00,NO,0.4,0.5,0.5,0.4,0.5,0.5,0.6,0.9,1.5,2.1,1.8,2.3,1.5,1.1,1.2,1.3,1.2,0.9,0.9,0.6,0.6,0.6,0.6,0.4,
新竹,2025/12/26 00:00:00,NO2,5.5,5.6,5.7,5.3,5.5,5.4,6,9.7,14.1,15.9,11.6,12.1,11.1,9.3,10.4,12.8,15.8,15.2,13,13.1,11.8,10.2,7.9,7.2,
新竹,2025/12/26 00:00:00,NOx,6,6.2,6.2,5.7,6,5.9,6.6,10.7,15.7,18.1,13.5,14.4,12.6,10.5,11.7,14.1,17,16.1,13.9,13.7,12.4,10.8,8.5,7.7,
新竹,2025/12/26 00:00:00,O3,35.1,33.2,32.4,32.1,31.2,31.1,31.5,26,21.9,22.6,27.2,26.1,27.9,29.1,27.8,24.6,22.5,23.2,26.9,24.7,26.8,29.5,31,31.9,
新竹,2025/12/26 00:00:00,PM10,32,29,32,38,32,26,31,28,29,28,23,17,21,9,14,11,14,8,9,11,10,9,6,6,
新竹,2025/12/26 00:00:00,PM2.5,11,17,14,16,16,10,8,12,10,6,8,8,8,5,6,6,8,9,6,4,4,3,2,6,
新竹,2025/12/26 00:00:00,RAINFALL,0,0,0,0,0,0,0,0,0,0,0,0,0,0,0,0,0,0,0,0,0,0,0,0,
新竹,2025/12/26 00:00:00,RH,75,78,75,67,65,64,64,68,73,69,70,70,71,77,78,80,82,83,83,85,84,82,81,79,
新竹,2025/12/26 00:00:00,SO2,1.6,1.4,1.5,1.4,1.4,1.4,1.4,1.5,1.6,1.6,1.3,1.4,1.3,1.1,1.4,1.6,1.3,1.4,1.3,1.1,1.1,1.3,1.3,1,
新竹,2025/12/26 00:00:00,THC,2.17,2.18,2.19,2.19,2.18,2.16,2.14,2.17,2.2,2.21,2.16,2.18,2.15,2.13,2.15,2.22,2.23,2.24,2.21,2.23,2.21,2.18,2.16,2.15,
新竹,2025/12/26 00:00:00,WD_HR,58,58,53,54,55,54,50,55,54,55,56,54,53,60,55,55,52,53,60,45,53,53,54,52,
新竹,2025/12/26 00:00:00,WIND_DIREC,61,56,48,61,60,47,50,53,46,57,55,63,50,57,52,56,46,50,49,35,56,52,53,53,
新竹,2025/12/26 00:00:00,WIND_SPEED,3.6,4.3,3.7,3.3,3.4,4.1,3.3,3.7,3.6,5,4.3,4.4,5.1,4.4,3.2,3.4,2.6,3.3,3.4,2.5,3,2.9,2.4,2.4,
新竹,2025/12/26 00:00:00,WS_HR,3.4,3.7,2.9,3.2,3,3.3,3,3,3.2,3.2,3.7,3.7,3.8,3.6,3.5,2.4,2.6,2.6,2.7,2.4,2.2,2.3,1.9,1.9,
新竹,2025/12/27 00:00:00,AMB_TEMP,15.8,15.9,16.1,16,15.9,16,15.8,15.7,15.7,16.1,17,17.9,18.2,18.5,#,17.6,17.3,16.6,16.4,16.5,16.7,16.7,16.5,16.9,
新竹,2025/12/27 00:00:00,CH4,2.11,2.12,2.12,2.13,2.12,2.12,2.1,2.15,2.16,2.14,2.13,2.1,2.14,2.1,#,2.08,2.08,2.07,2.1,2.11,2.09,2.07,2.08,2.1,
新竹,2025/12/27 00:00:00,CO,0.2,0.18,0.17,0.18,0.16,0.17,0.17,0.24,0.25,0.27,0.27,0.24,0.28,0.22,#,0.19,0.2,0.2,0.23,0.23,0.21,0.17,0.18,0.18,
新竹,2025/12/27 00:00:00,NMHC,0.06,0.05,0.03,0.06,0.05,0.03,0.03,0.08,0.08,0.11,0.09,0.06,0.1,0.08,#,0.06,0.05,0.04,0.06,0.06,0.05,0.03,0.04,0.03,
新竹,2025/12/27 00:00:00,NO,0.6,0.3,0.3,0.5,0.4,0.2,0.3,0.3,1,1.9,2.7,2.1,1.7,1.5,#,0.6,0.4,0.5,0.7,0.6,0.5,0.5,0.5,0.5,
新竹,2025/12/27 00:00:00,NO2,7.2,7.3,6.2,6.4,5.6,5.8,6.1,9,13.4,14.5,13.8,11.2,12.8,10.9,#,5.9,7.6,8.8,9.8,11.9,9.5,5.7,5.4,5.8,
新竹,2025/12/27 00:00:00,NOx,7.8,7.6,6.5,6.9,6,6.1,6.4,9.3,14.4,16.4,16.6,13.4,14.6,12.4,#,6.5,8,9.4,10.6,12.5,10.1,6.2,5.9,6.3,
新竹,2025/12/27 00:00:00,O3,31.2,31,32.3,31.8,32.2,30.6,31.8,26.5,22.1,22,23.8,28.5,26.7,31.3,#,34.5,33,31,28.5,25.9,29.3,33.3,31.8,31.6,
新竹,2025/12/27 00:00:00,PM10,5,2,3,7,8,4,2,3,10,7,9,8,11,16,15,20,13,10,8,8,8,4,1,2,
新竹,2025/12/27 00:00:00,PM2.5,7,8,1,0,11,6,5,4,7,4,7,5,0,3,4,4,3,1,2,5,3,4,3,0,
新竹,2025/12/27 00:00:00,RAINFALL,0,0,0,0,0,0,0,0.5,0.5,0,0,0,0,0,#,0,0,0,0,0,0,0,0,0,
新竹,2025/12/27 00:00:00,RH,80,80,79,81,82,83,88,91,92,92,88,82,80,79,#,80,81,85,87,88,89,90,89,87,
新竹,2025/12/27 00:00:00,SO2,1,1.4,1.2,1,1.2,1.2,1.3,1.2,1.2,1.1,1.2,1.1,1.3,1.7,#,1.4,1.3,1.3,1.3,1.2,1.1,1.3,1,1.1,
新竹,2025/12/27 00:00:00,THC,2.17,2.17,2.15,2.19,2.17,2.15,2.13,2.23,2.24,2.25,2.22,2.16,2.24,2.18,#,2.14,2.13,2.11,2.16,2.17,2.14,2.1,2.12,2.13,
新竹,2025/12/27 00:00:00,WD_HR,38,47,44,37,58,54,60,38,46,43,56,60,47,40,#,40,56,57,41,52,49,56,51,55,
新竹,2025/12/27 00:00:00,WIND_DIREC,38,40,37,47,71,42,42,50,52,42,79,27,45,39,40,38,60,48,36,60,44,52,49,53,
新竹,2025/12/27 00:00:00,WIND_SPEED,2.6,1.2,1,1.8,2.4,1.2,1,1.3,1.1,1.7,1.2,0.9,1,2.5,3.7,2.5,2.5,2.6,2.2,1.8,1.9,2.5,2.4,1.8,
新竹,2025/12/27 00:00:00,WS_HR,2,1.3,1.3,1.8,1.6,1.1,0.9,0.9,1.4,0.9,1.1,0.9,0.8,1.8,#,2.4,2.2,2.2,1.7,1.6,1.6,2.3,2.1,1.9,
新竹,2025/12/28 00:00:00,AMB_TEMP,17.2,17.3,17.5,17.3,17.3,17.4,17.6,17.7,18.2,19.2,19.7,18.9,18.4,18,17.8,17.6,17.8,17.5,17.5,17.4,17.6,17.8,17.7,17.9,
新竹,2025/12/28 00:00:00,CH4,2.09,2.09,2.09,2.09,2.11,2.11,2.1,2.1,2.11,2.12,2.1,2.07,2.07,2.07,2.07,2.07,2.05,2.07,2.13,2.14,2.1,2.1,2.11,2.11,
新竹,2025/12/28 00:00:00,CO,0.15,0.13,0.14,0.16,0.16,0.17,0.17,0.19,0.21,0.24,0.23,0.19,0.18,0.18,0.17,0.17,0.16,0.19,0.26,0.28,0.23,0.21,0.2,0.18,
新竹,2025/12/28 00:00:00,NMHC,0.01,0.01,0.01,0.04,0.04,0.04,0.05,0.05,0.05,0.06,0.06,0.05,0.04,0.05,0.04,0.04,0.04,0.04,0.09,0.1,0.07,0.05,0.06,0.04,
新竹,2025/12/28 00:00:00,NO,0.3,0.7,0.6,0.8,0.9,0.9,0.6,0.8,1.2,1.5,1.6,1.4,1.3,1,1.1,1,0.9,1,0.8,0.8,0.8,0.7,0.9,0.6,
新竹,2025/12/28 00:00:00,NO2,4.6,3.4,4.1,3.6,3.6,3.9,4.5,5,6.2,7.9,8,5.6,4.6,4.6,4.7,4.5,5.3,7.1,10.6,11.9,10.1,8.5,7.9,8.2,
新竹,2025/12/28 00:00:00,NOx,5,4.1,4.8,4.5,4.5,4.8,5.1,5.8,7.4,9.4,9.7,7.1,6,5.7,5.9,5.5,6.3,8.1,11.4,12.8,11,9.2,8.8,8.8,
新竹,2025/12/28 00:00:00,O3,33.3,34,33.9,34,33.7,33.1,32.3,31.6,30.8,30.1,32.5,35.6,36.9,37.4,38.3,39.2,37.9,35.2,29.7,26.6,30.8,32.1,31.6,30.3,
新竹,2025/12/28 00:00:00,PM10,2,0,0,3,3,5,4,8,9,8,11,16,17,12,12,9,17,17,9,8,5,11,11,9,
新竹,2025/12/28 00:00:00,PM2.5,0,0,7,0,0,4,7,4,7,6,4,4,6,8,7,4,5,4,4,8,5,1,3,4,
新竹,2025/12/28 00:00:00,RAINFALL,0,0,0,0,0,0,0,0,0,0,0,0,0,0,0,0,0,0,0,0,0,0,0,0,
新竹,2025/12/28 00:00:00,RH,83,81,80,83,83,83,84,84,83,81,80,86,88,88,85,83,79,80,82,84,82,81,82,82,
新竹,2025/12/28 00:00:00,SO2,1.6,1.1,1.2,1.1,1.3,1.1,1.2,1.2,1.5,1.6,1.7,1.5,1.4,1.4,1.6,1.3,1.5,1.7,1.4,1.6,1.4,1.7,1.9,2,
新竹,2025/12/28 00:00:00,THC,2.1,2.1,2.1,2.13,2.15,2.15,2.15,2.15,2.16,2.18,2.16,2.12,2.11,2.12,2.11,2.11,2.09,2.11,2.22,2.24,2.17,2.15,2.17,2.15,
新竹,2025/12/28 00:00:00,WD_HR,56,52,52,37,42,34,33,32,46,40,38,47,41,39,41,41,69,65,40,58,56,52,56,51,
新竹,2025/12/28 00:00:00,WIND_DIREC,52,50,54,40,33,41,32,35,30,34,40,50,39,37,36,39,73,46,57,51,53,54,59,51,
新竹,2025/12/28 00:00:00,WIND_SPEED,1.9,1.5,1.9,1.9,1.8,1.9,2.3,1.6,1.7,2.1,2.2,2.3,3.5,3.4,3.5,3.3,3,1.6,2.2,1.7,2.4,1.9,2,1.8,
新竹,2025/12/28 00:00:00,WS_HR,1.6,1.4,1.6,1.8,1.3,1.5,2,2,1.5,1.4,1.8,1.9,2.6,2.6,2.7,2.6,2.2,1.9,1.9,1.6,2.1,2,1.8,1.6,
新竹,2025/12/29 00:00:00,AMB_TEMP,18,17.9,17.9,18.1,17.9,17.8,17.9,18.5,19.4,20.7,22,23.5,24.2,24.5,24.4,24.1,23.5,22.6,21.8,21.5,21.2,20.8,19.9,19.4,
新竹,2025/12/29 00:00:00,CH4,2.11,2.13,2.16,2.14,2.17,2.22,2.18,2.14,2.14,2.12,2.11,2.1,2.1,2.09,2.08,2.09,2.09,2.14,2.18,2.2,2.17,2.15,2.36,2.43,
新竹,2025/12/29 00:00:00,CO,0.17,0.18,0.22,0.2,0.21,0.22,0.2,0.26,0.3,0.29,0.28,0.24,0.22,0.21,0.2,0.22,0.24,0.33,0.41,0.43,0.44,0.41,0.52,0.53,
新竹,2025/12/29 00:00:00,NMHC,0.04,0.06,0.06,0.07,0.09,0.1,0.09,0.08,0.08,0.09,0.11,0.11,0.1,0.09,0.07,0.09,0.1,0.13,0.17,0.18,0.18,0.15,0.2,0.23,
新竹,2025/12/29 00:00:00,NO,0.8,0.3,0.5,0.2,0.3,0.4,0.5,1.1,2.1,2.8,3.4,3,2.4,1.8,1.6,1.6,1.4,0.9,0.5,1,1.5,0.8,2.5,5.9,
新竹,2025/12/29 00:00:00,NO2,8.6,6.5,7.5,8.7,8.5,10.4,11.9,12.2,12.7,12.3,12.4,10.4,8.9,8.3,7.8,9.6,12.4,15,18.6,22.8,28,22.5,25.3,24.3,
新竹,2025/12/29 00:00:00,NOx,9.4,6.9,8.1,8.9,8.9,10.9,12.5,13.3,14.8,15.1,15.8,13.5,11.4,10.1,9.5,11.2,13.9,15.9,19.1,23.8,29.5,23.3,27.8,30.3,
新竹,2025/12/29 00:00:00,O3,31.2,31.9,29,28.6,27.8,22.6,23.8,25.2,26.6,31.5,33.5,37.2,41.6,41.8,38.1,35.3,30.5,25.7,21.8,14.9,10.7,14.4,4.2,0,
新竹,2025/12/29 00:00:00,PM10,9,9,5,11,10,8,16,11,18,21,23,23,16,19,13,16,12,17,16,18,18,11,14,15,
新竹,2025/12/29 00:00:00,PM2.5,2,3,5,4,5,5,5,4,3,3,11,7,0,0,2,4,5,4,8,12,7,8,7,9,
新竹,2025/12/29 00:00:00,RAINFALL,0,0,0,0,0,0,0,0,0,0,0,0,0,0,0,0,0,0,0,0,0,0,0,0,
新竹,2025/12/29 00:00:00,RH,83,85,86,86,88,89,86,85,79,67,62,56,54,52,53,53,54,59,64,66,68,70,78,83,
新竹,2025/12/29 00:00:00,SO2,2.4,1.5,1.4,1.6,1.7,1.7,1.5,1.5,1.5,2.1,2,1.7,1.8,1.5,1.6,1.6,1.2,1.4,1.4,1.8,2.1,1.7,1.6,1.8,
新竹,2025/12/29 00:00:00,THC,2.15,2.19,2.22,2.21,2.26,2.32,2.27,2.22,2.22,2.21,2.22,2.21,2.2,2.18,2.15,2.18,2.19,2.27,2.35,2.38,2.35,2.3,2.56,2.66,
新竹,2025/12/29 00:00:00,WD_HR,50,49,47,39,41,46,47,48,54,50,43,43,42,36,47,41,53,46,42,52,81,89,91,89,
新竹,2025/12/29 00:00:00,WIND_DIREC,37,53,45,36,42,47,43,51,55,45,36,42,49,38,33,42,49,39,42,61,84,83,91,75,
新竹,2025/12/29 00:00:00,WIND_SPEED,1.5,1.8,1.4,1.7,1.3,1.4,1.7,2.6,3,3.1,3,3.5,3.2,2.4,2.6,2.9,2.2,1.6,1,0.9,0.5,0.7,0.6,0.3,
新竹,2025/12/29 00:00:00,WS_HR,1.4,1.5,1.4,1.6,1.3,1.3,1.4,1.8,2.2,2.5,2.2,2.4,2.7,2.3,2.1,2.4,1.9,1.4,1,0.8,0.5,0.6,0.4,0.3,
新竹,2025/12/30 00:00:00,AMB_TEMP,19.1,18.8,18.5,18.5,18.5,18.7,18.7,19.4,19.1,18.9,19.3,19.7,19.7,19.8,19.9,20.1,19.9,19.2,19.5,19.5,19.1,19.2,19.1,18.9,
新竹,2025/12/30 00:00:00,CH4,2.43,2.7,2.52,2.36,2.39,2.27,2.2,2.08,2.06,2.05,2.06,#,2.04,2.04,2.05,2.04,2.04,2.04,2.05,2.05,2.04,2.03,2.06,2.07,
新竹,2025/12/30 00:00:00,CO,0.42,0.43,0.33,0.25,0.23,0.22,0.24,0.25,0.24,0.21,0.21,#,0.19,0.18,0.19,0.18,0.2,0.22,0.23,0.22,0.19,0.18,0.2,0.19,
新竹,2025/12/30 00:00:00,NMHC,0.2,0.25,0.17,0.13,0.12,0.1,0.09,0.06,0.09,0.08,0.07,#,0.07,0.06,0.07,0.05,0.06,0.08,0.07,0.07,0.04,0.04,0.05,0.05,
新竹,2025/12/30 00:00:00,NO,5,7.8,6.8,4.4,3,1.5,1.8,1.3,0.6,0.8,0.8,#,0.8,0.6,0.6,0.6,0.8,0.6,0.5,0.4,0.2,0.3,0.3,0.3,
新竹,2025/12/30 00:00:00,NO2,22.2,20.7,17.6,16.2,15.4,15.4,16.8,11.2,9.7,9.1,9.1,#,8.3,7.4,8,7.4,9.7,10.9,10.1,9.5,7.5,5.9,6.7,7.8,
新竹,2025/12/30 00:00:00,NOx,27.2,28.5,24.5,20.6,18.4,16.9,18.6,12.6,10.3,10,9.9,#,9.2,8,8.6,8.1,10.5,11.5,10.6,10,7.8,6.3,7,8.1,
新竹,2025/12/30 00:00:00,O3,0,#,#,0,#,4.3,6.1,31,34.9,36.4,36.2,37,#,32.1,35,37.9,35.9,36.2,39.3,38.9,40.2,40.9,37.8,37.3,
新竹,2025/12/30 00:00:00,PM10,16,14,9,14,14,12,16,9,17,11,12,18,#,21,31,24,21,23,22,25,16,20,18,19,
新竹,2025/12/30 00:00:00,PM2.5,5,10,8,9,7,11,9,12,7,8,6,#,8,6,8,12,9,8,12,14,11,9,4,6,
新竹,2025/12/30 00:00:00,RAINFALL,0,0,0,0,0,0,0,0,0,0,0,#,#,0,0,0,0,0,0,0,0,0,0,0,
新竹,2025/12/30 00:00:00,RH,83,84,84,84,82,83,87,92,91,91,87,85,85,83,82,78,79,81,77,78,82,80,75,69,
新竹,2025/12/30 00:00:00,SO2,1.6,1.7,1.7,1.7,1.8,2.1,2,1.6,1.6,1.7,1.6,#,1.5,1.4,1.7,1.7,1.6,1.9,2,1.9,1.8,1.9,2,1.9,
新竹,2025/12/30 00:00:00,THC,2.63,2.95,2.69,2.49,2.51,2.37,2.29,2.14,2.15,2.13,2.13,#,2.11,2.1,2.12,2.09,2.1,2.12,2.12,2.12,2.08,2.07,2.11,2.12,
新竹,2025/12/30 00:00:00,WD_HR,117,111,101,86,62,77,71,44,40,40,39,40,38,36,41,39,53,57,49,48,41,49,54,55,
新竹,2025/12/30 00:00:00,WIND_DIREC,170,104,78,94,58,63,56,32,38,35,31,40,40,37,40,42,54,54,44,44,40,43,50,53,
新竹,2025/12/30 00:00:00,WIND_SPEED,0.5,0.4,0.2,0.3,0.2,0.6,1,2.6,3.4,3.4,3.4,3.8,3.1,2.9,3.5,3.3,3.3,3.3,2.8,3.4,3.5,3.4,3.2,3.4,
新竹,2025/12/30 00:00:00,WS_HR,0.3,0.2,0.2,0.3,0.2,0.3,0.6,1.9,2.3,2.7,2.7,2.6,3,2.9,2.6,2.9,2.5,2.7,2.7,2.6,3,3,2.6,2.7,
新竹,2025/12/31 00:00:00,AMB_TEMP,18.9,18.6,18.5,18.8,18.8,18.1,17.3,17.1,17.3,17.6,17.7,17.7,17.5,17.5,17.9,18.3,17.8,17.5,17.3,17.3,17.3,17.1,17,16.8,
新竹,2025/12/31 00:00:00,CH4,2.1,2.08,2.11,2.08,2.07,2.08,2.09,2.08,2.08,2.08,2.11,2.1,2.1,2.1,2.09,2.08,2.08,2.08,2.08,2.08,2.08,2.06,2.06,2.07,
新竹,2025/12/31 00:00:00,CO,0.22,0.19,0.17,0.15,0.14,0.2,0.21,0.24,0.24,0.24,0.26,0.25,0.23,0.22,0.21,0.21,0.23,0.26,0.25,0.23,0.21,0.2,0.19,0.19,
新竹,2025/12/31 00:00:00,NMHC,0.05,0.07,0.06,0.05,0.04,0.02,0.03,0.05,0.05,0.07,0.1,0.11,0.07,0.08,0.05,0.05,0.06,0.07,0.06,0.06,0.05,0.04,0.03,0.02,
新竹,2025/12/31 00:00:00,NO,0.3,0.6,0.5,0.5,0.6,0.4,0.5,0.9,1,1.3,1.8,1.5,0.9,1.1,1.4,1.3,0.9,0.8,0.6,0.7,0.6,0.5,0.5,0.6,
新竹,2025/12/31 00:00:00,NO2,7.6,8.7,8.1,6,4.9,4.4,5.3,7.2,8.1,8.6,10.2,10.3,7.3,7.6,7.6,6.6,7.2,8.5,7.5,7.7,8,5.6,5.7,5.6,
新竹,2025/12/31 00:00:00,NOx,7.9,9.3,8.7,6.5,5.5,4.9,5.8,8.1,9.1,9.9,12,11.8,8.3,8.8,9,7.9,8.1,9.3,8.1,8.4,8.6,6.1,6.3,6.3,
新竹,2025/12/31 00:00:00,O3,36,33.5,34.7,39.1,40.6,43.6,41.2,38.4,37.6,37.3,35.1,36.3,39.7,37.6,38,38.6,37.1,35,36.6,35,34.1,37.7,37.7,37.9,
新竹,2025/12/31 00:00:00,PM10,15,21,16,19,17,20,25,22,26,29,21,21,7,13,8,16,13,14,11,12,8,6,3,8,
新竹,2025/12/31 00:00:00,PM2.5,5,6,8,6,2,8,10,14,12,8,11,8,9,6,7,5,6,9,6,4,1,2,5,6,
新竹,2025/12/31 00:00:00,RAINFALL,0,0,0,0,0,0,0,0,0,0,0,0.5,0,0.5,0,0,0,0,0,0,0,0,0,0,
新竹,2025/12/31 00:00:00,RH,67,72,73,71,72,76,79,80,81,81,83,84,83,84,83,82,83,83,83,84,85,84,85,84,
新竹,2025/12/31 00:00:00,SO2,2.3,1.3,1.3,1.4,1,1,1.2,1.1,1.2,1.3,1.2,1.3,1.1,1.1,1.1,1,1,1,0.9,1,1,1,1,1.1,
新竹,2025/12/31 00:00:00,THC,2.15,2.15,2.17,2.13,2.11,2.1,2.12,2.13,2.13,2.15,2.21,2.21,2.17,2.18,2.14,2.13,2.14,2.15,2.14,2.14,2.13,2.1,2.09,2.09,
新竹,2025/12/31 00:00:00,WD_HR,54,43,52,40,43,36,42,40,34,36,40,39,39,36,45,42,43,48,47,51,45,34,40,39,
新竹,2025/12/31 00:00:00,WIND_DIREC,37,39,56,41,34,39,38,37,34,36,49,37,35,35,38,38,40,52,43,49,43,34,40,30,
新竹,2025/12/31 00:00:00,WIND_SPEED,2.1,2,2.6,3,3.3,3.3,3.1,3.3,3.4,3.6,2.3,2.7,3.5,3.7,4,4,3.4,3,3.6,3.8,3.3,4.4,4.4,4.6,
新竹,2025/12/31 00:00:00,WS_HR,2.4,1.9,2.3,2.5,2.3,3.2,2.6,2.7,3.1,3.1,2.4,2.3,2.7,2.7,3,3,3.1,2.7,2.9,2.8,2.6,3.9,3.6,3.5,


