測站,日期,測項,00,01,02,03,04,05,06,07,08,09,10,11,12,13,14,15,16,17,18,19,20,21,22,23,
嘉義,2024/01/01 00:00:00,AMB_TEMP,18.8,18.5,18.1,17.9,17.5,17.3,17.1,17,17.8,18.7,18.3,20.3,22,23.1,23.2,22.4,21.5,20.3,19.4,18.6,17.8,17.6,17.2,16.8,
嘉義,2024/01/01 00:00:00,CH4,2.19,2.18,2.16,2.16,2.16,2.15,2.12,2.11,2.11,2.11,2.12,2.11,2.09,2.07,2.07,2.06,2.06,2.07,2.09,2.11,2.09,2.11,2.11,2.14,
嘉義,2024/01/01 00:00:00,CO,0.5,0.48,0.46,0.45,0.4,0.38,0.37,0.41,0.45,0.44,0.46,0.46,0.46,0.44,0.48,0.47,0.52,0.56,0.59,0.56,0.5,0.5,0.49,0.48,
嘉義,2024/01/01 00:00:00,NMHC,0.09,0.08,0.07,0.06,0.05,0.05,0.05,0.06,0.08,0.07,0.08,0.07,0.07,0.06,0.05,0.04,0.06,0.08,0.09,0.08,0.08,0.08,0.09,0.08,
嘉義,2024/01/01 00:00:00,NO,0.2,1.1,0.9,0.8,0.6,1,1.1,1,1.9,2.3,2.5,2.5,2,1.6,1.5,1.5,1.4,1.1,1.2,1.1,1.3,1.2,1,1.1,
嘉義,2024/01/01 00:00:00,NO2,11,9,7.3,6.6,6.3,5.9,6.1,7,8.8,8.8,9.6,9.1,8.6,7.3,8.7,9.3,11.2,13.9,16.2,16.5,13.2,13,13.7,14.7,
嘉義,2024/01/01 00:00:00,NOx,11.3,10.2,8.3,7.4,7,6.9,7.2,8,10.7,11.2,12.1,11.7,10.6,8.9,10.3,10.8,12.6,15.1,17.4,17.7,14.5,14.2,14.7,15.8,
嘉義,2024/01/01 00:00:00,O3,38.4,40.7,40.9,39.3,39,37.6,36.9,35.1,34.2,34.7,34.3,43.8,52.8,63.1,60.4,56,47.9,39.7,31.5,27.5,28.4,25,22.2,18.8,
嘉義,2024/01/01 00:00:00,PM10,87,55,54,50,54,57,58,54,58,56,55,59,64,60,80,90,87,81,71,73,58,49,54,46,
嘉義,2024/01/01 00:00:00,PM2.5,65,37,30,34,33,28,30,28,34,27,32,37,33,34,34,37,36,32,31,32,33,30,28,25,
嘉義,2024/01/01 00:00:00,RAINFALL,0,0,0,0,0,0,0,0,0,0,0,0,0,0,0,0,0,0,0,0,0,0,0,0,
嘉義,2024/01/01 00:00:00,RH,73,71,72,72,70,69,68,66,64,63,69,60,54,49,49,53,57,60,63,64,64,63,65,68,
嘉義,2024/01/01 00:00:00,SO2,2.3,1.9,2,1.5,2.3,2.4,1.9,1.6,1.9,1.9,1.6,1.9,2,2,2.5,2.7,2.7,2.5,2.1,2.1,2.7,2.7,2.3,1.7,
嘉義,2024/01/01 00:00:00,THC,2.28,2.26,2.23,2.22,2.21,2.2,2.17,2.17,2.19,2.18,2.2,2.18,2.16,2.13,2.12,2.1,2.12,2.15,2.18,2.19,2.17,2.19,2.2,2.22,
嘉義,2024/01/01 00:00:00,WD_HR,5,4,11,5,4,2,8,12,26,1,12,26,355,354,352,351,356,3,351,7,7,2,10,354,
嘉義,2024/01/01 00:00:00,WIND_DIREC,354,8,18,3,11,8,10,11,1,10,6,36,345,332,350,354,357,11,1,10,9,2,8,352,
嘉義,2024/01/01 00:00:00,WIND_SPEED,2.5,2.5,2.1,3,2.2,2.5,2.5,2,2.5,2.7,2.6,1.6,2.4,3.3,3.4,3.3,3.4,2.6,1.9,2.9,2.9,1.6,1.8,2.1,
嘉義,2024/01/01 00:00:00,WS_HR,2.7,2.4,2.4,2.5,2.4,2.2,2.6,2.3,2.3,2.8,2.3,1.9,1.9,2.3,3.1,3.5,3,2.5,2.2,2.3,2.7,2,1.5,1.8,
嘉義,2024/01/02 00:00:00,AMB_TEMP,16.3,16.3,16.6,16.6,16,15.8,15.5,16,16.8,18.5,20.2,22.2,23.7,24.3,24.5,23.6,22.2,20.7,19.9,19.5,19.4,19.4,19.4,19.2,
嘉義,2024/01/02 00:00:00,CH4,2.21,2.19,2.19,2.24,2.27,2.26,2.32,2.34,2.35,2.28,2.2,2.12,2.08,2.07,2.09,2.07,2.05,2.06,2.07,2.07,2.07,2.08,2.08,2.24,
嘉義,2024/01/02 00:00:00,CO,0.45,0.46,0.45,0.44,0.45,0.48,0.51,0.68,0.78,0.68,0.62,0.53,0.45,0.4,0.42,0.38,0.4,0.44,0.46,0.47,0.49,0.46,0.48,0.54,
嘉義,2024/01/02 00:00:00,NMHC,0.08,0.1,0.09,0.07,0.08,0.1,0.12,0.18,0.23,0.27,0.26,0.13,0.07,0.04,0.06,0.05,0.1,0.08,0.11,0.11,0.13,0.1,0.12,0.16,
嘉義,2024/01/02 00:00:00,NO,0.9,0.4,0.8,0.4,0.4,0.6,1.6,7.9,14.3,16.4,11.4,3.9,1.8,0.9,0.9,1.1,0.9,0.7,0.6,0.5,0.7,0.7,0.5,0.7,
嘉義,2024/01/02 00:00:00,NO2,16.5,18.7,16.1,11.4,11.5,13.8,17.7,19.8,18.9,18.6,19,12.5,9.8,6.7,9.4,10.4,11.6,14.7,19.1,18.4,17.4,15.2,14.7,19.1,
嘉義,2024/01/02 00:00:00,NOx,17.5,19.2,17,11.8,11.9,14.5,19.3,27.7,33.3,35,30.4,16.4,11.7,7.7,10.4,11.5,12.5,15.4,19.7,19,18.1,15.9,15.2,19.9,
嘉義,2024/01/02 00:00:00,O3,15.3,12.3,13.5,14.8,11,7.9,4.4,2.3,4,7.7,19.4,45.9,54.1,60.8,65.7,62.2,53.6,44.1,33,29.8,27.1,26.3,22.1,12.9,
嘉義,2024/01/02 00:00:00,PM10,51,44,43,47,46,43,47,53,53,62,72,63,60,48,65,67,67,64,63,56,59,58,61,64,
嘉義,2024/01/02 00:00:00,PM2.5,33,25,29,28,27,29,28,34,32,32,42,36,41,30,36,34,31,28,27,24,26,26,28,36,
嘉義,2024/01/02 00:00:00,RAINFALL,0,0,0,0,0,0,0,0,0,0,0,0,0,0,0,0,0,0,0,0,0,0,0,0,
嘉義,2024/01/02 00:00:00,RH,71,71,71,72,77,78,79,78,77,73,66,62,58,55,53,58,65,71,77,81,82,83,85,86,
嘉義,2024/01/02 00:00:00,SO2,2.4,2.1,1.9,1.6,1.7,1.6,1.6,1.8,1.9,2.1,2.4,2.3,2.4,2,2.7,2.7,2.3,2,2.2,2.9,2.8,2,2,2.3,
嘉義,2024/01/02 00:00:00,THC,2.29,2.29,2.28,2.31,2.35,2.36,2.44,2.52,2.58,2.55,2.46,2.25,2.15,2.11,2.15,2.12,2.15,2.14,2.18,2.18,2.2,2.18,2.2,2.4,
嘉義,2024/01/02 00:00:00,WD_HR,8,354,40,55,0,350,345,7,4,355,359,50,288,284,340,333,342,354,357,7,38,59,76,341,
嘉義,2024/01/02 00:00:00,WIND_DIREC,358,347,72,354,53,347,350,343,13,357,358,93,253,332,338,336,344,12,350,41,32,72,60,335,
嘉義,2024/01/02 00:00:00,WIND_SPEED,1.5,2.3,1.5,1.5,1.3,1.8,1.8,1.5,1.7,1.9,1.5,1.4,2,2.3,2.8,4,2.9,3,2.6,1.7,2,1.6,1.3,2.9,
嘉義,2024/01/02 00:00:00,WS_HR,1.6,1.6,1.3,1.1,1.5,1.3,1.9,1.1,1.3,1.6,1.5,0.2,0.7,1.1,2.2,3,3,2.9,2.5,2.1,1.6,2,0.9,1.9,
嘉義,2024/01/03 00:00:00,AMB_TEMP,18.2,18.3,18.4,18.4,18.4,18.2,18.2,18.3,18.9,19.9,21.3,21.7,21.9,22.1,21.7,20.5,19.2,17.8,16.7,15.9,15.3,15,14.7,14.5,
嘉義,2024/01/03 00:00:00,CH4,2.29,2.35,2.15,2.09,2.07,2.07,2.09,2.09,2.08,2.07,2.03,#,1.98,1.99,2,2.01,2.04,2.07,2.1,2.12,2.13,2.13,2.14,2.11,
嘉義,2024/01/03 00:00:00,CO,0.37,0.38,0.37,0.36,0.32,0.33,0.36,0.4,0.43,0.42,0.36,#,0.34,0.33,0.31,0.32,0.38,0.5,0.54,0.56,0.56,0.55,0.51,0.44,
嘉義,2024/01/03 00:00:00,NMHC,0.06,0.05,0.1,0.11,0.05,0.07,0.09,0.11,0.13,0.11,0.07,#,0.05,0.05,0.06,0.07,0.09,0.14,0.14,0.14,0.15,0.16,0.14,0.13,
嘉義,2024/01/03 00:00:00,NO,0.7,0.8,0.6,0.7,0.6,0.8,0.7,0.8,2.1,2.7,2.2,#,1.5,1.6,1.5,1.5,1.3,0.8,1,0.9,0.9,0.9,0.9,0.6,
嘉義,2024/01/03 00:00:00,NO2,14.5,10.9,9.3,9,7.1,6.9,8.9,11.2,12.5,11.3,10,#,7.7,7.3,8.7,9.7,12.1,15.3,17.1,17.5,16.5,16.3,15.5,13.9,
嘉義,2024/01/03 00:00:00,NOx,15.3,11.8,9.9,9.7,7.8,7.7,9.6,12.1,14.6,14,12.2,#,9.2,8.9,10.3,11.2,13.5,16.1,18.1,18.4,17.4,17.2,16.5,14.6,
嘉義,2024/01/03 00:00:00,O3,19.3,22.1,20.9,23.4,30.2,24.7,20.8,21.6,22.6,29.1,#,45.1,50.7,54.7,53.4,51.2,45.8,38.9,33.5,30.5,30.5,26.9,26.6,29.6,
嘉義,2024/01/03 00:00:00,PM10,58,71,74,70,77,68,72,79,67,65,55,#,#,46,43,43,47,41,31,32,26,27,28,19,
嘉義,2024/01/03 00:00:00,PM2.5,21,25,30,34,33,32,38,34,36,39,#,23,21,21,19,14,18,15,16,18,19,23,21,21,
嘉義,2024/01/03 00:00:00,RAINFALL,0,0,0,0,0,0,0,0,0,0,#,#,0,0,0,0,0,0,0,0,0,0,0,0,
嘉義,2024/01/03 00:00:00,RH,89,90,91,90,90,90,90,90,88,84,71,65,62,60,60,60,60,61,64,66,68,71,73,71,
嘉義,2024/01/03 00:00:00,SO2,2.1,2.2,1.7,1.5,1.6,1.4,1.5,1.7,2,1.7,1.7,#,1.6,1.6,1.7,1.8,1.9,1.9,1.6,1.8,1.4,1.8,2.4,1.7,
嘉義,2024/01/03 00:00:00,THC,2.35,2.4,2.25,2.2,2.12,2.14,2.18,2.2,2.21,2.18,2.1,#,2.03,2.04,2.06,2.08,2.13,2.21,2.24,2.26,2.28,2.29,2.28,2.24,
嘉義,2024/01/03 00:00:00,WD_HR,357,29,54,10,35,34,17,29,35,19,14,12,24,6,3,7,14,9,11,9,10,13,8,13,
嘉義,2024/01/03 00:00:00,WIND_DIREC,11,58,17,34,56,12,14,40,6,26,5,2,39,2,5,7,11,7,8,3,13,13,7,356,
嘉義,2024/01/03 00:00:00,WIND_SPEED,1.9,2.2,2.1,1.8,3,3,2.3,3,3.2,3.7,5.1,4.6,4.2,5.4,4.9,6.1,5.4,4.2,4.1,3.9,2.6,2.7,2.8,2.4,
嘉義,2024/01/03 00:00:00,WS_HR,2.3,1.9,2.1,2,1.8,2.2,2.2,2.5,2.5,3,4.1,4.2,3.7,4.2,4.2,4.8,4.8,4.1,4,3.4,2.7,2.2,2.4,2.4,
嘉義,2024/01/04 00:00:00,AMB_TEMP,14.5,14.2,13.7,13.5,13.5,13.7,13.3,13.9,14.6,16.6,18.3,19.9,21.5,22.2,22.1,22.2,21.9,20.3,18.8,18.1,17.8,17.5,17.2,17.2,
嘉義,2024/01/04 00:00:00,CH4,2.11,2.11,2.11,2.11,2.1,2.15,2.16,2.21,2.23,2.18,2.15,2.11,2.07,2.07,2.05,2.02,2.05,2.08,2.08,2.13,2.11,2.16,2.21,2.25,
嘉義,2024/01/04 00:00:00,CO,0.43,0.38,0.34,0.32,0.33,0.36,0.4,0.51,0.59,0.51,0.52,0.45,0.41,0.37,0.36,0.35,0.39,0.43,0.45,0.47,0.51,0.56,0.59,0.51,
嘉義,2024/01/04 00:00:00,NMHC,0.12,0.09,0.07,0.08,0.09,0.09,0.17,0.18,0.2,0.15,0.14,0.1,0.07,0.06,0.05,0.06,0.08,0.1,0.12,0.13,0.17,0.26,0.22,0.17,
嘉義,2024/01/04 00:00:00,NO,0.6,1.2,1.1,0.9,1,1.1,1.3,4.9,10.8,6.5,4.1,3,2.5,1.4,1.5,1.6,1.4,1.4,1.4,1,0.9,1.1,1.3,1.2,
嘉義,2024/01/04 00:00:00,NO2,14.5,13.2,10.3,11,10,7.3,12.4,16.8,16.6,12,10.8,9.8,9.3,6.7,7.4,7.6,10.1,13,14,15,16,25,23.8,21.2,
嘉義,2024/01/04 00:00:00,NOx,15.1,14.4,11.4,11.9,11,8.4,13.7,21.8,27.4,18.6,15,12.9,11.9,8.2,9,9.2,11.5,14.4,15.4,16,17,26.2,25.1,22.4,
嘉義,2024/01/04 00:00:00,O3,28.2,26.9,26.7,24.4,24.9,22.6,16.5,10.4,10.6,20.6,37.2,45,53.7,62.7,61.8,62,58.6,50.3,42.2,35.6,31,16.9,13.8,18.8,
嘉義,2024/01/04 00:00:00,PM10,31,22,27,29,31,25,38,34,36,42,43,46,41,36,47,50,49,61,65,77,67,69,72,62,
嘉義,2024/01/04 00:00:00,PM2.5,16,14,16,19,19,19,25,26,24,27,29,24,23,22,27,19,18,23,31,32,31,33,34,32,
嘉義,2024/01/04 00:00:00,RAINFALL,0,0,0,0,0,0,0,0,0,0,0,0,0,0,0,0,0,0,0,0,0,0,0,0,
嘉義,2024/01/04 00:00:00,RH,71,70,69,67,67,70,71,70,72,68,65,61,55,50,50,50,52,59,66,69,70,74,78,76,
嘉義,2024/01/04 00:00:00,SO2,1.9,1.7,2.1,2.6,2.1,1.7,2.1,2.3,2.2,2.3,2.4,2.2,2.1,2.3,2.6,2.3,2.3,2,2,2.7,2.8,2.7,2.9,2.9,
嘉義,2024/01/04 00:00:00,THC,2.23,2.2,2.18,2.19,2.19,2.24,2.33,2.39,2.43,2.33,2.29,2.21,2.14,2.13,2.1,2.08,2.13,2.18,2.2,2.26,2.28,2.42,2.43,2.42,
嘉義,2024/01/04 00:00:00,WD_HR,13,12,358,12,53,57,351,86,127,100,261,258,279,315,346,351,334,332,357,28,42,21,335,12,
嘉義,2024/01/04 00:00:00,WIND_DIREC,48,33,0,10,38,45,347,110,92,241,262,298,258,331,351,15,318,338,8,73,356,107,359,46,
嘉義,2024/01/04 00:00:00,WIND_SPEED,1.5,2.2,2,1.4,1.6,1.2,1.8,1.1,1.1,1.1,1.6,2.1,1.9,2.7,2.4,2.3,3.5,2.7,3.1,1.8,1.3,0.8,1.5,1.1,
嘉義,2024/01/04 00:00:00,WS_HR,1.7,1.9,2.1,1.6,1.8,1.2,1.3,0.9,0.4,0.5,1.1,1.3,1.2,1.4,2,2,2.1,2.8,2.7,1.6,1.4,0.6,0.9,1.1,
嘉義,2024/01/05 00:00:00,AMB_TEMP,16.8,16.8,16.7,17,16.1,16,16.2,16.3,17.2,19,20.5,22,22.9,23.7,23.2,22.4,21,19.7,19.1,18.6,18.1,17.9,17.5,17.3,
嘉義,2024/01/05 00:00:00,CH4,2.27,2.23,2.2,2.26,2.43,2.61,2.48,2.27,2.2,2.15,2.09,2.07,2.02,2.03,2.06,2.04,2.04,2.07,2.06,2.09,2.16,2.14,2.18,2.18,
嘉義,2024/01/05 00:00:00,CO,0.48,0.39,0.36,0.43,0.44,0.44,0.49,0.57,0.61,0.55,0.48,0.44,0.34,0.33,0.43,0.4,0.39,0.49,0.53,0.59,0.63,0.6,0.67,0.61,
嘉義,2024/01/05 00:00:00,NMHC,0.25,0.14,0.11,0.16,0.17,0.18,0.2,0.2,0.25,0.21,0.15,0.09,0.05,0.04,0.05,0.05,0.05,0.08,0.14,0.18,0.19,0.2,0.22,0.18,
嘉義,2024/01/05 00:00:00,NO,1,0.6,0.4,0.5,1,1.3,3.4,5.2,9.3,7.6,3.5,2.5,1.5,0.9,0.9,1.2,0.9,0.6,0.5,0.7,0.8,0.7,0.7,0.4,
嘉義,2024/01/05 00:00:00,NO2,19.8,11.4,8.8,12.3,20.4,21.2,23.3,19.6,20.1,18.7,14.7,11.6,7.2,6.2,8.2,8.6,9.6,12.9,17,19.6,23.4,21.2,20.2,16.7,
嘉義,2024/01/05 00:00:00,NOx,20.9,12.1,9.3,12.9,21.5,22.6,26.8,24.8,29.4,26.4,18.2,14.1,8.7,7.2,9.2,9.8,10.5,13.6,17.5,20.3,24.2,21.9,20.9,17.2,
嘉義,2024/01/05 00:00:00,O3,9.8,11.6,14.2,13.6,4.7,3.1,1.5,5.8,11.8,25.9,44.4,50,58.1,67.3,68.2,64.5,58.9,49.2,42.2,35.7,25.3,26.3,21.6,18.3,
嘉義,2024/01/05 00:00:00,PM10,62,49,48,60,68,63,71,67,70,66,60,46,33,39,62,64,55,60,69,77,86,80,76,65,
嘉義,2024/01/05 00:00:00,PM2.5,32,33,31,35,x,35,40,44,40,40,40,27,20,21,37,33,31,31,38,45,48,47,51,46,
嘉義,2024/01/05 00:00:00,RAINFALL,0,0,0,0,0,0,0,0,0,0,0,0,0,0,0,0,0,0,0,0,0,0,0,0,
嘉義,2024/01/05 00:00:00,RH,81,83,86,83,84,83,84,86,80,68,60,53,46,45,53,58,63,67,71,73,77,79,84,85,
嘉義,2024/01/05 00:00:00,SO2,3,1.4,1.1,1.4,2.3,1.5,2.2,1.7,2.5,2.7,2.5,2.1,1.6,1.4,1.9,1.9,2,1.9,2.2,2.2,2.7,2.3,1.7,1.7,
嘉義,2024/01/05 00:00:00,THC,2.52,2.37,2.31,2.42,2.6,2.79,2.68,2.47,2.45,2.36,2.24,2.16,2.07,2.07,2.11,2.09,2.09,2.15,2.2,2.27,2.35,2.34,2.4,2.36,
嘉義,2024/01/05 00:00:00,WD_HR,102,111,87,334,330,12,69,59,12,15,355,354,336,348,318,343,4,4,21,11,19,74,67,92,
嘉義,2024/01/05 00:00:00,WIND_DIREC,100,103,351,333,351,59,74,58,353,322,358,353,359,344,322,7,4,8,54,352,36,80,79,22,
嘉義,2024/01/05 00:00:00,WIND_SPEED,1.1,1.2,0.7,1.7,2.5,1.9,1.6,2.1,2.1,1.9,2.8,2.3,2.3,3.3,3.5,3.2,3.5,2.4,1.7,2.2,1.3,1.3,1.4,0.6,
嘉義,2024/01/05 00:00:00,WS_HR,1,1.2,0.5,1.4,1.9,1.8,1.5,1.9,2.1,1.1,1.9,2,1.7,2.1,3,2.8,3.3,2.7,2,1.6,1.4,1.4,1,0.8,
嘉義,2024/01/06 00:00:00,AMB_TEMP,16.7,16.5,16.7,16.1,16,16,15.3,16,16.6,18.5,21.1,22.9,23.9,24.6,24.7,23.8,22.7,21.1,19.8,19.2,18.9,18.4,18.1,17.5,
嘉義,2024/01/06 00:00:00,CH4,2.31,2.3,2.35,2.29,2.23,2.15,2.26,2.14,2.19,2.07,2.03,2.01,2.05,2.07,2.06,2.05,2.05,2.05,2.07,2.06,2.07,2.11,2.17,2.23,
嘉義,2024/01/06 00:00:00,CO,0.63,0.67,0.67,0.5,0.45,0.41,0.39,0.48,0.58,0.47,0.44,0.34,0.36,0.35,0.37,0.36,0.36,0.44,0.49,0.54,0.52,0.56,0.56,0.6,
嘉義,2024/01/06 00:00:00,NMHC,0.2,0.23,0.32,0.24,0.19,0.13,0.13,0.15,0.17,0.13,0.11,0.07,0.07,0.06,0.05,0.05,0.08,0.13,0.18,0.18,0.15,0.22,0.19,0.17,
嘉義,2024/01/06 00:00:00,NO,0.9,1.8,1.9,2.4,0.6,1,1.2,1.9,5.4,4,3.2,2.5,2.1,1.7,1.3,1.2,1.2,1.2,1.3,1,1,1.2,0.8,1.2,
嘉義,2024/01/06 00:00:00,NO2,19.9,28.9,27.5,18.5,12.5,9.8,12,12.6,16,11.6,9.8,8.9,8.8,7.9,7.5,8,9,13.5,16.7,18,17,20.1,18.1,18.7,
嘉義,2024/01/06 00:00:00,NOx,20.8,30.7,29.4,20.9,13.1,10.8,13.2,14.6,21.4,15.6,13,11.5,10.9,9.6,8.8,9.2,10.3,14.8,18.1,19,18,21.3,19,19.9,
嘉義,2024/01/06 00:00:00,O3,8.3,4.6,2.7,3.2,11.6,19.3,9.6,15.1,15.1,29.5,41.4,52.7,61.5,72.8,78.1,70.1,59.2,48.6,39.5,33.6,31.5,23.2,17.7,7.4,
嘉義,2024/01/06 00:00:00,PM10,69,96,103,63,59,51,48,42,45,35,32,36,44,42,66,55,58,68,74,77,73,81,74,64,
嘉義,2024/01/06 00:00:00,PM2.5,48,66,73,43,46,41,40,30,35,25,19,20,30,36,45,36,32,35,41,46,45,43,47,41,
嘉義,2024/01/06 00:00:00,RAINFALL,0,0,0,0,0,0,0,0,0,0,0,0,0,0,0,0,0,0,0,0,0,0,0,0,
嘉義,2024/01/06 00:00:00,RH,87,88,88,88,88,87,87,85,79,64,54,45,44,42,48,53,54,65,75,79,81,85,86,87,
嘉義,2024/01/06 00:00:00,SO2,1.2,2.6,3.7,2.6,1.9,1.6,1.5,1.8,1.8,1.9,1.5,1.8,2.2,2.7,2.9,2.8,2.6,2.6,3.9,3.6,5.2,2.5,2.1,1.6,
嘉義,2024/01/06 00:00:00,THC,2.51,2.53,2.67,2.53,2.42,2.28,2.39,2.29,2.36,2.2,2.14,2.08,2.12,2.13,2.11,2.1,2.13,2.18,2.25,2.24,2.22,2.33,2.36,2.4,
嘉義,2024/01/06 00:00:00,WD_HR,350,21,85,104,74,62,31,45,50,58,342,341,343,351,332,340,359,355,13,14,30,28,107,131,
嘉義,2024/01/06 00:00:00,WIND_DIREC,357,80,108,91,67,352,55,354,19,57,317,348,327,341,354,347,356,1,9,18,2,66,127,193,
嘉義,2024/01/06 00:00:00,WIND_SPEED,2,0.9,1,0.9,1.8,1.8,1.6,2,1.5,1.6,2.3,1.8,3.3,2.2,3.4,3.6,3.5,2.6,2.2,1.8,1.4,1.3,0.9,0.9,
嘉義,2024/01/06 00:00:00,WS_HR,1.4,1,0.7,0.9,1.3,1.4,1.3,1.2,1.2,1.5,0.4,1.8,2.3,1.7,2.9,3.2,3.1,2.8,2.1,2,1.5,1.4,1,0.7,
嘉義,2024/01/07 00:00:00,AMB_TEMP,17.1,16.8,16.9,16.6,15.9,15.5,15.4,15.5,16,16.8,18.3,20.4,22.3,23.6,23.9,23.3,22.5,21.5,19.6,18.6,18.2,17.5,17.1,16.7,
嘉義,2024/01/07 00:00:00,CH4,2.35,2.34,2.28,2.29,2.26,2.23,2.21,2.2,2.19,2.19,2.14,2.1,2.05,2.03,2.05,2.05,2.07,2.12,2.14,2.12,2.13,2.13,2.12,2.14,
嘉義,2024/01/07 00:00:00,CO,0.59,0.49,0.48,0.48,0.43,0.44,0.47,0.45,0.52,0.55,0.45,0.42,0.37,0.35,0.4,0.42,0.46,0.56,0.58,0.59,0.54,0.44,0.43,0.4,
嘉義,2024/01/07 00:00:00,NMHC,0.18,0.19,0.19,0.18,0.15,0.13,0.15,0.14,0.16,0.15,0.12,0.08,0.06,0.04,0.04,0.05,0.07,0.09,0.09,0.09,0.1,0.08,0.09,0.08,
嘉義,2024/01/07 00:00:00,NO,2.1,1.3,0.9,0.8,0.9,0.9,0.9,1.4,2.7,4.1,3.6,3,2,1.3,1,0.8,0.8,0.8,0.8,0.8,0.8,0.8,0.7,0.9,
嘉義,2024/01/07 00:00:00,NO2,18.4,19.2,18.1,17.6,14.1,11.7,12.5,13,14.2,14.9,10.8,10,7.6,5.5,5.9,7.1,8.4,12.9,14.7,14.3,14.6,12.6,11.8,11,
嘉義,2024/01/07 00:00:00,NOx,20.5,20.5,19,18.4,15.1,12.6,13.4,14.4,16.9,19,14.4,13,9.6,6.8,7,8,9.2,13.7,15.5,15.1,15.5,13.5,12.5,11.9,
嘉義,2024/01/07 00:00:00,O3,5.8,9.7,9.4,7.5,9.6,12.4,12.1,13.9,17.3,20.7,27.2,38.6,54.9,66.6,74.4,73.4,67.5,58.3,48.7,42.5,37.4,36.8,34.7,32.8,
嘉義,2024/01/07 00:00:00,PM10,58,66,68,64,58,49,58,58,64,63,47,40,38,37,55,72,73,88,91,83,65,51,42,46,
嘉義,2024/01/07 00:00:00,PM2.5,44,52,46,44,42,38,46,46,55,53,34,31,25,24,33,31,33,40,42,35,36,30,28,27,
嘉義,2024/01/07 00:00:00,RAINFALL,0,0,0,0,0,0,0,0,0,0,0,0,0,0,0,0,0,0,0,0,0,0,0,0,
嘉義,2024/01/07 00:00:00,RH,88,88,87,87,88,89,89,88,86,82,72,61,51,44,43,45,48,53,60,64,63,62,63,65,
嘉義,2024/01/07 00:00:00,SO2,1.1,5,2.8,2.1,2.4,2.2,2.1,2.7,3.3,3.3,2.9,2.7,2.8,2.7,2.7,3,3,3.1,3.3,3.9,3.7,3.9,2.3,2.7,
嘉義,2024/01/07 00:00:00,THC,2.53,2.53,2.47,2.47,2.41,2.36,2.36,2.34,2.35,2.34,2.26,2.18,2.11,2.07,2.09,2.1,2.14,2.21,2.23,2.21,2.23,2.21,2.21,2.22,
嘉義,2024/01/07 00:00:00,WD_HR,33,7,43,6,5,12,15,40,9,358,10,4,10,0,355,7,7,356,5,10,6,11,9,10,
嘉義,2024/01/07 00:00:00,WIND_DIREC,8,25,357,355,15,6,15,16,359,349,357,359,22,325,344,7,7,349,14,7,6,6,16,10,
嘉義,2024/01/07 00:00:00,WIND_SPEED,2,2.1,1.4,2.2,2.4,2.2,2,2.3,2.1,2.4,2.8,2.9,2.8,3.3,4.1,2.7,2.4,2.8,2.7,3.5,2.8,2,2.3,2.2,
嘉義,2024/01/07 00:00:00,WS_HR,0.8,2.1,1,1.3,2,1.8,2,1.8,2,2.1,2.2,2.4,2.4,2.3,3.1,2.6,2.5,2.4,2.9,2.8,2.1,2.1,1.9,1.6,
嘉義,2024/01/08 00:00:00,AMB_TEMP,16.4,16.1,15.9,15.7,15.7,15.7,15.2,15.3,16.5,18.3,20.3,21.7,22.5,23.4,23.9,23.3,22,21.2,20.2,19.6,18.9,18.4,18,17.5,
嘉義,2024/01/08 00:00:00,CH4,2.14,2.19,2.24,2.22,2.23,2.21,2.31,2.29,2.27,2.2,2.17,2.14,2.08,2.06,2.05,2.05,2.04,2.05,2.06,2.07,2.06,2.07,2.08,2.07,
嘉義,2024/01/08 00:00:00,CO,0.38,0.38,0.39,0.39,0.37,0.41,0.48,0.52,0.55,0.57,0.55,0.47,0.39,0.39,0.41,0.37,0.37,0.46,0.54,0.48,0.43,0.39,0.34,0.3,
嘉義,2024/01/08 00:00:00,NMHC,0.08,0.1,0.08,0.12,0.09,0.11,0.2,0.16,0.22,0.24,0.2,0.11,0.08,0.08,0.08,0.07,0.08,0.13,0.14,0.12,0.13,0.1,0.1,0.08,
嘉義,2024/01/08 00:00:00,NO,0.9,0.4,0.4,0.2,0.2,0,0.4,2.7,4.8,5.4,8.9,5.2,2.3,1,#,0.4,0.5,0.4,0.5,0.4,0.3,0.4,0.4,0.3,
嘉義,2024/01/08 00:00:00,NO2,11,13.3,10.3,10.9,9.9,9.1,14.8,17.6,17.9,18.7,21.3,19.9,11.7,9.5,#,11.5,13.4,15.2,19.3,19.3,18.3,17,16.7,12.7,
嘉義,2024/01/08 00:00:00,NOx,11.9,13.7,10.8,11.1,10.1,9,15.2,20.4,22.7,24.1,30.2,25.1,14.1,10.5,#,12,14,15.6,19.9,19.7,18.7,17.5,17.2,13,
嘉義,2024/01/08 00:00:00,O3,30.9,28.4,26.3,23.4,23.5,20.8,10.2,11.6,16.8,23.4,27.3,34.8,48.7,57.2,58,59.1,53.3,45.4,34.7,28.5,23.5,21.2,19.9,22.5,
嘉義,2024/01/08 00:00:00,PM10,47,41,43,44,46,42,48,45,47,48,54,56,47,#,46,51,53,57,56,60,61,43,50,54,
嘉義,2024/01/08 00:00:00,PM2.5,25,26,30,26,28,30,31,35,35,32,30,30,29,#,27,25,27,21,24,25,22,23,24,18,
嘉義,2024/01/08 00:00:00,RAINFALL,0,0,0,0,0,0,0,0,0,0,0,0,0,0,0,0,0,0,0,0,0,0,0,0,
嘉義,2024/01/08 00:00:00,RH,67,68,70,72,71,73,78,78,73,66,59,54,51,48,45,54,61,64,70,76,85,87,88,89,
嘉義,2024/01/08 00:00:00,SO2,2.4,1.7,1.7,1.8,1.8,1.8,2.2,7.3,2.7,2.5,5.4,3.2,2.2,2.3,2.6,2.6,2.2,2.2,3,4.1,2.8,2.2,2.6,2.5,
嘉義,2024/01/08 00:00:00,THC,2.22,2.29,2.32,2.34,2.32,2.32,2.51,2.45,2.49,2.44,2.37,2.25,2.16,2.14,2.13,2.12,2.12,2.18,2.2,2.19,2.19,2.17,2.18,2.15,
嘉義,2024/01/08 00:00:00,WD_HR,24,37,26,10,61,53,356,19,58,354,16,340,6,40,350,335,0,358,8,11,6,4,11,13,
嘉義,2024/01/08 00:00:00,WIND_DIREC,34,46,23,20,46,54,11,57,33,350,297,349,48,346,343,348,10,353,12,15,5,355,357,26,
嘉義,2024/01/08 00:00:00,WIND_SPEED,1.8,2,1.2,1.9,1.3,1.1,2,1.7,1.3,1.7,1.7,2.5,1.5,1.7,2.1,3.2,3.2,3.2,2.9,2.7,3.1,2.8,2.1,2,
嘉義,2024/01/08 00:00:00,WS_HR,1.5,1.8,1.3,1.7,1.4,0.9,1.7,1.8,1.5,1.1,1,1.5,1.4,1,1.5,2.8,3,2.8,2.5,2.6,2.6,2,1.7,2.2,
嘉義,2024/01/09 00:00:00,AMB_TEMP,17.3,17.1,16.9,16.7,16.6,16.7,17.1,17.3,18.3,20.5,22.6,23.9,25,25.5,25.2,24.3,23.6,22.4,20.5,19.4,19,18.7,18.5,18.2,
嘉義,2024/01/09 00:00:00,CH4,2.06,2.08,2.11,2.15,2.22,2.2,2.13,2.11,2.12,2.11,2.09,2.04,2.01,2.01,2.01,2.01,2.01,2.05,2.06,2.04,2.03,2.03,2.06,2.08,
嘉義,2024/01/09 00:00:00,CO,0.28,0.27,0.3,0.32,0.3,0.31,0.3,0.39,0.44,0.44,0.41,0.36,0.34,0.31,0.29,0.31,0.31,0.46,0.4,0.39,0.42,0.42,0.39,0.34,
嘉義,2024/01/09 00:00:00,NMHC,0.13,0.09,0.11,0.12,0.14,0.12,0.15,0.15,0.16,0.15,0.12,0.1,0.07,0.05,0.05,0.07,0.08,0.14,0.11,0.09,0.09,0.09,0.12,0.16,
嘉義,2024/01/09 00:00:00,NO,0.3,0.6,0.5,0.7,0.7,0.6,0.7,2.1,5.1,5.2,5.5,4.3,2.5,2,1.9,1.5,1.4,1.3,0.9,0.7,0.8,0.8,0.6,0.6,
嘉義,2024/01/09 00:00:00,NO2,11.8,10.2,9,10.1,11.4,11.4,12.1,13.3,13.2,11.9,13.7,12.8,9.5,8.6,9,10.6,11.9,18.2,17,15.8,14.3,12.9,14.3,15.7,
嘉義,2024/01/09 00:00:00,NOx,12.1,10.8,9.6,10.8,12.1,12,12.9,15.4,18.3,17.1,19.3,17.2,12,10.6,11,12.2,13.3,19.6,17.9,16.6,15.1,13.7,15,16.3,
嘉義,2024/01/09 00:00:00,O3,19.6,20.1,16.7,12.9,10.1,10.8,10.2,10.4,13,22.5,28.3,37.5,48.9,49.2,46.8,42.8,41.7,31,28.4,24.8,24,24.2,19.8,17.4,
嘉義,2024/01/09 00:00:00,PM10,51,50,57,51,52,45,46,38,39,41,42,34,34,37,33,40,41,49,46,48,58,49,46,44,
嘉義,2024/01/09 00:00:00,PM2.5,24,21,21,25,24,29,28,26,26,26,30,17,18,19,18,19,20,24,24,24,37,35,33,34,
嘉義,2024/01/09 00:00:00,RAINFALL,0,0,0,0,0,0,0,0,0,0,0,0,0,0,0,0,0,0,0,0,0,0,0,0,
嘉義,2024/01/09 00:00:00,RH,90,90,91,91,92,91,91,91,88,77,63,57,52,51,54,59,60,67,82,88,89,89,89,89,
嘉義,2024/01/09 00:00:00,SO2,1.8,A,1.3,1.3,1.3,1.5,1.7,1.8,#,1.9,2.4,2.2,2.2,2.6,2.6,2.4,2.1,2.3,2.4,2.4,2.4,2.4,2.7,2.5,
嘉義,2024/01/09 00:00:00,THC,2.19,2.17,2.22,2.27,2.36,2.32,2.28,2.26,2.28,2.26,2.21,2.14,2.08,2.06,2.06,2.08,2.09,2.19,2.17,2.13,2.12,2.12,2.18,2.24,
嘉義,2024/01/09 00:00:00,WD_HR,29,59,40,34,42,25,28,35,26,27,348,4,2,2,350,1,8,350,351,8,7,8,10,41,
嘉義,2024/01/09 00:00:00,WIND_DIREC,31,47,38,357,69,5,28,22,6,5,353,359,352,357,347,9,9,339,354,2,5,5,4,23,
嘉義,2024/01/09 00:00:00,WIND_SPEED,2.2,2,1.7,2,1.9,2.8,2.4,2.5,2.2,2.9,3.7,4.1,4.4,3.8,3.3,3.1,3.2,3.2,3.1,2.7,2.2,3.2,2.2,1.4,
嘉義,2024/01/09 00:00:00,WS_HR,1.6,1.8,1.4,1.5,1.5,1.5,2,1.9,1.9,1.9,3,2.8,3.2,3,3.5,3,3.7,2.6,3,2.5,2.8,2.5,2,1.7,
嘉義,2024/01/10 00:00:00,AMB_TEMP,18.1,18,17.4,17.3,17.1,17.1,17.2,17.3,18,19.4,20.6,22,23,22.2,21.6,21.5,20.5,19.3,18.4,17.5,16.9,16.3,16.2,15.7,
嘉義,2024/01/10 00:00:00,CH4,2.1,2.08,2.12,2.1,2.11,2.13,2.12,2.08,2.05,2.04,2.01,2.01,2.02,2.05,#,2.06,2.08,2.07,2.07,2.09,2.1,2.12,2.13,2.14,
嘉義,2024/01/10 00:00:00,CO,0.34,0.34,0.33,0.31,0.33,0.39,0.4,0.37,0.35,0.35,0.33,0.35,0.37,#,0.44,0.47,0.51,0.52,0.51,0.54,0.56,0.54,0.56,0.49,
嘉義,2024/01/10 00:00:00,NMHC,0.16,0.15,0.14,0.13,0.15,0.17,0.18,0.1,0.11,0.1,0.07,0.08,0.07,0.08,#,0.11,0.11,0.12,0.13,0.14,0.16,0.15,0.22,0.17,
嘉義,2024/01/10 00:00:00,NO,0.5,0.9,0.8,1,0.9,1,1.3,2,3.7,3.6,3.2,2.7,2.1,#,1.4,1.4,1.2,0.9,0.9,1,0.9,1,1,1,
嘉義,2024/01/10 00:00:00,NO2,13.5,14.9,13.6,12.7,13.3,14.2,15.4,14.6,14.4,10.5,10.1,9.8,9.3,#,9,9.8,12.5,14.1,15.5,17.3,18,17.3,18.5,16.2,
嘉義,2024/01/10 00:00:00,NOx,14.1,15.8,14.5,13.7,14.3,15.3,16.7,16.7,18.1,14.1,13.4,12.5,11.4,#,10.5,11.2,13.8,15,16.4,18.3,18.9,18.3,19.5,17.2,
嘉義,2024/01/10 00:00:00,O3,16.1,13.8,12.7,12.5,10.5,7.2,7.8,16.9,23.4,30.2,34.8,44.6,54.6,61,#,61,53.5,46.7,40.7,34.1,31.5,30.2,24.9,27.2,
嘉義,2024/01/10 00:00:00,PM10,44,63,44,32,29,42,41,21,21,27,27,26,52,118,102,84,68,56,57,60,59,62,63,53,
嘉義,2024/01/10 00:00:00,PM2.5,32,36,34,27,26,34,35,15,18,18,16,19,16,33,32,37,37,37,33,36,42,41,40,34,
嘉義,2024/01/10 00:00:00,RAINFALL,0,0,0,0,0,0,0,0,0,0,0,0,0,0,0,0,0,0,0,0,0,0,0,0,
嘉義,2024/01/10 00:00:00,RH,89,90,90,89,89,90,90,89,87,78,68,60,54,53,48,48,49,49,46,44,48,50,48,44,
嘉義,2024/01/10 00:00:00,SO2,1.6,1.7,1.9,1.9,1.7,2,2,2.3,2.1,2.2,2,1.7,1.9,#,1.8,1.8,2,1.7,2,2,1.9,1.9,2.2,2.1,
嘉義,2024/01/10 00:00:00,THC,2.26,2.23,2.26,2.23,2.26,2.3,2.3,2.18,2.16,2.14,2.08,2.09,2.09,2.13,#,2.17,2.19,2.19,2.2,2.23,2.26,2.27,2.35,2.31,
嘉義,2024/01/10 00:00:00,WD_HR,15,51,7,17,9,20,14,15,14,9,21,13,356,1,9,10,11,12,14,9,12,10,31,3,
嘉義,2024/01/10 00:00:00,WIND_DIREC,32,44,4,11,14,43,13,37,7,6,9,26,1,12,13,5,19,6,9,5,11,29,5,17,
嘉義,2024/01/10 00:00:00,WIND_SPEED,1.8,2.5,3.3,2.5,2.8,2.1,2.5,2.3,3.5,4,3.8,3.4,5,5.4,5.3,5,4.1,4.5,3.2,3.4,2.5,1.8,1.4,1.4,
嘉義,2024/01/10 00:00:00,WS_HR,1.4,2.4,2.5,2.3,2.4,2,2.1,2.3,3,3.1,2.9,2.7,3.6,4.6,5.1,4.7,3.9,4.1,3.6,3.1,2.7,2.4,1.3,1.6,
嘉義,2024/01/11 00:00:00,AMB_TEMP,15.1,14.8,14.1,14.1,13.6,13.6,12.8,12.8,13.9,15.3,17.5,19.2,21.5,22.2,21.7,21.4,21,19.7,18.2,17.2,#,#,15.6,15.3,
嘉義,2024/01/11 00:00:00,CH4,2.17,2.24,2.2,2.17,2.18,2.2,2.24,2.22,2.18,2.15,2.13,2.11,2.08,2.08,2.06,2.06,2.05,2.08,2.1,2.12,#,#,2.21,2.27,
嘉義,2024/01/11 00:00:00,CO,0.43,0.41,0.35,0.34,0.33,0.34,0.4,0.51,0.49,0.46,0.52,0.46,0.42,0.4,0.41,0.48,0.46,0.59,0.63,0.64,#,#,0.6,0.56,
嘉義,2024/01/11 00:00:00,NMHC,0.15,0.13,0.09,0.1,0.1,0.13,0.14,0.15,0.12,0.14,0.2,0.11,0.07,0.06,0.07,0.08,0.08,0.14,0.16,0.16,#,#,0.2,0.19,
嘉義,2024/01/11 00:00:00,NO,1,0.8,0.7,0.6,0.6,0.6,0.6,3.8,7.1,5.1,5.7,4.3,2.1,1.4,1.3,1.2,0.9,0.9,0.8,0.8,#,#,0.6,0.8,
嘉義,2024/01/11 00:00:00,NO2,14.3,19.1,12.6,9.9,10.4,12.1,16.2,23.3,23.9,13.3,15.4,14.3,10.4,8.6,10,12,12.6,21.7,25.9,24.3,#,#,25.5,19.8,
嘉義,2024/01/11 00:00:00,NOx,15.4,20,13.3,10.6,11,12.8,16.8,27.1,31,18.5,21.1,18.7,12.5,10.1,11.4,13.2,13.5,22.6,26.7,25.1,#,#,26.1,20.6,
嘉義,2024/01/11 00:00:00,O3,24.7,19.8,26.8,27.4,26.3,23.6,19.3,13.2,17,25,30.5,42,56.6,67.1,69.6,71,72.8,48.1,32.8,28,#,#,9.1,7.8,
嘉義,2024/01/11 00:00:00,PM10,51,45,36,39,37,42,43,64,55,44,52,51,52,59,72,72,68,78,81,76,75,76,69,61,
嘉義,2024/01/11 00:00:00,PM2.5,35,30,26,26,28,29,30,38,35,33,37,36,27,30,34,35,36,34,33,37,37,40,42,42,
嘉義,2024/01/11 00:00:00,RAINFALL,0,0,0,0,0,0,0,0,0,0,0,0,0,0,0,0,0,0,0,0,#,#,0,0,
嘉義,2024/01/11 00:00:00,RH,42,42,44,45,47,46,51,53,51,50,47,48,45,40,40,43,44,49,55,60,#,#,72,77,
嘉義,2024/01/11 00:00:00,SO2,6.5,4.1,2.6,1.9,1.7,1.7,1.9,6.2,3.1,2.1,3.3,2.6,2.2,2.5,3.1,3.2,2.9,2.9,3.2,3.9,#,#,1.8,1.4,
嘉義,2024/01/11 00:00:00,THC,2.32,2.37,2.29,2.27,2.28,2.33,2.38,2.37,2.3,2.29,2.33,2.22,2.15,2.14,2.13,2.14,2.13,2.22,2.26,2.28,#,#,2.41,2.46,
嘉義,2024/01/11 00:00:00,WD_HR,3,1,6,47,7,32,0,357,45,38,346,273,254,262,289,329,334,345,359,8,#,#,111,100,
嘉義,2024/01/11 00:00:00,WIND_DIREC,3,10,17,49,15,10,355,9,68,346,355,239,248,297,284,347,348,344,9,18,#,106,110,106,
嘉義,2024/01/11 00:00:00,WIND_SPEED,2.4,1.7,2.5,1.8,1.8,1.9,2.1,2.4,2.6,2.2,2,1.9,4.1,4.3,2.6,2.4,2.2,2.7,2.3,1.8,#,1,0.7,1.1,
嘉義,2024/01/11 00:00:00,WS_HR,2,1.6,2.2,1.7,2,1.3,1.9,2.1,1.8,1.7,1.8,0.8,2.5,3.6,2.7,2.1,2,2.4,2.3,2.1,#,#,0.5,0.9,
嘉義,2024/01/12 00:00:00,AMB_TEMP,15.2,14.6,14.9,14.9,14.9,14.7,14.5,14.6,16,17.7,19.6,20.7,22.3,23.6,23.9,22.5,21.5,20.4,19.4,18.9,18.3,17.6,17.3,16.7,
嘉義,2024/01/12 00:00:00,CH4,2.28,2.36,2.32,2.28,2.24,2.2,2.16,2.07,2.37,2.21,2.12,2.08,2.03,2.01,2.03,2.05,2.06,2.07,2.1,2.11,2.09,2.14,2.37,2.27,
嘉義,2024/01/12 00:00:00,CO,0.48,0.56,0.47,0.44,0.42,0.4,0.44,0.46,1.02,0.71,0.49,0.42,0.34,0.29,0.31,0.4,0.39,0.48,0.51,0.57,0.47,0.52,0.88,0.69,
嘉義,2024/01/12 00:00:00,NMHC,0.14,0.24,0.2,0.16,0.13,0.16,0.15,0.13,0.33,0.25,0.12,0.09,0.05,0.03,0.03,0.07,0.08,0.11,0.13,0.19,0.12,0.16,0.31,0.21,
嘉義,2024/01/12 00:00:00,NO,0.7,0.8,0.4,0.4,0.3,0.2,0.6,1.6,19.8,11.8,4.1,1.6,0.8,0.4,0.5,0.7,0.6,0.5,0.3,0.5,0.4,0.3,0.6,0.4,
嘉義,2024/01/12 00:00:00,NO2,14.2,21.3,15.6,14.5,9.1,9.5,13,14.6,27.3,29.4,16.4,13,8.3,5.7,6,10.2,12.6,14.5,16.9,18.7,15.7,15.5,30.5,26,
嘉義,2024/01/12 00:00:00,NOx,14.9,22.1,16.1,14.9,9.5,9.8,13.7,16.3,47.1,41.3,20.5,14.6,9.1,6.2,6.5,10.9,13.3,15,17.3,19.2,16.1,15.9,31.1,26.4,
嘉義,2024/01/12 00:00:00,O3,14,4.6,9,15.3,20.8,14.3,10.7,14.9,10.1,22.9,51.4,64.3,70.2,69.5,73.8,80.1,75.9,66.7,55.1,47.4,44.8,36.1,14.5,14.1,
嘉義,2024/01/12 00:00:00,PM10,59,60,59,55,46,45,39,29,63,72,69,59,42,32,49,65,68,61,65,68,63,66,68,65,
嘉義,2024/01/12 00:00:00,PM2.5,38,36,38,43,38,33,27,20,38,42,41,36,22,19,27,35,33,36,39,39,37,43,47,46,
嘉義,2024/01/12 00:00:00,RAINFALL,0,0,0,0,0,0,0,0,0,0,0,0,0,0,0,0,0,0,0,0,0,0,0,0,
嘉義,2024/01/12 00:00:00,RH,78,83,82,80,78,79,80,78,73,66,58,54,45,37,38,48,52,57,61,64,67,72,74,79,
嘉義,2024/01/12 00:00:00,SO2,1.3,1.8,1.8,2.2,1.8,1.6,1.6,1.7,2.1,3.2,4.1,3.5,3,2.3,2.3,3.6,4,3.2,3.1,3.4,3,2.4,2.1,1.8,
嘉義,2024/01/12 00:00:00,THC,2.42,2.6,2.52,2.44,2.37,2.36,2.31,2.2,2.7,2.46,2.24,2.17,2.08,2.04,2.06,2.12,2.14,2.18,2.23,2.3,2.21,2.3,2.68,2.48,
嘉義,2024/01/12 00:00:00,WD_HR,119,193,72,83,59,102,113,100,359,324,351,339,218,235,282,315,324,350,10,51,74,81,62,168,
嘉義,2024/01/12 00:00:00,WIND_DIREC,178,120,352,82,105,108,110,109,354,345,311,110,243,243,293,326,352,358,35,72,91,71,151,112,
嘉義,2024/01/12 00:00:00,WIND_SPEED,0.9,0.7,0.9,1.1,1.2,0.8,1.4,0.8,1.3,1.9,2.3,1.4,1.8,3.5,3.6,3.9,1.9,2.5,1.7,1.9,1.3,1.5,0.7,0.9,
嘉義,2024/01/12 00:00:00,WS_HR,0.7,0.4,0.4,1,0.7,1,1.2,1,1.4,1.3,1.7,0.3,1.1,1.8,2.6,3.5,2.6,2.3,1.9,1.7,1.8,1.3,0.3,0.6,
嘉義,2024/01/13 00:00:00,AMB_TEMP,16.4,16.3,16,15.7,15.5,15.3,15.1,15.1,16.4,18.6,20.8,22.6,23.7,24.5,24.6,24.3,23.5,22.1,20.7,19.7,18.7,17.9,17.4,17.3,
嘉義,2024/01/13 00:00:00,CH4,2.22,2.2,2.55,2.54,2.33,2.3,2.36,2.43,2.38,2.23,2.12,2.08,2.05,2.02,2.02,2.01,2.02,2.04,2.04,2.05,2.11,2.15,2.2,2.23,
嘉義,2024/01/13 00:00:00,CO,0.41,0.36,0.56,0.6,0.49,0.48,0.54,0.68,0.71,0.7,0.5,0.38,0.33,0.3,0.26,0.24,0.24,0.33,0.34,0.35,0.43,0.42,0.43,0.47,
嘉義,2024/01/13 00:00:00,NMHC,0.09,0.08,0.24,0.32,0.27,0.2,0.27,0.27,0.24,0.23,0.13,0.09,0.05,0.04,0.03,0.04,0.04,0.06,0.07,0.07,0.13,0.11,0.11,0.13,
嘉義,2024/01/13 00:00:00,NO,0.4,0.6,0.8,1,0.7,0.7,0.7,5.7,6.1,5.6,3.6,1.8,1,0.9,0.9,1.2,1,0.6,0.7,0.6,0.7,0.5,0.6,0.7,
嘉義,2024/01/13 00:00:00,NO2,10,9.8,18.1,20.2,19.1,16.8,16.6,18.7,21.6,20.3,13.1,9.6,6.5,5.4,5.5,5.6,6,9.8,11.6,11.9,14.8,14.3,14.8,15.9,
嘉義,2024/01/13 00:00:00,NOx,10.4,10.5,19,21.2,19.8,17.5,17.3,24.4,27.7,26,16.7,11.5,7.5,6.3,6.5,6.8,7.1,10.4,12.3,12.6,15.5,14.8,15.4,16.6,
嘉義,2024/01/13 00:00:00,O3,27,31.9,13.3,8.5,11.1,11.1,5.1,4.9,20.2,33.5,47.6,64.6,78.6,77.3,67.9,63.8,62.3,52.1,42.4,34.9,28.1,25.7,20.5,17.1,
嘉義,2024/01/13 00:00:00,PM10,51,44,62,74,66,52,43,46,63,62,53,46,37,30,31,29,36,51,34,46,64,51,42,39,
嘉義,2024/01/13 00:00:00,PM2.5,40,32,44,55,47,41,36,39,40,45,37,26,25,18,18,15,13,23,19,18,30,27,21,21,
嘉義,2024/01/13 00:00:00,RAINFALL,0,0,0,0,0,0,0,0,0,0,0,0,0,0,0,0,0,0,0,0,0,0,0,0,
嘉義,2024/01/13 00:00:00,RH,78,78,80,84,84,85,85,86,74,62,51,38,32,*,*,31,37,52,60,67,66,65,69,70,
嘉義,2024/01/13 00:00:00,SO2,1.6,0.9,0.9,3.2,2.6,1.8,1.1,1.1,1.9,2.5,4.3,1.7,1.8,1.5,2.1,1.7,1.7,2.4,2.2,4.3,4.1,2.8,1.5,1.4,
嘉義,2024/01/13 00:00:00,THC,2.31,2.28,2.79,2.86,2.6,2.5,2.63,2.7,2.62,2.46,2.25,2.17,2.1,2.06,2.05,2.05,2.06,2.1,2.11,2.12,2.24,2.26,2.31,2.36,
嘉義,2024/01/13 00:00:00,WD_HR,116,101,352,56,103,105,113,29,353,3,354,332,344,348,328,323,319,335,0,4,114,110,120,120,
嘉義,2024/01/13 00:00:00,WIND_DIREC,121,88,353,103,335,106,106,32,341,4,337,344,328,351,335,315,307,352,12,18,115,109,142,128,
嘉義,2024/01/13 00:00:00,WIND_SPEED,0.7,0.6,1.7,0.9,0.5,1.1,0.9,0.9,1.3,1.5,1.9,2.3,2.1,2.4,2.2,3.2,2.6,2.7,2.1,1.1,1.2,1.5,0.7,0.7,
嘉義,2024/01/13 00:00:00,WS_HR,0.7,0.6,1.1,0.6,0.6,0.6,0.7,0.5,1.3,1.2,1.4,2.1,1.6,1.7,2.4,2.6,2.9,2.6,2.4,1.3,1.2,1.3,0.8,0.8,
嘉義,2024/01/14 00:00:00,AMB_TEMP,16.8,16.4,16.3,16,15.8,15.6,16,16.6,18.3,20.5,22,23.5,24.5,24.9,24.9,24.6,23.7,21.6,20.1,19.2,18.7,18.3,18,17.6,
嘉義,2024/01/14 00:00:00,CH4,2.28,2.24,2.24,2.22,2.22,2.19,2.15,2.11,2.09,2.03,1.97,1.97,1.96,1.99,1.97,1.96,2,2.03,2.05,2.08,2.14,2.11,2.1,2.16,
嘉義,2024/01/14 00:00:00,CO,0.42,0.34,0.31,0.27,0.27,0.26,0.28,0.35,0.46,0.4,0.25,0.24,0.21,0.21,0.22,0.21,0.25,0.33,0.37,0.36,0.4,0.38,0.36,0.4,
嘉義,2024/01/14 00:00:00,NMHC,0.13,0.11,0.1,0.09,0.08,0.07,0.06,0.07,0.09,0.08,0.03,0.02,0.02,0.01,0.02,0.01,0.03,0.07,0.07,0.08,0.09,0.09,0.08,0.11,
嘉義,2024/01/14 00:00:00,NO,0.9,0.4,0.6,0.5,0.5,0.7,0.5,0.7,1.4,1.6,1,0.8,0.7,0.8,0.9,0.9,0.8,0.7,0.4,0.4,0.4,0.6,0.4,0.5,
嘉義,2024/01/14 00:00:00,NO2,14.5,11.4,8.8,7,6.3,6.2,6,8.2,9,9,5.1,4.1,4.3,4.2,4.6,4.9,6.9,10.6,10.8,10.6,11.1,12.1,10.8,12.7,
嘉義,2024/01/14 00:00:00,NOx,15.5,11.8,9.4,7.5,6.8,6.9,6.5,8.9,10.5,10.7,6.2,5,5.1,5,5.5,5.9,7.7,11.4,11.3,11,11.6,12.7,11.3,13.2,
嘉義,2024/01/14 00:00:00,O3,13.6,19,22.1,25.4,25.7,28.4,31.1,31.2,35.6,48.2,57.9,62,62.4,63.2,62.1,59.6,62.8,61.8,58.8,61,55.7,52.1,51.3,31,
嘉義,2024/01/14 00:00:00,PM10,33,20,24,24,33,29,28,33,46,45,26,25,18,21,25,16,36,52,64,60,68,81,65,60,
嘉義,2024/01/14 00:00:00,PM2.5,18,21,19,21,21,22,24,23,27,32,12,11,10,11,13,11,18,28,37,41,45,52,45,44,
嘉義,2024/01/14 00:00:00,RAINFALL,0,0,0,0,0,0,0,0,0,0,0,0,0,0,0,0,0,0,0,0,0,0,0,0,
嘉義,2024/01/14 00:00:00,RH,73,74,73,72,73,75,74,70,64,61,54,43,37,39,40,38,44,59,70,77,83,86,87,87,
嘉義,2024/01/14 00:00:00,SO2,1,1.5,1.4,1.5,1.4,1.4,1.6,1.6,1.5,2.1,2.4,2.4,2,2.2,2,2,2.3,2.5,1.8,5.3,9,4.3,2.2,2.2,
嘉義,2024/01/14 00:00:00,THC,2.41,2.35,2.34,2.31,2.3,2.26,2.21,2.18,2.18,2.11,2,1.99,1.98,2,1.99,1.97,2.03,2.1,2.12,2.16,2.23,2.2,2.18,2.27,
嘉義,2024/01/14 00:00:00,WD_HR,116,107,111,114,116,115,114,112,101,158,245,271,288,300,303,301,325,350,357,7,5,35,60,99,
嘉義,2024/01/14 00:00:00,WIND_DIREC,125,104,111,113,114,116,108,111,95,181,233,307,285,283,309,303,327,355,21,2,15,57,53,115,
嘉義,2024/01/14 00:00:00,WIND_SPEED,0.9,1,1.3,1.4,1.2,1.7,1.7,1.6,1.1,0.9,1.9,1.9,2.8,2.7,2.8,2.5,3.5,2.5,1.9,2.5,1.6,1.5,0.9,1.5,
嘉義,2024/01/14 00:00:00,WS_HR,0.7,0.9,1,1.4,1.3,1.6,1.5,1.6,1.2,0.2,1.2,0.8,1.8,1.9,2.7,2.3,2.8,2.6,2.2,2.1,2.2,1.4,1,1,
嘉義,2024/01/15 00:00:00,AMB_TEMP,16.9,16.9,16.7,16.3,16.3,16.1,16.1,16.5,18,19.5,21.4,22.9,24,24.7,24.8,24.1,22.4,20.8,19.8,19.1,18.5,17.7,17.2,17,
嘉義,2024/01/15 00:00:00,CH4,2.18,2.17,2.19,2.13,2.29,2.54,2.24,2.17,2.05,2.04,2.05,2.04,1.99,1.99,#,2.05,2.06,2.08,2.09,2.11,2.14,2.17,2.15,2.15,
嘉義,2024/01/15 00:00:00,CO,0.33,0.33,0.31,0.24,0.27,0.34,0.36,0.54,0.43,0.37,0.34,0.3,0.25,0.25,0.38,#,0.52,0.64,0.58,0.58,0.59,0.58,0.51,0.5,
嘉義,2024/01/15 00:00:00,NMHC,0.1,0.09,0.08,0.06,0.11,0.13,0.1,0.2,0.1,0.12,0.1,0.06,0.04,0.04,#,0.07,0.09,0.11,0.13,0.15,0.15,0.15,0.13,0.18,
嘉義,2024/01/15 00:00:00,NO,0.5,0.6,0.7,0.7,0.6,0.8,0.7,2.8,3,3.6,3.7,2.9,1.7,1.5,1.4,#,1.1,1.1,0.8,0.8,0.9,0.9,0.7,0.7,
嘉義,2024/01/15 00:00:00,NO2,10.9,8.4,7.7,4.9,5.3,9.8,10.2,15.7,12.8,11.9,11.9,11.5,7.6,7,8.4,#,12.3,17.7,17.5,18.5,20.1,19.5,15.6,15.2,
嘉義,2024/01/15 00:00:00,NOx,11.5,9.1,8.5,5.7,6,10.7,11,18.6,15.9,15.5,15.6,14.5,9.4,8.6,9.9,#,13.4,18.9,18.4,19.3,21,20.4,16.4,16,
嘉義,2024/01/15 00:00:00,O3,20.4,24.4,16.2,19,20.9,13.4,20.9,14.7,31,32.3,36.8,50.7,52.7,57.3,#,69,60.4,43.6,39.2,31.5,25.4,22.7,24.4,21.3,
嘉義,2024/01/15 00:00:00,PM10,50,48,40,28,34,35,38,36,29,27,40,32,31,#,76,100,91,89,86,73,67,60,59,61,
嘉義,2024/01/15 00:00:00,PM2.5,33,33,24,23,31,30,22,24,20,25,25,15,16,17,#,38,37,38,36,34,36,38,36,41,
嘉義,2024/01/15 00:00:00,RAINFALL,0,0,0,0,0,0,0,0,0,0,0,0,0,0,#,#,0,0,0,0,0,0,0,0,
嘉義,2024/01/15 00:00:00,RH,87,87,87,86,86,86,86,84,67,57,48,47,46,43,49,55,60,66,69,72,76,81,85,86,
嘉義,2024/01/15 00:00:00,SO2,1.5,1.3,1.2,1.1,1.1,1.2,1.2,1.5,1.5,2.8,3.2,2.4,2.4,2.3,2.4,#,2.1,2.7,3.1,2.8,3.4,3.9,3,1.7,
嘉義,2024/01/15 00:00:00,THC,2.28,2.26,2.27,2.19,2.4,2.67,2.34,2.37,2.15,2.16,2.15,2.1,2.03,2.03,#,2.12,2.15,2.19,2.22,2.26,2.29,2.32,2.28,2.33,
嘉義,2024/01/15 00:00:00,WD_HR,103,100,116,113,73,5,34,80,52,0,5,343,316,284,332,335,354,359,5,11,4,4,4,26,
嘉義,2024/01/15 00:00:00,WIND_DIREC,106,115,117,104,350,29,62,35,20,3,0,316,289,295,326,353,353,5,2,13,16,10,9,349,
嘉義,2024/01/15 00:00:00,WIND_SPEED,0.9,0.7,1.1,1.1,1,0.7,1.3,1.4,1.8,2.8,1.8,2.1,2.5,2.6,3.3,3.5,3.8,3.8,2.6,2.7,2.4,2.5,1.9,1.9,
嘉義,2024/01/15 00:00:00,WS_HR,1,0.8,1,1.1,0.6,0.8,1,1.2,1.6,2.4,1.8,2.1,1.9,1.7,2.6,3.2,3.5,2.9,2.8,2.3,2.3,2.3,1.9,1.5,
嘉義,2024/01/16 00:00:00,AMB_TEMP,16.9,16.6,16.2,15.9,15.9,15.5,15,15.5,16.3,17.5,19.4,21.2,22.5,23.4,23.8,23.5,22.5,21.2,20,19.3,18.9,18.4,18,17.8,
嘉義,2024/01/16 00:00:00,CH4,2.17,2.19,2.28,2.27,2.17,2.25,2.31,2.3,2.22,2.25,2.16,2.11,2.04,2.01,2.01,2.01,2,2.01,2.05,2.07,2.09,2.13,2.11,2.19,
嘉義,2024/01/16 00:00:00,CO,0.49,0.46,0.44,0.41,0.42,0.48,0.43,0.51,0.6,0.55,0.5,0.44,0.36,0.31,0.31,0.32,0.32,0.36,0.44,0.45,0.43,0.43,0.35,0.38,
嘉義,2024/01/16 00:00:00,NMHC,0.15,0.15,0.12,0.12,0.11,0.15,0.12,0.16,0.19,0.16,0.16,0.13,0.07,0.05,0.05,0.06,0.07,0.09,0.11,0.13,0.13,0.14,0.16,0.29,
嘉義,2024/01/16 00:00:00,NO,0.6,0.8,0.7,0.4,0.5,1.5,0.9,2.5,5.9,8.8,6.2,3.9,2.1,1.2,1.2,1.3,1.3,0.9,0.8,0.9,0.9,1,0.7,0.9,
嘉義,2024/01/16 00:00:00,NO2,14.5,14.3,15.7,12.2,10.8,10.8,14,16.1,15.3,17.2,15.5,13.8,10.5,7.2,8.2,9.1,11.9,14.7,18.9,20.9,21.3,21.6,19.4,22.1,
嘉義,2024/01/16 00:00:00,NOx,15.1,15.1,16.5,12.7,11.3,12.3,15,18.7,21.3,26.1,21.8,17.8,12.6,8.4,9.4,10.4,13.2,15.6,19.8,21.8,22.2,22.6,20.2,23.1,
嘉義,2024/01/16 00:00:00,O3,21,20.3,16,18.8,18.7,7,12.6,9.9,13.7,18.3,30.8,43.8,59,69.5,65.7,64.4,55.5,42,26.8,20.5,17.2,12.9,13.5,7.8,
嘉義,2024/01/16 00:00:00,PM10,59,53,52,54,46,52,44,52,57,64,54,62,43,48,57,92,63,58,55,57,53,52,43,45,
嘉義,2024/01/16 00:00:00,PM2.5,32,38,41,36,31,37,34,36,39,39,35,36,25,25,26,27,23,17,15,19,22,26,19,24,
嘉義,2024/01/16 00:00:00,RAINFALL,0,0,0,0,0,0,0,0,0,0,0,0,0,0,0,0,0,0,0,0,0,0,0,0,
嘉義,2024/01/16 00:00:00,RH,86,86,87,87,87,89,90,88,87,81,70,63,55,50,52,54,57,62,67,71,72,73,72,74,
嘉義,2024/01/16 00:00:00,SO2,1.8,1.6,1.9,1.7,1.4,1.2,1.4,2.2,2.3,3,3.3,2.4,2.2,2.1,2.5,2.5,2.6,2.3,2.4,3,3.1,2.9,3.2,2.3,
嘉義,2024/01/16 00:00:00,THC,2.32,2.34,2.4,2.39,2.28,2.4,2.43,2.46,2.41,2.41,2.32,2.24,2.11,2.06,2.06,2.07,2.07,2.1,2.16,2.2,2.22,2.27,2.27,2.48,
嘉義,2024/01/16 00:00:00,WD_HR,21,13,345,56,89,358,9,88,8,354,4,360,351,344,351,347,1,354,354,355,357,3,15,24,
嘉義,2024/01/16 00:00:00,WIND_DIREC,52,9,9,70,97,330,77,74,17,1,22,358,350,332,358,350,349,341,356,9,353,5,359,346,
嘉義,2024/01/16 00:00:00,WIND_SPEED,1.6,1.4,2.2,2.4,1.4,1.9,1.3,1,1.8,2.7,2.6,2.6,2.7,3,3.3,3.9,4.4,2.8,1.7,1.6,1.5,2.3,1.2,1.4,
嘉義,2024/01/16 00:00:00,WS_HR,1.3,1.1,1.4,1.7,1.7,0.2,1.5,1.2,1.9,2.4,1.9,2.2,2.4,2.6,2.8,3,3.3,2.7,1.9,1.7,1.3,1.6,1.4,0.9,
嘉義,2024/01/17 00:00:00,AMB_TEMP,17.5,17.1,17,16.7,16.4,16,15.8,16.3,18.1,20.1,21.8,23.2,24.4,25.4,25.7,24.8,23.5,21.8,20.8,20.3,19.9,19.6,19,18.7,
嘉義,2024/01/17 00:00:00,CH4,2.19,2.25,2.18,2.25,2.28,2.34,2.57,2.41,2.21,2.12,2.08,2.06,2.04,2.05,2.06,2.02,2,2.01,2.03,2.05,2.07,2.15,2.14,2.16,
嘉義,2024/01/17 00:00:00,CO,0.36,0.34,0.31,0.32,0.3,0.35,0.51,0.65,0.84,0.6,0.5,0.34,0.33,0.31,0.3,0.25,0.28,0.29,0.35,0.36,0.33,0.32,0.32,0.36,
嘉義,2024/01/17 00:00:00,NMHC,0.2,0.26,0.15,0.16,0.13,0.19,0.26,0.3,0.34,0.21,0.15,0.06,0.06,0.05,0.04,0.04,0.06,0.05,0.08,0.11,0.08,0.1,0.07,0.13,
嘉義,2024/01/17 00:00:00,NO,0.9,0.4,0.4,0.4,0.5,3.1,12.4,14.1,13.2,6.1,3.9,1.5,0.8,0.5,0.4,0.6,0.6,0.4,0.2,0.2,0.1,0.4,0.2,0.2,
嘉義,2024/01/17 00:00:00,NO2,20.5,21.5,18.2,13.4,11.8,11.9,13.1,16.6,24.2,21.9,18.5,11.4,8.4,7.7,7.1,7.3,8.9,9.4,11.4,14.5,15.4,15.8,12,13.1,
嘉義,2024/01/17 00:00:00,NOx,21.4,22,18.6,13.8,12.3,15,25.6,30.8,37.4,28,22.4,13,9.2,8.2,7.5,7.9,9.6,9.9,11.6,14.8,15.5,16.2,12.3,13.3,
嘉義,2024/01/17 00:00:00,O3,8,6.4,7.8,5.5,2.4,2.9,0,2.2,13,33.6,48.9,62.6,74.8,80.7,81.9,67.5,55.1,50.5,45,38.3,32.4,29.2,31.9,26.4,
嘉義,2024/01/17 00:00:00,PM10,45,42,35,34,29,29,44,46,82,149,74,51,51,53,48,57,47,55,56,57,56,65,69,74,
嘉義,2024/01/17 00:00:00,PM2.5,24,21,18,21,17,14,21,31,41,42,47,23,23,26,26,24,22,20,26,27,27,27,29,34,
嘉義,2024/01/17 00:00:00,RAINFALL,0,0,0,0,0,0,0,0,0,0,0,0,0,0,0,0,0,0,0,0,0,0,0,0,
嘉義,2024/01/17 00:00:00,RH,76,78,79,85,86,88,88,87,82,69,62,57,50,44,44,57,64,72,77,81,85,86,89,90,
嘉義,2024/01/17 00:00:00,SO2,1.8,2.2,1.8,1.4,1.4,1.3,1.4,3,3.2,3.1,4,2.4,2.5,2.6,2.7,2.7,2.3,1.9,1.9,2.5,1.9,2,2.5,2.9,
嘉義,2024/01/17 00:00:00,THC,2.39,2.51,2.33,2.41,2.41,2.53,2.83,2.71,2.55,2.33,2.23,2.12,2.1,2.1,2.1,2.06,2.06,2.06,2.11,2.16,2.15,2.25,2.21,2.29,
嘉義,2024/01/17 00:00:00,WD_HR,14,29,96,81,112,315,4,85,34,351,313,317,323,336,329,335,338,338,356,296,294,314,357,18,
嘉義,2024/01/17 00:00:00,WIND_DIREC,45,42,110,109,144,304,340,82,355,334,304,345,316,355,327,345,345,353,0,253,314,323,29,7,
嘉義,2024/01/17 00:00:00,WIND_SPEED,0.9,1.1,0.8,0.8,0.7,1.1,0.7,1,1.7,1.7,1.8,2.1,1.9,2.3,3.8,3.1,3.5,1.8,2,1.9,0.8,2.6,1.3,1.8,
嘉義,2024/01/17 00:00:00,WS_HR,0.9,1,0.9,0.4,0.9,0.3,0.5,0.8,1,1.5,1.7,1.6,1.7,1.9,2.9,3.4,3.1,2.6,2,0.6,0.4,2.1,1.6,1.2,
嘉義,2024/01/18 00:00:00,AMB_TEMP,18.6,18.7,18.8,18.3,17.8,17.6,17.5,17.3,18.1,19.4,21.6,23.4,24.7,25.7,26,24.9,23.4,22.5,21.8,21.2,20.7,20.5,19.8,19.9,
嘉義,2024/01/18 00:00:00,CH4,2.15,2.1,2.06,2.13,2.08,2.03,2.25,2.33,2.22,2.13,2.09,2.05,2.06,2.05,2.04,2.02,2,2.02,2.07,2.09,2.11,2.12,2.2,2.26,
嘉義,2024/01/18 00:00:00,CO,0.34,0.34,0.34,0.3,0.25,0.23,0.35,0.52,0.6,0.44,0.4,0.36,0.34,0.34,0.34,0.3,0.31,0.35,0.48,0.42,0.38,0.35,0.4,0.41,
嘉義,2024/01/18 00:00:00,NMHC,0.09,0.08,0.1,0.08,0.06,0.04,0.13,0.25,0.22,0.17,0.12,0.09,0.08,0.08,0.07,0.04,0.06,0.08,0.13,0.12,0.14,0.13,0.17,0.17,
嘉義,2024/01/18 00:00:00,NO,0.3,0.8,0.9,1,0.8,0.7,1.1,5.8,10.3,8.4,5,3.2,2.1,1.3,1.2,1.2,1.4,1.1,1,1,0.9,0.9,0.9,1,
嘉義,2024/01/18 00:00:00,NO2,14.8,10.5,9.6,8.5,5.8,4.2,10.2,18.6,21.9,16.6,16.4,14.3,10.8,9.2,9.2,8.4,10.2,11.4,18.4,18.8,16.3,15,18.1,18.9,
嘉義,2024/01/18 00:00:00,NOx,15.1,11.3,10.5,9.5,6.6,5,11.3,24.5,32.3,25.1,21.4,17.6,13,10.5,10.4,9.7,11.7,12.5,19.5,19.9,17.3,15.9,19.1,19.9,
嘉義,2024/01/18 00:00:00,O3,23.7,28.8,27.6,17,16.9,28.9,14.4,4.7,10.5,23.2,35.5,45.6,65,84.8,83.7,68.1,56.5,49.9,33.9,32.5,31,27.5,15.1,8.6,
嘉義,2024/01/18 00:00:00,PM10,78,81,87,60,48,26,34,61,60,55,63,50,58,53,72,61,53,50,56,66,68,63,73,67,
嘉義,2024/01/18 00:00:00,PM2.5,40,41,43,37,29,17,22,42,35,33,37,31,37,35,47,38,32,28,34,37,33,34,39,38,
嘉義,2024/01/18 00:00:00,RAINFALL,0,0,0,0,0,0,0,0,0,0,0,0,0,0,0,0,0,0,0,0,0,0,0,0,
嘉義,2024/01/18 00:00:00,RH,90,90,90,90,90,86,86,89,86,74,66,56,50,47,54,63,69,70,75,82,86,87,88,88,
嘉義,2024/01/18 00:00:00,SO2,3,2.4,2.2,2,1.6,1.6,1.5,2.7,3.1,2.5,2.6,2.6,2.8,2.6,3.1,2.9,2.4,2.1,2.1,2.1,2.8,2.8,2.2,1.9,
嘉義,2024/01/18 00:00:00,THC,2.24,2.18,2.16,2.21,2.14,2.07,2.38,2.58,2.44,2.3,2.21,2.14,2.14,2.13,2.11,2.06,2.06,2.1,2.2,2.21,2.25,2.25,2.37,2.43,
嘉義,2024/01/18 00:00:00,WD_HR,59,45,52,112,105,99,19,29,4,4,343,29,338,15,330,338,348,353,352,352,59,103,215,169,
嘉義,2024/01/18 00:00:00,WIND_DIREC,51,54,82,115,107,89,22,29,0,335,356,351,9,54,317,348,352,352,351,1,75,221,147,224,
嘉義,2024/01/18 00:00:00,WIND_SPEED,0.7,0.8,1.7,1.7,1.7,1.1,1.9,1.7,2.2,2.4,1.5,2.2,1.8,2.6,3.9,2.9,3.4,1.6,2,1.3,1.7,0.9,0.7,1.4,
嘉義,2024/01/18 00:00:00,WS_HR,0.9,1.1,1.5,1.2,1.5,1.5,1.1,1.3,1.9,2.3,1.4,1.3,1.3,1.1,2.5,3,3,2,1.5,1.6,1.6,0.2,1.1,0.3,
嘉義,2024/01/19 00:00:00,AMB_TEMP,19.6,19.8,19.6,19.5,19.3,19.4,19.2,19.1,19.8,20.9,23,25,26.5,27.4,27.8,26.3,25,22.9,22,21.6,21.1,20.7,20.5,20.3,
嘉義,2024/01/19 00:00:00,CH4,2.34,2.56,2.57,2.38,2.28,2.3,2.3,2.39,2.47,2.31,2.22,2.14,2.11,2.09,2.05,2.03,2.03,2.01,2.03,2.07,2.07,2.11,2.07,2.08,
嘉義,2024/01/19 00:00:00,CO,0.37,0.48,0.47,0.34,0.32,0.37,0.46,0.67,0.69,0.62,0.55,0.43,0.4,0.35,0.34,0.32,0.35,0.33,0.36,0.38,0.41,0.48,0.47,0.41,
嘉義,2024/01/19 00:00:00,NMHC,0.17,0.21,0.5,0.19,0.12,0.14,0.26,0.4,0.32,0.28,0.23,0.14,0.11,0.07,0.06,0.05,0.06,0.05,0.07,0.09,0.09,0.1,0.09,0.12,
嘉義,2024/01/19 00:00:00,NO,1.1,1.3,2.3,1.2,0.8,1,2.2,12.1,17,11.6,5.4,2.3,1.6,1.3,1,1.3,1.2,0.9,0.8,0.8,0.9,1.1,1.1,0.8,
嘉義,2024/01/19 00:00:00,NO2,18.1,23.9,22.7,15.8,10.8,12.4,20.4,21.6,23.6,25.8,18.5,12.5,11.8,10.8,8.1,8.7,9.7,9.3,10.4,12.9,15.2,17.4,16.3,15.1,
嘉義,2024/01/19 00:00:00,NOx,19.2,25.3,25,17.1,11.7,13.4,22.7,33.7,40.7,37.5,23.9,14.9,13.4,12.2,9.2,10.1,11,10.3,11.3,13.7,16.1,18.6,17.4,15.9,
嘉義,2024/01/19 00:00:00,O3,6.7,4.9,1.3,2.5,8.1,12.5,3.1,2.7,7.1,17.6,43,66.9,79.6,90.3,96.4,61.7,58.4,50.5,39.3,31.9,25.9,19.3,19.4,17.6,
嘉義,2024/01/19 00:00:00,PM10,65,73,73,54,50,65,80,88,96,98,100,67,65,52,53,71,74,55,52,59,64,68,62,64,
嘉義,2024/01/19 00:00:00,PM2.5,37,46,55,36,35,41,55,51,64,60,67,48,46,39,37,35,30,26,22,28,28,31,32,32,
嘉義,2024/01/19 00:00:00,RAINFALL,0,0,0,0,0,0,0,0,0,0,0,0,0,0,0,0,0,0,0,0,0,0,0,0,
嘉義,2024/01/19 00:00:00,RH,89,88,89,89,89,89,89,90,89,85,72,59,50,43,42,62,66,74,83,86,88,89,89,89,
嘉義,2024/01/19 00:00:00,SO2,1.5,2.8,7.6,3.1,2.2,2.2,2.4,2.6,4.1,4.3,3.8,3.1,3.1,2.9,2.6,2.9,2.7,2.1,1.6,2.4,3.4,4.3,3.6,2.6,
嘉義,2024/01/19 00:00:00,THC,2.51,2.77,3.07,2.57,2.4,2.44,2.56,2.79,2.79,2.59,2.45,2.28,2.22,2.16,2.11,2.08,2.09,2.06,2.1,2.16,2.16,2.21,2.16,2.2,
嘉義,2024/01/19 00:00:00,WD_HR,17,356,55,111,67,49,25,358,31,9,47,345,346,339,325,323,339,334,9,8,2,6,11,0,
嘉義,2024/01/19 00:00:00,WIND_DIREC,316,356,93,102,358,351,353,359,353,18,16,320,332,288,321,323,344,338,16,5,7,4,21,350,
嘉義,2024/01/19 00:00:00,WIND_SPEED,1,1.9,0.6,1.2,1.4,1.2,1.8,1.8,1.5,1.8,1.7,2.2,2.3,1.5,3.8,4.2,3.5,2.7,2.2,2.1,2.6,1.7,1.8,2.2,
嘉義,2024/01/19 00:00:00,WS_HR,0,0.9,0.5,0.9,0.6,1.1,1,0.9,1.3,1.4,1.6,1.2,1.8,1.1,1.7,3.7,3.1,3,2,2,2.4,1.9,1.9,1.8,
嘉義,2024/01/20 00:00:00,AMB_TEMP,20.1,19.9,19.8,19.5,19,19.1,19.3,19.3,19.6,21,21.9,22.5,23.5,24.9,25.6,25.2,24.4,23,21.3,20.5,20.1,19.8,19.5,19.2,
嘉義,2024/01/20 00:00:00,CH4,2.07,2.09,2.15,2.13,2.21,2.21,2.31,2.11,2.09,2.06,2.06,2.06,2.06,2.06,2.02,2.02,2,2.07,2.04,2.04,2.03,2.05,2.08,2.12,
嘉義,2024/01/20 00:00:00,CO,0.33,0.33,0.34,0.35,0.35,0.33,0.38,0.41,0.42,0.42,0.44,0.41,0.37,0.37,0.34,0.34,0.34,0.44,0.51,0.48,0.39,0.4,0.44,0.44,
嘉義,2024/01/20 00:00:00,NMHC,0.11,0.12,0.11,0.1,0.12,0.13,0.18,0.16,0.14,0.12,0.11,0.09,0.08,0.07,0.05,0.04,0.05,0.07,0.08,0.07,0.07,0.1,0.14,0.12,
嘉義,2024/01/20 00:00:00,NO,0.7,0.8,0.9,1,1,0.9,1.5,1.7,2.3,2.4,2.1,2.1,1.8,1.5,1.4,1.6,1.4,1.4,1.3,1.3,0.9,0.9,1,1.1,
嘉義,2024/01/20 00:00:00,NO2,13.2,15.1,14.4,10.1,11.6,15.1,16.6,13.2,11.5,11,11.5,12.6,11.2,9.4,9.1,10.3,10.7,16.4,19.2,16.9,14.7,15.6,16.7,16.3,
嘉義,2024/01/20 00:00:00,NOx,14,15.9,15.3,11.2,12.6,16.1,18.1,14.9,13.9,13.5,13.7,14.8,13.1,10.9,10.6,11.9,12.2,17.9,20.6,18.2,15.6,16.6,17.8,17.4,
嘉義,2024/01/20 00:00:00,O3,18,15.7,12.1,10.5,5,7.2,4.2,9.7,13.4,23.5,33,39.1,50.6,64.6,63.5,49,39.7,22.6,16.6,16.3,15.7,12,7.6,5.8,
嘉義,2024/01/20 00:00:00,PM10,50,61,70,66,63,75,81,79,71,63,68,65,80,74,62,53,39,63,55,40,38,39,40,40,
嘉義,2024/01/20 00:00:00,PM2.5,30,29,35,40,30,34,45,51,51,40,48,43,49,50,38,37,21,35,30,28,25,25,28,27,
嘉義,2024/01/20 00:00:00,RAINFALL,0,0,0,0,0,0,0,0,0,0,0,0,0,0,0,0,0,0,0,0,0,0,0,0,
嘉義,2024/01/20 00:00:00,RH,90,90,90,91,92,93,93,92,92,88,85,80,71,65,61,64,64,74,86,87,88,88,89,90,
嘉義,2024/01/20 00:00:00,SO2,2.5,1.8,1.7,1.3,1.4,1.6,1.5,1.5,1.6,1.9,1.8,1.8,1.8,1.9,2.1,2.5,2.1,2.5,3.1,2.8,2,1.6,1.5,1.9,
嘉義,2024/01/20 00:00:00,THC,2.18,2.21,2.26,2.23,2.33,2.34,2.49,2.27,2.23,2.18,2.17,2.15,2.14,2.13,2.07,2.06,2.05,2.14,2.12,2.11,2.1,2.15,2.22,2.24,
嘉義,2024/01/20 00:00:00,WD_HR,20,40,74,157,250,355,56,64,61,52,8,15,27,12,11,350,5,353,1,16,16,36,31,16,
嘉義,2024/01/20 00:00:00,WIND_DIREC,63,43,123,224,321,356,74,59,64,4,4,11,5,353,13,358,359,350,7,13,52,7,12,57,
嘉義,2024/01/20 00:00:00,WIND_SPEED,1.5,1.5,1.1,1.1,1.1,2.2,2.1,1.9,2.5,2.1,3.6,3,3.1,3,3.7,3.8,3.5,4.3,3,3.1,2.2,2.2,2.1,2.2,
嘉義,2024/01/20 00:00:00,WS_HR,1.4,1.1,1,0.3,0.8,1.1,1.3,1.8,2.1,1.7,2.4,2.5,2.3,2.2,2.8,3.4,3.1,3.3,2.8,2.5,2.7,1.9,1.7,1.9,
嘉義,2024/01/21 00:00:00,AMB_TEMP,19,18.9,18.7,18.5,18.1,18,16.9,16.6,16.9,18.5,20,22.1,23.6,24.3,24.6,24.2,21.5,19.4,17.9,17.2,16.8,16.6,16.5,16.2,
嘉義,2024/01/21 00:00:00,CH4,2.14,2.15,2.17,2.18,2.09,2.08,2.09,2.08,2.1,2.11,2.11,2.09,2.07,2.04,2.03,2.04,2.07,2.07,2.08,2.07,2.08,2.08,2.08,2.09,
嘉義,2024/01/21 00:00:00,CO,0.43,0.4,0.4,0.46,0.39,0.37,0.4,0.42,0.44,0.49,0.48,0.46,0.44,0.39,0.4,0.4,0.51,0.54,0.51,0.49,0.49,0.47,0.47,0.46,
嘉義,2024/01/21 00:00:00,NMHC,0.12,0.11,0.09,0.08,0.06,0.06,0.07,0.08,0.1,0.11,0.09,0.08,0.07,0.05,0.05,0.05,0.07,0.09,0.09,0.1,0.08,0.08,0.08,0.06,
嘉義,2024/01/21 00:00:00,NO,1.3,0.9,1.1,1,0.8,0.8,0.6,1.1,2.7,4.4,4.2,2.9,1.9,1.3,1.1,1.3,1.9,1.3,1.1,0.9,1,0.8,1,0.9,
嘉義,2024/01/21 00:00:00,NO2,16.9,15.8,13.4,10.1,7.9,7.1,7.5,7.3,7.8,7.4,7.6,7.2,7.3,5.7,5.3,5.9,9.5,12.4,12.2,11.5,11.7,11,9.8,9,
嘉義,2024/01/21 00:00:00,NOx,18.3,16.7,14.5,11.1,8.7,7.9,8.2,8.4,10.6,11.8,11.9,10.2,9.2,7.1,6.5,7.3,11.4,13.7,13.3,12.5,12.7,11.8,10.9,9.9,
嘉義,2024/01/21 00:00:00,O3,3.5,4.8,6.4,9.3,14.3,15.7,14.9,15.2,14.1,18.2,25.3,34.7,46.9,53.2,54.7,49.9,35.8,26.2,23.1,20.9,19.7,20.2,20,20.1,
嘉義,2024/01/21 00:00:00,PM10,30,24,19,15,11,9,18,10,15,21,21,18,20,17,19,15,56,60,40,28,24,25,21,21,
嘉義,2024/01/21 00:00:00,PM2.5,25,20,16,16,6,7,11,10,14,21,12,15,17,9,13,13,26,19,21,19,18,16,16,16,
嘉義,2024/01/21 00:00:00,RAINFALL,0,0,0,0,0,0,0,0,0,0,0,0,0,0,0,0,0,0,0,0,0,0,0,0,
嘉義,2024/01/21 00:00:00,RH,90,90,89,89,88,87,89,89,89,86,76,66,61,58,55,54,60,66,70,71,72,73,75,76,
嘉義,2024/01/21 00:00:00,SO2,1.9,1.6,1.6,2.6,1.7,1.6,2.2,1.4,1.2,1.7,2.1,1.6,2,2.2,2.1,2.1,2.7,3.1,2.7,1.9,1.8,2.5,1.7,1.9,
嘉義,2024/01/21 00:00:00,THC,2.26,2.26,2.26,2.26,2.15,2.14,2.16,2.16,2.2,2.22,2.2,2.17,2.14,2.09,2.08,2.09,2.14,2.16,2.17,2.17,2.16,2.16,2.16,2.15,
嘉義,2024/01/21 00:00:00,WD_HR,29,23,1,356,355,14,8,27,33,0,16,38,355,3,358,350,348,3,9,14,8,5,7,6,
嘉義,2024/01/21 00:00:00,WIND_DIREC,22,34,5,346,3,357,6,18,44,358,22,340,5,355,343,327,0,358,3,16,6,3,8,7,
嘉義,2024/01/21 00:00:00,WIND_SPEED,2.2,1.7,2.8,2.6,2.2,3.3,3.6,2.3,3.1,4.2,2.7,2.7,3.4,3.9,3.5,4.6,4.6,3.6,3.7,3,3.1,2.7,2.8,3.2,
嘉義,2024/01/21 00:00:00,WS_HR,1.7,1.5,2,2.1,2.5,2.3,3.1,2.4,2.4,3,2.7,1.9,3.2,2.9,3.2,3.1,4.4,3.8,3.4,2.9,3.1,3.2,2.7,2.8,
嘉義,2024/01/22 00:00:00,AMB_TEMP,15.9,16,16,15.6,15.2,14.9,15.5,15.9,16,16.8,16.9,17.1,18.1,19.1,19,18.1,16.7,16,15.4,15,14.4,13.9,13.1,12.9,
嘉義,2024/01/22 00:00:00,CH4,2.09,2.08,2.08,2.1,2.12,2.14,2.11,2.12,2.19,2.08,2.05,2.03,2.04,2.04,2.03,2.15,2.07,2.03,2.04,2.04,2.03,2.03,2.02,2.02,
嘉義,2024/01/22 00:00:00,CO,0.47,0.44,0.44,0.42,0.41,0.35,0.38,0.48,0.49,0.43,0.42,0.4,0.4,0.4,0.38,0.35,0.35,0.4,0.39,0.38,0.34,0.32,0.29,0.28,
嘉義,2024/01/22 00:00:00,NMHC,0.07,0.06,0.07,0.06,0.08,0.05,0.06,0.08,0.11,0.1,0.09,0.12,0.11,0.11,0.09,0.12,0.11,0.14,0.12,0.11,0.09,0.09,0.07,0.06,
嘉義,2024/01/22 00:00:00,NO,0.8,0.6,0.7,0.7,0.6,0.6,0.7,1.5,5.5,4.6,4.4,3.9,4.1,3.8,2.8,2.4,1.6,1.4,1.1,1.2,0.7,0.9,0.7,0.7,
嘉義,2024/01/22 00:00:00,NO2,9.2,8.8,7.7,7.9,8.6,7.6,8.4,9,15.1,13.3,13.7,13.7,11.8,11.4,12.1,12.9,13.1,15.3,16.7,15.6,13,11.9,9.7,8,
嘉義,2024/01/22 00:00:00,NOx,10.1,9.4,8.4,8.6,9.2,8.2,9.2,10.5,20.6,17.9,18.1,17.6,15.9,15.2,15,15.4,14.8,16.8,17.9,16.8,13.8,12.8,10.5,8.7,
嘉義,2024/01/22 00:00:00,O3,19.3,19.5,18.6,17,15.1,17.4,15.2,12.1,11,15.7,18.9,21.3,25.3,27.7,32.3,30.5,27.3,21.2,19.4,19.1,20.9,20.4,23.1,24.2,
嘉義,2024/01/22 00:00:00,PM10,21,14,13,15,16,10,9,21,24,20,25,21,22,30,28,26,23,19,16,16,12,11,7,6,
嘉義,2024/01/22 00:00:00,PM2.5,13,11,14,15,13,9,10,13,11,9,8,8,11,14,13,15,12,6,3,6,4,6,5,4,
嘉義,2024/01/22 00:00:00,RAINFALL,0,0,0,0,0,0,0,0,0,0,0,0,0,0,0,0,0,0,0,0,0,0,0,0,
嘉義,2024/01/22 00:00:00,RH,78,77,77,83,86,86,85,84,83,78,77,76,71,68,66,65,67,69,69,69,70,72,74,74,
嘉義,2024/01/22 00:00:00,SO2,2.8,2.1,1.6,2,1.7,1.6,1.6,1.6,2.2,2.3,2.1,1.9,1.7,1.8,2,1.7,1.6,2,2.2,2.3,1.7,1.9,1.7,1.5,
嘉義,2024/01/22 00:00:00,THC,2.16,2.14,2.15,2.16,2.2,2.19,2.17,2.2,2.3,2.18,2.14,2.15,2.15,2.15,2.12,2.27,2.18,2.17,2.16,2.15,2.12,2.12,2.09,2.08,
嘉義,2024/01/22 00:00:00,WD_HR,2,21,7,24,331,41,73,40,358,11,11,27,17,8,0,351,7,7,6,11,9,6,8,18,
嘉義,2024/01/22 00:00:00,WIND_DIREC,4,46,347,100,342,93,77,350,9,12,20,47,12,356,3,11,10,7,5,9,17,14,9,357,
嘉義,2024/01/22 00:00:00,WIND_SPEED,2.8,1.9,2.2,1.1,2.9,1.6,2.4,2.3,3.7,3.2,3.7,3.5,3.2,3.5,3.1,4,4.4,3.6,3.7,3.8,3.9,3.8,3.9,2.8,
嘉義,2024/01/22 00:00:00,WS_HR,2.4,1.6,1.8,1.2,1.7,1.5,1.8,1.5,2.7,2.7,3.5,3,2.9,2.7,3.2,3.7,4.1,3.6,3.4,3.2,3.7,3.4,3.9,3,
嘉義,2024/01/23 00:00:00,AMB_TEMP,12.5,11.3,10.9,10.6,10.1,9.4,9,8.5,8.7,8.7,9.2,10.1,10.5,11,12.2,12.8,11.9,11.3,10.8,10.5,10.3,10.1,10.1,10.2,
嘉義,2024/01/23 00:00:00,CH4,2.02,2.02,2.01,2.01,2,2,2.01,2.01,2.02,2.02,2.01,2.02,2.03,2.02,2.01,2.01,2.02,2.02,2.03,2.02,2.01,2.02,2.02,2.02,
嘉義,2024/01/23 00:00:00,CO,0.27,0.28,0.29,0.28,0.27,0.28,0.31,0.34,0.4,0.41,0.4,0.42,0.42,0.4,0.39,0.4,0.41,0.42,0.45,0.39,0.35,0.34,0.33,0.32,
嘉義,2024/01/23 00:00:00,NMHC,0.06,0.05,0.06,0.06,0.06,0.07,0.07,0.08,0.11,0.11,0.13,0.14,0.14,0.12,0.12,0.12,0.13,0.14,0.16,0.13,0.12,0.11,0.11,0.09,
嘉義,2024/01/23 00:00:00,NO,0.7,0.7,0.6,0.6,0.6,0.7,0.7,1.2,2.6,3.7,4,5.5,4.7,3.7,3.4,2.1,2.4,1.5,1.5,1,0.6,0.6,0.5,0.3,
嘉義,2024/01/23 00:00:00,NO2,8.2,8.1,6.4,6.7,7.4,7,8.1,11.1,13.3,15.2,14.5,15.2,14.6,13,11.3,12.4,16.4,17.1,19.5,16.5,13.9,13,12.1,10.4,
嘉義,2024/01/23 00:00:00,NOx,9,8.8,7.1,7.4,8.1,7.7,8.8,12.3,16,19,18.6,20.8,19.4,16.7,14.8,14.5,18.8,18.7,21.1,17.5,14.6,13.6,12.7,10.8,
嘉義,2024/01/23 00:00:00,O3,23.6,24.4,25,24.6,23.9,22.8,20.9,18.4,15.2,14.6,16.2,14.2,15.3,18.9,23,24.9,18.2,15.8,12.1,15.5,17.6,18.2,19.1,20.4,
嘉義,2024/01/23 00:00:00,PM10,7,10,15,12,11,6,3,4,5,6,#,7,8,12,8,14,22,24,24,18,18,20,15,20,
嘉義,2024/01/23 00:00:00,PM2.5,3,3,7,6,4,4,3,6,6,7,#,3,3,5,4,9,12,14,17,18,13,15,17,17,
嘉義,2024/01/23 00:00:00,RAINFALL,0,0,0,0,0.5,0.5,0,1,0.5,0,0,0,0,0,0,0,0,0,0,0,0,0,0,0,
嘉義,2024/01/23 00:00:00,RH,74,76,74,72,74,87,91,92,92,92,89,86,82,75,69,67,71,74,77,79,80,80,80,79,
嘉義,2024/01/23 00:00:00,SO2,1.6,2.3,1.8,1.6,1.6,1.5,1.7,1.6,1.6,1.7,1.7,1.7,1.8,1.8,2,1.9,2,1.8,1.9,1.8,1.6,1.8,1.9,1.7,
嘉義,2024/01/23 00:00:00,THC,2.08,2.07,2.07,2.07,2.06,2.07,2.08,2.09,2.13,2.13,2.14,2.16,2.17,2.14,2.13,2.13,2.15,2.16,2.19,2.15,2.13,2.13,2.13,2.11,
嘉義,2024/01/23 00:00:00,WD_HR,9,7,14,15,17,20,19,11,14,17,21,12,5,10,42,20,7,18,7,10,13,8,7,14,
嘉義,2024/01/23 00:00:00,WIND_DIREC,6,5,10,27,26,10,9,52,3,35,16,19,11,10,40,11,11,19,6,6,11,7,15,33,
嘉義,2024/01/23 00:00:00,WIND_SPEED,4.6,3.6,4.6,3.8,3.5,3.7,4.2,4.2,4.8,3.8,4,3.3,3.6,3.7,3.2,3.8,4.6,3.9,3.9,3.5,3.8,3.1,3.2,2.6,
嘉義,2024/01/23 00:00:00,WS_HR,3.8,4.1,4,3.8,3.9,3.1,3.1,3.6,3.3,3.7,3.4,3,3,3.4,2.8,2.9,3.7,3.1,2.8,3.2,2.9,3,2.8,2.5,
嘉義,2024/01/24 00:00:00,AMB_TEMP,10.3,10.2,10.2,10.2,10.2,10.1,10.2,10.5,11,11.6,12.6,14.3,15.8,16.1,16.4,16.6,16.2,15.3,14.1,13.5,13.4,13.3,12.9,12.6,
嘉義,2024/01/24 00:00:00,CH4,2.02,2.02,2.02,2.02,2.02,2.04,2.03,2.02,2.03,2.04,2.04,2.04,2.04,2.03,2.02,2.02,2.03,2.03,2.04,2.06,2.03,2.04,2.06,2.07,
嘉義,2024/01/24 00:00:00,CO,0.32,0.29,0.28,0.28,0.27,0.28,0.29,0.34,0.42,0.39,0.4,0.37,0.39,0.36,0.34,0.35,0.38,0.43,0.47,0.43,0.39,0.42,0.4,0.33,
嘉義,2024/01/24 00:00:00,NMHC,0.1,0.08,0.08,0.08,0.08,0.08,0.08,0.1,0.14,0.13,0.16,0.14,0.14,0.1,0.08,0.09,0.13,0.17,0.21,0.19,0.2,0.23,0.17,0.13,
嘉義,2024/01/24 00:00:00,NO,0.2,0.7,0.6,0.6,0.5,0.6,0.6,1.4,3,4.1,6.3,6.9,5.6,3.7,2.1,1.8,1.7,1.4,1.5,1.3,0.9,1.1,1.4,1,
嘉義,2024/01/24 00:00:00,NO2,10.1,10.2,8.1,7.8,6.8,8.7,10.2,11.9,15.6,13.1,12.6,11.8,12.7,13.4,11.1,12.5,15.9,19.4,24.6,22.2,21.8,22.2,20.9,14.8,
嘉義,2024/01/24 00:00:00,NOx,10.4,11,8.7,8.4,7.3,9.4,10.9,13.3,18.7,17.3,19,18.7,18.4,17.1,13.2,14.3,17.7,20.8,26.1,23.6,22.8,23.4,22.3,15.8,
嘉義,2024/01/24 00:00:00,O3,20,22,23.5,23,23.6,19.4,18.5,16.6,12.4,15.5,19.6,22.6,28.5,32.4,39.9,39.8,33.1,23.4,12.3,11,9.1,9.8,7.1,11.7,
嘉義,2024/01/24 00:00:00,PM10,24,28,22,22,23,27,21,21,36,38,38,31,38,31,35,34,45,44,45,39,38,41,34,28,
嘉義,2024/01/24 00:00:00,PM2.5,17,21,16,18,14,20,17,17,26,24,27,19,18,24,25,22,26,27,24,19,16,21,20,19,
嘉義,2024/01/24 00:00:00,RAINFALL,0,0,0,0,0,0,0,0,0,0,0,0,0,0,0,0,0,0,0,0,0,0,0,0,
嘉義,2024/01/24 00:00:00,RH,78,77,76,75,76,77,78,77,76,75,70,64,59,59,58,58,59,60,62,64,65,67,70,71,
嘉義,2024/01/24 00:00:00,SO2,1.7,1.5,1.3,1.3,1.3,1.8,2.2,1.7,1.9,1.9,2.2,2.4,2.2,2.1,1.7,2.1,2,2,2.9,4.6,2.1,1.8,2,2,
嘉義,2024/01/24 00:00:00,THC,2.12,2.1,2.1,2.1,2.1,2.12,2.11,2.12,2.17,2.17,2.2,2.18,2.18,2.13,2.1,2.11,2.16,2.2,2.25,2.25,2.23,2.27,2.23,2.2,
嘉義,2024/01/24 00:00:00,WD_HR,11,22,15,23,23,2,5,10,35,15,356,21,345,334,347,24,18,10,5,13,56,24,358,9,
嘉義,2024/01/24 00:00:00,WIND_DIREC,10,2,23,10,47,350,359,56,49,348,358,13,353,354,329,37,38,10,2,42,41,358,357,10,
嘉義,2024/01/24 00:00:00,WIND_SPEED,2.7,3,1.8,2.8,2.3,2.4,1.9,1.8,2.1,3.2,2.3,1.9,1.7,2.1,1.6,1.9,2.8,3.5,3.3,2.2,2.1,2.2,2.5,3,
嘉義,2024/01/24 00:00:00,WS_HR,2.5,2.3,2.2,2,2,2,1.8,2.3,1.6,1.8,1.9,1.4,1.6,2,0.9,1.3,2.2,3,3,2.4,2.4,1.6,2.3,2.5,
嘉義,2024/01/25 00:00:00,AMB_TEMP,12.5,12.5,12.4,12.4,12.3,12.6,12.4,12.1,13.2,14.7,15.4,16,16.4,17.4,17.7,17.7,16.9,16.2,15.3,15,13.9,13.5,13,12.7,
嘉義,2024/01/25 00:00:00,CH4,2.06,2.06,2.07,2.08,2.08,2.09,2.14,2.13,2.08,2.07,2.06,2.07,2.09,2.08,2.08,2.06,2.05,2.07,2.07,2.08,2.08,2.09,2.09,2.08,
嘉義,2024/01/25 00:00:00,CO,0.31,0.3,0.31,0.32,0.32,0.33,0.39,0.46,0.44,0.38,0.38,0.47,0.51,0.41,0.4,0.44,0.47,0.53,0.52,0.52,0.48,0.5,0.43,0.42,
嘉義,2024/01/25 00:00:00,NMHC,0.12,0.12,0.1,0.12,0.13,0.16,0.17,0.13,0.14,0.11,0.12,0.15,0.2,0.14,0.1,0.11,0.15,0.2,0.21,0.24,0.2,0.21,0.15,0.14,
嘉義,2024/01/25 00:00:00,NO,0.8,1.7,1.6,1.6,1.7,1.8,2.7,5,6.8,5.9,3.9,4,7,6.5,4.6,3.3,3.6,3.1,3.6,3.6,3.7,3.4,2.4,1.8,
嘉義,2024/01/25 00:00:00,NO2,13.9,14.3,13.4,12.7,13.9,15.5,16.1,15.9,14.1,11.5,11.4,13.4,19.4,14.9,14.1,15.2,22.6,26.8,27.3,28.1,25.7,23.9,20.6,16.6,
嘉義,2024/01/25 00:00:00,NOx,14.7,16,15,14.4,15.7,17.3,18.8,20.9,20.9,17.4,15.3,17.5,26.5,21.4,18.7,18.5,26.2,29.9,30.9,31.7,29.5,27.3,23,18.5,
嘉義,2024/01/25 00:00:00,O3,10.8,10.4,10.1,8.3,7.5,4.5,2.6,8.9,13.7,18.5,19.6,21.6,19.5,29.9,32.1,33.5,20.8,12.6,6.9,2.8,3.6,2.7,5.5,7.8,
嘉義,2024/01/25 00:00:00,PM10,32,26,26,26,28,30,35,29,33,33,29,37,53,49,51,57,51,51,48,44,32,36,29,26,
嘉義,2024/01/25 00:00:00,PM2.5,18,15,20,16,20,19,23,21,17,20,22,24,32,30,32,35,30,32,28,27,15,20,18,20,
嘉義,2024/01/25 00:00:00,RAINFALL,0,0,0,0,0,0,0,0,0,0,0,0,0,0,0,0,0,0,0,0,0,0,0,0,
嘉義,2024/01/25 00:00:00,RH,73,74,75,76,78,78,81,80,74,68,68,66,64,62,61,60,63,65,68,71,76,80,84,87,
嘉義,2024/01/25 00:00:00,SO2,2.9,2.1,2.3,1.5,1.8,1.7,1.9,2.2,2.4,1.9,1.7,1.8,2.3,2.3,2.2,2.7,2.7,2.3,2.4,2,1.9,1.8,2.3,1.6,
嘉義,2024/01/25 00:00:00,THC,2.18,2.18,2.17,2.2,2.21,2.25,2.31,2.26,2.22,2.18,2.18,2.22,2.29,2.22,2.18,2.17,2.2,2.27,2.28,2.32,2.28,2.3,2.24,2.22,
嘉義,2024/01/25 00:00:00,WD_HR,5,353,40,43,11,65,359,1,58,67,131,75,322,342,355,14,11,359,10,16,18,5,11,12,
嘉義,2024/01/25 00:00:00,WIND_DIREC,6,354,70,12,7,80,349,24,54,109,237,12,334,343,10,1,29,351,38,353,56,358,16,5,
嘉義,2024/01/25 00:00:00,WIND_SPEED,1.9,2.4,2.2,2,1.5,1.7,2.4,2.3,1.9,1.5,0.9,1.4,3.1,2.5,2.9,3.2,2,3.3,2.5,4.3,2.4,2.4,3.2,2.4,
嘉義,2024/01/25 00:00:00,WS_HR,2.2,1.9,2,1.6,1.8,1.3,1.4,2.5,1.6,1.3,0.5,0.5,1.9,2,2.3,2.4,2.5,2.9,2.6,2.4,2.5,2.1,2.7,2.2,
嘉義,2024/01/26 00:00:00,AMB_TEMP,12.7,12.7,12.5,12.5,12.3,12.2,12.1,12.2,13.1,14.7,16.5,18.3,19.6,20.7,20.4,19.5,19.2,18.1,16.8,16,15.6,14.8,14.5,14.4,
嘉義,2024/01/26 00:00:00,CH4,2.09,2.08,2.11,2.11,2.12,2.12,2.14,2.11,2.12,2.14,2.13,2.08,2.05,2.02,2.04,2.03,2.04,2.07,2.07,2.08,2.1,2.11,2.09,2.13,
嘉義,2024/01/26 00:00:00,CO,0.42,0.42,0.42,0.4,0.4,0.41,0.44,0.45,0.53,0.55,0.53,0.46,0.4,0.34,0.36,0.38,0.43,0.57,0.61,0.59,0.56,0.49,0.45,0.51,
嘉義,2024/01/26 00:00:00,NMHC,0.15,0.16,0.12,0.11,0.12,0.12,0.11,0.12,0.15,0.17,0.17,0.13,0.07,0.05,0.05,0.06,0.08,0.12,0.14,0.16,0.18,0.15,0.14,0.17,
嘉義,2024/01/26 00:00:00,NO,1.7,0.3,0.5,0.5,0.3,0.5,0.8,2.2,5.9,8.7,8,5.7,3.5,1.5,1.5,1.4,1,0.8,0.6,0.9,0.8,1,0.4,0.6,
嘉義,2024/01/26 00:00:00,NO2,15.9,17.6,15.2,13.9,12.9,13.1,15,14.9,14.9,12.9,15.5,15.2,12.7,7.7,9.3,10.5,13.2,18.8,23,25.7,27.3,23.6,20.3,21.8,
嘉義,2024/01/26 00:00:00,NOx,17.7,17.9,15.7,14.4,13.3,13.6,15.9,17.1,20.8,21.6,23.6,21,16.3,9.2,10.9,11.9,14.2,19.7,23.7,26.7,28.2,24.7,20.8,22.4,
嘉義,2024/01/26 00:00:00,O3,7.4,6.5,8.5,10.8,10.4,10.9,8.6,10.5,10.9,12.4,21.7,30.6,41.1,55.7,53,52.6,50.9,38.7,26.4,17.6,11.4,12.6,12.4,7.8,
嘉義,2024/01/26 00:00:00,PM10,29,27,37,38,37,34,38,33,50,40,53,39,35,39,63,48,55,71,79,77,74,59,52,56,
嘉義,2024/01/26 00:00:00,PM2.5,25,26,32,36,33,32,33,31,41,32,39,35,27,21,22,29,31,33,39,38,36,32,29,32,
嘉義,2024/01/26 00:00:00,RAINFALL,0,0,0,0,0,0,0,0,0,0,0,0,0,0,0,0,0,0,0,0,0,0,0,0,
嘉義,2024/01/26 00:00:00,RH,87,87,88,88,88,89,88,88,87,83,70,62,56,52,54,57,57,61,66,69,71,72,72,76,
嘉義,2024/01/26 00:00:00,SO2,1.4,1.8,1.6,2.1,1.5,1.4,2.2,1.8,2.2,2,2.9,3.1,2.4,1.9,2.6,2.7,2.9,3.7,4.3,4.3,3.2,3,2.5,1.9,
嘉義,2024/01/26 00:00:00,THC,2.24,2.24,2.23,2.22,2.24,2.24,2.25,2.23,2.27,2.31,2.3,2.21,2.12,2.07,2.09,2.09,2.12,2.19,2.21,2.24,2.28,2.26,2.23,2.3,
嘉義,2024/01/26 00:00:00,WD_HR,24,39,2,30,49,13,12,53,62,14,356,357,331,330,332,347,358,5,8,10,4,9,69,38,
嘉義,2024/01/26 00:00:00,WIND_DIREC,39,1,2,60,17,19,33,62,66,352,349,343,334,354,337,349,355,9,12,6,358,8,71,318,
嘉義,2024/01/26 00:00:00,WIND_SPEED,1.8,2.3,2.6,2.5,1.7,2.2,2.5,2.4,3,2.7,2.2,2.2,2.4,2.6,4.7,3.8,3.2,3.6,3.4,3.1,2.4,2.4,1.7,1.8,
嘉義,2024/01/26 00:00:00,WS_HR,1.7,1.8,2.1,1.6,1.7,1.8,2.4,1.9,2.4,1.4,1.9,1.8,2.4,1.9,3.9,3.5,2.6,2.9,3.3,2.7,2.2,2.4,1.9,0.6,
嘉義,2024/01/27 00:00:00,AMB_TEMP,14,13.6,13.1,13.4,13.3,13.1,13,13.1,14.1,16.1,18.5,19.7,20.9,21.2,20.1,19.1,17.9,17.5,17.2,15.9,15.3,14.9,14.8,14.3,
嘉義,2024/01/27 00:00:00,CH4,2.16,2.22,2.18,2.15,2.13,2.18,2.18,2.23,2.17,2.12,2.13,2.1,2.07,2.06,2.05,2.06,2.08,2.09,2.13,2.13,2.12,2.13,2.14,2.16,
嘉義,2024/01/27 00:00:00,CO,0.48,0.47,0.39,0.4,0.4,0.43,0.45,0.5,0.48,0.49,0.51,0.46,0.4,0.37,0.4,0.49,0.46,0.5,0.58,0.53,0.55,0.55,0.51,0.48,
嘉義,2024/01/27 00:00:00,NMHC,0.18,0.19,0.11,0.13,0.13,0.14,0.15,0.16,0.12,0.12,0.14,0.1,0.07,0.05,0.05,0.08,0.1,0.14,0.17,0.13,0.15,0.15,0.14,0.11,
嘉義,2024/01/27 00:00:00,NO,0.9,2.6,1.5,1.2,1.2,1.3,1.5,4.5,4.8,5.2,4.8,4.1,2.5,2.3,2.4,2.1,2,1.6,1.6,1.7,1.3,1.5,1.1,1.6,
嘉義,2024/01/27 00:00:00,NO2,23.9,24.9,16.8,14.5,14.7,16.3,17.7,18.7,15.9,12.5,12.5,12.6,9,8.8,10.3,15.1,17.2,19.2,24.4,21.1,20,19.9,18.7,16.8,
嘉義,2024/01/27 00:00:00,NOx,24.8,27.5,18.3,15.7,16,17.7,19.3,23.2,20.7,17.7,17.3,16.7,11.5,11.2,12.8,17.2,19.2,20.9,26.1,22.9,21.3,21.5,19.9,18.4,
嘉義,2024/01/27 00:00:00,O3,4.8,2.6,10.2,9.6,7.3,8,7,8.9,19,23,31.3,44.3,55.4,53.3,46,37.5,30.7,25.5,17.7,18.1,13.5,11.4,10.6,11.8,
嘉義,2024/01/27 00:00:00,PM10,60,50,43,41,44,52,45,57,57,55,52,60,50,54,61,53,57,59,67,62,62,56,53,46,
嘉義,2024/01/27 00:00:00,PM2.5,37,33,28,27,32,32,32,41,40,40,42,40,31,33,29,29,28,34,41,47,43,44,45,40,
嘉義,2024/01/27 00:00:00,RAINFALL,0,0,0,0,0,0,0,0,0,0,0,0,0,0,0,0,0,0,0,0,0,0,0,0,
嘉義,2024/01/27 00:00:00,RH,78,81,85,83,84,86,87,87,84,73,64,60,55,53,57,60,65,67,69,75,78,82,84,86,
嘉義,2024/01/27 00:00:00,SO2,2.6,2.7,2.1,2,1.7,2.1,2.4,2.6,2.9,2.4,2.3,2.6,2.2,3.3,3.4,4.1,3,2.4,2.6,2.5,2.4,2.1,2.4,2.5,
嘉義,2024/01/27 00:00:00,THC,2.34,2.41,2.29,2.28,2.26,2.32,2.33,2.39,2.29,2.24,2.27,2.2,2.14,2.11,2.1,2.14,2.18,2.23,2.3,2.26,2.27,2.28,2.28,2.27,
嘉義,2024/01/27 00:00:00,WD_HR,342,330,18,90,14,46,20,7,50,65,354,336,333,341,351,356,6,33,3,8,25,6,44,9,
嘉義,2024/01/27 00:00:00,WIND_DIREC,347,321,68,118,348,69,24,9,65,63,343,349,314,3,349,3,16,41,3,7,7,10,14,41,
嘉義,2024/01/27 00:00:00,WIND_SPEED,1.2,3,2.4,1.5,1.9,2,1.8,3.2,2.8,2.1,3.1,3.1,4.5,3.8,3.1,2.9,3.2,1.8,2.4,3,2.7,2.2,1.9,3.1,
嘉義,2024/01/27 00:00:00,WS_HR,1.4,0.9,1.8,1.9,0.5,1.5,1.5,2.9,2.5,2.4,2,3.1,2.9,3.3,3.4,2.8,3.1,2.1,2.3,3,2,2.3,1.7,2.9,
嘉義,2024/01/28 00:00:00,AMB_TEMP,14,13.9,13.7,13.5,13.4,13.2,13.2,13.1,13.9,15.3,16.8,18.6,20.2,21.4,20.7,20.1,19.7,18.3,17.4,16.8,16.3,15.9,15.5,15.2,
嘉義,2024/01/28 00:00:00,CH4,2.13,2.15,2.17,2.15,2.15,2.14,2.14,2.16,2.13,2.12,2.12,2.1,2.09,2.07,2.08,2.1,2.11,2.12,2.11,2.12,2.12,2.13,2.12,2.11,
嘉義,2024/01/28 00:00:00,CO,0.45,0.44,0.44,0.43,0.44,0.45,0.48,0.52,0.51,0.51,0.52,0.49,0.46,0.42,0.51,0.52,0.56,0.6,0.6,0.56,0.53,0.52,0.48,0.47,
嘉義,2024/01/28 00:00:00,NMHC,0.1,0.11,0.1,0.08,0.07,0.1,0.11,0.09,0.09,0.1,0.09,0.08,0.07,0.05,0.07,0.08,0.09,0.09,0.11,0.1,0.11,0.09,0.09,0.08,
嘉義,2024/01/28 00:00:00,NO,1.3,1.1,0.8,0.8,0.8,0.7,0.8,1.2,1.8,2.2,2.2,2.3,1.7,1.2,1.3,1.1,1.1,1.1,0.9,1,1,1.1,0.8,0.9,
嘉義,2024/01/28 00:00:00,NO2,13.8,12.6,11.3,9.4,7.3,8,8.6,9.3,10.5,8.7,8.3,8.3,7.3,6.6,8.4,9.9,11.7,14,15.7,14.7,14,13.8,11.3,10.1,
嘉義,2024/01/28 00:00:00,NOx,15.1,13.7,12.1,10.2,8.1,8.7,9.4,10.6,12.3,10.9,10.6,10.7,9.1,7.9,9.7,11.1,12.8,15.1,16.6,15.7,15,14.9,12.2,11,
嘉義,2024/01/28 00:00:00,O3,13.5,12.8,12.9,18.8,23.5,25.8,23.6,23.6,25.4,29.1,34.8,42.5,52.6,61.5,59.4,60,55.2,43.7,34.1,28.8,25.5,24.1,25.7,25.3,
嘉義,2024/01/28 00:00:00,PM10,45,44,42,44,49,39,53,53,52,51,43,46,48,35,65,70,75,86,68,64,56,55,46,45,
嘉義,2024/01/28 00:00:00,PM2.5,35,35,35,42,41,44,47,50,45,40,40,36,33,29,39,42,49,49,35,38,35,39,35,31,
嘉義,2024/01/28 00:00:00,RAINFALL,0,0,0,0,0,0,0,0,0,0,0,0,0,0,0,0,0,0,0,0,0,0,0,0,
嘉義,2024/01/28 00:00:00,RH,87,88,89,89,89,89,89,89,86,78,70,61,55,49,50,52,53,57,59,60,61,63,65,67,
嘉義,2024/01/28 00:00:00,SO2,2.3,1.9,2.2,1.5,1.6,1.4,1.3,1.6,1.8,1.6,1.9,2,2.1,2.1,2.6,2.5,2.3,2.9,3.1,3.3,3.7,3.1,2.3,1.8,
嘉義,2024/01/28 00:00:00,THC,2.23,2.26,2.27,2.23,2.22,2.24,2.25,2.25,2.22,2.22,2.21,2.18,2.16,2.12,2.15,2.18,2.2,2.21,2.22,2.22,2.23,2.22,2.21,2.19,
嘉義,2024/01/28 00:00:00,WD_HR,60,4,18,22,24,24,24,358,24,37,359,2,0,353,343,357,351,359,1,5,5,2,12,4,
嘉義,2024/01/28 00:00:00,WIND_DIREC,7,27,36,1,11,35,350,7,35,58,352,347,2,348,346,356,354,351,353,5,4,8,1,8,
嘉義,2024/01/28 00:00:00,WIND_SPEED,1.8,1.8,2.6,3.1,2.5,2.4,2.5,2.1,2.8,2.6,2.7,2.5,2.9,3.3,3.5,2.6,3.1,2.7,3,2.5,2.4,2.6,2.2,2.4,
嘉義,2024/01/28 00:00:00,WS_HR,2.2,2,1.9,2.1,1.9,2.2,1.7,2.1,2.1,2.4,2.2,2,2.5,3,3.1,2.9,3,2.9,2.8,2.5,2.5,2.4,1.9,2,
嘉義,2024/01/29 00:00:00,AMB_TEMP,14.9,14.9,14.8,14.7,14.4,14,13.9,14.2,15.4,17.1,18.4,20.5,22.1,23.3,23.7,22.4,20,18.7,18.5,18.6,18.1,17.8,17.9,17.8,
嘉義,2024/01/29 00:00:00,CH4,2.13,2.15,2.13,2.14,2.19,2.25,2.22,2.23,2.19,2.17,2.12,2.08,2.06,2.03,#,2.05,2.08,2.07,2.07,2.09,2.1,2.08,2.09,2.11,
嘉義,2024/01/29 00:00:00,CO,0.48,0.44,0.45,0.45,0.46,0.46,0.5,0.57,0.59,0.56,0.6,0.56,0.41,0.37,0.35,#,0.46,0.49,0.53,0.55,0.48,0.44,0.43,0.43,
嘉義,2024/01/29 00:00:00,NMHC,0.07,0.07,0.08,0.1,0.1,0.1,0.1,0.15,0.14,0.12,0.08,0.09,0.06,0.05,#,0.05,0.07,0.08,0.11,0.15,0.09,0.08,0.09,0.08,
嘉義,2024/01/29 00:00:00,NO,0.8,0.9,0.9,0.9,1.1,1,1.2,3.6,5.4,6.4,6.1,4.1,2.8,2,1.4,#,1.1,1,0.9,1,0.8,1,1,0.9,
嘉義,2024/01/29 00:00:00,NO2,10,11.6,10,9.5,9.8,11.4,13.2,16.6,12.3,11.7,12.2,10.7,9.4,7.4,7,#,10.9,12.1,13.2,16.4,13.1,10.6,9.3,8.7,
嘉義,2024/01/29 00:00:00,NOx,10.8,12.5,10.9,10.4,11,12.5,14.4,20.2,17.7,18.1,18.4,14.8,12.3,9.5,8.4,#,12,13.1,14.1,17.5,14,11.6,10.3,9.7,
嘉義,2024/01/29 00:00:00,O3,25.3,23.8,22.9,20.7,19.1,13.3,9.6,7.7,14.1,21.7,27.6,37.9,48.6,57.5,#,62.6,52.5,47.7,40.5,33.6,34.2,31.2,33,30.9,
嘉義,2024/01/29 00:00:00,PM10,54,46,50,48,46,45,46,50,52,51,41,29,29,#,32,65,80,79,89,91,76,87,101,102,
嘉義,2024/01/29 00:00:00,PM2.5,35,33,35,33,39,42,40,42,36,41,32,26,25,21,#,33,44,44,54,52,45,48,51,59,
嘉義,2024/01/29 00:00:00,RAINFALL,0,0,0,0,0.5,0,0,0,0,0,0,0,0,0,#,#,0,0,0,0,0,0,0,0,
嘉義,2024/01/29 00:00:00,RH,70,72,73,80,86,91,92,92,89,84,80,70,64,59,59,67,77,84,87,87,89,90,90,91,
嘉義,2024/01/29 00:00:00,SO2,2,2.5,1.8,1.5,1.9,1.4,1.5,1.7,1.6,2.1,2.8,3.9,3,2.4,1.9,#,1.6,1.6,1.9,1.7,1.8,1.7,1.3,1.7,
嘉義,2024/01/29 00:00:00,THC,2.2,2.22,2.21,2.24,2.29,2.35,2.32,2.38,2.33,2.29,2.2,2.17,2.12,2.08,#,2.1,2.15,2.15,2.18,2.24,2.19,2.16,2.18,2.19,
嘉義,2024/01/29 00:00:00,WD_HR,2,11,18,29,16,39,0,45,65,325,337,17,1,331,324,341,356,1,16,13,7,15,8,9,
嘉義,2024/01/29 00:00:00,WIND_DIREC,1,6,64,18,37,330,16,55,57,322,14,51,359,354,337,349,2,6,18,1,4,5,9,0,
嘉義,2024/01/29 00:00:00,WIND_SPEED,2.3,1.8,1.5,1.7,2.2,2.2,2.3,2.8,1.3,2.7,2,2.6,1.9,2.2,3.4,4.2,4.1,3.6,2.3,3,2.7,2.1,2.4,2.6,
嘉義,2024/01/29 00:00:00,WS_HR,2,1.7,1.5,1.1,2,1.5,2.1,2.3,2,2,2.1,2,1.7,2,2.6,3.7,3.6,3.5,2.3,1.8,2.9,2.1,1.7,2,
嘉義,2024/01/30 00:00:00,AMB_TEMP,17.7,17.7,17.7,17.7,17.7,17.5,17.4,17.4,17.5,17.8,18.6,20.6,22.9,24.3,24.5,24.5,23.8,22.1,21.4,20.9,20.5,20.3,19.9,20.2,
嘉義,2024/01/30 00:00:00,CH4,2.11,2.12,2.13,2.15,2.16,2.15,2.14,2.16,2.13,2.13,2.12,2.11,2.11,2.09,2.1,2.1,2.09,2.09,2.13,2.1,2.15,2.2,2.19,2.41,
嘉義,2024/01/30 00:00:00,CO,0.42,0.41,0.4,0.41,0.41,0.42,0.43,0.51,0.48,0.51,0.48,0.47,0.48,0.44,0.42,0.42,0.4,0.45,0.52,0.56,0.67,0.71,0.65,0.79,
嘉義,2024/01/30 00:00:00,NMHC,0.07,0.07,0.06,0.07,0.06,0.07,0.09,0.1,0.09,0.12,0.13,0.11,0.11,0.07,0.06,0.06,0.06,0.09,0.13,0.18,0.28,0.3,0.2,0.33,
嘉義,2024/01/30 00:00:00,NO,0.7,1,1,0.7,0.9,0.9,1,1.5,2.1,3,A,A,4.1,2.3,1.6,1.7,1.5,1.1,1.1,1,0.9,1.2,1.2,3,
嘉義,2024/01/30 00:00:00,NO2,8.4,9.8,7.3,6.4,7.6,6.6,6.2,10.5,12.7,13.6,A,A,11.3,9.6,8.2,8.5,8.9,10.3,16.2,17.2,23.6,27.9,22.6,30.8,
嘉義,2024/01/30 00:00:00,NOx,9.2,10.8,8.3,7.2,8.5,7.5,7.2,12,14.8,16.7,A,A,15.5,11.9,9.9,10.3,10.5,11.4,17.3,18.3,24.5,29.1,23.9,33.9,
嘉義,2024/01/30 00:00:00,O3,29.2,27.2,27.3,23.3,22,20.3,17.7,16.6,18.8,16.1,18.6,25.1,40.8,58.8,66.3,63.8,57.8,45.7,35.5,30.4,20.2,12.4,12.1,1.8,
嘉義,2024/01/30 00:00:00,PM10,90,85,73,75,67,72,65,69,63,68,58,54,54,47,50,61,44,34,39,41,53,65,44,59,
嘉義,2024/01/30 00:00:00,PM2.5,57,50,49,49,47,52,53,56,51,48,43,39,39,39,45,46,31,18,24,23,28,35,28,35,
嘉義,2024/01/30 00:00:00,RAINFALL,0,0,0,0,0,0,0,0,0,0,0,0,0,0,0,0,0,0,0,0,0,0,0,0,
嘉義,2024/01/30 00:00:00,RH,91,92,92,92,92,92,93,93,92,92,90,84,69,63,63,64,65,69,73,74,77,79,83,83,
嘉義,2024/01/30 00:00:00,SO2,1.9,1.5,1.5,1.2,1.3,1.1,1,1.1,1.1,1.1,1.1,1.2,1.4,1.6,1.7,2,2.2,1.6,1.7,2.3,2.8,2.9,2,2.2,
嘉義,2024/01/30 00:00:00,THC,2.18,2.19,2.19,2.22,2.22,2.22,2.23,2.26,2.22,2.25,2.25,2.22,2.22,2.16,2.16,2.16,2.15,2.18,2.26,2.28,2.43,2.5,2.39,2.74,
嘉義,2024/01/30 00:00:00,WD_HR,7,6,63,343,8,51,19,355,8,24,31,44,0,337,330,334,324,343,11,23,31,57,161,339,
嘉義,2024/01/30 00:00:00,WIND_DIREC,1,19,74,330,36,40,326,9,6,61,19,2,1,326,316,339,314,359,17,18,42,114,275,341,
嘉義,2024/01/30 00:00:00,WIND_SPEED,1.9,2.2,1.6,1.3,1.6,2,1.6,2.3,2.9,3,2.4,1.9,2.2,3.5,3.8,3.2,3.3,2.4,2.4,1.6,1.3,0.9,0.9,1,
嘉義,2024/01/30 00:00:00,WS_HR,2,1.8,1.7,1,1.2,2,1.5,2.2,2.3,2,2.3,1.6,1.7,2.5,3.2,2.9,2.8,2.5,2.3,1.5,1.3,1,0.3,1,
嘉義,2024/01/31 00:00:00,AMB_TEMP,20,19.7,20,19.9,20,20,19.8,19.8,20.9,22.7,25.2,27.1,27.9,28.3,28.1,28.2,27.7,25.7,23.7,22.5,21.5,20.1,20,20,
嘉義,2024/01/31 00:00:00,CH4,2.45,2.38,2.16,2.17,2.19,2.21,2.25,2.21,2.23,2.23,2.18,1.99,1.98,1.98,2,1.99,2.01,2.04,2.08,2.12,2.17,2.23,2.29,2.32,
嘉義,2024/01/31 00:00:00,CO,0.66,0.54,0.49,0.46,0.43,0.41,0.45,0.54,0.62,0.63,0.47,0.3,0.28,0.28,0.3,0.32,0.34,0.38,0.45,0.43,0.45,0.35,0.46,0.47,
嘉義,2024/01/31 00:00:00,NMHC,0.25,0.29,0.15,0.14,0.12,0.1,0.19,0.24,0.23,0.21,0.16,0.05,0.03,0.03,0.04,0.05,0.05,0.07,0.08,0.08,0.12,0.08,0.12,0.17,
嘉義,2024/01/31 00:00:00,NO,2.8,1,0.8,0.6,0.6,0.5,1.1,4,5.9,6.7,5.2,2.5,1.1,A,#,#,0.8,0.9,0.7,0.7,0.6,0.7,1,1,
嘉義,2024/01/31 00:00:00,NO2,30,23.6,16.2,12.7,9.3,7.6,14.4,16.8,15.4,17.1,16.3,6,4.1,A,#,#,10,10.4,11.6,13.7,15.5,16.9,17.6,19.4,
嘉義,2024/01/31 00:00:00,NOx,32.9,24.6,17.1,13.4,9.9,8.1,15.6,20.8,21.3,23.8,21.5,8.5,5.2,A,#,#,10.9,11.4,12.3,14.5,16.1,17.7,18.7,20.4,
嘉義,2024/01/31 00:00:00,O3,2.1,4.5,13.8,14.4,18.2,16.3,8.6,9.2,17.1,25.8,38,46,52.3,62.3,63.9,68.2,57.2,38.2,33.3,28.5,21.3,13.8,9,4,
嘉義,2024/01/31 00:00:00,PM10,57,59,56,52,47,42,46,42,40,48,43,18,12,15,24,23,34,31,32,43,47,35,40,41,
嘉義,2024/01/31 00:00:00,PM2.5,35,41,37,39,39,32,32,34,29,35,28,22,8,13,19,13,18,9,16,20,32,25,31,28,
嘉義,2024/01/31 00:00:00,RAINFALL,0,0,0,0,0,0,0,0,0,0,0,0,0,0,0,0,0,0,0,0,0,0,0,0,
嘉義,2024/01/31 00:00:00,RH,84,86,85,85,86,87,86,86,82,70,59,47,44,42,44,43,46,55,68,77,85,89,90,89,
嘉義,2024/01/31 00:00:00,SO2,2.5,2.5,1.7,1.6,1.1,0.9,1,1.4,1.6,1.8,1.9,1.1,1,1.1,1.2,1.3,1.5,1.3,0.9,1,1.1,1,0.9,0.9,
嘉義,2024/01/31 00:00:00,THC,2.7,2.67,2.31,2.31,2.31,2.31,2.44,2.45,2.46,2.44,2.34,2.04,2.01,2.01,2.04,2.04,2.06,2.11,2.16,2.2,2.29,2.31,2.41,2.49,
嘉義,2024/01/31 00:00:00,WD_HR,18,69,62,61,59,46,24,28,334,257,303,352,354,348,349,14,345,337,350,331,344,313,26,104,
嘉義,2024/01/31 00:00:00,WIND_DIREC,56,57,56,64,58,7,29,16,311,240,299,348,336,351,351,10,339,336,343,2,312,331,101,111,
嘉義,2024/01/31 00:00:00,WIND_SPEED,1.4,1.9,1.8,1.7,2,1.6,2,1,1.1,1.4,3.1,3.1,3.1,2.5,3,2.2,3.3,3.3,1.5,1.3,2.2,0.8,0.7,0.8,
嘉義,2024/01/31 00:00:00,WS_HR,0.8,1.4,1.7,1.6,1.6,1.5,1.8,1,0.7,1,1.7,3,2.8,2.7,2.2,2,2.4,2.8,2,1.4,1.4,1.7,0.4,0.7,
嘉義,2024/02/01 00:00:00,AMB_TEMP,19.7,18.9,18.2,18.3,18.2,18.1,18.1,18.2,19.4,20.9,23,25.1,26.6,27.9,28.3,28.2,27.3,26.2,25,24.2,23.3,22.8,22.7,22.5,
嘉義,2024/02/01 00:00:00,CH4,2.32,2.38,2.49,2.56,2.69,2.54,2.51,2.52,2.49,2.39,2.27,2.13,2.07,2.05,2.05,2.06,2.01,2.02,2.06,2.08,2.06,2.09,2.11,2.23,
嘉義,2024/02/01 00:00:00,CO,0.44,0.36,0.36,0.38,0.38,0.38,0.42,0.61,0.84,0.72,0.48,0.37,0.36,0.34,0.35,0.43,0.33,0.38,0.44,0.48,0.43,0.51,0.5,0.61,
嘉義,2024/02/01 00:00:00,NMHC,0.17,0.15,0.1,0.22,0.14,0.15,0.23,0.26,0.4,0.23,0.17,0.09,0.06,0.04,0.04,0.04,0.05,0.09,0.12,0.14,0.14,0.15,0.15,0.25,
嘉義,2024/02/01 00:00:00,NO,0.8,1,1.1,2.1,3.9,4.1,6,12.5,22.3,16.2,9.2,3.2,1.6,0.9,0.7,0.8,0.8,0.8,0.7,0.6,0.6,0.4,0.5,0.9,
嘉義,2024/02/01 00:00:00,NO2,18.4,16.8,14.2,15.3,14.3,10.8,10.8,10.6,17.3,18.7,16.1,9.7,7.3,5.7,5.4,6.6,8,13.4,14.9,15.5,14.5,16,17.5,26,
嘉義,2024/02/01 00:00:00,NOx,19.3,17.8,15.3,17.5,18.3,14.9,16.8,23.1,39.6,35,25.4,13,9,6.6,6.2,7.5,8.9,14.3,15.7,16.1,15.1,16.4,18,27,
嘉義,2024/02/01 00:00:00,O3,3.3,3.8,3.5,0.4,0,0.7,0.2,1.9,5.4,12.8,26.5,46,66.2,73.4,75.5,75.5,59.3,43.3,37.1,34.1,28.7,19.4,17.4,6.4,
嘉義,2024/02/01 00:00:00,PM10,44,25,23,31,35,26,29,31,43,53,42,38,41,34,42,37,23,22,30,39,30,27,29,48,
嘉義,2024/02/01 00:00:00,PM2.5,29,26,23,28,27,25,18,20,25,47,32,24,26,23,29,22,17,14,12,21,19,16,14,32,
嘉義,2024/02/01 00:00:00,RAINFALL,0,0,0,0,0,0,0,0,0,0,0,0,0,0,0,0,0,0,0,0,0,0,0,0,
嘉義,2024/02/01 00:00:00,RH,90,91,93,93,93,92,91,90,88,85,75,59,54,48,45,47,47,50,56,61,64,67,68,71,
嘉義,2024/02/01 00:00:00,SO2,1.2,1.4,1.1,1.2,1.2,1.2,1.3,1.4,1.8,2.4,2,1.8,2,2.3,2.7,2.8,3,3.6,2.2,2,1.7,1.6,1.5,1.7,
嘉義,2024/02/01 00:00:00,THC,2.49,2.53,2.59,2.78,2.83,2.69,2.74,2.78,2.89,2.62,2.44,2.22,2.13,2.09,2.09,2.1,2.06,2.11,2.18,2.22,2.2,2.24,2.26,2.48,
嘉義,2024/02/01 00:00:00,WD_HR,181,289,3,58,359,39,40,317,354,311,319,300,285,307,347,328,338,353,39,63,105,102,183,200,
嘉義,2024/02/01 00:00:00,WIND_DIREC,237,314,55,15,347,25,92,287,351,317,334,269,293,319,35,326,339,13,63,89,111,107,231,175,
嘉義,2024/02/01 00:00:00,WIND_SPEED,1.2,1.5,1.1,1.1,1.8,0.7,0.8,1,1.6,1.5,2.1,1.6,2.4,2.4,1.9,3.9,3.6,2.4,2.3,1.3,1.4,1.5,1.2,0.8,
嘉義,2024/02/01 00:00:00,WS_HR,0.5,1.1,1.1,1.1,1.1,0.5,0.8,0.4,1.3,1.5,1.5,1.1,1.2,1.6,1.5,2.6,3.1,2.5,2,1.8,1.1,1.3,0.3,0.8,
嘉義,2024/02/02 00:00:00,AMB_TEMP,22.1,21.6,20.9,20.5,20.4,20.4,20.3,20.2,21.2,23,24.3,25.4,25.2,25.4,25.2,24.9,23.4,21.9,20.5,19.9,19.6,19.7,19.2,18.9,
嘉義,2024/02/02 00:00:00,CH4,2.26,2.41,2.33,2.1,2.29,2.48,2.31,2.22,2.22,2.23,2.17,2.11,2.07,2.05,2.05,2.06,2.08,2.07,2.05,2.06,2.08,2.12,2.12,2.13,
嘉義,2024/02/02 00:00:00,CO,0.42,0.57,0.4,0.27,0.33,0.39,0.45,0.6,0.59,0.61,0.6,0.44,0.37,0.35,0.36,0.37,0.43,0.47,0.48,0.5,0.51,0.49,0.44,0.4,
嘉義,2024/02/02 00:00:00,NMHC,0.19,0.32,0.19,0.07,0.16,0.17,0.18,0.18,0.19,0.23,0.11,0.09,0.06,0.05,0.05,0.05,0.08,0.09,0.09,0.09,0.13,0.13,0.13,0.12,
嘉義,2024/02/02 00:00:00,NO,0.6,3.1,1.1,0.5,0.8,1.5,1.7,3.6,6.7,9,7.2,3.7,2.8,1.9,1.5,1.4,1,0.9,0.6,0.5,0.5,0.8,0.7,0.7,
嘉義,2024/02/02 00:00:00,NO2,19.7,24.8,16.3,8.2,11.3,21,21.2,18.8,16.6,20,18.5,13.3,10.4,8.7,8.5,9.8,12.7,15.8,15.9,16.9,18.6,20.2,19.3,17.6,
嘉義,2024/02/02 00:00:00,NOx,20.4,28,17.5,8.8,12.2,22.5,23,22.4,23.4,29,25.7,17.1,13.3,10.6,10,11.2,13.8,16.7,16.5,17.5,19.1,21,20.1,18.4,
嘉義,2024/02/02 00:00:00,O3,6.8,1.8,3.9,18.9,15.4,2.5,3.2,7.8,14.1,21.7,27.6,40.1,40.8,47.4,47.9,43.7,39.4,30.4,26.3,20.2,16.3,12.4,11.3,9.7,
嘉義,2024/02/02 00:00:00,PM10,23,32,21,18,23,33,36,49,40,61,63,52,65,56,51,49,56,59,60,62,66,51,51,48,
嘉義,2024/02/02 00:00:00,PM2.5,14,20,17,16,17,24,22,34,29,36,42,39,44,38,32,24,27,22,20,24,21,26,25,24,
嘉義,2024/02/02 00:00:00,RAINFALL,0,0,0,0,0,0,0,0,0,0,0,0,0,0,0,0,0,0,0,0,0,0,0,0,
嘉義,2024/02/02 00:00:00,RH,73,77,84,85,85,85,85,88,84,73,70,65,69,67,66,67,72,78,85,87,88,88,88,89,
嘉義,2024/02/02 00:00:00,SO2,1.9,1.4,1.3,1.3,1.2,1.7,2.3,2.8,2.7,3.3,3.2,2.7,2.5,2.2,2.2,2.1,2,2,2.1,2.3,2.6,2.2,1.9,1.9,
嘉義,2024/02/02 00:00:00,THC,2.45,2.73,2.52,2.17,2.45,2.65,2.49,2.4,2.41,2.46,2.28,2.2,2.13,2.1,2.1,2.11,2.16,2.16,2.14,2.15,2.21,2.25,2.25,2.25,
嘉義,2024/02/02 00:00:00,WD_HR,146,53,113,107,9,19,48,60,25,352,331,335,331,340,344,356,357,358,8,10,15,6,3,7,
嘉義,2024/02/02 00:00:00,WIND_DIREC,97,120,117,112,358,68,43,72,352,324,340,335,330,353,357,349,11,3,10,11,0,345,10,355,
嘉義,2024/02/02 00:00:00,WIND_SPEED,0.6,0.9,1.1,1.2,1.9,1.6,2.1,2,1.4,1.9,2.4,4.2,4.4,3.8,3.8,4.1,4.3,4.3,2.9,2.6,2.3,2.7,2.7,2.2,
嘉義,2024/02/02 00:00:00,WS_HR,0.4,0.3,0.8,1,0.8,1.5,1.3,1.6,1.3,1.2,2.1,3,3.8,3.5,3.4,3.1,3.3,3,3.2,2.6,2.3,2.1,1.9,1.8,
嘉義,2024/02/03 00:00:00,AMB_TEMP,18.8,18.6,18.6,18.5,18.5,18.4,18.6,18.7,19.5,20.7,21.9,23.8,25.1,25.9,25.9,24.6,23.7,23.1,22.7,21.2,20.3,20.2,20.1,20,
嘉義,2024/02/03 00:00:00,CH4,2.15,2.14,2.13,2.13,2.15,2.16,2.13,2.15,2.25,2.17,2.15,2.14,2.13,2.12,2.11,2.06,2.06,2.09,2.13,2.22,2.19,2.21,2.24,2.27,
嘉義,2024/02/03 00:00:00,CO,0.39,0.35,0.36,0.37,0.39,0.4,0.4,0.45,0.52,0.49,0.49,0.44,0.42,0.4,0.36,0.3,0.32,0.41,0.43,0.36,0.37,0.4,0.39,0.39,
嘉義,2024/02/03 00:00:00,NMHC,0.12,0.1,0.11,0.15,0.15,0.16,0.14,0.14,0.21,0.17,0.15,0.12,0.11,0.06,0.05,0.03,0.04,0.1,0.11,0.08,0.08,0.09,0.09,0.1,
嘉義,2024/02/03 00:00:00,NO,0.5,A,0.5,0.5,0.9,0.9,0.7,3.1,6.5,7.1,5.9,6.2,#,1.4,1.5,1,1,0.6,0.4,0.6,0.6,0.7,0.6,0.5,
嘉義,2024/02/03 00:00:00,NO2,18.3,A,15.9,15.7,16.6,16.7,15.1,13.7,14.4,14.7,15.4,15.5,#,9.9,9.5,7,7.5,11.5,15.6,13.3,12.5,15.2,14.7,15.1,
嘉義,2024/02/03 00:00:00,NOx,18.8,A,16.5,16.2,17.5,17.7,15.9,16.8,21,21.9,21.3,21.8,#,11.4,11,8.1,8.5,12.1,16,14,13.2,15.9,15.4,15.6,
嘉義,2024/02/03 00:00:00,O3,7.7,7.1,6.7,4.8,4.2,3.6,5.9,7.6,10.1,15.2,18.6,28.6,40.9,52.5,48,45.7,42.6,36.3,28.4,23.8,18.1,12.7,11,8.8,
嘉義,2024/02/03 00:00:00,PM10,49,45,48,59,42,42,31,36,45,46,41,42,54,56,52,48,46,53,63,61,61,67,64,63,
嘉義,2024/02/03 00:00:00,PM2.5,29,32,32,37,32,28,27,30,33,33,29,28,30,36,29,23,21,29,30,28,42,46,46,45,
嘉義,2024/02/03 00:00:00,RAINFALL,0,0,0,0,0,0,0,0,0,0,0,0,0,0,0,0,0,0,0,0,0,0,0,0,
嘉義,2024/02/03 00:00:00,RH,89,89,89,89,89,90,89,89,88,85,78,68,62,60,64,68,70,72,74,82,87,88,88,88,
嘉義,2024/02/03 00:00:00,SO2,2.2,2,1.4,1.1,1.1,1.3,1.6,1.8,2.3,2.1,2,2.1,2,2.2,2.7,2.1,1.8,1.7,1.7,1.4,1.3,1.3,1.2,1.2,
嘉義,2024/02/03 00:00:00,THC,2.27,2.24,2.24,2.28,2.3,2.32,2.27,2.29,2.46,2.34,2.3,2.26,2.24,2.18,2.16,2.09,2.1,2.19,2.24,2.3,2.27,2.3,2.33,2.37,
嘉義,2024/02/03 00:00:00,WD_HR,4,9,51,27,19,20,52,11,40,4,318,291,318,337,339,337,341,356,330,338,341,331,21,226,
嘉義,2024/02/03 00:00:00,WIND_DIREC,6,13,48,3,34,359,50,10,48,19,305,322,324,336,332,342,356,5,339,4,355,18,102,205,
嘉義,2024/02/03 00:00:00,WIND_SPEED,2.7,2.2,2.5,1.4,1.6,1.8,1.7,1.7,2,1.5,1.5,1.3,2.8,2.3,3.1,3.2,2.7,1.5,2.5,2,1.2,1.8,0.6,0.6,
嘉義,2024/02/03 00:00:00,WS_HR,2.2,2.1,2.2,1.8,1.5,1.7,1.3,1.3,1.5,1.8,0.4,1.1,1.3,2.1,2.6,2.9,2.5,1.8,1.5,2.4,1.4,1.5,0.6,0.5,
嘉義,2024/02/04 00:00:00,AMB_TEMP,20,19.9,19.7,19.6,19.6,19.4,19.6,19.6,20.3,21.4,22.6,24,24.6,25.6,26.1,25,23.9,23.8,23.2,21.3,20.1,19.5,20,19.3,
嘉義,2024/02/04 00:00:00,CH4,2.33,2.37,2.29,2.24,2.23,2.18,2.16,2.14,2.16,2.19,2.2,2.2,2.16,2.12,2.06,2.08,2.07,2.08,2.13,2.15,2.08,2.07,2.08,2.09,
嘉義,2024/02/04 00:00:00,CO,0.41,0.35,0.42,0.5,0.6,0.57,0.58,0.56,0.55,0.61,0.63,0.55,0.49,0.43,0.37,0.31,0.36,0.41,0.45,0.36,0.35,0.36,0.37,0.51,
嘉義,2024/02/04 00:00:00,NMHC,0.11,0.07,0.1,0.11,0.12,0.11,0.12,0.13,0.15,0.16,0.15,0.14,0.11,0.08,0.06,0.04,0.06,0.09,0.12,0.08,0.05,0.04,0.06,0.06,
嘉義,2024/02/04 00:00:00,NO,0.4,1.1,1.1,0.9,1.3,1.4,1.7,3.7,6,6.9,5.8,3.1,2.1,1.3,1.2,1.3,1.2,1,1.1,1.1,1.1,1,0.9,1.2,
嘉義,2024/02/04 00:00:00,NO2,15.7,13.3,11.9,13.7,15.7,18.5,19.1,16.7,13.8,14,14.4,12.9,11.1,8.6,7.6,6.7,7.6,10.3,14.5,10.9,6.2,7.7,8.3,10.1,
嘉義,2024/02/04 00:00:00,NOx,16.2,14.4,13,14.7,17,20,20.8,20.4,19.8,20.9,20.2,16,13.2,10,8.9,8,8.8,11.4,15.6,12.1,7.3,8.7,9.2,11.3,
嘉義,2024/02/04 00:00:00,O3,6.4,9.5,8.5,5.6,3.4,2.3,1.6,3.9,9.6,14.4,25.2,43.7,52.6,64.5,62.8,47.5,38.9,33.3,24.5,25,29.3,23.4,20.5,13.8,
嘉義,2024/02/04 00:00:00,PM10,65,69,71,82,101,104,85,85,78,85,94,88,78,71,59,58,46,59,100,45,42,49,46,59,
嘉義,2024/02/04 00:00:00,PM2.5,50,43,48,61,72,74,56,56,63,67,83,68,57,58,43,26,24,26,25,21,26,33,30,41,
嘉義,2024/02/04 00:00:00,RAINFALL,0,0,0,0,0,0,0,0,0,0,0,0,0,0,0,0,0,0,0,0,0,0,0,0,
嘉義,2024/02/04 00:00:00,RH,88,89,90,91,91,91,91,91,88,86,82,73,71,66,62,69,74,75,82,88,89,90,89,89,
嘉義,2024/02/04 00:00:00,SO2,1,1.4,1.5,2,1.8,1.3,1.5,1.2,1.3,1.6,1.6,2,2.1,2.1,2.3,2.2,2.2,2,1.9,1.5,1,1,1.1,1.2,
嘉義,2024/02/04 00:00:00,THC,2.44,2.44,2.39,2.35,2.35,2.29,2.28,2.27,2.31,2.35,2.35,2.34,2.27,2.2,2.12,2.12,2.13,2.17,2.25,2.23,2.13,2.11,2.14,2.15,
嘉義,2024/02/04 00:00:00,WD_HR,352,357,1,339,350,3,25,52,44,29,5,331,349,259,249,316,4,349,277,350,4,27,40,356,
嘉義,2024/02/04 00:00:00,WIND_DIREC,1,10,350,322,354,6,28,56,40,354,46,323,8,238,233,344,327,88,316,13,350,48,14,354,
嘉義,2024/02/04 00:00:00,WIND_SPEED,2,2.8,1.5,1.4,1.3,1.9,1.8,1.9,1.5,1.7,1.9,2.2,1.5,1.6,3.2,3.4,1.8,2,2.4,2.8,3,3.3,2.3,4.6,
嘉義,2024/02/04 00:00:00,WS_HR,1.4,2.4,1.7,1.2,1.1,1.6,1.5,2.2,1.9,1.4,1.5,1.4,1.2,1.3,2.1,2.5,1.4,0.6,1.4,2.8,2.4,2.5,1.8,3.1,
嘉義,2024/02/05 00:00:00,AMB_TEMP,17.7,18.1,17.9,18.3,17.8,18.1,18,18.6,19.8,20.3,21.5,22.7,23.9,24.5,25,25.5,25.1,22.5,21.4,20.5,19.3,19.1,18.8,18.7,
嘉義,2024/02/05 00:00:00,CH4,2.07,2.08,2.11,2.13,2.18,2.2,2.19,2.17,2.06,2.01,2,1.99,1.98,1.98,2,1.99,2.02,2.12,2.15,2.16,2.12,2.13,2.15,2.19,
嘉義,2024/02/05 00:00:00,CO,0.39,0.39,0.39,0.39,0.4,0.43,0.45,0.48,0.4,0.36,0.38,0.34,0.3,0.29,0.32,0.34,0.37,0.53,0.62,0.61,0.59,0.67,0.62,0.63,
嘉義,2024/02/05 00:00:00,NMHC,0.05,0.06,0.05,0.06,0.06,0.08,0.11,0.11,0.07,0.07,0.1,0.08,0.06,0.06,0.09,0.09,0.09,0.16,0.17,0.16,0.11,0.13,0.14,0.17,
嘉義,2024/02/05 00:00:00,NO,1,0.8,0.7,0.7,0.7,0.6,1.2,3.2,3.5,2.8,2.3,2.3,2,1.6,1.4,1.3,0.9,1.8,2.2,3.1,2,1.4,1.7,4.9,
嘉義,2024/02/05 00:00:00,NO2,9.4,9.4,9.5,8.7,10.8,13.6,14.9,13.9,13.3,13,12.1,10.2,9,8.9,10.3,10.9,11.7,22.8,25.3,24.7,19.1,20.3,22.9,26,
嘉義,2024/02/05 00:00:00,NOx,10.5,10.2,10.2,9.5,11.5,14.3,16.2,17.1,16.8,15.9,14.4,12.5,11,10.5,11.8,12.2,12.7,24.6,27.6,27.8,21.1,21.8,24.6,31,
嘉義,2024/02/05 00:00:00,O3,14.6,12.8,10.5,8.4,6.8,5.2,3.7,7.5,16,21.7,25.9,32.5,38.5,40.2,42.5,45.6,42.9,17,8.4,5.8,8.4,4.8,2.5,0,
嘉義,2024/02/05 00:00:00,PM10,45,50,33,35,23,28,28,34,16,27,19,21,20,22,36,x,33,44,49,50,40,44,36,33,
嘉義,2024/02/05 00:00:00,PM2.5,31,30,22,26,16,18,22,23,9,9,9,9,6,8,14,14,11,21,23,25,14,17,18,13,
嘉義,2024/02/05 00:00:00,RAINFALL,0,0,0,0,0,0,0,0,0,0,0,0,0,0,0,0,0,0,0,0,0,0,0,0,
嘉義,2024/02/05 00:00:00,RH,90,89,89,88,88,87,88,86,79,73,67,61,55,54,52,50,53,76,81,85,87,87,87,87,
嘉義,2024/02/05 00:00:00,SO2,1.2,1,1.3,1.3,1.2,1.4,1.5,1.9,1.8,1.5,1.5,1.6,1.4,1.4,1.4,1.3,1.4,1.6,1.8,1.7,1.9,2.3,2.1,2.3,
嘉義,2024/02/05 00:00:00,THC,2.12,2.14,2.16,2.19,2.24,2.28,2.3,2.28,2.13,2.08,2.1,2.07,2.04,2.04,2.09,2.08,2.11,2.28,2.32,2.32,2.23,2.26,2.29,2.36,
嘉義,2024/02/05 00:00:00,WD_HR,23,46,16,45,5,38,6,28,4,26,28,16,39,51,26,2,2,349,1,348,357,30,5,3,
嘉義,2024/02/05 00:00:00,WIND_DIREC,39,27,58,350,50,8,2,25,351,38,11,28,46,25,32,11,327,2,13,344,9,359,8,352,
嘉義,2024/02/05 00:00:00,WIND_SPEED,2.8,2,2.4,2.8,1.6,1.7,2.5,2.4,3.4,3.3,4,3.7,2.8,2.2,2.7,2.9,3.2,2.8,1.5,2.7,2.7,1.5,2.2,2.6,
嘉義,2024/02/05 00:00:00,WS_HR,2.9,1.7,2,1.1,1.9,1.7,2,1.9,2.8,3.2,2.6,3.2,2.7,2.2,2.4,2.2,2.1,2.7,1.8,2.6,2.7,1.4,2.2,1.9,
嘉義,2024/02/06 00:00:00,AMB_TEMP,18.7,18.5,18.1,18,17.9,17.7,17.3,17.8,18.6,19.4,19.9,21.4,23.3,23.9,23.9,23.7,22.4,21.1,20.2,19.8,19.2,18.5,18.3,18.2,
嘉義,2024/02/06 00:00:00,CH4,2.18,2.18,2.15,2.14,2.14,2.17,2.16,2.16,2.15,2.15,2.16,2.17,2.16,2.16,2.14,2.08,2.07,2.07,2.08,2.09,2.13,2.12,2.12,2.13,
嘉義,2024/02/06 00:00:00,CO,0.52,0.49,0.48,0.49,0.49,0.5,0.49,0.55,0.62,0.62,0.65,0.61,0.63,0.57,0.55,0.46,0.46,0.54,0.61,0.57,0.59,0.57,0.57,0.59,
嘉義,2024/02/06 00:00:00,NMHC,0.13,0.14,0.09,0.1,0.12,0.11,0.07,0.12,0.15,0.17,0.16,0.15,0.19,0.16,0.12,0.07,0.09,0.11,0.14,0.13,0.13,0.1,0.08,0.11,
嘉義,2024/02/06 00:00:00,NO,2.8,1.9,1.2,1,0.8,0.8,0.8,1.6,4,6.3,9.3,8.5,6.8,5.8,3.7,2.1,1.2,1,0.9,1,1,1.1,1,0.9,
嘉義,2024/02/06 00:00:00,NO2,23.6,19.6,13.4,12.3,13.2,15.6,13.8,13.1,13.9,14.4,17.8,17.5,18.7,18,15.2,10.3,11.1,14.1,19.2,20.9,19.4,17.6,13.4,14.5,
嘉義,2024/02/06 00:00:00,NOx,26.4,21.5,14.7,13.4,14.1,16.4,14.7,14.8,18,20.8,27.2,26,25.5,23.8,19,12.5,12.3,15.1,20.1,21.9,20.5,18.7,14.5,15.4,
嘉義,2024/02/06 00:00:00,O3,0.7,1.8,7.5,8.3,7.2,5.6,11.3,11.2,11.1,12.8,13.8,21.4,29.8,35.4,37.2,54.4,52.5,43.3,27.6,21.2,16.6,16.5,18.9,15,
嘉義,2024/02/06 00:00:00,PM10,27,20,21,22,29,36,23,30,65,46,43,57,57,#,67,72,70,74,77,61,62,62,58,59,
嘉義,2024/02/06 00:00:00,PM2.5,17,16,12,12,19,20,13,20,20,31,23,25,26,#,35,33,27,29,26,25,21,27,25,29,
嘉義,2024/02/06 00:00:00,RAINFALL,0,0,0,0,0,0,0,0,0,0,0,0,0,0,0,0,0,0,0,0,0,0,0,0,
嘉義,2024/02/06 00:00:00,RH,86,86,86,86,86,86,86,85,81,77,75,70,63,62,61,63,67,71,75,77,82,86,88,88,
嘉義,2024/02/06 00:00:00,SO2,2,2.2,2,1.9,1.8,1.9,2,2.2,2.6,2.4,2.5,2.7,2.7,2.6,2.4,2.6,2.3,2.3,2.6,2.4,2.1,2.3,2.7,3,
嘉義,2024/02/06 00:00:00,THC,2.31,2.32,2.24,2.24,2.26,2.28,2.23,2.28,2.3,2.32,2.32,2.32,2.35,2.32,2.26,2.15,2.16,2.18,2.22,2.22,2.26,2.22,2.2,2.24,
嘉義,2024/02/06 00:00:00,WD_HR,1,351,353,356,344,334,347,23,49,358,343,30,19,337,335,349,358,4,11,356,356,334,3,11,
嘉義,2024/02/06 00:00:00,WIND_DIREC,358,357,353,8,326,315,4,52,65,345,342,16,4,340,350,349,347,1,3,357,351,16,13,4,
嘉義,2024/02/06 00:00:00,WIND_SPEED,1.8,2.9,2.1,1.5,1.5,2.7,2.6,2.3,1.6,2.6,2.3,1.8,2.3,3.5,3.5,3.4,4.1,2.7,2.7,2.2,2.3,2.2,1.9,2.4,
嘉義,2024/02/06 00:00:00,WS_HR,1.6,2,2,1.6,1.4,1.4,2.3,1.7,1.7,1.8,2,1.3,1.1,2.9,3.2,3.3,3.1,3.2,2.6,2.4,2,2.1,2,1.8,
嘉義,2024/02/07 00:00:00,AMB_TEMP,17.9,17.8,17.9,17.9,17.8,17.7,17.7,17.7,18,18.2,20.1,20.9,21.3,20.9,20.8,19.7,18.3,17.6,16.6,15.7,15.4,15.6,16.2,15.4,
嘉義,2024/02/07 00:00:00,CH4,2.12,2.09,2.11,2.12,2.14,2.1,2.1,2.12,2.09,2.08,2.08,2.06,2.05,2.05,2.05,2.04,2.02,2.03,2.03,2.02,2.01,2.02,2.05,2.07,
嘉義,2024/02/07 00:00:00,CO,0.53,0.43,0.41,0.42,0.41,0.39,0.37,0.47,0.39,0.4,0.44,0.44,0.43,0.41,0.4,0.41,0.37,0.4,0.38,0.31,0.29,0.3,0.33,0.29,
嘉義,2024/02/07 00:00:00,NMHC,0.1,0.1,0.13,0.14,0.12,0.11,0.09,0.14,0.09,0.09,0.11,0.1,0.1,0.08,0.09,0.11,0.1,0.11,0.1,0.08,0.08,0.08,0.09,0.08,
嘉義,2024/02/07 00:00:00,NO,0.9,1,0.8,0.6,0.6,0.5,0.7,2.2,3.4,2.6,4.9,4.5,3,1.9,2,1.7,1.9,1.3,1,0.9,0.8,0.9,0.5,0.7,
嘉義,2024/02/07 00:00:00,NO2,15.6,13.5,13,13.6,12.7,10.5,10.5,11.1,11.4,10,10.9,10.6,10.7,11.4,11.3,13.2,13.7,14.6,15,12.2,11.5,11.5,11.7,12.1,
嘉義,2024/02/07 00:00:00,NOx,16.6,14.5,13.8,14.3,13.4,11.1,11.2,13.4,14.8,12.6,15.9,15.1,13.8,13.4,13.4,15,15.7,16,16,13.2,12.4,12.4,12.2,12.8,
嘉義,2024/02/07 00:00:00,O3,12.5,13.8,10.9,9,9.3,13.3,12.6,10.9,18.1,22.4,23.7,28.8,37,37.3,36.9,30.6,25.1,21.3,20,23.5,22.5,20.8,16.6,16.5,
嘉義,2024/02/07 00:00:00,PM10,54,41,47,42,38,36,31,42,37,27,37,38,36,34,29,28,25,22,15,13,12,18,16,18,
嘉義,2024/02/07 00:00:00,PM2.5,31,25,35,31,32,27,24,24,19,15,19,21,21,20,16,18,12,11,7,8,9,12,13,14,
嘉義,2024/02/07 00:00:00,RAINFALL,0,0,0,0,0,0,0,0,0,0,0,0,0,0,0,0,0,0,0,0,0,0,0,9,
嘉義,2024/02/07 00:00:00,RH,88,87,87,87,87,87,87,88,88,87,79,72,68,70,70,75,82,86,87,86,85,85,85,88,
嘉義,2024/02/07 00:00:00,SO2,3,1.8,1.4,1.4,1.4,1.4,1.3,1.3,1.4,1.3,1.5,1.7,1.6,1.4,1.4,1.4,1.2,1.1,1.2,1.1,1.2,1.2,1.1,1.3,
嘉義,2024/02/07 00:00:00,THC,2.22,2.19,2.24,2.26,2.26,2.21,2.19,2.26,2.18,2.17,2.19,2.16,2.15,2.13,2.14,2.15,2.12,2.14,2.13,2.1,2.09,2.1,2.14,2.15,
嘉義,2024/02/07 00:00:00,WD_HR,359,28,14,31,9,47,56,14,345,10,5,1,1,357,358,9,9,12,5,11,15,27,40,350,
嘉義,2024/02/07 00:00:00,WIND_DIREC,13,67,352,51,17,39,67,356,344,46,5,356,351,3,359,7,9,9,1,33,12,72,352,14,
嘉義,2024/02/07 00:00:00,WIND_SPEED,2.7,2.2,2.4,1.4,2.6,2.1,3,2,3.2,2.9,2.9,3.5,3.4,3.8,3.1,5.2,5.1,4.2,3.7,3.6,3.4,3.4,2,2.3,
嘉義,2024/02/07 00:00:00,WS_HR,2.5,1.9,1.8,1.6,2.3,2.2,2.4,1.5,2.5,2.7,2.7,2.9,2.9,3.2,3.2,4.3,4.6,3.6,3.6,3.8,3.5,2.6,1.2,2,
嘉義,2024/02/08 00:00:00,AMB_TEMP,14.6,14.4,14.4,14.5,14.6,14.4,14.4,14.1,14.4,15,16.3,17.4,18,18,18.5,18.6,18,16.9,15.8,15.6,15.4,14.7,14.3,14.6,
嘉義,2024/02/08 00:00:00,CH4,2.06,2.04,2.03,2.04,2.04,2.06,2.1,2.14,2.1,2.08,2.07,2.08,2.07,2.07,2.09,2.08,2.1,2.1,2.09,2.08,2.09,2.1,2.08,2.08,
嘉義,2024/02/08 00:00:00,CO,0.25,0.26,0.24,0.24,0.23,0.25,0.27,0.35,0.35,0.4,0.39,0.39,0.4,0.41,0.47,0.47,0.52,0.52,0.48,0.45,0.47,0.43,0.39,0.38,
嘉義,2024/02/08 00:00:00,NMHC,0.06,0.05,0.05,0.04,0.04,0.05,0.06,0.07,0.07,0.09,0.08,0.08,0.1,0.09,0.09,0.09,0.1,0.09,0.1,0.1,0.1,0.09,0.08,0.08,
嘉義,2024/02/08 00:00:00,NO,0.5,0.4,0.2,0.4,0.1,0.3,0.4,0.5,0.8,2.1,1.7,1.6,1.7,1.6,1.8,1.4,0.9,0.8,0.7,0.5,0.7,0.7,0.4,0.4,
嘉義,2024/02/08 00:00:00,NO2,9.6,9.9,8.6,7.3,6.5,6.9,8.9,9,9,9.8,8.6,8.3,8.7,9.4,10.3,10.9,12,13.2,12.4,11.9,13,11.8,9.5,9.1,
嘉義,2024/02/08 00:00:00,NOx,10.2,10.3,8.8,7.7,6.7,7.2,9.4,9.6,9.8,12,10.4,9.9,10.4,11,12.2,12.3,13,14,13.2,12.4,13.7,12.5,10,9.5,
嘉義,2024/02/08 00:00:00,O3,20.1,20.8,20,21.5,25.6,24.6,21.1,26.5,25.6,23.8,30,32.8,30.1,31.2,34.7,34.3,38.3,32.2,28.2,25.5,21.8,22.5,24.2,22.3,
嘉義,2024/02/08 00:00:00,PM10,8,7,15,9,6,9,6,5,14,18,19,15,21,22,26,29,24,29,27,24,23,25,18,19,
嘉義,2024/02/08 00:00:00,PM2.5,10,10,9,11,9,6,6,5,8,11,9,15,13,25,25,22,20,21,14,16,16,14,18,17,
嘉義,2024/02/08 00:00:00,RAINFALL,0,0,0,0.5,7.5,9,2,0,0,0,0,0,0,0,0,0,0,0,0,0,0,0,0,0,
嘉義,2024/02/08 00:00:00,RH,91,92,92,91,92,93,94,94,94,93,90,87,86,85,80,79,79,82,85,86,86,88,89,88,
嘉義,2024/02/08 00:00:00,SO2,1.3,1.1,1,1.2,1.2,1.1,1,1.1,1.2,1.2,1.3,1.3,1.3,1.2,1.3,1.3,1.3,1.5,1.3,1.3,1.4,1.3,1.2,1.2,
嘉義,2024/02/08 00:00:00,THC,2.12,2.09,2.08,2.08,2.08,2.11,2.16,2.21,2.17,2.17,2.15,2.16,2.17,2.16,2.18,2.17,2.2,2.19,2.19,2.18,2.19,2.19,2.16,2.16,
嘉義,2024/02/08 00:00:00,WD_HR,8,11,32,353,38,21,358,358,38,332,7,30,10,13,29,354,354,349,355,23,1,1,11,42,
嘉義,2024/02/08 00:00:00,WIND_DIREC,2,38,56,357,14,48,353,11,55,324,5,75,348,13,55,348,349,348,4,26,9,5,13,72,
嘉義,2024/02/08 00:00:00,WIND_SPEED,2.6,2.8,3.1,2.9,2.8,1.9,3.4,2.3,1.7,2.4,1.7,2.1,2.9,2.8,2.2,2.2,3.2,4,3.1,2,3.1,2.6,2.4,2,
嘉義,2024/02/08 00:00:00,WS_HR,2.1,2.9,2.5,2.2,2.1,1.3,1.7,2.6,2,2,1.3,1.3,2,2.3,2.3,2,2.7,3,3.2,1.9,2.2,2.6,2.6,1.6,
嘉義,2024/02/09 00:00:00,AMB_TEMP,14.8,14.2,13.8,13.5,13.5,13.2,13.2,13.1,13.2,13.7,14,14.9,16.5,17.1,17.2,16.6,16.2,15.2,14.3,13.9,13.7,13.7,13.4,13.4,
嘉義,2024/02/09 00:00:00,CH4,2.11,2.1,2.08,2.07,2.08,2.04,2.05,2.04,2.04,2.05,2.06,2.07,2.06,2.05,2.05,2.05,2.06,2.07,2.07,2.07,2.07,2.09,2.09,2.1,
嘉義,2024/02/09 00:00:00,CO,0.4,0.35,0.33,0.32,0.29,0.29,0.3,0.31,0.35,0.38,0.44,0.45,0.43,0.41,0.42,0.43,0.45,0.49,0.47,0.47,0.47,0.48,0.47,0.49,
嘉義,2024/02/09 00:00:00,NMHC,0.09,0.07,0.05,0.05,0.04,0.05,0.04,0.04,0.06,0.06,0.08,0.07,0.07,0.06,0.06,0.06,0.06,0.08,0.07,0.08,0.08,0.07,0.07,0.07,
嘉義,2024/02/09 00:00:00,NO,0.4,0.5,0.3,0.3,0.4,0.2,0.3,0.2,0.6,1,1,1.4,1.6,1.1,0.9,0.6,0.5,0.5,0.3,0.1,0.3,0.3,0.4,0.5,
嘉義,2024/02/09 00:00:00,NO2,9.3,8.9,5.4,5,4.7,4.9,5.3,6.2,7.3,7.4,8.3,7.9,6.8,6.1,6,6.6,7.3,8.8,8.3,8.3,7.9,8.4,8.2,8.7,
嘉義,2024/02/09 00:00:00,NOx,9.7,9.4,5.7,5.3,5.1,5.2,5.6,6.5,7.9,8.5,9.3,9.3,8.4,7.2,7,7.3,7.9,9.4,8.7,8.4,8.3,8.7,8.6,9.3,
嘉義,2024/02/09 00:00:00,O3,18.8,21.4,25.7,27.5,28.9,30.4,30,34.1,33.8,34.3,35.2,40.7,43.7,48.8,50.2,50.8,46.9,39.8,37,34.5,33.7,31.9,31.5,27.9,
嘉義,2024/02/09 00:00:00,PM10,24,18,15,10,7,4,3,2,5,7,24,32,33,21,21,20,26,25,30,30,38,34,31,29,
嘉義,2024/02/09 00:00:00,PM2.5,20,13,13,9,6,7,5,5,4,13,20,18,23,20,21,22,22,23,28,26,26,26,27,25,
嘉義,2024/02/09 00:00:00,RAINFALL,0,0,2.5,2,2.5,0,0,0,0,0,0,0,0,0,0,0,0,0,0,0,0,0,0,0,
嘉義,2024/02/09 00:00:00,RH,89,91,92,93,94,94,94,93,92,91,89,86,76,72,71,71,73,75,77,78,79,80,81,82,
嘉義,2024/02/09 00:00:00,SO2,1,1.1,1,1,1,1,1,1,1.1,1.2,1.6,1.9,2,1.7,1.5,1.6,1.7,1.5,1.4,1.4,1.3,1.2,1.3,1.3,
嘉義,2024/02/09 00:00:00,THC,2.2,2.17,2.13,2.12,2.12,2.09,2.09,2.08,2.1,2.11,2.14,2.14,2.13,2.11,2.11,2.11,2.12,2.15,2.14,2.15,2.15,2.16,2.16,2.17,
嘉義,2024/02/09 00:00:00,WD_HR,13,352,1,7,25,11,4,16,5,9,14,5,16,358,9,6,4,11,10,10,13,8,12,5,
嘉義,2024/02/09 00:00:00,WIND_DIREC,3,6,6,48,16,6,0,22,358,12,9,9,2,4,3,358,14,15,2,11,20,8,55,358,
嘉義,2024/02/09 00:00:00,WIND_SPEED,2,2.8,2,3.1,3.1,4,3.8,2.8,3.4,3.9,3.5,3.7,3.2,4,3.1,3.2,3.1,4,3,3,3,2.7,2.2,2.9,
嘉義,2024/02/09 00:00:00,WS_HR,1.6,2.5,2.3,2.1,2.2,3,3,2.5,2.7,3.1,2.8,3.4,2.7,3,2.8,3,2.8,3.2,3.2,2.8,2.9,2.4,2.3,2.1,
嘉義,2024/02/10 00:00:00,AMB_TEMP,13.2,13.1,12.9,13,13,13,12.9,13,13.7,14.6,15.9,17,17.6,18.5,18.9,18.5,18.5,18.3,17.4,16.7,16.2,15.6,14.9,14.7,
嘉義,2024/02/10 00:00:00,CH4,2.12,2.11,2.12,2.12,2.13,2.12,2.16,2.16,2.15,2.15,2.14,2.14,2.13,2.12,2.11,2.09,2.11,2.12,2.16,2.15,2.15,2.17,2.17,2.18,
嘉義,2024/02/10 00:00:00,CO,0.48,0.49,0.51,0.53,0.55,0.57,0.59,0.61,0.61,0.6,0.59,0.58,0.55,0.56,0.55,0.52,0.54,0.58,0.65,0.6,0.57,0.55,0.57,0.56,
嘉義,2024/02/10 00:00:00,NMHC,0.06,0.07,0.07,0.07,0.07,0.07,0.07,0.08,0.08,0.08,0.08,0.07,0.06,0.07,0.07,0.07,0.07,0.09,0.1,0.08,0.08,0.08,0.09,0.08,
嘉義,2024/02/10 00:00:00,NO,0.4,0.1,0.2,0.1,0.3,0.2,0.2,0.3,0.5,0.9,0.9,0.9,0.7,0.7,0.7,0.4,0.3,0.2,0.3,0.1,0.3,0.3,0.1,0.3,
嘉義,2024/02/10 00:00:00,NO2,7.6,8.5,6.2,6.1,6.6,5.7,5.8,6.8,7.3,7.3,6.9,6.8,6.3,6.3,6.3,5.9,7.2,9,11.7,10.5,10.1,9.5,9.3,9.2,
嘉義,2024/02/10 00:00:00,NOx,8,8.7,6.4,6.3,6.9,6,6,7.2,7.8,8.3,7.9,7.8,7.1,7.1,7.1,6.3,7.6,9.3,12,10.7,10.5,9.9,9.4,9.6,
嘉義,2024/02/10 00:00:00,O3,28.6,27.1,31.4,29.4,30.1,37.8,39.8,42.1,43,43.3,43,46.3,50,52.4,52.6,56.4,56.8,47,49.2,48.7,43.9,39.6,35.8,34.8,
嘉義,2024/02/10 00:00:00,PM10,28,35,36,36,44,58,65,74,69,66,49,51,49,44,48,43,53,49,83,70,62,56,49,51,
嘉義,2024/02/10 00:00:00,PM2.5,32,26,25,30,43,50,49,58,54,52,45,42,41,39,38,34,32,36,50,42,38,38,42,41,
嘉義,2024/02/10 00:00:00,RAINFALL,0,0,0,0,0,0,0,0,0,0,0,0,0,0,0,0,0,0,0,0,0,0,0,0,
嘉義,2024/02/10 00:00:00,RH,84,84,84,84,85,85,84,81,77,72,68,63,61,58,58,55,54,57,62,62,61,63,66,67,
嘉義,2024/02/10 00:00:00,SO2,1.3,1.4,1.4,1.5,1.5,1.4,1.5,1.5,1.6,1.8,2,2,2,1.9,1.9,2,2,2.1,2.4,2.4,2.2,1.9,1.7,1.9,
嘉義,2024/02/10 00:00:00,THC,2.18,2.18,2.19,2.19,2.2,2.19,2.23,2.24,2.23,2.23,2.22,2.21,2.19,2.19,2.18,2.16,2.18,2.21,2.26,2.23,2.23,2.25,2.26,2.26,
嘉義,2024/02/10 00:00:00,WD_HR,33,3,23,19,22,9,10,10,5,2,16,358,355,2,8,19,12,7,4,8,7,10,10,5,
嘉義,2024/02/10 00:00:00,WIND_DIREC,37,356,51,15,8,11,14,13,353,351,60,339,15,349,18,12,12,0,10,4,13,12,16,348,
嘉義,2024/02/10 00:00:00,WIND_SPEED,1.9,2.9,2.2,2.5,2.3,2.1,2.9,2.9,2.8,2.8,2.1,2.8,2.4,3,3.3,3.5,2.6,2.4,3.1,3.2,2.3,3.2,2.2,2.7,
嘉義,2024/02/10 00:00:00,WS_HR,1.8,2.2,2.2,2.2,2.1,1.9,2.4,2.4,2.3,2.3,1.9,2.3,2.1,2.3,2.8,2.9,2.5,2.2,2.5,3.2,2.9,2.9,2.2,1.9,
嘉義,2024/02/11 00:00:00,AMB_TEMP,14.4,14,14.1,13.5,12.5,12.5,11.8,12.1,13.2,15.5,17.5,19.4,21.2,23,23.6,23.3,22.1,20.2,18.6,17.5,16.7,16,15.7,15.1,
嘉義,2024/02/11 00:00:00,CH4,2.19,2.19,2.22,2.25,2.27,2.26,2.23,2.19,2.13,2.13,2.09,2.06,2.02,1.99,2,2.03,2.1,2.14,2.11,2.06,2.08,2.12,2.15,2.2,
嘉義,2024/02/11 00:00:00,CO,0.55,0.55,0.56,0.56,0.54,0.52,0.47,0.44,0.4,0.39,0.38,0.35,0.3,0.25,0.27,0.3,0.34,0.37,0.42,0.41,0.43,0.43,0.42,0.52,
嘉義,2024/02/11 00:00:00,NMHC,0.08,0.09,0.1,0.1,0.09,0.09,0.09,0.08,0.08,0.08,0.07,0.05,0.04,0.04,0.03,0.05,0.07,0.1,0.09,0.09,0.1,0.11,0.11,0.15,
嘉義,2024/02/11 00:00:00,NO,0.1,0.5,0.6,0.5,0.4,0.3,0.3,1,2.3,2.5,2,1.8,1.3,0.9,0.7,0.8,0.8,0.6,0.6,0.4,0.4,0.5,0.3,0.6,
嘉義,2024/02/11 00:00:00,NO2,9.1,8.8,8.4,9.3,8.1,8.3,8.3,8,7.3,6,5.1,4.7,4,3.5,4.2,4.9,6.2,7.8,10.9,10.5,10.3,11.7,12.6,17.2,
嘉義,2024/02/11 00:00:00,NOx,9.2,9.3,9.1,9.8,8.6,8.6,8.7,9,9.6,8.6,7.1,6.6,5.3,4.4,5,5.8,7.1,8.5,11.5,11,10.7,12.3,13,17.8,
嘉義,2024/02/11 00:00:00,O3,34.7,33.6,29.4,26.1,25.8,21.9,23.2,23.2,26.8,28.6,34,41.1,54.6,58.7,65.2,68.5,66.5,54.9,44.9,45.1,43.3,39.4,34.9,14.2,
嘉義,2024/02/11 00:00:00,PM10,56,59,55,63,63,54,47,43,34,26,32,25,27,15,30,48,55,56,60,61,61,61,58,57,
嘉義,2024/02/11 00:00:00,PM2.5,41,44,47,47,49,46,40,33,26,24,20,21,17,11,16,19,19,21,23,26,27,29,28,33,
嘉義,2024/02/11 00:00:00,RAINFALL,0,0,0,0,0,0,0,0,0,0,0,0,0,0,0,0,0,0,0,0,0,0,0,0,
嘉義,2024/02/11 00:00:00,RH,68,70,71,73,78,76,76,71,62,55,50,44,32,*,*,*,32,40,46,50,57,61,62,69,
嘉義,2024/02/11 00:00:00,SO2,1.7,1.6,1.7,1.7,1.6,1.7,1.7,1.9,2.2,2.2,2.2,2.2,2,1.7,2,2.5,2.9,2.8,2.8,2.5,2.2,1.9,2,1.8,
嘉義,2024/02/11 00:00:00,THC,2.27,2.28,2.32,2.35,2.36,2.35,2.32,2.27,2.21,2.21,2.16,2.11,2.06,2.03,2.03,2.08,2.17,2.24,2.2,2.15,2.18,2.23,2.26,2.35,
嘉義,2024/02/11 00:00:00,WD_HR,358,4,19,2,5,28,2,33,20,37,340,349,349,350,339,338,351,356,354,9,5,11,39,102,
嘉義,2024/02/11 00:00:00,WIND_DIREC,343,359,352,4,11,350,14,4,16,15,331,345,10,356,344,327,11,358,356,9,357,39,38,110,
嘉義,2024/02/11 00:00:00,WIND_SPEED,2.3,1.6,2.1,2.1,2.3,2.3,2.1,3,3.1,2.2,2.4,2.3,2.5,2.4,3.4,3.9,3.4,3.4,1.9,2.8,2.2,1.8,1.1,0.9,
嘉義,2024/02/11 00:00:00,WS_HR,2.1,1.9,1.3,1.7,2,1.5,2.1,2,2.1,2,2,2.4,2.2,2.5,2.5,3.2,3.4,3.1,1.8,2.7,2.3,1.7,1,0.8,
嘉義,2024/02/12 00:00:00,AMB_TEMP,14.6,13.7,13.6,13.4,13.3,12.6,12.8,13.3,15.4,18.2,20,21.3,22.6,23.2,23.1,22.9,21.6,20.5,18.8,17.9,17.2,16.8,16.3,15.5,
嘉義,2024/02/12 00:00:00,CH4,2.2,2.28,2.24,2.18,2.37,2.38,2.31,2.24,2.11,2.1,2.09,2.08,2.05,2.01,2,2,2.02,2.06,2.09,2.14,2.17,2.19,2.17,2.26,
嘉義,2024/02/12 00:00:00,CO,0.48,0.47,0.4,0.32,0.4,0.37,0.36,0.36,0.35,0.37,0.33,0.32,0.3,0.29,0.27,0.28,0.31,0.37,0.41,0.5,0.52,0.54,0.51,0.5,
嘉義,2024/02/12 00:00:00,NMHC,0.14,0.13,0.1,0.08,0.11,0.12,0.1,0.16,0.07,0.05,0.04,0.03,0.03,0.02,0.01,0.02,0.03,0.05,0.06,0.09,0.11,0.11,0.12,0.1,
嘉義,2024/02/12 00:00:00,NO,0.5,1.2,0.5,0.3,0.7,1.2,0.5,1.1,1.6,1.5,0.9,0.6,0.5,0.5,0.4,0.5,0.4,0.5,0.2,0.3,0.4,0.3,0.2,0.4,
嘉義,2024/02/12 00:00:00,NO2,14.8,15.4,11.3,7.4,8.7,11.8,8.8,8,5.9,5.7,5.3,4.7,4.1,3.5,3.6,3.8,5.8,9.9,11,14,17.1,18,17.5,15.6,
嘉義,2024/02/12 00:00:00,NOx,15.3,16.6,11.8,7.7,9.5,13.1,9.3,9.1,7.6,7.2,6.3,5.3,4.7,4.1,4,4.4,6.2,10.4,11.2,14.3,17.5,18.3,17.8,16,
嘉義,2024/02/12 00:00:00,O3,11.9,5,7.4,16.7,15.2,4.7,4.8,12.8,26.3,40.2,51.4,58.3,63.5,65.4,64.8,63.1,62.5,57.7,55.9,46.7,36.9,32.1,24.9,21.9,
嘉義,2024/02/12 00:00:00,PM10,49,44,36,38,39,38,23,37,31,33,42,37,34,25,27,36,52,63,63,77,80,84,72,79,
嘉義,2024/02/12 00:00:00,PM2.5,31,27,21,20,23,21,19,20,17,16,20,20,18,16,13,22,24,31,39,48,46,49,47,50,
嘉義,2024/02/12 00:00:00,RAINFALL,0,0,0,0,0,0,0,0,0,0,0,0,0,0,0,0,0,0,0,0,0,0,0,0,
嘉義,2024/02/12 00:00:00,RH,73,79,81,80,81,85,86,85,73,57,51,45,38,33,32,34,42,47,58,63,66,68,68,74,
嘉義,2024/02/12 00:00:00,SO2,1.3,1,0.9,1,1,0.9,1,1,1.2,1.3,1.8,1.7,1.8,1.8,1.8,1.6,1.7,2.5,2,1.7,1.5,1.7,1.7,1.5,
嘉義,2024/02/12 00:00:00,THC,2.34,2.41,2.34,2.26,2.48,2.5,2.41,2.4,2.18,2.15,2.13,2.11,2.08,2.03,2.01,2.02,2.05,2.11,2.15,2.23,2.28,2.3,2.29,2.36,
嘉義,2024/02/12 00:00:00,WD_HR,115,118,106,111,331,184,109,100,105,296,271,272,272,294,301,315,332,353,5,7,33,17,14,21,
嘉義,2024/02/12 00:00:00,WIND_DIREC,100,110,104,113,358,129,103,105,58,264,263,258,288,299,311,329,325,2,357,13,51,9,5,42,
嘉義,2024/02/12 00:00:00,WIND_SPEED,0.6,0.7,0.9,0.7,0.6,0.6,1.3,1,0.7,1.7,2.7,2.9,2.7,3.2,3.6,3.5,2,2.6,2.1,1.8,1.9,2,1.7,1.7,
嘉義,2024/02/12 00:00:00,WS_HR,0.7,0.5,1,0.7,0.3,0.5,1,0.9,0.3,0.6,1.9,2.3,2.2,2.5,2.7,2.9,2.7,2.2,2.3,1.7,1.4,1.3,1.2,1.8,
嘉義,2024/02/13 00:00:00,AMB_TEMP,15.2,15,14.8,14.4,14.3,14,13.5,13.9,15.6,17.9,20.2,22.3,23.5,24.1,24.5,24.6,24,22.7,21.3,20.2,19.2,17.9,17,16.4,
嘉義,2024/02/13 00:00:00,CH4,2.17,2.13,2.44,2.36,2.36,2.4,2.4,2.33,2.19,2.16,2.12,2.05,2.02,2.01,2.07,2.14,2.01,2.02,2.07,2.07,2.06,2.07,2.14,2.17,
嘉義,2024/02/13 00:00:00,CO,0.46,0.4,0.48,0.39,0.35,0.34,0.36,0.45,0.42,0.39,0.35,0.3,0.26,0.23,0.23,0.25,0.26,0.32,0.4,0.43,0.44,0.36,0.36,0.41,
嘉義,2024/02/13 00:00:00,NMHC,0.09,0.07,0.14,0.12,0.13,0.11,0.12,0.15,0.11,0.1,0.07,0.04,0.03,0.02,0.03,0.05,0.03,0.05,0.08,0.1,0.11,0.08,0.08,0.11,
嘉義,2024/02/13 00:00:00,NO,0.3,0.6,0.7,1,0.7,0.5,0.8,2.6,3.2,2.9,2.5,1.4,1.1,1,0.8,1,0.9,0.7,0.5,0.5,0.5,0.5,0.7,0.9,
嘉義,2024/02/13 00:00:00,NO2,13,10.5,13.4,12.9,10.2,10.4,10.3,12.7,9.9,8.6,7.4,5.2,4,2.9,3.2,4.1,4.7,6.7,10,12.1,13,12.4,11.2,13.5,
嘉義,2024/02/13 00:00:00,NOx,13.3,11.1,14.2,14,10.9,11,11.1,15.3,13.1,11.6,9.9,6.7,5.2,3.9,4.1,5.1,5.7,7.4,10.5,12.6,13.5,13,12,14.4,
嘉義,2024/02/13 00:00:00,O3,32,31.8,15.7,11.8,12.8,14.7,12.4,15.1,27.3,33.5,39.6,55.1,59.5,61.7,64.3,64.2,59.1,53.5,47.2,42,37.4,29.7,23.8,18,
嘉義,2024/02/13 00:00:00,PM10,86,77,63,38,28,32,29,46,52,33,32,35,30,24,25,32,30,37,38,49,38,31,41,32,
嘉義,2024/02/13 00:00:00,PM2.5,54,50,37,18,19,18,20,33,32,27,23,20,17,17,19,17,18,17,20,24,26,21,25,22,
嘉義,2024/02/13 00:00:00,RAINFALL,0,0,0,0,0,0,0,0,0,0,0,0,0,0,0,0,0,0,0,0,0,0,0,0,
嘉義,2024/02/13 00:00:00,RH,78,77,75,70,69,69,70,71,61,51,42,33,*,*,*,*,*,*,32,36,38,54,59,61,
嘉義,2024/02/13 00:00:00,SO2,1.7,1.5,1.3,1.2,1.1,1.1,1.1,1.3,1.6,1.9,1.5,1.7,1.5,1.5,1.7,1.7,1.7,1.7,1.6,1.6,1.6,1.3,1.2,1.3,
嘉義,2024/02/13 00:00:00,THC,2.26,2.2,2.58,2.48,2.49,2.51,2.52,2.48,2.3,2.26,2.19,2.09,2.05,2.03,2.1,2.19,2.04,2.07,2.15,2.17,2.17,2.15,2.22,2.28,
嘉義,2024/02/13 00:00:00,WD_HR,59,73,353,355,44,357,337,343,344,350,335,350,346,350,10,358,356,354,7,49,85,113,116,113,
嘉義,2024/02/13 00:00:00,WIND_DIREC,81,3,341,352,82,114,341,343,343,4,342,350,358,18,351,19,350,351,18,53,117,109,117,117,
嘉義,2024/02/13 00:00:00,WIND_SPEED,1.6,0.8,0.9,1.1,0.6,0.6,1.3,1.4,1.7,2.1,2.7,3.5,3.3,3.4,3.4,3,3.6,2.8,2,1.7,1.2,1,0.8,0.7,
嘉義,2024/02/13 00:00:00,WS_HR,1.6,1.1,0.8,0.7,0.5,0.6,0.9,1.3,1.4,1.7,2,2.8,3,2.8,2.3,3,3,2.8,2.3,1.6,1.5,0.9,0.8,0.8,
嘉義,2024/02/14 00:00:00,AMB_TEMP,16,16,15.8,15.6,15.4,15.5,15.4,16.2,19.2,22.5,24.3,25.2,26.1,26.6,26.9,27.2,26.5,24.7,23,22.1,21.3,20.6,19.6,19,
嘉義,2024/02/14 00:00:00,CH4,2.16,2.15,2.39,2.34,2.25,2.06,2,2.05,2.17,2.05,1.98,1.96,1.96,1.96,1.96,1.97,2.02,2.03,2.07,2.07,2.08,2.09,2.09,2.06,
嘉義,2024/02/14 00:00:00,CO,0.36,0.35,0.41,0.33,0.3,0.22,0.2,0.3,0.53,0.4,0.25,0.22,0.21,0.2,0.19,0.21,0.25,0.33,0.4,0.43,0.43,0.44,0.39,0.31,
嘉義,2024/02/14 00:00:00,NMHC,0.12,0.14,0.18,0.16,0.24,0.12,0.1,0.28,0.25,0.11,0.04,0.02,0.02,0.01,0.01,0.02,0.04,0.05,0.09,0.1,0.11,0.13,0.1,0.09,
嘉義,2024/02/14 00:00:00,NO,0.6,0.6,0.5,0.6,0.5,0.4,0.4,0.8,2.7,2.1,1.3,0.8,0.5,0.7,0.6,0.6,0.6,0.5,0.4,0.4,0.5,0.4,0.5,0.4,
嘉義,2024/02/14 00:00:00,NO2,12.4,12.5,13.1,10.9,8.8,5.2,4.4,6.2,11,9.3,5.1,3.1,2.9,2.7,2.3,3.1,5.8,7.6,9.3,12.6,13.7,15.2,13.8,10.4,
嘉義,2024/02/14 00:00:00,NOx,13,13.1,13.7,11.5,9.4,5.7,4.8,7.1,13.8,11.5,6.5,4,3.4,3.4,2.9,3.7,6.4,8.2,9.7,13.1,14.2,15.6,14.3,10.8,
嘉義,2024/02/14 00:00:00,O3,19.2,15.3,9.8,15,14.3,25.6,27.2,24.6,27.4,42.8,48.4,53.1,56.4,58.8,59.6,60.6,59.9,51,43,33.2,28.6,23.5,21.2,23.3,
嘉義,2024/02/14 00:00:00,PM10,26,21,27,18,23,14,10,17,24,18,25,20,15,16,16,15,37,37,41,45,50,42,37,25,
嘉義,2024/02/14 00:00:00,PM2.5,15,15,18,14,14,11,7,10,16,14,13,9,10,8,11,9,17,21,23,26,25,21,21,17,
嘉義,2024/02/14 00:00:00,RAINFALL,0,0,0,0,0,0,0,0,0,0,0,0,0,0,0,0,0,0,0,0,0,0,0,0,
嘉義,2024/02/14 00:00:00,RH,62,63,65,64,65,62,60,59,49,35,32,*,*,*,*,*,34,42,47,52,58,60,64,67,
嘉義,2024/02/14 00:00:00,SO2,1.5,1.4,1.4,1.5,1.5,1.4,1.3,1.5,1.9,1.8,2.1,1.6,1.7,1.7,1.7,1.9,2.8,2.9,2.4,2.9,2.9,2.6,1.9,1.6,
嘉義,2024/02/14 00:00:00,THC,2.28,2.29,2.57,2.5,2.49,2.18,2.1,2.33,2.42,2.16,2.02,1.98,1.98,1.97,1.97,1.99,2.06,2.08,2.16,2.17,2.19,2.22,2.19,2.15,
嘉義,2024/02/14 00:00:00,WD_HR,108,110,67,101,108,115,107,86,67,34,2,28,351,314,297,324,331,353,13,12,8,76,116,111,
嘉義,2024/02/14 00:00:00,WIND_DIREC,112,112,118,108,102,118,102,63,76,37,14,54,339,317,276,7,325,10,7,14,27,109,110,134,
嘉義,2024/02/14 00:00:00,WIND_SPEED,1.4,0.6,0.8,0.8,0.9,1.3,1.1,1,1.2,1.8,2.7,2.6,2.6,2.9,2.1,1.8,3.3,3,2.2,1.9,1.5,1.4,1.5,0.6,
嘉義,2024/02/14 00:00:00,WS_HR,1,1,0.5,0.8,0.9,1.2,1.3,1,1,1.3,2.4,2.1,1.9,2.2,2,1.5,2.9,2.8,2.1,1.9,1.9,1.5,1.3,1,
嘉義,2024/02/15 00:00:00,AMB_TEMP,18.8,18.6,18.4,18.3,18.3,18,17.9,18.5,21,23.8,25.2,26.8,27.8,28.5,29,28.1,27,25.5,24.3,23.6,23,22.3,21.8,21.2,
嘉義,2024/02/15 00:00:00,CH4,2.09,2.32,2.21,2.05,2.21,2.08,2.11,2.14,2.19,2.13,2.03,2.01,1.96,1.95,#,1.96,1.95,1.99,2.02,2.04,2.09,2.1,2.1,2.1,
嘉義,2024/02/15 00:00:00,CO,0.33,0.44,0.32,0.22,0.27,0.25,0.29,0.49,0.71,0.53,0.33,0.3,0.22,0.2,0.26,0.25,#,0.36,0.42,0.4,0.37,0.46,0.39,0.35,
嘉義,2024/02/15 00:00:00,NMHC,0.14,0.23,0.17,0.1,0.17,0.12,0.11,0.15,0.29,0.15,0.06,0.06,0.02,0,#,0.02,0.04,0.06,0.1,0.1,0.08,0.16,0.12,0.11,
嘉義,2024/02/15 00:00:00,NO,0.5,1.1,0.8,0.8,0.9,0.8,0.8,2.5,5.7,4.9,2.7,2.5,1.7,0.9,1,0.9,#,1,0.9,0.9,0.8,0.9,0.8,0.9,
嘉義,2024/02/15 00:00:00,NO2,8.9,15.4,11.3,4,5.5,5.2,6.4,12.1,16.3,14.3,7.8,7.9,4.4,1.9,2.4,3.2,#,7,10.3,13.6,11.5,15.1,12.1,10.7,
嘉義,2024/02/15 00:00:00,NOx,9.5,16.5,12.2,4.8,6.5,6.1,7.2,14.6,22.1,19.3,10.5,10.5,6.2,2.8,3.5,4.1,#,8,11.2,14.6,12.3,16,12.9,11.6,
嘉義,2024/02/15 00:00:00,O3,21,9.2,12.8,29.5,21.8,24,20.4,14.1,19.9,35.3,43.4,47,50.7,53.5,51.5,#,38.7,36.9,29.8,24.9,22.9,16.3,18.2,12.3,
嘉義,2024/02/15 00:00:00,PM10,27,31,21,18,17,21,21,22,28,43,37,31,24,14,21,#,23,28,39,39,42,42,39,32,
嘉義,2024/02/15 00:00:00,PM2.5,16,18,17,14,16,11,12,15,20,31,18,20,12,10,#,14,12,18,18,20,18,22,16,19,
嘉義,2024/02/15 00:00:00,RAINFALL,0,0,0,0,0,0,0,0,0,0,0,0,0,0,#,#,0,0,0,0,0,0,0,0,
嘉義,2024/02/15 00:00:00,RH,68,70,71,71,72,74,75,74,64,49,44,41,38,36,37,42,46,55,62,65,69,73,75,80,
嘉義,2024/02/15 00:00:00,SO2,1.5,1.2,1.1,1.1,1.2,1.2,1,1.2,1.7,2.8,2.1,2.2,1.9,1.9,1.8,2.1,#,1.9,2,2.1,1.6,1.9,1.8,1.6,
嘉義,2024/02/15 00:00:00,THC,2.23,2.55,2.38,2.15,2.38,2.2,2.22,2.29,2.48,2.28,2.09,2.07,1.98,1.95,#,1.98,1.99,2.05,2.12,2.14,2.17,2.26,2.22,2.21,
嘉義,2024/02/15 00:00:00,WD_HR,104,107,108,103,100,127,130,82,4,5,15,349,316,306,306,300,317,353,359,12,6,64,78,69,
嘉義,2024/02/15 00:00:00,WIND_DIREC,100,118,106,91,168,120,276,40,0,1,324,330,274,297,317,308,337,11,13,4,14,77,93,12,
嘉義,2024/02/15 00:00:00,WIND_SPEED,1,0.9,1.2,0.8,0.6,1.2,0.6,0.7,2,2.6,2,2.2,2.1,2,3.3,3.2,2.6,2.6,2.1,2.9,2,1.8,1.5,1.5,
嘉義,2024/02/15 00:00:00,WS_HR,0.9,0.8,1.1,1.1,0.4,0.7,0.3,0.6,0.6,2.2,1.8,1.5,1.4,1.6,1.8,3,3.1,2.5,2.3,2.1,2.1,1.5,1.7,0.4,
嘉義,2024/02/16 00:00:00,AMB_TEMP,21.3,20.8,19.5,18.5,18,17.6,17.2,17,17.4,17.8,18.8,19.5,21,22.6,23.3,22.5,21.5,20.2,19.1,18.4,17.8,17.6,17.9,17.9,
嘉義,2024/02/16 00:00:00,CH4,2.26,2.19,2.13,2.1,2.1,2.08,2.07,2.06,2.06,2.07,2.05,2.05,2.04,2.05,2.02,2.01,2.01,2.01,2.02,2.04,2.07,2.08,2.07,2.09,
嘉義,2024/02/16 00:00:00,CO,0.39,0.34,0.48,0.39,0.34,0.32,0.34,0.36,0.38,0.37,0.36,0.36,0.34,0.33,0.28,0.27,0.31,0.34,0.35,0.35,0.44,0.45,0.38,0.34,
嘉義,2024/02/16 00:00:00,NMHC,0.17,0.1,0.06,0.05,0.05,0.05,0.05,0.05,0.08,0.08,0.11,0.1,0.08,0.05,0.04,0.04,0.06,0.07,0.09,0.09,0.09,0.1,0.12,0.14,
嘉義,2024/02/16 00:00:00,NO,1,0.7,0.4,0.6,0.6,0.5,0.6,1,2.4,3,4.3,4.3,3.9,2.9,1.6,1.4,1.2,0.9,0.8,0.6,0.8,0.8,0.6,0.7,
嘉義,2024/02/16 00:00:00,NO2,14.2,15,13.1,11.2,10.1,8.3,9.4,9.3,11.2,11.2,12.1,10.4,9.8,9.3,7.1,7.1,8.7,10.3,12.3,12.9,16.7,18.2,17.6,17.8,
嘉義,2024/02/16 00:00:00,NOx,15.3,15.8,13.6,11.9,10.7,8.8,10,10.3,13.6,14.2,16.5,14.8,13.7,12.3,8.7,8.5,9.9,11.3,13.1,13.6,17.6,19,18.3,18.5,
嘉義,2024/02/16 00:00:00,O3,7.3,12.2,16.6,20.1,19.1,21.9,20,19.8,15.9,17.2,19.8,25.1,31.6,42.7,55.4,53.4,48.6,44.9,36.1,28.6,18.3,15.7,13.8,11.9,
嘉義,2024/02/16 00:00:00,PM10,42,42,71,68,68,62,52,42,39,42,43,35,39,38,51,60,58,55,45,46,50,46,45,48,
嘉義,2024/02/16 00:00:00,PM2.5,20,21,37,33,33,32,28,28,23,25,27,29,25,25,25,23,24,22,19,21,22,21,23,21,
嘉義,2024/02/16 00:00:00,RAINFALL,0,0,0,0,0,0,0,0,0,0,0,0,0,0,0,0,0,0,0,0,0,0,0,0,
嘉義,2024/02/16 00:00:00,RH,80,83,86,88,88,87,87,88,87,86,83,77,70,64,60,63,65,69,74,78,81,81,79,79,
嘉義,2024/02/16 00:00:00,SO2,1.7,1.7,2.2,2.2,1.8,1.6,1.8,1.5,1.3,1.2,1.2,1.2,1.3,1.8,2.1,2.1,1.9,1.7,1.8,1.9,2.7,2.9,2.2,1.8,
嘉義,2024/02/16 00:00:00,THC,2.43,2.29,2.19,2.15,2.15,2.13,2.12,2.11,2.14,2.15,2.16,2.15,2.12,2.1,2.06,2.05,2.07,2.08,2.11,2.13,2.16,2.18,2.19,2.23,
嘉義,2024/02/16 00:00:00,WD_HR,3,358,358,4,11,3,1,9,1,8,14,355,341,332,339,346,350,0,359,348,350,6,33,353,
嘉義,2024/02/16 00:00:00,WIND_DIREC,7,2,8,2,26,9,3,1,3,12,334,51,338,323,336,1,358,357,350,348,357,347,67,317,
嘉義,2024/02/16 00:00:00,WIND_SPEED,2.2,2.9,2.4,2.9,2.6,2.9,2.8,2.7,2.1,1.8,2.5,2,1.9,3.8,3.8,2.9,3.5,3,2.8,3,2.4,1.9,1.2,1.7,
嘉義,2024/02/16 00:00:00,WS_HR,2.3,2.1,2.3,2.6,2.7,2.3,2.6,2.5,1.9,2.1,1.6,1.8,1.5,2.3,3.4,3.4,3.5,2.8,2.6,2.7,2.1,1.7,1,0.7,
嘉義,2024/02/17 00:00:00,AMB_TEMP,17.2,17.2,17.1,17,16.9,16.6,16.2,16.8,17.5,18.8,21.3,23.2,24.5,25.4,25.2,24.3,23.4,21.8,20.7,19.9,19.3,19.5,19.3,19.1,
嘉義,2024/02/17 00:00:00,CH4,2.12,2.13,2.19,2.18,2.17,2.17,2.23,2.27,2.32,2.18,2.17,2.14,2.09,2.07,2.02,2,2,2.02,2.06,2.12,2.13,2.13,2.15,2.2,
嘉義,2024/02/17 00:00:00,CO,0.31,0.27,0.28,0.3,0.29,0.31,0.3,0.41,0.49,0.4,0.46,0.43,0.37,0.33,0.27,0.23,0.24,0.26,0.43,0.53,0.36,0.35,0.37,0.4,
嘉義,2024/02/17 00:00:00,NMHC,0.09,0.09,0.1,0.09,0.11,0.12,0.1,0.18,0.2,0.12,0.16,0.13,0.08,0.04,0.03,0.02,0.04,0.03,0.1,0.15,0.09,0.1,0.09,0.11,
嘉義,2024/02/17 00:00:00,NO,0.6,0,0.1,0.1,0.1,0.1,0.8,4.8,12.2,6.8,3.5,2.3,0.9,0.4,0.3,0.3,0.4,0,0,0.1,0,0,0,0,
嘉義,2024/02/17 00:00:00,NO2,17.4,15.7,15.3,16.5,15.5,14.6,15.9,14.6,16.3,12.6,15,14.3,9.6,7.2,5.4,4.8,6.3,6.7,8.8,10.9,11.9,13.5,12.2,13.2,
嘉義,2024/02/17 00:00:00,NOx,18.1,15.7,15.4,16.6,15.7,14.7,16.8,19.4,28.6,19.4,18.5,16.6,10.6,7.6,5.8,5.2,6.8,6.7,8.8,11,11.9,13.3,12.1,13.2,
嘉義,2024/02/17 00:00:00,O3,11.3,11.2,9.7,7,7,5.4,4.3,6.3,9.1,25,41.7,54.3,65,68.6,64.1,55.6,50,45.7,41.1,34.9,29.2,25.9,23.3,18.4,
嘉義,2024/02/17 00:00:00,PM10,40,38,38,36,35,43,30,38,47,61,75,71,59,46,88,72,54,46,53,67,75,85,85,79,
嘉義,2024/02/17 00:00:00,PM2.5,20,18,23,21,23,24,21,27,28,37,55,48,41,31,51,32,24,24,23,30,38,40,41,41,
嘉義,2024/02/17 00:00:00,RAINFALL,0,0,0,0,0,0,0,0,0,0,0,0,0,0,0,0,0,0,0,0,0,0,0,0,
嘉義,2024/02/17 00:00:00,RH,83,84,85,85,86,87,88,87,85,79,66,60,57,54,60,62,65,71,76,81,86,86,86,87,
嘉義,2024/02/17 00:00:00,SO2,2.1,2.3,2.2,2,1.7,1.4,1.5,2.6,2.5,2.8,2.9,2.6,2.7,2.5,2.5,1.9,1.7,1.6,1.4,1.3,1.8,1.9,1.8,1.6,
嘉義,2024/02/17 00:00:00,THC,2.21,2.22,2.29,2.27,2.28,2.29,2.33,2.45,2.52,2.3,2.33,2.27,2.17,2.11,2.05,2.02,2.04,2.05,2.16,2.27,2.22,2.23,2.24,2.31,
嘉義,2024/02/17 00:00:00,WD_HR,336,355,351,8,71,354,336,51,327,333,33,3,331,340,332,332,333,336,352,347,11,68,56,75,
嘉義,2024/02/17 00:00:00,WIND_DIREC,9,9,3,62,40,325,46,3,297,347,60,341,347,314,333,321,329,358,344,354,47,60,30,111,
嘉義,2024/02/17 00:00:00,WIND_SPEED,2.5,1.6,1.8,1.3,1.5,1.7,1.1,1.3,2,1.8,2.5,2.7,2.7,3.5,4.4,3.9,3.2,2.7,2.7,1.9,1.4,1.6,1.4,0.8,
嘉義,2024/02/17 00:00:00,WS_HR,1.9,1.7,1.4,1.3,1.6,1.2,1.1,1,1.2,1.4,1.5,1.7,2.5,2.6,3.7,3.6,3.4,2.7,2.4,2,1.4,1.5,1.1,0.8,
嘉義,2024/02/18 00:00:00,AMB_TEMP,18.8,18.5,18.4,18.2,18,18,17.8,18,19.5,22.1,24.2,25.5,26.4,27.4,28.1,28.5,28.6,28.4,27,25.6,24.7,24.7,24.2,23.2,
嘉義,2024/02/18 00:00:00,CH4,2.31,2.3,2.26,2.46,2.43,2.42,2.39,2.42,2.23,2.03,1.98,1.96,1.96,1.96,1.96,1.98,1.99,1.95,1.95,1.98,1.99,1.96,1.98,2.07,
嘉義,2024/02/18 00:00:00,CO,0.54,0.63,0.54,0.54,0.43,0.45,0.47,0.49,0.46,0.37,0.26,0.25,0.24,0.22,0.22,0.24,0.31,0.28,0.26,0.29,0.33,0.19,0.19,0.28,
嘉義,2024/02/18 00:00:00,NMHC,0.18,0.17,0.11,0.16,0.12,0.17,0.15,0.17,0.15,0.09,0.04,0.02,0.02,0,0.01,0.01,0.03,0.02,0.04,0.05,0.08,0.01,0.01,0.11,
嘉義,2024/02/18 00:00:00,NO,0.1,2.4,2,2.8,1.8,1.6,2.5,6.9,7.2,3,1.9,1.3,1.3,1,1.1,0.9,1.1,1,1.1,1.1,0.9,0.9,1,1.1,
嘉義,2024/02/18 00:00:00,NO2,15.4,19.5,14.1,13.3,10.9,10.3,11.9,12.6,10.4,6.6,4.7,3.4,3.2,2.5,2.6,3.1,4.3,5.9,7.4,9.1,10,5.3,4.9,7.9,
嘉義,2024/02/18 00:00:00,NOx,15.5,21.9,16.1,16.1,12.8,12,14.5,19.5,17.6,9.6,6.6,4.7,4.6,3.6,3.7,4.1,5.4,7,8.6,10.2,11,6.2,5.9,9.1,
嘉義,2024/02/18 00:00:00,O3,7.9,0.8,2.9,1.6,2.9,3,3.5,4.9,16.6,31.6,43,52.4,59.1,61.1,60.9,64.8,77,54.9,25.6,21.6,23,22.8,21,13.5,
嘉義,2024/02/18 00:00:00,PM10,101,107,83,83,55,56,51,62,57,30,24,17,27,26,26,28,44,34,21,23,23,12,9,12,
嘉義,2024/02/18 00:00:00,PM2.5,59,85,64,63,44,41,37,44,36,22,17,10,13,16,16,15,20,14,10,8,11,5,2,6,
嘉義,2024/02/18 00:00:00,RAINFALL,0,0,0,0,0,0,0,0,0,0,0,0,0,0,0,0,0,0,0,0,0,0,0,0,
嘉義,2024/02/18 00:00:00,RH,88,89,89,89,88,88,89,89,84,67,55,50,47,45,44,45,48,49,54,60,65,64,65,70,
嘉義,2024/02/18 00:00:00,SO2,1.9,5,4.7,3.9,2.7,2.2,1.9,3.1,3,2.3,2,2.1,2,1.8,1.8,2,2.3,2.7,2.1,2.1,1.9,1.8,1.6,1.5,
嘉義,2024/02/18 00:00:00,THC,2.49,2.47,2.37,2.62,2.55,2.59,2.54,2.59,2.38,2.12,2.02,1.98,1.98,1.96,1.97,1.99,2.02,1.97,1.99,2.03,2.07,1.97,1.99,2.18,
嘉義,2024/02/18 00:00:00,WD_HR,182,124,100,24,1,24,352,34,58,53,0,343,284,249,242,259,247,239,221,136,192,218,232,104,
嘉義,2024/02/18 00:00:00,WIND_DIREC,178,110,76,342,107,343,5,52,68,63,359,322,282,256,227,278,233,237,147,123,231,223,255,86,
嘉義,2024/02/18 00:00:00,WIND_SPEED,0.8,0.8,0.6,1.2,0.8,1,2.5,1.6,1.2,2.2,2.2,2.1,1.8,1.8,2.2,2.5,3.7,2.3,1.1,1.2,2.4,1.4,0.9,0.7,
嘉義,2024/02/18 00:00:00,WS_HR,0.6,0.6,0.5,0.8,0.6,0.4,1.4,1,1.2,1.2,1.7,1.6,1.7,0.8,1.8,2.1,1.9,2.6,1.4,0.8,0.8,1.7,1.4,0.8,
嘉義,2024/02/19 00:00:00,AMB_TEMP,22.4,21.8,20.9,20.8,20.8,20.5,20.1,21.2,24.2,26.5,27.9,28.4,29.3,29.9,29.9,28.9,28,26.8,25.8,24.8,24.2,23.7,23.8,23.8,
嘉義,2024/02/19 00:00:00,CH4,2.28,2.22,2.06,2.04,2.31,2.3,2.04,1.99,1.96,1.94,1.92,1.91,1.91,1.92,1.91,1.9,1.9,1.91,1.92,1.93,2.01,2.03,2.09,2.09,
嘉義,2024/02/19 00:00:00,CO,0.41,0.37,0.22,0.18,0.27,0.29,0.26,0.37,0.32,0.19,0.18,0.18,0.19,0.19,0.16,0.16,0.19,0.2,0.22,0.2,0.24,0.22,0.25,0.21,
嘉義,2024/02/19 00:00:00,NMHC,0.14,0.13,0.05,0.1,0.19,0.21,0.09,0.09,0.07,0.03,0.02,0.01,0.01,0.03,0.01,0,0.01,0.02,0.03,0.02,0.04,0.03,0.07,0.05,
嘉義,2024/02/19 00:00:00,NO,1.2,1,0.7,0.7,0.5,0.8,0.7,3.7,6.2,3.1,1.4,1.3,1.1,0.9,1.3,1.3,1.7,1.4,1,0.7,0.9,0.8,0.9,0.7,
嘉義,2024/02/19 00:00:00,NO2,12.2,12.1,8.6,5,7.7,9.5,9.2,11.8,11.2,5.8,3.6,2.9,3.2,4.2,3.9,3.1,4.6,6.5,8.1,7.8,8.9,8.9,11.1,10.2,
嘉義,2024/02/19 00:00:00,NOx,13.4,13.1,9.4,5.8,8.2,10.3,9.9,15.5,17.5,8.9,5.1,4.3,4.3,5.1,5.2,4.5,6.3,7.9,9.1,8.5,9.8,9.8,12,10.9,
嘉義,2024/02/19 00:00:00,O3,10.9,13.4,12.5,15.7,7.8,5.4,9.6,9.9,15.4,26.7,33.8,38.5,44.3,56.4,41,36,30,27,23.3,20.5,15,14.1,10.2,12.5,
嘉義,2024/02/19 00:00:00,PM10,21,23,9,9,12,17,10,14,17,24,33,19,17,#,18,23,22,19,25,27,22,24,25,18,
嘉義,2024/02/19 00:00:00,PM2.5,17,16,11,8,8,12,12,8,7,9,7,8,8,#,7,7,8,8,8,7,10,11,9,9,
嘉義,2024/02/19 00:00:00,RAINFALL,0,0,0,0,0,0,0,0,0,0,0,0,0,0,0,0,0,0,0,0,0,0,0,0,
嘉義,2024/02/19 00:00:00,RH,75,80,81,77,79,84,81,73,59,54,52,50,46,46,49,53,57,66,74,86,87,87,89,91,
嘉義,2024/02/19 00:00:00,SO2,1.6,1.3,1.1,1.1,1.2,1,1.1,1.2,1.2,1.2,1.1,1.4,1.6,1.8,1.4,1.1,1.1,1.1,1.1,1.1,0.9,1,1.1,1,
嘉義,2024/02/19 00:00:00,THC,2.42,2.35,2.11,2.14,2.5,2.51,2.13,2.08,2.03,1.97,1.94,1.92,1.92,1.95,1.92,1.9,1.91,1.93,1.95,1.95,2.05,2.06,2.16,2.14,
嘉義,2024/02/19 00:00:00,WD_HR,26,109,117,104,88,115,107,109,134,224,231,237,252,256,286,277,254,243,248,228,184,238,305,305,
嘉義,2024/02/19 00:00:00,WIND_DIREC,25,107,119,102,103,113,108,112,209,236,234,240,248,292,292,253,249,243,246,103,217,279,318,168,
嘉義,2024/02/19 00:00:00,WIND_SPEED,0.8,1,1.2,1.3,1.2,0.9,1.5,1.8,1.6,2.4,2.6,2.5,2.4,3,3.5,3.3,3.1,2.4,2.4,0.9,1.5,1.8,1,1.5,
嘉義,2024/02/19 00:00:00,WS_HR,0.8,0.8,0.9,1.1,0.7,1,1.2,1.5,1,1.7,2,2.5,1.9,2,2.4,3,2.9,2.4,2,1.3,0.8,1.5,1.5,0.6,
嘉義,2024/02/20 00:00:00,AMB_TEMP,23.5,23.4,23.7,23.5,22.9,22.4,21.5,22.2,23.9,26.5,28.2,29.9,30.7,30.3,30.1,29.7,29,28.1,26.8,25.7,25.1,24.7,23.8,23.3,
嘉義,2024/02/20 00:00:00,CH4,2.08,1.99,1.97,2.04,2.13,2.11,2.05,2.02,2.06,1.95,1.95,1.92,1.92,1.92,1.89,1.89,1.89,1.9,1.92,1.93,1.97,2.06,2.05,2.03,
嘉義,2024/02/20 00:00:00,CO,0.21,0.17,0.16,0.18,0.21,0.23,0.23,0.37,0.71,0.32,0.18,0.15,0.16,0.17,0.14,0.14,0.16,0.18,0.19,0.21,0.24,0.26,0.26,0.2,
嘉義,2024/02/20 00:00:00,NMHC,0.07,0.04,0.01,0.04,0.06,0.07,0.07,0.12,0.42,0.11,0,0,0,0,0,0,0,0.01,0.02,0.03,0.05,0.08,0.08,0.06,
嘉義,2024/02/20 00:00:00,NO,0.7,0.1,0.2,0.3,0.4,0.5,0.7,2.9,9.3,4.3,1.8,1.1,1,0.7,0.8,1.2,1.5,1.1,1.4,1,0.7,0.3,0.8,0.5,
嘉義,2024/02/20 00:00:00,NO2,8.6,5.9,3.4,4.8,8.2,8.3,7.8,8.6,17.3,8.3,4.9,3.3,2.8,3.9,3.2,3.3,4.1,5.7,8.9,7.5,8.3,10.1,11.9,9.2,
嘉義,2024/02/20 00:00:00,NOx,9.4,6.1,3.7,5.2,8.7,8.8,8.5,11.5,26.6,12.7,6.8,4.4,3.9,4.7,4.1,4.6,5.6,6.9,10.3,8.5,9,10.4,12.8,9.7,
嘉義,2024/02/20 00:00:00,O3,7.6,12.7,17.9,14.7,9.6,7.2,6.3,7.5,10,27.3,32.1,35.7,42.8,55.2,36.7,30.5,29.1,25.3,20,18.8,14.5,10.1,3.7,5.6,
嘉義,2024/02/20 00:00:00,PM10,19,17,19,19,20,18,17,18,30,19,15,14,21,36,29,26,27,27,22,16,21,28,19,10,
嘉義,2024/02/20 00:00:00,PM2.5,8,9,11,13,10,17,15,11,15,10,11,10,11,15,5,5,7,9,7,7,7,12,11,8,
嘉義,2024/02/20 00:00:00,RAINFALL,0,0,0,0,0,0,0,0,0,0,0,0,0,0,0,0,0,0,0,0,0,0,0,0,
嘉義,2024/02/20 00:00:00,RH,90,88,86,87,89,90,90,86,79,63,56,50,47,57,61,58,61,60,65,74,83,86,84,85,
嘉義,2024/02/20 00:00:00,SO2,1,1.3,1.1,1.1,1.5,1.3,1.2,1.3,1.3,1.5,1.7,1.6,1.5,1.8,1.4,1.3,1.3,1.4,1.4,1.1,1.1,1.2,1.2,1.1,
嘉義,2024/02/20 00:00:00,THC,2.15,2.03,1.98,2.08,2.19,2.18,2.12,2.14,2.48,2.06,1.95,1.92,1.92,1.92,1.88,1.89,1.89,1.91,1.94,1.96,2.02,2.14,2.13,2.09,
嘉義,2024/02/20 00:00:00,WD_HR,124,122,155,333,68,106,106,92,86,242,225,226,251,284,302,281,256,249,231,230,226,117,107,115,
嘉義,2024/02/20 00:00:00,WIND_DIREC,124,122,333,65,80,105,109,84,82,229,225,236,258,280,298,259,255,237,233,228,229,102,106,118,
嘉義,2024/02/20 00:00:00,WIND_SPEED,1.8,2.1,0.7,1.7,1.6,1.2,1.2,1.1,1.5,1.9,2.6,4.3,4.3,3.6,3.3,3.8,2.9,3.2,2.4,1.9,0.9,1.2,1.4,1.7,
嘉義,2024/02/20 00:00:00,WS_HR,1.1,1.6,0.3,1.8,1.9,0.9,1.2,1,1.1,0.3,1.9,2,3.2,2.7,3,3.3,3.1,2.6,2.2,1.7,1.2,0.5,1.3,1.2,
嘉義,2024/02/21 00:00:00,AMB_TEMP,22.8,22.8,22.6,22,21.7,21.5,21,21.9,24.1,26,27.5,28.5,29.6,31,31.2,31,30.6,29.5,28.2,27,25.5,24.8,24.5,23.7,
嘉義,2024/02/21 00:00:00,CH4,2,2.01,2.05,1.99,1.98,2.07,1.96,1.95,1.93,1.93,1.95,1.96,1.95,1.94,1.94,1.93,1.92,1.94,1.97,2,1.98,2,2.08,2.08,
嘉義,2024/02/21 00:00:00,CO,0.16,0.17,0.17,0.13,0.13,0.19,0.19,0.29,0.25,0.27,0.25,0.28,0.23,0.18,0.26,0.26,0.26,0.25,0.33,0.31,0.22,0.24,0.27,0.24,
嘉義,2024/02/21 00:00:00,NMHC,0.02,0.07,0.08,0.04,0.05,0.12,0.05,0.07,0.1,0.08,0.07,0.06,0.02,0.01,0.02,0.02,0.04,0.04,0.11,0.1,0.02,0.03,0.07,0.07,
嘉義,2024/02/21 00:00:00,NO,0.4,0.4,0.3,0.4,0.3,0.5,0.6,3.5,5.9,3,2.3,1.4,0.8,0.6,0.7,0.7,1.1,0.5,0.6,0.8,0.8,0.4,0.5,0.6,
嘉義,2024/02/21 00:00:00,NO2,6,6.9,6.8,5,4.7,6.8,7.9,9.5,9.8,7.1,8.6,7.3,5.8,4.1,4.6,4.9,6.1,7.5,12.1,13.2,10,7.9,9.1,9.3,
嘉義,2024/02/21 00:00:00,NOx,6.5,7.4,7.2,5.4,5,7.3,8.5,13,15.8,10.2,11,8.7,6.6,4.7,5.3,5.6,7.3,8,12.7,14,10.8,8.3,9.6,9.9,
嘉義,2024/02/21 00:00:00,O3,9.2,8.5,6.5,10.3,9,5.3,6.4,7.8,13.9,28.4,38.1,53.1,62.1,64.2,64.9,51.7,41.7,37.2,28,18.7,20.7,19.9,15,12.8,
嘉義,2024/02/21 00:00:00,PM10,14,19,13,15,11,18,13,16,21,23,30,32,26,35,40,45,56,58,82,55,31,32,28,30,
嘉義,2024/02/21 00:00:00,PM2.5,5,5,6,12,9,6,8,11,11,12,16,16,14,15,18,12,13,14,21,16,11,10,10,12,
嘉義,2024/02/21 00:00:00,RAINFALL,0,0,0,0,0,0,0,0,0,0,0,0,0,0,0,0,0,0,0,0,0,0,0,0,
嘉義,2024/02/21 00:00:00,RH,84,84,83,80,81,83,84,75,65,62,56,51,46,41,46,51,51,51,50,54,65,71,70,77,
嘉義,2024/02/21 00:00:00,SO2,1.4,1.1,1.1,1.1,1.2,1.2,1.2,1.4,1.6,1.8,2.8,2.8,2.3,1.9,2.1,1.8,1.7,1.8,2.3,2.1,1.4,1.3,1.4,1.3,
嘉義,2024/02/21 00:00:00,THC,2.02,2.08,2.13,2.03,2.03,2.19,2.01,2.02,2.03,2.01,2.02,2.02,1.97,1.95,1.96,1.95,1.96,1.98,2.08,2.1,2,2.03,2.15,2.15,
嘉義,2024/02/21 00:00:00,WD_HR,110,108,113,111,109,106,116,107,94,344,327,315,290,289,322,350,328,233,230,254,255,237,131,113,
嘉義,2024/02/21 00:00:00,WIND_DIREC,110,317,118,108,108,114,115,110,61,340,305,307,266,327,329,351,240,218,235,275,237,29,123,110,
嘉義,2024/02/21 00:00:00,WIND_SPEED,1,0.6,1.1,1.3,1.1,1.4,1.2,1.7,1,2.4,1.9,2.5,1.9,2.8,3.2,3.2,1.8,1.5,2.5,2.6,2.2,0.7,1.5,1.3,
嘉義,2024/02/21 00:00:00,WS_HR,1.1,0.6,0.7,1.3,1.1,1.2,1.4,1.3,1.3,0.8,1.5,1.9,1.3,1.9,2.6,2.6,1.6,1.7,2.3,1.9,1.5,1.1,0.8,1.2,
嘉義,2024/02/22 00:00:00,AMB_TEMP,23,22.9,22.7,22.4,21.9,21.6,21.6,22.3,24.9,26.5,27.3,27.7,28.4,28.1,27.8,27,25.5,24,23.2,22.5,21.6,21.3,20.8,20.6,
嘉義,2024/02/22 00:00:00,CH4,2.06,2.05,2.39,2.22,2.11,2.05,2.05,2,2.05,1.96,1.93,1.94,1.95,2,1.98,1.98,2.02,2.03,2.06,2.08,2.09,2.1,2.12,2.13,
嘉義,2024/02/22 00:00:00,CO,0.22,0.24,0.29,0.24,0.21,0.21,0.27,0.41,0.37,0.31,0.26,0.29,0.22,0.27,0.23,0.26,0.3,0.35,0.38,0.38,0.37,0.34,0.31,0.3,
嘉義,2024/02/22 00:00:00,NMHC,0.06,0.07,0.15,0.08,0.07,0.09,0.08,0.13,0.11,0.06,0.04,0.02,0.01,0.02,0.02,0.02,0.04,0.06,0.08,0.09,0.09,0.09,0.08,0.07,
嘉義,2024/02/22 00:00:00,NO,0.6,0.3,1.1,0.8,0.6,0.6,0.8,3.5,4.2,2.4,1.1,0.8,0.6,0.9,0.8,1,1,0.7,0.6,0.5,0.6,0.7,0.4,0.5,
嘉義,2024/02/22 00:00:00,NO2,6.6,8.7,14.1,10.9,8.9,7.5,9.6,12.6,12.1,7.7,5.2,4.7,4.4,6.1,5.2,5.1,6.4,8.4,11.6,11.9,12.5,13.3,12.9,10.4,
嘉義,2024/02/22 00:00:00,NOx,7.3,9.1,15.2,11.7,9.5,8.2,10.4,16.2,16.4,10.1,6.3,5.6,5,7.1,6.1,6.2,7.4,9.1,12.2,12.4,13.2,14.1,13.4,11,
嘉義,2024/02/22 00:00:00,O3,13.3,13.8,4.5,8.8,7.1,10.7,7.9,10.4,21.7,34.1,41.1,44.1,47.4,46.7,51.7,51.1,44.5,37.3,34,30.9,23.6,18.4,16.2,17.2,
嘉義,2024/02/22 00:00:00,PM10,26,32,32,31,27,27,27,32,38,33,34,26,34,43,50,57,46,46,50,47,43,43,36,37,
嘉義,2024/02/22 00:00:00,PM2.5,11,13,13,14,13,12,15,13,16,15,13,12,15,18,25,22,16,17,21,22,19,20,20,20,
嘉義,2024/02/22 00:00:00,RAINFALL,0,0,0,0,0,0,0,0,0,0,0,0,0,0,0,0,0,0,0,0,0,0,0,0,
嘉義,2024/02/22 00:00:00,RH,82,81,82,85,85,84,83,69,67,62,58,57,53,62,65,66,70,75,78,81,85,86,86,86,
嘉義,2024/02/22 00:00:00,SO2,1.4,1.1,2.1,1.7,1.4,1.3,1.2,1.4,1.7,2.6,2.5,1.9,1.7,2.1,2.1,1.8,1.7,1.5,2.3,2,2.3,2.6,2.7,2.2,
嘉義,2024/02/22 00:00:00,THC,2.12,2.12,2.54,2.3,2.18,2.14,2.13,2.13,2.16,2.02,1.97,1.96,1.96,2.02,2,2,2.06,2.09,2.14,2.17,2.18,2.19,2.2,2.2,
嘉義,2024/02/22 00:00:00,WD_HR,99,273,25,66,115,114,116,110,40,9,354,328,317,329,342,331,335,352,353,352,344,346,323,341,
嘉義,2024/02/22 00:00:00,WIND_DIREC,88,322,52,107,115,119,117,93,36,339,333,316,329,331,345,338,333,0,349,348,342,351,328,356,
嘉義,2024/02/22 00:00:00,WIND_SPEED,1,1.3,2.7,1.4,1.3,1.4,1.6,1.3,2.3,2.3,2.8,2.3,3.4,4,4,3.7,4.9,3.3,3.1,2.9,1.8,2.4,2.2,2.8,
嘉義,2024/02/22 00:00:00,WS_HR,0.9,0.6,2,1.5,1.1,1.4,1.2,1.4,1.9,2.2,1.8,1.8,2.1,2.8,3.7,3.5,3.6,3.3,2.8,2.8,2.4,2.2,2.2,2.5,
嘉義,2024/02/23 00:00:00,AMB_TEMP,20.5,20.2,19.6,19.3,19.3,19.4,19.2,19.8,20.4,21,22.3,23.1,24.5,26,26.6,26.4,25.8,23.5,21.2,19.9,19,18.4,17.9,17.4,
嘉義,2024/02/23 00:00:00,CH4,2.12,2.06,2.06,2.07,2.08,2.12,2.15,2.17,2.22,2.16,2.08,2.04,2.05,2.06,2.05,2.07,2.09,2.08,2.09,2.09,2.08,2.09,2.13,2.13,
嘉義,2024/02/23 00:00:00,CO,0.34,0.4,0.28,0.28,0.3,0.31,0.38,0.47,0.53,0.44,0.48,0.37,0.35,0.37,0.37,0.42,0.43,0.44,0.5,0.51,0.43,0.42,0.4,0.39,
嘉義,2024/02/23 00:00:00,NMHC,0.07,0.06,0.05,0.07,0.09,0.09,0.13,0.18,0.19,0.12,0.1,0.09,0.08,0.09,0.08,0.09,0.1,0.11,0.11,0.12,0.13,0.13,0.11,0.1,
嘉義,2024/02/23 00:00:00,NO,0.4,0.4,0.6,0.4,0.5,0.2,1.9,7.3,11.6,8,6.3,4.2,2.1,1.4,1.2,1.6,1.4,1.3,1,1,0.9,1,0.9,0.7,
嘉義,2024/02/23 00:00:00,NO2,11.1,14.7,10,9.2,10.2,10.7,12.8,14.4,16.2,11.9,12.4,10.9,9.1,9.6,10.2,11.7,13.3,15.4,18.1,18.7,17.3,17.6,17.5,16.1,
嘉義,2024/02/23 00:00:00,NOx,11.5,15.2,10.6,9.7,10.8,11,14.7,21.8,27.9,20,18.7,15.1,11.2,11,11.5,13.4,14.8,16.8,19.2,19.7,18.3,18.7,18.5,16.9,
嘉義,2024/02/23 00:00:00,O3,13,12.4,16.2,14.9,13.2,9.9,5.1,5.6,9.7,18.4,24.3,36.7,51.9,67.8,67.7,59.1,55.8,38.6,23.7,17.2,14.6,11.4,10.1,10.7,
嘉義,2024/02/23 00:00:00,PM10,34,25,14,19,27,31,40,42,45,42,41,50,46,41,43,57,67,61,61,49,37,37,27,20,
嘉義,2024/02/23 00:00:00,PM2.5,18,11,10,16,14,16,16,22,26,20,13,17,25,28,29,22,27,20,21,17,18,12,14,15,
嘉義,2024/02/23 00:00:00,RAINFALL,0,0,0,0,0,0,0,0,0,0,0,0,0,0,0,0,0,0,0,0,0,0,0,0,
嘉義,2024/02/23 00:00:00,RH,85,84,82,80,81,83,85,85,79,71,66,60,55,51,50,52,54,61,69,71,72,74,76,78,
嘉義,2024/02/23 00:00:00,SO2,2.6,3.7,1.9,1.3,1.2,1.1,1.1,1.5,2,2.2,3,3.1,1.9,1.7,1.9,2.6,2.8,2.7,2.8,3,2.6,2.4,4,2.7,
嘉義,2024/02/23 00:00:00,THC,2.19,2.12,2.11,2.14,2.17,2.21,2.28,2.35,2.41,2.28,2.18,2.13,2.13,2.15,2.13,2.16,2.19,2.19,2.2,2.21,2.21,2.22,2.24,2.23,
嘉義,2024/02/23 00:00:00,WD_HR,1,9,9,32,48,59,2,38,350,2,6,357,0,4,345,346,349,351,358,6,8,4,2,347,
嘉義,2024/02/23 00:00:00,WIND_DIREC,2,9,11,24,58,64,357,56,353,10,1,6,349,354,344,346,348,350,358,357,6,11,9,348,
嘉義,2024/02/23 00:00:00,WIND_SPEED,2.7,3.2,3.6,3.6,2.6,1.7,2.4,1.7,4.5,4,3.9,4.6,4.1,3.4,3.4,3.6,4,3.7,3.1,3.5,2.2,2.9,2,3.3,
嘉義,2024/02/23 00:00:00,WS_HR,2.6,2.7,3,2.7,2.3,2.4,1.7,1.7,3,3.5,3.2,4,3.8,2.8,3.2,3.2,3.8,3.3,3,3.3,2.5,2.5,2.3,2.8,
嘉義,2024/02/24 00:00:00,AMB_TEMP,17.5,17.6,17.7,17.3,17.5,17.4,17.5,17.9,18.9,20.8,22.3,23.5,24.4,24.5,24.1,23.9,23.5,22.9,22.2,21.4,20.2,19.6,19.2,18.7,
嘉義,2024/02/24 00:00:00,CH4,2.11,2.1,2.11,2.12,2.11,2.11,2.11,2.12,2.12,2.14,2.15,2.12,2.05,2.02,2.01,2.02,2.06,2.09,2.12,2.14,2.11,2.1,2.11,2.14,
嘉義,2024/02/24 00:00:00,CO,0.38,0.36,0.35,0.34,0.34,0.32,0.35,0.38,0.42,0.52,0.43,0.38,0.33,0.31,0.35,0.38,0.48,0.52,0.51,0.58,0.59,0.69,0.63,0.49,
嘉義,2024/02/24 00:00:00,NMHC,0.1,0.1,0.13,0.08,0.09,0.08,0.11,0.11,0.13,0.15,0.11,0.06,0.04,0.03,0.03,0.04,0.08,0.08,0.09,0.11,0.1,0.1,0.11,0.11,
嘉義,2024/02/24 00:00:00,NO,0.5,0.5,0.3,0.2,0.5,0.3,0.5,2.2,5.1,6.2,4.8,2.5,1.8,1.2,#,0.9,0.9,0.8,0.5,0.6,0.6,1.1,1,0.8,
嘉義,2024/02/24 00:00:00,NO2,12.7,13.3,11.8,10.9,11.4,10.6,10.8,10.6,10.6,12.9,12.3,8.4,7,5,#,7.4,11.1,13.7,13.6,17.5,17.7,20.9,19,16.8,
嘉義,2024/02/24 00:00:00,NOx,13.3,13.9,12.2,11.2,11.9,11,11.4,12.9,15.8,19.1,17.1,10.9,8.9,6.3,#,8.4,12.1,14.5,14.2,18.2,18.3,22,20,17.7,
嘉義,2024/02/24 00:00:00,O3,11.8,11.2,11.4,11.9,10.8,12.4,9.5,10.2,13.3,22.3,29.8,42.3,45.4,52.6,#,45.8,42.3,37.5,32.8,23.4,16.4,9.8,9,9.1,
嘉義,2024/02/24 00:00:00,PM10,21,18,20,17,13,13,19,16,24,42,41,37,40,42,58,48,56,61,61,58,45,45,38,40,
嘉義,2024/02/24 00:00:00,PM2.5,15,15,12,14,12,14,15,14,22,34,21,24,20,18,20,19,23,27,30,33,24,26,24,19,
嘉義,2024/02/24 00:00:00,RAINFALL,0,0,0,0,0,0,0,0,0,0,0,0,0,0,0,0,0,0,0,0,0,0,0,0,
嘉義,2024/02/24 00:00:00,RH,78,77,77,78,78,78,79,78,74,67,63,60,58,57,58,58,61,64,67,72,76,77,77,78,
嘉義,2024/02/24 00:00:00,SO2,2,2.1,2,1.9,1.7,1.8,1.9,2.1,2.5,3.1,3,3.3,3.5,2.6,#,3.2,4.4,4.1,3.7,3.8,4.6,5.5,4.6,3.7,
嘉義,2024/02/24 00:00:00,THC,2.21,2.2,2.24,2.2,2.2,2.19,2.22,2.23,2.25,2.29,2.26,2.18,2.09,2.05,2.04,2.06,2.14,2.17,2.21,2.25,2.21,2.2,2.22,2.25,
嘉義,2024/02/24 00:00:00,WD_HR,10,15,25,6,15,24,32,12,16,7,332,347,349,348,359,3,354,356,7,356,4,6,351,356,
嘉義,2024/02/24 00:00:00,WIND_DIREC,21,14,12,20,21,53,9,353,21,339,327,341,357,353,11,2,357,351,0,352,5,7,349,1,
嘉義,2024/02/24 00:00:00,WIND_SPEED,1.8,3,2.4,2.8,2.6,1.9,2.2,1.9,1.9,1.7,3.3,4.1,4.1,4.1,4,3.6,2.9,3.3,2.5,3.3,3.5,4,2.8,2.2,
嘉義,2024/02/24 00:00:00,WS_HR,2.1,2.2,1.9,2.7,2.4,2.1,2,1.8,1.7,1.2,2.5,3.1,3.2,3.4,3.8,3.1,2.9,2.9,2.6,2.9,3.2,3,2.1,2.2,
嘉義,2024/02/25 00:00:00,AMB_TEMP,18.2,17.4,17.2,16.9,16.8,16.9,16.8,16.6,16.8,18.1,19.8,21.4,22.5,22,22,22.5,22.1,21.5,20,19,18.1,17.4,16.8,16.3,
嘉義,2024/02/25 00:00:00,CH4,2.16,2.12,2.14,2.16,2.16,2.17,2.2,2.17,2.15,2.16,2.14,2.1,2.07,2.04,2.03,2.04,2.06,2.09,2.1,2.12,2.12,2.12,2.14,2.15,
嘉義,2024/02/25 00:00:00,CO,0.47,0.42,0.43,0.44,0.41,0.44,0.44,0.44,0.46,0.5,0.46,0.39,0.36,0.33,0.35,0.37,0.44,0.52,0.55,0.59,0.64,0.66,0.63,0.52,
嘉義,2024/02/25 00:00:00,NMHC,0.11,0.09,0.09,0.1,0.09,0.1,0.1,0.09,0.1,0.11,0.09,0.05,0.04,0.02,0.03,0.03,0.06,0.08,0.09,0.09,0.09,0.09,0.09,0.07,
嘉義,2024/02/25 00:00:00,NO,0.9,0.7,0.7,0.7,0.7,0.8,0.8,1.9,3.2,5,4.1,2.1,1.8,1.3,1.1,1,1.2,1.1,1,0.9,1.2,1.4,1.3,1,
嘉義,2024/02/25 00:00:00,NO2,16.3,11.4,10.6,11.3,10,10.6,11.2,9,8.1,8.8,8.4,5.8,5.4,3.9,3.9,4.9,7.5,11.1,14.1,15.1,16.5,19.8,17.8,14.1,
嘉義,2024/02/25 00:00:00,NOx,17.2,12.1,11.3,12,10.8,11.4,12.1,10.9,11.4,13.8,12.5,7.9,7.3,5.2,5,5.9,8.7,12.2,15.2,16.1,17.8,21.2,19.2,15.1,
嘉義,2024/02/25 00:00:00,O3,8,11.4,9.9,8.6,10.1,6.6,6,10,12.6,16.5,27.2,40.9,46.2,48.8,50,52.3,50.8,39.9,27.6,18.4,11.7,7.5,8.2,11.1,
嘉義,2024/02/25 00:00:00,PM10,42,30,36,36,37,33,32,29,36,34,32,27,36,37,44,45,50,48,54,52,38,42,28,32,
嘉義,2024/02/25 00:00:00,PM2.5,25,24,23,23,22,25,28,27,33,28,24,22,25,14,12,14,25,24,30,31,23,26,17,15,
嘉義,2024/02/25 00:00:00,RAINFALL,0,0,0,0,0,0,0,0,0,0,0,0,0,0,0,0,0,0,0,0,0,0,0,0,
嘉義,2024/02/25 00:00:00,RH,80,83,85,86,87,87,88,88,87,83,73,65,61,62,61,59,60,62,67,71,72,74,76,76,
嘉義,2024/02/25 00:00:00,SO2,3.2,1.8,1.3,2.2,6.9,1.6,1.4,1.6,1.7,1.8,2.2,2.2,2.9,2,2.1,2.7,3.3,3.1,3.4,3.4,4,5.1,5.8,5.1,
嘉義,2024/02/25 00:00:00,THC,2.27,2.21,2.23,2.26,2.25,2.27,2.3,2.26,2.25,2.27,2.23,2.15,2.11,2.06,2.06,2.07,2.12,2.17,2.19,2.21,2.21,2.21,2.23,2.22,
嘉義,2024/02/25 00:00:00,WD_HR,359,12,38,5,11,63,9,352,7,10,329,333,327,341,0,359,1,356,349,352,357,3,2,359,
嘉義,2024/02/25 00:00:00,WIND_DIREC,3,12,27,5,34,16,17,337,359,324,329,329,339,355,357,359,356,355,349,352,345,4,1,8,
嘉義,2024/02/25 00:00:00,WIND_SPEED,2.8,3.8,2.1,2.6,2.3,1.8,1.6,2.4,1,1.4,2.4,2.5,3.2,4,3.6,4.1,3.7,3.5,3.9,3.5,2.6,2.7,2.1,2.3,
嘉義,2024/02/25 00:00:00,WS_HR,2.1,3.2,2.1,2.1,2.1,1.8,1.8,1.8,1.1,0.5,1.7,1.9,2.9,4,3.9,3,3.3,2.7,3.2,2.8,2.7,2.6,2.4,2.3,
嘉義,2024/02/26 00:00:00,AMB_TEMP,15.7,15.1,14.9,15,14.8,13.9,14.2,14.4,15.4,16.7,18.4,19.4,20.4,20.2,19.4,19.7,19.6,19.1,18.5,17.5,16.6,16.4,16.3,15.7,
嘉義,2024/02/26 00:00:00,CH4,2.14,2.1,2.08,2.09,2.12,2.13,2.14,2.11,2.14,2.15,2.14,2.11,2.09,2.07,2.07,2.09,2.09,2.1,2.11,2.12,2.11,2.12,2.13,2.12,
嘉義,2024/02/26 00:00:00,CO,0.43,0.37,0.34,0.33,0.35,0.31,0.34,0.39,0.4,0.47,0.45,0.4,0.44,0.48,0.5,0.6,0.57,0.61,0.69,0.68,0.57,0.56,0.52,0.5,
嘉義,2024/02/26 00:00:00,NMHC,0.06,0.05,0.04,0.05,0.06,0.04,0.04,0.07,0.08,0.16,0.14,0.08,0.08,0.07,0.11,0.13,0.13,0.15,0.18,0.17,0.15,0.15,0.14,0.14,
嘉義,2024/02/26 00:00:00,NO,0.7,0.8,0.7,0.6,0.7,0.7,0.7,1.7,2.4,6.3,8.4,4.7,2.8,2.4,3.2,4.4,3.5,1.7,1.2,1.4,1.1,1.2,1,0.7,
嘉義,2024/02/26 00:00:00,NO2,11.3,7,5.4,5.5,6.1,6.4,8.1,11.1,9.9,12.2,13.4,9.5,9.2,12.1,17.2,20.5,20.9,20.7,25.5,26.4,21.8,18.2,17.4,15.2,
嘉義,2024/02/26 00:00:00,NOx,12,7.8,6.2,6.1,6.9,7.1,8.8,12.9,12.3,18.6,21.9,14.2,12,14.6,20.4,24.9,24.5,22.4,26.7,27.9,22.9,19.4,18.4,16,
嘉義,2024/02/26 00:00:00,O3,14.3,20.4,23.2,21.9,18.6,22.2,19.5,16.1,14.8,14.6,20.4,32.6,40.6,35.1,29.6,27.7,32.5,31,23.2,13.4,14,14.3,12.9,14.3,
嘉義,2024/02/26 00:00:00,PM10,24,18,19,20,22,19,19,17,22,33,50,33,43,52,67,69,66,73,78,62,36,30,29,36,
嘉義,2024/02/26 00:00:00,PM2.5,19,18,16,14,16,12,15,15,20,19,22,20,26,27,32,36,35,41,41,32,26,17,17,21,
嘉義,2024/02/26 00:00:00,RAINFALL,0,0,0,0,0,0,0,0,0,0,0,0,0,0,0,0,0,0,0,0,0,0,0,0,
嘉義,2024/02/26 00:00:00,RH,76,77,76,75,77,80,78,77,74,70,64,62,59,60,60,60,60,63,66,70,70,71,72,75,
嘉義,2024/02/26 00:00:00,SO2,4.7,3.8,1.7,1.3,1.5,1.3,1.3,1.3,1.2,1.4,2.1,1.8,2.3,2.9,3.3,3.7,2.7,2.8,4.3,5,3.9,4.7,2.8,12.6,
嘉義,2024/02/26 00:00:00,THC,2.2,2.15,2.12,2.14,2.18,2.17,2.18,2.18,2.22,2.31,2.28,2.19,2.17,2.14,2.18,2.22,2.22,2.25,2.29,2.29,2.26,2.27,2.27,2.26,
嘉義,2024/02/26 00:00:00,WD_HR,0,359,14,52,7,352,36,27,53,2,320,345,330,345,0,359,340,359,4,0,6,4,9,3,
嘉義,2024/02/26 00:00:00,WIND_DIREC,7,357,29,59,341,23,27,56,84,353,315,19,343,358,351,5,338,2,6,6,353,6,345,9,
嘉義,2024/02/26 00:00:00,WIND_SPEED,3.3,2.7,2.7,2.1,2.6,2.4,2,2.1,1.8,2.2,3.4,2.9,3.5,3.9,2.9,2.7,3.4,3.1,2.9,4,3.2,2.2,2.6,3,
嘉義,2024/02/26 00:00:00,WS_HR,2.8,2.9,2.5,2,1.6,2.6,1.7,2,1.8,1.5,2.1,2.7,2.4,2.7,2.7,2.7,2.6,2.7,2.8,3.2,2.9,2.3,1.9,2.3,
嘉義,2024/02/27 00:00:00,AMB_TEMP,15.6,15,14.9,15,14.9,15,15.2,15.3,16.1,16.7,17.9,19,19.5,19.8,20.6,21.2,20.8,20,18.6,17.7,16.9,16.4,16.3,16,
嘉義,2024/02/27 00:00:00,CH4,2.13,2.09,2.09,2.1,2.13,2.11,2.1,2.1,2.08,2.08,2.08,2.07,#,#,2.08,2.08,2.08,2.08,2.09,2.1,2.1,2.11,2.13,2.15,
嘉義,2024/02/27 00:00:00,CO,0.48,0.37,0.36,0.37,0.35,0.33,0.35,0.39,0.41,0.4,0.41,0.4,#,0.36,0.4,#,0.46,0.56,0.59,0.55,0.44,0.45,0.44,0.43,
嘉義,2024/02/27 00:00:00,NMHC,0.11,0.08,0.09,0.09,0.08,0.06,0.09,0.08,0.12,0.12,0.12,0.11,#,#,0.12,0.1,0.11,0.13,0.15,0.15,0.16,0.18,0.2,0.18,
嘉義,2024/02/27 00:00:00,NO,0.6,0.5,0.8,0.9,0.8,0.7,1,2,3.5,4.2,5.4,5.5,#,#,3.8,#,1.9,1.6,1.2,0.9,0.8,0.6,0.8,0.7,
嘉義,2024/02/27 00:00:00,NO2,15.2,10.3,9.4,10.2,9.8,9.9,10.8,14.5,16,15.2,13.9,14.6,#,#,15.7,#,16,20.6,26.5,24.9,22,22.8,22.9,22.4,
嘉義,2024/02/27 00:00:00,NOx,15.8,10.9,10.3,11.1,10.6,10.6,11.8,16.6,19.5,19.5,19.3,20.1,#,#,19.5,#,17.9,22.3,27.8,25.9,22.8,23.5,23.7,23.1,
嘉義,2024/02/27 00:00:00,O3,15,22,21.5,19.8,19.7,22.7,20.1,17.4,17.1,20,24,29.4,#,38,#,43.9,42.2,31,20.4,18.1,15.5,11.1,8.7,8,
嘉義,2024/02/27 00:00:00,PM10,29,17,14,17,20,12,15,18,17,26,31,30,#,28,#,38,33,47,48,43,36,35,34,31,
嘉義,2024/02/27 00:00:00,PM2.5,17,13,14,12,13,9,13,11,15,11,17,17,#,#,18,23,21,25,23,23,21,20,23,21,
嘉義,2024/02/27 00:00:00,RAINFALL,0,0,0,0,0,0,0,0,0,0,0,0,#,#,#,0,0,0,0,0,0,0,0,0,
嘉義,2024/02/27 00:00:00,RH,76,78,79,79,80,79,77,78,75,72,68,64,63,64,62,60,62,65,70,72,74,77,78,80,
嘉義,2024/02/27 00:00:00,SO2,5.5,1.8,1.5,1.6,2.1,1.7,1.6,2.1,1.7,1.8,2.4,2.5,#,1.5,1.6,#,2,2.8,3.8,4.2,2.1,2,1.7,3.1,
嘉義,2024/02/27 00:00:00,THC,2.24,2.17,2.18,2.19,2.21,2.17,2.19,2.18,2.2,2.2,2.2,2.18,#,#,2.2,2.18,2.19,2.21,2.24,2.25,2.26,2.29,2.33,2.33,
嘉義,2024/02/27 00:00:00,WD_HR,358,13,30,28,10,15,15,20,28,20,3,355,345,338,348,353,1,359,3,8,11,8,25,339,
嘉義,2024/02/27 00:00:00,WIND_DIREC,0,45,15,20,6,43,354,49,30,37,5,349,354,353,337,7,10,0,6,26,20,17,64,324,
嘉義,2024/02/27 00:00:00,WIND_SPEED,2.4,2.7,2.4,2.6,1.8,1.7,2.9,2.8,2,2.4,2.7,2.2,2.4,3.5,3.1,3.6,3.7,3.1,2.4,2.6,2.4,2.2,1.2,2.1,
嘉義,2024/02/27 00:00:00,WS_HR,2.1,2.5,2,1.9,2,2,1.9,2.4,1.8,2.1,2.2,2.1,2.5,3.2,2.7,2.9,3.1,3.1,2.5,2.5,2.8,2.5,1.7,1.8,
嘉義,2024/02/28 00:00:00,AMB_TEMP,15.5,15.7,15.8,16.1,16.1,16.2,16.3,16.6,17.6,19.5,21.1,23,24.7,25.9,26.7,26.5,23.6,22.4,20.9,20,19.7,18.9,19.2,19.2,
嘉義,2024/02/28 00:00:00,CH4,2.14,2.17,2.17,2.17,2.18,2.2,2.23,2.25,2.29,2.24,2.17,2.08,2.06,2.03,2.03,2.03,2.03,2.05,2.05,2.09,2.11,2.08,2.09,2.12,
嘉義,2024/02/28 00:00:00,CO,0.36,0.37,0.39,0.39,0.4,0.4,0.44,0.5,0.55,0.56,0.49,0.39,0.34,0.32,0.33,0.32,0.33,0.37,0.37,0.32,0.31,0.35,0.42,0.47,
嘉義,2024/02/28 00:00:00,NMHC,0.1,0.11,0.16,0.15,0.16,0.16,0.17,0.21,0.22,0.2,0.15,0.11,0.06,0.03,0.04,0.04,0.04,0.05,0.05,0.04,0.03,0.06,0.08,0.1,
嘉義,2024/02/28 00:00:00,NO,0.5,0.7,0.4,0.4,0.3,0.5,0.9,5.5,9.3,9.6,5.4,1.7,0.8,0.5,0.3,0.4,0.7,0.6,0.3,0.3,0,0.3,0.2,0.5,
嘉義,2024/02/28 00:00:00,NO2,14.7,14.5,16.2,15.9,15.2,15.4,16,15.6,16,16.2,14.1,8.4,6,4.5,4.7,5.5,6.2,7.8,9.6,8.3,7.5,8.3,11.5,14,
嘉義,2024/02/28 00:00:00,NOx,15.2,15.3,16.7,16.3,15.5,15.9,16.9,21.1,25.3,25.8,19.5,10.1,6.9,5,5,6,6.9,8.4,9.9,8.6,7.6,8.6,11.7,14.6,
嘉義,2024/02/28 00:00:00,O3,15.3,12.5,7.9,7.4,6.3,5.3,3.1,3.1,7.8,17.5,34,55.8,62.4,65.6,69.6,66.7,52.4,50.5,46.4,43.8,42.8,35.9,26.8,19.7,
嘉義,2024/02/28 00:00:00,PM10,29,26,27,29,33,32,32,36,39,42,52,41,34,27,38,37,46,44,51,50,41,39,49,59,
嘉義,2024/02/28 00:00:00,PM2.5,20,21,23,22,23,26,28,29,28,32,43,32,25,17,20,21,22,25,29,28,25,28,38,43,
嘉義,2024/02/28 00:00:00,RAINFALL,0,0,0,0,0,0,0,0,0,0,0,0,0,0,0,0,0,0,0,0,0,0,0,0,
嘉義,2024/02/28 00:00:00,RH,85,85,85,84,83,84,86,85,83,71,65,60,55,50,48,51,66,70,75,82,84,85,85,85,
嘉義,2024/02/28 00:00:00,SO2,1.6,1.5,1.5,1.6,1.9,2.2,1.9,2.5,4.6,4,3.7,2.3,2.2,2.3,2.5,2.5,2,1.9,2.1,2.1,2.1,2.6,2.8,2.7,
嘉義,2024/02/28 00:00:00,THC,2.24,2.28,2.33,2.32,2.34,2.36,2.4,2.46,2.51,2.44,2.32,2.19,2.12,2.06,2.07,2.07,2.07,2.1,2.1,2.13,2.14,2.14,2.17,2.22,
嘉義,2024/02/28 00:00:00,WD_HR,353,68,4,54,26,53,49,356,359,336,332,328,336,342,333,345,347,351,334,311,324,12,35,356,
嘉義,2024/02/28 00:00:00,WIND_DIREC,52,69,356,63,4,42,330,4,13,316,317,341,323,353,336,341,342,348,312,294,343,59,0,3,
嘉義,2024/02/28 00:00:00,WIND_SPEED,1.8,1.6,2.1,2.1,2.5,1.8,1.5,2.8,2,2.5,2.1,2.4,2.5,2,2.3,4.7,3.6,2.6,2.9,1.8,3.3,1.8,1.6,2.4,
嘉義,2024/02/28 00:00:00,WS_HR,1.6,1.7,1.8,1.6,1.6,1.8,1.3,2.1,2.1,1.4,2.1,1.4,1.7,1.5,1.7,2.8,3.2,2.9,2.7,2.2,2.3,2.5,1.2,2,
嘉義,2024/02/29 00:00:00,AMB_TEMP,18.7,18.3,18,17.7,17.6,17.4,17.4,17.6,19,21.5,24.6,26.4,27.8,28.8,28.8,26.5,25,23.3,21.7,20.5,20.4,19.9,19.5,19.8,
嘉義,2024/02/29 00:00:00,CH4,2.15,2.18,2.16,2.18,2.19,2.17,2.2,2.23,2.26,2.15,2.03,1.99,1.98,1.98,2.01,2.05,2.04,2.04,2.03,2.04,2.04,2.08,2.08,2.05,
嘉義,2024/02/29 00:00:00,CO,0.44,0.44,0.49,0.55,0.44,0.38,0.41,0.63,0.68,0.5,0.4,0.34,0.31,0.28,0.33,0.36,0.37,0.41,0.39,0.4,0.38,0.37,0.37,0.32,
嘉義,2024/02/29 00:00:00,NMHC,0.1,0.11,0.15,0.12,0.13,0.14,0.15,0.2,0.21,0.2,0.09,0.05,0.03,0.02,0.04,0.06,0.07,0.09,0.09,0.09,0.13,0.11,0.15,0.14,
嘉義,2024/02/29 00:00:00,NO,0.4,0.3,0.4,0.6,0.7,0.5,0.7,6.9,12.5,8.5,2.4,0.8,0.8,0.4,0.6,0.8,0.7,0.8,0.7,0.8,0.7,0.9,0.6,0.5,
嘉義,2024/02/29 00:00:00,NO2,13,16.3,14.8,14.8,13.5,14.3,11.7,14.2,16.3,14.1,8.9,5.2,4.7,3.9,5.3,8.7,10.7,13.1,13.3,15.6,14.3,15.1,14.8,13,
嘉義,2024/02/29 00:00:00,NOx,13.4,16.7,15.3,15.4,14.3,14.8,12.4,21.2,28.8,22.6,11.4,6.1,5.6,4.3,6,9.6,11.5,13.9,14,16.5,15.1,16.1,15.5,13.6,
嘉義,2024/02/29 00:00:00,O3,20.5,15.3,11.4,10,10.9,10,8.7,5.1,5.3,18,49.3,60.9,61.2,63.5,74.8,71.9,63.6,51.6,40.4,27.1,22.8,18.9,16.4,22.3,
嘉義,2024/02/29 00:00:00,PM10,50,48,56,51,59,56,56,67,59,44,29,29,24,23,35,52,46,54,55,63,56,49,43,24,
嘉義,2024/02/29 00:00:00,PM2.5,32,44,46,42,50,45,43,46,43,32,22,21,12,11,23,28,28,33,32,45,40,32,28,17,
嘉義,2024/02/29 00:00:00,RAINFALL,0,0,0,0,0,0,0,0,0,0,0,0,0,0,0,0,0,0,0,0,0,0,0,0,
嘉義,2024/02/29 00:00:00,RH,85,86,87,88,89,89,89,89,87,78,60,53,48,44,48,61,65,71,79,85,85,86,85,78,
嘉義,2024/02/29 00:00:00,SO2,2.6,2.6,2.1,5.3,6,1.7,1.3,1.4,1.5,1.4,1.6,1.9,1.5,1.5,1.8,2.8,2.3,1.8,1.7,2.4,1.6,1.5,1.3,1.3,
嘉義,2024/02/29 00:00:00,THC,2.25,2.29,2.31,2.3,2.32,2.31,2.35,2.43,2.47,2.35,2.12,2.04,2.01,2,2.05,2.11,2.11,2.13,2.12,2.13,2.17,2.19,2.23,2.19,
嘉義,2024/02/29 00:00:00,WD_HR,18,31,22,8,22,54,68,228,101,120,315,275,253,244,305,347,2,352,359,10,31,359,31,25,
嘉義,2024/02/29 00:00:00,WIND_DIREC,49,57,358,5,21,46,71,219,104,268,25,265,269,233,346,355,356,352,352,32,346,14,39,17,
嘉義,2024/02/29 00:00:00,WIND_SPEED,2.1,2.7,2.1,2.8,1.8,2.2,2,0.9,1.5,0.9,1.3,2.4,1.9,3.1,5.1,3.4,3.1,3.6,3.4,2.3,2.8,2.6,3.1,2.9,
嘉義,2024/02/29 00:00:00,WS_HR,2.1,2.2,1.8,2.3,1.6,2,2,0.1,1.3,0.5,0.6,1.3,1.7,2.8,3,3.7,2.8,3.3,3.4,2.9,2,2.6,2.4,2.1,
嘉義,2024/03/01 00:00:00,AMB_TEMP,19.9,19.7,19.3,18.9,17.1,15.8,15.1,15,15.7,16.6,17.2,17.8,17.4,16.4,16.6,17,15.9,14.8,14.5,14.5,14.6,14.3,14,13.8,
嘉義,2024/03/01 00:00:00,CH4,2.05,2.08,2.17,2.11,2.09,2.09,2.07,2.07,2.07,2.07,2.08,2.08,2.07,2.06,2.07,2.06,2.06,2.07,2.07,2.08,2.06,2.04,2.04,2.03,
嘉義,2024/03/01 00:00:00,CO,0.31,0.33,0.32,0.33,0.38,0.41,0.4,0.44,0.45,0.48,0.49,0.49,0.47,0.45,0.45,0.43,0.43,0.45,0.47,0.44,0.4,0.34,0.3,0.27,
嘉義,2024/03/01 00:00:00,NMHC,0.13,0.15,0.07,0.05,0.08,0.08,0.07,0.08,0.1,0.11,0.12,0.11,0.11,0.12,0.11,0.12,0.13,0.13,0.14,0.14,0.11,0.1,0.08,0.06,
嘉義,2024/03/01 00:00:00,NO,0.2,1.5,1.5,1.4,1.2,1.3,1.4,2.2,3.2,4.6,5.4,4.1,3.6,3.3,3.4,2.8,2.3,2.2,1.9,2,1.5,1.6,1.5,1.2,
嘉義,2024/03/01 00:00:00,NO2,12.7,14.1,10.9,9.6,9.1,8.2,7.7,10.1,11.3,11,12.4,13.2,14,13.7,14.9,15.7,17.7,19.7,20.9,20.4,16.8,14,11.9,8.1,
嘉義,2024/03/01 00:00:00,NOx,12.9,15.6,12.5,11,10.4,9.6,9.2,12.3,14.5,15.7,17.8,17.3,17.7,17,18.4,18.5,20.1,22,22.8,22.4,18.3,15.6,13.5,9.3,
嘉義,2024/03/01 00:00:00,O3,21.8,18.7,20.6,21.8,15.3,13.6,19.5,19.4,19.9,21,22.5,25.4,28.5,27.5,28.9,27.8,23.4,21.7,19.7,19.9,21.2,24,26.2,31.6,
嘉義,2024/03/01 00:00:00,PM10,20,28,16,13,21,21,19,27,24,28,26,30,27,31,28,27,25,21,19,16,15,14,17,14,
嘉義,2024/03/01 00:00:00,PM2.5,17,20,14,11,14,9,5,4,5,6,12,11,10,12,17,14,12,15,9,11,10,11,12,11,
嘉義,2024/03/01 00:00:00,RAINFALL,0,0,0,0,0,0,0,0,0,0,0,0,0,0,0,0,0,0,0,0,0,0,0,0,
嘉義,2024/03/01 00:00:00,RH,75,78,79,82,86,85,79,74,70,66,63,62,61,70,71,65,71,83,87,85,82,80,80,79,
嘉義,2024/03/01 00:00:00,SO2,1.6,1.5,1.4,2.1,1.6,1.4,1.4,1.2,1.2,1.4,2.1,1.8,1.5,1.4,1.4,1.5,1.2,1.2,1.1,1.3,1.3,1.5,1.5,1.4,
嘉義,2024/03/01 00:00:00,THC,2.18,2.23,2.24,2.16,2.17,2.17,2.14,2.15,2.17,2.18,2.2,2.19,2.18,2.18,2.18,2.18,2.19,2.2,2.21,2.22,2.17,2.14,2.12,2.09,
嘉義,2024/03/01 00:00:00,WD_HR,35,21,360,7,3,4,9,10,10,3,4,5,347,0,1,1,11,9,17,6,17,18,354,19,
嘉義,2024/03/01 00:00:00,WIND_DIREC,45,6,352,20,11,7,13,12,11,350,358,359,351,6,14,5,21,14,45,33,8,23,9,8,
嘉義,2024/03/01 00:00:00,WIND_SPEED,2.1,2.1,3.2,2.4,4.1,4.7,4.4,3.6,3.8,3.6,3.2,2.7,3.5,3.3,3,3.7,3.6,3.2,2.7,2.5,4,1.9,4.7,3.2,
嘉義,2024/03/01 00:00:00,WS_HR,1.9,1.7,2.2,2.3,3.5,4.1,4.2,3.7,2.9,2.6,3,2.8,3.4,3.1,2.8,3.1,2.9,3.3,2.5,2.8,2.7,2.2,3.5,2.8,
嘉義,2024/03/02 00:00:00,AMB_TEMP,13.7,13.7,13,13.2,13,13.3,13.4,13.1,13.1,13.1,13,12.9,12.9,13.3,13.6,14.2,14.6,14.8,14.7,14.6,14.4,14.2,14.2,14.2,
嘉義,2024/03/02 00:00:00,CH4,2.03,2.04,2.04,2.03,2.03,2.04,2.06,2.04,2.04,2.04,2.06,2.07,2.07,2.06,2.05,2.05,2.06,2.07,2.06,2.06,2.09,2.09,2.08,2.1,
嘉義,2024/03/02 00:00:00,CO,0.26,0.25,0.22,0.22,0.22,0.22,0.25,0.26,0.27,0.32,0.38,0.34,0.37,0.34,0.34,0.36,0.34,0.38,0.42,0.35,0.39,0.38,0.37,0.37,
嘉義,2024/03/02 00:00:00,NMHC,0.05,0.06,0.03,0.04,0.03,0.04,0.06,0.04,0.05,0.07,0.11,0.09,0.11,0.1,0.11,0.1,0.1,0.11,0.12,0.1,0.12,0.11,0.12,0.11,
嘉義,2024/03/02 00:00:00,NO,1.3,0.3,0.4,0.4,0.3,0.4,0.3,0.6,0.4,1,1.4,1.8,2.9,2.5,2.8,3,2.1,1.1,1.2,0.6,0.7,0.6,0.3,0.6,
嘉義,2024/03/02 00:00:00,NO2,7.9,8.6,6.5,5.8,5.4,5.1,6.6,8.3,9.1,11.5,15.6,15.3,17.8,17.6,14.9,15.1,18.1,16.9,19.5,17.2,18,17.7,16.3,16,
嘉義,2024/03/02 00:00:00,NOx,9.2,9,6.9,6.2,5.7,5.5,6.9,8.9,9.6,12.6,17.1,17.2,20.8,20.1,17.8,18.1,20.2,18,20.7,17.8,18.8,18.3,16.7,16.6,
嘉義,2024/03/02 00:00:00,O3,31.2,29.4,31.8,32.2,33.5,29.6,23.4,29.1,29.7,24.1,19.8,20.7,16.6,16.4,18.3,18.5,20.1,19.6,19.3,19.5,15.6,15.7,14.8,12.4,
嘉義,2024/03/02 00:00:00,PM10,9,10,11,6,2,7,14,13,11,15,23,16,16,14,17,21,23,23,32,35,27,23,28,20,
嘉義,2024/03/02 00:00:00,PM2.5,8,7,10,6,10,9,8,11,7,16,18,12,12,17,16,15,19,19,18,18,17,20,19,15,
嘉義,2024/03/02 00:00:00,RAINFALL,0,0,0,0,0,0,0,0,1,0,3,0.5,0,0,0,0,0,0,0,0,0,0,0,0,
嘉義,2024/03/02 00:00:00,RH,79,78,81,81,81,80,84,85,85,89,89,91,92,92,91,89,86,85,85,85,86,86,86,87,
嘉義,2024/03/02 00:00:00,SO2,1.1,1.5,1.5,1.5,1.5,1.5,1.4,1.5,1.6,1.5,2.4,1.7,1.6,1.5,1.6,1.8,1.7,1.7,1.8,1.8,1.8,1.8,1.8,1.6,
嘉義,2024/03/02 00:00:00,THC,2.08,2.1,2.07,2.07,2.06,2.08,2.12,2.08,2.09,2.11,2.17,2.16,2.18,2.16,2.16,2.15,2.16,2.18,2.18,2.16,2.21,2.2,2.2,2.21,
嘉義,2024/03/02 00:00:00,WD_HR,14,7,359,20,21,59,358,355,33,57,9,26,356,46,37,356,35,27,2,56,8,15,33,18,
嘉義,2024/03/02 00:00:00,WIND_DIREC,44,347,15,13,63,85,343,21,64,11,0,6,5,5,23,7,56,7,33,44,6,17,21,52,
嘉義,2024/03/02 00:00:00,WIND_SPEED,2.5,2.4,3.3,2.4,2.4,1.7,3.2,2.8,2.4,2.4,2.7,2.3,2,2.3,2.1,2,2.2,3.2,2.1,1.9,2.9,2,2.1,2.4,
嘉義,2024/03/02 00:00:00,WS_HR,2.8,2,3,2.1,2.5,2.5,2,2.5,2,2,2,1.7,2.2,1.6,1.9,1.9,1.8,1.7,2.3,2.1,2.6,2.3,2.1,2,
嘉義,2024/03/03 00:00:00,AMB_TEMP,14.2,14.2,13.9,13.6,13.6,13.7,13.4,13.4,14.4,16.1,17.6,18.9,20.7,22.1,23.1,23.7,22,21,19.7,18.5,17.8,17.5,17.2,17,
嘉義,2024/03/03 00:00:00,CH4,2.09,2.1,2.14,2.12,2.1,2.1,2.14,2.13,2.14,2.13,2.11,2.05,2.04,2.05,2.04,2.05,2.05,2.08,2.09,2.11,2.11,2.12,2.11,2.13,
嘉義,2024/03/03 00:00:00,CO,0.35,0.34,0.32,0.29,0.31,0.29,0.31,0.33,0.35,0.39,0.36,0.32,0.32,0.32,0.32,0.34,0.34,0.39,0.38,0.41,0.41,0.45,0.48,0.42,
嘉義,2024/03/03 00:00:00,NMHC,0.13,0.1,0.08,0.06,0.07,0.08,0.07,0.06,0.09,0.1,0.09,0.04,0.04,0.03,0.03,0.03,0.03,0.05,0.05,0.06,0.07,0.08,0.07,0.06,
嘉義,2024/03/03 00:00:00,NO,0.5,1.1,1.1,0.9,1,0.8,1,1.7,3.8,4,3.7,2,1.3,1.3,1.3,1.2,1,1.1,1,1,0.8,1,0.8,1,
嘉義,2024/03/03 00:00:00,NO2,14.7,14.5,12,8,7.7,7.9,9.2,8.1,9.1,8.7,8.3,5.6,4.7,4.6,4.3,4.6,5.7,7.8,8.6,8.8,10.1,11.7,12,10.1,
嘉義,2024/03/03 00:00:00,NOx,15.2,15.7,13.1,8.9,8.7,8.7,10.3,9.9,13,12.8,12,7.7,6,5.9,5.6,5.9,6.8,8.9,9.6,9.8,11,12.8,12.8,11.2,
嘉義,2024/03/03 00:00:00,O3,12.6,11.9,14.5,20.5,19.8,19.5,17.8,23.5,22.2,26.6,33.6,49.1,57.7,61.2,64,64.1,61.3,58,53.2,45.8,45.6,39.3,32.7,25.2,
嘉義,2024/03/03 00:00:00,PM10,15,18,26,16,14,13,15,20,24,28,25,23,19,19,19,19,36,39,48,44,42,48,47,46,
嘉義,2024/03/03 00:00:00,PM2.5,15,20,22,15,17,14,16,18,20,23,23,17,16,16,18,13,23,24,25,23,22,28,37,36,
嘉義,2024/03/03 00:00:00,RAINFALL,0,0,0,0,0,0,0,0,0,0,0,0,0,0,0,0,0,0,0,0,0,0,0,0,
嘉義,2024/03/03 00:00:00,RH,87,87,88,88,88,88,89,89,87,81,71,66,60,57,54,52,61,65,71,79,81,81,84,87,
嘉義,2024/03/03 00:00:00,SO2,1.7,1.5,2.4,1.9,1.5,1.4,1.5,1.5,1.6,1.7,1.6,1.7,2,2.1,2.9,2.2,2.1,2.4,2.4,2.7,3.1,2.7,2.8,2.2,
嘉義,2024/03/03 00:00:00,THC,2.22,2.2,2.22,2.18,2.17,2.18,2.21,2.19,2.23,2.23,2.2,2.09,2.08,2.08,2.07,2.08,2.08,2.13,2.14,2.17,2.18,2.2,2.18,2.19,
嘉義,2024/03/03 00:00:00,WD_HR,28,38,357,14,3,46,341,33,339,54,347,346,5,338,45,354,345,356,349,2,6,59,100,111,
嘉義,2024/03/03 00:00:00,WIND_DIREC,19,9,5,49,356,81,350,45,341,59,324,50,44,313,76,334,350,338,6,3,8,81,109,111,
嘉義,2024/03/03 00:00:00,WIND_SPEED,1.8,2,2.5,1.9,2.1,1.6,2.1,1.8,1.1,2.1,3,2.2,2,2.7,1.8,3.6,3.7,3.3,2.7,3.3,2.3,2,1.1,1,
嘉義,2024/03/03 00:00:00,WS_HR,1.6,1.6,2,2,2.1,1.1,1.5,1.3,0.9,1.1,1.3,1.7,1.5,1.8,1.5,2,3.5,2.6,2.7,2.4,2.5,1.6,1,1,
嘉義,2024/03/04 00:00:00,AMB_TEMP,16.7,16.3,16.2,16.4,16.4,16.2,15.8,16.5,18.6,20.7,23,24.9,25.7,27.4,27.2,26.7,26.3,23.9,22.7,22.4,22.3,22.1,22.3,22.4,
嘉義,2024/03/04 00:00:00,CH4,2.24,2.4,2.37,2.31,2.22,2.14,2.21,2.26,2.13,2.14,2.11,2.09,2.09,2.03,2.08,2.04,2.02,2.01,2.01,2.03,2.04,2.11,2.18,2.22,
嘉義,2024/03/04 00:00:00,CO,0.43,0.5,0.45,0.44,0.42,0.42,0.44,0.67,0.63,0.62,0.53,0.46,0.52,0.35,0.41,0.35,0.35,0.38,0.35,0.38,0.4,0.5,0.63,0.6,
嘉義,2024/03/04 00:00:00,NMHC,0.09,0.09,0.1,0.12,0.07,0.07,0.11,0.19,0.16,0.16,0.12,0.08,0.07,0.07,0.21,0.18,0.09,0.07,0.04,0.05,0.07,0.12,0.21,0.26,
嘉義,2024/03/04 00:00:00,NO,0.9,0.9,0.8,1.1,0.9,0.8,1.2,7.8,5.9,6.6,4.7,2.4,1.8,1.3,1.3,1.2,1.3,1,0.9,0.9,0.8,1,1,1,
嘉義,2024/03/04 00:00:00,NO2,9.5,13.1,11.9,11.1,9.1,9.1,10.8,15.8,14.8,16,15.2,11,10.3,6.3,7,7.4,7.9,8.7,8.8,9.3,10.4,13.9,19.4,21,
嘉義,2024/03/04 00:00:00,NOx,10.4,14,12.8,12.2,10,10,12.1,23.7,20.8,22.6,20,13.5,12.1,7.6,8.4,8.6,9.2,9.8,9.8,10.2,11.2,14.9,20.4,22.1,
嘉義,2024/03/04 00:00:00,O3,17.1,18.5,16,12.8,17.5,13.2,10.9,6.9,16.2,24.5,42.2,57.9,68.1,69.2,71.1,71.2,63.9,61.5,59,54.1,50.2,32.1,22.3,19.6,
嘉義,2024/03/04 00:00:00,PM10,45,54,47,50,47,42,38,49,43,42,46,37,46,#,58,57,49,44,41,43,46,43,48,44,
嘉義,2024/03/04 00:00:00,PM2.5,34,33,41,39,35,37,33,36,33,31,31,29,30,#,36,26,20,23,25,22,25,27,25,27,
嘉義,2024/03/04 00:00:00,RAINFALL,0,0,0,0,0,0,0,0,0,0,0,0,0,0,0,0,0,0,0,0,0,0,0,0,
嘉義,2024/03/04 00:00:00,RH,89,89,89,89,89,90,90,89,83,72,62,55,54,49,53,54,54,63,72,75,76,78,78,79,
嘉義,2024/03/04 00:00:00,SO2,1.8,2.1,2.4,1.9,2,2,1.7,1.9,2.1,2.9,2.8,2.2,2.4,2.1,2.5,2.8,2.3,2,1.8,1.8,1.8,1.6,1.7,1.6,
嘉義,2024/03/04 00:00:00,THC,2.33,2.49,2.47,2.43,2.29,2.21,2.32,2.45,2.29,2.3,2.23,2.17,2.16,2.1,2.29,2.22,2.11,2.08,2.05,2.08,2.11,2.23,2.39,2.48,
嘉義,2024/03/04 00:00:00,WD_HR,339,21,88,89,59,64,106,74,45,337,305,315,272,236,301,277,267,267,235,94,100,74,15,242,
嘉義,2024/03/04 00:00:00,WIND_DIREC,343,97,107,70,39,100,103,82,7,313,276,325,246,236,320,258,269,254,121,86,94,291,61,151,
嘉義,2024/03/04 00:00:00,WIND_SPEED,1.6,1.3,1.2,1.5,1.3,1,0.8,1.5,1.6,1.8,1.4,2.2,2.5,3.3,2.6,2.3,3.1,1.9,0.8,1.5,1.7,0.7,1.1,0.6,
嘉義,2024/03/04 00:00:00,WS_HR,0.5,1.3,1.2,0.9,1.4,1.2,1.2,1,1.2,1.4,0.9,1.7,1.6,2.7,2.7,1.8,2.5,2.3,1.1,0.8,1.3,0.2,0.3,0.5,
嘉義,2024/03/05 00:00:00,AMB_TEMP,22,21.9,21.7,21.5,21.5,21.9,22.3,23.8,26.1,28.3,29,30,30.4,30.7,31,30.8,30.3,29.4,28,27,26.2,26,26.1,26,
嘉義,2024/03/05 00:00:00,CH4,2.28,2.39,2.26,2.27,2.26,2.24,2.14,2.1,2.05,1.94,1.91,1.91,1.91,1.91,1.91,1.91,1.91,1.93,1.96,2.04,2.08,2.09,2.08,2.12,
嘉義,2024/03/05 00:00:00,CO,0.55,0.51,0.39,0.37,0.31,0.3,0.3,0.46,0.34,0.22,0.17,0.16,0.15,0.17,0.15,0.16,0.17,0.23,0.27,0.26,0.28,0.32,0.3,0.26,
嘉義,2024/03/05 00:00:00,NMHC,0.24,0.25,0.14,0.18,0.08,0.08,0.05,0.1,0.05,0.02,0,0,0,0,0,0,0.03,0.05,0.05,0.05,0.08,0.09,0.09,0.08,
嘉義,2024/03/05 00:00:00,NO,0.9,0.3,0.7,0.4,0.2,0.3,0.5,3.7,5.1,2.8,0.9,0.9,0.9,0.7,0.8,0.8,0.9,0.8,0.6,0.5,0.3,0.5,0.4,0.5,
嘉義,2024/03/05 00:00:00,NO2,18.6,19.6,14.4,11.1,9.6,8.1,7.5,11.9,11.9,5.6,2.8,2.8,2.8,3.9,3.7,4,5.4,7.5,9.5,9.8,9.8,10.4,10.3,9.2,
嘉義,2024/03/05 00:00:00,NOx,19.5,19.9,15.1,11.6,9.8,8.5,8,15.7,17,8.5,3.7,3.7,3.7,4.7,4.6,4.9,6.3,8.3,10.2,10.4,10.1,10.9,10.8,9.8,
嘉義,2024/03/05 00:00:00,O3,16.2,8.9,9.6,11.6,10.7,13.7,17.9,15.4,19.1,29.9,34.6,33.5,38.6,43.8,35.5,35.8,35.5,30.1,23,19.2,15.8,14.3,13,12.8,
嘉義,2024/03/05 00:00:00,PM10,48,35,35,29,22,19,17,21,30,29,28,22,23,24,30,42,25,33,34,31,29,34,25,22,
嘉義,2024/03/05 00:00:00,PM2.5,26,25,23,16,16,14,10,12,12,12,15,11,14,12,16,19,18,19,19,17,23,19,19,17,
嘉義,2024/03/05 00:00:00,RAINFALL,0,0,0,0,0,0,0,0,0,0,0,0,0,0,0,0,0,0,0,0,0,0,0,0,
嘉義,2024/03/05 00:00:00,RH,84,86,87,88,88,87,87,83,69,55,50,45,44,44,42,44,47,51,58,63,67,69,69,69,
嘉義,2024/03/05 00:00:00,SO2,1.6,1.4,1.6,1.9,1.5,1.6,1.8,2.9,1.9,1.9,2.4,2.1,1.6,1.6,1.4,1.4,1.7,1.6,1.6,1.5,1.4,1.4,1.9,2,
嘉義,2024/03/05 00:00:00,THC,2.52,2.64,2.4,2.45,2.34,2.32,2.19,2.2,2.1,1.96,1.91,1.9,1.9,1.91,1.91,1.9,1.94,1.98,2.01,2.09,2.16,2.18,2.17,2.2,
嘉義,2024/03/05 00:00:00,WD_HR,142,134,85,131,131,147,127,185,210,222,223,217,218,217,226,224,232,232,225,224,232,224,199,200,
嘉義,2024/03/05 00:00:00,WIND_DIREC,121,113,111,131,129,133,138,171,217,227,219,219,226,202,221,226,233,232,205,225,227,217,179,205,
嘉義,2024/03/05 00:00:00,WIND_SPEED,0.8,1.1,1.4,1.1,1.2,0.8,1.3,1.1,2.3,3.6,3.5,3.8,4.6,3.1,4.2,3.8,3.5,3.2,1.9,2.4,2.7,1.6,1.4,1.3,
嘉義,2024/03/05 00:00:00,WS_HR,0.3,0.8,0.5,0.7,1,0.8,1.3,0.6,1.5,2.8,3.3,2.9,3.4,2.8,3.7,3.5,3.7,3.1,2.2,1.6,2.4,1.8,1.2,0.9,
嘉義,2024/03/06 00:00:00,AMB_TEMP,25.9,25.7,25.8,25.5,25,24.3,23.8,24.4,26.3,27.9,28.7,29.1,28.9,27.6,27.2,27.3,26,23.3,22.4,21.5,21.3,20.2,19.7,19,
嘉義,2024/03/06 00:00:00,CH4,2.09,2.11,2.06,2.1,2.07,2.02,2.03,2.05,2.04,2,1.92,1.9,1.9,1.98,2,2,2.04,2.11,2.13,2.14,2.16,2.16,2.15,2.16,
嘉義,2024/03/06 00:00:00,CO,0.21,0.2,0.16,0.16,0.15,0.14,0.19,0.33,0.26,0.19,0.16,0.15,0.16,0.25,0.35,0.46,0.42,0.51,0.58,0.53,0.53,0.49,0.43,0.4,
嘉義,2024/03/06 00:00:00,NMHC,0.05,0.06,0.04,0.04,0.03,0.02,0.04,0.08,0.04,0.17,0.16,0.23,0.1,0.04,0.04,0.04,0.04,0.12,0.16,0.14,0.2,0.18,0.13,0.11,
嘉義,2024/03/06 00:00:00,NO,0.4,0.2,0.1,0,0.2,0.2,0.5,3,5.2,2.9,1.3,0.8,0.9,1,0.7,0.5,0.4,1,1.2,0.8,0.6,1.2,0.6,0.2,
嘉義,2024/03/06 00:00:00,NO2,7.7,9.4,5.9,4.7,5.3,6.1,8,10.8,10.8,8.1,4.2,3.3,3.5,5,6.5,6.4,7.3,14.7,21.8,21.5,21.5,21.3,16.9,13,
嘉義,2024/03/06 00:00:00,NOx,8.1,9.7,6.1,4.7,5.5,6.3,8.6,13.9,16,11,5.5,4.2,4.5,6.1,7.3,7,7.8,15.8,23,22.3,22.1,22.6,17.5,13.3,
嘉義,2024/03/06 00:00:00,O3,14.3,11.5,14.8,15.9,12.1,10.1,10.1,9.5,15.6,23.5,31.2,33.8,33.6,40.1,48.4,47.3,43.5,25.3,15.3,13.9,9.8,9.4,14.3,18.4,
嘉義,2024/03/06 00:00:00,PM10,23,24,23,25,27,33,26,33,42,35,23,24,26,41,50,59,52,42,53,47,38,30,34,18,
嘉義,2024/03/06 00:00:00,PM2.5,16,19,22,18,23,22,30,29,26,24,21,19,19,21,23,23,21,22,18,17,21,20,19,14,
嘉義,2024/03/06 00:00:00,RAINFALL,0,0,0,0,0,0,0,0,0,0,0,0,0,0,0,0,0,0,0,0,0,0,0,0,
嘉義,2024/03/06 00:00:00,RH,68,70,69,70,72,76,78,76,69,60,53,54,58,65,67,65,67,72,71,71,69,71,71,73,
嘉義,2024/03/06 00:00:00,SO2,2.3,2.8,2.7,2.3,2,1.5,1.4,1.6,2.4,2.2,1.5,1.5,1.5,1.5,1.8,1.8,1.6,1.4,2.2,2,1.8,1.8,2.5,2.8,
嘉義,2024/03/06 00:00:00,THC,2.14,2.17,2.1,2.14,2.1,2.04,2.07,2.13,2.08,2.17,2.08,2.13,2,2.02,2.04,2.04,2.08,2.23,2.29,2.28,2.36,2.34,2.28,2.27,
嘉義,2024/03/06 00:00:00,WD_HR,155,136,211,210,116,117,109,140,241,265,281,262,292,316,325,338,338,356,347,354,9,7,1,348,
嘉義,2024/03/06 00:00:00,WIND_DIREC,140,135,237,122,111,129,117,228,241,281,269,275,292,338,317,353,346,354,348,14,352,17,348,342,
嘉義,2024/03/06 00:00:00,WIND_SPEED,1.1,1.2,1,1,1.5,1.7,1.1,1.5,3.2,3.2,3.6,3.5,3.8,3,2.9,3.6,4.6,3.5,2.5,2.2,2.8,3.1,2.6,2.4,
嘉義,2024/03/06 00:00:00,WS_HR,0.7,0.9,0.2,0.3,1.1,1.3,1.3,0.7,2,2.4,2.6,2.9,2.9,3,2.4,2.7,3.6,3.5,2.5,2.4,2.1,2.8,2.4,2.6,
嘉義,2024/03/07 00:00:00,AMB_TEMP,18.7,18.4,17.7,17.5,17.2,16.8,16.6,16.8,17.9,17.9,17.8,18.3,19,18.8,18.2,18,18.4,18.1,18,17.6,16.9,16.8,16.5,16.3,
嘉義,2024/03/07 00:00:00,CH4,2.14,2.11,2.1,2.09,2.08,2.08,2.09,2.09,2.08,2.11,2.1,2.09,2.1,2.09,2.09,2.07,2.08,2.11,2.11,2.09,2.08,2.09,2.1,2.09,
嘉義,2024/03/07 00:00:00,CO,0.37,0.34,0.33,0.31,0.31,0.33,0.34,0.39,0.4,0.43,0.44,0.46,0.45,0.43,0.49,0.52,0.53,0.59,0.55,0.49,0.46,0.42,0.37,0.35,
嘉義,2024/03/07 00:00:00,NMHC,0.08,0.07,0.05,0.04,0.04,0.05,0.04,0.07,0.11,0.08,0.12,0.13,0.11,0.09,0.1,0.17,0.18,0.18,0.15,0.14,0.12,0.13,0.11,0.09,
嘉義,2024/03/07 00:00:00,NO,0.3,0.8,0.6,0.8,0.6,0.7,0.9,1.5,3.1,2.9,2.6,4.5,4.9,2.7,2.2,2.6,2.6,1.9,1.6,1.2,1.2,1.3,0.6,0.7,
嘉義,2024/03/07 00:00:00,NO2,11.1,9.8,8,7.1,6.5,7.2,8.5,11.8,13.3,16.6,17,16.1,16.3,15.6,17.6,20.2,20.7,23.6,25.2,20.7,20.1,18,15.1,12.5,
嘉義,2024/03/07 00:00:00,NOx,11.4,10.6,8.6,7.9,7.1,7.9,9.4,13.3,16.4,19.5,19.7,20.6,21.2,18.3,19.8,22.9,23.3,25.5,26.9,21.9,21.3,19.3,15.8,13.2,
嘉義,2024/03/07 00:00:00,O3,21.4,25,26.1,28.7,29.8,28.7,26.1,22.8,22.8,19.6,23.4,25.8,27,30.8,29.5,27,27.3,22.9,21.9,20.6,18.3,18.5,21.6,25.4,
嘉義,2024/03/07 00:00:00,PM10,13,13,11,9,13,17,14,32,26,32,30,31,35,32,31,38,41,47,47,46,43,44,39,42,
嘉義,2024/03/07 00:00:00,PM2.5,12,9,9,8,14,11,19,12,12,18,17,17,21,20,21,19,28,28,31,27,28,22,25,27,
嘉義,2024/03/07 00:00:00,RAINFALL,0,0,0,0,0,0,0,0,0,0,0,0,0,0.5,0,0,0,0,0,0,0,0,0,0,
嘉義,2024/03/07 00:00:00,RH,72,72,75,73,74,79,80,78,72,72,73,71,69,76,81,82,78,78,77,78,85,85,85,84,
嘉義,2024/03/07 00:00:00,SO2,1.8,1.7,1.7,1.6,1.5,1.4,1.5,1.6,1.5,1.9,1.7,2.3,2.1,1.7,1.6,1.7,1.9,2,1.8,2,2,1.6,1.7,1.9,
嘉義,2024/03/07 00:00:00,THC,2.22,2.18,2.15,2.13,2.12,2.13,2.13,2.16,2.19,2.19,2.22,2.22,2.21,2.18,2.19,2.24,2.26,2.29,2.26,2.23,2.2,2.22,2.21,2.18,
嘉義,2024/03/07 00:00:00,WD_HR,353,21,3,1,5,8,15,18,14,349,4,359,358,345,356,13,19,355,4,1,8,0,11,3,
嘉義,2024/03/07 00:00:00,WIND_DIREC,354,351,1,9,349,21,5,55,2,349,10,3,2,353,10,0,343,352,8,22,3,7,9,6,
嘉義,2024/03/07 00:00:00,WIND_SPEED,2.9,2.5,2.1,3.4,3.4,2.9,3.6,2.5,3.4,2.8,2.2,3.3,2.8,2.3,3,2.8,2.5,2.6,3.2,3.4,2.3,3.2,3,3.3,
嘉義,2024/03/07 00:00:00,WS_HR,2.3,2.1,2.9,2.9,2.8,2.1,2.6,2.3,2.3,2.6,2.3,2.9,2.6,2.4,2.7,2.1,1.6,2.5,2.4,2.6,2.4,2.4,2.7,2.6,
嘉義,2024/03/08 00:00:00,AMB_TEMP,16.1,16.2,15.7,15.6,15.7,15.3,15.3,15.3,15.7,17.1,18.3,19.2,20,21,22,22.6,21.1,19.2,18.6,18.1,17.3,16.9,17.2,16.6,
嘉義,2024/03/08 00:00:00,CH4,2.07,2.08,2.1,2.09,2.07,2.08,2.08,2.08,2.06,2.05,2.04,2.05,2.05,2.06,2.06,2.07,2.08,2.07,2.07,2.12,2.12,2.16,2.13,2.19,
嘉義,2024/03/08 00:00:00,CO,0.33,0.33,0.34,0.33,0.31,0.29,0.31,0.36,0.34,0.34,0.34,0.35,0.36,0.4,0.43,0.45,0.5,0.55,0.49,0.51,0.48,0.51,0.47,0.46,
嘉義,2024/03/08 00:00:00,NMHC,0.08,0.09,0.08,0.08,0.09,0.06,0.06,0.07,0.07,0.08,0.09,0.09,0.1,0.1,0.09,0.09,0.1,0.11,0.12,0.15,0.13,0.14,0.15,0.13,
嘉義,2024/03/08 00:00:00,NO,0.9,0.6,0.5,0.6,0.7,0.6,0.7,1.4,2.3,2.6,2.5,2,1.7,1.4,1.1,1.1,1.2,1.1,0.7,0.6,0.7,0.6,0.5,0.7,
嘉義,2024/03/08 00:00:00,NO2,9.3,11.3,9.7,8.9,8.3,7.8,7.9,12.7,14.5,12.5,9.8,9.2,9.7,10.4,11.3,10.8,12.4,16.5,18.4,19,17.2,17.9,17.2,16.8,
嘉義,2024/03/08 00:00:00,NOx,10.2,12,10.3,9.5,9,8.4,8.6,14.2,16.9,15.2,12.3,11.2,11.5,11.8,12.5,11.9,13.6,17.6,19.2,19.6,18,18.5,17.8,17.5,
嘉義,2024/03/08 00:00:00,O3,29,26.8,25.9,29.8,29.6,34.6,35.9,31.6,33.1,38.5,40.5,40.3,42.3,64,84.1,85.2,74.1,60.3,54.5,47.1,46,39.2,37.6,33.7,
嘉義,2024/03/08 00:00:00,PM10,30,36,31,29,22,25,27,29,37,29,31,39,36,56,76,88,126,127,110,97,76,81,67,63,
嘉義,2024/03/08 00:00:00,PM2.5,19,21,26,21,22,21,20,21,22,23,23,24,23,32,38,43,46,43,35,41,40,45,35,38,
嘉義,2024/03/08 00:00:00,RAINFALL,0,0,0,0,0,0,0,0,0,0,0,0,0,0,0,0,0,0,0,0,0,0,0,0,
嘉義,2024/03/08 00:00:00,RH,82,81,82,81,79,80,79,77,72,63,60,59,57,47,41,41,43,42,41,42,40,42,42,45,
嘉義,2024/03/08 00:00:00,SO2,2.1,1.6,1.6,1.8,1.5,1.8,1.9,2.5,1.7,1.7,1.9,1.6,1.7,2.1,2.3,2.7,2.9,3.3,3.1,2.9,2.6,3.6,2.6,2.5,
嘉義,2024/03/08 00:00:00,THC,2.15,2.17,2.18,2.17,2.16,2.14,2.14,2.15,2.13,2.13,2.13,2.14,2.15,2.16,2.15,2.16,2.18,2.18,2.19,2.27,2.25,2.3,2.28,2.32,
嘉義,2024/03/08 00:00:00,WD_HR,14,15,7,23,16,8,6,4,356,1,28,88,90,359,350,339,334,351,6,5,10,12,52,349,
嘉義,2024/03/08 00:00:00,WIND_DIREC,21,40,13,35,10,13,13,9,358,348,77,79,130,359,13,332,345,5,4,6,9,17,43,353,
嘉義,2024/03/08 00:00:00,WIND_SPEED,2.7,2.6,3.6,2.7,3,3.2,3,3,2.9,2.3,2.9,1.6,1.6,2.6,2,3.5,5.1,3.3,3.3,2.9,3.1,1.8,1.4,2.2,
嘉義,2024/03/08 00:00:00,WS_HR,2.7,2.2,2.8,2.2,2.2,3,2.7,2.5,2.9,2,2.5,1.9,1.5,1.4,2.3,2,3.8,3.7,3.1,2.5,2.7,2.1,1.6,1.8,
嘉義,2024/03/09 00:00:00,AMB_TEMP,15.7,15.3,15,14.8,14.6,13.7,14.5,15.1,15.3,16.9,18.7,18.3,18.9,18.4,17.6,17.1,17.1,17.3,16.4,16.1,16,15.7,15.3,15.3,
嘉義,2024/03/09 00:00:00,CH4,2.22,2.25,2.24,2.21,2.22,2.21,2.18,2.18,2.13,2.14,2.15,2.12,2.1,2.07,2.08,2.05,2.07,2.09,2.08,2.08,2.09,2.09,2.14,2.13,
嘉義,2024/03/09 00:00:00,CO,0.4,0.38,0.35,0.32,0.34,0.32,0.32,0.41,0.41,0.42,0.47,0.43,0.42,0.41,0.41,0.4,0.44,0.52,0.44,0.46,0.46,0.42,0.43,0.36,
嘉義,2024/03/09 00:00:00,NMHC,0.1,0.11,0.09,0.12,0.12,0.11,0.09,0.13,0.11,0.12,0.13,0.12,0.1,0.1,0.11,0.12,0.14,0.18,0.13,0.13,0.14,0.13,0.12,0.07,
嘉義,2024/03/09 00:00:00,NO,0.6,0.9,0.5,0.5,0.5,0.6,0.7,1,2.1,3.1,4.4,3.6,3.6,1.9,2.1,2.4,1.8,1.4,1,0.7,0.7,0.6,0.9,0.6,
嘉義,2024/03/09 00:00:00,NO2,15.6,15.1,13.2,13.6,13.5,11.9,9,13.2,16.1,14.3,14.1,16.2,14.5,13.4,16.1,18.1,19.6,21.7,20.2,16.8,17.3,15.7,16.1,10.9,
嘉義,2024/03/09 00:00:00,NOx,16.2,16,13.8,14.2,14,12.6,9.7,14.2,18.3,17.5,18.6,19.9,18.2,15.3,18.2,20.5,21.4,23.2,21.3,17.6,18.1,16.4,17.1,11.6,
嘉義,2024/03/09 00:00:00,O3,32.9,31,29.3,26.1,23.5,27.5,29.8,22.4,28.9,30.4,34.1,35.5,41.7,42.5,37.1,34.4,32.4,28.6,31.9,32.2,29.9,29,29.8,34.6,
嘉義,2024/03/09 00:00:00,PM10,55,56,49,45,44,48,42,48,41,51,58,55,56,63,62,55,55,67,62,59,62,56,57,50,
嘉義,2024/03/09 00:00:00,PM2.5,33,29,26,23,26,28,23,24,25,27,32,29,29,32,27,25,31,31,30,28,30,35,32,27,
嘉義,2024/03/09 00:00:00,RAINFALL,0,0,0,0,0,0,0,0,0,0,0,0,0,0,0,0,0,0,0,0,0,0,0,0,
嘉義,2024/03/09 00:00:00,RH,44,43,44,46,51,54,48,50,46,45,44,45,42,45,48,49,51,52,55,56,57,60,62,62,
嘉義,2024/03/09 00:00:00,SO2,3.1,4.3,3.6,2.1,1.8,1.8,1.7,1.8,2.3,2.5,2.4,2,2,2.3,2.3,2.2,2,2.3,2,2.2,2.2,1.9,2.1,1.8,
嘉義,2024/03/09 00:00:00,THC,2.32,2.36,2.33,2.33,2.34,2.32,2.27,2.31,2.24,2.26,2.28,2.24,2.2,2.17,2.19,2.17,2.21,2.27,2.21,2.21,2.23,2.22,2.26,2.2,
嘉義,2024/03/09 00:00:00,WD_HR,4,354,18,32,114,340,100,358,355,78,333,350,347,6,359,21,19,3,355,9,11,84,344,58,
嘉義,2024/03/09 00:00:00,WIND_DIREC,5,5,56,5,225,51,109,315,17,52,343,352,6,7,4,17,56,353,0,12,61,246,357,47,
嘉義,2024/03/09 00:00:00,WIND_SPEED,3,2.3,1.6,1.9,1.2,3.2,1.7,2.6,2.7,1.2,3.7,3.5,3.9,3.2,3.9,2.8,2.1,3,2.5,2.1,2.5,1.2,2.9,1.6,
嘉義,2024/03/09 00:00:00,WS_HR,2.2,2.2,1.8,1.7,0.7,3,2,0.9,2.6,1.5,2.7,3,3.5,3.2,3.2,2.8,2.3,2.2,2.5,2.1,2.1,0.6,2.4,1.5,
嘉義,2024/03/10 00:00:00,AMB_TEMP,15.2,15,15.1,15.1,14.9,14.9,14.9,15.1,15.6,16,16.2,17.1,18.3,19.5,19.7,20.7,20.6,20,19.3,18.5,18,17.8,17.7,17.8,
嘉義,2024/03/10 00:00:00,CH4,2.15,2.12,2.17,2.18,2.18,2.2,2.19,2.17,2.17,2.15,2.17,2.17,2.16,2.13,2.12,2.09,2.08,2.09,2.09,2.06,2.06,2.06,2.07,2.08,
嘉義,2024/03/10 00:00:00,CO,0.42,0.39,0.37,0.38,0.38,0.37,0.37,0.39,0.44,0.5,0.53,0.54,0.61,0.48,0.43,0.41,0.41,0.44,0.43,0.42,0.43,0.36,0.33,0.32,
嘉義,2024/03/10 00:00:00,NMHC,0.1,0.13,0.08,0.09,0.09,0.1,0.08,0.09,0.11,0.12,0.15,0.14,0.17,0.11,0.07,0.06,0.06,0.08,0.08,0.07,0.06,0.04,0.03,0.03,
嘉義,2024/03/10 00:00:00,NO,0.7,0.6,0.8,0.8,0.8,0.8,0.9,0.9,1.5,2,2.6,3.1,3.1,2.2,1.6,1.5,1.1,1.1,0.9,0.8,0.9,0.9,0.8,0.8,
嘉義,2024/03/10 00:00:00,NO2,12.6,11.6,10.2,10.3,10.6,11,10.5,10.8,13.8,13.6,15.9,15.3,15.7,13.3,11.1,8.9,8.4,9.1,11.4,11,11.4,9.4,7.9,7.2,
嘉義,2024/03/10 00:00:00,NOx,13.3,12.3,11.1,11.2,11.4,11.9,11.5,11.8,15.3,15.7,18.6,18.5,18.8,15.6,12.7,10.4,9.6,10.2,12.3,11.9,12.3,10.3,8.7,8,
嘉義,2024/03/10 00:00:00,O3,29.4,30.6,30.4,26.6,26.4,24.4,27.3,27.5,26.2,24.5,24.9,29.8,37.7,45.7,49,56.2,58.6,58.2,47.9,41.7,38.7,37.9,36.6,33.9,
嘉義,2024/03/10 00:00:00,PM10,53,53,57,48,56,53,46,50,51,51,63,62,67,60,54,51,49,57,64,60,57,56,55,59,
嘉義,2024/03/10 00:00:00,PM2.5,34,31,26,32,29,34,30,32,32,36,42,41,48,42,40,34,33,40,34,27,31,29,28,28,
嘉義,2024/03/10 00:00:00,RAINFALL,0,0,0,0,0,0,0,0,0,0,0,0,0,0,0,0,0,0,0,0,0,0,0,0,
嘉義,2024/03/10 00:00:00,RH,62,64,64,65,65,66,66,65,65,63,65,64,61,59,59,57,57,59,71,84,87,88,89,89,
嘉義,2024/03/10 00:00:00,SO2,1.9,1.8,2.6,2.1,2.1,2.7,2.3,3.4,3.3,2.4,2.8,3.4,3.3,4.7,3.6,2.5,2.5,3.1,2.1,2.8,2.9,2.1,3.4,3.9,
嘉義,2024/03/10 00:00:00,THC,2.25,2.25,2.25,2.27,2.27,2.3,2.27,2.26,2.28,2.27,2.32,2.31,2.33,2.24,2.19,2.15,2.14,2.17,2.17,2.13,2.12,2.1,2.1,2.11,
嘉義,2024/03/10 00:00:00,WD_HR,7,3,28,50,3,8,357,18,60,343,346,68,36,351,358,354,359,14,357,3,350,352,0,50,
嘉義,2024/03/10 00:00:00,WIND_DIREC,60,348,50,5,22,2,357,37,73,326,45,9,349,348,4,309,10,17,4,341,345,8,4,50,
嘉義,2024/03/10 00:00:00,WIND_SPEED,2.5,2.1,1.8,1.5,1.8,2.6,1.5,2.1,1.2,1.5,1.2,0.8,1.7,1.7,2.5,2.2,2.3,1.7,2.8,2.4,2.4,1.8,1.8,1.5,
嘉義,2024/03/10 00:00:00,WS_HR,2.1,1.9,1.5,1.4,1.9,1.7,1.6,1.5,1.3,0.5,1.3,0.9,0.6,1.7,2.2,1.6,2.1,1.9,2.3,2,2.2,1.7,1.6,1.2,
嘉義,2024/03/11 00:00:00,AMB_TEMP,17.8,17.7,17.6,17.5,17.3,17.1,17.1,17.3,18.3,19.3,20.2,20.9,21.1,20,19.2,19.1,19.2,18.9,17.9,17.5,17.4,17.6,17.9,17.9,
嘉義,2024/03/11 00:00:00,CH4,2.07,2.09,2.08,2.13,2.22,2.18,2.18,2.2,2.18,2.13,2.12,2.12,2.1,#,2.02,2.03,2.05,2.08,2.08,2.06,2.06,2.08,2.08,2.11,
嘉義,2024/03/11 00:00:00,CO,0.34,0.31,0.25,0.33,0.33,0.35,0.39,0.53,0.48,0.51,0.51,0.47,0.46,0.35,0.33,#,0.47,0.52,0.41,0.39,0.43,0.46,0.43,0.44,
嘉義,2024/03/11 00:00:00,NMHC,0.04,0.04,0.02,0.06,0.08,0.07,0.09,0.12,0.1,0.07,0.07,0.09,0.08,#,0.09,0.09,0.2,0.22,0.12,0.11,0.13,0.17,0.16,0.16,
嘉義,2024/03/11 00:00:00,NO,0.8,0.7,0.7,0.8,0.7,0.7,1.1,3,4.3,3.2,2.1,1.8,1.9,1.9,1.5,#,2.7,3.1,1.6,1,0.7,0.8,0.7,0.9,
嘉義,2024/03/11 00:00:00,NO2,6.7,8.3,5.8,6.3,7.1,8.2,11.1,11.7,11.3,8.9,7.6,9.2,10.5,10.9,12.2,#,20,22.2,17.9,12.2,13.5,15.3,13.1,12,
嘉義,2024/03/11 00:00:00,NOx,7.6,9.1,6.6,7.2,7.8,8.9,12.3,14.8,15.6,12.2,9.7,11,12.4,12.9,13.7,#,22.7,25.3,19.6,13.3,14.3,16.2,13.8,13,
嘉義,2024/03/11 00:00:00,O3,32.3,29.2,30.7,19.4,21.5,16.2,15.2,15.4,21.4,30.9,41.5,45.4,44.6,34.2,#,25.4,18.5,13,25.5,29.9,25.2,19.6,18.4,16.8,
嘉義,2024/03/11 00:00:00,PM10,59,63,61,65,71,65,67,75,74,72,63,64,76,#,67,70,60,51,33,21,21,25,17,18,
嘉義,2024/03/11 00:00:00,PM2.5,31,27,24,34,36,34,38,43,51,50,45,55,59,47,#,58,44,34,31,21,24,25,19,18,
嘉義,2024/03/11 00:00:00,RAINFALL,0,0,0,0,0,0,0,0,0,0,0,0,0,#,#,0,0,0,0.5,0.5,0,0,0,0,
嘉義,2024/03/11 00:00:00,RH,90,91,92,92,92,92,92,92,90,86,80,72,71,78,82,84,85,87,90,92,92,92,92,92,
嘉義,2024/03/11 00:00:00,SO2,2.1,1.8,1.3,1.4,1.6,1.3,1.3,1.4,1.7,1.5,1.6,2.5,3.2,1.6,1.5,#,1.4,1.7,1.5,1.2,1.3,1.3,1.1,1,
嘉義,2024/03/11 00:00:00,THC,2.11,2.13,2.1,2.19,2.3,2.25,2.27,2.32,2.28,2.2,2.19,2.21,2.18,#,2.11,2.12,2.25,2.3,2.2,2.17,2.19,2.25,2.24,2.27,
嘉義,2024/03/11 00:00:00,WD_HR,56,331,359,86,46,6,14,1,333,338,340,2,0,349,25,40,10,344,8,42,24,54,74,9,
嘉義,2024/03/11 00:00:00,WIND_DIREC,95,332,83,12,50,159,8,5,340,348,356,348,352,4,30,5,350,355,51,45,8,69,69,354,
嘉義,2024/03/11 00:00:00,WIND_SPEED,0.9,1.8,0.8,1,1.2,0.7,1.4,1.2,2,2.6,2.5,2.8,3.5,3.6,2.7,2.5,2.3,3.4,3.4,2.5,3.2,2.9,1.8,2.8,
嘉義,2024/03/11 00:00:00,WS_HR,0.9,1.3,1,0.8,1.2,0.5,1.2,1,1.8,2.2,1.8,2.2,2.6,3.3,2.4,2.9,2,2.8,2.4,2.4,2.6,2.2,1.7,1.4,
嘉義,2024/03/12 00:00:00,AMB_TEMP,18,17.7,17.3,16.7,16.6,16.6,16.8,16.9,18.3,19.9,21.4,#,24.7,25.1,25.5,25.3,24.4,22.8,21,20.1,19.5,18.8,18.3,17.3,
嘉義,2024/03/12 00:00:00,CH4,2.16,2.15,2.09,2.04,2,2,2.02,2.04,2.02,2.02,2.04,#,2.04,2.05,2.03,2.03,2.04,2.07,2.09,2.14,2.18,2.23,2.23,2.26,
嘉義,2024/03/12 00:00:00,CO,0.39,0.36,0.35,0.33,0.31,0.29,0.31,0.36,0.35,0.36,0.4,#,0.39,0.37,0.33,0.34,0.39,0.46,0.53,0.6,0.62,0.67,0.51,0.48,
嘉義,2024/03/12 00:00:00,NMHC,0.1,0.1,0.1,0.04,0.02,0.04,0.05,0.06,0.08,0.07,0.08,#,0.08,0.07,0.07,0.08,0.09,0.1,0.13,0.16,0.19,0.23,0.16,0.16,
嘉義,2024/03/12 00:00:00,NO,0.9,0.5,0.5,0.5,0.5,0.4,0.4,1.7,2.8,2.4,2.3,#,1.8,1.1,1,1.2,1.3,1.2,0.8,0.8,0.8,0.7,0.5,0.6,
嘉義,2024/03/12 00:00:00,NO2,12,11.6,10.6,6.3,4.9,5.7,6,9.9,10,7.8,9.1,#,9.2,8,7.8,9.5,12.2,15,17.9,21.9,22,23.2,20,15.2,
嘉義,2024/03/12 00:00:00,NOx,12.9,12.1,11.1,6.9,5.5,6.1,6.5,11.7,12.9,10.2,11.5,#,11,9.2,8.9,10.7,13.5,16.2,18.8,22.7,22.9,23.9,20.6,15.8,
嘉義,2024/03/12 00:00:00,O3,20.9,20.9,24.5,33.2,32.1,29.3,29.6,26.7,33.7,41.8,47.3,#,70,82,84.1,80.7,79.7,64.4,54.4,45.5,40,26,19.2,21.9,
嘉義,2024/03/12 00:00:00,PM10,7,20,20,21,14,11,8,14,20,21,27,23,38,52,55,65,63,66,62,74,80,74,63,68,
嘉義,2024/03/12 00:00:00,PM2.5,14,17,21,14,18,15,11,6,3,13,15,15,18,31,23,25,35,30,29,32,43,43,39,40,
嘉義,2024/03/12 00:00:00,RAINFALL,0,0,0,0,0,0,0,0,0,0,0,#,0,0,0,0,0,0,0,0,0,0,0,0,
嘉義,2024/03/12 00:00:00,RH,92,92,93,92,92,91,91,89,79,64,58,#,44,40,32,33,39,46,56,62,68,74,76,83,
嘉義,2024/03/12 00:00:00,SO2,1.4,2,1.5,1.8,1.5,1.1,1.2,1.9,1.5,1.7,1.7,#,1.8,2.3,2.4,2.6,2.5,2.5,2.6,4.4,9.2,4.3,1.9,1.7,
嘉義,2024/03/12 00:00:00,THC,2.26,2.25,2.19,2.08,2.02,2.04,2.07,2.1,2.1,2.09,2.12,#,2.12,2.12,2.1,2.11,2.13,2.17,2.22,2.3,2.37,2.46,2.39,2.42,
嘉義,2024/03/12 00:00:00,WD_HR,15,21,11,12,10,17,12,14,23,14,0,#,351,339,347,348,355,352,3,5,336,86,132,214,
嘉義,2024/03/12 00:00:00,WIND_DIREC,6,31,8,12,14,13,7,15,33,12,1,#,356,344,354,341,9,349,11,356,322,111,195,209,
嘉義,2024/03/12 00:00:00,WIND_SPEED,2.1,3.1,3.4,4.9,4.7,3,3.2,4.7,3.6,3.1,3.6,#,3,5,3.9,3.4,4.1,3.7,1.8,1.5,1.4,1.1,1,1,
嘉義,2024/03/12 00:00:00,WS_HR,1.8,2.3,3,3.8,4.1,3,2.8,3.5,3.1,3.3,3.3,#,2.9,3.7,3.9,3.6,3.8,3,2,1.9,1.2,0.4,0.6,1,
嘉義,2024/03/13 00:00:00,AMB_TEMP,17.3,17.4,17.6,17.5,17.5,17.4,17.5,18.4,20.4,22,23.7,24.4,25.1,25.5,25.6,25.3,24.2,22.2,21.2,20.6,20.2,20.1,19.9,19.6,
嘉義,2024/03/13 00:00:00,CH4,2.35,2.3,2.36,2.21,2.1,2.09,2.22,2.48,2.26,2.05,1.99,2.01,2,2,1.99,2,2.02,2.03,2.04,2.06,2.06,2.07,2.14,2.17,
嘉義,2024/03/13 00:00:00,CO,0.46,0.42,0.46,0.38,0.32,0.34,0.56,1.01,0.87,0.39,0.27,0.27,0.25,0.25,0.26,0.31,0.36,0.39,0.38,0.38,0.36,0.37,0.4,0.38,
嘉義,2024/03/13 00:00:00,NMHC,0.12,0.15,0.23,0.15,0.06,0.13,0.46,0.38,0.3,0.09,0.06,0.07,0.09,0.06,0.08,0.07,0.07,0.08,0.07,0.08,0.1,0.14,0.09,0.08,
嘉義,2024/03/13 00:00:00,NO,0.6,0.4,0.4,0.2,0.2,0.2,0.7,19,13.7,3,0.9,0.7,0.6,0.5,0.5,0.5,0.8,0.4,0.4,0.5,0.4,0.4,0.3,0.2,
嘉義,2024/03/13 00:00:00,NO2,12.2,12.2,11.7,9.5,5.2,6.1,11.6,28,27,11.9,5.8,5.6,4.9,4.7,5.4,7.6,11.2,11.8,11.3,11.2,11.6,13.4,13.5,13,
嘉義,2024/03/13 00:00:00,NOx,12.8,12.7,12.1,9.7,5.5,6.3,12.4,47,40.8,14.9,6.7,6.4,5.5,5.2,5.9,8.1,12,12.2,11.8,11.8,12.1,13.8,13.8,13.3,
嘉義,2024/03/13 00:00:00,O3,21.3,20.6,20,17.4,24.6,22.8,15.5,4.4,16.8,47.9,64,71,72.1,74.6,77.2,80.5,76.9,69,65.3,60.1,54.1,49.5,43.7,37.6,
嘉義,2024/03/13 00:00:00,PM10,68,65,67,46,35,32,37,63,53,58,66,74,52,59,59,68,80,67,75,76,80,76,81,81,
嘉義,2024/03/13 00:00:00,PM2.5,42,42,46,31,27,27,24,29,35,26,21,23,24,21,26,32,30,32,31,30,32,37,40,32,
嘉義,2024/03/13 00:00:00,RAINFALL,0,0,0,0,0,0,0,0,0,0,0,0,0,0,0,0,0,0,0,0,0,0,0,0,
嘉義,2024/03/13 00:00:00,RH,85,85,84,85,86,85,86,83,69,63,49,41,30,30,34,34,44,54,59,64,67,67,72,77,
嘉義,2024/03/13 00:00:00,SO2,1.5,2.7,2.8,1.7,1.4,1.2,1.2,1.6,1.9,2.8,1.8,1.9,1.9,1.9,1.9,2.6,3,2.5,2.3,2.9,2.8,2,4.7,4.4,
嘉義,2024/03/13 00:00:00,THC,2.47,2.45,2.59,2.36,2.16,2.22,2.68,2.86,2.56,2.14,2.05,2.08,2.09,2.06,2.07,2.07,2.09,2.11,2.11,2.14,2.16,2.21,2.23,2.25,
嘉義,2024/03/13 00:00:00,WD_HR,132,97,92,114,117,111,96,14,326,206,232,245,255,252,267,313,339,2,8,3,29,12,355,354,
嘉義,2024/03/13 00:00:00,WIND_DIREC,109,85,105,116,116,107,29,41,319,209,249,258,249,246,287,336,356,5,12,9,50,357,355,355,
嘉義,2024/03/13 00:00:00,WIND_SPEED,1,0.9,1.2,1,1.1,1.1,0.6,1,1.1,2.3,3,4,3.7,3,3.5,3.5,2.6,3,2.6,2.2,2.1,2,1.9,2.8,
嘉義,2024/03/13 00:00:00,WS_HR,0.6,0.8,0.9,1,1.1,1.1,0.8,0.6,1.2,0.9,2.4,3.2,3.3,2.8,2.6,2.9,3,2.9,2.3,2.5,1.8,1.9,1.8,1.8,
嘉義,2024/03/14 00:00:00,AMB_TEMP,19,18.8,18.6,18.4,18.1,18.1,18.1,18.3,18.6,18.5,18.5,19.4,20.9,23.4,25,25.8,25.8,24.6,21.8,20.6,20.1,19.8,19.6,18.8,
嘉義,2024/03/14 00:00:00,CH4,2.17,2.14,2.08,2.09,2.1,2.08,2.1,2.11,2.14,2.16,2.16,2.16,2.2,2.09,2.08,2.08,2.07,2.07,2.07,2.08,2.11,2.11,2.14,2.2,
嘉義,2024/03/14 00:00:00,CO,0.33,0.32,0.29,0.33,0.36,0.32,0.32,0.36,0.47,0.41,0.42,0.48,0.54,0.37,0.34,0.36,0.38,0.45,0.48,0.43,0.46,0.54,0.57,0.47,
嘉義,2024/03/14 00:00:00,NMHC,0.06,0.05,0.05,0.04,0.04,0.06,0.08,0.12,0.17,0.15,0.14,0.18,0.31,0.16,0.1,0.1,0.09,0.11,0.1,0.09,0.11,0.17,0.15,0.08,
嘉義,2024/03/14 00:00:00,NO,0.4,0.7,0.6,0.9,0.8,0.6,0.8,1,1.5,2.1,3.3,5.1,8.5,4.2,1.6,1.6,1.4,1.1,1,0.8,0.9,0.9,0.9,0.8,
嘉義,2024/03/14 00:00:00,NO2,8.2,9.7,7.5,7.2,7.1,7.8,9,11.8,13.2,15.4,15.8,19,26,13.3,8.5,10.3,12.9,13.3,16.7,17.3,18.2,19.3,18.9,16.3,
嘉義,2024/03/14 00:00:00,NOx,8.6,10.5,8.1,8.2,7.9,8.4,9.8,12.8,14.7,17.5,19.1,24.1,34.5,17.6,10.2,11.9,14.3,14.4,17.8,18.2,19.1,20.3,19.8,17.1,
嘉義,2024/03/14 00:00:00,O3,40.5,37,37,35.1,33.7,30.7,26.9,23.2,19.9,15.7,16.7,19.5,22.9,55.1,68,67.1,64.7,62.6,38.6,37.5,32.8,25.4,21,19,
嘉義,2024/03/14 00:00:00,PM10,75,78,78,81,83,84,74,80,77,85,86,85,91,64,64,70,71,85,79,75,86,94,97,84,
嘉義,2024/03/14 00:00:00,PM2.5,29,35,34,37,41,43,42,45,42,46,51,45,51,33,36,39,40,41,42,43,47,53,58,52,
嘉義,2024/03/14 00:00:00,RAINFALL,0,0,0,0,0,0,0,0,0,0,0,0,0,0,0,0,0,0,0,0,0,0,0,0,
嘉義,2024/03/14 00:00:00,RH,84,86,88,89,89,89,89,89,88,88,89,86,76,50,45,42,41,49,75,81,85,86,87,89,
嘉義,2024/03/14 00:00:00,SO2,2.3,3.9,2.9,3,2.2,1.9,1.6,1.6,1.6,1.4,1.8,2,2.8,2.7,2.9,2.6,2.5,2.3,2.5,2.8,4.6,4.2,2.9,2.6,
嘉義,2024/03/14 00:00:00,THC,2.23,2.19,2.13,2.13,2.14,2.14,2.18,2.23,2.31,2.31,2.3,2.34,2.51,2.25,2.18,2.18,2.16,2.18,2.17,2.17,2.22,2.28,2.29,2.28,
嘉義,2024/03/14 00:00:00,WD_HR,358,16,11,353,4,53,14,51,91,233,259,346,28,30,357,347,333,333,351,1,10,58,38,1,
嘉義,2024/03/14 00:00:00,WIND_DIREC,12,40,352,353,6,64,358,62,100,229,287,5,73,79,357,345,315,331,348,359,56,77,356,25,
嘉義,2024/03/14 00:00:00,WIND_SPEED,2.1,2.1,1.9,2.4,2.1,1.7,2.6,1.4,1.1,2,1.1,1.9,2.2,1.9,3,2.2,2.7,3.9,3.2,2.4,1.8,1.7,2.5,2.2,
嘉義,2024/03/14 00:00:00,WS_HR,1.9,1.5,1.4,2.1,1.9,1.7,1.6,1.5,0.5,1.2,0.9,1.1,1.4,1.2,2,2.7,2.4,2.8,2.9,2.4,1.9,1.6,1.3,2.4,
嘉義,2024/03/15 00:00:00,AMB_TEMP,18.5,18.5,18.2,18.3,18.3,18,17.9,18.3,20.1,22.4,24.7,26.4,27.2,27.9,27.2,25.1,24.1,23.3,22.4,21.6,21.2,20.5,20.4,19.7,
嘉義,2024/03/15 00:00:00,CH4,2.16,2.15,2.22,2.22,2.27,2.24,2.25,2.21,2.21,2.21,2.13,2.05,2.04,2.06,2.04,2.04,2.07,2.08,2.1,2.11,2.12,2.15,2.18,2.22,
嘉義,2024/03/15 00:00:00,CO,0.46,0.42,0.44,0.4,0.42,0.41,0.42,0.49,0.56,0.57,0.45,0.32,0.3,0.31,0.29,0.3,0.4,0.46,0.49,0.54,0.66,0.67,0.52,0.35,
嘉義,2024/03/15 00:00:00,NMHC,0.1,0.14,0.09,0.14,0.14,0.12,0.14,0.17,0.21,0.21,0.14,0.06,0.03,0.04,0.03,0.04,0.09,0.11,0.11,0.16,0.16,0.14,0.16,0.09,
嘉義,2024/03/15 00:00:00,NO,0.8,0.9,0.9,0.9,0.8,1,2.2,4.8,7.6,4.7,3.1,1.5,1.1,1.1,1.1,1.4,1.6,1.6,1.2,1,2.1,2.1,1.5,1.4,
嘉義,2024/03/15 00:00:00,NO2,16.3,14.8,17.1,17.3,16.5,18.4,18.1,16,19.9,18.6,15,7.3,5.4,5.5,6.3,7.9,13.5,19.9,24.2,26.5,30.8,30.3,30.2,21.9,
嘉義,2024/03/15 00:00:00,NOx,17.1,15.7,18,18.3,17.3,19.5,20.4,20.8,27.6,23.3,18.1,8.9,6.5,6.7,7.4,9.3,15.2,21.6,25.5,27.5,33,32.5,31.7,23.3,
嘉義,2024/03/15 00:00:00,O3,15.1,13.7,9.1,8.3,7.3,7.1,5.2,10.7,17.1,35.7,59.9,70.4,77,81,72.9,57.2,48.2,38.9,26.4,15.5,7.2,4.7,3.2,8.2,
嘉義,2024/03/15 00:00:00,PM10,85,87,83,87,92,91,84,89,91,92,68,54,48,56,67,66,78,76,69,68,79,66,71,65,
嘉義,2024/03/15 00:00:00,PM2.5,54,60,53,62,63,60,54,61,64,58,50,29,28,36,36,44,56,49,41,41,46,42,42,42,
嘉義,2024/03/15 00:00:00,RAINFALL,0,0,0,0,0,0,0,0,0,0,0,0,0,0,0,0,0,0,0,0,0,0,0,0,
嘉義,2024/03/15 00:00:00,RH,90,89,90,90,90,91,91,90,84,69,55,42,39,41,49,60,62,64,69,73,78,84,85,87,
嘉義,2024/03/15 00:00:00,SO2,2.7,1.7,1.8,1.8,1.9,2.5,2,1.8,2.3,2.2,2.7,1.8,1.7,2,2.4,2.4,2.8,3.3,3.2,3.6,4.7,3.9,3.4,2.3,
嘉義,2024/03/15 00:00:00,THC,2.26,2.29,2.31,2.36,2.41,2.36,2.39,2.38,2.42,2.42,2.27,2.11,2.07,2.1,2.07,2.08,2.16,2.19,2.21,2.27,2.28,2.29,2.34,2.31,
嘉義,2024/03/15 00:00:00,WD_HR,72,344,12,59,352,36,66,26,51,353,346,333,341,341,336,340,347,354,1,16,357,8,17,357,
嘉義,2024/03/15 00:00:00,WIND_DIREC,88,328,92,12,352,59,55,8,53,332,11,331,350,330,331,340,347,346,9,16,1,15,316,51,
嘉義,2024/03/15 00:00:00,WIND_SPEED,1.6,2.8,1.3,1.4,2.4,2.1,2.5,2.4,1.8,2.1,2.2,3,2.8,3.5,4.3,3.6,3.5,2.4,2.6,1.6,2.6,1.8,3,1.9,
嘉義,2024/03/15 00:00:00,WS_HR,2,1,1.2,1,1.1,1.4,1.9,1.8,1.3,1,1.7,2.2,2.2,2.6,3.4,3.9,3.4,2.7,2.3,1.8,2.2,1.8,1,2,
嘉義,2024/03/16 00:00:00,AMB_TEMP,19.6,19.4,19.4,19.3,19.2,18.9,18.9,19.1,20.7,22.6,25.4,27.4,28.4,29.1,28.9,28.2,27,26,25.4,24.9,24.1,23.8,23.8,23.4,
嘉義,2024/03/16 00:00:00,CH4,2.22,2.22,2.23,2.3,2.34,2.36,2.35,2.4,2.43,2.41,2.3,2.13,2.07,2.07,2.09,2.06,2.04,2.05,2.08,2.12,2.18,2.14,2.16,2.22,
嘉義,2024/03/16 00:00:00,CO,0.37,0.39,0.4,0.42,0.44,0.43,0.45,0.54,0.6,0.62,0.53,0.38,0.34,0.34,0.35,0.32,0.31,0.34,0.36,0.41,0.42,0.4,0.43,0.46,
嘉義,2024/03/16 00:00:00,NMHC,0.12,0.13,0.18,0.21,0.28,0.22,0.23,0.3,0.28,0.24,0.17,0.07,0.05,0.05,0.04,0.04,0.04,0.05,0.05,0.08,0.09,0.1,0.12,0.18,
嘉義,2024/03/16 00:00:00,NO,1.2,1.1,1.4,2.6,4.1,4.6,7.1,13.4,15.6,12.1,6.1,2.3,1,1,1,0.9,1,0.8,0.5,0.7,0.7,0.6,0.7,0.8,
嘉義,2024/03/16 00:00:00,NO2,21.8,24.7,24.5,24.7,24.4,22.8,22.2,20.7,21.9,23.4,21.5,10.6,6.7,5.6,6.7,8.6,9.1,9.3,9.7,10.9,13.7,13.8,14,16.4,
嘉義,2024/03/16 00:00:00,NOx,23,25.8,26,27.3,28.6,27.4,29.4,34.2,37.6,35.6,27.6,12.9,7.7,6.6,7.7,9.5,10.2,10.1,10.3,11.6,14.5,14.4,14.7,17.3,
嘉義,2024/03/16 00:00:00,O3,5,2.9,1.6,0.5,0,0,0.9,4.3,9.4,21.3,41.4,67.3,73.3,79.7,82.7,77,57.6,52.1,45,36,29,26.1,23.2,17.4,
嘉義,2024/03/16 00:00:00,PM10,63,63,65,62,59,67,61,69,73,82,79,61,50,48,64,59,44,45,46,61,63,58,64,59,
嘉義,2024/03/16 00:00:00,PM2.5,45,46,41,45,43,41,46,48,55,60,54,38,32,32,43,41,29,32,34,42,36,39,38,46,
嘉義,2024/03/16 00:00:00,RAINFALL,0,0,0,0,0,0,0,0,0,0,0,0,0,0,0,0,0,0,0,0,0,0,0,0,
嘉義,2024/03/16 00:00:00,RH,87,88,88,88,88,89,89,89,86,75,60,49,45,45,48,52,57,57,59,62,67,70,69,71,
嘉義,2024/03/16 00:00:00,SO2,2.4,1.6,1.4,1.5,1.9,1.6,2.1,2.2,2.6,4.3,3.1,1.8,2,2.4,2.7,3.4,2.8,2.9,3.7,4.8,4.3,2.4,1.6,1.7,
嘉義,2024/03/16 00:00:00,THC,2.34,2.35,2.41,2.51,2.62,2.58,2.58,2.7,2.71,2.65,2.47,2.2,2.12,2.12,2.13,2.1,2.08,2.1,2.13,2.2,2.27,2.24,2.28,2.4,
嘉義,2024/03/16 00:00:00,WD_HR,55,41,54,17,62,17,32,285,236,296,313,331,335,328,342,340,351,357,1,3,21,67,22,58,
嘉義,2024/03/16 00:00:00,WIND_DIREC,58,9,78,47,18,76,230,275,267,290,347,341,350,357,345,356,356,8,6,352,61,80,16,81,
嘉義,2024/03/16 00:00:00,WIND_SPEED,1.9,2.1,1,1.3,1.2,1.6,1.2,1.2,1.3,1.1,1.8,2.8,2.4,2.8,3.8,4,3,2.3,2.1,1.6,1.7,1.5,1.2,1,
嘉義,2024/03/16 00:00:00,WS_HR,2,1.8,1.1,1.4,1.3,1.7,0.8,0.7,0.2,0.9,0.7,1.5,2.1,1.4,2.9,3.6,2.6,2.6,2.2,1.6,1.4,1.8,1.2,1.1,
嘉義,2024/03/17 00:00:00,AMB_TEMP,23,22.5,22.1,21.8,21.7,21.7,21.6,22.4,24.6,26.3,27.4,28.1,29.1,29.5,29.5,28.8,28.3,27.5,26.3,24.5,24.2,23.9,23.2,#,
嘉義,2024/03/17 00:00:00,CH4,2.31,2.34,2.16,2.23,2.59,2.64,2.72,2.24,2.03,2.02,2.02,2.02,2.04,2.07,2,1.99,1.99,2,2.04,2.05,2.07,2.06,2.09,#,
嘉義,2024/03/17 00:00:00,CO,0.49,0.47,0.34,0.33,0.42,0.44,0.55,0.39,0.32,0.32,0.29,0.27,0.27,0.27,0.24,0.23,0.25,0.29,0.31,0.3,0.31,0.31,0.39,#,
嘉義,2024/03/17 00:00:00,NMHC,0.24,0.27,0.1,0.1,0.2,0.33,0.34,0.15,0.11,0.04,0.05,0.04,0.03,0.01,0.02,0.01,0.02,0.03,0.03,0.03,0.04,0.06,0.05,#,
嘉義,2024/03/17 00:00:00,NO,0.9,1,1.2,1.1,1.2,1.1,2.9,3.9,2,2.2,2.4,1.5,1.2,1.2,1.5,1.4,1.2,1.2,1.1,1,1,1,1.3,#,
嘉義,2024/03/17 00:00:00,NO2,16.7,15.7,9.2,6.4,12.1,11.7,12.6,8.4,5.5,6.6,7.3,5.3,3.5,3.4,3,2.9,3.4,4.6,6.6,6.4,7.1,10.2,12.2,#,
嘉義,2024/03/17 00:00:00,NOx,17.6,16.7,10.4,7.6,13.4,12.8,15.6,12.4,7.6,8.8,9.8,6.8,4.8,4.6,4.5,4.3,4.6,5.9,7.7,7.5,8.2,11.3,13.5,#,
嘉義,2024/03/17 00:00:00,O3,12.8,12.7,14.8,16.2,4.6,3.4,1.6,14.4,31.8,40.5,46,59.1,65.7,62.6,54.6,51.8,52.5,48.8,41.5,37.3,31.8,22.3,18.4,#,
嘉義,2024/03/17 00:00:00,PM10,60,58,46,41,51,43,41,45,36,31,34,38,43,40,32,35,34,34,40,49,43,49,67,80,
嘉義,2024/03/17 00:00:00,PM2.5,41,41,36,32,36,39,34,29,23,20,25,24,27,28,24,21,21,29,27,27,28,34,43,56,
嘉義,2024/03/17 00:00:00,RAINFALL,0,0,0,0,0,0,0,0,0,0,0,0,0,0,0,0,0,0,0,0,0,0,0,#,
嘉義,2024/03/17 00:00:00,RH,75,77,83,85,86,86,86,82,65,57,54,51,48,50,51,55,57,59,69,83,85,85,87,#,
嘉義,2024/03/17 00:00:00,SO2,1.8,1.8,1.4,1.4,1.6,1.6,1.5,1.4,1.5,2.6,3.8,3.1,2.5,2.5,1.9,2.1,1.8,2,1.9,1.4,2,1.8,2.9,#,
嘉義,2024/03/17 00:00:00,THC,2.55,2.61,2.26,2.33,2.79,2.97,3.06,2.39,2.14,2.06,2.07,2.06,2.07,2.08,2.02,2,2.01,2.03,2.07,2.08,2.11,2.12,2.14,#,
嘉義,2024/03/17 00:00:00,WD_HR,30,77,122,317,58,105,100,99,74,319,317,293,307,333,324,317,337,350,344,350,22,28,354,#,
嘉義,2024/03/17 00:00:00,WIND_DIREC,4,109,123,347,112,97,95,94,28,333,318,287,349,293,327,309,357,3,343,0,48,18,357,6,
嘉義,2024/03/17 00:00:00,WIND_SPEED,1.1,0.9,0.8,1.2,0.7,0.7,1,1,1.3,2,2.7,2.5,3,3.3,3.4,3.7,2.3,2.2,2.9,2.5,2.2,2.1,3,3,
嘉義,2024/03/17 00:00:00,WS_HR,0.9,0.9,0.9,0.1,0.5,0.7,0.9,1.1,0.8,1,1.7,2.1,2.1,2.6,2.8,3.2,2.5,2,2.9,3.3,2.1,2,2.7,#,
嘉義,2024/03/18 00:00:00,AMB_TEMP,22.3,22.3,22.2,22.1,21.8,21.5,21.2,20.9,20.9,21.4,22,23.6,24.7,26.1,26.7,26.3,24.3,22.8,21.9,21.1,20.8,20.6,20.3,20.1,
嘉義,2024/03/18 00:00:00,CH4,2.03,2.02,2.04,2.07,2.12,2.15,2.18,2.16,2.16,2.16,2.11,2.09,2.09,2.06,2.05,2.06,2.05,2.06,2.07,2.06,2.03,2.04,2.05,2.05,
嘉義,2024/03/18 00:00:00,CO,0.32,0.35,0.3,0.34,0.44,0.49,0.58,0.64,0.68,0.66,0.59,0.53,0.48,0.41,0.36,0.36,0.32,0.37,0.37,0.32,0.32,0.36,0.29,0.27,
嘉義,2024/03/18 00:00:00,NMHC,0.02,0.02,0.01,0.02,0.04,0.05,0.06,0.08,0.08,0.1,0.09,0.12,0.06,0.04,0.03,0.03,0.03,0.05,0.06,0.04,0.04,0.05,0.04,0.04,
嘉義,2024/03/18 00:00:00,NO,1.1,0.6,0.7,0.6,0.7,0.8,1,2.6,4.1,6.4,6.3,4.8,3.4,15.3,#,0,0,0.1,0,0,0,0,0,0,
嘉義,2024/03/18 00:00:00,NO2,7.4,7,5.4,5.7,7,8.5,11.1,13.8,14.9,18.1,17,12.8,10.4,6.2,#,6.4,6.9,8.8,10,8,8,9.7,8.5,8,
嘉義,2024/03/18 00:00:00,NOx,8.5,7.7,6.1,6.4,7.8,9.4,12.2,16.4,19,24.6,23.3,17.6,13.9,21.6,#,6.5,6.9,8.9,10,7.9,7.7,9.5,8.1,7.7,
嘉義,2024/03/18 00:00:00,O3,27.5,27.7,28.6,29.1,26.2,20.1,14.7,12.6,14.1,14,21.2,30.5,40.3,52.2,60.6,68.2,60.6,56.9,52.7,49.5,45.2,38.7,38.4,36.4,
嘉義,2024/03/18 00:00:00,PM10,53,58,54,57,76,81,96,75,66,63,57,52,50,#,63,88,112,106,109,101,90,84,83,81,
嘉義,2024/03/18 00:00:00,PM2.5,39,39,37,37,55,62,70,57,44,41,30,37,40,#,37,44,39,39,37,33,33,36,28,29,
嘉義,2024/03/18 00:00:00,RAINFALL,0,0,0,0,0,0,0,0,0,0,0,0,0,0,0,0,0,0,0,0,0,0,0,0,
嘉義,2024/03/18 00:00:00,RH,88,88,87,87,88,89,89,88,87,85,80,72,68,63,60,61,66,69,73,76,78,79,80,81,
嘉義,2024/03/18 00:00:00,SO2,2,1.4,2.5,4.9,1.2,1,1.2,1.9,2.6,4.1,5.1,3.1,2.9,2.4,2,2.2,1.6,1.4,1.5,1.5,1.7,2.9,2.3,1.6,
嘉義,2024/03/18 00:00:00,THC,2.05,2.04,2.05,2.09,2.16,2.2,2.24,2.24,2.24,2.26,2.2,2.21,2.15,2.1,2.08,2.09,2.08,2.11,2.13,2.1,2.07,2.09,2.09,2.09,
嘉義,2024/03/18 00:00:00,WD_HR,9,15,6,0,350,348,352,0,348,350,15,338,314,334,342,322,338,351,353,3,9,6,5,10,
嘉義,2024/03/18 00:00:00,WIND_DIREC,7,22,359,357,353,350,348,353,350,353,18,291,324,336,337,338,350,338,357,18,6,6,11,5,
嘉義,2024/03/18 00:00:00,WIND_SPEED,2.6,2.1,2.4,2,1.8,2.1,2.8,2.6,2.5,3.2,2,2.5,2.6,3,3.2,3.9,3.5,2.9,3.7,3.1,3.9,3.4,2.7,2.8,
嘉義,2024/03/18 00:00:00,WS_HR,2.7,2.2,2.3,2.2,1.8,2.1,2.3,2.5,2.3,2.5,2.1,1.1,1.7,1.9,2.6,2.8,3.9,3.4,2.9,3.3,3.2,3,3,2.6,
嘉義,2024/03/19 00:00:00,AMB_TEMP,20.3,20.1,19.9,19.9,20,19.9,19.4,18.9,19.4,19.2,19,20,21.1,22.1,22.8,23.3,22.1,20.5,19.3,18.3,17.8,17.5,17.2,16.9,
嘉義,2024/03/19 00:00:00,CH4,2.06,2.09,2.17,2.16,2.14,2.09,2.07,2.04,2.06,2.08,2.06,2.06,2.01,2.01,2.01,2.01,2.03,2.04,2.05,2.06,2.06,2.08,2.1,2.11,
嘉義,2024/03/19 00:00:00,CO,0.26,0.28,0.32,0.31,0.32,0.31,0.27,0.28,0.31,0.32,0.35,0.32,0.28,0.26,0.28,0.3,0.34,0.37,0.4,0.38,0.37,0.38,0.36,0.35,
嘉義,2024/03/19 00:00:00,NMHC,0.05,0.07,0.04,0.07,0.1,0.07,0.05,0.05,0.09,0.09,0.11,0.11,0.07,0.06,0.08,0.07,0.09,0.1,0.1,0.09,0.1,0.11,0.11,0.12,
嘉義,2024/03/19 00:00:00,NO,0,0,0.1,0,0,0.2,0,0.5,1.6,2.3,3,4.9,2,1.4,1.5,1.1,1.1,0.6,0.2,0,0,0,0.2,0.2,
嘉義,2024/03/19 00:00:00,NO2,7.7,9.8,8.7,9.2,10.3,9.6,9,10.1,12.8,13.7,14.2,13.4,9.1,8.7,9.6,9,12.5,12.5,13.3,13.4,13.7,14,14.6,15.8,
嘉義,2024/03/19 00:00:00,NOx,7.3,9.9,8.8,9.1,10.4,9.8,9.1,10.6,14.5,16.1,17.3,18.4,11.2,10.1,11.1,10.2,13.7,13.1,13.6,13.5,13.7,14.1,14.9,16.1,
嘉義,2024/03/19 00:00:00,O3,34.8,31.6,29.1,25.2,22,26.1,26.4,27.3,23.9,23.2,23.4,27.8,45.5,48.3,49.4,54.8,56.7,53.1,45.3,40.5,38.6,35.9,33.8,29.9,
嘉義,2024/03/19 00:00:00,PM10,77,78,77,78,78,64,54,28,29,27,21,31,29,23,32,25,40,53,32,27,17,16,21,21,
嘉義,2024/03/19 00:00:00,PM2.5,30,30,27,32,35,30,30,13,20,15,16,18,10,14,11,18,14,13,10,10,10,11,11,14,
嘉義,2024/03/19 00:00:00,RAINFALL,0,0,0,0,0,0,0,0,0,0,0,0,0,0,0,0,0,0,0,0,0,0,0,0,
嘉義,2024/03/19 00:00:00,RH,80,81,83,82,80,82,86,86,84,83,81,79,64,59,57,55,49,48,49,51,51,52,53,56,
嘉義,2024/03/19 00:00:00,SO2,1.3,1.6,1.6,2.6,1.8,1.7,1.5,1.7,1.6,2,2.2,1.6,1.6,1.6,1.4,1.5,1.6,1.6,1.6,1.5,1.8,1.4,2,1.9,
嘉義,2024/03/19 00:00:00,THC,2.11,2.16,2.21,2.23,2.24,2.16,2.12,2.09,2.15,2.17,2.17,2.17,2.08,2.07,2.09,2.08,2.12,2.14,2.15,2.15,2.16,2.19,2.21,2.23,
嘉義,2024/03/19 00:00:00,WD_HR,60,321,345,44,24,33,11,21,6,358,4,353,11,22,29,0,359,5,7,12,18,6,7,3,
嘉義,2024/03/19 00:00:00,WIND_DIREC,44,315,3,44,18,4,15,16,358,1,7,355,40,21,14,358,4,6,5,12,23,7,17,12,
嘉義,2024/03/19 00:00:00,WIND_SPEED,1,2.1,2.7,2.5,2.4,3.1,3.8,3.2,3.3,3.4,3.3,5.3,4.3,3.4,4.3,4.5,5,5.4,5.6,4.2,3.5,2.5,2.1,2.1,
嘉義,2024/03/19 00:00:00,WS_HR,1.8,1.9,2,1.9,1.9,2.2,2.7,2.9,2.9,3.1,3.1,4.2,4.2,3.6,3.2,3.3,4.3,4.9,4.6,4.2,3.5,2.6,2.2,2,
嘉義,2024/03/20 00:00:00,AMB_TEMP,17.3,17.7,17.9,17.7,17.5,17.4,17.7,18.2,19.4,20.9,22.3,23.8,25,25,25.1,24.9,24,22.4,20.9,20.5,20,19,18.8,19.2,
嘉義,2024/03/20 00:00:00,CH4,2.11,2.15,2.17,2.18,2.23,2.19,2.15,2.14,2.14,2.12,2.11,2.08,2.07,2.07,2.05,2.04,2.05,2.07,2.1,2.1,2.13,2.16,2.2,2.28,
嘉義,2024/03/20 00:00:00,CO,0.35,0.35,0.37,0.37,0.34,0.25,0.28,0.39,0.4,0.39,0.38,0.39,0.49,0.41,0.36,0.38,0.45,0.5,0.55,0.5,0.5,0.4,0.4,0.4,
嘉義,2024/03/20 00:00:00,NMHC,0.13,0.12,0.16,0.13,0.11,0.07,0.09,0.15,0.14,0.14,0.1,0.08,0.08,0.07,0.06,0.07,0.08,0.09,0.11,0.13,0.17,0.12,0.15,0.15,
嘉義,2024/03/20 00:00:00,NO,0.1,0.1,0.1,0.1,0.1,0.1,0.2,2.4,4.2,4,4.6,1.9,0.8,0.2,0.3,0.2,0.5,0.4,0.2,0.2,0.1,0.3,0.1,0.2,
嘉義,2024/03/20 00:00:00,NO2,16,13.2,14.4,14.9,15.4,12.8,15.4,20.9,18.5,16.1,17.8,12.5,9.5,8.3,8.2,9,11.8,14.1,17.7,18.1,21.2,17.6,16.6,16.8,
嘉義,2024/03/20 00:00:00,NOx,16.1,13.4,14.5,15,15.5,13,15.7,23.3,22.7,20.1,22.4,14.4,10.4,8.6,8.5,9.2,12.4,14.5,17.9,18.4,21.4,17.9,16.8,17,
嘉義,2024/03/20 00:00:00,O3,27.1,28.4,23.7,23.6,24.8,35.6,31.1,27.5,30,36.6,42.1,61,77.9,85.6,86.6,87.5,80.3,68.3,56.1,50.2,41.8,41.2,35.2,32.7,
嘉義,2024/03/20 00:00:00,PM10,26,20,25,30,38,53,60,68,49,68,68,58,62,63,72,112,135,142,158,137,133,116,116,114,
嘉義,2024/03/20 00:00:00,PM2.5,17,17,13,22,22,23,15,23,23,22,25,25,24,30,27,28,37,39,41,36,40,24,31,37,
嘉義,2024/03/20 00:00:00,RAINFALL,0,0,0,0,0,0,0,0,0,0,0,0,0,0,0,0,0,0,0,0,0,0,0,0,
嘉義,2024/03/20 00:00:00,RH,56,55,55,54,49,39,35,34,38,36,38,41,40,42,41,39,41,47,50,50,51,52,51,52,
嘉義,2024/03/20 00:00:00,SO2,2.6,2,2.1,6.2,5.8,2.8,2,2.4,3,4.7,3.4,3.1,3.3,3.3,3,2.8,3,3.2,3.7,4.2,3.7,2.8,3.5,3,
嘉義,2024/03/20 00:00:00,THC,2.24,2.27,2.33,2.31,2.34,2.26,2.24,2.29,2.28,2.26,2.21,2.16,2.15,2.14,2.11,2.11,2.13,2.16,2.21,2.23,2.3,2.28,2.35,2.43,
嘉義,2024/03/20 00:00:00,WD_HR,59,48,346,357,2,6,1,357,346,352,316,312,7,340,343,344,353,342,358,17,332,346,38,60,
嘉義,2024/03/20 00:00:00,WIND_DIREC,63,12,333,345,352,354,357,353,356,21,241,295,31,318,0,5,347,4,346,52,322,4,52,46,
嘉義,2024/03/20 00:00:00,WIND_SPEED,1.6,1,1.4,2.5,3,1.8,1.7,2.1,2.5,2.2,2,3,2.1,3.4,2.9,4,3.4,3.7,2.6,1.3,2.4,2.9,1.6,1.7,
嘉義,2024/03/20 00:00:00,WS_HR,1.6,0.9,1.2,1.7,2.2,2.1,1.6,1.7,1.9,1.9,2,2,1.7,2.4,2.7,3.5,3.2,3.2,2.6,1.2,1.5,2.3,1.4,1.6,
嘉義,2024/03/21 00:00:00,AMB_TEMP,19.4,19.2,19,18,18.4,17.2,17.7,18.6,20,22.4,23.7,24.5,25,25.2,24.6,23.5,22.8,22.2,21.7,21.1,20.8,20.6,20.4,20,
嘉義,2024/03/21 00:00:00,CH4,2.29,2.27,2.17,2.24,2.26,2.45,2.5,2.44,2.23,2.06,1.98,1.95,1.98,1.98,#,1.99,1.99,1.98,1.99,2,1.99,2.09,2.1,2.13,
嘉義,2024/03/21 00:00:00,CO,0.41,0.39,0.34,0.33,0.3,0.36,0.42,0.49,0.45,0.3,0.26,0.28,0.27,0.23,0.24,0.26,0.26,0.27,0.27,0.29,#,0.3,0.28,0.27,
嘉義,2024/03/21 00:00:00,NMHC,0.17,0.17,0.09,0.08,0.08,0.14,0.2,0.17,0.1,0.04,0.03,0.04,0.04,0.03,#,0.04,0.03,0.04,0.06,0.03,0.05,0.06,0.12,0.07,
嘉義,2024/03/21 00:00:00,NO,0.1,0.8,0.8,0.6,0.5,0.7,1.4,3.4,3.4,1.8,1,0.8,0.7,0.8,#,#,0.6,0.4,0.3,0.3,#,0,0,0.1,
嘉義,2024/03/21 00:00:00,NO2,16.2,17.2,11.6,7.3,7.6,16.8,17.9,19.2,16.7,7.6,4.5,5.5,6,5.1,#,#,7.6,7.7,8.2,7.2,#,9.9,9.6,8.2,
嘉義,2024/03/21 00:00:00,NOx,16.3,18.1,12.4,8,8.2,17.5,19.4,22.7,20.1,9.5,5.5,6.3,6.8,5.9,#,#,8.3,8.1,8.5,7.5,#,9.9,9.5,8.3,
嘉義,2024/03/21 00:00:00,O3,28.7,22.9,38.9,41.2,47.3,21.9,18,23.6,40.5,61.5,69,75.9,76.4,72.4,75.8,78.4,75.3,69.1,64.9,61.5,59.5,52.5,48.2,40.1,
嘉義,2024/03/21 00:00:00,PM10,100,101,85,81,76,84,78,88,98,79,80,81,78,67,68,80,77,62,57,61,56,63,62,55,
嘉義,2024/03/21 00:00:00,PM2.5,37,33,35,24,28,28,35,35,38,27,24,24,20,22,17,21,17,21,16,19,14,16,19,16,
嘉義,2024/03/21 00:00:00,RAINFALL,0,0,0,0,0,0,0,0,0,0,0,0,0,0,0,0,0,0,0,0,0,0,0,0,
嘉義,2024/03/21 00:00:00,RH,51,58,66,73,71,66,65,65,63,56,49,45,46,46,49,55,56,56,58,61,61,63,65,68,
嘉義,2024/03/21 00:00:00,SO2,2.5,1.8,2.5,1.7,1.7,1.8,2,2.1,3.3,2,1.4,1.6,#,#,1.6,1.8,1.7,1.3,1.5,1.4,#,2.2,1.9,1.3,
嘉義,2024/03/21 00:00:00,THC,2.46,2.44,2.26,2.32,2.34,2.59,2.7,2.61,2.33,2.1,2.01,1.99,2.02,2.01,#,2.03,2.02,2.02,2.05,2.03,2.04,2.15,2.22,2.2,
嘉義,2024/03/21 00:00:00,WD_HR,76,147,172,208,275,314,89,120,214,219,239,236,249,256,255,264,252,280,317,327,6,12,86,107,
嘉義,2024/03/21 00:00:00,WIND_DIREC,111,307,237,147,310,289,100,205,222,229,243,254,255,243,256,258,268,289,314,356,6,76,107,125,
嘉義,2024/03/21 00:00:00,WIND_SPEED,0.9,0.7,1.3,0.9,1.4,0.8,1.2,1.2,2,2.9,4.4,4.1,4,3.8,4.4,2.6,3,2.4,2.8,2.2,1.6,1.3,0.8,1,
嘉義,2024/03/21 00:00:00,WS_HR,0.6,0.4,0.6,0.7,0.2,1.1,0.3,0.7,0.9,1.9,3.6,3.5,3.8,3.5,3.9,3.1,2.8,2,2.4,2.1,1.9,1.4,1,1,
嘉義,2024/03/22 00:00:00,AMB_TEMP,19.4,19.1,19.2,19,18.8,18.5,18.5,19.2,20.3,21.9,24,25.8,26.5,27.3,27.8,28.1,27.3,26.2,25.1,24.3,24,23.5,23.1,22.5,
嘉義,2024/03/22 00:00:00,CH4,2.1,2.1,2.29,2.16,2.11,2.05,2.04,2.03,2.03,2.02,1.97,1.96,#,#,1.99,2,2,2,2.01,2.03,2.08,2.09,2.14,2.13,
嘉義,2024/03/22 00:00:00,CO,0.24,0.22,0.26,0.23,0.22,0.22,0.24,0.3,0.4,0.36,0.22,0.21,0.21,0.22,0.23,0.25,0.27,0.32,0.35,0.37,0.44,0.52,0.51,0.45,
嘉義,2024/03/22 00:00:00,NMHC,0.05,0.07,0.1,0.05,0.07,0.04,0.04,0.06,0.09,0.09,0.03,0.08,#,#,0.17,0.32,0.11,0.11,0.15,0.06,0.1,0.13,0.18,0.15,
嘉義,2024/03/22 00:00:00,NO,0.1,0.5,0.3,0.3,0.4,0.4,0.5,0.7,1.5,3,1.2,#,#,0.8,#,1,1.1,0.9,0.9,0.9,0.8,0.9,0.8,0.8,
嘉義,2024/03/22 00:00:00,NO2,6.4,7.3,6.5,6.3,5.3,5.8,6.4,8.3,14.2,16.9,6.4,#,#,5.6,#,5.1,5.4,7.9,9.4,10.7,11.6,18,15.2,13.5,
嘉義,2024/03/22 00:00:00,NOx,6.5,7.9,6.8,6.6,5.7,6.3,6.9,9,15.7,20,7.6,#,#,6.5,#,6.1,6.5,8.9,10.3,11.6,12.4,19,16.1,14.3,
嘉義,2024/03/22 00:00:00,O3,35.7,34.9,31.3,36,26.8,24.5,24.9,27,#,#,#,64.4,64.2,68.4,73,73.9,70.3,75.1,72.4,62.8,54.8,39.4,32.6,31.2,
嘉義,2024/03/22 00:00:00,PM10,41,44,45,39,35,26,24,31,43,49,42,37,45,47,47,48,54,60,58,54,51,53,51,46,
嘉義,2024/03/22 00:00:00,PM2.5,19,16,19,13,17,15,12,15,12,17,17,13,14,15,14,15,17,23,27,23,28,26,28,25,
嘉義,2024/03/22 00:00:00,RAINFALL,0,0,0,0,0,0,0,0,0,0,0,0,0,0,0,0,0,0,0,0,0,0,0,0,
嘉義,2024/03/22 00:00:00,RH,72,73,73,71,72,70,69,66,63,60,45,34,34,35,37,42,48,52,57,62,63,65,67,70,
嘉義,2024/03/22 00:00:00,SO2,0.9,1.4,1.3,1.4,1.2,1.2,1.3,1.2,1.3,1.4,1.9,1.5,1.8,1.8,1.7,2.2,1.9,2.2,2.4,2,2,2,1.6,1.6,
嘉義,2024/03/22 00:00:00,THC,2.15,2.17,2.39,2.21,2.18,2.09,2.08,2.09,2.12,2.11,2,2.04,#,#,2.16,2.32,2.11,2.11,2.16,2.09,2.18,2.22,2.32,2.28,
嘉義,2024/03/22 00:00:00,WD_HR,114,90,39,70,106,113,112,110,106,100,112,#,#,251,266,274,246,245,248,202,110,148,106,119,
嘉義,2024/03/22 00:00:00,WIND_DIREC,103,100,359,87,115,111,113,112,98,90,115,#,245,256,279,246,255,244,237,108,111,202,124,118,
嘉義,2024/03/22 00:00:00,WIND_SPEED,1,0.9,2.1,1.4,1.2,1.3,2.2,1.5,1.2,1.1,1.2,#,2.6,2.8,3.2,2.7,2.4,2.7,1.9,0.9,1.5,0.7,1,1.1,
嘉義,2024/03/22 00:00:00,WS_HR,1.1,0.9,0.6,1.1,1.1,1.2,1.4,1.6,1.1,1,0.5,#,#,2.6,2.6,2.2,2.7,2.2,1.9,0.6,0.6,0.5,1.1,1.1,
嘉義,2024/03/23 00:00:00,AMB_TEMP,22.3,21.9,21.7,21.6,21.4,21.4,21.5,22.5,25.2,28.7,30.6,31.7,32.2,32.2,31.5,31.2,30.5,29.4,28.2,27.3,26.5,25.7,25.4,25.2,
嘉義,2024/03/23 00:00:00,CH4,2.14,2.09,2.06,2.06,2.07,2.12,2.53,2.32,2.1,1.99,1.93,1.93,1.95,1.94,1.94,1.94,1.95,1.96,1.98,2,2.04,2.08,2.07,2.06,
嘉義,2024/03/23 00:00:00,CO,0.45,0.28,0.27,0.25,0.23,0.28,0.49,0.44,0.36,0.23,0.19,0.18,0.2,0.24,0.2,0.19,0.2,0.23,0.27,0.26,0.29,0.38,0.28,0.25,
嘉義,2024/03/23 00:00:00,NMHC,0.16,0.08,0.05,0.05,0.06,0.16,0.35,0.18,0.06,0.01,0,0,0,0.01,0.01,0,0.02,0.02,0.05,0.04,0.07,0.08,0.05,0.04,
嘉義,2024/03/23 00:00:00,NO,0.7,0.5,0.4,0.3,0,0.2,2.8,5.4,3.3,1.3,0.7,0.6,0.3,0.4,0.6,0.6,0.6,0.7,0.4,0.3,0.3,0.4,0.3,0.3,
嘉義,2024/03/23 00:00:00,NO2,12.7,8,6.1,5,5.1,7.2,17.5,15.4,11.1,4.8,2.5,2.5,3.1,3.9,4.2,3.8,4.2,6.2,7.8,8.4,9,9.9,8.3,6.8,
嘉義,2024/03/23 00:00:00,NOx,13.5,8.5,6.6,5.4,5.1,7.4,20.3,20.8,14.4,6.1,3.3,3.1,3.5,4.3,4.8,4.5,4.9,6.9,8.3,8.8,9.4,10.3,8.7,7.2,
嘉義,2024/03/23 00:00:00,O3,29.8,36.9,36.5,34.6,30.4,21.2,7.3,12.1,29.5,38.7,41.5,42.7,50.5,58.1,54.4,46.6,43.4,36.4,29.6,25.9,21.5,18.1,18.9,18.6,
嘉義,2024/03/23 00:00:00,PM10,39,34,35,26,28,31,34,37,42,34,42,54,52,64,64,49,46,35,34,36,34,42,32,38,
嘉義,2024/03/23 00:00:00,PM2.5,25,21,19,17,21,17,23,19,22,12,9,13,16,20,15,16,13,13,12,18,10,14,17,24,
嘉義,2024/03/23 00:00:00,RAINFALL,0,0,0,0,0,0,0,0,0,0,0,0,0,0,0,0,0,0,0,0,0,0,0,0,
嘉義,2024/03/23 00:00:00,RH,70,69,69,70,70,72,73,72,62,52,44,40,42,45,50,51,53,58,62,64,72,81,85,85,
嘉義,2024/03/23 00:00:00,SO2,1.4,1.3,1.2,1.1,1.1,1.1,1.4,1.5,3,1.7,1.1,1.1,1.4,1.8,1.5,1.1,1.3,1,1.3,1.7,2.3,2,1.3,1.6,
嘉義,2024/03/23 00:00:00,THC,2.3,2.17,2.11,2.11,2.13,2.28,2.88,2.5,2.16,2,1.92,1.93,1.95,1.95,1.95,1.94,1.97,1.98,2.03,2.04,2.11,2.16,2.12,2.1,
嘉義,2024/03/23 00:00:00,WD_HR,113,111,112,115,108,99,252,116,219,220,210,223,227,230,234,236,234,234,227,229,239,227,200,147,
嘉義,2024/03/23 00:00:00,WIND_DIREC,109,106,113,119,113,113,225,114,219,216,222,229,228,229,235,234,232,234,228,234,239,217,200,204,
嘉義,2024/03/23 00:00:00,WIND_SPEED,1.6,1.3,1.2,1.3,0.9,1,1.7,1.3,3.1,4.1,3.8,4.6,5.4,6,5.7,5.3,4.5,3.2,2.6,2.2,2.6,1.9,1.3,0.9,
嘉義,2024/03/23 00:00:00,WS_HR,1.2,1.3,1.3,1.1,1.2,0.6,0.6,0.7,1.3,2.9,3.2,4,4.6,4.9,5.3,4.9,4.7,3.8,2.8,2.4,2.6,2,0.9,0.7,
嘉義,2024/03/24 00:00:00,AMB_TEMP,25,24.7,24.3,23.6,23.6,23.8,23.5,24.9,27.4,28.7,29.7,31,31.9,32.2,31.9,31.3,30.3,29.2,28.1,27.5,27.3,26.7,26.6,26.2,
嘉義,2024/03/24 00:00:00,CH4,2.05,2.07,2.19,2.17,2.05,2.14,2.14,2,1.97,1.99,1.95,1.95,1.96,1.95,1.94,1.93,1.93,1.93,1.93,1.94,1.97,2.01,2.12,2.12,
嘉義,2024/03/24 00:00:00,CO,0.22,0.24,0.33,0.27,0.24,0.3,0.32,0.26,0.26,0.25,0.19,0.2,0.22,0.19,0.19,0.18,0.18,0.18,0.2,0.22,0.23,0.24,0.26,0.27,
嘉義,2024/03/24 00:00:00,NMHC,0.02,0.03,0.13,0.07,0.06,0.11,0.09,0.04,0.03,0.02,0,0.01,0,0.01,0.01,0.01,0,0,0,0,0.01,0.01,0.02,0.04,
嘉義,2024/03/24 00:00:00,NO,0.1,0.6,0.6,0.5,0.4,0.5,1.3,1.6,1.2,1.2,0.8,0.6,0.6,0.4,0.6,0.6,0.6,0.8,0.7,0.4,0.4,0.5,0.7,0.6,
嘉義,2024/03/24 00:00:00,NO2,5.2,7.1,8.9,8.9,5.7,6.9,9.5,5.5,3.8,4.4,2.3,2.4,2.5,2.8,2.6,2.5,2.2,4.7,4.7,5.7,6.1,6.8,7.6,9.1,
嘉義,2024/03/24 00:00:00,NOx,5.3,7.8,9.5,9.5,6.1,7.5,10.8,7.1,5.1,5.6,3.2,3,3.2,3.3,3.2,3.1,2.9,5.6,5.4,6.1,6.5,7.3,8.3,9.7,
嘉義,2024/03/24 00:00:00,O3,21.2,18.2,6.4,6.3,11.8,10,7.3,17,31.3,39.6,39.8,41.9,49.5,50.8,45.7,38.6,35.5,31,30.7,27.9,25.3,20.5,16.2,10.6,
嘉義,2024/03/24 00:00:00,PM10,27,29,30,30,23,31,27,32,28,39,24,27,22,34,34,30,29,31,37,34,41,39,39,30,
嘉義,2024/03/24 00:00:00,PM2.5,13,16,19,11,18,18,15,18,14,21,12,11,15,17,11,12,16,12,11,12,15,15,21,16,
嘉義,2024/03/24 00:00:00,RAINFALL,0,0,0,0,0,0,0,0,0,0,0,0,0,0,0,0,0,0,0,0,0,0,0,0,
嘉義,2024/03/24 00:00:00,RH,85,86,86,87,86,86,85,73,64,59,55,47,44,49,52,55,58,65,71,76,79,84,86,86,
嘉義,2024/03/24 00:00:00,SO2,1.4,1.6,1.7,1.1,1.1,1.1,1.3,1.3,1.4,1.4,1,1.2,1.4,1.4,1.1,1,0.8,0.9,0.8,0.7,0.9,0.7,0.7,0.9,
嘉義,2024/03/24 00:00:00,THC,2.07,2.1,2.32,2.24,2.11,2.25,2.23,2.04,2,2.01,1.94,1.96,1.96,1.96,1.95,1.94,1.93,1.93,1.93,1.94,1.98,2.02,2.14,2.16,
嘉義,2024/03/24 00:00:00,WD_HR,209,147,125,113,103,35,110,102,48,287,231,253,251,262,266,284,277,262,257,232,242,232,189,177,
嘉義,2024/03/24 00:00:00,WIND_DIREC,198,90,141,103,82,355,102,103,352,230,236,261,248,265,263,297,295,244,223,233,244,222,116,214,
嘉義,2024/03/24 00:00:00,WIND_SPEED,1,0.7,1.1,1.6,1.2,1.2,1.6,1.7,1.6,3.2,2.7,2.9,2.6,4.1,4.1,3.8,3.2,2.8,1.5,1.7,1.5,1.6,0.8,1.3,
嘉義,2024/03/24 00:00:00,WS_HR,0.8,0.4,0.9,1.4,1.5,0.7,1.2,1.5,0.4,2,2.4,2.3,2,2.9,3.2,3.4,3.1,2.5,1.6,1.5,1.3,1.5,0.7,0.4,
嘉義,2024/03/25 00:00:00,AMB_TEMP,25.4,25.1,25,24.6,24.4,24,24,25.4,26.7,28,29.4,30.8,31.9,32.3,32.5,32.2,30.9,28.8,27.5,27.1,26.7,26.5,26.4,26,
嘉義,2024/03/25 00:00:00,CH4,2.1,2.08,2.17,2.12,2.14,2.07,2.04,2,1.97,1.98,1.98,1.98,1.99,1.95,1.94,1.94,1.94,1.92,1.93,1.96,1.99,2,2.03,2.04,
嘉義,2024/03/25 00:00:00,CO,0.23,0.21,0.23,0.21,0.2,0.2,0.23,0.28,0.29,0.25,0.22,0.21,0.28,0.24,0.21,0.21,0.19,0.22,0.2,0.22,0.23,0.23,0.22,0.21,
嘉義,2024/03/25 00:00:00,NMHC,0.01,0.02,0.06,0.04,0.04,0.02,0.04,0.08,0.03,0.02,0.01,0.02,0.02,0.02,0.02,0.03,0.03,0.03,0,0.03,0.03,0.02,0.02,0.03,
嘉義,2024/03/25 00:00:00,NO,0.5,A,0.5,0.5,0.6,0.5,0.9,3.2,#,1.1,0.8,0.4,0.2,0,0.4,0.5,0.7,0.7,0.3,0.1,0,0.4,0.3,0.2,
嘉義,2024/03/25 00:00:00,NO2,7.4,A,6.7,6.8,5.6,5.4,5.9,6.9,#,5.9,4.4,3.8,4.5,5,4.9,5,4.8,4.5,4.8,5.4,5.5,7.8,6.5,6.5,
嘉義,2024/03/25 00:00:00,NOx,7.9,A,7.2,7.3,6.2,5.9,6.8,10.1,#,7,5.3,4.2,4.8,5.1,5.4,5.6,5.5,5.3,5.1,5.5,5.5,8.3,6.9,6.7,
嘉義,2024/03/25 00:00:00,O3,12.4,11.8,7,4.5,5.1,8.1,8.8,12.6,21.6,32.1,41.7,52.1,69.2,73.6,63.9,56.4,36.1,27.7,25.3,24.3,22.6,19.1,18.5,14.5,
嘉義,2024/03/25 00:00:00,PM10,40,32,33,21,27,27,20,30,39,35,29,34,44,65,64,58,49,42,35,35,34,36,35,32,
嘉義,2024/03/25 00:00:00,PM2.5,8,13,21,13,10,12,11,11,17,22,18,16,23,25,21,18,17,13,13,14,17,14,18,15,
嘉義,2024/03/25 00:00:00,RAINFALL,0,0,0,0,0,0,0,0,0,0,0,0,0,0,0,0,0,0,0,0,0,0,0,0,
嘉義,2024/03/25 00:00:00,RH,88,88,87,87,87,86,85,83,81,74,65,57,52,50,46,46,53,68,75,77,80,85,85,85,
嘉義,2024/03/25 00:00:00,SO2,0.7,1.4,2.8,1.1,1.1,0.9,1.1,1.5,2.3,2,1.6,1.4,1.6,1.8,1.7,1.5,1.2,1,0.8,0.9,0.9,0.9,1.3,0.9,
嘉義,2024/03/25 00:00:00,THC,2.11,2.1,2.23,2.16,2.18,2.09,2.08,2.08,2,2,1.99,2,2.01,1.97,1.96,1.97,1.97,1.95,1.93,1.99,2.02,2.02,2.05,2.07,
嘉義,2024/03/25 00:00:00,WD_HR,217,190,115,113,115,115,107,119,213,221,241,240,242,239,239,237,251,257,238,233,255,170,120,121,
嘉義,2024/03/25 00:00:00,WIND_DIREC,214,167,117,121,105,113,89,113,200,238,237,234,231,249,234,250,255,250,237,237,254,116,120,124,
嘉義,2024/03/25 00:00:00,WIND_SPEED,1.5,0.7,1,0.9,1.1,1.5,1.4,1.4,2.2,2.5,3.2,3,3.9,3.8,4.7,4.3,3.7,3.5,2.5,3.2,1.8,1.6,1.6,1.4,
嘉義,2024/03/25 00:00:00,WS_HR,1.2,0.6,0.6,1,0.9,1.2,1.4,0.4,1.3,1.4,2.5,2.5,3.1,3.8,4.2,4.3,3.9,3.3,2.6,2.6,1.9,0.5,1.3,1.4,
嘉義,2024/03/26 00:00:00,AMB_TEMP,25.6,25.4,24.7,24.2,24.2,24.1,23.9,25.5,26.3,28.1,29.5,29.4,30.1,30.1,30.6,30.5,28.7,27.2,26.1,25.4,24.3,23.9,23.1,22.7,
嘉義,2024/03/26 00:00:00,CH4,2.01,2.03,2.09,2.01,2.04,2.09,2.03,2.11,2.08,2,1.97,1.98,1.97,1.97,1.97,2.02,2.09,2.12,2.13,2.14,2.16,2.19,2.23,2.24,
嘉義,2024/03/26 00:00:00,CO,0.2,0.19,0.19,0.17,0.18,0.21,0.24,0.42,0.36,0.26,0.23,0.22,0.23,0.21,0.23,0.32,0.58,0.53,0.52,0.56,0.61,0.67,0.67,0.65,
嘉義,2024/03/26 00:00:00,NMHC,0.04,0.03,0.04,0.02,0.05,0.07,0.06,0.14,0.11,0.06,0.02,0.02,0.01,0,0.02,0.02,0.08,0.09,0.11,0.11,0.12,0.13,0.13,0.11,
嘉義,2024/03/26 00:00:00,NO,0,0.3,0.3,0.1,0.1,0,0.5,3.4,4.7,2.5,1,0.8,0.8,0.5,0.6,0.5,0.4,0.4,0.4,0.1,0.4,0.4,0.2,0.1,
嘉義,2024/03/26 00:00:00,NO2,5.9,6.5,5.8,3.7,4.2,6.2,7.4,11.8,11,7.7,5.5,5,4.5,3.7,4.1,4.8,9.4,10,13.1,14.4,16.1,16.8,17.9,15.9,
嘉義,2024/03/26 00:00:00,NOx,5.9,6.9,6.1,3.8,4.4,6.2,7.9,15.2,15.8,10.3,6.5,5.8,5.4,4.3,4.7,5.3,9.9,10.4,13.5,14.6,16.5,17.2,18.1,16,
嘉義,2024/03/26 00:00:00,O3,13.7,11.4,8.8,17.7,19.8,15.4,15.1,14.5,18.9,32.2,40.8,41.2,45.8,52.1,57.3,65.4,73,66.2,55.7,44.1,34.8,28,21.8,20.7,
嘉義,2024/03/26 00:00:00,PM10,28,31,30,30,30,22,27,39,46,37,45,40,49,45,66,60,108,80,82,65,63,65,61,47,
嘉義,2024/03/26 00:00:00,PM2.5,17,17,18,19,13,17,18,21,23,25,27,30,27,26,26,35,59,32,27,28,30,24,24,24,
嘉義,2024/03/26 00:00:00,RAINFALL,0,0,0,0,0,0,0,0,0,0,0,0,0,0,0,0,0,0,0,0,0,0,0,0,
嘉義,2024/03/26 00:00:00,RH,85,85,86,79,72,70,68,71,79,63,57,64,61,60,58,57,62,66,67,68,68,69,71,71,
嘉義,2024/03/26 00:00:00,SO2,0.8,0.9,0.9,1,1,1,1.1,1.5,3.2,2,1.9,1.7,1.6,1.9,2.2,2.5,2.9,2,2.1,2.3,2.8,3.1,3.2,2.8,
嘉義,2024/03/26 00:00:00,THC,2.05,2.06,2.13,2.03,2.09,2.16,2.09,2.25,2.19,2.06,1.99,2,1.98,1.97,1.99,2.04,2.17,2.21,2.24,2.25,2.28,2.32,2.36,2.35,
嘉義,2024/03/26 00:00:00,WD_HR,99,113,110,109,47,120,101,11,343,8,354,332,342,323,319,334,349,338,331,346,342,352,317,357,
嘉義,2024/03/26 00:00:00,WIND_DIREC,118,117,117,81,37,110,71,358,338,7,341,335,329,318,333,330,350,343,320,352,11,7,319,350,
嘉義,2024/03/26 00:00:00,WIND_SPEED,1,1.1,1.5,1.2,0.7,1,1.1,2.6,2.8,3.3,4,4.6,4.2,3.9,3.3,4.6,3.6,3.1,3.2,1.8,2.3,1.6,3.2,2.9,
嘉義,2024/03/26 00:00:00,WS_HR,0.9,0.8,1.4,1.2,0.5,0.9,1.1,1.4,2.6,2.8,3.2,3.7,3.4,3.6,2.8,3.3,3.4,3.2,2.6,2.4,2.5,2.1,2.2,2.2,
嘉義,2024/03/27 00:00:00,AMB_TEMP,22,21.7,21.2,21,20.6,20.6,20.7,20.9,21.9,23,24.2,25.1,26.4,28.3,28.4,28.5,28.1,27.1,26,25.3,24.8,23.9,23.8,22.6,
嘉義,2024/03/27 00:00:00,CH4,2.28,2.28,2.19,2.22,2.2,2.18,2.19,2.24,2.26,2.22,2.19,2.15,2.13,#,2.05,2.02,2.03,2.06,2.09,2.1,2.17,2.28,2.25,2.21,
嘉義,2024/03/27 00:00:00,CO,0.82,0.67,0.58,0.62,0.43,0.41,0.42,0.53,0.53,0.48,0.46,0.45,0.5,0.4,#,#,0.38,0.43,0.46,0.5,0.5,0.4,0.45,0.4,
嘉義,2024/03/27 00:00:00,NMHC,0.11,0.1,0.1,0.08,0.06,0.08,0.12,0.13,0.12,0.11,0.11,0.08,0.1,#,0.05,0.04,0.05,0.08,0.11,0.1,0.12,0.1,0.16,0.12,
嘉義,2024/03/27 00:00:00,NO,0.2,0.9,0.8,0.7,0.5,0.5,0.9,2.4,4.1,4,3,1.6,1.4,1,#,#,1.1,0.9,0.7,0.5,0.5,0.5,0.5,0.5,
嘉義,2024/03/27 00:00:00,NO2,14.5,17.3,15.1,16.4,12.4,11.1,14,15.8,16.8,14,11.8,10,10.5,8.5,#,#,8.4,12.1,13.7,13.1,15.9,13.5,14.5,11.7,
嘉義,2024/03/27 00:00:00,NOx,14.7,18.2,15.9,17.1,12.9,11.7,14.9,18.2,20.9,18.1,14.9,11.6,12,9.6,#,#,9.5,13,14.4,13.7,16.4,14.1,15,12.2,
嘉義,2024/03/27 00:00:00,O3,19.6,18.7,18.9,16,24.6,25.4,21.9,21.6,24.8,33.6,44.2,58.4,70.5,82.1,#,71.8,64.6,59.6,53.5,49,39.1,35.9,28.9,28.6,
嘉義,2024/03/27 00:00:00,PM10,44,50,38,43,28,21,29,36,34,35,43,51,60,48,#,51,48,50,63,60,65,62,60,63,
嘉義,2024/03/27 00:00:00,PM2.5,24,25,21,21,17,15,17,19,23,25,29,36,38,#,35,32,26,22,27,29,28,26,29,28,
嘉義,2024/03/27 00:00:00,RAINFALL,0,0,0,0,0,0,0,0,0,0,0,0,0,#,#,0,0,0,0,0,0,0,0,0,
嘉義,2024/03/27 00:00:00,RH,72,75,77,77,73,72,71,71,68,64,62,61,57,51,52,53,54,59,64,66,69,77,77,86,
嘉義,2024/03/27 00:00:00,SO2,2.8,3.8,3.3,4,3.2,3.1,2.1,2.5,3.2,2.6,2.8,2.8,3.1,3,#,#,2.8,3,3,4.3,3.8,3,2.8,2.6,
嘉義,2024/03/27 00:00:00,THC,2.39,2.38,2.29,2.3,2.26,2.26,2.31,2.37,2.38,2.33,2.3,2.23,2.23,#,2.1,2.06,2.08,2.14,2.2,2.2,2.29,2.38,2.41,2.33,
嘉義,2024/03/27 00:00:00,WD_HR,4,357,359,353,353,0,346,350,2,331,314,344,357,350,339,343,1,351,351,6,335,341,197,232,
嘉義,2024/03/27 00:00:00,WIND_DIREC,17,357,8,350,6,357,341,342,335,308,304,11,42,359,346,356,5,345,356,34,318,15,233,234,
嘉義,2024/03/27 00:00:00,WIND_SPEED,2.9,2.1,2,2.8,2.3,1.8,2.4,2.2,1.4,2.6,3.2,2.3,2.1,3.5,3.4,3.4,3.1,2.9,2.2,1.5,2.6,1.2,1.8,1.9,
嘉義,2024/03/27 00:00:00,WS_HR,2.5,2,2.1,2.4,2.4,2.2,2.3,2.1,1.3,1.9,2.1,2.4,1.8,2.5,3,3.2,3,3,2.1,2,1.9,1.4,0.5,1.7,
嘉義,2024/03/28 00:00:00,AMB_TEMP,22.1,22.1,22.1,22.6,22.4,22,21.7,22.9,24.2,26.1,27.7,28.1,27,27.3,28.9,30.3,30.3,29.1,27.1,26.5,26.1,26.3,26.2,25.6,
嘉義,2024/03/28 00:00:00,CH4,2.28,2.34,2.35,2.31,2.36,2.49,2.39,2.3,2.36,2.23,2.17,2.09,2.01,2.03,2.08,2.01,2,2.01,2,2.01,2.02,2.07,2.15,2.2,
嘉義,2024/03/28 00:00:00,CO,0.48,0.33,0.39,0.34,0.36,0.39,0.44,0.46,0.46,0.42,0.39,0.43,0.31,0.31,0.34,0.28,0.3,0.34,0.32,0.32,0.36,0.36,0.38,0.43,
嘉義,2024/03/28 00:00:00,NMHC,0.1,0.06,0.1,0.1,0.15,0.13,0.12,0.09,0.08,0.07,0.05,0.05,0.04,0.04,0.04,0.05,0.04,0.05,0.03,0.03,0.06,0.08,0.08,0.1,
嘉義,2024/03/28 00:00:00,NO,0.7,0,0.1,0.2,0.3,0.2,1.8,3.3,2.8,2.2,1,0.5,0.6,0.6,0.4,0.4,0.6,0.4,0.4,0.3,0.2,0.2,0.2,0.3,
嘉義,2024/03/28 00:00:00,NO2,9.4,8.2,8.1,8,9,10.8,11.3,11.2,12.4,11.7,7.5,6.8,5.8,6.9,5.6,4.1,5.6,7.4,7.8,7.3,9.7,11.6,10.4,11.7,
嘉義,2024/03/28 00:00:00,NOx,10.1,8.1,8.3,8.3,9.3,11.1,13.2,14.5,15.3,14,8.5,7.4,6.5,7.6,6,4.6,6.3,7.9,8.2,7.7,10,11.9,10.6,12,
嘉義,2024/03/28 00:00:00,O3,29.6,30.4,27.7,25.1,21.7,10.7,8.2,20.8,30.5,48.3,65.8,67.3,59.4,65.1,74.3,62,62.8,53,46.2,42,35.9,34.6,29.2,20.7,
嘉義,2024/03/28 00:00:00,PM10,60,57,62,64,60,75,49,75,62,70,63,61,47,44,56,32,42,44,38,35,38,39,34,41,
嘉義,2024/03/28 00:00:00,PM2.5,25,25,29,31,32,33,31,34,36,36,33,35,20,28,34,25,21,24,14,14,14,20,18,23,
嘉義,2024/03/28 00:00:00,RAINFALL,0,0,0,0,0,0,0,0,0,0,0,0,0.5,0,0,0,0,0,0,0,0,0,0,0,
嘉義,2024/03/28 00:00:00,RH,87,87,87,86,86,87,88,86,83,70,62,63,72,77,63,52,52,62,70,73,77,76,76,83,
嘉義,2024/03/28 00:00:00,SO2,2.4,2,2.6,3.3,3.6,2.5,1.9,2.7,3.1,3.2,3.6,3.3,2.4,2.4,2.2,1.7,1.7,1.8,1.5,1.6,1.6,1.8,2,1.8,
嘉義,2024/03/28 00:00:00,THC,2.38,2.4,2.45,2.41,2.51,2.62,2.51,2.39,2.44,2.3,2.22,2.14,2.05,2.07,2.12,2.06,2.04,2.06,2.03,2.04,2.08,2.15,2.23,2.3,
嘉義,2024/03/28 00:00:00,WD_HR,225,200,200,94,267,157,219,207,243,258,300,336,356,52,90,265,258,288,298,258,245,325,66,114,
嘉義,2024/03/28 00:00:00,WIND_DIREC,212,213,106,128,272,129,226,227,266,286,338,346,54,108,83,271,276,306,301,236,266,323,119,90,
嘉義,2024/03/28 00:00:00,WIND_SPEED,1.2,0.9,1.1,0.8,1.1,0.8,1.3,1.2,2.1,1.9,2.5,4.7,2.4,1.6,1.8,2.4,3,1.9,1.8,1.4,1.2,1.7,1.3,0.8,
嘉義,2024/03/28 00:00:00,WS_HR,1.6,0.9,0.4,1,0.6,0.5,0.8,0.5,1.6,1.4,1.6,2.7,2.5,1.5,1.4,1.2,2.5,2.5,1.9,1.1,1.2,1.5,0.6,0.8,
嘉義,2024/03/29 00:00:00,AMB_TEMP,25.5,25.6,25.1,24.9,24.6,24.3,24.2,24.8,25.3,26.1,27.2,27.9,28.3,29.1,29.6,29.1,28.7,28.1,27,26.6,25.9,25.4,24.9,25.2,
嘉義,2024/03/29 00:00:00,CH4,2.17,2.25,2.21,2.26,2.3,2.39,2.48,2.32,2.16,2.19,2.16,2.11,2.08,2.07,2.06,2.06,2.07,2.07,2.1,2.12,2.17,2.33,2.28,2.26,
嘉義,2024/03/29 00:00:00,CO,0.47,0.38,0.33,0.34,0.33,0.36,0.29,0.34,0.33,0.37,0.34,0.33,0.31,0.33,0.33,0.38,0.42,0.45,0.49,0.51,0.5,0.49,0.45,0.4,
嘉義,2024/03/29 00:00:00,NMHC,0.14,0.18,0.12,0.1,0.06,0.1,0.07,0.08,0.07,0.06,0.06,0.04,0.02,0.03,0.03,0.03,0.04,0.06,0.07,0.08,0.08,0.08,0.06,0.05,
嘉義,2024/03/29 00:00:00,NO,0.3,0.2,0.1,0.1,0.2,0.3,0.4,1.4,1.9,2.5,2.3,1.2,0.7,0.5,0.5,0.5,0.4,0.3,0.3,0.2,0,0.1,0.1,0.3,
嘉義,2024/03/29 00:00:00,NO2,11.8,14.3,10.4,9.7,8.3,10,10.1,11.2,10.7,10,9.9,8.1,5.5,5.1,5.6,6.5,7.7,9,11.2,11.8,14.2,14,11.5,8.5,
嘉義,2024/03/29 00:00:00,NOx,12.1,14.6,10.5,9.8,8.5,10.3,10.5,12.7,12.6,12.5,12.2,9.3,6.2,5.7,6.1,7.1,8.2,9.3,11.6,12,14.3,14.2,11.7,8.8,
嘉義,2024/03/29 00:00:00,O3,20.8,19.2,19.9,18.5,19.9,15.2,15.4,17.3,22.2,25.4,32.6,43.5,53.2,60.2,63,64.8,65.3,57.9,52.9,50.7,43.7,32.8,35.2,39,
嘉義,2024/03/29 00:00:00,PM10,45,37,34,27,29,35,32,39,38,47,47,48,51,51,55,49,40,47,42,46,59,53,52,49,
嘉義,2024/03/29 00:00:00,PM2.5,29,20,21,22,19,20,15,18,27,26,32,38,36,37,36,29,31,28,25,33,33,30,34,36,
嘉義,2024/03/29 00:00:00,RAINFALL,0,0,0,0,0,0,0,0,0,0,0,0,0,0,0,0,0,0,0,0,0,0,0,0,
嘉義,2024/03/29 00:00:00,RH,85,84,84,84,85,86,87,86,85,81,73,67,65,62,59,60,60,59,61,63,67,72,77,77,
嘉義,2024/03/29 00:00:00,SO2,1.9,2,2.5,2.4,2,2.4,2.3,1.9,2.1,2.1,1.9,2,2,2,2.1,2.5,2.8,2.5,2.1,2.1,2,2,2,2.3,
嘉義,2024/03/29 00:00:00,THC,2.31,2.43,2.33,2.36,2.36,2.49,2.55,2.4,2.23,2.25,2.22,2.15,2.1,2.1,2.09,2.09,2.11,2.13,2.17,2.2,2.25,2.41,2.34,2.31,
嘉義,2024/03/29 00:00:00,WD_HR,28,24,21,355,3,8,22,35,14,348,10,324,329,338,351,333,344,337,350,328,222,225,226,198,
嘉義,2024/03/29 00:00:00,WIND_DIREC,333,71,12,5,15,7,24,75,349,345,9,291,339,314,10,333,353,342,351,318,219,229,214,218,
嘉義,2024/03/29 00:00:00,WIND_SPEED,0.9,1,1.1,1.3,1,1.7,1.5,1.7,3.2,2.3,1.9,2,2.2,2.3,2.2,3,2.2,2.8,2.2,1.2,1.2,2,1.5,1.9,
嘉義,2024/03/29 00:00:00,WS_HR,0.7,0.8,0.9,1.4,1.2,1.9,1.4,1.4,1.7,2.1,1.4,1.5,1.8,2.2,1.9,2.8,2.6,2.3,2.2,1.2,1.2,1.1,1.7,1.2,
嘉義,2024/03/30 00:00:00,AMB_TEMP,24.8,24.6,24.5,24.5,24.5,24.6,24.4,24.6,25.1,26,27.4,28.7,30,30.3,29.5,29.7,28.5,27.7,27.1,26.6,26.1,25.6,25.3,25.2,
嘉義,2024/03/30 00:00:00,CH4,2.21,2.15,2.1,2.12,2.16,2.12,2.14,2.24,2.24,2.15,2.02,2.02,2,2,1.98,1.98,1.97,1.97,1.97,1.97,1.99,1.99,2.06,2.15,
嘉義,2024/03/30 00:00:00,CO,0.37,0.35,0.33,0.34,0.34,0.34,0.39,0.54,0.57,0.42,0.28,0.29,0.27,0.28,0.28,0.27,0.27,0.27,0.28,0.28,0.28,0.28,0.31,0.34,
嘉義,2024/03/30 00:00:00,NMHC,0.05,0.06,0.04,0.05,0.06,0.05,0.09,0.15,0.18,0.15,0,0.01,0.01,0,0.01,0.01,0,0,0,0,0,0,0,0.03,
嘉義,2024/03/30 00:00:00,NO,0.1,0.1,0.1,0.1,0.2,0.2,0.2,1.2,1.8,2,0.7,0.3,0.2,0.2,0.1,0.3,0.3,0.1,0.3,0.4,0.1,0.3,0.1,0.1,
嘉義,2024/03/30 00:00:00,NO2,7.5,6.7,5.4,4.7,5.4,5.3,6.6,12.2,15.4,11.3,3.8,3.5,3.4,4,3.4,4.2,3.7,4.1,5,4.4,4.2,4.6,5.3,6.9,
嘉義,2024/03/30 00:00:00,NOx,7.7,6.8,5.6,4.9,5.7,5.5,6.9,13.4,17.2,13.3,4.6,3.9,3.7,4.2,3.6,4.5,4.1,4.2,5.3,4.8,4.4,4.9,5.5,7.1,
嘉義,2024/03/30 00:00:00,O3,40.1,41.1,39.2,37.9,30.5,30.3,23.1,18.8,20.9,36,50.7,57.5,63.9,67.7,64.2,62.8,48.6,47.1,38.5,39.5,38.7,34.8,31.5,24.2,
嘉義,2024/03/30 00:00:00,PM10,57,53,46,77,46,43,54,49,54,49,34,33,31,35,32,32,34,32,26,27,36,34,31,35,
嘉義,2024/03/30 00:00:00,PM2.5,35,34,30,31,30,28,28,35,34,34,21,25,28,24,22,21,16,12,16,13,18,14,17,19,
嘉義,2024/03/30 00:00:00,RAINFALL,0,0,0,0,0,0,0.5,0,0,0,0,0,0,0,0,0,0,0,0,0,0,0,0,0,
嘉義,2024/03/30 00:00:00,RH,81,86,86,87,86,87,89,90,88,85,73,65,56,59,65,65,70,73,75,84,88,90,90,90,
嘉義,2024/03/30 00:00:00,SO2,2.3,2,2.2,2.1,2.2,2.3,1.9,1.6,2.1,1.8,1.7,1.4,1.5,1.6,1.5,1.3,1.1,1.1,1,0.8,0.7,0.9,0.8,1.2,
嘉義,2024/03/30 00:00:00,THC,2.26,2.21,2.14,2.17,2.22,2.17,2.23,2.39,2.42,2.3,2.02,2.03,2.01,2,1.99,1.99,1.97,1.97,1.97,1.96,1.98,1.98,2.06,2.18,
嘉義,2024/03/30 00:00:00,WD_HR,224,205,214,221,124,97,110,8,42,313,243,237,245,253,257,262,270,253,252,235,235,245,223,203,
嘉義,2024/03/30 00:00:00,WIND_DIREC,223,148,232,226,87,112,100,52,14,246,232,232,243,248,252,253,259,252,234,237,258,242,218,131,
嘉義,2024/03/30 00:00:00,WIND_SPEED,1.4,0.9,1.7,1.4,0.9,1.2,1.1,1.6,1.9,1.9,1.6,3.5,3.8,4.3,3.4,3.4,3,3.1,1.9,2.6,1.6,0.9,1,1.1,
嘉義,2024/03/30 00:00:00,WS_HR,1.9,1,1.2,1.1,0.7,0.5,1.3,1.1,1.6,1.3,1.2,2.8,3.2,3.4,3.2,3.1,2.9,2.8,2,2.2,2.1,1.2,1,0.9,
嘉義,2024/03/31 00:00:00,AMB_TEMP,25,24.6,24.3,24.5,24.2,24.1,24.3,24.9,26.6,28.3,28.9,29.3,30,30.8,30.8,30.5,30.5,29.6,29,28.2,27.1,26.2,26.7,26.2,
嘉義,2024/03/31 00:00:00,CH4,2.1,2.06,2.19,2.12,2.1,2.09,2.13,2.25,2.15,2.01,2.01,1.97,1.95,1.93,1.92,1.92,1.94,1.94,1.95,1.93,1.95,1.95,1.97,2.04,
嘉義,2024/03/31 00:00:00,CO,0.3,0.27,0.28,0.28,0.27,0.28,0.31,0.34,0.33,0.33,0.3,0.26,0.22,0.2,0.18,0.18,0.18,0.22,0.21,0.16,0.15,0.15,0.2,0.22,
嘉義,2024/03/31 00:00:00,NMHC,0.02,0.01,0.02,0.04,0.05,0.04,0.06,0.05,0.05,0.03,0.04,0.02,0,0,0,0,0,0.01,0.01,0,0,0.01,0.04,0.05,
嘉義,2024/03/31 00:00:00,NO,0,0.4,0.2,0.2,0.3,0.3,0.5,1.4,2.3,1.5,1.1,0.6,0.5,0.5,0.5,0.5,0.4,0.4,0.2,0.6,0.5,0.5,0.4,0.8,
嘉義,2024/03/31 00:00:00,NO2,7.3,5.5,4.7,4.8,4.6,3.9,5.5,6.2,6.2,5.5,6,4.6,3.2,2.8,2.4,2.4,2.7,4.3,6.4,5.2,3.7,3.8,5,7.5,
嘉義,2024/03/31 00:00:00,NOx,7.3,5.9,4.9,5,4.9,4.3,6,7.6,8.6,7,7.1,5.2,3.8,3.3,3,2.9,3.1,4.7,6.6,5.9,4.2,4.3,5.4,8.3,
嘉義,2024/03/31 00:00:00,O3,20.3,22.8,19.6,20.3,15.4,18.8,17.1,16,22.3,34,40.2,41.7,45.2,47,38.4,36.8,34.7,30.2,22.2,10.1,10.2,8,6.8,5.3,
嘉義,2024/03/31 00:00:00,PM10,29,24,25,26,24,24,30,30,38,37,44,36,35,25,21,22,24,25,21,19,22,13,17,16,
嘉義,2024/03/31 00:00:00,PM2.5,19,19,17,13,18,24,21,24,20,20,23,21,12,10,15,14,11,13,12,12,12,9,11,10,
嘉義,2024/03/31 00:00:00,RAINFALL,0,0,0,0,0,0,0,0,0,0,0,0,0,0,0,0,0,0,0,0,0,0,0,0,
嘉義,2024/03/31 00:00:00,RH,89,88,89,88,88,85,85,86,75,66,67,65,60,55,53,53,52,54,56,64,72,82,80,83,
嘉義,2024/03/31 00:00:00,SO2,1.8,1.7,1.4,1.5,1.4,1.3,1.8,1.9,2,2.3,2.3,2.1,1.9,1.8,1.4,1.4,1.4,1.5,1.5,1.3,1.3,1.2,1.4,1.3,
嘉義,2024/03/31 00:00:00,THC,2.12,2.07,2.21,2.16,2.15,2.13,2.19,2.3,2.2,2.04,2.05,1.99,1.95,1.93,1.91,1.91,1.93,1.95,1.96,1.93,1.94,1.96,2.01,2.09,
嘉義,2024/03/31 00:00:00,WD_HR,129,215,155,108,115,115,230,244,227,232,233,233,231,240,244,235,232,233,239,237,217,222,67,299,
嘉義,2024/03/31 00:00:00,WIND_DIREC,105,223,116,110,123,90,229,271,226,231,233,233,239,240,237,236,235,233,248,225,211,93,307,10,
嘉義,2024/03/31 00:00:00,WIND_SPEED,0.8,1.8,0.8,1.1,1.1,0.7,2.2,2.1,2.5,4.2,4.6,4.3,4.4,4.2,4.3,3.8,2.9,2.7,2.9,2.3,1.6,1,1.6,1.4,
嘉義,2024/03/31 00:00:00,WS_HR,0.6,1.3,0.4,1,1.1,0.9,0.9,1.6,2.2,3.7,4,4.4,4.3,4.6,3.6,3.6,3,2.8,2.7,2.7,2,0.6,0.8,1,
嘉義,2024/04/01 00:00:00,AMB_TEMP,25.9,25.8,25.6,25.2,24.3,23.9,23.4,22.3,22.2,23.6,27,29,29.9,30.5,30,29.4,28.2,27.6,27.2,26.8,26.7,26.5,26.6,26.2,
嘉義,2024/04/01 00:00:00,CH4,2.08,2.05,2.13,2.01,2.01,2.01,2.01,1.99,2.02,1.97,1.95,1.94,1.97,1.96,1.95,1.92,1.93,1.92,1.93,1.94,1.95,1.98,2.07,2.09,
嘉義,2024/04/01 00:00:00,CO,0.21,0.21,0.21,0.18,0.17,0.18,0.18,0.29,0.28,0.25,0.26,0.26,0.37,0.34,0.24,0.24,0.27,0.24,0.26,0.24,0.24,0.27,0.27,0.27,
嘉義,2024/04/01 00:00:00,NMHC,0.02,0.04,0.03,0,0.01,0.02,0.01,0.02,0.02,0.02,0.03,0.02,0.03,0.02,0,0.01,0.01,0.01,0,0,0,0.01,0.03,0.03,
嘉義,2024/04/01 00:00:00,NO,0.4,0.5,0.6,0.7,0.5,0.6,0.9,1,1.1,1.3,1.9,1.5,1.2,0.6,0.3,0.3,1.4,0.9,0.8,0.5,0.7,0.6,0.7,0.8,
嘉義,2024/04/01 00:00:00,NO2,7,7.2,6.7,5.2,3.8,4.9,5.5,7.9,12.2,7.3,6.1,5.7,6.3,5.5,5.8,4.7,7.3,5.6,6.8,5.7,5.3,5.9,7.7,7.6,
嘉義,2024/04/01 00:00:00,NOx,7.4,7.8,7.3,5.9,4.4,5.5,6.4,8.9,13.4,8.6,8,7.3,7.5,6.1,6.1,5,8.7,6.5,7.6,6.3,6,6.5,8.5,8.4,
嘉義,2024/04/01 00:00:00,O3,16.8,18.9,20.2,22.1,19.3,17.3,11.1,22.6,26.7,29.8,37.3,45.5,52.4,61.2,57.1,57.6,50.7,41.4,45.9,43.5,41.6,39.4,21.4,17.8,
嘉義,2024/04/01 00:00:00,PM10,19,17,18,12,16,10,13,12,15,18,18,19,#,21,16,15,19,18,24,26,25,24,19,25,
嘉義,2024/04/01 00:00:00,PM2.5,17,12,17,9,9,10,10,9,9,10,15,19,#,15,11,15,13,11,12,10,12,10,15,15,
嘉義,2024/04/01 00:00:00,RAINFALL,0,0,0,0.5,1.5,1.5,0,0,2.5,0,0.5,0,0,0,0,0,0,0,0,0,0,0,0,0,
嘉義,2024/04/01 00:00:00,RH,83,79,79,82,89,92,93,94,94,93,79,64,63,60,62,59,69,76,83,87,87,88,89,89,
嘉義,2024/04/01 00:00:00,SO2,1.4,1.2,1.3,1.2,1,0.9,1,1,1.1,1,1,1.1,1.3,1.6,1.4,1.2,1.2,1.1,1.2,1,1.1,1.1,1,0.9,
嘉義,2024/04/01 00:00:00,THC,2.1,2.09,2.16,2.01,2.02,2.03,2.02,2.01,2.04,1.99,1.98,1.96,2,1.98,1.95,1.93,1.94,1.93,1.93,1.93,1.95,1.99,2.1,2.12,
嘉義,2024/04/01 00:00:00,WD_HR,66,127,29,73,354,109,227,252,204,114,253,330,354,306,296,258,263,250,255,234,226,222,148,125,
嘉義,2024/04/01 00:00:00,WIND_DIREC,97,170,73,102,319,165,236,280,122,106,322,5,336,319,287,268,259,263,241,239,226,105,211,104,
嘉義,2024/04/01 00:00:00,WIND_SPEED,0.8,0.7,3,1.4,2.1,1,2.7,2.2,3.6,2.1,2.3,1.9,2.3,2.4,3.3,3.4,2.5,2.5,2.8,1.4,1.8,1.1,0.7,1.1,
嘉義,2024/04/01 00:00:00,WS_HR,0.9,0.1,1.5,1.7,1.4,1.4,1.8,1.7,1.8,1.8,1.1,1.7,1.3,1.7,2.4,3,3,2.5,2.4,1.8,1.5,1.3,0.4,0.5,
嘉義,2024/04/02 00:00:00,AMB_TEMP,25.7,25.1,24.8,24.8,24.6,24.3,24,25.4,27.2,28.3,29.5,30.6,31.1,31.3,31.8,31.4,30.4,29.3,28.6,27.8,27.3,27.1,27,26.6,
嘉義,2024/04/02 00:00:00,CH4,2.06,2.04,2.04,2.02,2.06,2.06,1.98,1.96,1.97,1.96,1.96,1.95,1.99,1.95,1.95,1.91,1.9,1.91,1.92,1.96,1.98,1.96,1.94,1.94,
嘉義,2024/04/02 00:00:00,CO,0.22,0.17,0.16,0.16,0.17,0.2,0.21,0.29,0.26,0.23,0.24,0.24,0.25,0.23,0.27,0.17,0.17,0.17,0.2,0.19,0.19,0.14,0.13,0.12,
嘉義,2024/04/02 00:00:00,NMHC,0.04,0.03,0.04,0.03,0.04,0.04,0.01,0.04,0.02,0.01,0.01,0.01,0.01,0,0.02,0.01,0.01,0,0.03,0.04,0.04,0,0,0,
嘉義,2024/04/02 00:00:00,NO,0.6,1.2,1.2,1.2,1.3,1.6,2.2,4.2,2.7,1.7,1.5,1.4,1.3,1.1,1.2,1.4,1.6,1.4,1.3,1.4,1.5,1.3,1.3,0.9,
嘉義,2024/04/02 00:00:00,NO2,6.9,6.5,5.7,5,5.2,6.8,5.8,5.8,6,4.5,4,4.2,5.2,4.7,5.1,4.4,4.4,5,7.3,9.1,9.5,6.5,3.7,2.7,
嘉義,2024/04/02 00:00:00,NOx,7.6,7.8,6.9,6.3,6.5,8.5,8.1,10,8.7,6.2,5.5,5.6,6.6,5.8,6.3,5.8,6,6.4,8.6,10.5,11,7.9,5,3.7,
嘉義,2024/04/02 00:00:00,O3,8.8,4.9,4.5,4.1,4.4,4.2,4.9,9.3,35.6,45.2,52.8,59.4,70,69.9,72.9,48.3,34.2,28.4,20.4,14.8,11.9,14.2,17.9,20.9,
嘉義,2024/04/02 00:00:00,PM10,18,15,20,19,18,18,20,26,21,24,27,31,37,32,47,41,26,34,22,20,22,15,16,19,
嘉義,2024/04/02 00:00:00,PM2.5,13,11,13,15,17,11,12,17,16,16,18,20,23,14,21,16,12,12,12,11,11,9,9,8,
嘉義,2024/04/02 00:00:00,RAINFALL,0,0,0,0,0,0,0,0,0,0,0,0,0,0,0,0,0,0,0,0,0,0,0,0,
嘉義,2024/04/02 00:00:00,RH,90,89,89,89,88,88,86,81,74,67,63,59,61,61,60,58,63,68,73,78,79,80,80,85,
嘉義,2024/04/02 00:00:00,SO2,1,0.8,0.8,0.7,0.8,0.9,0.8,1,1.4,1.6,1.9,1.9,1.7,1.4,1.8,1.4,A,0.8,0.9,1.1,1,0.9,0.8,0.7,
嘉義,2024/04/02 00:00:00,THC,2.1,2.07,2.08,2.05,2.1,2.1,1.99,2,1.99,1.97,1.97,1.96,2,1.95,1.97,1.92,1.91,1.91,1.95,2,2.02,1.96,1.92,1.91,
嘉義,2024/04/02 00:00:00,WD_HR,116,101,104,115,105,112,114,101,212,230,243,259,262,254,246,235,234,235,231,225,225,220,221,218,
嘉義,2024/04/02 00:00:00,WIND_DIREC,113,104,105,113,85,116,114,82,219,244,243,262,251,259,234,239,228,235,229,229,225,223,227,214,
嘉義,2024/04/02 00:00:00,WIND_SPEED,1.2,1.1,1.1,1.2,1.1,0.9,1.4,1.1,2.4,2.9,2.8,3.1,3.6,4,5.2,6.4,5.8,4.6,3,2.3,2.5,2.6,3,2.5,
嘉義,2024/04/02 00:00:00,WS_HR,0.9,1.1,1.1,1,1,1.1,1.6,1.2,0.8,1.7,2.2,2.9,2.7,3.3,4.2,5.4,5.6,4.6,3.2,2.4,2.6,2.2,2.4,2.3,
嘉義,2024/04/03 00:00:00,AMB_TEMP,26.5,26.1,25.8,25.3,25.3,25.3,25.7,27.2,28.9,30,31.2,32.3,33,32.6,32.3,31.1,30.6,29.6,28.4,27.6,27.2,27.1,26.7,26.3,
嘉義,2024/04/03 00:00:00,CH4,1.96,1.97,2.07,2.06,2.15,2.08,1.99,1.99,1.92,1.9,1.9,1.91,1.91,1.9,1.89,1.88,1.88,1.89,1.92,1.93,1.98,2.01,1.99,2,
嘉義,2024/04/03 00:00:00,CO,0.12,0.13,0.14,0.15,0.14,0.17,0.22,0.31,0.18,0.16,0.16,0.16,0.16,0.14,0.13,0.13,0.13,0.16,0.18,0.28,0.26,0.23,0.23,0.21,
嘉義,2024/04/03 00:00:00,NMHC,0,0,0.02,0.02,0.02,0.04,0.04,0.06,0,0,0,0,0,0,0,0,0,0,0.01,0.06,0.05,0.04,0.04,0.05,
嘉義,2024/04/03 00:00:00,NO,0.9,0,0.2,0.3,0.4,0.2,1.1,3.5,1.8,0.7,0.2,0.2,0.4,0.3,0.5,0.6,0.7,0.8,0.5,0.2,0.4,0.4,0.3,0.4,
嘉義,2024/04/03 00:00:00,NO2,3.1,4.7,5.8,5.8,5.6,7.5,7.6,9.3,5.5,2.7,2.5,3.3,4.4,4.2,4,3.3,3.8,5.2,6.5,7.2,9.2,10.1,10.3,10.7,
嘉義,2024/04/03 00:00:00,NOx,4,4.8,6,6.1,6,7.8,8.7,12.8,7.3,3.4,2.7,3.6,4.8,4.6,4.6,4,4.5,6.1,7.1,7.4,9.6,10.5,10.7,11.2,
嘉義,2024/04/03 00:00:00,O3,19,14.2,7.1,7.5,8.8,7.2,8.2,13.2,31.1,40.4,44.9,52.3,56.5,49.5,35.4,30.1,25.5,24.1,23,21,17.6,14.5,11.5,5.6,
嘉義,2024/04/03 00:00:00,PM10,16,19,21,21,16,18,20,39,55,59,*,46,50,49,40,42,34,36,44,39,43,43,38,34,
嘉義,2024/04/03 00:00:00,PM2.5,6,6,9,18,12,17,20,23,x,34,53,34,32,32,28,29,28,31,33,32,34,39,37,28,
嘉義,2024/04/03 00:00:00,RAINFALL,0,0,0,0,0,0,0,0,0,0,0,0,0,0,0,0,0,0,0,0,0,0,0,0,
嘉義,2024/04/03 00:00:00,RH,86,86,86,87,86,84,77,70,63,58,53,45,43,48,47,57,55,60,65,71,76,77,77,76,
嘉義,2024/04/03 00:00:00,SO2,0.8,1,0.9,0.9,0.9,1.6,1.2,3,6.5,5.6,4.2,3.3,2.7,2.5,1.9,1.7,1.5,1.4,1.3,1.3,1.4,1.6,2,1.2,
嘉義,2024/04/03 00:00:00,THC,1.94,1.95,2.09,2.08,2.17,2.12,2.03,2.05,1.92,1.9,1.9,1.91,1.91,1.9,1.89,1.87,1.87,1.89,1.93,1.99,2.03,2.05,2.03,2.05,
嘉義,2024/04/03 00:00:00,WD_HR,160,124,120,204,187,116,115,126,212,230,235,240,240,237,242,241,242,238,235,226,224,105,162,115,
嘉義,2024/04/03 00:00:00,WIND_DIREC,123,123,111,229,114,119,118,199,207,235,235,237,243,237,249,242,241,238,229,220,228,85,104,116,
嘉義,2024/04/03 00:00:00,WIND_SPEED,1.7,1,0.8,1.3,0.8,1.6,1.8,1.7,2.8,4.3,4.7,5.5,5.7,6.2,5.4,4.8,4,3.3,2.6,1.2,1.3,0.8,0.8,1.1,
嘉義,2024/04/03 00:00:00,WS_HR,1.1,1,0.9,0.7,0.5,1.1,1.5,1,2,3.6,4.2,5,5,5.6,5.2,5.4,4.3,3.5,2.8,1.9,1.1,0.6,0.4,1.2,
嘉義,2024/04/04 00:00:00,AMB_TEMP,25.9,25.4,25.2,24.9,24.5,24.5,24.8,26.5,28.3,29.8,30.9,31.9,32.6,33,32.9,32.2,30.7,29,27.6,27.2,27,26.9,26.4,25.9,
嘉義,2024/04/04 00:00:00,CH4,1.96,1.98,2,1.99,1.98,1.97,1.96,1.94,1.9,1.88,1.89,1.89,1.9,1.92,1.9,1.9,1.92,1.95,1.96,1.99,2.03,2.13,2.06,2,
嘉義,2024/04/04 00:00:00,CO,0.16,0.14,0.13,0.12,0.12,0.13,0.15,0.18,0.15,0.13,0.13,0.16,0.15,0.14,0.13,0.15,0.2,0.24,0.24,0.26,0.27,0.29,0.35,0.24,
嘉義,2024/04/04 00:00:00,NMHC,0.02,0.01,0,0.01,0,0,0,0.02,0,0,0,0,0,0,0,0,0,0.01,0.01,0.02,0.02,0.03,0.02,0,
嘉義,2024/04/04 00:00:00,NO,0.4,0.4,0.4,0.5,0.4,0.5,0.8,1.7,1.6,0.8,0.6,0.7,0.6,0.3,0.7,0.7,0.5,0.6,0.4,0.4,0.3,0.4,0.4,0.2,
嘉義,2024/04/04 00:00:00,NO2,7.8,6.9,5.7,5.3,4.6,4.2,4.3,4.2,3.4,1.6,1.6,2.4,2.8,2.8,2.8,3,4,5.6,6.6,6.8,7,7.9,8.6,5.5,
嘉義,2024/04/04 00:00:00,NOx,8.2,7.4,6.2,5.8,5,4.8,5.2,6,5.1,2.4,2.2,3.2,3.4,3.2,3.6,3.8,4.6,6.2,7,7.3,7.4,8.3,9.1,5.8,
嘉義,2024/04/04 00:00:00,O3,6.3,7.2,7.9,8,9.5,12,12,14.6,23.2,26.6,29.9,35.8,42.2,44.1,38.7,35.2,38,37.3,35.7,33.8,31.7,28.6,24.4,30.9,
嘉義,2024/04/04 00:00:00,PM10,26,26,31,29,19,17,22,17,16,13,18,28,22,26,28,30,36,44,41,51,51,53,52,47,
嘉義,2024/04/04 00:00:00,PM2.5,26,26,23,22,21,21,17,16,15,17,17,19,19,21,21,17,31,27,31,33,36,36,33,23,
嘉義,2024/04/04 00:00:00,RAINFALL,0,0,0,0,0,0,0,0,0,0,0,0,0,0,0,0,0,0,0,0,0,0,0,0,
嘉義,2024/04/04 00:00:00,RH,76,76,76,76,73,69,66,59,54,47,42,39,40,41,41,44,53,65,71,74,76,78,83,82,
嘉義,2024/04/04 00:00:00,SO2,0.9,1,1,0.9,0.9,1,1.1,1.3,1.3,1.5,1.8,2.1,2,1.9,1.7,1.6,2.4,1.8,1.6,1.5,1.4,2,2.7,1.9,
嘉義,2024/04/04 00:00:00,THC,1.98,1.99,2,2,1.98,1.96,1.96,1.96,1.89,1.86,1.87,1.88,1.89,1.91,1.89,1.89,1.92,1.96,1.97,2.01,2.05,2.16,2.08,2,
嘉義,2024/04/04 00:00:00,WD_HR,118,104,106,109,114,113,109,100,232,236,239,269,264,251,265,314,327,342,332,340,3,4,8,6,
嘉義,2024/04/04 00:00:00,WIND_DIREC,112,97,109,108,119,114,101,118,282,195,279,260,262,259,300,323,348,337,343,359,13,10,10,7,
嘉義,2024/04/04 00:00:00,WIND_SPEED,1.6,1.5,1.5,1.9,2,1.7,1.9,0.8,1.4,1.6,2,2.5,3.5,3.7,3.9,3.9,3.9,3.8,2.6,2.8,2.2,2.8,4.1,5.2,
嘉義,2024/04/04 00:00:00,WS_HR,1.1,1.4,1.5,1.6,1.8,1.6,1.8,1.2,0.9,0.8,1.3,2,2.7,3.2,3.3,3.4,3.5,3,2.2,2.1,2.1,2.3,2.9,4.1,
嘉義,2024/04/05 00:00:00,AMB_TEMP,23.9,23.8,24.5,24.4,24.4,24.5,24.3,24.6,26.3,26.8,27.3,28.7,29.6,29.9,28.4,27.4,26.2,25.9,25.3,25,24.8,25,24.2,23.8,
嘉義,2024/04/05 00:00:00,CH4,1.98,1.99,1.99,1.99,2.01,2.01,2.09,2.13,2.2,2.14,2,2,2.01,2.01,2,2.01,2,2.03,2.04,2.05,2.07,2.11,2.2,2.26,
嘉義,2024/04/05 00:00:00,CO,0.24,0.22,0.21,0.23,0.22,0.21,0.24,0.28,0.3,0.28,0.28,0.26,0.25,0.26,0.27,0.3,0.3,0.43,0.41,0.36,0.39,0.42,0.39,0.35,
嘉義,2024/04/05 00:00:00,NMHC,0,0.01,0.04,0.01,0.01,0.02,0.05,0.03,0.04,0.01,0.01,0.01,0.01,0.01,0,0.01,0.03,0.06,0.06,0.06,0.08,0.09,0.08,0.05,
嘉義,2024/04/05 00:00:00,NO,0.2,1,0.7,0.9,0.8,0.9,1.6,2.3,3,2.2,1.6,1.3,1,1.1,1.1,0.8,0.8,0.9,1,0.8,1,1,0.8,0.8,
嘉義,2024/04/05 00:00:00,NO2,3.1,4.7,4.2,3.7,4.3,5,5.9,6,7,6.2,4.9,3.8,3.3,3.7,3.8,5.1,5.8,10.1,12,10.4,10,11.4,13,10.4,
嘉義,2024/04/05 00:00:00,NOx,3.4,5.7,4.9,4.6,5.2,5.9,7.6,8.3,10.1,8.5,6.5,5.2,4.3,4.9,4.9,6,6.6,11,13,11.3,11.1,12.4,13.8,11.3,
嘉義,2024/04/05 00:00:00,O3,43.4,39.3,32.1,27.5,16.1,13.3,11.1,18.1,23.1,34.2,45.2,53.2,61.4,62.9,63.5,59.5,54.9,47.8,43.2,40.5,36.8,31.9,25.8,23.1,
嘉義,2024/04/05 00:00:00,PM10,57,45,33,46,41,29,37,45,36,39,33,39,37,41,47,41,39,63,56,46,42,45,44,39,
嘉義,2024/04/05 00:00:00,PM2.5,23,21,22,19,28,28,30,26,30,25,21,25,22,26,21,23,20,26,21,19,24,21,24,26,
嘉義,2024/04/05 00:00:00,RAINFALL,0,0,0,0,0,0,0,0,0,0,0,0,0,0,0,0,0,0,0,0,0,0,0,0,
嘉義,2024/04/05 00:00:00,RH,87,87,85,86,86,82,80,85,76,74,70,62,59,58,61,63,66,68,71,72,73,73,77,79,
嘉義,2024/04/05 00:00:00,SO2,1.3,1.5,1.3,1.2,1.3,1.3,1.4,1.4,1.8,2,1.8,1.9,2,2.5,2.4,2.1,2.1,3.2,3.2,3,1.9,1.9,2,2.2,
嘉義,2024/04/05 00:00:00,THC,1.98,2,2.03,2,2.02,2.03,2.14,2.16,2.24,2.15,2.01,2.01,2.02,2.02,2,2.02,2.03,2.09,2.1,2.11,2.15,2.2,2.28,2.31,
嘉義,2024/04/05 00:00:00,WD_HR,14,24,66,111,105,99,193,227,339,338,334,327,288,329,348,353,11,6,7,38,43,62,347,3,
嘉義,2024/04/05 00:00:00,WIND_DIREC,23,9,108,123,87,29,223,279,348,335,327,283,310,318,347,11,2,1,18,52,47,358,6,11,
嘉義,2024/04/05 00:00:00,WIND_SPEED,4,2.3,1.7,1.9,1.3,0.8,1.8,1.5,3.9,3.6,3.1,2.7,3.5,5.1,4.2,4.8,3.5,3.5,2.8,2.8,1.9,2.2,2.9,2.5,
嘉義,2024/04/05 00:00:00,WS_HR,4.3,2.6,1.8,1.6,1.4,0.6,0.6,0.4,2.7,3.1,3,1.9,1.8,3.4,4.4,4,3.3,2.9,2.8,2.5,2.1,1.5,2.4,2.1,
嘉義,2024/04/06 00:00:00,AMB_TEMP,23.8,23.4,23.1,23.2,23.4,22.9,23,23.7,24.5,25.9,27.6,28.9,29.5,28.8,28.4,28.3,27.8,27,26.2,26,25.7,25.4,24.8,24.5,
嘉義,2024/04/06 00:00:00,CH4,2.21,2.18,2.07,2.1,2.16,2.18,2.19,2.25,2.14,2.16,2.06,2.03,2.03,2.01,2.02,2.01,1.99,2.05,2.03,2.06,2.07,2.13,2.21,2.2,
嘉義,2024/04/06 00:00:00,CO,0.36,0.4,0.36,0.31,0.33,0.32,0.31,0.39,0.37,0.34,0.37,0.37,0.34,0.28,0.29,0.28,0.31,0.42,0.45,0.51,0.44,0.45,0.4,0.38,
嘉義,2024/04/06 00:00:00,NMHC,0.07,0.06,0.05,0.06,0.08,0.07,0.07,0.11,0.08,0.06,0.04,0.03,0.02,0.02,0.03,0.02,0.03,0.06,0.08,0.1,0.09,0.11,0.08,0.1,
嘉義,2024/04/06 00:00:00,NO,0.7,0.6,0.7,0.6,0.5,0.6,0.8,1.9,2.9,2.1,1.4,1.1,1,1.1,1,0.9,0.9,0.7,0.9,0.9,0.8,0.8,0.6,0.8,
嘉義,2024/04/06 00:00:00,NO2,10.7,11.7,9,6.8,8,9.3,8.7,10.1,10.2,7.4,6.2,5.6,5.2,4.3,4.7,5.4,6.4,9.9,13,14.2,12.3,12.6,12.4,11.8,
嘉義,2024/04/06 00:00:00,NOx,11.4,12.4,9.8,7.4,8.6,9.9,9.5,12.1,13.2,9.5,7.7,6.7,6.2,5.4,5.7,6.3,7.3,10.6,13.9,15.2,13.2,13.4,13.1,12.6,
嘉義,2024/04/06 00:00:00,O3,22,19.8,27.4,24.6,18.5,18.6,22.5,15.9,26.8,39,51.4,60.8,65,64.9,64.3,60.1,54.6,46.1,41.6,36.1,35.4,30.9,28.3,23.6,
嘉義,2024/04/06 00:00:00,PM10,46,48,37,34,43,32,35,43,40,39,39,41,36,35,39,31,35,44,44,46,46,47,42,43,
嘉義,2024/04/06 00:00:00,PM2.5,26,30,25,22,28,30,26,28,36,26,29,27,30,25,24,20,19,28,26,30,30,30,30,32,
嘉義,2024/04/06 00:00:00,RAINFALL,0,0,0,0,0,0,0,0,0,0,0,0,0,0,0,0,0,0,0,0,0,0,0,0,
嘉義,2024/04/06 00:00:00,RH,79,84,85,84,84,85,85,84,77,71,64,60,59,59,59,58,60,67,73,75,78,80,86,87,
嘉義,2024/04/06 00:00:00,SO2,2.5,2.8,2.6,1.7,1.5,1.9,2.1,1.9,2.5,2.1,2.7,3.2,3.3,2.8,2.7,2.7,2.7,3.1,3.4,3,3.3,2.3,2.1,2,
嘉義,2024/04/06 00:00:00,THC,2.28,2.24,2.12,2.16,2.24,2.25,2.26,2.36,2.22,2.22,2.1,2.06,2.05,2.03,2.05,2.03,2.02,2.11,2.11,2.16,2.16,2.24,2.29,2.3,
嘉義,2024/04/06 00:00:00,WD_HR,14,3,38,63,353,354,27,21,328,312,313,327,340,344,350,351,354,8,20,2,56,344,16,21,
嘉義,2024/04/06 00:00:00,WIND_DIREC,23,1,30,82,358,357,38,3,314,348,298,343,348,325,327,349,16,44,33,358,78,324,43,23,
嘉義,2024/04/06 00:00:00,WIND_SPEED,3.1,3.7,2.7,1.8,1.9,2,1.8,2.1,2.6,1.9,1.7,2.8,4.6,3.8,4.3,3.2,2.9,3.1,2.3,2.1,2.2,2,2.6,2.5,
嘉義,2024/04/06 00:00:00,WS_HR,2,3,2.8,2,1.8,1.8,1.6,1.5,2.2,1.4,1.6,1.8,3,3.7,3.1,3,2.6,2.7,2.4,2.2,2,1.6,2,2,
嘉義,2024/04/07 00:00:00,AMB_TEMP,24.4,24.3,24.2,23.5,23.4,23.8,23.9,23.6,24.9,27.6,29.7,31,31.4,30,28.7,29.3,29,28.1,27.6,27.1,26.2,25.8,25.5,25.1,
嘉義,2024/04/07 00:00:00,CH4,2.19,2.2,2.24,2.3,2.3,2.21,2.16,2.25,2,1.94,1.96,1.94,1.94,2.04,2.05,2.04,2.05,2.02,2.03,2.12,2.17,2.11,2.14,2.21,
嘉義,2024/04/07 00:00:00,CO,0.39,0.38,0.37,0.39,0.37,0.38,0.35,0.36,0.3,0.26,0.24,0.19,0.19,0.28,0.28,0.38,0.36,0.33,0.35,0.41,0.41,0.42,0.47,0.53,
嘉義,2024/04/07 00:00:00,NMHC,0.1,0.1,0.1,0.11,0.1,0.11,0.08,0.08,0.07,0.06,0.03,0,0,0.02,0.02,0.03,0.04,0.03,0.04,0.05,0.06,0.06,0.07,0.06,
嘉義,2024/04/07 00:00:00,NO,0.6,1.4,1.3,1.4,1.3,1.2,1.2,1.6,2.4,2.1,1.7,1.6,1.5,1.7,1.6,2.1,1.9,1.6,1.4,1.3,1.5,1.3,1.2,1.2,
嘉義,2024/04/07 00:00:00,NO2,11.8,12.1,9.9,10.3,9.4,9.2,6.3,7,5.3,3.7,3.2,2,1.6,3.5,4.3,7.2,7.4,6.7,8.3,9.1,11.8,13.3,11.9,12.9,
嘉義,2024/04/07 00:00:00,NOx,12.4,13.5,11.3,11.8,10.7,10.4,7.5,8.6,7.7,5.9,5,3.6,3.2,5.2,5.9,9.3,9.4,8.4,9.8,10.5,13.3,14.6,13.2,14.1,
嘉義,2024/04/07 00:00:00,O3,19.5,17.8,17.2,13,13.5,10.7,12.9,9.7,19,32.4,42,44.4,45.7,50.3,48.1,45.8,45,39.4,33.2,32.2,29.9,26.1,24.7,19.5,
嘉義,2024/04/07 00:00:00,PM10,49,47,51,48,43,45,40,36,21,18,13,14,19,30,31,30,25,18,23,29,51,46,46,53,
嘉義,2024/04/07 00:00:00,PM2.5,33,31,31,35,32,33,30,25,20,14,16,11,15,21,22,24,22,13,17,18,27,26,28,34,
嘉義,2024/04/07 00:00:00,RAINFALL,0,0,1,0,0.5,0,0.5,0,0,0,0,0,0,0,0,0,0,0,0,0,0,0,0,0.5,
嘉義,2024/04/07 00:00:00,RH,87,87,88,91,91,91,91,92,89,71,57,52,50,62,67,62,62,63,64,67,79,86,88,89,
嘉義,2024/04/07 00:00:00,SO2,2,1.6,2,1.4,1.3,1.1,0.9,0.9,1,1.1,1.2,1.3,1.3,1.9,2.1,2.9,2.5,2,2.1,2.5,3.1,3.2,2.5,3.1,
嘉義,2024/04/07 00:00:00,THC,2.29,2.3,2.34,2.41,2.4,2.32,2.24,2.33,2.07,2,1.99,1.94,1.94,2.06,2.07,2.07,2.09,2.05,2.07,2.17,2.23,2.17,2.21,2.27,
嘉義,2024/04/07 00:00:00,WD_HR,49,2,42,13,42,102,68,53,62,112,285,256,260,332,3,357,352,344,349,6,4,64,21,356,
嘉義,2024/04/07 00:00:00,WIND_DIREC,56,6,46,5,84,102,7,67,24,69,266,239,257,344,357,355,320,355,354,4,24,63,347,353,
嘉義,2024/04/07 00:00:00,WIND_SPEED,2.1,2.6,2,2.2,1.5,1.6,1.8,2.3,0.8,1.1,2,3,3.7,3.7,3.8,2.6,3.3,2.6,2,3.1,1.7,1.8,2.9,2,
嘉義,2024/04/07 00:00:00,WS_HR,1.8,1.7,1.6,2,1.1,1.3,1.4,2.3,1.2,0.6,0.8,2.4,3,3.6,3.3,2.6,2.7,2.7,2,2.3,2,1.7,1.4,1.8,
嘉義,2024/04/08 00:00:00,AMB_TEMP,24.8,24.9,24.7,24.8,24.6,24.6,24.6,25.1,25.4,26,26.7,26.8,28.3,30.1,30.6,30.7,29.9,28,26.1,25.7,25.7,25.7,24.8,24.6,
嘉義,2024/04/08 00:00:00,CH4,2.25,2.13,2.32,2.34,2.46,2.44,2.44,2.49,2.42,2.35,2.27,2.19,2.08,#,2.05,2.01,1.95,1.99,2,1.98,1.99,2.05,2.14,2.12,
嘉義,2024/04/08 00:00:00,CO,0.49,0.38,0.41,0.37,0.35,0.36,0.4,0.5,0.56,0.57,0.55,0.45,0.34,0.28,0.25,#,0.21,0.27,0.28,0.25,0.26,0.35,0.39,0.32,
嘉義,2024/04/08 00:00:00,NMHC,0.06,0.08,0.08,0.08,0.07,0.08,0.11,0.16,0.15,0.15,0.13,0.1,0.06,#,0.04,0.03,0.03,0.05,0.04,0.04,0.06,0.11,0.07,0.06,
嘉義,2024/04/08 00:00:00,NO,1.4,0.2,0.5,0.5,0.6,0.4,1.4,4.4,5.2,4.6,4.1,2.1,1.7,1,1.1,#,0.9,0.7,0.4,0.4,0.3,0.4,0.6,0.5,
嘉義,2024/04/08 00:00:00,NO2,11.9,10.5,10.3,11,12.2,13.1,12.3,14.2,15.8,16.1,16.3,11.7,9.2,6.7,6.9,#,6.5,8,10.5,6.8,7.3,10.3,13.5,10.2,
嘉義,2024/04/08 00:00:00,NOx,13.3,10.8,10.8,11.6,12.8,13.6,13.8,18.7,21.1,20.7,20.5,13.8,10.9,7.8,8,#,7.4,8.8,10.9,7.2,7.7,10.8,14.1,10.7,
嘉義,2024/04/08 00:00:00,O3,17.6,13.5,12.9,11.5,9.8,9.2,7.9,7.5,9.4,14.1,21.6,28.8,38.9,47.3,#,47.9,36.7,35.4,39,37.9,31.7,24.4,18.9,22.5,
嘉義,2024/04/08 00:00:00,PM10,46,38,43,38,41,42,44,51,59,55,58,59,45,35,#,39,30,32,29,26,28,28,44,30,
嘉義,2024/04/08 00:00:00,PM2.5,33,27,29,28,29,25,30,30,41,40,36,33,33,#,29,18,18,16,19,20,19,20,26,27,
嘉義,2024/04/08 00:00:00,RAINFALL,0,0,0,0,0,0,0,0,0,0,0,0,0,#,#,0,0,0,0,0,0,0,0,0,
嘉義,2024/04/08 00:00:00,RH,90,90,90,90,90,90,90,90,88,86,82,81,73,64,62,62,64,74,85,86,85,85,88,88,
嘉義,2024/04/08 00:00:00,SO2,2.9,1.4,1.1,1.5,2.3,1.5,1.1,1.4,1.8,2.4,2.5,2.7,2.6,1.8,#,#,1.7,2,2.1,1.3,1.2,1.3,2,1.9,
嘉義,2024/04/08 00:00:00,THC,2.31,2.21,2.4,2.42,2.53,2.52,2.55,2.65,2.57,2.5,2.4,2.29,2.14,#,2.09,2.04,1.98,2.04,2.04,2.02,2.05,2.16,2.21,2.18,
嘉義,2024/04/08 00:00:00,WD_HR,68,63,334,2,39,53,311,25,341,66,335,20,73,325,316,328,322,334,9,48,53,24,357,8,
嘉義,2024/04/08 00:00:00,WIND_DIREC,93,330,353,23,15,83,311,6,344,323,352,58,271,347,310,338,331,356,13,40,53,344,5,11,
嘉義,2024/04/08 00:00:00,WIND_SPEED,1.7,1.2,1.1,1.7,1.4,1.5,2.2,1.4,2.4,1.7,2.9,2.5,1.6,2.5,2.1,3,3.9,3.5,3.3,2.1,3.1,2.3,3.5,3,
嘉義,2024/04/08 00:00:00,WS_HR,1.7,0.8,1.5,1.2,1.4,0.9,1,1.1,2.1,0.7,2.2,2,0.4,1.5,1.5,2.3,3.6,3.4,2.9,2.4,2.6,1.7,3,2.7,
嘉義,2024/04/09 00:00:00,AMB_TEMP,24.3,23.9,23.8,23.3,22.9,22.6,21.9,21.9,22.6,22.5,23.2,24.4,23.2,24.3,26,26.6,25.7,24.4,23.3,22.5,22,21.6,21.6,22,
嘉義,2024/04/09 00:00:00,CH4,2.07,2.06,2.06,2.1,2.09,2.1,2.1,2.09,2.1,2.11,2.1,2.09,2.06,2.07,2.05,2.03,2.04,2.06,2.06,2.08,2.09,2.1,2.12,2.12,
嘉義,2024/04/09 00:00:00,CO,0.27,0.26,0.22,0.2,0.21,0.23,0.29,0.35,0.42,0.4,0.37,0.39,0.37,0.35,0.32,0.31,0.34,0.39,0.38,0.36,0.35,0.33,0.31,0.31,
嘉義,2024/04/09 00:00:00,NMHC,0.05,0.03,0.04,0.02,0.03,0.05,0.05,0.08,0.11,0.11,0.11,0.12,0.12,0.1,0.09,0.07,0.08,0.11,0.12,0.11,0.1,0.08,0.08,0.12,
嘉義,2024/04/09 00:00:00,NO,0.2,0.5,0.4,0.6,0.5,0.6,0.8,1.3,2.8,4.5,4.1,3.5,2.3,3,2.2,1.3,1.5,1.5,1,0.8,0.7,0.7,0.6,0.6,
嘉義,2024/04/09 00:00:00,NO2,8.6,8,6.2,6.5,6.1,7,7.4,10.9,15,16.9,12.1,14.5,14.1,12.2,10.9,9.8,13.2,17,16.6,14.8,13.9,13.3,12.6,12.5,
嘉義,2024/04/09 00:00:00,NOx,8.8,8.5,6.7,7.2,6.6,7.6,8.2,12.2,17.9,21.5,16.3,18.1,16.5,15.3,13.2,11.2,14.7,18.6,17.7,15.7,14.6,14,13.3,13.2,
嘉義,2024/04/09 00:00:00,O3,22.2,26.3,26.9,24.1,23.4,21.9,24.6,24.2,20.8,19.5,26.9,28.2,29.4,36.3,50.6,61.9,46.4,37.1,33,30,29,28.5,27.3,24.7,
嘉義,2024/04/09 00:00:00,PM10,33,32,26,21,19,16,27,19,45,24,31,27,28,21,29,35,36,36,32,25,27,28,25,25,
嘉義,2024/04/09 00:00:00,PM2.5,22,21,20,20,12,16,11,13,18,17,19,18,17,19,27,27,22,19,15,15,19,16,20,18,
嘉義,2024/04/09 00:00:00,RAINFALL,0,0,0,0,0,0,0,0,0,0,0,0,0.5,0,0,0,0,0,0,0,0,0,0,0,
嘉義,2024/04/09 00:00:00,RH,88,88,88,89,88,88,86,85,82,84,80,74,85,82,70,64,64,66,68,71,73,74,75,74,
嘉義,2024/04/09 00:00:00,SO2,1.7,2.1,1.4,1.4,1.5,1.5,1.7,1.9,2,2.3,1.9,2,2,2.1,2,2,2.1,2.2,1.9,1.7,1.8,2.4,2.2,2.1,
嘉義,2024/04/09 00:00:00,THC,2.12,2.09,2.1,2.12,2.12,2.15,2.15,2.17,2.21,2.22,2.21,2.21,2.18,2.17,2.14,2.1,2.12,2.17,2.18,2.19,2.19,2.18,2.2,2.24,
嘉義,2024/04/09 00:00:00,WD_HR,11,14,22,346,31,352,359,14,360,354,18,357,26,356,8,356,352,359,359,2,12,0,21,69,
嘉義,2024/04/09 00:00:00,WIND_DIREC,11,10,358,350,356,5,2,59,345,356,35,351,41,354,10,350,350,356,358,353,21,357,60,42,
嘉義,2024/04/09 00:00:00,WIND_SPEED,2.7,2.7,2,2.7,1.8,3.2,2.5,1.9,2.7,3.2,2.3,3.7,1.6,2.7,2.8,3.9,3.4,3.3,3.2,3.3,2.3,2.7,1.1,0.8,
嘉義,2024/04/09 00:00:00,WS_HR,2.4,2.3,1.8,2.5,1.8,2.5,2.9,2.2,2.1,2.7,2.4,2.9,2,2.3,2.4,3.1,3.4,3.2,2.8,2.6,2.2,2.3,1.2,1,
嘉義,2024/04/10 00:00:00,AMB_TEMP,22.1,21.4,20.9,21.2,21.4,21.5,21.8,22.6,23.8,25.3,26.3,27.6,27.6,27.3,27.2,27.3,27.3,26.4,24.9,23.9,23.9,24,23.7,23.3,
嘉義,2024/04/10 00:00:00,CH4,2.19,2.21,2.22,2.26,2.28,2.29,2.22,2.18,2.19,2.16,2.13,2.1,2.07,2.02,2,2.01,2.02,2.02,2.06,2.05,2.03,2.03,2.14,2.1,
嘉義,2024/04/10 00:00:00,CO,0.32,0.29,0.27,0.28,0.28,0.3,0.33,0.4,0.45,0.36,0.32,0.32,0.32,0.26,0.24,0.27,0.29,0.32,0.32,0.3,0.26,0.27,0.28,0.25,
嘉義,2024/04/10 00:00:00,NMHC,0.11,0.11,0.07,0.08,0.12,0.14,0.12,0.14,0.15,0.11,0.08,0.06,0.04,0.03,0.02,0.06,0.06,0.06,0.05,0.04,0.03,0.03,0.04,0.04,
嘉義,2024/04/10 00:00:00,NO,0.7,0.5,0.4,0.5,0.5,0.5,0.9,2.5,4.1,3.7,2.2,1.3,0.8,0.8,0.8,0.7,0.7,0.6,0.7,0.5,0.5,0.3,0.4,0.4,
嘉義,2024/04/10 00:00:00,NO2,12.4,14.3,12.1,9.9,13.2,14.2,11.9,11.6,12.6,12.5,10.2,7.3,7,7.1,5.5,6.5,7.8,8.2,8.5,8,6.4,5.5,7.3,6,
嘉義,2024/04/10 00:00:00,NOx,13.2,14.9,12.5,10.4,13.7,14.7,12.9,14.2,16.7,16.3,12.5,8.7,7.9,8,6.4,7.2,8.5,8.8,9.2,8.5,6.9,5.8,7.7,6.4,
嘉義,2024/04/10 00:00:00,O3,21.8,20.7,24,23.7,16.9,13.2,11.5,12.1,19.9,33.5,46,62.1,62,60.7,61.7,62.5,63,58.6,60.4,60.1,55.2,55.9,45.4,44.3,
嘉義,2024/04/10 00:00:00,PM10,26,27,39,39,36,39,38,42,54,53,50,53,45,41,34,42,48,53,56,58,52,54,61,60,
嘉義,2024/04/10 00:00:00,PM2.5,16,18,20,20,30,30,24,28,32,34,30,30,26,20,21,24,24,25,27,27,29,26,26,27,
嘉義,2024/04/10 00:00:00,RAINFALL,0,0,0,0,0,0,0,0,0,0,0,0,0,0,0,0,0,0,0,0,0,0,0,0,
嘉義,2024/04/10 00:00:00,RH,74,77,81,80,79,80,81,79,74,70,68,63,61,66,69,68,68,76,84,88,88,87,88,90,
嘉義,2024/04/10 00:00:00,SO2,1.9,1.8,1.8,1.6,2.1,1.8,1.4,1.7,1.7,2.1,2.2,2.7,2.7,2.3,1.8,1.6,1.8,1.6,1.5,1.5,1.4,1.4,1.4,1.4,
嘉義,2024/04/10 00:00:00,THC,2.3,2.32,2.29,2.34,2.4,2.43,2.34,2.32,2.34,2.27,2.21,2.16,2.11,2.05,2.02,2.07,2.08,2.08,2.11,2.09,2.06,2.06,2.18,2.14,
嘉義,2024/04/10 00:00:00,WD_HR,40,290,340,59,24,74,85,95,272,261,248,262,301,336,344,6,350,326,326,347,38,79,336,341,
嘉義,2024/04/10 00:00:00,WIND_DIREC,61,323,324,77,40,76,102,47,248,280,240,265,313,345,8,21,341,329,324,7,89,10,358,358,
嘉義,2024/04/10 00:00:00,WIND_SPEED,0.8,2.6,2,1.5,1.4,1.3,0.8,1.3,2.1,2.8,3.3,3.3,2.6,3.7,3.4,2.1,3.3,3.2,3.2,3.6,1.9,1.7,1.2,1.5,
嘉義,2024/04/10 00:00:00,WS_HR,0.9,1.1,1.5,1.1,1.3,1.6,0.6,1,1,1.3,2.6,2.4,2.4,2.7,2.8,2.2,1.9,2.7,2.9,3.2,2.1,0.9,1.7,1.6,
嘉義,2024/04/11 00:00:00,AMB_TEMP,23.5,23.5,23.2,23.3,23.2,23.3,23.4,23.9,24.8,26.5,27.5,28.4,29.3,30,29.5,28.9,28.3,27.7,26.9,26.2,25.5,25.5,25.6,25.2,
嘉義,2024/04/11 00:00:00,CH4,2.12,2.21,2.13,2.14,2.22,2.24,2.25,2.27,2.14,2.07,2.1,2.07,2.07,2.06,2.03,2.02,2.03,2.04,2.08,2.1,2.19,2.14,2.19,2.26,
嘉義,2024/04/11 00:00:00,CO,0.27,0.28,0.25,0.27,0.26,0.3,0.31,0.42,0.4,0.35,0.33,0.33,0.31,0.31,0.27,0.28,0.3,0.36,0.41,0.34,0.33,0.35,0.35,0.32,
嘉義,2024/04/11 00:00:00,NMHC,0.05,0.08,0.03,0.06,0.06,0.09,0.11,0.14,0.1,0.07,0.05,0.05,0.04,0.03,0.01,0.01,0.03,0.05,0.06,0.04,0.04,0.06,0.1,0.06,
嘉義,2024/04/11 00:00:00,NO,0.4,0.6,0.5,0.6,0.7,0.6,0.8,2,1.8,1.6,1.3,1.1,0.9,1,1.1,1,1,1.1,0.7,0.8,0.9,0.8,0.9,0.8,
嘉義,2024/04/11 00:00:00,NO2,5.6,7.8,5.7,4.7,6.4,8.2,9.4,11.7,10.5,8.1,6.8,6.2,5.5,5,4.5,4.7,5.5,7.3,9.8,8.9,7.3,8.5,9,8.2,
嘉義,2024/04/11 00:00:00,NOx,6.1,8.5,6.3,5.3,7.1,8.8,10.3,13.7,12.4,9.8,8.1,7.4,6.4,6,5.6,5.8,6.5,8.4,10.6,9.8,8.2,9.4,9.9,9.1,
嘉義,2024/04/11 00:00:00,O3,41.3,35.4,38,37,31.2,28.1,24.5,22.8,35,49.8,55.3,66.4,72.1,69.1,64.4,61.7,61.8,57.3,49,45.6,44.7,41.2,37.5,36.6,
嘉義,2024/04/11 00:00:00,PM10,60,66,63,63,77,77,77,80,74,59,60,55,57,65,65,69,73,74,77,76,85,83,85,82,
嘉義,2024/04/11 00:00:00,PM2.5,29,32,36,33,39,41,40,39,44,40,35,39,37,41,37,37,39,39,36,34,40,42,38,39,
嘉義,2024/04/11 00:00:00,RAINFALL,0,0,0,0,0,0,0,0,0,0,0,0,0,0,0,0,0,0,0,0,0,0,0,0,
嘉義,2024/04/11 00:00:00,RH,89,89,89,89,90,90,89,88,85,74,69,64,61,59,62,65,67,71,75,79,85,84,84,86,
嘉義,2024/04/11 00:00:00,SO2,1.3,1.7,1.5,1.2,1.5,1.4,1.6,1.8,2.1,1.9,1.6,1.5,1.5,1.4,1.6,1.6,1.6,1.6,1.5,1.5,1.4,1.5,1.6,2,
嘉義,2024/04/11 00:00:00,THC,2.17,2.29,2.16,2.2,2.28,2.33,2.36,2.41,2.24,2.14,2.15,2.12,2.11,2.09,2.04,2.03,2.06,2.09,2.14,2.14,2.23,2.2,2.29,2.32,
嘉義,2024/04/11 00:00:00,WD_HR,67,7,70,7,22,20,31,10,41,357,345,319,320,339,336,338,333,334,338,328,327,357,52,324,
嘉義,2024/04/11 00:00:00,WIND_DIREC,84,56,60,4,18,61,13,19,8,302,328,359,313,348,337,330,335,329,347,320,8,288,77,321,
嘉義,2024/04/11 00:00:00,WIND_SPEED,0.9,1.8,1,1.6,1,1.8,1.8,2.1,1.6,2.2,1.9,2.2,2,4,4.2,3.8,2.8,2.6,2.1,2.8,1.3,0.8,1.1,1.6,
嘉義,2024/04/11 00:00:00,WS_HR,0.6,1.2,1.5,1.3,1.3,1.3,1.1,1.7,1.3,1.3,1.8,1.6,1.3,2.5,3.6,3.2,2.6,2.3,1.8,2.2,2,1.3,1,1.5,
嘉義,2024/04/12 00:00:00,AMB_TEMP,24.8,24.7,24.5,24.6,24.6,24.4,24.6,25,26.4,27.5,28.8,30.1,30.7,31.4,31.5,30.8,29.6,28.9,28.2,27.7,27.5,27.2,26.8,26.5,
嘉義,2024/04/12 00:00:00,CH4,2.22,2.22,2.15,2.21,2.24,2.34,2.39,2.27,2.22,2.1,2.04,2.01,1.98,1.97,1.97,1.95,1.96,1.97,1.98,2.01,2.01,2.04,2.04,2.07,
嘉義,2024/04/12 00:00:00,CO,0.27,0.25,0.22,0.22,0.23,0.24,0.28,0.35,0.36,0.3,0.28,0.27,0.25,0.24,0.25,0.24,0.28,0.35,0.31,0.28,0.31,0.27,0.27,0.29,
嘉義,2024/04/12 00:00:00,NMHC,0.02,0.02,0.03,0.03,0.04,0.04,0.05,0.08,0.07,0.04,0.04,0.03,0.01,0,0.01,0.01,0,0.02,0.03,0.03,0.05,0.03,0.02,0.04,
嘉義,2024/04/12 00:00:00,NO,0.8,0.9,0.9,0.8,0.8,0.9,1.3,2,2.4,1.9,1.5,1.4,1.2,1.1,1.2,1.2,1.3,1.2,1,0.9,0.9,0.9,0.8,0.9,
嘉義,2024/04/12 00:00:00,NO2,7.4,6.3,4.6,4.7,5.1,6.3,10,8.4,8.7,6.9,3.8,3.7,3.1,2.7,3.3,3.5,3.7,5.3,6.6,6.4,7.5,6.5,6.2,6.4,
嘉義,2024/04/12 00:00:00,NOx,8.2,7.2,5.5,5.6,5.9,7.2,11.4,10.4,11.2,8.9,5.3,5.1,4.3,3.8,4.6,4.7,5.1,6.6,7.6,7.3,8.4,7.5,7,7.4,
嘉義,2024/04/12 00:00:00,O3,37.5,36.6,33.8,31.1,26.7,24.5,18.8,21.9,31.4,43.4,53.9,58.6,57.3,56.7,56,48.6,53.6,57.6,38.2,34.2,32.9,32.4,28.9,23.8,
嘉義,2024/04/12 00:00:00,PM10,83,83,77,77,73,80,85,82,61,69,45,38,34,27,30,31,31,40,34,25,35,29,32,29,
嘉義,2024/04/12 00:00:00,PM2.5,36,36,30,28,29,34,36,38,39,31,25,25,21,17,19,18,22,23,17,15,16,15,19,17,
嘉義,2024/04/12 00:00:00,RAINFALL,0,0,0,0,0,0,0,0,0,0,0,0,0,0,0,0,0,0,0,0,0,0,0,0,
嘉義,2024/04/12 00:00:00,RH,88,89,90,90,90,91,91,90,83,70,61,57,54,51,51,54,58,62,68,69,72,73,76,78,
嘉義,2024/04/12 00:00:00,SO2,1.8,1.9,1.5,1.4,1.8,1.6,1.5,1.6,1.7,1.6,1.5,1.5,1.3,1,1.1,1,1.2,1.5,1.4,1.1,1.2,1.3,1.1,1,
嘉義,2024/04/12 00:00:00,THC,2.24,2.24,2.18,2.24,2.28,2.38,2.44,2.35,2.29,2.14,2.08,2.04,1.99,1.97,1.98,1.96,1.96,1.99,2.01,2.04,2.06,2.07,2.06,2.11,
嘉義,2024/04/12 00:00:00,WD_HR,315,280,236,341,183,284,73,320,302,220,265,250,296,311,275,305,293,255,288,345,27,81,121,120,
嘉義,2024/04/12 00:00:00,WIND_DIREC,328,228,306,103,244,312,96,18,355,205,282,268,280,288,270,296,268,241,334,0,60,119,111,128,
嘉義,2024/04/12 00:00:00,WIND_SPEED,1.1,1.4,1.5,0.8,1.6,1.3,1.4,1,1.5,1.5,2.1,2.8,2.3,2.7,3.3,3.1,2.6,2.5,3.1,2.4,1.7,1.5,0.9,1.6,
嘉義,2024/04/12 00:00:00,WS_HR,1.5,0.8,1,0.6,0.5,1.1,0.7,0.2,0.7,0.7,1.4,1.5,2.2,1.9,2.4,3.1,2.5,2.2,1.7,2.1,1.4,1.3,1,0.9,
嘉義,2024/04/13 00:00:00,AMB_TEMP,25.9,25.7,25.8,25.6,25.1,25,25.1,26.2,27.7,28.7,30.2,30.8,31.4,30.9,30.5,29.8,28.9,28.1,27.4,27,26.9,26.7,26.8,26.9,
嘉義,2024/04/13 00:00:00,CH4,2.07,2.1,2.2,2.17,2.1,2.12,2.08,2.18,2.08,2.06,2.04,2.05,2.1,2.01,1.98,1.97,1.98,1.98,2.01,2.06,2.08,2.07,2.08,2.16,
嘉義,2024/04/13 00:00:00,CO,0.24,0.26,0.28,0.27,0.26,0.28,0.32,0.4,0.35,0.32,0.28,0.27,0.29,0.25,0.24,0.24,0.26,0.27,0.31,0.32,0.35,0.34,0.31,0.34,
嘉義,2024/04/13 00:00:00,NMHC,0.03,0.06,0.06,0.05,0.04,0.08,0.05,0.12,0.06,0.06,0.02,0.01,0.01,0.01,0.01,0,0,0.01,0.03,0.03,0.05,0.04,0.03,0.05,
嘉義,2024/04/13 00:00:00,NO,1.1,0.8,0.9,1,1,0.9,1.4,2.9,2.6,2.1,1.3,1.1,1.2,1.1,1.1,1,0.8,0.9,0.9,0.8,0.8,0.7,0.8,0.9,
嘉義,2024/04/13 00:00:00,NO2,5.3,6.6,6,6.5,6.3,6.2,7.4,9.8,9,7.6,5.1,3.6,4.4,5.3,4.9,3.9,3.7,4.2,5.9,8.9,10.4,8.6,7,7.7,
嘉義,2024/04/13 00:00:00,NOx,6.4,7.5,7,7.5,7.3,7.1,8.9,12.7,11.7,9.7,6.5,4.8,5.7,6.4,6,4.9,4.5,5.2,6.8,9.7,11.3,9.4,7.9,8.6,
嘉義,2024/04/13 00:00:00,O3,21.3,18.9,19.2,16.8,13.6,13.2,11.4,15.3,29.1,39.9,47.3,54.5,62.2,63.3,59.2,53.9,49.6,48.3,46.8,42.2,39.5,38.1,36,31.5,
嘉義,2024/04/13 00:00:00,PM10,27,26,31,27,33,27,31,33,36,31,33,28,43,43,39,30,33,31,38,55,56,65,65,73,
嘉義,2024/04/13 00:00:00,PM2.5,17,22,18,24,18,18,23,26,28,21,21,23,32,32,24,24,19,22,20,34,37,44,44,42,
嘉義,2024/04/13 00:00:00,RAINFALL,0,0,0,0,0,0,0,0,0,0,0,0,0,0,0,0,0,0,0,0,0,0,0,0,
嘉義,2024/04/13 00:00:00,RH,82,84,84,83,83,84,83,78,69,65,58,55,56,61,61,64,65,67,71,76,78,77,77,76,
嘉義,2024/04/13 00:00:00,SO2,1,1,1,1,1.1,1,1,1.3,1.8,1.8,1.6,1.7,2.5,2.7,2.1,1.7,1.4,1.2,1.3,2,2.3,2.2,1.9,1.7,
嘉義,2024/04/13 00:00:00,THC,2.1,2.16,2.26,2.22,2.14,2.2,2.13,2.3,2.14,2.12,2.06,2.06,2.11,2.02,1.99,1.97,1.98,1.99,2.04,2.09,2.13,2.11,2.11,2.21,
嘉義,2024/04/13 00:00:00,WD_HR,107,98,58,57,111,72,109,74,1,325,355,319,325,298,319,288,299,309,324,3,3,73,72,64,
嘉義,2024/04/13 00:00:00,WIND_DIREC,65,79,352,75,119,118,83,45,336,326,337,339,315,284,344,288,291,316,337,8,48,80,28,71,
嘉義,2024/04/13 00:00:00,WIND_SPEED,0.8,1.1,1,1.4,0.9,0.9,1,1.6,1.6,2.3,2.2,2.9,3.8,3.3,3.2,3,3.1,3.2,2.3,2.1,2,2,0.8,2,
嘉義,2024/04/13 00:00:00,WS_HR,0.9,0.8,1,1,1.1,0,1,0.7,1.3,1.1,1.6,2,2.8,2.9,2.8,2.7,2.7,3,2.3,2.1,1.8,1.9,1.3,1.3,
嘉義,2024/04/14 00:00:00,AMB_TEMP,26.7,26.5,26.2,25.5,24.9,25,25.2,25.8,28,29.8,31.1,32,33.1,33.3,33,32.5,31.3,29.7,28.3,27.9,27.6,27.4,27.5,27,
嘉義,2024/04/14 00:00:00,CH4,2.24,2.16,2.21,2.28,2.4,2.27,2.21,2.12,2.01,1.9,1.9,1.91,1.92,1.91,1.89,1.89,1.88,1.88,1.91,1.92,1.92,1.9,1.93,2.03,
嘉義,2024/04/14 00:00:00,CO,0.32,0.31,0.31,0.32,0.31,0.26,0.26,0.27,0.19,0.12,0.12,0.14,0.19,0.15,0.13,0.12,0.12,0.13,0.15,0.16,0.16,0.13,0.15,0.16,
嘉義,2024/04/14 00:00:00,NMHC,0.03,0.04,0.04,0.07,0.07,0.02,0.03,0.03,0,0,0,0,0,0,0,0,0,0,0,0,0,0,0,0,
嘉義,2024/04/14 00:00:00,NO,0.8,1,0.9,0.9,0.8,0.8,1,1.5,1.6,1.3,1.2,1,1,0.9,1,1,1,1.1,1,0.9,0.9,0.9,0.9,0.8,
嘉義,2024/04/14 00:00:00,NO2,7.5,7.4,6.8,6.8,8,6.1,5.2,4.9,3.1,1.6,1.3,1.8,2.4,2.7,2.3,2.3,2.2,2.9,3.5,3.5,3.3,3.1,3.6,4,
嘉義,2024/04/14 00:00:00,NOx,8.3,8.5,7.8,7.7,8.8,6.9,6.3,6.4,4.7,3,2.5,2.8,3.5,3.7,3.3,3.4,3.2,4,4.5,4.5,4.2,4,4.6,4.8,
嘉義,2024/04/14 00:00:00,O3,28.7,26.2,24.2,18.7,11.6,15.4,15,23.1,24,22.6,26.3,34.6,48.8,46.6,40,33.4,28.2,25.1,30.1,30.1,27.8,26,24.9,23.3,
嘉義,2024/04/14 00:00:00,PM10,74,63,63,64,51,38,30,38,27,14,18,19,28,24,25,20,14,18,21,26,23,17,18,19,
嘉義,2024/04/14 00:00:00,PM2.5,44,40,42,40,38,27,22,31,18,8,7,8,17,9,11,8,9,7,8,12,14,7,11,7,
嘉義,2024/04/14 00:00:00,RAINFALL,0,0,0,0,0,0,0,0,0,0,0,0,0,0,0,0,0,0,0,0,0,0,0,0,
嘉義,2024/04/14 00:00:00,RH,78,80,80,84,89,88,87,86,77,66,59,55,49,52,53,55,61,75,85,86,86,86,86,88,
嘉義,2024/04/14 00:00:00,SO2,1.6,1.5,1.4,1.3,1.2,1.2,1.4,2.5,1.8,1.2,1,1.3,1.7,1.5,1.3,1.2,1,0.9,1,1,1,1,1.1,1.2,
嘉義,2024/04/14 00:00:00,THC,2.27,2.2,2.25,2.35,2.47,2.29,2.24,2.15,2.01,1.88,1.88,1.89,1.92,1.91,1.88,1.87,1.86,1.87,1.89,1.91,1.91,1.88,1.92,2.02,
嘉義,2024/04/14 00:00:00,WD_HR,52,56,86,227,175,155,106,206,230,234,233,242,239,245,240,253,258,267,253,289,317,252,155,209,
嘉義,2024/04/14 00:00:00,WIND_DIREC,17,60,111,227,112,178,106,240,231,234,228,247,263,241,251,253,276,269,266,319,342,232,159,225,
嘉義,2024/04/14 00:00:00,WIND_SPEED,1.4,2.1,0.6,1.7,1.1,1.1,1.5,2.2,3,3.4,4.3,5.2,3.8,5.2,4.1,4.1,3.8,3.3,2.6,3,2.2,1.3,1.1,1.1,
嘉義,2024/04/14 00:00:00,WS_HR,1.3,1.8,0.9,1.4,0.6,0.6,0.9,0.6,2,3.5,4.1,4.7,3.9,4.3,4,3.8,3.6,2.7,2.5,2.4,1.8,1.2,0.6,0.9,
嘉義,2024/04/15 00:00:00,AMB_TEMP,26.6,26.7,26.7,26.8,26.7,26.5,26.4,27.1,27.9,29,29.2,30.3,30.8,31.2,31.2,30.3,29.7,28.9,27.8,27.1,26.5,26.3,26.2,26.1,
嘉義,2024/04/15 00:00:00,CH4,2.01,1.98,1.95,1.97,1.96,1.95,1.99,1.98,1.94,1.91,1.93,1.93,1.91,1.91,1.88,1.9,1.9,1.9,1.91,1.93,1.9,1.93,2,2.05,
嘉義,2024/04/15 00:00:00,CO,0.15,0.15,0.13,0.13,0.14,0.16,0.18,0.26,0.2,0.16,0.17,0.17,0.16,#,0.17,0.19,0.18,0.2,0.2,0.21,0.19,0.19,0.19,0.21,
嘉義,2024/04/15 00:00:00,NMHC,0,0,0,0,0,0,0.01,0.04,0,0,0,0,0,0,0,0,0,0,0,0,0,0,0,0,
嘉義,2024/04/15 00:00:00,NO,0.8,0.8,0.7,0.8,0.8,0.8,1.2,1.9,2.4,1.7,1.3,1.2,1.1,1.2,#,1.1,1.7,1.4,1.2,1.1,1,1,1,1,
嘉義,2024/04/15 00:00:00,NO2,4,4,3,2.8,2.5,2.6,4,6.1,5.8,3.7,3.1,2.6,2.4,2.3,#,2.4,4.6,5,5.6,4.8,3.9,4.2,4,5.6,
嘉義,2024/04/15 00:00:00,NOx,4.9,4.9,3.7,3.6,3.4,3.5,5.3,8.1,8.2,5.5,4.4,3.8,3.6,3.6,#,3.6,6.3,6.5,6.9,5.9,5,5.3,5.1,6.6,
嘉義,2024/04/15 00:00:00,O3,23.8,23.7,22.6,20.7,16.9,21.4,19.3,19.3,24.6,31.4,35.2,40.8,43.5,41.6,#,#,29.9,26.5,24.5,32.8,34.5,32.7,29.8,23,
嘉義,2024/04/15 00:00:00,PM10,24,24,20,17,20,26,24,22,21,20,26,27,27,#,26,28,36,21,26,27,30,31,32,29,
嘉義,2024/04/15 00:00:00,PM2.5,11,13,10,12,12,15,15,15,12,12,11,16,12,#,6,13,19,6,13,16,15,19,16,17,
嘉義,2024/04/15 00:00:00,RAINFALL,0,0,0,0,0,0,0,0,0,0,0,0,0,0,0,0,0,0,0,0,0,0,0,0,
嘉義,2024/04/15 00:00:00,RH,89,89,88,88,84,77,80,77,73,69,68,63,61,61,62,66,63,66,71,79,86,87,88,88,
嘉義,2024/04/15 00:00:00,SO2,0.9,1.7,1.5,1.5,1.3,1.1,1.1,1.1,1.1,1.1,1.1,1.1,1.1,#,#,1.1,0.8,0.9,1,1.1,1,1,1.1,1.2,
嘉義,2024/04/15 00:00:00,THC,2,1.96,1.93,1.95,1.96,1.94,2,2.02,1.94,1.9,1.91,1.91,1.89,1.9,1.86,1.89,1.89,1.9,1.9,1.91,1.89,1.92,1.98,2.05,
嘉義,2024/04/15 00:00:00,WD_HR,234,221,216,190,119,130,236,117,266,257,234,252,252,254,256,266,255,244,239,250,231,228,210,192,
嘉義,2024/04/15 00:00:00,WIND_DIREC,212,219,177,234,124,187,237,114,297,238,229,296,235,237,293,282,254,246,243,243,223,229,157,207,
嘉義,2024/04/15 00:00:00,WIND_SPEED,1,1.4,1,0.8,1.2,0.8,1.3,1.1,1.9,2.3,1.9,2.8,2.8,3,2.8,3.1,2.7,2.8,2.5,2.4,1.4,1.7,1.1,1.3,
嘉義,2024/04/15 00:00:00,WS_HR,0.9,1,1,0.4,1,0.8,1.1,0.9,0.7,1.3,2.2,1.8,2.2,2.4,2.7,2.9,2.7,2.5,2.6,2.4,1.7,1.5,1.2,0.8,
嘉義,2024/04/16 00:00:00,AMB_TEMP,26.1,25.8,25.6,25.6,25.3,25.2,25.6,26.3,26.9,27.7,28.6,29.4,29.9,30.1,30,30.1,29.4,28.7,27.9,27.6,27.2,26.6,25.6,25.4,
嘉義,2024/04/16 00:00:00,CH4,2.05,2.06,2.08,2.11,2.12,2.09,2.02,2,1.95,1.94,1.95,1.94,1.94,1.91,1.9,1.89,1.89,1.89,1.91,1.93,1.96,2.03,2.11,2.12,
嘉義,2024/04/16 00:00:00,CO,0.18,0.2,0.19,0.19,0.18,0.2,0.23,0.26,0.23,0.24,0.25,0.24,0.24,0.22,0.2,0.19,0.21,0.23,0.24,0.28,0.26,0.25,0.29,0.26,
嘉義,2024/04/16 00:00:00,NMHC,0,0.01,0.03,0.04,0.04,0.02,0.03,0.03,0.03,0.04,0.03,0.03,0.02,0.01,0,0,0.01,0.02,0.03,0.04,0.03,0.02,0.08,0.05,
嘉義,2024/04/16 00:00:00,NO,1,0.4,0.2,0,0.1,0.1,0.2,1.2,1.4,1.4,1,0.5,0.1,0.4,0.4,0.7,0.6,0.2,0.3,0.4,0.5,0.2,0.3,0.3,
嘉義,2024/04/16 00:00:00,NO2,4.4,5.6,5.2,5.9,6.3,6,6.9,7.3,6,6.5,5.9,4.5,4.2,3.7,3.3,3,4,3.8,5.3,8.3,6.9,7.3,12.6,10.3,
嘉義,2024/04/16 00:00:00,NOx,5.4,6.1,5.5,5.9,6.5,6.2,7.2,8.6,7.5,7.9,6.9,5,4.4,4.1,3.8,3.7,4.7,4,5.6,8.8,7.5,7.5,13,10.7,
嘉義,2024/04/16 00:00:00,O3,25.3,21.3,17,9.9,6.1,9.9,14.4,18.5,27.3,33.2,41.7,53.2,56.9,51.1,47.1,43.6,34.6,29.5,25,20.7,20.9,19.9,8.3,7.5,
嘉義,2024/04/16 00:00:00,PM10,32,38,28,21,26,25,31,37,34,35,39,43,43,34,31,33,22,24,22,25,30,26,31,31,
嘉義,2024/04/16 00:00:00,PM2.5,19,23,20,14,17,17,20,22,26,25,26,26,21,23,22,17,16,17,17,17,19,15,18,18,
嘉義,2024/04/16 00:00:00,RAINFALL,0,0,0,0,0,0,0,0,0,0,0,0,0,0,0,0,0,0,0,0,0,0,0,0,
嘉義,2024/04/16 00:00:00,RH,88,88,89,88,88,87,87,86,85,81,72,67,64,65,66,64,65,67,70,70,74,80,86,87,
嘉義,2024/04/16 00:00:00,SO2,1.2,3.6,2.5,1.3,1.3,1.2,1.5,2.6,1.9,1.4,1.3,1.4,1.2,1,1,0.8,0.6,0.6,0.8,0.7,0.5,0.5,0.5,0.9,
嘉義,2024/04/16 00:00:00,THC,2.05,2.07,2.11,2.15,2.16,2.11,2.05,2.03,1.98,1.98,1.98,1.97,1.96,1.92,1.9,1.89,1.9,1.91,1.94,1.97,1.99,2.05,2.19,2.17,
嘉義,2024/04/16 00:00:00,WD_HR,142,159,147,113,108,114,116,118,235,253,258,240,287,288,250,264,277,313,324,345,333,302,215,109,
嘉義,2024/04/16 00:00:00,WIND_DIREC,119,342,123,102,111,103,225,139,264,243,253,255,318,269,241,278,301,315,347,338,332,99,204,87,
嘉義,2024/04/16 00:00:00,WIND_SPEED,1.2,0.6,1,1.2,1.4,0.9,1,1.5,2.3,3,1.9,1.7,2.7,3.2,3.1,2.9,3.2,2.5,1.9,1.9,2.2,0.8,1.1,0.7,
嘉義,2024/04/16 00:00:00,WS_HR,0.5,0.2,0.6,0.8,1.2,1,0.5,1.1,1.5,2.1,1.5,1.7,2.1,2,2.8,2.6,2.3,2.3,2.2,1.6,1.8,0.9,1.1,0.8,
嘉義,2024/04/17 00:00:00,AMB_TEMP,25.1,24.6,24.2,24.3,24.1,23.9,24.6,25.4,27.2,28.6,29.8,31,32.3,32,30.9,30.4,29.8,28.9,28.1,27.8,27.6,27.4,27,26.7,
嘉義,2024/04/17 00:00:00,CH4,2.11,2,1.99,2.02,2.03,2.16,2.2,2.02,1.94,1.91,1.9,1.92,1.94,1.9,1.88,1.87,1.88,1.88,1.89,1.9,1.92,1.97,2.01,1.99,
嘉義,2024/04/17 00:00:00,CO,0.24,0.19,0.18,0.19,0.19,0.24,0.31,0.33,0.31,0.29,0.24,0.25,0.25,0.19,0.17,0.17,0.18,0.22,0.21,0.19,0.23,0.28,0.25,0.21,
嘉義,2024/04/17 00:00:00,NMHC,0.06,0.03,0.04,0.04,0.05,0.1,0.11,0.07,0.04,0.03,0.02,0.03,0.03,0.01,0,0,0,0.01,0,0,0.02,0.05,0.05,0.03,
嘉義,2024/04/17 00:00:00,NO,0.2,1.2,1,0.9,0.9,1,1.9,2.5,2.7,2.1,1.4,1.2,1,1.6,1.7,1.4,1.7,1.4,1.1,1,1.1,1,0.9,0.8,
嘉義,2024/04/17 00:00:00,NO2,8.4,4.9,3.7,4.3,4.3,6.4,11.5,10.4,7.6,5.6,3.7,3.9,4.5,4.6,3.6,2.9,3.1,4.1,5.1,4.3,6.3,8.9,9.9,7.3,
嘉義,2024/04/17 00:00:00,NOx,8.6,6.1,4.7,5.3,5.2,7.4,13.5,13,10.3,7.7,5.1,5.1,5.5,6.2,5.3,4.3,4.9,5.6,6.3,5.4,7.4,9.9,10.8,8.2,
嘉義,2024/04/17 00:00:00,O3,7.1,14.8,20.5,18.6,18.8,13.4,9.6,17.1,27.8,39.8,48,59.7,72.9,45.5,38.6,35,30.1,26.9,25.8,24.9,18.6,15.9,11,13,
嘉義,2024/04/17 00:00:00,PM10,29,21,23,24,23,27,24,34,46,44,40,42,41,33,27,20,18,21,20,22,20,28,29,19,
嘉義,2024/04/17 00:00:00,PM2.5,17,19,21,20,17,19,21,22,24,25,23,20,22,14,11,11,14,14,14,11,12,16,18,14,
嘉義,2024/04/17 00:00:00,RAINFALL,0,0,0,0,0,0,0,0,0,0,0,0,0,0,0,0,0,0,0,0,0,0,0,0,
嘉義,2024/04/17 00:00:00,RH,87,85,73,72,72,77,75,74,75,69,61,56,50,60,63,64,64,67,72,73,76,78,81,81,
嘉義,2024/04/17 00:00:00,SO2,0.9,0.9,0.6,0.7,0.7,0.7,0.7,0.8,1.4,1,0.7,0.9,0.8,0.4,0.3,0.1,0.1,#,1.1,1,0.9,1.4,1.6,0.7,
嘉義,2024/04/17 00:00:00,THC,2.17,2.03,2.03,2.06,2.08,2.26,2.31,2.09,1.98,1.94,1.92,1.95,1.97,1.91,1.87,1.87,1.88,1.89,1.89,1.9,1.94,2.02,2.06,2.02,
嘉義,2024/04/17 00:00:00,WD_HR,110,117,107,113,111,271,112,121,222,232,232,236,239,273,275,266,272,270,248,131,221,276,112,112,
嘉義,2024/04/17 00:00:00,WIND_DIREC,124,117,97,119,112,317,119,196,226,235,230,235,242,280,265,281,266,252,230,127,265,121,116,105,
嘉義,2024/04/17 00:00:00,WIND_SPEED,1.2,1.5,1.4,1.2,0.8,1.3,1.9,1.1,3.9,4.8,4.6,4.1,4,4.6,3.6,2.9,3.4,2.5,1.9,1.8,1.8,0.9,1.6,1.7,
嘉義,2024/04/17 00:00:00,WS_HR,1.2,1.3,1.3,1,1.1,0.6,1.3,1,2.3,3.7,4.7,4.1,4.4,3.8,3.3,2.6,2.9,2.5,1.7,0.9,0.3,0.5,1.3,0.9,
嘉義,2024/04/18 00:00:00,AMB_TEMP,26.1,26,25.8,25.8,25.8,26.1,26.1,27.2,28.7,29.9,31.2,31.9,31.6,31.7,31.9,31.4,30.4,29.9,29.3,29,27.8,27.1,26.7,26.2,
嘉義,2024/04/18 00:00:00,CH4,2.03,2,2.04,2.02,2,1.97,2.05,1.97,1.91,1.89,1.91,1.92,1.95,1.96,2,1.99,1.98,2.01,2.08,2.13,2.17,2.19,2.2,2.26,
嘉義,2024/04/18 00:00:00,CO,0.18,0.14,0.12,0.12,0.11,0.13,0.18,0.22,0.17,0.16,0.18,0.19,0.19,0.2,0.28,0.26,0.28,0.33,0.35,0.38,0.37,0.41,0.4,0.35,
嘉義,2024/04/18 00:00:00,NMHC,0.04,0.03,0.01,0.02,0.02,0.02,0.03,0.03,0,0,0.02,0.03,0.01,0,0.01,0.02,0.02,0.04,0.07,0.09,0.09,0.11,0.13,0.09,
嘉義,2024/04/18 00:00:00,NO,0.8,0.3,0.2,0.4,0.3,0.3,1.2,2.3,1.6,0.7,0.7,0.7,0.5,0.7,0.7,0.5,0.4,0.3,0.3,0.3,0.3,0.2,0.2,0.1,
嘉義,2024/04/18 00:00:00,NO2,7,4.8,4.3,3.8,3.6,3.9,7.4,6.6,5,3.4,4.6,4.2,4.1,4.6,5.2,5.2,5.4,7.2,10.1,11.2,11.1,13.1,14.5,11.2,
嘉義,2024/04/18 00:00:00,NOx,7.8,5.1,4.6,4.2,3.9,4.3,8.6,8.9,6.7,4.2,5.4,5,4.7,5.4,5.9,5.8,5.9,7.6,10.4,11.6,11.4,13.4,14.7,11.4,
嘉義,2024/04/18 00:00:00,O3,11.8,16.1,15.2,15.6,14.8,14.2,9.6,15.3,24.9,33.5,44.5,53.8,52.1,59.7,66.8,62.5,61.8,57.5,60.8,58.2,53.1,41.6,35.1,36,
嘉義,2024/04/18 00:00:00,PM10,20,15,13,13,12,8,17,20,21,19,21,23,29,36,43,33,32,27,46,44,42,48,40,34,
嘉義,2024/04/18 00:00:00,PM2.5,14,14,13,10,9,9,9,15,10,13,12,20,20,23,26,17,21,14,23,17,16,20,18,14,
嘉義,2024/04/18 00:00:00,RAINFALL,0,0,0,0,0,0,0,0,0,0,0,0,0,0,0,0,0,0,0,0,0,0,0,0,
嘉義,2024/04/18 00:00:00,RH,78,67,65,64,63,64,66,67,66,60,55,53,58,60,58,56,56,57,60,62,72,78,79,80,
嘉義,2024/04/18 00:00:00,SO2,0.8,0.9,0.9,0.9,0.7,0.8,0.8,1,1.2,#,1.3,2,1.7,2.2,2.5,1.8,1.3,1.2,1.8,2.1,1.9,2.2,2.8,2,
嘉義,2024/04/18 00:00:00,THC,2.07,2.03,2.05,2.04,2.02,1.99,2.08,2,1.91,1.89,1.93,1.95,1.96,1.96,2.01,2.01,2,2.05,2.15,2.22,2.26,2.3,2.33,2.35,
嘉義,2024/04/18 00:00:00,WD_HR,111,113,113,110,111,119,113,292,107,243,343,326,315,320,326,323,330,336,312,284,267,317,304,314,
嘉義,2024/04/18 00:00:00,WIND_DIREC,106,116,100,102,108,120,120,286,110,347,313,342,330,316,307,323,332,323,318,257,262,266,284,312,
嘉義,2024/04/18 00:00:00,WIND_SPEED,1.4,1.4,0.9,1.4,1.6,0.8,2,2.2,2.3,2.4,2.3,3.4,3.7,3.8,3.8,3.8,2.8,2.3,1.6,2.1,2.4,1.6,1.2,2.8,
嘉義,2024/04/18 00:00:00,WS_HR,1.4,1.2,1.2,1.2,1.4,0.9,1.5,0.4,1,0.6,1.6,2.4,2.9,2.9,3,3.1,2.9,2.1,2.1,1.4,2,1.2,1,1.9,
嘉義,2024/04/19 00:00:00,AMB_TEMP,25.6,25.5,25.6,25.6,25.6,25.5,25.4,25.9,27.4,29.1,30.2,31,30.4,30.6,29.9,29.4,29,28.3,27.6,27.1,26.9,26.9,26.2,25.7,
嘉義,2024/04/19 00:00:00,CH4,2.22,2.25,2.37,2.34,2.37,2.36,2.29,2.29,2.16,2.01,1.96,1.97,2.01,1.96,1.96,1.96,1.97,1.97,1.98,2.04,2.01,2.04,2.08,2.14,
嘉義,2024/04/19 00:00:00,CO,0.34,0.35,0.37,0.39,0.39,0.38,0.35,0.43,0.35,0.28,0.25,0.26,0.28,0.24,0.25,0.25,0.28,0.31,0.31,0.31,0.29,0.28,0.29,0.31,
嘉義,2024/04/19 00:00:00,NMHC,0.07,0.09,0.12,0.15,0.11,0.1,0.08,0.1,0.06,0.03,0.02,0.01,0.03,0,0.01,0.01,0.01,0.02,0.03,0.04,0.05,0.04,0.04,0.03,
嘉義,2024/04/19 00:00:00,NO,0.1,1,1.2,1.3,1.2,1.1,1.4,2.6,2.2,1.6,1.3,1.2,1.3,1.3,1.2,1.3,1.4,1.4,1.2,1.2,1,1.2,1.3,1.1,
嘉義,2024/04/19 00:00:00,NO2,9.6,10.7,11.1,13.4,12.2,10.1,7.8,9.2,7.3,4.6,2.8,3,4.1,2.6,3,3.4,3.7,5.7,6,7.1,7.4,6.9,7.1,6,
嘉義,2024/04/19 00:00:00,NOx,9.7,11.7,12.3,14.8,13.4,11.3,9.2,11.8,9.6,6.3,4.2,4.2,5.4,3.9,4.2,4.7,5.2,7.1,7.3,8.3,8.5,8.2,8.5,7.2,
嘉義,2024/04/19 00:00:00,O3,31.8,26.7,21.8,15.7,15.5,14.1,17.5,25.4,43.7,59.6,64.4,71.5,70.9,64.3,64.7,69.4,70.9,64.4,59.8,52,51.4,45.8,41.3,41.7,
嘉義,2024/04/19 00:00:00,PM10,32,42,49,48,47,50,46,62,41,61,25,32,42,31,44,46,51,62,68,105,95,98,96,77,
嘉義,2024/04/19 00:00:00,PM2.5,17,23,30,30,26,22,26,29,26,22,14,18,23,17,18,17,16,24,26,35,31,34,29,30,
嘉義,2024/04/19 00:00:00,RAINFALL,0,0,0,0,0,0,0,0,0,0,0,0,0,0,0,0,0,0,0,0,0,0,0,0,
嘉義,2024/04/19 00:00:00,RH,82,84,83,83,83,85,87,86,80,66,59,54,59,59,61,63,66,70,74,77,78,78,84,87,
嘉義,2024/04/19 00:00:00,SO2,1.3,2.2,2.4,2.6,2.4,1.7,1.3,1.5,1.4,1.2,1,1,1.2,0.9,0.8,1,1,0.7,0.6,A,2,1.9,1.8,2,
嘉義,2024/04/19 00:00:00,THC,2.29,2.34,2.49,2.49,2.48,2.46,2.37,2.39,2.22,2.04,1.98,1.98,2.04,1.96,1.97,1.97,1.98,1.99,2.01,2.08,2.06,2.08,2.12,2.17,
嘉義,2024/04/19 00:00:00,WD_HR,346,22,3,20,93,109,95,260,253,241,236,238,266,256,261,264,274,297,336,0,59,112,235,235,
嘉義,2024/04/19 00:00:00,WIND_DIREC,13,73,7,83,104,119,91,266,274,236,236,237,249,282,272,248,271,314,357,355,59,117,240,213,
嘉義,2024/04/19 00:00:00,WIND_SPEED,2.3,1.1,1.8,1.3,0.9,0.8,1.2,1.6,1.8,3,3.3,3.6,3.7,3.7,4,3,3.4,3.6,3,2.3,1,1.6,3,1.8,
嘉義,2024/04/19 00:00:00,WS_HR,2.1,1.5,1,1.2,0.9,0.8,0.9,0.7,1.4,2.3,3.2,3.1,3.2,3.6,3.6,2.9,2.8,3,2.5,2.6,1.3,1.3,1.8,2.3,
嘉義,2024/04/20 00:00:00,AMB_TEMP,25.7,25.6,25.9,25.1,24.9,24.8,25.2,26.8,28.2,29.3,30.6,32,33.2,33.3,33,32.4,32,31.2,29.8,28.6,27.7,27.7,27.3,27,
嘉義,2024/04/20 00:00:00,CH4,2.14,2.09,2.07,2.05,2.02,2,1.97,2,1.96,1.95,1.95,1.96,1.99,1.93,1.9,1.9,1.91,1.93,1.95,1.93,1.9,1.92,2.1,2.09,
嘉義,2024/04/20 00:00:00,CO,0.29,0.24,0.22,0.2,0.19,0.2,0.21,0.26,0.25,0.32,0.25,0.3,0.28,0.21,0.16,0.16,0.18,0.21,0.23,0.22,0.18,0.21,0.3,0.28,
嘉義,2024/04/20 00:00:00,NMHC,0.02,0.01,0.01,0.01,0.01,0.02,0.02,0.04,0.01,0.03,0.02,0.02,0.02,0.01,0,0,0.01,0.01,0.02,0,0,0,0.08,0.07,
嘉義,2024/04/20 00:00:00,NO,1.1,0.8,0.8,0.9,0.8,0.9,0.9,1.7,1.3,1.2,1.2,0.9,0.8,1,1.3,1.3,1.2,1.2,1.1,0.9,0.9,0.9,1,0.9,
嘉義,2024/04/20 00:00:00,NO2,4.8,4.1,3.1,2.9,2.4,3.2,4.3,5.8,3.8,3.9,3.3,3.7,4.4,3.8,2.8,2.5,3,4.5,6.6,5.6,3.3,4.2,9.3,9.1,
嘉義,2024/04/20 00:00:00,NOx,6,5,3.9,3.9,3.2,4.2,5.2,7.5,5.1,5.2,4.5,4.7,5.3,4.8,4.1,3.8,4.2,5.8,7.8,6.6,4.3,5.1,10.3,10,
嘉義,2024/04/20 00:00:00,O3,40.6,39.7,38.7,27.5,28.2,27,28.3,30.7,47.2,54.3,59.1,68.6,84.4,67.7,48.3,43.1,42.5,41.4,35.6,32.5,33.1,30.7,16,16.8,
嘉義,2024/04/20 00:00:00,PM10,60,41,33,23,20,18,17,24,29,38,29,36,43,42,37,31,34,32,44,36,23,34,34,36,
嘉義,2024/04/20 00:00:00,PM2.5,25,20,15,20,15,18,14,14,13,18,17,14,19,11,15,11,16,18,22,19,12,20,26,26,
嘉義,2024/04/20 00:00:00,RAINFALL,0,0,0,0,0,0,0,0,0,0,0,0,0,0,0,0,0,0,0,0,0,0,0,0,
嘉義,2024/04/20 00:00:00,RH,88,88,86,85,77,72,66,62,64,59,53,46,42,45,45,45,43,43,51,70,82,81,73,69,
嘉義,2024/04/20 00:00:00,SO2,2.3,1.3,1.4,1,1,1,1,1.1,1.2,2.5,2,2.3,2.4,1.9,1.4,1.4,1.2,1.1,1.5,1.5,1,1.1,1.1,1.4,
嘉義,2024/04/20 00:00:00,THC,2.16,2.1,2.08,2.06,2.03,2.02,1.99,2.04,1.97,1.98,1.97,1.98,2.01,1.94,1.9,1.9,1.92,1.94,1.97,1.93,1.88,1.92,2.18,2.16,
嘉義,2024/04/20 00:00:00,WD_HR,195,204,140,114,113,114,113,133,229,228,236,244,239,244,244,237,238,238,241,254,238,169,111,108,
嘉義,2024/04/20 00:00:00,WIND_DIREC,222,186,110,111,111,116,109,224,224,228,241,243,242,244,253,233,242,239,238,261,307,108,106,109,
嘉義,2024/04/20 00:00:00,WIND_SPEED,1.7,1.5,1.6,2.3,1.7,1.6,1.9,2.1,3.3,4.1,4.2,4.3,4.1,5.1,4.3,4.9,4.9,3.7,3,1.5,1.1,1.3,1.1,1.3,
嘉義,2024/04/20 00:00:00,WS_HR,1.3,1.3,0.9,1.7,1.4,1.3,1.7,1.2,2.8,3.6,3.9,3.7,4.5,4.6,4.7,4.3,4.4,4.3,3.3,1.9,0.7,0.3,1.3,1,
嘉義,2024/04/21 00:00:00,AMB_TEMP,26.6,26.1,25.7,25.4,24.9,24.8,25,26.7,28.6,31.2,32.8,34.7,36.1,35.5,34.6,33.1,31.5,30.4,29.4,28.6,28,27.8,27.9,27.4,
嘉義,2024/04/21 00:00:00,CH4,2.1,2.12,2.05,2.02,2.01,2.03,2.04,1.99,1.94,1.91,1.92,1.93,1.91,1.93,1.9,1.88,1.88,1.89,1.88,1.89,1.88,1.9,1.97,1.97,
嘉義,2024/04/21 00:00:00,CO,0.27,0.23,0.2,0.18,0.17,0.18,0.24,0.22,0.21,0.2,0.2,0.21,0.2,0.24,0.19,0.17,0.17,0.18,0.2,0.2,0.2,0.21,0.21,0.2,
嘉義,2024/04/21 00:00:00,NMHC,0.07,0.06,0.03,0.03,0.02,0.03,0.06,0.03,0.02,0.02,0.02,0.02,0.02,0.02,0.01,0,0,0,0,0,0,0,0.01,0.02,
嘉義,2024/04/21 00:00:00,NO,0.8,0.3,0.2,0.1,0.3,0.2,0.4,1,1,0.7,0.6,0.5,0.3,0.2,0.2,0.3,0.6,0.2,0.2,0.1,0.3,0.1,0.2,0.4,
嘉義,2024/04/21 00:00:00,NO2,8.4,7.9,4.9,4,3.6,3.9,6,5.9,4.1,3,2.9,3.9,4,4,2.8,2.6,3.4,3.2,3.8,4.1,3.9,3.9,5.8,6.4,
嘉義,2024/04/21 00:00:00,NOx,9.3,8.3,5.1,4.2,4,4.2,6.4,7,5.2,3.7,3.6,4.5,4.4,4.3,3,3,4.1,3.4,4,4.2,4.2,4,6.1,6.8,
嘉義,2024/04/21 00:00:00,O3,16.4,17.2,22.6,25.6,26.5,26.1,23.4,31,36.2,43.3,48.9,57,61.7,70.5,52.3,42.7,34,31.9,32.7,31.7,30.3,28.8,22.7,20.9,
嘉義,2024/04/21 00:00:00,PM10,32,30,31,26,25,27,32,34,35,26,34,30,25,36,27,25,20,24,21,31,29,26,32,27,
嘉義,2024/04/21 00:00:00,PM2.5,26,27,22,21,21,23,22,28,19,20,19,18,18,20,19,15,14,12,16,18,21,18,18,21,
嘉義,2024/04/21 00:00:00,RAINFALL,0,0,0,0,0,0,0,0,0,0,0,0,0,0,0,0,0,0,0,0,0,0,0,0,
嘉義,2024/04/21 00:00:00,RH,69,70,67,62,60,59,62,56,53,38,32,27,19,32,32,43,55,59,67,74,81,84,83,84,
嘉義,2024/04/21 00:00:00,SO2,1.3,2,2.1,1.9,1.8,2,2,2.2,2.6,2.6,2.5,2.6,2.7,2.9,2.2,1.8,1.5,1.4,1.3,1.4,1.3,1.3,1.2,1.3,
嘉義,2024/04/21 00:00:00,THC,2.17,2.18,2.08,2.05,2.03,2.06,2.1,2.02,1.96,1.93,1.94,1.95,1.93,1.95,1.91,1.88,1.87,1.88,1.88,1.89,1.88,1.89,1.98,1.99,
嘉義,2024/04/21 00:00:00,WD_HR,107,113,113,114,113,113,113,183,224,232,243,252,246,254,256,266,269,273,291,298,238,230,122,202,
嘉義,2024/04/21 00:00:00,WIND_DIREC,113,124,115,106,120,106,115,224,229,230,236,260,246,255,270,277,264,300,292,252,234,151,123,222,
嘉義,2024/04/21 00:00:00,WIND_SPEED,1.1,1.6,1.6,1.5,2.2,1,1.7,2.6,3.9,3.1,3.7,3.9,4.6,5.2,4.4,4,2.8,2.2,2.5,1.9,1.6,0.9,0.8,1.1,
嘉義,2024/04/21 00:00:00,WS_HR,1,1.2,1.5,1.5,1.7,1.1,1.7,0.8,2.5,2.6,3.3,3.4,4,4.7,4.3,3.5,2.6,2.4,1.9,2,1.3,1.4,0.7,0.8,
嘉義,2024/04/22 00:00:00,AMB_TEMP,27,26.7,26.8,26.8,26.3,26.2,26.5,27.2,27.8,30.3,31.9,32.8,32.5,30.9,30.9,30.7,30.4,29.6,29.3,28.5,28,28,27.9,27.7,
嘉義,2024/04/22 00:00:00,CH4,2.05,2.09,2.08,2.06,2.09,2.06,2.12,2.08,2.07,2.02,1.95,1.92,1.95,1.91,#,1.9,1.91,1.92,1.93,1.95,2.02,2.1,2.08,2,
嘉義,2024/04/22 00:00:00,CO,0.21,0.2,0.19,0.18,0.19,0.2,0.24,0.3,0.29,0.29,0.24,0.23,0.31,0.25,0.21,#,0.24,0.3,0.29,0.28,0.28,0.3,0.27,0.24,
嘉義,2024/04/22 00:00:00,NMHC,0.02,0.02,0.01,0.02,0.03,0.02,0.04,0.05,0.04,0.05,0.02,0.02,0.03,0,#,0,0.01,0.02,0.02,0.02,0.02,0.04,0.04,0.03,
嘉義,2024/04/22 00:00:00,NO,0.3,0.3,0.6,0.5,0.4,0.5,0.8,1.7,2.4,1.7,0.7,0.8,0.7,0.7,0.8,#,0.7,0.6,0.6,0.5,0.5,0.5,0.4,0.4,
嘉義,2024/04/22 00:00:00,NO2,6.4,6.9,6.4,4.4,4.9,5.1,6.5,8.4,8.1,7,4.8,3.7,5.6,5.2,3.8,#,5.7,7.2,8.1,8,7.7,9.7,8.5,6.8,
嘉義,2024/04/22 00:00:00,NOx,6.7,7.2,7,5,5.4,5.6,7.4,10.2,10.5,8.7,5.5,4.5,6.4,5.9,4.6,#,6.5,7.9,8.7,8.6,8.3,10.3,8.9,7.2,
嘉義,2024/04/22 00:00:00,O3,18.4,17.2,13.9,20.6,18.2,20.9,16.2,19.5,25.8,41.8,56.5,66.7,70.4,53.3,#,44.4,42.4,38.9,34.5,29.6,26.1,22.3,23.7,24.8,
嘉義,2024/04/22 00:00:00,PM10,27,26,33,25,29,28,21,33,40,47,45,37,47,34,36,#,#,38,38,37,41,44,37,35,
嘉義,2024/04/22 00:00:00,PM2.5,18,18,18,21,23,23,22,25,24,26,24,23,30,22,#,24,21,23,25,23,24,26,27,24,
嘉義,2024/04/22 00:00:00,RAINFALL,0,0,0,0,0,0,0,0,0,0,0,0,0,0,#,#,0,0,0,0,0,0,0,0,
嘉義,2024/04/22 00:00:00,RH,86,87,85,78,74,76,75,69,67,57,46,40,49,60,63,61,59,66,68,74,79,76,78,78,
嘉義,2024/04/22 00:00:00,SO2,1.1,0.8,0.9,0.6,0.8,1.1,1.1,2,2,1.9,2.2,1.9,1.9,1.7,1.1,#,2.9,2.7,2.7,2.6,2.5,2.9,3,2.9,
嘉義,2024/04/22 00:00:00,THC,2.07,2.11,2.09,2.08,2.12,2.08,2.16,2.13,2.11,2.07,1.97,1.94,1.98,1.91,#,1.9,1.92,1.94,1.95,1.97,2.04,2.14,2.12,2.03,
嘉義,2024/04/22 00:00:00,WD_HR,189,177,117,118,103,247,146,275,249,233,235,238,265,283,265,249,248,251,267,244,224,188,159,196,
嘉義,2024/04/22 00:00:00,WIND_DIREC,208,114,122,121,318,211,231,243,238,243,242,236,279,273,261,257,256,251,288,236,111,223,114,144,
嘉義,2024/04/22 00:00:00,WIND_SPEED,0.9,1.6,1.4,1.2,0.8,1,1.1,2.2,2.8,2.6,3.9,3.4,3.7,3.6,4.3,2.8,2.6,1.6,1.7,2.2,1.1,1.5,1.4,1.1,
嘉義,2024/04/22 00:00:00,WS_HR,0.6,0.7,1.3,0.9,0.6,0.9,0.4,0.2,2.2,2,3.1,3.7,2.7,3.3,3.7,3.2,2.3,1.9,1.3,2.1,1.1,0.4,0.8,0.8,
嘉義,2024/04/23 00:00:00,AMB_TEMP,27.7,27.5,27.6,27,25.4,25.3,25.8,26.1,27.3,28,27.9,28.6,30.2,29.9,29.5,28.8,28.7,28.5,28.2,28.1,27.8,27.5,27.3,27,
嘉義,2024/04/23 00:00:00,CH4,2.03,2.04,2.05,2.12,2.02,1.94,1.97,1.98,1.99,1.97,1.98,1.94,1.94,1.9,1.9,1.91,1.9,1.9,1.92,1.93,2.03,2.04,2.08,2.06,
嘉義,2024/04/23 00:00:00,CO,0.24,0.25,0.2,0.22,0.21,0.19,0.22,0.34,0.4,0.3,0.26,0.27,0.26,0.2,0.19,0.21,0.22,0.25,0.29,0.3,0.38,0.31,0.32,0.22,
嘉義,2024/04/23 00:00:00,NMHC,0.04,0.05,0.02,0.07,0.05,0.02,0.05,0.07,0.1,0.06,0.08,0.09,0.04,0.01,0.02,0.04,0.03,0.02,0.04,0.05,0.11,0.09,0.09,0.08,
嘉義,2024/04/23 00:00:00,NO,0.5,0.3,0.4,0.4,0.4,0.4,0.4,1.7,3.1,2.1,1.2,0.8,1.1,0.9,0.7,0.7,0.9,0.8,0.8,0.5,0.3,0.7,0.6,0.5,
嘉義,2024/04/23 00:00:00,NO2,6.4,6.6,5.3,6.1,6.9,3.9,5.8,9.7,14,11.3,9.8,8.8,6.7,6,5.4,7.6,8,6.6,10.3,9.6,13.3,12.5,11.9,8.5,
嘉義,2024/04/23 00:00:00,NOx,6.9,6.9,5.8,6.5,7.3,4.3,6.3,11.4,17.1,13.4,11,9.7,7.8,7,6.2,8.4,8.9,7.5,11.1,10.1,13.7,13.2,12.5,9,
嘉義,2024/04/23 00:00:00,O3,23.3,23.4,23.7,18.9,25.6,30,23.1,13.2,16.8,26.7,30.5,35.1,50.2,42.2,37.2,32,30.8,32.2,26,25.7,16.5,17.4,15,18.4,
嘉義,2024/04/23 00:00:00,PM10,29,28,27,30,24,24,30,38,38,43,46,40,38,33,31,42,34,26,32,29,37,38,33,26,
嘉義,2024/04/23 00:00:00,PM2.5,23,23,25,21,24,16,21,22,27,28,27,31,22,24,23,24,21,20,26,28,27,29,25,23,
嘉義,2024/04/23 00:00:00,RAINFALL,0,0,0,0.5,0,0,0,0,0,0,0,0,0,0,0,0,0,0,0,0,0,0,0,0,
嘉義,2024/04/23 00:00:00,RH,75,75,70,75,85,79,76,76,69,71,76,70,61,63,60,64,68,67,70,70,71,71,71,69,
嘉義,2024/04/23 00:00:00,SO2,2.7,A,2.3,2.2,2.4,2.2,2.3,2.6,#,3,2.2,2.3,2.4,1.8,1.6,1.6,1.5,1.5,1.5,1.6,1.7,1.6,1.5,1.4,
嘉義,2024/04/23 00:00:00,THC,2.07,2.09,2.07,2.19,2.07,1.96,2.02,2.05,2.09,2.03,2.06,2.03,1.98,1.91,1.92,1.95,1.93,1.92,1.96,1.98,2.14,2.13,2.17,2.14,
嘉義,2024/04/23 00:00:00,WD_HR,182,127,119,272,57,94,110,105,113,225,228,223,224,249,237,235,243,244,260,116,92,96,143,103,
嘉義,2024/04/23 00:00:00,WIND_DIREC,230,79,131,4,75,75,116,99,93,228,234,159,261,234,236,240,246,260,258,96,104,137,111,116,
嘉義,2024/04/23 00:00:00,WIND_SPEED,1.7,1.4,0.9,1.9,2.3,1.3,1.8,1.5,1.2,3,2.2,1.6,2.4,3.6,3.1,2.8,2.1,2.6,1.1,1.1,1.4,0.9,1.3,0.8,
嘉義,2024/04/23 00:00:00,WS_HR,0.5,0.5,1.1,0.9,2.2,1.3,1.4,1.5,1.3,1.6,2.4,1.5,1,2.5,3.4,2.8,2,1.7,1.4,0.8,1,1,0.7,1.2,
嘉義,2024/04/24 00:00:00,AMB_TEMP,26.5,26.6,26.5,26.6,26.3,26.1,26.4,26.5,27.9,28.4,29.1,29.9,30.3,29.7,27.7,25.6,25.3,26.1,26,25.9,25.3,24.9,24.6,24.5,
嘉義,2024/04/24 00:00:00,CH4,2.1,2.15,2.14,2.15,2.18,2.35,2.15,2.11,2,1.95,1.96,1.9,1.92,1.92,1.93,1.95,1.92,1.96,1.95,2.13,2.11,2.12,2.13,2.13,
嘉義,2024/04/24 00:00:00,CO,0.24,0.21,0.18,0.18,0.19,0.2,0.24,0.39,0.29,0.22,0.28,0.18,0.21,0.21,0.21,0.21,0.24,0.35,0.38,0.49,0.47,0.47,0.4,0.35,
嘉義,2024/04/24 00:00:00,NMHC,0.08,0.08,0.03,0.03,0.04,0.03,0.05,0.08,0.04,0.02,0.04,0.01,0.03,0.05,0.05,0.02,0.03,0.07,0.11,0.16,0.15,0.18,0.11,0.11,
嘉義,2024/04/24 00:00:00,NO,0.5,0.7,0.2,0.4,0.4,0.4,0.9,1.5,3.3,1.3,1.5,1,1.1,0.8,0.8,0.9,0.7,1,1,1.1,1.2,1.3,0.9,0.8,
嘉義,2024/04/24 00:00:00,NO2,7.7,8.6,6.8,5.6,5.7,7,8.3,10.1,12.5,6.7,8,3.9,5.5,7.6,8.9,7.3,6.3,11,14.4,19.9,19.4,20.8,17.4,15.4,
嘉義,2024/04/24 00:00:00,NOx,8.2,9.4,7.1,6,6.1,7.4,9.2,11.6,15.8,8,9.5,4.9,6.6,8.4,9.7,8.3,7.1,12,15.4,21.1,20.6,22.2,18.4,16.2,
嘉義,2024/04/24 00:00:00,O3,17.4,13.8,17.6,18.9,19.6,14.9,14.8,13.1,19.2,28.6,29.4,37.3,41.9,45.2,27.7,28.8,35.2,25.2,19,10.7,12.9,9.4,11.9,13.1,
嘉義,2024/04/24 00:00:00,PM10,27,26,27,22,30,34,31,50,38,33,32,26,35,38,39,3,5,10,25,26,22,35,34,34,
嘉義,2024/04/24 00:00:00,PM2.5,24,23,23,21,23,32,27,29,26,19,21,15,19,20,17,10,6,9,16,16,15,25,23,29,
嘉義,2024/04/24 00:00:00,RAINFALL,0,0,0,0,0,0,0,0,0,0,0,0,0,0,5.5,4,0,0,0,0,0,0,0,0,
嘉義,2024/04/24 00:00:00,RH,71,72,70,69,77,86,85,85,74,64,61,56,55,58,74,91,90,88,87,88,90,90,91,91,
嘉義,2024/04/24 00:00:00,SO2,1.4,1.2,1.4,1.2,1.4,1.4,1.6,1.8,1.7,1.2,1.6,1.3,1.7,1.9,1.8,1,0.8,1,1.2,1.2,1.5,1.4,3.1,2.8,
嘉義,2024/04/24 00:00:00,THC,2.18,2.23,2.17,2.18,2.22,2.38,2.2,2.19,2.04,1.97,2,1.91,1.95,1.97,1.98,1.97,1.95,2.03,2.06,2.29,2.26,2.3,2.24,2.24,
嘉義,2024/04/24 00:00:00,WD_HR,225,115,113,113,224,159,115,203,223,223,228,234,229,232,254,67,107,141,248,353,351,353,355,14,
嘉義,2024/04/24 00:00:00,WIND_DIREC,227,129,117,105,242,117,107,222,223,228,223,232,239,229,307,79,116,230,287,349,347,6,7,71,
嘉義,2024/04/24 00:00:00,WIND_SPEED,0.9,0.9,1.2,0.7,2,1.1,1.2,1.2,2.2,1.4,2.3,3.6,3.3,3.4,4.3,2.9,1.5,1.4,1.5,1.7,2.2,2,2.1,1.9,
嘉義,2024/04/24 00:00:00,WS_HR,1,0.8,1,0.8,1.2,0.7,1.1,0.4,1.5,1.8,1.8,3.4,3.4,3.4,3.2,1.2,1.9,0.6,1.4,1.8,1.9,1.7,1.6,1.7,
嘉義,2024/04/25 00:00:00,AMB_TEMP,24.5,24.7,24.5,24.5,24.5,24.7,24.3,23.8,23.7,24.5,26.3,28.1,27.7,27.3,24.3,23.6,23.7,23.6,23.5,23.8,23.5,23.2,22.8,23.6,
嘉義,2024/04/25 00:00:00,CH4,2.14,2.18,2.13,2.14,2.06,2.25,2.24,2.27,2.11,2.05,2.02,1.98,1.95,2.01,1.98,1.95,1.97,1.98,1.98,2.04,2.02,1.98,1.92,1.94,
嘉義,2024/04/25 00:00:00,CO,0.34,0.33,0.3,0.27,0.2,0.31,0.37,0.43,0.39,0.35,0.3,0.26,0.26,0.3,0.26,0.29,0.37,0.35,0.38,0.58,0.33,0.26,0.23,0.24,
嘉義,2024/04/25 00:00:00,NMHC,0.13,0.11,0.1,0.09,0.04,0.16,0.15,0.17,0.1,0.07,0.06,0.03,0.02,0.06,0.04,0.04,0.07,0.07,0.07,0.16,0.05,0.01,0,0.01,
嘉義,2024/04/25 00:00:00,NO,0.7,0.8,0.7,0.6,0.8,3.3,4.3,6.6,2.6,1.7,2,1.4,1.1,0.9,0.5,0.3,0.7,0.6,0.4,0.6,0.6,0.6,0.3,0.3,
嘉義,2024/04/25 00:00:00,NO2,14.4,12.6,11.7,10.2,7.6,9.7,11.3,14.6,12.3,8.9,6.9,5.3,4.5,7.5,7.5,8.2,11.8,13.1,10.5,18.9,11.4,6.8,3.5,3.2,
嘉義,2024/04/25 00:00:00,NOx,15.1,13.4,12.4,10.8,8.5,13,15.6,21.2,14.9,10.7,8.9,6.7,5.7,8.5,8,8.5,12.6,13.8,11,19.6,12,7.5,3.8,3.5,
嘉義,2024/04/25 00:00:00,O3,10.1,3.6,3.4,4.9,3.1,0.6,1.5,4.8,26.5,28,26.9,35,30.1,38.2,49.8,44.1,37,35.5,35.5,26.6,29.1,32.3,46.3,43.6,
嘉義,2024/04/25 00:00:00,PM10,35,39,32,30,26,27,35,22,21,14,19,22,18,21,12,8,9,7,5,13,8,5,4,5,
嘉義,2024/04/25 00:00:00,PM2.5,26,22,18,24,15,17,24,16,22,8,15,11,10,12,12,8,9,8,9,9,7,6,8,6,
嘉義,2024/04/25 00:00:00,RAINFALL,0,0,0,0,0,0,3.5,0.5,0,0,0.5,0,0,0,30.5,15.5,17,5.5,1,5,7.5,3.5,0,0,
嘉義,2024/04/25 00:00:00,RH,91,91,92,92,91,90,92,93,93,92,88,83,82,84,91,94,95,97,98,96,96,96,96,98,
嘉義,2024/04/25 00:00:00,SO2,1.2,1.1,1,1.3,1.1,1.4,1.6,1.3,1.3,1.2,A,#,1.2,1.4,1.3,1,0.9,1,0.9,0.9,0.9,1.1,0.9,0.9,
嘉義,2024/04/25 00:00:00,THC,2.27,2.29,2.23,2.23,2.1,2.41,2.39,2.44,2.21,2.12,2.08,2.01,1.97,2.07,2.02,1.99,2.04,2.05,2.05,2.2,2.07,1.99,1.91,1.95,
嘉義,2024/04/25 00:00:00,WD_HR,81,111,53,138,108,13,8,15,49,77,186,237,264,305,250,234,158,113,83,48,122,132,114,66,
嘉義,2024/04/25 00:00:00,WIND_DIREC,105,96,229,101,85,12,11,21,52,121,236,236,310,320,236,222,212,111,312,104,209,106,128,346,
嘉義,2024/04/25 00:00:00,WIND_SPEED,1.3,0.8,0.9,1.2,0.8,2.8,3.7,3.9,3.3,2.3,2.6,3.3,2.7,4.1,1.4,1.5,1.9,1.8,1.2,1.7,1.6,2.2,1.8,2.7,
嘉義,2024/04/25 00:00:00,WS_HR,1.3,1.1,0.1,0.5,0.5,2,2.8,3.1,3.3,2.4,1.1,3.5,2.3,2.8,2.5,0.3,0.3,1.7,0.6,1,1.2,1.1,2.1,0,
嘉義,2024/04/26 00:00:00,AMB_TEMP,23.3,23.1,23.2,23.1,23.3,23.4,23.8,25.2,26.1,25.2,24.5,24.2,23.1,22.2,22.3,23.2,24.6,25,25.3,25.7,25.7,25.7,25,24.3,
嘉義,2024/04/26 00:00:00,CH4,2.03,2,2.05,2.1,2.04,2.05,2,1.97,1.94,1.94,1.94,1.92,1.91,1.92,1.91,1.9,1.9,1.93,1.96,1.92,1.92,1.92,1.93,1.95,
嘉義,2024/04/26 00:00:00,CO,0.25,0.25,0.25,0.25,0.24,0.25,0.23,0.32,0.33,0.3,0.26,0.21,0.23,0.22,0.2,0.21,0.24,0.47,0.29,0.29,0.24,0.19,0.21,0.24,
嘉義,2024/04/26 00:00:00,NMHC,0.01,0.03,0.03,0.02,0.02,0.02,0.02,0.04,0.06,0.09,0.05,0.03,0.03,0.01,0,0.02,0.03,0.12,0.05,0.05,0.03,0.01,0.01,0.03,
嘉義,2024/04/26 00:00:00,NO,0.3,0.4,0.4,0.5,0.4,0.6,0.9,1.6,1.5,1.9,1.4,1.2,1,0.5,0.7,0.6,0.8,1.6,1.1,0.5,0.5,0.5,0.4,0.3,
嘉義,2024/04/26 00:00:00,NO2,5.8,5.5,4.5,5,4.7,4.2,4.1,6.2,8.8,11.3,8.3,5.5,6.1,5,3.5,5,5.8,14.9,11.9,7.8,8,4.7,4.7,4.4,
嘉義,2024/04/26 00:00:00,NOx,6.1,6,5,5.6,5.2,4.9,5.1,7.8,10.4,13.2,9.7,6.8,7.1,5.5,4.2,5.6,6.6,16.5,13,8.3,8.5,5.2,5.2,4.8,
嘉義,2024/04/26 00:00:00,O3,35.2,33.4,24.6,20,21.2,21.3,22.5,21.5,19.6,16.3,18,25.3,39.3,48.2,46.8,40.5,41.1,27.3,31.4,38.4,38.8,42,37.8,33,
嘉義,2024/04/26 00:00:00,PM10,10,8,8,16,15,13,8,13,10,15,9,6,9,6,4,12,6,5,10,6,5,6,7,9,
嘉義,2024/04/26 00:00:00,PM2.5,7,5,8,12,11,11,7,8,6,9,9,10,8,6,3,6,7,5,9,7,6,4,2,3,
嘉義,2024/04/26 00:00:00,RAINFALL,0,0,0,0,0,3,0,0,0,2.5,1.5,1.5,4,15.5,1.5,0.5,0,0,0,0,0,0,0,0,
嘉義,2024/04/26 00:00:00,RH,98,98,98,98,98,98,98,98,97,98,97,96,96,96,96,98,88,80,74,66,66,67,72,78,
嘉義,2024/04/26 00:00:00,SO2,1,1,1.1,2,2.5,1.7,1.3,1.4,1.7,1.1,1.1,1,1,1,1.2,2.2,1,1.2,1.8,1.4,1.3,1.2,1.3,1.3,
嘉義,2024/04/26 00:00:00,THC,2.04,2.03,2.08,2.12,2.06,2.07,2.02,2.01,2,2.03,1.99,1.95,1.94,1.93,1.91,1.92,1.93,2.05,2.01,1.97,1.95,1.93,1.94,1.98,
嘉義,2024/04/26 00:00:00,WD_HR,357,104,160,142,183,211,146,211,157,236,218,231,235,205,116,120,119,192,187,124,233,217,236,217,
嘉義,2024/04/26 00:00:00,WIND_DIREC,53,116,177,159,223,146,112,220,318,219,222,157,232,124,105,108,123,207,175,298,211,241,204,231,
嘉義,2024/04/26 00:00:00,WIND_SPEED,1.9,1.2,1.4,1.4,1.1,1.1,1.2,2,2,1.6,3.7,1.8,1.8,2.6,2.8,2.4,2,1.3,1.4,2.5,2.4,2.2,1.6,2.9,
嘉義,2024/04/26 00:00:00,WS_HR,2.7,1.5,0.8,1,0.6,1.1,0.8,1,0.2,2,1.6,2.3,1.9,1.5,2.7,2.4,1.9,0.6,1,0.9,2.1,1.3,2.2,1.7,
嘉義,2024/04/27 00:00:00,AMB_TEMP,24.2,25,24.8,25.8,25.9,23.8,24.1,24.5,25,25.4,25.3,25,26.3,30.8,32.1,31,29.2,28.2,27.3,26.9,26.4,26.2,25.8,25.4,
嘉義,2024/04/27 00:00:00,CH4,1.96,1.91,1.96,1.92,1.98,2.04,1.98,1.93,1.95,1.98,1.95,1.97,1.94,1.91,1.9,1.91,1.95,2,2.05,2.08,2.07,2.04,2.15,2.15,
嘉義,2024/04/27 00:00:00,CO,0.22,0.16,0.16,0.16,0.19,0.21,0.2,0.23,0.28,0.3,0.29,0.35,0.23,0.18,0.17,0.19,0.22,0.28,0.34,0.41,0.45,0.46,0.53,0.46,
嘉義,2024/04/27 00:00:00,NMHC,0.02,0,0,0,0.02,0.02,0.02,0.01,0.03,0.06,0.05,0.09,0.01,0,0,0.01,0.02,0.04,0.07,0.12,0.12,0.11,0.16,0.16,
嘉義,2024/04/27 00:00:00,NO,0.3,0.3,0.4,0.1,0.1,0.4,0.3,0.6,0.7,1.2,1.1,1.8,1.2,0.7,0.4,0.3,0.5,0.6,0.5,0.4,0.4,0.2,0.3,0.2,
嘉義,2024/04/27 00:00:00,NO2,4.1,3.7,2.8,2.2,3.5,7.3,5.8,5.6,7.4,9,8.6,10.7,5.9,3.8,3.1,3.6,5.2,8.3,11.9,13.9,14.5,14.3,14.9,14.3,
嘉義,2024/04/27 00:00:00,NOx,4.5,4.1,3.3,2.3,3.6,7.7,6.1,6.2,8.2,10.3,9.8,12.6,7.1,4.6,3.6,4,5.7,8.9,12.5,14.4,14.9,14.6,15.3,14.5,
嘉義,2024/04/27 00:00:00,O3,32.9,41.4,40.3,45.5,46.7,26.7,33.3,35.6,32.2,29.6,29.8,27.1,35.1,55.5,61.6,56.5,52.1,46.4,43,34.7,36.3,38.3,23.8,18.3,
嘉義,2024/04/27 00:00:00,PM10,9,8,8,13,13,20,17,12,12,25,27,17,11,11,9,9,18,17,22,30,29,25,35,39,
嘉義,2024/04/27 00:00:00,PM2.5,5,6,8,10,7,7,8,10,9,9,13,13,12,7,4,4,7,13,12,15,14,19,15,24,
嘉義,2024/04/27 00:00:00,RAINFALL,0,0,0,0,0,0,0,0,0,0,0,0,0,0,0,0,0,0,0,0,0.5,0,0,0,
嘉義,2024/04/27 00:00:00,RH,79,71,72,64,63,84,84,81,81,77,82,87,81,43,34,43,57,64,70,74,81,85,87,89,
嘉義,2024/04/27 00:00:00,SO2,1.3,1.1,1,1.3,1.4,1.5,1.5,1.5,1.4,1.6,2.1,1.8,1.6,1.9,1.4,1.3,1.6,1.6,1.8,2.3,2.4,2,2.1,1.9,
嘉義,2024/04/27 00:00:00,THC,1.98,1.91,1.94,1.91,2,2.06,2,1.94,1.98,2.04,2,2.06,1.95,1.91,1.9,1.92,1.97,2.04,2.12,2.2,2.19,2.15,2.31,2.31,
嘉義,2024/04/27 00:00:00,WD_HR,226,230,192,220,7,343,37,268,124,302,174,273,172,185,223,244,240,236,234,145,17,348,108,96,
嘉義,2024/04/27 00:00:00,WIND_DIREC,231,216,183,182,347,343,326,258,99,329,84,241,157,202,242,249,242,238,218,288,99,10,104,84,
嘉義,2024/04/27 00:00:00,WIND_SPEED,2.7,2.4,2.7,2.8,3.2,1.5,4.2,1,1.9,1.7,2.1,2.1,1.2,3.5,3.3,3.4,2.9,2.5,1.6,1.6,1.1,1.1,0.5,1.3,
嘉義,2024/04/27 00:00:00,WS_HR,1.4,2.6,1.8,1.6,1.1,1.9,0.7,1.5,0.8,1.2,0.3,1,0.6,2.1,2.5,2.8,2.8,2.6,1.8,0.3,0.8,0.8,0.6,0.7,
嘉義,2024/04/28 00:00:00,AMB_TEMP,25.4,25.3,24.6,24,23.6,23.2,23.4,23.5,23.3,23.6,23.8,24,25,26.6,28.5,29.4,28.5,28.4,27.5,27,26.4,25.5,25.2,25.2,
嘉義,2024/04/28 00:00:00,CH4,2.17,2.21,2.13,2.11,2.08,1.97,1.95,2.02,2.01,2.01,2,1.97,1.96,1.94,1.91,1.93,1.97,1.99,2.03,2.08,2.15,2.18,2.1,2.22,
嘉義,2024/04/28 00:00:00,CO,0.46,0.35,0.29,0.28,0.24,0.19,0.2,0.24,0.26,0.27,0.28,0.27,0.3,0.25,0.19,0.21,0.32,0.38,0.5,0.49,0.68,0.6,0.42,0.5,
嘉義,2024/04/28 00:00:00,NMHC,0.16,0.1,0.08,0.05,0.02,0.01,0.01,0.03,0.04,0.03,0.05,0.02,0.03,0.01,0,0.01,0.08,0.08,0.11,0.1,0.2,0.21,0.15,0.17,
嘉義,2024/04/28 00:00:00,NO,0.6,0.9,0.7,0.8,0.6,0.5,0.6,1,1,0.8,0.8,0.7,1,1,0.7,0.9,1,1.2,0.8,0.8,1.7,4.6,1.4,1.5,
嘉義,2024/04/28 00:00:00,NO2,13.5,11.5,8.5,5.6,3.9,2.8,3.7,6.8,6.4,5.8,6.1,5.8,6.2,5.7,3.2,3.4,7.5,10,15,15.4,22.8,18.3,14.2,15.6,
嘉義,2024/04/28 00:00:00,NOx,14.1,12.4,9.2,6.4,4.6,3.4,4.3,7.8,7.4,6.6,6.9,6.5,7.3,6.8,3.9,4.4,8.5,11.2,15.9,16.2,24.6,23,15.6,17.2,
嘉義,2024/04/28 00:00:00,O3,20.9,29.6,25.7,22,26.2,29.5,31.4,28.1,38.1,41.5,43.8,47.8,49.3,50.2,49.8,42,39.2,31.7,21,19.8,4.6,1.7,5.6,6.1,
嘉義,2024/04/28 00:00:00,PM10,32,24,25,29,21,14,11,12,10,9,9,10,7,10,6,9,16,14,21,24,29,31,28,28,
嘉義,2024/04/28 00:00:00,PM2.5,18,17,18,16,11,11,8,10,12,12,9,10,10,9,6,6,9,8,10,10,16,11,15,11,
嘉義,2024/04/28 00:00:00,RAINFALL,0,0,1.5,0,0.5,0.5,1,3.5,0,0,0,0,0,0,0,0,0,0,0,0,0,0,0,0,
嘉義,2024/04/28 00:00:00,RH,88,89,91,92,93,93,91,91,92,91,89,89,84,72,58,56,62,67,74,79,87,88,86,87,
嘉義,2024/04/28 00:00:00,SO2,1.7,1.5,1.4,1.3,1.3,1.2,1.1,1.1,1.1,1.2,1.3,1.3,1.2,1.2,1.2,1.3,1.4,1.3,1.6,1.5,1.4,1.3,1.3,1.3,
嘉義,2024/04/28 00:00:00,THC,2.33,2.31,2.21,2.16,2.1,1.98,1.96,2.05,2.05,2.04,2.05,1.99,1.99,1.95,1.91,1.94,2.05,2.07,2.14,2.18,2.35,2.39,2.25,2.39,
嘉義,2024/04/28 00:00:00,WD_HR,304,46,92,213,220,110,325,326,83,73,57,56,17,111,124,202,242,278,220,242,94,91,137,257,
嘉義,2024/04/28 00:00:00,WIND_DIREC,354,92,109,222,200,92,312,0,91,53,63,49,83,116,126,225,271,265,97,120,66,104,289,146,
嘉義,2024/04/28 00:00:00,WIND_SPEED,1.8,1.6,1.9,1.7,2.1,1.8,1.9,1.2,1.5,2.1,3,2.6,1.5,2.6,2.1,1.4,1.1,1.2,0.7,1,0.8,1.6,1.6,1.1,
嘉義,2024/04/28 00:00:00,WS_HR,0.9,1.1,1.3,0.9,2.7,1.3,0.2,1.6,1.2,1.7,2.1,2.3,1.2,1.7,2,1,1.4,1.4,0.3,0.3,0.7,1.1,0.5,0.8,
嘉義,2024/04/29 00:00:00,AMB_TEMP,24.1,24.3,24.4,24,24,23.9,24.2,25.8,28,29.7,29.8,30.5,31.1,31.5,31.4,31.4,30.8,29.6,28.5,28,27.9,27.7,27.2,26.6,
嘉義,2024/04/29 00:00:00,CH4,2.2,2.15,2.22,2.15,2.14,2.18,2.11,2.03,1.9,1.91,1.92,1.89,1.91,1.91,1.92,1.91,1.89,1.88,1.89,1.9,1.95,1.97,2.08,2.12,
嘉義,2024/04/29 00:00:00,CO,0.33,0.28,0.29,0.23,0.2,0.2,0.24,0.47,0.2,0.2,0.23,0.17,0.18,0.18,0.18,0.19,0.18,0.2,0.22,0.24,0.41,0.31,0.3,0.25,
嘉義,2024/04/29 00:00:00,NMHC,0.1,0.06,0.18,0.1,0.04,0.04,0.05,0.11,0.01,0.01,0.03,0,0,0,0,0,0,0.01,0.01,0.05,0.06,0.06,0.09,0.07,
嘉義,2024/04/29 00:00:00,NO,1.1,0.5,0.5,0.5,0.3,0.6,0.7,2.5,1.2,1,1.1,0.9,0.8,0.8,0.8,0.6,1,1.1,0.7,0.7,0.5,0.8,0.8,0.5,
嘉義,2024/04/29 00:00:00,NO2,12.3,8.2,9.7,6.6,5.7,5.6,7.6,12.3,5.1,4.6,6,4,3,2.3,2.3,3,4.3,6,7.2,8.6,8.9,11.8,12.9,9.8,
嘉義,2024/04/29 00:00:00,NOx,13.5,8.8,10.2,7.1,6.1,6.3,8.3,14.8,6.3,5.6,7.2,5,3.9,3.2,3.2,3.7,5.3,7.1,7.9,9.3,9.5,12.7,13.7,10.3,
嘉義,2024/04/29 00:00:00,O3,4,9.8,7.9,9.2,9,9.5,17.2,26.5,43.4,42.9,45.4,44.7,48,49.3,53.7,51.7,39.1,29.2,23,21.2,18.9,14.9,6.9,7.9,
嘉義,2024/04/29 00:00:00,PM10,29,21,25,23,23,19,22,16,10,16,19,14,17,#,17,16,17,13,19,22,24,28,24,24,
嘉義,2024/04/29 00:00:00,PM2.5,12,11,11,9,10,11,9,11,8,12,8,8,11,#,12,11,8,5,8,13,15,11,10,10,
嘉義,2024/04/29 00:00:00,RAINFALL,0,0,0,0,0,0,0,0,0,0,0,0,0,0,0,0,0,0,0,0,0,0,0,0,
嘉義,2024/04/29 00:00:00,RH,89,88,88,88,87,87,86,81,61,54,56,55,57,52,55,55,59,66,72,78,80,81,86,88,
嘉義,2024/04/29 00:00:00,SO2,1.3,0.9,1,0.9,0.8,0.9,0.9,1.1,1.2,1.1,1.3,1.1,1.1,1.1,#,0.8,0.6,0.8,0.7,0.7,0.7,0.8,0.8,0.7,
嘉義,2024/04/29 00:00:00,THC,2.3,2.21,2.4,2.25,2.18,2.22,2.16,2.14,1.91,1.92,1.95,1.89,1.91,1.9,1.91,1.91,1.89,1.89,1.9,1.95,2.01,2.03,2.17,2.19,
嘉義,2024/04/29 00:00:00,WD_HR,124,98,89,114,116,114,113,303,263,132,252,241,251,256,252,254,244,240,231,226,244,233,112,110,
嘉義,2024/04/29 00:00:00,WIND_DIREC,203,112,92,136,117,117,114,279,94,240,248,243,266,249,260,248,246,234,221,217,247,200,109,108,
嘉義,2024/04/29 00:00:00,WIND_SPEED,1.1,1.4,1,1.2,1,1.1,1.7,1.4,1.3,1.6,2.5,2.5,3.1,3.1,2.9,2.4,2.5,2.4,1.8,1.3,1.4,0.9,0.8,1.4,
嘉義,2024/04/29 00:00:00,WS_HR,1,0.4,0.8,1,0.8,1,1.7,0.5,0.9,1,2.5,2.5,2.6,2.4,2.5,2.1,2.3,2.3,1.9,1.7,1,1.1,1,1.1,
嘉義,2024/04/30 00:00:00,AMB_TEMP,26,25.7,25.3,25,24.8,24.6,25.2,27.2,29,30.8,32.2,33.2,34.3,34.3,33,31.4,26.1,24.7,25.1,26,26,26.2,25.9,25.4,
嘉義,2024/04/30 00:00:00,CH4,2.12,2.11,2.07,2.08,2,2.02,1.98,1.98,1.93,1.89,1.88,1.88,1.88,1.92,1.87,1.86,1.92,1.93,1.93,1.93,2.01,2.03,2,1.97,
嘉義,2024/04/30 00:00:00,CO,0.2,0.2,0.17,0.15,0.13,0.15,0.18,0.28,0.3,0.16,0.16,0.13,0.17,0.26,0.13,0.13,0.31,0.31,0.29,0.35,0.52,0.43,0.33,0.26,
嘉義,2024/04/30 00:00:00,NMHC,0.04,0.07,0.03,0.02,0.01,0.02,0.03,0.05,0.05,0.01,0.03,0.01,0,0.02,0.01,0.01,0.02,0.04,0.02,0.05,0.18,0.11,0.08,0.01,
嘉義,2024/04/30 00:00:00,NO,0.3,1.1,1,1,1.1,1.1,1.7,3.9,3.2,1.9,1.6,1.4,1.3,1,1.5,1.7,1.4,0.8,0.8,1.1,1.1,1.1,0.9,1,
嘉義,2024/04/30 00:00:00,NO2,6.8,6.6,5.2,4.5,4,5.5,5.6,7.2,6.4,3.2,2.4,2.3,2.3,4,3.6,3.5,5.3,7.2,6.5,6.9,14,14.2,10.4,5.4,
嘉義,2024/04/30 00:00:00,NOx,7.1,7.8,6.2,5.5,5.2,6.6,7.4,11.1,9.6,5.2,4.1,3.7,3.7,5.1,5.2,5.2,6.7,8,7.3,8,15.1,15.3,11.3,6.4,
嘉義,2024/04/30 00:00:00,O3,10.2,10,11.3,11.5,11.1,8.7,10.7,13.3,23.3,28.1,29.4,32.6,37.7,64.8,30.8,21.6,52,56.4,48,42.2,29.6,39.6,37.9,35.3,
嘉義,2024/04/30 00:00:00,PM10,18,17,21,18,17,17,13,18,23,19,19,18,17,32,18,22,17,10,10,8,21,18,18,15,
嘉義,2024/04/30 00:00:00,PM2.5,11,8,12,11,15,10,11,10,15,12,12,10,11,21,10,13,7,6,8,12,11,14,8,11,
嘉義,2024/04/30 00:00:00,RAINFALL,0,0,0,0,0,0,0,0,0,0,0,0,0,0,0,0,2.5,0,0.5,0,0,0,0,0,
嘉義,2024/04/30 00:00:00,RH,88,88,87,85,80,77,74,67,64,54,47,44,40,45,52,60,80,89,88,83,79,70,70,72,
嘉義,2024/04/30 00:00:00,SO2,0.6,1.1,1.1,1.2,1.2,1.2,1.2,1.3,2.2,1.8,1.7,1.6,1.9,3.1,2,1.6,1.5,1.4,1.1,1.2,1.6,1.9,1.8,1.1,
嘉義,2024/04/30 00:00:00,THC,2.16,2.18,2.1,2.1,2.01,2.04,2.01,2.03,1.98,1.9,1.91,1.89,1.88,1.94,1.88,1.87,1.94,1.97,1.95,1.98,2.19,2.14,2.08,1.98,
嘉義,2024/04/30 00:00:00,WD_HR,115,106,115,112,115,113,109,136,217,220,219,228,216,232,246,259,327,103,103,70,18,19,94,119,
嘉義,2024/04/30 00:00:00,WIND_DIREC,114,102,114,120,116,107,114,217,228,219,209,218,206,239,252,244,39,108,98,68,7,41,109,116,
嘉義,2024/04/30 00:00:00,WIND_SPEED,1,1.1,1.4,1.7,1.5,1.3,1.5,1.3,3.5,3.2,3,4.3,4.1,5.5,5.3,2.6,2.8,2.3,1.9,2,2.2,2.1,1,1.1,
嘉義,2024/04/30 00:00:00,WS_HR,1,1,1.2,1.2,1.3,1.3,1.4,0.7,1.8,2.7,3,4.1,3.6,4.4,4.9,3.2,3.1,2.3,2.4,1.5,1.8,1.9,1.5,1.2,
嘉義,2024/05/01 00:00:00,AMB_TEMP,25.2,25.4,24.3,24.4,22.8,22.3,23.2,24.8,26.9,26.9,27.9,28.3,27.9,25.3,25.8,25.6,24.8,24.4,24.5,24.6,24.2,24.3,24.2,24.2,
嘉義,2024/05/01 00:00:00,CH4,2.04,1.95,1.9,1.94,1.95,1.9,1.9,1.9,1.91,1.95,1.94,1.91,1.93,1.94,1.94,1.93,1.95,1.95,2,2.05,2.12,2.13,2.13,2.08,
嘉義,2024/05/01 00:00:00,CO,0.29,0.22,0.18,0.18,0.18,0.16,0.15,0.21,0.23,0.24,0.24,0.23,0.26,0.26,0.27,0.27,0.27,0.3,0.39,0.42,0.38,0.4,0.34,0.31,
嘉義,2024/05/01 00:00:00,NMHC,0.04,0.01,0,0,0.01,0,0,0.02,0.03,0.03,0.04,0.02,0.04,0.04,0.05,0.04,0.05,0.04,0.07,0.11,0.11,0.09,0.07,0.06,
嘉義,2024/05/01 00:00:00,NO,1,0.8,0.8,0.6,0.9,0.7,1,1.1,1.3,1.6,1.5,1.1,1.2,1.2,0.9,0.9,1,1.1,0.8,0.8,0.9,1,1,0.9,
嘉義,2024/05/01 00:00:00,NO2,4.8,5.4,2.5,2.3,3.6,2.2,2.3,4.6,7.3,7.8,7.3,5.8,7.3,9.5,7.4,7.7,8.3,7.6,10,13.5,12.2,10.3,9.1,7.4,
嘉義,2024/05/01 00:00:00,NOx,5.8,6.2,3.3,3,4.5,2.9,3.3,5.8,8.7,9.4,8.8,6.9,8.5,10.7,8.4,8.7,9.3,8.8,10.8,14.3,13.2,11.4,10.1,8.4,
嘉義,2024/05/01 00:00:00,O3,35.6,60.4,67.3,66.6,64.3,62.6,62.1,59.9,53.8,49.5,55.7,62.7,59.1,56.8,57,59,52.3,47.4,41.3,30.1,33.8,31.9,28.3,25.5,
嘉義,2024/05/01 00:00:00,PM10,25,27,11,14,10,6,5,6,7,16,17,6,17,14,10,20,11,11,13,22,23,35,30,25,
嘉義,2024/05/01 00:00:00,PM2.5,13,13,10,9,11,8,5,9,13,10,9,14,8,8,9,10,7,15,14,18,23,25,21,18,
嘉義,2024/05/01 00:00:00,RAINFALL,0,0,1.5,0,10.5,4,0.5,0,0,0,0,0,1,0,0,0,3,0,0,0,0,0,0,0,
嘉義,2024/05/01 00:00:00,RH,73,75,80,77,87,90,85,74,61,68,62,60,63,85,86,87,91,93,91,91,92,93,93,92,
嘉義,2024/05/01 00:00:00,SO2,1.2,1.4,1.1,1.1,1.3,1,1.2,1.2,1.3,1.6,1.7,1.5,1.5,1.8,1.5,1.6,1.5,1.3,1.2,1.4,1.5,1.4,1.5,1.3,
嘉義,2024/05/01 00:00:00,THC,2.08,1.96,1.89,1.94,1.96,1.89,1.89,1.92,1.94,1.98,1.98,1.93,1.97,1.98,1.99,1.97,2,1.99,2.07,2.16,2.23,2.22,2.2,2.14,
嘉義,2024/05/01 00:00:00,WD_HR,323,56,71,45,33,116,116,126,213,221,259,304,320,355,55,337,52,70,52,325,341,60,60,75,
嘉義,2024/05/01 00:00:00,WIND_DIREC,350,67,76,31,91,123,106,203,217,234,265,321,321,54,19,314,97,58,322,327,357,88,79,337,
嘉義,2024/05/01 00:00:00,WIND_SPEED,5.2,4.6,3.1,3.1,4.6,3.2,4.1,1.8,2.6,2.5,1.5,2,2.3,2.4,1.9,2.4,3,2.8,1.7,2.6,2.6,1.8,1.7,1.8,
嘉義,2024/05/01 00:00:00,WS_HR,1.6,3.8,3.9,2.8,2.5,3.1,2.7,1.1,1.7,1.6,2.3,1.4,2.2,2.5,1.5,2,0.5,2.1,1.8,1.8,1.7,1.5,1.6,1.2,
嘉義,2024/05/02 00:00:00,AMB_TEMP,24,23.7,23.6,23.5,23.5,23.1,22.9,23.6,25,26.8,28,29.1,29.7,30.6,30.1,29.4,28.6,27.5,26.4,25.5,25,24.6,24.3,23.9,
嘉義,2024/05/02 00:00:00,CH4,2.17,2.19,2.19,2.18,2.22,2.31,2.3,2.22,2.17,2.11,2.02,1.97,1.95,1.95,1.99,2.01,2.01,2.02,2.04,2.07,2.1,2.1,2.13,2.17,
嘉義,2024/05/02 00:00:00,CO,0.38,0.46,0.4,0.37,0.38,0.4,0.36,0.4,0.42,0.36,0.3,0.27,0.27,0.27,0.27,0.28,0.34,0.42,0.44,0.45,0.41,0.39,0.37,0.36,
嘉義,2024/05/02 00:00:00,NMHC,0.09,0.08,0.1,0.11,0.12,0.09,0.08,0.12,0.11,0.1,0.08,0.05,0.02,0.02,0.02,0.03,0.07,0.09,0.09,0.09,0.1,0.12,0.13,0.14,
嘉義,2024/05/02 00:00:00,NO,0.8,0.4,0.2,0.1,0.4,0.3,0.6,2.2,3.7,3.2,2,0.9,0.5,0.4,0.6,0.4,0.5,0.5,0.4,0.2,0.2,0.4,0.3,0.3,
嘉義,2024/05/02 00:00:00,NO2,8.7,9.9,8.6,8.2,8.1,9.7,9.9,10,10.9,9.5,8.2,7.2,5,4.2,4.7,5.5,9,13.3,16.2,17.9,15.8,15,13.8,15.3,
嘉義,2024/05/02 00:00:00,NOx,9.5,10.4,8.8,8.4,8.5,10.1,10.6,12.3,14.6,12.7,10.2,8.1,5.5,4.7,5.3,6,9.6,13.8,16.7,18.2,16.1,15.5,14.2,15.7,
嘉義,2024/05/02 00:00:00,O3,21.1,21.2,18,15.2,13,12.3,14.4,14.3,21.1,29.6,41.9,59.8,67.6,71.5,73.7,77.6,73.2,63.7,52.8,44.6,39.3,32.2,27.1,19.6,
嘉義,2024/05/02 00:00:00,PM10,42,42,44,38,38,33,30,28,32,26,22,21,16,20,19,37,39,42,60,58,50,42,45,39,
嘉義,2024/05/02 00:00:00,PM2.5,29,25,21,24,23,19,12,21,20,16,11,11,12,10,13,17,16,21,21,26,22,23,24,21,
嘉義,2024/05/02 00:00:00,RAINFALL,0,0,0,0,0,0,0,0,0,0,0,0,0,0,0,0,0,0,0,0,0,0,0,0,
嘉義,2024/05/02 00:00:00,RH,92,93,93,93,93,93,93,92,88,81,70,63,60,57,60,63,65,69,76,80,83,85,86,87,
嘉義,2024/05/02 00:00:00,SO2,1.4,1.1,0.9,0.8,0.9,1.1,1.3,1.4,1.7,1.4,1.6,1.4,1.5,1.7,2.1,2.3,2.1,2.3,2.8,2.5,2.2,2.2,2.3,1.7,
嘉義,2024/05/02 00:00:00,THC,2.26,2.27,2.29,2.29,2.34,2.4,2.38,2.34,2.28,2.21,2.1,2.02,1.97,1.97,2.01,2.04,2.08,2.11,2.13,2.16,2.2,2.22,2.26,2.31,
嘉義,2024/05/02 00:00:00,WD_HR,347,28,14,359,60,338,20,28,40,354,356,354,354,334,336,341,357,350,358,353,13,0,10,340,
嘉義,2024/05/02 00:00:00,WIND_DIREC,1,8,70,300,359,354,39,355,38,357,3,347,358,334,330,328,16,348,356,13,23,352,348,14,
嘉義,2024/05/02 00:00:00,WIND_SPEED,2.5,1.9,1.6,1.5,1.5,1.9,2.2,2.1,2.1,2.7,3,2.7,2.8,3.8,4.1,3.9,2.8,3.8,2.8,2.5,1.7,2.8,1.8,1.9,
嘉義,2024/05/02 00:00:00,WS_HR,2.4,1.4,1.6,1,0.6,1.9,1.8,1.8,1.8,1.9,2.6,2.7,2.3,3,3.5,3.8,3.1,3.1,2.5,2.4,1.9,2.4,1.8,1.4,
嘉義,2024/05/03 00:00:00,AMB_TEMP,23.4,23.3,22.9,23,22.5,22.8,22.4,23.6,25.1,26.7,27.9,28.4,29.4,30.1,30.2,29.5,28.6,27.7,27,26.4,25.9,25.5,25.3,25.2,
嘉義,2024/05/03 00:00:00,CH4,2.19,2.2,2.2,2.23,2.24,2.26,2.27,2.27,2.21,2.11,2.11,2.06,2.03,2.02,2.02,2.02,2.05,2.07,2.06,2.07,2.1,2.12,2.13,2.21,
嘉義,2024/05/03 00:00:00,CO,0.35,0.32,0.29,0.3,0.31,0.33,0.33,0.39,0.45,0.39,0.35,0.35,0.33,0.29,0.27,0.26,0.31,0.38,0.37,0.39,0.45,0.41,0.37,0.38,
嘉義,2024/05/03 00:00:00,NMHC,0.11,0.12,0.07,0.08,0.08,0.13,0.09,0.1,0.18,0.12,0.06,0.04,0.02,0.02,0.02,0.01,0.03,0.07,0.07,0.06,0.1,0.07,0.1,0.08,
嘉義,2024/05/03 00:00:00,NO,0.3,1.1,1,1,0.8,1.2,2.5,4.4,4.1,3.5,1.8,1.5,1.4,1.1,1.3,1.4,1.4,1.3,1.2,1,1.3,1.2,0.8,1,
嘉義,2024/05/03 00:00:00,NO2,14.6,11.3,11.7,9.6,10.5,12.4,12.8,12.1,12.7,11.4,8.3,6.9,5.9,4.8,4.2,4.7,6.4,9.4,11.4,12.6,14.5,13.9,12.1,13.5,
嘉義,2024/05/03 00:00:00,NOx,14.9,12.5,12.7,10.7,11.4,13.6,15.3,16.6,16.9,15,10.2,8.5,7.3,5.9,5.5,6.2,7.9,10.8,12.6,13.7,15.9,15.2,12.9,14.5,
嘉義,2024/05/03 00:00:00,O3,18,19.5,17.4,16.7,13.5,9.7,11.2,15.9,24.8,43.6,56.6,59.6,71.7,76,69.6,64.3,61.2,58.7,49.8,41.3,33.3,30.4,31.7,25,
嘉義,2024/05/03 00:00:00,PM10,37,38,35,35,32,43,34,32,47,38,40,32,35,36,27,34,41,43,47,47,65,54,49,48,
嘉義,2024/05/03 00:00:00,PM2.5,21,26,21,28,25,32,25,23,29,24,23,22,23,25,16,17,20,16,14,18,22,25,23,21,
嘉義,2024/05/03 00:00:00,RAINFALL,0,0,0,0,0,0,0,0,0,0,0,0,0,0,0,0,0,0,0,0,0,0,0,0,
嘉義,2024/05/03 00:00:00,RH,87,87,88,88,89,89,89,86,83,73,69,66,61,59,59,64,67,71,74,78,80,85,86,87,
嘉義,2024/05/03 00:00:00,SO2,1.7,1.9,1.8,1.3,1.2,1.8,2.1,1.8,1.7,1.6,1.9,2.5,2.9,2.7,2.3,2,2.1,2.2,2.2,2.4,3.1,2.3,2.3,2.5,
嘉義,2024/05/03 00:00:00,THC,2.3,2.32,2.27,2.31,2.32,2.39,2.36,2.37,2.39,2.23,2.17,2.1,2.05,2.04,2.04,2.03,2.08,2.14,2.13,2.13,2.2,2.19,2.23,2.29,
嘉義,2024/05/03 00:00:00,WD_HR,352,0,31,33,344,56,337,50,12,287,303,313,298,309,327,327,344,355,0,5,5,357,355,11,
嘉義,2024/05/03 00:00:00,WIND_DIREC,339,347,62,46,26,310,357,81,342,259,311,303,257,340,343,322,345,3,5,0,6,22,352,58,
嘉義,2024/05/03 00:00:00,WIND_SPEED,2.2,3.2,2.2,0.9,1.4,1.3,2.1,1.7,2.1,1.6,2.2,2.4,1.8,2.4,3.4,3.9,4.1,2.8,2.5,2.7,2.2,1.8,2.1,1.2,
嘉義,2024/05/03 00:00:00,WS_HR,2.1,1.7,1.9,0.9,1.6,0.9,2,1.2,1.3,1,1.9,2,1.5,1.9,2.7,3.1,3.7,2.9,2.6,2.1,2.1,2.1,1.8,1.2,
嘉義,2024/05/04 00:00:00,AMB_TEMP,25,24.7,24.6,24.4,24.3,23.9,24.2,24.8,26.5,28.3,29.8,30.8,31.3,31.3,31,30.5,29.3,28.7,28.3,27.9,27.4,26.8,26.2,26.1,
嘉義,2024/05/04 00:00:00,CH4,2.26,2.28,2.31,2.35,2.37,2.39,2.44,2.42,2.36,2.17,2.07,2,2.02,2.03,2.01,1.98,1.98,2.01,2.05,2.12,2.12,2.19,2.2,2.16,
嘉義,2024/05/04 00:00:00,CO,0.4,0.44,0.43,0.41,0.4,0.4,0.42,0.47,0.48,0.41,0.36,0.28,0.3,0.29,0.27,0.23,0.23,0.3,0.34,0.37,0.38,0.42,0.45,0.35,
嘉義,2024/05/04 00:00:00,NMHC,0.13,0.08,0.11,0.12,0.14,0.16,0.15,0.16,0.13,0.08,0.04,0.01,0,0,0.03,0.01,0,0.02,0.05,0.07,0.07,0.07,0.06,0.06,
嘉義,2024/05/04 00:00:00,NO,1.1,1.4,1.3,1.4,1.5,1.7,4.2,6.3,5.9,3,1.6,1.4,1.4,1.3,1.2,1.4,1.3,1.3,1.3,1.3,1.3,1.5,1.1,1.3,
嘉義,2024/05/04 00:00:00,NO2,15,14.5,15.2,15.8,16.4,16.7,13.8,13,14,9.8,5.4,3.3,3.2,3.5,4.9,5,3.8,5.7,8,10.9,11.6,14,12,10.9,
嘉義,2024/05/04 00:00:00,NOx,16.2,16,16.6,17.2,17.9,18.4,18,19.4,19.9,12.9,7,4.7,4.7,4.8,6.1,6.4,5.2,7,9.3,12.3,12.9,15.5,13.1,12.2,
嘉義,2024/05/04 00:00:00,O3,20.3,17.9,12.8,9.9,8.2,5.8,7.4,13.1,25.7,52.8,69.3,67.2,73.4,70.8,77.6,63.7,49.4,43.6,38.4,33.7,30,23.7,20.6,10.8,
嘉義,2024/05/04 00:00:00,PM10,48,52,53,46,51,44,49,51,57,54,45,37,35,26,37,38,37,36,43,47,51,55,66,44,
嘉義,2024/05/04 00:00:00,PM2.5,20,23,21,25,23,21,23,31,30,31,30,16,21,21,24,15,11,18,21,22,19,23,26,19,
嘉義,2024/05/04 00:00:00,RAINFALL,0,0,0,0,0,0,0,0,0,0,0,0,0,0,0,0,0,0,0,0,0,0,0,0,
嘉義,2024/05/04 00:00:00,RH,87,87,88,88,88,90,90,89,85,73,64,56,55,57,60,63,67,69,72,75,79,84,89,89,
嘉義,2024/05/04 00:00:00,SO2,2.8,5,3.4,3.8,3.6,2.7,2.2,2.5,3.1,3.1,3,2.4,2.3,2.5,3.4,3.4,2.1,1.9,2.4,3,2.9,3.2,2.9,2.4,
嘉義,2024/05/04 00:00:00,THC,2.39,2.36,2.42,2.47,2.51,2.55,2.59,2.58,2.49,2.25,2.11,2.01,2.02,2.03,2.04,1.99,1.97,2.03,2.1,2.19,2.19,2.26,2.26,2.22,
嘉義,2024/05/04 00:00:00,WD_HR,1,357,352,1,3,20,212,261,268,255,253,261,289,307,323,331,353,358,28,359,34,333,18,101,
嘉義,2024/05/04 00:00:00,WIND_DIREC,359,352,2,29,308,55,239,331,253,255,247,273,326,301,322,327,342,5,7,2,1,335,78,74,
嘉義,2024/05/04 00:00:00,WIND_SPEED,2.4,1.9,1.8,0.9,2,1.2,1.3,1.5,1.5,2.1,2.2,2.9,1.9,3.8,3.9,3.2,3.1,2.4,2.4,2.5,1.9,2.1,1.1,0.7,
嘉義,2024/05/04 00:00:00,WS_HR,2.1,1.8,1.6,1.2,0.6,0.9,0.4,0.9,0.9,1.4,1.6,1.9,2,2.4,3.5,3.3,3.2,2.1,1.6,2.1,1.5,1.9,0.9,0.8,
嘉義,2024/05/05 00:00:00,AMB_TEMP,25.5,25.5,25.4,25.4,25.2,25.3,25.9,26.3,27,28.4,28.9,26.3,26.3,28.4,30.3,31,30.4,29.8,28.9,28.3,27.9,27.7,26.8,26.5,
嘉義,2024/05/05 00:00:00,CH4,2.29,2.28,2.17,2.39,2.23,2.09,2.18,2.13,2.22,2.08,2.11,2.02,1.97,1.99,1.95,1.95,1.88,1.87,1.87,1.9,1.97,2.02,2,1.96,
嘉義,2024/05/05 00:00:00,CO,0.39,0.31,0.28,0.38,0.3,0.27,0.34,0.43,0.65,0.53,0.38,0.25,0.2,0.23,0.2,0.18,0.12,0.14,0.14,0.2,0.2,0.18,0.23,0.16,
嘉義,2024/05/05 00:00:00,NMHC,0.07,0.07,0.04,0.11,0.05,0.03,0.1,0.12,0.19,0.14,0.08,0.04,0.03,0.03,0,0,0,0,0,0.01,0.03,0.02,0.05,0.01,
嘉義,2024/05/05 00:00:00,NO,0.9,0.1,0.1,0,0.1,0.2,0.4,0.8,1.4,2,0.6,0.8,1.1,0.7,0.4,0.3,0.3,0.2,0.2,0.2,0.4,0.1,0.2,0,
嘉義,2024/05/05 00:00:00,NO2,10.4,10.6,7.5,9.5,8.5,4.3,6,8.1,13.2,11.4,6.8,7,5.6,4.6,3.4,3,2.2,2.8,3.4,5.7,6.3,5.9,7.8,4.8,
嘉義,2024/05/05 00:00:00,NOx,11.4,10.8,7.6,9.5,8.6,4.5,6.4,9,14.6,13.4,7.4,7.8,6.8,5.3,3.9,3.3,2.5,3.1,3.7,5.9,6.7,6.1,8,4.9,
嘉義,2024/05/05 00:00:00,O3,12.1,8.9,7.9,6.8,9.4,19.3,15.7,17.2,16.8,30.1,39.8,25.5,30,40.8,48.1,47.2,33.2,27.2,23.9,18.6,14.6,12.9,9,13.3,
嘉義,2024/05/05 00:00:00,PM10,62,52,41,49,43,42,36,36,46,42,36,20,16,13,19,18,9,21,18,25,29,13,22,27,
嘉義,2024/05/05 00:00:00,PM2.5,25,20,20,26,24,21,21,25,25,25,21,9,7,11,12,11,7,7,5,8,10,9,8,15,
嘉義,2024/05/05 00:00:00,RAINFALL,0,0,0,0,0,0,0,0,0,0,0,5.5,0,0,0,0,0,0,0,0,0,0,0,0,
嘉義,2024/05/05 00:00:00,RH,90,90,90,90,90,88,87,86,85,76,73,88,92,84,71,70,74,81,86,89,90,91,89,86,
嘉義,2024/05/05 00:00:00,SO2,2.2,1.3,0.9,1.1,1.1,0.8,0.8,1,1.1,1.4,1.7,1.3,1,1.1,1.3,1.5,1.3,1.1,1.1,0.9,0.8,0.8,0.9,0.8,
嘉義,2024/05/05 00:00:00,THC,2.36,2.35,2.21,2.5,2.28,2.12,2.28,2.25,2.41,2.22,2.19,2.06,2,2.02,1.95,1.95,1.86,1.85,1.86,1.91,2,2.04,2.05,1.97,
嘉義,2024/05/05 00:00:00,WD_HR,229,111,117,286,109,102,78,78,24,95,326,358,85,335,249,253,248,266,242,231,230,178,116,120,
嘉義,2024/05/05 00:00:00,WIND_DIREC,207,119,199,120,124,98,79,64,92,91,336,40,59,245,261,242,268,251,238,225,224,118,126,111,
嘉義,2024/05/05 00:00:00,WIND_SPEED,1.1,1.1,0.7,0.7,1,1.2,1.1,0.8,1.3,1,3.4,2,2.3,1.8,3.5,3.4,2.5,2.7,2,1.6,2.2,1.2,1.1,1.5,
嘉義,2024/05/05 00:00:00,WS_HR,0.9,0.9,0.7,0.4,1,1,1.1,0.6,0.4,1.3,2.4,2.3,2.4,0.1,2.8,2.8,2.7,2.3,2.4,1.3,2,0.6,1.1,1.3,
嘉義,2024/05/06 00:00:00,AMB_TEMP,26.2,26,25.8,25.5,25.4,25.2,25.7,27.4,28.6,29.6,30.6,31.6,32.1,32.4,32.5,32.2,31.1,30.1,29.2,28.5,27.9,27.3,27.1,26.6,
嘉義,2024/05/06 00:00:00,CH4,1.97,1.97,2.01,2.02,1.97,1.96,1.97,1.92,1.88,1.89,1.91,1.92,1.89,1.88,1.88,#,1.92,1.95,1.97,2.02,2.08,2.06,2.07,2.21,
嘉義,2024/05/06 00:00:00,CO,0.14,0.13,0.13,0.12,0.12,0.14,0.18,0.22,0.15,0.13,0.13,0.15,0.15,0.14,0.15,#,0.29,0.27,0.29,0.32,0.31,0.28,0.28,0.28,
嘉義,2024/05/06 00:00:00,NMHC,0.01,0.01,0.01,0,0,0.02,0.03,0.03,0,0,0,0,0,0,0.04,#,0.02,0.03,0.04,0.07,0.06,0.07,0.08,0.07,
嘉義,2024/05/06 00:00:00,NO,0.2,0.9,0.6,0.7,0.8,0.7,1.2,2.6,2.1,1.3,1.1,1.3,0.7,1,0.6,#,1.1,0.8,0.5,0.8,0.6,0.4,0.6,0.7,
嘉義,2024/05/06 00:00:00,NO2,3.6,3,2.6,2.6,2.3,3.4,4.4,5.6,3.7,2.6,2.4,2.9,2.3,1.9,2.3,#,5.2,5.1,6.9,10.1,11.1,10.1,9.7,10.9,
嘉義,2024/05/06 00:00:00,NOx,3.9,3.9,3.2,3.4,3.2,4.2,5.7,8.3,5.9,3.9,3.6,4.3,3,3,2.9,#,6.3,5.9,7.4,11,11.7,10.6,10.3,11.6,
嘉義,2024/05/06 00:00:00,O3,13.8,14.6,14,13.2,13.5,11.5,11.3,16.3,28.6,31.9,36.8,44.3,45.9,46.4,#,44,48.2,47.4,44.6,39.1,33.1,31,28,18.8,
嘉義,2024/05/06 00:00:00,PM10,28,21,23,24,18,25,23,20,19,10,16,16,10,14,17,#,20,19,24,24,31,32,32,27,
嘉義,2024/05/06 00:00:00,PM2.5,12,9,11,11,13,11,15,13,8,8,9,11,10,6,#,6,11,14,13,15,21,18,26,18,
嘉義,2024/05/06 00:00:00,RAINFALL,0,0,0,0,0,0,0,0,0,0,0,0,0,0,#,#,0,0,0,0,0,0,0,0,
嘉義,2024/05/06 00:00:00,RH,85,85,85,86,85,85,85,80,73,68,63,58,56,57,55,57,61,65,70,76,81,87,87,89,
嘉義,2024/05/06 00:00:00,SO2,0.9,1.2,1.2,1.1,1.2,1.2,1.2,1.5,1.6,1.3,1.5,1.4,1.4,1.4,1.4,#,2.2,1.8,1.5,2.1,2,1.9,1.9,2.1,
嘉義,2024/05/06 00:00:00,THC,1.98,1.98,2.02,2.02,1.97,1.98,2,1.95,1.87,1.88,1.89,1.92,1.88,1.87,1.92,#,1.94,1.98,2.01,2.09,2.14,2.13,2.15,2.28,
嘉義,2024/05/06 00:00:00,WD_HR,117,115,112,115,115,114,108,127,257,250,245,276,295,279,272,315,324,331,337,359,357,37,30,339,
嘉義,2024/05/06 00:00:00,WIND_DIREC,120,119,113,118,117,109,108,223,274,226,241,303,324,277,313,327,311,349,354,1,6,56,307,354,
嘉義,2024/05/06 00:00:00,WIND_SPEED,1.5,1.4,1.5,1.4,1.1,1.6,1.6,1.4,2.6,2.2,1.9,2.9,3.3,3.1,2.8,3.5,3.2,3,2.4,2.7,2.5,2.6,2.2,1.7,
嘉義,2024/05/06 00:00:00,WS_HR,1.4,1.2,1.4,1.3,1.1,1.4,1.5,0.7,1.3,1.3,1.6,1.9,2.4,2.3,2.1,2.6,2.9,2.8,2.6,2,2.4,1.8,1.2,1.5,
嘉義,2024/05/07 00:00:00,AMB_TEMP,26.4,26.1,26,26.1,26,25.9,26.3,26.7,28,29,30,30.9,31.9,32,30.9,30.3,29.7,29.4,28.8,28.1,27.3,26.8,26.5,26.6,
嘉義,2024/05/07 00:00:00,CH4,2.2,2.18,2.38,2.28,2.27,2.17,2.11,2.15,2.17,2.13,2.09,2.04,2.06,2.06,2.01,2,2.06,2.1,2.12,2.13,2.19,2.21,2.28,2.25,
嘉義,2024/05/07 00:00:00,CO,0.31,0.31,0.27,0.29,0.25,0.24,0.3,0.36,0.38,0.38,0.4,0.34,0.37,0.32,0.27,0.27,0.31,0.45,0.6,0.69,0.63,0.58,0.46,0.5,
嘉義,2024/05/07 00:00:00,NMHC,0.08,0.05,0.07,0.06,0.07,0.09,0.13,0.12,0.09,0.08,0.07,0.05,0.06,0.05,0.04,0.04,0.06,0.12,0.13,0.13,0.12,0.11,0.1,0.13,
嘉義,2024/05/07 00:00:00,NO,0.7,1.2,1.2,1.3,1.1,1.2,1.6,2.9,3.5,2.5,1.9,1.6,1.5,1.7,1.5,1.3,1.6,1.3,1.2,1.3,1.4,1.2,1.1,1.2,
嘉義,2024/05/07 00:00:00,NO2,12.7,6.6,7.1,6.5,6.8,6,5.9,7.3,9.1,7.9,7.2,5.7,5.9,4.8,5.4,4.3,6.8,11.4,17.7,18.8,18.2,15.1,11.7,10.3,
嘉義,2024/05/07 00:00:00,NOx,13.4,7.8,8.4,7.8,8,7.3,7.5,10.2,12.6,10.4,9.1,7.3,7.4,6.5,7,5.7,8.5,12.8,18.9,20.2,19.6,16.3,12.9,11.6,
嘉義,2024/05/07 00:00:00,O3,14.4,29.8,18,24.2,11.3,14.2,16.6,20.4,33.1,46.3,62.1,71.2,79.3,77.8,63.6,60.1,57.4,52.6,44.8,39.8,34.8,36,37,35.2,
嘉義,2024/05/07 00:00:00,PM10,38,47,41,45,43,52,49,58,58,55,56,44,49,52,42,33,39,54,49,55,57,57,52,56,
嘉義,2024/05/07 00:00:00,PM2.5,22,29,25,25,21,29,26,28,44,43,46,36,37,33,19,18,24,21,21,25,23,21,24,26,
嘉義,2024/05/07 00:00:00,RAINFALL,0,0,0,0,0,0,0,0,0,0,0,0,0,0,0,0,0,0,0,0,0,0,0,0,
嘉義,2024/05/07 00:00:00,RH,89,90,91,91,90,89,88,87,84,77,69,61,59,61,65,65,67,70,72,72,75,77,81,81,
嘉義,2024/05/07 00:00:00,SO2,2.6,2.4,1.8,1.4,1.4,1.2,1,1.1,1.4,1.5,1.8,2,2.2,2.3,2.4,1.9,1.9,2.2,2.8,3.4,3.6,3.4,3.2,3.4,
嘉義,2024/05/07 00:00:00,THC,2.28,2.23,2.45,2.34,2.34,2.26,2.24,2.27,2.26,2.21,2.16,2.09,2.12,2.11,2.05,2.04,2.12,2.22,2.25,2.26,2.31,2.32,2.38,2.38,
嘉義,2024/05/07 00:00:00,WD_HR,198,309,103,42,120,107,104,270,331,294,291,297,309,329,344,330,331,350,356,353,351,358,12,70,
嘉義,2024/05/07 00:00:00,WIND_DIREC,231,313,93,42,127,130,246,337,353,312,288,302,321,333,330,342,328,352,10,347,345,5,37,90,
嘉義,2024/05/07 00:00:00,WIND_SPEED,1.6,1.3,0.7,1.8,1.2,1,1.4,1.6,1.5,2.8,2.5,2.3,3.3,3.9,3.2,2.4,2.9,2.3,2.1,3.1,2.6,2.4,1.1,0.7,
嘉義,2024/05/07 00:00:00,WS_HR,0.2,1.4,0.1,0.7,1.1,1,0.3,1,1.4,2,1.4,1.6,2.6,3.4,3.2,3.2,3,2.2,2.3,2.4,2.3,2.2,1.6,0.8,
嘉義,2024/05/08 00:00:00,AMB_TEMP,25.8,25.1,25.1,25.4,25,24.9,25.5,26.5,27.7,28.8,29.9,30.8,31.5,30.5,31.2,31.9,31.7,30.6,29.4,28.3,27.1,26.7,26.3,25.7,
嘉義,2024/05/08 00:00:00,CH4,2.32,2.48,2.43,2.52,2.41,2.43,2.31,2.27,2.3,2.2,2.11,2.1,2.13,2.25,2.22,2.15,2.12,2.13,2.18,2.22,2.27,2.3,2.32,2.36,
嘉義,2024/05/08 00:00:00,CO,0.53,0.47,0.4,0.42,0.43,0.43,0.45,0.52,0.49,0.43,0.38,0.34,0.38,0.49,0.45,0.4,0.47,0.52,0.63,0.64,0.61,0.65,0.61,0.56,
嘉義,2024/05/08 00:00:00,NMHC,0.11,0.1,0.04,0.05,0.06,0.06,0.13,0.12,0.1,0.07,0.05,0.03,0.04,0.07,0.05,0.04,0.04,0.07,0.08,0.1,0.09,0.1,0.1,0.09,
嘉義,2024/05/08 00:00:00,NO,1.1,0.7,1.3,1.2,1.4,1.6,1.9,2.5,2.7,2.1,1.9,1.4,1.5,1.7,1.5,1.5,1.5,1.3,1.4,1.5,1.4,1.6,1.6,1.3,
嘉義,2024/05/08 00:00:00,NO2,11.2,10.5,9.1,7.8,7.8,8.1,7.2,7.9,9.3,8.2,6,4.8,5,7.6,6.6,6,7.4,10.4,15.5,18.7,13.3,13.3,13,11,
嘉義,2024/05/08 00:00:00,NOx,12.4,11.3,10.4,9.1,9.2,9.7,9.1,10.4,12.1,10.4,8,6.2,6.5,9.3,8.2,7.6,8.9,11.8,17,20.2,14.8,14.9,14.7,12.3,
嘉義,2024/05/08 00:00:00,O3,23.9,20.4,26.2,19,20.5,14,16.7,32.1,44.8,58.2,69.3,76.7,86,97.8,104.8,98.5,98.5,80.9,67.6,57.3,55.2,49.8,44.2,42.2,
嘉義,2024/05/08 00:00:00,PM10,59,57,50,57,60,54,54,53,49,42,48,39,41,68,52,51,71,88,93,91,89,90,88,85,
嘉義,2024/05/08 00:00:00,PM2.5,27,26,21,25,27,27,32,29,29,31,24,23,30,42,44,33,38,36,41,42,38,42,41,38,
嘉義,2024/05/08 00:00:00,RAINFALL,0,0,0,0,0,0,0,0,0,0,0,0,0,0,0,0,0,0,0,0,0,0,0,0,
嘉義,2024/05/08 00:00:00,RH,86,89,90,89,90,90,88,85,78,69,63,58,54,63,58,49,52,59,64,69,74,74,75,77,
嘉義,2024/05/08 00:00:00,SO2,3.1,2.6,2,1.8,3,2.4,2.3,3.1,2.9,2.8,2.9,2.7,2.7,3,2.8,2.7,3.4,3.4,3.5,3.3,2.7,2.9,3.1,3,
嘉義,2024/05/08 00:00:00,THC,2.43,2.58,2.47,2.57,2.47,2.49,2.44,2.39,2.4,2.27,2.16,2.13,2.17,2.32,2.27,2.19,2.16,2.2,2.26,2.32,2.36,2.4,2.42,2.45,
嘉義,2024/05/08 00:00:00,WD_HR,226,224,216,116,216,169,95,333,348,207,235,265,305,332,340,325,348,346,352,343,322,333,291,224,
嘉義,2024/05/08 00:00:00,WIND_DIREC,235,223,220,114,218,99,61,313,8,227,239,259,332,333,357,346,350,351,348,316,328,249,302,232,
嘉義,2024/05/08 00:00:00,WIND_SPEED,2.2,1.2,1.1,1.2,1.1,0.8,1.2,2.5,1.9,2.6,3.5,3.1,3.3,3.3,2.8,3.4,3.6,3.2,3,2,2.1,1,1,1.7,
嘉義,2024/05/08 00:00:00,WS_HR,1.5,1.5,1.4,1,0.5,0.4,1.1,1.2,1.5,0.8,2.1,2.6,2.2,3.6,2.4,2.4,3.1,3.3,2.5,2,2.4,1.3,1.2,1.4,
嘉義,2024/05/09 00:00:00,AMB_TEMP,25.6,25.4,25,25.3,25.6,25.1,25.6,26.2,27,27.9,29,30.1,30.7,30.7,30.6,29.4,28.6,27.8,26.5,25.5,24.7,24.8,24.6,24.5,
嘉義,2024/05/09 00:00:00,CH4,2.36,2.48,2.58,2.49,2.5,2.72,2.64,2.48,2.35,2.24,2.17,2.13,#,2.11,2.08,2.08,2.06,2.05,2.04,2.06,2.08,2.09,2.12,2.14,
嘉義,2024/05/09 00:00:00,CO,0.55,0.57,0.49,0.51,0.51,0.51,0.58,0.63,0.54,0.47,0.48,0.44,#,0.36,0.34,0.31,0.31,0.38,0.38,0.41,0.38,0.37,0.4,0.36,
嘉義,2024/05/09 00:00:00,NMHC,0.09,0.08,0.13,0.12,0.15,0.15,0.23,0.24,0.16,0.12,0.07,0.05,#,0.04,0.03,0.04,0.06,0.08,0.07,0.08,0.07,0.1,0.1,0.11,
嘉義,2024/05/09 00:00:00,NO,1.2,0.5,0.5,0.2,0.4,0.7,2.2,4.7,5.1,3.5,1.4,0.8,#,0.8,0.7,0.7,0.8,0.8,0.7,0.5,0.5,0.4,0.6,0.6,
嘉義,2024/05/09 00:00:00,NO2,10,9.6,10.2,10,8.7,13,16.2,17.2,17.2,14.9,9.1,7.3,#,7.2,6.3,7.5,9,12.5,16.1,18.1,15.4,13.9,15.3,15.2,
嘉義,2024/05/09 00:00:00,NOx,11.3,10.1,10.7,10.3,9.2,13.7,18.4,22,22.3,18.4,10.5,8.2,#,8.1,7,8.3,9.8,13.4,16.8,18.6,15.9,14.3,16,15.8,
嘉義,2024/05/09 00:00:00,O3,34.8,27,29.5,26.9,28.6,14.1,11,14.4,26.6,40.7,66,#,88.1,97.7,96.6,86,74.5,62.5,50.4,41.3,39.8,37.6,30.9,27.8,
嘉義,2024/05/09 00:00:00,PM10,90,98,67,70,74,71,65,59,51,56,57,58,63,81,68,84,87,69,65,62,55,46,43,50,
嘉義,2024/05/09 00:00:00,PM2.5,39,50,43,44,45,43,49,45,32,35,35,#,30,38,27,30,24,18,17,19,16,17,18,18,
嘉義,2024/05/09 00:00:00,RAINFALL,0,0,0,0,0,0,0,0,0,0,0,0,0,0,0,0,0,0,0,0,0,0,0,0,
嘉義,2024/05/09 00:00:00,RH,81,86,84,81,80,83,80,74,68,64,61,54,49,46,47,51,52,51,56,61,66,65,67,67,
嘉義,2024/05/09 00:00:00,SO2,2.8,3.7,2.4,2.3,2.3,2.5,2.6,2.7,2.5,2.4,2.6,3.3,#,4.1,3.6,3.5,3.4,3.3,3.7,3.9,3.5,3.3,3.3,3.6,
嘉義,2024/05/09 00:00:00,THC,2.45,2.56,2.71,2.61,2.65,2.87,2.87,2.72,2.51,2.36,2.24,2.18,#,2.15,2.11,2.12,2.12,2.13,2.11,2.14,2.15,2.19,2.22,2.25,
嘉義,2024/05/09 00:00:00,WD_HR,178,236,278,184,359,1,2,355,350,349,334,338,330,332,327,329,336,355,3,348,351,30,352,25,
嘉義,2024/05/09 00:00:00,WIND_DIREC,110,262,234,92,351,34,347,341,5,344,342,317,323,349,332,334,346,352,14,354,4,359,354,54,
嘉義,2024/05/09 00:00:00,WIND_SPEED,1.3,1.4,0.7,0.8,2.5,1.5,2.6,2.3,2.6,2.5,3.3,3.1,4.3,3.4,3.5,3.4,3.5,3.1,2.3,2.8,2.8,1.8,2,1.6,
嘉義,2024/05/09 00:00:00,WS_HR,0.7,0.7,0.8,0.4,0.4,2.1,1.6,1.8,2,2.3,2.9,2.5,3.2,3.2,3.1,3.7,3.4,2.8,2.5,2.3,2.4,1.7,2,1.4,
嘉義,2024/05/10 00:00:00,AMB_TEMP,24.3,23.1,23.3,23.6,23.1,22.9,23.1,24.1,26.2,27.7,28.8,29.5,29.7,29.9,29.9,29.5,29.3,28.3,27,26.6,25.6,26,26.1,24.9,
嘉義,2024/05/10 00:00:00,CH4,2.15,2.22,2.33,2.4,2.42,2.42,2.32,2.28,2.19,2.12,2.09,2.12,2.06,2.03,2.02,2.01,2.01,2.01,2.01,2.02,2.06,2.09,2.12,2.21,
嘉義,2024/05/10 00:00:00,CO,0.31,0.36,0.34,0.33,0.34,0.36,0.38,0.4,0.37,0.35,0.32,0.32,0.3,0.27,0.25,0.25,0.25,0.29,0.28,0.27,0.25,0.3,0.29,0.28,
嘉義,2024/05/10 00:00:00,NMHC,0.11,0.11,0.13,0.13,0.15,0.13,0.12,0.12,0.08,0.04,0.02,0.03,0.02,0.01,0,0.01,0.02,0.04,0.03,0.03,0.02,0.06,0.06,0.08,
嘉義,2024/05/10 00:00:00,NO,0.6,0.8,0.8,0.7,0.8,1.6,4,4.3,2.4,1.3,1,0.9,0.8,0.8,0.9,0.9,0.5,0.9,0.6,0.6,0.6,0.5,0.7,0.7,
嘉義,2024/05/10 00:00:00,NO2,13.3,14.2,18.2,18.2,16.1,15.2,12.4,12.1,9.7,6.1,4.2,5,4.3,3.3,3.4,4,4.2,6.4,7.6,7.7,6.8,7.8,8.5,8.4,
嘉義,2024/05/10 00:00:00,NOx,13.9,15.1,19,19,16.9,16.8,16.4,16.5,12.2,7.4,5.2,5.9,5.1,4.1,4.3,4.9,4.7,7.4,8.3,8.3,7.5,8.3,9.3,9.2,
嘉義,2024/05/10 00:00:00,O3,28.2,19.4,12.4,9.1,6.5,5.4,7.9,25.1,48.1,68.3,76,85.8,88.1,85.7,81.2,83.1,77.7,65.6,59.4,54.1,49.2,45.5,39.5,31.6,
嘉義,2024/05/10 00:00:00,PM10,48,44,50,39,46,42,44,56,60,51,49,54,50,39,44,42,40,53,51,49,40,44,55,50,
嘉義,2024/05/10 00:00:00,PM2.5,16,17,20,22,20,21,21,24,28,26,22,21,18,15,19,20,15,20,21,17,14,17,25,18,
嘉義,2024/05/10 00:00:00,RAINFALL,0,0,0,0,0,0,0,0,0,0,0,0,0,0,0,0,0,0,0,0,0,0,0,0,
嘉義,2024/05/10 00:00:00,RH,68,77,78,77,81,86,86,82,70,65,60,57,53,51,51,53,53,66,72,73,81,81,80,87,
嘉義,2024/05/10 00:00:00,SO2,2.4,1.7,2.6,3.3,2.1,1.7,1.7,1.9,2.5,2.5,2.4,2.3,2.3,2.3,2,2,1.9,2.3,2.3,1.8,1.7,1.8,1.9,1.7,
嘉義,2024/05/10 00:00:00,THC,2.26,2.33,2.46,2.53,2.57,2.55,2.44,2.4,2.27,2.16,2.11,2.15,2.08,2.04,2.02,2.02,2.03,2.05,2.04,2.05,2.08,2.15,2.18,2.29,
嘉義,2024/05/10 00:00:00,WD_HR,72,256,344,44,208,184,224,235,238,238,240,251,246,250,261,276,286,333,329,336,320,25,86,224,
嘉義,2024/05/10 00:00:00,WIND_DIREC,39,298,334,108,207,90,236,252,246,235,245,251,264,261,263,297,260,341,4,309,331,60,159,233,
嘉義,2024/05/10 00:00:00,WIND_SPEED,0.9,1.6,1.4,1.2,1.3,0.8,1.3,1,2.3,2.7,3.4,4.3,3.3,3.3,3.6,3.5,2.8,3.3,2.3,2.7,1.8,1.3,0.8,1.6,
嘉義,2024/05/10 00:00:00,WS_HR,1,1.3,1.3,0.7,0.7,0.5,0.8,1,1.1,2.5,2.9,3.2,2.7,3,3.2,3,2.1,3.1,2.3,2.1,2.1,1,0.8,1.5,
嘉義,2024/05/11 00:00:00,AMB_TEMP,24.4,24.2,24,24.2,24.5,24.7,25.1,25.7,27.2,28,29.2,30.1,30.4,31.1,31,31.3,31,29.9,29.3,28.7,28.3,27.9,27.6,27.2,
嘉義,2024/05/11 00:00:00,CH4,2.19,2.28,2.24,2.31,2.24,2.28,2.33,2.29,2.1,2.03,2.04,2.08,2.12,2.11,2.08,2.05,2.02,2.05,2.06,2.08,2.1,2.08,2.1,2.2,
嘉義,2024/05/11 00:00:00,CO,0.26,0.26,0.28,0.27,0.25,0.25,0.3,0.34,0.3,0.24,0.22,0.25,0.27,0.27,0.26,0.25,0.24,0.25,0.28,0.35,0.34,0.28,0.32,0.34,
嘉義,2024/05/11 00:00:00,NMHC,0.06,0.04,0.03,0.04,0.07,0.08,0.1,0.12,0.06,0.02,0.01,0.01,0.03,0.02,0.01,0.02,0.04,0.07,0.06,0.1,0.09,0.05,0.08,0.12,
嘉義,2024/05/11 00:00:00,NO,0.7,0.5,0.6,0.7,0.7,0.6,1.2,2.2,1.6,1.1,1,1,1,0.9,0.6,0.8,0.8,0.9,0.8,0.6,0.8,0.6,0.6,0.7,
嘉義,2024/05/11 00:00:00,NO2,7.3,8.8,9.2,7,6.4,6.6,7.6,8.9,6.3,4.9,3.1,3.2,3.9,3.7,3.4,3.9,4.7,8.4,12.9,11.1,10.8,9.1,10.1,15.3,
嘉義,2024/05/11 00:00:00,NOx,8,9.4,9.8,7.7,7.1,7.3,8.8,11.1,8,6.1,4.1,4.2,4.9,4.6,4,4.7,5.6,9.4,13.7,11.7,11.6,9.8,10.8,16,
嘉義,2024/05/11 00:00:00,O3,29.8,23.4,21.7,23.2,21.9,17.1,18.3,24,48,59.5,67.9,73,75.2,80,82.6,84.4,75.6,62.7,51.8,49.5,43.4,41.3,35.6,23.3,
嘉義,2024/05/11 00:00:00,PM10,43,44,43,45,42,46,43,43,37,31,31,42,42,46,48,42,33,31,29,39,32,29,32,33,
嘉義,2024/05/11 00:00:00,PM2.5,21,21,21,16,22,17,26,24,25,17,18,21,22,27,26,17,16,15,12,23,17,16,17,21,
嘉義,2024/05/11 00:00:00,RAINFALL,0,0,0,0,0,0,0,0,0,0,0,0,0,0,0,0,0,0,0,0,0,0,0,0,
嘉義,2024/05/11 00:00:00,RH,89,89,90,89,88,87,86,83,66,55,45,45,46,44,45,44,38,33,35,37,39,41,46,54,
嘉義,2024/05/11 00:00:00,SO2,1.6,1.5,1.4,1.6,2.4,1.8,1.8,2.3,2.6,2.5,2.2,2.2,2.6,2.7,2.5,2.7,2.7,3.5,3.8,3.2,2.5,2.1,2.1,2.2,
嘉義,2024/05/11 00:00:00,THC,2.25,2.32,2.27,2.35,2.31,2.36,2.43,2.41,2.16,2.05,2.05,2.09,2.15,2.13,2.09,2.07,2.06,2.12,2.12,2.18,2.19,2.13,2.18,2.32,
嘉義,2024/05/11 00:00:00,WD_HR,223,234,208,191,96,90,75,84,9,326,306,332,325,333,324,326,334,323,350,13,64,94,166,117,
嘉義,2024/05/11 00:00:00,WIND_DIREC,214,236,97,188,97,104,43,92,321,303,312,337,319,328,330,1,345,318,353,27,81,116,232,117,
嘉義,2024/05/11 00:00:00,WIND_SPEED,1.2,2,1.2,0.8,1,1.1,1.1,1.5,2.3,2,2.1,2.8,2.3,3.2,2.5,3.4,2.8,2.9,2,1.7,1.7,1.3,1.3,1.4,
嘉義,2024/05/11 00:00:00,WS_HR,1.3,1.7,0.8,0.6,0.7,0.6,0.6,0.7,0.9,2,2,2,2,2,2.5,2.4,3,2.7,1.8,1.9,1.5,1.4,0.5,0.9,
嘉義,2024/05/12 00:00:00,AMB_TEMP,27.1,27,26.9,27.2,26.9,26.7,27.1,28.1,28.8,29.6,30.7,32.1,32.7,33.7,33.4,31.2,29.9,29.4,29.1,29.1,29,28.8,28.5,28.4,
嘉義,2024/05/12 00:00:00,CH4,2.17,2.18,2.22,2.11,2.18,2.2,2.18,2.13,2.06,2.04,2.02,2.03,2.02,2,2.01,1.97,1.97,1.97,1.99,2.01,1.99,2.01,1.99,1.99,
嘉義,2024/05/12 00:00:00,CO,0.27,0.25,0.27,0.24,0.25,0.25,0.32,0.31,0.27,0.28,0.25,0.24,0.21,0.21,0.25,0.22,0.23,0.24,0.25,0.29,0.27,0.24,0.23,0.21,
嘉義,2024/05/12 00:00:00,NMHC,0.12,0.19,0.11,0.07,0.08,0.1,0.22,0.11,0.04,0.02,0,0,0.01,0.01,0.01,0,0,0.01,0,0.03,0.04,0.01,0.01,0.01,
嘉義,2024/05/12 00:00:00,NO,0.5,0.4,0.3,0.4,0.5,0.6,0.6,0.9,0.6,0.5,0.6,0.5,0.5,0.5,0.7,0.7,0.8,0.6,0.6,0.6,0.5,0.6,0.5,0.5,
嘉義,2024/05/12 00:00:00,NO2,11.5,7.8,8,5.8,6.1,6.8,6.4,5.9,4.5,3.7,2.7,1.8,1.9,1.4,2,1.9,2.7,3.3,4,6.2,6.1,4.9,4.5,3.6,
嘉義,2024/05/12 00:00:00,NOx,12.1,8.2,8.4,6.3,6.7,7.5,7.1,6.8,5.2,4.3,3.4,2.3,2.5,2,2.7,2.6,3.5,3.9,4.7,6.8,6.6,5.5,5,4.2,
嘉義,2024/05/12 00:00:00,O3,29,33.5,27.5,40.9,30.3,26.3,28.6,40.2,53.9,60.6,59,56.6,52.2,55.1,68.1,45.6,47.8,52.4,51.7,45.2,36.1,34.5,32.7,28.7,
嘉義,2024/05/12 00:00:00,PM10,34,32,27,33,33,30,34,36,38,39,26,32,22,24,34,26,27,23,30,37,25,28,25,26,
嘉義,2024/05/12 00:00:00,PM2.5,20,19,19,16,15,20,19,23,27,19,18,15,14,16,17,16,11,13,19,15,16,12,12,11,
嘉義,2024/05/12 00:00:00,RAINFALL,0,0,0,0,0,0,0,0,0,0,0,0,0,0,0,0,0,0,0,0,0,0,0,0,
嘉義,2024/05/12 00:00:00,RH,53,53,59,55,62,67,68,63,55,54,55,52,51,47,51,62,69,71,73,73,73,75,77,77,
嘉義,2024/05/12 00:00:00,SO2,2.1,2.2,1.9,2,1.8,1.7,1.6,1.9,2.2,2.4,2.3,2.3,2.2,2.1,2.4,2.2,2.1,2.1,2.1,2.2,2.3,2,1.7,1.8,
嘉義,2024/05/12 00:00:00,THC,2.29,2.37,2.33,2.18,2.26,2.3,2.4,2.24,2.1,2.06,2.02,2.03,2.03,2.01,2.02,1.96,1.96,1.98,1.99,2.04,2.03,2.02,2,2,
嘉義,2024/05/12 00:00:00,WD_HR,93,99,96,75,136,107,91,103,239,257,252,222,231,243,260,269,272,286,305,352,27,70,24,331,
嘉義,2024/05/12 00:00:00,WIND_DIREC,83,112,61,216,118,88,85,90,231,290,232,222,229,246,260,276,289,316,315,50,16,74,318,1,
嘉義,2024/05/12 00:00:00,WIND_SPEED,0.9,0.9,1.4,1.1,0.8,0.9,0.9,0.8,1.6,1.9,2,2.8,3.3,2.9,3.5,2.8,3,2.5,2.4,1.8,1.9,1.7,2,1.9,
嘉義,2024/05/12 00:00:00,WS_HR,1,0.9,1.1,0.8,0.6,0.7,0.9,1,1.1,1.3,1.6,1.7,2.3,2.4,3,3.2,2.5,2.1,1.8,1.5,1.4,1.5,0.7,1.7,
嘉義,2024/05/13 00:00:00,AMB_TEMP,28.1,27.8,27.5,27.2,26.2,25.6,25.2,25.3,25.1,25.5,26.3,27.3,28.3,29.3,29.7,28.5,27.5,25.9,24.4,23.2,23,22.8,22.2,22.2,
嘉義,2024/05/13 00:00:00,CH4,2.12,2.29,2.18,2.25,2.06,2.04,2.08,2.08,2.06,2.05,2.04,2.02,2.02,2.01,2.03,2.02,2.03,2.04,2.04,2.04,2.04,2.06,2.07,2.08,
嘉義,2024/05/13 00:00:00,CO,0.23,0.25,0.25,0.24,0.22,0.2,0.25,0.31,0.29,0.31,0.28,0.26,0.27,0.26,0.28,0.26,0.31,0.34,0.33,0.31,0.26,0.29,0.25,0.24,
嘉義,2024/05/13 00:00:00,NMHC,0.02,0.04,0.06,0.03,0,0.02,0.03,0.05,0.04,0.06,0.05,0.05,0.05,0.05,0.04,0.05,0.08,0.09,0.1,0.07,0.07,0.09,0.08,0.07,
嘉義,2024/05/13 00:00:00,NO,0.4,0.1,0,0,0,0,0.3,1,1,1.1,1.7,0.8,0.7,0.3,0.4,0.5,0.5,0.5,0.1,0.2,0.1,0.3,0.2,0,
嘉義,2024/05/13 00:00:00,NO2,4.6,10.8,9.5,9.1,6.6,5.6,6.8,8.6,8.6,8.9,8.2,7.3,7.3,6.5,7.5,7.7,10.7,13.4,16.3,15.6,13.3,13.2,13.1,10.9,
嘉義,2024/05/13 00:00:00,NOx,5,10.9,9.5,9,6.6,5.6,7.1,9.7,9.7,10,10,8.1,8.1,6.9,8,8.2,11.2,13.9,16.4,15.9,13.4,13.6,13.3,11,
嘉義,2024/05/13 00:00:00,O3,25.4,18.2,16.5,14.8,22,26.9,27,28.5,34.6,37.3,42.3,53.7,63.4,74.9,80.9,72.8,57.7,46.6,36.8,35.7,36.2,32.8,32.8,34.1,
嘉義,2024/05/13 00:00:00,PM10,24,38,35,36,21,17,18,20,21,27,35,36,36,33,42,50,43,35,34,30,36,34,26,29,
嘉義,2024/05/13 00:00:00,PM2.5,13,19,20,19,13,11,9,9,10,10,14,15,14,11,16,17,12,13,13,12,10,13,9,12,
嘉義,2024/05/13 00:00:00,RAINFALL,0,0,0,0,0,0,0,0,0,0,0,0,0,0,0,0,0,0,0,0,0,0,0,0,
嘉義,2024/05/13 00:00:00,RH,79,84,86,87,89,88,88,86,83,77,72,66,61,57,54,55,56,58,61,63,62,63,63,63,
嘉義,2024/05/13 00:00:00,SO2,1.9,2.5,2.7,3.6,2.7,2.4,2.2,1.8,1.8,1.8,1.9,1.9,2.1,2,2.2,2.1,2.1,2.5,2.5,2.2,2.2,2,1.9,2.5,
嘉義,2024/05/13 00:00:00,THC,2.14,2.33,2.24,2.28,2.06,2.06,2.11,2.13,2.1,2.11,2.09,2.07,2.07,2.06,2.07,2.07,2.11,2.13,2.14,2.11,2.11,2.15,2.15,2.15,
嘉義,2024/05/13 00:00:00,WD_HR,16,57,10,9,5,8,7,358,0,355,9,11,358,346,352,348,356,357,353,355,31,350,358,6,
嘉義,2024/05/13 00:00:00,WIND_DIREC,49,76,1,0,15,12,52,11,3,355,12,11,5,4,351,348,2,5,342,5,7,353,14,17,
嘉義,2024/05/13 00:00:00,WIND_SPEED,1.8,1.5,1.9,2.6,2.7,2.4,2.3,3,3.6,3.3,2.7,3.9,3.1,3.1,4.5,4,3.2,3.3,3.3,3.3,2.7,3.3,3,2.2,
嘉義,2024/05/13 00:00:00,WS_HR,1.7,1.4,1.4,2.3,3,2.4,2.5,2.7,3,3.1,3.1,3,3,2.7,3.5,3.8,3.1,3.1,3.1,3.2,2.5,2.7,2.3,2.1,
嘉義,2024/05/14 00:00:00,AMB_TEMP,22.1,22.2,22.4,22.4,21.8,21.8,22.3,22.6,22.7,23.6,25.7,26.3,27.5,28.9,28.3,28,27.8,27.4,26.4,25.3,24.6,24.5,24.3,24,
嘉義,2024/05/14 00:00:00,CH4,2.09,2.08,2.12,2.14,2.17,2.2,2.19,2.18,2.2,2.18,2.13,2.09,2.1,2.07,2.05,2.05,2.05,2.06,2.06,2.08,2.09,2.12,2.12,2.19,
嘉義,2024/05/14 00:00:00,CO,0.23,0.2,0.2,0.2,0.21,0.22,0.24,0.34,0.37,0.32,0.33,0.3,0.33,0.34,0.36,0.33,0.33,0.39,0.41,0.45,0.44,0.45,0.41,0.37,
嘉義,2024/05/14 00:00:00,NMHC,0.05,0.04,0.08,0.08,0.07,0.07,0.08,0.14,0.13,0.16,0.1,0.06,0.07,0.06,0.07,0.05,0.07,0.09,0.1,0.11,0.1,0.13,0.2,0.17,
嘉義,2024/05/14 00:00:00,NO,0.1,0.3,0.4,0.5,0.3,0.7,1.1,2.8,4.5,5.7,4.1,1.3,1,0.8,0.6,0.6,0.7,0.6,1.1,0.9,1,1,1,1.1,
嘉義,2024/05/14 00:00:00,NO2,11.3,7.9,8.7,9.1,10.1,11.6,12.1,14.8,17.5,15.9,13,8.8,7.7,6.8,7.9,9.2,9.6,11.1,16.3,19.1,15.6,16.4,17.1,17.2,
嘉義,2024/05/14 00:00:00,NOx,11.4,8.2,9.1,9.6,10.4,12.3,13.2,17.7,22.1,21.7,17.2,10.1,8.7,7.6,8.6,9.8,10.3,11.7,17.4,20.1,16.6,17.4,18.1,18.3,
嘉義,2024/05/14 00:00:00,O3,32.9,36.7,32.7,29.9,27.9,23.8,23.1,18.4,17.2,22.3,40.6,61.3,70.8,79.3,#,79.5,83.2,80,66.2,55.4,48.3,39.4,33.5,27.5,
嘉義,2024/05/14 00:00:00,PM10,23,22,19,24,29,27,28,37,36,39,50,43,43,#,56,56,58,65,64,58,57,63,59,63,
嘉義,2024/05/14 00:00:00,PM2.5,12,11,11,11,14,17,12,18,18,16,21,20,28,#,26,22,28,26,21,21,27,23,28,32,
嘉義,2024/05/14 00:00:00,RAINFALL,0,0,0,0,0,0,0,0,0,0,0,0,0,0,0,0,0,0,0,0,0,0,0,0,
嘉義,2024/05/14 00:00:00,RH,65,64,63,63,66,66,65,65,67,64,60,63,61,58,60,59,59,60,63,66,70,71,71,73,
嘉義,2024/05/14 00:00:00,SO2,2.9,1.9,2.2,2.4,2.7,4,2.3,2.5,2.6,2.6,2.9,3.1,3.3,3.3,2.9,#,2.9,2.6,2.5,2.6,2.9,3,2.3,2.3,
嘉義,2024/05/14 00:00:00,THC,2.14,2.12,2.2,2.22,2.24,2.27,2.27,2.32,2.33,2.34,2.23,2.15,2.17,2.13,2.12,2.1,2.12,2.15,2.16,2.19,2.19,2.25,2.32,2.36,
嘉義,2024/05/14 00:00:00,WD_HR,355,18,357,351,351,6,41,356,334,353,349,270,317,24,341,340,333,343,355,355,5,6,18,359,
嘉義,2024/05/14 00:00:00,WIND_DIREC,352,12,347,358,356,53,354,353,321,2,291,314,348,342,339,317,322,352,346,356,12,2,18,3,
嘉義,2024/05/14 00:00:00,WIND_SPEED,2,1.6,2.2,1.6,2.1,2.2,1.9,1.8,2.8,1.5,2.3,2.4,2.4,1.9,3.2,3.4,3.6,3,3,2.4,2.6,2,1.7,2.3,
嘉義,2024/05/14 00:00:00,WS_HR,2.2,1.3,1.4,1.7,2.2,1.8,1.1,1.6,1.6,1.5,1,1.7,1.8,0.8,2.5,3,3.1,2.9,2.8,2.3,2.4,1.7,1.4,1.9,
嘉義,2024/05/15 00:00:00,AMB_TEMP,23.4,23,22.4,22.5,22.2,21.7,21.8,22.8,24,25.2,27.1,28.5,29.6,30.4,30.3,29.9,29.3,28.7,27.7,26.7,26.4,26,25.5,24.7,
嘉義,2024/05/15 00:00:00,CH4,2.26,2.28,2.25,2.24,2.29,2.26,2.29,2.29,2.22,2.17,2.1,2.06,2.05,2.05,2.04,2.02,2.01,2.04,2.05,2.04,2.07,2.17,2.23,2.25,
嘉義,2024/05/15 00:00:00,CO,0.35,0.33,0.32,0.31,0.32,0.33,0.35,0.42,0.4,0.38,0.36,0.33,0.35,0.29,0.27,0.27,0.27,0.32,0.39,0.39,0.45,0.53,0.47,0.44,
嘉義,2024/05/15 00:00:00,NMHC,0.16,0.15,0.14,0.18,0.2,0.14,0.11,0.14,0.12,0.09,0.08,0.06,0.04,0.03,0.02,0.02,0.03,0.06,0.09,0.09,0.14,0.19,0.14,0.16,
嘉義,2024/05/15 00:00:00,NO,0.6,0.1,0.1,0.3,0.1,0.4,4.2,7.8,5.8,2.2,1.2,0.5,0.3,0.4,0.1,0.1,0.3,0.3,0.3,0.1,0,0.2,0.2,0,
嘉義,2024/05/15 00:00:00,NO2,19.2,19.6,17.7,15.9,16.6,14.3,15.9,16,15.3,12.4,9.2,6.9,5.9,4.8,4.2,4.3,4.8,7.1,14.4,15.7,16.9,22.2,24.2,19.3,
嘉義,2024/05/15 00:00:00,NOx,19.8,19.8,17.9,16.2,16.8,14.7,20.1,23.8,21.1,14.6,10.5,7.4,6.2,5.3,4.3,4.5,5.1,7.5,14.7,15.9,17,22.4,24.5,19.3,
嘉義,2024/05/15 00:00:00,O3,18.6,14.7,13.6,12.6,8.8,10.8,8,12.6,22.6,38.4,58.6,74.8,79.1,80.2,79.9,75,70.3,68.6,67.2,54,46.3,30.9,25.2,19.7,
嘉義,2024/05/15 00:00:00,PM10,62,60,52,45,42,49,41,43,49,46,57,48,45,44,41,38,37,36,52,48,62,63,62,56,
嘉義,2024/05/15 00:00:00,PM2.5,29,31,24,24,21,22,17,25,31,27,29,29,23,25,21,13,15,18,19,18,21,23,23,27,
嘉義,2024/05/15 00:00:00,RAINFALL,0,0,0,0,0,0,0,0,0,0,0,0,0,0,0,0,0,0,0,0,0,0,0,0,
嘉義,2024/05/15 00:00:00,RH,77,79,84,84,85,87,87,85,81,75,67,61,57,53,53,53,52,51,54,50,52,56,57,67,
嘉義,2024/05/15 00:00:00,SO2,2.8,2.7,1.8,1.6,1.6,2,2.7,2.7,2.6,2.3,2.3,2.2,2.3,2.4,2,1.8,1.8,1.7,2.7,4.9,4.7,4.3,4.7,2.9,
嘉義,2024/05/15 00:00:00,THC,2.42,2.43,2.39,2.42,2.49,2.4,2.4,2.43,2.34,2.26,2.18,2.12,2.09,2.08,2.06,2.04,2.04,2.1,2.14,2.13,2.21,2.36,2.37,2.41,
嘉義,2024/05/15 00:00:00,WD_HR,353,8,8,47,346,343,306,249,284,307,331,318,320,328,336,339,345,345,353,5,32,311,4,155,
嘉義,2024/05/15 00:00:00,WIND_DIREC,347,356,20,55,346,344,268,237,320,311,348,219,353,350,343,336,331,350,354,13,30,309,107,251,
嘉義,2024/05/15 00:00:00,WIND_SPEED,2.1,2.2,2.4,1.6,2.7,1.4,1,1.4,1.9,1.8,2.3,1.8,3,3.8,4.3,4,3.7,2.7,3.1,1.7,1.1,1.6,1,0.7,
嘉義,2024/05/15 00:00:00,WS_HR,1.9,1.6,2,1.4,2.1,1.5,1,0.7,1.2,1.4,1.5,0.9,1.8,2.6,3.7,3.3,3.4,2.8,2.6,2.1,1.1,0.9,1.1,0.3,
嘉義,2024/05/16 00:00:00,AMB_TEMP,23.9,23.4,24.1,23.7,23.3,23.4,23.7,23.7,25.3,27.7,29.1,30.2,30,29.7,29.7,29.6,28.8,27,25.9,25.5,24.8,24.7,23.9,23.8,
嘉義,2024/05/16 00:00:00,CH4,2.29,2.36,2.34,2.31,2.47,2.5,2.47,2.37,2.15,2.1,2.05,2.05,2.05,2.05,2.04,2.02,2.01,2.01,2.01,2.03,2.05,2.1,2.1,2.11,
嘉義,2024/05/16 00:00:00,CO,0.43,0.35,0.3,0.29,0.34,0.36,0.41,0.42,0.34,0.35,0.31,0.33,0.32,0.34,0.3,0.29,0.29,0.28,0.28,0.32,0.28,0.3,0.27,0.2,
嘉義,2024/05/16 00:00:00,NMHC,0.14,0.12,0.08,0.09,0.13,0.21,0.26,0.25,0.14,0.12,0.09,0.07,0.06,0.06,0.04,0.05,0.06,0.05,0.06,0.08,0.08,0.08,0.09,0.05,
嘉義,2024/05/16 00:00:00,NO,0.1,0.3,0.3,0.3,0.5,0.5,3,7.8,5,3.1,1.2,0.7,0.5,0.3,0.3,0.3,0.2,0.4,0.3,0.4,0.5,0.4,0.3,0.1,
嘉義,2024/05/16 00:00:00,NO2,17.8,16.2,12.1,9.9,19,21.5,19,21.7,16.8,15.6,11.6,9.8,7.4,7,7.8,8.9,8.1,9.8,10.7,14,13.4,11.9,12.6,10.1,
嘉義,2024/05/16 00:00:00,NOx,17.9,16.5,12.5,10.2,19.6,22.1,22.1,29.6,21.9,18.7,12.9,10.5,8,7.3,8.1,9.3,8.4,10.2,11.1,14.4,13.9,12.4,12.9,10.2,
嘉義,2024/05/16 00:00:00,O3,18.6,18.2,18.9,20.1,8.5,12.3,14.2,17.5,37.1,52.7,75,92.1,99.9,106.1,96.6,87.4,77.7,61,54.5,45.8,45.3,45.3,35.7,36.5,
嘉義,2024/05/16 00:00:00,PM10,56,54,54,44,53,53,61,42,42,50,40,52,58,97,112,90,84,81,72,71,71,73,57,57,
嘉義,2024/05/16 00:00:00,PM2.5,23,25,21,23,21,30,31,27,19,17,20,22,27,32,34,32,22,20,17,20,18,21,22,18,
嘉義,2024/05/16 00:00:00,RAINFALL,0,0,0,0,0,0,0,0,0,0,0,0,0,0,0,0,0,0,0,0,0,0,0,0,
嘉義,2024/05/16 00:00:00,RH,69,69,70,76,70,66,66,59,52,47,45,43,44,46,48,48,51,56,60,63,67,67,73,76,
嘉義,2024/05/16 00:00:00,SO2,2.8,2.1,2.3,2.3,2.5,3.7,2.7,4.2,2.2,2.7,2.3,2.1,1.9,2.4,3,3.2,3.1,2.9,2.8,3,3.1,3.2,2.7,2.2,
嘉義,2024/05/16 00:00:00,THC,2.43,2.48,2.42,2.4,2.6,2.71,2.73,2.62,2.29,2.22,2.14,2.12,2.11,2.11,2.08,2.07,2.07,2.06,2.07,2.11,2.13,2.18,2.19,2.16,
嘉義,2024/05/16 00:00:00,WD_HR,217,213,116,349,355,45,5,3,4,356,353,5,328,333,342,342,338,333,336,347,312,308,232,239,
嘉義,2024/05/16 00:00:00,WIND_DIREC,234,173,117,320,2,50,351,20,350,0,14,350,326,332,346,324,323,333,345,323,306,318,235,222,
嘉義,2024/05/16 00:00:00,WIND_SPEED,1.3,1.1,1.6,1.7,1.9,1.8,2.6,3.3,2.9,2.9,3.4,3.2,3.8,3.9,4.3,4.7,4.2,3.5,2.5,1.7,2,0.8,1.7,1.4,
嘉義,2024/05/16 00:00:00,WS_HR,1.2,1.1,1.3,0.7,1.3,1.4,1.8,2.9,2.8,2.8,3.3,2.9,3.1,3.1,3.5,3.5,3.3,3.1,2.4,1.7,2,1.1,1.8,1.5,
嘉義,2024/05/17 00:00:00,AMB_TEMP,23.9,24,24,23.9,24.2,24.4,24.5,25.1,26.2,27,27.1,28.3,28.5,28.2,28,27.8,27.7,26.7,26.3,26,25.7,25.7,25.7,25.4,
嘉義,2024/05/17 00:00:00,CH4,2.09,2.08,2.13,2.13,2.14,2.15,2.12,2.07,2.04,2.06,2.07,2.07,2.09,2.07,2.03,2.02,2.03,2.05,2.06,2.07,2.12,2.11,2.13,2.18,
嘉義,2024/05/17 00:00:00,CO,0.21,0.21,0.21,0.22,0.27,0.3,0.29,0.32,0.28,0.3,0.3,0.28,0.26,0.22,0.2,0.22,0.26,0.32,0.36,0.42,0.39,0.46,0.47,0.45,
嘉義,2024/05/17 00:00:00,NMHC,0.05,0.05,0.04,0.04,0.06,0.08,0.11,0.08,0.04,0.07,0.04,0.05,0.01,0,0,0.01,0.03,0.06,0.11,0.11,0.12,0.17,0.16,0.27,
嘉義,2024/05/17 00:00:00,NO,0.2,0.8,0.8,0.8,0.9,0.9,1.2,1.4,1.6,1.6,1.6,1.5,1.1,0.7,1,1,1.1,1,0.8,0.8,0.8,0.8,0.8,1,
嘉義,2024/05/17 00:00:00,NO2,8.2,7.8,6.9,7.4,10.8,11.6,13.4,11.5,8.8,10.1,10.8,8.6,6.2,4.8,4.8,4.8,6.8,9.8,12.7,15.4,16,16.5,16.8,19,
嘉義,2024/05/17 00:00:00,NOx,8.4,8.6,7.7,8.2,11.8,12.6,14.7,12.9,10.4,11.7,12.5,10.2,7.4,5.5,5.8,5.9,8,10.9,13.5,16.2,16.8,17.3,17.6,20.1,
嘉義,2024/05/17 00:00:00,O3,41.8,40.5,38.8,32,30.3,27.6,32.5,40.7,50,55.8,58.4,71.5,78.4,69.1,65.8,64.6,64.3,58.6,56.3,49.9,43.4,38.1,33,24.9,
嘉義,2024/05/17 00:00:00,PM10,68,54,56,52,62,65,57,51,49,53,58,56,51,47,48,54,43,47,59,59,63,59,69,67,
嘉義,2024/05/17 00:00:00,PM2.5,20,14,16,16,18,19,19,17,17,16,16,22,21,22,15,14,18,12,15,22,23,25,30,27,
嘉義,2024/05/17 00:00:00,RAINFALL,0,0,0,0,0,0,0,0,0,0,0,0,0,0,0,0,0,0,0,0,0,0,0,0,
嘉義,2024/05/17 00:00:00,RH,75,75,75,77,73,72,72,70,66,62,64,61,58,63,63,63,59,59,60,62,65,65,67,70,
嘉義,2024/05/17 00:00:00,SO2,2.6,2.4,2.5,2.1,3.6,3.9,4.1,3,2.8,2.8,2.9,2.8,2.8,2.3,2.1,2.1,2.3,2.3,2.5,3.1,2.9,3.5,3.7,4.1,
嘉義,2024/05/17 00:00:00,THC,2.14,2.13,2.17,2.17,2.2,2.23,2.23,2.15,2.08,2.13,2.11,2.12,2.1,2.07,2.03,2.03,2.06,2.11,2.17,2.18,2.24,2.28,2.29,2.45,
嘉義,2024/05/17 00:00:00,WD_HR,230,213,224,251,8,38,12,17,27,350,329,332,291,332,341,335,350,359,3,5,40,31,17,40,
嘉義,2024/05/17 00:00:00,WIND_DIREC,228,234,232,303,55,345,6,360,16,324,341,327,308,332,329,349,352,40,10,11,51,88,346,68,
嘉義,2024/05/17 00:00:00,WIND_SPEED,1.5,1,1.3,1.3,1.4,1.8,2.1,2.5,2.2,2.6,2.4,2.3,2.3,3.4,3.2,3,3.3,2.9,2.6,2.2,1.9,1.6,2,1.4,
嘉義,2024/05/17 00:00:00,WS_HR,1.2,0.9,1.3,0.9,1,0.8,1.8,1.9,1.8,1,2,1.6,2,2.6,2.9,2.9,3.1,2.8,2.4,2.4,1.3,1.2,1.3,1.2,
嘉義,2024/05/18 00:00:00,AMB_TEMP,25,24.2,23.8,23.5,23.2,23,23.4,23.7,25.2,27.1,28.5,28.7,28.7,27.6,26.8,26.1,25.8,25.8,26,25.5,25.4,25.3,25.1,24.6,
嘉義,2024/05/18 00:00:00,CH4,2.29,2.34,2.26,2.26,2.2,2.18,2.19,2.17,2.16,2.11,2.05,2.05,2.08,2.06,2.07,2.11,2.1,2.09,2.08,2.08,2.11,2.19,2.26,2.16,
嘉義,2024/05/18 00:00:00,CO,0.45,0.39,0.34,0.33,0.27,0.26,0.3,0.34,0.34,0.34,0.28,0.28,0.25,0.24,0.26,0.32,0.35,0.39,0.39,0.32,0.36,0.41,0.38,0.3,
嘉義,2024/05/18 00:00:00,NMHC,0.17,0.2,0.15,0.12,0.08,0.1,0.13,0.14,0.12,0.1,0.05,0.02,0.02,0.02,0.02,0.04,0.05,0.07,0.08,0.05,0.07,0.12,0.09,0.07,
嘉義,2024/05/18 00:00:00,NO,1,1,0.7,0.7,0.8,0.8,1,1.4,2.2,1.9,1.7,1,1,1,0.8,0.9,0.6,0.6,0.8,0.6,0.6,0.7,0.8,0.7,
嘉義,2024/05/18 00:00:00,NO2,16.9,20.3,15.1,12.9,10.7,9.2,10.8,11.4,11.3,11.3,8.9,5.7,6,5.6,6.5,7.8,8.1,10.2,12.3,10.7,9.6,12.3,13.8,9.8,
嘉義,2024/05/18 00:00:00,NOx,17.9,21.3,15.9,13.7,11.5,10,11.8,12.9,13.5,13.3,10.7,6.8,7.1,6.7,7.3,8.7,8.8,10.8,13.1,11.4,10.2,13.1,14.7,10.5,
嘉義,2024/05/18 00:00:00,O3,23.4,17.3,26.6,27.5,33.5,33.2,29.9,31.9,41.5,55.4,64.6,75.9,78,70.4,68,69.5,72.7,65.3,54.2,48.9,46.2,37.4,23.9,13,
嘉義,2024/05/18 00:00:00,PM10,60,64,77,63,56,57,51,58,50,54,42,41,49,41,50,47,45,56,57,57,59,62,61,37,
嘉義,2024/05/18 00:00:00,PM2.5,28,27,29,25,26,24,22,23,28,25,25,27,27,23,21,26,26,28,22,20,27,28,32,21,
嘉義,2024/05/18 00:00:00,RAINFALL,0,0,0,0,0,0,0,0,0,0,0,0,0,0,0,0,0,0.5,0,0,0,0,0,0,
嘉義,2024/05/18 00:00:00,RH,72,79,84,86,87,89,87,86,79,67,57,52,50,66,74,76,74,76,73,83,85,86,87,88,
嘉義,2024/05/18 00:00:00,SO2,3.1,3.2,8.6,2.8,1.8,1.5,1.5,1.6,1.9,2.4,2.1,2.1,2.2,1.9,1.6,1.4,1.4,1.5,1.8,1.6,1.7,2.6,2,1.1,
嘉義,2024/05/18 00:00:00,THC,2.46,2.54,2.41,2.38,2.28,2.28,2.32,2.31,2.28,2.21,2.1,2.07,2.1,2.08,2.09,2.15,2.15,2.16,2.16,2.13,2.18,2.31,2.35,2.23,
嘉義,2024/05/18 00:00:00,WD_HR,55,346,14,48,9,30,25,4,29,12,325,317,313,341,343,339,2,8,357,337,41,14,96,107,
嘉義,2024/05/18 00:00:00,WIND_DIREC,302,12,31,35,12,75,28,14,356,339,319,309,326,348,352,351,37,37,346,21,59,8,107,103,
嘉義,2024/05/18 00:00:00,WIND_SPEED,1.1,1.6,2.3,2.1,2.9,1.1,2.6,2.3,2.1,2.7,2.8,2.7,2.8,3,2.1,1.9,1.4,1.6,2.3,1.4,2.2,1.7,1.1,0.9,
嘉義,2024/05/18 00:00:00,WS_HR,0.5,1.8,2.1,2.1,2.3,1.5,1.9,2.2,1.9,1.7,2,2.7,2.2,2.5,2,1.9,1.3,1.4,1.8,1.6,1.4,1.3,1.1,0.7,
嘉義,2024/05/19 00:00:00,AMB_TEMP,24.5,24.4,24.2,24.3,24.5,24.4,24.7,25.3,26.7,27.9,28.5,29.4,29.5,30,29.8,28.6,27.6,27.2,27.2,26.9,26.8,26.5,26.3,25.8,
嘉義,2024/05/19 00:00:00,CH4,2.14,2.17,2.28,2.21,2.2,2.17,2.16,2.08,2.17,2.13,2.11,2.05,2.09,2.08,2.1,2.15,2.2,2.21,2.25,2.24,2.22,2.16,2.18,2.23,
嘉義,2024/05/19 00:00:00,CO,0.25,0.25,0.27,0.24,0.24,0.21,0.27,0.29,0.4,0.37,0.36,0.3,0.31,0.26,0.28,0.31,0.39,0.37,0.43,0.45,0.41,0.4,0.41,0.38,
嘉義,2024/05/19 00:00:00,NMHC,0.06,0.04,0.04,0.05,0.07,0.03,0.1,0.07,0.12,0.09,0.07,0.03,0.02,0.02,0.03,0.04,0.07,0.07,0.07,0.09,0.08,0.09,0.1,0.09,
嘉義,2024/05/19 00:00:00,NO,0.7,0.4,0.2,0,0,0.2,0.3,0.9,1.5,1,0.5,0.3,0.4,0.4,0.2,0.3,0.3,0.3,0.3,0.3,0.4,0.4,0.2,0.3,
嘉義,2024/05/19 00:00:00,NO2,8,8.2,6.4,6.3,5.4,5.2,6.2,7.1,9.4,8.9,7.2,5,4.2,4.5,4.5,6.8,9.6,10.6,10.3,11.1,9.9,11.3,10.5,10.8,
嘉義,2024/05/19 00:00:00,NOx,8.7,8.7,6.6,6.4,5.5,5.4,6.6,8.1,10.9,9.9,7.7,5.3,4.7,4.9,4.7,7.1,9.9,11,10.7,11.4,10.3,11.7,10.7,11.2,
嘉義,2024/05/19 00:00:00,O3,13.6,15.9,17.3,18.3,24,16,15.2,21.6,31.9,51.5,63.4,74.3,75.3,75.9,72.6,66.7,67.3,61.8,53.8,46.6,44.8,39.8,34.8,21.3,
嘉義,2024/05/19 00:00:00,PM10,35,36,44,38,39,24,29,29,34,44,41,40,46,36,38,56,73,63,73,66,80,69,62,41,
嘉義,2024/05/19 00:00:00,PM2.5,16,19,22,19,27,14,15,15,20,23,29,25,28,24,24,32,49,34,45,42,44,41,43,28,
嘉義,2024/05/19 00:00:00,RAINFALL,0,0,0,0,0,0,0,0,0,0,0,0,0,0,0,0,0,0,0,0,0,0,0,0,
嘉義,2024/05/19 00:00:00,RH,87,87,89,88,87,86,85,82,72,66,63,57,56,43,47,64,82,83,83,85,85,86,87,86,
嘉義,2024/05/19 00:00:00,SO2,1,1,1,1.1,1.2,1,1,1.1,1.2,1.9,2.2,2.2,2.4,2.3,2.1,2.4,2.9,3.3,5,4.6,2.1,2,2.3,1.8,
嘉義,2024/05/19 00:00:00,THC,2.2,2.21,2.32,2.26,2.27,2.2,2.26,2.15,2.29,2.22,2.18,2.08,2.11,2.1,2.13,2.19,2.27,2.28,2.32,2.33,2.3,2.25,2.28,2.32,
嘉義,2024/05/19 00:00:00,WD_HR,105,187,135,103,104,111,107,94,326,44,262,223,243,263,290,321,356,12,2,49,33,26,51,114,
嘉義,2024/05/19 00:00:00,WIND_DIREC,98,214,113,30,110,105,120,82,302,118,236,240,243,271,289,354,16,9,2,57,30,57,53,166,
嘉義,2024/05/19 00:00:00,WIND_SPEED,0.8,1.1,1.1,0.6,1,1.2,1.5,0.9,1.5,1.2,1.7,2.8,2.2,1.7,2.1,2.3,2.7,2.3,2.2,1.9,1.9,1.9,1.6,0.9,
嘉義,2024/05/19 00:00:00,WS_HR,1,0.5,0.6,0.8,0.7,1.1,1.1,1,1,0.6,1,1.6,2,1.7,1.7,2.4,2.4,2.1,2,1.7,1.5,1.5,1,0.6,
嘉義,2024/05/20 00:00:00,AMB_TEMP,25.3,25,25.3,25.4,25.4,25.3,25.5,26.5,27.5,28.2,29.1,29.7,30.4,30.7,29.5,28.9,28.3,28.3,27.9,27.6,27,26.9,27.1,27,
嘉義,2024/05/20 00:00:00,CH4,2.24,2.22,2.27,2.35,2.26,2.33,2.37,2.27,2.14,2.16,2.16,2.15,2.13,#,2.14,2.07,2,2,2.02,2.07,2.03,2.03,2.06,2.1,
嘉義,2024/05/20 00:00:00,CO,0.28,0.23,0.27,0.31,0.31,0.39,0.42,0.46,0.42,0.4,0.39,0.39,0.38,0.34,0.38,#,0.25,0.27,0.26,0.32,0.28,0.34,0.34,0.32,
嘉義,2024/05/20 00:00:00,NMHC,0.06,0.05,0.08,0.14,0.09,0.12,0.13,0.1,0.09,0.1,0.1,0.09,0.09,#,0.08,0.06,0.04,0.04,0.03,0.09,0.04,0.07,0.08,0.1,
嘉義,2024/05/20 00:00:00,NO,0.3,0.7,0.9,1,1.1,1.1,1.8,2.7,2.5,2.2,1.9,1.3,1,1.1,0.8,#,1.5,1.1,0.8,1,0.9,1,1,0.9,
嘉義,2024/05/20 00:00:00,NO2,8.8,6.2,5.6,9,11.2,13.9,12.3,10.5,9.1,9.7,8.8,7.9,7.3,5.5,7.3,#,9.1,7.8,7.7,11.7,5.8,7,8.1,7.4,
嘉義,2024/05/20 00:00:00,NOx,9.1,6.9,6.6,10,12.4,15.1,14.2,13.2,11.6,12,10.7,9.3,8.4,6.6,8.2,#,10.7,9,8.6,12.7,6.8,8.1,9.1,8.3,
嘉義,2024/05/20 00:00:00,O3,18.6,22.1,24.5,15.5,18.5,14.8,14.9,24.2,32.9,42,57,68,75.5,76.4,#,57.6,48.3,51.6,48,35.2,43.6,38.1,36.2,29.9,
嘉義,2024/05/20 00:00:00,PM10,33,21,29,35,45,80,67,54,59,65,60,62,56,42,#,61,45,45,43,41,21,14,24,29,
嘉義,2024/05/20 00:00:00,PM2.5,19,19,22,27,37,49,42,41,31,40,35,38,38,#,33,33,20,18,19,21,17,11,17,17,
嘉義,2024/05/20 00:00:00,RAINFALL,0,0,0,0,0,0,0,0,0,0,0,0,0,0,#,#,0,0,0,0,0,0,0,0,
嘉義,2024/05/20 00:00:00,RH,85,84,81,82,82,88,87,83,78,73,68,65,63,60,67,75,84,83,84,86,85,84,83,86,
嘉義,2024/05/20 00:00:00,SO2,1.5,1.3,1.3,1.2,36.7,51.3,12.8,3.1,4.1,3,2.5,2.3,2.4,2.1,2.1,#,2.2,2.2,2.1,2.8,1.4,1.2,1.3,1.3,
嘉義,2024/05/20 00:00:00,THC,2.3,2.27,2.35,2.49,2.35,2.45,2.5,2.37,2.23,2.26,2.26,2.24,2.22,#,2.22,2.13,2.04,2.04,2.05,2.16,2.07,2.1,2.14,2.2,
嘉義,2024/05/20 00:00:00,WD_HR,121,125,306,62,4,24,47,35,5,19,66,61,96,207,223,255,271,274,289,1,73,68,86,105,
嘉義,2024/05/20 00:00:00,WIND_DIREC,106,227,350,63,347,81,22,52,334,56,66,53,116,226,221,309,252,257,312,38,71,46,104,106,
嘉義,2024/05/20 00:00:00,WIND_SPEED,1.6,0.9,0.9,1.6,1.2,0.8,1.5,2.4,2.5,1.4,1.9,2,1.8,2.4,2.4,2.9,2.5,2.2,2.1,2.1,2,1.1,0.8,1.4,
嘉義,2024/05/20 00:00:00,WS_HR,0.7,0.7,0.4,1.4,1.2,0.7,1.1,1.2,2.1,1.7,1.6,1.7,0.9,1,2.2,2.2,1.9,1.7,1.9,1.7,1.7,0.8,0.9,1.1,
嘉義,2024/05/21 00:00:00,AMB_TEMP,26.6,26.3,26.2,26.1,25.4,25.2,25.6,25.9,26.7,28.1,29.2,29.9,30.3,30.7,31.2,30.6,29.3,28.8,28.3,27.9,27.9,27.5,27.2,27.2,
嘉義,2024/05/21 00:00:00,CH4,2.24,2.23,2.22,2.23,2.12,1.97,2.05,2.11,2.08,2.03,1.99,1.99,2.03,1.98,1.95,1.9,1.89,1.9,1.89,1.89,1.94,1.96,1.96,1.98,
嘉義,2024/05/21 00:00:00,CO,0.3,0.28,0.27,0.27,0.2,0.14,0.25,0.37,0.42,0.34,0.32,0.27,0.37,0.26,0.2,0.18,0.23,0.21,0.2,0.18,0.24,0.23,0.22,0.23,
嘉義,2024/05/21 00:00:00,NMHC,0.07,0.06,0.05,0.07,0.02,0.02,0.06,0.1,0.17,0.13,0.11,0.07,0.06,0.03,0.03,0.02,0.04,0.04,0.04,0.03,0.07,0.08,0.06,0.08,
嘉義,2024/05/21 00:00:00,NO,0.7,0.5,0.3,0.4,0.5,0.5,0.7,1.4,4.7,2.9,1.9,1.3,1.2,0.9,0.7,0.9,0.6,0.7,0.4,0.4,0.5,0.5,0.5,0.6,
嘉義,2024/05/21 00:00:00,NO2,7.3,8.7,6.7,7,4.9,2.5,4.9,8.1,11.9,10.2,8.7,8.1,7.2,5.3,5,3.9,5.1,6.1,6,5.4,8.6,9.1,7,8.5,
嘉義,2024/05/21 00:00:00,NOx,8.1,9.3,7,7.4,5.4,3,5.6,9.5,16.6,13.2,10.7,9.4,8.5,6.2,5.7,4.8,5.7,6.8,6.4,5.8,9.1,9.6,7.6,9.2,
嘉義,2024/05/21 00:00:00,O3,17.8,18,18,14.2,20.1,17.2,14.6,12.6,16.8,27.5,35.2,45.5,51.8,54.4,53.3,44.7,29.2,27.8,22.8,19.7,13.9,10.8,10.9,8,
嘉義,2024/05/21 00:00:00,PM10,49,50,43,45,36,16,20,21,36,33,30,31,30,25,24,21,18,12,16,15,14,14,23,20,
嘉義,2024/05/21 00:00:00,PM2.5,26,27,26,29,20,10,17,18,21,20,18,22,18,19,17,11,9,9,6,7,11,10,7,14,
嘉義,2024/05/21 00:00:00,RAINFALL,0,0,0,0,0,1,0,0,0,0,0,0,0,0,0,0,0,0,0,0,0,0,0,0,
嘉義,2024/05/21 00:00:00,RH,89,90,91,92,92,91,91,91,90,83,70,69,69,66,64,66,68,72,75,75,76,82,86,85,
嘉義,2024/05/21 00:00:00,SO2,1.4,1.3,1.3,1.3,1.2,1.4,0.9,1.1,1.5,1.6,1.4,1.6,1.9,2,1.7,1.5,1.2,1.2,1,0.9,0.9,0.8,0.9,1,
嘉義,2024/05/21 00:00:00,THC,2.31,2.29,2.27,2.3,2.14,1.99,2.11,2.21,2.25,2.16,2.1,2.06,2.09,2.01,1.98,1.92,1.93,1.94,1.93,1.92,2.01,2.04,2.02,2.06,
嘉義,2024/05/21 00:00:00,WD_HR,117,222,129,188,212,106,71,58,50,41,271,308,334,282,299,282,49,99,106,103,238,86,62,109,
嘉義,2024/05/21 00:00:00,WIND_DIREC,110,219,114,207,166,62,81,64,45,79,226,314,353,239,305,302,27,115,99,53,68,63,25,102,
嘉義,2024/05/21 00:00:00,WIND_SPEED,0.6,1,1.1,1.2,1.8,1.6,0.8,1.9,1.6,1,1.5,2.1,2.4,1.9,3.5,2.5,1.6,1.7,1.8,1.1,0.7,1.4,0.7,1.8,
嘉義,2024/05/21 00:00:00,WS_HR,1,0.8,0.6,0.6,1.5,1,1.2,1.4,1.4,0.8,0.6,1.3,1.7,1.3,1.8,2.9,1.3,1.6,1.8,1.3,0.3,1.1,0.5,1.1,
嘉義,2024/05/22 00:00:00,AMB_TEMP,26.9,27.1,26.9,26.7,26.3,26,26.3,27.1,28.1,29.7,31.2,31.5,30.1,26.5,27.6,28.5,28.8,28.5,28.1,27.9,27.3,27.2,27.2,26.7,
嘉義,2024/05/22 00:00:00,CH4,1.96,1.94,2.1,2.06,2.18,2.22,2.21,2.07,2,1.97,1.96,1.93,1.91,1.88,1.89,1.91,1.92,1.96,1.94,2.01,2,2,2.02,2.06,
嘉義,2024/05/22 00:00:00,CO,0.14,0.2,0.18,0.2,0.19,0.21,0.28,0.32,0.29,0.27,0.27,0.22,0.22,0.15,0.15,0.18,0.22,0.29,0.28,0.37,0.29,0.36,0.35,0.24,
嘉義,2024/05/22 00:00:00,NMHC,0.05,0.07,0.08,0.1,0.07,0.08,0.09,0.09,0.06,0.08,0.07,0.02,0.01,0.01,0.01,0.02,0.03,0.07,0.09,0.12,0.11,0.12,0.17,0.09,
嘉義,2024/05/22 00:00:00,NO,0.4,0.6,0.6,0.6,0.8,1.3,2.7,2.8,3.7,2.8,1.4,1,0.9,1,1,1,0.8,0.7,0.6,0.8,0.5,0.8,0.8,0.7,
嘉義,2024/05/22 00:00:00,NO2,5.4,7.1,8.6,9.4,10.9,11.2,9.7,9.2,9,8.4,7.5,5.6,4.5,4,4.2,4.5,5.6,8.6,10.1,13.1,13.8,11.7,13.8,9.2,
嘉義,2024/05/22 00:00:00,NOx,5.8,7.7,9.2,10.1,11.7,12.5,12.4,12,12.7,11.3,9,6.6,5.4,5.1,5.3,5.6,6.5,9.3,10.8,13.9,14.3,12.6,14.6,10,
嘉義,2024/05/22 00:00:00,O3,9.8,10.9,8,10.2,4.2,7.6,11.4,17.1,21.6,32.5,48.2,52.2,44.1,26.5,26.1,40.2,42.7,36.5,30.1,19.5,17.4,15.3,10.6,5.9,
嘉義,2024/05/22 00:00:00,PM10,23,17,21,24,36,31,42,48,41,42,38,31,31,12,11,20,24,35,27,30,26,27,22,29,
嘉義,2024/05/22 00:00:00,PM2.5,11,8,8,16,17,13,28,34,31,20,21,18,17,15,7,18,12,20,13,22,16,11,16,12,
嘉義,2024/05/22 00:00:00,RAINFALL,0,0,0,0,0,0,0,0,0,0,0,0,1.5,2.5,0,0,0,0,0,0,0,0,0,0,
嘉義,2024/05/22 00:00:00,RH,85,84,85,86,88,89,89,88,85,75,65,63,69,90,88,85,83,84,87,87,88,88,89,90,
嘉義,2024/05/22 00:00:00,SO2,1,0.8,0.8,1.1,4,1.3,1.3,1.3,2.6,2.1,1.7,1.5,1.4,0.9,0.8,0.9,1.2,1.3,1.3,1.2,2.2,0.9,0.9,0.9,
嘉義,2024/05/22 00:00:00,THC,2.01,2.01,2.18,2.16,2.25,2.3,2.3,2.16,2.06,2.05,2.03,1.95,1.92,1.89,1.9,1.93,1.95,2.03,2.03,2.13,2.11,2.12,2.19,2.15,
嘉義,2024/05/22 00:00:00,WD_HR,94,66,33,0,32,36,8,13,347,24,268,263,245,130,120,253,295,9,65,348,71,6,88,83,
嘉義,2024/05/22 00:00:00,WIND_DIREC,68,48,30,15,70,9,358,347,336,76,258,249,235,119,112,271,284,58,359,18,88,2,122,313,
嘉義,2024/05/22 00:00:00,WIND_SPEED,1.3,1.2,0.9,2.1,1.9,1.8,2.6,2.3,2.3,1.6,1.7,2.3,5.6,2.3,1.6,1.7,1.5,1.9,1.2,2,1.3,1.1,1.6,1.4,
嘉義,2024/05/22 00:00:00,WS_HR,1.4,1.3,1.1,1.4,1.6,1.6,2.1,2,2,1.1,0.7,1.8,3.5,1.1,1.7,0.9,1.8,0.6,1.4,1.9,1.5,0.9,0.9,0.6,
嘉義,2024/05/23 00:00:00,AMB_TEMP,26.6,26.4,25.9,25.9,25.3,25.3,25.6,26.1,27.6,29.4,30.1,31.2,32,32,30.6,29.5,28.9,28.7,28.7,28,27.7,27.5,27.4,26.9,
嘉義,2024/05/23 00:00:00,CH4,2.28,2.45,2.06,2.2,2.19,2.16,2.13,2.11,2.13,1.99,1.91,1.91,1.91,2,1.93,1.91,1.92,1.97,2.01,2.06,2.04,2.01,2,2.01,
嘉義,2024/05/23 00:00:00,CO,0.34,0.38,0.24,0.3,0.21,0.16,0.2,0.25,0.27,0.19,0.17,0.21,0.2,0.25,0.18,0.2,0.25,0.25,0.3,0.32,0.31,0.3,0.25,0.21,
嘉義,2024/05/23 00:00:00,NMHC,0.19,0.19,0.08,0.14,0.08,0.03,0.04,0.03,0.05,0.02,0.02,0.02,0.01,0.03,0.01,0.02,0.05,0.05,0.08,0.08,0.1,0.1,0.06,0.03,
嘉義,2024/05/23 00:00:00,NO,1.4,4.3,1.9,0.5,1.2,0.9,2.2,3.3,3.5,1.8,0.6,0.4,0,0,0.1,0.1,0.2,0.1,0,0,0,0,0,0,
嘉義,2024/05/23 00:00:00,NO2,16.5,18,11.7,14.1,12.5,7.2,7,7.8,8.4,6.4,5,5.4,4.4,5.9,5,5.7,7.2,8.8,10.2,12.8,13.1,12.7,9.8,7.1,
嘉義,2024/05/23 00:00:00,NOx,18,22.4,13.6,14.7,13.7,8.1,9.3,11.1,11.9,8.2,5.6,5.8,4.4,5.9,5.2,5.9,7.5,9,10.3,12.8,13.1,12.7,9.8,7,
嘉義,2024/05/23 00:00:00,O3,1.8,0.2,3.4,1.2,0.3,2.2,4.1,9.1,14.4,26.9,36,48.2,60.2,72.6,42.9,38.4,39.7,28.8,33.6,32.9,23.9,15.7,13.1,9.7,
嘉義,2024/05/23 00:00:00,PM10,26,45,29,32,31,29,24,30,26,23,19,21,28,35,18,21,25,16,27,43,34,34,26,19,
嘉義,2024/05/23 00:00:00,PM2.5,14,21,13,18,13,9,9,15,16,11,11,9,17,22,14,14,13,9,16,24,21,17,11,9,
嘉義,2024/05/23 00:00:00,RAINFALL,0,0,0,0,0,0,0,0,0,0,0,0,0,0,0,0,0,0,0,0,0,0,0,0,
嘉義,2024/05/23 00:00:00,RH,90,91,91,91,92,90,90,90,87,78,70,65,62,64,68,73,79,77,79,85,87,86,86,86,
嘉義,2024/05/23 00:00:00,SO2,1.2,3.8,1.8,1.4,2,1.1,1.5,1.8,1.6,1.9,2,2.3,1.9,2.1,1.8,1.7,2,1.3,1.5,1.9,1.7,1.9,1.3,0.9,
嘉義,2024/05/23 00:00:00,THC,2.47,2.64,2.14,2.34,2.27,2.19,2.17,2.14,2.18,2.01,1.93,1.93,1.92,2.03,1.94,1.93,1.97,2.02,2.09,2.14,2.14,2.11,2.06,2.04,
嘉義,2024/05/23 00:00:00,WD_HR,57,38,62,1,151,110,140,234,239,234,245,240,254,292,308,320,342,109,38,358,62,65,113,200,
嘉義,2024/05/23 00:00:00,WIND_DIREC,107,59,0,15,111,114,221,228,236,242,244,242,271,306,315,325,1,127,6,34,59,91,135,227,
嘉義,2024/05/23 00:00:00,WIND_SPEED,0.8,1.6,1.3,1,1.3,1.1,1.6,1.8,2,2.8,3,2.2,2.9,3.6,4.4,2.5,1.8,1.2,2.1,1.7,1.1,1.1,1.1,1.1,
嘉義,2024/05/23 00:00:00,WS_HR,0.5,0.9,1.2,0.9,0.4,1,0.5,1.7,2,1.8,2.4,2.2,2.1,2.6,3.5,2.5,1,1.3,1.5,2.3,1,0.8,1,0.7,
嘉義,2024/05/24 00:00:00,AMB_TEMP,26.7,26.4,26.5,26.4,26.2,26.2,26.1,26.6,27.1,27.5,28.4,29.9,30.9,31.4,30.2,29.5,28.4,27.7,27.2,27.2,27.3,27,26.7,26.4,
嘉義,2024/05/24 00:00:00,CH4,2.07,2.09,2.25,2.36,2.41,2.28,2.13,2.13,2.19,2.07,2.13,2.04,1.97,1.98,1.98,2.01,2.07,2.03,1.99,1.98,2,2.04,2.16,2.18,
嘉義,2024/05/24 00:00:00,CO,0.21,0.17,0.21,0.28,0.29,0.28,0.25,0.37,0.43,0.36,0.37,0.33,0.24,0.24,0.25,0.32,0.32,0.31,0.31,0.32,0.5,0.53,0.46,0.36,
嘉義,2024/05/24 00:00:00,NMHC,0.05,0.06,0.1,0.15,0.14,0.15,0.08,0.13,0.19,0.15,0.15,0.14,0.08,0.05,0.05,0.07,0.07,0.06,0.08,0.09,0.18,0.18,0.17,0.19,
嘉義,2024/05/24 00:00:00,NO,0,0.7,1,2,1.6,2.1,3.3,3.6,6,6.1,6.3,4,2,1.4,1.2,1.4,1.8,1.9,1.1,1,1.4,2,1.2,1.2,
嘉義,2024/05/24 00:00:00,NO2,8.9,7.1,7.6,13,14.6,14.5,10.6,10.6,14.8,12.9,12.4,11.5,7.2,6.4,7.3,10.1,11.1,11.2,12.4,12.5,18.1,23.1,20.4,14.5,
嘉義,2024/05/24 00:00:00,NOx,8.8,7.9,8.7,15,16.3,16.6,13.9,14.2,20.9,19,18.7,15.5,9.3,7.9,8.5,11.5,13,13.1,13.6,13.6,19.6,25.2,21.7,15.8,
嘉義,2024/05/24 00:00:00,O3,6.7,7.5,6.7,3.3,3.7,2.4,2.7,6.7,7.8,12.8,20.1,39.4,49.8,58.2,51.8,43.3,30.3,26.6,25.1,23.9,15.2,9.1,8.7,8.4,
嘉義,2024/05/24 00:00:00,PM10,21,21,28,34,41,36,33,36,37,31,42,33,21,30,28,33,33,21,14,25,29,31,33,38,
嘉義,2024/05/24 00:00:00,PM2.5,9,8,16,22,19,17,14,19,23,12,23,20,13,15,16,18,22,9,12,16,18,22,20,22,
嘉義,2024/05/24 00:00:00,RAINFALL,0,0,0,0,0,0,0,0,0,0,0,0,0,0,0,0,0,0,0,0,0,0,0,0,
嘉義,2024/05/24 00:00:00,RH,87,88,88,88,90,89,89,87,86,85,84,72,66,64,72,79,87,87,87,87,87,89,90,91,
嘉義,2024/05/24 00:00:00,SO2,1,1,1.1,4.9,4,1.7,1.4,1.5,2.7,4.3,2.5,2.5,1.6,1.9,1.6,1.5,1.7,1.7,1.7,1.5,1.5,3.8,3.3,1.2,
嘉義,2024/05/24 00:00:00,THC,2.12,2.15,2.35,2.51,2.55,2.43,2.21,2.26,2.38,2.22,2.28,2.18,2.05,2.03,2.03,2.08,2.14,2.09,2.07,2.07,2.18,2.22,2.33,2.37,
嘉義,2024/05/24 00:00:00,WD_HR,122,103,17,351,88,56,104,51,38,1,3,19,4,335,325,346,350,2,53,77,329,29,68,95,
嘉義,2024/05/24 00:00:00,WIND_DIREC,105,119,92,337,96,107,87,30,358,3,4,41,356,336,349,357,354,15,56,322,13,47,95,67,
嘉義,2024/05/24 00:00:00,WIND_SPEED,1.5,0.9,1,1.2,1.1,1.3,1.1,1.5,2.3,2.8,2.7,2,1.9,2.4,2.9,3.2,2.1,3,2,1.1,1.2,1,1.7,0.6,
嘉義,2024/05/24 00:00:00,WS_HR,0.7,0.9,0.5,0.7,1,0.6,1.1,0.6,1.6,2.2,2.5,1.9,1.3,1.2,2.5,2.3,2.9,2.8,2,0.9,1,1.2,1.6,0.8,
嘉義,2024/05/25 00:00:00,AMB_TEMP,26.1,25.7,25.5,26.1,25.7,25.7,26.1,26.6,27.3,28.5,29.6,31.6,32.6,33,33.2,31.6,31.2,30.5,29.8,29.2,28.5,28.3,28.2,28,
嘉義,2024/05/25 00:00:00,CH4,2.14,2.11,2.01,2.17,2.13,1.97,2.02,2.11,2.09,2.11,2.12,2.04,1.99,1.98,1.99,2.01,1.97,1.99,2.04,2.06,2.18,2.13,2.14,2.2,
嘉義,2024/05/25 00:00:00,CO,0.36,0.23,0.16,0.27,0.25,0.17,0.23,0.33,0.36,0.32,0.31,0.28,0.25,0.25,0.28,0.26,0.25,0.3,0.36,0.36,0.36,0.39,0.37,0.35,
嘉義,2024/05/25 00:00:00,NMHC,0.17,0.13,0.04,0.11,0.11,0.06,0.07,0.12,0.11,0.1,0.09,0.07,0.04,0.04,0.04,0.04,0.03,0.06,0.07,0.07,0.08,0.1,0.08,0.09,
嘉義,2024/05/25 00:00:00,NO,1.1,0.3,0.3,1.2,1.5,0.6,1.3,4.8,5.7,5.5,4.1,1.7,0.7,0.6,0.7,0.8,0.6,0.7,0.5,0.5,0.5,0.4,0.4,0.4,
嘉義,2024/05/25 00:00:00,NO2,12.9,10.7,5,9.4,11,6.6,6.5,10.6,9.6,10.8,10.5,8.2,6.2,5.6,5.7,6,6.1,7.8,11.1,14.5,13.3,14.9,14.1,12.7,
嘉義,2024/05/25 00:00:00,NOx,14,11,5.3,10.6,12.6,7.2,7.8,15.4,15.4,16.3,14.7,9.9,7,6.2,6.4,6.8,6.7,8.6,11.6,15,13.9,15.4,14.6,13.2,
嘉義,2024/05/25 00:00:00,O3,7.5,5.1,10,6.3,3.6,8.6,7.2,7,9.7,16.9,30.3,47.4,58.2,63.2,68,57.9,47.8,41.4,36.5,29.7,25.5,21.4,19.4,16.1,
嘉義,2024/05/25 00:00:00,PM10,33,26,24,27,33,19,28,32,32,27,30,26,20,21,30,31,26,21,29,34,46,42,47,48,
嘉義,2024/05/25 00:00:00,PM2.5,21,15,8,16,15,11,11,15,15,9,24,16,12,13,16,17,11,13,17,22,23,26,25,30,
嘉義,2024/05/25 00:00:00,RAINFALL,0,0,0,0,0,0,0,0,0,0,0,0,0,0,0,0,0,0,0,0,0,0,0,0,
嘉義,2024/05/25 00:00:00,RH,92,92,90,89,90,88,87,86,84,76,70,59,53,52,53,63,60,63,69,71,81,82,82,86,
嘉義,2024/05/25 00:00:00,SO2,1.1,0.8,0.5,6.7,5.7,1.5,0.9,7.1,5,2.4,2,1.9,1.6,2.2,2.3,2.2,1.8,1.9,2,2.9,2.6,2.9,2.6,2.3,
嘉義,2024/05/25 00:00:00,THC,2.31,2.24,2.05,2.28,2.24,2.03,2.09,2.23,2.2,2.21,2.21,2.11,2.03,2.02,2.03,2.05,2,2.05,2.11,2.13,2.26,2.23,2.22,2.29,
嘉義,2024/05/25 00:00:00,WD_HR,216,113,61,5,68,98,262,356,356,340,354,40,357,355,5,347,354,351,343,335,359,95,243,223,
嘉義,2024/05/25 00:00:00,WIND_DIREC,200,101,14,45,62,119,336,345,342,322,22,57,321,3,351,354,332,351,353,333,64,110,231,351,
嘉義,2024/05/25 00:00:00,WIND_SPEED,1,2,0.9,1.9,1.7,0.7,1.1,1.9,2.1,2.3,2.8,2.1,2.5,3.2,4.3,3,2.6,2.2,1.5,2.9,1.6,1.1,1,0.7,
嘉義,2024/05/25 00:00:00,WS_HR,0.8,0.8,0.5,0.9,1.4,1,0.4,1.6,1,1.3,1.8,1.7,2,2.9,2.8,3.3,2.4,2.3,1.7,1.9,1.7,1.1,0.9,0.6,
嘉義,2024/05/26 00:00:00,AMB_TEMP,28.1,27.6,27.6,27.6,27.1,26.9,27,27.3,27.7,27.2,26.6,26.6,27.1,27,26.8,26.8,27.1,27.3,27,26.7,26.4,25.6,26,26.1,
嘉義,2024/05/26 00:00:00,CH4,2.35,2.22,2.1,2.14,2.2,2.28,2.33,2.28,2.3,2.17,2.11,2.04,2.02,2.06,2.05,2.04,2.11,2.08,2.13,2.15,2.1,1.95,1.96,2.1,
嘉義,2024/05/26 00:00:00,CO,0.45,0.41,0.38,0.38,0.28,0.28,0.29,0.28,0.35,0.31,0.3,0.25,0.37,0.36,0.32,0.33,0.34,0.38,0.4,0.4,0.35,0.18,0.2,0.34,
嘉義,2024/05/26 00:00:00,NMHC,0.15,0.12,0.09,0.11,0.08,0.06,0.06,0.05,0.08,0.07,0.06,0.03,0.07,0.09,0.08,0.1,0.07,0.09,0.1,0.11,0.08,0.03,0.05,0.22,
嘉義,2024/05/26 00:00:00,NO,0.6,0.2,0,0.2,0.5,0.3,1,1,1.3,0.7,0.8,1,0.9,0.7,1,1,0.7,0.6,0.5,0.5,0.4,0.3,0.4,1.2,
嘉義,2024/05/26 00:00:00,NO2,17.1,15.4,12.3,12.3,11.5,9.4,9.1,8.4,9.6,9.7,8.6,7.8,8,9.4,8.8,11.2,10.5,10.8,13.1,13.1,12.1,6.5,6,10.2,
嘉義,2024/05/26 00:00:00,NOx,17.8,15.6,12.3,12.5,12.1,9.7,10.1,9.4,10.9,10.5,9.4,8.8,8.9,10.2,9.9,12.2,11.2,11.5,13.7,13.6,12.5,6.9,6.5,11.5,
嘉義,2024/05/26 00:00:00,O3,8.2,10.5,13,9.9,4.7,9.7,8.8,13.3,18.2,20.6,24.3,27,26.5,28.5,28.6,28.6,28.3,28.3,20.2,12.1,8.2,6.3,5.5,1.7,
嘉義,2024/05/26 00:00:00,PM10,51,65,43,39,26,50,40,33,44,39,36,23,18,33,26,25,33,28,34,40,40,29,23,27,
嘉義,2024/05/26 00:00:00,PM2.5,28,27,21,24,15,17,19,23,27,27,29,13,15,19,22,22,21,22,26,24,22,7,8,11,
嘉義,2024/05/26 00:00:00,RAINFALL,0,0,0,0,0,0,0,0,0,1,0,0.5,0,0.5,0,0,0,0,0,0,0,0,0,0,
嘉義,2024/05/26 00:00:00,RH,86,88,87,87,89,89,89,88,88,90,91,88,88,90,91,90,90,88,90,92,93,89,86,87,
嘉義,2024/05/26 00:00:00,SO2,2.7,2.8,2,1.6,1.2,1.3,1.5,1.5,2.1,2,2.1,1.6,1.4,1.4,1.3,1.5,2.9,1.7,4.3,6.3,1.7,1,0.9,1,
嘉義,2024/05/26 00:00:00,THC,2.5,2.34,2.19,2.25,2.28,2.34,2.39,2.33,2.38,2.24,2.17,2.07,2.09,2.15,2.13,2.14,2.18,2.17,2.23,2.26,2.18,1.98,2.01,2.32,
嘉義,2024/05/26 00:00:00,WD_HR,40,48,63,140,188,187,213,250,247,122,263,319,93,207,272,342,60,0,238,165,111,112,105,117,
嘉義,2024/05/26 00:00:00,WIND_DIREC,67,58,23,150,153,209,225,271,83,206,317,24,88,234,318,59,53,238,236,117,111,134,274,125,
嘉義,2024/05/26 00:00:00,WIND_SPEED,1.5,1.8,0.7,0.8,0.7,0.9,1.6,0.9,0.7,1.1,2.3,0.7,1.1,1.6,2.3,2.1,1.6,1.7,1.5,1.5,1.7,1.2,0.7,1,
嘉義,2024/05/26 00:00:00,WS_HR,1.1,1.5,0.8,0.4,0.5,0.6,0.4,0,0.7,1,1.5,0.9,0.8,0.6,1.4,1.6,1.7,0.4,1.4,0.5,1.5,1.3,0.7,0.6,
嘉義,2024/05/27 00:00:00,AMB_TEMP,25.5,25.3,25.5,25.5,25.7,25.9,26.4,27.8,28.5,27.5,26.2,26.7,28.3,30.8,31.3,31.3,30.3,29.7,29,28.4,28.4,27.9,27.5,27.6,
嘉義,2024/05/27 00:00:00,CH4,2.08,2.05,2.06,2.11,2.1,2.14,2.18,2.02,1.95,1.92,1.9,1.9,1.87,1.85,1.86,1.87,1.86,1.9,1.91,1.89,1.91,1.96,1.98,1.99,
嘉義,2024/05/27 00:00:00,CO,0.24,0.11,0.1,0.12,0.13,0.15,0.23,0.19,0.28,0.24,0.13,0.16,0.11,0.1,0.11,0.12,0.15,0.24,0.17,0.17,0.16,0.17,0.17,0.12,
嘉義,2024/05/27 00:00:00,NMHC,0.09,0.02,0,0.02,0.01,0.05,0.08,0.02,0.07,0.07,0.01,0.04,0.02,0,0,0.02,0.03,0.09,0.02,0.01,0.01,0.02,0.03,0.01,
嘉義,2024/05/27 00:00:00,NO,2.6,0.8,0.9,0.8,0.7,0.9,3.3,4.2,3.8,3.9,2,2.1,2,1.2,1,1.1,1.4,1.4,1.3,1.1,0.8,1,1,0.9,
嘉義,2024/05/27 00:00:00,NO2,9.6,5,3.9,4.5,4.9,5.6,7.5,6.2,7.1,8.7,5.5,5.2,3.8,2.1,2.3,3,4,7.7,6.5,5.5,4.5,5.4,6.1,3.5,
嘉義,2024/05/27 00:00:00,NOx,12.2,5.8,4.8,5.3,5.6,6.6,10.8,10.5,10.9,12.7,7.5,7.3,5.8,3.4,3.4,4.1,5.4,9.1,7.8,6.7,5.3,6.4,7.1,4.5,
嘉義,2024/05/27 00:00:00,O3,2.3,6.3,7.6,8.3,9.1,5.3,4.9,8.9,11.9,11.3,14.5,16.8,19.7,26.8,28.3,24.6,26.4,20.7,19,19.1,18.4,13.5,12.4,13.3,
嘉義,2024/05/27 00:00:00,PM10,24,25,29,21,18,26,27,16,11,11,6,10,12,#,6,10,10,17,15,9,16,17,12,14,
嘉義,2024/05/27 00:00:00,PM2.5,7,6,5,4,6,8,9,5,3,7,4,1,4,#,0,1,2,6,5,3,7,7,5,4,
嘉義,2024/05/27 00:00:00,RAINFALL,0,0,0,0,0,0,0,0,0.5,4,18.5,0,0,0,0,0,0,0,0,0,0,0,0,0,
嘉義,2024/05/27 00:00:00,RH,88,86,86,87,87,87,87,85,83,89,93,93,89,68,63,62,67,77,86,87,86,88,88,87,
嘉義,2024/05/27 00:00:00,SO2,1.1,1,1,1.1,1.3,1.3,1.1,1.1,1.2,1.2,0.8,1,1,1,1.1,1.1,1.2,1,1.1,1.1,1.1,1.4,1.7,1,
嘉義,2024/05/27 00:00:00,THC,2.17,2.07,2.06,2.13,2.11,2.19,2.26,2.04,2.02,1.99,1.91,1.94,1.89,1.85,1.86,1.89,1.89,1.99,1.93,1.9,1.92,1.98,2.01,2,
嘉義,2024/05/27 00:00:00,WD_HR,118,115,124,129,132,118,137,224,232,319,262,124,98,162,223,221,228,227,223,223,224,138,229,200,
嘉義,2024/05/27 00:00:00,WIND_DIREC,108,116,127,184,127,130,231,212,291,296,227,117,97,233,209,223,230,229,222,227,224,239,210,220,
嘉義,2024/05/27 00:00:00,WIND_SPEED,1.5,1.4,1.1,0.8,0.9,0.8,1.1,2.1,1.7,4.2,1.1,1.9,2.6,2.3,1.7,3.8,2.4,2.9,2.5,2.6,1,1,2.1,2.1,
嘉義,2024/05/27 00:00:00,WS_HR,1,1.1,0.8,0.8,0.7,0.7,0.4,2.2,1.6,2.4,1,0.9,2.5,0.8,1.6,2.6,2.3,2.2,2.5,2.2,1,0.3,2.1,1.5,
嘉義,2024/05/28 00:00:00,AMB_TEMP,27.2,27.5,28,28.1,27.5,26.2,25.2,24.9,25.2,25,25.4,26.3,27.9,28.9,28.1,27.8,27.8,27.3,26.5,24.6,24.1,24.1,23.8,23.8,
嘉義,2024/05/28 00:00:00,CH4,1.98,1.96,1.91,1.91,1.94,1.95,1.91,1.9,1.9,1.91,1.95,1.99,1.93,1.92,1.99,2.03,2.02,2.02,2.04,2.04,2.03,2.06,2.13,2.14,
嘉義,2024/05/28 00:00:00,CO,0.11,0.11,0.1,0.09,0.09,0.11,0.11,0.19,0.23,0.17,0.17,0.16,0.18,0.19,0.26,0.33,0.39,0.39,0.37,0.35,0.33,0.36,0.35,0.3,
嘉義,2024/05/28 00:00:00,NMHC,0,0,0,0,0,0,0,0.03,0.05,0.04,0.02,0.01,0.02,0.01,0.04,0.05,0.08,0.1,0.11,0.09,0.08,0.1,0.11,0.1,
嘉義,2024/05/28 00:00:00,NO,0.8,1,1.1,1,0.7,0.8,0.9,1.2,1.8,1.3,1.6,2,2.1,1.4,1.2,1.4,1.2,0.9,1,0.9,0.9,1,1,0.9,
嘉義,2024/05/28 00:00:00,NO2,3.4,3.2,2.1,2.1,2.3,3.2,2.6,4.2,6.7,6.6,5.1,3.6,4,4.4,5.8,8.4,11,12.2,13.3,11.9,11.2,14.1,14.2,12.3,
嘉義,2024/05/28 00:00:00,NOx,4.2,4.3,3.2,3.1,3,4,3.5,5.5,8.5,7.9,6.7,5.7,6.1,5.8,7.1,9.8,12.2,13.1,14.3,12.9,12.1,15.2,15.3,13.2,
嘉義,2024/05/28 00:00:00,O3,12.1,13.2,15.4,15.3,15.1,13.9,14.7,12.3,12.5,18.1,20.9,25.4,33.5,38.3,40.2,57,61.5,56.1,46.8,44.8,41.4,31.2,26.3,23.9,
嘉義,2024/05/28 00:00:00,PM10,17,12,14,9,15,20,10,8,7,5,3,4,4,5,19,40,52,38,41,29,39,37,38,30,
嘉義,2024/05/28 00:00:00,PM2.5,2,4,6,5,5,4,5,4,4,4,5,7,3,5,12,21,17,19,17,12,11,16,15,13,
嘉義,2024/05/28 00:00:00,RAINFALL,0,0,0,0,1.5,22,5.5,13.5,14,36.5,4,0,0,0,0,0,0,0,0,0.5,0,1,0,0,
嘉義,2024/05/28 00:00:00,RH,87,86,83,80,84,91,93,93,94,96,99,99,99,100,100,99,94,91,93,99,100,100,100,100,
嘉義,2024/05/28 00:00:00,SO2,0.9,1,0.9,0.9,0.9,0.8,0.8,0.8,0.8,0.7,0.9,1.2,1.2,1.1,1.4,1.9,2.6,2.7,1.8,1.2,1.1,1.2,2.9,2.3,
嘉義,2024/05/28 00:00:00,THC,1.97,1.95,1.89,1.9,1.93,1.95,1.91,1.93,1.95,1.95,1.97,2,1.95,1.93,2.03,2.08,2.1,2.12,2.15,2.13,2.11,2.16,2.24,2.24,
嘉義,2024/05/28 00:00:00,WD_HR,216,209,218,225,217,226,112,120,80,128,121,226,305,298,310,348,353,9,316,343,3,354,344,15,
嘉義,2024/05/28 00:00:00,WIND_DIREC,211,211,227,220,182,170,101,170,44,166,127,289,356,274,322,353,10,18,322,359,47,8,333,21,
嘉義,2024/05/28 00:00:00,WIND_SPEED,2.2,2.4,2.5,2,1.8,2.5,2.1,1.7,1.6,1.8,2,1.1,3.1,2.4,2.8,3.9,4,1.8,2.9,2,1.4,1.7,1.5,1.1,
嘉義,2024/05/28 00:00:00,WS_HR,2.1,1.8,1.9,2.1,1.7,1.6,2,1.7,1.3,1.5,1.4,0.5,1.9,2,2.5,3,3.6,2.6,2,2,1.5,1.3,1.2,0.8,
嘉義,2024/05/29 00:00:00,AMB_TEMP,24,23.6,23.3,23.6,23.8,23.9,24,23.9,24.1,25.7,28.7,30,30.4,31,31.3,30.5,29.7,28.9,28.5,27.9,27.4,27.1,26.4,26.4,
嘉義,2024/05/29 00:00:00,CH4,2.14,2.19,2.17,2.22,2.19,2.19,2.29,2.31,2.3,2.25,2.03,2.06,2.04,2,1.99,1.98,1.96,2,2.02,2.06,2.1,2.15,2.16,2.17,
嘉義,2024/05/29 00:00:00,CO,0.32,0.26,0.22,0.25,0.27,0.28,0.34,0.44,0.48,0.4,0.27,0.3,0.3,0.26,0.28,0.23,0.23,0.3,0.37,0.36,0.38,0.37,0.32,0.36,
嘉義,2024/05/29 00:00:00,NMHC,0.14,0.1,0.06,0.11,0.16,0.16,0.14,0.17,0.17,0.17,0.11,0.08,0.07,0.03,0.03,0.02,0.04,0.06,0.11,0.09,0.13,0.12,0.06,0.1,
嘉義,2024/05/29 00:00:00,NO,0.9,0.5,0.4,0.3,0.4,0.5,1,4.6,11.2,9,3.5,2.1,1,0.7,0.5,0.6,0.5,0.6,0.5,0.3,0.4,0.5,0.3,0.3,
嘉義,2024/05/29 00:00:00,NO2,12.1,12.1,9.7,11.2,13.4,11.4,9.4,12.7,17.1,13.5,8.6,9,8.6,5.6,4.8,5.4,5.4,7.9,11.9,13,11.4,13.7,11.2,12.1,
嘉義,2024/05/29 00:00:00,NOx,13.1,12.7,10.1,11.5,13.8,11.9,10.4,17.4,28.3,22.5,12.2,11.1,9.6,6.3,5.3,6,5.9,8.6,12.4,13.3,11.9,14.3,11.5,12.5,
嘉義,2024/05/29 00:00:00,O3,20.8,21.2,22.3,16.4,13.3,14.8,11.2,8.5,8.4,17.2,38.9,48.4,61.2,65.4,64.7,71.2,62.5,60.2,54.8,51.3,46.1,36.6,35.5,31.4,
嘉義,2024/05/29 00:00:00,PM10,39,34,31,43,55,55,36,35,43,34,21,30,33,25,27,36,27,44,49,53,63,64,66,79,
嘉義,2024/05/29 00:00:00,PM2.5,14,13,12,20,28,29,22,26,25,18,12,16,23,15,16,13,11,10,17,21,18,22,20,25,
嘉義,2024/05/29 00:00:00,RAINFALL,0,0,0,0,0,0,3,0,0,0,0,0,0,0,0,0,0,0,0,0,0,0,0,0,
嘉義,2024/05/29 00:00:00,RH,100,100,100,100,100,100,100,100,100,100,94,79,77,73,71,71,71,73,75,78,83,87,90,90,
嘉義,2024/05/29 00:00:00,SO2,2.2,2.7,2.1,2.7,2,1.8,1.3,1.7,2.1,2,1.5,1.9,1.9,1.7,1.9,2.3,1.7,1.9,2.3,2.3,2.1,2.7,3.2,3.8,
嘉義,2024/05/29 00:00:00,THC,2.28,2.29,2.23,2.33,2.35,2.35,2.43,2.48,2.47,2.42,2.14,2.14,2.11,2.03,2.02,2,2,2.06,2.13,2.15,2.23,2.27,2.22,2.27,
嘉義,2024/05/29 00:00:00,WD_HR,46,345,355,13,26,67,53,315,23,38,3,346,328,319,334,333,341,332,353,349,25,343,358,42,
嘉義,2024/05/29 00:00:00,WIND_DIREC,348,349,355,33,352,76,7,330,54,3,356,346,320,311,331,346,336,333,353,354,358,352,3,259,
嘉義,2024/05/29 00:00:00,WIND_SPEED,1.6,2.5,1.8,1.4,1.8,1.1,0.7,2.1,2.8,2.3,3,2.8,2.8,3.3,3.3,4.6,3,2,2.5,2,1.1,2.5,2.2,1.3,
嘉義,2024/05/29 00:00:00,WS_HR,1.1,1.7,2,1.1,1.1,1.1,0.7,1.3,1.6,2.1,2.3,2.7,2.3,2.5,3.1,3.9,3.1,2.1,1.9,2,1.3,2.3,2.3,0.8,
嘉義,2024/05/30 00:00:00,AMB_TEMP,25.8,25.6,25.5,25.6,25.7,25.8,26.6,27.8,29.2,30.3,31.6,32.8,33.5,32.1,30,29.9,30.3,30.8,30.3,29.7,29.1,28.8,28.8,28.6,
嘉義,2024/05/30 00:00:00,CH4,2.18,2.19,2.25,2.32,2.31,2.23,2.25,2.25,2.12,2.08,2.04,1.96,1.93,1.89,1.84,1.85,1.85,1.85,1.87,1.89,1.89,1.9,1.91,1.98,
嘉義,2024/05/30 00:00:00,CO,0.37,0.28,0.29,0.32,0.37,0.39,0.45,0.5,0.39,0.32,0.27,0.21,0.24,0.2,0.11,0.13,0.15,0.18,0.19,0.15,0.15,0.14,0.16,0.17,
嘉義,2024/05/30 00:00:00,NMHC,0.1,0.07,0.07,0.11,0.13,0.12,0.14,0.2,0.1,0.07,0.05,0.03,0.05,0.05,0,0,0.01,0.03,0.02,0.01,0.01,0.01,0.03,0.04,
嘉義,2024/05/30 00:00:00,NO,0.2,0.9,0.9,1,0.8,0.9,2.2,4.5,3.3,1.8,1.2,1.1,0.9,1,1.2,1.3,1.3,1.2,0.8,0.7,1.1,1,0.8,1,
嘉義,2024/05/30 00:00:00,NO2,11.3,8.4,7.5,10.6,12.7,10.3,9.6,12.8,10.2,8.2,5.5,4.5,4.7,4.5,3.4,3.6,4,4.4,4.9,4.2,3.9,4.9,5.1,6.1,
嘉義,2024/05/30 00:00:00,NOx,11.6,9.4,8.4,11.6,13.6,11.3,11.8,17.4,13.6,10,6.7,5.7,5.6,5.6,4.6,5,5.3,5.7,5.7,4.9,5,5.9,5.9,7.2,
嘉義,2024/05/30 00:00:00,O3,26.6,25.6,24.4,15.6,11.7,15.6,17.8,24.2,42.9,54.9,62.2,62.1,78.1,65,32.1,30.3,30.8,36.6,33.4,28.6,25.2,21.2,19.3,14.6,
嘉義,2024/05/30 00:00:00,PM10,71,61,66,66,79,75,72,78,63,49,39,27,20,23,24,8,13,15,17,13,11,15,11,15,
嘉義,2024/05/30 00:00:00,PM2.5,21,23,19,24,26,26,28,33,23,21,18,15,11,10,3,0,4,4,4,5,5,6,5,4,
嘉義,2024/05/30 00:00:00,RAINFALL,0,0,0,0,0,0,0,0,0,0,0,0,0,0,0,0,0,0,0,0,0,0,0,0,
嘉義,2024/05/30 00:00:00,RH,93,94,95,94,94,94,92,89,80,73,70,66,62,68,75,78,75,74,77,80,84,88,86,86,
嘉義,2024/05/30 00:00:00,SO2,3.1,2.4,2.2,2.4,2.8,2.1,1.9,2.3,2.3,2.3,2.2,2.1,2.5,2.2,1.6,1.3,1.4,1.4,1.3,1.3,1.1,1.4,1.4,1.5,
嘉義,2024/05/30 00:00:00,THC,2.28,2.26,2.32,2.43,2.44,2.35,2.39,2.45,2.22,2.15,2.09,1.99,1.98,1.94,1.84,1.85,1.86,1.88,1.89,1.9,1.9,1.91,1.94,2.02,
嘉義,2024/05/30 00:00:00,WD_HR,233,184,305,2,52,72,358,357,336,261,248,236,235,234,204,197,216,222,227,224,224,149,188,146,
嘉義,2024/05/30 00:00:00,WIND_DIREC,221,203,347,8,85,353,357,350,317,233,264,244,233,228,192,210,217,231,227,223,218,113,202,124,
嘉義,2024/05/30 00:00:00,WIND_SPEED,1.3,1.1,2.2,2.5,1.4,0.8,1.4,2.5,2.3,3,2.8,3.1,4.3,4.5,3.1,2.4,3.2,2,2.6,3.2,1.6,1.1,0.8,1.1,
嘉義,2024/05/30 00:00:00,WS_HR,1.4,0.8,0.9,2.4,1.5,0.4,1.3,1.8,1.9,1.7,2.3,3.2,3.3,4.3,3.1,2,2.5,1.8,2.4,2.7,2.2,0.7,0.6,0.4,
嘉義,2024/05/31 00:00:00,AMB_TEMP,28.3,28.1,27.9,28.5,28.4,28.8,28.7,29.9,32.2,33.3,32.8,29.2,31.7,32.1,33,33.3,33,32.5,31.8,31,30.4,30,28.9,29.1,
嘉義,2024/05/31 00:00:00,CH4,1.99,1.93,1.87,1.87,1.88,1.89,1.94,1.95,1.87,1.85,1.85,1.87,1.88,1.85,1.85,1.86,1.85,1.86,1.89,1.96,1.97,1.97,1.94,2.05,
嘉義,2024/05/31 00:00:00,CO,0.14,0.09,0.08,0.07,0.08,0.1,0.16,0.26,0.18,0.12,0.13,0.15,0.16,0.13,0.12,0.12,0.13,0.17,0.21,0.25,0.2,0.21,0.13,0.18,
嘉義,2024/05/31 00:00:00,NMHC,0.02,0,0,0,0,0,0.01,0.04,0.02,0.01,0.02,0,0,0.01,0.01,0,0.01,0.01,0.05,0.07,0.04,0.06,0,0.04,
嘉義,2024/05/31 00:00:00,NO,1.2,0.7,0.5,0.7,0.5,0.7,1.2,2.5,2.2,1.8,1.2,1.2,1,1.1,1,1,1.2,1.2,1,0.8,0.8,1,0.7,0.9,
嘉義,2024/05/31 00:00:00,NO2,5.7,2.2,1.1,0.9,0.8,1.9,4.6,6,3.8,2.8,2,2.8,3.1,3,2.5,2.7,4,4.8,6.3,8.2,7.5,7.5,6.4,7.8,
嘉義,2024/05/31 00:00:00,NOx,6.9,2.9,1.7,1.6,1.4,2.6,5.8,8.5,6.1,4.6,3.2,4.1,4.1,4.1,3.5,3.7,5.2,6.1,7.3,9.1,8.3,8.5,7.1,8.8,
嘉義,2024/05/31 00:00:00,O3,13.8,20.4,21.9,25.3,22.3,22.5,19.7,20.8,27.7,26.3,31.3,35.9,45.7,44.6,43.2,42.5,39.1,31.8,25.3,16.9,20,14.9,15,9.3,
嘉義,2024/05/31 00:00:00,PM10,18,13,7,6,4,3,11,16,11,11,16,8,11,11,8,8,7,4,17,22,19,18,16,21,
嘉義,2024/05/31 00:00:00,PM2.5,4,3,2,1,0,0,2,3,2,1,*,9,5,7,5,1,0,3,5,12,7,3,3,5,
嘉義,2024/05/31 00:00:00,RAINFALL,0,0,0,0,0,0,0,0,0,0,0,2,0,0.5,0,0,0,0,0,0,0,0,0,0,
嘉義,2024/05/31 00:00:00,RH,88,88,89,79,78,74,75,70,59,55,59,87,78,70,61,60,59,61,66,71,74,75,84,83,
嘉義,2024/05/31 00:00:00,SO2,1.3,1.1,0.8,1.1,0.9,1,1.1,1.2,1.1,1.1,1.1,1.1,1,1.1,1.1,1.1,1.3,1,1.2,1.1,1,1.1,1,1.1,
嘉義,2024/05/31 00:00:00,THC,2.01,1.93,1.84,1.84,1.86,1.89,1.95,1.99,1.89,1.86,1.87,1.87,1.88,1.86,1.86,1.86,1.86,1.87,1.94,2.03,2.01,2.03,1.94,2.09,
嘉義,2024/05/31 00:00:00,WD_HR,150,218,200,159,130,162,223,209,219,214,227,231,207,221,197,163,209,222,228,223,230,254,232,180,
嘉義,2024/05/31 00:00:00,WIND_DIREC,180,211,180,132,136,209,228,226,211,213,247,218,215,208,195,187,224,219,227,227,235,267,209,232,
嘉義,2024/05/31 00:00:00,WIND_SPEED,1.3,2.5,2.4,1.3,1.3,1.1,1.6,1.9,2.6,3.7,4.3,2.8,2,3.1,1.9,1.6,2.7,2.1,2.5,1.4,2.1,2.3,1.2,1.3,
嘉義,2024/05/31 00:00:00,WS_HR,0.8,2,1.9,1.3,1,0.6,1.5,0.7,2.4,2.6,3.7,3.4,1.8,2.8,1.7,1,1.6,2.1,2.3,1.1,2,1.7,1.4,0.5,
嘉義,2024/06/01 00:00:00,AMB_TEMP,29.1,28.9,28.5,28.2,28.4,28.6,29.1,31,32.2,33.1,33.6,33.2,32.6,31.9,31.3,31.1,30.9,30.7,30.3,29.8,29.6,29.4,29,28.5,
嘉義,2024/06/01 00:00:00,CH4,2.09,2.09,2.03,2.03,1.99,2.03,2,1.94,1.85,1.83,1.84,1.85,1.89,1.88,1.86,1.86,1.88,1.91,1.91,1.95,1.94,2,1.97,1.98,
嘉義,2024/06/01 00:00:00,CO,0.19,0.16,0.14,0.12,0.11,0.15,0.17,0.17,0.14,0.11,0.14,0.19,0.2,0.16,0.12,0.13,0.16,0.18,0.2,0.17,0.17,0.21,0.2,0.16,
嘉義,2024/06/01 00:00:00,NMHC,0.04,0.04,0.03,0.03,0.01,0.04,0.04,0.02,0.01,0.01,0.01,0.02,0.03,0.02,0.01,0,0.02,0.03,0.04,0.02,0.04,0.05,0.05,0.03,
嘉義,2024/06/01 00:00:00,NO,1,0.5,0.6,0.5,0.6,0.6,1.6,2.8,1.5,1.2,0.7,0.8,0.8,0.7,1.7,1.2,1.5,1.7,1.1,0.7,0.7,0.9,0.8,0.6,
嘉義,2024/06/01 00:00:00,NO2,8.7,7.8,6.1,5.2,4.1,4.9,5.8,4.7,2.9,1.8,1.8,2.4,4.4,5.5,4.2,4.5,5.5,6.2,7.2,6.4,6.4,8.6,8.8,5.9,
嘉義,2024/06/01 00:00:00,NOx,9.8,8.4,6.7,5.7,4.7,5.5,7.4,7.5,4.4,3.1,2.5,3.2,5.2,6.3,5.9,5.7,7,7.9,8.3,7.1,7.2,9.5,9.6,6.6,
嘉義,2024/06/01 00:00:00,O3,8.8,8.7,9.1,8.6,9.9,9.4,10,14.9,21.9,22.9,29.6,39.3,43.7,26.6,16.1,16.9,15.4,14,13.1,13.7,12.5,7.9,8.3,10.5,
嘉義,2024/06/01 00:00:00,PM10,24,20,25,17,18,17,24,17,12,7,9,15,25,20,19,16,17,18,20,20,14,22,20,18,
嘉義,2024/06/01 00:00:00,PM2.5,9,7,7,5,2,1,2,3,1,1,2,4,7,6,5,4,8,10,7,6,4,9,8,7,
嘉義,2024/06/01 00:00:00,RAINFALL,0,0,0,0,0,0,0,0,0,0,0,0,0,0,0,0,0,0,0,0,0,0,0,0,
嘉義,2024/06/01 00:00:00,RH,81,82,85,84,79,77,75,67,61,58,56,59,65,70,72,73,74,74,76,81,82,85,87,89,
嘉義,2024/06/01 00:00:00,SO2,1.8,2.1,2.2,1.4,1.3,1.4,2.4,2.3,1.7,1.7,1.9,2.2,2.3,2,1.7,1.6,1.8,1.9,1.7,1.5,1.6,1.5,1.6,1.7,
嘉義,2024/06/01 00:00:00,THC,2.13,2.13,2.06,2.06,2,2.07,2.04,1.96,1.86,1.84,1.85,1.87,1.92,1.9,1.87,1.86,1.9,1.94,1.95,1.97,1.98,2.05,2.02,2.01,
嘉義,2024/06/01 00:00:00,WD_HR,202,145,128,114,113,134,118,196,220,226,227,233,237,248,247,241,238,237,229,225,226,176,225,223,
嘉義,2024/06/01 00:00:00,WIND_DIREC,193,113,118,118,78,123,128,217,224,235,227,234,240,258,241,236,239,231,223,231,224,197,228,179,
嘉義,2024/06/01 00:00:00,WIND_SPEED,1.3,1.2,1.2,1.4,0.6,1.3,1.3,2.8,3.5,3.5,4.6,4.5,3.2,2.4,3,2.7,2.6,2.1,1.7,2,1.8,0.9,2.2,1.4,
嘉義,2024/06/01 00:00:00,WS_HR,0.9,0.8,1,1.4,1,0.6,1,1.2,2.9,2.9,3.9,4.2,3.3,2.5,2.6,2.4,2.5,2.2,2,1.6,1.8,0.1,1.3,1.5,
嘉義,2024/06/02 00:00:00,AMB_TEMP,28.4,28.3,28.1,27.8,27.5,27.4,27.6,28,27.3,26.6,26,26.1,26.4,26.5,26.5,27.1,26.2,25.9,26.1,25.6,25.3,25.3,25.2,24.3,
嘉義,2024/06/02 00:00:00,CH4,2.01,1.99,1.96,1.92,1.98,1.99,1.95,1.9,1.89,1.91,1.89,1.9,1.87,1.87,1.87,1.87,1.88,1.9,1.92,1.97,1.98,1.98,2.04,2.07,
嘉義,2024/06/02 00:00:00,CO,0.15,0.15,0.12,0.13,0.13,0.14,0.15,0.2,0.26,0.25,0.22,0.21,0.18,0.17,0.15,0.14,0.15,0.18,0.18,0.2,0.19,0.21,0.21,0.23,
嘉義,2024/06/02 00:00:00,NMHC,0.01,0,0,0,0.01,0.01,0.02,0.01,0.02,0.01,0,0.02,0.01,0.01,0,0,0,0,0,0,0,0,0,0.01,
嘉義,2024/06/02 00:00:00,NO,0.4,0.4,0.4,0.4,0.4,0.5,0.9,0.8,1,0.7,0.9,1.3,1.2,1,0.8,1,0.5,0.7,0.6,0.4,0.3,0.2,0.4,0.4,
嘉義,2024/06/02 00:00:00,NO2,5.9,5.2,4.3,3.6,4.1,4.3,3.7,4.4,6.2,6.2,5.4,4.4,3.5,3.5,3.3,2.7,3,3.9,4.2,2.9,3.7,3.5,2.9,4.4,
嘉義,2024/06/02 00:00:00,NOx,6.4,5.6,4.8,4.1,4.6,4.9,4.6,5.2,7.2,7,6.3,5.7,4.7,4.5,4.1,3.7,3.5,4.6,4.9,3.3,4.1,3.8,3.3,4.8,
嘉義,2024/06/02 00:00:00,O3,7.4,9.9,11.2,11.8,9.4,9.9,9.6,10.5,9.8,9.3,13.7,12.8,15.1,16.3,19.9,20.6,23.1,29.2,24.1,33.9,32,32.7,35.9,38.6,
嘉義,2024/06/02 00:00:00,PM10,25,15,18,15,23,17,19,20,21,16,11,7,6,3,3,4,2,0,5,7,4,4,7,20,
嘉義,2024/06/02 00:00:00,PM2.5,13,8,7,4,5,5,7,5,5,10,9,6,4,5,3,0,1,3,2,1,0,0,2,11,
嘉義,2024/06/02 00:00:00,RAINFALL,0,0,0,0,0,0,0,0,1.5,10,9,1,6,8.5,3.5,8.5,43.5,13,3.5,6,0.5,0.5,2,0,
嘉義,2024/06/02 00:00:00,RH,89,89,89,90,91,91,91,89,92,95,97,97,96,96,97,96,96,97,98,98,98,98,98,98,
嘉義,2024/06/02 00:00:00,SO2,1.8,1.6,1.5,1.3,1.4,1.6,1.2,1.5,1.7,1.3,0.9,1,1.1,1,0.9,1,0.9,0.9,0.9,1,1.2,1.2,0.8,0.9,
嘉義,2024/06/02 00:00:00,THC,2.02,1.99,1.95,1.92,1.99,2,1.97,1.91,1.91,1.92,1.89,1.92,1.88,1.88,1.87,1.86,1.88,1.89,1.91,1.95,1.97,1.96,2.03,2.08,
嘉義,2024/06/02 00:00:00,WD_HR,134,188,187,208,172,184,223,213,233,234,166,116,116,113,112,144,172,236,127,221,170,197,284,338,
嘉義,2024/06/02 00:00:00,WIND_DIREC,173,191,216,190,135,177,214,209,242,245,123,119,91,43,118,118,221,168,154,169,148,226,311,346,
嘉義,2024/06/02 00:00:00,WIND_SPEED,1.1,1.4,1.7,1.7,1,1.3,2.2,1.5,2.4,3.1,1.4,2.1,1.5,0.9,1.7,1.9,2.2,1,1.6,1.6,1.1,1.5,2,2.4,
嘉義,2024/06/02 00:00:00,WS_HR,0.6,1.1,1,1.4,0.9,0.8,2.1,1.5,1.3,2.1,0.8,1.5,1.2,0.2,0.9,1.1,0.8,0.8,1.6,2,1,0.8,1.3,2.6,
嘉義,2024/06/03 00:00:00,AMB_TEMP,23.6,23,22.8,22.5,22.3,22.4,23.1,23.5,23.7,24.2,25.3,25.3,25.9,27.3,27.7,28.1,27.9,26.8,25.9,25.3,24.9,24.6,24.5,24.3,
嘉義,2024/06/03 00:00:00,CH4,2.04,2.03,2.04,2.05,2.02,2.04,2.09,2.08,2.05,2.03,2.01,2.02,2.04,#,2.02,2,2.01,2.01,2.01,2.04,2.05,2.06,2.08,2.1,
嘉義,2024/06/03 00:00:00,CO,0.21,0.34,0.28,0.18,0.18,0.17,0.21,0.31,0.26,0.25,0.24,0.25,0.27,0.26,0.27,#,0.31,0.37,0.35,0.31,0.33,0.34,0.32,0.3,
嘉義,2024/06/03 00:00:00,NMHC,0.02,0,0,0,0,0.01,0.02,0.05,0.04,0.04,0.05,0.06,0.07,#,0.07,0.06,0.07,0.07,0.08,0.09,0.1,0.09,0.12,0.11,
嘉義,2024/06/03 00:00:00,NO,0.4,0.8,0.6,0.5,0.6,0.9,1,1.8,1.8,1.9,1.7,1.5,1.7,1.1,1.2,#,0.9,0.9,0.8,0.7,0.7,0.9,0.7,0.9,
嘉義,2024/06/03 00:00:00,NO2,5.2,9.5,7.7,5,4.5,4.2,4.4,7.3,8.5,7.6,5.4,7.2,7.1,6,6.3,#,8.6,11.4,12.7,12.6,13.8,13.9,15.2,12.9,
嘉義,2024/06/03 00:00:00,NOx,5.7,10.3,8.4,5.6,5.1,5.1,5.5,9.2,10.3,9.5,7.1,8.8,8.9,7.2,7.5,#,9.5,12.4,13.6,13.4,14.6,14.8,16,13.8,
嘉義,2024/06/03 00:00:00,O3,36.7,31.8,35.1,39.7,41.8,40.3,33.4,28.7,31.5,37.5,43.7,40.5,41.3,55.8,#,66.8,68.2,61.3,51.3,45,38.4,33.4,28.3,27.4,
嘉義,2024/06/03 00:00:00,PM10,26,21,21,8,14,15,24,20,25,17,15,22,23,24,#,22,23,49,40,43,35,41,40,40,
嘉義,2024/06/03 00:00:00,PM2.5,10,8,7,6,6,5,9,11,10,9,7,10,14,#,14,9,11,16,13,16,15,17,16,15,
嘉義,2024/06/03 00:00:00,RAINFALL,0,0,0,0,0,0,0,0,0,0,0,0,0,#,#,0,0,0,0,0,0,0,0,0,
嘉義,2024/06/03 00:00:00,RH,98,97,95,95,93,93,93,93,92,89,87,86,86,78,72,69,66,67,68,68,68,67,68,72,
嘉義,2024/06/03 00:00:00,SO2,0.9,2.8,2.6,1.5,1.6,1.7,1.3,1.3,1.2,1.3,1.3,1.4,1.3,1.6,1.4,#,1.8,2.3,2,1.9,2.5,2.9,3,2.1,
嘉義,2024/06/03 00:00:00,THC,2.06,2.03,2.04,2.04,2.02,2.05,2.11,2.13,2.09,2.07,2.06,2.08,2.11,#,2.09,2.06,2.08,2.08,2.09,2.13,2.15,2.15,2.2,2.21,
嘉義,2024/06/03 00:00:00,WD_HR,2,1,1,353,354,27,37,342,342,8,10,51,14,351,42,8,357,359,354,2,3,1,58,197,
嘉義,2024/06/03 00:00:00,WIND_DIREC,9,3,356,12,351,61,352,357,354,9,354,81,349,347,42,355,345,3,351,3,7,360,92,209,
嘉義,2024/06/03 00:00:00,WIND_SPEED,2.9,1.7,3.1,2.3,1.8,2.2,2.1,2.5,3.2,2.4,3,1.7,2.9,3.2,2.7,2.7,3.4,3,3.3,2.6,2.6,1.8,1,1.2,
嘉義,2024/06/03 00:00:00,WS_HR,2.7,2.4,2.1,2.2,2,1.8,1.4,2,2.4,2.2,2.6,1.8,1.7,2.1,1.8,2.3,2.5,2.8,2.9,2.7,2.4,2,1.1,0.5,
嘉義,2024/06/04 00:00:00,AMB_TEMP,24.2,23.9,23.3,23.8,23.5,23.5,23.6,24.4,25.7,27,28.6,29.4,29.4,28.8,28.3,27.9,27.4,25.1,24,23.7,23.5,23.5,23.8,24,
嘉義,2024/06/04 00:00:00,CH4,2.13,2.13,2.18,2.19,2.24,2.23,2.2,2.24,2.23,2.2,2.12,2.04,1.97,1.96,1.96,1.97,1.97,1.97,1.99,1.98,1.99,2,2.01,1.99,
嘉義,2024/06/04 00:00:00,CO,0.32,0.28,0.27,0.26,0.27,0.27,0.29,0.36,0.39,0.32,0.28,0.23,0.19,0.18,0.18,0.18,0.21,0.23,0.25,0.21,0.22,0.22,0.21,0.19,
嘉義,2024/06/04 00:00:00,NMHC,0.1,0.09,0.08,0.08,0.08,0.09,0.09,0.09,0.1,0.09,0.05,0.02,0,0,0.01,0.01,0.02,0.01,0.01,0,0.02,0.01,0.02,0.02,
嘉義,2024/06/04 00:00:00,NO,0.9,1.3,1.1,1,1,1.3,2.1,3.5,4.7,3.6,1.9,1.4,1.2,1,1.1,1.2,1.1,1.2,1,0.8,0.9,0.8,1,0.9,
嘉義,2024/06/04 00:00:00,NO2,13.1,10.7,11.4,12.5,11.9,11,11.4,13,14.9,12.5,7.7,5,3.5,3.3,4.3,5.1,6.5,5.7,6.1,4.9,5,5.2,5.2,3.2,
嘉義,2024/06/04 00:00:00,NOx,14,12.1,12.6,13.5,13,12.3,13.5,16.5,19.6,16.2,9.6,6.4,4.7,4.3,5.4,6.3,7.7,7,7.2,5.8,5.9,6.1,6.3,4.1,
嘉義,2024/06/04 00:00:00,O3,20.3,21.8,15.6,15.4,12.4,15.3,19.3,20.3,23.4,38.2,65.9,70.1,65.3,65.1,60.7,59.3,53,49.8,60,57,55.2,54.9,47.2,44.1,
嘉義,2024/06/04 00:00:00,PM10,37,42,45,44,49,43,54,63,59,52,52,32,23,27,30,31,21,6,9,12,9,9,7,5,
嘉義,2024/06/04 00:00:00,PM2.5,17,18,21,18,15,16,20,21,26,19,23,14,*,4,8,11,8,8,11,6,7,8,6,2,
嘉義,2024/06/04 00:00:00,RAINFALL,0,0,0,0,0,0,0,0,0,0,0,0,0,0,0,0,0,1,1.5,3,4,2,1,0,
嘉義,2024/06/04 00:00:00,RH,77,80,85,83,85,84,82,81,81,81,73,65,62,64,65,69,68,87,92,93,93,94,94,94,
嘉義,2024/06/04 00:00:00,SO2,2.1,1.8,2.4,2,1.8,2,2.6,3,2.8,2.4,2.7,2.7,2.2,2,2,2,1.9,1.7,1.6,1.6,1.6,1.6,1.6,1.6,
嘉義,2024/06/04 00:00:00,THC,2.23,2.22,2.26,2.27,2.32,2.32,2.29,2.33,2.33,2.29,2.17,2.06,1.97,1.96,1.97,1.98,1.99,1.98,2,1.98,2.01,2.01,2.03,2.01,
嘉義,2024/06/04 00:00:00,WD_HR,133,204,247,114,214,198,235,232,236,238,244,252,252,271,271,255,272,279,282,276,234,241,165,119,
嘉義,2024/06/04 00:00:00,WIND_DIREC,91,227,312,91,193,211,234,246,236,236,265,256,258,287,271,248,270,274,240,260,225,18,104,226,
嘉義,2024/06/04 00:00:00,WIND_SPEED,0.9,1.7,1.2,1.1,1.2,1.1,1.8,1.1,1.8,2.8,3.3,3.3,2.8,2.2,2.7,2.4,3.1,2.6,1.4,1.5,1.3,0.7,1.1,0.7,
嘉義,2024/06/04 00:00:00,WS_HR,0.6,0.7,1.3,0.3,0.7,0.5,1.6,1.5,1,1.8,2.8,3.3,3.1,1.9,2,1.8,2.4,2.6,1.6,1.5,1.2,0.8,0.2,0.7,
嘉義,2024/06/05 00:00:00,AMB_TEMP,23.9,24.3,24.2,24.2,24.4,24.5,24.9,25.8,26.5,27,28.1,28.4,28.3,28.2,28.5,28.5,28.3,26.8,26.4,26.2,26.1,26,26,25.9,
嘉義,2024/06/05 00:00:00,CH4,1.99,2.05,2.07,2.04,2.03,2.04,2.08,2.11,2.09,2.03,2.02,2.02,2.02,2.01,2.01,2.01,2.05,2.05,2.05,2.11,2.1,2.15,2.16,2.13,
嘉義,2024/06/05 00:00:00,CO,0.18,0.21,0.19,0.19,0.2,0.23,0.28,0.39,0.32,0.25,0.26,0.26,0.28,0.22,0.23,0.22,0.31,0.33,0.4,0.41,0.45,0.42,0.45,0.4,
嘉義,2024/06/05 00:00:00,NMHC,0.01,0.08,0.01,0.05,0.1,0.04,0.08,0.15,0.06,0.03,0.05,0.04,0.04,0.01,0.03,0.02,0.07,0.08,0.15,0.15,0.2,0.17,0.2,0.17,
嘉義,2024/06/05 00:00:00,NO,0.8,0.9,1.1,0.9,0.9,1.2,1.2,2.1,3.4,2,2.1,1.6,1.8,1.8,1.4,1.1,1.2,1.2,1.1,1.2,1.2,1.2,1.2,1.2,
嘉義,2024/06/05 00:00:00,NO2,3.2,5.1,3.4,3.1,3.5,4.3,7.3,10,10.9,6.8,7.1,7.2,8.5,5.9,4.8,4.9,8.3,9.7,12.9,10.9,13.4,11.9,12.1,11.6,
嘉義,2024/06/05 00:00:00,NOx,4.1,6.1,4.5,4.1,4.5,5.5,8.6,12.2,14.4,8.9,9.3,8.9,10.4,7.7,6.2,6,9.6,10.9,14.1,12.2,14.6,13.1,13.3,12.8,
嘉義,2024/06/05 00:00:00,O3,43.9,39.5,37.1,32.7,29.9,33.7,30.9,29,31.2,42.4,49,55.1,54.8,54.3,60.6,60.4,53.4,47.3,40.1,38.6,30.8,26.8,23.3,21.3,
嘉義,2024/06/05 00:00:00,PM10,3,10,7,8,9,10,13,22,14,14,21,21,27,23,25,21,32,29,30,32,44,42,47,39,
嘉義,2024/06/05 00:00:00,PM2.5,0,2,2,1,0,0,4,9,9,5,10,13,11,15,14,16,21,20,20,20,21,23,29,26,
嘉義,2024/06/05 00:00:00,RAINFALL,0,0,0,0,0,0,0,0,0,0,0,0,0,0,0,0,0,0,0,0,0,0,0,0,
嘉義,2024/06/05 00:00:00,RH,94,94,93,93,93,91,90,88,85,82,71,68,69,74,71,71,76,89,91,91,91,91,91,91,
嘉義,2024/06/05 00:00:00,SO2,1.5,0.9,0.9,0.9,0.9,0.9,1,1.4,2.1,1.6,1.9,1.7,1.6,1.5,1.4,1.5,1.5,1.1,1.1,1.2,1.1,1.2,1.1,1.3,
嘉義,2024/06/05 00:00:00,THC,2,2.13,2.08,2.09,2.13,2.08,2.16,2.26,2.15,2.06,2.07,2.06,2.06,2.02,2.04,2.03,2.12,2.13,2.2,2.26,2.3,2.32,2.36,2.3,
嘉義,2024/06/05 00:00:00,WD_HR,226,79,64,98,77,22,349,20,4,17,355,323,318,327,18,266,337,81,71,359,28,73,356,64,
嘉義,2024/06/05 00:00:00,WIND_DIREC,62,69,79,103,33,337,17,345,16,36,9,288,305,47,276,206,293,99,55,354,66,77,348,89,
嘉義,2024/06/05 00:00:00,WIND_SPEED,0.6,1.1,1.8,1.2,1.2,1,1.5,2,2.3,2.3,1.5,1,2.2,1.8,1.5,0.9,1.2,1.6,0.8,1.8,2.5,1.2,1.3,1.3,
嘉義,2024/06/05 00:00:00,WS_HR,0.4,1.1,1.4,1.3,0.6,0.9,0.9,1.1,1.7,2,1.7,0.8,1.3,0.9,0.5,0.9,0.8,1.4,1.1,1.6,1.5,1.5,1,1.1,
嘉義,2024/06/06 00:00:00,AMB_TEMP,25.9,25.6,25.6,25.5,25.5,25.5,25.5,26.1,27.1,28.4,29.3,30.1,30.2,30.2,28.4,26.6,26.6,25.6,26,25.9,25.8,25.8,25.7,25.1,
嘉義,2024/06/06 00:00:00,CH4,2.13,2.14,2.25,2.28,2.36,2.54,2.29,2.08,2.04,1.98,1.96,1.95,1.93,1.98,2.01,1.92,1.95,1.86,1.87,1.88,1.9,2.11,2.1,2.28,
嘉義,2024/06/06 00:00:00,CO,0.35,0.27,0.3,0.28,0.34,0.43,0.3,0.35,0.31,0.25,0.23,0.19,0.18,0.23,0.26,0.19,0.27,0.22,0.27,0.25,0.28,0.4,0.38,0.38,
嘉義,2024/06/06 00:00:00,NMHC,0.21,0.06,0.07,0.05,0.14,0.25,0.1,0.08,0.05,0.03,0.03,0,0,0.02,0.05,0.02,0.07,0.03,0.05,0.05,0.08,0.16,0.15,0.12,
嘉義,2024/06/06 00:00:00,NO,1.1,0,0.4,0.4,0.4,1.4,1,1.5,1.8,1.2,0.9,1,0.6,0.6,0.9,0.8,0.9,1.2,0.9,0.5,0.6,0.6,0.4,0.2,
嘉義,2024/06/06 00:00:00,NO2,8.8,5.2,5.2,4.4,7.3,16.9,8.2,6.9,6.9,4.6,3.9,2.9,2.2,3.1,5.6,5.8,10.2,6.4,8.3,8.3,8.8,13.8,12.3,14.6,
嘉義,2024/06/06 00:00:00,NOx,10,5.3,5.6,4.8,7.8,18.3,9.3,8.4,8.7,5.8,4.8,3.9,2.9,3.8,6.5,6.6,11.2,7.7,9.2,8.8,9.4,14.4,12.7,14.8,
嘉義,2024/06/06 00:00:00,O3,21.1,20.9,18.7,16.4,13.6,5.8,12,15.2,23.5,35,42.6,38.4,36,53.6,49.7,32,30.3,23.1,19.1,16.8,14.4,17.4,14.2,16.3,
嘉義,2024/06/06 00:00:00,PM10,38,30,34,33,47,63,41,27,24,21,20,16,16,36,33,14,19,4,4,6,5,51,35,54,
嘉義,2024/06/06 00:00:00,PM2.5,18,17,20,14,22,37,15,14,12,10,8,8,8,15,15,9,7,4,1,3,3,26,15,22,
嘉義,2024/06/06 00:00:00,RAINFALL,0,0,0,0,0,0,0,0,0,0,0,0,0,0,0,7.5,0,1,0,0,0,0,0,0,
嘉義,2024/06/06 00:00:00,RH,92,92,92,93,93,93,93,91,87,80,68,66,67,69,84,91,93,92,92,92,92,93,93,93,
嘉義,2024/06/06 00:00:00,SO2,1.2,1.1,1,0.9,1.3,2.5,1.7,1.5,1.4,1.6,1.8,1.3,1.1,1.4,1.5,1.1,1.3,1,0.9,0.9,1,1.7,1.7,2.1,
嘉義,2024/06/06 00:00:00,THC,2.34,2.2,2.32,2.33,2.5,2.79,2.39,2.16,2.09,2.01,1.99,1.95,1.93,2,2.06,1.94,2.02,1.89,1.92,1.93,1.98,2.27,2.25,2.4,
嘉義,2024/06/06 00:00:00,WD_HR,87,165,222,243,2,64,101,104,102,89,257,225,229,232,233,223,228,303,105,98,83,20,356,351,
嘉義,2024/06/06 00:00:00,WIND_DIREC,96,226,228,315,1,91,111,98,106,44,242,225,227,238,225,232,267,27,100,234,40,58,349,356,
嘉義,2024/06/06 00:00:00,WIND_SPEED,0.6,0.9,0.9,0.7,1.6,1.1,1.3,1.6,1.6,1.1,1.6,3.2,3.5,4.4,4.7,1.4,2.9,1.1,1.2,0.9,0.8,1.1,2.5,2.1,
嘉義,2024/06/06 00:00:00,WS_HR,0.5,0.5,0.9,0.2,0.8,1.1,0.9,1.3,1.4,1.1,0.4,2,2.9,3.5,3.8,1.8,0.5,1.6,0.4,0.6,0.9,1.3,1.1,2,
嘉義,2024/06/07 00:00:00,AMB_TEMP,25.1,25,24.6,24.4,24.5,24.8,25.1,25.9,26.9,28.2,29.2,30.5,31.6,32.1,31.5,30.5,29.7,28.5,28.2,27.6,27.4,27.5,27.6,27,
嘉義,2024/06/07 00:00:00,CH4,2.29,2.27,2.34,2.32,2.25,2.22,2.24,2.19,2.26,2.13,2.07,2.03,1.97,1.96,2,1.97,1.96,1.97,1.98,2.02,2.03,2.02,2.03,2.24,
嘉義,2024/06/07 00:00:00,CO,0.38,0.4,0.38,0.36,0.34,0.35,0.41,0.43,0.53,0.39,0.32,0.3,0.24,0.24,0.23,0.2,0.22,0.25,0.26,0.29,0.26,0.26,0.29,0.33,
嘉義,2024/06/07 00:00:00,NMHC,0.16,0.21,0.15,0.15,0.15,0.14,0.17,0.14,0.21,0.1,0.07,0.05,0.03,0.01,0.01,0,0.01,0.02,0.02,0.04,0.06,0.05,0.09,0.07,
嘉義,2024/06/07 00:00:00,NO,0.3,1.3,1.2,1.3,1.2,1.5,2.4,3.6,6.4,4.9,2.8,1.6,1.5,1.2,1.4,1.6,1.6,1.4,1.2,1,1.1,1.2,1.3,1.2,
嘉義,2024/06/07 00:00:00,NO2,14.9,15.3,15.2,15,12.5,9.5,9.9,7.6,11.7,10.8,8.3,5.6,3.6,3.1,3.8,3.3,3.9,5.1,5.7,6.9,8.2,8.1,7.9,11.7,
嘉義,2024/06/07 00:00:00,NOx,15.2,16.7,16.5,16.4,13.8,11,12.3,11.2,18.1,15.8,11.2,7.2,5.2,4.4,5.3,4.9,5.6,6.5,6.9,8,9.3,9.4,9.2,13,
嘉義,2024/06/07 00:00:00,O3,12.7,9.1,7,8.5,10.8,13,10.7,13.9,16.7,29.1,40.5,58.7,63.1,61.9,61.4,57.9,54,52.3,48.6,43.4,39.7,37.3,33.8,19.9,
嘉義,2024/06/07 00:00:00,PM10,62,67,73,58,58,56,57,45,56,39,35,30,26,22,35,31,31,33,33,37,45,46,42,62,
嘉義,2024/06/07 00:00:00,PM2.5,30,29,36,27,25,26,28,26,23,18,16,19,13,14,15,16,11,12,9,9,19,18,17,21,
嘉義,2024/06/07 00:00:00,RAINFALL,0,0,0,0,0,0,0,0,0,0,0,0,0,0,0,0,0,0,0,0,0,0,0,0,
嘉義,2024/06/07 00:00:00,RH,93,93,93,93,93,93,92,91,88,85,80,71,65,62,68,70,73,78,79,84,86,86,86,88,
嘉義,2024/06/07 00:00:00,SO2,2.5,1.6,2.2,2.4,1.7,1.4,1.7,1.3,2.2,2.8,1.7,1.7,1.6,1.5,1.9,1.6,1.3,1.4,1.4,1.5,2.1,1.9,1.8,2.1,
嘉義,2024/06/07 00:00:00,THC,2.45,2.48,2.49,2.47,2.4,2.36,2.41,2.33,2.47,2.23,2.14,2.08,2,1.97,2.01,1.97,1.97,1.99,2,2.06,2.09,2.07,2.12,2.31,
嘉義,2024/06/07 00:00:00,WD_HR,63,0,355,10,56,63,62,62,341,346,359,302,272,302,325,329,338,328,350,355,46,92,258,317,
嘉義,2024/06/07 00:00:00,WIND_DIREC,86,33,1,37,53,58,59,63,0,326,67,230,272,331,329,332,334,334,350,13,64,80,258,10,
嘉義,2024/06/07 00:00:00,WIND_SPEED,1.1,1.6,1.9,2,1.9,1.8,1.5,1.5,1.9,1.9,1.9,1.9,2.9,2.9,4.6,4.4,3.6,3.5,3.6,2.4,0.8,1.4,1.8,1.3,
嘉義,2024/06/07 00:00:00,WS_HR,1,1.4,1.8,1.9,1.9,1.3,1,1.5,1.5,1.2,0.4,0.3,1.5,1.9,4,3.8,3.5,2.8,3,2.5,1.2,1.2,0.1,1,
嘉義,2024/06/08 00:00:00,AMB_TEMP,26.5,26.1,26.3,26.4,26.3,26.3,26.7,26.9,27.7,28.6,30,31.1,31.9,32.6,32.4,32.3,31.4,30.3,29.8,28.8,28.4,28,28,27.6,
嘉義,2024/06/08 00:00:00,CH4,2.25,2.26,2.21,2.17,2.11,2.24,2.15,2.21,2.06,2.05,1.99,1.96,1.95,1.95,1.96,1.96,1.93,1.93,1.92,1.95,1.95,1.98,2.06,2.07,
嘉義,2024/06/08 00:00:00,CO,0.33,0.26,0.27,0.27,0.26,0.3,0.31,0.34,0.26,0.24,0.23,0.2,0.18,0.18,0.18,0.17,0.16,0.19,0.17,0.19,0.19,0.23,0.24,0.21,
嘉義,2024/06/08 00:00:00,NMHC,0.05,0.03,0.06,0.08,0.07,0.11,0.11,0.08,0.04,0.02,0.02,0.01,0,0,0.01,0,0.01,0.02,0,0,0,0.01,0.03,0.03,
嘉義,2024/06/08 00:00:00,NO,1,0.9,0.6,0.5,0.4,0.7,1.3,1.8,1.5,1,1,0.7,0.8,0.8,0.6,0.6,0.8,0.8,0.5,0.6,0.6,0.7,0.6,0.8,
嘉義,2024/06/08 00:00:00,NO2,11.3,7.2,7,6.8,5.8,7.5,7.8,7.6,5.8,3.6,3.2,2.6,1.8,1.8,2,2,2.1,3,4,4.5,5.2,6.6,6.3,5.1,
嘉義,2024/06/08 00:00:00,NOx,12.4,8.1,7.6,7.4,6.3,8.2,9.2,9.5,7.3,4.7,4.3,3.3,2.7,2.6,2.7,2.7,2.9,3.8,4.6,5.1,5.9,7.3,6.9,5.9,
嘉義,2024/06/08 00:00:00,O3,21.5,25.9,25.5,22.1,19.6,16.5,19.2,22.1,34.1,40.5,50.6,53.4,56.1,58.7,58.8,60.2,48.7,39.5,37.6,34.1,35.5,33.4,25.8,14.2,
嘉義,2024/06/08 00:00:00,PM10,57,60,56,64,54,68,54,64,49,39,38,27,25,24,32,29,22,21,21,22,20,23,32,23,
嘉義,2024/06/08 00:00:00,PM2.5,23,20,22,20,22,21,23,29,24,25,21,12,16,15,15,11,9,8,13,8,9,11,13,9,
嘉義,2024/06/08 00:00:00,RAINFALL,0,0,0,0,0,0,0,0,0,0,0,0,0,0,0,0,0,0,0,0,0,0,0,0,
嘉義,2024/06/08 00:00:00,RH,89,90,89,89,89,89,89,88,85,80,70,65,62,59,62,65,65,73,71,76,80,85,86,88,
嘉義,2024/06/08 00:00:00,SO2,2.2,1.9,3.2,2.2,1.3,1.5,1.8,1.8,1.7,1.1,1.1,1.2,1.1,1.1,1,1.1,1,1,1,0.8,1,1,1,0.9,
嘉義,2024/06/08 00:00:00,THC,2.3,2.29,2.27,2.25,2.18,2.35,2.26,2.29,2.1,2.07,2.01,1.97,1.95,1.95,1.97,1.96,1.94,1.95,1.92,1.95,1.95,1.99,2.09,2.1,
嘉義,2024/06/08 00:00:00,WD_HR,330,0,49,76,69,9,62,241,233,236,291,259,244,244,269,299,78,112,235,234,229,227,148,106,
嘉義,2024/06/08 00:00:00,WIND_DIREC,335,41,83,90,356,358,86,209,240,232,289,250,254,242,311,300,101,177,238,230,233,228,120,98,
嘉義,2024/06/08 00:00:00,WIND_SPEED,2,1.6,1.7,1.1,1.4,1.8,0.9,0.9,0.8,1.2,1.5,2.1,2,2.1,4.3,3.4,2.9,1,2.7,1.3,2.1,2.1,1.8,1.1,
嘉義,2024/06/08 00:00:00,WS_HR,2,1.6,1.1,1.1,0.7,1.2,1,1,0.6,0.9,1.2,1.2,1.8,1.4,1.7,2.7,1,1.5,2.5,1.8,1.8,1.8,0.8,1,
嘉義,2024/06/09 00:00:00,AMB_TEMP,27.6,27.2,27.3,27,26.9,26.7,27.4,28.5,30.2,31,30.7,30.5,31.8,31.9,30.6,30.9,31.1,30.4,30.4,28.9,28.5,28.1,28,27.8,
嘉義,2024/06/09 00:00:00,CH4,2.06,2.02,2,2,1.96,1.98,1.97,1.98,1.93,1.91,1.96,1.87,1.84,1.88,1.85,1.87,1.87,1.86,1.91,1.9,1.9,1.95,1.99,2.01,
嘉義,2024/06/09 00:00:00,CO,0.22,0.16,0.14,0.12,0.12,0.13,0.17,0.21,0.15,0.15,0.18,0.12,0.1,0.11,0.11,0.12,0.13,0.13,0.19,0.16,0.16,0.27,0.21,0.18,
嘉義,2024/06/09 00:00:00,NMHC,0.05,0.02,0,0.01,0,0.01,0.01,0.03,0,0,0.01,0,0,0,0,0,0,0.01,0.02,0,0.01,0.06,0.04,0.03,
嘉義,2024/06/09 00:00:00,NO,0.8,0.7,0.5,0.7,0.6,0.9,1.2,1.6,1.6,0.8,1,0.9,0.9,0.9,0.8,0.7,0.8,0.7,0.8,0.8,0.4,0.6,0.7,0.7,
嘉義,2024/06/09 00:00:00,NO2,5.1,4,2.9,2.4,2.2,2.4,2.7,4.1,2.4,1.8,3.2,2.5,1.6,1.8,1.7,1.8,2,2.3,4.3,5.2,4.4,7.6,7.3,5.5,
嘉義,2024/06/09 00:00:00,NOx,5.9,4.7,3.4,3.2,2.8,3.3,4,5.8,4.1,2.6,4.2,3.5,2.5,2.8,2.6,2.6,2.9,3.1,5.2,6,4.9,8.3,8,6.2,
嘉義,2024/06/09 00:00:00,O3,13.7,11.2,12.5,12.1,11.3,10.8,10.5,17.2,30,36.7,38.5,34.9,31,32.8,29.5,35.3,32.6,32.1,28.1,24.5,21.9,16.1,12.1,8.7,
嘉義,2024/06/09 00:00:00,PM10,29,30,24,30,21,27,32,21,17,10,23,8,7,10,8,8,8,5,14,8,17,14,17,18,
嘉義,2024/06/09 00:00:00,PM2.5,12,8,3,2,2,2,3,6,5,4,9,7,3,0,1,4,4,3,4,5,5,8,6,3,
嘉義,2024/06/09 00:00:00,RAINFALL,0,0,0,0,0,0,0,0,0,0,0,0,0,0,0,0,0,0,0,0,0,0,0,0,
嘉義,2024/06/09 00:00:00,RH,88,87,86,86,86,86,84,81,71,67,72,75,66,69,70,67,68,69,71,85,88,89,89,88,
嘉義,2024/06/09 00:00:00,SO2,0.8,0.7,0.6,0.7,0.7,0.6,0.6,0.8,0.9,1.2,1.2,1,0.8,0.8,0.8,0.9,0.7,0.7,1,0.9,0.7,0.6,0.6,0.7,
嘉義,2024/06/09 00:00:00,THC,2.11,2.04,2,2.01,1.96,1.99,1.98,2.01,1.92,1.9,1.97,1.86,1.83,1.87,1.84,1.87,1.87,1.87,1.93,1.9,1.91,2.01,2.03,2.04,
嘉義,2024/06/09 00:00:00,WD_HR,110,113,110,110,118,109,113,113,226,253,275,252,235,178,224,244,225,239,310,254,104,232,109,112,
嘉義,2024/06/09 00:00:00,WIND_DIREC,120,118,110,124,121,109,115,252,231,285,256,246,183,194,233,227,229,241,305,221,86,285,107,107,
嘉義,2024/06/09 00:00:00,WIND_SPEED,1.4,1.1,1.6,1.1,1.5,0.7,1.7,1.1,2.5,2,3,3.1,3,1.9,2.1,1.5,2.4,1.8,1.7,1.8,0.8,0.8,1.1,1,
嘉義,2024/06/09 00:00:00,WS_HR,0.9,1.2,1.3,1.2,1.2,1.1,1.2,0.8,1.7,1.9,2.3,3,2.6,1.4,2.2,1.2,1.9,1.9,1.8,1.5,0.7,1.1,1.1,1.1,
嘉義,2024/06/10 00:00:00,AMB_TEMP,27.7,27.6,27.5,27.4,27.1,27.2,27.5,26.9,27.2,28.6,30.1,31.6,32,32.8,32.8,33,32.3,31.5,30.9,30.3,29.8,29.4,29,28.7,
嘉義,2024/06/10 00:00:00,CH4,2.03,2.04,1.97,2.01,2.03,2.04,2.09,1.92,1.95,1.88,1.86,1.85,1.85,1.85,1.86,1.87,1.87,1.88,1.89,1.91,1.98,2.09,2.04,1.99,
嘉義,2024/06/10 00:00:00,CO,0.17,0.15,0.13,0.13,0.12,0.14,0.17,0.15,0.18,0.14,0.11,0.1,0.09,0.08,0.08,0.1,0.1,0.12,0.12,0.15,0.17,0.19,0.15,0.15,
嘉義,2024/06/10 00:00:00,NMHC,0.04,0.03,0,0,0.01,0.01,0,0,0,0,0,0,0,0,0,0,0,0,0,0,0,0.01,0,0,
嘉義,2024/06/10 00:00:00,NO,0.7,0.1,0.2,0.3,0.2,0.3,0.8,0.8,1.3,1.5,1.3,1,0.6,0.5,0.4,0.5,0.6,0.7,0.5,0.3,0.5,0.5,0.5,0.3,
嘉義,2024/06/10 00:00:00,NO2,4.7,4.4,3.1,3,2.8,3.1,3.2,2.8,3.7,2.9,2.9,1.7,0.9,0.5,0.9,1.1,1.5,2.3,3.2,4.4,5.6,7.4,6,5.6,
嘉義,2024/06/10 00:00:00,NOx,5.4,4.6,3.3,3.3,3,3.5,4.1,3.6,5,4.4,4.2,2.7,1.5,1.1,1.4,1.6,2.2,3,3.8,4.8,6.1,7.9,6.5,6,
嘉義,2024/06/10 00:00:00,O3,7.3,7.3,10.5,8.7,6.8,8,9.2,12.2,11.1,17.2,20.8,22.7,23.5,23.2,25.8,32.9,28,21.4,19.2,17.4,14.7,10.6,12.3,11.5,
嘉義,2024/06/10 00:00:00,PM10,18,24,14,17,26,21,28,17,16,15,1,5,6,7,5,4,5,9,12,12,17,19,10,11,
嘉義,2024/06/10 00:00:00,PM2.5,2,3,4,5,4,4,3,5,8,6,3,2,1,0,0,1,3,2,1,5,4,4,4,1,
嘉義,2024/06/10 00:00:00,RAINFALL,0,0,0,0,0,0,0,1,0,0,0,0,0,0,0,0,0,0,0,0,0,0,0,0,
嘉義,2024/06/10 00:00:00,RH,88,88,88,87,87,87,88,91,91,85,73,60,58,56,56,54,59,61,63,69,73,77,79,80,
嘉義,2024/06/10 00:00:00,SO2,0.7,1,1,1.1,0.9,0.9,1,0.9,1.3,1.1,1.3,1.2,1.1,0.9,0.8,0.9,0.9,0.9,0.9,0.9,1,0.9,1,1,
嘉義,2024/06/10 00:00:00,THC,2.07,2.07,1.96,2.01,2.04,2.05,2.08,1.91,1.94,1.87,1.85,1.83,1.83,1.83,1.83,1.84,1.85,1.86,1.87,1.9,1.98,2.1,2.03,1.98,
嘉義,2024/06/10 00:00:00,WD_HR,113,108,121,108,114,115,226,233,205,212,200,197,227,229,228,234,249,254,257,216,221,222,194,197,
嘉義,2024/06/10 00:00:00,WIND_DIREC,124,103,207,95,97,135,238,234,205,195,194,215,238,229,227,233,249,262,229,228,210,221,188,196,
嘉義,2024/06/10 00:00:00,WIND_SPEED,1,1.1,1.1,1.4,0.9,0.9,3.3,1.3,1.6,2.8,3.1,3.4,3.1,3.9,2.9,3.3,3,2.7,1.9,1.3,1.3,1.8,1.5,2.1,
嘉義,2024/06/10 00:00:00,WS_HR,1,1.1,0.8,0.9,1,0.6,1.8,1.8,0.7,2.1,1.6,2.1,2.6,2.9,2.9,3.2,3.1,2.8,2,0.6,1.2,0.8,1.1,1.4,
嘉義,2024/06/11 00:00:00,AMB_TEMP,28.8,28.3,28.3,28.5,28.1,28.7,29,27.3,26.9,29.2,31,32,31.7,28.6,31.3,28,28.3,29.3,28.6,28,28,27.8,27.8,27.5,
嘉義,2024/06/11 00:00:00,CH4,1.92,1.95,1.93,1.94,1.96,1.87,1.86,1.88,1.9,1.85,1.84,1.82,1.82,1.86,1.84,1.85,1.87,1.86,1.88,1.88,1.88,1.86,1.87,1.89,
嘉義,2024/06/11 00:00:00,CO,0.11,0.1,0.08,0.08,0.09,0.08,0.1,0.13,0.16,0.12,0.1,0.09,0.09,0.11,0.08,0.1,0.12,0.14,0.14,0.12,0.12,0.1,0.09,0.08,
嘉義,2024/06/11 00:00:00,NMHC,0,0,0,0,0,0,0,0,0.04,0.02,0.01,0,0,0.01,0.01,0.03,0.02,0.04,0.04,0.02,0.01,0.01,0,0,
嘉義,2024/06/11 00:00:00,NO,0.3,0.8,0.8,0.8,0.7,0.8,0.9,1.4,2.4,2.2,1.9,1.4,1.3,1.5,1.3,1,1.4,1.1,0.9,0.8,0.7,0.7,0.8,0.7,
嘉義,2024/06/11 00:00:00,NO2,3.9,2.7,1.9,1.4,2.3,1.8,1.9,3.5,4.8,2.8,2.5,1.5,1.3,2.6,2.4,2.8,3.4,4.1,5.1,4.5,4.1,4.2,2.9,1.7,
嘉義,2024/06/11 00:00:00,NOx,4.2,3.6,2.7,2.3,3,2.7,2.9,5,7.2,5.1,4.5,2.9,2.6,4.2,3.8,3.8,4.8,5.2,6,5.4,4.9,4.9,3.7,2.4,
嘉義,2024/06/11 00:00:00,O3,14.5,14.5,16,16.3,13,18.5,17.3,11.7,14.4,16.6,20.2,21.7,21.7,22.3,22.1,25.3,27.1,29.8,23.4,16.7,16.9,15.2,16.1,16,
嘉義,2024/06/11 00:00:00,PM10,10,13,11,12,13,14,8,13,15,9,6,6,3,#,9,8,9,7,13,11,16,7,7,10,
嘉義,2024/06/11 00:00:00,PM2.5,0,0,1,2,0,1,2,4,3,1,1,2,2,#,1,3,6,4,7,7,7,4,2,1,
嘉義,2024/06/11 00:00:00,RAINFALL,0,0,0,0,0,0,0,6,0,0,0,0,0,0.5,1,3,0,0,0,0,0,0,0,0,
嘉義,2024/06/11 00:00:00,RH,79,83,81,77,81,74,72,86,92,83,67,61,64,88,74,88,89,86,87,87,88,88,86,86,
嘉義,2024/06/11 00:00:00,SO2,1,1.2,1.2,1.2,1.4,1.2,1.2,1.1,1.2,1.3,1.3,1.1,1.1,1.1,1,1.1,1,1,1.2,1,1.1,1,1,1,
嘉義,2024/06/11 00:00:00,THC,1.91,1.94,1.92,1.94,1.96,1.87,1.86,1.88,1.94,1.87,1.85,1.82,1.82,1.87,1.85,1.88,1.89,1.9,1.92,1.9,1.89,1.87,1.87,1.89,
嘉義,2024/06/11 00:00:00,WD_HR,195,196,220,197,177,216,227,229,126,158,201,205,220,236,223,237,224,228,232,225,212,205,214,197,
嘉義,2024/06/11 00:00:00,WIND_DIREC,187,200,217,159,208,222,228,138,115,204,201,210,234,220,229,229,224,224,231,221,216,198,198,201,
嘉義,2024/06/11 00:00:00,WIND_SPEED,1.1,1.9,2.5,1.4,1.8,2.8,4.5,1.8,1.8,2.3,2.9,2.9,4.3,2.3,3.7,3.3,3.2,3.7,3.4,2.9,2,1.5,1.6,1.4,
嘉義,2024/06/11 00:00:00,WS_HR,1.2,1.4,1.9,1.2,0.9,2.1,3.3,3.4,1.2,0.9,1.8,2.4,2.9,2.8,2.4,3.4,3,3.3,3.3,3.1,1.6,0.9,1.4,1.3,
嘉義,2024/06/12 00:00:00,AMB_TEMP,27.1,27.2,27,27,27.1,26.9,27.3,29.6,31,31.7,32.7,31.2,28.6,29.2,31.5,31.1,29.7,30.8,29.3,27.9,27.4,27.1,27.1,27.3,
嘉義,2024/06/12 00:00:00,CH4,1.95,2,2.01,2.08,2.02,2.05,1.96,1.88,1.85,1.85,1.84,1.86,1.85,1.85,1.83,1.84,1.85,1.85,1.88,1.91,1.96,1.91,1.98,2,
嘉義,2024/06/12 00:00:00,CO,0.08,0.08,0.08,0.08,0.07,0.09,0.11,0.16,0.1,0.09,0.08,0.1,0.09,0.08,0.08,0.1,0.11,0.15,0.16,0.18,0.18,0.13,0.14,0.12,
嘉義,2024/06/12 00:00:00,NMHC,0,0,0,0,0,0,0,0.01,0,0,0,0,0,0,0,0,0,0,0,0.01,0,0,0,0,
嘉義,2024/06/12 00:00:00,NO,0.7,0.3,0.7,0.4,0.4,0.6,1.5,2,1.5,1,1,1.2,1.1,1.2,1.1,1.3,1.8,1.4,0.9,0.4,0.6,0.6,0.7,0.5,
嘉義,2024/06/12 00:00:00,NO2,1.7,4.3,3.9,2.9,2.4,3.6,3.5,3.5,2.9,2.1,1.8,2.9,2.8,3,2.6,3.2,4.2,4.6,4.9,5.5,7.8,4.2,4.8,4.2,
嘉義,2024/06/12 00:00:00,NOx,2.5,4.6,4.6,3.3,2.8,4.2,5,5.6,4.4,3.1,2.8,4.1,3.9,4.2,3.7,4.6,6,6,5.8,6,8.5,4.8,5.6,4.8,
嘉義,2024/06/12 00:00:00,O3,15.2,11.6,10,11.2,13.9,11.1,11.8,17.8,25.1,29.6,29.7,33.1,27.6,26.4,27.2,27.5,24.2,25.2,24.4,20.4,15.3,15.5,10.8,12.2,
嘉義,2024/06/12 00:00:00,PM10,8,8,18,15,10,12,16,8,6,8,7,13,9,5,16,14,9,12,12,12,24,19,21,19,
嘉義,2024/06/12 00:00:00,PM2.5,2,2,5,4,1,2,4,2,0,3,2,0,1,4,5,3,3,6,4,2,9,6,8,7,
嘉義,2024/06/12 00:00:00,RAINFALL,0,0,0,0,0,0,0,0,0,0,0,0,14.5,0,0,0.5,0,0,0.5,0,0,0,0,0,
嘉義,2024/06/12 00:00:00,RH,87,88,88,88,87,88,87,77,66,65,59,68,81,88,71,72,81,69,79,87,89,90,90,88,
嘉義,2024/06/12 00:00:00,SO2,0.8,0.8,0.7,0.4,0.3,0.7,0.5,0.5,0.6,0.7,0.6,0.7,0.6,0.9,0.9,0.6,0.9,0.9,0.5,0.6,2.1,0.5,0.9,0.5,
嘉義,2024/06/12 00:00:00,THC,1.95,2,1.99,2.06,2,2.04,1.95,1.89,1.84,1.84,1.83,1.85,1.83,1.83,1.81,1.82,1.84,1.85,1.88,1.92,1.96,1.9,1.97,1.99,
嘉義,2024/06/12 00:00:00,WD_HR,213,166,189,202,196,187,215,213,224,228,231,225,210,177,196,200,200,208,222,209,218,209,193,192,
嘉義,2024/06/12 00:00:00,WIND_DIREC,184,178,201,221,152,188,215,212,228,228,225,210,195,199,212,201,211,219,214,176,212,173,205,179,
嘉義,2024/06/12 00:00:00,WIND_SPEED,1,1.5,1,2,1.3,1.4,1.9,2,3.9,5,4.5,3.7,1.9,2.6,3.3,2.4,2.6,1.8,1.8,1.2,1.9,1.3,1.3,1.6,
嘉義,2024/06/12 00:00:00,WS_HR,1.5,1,0.8,1.2,1.2,1,1.4,1.8,3.2,3.8,4.2,3.6,2.8,1.5,2,1.8,1.7,1.2,1.9,0.9,0.9,0.8,0.7,1.2,
嘉義,2024/06/13 00:00:00,AMB_TEMP,27.3,27.1,27.2,27.5,27.4,27.3,27.3,26.2,26.3,27,27.8,30.2,31.7,32.4,32.9,32,32,32.1,30.8,30,29.1,28.4,28,28.6,
嘉義,2024/06/13 00:00:00,CH4,2.06,2.01,1.94,1.93,1.97,1.99,1.98,1.95,1.93,1.9,1.88,1.86,1.85,1.85,1.85,1.87,1.88,1.88,1.93,1.97,2.01,1.92,1.88,1.92,
嘉義,2024/06/13 00:00:00,CO,0.12,0.09,0.08,0.08,0.08,0.12,0.12,0.15,0.16,0.17,0.15,0.11,0.1,0.09,0.09,0.13,0.14,0.15,0.16,0.22,0.16,0.15,0.1,0.1,
嘉義,2024/06/13 00:00:00,NMHC,0,0,0,0,0,0.01,0,0,0.02,0.03,0.04,0.01,0,0,0,0.03,0.12,0.02,0.03,0.07,0.04,0.03,0,0,
嘉義,2024/06/13 00:00:00,NO,0.7,0.8,0.7,0.6,0.7,0.6,1,1.4,1.7,2.5,2.2,1.4,1.2,1,1.1,1.2,1.1,1,0.9,0.8,0.8,0.6,0.6,0.7,
嘉義,2024/06/13 00:00:00,NO2,4.9,2.6,1.7,1.3,1.7,3.4,3.8,5.9,5,4.9,4.7,2.2,1.3,1.2,1.5,3.1,3.8,3.7,5.4,7.3,7.7,5.6,3.3,4.6,
嘉義,2024/06/13 00:00:00,NOx,5.6,3.5,2.4,2,2.5,4,4.8,7.3,6.7,7.4,6.9,3.7,2.6,2.2,2.6,4.4,5,4.8,6.4,8.2,8.6,6.2,4,5.3,
嘉義,2024/06/13 00:00:00,O3,10.5,13.8,14.5,16.3,15.7,14.4,15.9,14.9,13.9,14.1,15.8,24.2,29.4,29,30.7,34.2,38.5,38.6,31,22,18.3,20.4,22.3,19.5,
嘉義,2024/06/13 00:00:00,PM10,23,26,16,24,26,24,22,13,15,12,9,5,4,10,7,13,13,21,21,28,28,17,10,33,
嘉義,2024/06/13 00:00:00,PM2.5,10,7,4,4,5,5,4,2,5,5,3,4,4,5,5,3,7,8,8,9,*,5,6,20,
嘉義,2024/06/13 00:00:00,RAINFALL,0,0,0,0,0,0,1.5,3,0,1.5,0.5,0,0,0,0,0,0,0,0,0,0,0,0,0,
嘉義,2024/06/13 00:00:00,RH,88,88,87,86,86,86,88,92,93,91,90,85,70,62,57,63,64,64,70,78,86,87,85,83,
嘉義,2024/06/13 00:00:00,SO2,3.2,1.3,0.8,0.8,1.4,1.5,1,0.9,0.9,0.9,0.9,0.8,0.9,0.9,0.9,1.1,1.3,1.2,1.1,1,1.1,1.1,1.1,8.7,
嘉義,2024/06/13 00:00:00,THC,2.05,1.99,1.92,1.91,1.96,2,1.98,1.95,1.95,1.93,1.92,1.87,1.84,1.84,1.85,1.9,2,1.9,1.96,2.04,2.05,1.95,1.87,1.92,
嘉義,2024/06/13 00:00:00,WD_HR,174,198,193,198,154,192,245,211,119,118,126,128,217,210,220,233,218,224,225,231,229,220,197,179,
嘉義,2024/06/13 00:00:00,WIND_DIREC,209,196,200,190,122,216,252,118,112,115,125,163,229,212,226,237,216,228,230,232,218,218,177,180,
嘉義,2024/06/13 00:00:00,WIND_SPEED,1.6,1.3,1.8,1.7,0.9,1.6,2.1,1.9,1.8,1.9,2.3,1.9,2.7,2.8,3.4,3.1,2,3.4,2.9,2.9,3,3,2.1,1.6,
嘉義,2024/06/13 00:00:00,WS_HR,0.9,1.3,1.4,1.4,0.8,0.8,2.4,1.4,1.9,1.7,1.6,1.6,1.9,1.9,2.7,2.9,2.2,2.8,2.6,2.3,2.9,2.7,1.7,1.3,
嘉義,2024/06/14 00:00:00,AMB_TEMP,28.5,28.5,27.9,27.5,27.6,27.1,27.1,27.4,26.5,28,29.9,30.9,30.2,31.5,32.4,31.7,30.7,31.1,30.5,29.7,29.4,28.8,28.5,28.3,
嘉義,2024/06/14 00:00:00,CH4,1.96,1.96,1.9,1.88,1.91,1.95,1.93,1.9,1.88,1.87,1.87,1.81,1.84,1.81,#,#,1.86,1.86,1.87,1.87,1.9,1.98,1.95,1.98,
嘉義,2024/06/14 00:00:00,CO,0.11,0.11,0.09,0.08,0.09,0.11,0.14,0.19,0.13,0.15,0.14,0.11,0.11,0.1,0.11,0.11,0.17,0.18,0.15,0.15,0.19,0.17,0.11,0.11,
嘉義,2024/06/14 00:00:00,NMHC,0,0,0,0,0,0,0,0.02,0.02,0.03,0.02,0,0,0,#,#,0.01,0.02,0.01,0.03,0.03,0.03,0.01,0,
嘉義,2024/06/14 00:00:00,NO,0.5,0.8,1,0.9,0.9,0.9,1.1,2.1,1.5,2.2,1.9,#,#,1.4,1.3,1.4,1.5,1.8,1.3,1,1.3,1.2,0.9,1,
嘉義,2024/06/14 00:00:00,NO2,3.9,4.6,1.8,0.7,1.1,1.9,2.6,5.9,4.5,4,3.3,#,#,1.5,3,2.2,4.2,5.1,4.8,4.3,5.6,5.7,2.5,2.3,
嘉義,2024/06/14 00:00:00,NOx,4.4,5.4,2.8,1.6,2.1,2.8,3.7,8,6.1,6.2,5.3,#,#,2.9,4.4,3.6,5.7,6.9,6.1,5.4,6.9,6.9,3.4,3.3,
嘉義,2024/06/14 00:00:00,O3,18.7,18.9,22.8,23.3,20.3,19.6,18.4,15.4,20,20.8,25.9,29,29.8,#,#,34.9,30.8,28.1,24.9,20.6,16.9,16.6,17.9,15.8,
嘉義,2024/06/14 00:00:00,PM10,22,16,13,10,10,16,19,17,10,10,15,14,10,14,14,19,13,19,28,15,31,18,21,19,
嘉義,2024/06/14 00:00:00,PM2.5,11,8,7,4,3,3,3,3,6,4,7,7,4,8,5,5,7,5,6,10,7,8,7,7,
嘉義,2024/06/14 00:00:00,RAINFALL,0,0,0,0,0,0,0,2.5,6.5,0,0,0,0,0,0,0,1.5,0,0,0,0,0,0,0,
嘉義,2024/06/14 00:00:00,RH,82,81,86,87,86,88,89,88,91,89,84,76,79,68,64,68,77,78,75,75,72,76,76,79,
嘉義,2024/06/14 00:00:00,SO2,4.3,3.1,1.1,1.1,1,1,1.2,1.2,1.3,1,1.8,1.1,#,#,1.4,1.5,1.4,1.3,1.7,1.4,1.7,1.5,1.2,1.2,
嘉義,2024/06/14 00:00:00,THC,1.96,1.96,1.88,1.86,1.9,1.95,1.93,1.92,1.9,1.9,1.89,1.81,1.83,1.81,#,#,1.87,1.88,1.88,1.9,1.93,2.01,1.96,1.98,
嘉義,2024/06/14 00:00:00,WD_HR,184,195,182,120,141,227,204,209,148,119,172,201,208,#,193,196,217,208,172,118,210,222,229,212,
嘉義,2024/06/14 00:00:00,WIND_DIREC,171,214,128,119,163,210,224,231,122,124,213,216,189,#,186,121,207,210,148,117,234,221,232,216,
嘉義,2024/06/14 00:00:00,WIND_SPEED,2.2,1.9,1.4,1.7,1,2.1,1.3,3.3,2,1.8,2.1,3.1,1.9,#,1.9,1.5,1.5,2,1.2,1.4,1.7,2.4,2.6,2.2,
嘉義,2024/06/14 00:00:00,WS_HR,1.4,1.4,1.3,1.6,0.8,2.1,1.2,1.4,1.3,1.8,0.8,2,2.1,#,1.4,1.3,1.2,1.4,1.1,0.7,0.7,1.8,2.2,1.6,
嘉義,2024/06/15 00:00:00,AMB_TEMP,28.4,28.4,27.7,27.3,26.9,27.1,27.9,30,30.4,31.5,32.8,33.9,34,34.1,34,34.2,33.9,33.1,31.8,30.5,29.9,29.5,29.3,29,
嘉義,2024/06/15 00:00:00,CH4,2.02,1.98,2,2.06,2.07,2.02,2.04,1.88,1.84,1.84,1.84,1.85,1.86,1.85,1.84,1.85,1.85,1.86,1.88,1.93,1.93,1.9,1.9,1.97,
嘉義,2024/06/15 00:00:00,CO,0.1,0.08,0.09,0.1,0.1,0.11,0.14,0.11,0.14,0.16,0.16,0.14,0.11,0.1,0.09,0.09,0.1,0.12,0.15,0.17,0.16,0.13,0.13,0.14,
嘉義,2024/06/15 00:00:00,NMHC,0,0,0,0,0,0.01,0.01,0,0,0,0.01,0.01,0,0,0,0,0.01,0.01,0.03,0.03,0.02,0.01,0.01,0.01,
嘉義,2024/06/15 00:00:00,NO,0.7,1.3,1,0.8,0.9,1.1,1.9,1.5,1.3,1.3,1.1,0.9,1.2,1.1,1,1.2,1.1,1,1,1,1.1,0.9,0.9,0.9,
嘉義,2024/06/15 00:00:00,NO2,2.1,1.8,2,2.8,2.5,2.4,3.3,2.1,2,2,2.1,2,1.9,1.7,1.8,2,2.1,3.1,4.9,5.3,5.9,5.1,4.2,4.8,
嘉義,2024/06/15 00:00:00,NOx,2.9,3.1,3,3.7,3.5,3.5,5.3,3.6,3.4,3.4,3.3,3,3.2,2.9,2.8,3.2,3.3,4.1,6,6.4,7,6.1,5.1,5.8,
嘉義,2024/06/15 00:00:00,O3,15.8,17,15,11,10.2,11.6,11.9,21,26.8,34,38.6,39.9,43.4,39.7,38.2,36.2,34.8,34.9,24.9,19.5,14.4,15.1,15.1,13.3,
嘉義,2024/06/15 00:00:00,PM10,18,18,23,24,25,24,24,25,24,24,19,21,24,19,15,19,14,18,18,26,36,25,17,19,
嘉義,2024/06/15 00:00:00,PM2.5,7,4,4,5,6,6,6,6,6,7,9,10,7,6,8,6,8,9,8,8,26,5,8,8,
嘉義,2024/06/15 00:00:00,RAINFALL,0,0,0,0,0,0,0,0,0,0,0,0,0,0,0,0,0,0,0,0,0,0,0,0,
嘉義,2024/06/15 00:00:00,RH,77,75,81,84,85,84,80,67,68,66,64,56,56,56,55,54,55,60,68,78,83,84,84,85,
嘉義,2024/06/15 00:00:00,SO2,1.2,0.8,0.9,1,0.9,0.8,1.3,1.1,1.3,1.4,1.3,1.2,1.3,1.3,1.3,1.3,1.3,1.4,1.3,1.1,1.4,1.3,1.3,1.4,
嘉義,2024/06/15 00:00:00,THC,2.01,1.97,2,2.06,2.07,2.03,2.05,1.87,1.84,1.84,1.85,1.86,1.86,1.85,1.84,1.85,1.86,1.87,1.91,1.96,1.95,1.91,1.91,1.98,
嘉義,2024/06/15 00:00:00,WD_HR,221,224,208,181,216,197,208,228,227,225,229,229,234,232,232,233,237,232,234,222,219,225,225,216,
嘉義,2024/06/15 00:00:00,WIND_DIREC,224,238,157,194,221,196,222,227,229,221,222,230,231,235,231,232,#,236,229,222,226,230,234,197,
嘉義,2024/06/15 00:00:00,WIND_SPEED,2,2.1,1.2,1.2,2.1,1.5,3.1,4.2,3.8,4.4,3.6,4.9,4.4,4.3,4.5,4,#,4.4,3.3,3.1,2.1,2,1.9,1,
嘉義,2024/06/15 00:00:00,WS_HR,2.1,1.9,1.2,0.8,1.4,1.1,1.6,3.5,4,4,3.9,4.3,4.5,4.4,4.2,4.5,5.2,4,3.3,2.8,1.6,2.3,1.8,1,
嘉義,2024/06/16 00:00:00,AMB_TEMP,29,28.7,28.5,28.2,28,27.7,27.9,28.8,31,31.5,32.5,33.5,33.3,32.2,33.2,33.4,32.7,31.8,30.8,30.3,30,29.7,29.4,29.4,
嘉義,2024/06/16 00:00:00,CH4,1.92,1.94,2.02,2.02,1.95,2.03,2.06,1.96,1.9,1.86,1.86,1.85,1.86,1.87,1.84,1.85,1.85,1.87,1.91,1.93,2.03,2.11,1.97,1.96,
嘉義,2024/06/16 00:00:00,CO,0.11,0.13,0.12,0.1,0.08,0.11,0.13,0.14,0.12,0.21,0.22,0.15,0.11,0.11,0.08,0.08,0.09,0.11,0.11,0.14,0.19,0.15,0.14,0.13,
嘉義,2024/06/16 00:00:00,NMHC,0.01,0.02,0.02,0.02,0.01,0.01,0.02,0.02,0,0,0.01,0,0,0,0,0,0,0,0.01,0.01,0.02,0.01,0.01,0,
嘉義,2024/06/16 00:00:00,NO,1,0.7,0.6,0.7,0.6,0.6,1.3,1.8,2.3,1.3,1.2,1,0.7,0.9,0.9,0.7,0.8,0.8,0.9,0.6,0.9,0.7,0.7,0.7,
嘉義,2024/06/16 00:00:00,NO2,3.9,4.7,3.9,3.5,2.5,3.1,3.5,3.2,3,2.5,2.6,1.4,1.3,1.4,1.5,1.4,1.7,2.6,3.7,5,7,4.8,3.8,3.1,
嘉義,2024/06/16 00:00:00,NOx,4.9,5.5,4.5,4.2,3.1,3.8,4.8,5,5.3,3.9,3.8,2.5,2,2.3,2.5,2.1,2.6,3.4,4.7,5.7,7.9,5.6,4.6,3.8,
嘉義,2024/06/16 00:00:00,O3,12.7,8.1,8.1,8.3,9.3,10.8,8.5,12.5,20.8,30,37.6,34.6,35.7,36.8,31.7,31,29.8,27.1,18.6,14.7,11.9,#,#,#,
嘉義,2024/06/16 00:00:00,PM10,21,16,13,18,17,13,24,21,17,18,29,24,21,16,8,14,13,9,17,14,15,21,16,13,
嘉義,2024/06/16 00:00:00,PM2.5,6,7,9,6,3,8,8,11,6,6,8,6,6,7,6,3,3,5,5,5,7,14,9,8,
嘉義,2024/06/16 00:00:00,RAINFALL,0,0,0,0,0,0,0,0,0,0,0,0,0,0,0,0,0,0,0,0,0,0,0,0,
嘉義,2024/06/16 00:00:00,RH,84,85,85,85,84,85,86,83,69,63,61,56,57,64,57,59,62,67,72,72,74,82,84,84,
嘉義,2024/06/16 00:00:00,SO2,1.4,1.5,1.1,1,1.1,1,1.8,1.4,1.7,2,2.2,1.7,1.5,1.4,1.3,1.3,1.3,1.3,1.2,1.1,1.2,1.2,1.3,1.4,
嘉義,2024/06/16 00:00:00,THC,1.93,1.96,2.04,2.04,1.96,2.04,2.08,1.98,1.9,1.86,1.87,1.84,1.86,1.87,1.84,1.84,1.84,1.87,1.92,1.94,2.05,2.12,1.98,1.96,
嘉義,2024/06/16 00:00:00,WD_HR,119,118,115,115,119,213,118,136,187,210,220,212,230,233,216,209,208,224,239,235,227,211,219,206,
嘉義,2024/06/16 00:00:00,WIND_DIREC,113,119,121,116,242,167,116,174,198,214,215,226,230,224,214,211,213,238,233,234,212,219,213,197,
嘉義,2024/06/16 00:00:00,WIND_SPEED,1.2,1.6,1.1,1.4,0.8,1.5,1.4,2,3,3.4,3.6,3.5,4.1,3.6,3.4,3.4,2.9,3.1,2.5,2.1,2.1,1.6,2,2,
嘉義,2024/06/16 00:00:00,WS_HR,0.8,1.2,1,1.2,0.8,1.1,1.2,0.6,1.7,2.5,2.6,2.8,3.9,4.2,3.1,2.4,2.3,2.2,3,2.2,1.9,1.1,1.7,1.6,
嘉義,2024/06/17 00:00:00,AMB_TEMP,29.2,29.2,28.9,28.7,28.7,28.8,29.1,29.2,30.3,31.6,31.8,32.2,32.9,33,32.9,33.3,32.6,32.2,31.1,30.3,29.8,29.6,29.3,28.9,
嘉義,2024/06/17 00:00:00,CH4,1.93,1.99,1.96,2,2.04,1.94,1.97,1.99,1.97,1.88,1.92,1.94,1.9,1.89,#,1.86,1.87,1.87,1.89,1.9,1.98,1.94,1.92,1.97,
嘉義,2024/06/17 00:00:00,CO,0.13,0.13,0.12,0.15,0.15,0.13,0.15,0.22,0.2,#,0.27,0.35,0.16,0.16,0.15,#,0.14,0.15,0.17,0.16,0.16,0.15,0.12,0.12,
嘉義,2024/06/17 00:00:00,NMHC,0.01,0.01,0,0,0,0,0.01,0.02,0.04,0.02,0.04,0.05,0.02,0.03,#,0.01,0.01,0.02,0.01,0.02,0.02,0.01,0,0.01,
嘉義,2024/06/17 00:00:00,NO,0.8,0.3,0.3,0.3,0.1,0.4,0.7,2.4,3.2,#,1.6,0.8,0.5,0.4,0.5,#,0.6,0.7,0.5,0.5,0.6,0.5,0.4,0.4,
嘉義,2024/06/17 00:00:00,NO2,2.8,3.6,3.5,3.7,4.6,4.2,4.5,5.5,5.5,#,6.6,7.1,5,4.1,4.5,#,4.1,4.7,5.4,6.6,5.7,5.6,4.3,4.1,
嘉義,2024/06/17 00:00:00,NOx,3.7,3.9,3.8,4.1,4.7,4.6,5.3,7.9,8.7,#,8.3,8,5.5,4.6,5.1,#,4.8,5.4,6,7.1,6.4,6.1,4.8,4.5,
嘉義,2024/06/17 00:00:00,O3,#,17.7,15.9,14.7,10.4,14.1,11.6,10.9,15.2,23.1,35.6,60.8,57.5,62.4,#,40.9,37.6,34.8,21.5,17,16.8,17.6,18.4,16.7,
嘉義,2024/06/17 00:00:00,PM10,10,14,16,28,19,18,17,24,21,36,27,33,24,33,21,#,24,24,21,16,19,20,21,17,
嘉義,2024/06/17 00:00:00,PM2.5,6,3,10,9,13,9,10,10,12,11,12,17,15,10,#,11,13,12,8,10,10,9,7,6,
嘉義,2024/06/17 00:00:00,RAINFALL,0,0,0,0,0,0,0,0,0,0,0,0,0,#,#,0,0,0,0,0,0,0,0,0,
嘉義,2024/06/17 00:00:00,RH,83,84,85,84,84,83,82,77,71,62,63,65,64,63,63,60,65,64,67,70,76,78,82,85,
嘉義,2024/06/17 00:00:00,SO2,1.4,1.2,2,2.2,2,2,2,1.5,1.6,#,3,3.8,2,1.6,1.6,#,1.1,1.3,1.1,1.1,1,1.2,1,1,
嘉義,2024/06/17 00:00:00,THC,1.94,2,1.95,2,2.04,1.94,1.98,2.01,2.01,1.9,1.96,1.99,1.92,1.92,#,1.87,1.88,1.89,1.9,1.92,2,1.95,1.91,1.98,
嘉義,2024/06/17 00:00:00,WD_HR,209,182,195,209,149,149,108,219,228,227,224,225,228,218,229,230,233,226,237,230,222,219,224,209,
嘉義,2024/06/17 00:00:00,WIND_DIREC,199,126,228,176,98,114,118,229,227,225,218,229,216,186,238,229,234,231,235,228,222,220,231,209,
嘉義,2024/06/17 00:00:00,WIND_SPEED,1.5,1,1.4,1.7,1,1.1,0.9,1.9,3.8,4.8,4,3.2,3.8,2.6,4.2,4.5,4.6,3.8,3.2,2.7,2.5,1.9,2.3,1.4,
嘉義,2024/06/17 00:00:00,WS_HR,1.6,0.6,0.6,1.3,0.7,0.8,0.5,1.1,2.6,4.1,3.5,3.3,3.5,3,3.1,4.3,3.9,3.7,3,2.8,2.2,1.4,2,1.3,
嘉義,2024/06/18 00:00:00,AMB_TEMP,28.7,28.6,28.4,28.1,27.8,28.1,28.3,29,30.6,32.3,33.4,34.3,34,33.8,33.8,33.5,31.7,30.7,30.5,30,29.6,29.4,29.4,29.1,
嘉義,2024/06/18 00:00:00,CH4,2,1.97,1.94,2.02,1.98,2,2.02,2.06,1.97,1.85,1.86,1.87,1.89,1.86,1.86,1.85,1.84,1.84,1.85,1.86,1.87,1.92,2.03,1.99,
嘉義,2024/06/18 00:00:00,CO,0.13,0.15,0.14,0.13,0.11,0.14,0.22,0.26,0.24,0.17,0.16,0.12,0.13,0.11,0.1,0.1,0.13,0.14,0.13,0.12,0.11,0.16,0.15,0.13,
嘉義,2024/06/18 00:00:00,NMHC,0.02,0.03,0.01,0.04,0.01,0.03,0.05,0.05,0.03,0.01,0.02,0.01,0.01,0,0,0,0,0,0,0,0,0,0.02,0.02,
嘉義,2024/06/18 00:00:00,NO,0.4,0.5,0.5,0.7,0.4,0.7,1.7,3.7,4.2,1.8,0.9,0.8,0.6,0.7,0.7,0.8,1.6,1.1,0.8,0.8,0.8,0.7,0.5,0.4,
嘉義,2024/06/18 00:00:00,NO2,4.7,5.7,4.5,4.1,3.5,3.9,5.3,6.1,5.8,3.6,2.5,2.2,2.8,2.3,2,1.9,2.7,4,4.1,3.5,3.4,4.3,4.9,5.3,
嘉義,2024/06/18 00:00:00,NOx,5.2,6.2,5.1,4.8,3.9,4.6,7.1,9.9,10,5.5,3.4,3.1,3.5,3.1,2.7,2.8,4.4,5.2,5,4.4,4.2,5.1,5.4,5.7,
嘉義,2024/06/18 00:00:00,O3,14,11.4,10.6,7.4,8.1,7.7,8.5,9.5,16.7,31,40,40.3,48.2,34.7,31.1,26,21.7,21.6,21.9,19.6,18.4,15.6,12.6,11.1,
嘉義,2024/06/18 00:00:00,PM10,25,15,23,19,25,24,31,27,31,32,21,9,19,19,4,10,12,11,16,9,16,19,12,18,
嘉義,2024/06/18 00:00:00,PM2.5,8,13,17,14,13,16,12,12,11,9,5,4,5,4,3,2,1,2,5,4,7,12,7,3,
嘉義,2024/06/18 00:00:00,RAINFALL,0,0,0,0,0,0,0,0,0,0,0,0,0,0,0,0,0,0,0,0,0,0,0,0,
嘉義,2024/06/18 00:00:00,RH,86,86,86,85,82,76,78,77,69,61,58,50,56,54,54,57,69,76,80,84,86,87,86,86,
嘉義,2024/06/18 00:00:00,SO2,1,1.6,2.1,1.4,0.7,1,1.6,1.3,1.6,2,1.6,1.3,1.2,1.1,1.1,1,0.9,0.9,0.9,0.9,0.9,0.8,0.9,1.1,
嘉義,2024/06/18 00:00:00,THC,2.02,2,1.95,2.06,1.99,2.03,2.07,2.11,2,1.86,1.88,1.88,1.9,1.86,1.85,1.84,1.83,1.83,1.83,1.85,1.86,1.92,2.05,2.01,
嘉義,2024/06/18 00:00:00,WD_HR,186,147,117,111,112,112,205,209,212,219,228,234,247,246,245,250,268,250,252,244,232,233,192,216,
嘉義,2024/06/18 00:00:00,WIND_DIREC,185,157,120,113,116,115,217,219,224,226,232,244,251,245,240,268,258,247,251,236,232,234,192,218,
嘉義,2024/06/18 00:00:00,WIND_SPEED,1.6,1.1,1.4,1.4,1.3,0.8,1.4,1.6,2.8,3.5,3,4.3,4.5,4.9,4.9,3.4,3.2,2.3,2.5,2.7,2.3,1.7,1.3,1.9,
嘉義,2024/06/18 00:00:00,WS_HR,1.2,0.6,1.1,1.2,1.2,0.8,0.2,0.7,1.4,2.5,2.6,3.7,3.8,4.2,4.4,3.5,3.4,2.4,2.2,2.2,2.3,1.8,0.9,1.5,
嘉義,2024/06/19 00:00:00,AMB_TEMP,28.8,28.5,28.6,28.5,28.4,28.2,28.4,29.5,31,32.3,33.4,34.3,34.5,34,33.9,33.5,33.4,32.4,30.4,28.9,29,28.9,29,29.2,
嘉義,2024/06/19 00:00:00,CH4,1.98,2,1.95,1.94,2,2.01,1.96,1.94,1.84,1.83,1.83,1.84,1.86,1.85,1.83,1.83,1.83,1.83,1.85,1.86,1.88,1.93,1.95,1.96,
嘉義,2024/06/19 00:00:00,CO,0.11,0.1,0.1,0.1,0.11,0.13,0.16,0.22,0.13,0.1,0.1,0.12,0.14,0.1,0.09,0.09,0.1,0.13,0.13,0.14,0.15,0.16,0.15,0.15,
嘉義,2024/06/19 00:00:00,NMHC,0.01,0,0,0,0.01,0.03,0.02,0.03,0,0,0,0,0,0,0,0,0,0,0,0.01,0.01,0.02,0.02,0.02,
嘉義,2024/06/19 00:00:00,NO,0.5,0.6,0.7,0.6,0.6,1.4,2.6,3.5,2.3,1.2,0.9,1.2,0.9,1,1.3,1.3,1.6,1.7,0.8,0.6,0.6,0.7,0.7,0.7,
嘉義,2024/06/19 00:00:00,NO2,4.4,4,3.9,3.7,3.9,4,3.5,4.7,2.9,1.3,1.1,1.3,2.1,2.3,1.7,1.5,1.6,2.4,2.8,3.3,3.7,4.2,4.2,4.3,
嘉義,2024/06/19 00:00:00,NOx,4.9,4.7,4.6,4.3,4.6,5.5,6.2,8.3,5.2,2.6,2,2.6,3,3.3,3,2.8,3.2,4.2,3.7,3.9,4.4,5,4.9,5.1,
嘉義,2024/06/19 00:00:00,O3,11.9,11,9.2,9.8,5,4.2,6.4,11.5,19.6,20.9,24.5,30.9,47.9,38.2,28.5,29.3,24.8,22.1,33,31.3,28.4,19.2,14.5,11.7,
嘉義,2024/06/19 00:00:00,PM10,15,11,16,12,15,18,21,20,9,10,11,9,15,12,19,9,7,8,4,3,10,16,18,16,
嘉義,2024/06/19 00:00:00,PM2.5,4,3,5,4,8,7,9,12,8,4,2,4,10,6,2,4,3,3,3,3,8,7,4,4,
嘉義,2024/06/19 00:00:00,RAINFALL,0,0,0,0,0,0,0,0,0,0,0,0,0,0,0,0,0,0,0,0,0,0,0,0,
嘉義,2024/06/19 00:00:00,RH,86,87,87,87,87,86,84,81,72,63,57,52,55,60,60,62,59,63,67,77,78,81,82,81,
嘉義,2024/06/19 00:00:00,SO2,1.1,1.2,1.8,1.7,1.4,0.9,0.8,1.2,1.2,0.9,0.9,1,1.3,1.2,1,0.9,1,1,0.9,0.9,0.9,0.9,1,1.1,
嘉義,2024/06/19 00:00:00,THC,1.99,2,1.95,1.94,2.01,2.04,1.98,1.97,1.84,1.82,1.83,1.83,1.86,1.84,1.82,1.81,1.82,1.82,1.85,1.87,1.89,1.95,1.97,1.98,
嘉義,2024/06/19 00:00:00,WD_HR,219,214,164,163,115,107,113,170,226,225,226,223,242,255,249,259,256,264,102,100,104,107,110,103,
嘉義,2024/06/19 00:00:00,WIND_DIREC,198,145,201,113,113,102,114,221,226,227,211,207,251,271,256,276,277,59,105,97,104,107,106,113,
嘉義,2024/06/19 00:00:00,WIND_SPEED,1.5,1,1.2,0.8,0.8,1.6,1.8,2.1,2.8,3.9,3,3.3,4.1,4.8,4.9,4,4.2,2,2.6,2.1,1.7,2,1,0.8,
嘉義,2024/06/19 00:00:00,WS_HR,1.6,1.3,0.6,0.6,1.1,0.9,1.6,0.6,2.5,3,3.1,3.2,3.4,4,4.6,3.8,3.6,1.9,2.2,2.2,1.8,1.8,1.1,0.9,
嘉義,2024/06/20 00:00:00,AMB_TEMP,28.7,28.8,28.4,28.1,28.1,28.1,28.7,30.2,31.6,32.7,33.8,34.5,34.4,34.2,34.1,33.7,33,32.5,31.9,30.5,28,28.1,28.6,28.7,
嘉義,2024/06/20 00:00:00,CH4,1.98,2.02,1.94,1.95,1.99,1.99,1.94,1.91,1.83,1.82,1.82,1.84,1.85,1.81,1.82,1.81,1.82,1.83,1.83,1.83,1.86,1.87,1.93,1.94,
嘉義,2024/06/20 00:00:00,CO,0.12,0.12,0.11,0.11,0.11,0.13,0.16,0.17,0.1,0.12,0.12,0.12,0.12,#,0.09,0.09,0.1,0.12,0.11,0.1,0.13,0.17,0.19,0.14,
嘉義,2024/06/20 00:00:00,NMHC,0.01,0.01,0.01,0.02,0.04,0.05,0.03,0.02,0,0,0,0.01,0,0,0,0,0,0.01,0,0,0.02,0.03,0.07,0.05,
嘉義,2024/06/20 00:00:00,NO,0.7,0.3,0.3,0.4,0.4,0.6,1.7,2.9,1.6,1.3,0.8,0.4,#,#,0.7,0.9,0.9,0.9,0.7,0.6,0.5,0.7,0.3,0.2,
嘉義,2024/06/20 00:00:00,NO2,4.4,5.9,4,3.3,3.7,4.5,4.9,4.7,2.7,2,1.8,1.9,#,#,2.7,2.2,2.7,3.4,3.3,3.7,4.2,5.1,6.7,6.1,
嘉義,2024/06/20 00:00:00,NOx,5.2,6.2,4.4,3.7,4.2,5.2,6.7,7.7,4.4,3.4,2.6,2.4,#,#,3.5,3.1,3.6,4.4,4.1,4.3,4.7,5.9,7,6.4,
嘉義,2024/06/20 00:00:00,O3,12.1,9.4,9.9,8.6,8.6,8.3,9.5,13.6,16.6,#,#,#,42.2,28.7,27.7,28.1,25.8,21,15.5,16.5,16.5,16.8,10.1,7.1,
嘉義,2024/06/20 00:00:00,PM10,16,14,23,21,18,17,22,21,7,11,9,9,16,9,16,14,15,10,11,15,10,5,11,13,
嘉義,2024/06/20 00:00:00,PM2.5,4,6,6,4,5,7,11,7,3,0,1,3,4,2,0,2,3,6,5,3,2,3,3,2,
嘉義,2024/06/20 00:00:00,RAINFALL,0,0,0,0,0,0,0,0,0,0,0,0,0,0,0,0,0,0,0,0,10.5,0,0,0,
嘉義,2024/06/20 00:00:00,RH,85,85,84,84,85,85,82,72,67,60,55,54,58,61,61,63,66,68,70,75,89,90,90,89,
嘉義,2024/06/20 00:00:00,SO2,1,0.9,0.8,0.7,0.7,0.8,1.8,1.5,1,1.1,1.3,1.2,1.1,#,0.6,0.7,0.7,0.7,0.6,0.5,0.5,0.5,0.7,0.7,
嘉義,2024/06/20 00:00:00,THC,1.99,2.03,1.95,1.97,2.03,2.04,1.97,1.93,1.82,1.81,1.82,1.85,1.85,1.8,1.82,1.81,1.82,1.84,1.82,1.83,1.88,1.9,2,1.99,
嘉義,2024/06/20 00:00:00,WD_HR,218,117,110,113,106,137,139,233,227,201,228,233,240,257,252,248,250,247,254,164,110,105,107,113,
嘉義,2024/06/20 00:00:00,WIND_DIREC,216,105,117,118,106,147,228,224,237,214,232,243,240,260,255,242,258,252,237,107,97,101,113,135,
嘉義,2024/06/20 00:00:00,WIND_SPEED,1,1.2,1.3,1.5,1,1.1,1.1,1.5,3,2.3,2.7,3.9,3.9,3.8,4.9,4.3,3.9,3.8,3.6,3.6,2,1.3,1.1,0.9,
嘉義,2024/06/20 00:00:00,WS_HR,0.8,0.9,1.2,1.3,0.9,0.7,0.4,1.3,2.2,1.3,1.9,2.5,3.3,3.4,3.8,4.2,4,3.6,3,1,0.9,1.2,1,0.6,
嘉義,2024/06/21 00:00:00,AMB_TEMP,28.5,28.6,28.4,28,27.8,28,28.2,29.9,31.7,32.8,33.7,34.8,35.4,35.2,34.6,34.1,33.5,32.8,32.3,31.7,31.1,30.6,30.5,30.1,
嘉義,2024/06/21 00:00:00,CH4,1.92,1.94,2,1.99,1.94,1.98,2,1.9,1.86,1.83,1.83,1.83,1.85,1.86,1.84,1.83,1.84,1.84,1.85,1.87,1.88,1.9,1.95,1.89,
嘉義,2024/06/21 00:00:00,CO,0.12,0.12,0.11,0.09,0.09,0.12,0.16,0.19,0.16,0.11,0.11,0.1,0.12,0.14,0.11,0.1,0.12,0.13,0.12,0.13,0.14,0.14,0.14,0.12,
嘉義,2024/06/21 00:00:00,NMHC,0.02,0.03,0.02,0.01,0,0.02,0.06,0.02,0,0,0,0,0,0.01,0,0,0,0,0,0,0,0,0.01,0.01,
嘉義,2024/06/21 00:00:00,NO,0.3,0.5,0.8,0.7,0.5,1.1,3.2,3.8,3.6,1.5,1.1,0.7,0.8,0.9,0.8,1.1,1,1.4,0.8,0.7,0.7,0.7,0.3,0.6,
嘉義,2024/06/21 00:00:00,NO2,5,6.3,4.8,4.1,3.1,4,4.2,3.9,4.1,2.3,2.3,2.1,2.7,3.8,3.2,3.1,3.5,4.1,4.1,4.9,6.4,8.4,6.5,6.1,
嘉義,2024/06/21 00:00:00,NOx,5.3,6.8,5.7,4.9,3.6,5.1,7.4,7.8,7.7,3.9,3.4,2.9,3.5,4.8,4,4.2,4.6,5.6,5,5.7,7.1,9.1,6.8,6.8,
嘉義,2024/06/21 00:00:00,O3,5.8,3.9,3.3,2.4,3.3,2.9,3.2,7.6,12.4,17.3,21.4,21.5,37.4,49.8,34.7,27.9,22,18.4,17.3,15.5,12.5,13.1,13,11.7,
嘉義,2024/06/21 00:00:00,PM10,13,13,12,17,24,20,17,17,17,12,9,8,11,18,21,23,16,15,18,17,15,21,13,16,
嘉義,2024/06/21 00:00:00,PM2.5,1,7,6,6,6,6,6,5,4,2,1,2,2,5,5,4,5,4,5,3,5,5,4,3,
嘉義,2024/06/21 00:00:00,RAINFALL,0,0,0,0,0,0,0,0,0,0,0,0,0,0,0,0,0,0,0,0,0,0,0,0,
嘉義,2024/06/21 00:00:00,RH,89,89,88,88,87,87,87,77,65,60,58,52,52,58,62,63,63,67,70,74,80,85,86,86,
嘉義,2024/06/21 00:00:00,SO2,0.9,2.2,1.4,1,0.9,0.8,1,1.6,1.7,1.5,1.2,1,1.1,1.4,1.3,1,1.1,1,1,1,1,0.9,1,0.9,
嘉義,2024/06/21 00:00:00,THC,1.94,1.97,2.02,2,1.93,2,2.06,1.92,1.86,1.82,1.83,1.83,1.85,1.87,1.83,1.82,1.83,1.83,1.84,1.87,1.88,1.9,1.96,1.9,
嘉義,2024/06/21 00:00:00,WD_HR,170,127,119,112,115,103,100,160,215,223,235,224,237,252,252,253,254,250,243,232,238,233,219,207,
嘉義,2024/06/21 00:00:00,WIND_DIREC,182,108,111,117,110,107,98,224,207,214,239,196,265,251,252,257,248,256,238,229,239,229,191,205,
嘉義,2024/06/21 00:00:00,WIND_SPEED,0.9,1.1,1.2,1.7,1.3,1.3,1.2,1.6,2.5,2.8,3.6,2.9,4.2,3.9,4.7,4,3.7,2.5,2.7,2.6,2.8,1.7,1.4,2,
嘉義,2024/06/21 00:00:00,WS_HR,0.2,0.7,0.8,1.4,1.2,1.1,1.2,0.6,1.9,3,3.5,2.8,3.1,3.6,4.3,3.9,3.5,2.9,2.5,2.7,2.6,2.2,1.2,1.6,
嘉義,2024/06/22 00:00:00,AMB_TEMP,29.9,29.6,29.4,29.2,28.9,28.9,29.5,30.9,31.9,32.7,34,35,35.6,36.2,36.4,35.5,35,34.1,33.1,32.3,31.7,31,30.9,30.8,
嘉義,2024/06/22 00:00:00,CH4,1.88,1.89,1.89,1.89,1.91,1.93,1.91,1.91,1.84,1.84,1.84,1.84,1.83,1.82,1.83,1.84,1.85,1.85,1.85,1.88,1.91,1.89,1.88,1.91,
嘉義,2024/06/22 00:00:00,CO,0.14,0.11,0.1,0.08,0.08,0.09,0.1,0.12,0.08,0.08,0.09,0.09,0.09,0.09,0.1,0.12,0.11,0.11,0.12,0.15,0.14,0.13,0.13,0.12,
嘉義,2024/06/22 00:00:00,NMHC,0,0,0,0,0,0,0,0,0,0,0,0,0,0.01,0,0.01,0,0,0,0.01,0.01,0.01,0,0,
嘉義,2024/06/22 00:00:00,NO,0.6,1.1,0.9,0.6,0.7,0.7,1.3,2.2,1.7,1.2,1,1.1,0.9,0.8,0.9,0.7,1,1.2,0.9,0.8,0.6,0.8,0.4,0.6,
嘉義,2024/06/22 00:00:00,NO2,5.8,5.5,3.4,2.4,2.4,3.4,3.2,3.5,2.4,1.7,2.1,2.4,2.2,2.4,2.8,3.8,3.8,4.2,4.9,6.4,6.7,5.3,4.5,5,
嘉義,2024/06/22 00:00:00,NOx,6.4,6.6,4.3,3,3.1,4.1,4.5,5.8,4.2,3,3.2,3.6,3.2,3.2,3.7,4.6,4.8,5.5,5.8,7.3,7.4,6.1,4.9,5.6,
嘉義,2024/06/22 00:00:00,O3,11,10.4,11.6,13.3,13.2,9.8,11.4,13.2,15,18.3,23.6,27.7,30.7,30.5,36,41,27.3,21.3,17,15.1,13.8,17,17.6,15.2,
嘉義,2024/06/22 00:00:00,PM10,9,9,7,7,9,16,15,13,8,9,8,10,8,17,19,22,23,17,15,21,17,17,14,18,
嘉義,2024/06/22 00:00:00,PM2.5,3,4,3,2,2,3,5,3,2,1,1,2,1,2,3,10,9,5,4,4,6,6,7,7,
嘉義,2024/06/22 00:00:00,RAINFALL,0,0,0,0,0,0,0,0,0,0,0,0,0,0,0,0,0,0,0,0,0,0,0,0,
嘉義,2024/06/22 00:00:00,RH,85,86,85,85,85,86,84,73,66,63,57,52,49,47,48,55,56,59,62,67,70,75,77,76,
嘉義,2024/06/22 00:00:00,SO2,1.2,1.3,1.1,1,1,1.6,2.2,1.8,1.2,1.1,1.3,1.2,1.3,1.2,1.2,1.5,1.5,1.2,1.1,1.2,1.3,1.2,1.1,1.2,
嘉義,2024/06/22 00:00:00,THC,1.88,1.88,1.88,1.87,1.89,1.92,1.9,1.91,1.82,1.83,1.84,1.84,1.83,1.83,1.83,1.85,1.84,1.84,1.85,1.89,1.92,1.9,1.88,1.9,
嘉義,2024/06/22 00:00:00,WD_HR,204,196,203,205,205,121,101,178,210,219,214,208,219,218,226,234,239,237,235,226,226,229,198,187,
嘉義,2024/06/22 00:00:00,WIND_DIREC,194,206,209,199,187,93,117,210,218,204,210,217,230,215,226,230,236,236,233,229,233,223,198,184,
嘉義,2024/06/22 00:00:00,WIND_SPEED,1.7,2.1,2.5,1.6,1.4,0.9,1.3,2.5,3.7,3,3.2,3.2,3.9,3.6,3.1,4.9,4.9,4.5,2.9,2.3,3.2,2.6,2.5,1.7,
嘉義,2024/06/22 00:00:00,WS_HR,1.6,1.6,1.8,1.6,1.3,0.9,0.9,0.7,2.3,2.8,2.8,2.4,2.7,2.8,3.1,4.1,4.7,4.6,3.3,2,2.2,2.4,1.7,1.5,
嘉義,2024/06/23 00:00:00,AMB_TEMP,30.6,30.7,30.2,29.6,29.4,29.6,30.3,31.4,32.4,33.7,34.6,35.4,35.7,35.3,34.9,34.2,33.4,32.2,31.5,31,30.5,30.4,30.6,30.3,
嘉義,2024/06/23 00:00:00,CH4,1.88,1.86,1.87,1.87,1.87,1.88,1.88,1.85,1.83,1.83,1.83,1.84,1.86,1.84,1.83,1.82,1.82,1.83,1.84,1.87,1.87,1.89,1.87,1.95,
嘉義,2024/06/23 00:00:00,CO,0.12,0.1,0.09,0.09,0.09,0.09,0.1,0.1,0.1,0.13,0.11,0.12,0.13,0.1,0.08,0.07,0.08,0.1,0.11,0.13,0.13,0.13,0.11,0.12,
嘉義,2024/06/23 00:00:00,NMHC,0,0,0,0,0,0,0,0,0,0,0,0,0,0,0,0,0,0,0,0,0,0,0,0.01,
嘉義,2024/06/23 00:00:00,NO,0.8,0.5,0.7,0.8,0.8,0.5,1.3,1.3,1.2,1,1,1.2,0.8,0.6,1.1,1.1,0.9,0.9,0.9,0.6,0.8,1,0.9,0.6,
嘉義,2024/06/23 00:00:00,NO2,4.1,4.7,2.6,2,2.1,2.4,3.1,2.6,2.1,2,2.1,2.5,2.7,2.9,2.7,2.7,2.8,3.6,3.8,5.4,6.5,5.7,5.6,5.9,
嘉義,2024/06/23 00:00:00,NOx,4.9,5.3,3.3,2.9,2.9,3,4.4,4,3.4,3.1,3.1,3.8,3.5,3.6,3.9,3.8,3.7,4.6,4.7,6.1,7.3,6.7,6.6,6.6,
嘉義,2024/06/23 00:00:00,O3,16.7,16.1,17.1,17.5,17.5,17.9,16.5,20.1,23,27,30.9,34.9,44.3,43,32.2,27,25.9,26.4,23.7,20.1,18.5,18.4,17,12.4,
嘉義,2024/06/23 00:00:00,PM10,17,12,11,8,13,9,11,23,22,15,13,21,37,17,14,15,12,12,8,13,17,15,18,8,
嘉義,2024/06/23 00:00:00,PM2.5,5,5,6,6,8,9,7,10,14,10,5,14,11,7,4,1,1,4,4,2,3,6,7,4,
嘉義,2024/06/23 00:00:00,RAINFALL,0,0,0,0,0,0,0,0,0,0,0,0,0,0,0,0,0,0,0,0,0,0,0,0,
嘉義,2024/06/23 00:00:00,RH,76,75,76,80,81,78,72,66,60,54,49,46,48,52,54,56,57,62,66,69,72,75,73,74,
嘉義,2024/06/23 00:00:00,SO2,1.4,1.3,1.4,1.3,1.4,1.3,1.7,2,2.2,2.2,1.9,2.4,2.1,1.9,1.5,1.5,1.4,1.4,1.4,1.5,1.7,1.5,2,1.7,
嘉義,2024/06/23 00:00:00,THC,1.86,1.84,1.84,1.85,1.86,1.86,1.87,1.84,1.82,1.83,1.83,1.84,1.86,1.83,1.81,1.8,1.81,1.81,1.83,1.87,1.87,1.89,1.87,1.96,
嘉義,2024/06/23 00:00:00,WD_HR,206,194,218,228,212,189,177,212,219,213,226,218,227,228,234,236,235,232,226,225,218,221,127,117,
嘉義,2024/06/23 00:00:00,WIND_DIREC,190,197,224,222,175,169,167,218,220,196,229,220,232,234,239,235,230,235,215,226,215,107,135,118,
嘉義,2024/06/23 00:00:00,WIND_SPEED,2.6,2.2,2.3,2.8,1.4,2,1.7,2.6,3.7,3,4.3,3.7,5.1,5.8,6.5,5.7,4.3,4.2,2,2.1,1.5,1.2,1,1.4,
嘉義,2024/06/23 00:00:00,WS_HR,2,1.7,2,2.8,1.5,1.4,0.9,1.6,3.1,2.5,3.6,3.4,4.1,4.8,5.4,5.4,4.8,3.8,2.7,1.9,1.7,0.9,0.8,0.9,
嘉義,2024/06/24 00:00:00,AMB_TEMP,29.9,29.6,29.4,29.2,29.1,28.9,29.2,30.4,32.3,33.3,34.3,35.1,35.5,35.1,#,34.4,33.2,#,31.2,29.4,29.1,29,29.2,29.4,
嘉義,2024/06/24 00:00:00,CH4,1.97,1.93,1.94,1.92,1.95,2.04,2.01,1.94,1.84,1.84,1.84,1.84,1.85,1.84,#,1.84,1.85,#,1.85,1.85,1.88,1.88,1.89,1.89,
嘉義,2024/06/24 00:00:00,CO,0.13,0.11,0.1,0.1,0.1,0.13,0.17,0.19,0.14,0.13,0.11,0.1,0.13,0.12,#,0.1,0.12,#,0.13,0.12,0.12,0.13,0.13,0.12,
嘉義,2024/06/24 00:00:00,NMHC,0.02,0.01,0.02,0,0.01,0.02,0.03,0.02,0,0,0,0,0,0,#,0,0,#,0,0.01,0,0,0,0,
嘉義,2024/06/24 00:00:00,NO,0.9,1.5,1.2,1.2,1.3,1.6,3.1,3.4,2.6,1.8,1.8,1.5,1.3,1.4,#,1.5,1.6,#,1.4,1.2,1.1,0.9,0.9,1.3,
嘉義,2024/06/24 00:00:00,NO2,6.5,6.3,4.5,3.6,3.7,5.3,6.4,6,4.5,3.4,2.7,2.8,3.2,4,#,3.8,4.8,#,6,4.8,4.6,4.8,5,4.5,
嘉義,2024/06/24 00:00:00,NOx,7.5,7.8,5.8,4.9,5.1,6.9,9.5,9.5,7.1,5.2,4.5,4.4,4.5,5.5,#,5.3,6.4,#,7.4,6,5.7,5.8,5.9,5.9,
嘉義,2024/06/24 00:00:00,O3,9.6,10.5,9.3,9.5,9.7,8.7,9.1,16.2,26.7,31,29.8,32,47.1,48,#,30.4,21.6,#,20.6,24.6,23,18.6,14.5,14.3,
嘉義,2024/06/24 00:00:00,PM10,12,17,17,17,15,14,13,19,10,14,13,18,16,#,21,25,22,20,20,13,12,17,21,19,
嘉義,2024/06/24 00:00:00,PM2.5,4,6,6,7,7,8,9,8,8,8,7,10,12,#,7,7,9,8,8,5,3,6,6,6,
嘉義,2024/06/24 00:00:00,RAINFALL,0,0,0,0,0,0,0,0,0,0,0,0,0,0,#,0,0,#,0,0,0,0,0,0,
嘉義,2024/06/24 00:00:00,RH,75,74,71,70,71,76,76,69,59,55,52,48,49,55,#,55,59,#,70,76,72,72,72,72,
嘉義,2024/06/24 00:00:00,SO2,1.6,0.9,0.8,0.7,0.7,0.8,1.1,1.1,1.2,1.3,1,0.9,1,#,#,1.5,1.4,#,1.3,1.3,1.3,1.2,1.3,1.4,
嘉義,2024/06/24 00:00:00,THC,1.99,1.94,1.96,1.92,1.96,2.06,2.04,1.96,1.84,1.83,1.84,1.84,1.85,1.84,#,1.82,1.84,#,1.84,1.86,1.88,1.88,1.89,1.89,
嘉義,2024/06/24 00:00:00,WD_HR,115,111,107,108,113,106,150,212,214,218,227,218,232,245,#,245,246,#,113,109,113,111,105,115,
嘉義,2024/06/24 00:00:00,WIND_DIREC,121,91,108,100,140,101,235,216,213,211,226,222,243,241,254,241,247,249,102,117,111,98,117,100,
嘉義,2024/06/24 00:00:00,WIND_SPEED,1.3,1.3,1.1,1.5,0.8,1,1.8,2.2,2.1,3.4,4,3.5,5.1,5.4,5.3,4.9,3.4,2.5,2.5,2.9,1.9,1.6,1.4,1.6,
嘉義,2024/06/24 00:00:00,WS_HR,1,1.2,1.2,1.2,0.8,0.9,0.5,1.4,2,2.5,3.1,3,3.6,4.4,#,4.8,3.7,#,1.6,2.6,1.9,1.9,1.5,1.4,
嘉義,2024/06/25 00:00:00,AMB_TEMP,29.1,29.4,29.2,28.9,28.7,28.7,29.6,30.8,31.7,32.6,33.7,34.3,34.5,35,34,32.4,28.1,26.1,26.9,27.6,27.6,28,28.3,28.1,
嘉義,2024/06/25 00:00:00,CH4,1.9,1.92,1.98,1.99,1.96,1.94,1.93,1.89,1.87,1.84,1.84,1.87,1.86,1.85,1.84,1.83,1.86,1.89,1.87,1.87,1.87,1.87,1.99,1.92,
嘉義,2024/06/25 00:00:00,CO,0.11,0.12,0.12,0.12,0.11,0.13,0.15,0.18,0.16,0.12,0.11,0.14,0.14,0.12,0.1,0.1,0.11,0.18,0.22,0.2,0.15,0.16,0.21,0.15,
嘉義,2024/06/25 00:00:00,NMHC,0,0.01,0.02,0.02,0.01,0.02,0.02,0.01,0,0,0.01,0,0,0,0,0,0,0.05,0.04,0.05,0.02,0.05,0.05,0.08,
嘉義,2024/06/25 00:00:00,NO,1.1,0.6,0.6,0.5,0.6,0.7,1.5,2.5,1.8,1.2,0.9,0.8,0.9,1,1.2,0.9,0.8,0.4,0.4,0.6,0.7,0.5,0.6,0.8,
嘉義,2024/06/25 00:00:00,NO2,4.4,5.4,4.5,5.1,4.4,4.2,4.5,4.8,4.1,3,2.6,3.2,3.9,3.1,3.1,3.1,3.9,6.8,7.3,7.2,5.4,5,6.8,6,
嘉義,2024/06/25 00:00:00,NOx,5.6,6,5.1,5.7,5,4.9,6.1,7.4,5.9,4.2,3.6,4,4.8,4.2,4.4,4,4.7,7.3,7.8,7.8,6.1,5.5,7.5,6.9,
嘉義,2024/06/25 00:00:00,O3,13,11.4,9.1,7.7,8.4,8.8,10,15.7,25,28.4,30,43.8,52.7,47.2,29.6,22.6,26.4,27.8,23.4,20.1,19.1,16.7,10.4,8.1,
嘉義,2024/06/25 00:00:00,PM10,19,19,19,20,19,16,18,22,10,15,14,21,26,14,19,15,10,5,2,12,8,10,11,9,
嘉義,2024/06/25 00:00:00,PM2.5,4,5,6,5,6,9,8,6,11,6,3,8,7,12,6,0,2,5,5,2,2,6,4,2,
嘉義,2024/06/25 00:00:00,RAINFALL,0,0,0,0,0,0,0,0,0,0,0,0,0,0,0,0.5,46,2,0,0,0,0,0,0,
嘉義,2024/06/25 00:00:00,RH,73,72,75,83,81,77,73,68,66,61,56,54,54,54,60,68,83,91,89,88,89,89,88,89,
嘉義,2024/06/25 00:00:00,SO2,1.3,0.7,0.8,0.9,0.8,0.7,0.8,1.7,1.3,1,0.8,1.1,1.2,1,0.7,0.7,0.5,0.5,0.4,0.3,0.3,0.3,0.3,0.3,
嘉義,2024/06/25 00:00:00,THC,1.9,1.93,2,2.01,1.97,1.96,1.95,1.9,1.87,1.83,1.85,1.87,1.86,1.84,1.82,1.81,1.85,1.94,1.91,1.92,1.89,1.92,2.04,2,
嘉義,2024/06/25 00:00:00,WD_HR,113,107,117,119,114,109,105,167,220,207,221,247,242,265,262,259,127,75,74,80,110,75,78,104,
嘉義,2024/06/25 00:00:00,WIND_DIREC,118,101,110,108,124,127,108,219,228,205,227,245,242,293,256,253,68,85,72,68,97,91,97,104,
嘉義,2024/06/25 00:00:00,WIND_SPEED,1.1,1.2,0.9,1.7,1.2,1.2,1.4,2.7,3.2,2.5,2.7,2.8,2.4,3.9,4.4,4,2.8,2.3,2.1,1.7,2.2,1.4,1.4,1.2,
嘉義,2024/06/25 00:00:00,WS_HR,1.4,0.9,1,1.1,1.1,1.1,1.1,0.9,2.1,2.2,1.9,2.8,2.1,2.5,3.7,3.5,1.6,2.9,2.1,1.6,1.5,1.6,1.5,1,
嘉義,2024/06/26 00:00:00,AMB_TEMP,28,27.9,27.8,27.7,27.6,27.6,28.4,30.5,32,33.1,34.3,34.9,35.5,35.7,35.3,31.8,27.5,27.3,27.6,27.6,27.9,28.5,28,28.1,
嘉義,2024/06/26 00:00:00,CH4,1.9,1.89,1.89,1.9,1.9,1.89,1.89,1.9,1.88,1.86,1.86,1.86,1.86,1.87,1.87,1.87,1.87,1.87,1.9,1.91,1.92,1.96,2.01,1.98,
嘉義,2024/06/26 00:00:00,CO,0.13,0.11,0.1,0.1,0.1,0.11,0.15,0.22,0.19,0.13,0.13,0.13,0.15,0.17,0.16,0.15,0.19,0.22,0.28,0.28,0.25,0.34,0.26,0.23,
嘉義,2024/06/26 00:00:00,NMHC,0.02,0.05,0,0,0.02,0.02,0.1,0.08,0.03,0.01,0.02,0.01,0,0.02,0.01,0.01,0.03,0.04,0.05,0.08,0.1,0.11,0.1,0.1,
嘉義,2024/06/26 00:00:00,NO,0.6,1,1.2,1.2,0.9,1.2,2.4,3.1,3.2,2,1.4,1.2,1.3,1.2,1,1.1,0.8,1.1,1.4,1,1.1,1.2,1.2,0.8,
嘉義,2024/06/26 00:00:00,NO2,5.3,5.8,3.9,3.6,3,3.5,3.5,4.7,5.3,3.6,3.3,3,3.4,3.7,4.3,4.7,6,7.5,9.2,10.8,9.8,10.7,9.7,7.9,
嘉義,2024/06/26 00:00:00,NOx,6,6.9,5.1,4.8,4,4.7,5.9,7.8,8.6,5.6,4.8,4.2,4.7,5,5.3,5.9,6.9,8.6,10.6,11.8,11,12,11,8.7,
嘉義,2024/06/26 00:00:00,O3,5.8,5.5,5.9,5.8,6.2,7,7.7,14.8,21.5,24.9,32.7,39.3,47.3,60,59.6,46.2,35.1,27.8,20.3,18.2,14.7,11.2,5.7,12.3,
嘉義,2024/06/26 00:00:00,PM10,15,15,13,18,18,11,19,16,20,18,8,12,14,20,21,15,9,16,16,16,23,23,19,21,
嘉義,2024/06/26 00:00:00,PM2.5,3,2,4,3,1,0,1,4,8,6,3,5,4,12,14,9,10,9,6,7,5,7,8,9,
嘉義,2024/06/26 00:00:00,RAINFALL,0,0,0,0,0,0,0,0,0,0,0,0,0,0,0,20,11,0.5,0.5,0,0,0,0,0,
嘉義,2024/06/26 00:00:00,RH,88,88,87,87,86,86,84,69,60,56,51,49,47,48,51,71,89,90,89,90,90,88,89,88,
嘉義,2024/06/26 00:00:00,SO2,0.2,0.9,0.9,0.8,0.9,0.8,0.7,0.7,1.6,1.2,1,0.9,1.1,1.4,1.3,0.9,A,#,0.7,0.9,0.8,0.8,0.7,1,
嘉義,2024/06/26 00:00:00,THC,1.92,1.94,1.89,1.9,1.92,1.91,1.99,1.98,1.91,1.87,1.88,1.87,1.86,1.89,1.88,1.88,1.9,1.91,1.95,1.99,2.02,2.07,2.11,2.08,
嘉義,2024/06/26 00:00:00,WD_HR,108,106,114,109,109,107,98,33,356,4,21,357,352,358,355,14,98,107,220,202,99,27,95,89,
嘉義,2024/06/26 00:00:00,WIND_DIREC,105,110,110,105,108,103,62,22,355,351,34,333,337,25,0,38,87,108,233,72,88,122,86,115,
嘉義,2024/06/26 00:00:00,WIND_SPEED,1.2,1.2,1.2,1.1,1,2.1,1,2,3,3,2.9,2.9,3.5,3,3.4,2.8,1.6,1.2,1.8,1.3,0.7,0.9,1.3,1.3,
嘉義,2024/06/26 00:00:00,WS_HR,1,1.3,1,1.1,1,1.3,1.1,1,2.7,2.4,2,2.3,3,2.6,2.8,2.6,0.4,1.4,0.4,0.4,1.1,0.5,1,1.2,
嘉義,2024/06/27 00:00:00,AMB_TEMP,27.7,27.7,27.6,27.5,27.2,27.2,28,29.6,31.5,32.6,33.2,33.9,34.9,35.6,35.2,35,34.6,33,28.8,27.7,27.7,27.8,27.7,27.8,
嘉義,2024/06/27 00:00:00,CH4,1.96,1.97,1.93,1.94,2.04,1.97,1.98,1.96,1.96,1.9,1.89,1.91,1.93,1.94,1.95,1.91,1.9,1.89,1.88,1.9,1.93,1.93,1.92,1.91,
嘉義,2024/06/27 00:00:00,CO,0.19,0.18,0.15,0.14,0.15,0.15,0.2,0.27,0.33,0.21,0.18,0.2,0.17,0.16,0.2,0.18,0.18,0.17,0.14,0.21,0.19,0.17,0.15,0.14,
嘉義,2024/06/27 00:00:00,NMHC,0.06,0.07,0.04,0.05,0.04,0.04,0.05,0.12,0.1,0.04,0.02,0.03,0.01,0.01,0.01,0.01,0.01,0.01,0,0.07,0.03,0.02,0.01,0.01,
嘉義,2024/06/27 00:00:00,NO,0.9,0.1,0.1,0.1,0,0.1,1.4,2,1.8,0.8,0.4,0.4,0.2,0.1,0.1,0.3,0.3,0.2,0.1,0,0.1,0,0,0,
嘉義,2024/06/27 00:00:00,NO2,6.5,7.1,5,4,4.3,4.5,5.4,6.3,8.7,6.6,4.5,4.8,4.6,4.2,4.8,4.8,5.6,5.4,4.3,6.7,7.4,6.2,4.6,4.1,
嘉義,2024/06/27 00:00:00,NOx,7.4,7.2,5.2,4.2,4.4,4.6,6.9,8.4,10.5,7.5,4.9,5.2,4.9,4.4,5,5.2,5.9,5.6,4.5,6.7,7.5,6.2,4.6,4.2,
嘉義,2024/06/27 00:00:00,O3,8.3,7.9,7.8,8.3,6,8.4,8.4,19.4,34.1,48.2,56.6,70.4,64.6,68.6,76.3,69.4,54.5,39.6,41.3,30.7,22.5,18,16.9,15.7,
嘉義,2024/06/27 00:00:00,PM10,23,21,18,21,28,22,21,21,24,22,16,25,21,20,39,25,15,11,14,12,16,22,20,18,
嘉義,2024/06/27 00:00:00,PM2.5,7,9,7,6,9,10,6,5,9,8,9,11,9,15,19,10,7,8,5,4,6,11,8,4,
嘉義,2024/06/27 00:00:00,RAINFALL,0,0,0,0,0,0,0,0,0,0,0,0,0,0,0,0,0,0,8,0,0.5,0,0,0,
嘉義,2024/06/27 00:00:00,RH,89,89,88,87,88,87,85,78,65,61,58,56,50,45,49,50,49,55,74,86,88,88,87,86,
嘉義,2024/06/27 00:00:00,SO2,0.7,1.2,1.1,1.1,1,1,1.1,1.1,1.2,1.3,1.3,1.5,1.5,2,2.4,1.9,1.6,1.3,0.9,0.7,0.7,0.7,0.8,0.6,
嘉義,2024/06/27 00:00:00,THC,2.02,2.04,1.97,1.99,2.08,2.01,2.03,2.08,2.06,1.94,1.91,1.94,1.94,1.95,1.96,1.92,1.91,1.9,1.88,1.97,1.96,1.95,1.93,1.92,
嘉義,2024/06/27 00:00:00,WD_HR,102,111,119,101,106,117,95,58,86,128,260,288,332,13,332,350,340,316,175,94,110,106,115,115,
嘉義,2024/06/27 00:00:00,WIND_DIREC,105,110,123,113,113,163,92,84,45,224,296,342,351,13,338,359,336,248,104,120,107,93,123,105,
嘉義,2024/06/27 00:00:00,WIND_SPEED,1.3,1.5,0.8,1.3,1.2,0.6,0.8,1.1,1,1.7,2.1,2.4,2.8,2.5,3.3,3.4,3.4,2.4,1.4,1.8,1.6,1.5,1.2,1.1,
嘉義,2024/06/27 00:00:00,WS_HR,1,1.1,0.9,0.9,1.4,0.9,0.6,0.4,0.7,0.7,1.8,0.8,1.5,1.5,2.6,3.4,3.2,2.4,1.4,1.2,1.6,1.5,1.2,1.1,
嘉義,2024/06/28 00:00:00,AMB_TEMP,27.9,27.9,27.3,27.3,27.2,27.5,28,28.7,30.1,31.4,32.8,33.9,34.7,35.7,36.3,35.5,34.6,33.9,32.7,31.9,31.3,30.2,28.9,29.5,
嘉義,2024/06/28 00:00:00,CH4,1.93,1.97,2,2.01,2.02,1.96,1.98,1.96,1.93,1.89,1.88,1.85,1.85,1.86,1.84,1.85,1.85,1.86,1.86,1.87,1.88,1.87,1.86,1.89,
嘉義,2024/06/28 00:00:00,CO,0.14,0.14,0.11,0.12,0.12,0.14,0.23,0.27,0.23,0.14,0.15,0.1,0.11,0.12,0.1,0.14,0.13,0.13,0.15,0.2,0.2,0.15,0.12,0.13,
嘉義,2024/06/28 00:00:00,NMHC,0.04,0.05,0,0.02,0.04,0.05,0.08,0.07,0.05,0,0,0,0.01,0.01,0.02,0.03,0.03,0.02,0.03,0.05,0.04,0.01,0,0,
嘉義,2024/06/28 00:00:00,NO,0,1.4,1.3,1.4,1.4,1.2,2,3.4,3.1,2.1,1.7,1.6,1.4,1.3,1.5,1.8,2,2.1,1.6,1.3,1.4,1.2,1.4,1.4,
嘉義,2024/06/28 00:00:00,NO2,4.4,6.1,3.5,3.5,3.6,4.3,6.2,7.7,7.6,4.7,3.4,2.2,2.3,2.6,2.5,3.7,4.9,5.5,6.3,7.3,6.7,5.2,4.1,5.7,
嘉義,2024/06/28 00:00:00,NOx,4.3,7.5,4.8,5,5,5.5,8.3,11.2,10.7,6.9,5.1,3.9,3.7,3.9,4.1,5.6,7,7.7,8,8.6,8.1,6.5,5.6,7.1,
嘉義,2024/06/28 00:00:00,O3,14,12.8,14.5,12.5,11.6,12.9,12.6,15.5,30.2,42.5,45.5,34.3,37.1,44.8,36.5,48.2,40.1,31,26.3,25.1,23,20.1,19.3,14.9,
嘉義,2024/06/28 00:00:00,PM10,19,17,25,25,28,29,28,26,27,19,16,4,14,15,16,38,26,26,23,23,21,17,10,10,
嘉義,2024/06/28 00:00:00,PM2.5,3,8,6,6,9,8,7,8,6,8,8,4,0,3,3,10,9,9,5,4,8,6,7,5,
嘉義,2024/06/28 00:00:00,RAINFALL,0,0,0,0,0,0,0,0,0,0,0,0,0,0,0,0,0,0,0,0,0,0,0,0,
嘉義,2024/06/28 00:00:00,RH,86,86,86,86,87,87,86,81,75,64,57,51,49,47,40,47,50,54,62,67,70,77,83,82,
嘉義,2024/06/28 00:00:00,SO2,0.6,1.1,0.9,0.8,0.9,0.9,0.9,1,1.1,1.4,1.5,1.2,1,1,1,1.2,1.1,1.1,1,1.4,1.3,1,0.8,0.8,
嘉義,2024/06/28 00:00:00,THC,1.97,2.02,2,2.03,2.06,2.01,2.06,2.03,1.98,1.89,1.88,1.85,1.86,1.87,1.86,1.88,1.88,1.88,1.89,1.92,1.92,1.88,1.86,1.89,
嘉義,2024/06/28 00:00:00,WD_HR,116,116,109,106,104,116,120,115,101,212,225,220,228,219,224,230,232,228,228,224,219,224,214,206,
嘉義,2024/06/28 00:00:00,WIND_DIREC,114,119,82,108,107,114,117,264,106,199,239,209,232,205,209,230,231,227,225,221,214,231,214,223,
嘉義,2024/06/28 00:00:00,WIND_SPEED,1.6,1.7,0.8,1.3,1.4,0.8,1.8,1,1.5,1.7,2.7,2.6,4.5,3,3.1,5.3,4.5,3.7,3,2,2.2,4,1.8,1.6,
嘉義,2024/06/28 00:00:00,WS_HR,1.1,1.3,1.3,1.1,1.3,1,1,0.8,0.3,0.9,1.6,2.2,3.8,3.1,3.5,4.2,4.2,3.6,3.2,2.2,1.8,2.8,2,1.2,
嘉義,2024/06/29 00:00:00,AMB_TEMP,29.5,29.3,29.3,29.2,29,28.8,29.1,30.8,32.1,33.2,34.1,34.8,34.8,34.4,34.1,34,33.9,30.7,29.5,28.5,30,29.9,29.5,29,
嘉義,2024/06/29 00:00:00,CH4,1.89,1.93,1.96,2.03,2.04,1.98,1.96,1.85,1.83,1.83,1.84,1.84,1.83,1.83,1.82,1.84,1.84,1.84,1.86,1.84,1.87,1.87,1.86,1.88,
嘉義,2024/06/29 00:00:00,CO,0.12,0.14,0.13,0.13,0.13,0.13,0.14,0.14,0.12,0.11,0.11,0.11,0.11,0.11,0.11,0.11,0.1,0.12,0.14,0.12,0.12,0.11,0.1,0.1,
嘉義,2024/06/29 00:00:00,NMHC,0,0,0.01,0.03,0.06,0.05,0.01,0,0,0,0,0,0.01,0,0,0,0,0,0.01,0,0,0,0,0,
嘉義,2024/06/29 00:00:00,NO,1.5,0.3,0.5,0.4,0.3,0.4,1.1,1.5,1.1,0.7,0.7,0.7,0.5,0.7,0.5,0.9,1.3,0.8,0.8,0.8,0.2,0.6,0.4,0.3,
嘉義,2024/06/29 00:00:00,NO2,4.9,8.2,5.2,5.2,5,5.6,5.3,4.1,3.3,2.6,2.6,2.8,2.9,3,3,3.2,4,4.1,5.8,4.4,5.7,6.3,5,4,
嘉義,2024/06/29 00:00:00,NOx,6.5,8.5,5.7,5.6,5.3,6,6.5,5.6,4.4,3.4,3.3,3.6,3.5,3.7,3.5,4.1,5.3,4.9,6.7,5.3,6,6.9,5.5,4.4,
嘉義,2024/06/29 00:00:00,O3,14.3,12.3,12.7,9.5,9.8,11.7,12.2,19.9,22.8,25.6,30.9,34.4,36.2,37.5,33,31.1,26.6,23.3,22.1,18.1,16.1,14.8,16.4,15.8,
嘉義,2024/06/29 00:00:00,PM10,13,18,13,14,14,16,21,19,9,20,15,18,19,21,21,15,16,17,18,14,14,9,7,5,
嘉義,2024/06/29 00:00:00,PM2.5,5,13,9,7,6,9,9,6,6,6,10,6,4,6,4,3,5,6,7,6,6,6,3,3,
嘉義,2024/06/29 00:00:00,RAINFALL,0,0,0,0,0,0,0,0,0,0,0,0,0,0,0,0,0,0,0,0,0,0,0,0,
嘉義,2024/06/29 00:00:00,RH,79,78,77,75,74,74,73,67,60,55,52,48,49,50,50,49,49,63,72,75,66,67,67,71,
嘉義,2024/06/29 00:00:00,SO2,0.6,3.4,2.4,1.4,1.4,1.3,1.9,1.4,1.4,1.3,1.2,1.1,1.3,A,#,1.2,1.1,1.1,1.1,0.8,1.4,1.6,1.1,0.8,
嘉義,2024/06/29 00:00:00,THC,1.89,1.93,1.97,2.06,2.1,2.03,1.97,1.85,1.83,1.83,1.84,1.84,1.84,1.83,1.82,1.84,1.83,1.84,1.87,1.83,1.87,1.86,1.85,1.87,
嘉義,2024/06/29 00:00:00,WD_HR,201,209,147,113,115,170,188,215,211,214,218,208,210,215,213,210,203,231,220,216,191,193,223,218,
嘉義,2024/06/29 00:00:00,WIND_DIREC,167,203,115,122,101,192,217,213,223,224,216,196,198,224,210,188,212,224,220,198,209,210,224,215,
嘉義,2024/06/29 00:00:00,WIND_SPEED,1,1.4,1.4,0.7,0.9,1.8,2.5,3,3.8,4.2,4.3,3.6,4,5.9,3.7,3.7,4.3,3.4,3.1,1.8,1.9,1.6,2.6,1.8,
嘉義,2024/06/29 00:00:00,WS_HR,1.1,0.9,0.7,1,0.9,0.8,1.1,2.3,2.8,3.2,3.4,3.2,3.5,4,3.7,3.3,2.8,4,3.4,2.2,1.1,1.1,2,1.8,
嘉義,2024/06/30 00:00:00,AMB_TEMP,28.7,28.4,28.3,27.9,27.9,27.6,28.3,29.6,30.6,32.2,32.1,33.6,33.4,33.4,33.7,33.8,33.4,32.9,32.1,31.2,30.3,30.1,30.1,29.7,
嘉義,2024/06/30 00:00:00,CH4,1.94,1.89,1.91,1.92,1.97,2.03,1.98,1.94,1.87,1.85,1.85,1.84,1.84,1.84,1.84,1.84,1.84,1.84,1.86,1.89,1.91,1.96,1.89,1.91,
嘉義,2024/06/30 00:00:00,CO,0.1,0.09,0.1,0.11,0.1,0.1,0.12,0.16,0.17,0.11,0.1,0.08,0.09,0.08,0.09,0.09,0.08,0.1,0.14,0.15,0.16,0.16,0.13,0.11,
嘉義,2024/06/30 00:00:00,NMHC,0,0,0,0,0,0,0,0.02,0.01,0,0,0,0,0,0,0,0,0,0,0.01,0.01,0.01,0.01,0,
嘉義,2024/06/30 00:00:00,NO,0.5,1.3,1.3,1.2,1.1,1.1,1.7,2.6,2.3,1.8,1.6,1.6,1.5,1.2,1.4,1.4,1.5,1.4,1.3,1.3,1.3,1.3,1.1,1.1,
嘉義,2024/06/30 00:00:00,NO2,4.1,4.4,3,2.7,3.3,4.2,4,4.2,4,2.3,2,1.6,1.8,2,1.9,2.4,2.2,2.8,4.1,5.9,7.3,6.7,5.8,5.5,
嘉義,2024/06/30 00:00:00,NOx,4.6,5.8,4.3,4,4.4,5.3,5.7,6.8,6.3,4.1,3.6,3.3,3.3,3.3,3.3,3.8,3.8,4.2,5.5,7.3,8.7,8.1,7,6.6,
嘉義,2024/06/30 00:00:00,O3,12.9,13.7,14.5,13.2,11.6,9.1,10,12,18.5,24,24.6,24.1,28.1,27.4,29.6,28.6,21.3,20.3,16.9,14.7,10.2,9,10.3,9.9,
嘉義,2024/06/30 00:00:00,PM10,8,9,9,6,11,9,12,14,10,9,12,10,18,5,8,6,12,8,9,16,17,13,8,12,
嘉義,2024/06/30 00:00:00,PM2.5,3,2,2,4,1,1,2,6,5,3,1,2,3,4,3,1,4,5,4,3,9,8,6,6,
嘉義,2024/06/30 00:00:00,RAINFALL,0,0,0,0,0,0,0,0,0,0,0,0,0,0,0,0,0,0,0,0,0,0,0,0,
嘉義,2024/06/30 00:00:00,RH,72,72,72,74,76,80,80,73,66,60,60,50,56,55,54,53,54,57,59,64,70,72,71,72,
嘉義,2024/06/30 00:00:00,SO2,0.9,0.8,0.7,0.7,0.7,0.9,0.9,1.3,1.4,0.9,0.7,0.7,0.9,0.9,0.7,0.7,0.7,0.6,0.6,0.7,0.8,0.9,1.3,1.5,
嘉義,2024/06/30 00:00:00,THC,1.93,1.88,1.9,1.91,1.96,2.02,1.98,1.96,1.88,1.84,1.84,1.83,1.84,1.83,1.82,1.83,1.82,1.83,1.86,1.9,1.92,1.97,1.9,1.9,
嘉義,2024/06/30 00:00:00,WD_HR,185,212,235,227,191,221,182,195,222,221,227,229,229,227,234,234,234,230,222,237,230,170,179,173,
嘉義,2024/06/30 00:00:00,WIND_DIREC,223,222,240,230,159,228,108,227,220,222,229,230,229,239,239,238,228,227,218,238,218,158,188,176,
嘉義,2024/06/30 00:00:00,WIND_SPEED,1.9,2.2,3.3,2,1.2,2.4,1,1.6,2.2,3.5,4.2,4.4,4.3,4.6,5,4.3,3.7,2.7,2.3,3.4,2.2,1.2,1.7,1.9,
嘉義,2024/06/30 00:00:00,WS_HR,0.9,1.6,2.5,1.7,1,1.5,0.7,0.7,2,2.9,3.8,3.6,4.2,3.7,4.3,3.6,4,3.3,2,3.3,2.5,0.6,0.9,1.1,
嘉義,2024/07/01 00:00:00,AMB_TEMP,29.4,29.3,29.4,29.1,28.6,28.5,28.8,30.4,31.5,32.6,33.8,34.8,35,35.1,34.9,34.3,33.9,32.9,31.6,30.7,30.5,30.2,30,29.9,
嘉義,2024/07/01 00:00:00,CH4,1.91,1.86,1.86,1.87,1.95,1.94,1.93,1.86,1.83,1.83,1.82,1.83,1.84,#,1.85,1.84,1.84,1.84,1.83,1.83,1.87,1.85,1.86,1.84,
嘉義,2024/07/01 00:00:00,CO,0.09,0.1,0.09,0.09,0.1,0.11,0.14,0.19,0.16,0.13,0.11,0.12,0.13,0.15,0.12,0.11,0.11,0.13,0.13,0.12,0.17,0.16,0.2,0.11,
嘉義,2024/07/01 00:00:00,NMHC,0,0,0,0,0,0,0.01,0.01,0,0,0,0.01,0,#,0,0,0,0,0,0,0,0,0.01,0,
嘉義,2024/07/01 00:00:00,NO,1.4,2.1,1.7,1.7,1.5,2,3.3,4.3,3.6,2.5,2.3,2.2,2,1.9,2.1,2,2.2,2.2,1.8,1.8,1.7,1.7,1.5,1.9,
嘉義,2024/07/01 00:00:00,NO2,6.1,5.2,3.9,3,4.3,4.7,4.4,4.6,4.1,3,2.6,2.7,2.8,3.8,4,3.6,2.9,3.2,3.3,2.8,3.4,4.4,4.2,3.1,
嘉義,2024/07/01 00:00:00,NOx,7.6,7.3,5.6,4.7,5.8,6.7,7.8,8.9,7.8,5.6,5,4.9,4.8,5.8,6.1,5.6,5.2,5.4,5.1,4.7,5.2,6.2,5.8,5.1,
嘉義,2024/07/01 00:00:00,O3,8.9,11.9,11.3,10.9,7.7,7.2,7.4,12.2,18.7,25.5,26.7,31.5,44.9,56.1,#,34.4,30.8,24.4,22.2,20.9,18.3,15.5,15.8,17,
嘉義,2024/07/01 00:00:00,PM10,16,16,11,10,13,12,12,19,14,14,13,11,19,22,#,22,11,17,19,13,13,12,10,8,
嘉義,2024/07/01 00:00:00,PM2.5,8,5,4,6,6,4,3,6,6,6,3,1,2,#,8,8,4,1,4,5,5,3,3,6,
嘉義,2024/07/01 00:00:00,RAINFALL,0,0,0,0,0,0,0,0,0,0,0,0,0,#,#,0,0,0,0,0,0,0,0,0,
嘉義,2024/07/01 00:00:00,RH,76,79,78,77,81,81,79,72,64,59,53,46,47,50,53,56,57,61,69,79,82,83,84,85,
嘉義,2024/07/01 00:00:00,SO2,2.5,1.6,1.7,1.3,2,1.5,1.8,1.9,2.1,1.5,1.1,1.1,1,1.3,1.3,#,1.1,1.1,1,1.1,1.3,1.3,1.5,1,
嘉義,2024/07/01 00:00:00,THC,1.9,1.84,1.84,1.85,1.94,1.94,1.94,1.87,1.82,1.82,1.82,1.84,1.84,#,1.85,1.83,1.83,1.83,1.82,1.81,1.87,1.85,1.87,1.82,
嘉義,2024/07/01 00:00:00,WD_HR,191,193,122,174,164,126,149,200,216,219,208,221,222,229,235,237,237,237,239,234,211,216,212,201,
嘉義,2024/07/01 00:00:00,WIND_DIREC,208,183,117,213,165,145,188,195,224,227,209,233,227,232,240,240,240,236,240,219,201,221,197,197,
嘉義,2024/07/01 00:00:00,WIND_SPEED,2,1.4,1.4,2,1.2,1.3,1.7,2.6,4.2,3.7,2.6,4.2,4,4.6,4.9,5.5,4.9,3.9,4.4,1.7,1.5,2.3,2.3,2,
嘉義,2024/07/01 00:00:00,WS_HR,1.7,1.4,0.9,0.8,0.6,0.9,0.8,2,2.8,2.7,2.5,3,3.7,4.3,4.7,5,4.5,4.2,3.8,3,1.4,1.6,1.8,1.8,
嘉義,2024/07/02 00:00:00,AMB_TEMP,29.6,29.2,29.2,29,28.8,28.9,29.5,30.6,31.8,32.8,33.9,34.9,35.7,35.3,34.2,33.2,33.6,32.9,29.1,26.7,27.5,27.7,27.7,27.6,
嘉義,2024/07/02 00:00:00,CH4,1.85,1.85,1.88,1.88,1.88,1.86,1.85,1.83,1.83,1.83,1.83,1.84,1.88,1.85,1.83,1.84,1.85,1.84,1.84,1.87,1.89,1.9,1.91,1.92,
嘉義,2024/07/02 00:00:00,CO,0.1,0.1,0.1,0.11,0.1,0.09,0.11,0.12,0.11,0.09,0.09,0.12,0.15,0.12,0.1,0.09,0.09,0.11,0.11,0.12,0.14,0.13,0.12,0.1,
嘉義,2024/07/02 00:00:00,NMHC,0,0,0,0,0,0,0,0,0,0,0,0,0,0,0,0,0,0,0,0.01,0.02,0.01,0,0.02,
嘉義,2024/07/02 00:00:00,NO,1.8,0.8,0.5,0.8,0.7,0.8,1.1,1.6,1.5,1.7,1.3,1.1,1,0.8,1.2,1,1.5,1.6,0.9,0.8,0.7,0.8,0.7,0.8,
嘉義,2024/07/02 00:00:00,NO2,2.9,3.5,3.2,3.9,3.3,1.8,2,2.1,2.1,1.8,1.5,1.9,2.4,2.7,2.1,2.1,2.4,2.3,2.9,3.2,4.4,4.4,3.4,3.2,
嘉義,2024/07/02 00:00:00,NOx,4.7,4.3,3.8,4.7,4,2.6,3.1,3.7,3.7,3.5,2.9,3.1,3.5,3.6,3.3,3.1,3.9,3.9,3.8,4.1,5.1,5.3,4.1,4,
嘉義,2024/07/02 00:00:00,O3,16.4,15.4,13.9,12.3,13.8,17.6,15.4,17.5,20.1,21.4,23.6,36.3,56.9,52.4,36.6,27.2,21.2,19.6,23.3,23.9,19.6,15.6,13.3,11,
嘉義,2024/07/02 00:00:00,PM10,9,16,11,11,14,8,14,14,9,8,5,8,10,19,16,9,12,7,6,6,7,11,20,7,
嘉義,2024/07/02 00:00:00,PM2.5,5,8,5,2,3,4,4,4,1,2,3,2,6,6,5,2,5,4,2,1,1,1,4,6,
嘉義,2024/07/02 00:00:00,RAINFALL,0,0,0,0,0,0,0,0,0,0,0,0,0,0,0,0,0,0,5,0,0,0,0,0,
嘉義,2024/07/02 00:00:00,RH,86,87,87,86,86,85,84,76,65,57,51,46,45,53,58,60,52,57,78,88,87,86,85,85,
嘉義,2024/07/02 00:00:00,SO2,0.9,0.6,0.8,0.8,1.1,0.5,0.5,0.5,0.5,0.6,0.6,0.8,1,1.1,0.8,0.6,0.7,0.6,0.6,0.5,0.5,0.5,0.4,0.5,
嘉義,2024/07/02 00:00:00,THC,1.83,1.83,1.86,1.86,1.86,1.83,1.83,1.81,1.81,1.81,1.82,1.83,1.87,1.84,1.81,1.81,1.83,1.82,1.83,1.88,1.91,1.91,1.91,1.94,
嘉義,2024/07/02 00:00:00,WD_HR,207,215,210,210,221,220,215,215,219,223,229,231,236,249,253,242,251,279,135,112,108,108,110,104,
嘉義,2024/07/02 00:00:00,WIND_DIREC,210,223,208,217,221,219,219,209,220,220,228,231,239,258,256,238,253,290,115,103,104,99,115,117,
嘉義,2024/07/02 00:00:00,WIND_SPEED,2.2,2.1,2,2.5,2.7,2.7,3.2,3.2,3.5,3.6,3.9,3.7,4.8,5.4,5.4,4.5,4.4,3.2,3,1.4,2.1,1.7,2.3,1.2,
嘉義,2024/07/02 00:00:00,WS_HR,1.8,1.8,1.7,1.9,2.3,2.3,2.3,2.6,2.9,3.3,3.4,3.6,4,4.4,5,4.6,4,3.1,1.9,1.8,1.7,1.8,1.5,1.5,
嘉義,2024/07/03 00:00:00,AMB_TEMP,27.6,27.8,27.5,27.4,27.5,27.3,28.4,30.4,31.9,33.1,34.5,35.5,36.8,35.6,35.2,35.2,29.9,26.3,26.8,27.5,27.7,28.2,28.1,28.4,
嘉義,2024/07/03 00:00:00,CH4,1.9,1.9,1.88,1.89,1.88,1.88,1.89,1.87,1.89,1.88,1.87,1.87,1.88,1.9,1.86,1.86,1.87,1.87,1.87,1.9,1.94,1.94,1.94,1.95,
嘉義,2024/07/03 00:00:00,CO,0.1,0.1,0.09,0.08,0.09,0.11,0.17,0.21,0.19,0.18,0.15,0.14,0.13,0.14,0.12,0.13,0.13,0.14,0.21,0.27,0.26,0.29,0.2,0.23,
嘉義,2024/07/03 00:00:00,NMHC,0.01,0.01,0.03,0.02,0.01,0.03,0.04,0.1,0.05,0.06,0.06,0.02,0.02,0.01,0,0,0.01,0.05,0.06,0.14,0.14,0.2,0.09,0.2,
嘉義,2024/07/03 00:00:00,NO,0.9,0.2,0.1,0,0.1,0.4,1.8,2.3,1.9,1.8,0.8,0.7,0.5,0.3,0.3,0.1,0,0,0.3,0.1,0.4,0.2,0.2,0.2,
嘉義,2024/07/03 00:00:00,NO2,2.8,3.7,3,2.4,2.8,3.4,4.1,4.5,4.9,6,5.3,4.3,3.4,3.1,2.5,2.4,3.7,4.4,5.9,8.8,9.2,9.4,6.6,6.8,
嘉義,2024/07/03 00:00:00,NOx,3.7,4,3.2,2.3,3,3.8,5.9,6.8,6.8,7.8,6.1,5.1,3.9,3.5,2.9,2.6,3.8,4.4,6.2,9,9.7,9.6,6.8,7,
嘉義,2024/07/03 00:00:00,O3,10.8,9.5,9,9.1,8.5,7.9,7.9,14.8,22.5,32.8,43.8,50.1,54.5,56.2,47.3,50.1,40.1,29.2,24.5,17,12.9,13,13.2,11.4,
嘉義,2024/07/03 00:00:00,PM10,17,12,17,18,12,12,14,9,12,17,10,16,15,18,19,16,11,5,5,10,11,21,16,15,
嘉義,2024/07/03 00:00:00,PM2.5,2,1,3,4,5,4,3,3,7,5,4,4,3,5,4,4,5,4,0,3,5,5,9,8,
嘉義,2024/07/03 00:00:00,RAINFALL,0,0,0,0,0,0,0,0,0,0,0,0,0,0,0,0,13,17,0,0,0,0,0,0,
嘉義,2024/07/03 00:00:00,RH,84,83,83,82,81,80,79,71,64,59,50,42,38,52,54,53,75,91,90,89,89,88,88,88,
嘉義,2024/07/03 00:00:00,SO2,0.4,0.7,0.8,0.8,0.8,0.8,0.9,1.1,1.5,2.1,2,2,1.9,1.8,1.6,1.3,1.2,0.9,0.9,0.9,0.8,0.9,0.8,0.9,
嘉義,2024/07/03 00:00:00,THC,1.91,1.91,1.91,1.91,1.89,1.91,1.93,1.97,1.94,1.94,1.93,1.89,1.9,1.91,1.86,1.86,1.88,1.92,1.93,2.04,2.08,2.14,2.03,2.15,
嘉義,2024/07/03 00:00:00,WD_HR,108,110,109,110,112,115,112,56,6,64,29,346,357,304,298,303,44,94,97,103,93,110,108,121,
嘉義,2024/07/03 00:00:00,WIND_DIREC,105,112,104,115,110,134,112,53,3,97,26,359,318,308,296,289,66,124,85,80,103,107,106,117,
嘉義,2024/07/03 00:00:00,WIND_SPEED,1.2,1.1,1.4,1.2,1.8,0.8,1.6,2,2.1,2.3,2.1,2.3,3.3,3.6,2.9,3.4,5,2.1,1.2,0.8,1.1,1.6,1.2,1.1,
嘉義,2024/07/03 00:00:00,WS_HR,1.3,1.1,1.5,1.5,1.4,1.1,1.3,1.2,1.2,1.4,1.2,0.9,1.8,3.1,2.8,2.8,4.6,2.3,1.5,1.3,0.9,1.4,1.1,0.9,
嘉義,2024/07/04 00:00:00,AMB_TEMP,28.2,28,28,27.7,27.5,27.7,28.4,30.1,31.5,32.4,33.9,34.5,35.8,35.5,35.3,34.3,33.6,33,32.3,31.5,30.9,30.5,30.3,30.2,
嘉義,2024/07/04 00:00:00,CH4,1.93,1.92,1.93,1.93,1.91,1.93,1.92,1.91,1.89,1.88,1.89,1.91,1.88,1.89,1.86,1.86,1.85,1.85,1.86,1.86,1.88,1.9,1.88,1.91,
嘉義,2024/07/04 00:00:00,CO,0.18,0.14,0.13,0.12,0.12,0.15,0.2,0.23,0.19,0.19,0.21,0.19,0.17,0.17,0.16,0.14,0.15,0.17,0.18,0.18,0.17,0.15,0.12,0.13,
嘉義,2024/07/04 00:00:00,NMHC,0.07,0.06,0.01,0.01,0.01,0.04,0.06,0.06,0.05,0.02,0.03,0.02,0.01,0,0.01,0.01,0,0.01,0.01,0.02,0.01,0.01,0,0.01,
嘉義,2024/07/04 00:00:00,NO,0,0,#,0,0,0,0.9,1.1,1.4,0.8,0.2,0.2,0,0.1,0.4,0.5,0.3,0.2,0.1,0.1,0,0,0.1,0,
嘉義,2024/07/04 00:00:00,NO2,5.6,5.1,*,3.6,2.8,3.7,5.1,5.2,5.1,5,4.6,5.4,3.8,4.2,4.7,5.4,5.4,4.9,5.4,6,6.1,6.2,4.9,4.8,
嘉義,2024/07/04 00:00:00,NOx,5.6,4.8,*,3.4,2.8,3.7,6,6.3,6.5,5.8,4.8,5.6,3.8,4.3,5.2,6,5.7,5.2,5.6,6.2,6.1,6,5,4.6,
嘉義,2024/07/04 00:00:00,O3,12.6,11.7,12.6,12.7,13,13.1,13.4,22.2,27.5,36.9,51.1,61,68.7,66.8,53.9,43.6,35.8,32.3,27.9,25.8,22.4,23.3,25.5,21.8,
嘉義,2024/07/04 00:00:00,PM10,15,16,17,20,16,19,18,16,22,23,14,32,26,33,22,12,18,15,17,14,17,18,15,16,
嘉義,2024/07/04 00:00:00,PM2.5,4,9,8,6,7,8,8,5,6,9,8,12,14,19,11,8,8,7,8,8,7,9,8,7,
嘉義,2024/07/04 00:00:00,RAINFALL,0,0,0,0,0,0,0,0,0,0,0,0,0,0,0,0,0,0,0,0,0,0,0,0,
嘉義,2024/07/04 00:00:00,RH,88,87,88,87,87,87,85,76,68,64,56,56,49,56,56,58,59,61,65,70,76,78,80,83,
嘉義,2024/07/04 00:00:00,SO2,0.9,0.9,0.7,0.9,0.9,0.8,0.8,1,1.4,1.6,1.8,1.7,1.6,1.9,2.2,2.3,1.5,1.3,1.2,1,1.1,1.5,2.2,1.8,
嘉義,2024/07/04 00:00:00,THC,2,1.98,1.94,1.94,1.92,1.97,1.98,1.97,1.94,1.9,1.92,1.93,1.89,1.89,1.87,1.87,1.85,1.86,1.87,1.88,1.89,1.91,1.88,1.92,
嘉義,2024/07/04 00:00:00,WD_HR,118,112,117,117,115,116,111,45,44,4,25,14,34,338,349,346,356,347,353,349,357,356,339,181,
嘉義,2024/07/04 00:00:00,WIND_DIREC,116,111,114,115,118,116,101,36,27,25,33,44,8,336,0,351,357,350,341,358,14,350,280,228,
嘉義,2024/07/04 00:00:00,WIND_SPEED,1.3,1.4,1.5,1.5,1.2,1.5,1.3,1.9,3.5,3.1,3,2.8,2.2,4.6,4.5,3.9,4,3.8,2.4,2.2,2.4,2.1,1.1,0.9,
嘉義,2024/07/04 00:00:00,WS_HR,1.2,1.2,1.3,1.3,1.3,1.1,1.2,1.2,2.3,2.7,2.2,2,2,3.6,3.8,3.7,3.8,3.2,2.9,2.3,2.4,1.9,1.1,0.2,
嘉義,2024/07/05 00:00:00,AMB_TEMP,29.9,29.8,29.6,29.3,29.2,29.2,30,30.6,31.4,32.5,33.8,34.5,36,34.6,31.8,29.6,28.4,28.3,28.2,28.5,28.7,28.7,28.5,28.3,
嘉義,2024/07/05 00:00:00,CH4,1.93,1.91,1.98,2.02,1.98,1.95,1.91,1.91,1.86,1.89,1.88,1.89,1.88,1.88,1.85,1.86,1.86,1.85,1.86,1.87,1.94,1.96,1.94,1.94,
嘉義,2024/07/05 00:00:00,CO,0.14,0.12,0.12,0.12,0.13,0.14,0.15,0.16,0.17,0.17,0.16,0.16,0.15,0.14,0.12,0.15,0.15,0.16,0.19,0.22,0.26,0.22,0.21,0.16,
嘉義,2024/07/05 00:00:00,NMHC,0.02,0.01,0.02,0.03,0.03,0.04,0.02,0.02,0.02,0.03,0.03,0.02,0.01,0,0,0.02,0.02,0.02,0.03,0.05,0.09,0.04,0.1,0.05,
嘉義,2024/07/05 00:00:00,NO,0,1.1,0.8,0.8,0.5,0.8,0.9,1.5,1.6,1.5,1.1,0.8,1,1,1,1.2,0.8,1,0.8,0.8,1.1,0.8,0.5,0.8,
嘉義,2024/07/05 00:00:00,NO2,5.8,5.3,4.7,4.8,4.5,4.7,4.6,4,4.4,4.4,4,4.2,3.3,4.1,4,5.3,5.7,5.8,6.3,7.2,9.5,8.3,7.1,5.8,
嘉義,2024/07/05 00:00:00,NOx,5.7,6.4,5.6,5.7,5,5.5,5.6,5.5,6,6,5.1,5,4.3,5.1,5.1,6.5,6.6,6.9,7.1,8,10.6,9.1,7.6,6.6,
嘉義,2024/07/05 00:00:00,O3,16.9,16.3,12.4,10.1,11.2,12.6,21.8,26.2,33.5,41.2,51.2,57,61,55.4,44.4,37,35.5,31.3,26.8,23.7,16.4,12.7,11.2,10.1,
嘉義,2024/07/05 00:00:00,PM10,19,14,17,24,19,16,19,18,20,30,28,24,22,23,19,12,7,4,8,12,15,15,20,19,
嘉義,2024/07/05 00:00:00,PM2.5,8,9,6,6,7,9,6,11,10,15,11,11,11,10,11,9,9,5,5,4,8,7,6,7,
嘉義,2024/07/05 00:00:00,RAINFALL,0,0,0,0,0,0,0,0,0,0,0,0,0,0,1.5,18.5,14,0.5,0,0,0,0,0,0,
嘉義,2024/07/05 00:00:00,RH,85,85,86,87,86,86,84,79,71,65,58,52,43,57,74,88,90,90,89,89,89,90,90,89,
嘉義,2024/07/05 00:00:00,SO2,1.6,1.5,1.4,1.3,1.3,1.4,1.8,1.9,1.8,1.9,1.8,2,1.9,2.3,1.9,1.4,1.3,1.3,1.3,1.3,1.2,1.3,1.2,1.3,
嘉義,2024/07/05 00:00:00,THC,1.95,1.92,2,2.05,2.01,1.99,1.93,1.93,1.88,1.92,1.91,1.91,1.89,1.88,1.85,1.88,1.88,1.87,1.89,1.92,2.03,2,2.04,1.99,
嘉義,2024/07/05 00:00:00,WD_HR,163,114,98,101,92,101,50,33,19,31,24,1,20,312,280,343,120,120,110,100,97,105,98,109,
嘉義,2024/07/05 00:00:00,WIND_DIREC,102,107,112,122,80,72,39,3,26,55,349,356,348,304,269,38,130,147,109,93,109,112,109,115,
嘉義,2024/07/05 00:00:00,WIND_SPEED,0.9,1,0.9,0.7,1.5,1.1,2.2,1.8,2,2.6,2.3,2.4,2.3,3.7,3.4,4,1.4,1.3,1.4,0.9,1.3,1.2,1.1,0.8,
嘉義,2024/07/05 00:00:00,WS_HR,0.3,0.9,0.9,0.8,1,0.9,1.2,1.5,1.8,1.6,1.8,1.7,1.7,3.1,3,1.3,0.3,1.3,1.5,1.2,1.2,1.2,1.1,1,
嘉義,2024/07/06 00:00:00,AMB_TEMP,28.3,27.8,27.8,27.6,27.3,27.3,27.8,29.8,31.3,32.3,33.3,34.5,35.3,35.2,34.2,32.1,26.9,25.6,26,26.7,26.8,26.9,26.6,26.5,
嘉義,2024/07/06 00:00:00,CH4,1.93,1.97,1.94,1.97,1.99,1.94,1.98,1.91,1.89,1.89,1.88,1.87,1.88,1.91,1.91,1.9,1.9,1.89,1.91,1.93,1.94,1.92,1.93,1.91,
嘉義,2024/07/06 00:00:00,CO,0.16,0.12,0.12,0.11,0.11,0.13,0.16,0.18,0.2,0.21,0.16,0.14,0.13,0.15,0.16,0.16,0.12,0.13,0.19,0.26,0.24,0.22,0.18,0.13,
嘉義,2024/07/06 00:00:00,NMHC,0.04,0.02,0,0.02,0.01,0,0.01,0.07,0.02,0.01,0,0,0,0,0,0,0,0,0.02,0.07,0.03,0.03,0,0,
嘉義,2024/07/06 00:00:00,NO,0.7,1.2,0.9,0.9,0.8,1,1.9,2,1.7,1.8,1.1,1.1,1,1.1,1.1,0.9,0.9,0.8,0.7,0.8,1,0.9,0.9,1,
嘉義,2024/07/06 00:00:00,NO2,4.9,3.2,2.7,2.6,2.8,3.1,3.6,3.8,3.4,4.4,2.7,2.2,2,2.4,2.3,2.9,2.7,3.4,5.3,6.9,7.6,6.3,5.2,3,
嘉義,2024/07/06 00:00:00,NOx,5.7,4.5,3.7,3.6,3.6,4.1,5.6,5.8,5.1,6.2,3.9,3.3,3,3.5,3.5,3.9,3.6,4.2,6,7.7,8.6,7.2,6.1,4,
嘉義,2024/07/06 00:00:00,O3,9.7,9.8,11.1,9.3,8.9,10,10.3,21.7,35.7,45.1,53,52.1,56,54.4,56.7,50.3,41.1,37.2,33.5,28.9,23.8,18.4,12.2,14.6,
嘉義,2024/07/06 00:00:00,PM10,20,22,16,30,24,20,25,15,17,22,15,14,19,21,15,18,5,3,2,5,16,12,17,11,
嘉義,2024/07/06 00:00:00,PM2.5,7,7,4,4,6,8,8,8,12,11,6,8,10,11,11,10,7,3,7,4,2,5,5,2,
嘉義,2024/07/06 00:00:00,RAINFALL,0,0,0,0,0,0,0,0,0,0,0,0,0,0,0,2,32.5,14.5,0.5,0,0,0,0,0,
嘉義,2024/07/06 00:00:00,RH,89,89,88,88,88,87,86,80,72,65,58,51,49,54,59,70,91,92,91,90,89,88,88,85,
嘉義,2024/07/06 00:00:00,SO2,1.1,0.9,0.8,0.9,1,1,1,1.3,1.6,1.5,1.5,1.3,1.5,1.8,1.9,1.6,1.1,1,1,1,1.2,1.2,1,1.1,
嘉義,2024/07/06 00:00:00,THC,1.97,1.99,1.93,1.99,2,1.93,1.99,1.98,1.91,1.9,1.87,1.85,1.86,1.88,1.88,1.88,1.87,1.88,1.93,2,1.97,1.95,1.93,1.9,
嘉義,2024/07/06 00:00:00,WD_HR,109,108,109,104,107,109,100,95,107,290,251,256,276,307,269,279,114,93,90,75,79,109,110,111,
嘉義,2024/07/06 00:00:00,WIND_DIREC,103,107,106,104,114,102,92,65,219,280,277,242,292,284,277,135,125,75,102,78,91,111,105,112,
嘉義,2024/07/06 00:00:00,WIND_SPEED,1.4,1.5,1.2,1.2,1.1,1.7,1.5,0.9,1,1.7,2.1,2.5,3.2,3.4,3.3,2.5,2.5,3,1.9,2.5,1,1.4,1.5,2.4,
嘉義,2024/07/06 00:00:00,WS_HR,1.2,1.3,1.2,1.3,1.2,1.3,1.5,1,0.5,0.8,1.5,1.8,1.8,2.7,3.2,1,3,2,2.2,1,1.7,1.4,1.4,1.8,
嘉義,2024/07/07 00:00:00,AMB_TEMP,26.5,26.7,26.7,26.5,26.6,26.3,27.1,29.4,31.3,32.2,32.5,32.8,33.9,34.3,33.9,28.1,25.3,25.2,25,25.2,25.2,25,25.1,25.1,
嘉義,2024/07/07 00:00:00,CH4,1.91,1.91,1.92,1.91,1.94,1.91,1.91,1.87,1.86,1.86,1.86,1.86,1.87,1.87,1.89,1.87,1.87,1.89,1.89,1.91,1.94,1.93,1.94,1.95,
嘉義,2024/07/07 00:00:00,CO,0.11,0.1,0.11,0.11,0.11,0.11,0.14,0.13,0.14,0.14,0.14,0.13,0.13,0.12,0.14,0.12,0.12,0.14,0.16,0.19,0.18,0.16,0.14,0.14,
嘉義,2024/07/07 00:00:00,NMHC,0,0,0.06,0.03,0.07,0.04,0.07,0.05,0.02,0,0.01,0,0,0,0,0.01,0,0.01,0.04,0.04,0.02,0.03,0.01,0.1,
嘉義,2024/07/07 00:00:00,NO,0.9,0.9,0.7,0.8,0.6,0.9,1,1.7,0.9,1.1,1,0.8,0.9,0.9,0.8,0.6,0.6,0.7,0.8,0.7,1,0.8,0.9,0.8,
嘉義,2024/07/07 00:00:00,NO2,2.2,2.9,2.9,2.8,2.8,2.7,2.7,2.3,2,2.1,2.4,2.4,1.8,1.6,2,2.3,2.7,3.9,5.1,7.2,6.1,5,4,4.2,
嘉義,2024/07/07 00:00:00,NOx,3.1,3.9,3.7,3.6,3.5,3.6,3.8,4,3,3.2,3.4,3.3,2.7,2.6,2.9,2.9,3.3,4.6,6,8,7.2,5.8,4.9,5,
嘉義,2024/07/07 00:00:00,O3,14.7,14.1,11.8,11.2,9.3,11.5,10.3,16.2,25.5,33.3,40.5,43,44.2,47.9,54.5,44.7,40.3,36.4,30.4,26.9,21.8,18.5,13.3,12.6,
嘉義,2024/07/07 00:00:00,PM10,13,12,12,18,20,21,14,14,14,14,14,13,8,14,21,15,8,6,5,7,11,14,16,17,
嘉義,2024/07/07 00:00:00,PM2.5,0,3,2,1,3,5,5,2,2,3,6,4,6,6,6,8,4,0,4,6,6,5,2,0,
嘉義,2024/07/07 00:00:00,RAINFALL,0,0,0,0,0,0,0,0,0,0,0,0,0,0,2,25.5,2.5,3,0.5,0,0,0,0,0,
嘉義,2024/07/07 00:00:00,RH,85,84,85,85,86,86,85,78,66,62,61,59,53,53,59,88,91,90,91,91,91,90,88,88,
嘉義,2024/07/07 00:00:00,SO2,1.1,0.8,0.7,0.8,0.8,0.9,0.8,0.9,1.1,1.5,1.9,1.9,1.4,1.3,1.5,1.2,1,1.2,1.1,1.2,1.5,1.3,1.1,1,
嘉義,2024/07/07 00:00:00,THC,1.88,1.89,1.98,1.94,2.01,1.95,1.98,1.92,1.88,1.86,1.87,1.86,1.86,1.87,1.88,1.88,1.86,1.9,1.93,1.95,1.96,1.96,1.95,2.05,
嘉義,2024/07/07 00:00:00,WD_HR,111,113,112,107,115,106,103,103,69,3,289,283,275,312,283,98,306,114,78,262,113,104,130,97,
嘉義,2024/07/07 00:00:00,WIND_DIREC,112,113,112,103,99,109,80,107,72,277,273,15,0,306,233,117,315,106,264,69,113,105,77,104,
嘉義,2024/07/07 00:00:00,WIND_SPEED,1.9,1.3,1.2,0.9,0.8,1.7,1.4,1.7,1.6,1.5,2,1.4,1,2.6,1.7,2.5,1.6,2.2,1.8,1.1,1.8,2.3,1.1,2.1,
嘉義,2024/07/07 00:00:00,WS_HR,1.9,1.4,1.2,1.1,0.9,1.4,1.4,1.6,1,1.1,1.3,0.5,0.7,1.2,2.9,2.4,0.9,1,0.1,0.9,1.6,2,0.6,1.8,
嘉義,2024/07/08 00:00:00,AMB_TEMP,25.1,24.9,24.5,24.5,24.6,24.8,25.8,28.2,30.2,30.7,32.3,33.2,33.6,33.3,30.9,24.5,22.6,23.2,23.7,24,24.5,25,25,24.4,
嘉義,2024/07/08 00:00:00,CH4,1.95,1.96,2.05,2.2,2.05,1.98,1.93,1.91,1.86,1.87,1.88,1.88,1.9,1.91,1.91,1.87,1.9,1.93,1.94,1.98,2,2,2.06,1.94,
嘉義,2024/07/08 00:00:00,CO,0.13,0.09,0.1,0.12,0.1,0.11,0.15,0.21,0.17,0.13,0.14,0.14,0.13,0.14,0.15,0.08,0.12,0.22,0.21,0.21,0.34,0.36,0.49,0.1,
嘉義,2024/07/08 00:00:00,NMHC,0.04,0.01,0.01,0.02,0.03,0.07,0.03,0.17,0.01,0.01,0.01,0.02,0,0,0.01,0,0.01,0.05,0.04,0.03,0.11,0.21,0.27,0.04,
嘉義,2024/07/08 00:00:00,NO,0.9,0.2,0.1,0,0,0.2,1,2,1.9,1.2,0.8,0.6,0.4,0.4,0.3,0.2,0.1,0.1,0.2,0.2,0,0.2,0.2,0.3,
嘉義,2024/07/08 00:00:00,NO2,3.3,3,2.7,3.5,3.5,3.5,4.6,5.1,4.6,3.9,3.6,3.3,2.9,2.9,3.7,3,4.1,7.9,9.8,8.1,11.7,12.3,16.6,3.5,
嘉義,2024/07/08 00:00:00,NOx,4.2,3.3,2.9,3.6,3.4,3.7,5.7,7.1,6.6,5.2,4.5,3.9,3.4,3.3,4.1,3.2,4.3,8,10.1,8.4,11.7,12.5,16.9,3.9,
嘉義,2024/07/08 00:00:00,O3,13,14.5,14.5,8.2,11.7,13.3,14.1,18.9,24.3,28.5,38,42.2,46.6,48.1,48.6,47.9,53.3,43,30.4,29.6,22.7,20.4,12.1,28.4,
嘉義,2024/07/08 00:00:00,PM10,18,16,18,22,16,15,14,12,14,13,8,12,17,24,21,4,2,6,15,17,10,11,23,17,
嘉義,2024/07/08 00:00:00,PM2.5,1,1,0,0,3,4,4,5,3,2,5,4,2,5,10,6,5,3,4,3,6,7,6,4,
嘉義,2024/07/08 00:00:00,RAINFALL,0,0,0,0,0,0,0,0,0,0,0,0,0,0,1.5,25,15.5,1.5,0.5,0,0,0,0,0,
嘉義,2024/07/08 00:00:00,RH,87,86,86,90,87,85,81,70,69,68,60,56,54,59,78,87,91,91,91,90,89,87,88,83,
嘉義,2024/07/08 00:00:00,SO2,1,1.2,1.1,1.1,1.4,1.1,1.1,1.3,1.6,2.4,3.1,3.2,3,1.9,1.6,1.3,1.2,1.3,1.3,1.6,1.7,1.6,1.5,1.4,
嘉義,2024/07/08 00:00:00,THC,1.99,1.97,2.06,2.22,2.08,2.05,1.96,2.08,1.87,1.88,1.89,1.9,1.9,1.91,1.92,1.87,1.91,1.98,1.98,2.01,2.11,2.21,2.33,1.98,
嘉義,2024/07/08 00:00:00,WD_HR,120,112,181,117,109,108,108,91,18,292,352,0,358,319,295,110,67,83,220,130,41,85,110,107,
嘉義,2024/07/08 00:00:00,WIND_DIREC,144,117,209,110,104,110,110,68,235,358,350,357,328,311,294,186,50,205,248,22,93,78,111,107,
嘉義,2024/07/08 00:00:00,WIND_SPEED,1,1.1,1.2,1.2,1.6,1.2,1.7,1.2,1.2,2.1,3,2.3,3.1,3.6,1.5,2.6,3.7,1,3.2,0.8,1,0.7,1.8,1.5,
嘉義,2024/07/08 00:00:00,WS_HR,0.8,1.3,0.8,0.6,1.4,1.3,1.4,1.2,0.3,1,1.9,2,2.3,2.9,2.3,3.6,1.8,1,1.5,0.6,0.7,1,0.8,1.6,
嘉義,2024/07/09 00:00:00,AMB_TEMP,24.4,24.3,24.2,24.3,24.2,24.4,25.5,28.2,30.2,31.4,32.3,33,33.7,34.4,33.8,33.6,32.8,28.9,28,28,28.5,28.5,28,27.8,
嘉義,2024/07/09 00:00:00,CH4,1.93,1.93,1.94,1.93,1.91,1.91,1.9,1.91,1.86,1.87,1.88,1.88,1.88,1.88,1.87,1.85,1.85,1.85,1.87,1.88,1.91,1.95,1.93,1.99,
嘉義,2024/07/09 00:00:00,CO,0.1,0.09,0.08,0.08,0.08,0.1,0.17,0.28,0.18,0.15,0.15,0.14,0.13,0.13,0.14,0.12,0.11,0.15,0.2,0.23,0.32,0.31,0.18,0.17,
嘉義,2024/07/09 00:00:00,NMHC,0.03,0,0,0,0.02,0.03,0.11,0.15,0.04,0.04,0.02,0.01,0.01,0,0,0,0,0.02,0.04,0.06,0.12,0.15,0.04,0.04,
嘉義,2024/07/09 00:00:00,NO,0.2,0.5,0.3,0.4,0.6,0.6,1.2,2.8,1.9,1.5,1.6,1.9,1.1,0.9,0.7,0.9,1.4,1.1,0.8,0.7,0.7,0.7,0.5,0.6,
嘉義,2024/07/09 00:00:00,NO2,3.4,2.4,1.5,1.4,1.7,2.9,4.3,6.2,4.6,4.1,4.3,4.4,3.3,2.7,2.8,2.5,3.1,5.2,5.7,5.8,8.9,11.3,5.9,5.1,
嘉義,2024/07/09 00:00:00,NOx,3.6,2.9,1.8,1.9,2.4,3.6,5.6,9.1,6.5,5.7,6,6.3,4.4,3.6,3.5,3.4,4.6,6.3,6.6,6.5,9.7,12,6.5,5.7,
嘉義,2024/07/09 00:00:00,O3,26.3,29.7,29.5,29.4,27.4,22.9,21.6,22.3,28.8,36,40.6,45,52.3,55,47.6,45.9,36.6,34,34.5,31,25.7,21.6,15.8,10.8,
嘉義,2024/07/09 00:00:00,PM10,14,17,8,12,13,10,10,12,11,13,17,12,12,#,15,14,14,10,11,7,8,11,17,18,
嘉義,2024/07/09 00:00:00,PM2.5,2,2,2,1,3,0,0,5,4,3,3,3,5,#,6,7,4,6,4,4,9,8,4,3,
嘉義,2024/07/09 00:00:00,RAINFALL,0,0,0,0,0,0,0,0,0,0,0,0,0,0,0,0,1,3,0,0,0,0,0,0,
嘉義,2024/07/09 00:00:00,RH,83,75,73,71,73,76,75,72,66,64,58,53,50,47,54,57,63,87,89,87,85,86,88,89,
嘉義,2024/07/09 00:00:00,SO2,1.5,1.3,1.2,1.2,1.2,1.2,1.5,1.7,2.2,1.9,1.9,1.8,1.8,2,1.8,1.8,1.8,1.8,1.4,1.4,1.4,1.6,1.5,1.4,
嘉義,2024/07/09 00:00:00,THC,1.96,1.93,1.93,1.92,1.93,1.94,2.01,2.06,1.9,1.91,1.9,1.89,1.89,1.88,1.87,1.85,1.84,1.87,1.91,1.94,2.03,2.1,1.97,2.03,
嘉義,2024/07/09 00:00:00,WD_HR,111,112,111,110,110,109,102,91,10,7,344,326,313,305,257,259,255,143,92,88,355,74,98,111,
嘉義,2024/07/09 00:00:00,WIND_DIREC,107,114,119,107,114,106,91,42,40,7,345,312,297,267,251,266,240,102,78,356,56,114,110,114,
嘉義,2024/07/09 00:00:00,WIND_SPEED,1.9,2,1.9,2.2,1.9,1.6,1.2,1.5,2.1,2.3,2.6,3.2,3.7,3.2,3.2,3.6,3.7,2.5,1.9,1,0.8,1.5,1.2,1.3,
嘉義,2024/07/09 00:00:00,WS_HR,1.5,1.7,1.8,1.6,1.6,1.6,1.3,1.3,1.4,1.3,2.1,2.3,2.9,2,2.8,3.2,3.7,1.1,1.9,1.1,0.6,1,1.1,1.2,
嘉義,2024/07/10 00:00:00,AMB_TEMP,27.6,27.7,27.6,27.4,27,26.5,27.3,29.2,30.7,31.8,32.8,34.1,34.4,34.2,34.3,33.2,32.1,31.5,30.2,28.8,28.6,28.5,28.3,28.3,
嘉義,2024/07/10 00:00:00,CH4,2,1.97,1.96,1.96,1.97,1.94,1.93,1.88,1.89,1.84,1.85,1.85,1.84,1.83,1.82,1.82,1.83,1.84,1.83,1.84,1.87,1.96,1.96,1.97,
嘉義,2024/07/10 00:00:00,CO,0.14,0.11,0.1,0.1,0.11,0.12,0.15,0.15,0.18,0.11,0.11,0.12,0.15,0.13,0.09,0.09,0.1,0.12,0.13,0.15,0.17,0.22,0.17,0.16,
嘉義,2024/07/10 00:00:00,NMHC,0.02,0.02,0,0.01,0.03,0.02,0.03,0.06,0.03,0.01,0,0.01,0.01,0.02,0.01,0.02,0.01,0,0.01,0.02,0.04,0.07,0.03,0.03,
嘉義,2024/07/10 00:00:00,NO,0.5,0.9,0.4,0.6,0.5,0.6,1.2,1.3,1.4,1.1,1,0.8,0.9,0.8,1.2,1.1,1.2,0,0.7,0.5,0.6,0.7,0.6,0.6,
嘉義,2024/07/10 00:00:00,NO2,4.3,3.8,3.1,2.9,2.8,3,2.9,2.7,3.2,2.1,1.6,2.3,2.8,3.2,2.1,2,3.3,3.1,3.1,3.8,4.8,7.4,5.7,4.8,
嘉義,2024/07/10 00:00:00,NOx,4.8,4.7,3.5,3.6,3.3,3.6,4.1,4,4.7,3.2,2.6,3.2,3.8,4.1,3.3,3.2,4.6,2.7,3.9,4.4,5.4,8.2,6.3,5.5,
嘉義,2024/07/10 00:00:00,O3,9.7,11.8,10.8,9.9,9.7,11,11.1,19.9,27.9,25.9,26.5,38.7,51.3,48,31.9,27.2,22.1,21,24.4,22.6,15.5,8.1,8.8,9.8,
嘉義,2024/07/10 00:00:00,PM10,13,14,11,14,11,22,16,15,12,7,8,13,18,16,13,14,18,11,7,5,9,17,13,15,
嘉義,2024/07/10 00:00:00,PM2.5,3,4,3,3,2,6,5,5,5,2,1,3,4,7,4,2,2,3,3,1,3,3,1,3,
嘉義,2024/07/10 00:00:00,RAINFALL,0,0,0,0,0,0,0,0,0,0,0,0,0,0,0,0,0,0,0,0,0,0,0,0,
嘉義,2024/07/10 00:00:00,RH,89,89,88,88,88,87,84,74,66,61,57,52,50,55,53,55,63,68,71,80,86,87,87,86,
嘉義,2024/07/10 00:00:00,SO2,1.5,1.2,1.3,1.1,0.8,0.8,0.9,0.9,1.1,1.1,0.9,1.3,1.5,1.6,1.2,1,1.1,1.2,1.1,1.1,1.1,1.1,1,1.3,
嘉義,2024/07/10 00:00:00,THC,2.02,1.99,1.96,1.97,2,1.96,1.96,1.94,1.92,1.85,1.85,1.86,1.85,1.85,1.83,1.84,1.84,1.84,1.84,1.86,1.91,2.03,1.99,2,
嘉義,2024/07/10 00:00:00,WD_HR,121,180,167,130,118,113,100,62,227,232,219,212,222,232,238,234,242,256,124,106,106,103,114,140,
嘉義,2024/07/10 00:00:00,WIND_DIREC,122,199,177,114,113,98,100,315,219,234,209,204,234,238,239,233,252,248,113,101,110,120,107,207,
嘉義,2024/07/10 00:00:00,WIND_SPEED,1.3,1.9,1,1.4,1.6,1.1,1.8,1,1.9,4.1,3.8,3.4,3.4,5.4,6.5,3.6,3.3,2.9,1.6,1.7,1.7,1.8,1.2,1.1,
嘉義,2024/07/10 00:00:00,WS_HR,0.9,1,0.7,0.9,1,1.4,1.6,0.3,1.2,3.5,3.1,2.6,3.1,3.9,5.2,4.4,3.2,2.5,1.2,1.7,1.5,1.4,1.2,0.4,
嘉義,2024/07/11 00:00:00,AMB_TEMP,28.2,27.9,27.2,27,26.8,26.8,27.5,29.5,31.1,32.1,32.9,33.9,33.6,33.9,32.3,29.5,30.4,29.1,28.4,28.3,27.8,27.8,28,27.7,
嘉義,2024/07/11 00:00:00,CH4,1.99,1.94,1.91,1.88,1.87,1.89,1.91,1.94,1.86,1.83,1.84,1.84,1.86,1.86,1.84,1.84,1.84,1.85,1.86,1.88,1.93,1.95,1.93,1.93,
嘉義,2024/07/11 00:00:00,CO,0.14,0.11,0.09,0.08,0.08,0.09,0.12,0.24,0.2,0.11,0.13,0.16,0.15,0.14,0.12,0.12,0.14,0.16,0.16,0.18,0.17,0.17,0.19,0.14,
嘉義,2024/07/11 00:00:00,NMHC,0.01,0.03,0,0,0,0.02,0.01,0.08,0.03,0,0,0,0.02,0.01,0,0,0.02,0.02,0.02,0.03,0.03,0.04,0.08,0.04,
嘉義,2024/07/11 00:00:00,NO,0.7,0.6,0.2,0.4,0.4,0.6,1.6,3.1,2.6,1.5,0.8,0.9,0.8,0.6,0.7,0.9,1.7,1.1,0.7,0.6,0.6,0.5,0.6,0.5,
嘉義,2024/07/11 00:00:00,NO2,4.2,4,2.8,2.1,2,2.4,2.9,4.4,4,2.2,2,2.5,3.5,3.7,3.3,3.4,5,5.7,5.4,5.9,6,6.6,6.1,4.7,
嘉義,2024/07/11 00:00:00,NOx,4.9,4.6,3,2.5,2.4,3,4.6,7.5,6.6,3.7,2.8,3.4,4.4,4.4,4.1,4.3,6.7,6.9,6.1,6.5,6.6,7.1,6.7,5.3,
嘉義,2024/07/11 00:00:00,O3,10.7,8.9,6.5,6.6,6.3,6.3,6.4,11.6,19.8,22.4,29.1,37.9,55.4,56.9,35.9,26.2,19.4,21,21.2,18,13.3,9.9,10.8,8.9,
嘉義,2024/07/11 00:00:00,PM10,15,11,14,18,20,17,13,21,12,10,12,11,20,14,12,8,9,10,7,8,12,12,17,16,
嘉義,2024/07/11 00:00:00,PM2.5,5,5,3,2,2,5,6,10,5,0,0,6,5,7,5,3,4,3,2,3,4,2,3,4,
嘉義,2024/07/11 00:00:00,RAINFALL,0,0,0,0,0,0,0,0,0,0,0,0,0,0,0,7,0,0,0,0,0,0,0,0,
嘉義,2024/07/11 00:00:00,RH,87,86,85,84,82,80,76,72,67,61,59,56,59,59,66,84,83,86,87,87,87,87,86,87,
嘉義,2024/07/11 00:00:00,SO2,1.3,1.2,1.1,1,1,1,1,2,1.7,1.5,1.6,1.8,1.8,1.8,1.5,1.3,1.2,1.1,1.1,1.1,1.3,1.2,1.3,1.2,
嘉義,2024/07/11 00:00:00,THC,2,1.97,1.91,1.88,1.87,1.91,1.92,2.02,1.89,1.83,1.83,1.84,1.88,1.87,1.84,1.84,1.86,1.87,1.88,1.91,1.96,1.99,2.01,1.97,
嘉義,2024/07/11 00:00:00,WD_HR,181,113,114,113,111,105,114,121,216,222,227,223,229,230,259,285,281,118,103,104,107,91,107,101,
嘉義,2024/07/11 00:00:00,WIND_DIREC,111,116,121,113,108,100,105,214,219,228,214,234,208,230,263,325,238,117,101,106,119,97,118,96,
嘉義,2024/07/11 00:00:00,WIND_SPEED,0.9,1.5,1.1,1.2,1.6,1.1,1.5,1.7,3.5,4,3.6,3.2,2.9,4,3.4,1.4,1.7,1.9,1.9,1.5,1.7,1.3,1.1,1.5,
嘉義,2024/07/11 00:00:00,WS_HR,0.7,1.1,1.2,1.3,1.3,1.2,1.5,0.7,2.4,3,3.3,2.6,3.3,3.4,3.5,2.3,1.8,1.7,2,1.5,1.7,1.2,1,1.2,
嘉義,2024/07/12 00:00:00,AMB_TEMP,27.4,27.3,27.2,27.2,27.1,27,27.8,29.2,30.7,31.7,33,33.8,34.6,34.2,34.2,34.1,33.7,33,31.9,31.1,30.4,30.5,30.3,29.7,
嘉義,2024/07/12 00:00:00,CH4,1.96,1.98,2,1.99,2.03,2.03,1.98,1.92,1.89,1.91,1.87,1.87,1.86,1.84,1.83,1.83,1.83,1.83,1.84,1.85,1.85,1.86,1.91,1.92,
嘉義,2024/07/12 00:00:00,CO,0.11,0.12,0.1,0.11,0.11,0.12,0.18,0.21,0.21,0.17,0.11,0.13,0.11,0.09,0.08,0.09,0.1,0.11,0.12,0.12,0.13,0.14,0.14,0.12,
嘉義,2024/07/12 00:00:00,NMHC,0.03,0.07,0.09,0.06,0.04,0.04,0.09,0.07,0.04,0.02,0.01,0,0,0,0,0,0,0,0,0,0,0,0.01,0.01,
嘉義,2024/07/12 00:00:00,NO,0.4,1.1,0.8,0.8,0.8,1,1.5,2.1,2.8,1.7,1,1.6,1.4,1,1.1,1.5,1.3,1.3,0.9,0.6,0.6,0.9,0.8,0.7,
嘉義,2024/07/12 00:00:00,NO2,3.7,3.6,3.2,3.2,3.7,3.8,4.1,4.4,5,3.4,2.4,3.9,3.1,1.4,1.5,1.6,2,2.2,3.4,4.2,4.3,4.2,4.7,4,
嘉義,2024/07/12 00:00:00,NOx,4.1,4.8,4,4,4.5,4.9,5.7,6.5,7.8,5.1,3.5,5.6,4.5,2.5,2.6,3.2,3.4,3.5,4.4,4.9,4.9,5.1,5.6,4.8,
嘉義,2024/07/12 00:00:00,O3,9.1,7.9,7.2,7.9,7.2,7.8,10.7,19.5,26,35.7,40.4,48.9,47.9,38.7,36.3,31.2,26.7,26.3,24.8,23.8,19.3,18,15.1,15.8,
嘉義,2024/07/12 00:00:00,PM10,18,19,18,21,19,19,21,19,10,10,7,7,10,9,8,12,7,5,7,5,7,16,11,15,
嘉義,2024/07/12 00:00:00,PM2.5,4,3,3,5,8,6,8,6,6,4,5,4,7,5,3,2,2,4,5,5,4,7,7,7,
嘉義,2024/07/12 00:00:00,RAINFALL,0,0,0,0,0,0,0,0,0,0,0,0,0,0,0,0,0,0,0,0,0,0,0,0,
嘉義,2024/07/12 00:00:00,RH,88,88,88,88,87,88,86,80,70,66,59,54,49,56,56,55,57,58,66,73,77,76,79,81,
嘉義,2024/07/12 00:00:00,SO2,1.2,1.1,1,1,1,1,0.9,1.5,1.8,1.8,1.4,1.5,1.4,1.3,1.2,1.2,1.2,1.2,1.2,1.2,1.2,1.2,1.5,2,
嘉義,2024/07/12 00:00:00,THC,1.99,2.05,2.09,2.05,2.07,2.07,2.07,1.99,1.93,1.93,1.88,1.87,1.85,1.83,1.82,1.82,1.83,1.82,1.83,1.84,1.84,1.86,1.92,1.93,
嘉義,2024/07/12 00:00:00,WD_HR,109,108,112,119,118,115,93,262,220,230,221,231,239,260,249,267,263,267,254,243,229,217,120,218,
嘉義,2024/07/12 00:00:00,WIND_DIREC,108,104,111,118,116,116,68,272,228,229,247,233,239,257,247,265,275,263,264,223,231,106,124,224,
嘉義,2024/07/12 00:00:00,WIND_SPEED,1.4,1.4,1.3,1.4,1.4,1.2,0.8,1.1,1.8,2.3,2.8,3,3.2,3.7,3.6,3.6,3.1,2.7,2.7,1.5,1.8,1.1,0.8,1.7,
嘉義,2024/07/12 00:00:00,WS_HR,1.3,1.3,1.2,1.1,1,1.1,1,0.3,1,1.9,1.9,2.3,2.2,2.8,3.3,3.1,2.8,2.7,2.6,1.8,1.8,0.8,0.6,1,
嘉義,2024/07/13 00:00:00,AMB_TEMP,29.5,29.4,28.9,28.6,28.4,28.4,29.1,30.2,31.1,32.2,33.4,34.5,34.5,34.7,34.6,33.9,32,28.1,27.8,27.7,27.6,27.5,27.6,27.7,
嘉義,2024/07/13 00:00:00,CH4,2.02,2,2,1.97,2.01,1.98,1.98,1.92,1.89,1.85,1.85,1.85,1.87,1.84,1.84,1.84,1.84,1.85,1.87,1.9,1.93,1.9,1.89,1.94,
嘉義,2024/07/13 00:00:00,CO,0.15,0.13,0.11,0.11,0.1,0.12,0.13,0.16,0.19,0.15,0.15,0.14,0.11,0.09,0.09,0.09,0.1,0.11,0.13,0.16,0.2,0.14,0.11,0.12,
嘉義,2024/07/13 00:00:00,NMHC,0,0.02,0.01,0,0,0,0.02,0.02,0.03,0,0,0,0,0,0,0,0,0,0,0.02,0.04,0.01,0,0,
嘉義,2024/07/13 00:00:00,NO,0.7,1.4,1.2,1.2,0.9,1.2,1.9,2.5,2.4,1.8,1.5,1.4,1.4,1.8,1.8,1.4,1,1,1.1,1.1,1.2,1.2,1.1,0.8,
嘉義,2024/07/13 00:00:00,NO2,4,4.4,3.7,2.6,2.6,2.8,3.5,3.1,3.5,2.9,1.6,1.3,1.2,1.4,1.4,1.1,1.6,2.2,3.7,4.7,6.6,4.8,3,2.9,
嘉義,2024/07/13 00:00:00,NOx,4.7,5.9,5,3.8,3.6,4,5.4,5.7,5.9,4.7,3.2,2.8,2.7,3.2,3.2,2.6,2.7,3.2,4.8,5.8,7.8,6,4.1,3.8,
嘉義,2024/07/13 00:00:00,O3,13.8,11.1,8.1,13.1,11.2,13.5,11.1,16.7,27.6,34.8,42.7,47.7,46.5,39.6,36.4,33.3,31.3,35.5,31.8,27.4,21.4,16.9,16.3,13,
嘉義,2024/07/13 00:00:00,PM10,17,13,14,12,10,16,18,20,12,18,10,15,14,10,15,10,9,6,8,13,17,21,13,18,
嘉義,2024/07/13 00:00:00,PM2.5,5,5,7,6,8,6,6,8,6,10,10,7,9,7,6,7,9,5,3,3,4,3,5,10,
嘉義,2024/07/13 00:00:00,RAINFALL,0,0,0,0,0,0,0,0,0,0,0,0,0,0,0,0,0,0,0,0,0,0,0,0,
嘉義,2024/07/13 00:00:00,RH,85,85,86,86,87,87,85,81,76,65,57,51,55,55,53,52,57,64,69,76,81,80,74,77,
嘉義,2024/07/13 00:00:00,SO2,1.5,1.6,1.2,1.5,1.1,1.1,1.5,1.8,2.2,2.1,2.1,1.8,1.4,1.4,1.4,1.5,1.5,1.1,1.4,1.6,2.4,1.3,1.2,1.5,
嘉義,2024/07/13 00:00:00,THC,2.02,2.02,2.01,1.97,2.01,1.98,2,1.94,1.92,1.85,1.84,1.85,1.86,1.83,1.82,1.82,1.83,1.85,1.87,1.92,1.97,1.91,1.89,1.94,
嘉義,2024/07/13 00:00:00,WD_HR,175,119,148,194,188,204,121,155,222,233,245,233,243,252,275,265,57,108,202,115,83,110,110,120,
嘉義,2024/07/13 00:00:00,WIND_DIREC,100,112,177,184,195,195,117,188,203,242,275,244,249,263,253,265,96,119,244,123,111,105,115,105,
嘉義,2024/07/13 00:00:00,WIND_SPEED,0.6,1.1,1.5,1.5,1.3,1.4,1.8,1.8,1.7,2.3,1.8,3,3.3,3.8,4.3,2.9,6.8,2.1,1.8,0.9,1.6,2.1,1.9,1.3,
嘉義,2024/07/13 00:00:00,WS_HR,0.4,0.8,0.8,1.3,0.8,1,1.1,0.7,1.6,2.2,1.2,2,3,3.3,3.3,3.2,1.1,2.8,1,0.5,0.8,1.7,1.8,1,
嘉義,2024/07/14 00:00:00,AMB_TEMP,27.8,27.5,27.2,26.9,27.1,27.1,27.9,30.1,32.1,33.2,34.3,35.4,36.1,#,#,36.1,35.6,34.3,33,32.1,31.6,31.3,30.9,30.2,
嘉義,2024/07/14 00:00:00,CH4,1.94,1.92,1.9,1.91,1.89,1.89,1.9,1.91,1.85,1.87,1.92,2.06,1.9,#,#,1.89,1.89,1.88,1.89,1.93,1.96,1.97,1.99,2.06,
嘉義,2024/07/14 00:00:00,CO,0.13,0.1,0.09,0.08,0.08,0.09,0.13,0.21,0.1,0.12,0.11,0.12,0.12,#,#,0.11,0.12,0.14,0.16,0.18,0.19,0.18,0.18,0.21,
嘉義,2024/07/14 00:00:00,NMHC,0.02,0.01,0,0,0,0.02,0.04,0.1,0,0,0.01,0.04,0,#,#,0.01,0,0,0.01,0.03,0.03,0.03,0.03,0.06,
嘉義,2024/07/14 00:00:00,NO,1,0.6,0.8,0.6,0.6,0.7,1.1,1.5,1.5,1.1,0.9,0.9,0.6,#,#,0.9,1,1.2,0.8,0.8,0.7,0.7,0.5,0.7,
嘉義,2024/07/14 00:00:00,NO2,3.4,2.4,1.9,1.2,1.1,1.6,2.3,3.3,2.2,1.3,1.4,2.3,2.1,#,#,1.9,2.2,2.7,3.4,4.8,5.3,5.1,5.6,7.6,
嘉義,2024/07/14 00:00:00,NOx,4.4,3,2.7,1.8,1.8,2.4,3.5,4.8,3.8,2.4,2.3,3.2,2.7,#,#,2.8,3.2,4,4.3,5.6,6.1,5.9,6.1,8.3,
嘉義,2024/07/14 00:00:00,O3,11.4,16.1,17.9,19.6,20.1,18.4,16.7,21.1,19.3,25.2,31.7,44.3,49.9,#,#,43.4,40.2,26.8,23.8,24,20.6,17.2,16.5,7.8,
嘉義,2024/07/14 00:00:00,PM10,19,17,12,16,12,17,13,10,5,12,7,6,10,12,11,14,10,10,12,20,20,12,23,17,
嘉義,2024/07/14 00:00:00,PM2.5,8,5,1,1,4,3,4,4,2,5,4,2,7,4,5,7,6,4,3,6,7,11,8,11,
嘉義,2024/07/14 00:00:00,RAINFALL,0,0,0,0,0,0,0,0,0,0,0,0,0,#,#,0,0,0,0,0,0,0,0,0,
嘉義,2024/07/14 00:00:00,RH,80,71,67,66,65,66,68,64,61,55,48,42,41,#,#,45,47,51,56,62,64,65,69,73,
嘉義,2024/07/14 00:00:00,SO2,1.8,1.2,0.9,1,1.1,1.1,1.1,1.2,1.4,1.6,1.8,2.1,2.2,#,#,1.9,2,1.7,2.7,7,5.7,2.2,4.2,1.9,
嘉義,2024/07/14 00:00:00,THC,1.96,1.93,1.89,1.91,1.89,1.91,1.94,2.01,1.85,1.87,1.93,2.1,1.89,#,#,1.9,1.89,1.88,1.9,1.96,1.99,2,2.02,2.12,
嘉義,2024/07/14 00:00:00,WD_HR,101,110,115,104,108,109,101,98,13,29,2,8,15,#,#,357,349,351,5,3,12,356,8,109,
嘉義,2024/07/14 00:00:00,WIND_DIREC,109,111,112,93,105,109,99,68,8,19,0,353,345,#,341,5,344,347,5,6,3,342,110,105,
嘉義,2024/07/14 00:00:00,WIND_SPEED,1.3,1.3,2,2,2,1.6,1.1,1.3,2.1,2.6,2,3.4,4.3,#,4.1,3.4,4.5,4,2.9,3.9,2.6,1.7,1.3,1.5,
嘉義,2024/07/14 00:00:00,WS_HR,1,1.3,1.5,1.8,1.7,1.3,1.3,1.1,1.7,1.7,1.8,2.5,2.6,#,#,2.9,3.4,3.8,3.3,3.4,2.3,1.7,1.4,0.9,
嘉義,2024/07/15 00:00:00,AMB_TEMP,29.7,29.6,29.3,28.9,29,28.8,29.5,30.4,31.8,33.3,34.4,35.2,36.2,36.5,35.4,35.1,35.2,34.1,28.6,28.2,28.6,28.8,28.4,28.3,
嘉義,2024/07/15 00:00:00,CH4,2.01,1.93,2.04,2.05,2.08,2.05,2.06,2.04,1.94,1.9,1.91,1.93,1.92,#,1.89,1.88,1.88,1.89,1.88,1.87,1.88,1.9,1.92,1.95,
嘉義,2024/07/15 00:00:00,CO,0.15,0.12,0.13,0.14,0.14,0.14,0.2,0.24,0.22,0.19,0.18,0.18,0.22,0.19,0.16,#,0.16,0.17,0.14,0.13,0.16,0.15,0.14,0.13,
嘉義,2024/07/15 00:00:00,NMHC,0.03,0.01,0.02,0.02,0.03,0.03,0.07,0.09,0.05,0.04,0.03,0.01,0.03,#,0,0.02,0.01,0.02,0.01,0,0.02,0.01,0.01,0.01,
嘉義,2024/07/15 00:00:00,NO,0.5,0.3,0.4,0.3,0.3,0.6,1.1,2.2,2.3,1.2,0.4,0.3,0.5,0.5,0.5,#,0.2,0.4,0.4,0.2,0,0,0.4,0.1,
嘉義,2024/07/15 00:00:00,NO2,5.4,2.9,3.5,3.8,4,4.1,4.7,6.1,6.3,4.8,4,3.7,4,4.4,4.7,#,3.9,4.4,3.5,2.5,4.2,4.9,3.7,3.4,
嘉義,2024/07/15 00:00:00,NOx,6,3.3,4,4.2,4.4,4.7,5.8,8.4,8.6,6,4.5,4,4.5,5,5.2,#,4.2,4.9,4,2.7,4.3,5,4.1,3.5,
嘉義,2024/07/15 00:00:00,O3,10.5,12.3,8.6,8.8,7.7,9.2,11.2,16.4,26.5,44.5,51.9,59.6,76.7,77,#,54.5,48.9,42.3,45.1,36.6,28.6,25,20.9,17.1,
嘉義,2024/07/15 00:00:00,PM10,23,13,25,27,21,26,23,24,15,18,15,21,27,23,#,17,19,20,22,6,10,14,14,13,
嘉義,2024/07/15 00:00:00,PM2.5,11,9,12,11,10,18,12,15,8,11,8,10,16,#,12,14,8,8,5,5,5,5,4,3,
嘉義,2024/07/15 00:00:00,RAINFALL,0,0,0,0,0,0,0,0,0,0,0,0,0,#,#,0,0,0,0,0,0,0,0,0,
嘉義,2024/07/15 00:00:00,RH,76,75,77,80,83,83,80,75,64,57,52,50,47,47,50,52,49,51,67,77,79,75,76,77,
嘉義,2024/07/15 00:00:00,SO2,1.5,1.1,1,1.2,1.2,1.1,1.5,2.5,2.5,2.4,1.6,1.9,2,1.8,1.5,#,1.7,1.7,1.4,1.1,1.1,1.2,1.2,1.2,
嘉義,2024/07/15 00:00:00,THC,2.04,1.94,2.06,2.07,2.11,2.08,2.13,2.13,1.99,1.94,1.94,1.94,1.95,#,1.89,1.9,1.89,1.91,1.89,1.86,1.9,1.91,1.93,1.96,
嘉義,2024/07/15 00:00:00,WD_HR,117,115,105,182,107,99,76,45,17,39,5,0,356,359,7,9,6,304,204,112,131,110,123,102,
嘉義,2024/07/15 00:00:00,WIND_DIREC,115,92,84,224,90,93,26,98,350,51,9,356,360,8,358,3,359,225,124,111,206,110,146,108,
嘉義,2024/07/15 00:00:00,WIND_SPEED,1.6,0.9,1,0.8,1.1,0.8,1.8,1.3,3.7,3.1,3.2,3.6,3,3.5,4,3.5,3.7,4.6,2.5,2,1,1.7,1,1,
嘉義,2024/07/15 00:00:00,WS_HR,1.2,1.1,1,0.4,1,0.9,0.5,1.4,2,2.3,2.5,2.8,2.8,2.9,3.4,2.2,3.2,2.2,2.7,2.6,0.9,1.4,1.1,0.8,
嘉義,2024/07/16 00:00:00,AMB_TEMP,28.1,28,27.6,27.6,27.4,27.6,28,30,31.6,32.9,34.1,35.1,35.6,35.7,34.7,28.4,26.5,26.8,27.5,27.7,27.5,27.4,27.1,27,
嘉義,2024/07/16 00:00:00,CH4,1.97,1.96,1.91,1.91,1.9,1.9,1.9,1.89,1.9,1.9,1.93,1.91,1.89,1.89,1.89,1.87,1.88,1.89,1.91,1.92,1.94,1.96,2.03,2.12,
嘉義,2024/07/16 00:00:00,CO,0.13,0.12,0.11,0.11,0.11,0.12,0.15,0.21,0.2,0.18,0.18,0.18,0.15,0.17,0.18,0.16,0.16,0.21,0.26,0.35,0.33,0.23,0.27,0.34,
嘉義,2024/07/16 00:00:00,NMHC,0.02,0.02,0.01,0.03,0.02,0.01,0.04,0.05,0.05,0.05,0.03,0.03,0.01,0.02,0.02,0.01,0.02,0.04,0.1,0.12,0.1,0.09,0.09,0.1,
嘉義,2024/07/16 00:00:00,NO,0.1,0.2,0.2,0.1,0.5,0.5,0.7,1.4,1.4,1,0.8,0.6,0.5,0.5,0.6,0.3,0.4,0.4,0.4,0.4,0.6,0.6,0.7,0.4,
嘉義,2024/07/16 00:00:00,NO2,3.5,3,2,2.1,2,2.3,2.5,3.4,4.4,4.5,4.6,4.2,2.8,2.7,3.8,3.4,4,5.2,7.1,12.1,10.4,6.9,6.4,5.9,
嘉義,2024/07/16 00:00:00,NOx,3.6,3.2,2.3,2.3,2.5,2.9,3.2,4.8,5.8,5.6,5.4,4.8,3.4,3.3,4.5,3.7,4.5,5.7,7.5,12.5,11,7.5,7.1,6.3,
嘉義,2024/07/16 00:00:00,O3,14.6,13.4,14.9,14.7,15.8,16.8,18.1,28.2,42.6,52.9,61.7,66.5,64.5,70.4,69.4,53.9,44.2,37.9,32,23.8,15.7,14.7,13.2,11.3,
嘉義,2024/07/16 00:00:00,PM10,15,15,23,17,16,14,22,21,26,18,23,22,15,27,35,13,10,8,10,13,19,16,24,18,
嘉義,2024/07/16 00:00:00,PM2.5,4,9,5,4,4,3,7,8,8,7,5,7,8,12,10,14,9,5,1,6,5,6,9,7,
嘉義,2024/07/16 00:00:00,RAINFALL,0,0,0,0,0,0,0,0,0,0,0,0,0,0,5,50,10,0,0,0,0,0,0,0,
嘉義,2024/07/16 00:00:00,RH,78,78,77,77,77,76,74,67,63,55,50,43,38,45,56,87,91,91,89,89,89,89,89,90,
嘉義,2024/07/16 00:00:00,SO2,1.2,1.1,1,1.1,1.1,1.2,1.2,1.4,1.9,1.9,2.1,2.1,2.1,2.5,2.9,1.8,1.3,1.3,1.3,1.3,1.3,1.3,1.2,1.5,
嘉義,2024/07/16 00:00:00,THC,1.99,1.98,1.92,1.94,1.92,1.91,1.94,1.94,1.95,1.95,1.96,1.94,1.9,1.91,1.91,1.88,1.9,1.93,2.01,2.04,2.04,2.05,2.12,2.22,
嘉義,2024/07/16 00:00:00,WD_HR,119,110,112,110,109,113,105,76,19,353,347,316,302,307,308,63,120,108,97,81,96,90,180,147,
嘉義,2024/07/16 00:00:00,WIND_DIREC,109,112,116,114,116,100,109,11,23,299,337,306,311,298,321,180,120,86,92,64,104,107,202,111,
嘉義,2024/07/16 00:00:00,WIND_SPEED,1.4,1.2,1.8,1.3,1,1.5,1.7,1.9,2,2.5,2.5,2.8,2.6,3.4,3.1,2.2,2.7,1.9,1.7,0.7,1.7,1.4,1,1.3,
嘉義,2024/07/16 00:00:00,WS_HR,1,1.1,1.5,1.4,1.3,1.1,1.6,0.8,1.8,0.8,1.2,1.8,2.2,2,3.1,0.7,2.3,1.7,1.4,1.1,0.9,1.1,0.6,0.6,
嘉義,2024/07/17 00:00:00,AMB_TEMP,27.1,27.2,26.7,26.8,26.8,26.7,27.2,28.8,30.8,32.4,33.6,34.5,35.5,36.1,35.8,34.8,30.3,26.1,26.5,27.3,27.5,27.5,27.2,27.3,
嘉義,2024/07/17 00:00:00,CH4,2.02,1.98,1.93,1.93,1.94,1.93,1.93,1.91,1.9,1.91,1.92,1.93,1.93,1.91,1.93,1.95,1.92,1.9,1.89,1.93,1.98,1.96,1.97,2.04,
嘉義,2024/07/17 00:00:00,CO,0.23,0.16,0.12,0.12,0.13,0.14,0.17,0.23,0.27,0.27,0.25,0.2,0.2,0.19,0.19,0.23,0.21,0.2,0.2,0.29,0.33,0.27,0.19,0.23,
嘉義,2024/07/17 00:00:00,NMHC,0.1,0.12,0.03,0.02,0.02,0.02,0.05,0.04,0.08,0.06,0.07,0.03,0.02,0.01,0,0.02,0.02,0.02,0.04,0.07,0.13,0.12,0.03,0.06,
嘉義,2024/07/17 00:00:00,NO,0.4,0.9,0.6,0.7,0.6,0.8,1.3,1.5,1.3,0.9,0.8,0.9,0.7,0.7,0.6,0.6,0.4,0.7,0.7,0.4,0.7,0.6,0.6,0.6,
嘉義,2024/07/17 00:00:00,NO2,5.2,3.8,2.1,1.7,2,2.1,3.4,3.1,3.9,4.6,4.4,3.7,3.2,2.5,2.4,3.6,5.2,4.6,5.2,6.1,9.4,7.8,4.1,4.4,
嘉義,2024/07/17 00:00:00,NOx,5.7,4.8,2.8,2.4,2.7,2.9,4.7,4.7,5.2,5.6,5.3,4.6,3.9,3.3,3,4.2,5.7,5.3,5.9,6.6,10.2,8.5,4.8,5.1,
嘉義,2024/07/17 00:00:00,O3,13.8,11.9,14.7,14.3,13,13.5,13.7,24.8,41.5,53.6,63.4,63.5,73.3,76.9,78.7,81.2,61.6,44.2,39.7,36.7,27.8,24.1,17,15.9,
嘉義,2024/07/17 00:00:00,PM10,23,22,22,22,18,23,27,20,21,21,17,17,14,19,28,39,18,3,6,7,13,18,20,21,
嘉義,2024/07/17 00:00:00,PM2.5,9,8,9,8,7,7,7,8,9,11,13,9,12,18,10,24,19,4,5,7,8,7,6,7,
嘉義,2024/07/17 00:00:00,RAINFALL,0,0,0,0,0,0,0,0,0,0,0,0,0,0,0,0,37.5,34.5,0,0,0,0,0,0,
嘉義,2024/07/17 00:00:00,RH,89,88,86,85,85,85,83,75,65,58,54,45,44,41,42,53,77,92,92,90,88,89,89,88,
嘉義,2024/07/17 00:00:00,SO2,1.8,1.3,1.2,1.1,1.1,1.1,1.2,1.4,1.6,2.2,2.2,1.9,1.8,2,1.9,2.3,2,1.4,1.4,1.3,1.5,1.6,1.4,1.4,
嘉義,2024/07/17 00:00:00,THC,2.12,2.1,1.96,1.95,1.96,1.95,1.98,1.95,1.98,1.97,1.99,1.96,1.95,1.92,1.93,1.97,1.94,1.92,1.93,2,2.11,2.08,2,2.1,
嘉義,2024/07/17 00:00:00,WD_HR,97,107,103,107,109,113,106,105,85,24,2,329,19,10,334,317,37,36,92,67,44,99,107,82,
嘉義,2024/07/17 00:00:00,WIND_DIREC,102,110,97,111,109,114,105,118,56,34,10,12,304,69,328,315,37,113,57,40,79,105,105,103,
嘉義,2024/07/17 00:00:00,WIND_SPEED,1.2,0.8,1.2,1.4,0.8,1.3,1.3,0.9,2,1.8,1.9,1.7,2.3,2.1,2.3,3.5,3.2,2.1,1.3,1.8,1.4,1.7,1.7,1,
嘉義,2024/07/17 00:00:00,WS_HR,0.9,0.9,1.1,1.1,1,0.9,1.3,0.9,0.8,1.1,1.1,1.7,1.3,1.2,0.7,2.2,2,1.4,1.7,1.5,1.2,1.2,1.7,1.2,
嘉義,2024/07/18 00:00:00,AMB_TEMP,27,26.9,26.8,26.7,26.6,26.7,27.5,29.7,31.5,32.1,33.1,34.3,35.4,35.7,35.1,35,33.9,27.6,26.5,27,27.8,27.6,27,27.5,
嘉義,2024/07/18 00:00:00,CH4,2,1.93,1.92,1.95,1.93,1.93,1.92,1.94,1.91,1.87,1.91,1.89,1.9,1.91,1.9,1.91,1.89,1.86,1.88,1.91,1.94,1.96,2.02,2.01,
嘉義,2024/07/18 00:00:00,CO,0.2,0.14,0.14,0.13,0.13,0.14,0.19,0.3,0.22,0.15,0.15,0.15,0.16,0.15,0.15,0.16,0.17,0.12,0.14,0.19,0.34,0.29,0.19,0.18,
嘉義,2024/07/18 00:00:00,NMHC,0.03,0,0,0.01,0.01,0.01,0.06,0.12,0.05,0.01,0.01,0.03,0.02,0.01,0,0.02,0.04,0,0,0.06,0.14,0.12,0.03,0.05,
嘉義,2024/07/18 00:00:00,NO,0.4,1,0.7,0.7,0.9,1,1.2,2.2,2.1,1.5,1.6,1.2,1.4,1.1,1.2,1.5,1.6,1,0.7,1,1.1,1.1,1.1,0.7,
嘉義,2024/07/18 00:00:00,NO2,4.7,1.7,1.5,1.5,1.5,2.1,3.4,5.7,5.7,3.3,3.2,3,3,2.8,3.2,5,5.9,3.5,3.4,5.6,8.7,10.5,7,5.6,
嘉義,2024/07/18 00:00:00,NOx,5.2,2.7,2.3,2.3,2.5,3.2,4.7,7.9,7.8,4.8,4.9,4.2,4.5,4,4.4,6.6,7.6,4.5,4.2,6.7,9.8,11.7,8.1,6.3,
嘉義,2024/07/18 00:00:00,O3,16.5,18.6,18.6,19,19,17.7,16.7,27,36.8,34.6,45,54.5,58.7,73.3,72.8,72.1,61.5,39.2,32.4,25,19.3,13,12.6,12.6,
嘉義,2024/07/18 00:00:00,PM10,19,20,21,18,24,24,20,19,21,16,17,12,9,16,28,22,25,7,9,9,12,13,16,24,
嘉義,2024/07/18 00:00:00,PM2.5,4,4,6,5,5,5,7,8,10,9,6,10,8,7,8,17,14,8,3,0,2,5,4,6,
嘉義,2024/07/18 00:00:00,RAINFALL,0,0,0,0,0,0,0,0,0,0,0,0,0,0,0,0,0,5,0,0.5,0,0.5,0,0,
嘉義,2024/07/18 00:00:00,RH,88,86,85,85,85,84,83,73,65,66,60,49,43,45,52,56,60,84,90,89,89,91,92,91,
嘉義,2024/07/18 00:00:00,SO2,1.3,0.9,0.7,0.8,0.9,0.8,0.8,1,1.6,1.4,1.6,1.5,1.6,2,2,2.4,2.8,1.3,1,1.1,1,0.9,1,1.1,
嘉義,2024/07/18 00:00:00,THC,2.03,1.93,1.92,1.96,1.94,1.94,1.98,2.06,1.96,1.88,1.92,1.92,1.92,1.92,1.9,1.93,1.93,1.86,1.88,1.97,2.08,2.08,2.05,2.06,
嘉義,2024/07/18 00:00:00,WD_HR,113,113,110,108,109,113,99,61,29,8,0,356,1,344,326,330,342,117,158,81,91,205,163,102,
嘉義,2024/07/18 00:00:00,WIND_DIREC,111,113,109,115,106,114,93,46,26,24,48,8,354,331,322,335,73,128,234,79,88,231,110,104,
嘉義,2024/07/18 00:00:00,WIND_SPEED,2.2,1.6,1.7,1.1,1.8,1.4,1.2,1.8,2.1,2.1,2.1,2.8,2.2,2.9,4,4.1,4.1,2.6,1.6,1.1,1.2,1.6,1,1.2,
嘉義,2024/07/18 00:00:00,WS_HR,1.1,1.3,1.3,1.5,1.5,1.3,1.4,1.1,1.5,1.5,1.5,1.5,1.9,1.9,2.9,3.5,2.9,2.9,0.9,1.2,1.1,0.5,0.4,1.2,
嘉義,2024/07/19 00:00:00,AMB_TEMP,27.8,27.7,27.7,27.7,27.5,27.4,28.1,30,31.6,32.7,33.5,34.6,35.2,35.3,34.7,34.7,33,30.8,30.3,29.6,29.6,29.7,29.7,29.7,
嘉義,2024/07/19 00:00:00,CH4,1.98,1.92,1.93,1.93,1.94,1.93,1.93,1.94,1.93,1.91,1.9,1.92,1.95,1.93,1.89,1.87,1.87,1.9,1.9,1.88,1.89,1.92,1.94,1.97,
嘉義,2024/07/19 00:00:00,CO,0.18,0.15,0.15,0.15,0.15,0.16,0.2,0.32,0.25,0.2,0.18,0.2,0.21,0.19,0.18,0.15,0.17,0.26,0.28,0.22,0.26,0.29,0.22,0.2,
嘉義,2024/07/19 00:00:00,NMHC,0.04,0.02,0.04,0.04,0.02,0.03,0.05,0.1,0.05,0.02,0.02,0.01,0.01,0,0,0,0,0.05,0.06,0.02,0.05,0.09,0.05,0.08,
嘉義,2024/07/19 00:00:00,NO,0.4,0.5,0.7,0.6,0.7,0.6,1.6,2.3,2.2,1.4,1,0.8,1,0.7,0.9,1,0.9,0.7,0.8,0.6,0.8,1,0.8,0.7,
嘉義,2024/07/19 00:00:00,NO2,4.4,3,2.8,3,2.9,3.4,4.4,5.5,5.8,4.5,3.4,3.5,3.8,3.7,4.3,3.6,3.7,6.4,8,6.3,7.4,9.7,7,6.4,
嘉義,2024/07/19 00:00:00,NOx,4.8,3.5,3.5,3.6,3.6,4,6.1,7.8,8,6,4.5,4.3,4.9,4.4,5.2,4.6,4.7,7.1,8.9,6.9,8.2,10.7,7.9,7.1,
嘉義,2024/07/19 00:00:00,O3,11.7,12.8,13.6,12.1,11,11.2,10.8,19.8,31.4,41.7,51,57.1,65.8,67.1,53.9,44.9,43.8,35,29.4,29.3,24.3,22.3,24.9,22.5,
嘉義,2024/07/19 00:00:00,PM10,26,23,19,22,24,21,24,26,22,21,24,20,21,27,24,23,23,14,20,21,11,21,24,17,
嘉義,2024/07/19 00:00:00,PM2.5,6,9,7,5,7,6,7,10,12,11,10,9,12,17,10,10,11,11,9,7,8,9,7,7,
嘉義,2024/07/19 00:00:00,RAINFALL,0,0,0,0,0,0,0,0,0,0,0,0,0,0,0,0,6,0,0.5,0,0,0,0,0,
嘉義,2024/07/19 00:00:00,RH,90,90,89,89,89,88,87,82,71,65,60,53,51,56,58,58,69,87,89,90,90,90,88,88,
嘉義,2024/07/19 00:00:00,SO2,0.9,0.7,0.7,0.8,0.8,0.8,0.8,1,1.4,1.6,1.4,1.3,1.6,1.6,1.4,1.2,1.2,1.1,0.8,0.8,0.8,0.9,1.1,1.2,
嘉義,2024/07/19 00:00:00,THC,2.02,1.94,1.97,1.97,1.96,1.96,1.98,2.04,1.98,1.93,1.92,1.93,1.96,1.93,1.89,1.87,1.86,1.95,1.96,1.9,1.94,2.01,1.99,2.05,
嘉義,2024/07/19 00:00:00,WD_HR,109,111,104,108,120,112,95,66,19,24,23,350,353,342,352,344,350,60,117,104,106,72,68,41,
嘉義,2024/07/19 00:00:00,WIND_DIREC,109,113,97,114,113,118,93,26,346,36,51,349,346,344,340,333,328,108,119,110,97,56,49,84,
嘉義,2024/07/19 00:00:00,WIND_SPEED,1.1,1.1,1.3,1.2,1.1,1,1.2,1.8,3.4,3.3,2.5,2.2,2.1,3.9,3.5,4.9,2.7,1.5,1.5,1.3,1.2,2.2,1.8,1.6,
嘉義,2024/07/19 00:00:00,WS_HR,1.1,1.3,1.4,1.1,0.8,1,1,0.6,2.2,2,2,2,1.5,2.9,3.5,3.6,3.4,1.3,1,1.1,1.2,0.9,1.2,1.1,
嘉義,2024/07/20 00:00:00,AMB_TEMP,29.3,29.1,28.9,28.5,28.5,28.4,28.7,29.6,30.4,31.3,32.4,33.6,33.9,32.9,31.2,29.2,28.6,29.4,29.6,29.5,28.6,28.5,28.4,28.4,
嘉義,2024/07/20 00:00:00,CH4,1.96,1.95,2.05,2.08,2.09,2.11,2.1,2.03,2.01,2.03,1.96,1.97,1.97,1.9,1.91,1.92,1.89,1.88,1.91,1.95,1.99,1.93,1.91,1.94,
嘉義,2024/07/20 00:00:00,CO,0.2,0.17,0.18,0.16,0.17,0.19,0.24,0.2,0.21,0.18,0.17,0.17,0.17,0.18,0.18,0.18,0.18,0.22,0.33,0.38,0.21,0.15,0.15,0.17,
嘉義,2024/07/20 00:00:00,NMHC,0.07,0.07,0.01,0.01,0.02,0.02,0.02,0,0,0,0,0,0,0,0,0,0,0.01,0.05,0.08,0,0,0,0,
嘉義,2024/07/20 00:00:00,NO,0.3,0.2,0.6,0.3,0.2,0.3,0.9,1.4,1.8,0.8,0.3,0.3,0.4,0.4,0.5,0.4,0.6,0.5,0.7,0.7,0.5,0.1,0,0.3,
嘉義,2024/07/20 00:00:00,NO2,6.1,4.9,3.9,3.5,3.7,4.4,4.9,4.6,5.6,3.7,2.7,2.5,3.1,4.4,5,6.1,4.8,4.9,8.2,10.7,6.9,3.9,3.8,4.2,
嘉義,2024/07/20 00:00:00,NOx,6.5,5.1,4.6,3.9,3.9,4.8,5.8,6.1,7.5,4.6,3.1,2.9,3.6,4.9,5.5,6.5,5.4,5.5,8.9,11.4,7.4,4,3.8,4.6,
嘉義,2024/07/20 00:00:00,O3,16.5,16,11.8,8.8,8.9,8.4,11.3,19.9,27,39.7,48.3,58.4,58,56.8,56.8,43.7,40.8,37.8,27.6,18.7,21.8,24.1,22.9,18.2,
嘉義,2024/07/20 00:00:00,PM10,21,19,23,21,25,28,32,46,36,26,23,27,30,32,29,25,21,16,19,20,22,17,9,19,
嘉義,2024/07/20 00:00:00,PM2.5,8,7,8,9,7,10,13,14,18,15,15,11,13,19,16,15,9,7,13,14,10,8,5,6,
嘉義,2024/07/20 00:00:00,RAINFALL,0,0,0,0,0,0,0,0,0,0,0,0,0,1,6,0,0,0,0,0,0,0,0,0,
嘉義,2024/07/20 00:00:00,RH,89,90,90,90,91,90,90,89,87,82,69,63,63,72,81,90,91,89,89,90,90,89,87,87,
嘉義,2024/07/20 00:00:00,SO2,1.1,1.3,1,0.9,1,1.1,1.4,2.4,1.9,1.5,1.4,1.3,1.7,2.3,2.1,1.4,1.2,1.2,1.1,1.1,1.1,1.2,1.3,1.2,
嘉義,2024/07/20 00:00:00,THC,2.03,2.02,2.06,2.09,2.11,2.13,2.12,2.02,2.01,2.01,1.94,1.95,1.94,1.88,1.9,1.92,1.89,1.89,1.96,2.03,1.98,1.9,1.89,1.94,
嘉義,2024/07/20 00:00:00,WD_HR,109,108,107,100,110,109,157,136,247,241,260,276,284,298,305,127,107,111,108,161,207,118,131,110,
嘉義,2024/07/20 00:00:00,WIND_DIREC,97,100,107,119,106,111,203,139,238,143,242,256,269,315,228,106,113,107,101,195,116,110,119,115,
嘉義,2024/07/20 00:00:00,WIND_SPEED,0.9,0.8,0.9,0.5,1,1.2,0.9,1,1.3,1.4,2.1,1.7,3.7,4,1.9,2.6,1.7,1.6,0.9,1.1,1.1,0.8,1.2,1.1,
嘉義,2024/07/20 00:00:00,WS_HR,0.9,1,0.8,0.7,0.5,1.1,0.2,0.3,1,0.7,1.6,1.3,2.2,3.5,1.2,0.9,1.6,1.4,0.7,0.4,0.6,1.1,0.5,1.1,
嘉義,2024/07/21 00:00:00,AMB_TEMP,28,28.2,28.1,28,27.6,27.8,28,29.2,30.4,31.3,32.7,33.9,34.6,35,34.8,34,28.4,26.2,26.5,27.5,27.3,27.7,27.4,27.2,
嘉義,2024/07/21 00:00:00,CH4,1.99,2.04,2,2.05,1.96,1.98,2.01,2.01,2,2.01,1.97,1.95,1.93,1.9,1.88,1.88,1.89,1.89,1.89,1.93,1.99,2,2.03,2.01,
嘉義,2024/07/21 00:00:00,CO,0.15,0.13,0.13,0.12,0.12,0.17,0.22,0.21,0.22,0.2,0.19,0.19,0.16,0.14,0.12,0.11,0.12,0.09,0.14,0.27,0.23,0.25,0.2,0.14,
嘉義,2024/07/21 00:00:00,NMHC,0,0,0,0,0,0.06,0.04,0.02,0.02,0,0,0,0,0,0,0,0,0,0,0.04,0.03,0.05,0.01,0.01,
嘉義,2024/07/21 00:00:00,NO,0.5,1.3,1.3,1.3,1.3,1.3,1.6,2.4,2,2,1.6,1.5,1.4,1.4,1.5,1.3,1.3,1.3,1.1,1.2,1.1,1,1.4,1.1,
嘉義,2024/07/21 00:00:00,NO2,3.5,3.1,3.2,2.6,2,3,4.1,4.7,3.7,3.7,3.4,3.3,2.9,2.1,1.9,1.4,2.1,3.1,3.5,6.4,8,6.5,5.8,3.3,
嘉義,2024/07/21 00:00:00,NOx,4,4.5,4.5,4,3.3,4.4,5.8,7.2,5.8,5.7,5,4.8,4.3,3.6,3.4,2.7,3.5,4.5,4.7,7.7,9.2,7.6,7.2,4.4,
嘉義,2024/07/21 00:00:00,O3,16.4,16.3,14.2,12,11.7,9.5,11.9,20.5,27.4,33.8,44.3,51.5,53.4,52.8,49.9,46.5,40.2,36.6,35.5,26.7,17.5,16.7,12.2,11.8,
嘉義,2024/07/21 00:00:00,PM10,27,18,19,23,28,25,20,27,30,24,23,23,21,22,25,20,7,4,1,6,14,15,16,15,
嘉義,2024/07/21 00:00:00,PM2.5,7,6,5,8,13,11,11,12,14,11,12,11,11,11,9,6,9,5,1,2,0,3,5,5,
嘉義,2024/07/21 00:00:00,RAINFALL,0,0,0,0,0,0,0,0,0,0,0,0,0,0,0,0,7,5.5,0,0,0,0,0,0,
嘉義,2024/07/21 00:00:00,RH,89,88,89,89,88,88,88,86,78,75,69,61,58,59,60,61,90,91,91,90,91,89,90,90,
嘉義,2024/07/21 00:00:00,SO2,1,1.3,1.4,1.3,1.2,1.3,1.4,1.9,1.9,2,2,1.8,1.8,1.9,2.1,1.9,1.5,1.6,1.5,1.4,1.3,1.4,1.4,1.4,
嘉義,2024/07/21 00:00:00,THC,1.97,2.02,2,2.03,1.94,2.04,2.05,2.03,2.02,2.01,1.96,1.94,1.91,1.88,1.86,1.86,1.86,1.85,1.89,1.97,2.02,2.05,2.04,2.02,
嘉義,2024/07/21 00:00:00,WD_HR,205,114,105,110,112,109,63,14,6,16,2,354,353,326,332,338,116,195,97,132,105,102,111,103,
嘉義,2024/07/21 00:00:00,WIND_DIREC,159,117,103,107,103,119,36,7,6,7,348,3,17,321,338,102,178,216,356,214,72,113,103,123,
嘉義,2024/07/21 00:00:00,WIND_SPEED,0.9,1.4,1.2,0.9,1.1,0.8,1.4,2.3,3.4,3.4,3.6,3.4,2.5,3,4.6,4.2,2.8,2.8,1,1,1.1,1,0.9,0.7,
嘉義,2024/07/21 00:00:00,WS_HR,0.8,0.7,1.1,1.1,1.3,1.1,1.3,2,2.9,2.7,2.9,3.1,2.6,2.8,3.7,2.5,2.3,2.4,1.3,0.3,1.2,0.5,1,1.1,
嘉義,2024/07/22 00:00:00,AMB_TEMP,27.4,27.1,26.9,27,26.7,26.9,27.6,29.4,30.6,32,33.5,34.9,34.9,35.3,35.5,34.7,34.2,33.6,32.6,31.7,31,30.7,30.6,30.4,
嘉義,2024/07/22 00:00:00,CH4,2.02,1.99,1.97,1.94,1.96,2.01,2.08,1.91,1.93,1.97,1.92,1.92,1.91,1.88,1.86,1.85,1.86,1.86,1.87,1.87,1.88,1.9,1.89,1.91,
嘉義,2024/07/22 00:00:00,CO,0.17,0.14,0.11,0.12,0.11,0.14,0.2,0.2,0.21,0.2,0.19,0.22,0.2,0.16,0.32,0.13,0.14,0.17,0.18,0.18,0.18,0.17,0.13,0.12,
嘉義,2024/07/22 00:00:00,NMHC,0.02,0,0.01,0.03,0.03,0.07,0.08,0.07,0.04,0.04,0.04,0.03,0.01,0.03,0.09,0.01,0.01,0.03,0.02,0.01,0.02,0.01,0,0,
嘉義,2024/07/22 00:00:00,NO,1.1,0.8,0.8,0.7,0.7,0.8,2.2,2.7,2,1.6,1.4,0.9,1,1.2,1.1,1.2,1.2,0.9,0.8,0.7,0.9,0.7,0.4,0.5,
嘉義,2024/07/22 00:00:00,NO2,4.1,3.2,2.4,2.1,2.5,3.4,6.1,5.7,4.9,4.8,3.7,3.7,3.9,3,2,2.3,2.8,4,4.1,4.3,4.5,4.6,3,2.7,
嘉義,2024/07/22 00:00:00,NOx,5.3,4,3.3,2.8,3.2,4.3,8.4,8.5,7,6.5,5.2,4.6,5,4.3,3.1,3.6,4,5,5,5,5.5,5.4,3.5,3.3,
嘉義,2024/07/22 00:00:00,O3,8.2,9,10.5,10.4,9.5,14.3,12.5,20.7,30.9,43.9,57.9,66.4,66,52.6,48.1,49.1,45.7,41.9,37,35.6,33.7,33.5,37.1,31.1,
嘉義,2024/07/22 00:00:00,PM10,21,23,16,17,21,18,23,18,21,23,26,20,34,#,x,23,14,20,24,21,20,26,31,24,
嘉義,2024/07/22 00:00:00,PM2.5,5,3,5,5,6,6,8,7,10,8,9,11,18,#,12,12,7,5,5,6,8,11,9,9,
嘉義,2024/07/22 00:00:00,RAINFALL,0,0,0,0,0,0,0,0,0,0,0,0,0,0,0,0,0,0,0,0,0,0,0,0,
嘉義,2024/07/22 00:00:00,RH,89,89,88,88,88,88,86,78,73,67,59,53,54,51,48,53,55,57,62,70,77,80,84,85,
嘉義,2024/07/22 00:00:00,SO2,1.4,0.9,0.8,0.7,0.8,0.9,1.1,1.4,1.5,1.5,1.5,1.4,1.8,#,1.5,1,1,1.4,1,0.9,0.9,0.8,0.9,2.3,
嘉義,2024/07/22 00:00:00,THC,2.04,1.99,1.98,1.97,1.99,2.08,2.16,1.98,1.97,2.01,1.96,1.95,1.92,1.91,1.95,1.86,1.87,1.89,1.89,1.88,1.9,1.91,1.89,1.91,
嘉義,2024/07/22 00:00:00,WD_HR,130,109,109,117,111,60,9,16,18,2,16,5,340,343,337,329,324,342,339,352,347,353,355,18,
嘉義,2024/07/22 00:00:00,WIND_DIREC,113,110,116,113,108,35,36,33,39,350,355,334,340,340,347,318,328,343,345,351,342,346,1,121,
嘉義,2024/07/22 00:00:00,WIND_SPEED,0.7,1.3,1,1,0.7,1.3,2.3,3,3.4,2.8,3.6,3.4,3.8,4,4,4.4,3.1,3.2,2.8,3.4,1.9,1.9,2.1,1.1,
嘉義,2024/07/22 00:00:00,WS_HR,0.7,1.2,1.1,1.1,1,0.9,1.6,2.6,2.8,2.7,2.6,2.4,3.2,3.4,3.6,3.8,3.5,3.2,2.4,3,2,1.9,2,0.5,
嘉義,2024/07/23 00:00:00,AMB_TEMP,29.8,29.6,29.5,29.2,28.7,28.7,28.8,29.5,30.8,32,33.4,33.9,34.2,34.8,35.1,34.7,33.9,32.7,29.9,28.2,28.4,28.1,28.3,28.3,
嘉義,2024/07/23 00:00:00,CH4,1.99,2.01,1.98,2.03,2.02,2.01,2.01,1.96,1.9,1.9,1.9,1.93,1.96,1.95,1.88,1.88,1.89,1.91,1.9,1.89,1.92,1.95,1.93,1.91,
嘉義,2024/07/23 00:00:00,CO,0.13,0.14,0.13,0.13,0.13,0.14,0.18,0.23,0.24,0.18,0.17,0.19,0.18,0.18,0.13,0.14,0.15,0.22,0.17,0.15,0.16,0.15,0.14,0.12,
嘉義,2024/07/23 00:00:00,NMHC,0.01,0.01,0.01,0.01,0.02,0.03,0.04,0.05,0.03,0.03,0.05,0.05,0.04,0.02,0.02,0.01,0.01,0.03,0.01,0.01,0.01,0.01,0,0,
嘉義,2024/07/23 00:00:00,NO,0.7,0.7,1,1.3,1,0.7,1,1.8,2.2,1.9,1.3,1.1,1.3,1.4,1.2,1.2,1.3,1.2,1.1,0.9,0.7,0.8,0.7,1,
嘉義,2024/07/23 00:00:00,NO2,3.1,4.1,3.4,2.7,2.4,3.2,4,5.2,5.8,5.1,3.8,4.4,5.1,3.9,2.9,3.1,3.5,5.7,5.2,3,3.7,2.9,2.3,1.5,
嘉義,2024/07/23 00:00:00,NOx,3.8,4.9,4.5,4,3.4,3.9,5,7.1,8,7,5.1,5.5,6.4,5.3,4.2,4.4,4.9,6.9,6.4,3.9,4.5,3.7,3.1,2.6,
嘉義,2024/07/23 00:00:00,O3,25.6,22.1,20.9,18.2,16.2,16.3,16.1,21.6,34,41.1,51.1,56.8,67,61.1,46.1,48.1,45.8,38.7,35.6,36.8,32.7,34.6,33.2,33.2,
嘉義,2024/07/23 00:00:00,PM10,23,26,25,28,27,32,20,27,20,32,23,26,27,37,32,44,48,48,26,4,6,10,8,9,
嘉義,2024/07/23 00:00:00,PM2.5,7,10,10,8,5,10,12,12,9,8,11,14,14,15,12,11,16,16,9,7,7,5,3,7,
嘉義,2024/07/23 00:00:00,RAINFALL,0,0,0,0,0,0,0,0,0,0,0,0,0,0,0,0,0,0.5,0,0,0,0,0,0,
嘉義,2024/07/23 00:00:00,RH,87,88,88,88,88,87,85,84,80,71,61,58,57,58,58,61,64,78,86,89,89,90,89,88,
嘉義,2024/07/23 00:00:00,SO2,1,1.6,1.3,1,0.8,0.8,0.7,0.9,1.3,1.3,1.2,1.2,1.3,1.7,1.6,1.3,1.3,1.1,0.9,0.7,0.7,1,0.9,0.8,
嘉義,2024/07/23 00:00:00,THC,2,2.02,1.99,2.04,2.04,2.04,2.05,2.01,1.93,1.93,1.95,1.98,2,1.97,1.9,1.89,1.9,1.94,1.91,1.9,1.93,1.96,1.93,1.91,
嘉義,2024/07/23 00:00:00,WD_HR,211,132,114,119,110,111,108,91,228,329,53,357,279,310,333,319,324,324,217,216,215,222,217,228,
嘉義,2024/07/23 00:00:00,WIND_DIREC,220,141,115,115,112,122,104,176,328,5,299,306,299,312,338,326,346,323,219,199,221,214,217,235,
嘉義,2024/07/23 00:00:00,WIND_SPEED,1.1,0.9,1.2,1.3,1,1.1,1.5,0.6,1,1.2,1.1,1.4,2.6,3.3,4,3.9,3.7,2.2,3.1,1.1,2.5,2.6,2.4,2.5,
嘉義,2024/07/23 00:00:00,WS_HR,1,0.5,0.8,1,1,1.1,1.3,0.3,0.2,0.9,0.8,1.1,1.8,2.6,3.2,3.4,3.8,2.2,2.4,1.7,1.2,2.4,1.9,2.4,
嘉義,2024/07/24 00:00:00,AMB_TEMP,28.3,28.4,28.5,28.1,27.9,27.8,27.8,28.1,27.7,28.1,28.1,28.3,28.3,28.3,28.5,28.8,28.9,28.3,28,27.8,27.7,27.1,27.3,26.6,
嘉義,2024/07/24 00:00:00,CH4,1.93,1.99,2.1,2,1.97,2.09,2.12,2.1,2.05,1.9,1.87,1.86,1.87,1.86,1.86,1.86,1.85,1.86,1.86,1.85,1.86,1.86,1.86,1.86,
嘉義,2024/07/24 00:00:00,CO,0.12,0.13,0.15,0.13,0.13,0.17,0.2,0.21,0.23,0.12,0.1,0.09,0.09,0.09,0.09,0.09,0.11,0.1,0.12,0.11,0.1,0.08,0.09,0.08,
嘉義,2024/07/24 00:00:00,NMHC,0,0,0.03,0,0.02,0.01,0.02,0.01,0.04,0,0,0,0,0,0,0,0,0,0,0,0,0,0,0,
嘉義,2024/07/24 00:00:00,NO,1.1,1,0.7,0.7,0.9,1,0.9,1.3,2.1,1.9,1.5,1.4,1.2,1.3,1.2,1.1,1,1.1,1.1,0.7,0.8,0.6,0.5,0.6,
嘉義,2024/07/24 00:00:00,NO2,1.3,2.4,3.9,3.8,3.1,4.5,5.2,4.9,7.1,4.3,2.7,1.8,1.4,1.2,1.4,1.4,2.9,2.9,3.3,2.9,2.2,1.7,1.4,1.1,
嘉義,2024/07/24 00:00:00,NOx,2.5,3.4,4.6,4.6,4,5.5,6.2,6.3,9.2,6.2,4.2,3.2,2.7,2.6,2.7,2.6,3.9,4.1,4.4,3.6,3,2.4,2,1.8,
嘉義,2024/07/24 00:00:00,O3,31,27.6,23,22.8,22.5,22.9,19.8,23.2,16.2,18.8,19.9,22.7,23.4,23.4,22.2,23.3,22,22.1,22.1,22.4,23.6,24.8,24.8,24.6,
嘉義,2024/07/24 00:00:00,PM10,11,9,15,13,9,16,16,15,7,16,12,17,14,14,20,22,14,23,17,19,18,5,3,6,
嘉義,2024/07/24 00:00:00,PM2.5,5,4,4,3,9,8,10,9,7,5,5,4,7,5,4,7,9,8,5,5,5,0,0,0,
嘉義,2024/07/24 00:00:00,RAINFALL,0,0,1,0,0,0,0,0,5.5,1,5.5,2,4,0.5,0.5,0,0,0,6,5.5,16.5,10.5,25,40,
嘉義,2024/07/24 00:00:00,RH,88,89,89,91,91,91,91,90,91,92,92,92,92,92,91,89,88,90,91,92,92,93,94,94,
嘉義,2024/07/24 00:00:00,SO2,0.8,1.4,1.1,1.1,0.9,1,1.1,1.1,1.1,1.1,0.9,0.9,1,1,0.9,1,1.5,1.4,1.6,1.4,1.2,0.8,1.1,1,
嘉義,2024/07/24 00:00:00,THC,1.92,1.99,2.13,2,1.99,2.1,2.14,2.11,2.09,1.87,1.84,1.83,1.83,1.82,1.82,1.83,1.83,1.85,1.83,1.82,1.82,1.82,1.82,1.82,
嘉義,2024/07/24 00:00:00,WD_HR,211,55,44,96,37,30,35,20,353,347,348,343,338,342,344,329,324,323,322,319,323,319,313,296,
嘉義,2024/07/24 00:00:00,WIND_DIREC,173,63,50,101,13,61,19,0,354,349,348,342,342,349,337,321,327,319,325,321,327,323,305,288,
嘉義,2024/07/24 00:00:00,WIND_SPEED,1.2,0.7,2.3,0.9,2,2.3,2.7,2.4,2.9,5.4,6.1,6.9,6.9,6.1,6.7,7.1,8.8,7.4,6.7,5.9,8.1,6,6.8,7.4,
嘉義,2024/07/24 00:00:00,WS_HR,1.4,0.4,1.7,1.1,0.8,1.5,2,2.2,2,4.6,4.8,6.2,5.6,5.3,5.5,6.7,7.1,6.2,6.4,6.5,5.9,4.5,5.1,5.1,
嘉義,2024/07/25 00:00:00,AMB_TEMP,26.5,26.4,26.3,25.9,25.9,26.2,26.1,26.1,26.1,26.3,26.2,26.3,26.2,26.2,25.9,25.8,25.6,25.4,26,26,26.8,27.4,27.6,27.2,
嘉義,2024/07/25 00:00:00,CH4,1.86,1.86,1.88,*,1.89,1.9,1.91,1.92,1.93,1.93,1.93,1.94,1.95,1.96,1.94,1.92,1.93,1.93,1.93,1.91,*,1.9,1.9,1.9,
嘉義,2024/07/25 00:00:00,CO,0.09,0.1,0.1,0.09,0.1,0.11,0.11,0.11,0.11,0.11,0.11,0.11,0.11,0.12,0.11,0.1,0.11,0.1,0.11,0.1,0.1,0.09,0.1,0.1,
嘉義,2024/07/25 00:00:00,NMHC,0,0,0,#,0,0,0,0,0,0,0,0,0,0,0,0,0,0,0,0,#,0,0,0,
嘉義,2024/07/25 00:00:00,NO,0.8,0.9,0.3,0.6,0.7,0.4,0.6,0.7,0.6,0.7,0.7,0.8,0.7,0.5,0.6,0.8,0.7,0.6,0.8,0.7,0.8,0.7,0.8,0.9,
嘉義,2024/07/25 00:00:00,NO2,1.2,1.3,0.8,0.6,0.7,0.9,0.7,0.8,1.3,1.4,1.1,1.7,2,1.8,1.2,1,1.3,1.4,1.6,1.8,1.4,1.4,1.7,1.5,
嘉義,2024/07/25 00:00:00,NOx,2,2.2,1.1,1.2,1.4,1.3,1.4,1.6,1.9,2.1,1.9,2.5,2.7,2.3,1.8,1.8,2.1,2.1,2.4,2.6,2.3,2.2,2.5,2.4,
嘉義,2024/07/25 00:00:00,O3,23.1,25.7,28.3,28.5,27.9,26.6,26.7,26.9,26.7,26.6,30.1,31.4,30.1,36.4,37.5,35,36.9,36,35.5,32.6,32.6,27.7,26.9,27.6,
嘉義,2024/07/25 00:00:00,PM10,9,11,13,10,9,8,9,12,8,5,11,7,5,5,6,4,3,5,7,13,10,7,11,13,
嘉義,2024/07/25 00:00:00,PM2.5,0,1,6,6,2,2,2,2,2,1,2,4,2,1,4,2,0,1,2,5,6,3,2,3,
嘉義,2024/07/25 00:00:00,RAINFALL,16,6,13,23.5,8.5,25.5,9,17,16.5,15,10.5,10.5,37,37,36.5,51.5,37.5,18.5,15.5,19,15.5,2.5,18,4.5,
嘉義,2024/07/25 00:00:00,RH,94,94,94,94,94,94,94,94,95,95,96,96,97,96,95,95,95,95,95,95,95,95,96,96,
嘉義,2024/07/25 00:00:00,SO2,0.9,1.2,1.1,1.1,1.2,1.2,1.2,1.2,1.2,1.2,1.3,1.3,1.5,1.3,1.3,1.2,1.2,1.4,1.4,1.3,1.3,1.3,1.4,1.4,
嘉義,2024/07/25 00:00:00,THC,1.83,1.83,1.83,*,1.85,1.85,1.86,1.87,1.88,1.88,1.88,1.9,1.9,1.92,1.89,1.87,1.88,1.88,1.88,1.86,*,1.85,1.85,1.85,
嘉義,2024/07/25 00:00:00,WD_HR,284,250,240,236,233,245,237,236,232,231,234,222,226,215,221,204,188,183,192,204,197,185,189,196,
嘉義,2024/07/25 00:00:00,WIND_DIREC,263,242,240,231,239,238,239,231,224,236,233,216,231,211,222,178,191,185,208,213,182,192,186,186,
嘉義,2024/07/25 00:00:00,WIND_SPEED,7.5,9,8.7,7.9,6.7,7.8,8.2,6.9,5.1,6.5,5.7,3.6,6.2,3.6,6.8,5.9,6.6,7.2,5.9,5.5,5.6,5.2,6.4,5.5,
嘉義,2024/07/25 00:00:00,WS_HR,6.9,7.5,8,7.4,6.3,6.1,7,6.8,4.9,5.9,5.6,4.6,4.1,3.3,6.3,4.2,4.7,5.7,4.6,4.4,4.1,4.2,4.5,3.8,
嘉義,2024/07/26 00:00:00,AMB_TEMP,27.2,27.4,27.9,27.2,26.3,26.1,27.1,27.2,26.6,26.6,27,26.4,27,27.4,25.9,25.5,25.4,24.8,24.7,25,25.8,26,28.2,28.8,
嘉義,2024/07/26 00:00:00,CH4,*,*,1.89,1.88,1.88,1.87,1.88,1.88,1.88,1.88,1.88,1.88,1.88,1.88,1.87,1.87,1.88,1.88,1.9,1.9,1.88,1.93,1.88,1.87,
嘉義,2024/07/26 00:00:00,CO,0.09,0.09,0.09,0.08,0.08,0.08,0.09,0.11,0.1,0.1,0.11,0.1,0.11,0.1,0.08,0.09,0.1,0.09,0.1,0.13,0.1,0.12,0.1,0.09,
嘉義,2024/07/26 00:00:00,NMHC,#,#,0,0,0,0,0,0,0,0,0,0,0,0,0,0,0,0,0,0,0,0,0,0,
嘉義,2024/07/26 00:00:00,NO,0.7,0.5,0.9,0.9,0.6,0.8,0.9,0.8,0.9,1,0.9,1.1,1.5,1.3,0.9,1,0.9,0.8,1.1,0.9,0.9,0.9,0.7,0.9,
嘉義,2024/07/26 00:00:00,NO2,1.7,2.2,2.7,1.8,1.1,1.4,1.6,2.4,2.2,2.8,2.9,2.5,3,2.5,1.5,1.7,2.5,2.5,3.5,3.8,1.7,2.5,2.8,2.2,
嘉義,2024/07/26 00:00:00,NOx,2.4,2.7,3.7,2.7,1.8,2.2,2.5,3.2,3.2,3.8,3.8,3.6,4.5,3.8,2.4,2.8,3.4,3.4,4.6,4.7,2.7,3.4,3.6,3.1,
嘉義,2024/07/26 00:00:00,O3,26.4,27.7,25.5,27,30.4,32.8,30.2,29.3,29.8,29.4,29.3,28.1,27.1,26.1,27.5,26.4,27.1,30.5,31.3,26.7,24.4,21.9,21.8,21.8,
嘉義,2024/07/26 00:00:00,PM10,8,9,13,9,7,6,11,15,10,5,9,9,8,9,5,0,1,1,1,1,5,4,11,20,
嘉義,2024/07/26 00:00:00,PM2.5,5,3,3,5,4,3,1,2,1,0,3,3,3,5,6,3,3,3,2,0,0,2,6,13,
嘉義,2024/07/26 00:00:00,RAINFALL,7,1,3.5,7.5,14,11,1,11.5,1.5,1,10.5,4.5,0,13.5,32,22.5,34,28,13.5,1,2,0,0,0,
嘉義,2024/07/26 00:00:00,RH,97,97,97,97,97,96,97,97,97,97,97,96,96,97,96,96,95,95,95,95,95,95,95,90,
嘉義,2024/07/26 00:00:00,SO2,1.3,1.1,1,0.9,1,0.9,1.1,1.1,1.1,1,1.1,1.1,1.2,1.1,0.9,0.9,0.9,0.9,0.9,1,0.9,0.9,1.1,1.2,
嘉義,2024/07/26 00:00:00,THC,*,*,1.85,1.84,1.84,1.83,1.84,1.85,1.85,1.85,1.85,1.85,1.85,1.85,1.84,1.84,1.85,1.85,1.87,1.9,1.85,1.91,1.86,1.85,
嘉義,2024/07/26 00:00:00,WD_HR,193,183,191,196,212,194,180,211,194,188,201,189,187,227,223,210,227,205,160,134,139,172,188,190,
嘉義,2024/07/26 00:00:00,WIND_DIREC,191,183,192,199,218,182,185,218,188,185,195,187,195,227,213,215,229,180,107,178,130,196,185,186,
嘉義,2024/07/26 00:00:00,WIND_SPEED,5.4,4.2,4.1,3.4,3.2,4.6,3.9,4.3,4.2,3.3,4.9,3.9,3.6,6.6,3.9,3.4,6.2,3.3,1.9,2.8,1.9,1.4,3.4,3.9,
嘉義,2024/07/26 00:00:00,WS_HR,3.9,3.8,3.3,3,3.7,3.9,3.6,3.7,3,2.7,3.1,2.9,2.3,4.2,4.9,3.4,3.8,2.7,1.4,1.5,1.8,0.6,2.3,2.7,
嘉義,2024/07/27 00:00:00,AMB_TEMP,29,29.1,28.9,28.7,27.8,27.8,28,28.6,29.8,31,31.5,32,32.5,32.6,32.3,30.8,30.3,30,29.2,28.5,28.3,28.1,28.1,28,
嘉義,2024/07/27 00:00:00,CH4,1.86,1.86,1.86,1.85,1.85,1.85,1.85,1.85,1.85,1.84,1.85,1.85,1.84,1.84,1.84,1.85,1.86,1.87,1.9,1.88,1.93,1.92,1.93,1.99,
嘉義,2024/07/27 00:00:00,CO,0.09,0.1,0.09,0.09,0.09,0.09,0.11,0.12,0.13,0.13,0.12,0.12,0.11,0.11,0.11,0.12,0.14,0.16,0.15,0.15,0.16,0.18,0.26,0.29,
嘉義,2024/07/27 00:00:00,NMHC,0,0,0,0.01,0,0,0.02,0.04,0.06,0.06,0.08,0.06,0.05,0.04,0.02,0.02,0.03,0.03,0.03,0.02,0.03,0.05,0.08,0.14,
嘉義,2024/07/27 00:00:00,NO,0.6,0.8,0.7,0.7,0.5,0.5,0.6,1.1,1.2,1.4,1.1,0.8,0.9,1.2,1.2,0.8,1.1,0.9,0.6,0.9,0.7,0.7,1,1,
嘉義,2024/07/27 00:00:00,NO2,2.1,2.2,1.3,2,1.7,0.8,1.4,2,2.4,2.5,2.4,1.9,1.9,1.5,1.8,2.1,2.6,3.6,3.2,3.1,3.5,4.6,6.1,7.8,
嘉義,2024/07/27 00:00:00,NOx,2.8,3.1,2,2.8,2.2,1.4,2,3.2,3.7,3.9,3.5,2.8,2.8,2.7,3,3,3.7,4.5,3.9,4,4.3,5.3,7.1,8.8,
嘉義,2024/07/27 00:00:00,O3,22.7,21.7,22,22.4,22.2,23.6,21.2,20,21.2,22.4,24.9,24.6,23.8,22.8,22.5,22.9,21,18.9,19.5,19.5,17.7,13.8,11,8.5,
嘉義,2024/07/27 00:00:00,PM10,18,13,12,21,14,8,7,7,12,16,8,15,16,13,13,11,7,13,18,16,15,12,16,19,
嘉義,2024/07/27 00:00:00,PM2.5,9,7,5,10,7,8,4,6,7,3,0,2,3,3,5,4,3,4,5,4,4,7,8,8,
嘉義,2024/07/27 00:00:00,RAINFALL,0,0,0,0,0.5,0,0,0,0,0,0,0,0,0,0,0,0,0,0,0,0,0,0,0,
嘉義,2024/07/27 00:00:00,RH,88,83,80,83,89,87,86,86,83,72,68,66,62,61,60,67,70,71,78,83,85,87,87,87,
嘉義,2024/07/27 00:00:00,SO2,1.2,0.8,0.7,0.7,0.7,0.7,0.7,0.8,0.8,0.8,0.7,0.7,0.7,0.7,0.9,0.8,0.9,1,0.9,0.9,0.9,1.1,1,1.1,
嘉義,2024/07/27 00:00:00,THC,1.84,1.85,1.86,1.86,1.84,1.84,1.87,1.89,1.91,1.9,1.93,1.91,1.89,1.88,1.86,1.87,1.89,1.9,1.93,1.9,1.96,1.97,2.01,2.13,
嘉義,2024/07/27 00:00:00,WD_HR,197,204,205,196,203,214,214,206,214,207,209,213,217,214,198,210,215,207,229,226,225,77,65,66,
嘉義,2024/07/27 00:00:00,WIND_DIREC,198,208,193,209,215,204,208,213,212,210,216,214,219,213,192,206,209,224,230,229,212,42,60,49,
嘉義,2024/07/27 00:00:00,WIND_SPEED,3.6,3.7,2.4,3.6,3.1,2.8,2.5,3.1,3.3,3.7,5,3.8,4.2,4.4,4.9,2.3,2.3,3,3.2,2.3,1.3,1.2,1.7,1.2,
嘉義,2024/07/27 00:00:00,WS_HR,2.9,2.8,2.2,2.5,2.5,2.7,2.2,2,2.6,2.6,3.1,3.1,3.4,3.4,3.5,2.8,2.4,1.6,2.9,2.4,2,0.9,1.7,1.3,
嘉義,2024/07/28 00:00:00,AMB_TEMP,28.1,28.3,28.3,28.1,28.2,28,28.4,29.6,30.9,31.7,32,32.5,32.1,32.8,32.6,29.1,27.7,27.8,27.8,28,27.9,27.7,27.7,27.6,
嘉義,2024/07/28 00:00:00,CH4,2,1.96,2.02,2,1.96,1.98,2.01,2,1.96,1.96,2.01,2.05,1.98,1.92,1.92,1.94,1.94,1.93,1.96,1.99,1.99,1.99,2,2.07,
嘉義,2024/07/28 00:00:00,CO,0.23,0.18,0.18,0.17,0.18,0.2,0.22,0.22,0.22,0.21,0.2,0.19,0.19,0.17,0.18,0.18,0.21,0.25,0.33,0.4,0.38,0.34,0.33,0.28,
嘉義,2024/07/28 00:00:00,NMHC,0.13,0.12,0.06,0.06,0.07,0.08,0.06,0.06,0.05,0.04,0.02,0.01,0.01,0,0,0.02,0.02,0.05,0.07,0.12,0.13,0.13,0.13,0.07,
嘉義,2024/07/28 00:00:00,NO,0.7,0.9,0.8,0.7,0.8,0.6,1.3,2,1.6,1,1.1,0.7,0.9,0.5,0.7,0.9,1,0.8,0.9,0.5,0.7,0.7,0.7,0.6,
嘉義,2024/07/28 00:00:00,NO2,7.4,5.7,5.4,5.9,7.2,7.4,6,5,4,3.7,3.2,2.8,2.7,2.2,2.4,3.6,4.6,6.3,8.9,11.4,9.9,8.7,8.3,9.1,
嘉義,2024/07/28 00:00:00,NOx,8.2,6.6,6.2,6.7,8,8.1,7.4,7,5.7,4.8,4.3,3.6,3.6,2.7,3.2,4.5,5.6,7.1,9.9,11.9,10.6,9.4,9.1,9.8,
嘉義,2024/07/28 00:00:00,O3,8.6,10.5,10.1,11.5,14.3,14.1,15.7,21,31.8,45.4,52,59,63.5,63.3,56.9,46,41,34.7,28.4,21.4,22.1,18.6,14.3,13.6,
嘉義,2024/07/28 00:00:00,PM10,14,16,11,18,25,31,27,27,23,25,28,29,32,32,28,21,12,14,12,14,21,15,25,22,
嘉義,2024/07/28 00:00:00,PM2.5,5,9,7,11,8,9,8,12,15,8,15,16,17,13,11,15,12,9,17,14,14,12,13,10,
嘉義,2024/07/28 00:00:00,RAINFALL,0,0,0,0,0,0,0,0,0,0,0,0,0,0,0,13,1.5,0,0,0,0,0,0,0,
嘉義,2024/07/28 00:00:00,RH,87,86,86,87,87,88,87,85,78,69,66,68,71,68,70,86,92,93,93,93,93,93,92,91,
嘉義,2024/07/28 00:00:00,SO2,1.3,1.4,1.3,1.2,1.6,1.4,1.2,1.4,1.4,1.5,1.5,1.7,1.7,2,1.9,1.3,1.2,1.2,1.3,1.3,1.2,1.2,1.3,1.5,
嘉義,2024/07/28 00:00:00,THC,2.13,2.08,2.08,2.06,2.03,2.06,2.07,2.06,2.01,2,2.03,2.06,1.99,1.91,1.92,1.96,1.96,1.98,2.03,2.11,2.12,2.12,2.13,2.14,
嘉義,2024/07/28 00:00:00,WD_HR,43,44,17,19,19,43,65,62,50,246,249,238,268,262,293,26,32,179,245,98,92,90,24,29,
嘉義,2024/07/28 00:00:00,WIND_DIREC,56,57,349,31,16,54,65,57,36,20,248,250,252,249,324,344,110,212,323,100,91,97,9,71,
嘉義,2024/07/28 00:00:00,WIND_SPEED,1.5,2.4,2.3,1.8,2,2.3,2.4,2.5,1.5,1.2,2.6,4.1,3.3,3.1,2.7,2.9,1.5,0.7,0.8,1.2,1.4,1.4,0.9,0.8,
嘉義,2024/07/28 00:00:00,WS_HR,1.6,2.1,1.3,1.9,1.9,1.7,2.1,2.2,1,0.5,1.8,3.4,3,2.6,1.9,2.2,0.6,0.3,0.4,0.9,1.1,1.3,0.2,0.7,
嘉義,2024/07/29 00:00:00,AMB_TEMP,27.3,27.1,27.3,27.5,27.5,27.4,27.6,28.1,29,30.4,31.4,32.1,32.3,32.3,32.3,32,30.6,27.1,27,26.8,26.8,26.7,26.6,26.7,
嘉義,2024/07/29 00:00:00,CH4,2.09,2.02,1.97,1.98,2.01,1.98,1.95,1.96,1.94,2.01,1.97,1.91,1.95,1.96,1.96,1.91,1.88,1.9,1.9,1.97,2.01,1.99,1.97,1.98,
嘉義,2024/07/29 00:00:00,CO,0.25,0.2,0.17,0.16,0.16,0.16,0.19,0.32,0.32,0.24,0.21,0.23,0.2,0.18,0.2,0.15,0.14,0.15,0.24,0.23,0.21,0.2,0.17,0.15,
嘉義,2024/07/29 00:00:00,NMHC,0.08,0.06,0.01,0.03,0.02,0.02,0.03,0.08,0.08,0.04,0.03,0.02,0.02,0.01,0.02,0,0,0,0.03,0.03,0.01,0,0,0,
嘉義,2024/07/29 00:00:00,NO,0.7,0,0,0.1,0.3,0.5,0.7,2.7,3.5,3,1.8,1.1,0.4,0.4,0.5,0.5,0.1,0.2,0.3,0.4,0.5,0.3,0,0.1,
嘉義,2024/07/29 00:00:00,NO2,9,4.6,3.7,5.9,6,6.2,6.3,8.3,8.7,7.5,6.8,5.2,4.6,4.1,4.6,5.1,4.3,4.3,7,8.1,5.7,6,3.8,2.7,
嘉義,2024/07/29 00:00:00,NOx,9.7,4.4,3.7,6,6.4,6.8,7.1,11,12.3,10.5,8.7,6.3,5,4.5,5.2,5.6,4.5,4.6,7.4,8.5,6.3,6.3,3.8,2.8,
嘉義,2024/07/29 00:00:00,O3,12,13.2,15.3,14.3,14.1,14.4,12.8,10.9,15.2,26.1,37.2,41.5,52,52.4,54.9,50.7,40.7,30.8,25,22,23.1,21.1,24.1,23.3,
嘉義,2024/07/29 00:00:00,PM10,23,18,20,23,21,26,24,22,30,23,21,26,21,21,18,25,23,8,10,7,10,16,6,9,
嘉義,2024/07/29 00:00:00,PM2.5,10,8,8,11,11,12,8,12,11,11,12,12,9,11,11,14,9,7,5,7,5,3,4,2,
嘉義,2024/07/29 00:00:00,RAINFALL,0,0,0,0,0,0,0,0,0,0,0,0,0,0,0,0,0.5,7.5,0,0,0,0,0,0,
嘉義,2024/07/29 00:00:00,RH,91,91,90,88,89,89,88,87,84,75,68,64,62,62,62,70,77,91,92,92,92,92,92,91,
嘉義,2024/07/29 00:00:00,SO2,1.9,1.5,1.3,1.4,1.3,1.3,1.3,1.6,1.4,1.5,1.4,1.8,1.7,1.4,1.4,2,1.8,1.1,1,1.1,1.2,1.9,1.2,1.1,
嘉義,2024/07/29 00:00:00,THC,2.17,2.08,1.98,2.01,2.03,2,1.98,2.04,2.02,2.05,2,1.93,1.97,1.97,1.98,1.91,1.87,1.89,1.93,2,2.02,1.99,1.97,1.97,
嘉義,2024/07/29 00:00:00,WD_HR,75,89,48,32,44,21,45,13,31,350,10,12,20,60,320,284,252,136,114,225,174,222,220,211,
嘉義,2024/07/29 00:00:00,WIND_DIREC,81,97,21,53,29,45,54,27,328,340,353,23,52,68,301,276,215,108,119,221,118,228,214,215,
嘉義,2024/07/29 00:00:00,WIND_SPEED,0.6,0.9,1.5,1.9,1.8,2,1,1.2,1.3,1.9,2.1,1.6,1.3,0.5,1.3,2.4,3,1,1.2,1.5,1.2,1.8,1.6,2.4,
嘉義,2024/07/29 00:00:00,WS_HR,0.9,1.2,1.2,1.3,1.5,2.1,1.3,1.1,0.9,2,1.8,1.9,1.2,1.2,0.4,1.9,2.3,1,1.2,1.4,0.6,0.9,1.4,1.5,
嘉義,2024/07/30 00:00:00,AMB_TEMP,27.2,27.4,27.6,27.4,26.9,26.6,27.1,28.8,29.8,31.3,32.2,33.1,33.7,33.7,32.8,30.7,29.4,28.9,28.9,28.4,28.4,28.3,27.7,27.6,
嘉義,2024/07/30 00:00:00,CH4,1.88,1.9,1.9,1.93,2.03,2.04,1.99,1.92,1.94,1.93,1.92,1.9,1.89,1.9,#,1.91,1.87,1.87,1.89,1.86,1.87,1.89,1.88,1.92,
嘉義,2024/07/30 00:00:00,CO,0.12,0.11,0.1,0.13,0.15,0.16,0.2,0.2,0.15,0.13,0.13,0.12,0.1,0.13,#,0.15,0.15,0.19,0.18,0.17,0.17,0.16,0.13,0.12,
嘉義,2024/07/30 00:00:00,NMHC,0,0,0,0.02,0.03,0.04,0.03,0.03,0.01,0,0,0,0,0.02,#,0.03,0.02,0.03,0.02,0.02,0.01,0.01,0,0,
嘉義,2024/07/30 00:00:00,NO,0.2,1.1,1.2,1.2,1.3,1.2,1.7,2.6,2.9,3.1,2.5,1.9,1.5,1.3,#,1.7,1.6,1.7,1.5,1.5,1.4,1.4,1.3,1.4,
嘉義,2024/07/30 00:00:00,NO2,1.6,2.4,1.3,2,2.3,2.9,3.7,3.8,3.2,3.5,2.8,2.6,1.8,2.3,#,4.5,5,6.1,6.3,4.7,5,4.9,2.4,1.8,
嘉義,2024/07/30 00:00:00,NOx,1.9,3.5,2.6,3.2,3.6,4.1,5.4,6.5,6.1,6.6,5.4,4.5,3.4,3.6,#,6.2,6.7,7.9,7.8,6.3,6.4,6.3,3.7,3.2,
嘉義,2024/07/30 00:00:00,O3,26.6,23.7,21.9,16,12.2,10.7,11.5,19.1,24.6,30.7,34.7,38.1,34.5,#,46.1,38.3,33.2,25.9,21.8,18.3,16,14.1,16.8,15.4,
嘉義,2024/07/30 00:00:00,PM10,7,5,7,11,15,15,23,17,22,13,9,9,11,6,#,13,9,7,17,7,8,10,10,8,
嘉義,2024/07/30 00:00:00,PM2.5,0,2,3,3,2,4,6,4,5,4,5,5,2,#,2,3,3,3,1,0,4,3,1,1,
嘉義,2024/07/30 00:00:00,RAINFALL,0,0,0,0,0,0,0,0,0,0,0,0,0,#,#,0,1,0,0,0,0,0,0,0,
嘉義,2024/07/30 00:00:00,RH,88,87,87,88,90,91,89,83,74,64,62,57,53,57,63,77,84,89,88,88,88,88,89,89,
嘉義,2024/07/30 00:00:00,SO2,1.2,2,1.7,1.2,1.3,1.2,1.4,1.5,1.4,1.5,1.5,1.5,1.4,1.4,#,1.4,1.5,2.2,1.4,1.4,1.6,1.4,1.3,1.3,
嘉義,2024/07/30 00:00:00,THC,1.86,1.87,1.89,1.95,2.06,2.08,2.02,1.95,1.95,1.93,1.92,1.9,1.88,1.92,#,1.94,1.89,1.9,1.91,1.88,1.88,1.9,1.87,1.92,
嘉義,2024/07/30 00:00:00,WD_HR,208,183,153,114,141,128,108,241,237,240,242,235,239,237,244,235,211,215,222,218,202,214,223,219,
嘉義,2024/07/30 00:00:00,WIND_DIREC,203,179,119,106,209,119,72,239,247,241,250,244,232,240,237,222,182,226,223,211,171,215,206,217,
嘉義,2024/07/30 00:00:00,WIND_SPEED,2.1,1.5,0.9,0.6,0.6,1.2,0.4,1.7,1,1.8,2.7,2.9,2.9,3.8,5.4,2.7,1.8,1.9,3.5,2,1.8,2.5,1.8,1.7,
嘉義,2024/07/30 00:00:00,WS_HR,2,1.4,0.7,0.5,0.4,0.6,0.7,0.6,1.2,1.4,2.3,2.3,2.8,3.6,4.2,2.9,2,1.5,2.3,1.6,1.3,1.4,2,1.6,
嘉義,2024/07/31 00:00:00,AMB_TEMP,27.7,27.7,27.6,27.1,27.1,26.9,27.8,29.2,30.7,31.9,32.5,33.5,33.2,32.3,32.9,32.2,29.9,30.6,30.7,30,29.5,28.8,28.5,28.8,
嘉義,2024/07/31 00:00:00,CH4,1.91,1.9,1.96,2.03,2,1.99,1.94,1.93,1.93,1.86,1.87,1.89,1.91,1.89,1.88,1.87,1.88,1.89,1.89,1.87,1.91,2,1.99,1.93,
嘉義,2024/07/31 00:00:00,CO,0.11,0.09,0.09,0.09,0.1,0.12,0.18,0.19,0.17,0.11,0.14,0.17,0.18,0.13,0.11,0.11,0.12,0.14,0.15,0.15,0.17,0.16,0.13,0.12,
嘉義,2024/07/31 00:00:00,NMHC,0,0,0,0,0,0,0.02,0.03,0.01,0,0,0,0.02,0,0,0,0,0,0,0.01,0.02,0.01,0,0,
嘉義,2024/07/31 00:00:00,NO,1.3,0.3,0.2,0.2,0.2,0.2,0.8,2.1,2.9,1.6,1.1,0.8,0.6,1.1,1,1.2,0.8,0.8,0.8,0.4,0.6,0.6,0.5,0.4,
嘉義,2024/07/31 00:00:00,NO2,1.7,0.9,1.6,1.8,2,2.6,2.7,3,4,2,1.5,1.8,3.7,3.1,2.6,2.3,3.6,3.9,5.8,4.1,4.6,5,3.3,2.8,
嘉義,2024/07/31 00:00:00,NOx,3,1.2,1.8,2,2.2,2.9,3.6,5.2,7,3.6,2.7,2.7,4.4,4.3,3.7,3.5,4.4,4.7,6.6,4.5,5.3,5.6,3.8,3.3,
嘉義,2024/07/31 00:00:00,O3,16.5,17.7,15.5,14.8,11.7,8.9,11.3,13.8,17.4,21.8,29.5,41.4,56.2,38.9,35.8,28.9,23.6,23.2,20.2,18.4,14.3,13.9,15.2,14.3,
嘉義,2024/07/31 00:00:00,PM10,7,5,9,11,12,16,12,16,11,8,16,16,22,20,16,11,7,10,7,8,9,14,11,8,
嘉義,2024/07/31 00:00:00,PM2.5,0,0,0,1,1,4,3,2,1,1,0,4,11,7,5,3,1,4,4,1,0,6,3,1,
嘉義,2024/07/31 00:00:00,RAINFALL,0,0,0,0,0,0,0,0,0,0,0,0,0,0,0,0,0,0,0,0,0,0,0,0,
嘉義,2024/07/31 00:00:00,RH,87,86,87,88,88,88,85,79,67,59,60,58,60,63,63,67,81,82,77,78,79,82,84,83,
嘉義,2024/07/31 00:00:00,SO2,1.4,0.6,0.6,0.7,1.1,0.7,0.7,1.1,1.4,1,1,1.3,1.4,1.2,1,0.9,0.9,0.9,1.7,1.8,1.4,1.1,1,1.3,
嘉義,2024/07/31 00:00:00,THC,1.9,1.89,1.93,2.01,1.99,1.99,1.96,1.96,1.94,1.85,1.85,1.88,1.93,1.89,1.87,1.86,1.87,1.89,1.89,1.88,1.93,2.01,1.99,1.93,
嘉義,2024/07/31 00:00:00,WD_HR,219,222,191,208,118,143,128,105,204,221,221,224,232,226,235,236,240,215,183,131,206,227,219,129,
嘉義,2024/07/31 00:00:00,WIND_DIREC,226,216,204,180,73,195,105,106,218,232,226,222,229,228,241,239,236,186,187,120,195,222,173,122,
嘉義,2024/07/31 00:00:00,WIND_SPEED,2,1.5,1.2,1.5,1,0.7,1.3,1.3,2.7,4.7,4.6,4.2,5,3.9,5.6,4.8,3.3,1.3,1.6,0.8,0.8,1.7,0.6,1.2,
嘉義,2024/07/31 00:00:00,WS_HR,1.7,1.8,1,1.3,1,0.5,0.7,1,1.3,3.3,3.7,3.4,4.4,4.1,4,4.4,3.1,1.4,1,0.8,0.6,1.5,1,0.6,
嘉義,2024/08/01 00:00:00,AMB_TEMP,28.3,28.2,28.1,27.7,27.7,27.7,28,28.6,29.8,31.1,32.1,33.3,34.2,34.1,33.8,33.3,33.1,32.3,31.6,30.9,30,29.7,29.6,29.6,
嘉義,2024/08/01 00:00:00,CH4,1.94,1.96,1.96,2.03,2.11,2,2.01,2.1,1.99,1.9,1.95,1.95,1.96,1.92,1.89,1.88,1.87,1.89,1.88,1.89,1.9,1.88,1.93,2.03,
嘉義,2024/08/01 00:00:00,CO,0.13,0.12,0.12,0.12,0.12,0.14,0.19,0.18,0.15,0.11,0.12,0.12,0.13,0.11,0.11,0.11,0.11,0.14,0.14,0.14,0.12,0.11,0.12,0.14,
嘉義,2024/08/01 00:00:00,NMHC,0.01,0.02,0,0,0,0.02,0.03,0.01,0,0,0,0,0,0,0,0,0,0,0,0,0,0,0,0,
嘉義,2024/08/01 00:00:00,NO,0.2,1.1,1,0.5,0.8,0.5,2.2,3.1,2.9,1.2,1,1.1,1.2,1,1.4,1.4,1.4,1.3,1.1,0.9,0.8,0.6,0.6,0.7,
嘉義,2024/08/01 00:00:00,NO2,2.7,3,2.5,2.5,2.8,3,4,4.1,4.1,1.6,1.5,1.8,2.1,1.6,1.7,1.2,1.2,1.8,2.5,2.6,2.9,2.1,2.2,3.3,
嘉義,2024/08/01 00:00:00,NOx,2.9,4.2,3.5,3,3.7,3.5,6.3,7.3,7.1,2.8,2.5,3,3.4,2.6,3.2,2.7,2.7,3.2,3.6,3.5,3.8,2.8,2.9,4.1,
嘉義,2024/08/01 00:00:00,O3,9.6,8.4,10.4,6.6,8.9,7.8,7.1,13.9,22.6,30.5,37.4,39,45,41.2,34,30.1,29.1,25.8,23.7,21.2,20.7,20.5,19.2,13.2,
嘉義,2024/08/01 00:00:00,PM10,14,16,14,15,11,17,12,20,16,9,15,13,10,10,9,13,9,14,14,19,21,18,15,24,
嘉義,2024/08/01 00:00:00,PM2.5,1,2,3,1,3,4,3,3,5,4,3,1,0,3,1,2,5,5,4,4,5,4,7,6,
嘉義,2024/08/01 00:00:00,RAINFALL,0,0,0,0,0,0,0,0,0,0,0,0,0,0,0,0,0,0,0,0,0,0,0,0,
嘉義,2024/08/01 00:00:00,RH,84,85,85,86,87,86,85,86,79,67,62,56,51,57,58,59,60,64,67,70,78,82,84,85,
嘉義,2024/08/01 00:00:00,SO2,0.9,1.1,1.8,1.8,1.3,1.5,1.1,1.5,1.6,1.4,1.4,1.5,1.4,1.2,1.3,1.2,1.2,1.3,1.3,1.2,1.2,1.2,1.2,2.2,
嘉義,2024/08/01 00:00:00,THC,1.95,1.98,1.95,2.02,2.11,2.02,2.04,2.11,1.99,1.89,1.93,1.93,1.94,1.89,1.87,1.85,1.85,1.86,1.86,1.87,1.87,1.85,1.91,2.02,
嘉義,2024/08/01 00:00:00,WD_HR,113,124,133,194,121,111,130,238,228,225,236,230,241,253,256,273,261,255,268,249,231,233,222,126,
嘉義,2024/08/01 00:00:00,WIND_DIREC,103,126,157,173,109,102,233,244,227,235,237,241,236,252,259,264,251,271,271,239,233,240,206,120,
嘉義,2024/08/01 00:00:00,WIND_SPEED,0.9,0.4,0.5,0.8,0.6,1,1.5,1.7,2.1,2.5,2.6,1.7,2.1,3.4,2.9,3,2.5,1.9,2.2,1.9,1.6,1.9,0.7,1.1,
嘉義,2024/08/01 00:00:00,WS_HR,0.8,0.4,0.4,0.6,0.5,0.9,0.6,2.1,1.9,1.8,2.3,1.9,2.2,2.9,2.6,2.9,2.3,2.1,1.7,1.7,2,1.7,1.2,0.6,
嘉義,2024/08/02 00:00:00,AMB_TEMP,29.3,29.2,28.9,28.8,28.6,28.5,29,29.9,30.3,31.5,32.3,33.4,33.8,33.9,34,33.7,33.5,32.8,31.7,30.9,30.5,30.6,30.3,29.9,
嘉義,2024/08/02 00:00:00,CH4,1.96,1.98,2.03,2.02,2.03,1.94,1.94,1.91,1.9,1.91,1.92,1.92,1.89,1.87,1.87,1.87,1.87,1.88,1.92,1.9,1.9,1.98,2.01,2.02,
嘉義,2024/08/02 00:00:00,CO,0.12,0.13,0.13,0.14,0.13,0.13,0.17,0.18,0.14,0.12,0.13,0.12,0.13,0.11,0.11,0.11,0.12,0.15,0.19,0.15,0.14,0.18,0.19,0.16,
嘉義,2024/08/02 00:00:00,NMHC,0,0,0,0.01,0.02,0.01,0.04,0.01,0,0,0,0,0,0,0,0,0,0,0.03,0,0,0.02,0.03,0.01,
嘉義,2024/08/02 00:00:00,NO,0.7,0.5,0.4,0.4,0.4,0.4,1.2,2.2,1.4,1.1,0.9,0.8,0.9,0.9,0.9,0.8,0.7,0.9,0.2,0.4,0.4,0.6,0.3,0.4,
嘉義,2024/08/02 00:00:00,NO2,3.1,2.9,2.9,3.7,3.6,3.4,3.2,3.7,2.2,1.9,2,1.5,1.8,1.2,1.3,1.1,1.4,2,4.9,4.1,3,5,5.9,4.4,
嘉義,2024/08/02 00:00:00,NOx,3.9,3.5,3.4,4.1,4,3.8,4.5,5.9,3.7,3,3,2.3,2.8,2.2,2.2,1.9,2.2,2.9,5.2,4.6,3.5,5.7,6.2,4.9,
嘉義,2024/08/02 00:00:00,O3,9.3,9.6,12.4,9.5,6.7,8.9,8.8,17,23.7,30,35.5,37.7,37,32.6,29.4,27.7,26.5,26.9,19.2,22,23.2,16,9.4,11,
嘉義,2024/08/02 00:00:00,PM10,16,14,18,21,19,16,23,19,21,21,24,16,17,19,15,13,17,21,23,24,17,29,31,21,
嘉義,2024/08/02 00:00:00,PM2.5,4,6,5,6,3,2,7,7,6,4,3,4,5,5,8,10,5,6,8,6,4,11,11,9,
嘉義,2024/08/02 00:00:00,RAINFALL,0,0,0,0,0,0,0,0,0,0,0,0,0,0,0,0,0,0,0,0,0,0,0,0,
嘉義,2024/08/02 00:00:00,RH,84,85,87,88,87,85,84,79,79,68,64,58,58,58,55,56,54,61,70,72,75,77,79,80,
嘉義,2024/08/02 00:00:00,SO2,1.3,0.8,0.9,2.3,0.8,0.7,0.7,1.7,1,0.9,0.9,0.8,0.8,0.7,0.9,0.9,0.8,0.9,0.9,0.9,0.8,0.8,1.6,2,
嘉義,2024/08/02 00:00:00,THC,1.96,1.98,2.02,2.03,2.05,1.95,1.98,1.92,1.88,1.89,1.92,1.9,1.88,1.86,1.86,1.86,1.86,1.88,1.95,1.89,1.88,2,2.04,2.03,
嘉義,2024/08/02 00:00:00,WD_HR,114,141,190,135,112,115,110,223,251,241,251,242,276,279,268,275,283,278,116,228,233,123,109,130,
嘉義,2024/08/02 00:00:00,WIND_DIREC,123,180,190,117,116,111,97,228,245,236,267,247,295,284,289,257,278,96,134,235,237,112,109,116,
嘉義,2024/08/02 00:00:00,WIND_SPEED,0.6,0.6,1,1.1,1.2,1.4,1.1,2.3,1.6,1.7,1.3,2.5,3.5,3.2,4.8,3.5,2.3,1.6,1.6,2.8,1.8,1.4,1,1.5,
嘉義,2024/08/02 00:00:00,WS_HR,1,0.3,0.7,0.8,1.1,1.1,1,0.9,1.7,1.5,1.3,1.8,2.5,2.7,3.4,3.1,2.4,1.1,1.6,1.8,2,0.9,1.3,0.9,
嘉義,2024/08/03 00:00:00,AMB_TEMP,29.1,28.8,28.6,28.5,28.3,28,28.4,29.8,30.8,32.1,33.2,33.8,34.7,34.9,34.9,34.5,33.9,32.9,31.5,30.6,30.2,30,30.1,30,
嘉義,2024/08/03 00:00:00,CH4,2,1.97,1.98,1.97,1.98,1.97,1.94,1.93,1.89,1.89,1.9,1.91,1.93,1.91,1.9,1.89,1.88,1.87,1.86,1.86,1.88,1.9,2,2.05,
嘉義,2024/08/03 00:00:00,CO,0.15,0.12,0.12,0.11,0.11,0.12,0.15,0.16,0.15,0.14,0.14,0.11,0.11,0.11,0.1,0.11,0.11,0.12,0.12,0.13,0.13,0.13,0.15,0.15,
嘉義,2024/08/03 00:00:00,NMHC,0.02,0,0.01,0.01,0.01,0.01,0.02,0.02,0,0,0,0,0,0,0,0,0,0,0,0,0,0,0,0,
嘉義,2024/08/03 00:00:00,NO,0.9,0.5,0.7,0.8,0.6,0.7,1.3,1.7,1.6,1.1,0.8,0.9,0.8,0.8,0.7,0.9,1,1,0.8,0.7,0.5,0.7,0.7,0.7,
嘉義,2024/08/03 00:00:00,NO2,4,2.5,2,2,1.8,2.4,2.5,2.7,2.5,2.1,2,1.4,1.2,1,1.1,1.5,1.7,1.7,2.2,2.4,2.6,2,2.8,3,
嘉義,2024/08/03 00:00:00,NOx,4.9,3.1,2.7,2.8,2.5,3.1,3.8,4.4,4.1,3.3,2.9,2.4,2,1.9,1.8,2.4,2.8,2.8,3,3.2,3.2,2.7,3.6,3.8,
嘉義,2024/08/03 00:00:00,O3,7.1,9.3,8.6,8.7,8.5,8.7,9,16.9,26.1,33.4,39,37.5,37.5,38.1,33.8,31.2,28.3,27.4,28.6,26.5,25.2,26.8,22.6,19.6,
嘉義,2024/08/03 00:00:00,PM10,27,21,20,22,26,29,20,26,23,19,17,16,19,17,18,15,16,20,19,18,19,24,20,21,
嘉義,2024/08/03 00:00:00,PM2.5,5,3,7,10,7,3,6,10,6,9,8,6,7,7,7,8,9,5,6,9,7,10,9,9,
嘉義,2024/08/03 00:00:00,RAINFALL,0,0,0,0,0,0,0,0,0,0,0,0,0,0,0,0,0,0,0,0,0,0,0,0,
嘉義,2024/08/03 00:00:00,RH,82,80,80,79,79,79,77,74,68,59,55,52,50,54,55,55,57,62,71,79,84,85,85,86,
嘉義,2024/08/03 00:00:00,SO2,0.9,1,0.8,0.9,1,1,1,1.2,1.2,1.3,1.3,1.2,1.3,1.3,1.3,1.2,1.3,1.2,1.1,1.2,1.1,1.1,1.3,1.7,
嘉義,2024/08/03 00:00:00,THC,2.02,1.97,1.99,1.98,1.99,1.98,1.96,1.95,1.89,1.89,1.9,1.9,1.92,1.9,1.88,1.88,1.88,1.87,1.85,1.85,1.87,1.88,1.99,2.05,
嘉義,2024/08/03 00:00:00,WD_HR,111,109,102,111,106,112,109,112,202,253,256,243,240,253,262,261,252,243,242,237,237,234,199,183,
嘉義,2024/08/03 00:00:00,WIND_DIREC,115,96,102,119,104,113,105,45,206,269,247,254,237,271,281,266,260,233,233,231,234,227,207,166,
嘉義,2024/08/03 00:00:00,WIND_SPEED,1.6,1.4,1.3,1.9,1.4,1.8,1.9,1,1.7,1.9,2.3,2.9,2,2.5,3.1,3.1,2.5,3.2,3,1.7,1.7,1.7,1.1,0.9,
嘉義,2024/08/03 00:00:00,WS_HR,1.4,1.3,1.4,1.5,1.2,1.5,1.6,1.1,0.7,0.8,1.5,2.3,1.8,2.1,2.5,2.8,2.5,2.6,2.8,2.3,2,1.8,0.8,0.5,
嘉義,2024/08/04 00:00:00,AMB_TEMP,29.9,29.6,29.4,29.4,29.3,29.2,29.3,30.5,31.9,32.4,32.5,33.9,33.7,33.9,33.8,34.1,33.7,32.6,31.5,30.9,30.4,30.3,29.5,27.6,
嘉義,2024/08/04 00:00:00,CH4,1.94,1.94,2.01,2,1.99,1.94,1.99,1.94,1.92,1.9,1.99,1.96,1.97,1.95,1.9,1.9,1.9,1.88,1.87,1.88,1.88,1.88,1.91,1.88,
嘉義,2024/08/04 00:00:00,CO,0.13,0.14,0.13,0.13,0.13,0.13,0.15,0.17,0.18,0.15,0.16,0.14,0.13,0.13,0.11,0.11,0.11,0.11,0.12,0.13,0.12,0.11,0.13,0.1,
嘉義,2024/08/04 00:00:00,NMHC,0,0,0,0,0,0,0.02,0.04,0.01,0,0.01,0,0,0,0,0,0,0,0,0,0,0,0,0,
嘉義,2024/08/04 00:00:00,NO,0.7,0.5,0.6,0.5,0.4,0.4,1,1.6,1.2,0.7,0.8,0.6,0.9,0.9,0.8,0.9,0.5,0.7,0.5,0.7,0.5,0.3,0.4,0.6,
嘉義,2024/08/04 00:00:00,NO2,3.1,3,2.5,2.6,2.3,2.4,2.4,2.3,2.2,1.5,2.8,2,1.7,1.4,1.2,1,1.3,1.1,1.6,2.1,1.8,1.2,2,1.2,
嘉義,2024/08/04 00:00:00,NOx,3.8,3.5,3.1,3.2,2.7,2.8,3.4,4,3.4,2.2,3.7,2.7,2.7,2.4,2,1.9,1.8,1.8,2.1,2.9,2.3,1.5,2.4,1.8,
嘉義,2024/08/04 00:00:00,O3,17.8,16.8,15.1,11.8,11.8,19.5,8.7,15,27.7,34.2,40.4,46.9,48.3,44.7,39.8,38.1,36.2,29.7,27.9,29.1,31.9,35.5,27.4,27.2,
嘉義,2024/08/04 00:00:00,PM10,22,21,23,21,19,14,21,26,18,21,24,22,29,20,17,22,19,17,13,13,20,15,13,8,
嘉義,2024/08/04 00:00:00,PM2.5,14,11,10,12,10,8,8,6,5,5,15,5,7,8,14,8,5,5,5,6,12,7,6,5,
嘉義,2024/08/04 00:00:00,RAINFALL,0,0,0,0,0,0,0,0,0,0,0,0,0,0,0,0,0,0,0,0,0,0,18.5,16,
嘉義,2024/08/04 00:00:00,RH,85,86,86,85,85,85,84,77,68,63,64,54,57,58,62,59,59,63,68,74,79,80,86,92,
嘉義,2024/08/04 00:00:00,SO2,2.9,2,1.1,2.6,1.2,1.2,1,1,1.3,1.1,1.3,1.1,1.1,1.1,1,1,1.1,1.1,1,0.9,0.9,1,0.9,0.8,
嘉義,2024/08/04 00:00:00,THC,1.93,1.94,2,1.99,1.99,1.94,2.01,1.98,1.93,1.9,2,1.96,1.96,1.93,1.88,1.88,1.87,1.86,1.85,1.87,1.85,1.85,1.9,1.86,
嘉義,2024/08/04 00:00:00,WD_HR,120,226,189,106,131,222,108,108,72,273,317,276,271,250,256,261,257,252,253,264,274,295,109,131,
嘉義,2024/08/04 00:00:00,WIND_DIREC,164,236,118,84,206,195,96,102,73,300,328,287,304,234,254,269,245,255,262,282,259,327,103,117,
嘉義,2024/08/04 00:00:00,WIND_SPEED,0.6,1.4,1,0.2,0.4,0.5,1.1,1.1,1.2,1.6,1.8,1.8,1.5,1.9,2.8,2.9,3.1,2.6,2.2,2.1,2.2,0.7,1.6,1.2,
嘉義,2024/08/04 00:00:00,WS_HR,0.5,0.8,0.5,0.3,0.1,0.6,1,0.8,1,0.2,1.6,0.9,0.9,1.2,2.1,2.5,2.3,2.6,2.3,1.8,1.9,0.6,1.3,0.8,
嘉義,2024/08/05 00:00:00,AMB_TEMP,27.8,27.8,27.8,27.7,27.6,27.6,28,29,30.4,31.8,32.9,33.8,33.8,33.9,31.1,29,27.7,28.2,28.3,28.2,28.2,28.3,28.2,28.1,
嘉義,2024/08/05 00:00:00,CH4,1.91,1.94,1.98,1.97,1.99,1.96,1.94,1.94,1.9,1.86,1.87,1.9,1.94,1.9,1.91,1.91,1.9,1.92,1.96,1.99,1.99,1.99,2.02,1.97,
嘉義,2024/08/05 00:00:00,CO,0.11,0.13,0.11,0.12,0.12,0.13,0.18,0.23,0.25,0.12,0.11,0.12,0.15,0.13,0.16,0.15,0.15,0.29,0.27,0.36,0.34,0.26,0.25,0.17,
嘉義,2024/08/05 00:00:00,NMHC,0,0,0,0.02,0.04,0.01,0.03,0.08,0.04,0,0,0,0,0,0,0,0.02,0.06,0.05,0.08,0.08,0.09,0.06,0.02,
嘉義,2024/08/05 00:00:00,NO,0.4,0.9,0.7,0.7,0.4,0.8,1.4,2.2,3.3,2.2,1.5,1.2,1.2,1.1,0.8,1.1,1,0.9,1.1,0.9,1.3,0.9,1,0.9,
嘉義,2024/08/05 00:00:00,NO2,1.5,2.6,2.1,2,2.5,2.5,3.5,4.8,5.9,2.7,1.5,1.6,2.6,1.8,3.8,5.2,4.6,7,9.4,10.3,10.6,8,7.7,4.6,
嘉義,2024/08/05 00:00:00,NOx,2,3.5,2.9,2.7,3,3.4,4.9,7,9.2,5,3,2.8,3.8,2.9,4.6,6.3,5.6,8,10.5,11.3,11.9,9,8.8,5.5,
嘉義,2024/08/05 00:00:00,O3,23.6,21.2,14.1,11,10.2,10.7,8,11.2,20.6,29.7,32.2,38.1,43.6,44.1,39.2,30.8,31.7,25.1,17.9,12.6,11.5,11.5,8.1,10,
嘉義,2024/08/05 00:00:00,PM10,8,11,17,21,26,21,18,24,19,13,13,13,23,18,15,12,10,17,16,16,17,13,17,18,
嘉義,2024/08/05 00:00:00,PM2.5,2,2,4,7,7,4,5,7,7,6,4,3,4,6,7,6,4,7,7,7,7,7,9,5,
嘉義,2024/08/05 00:00:00,RAINFALL,0,0,0,0,0,0,0,0,0,0,0,0,0,0.5,1.5,2.5,3,0,0,0,0,0,0,0,
嘉義,2024/08/05 00:00:00,RH,92,91,90,90,90,88,88,86,82,66,58,55,60,59,82,88,89,89,89,89,89,89,89,89,
嘉義,2024/08/05 00:00:00,SO2,0.8,0.9,0.9,1,1,1,1.1,1,1.1,1.3,1.2,1.1,1.2,1.1,1,1,0.9,1.1,1.4,1.3,1,1,1,1,
嘉義,2024/08/05 00:00:00,THC,1.9,1.94,1.98,1.99,2.03,1.97,1.97,2.02,1.94,1.85,1.87,1.89,1.93,1.89,1.91,1.91,1.92,1.98,2.01,2.07,2.07,2.08,2.08,1.99,
嘉義,2024/08/05 00:00:00,WD_HR,106,100,106,103,107,111,108,100,211,234,230,270,294,307,194,124,110,119,149,137,175,103,114,120,
嘉義,2024/08/05 00:00:00,WIND_DIREC,108,102,103,107,110,108,96,97,231,230,240,283,288,332,203,118,124,213,129,176,113,110,116,119,
嘉義,2024/08/05 00:00:00,WIND_SPEED,1.1,1.7,1.1,1.2,1,1.1,1.3,0.8,1,1.4,1.2,3,3.3,3.2,2,2.1,1.9,1,1.2,0.8,1.2,1.4,1.3,1.3,
嘉義,2024/08/05 00:00:00,WS_HR,1.2,0.8,1.2,1.2,1.1,1.1,1,1.1,0.2,1,1.4,1.7,2.6,2,0.7,1.5,2,1.3,0.8,0.4,0.5,1.3,0.9,0.8,
嘉義,2024/08/06 00:00:00,AMB_TEMP,28.3,28.2,28.1,28.1,28,28.1,28.2,29,30.4,31.3,31.4,28.8,27.8,27.2,26.6,26.5,27,27.1,27,26.9,26.9,26.9,26.7,26.7,
嘉義,2024/08/06 00:00:00,CH4,1.99,2.03,1.99,1.98,1.96,2,1.98,1.99,1.96,1.95,1.94,1.93,1.95,1.93,1.89,1.89,1.92,1.96,1.99,1.98,2,1.99,2,2.07,
嘉義,2024/08/06 00:00:00,CO,0.15,0.14,0.13,0.14,0.14,0.19,0.21,0.31,0.21,0.21,0.21,0.17,0.22,0.18,0.15,0.16,0.21,0.23,0.26,0.3,0.31,0.32,0.27,0.25,
嘉義,2024/08/06 00:00:00,NMHC,0.01,0.02,0.01,0.06,0.05,0.14,0.09,0.12,0.02,0.04,0.04,0.01,0.04,0.03,0,0.01,0.03,0.04,0.06,0.07,0.14,0.11,0.13,0.07,
嘉義,2024/08/06 00:00:00,NO,0.7,0.5,0.6,0.3,0,0.1,0.7,1.7,1.1,0.9,1.9,0.8,0.9,0.9,0.5,0.5,0.4,0.6,0.6,0.1,0.3,0.2,0.3,0.2,
嘉義,2024/08/06 00:00:00,NO2,3.1,3.5,3,3,3.4,4.4,5.2,6.4,5.1,5,6.1,5.5,6,6.6,5,5.3,7.6,7.9,8.6,9.1,9.4,8.9,7.8,7.7,
嘉義,2024/08/06 00:00:00,NOx,3.8,4,3.7,3.4,3.5,4.6,6,8.1,6.3,6,8,6.4,6.9,7.5,5.5,5.8,8.1,8.5,9.3,9.3,9.7,9.1,8.2,7.9,
嘉義,2024/08/06 00:00:00,O3,10.4,9.8,11.4,11.4,12.9,13.6,11.3,13.9,29.5,33.6,40.8,37.3,34.6,30.3,31.5,28.8,24.7,19,17.6,15.2,13.8,14.8,14.5,11.3,
嘉義,2024/08/06 00:00:00,PM10,22,21,25,27,15,12,21,23,17,20,18,19,17,19,11,10,10,16,12,11,18,12,21,22,
嘉義,2024/08/06 00:00:00,PM2.5,6,9,9,7,7,8,8,10,7,9,11,15,11,12,7,8,7,6,8,9,9,8,9,7,
嘉義,2024/08/06 00:00:00,RAINFALL,0,0,0,0,0,0,0,0,0,0,0,13,7,0.5,1,1,0.5,1,0,0,0,0,0,0,
嘉義,2024/08/06 00:00:00,RH,88,88,88,88,89,89,88,86,78,73,69,82,89,92,92,91,91,91,92,92,92,91,91,91,
嘉義,2024/08/06 00:00:00,SO2,0.9,1.3,1.3,1.2,1.3,1.3,1.3,1.4,1.6,1.6,1.6,1.6,1.5,1.3,1.3,1.3,1.3,1.4,1.5,1.4,1.4,1.5,1.4,1.3,
嘉義,2024/08/06 00:00:00,THC,2,2.05,2,2.04,2.01,2.14,2.07,2.11,1.98,1.99,1.98,1.94,1.99,1.96,1.89,1.9,1.95,2,2.05,2.05,2.14,2.1,2.13,2.14,
嘉義,2024/08/06 00:00:00,WD_HR,118,106,107,83,105,90,104,98,68,37,246,224,252,116,111,111,122,123,104,105,90,92,112,121,
嘉義,2024/08/06 00:00:00,WIND_DIREC,118,109,94,84,106,111,102,74,75,334,247,221,160,112,112,116,118,114,102,103,97,107,203,105,
嘉義,2024/08/06 00:00:00,WIND_SPEED,1,1.4,1.9,1,0.7,0.9,1.4,1,1.6,1,2,1.9,0.5,2,2.4,1.7,0.9,0.9,1.2,0.6,0.6,1.3,0.6,0.7,
嘉義,2024/08/06 00:00:00,WS_HR,0.9,1.3,1.3,1.4,0.7,0.5,1.1,0.9,1.4,0.8,1.6,2,0.8,1.4,2,1.9,1,0.8,0.8,0.4,0.8,0.9,0.6,0.5,
嘉義,2024/08/07 00:00:00,AMB_TEMP,26.5,26.8,26.6,26.4,26.3,25.9,26.2,27.7,29.4,30.4,31.6,32.2,33.1,33.2,31.9,31.5,29.2,28.7,28.8,28.8,28.6,28.5,28.3,28.1,
嘉義,2024/08/07 00:00:00,CH4,2.07,2.08,1.99,2.06,2.25,2.11,2.02,1.99,1.95,1.91,1.93,1.95,1.96,1.96,1.96,1.97,1.93,1.93,1.94,1.95,1.97,1.94,2,2.06,
嘉義,2024/08/07 00:00:00,CO,0.18,0.22,0.17,0.17,0.18,0.18,0.21,0.35,0.31,0.18,0.18,0.19,0.21,0.2,0.19,0.22,0.19,0.2,0.23,0.24,0.25,0.2,0.22,0.21,
嘉義,2024/08/07 00:00:00,NMHC,0.1,0.14,0.05,0.08,0.09,0.06,0.05,0.13,0.07,0,0,0.01,0.01,0.01,0,0.01,0.02,0.02,0.03,0.05,0.06,0.03,0.05,0.04,
嘉義,2024/08/07 00:00:00,NO,0,1,0.7,0.7,0.7,0.9,1.2,2,2.8,1.8,1.6,1.1,1.1,1.6,1,0.9,0.8,0.6,0.9,0.5,0.8,1,0.5,0.6,
嘉義,2024/08/07 00:00:00,NO2,5.4,5.5,3.6,3.5,3.9,4.3,4.8,5.7,6.9,5.5,4.7,4.1,4.8,4.8,5.3,5.5,4.6,4.3,5,5.7,6.7,4.7,5.1,5,
嘉義,2024/08/07 00:00:00,NOx,5.4,6.5,4.4,4.3,4.6,5.2,6,7.7,9.8,7.3,6.4,5.2,5.9,6.5,6.4,6.5,5.4,4.9,5.9,6.3,7.5,5.7,5.7,5.7,
嘉義,2024/08/07 00:00:00,O3,12.7,12.3,18.4,13.8,11.3,10.8,12.4,20,32.4,44,50.1,59.5,60.6,57.9,59.3,61.6,56.6,46.5,36.6,29.6,22.8,21.4,17.6,17.1,
嘉義,2024/08/07 00:00:00,PM10,29,21,15,19,27,25,28,24,23,21,19,23,18,20,19,26,17,11,12,17,23,17,18,23,
嘉義,2024/08/07 00:00:00,PM2.5,7,13,10,7,11,13,12,11,9,7,9,13,12,13,11,15,14,9,9,7,13,8,7,6,
嘉義,2024/08/07 00:00:00,RAINFALL,0,0,0,0,0,0,0,0,0,0,0,0,0,0,0.5,0,0,0,0,0,0,0,0,0,
嘉義,2024/08/07 00:00:00,RH,91,90,89,90,90,91,89,84,74,67,61,58,55,55,66,66,78,79,75,76,77,74,77,82,
嘉義,2024/08/07 00:00:00,SO2,1.3,1.1,1,1.1,1.1,1,0.9,1.2,1.2,1.5,1.5,1.5,1.7,1.8,1.5,1.5,1.2,1.2,1.1,1.2,1.3,1.1,1.2,1.3,
嘉義,2024/08/07 00:00:00,THC,2.17,2.22,2.04,2.14,2.34,2.17,2.07,2.12,2.02,1.91,1.93,1.96,1.97,1.97,1.96,1.98,1.95,1.95,1.97,2,2.03,1.97,2.05,2.1,
嘉義,2024/08/07 00:00:00,WD_HR,85,98,101,102,101,108,99,120,195,248,262,318,327,287,277,24,94,104,108,105,109,103,107,111,
嘉義,2024/08/07 00:00:00,WIND_DIREC,81,87,199,71,110,125,81,151,206,195,334,334,290,262,281,58,109,97,105,104,115,100,108,118,
嘉義,2024/08/07 00:00:00,WIND_SPEED,0.3,1,0.6,1,0.4,0.6,1.2,0.2,0.6,0.9,1.1,1.6,2.2,2.9,2,3.9,2.9,1.9,1.1,1,0.9,0.9,0.5,0.6,
嘉義,2024/08/07 00:00:00,WS_HR,0.6,0.7,0.6,0.5,0.5,0.9,0.9,0.2,0.5,0.9,0.7,0.9,1.1,1.8,1.8,1.8,2.9,1.9,1.3,0.6,1,0.9,0.6,0.5,
嘉義,2024/08/08 00:00:00,AMB_TEMP,28,27.9,27.8,27.9,27.3,26.4,27,27.5,28,28.3,29.3,30.7,32.1,32.8,33.4,33.7,31,30.9,30.5,30.1,29.5,29.1,28.8,28.6,
嘉義,2024/08/08 00:00:00,CH4,2.07,2.1,2.03,2.06,2,1.94,1.99,2,2.03,1.93,1.92,1.88,1.81,1.81,1.81,1.87,1.98,1.99,1.98,1.99,2.05,2.11,2.04,2.05,
嘉義,2024/08/08 00:00:00,CO,0.2,0.16,0.14,0.14,0.15,0.14,0.17,0.31,0.28,0.24,0.18,0.16,0.13,0.14,0.18,0.18,0.21,0.2,0.21,0.22,0.22,0.22,0.2,0.2,
嘉義,2024/08/08 00:00:00,NMHC,0.04,0.05,0.01,0.01,0,0,0.01,0.08,0.07,0.05,0.02,0.04,0.05,0.12,0.04,0.02,0.05,0.05,0.03,0.04,0.04,0.03,0.02,0.02,
嘉義,2024/08/08 00:00:00,NO,0.4,0.8,0.8,0.7,0.7,0.7,0.7,1,1.7,1.6,1.4,1.7,1.8,1.5,1.2,0.8,1,1.2,0.7,1.1,0.9,0.9,0.7,0.8,
嘉義,2024/08/08 00:00:00,NO2,4.4,3.3,2.2,2,2,1.3,2.1,4.7,6.9,5.4,3.3,3.6,4.4,4.6,3.4,2.8,5.6,7,5,5.2,4.5,5,3.4,4,
嘉義,2024/08/08 00:00:00,NOx,4.8,4.2,3.1,2.7,2.8,2,2.8,5.8,8.7,7.1,4.8,5.4,6.2,6.1,4.6,3.6,6.6,8.2,5.7,6.4,5.4,5.9,4.2,4.9,
嘉義,2024/08/08 00:00:00,O3,19.9,17.7,19.7,20.1,34.9,44.3,36.7,33.8,24.2,32.3,40.9,#,#,#,#,59,39.2,39,40.2,37.8,34.8,31,34.3,31.2,
嘉義,2024/08/08 00:00:00,PM10,26,28,20,23,17,11,15,19,26,19,13,#,6,6,15,14,17,15,19,19,21,23,21,25,
嘉義,2024/08/08 00:00:00,PM2.5,13,11,7,6,8,11,11,11,15,11,9,#,6,7,7,10,7,8,13,10,11,12,11,13,
嘉義,2024/08/08 00:00:00,RAINFALL,0,0,0,0,1,0.5,0,0.5,0,0,0,0,0,0,0,0,0,0,0,0,0,0,0,0,
嘉義,2024/08/08 00:00:00,RH,85,85,85,85,89,92,92,91,91,88,84,74,58,54,54,53,66,68,72,78,87,88,88,88,
嘉義,2024/08/08 00:00:00,SO2,1.8,1.3,0.7,0.7,0.9,0.7,0.6,0.9,1.3,0.9,0.8,0.7,0.3,#,#,#,0.3,0.6,0.4,0.3,0,0,0,0.3,
嘉義,2024/08/08 00:00:00,THC,2.11,2.15,2.04,2.07,2,1.94,2,2.08,2.1,1.98,1.94,1.92,1.86,1.93,1.85,1.89,2.03,2.04,2.01,2.03,2.09,2.14,2.06,2.07,
嘉義,2024/08/08 00:00:00,WD_HR,124,116,110,118,216,238,89,81,109,112,107,86,83,189,149,250,295,170,136,228,225,209,215,200,
嘉義,2024/08/08 00:00:00,WIND_DIREC,112,113,104,134,234,345,76,111,74,102,90,64,62,128,204,240,227,105,221,232,219,197,225,191,
嘉義,2024/08/08 00:00:00,WIND_SPEED,0.5,1.3,0.8,0.9,2.1,0.4,0.9,0.4,0.6,1.8,0.8,1.4,1.3,1.4,1.4,2.8,2.1,0.8,1.2,2.3,1.7,1.5,2.2,1.2,
嘉義,2024/08/08 00:00:00,WS_HR,0.4,0.9,0.8,0.7,1.3,1.3,0.5,0.1,0.4,1.4,0.9,1.3,0.9,0.8,0.8,1.4,2,0.5,0.7,1.9,1.8,1.3,1.6,1.2,
嘉義,2024/08/09 00:00:00,AMB_TEMP,28.6,28.6,28.4,27.9,27.6,26.4,25.8,26.2,27,26.9,27.6,29.9,31.4,30.5,29.3,29.2,29.1,29.9,29.7,29.4,29,28.8,28.7,28.5,
嘉義,2024/08/09 00:00:00,CH4,1.99,1.97,2.06,2.1,2.06,1.99,2.01,1.98,1.99,2.05,2.02,1.93,1.95,1.98,1.94,1.96,1.93,1.96,2.01,2.11,2.09,2.01,2.05,2.03,
嘉義,2024/08/09 00:00:00,CO,0.19,0.17,0.17,0.16,0.15,0.13,0.14,0.19,0.24,0.21,0.23,0.17,0.15,0.17,0.14,0.15,0.16,0.21,0.23,0.23,0.24,0.22,0.22,0.17,
嘉義,2024/08/09 00:00:00,NMHC,0.02,0.01,0.02,0,0,0,0,0,0.04,0.05,0.01,0,0,0,0,0,0,0,0.03,0.03,0.02,0.01,0.03,0.01,
嘉義,2024/08/09 00:00:00,NO,0.9,0.5,0.5,0.1,0.2,0.3,0.2,0.5,1.4,4.1,9.4,5.6,0.9,0.7,1,0.8,0.6,0.5,0.2,0,0.5,0.6,0.3,0.2,
嘉義,2024/08/09 00:00:00,NO2,4.3,2.5,2.4,2.1,1.9,1.2,1.8,3.5,6.8,7.7,13.6,7.9,2.5,3.1,2.6,2.4,3.6,4.8,6.3,6.2,6.3,5.4,4.8,3.8,
嘉義,2024/08/09 00:00:00,NOx,5.3,3,3,2.3,2.1,1.5,2,4.1,8.3,11.8,23,13.5,3.5,3.8,3.7,3.2,4.2,5.3,6.6,6.3,6.9,6.1,5.1,4,
嘉義,2024/08/09 00:00:00,O3,33.8,34.1,30.1,19.1,18.7,40.1,34.6,31,26.4,29.7,27.3,32.6,43.5,45.7,43.4,42.8,39.9,37.6,34.9,30.9,22.4,21.3,16.1,17.7,
嘉義,2024/08/09 00:00:00,PM10,16,21,18,25,26,9,9,6,8,8,15,15,9,11,7,8,6,5,10,14,21,14,23,21,
嘉義,2024/08/09 00:00:00,PM2.5,13,11,11,11,10,6,5,3,2,3,8,10,7,6,4,1,3,2,4,4,11,7,8,8,
嘉義,2024/08/09 00:00:00,RAINFALL,0,0,0,0,0,4.5,5,1.5,0.5,0,0,0,0,0,0,0,0,0,0,0,0,0,0,0,
嘉義,2024/08/09 00:00:00,RH,87,87,87,87,88,91,93,94,94,93,92,77,68,76,79,81,81,74,73,78,85,85,85,84,
嘉義,2024/08/09 00:00:00,SO2,1.7,0.8,0.6,0.5,0.5,0.6,0.6,0.7,0.7,0.7,0.8,1.3,0.8,1,0.8,0.8,0.8,0.7,0.5,0.6,1.8,1.3,0.9,0.8,
嘉義,2024/08/09 00:00:00,THC,2.01,1.98,2.08,2.1,2.04,1.96,1.99,1.98,2.03,2.1,2.03,1.92,1.93,1.98,1.93,1.95,1.92,1.96,2.04,2.14,2.11,2.02,2.08,2.04,
嘉義,2024/08/09 00:00:00,WD_HR,132,170,123,110,227,250,195,119,211,215,196,201,229,239,230,216,198,208,226,208,143,122,115,112,
嘉義,2024/08/09 00:00:00,WIND_DIREC,120,186,119,116,271,220,113,118,229,212,158,211,234,238,218,209,218,225,232,151,115,115,102,114,
嘉義,2024/08/09 00:00:00,WIND_SPEED,0.9,1,1.2,1.8,3.2,2.8,1.9,1.3,2.8,1.8,1.4,2.4,4.2,4.6,2.8,2.6,1.6,1.7,1.3,0.6,0.6,0.9,1.1,1.5,
嘉義,2024/08/09 00:00:00,WS_HR,0.9,0.6,0.9,1.3,1.2,1.7,1.2,1.2,1.1,1.7,1.3,1.3,2.9,4.2,3.4,2.5,1.5,1.2,1.4,0.9,0.4,0.6,0.9,1.3,
嘉義,2024/08/10 00:00:00,AMB_TEMP,28.2,28.2,27.1,27.1,27.1,26,25.7,26.1,26.3,26.6,27.3,28.2,29.2,29.7,30,30.2,29.6,29.1,27.9,27.5,27.4,27.2,27,27.2,
嘉義,2024/08/10 00:00:00,CH4,2,2,1.97,1.98,2.02,1.98,1.98,1.95,2.01,1.97,1.93,1.94,1.91,1.91,1.9,1.9,1.94,1.97,2.03,2.03,2,2,1.99,1.96,
嘉義,2024/08/10 00:00:00,CO,0.15,0.15,0.13,0.13,0.14,0.13,0.14,0.16,0.22,0.17,0.17,0.16,0.13,0.13,0.13,0.13,0.16,0.19,0.19,0.18,0.19,0.21,0.19,0.16,
嘉義,2024/08/10 00:00:00,NMHC,0,0,0,0,0,0,0,0,0,0,0.49,0.01,0,0,0,0,0,0,0,0,0,0.02,0,0,
嘉義,2024/08/10 00:00:00,NO,0.2,0.2,0.3,0.3,0.1,0.3,0.2,0.6,1.5,1.5,1,0.9,0.8,1,1.2,0.6,1.9,0.7,0.6,0.5,0.3,0.5,0.2,0.3,
嘉義,2024/08/10 00:00:00,NO2,2.4,2.5,2.1,1.6,1.8,1.6,1.8,2.9,5.4,5.3,4.2,4.8,2.4,2.3,2.4,2,4.9,4.7,3.9,4,3.8,4.2,4.4,2.8,
嘉義,2024/08/10 00:00:00,NOx,2.7,2.7,2.4,2,1.9,2,2.1,3.6,6.9,6.9,5.3,5.7,3.2,3.3,3.7,2.7,6.9,5.4,4.6,4.6,4.1,4.7,4.7,3.2,
嘉義,2024/08/10 00:00:00,O3,21.4,23,31.7,30.8,27.2,32,31.8,29.8,25.1,29.5,33.8,36.9,35.2,35.6,34.4,35.9,31.8,29.3,27,25,20.3,15.4,16.6,18.5,
嘉義,2024/08/10 00:00:00,PM10,19,13,7,5,11,7,5,3,7,6,14,16,10,12,9,12,9,17,7,9,15,19,21,21,
嘉義,2024/08/10 00:00:00,PM2.5,7,5,6,5,5,3,3,3,5,3,7,11,9,10,7,3,9,8,6,7,7,10,8,6,
嘉義,2024/08/10 00:00:00,RAINFALL,0,0,0,0,0,6,3,1.5,0,0,0,0,0,0,0,0,0,0,0,0,0,0,0,0,
嘉義,2024/08/10 00:00:00,RH,83,81,90,88,88,91,93,94,94,92,89,87,85,83,83,74,78,82,87,89,89,89,87,84,
嘉義,2024/08/10 00:00:00,SO2,0.8,0.7,0.7,0.7,0.7,0.7,0.7,0.6,0.9,1,1.1,1.6,1.1,0.8,0.8,0.7,0.7,0.9,1,1,0.8,0.7,0.7,0.7,
嘉義,2024/08/10 00:00:00,THC,2,2,1.95,1.96,2,1.95,1.96,1.93,2.01,1.96,2.42,1.95,1.89,1.9,1.9,1.88,1.93,1.96,2.03,2.03,2,2.02,1.99,1.95,
嘉義,2024/08/10 00:00:00,WD_HR,110,252,226,111,191,223,245,122,190,175,163,194,215,204,210,217,219,219,232,151,119,117,114,113,
嘉義,2024/08/10 00:00:00,WIND_DIREC,119,266,155,116,223,245,229,256,183,158,183,198,207,214,202,224,218,223,217,131,113,108,106,136,
嘉義,2024/08/10 00:00:00,WIND_SPEED,0.7,2.3,0.6,1,2.1,2,1.3,0.5,1.9,1.2,1.4,1.8,2.1,2.3,2.5,2.7,2.3,2.1,1.2,0.9,1.1,0.9,1.2,1.1,
嘉義,2024/08/10 00:00:00,WS_HR,1.1,0.3,1.3,0.9,0.7,1.9,1.5,0.3,1.3,1.2,0.7,1.2,1.9,1.7,1.9,2.2,2.2,1.7,2.3,0.7,1,0.9,1,1,
嘉義,2024/08/11 00:00:00,AMB_TEMP,27.2,27,27.1,27.1,27,26.9,26.6,26.8,27.1,28.1,29.5,30.9,31.5,32,32.6,33.2,33.1,32.1,31,30.4,29.8,29.6,29.1,28.8,
嘉義,2024/08/11 00:00:00,CH4,1.99,1.98,1.94,1.95,1.94,1.97,2.28,2.1,2.01,1.99,1.97,1.96,2,2.05,2.03,1.97,1.95,1.94,1.93,1.97,1.99,2.09,2.1,2.09,
嘉義,2024/08/11 00:00:00,CO,0.14,0.12,0.11,0.1,0.1,0.11,0.15,0.16,0.16,0.15,0.13,0.12,0.13,0.15,0.16,0.12,0.12,0.12,0.14,0.19,0.18,0.19,0.19,0.17,
嘉義,2024/08/11 00:00:00,NMHC,0,0,0,0,0,0,0,0,0,0,0,0,0,0,0,0,0,0,0,0.01,0.02,0.01,0.02,0.02,
嘉義,2024/08/11 00:00:00,NO,0.3,0.6,0.6,0.3,0.2,0.7,0.7,1.1,1,1.1,0.9,0.6,0.8,0.7,0.8,0.8,0.7,0.7,0.6,0.6,0.8,0.6,0.5,0.9,
嘉義,2024/08/11 00:00:00,NO2,2.4,2,1.7,1.2,1.3,1.4,3.8,4.2,4.1,3.1,2,1.5,1.3,1.9,2,1.3,1.5,1.5,1.8,3.8,3.9,4.3,4.8,4.2,
嘉義,2024/08/11 00:00:00,NOx,2.7,2.7,2.4,1.5,1.6,2.1,4.5,5.3,5.2,4.2,3,2.1,2.2,2.6,2.9,2.2,2.2,2.2,2.5,4.4,4.8,4.9,5.3,5.1,
嘉義,2024/08/11 00:00:00,O3,19.6,19.4,19.6,20.6,24,20.2,15.6,17.5,24.8,32.5,33.3,33.7,42.3,53.5,56.2,46.4,42.5,37.5,29.7,26.8,30.8,26,20.9,20.6,
嘉義,2024/08/11 00:00:00,PM10,18,20,13,23,15,18,24,29,23,17,17,14,11,12,17,10,7,8,17,21,12,17,21,17,
嘉義,2024/08/11 00:00:00,PM2.5,8,5,4,7,8,6,10,12,8,5,6,6,5,4,7,4,0,4,6,4,6,8,6,8,
嘉義,2024/08/11 00:00:00,RAINFALL,0,0,0,0,0,0,0,0,0,0,0,0,0,0,0,0,0,0,0,0,0,0,0,0,
嘉義,2024/08/11 00:00:00,RH,84,84,83,84,86,84,88,89,89,87,82,68,65,65,63,59,57,58,66,69,70,73,78,78,
嘉義,2024/08/11 00:00:00,SO2,0.6,0.8,0.8,0.9,0.9,0.9,1.2,1.2,1,1.2,1.1,1,1.3,1.4,1.3,1.2,1,1,1.1,1.1,1.1,1.1,1.4,1.7,
嘉義,2024/08/11 00:00:00,THC,1.99,1.96,1.93,1.94,1.92,1.96,2.27,2.09,2.01,1.98,1.96,1.95,1.98,2.04,2.02,1.95,1.93,1.93,1.92,1.98,2.01,2.1,2.12,2.11,
嘉義,2024/08/11 00:00:00,WD_HR,111,112,116,111,115,143,224,198,212,217,228,227,230,239,242,251,252,251,239,198,114,181,122,115,
嘉義,2024/08/11 00:00:00,WIND_DIREC,110,117,118,108,111,235,190,199,208,206,223,239,223,239,265,255,258,255,226,109,116,182,109,117,
嘉義,2024/08/11 00:00:00,WIND_SPEED,1.5,1.4,1.6,1.3,1.6,1.2,1.7,1.2,1.8,2,2.1,2.8,2.5,2.6,2.6,3,3.9,2.6,2.1,1.3,0.7,1.4,0.7,1.4,
嘉義,2024/08/11 00:00:00,WS_HR,1.4,1.1,1,1.2,1.1,0.8,1.8,1,1.5,1.6,2.1,1.9,2.5,2.1,2.3,2.6,3.1,2.9,2.4,0.8,1,0.8,0.7,0.9,
嘉義,2024/08/12 00:00:00,AMB_TEMP,28.4,28.1,27.9,27.7,27.6,27.4,28.2,29.8,30.6,31.6,31.8,32.4,33.4,32.4,31.9,33.1,32.3,28.3,28.5,28.5,28.6,28.6,28.4,28.2,
嘉義,2024/08/12 00:00:00,CH4,2.07,2.09,2.09,2.05,2.04,2.05,2.05,2.02,2.05,1.96,1.95,1.96,1.95,1.96,1.94,1.97,1.99,1.93,1.93,1.95,1.98,1.99,2.03,2.08,
嘉義,2024/08/12 00:00:00,CO,0.16,0.15,0.14,0.13,0.13,0.15,0.2,0.21,0.17,0.14,0.14,0.15,0.13,0.14,0.19,0.15,0.15,0.15,0.16,0.2,0.26,0.23,0.21,0.22,
嘉義,2024/08/12 00:00:00,NMHC,0.02,0.02,0,0,0,0,0.03,0.02,0,0,0,0,0,0,0.03,0.01,0,0,0,0.01,0.05,0.03,0.03,0.03,
嘉義,2024/08/12 00:00:00,NO,0.4,0.2,0.4,0.5,0.6,0.5,0.7,1.6,1.2,0.8,0.8,0.9,0.4,0.8,0.7,1.1,0.8,1,0.5,0.6,0.6,0.2,0.4,0.5,
嘉義,2024/08/12 00:00:00,NO2,4.1,3,2.1,1.6,1.2,2.3,3.9,4.5,3.1,2.1,2.5,2.9,1.5,1.8,2.6,2.9,2.8,2.3,2.8,4.3,6.3,5.6,5.1,5,
嘉義,2024/08/12 00:00:00,NOx,4.6,3.3,2.6,2.2,1.9,2.9,4.7,6.1,4.3,2.9,3.4,3.8,2,2.7,3.4,4.1,3.6,3.3,3.4,4.9,6.9,5.9,5.5,5.6,
嘉義,2024/08/12 00:00:00,O3,18.2,17.6,16.6,16.5,17.4,17,18.5,25.7,29.9,38.1,41,43.4,44.2,38.4,37.9,41,38.6,36.5,31.8,28.1,21.8,19.1,17.4,14.7,
嘉義,2024/08/12 00:00:00,PM10,17,17,21,22,21,23,24,18,21,22,18,21,12,20,12,15,18,2,8,9,14,17,19,21,
嘉義,2024/08/12 00:00:00,PM2.5,5,9,6,5,6,7,8,9,7,8,8,8,9,6,6,10,9,20,5,6,5,7,7,8,
嘉義,2024/08/12 00:00:00,RAINFALL,0,0,0,0,0,0,0,0,0,0,0,0,0,0,0,0,2,16,0,0,0,0,0,0,
嘉義,2024/08/12 00:00:00,RH,80,83,85,85,85,85,82,71,71,66,64,64,59,64,66,63,66,87,88,87,87,88,88,89,
嘉義,2024/08/12 00:00:00,SO2,1.2,0.8,0.7,0.6,0.6,0.6,0.7,1,1,0.9,0.9,1.1,0.8,0.9,0.9,1,1,1.1,1.1,0.9,1.1,1.3,1.3,1.1,
嘉義,2024/08/12 00:00:00,THC,2.09,2.11,2.07,2.04,2.02,2.04,2.08,2.04,2.05,1.95,1.93,1.95,1.92,1.96,1.97,1.98,1.99,1.92,1.93,1.96,2.03,2.02,2.06,2.11,
嘉義,2024/08/12 00:00:00,WD_HR,115,109,112,115,113,112,111,193,225,231,238,248,259,134,107,180,254,324,119,114,120,140,189,123,
嘉義,2024/08/12 00:00:00,WIND_DIREC,114,104,106,113,113,120,110,231,203,241,247,246,236,112,108,223,289,164,149,112,118,106,159,114,
嘉義,2024/08/12 00:00:00,WIND_SPEED,1.7,1.5,1.3,1.6,1.6,1.5,1.6,2,2,2.5,3.2,2.5,2.2,2.3,1.3,1.2,4.3,1.5,1.2,0.9,0.8,0.5,0.6,0.7,
嘉義,2024/08/12 00:00:00,WS_HR,1.3,1.2,1.3,1.4,1.3,1.4,1.2,1,1.7,2.1,2.4,2.2,2.4,1.4,1.8,0.8,1.9,2.3,1.3,1.2,0.7,0.4,0.5,0.6,
嘉義,2024/08/13 00:00:00,AMB_TEMP,28,27.7,27.5,27.5,27.3,27.3,27.7,29.4,30.9,31.8,32.5,33.3,33.3,33.3,32.7,29.9,28.5,29.8,30,29.5,29.1,28.8,28.5,28.2,
嘉義,2024/08/13 00:00:00,CH4,2.1,2.12,2.06,2.04,2.04,2.01,2.03,2.01,1.93,1.93,1.95,1.96,1.98,1.92,#,1.91,1.91,1.92,1.94,1.99,2.02,2.09,2.03,2.11,
嘉義,2024/08/13 00:00:00,CO,0.18,0.16,0.13,0.12,0.13,0.14,0.17,0.26,0.17,0.14,0.14,0.14,0.16,0.12,#,0.16,0.14,0.22,0.27,0.25,0.2,0.2,0.19,0.2,
嘉義,2024/08/13 00:00:00,NMHC,0.03,0.04,0,0,0,0,0,0.05,0,0,0,0,0,0,#,0.01,0,0.02,0.05,0.03,0.02,0,0.01,0.03,
嘉義,2024/08/13 00:00:00,NO,0.6,0.7,0.1,0.7,0.4,0.4,0.7,2,2.3,1.3,0.8,0.7,1,1.1,#,0.8,0.9,1,0.7,0.7,0.8,0.6,0.5,0.7,
嘉義,2024/08/13 00:00:00,NO2,4.2,3.9,2.6,1.8,1.7,2.5,3.4,4.4,4.3,2.1,1.9,2.2,2.8,2,#,2.8,3.5,4.1,6.9,7.1,5.2,4.4,4.1,4.6,
嘉義,2024/08/13 00:00:00,NOx,4.8,4.6,2.8,2.5,2.1,3,4.2,6.5,6.6,3.4,2.8,2.9,3.9,3.1,#,3.7,4.4,5.2,7.6,7.9,6,5.1,4.6,5.3,
嘉義,2024/08/13 00:00:00,O3,12.2,11.4,14,14.8,14,14.2,13.4,16.5,27.1,34,38.3,43.7,52.3,#,28.3,34.7,32.7,33.4,25.8,19.8,22.6,18.8,14.8,7.9,
嘉義,2024/08/13 00:00:00,PM10,36,22,23,22,21,23,23,29,21,25,10,15,17,7,#,26,10,14,9,27,18,21,20,20,
嘉義,2024/08/13 00:00:00,PM2.5,7,7,6,9,7,6,6,9,9,8,6,5,14,#,6,9,5,1,5,7,8,6,6,6,
嘉義,2024/08/13 00:00:00,RAINFALL,0,0,0,0,0,0,0,0,0,0,0,0,0,#,#,4.5,2.5,0,0,0,0,0,0,0,
嘉義,2024/08/13 00:00:00,RH,88,89,87,86,87,86,85,79,72,68,64,59,61,62,62,74,90,87,86,87,88,90,90,90,
嘉義,2024/08/13 00:00:00,SO2,1.3,1.2,1.1,1.1,1,1.1,1,1.1,1.9,1.3,1.5,1.5,1.4,1.3,#,1.3,1.2,1.2,1.3,2.4,1.3,1.1,1.4,1.2,
嘉義,2024/08/13 00:00:00,THC,2.13,2.16,2.04,2.02,2.02,2,2.03,2.06,1.93,1.91,1.94,1.95,1.97,1.9,#,1.92,1.9,1.94,1.99,2.02,2.04,2.09,2.04,2.14,
嘉義,2024/08/13 00:00:00,WD_HR,112,115,113,115,112,109,107,114,210,227,237,235,236,247,244,150,125,117,164,212,226,168,140,109,
嘉義,2024/08/13 00:00:00,WIND_DIREC,113,122,105,113,111,107,102,124,227,238,236,237,239,255,234,186,126,117,183,223,222,115,115,104,
嘉義,2024/08/13 00:00:00,WIND_SPEED,0.9,1,1.1,1.2,1.3,1.4,0.7,1,1.9,2.1,1.9,2.5,3.3,3.3,3.1,2.8,1.5,0.8,1,1.7,1.5,0.7,0.7,0.9,
嘉義,2024/08/13 00:00:00,WS_HR,0.7,0.7,1.1,1,1,1.1,1.2,0.8,1,2,2.3,2.4,2.3,2.7,3.1,1.7,1.4,1,0.4,1,1.5,0.5,0.3,0.5,
嘉義,2024/08/14 00:00:00,AMB_TEMP,27.9,27.8,27.5,27.3,27.2,27.1,27.6,29.1,30.9,31.7,32.5,33.5,32.1,28.6,30.1,30.7,30.6,30.2,29.5,28.8,28.8,28.6,28.6,28.6,
嘉義,2024/08/14 00:00:00,CH4,2.08,2.02,2.05,2.08,2.03,2.01,2.02,2,1.99,1.97,1.95,1.97,1.98,1.94,1.93,1.94,1.95,1.94,2,2.02,2.04,2.03,2,2.1,
嘉義,2024/08/14 00:00:00,CO,0.18,0.14,0.13,0.14,0.12,0.14,0.19,0.28,0.17,0.15,0.14,0.17,0.18,0.14,0.13,0.17,0.16,0.17,0.2,0.23,0.23,0.18,0.19,0.2,
嘉義,2024/08/14 00:00:00,NMHC,0.03,0,0,0.01,0,0.01,0.03,0.05,0,0,0,0,0,0,0,0,0,0,0.01,0.03,0.03,0,0,0.02,
嘉義,2024/08/14 00:00:00,NO,0.8,1,1,0.9,1,1.1,1.4,2.7,2.1,1.4,1.3,0.9,0.9,1.5,1.6,1.4,1.5,1.6,0.9,0.8,1,0.9,0.7,0.9,
嘉義,2024/08/14 00:00:00,NO2,4.5,2.2,2.4,2.9,1.8,2.1,3.7,4.4,3.2,1.5,1.3,1.7,2.6,2.5,2.5,2.3,3.9,4,4.2,5.7,6.5,5.1,3.7,4.8,
嘉義,2024/08/14 00:00:00,NOx,5.3,3.2,3.5,3.9,2.8,3.2,5.1,7.2,5.3,3,2.6,2.6,3.6,4.1,4.1,3.7,5.5,5.6,5.1,6.6,7.5,6,4.5,5.7,
嘉義,2024/08/14 00:00:00,O3,7.7,11.3,9.2,8.2,10.4,10,9.8,16.1,26.8,33.4,36.2,48.2,48.9,40.9,40.6,42.8,39.4,37.5,34.2,29,23.8,24,24.5,15.7,
嘉義,2024/08/14 00:00:00,PM10,39,22,35,29,22,25,24,27,17,15,14,17,23,2,10,8,10,9,9,12,13,12,9,12,
嘉義,2024/08/14 00:00:00,PM2.5,15,8,13,11,13,9,7,11,8,6,4,5,8,5,1,3,5,5,4,5,4,4,6,9,
嘉義,2024/08/14 00:00:00,RAINFALL,0,0,0,0,0,0,0,0,0,0,0,0,0,0,0,0,0,0,0,0,0,0,0,0,
嘉義,2024/08/14 00:00:00,RH,89,87,87,88,88,87,86,82,72,68,63,59,66,84,69,71,75,77,83,87,88,88,88,88,
嘉義,2024/08/14 00:00:00,SO2,1.2,1.1,1,0.9,1,1.1,1,1.1,1.2,1.1,1.3,1.4,1.2,1.3,1.6,1.4,1.3,1.4,1.1,1,1.2,2.2,1.3,1.5,
嘉義,2024/08/14 00:00:00,THC,2.11,2.01,2.04,2.09,2.02,2.02,2.05,2.05,1.97,1.95,1.93,1.96,1.97,1.92,1.91,1.93,1.94,1.94,2.01,2.05,2.07,2.03,2,2.12,
嘉義,2024/08/14 00:00:00,WD_HR,112,111,106,106,111,116,109,188,231,225,235,235,242,171,193,209,202,152,147,168,111,130,106,115,
嘉義,2024/08/14 00:00:00,WIND_DIREC,112,104,106,102,105,114,106,224,235,232,228,263,217,208,206,209,184,207,72,109,112,118,123,112,
嘉義,2024/08/14 00:00:00,WIND_SPEED,1,1.1,1.3,1.4,1.5,1.6,1.1,1.6,2.3,2.3,2.1,2.8,4.3,2.6,2.6,2.3,1.9,1.3,0.8,1,1.3,1.1,0.9,1,
嘉義,2024/08/14 00:00:00,WS_HR,1.1,1,1.2,1.1,1.1,1.2,1.3,0.5,1.7,2.1,2.7,2.3,3.3,1.7,1.8,1.8,1.5,0.8,0.2,0.6,0.7,0.9,0.7,0.6,
嘉義,2024/08/15 00:00:00,AMB_TEMP,28.2,28.2,27.9,27.8,27.6,27.6,28,29.3,29.9,30.7,30.1,26.1,26.7,28.8,27.4,26.1,26.4,26.9,26.9,27.2,27,27.2,27,26.8,
嘉義,2024/08/15 00:00:00,CH4,2.06,2.09,2.15,2.09,2.13,2.11,2.1,2.01,2,1.96,1.94,1.94,1.92,1.91,1.92,1.95,1.94,1.94,2.01,2.09,2.03,2.07,2.07,2.05,
嘉義,2024/08/15 00:00:00,CO,0.17,0.17,0.15,0.14,0.14,0.16,0.21,0.22,0.19,0.16,0.13,0.13,0.15,0.15,0.13,0.17,0.18,0.22,0.36,0.41,0.24,0.22,0.21,0.18,
嘉義,2024/08/15 00:00:00,NMHC,0,0.02,0,0,0.01,0.03,0.03,0.02,0,0,0,0,0,0,0,0,0.01,0.02,0.15,0.19,0.02,0.03,0.04,0.03,
嘉義,2024/08/15 00:00:00,NO,0.6,1,0.6,0.5,0.5,0.8,1.5,1.7,2,1.3,1.3,1.4,1.3,1.8,1.2,0.6,0.9,1.1,0.8,0.7,0.7,0.5,0.6,0.5,
嘉義,2024/08/15 00:00:00,NO2,3.7,3.2,2.4,1.9,1.9,2.4,4,3.2,3.5,2.5,1.7,2.7,3.5,2.8,2.5,4.6,5.3,4.7,8,7.8,6.6,5.8,4.9,3.7,
嘉義,2024/08/15 00:00:00,NOx,4.4,4.3,3.1,2.4,2.5,3.3,5.5,5,5.5,3.8,3,4.2,4.9,4.6,3.8,5.2,6.3,5.8,8.9,8.5,7.4,6.3,5.6,4.2,
嘉義,2024/08/15 00:00:00,O3,20.3,14.6,12.8,14.3,13.8,13.9,13.1,25.6,32.9,37,35.4,29.2,31.2,28.4,33,31.1,27.6,26.2,19.4,14.6,14.3,12.7,8,11.2,
嘉義,2024/08/15 00:00:00,PM10,14,19,32,13,19,20,23,21,22,12,18,3,2,8,7,4,6,21,8,9,15,10,14,11,
嘉義,2024/08/15 00:00:00,PM2.5,6,6,7,4,7,5,7,5,3,9,8,3,1,2,2,1,2,0,0,4,4,1,1,0,
嘉義,2024/08/15 00:00:00,RAINFALL,0,0,0,0,0,0,0,0,0,0,0,8.5,1.5,0,10,6,0.5,0,0,0,0,0,0,0,
嘉義,2024/08/15 00:00:00,RH,89,88,88,88,88,88,86,82,78,73,74,91,92,88,88,93,94,92,92,93,93,92,93,93,
嘉義,2024/08/15 00:00:00,SO2,1.5,1.2,0.8,0.8,0.8,0.9,1.1,1.3,1.2,1.2,1,1,1.1,0.9,0.9,0.8,1,1,1.1,1.3,1.4,1.7,1.1,0.9,
嘉義,2024/08/15 00:00:00,THC,2.06,2.11,2.15,2.09,2.14,2.14,2.13,2.03,2,1.94,1.92,1.92,1.91,1.9,1.9,1.95,1.95,1.96,2.16,2.28,2.05,2.1,2.11,2.08,
嘉義,2024/08/15 00:00:00,WD_HR,174,113,109,109,109,119,112,138,231,222,238,209,114,113,270,127,109,123,220,118,225,143,107,107,
嘉義,2024/08/15 00:00:00,WIND_DIREC,150,116,110,112,107,116,105,229,232,195,237,236,114,116,274,106,108,160,75,108,200,108,105,113,
嘉義,2024/08/15 00:00:00,WIND_SPEED,0.7,1.3,1.1,1.1,1.1,1.6,1.1,1.7,2.8,2.1,4.8,1.4,2,1,1.2,1.9,1.2,0.5,0.5,0.7,0.5,0.8,1.4,1.3,
嘉義,2024/08/15 00:00:00,WS_HR,0.4,1,1,1.1,0.8,1,1.1,0.5,2.4,2.4,4,1.9,1.6,1.2,1.9,0.4,1.4,0.8,0.7,0.5,0.6,0.4,0.7,1.1,
嘉義,2024/08/16 00:00:00,AMB_TEMP,26.5,26.5,26.4,26.3,26.2,26.2,26.3,28.1,29.5,30.5,31.3,32.4,31.8,31,29.4,28.2,27.5,26.8,26.3,26,25.7,25.7,25.7,25.9,
嘉義,2024/08/16 00:00:00,CH4,2,2.03,2.07,2.05,2.12,2.16,2.12,2,1.97,2.03,1.95,1.96,1.96,1.93,1.93,1.93,1.94,1.92,1.95,1.98,1.99,2.01,2.05,2.05,
嘉義,2024/08/16 00:00:00,CO,0.13,0.13,0.12,0.12,0.14,0.16,0.2,0.3,0.2,0.15,0.15,0.15,0.15,0.12,0.14,0.17,0.19,0.18,0.18,0.15,0.14,0.14,0.15,0.14,
嘉義,2024/08/16 00:00:00,NMHC,0,0,0,0,0.02,0.03,0.04,0.1,0,0,0,0,0,0,0,0.02,0.01,0,0,0,0,0,0,0,
嘉義,2024/08/16 00:00:00,NO,0.6,1,1,1.1,1,1.1,1.9,3.4,2.8,1.7,1.4,1.2,1.2,1.2,1.9,2,1.2,1,1,1.1,0.8,0.7,0.8,1,
嘉義,2024/08/16 00:00:00,NO2,2.1,2.6,2,2.2,2.9,3.4,4.2,4.9,4.3,2,1.6,1.6,2.6,1.9,4.1,5,4.7,5.3,4.5,4.3,3.6,4,2.6,2.3,
嘉義,2024/08/16 00:00:00,NOx,2.7,3.6,3.1,3.3,3.9,4.5,6.2,8.3,7.1,3.8,3,2.8,3.8,3.1,6,7,5.9,6.4,5.5,5.4,4.5,4.8,3.4,3.3,
嘉義,2024/08/16 00:00:00,O3,16.5,11.6,8,8.4,7.2,5.6,7.5,15.3,25.1,32.2,38.4,42.7,48.6,41.2,35.8,36.1,33,31.5,31.9,30.2,32.1,29.5,28.7,26.5,
嘉義,2024/08/16 00:00:00,PM10,7,10,20,26,18,18,20,16,13,13,5,3,13,16,6,4,2,2,5,3,0,1,3,2,
嘉義,2024/08/16 00:00:00,PM2.5,0,2,4,3,3,3,6,5,4,4,3,4,4,2,1,1,0,3,7,5,2,0,0,0,
嘉義,2024/08/16 00:00:00,RAINFALL,0,0,0,0,0,0,0,0,0,0,0,0,0,0,0,1,22,3,4.5,2,3.5,0.5,0.5,0,
嘉義,2024/08/16 00:00:00,RH,92,92,92,92,92,92,91,86,76,71,66,60,67,73,83,90,92,94,94,94,95,95,95,95,
嘉義,2024/08/16 00:00:00,SO2,0.9,0.7,0.7,0.7,0.7,0.8,0.7,1,1,1.1,1.3,1.3,1.2,0.9,0.8,1,0.8,0.8,0.8,0.8,0.8,0.8,0.9,0.9,
嘉義,2024/08/16 00:00:00,THC,1.99,2.02,2.06,2.05,2.14,2.19,2.16,2.1,1.97,2.01,1.93,1.94,1.95,1.9,1.92,1.95,1.95,1.92,1.94,1.96,1.96,1.99,2.02,2.02,
嘉義,2024/08/16 00:00:00,WD_HR,116,112,109,111,166,108,104,80,237,223,236,245,248,249,185,103,107,103,174,203,204,212,223,167,
嘉義,2024/08/16 00:00:00,WIND_DIREC,110,115,112,142,127,100,96,296,228,226,232,272,252,244,115,54,114,104,220,199,166,221,216,106,
嘉義,2024/08/16 00:00:00,WIND_SPEED,1,1.1,0.8,0.3,0.3,1,0.8,0.4,1.5,1.8,1.8,2.2,3.2,3.4,1.2,1.2,2.6,2,1.5,1.5,0.7,1,0.8,0.7,
嘉義,2024/08/16 00:00:00,WS_HR,0.8,0.9,0.7,0.5,0.2,0.6,0.9,0.1,1,1.3,1.8,2,2.7,2.9,1.3,1.6,1.1,2,0.7,1.1,0.9,0.8,1,0.5,
嘉義,2024/08/17 00:00:00,AMB_TEMP,26,26,26,26.2,25.9,25.8,25.6,25.6,25.6,26.3,27,27.3,27.8,28.1,28,28.8,29.5,29.1,28.8,28.6,28.2,27.6,27.2,26.5,
嘉義,2024/08/17 00:00:00,CH4,2.01,2.04,1.99,2.05,2.14,2.12,2.02,2.01,1.95,1.94,1.97,1.93,1.92,1.94,1.94,1.96,1.94,1.92,1.95,2.09,2.14,2.06,2.05,1.98,
嘉義,2024/08/17 00:00:00,CO,0.15,0.13,0.12,0.12,0.12,0.13,0.14,0.15,0.15,0.17,0.17,0.15,0.13,0.13,0.15,0.15,0.16,0.18,0.36,0.24,0.22,0.19,0.16,0.13,
嘉義,2024/08/17 00:00:00,NMHC,0,0,0,0,0,0,0,0,0,0.02,0,0,0,0,0,0,0.02,0.02,0.06,0.04,0.02,0.01,0.01,0,
嘉義,2024/08/17 00:00:00,NO,1.3,0.5,0.8,0.8,0.8,0.7,0.8,0.9,1,1.5,2.1,1.3,1.3,1.1,0.7,1.2,1.1,0.8,1,1,1,1,#,0.6,
嘉義,2024/08/17 00:00:00,NO2,2.5,2.7,1.5,1.9,1.8,1.8,2.3,3.6,3.6,4.5,4.6,3,2.6,2.2,2.4,3.2,3.2,3.4,7.8,6.8,5.8,4.3,#,3.5,
嘉義,2024/08/17 00:00:00,NOx,3.8,3.2,2.3,2.8,2.6,2.6,3.2,4.6,4.6,6,6.7,4.4,3.9,3.4,3.1,4.5,4.4,4.3,8.8,7.8,6.8,5.3,#,4.2,
嘉義,2024/08/17 00:00:00,O3,22.4,21.3,23.5,17.5,17.1,22.1,24.9,26.3,24,21.5,24.4,27.5,29.1,29.5,27.2,28.4,28.6,23.5,14.8,13.9,10.3,14.5,#,19.4,
嘉義,2024/08/17 00:00:00,PM10,4,6,4,10,8,14,7,5,5,6,7,4,5,5,8,7,8,7,9,17,20,12,13,9,
嘉義,2024/08/17 00:00:00,PM2.5,2,0,0,0,0,1,1,1,2,3,1,0,1,3,5,3,3,2,1,3,5,3,3,4,
嘉義,2024/08/17 00:00:00,RAINFALL,0.5,0,0,0.5,0,0,0,0,0,0.5,0,0,0,0,0,0,0,0,0,0,0,0,0,0,
嘉義,2024/08/17 00:00:00,RH,95,95,95,95,95,95,95,95,95,96,97,97,94,92,91,88,78,76,80,86,88,89,90,91,
嘉義,2024/08/17 00:00:00,SO2,1.2,1.1,0.7,0.8,0.7,0.9,0.9,0.8,0.8,1.2,1.1,1.3,1.3,1.1,1.1,1.5,1.8,1.4,1.2,1.2,1.1,1.1,#,1.3,
嘉義,2024/08/17 00:00:00,THC,1.99,2.01,1.98,2.05,2.12,2.11,2,2,1.95,1.96,1.97,1.92,1.9,1.93,1.93,1.96,1.96,1.94,2.01,2.13,2.16,2.07,2.06,1.97,
嘉義,2024/08/17 00:00:00,WD_HR,166,134,117,127,236,232,220,172,165,133,194,189,203,228,231,173,125,130,213,198,203,211,241,217,
嘉義,2024/08/17 00:00:00,WIND_DIREC,213,116,113,167,236,235,206,140,184,166,180,160,207,243,225,109,119,121,216,192,211,216,241,167,
嘉義,2024/08/17 00:00:00,WIND_SPEED,1.1,0.8,0.8,0.5,1.9,2.8,2,0.9,0.9,0.6,1.3,0.8,1.8,2.2,1.5,1.4,1.2,0.6,1.5,1.1,1.8,1.9,4,1.3,
嘉義,2024/08/17 00:00:00,WS_HR,0.2,0.3,0.6,0.6,1.6,2,2.2,1,0.8,0.6,1,1.1,1.5,1.9,1.6,0.5,0.9,0.7,1,1.1,1.3,1.6,3.8,1.7,
嘉義,2024/08/18 00:00:00,AMB_TEMP,26.6,26.6,26.7,26.7,26.6,26.6,26.7,27.3,28.5,29.9,31,31.2,31,31.4,31.9,32.1,32.5,31.7,29.8,28.5,28.3,28.4,28.4,27.8,
嘉義,2024/08/18 00:00:00,CH4,2.02,1.99,2.08,2.14,2.12,2.17,2.11,2.09,2.09,2.05,1.96,2.01,2,1.97,1.98,2,1.94,1.93,1.96,1.92,1.92,1.9,1.91,1.95,
嘉義,2024/08/18 00:00:00,CO,0.12,0.15,0.15,0.15,0.15,0.18,0.19,0.28,0.24,0.15,0.13,0.16,0.18,0.15,0.14,0.18,0.14,0.13,0.15,0.15,0.15,0.13,0.12,0.11,
嘉義,2024/08/18 00:00:00,NMHC,0,0,0,0,0.03,0.03,0.04,0.08,0.04,0,0,0,0,0,0,0,0,0,0,0,0,0,0,0,
嘉義,2024/08/18 00:00:00,NO,0.6,0.1,0.4,0.4,0.6,0.6,0.3,1.5,1.6,1.1,0.7,0.8,0.6,0.8,0.7,0.5,0.7,0.7,0.8,0.7,0.6,0.6,0.6,0.8,
嘉義,2024/08/18 00:00:00,NO2,3.4,3,2.4,2.2,2.5,2.8,3,3.6,3.9,1.8,0.9,1.5,2.1,1.8,1.1,2.1,1.7,1.3,1.9,3.5,3.8,2.7,2.9,1.9,
嘉義,2024/08/18 00:00:00,NOx,4,3.2,2.8,2.7,3.2,3.4,3.3,5.2,5.5,3,1.6,2.3,2.7,2.6,1.8,2.7,2.5,2,2.7,4.3,4.5,3.3,3.6,2.7,
嘉義,2024/08/18 00:00:00,O3,16.5,16.1,13,9.5,7.6,6.3,8.1,12.7,17.2,25.3,32.7,42.2,45.3,44.1,44,47.7,36.4,27.8,24.5,20.2,18.8,18.2,16.7,17.8,
嘉義,2024/08/18 00:00:00,PM10,14,13,14,19,14,15,20,14,20,13,10,14,11,9,8,9,8,5,19,13,13,10,8,7,
嘉義,2024/08/18 00:00:00,PM2.5,3,3,2,2,2,0,3,3,7,8,6,4,10,7,5,7,3,3,4,4,3,1,1,1,
嘉義,2024/08/18 00:00:00,RAINFALL,0,0,0,0,0,0,0.5,0,0,0,0,0,0,0,0,0,0,0,0,0,0,0,0,0,
嘉義,2024/08/18 00:00:00,RH,91,91,91,91,92,92,91,90,86,78,69,69,70,70,63,64,62,65,80,86,86,84,82,83,
嘉義,2024/08/18 00:00:00,SO2,1.6,1.5,1.2,1.4,1.2,1.1,1.1,1.3,1.5,1.4,1.5,1.8,1.9,1.8,1.8,2.6,1.8,1.5,1.4,1.8,1.8,1.6,1.7,1.6,
嘉義,2024/08/18 00:00:00,THC,2.02,1.99,2.07,2.14,2.15,2.2,2.15,2.17,2.13,2.04,1.93,1.99,1.99,1.95,1.96,1.98,1.92,1.9,1.95,1.91,1.9,1.89,1.88,1.92,
嘉義,2024/08/18 00:00:00,WD_HR,148,154,130,136,119,122,93,175,30,237,230,230,229,225,231,199,230,239,218,197,202,157,198,219,
嘉義,2024/08/18 00:00:00,WIND_DIREC,126,219,179,204,124,115,79,13,211,241,229,226,228,229,224,176,248,232,209,185,167,181,211,229,
嘉義,2024/08/18 00:00:00,WIND_SPEED,1.5,1.2,0.7,0.7,0.9,1.2,0.7,0.9,1.2,3.2,2.4,2.9,2.9,2.5,3,1.2,3.1,2.6,2.2,1.5,1.6,1.4,1.8,2,
嘉義,2024/08/18 00:00:00,WS_HR,1,0.6,0.5,0.6,0.6,0.7,0.8,0.3,0.1,2.3,2.4,2.9,2.5,2.4,2.5,1.5,2.2,2.5,2.3,1.4,1.4,0.6,1.4,1.6,
嘉義,2024/08/19 00:00:00,AMB_TEMP,27.2,27.5,27.1,27,27.2,27.1,27.2,28.2,29.3,29.8,31.3,29.4,27.1,27.8,27.9,26.6,26.7,26.7,26.9,27,27.3,27,27.1,27.8,
嘉義,2024/08/19 00:00:00,CH4,1.97,1.94,1.99,2.04,2.07,2.05,2.09,2.06,2.07,2.03,1.9,1.93,1.92,1.88,1.88,1.89,1.88,1.93,1.89,1.91,1.92,1.9,1.86,1.87,
嘉義,2024/08/19 00:00:00,CO,0.11,0.11,0.11,0.11,0.12,0.13,0.18,0.26,0.21,0.15,0.12,0.13,0.12,0.11,0.12,0.12,0.13,0.18,0.15,0.17,0.14,0.1,0.08,0.08,
嘉義,2024/08/19 00:00:00,NMHC,0,0,0,0,0,0,0.01,0.06,0.01,0,0,0,0,0,0,0.03,0.06,0.01,0,0.01,0,0,0,0,
嘉義,2024/08/19 00:00:00,NO,0.7,0.2,0.1,0,0,0.2,0.6,1.8,3.7,1.1,1.1,1.6,1.3,1,0.7,1.1,0.5,0.8,0.2,0.4,0.5,0.7,0.2,0,
嘉義,2024/08/19 00:00:00,NO2,1.2,2.5,2.1,2.1,2.3,2.7,3.6,5.8,6.7,3.6,2.6,3.5,3.5,2.8,3.2,4,3.7,5.8,4.3,5,4.3,3,1.4,1.6,
嘉義,2024/08/19 00:00:00,NOx,1.9,2.7,2.2,2.2,2.2,2.9,4.3,7.6,10.4,4.8,3.8,5.1,4.8,3.8,3.9,5.1,4.2,6.6,4.5,5.4,4.9,3.7,1.7,1.6,
嘉義,2024/08/19 00:00:00,O3,16.4,14.9,13.8,14.2,11.4,12,10.1,11,16.1,23,27.7,27.4,25.1,22.6,21.7,19.6,16.8,15.4,17.2,13.3,11.7,12.7,14.7,14.8,
嘉義,2024/08/19 00:00:00,PM10,8,8,11,11,14,15,13,16,15,41,6,5,8,6,5,3,2,2,4,6,6,10,6,5,
嘉義,2024/08/19 00:00:00,PM2.5,0,2,4,2,3,5,3,2,4,5,4,0,0,0,0,0,0,1,2,1,1,3,1,2,
嘉義,2024/08/19 00:00:00,RAINFALL,0,0,0,0,0,0,0,0,0,0,0,2.5,0.5,0,0,0.5,0,0,0,0,0,0,0,0,
嘉義,2024/08/19 00:00:00,RH,87,87,87,88,88,88,88,85,81,76,68,78,92,88,88,92,92,91,89,88,85,85,82,69,
嘉義,2024/08/19 00:00:00,SO2,1.3,1.2,1,0.9,1.2,1.3,1.1,1.1,1,1.1,1,1,0.9,1.3,1,0.9,1.1,1,1.1,1.1,1.4,1.1,1.1,1,
嘉義,2024/08/19 00:00:00,THC,1.94,1.91,1.97,2.02,2.05,2.04,2.1,2.12,2.08,2.03,1.89,1.92,1.91,1.86,1.87,1.92,1.94,1.94,1.88,1.92,1.91,1.87,1.84,1.85,
嘉義,2024/08/19 00:00:00,WD_HR,221,146,228,201,127,166,119,141,222,219,220,230,202,193,211,198,147,194,135,170,206,195,157,175,
嘉義,2024/08/19 00:00:00,WIND_DIREC,206,119,193,127,120,127,116,160,228,219,222,212,180,200,210,170,187,155,136,169,202,172,122,211,
嘉義,2024/08/19 00:00:00,WIND_SPEED,1.8,0.7,0.4,0.6,0.8,0.6,1,0.5,2.4,1.9,2.5,3.2,2.8,2.6,2.5,2,0.8,1.3,1.2,1.1,1.5,2.5,1.4,2.8,
嘉義,2024/08/19 00:00:00,WS_HR,1.8,0.6,0.4,0.5,0.3,0.3,0.6,0.5,1.6,2.1,2,3.3,2.1,1.8,2.3,1.7,0.7,1.3,0.8,0.7,1.2,2,1.2,0.9,
嘉義,2024/08/20 00:00:00,AMB_TEMP,28.3,27.3,27.4,27.5,28.5,28.5,27.9,28.5,30.1,31.9,33,33.9,34.5,33.6,32.4,26.2,26.3,25.3,25.4,25.6,25.4,25.3,25.5,25.2,
嘉義,2024/08/20 00:00:00,CH4,1.87,1.89,1.86,1.88,1.89,1.89,1.98,2.01,1.93,1.89,1.87,1.85,1.85,1.87,1.88,1.87,1.92,1.93,1.85,1.89,1.89,1.91,1.87,1.94,
嘉義,2024/08/20 00:00:00,CO,0.07,0.07,0.06,0.07,0.07,0.08,0.14,0.25,0.22,0.16,0.11,0.1,0.09,0.11,0.11,0.1,0.14,0.13,0.18,0.15,0.11,0.1,0.12,0.1,
嘉義,2024/08/20 00:00:00,NMHC,0,0,0,0,0,0,0,0.03,0.03,0.02,0,0,0,0,0,0,0.03,0,0.01,0,0,0,0,0,
嘉義,2024/08/20 00:00:00,NO,0.1,1.2,1.1,1.4,1.3,1.2,1.8,3.5,5.7,3.4,2.4,2.1,2,1.8,1.8,1.8,2.4,2,1.8,2.1,1.7,1.5,1.4,1.3,
嘉義,2024/08/20 00:00:00,NO2,1.5,0.8,0,0,0.5,0.9,1.9,4.6,5.5,2.9,1.5,1.1,0.5,1,1.8,1.9,5.4,5.1,4.4,4.3,2.4,2.7,1.9,2.3,
嘉義,2024/08/20 00:00:00,NOx,1.7,2,1,1.4,1.8,2.2,3.7,8.1,11.2,6.4,3.9,3.3,2.6,2.8,3.6,3.7,7.8,7.2,6.2,6.5,4.1,4.2,3.3,3.7,
嘉義,2024/08/20 00:00:00,O3,14.3,13.4,15.8,14.7,15.9,16.7,14,10.7,11.5,17.3,19.1,21.1,20.9,26,22.4,18.3,13.9,12.9,9.2,12.4,15,13.4,12,10.9,
嘉義,2024/08/20 00:00:00,PM10,6,7,4,2,2,0,9,13,7,5,1,14,33,#,41,6,3,4,21,4,4,5,1,1,
嘉義,2024/08/20 00:00:00,PM2.5,4,1,0,0,0,0,2,2,1,0,1,3,2,#,4,2,0,0,1,2,1,0,0,2,
嘉義,2024/08/20 00:00:00,RAINFALL,0,0,0,0,0,0,0,0,0,0,0,0,0,0,0.5,11.5,0.5,1,0.5,0,0,4,0,0,
嘉義,2024/08/20 00:00:00,RH,66,73,69,67,60,60,63,63,59,55,50,49,47,53,55,90,93,92,90,90,92,92,92,91,
嘉義,2024/08/20 00:00:00,SO2,1.1,1.1,1,0.9,1.5,1.5,1,1.3,1.6,1.3,1.1,1.2,1,1.1,1.2,1,1.1,1,1,1,1,1.2,1,1,
嘉義,2024/08/20 00:00:00,THC,1.84,1.86,1.82,1.85,1.87,1.86,1.97,2.04,1.96,1.91,1.86,1.84,1.84,1.86,1.88,1.85,1.95,1.93,1.86,1.88,1.87,1.89,1.85,1.94,
嘉義,2024/08/20 00:00:00,WD_HR,199,204,158,167,184,205,218,218,215,221,212,217,213,216,224,227,234,203,126,265,184,148,132,232,
嘉義,2024/08/20 00:00:00,WIND_DIREC,205,179,130,198,180,221,220,207,221,220,209,219,198,216,241,165,242,118,123,265,132,122,210,233,
嘉義,2024/08/20 00:00:00,WIND_SPEED,2,3.1,0.8,1.6,1.9,2.3,1.7,1.7,2.2,2.8,3.3,4.3,3.7,4.7,8.7,*,3.5,2.1,1.2,2.2,1.3,2.5,1.4,2.5,
嘉義,2024/08/20 00:00:00,WS_HR,1.5,2.5,1.1,0.7,1.8,1.8,1.8,1.7,1.7,2.3,2.6,3.3,3.7,3.8,4.6,3.5,2.2,2,0.7,2.3,1,1.8,1,2.1,
嘉義,2024/08/21 00:00:00,AMB_TEMP,25.2,25.7,26.4,27.2,26.8,27.1,26.8,28.2,31.1,32.4,33,33.8,33.9,33.8,29.4,29,29.6,29.8,29.5,29.2,28.7,28,27.7,27.4,
嘉義,2024/08/21 00:00:00,CH4,2.07,2.08,1.97,1.99,2.05,1.99,2.02,2.03,2,1.92,1.92,1.95,1.92,1.89,1.87,1.88,1.88,1.88,1.93,2.09,2.03,2.01,1.96,1.95,
嘉義,2024/08/21 00:00:00,CO,0.09,0.11,0.1,0.1,0.1,0.11,0.2,0.31,0.24,0.13,0.12,0.15,0.15,0.12,0.11,0.12,0.13,0.14,0.21,0.24,0.26,0.23,0.17,0.13,
嘉義,2024/08/21 00:00:00,NMHC,0,0,0,0,0,0,0.02,0.07,0.03,0,0,0,0,0,0,0,0,0,0.02,0.04,0.07,0.04,0.02,0,
嘉義,2024/08/21 00:00:00,NO,1.2,0.4,0.9,0.6,0.4,0.4,1.1,3.8,4.9,2.1,1.6,1,0.7,0.9,1.2,1.6,1.1,1,0.7,0.7,0.8,0.9,0.6,0.5,
嘉義,2024/08/21 00:00:00,NO2,1.6,2.8,1.3,1,1.5,2.7,4.3,5.5,6,1.6,2.4,2.1,2.6,1.7,1,2,2.3,2.8,5.1,9,9.1,7.7,5,2.7,
嘉義,2024/08/21 00:00:00,NOx,2.9,3.3,2.2,1.6,1.9,3.2,5.5,9.4,11,3.7,4,3.1,3.3,2.6,2.3,3.7,3.5,3.9,5.9,9.7,9.9,8.7,5.6,3.2,
嘉義,2024/08/21 00:00:00,O3,10.9,8.1,11.1,13.5,12.5,10.9,7.8,9.8,19.2,29.1,32.6,45,48.1,36.1,21.8,19.4,19.6,18.7,15.7,10.7,6.1,4.3,6.5,8.4,
嘉義,2024/08/21 00:00:00,PM10,7,14,11,10,13,14,17,18,18,5,4,10,14,18,22,11,5,10,12,19,17,13,21,11,
嘉義,2024/08/21 00:00:00,PM2.5,1,0,2,1,2,2,3,5,3,2,3,2,10,8,4,5,4,2,6,5,3,7,10,6,
嘉義,2024/08/21 00:00:00,RAINFALL,0,0,0,0,0,0,0,0,0,0,0,0,0,0,0,0,0,0,0,0,0,0,0,0,
嘉義,2024/08/21 00:00:00,RH,92,90,87,85,87,85,87,83,64,56,53,53,57,59,69,72,71,70,73,78,85,86,86,85,
嘉義,2024/08/21 00:00:00,SO2,1.1,1,0.6,0.5,0.7,1.2,2.5,1.2,1.4,0.9,0.8,0.9,1.2,1,0.8,0.7,0.7,0.7,1.1,1.2,1,0.6,0.7,0.7,
嘉義,2024/08/21 00:00:00,THC,2.06,2.06,1.94,1.97,2.02,1.96,2.04,2.1,2.03,1.91,1.91,1.95,1.91,1.88,1.86,1.88,1.88,1.88,1.95,2.13,2.1,2.05,1.98,1.95,
嘉義,2024/08/21 00:00:00,WD_HR,213,192,218,192,208,182,148,119,206,225,227,229,242,243,260,128,116,124,192,205,119,111,107,113,
嘉義,2024/08/21 00:00:00,WIND_DIREC,150,223,219,165,197,145,116,140,218,220,223,240,242,251,239,117,111,126,217,121,119,105,103,115,
嘉義,2024/08/21 00:00:00,WIND_SPEED,1.6,2.6,2.1,1.2,2.2,0.9,1.1,1.1,2.9,2.9,4,3.9,4.5,5.9,3.3,2.5,0.9,0.9,1,0.7,1.1,1.2,1.3,1.3,
嘉義,2024/08/21 00:00:00,WS_HR,1.7,1.1,1.8,1.4,1.4,1,0.7,1,1.5,2.7,3.6,3.6,4.6,4.4,5,1.5,1.4,0.7,0.6,0.6,0.7,1.1,1.1,1.2,
嘉義,2024/08/22 00:00:00,AMB_TEMP,27.1,26.9,26.7,26.6,26.5,26.3,26.8,28.6,30.7,31.8,32.7,33.1,33.6,33.6,33.3,33,32.6,31.9,30.8,30,29.4,29.2,29,28.7,
嘉義,2024/08/22 00:00:00,CH4,1.92,1.97,1.96,1.95,1.93,1.93,1.93,1.89,1.85,1.84,1.87,1.95,1.95,1.92,1.88,1.87,1.88,1.87,1.88,1.91,1.97,1.9,1.96,2.2,
嘉義,2024/08/22 00:00:00,CO,0.12,0.09,0.09,0.09,0.09,0.1,0.12,0.16,0.15,0.12,0.12,0.13,0.12,0.11,0.13,0.09,0.12,0.14,0.15,0.14,0.12,0.12,0.11,0.13,
嘉義,2024/08/22 00:00:00,NMHC,0,0,0,0,0,0,0,0.02,0,0,0,0,0,0,0,0,0,0,0,0,0,0,0,0,
嘉義,2024/08/22 00:00:00,NO,0.5,1,1.3,1,0.9,1.3,1.8,2.3,2.9,2.5,1.7,1.5,1.6,1.3,1.6,1.4,2.1,1.9,1.5,1.4,1.4,1.2,1.3,1.4,
嘉義,2024/08/22 00:00:00,NO2,1.9,2.3,1.8,1.7,1.5,2.1,2.4,2.8,2.8,2.4,2.4,2.4,1.9,1.9,2,1.6,2.2,2.6,3.3,4.2,4.6,4,3.1,3.7,
嘉義,2024/08/22 00:00:00,NOx,2.4,3.4,3.2,2.8,2.5,3.5,4.2,5.1,5.8,5,4.2,3.9,3.6,3.3,3.7,3,4.4,4.6,4.8,5.7,6,5.3,4.5,5.1,
嘉義,2024/08/22 00:00:00,O3,8.4,8.4,8.7,9.1,8.9,8,7.3,9.4,15,22.9,32.6,39.5,40.6,37.7,29.9,25.7,25.7,22.7,18.8,16.4,15.2,14.5,14.8,11.7,
嘉義,2024/08/22 00:00:00,PM10,17,16,20,13,14,15,12,13,21,19,17,19,13,11,16,11,11,8,15,15,13,16,14,19,
嘉義,2024/08/22 00:00:00,PM2.5,6,5,1,2,4,4,7,6,10,9,9,10,7,8,7,4,4,6,5,5,4,9,8,8,
嘉義,2024/08/22 00:00:00,RAINFALL,0,0,0,0,0,0,0,0,0,0,0,0,0,0,0,0,0,0,0,0,0,0,0,0,
嘉義,2024/08/22 00:00:00,RH,84,85,84,82,78,77,73,66,60,57,55,57,57,59,60,60,61,63,69,76,85,86,86,88,
嘉義,2024/08/22 00:00:00,SO2,0.7,0.7,0.6,0.6,0.5,0.6,0.6,0.7,1.2,1.6,1.3,1.2,1,1,0.9,0.9,0.8,0.8,0.8,0.7,0.7,0.8,0.8,0.7,
嘉義,2024/08/22 00:00:00,THC,1.91,1.96,1.94,1.93,1.92,1.91,1.92,1.91,1.85,1.83,1.86,1.92,1.92,1.9,1.86,1.85,1.86,1.85,1.87,1.89,1.95,1.88,1.93,2.17,
嘉義,2024/08/22 00:00:00,WD_HR,112,109,116,111,111,110,108,103,116,225,258,255,274,294,289,293,293,260,250,254,240,228,229,220,
嘉義,2024/08/22 00:00:00,WIND_DIREC,115,117,117,113,110,110,105,101,196,223,241,257,289,294,316,321,261,259,248,261,235,230,225,223,
嘉義,2024/08/22 00:00:00,WIND_SPEED,1,1.6,1.5,1.4,1.2,1.4,1,1.2,1,1.5,2.4,2.1,2,2.8,3.7,2.5,2.4,1.6,1.6,1.9,1.6,1.5,1,1.3,
嘉義,2024/08/22 00:00:00,WS_HR,1.1,1.3,1.3,1.1,1.2,1.2,1.2,1.2,0.5,0.8,1.5,1.9,1.7,2.3,2.6,2.4,2,2,1.5,1.7,1.4,1.2,1.3,1,
嘉義,2024/08/23 00:00:00,AMB_TEMP,28.4,28.5,28.3,28.3,27.9,27.6,28.1,29.2,29.7,31.1,32.2,32.9,32.9,33,32.7,32.7,32.1,31.4,30.5,29.8,29.5,29.2,29.2,28.9,
嘉義,2024/08/23 00:00:00,CH4,2.34,2.29,2.08,2.11,2.16,2.13,2.07,1.98,1.9,1.89,1.93,1.89,1.87,1.87,1.86,1.85,1.86,1.85,1.86,1.92,1.93,2.01,2.21,2.12,
嘉義,2024/08/23 00:00:00,CO,0.14,0.15,0.13,0.11,0.12,0.13,0.16,0.18,0.12,0.1,0.11,0.1,0.09,0.09,0.1,0.1,0.1,0.12,0.13,0.13,0.12,0.13,0.2,0.15,
嘉義,2024/08/23 00:00:00,NMHC,0,0,0,0,0.01,0.01,0.02,0.02,0,0,0,0.02,0,0,0.01,0,0,0,0,0,0,0,0.01,0.01,
嘉義,2024/08/23 00:00:00,NO,1.5,0.9,0.7,0.8,0.8,0.9,1.5,3.3,2.6,1.5,1.3,1.1,0.8,1,1.2,1.1,1.2,1.6,1.3,0.7,0.9,0.8,1,0.7,
嘉義,2024/08/23 00:00:00,NO2,4.6,5.4,3.9,2.9,3.4,4,3.5,4.1,3,2.3,2.2,1.8,1.5,1.3,1.4,1.4,2.2,2.8,3.3,4.2,4.3,4.7,6.3,5.2,
嘉義,2024/08/23 00:00:00,NOx,6.2,6.4,4.6,3.7,4.3,5,5,7.5,5.6,3.8,3.5,2.9,2.4,2.4,2.6,2.6,3.5,4.4,4.6,4.9,5.2,5.5,7.4,5.9,
嘉義,2024/08/23 00:00:00,O3,8.8,7.9,8.3,7.7,4.2,5.5,6.8,10.4,16.6,22.6,30.1,31.3,30.8,28,24,24.5,28.3,23.7,17.3,14.6,14.5,13.9,10,9.7,
嘉義,2024/08/23 00:00:00,PM10,18,20,22,11,17,17,21,19,18,15,21,11,11,14,9,12,18,17,12,15,19,19,21,13,
嘉義,2024/08/23 00:00:00,PM2.5,6,5,7,7,5,5,9,13,8,5,6,7,9,6,6,7,5,5,3,8,9,9,7,8,
嘉義,2024/08/23 00:00:00,RAINFALL,0,0,0,0,0,0,0,0,0,0,0,0,0,0,0,0,0,0,0,0,0,0,0,0,
嘉義,2024/08/23 00:00:00,RH,90,89,89,89,90,90,88,86,82,69,62,61,61,59,60,59,65,67,70,75,78,82,84,86,
嘉義,2024/08/23 00:00:00,SO2,0.7,1.1,2.3,1.7,1.2,1,1.5,2.4,1.6,1.3,1,1,0.9,1,1,1,1,0.9,0.9,0.9,1,0.8,1.1,1.2,
嘉義,2024/08/23 00:00:00,THC,2.33,2.28,2.06,2.11,2.17,2.14,2.09,2,1.89,1.89,1.92,1.91,1.86,1.86,1.87,1.83,1.84,1.83,1.85,1.91,1.92,2,2.22,2.13,
嘉義,2024/08/23 00:00:00,WD_HR,229,173,112,113,110,167,110,141,235,242,228,264,267,268,255,257,254,247,241,236,234,230,210,178,
嘉義,2024/08/23 00:00:00,WIND_DIREC,217,114,110,106,106,97,106,225,205,241,238,260,284,254,241,242,248,245,234,234,229,224,222,141,
嘉義,2024/08/23 00:00:00,WIND_SPEED,0.9,0.8,0.4,0.7,0.5,0.5,1,1,1.5,1.6,1.9,2.8,3.1,4,3.8,3.5,3.4,2.6,2.8,2.5,1.8,1.6,1.3,0.9,
嘉義,2024/08/23 00:00:00,WS_HR,1.4,0.4,0.5,0.7,0.9,0.3,0.8,0.4,1.2,1.3,1.4,1.8,2.6,3.2,3.2,2.6,2.6,2.3,2.4,2.5,2,1.7,1.1,0.6,
嘉義,2024/08/24 00:00:00,AMB_TEMP,28.8,28.6,28.5,28,27.8,27.7,27.9,29.5,30.7,31.6,32.6,33.1,33.2,31.9,30.4,28.1,28,28,27.9,27.9,27.8,27.5,27.2,27.1,
嘉義,2024/08/24 00:00:00,CH4,2.01,1.94,2.1,2.03,2,2.01,2.04,1.9,1.83,1.84,1.88,1.95,1.9,1.91,1.89,1.9,1.92,1.94,1.96,1.94,1.94,1.96,2,1.94,
嘉義,2024/08/24 00:00:00,CO,0.13,0.14,0.14,0.12,0.13,0.14,0.17,0.16,0.11,0.12,0.12,0.13,0.12,0.13,0.13,0.14,0.19,0.29,0.32,0.25,0.23,0.21,0.2,0.17,
嘉義,2024/08/24 00:00:00,NMHC,0,0,0.01,0.02,0,0.01,0.04,0.02,0,0,0,0,0,0,0,0,0.02,0.06,0.1,0.06,0.08,0.05,0.08,0.07,
嘉義,2024/08/24 00:00:00,NO,0.6,0,0.5,0.5,0.5,0.5,1.6,1.5,1.2,0.7,0.5,0.5,0.3,0.6,0.6,0.3,0.4,0.5,0.4,0.4,0.3,0.4,0.6,0.4,
嘉義,2024/08/24 00:00:00,NO2,4.1,5.5,4.5,3.9,3.9,4.2,4,3.2,2.4,2.5,2.1,2.4,1.9,2.1,2.7,3.4,5.1,8.9,11.1,9,7.2,6.5,5.9,4.5,
嘉義,2024/08/24 00:00:00,NOx,4.8,5.5,5,4.5,4.5,4.7,5.7,4.8,3.7,3.3,2.7,2.9,2.2,2.7,3.4,3.8,5.6,9.5,11.5,9.4,7.5,6.9,6.5,5,
嘉義,2024/08/24 00:00:00,O3,9.7,9.8,6,4.3,4.6,6.1,6.3,14.2,21.4,27.3,33.2,43.3,40.9,40.7,33.6,29.6,22.4,18.6,16.8,13.3,12.4,9.1,8.5,11.1,
嘉義,2024/08/24 00:00:00,PM10,16,17,12,16,20,19,18,14,16,17,12,21,15,27,9,7,11,9,14,10,16,21,20,19,
嘉義,2024/08/24 00:00:00,PM2.5,6,7,6,5,7,8,8,10,14,12,9,8,8,8,6,3,2,6,8,5,5,8,7,5,
嘉義,2024/08/24 00:00:00,RAINFALL,0,0,0,0,0,0,0,0,0,0,0,0,0,0.5,0,0.5,0,1,0,0,0,0,0,0,
嘉義,2024/08/24 00:00:00,RH,86,86,87,87,87,87,86,76,67,62,56,57,60,70,75,86,86,88,90,88,88,87,88,87,
嘉義,2024/08/24 00:00:00,SO2,1.4,2.6,1.4,0.9,0.8,0.9,0.8,1,1.4,1.5,1.3,1.2,1.2,1.1,1.1,1,1,1.1,1,1.1,1,1.1,1,0.9,
嘉義,2024/08/24 00:00:00,THC,2.01,1.94,2.11,2.05,2,2.02,2.08,1.92,1.81,1.82,1.86,1.93,1.88,1.88,1.87,1.89,1.94,2,2.06,2,2.02,2.01,2.08,2.01,
嘉義,2024/08/24 00:00:00,WD_HR,124,153,111,111,110,120,106,114,145,239,236,235,256,248,237,113,115,86,117,104,107,108,93,113,
嘉義,2024/08/24 00:00:00,WIND_DIREC,78,150,99,103,116,114,97,119,149,256,255,247,241,266,144,113,135,212,111,81,117,115,85,114,
嘉義,2024/08/24 00:00:00,WIND_SPEED,0.8,0.8,1.8,1.4,0.8,1.2,1.8,1.4,1.5,2,2.1,2,2.5,2.8,1.7,1.8,1,1.3,1,1.1,1.5,1,1.2,1.2,
嘉義,2024/08/24 00:00:00,WS_HR,0.7,0.4,1.2,1.5,1.1,0.7,1.5,1.3,0.6,1.1,1.7,1.8,2.1,2.3,2.4,1.6,1.3,0.8,0.5,1,1,1,1.2,0.9,
嘉義,2024/08/25 00:00:00,AMB_TEMP,26.6,26.4,26.5,26.2,26.1,26,26.4,28.1,29.6,30.7,32,32.9,33.3,32.6,32,33.4,33.1,32.2,30.9,30.4,29.7,29.3,29,28.6,
嘉義,2024/08/25 00:00:00,CH4,1.95,2,1.96,1.95,1.94,1.95,1.96,1.97,1.89,1.9,1.91,1.94,2,2,1.96,1.91,1.91,1.89,1.89,1.92,1.95,1.91,1.9,1.99,
嘉義,2024/08/25 00:00:00,CO,0.13,0.11,0.11,0.09,0.09,0.1,0.14,0.19,0.14,0.16,0.14,0.13,0.15,0.14,0.12,0.1,0.11,0.13,0.14,0.17,0.15,0.13,0.1,0.14,
嘉義,2024/08/25 00:00:00,NMHC,0.03,0.1,0,0,0,0.02,0.03,0.03,0,0,0,0,0,0,0,0,0,0,0,0,0,0,0,0,
嘉義,2024/08/25 00:00:00,NO,0.3,0.6,0.7,0.7,0.4,0.7,1,1.4,0.9,0.8,0.6,0.6,0.6,0.4,0.5,0.6,0.9,0.6,0.5,0.3,0.3,0,0.5,0.3,
嘉義,2024/08/25 00:00:00,NO2,3,2.2,1.8,0.9,1.1,1,2.2,2.6,1.8,2,1.7,1.2,1.4,1.6,1.3,1.1,1.4,1.7,2.8,5.5,4.5,3.7,2.5,2.3,
嘉義,2024/08/25 00:00:00,NOx,3.3,2.8,2.6,1.7,1.6,1.8,3.2,4.1,2.7,2.8,2.4,1.8,2.1,2.1,1.8,1.7,2.3,2.3,3.4,5.9,4.8,3.8,3,2.7,
嘉義,2024/08/25 00:00:00,O3,11.9,10.9,12.2,13.1,12.7,13.2,11.3,16.5,34.3,43.6,45.2,47,50.1,49,45.7,44,40.9,41.3,38.5,32.5,31,30.8,30.1,23.2,
嘉義,2024/08/25 00:00:00,PM10,11,19,11,16,16,13,15,15,10,8,18,12,17,19,14,11,13,18,12,19,19,18,13,11,
嘉義,2024/08/25 00:00:00,PM2.5,3,3,4,2,6,7,6,4,6,6,7,6,8,9,9,8,8,7,7,14,11,10,13,8,
嘉義,2024/08/25 00:00:00,RAINFALL,0,0,0,0,0,0,0,0,0,0,0,0,0,0,0,0,0,0,0,0,0,0,0,11.5,
嘉義,2024/08/25 00:00:00,RH,84,86,84,84,84,84,84,76,69,61,56,50,54,59,63,54,54,59,68,71,80,84,87,89,
嘉義,2024/08/25 00:00:00,SO2,0.9,1.2,1.1,1.2,1.1,1.1,1.1,1.3,1.5,1.6,1.9,1.8,1.8,1.9,1.5,1.5,1.6,1.6,1.6,2.1,1.7,1.5,1.5,1.5,
嘉義,2024/08/25 00:00:00,THC,1.98,2.1,1.96,1.95,1.92,1.97,1.99,2,1.87,1.89,1.9,1.92,1.98,1.97,1.94,1.89,1.89,1.87,1.87,1.92,1.93,1.88,1.87,1.98,
嘉義,2024/08/25 00:00:00,WD_HR,105,104,110,110,112,106,113,103,300,294,328,329,327,333,236,305,287,282,305,312,309,262,227,82,
嘉義,2024/08/25 00:00:00,WIND_DIREC,107,109,108,112,106,105,111,214,326,281,345,43,341,108,292,311,287,272,324,260,275,297,118,110,
嘉義,2024/08/25 00:00:00,WIND_SPEED,0.7,1.1,1,0.8,1.3,1.1,0.9,0.4,0.8,1.9,2.2,1.3,2.2,1.8,1.8,1.7,2,2.7,2.3,2,1.3,1,1,1.2,
嘉義,2024/08/25 00:00:00,WS_HR,1.1,1.2,0.9,1.2,1,1,0.7,0.4,0.3,1,1.4,1.2,1.7,1.4,1.1,1,1.6,2.1,2,1.4,1.3,0.9,0.7,0.7,
嘉義,2024/08/26 00:00:00,AMB_TEMP,27.4,27.6,27.5,27.5,27.4,27.3,27.8,28.3,29.7,30.5,31.8,32.4,32.7,32.9,31.9,30.1,28.2,28.5,28.5,28.2,28,28.2,27.9,27.5,
嘉義,2024/08/26 00:00:00,CH4,1.94,2,2.03,2.04,2.06,2.09,2.09,1.93,1.9,1.91,1.95,1.97,1.97,1.89,1.89,#,1.92,1.94,1.94,1.95,1.94,1.94,1.99,2.04,
嘉義,2024/08/26 00:00:00,CO,0.12,0.13,0.12,0.13,0.12,0.12,0.16,0.17,0.19,0.17,0.15,0.16,0.14,0.11,0.13,#,0.14,0.2,0.22,0.21,0.2,0.17,0.16,0.14,
嘉義,2024/08/26 00:00:00,NMHC,0,0.01,0,0.07,0.01,0,0.05,0.06,0.01,0.01,0,0,0,0,0,#,0,0.03,0.04,0.02,0.05,0.07,0.02,0.06,
嘉義,2024/08/26 00:00:00,NO,0.5,1.1,0.6,0.7,0.5,0.3,0.9,1.1,1.3,1.6,1,0.9,0.8,0.6,1,#,1.3,0.8,0.6,0.8,0.4,0.7,0.5,0.5,
嘉義,2024/08/26 00:00:00,NO2,1.9,3.1,2.6,2.4,2.4,2.7,3.7,2.9,3,4.1,3.2,3.6,2.7,1.9,4.3,#,4.3,6.1,7.5,6.7,5.7,5.3,4,4,
嘉義,2024/08/26 00:00:00,NOx,2.5,4.2,3.3,3.1,3,3.1,4.7,4,4.4,5.7,4.3,4.5,3.6,2.6,5.4,#,5.7,7,8.2,7.5,6.1,6,4.6,4.5,
嘉義,2024/08/26 00:00:00,O3,25.2,22,19.5,14.2,12.9,14.8,12,21.4,29.8,38,47.2,53.5,49.3,47.6,#,37,33.4,28.5,23.2,18.2,14.7,14.1,12.7,11.5,
嘉義,2024/08/26 00:00:00,PM10,13,13,13,16,11,14,18,15,14,22,15,20,17,12,9,#,16,16,16,15,18,13,17,23,
嘉義,2024/08/26 00:00:00,PM2.5,7,10,9,8,7,9,10,10,8,5,8,15,10,7,#,7,7,7,9,7,4,6,7,8,
嘉義,2024/08/26 00:00:00,RAINFALL,1.5,0,0,0,0,0,0,0,0,0,0,0,0,0,#,#,0,0,0,0,0,0,0,0,
嘉義,2024/08/26 00:00:00,RH,91,92,92,92,93,92,91,89,83,68,60,58,58,57,59,71,85,82,82,81,79,74,77,82,
嘉義,2024/08/26 00:00:00,SO2,1.3,1.2,1.4,1.2,1.2,1.5,1.2,1.3,1.3,1.5,1.8,1.8,1.5,1.3,1.3,#,1.3,1.3,1.2,1.2,1.3,1.1,1.3,1.4,
嘉義,2024/08/26 00:00:00,THC,1.92,2.01,2.03,2.11,2.07,2.09,2.14,1.99,1.91,1.92,1.95,1.97,1.97,1.88,1.89,#,1.92,1.97,1.98,1.97,1.99,2.01,2.01,2.1,
嘉義,2024/08/26 00:00:00,WD_HR,93,155,117,102,112,154,106,111,17,261,274,282,301,280,291,134,109,114,114,115,103,110,112,108,
嘉義,2024/08/26 00:00:00,WIND_DIREC,129,184,90,76,44,115,115,108,299,254,286,255,309,282,282,112,118,117,118,115,88,115,84,105,
嘉義,2024/08/26 00:00:00,WIND_SPEED,0.8,0.4,0.4,0.7,0.5,1,1.3,1.1,1.6,1.6,1.7,2.6,3.6,4,3.2,3,1.7,1.9,1.9,1.7,1.3,1.5,1.1,1.6,
嘉義,2024/08/26 00:00:00,WS_HR,0.3,0.3,0.4,0.6,0.2,0.3,1.1,1.1,0.3,1.2,1.2,1.5,2.5,3.4,3.2,0.4,1.7,1.7,1.6,1.5,1.3,1.1,1,1.5,
嘉義,2024/08/27 00:00:00,AMB_TEMP,27.3,26.9,26.7,26.5,26.3,26.2,26.6,28.1,29.5,30.6,31.6,32.8,33.3,33.5,33.4,33,32.6,31.7,30.3,29.5,29.3,29.2,29.2,29.1,
嘉義,2024/08/27 00:00:00,CH4,1.99,2.01,2.04,2.03,2.03,2,2,1.98,1.89,1.91,1.91,1.94,1.97,1.93,1.91,1.91,1.91,1.9,1.89,1.88,1.96,2.03,2.07,1.98,
嘉義,2024/08/27 00:00:00,CO,0.13,0.12,0.12,0.11,0.11,0.12,0.16,0.24,0.19,0.14,0.13,0.15,0.14,0.13,0.14,0.13,0.14,0.17,0.17,0.14,0.15,0.15,0.16,0.13,
嘉義,2024/08/27 00:00:00,NMHC,0.02,0.01,0.01,0,0,0,0.01,0.05,0.02,0.01,0,0.01,0,0,0.01,0,0,0,0,0,0,0,0.01,0,
嘉義,2024/08/27 00:00:00,NO,1,1.2,1.2,0.8,0.8,0.9,1.3,2.1,2.3,1.5,1.2,1.1,1.2,1.1,0.9,1,1,1.1,0.9,0.8,0.8,0.7,0.7,0.8,
嘉義,2024/08/27 00:00:00,NO2,2.2,3,2.5,2.6,2.2,2.8,3.6,4.7,4.5,2.7,2.2,2.3,2.8,2.6,2.6,2.2,2.5,3.3,4,4,4.2,4.7,4.1,3.5,
嘉義,2024/08/27 00:00:00,NOx,3.2,4.2,3.7,3.5,3,3.7,5,6.8,6.8,4.3,3.5,3.5,4,3.8,3.5,3.3,3.6,4.4,5,4.9,5.1,5.4,4.8,4.3,
嘉義,2024/08/27 00:00:00,O3,15.5,12.6,12.6,13.2,13.4,14.1,12.9,15.1,33.6,42.7,45.5,55.6,59.5,54.9,50.7,49.5,45.9,44.3,43,39,38.8,40.3,36.2,35.7,
嘉義,2024/08/27 00:00:00,PM10,21,20,15,23,18,20,17,24,16,16,12,11,21,14,12,13,23,11,12,18,15,19,16,9,
嘉義,2024/08/27 00:00:00,PM2.5,5,8,11,10,7,5,9,7,9,8,7,9,14,9,9,9,7,6,6,9,9,10,12,10,
嘉義,2024/08/27 00:00:00,RAINFALL,0,0,0,0,0,0,0,0,0,0,0,0,0,0,0,0,0,0,0,0,0,0,0,0,
嘉義,2024/08/27 00:00:00,RH,80,81,83,86,86,85,84,79,75,67,61,55,53,54,55,55,58,62,70,76,79,84,85,85,
嘉義,2024/08/27 00:00:00,SO2,1.2,1,1,1,1,0.9,1,1.1,1.4,1.4,1.2,1.3,1.5,1.4,1.2,1.2,1.2,1.3,1.3,1.2,1.3,1.4,1.5,1.7,
嘉義,2024/08/27 00:00:00,THC,2.01,2.02,2.05,2.03,2.02,2,2.01,2.03,1.91,1.92,1.91,1.95,1.97,1.92,1.92,1.91,1.9,1.9,1.89,1.88,1.95,2.02,2.08,1.98,
嘉義,2024/08/27 00:00:00,WD_HR,110,113,113,114,115,116,112,112,199,211,231,226,233,275,270,249,247,263,242,233,231,227,192,130,
嘉義,2024/08/27 00:00:00,WIND_DIREC,100,113,119,117,124,112,99,109,203,198,197,232,231,294,258,230,252,258,226,223,237,226,115,172,
嘉義,2024/08/27 00:00:00,WIND_SPEED,1.2,1.5,1.5,1.9,2.1,1.8,1.3,1.2,1.8,1.6,2.1,2.8,2.1,3.9,3.1,2.9,3.1,2,2.1,1.5,2.1,1.9,1.1,1,
嘉義,2024/08/27 00:00:00,WS_HR,1.1,1.4,1.4,1.4,1.7,1.6,1.3,1.2,0.8,1.3,1.8,2,1.8,1.9,2.6,2.3,2.8,2.3,2,2,1.7,1.5,0.8,0.6,
嘉義,2024/08/28 00:00:00,AMB_TEMP,28.6,28.4,28.2,28.1,27.9,27.6,27.8,29.2,30.5,31.5,32.4,33.4,33.5,33.5,33.5,33.1,33,32.1,30.9,30.4,30,29.9,29.6,29.7,
嘉義,2024/08/28 00:00:00,CH4,1.94,1.97,2.02,1.99,2.02,1.98,2.04,2.01,1.95,1.94,1.97,1.97,1.94,1.9,1.9,1.89,1.91,1.92,1.92,1.91,1.93,1.95,2.11,2.28,
嘉義,2024/08/28 00:00:00,CO,0.12,0.13,0.12,0.12,0.12,0.13,0.18,0.22,0.19,0.16,0.17,0.16,0.15,0.12,0.14,0.14,0.15,0.2,0.18,0.17,0.16,0.18,0.18,0.17,
嘉義,2024/08/28 00:00:00,NMHC,0,0,0,0.01,0.04,0.01,0.04,0.03,0.01,0,0,0,0,0,0,0,0,0,0,0,0,0,0,0,
嘉義,2024/08/28 00:00:00,NO,0.6,0.4,0.3,0.1,0.3,0.6,0.9,1.5,0.9,0.5,0.6,0.9,0.7,0.9,0.6,0.5,0.4,0.6,0.4,0.3,0.3,0.6,0.6,0.3,
嘉義,2024/08/28 00:00:00,NO2,2.6,2.7,2.7,2.5,2.5,2.6,4.1,5,4,2.4,2.6,2.5,2.4,1.8,2.3,2.5,2.8,3.6,4.1,3.6,3.6,4.4,5.2,4.7,
嘉義,2024/08/28 00:00:00,NOx,3.2,3.2,3.1,2.6,2.9,3.2,5,6.5,4.9,2.9,3.3,3.4,3.2,2.8,3,3,3.3,4.3,4.5,4,3.9,5.1,5.9,5,
嘉義,2024/08/28 00:00:00,O3,39.6,34,25.4,29,27.9,17.6,14,27.6,55.4,59.8,64.3,64.5,62,52.4,51.2,48.7,46.1,47.6,50.6,44.9,41.3,34.5,31.3,29.2,
嘉義,2024/08/28 00:00:00,PM10,17,17,11,16,22,22,22,22,21,20,21,23,25,14,16,21,14,20,24,20,20,24,24,24,
嘉義,2024/08/28 00:00:00,PM2.5,11,11,7,6,5,10,8,9,12,12,10,10,10,10,8,9,9,12,12,11,7,11,12,13,
嘉義,2024/08/28 00:00:00,RAINFALL,0,0,0,0,0,0,0,0,0,0,0,0,0,0,0,0,0,0,0,0,0,0,0,0,
嘉義,2024/08/28 00:00:00,RH,86,86,86,86,86,84,83,77,71,65,61,57,60,60,60,61,59,63,68,75,80,83,86,86,
嘉義,2024/08/28 00:00:00,SO2,1.7,1.4,1.2,1.5,1.3,1.1,1,1,1.4,1.3,1.2,1.2,1.4,1.3,1.4,1.5,1.3,1.2,1.2,1.2,1.2,1.2,1.3,1.2,
嘉義,2024/08/28 00:00:00,THC,1.93,1.96,2.02,2,2.06,1.99,2.08,2.04,1.96,1.94,1.97,1.97,1.93,1.88,1.89,1.88,1.9,1.92,1.91,1.89,1.92,1.95,2.1,2.27,
嘉義,2024/08/28 00:00:00,WD_HR,216,145,117,114,106,115,107,115,214,220,226,223,251,247,254,254,250,269,239,249,232,188,235,207,
嘉義,2024/08/28 00:00:00,WIND_DIREC,225,99,123,109,117,111,102,201,222,216,221,231,247,241,246,239,249,268,238,249,219,227,231,113,
嘉義,2024/08/28 00:00:00,WIND_SPEED,1.1,0.4,0.6,0.9,0.6,1.6,1.2,0.5,1.9,1.9,2.5,2.1,3.2,2.6,3,2.7,3.1,2.4,1.6,1.8,1.2,1.3,1.5,0.9,
嘉義,2024/08/28 00:00:00,WS_HR,0.8,0.5,0.4,0.6,0.6,1.2,0.9,0.5,1.1,1.4,2,2,2.9,2.7,2.6,2.5,2.6,2,1.7,1.5,1.5,0.6,1.5,0.7,
嘉義,2024/08/29 00:00:00,AMB_TEMP,29.5,29.4,29.4,29,28.8,28.5,29.1,29.9,31.3,32.6,33.2,34.3,34.7,34.3,34.2,32.8,27.8,27.3,27.6,27.8,27.6,27.2,27,27.2,
嘉義,2024/08/29 00:00:00,CH4,2.17,2.05,2.07,2.07,2.09,2.08,2.1,1.97,1.95,1.96,1.98,2,2.03,1.96,1.94,1.92,1.93,1.94,1.93,1.95,1.94,1.9,1.89,1.91,
嘉義,2024/08/29 00:00:00,CO,0.18,0.21,0.21,0.15,0.16,0.18,0.24,0.24,0.29,0.27,0.24,0.2,0.2,0.17,0.16,0.16,0.17,0.21,0.2,0.24,0.17,0.14,0.13,0.14,
嘉義,2024/08/29 00:00:00,NMHC,0,0,0.01,0.02,0.02,0.07,0.06,0.07,0.02,0.03,0.02,0,0.01,0,0,0,0.06,0.04,0.02,0.05,0.01,0,0.04,0.05,
嘉義,2024/08/29 00:00:00,NO,0.3,0.8,0.9,0.6,0.7,0.8,1,1.6,1.4,1,1,1,0.9,0.9,1.2,0.8,0.5,0.9,0.6,0.7,0.9,0.8,0.6,0.7,
嘉義,2024/08/29 00:00:00,NO2,4.6,3.3,2.8,2.9,2.6,3.6,4.8,5,3.9,3.6,3.3,2.6,2.4,2.1,2.1,2.2,2.8,5.1,4,5.9,3.7,1.9,2,2.2,
嘉義,2024/08/29 00:00:00,NOx,5,4.2,3.7,3.6,3.4,4.5,5.8,6.6,5.4,4.7,4.3,3.6,3.3,3,3.3,3.1,3.4,6,4.7,6.6,4.6,2.7,2.7,3,
嘉義,2024/08/29 00:00:00,O3,26.4,30.7,25.9,20,17.7,14.8,18.7,29,50.7,57.8,66.6,67.6,71.4,62.8,56.5,59.7,52.9,44.1,44.3,37.3,40,42.8,29.5,36.4,
嘉義,2024/08/29 00:00:00,PM10,22,21,16,24,22,25,20,28,32,30,37,29,38,31,24,19,2,11,13,8,15,7,5,4,
嘉義,2024/08/29 00:00:00,PM2.5,18,13,10,10,16,8,12,14,18,15,13,11,17,11,12,11,5,0,1,4,4,4,4,3,
嘉義,2024/08/29 00:00:00,RAINFALL,0,0,0,0,0,0,0,0,0,0,0,0,0,0,0,0,17.5,1.5,0,0,0.5,1,2.5,0,
嘉義,2024/08/29 00:00:00,RH,86,86,86,87,87,87,86,82,66,60,55,50,49,54,58,63,89,91,91,90,90,90,91,90,
嘉義,2024/08/29 00:00:00,SO2,2.1,1.9,1.6,1.1,1.1,1,1.3,1.4,1.8,2.1,2,1.6,1.5,1.3,1.2,1.3,1.1,1,0.9,0.9,1,1,1,1,
嘉義,2024/08/29 00:00:00,THC,2.17,2.05,2.08,2.09,2.11,2.15,2.16,2.04,1.97,1.99,2,2,2.04,1.95,1.93,1.91,1.99,1.98,1.95,2,1.95,1.89,1.93,1.96,
嘉義,2024/08/29 00:00:00,WD_HR,142,196,113,102,105,92,77,124,252,271,234,243,245,273,258,279,89,126,117,112,116,121,98,81,
嘉義,2024/08/29 00:00:00,WIND_DIREC,198,194,104,109,115,93,112,225,254,306,224,234,251,275,258,84,86,131,93,110,113,118,89,78,
嘉義,2024/08/29 00:00:00,WIND_SPEED,0.6,1,1.2,1,0.8,1,1.1,0.8,1.3,2,2,2.4,3.1,3.9,4.1,6.2,2.2,1.7,1.2,1.8,2.5,1.9,1.5,2.8,
嘉義,2024/08/29 00:00:00,WS_HR,0.4,0.7,0.8,0.8,0.7,0.9,1.2,0.4,0.8,1.3,1.2,1.3,2,2.3,3.7,1,3.1,1.1,1.3,1.3,1.9,1.6,1.4,2.3,
嘉義,2024/08/30 00:00:00,AMB_TEMP,27.4,27.6,27.5,27.3,27.4,27,27.3,28.8,30.9,32.2,32.4,33.7,34.1,33.9,34.5,34.7,34.3,33.3,32.2,31.4,30.8,30.3,29.5,29.3,
嘉義,2024/08/30 00:00:00,CH4,1.91,1.93,2.06,2.06,2.05,1.99,1.97,1.93,1.9,1.9,1.93,1.9,1.95,1.98,1.98,1.97,1.97,1.98,2.02,2.06,2.09,2.16,2.15,2.26,
嘉義,2024/08/30 00:00:00,CO,0.14,0.15,0.14,0.15,0.16,0.16,0.18,0.24,0.21,0.17,0.16,0.13,0.14,0.15,0.17,0.17,0.21,0.27,0.3,0.3,0.27,0.25,0.22,0.25,
嘉義,2024/08/30 00:00:00,NMHC,0.03,0.22,0,0.08,0.07,0.01,0.03,0.08,0.07,0.01,0,0,0,0,0,0,0.01,0.01,0.02,0.02,0.01,0.01,0,0.02,
嘉義,2024/08/30 00:00:00,NO,0.6,0,0,0,0,0,0.2,1.2,1,1.6,1.1,1.1,1.2,1,1,0.8,1,0.6,0.6,0.6,0.4,0.6,0.3,0.6,
嘉義,2024/08/30 00:00:00,NO2,1.5,4.1,2.3,3.3,3.3,3.1,3.7,4.8,4.7,4.5,4.4,2.9,2.9,3.8,4.1,4.4,5.1,5.7,7.4,6.6,6.5,6.5,4.7,5.5,
嘉義,2024/08/30 00:00:00,NOx,2.2,3.7,2.3,3.2,3.4,3,3.9,6,5.7,6.2,5.6,4.1,4.1,4.8,5.1,5.3,6.2,6.3,8,7.3,6.9,7.2,5.1,6.1,
嘉義,2024/08/30 00:00:00,O3,42.7,34.4,23.4,18.7,18.4,16.9,15.2,17.1,30.8,38,40.6,38.5,49.1,58.4,71.8,61.8,52.8,54.3,60.7,58,51.5,42.1,39.1,33.3,
嘉義,2024/08/30 00:00:00,PM10,7,8,23,18,19,23,15,20,12,9,12,7,8,19,21,20,21,22,32,42,35,38,24,21,
嘉義,2024/08/30 00:00:00,PM2.5,3,5,7,7,5,8,6,11,6,5,5,4,3,7,19,12,8,13,18,25,31,24,15,15,
嘉義,2024/08/30 00:00:00,RAINFALL,0,0,0,0,0,0,0,0,0,0,0,0,0,0,0,0,0,0,0,0,0,0,0,0,
嘉義,2024/08/30 00:00:00,RH,88,88,89,90,89,89,87,84,68,60,61,54,53,58,57,56,58,60,66,72,79,84,86,87,
嘉義,2024/08/30 00:00:00,SO2,0.9,0.7,0.8,0.9,1,0.9,0.9,1,1.1,1.1,1.5,1.2,1,1.4,2.2,2.3,1.5,1.6,1.7,1.6,1.5,1.5,1.3,1.2,
嘉義,2024/08/30 00:00:00,THC,1.94,2.15,2.05,2.14,2.12,2,2,2.01,1.97,1.91,1.93,1.89,1.94,1.97,1.98,1.97,1.98,1.99,2.04,2.08,2.1,2.17,2.15,2.28,
嘉義,2024/08/30 00:00:00,WD_HR,77,106,110,97,101,109,103,97,85,355,295,345,348,322,328,333,347,343,343,338,308,257,225,224,
嘉義,2024/08/30 00:00:00,WIND_DIREC,94,102,92,103,118,108,98,84,78,345,292,27,347,313,348,325,352,333,323,345,304,220,233,218,
嘉義,2024/08/30 00:00:00,WIND_SPEED,1.1,2.2,1,1.2,1.1,1.4,1.5,1.4,1.7,2.1,1.8,2.7,2.1,3.2,3.5,2.7,3.4,2.7,2.5,2.3,1.6,1.5,1.3,1.1,
嘉義,2024/08/30 00:00:00,WS_HR,1.6,1.2,1.2,1.2,0.9,1.2,1.1,1.2,0.9,1.2,1.6,1.6,1.4,1.8,2.4,2.6,2.7,2.7,2.2,1.7,1.4,1.1,1.2,1.1,
嘉義,2024/08/31 00:00:00,AMB_TEMP,29.2,29,28.9,28.9,29,28.9,28.9,29.6,30.6,32.1,33,33.9,34.6,34.8,34.7,34.9,34.3,33.4,31.8,30.6,29.9,29.8,29.1,29,
嘉義,2024/08/31 00:00:00,CH4,2.27,2.11,2.12,2.14,2.19,2.16,2.14,2.15,2.07,2.02,2.02,2,1.99,2,1.98,1.95,1.95,1.96,1.98,1.97,1.93,1.96,2.02,2.04,
嘉義,2024/08/31 00:00:00,CO,0.22,0.2,0.19,0.21,0.21,0.22,0.25,0.27,0.27,0.24,0.32,0.39,0.33,0.23,0.21,0.17,0.16,0.18,0.21,0.18,0.17,0.2,0.22,0.2,
嘉義,2024/08/31 00:00:00,NMHC,0,0,0.01,0.13,0.04,0.13,0.05,0.07,0.04,0.03,0.02,0.02,0.01,0,0,0,0,0,0.01,0,0,0.03,0.03,0.02,
嘉義,2024/08/31 00:00:00,NO,0.4,0,0,#,#,0,0,0.6,0.6,0.2,0.1,0.1,0.1,0,0,0.4,0.3,0.3,0,0,0,0,0,0,
嘉義,2024/08/31 00:00:00,NO2,5.1,3.6,3.3,*,*,7,4.9,5.5,4.6,3.7,3.9,4.4,3.5,3,3,2.7,2.7,3,5.5,3.7,2.5,3.7,5,4.6,
嘉義,2024/08/31 00:00:00,NOx,5.5,3.5,2.9,*,*,6.9,4.8,6.2,5.3,3.9,4.1,4.6,3.7,2.9,3,3.1,3.1,3.3,5.5,3.4,2.2,3.5,5.1,4.5,
嘉義,2024/08/31 00:00:00,O3,29,34.4,32.3,25.7,28.2,25.9,30.3,31.6,38.3,46.2,61.6,73.8,76.3,73.2,66.9,52.3,41.9,38.3,40,49.3,52.4,43.7,34.3,27.8,
嘉義,2024/08/31 00:00:00,PM10,23,32,28,32,35,35,34,39,35,26,31,33,33,37,34,19,22,23,21,8,9,7,15,19,
嘉義,2024/08/31 00:00:00,PM2.5,16,18,14,17,19,23,23,28,23,14,20,22,23,19,16,11,10,10,13,8,3,0,1,7,
嘉義,2024/08/31 00:00:00,RAINFALL,0,0,0,0,0,0,0,0,0,0,0,0,0,0,0,0,0,0,0,0,0,0,0,0,
嘉義,2024/08/31 00:00:00,RH,87,87,87,88,87,88,88,86,82,65,61,58,54,56,55,48,48,52,65,64,59,62,68,73,
嘉義,2024/08/31 00:00:00,SO2,1.4,1.7,1.2,1.7,1.6,1.9,1.6,1.8,1.6,1.1,1.6,2.1,2,1.6,1.4,1.2,1.2,1.1,1.2,1,0.8,0.8,0.9,0.9,
嘉義,2024/08/31 00:00:00,THC,2.27,2.1,2.13,2.27,2.23,2.29,2.19,2.22,2.11,2.05,2.04,2.02,2,2,1.97,1.95,1.95,1.96,1.99,1.97,1.93,1.99,2.05,2.06,
嘉義,2024/08/31 00:00:00,WD_HR,167,210,159,88,34,38,30,29,5,22,355,333,329,327,331,347,336,322,251,119,91,110,142,111,
嘉義,2024/08/31 00:00:00,WIND_DIREC,167,220,88,64,17,52,20,0,24,331,356,329,331,337,340,346,323,321,229,98,76,121,115,112,
嘉義,2024/08/31 00:00:00,WIND_SPEED,0.5,0.6,0.8,0.8,0.9,1.7,2,2.3,2.4,1.9,1.9,1.6,2.3,3.2,3.7,3.1,2.9,1.8,2.8,2.1,1.4,1,0.9,0.7,
嘉義,2024/08/31 00:00:00,WS_HR,0.4,0.5,0.3,0.7,0.9,1.1,1.5,1.7,2.1,1.5,1.3,1.5,2.1,2.8,3.2,3,2.6,2,1.7,1.3,1.2,0.7,0.4,0.8,
嘉義,2024/09/01 00:00:00,AMB_TEMP,28.8,28.4,28.3,28.5,28.3,27.6,27.7,28.7,30.3,31.5,32,32.7,32.9,33,33.4,31.3,26.7,27.1,27.4,27.8,27.8,27.6,27.5,27.3,
嘉義,2024/09/01 00:00:00,CH4,2.06,1.99,2,2.06,2.06,2.06,2.01,2.04,2.04,2.05,2.06,2.03,2.02,2,1.95,1.95,1.98,2,1.98,2.03,2.09,2.1,2.12,2.1,
嘉義,2024/09/01 00:00:00,CO,0.19,0.16,0.16,0.18,0.17,0.17,0.18,0.23,0.26,0.27,0.25,0.24,0.25,0.22,0.2,0.19,0.21,0.26,0.28,0.29,0.28,0.25,0.27,0.24,
嘉義,2024/09/01 00:00:00,NMHC,0.04,0,0,0.06,0.01,0.02,0.01,0.02,0.04,0.03,0.01,0,0,0,0,0,0,0.06,0.07,0.04,0.05,0.02,0.06,0.01,
嘉義,2024/09/01 00:00:00,NO,0,0.8,0.7,0.6,0.9,0.8,0.9,1.6,1.2,1.2,0.8,0.8,0.8,0.7,1.1,0.7,0.6,0.7,0.7,0.7,0.7,0.5,0.9,0.6,
嘉義,2024/09/01 00:00:00,NO2,4.5,2.5,2.1,3.2,3,2.9,2.4,3.9,3.8,3.6,3.2,2.7,2.8,2.3,1.6,2,2.5,5.8,4.6,5.6,5.5,4.5,4.8,4,
嘉義,2024/09/01 00:00:00,NOx,4.5,3.3,2.9,3.9,3.9,3.8,3.3,5.6,5,4.8,4.1,3.5,3.6,3,2.7,2.7,3.2,6.5,5.4,6.3,6.3,5,5.7,4.7,
嘉義,2024/09/01 00:00:00,O3,21.9,23.1,22.2,21.3,20.3,19.1,20.2,21,35,49.9,60.3,65.1,68.9,62.4,58.1,54.1,58.5,50.3,45.1,34.1,25.7,20.4,16.2,19.8,
嘉義,2024/09/01 00:00:00,PM10,17,18,20,24,23,19,24,23,26,33,33,32,40,31,25,25,7,11,18,21,27,26,28,24,
嘉義,2024/09/01 00:00:00,PM2.5,6,5,6,6,5,8,8,9,18,19,20,23,19,21,18,17,7,11,12,11,13,9,12,12,
嘉義,2024/09/01 00:00:00,RAINFALL,0,0,0,0,0,0,0,0,0,0,0,0,0,0,0,11.5,66.5,0.5,0,0,0,0,0,0,
嘉義,2024/09/01 00:00:00,RH,76,76,74,74,77,76,71,71,70,68,66,62,60,63,62,75,92,93,92,91,91,91,91,91,
嘉義,2024/09/01 00:00:00,SO2,0.8,1.1,1.1,1.1,1.2,1.3,1.3,1.3,1.6,2,2,1.8,1.9,1.8,1.6,1.5,1.2,1.1,1.1,1.1,1.1,1.1,1.1,1.1,
嘉義,2024/09/01 00:00:00,THC,2.1,1.99,2,2.12,2.07,2.08,2.02,2.06,2.08,2.08,2.07,2.03,2.01,1.98,1.93,1.92,1.97,2.06,2.05,2.07,2.14,2.12,2.18,2.11,
嘉義,2024/09/01 00:00:00,WD_HR,105,115,113,94,129,126,118,102,188,312,322,287,248,260,294,277,279,94,98,103,104,105,109,115,
嘉義,2024/09/01 00:00:00,WIND_DIREC,108,120,96,78,195,120,113,78,244,266,33,300,235,292,304,204,64,104,105,102,108,105,115,110,
嘉義,2024/09/01 00:00:00,WIND_SPEED,0.8,1.2,0.6,1.3,0.9,0.8,1.1,0.9,1.1,1.4,1.4,2.5,3,2.8,4,3.4,1.3,2.2,1.5,1.8,1.4,1.5,0.7,0.9,
嘉義,2024/09/01 00:00:00,WS_HR,0.8,1,0.7,1.2,0.6,0.7,1.1,0.9,0.4,0.7,1.1,0.9,1.3,1.8,2.3,1.5,1.4,1.8,1.4,1.7,1.5,1.5,0.8,0.6,
嘉義,2024/09/02 00:00:00,AMB_TEMP,27.3,27.1,27.1,27,26.7,26.7,26.9,27.8,29.8,31.1,32.1,32.9,34.1,34.3,34,33.3,32.9,32.4,31.6,31.2,30.6,29.4,29.2,29.1,
嘉義,2024/09/02 00:00:00,CH4,2.12,2.12,2.06,2.03,2.07,2.05,2.14,2.08,1.99,1.97,1.98,1.99,1.99,2.05,2.07,2.02,2.01,2,2.02,2.11,2.14,2.13,2.15,2.16,
嘉義,2024/09/02 00:00:00,CO,0.25,0.19,0.18,0.18,0.18,0.19,0.25,0.3,0.3,0.28,0.24,0.22,0.19,0.23,0.33,0.29,0.28,0.28,0.29,0.29,0.28,0.26,0.23,0.22,
嘉義,2024/09/02 00:00:00,NMHC,0.08,0.02,0,0,0.02,0,0.07,0.06,0.04,0.02,0,0,0,0.01,0.02,0.01,0,0.01,0.01,0.01,0.01,0,0,0,
嘉義,2024/09/02 00:00:00,NO,0.8,1.1,0.8,1,0.8,1,1.1,2,2,1.2,1.2,1.1,0.9,1.1,1.2,1.2,1.5,1.3,1,1.2,1.1,1,1.1,1.1,
嘉義,2024/09/02 00:00:00,NO2,3.9,2.9,2.3,2.3,2,2.4,4.4,5.8,5.5,4.2,3.7,2.6,2,2.5,4.5,5.7,5.6,5.1,6.4,7.1,6.5,5.2,3.6,2.8,
嘉義,2024/09/02 00:00:00,NOx,4.7,4,3.2,3.4,2.8,3.4,5.6,7.9,7.6,5.4,4.9,3.7,3,3.6,5.7,6.9,7.2,6.5,7.5,8.3,7.6,6.2,4.7,3.9,
嘉義,2024/09/02 00:00:00,O3,18.1,17.1,15.8,14.9,17.8,16.9,14.5,21.3,38.7,58.1,62.4,66,62.2,69.5,81.7,72.8,54.3,50.2,45.9,43,39.8,34.2,34.8,33.1,
嘉義,2024/09/02 00:00:00,PM10,25,32,28,25,38,27,40,33,24,29,32,25,19,34,41,42,35,30,31,35,40,36,29,30,
嘉義,2024/09/02 00:00:00,PM2.5,12,9,11,11,18,12,18,15,15,17,17,14,13,20,31,31,20,17,19,22,22,21,19,20,
嘉義,2024/09/02 00:00:00,RAINFALL,0,0,0,0,0,0,0,0,0,0,0,0,0,0,0,0,0,0,0,0,0,0,0,0,
嘉義,2024/09/02 00:00:00,RH,91,90,89,89,89,88,88,86,78,69,65,60,51,56,61,65,66,69,74,76,81,89,90,90,
嘉義,2024/09/02 00:00:00,SO2,1.2,1.3,1.2,1,1.1,1.1,1.1,1.2,1.4,1.6,1.8,1.7,1.5,1.8,2.9,3.4,1.9,1.5,1.5,1.6,1.8,1.4,1.2,1.4,
嘉義,2024/09/02 00:00:00,THC,2.2,2.14,2.05,2.03,2.09,2.04,2.21,2.14,2.03,1.99,1.98,1.99,1.97,2.06,2.09,2.03,2.01,2.01,2.03,2.12,2.15,2.12,2.14,2.14,
嘉義,2024/09/02 00:00:00,WD_HR,107,111,113,113,107,112,108,106,178,237,235,244,241,268,327,331,334,342,359,318,248,215,222,210,
嘉義,2024/09/02 00:00:00,WIND_DIREC,109,115,115,116,112,105,117,108,255,253,229,224,244,291,356,342,337,349,356,304,185,235,205,173,
嘉義,2024/09/02 00:00:00,WIND_SPEED,1.2,1.2,1.2,1.3,1.3,1.5,1.5,1.4,1.3,1.7,1.9,2.1,1.8,3.2,3,3.2,2.8,2.5,2,1.6,1.1,1.7,1.2,0.9,
嘉義,2024/09/02 00:00:00,WS_HR,1.1,1.2,1.2,1,1.3,1.2,1.4,1.4,0.3,1.3,1.3,1.9,1.6,2,3,2.8,2.9,2.2,1.8,1.4,0.6,1.2,1.3,1,
嘉義,2024/09/03 00:00:00,AMB_TEMP,29.1,29.1,29.1,28.9,28.8,28.8,28.6,29.3,30.4,32.2,32.7,33.6,34.5,35.4,35,34.3,33.4,33,30.8,29.5,28.8,28.9,28.7,28.7,
嘉義,2024/09/03 00:00:00,CH4,2.23,2.12,2.14,2.15,2.24,2.15,2.2,2.19,2.1,2.02,2.06,2.07,2.07,2.04,2.08,2.07,2.04,2.02,2.08,2.13,2.1,2.17,2.11,2.09,
嘉義,2024/09/03 00:00:00,CO,0.22,0.22,0.21,0.21,0.21,0.23,0.27,0.34,0.3,0.29,0.3,0.26,0.25,0.24,0.36,0.35,0.32,0.3,0.28,0.29,0.25,0.36,0.33,0.25,
嘉義,2024/09/03 00:00:00,NMHC,0,0,0,0,0,0.01,0.02,0.04,0.03,0.03,0.04,0.02,0.01,0,0.03,0.02,0.03,0.03,0.02,0.03,0.01,0.04,0.02,0,
嘉義,2024/09/03 00:00:00,NO,0.9,0,0,0,0.1,0,0,0.7,1,0.3,0.2,0.3,0.6,0.2,#,0.6,0.4,0.4,0.4,0.3,0.4,0.5,0.5,0.3,
嘉義,2024/09/03 00:00:00,NO2,2.8,3.7,2.8,2.6,2.8,3.5,4.7,5.8,5.5,4.4,5,4.5,3.6,2.7,#,5.3,6.5,6.8,7,6.4,4.6,4.8,4.3,3.3,
嘉義,2024/09/03 00:00:00,NOx,3.8,3.5,2.5,2.3,2.9,3.3,4.6,6.6,6.6,4.7,5.3,4.9,4.2,2.9,#,6,7,7.3,7.5,6.8,5,5.3,4.8,3.6,
嘉義,2024/09/03 00:00:00,O3,27.8,25.8,25.5,23.1,28.6,29.4,27.5,29.4,38.4,53.2,66.5,64.5,71.1,75.8,91.7,92.9,74.8,64.9,51.9,45.4,49.4,41.3,39.6,41.3,
嘉義,2024/09/03 00:00:00,PM10,27,26,32,35,31,36,38,37,35,30,33,32,33,27,#,63,73,58,33,37,19,23,21,17,
嘉義,2024/09/03 00:00:00,PM2.5,17,16,19,15,22,21,21,28,21,18,18,20,18,18,#,27,23,17,17,14,11,13,14,10,
嘉義,2024/09/03 00:00:00,RAINFALL,0,0,0,0,0,0,0,0,0,0,0,0,0,0,0,0,0,0,0,0,0,0,0,0,
嘉義,2024/09/03 00:00:00,RH,90,90,89,89,89,89,89,88,84,66,62,58,53,49,56,58,58,59,77,87,86,86,87,86,
嘉義,2024/09/03 00:00:00,SO2,1.3,1.4,1.6,1.3,1.4,1.6,1.5,1.7,1.7,1.6,1.7,2.1,1.8,1.7,2.3,2.4,2,2.2,1.7,1.4,1.3,1.9,2.1,1.7,
嘉義,2024/09/03 00:00:00,THC,2.21,2.11,2.14,2.15,2.23,2.16,2.22,2.23,2.13,2.05,2.1,2.09,2.08,2.03,2.11,2.09,2.07,2.05,2.1,2.16,2.11,2.21,2.13,2.09,
嘉義,2024/09/03 00:00:00,WD_HR,139,120,118,127,182,148,206,210,80,21,18,347,352,6,346,333,337,338,232,230,223,203,213,217,
嘉義,2024/09/03 00:00:00,WIND_DIREC,122,138,144,179,175,132,117,161,62,327,329,8,340,339,344,319,335,298,221,228,201,209,221,185,
嘉義,2024/09/03 00:00:00,WIND_SPEED,0.6,0.6,0.7,0.6,0.5,0.4,0.8,0.5,0.8,1,2.2,1.9,2.9,2,3.5,4,2.5,2,1.6,2.8,1.5,1.7,1.9,1.2,
嘉義,2024/09/03 00:00:00,WS_HR,0.3,0.4,0.5,0.4,0.3,0.3,0.2,0.4,0.3,0.4,0.6,1.9,2,1.6,2.5,3.4,3,1.9,1.9,2.2,2.1,1.1,1.4,1.2,
嘉義,2024/09/04 00:00:00,AMB_TEMP,29.1,29.1,28.8,29,29.4,29.1,29.2,30.4,31.7,32.3,33.2,34.5,35,35,34.3,28.8,27.3,28.4,28.6,28.5,28.4,28.4,28.4,28.1,
嘉義,2024/09/04 00:00:00,CH4,2.11,2.14,2.13,2.13,2.17,2.06,2.06,2.03,2,2.02,2.02,2.01,2.03,2.07,2.09,2.01,1.95,1.95,2,2.03,2.21,2.15,2.18,2.4,
嘉義,2024/09/04 00:00:00,CO,0.25,0.23,0.22,0.22,0.24,0.22,0.25,0.34,0.27,0.23,0.23,0.27,0.24,0.24,0.27,0.23,0.26,0.25,0.4,0.48,0.38,0.38,0.36,0.44,
嘉義,2024/09/04 00:00:00,NMHC,0,0.02,0,0.12,0.07,0.02,0.07,0.1,0.03,0,0.01,0.03,0.01,0.01,0.01,0,0.04,0.04,0.07,0.09,0.06,0.06,0.05,0.07,
嘉義,2024/09/04 00:00:00,NO,0.2,0.3,0.4,0.2,0.3,0.4,0.6,1.2,0.7,0.5,0.8,0.7,0.1,0.3,0.3,0.5,0.9,0.7,0.5,0.2,0.3,0.4,0.4,0.4,
嘉義,2024/09/04 00:00:00,NO2,3.5,3.1,2.6,3.4,3.7,3,3.8,5.7,4.5,3.6,3.6,4.8,3.4,3.9,3.9,4.1,6,7.1,10,13.1,11.2,9.3,5.9,5.3,
嘉義,2024/09/04 00:00:00,NOx,3.7,3.5,3,3.7,4.1,3.5,4.4,7,5.3,4.1,4.4,5.5,3.5,4.2,4.2,4.6,6.9,7.8,10.5,13.4,11.6,9.7,6.3,5.8,
嘉義,2024/09/04 00:00:00,O3,37.8,31,23.9,22.4,26.2,23,19.8,39.1,59.3,60.6,66.4,73.2,77,82.9,80.1,62.2,39.1,36.8,35.2,28.7,22.1,23.9,33.1,27.2,
嘉義,2024/09/04 00:00:00,PM10,26,30,30,35,25,27,23,37,22,24,30,27,31,40,44,28,18,15,23,28,25,41,34,33,
嘉義,2024/09/04 00:00:00,PM2.5,18,16,15,16,16,9,14,18,18,15,17,15,17,15,21,19,14,12,16,19,21,24,19,21,
嘉義,2024/09/04 00:00:00,RAINFALL,0,0,0,0,0,0,0,0,0,0,0,0,0,0,0,19.5,0,0,0,0,0,0,0,0,
嘉義,2024/09/04 00:00:00,RH,85,85,85,85,84,84,83,76,62,60,58,51,50,52,57,87,92,89,89,90,90,90,90,90,
嘉義,2024/09/04 00:00:00,SO2,2.1,1.2,0.9,1,1,1,0.9,1.2,1.4,1.4,1.5,1.8,1.8,2.2,1.8,1.1,1,1,1.3,1.2,1.4,1.7,1.3,1.5,
嘉義,2024/09/04 00:00:00,THC,2.11,2.16,2.13,2.25,2.24,2.08,2.13,2.13,2.03,2.02,2.03,2.04,2.04,2.08,2.1,2.01,1.99,1.99,2.07,2.12,2.27,2.21,2.23,2.47,
嘉義,2024/09/04 00:00:00,WD_HR,132,107,105,94,88,109,107,60,16,312,324,19,349,332,334,244,250,118,141,190,141,145,203,199,
嘉義,2024/09/04 00:00:00,WIND_DIREC,120,114,88,108,117,123,108,56,358,307,317,26,335,331,337,235,107,115,177,180,137,103,215,183,
嘉義,2024/09/04 00:00:00,WIND_SPEED,1,1.1,1.1,0.7,0.5,0.9,1,1.5,2.2,2.1,2.4,3.2,3.5,3.4,3.6,4.3,1.4,1.3,0.8,0.8,1.1,0.8,1.7,1.1,
嘉義,2024/09/04 00:00:00,WS_HR,0.7,0.8,0.8,0.9,0.8,0.6,1,1.3,1.4,2.1,1.7,2,2.4,2.6,2.8,1.7,0.6,0.7,0.3,0.5,0.5,0.4,0.8,1,
嘉義,2024/09/05 00:00:00,AMB_TEMP,28,27.7,27.6,27.9,27.9,28.3,28.4,29,29.7,30.8,31.5,32.7,33.6,34,33.7,26.1,25.9,26.6,27.2,27.8,27.6,27.3,27.3,27.6,
嘉義,2024/09/05 00:00:00,CH4,2.39,2.32,2.3,2.23,2.17,2.1,2.08,2.09,2.01,2,1.97,1.94,1.93,1.89,1.9,1.92,1.93,1.93,1.95,1.99,2.07,2.01,2.04,2.44,
嘉義,2024/09/05 00:00:00,CO,0.39,0.38,0.24,0.25,0.22,0.23,0.28,0.48,0.32,0.24,0.22,0.19,0.18,0.14,0.14,0.12,0.17,0.2,0.23,0.42,0.43,0.29,0.27,0.44,
嘉義,2024/09/05 00:00:00,NMHC,0.05,0.06,0,0.03,0.02,0.06,0.05,0.23,0.07,0.04,0,0,0,0,0,0,0.02,0.03,0.03,0.15,0.12,0.07,0.12,0.19,
嘉義,2024/09/05 00:00:00,NO,0.3,1,0.8,0.7,0.6,0.6,0.8,1.7,1.8,2.7,1.8,1.4,1,1,1,0.9,1,0.8,0.6,0.9,1.7,1,0.9,3.1,
嘉義,2024/09/05 00:00:00,NO2,4.5,4.4,3.3,3.9,3.6,3.8,5.2,8.9,8.8,7.3,4.9,4.1,3.2,2.9,3.1,4.2,5.7,7.3,8.1,12.4,16.1,10.5,8.2,16.9,
嘉義,2024/09/05 00:00:00,NOx,4.9,5.4,4.1,4.6,4.2,4.4,6.1,10.7,10.6,10,6.8,5.5,4.2,3.9,4.1,5.1,6.7,8.2,8.8,13.3,17.8,11.5,9.1,20,
嘉義,2024/09/05 00:00:00,O3,26.5,28,27.9,21.8,19.6,24.7,18.4,17,24.9,27.3,34.4,45.9,49.6,44.1,40.2,34.5,29,23.9,18,10.6,5.7,7.5,8.2,1.6,
嘉義,2024/09/05 00:00:00,PM10,30,29,29,38,27,32,29,32,32,22,21,21,23,16,16,4,5,7,8,21,18,17,12,19,
嘉義,2024/09/05 00:00:00,PM2.5,16,21,17,21,16,17,15,18,13,14,10,10,9,5,7,2,0,0,1,2,5,3,3,8,
嘉義,2024/09/05 00:00:00,RAINFALL,0,0,0,0,0,0,0,0,0,0,0,0,0,0,0,13,0,0,0,0,1,0,0,0,
嘉義,2024/09/05 00:00:00,RH,90,91,91,90,89,88,87,87,86,80,72,64,60,57,55,89,93,92,91,89,91,92,92,92,
嘉義,2024/09/05 00:00:00,SO2,1.5,1.7,1.1,1.2,0.8,0.9,0.9,1,9.2,4.3,1.6,1.3,1.2,1.1,1,0.9,0.8,0.8,0.8,0.8,0.9,0.7,0.8,1.7,
嘉義,2024/09/05 00:00:00,THC,2.44,2.38,2.28,2.26,2.19,2.16,2.13,2.32,2.08,2.04,1.97,1.94,1.92,1.88,1.89,1.9,1.95,1.96,1.98,2.14,2.19,2.08,2.16,2.63,
嘉義,2024/09/05 00:00:00,WD_HR,188,203,161,110,107,107,113,77,22,1,317,310,309,315,299,223,146,106,100,66,192,107,186,217,
嘉義,2024/09/05 00:00:00,WIND_DIREC,169,206,100,110,100,120,179,4,38,330,330,346,308,344,216,229,58,117,95,196,112,71,273,154,
嘉義,2024/09/05 00:00:00,WIND_SPEED,1,1.6,1.5,1.3,1.5,0.9,0.9,1.4,2,2.2,1.9,2.2,2.9,3.3,4.7,3,1.2,1.4,1.1,0.7,1.4,0.9,0.7,0.6,
嘉義,2024/09/05 00:00:00,WS_HR,0.6,0.9,0.7,1.1,1.1,1,0.8,0.6,1.1,1.6,1.6,1.3,1.8,2.3,2.2,2.9,0.8,1.3,1.3,0.5,0.6,0.8,0.1,0.1,
嘉義,2024/09/06 00:00:00,AMB_TEMP,26.6,26.5,26.4,26.4,26.2,26.2,26.7,28.1,30.2,31.8,32.9,33.8,34.4,34.3,32.3,27.7,28.3,28.2,27.1,27.2,26.9,27.2,27.2,27.6,
嘉義,2024/09/06 00:00:00,CH4,2.32,2.71,2.16,2.15,2.12,2.08,2.09,2.01,1.95,1.93,1.9,1.98,2.01,1.97,1.89,1.9,1.91,2.01,1.92,1.92,#,1.92,1.96,2.03,
嘉義,2024/09/06 00:00:00,CO,0.26,0.2,0.15,0.14,0.13,0.15,0.22,0.32,0.34,0.22,0.19,0.19,0.17,0.17,0.15,#,0.24,0.25,0.14,0.15,0.14,0.19,0.19,0.24,
嘉義,2024/09/06 00:00:00,NMHC,0.07,0.01,0,0.02,0.03,0.01,0.07,0.06,0.08,0.03,0.02,0.01,0,0.02,0,0.02,0.02,0.03,0,0,#,0.04,0.02,0.03,
嘉義,2024/09/06 00:00:00,NO,2.7,0.7,0.6,0.6,0.6,0.6,1.6,3.5,3.3,1.9,1.3,0.9,#,#,0.6,#,1,1,0.8,0.5,0.6,0.5,0.4,0.4,
嘉義,2024/09/06 00:00:00,NO2,7.9,5.5,4.1,3.4,3.3,4.2,6.1,6.5,8.3,6.1,4.6,3.8,#,#,3.8,#,7.6,8.7,3.9,3.5,3.8,4,4.2,5.9,
嘉義,2024/09/06 00:00:00,NOx,10.6,6.2,4.8,4,4,4.8,7.7,10.1,11.7,8.1,5.9,4.8,#,#,4.4,#,8.6,9.8,4.7,4.1,4.4,4.6,4.7,6.4,
嘉義,2024/09/06 00:00:00,O3,3.8,4,6.4,7.1,7.8,8.1,7.2,13.9,30.7,40.8,50.2,57.9,65.7,#,45.3,37.4,29.8,#,#,#,30.4,26.1,20.3,15.9,
嘉義,2024/09/06 00:00:00,PM10,23,20,19,17,20,22,24,21,21,16,20,20,19,21,18,14,9,16,12,8,5,8,15,14,
嘉義,2024/09/06 00:00:00,PM2.5,5,3,5,4,2,7,7,7,8,8,7,8,12,12,8,9,6,5,5,3,5,5,7,7,
嘉義,2024/09/06 00:00:00,RAINFALL,0,0,0,0,0,0,0,0,0,0,0,0,0,0,3,3.5,0,0,0,0.5,0,0,0,0,
嘉義,2024/09/06 00:00:00,RH,93,93,93,92,90,89,89,85,72,64,61,58,56,56,63,91,89,89,89,90,91,90,91,89,
嘉義,2024/09/06 00:00:00,SO2,1.3,1.7,1.5,1.2,0.9,0.8,0.9,1.4,1.7,2.5,3.3,2.6,2.4,#,#,#,1,1.2,1,0.8,1.4,1.1,0.9,0.9,
嘉義,2024/09/06 00:00:00,THC,2.39,2.72,2.16,2.17,2.15,2.09,2.16,2.07,2.03,1.96,1.92,1.99,2,1.99,1.88,1.92,1.93,2.04,1.88,1.89,#,1.96,1.98,2.06,
嘉義,2024/09/06 00:00:00,WD_HR,211,138,120,104,111,112,105,100,45,341,343,338,318,321,349,112,126,222,223,201,157,106,82,354,
嘉義,2024/09/06 00:00:00,WIND_DIREC,195,111,130,100,117,105,104,72,30,358,349,337,335,311,123,107,239,225,229,171,103,157,70,345,
嘉義,2024/09/06 00:00:00,WIND_SPEED,0.7,0.8,0.5,1.1,1.2,1.1,0.9,0.6,1.5,2.2,2.7,2.5,3.4,4.6,2.8,1.8,1,2.8,3.2,0.9,1.2,0.8,1.5,1.6,
嘉義,2024/09/06 00:00:00,WS_HR,0.8,0.5,0.6,0.7,1,0.6,1,0.7,0.6,1.1,1.9,2,2.4,3.2,1,1.4,0.8,1.6,3.1,0.9,0.6,0.9,1.2,0.9,
嘉義,2024/09/07 00:00:00,AMB_TEMP,27.6,26.9,26.7,27.2,27,27.1,27.5,28,28.8,29.7,30.7,31,31.4,32.4,31.7,31.4,31.1,29.6,28.6,28.6,27.9,27.3,27.3,27.5,
嘉義,2024/09/07 00:00:00,CH4,2.11,2.33,2.09,2.1,2.19,2.19,2.2,2.11,1.99,1.88,1.85,1.83,1.82,1.82,1.84,1.83,1.86,1.86,1.87,1.88,1.95,1.94,1.89,1.93,
嘉義,2024/09/07 00:00:00,CO,0.21,0.18,0.14,0.16,0.16,0.17,0.25,0.22,0.19,0.14,0.12,0.13,0.11,0.11,0.12,0.13,0.17,0.17,0.21,0.21,0.17,0.14,0.13,0.16,
嘉義,2024/09/07 00:00:00,NMHC,0.09,0.02,0,0.04,0.03,0.04,0.09,0.04,0.02,0,0,0,0,0,0,0,0,0,0.01,0.01,0,0,0,0.02,
嘉義,2024/09/07 00:00:00,NO,0.7,0.7,0.6,0.4,0.4,0.3,0.7,2.2,1.7,1.5,1,0.8,0.8,0.8,0.6,0.7,0.6,0.7,0.8,0.6,0.3,0.4,0.5,0.6,
嘉義,2024/09/07 00:00:00,NO2,7.5,8.7,4.9,5.2,4.8,4.5,6.1,5.3,4.2,3,1.8,1.8,1.1,1.3,1.4,2.1,3.6,4.5,4.2,5.4,4.9,3.4,2.9,3.6,
嘉義,2024/09/07 00:00:00,NOx,8.3,9.4,5.5,5.6,5.2,4.9,6.9,7.6,5.9,4.6,2.8,2.7,2,2.1,2,2.8,4.3,5.3,5,6,5.3,3.9,3.4,4.3,
嘉義,2024/09/07 00:00:00,O3,15.2,12.9,16.9,15.8,12.1,12.2,10.2,10.7,17.5,23.4,25.5,26.2,26.6,27.8,35.4,33.3,35,28.2,22.6,19.3,19.2,18.7,17,12.3,
嘉義,2024/09/07 00:00:00,PM10,17,15,15,9,22,24,22,18,15,21,6,9,4,7,7,4,18,14,10,13,12,11,10,10,
嘉義,2024/09/07 00:00:00,PM2.5,5,8,6,7,9,7,6,8,8,13,7,2,0,0,2,2,7,6,3,8,6,2,1,3,
嘉義,2024/09/07 00:00:00,RAINFALL,0,0,0,0,0,0,0,0,0,0,0,0,0,0,0,0,0,0,0,0,0,0,0,0,
嘉義,2024/09/07 00:00:00,RH,89,91,92,91,92,92,91,89,86,77,70,65,65,61,64,64,66,74,75,80,87,89,88,89,
嘉義,2024/09/07 00:00:00,SO2,4,2.1,1.2,1.6,1.3,1.1,1,1,1.2,1.6,1.2,1.1,1,1.1,1.1,1.3,2,1.2,1.4,1.4,1.2,1.1,1.3,1.3,
嘉義,2024/09/07 00:00:00,THC,2.2,2.35,2.08,2.14,2.22,2.23,2.29,2.15,2.01,1.87,1.84,1.82,1.81,1.81,1.83,1.83,1.86,1.86,1.88,1.89,1.95,1.92,1.88,1.95,
嘉義,2024/09/07 00:00:00,WD_HR,336,231,206,99,103,94,153,115,187,225,205,215,220,220,225,216,233,184,166,117,227,220,200,112,
嘉義,2024/09/07 00:00:00,WIND_DIREC,229,226,71,94,72,84,114,117,189,215,197,226,220,223,225,200,222,160,188,83,219,211,229,99,
嘉義,2024/09/07 00:00:00,WIND_SPEED,1.8,1.5,0.7,1.6,0.9,0.6,0.7,1,1.1,2.2,2.2,2.8,3.1,2.9,3.5,2.1,2,1.1,1.2,0.9,1.9,1.9,1,1.4,
嘉義,2024/09/07 00:00:00,WS_HR,0.3,1.5,0.3,1.2,0.8,0.5,0.1,0.9,0.4,1.6,1.6,2.2,2.6,2.7,3.1,2.3,2.2,1.1,0.6,0.7,1.8,1.4,0.8,0.9,
嘉義,2024/09/08 00:00:00,AMB_TEMP,27.6,27.6,27.9,27.4,27.1,27,27.2,27.2,28.1,30.2,30.5,31.7,32.1,30.6,27.3,26.9,25.4,25.1,25.2,25.6,25.6,25.4,25.6,25.1,
嘉義,2024/09/08 00:00:00,CH4,1.97,1.94,2.05,2.05,1.99,1.98,2.01,2.23,2.24,2.06,1.97,1.91,1.92,1.95,1.89,1.9,1.93,1.9,1.91,2,2.03,2.03,2.02,2.15,
嘉義,2024/09/08 00:00:00,CO,0.18,0.17,0.18,0.15,0.12,0.13,0.17,0.17,0.17,0.19,0.18,0.16,0.15,0.14,0.14,0.15,0.14,0.14,0.25,0.23,0.24,0.22,0.22,0.18,
嘉義,2024/09/08 00:00:00,NMHC,0.02,0.07,0.01,0.01,0.01,0.03,0.05,0.01,0.01,0.01,0.01,0,0,0,0,0,0,0,0.04,0.04,0.06,0.04,0.06,0,
嘉義,2024/09/08 00:00:00,NO,0.5,0.9,0.6,0.8,0.7,1.1,1.2,2,2.3,1.9,1.2,1.1,1,0.9,0.9,0.8,0.6,0.6,1,0.8,0.9,0.5,0.5,0.8,
嘉義,2024/09/08 00:00:00,NO2,4.9,4.9,4.8,4.7,3.3,2.7,3.7,3.4,3.6,3.8,3.8,2.8,2.7,2.6,3.7,4.1,3.6,4,7.7,9.7,8.3,7.2,7.6,6.3,
嘉義,2024/09/08 00:00:00,NOx,5.5,5.8,5.5,5.6,4.1,3.9,5,5.5,6,5.7,5.1,3.9,3.8,3.6,4.7,4.9,4.2,4.6,8.7,10.6,9.2,7.8,8.2,7.1,
嘉義,2024/09/08 00:00:00,O3,7.8,10.3,11.8,8.4,6.8,6.9,5.3,7.7,16.2,27.3,33.9,42.1,45.7,45.6,43.2,39,43,42.3,36.2,30.7,28.3,28.6,24.4,17.8,
嘉義,2024/09/08 00:00:00,PM10,12,20,13,24,13,19,18,19,23,18,8,10,14,14,8,8,6,4,2,4,3,1,6,11,
嘉義,2024/09/08 00:00:00,PM2.5,5,6,7,5,5,3,4,3,6,5,4,5,6,5,5,6,5,6,7,4,3,4,3,4,
嘉義,2024/09/08 00:00:00,RAINFALL,0,0,0,0,0,0,0,0,0,0,0,0,0,7.5,2,13.5,23.5,12.5,1.5,1.5,1,0,0,0,
嘉義,2024/09/08 00:00:00,RH,89,88,87,89,89,88,88,88,87,73,70,63,63,75,91,91,93,94,94,94,94,94,93,94,
嘉義,2024/09/08 00:00:00,SO2,1.1,0.9,1.1,0.8,0.6,0.5,0.6,0.7,1.7,1.9,2.2,1.7,1.2,0.9,0.6,0.7,0.6,0.7,0.6,0.6,0.6,2.6,4.3,0.8,
嘉義,2024/09/08 00:00:00,THC,1.99,2.01,2.06,2.06,2,2.01,2.06,2.24,2.25,2.07,1.98,1.9,1.91,1.93,1.87,1.89,1.92,1.88,1.95,2.04,2.09,2.07,2.08,2.15,
嘉義,2024/09/08 00:00:00,WD_HR,111,72,61,127,109,107,172,208,243,29,6,344,324,312,314,191,201,126,318,63,52,19,122,219,
嘉義,2024/09/08 00:00:00,WIND_DIREC,114,72,100,205,121,131,221,229,215,342,5,6,321,352,202,196,189,57,226,22,48,2,219,200,
嘉義,2024/09/08 00:00:00,WIND_SPEED,1.4,1.6,0.9,0.8,1.1,0.6,1.5,2,1.1,2.1,2,2.2,3.6,2.6,1.2,2.3,1.8,1.4,1,1.3,1.8,2.2,1.4,0.9,
嘉義,2024/09/08 00:00:00,WS_HR,1.2,1.7,1.2,0.5,0.9,0.9,0.4,1,0.9,0.7,1.8,1.4,2.4,3.1,1.2,1.1,1.7,0.7,0.4,1,0.8,1.3,0.3,1.2,
嘉義,2024/09/09 00:00:00,AMB_TEMP,24.9,25,24.8,24.9,25.2,24.9,25.1,26.7,28.6,29.3,30.2,31.1,32.3,32.5,32.4,30.3,25.9,25.6,25.6,26.1,26.4,26.2,26.3,25.9,
嘉義,2024/09/09 00:00:00,CH4,2.29,2.2,2.02,2.04,2.04,2.01,1.99,1.96,1.88,1.88,1.88,1.87,1.9,1.89,1.89,1.88,1.87,1.88,1.9,1.93,1.98,1.96,1.96,1.98,
嘉義,2024/09/09 00:00:00,CO,0.15,0.16,0.12,0.11,0.11,0.12,0.16,0.22,0.17,0.13,0.13,0.13,0.12,0.11,0.12,0.14,0.12,0.14,0.21,0.31,0.27,0.19,0.17,0.14,
嘉義,2024/09/09 00:00:00,NMHC,0,0,0,0,0.01,0,0.02,0.02,0,0,0,0,0,0,0,0.01,0.04,0,0.04,0.1,0.09,0.02,0.06,0.01,
嘉義,2024/09/09 00:00:00,NO,0.8,0.5,0.5,0.5,0.6,0.4,1.1,2.5,1.6,0.8,0.8,0.6,0.7,0.7,0.6,0.7,0.6,0.7,0.5,0.8,0.7,0.7,0.4,0.4,
嘉義,2024/09/09 00:00:00,NO2,4.1,4.6,2.8,2.4,2,2.5,3.6,5.4,4.3,2.6,2.3,2.3,2,1.7,1.9,2.8,3.6,4.5,5.5,11.2,10.9,7.2,4.8,3.5,
嘉義,2024/09/09 00:00:00,NOx,5,5.1,3.4,2.9,2.6,3,4.8,8,5.9,3.5,3.1,2.9,2.8,2.4,2.6,3.6,4.2,5.3,6,12,11.7,7.9,5.3,3.9,
嘉義,2024/09/09 00:00:00,O3,17.6,16.9,16.7,12.1,13.7,15.2,12.5,18.4,38.1,42.7,45.6,50.1,55.1,52.8,52.1,42.5,40.5,39.3,32.9,21.5,13.4,15,13.9,14.7,
嘉義,2024/09/09 00:00:00,PM10,16,13,17,16,19,12,16,13,11,6,7,6,10,11,14,7,1,7,6,4,14,18,17,17,
嘉義,2024/09/09 00:00:00,PM2.5,8,10,6,2,4,3,0,0,1,1,1,4,4,4,2,0,3,3,1,3,4,4,2,1,
嘉義,2024/09/09 00:00:00,RAINFALL,0,0,0,0,0,0,0,0,0,0,0,0,0,0,0,0,2,1.5,0,0,0,0,0,0,
嘉義,2024/09/09 00:00:00,RH,94,95,94,93,92,91,90,87,84,76,69,65,61,61,63,73,90,91,91,91,91,91,90,90,
嘉義,2024/09/09 00:00:00,SO2,0.8,2.1,1.2,1.1,1,1,1,1,1.1,1.1,1.2,1.2,1.1,1.1,1.2,1.1,1,1.1,1.2,1.2,1.2,1.1,1,1,
嘉義,2024/09/09 00:00:00,THC,2.28,2.19,2.02,2.04,2.05,2.01,2.01,1.98,1.88,1.86,1.87,1.85,1.88,1.87,1.87,1.89,1.91,1.88,1.94,2.03,2.07,1.98,2.02,1.99,
嘉義,2024/09/09 00:00:00,WD_HR,193,107,116,104,111,111,102,107,222,248,237,229,230,235,252,18,97,159,100,101,104,100,115,106,
嘉義,2024/09/09 00:00:00,WIND_DIREC,203,108,113,115,110,109,86,125,233,277,226,246,234,233,262,87,127,112,105,85,117,84,104,105,
嘉義,2024/09/09 00:00:00,WIND_SPEED,0.9,0.9,0.7,0.9,0.9,1.5,0.9,1.3,2,0.9,1.7,1.6,2.7,3.3,3.2,3.1,1.8,0.9,1.1,1.2,1.3,1.2,1.3,0.6,
嘉義,2024/09/09 00:00:00,WS_HR,0.7,0.6,0.8,0.5,0.9,1.2,1.2,1.1,0.9,1.5,1.1,1.3,1.8,2.3,2.6,1.3,2.3,1.1,0.7,0.7,0.8,1,0.9,1.1,
嘉義,2024/09/10 00:00:00,AMB_TEMP,25.9,25.6,25.8,25.8,25.4,25.4,25.7,27.4,29.5,30.9,31.8,32.7,33.3,33,33,33.2,32.4,31.3,29.8,27,27.4,27.3,27.3,27.4,
嘉義,2024/09/10 00:00:00,CH4,1.99,1.99,2.08,2.09,1.96,1.94,1.96,1.92,1.87,1.89,1.9,1.9,1.91,#,1.94,1.89,1.9,1.94,1.92,1.92,2.01,1.94,1.93,2.01,
嘉義,2024/09/10 00:00:00,CO,0.14,0.12,0.14,0.16,0.11,0.12,0.17,0.3,0.28,0.23,0.17,0.16,0.16,0.17,0.19,#,0.16,0.24,0.21,0.19,0.22,0.21,0.25,0.22,
嘉義,2024/09/10 00:00:00,NMHC,0.01,0.01,0.07,0.11,0.02,0,0.04,0.13,0.08,0.05,0.02,0.02,0,#,0.02,0,0,0.02,0.03,0,0.02,0.03,0.03,0.02,
嘉義,2024/09/10 00:00:00,NO,0.3,0,0.1,0.2,0.1,0.2,0.7,2.7,2.4,1.5,0.9,0.7,0.6,0.6,0.6,#,1.3,1.1,1.1,0.9,0.9,0.9,0.8,0.5,
嘉義,2024/09/10 00:00:00,NO2,3.5,3.4,3.8,4.9,3.2,3.5,4,6.6,6.9,7.1,5.3,4.9,4.6,3.9,5.4,#,3.6,4.5,5.1,3.8,5.1,4.8,4.1,4.1,
嘉義,2024/09/10 00:00:00,NOx,3.8,3.4,3.9,5.1,3.3,3.8,4.8,9.3,9.4,8.6,6.3,5.7,5.2,4.6,6,#,4.9,5.6,6.2,4.8,6.1,5.8,5,4.7,
嘉義,2024/09/10 00:00:00,O3,12.9,15.3,11.3,7.8,10.9,11.4,11.2,15.3,32.8,43.1,49,52.5,54.7,57,#,49.4,43,47.9,47.2,47.8,36.1,35.8,36.9,30.6,
嘉義,2024/09/10 00:00:00,PM10,14,14,15,20,10,15,15,14,9,13,10,11,12,16,#,24,31,47,37,10,14,15,17,24,
嘉義,2024/09/10 00:00:00,PM2.5,2,2,5,4,1,0,4,3,1,2,4,8,7,#,5,12,18,32,27,13,12,16,12,12,
嘉義,2024/09/10 00:00:00,RAINFALL,0,0,0,0,0,0,0,0,0,0,0,0,0,#,#,0,0,0,19,20.5,0,0,0,0,
嘉義,2024/09/10 00:00:00,RH,90,90,90,91,90,89,88,85,74,65,62,57,52,57,58,58,64,73,81,91,92,92,92,92,
嘉義,2024/09/10 00:00:00,SO2,1.1,0.8,0.8,0.9,0.9,0.9,0.9,1,1.3,1.7,2.4,1.5,1.4,1.4,1.4,#,1.2,1.2,1.1,0.7,1.6,1,0.8,1.3,
嘉義,2024/09/10 00:00:00,THC,2,2,2.15,2.2,1.98,1.94,2,2.05,1.95,1.94,1.92,1.92,1.91,#,1.96,1.88,1.9,1.96,1.95,1.92,2.03,1.97,1.96,2.03,
嘉義,2024/09/10 00:00:00,WD_HR,104,108,92,105,111,115,105,107,62,338,2,334,336,329,324,322,321,330,69,240,179,106,142,177,
嘉義,2024/09/10 00:00:00,WIND_DIREC,105,110,139,113,112,108,105,107,329,306,6,320,335,339,331,319,316,335,95,175,168,104,101,149,
嘉義,2024/09/10 00:00:00,WIND_SPEED,1.2,1.2,0.6,0.9,1.1,1.5,0.7,1.1,1.2,1.9,2.2,2.1,3.2,3.1,3,4.4,4.1,3,2.8,1.3,0.9,1.3,1.2,0.6,
嘉義,2024/09/10 00:00:00,WS_HR,0.8,1,0.5,0.7,1,1,1.1,1,0.2,1.1,1.2,1.8,2.4,3.1,2.6,3.5,3.5,3.3,1,0.7,0.5,1,0.4,0.5,
嘉義,2024/09/11 00:00:00,AMB_TEMP,27.7,27.5,27.3,27.2,26.8,26.6,27.1,28.5,29.9,31.1,31.9,32.7,33.6,33.5,32.7,32.1,30.3,29.3,28.9,29,28.8,28.7,28.4,28.3,
嘉義,2024/09/11 00:00:00,CH4,2.07,2.08,2.05,2.04,2.07,2.1,2.17,2.07,1.93,1.91,1.9,1.89,1.88,1.9,1.89,1.88,1.88,1.87,1.88,1.89,1.92,1.97,1.98,1.94,
嘉義,2024/09/11 00:00:00,CO,0.19,0.19,0.16,0.15,0.14,0.15,0.25,0.34,0.3,0.36,0.2,0.22,0.15,0.16,0.16,0.14,0.17,0.17,0.18,0.21,0.19,0.23,0.19,0.17,
嘉義,2024/09/11 00:00:00,NMHC,0.01,0.03,0.02,0.03,0.02,0.04,0.09,0.09,0.05,0.02,0,0,0,0,0,0,0.03,0.02,0.02,0.03,0.03,0.04,0.04,0.01,
嘉義,2024/09/11 00:00:00,NO,0.7,0.6,0.6,0.5,0.5,0.6,1.5,2.4,1.8,1.8,0.9,0.9,0.8,0.7,0.7,0.8,0.8,0.8,0.5,0.9,0.7,0.5,0.6,0.6,
嘉義,2024/09/11 00:00:00,NO2,3.6,4.1,2.8,2.3,2.4,3.4,5.6,7.3,6.2,5.9,2.8,2.7,2,2.2,2.4,2.5,3.7,4.1,4.6,5.8,5.3,6,5.6,3.8,
嘉義,2024/09/11 00:00:00,NOx,4.4,4.8,3.5,2.8,3,4.1,7.2,9.8,8.1,7.7,3.8,3.6,2.9,3,3.2,3.3,4.5,4.9,5.2,6.7,6,6.6,6.3,4.5,
嘉義,2024/09/11 00:00:00,O3,26.3,17,17,17.2,15.4,13.5,9.9,20.1,34.8,42.4,52.5,57.5,54.9,60.4,56.6,53.1,43.9,36.1,33.2,24.3,22.2,20.3,17.5,19.2,
嘉義,2024/09/11 00:00:00,PM10,25,21,27,19,27,30,22,27,23,18,17,17,18,23,29,26,15,10,8,7,22,22,21,22,
嘉義,2024/09/11 00:00:00,PM2.5,16,13,10,7,9,11,12,12,10,16,8,10,13,15,19,14,9,7,7,8,9,10,9,10,
嘉義,2024/09/11 00:00:00,RAINFALL,0,0,0,0,0,0,0,0,0,0,0,0,0,0,0,0,0,0,0,0,0,0,0,0,
嘉義,2024/09/11 00:00:00,RH,91,92,91,91,91,90,89,86,75,65,61,58,52,59,67,66,76,76,74,74,79,85,86,86,
嘉義,2024/09/11 00:00:00,SO2,2.4,1.6,1.2,1.3,1.2,1.2,1.4,1.9,2.2,4.5,2.7,2.8,2.3,2,1.7,1.5,1.4,1.3,1.3,1.3,1.4,1.4,1.4,1.3,
嘉義,2024/09/11 00:00:00,THC,2.08,2.11,2.07,2.07,2.09,2.14,2.26,2.16,1.98,1.93,1.9,1.89,1.88,1.89,1.89,1.87,1.91,1.89,1.9,1.92,1.95,2.01,2.02,1.95,
嘉義,2024/09/11 00:00:00,WD_HR,174,112,115,109,115,108,88,72,214,215,224,225,231,261,278,247,113,101,105,103,100,111,100,114,
嘉義,2024/09/11 00:00:00,WIND_DIREC,127,107,115,108,111,116,71,313,212,236,239,231,238,271,257,246,103,109,117,99,77,117,117,110,
嘉義,2024/09/11 00:00:00,WIND_SPEED,0.7,1.1,1.3,1.4,1.6,1.1,1,0.9,1.8,2.8,2.8,2.1,2.3,4,3.2,2.1,2,1.9,1.3,1.4,0.6,1.1,1.2,0.9,
嘉義,2024/09/11 00:00:00,WS_HR,0.3,0.6,0.9,1.1,1.3,1.4,1,0.4,1.1,1.7,2.1,2.1,2.3,2.7,3,2.9,1.1,1.9,1.6,1.2,1.3,1,1,1,
嘉義,2024/09/12 00:00:00,AMB_TEMP,28.2,27.9,27.6,27.6,27.5,27.4,27.8,28.9,29.8,30.5,31.7,31.6,31.7,31.2,30.9,31.2,30.7,30.4,29.8,29.5,29.2,28.7,28.2,27.8,
嘉義,2024/09/12 00:00:00,CH4,1.93,1.93,1.99,1.98,1.96,2.02,2.05,2.06,2,1.99,1.93,2,1.99,1.96,1.93,1.89,1.9,1.92,1.95,1.96,1.99,2.05,2.08,2.07,
嘉義,2024/09/12 00:00:00,CO,0.16,0.13,0.12,0.13,0.13,0.15,0.25,0.33,0.23,0.23,0.21,0.24,0.27,0.31,0.23,0.17,0.22,0.29,0.32,0.3,0.31,0.3,0.25,0.2,
嘉義,2024/09/12 00:00:00,NMHC,0.03,0,0,0.01,0.02,0.04,0.09,0.11,0.03,0.07,0.04,0.05,0.04,0.05,0.05,0.01,0.03,0.06,0.07,0.06,0.09,0.07,0.03,0.01,
嘉義,2024/09/12 00:00:00,NO,0.8,0.3,0.1,0.1,0.4,0.3,0.7,1.7,1,1.1,0.9,0.7,0.4,0.3,0.7,0.6,0.6,0.7,0.1,0.3,0.3,0.5,0.5,0.3,
嘉義,2024/09/12 00:00:00,NO2,3.9,3.8,2.9,3.1,3.2,3.9,6.5,9.5,6.7,6.3,5.3,5.9,6.1,6.7,6.6,4.2,6,9.2,11.8,12.9,9.9,11.8,8.9,5.7,
嘉義,2024/09/12 00:00:00,NOx,4.7,4.2,3,3.3,3.6,4.3,7.2,11.2,7.8,7.5,6.3,6.6,6.5,7,7.4,4.9,6.7,10,12,13.2,10.2,12.3,9.4,6.1,
嘉義,2024/09/12 00:00:00,O3,15.4,14.6,13.8,14,14.1,13.6,11.3,20.7,33.8,36.2,41,55.4,69.8,59.7,44.5,44.1,38.5,34.9,37.1,37.5,35.3,23.6,22.1,24.6,
嘉義,2024/09/12 00:00:00,PM10,20,16,17,22,25,27,23,35,21,27,23,35,40,43,42,28,24,30,42,53,46,48,50,41,
嘉義,2024/09/12 00:00:00,PM2.5,10,9,8,7,8,10,11,13,14,17,14,23,32,33,24,18,16,18,31,31,29,27,33,25,
嘉義,2024/09/12 00:00:00,RAINFALL,0,0,0,0,0,0,0,0,0,0,0,0,0,0,0,0,0,0,0,0,0,0,0,0,
嘉義,2024/09/12 00:00:00,RH,86,85,86,87,87,87,86,85,83,74,63,66,67,72,75,71,72,70,76,84,86,88,89,90,
嘉義,2024/09/12 00:00:00,SO2,1.2,0.8,0.7,0.8,0.8,1,1,1.2,1.5,1.5,1.3,1.6,1.8,2.1,3.9,1.4,1.3,8.4,41.3,2.8,3,1.4,3.6,3.4,
嘉義,2024/09/12 00:00:00,THC,1.96,1.93,1.98,1.99,1.98,2.06,2.14,2.17,2.03,2.06,1.97,2.05,2.03,2.01,1.98,1.9,1.93,1.98,2.02,2.02,2.08,2.12,2.11,2.08,
嘉義,2024/09/12 00:00:00,WD_HR,118,113,114,119,118,113,109,11,18,22,19,355,325,356,357,354,353,355,358,11,106,216,191,201,
嘉義,2024/09/12 00:00:00,WIND_DIREC,125,115,94,111,113,118,117,357,7,33,28,345,349,358,356,359,355,351,2,74,223,197,174,193,
嘉義,2024/09/12 00:00:00,WIND_SPEED,0.9,1.2,0.7,0.7,1.1,1,0.8,2.2,2.2,3,2.8,2.7,2.1,3.4,3.1,2.7,2.3,2.6,2,1.3,0.7,0.9,0.7,0.9,
嘉義,2024/09/12 00:00:00,WS_HR,0.7,0.9,0.8,0.8,0.9,0.8,0.8,1.4,2.1,2.4,2.4,1.9,2.1,2.7,2.9,2.6,2.3,2.3,1.7,1.2,0.4,1,0.6,0.7,
嘉義,2024/09/13 00:00:00,AMB_TEMP,27.8,27.4,27.3,27.2,27,27,27.2,28.5,30.1,31.5,32.1,32.3,33.7,33.7,32.4,30.9,25.3,25.1,25.6,26.4,26.6,25.7,25.8,25.8,
嘉義,2024/09/13 00:00:00,CH4,2.06,2.06,2.05,2.08,2.09,2.05,2.08,1.98,1.93,1.91,1.92,1.94,1.91,#,1.97,1.95,1.88,1.9,1.91,1.89,1.92,2.1,2.1,1.99,
嘉義,2024/09/13 00:00:00,CO,0.19,0.18,0.18,0.17,0.17,0.17,0.21,0.26,0.26,0.21,0.24,0.22,#,0.21,0.2,0.21,0.11,0.17,0.2,0.17,0.21,0.2,0.21,0.2,
嘉義,2024/09/13 00:00:00,NMHC,0.02,0.01,0,0.03,0.04,0.02,0.05,0.04,0.03,0,0.02,0.02,0.01,#,0,0.01,0,0.01,0.01,0.01,0.01,0.01,0,0.02,
嘉義,2024/09/13 00:00:00,NO,0.2,0.5,0.7,0.7,0.7,0.8,1.3,2.9,1.9,0.9,1.1,0.9,#,1,0.8,0.7,0.6,0.5,0.7,0.6,0.9,0.7,0.7,0.5,
嘉義,2024/09/13 00:00:00,NO2,4.6,4.4,4.1,3.3,3.7,4.1,5.6,6.5,6,4,4.8,4.6,#,4.2,4.2,6.4,3.9,5.7,6.5,5.3,5.7,6.7,7,6.7,
嘉義,2024/09/13 00:00:00,NOx,4.8,4.9,4.8,4.1,4.5,4.9,6.9,9.5,7.9,5,6,5.6,#,5.3,5.1,7.1,4.5,6.3,7.3,5.9,6.6,7.4,7.7,7.2,
嘉義,2024/09/13 00:00:00,O3,22.9,21.1,19.9,13.9,11.3,10.6,9.4,16.9,40.5,54.1,62.6,69.6,#,61.6,63.9,62.6,45.9,40.3,38.7,39.3,31.3,23.8,18.2,17.8,
嘉義,2024/09/13 00:00:00,PM10,41,35,31,34,35,34,33,26,30,32,32,32,27,32,31,37,8,6,10,16,9,23,19,19,
嘉義,2024/09/13 00:00:00,PM2.5,25,19,28,22,15,14,15,13,23,21,20,18,16,19,17,26,4,0,1,3,2,9,9,6,
嘉義,2024/09/13 00:00:00,RAINFALL,0,0,0,0,0,0,0,0,0,0,0,0,0,0,0,0,2,0.5,0,0,0,0,0,0,
嘉義,2024/09/13 00:00:00,RH,89,90,90,89,89,87,87,85,74,66,62,61,53,58,68,70,85,88,88,85,83,88,89,87,
嘉義,2024/09/13 00:00:00,SO2,1.5,1.2,2.6,0.8,0.8,0.6,0.6,0.8,1.4,1.4,1.1,1.1,#,1.1,1.2,2,0.8,0.6,0.7,0.5,0.6,1.7,1.3,0.9,
嘉義,2024/09/13 00:00:00,THC,2.08,2.07,2.05,2.11,2.13,2.07,2.13,2.02,1.96,1.91,1.94,1.96,1.92,#,1.97,1.96,1.86,1.91,1.92,1.9,1.93,2.11,2.1,2.01,
嘉義,2024/09/13 00:00:00,WD_HR,151,170,130,112,109,111,107,110,179,211,299,279,326,320,309,317,134,117,114,104,131,206,113,143,
嘉義,2024/09/13 00:00:00,WIND_DIREC,164,129,108,104,107,114,111,115,292,273,290,294,355,310,306,124,139,116,132,113,140,193,114,217,
嘉義,2024/09/13 00:00:00,WIND_SPEED,1,1,0.9,0.9,1.3,1.3,1.1,1.4,1,1.2,1.3,1.6,2.7,3.8,4.5,3.4,1.6,2.4,1.9,1.9,1.3,1.2,1,1.3,
嘉義,2024/09/13 00:00:00,WS_HR,0.4,0.6,0.6,0.8,1,1,1.1,1.1,0.4,0.2,0.6,0.7,2.3,2.8,3.4,1.5,2.2,2,2,2.1,1.1,1.3,0.7,0.8,
嘉義,2024/09/14 00:00:00,AMB_TEMP,25.9,25.9,26.1,26.4,26.4,26.3,26.5,27,28.7,30.1,30,30,25.3,24.1,25.1,26.6,27.5,26.9,26.2,25.8,25.6,25.5,25.2,25.3,
嘉義,2024/09/14 00:00:00,CH4,1.98,2.01,2.14,2.21,2.35,2.17,2.02,1.97,1.95,1.9,1.92,1.95,1.89,1.88,1.89,1.88,1.9,1.94,1.95,2.07,2.07,2.13,2.27,2.35,
嘉義,2024/09/14 00:00:00,CO,0.16,0.17,0.18,0.2,0.2,0.16,0.23,0.27,0.35,0.19,0.2,0.21,0.12,0.12,0.13,0.12,0.17,0.24,0.25,0.42,0.36,0.38,0.43,0.52,
嘉義,2024/09/14 00:00:00,NMHC,0,0,0.13,0.33,0.18,0.08,0.12,0.1,0.16,0.02,0,0,0,0,0,0,0.02,0.04,0.05,0.08,0.11,0.11,0.1,0.15,
嘉義,2024/09/14 00:00:00,NO,0.6,0.1,0,0.1,0.2,0.1,0.2,1,1.6,1.2,0.4,0.5,0.1,0.2,0.9,0.7,0.5,0.5,0.2,0.4,0.5,0.3,0.4,0.8,
嘉義,2024/09/14 00:00:00,NO2,5,4.9,7.3,9.9,10.2,6.9,6,7.5,8.4,5.9,4.8,5.9,4.4,3.8,6,4.5,4.3,7.4,8,12.7,14,12.6,15.6,18,
嘉義,2024/09/14 00:00:00,NOx,5.7,5.1,7.4,10,10.4,7,6.3,8.5,10,7.1,5.2,6.5,4.6,4.1,7,5.2,4.8,8,8.2,13.2,14.5,12.9,16,18.8,
嘉義,2024/09/14 00:00:00,O3,20.1,21.7,14.6,12.8,12,13.6,14.3,14.5,25.8,37,42.1,45.7,33.4,31.8,28.7,32,36.1,29.6,24.4,16.5,15.9,12.5,6.8,3.1,
嘉義,2024/09/14 00:00:00,PM10,13,21,24,35,23,23,21,11,27,19,21,23,11,10,7,8,8,12,9,22,25,27,43,32,
嘉義,2024/09/14 00:00:00,PM2.5,4,8,12,12,15,9,9,9,11,9,9,11,8,5,4,2,3,6,6,14,13,16,30,23,
嘉義,2024/09/14 00:00:00,RAINFALL,0,0,0,0,0,0,0,0,0,0,0,0,10,1,0.5,0,0,0,0,0,0,0,0,0,
嘉義,2024/09/14 00:00:00,RH,87,87,86,86,86,86,85,84,77,66,67,69,89,93,91,87,84,85,87,89,90,90,91,91,
嘉義,2024/09/14 00:00:00,SO2,0.7,1,1.7,1.6,3.2,1.2,1,0.9,1.1,1.8,2.3,2.9,1,1.1,1.5,1,1.1,3,2.2,2.8,4,1.7,4.3,5.2,
嘉義,2024/09/14 00:00:00,THC,1.97,2.01,2.27,2.54,2.53,2.25,2.14,2.07,2.11,1.92,1.92,1.95,1.87,1.87,1.88,1.88,1.92,1.98,2,2.15,2.18,2.24,2.37,2.5,
嘉義,2024/09/14 00:00:00,WD_HR,130,208,50,87,17,104,95,111,82,319,266,234,209,159,204,249,338,18,99,348,54,146,27,140,
嘉義,2024/09/14 00:00:00,WIND_DIREC,119,105,159,66,76,97,104,126,48,296,288,237,173,188,93,303,354,56,202,5,99,240,89,207,
嘉義,2024/09/14 00:00:00,WIND_SPEED,1.1,0.6,0.8,1.7,1.5,1.6,0.9,1.1,1.7,1.9,1.6,6,2.8,1.4,1,1.4,2.6,1.1,0.6,2.2,1.3,1.5,1,0.8,
嘉義,2024/09/14 00:00:00,WS_HR,0.9,0.4,0.6,1,1.5,1.4,0.8,0.9,0.8,1.1,1.5,2.1,3.3,1.1,0.6,1,1.8,1.5,0.5,1.7,1.3,0.4,0.5,0.3,
嘉義,2024/09/15 00:00:00,AMB_TEMP,24.9,24.7,24.5,24.4,24.3,24.3,24.5,26.1,28.7,30.1,31,31.9,32.8,33.2,33.7,33.4,32.5,31.4,29.6,29.3,28.8,27.9,27.8,27.5,
嘉義,2024/09/15 00:00:00,CH4,2.17,2.09,2.05,2.04,1.99,2,2,1.96,1.91,1.86,1.84,1.85,1.85,1.85,1.87,1.89,1.91,1.91,1.98,2.02,1.98,1.98,2.02,2.03,
嘉義,2024/09/15 00:00:00,CO,0.41,0.27,0.14,0.12,0.11,0.11,0.16,0.18,0.14,0.1,0.09,0.1,0.1,0.11,0.12,0.13,0.15,0.16,0.24,0.29,0.26,0.31,0.35,0.3,
嘉義,2024/09/15 00:00:00,NMHC,0.09,0.05,0,0.01,0.01,0,0.02,0.09,0,0,0,0,0,0,0,0,0,0,0.02,0.02,0.02,0.05,0.07,0.05,
嘉義,2024/09/15 00:00:00,NO,1.3,0.9,0.7,0.7,0.5,0.6,1.1,2.1,1.8,1,0.8,0.7,0.6,0.5,0.6,0.7,0.6,0.5,0.5,0.6,0.6,0.6,0.5,0.5,
嘉義,2024/09/15 00:00:00,NO2,14.4,8,3.9,3.2,2.7,2.9,4.2,5,4.2,2.3,1.8,1.9,1.9,1.9,2,2.3,3.2,4.2,6.1,7.8,6.9,8.2,9.5,9.4,
嘉義,2024/09/15 00:00:00,NOx,15.8,8.9,4.6,3.9,3.3,3.5,5.3,7.1,6,3.4,2.6,2.7,2.5,2.5,2.7,3,3.8,4.7,6.7,8.4,7.6,8.8,10.1,9.9,
嘉義,2024/09/15 00:00:00,O3,2.6,4,8.1,8.2,10.3,10.3,10,16.4,23.6,27.8,31.4,35.6,38.7,41.8,44.4,50.2,56,47.8,53.2,56,47.4,34,24.9,23.4,
嘉義,2024/09/15 00:00:00,PM10,39,33,21,27,21,14,20,15,8,12,7,4,10,11,6,16,12,20,22,29,27,23,29,27,
嘉義,2024/09/15 00:00:00,PM2.5,25,16,6,7,5,3,2,2,1,2,6,4,1,3,7,7,8,6,12,18,17,20,19,20,
嘉義,2024/09/15 00:00:00,RAINFALL,0,0,0,0,0,0,0,0,0,0,0,0,0,0,0,0,0,0,1.5,0,0,0,0,0,
嘉義,2024/09/15 00:00:00,RH,92,92,90,89,89,88,87,84,68,61,59,53,48,49,49,51,59,69,86,86,87,91,92,92,
嘉義,2024/09/15 00:00:00,SO2,1.9,1.3,1.1,1.3,1.2,1.1,1.2,1.3,1.4,1.1,1.3,1.4,1.3,1.3,1.2,1.4,1.5,1.4,1.6,1.9,1.8,1.3,1.3,1.3,
嘉義,2024/09/15 00:00:00,THC,2.26,2.14,2.05,2.05,2,2,2.02,2.05,1.91,1.84,1.83,1.84,1.83,1.84,1.86,1.87,1.9,1.9,2,2.04,2,2.03,2.09,2.08,
嘉義,2024/09/15 00:00:00,WD_HR,131,109,116,106,114,111,113,116,201,223,223,224,229,231,226,231,250,285,339,336,33,109,117,201,
嘉義,2024/09/15 00:00:00,WIND_DIREC,117,105,110,107,117,122,104,193,212,238,213,224,244,243,222,225,242,337,322,354,78,84,118,130,
嘉義,2024/09/15 00:00:00,WIND_SPEED,0.7,1.3,1.1,1.2,1.3,1,1.2,1,1.9,3,2.3,2.2,3.1,2.6,1.5,1.7,2.8,3.8,2.5,2.2,0.7,0.4,0.8,0.5,
嘉義,2024/09/15 00:00:00,WS_HR,0.6,0.7,1,1.1,1.1,1.1,1,0.5,0.9,2.4,2.3,2.3,1.9,2.1,1.3,1.7,1.9,2,2.3,1.6,0.7,0.7,0.7,0.4,
嘉義,2024/09/16 00:00:00,AMB_TEMP,27.3,27,26.8,26.4,26.2,26.1,26.6,28.2,29.7,31.5,32.3,32.6,33.2,32.8,32.5,32.6,32,31.6,30.7,30,29.9,29.5,29.3,29,
嘉義,2024/09/16 00:00:00,CH4,2.06,2.07,2.19,2.12,2.09,2.09,2.03,1.99,1.97,1.91,1.9,1.9,#,1.88,1.87,1.87,1.92,1.96,1.94,1.94,1.95,1.98,2,2.09,
嘉義,2024/09/16 00:00:00,CO,0.23,0.22,0.21,0.17,0.16,0.16,0.22,0.34,0.27,0.17,0.16,0.15,#,0.16,0.15,0.14,0.2,0.29,0.29,0.27,0.28,0.29,0.3,0.32,
嘉義,2024/09/16 00:00:00,NMHC,0.03,0.03,0.04,0,0,0.01,0.1,0.15,0.04,0.01,0,0,#,0,0.01,0,0.02,0.04,0.03,0.02,0.03,0.04,0.06,0.06,
嘉義,2024/09/16 00:00:00,NO,0.6,0.3,0.3,0.2,0,0.2,0.7,2.1,1.5,1,1.1,0.7,#,#,0.5,0.5,0.6,0.5,0.4,0.3,0.2,0.3,0.2,0.2,
嘉義,2024/09/16 00:00:00,NO2,7,5.6,4.2,3.5,3.2,4,4.9,7.7,6.8,5.6,5.7,4.3,#,#,6,4.3,5.9,7.9,8.3,7.2,7.9,9.4,9.3,8.5,
嘉義,2024/09/16 00:00:00,NOx,7.6,5.9,4.6,3.7,3.3,4.2,5.7,9.8,8.4,6.7,6.8,5.1,#,#,6.5,4.8,6.5,8.4,8.8,7.5,8.1,9.8,9.6,8.8,
嘉義,2024/09/16 00:00:00,O3,19.2,24.2,16.4,12.6,11.4,9.9,11.1,20.2,36.4,46.3,53.6,#,#,#,#,#,#,38.7,26.7,23.9,22.4,17.5,16.9,13.4,
嘉義,2024/09/16 00:00:00,PM10,19,24,23,38,38,26,25,25,23,17,15,12,#,13,#,11,26,37,21,27,29,33,29,34,
嘉義,2024/09/16 00:00:00,PM2.5,15,20,13,15,18,9,11,11,10,8,10,10,#,14,#,13,14,16,13,10,16,21,18,19,
嘉義,2024/09/16 00:00:00,RAINFALL,0,0,0,0,0,0,0,0,0,0,0,0,#,0,0,0,0,0,0,0,0,0,0,0,
嘉義,2024/09/16 00:00:00,RH,92,92,92,92,91,90,90,86,80,56,52,57,56,58,62,64,69,74,79,82,81,85,86,88,
嘉義,2024/09/16 00:00:00,SO2,1.3,1.2,1.1,0.9,1,1,0.9,1.3,1.6,2.4,2.8,1.9,#,1.6,1.7,1.6,2.1,2.1,1.6,1.5,1.9,2.2,2.3,1.8,
嘉義,2024/09/16 00:00:00,THC,2.09,2.1,2.23,2.12,2.09,2.1,2.13,2.14,2.01,1.92,1.9,1.9,#,1.87,1.88,1.86,1.94,2,1.97,1.96,1.98,2.02,2.06,2.15,
嘉義,2024/09/16 00:00:00,WD_HR,127,102,105,111,110,107,95,108,115,355,326,326,351,315,320,325,296,335,352,4,7,20,53,120,
嘉義,2024/09/16 00:00:00,WIND_DIREC,208,106,104,110,115,92,106,156,34,27,331,327,348,318,341,311,335,355,342,359,344,59,110,176,
嘉義,2024/09/16 00:00:00,WIND_SPEED,0.9,0.8,1,1.3,1.4,1.4,0.7,0.9,1.5,2.2,3.1,3.4,2.7,2.5,2.3,1.9,2.9,2.5,2.6,1.9,2.2,1.1,0.7,1,
嘉義,2024/09/16 00:00:00,WS_HR,0.7,0.5,0.9,1.2,1.2,1.3,0.7,0.7,0.3,0.8,2.4,2.3,2.3,2.6,1.9,1.3,1.7,2.3,2.7,1.9,1.7,1.1,0.7,0.7,
嘉義,2024/09/17 00:00:00,AMB_TEMP,28.5,28.1,28.1,28,27.5,26.6,27.2,28.7,31.3,32.8,33.9,34.5,34.9,35.2,34.4,33.3,32.3,31,30.8,30.3,29.7,29.4,29.4,28.7,
嘉義,2024/09/17 00:00:00,CH4,2.1,2.08,2.15,2.17,2.06,1.92,1.93,1.91,1.9,1.89,1.9,1.92,1.94,1.95,1.97,1.98,1.97,1.96,2.01,2.04,2.09,2.12,2.15,2.14,
嘉義,2024/09/17 00:00:00,CO,0.3,0.22,0.19,0.17,0.15,0.13,0.21,0.25,0.21,0.17,0.17,0.18,0.18,0.17,0.19,0.27,0.29,0.27,0.28,0.31,0.33,0.37,0.34,0.32,
嘉義,2024/09/17 00:00:00,NMHC,0.05,0.03,0.01,0,0.01,0.01,0.06,0.14,0.02,0.01,0.01,0,0,0,0,0.03,0.03,0.03,0.03,0.03,0.04,0.06,0.03,0.06,
嘉義,2024/09/17 00:00:00,NO,0.1,0.8,0.4,0.4,0.5,0.7,1.2,1.5,0.8,0.7,0.9,0.9,0.7,0.6,0.6,0.6,0.5,0.6,0.7,0.4,0.8,0.6,0.8,0.7,
嘉義,2024/09/17 00:00:00,NO2,8.7,5.5,3.8,2.8,1.9,1.6,3.1,4,2.8,2.3,2.2,2.1,2,2.1,3.1,4.2,4.1,4.7,4.9,5.6,5.7,7.9,6.3,5,
嘉義,2024/09/17 00:00:00,NOx,8.9,6.3,4.3,3.3,2.4,2.3,4.4,5.6,3.7,3.1,3.2,3,2.7,2.8,3.8,4.9,4.7,5.4,5.7,6,6.5,8.5,7.2,5.8,
嘉義,2024/09/17 00:00:00,O3,10.2,11.7,10.9,15.8,21,14.2,10.1,25.1,44.5,54,54.8,55.6,58.3,64.7,71.4,76.8,78.4,53.2,51.9,40.7,28.6,26.8,30.8,24.4,
嘉義,2024/09/17 00:00:00,PM10,39,28,27,23,20,20,15,19,18,13,16,19,23,21,31,47,53,29,29,37,48,53,45,41,
嘉義,2024/09/17 00:00:00,PM2.5,25,15,21,11,11,8,9,9,13,14,11,14,12,20,20,30,34,22,24,31,39,42,32,27,
嘉義,2024/09/17 00:00:00,RAINFALL,0,0,0,1,0.5,0,0,0,0,0,0,0,0,0,0,0,0,0,0,0,0,0,0,0,
嘉義,2024/09/17 00:00:00,RH,90,90,90,91,93,91,90,86,66,56,51,52,53,52,60,67,74,85,85,86,88,89,87,89,
嘉義,2024/09/17 00:00:00,SO2,1.6,1.4,1.5,1.6,0.9,0.8,1,1.2,1.1,1.3,1.5,1.3,1.4,1.5,2.2,2.3,2.2,1.4,1.5,1.4,1.5,1.4,1.3,1.1,
嘉義,2024/09/17 00:00:00,THC,2.15,2.11,2.16,2.16,2.07,1.93,1.99,2.05,1.92,1.9,1.91,1.91,1.93,1.95,1.97,2.01,2,1.99,2.04,2.07,2.13,2.18,2.18,2.2,
嘉義,2024/09/17 00:00:00,WD_HR,128,167,141,193,114,110,112,79,58,11,339,350,333,320,321,339,339,122,204,141,102,252,77,123,
嘉義,2024/09/17 00:00:00,WIND_DIREC,113,134,131,214,102,114,105,61,59,10,326,359,327,323,319,324,117,159,219,113,82,307,102,133,
嘉義,2024/09/17 00:00:00,WIND_SPEED,1.2,1,1.3,0.9,1.5,0.9,1.4,2.1,1.9,2.3,3.3,2.9,3.3,4.1,5.2,2.8,1.3,0.8,1.3,0.8,1,1.9,0.6,1,
嘉義,2024/09/17 00:00:00,WS_HR,0.4,0.4,0.6,1.1,1,1.3,1.1,1.7,2.1,2.1,2,2.2,2.5,2.9,3.7,2.9,1,1.1,0.8,0.4,0.5,0.6,0.4,0.7,
嘉義,2024/09/18 00:00:00,AMB_TEMP,28.4,28.3,27.8,27.9,27.6,27.4,27.5,28.9,30.3,31.5,31.7,31.9,32.7,32.4,32.5,32.7,32.1,28.8,28,28.1,28.2,28,28,27.7,
嘉義,2024/09/18 00:00:00,CH4,2.17,2.19,2.19,2.08,2.1,2.07,2.04,2.07,1.92,1.91,1.91,1.92,1.92,1.96,1.96,1.95,1.96,1.94,1.95,1.98,2,2.05,2.1,2.1,
嘉義,2024/09/18 00:00:00,CO,0.27,0.24,0.19,0.18,0.17,0.18,0.22,0.39,0.2,0.2,0.19,0.19,0.19,0.21,0.21,0.22,0.21,0.23,0.29,0.3,0.29,0.29,0.24,0.19,
嘉義,2024/09/18 00:00:00,NMHC,0.02,0.03,0,0.01,0.03,0.05,0.03,0.1,0.02,0.04,0.02,0.03,0.02,0.01,0.01,0.02,0.01,0.02,0.05,0.08,0.06,0.04,0.03,0.01,
嘉義,2024/09/18 00:00:00,NO,0.7,0.9,1.1,1,1,0.9,1.2,2.5,2,1.5,1.2,1.2,1.1,1.3,1.1,1.1,1.1,0.8,0.8,0.8,1.2,1.2,0.9,0.7,
嘉義,2024/09/18 00:00:00,NO2,4.3,3.8,2.5,2,2,2.5,4,6.3,4.3,3.5,3.8,4.5,3.8,4.2,4.3,4.2,4.5,5.5,8.2,8.2,8.9,8.6,6.5,4.9,
嘉義,2024/09/18 00:00:00,NOx,5,4.8,3.6,3,3,3.4,5.3,8.9,6.4,5,5.1,5.8,5,5.5,5.5,5.4,5.7,6.4,9,9,10.2,9.8,7.4,5.6,
嘉義,2024/09/18 00:00:00,O3,26.3,20.9,18.3,23.5,18.6,19,14.6,17.3,35.4,43.2,49.8,50,60.1,63.1,#,#,53,36.6,24.8,20.2,15.9,13.2,14.1,15.5,
嘉義,2024/09/18 00:00:00,PM10,45,39,37,34,30,31,32,40,27,24,24,32,26,36,42,43,37,18,17,21,24,24,24,25,
嘉義,2024/09/18 00:00:00,PM2.5,28,22,23,21,16,14,14,24,11,14,14,16,18,20,23,23,19,9,6,9,12,11,10,11,
嘉義,2024/09/18 00:00:00,RAINFALL,0,0,0,0,0,0,0,0,0,0,0,0,0,0,0,0,0,3,0,0,0,0,0,0,
嘉義,2024/09/18 00:00:00,RH,89,89,89,89,88,89,87,85,77,66,64,64,61,65,66,65,67,86,88,89,88,88,89,90,
嘉義,2024/09/18 00:00:00,SO2,1.2,1.5,1.1,1.2,1.1,1,1,1.1,1.2,1.4,1.7,1.7,1.6,2.4,2.7,A,1,0.8,0.9,0.9,0.8,0.9,0.9,1.2,
嘉義,2024/09/18 00:00:00,THC,2.19,2.22,2.19,2.09,2.13,2.12,2.07,2.17,1.94,1.95,1.93,1.95,1.94,1.97,1.97,1.97,1.97,1.96,2,2.06,2.06,2.09,2.13,2.11,
嘉義,2024/09/18 00:00:00,WD_HR,147,115,111,117,105,104,113,104,199,78,287,113,228,310,320,325,337,112,107,89,105,125,122,114,
嘉義,2024/09/18 00:00:00,WIND_DIREC,113,104,97,121,106,112,123,103,202,135,325,109,270,328,338,313,113,101,106,96,115,207,111,110,
嘉義,2024/09/18 00:00:00,WIND_SPEED,0.6,1.6,1.1,0.9,1.5,0.9,0.9,1.6,0.8,0.8,1.8,1,1.3,2.5,2,2.4,2,1.5,1.2,1,1.4,0.6,0.6,0.7,
嘉義,2024/09/18 00:00:00,WS_HR,0.3,0.9,1,0.6,1.1,1,1,1.3,0.2,0.7,1.1,0.5,0.5,2.2,1.7,1.9,0.8,1.7,1.3,0.9,1,0.6,0.5,0.5,
嘉義,2024/09/19 00:00:00,AMB_TEMP,27.6,27.8,27.9,27.6,27.2,27.1,27.7,29.2,30.7,31.7,32.5,33.4,33.4,33.5,33.2,32.5,30.3,28.1,28,28.4,28.5,28.6,28,27.8,
嘉義,2024/09/19 00:00:00,CH4,2.18,2.17,2.2,2.2,2.09,2.1,2.19,2.06,1.91,1.9,1.87,1.89,1.88,1.86,1.85,1.85,1.87,1.87,1.87,1.88,1.89,1.9,2.03,2.19,
嘉義,2024/09/19 00:00:00,CO,0.21,0.2,0.19,0.18,0.15,0.16,0.27,0.3,0.2,0.14,0.13,0.15,0.12,0.11,0.1,0.11,0.13,0.17,0.19,0.2,0.19,0.2,0.18,0.19,
嘉義,2024/09/19 00:00:00,NMHC,0.01,0.02,0,0.01,0,0.02,0.22,0.12,0.01,0,0,0,0,0,0,0,0,0.01,0.02,0.04,0.04,0.03,0,0.01,
嘉義,2024/09/19 00:00:00,NO,1.1,0.6,0.5,0.8,0.4,0.7,1.5,1.9,2,1.2,0.9,1,0.9,1.1,1.1,1.1,1,0.9,0.7,0.7,0.7,0.8,0.8,0.7,
嘉義,2024/09/19 00:00:00,NO2,4.6,5.8,4.8,4.8,3.2,3.8,8.1,7.1,5.5,3.4,2.3,2.9,2.8,2,2,2.4,3.4,5.1,6,5.5,5.6,5.7,5.6,5.7,
嘉義,2024/09/19 00:00:00,NOx,5.7,6.5,5.4,5.6,3.7,4.5,9.6,9.1,7.5,4.7,3.3,3.9,3.8,3.2,3.1,3.5,4.4,6,6.8,6.3,6.4,6.5,6.5,6.5,
嘉義,2024/09/19 00:00:00,O3,16.2,14.1,14.1,11.6,13.1,14.7,10,20.5,27.3,34.1,37.8,50.3,42.3,36.2,33.7,33.4,28.7,22.6,22.1,22.6,20.4,18.4,13.6,10.5,
嘉義,2024/09/19 00:00:00,PM10,30,28,27,32,25,34,28,24,21,22,20,24,21,19,15,21,13,6,6,7,9,17,18,19,
嘉義,2024/09/19 00:00:00,PM2.5,15,15,9,12,11,11,11,11,8,12,9,10,7,7,4,3,3,4,3,1,x,4,3,5,
嘉義,2024/09/19 00:00:00,RAINFALL,0,0,0,0,0,0,0,0,0,0,0,0,0,0,0,0,1.5,6.5,0,0,0,0,0,0,
嘉義,2024/09/19 00:00:00,RH,90,89,89,89,89,89,88,81,68,64,60,60,60,58,60,65,81,91,91,89,88,87,90,91,
嘉義,2024/09/19 00:00:00,SO2,1.5,1.4,1.2,1.3,1.1,1.2,1.3,1.3,1.2,1.4,1.3,1.3,1.3,1.2,1.2,1.3,1.3,1.2,1.2,1.1,1.1,1,1.2,1.2,
嘉義,2024/09/19 00:00:00,THC,2.19,2.19,2.2,2.21,2.09,2.12,2.41,2.18,1.92,1.88,1.86,1.88,1.86,1.83,1.83,1.82,1.87,1.88,1.89,1.92,1.93,1.93,2.02,2.2,
嘉義,2024/09/19 00:00:00,WD_HR,177,105,109,122,116,111,82,94,123,226,224,225,237,247,257,254,216,102,83,101,84,111,223,221,
嘉義,2024/09/19 00:00:00,WIND_DIREC,129,127,107,120,112,115,6,94,212,234,218,224,240,248,253,242,122,90,92,100,93,153,226,196,
嘉義,2024/09/19 00:00:00,WIND_SPEED,0.5,0.9,1.1,0.9,1.1,0.9,1.4,1.4,1.5,3.7,3.4,3.5,4.7,3.8,4.1,4,1.7,2.5,1.4,1.5,1.8,1.3,2.1,1,
嘉義,2024/09/19 00:00:00,WS_HR,0.5,0.7,0.7,0.9,1,0.8,0.7,1.1,0.8,2.3,3.1,2.6,3.8,3.7,3.8,3.8,1.4,1.6,1.7,1.3,1.5,0.8,1.2,0.9,
嘉義,2024/09/20 00:00:00,AMB_TEMP,27.9,27.6,27.6,27.4,27.2,27,26.9,28,29.2,30.7,32.1,32.1,32.3,31.8,27.6,26.6,26.7,26.5,26.5,26.8,26.9,27,27.1,27.2,
嘉義,2024/09/20 00:00:00,CH4,2.18,2.1,2.06,2.04,2.02,2,1.94,1.92,1.97,1.97,1.94,1.95,1.9,1.89,1.89,1.92,1.95,1.92,1.88,1.89,1.91,1.89,1.9,1.89,
嘉義,2024/09/20 00:00:00,CO,0.18,0.15,0.14,0.12,0.1,0.11,0.17,0.19,0.32,0.24,0.2,0.19,0.18,0.15,0.17,0.19,0.22,0.23,0.22,0.24,0.27,0.22,0.19,0.16,
嘉義,2024/09/20 00:00:00,NMHC,0.01,0,0.02,0.01,0,0,0,0.01,0.05,0.07,0.03,0.01,0,0,0.01,0.03,0.05,0.06,0.06,0.06,0.04,0.03,0.06,0.04,
嘉義,2024/09/20 00:00:00,NO,0.8,0.6,0.3,0.2,0.2,0.2,0.9,1.2,2.6,2.7,1.4,0.8,0.8,0.6,0.5,0.5,0.6,0.5,0.4,0.3,0.3,0.5,0.4,0.5,
嘉義,2024/09/20 00:00:00,NO2,6.1,4.5,3.4,3.3,1.9,1.9,2.7,3.1,6,7.3,5.2,4.6,4.3,3.3,3.7,5.9,9.1,9.5,8.9,6.6,7.5,6.6,5.2,3.8,
嘉義,2024/09/20 00:00:00,NOx,7,5.2,3.7,3.6,2.2,2.2,3.7,4.4,8.6,10,6.6,5.4,5.2,3.9,4.2,6.5,9.8,10,9.3,6.9,7.9,7.1,5.6,4.3,
嘉義,2024/09/20 00:00:00,O3,7.7,8.3,9.6,6.6,15.7,15.1,13.8,15.8,17.7,26.6,43.4,51.4,36.6,42.5,35.9,31.8,23.6,19.4,17.1,19.7,19.7,18.5,17.4,20.1,
嘉義,2024/09/20 00:00:00,PM10,19,14,18,17,13,14,13,12,15,21,17,23,8,11,8,5,3,3,3,8,8,8,8,7,
嘉義,2024/09/20 00:00:00,PM2.5,5,5,4,2,2,0,1,1,2,5,5,9,5,7,7,4,0,1,2,4,4,2,2,0,
嘉義,2024/09/20 00:00:00,RAINFALL,0,0,0,0,0,0,0,0,0,0,0,0,0,1,15.5,58,20,1,0,0,0,0,0,0,
嘉義,2024/09/20 00:00:00,RH,91,91,91,90,89,90,90,88,85,75,67,67,63,69,90,93,94,95,95,94,93,92,92,91,
嘉義,2024/09/20 00:00:00,SO2,1.2,1.2,0.8,0.7,0.8,0.8,1.4,1.1,1,2.3,2,1.4,1,1.2,0.9,0.8,0.7,0.7,0.7,0.7,0.8,0.8,0.8,0.8,
嘉義,2024/09/20 00:00:00,THC,2.19,2.1,2.08,2.05,1.98,1.96,1.92,1.93,2.02,2.04,1.97,1.96,1.9,1.89,1.9,1.95,2,1.98,1.94,1.95,1.95,1.92,1.96,1.93,
嘉義,2024/09/20 00:00:00,WD_HR,117,81,165,127,220,166,192,125,10,344,349,275,277,237,51,65,108,86,83,94,59,95,91,81,
嘉義,2024/09/20 00:00:00,WIND_DIREC,114,18,160,198,208,126,181,94,345,9,301,261,232,53,17,108,112,101,86,104,58,101,76,73,
嘉義,2024/09/20 00:00:00,WIND_SPEED,0.8,0.6,0.9,1.3,1.8,0.7,1.3,0.9,1.6,2.6,2.3,3.1,1.7,2.7,3.3,1.2,1.3,1.7,1,1.3,2.1,1.5,1.5,2.1,
嘉義,2024/09/20 00:00:00,WS_HR,0.7,0.4,0.4,0.7,1.8,0.8,0.8,0.3,0.2,1.6,1.1,2.2,1.5,2,1.6,0.4,1,1.6,1.4,1.1,1.8,1.3,1.2,1.5,
嘉義,2024/09/21 00:00:00,AMB_TEMP,27,26.9,27,27,26.8,26.4,26.9,27.3,28.4,29.2,30.2,31,30.1,29.9,29.9,29.8,29.8,29.1,28.5,27.3,26.5,26.2,26.2,26.1,
嘉義,2024/09/21 00:00:00,CH4,1.9,1.95,2.03,1.98,2.02,2.02,2.18,2.02,2.05,2.07,1.94,1.9,1.92,1.87,1.88,1.89,1.88,1.86,1.88,1.94,1.92,1.97,1.96,1.93,
嘉義,2024/09/21 00:00:00,CO,0.14,0.13,0.14,0.13,0.12,0.13,0.24,0.29,0.33,0.35,0.22,0.18,0.21,0.16,0.14,0.13,0.16,0.17,0.2,0.16,0.16,0.21,0.14,0.11,
嘉義,2024/09/21 00:00:00,NMHC,0.01,0,0.03,0.04,0.01,0.02,0.1,0.09,0.09,0.12,0.05,0,0.02,0,0,0,0.01,0,0.01,0,0,0,0,0,
嘉義,2024/09/21 00:00:00,NO,0.3,0.6,0.7,0.8,0.7,0.8,1.2,2.5,3.6,3.6,2.4,1.1,1.3,1.6,1.7,1.3,1.1,1,0.9,0.9,0.8,0.7,0.8,0.6,
嘉義,2024/09/21 00:00:00,NO2,2.9,2.4,2.6,2.5,2.1,2.5,5.4,6.3,7.4,8.7,6.1,2.9,4.2,3.8,4.4,3.2,4.2,4.8,5.5,5,3.3,3.2,1.9,1,
嘉義,2024/09/21 00:00:00,NOx,3.3,3.1,3.4,3.4,2.8,3.3,6.7,8.8,11,12.3,8.5,4.1,5.6,5.4,6.1,4.5,5.3,5.8,6.5,5.9,4.2,3.9,2.7,1.7,
嘉義,2024/09/21 00:00:00,O3,20.1,17.3,15.1,12,9,8.5,5.2,6.3,13.8,19,28.9,40.3,34.1,25.6,25.6,28.5,26.8,24.7,19.9,21.4,26.6,25.4,23.5,20.8,
嘉義,2024/09/21 00:00:00,PM10,7,7,9,9,19,23,10,18,13,17,13,13,16,0,4,6,6,5,5,11,6,5,4,2,
嘉義,2024/09/21 00:00:00,PM2.5,0,1,1,3,4,6,7,4,4,8,5,4,7,4,2,4,4,3,3,4,4,2,1,1,
嘉義,2024/09/21 00:00:00,RAINFALL,0,0,0,0,0,0,0,0,0,0,0,0,0,0,0,0,0,0,1,1.5,0.5,0,0,0,
嘉義,2024/09/21 00:00:00,RH,90,90,91,91,91,91,91,90,86,84,77,69,79,75,74,78,78,81,87,92,93,93,93,93,
嘉義,2024/09/21 00:00:00,SO2,0.8,1.3,1.2,1.2,1.2,1.2,1.3,1.4,3.7,6.2,2,2,2,2.8,4,1.8,1.9,1.7,1.5,1.5,1.6,1.5,1.3,1.3,
嘉義,2024/09/21 00:00:00,THC,1.91,1.95,2.06,2.02,2.03,2.04,2.28,2.11,2.14,2.19,1.99,1.9,1.94,1.87,1.88,1.88,1.89,1.85,1.89,1.93,1.9,1.96,1.94,1.9,
嘉義,2024/09/21 00:00:00,WD_HR,98,76,66,98,110,87,91,90,344,68,6,347,5,4,356,329,307,274,193,180,197,214,206,223,
嘉義,2024/09/21 00:00:00,WIND_DIREC,110,109,75,105,112,62,109,52,339,47,30,315,43,20,345,334,288,224,156,204,215,214,159,212,
嘉義,2024/09/21 00:00:00,WIND_SPEED,1.2,0.6,1.1,1.2,1.3,1.4,1,0.4,1,1,2.4,3.4,2,1.9,2.3,1.2,1.3,1.4,0.7,1.3,1.4,1.9,0.8,2.4,
嘉義,2024/09/21 00:00:00,WS_HR,1.5,0.9,0.5,1.1,1.1,1.3,0.8,0.4,0.9,0.5,2,2.1,2.2,2,2,1.6,0.9,1.3,0.6,1.1,1,1.5,1.2,2.3,
嘉義,2024/09/22 00:00:00,AMB_TEMP,26.2,25.9,25.6,25.5,25.5,25.4,26,26,25.4,25.7,27.2,26.9,26.4,25.9,26.3,26.1,25.7,25.2,25.6,25.8,25.3,25.4,25.6,25.3,
嘉義,2024/09/22 00:00:00,CH4,1.86,1.85,1.86,1.84,1.86,1.83,1.84,1.85,1.84,1.86,1.85,1.83,1.84,1.84,1.85,1.84,1.83,1.82,1.83,1.85,1.89,1.92,1.84,1.91,
嘉義,2024/09/22 00:00:00,CO,0.09,0.09,0.09,0.08,0.08,0.08,0.09,0.1,0.1,0.12,0.13,0.1,0.1,0.1,0.1,0.1,0.1,0.09,0.11,0.14,0.16,0.12,0.11,0.13,
嘉義,2024/09/22 00:00:00,NMHC,0,0,0,0,0,0,0,0,0,0,0,0,0,0,0,0,0,0,0,0,0,0,0,0,
嘉義,2024/09/22 00:00:00,NO,0.6,0.3,0.3,0.1,0,0,0,0.3,0.5,0.7,0.9,0.5,0.3,0.2,0.1,0.3,0.3,0.1,0.1,0.2,0.2,0.1,0.1,0.4,
嘉義,2024/09/22 00:00:00,NO2,0.2,2,2.3,1.7,1.4,0.7,1.9,2,2.7,3.4,3.4,2.1,2.3,2.4,2.2,1.9,2,2.3,2,3.4,5.2,3.7,2.2,3.8,
嘉義,2024/09/22 00:00:00,NOx,0.9,2.3,2.6,1.8,1.3,0.8,1.9,2.4,3.3,4.2,4.4,2.7,2.6,2.6,2.4,2.2,2.3,2.5,2.2,3.7,5.4,3.8,2.3,4.2,
嘉義,2024/09/22 00:00:00,O3,21.6,21.6,21.3,22.6,22.4,24.7,21.4,20,18.7,17.7,17,19.9,23,21.9,22.6,20.7,19.7,20.1,20.7,16.4,14,14,15.9,13.1,
嘉義,2024/09/22 00:00:00,PM10,0,0,0,0,0,6,5,4,3,3,3,0,3,6,4,3,6,3,3,6,4,3,3,3,
嘉義,2024/09/22 00:00:00,PM2.5,0,0,0,0,3,1,0,1,0,1,2,4,2,0,0,0,2,2,1,0,0,0,0,1,
嘉義,2024/09/22 00:00:00,RAINFALL,0,6.5,3.5,8.5,10,4.5,0,4,4,0.5,0,3,3.5,2.5,0.5,1.5,3.5,4,0.5,0,0.5,0,1,0,
嘉義,2024/09/22 00:00:00,RH,92,93,93,93,93,93,91,92,93,93,88,89,91,92,91,91,92,92,90,88,92,92,90,91,
嘉義,2024/09/22 00:00:00,SO2,1.2,1.4,1.3,1.6,1.6,1.4,2.1,1.5,1.6,1.9,1.7,1.8,1.8,1.7,1.9,1.7,1.7,1.6,1.5,1.6,1.5,1.6,1.4,1.6,
嘉義,2024/09/22 00:00:00,THC,1.82,1.81,1.82,1.81,1.82,1.8,1.81,1.82,1.81,1.84,1.83,1.8,1.81,1.81,1.82,1.81,1.8,1.79,1.81,1.85,1.89,1.9,1.82,1.9,
嘉義,2024/09/22 00:00:00,WD_HR,214,185,188,189,165,168,193,219,203,209,196,175,191,180,176,172,213,175,168,255,238,178,161,226,
嘉義,2024/09/22 00:00:00,WIND_DIREC,179,192,178,175,135,177,217,218,215,214,181,176,202,178,179,193,193,174,146,294,220,183,198,226,
嘉義,2024/09/22 00:00:00,WIND_SPEED,3.3,3.1,2.6,2.5,1.8,2.9,2.5,3.3,2.6,1.8,3.8,3.3,4.2,3.4,3.2,2.1,3.3,2.9,1.4,1.1,2.4,2.6,0.9,3.1,
嘉義,2024/09/22 00:00:00,WS_HR,2.7,2.5,2.1,2,1.2,1.9,2,2.5,1.9,1.5,1.8,2.6,2.7,2.3,2.4,1.5,3,2.3,1.4,0.7,1.6,1.2,0.9,1.8,
嘉義,2024/09/23 00:00:00,AMB_TEMP,25.5,25.3,25.2,25.7,25.6,25.7,25.9,26.5,28.4,30.2,31.2,32.2,32.3,33.2,32.9,31.6,30.8,27.9,27.9,28.1,27.9,27.2,27,26,
嘉義,2024/09/23 00:00:00,CH4,1.87,1.92,1.97,2.1,2.06,2.24,2.38,2.24,2.05,1.97,1.82,1.8,1.81,1.82,#,1.78,1.8,1.79,1.83,1.88,1.87,1.79,1.85,1.84,
嘉義,2024/09/23 00:00:00,CO,0.08,0.1,0.1,0.1,0.12,0.21,0.34,0.49,0.37,0.19,0.12,0.11,0.12,0.14,#,0.14,0.15,0.3,0.4,0.42,0.19,0.13,0.13,0.11,
嘉義,2024/09/23 00:00:00,NMHC,0,0,0,0,0.05,0.13,0.22,0.2,0.1,0.02,0,0,0,0.01,#,0.06,0.04,0.08,0.16,0.12,0.04,0,0,0,
嘉義,2024/09/23 00:00:00,NO,0.2,0.9,0.8,0.7,0.7,0.8,3.2,8.3,6.6,3.4,1.3,1.2,1,0.8,#,1.4,1.1,1.6,1.3,1.5,0.8,0.6,0.6,0.6,
嘉義,2024/09/23 00:00:00,NO2,1.5,1.5,1.2,1.3,1.9,4.9,7.2,8.7,8.5,4.7,1.5,0.9,0.7,1.2,#,2.6,2.9,8,12.2,12.4,6.5,2.9,2.5,1.5,
嘉義,2024/09/23 00:00:00,NOx,1.8,2.4,2.1,2,2.6,5.7,10.4,17,15.2,8.1,2.9,2.1,1.7,2.1,#,4,4.1,9.7,13.6,13.9,7.4,3.6,3.2,2.1,
嘉義,2024/09/23 00:00:00,O3,16.6,14.3,13.1,11.4,8.5,3.9,2.1,4.1,11.8,16.3,19.8,22.2,26.2,#,#,x,x,x,x,x,x,x,x,x,
嘉義,2024/09/23 00:00:00,PM10,4,3,9,6,3,7,8,15,15,13,10,12,9,9,#,14,21,7,18,14,21,15,13,8,
嘉義,2024/09/23 00:00:00,PM2.5,1,1,0,1,2,3,2,5,5,2,1,2,4,#,4,4,6,5,5,4,6,3,2,1,
嘉義,2024/09/23 00:00:00,RAINFALL,0.5,0,0,0,0,0,0,0,0,0,0,0,0,#,#,0,1.5,0.5,0,0,0,0,4.5,1,
嘉義,2024/09/23 00:00:00,RH,90,92,92,91,92,92,92,91,84,74,68,63,61,57,58,65,70,89,90,90,90,91,92,93,
嘉義,2024/09/23 00:00:00,SO2,1.4,1,1.3,1.2,1,0.9,1.1,4.2,2,1.2,0.9,0.8,0.8,1.1,#,1.1,2.5,0.9,1.1,1.5,1,0.8,0.7,0.7,
嘉義,2024/09/23 00:00:00,THC,1.84,1.9,1.94,2.08,2.11,2.37,2.6,2.44,2.15,1.99,1.82,1.8,1.8,1.83,#,1.84,1.84,1.87,1.99,2,1.91,1.79,1.85,1.84,
嘉義,2024/09/23 00:00:00,WD_HR,226,170,210,178,110,325,94,58,205,226,227,226,226,231,227,229,208,215,114,203,234,228,223,211,
嘉義,2024/09/23 00:00:00,WIND_DIREC,209,211,200,128,232,322,84,353,219,221,225,227,216,242,226,227,109,147,94,184,226,198,229,224,
嘉義,2024/09/23 00:00:00,WIND_SPEED,1.8,1.2,1.4,0.7,0.7,0.9,1.1,0.7,1.9,3.5,3.9,5.1,3.6,4.4,4,3.2,1.8,0.7,0.6,1.2,2.2,1,2.4,1.5,
嘉義,2024/09/23 00:00:00,WS_HR,2.3,0.7,1.3,0.6,0.4,1.1,1,0.5,0.4,2.3,3.8,4.2,3.9,3.5,3.8,3,1.8,0.4,0.3,0.6,1.9,1.6,1.9,1.2,
嘉義,2024/09/24 00:00:00,AMB_TEMP,25.7,25.9,26,26.2,26.1,26.1,26,27,29,30.7,31.6,32.3,33.1,33,33.1,32.5,31.6,30.4,29.5,28.9,28.9,28.4,28.2,28,
嘉義,2024/09/24 00:00:00,CH4,1.88,1.93,1.92,1.91,1.92,1.98,2.04,1.99,1.87,1.82,1.82,1.83,1.83,1.85,1.82,1.82,1.82,1.8,1.8,1.8,1.83,1.84,1.85,1.87,
嘉義,2024/09/24 00:00:00,CO,0.12,0.12,0.12,0.13,0.12,0.16,0.25,0.26,0.33,0.19,0.14,0.13,0.14,0.14,0.12,0.12,0.14,0.19,0.17,0.14,0.14,0.14,0.13,0.13,
嘉義,2024/09/24 00:00:00,NMHC,0.01,0.01,0.35,0.27,0.27,0.23,0.1,0.29,0.25,0.06,0.01,0,0,0,0.01,0.01,0.01,0.02,0.01,0,0.01,0.03,0.01,0.02,
嘉義,2024/09/24 00:00:00,NO,0.7,0.4,0.2,0.1,0.2,0.3,2.1,4.1,2.5,1.1,0.7,0.6,0.8,0.4,0.4,0.6,0.9,0.9,0.7,0.3,0.3,0.5,0.3,0.2,
嘉義,2024/09/24 00:00:00,NO2,2,3.6,4.3,4.2,3.3,4,4.2,4.5,6.1,4.8,2.7,2,2.5,2.3,2,2.3,3.3,4.4,4.6,3.8,4,4.3,3.3,2.9,
嘉義,2024/09/24 00:00:00,NOx,2.7,4.1,4.5,4.3,3.5,4.4,6.3,8.6,8.7,5.9,3.4,2.6,3.3,2.7,2.5,3,4.2,5.3,5.4,4.1,4.4,4.8,3.7,3.2,
嘉義,2024/09/24 00:00:00,O3,x,x,x,x,x,x,x,x,x,x,x,x,x,x,x,x,x,x,x,x,x,x,x,x,
嘉義,2024/09/24 00:00:00,PM10,7,12,10,8,10,20,19,27,20,13,9,9,12,13,10,14,11,8,13,10,11,16,7,9,
嘉義,2024/09/24 00:00:00,PM2.5,1,2,4,5,3,2,3,12,13,9,6,4,5,5,3,4,5,6,6,4,2,2,0,3,
嘉義,2024/09/24 00:00:00,RAINFALL,0,0,0,0,0,0,0,0,0,0,0,0,0,0,0,0,0,0,0,0,0,0,0,0,
嘉義,2024/09/24 00:00:00,RH,93,94,93,93,93,93,93,91,86,69,62,58,55,58,56,60,66,72,81,86,86,84,80,80,
嘉義,2024/09/24 00:00:00,SO2,0.8,1.2,1.4,1.1,0.4,0.4,0.6,0.8,0.9,1.1,1,1,0.9,0.9,0.7,0.4,0.2,0.2,0.2,0.2,0.3,0.4,0.4,0.3,
嘉義,2024/09/24 00:00:00,THC,1.89,1.94,2.27,2.18,2.19,2.21,2.14,2.28,2.12,1.88,1.83,1.83,1.83,1.85,1.83,1.83,1.83,1.82,1.81,1.8,1.84,1.87,1.86,1.89,
嘉義,2024/09/24 00:00:00,WD_HR,218,126,106,104,100,110,107,101,62,214,252,243,268,258,249,247,255,273,292,258,113,105,103,125,
嘉義,2024/09/24 00:00:00,WIND_DIREC,204,112,109,99,110,116,112,65,77,230,246,237,248,245,267,249,264,262,265,222,91,113,118,118,
嘉義,2024/09/24 00:00:00,WIND_SPEED,0.7,0.9,0.4,0.9,0.6,1.2,0.7,0.7,1,1.8,2.3,2,2.1,2.7,2.9,2.9,2.8,2.3,2.1,0.6,1.4,1.3,1,1.1,
嘉義,2024/09/24 00:00:00,WS_HR,0.9,0.4,0.6,0.5,0.5,1.2,0.9,0.8,0.5,0.8,1.8,2,1.9,2.2,2.6,2.8,2.7,2.4,1.7,1,0.6,1,1.1,0.8,
嘉義,2024/09/25 00:00:00,AMB_TEMP,27.7,27.5,27.3,27.3,27.3,27.3,27.3,28.4,30.2,31.1,31.8,32.9,32.5,32.4,32.1,32.1,31.4,30.2,29.4,29,29,28.8,28.6,28.5,
嘉義,2024/09/25 00:00:00,CH4,1.89,1.87,1.87,1.86,1.87,1.91,1.96,1.95,1.93,1.97,1.98,1.88,1.87,1.83,1.83,1.83,1.83,1.84,1.85,1.88,1.9,2,1.98,2.09,
嘉義,2024/09/25 00:00:00,CO,0.11,0.1,0.09,0.09,0.09,0.11,0.16,0.24,0.24,0.18,0.17,0.14,0.15,0.12,0.12,0.12,0.14,0.21,0.16,0.17,0.19,0.23,0.18,0.19,
嘉義,2024/09/25 00:00:00,NMHC,0.01,0,0,0,0,0,0.03,0.06,0.06,0.04,0.03,0.01,0.01,0,0,0,0.01,0.03,0.01,0.02,0.04,0.08,0.07,0.08,
嘉義,2024/09/25 00:00:00,NO,0.4,0.4,0.6,0.6,0.4,0.7,1.4,3.9,3.7,3.1,2.8,1.3,1.2,1.3,1,1.2,1,1.4,1,0.6,0.8,0.7,0.6,0.7,
嘉義,2024/09/25 00:00:00,NO2,2.3,2.3,1.6,1.5,1.4,2.3,4.5,5.4,5.9,6.1,6.9,3.3,3,2.7,2.6,2.5,3.1,7.2,7.1,6.4,9.2,10,9.1,9,
嘉義,2024/09/25 00:00:00,NOx,2.7,2.7,2.3,2.2,1.9,3,5.9,9.3,9.6,9.3,9.7,4.6,4.3,4.1,3.6,3.7,4.2,8.6,8.1,7,10,10.7,9.8,9.8,
嘉義,2024/09/25 00:00:00,O3,x,x,x,x,x,x,x,x,x,x,x,x,34,35.7,35.6,33.3,34.6,22.3,23,27.4,23.7,20.1,19.7,16.7,
嘉義,2024/09/25 00:00:00,PM10,15,12,9,10,15,8,16,14,14,19,15,11,15,4,8,7,5,13,9,13,14,26,19,22,
嘉義,2024/09/25 00:00:00,PM2.5,2,0,0,2,0,1,1,0,6,5,4,5,6,4,1,0,4,4,1,0,3,6,9,11,
嘉義,2024/09/25 00:00:00,RAINFALL,0,0,0,0,0,0,0,0,0,0,0,0,0,0,0,0,0,0,0,0,0,0,0,0,
嘉義,2024/09/25 00:00:00,RH,82,82,80,80,77,77,78,74,68,67,63,55,62,63,63,62,65,72,77,82,83,85,86,87,
嘉義,2024/09/25 00:00:00,SO2,0.5,1.3,1.3,1.4,1.5,1.5,2.4,2.5,2.3,2.4,2.7,#,2.1,2.2,2.2,1.9,2.1,2.4,2.2,2.2,2.6,3.1,2.6,3.7,
嘉義,2024/09/25 00:00:00,THC,1.9,1.87,1.86,1.86,1.87,1.91,1.99,2.01,1.99,2.01,2.01,1.89,1.88,1.83,1.83,1.83,1.84,1.87,1.86,1.9,1.94,2.08,2.05,2.17,
嘉義,2024/09/25 00:00:00,WD_HR,113,111,107,117,120,115,91,77,106,288,287,327,310,305,327,337,317,325,318,333,1,29,35,25,
嘉義,2024/09/25 00:00:00,WIND_DIREC,118,107,120,144,115,110,34,63,240,331,323,291,291,295,336,335,317,329,317,346,4,44,2,53,
嘉義,2024/09/25 00:00:00,WIND_SPEED,1.2,0.8,1.1,0.8,1,1.3,0.6,0.9,1.4,2.1,1.8,2.4,3.4,3.9,2.7,2.5,4,3.1,3,2,1.9,1.5,2.3,2.1,
嘉義,2024/09/25 00:00:00,WS_HR,1.3,1,1.1,0.9,0.9,0.9,0.7,0.3,0.2,1.3,1.2,1.7,2.7,3.5,3,2.4,3,3.1,3.1,2.1,1.6,1.3,1.4,1.6,
嘉義,2024/09/26 00:00:00,AMB_TEMP,28.2,28.1,28,27.9,27.8,27.5,27.4,28.2,29.5,31,31.6,32.8,33.4,33.8,33.3,32.4,31.8,30.9,30.1,29.4,29.1,28.8,28.7,28.6,
嘉義,2024/09/26 00:00:00,CH4,2.13,2.2,2.18,2.12,2.12,2.04,2.01,2.01,1.94,1.92,1.95,1.9,1.93,1.93,1.92,1.9,1.9,1.92,1.95,2,2.05,2.05,2.1,2.1,
嘉義,2024/09/26 00:00:00,CO,0.19,0.23,0.22,0.22,0.22,0.21,0.21,0.24,0.36,0.31,0.26,0.2,0.23,0.22,0.18,0.18,0.2,0.27,0.3,0.28,0.29,0.28,0.29,0.29,
嘉義,2024/09/26 00:00:00,NMHC,0.1,0.08,0.09,0.12,0.13,0.09,0.06,0.08,0.08,0.05,0.02,0.02,0.03,0.02,0,0.01,0.01,0.04,0.06,0.05,0.06,0.04,0.07,0.06,
嘉義,2024/09/26 00:00:00,NO,0.8,1.1,0.9,0.9,0.9,0.9,1.6,3.2,2.5,2.5,1.9,1.4,1.1,1,1.1,1.1,1.2,1.2,0.9,0.8,2.1,1.1,0.9,1,
嘉義,2024/09/26 00:00:00,NO2,11.7,12.6,11.5,9.9,9.5,7.7,5.6,4.8,6.9,7.3,6.6,4.3,4.3,3.9,3,2.8,3.6,5.7,8.8,8.3,11.5,9.4,11.3,10.5,
嘉義,2024/09/26 00:00:00,NOx,12.6,13.7,12.4,10.8,10.4,8.6,7.2,8,9.4,9.8,8.6,5.7,5.5,5,4.1,3.9,4.9,6.9,9.8,9.2,13.6,10.6,12.2,11.5,
嘉義,2024/09/26 00:00:00,O3,10,9.4,14.8,14.1,11.2,11.3,4.8,11.1,29.1,35.8,42.1,48.5,59.2,64.8,54.8,47.9,42.4,38,33.1,29.2,22.1,23.6,20.2,21.2,
嘉義,2024/09/26 00:00:00,PM10,29,30,37,43,39,32,22,33,30,18,18,15,21,21,15,13,16,13,17,21,32,27,40,34,
嘉義,2024/09/26 00:00:00,PM2.5,12,16,23,21,14,15,10,11,17,8,13,10,11,16,7,5,4,3,6,8,18,6,11,12,
嘉義,2024/09/26 00:00:00,RAINFALL,0,0,0,0,0,0,0,0,0,0,0,0,0,0,0,0,0,0,0,0,0,0,0,0,
嘉義,2024/09/26 00:00:00,RH,88,89,89,89,89,90,89,87,81,66,63,58,55,57,62,64,65,69,73,81,84,87,87,87,
嘉義,2024/09/26 00:00:00,SO2,2.7,3.2,3.4,2.2,2,1.6,1.1,1.1,2.9,4,2.8,1.8,1.5,1.8,1.6,1.5,1.4,1.4,1.6,1.6,3,2.6,3.5,5.1,
嘉義,2024/09/26 00:00:00,THC,2.23,2.28,2.27,2.24,2.25,2.13,2.07,2.09,2.02,1.97,1.97,1.92,1.96,1.95,1.92,1.91,1.91,1.96,2.01,2.05,2.11,2.09,2.17,2.16,
嘉義,2024/09/26 00:00:00,WD_HR,25,348,27,354,71,98,107,99,26,358,346,354,357,347,332,328,340,356,356,349,322,355,347,49,
嘉義,2024/09/26 00:00:00,WIND_DIREC,3,355,61,351,79,147,96,72,332,341,340,329,345,340,332,319,342,26,346,343,307,3,353,110,
嘉義,2024/09/26 00:00:00,WIND_SPEED,1.1,1.7,1,1.3,1.5,0.7,1.1,1.6,2.9,2.6,3.6,3.8,3,3.9,4.4,4.8,3.4,2.1,2,2.2,2.2,1.7,1.1,1.5,
嘉義,2024/09/26 00:00:00,WS_HR,1.2,1.3,1.2,1.2,1.1,0.5,0.9,1.3,1.8,2.2,2.9,2.6,3,2.9,3.8,3.9,3.4,2.4,2.3,1.9,1.5,1.4,1.2,0.9,
嘉義,2024/09/27 00:00:00,AMB_TEMP,28.1,27.7,27.3,26.9,26.9,27.3,27.3,27.8,28.3,29,30.2,31.9,32.1,32,31.5,31.7,31.1,30.1,29.4,28.7,28.4,28.2,28.1,27.9,
嘉義,2024/09/27 00:00:00,CH4,2.11,2.17,2.46,2.53,2.38,2.25,2.19,2.2,2.17,2.22,2.06,2,1.97,1.95,1.93,1.91,1.91,1.92,1.93,1.95,1.96,1.99,2.02,2,
嘉義,2024/09/27 00:00:00,CO,0.25,0.27,0.26,0.23,0.24,0.24,0.26,0.4,0.43,0.46,0.5,0.3,0.23,0.19,0.19,0.19,0.19,0.26,0.41,0.44,0.31,0.28,0.24,0.22,
嘉義,2024/09/27 00:00:00,NMHC,0.04,0.06,0.06,0.02,0.02,0.03,0.04,0.06,0.07,0.09,0.07,0.03,0.01,0,0.01,0,0.01,0.04,0.05,0.04,0.05,0.06,0.05,0.05,
嘉義,2024/09/27 00:00:00,NO,1.2,0.3,0.5,0.4,0.5,0.6,0.5,1.2,1.6,1.8,2.1,1,0.7,0.7,0.7,0.7,0.8,0.8,0.7,0.7,0.5,0.6,0.6,0.6,
嘉義,2024/09/27 00:00:00,NO2,7.5,7.2,7.9,5.6,5.9,5.7,5.7,6.8,7.9,9.3,9.2,6,3.9,3.2,3.6,3.6,3.9,6.5,13.3,13.7,11.8,13.5,13.1,9.3,
嘉義,2024/09/27 00:00:00,NOx,8.7,7.6,8.5,6.1,6.4,6.3,6.2,8,9.6,11.1,11.4,7.1,4.6,4,4.3,4.3,4.8,7.4,14,14.5,12.4,14.2,13.7,9.9,
嘉義,2024/09/27 00:00:00,O3,12.6,10.6,9.5,10.3,13.4,13.3,14,17.7,23.5,27.6,46.8,58.1,58,53.5,48.8,46.8,43.6,38.4,26,21.8,21.5,14.7,16.6,17.1,
嘉義,2024/09/27 00:00:00,PM10,25,23,30,29,27,42,43,47,60,58,39,41,34,26,21,28,34,32,34,32,35,37,28,26,
嘉義,2024/09/27 00:00:00,PM2.5,11,11,11,8,13,14,19,26,30,27,19,22,14,14,13,14,13,10,15,20,14,19,16,10,
嘉義,2024/09/27 00:00:00,RAINFALL,0,0,0,0,0,0,0,0,0,0,0,0,0,0,0,0,0,0,0,0,0,0,0,0,
嘉義,2024/09/27 00:00:00,RH,88,89,91,92,92,91,91,90,88,86,74,64,63,65,67,67,69,73,77,82,82,84,85,86,
嘉義,2024/09/27 00:00:00,SO2,2,1.4,1.6,1.3,1.5,1.8,2.1,2.4,2.4,2.6,3.3,3.1,2.1,1.5,1.6,1.4,1.3,1.6,2,2.6,2.3,2,1.9,1.6,
嘉義,2024/09/27 00:00:00,THC,2.15,2.23,2.52,2.55,2.4,2.28,2.23,2.26,2.24,2.31,2.13,2.03,1.98,1.95,1.94,1.91,1.92,1.96,1.98,1.99,2.01,2.05,2.07,2.05,
嘉義,2024/09/27 00:00:00,WD_HR,115,215,213,204,216,116,228,162,230,249,296,325,325,334,340,342,348,355,353,357,4,359,40,31,
嘉義,2024/09/27 00:00:00,WIND_DIREC,122,216,203,206,212,141,236,235,224,255,322,316,323,322,340,340,353,356,351,11,6,0,77,4,
嘉義,2024/09/27 00:00:00,WIND_SPEED,0.8,1.4,1.3,0.7,0.7,0.5,1.6,1.3,1.3,2.2,2.3,3.3,3.1,4.1,3.9,4,4.4,3.5,3.2,2.6,2.3,2,1.1,1.6,
嘉義,2024/09/27 00:00:00,WS_HR,1,0.9,1.4,0.8,0.7,0.7,0.7,0.3,1.3,1.5,1.9,2.2,2.7,3.1,3.5,3.4,3.6,3.5,3.1,2.6,2.2,1.9,1.1,0.7,
嘉義,2024/09/28 00:00:00,AMB_TEMP,27.8,27.6,27.1,26.8,26.6,26,26.1,26.7,28.5,29.1,30.5,31.5,32.2,32.7,32.4,32.5,32.3,31,30.4,29.7,29.2,29,28.6,28.1,
嘉義,2024/09/28 00:00:00,CH4,1.99,2.02,2.15,2.25,2.1,2.28,2.7,2.23,2.1,2.01,2.04,2.02,2,1.95,1.95,1.94,1.95,1.95,1.98,2.01,2.04,2.05,2.1,2.19,
嘉義,2024/09/28 00:00:00,CO,0.2,0.23,0.23,0.23,0.22,0.24,0.31,0.27,0.31,0.29,0.3,0.27,0.23,0.21,0.22,0.2,0.23,0.3,0.32,0.36,0.32,0.34,0.34,0.33,
嘉義,2024/09/28 00:00:00,NMHC,0.04,0.06,0.06,0.06,0.05,0.06,0.04,0.04,0.07,0.06,0.04,0.03,0,0,0,0.01,0.02,0.05,0.06,0.08,0.07,0.08,0.09,0.09,
嘉義,2024/09/28 00:00:00,NO,0.4,1.2,1,0.9,0.8,0.9,2.1,3,3.2,2.1,1.5,1,0.9,0.9,0.7,0.7,0.8,0.7,0.9,0.9,0.7,1,0.9,0.8,
嘉義,2024/09/28 00:00:00,NO2,8.5,9.9,8.9,8.8,7.5,7.7,7.8,6.3,6.6,6.3,6.1,5,3.3,2.7,3.5,3.3,4.1,7.9,9.3,12.3,11.1,11.6,12.8,13.1,
嘉義,2024/09/28 00:00:00,NOx,8.9,11.1,10,9.8,8.4,8.7,10,9.3,9.8,8.5,7.7,6.1,4.3,3.7,4.3,4.1,5,8.7,10.2,13.3,11.9,12.7,13.7,13.9,
嘉義,2024/09/28 00:00:00,O3,17,13,10.2,7.2,8.4,7.9,4.7,12.2,18,31.5,48.2,60,59.8,57.9,56.9,56.5,56.5,47.6,38.8,30.5,25.8,21.2,17.1,14.4,
嘉義,2024/09/28 00:00:00,PM10,27,25,24,27,27,39,32,30,32,31,29,29,25,21,29,23,36,56,44,53,47,43,31,34,
嘉義,2024/09/28 00:00:00,PM2.5,11,12,13,15,17,22,14,14,19,19,22,19,14,14,17,11,10,16,15,24,19,18,17,22,
嘉義,2024/09/28 00:00:00,RAINFALL,0,0,0,0,0,0,0,0,0,0,0,0,0,0,0,0,0,0,0,0,0,0,0,0,
嘉義,2024/09/28 00:00:00,RH,86,86,88,90,90,91,92,90,85,80,70,65,61,58,58,57,60,66,66,73,74,73,73,77,
嘉義,2024/09/28 00:00:00,SO2,1.8,2.2,1.4,1.4,1.4,1.2,1.6,1.9,1.7,1.5,1.4,1.4,1.2,1.2,1.6,1.5,1.4,1.6,1.4,1.7,1.4,1.6,1.5,1.9,
嘉義,2024/09/28 00:00:00,THC,2.03,2.08,2.21,2.31,2.15,2.34,2.74,2.27,2.17,2.07,2.08,2.05,2,1.95,1.95,1.95,1.97,2,2.04,2.09,2.11,2.13,2.19,2.28,
嘉義,2024/09/28 00:00:00,WD_HR,2,31,200,162,197,223,171,149,356,1,329,278,275,276,338,39,358,356,358,349,15,305,22,279,
嘉義,2024/09/28 00:00:00,WIND_DIREC,23,103,212,165,226,217,115,103,6,262,338,283,238,297,329,21,349,5,341,335,91,359,348,3,
嘉義,2024/09/28 00:00:00,WIND_SPEED,1.3,0.7,1.2,0.8,1.4,1.5,1.1,1.1,2.2,1.1,1.9,2.4,2.1,2.5,2.1,2.2,4.1,3.1,2.8,2.3,1,2.6,1.4,1.9,
嘉義,2024/09/28 00:00:00,WS_HR,1.5,0.6,0.5,0.4,0.6,1.4,0.6,0.3,1.3,1.2,1.2,1.3,1.8,2.1,1.6,1.4,2.7,3.2,2.5,2.3,1.2,0.7,0.8,0.6,
嘉義,2024/09/29 00:00:00,AMB_TEMP,28,27.9,27.5,27.4,26.8,26.8,27.2,27.9,29.1,31.1,32.1,32.9,33.1,33.3,33,32.5,32.2,31.5,30.7,30.3,30,30,30,29.7,
嘉義,2024/09/29 00:00:00,CH4,2.27,2.3,2.23,2.22,2.4,2.57,2.42,2.07,2.05,1.97,1.97,1.97,1.97,1.95,1.96,1.96,1.97,1.95,1.99,1.99,2,2.1,2.09,2.06,
嘉義,2024/09/29 00:00:00,CO,0.31,0.33,0.3,0.29,0.3,0.32,0.35,0.36,0.37,0.28,0.26,0.25,0.23,0.22,0.22,0.2,0.22,0.25,0.24,0.23,0.25,0.27,0.27,0.26,
嘉義,2024/09/29 00:00:00,NMHC,0.09,0.11,0.08,0.08,0.08,0.1,0.1,0.08,0.07,0.04,0.02,0.01,0,0,0,0.02,0.01,0.03,0.02,0.02,0.02,0.05,0.06,0.05,
嘉義,2024/09/29 00:00:00,NO,0.7,0.9,0.5,0.3,0.4,0.9,1.4,1.5,1.5,1,0.6,0.6,0.6,0.7,0.4,0.5,0.6,0.5,0.4,0.5,0.5,0.5,0.4,0.4,
嘉義,2024/09/29 00:00:00,NO2,12.7,13.6,10.7,8.1,7.3,11.5,9.9,7,6.9,4.2,3.1,2.8,2.4,2,2.3,2.9,4,5.1,5.6,4.9,5.2,6.5,6.9,6.7,
嘉義,2024/09/29 00:00:00,NOx,13.4,14.5,11.3,8.4,7.7,12.4,11.3,8.5,8.4,5.3,3.7,3.5,3,2.7,2.8,3.5,4.6,5.6,6,5.4,5.7,7,7.3,7.2,
嘉義,2024/09/29 00:00:00,O3,13.1,10.1,7.6,7.7,9.5,4.1,7.4,20.8,29.2,42.6,52.1,58.2,60.8,60.3,61.9,69.4,74.9,67.4,56.2,48.1,42.4,39.3,35.1,30.3,
嘉義,2024/09/29 00:00:00,PM10,27,36,32,33,40,36,32,35,30,30,33,31,29,25,27,36,42,42,38,34,35,39,35,38,
嘉義,2024/09/29 00:00:00,PM2.5,17,12,18,18,19,17,18,16,20,18,13,15,18,10,13,17,20,17,17,17,11,17,15,15,
嘉義,2024/09/29 00:00:00,RAINFALL,0,0,0,0,0,0,0,0,0,0,0,0,0,0,0,0,0,0,0,0,0,0,0,0,
嘉義,2024/09/29 00:00:00,RH,78,79,86,88,89,88,88,85,77,65,61,59,57,56,59,66,66,69,73,75,75,75,75,80,
嘉義,2024/09/29 00:00:00,SO2,2.1,2.7,1.9,1.5,1.5,1.6,1.8,2.2,2.6,2.1,1.9,2,2,2,1.9,2.3,2.5,2.9,2.5,2.1,1.9,2.1,2.5,2.3,
嘉義,2024/09/29 00:00:00,THC,2.36,2.41,2.31,2.3,2.48,2.67,2.52,2.15,2.12,2.01,1.99,1.98,1.97,1.95,1.96,1.98,1.98,1.98,2.01,2.01,2.02,2.15,2.15,2.11,
嘉義,2024/09/29 00:00:00,WD_HR,18,339,128,116,224,92,55,54,47,16,334,322,248,243,258,265,283,287,237,259,299,30,58,150,
嘉義,2024/09/29 00:00:00,WIND_DIREC,2,223,123,106,203,68,38,41,14,350,306,262,257,230,294,256,280,252,238,314,358,63,119,105,
嘉義,2024/09/29 00:00:00,WIND_SPEED,1.9,1.6,0.7,0.8,0.6,1.5,1.6,1.8,2.8,3.1,2.7,1.8,3.1,2.3,3,2.8,2.3,1.9,1.7,1.1,2.2,1.2,1,0.8,
嘉義,2024/09/29 00:00:00,WS_HR,1.3,0.3,0.6,0.4,0.7,0.1,1.4,1.8,1.5,2.3,1.9,1.4,1.8,2,2,2,2.1,1.7,1.7,1.2,1.1,1.5,0.6,0.4,
嘉義,2024/09/30 00:00:00,AMB_TEMP,29.2,28.7,28.4,28.3,28.4,28,27.9,28.1,28.5,29.2,29.7,30.5,31.5,31.9,33,32.4,31.4,30.5,30.1,29.9,29.9,29.7,29.1,29.1,
嘉義,2024/09/30 00:00:00,CH4,2.12,2.17,2.09,2.05,2.07,2.04,2.07,2.09,2.05,2.18,2.05,2.11,2.16,#,#,2.04,2.03,2.02,2.04,2.06,2.06,2.21,2.17,2.1,
嘉義,2024/09/30 00:00:00,CO,0.28,0.25,0.22,0.2,0.2,0.19,0.26,0.42,0.42,0.48,0.43,#,0.27,0.24,0.26,0.28,0.25,0.27,0.28,0.32,0.32,0.4,0.32,0.26,
嘉義,2024/09/30 00:00:00,NMHC,0.06,0.04,0.03,0.03,0.06,0.03,0.05,0.11,0.11,0.15,0.12,0.06,0.04,#,#,0.06,0.04,0.04,0.06,0.07,0.09,0.14,0.09,0.06,
嘉義,2024/09/30 00:00:00,NO,0.5,0.6,0.5,0.6,0.5,0.5,0.5,1.6,2.1,4.1,3.5,#,#,0.6,0.7,0.8,0.5,0.5,0.6,0.7,0.7,0.8,0.6,0.6,
嘉義,2024/09/30 00:00:00,NO2,6.5,4.5,2.9,2.3,2.4,2.6,4.3,8,11.2,14.7,14,#,#,5.7,6.2,6.6,6.9,7.4,7.7,9.6,10.6,12.3,10.7,6.5,
嘉義,2024/09/30 00:00:00,NOx,7,5.2,3.4,2.9,2.9,3.2,4.9,9.6,13.3,18.9,17.5,#,#,6.4,7,7.4,7.5,7.9,8.3,10.3,11.3,13.2,11.3,7.1,
嘉義,2024/09/30 00:00:00,O3,23.3,20.2,19.8,18.9,16.6,14.1,11.2,11.2,13.8,16.6,27.8,48.4,51,59.1,#,86.6,69.2,60.5,48.9,41.5,42.6,36,24.3,26,
嘉義,2024/09/30 00:00:00,PM10,32,32,34,21,31,26,25,41,36,50,47,#,53,35,38,60,41,47,42,40,46,49,45,38,
嘉義,2024/09/30 00:00:00,PM2.5,13,16,16,17,15,11,11,16,18,23,22,#,21,16,27,26,20,22,18,21,21,22,23,24,
嘉義,2024/09/30 00:00:00,RAINFALL,0,0,0,0,0,0,0,0,0,0,0,0,0,0,0,0,0,0,0,0,0,0,0,0,
嘉義,2024/09/30 00:00:00,RH,86,88,87,86,86,85,85,85,85,84,80,77,72,67,61,66,73,76,82,85,84,84,88,88,
嘉義,2024/09/30 00:00:00,SO2,1.8,1.4,1.1,1.1,1,1,1.1,1.2,2.3,1.8,2,#,2.1,2.2,1.8,1.8,1.9,2.1,1.9,1.7,1.8,2,1.9,1.6,
嘉義,2024/09/30 00:00:00,THC,2.18,2.21,2.12,2.08,2.13,2.07,2.12,2.2,2.16,2.33,2.17,2.17,2.2,#,#,2.1,2.07,2.06,2.1,2.13,2.15,2.35,2.26,2.16,
嘉義,2024/09/30 00:00:00,WD_HR,110,119,102,109,100,104,113,113,97,15,227,240,#,237,234,237,239,224,242,313,317,10,179,127,
嘉義,2024/09/30 00:00:00,WIND_DIREC,123,122,106,230,110,89,98,99,278,102,262,182,#,244,228,353,242,230,259,25,10,209,169,191,
嘉義,2024/09/30 00:00:00,WIND_SPEED,0.8,0.9,0.7,0.7,1.2,1.6,1.3,1.3,1.1,1.5,1.6,1.4,#,2.3,3.2,1.5,2.7,1.6,0.9,1.1,1,1.4,0.7,1,
嘉義,2024/09/30 00:00:00,WS_HR,0.7,0.8,0.9,0.7,0.9,1.2,0.9,1.1,0.5,0.9,0.9,1.4,#,2,1.8,1.2,2.3,2,1.4,0.9,0.7,0.6,0.9,0.7,
嘉義,2024/10/01 00:00:00,AMB_TEMP,28.7,28.4,28.3,28.1,27.8,28.3,28.2,28.8,29.2,29.6,29.8,30.1,30.8,30.8,30.4,30,29.6,29.3,29.2,29.3,29.1,28.8,28.3,27.1,
嘉義,2024/10/01 00:00:00,CH4,2.1,2.17,2.16,2.15,2.1,2.12,2.17,2.02,2.08,2.06,1.94,1.92,1.93,1.91,1.86,1.9,1.92,1.92,1.9,1.95,1.99,2.02,2.1,1.96,
嘉義,2024/10/01 00:00:00,CO,0.25,0.25,0.24,0.21,0.16,0.23,0.24,0.26,0.3,0.25,0.2,0.2,0.18,0.17,0.14,0.19,0.25,0.3,0.24,0.25,0.24,0.25,0.23,0.18,
嘉義,2024/10/01 00:00:00,NMHC,0.05,0.04,0.03,0.05,0.06,0.09,0.1,0.04,0.09,0.05,0.02,0.05,0.02,0.04,0.01,0.01,0.05,0.06,0.04,0.07,0.07,0.06,0.05,0.04,
嘉義,2024/10/01 00:00:00,NO,0.7,1,0.7,0.6,0.7,0.7,0.9,1.3,1.9,1.5,1.2,1.2,1,1,1.1,1.1,0.8,0.9,0.7,0.8,0.8,0.9,0.9,0.7,
嘉義,2024/10/01 00:00:00,NO2,5,4.2,4.1,3.9,3,4.5,7.4,5.9,8,7.2,4.9,4.2,3.7,4,3.1,3.6,6.3,7.2,6.3,7.5,8.4,9.3,6.1,5,
嘉義,2024/10/01 00:00:00,NOx,5.7,5.2,4.8,4.6,3.7,5.3,8.3,7.3,9.9,8.8,6.2,5.4,4.7,5,4.3,4.7,7.2,8.1,7,8.4,9.3,10.3,7.1,5.7,
嘉義,2024/10/01 00:00:00,O3,25.8,24,18.9,15.1,14.7,19.1,14,19.4,24.2,27.6,39,40,48.4,45.7,35.9,44.7,45.3,36.2,27.5,24.1,19.9,16.9,17.4,24.1,
嘉義,2024/10/01 00:00:00,PM10,40,29,33,34,25,34,37,35,33,49,32,28,35,38,32,40,33,35,34,34,41,43,27,14,
嘉義,2024/10/01 00:00:00,PM2.5,25,22,21,16,14,13,20,13,19,21,18,14,16,15,9,11,8,11,9,11,19,20,12,8,
嘉義,2024/10/01 00:00:00,RAINFALL,0,0,0,0,0,0,0,0,0,0,0,0,0,0,0,0,0,0,0,0,0,0,0.5,2.5,
嘉義,2024/10/01 00:00:00,RH,89,90,90,90,87,87,87,85,85,85,87,85,82,82,83,83,84,85,87,86,88,89,91,91,
嘉義,2024/10/01 00:00:00,SO2,1.7,1.5,1.4,1.4,1.1,1.1,1.5,1.4,1.8,2.1,1.6,1.4,1.3,1.4,1.3,1.5,1.6,1.4,1.2,1.6,1.6,1.5,1.3,1.1,
嘉義,2024/10/01 00:00:00,THC,2.15,2.21,2.19,2.2,2.16,2.21,2.27,2.06,2.17,2.11,1.96,1.97,1.95,1.95,1.87,1.91,1.97,1.98,1.94,2.02,2.06,2.08,2.15,2,
嘉義,2024/10/01 00:00:00,WD_HR,237,181,181,115,105,1,111,183,211,185,206,211,232,232,259,292,327,355,14,44,9,225,49,54,
嘉義,2024/10/01 00:00:00,WIND_DIREC,234,175,119,119,85,34,123,229,182,202,186,226,231,238,286,321,315,13,50,64,11,226,66,53,
嘉義,2024/10/01 00:00:00,WIND_SPEED,1.7,1.2,0.6,0.9,1.3,1.7,1.5,1.5,1.5,2.2,1.8,2.1,2.9,2.4,2.7,2.7,2.5,1.2,2,2.3,1.7,1.5,2,2.6,
嘉義,2024/10/01 00:00:00,WS_HR,1,0.4,0.4,0.9,0.9,1.1,0.8,0.5,1,1.2,1.8,1.7,2.7,2.6,2.5,2.1,2.4,1.7,1.6,1.7,1.9,1.1,0.6,2.1,
嘉義,2024/10/02 00:00:00,AMB_TEMP,27.1,27,26.9,26.9,26.6,26.6,26.2,26.2,26.7,26.7,27.3,27.6,27.9,28.2,27.9,27.5,27.1,26.5,25.8,25.7,25.3,25.1,24.9,24.5,
嘉義,2024/10/02 00:00:00,CH4,2.01,1.94,2,2.02,2.02,2.04,2.03,2,1.95,1.95,1.95,1.95,1.96,1.93,1.94,1.94,1.93,1.96,1.96,1.96,1.96,1.99,2.02,2.01,
嘉義,2024/10/02 00:00:00,CO,0.18,0.14,0.13,0.17,0.16,0.19,0.23,0.23,0.21,0.2,0.2,0.19,0.21,0.19,0.19,0.18,0.18,0.22,0.22,0.21,0.21,0.2,0.2,0.18,
嘉義,2024/10/02 00:00:00,NMHC,0.06,0.04,0.03,0.06,0.07,0.08,0.09,0.07,0.07,0.05,0.06,0.05,0.05,0.05,0.05,0.03,0.03,0.04,0.05,0.04,0.04,0.03,0.03,0.02,
嘉義,2024/10/02 00:00:00,NO,0.6,0.1,0,0,0.3,0.2,0.3,0.8,1,0.9,1.3,1,0.6,0.4,0.4,0.4,0.2,0.1,0.1,0,0.1,0.2,0,0,
嘉義,2024/10/02 00:00:00,NO2,5.4,6.3,5.2,5.5,6,6.1,7.7,7.9,5.9,5.7,5.7,5.2,4.9,4.3,4.8,4.5,4.3,5.6,6.2,5.6,5.9,6.5,6.2,4.9,
嘉義,2024/10/02 00:00:00,NOx,6.1,6.5,5.3,5.5,6.3,6.3,8,8.8,7,6.7,7.1,6.3,5.6,4.7,5.3,5,4.6,5.8,6.4,5.7,6.1,6.8,6.1,4.8,
嘉義,2024/10/02 00:00:00,O3,20.1,21,19.9,15.2,12.8,14.8,12,14.6,19.1,23.4,26.6,28.7,31.3,40.4,38.1,36.6,36.4,32.6,30.2,29.4,29.9,28.9,27,29.6,
嘉義,2024/10/02 00:00:00,PM10,21,24,22,24,21,29,25,16,18,14,19,21,21,35,49,41,40,40,26,30,26,24,16,13,
嘉義,2024/10/02 00:00:00,PM2.5,10,8,9,9,16,14,11,8,8,7,14,12,14,14,16,10,12,13,13,11,9,6,7,6,
嘉義,2024/10/02 00:00:00,RAINFALL,0,0,0,0.5,0,0,0,0,0,0.5,0,0,0,0,0,0,0,0.5,0,0,0,0,1,0.5,
嘉義,2024/10/02 00:00:00,RH,91,92,92,92,93,92,92,89,87,88,86,85,84,84,87,86,84,86,88,88,88,88,90,90,
嘉義,2024/10/02 00:00:00,SO2,1,A,1,1.1,1,1.2,1,1.4,#,1.2,1.3,1.2,1,0.8,0.8,0.7,0.6,0.6,0.6,0.7,1.2,1,0.6,0.6,
嘉義,2024/10/02 00:00:00,THC,2.07,1.98,2.03,2.08,2.09,2.12,2.12,2.07,2.02,2,2.01,2,2.01,1.98,1.99,1.97,1.96,2,2.01,2,2,2.02,2.05,2.03,
嘉義,2024/10/02 00:00:00,WD_HR,34,39,15,52,31,22,18,357,354,16,1,6,13,19,9,21,18,6,6,8,1,358,4,352,
嘉義,2024/10/02 00:00:00,WIND_DIREC,45,2,27,46,34,55,349,5,357,19,353,9,12,43,6,33,4,3,14,12,1,352,22,3,
嘉義,2024/10/02 00:00:00,WIND_SPEED,3.1,1.8,2.5,1.1,1.7,1.5,2.3,2.2,1.4,2.1,2.7,2.9,2.9,2.9,3.6,4.1,3.2,3.4,3.1,2.8,1.6,2,1.3,2.9,
嘉義,2024/10/02 00:00:00,WS_HR,1.9,1.8,2.1,1.2,1.6,1.7,1.5,2.2,1.7,1.7,1.9,2,2.3,2.1,3.1,3.6,3.5,3.1,2.9,2.8,2.3,1.5,1.5,1.6,
嘉義,2024/10/03 00:00:00,AMB_TEMP,24.3,24.3,24.2,24,23.9,24,24.2,24.5,25,25.8,26.4,26.5,26.6,26,25.9,26.1,26.1,25.9,25.5,25.2,25.1,25,24.8,24.9,
嘉義,2024/10/03 00:00:00,CH4,2.01,1.98,2.01,1.98,1.97,1.95,1.96,1.97,1.97,1.97,1.94,1.93,1.95,1.94,1.94,1.94,1.95,1.96,1.97,1.98,1.97,1.97,1.99,2.01,
嘉義,2024/10/03 00:00:00,CO,0.18,0.16,0.15,0.15,0.13,0.14,0.15,0.18,0.19,0.2,0.18,0.18,0.2,0.17,0.17,0.17,0.2,0.21,0.21,0.2,0.18,0.18,0.17,0.16,
嘉義,2024/10/03 00:00:00,NMHC,0.01,0.02,0.01,0.01,0.01,0.02,0.02,0.03,0.03,0.04,0.03,0.04,0.04,0.03,0.03,0.03,0.03,0.04,0.05,0.05,0.03,0.05,0.05,0.03,
嘉義,2024/10/03 00:00:00,NO,0.1,0.7,0.3,0.5,0.5,0.6,0.5,0.7,0.8,0.8,1,0.8,0.7,0.8,0.6,0.6,0.6,0.5,0.3,0.4,0.7,0.4,0.5,0.5,
嘉義,2024/10/03 00:00:00,NO2,4.6,5.1,4,3.4,3.2,3.2,3.6,3.8,4.5,4.5,3.9,4.1,4.6,4.3,4.1,4.1,4.7,6.4,6.6,6.7,5.7,6.3,6.2,5.4,
嘉義,2024/10/03 00:00:00,NOx,4.7,5.8,4.4,3.9,3.8,3.8,4.1,4.5,5.4,5.4,5,5,5.4,5.1,4.8,4.7,5.4,7,7,7.1,6.4,6.7,6.8,5.9,
嘉義,2024/10/03 00:00:00,O3,29.9,31.2,31.5,33.1,33.6,34.2,32.3,31.7,31.5,33.8,39.9,40.5,40.2,40.3,38.8,37.2,34.6,33.5,33.4,32,32.5,30.5,30.1,28.1,
嘉義,2024/10/03 00:00:00,PM10,18,21,9,13,11,9,6,11,16,17,29,25,35,46,33,40,36,24,21,28,27,21,22,18,
嘉義,2024/10/03 00:00:00,PM2.5,4,9,6,4,3,4,2,2,5,5,7,7,8,8,9,15,9,7,8,7,6,6,6,3,
嘉義,2024/10/03 00:00:00,RAINFALL,0,0,0,0,0,0,0,0,0,0,0,0,0,0.5,0,0,0,0,0,0,0,0,0,0,
嘉義,2024/10/03 00:00:00,RH,90,89,89,89,90,89,89,88,87,86,84,84,85,87,88,87,88,88,88,88,87,87,87,87,
嘉義,2024/10/03 00:00:00,SO2,1.5,1.6,1.4,1,0.9,1.2,0.4,0.3,0.6,0.9,0.9,1.2,1.5,1.3,1.1,1.2,1.1,1.1,1.2,1.2,1.2,1.7,1.6,1.4,
嘉義,2024/10/03 00:00:00,THC,2.02,2,2.02,1.99,1.98,1.97,1.98,2,2,2.01,1.97,1.97,1.99,1.97,1.97,1.97,1.98,2,2.02,2.03,2,2.02,2.04,2.04,
嘉義,2024/10/03 00:00:00,WD_HR,358,10,14,22,19,15,23,18,18,16,15,17,8,12,10,10,12,6,354,358,9,359,11,60,
嘉義,2024/10/03 00:00:00,WIND_DIREC,357,2,19,34,22,14,27,24,23,11,12,25,8,14,12,11,355,355,349,8,4,3,7,35,
嘉義,2024/10/03 00:00:00,WIND_SPEED,2.3,2.2,2.7,3.3,2.8,3.4,2.8,2.5,3.2,4.2,5,4.1,3.5,5.1,3.9,3.2,2.6,3,2.5,3.2,1.6,2.6,1.9,1.2,
嘉義,2024/10/03 00:00:00,WS_HR,2.1,2,2.3,2.9,2.8,3.2,2.5,2.2,2.4,3.1,4.3,3.7,3.3,3.8,3.9,3.5,2.4,2.9,2.5,2.6,1.6,2.1,1.7,0.8,
嘉義,2024/10/04 00:00:00,AMB_TEMP,24.7,24.3,24.2,24.3,24,24.1,24.2,24.5,25.4,26.8,28,28.9,29.3,29.5,29.1,28.8,28.3,27.3,26.7,26.2,25.8,25.7,25.5,25.3,
嘉義,2024/10/04 00:00:00,CH4,2.01,2.02,2.01,2.03,2.06,2.08,2.06,2.06,2.03,1.99,1.96,1.95,1.94,1.94,1.95,1.95,1.94,1.96,1.98,2.01,2.02,2.02,2.04,2.02,
嘉義,2024/10/04 00:00:00,CO,0.16,0.14,0.14,0.15,0.15,0.15,0.19,0.26,0.25,0.25,0.23,0.23,0.22,0.2,0.21,0.21,0.22,0.28,0.3,0.3,0.29,0.28,0.24,0.2,
嘉義,2024/10/04 00:00:00,NMHC,0.03,0.02,0.01,0.02,0.03,0.02,0.03,0.05,0.05,0.07,0.04,0.04,0.04,0.03,0.03,0.03,0.05,0.09,0.1,0.11,0.09,0.1,0.08,0.05,
嘉義,2024/10/04 00:00:00,NO,0.5,0.1,0.3,0.4,0.2,0.2,0.5,0.9,2.1,2.1,1.4,0.9,0.6,0.4,0.6,0.8,0.6,0.7,0.5,0.5,0.3,0.2,0.4,0.3,
嘉義,2024/10/04 00:00:00,NO2,5.5,5,4.1,4.8,5.4,5.9,7.5,9.4,8.9,7.9,7,5.9,5.1,5,5.6,5.7,7.3,11.3,14.3,15.1,14,12.1,11.9,8.7,
嘉義,2024/10/04 00:00:00,NOx,6,5.2,4.5,5.3,5.7,6.2,8.1,10.4,11,10,8.4,6.9,5.8,5.5,6.3,6.5,7.9,12,14.9,15.6,14.4,12.4,12.3,9,
嘉義,2024/10/04 00:00:00,O3,27.4,29.7,31.4,27.7,26.8,25.4,23.3,22.2,24.4,34.8,46.2,52.9,59.9,62.6,61.3,56.7,47.2,35.8,27.7,23.7,23.5,22.4,20.8,25.9,
嘉義,2024/10/04 00:00:00,PM10,16,6,12,11,11,10,16,17,14,12,12,18,18,17,28,24,21,18,16,22,18,22,23,11,
嘉義,2024/10/04 00:00:00,PM2.5,7,5,2,1,6,6,8,6,6,6,6,6,9,8,11,9,9,6,9,7,9,7,6,6,
嘉義,2024/10/04 00:00:00,RAINFALL,0,0,0,0,0,0,0,0,0,0,0,0,0,0,0,0,0,0,0,0,0,0,0,0,
嘉義,2024/10/04 00:00:00,RH,87,87,87,87,88,88,88,88,87,84,80,73,70,69,72,72,75,83,87,87,87,88,88,89,
嘉義,2024/10/04 00:00:00,SO2,1.2,1.4,1.4,1.6,2.1,2.8,2,1.9,1.8,2.1,1.8,1.9,2,1.9,1.9,2,2,2,2.3,2.4,2.1,2,2.5,2.1,
嘉義,2024/10/04 00:00:00,THC,2.04,2.04,2.02,2.05,2.09,2.1,2.09,2.11,2.08,2.06,2,1.99,1.98,1.97,1.98,1.98,1.99,2.05,2.08,2.12,2.11,2.12,2.12,2.07,
嘉義,2024/10/04 00:00:00,WD_HR,4,9,12,12,2,24,31,39,22,12,5,11,0,6,4,8,6,0,5,3,6,6,5,3,
嘉義,2024/10/04 00:00:00,WIND_DIREC,358,4,9,348,9,40,11,45,24,359,11,9,8,352,11,8,11,355,6,4,3,7,1,5,
嘉義,2024/10/04 00:00:00,WIND_SPEED,3,2.4,2.1,1.9,3.2,1.8,2.3,2.6,3.5,2.9,2.9,2.8,2.8,3.8,3.6,4.2,3.4,3,3.5,2.9,2.4,2,2.6,2.6,
嘉義,2024/10/04 00:00:00,WS_HR,1.9,2.2,2.1,1.4,2.3,1.8,1.6,2,2.4,2.3,2.6,2.3,2.5,2.4,3.4,3.4,3.4,3.1,3.1,2.9,2.6,2.4,2.7,2.3,
嘉義,2024/10/05 00:00:00,AMB_TEMP,25.1,25.1,25,24.9,24.8,24.9,24.9,25.3,26,27.5,29.2,30.1,31,31.4,31.2,30.2,30.2,28.9,28.1,27.6,27.3,27.1,27.1,26.9,
嘉義,2024/10/05 00:00:00,CH4,2,2,2.04,2.07,2.07,2.05,2.03,2,1.99,1.97,1.95,1.94,1.93,1.93,1.91,1.92,1.93,1.94,1.94,1.96,1.96,1.95,1.95,1.98,
嘉義,2024/10/05 00:00:00,CO,0.17,0.17,0.17,0.17,0.17,0.17,0.16,0.2,0.2,0.2,0.21,0.25,0.19,0.16,0.15,0.16,0.17,0.22,0.26,0.26,0.25,0.23,0.21,0.18,
嘉義,2024/10/05 00:00:00,NMHC,0.03,0.06,0.06,0.05,0.05,0.06,0.04,0.06,0.06,0.05,0.05,0.05,0.02,0,0.01,0.01,0.01,0.04,0.05,0.03,0.03,0.02,0.03,0.02,
嘉義,2024/10/05 00:00:00,NO,0.2,0.4,0.2,0.3,0.1,0.2,0.3,0.6,1,1.5,1.2,1.2,0.8,0.6,0.8,0.9,0.6,0.4,0.4,0.3,0.4,0.4,0.2,0.4,
嘉義,2024/10/05 00:00:00,NO2,7,7.6,6.2,6.3,8.2,8.9,7.4,7.1,6.7,5.8,5.3,6,5.1,3.9,3.5,4.2,5.1,7.3,10,10.2,9.3,9.4,8.7,8.1,
嘉義,2024/10/05 00:00:00,NOx,7.3,8.1,6.4,6.6,8.4,9.2,7.7,7.8,7.8,7.3,6.6,7.3,6,4.6,4.3,5.1,5.8,7.8,10.5,10.6,9.7,9.8,8.9,8.6,
嘉義,2024/10/05 00:00:00,O3,28.8,26,23.6,19.8,17,20.6,23.8,24.7,26.1,30.3,39.9,49.2,56.6,54.8,49.8,46.9,46.9,40.2,34.2,31.1,29.5,25.4,23.5,20.4,
嘉義,2024/10/05 00:00:00,PM10,10,13,8,16,9,12,16,18,19,20,29,30,31,24,26,33,39,47,43,45,46,44,49,43,
嘉義,2024/10/05 00:00:00,PM2.5,3,3,3,3,5,5,3,5,8,10,11,12,15,10,10,10,8,16,12,12,13,13,16,15,
嘉義,2024/10/05 00:00:00,RAINFALL,0,0,0,0,0,0,0,0,0,0,0,0,0,0,0,0,0,0,0,0,0,0,0,0,
嘉義,2024/10/05 00:00:00,RH,90,90,90,91,91,91,91,91,89,85,77,70,68,67,67,72,73,82,86,88,89,89,89,90,
嘉義,2024/10/05 00:00:00,SO2,2.6,1.4,1.1,1.4,1.3,1.2,1,1.1,1.2,1.1,1,1.2,1.4,1.6,1.5,1.4,1.5,1.4,1.9,2,2,2.4,2,1.5,
嘉義,2024/10/05 00:00:00,THC,2.03,2.06,2.1,2.12,2.12,2.11,2.07,2.06,2.05,2.02,2,1.99,1.95,1.93,1.92,1.93,1.94,1.98,1.99,1.99,1.99,1.97,1.98,2,
嘉義,2024/10/05 00:00:00,WD_HR,7,24,10,28,20,7,7,27,32,16,3,355,351,337,340,348,358,359,354,354,358,358,352,301,
嘉義,2024/10/05 00:00:00,WIND_DIREC,13,55,7,16,34,9,23,54,42,0,1,5,345,332,355,359,352,341,349,355,342,353,306,250,
嘉義,2024/10/05 00:00:00,WIND_SPEED,2.1,2.4,2.4,1.8,1.7,2.6,2,2.6,2.8,3.3,3.5,3,2.9,4.3,3.7,2.8,3.9,2.9,3.2,2.7,2.6,1.8,1.3,1.2,
嘉義,2024/10/05 00:00:00,WS_HR,2.1,1.7,1.9,1.5,1.8,2.1,2.1,1.9,2.1,2.3,3,2.8,2.9,3.3,3.3,3.1,3.3,2.5,2.5,2.7,2,1.6,1,1.3,
嘉義,2024/10/06 00:00:00,AMB_TEMP,26.5,26.2,26.3,26.2,26.3,26.2,26.1,26.8,28.4,29.3,30.5,31.2,32.1,32.5,31.8,30.8,30,28.2,26.9,27.1,27.3,27.2,27.3,27.1,
嘉義,2024/10/06 00:00:00,CH4,2.02,2.01,2.01,2.02,2.01,1.96,1.99,1.96,1.92,1.92,1.91,1.9,1.9,1.89,1.86,1.85,1.86,1.87,1.87,1.88,1.93,1.97,2,1.99,
嘉義,2024/10/06 00:00:00,CO,0.16,0.15,0.14,0.17,0.16,0.14,0.15,0.17,0.18,0.23,0.21,0.17,0.16,0.13,0.11,0.1,0.11,0.12,0.12,0.15,0.2,0.18,0.16,0.17,
嘉義,2024/10/06 00:00:00,NMHC,0.01,0.03,0.03,0.03,0.03,0.01,0.02,0.04,0.03,0.04,0.03,0.01,0.01,0,0,0,0,0,0.01,0.03,0.07,0.04,0.03,0.03,
嘉義,2024/10/06 00:00:00,NO,0.2,0.6,0.5,0.6,0.7,0.6,0.7,0.9,1,1,0.8,0.8,0.6,0.6,0.7,0.7,0.7,0.8,0.6,0.3,0.7,0.8,0.6,0.6,
嘉義,2024/10/06 00:00:00,NO2,6.6,6.6,6.5,5.2,3.5,2.8,2.9,3.2,3,4,4,3.2,3.2,2.5,2.9,2.8,3,3.3,3.9,5,8,7.6,6.4,6,
嘉義,2024/10/06 00:00:00,NOx,6.9,7.3,7,5.9,4.2,3.5,3.7,4.1,4.1,5,4.8,4,3.9,3.1,3.7,3.5,3.7,4.1,4.6,5.3,8.7,8.4,7.1,6.6,
嘉義,2024/10/06 00:00:00,O3,20.3,17.4,16.3,11.3,10.6,9.6,7.9,12.5,29,42.8,53.4,56.4,62.2,58.9,54.2,52.9,49.8,36.6,21.5,17.7,11.5,9.8,11,11.3,
嘉義,2024/10/06 00:00:00,PM10,38,36,37,42,41,24,26,21,20,24,23,24,24,24,25,31,24,17,14,22,19,27,22,25,
嘉義,2024/10/06 00:00:00,PM2.5,9,8,9,10,12,8,8,10,14,10,14,14,14,15,9,11,9,8,6,4,10,6,4,5,
嘉義,2024/10/06 00:00:00,RAINFALL,0,0,0,0,0,0,0,0,0,0,0,0,0,0,0,0,0,0,0,0,0,0,0,0,
嘉義,2024/10/06 00:00:00,RH,91,92,92,92,90,89,88,86,81,70,65,61,58,57,66,69,70,84,86,85,86,88,88,88,
嘉義,2024/10/06 00:00:00,SO2,1.3,1.9,1.8,1.7,1.4,1.3,1.2,1.4,1.6,1.8,1.8,1.8,2,1.7,1.9,1.8,1.8,1.6,1.4,1.4,1.6,1.6,1.5,1.4,
嘉義,2024/10/06 00:00:00,THC,2.03,2.04,2.04,2.05,2.04,1.97,2.01,2,1.95,1.96,1.94,1.91,1.91,1.89,1.86,1.85,1.85,1.87,1.88,1.91,2,2.01,2.03,2.02,
嘉義,2024/10/06 00:00:00,WD_HR,223,229,235,121,98,115,113,98,117,321,283,301,305,249,286,306,279,122,118,102,110,104,119,120,
嘉義,2024/10/06 00:00:00,WIND_DIREC,225,224,200,98,110,100,102,92,128,81,325,340,297,283,303,315,248,121,115,90,103,117,127,116,
嘉義,2024/10/06 00:00:00,WIND_SPEED,1.2,0.7,0.6,0.8,0.6,1.1,0.7,0.8,0.9,0.7,1.2,1.9,1.9,2.8,3.7,3.4,2.3,1.5,1.1,0.8,1.4,1.1,1,0.7,
嘉義,2024/10/06 00:00:00,WS_HR,1.2,1.1,0.4,0.4,1,0.9,1.1,0.5,0.6,0.4,0.3,0.7,1.3,1.9,2.9,3,1.9,1.3,1.3,0.8,1,1,0.9,0.5,
嘉義,2024/10/07 00:00:00,AMB_TEMP,26.8,26.6,26.5,26.3,26.2,26,26.4,27.4,28.9,30.3,31.5,31.8,32.7,33.2,32.1,28.4,27.1,26.2,26.6,26.8,26.9,26.8,26.6,26.2,
嘉義,2024/10/07 00:00:00,CH4,1.99,2.02,2.04,2.07,2.05,2.02,2.07,2.07,1.91,1.88,1.86,1.85,1.85,1.86,1.92,1.91,1.88,1.88,1.91,1.92,1.93,1.95,1.91,1.87,
嘉義,2024/10/07 00:00:00,CO,0.13,0.13,0.11,0.11,0.11,0.11,0.19,0.27,0.2,0.12,0.12,0.1,0.09,0.11,0.15,0.18,0.14,0.17,0.27,0.23,0.27,0.2,0.11,0.09,
嘉義,2024/10/07 00:00:00,NMHC,0.04,0.03,0.02,0.01,0.03,0.04,0.09,0.1,0.04,0,0,0,0,0,0.01,0.04,0.04,0.04,0.48,0.1,0.08,0.05,0.02,0.03,
嘉義,2024/10/07 00:00:00,NO,0.6,0.8,0.8,0.8,0.9,0.9,1.7,3.2,2.1,1.6,1.4,1.3,1.3,0.9,0.9,1.1,0.9,1,1.1,1.1,1.1,1.1,0.6,0.6,
嘉義,2024/10/07 00:00:00,NO2,5.2,4.5,3.3,2.4,2.4,2.6,4.4,6.8,5.4,3.5,2.5,1.7,1.4,1.7,3.6,6.2,5.7,5.9,9.4,9.2,8.8,7.6,3.8,1.9,
嘉義,2024/10/07 00:00:00,NOx,5.8,5.3,4.1,3.3,3.3,3.6,6.2,10,7.6,5.2,4,3,2.7,2.7,4.6,7.3,6.6,7,10.5,10.3,10,8.7,4.5,2.5,
嘉義,2024/10/07 00:00:00,O3,13.1,10.7,12.2,11.2,11.4,11.3,5.4,16.6,33.2,33.9,36.1,35.7,38.9,50,55.9,44,40.4,30.3,24.6,22.1,15.3,21.8,23.1,30,
嘉義,2024/10/07 00:00:00,PM10,20,21,28,29,24,25,22,30,22,20,12,8,7,13,35,17,16,8,7,13,14,18,12,9,
嘉義,2024/10/07 00:00:00,PM2.5,8,6,4,4,7,6,7,11,9,6,3,2,1,0,13,11,9,5,4,6,6,4,4,2,
嘉義,2024/10/07 00:00:00,RAINFALL,0,0,0,0,0,0,0,0,0,0,0,0,0,0,1,3,9,0.5,0,0,0,0,0,0,
嘉義,2024/10/07 00:00:00,RH,89,89,89,89,90,89,88,86,76,65,60,57,52,49,63,88,90,92,92,92,91,91,90,90,
嘉義,2024/10/07 00:00:00,SO2,1.4,1.5,1.3,1.3,0.9,0.9,0.9,2,3.1,1.5,1.3,1.1,1.4,1.6,1.5,1.4,1.2,1,1,1.2,0.9,0.9,0.9,0.9,
嘉義,2024/10/07 00:00:00,THC,2.03,2.05,2.06,2.08,2.08,2.06,2.16,2.17,1.95,1.88,1.86,1.85,1.85,1.86,1.93,1.95,1.92,1.92,2.39,2.02,2.01,2,1.93,1.9,
嘉義,2024/10/07 00:00:00,WD_HR,133,114,109,116,108,106,101,30,97,209,221,232,237,250,307,321,91,102,87,89,189,232,100,80,
嘉義,2024/10/07 00:00:00,WIND_DIREC,119,113,98,119,100,109,66,47,175,218,232,232,247,249,332,271,104,104,69,86,222,200,96,61,
嘉義,2024/10/07 00:00:00,WIND_SPEED,0.7,1.1,0.9,0.6,0.6,1,0.8,1.4,1.4,1.7,2.9,2.5,2.5,2.5,5.4,1.4,2.1,1,1.1,0.8,1.1,0.8,1.8,1.3,
嘉義,2024/10/07 00:00:00,WS_HR,0.4,0.9,0.9,0.9,0.5,1.1,0.8,1,0.6,0.9,1.4,1.9,1.9,1.8,3,1.8,2.3,1.2,0.8,0.9,0.4,0.8,1.5,1.6,
嘉義,2024/10/08 00:00:00,AMB_TEMP,26.5,26.6,26.3,26.2,26.1,26,25.9,26.4,27.6,28.3,29.5,30,31.2,31.8,31.5,31.1,30.3,29,27.9,26.7,26.2,25.8,25.9,25.8,
嘉義,2024/10/08 00:00:00,CH4,1.89,1.9,2.03,2.05,2.02,2.03,2.17,2.11,2.03,1.96,1.96,1.96,1.93,1.92,#,1.94,1.94,1.96,1.98,1.99,2.01,2.02,2.02,2.04,
嘉義,2024/10/08 00:00:00,CO,0.13,0.12,0.13,0.14,0.11,0.14,0.17,0.26,0.27,0.2,0.18,0.2,0.17,0.15,#,0.25,0.29,0.33,0.35,0.31,0.31,0.32,0.31,0.31,
嘉義,2024/10/08 00:00:00,NMHC,0.03,0.03,0.05,0.1,0.05,0.08,0.08,0.11,0.1,0.06,0.04,0.06,0.03,0.01,#,0.03,0.07,0.09,0.1,0.09,0.09,0.09,0.12,0.15,
嘉義,2024/10/08 00:00:00,NO,0.7,0.5,0.2,0.2,0.3,0.5,1.4,3.1,4.3,3,1.8,1.5,0.9,0.7,#,0.7,0.6,0.7,0.5,0.5,0.4,0.4,0.5,0.5,
嘉義,2024/10/08 00:00:00,NO2,2.6,3.7,4.4,7.3,6.6,6.1,10.5,9.6,9.1,7.2,6.7,8.3,5.8,3.9,#,6.8,9,11.5,14.9,14.2,15.4,13.2,12.2,11.9,
嘉義,2024/10/08 00:00:00,NOx,3.4,4.2,4.7,7.6,7,6.7,12,12.7,13.4,10.2,8.6,9.9,6.7,4.6,#,7.6,9.7,12.2,15.5,14.7,15.9,13.7,12.8,12.4,
嘉義,2024/10/08 00:00:00,O3,28.6,26.3,20.4,15.6,12.5,11.6,7.2,9.7,17.6,28,40.4,49.4,64.8,#,64.9,66.5,59.7,48.1,37.5,31.5,27.7,28,25.8,23.7,
嘉義,2024/10/08 00:00:00,PM10,11,11,14,22,15,23,22,36,31,23,28,35,32,37,#,53,41,28,26,20,16,17,18,21,
嘉義,2024/10/08 00:00:00,PM2.5,3,3,2,12,9,7,10,11,16,12,13,19,17,#,17,15,14,9,10,12,11,10,14,9,
嘉義,2024/10/08 00:00:00,RAINFALL,0,0,0,0,0,0,0,0,0,0,0,0,0,#,#,0,0,0,0,0,0,0,0,0,
嘉義,2024/10/08 00:00:00,RH,89,89,90,90,91,91,91,90,87,82,73,70,62,61,65,65,66,68,73,77,80,82,82,83,
嘉義,2024/10/08 00:00:00,SO2,0.9,0.9,1,4.5,2.4,1.9,4.1,1.8,3.8,4.2,2.1,2.1,1.9,1.7,#,2.2,2.1,2.6,2.6,2.9,7.5,10.6,2.8,2.2,
嘉義,2024/10/08 00:00:00,THC,1.92,1.93,2.08,2.15,2.07,2.11,2.25,2.22,2.13,2.02,2,2.02,1.96,1.93,#,1.97,2.01,2.05,2.08,2.08,2.1,2.11,2.14,2.19,
嘉義,2024/10/08 00:00:00,WD_HR,69,114,295,53,104,4,33,88,356,353,346,334,355,326,329,337,354,358,359,357,359,358,32,352,
嘉義,2024/10/08 00:00:00,WIND_DIREC,58,167,24,99,97,359,57,27,8,319,349,359,315,322,331,340,10,4,347,355,2,3,36,352,
嘉義,2024/10/08 00:00:00,WIND_SPEED,0.9,0.7,1.4,1.4,1.3,1.9,1.3,1.1,1.8,1.8,2.1,1.7,1.8,3.7,4.2,4.6,4.3,2.7,2.4,2.5,2.2,1.7,1.5,2.1,
嘉義,2024/10/08 00:00:00,WS_HR,0.9,0.6,0.7,1.1,1,1.5,1.1,0.9,1.5,1.8,0.9,1.6,1,1.7,3.6,3.4,3.2,2.6,2,2.6,2.1,2,1.3,1.6,
嘉義,2024/10/09 00:00:00,AMB_TEMP,25.6,25.3,25.1,25.1,24.7,24.6,24.7,25.7,27,28.3,28.8,29.9,30.3,31.2,31.4,30.5,29.9,28.8,27.5,27.2,26.9,26.1,25.4,25.1,
嘉義,2024/10/09 00:00:00,CH4,2.09,2.14,2.16,2.18,2.23,2.25,2.21,2.19,2.11,2.04,2.03,1.97,1.95,1.92,1.95,1.97,1.97,2.01,2.01,2.02,2.06,2.07,2.05,2.04,
嘉義,2024/10/09 00:00:00,CO,0.3,0.29,0.28,0.28,0.29,0.3,0.32,0.38,0.34,0.34,0.31,0.27,0.26,0.21,0.22,0.27,0.28,0.33,0.35,0.43,0.43,0.36,0.3,0.28,
嘉義,2024/10/09 00:00:00,NMHC,0.12,0.12,0.11,0.1,0.14,0.13,0.13,0.17,0.11,0.12,0.06,0.04,0.03,0.02,0.02,0.05,0.05,0.08,0.09,0.12,0.15,0.12,0.09,0.09,
嘉義,2024/10/09 00:00:00,NO,0.5,0.5,0.4,0.5,0.3,0.4,1.1,4.2,3.9,2.3,1.7,0.9,0.6,0.6,0.5,0.7,0.7,0.4,0.5,0.5,0.8,0.7,0.5,0.4,
嘉義,2024/10/09 00:00:00,NO2,12.6,15.6,13.4,9.6,10.4,13.1,10,10.7,8.7,8.8,8.8,6.2,5.3,4.2,4.3,6.8,7.9,10.5,12.4,16.6,19.4,19,14.8,12.8,
嘉義,2024/10/09 00:00:00,NOx,13.2,16.1,13.9,10.1,10.8,13.5,11.1,14.9,12.6,11.1,10.5,7.2,5.9,4.8,4.8,7.5,8.6,10.9,12.9,17.2,20.2,19.7,15.3,13.3,
嘉義,2024/10/09 00:00:00,O3,20,15.5,14.9,14.4,10.6,10,12.2,12.2,21.1,40,49.4,62.6,66.4,64.1,67.4,78.8,74.1,58.5,47.8,36,26.7,23.2,22.6,22.7,
嘉義,2024/10/09 00:00:00,PM10,24,24,27,24,29,23,21,35,27,34,27,28,27,23,36,57,67,67,58,60,48,41,36,33,
嘉義,2024/10/09 00:00:00,PM2.5,17,16,11,12,14,11,15,22,13,16,17,17,15,12,14,21,21,21,17,24,21,18,13,14,
嘉義,2024/10/09 00:00:00,RAINFALL,0,0,0,0,0,0,0,0,0,0,0,0,0,0,0,0,0,0,0,0,0,0,0,0,
嘉義,2024/10/09 00:00:00,RH,85,85,87,87,88,88,88,87,84,76,72,65,63,58,58,62,62,67,72,73,74,77,78,79,
嘉義,2024/10/09 00:00:00,SO2,10.5,12.8,11.1,2.1,1.9,2.5,2.1,2.7,2.3,2.9,2.9,2.5,2,1.9,1.6,2.2,2.4,2.5,2.4,8.6,7.6,6.3,5.2,4.6,
嘉義,2024/10/09 00:00:00,THC,2.21,2.26,2.27,2.28,2.37,2.38,2.34,2.36,2.22,2.16,2.09,2.01,1.98,1.94,1.97,2.02,2.02,2.09,2.1,2.14,2.21,2.19,2.14,2.13,
嘉義,2024/10/09 00:00:00,WD_HR,7,354,61,34,358,50,30,35,63,7,326,356,290,294,325,344,339,332,334,5,354,352,358,2,
嘉義,2024/10/09 00:00:00,WIND_DIREC,42,17,75,39,354,65,352,46,64,347,303,351,246,306,321,346,351,349,353,52,347,351,351,7,
嘉義,2024/10/09 00:00:00,WIND_SPEED,1,1.7,1.3,1.2,1.7,2,1.7,1.8,1.8,1.9,2.2,1.3,1.9,2.1,4.2,3.8,2.8,2.1,1.7,1.1,2.3,2.9,2.4,2.5,
嘉義,2024/10/09 00:00:00,WS_HR,1.2,1.5,1.3,1,1.5,1.2,1.1,1.3,1.9,1.5,1.9,1.2,1.2,1.9,2.5,3.5,2.9,2.4,2.2,1.4,1.7,2.4,2.5,2.1,
嘉義,2024/10/10 00:00:00,AMB_TEMP,25,24.8,24.6,24.5,23.8,23.8,24.1,24.6,26.1,27.3,27.7,28.5,29.6,30.3,30.1,29.3,28.2,26.7,25.6,25.1,24.6,24.3,24,23.8,
嘉義,2024/10/10 00:00:00,CH4,2.04,2.06,2.12,2.13,2.11,2.09,2.08,2.06,2.03,2,2,1.98,1.97,1.96,1.97,1.98,1.98,2,1.98,2,2.02,2.03,2.03,2.08,
嘉義,2024/10/10 00:00:00,CO,0.27,0.28,0.29,0.29,0.27,0.25,0.28,0.3,0.27,0.26,0.27,0.24,0.25,0.24,0.27,0.28,0.31,0.37,0.32,0.32,0.33,0.31,0.3,0.31,
嘉義,2024/10/10 00:00:00,NMHC,0.09,0.12,0.11,0.13,0.1,0.11,0.12,0.13,0.09,0.07,0.05,0.03,0.03,0.02,0.03,0.02,0.04,0.06,0.05,0.06,0.07,0.07,0.08,0.08,
嘉義,2024/10/10 00:00:00,NO,0.4,0.4,0.4,0.5,0.5,0.2,0.9,2,2,1.2,1.2,0.6,0.6,0.5,0.6,0.7,0.6,0.3,0.4,0.4,0.2,0.3,0.3,0.4,
嘉義,2024/10/10 00:00:00,NO2,11.4,13.2,13,14,13.3,11.4,11.7,11.1,8.1,6.5,6.9,5.6,5,4.8,5.4,6.7,7.8,11,9.8,10.2,11.2,11.2,11.3,11.7,
嘉義,2024/10/10 00:00:00,NOx,11.9,13.6,13.4,14.6,13.9,11.6,12.7,13.2,10.1,7.8,8.2,6.3,5.7,5.4,6,7.4,8.4,11.4,10.2,10.6,11.5,11.6,11.7,12.2,
嘉義,2024/10/10 00:00:00,O3,22.5,19.8,16.3,13.4,14.5,18.1,17.7,21.1,30.1,41.9,50.3,64.6,70.1,75.7,81.2,76.8,72,63.7,64.2,55.3,45.8,40.2,36.2,31.5,
嘉義,2024/10/10 00:00:00,PM10,29,29,31,17,19,25,30,27,25,33,32,34,21,30,59,68,69,74,46,43,44,32,25,35,
嘉義,2024/10/10 00:00:00,PM2.5,16,16,14,11,13,11,17,16,16,16,19,17,19,21,20,18,22,28,26,21,24,17,18,21,
嘉義,2024/10/10 00:00:00,RAINFALL,0,0,0,0,0,0,0,0,0,0,0,0,0,0,0,0,0,0,0,0,0,0,0,0,
嘉義,2024/10/10 00:00:00,RH,80,82,85,86,87,87,86,85,79,72,70,66,61,58,55,56,59,64,66,68,70,71,72,73,
嘉義,2024/10/10 00:00:00,SO2,1.9,1.5,3.5,1.9,1.8,1.7,1.8,2.4,2.5,3.6,3.4,2.2,2.5,3.2,2.7,2.7,2.9,3.3,4.8,5.1,4,4.5,2.7,5.2,
嘉義,2024/10/10 00:00:00,THC,2.13,2.18,2.23,2.26,2.21,2.2,2.2,2.19,2.12,2.07,2.05,2.01,2,1.98,2,2,2.02,2.06,2.03,2.06,2.09,2.1,2.11,2.16,
嘉義,2024/10/10 00:00:00,WD_HR,26,355,359,1,359,13,37,21,34,8,330,337,342,333,337,0,351,1,4,4,3,0,1,10,
嘉義,2024/10/10 00:00:00,WIND_DIREC,36,355,16,354,2,46,31,21,14,358,317,325,339,332,1,359,0,4,1,2,1,351,355,57,
嘉義,2024/10/10 00:00:00,WIND_SPEED,2,1.8,1.5,2.3,3.2,2.2,2.3,2.4,2.4,1.9,3,2.4,3.6,3.3,3.4,4.3,3.9,4.5,3.9,2.9,3.6,2.7,2.1,1.7,
嘉義,2024/10/10 00:00:00,WS_HR,1.6,1.9,1.7,1.7,2.6,2.1,1.6,1.9,1.7,1.4,2.7,2.3,2,2.7,3.8,3.6,4,3.5,4,3.4,2.6,2.4,2,1.8,
嘉義,2024/10/11 00:00:00,AMB_TEMP,23.7,23.1,23.3,23.1,22.7,23,23,23.5,24.6,25.9,27.2,28.4,29.7,30.2,30.3,29.8,29.3,28.2,27.4,26.7,26.2,25.8,25.5,25.2,
嘉義,2024/10/11 00:00:00,CH4,2.13,2.14,2.14,2.16,2.21,2.21,2.24,2.18,2.15,2.12,2.12,2.02,2,1.98,1.99,2,1.98,2,2.03,2.05,2.05,2.05,2.04,2.07,
嘉義,2024/10/11 00:00:00,CO,0.35,0.31,0.27,0.28,0.26,0.28,0.33,0.4,0.4,0.42,0.45,0.31,0.3,0.26,0.3,0.33,0.39,0.45,0.48,0.45,0.43,0.38,0.33,0.33,
嘉義,2024/10/11 00:00:00,NMHC,0.1,0.09,0.08,0.11,0.08,0.09,0.13,0.15,0.13,0.15,0.12,0.05,0.04,0.03,0.04,0.04,0.06,0.08,0.1,0.09,0.1,0.1,0.08,0.1,
嘉義,2024/10/11 00:00:00,NO,0.7,0.6,0.5,0.4,0.5,0.6,1.5,4.1,3.6,3.4,3.4,1.4,0.9,0.9,0.8,0.8,0.7,0.6,0.8,0.8,0.9,0.7,0.6,0.4,
嘉義,2024/10/11 00:00:00,NO2,14.5,13.3,11.1,10.9,11,11.5,12.4,14.1,12.2,12.8,15.1,8.9,5.8,5,5.6,7.8,10.4,12.8,17.8,17.8,19.4,16.3,11.9,14.2,
嘉義,2024/10/11 00:00:00,NOx,15.2,13.9,11.6,11.3,11.6,12.1,13.9,18.2,15.9,16.2,18.6,10.4,6.8,5.9,6.4,8.6,11.1,13.5,18.6,18.6,20.3,17,12.6,14.6,
嘉義,2024/10/11 00:00:00,O3,24,26.1,24.8,21,18.8,16.5,13.1,16.1,22.8,31.2,44.4,66.2,73.4,72.2,82.9,87.7,78.1,61.2,45.1,41.2,31.5,31.7,33.6,27.3,
嘉義,2024/10/11 00:00:00,PM10,38,33,35,33,34,30,30,35,40,59,43,44,39,33,55,63,72,78,82,73,62,45,39,33,
嘉義,2024/10/11 00:00:00,PM2.5,21,18,19,21,16,20,24,22,21,26,30,25,22,19,26,27,28,28,31,30,30,25,15,21,
嘉義,2024/10/11 00:00:00,RAINFALL,0,0,0,0,0,0,0,0,0,0,0,0,0,0,0,0,0,0,0,0,0,0,0,0,
嘉義,2024/10/11 00:00:00,RH,75,77,78,80,84,85,85,83,76,72,68,65,61,58,57,58,59,63,67,70,70,69,68,69,
嘉義,2024/10/11 00:00:00,SO2,12.3,17.3,2.9,1.5,11.1,2.3,1.4,2,2.4,4.2,4.6,2.1,2,1.8,1.9,2.2,2.7,2.5,2.6,2.3,1.8,4.4,5.1,10.4,
嘉義,2024/10/11 00:00:00,THC,2.23,2.23,2.22,2.27,2.29,2.3,2.37,2.33,2.28,2.27,2.24,2.07,2.04,2.01,2.03,2.04,2.04,2.08,2.13,2.14,2.15,2.15,2.12,2.17,
嘉義,2024/10/11 00:00:00,WD_HR,351,358,50,0,7,31,27,9,0,349,346,280,307,305,326,329,350,333,336,347,344,8,351,4,
嘉義,2024/10/11 00:00:00,WIND_DIREC,345,347,21,347,55,341,342,59,346,359,311,303,312,312,331,350,336,344,319,354,346,7,358,48,
嘉義,2024/10/11 00:00:00,WIND_SPEED,2.2,2,1.6,2.3,1.6,1.4,1.7,1.8,2,1.6,2.3,2.5,2.4,1.9,3.8,2.9,3.2,2.5,2.3,2.5,2.3,2.1,1.6,1.6,
嘉義,2024/10/11 00:00:00,WS_HR,1.7,2.1,1.6,1.7,1.5,1,1.1,1.7,1.6,1.4,1.3,1.8,1.1,1.7,2.5,3,2.9,2.5,1.7,2.2,2.1,1.9,2,1.6,
嘉義,2024/10/12 00:00:00,AMB_TEMP,25.1,24.6,24.7,24.5,23.7,23.6,24.2,25.1,26.8,28.2,29.2,30.2,30.9,31.7,31.8,31.6,30.9,29.7,28.7,28.1,27.5,27.1,26.8,26.1,
嘉義,2024/10/12 00:00:00,CH4,2.07,2.1,2.12,2.14,2.28,2.27,2.43,2.3,2.14,2.12,2.09,2.06,2.04,2.05,2.03,2.02,2.01,1.99,2.01,2.05,2.02,2.06,2.1,2.12,
嘉義,2024/10/12 00:00:00,CO,0.32,0.31,0.32,0.31,0.33,0.33,0.41,0.43,0.45,0.43,0.39,0.35,0.33,0.32,0.32,0.29,0.27,0.29,0.33,0.33,0.38,0.4,0.43,0.38,
嘉義,2024/10/12 00:00:00,NMHC,0.1,0.13,0.18,0.11,0.13,0.14,0.23,0.18,0.13,0.12,0.07,0.04,0.04,0.03,0.03,0.02,0.02,0.04,0.06,0.06,0.07,0.08,0.1,0.07,
嘉義,2024/10/12 00:00:00,NO,0.7,1,0.9,1,0.9,1.2,2.3,4.9,2.6,2,1.8,1.2,1,1.2,1.1,1.1,0.8,0.7,0.9,1,1,0.9,0.9,0.7,
嘉義,2024/10/12 00:00:00,NO2,12.8,13.6,11.5,8.8,10.1,11.2,12.6,12,8.3,9,7.3,5.7,4.6,4.8,5,5.1,4.8,6.5,8.1,11.3,12.6,14.4,15.1,12.7,
嘉義,2024/10/12 00:00:00,NOx,13.6,14.6,12.5,9.8,11.1,12.4,15,16.9,10.9,11,9.1,6.9,5.7,6,6.1,6.3,5.7,7.3,9,12.4,13.7,15.3,16,13.4,
嘉義,2024/10/12 00:00:00,O3,27.2,23.6,21.7,22.1,12.5,6.8,6.4,13.4,35.5,52.3,71.8,80.5,81.9,87.2,85.6,86,81.9,61.7,49,39,32.9,25.3,18.9,18.5,
嘉義,2024/10/12 00:00:00,PM10,38,34,37,31,34,35,43,45,51,54,55,49,44,50,43,47,47,39,38,48,54,49,49,44,
嘉義,2024/10/12 00:00:00,PM2.5,21,19,22,24,21,20,26,28,26,39,34,35,33,33,31,27,21,16,16,19,20,25,22,25,
嘉義,2024/10/12 00:00:00,RAINFALL,0,0,0,0,0,0,0,0,0,0,0,0,0,0,0,0,0,0,0,0,0,0,0,0,
嘉義,2024/10/12 00:00:00,RH,70,74,74,76,85,87,86,85,77,69,66,62,59,56,54,56,59,66,68,73,76,80,84,87,
嘉義,2024/10/12 00:00:00,SO2,2.8,2.2,2.1,1.6,1.8,1.6,1.7,2.5,1.7,3.7,2.8,3.6,2.2,2.2,2.2,2.3,2.1,1.9,1.6,3.6,10,10.1,7.4,3.9,
嘉義,2024/10/12 00:00:00,THC,2.17,2.23,2.3,2.25,2.41,2.41,2.66,2.48,2.27,2.24,2.16,2.1,2.08,2.08,2.06,2.04,2.03,2.03,2.07,2.11,2.09,2.14,2.2,2.19,
嘉義,2024/10/12 00:00:00,WD_HR,56,3,72,96,215,219,17,52,8,321,313,311,257,307,328,332,329,332,359,350,354,339,55,282,
嘉義,2024/10/12 00:00:00,WIND_DIREC,16,29,102,201,211,235,61,357,318,323,325,331,268,344,339,320,346,348,349,349,325,339,199,334,
嘉義,2024/10/12 00:00:00,WIND_SPEED,1.2,1,1.1,0.6,1,0.5,1.5,1,1.4,2.2,2.6,1.3,2.6,2.4,2.1,2.9,2.7,2.5,3,2.5,1.1,0.9,0.9,1.1,
嘉義,2024/10/12 00:00:00,WS_HR,1,1.5,1,0.5,0.9,0.7,1.1,0.8,0.5,1.3,1.5,1.3,1.5,1.5,1.5,2.2,2.5,2.2,2.5,2.2,1.5,1.4,0.1,0.9,
嘉義,2024/10/13 00:00:00,AMB_TEMP,26.3,26,25.5,25.3,25.3,25,25,25.9,26.9,28.4,29.7,30.7,31.5,32.1,32,31.2,30.2,29,28.3,27.8,27.2,27,26.7,26.2,
嘉義,2024/10/13 00:00:00,CH4,2.22,2.2,2.23,2.24,2.25,2.25,2.26,2.18,2.15,2.13,2.05,2.04,2.06,2.03,2.01,2,1.96,1.95,1.95,1.97,2.01,2.05,2.09,2.11,
嘉義,2024/10/13 00:00:00,CO,0.37,0.34,0.32,0.29,0.27,0.27,0.32,0.33,0.32,0.3,0.29,0.28,0.29,0.28,0.26,0.25,0.24,0.24,0.25,0.26,0.27,0.27,0.28,0.27,
嘉義,2024/10/13 00:00:00,NMHC,0.08,0.08,0.06,0.05,0.04,0.06,0.06,0.05,0.04,0.04,0.02,0.03,0.02,0.01,0.03,0.04,0.05,0.03,0.02,0.04,0.05,0.04,0.05,0.04,
嘉義,2024/10/13 00:00:00,NO,1,1.4,0.9,0.7,0.6,0.8,1.3,1.7,1.5,1.4,1,1,1,1,0.8,0.7,0.8,0.8,0.7,0.7,0.6,0.8,0.6,0.7,
嘉義,2024/10/13 00:00:00,NO2,11.2,9,7.4,6.1,4.5,4.8,5.6,5.2,5.8,4.6,3.9,3.6,3.7,3.5,3.7,5.2,6.8,6.2,6.1,6.9,6.6,7.1,6.8,6.9,
嘉義,2024/10/13 00:00:00,NOx,12.3,10.5,8.3,6.9,5.1,5.6,6.9,6.9,7.3,6,4.9,4.7,4.7,4.5,4.5,6,7.6,7.1,6.8,7.6,7.3,7.9,7.5,7.7,
嘉義,2024/10/13 00:00:00,O3,13.7,11.2,11.4,13.7,14.1,11,10.6,25.4,39,54.3,68.2,76.6,82.7,82.5,87.7,90.7,74.6,52.8,41.8,36.2,33.6,28.2,22.8,20,
嘉義,2024/10/13 00:00:00,PM10,43,42,42,39,44,37,42,45,61,52,55,54,50,41,38,37,31,32,31,24,29,28,27,24,
嘉義,2024/10/13 00:00:00,PM2.5,22,21,19,20,25,23,24,30,31,26,28,22,25,23,27,23,21,22,21,17,11,12,15,14,
嘉義,2024/10/13 00:00:00,RAINFALL,0,0,0,0,0,0,0,0,0,0,0,0,0,0,0,0,0,0,0,0,0,0,0,0,
嘉義,2024/10/13 00:00:00,RH,87,89,90,90,89,89,89,88,86,79,68,62,58,55,57,62,66,73,79,82,79,81,84,87,
嘉義,2024/10/13 00:00:00,SO2,3.2,2,1.6,1.3,1.2,1,1.1,2,3.3,2.5,2.1,1.9,2,1.9,2.1,3.2,4.1,2.4,1.5,2.2,1.4,1.2,1.2,1.1,
嘉義,2024/10/13 00:00:00,THC,2.3,2.28,2.29,2.29,2.29,2.31,2.32,2.23,2.19,2.17,2.07,2.07,2.08,2.04,2.04,2.04,2.01,1.98,1.97,2.01,2.06,2.09,2.14,2.15,
嘉義,2024/10/13 00:00:00,WD_HR,83,113,114,133,109,109,117,144,233,243,245,238,236,236,292,315,324,349,345,17,107,119,131,191,
嘉義,2024/10/13 00:00:00,WIND_DIREC,117,114,77,119,111,202,96,169,239,252,215,206,246,223,317,323,330,348,358,127,88,103,195,125,
嘉義,2024/10/13 00:00:00,WIND_SPEED,0.7,0.8,0.7,1,1.2,0.6,1,1.3,1.5,1.9,1.5,1.2,3,2.4,3.8,3.3,2.9,2.6,1.5,1.3,0.7,0.9,1,0.9,
嘉義,2024/10/13 00:00:00,WS_HR,0.5,0.6,0.3,0.5,0.7,0.6,0.5,0.5,1.3,1.3,1.4,1.3,1.8,2.2,2.6,3,2.8,2.6,1.7,0.5,0.6,1,0.4,0.6,
嘉義,2024/10/14 00:00:00,AMB_TEMP,26.2,26,25.7,25.6,25.5,25.4,25.3,26.1,27,28.2,29,30.3,31.3,32.1,32.8,31.4,30.2,29.3,28.4,27.8,27.3,27.2,27.3,26.7,
嘉義,2024/10/14 00:00:00,CH4,2.19,2.17,2.16,2.16,2.17,2.13,2.18,2.12,2.06,2.03,2.02,2.01,2,2.01,2,2.03,2.05,2.01,1.98,1.98,2.02,2.04,2.06,2.03,
嘉義,2024/10/14 00:00:00,CO,0.27,0.24,0.2,0.2,0.2,0.22,0.26,0.39,0.34,0.3,0.27,0.27,0.27,0.27,0.25,0.24,0.31,0.34,0.27,0.27,0.27,0.3,0.25,0.23,
嘉義,2024/10/14 00:00:00,NMHC,0.03,0.04,0.02,0.04,0.04,0.04,0.06,0.08,0.05,0.04,0.03,0.03,0.03,0.04,0.03,0.04,0.07,0.06,0.04,0.04,0.06,0.07,0.07,0.05,
嘉義,2024/10/14 00:00:00,NO,0.7,0.6,0.4,0.5,0.5,0.7,0.9,1.6,2.1,1.2,1.1,0.7,0.6,0.6,0.8,0.6,0.6,0.6,0.5,0.5,0.6,0.5,0.5,0.6,
嘉義,2024/10/14 00:00:00,NO2,7.3,6.1,4.1,3.4,3.5,3.4,5.9,8.1,9.5,7.7,6.1,4.6,4.6,5.2,4.6,4.7,8.7,9.3,8.5,7.9,7.2,9.6,10.2,6,
嘉義,2024/10/14 00:00:00,NOx,8.1,6.7,4.5,3.9,4,4.1,6.8,9.7,11.6,9,7.3,5.3,5.2,5.9,5.5,5.3,9.3,9.9,9.1,8.4,7.9,10.2,10.7,6.6,
嘉義,2024/10/14 00:00:00,O3,13.3,15.6,15.7,16.1,13.9,14.7,12,21.1,34.2,45.7,55.5,65.9,74.3,78.4,72.3,70.7,79,68.4,48.4,42.6,33.6,27.4,26.1,21.3,
嘉義,2024/10/14 00:00:00,PM10,32,27,24,29,28,36,40,47,43,42,42,41,41,#,40,50,60,44,37,39,34,33,40,37,
嘉義,2024/10/14 00:00:00,PM2.5,18,19,17,14,16,15,15,23,31,27,28,21,27,#,25,30,33,29,19,18,17,17,20,19,
嘉義,2024/10/14 00:00:00,RAINFALL,0,0,0,0,0,0,0,0,0,0,0,0,0,0,0,0,0,0,0,0,0,0,0,0,
嘉義,2024/10/14 00:00:00,RH,88,88,88,88,88,88,87,86,86,82,73,65,59,56,52,64,68,69,76,83,85,86,87,87,
嘉義,2024/10/14 00:00:00,SO2,1.2,1.4,1.1,1.1,1.1,1.2,1.2,2.2,2.2,1.8,1.4,1.3,1.3,1.6,2.5,2,4.3,3.3,2,3.1,1.6,1.9,5.1,1.7,
嘉義,2024/10/14 00:00:00,THC,2.22,2.21,2.18,2.2,2.21,2.17,2.24,2.2,2.11,2.07,2.05,2.04,2.03,2.05,2.03,2.07,2.12,2.07,2.02,2.02,2.08,2.11,2.13,2.08,
嘉義,2024/10/14 00:00:00,WD_HR,112,94,109,113,109,107,104,100,242,242,241,310,284,304,332,326,327,348,358,44,111,216,69,92,
嘉義,2024/10/14 00:00:00,WIND_DIREC,119,77,103,99,121,105,111,49,230,242,243,280,247,287,327,319,340,349,3,111,81,19,112,73,
嘉義,2024/10/14 00:00:00,WIND_SPEED,0.8,1.1,0.7,0.6,1.1,1.2,1.1,0.8,0.9,1.6,1.7,2.4,1.2,1.6,3,4.1,3.4,2.3,2.4,1.6,0.9,1.6,1.2,1.6,
嘉義,2024/10/14 00:00:00,WS_HR,0.9,0.7,1.1,0.5,1,1.2,1.1,0.4,1.2,0.8,1.5,1.1,0.8,1.1,2,3.3,3.2,2.5,2.2,1.2,0.9,0.4,1.2,1.1,
嘉義,2024/10/15 00:00:00,AMB_TEMP,26.7,26,26.1,26.1,26,25.6,25.8,26.4,27.6,28.9,29.7,30.8,31.1,31.2,30.4,29.9,29.3,28.5,28.1,27.8,27.6,27.5,27,26.7,
嘉義,2024/10/15 00:00:00,CH4,2,2.02,2.05,2.23,2.36,2.45,2.14,2.09,2.08,2.04,2.02,2.01,2.01,1.99,1.95,1.96,2,2.01,2,1.97,2,2.03,2.09,2.24,
嘉義,2024/10/15 00:00:00,CO,0.24,0.17,0.18,0.26,0.21,0.25,0.27,0.31,0.3,0.29,0.26,0.27,0.28,0.26,0.22,0.28,0.4,0.37,0.32,0.25,0.27,0.31,0.31,0.32,
嘉義,2024/10/15 00:00:00,NMHC,0.05,0.01,0.04,0.09,0.04,0.06,0.06,0.09,0.09,0.08,0.04,0.04,0.05,0.03,0.02,0.05,0.06,0.12,0.08,0.06,0.07,0.07,0.07,0.05,
嘉義,2024/10/15 00:00:00,NO,0.6,0.4,0.5,0.5,0.7,0.6,0.8,1.8,2.8,2.6,1.4,1,0.7,0.6,0.3,0.4,0.7,0.5,0.4,0.4,0.4,0.6,0.5,0.3,
嘉義,2024/10/15 00:00:00,NO2,4.4,2.8,2.7,10.5,10.1,9.9,8.4,8.4,8.4,8.8,7.4,6.1,5.6,4.5,4.9,6.6,9,9.2,9.4,8.4,9.2,7.6,7.7,7,
嘉義,2024/10/15 00:00:00,NOx,5.1,3.2,3.2,11,10.8,10.5,9.2,10.2,11.3,11.5,8.9,7.2,6.3,5.1,5.2,7.1,9.7,9.7,9.8,8.9,9.6,8.2,8.2,7.4,
嘉義,2024/10/15 00:00:00,O3,22.7,15.7,16.6,9,11.8,6.9,13.1,16.6,23.4,36.2,47.6,62.4,75.4,74.1,67.2,71.5,66.5,66.2,52.4,32.4,31.4,34.5,26,21.6,
嘉義,2024/10/15 00:00:00,PM10,26,17,20,38,38,44,43,46,45,51,50,44,49,47,47,48,53,44,36,39,33,36,38,36,
嘉義,2024/10/15 00:00:00,PM2.5,16,11,13,21,16,25,28,29,26,31,30,28,33,31,28,27,31,26,24,15,15,22,21,22,
嘉義,2024/10/15 00:00:00,RAINFALL,0,0,0,0,0,0,0,0,0,0,0,0,0,0,0,0,0,0,0,0,0,0,0,0,
嘉義,2024/10/15 00:00:00,RH,87,85,84,88,91,91,89,89,85,76,71,65,63,63,71,74,76,78,80,87,86,85,88,89,
嘉義,2024/10/15 00:00:00,SO2,1.5,0.9,0.9,10.4,1.7,1.7,1.3,1.2,1.1,3.6,2.5,1.7,1.8,1.7,1.7,2.3,2,1.9,1.9,1.6,1.7,1.2,1.3,1.8,
嘉義,2024/10/15 00:00:00,THC,2.05,2.03,2.09,2.32,2.4,2.51,2.2,2.18,2.17,2.12,2.06,2.05,2.06,2.02,1.97,2.01,2.06,2.13,2.08,2.03,2.07,2.1,2.16,2.29,
嘉義,2024/10/15 00:00:00,WD_HR,102,109,70,348,2,46,64,28,353,348,312,297,260,273,290,328,345,343,341,359,108,130,211,200,
嘉義,2024/10/15 00:00:00,WIND_DIREC,118,103,307,343,1,63,17,39,316,352,285,270,279,280,316,346,335,340,324,18,101,195,184,185,
嘉義,2024/10/15 00:00:00,WIND_SPEED,1.4,1.2,1.3,1.9,2.9,2.2,1.2,1.7,1.5,1.4,1.2,1.6,1.6,2.3,2.6,2.7,2.8,2.6,1.4,1,1,0.6,0.9,1,
嘉義,2024/10/15 00:00:00,WS_HR,1,1.1,0.1,1.3,1.9,1.8,1.5,1.1,1.1,1.4,0.8,0.8,0.9,1.5,2.3,2.2,2.6,2.4,1.3,1,0.8,0.4,0.9,0.8,
嘉義,2024/10/16 00:00:00,AMB_TEMP,26.5,26.2,26.1,26.3,26.3,26.1,26.1,26.6,27,28.8,29.6,30.6,31.1,31.2,30.9,30.3,29.6,29,28.5,28.2,27.6,27.4,27.4,26.9,
嘉義,2024/10/16 00:00:00,CH4,2.27,2.21,2.19,2.16,2.19,2.29,2.36,2.28,2.15,2.08,2.04,2.02,1.99,1.99,2.04,2.01,1.97,1.98,1.97,2,2.01,2.03,2.05,2.11,
嘉義,2024/10/16 00:00:00,CO,0.27,0.26,0.25,0.26,0.27,0.24,0.29,0.34,0.32,0.29,0.26,0.25,0.25,0.25,0.28,0.26,0.3,0.34,0.49,0.59,0.48,0.44,0.39,0.29,
嘉義,2024/10/16 00:00:00,NMHC,0.04,0.03,0.03,0.03,0.04,0.05,0.08,0.09,0.08,0.06,0.04,0.03,0.03,0.02,0.05,0.03,0.06,0.08,0.09,0.1,0.08,0.09,0.1,0.08,
嘉義,2024/10/16 00:00:00,NO,0.3,0.5,0.6,0.7,0.4,0.7,0.7,0.9,1.7,1.5,0.9,0.9,0.8,1,0.5,0.8,0.8,0.7,0.8,1,1,1.6,1,0.7,
嘉義,2024/10/16 00:00:00,NO2,6.3,6.3,4.7,3.9,3.5,4.8,6.8,7.1,8.7,6.7,4.2,4.1,4,5.3,6,6.2,6.9,11.5,19.2,19.5,17.6,17.9,18.2,13.4,
嘉義,2024/10/16 00:00:00,NOx,6.7,6.8,5.4,4.6,4,5.5,7.5,8.1,10.5,8.3,5.1,5.1,4.8,6.4,6.5,7.1,7.7,12.3,20,20.5,18.7,19.5,19.2,14.1,
嘉義,2024/10/16 00:00:00,O3,17.7,19.1,21.8,21.5,21.3,18.6,17.2,20.2,29.2,42.6,51.7,58.4,61.8,63.1,72,70.4,59.4,42.6,23.5,14.8,11.9,7.3,5.8,7.4,
嘉義,2024/10/16 00:00:00,PM10,42,41,38,44,42,47,50,53,61,47,38,39,36,35,52,61,45,46,44,52,56,54,56,37,
嘉義,2024/10/16 00:00:00,PM2.5,15,20,18,23,23,24,24,26,35,29,27,25,21,23,33,38,22,23,21,19,18,21,22,18,
嘉義,2024/10/16 00:00:00,RAINFALL,0,0,0,0,0,0,0,0,0,0,0,0,0,0,0,0,0,0,0,0,0,0,0,0,
嘉義,2024/10/16 00:00:00,RH,91,91,92,91,91,91,92,91,90,81,69,64,62,61,66,71,71,74,79,84,87,88,88,88,
嘉義,2024/10/16 00:00:00,SO2,1.3,1.6,1.5,1.8,2.3,3.2,3.7,3.4,3.5,2.2,1.7,1.5,1.5,1.3,1.9,2.6,1.9,1.7,5.7,4.5,3.8,6.1,8,1.9,
嘉義,2024/10/16 00:00:00,THC,2.31,2.24,2.22,2.19,2.23,2.34,2.44,2.37,2.23,2.14,2.08,2.05,2.02,2.01,2.09,2.04,2.03,2.06,2.06,2.1,2.09,2.12,2.15,2.19,
嘉義,2024/10/16 00:00:00,WD_HR,170,215,197,110,117,197,172,184,275,239,228,257,281,288,321,332,344,353,357,342,315,343,323,312,
嘉義,2024/10/16 00:00:00,WIND_DIREC,202,185,193,123,108,236,108,226,285,185,237,273,270,344,321,329,354,9,15,312,329,359,316,304,
嘉義,2024/10/16 00:00:00,WIND_SPEED,0.9,1,0.7,0.8,0.7,1.2,1.1,1.2,1.3,1.3,1.5,1.6,2.1,1.7,3.9,3.9,2.8,2.3,1.7,1.8,1.9,2,1.7,1.7,
嘉義,2024/10/16 00:00:00,WS_HR,0.7,0.9,0.9,0.7,0.7,0.3,0.3,0.5,1,0.8,1,1.3,1.3,1,2.5,3.4,2.7,2.6,1.9,1.3,1.8,1.8,1.4,1.3,
嘉義,2024/10/17 00:00:00,AMB_TEMP,26.8,26.8,26.5,25.9,26.2,25.9,26,27.1,28,28.7,29.9,30.9,31.8,32.5,32.5,32.1,31.5,30.3,29.3,29,28.8,27.8,27.5,27.1,
嘉義,2024/10/17 00:00:00,CH4,2.1,2.11,2.15,2.17,2.25,2.22,2.17,2.11,2.09,2.1,2.05,2.06,2.06,2.03,2.01,1.99,1.99,2.03,2.08,2.05,2.08,2.11,2.1,2.15,
嘉義,2024/10/17 00:00:00,CO,0.26,0.24,0.36,0.25,0.3,0.37,0.38,0.36,0.32,0.31,0.27,0.28,0.26,0.25,0.24,0.24,0.27,0.38,0.38,0.35,0.33,0.3,0.28,0.26,
嘉義,2024/10/17 00:00:00,NMHC,0.08,0.08,0.08,0.09,0.09,0.09,0.11,0.1,0.07,0.06,0.04,0.04,0.02,0.02,0.01,0.02,0.03,0.08,0.07,0.09,0.06,0.04,0.04,0.03,
嘉義,2024/10/17 00:00:00,NO,0.6,0,0.3,0.4,0.3,0.4,1.2,2.6,2.4,1.5,0.8,0.5,0.3,0.4,0.4,0.2,0.4,0.1,0,0.1,0.2,0.1,0.1,0.2,
嘉義,2024/10/17 00:00:00,NO2,12.7,11,11.3,10.8,11.1,11.5,11.6,9.8,8.1,7.4,5.3,5.8,4.7,4.1,3.7,4.1,5.8,8.8,11.3,8.9,7.2,8.1,5.6,4.5,
嘉義,2024/10/17 00:00:00,NOx,13.3,11,11.6,11.2,11.4,11.9,12.9,12.4,10.6,9,6.1,6.3,5,4.5,4.2,4.3,6.2,9,11.4,9,7.4,8.3,5.8,4.7,
嘉義,2024/10/17 00:00:00,O3,5.3,7.2,4.4,4.9,2.8,3.3,4.5,12.1,23.2,39.1,58.6,71,76.7,78.7,78.3,75.6,72.5,74,68,63.3,55.8,42.7,45.3,45.7,
嘉義,2024/10/17 00:00:00,PM10,29,34,50,29,30,41,43,47,46,44,43,57,55,51,49,49,37,58,67,62,57,50,49,49,
嘉義,2024/10/17 00:00:00,PM2.5,17,16,26,14,12,18,18,18,24,24,26,29,34,33,31,27,23,30,39,38,35,24,29,27,
嘉義,2024/10/17 00:00:00,RAINFALL,0,0,0,0,0,0,0,0,0,0,0,0,0,0,0,0,0,0,0,0,0,0,0,0,
嘉義,2024/10/17 00:00:00,RH,88,88,90,91,90,91,90,87,85,81,71,65,62,59,59,60,60,67,73,76,76,85,86,87,
嘉義,2024/10/17 00:00:00,SO2,1.7,1.2,4.2,2,1.3,1.7,1.7,2.1,2.8,2.8,1.9,1.6,1.5,1.2,1.3,1.2,1.5,2.2,4.2,2.8,2.8,2.5,1.6,2,
嘉義,2024/10/17 00:00:00,THC,2.18,2.19,2.23,2.26,2.34,2.31,2.28,2.21,2.16,2.16,2.09,2.1,2.08,2.05,2.02,2.01,2.02,2.11,2.15,2.14,2.14,2.15,2.14,2.18,
嘉義,2024/10/17 00:00:00,WD_HR,281,153,215,229,151,224,257,110,189,239,243,256,251,283,267,280,273,332,14,42,122,217,224,218,
嘉義,2024/10/17 00:00:00,WIND_DIREC,221,166,229,211,230,245,116,180,230,242,273,283,287,291,232,264,282,353,3,84,198,221,231,220,
嘉義,2024/10/17 00:00:00,WIND_SPEED,1.4,0.7,1.5,1,1,0.9,0.8,1.5,2.4,1.6,2.3,1.5,2.2,2.4,2.4,2.8,2.4,2.4,2.1,1.5,1.4,1.7,1.9,1.1,
嘉義,2024/10/17 00:00:00,WS_HR,0.5,0.5,0.7,1.2,0.3,1.1,0.4,0.8,0.8,1.8,2,1.2,1.5,1.5,1.7,2.1,2.3,2.3,2.1,1.3,0.8,1.6,1.4,1.2,
嘉義,2024/10/18 00:00:00,AMB_TEMP,26.9,26.7,26.5,26.1,25.8,26,26.3,26.4,27.9,29.3,29.9,30.8,31.6,32.2,32.7,32.1,30.6,29.4,28.6,28.1,27.5,27.5,27.4,27.3,
嘉義,2024/10/18 00:00:00,CH4,2.14,2.09,2.12,2.15,2.12,2.14,2.14,2.11,2,1.95,1.95,1.95,1.94,1.94,1.95,1.99,1.99,1.98,2,2.02,2.02,2.05,2.05,2.05,
嘉義,2024/10/18 00:00:00,CO,0.27,0.28,0.27,0.27,0.29,0.3,0.35,0.42,0.32,0.22,0.22,0.21,0.22,0.21,0.21,0.27,0.24,0.31,0.31,0.31,0.34,0.41,0.39,0.43,
嘉義,2024/10/18 00:00:00,NMHC,0.03,0.04,0.04,0.05,0.07,0.08,0.1,0.1,0.06,0.03,0.02,0.01,0.01,0.01,0.01,0.05,0.04,0.07,0.06,0.07,0.09,0.13,0.12,0.14,
嘉義,2024/10/18 00:00:00,NO,0.1,0.2,0.6,0.6,0.4,0.8,0.7,1.9,2,1.1,0.9,0.8,0.9,0.7,0.7,0.8,0.7,0.6,0.6,0.7,0.7,0.6,0.5,0.6,
嘉義,2024/10/18 00:00:00,NO2,4.7,4.9,4.8,4.4,4.8,5.3,6.4,9.3,7.6,4.7,4.1,4,4,3.5,3.9,5.9,6.9,7.7,10.4,10.6,12,14.1,13.2,13.4,
嘉義,2024/10/18 00:00:00,NOx,4.9,5.2,5.5,5,5.3,6.1,7.1,11.3,9.6,5.8,5.1,4.8,4.9,4.3,4.7,6.7,7.6,8.3,11,11.3,12.7,14.8,13.7,14,
嘉義,2024/10/18 00:00:00,O3,41.1,39.8,31.8,27,23.6,18.2,17.5,21.2,40.1,48.6,54.4,59.3,65.6,68,68.6,74,58.3,44,32.1,25.2,22.1,15.9,14.9,12.8,
嘉義,2024/10/18 00:00:00,PM10,54,57,55,50,51,51,56,57,46,35,33,31,31,33,38,42,45,43,46,41,45,49,48,56,
嘉義,2024/10/18 00:00:00,PM2.5,29,29,29,30,29,29,26,35,28,19,20,19,18,17,15,25,24,22,24,20,23,24,25,27,
嘉義,2024/10/18 00:00:00,RAINFALL,0,0,0,0,0,0,0,0,0,0,0,0,0,0,0,0,0,0,0,0,0,0,0,0,
嘉義,2024/10/18 00:00:00,RH,88,89,90,91,92,92,90,90,84,69,65,61,58,56,56,63,71,76,82,86,88,88,88,88,
嘉義,2024/10/18 00:00:00,SO2,1.5,1.5,1.2,1.3,1.4,2.2,2.1,3.8,3.2,1.7,1.6,1.4,1.3,1.1,1.1,2.3,2.6,1.7,1.6,1.6,2.5,3.2,2.4,2.4,
嘉義,2024/10/18 00:00:00,THC,2.17,2.13,2.16,2.2,2.19,2.22,2.24,2.21,2.06,1.98,1.97,1.96,1.95,1.95,1.96,2.04,2.03,2.05,2.06,2.09,2.11,2.18,2.17,2.19,
嘉義,2024/10/18 00:00:00,WD_HR,213,219,197,234,217,102,201,238,258,273,284,287,272,290,268,320,336,348,353,356,7,32,75,65,
嘉義,2024/10/18 00:00:00,WIND_DIREC,218,223,178,228,106,103,235,221,291,269,270,273,340,252,279,325,352,348,347,357,10,72,79,97,
嘉義,2024/10/18 00:00:00,WIND_SPEED,1.2,1.8,0.6,1.4,0.6,0.9,0.9,1,1.6,1.1,2.1,1.4,1.9,2.6,2.5,3.9,3.3,2.1,2.9,1.8,2.1,2.4,1.3,1.1,
嘉義,2024/10/18 00:00:00,WS_HR,0.9,1.4,0.8,1.6,0.8,0.4,0.2,1.1,0.8,0.9,1.3,1.1,0.8,1.1,1.9,2.9,3.2,2.4,2.5,2.1,1.9,1.4,1.4,1,
嘉義,2024/10/19 00:00:00,AMB_TEMP,27.1,26.6,26.4,26.2,26.2,26.2,26.1,26.4,27,28.6,29.8,30.9,31.5,31.1,30.9,31.1,30.7,29.4,28.5,28.1,27.9,27.9,27.6,27.4,
嘉義,2024/10/19 00:00:00,CH4,2.07,2.17,2.36,2.22,2.08,2.03,2.04,2.08,2.09,2.07,2.06,2.03,1.99,1.97,1.96,1.96,1.92,1.93,1.94,1.95,1.97,2.02,2.12,2.13,
嘉義,2024/10/19 00:00:00,CO,0.39,0.41,0.3,0.25,0.27,0.27,0.28,0.29,0.31,0.32,0.32,0.3,0.3,0.26,0.29,0.25,0.19,0.24,0.22,0.23,0.3,0.29,0.3,0.33,
嘉義,2024/10/19 00:00:00,NMHC,0.13,0.14,0.07,0.08,0.06,0.08,0.07,0.06,0.09,0.11,0.09,0.05,0.02,0.02,0.04,0.02,0.01,0.04,0.03,0.03,0.07,0.08,0.07,0.06,
嘉義,2024/10/19 00:00:00,NO,0.6,0.9,1.2,0.6,0.8,0.7,1,1.5,2.3,3,1.3,1,0.8,0.7,0.7,0.7,0.5,0.7,0.4,0.5,0.6,0.5,0.5,0.7,
嘉義,2024/10/19 00:00:00,NO2,11.7,15,13.4,9.8,8.5,8.8,9.3,9,8.8,8.8,7.5,6.9,5,4.3,5,4.6,4.4,6.2,6.4,6.1,8.1,9.1,9.3,10.4,
嘉義,2024/10/19 00:00:00,NOx,12.3,16,14.7,10.5,9.4,9.6,10.4,10.5,11.1,11.9,8.9,7.9,5.8,5.1,5.7,5.4,5,7,6.8,6.6,8.7,9.7,9.8,11.1,
嘉義,2024/10/19 00:00:00,O3,10.1,4.5,6.9,12.5,15.8,15.8,15.5,16.1,19.5,32.7,56.5,69.4,70,67.5,73.1,68.9,45.1,47.2,36.7,31.8,23.7,22.1,16.5,9.8,
嘉義,2024/10/19 00:00:00,PM10,42,44,47,48,48,58,56,65,53,42,55,45,44,42,40,33,19,36,32,39,41,31,41,49,
嘉義,2024/10/19 00:00:00,PM2.5,26,28,20,30,31,35,35,47,38,34,33,31,34,29,30,25,11,16,15,12,18,17,22,18,
嘉義,2024/10/19 00:00:00,RAINFALL,0,0,0,0,0,0,0,0,0,0,0,0,0,0,0,0,0,0,0,0,0,0,0,0,
嘉義,2024/10/19 00:00:00,RH,89,90,90,91,91,90,90,89,87,81,70,65,63,68,67,63,65,76,85,88,89,89,89,90,
嘉義,2024/10/19 00:00:00,SO2,2.1,1.7,3.7,2.6,1.2,0.9,5.4,8.3,1.6,1.2,1.4,1.6,2,1.5,1.6,1.7,1.6,1.4,1.1,1,4.1,3.2,1.7,2.3,
嘉義,2024/10/19 00:00:00,THC,2.2,2.31,2.43,2.3,2.14,2.11,2.11,2.14,2.18,2.18,2.15,2.08,2.01,1.99,2,1.98,1.93,1.97,1.97,1.98,2.04,2.1,2.19,2.19,
嘉義,2024/10/19 00:00:00,WD_HR,156,245,0,4,12,29,358,1,44,357,311,327,326,349,341,349,338,328,322,350,17,74,69,0,
嘉義,2024/10/19 00:00:00,WIND_DIREC,214,313,23,1,33,40,26,356,73,300,355,344,350,345,323,357,341,317,324,14,36,99,349,10,
嘉義,2024/10/19 00:00:00,WIND_SPEED,1,1.7,1.9,2.3,1.9,1.7,2.1,1.9,2.2,1.9,1.8,2.2,3,3.8,4,3.2,2.8,2.7,2.1,1.3,0.9,1,1.7,2.4,
嘉義,2024/10/19 00:00:00,WS_HR,0.5,0.6,1.8,1.9,1.8,1.3,1.7,1.3,1.2,0.2,1.3,1.7,2.3,3.1,3.2,2.7,2.6,2.3,2.2,1.5,1,1.2,0.6,2,
嘉義,2024/10/20 00:00:00,AMB_TEMP,26.9,26.8,26.4,26.1,25.9,25.8,25.9,26.2,27.2,28.6,29.8,30.5,30.9,31.6,31.7,31.2,30.6,29.4,28.4,27.9,27.3,26.6,25.8,25.5,
嘉義,2024/10/20 00:00:00,CH4,2.11,2.11,2.12,2.13,2.11,2.12,2.11,2.11,2.1,2.08,2.06,2.03,2,2,1.99,1.99,2.01,2.03,2.06,2.03,2.03,2.03,2.01,2.01,
嘉義,2024/10/20 00:00:00,CO,0.37,0.36,0.34,0.33,0.32,0.32,0.33,0.38,0.41,0.39,0.36,0.31,0.28,0.27,0.26,0.26,0.3,0.33,0.35,0.36,0.34,0.28,0.24,0.23,
嘉義,2024/10/20 00:00:00,NMHC,0.06,0.07,0.07,0.06,0.06,0.07,0.09,0.1,0.1,0.09,0.07,0.04,0.03,0.02,0.02,0.02,0.03,0.05,0.07,0.07,0.07,0.04,0.04,0.04,
嘉義,2024/10/20 00:00:00,NO,0.6,1,0.9,0.8,0.6,0.7,0.7,1.3,2.3,1.9,1.2,0.9,0.7,0.7,0.7,0.7,0.7,0.7,0.8,0.6,0.8,0.8,0.9,0.4,
嘉義,2024/10/20 00:00:00,NO2,9.7,9.7,8.8,6.7,7,7.3,7.6,7.5,7.2,7.4,6.4,4,3.5,3.2,3.4,3.8,5,7.9,10.1,11.4,10.8,8.4,6.8,6.4,
嘉義,2024/10/20 00:00:00,NOx,10.4,10.7,9.7,7.6,7.6,8.1,8.4,8.8,9.6,9.3,7.6,4.9,4.3,4,4.1,4.6,5.7,8.6,11,12,11.7,9.2,7.7,6.9,
嘉義,2024/10/20 00:00:00,O3,13.4,14.2,16.7,20.8,20.8,20.5,19.6,21.4,25.5,40.3,55.1,62.2,65.3,66.8,68.8,66.5,61.7,48,34.7,27.7,24.1,25.7,26.7,26.3,
嘉義,2024/10/20 00:00:00,PM10,46,36,31,17,17,9,15,10,15,28,23,30,29,33,47,55,70,74,72,56,35,20,10,10,
嘉義,2024/10/20 00:00:00,PM2.5,18,19,18,15,10,8,8,10,11,20,23,24,18,17,25,20,22,25,26,24,17,14,14,10,
嘉義,2024/10/20 00:00:00,RAINFALL,0,0,0,0,0,0,0,0,0,0,0,0,0,0,0,0,0,0,0,0,0,0,0,0,
嘉義,2024/10/20 00:00:00,RH,90,89,89,88,87,87,86,86,83,74,69,67,64,61,61,62,64,69,74,74,74,75,78,79,
嘉義,2024/10/20 00:00:00,SO2,2.8,1.8,1.4,1.3,1.3,1.4,1.5,1.6,1.7,1.8,2.4,1.9,1.4,1.3,1.6,1.7,2,2.2,3.9,8.4,9.2,5.7,4.4,5.6,
嘉義,2024/10/20 00:00:00,THC,2.17,2.18,2.19,2.19,2.17,2.19,2.2,2.21,2.2,2.17,2.13,2.07,2.03,2.02,2.01,2.01,2.04,2.08,2.13,2.1,2.1,2.07,2.05,2.05,
嘉義,2024/10/20 00:00:00,WD_HR,4,2,3,6,15,6,44,359,355,346,302,330,307,330,328,337,342,348,355,2,359,356,1,358,
嘉義,2024/10/20 00:00:00,WIND_DIREC,1,0,3,42,6,0,9,348,47,344,274,336,298,334,324,330,351,348,351,359,354,346,351,8,
嘉義,2024/10/20 00:00:00,WIND_SPEED,2.5,1.9,2.9,2,2.1,2.2,1.8,1.8,1.3,1.5,1.8,1.9,2,3.6,3.4,3.9,3.7,3.2,2.3,2.6,2.8,2.8,2.4,1.2,
嘉義,2024/10/20 00:00:00,WS_HR,2,1.8,2.3,1.9,1.8,2.2,1.6,1.7,1.1,0.1,1.2,2.2,1.8,2.1,2.9,3.4,3,2.7,2.2,2.3,2.3,2.9,2.4,1.8,
嘉義,2024/10/21 00:00:00,AMB_TEMP,25.3,25.1,24.6,24.7,25.2,25.2,25.1,25.7,26.8,28,29.5,30.2,30.7,31.2,31.7,30.9,29.6,28.7,28.1,27.5,27.1,26.6,26.4,26.2,
嘉義,2024/10/21 00:00:00,CH4,2.04,2.05,2.08,2.07,2.11,2.13,2.12,2.16,2.1,2.15,2.1,2.04,2.01,#,2,1.98,1.98,2,2.03,2.01,2.05,2.03,2.1,2.13,
嘉義,2024/10/21 00:00:00,CO,0.22,0.22,0.21,0.2,0.22,0.22,0.24,0.36,0.36,0.34,0.35,0.31,0.31,0.27,0.29,#,0.28,0.37,0.36,0.39,0.43,0.43,0.36,0.34,
嘉義,2024/10/21 00:00:00,NMHC,0.03,0.05,0.02,0.02,0.06,0.08,0.05,0.09,0.1,0.07,0.07,0.05,0.05,#,0.03,0.04,0.03,0.07,0.08,0.09,0.08,0.07,0.07,0.06,
嘉義,2024/10/21 00:00:00,NO,0.7,0.2,0.6,0.4,0.5,0.4,0.7,2.6,4.1,2.7,2.5,1,0.7,0.7,#,#,0.6,0.4,0.3,0.2,0.4,0.5,0.3,0.4,
嘉義,2024/10/21 00:00:00,NO2,7.3,8.7,7.2,6,6.8,9.1,7.3,8.7,9.5,8.9,11,7.5,6.1,5.4,#,#,7,8.6,11.3,14.3,15.9,13.8,10.9,11.3,
嘉義,2024/10/21 00:00:00,NOx,8,9,7.8,6.4,7.3,9.6,8.1,11.4,13.6,11.6,13.5,8.6,6.9,6.1,#,#,7.7,9,11.6,14.5,16.3,14.3,11.2,11.8,
嘉義,2024/10/21 00:00:00,O3,24,21.6,22.2,23.5,19.2,15.9,17,14,20.7,31.6,44.5,63.5,67.3,#,#,64.8,56.4,49.2,38.9,27.9,21.4,21.5,20.7,18.2,
嘉義,2024/10/21 00:00:00,PM10,12,21,13,14,15,18,25,29,37,41,48,48,35,34,#,52,42,38,44,38,48,49,43,42,
嘉義,2024/10/21 00:00:00,PM2.5,7,19,9,11,9,14,13,12,21,20,22,23,25,#,25,20,19,16,16,17,16,16,14,15,
嘉義,2024/10/21 00:00:00,RAINFALL,0,0,0,0,0,0,0,0,0,0,0,0,0,#,#,0,0,0,0,0,0,0,0,0,
嘉義,2024/10/21 00:00:00,RH,82,83,86,86,85,85,86,85,84,79,71,68,65,63,61,67,71,74,78,85,87,88,89,89,
嘉義,2024/10/21 00:00:00,SO2,5,2,4.3,5.6,8.5,3.4,1.6,1.6,3.1,3.8,4.4,2.7,2.8,1.9,#,#,1.7,1.5,2.6,9.3,2.9,3.7,2.2,2.3,
嘉義,2024/10/21 00:00:00,THC,2.07,2.1,2.1,2.09,2.17,2.21,2.17,2.25,2.2,2.22,2.17,2.09,2.06,#,2.03,2.02,2.01,2.07,2.11,2.1,2.13,2.1,2.17,2.19,
嘉義,2024/10/21 00:00:00,WD_HR,4,349,328,351,78,36,64,1,358,344,2,341,333,326,340,327,334,345,356,356,353,323,315,227,
嘉義,2024/10/21 00:00:00,WIND_DIREC,33,338,350,44,76,2,52,8,357,7,20,354,327,341,334,333,345,346,2,2,353,314,352,221,
嘉義,2024/10/21 00:00:00,WIND_SPEED,1.5,2,1.7,0.7,0.7,1.6,0.8,2,2.2,1.8,1.6,1.6,2.1,2.6,3.3,3.3,3.6,2.6,2.8,2.1,1.8,1.7,0.7,1,
嘉義,2024/10/21 00:00:00,WS_HR,1.6,1.9,1.5,1.1,0.9,0.7,0.9,1.4,2,1.6,1.4,1.4,1.8,2,2.4,3.4,3.3,2.7,2.5,2,1.6,1.7,1,0.9,
嘉義,2024/10/22 00:00:00,AMB_TEMP,25.7,25.6,25.6,25.4,25.3,25.3,25.5,26.1,26.8,27.7,28.9,30,30.9,31.1,31.3,30.5,29.3,28.1,27.4,26.9,26.3,25.7,25.5,25.2,
嘉義,2024/10/22 00:00:00,CH4,2.18,2.21,2.25,2.13,2.16,2.25,2.26,2.25,2.24,2.14,2.12,2.09,2.02,1.99,1.97,1.95,1.95,1.97,1.97,1.97,2.01,2.05,2.02,2,
嘉義,2024/10/22 00:00:00,CO,0.32,0.33,0.3,0.29,0.28,0.29,0.36,0.43,0.47,0.43,0.39,0.36,0.36,0.29,0.28,0.27,0.29,0.34,0.31,0.28,0.32,0.29,0.26,0.22,
嘉義,2024/10/22 00:00:00,NMHC,0.06,0.06,0.03,0.04,0.03,0.05,0.07,0.12,0.16,0.1,0.09,0.07,0.05,0.04,0.04,0.04,0.06,0.09,0.1,0.09,0.1,0.08,0.11,0.08,
嘉義,2024/10/22 00:00:00,NO,0.3,0.2,0.2,0.1,0.3,0.1,0.3,0.9,2.3,1.9,2.2,1.2,1,0.4,0.4,0.6,0.7,0.6,0.3,0.4,0.4,0.4,0.3,0.1,
嘉義,2024/10/22 00:00:00,NO2,9.4,8.9,8,6.5,5.5,5.2,7.3,9.6,12.3,11.1,11.3,9.4,7.6,6.7,6.2,6.9,10.5,13.2,12.8,11.8,13.7,12.4,11.6,8.2,
嘉義,2024/10/22 00:00:00,NOx,9.7,9.1,8.2,6.6,5.9,5.3,7.7,10.5,14.6,13,13.5,10.7,8.6,7.1,6.7,7.5,11.3,13.9,13.1,12.2,14.1,12.9,12,8.4,
嘉義,2024/10/22 00:00:00,O3,17.3,14.3,11.7,15.9,15.6,16.6,14.2,11,14.2,29.8,39.4,56.6,64.6,68.3,70.6,57.9,44.4,34.2,29,25.8,20.3,21.8,20.3,26,
嘉義,2024/10/22 00:00:00,PM10,45,40,50,49,36,45,53,62,63,76,61,58,46,43,42,95,91,64,47,32,25,27,20,11,
嘉義,2024/10/22 00:00:00,PM2.5,16,18,20,16,15,19,23,29,31,33,33,35,27,24,21,19,22,20,18,12,14,13,8,8,
嘉義,2024/10/22 00:00:00,RAINFALL,0,0,0,0,0,0,0,0,0,0,0,0,0,0,0,0,0,0,0,0,0,0,0,0,
嘉義,2024/10/22 00:00:00,RH,91,92,92,92,92,93,93,91,89,86,79,69,63,62,61,65,68,72,72,72,75,79,81,81,
嘉義,2024/10/22 00:00:00,SO2,1.8,1.6,2.1,2.4,1.4,1,1.2,1.2,1.7,2.4,3,3.5,2.4,1.9,1.8,1.5,1.4,3.7,5.7,0.9,1.1,3.2,1.6,1,
嘉義,2024/10/22 00:00:00,THC,2.24,2.27,2.28,2.17,2.19,2.3,2.33,2.37,2.4,2.24,2.21,2.16,2.07,2.03,2.01,1.99,2.01,2.06,2.07,2.06,2.11,2.13,2.13,2.08,
嘉義,2024/10/22 00:00:00,WD_HR,219,201,132,207,211,204,210,99,66,2,349,355,351,352,348,357,353,1,5,9,359,8,11,10,
嘉義,2024/10/22 00:00:00,WIND_DIREC,212,108,95,201,221,221,219,94,350,21,325,348,349,21,352,8,3,9,5,344,3,19,10,359,
嘉義,2024/10/22 00:00:00,WIND_SPEED,1.1,1,0.8,0.8,0.9,1.1,0.7,0.9,1.5,2.1,3.2,3.3,3.3,3.3,3.8,4.6,3.8,4.7,3.6,2.2,2.4,2.5,2.5,3.1,
嘉義,2024/10/22 00:00:00,WS_HR,1.2,0.8,0.6,0.9,0.6,0.7,0.4,0.7,1,1.4,2.2,2.8,2.6,3.2,3.3,3.8,3.6,3.5,3.4,2.3,2.6,2.6,2.2,2.4,
嘉義,2024/10/23 00:00:00,AMB_TEMP,24.7,24.7,24.4,24.4,24.2,24,24,24.7,25.9,27,28.1,29.2,29.8,29.4,28.7,28.3,26.7,25.9,25.8,25.3,24.4,23.8,23.5,23.4,
嘉義,2024/10/23 00:00:00,CH4,2.04,2,2.02,2.04,2.1,2.16,2.13,2.11,2.04,2,2,2.01,2.03,2.05,2.05,2.05,2.06,2.08,2.1,2.11,2.06,2.06,2.07,2.07,
嘉義,2024/10/23 00:00:00,CO,0.22,0.18,0.17,0.17,0.18,0.21,0.26,0.3,0.34,0.32,0.34,0.36,0.39,0.38,0.34,0.35,0.37,0.46,0.51,0.47,0.38,0.37,0.34,0.33,
嘉義,2024/10/23 00:00:00,NMHC,0.06,0.08,0.04,0.05,0.05,0.11,0.09,0.09,0.08,0.07,0.08,0.07,0.07,0.06,0.05,0.06,0.08,0.13,0.17,0.13,0.07,0.05,0.06,0.07,
嘉義,2024/10/23 00:00:00,NO,0.2,0.4,0.4,0.7,0.6,0.6,0.9,2.5,2.4,2.1,1.5,1,1,0.9,0.9,1,0.9,0.7,0.9,0.9,0.7,0.7,0.6,0.4,
嘉義,2024/10/23 00:00:00,NO2,7.2,8.6,6.3,6.3,5.4,8.2,9.9,9.1,7.8,5.9,5.8,6,6.7,7,7.1,7.8,9.3,13.9,17.2,16.3,12,9.2,9,9.5,
嘉義,2024/10/23 00:00:00,NOx,7.5,9.1,6.7,7,6,8.9,10.8,11.7,10.3,8,7.3,7.1,7.7,8,8.1,8.9,10.3,14.6,18.1,17.2,12.7,10,9.6,9.9,
嘉義,2024/10/23 00:00:00,O3,25,24.5,26.6,28,28,18.7,18.2,18.7,29.5,36.5,46.3,61,66.2,63.8,62.3,59.9,48.6,36.6,27.9,24.7,31,34.6,32.9,30.2,
嘉義,2024/10/23 00:00:00,PM10,16,17,18,21,19,18,19,20,19,24,28,34,87,148,118,84,90,58,49,40,22,21,16,12,
嘉義,2024/10/23 00:00:00,PM2.5,7,7,6,5,8,14,11,10,10,8,12,10,13,23,23,17,19,16,17,15,13,10,7,6,
嘉義,2024/10/23 00:00:00,RAINFALL,0,0,0,0,0,0,0,0,0,0,0,0,0,0,0,0,0,0,0,0,0,0,0,0,
嘉義,2024/10/23 00:00:00,RH,85,85,85,85,85,86,86,84,75,67,63,59,56,57,57,57,62,65,66,67,69,71,74,75,
嘉義,2024/10/23 00:00:00,SO2,3.2,2.2,2,1.5,1.5,1.4,1.4,1.7,1.7,1.4,1.4,1.3,1.5,1.7,1.8,1.9,3.4,5.3,4.2,10.5,8.7,2.1,3.4,1.3,
嘉義,2024/10/23 00:00:00,THC,2.1,2.08,2.06,2.09,2.15,2.27,2.22,2.2,2.12,2.07,2.08,2.08,2.1,2.11,2.1,2.11,2.14,2.21,2.27,2.24,2.13,2.11,2.13,2.14,
嘉義,2024/10/23 00:00:00,WD_HR,6,10,12,355,29,30,14,36,40,6,25,359,353,353,5,358,6,4,4,2,10,5,7,8,
嘉義,2024/10/23 00:00:00,WIND_DIREC,12,4,3,359,18,56,3,35,354,11,10,355,347,357,16,8,3,9,5,4,7,8,9,14,
嘉義,2024/10/23 00:00:00,WIND_SPEED,2.8,1.8,1.8,2.1,2.1,1.2,2.6,2.7,3.2,3.2,3.8,4,4.2,4,3.9,4.8,3.4,3.1,3.2,3.8,3.7,3.1,2,2.1,
嘉義,2024/10/23 00:00:00,WS_HR,2.3,1.9,1.8,1.7,1.7,1.3,1.5,2,2.4,3.2,2.6,3.2,3.7,3.9,4.2,4.2,4,3.3,2.6,2.8,2.8,2.8,2.2,1.9,
嘉義,2024/10/24 00:00:00,AMB_TEMP,23.3,23.2,23.1,22.8,22.7,22.4,22.5,23.2,24.7,26,27.1,28,29,28.9,28.6,28,27,26.4,25.7,25.3,24.9,24.8,24.6,24.4,
嘉義,2024/10/24 00:00:00,CH4,2.09,2.08,2.05,2.03,2.08,2.06,2.03,1.98,1.96,1.98,1.95,1.94,#,1.95,1.94,1.95,1.95,1.97,1.98,1.99,1.99,1.99,1.98,1.98,
嘉義,2024/10/24 00:00:00,CO,0.31,0.28,0.25,0.21,0.23,0.22,0.19,0.23,0.21,0.25,0.24,0.25,#,0.22,0.21,0.23,0.23,0.32,0.33,0.3,0.26,0.24,0.21,0.19,
嘉義,2024/10/24 00:00:00,NMHC,0.04,0.04,0.03,0.05,0.08,0.04,0.02,0.05,0.05,0.06,0.06,0.07,#,0.05,0.05,0.06,0.06,0.1,0.1,0.09,0.07,0.05,0.06,0.06,
嘉義,2024/10/24 00:00:00,NO,0.6,0.4,0.5,0.5,0.7,0.5,0.6,1.7,2.2,1.9,1.5,1.1,#,0.7,1.2,1.1,1,1.1,0.8,0.8,0.7,0.8,0.5,0.3,
嘉義,2024/10/24 00:00:00,NO2,8.7,6.9,5.8,5.4,7.1,7.6,8.3,8.5,7.2,6.4,5.9,6.4,#,6.6,7.4,8.3,8.6,12.9,15.3,12.8,11.3,10,8.8,7.7,
嘉義,2024/10/24 00:00:00,NOx,9.3,7.3,6.3,5.9,7.8,8.2,9,10.3,9.4,8.4,7.5,7.5,#,7.4,8.6,9.5,9.7,14,16.1,13.7,12.1,10.8,9.3,8,
嘉義,2024/10/24 00:00:00,O3,30.7,33.5,32.4,32.2,27.5,26.8,29.4,31.5,36.5,41,48.9,54.9,#,62.6,55.9,47.9,39,29.3,24.1,24.4,24.6,24.5,24.2,24.6,
嘉義,2024/10/24 00:00:00,PM10,17,17,17,14,12,16,13,20,11,10,13,23,23,36,53,45,35,30,20,18,13,11,12,8,
嘉義,2024/10/24 00:00:00,PM2.5,9,9,9,7,9,6,6,7,8,5,6,3,5,6,6,7,6,6,8,8,7,4,3,1,
嘉義,2024/10/24 00:00:00,RAINFALL,0,0,0,0,0,0,0,0,0,0,0,0,0,0,0,0,0,0,0,0,0,0,0,0,
嘉義,2024/10/24 00:00:00,RH,75,76,78,78,80,83,82,79,70,65,62,59,57,59,60,62,64,67,71,74,77,78,80,83,
嘉義,2024/10/24 00:00:00,SO2,1,1.1,0.8,0.8,0.8,6.9,1.6,0.7,1,1.3,1.2,1,#,1.2,2.5,3,0.7,8.5,11.2,1.8,1.1,0.3,A,#,
嘉義,2024/10/24 00:00:00,THC,2.13,2.12,2.08,2.08,2.16,2.1,2.05,2.03,2.01,2.04,2.01,2.01,#,2,1.99,2.01,2.01,2.07,2.08,2.08,2.06,2.04,2.04,2.04,
嘉義,2024/10/24 00:00:00,WD_HR,1,7,14,16,16,10,7,24,23,17,13,16,6,1,6,7,5,4,1,5,14,14,16,8,
嘉義,2024/10/24 00:00:00,WIND_DIREC,11,18,23,10,358,5,13,18,4,31,36,41,354,1,11,14,2,352,7,357,17,15,23,360,
嘉義,2024/10/24 00:00:00,WIND_SPEED,2.1,2.7,2.6,2.2,2.7,2.8,2.8,2.8,3.9,2.8,2.9,3.3,3.7,3.5,2.6,4,3.6,3.1,2.6,2.8,2,2.9,2.9,2.9,
嘉義,2024/10/24 00:00:00,WS_HR,2,2.2,2,2,1.7,2.1,2.6,2.4,2.8,2.3,2.6,2.5,2.9,3,3.4,3.4,3.8,3,2.5,2.4,2.5,2.7,2.2,2.3,
嘉義,2024/10/25 00:00:00,AMB_TEMP,24.4,24.3,24.3,24.2,24.4,24.2,24.3,24.7,26,27.9,29.3,29.8,29.8,31.4,32.2,32,30.6,28.9,27.8,27.5,27.2,26.9,26.5,26.3,
嘉義,2024/10/25 00:00:00,CH4,1.97,1.98,1.98,1.99,2,2.03,2.08,2.05,2.05,2.01,1.99,1.96,1.98,1.97,1.95,1.94,1.93,1.92,1.91,1.94,1.95,1.97,1.98,1.97,
嘉義,2024/10/25 00:00:00,CO,0.18,0.15,0.14,0.14,0.15,0.18,0.25,0.28,0.3,0.28,0.23,0.22,0.26,0.26,0.21,0.23,0.32,0.42,0.35,0.39,0.36,0.36,0.2,0.15,
嘉義,2024/10/25 00:00:00,NMHC,0.06,0.05,0.03,0.04,0.08,0.07,0.12,0.12,0.13,0.13,0.06,0.05,0.08,0.08,0.04,0.05,0.06,0.1,0.05,0.07,0.07,0.07,0.04,0.01,
嘉義,2024/10/25 00:00:00,NO,0.5,0.2,0.3,0.4,0.4,0.4,0.8,2.8,3.9,2.9,2,0.9,1.1,1,0.7,0.5,0.3,0.7,0.8,0.6,0.7,0.8,0.6,0.4,
嘉義,2024/10/25 00:00:00,NO2,7.3,7.8,7,6.9,7.2,7.2,8.8,10.7,12,10.6,9,7.5,9.1,8.9,6.3,6.7,9,13.9,13,13.9,14.5,13.6,10.5,6.4,
嘉義,2024/10/25 00:00:00,NOx,7.8,8,7.4,7.3,7.6,7.6,9.6,13.6,16,13.5,11.1,8.5,10.3,9.9,7,7.3,9.4,14.7,13.9,14.5,15.3,14.5,11.2,6.9,
嘉義,2024/10/25 00:00:00,O3,24.9,25.2,28,27.3,25.3,19.6,11.1,16.5,20.7,34.3,45.6,54.5,58.1,73.9,77.9,71.6,54.2,30.6,22.5,15.4,12.4,10.2,12.8,15.4,
嘉義,2024/10/25 00:00:00,PM10,5,5,3,4,4,3,12,15,62,19,11,17,23,31,25,20,53,47,39,38,44,43,43,47,
嘉義,2024/10/25 00:00:00,PM2.5,2,3,4,1,1,4,6,7,9,6,5,19,7,18,13,14,21,19,14,17,17,19,18,11,
嘉義,2024/10/25 00:00:00,RAINFALL,0,0,0,0,0,0,0,0,0,0,0,0,0,0,0,0,0,0,0,0,0,0,0,0,
嘉義,2024/10/25 00:00:00,RH,85,85,85,86,86,86,87,86,83,72,67,66,67,61,57,56,68,78,86,88,88,89,91,92,
嘉義,2024/10/25 00:00:00,SO2,1.3,0.9,0.8,1,0.8,0.8,0.7,1,1,1.8,1.4,1,2,1.8,1.5,1.3,1.4,1.6,1.5,2.1,2.4,1.4,0.6,0.1,
嘉義,2024/10/25 00:00:00,THC,2.03,2.03,2.01,2.03,2.08,2.1,2.2,2.17,2.18,2.14,2.05,2.01,2.06,2.05,1.99,1.99,1.99,2.02,1.96,2.01,2.02,2.04,2.02,1.98,
嘉義,2024/10/25 00:00:00,WD_HR,23,2,12,4,45,71,87,54,45,332,324,333,340,308,301,315,322,342,341,12,318,222,250,217,
嘉義,2024/10/25 00:00:00,WIND_DIREC,38,2,357,356,15,54,70,53,65,343,329,354,326,356,289,282,343,337,358,355,321,233,252,209,
嘉義,2024/10/25 00:00:00,WIND_SPEED,1.4,3,2,1.8,1.3,1.2,1.3,2.2,1.6,2.2,2.3,2.6,1.6,2,2.5,2.4,3.6,3.1,2.9,2.1,1.4,2,1.1,1.4,
嘉義,2024/10/25 00:00:00,WS_HR,1.9,2.6,1.9,1.7,1.1,1.3,0.9,1.8,1.7,1.4,1.7,2.2,1.1,0.9,1.7,1.8,2.3,2.7,2.4,1.7,1.5,0.7,1.4,1.2,
嘉義,2024/10/26 00:00:00,AMB_TEMP,26.3,26.3,26.3,26,25.9,26.1,26.3,26.6,27.3,28.9,30.6,31.1,31.7,31.8,30.8,30.6,29.4,28.2,27.7,27.4,27.4,27.2,27.1,26.7,
嘉義,2024/10/26 00:00:00,CH4,2.01,2.02,1.99,2,1.91,1.92,1.99,1.96,1.94,1.93,1.94,1.93,1.91,1.93,1.92,1.92,1.95,1.96,1.98,1.96,1.99,2.03,2.03,2.08,
嘉義,2024/10/26 00:00:00,CO,0.2,0.19,0.16,0.15,0.13,0.14,0.16,0.22,0.22,0.19,0.24,0.21,0.18,0.19,0.18,0.19,0.23,0.31,0.31,0.27,0.3,0.31,0.29,0.24,
嘉義,2024/10/26 00:00:00,NMHC,0.01,0.01,0.01,0,0.01,0.01,0.02,0.04,0.02,0.02,0.03,0.02,0.01,0.02,0.01,0.02,0.03,0.06,0.05,0.07,0.08,0.08,0.06,0.05,
嘉義,2024/10/26 00:00:00,NO,0.4,0.8,0.7,0.9,0.7,0.8,0.9,1.4,2,1.8,1.6,1.4,1.3,1.2,1.1,1.3,1.2,0.9,0.9,0.9,1,0.9,0.8,0.8,
嘉義,2024/10/26 00:00:00,NO2,6.6,6.2,6.1,5.4,4.8,4.9,5.9,6.3,6.3,4.9,5.1,4.6,3.4,3.6,3.9,5.1,6.6,8.8,10.6,9,9.6,10.3,9.6,8.9,
嘉義,2024/10/26 00:00:00,NOx,7.1,7.1,6.8,6.3,5.5,5.8,6.9,7.8,8.3,6.7,6.7,6,4.7,4.9,5.1,6.4,7.9,9.8,11.5,10,10.6,11.2,10.5,9.8,
嘉義,2024/10/26 00:00:00,O3,13.9,14.8,14,15,18.5,16.5,13.4,14.5,22.7,31.5,42.6,46.5,47.7,55.2,47.8,43.3,38.1,33.3,28,27.7,26,22.9,20.6,18.9,
嘉義,2024/10/26 00:00:00,PM10,52,54,60,63,42,47,54,49,42,34,33,31,32,47,34,29,38,44,51,57,56,57,61,64,
嘉義,2024/10/26 00:00:00,PM2.5,21,20,18,13,18,17,16,20,18,20,17,20,14,22,17,14,14,29,28,24,25,27,29,23,
嘉義,2024/10/26 00:00:00,RAINFALL,0,0,0,0,0,0,0,0,0,0,0,0,0,0,0,0,0,0,0,0,0,0,0,0,
嘉義,2024/10/26 00:00:00,RH,92,92,92,93,93,93,92,91,89,84,71,67,64,66,70,71,76,84,87,87,88,88,89,90,
嘉義,2024/10/26 00:00:00,SO2,0.1,0.9,0.8,0.7,0.8,0.8,0.8,1.1,1.2,1.2,1.1,1.2,1,1.1,1.3,1.2,1.7,4.4,3.6,1.9,5.5,7,6.1,2.8,
嘉義,2024/10/26 00:00:00,THC,2.02,2.03,2,2,1.92,1.93,2.01,2,1.96,1.95,1.97,1.95,1.92,1.95,1.93,1.94,1.98,2.02,2.03,2.03,2.07,2.11,2.09,2.13,
嘉義,2024/10/26 00:00:00,WD_HR,192,204,198,240,222,201,143,125,214,189,11,331,337,341,337,354,357,350,356,9,0,0,348,311,
嘉義,2024/10/26 00:00:00,WIND_DIREC,213,183,228,250,209,204,80,194,237,110,347,343,350,344,340,1,4,349,5,348,38,22,292,327,
嘉義,2024/10/26 00:00:00,WIND_SPEED,1.2,1.3,1,1.7,0.7,0.7,1,1,2,1,1.9,2.7,3.1,3.8,2.9,3.7,3.2,2.6,2.7,2.4,1.5,1.5,1.2,2.3,
嘉義,2024/10/26 00:00:00,WS_HR,1.1,1,0.6,1.3,1,0.6,0.5,0.9,1.4,0.5,0.9,2,2.5,3.2,3.3,2.9,3.1,3,2.2,2.1,1.5,1.8,0.6,1.6,
嘉義,2024/10/27 00:00:00,AMB_TEMP,26.4,26.2,26.1,26.1,25.9,25.8,25.9,26.1,26.7,27.5,28.5,29.3,29.6,30,29.3,28.7,28.5,28.5,28.1,27.9,27.5,26.8,26.7,26.4,
嘉義,2024/10/27 00:00:00,CH4,2.08,1.98,2.03,2.05,2.04,2.12,2.06,2.07,2.06,2,1.99,1.99,1.98,1.95,1.97,1.97,1.99,2,2.01,2.05,2.06,2.06,2.07,2.06,
嘉義,2024/10/27 00:00:00,CO,0.19,0.2,0.21,0.21,0.18,0.19,0.21,0.24,0.23,0.2,0.21,0.21,0.21,0.22,0.22,0.24,0.27,0.3,0.31,0.3,0.3,0.28,0.26,0.21,
嘉義,2024/10/27 00:00:00,NMHC,0.03,0.04,0.04,0.03,0.03,0.02,0.02,0.04,0.03,0.01,0.01,0.01,0.01,0.02,0.01,0.01,0.02,0.04,0.04,0.04,0.05,0.03,0.04,0.02,
嘉義,2024/10/27 00:00:00,NO,0.8,1,0.8,0.9,0.9,0.8,1,1.5,2.7,1.6,1.5,1.4,1.4,1.3,1.1,0.9,0.8,0.7,0.9,0.7,0.9,1.2,0.9,1,
嘉義,2024/10/27 00:00:00,NO2,5.9,5.2,4.6,4.6,4.5,4.1,4.7,5.5,6,4.5,4.5,4.4,4.4,4.5,4.3,5.1,6.3,8.3,8.1,9.5,10,9.2,8.7,7.4,
嘉義,2024/10/27 00:00:00,NOx,6.7,6.3,5.4,5.5,5.4,5,5.7,7,8.7,6.2,6,5.8,5.8,5.9,5.5,6,7.2,9,9.1,10.3,11,10.4,9.7,8.5,
嘉義,2024/10/27 00:00:00,O3,22.3,22.1,20.1,17.6,17.5,18.4,16.5,15.5,18.7,24.6,30.6,38,44,49.8,48.1,50.5,49.2,42.6,37.8,30.3,23.2,19,16.5,15,
嘉義,2024/10/27 00:00:00,PM10,86,79,66,82,60,59,52,50,46,38,36,36,37,34,24,28,34,42,41,49,54,42,51,49,
嘉義,2024/10/27 00:00:00,PM2.5,20,25,25,31,20,21,23,23,25,21,25,23,24,21,24,20,27,28,22,28,25,20,22,22,
嘉義,2024/10/27 00:00:00,RAINFALL,0,0,0,0,0,0,0,0,0,0,0,0,0,0,0,0,0,0,0,0,0,0,0,0,
嘉義,2024/10/27 00:00:00,RH,91,92,92,93,93,93,93,93,91,88,86,83,76,73,77,83,85,85,86,86,89,91,91,92,
嘉義,2024/10/27 00:00:00,SO2,1.1,1.8,4.5,5,2,1.5,1.2,1.3,1.3,1.2,1.3,1.3,1.1,1.4,1.3,1.4,1.8,2,1.7,1.6,4,2,1.9,1.7,
嘉義,2024/10/27 00:00:00,THC,2.11,2.02,2.07,2.08,2.07,2.14,2.08,2.11,2.09,2.01,2,2,1.99,1.97,1.98,1.98,2.01,2.04,2.05,2.09,2.11,2.09,2.11,2.08,
嘉義,2024/10/27 00:00:00,WD_HR,330,352,4,327,311,317,314,278,281,238,268,291,306,320,323,333,339,336,0,346,331,308,285,228,
嘉義,2024/10/27 00:00:00,WIND_DIREC,348,331,354,230,310,329,320,327,255,239,307,301,330,331,320,312,346,323,358,6,316,304,237,223,
嘉義,2024/10/27 00:00:00,WIND_SPEED,2.3,1.6,1.3,1,1.7,1.5,0.8,2,2.2,1.4,1.3,1.9,2.9,2.5,3.5,2,2.3,2.2,2,1.2,2,1.4,1.6,1.7,
嘉義,2024/10/27 00:00:00,WS_HR,2.1,1.3,1.2,0.7,1.4,1.3,1,0.6,1.2,1.2,0.9,1,2.2,2.2,3,2.1,1.6,1.8,2.1,1.4,1.3,1.8,1.2,1.4,
嘉義,2024/10/28 00:00:00,AMB_TEMP,26.2,25.7,25.8,26.2,25.8,25.9,25.7,25.9,25.9,26.3,26.4,26.7,26.2,26.3,26.8,27.7,27.6,26.5,25.6,25.4,25.3,24.7,24.7,24.7,
嘉義,2024/10/28 00:00:00,CH4,2.04,1.91,1.92,1.95,1.96,1.99,2,2.03,2.03,2.01,1.98,1.97,1.97,1.97,1.94,1.93,1.95,1.98,1.99,1.97,1.97,2,2.03,2.02,
嘉義,2024/10/28 00:00:00,CO,0.19,0.13,0.13,0.15,0.15,0.16,0.16,0.25,0.28,0.26,0.25,0.25,0.25,0.29,0.25,0.25,0.27,0.35,0.35,0.31,0.3,0.31,0.29,0.27,
嘉義,2024/10/28 00:00:00,NMHC,0,0,0,0,0,0.01,0,0.05,0.06,0.07,0.07,0.07,0.07,0.11,0.13,0.09,0.11,0.13,0.12,0.11,0.1,0.08,0.07,0.1,
嘉義,2024/10/28 00:00:00,NO,1,0.1,0.1,0.2,0,0,0.3,1,3.2,3.5,2.9,2.7,1.8,1.1,0.9,0.8,0.7,0.3,0.3,0.5,0.4,0.3,0.2,0.2,
嘉義,2024/10/28 00:00:00,NO2,6.5,2.1,1.9,2.1,2.6,5.2,5.5,7.9,9.8,7.8,7.6,7.7,8.5,10.6,10,7.6,9,13.2,14.8,13.9,11.8,12.7,10.6,9.8,
嘉義,2024/10/28 00:00:00,NOx,7.6,2.2,2,2.4,2.7,5.3,5.8,9,13,11.3,10.5,10.4,10.4,11.8,10.9,8.5,9.7,13.6,15.2,14.5,12.2,13,10.8,10.1,
嘉義,2024/10/28 00:00:00,O3,15.8,27.8,27.7,26.4,23.1,17.4,17.6,12.1,12.8,18,20.3,24.9,26.6,28.7,35.2,39.5,36.7,32.3,27.5,26.7,27,25.6,27.1,26,
嘉義,2024/10/28 00:00:00,PM10,63,11,4,7,8,12,13,12,13,15,15,16,10,23,#,25,24,28,35,24,23,24,25,22,
嘉義,2024/10/28 00:00:00,PM2.5,17,1,3,3,3,6,8,6,6,8,12,15,9,13,#,10,12,11,16,15,10,9,11,11,
嘉義,2024/10/28 00:00:00,RAINFALL,0,0,0,0,0,0,0,0,0,0,0,0,0,0,0,0,0,0,0,0,0,0,0,0,
嘉義,2024/10/28 00:00:00,RH,92,89,87,87,87,89,91,91,91,89,88,87,87,86,83,75,76,77,78,78,79,84,84,84,
嘉義,2024/10/28 00:00:00,SO2,1.7,1.2,0.9,0.9,1.3,1.2,0.9,1,1,1,0.8,0.9,0.8,1.1,1.2,#,0.9,0.9,1,1.3,1.3,0.9,1.3,1.1,
嘉義,2024/10/28 00:00:00,THC,2.03,1.9,1.92,1.95,1.96,2,2,2.08,2.09,2.08,2.05,2.04,2.04,2.08,2.07,2.02,2.06,2.11,2.11,2.08,2.07,2.08,2.1,2.12,
嘉義,2024/10/28 00:00:00,WD_HR,229,234,232,213,228,255,251,315,321,311,339,335,344,357,25,52,46,3,356,10,0,358,7,17,
嘉義,2024/10/28 00:00:00,WIND_DIREC,236,240,248,135,242,275,249,328,329,311,357,340,349,8,16,57,16,15,357,40,345,21,12,30,
嘉義,2024/10/28 00:00:00,WIND_SPEED,1.7,2.1,1.3,0.8,1.5,1.4,1.6,2,2.1,3.2,2.4,3,3.3,2.9,3,2.4,3.1,3,2.6,2.1,2.7,2.3,1.9,2.1,
嘉義,2024/10/28 00:00:00,WS_HR,1.8,1.8,1.4,0.5,0.9,1.4,1.5,0.4,1.9,1.9,2.4,2.8,2.7,2.7,2.5,2.5,2.6,3.1,2.6,2,2.4,2.1,1.7,1.6,
嘉義,2024/10/29 00:00:00,AMB_TEMP,24.6,24.6,24.6,24.1,23.1,22.8,22.7,23,24,25.2,26.7,28,28.8,29.5,29.8,28.5,27.3,25.8,24.9,24.1,23.9,23.9,23.7,23.4,
嘉義,2024/10/29 00:00:00,CH4,2.07,2.13,2.07,2.06,2.03,2.03,2.02,2.04,2.02,2.02,2.02,2,1.98,1.97,1.97,1.98,1.99,2,2,2.01,2.02,2.04,2.08,2.08,
嘉義,2024/10/29 00:00:00,CO,0.29,0.28,0.26,0.25,0.26,0.25,0.28,0.39,0.38,0.34,0.33,0.31,0.29,0.28,0.28,0.3,0.33,0.34,0.34,0.31,0.31,0.33,0.3,0.28,
嘉義,2024/10/29 00:00:00,NMHC,0.1,0.08,0.07,0.04,0.03,0.03,0.05,0.07,0.11,0.1,0.08,0.07,0.04,0.05,0.06,0.07,0.09,0.09,0.1,0.08,0.08,0.09,0.08,0.09,
嘉義,2024/10/29 00:00:00,NO,0.2,0.5,0.8,0.6,0.5,0.5,0.9,1.5,2.5,2.6,3.5,2.5,1.2,0.9,0.9,1.2,1.2,1,1,0.8,0.8,0.8,0.6,0.5,
嘉義,2024/10/29 00:00:00,NO2,10.6,13.7,10.6,9,6.1,6.2,7.7,11,11.7,9.6,9.4,9.3,6.6,5.5,6.1,9.1,11.5,12.9,12.5,13.1,11,12.5,13.8,13.2,
嘉義,2024/10/29 00:00:00,NOx,10.8,14.2,11.4,9.7,6.7,6.7,8.7,12.5,14.2,12.3,13,11.8,7.8,6.4,7,10.3,12.7,14,13.6,13.9,11.9,13.3,14.5,13.7,
嘉義,2024/10/29 00:00:00,O3,22,17,20,23.7,29.8,26.9,24.9,21.9,23.8,28.7,34.3,47.2,61,72,71.8,59.3,49.2,40.6,36.4,34.8,34.3,30,23.9,23.8,
嘉義,2024/10/29 00:00:00,PM10,26,23,20,14,12,11,13,24,24,27,22,22,23,25,36,73,69,54,39,32,30,27,25,25,
嘉義,2024/10/29 00:00:00,PM2.5,12,10,17,14,10,9,10,16,17,19,20,12,17,17,21,24,27,18,19,14,15,14,14,13,
嘉義,2024/10/29 00:00:00,RAINFALL,0,0,0,0,0.5,0,0,0,0,0,0,0,0,0,0,0,0,0,0,0,0,0,0,0,
嘉義,2024/10/29 00:00:00,RH,85,86,86,87,91,92,93,92,89,86,80,70,66,64,62,66,68,72,74,77,79,79,80,81,
嘉義,2024/10/29 00:00:00,SO2,1.2,2.2,2.1,1.9,1.7,1.7,2.1,2.1,2,1.9,1.7,1.6,1.6,1.7,1.7,1.8,1.7,1.7,1.5,1.5,1.5,1.5,1.7,1.9,
嘉義,2024/10/29 00:00:00,THC,2.17,2.21,2.14,2.1,2.06,2.06,2.07,2.11,2.13,2.12,2.1,2.07,2.02,2.02,2.03,2.05,2.08,2.09,2.1,2.09,2.1,2.13,2.16,2.17,
嘉義,2024/10/29 00:00:00,WD_HR,0,1,357,2,6,3,359,11,19,4,345,354,20,50,355,357,353,6,1,2,4,7,345,15,
嘉義,2024/10/29 00:00:00,WIND_DIREC,14,17,344,2,5,357,348,16,1,351,345,354,13,352,358,9,357,9,353,6,3,348,3,22,
嘉義,2024/10/29 00:00:00,WIND_SPEED,1.8,1.6,2.8,3.3,2.4,2.2,2.2,1.9,2.9,2.7,3.2,3,3.1,2.5,3.1,4.5,4.1,3.3,3.4,3.6,2.2,2,2,1.8,
嘉義,2024/10/29 00:00:00,WS_HR,1.6,1.6,1.9,2.1,2.5,2.2,2,1.8,2,2.1,2.5,2.6,2.1,1.8,2.8,3.6,3.6,3.7,3.4,3.4,2.4,1.5,1.6,1.8,
嘉義,2024/10/30 00:00:00,AMB_TEMP,23.3,23,22.8,22.9,22.6,22.5,22.3,22.7,24.2,25.7,27,28.1,29.3,29.9,30.2,29.6,28.5,27.5,27,26.3,25.9,25.7,25.6,25.5,
嘉義,2024/10/30 00:00:00,CH4,2.05,2.07,2.1,2.04,2.05,2.03,2.04,2.03,2,2.02,2,1.97,1.95,1.95,1.95,1.95,1.96,1.97,1.99,1.97,1.98,1.99,2,2.01,
嘉義,2024/10/30 00:00:00,CO,0.27,0.28,0.22,0.19,0.17,0.17,0.21,0.3,0.25,0.28,0.27,0.26,0.26,0.24,0.25,0.3,0.34,0.39,0.35,0.29,0.28,0.3,0.28,0.24,
嘉義,2024/10/30 00:00:00,NMHC,0.12,0.12,0.04,0.05,0.02,0.02,0.03,0.05,0.06,0.08,0.07,0.04,0.05,0.03,0.04,0.05,0.06,0.1,0.11,0.08,0.07,0.1,0.09,0.06,
嘉義,2024/10/30 00:00:00,NO,0.5,1.1,1,0.9,0.8,0.7,1,1.7,2.8,2.8,2,1.8,1.4,1.1,0.8,1.1,1.3,1.2,1.2,1.1,0.9,1,0.9,0.8,
嘉義,2024/10/30 00:00:00,NO2,12,11.4,10.7,8.1,6.8,6.9,9.3,10.4,9.5,8.2,7.7,7.2,6.4,5.8,6,8,11,14.4,14.3,11.1,11.2,11.1,11.1,9.2,
嘉義,2024/10/30 00:00:00,NOx,12.6,12.5,11.7,9.1,7.6,7.7,10.3,12.1,12.3,11,9.7,9,7.9,6.9,6.8,9.1,12.3,15.6,15.6,12.2,12.2,12.1,12,10.1,
嘉義,2024/10/30 00:00:00,O3,24,22.1,25.1,31.3,32.2,34.3,31.6,31.7,33.8,36.1,47.2,55.8,71.2,82,84,60.6,44.9,30.9,24.5,23.7,22.7,19.8,18.9,20.7,
嘉義,2024/10/30 00:00:00,PM10,22,24,21,20,11,17,15,24,19,29,29,19,19,25,22,63,60,46,22,9,16,13,11,14,
嘉義,2024/10/30 00:00:00,PM2.5,13,15,15,14,10,10,11,14,13,16,12,13,11,17,14,16,20,16,4,7,8,10,6,8,
嘉義,2024/10/30 00:00:00,RAINFALL,0,0,0,0,0,0,0,0,0,0,0,0,0,0,0,0,0,0,0,0,0,0,0,0,
嘉義,2024/10/30 00:00:00,RH,81,84,85,84,84,82,82,81,75,70,66,63,60,59,59,63,67,72,73,76,80,83,85,86,
嘉義,2024/10/30 00:00:00,SO2,1.9,1.8,2.6,1.5,1.5,1.2,2.4,1.5,1.5,1.4,1.7,1.8,1.7,1.6,1.6,1.8,1.9,1.9,1.8,1.4,1.7,1.5,1.3,1.4,
嘉義,2024/10/30 00:00:00,THC,2.17,2.19,2.14,2.09,2.07,2.05,2.07,2.08,2.06,2.1,2.07,2.01,2,1.98,1.99,2,2.02,2.07,2.1,2.05,2.05,2.09,2.09,2.07,
嘉義,2024/10/30 00:00:00,WD_HR,37,11,19,26,6,4,357,11,54,16,352,11,354,5,358,350,352,4,5,7,5,23,9,0,
嘉義,2024/10/30 00:00:00,WIND_DIREC,60,11,48,7,357,348,351,6,40,354,8,43,353,353,359,356,352,9,6,4,9,37,5,351,
嘉義,2024/10/30 00:00:00,WIND_SPEED,2.7,1.7,1.8,2.3,1.9,2,3,2.2,1.9,2.3,2.6,2.5,2.8,3.3,2,3.9,3.7,3.8,3.3,2.6,2.7,2.7,2.4,3,
嘉義,2024/10/30 00:00:00,WS_HR,1.6,1.5,2,1.8,2,1.8,2.2,1.9,1.9,1.5,2.3,2.3,2,2,2.2,3.3,3.5,3.3,2.8,3.1,2.8,2.1,2,2.3,
嘉義,2024/10/31 00:00:00,AMB_TEMP,25.8,25.9,26,26,26.1,26.2,25.5,25.4,25.4,25.7,25.9,26.2,26.5,27,27,25.9,25.4,25.4,25.6,25.7,25.6,24.9,24.1,23.6,
嘉義,2024/10/31 00:00:00,CH4,2,2,1.96,1.95,1.93,1.92,1.92,1.93,1.91,1.9,1.89,1.88,1.88,1.88,1.89,1.91,1.91,1.87,1.86,1.86,1.87,1.87,1.9,1.92,
嘉義,2024/10/31 00:00:00,CO,0.25,0.23,0.18,0.15,0.14,0.13,0.14,0.16,0.16,0.16,0.15,0.15,0.14,0.14,0.13,0.14,0.17,0.12,0.11,0.1,0.11,0.12,0.14,0.16,
嘉義,2024/10/31 00:00:00,NMHC,0.06,0.06,0.04,0.01,0.01,0,0,0.02,0.02,0.01,0.01,0.01,0.02,0.01,0,0,0,0,0,0,0,0,0,0,
嘉義,2024/10/31 00:00:00,NO,0.8,0.7,0.9,0.9,1,0.8,0.6,0.6,1,1,1.3,1,1.4,1.2,0.8,0.9,0.8,0.6,0.8,0.9,0.9,0.6,0.4,0.6,
嘉義,2024/10/31 00:00:00,NO2,8.3,9.5,7.3,5,4,3.6,3.5,4.8,5.1,4.6,4.3,3.6,3.7,3.5,3.2,3.4,4.4,2.7,1.3,1.1,1.6,1.9,1.9,2,
嘉義,2024/10/31 00:00:00,NOx,9.1,10.3,8.2,6,5,4.5,4.2,5.4,6.2,5.6,5.7,4.7,5.1,4.7,4.1,4.3,5.3,3.4,2.1,2.1,2.5,2.5,2.4,2.7,
嘉義,2024/10/31 00:00:00,O3,20,18.9,22.3,26.6,31.2,31.2,29.3,22.8,22,22.3,22.3,23.2,24.4,24.6,24,19.2,21.2,26.2,29.1,29,28.3,28.8,30.2,31.3,
嘉義,2024/10/31 00:00:00,PM10,7,2,6,36,67,72,31,7,5,5,11,14,7,13,12,12,24,4,6,7,4,0,0,6,
嘉義,2024/10/31 00:00:00,PM2.5,6,3,3,1,3,7,7,4,3,3,4,5,3,3,4,7,10,10,10,8,4,1,5,7,
嘉義,2024/10/31 00:00:00,RAINFALL,0,0,0,0,0,0,1,2,0.5,1,1,0,0,0,0.5,0.5,3,4,3,0,0.5,4,7,10,
嘉義,2024/10/31 00:00:00,RH,85,85,85,86,86,87,90,92,93,93,93,92,89,84,84,89,91,92,92,92,92,93,93,93,
嘉義,2024/10/31 00:00:00,SO2,1.6,1.5,1.3,1.2,1.2,1.2,1.1,1.1,1,0.9,0.8,0.9,1,0.9,0.9,1,0.9,0.9,0.9,0.8,0.9,0.9,0.8,0.9,
嘉義,2024/10/31 00:00:00,THC,2.06,2.06,2,1.96,1.94,1.92,1.92,1.95,1.93,1.91,1.9,1.89,1.9,1.89,1.89,1.91,1.9,1.86,1.83,1.83,1.84,1.86,1.88,1.91,
嘉義,2024/10/31 00:00:00,WD_HR,352,11,24,38,32,33,20,31,22,24,14,14,23,39,64,198,196,204,198,204,192,202,214,216,
嘉義,2024/10/31 00:00:00,WIND_DIREC,358,22,36,26,42,16,27,26,16,11,12,19,21,53,190,201,199,208,200,197,192,214,213,218,
嘉義,2024/10/31 00:00:00,WIND_SPEED,2.6,2.2,4.3,3.7,4.9,4.7,4,2.6,4.4,5.7,6.4,5.6,7.2,4.3,2.1,3.2,4.5,5.6,7.3,6.4,5.1,7.1,6.7,6.4,
嘉義,2024/10/31 00:00:00,WS_HR,2.5,1.6,3.1,4.1,4.2,4.8,3.6,2.4,3.4,3.9,5.5,5.3,4.8,4.5,2.9,2.4,3.1,4,4.9,4.7,4.3,5.2,5.8,5.9,
嘉義,2024/11/01 00:00:00,AMB_TEMP,23.5,23.2,23.1,23.3,23.5,23.6,24.4,24.6,25.8,27.1,27.9,28.7,28.7,28.9,29.2,28.4,28.3,27.4,25.6,25.5,25.7,25.3,25,24.8,
嘉義,2024/11/01 00:00:00,CH4,1.92,1.91,1.92,1.94,1.94,1.96,1.96,1.94,1.94,1.94,1.93,1.93,1.92,1.92,1.92,1.93,1.94,1.97,2,2.01,2.03,2.05,2.05,2.05,
嘉義,2024/11/01 00:00:00,CO,0.18,0.17,0.16,0.18,0.18,0.2,0.23,0.24,0.22,0.21,0.21,0.21,0.22,0.22,0.21,0.23,0.25,0.36,0.38,0.43,0.41,0.35,0.33,0.33,
嘉義,2024/11/01 00:00:00,NMHC,0,0,0,0,0,0,0,0,0.01,0.01,0.02,0.01,0.01,0.02,0.01,0.03,0.02,0.06,0.05,0.11,0.17,0.09,0.16,0.09,
嘉義,2024/11/01 00:00:00,NO,0.5,0.4,0.1,0.4,0.4,0.4,0.3,0.7,0.4,0.3,0.7,0.5,0.5,0.7,0.7,0.6,0.5,0.7,0.4,0.4,0.3,0.3,0.4,0.3,
嘉義,2024/11/01 00:00:00,NO2,2.4,3.5,2.5,2.7,2.8,3.9,3.5,4.7,4.5,3.9,4.9,4.5,4.8,4.9,4.7,5.6,6.1,10,12.2,12.8,12.1,10.5,9.6,7.9,
嘉義,2024/11/01 00:00:00,NOx,3,3.9,2.7,3.2,3.3,4.3,3.9,5.4,4.9,4.2,5.6,5.1,5.3,5.6,5.5,6.3,6.6,10.7,12.7,13.2,12.5,10.9,10,8.3,
嘉義,2024/11/01 00:00:00,O3,31.2,30.9,29.8,29.6,30.1,28.9,45.2,45.3,45.8,46.8,44.4,47.6,49.6,50.5,46.7,41.2,39.1,33.4,42.5,41.8,40.5,36.4,35.5,35.2,
嘉義,2024/11/01 00:00:00,PM10,12,7,7,14,9,10,7,17,21,26,27,28,27,27,21,26,22,27,34,41,41,47,44,47,
嘉義,2024/11/01 00:00:00,PM2.5,11,9,12,11,8,12,13,10,11,19,15,14,13,16,13,11,14,11,21,20,25,20,25,20,
嘉義,2024/11/01 00:00:00,RAINFALL,12,8,6,4.5,4.5,0,5.5,0.5,0.5,0,0,0,0,0,0,0,0,0,0,0,0,0,0,0,
嘉義,2024/11/01 00:00:00,RH,94,94,94,94,94,94,94,93,88,83,73,69,69,70,69,72,73,81,89,89,88,89,89,89,
嘉義,2024/11/01 00:00:00,SO2,0.9,1.1,1.1,1.1,1.1,1.3,1.2,1.5,1.8,1.9,1.9,2.1,1.8,1.6,1.4,1.3,1.3,1.3,1.4,1.7,2,1.9,2,1.9,
嘉義,2024/11/01 00:00:00,THC,1.91,1.9,1.91,1.93,1.93,1.95,1.96,1.94,1.95,1.95,1.95,1.94,1.93,1.94,1.93,1.96,1.96,2.03,2.05,2.12,2.2,2.14,2.21,2.14,
嘉義,2024/11/01 00:00:00,WD_HR,215,209,204,202,211,198,210,187,178,183,190,191,203,205,214,215,223,266,320,32,9,18,47,45,
嘉義,2024/11/01 00:00:00,WIND_DIREC,206,214,197,213,196,207,194,175,191,187,183,199,216,212,219,217,228,297,5,359,12,34,44,39,
嘉義,2024/11/01 00:00:00,WIND_SPEED,5.5,4.4,3.3,3.7,2.5,2.5,2.8,3,3,3.2,3.3,3.4,2.8,3,2.8,2.3,2.6,2.5,1.3,1.4,1.8,2.1,2.3,1.6,
嘉義,2024/11/01 00:00:00,WS_HR,5,3.9,2.9,2.4,2.7,1.7,2.7,2.5,2.5,2.5,2.3,2.7,2.4,2.1,2.4,2.2,2,1.9,1.6,1.2,1.4,2.1,2,1.6,
嘉義,2024/11/02 00:00:00,AMB_TEMP,25,24.9,24.4,24.2,23.8,23.6,23.3,24,25.2,26.7,27.9,29,29.8,30.4,30.5,30.2,29.2,28.1,27.3,26.8,26.4,25.6,25.4,25.4,
嘉義,2024/11/02 00:00:00,CH4,2.02,2.08,2.11,2.16,2.16,2.18,2.21,2.17,2.09,2.04,2.01,1.99,1.97,1.96,1.97,1.98,2.01,2.05,2.06,2.11,2.14,2.19,2.23,2.27,
嘉義,2024/11/02 00:00:00,CO,0.3,0.39,0.39,0.41,0.39,0.37,0.35,0.37,0.36,0.34,0.31,0.3,0.27,0.24,0.27,0.3,0.32,0.4,0.45,0.52,0.49,0.41,0.46,0.5,
嘉義,2024/11/02 00:00:00,NMHC,0.07,0.13,0.13,0.2,0.27,0.17,0.12,0.11,0.1,0.08,0.06,0.04,0.03,0.01,0.02,0.04,0.07,0.12,0.12,0.13,0.14,0.11,0.1,0.12,
嘉義,2024/11/02 00:00:00,NO,0.2,0.9,1,1.2,1.2,1.1,2,4.5,4.6,4.1,3,1.8,1.5,1.1,1.2,1.3,1.3,1.1,1.1,1.2,1.2,1.1,1.2,1.1,
嘉義,2024/11/02 00:00:00,NO2,7,9.7,8.7,10.4,11.9,12.1,12.8,10.6,8.4,7.9,7.5,5.6,4.4,3,3.3,4.5,5.9,9.7,12,14.5,15.1,12.4,12.1,12.8,
嘉義,2024/11/02 00:00:00,NOx,7.3,10.6,9.8,11.7,13.1,13.2,14.8,15.1,13.1,12,10.5,7.4,5.9,4.1,4.5,5.8,7.2,10.9,13.1,15.7,16.3,13.6,13.3,14,
嘉義,2024/11/02 00:00:00,O3,37.5,24.8,19.2,14,12,10.2,9.7,14.3,21.1,29,40.6,53.7,61.1,64.1,67.5,72.2,66.5,54.6,44.1,33.3,25.5,22.3,17.7,13.3,
嘉義,2024/11/02 00:00:00,PM10,51,49,40,34,29,22,19,20,23,22,21,25,22,20,19,36,41,45,48,67,58,46,51,46,
嘉義,2024/11/02 00:00:00,PM2.5,19,25,21,18,20,11,12,15,14,15,11,13,11,11,12,14,17,19,22,23,24,25,20,0,
嘉義,2024/11/02 00:00:00,RAINFALL,0,0,0,0,0,0,0,0,0,0,0,0,0,0,0,0,0,0,0,0,0,0,0,0,
嘉義,2024/11/02 00:00:00,RH,88,89,90,89,89,88,88,86,82,74,69,65,63,61,61,63,67,73,77,81,85,87,87,87,
嘉義,2024/11/02 00:00:00,SO2,1.8,1.6,1.5,1.6,2.1,1.5,1.3,1.4,1.4,1.5,1.5,1.5,1.5,1.4,1.6,2,2.2,2.2,2.1,2.3,2.4,2.3,2.4,2.7,
嘉義,2024/11/02 00:00:00,THC,2.09,2.21,2.24,2.36,2.43,2.35,2.33,2.28,2.19,2.12,2.07,2.03,2,1.97,1.99,2.02,2.08,2.17,2.18,2.24,2.28,2.3,2.33,2.39,
嘉義,2024/11/02 00:00:00,WD_HR,50,2,17,17,8,8,2,2,21,349,340,312,303,280,315,339,343,349,350,355,325,322,355,352,
嘉義,2024/11/02 00:00:00,WIND_DIREC,39,15,23,10,42,8,3,344,30,319,302,273,271,265,326,329,348,348,350,354,311,350,6,342,
嘉義,2024/11/02 00:00:00,WIND_SPEED,1.2,1.6,0.9,1.5,1.1,0.9,1.3,2.4,1.7,2.1,2.3,2,2.1,2.4,2.4,2.9,2.3,2.9,2.1,1.6,2,1.8,1.2,0.9,
嘉義,2024/11/02 00:00:00,WS_HR,1.3,1.6,1.2,1,1.2,0.8,1.4,1.6,1.4,1.5,1.1,1.3,1.9,1.6,1.7,2.7,2.3,2.3,1.8,1.3,1.4,1.8,1.5,1.3,
嘉義,2024/11/03 00:00:00,AMB_TEMP,24.9,24.4,24.2,24.2,24.2,23.6,23.5,24.1,25,26.4,27.7,28.7,29.6,30.5,30.4,30,28.4,27.1,26.1,25.9,25.4,24.7,24.7,24.8,
嘉義,2024/11/03 00:00:00,CH4,2.24,2.14,2.23,2.21,2.25,2.22,2.2,2.21,2.2,2.14,2.09,2.05,2.01,2.01,2.02,2.01,2.01,2.02,2.04,2.06,2.05,2.05,2.07,2.09,
嘉義,2024/11/03 00:00:00,CO,0.5,0.39,0.35,0.34,0.35,0.33,0.35,0.4,0.42,0.4,0.37,0.33,0.3,0.32,0.33,0.35,0.35,0.46,0.5,0.51,0.45,0.41,0.39,0.37,
嘉義,2024/11/03 00:00:00,NMHC,0.1,0.07,0.09,0.09,0.1,0.07,0.08,0.12,0.11,0.1,0.08,0.04,0.03,0.02,0.01,0.02,0.02,0.04,0.05,0.05,0.05,0.03,0.03,0.04,
嘉義,2024/11/03 00:00:00,NO,1.2,1.2,1.4,1.2,1.1,1.3,1.3,2.7,4.1,3.4,2,1.4,1.2,1.2,1.2,1.1,1.2,1.1,1.1,1,1.1,1,1.1,1,
嘉義,2024/11/03 00:00:00,NO2,12.9,11.1,10.3,10.4,10.1,9.5,8.5,9.7,8.6,7.6,6.5,4.6,3.5,3.4,3.4,3.5,4.7,7.8,10,10.2,8.9,7.3,6.6,6.5,
嘉義,2024/11/03 00:00:00,NOx,14.2,12.3,11.7,11.7,11.3,10.8,9.8,12.4,12.7,11,8.6,6.1,4.8,4.7,4.6,4.6,6,9,11.1,11.2,10,8.3,7.8,7.6,
嘉義,2024/11/03 00:00:00,O3,10.6,12.3,10.8,10.3,8.6,9.7,11.8,11.3,16.7,31.3,48.5,60.1,64.7,69,78,80.2,67.7,51.3,42.7,38.6,39.2,38.2,36.7,35.4,
嘉義,2024/11/03 00:00:00,PM10,37,20,23,27,26,20,24,28,35,36,35,34,33,31,43,56,58,75,77,68,61,59,62,60,
嘉義,2024/11/03 00:00:00,PM2.5,0,13,14,11,11,12,11,16,23,27,24,22,21,19,21,28,31,30,32,32,32,29,32,26,
嘉義,2024/11/03 00:00:00,RAINFALL,0,0,0,0,0,0,0,0,0,0,0,0,0,0,0,0,0,0,0,0,0,0,0,0,
嘉義,2024/11/03 00:00:00,RH,88,88,88,88,88,90,90,88,87,85,76,71,67,64,64,65,69,74,79,81,83,86,86,86,
嘉義,2024/11/03 00:00:00,SO2,2.5,2.1,3,2.3,1.9,1.7,2,2,2.3,2.4,2.3,2.2,2,2,2.5,3,2.6,2.9,3,2.6,2.1,1.9,1.8,2.3,
嘉義,2024/11/03 00:00:00,THC,2.34,2.21,2.32,2.3,2.35,2.29,2.28,2.33,2.31,2.24,2.17,2.09,2.04,2.03,2.03,2.03,2.03,2.06,2.09,2.11,2.1,2.08,2.1,2.13,
嘉義,2024/11/03 00:00:00,WD_HR,333,352,350,357,9,336,10,8,359,2,325,328,315,333,323,334,340,344,348,356,352,334,355,348,
嘉義,2024/11/03 00:00:00,WIND_DIREC,353,349,341,346,351,349,51,348,358,347,346,314,309,324,325,339,346,347,346,346,349,353,349,350,
嘉義,2024/11/03 00:00:00,WIND_SPEED,1.5,1.7,1.9,1.5,1.4,2.3,1.5,1.9,2.4,2,2,2.4,2.3,2.3,3,3,3.2,2.7,2.6,2.1,2.6,2.3,1.9,1.8,
嘉義,2024/11/03 00:00:00,WS_HR,1.6,1.7,1.5,1.7,0.9,1.6,1.7,1.4,1.5,1.6,1.3,1.9,2,1.8,2.4,2.5,3.2,2.6,2.2,1.8,2.2,1.8,1.8,1.7,
嘉義,2024/11/04 00:00:00,AMB_TEMP,24.6,24.6,24.1,23.8,24,23.9,24.3,25,25.9,26.5,27.4,28.4,29.1,29.7,30,29.7,28.5,27.4,26.5,26.1,25.7,25.2,24.8,24.9,
嘉義,2024/11/04 00:00:00,CH4,2.1,2.12,2.14,2.19,2.28,2.33,2.33,2.31,2.28,2.14,2.12,2.11,2.05,2.01,2.02,1.99,1.96,1.97,1.99,2.02,2.02,2.02,2.01,2.05,
嘉義,2024/11/04 00:00:00,CO,0.35,0.36,0.37,0.34,0.34,0.36,0.4,0.52,0.59,0.47,0.44,0.41,0.35,0.3,0.31,0.35,0.36,0.46,0.48,0.43,0.34,0.31,0.25,0.26,
嘉義,2024/11/04 00:00:00,NMHC,0.04,0.05,0.06,0.06,0.07,0.12,0.16,0.14,0.13,0.1,0.1,0.07,0.04,0.03,0.03,0.06,0.05,0.08,0.11,0.11,0.11,0.09,0.08,0.1,
嘉義,2024/11/04 00:00:00,NO,0.9,0,0,0,0,0.2,0.5,1.7,3.2,2.1,1.4,0.7,0.3,0.3,0.3,0.4,0.3,0.1,0.3,0.1,0.2,0.2,0,0.1,
嘉義,2024/11/04 00:00:00,NO2,7.1,10.2,8.4,10,9.8,12.1,12.8,11.7,12.1,11,9.2,8.8,6.2,4.4,4.8,7.2,10.1,15.1,16.4,18.8,17.5,15.7,10.8,11.4,
嘉義,2024/11/04 00:00:00,NOx,8,10.3,8.4,9.9,9.9,12.4,13.4,13.5,15.3,13.1,10.7,9.5,6.6,4.8,5.2,7.6,10.4,15.3,16.7,19,17.8,15.9,10.7,11.5,
嘉義,2024/11/04 00:00:00,O3,30.5,25.4,22.6,17.4,16.1,11.5,9.6,13.3,20.5,32.9,44.4,56.9,68.2,67.1,69.5,74,57.4,38.2,28.5,20.5,21.1,20.2,24.5,20.7,
嘉義,2024/11/04 00:00:00,PM10,59,60,52,48,57,54,56,64,68,71,72,56,52,43,45,54,52,52,60,64,51,35,32,33,
嘉義,2024/11/04 00:00:00,PM2.5,28,28,29,26,23,31,32,29,37,44,42,35,27,24,28,32,20,20,18,17,19,13,12,15,
嘉義,2024/11/04 00:00:00,RAINFALL,0,0,0,0,0,0,0,0,0,0,0,0,0,0,0,0,0,0,0,0,0,0,0,0,
嘉義,2024/11/04 00:00:00,RH,86,86,88,87,87,87,87,87,86,84,80,72,67,65,63,66,71,76,82,84,84,83,79,78,
嘉義,2024/11/04 00:00:00,SO2,3.4,2.2,1.8,2,1.5,3.2,1.9,1.6,1.5,2.2,2.3,1.7,1.6,1.5,1.5,1.9,2.3,3,2.8,2.5,2.4,2.1,1.5,2,
嘉義,2024/11/04 00:00:00,THC,2.14,2.17,2.2,2.25,2.35,2.45,2.49,2.45,2.41,2.24,2.22,2.18,2.09,2.04,2.05,2.05,2.01,2.05,2.1,2.13,2.13,2.11,2.09,2.15,
嘉義,2024/11/04 00:00:00,WD_HR,359,32,239,324,357,352,65,78,2,343,335,327,313,339,333,353,354,346,341,2,358,349,357,358,
嘉義,2024/11/04 00:00:00,WIND_DIREC,342,75,310,358,5,51,91,105,2,338,20,288,309,342,315,348,345,348,345,7,344,355,350,338,
嘉義,2024/11/04 00:00:00,WIND_SPEED,1.7,0.6,1.2,1.3,1.1,0.8,0.8,1,1.6,1.8,1.4,1.9,2.2,2.1,3,3.5,3,2.4,2.4,2.3,2.2,2.1,1.9,1.2,
嘉義,2024/11/04 00:00:00,WS_HR,1.3,0.6,0.7,1.2,1,0.9,0.8,1,1.2,1.3,0.9,1.1,1.4,1.9,2.2,2.3,3.1,2.5,1.9,1.8,1.9,2.3,1.9,0.9,
嘉義,2024/11/05 00:00:00,AMB_TEMP,24.2,24.2,24.3,24.3,23.6,23.4,23.4,23.8,24,24.5,25.1,26,26.3,26.5,27,26.8,26.4,25.9,24.7,24.1,23.6,23.4,23.1,23.2,
嘉義,2024/11/05 00:00:00,CH4,2.07,2.09,2.17,2.22,2.37,2.34,2.24,2.17,2.07,2.02,2.01,2,2,1.98,#,#,2.02,2.05,2.04,2.04,2.03,2.05,2.05,2.04,
嘉義,2024/11/05 00:00:00,CO,0.23,0.22,0.24,0.24,0.25,0.3,0.29,0.34,0.31,0.28,0.3,0.29,0.32,0.28,0.28,#,0.45,0.49,0.42,0.37,0.35,0.34,0.3,0.27,
嘉義,2024/11/05 00:00:00,NMHC,0.07,0.05,0.13,0.13,0.11,0.13,0.13,0.18,0.08,0.11,0.13,0.1,0.08,0.06,#,#,0.09,0.14,0.11,0.09,0.1,0.09,0.06,0.11,
嘉義,2024/11/05 00:00:00,NO,0.1,0.4,0.4,0.6,0.5,0.8,1.8,3.2,3.5,2.1,2.4,2.4,1.2,0.8,0.6,#,0.7,0.4,0.3,0.6,0.6,0.6,0.6,0.4,
嘉義,2024/11/05 00:00:00,NO2,11.1,9.9,11.9,11.9,13,17.4,18,18.2,16.1,11.9,13.3,11.2,11,10.1,10.3,#,13.9,16.7,18.4,16.2,13.1,13.6,11.4,10.1,
嘉義,2024/11/05 00:00:00,NOx,11.3,10.3,12.3,12.6,13.6,18.3,19.8,21.4,19.6,14,15.7,13.6,12.2,11,11,#,14.7,17.2,18.7,16.9,13.7,14.3,12,10.6,
嘉義,2024/11/05 00:00:00,O3,20.3,21,14,10,7.5,4.1,5.3,8.8,19.9,28.2,28.1,36.5,41.7,51.3,#,53.6,49.5,40.4,32,29.7,28.6,26.5,30.6,30.8,
嘉義,2024/11/05 00:00:00,PM10,27,27,33,31,36,35,30,31,23,24,37,44,46,#,51,67,72,51,49,46,39,31,30,22,
嘉義,2024/11/05 00:00:00,PM2.5,13,11,15,12,16,19,16,19,15,13,13,17,18,17,#,21,29,25,24,19,17,19,16,16,
嘉義,2024/11/05 00:00:00,RAINFALL,0,0,0,0,0,0,0,0,0,0,0,0,0,0,#,#,0,0,0,0,0,0,0,0,
嘉義,2024/11/05 00:00:00,RH,80,79,80,85,87,86,86,83,78,75,74,71,70,68,68,70,73,75,77,79,82,82,80,78,
嘉義,2024/11/05 00:00:00,SO2,1.8,1.9,3.6,2.6,1.8,2.3,2.4,2.8,1.9,1.8,1.8,1.8,2,2.1,1.8,#,2.1,1.8,1.6,1.5,1.8,2.6,3.3,1.7,
嘉義,2024/11/05 00:00:00,THC,2.14,2.14,2.3,2.35,2.48,2.47,2.37,2.35,2.15,2.13,2.14,2.1,2.08,2.04,#,#,2.11,2.19,2.15,2.13,2.13,2.14,2.11,2.15,
嘉義,2024/11/05 00:00:00,WD_HR,320,13,92,84,351,10,359,23,359,19,17,2,353,37,5,0,8,359,0,3,5,0,6,21,
嘉義,2024/11/05 00:00:00,WIND_DIREC,347,82,105,76,5,345,12,1,9,356,8,2,1,33,356,352,3,1,354,8,6,7,17,358,
嘉義,2024/11/05 00:00:00,WIND_SPEED,1.9,0.9,0.7,0.7,2.1,1.8,1.3,1.6,3.3,2.1,1.9,1.7,1.3,1.7,2.8,2.8,1.8,2.6,3.7,3.1,1.9,2,2.2,2.7,
嘉義,2024/11/05 00:00:00,WS_HR,1.7,0.9,0.6,0.4,1.9,1.3,1.7,1.1,2.6,1.9,1.4,1.4,1.7,1.4,1.5,2.6,2,2.2,2.7,2.6,2.3,2.1,2.3,1.7,
嘉義,2024/11/06 00:00:00,AMB_TEMP,22.8,22.4,22.1,21.9,21.7,21.5,21.3,21.5,22.4,23.7,24.8,26,26.9,27.5,28.1,27.8,26.4,24.9,23.7,22.9,22.4,21.9,21.5,21.1,
嘉義,2024/11/06 00:00:00,CH4,2.04,2.06,2.06,2.03,2.02,1.99,1.98,1.98,1.97,1.97,1.97,1.96,1.95,1.94,1.95,1.94,1.95,1.97,1.97,1.97,1.98,1.97,2,2,
嘉義,2024/11/06 00:00:00,CO,0.26,0.23,0.21,0.19,0.18,0.18,0.21,0.26,0.23,0.24,0.23,0.25,0.23,0.2,0.2,0.21,0.24,0.29,0.29,0.24,0.25,0.22,0.2,0.18,
嘉義,2024/11/06 00:00:00,NMHC,0.07,0.05,0.03,0.03,0.02,0.02,0.03,0.05,0.04,0.07,0.06,0.05,0.05,0.03,0.04,0.06,0.07,0.1,0.1,0.07,0.07,0.08,0.06,0.06,
嘉義,2024/11/06 00:00:00,NO,0,1.1,0.9,0.9,1,0.9,0.9,1.6,2.2,2.4,2.4,2.1,1.9,1.2,1.1,1.2,1.4,1.3,1.3,1.3,1.2,1.1,1.1,1,
嘉義,2024/11/06 00:00:00,NO2,9,9.5,7.4,6.2,5.6,5.2,5.7,8.3,8.9,6.7,7.1,7.4,7.8,6.6,6.7,7.2,10.2,15.2,14.2,13.7,12.4,12.5,10.9,10.8,
嘉義,2024/11/06 00:00:00,NOx,9,10.6,8.3,7.2,6.7,6.1,6.7,9.9,11.1,9.1,9.5,9.6,9.7,7.9,7.9,8.4,11.7,16.5,15.5,15.1,13.6,13.7,12,11.8,
嘉義,2024/11/06 00:00:00,O3,31.9,31,34.1,37.1,38.1,39.7,39.2,34.7,35.6,36.6,42.3,50.8,62.7,73,75.5,69.7,46.8,33.8,30.2,29.7,28.3,28.1,29.1,29,
嘉義,2024/11/06 00:00:00,PM10,22,20,20,17,22,21,33,33,30,28,21,30,31,33,31,38,51,50,33,31,27,29,23,21,
嘉義,2024/11/06 00:00:00,PM2.5,15,14,11,8,9,17,14,14,16,13,13,11,13,15,19,18,14,15,12,14,10,9,12,11,
嘉義,2024/11/06 00:00:00,RAINFALL,0,0,0,0,0,0,0,0,0,0,0,0,0,0,0,0,0,0,0,0,0,0,0,0,
嘉義,2024/11/06 00:00:00,RH,79,79,79,78,75,73,71,70,68,66,63,58,55,53,52,52,52,56,58,59,61,62,63,65,
嘉義,2024/11/06 00:00:00,SO2,1.7,1.3,1.5,3.3,1.8,1.5,1.4,1.5,1.7,1.4,1.9,1.9,2.4,2.9,3.1,2.3,1.7,11.5,10,6.8,4.7,1.9,2.9,5.3,
嘉義,2024/11/06 00:00:00,THC,2.11,2.11,2.09,2.06,2.04,2.01,2.01,2.03,2.01,2.04,2.03,2.01,2,1.97,1.99,2,2.02,2.07,2.07,2.04,2.05,2.05,2.06,2.06,
嘉義,2024/11/06 00:00:00,WD_HR,8,7,5,8,11,9,13,6,6,0,355,357,322,304,327,328,351,4,6,5,6,12,2,5,
嘉義,2024/11/06 00:00:00,WIND_DIREC,12,7,4,9,12,11,12,359,358,13,15,348,308,307,328,331,351,9,11,9,15,11,356,1,
嘉義,2024/11/06 00:00:00,WIND_SPEED,2.4,2.5,2.7,2.9,2.7,3.3,3,2.7,3.5,2.3,2.1,1.9,2.3,1.6,2.9,3.6,3.9,4,3,3.9,2.6,2.9,3,2.4,
嘉義,2024/11/06 00:00:00,WS_HR,2.6,2.6,2.1,2.6,2.2,2.5,2.7,2.4,3,2.6,1.9,1.5,1.7,1.8,2.5,2.9,3.5,3.2,3.3,3.5,2.8,2.9,2.6,2.8,
嘉義,2024/11/07 00:00:00,AMB_TEMP,21.1,20.9,20.8,20.6,20.4,20.5,20.4,20.9,22.1,23.4,24.8,26.2,26.9,27.7,27.6,27.4,26.4,24.9,24,23.3,22.7,22.4,22.3,21.9,
嘉義,2024/11/07 00:00:00,CH4,1.99,1.99,1.98,1.99,2,2.01,2.03,2.04,2,1.99,1.98,1.96,1.94,1.94,1.94,1.94,1.96,1.97,1.98,1.99,2,2.02,2.03,2.04,
嘉義,2024/11/07 00:00:00,CO,0.16,0.14,0.14,0.15,0.15,0.15,0.19,0.26,0.26,0.23,0.22,0.22,0.2,0.21,0.23,0.26,0.31,0.42,0.37,0.32,0.32,0.29,0.28,0.24,
嘉義,2024/11/07 00:00:00,NMHC,0.04,0.04,0.05,0.05,0.05,0.08,0.09,0.07,0.1,0.07,0.07,0.06,0.04,0.03,0.04,0.06,0.1,0.13,0.12,0.11,0.11,0.1,0.12,0.11,
嘉義,2024/11/07 00:00:00,NO,0.8,0.9,0.8,0.6,0.9,0.7,1.1,3.2,5.8,5.8,4.7,3.2,1.7,1.1,0.9,1.2,1.2,1.3,1.3,1,1.1,1,1,0.6,
嘉義,2024/11/07 00:00:00,NO2,9.2,9,7,6.6,6.9,8.6,11.5,14.1,15.2,12.8,11.8,10.2,7.4,5.2,6.4,8,11.6,17,20.8,18.8,15.9,13.7,14.3,13,
嘉義,2024/11/07 00:00:00,NOx,10,9.9,7.9,7.2,7.9,9.3,12.7,17.3,21.1,18.6,16.6,13.4,9.2,6.4,7.4,9.2,12.9,18.3,22.2,19.8,17,14.8,15.4,13.7,
嘉義,2024/11/07 00:00:00,O3,31.2,30.9,32.3,31,29.5,25.2,21.7,21,22,27.2,33.5,41.8,56.9,66.4,73.6,69.4,53.5,32.6,25,23.8,22.4,21.9,19.3,19.5,
嘉義,2024/11/07 00:00:00,PM10,16,21,20,23,25,21,27,20,27,23,26,24,22,24,45,65,66,70,47,47,34,28,26,27,
嘉義,2024/11/07 00:00:00,PM2.5,11,9,11,10,11,11,11,9,12,11,12,12,11,10,20,18,20,20,20,18,11,12,13,12,
嘉義,2024/11/07 00:00:00,RAINFALL,0,0,0,0,0,0,0,0,0,0,0,0,0,0,0,0,0,0,0,0,0,0,0,0,
嘉義,2024/11/07 00:00:00,RH,64,65,65,66,66,66,67,65,62,59,56,54,54,53,56,56,60,66,68,70,74,74,74,76,
嘉義,2024/11/07 00:00:00,SO2,2,2.3,1.7,1.8,1.7,1.9,5,16.4,2.4,6.3,5,3.7,2.4,2,2.5,2.7,2.8,2.7,4.1,2.1,4.2,8.3,3,2.1,
嘉義,2024/11/07 00:00:00,THC,2.03,2.03,2.03,2.04,2.05,2.09,2.12,2.11,2.1,2.06,2.05,2.02,1.98,1.97,1.98,2,2.06,2.1,2.1,2.1,2.11,2.12,2.15,2.15,
嘉義,2024/11/07 00:00:00,WD_HR,359,11,8,15,25,34,2,10,26,1,340,332,305,335,338,336,349,351,349,352,2,5,355,9,
嘉義,2024/11/07 00:00:00,WIND_DIREC,4,8,6,21,48,4,4,4,349,353,357,314,333,356,327,347,348,357,355,349,27,7,4,7,
嘉義,2024/11/07 00:00:00,WIND_SPEED,2.3,2.5,2.6,2,2,2.4,3.5,2.8,2.9,2.5,1.9,2.9,1.7,2.6,3.6,2.9,3.8,3.1,1.9,2.8,2.4,2.3,2.5,2.6,
嘉義,2024/11/07 00:00:00,WS_HR,2.5,2.3,2.5,2,1.8,1.6,2.6,2.4,1.6,2,1.4,1.4,1.7,1.7,2.8,3,2.8,2.7,2.5,2.5,2.1,2.1,2,2.2,
嘉義,2024/11/08 00:00:00,AMB_TEMP,21.8,21.7,21.4,21.2,20.9,21,21,21.4,22,23,24.2,25.1,25.7,26.6,26.7,27.2,26.2,24.8,23.7,23.4,23,22.8,22.7,22.6,
嘉義,2024/11/08 00:00:00,CH4,2.04,2.05,2.09,2.08,2.05,2.03,2.03,2.04,2.01,2,2,1.99,1.97,2.1,2.08,1.98,1.96,1.97,1.99,1.99,1.99,2,2.01,2.05,
嘉義,2024/11/08 00:00:00,CO,0.25,0.25,0.24,0.22,0.2,0.19,0.22,0.3,0.3,0.27,0.29,0.29,0.29,0.28,0.28,0.29,0.31,0.39,0.36,0.35,0.31,0.34,0.31,0.32,
嘉義,2024/11/08 00:00:00,NMHC,0.13,0.12,0.1,0.11,0.09,0.08,0.08,0.1,0.1,0.09,0.14,0.1,0.08,0.1,0.11,0.1,0.1,0.13,0.13,0.14,0.12,0.13,0.15,0.16,
嘉義,2024/11/08 00:00:00,NO,0.7,1,0.7,0.8,0.6,0.7,0.9,2.1,3.1,4.3,5.2,3.3,2.8,2,1.4,1.4,1.7,1.6,1.2,1.2,1.3,1.3,1.1,0.8,
嘉義,2024/11/08 00:00:00,NO2,13.4,13.7,13.5,12.9,12.8,9.7,10.4,11.7,12.7,13.7,14.7,11.4,10.8,11,10.8,10.8,14.5,18.2,18.9,17.9,15.8,16.9,16.3,15.5,
嘉義,2024/11/08 00:00:00,NOx,14.2,14.8,14.2,13.8,13.4,10.4,11.4,13.9,15.9,18.1,20,14.8,13.6,13,12.2,12.2,16.2,19.8,20.1,19.1,17.2,18.2,17.5,16.4,
嘉義,2024/11/08 00:00:00,O3,17.3,16.2,14.4,13.5,14.5,20.8,17.1,16.8,18.4,21.9,25.6,35.7,43.8,56.3,63.6,61.6,38.4,26,21.2,18.3,17.7,13.6,13,11.6,
嘉義,2024/11/08 00:00:00,PM10,27,21,15,17,16,12,18,22,18,17,27,35,24,29,33,42,61,49,45,37,25,28,30,23,
嘉義,2024/11/08 00:00:00,PM2.5,11,12,10,11,10,9,9,8,10,9,11,15,17,15,21,17,22,21,16,17,17,15,14,20,
嘉義,2024/11/08 00:00:00,RAINFALL,0,0,0,0,0,0,0,0,0,0,0,0,0,0,0,0,0,0,0,0,0,0,0,0,
嘉義,2024/11/08 00:00:00,RH,78,79,83,85,86,86,87,86,85,82,74,70,68,65,65,65,71,79,85,86,87,87,88,88,
嘉義,2024/11/08 00:00:00,SO2,2.3,1.9,2.1,2.8,1.8,1.6,1.8,2.3,2.1,2.3,2.4,2.3,3.2,2.7,2.2,2,3,2,3.2,2.7,2.8,1.8,1.6,1.8,
嘉義,2024/11/08 00:00:00,THC,2.17,2.17,2.19,2.19,2.14,2.11,2.11,2.14,2.11,2.09,2.14,2.09,2.05,2.2,2.19,2.08,2.06,2.1,2.12,2.13,2.11,2.13,2.16,2.21,
嘉義,2024/11/08 00:00:00,WD_HR,33,42,2,11,16,24,17,9,4,356,26,358,11,0,12,358,349,354,6,5,8,10,23,32,
嘉義,2024/11/08 00:00:00,WIND_DIREC,45,30,28,30,14,39,21,8,8,9,49,10,7,354,350,349,346,356,7,355,358,4,63,#,
嘉義,2024/11/08 00:00:00,WIND_SPEED,2.7,1.3,1.6,2.5,2.5,2,1.8,1.6,1.9,2,2.8,2.5,2.2,2.3,2,3.2,3.1,2.6,2.6,2.5,2.2,1.7,1.6,#,
嘉義,2024/11/08 00:00:00,WS_HR,1.6,1.5,1.8,2,2,1.8,1.8,1.7,2,1.4,2,2.2,2.1,2.3,2.1,2.3,2.6,2.6,2.8,2.6,2.2,1.7,1.5,1.2,
嘉義,2024/11/09 00:00:00,AMB_TEMP,#,22.3,22.4,22.3,22.2,22,22.1,22.5,24.1,26,27.5,29,29.7,30.3,30.8,30.6,28.7,27.2,26,25.5,24.9,24.6,24.3,24.2,
嘉義,2024/11/09 00:00:00,CH4,#,2.03,2.05,2.03,2.1,2.11,2.12,2.11,2.11,2.08,2.03,2.03,2.01,1.98,1.97,1.96,1.97,1.97,2,2.03,2.04,2.05,2.07,2.1,
嘉義,2024/11/09 00:00:00,CO,#,0.29,0.3,0.29,0.3,0.32,0.38,0.42,0.38,0.4,0.36,0.35,0.29,0.24,0.22,0.24,0.27,0.39,0.43,0.45,0.4,0.37,0.34,0.34,
嘉義,2024/11/09 00:00:00,NMHC,#,0.13,0.14,0.13,0.14,0.15,0.16,0.16,0.15,0.16,0.12,0.09,0.05,0.03,0.02,0.04,0.06,0.1,0.1,0.11,0.11,0.11,0.11,0.11,
嘉義,2024/11/09 00:00:00,NO,#,0.9,0.7,0.7,1,0.8,2.2,5.2,6.1,4.7,2.3,1.3,0.7,0.7,0.9,1,1,0.9,1.1,1.4,1.2,1.2,1.1,0.9,
嘉義,2024/11/09 00:00:00,NO2,#,13.2,11.2,9.3,9.7,11,13.7,12.4,11.6,12.4,10.9,8.7,7,5.3,4.6,5.5,7.5,11.6,14.6,16.3,16.7,16.6,16,16.3,
嘉義,2024/11/09 00:00:00,NOx,#,14.2,11.9,10,10.7,11.9,16,17.6,17.8,17.2,13.2,10.1,7.7,6.1,5.5,6.5,8.6,12.6,15.7,17.8,17.9,17.8,17.1,17.3,
嘉義,2024/11/09 00:00:00,O3,#,12.2,11.6,10.1,7.2,4.3,3.2,8.6,17.9,31.1,55.9,69,78.4,75.6,73.8,70.5,53.3,33.6,20.8,14.3,11.3,10.1,8.6,6,
嘉義,2024/11/09 00:00:00,PM10,25,22,36,38,43,31,31,31,28,42,37,32,36,30,23,37,43,50,56,50,43,42,39,32,
嘉義,2024/11/09 00:00:00,PM2.5,18,17,23,26,23,25,18,25,20,28,23,24,27,18,19,18,17,21,22,27,26,26,19,18,
嘉義,2024/11/09 00:00:00,RAINFALL,#,0,0,0,0,0,0,0,0,0,0,0,0,0,0,0,0,0,0,0,0,0,0,0,
嘉義,2024/11/09 00:00:00,RH,#,89,89,90,91,91,91,90,86,78,69,63,60,57,55,59,71,78,85,87,88,89,89,90,
嘉義,2024/11/09 00:00:00,SO2,#,1.6,1.6,1.5,1.4,1.5,2.1,2.1,2.4,2.1,2.7,2.7,2.8,2.4,2.1,2.9,2.6,2.6,2.5,7.4,16.4,58.2,6.7,2.5,
嘉義,2024/11/09 00:00:00,THC,#,2.16,2.19,2.16,2.24,2.26,2.28,2.27,2.26,2.24,2.15,2.12,2.06,2.01,1.99,2,2.03,2.07,2.1,2.14,2.15,2.16,2.18,2.21,
嘉義,2024/11/09 00:00:00,WD_HR,#,51,73,81,92,55,91,358,50,15,276,349,313,293,319,337,342,345,348,351,352,1,358,42,
嘉義,2024/11/09 00:00:00,WIND_DIREC,54,49,75,15,70,29,85,358,79,24,298,320,319,284,339,320,331,336,348,17,344,8,331,115,
嘉義,2024/11/09 00:00:00,WIND_SPEED,1.9,1,0.9,1,0.8,0.9,0.6,2,1.4,0.9,1.2,1.7,2.2,2.4,2,3.1,3.1,2.5,2,1.4,2.1,1.8,1.3,0.7,
嘉義,2024/11/09 00:00:00,WS_HR,#,1.3,1,0.6,0.9,0.5,0.8,0.8,1.5,0.6,0.6,1.2,1.2,1.5,1.3,2.4,3,2.4,2.1,1.8,1.7,1.9,1.5,0.4,
嘉義,2024/11/10 00:00:00,AMB_TEMP,23.7,23.9,23.6,23.6,23.6,23.4,23.2,23.9,24.6,25.9,27.4,28.4,28.4,28.1,27.8,27.5,26.5,26.1,25.7,25.5,24.9,24.3,23.8,23.5,
嘉義,2024/11/10 00:00:00,CH4,2.15,2.15,2.23,2.25,2.26,2.37,2.4,2.3,2.2,2.11,2.06,1.99,1.97,1.95,1.94,1.93,1.95,1.96,1.98,1.98,2.04,2.09,2.15,2.12,
嘉義,2024/11/10 00:00:00,CO,0.34,0.32,0.3,0.3,0.29,0.32,0.34,0.4,0.4,0.36,0.3,0.26,0.25,0.24,0.25,0.24,0.25,0.29,0.31,0.31,0.39,0.38,0.36,0.33,
嘉義,2024/11/10 00:00:00,NMHC,0.13,0.11,0.11,0.1,0.12,0.16,0.18,0.18,0.15,0.1,0.06,0.05,0.03,0.02,0.02,0.03,0.04,0.06,0.08,0.09,0.12,0.11,0.1,0.09,
嘉義,2024/11/10 00:00:00,NO,1.1,1.3,1,1,0.9,1.7,3.6,8.5,4.7,2.8,1.6,0.7,0.5,1,1,0.8,0.7,0.7,0.5,0.6,0.8,1.3,1,0.9,
嘉義,2024/11/10 00:00:00,NO2,15.9,13.2,11.6,11.7,10.4,11.9,11.8,12.3,10.6,7.8,5.8,3.4,3.1,3.8,4.4,4.9,5.8,8.3,9.2,10.3,13.1,15.2,14.9,13.6,
嘉義,2024/11/10 00:00:00,NOx,17.1,14.6,12.7,12.7,11.3,13.6,15.5,20.8,15.3,10.7,7.5,4.2,3.7,4.8,5.5,5.7,6.5,9.1,9.8,10.9,14,16.5,15.9,14.6,
嘉義,2024/11/10 00:00:00,O3,3.5,3.3,3.1,2.7,2.3,1.3,1.2,3.6,8.1,27,44.5,55.7,57.7,49.3,47.8,44.5,38.8,32,27.5,22.8,14.7,10.5,8.8,8,
嘉義,2024/11/10 00:00:00,PM10,32,29,34,37,35,36,43,54,71,60,47,41,41,42,46,45,29,22,27,25,29,29,34,33,
嘉義,2024/11/10 00:00:00,PM2.5,21,20,24,22,18,21,24,31,39,43,30,28,24,18,18,18,15,17,12,18,19,22,20,19,
嘉義,2024/11/10 00:00:00,RAINFALL,0,0,0,0,0,0,0,0,0,0,0,0,0,0,0,0,0,0,0,0,0,0,0,0,
嘉義,2024/11/10 00:00:00,RH,91,91,91,91,92,91,92,91,90,87,79,69,70,72,72,72,74,76,76,78,82,86,87,88,
嘉義,2024/11/10 00:00:00,SO2,3.2,2.4,2.3,1.9,1.8,2.1,6.5,5.7,2.2,3.5,3.3,3.4,1.9,1.9,2.1,2.6,4.5,3.7,8.1,2.2,7.6,5.8,24.9,2.9,
嘉義,2024/11/10 00:00:00,THC,2.28,2.26,2.34,2.35,2.38,2.53,2.58,2.48,2.35,2.21,2.12,2.04,2,1.97,1.96,1.96,1.99,2.02,2.06,2.07,2.16,2.2,2.25,2.21,
嘉義,2024/11/10 00:00:00,WD_HR,224,155,230,162,293,279,231,337,19,33,335,327,323,335,350,356,2,8,4,54,356,1,2,9,
嘉義,2024/11/10 00:00:00,WIND_DIREC,336,211,222,97,273,230,259,86,6,14,353,338,354,339,340,2,4,0,5,56,357,12,1,15,
嘉義,2024/11/10 00:00:00,WIND_SPEED,0.6,1,1,0.7,1.2,1.3,1.2,1.3,1.9,2,1.6,2.7,1.9,3.2,3.4,3.6,3.1,2.7,2.1,1.2,2.6,2.3,2.8,2.1,
嘉義,2024/11/10 00:00:00,WS_HR,1,0.5,1,0.4,0.4,0.3,1.1,0.8,1.4,1.1,1.6,1.9,1.9,2.5,2.8,3.2,3.3,2.8,2.1,1.6,2,1.7,2.2,2.3,
嘉義,2024/11/11 00:00:00,AMB_TEMP,23,22.7,22.5,22.5,22.2,22.2,22.4,22.7,24,25.4,27.7,28.7,29.1,29.6,29.5,29.1,28.1,26.8,25.9,25.2,24.9,24.5,24.4,24.5,
嘉義,2024/11/11 00:00:00,CH4,2.11,2.11,2.11,2.11,2.12,2.12,2.15,2.1,2.07,2.03,#,#,#,1.93,1.93,1.94,1.95,1.97,1.99,2,2.02,2.03,2.02,2.04,
嘉義,2024/11/11 00:00:00,CO,0.32,0.29,0.29,0.29,0.29,0.29,0.32,0.36,0.36,0.3,#,0.28,#,#,0.23,0.27,0.32,0.43,0.48,0.42,0.36,0.3,0.29,0.31,
嘉義,2024/11/11 00:00:00,NMHC,0.09,0.07,0.07,0.09,0.1,0.1,0.1,0.12,0.12,0.09,#,#,#,0.03,0.03,0.06,0.08,0.1,0.11,0.1,0.12,0.11,0.16,0.18,
嘉義,2024/11/11 00:00:00,NO,0.9,1.1,1,1,1,1.4,2.3,5.4,7.3,5.4,#,x,#,#,#,0.7,1.1,1.3,1.4,1.5,1.5,1.3,1.1,1.2,
嘉義,2024/11/11 00:00:00,NO2,12,13.1,12,11.5,11.3,11.8,11.3,9.2,9.4,8.4,#,x,#,#,#,7.3,8.7,14.2,19.6,21.1,18.8,16.5,16.1,15.7,
嘉義,2024/11/11 00:00:00,NOx,12.9,14.2,13,12.6,12.3,13.2,13.6,14.7,16.7,13.9,#,x,#,#,#,8,9.8,15.6,21.1,22.6,20.4,17.9,17.3,17,
嘉義,2024/11/11 00:00:00,O3,8.3,8.3,8.3,6.7,5,3.4,3.2,6.7,11.7,20.2,#,#,#,66.3,67.2,66,57.2,35.7,20.8,15.5,15.2,14.3,11.5,9.7,
嘉義,2024/11/11 00:00:00,PM10,33,27,26,27,26,25,27,29,22,34,29,#,24,23,36,60,63,73,73,61,56,47,44,35,
嘉義,2024/11/11 00:00:00,PM2.5,18,19,18,16,22,17,23,16,19,22,18,#,17,18,18,21,22,18,21,22,26,23,15,22,
嘉義,2024/11/11 00:00:00,RAINFALL,0,0,0,0,0,0,0,0,0,0,0,#,#,0,0,0,0,0,0,0,0,0,0,0,
嘉義,2024/11/11 00:00:00,RH,89,90,90,90,91,91,91,90,87,83,69,59,57,54,55,60,66,73,79,82,83,84,84,84,
嘉義,2024/11/11 00:00:00,SO2,15.1,17,9,2,1.4,1.5,1.5,1.3,1.7,1.7,#,2.9,#,#,1.8,2.1,2.2,2.6,2.9,6,15.8,8.4,2.5,1.8,
嘉義,2024/11/11 00:00:00,THC,2.2,2.18,2.18,2.2,2.22,2.22,2.25,2.22,2.19,2.12,#,#,#,1.96,1.96,2,2.03,2.07,2.1,2.1,2.14,2.14,2.18,2.22,
嘉義,2024/11/11 00:00:00,WD_HR,14,2,7,66,24,39,53,29,351,19,20,351,305,#,#,346,339,347,351,353,1,9,40,356,
嘉義,2024/11/11 00:00:00,WIND_DIREC,25,357,3,60,46,67,60,45,350,36,3,337,296,#,334,344,349,350,352,349,7,36,54,353,
嘉義,2024/11/11 00:00:00,WIND_SPEED,1.3,1.8,1.5,2.2,2,1.6,1.9,1.6,2.5,1.8,1.6,1.9,1.8,#,2.5,2.5,3.1,2.5,2.2,2.5,1.9,1.9,1.3,1.6,
嘉義,2024/11/11 00:00:00,WS_HR,1.7,2,1.8,1.8,1.7,1.5,1.7,1.4,2.2,1.5,1,1.4,1.4,#,#,2.1,2.5,2.4,2,1.9,1.7,2,1.4,1,
嘉義,2024/11/12 00:00:00,AMB_TEMP,24.2,24.1,24.2,23.9,23.7,23.9,24.1,24.5,25.4,26.2,27,26.7,26.7,26.8,27,27.1,26.7,26.3,25.6,25.1,24.7,24.6,24.3,24.4,
嘉義,2024/11/12 00:00:00,CH4,2.05,2.06,2.08,2.12,2.1,2.1,2.11,2.21,2.22,2.12,2.1,2.08,2.07,2.07,2.08,2.05,2,2.03,2.06,2.1,2.09,2.1,2.08,2.14,
嘉義,2024/11/12 00:00:00,CO,0.3,0.29,0.3,0.29,0.22,0.26,0.3,0.39,0.46,0.46,0.42,0.4,0.39,0.44,#,0.42,0.38,0.5,0.52,0.39,0.39,0.48,0.31,0.3,
嘉義,2024/11/12 00:00:00,NMHC,0.18,0.14,0.18,0.16,0.09,0.13,0.16,0.18,0.22,0.26,0.23,0.21,0.17,0.19,0.22,0.23,0.2,0.17,0.19,0.16,0.15,0.17,0.12,0.1,
嘉義,2024/11/12 00:00:00,NO,1.2,0.6,0.8,1.1,0.7,0.8,2,5.9,6.9,7.6,5.6,4.8,2.9,2.5,2,1.7,1.4,0.9,1.2,1.1,0.6,1.4,0.9,0.9,
嘉義,2024/11/12 00:00:00,NO2,16.5,15.9,15.6,16.3,12.9,13.6,16,14.1,14.4,17.2,16.1,18.5,16.3,16.8,19.6,22.2,20.6,19.4,21.7,17.8,15.8,17.4,14.2,12.1,
嘉義,2024/11/12 00:00:00,NOx,17.7,16.5,16.4,17.4,13.7,14.5,18.1,20,21.3,24.8,21.7,23.3,19.3,19.3,21.6,24,22.1,20.4,22.9,18.9,16.4,18.8,15.1,13,
嘉義,2024/11/12 00:00:00,O3,8.2,7.7,4.8,3.1,7.9,3.6,2.8,5.8,9.2,13.3,20.7,19.6,28.5,31.9,28.2,27,23.1,19.4,12,13.3,11.6,7.4,6.8,7.5,
嘉義,2024/11/12 00:00:00,PM10,33,36,32,31,26,28,33,30,49,53,49,58,58,#,54,75,56,58,58,57,52,50,50,54,
嘉義,2024/11/12 00:00:00,PM2.5,16,15,14,12,14,16,11,17,22,29,27,22,32,#,37,33,26,21,25,28,19,20,22,23,
嘉義,2024/11/12 00:00:00,RAINFALL,0,0,0,0,0,0,0,0,0,0,0,0,0,0,0,0,0,0.5,0,0,0,0,0,0,
嘉義,2024/11/12 00:00:00,RH,84,85,84,85,86,85,85,84,82,81,78,80,82,82,82,82,83,85,87,88,88,88,89,89,
嘉義,2024/11/12 00:00:00,SO2,1.8,1.7,1.8,2.8,1.8,4.6,4.3,2.6,2.5,2.7,4.3,4.7,2.8,5.7,4.8,4.1,4,2.2,2.5,2.4,2.7,2.6,2.1,1.7,
嘉義,2024/11/12 00:00:00,THC,2.23,2.2,2.26,2.28,2.19,2.23,2.27,2.39,2.44,2.38,2.33,2.29,2.24,2.26,2.3,2.28,2.2,2.2,2.25,2.26,2.24,2.27,2.2,2.24,
嘉義,2024/11/12 00:00:00,WD_HR,8,5,22,319,316,39,7,23,15,1,357,358,4,354,356,319,325,313,313,319,306,261,224,191,
嘉義,2024/11/12 00:00:00,WIND_DIREC,13,348,292,301,356,35,340,10,18,353,2,4,349,6,353,297,7,311,335,308,250,234,192,195,
嘉義,2024/11/12 00:00:00,WIND_SPEED,2.2,1.2,0.8,1.3,0.6,1.3,1.3,1,1.5,1.4,1.3,3.2,1.2,1.3,1.3,1.3,1.7,1.8,1.5,1.3,0.9,1.9,0.9,1.6,
嘉義,2024/11/12 00:00:00,WS_HR,2.1,1.7,0.3,1.5,1,0.9,0.4,0.9,1.1,1.1,1.6,2.5,1.8,1.2,1.6,0.8,1.5,1.3,0.9,1.3,0.6,0.8,1,0.7,
嘉義,2024/11/13 00:00:00,AMB_TEMP,24.3,24.1,24.2,24.2,23.9,23.9,24.1,24.9,26.3,27,27.6,28.5,29.3,29.7,29.7,29.3,28.5,27.5,26.8,26.3,25.9,25.5,25,24.7,
嘉義,2024/11/13 00:00:00,CH4,2.15,2.2,2.26,2.18,2.11,2.1,2.12,2.21,2.16,2.16,2.14,2.07,2.04,2.04,2.01,1.95,1.99,2.01,1.99,2.07,2.07,2.05,2.04,2.1,
嘉義,2024/11/13 00:00:00,CO,0.31,0.28,0.25,0.23,0.18,0.2,0.23,0.37,0.42,0.38,0.3,0.28,0.27,0.24,0.23,0.22,0.26,0.34,0.35,0.29,0.28,0.26,0.23,0.25,
嘉義,2024/11/13 00:00:00,NMHC,0.09,0.11,0.09,0.07,0.05,0.07,0.12,0.2,0.16,0.13,0.1,0.07,0.04,0.03,0.04,0.04,0.04,0.09,0.1,0.08,0.05,0.05,0.04,0.07,
嘉義,2024/11/13 00:00:00,NO,0.6,1,1.1,1.2,1.1,1.6,3.5,9.2,10.6,8.5,4.8,2.2,1.4,1.1,1,1,1.2,1.2,0.9,1,0.9,1.1,1.1,0.9,
嘉義,2024/11/13 00:00:00,NO2,9.5,11.1,10.4,7,4.9,4.7,5.6,7.7,9.3,10.7,9.6,7.3,6.1,5,5.2,5.8,6.3,9.2,10.5,9.3,8.1,7.9,6.9,6.4,
嘉義,2024/11/13 00:00:00,NOx,10.2,12.1,11.6,8.2,6,6.4,9.1,17,19.9,19.3,14.5,9.5,7.5,6.2,6.3,6.8,7.6,10.4,11.5,10.3,9.1,9,8.1,7.3,
嘉義,2024/11/13 00:00:00,O3,8.4,5.9,3.2,2.8,1.8,1.7,1.4,3,8.8,14.2,25.9,43.9,54.9,59.3,62.1,56.2,65,55.4,46.3,37.1,31.1,26.5,30.5,28.5,
嘉義,2024/11/13 00:00:00,PM10,57,73,54,42,37,33,23,53,54,68,60,46,52,59,58,44,54,61,61,58,52,58,47,50,
嘉義,2024/11/13 00:00:00,PM2.5,28,31,28,19,18,16,10,32,31,40,35,38,29,37,32,18,24,27,27,22,20,17,18,19,
嘉義,2024/11/13 00:00:00,RAINFALL,0,0,0,0,0,0,0,0,0,0,0,0,0,0,0,0,0,0,0,0,0,0,0,0,
嘉義,2024/11/13 00:00:00,RH,90,90,90,90,90,89,87,87,84,82,80,71,65,63,62,61,69,76,81,84,85,86,87,88,
嘉義,2024/11/13 00:00:00,SO2,1.5,1.4,1.2,1.2,1.1,1.1,1.2,1.3,2.5,4.7,2.2,1.9,1.8,1.6,1.7,1.8,2.1,2.1,2.3,1.8,1.6,1.5,1.7,1.8,
嘉義,2024/11/13 00:00:00,THC,2.24,2.31,2.35,2.25,2.16,2.17,2.24,2.41,2.32,2.29,2.24,2.14,2.08,2.07,2.05,1.99,2.03,2.1,2.09,2.15,2.12,2.1,2.08,2.17,
嘉義,2024/11/13 00:00:00,WD_HR,228,228,176,132,141,140,81,33,346,341,313,252,253,267,271,269,306,327,316,330,321,302,319,319,
嘉義,2024/11/13 00:00:00,WIND_DIREC,242,221,123,322,217,97,50,36,344,315,294,284,239,252,266,296,330,315,317,348,294,303,324,334,
嘉義,2024/11/13 00:00:00,WIND_SPEED,1.3,1.2,1.2,0.5,0.5,0.7,1.6,1.5,2.3,2,1.4,1.7,2.2,2,1.5,1.8,2.2,1.8,2.2,1.5,1.4,1,1.6,1,
嘉義,2024/11/13 00:00:00,WS_HR,1.2,1.2,0.7,0.4,0.2,0.4,0.9,1.4,1.9,1.9,1.7,1.2,1.8,1.5,1.3,1.9,2.2,1.8,1.8,1.8,1.3,1.2,1.7,0.9,
嘉義,2024/11/14 00:00:00,AMB_TEMP,24.4,24.2,24.2,24.1,24.1,24.2,24.2,24.5,25.8,27.1,28.2,28.4,28.8,29.2,28.9,28.1,27.6,26.7,26.2,26,25.7,25.4,25,24.6,
嘉義,2024/11/14 00:00:00,CH4,2.01,2.02,2.04,2.05,2.12,2.06,2.05,2.16,2.16,2.12,2.1,2.07,2.08,2.09,2.07,2.06,2.05,2.03,2.07,2.11,2.18,2.24,2.28,2.21,
嘉義,2024/11/14 00:00:00,CO,0.21,0.16,0.15,0.18,0.18,0.19,0.24,0.37,0.46,0.38,0.36,0.33,0.3,0.31,0.27,0.29,0.33,0.41,0.49,0.52,0.55,0.52,0.4,0.29,
嘉義,2024/11/14 00:00:00,NMHC,0.07,0.03,0,0.05,0.07,0.09,0.1,0.11,0.13,0.1,0.11,0.1,0.07,0.05,0.06,0.08,0.08,0.1,0.12,0.17,0.15,0.14,0.1,0.06,
嘉義,2024/11/14 00:00:00,NO,1,0.5,0.7,0.9,0.9,0.8,1.2,4.4,8,5.3,3.7,3.1,2.1,1.5,1.4,1.6,1.3,0.9,0.9,0.9,0.9,1.1,2.1,2.4,
嘉義,2024/11/14 00:00:00,NO2,6,6.3,6.8,8.2,8.9,9.5,10.9,12.6,15.1,14.1,13.2,13.3,10,9.2,9.5,11.9,12.8,14.7,16.5,19.4,19.5,18.8,21,19.3,
嘉義,2024/11/14 00:00:00,NOx,7.1,6.9,7.5,9.1,9.8,10.4,12.1,17,23.2,19.4,16.9,16.5,12.1,10.7,10.9,13.5,14.2,15.7,17.5,20.4,20.5,20,23.1,21.8,
嘉義,2024/11/14 00:00:00,O3,26.8,25,19.8,16.7,18.7,13.3,10.2,9.1,15.4,25.3,33.1,35.4,42.7,52,53.8,44.9,44.5,37.2,35.6,27.6,22.4,16.7,4.7,4.9,
嘉義,2024/11/14 00:00:00,PM10,57,55,52,65,71,64,53,80,80,70,71,70,61,65,76,91,88,79,94,99,103,104,83,81,
嘉義,2024/11/14 00:00:00,PM2.5,19,14,17,25,27,28,20,28,40,44,38,34,40,45,43,42,47,42,48,54,54,55,47,41,
嘉義,2024/11/14 00:00:00,RAINFALL,0,0,0,0,0,0,0,0,0,0,0,0,0,0,0,0,0,0,0,0,0,0,0,0,
嘉義,2024/11/14 00:00:00,RH,88,89,89,89,89,89,89,89,85,81,74,73,72,67,71,79,81,83,84,84,85,86,87,88,
嘉義,2024/11/14 00:00:00,SO2,1.9,1,0.7,0.6,0.9,1.1,1.3,1.4,3.6,2.8,1.8,2.8,2.8,3,2.9,3,3.3,1.9,2,6.1,18,14.7,13,16.2,
嘉義,2024/11/14 00:00:00,THC,2.08,2.05,2.04,2.1,2.19,2.15,2.15,2.27,2.29,2.22,2.21,2.17,2.15,2.14,2.13,2.14,2.13,2.13,2.19,2.28,2.33,2.38,2.38,2.27,
嘉義,2024/11/14 00:00:00,WD_HR,278,296,237,308,294,231,266,325,329,302,343,350,344,345,319,351,348,325,352,4,1,347,351,359,
嘉義,2024/11/14 00:00:00,WIND_DIREC,241,8,228,348,233,226,270,311,292,307,350,16,351,315,334,359,357,313,7,11,356,332,351,353,
嘉義,2024/11/14 00:00:00,WIND_SPEED,0.9,0.4,1,0.9,0.5,0.9,0.3,0.7,0.7,1.1,1.5,1,1.6,1.6,2.6,2.5,2.2,1.8,1.7,2.2,1.5,1.3,1.3,1.2,
嘉義,2024/11/14 00:00:00,WS_HR,0.8,0.7,0.8,0.9,0.6,0.8,0.4,0.6,0.5,0.8,1.1,1.3,1.4,1.3,1.8,2,2,1.8,1.5,1.8,1.4,1,1.4,1.8,
嘉義,2024/11/15 00:00:00,AMB_TEMP,24.4,24.4,24.3,24.3,24,23.9,23.5,23.8,24.7,26.3,27.4,27.6,28,28.2,27.4,27.4,26.9,26.2,25.4,25.4,25.5,25.4,25.1,24.8,
嘉義,2024/11/15 00:00:00,CH4,2.13,2.08,2.11,2.12,2.1,2.13,2.11,2.11,2.07,2.08,2.09,2.11,2.06,2.01,1.96,1.96,1.97,2,2.01,2.02,2.03,2.02,2.08,2.1,
嘉義,2024/11/15 00:00:00,CO,0.29,0.3,0.31,0.3,0.3,0.35,0.36,0.39,0.41,0.4,0.46,0.55,0.79,0.56,0.3,0.33,0.27,0.39,0.37,0.39,0.41,0.42,0.33,0.28,
嘉義,2024/11/15 00:00:00,NMHC,0.09,0.12,0.12,0.15,0.1,0.11,0.12,0.13,0.15,0.15,0.18,0.17,0.15,0.09,0.07,0.08,0.06,0.12,0.08,0.09,0.13,0.14,0.09,0.04,
嘉義,2024/11/15 00:00:00,NO,1.2,0.5,0.5,0.5,0.6,0.9,1.2,3.3,4.4,4.3,3.5,3.1,2.6,3.4,2.4,1.7,1.6,4.2,2.6,1.9,3.4,5,3.5,0.7,
嘉義,2024/11/15 00:00:00,NO2,14.1,10.8,10.1,10.7,10.7,10.3,10,9,9,9.6,12.7,15.3,18,17.6,12.8,12.3,12.6,16.9,17.7,18.3,20.5,20.7,17.5,9.5,
嘉義,2024/11/15 00:00:00,NOx,15.4,11.4,10.6,11.2,11.3,11.2,11.3,12.3,13.5,13.9,16.3,18.4,20.6,21.1,15.3,14.1,14.2,21.1,20.4,20.3,23.9,25.8,21.1,10.2,
嘉義,2024/11/15 00:00:00,O3,8.7,10.1,9.9,7.7,6.9,10.1,8.8,6.1,11.7,22.2,31.1,40.1,40.4,30.7,25.4,26.8,15,3.8,8.5,5.6,1.6,0.7,5.7,17.8,
嘉義,2024/11/15 00:00:00,PM10,100,88,93,91,82,86,84,72,80,77,101,126,116,87,56,63,55,42,48,70,64,68,70,74,
嘉義,2024/11/15 00:00:00,PM2.5,52,52,51,54,50,49,44,43,46,49,65,75,79,59,37,39,24,23,27,42,37,37,35,41,
嘉義,2024/11/15 00:00:00,RAINFALL,0,0,0,0,0,0,0,0,0,0,0,0,0,0,0,0,0,0,0,0,0,0,0,0,
嘉義,2024/11/15 00:00:00,RH,88,89,89,89,89,90,90,89,86,82,78,78,75,74,80,81,83,85,86,87,87,87,87,88,
嘉義,2024/11/15 00:00:00,SO2,2.2,1.6,1.2,1.1,1.1,1.2,1.3,1.4,1.6,1.9,3.8,4,4.5,4.9,2.8,2.3,2.1,2.2,2.3,3.2,4.9,12.9,5.6,3.1,
嘉義,2024/11/15 00:00:00,THC,2.22,2.2,2.23,2.27,2.2,2.24,2.23,2.24,2.22,2.23,2.27,2.28,2.21,2.1,2.03,2.04,2.03,2.12,2.09,2.11,2.16,2.16,2.17,2.14,
嘉義,2024/11/15 00:00:00,WD_HR,1,48,2,47,359,11,9,38,35,12,354,347,353,344,317,335,286,353,7,356,350,349,336,338,
嘉義,2024/11/15 00:00:00,WIND_DIREC,46,339,17,3,11,6,11,28,17,39,354,336,11,333,333,312,350,10,15,349,319,359,324,337,
嘉義,2024/11/15 00:00:00,WIND_SPEED,0.8,0.7,1.4,1.6,1.6,2.2,1.4,2.4,2.1,2.1,2.6,2.2,2.3,2.3,2.8,2.1,3,2.1,2.2,1.3,1.4,1.1,1.7,1.9,
嘉義,2024/11/15 00:00:00,WS_HR,1.3,0.7,1,1.1,1.5,1.9,1.5,1.9,2.1,2.5,2.4,2.4,1.6,1.9,2.6,1.8,1.2,2,1.7,1.5,1.1,1.2,1.6,1.4,
嘉義,2024/11/16 00:00:00,AMB_TEMP,24.8,24.9,24.8,24.6,24.6,24.5,24.2,24.1,23.8,24.2,24.9,25.1,25.9,27,28.2,28.3,26.3,25.5,24.8,24.5,24.4,24.4,24.5,24.5,
嘉義,2024/11/16 00:00:00,CH4,2.04,2,2.07,2.06,2.11,2.12,2.11,2.12,2.01,1.99,#,#,1.9,1.88,1.88,1.9,1.91,1.92,1.93,1.93,1.9,1.91,1.92,1.95,
嘉義,2024/11/16 00:00:00,CO,0.2,0.21,0.25,0.24,0.25,0.25,0.25,0.31,0.33,0.3,0.31,0.28,0.25,0.2,0.19,0.21,0.23,0.34,0.36,0.31,0.2,0.21,0.21,0.2,
嘉義,2024/11/16 00:00:00,NMHC,0.01,0.01,0.03,0.04,0.03,0.05,0.06,0.09,0.1,0.08,#,#,0.04,0.03,0.02,0.02,0.05,0.08,0.09,0.06,0.03,0.03,0.03,0.03,
嘉義,2024/11/16 00:00:00,NO,0.7,0.2,0.3,0.3,0.4,0.4,1.1,1.6,2.3,2.9,3.4,2.8,1.9,1.2,0.6,0.7,0.6,0.6,0.7,0.6,0.5,0.4,0.6,0.6,
嘉義,2024/11/16 00:00:00,NO2,7.2,7.1,7.8,6.9,6,6.7,7.2,8.6,8.6,7.4,8.2,10.3,8.9,6.2,5.2,5.6,8.6,11.5,13.4,11.9,9,8.2,8.1,9.1,
嘉義,2024/11/16 00:00:00,NOx,8,7.3,8.1,7.3,6.5,7.1,8.4,10.2,11,10.3,11.7,13.1,10.9,7.4,5.9,6.3,9.3,12.1,14.2,12.6,9.6,8.7,8.7,9.7,
嘉義,2024/11/16 00:00:00,O3,16.6,13.2,9.8,10.7,8.2,3.1,2.4,3,7.9,10.9,9.4,13.3,26.3,38.8,47,44.9,30.9,26.2,17.8,15.8,16.9,16.1,14.6,12,
嘉義,2024/11/16 00:00:00,PM10,77,73,103,59,44,33,26,21,35,23,27,35,34,32,29,34,63,96,49,41,19,26,25,20,
嘉義,2024/11/16 00:00:00,PM2.5,34,27,64,37,32,29,18,18,19,19,21,21,21,15,19,13,19,23,15,22,13,10,11,11,
嘉義,2024/11/16 00:00:00,RAINFALL,0,0,0,2,3.5,3.5,3.5,4,2,0,0,0,0,0,0,0,0,0,0,0,0,0,0,0,
嘉義,2024/11/16 00:00:00,RH,88,89,89,90,90,91,91,91,91,90,89,88,86,82,77,74,81,84,85,85,85,85,85,85,
嘉義,2024/11/16 00:00:00,SO2,2,1,0.9,0.8,0.9,0.9,1,1.3,1,1.4,1.2,1.4,#,1.9,1.6,1.9,2.1,3.1,2,3.1,2.9,1.5,10,6.3,
嘉義,2024/11/16 00:00:00,THC,2.05,2.01,2.1,2.1,2.14,2.17,2.17,2.21,2.11,2.07,#,#,1.94,1.91,1.9,1.92,1.96,2,2.02,1.99,1.93,1.94,1.95,1.98,
嘉義,2024/11/16 00:00:00,WD_HR,312,71,190,212,127,94,21,27,12,27,28,7,8,8,28,340,357,359,352,4,10,356,354,354,
嘉義,2024/11/16 00:00:00,WIND_DIREC,296,116,245,166,103,50,1,37,6,25,11,5,4,17,26,347,5,354,356,1,10,349,351,358,
嘉義,2024/11/16 00:00:00,WIND_SPEED,1.1,1.2,0.7,0.5,0.6,1.4,1.1,1.6,3.3,2.3,2.2,2.4,3,1.9,2,3.2,3.9,2.8,2.3,3.4,2,1.8,1.3,1.1,
嘉義,2024/11/16 00:00:00,WS_HR,1.2,0.5,0.2,0.3,0.4,0.6,0.8,1.2,2.4,2.3,2.3,2.3,2.2,1.9,1.7,2.7,3.4,3,1.8,2.6,2.3,1.5,1.1,1.2,
嘉義,2024/11/17 00:00:00,AMB_TEMP,24.4,24.3,24.2,24.1,23.5,23.5,23.6,23.7,24.5,25.8,27.3,28.1,29.3,30.1,30.5,29.5,28.2,26.9,26.1,25.3,24.9,24.5,24.2,24,
嘉義,2024/11/17 00:00:00,CH4,1.98,1.97,1.95,2.02,2.05,2.02,2,1.96,1.96,1.95,1.95,1.93,1.91,1.9,1.89,1.92,1.93,1.95,1.96,1.97,1.96,1.96,1.98,2.01,
嘉義,2024/11/17 00:00:00,CO,0.18,0.17,0.16,0.2,0.18,0.17,0.18,0.17,0.19,0.22,0.2,0.19,0.18,0.16,0.15,0.16,0.22,0.33,0.37,0.29,0.25,0.22,0.23,0.22,
嘉義,2024/11/17 00:00:00,NMHC,0.03,0.02,0.03,0.06,0.05,0.04,0.04,0.04,0.04,0.05,0.02,0.01,0.01,0,0,0,0.02,0.05,0.08,0.06,0.04,0.04,0.04,0.03,
嘉義,2024/11/17 00:00:00,NO,0.6,0.6,0.8,0.9,0.9,0.9,1,2,2.8,3,2.3,1.8,1.1,1,0.8,1,1,1.1,1.1,0.9,0.9,1,1,1,
嘉義,2024/11/17 00:00:00,NO2,9,7.9,6.1,6.4,8.3,7.9,8,6.7,5.3,5.6,4.9,4.5,3.7,3.1,2.8,3.6,6.1,10.1,12.5,10.9,9.4,9.1,9.6,10.2,
嘉義,2024/11/17 00:00:00,NOx,9.6,8.6,6.9,7.4,9.3,8.8,9,8.8,8.1,8.6,7.3,6.3,4.9,4.2,3.6,4.6,7.2,11.3,13.7,11.9,10.4,10.1,10.7,11.3,
嘉義,2024/11/17 00:00:00,O3,11.3,10.4,10.7,8.1,5.8,7.2,6.5,9.9,12.2,18.3,27.7,37,46.2,50.8,52.9,48.8,40.4,28.7,22,20.2,19.6,19.7,18,16.2,
嘉義,2024/11/17 00:00:00,PM10,26,31,30,21,19,16,15,14,15,11,19,17,19,15,16,47,119,82,39,35,16,16,28,22,
嘉義,2024/11/17 00:00:00,PM2.5,12,13,16,13,11,9,11,12,8,11,16,15,9,13,8,11,20,19,14,15,8,9,12,13,
嘉義,2024/11/17 00:00:00,RAINFALL,0,0,0,0,0,0,0,0,0,0,0,0,0,0,0,0,0,0,0,0,0,0,0,0,
嘉義,2024/11/17 00:00:00,RH,85,86,87,88,89,89,89,89,88,84,80,74,63,59,57,61,65,72,72,74,72,71,72,75,
嘉義,2024/11/17 00:00:00,SO2,6,1.7,1.3,2.5,4.1,1.9,1.7,1.5,1.3,1.7,2.9,3.4,2.1,1.9,1.7,2.2,2.6,4.9,12.6,18.4,4.8,2.5,1.6,1.7,
嘉義,2024/11/17 00:00:00,THC,2.01,1.99,1.98,2.08,2.1,2.06,2.04,2,2,2,1.97,1.94,1.92,1.9,1.89,1.92,1.95,2,2.04,2.03,2,2,2.02,2.04,
嘉義,2024/11/17 00:00:00,WD_HR,359,64,74,0,5,11,6,47,46,30,350,350,353,345,323,336,346,353,3,7,3,9,6,9,
嘉義,2024/11/17 00:00:00,WIND_DIREC,45,58,59,353,3,29,6,51,26,17,354,3,352,321,333,327,351,10,9,4,4,9,2,358,
嘉義,2024/11/17 00:00:00,WIND_SPEED,1.6,1.8,1.1,2.2,2.6,1.4,2.5,1.4,0.9,2.5,2.5,2.6,2.1,2.1,2.5,3,3,2.6,2.2,3.1,2.9,2,2.6,1.9,
嘉義,2024/11/17 00:00:00,WS_HR,1.3,1.5,1.2,1.1,2.1,1.4,1.8,1.3,1.5,1.5,2.1,2.3,2.2,1.5,2.3,2.9,2.7,2.6,1.9,3.2,2.4,2.1,1.9,1.7,
嘉義,2024/11/18 00:00:00,AMB_TEMP,23.7,23.6,23.2,23.1,23,23,22.7,22.7,23.3,23.9,24.7,24.8,25.1,25,25,24.7,23.7,23,22.4,21.7,21.6,21.4,21,20.9,
嘉義,2024/11/18 00:00:00,CH4,2.01,2.03,2.08,2.08,2.06,2.06,2.06,2.02,2,1.99,1.98,1.97,1.97,#,1.97,1.97,1.99,1.99,1.99,1.98,1.97,1.97,1.98,1.99,
嘉義,2024/11/18 00:00:00,CO,0.21,0.19,0.19,0.18,0.18,0.22,0.27,0.31,0.32,0.3,0.3,0.27,0.25,0.25,0.26,#,0.31,0.33,0.33,0.3,0.28,0.25,0.23,0.22,
嘉義,2024/11/18 00:00:00,NMHC,0.03,0.04,0.03,0.03,0.02,0.02,0.03,0.05,0.06,0.07,0.08,0.07,0.04,#,0.09,0.11,0.19,0.17,0.15,0.1,0.09,0.07,0.05,0.05,
嘉義,2024/11/18 00:00:00,NO,0.9,0.9,0.7,0.4,0.3,0.8,1,1.2,2,3.3,3.7,3.1,2.2,1.4,1.4,#,1.3,1.3,1.5,1.1,0.7,0.7,0.9,0.6,
嘉義,2024/11/18 00:00:00,NO2,9.6,8.9,8.3,7.9,6.5,7.4,8.3,9.4,10.8,11.2,10.9,10.9,9.4,8.4,10.3,#,17,17,17.1,14.7,11.6,10.3,10.1,9.3,
嘉義,2024/11/18 00:00:00,NOx,10.5,9.8,9,8.3,6.9,8.2,9.3,10.7,12.9,14.6,14.6,14,11.6,9.8,11.8,#,18.4,18.3,18.6,15.8,12.3,11,11,10,
嘉義,2024/11/18 00:00:00,O3,16.9,17.3,17.2,18.7,21.9,23.3,23.4,24.7,24.6,26,29.3,31.9,36.3,39,#,31.3,21.9,18.6,15.1,15.9,18,19.1,19.8,20,
嘉義,2024/11/18 00:00:00,PM10,24,20,25,21,13,19,23,16,19,25,25,24,29,#,40,40,38,35,30,36,38,20,11,10,
嘉義,2024/11/18 00:00:00,PM2.5,9,10,8,11,9,11,9,10,10,10,10,14,11,#,18,14,14,13,14,13,12,10,9,6,
嘉義,2024/11/18 00:00:00,RAINFALL,0,0,0,0,0,0,0,0,0,0,0,0,0,#,#,0,0,0,0,0,0,0,0,0,
嘉義,2024/11/18 00:00:00,RH,77,79,81,82,81,81,82,80,72,68,63,63,63,66,64,63,68,71,76,81,81,81,80,80,
嘉義,2024/11/18 00:00:00,SO2,1.7,1.3,6.1,2.7,4.5,7.6,4.5,4.4,2.9,3.1,2.6,2.7,1.8,1.4,2.6,#,1.6,2.9,2.3,2.3,1.8,1.4,4.7,11.8,
嘉義,2024/11/18 00:00:00,THC,2.04,2.07,2.11,2.11,2.08,2.08,2.09,2.07,2.06,2.06,2.06,2.04,2.01,#,2.06,2.08,2.18,2.16,2.14,2.08,2.06,2.04,2.03,2.04,
嘉義,2024/11/18 00:00:00,WD_HR,4,359,0,14,1,356,357,3,0,355,344,314,302,327,1,15,15,8,6,5,18,12,345,6,
嘉義,2024/11/18 00:00:00,WIND_DIREC,8,4,5,32,1,3,2,4,355,344,2,306,0,345,38,18,12,3,11,7,18,354,356,15,
嘉義,2024/11/18 00:00:00,WIND_SPEED,1.6,2.3,1.4,1.5,2,1.9,2,2.2,2.8,2.5,1.7,2,1.5,2.1,1.7,3.9,4.7,5,3.8,4.3,2,2.1,2,2.6,
嘉義,2024/11/18 00:00:00,WS_HR,1.7,1.4,1.8,1.6,1.8,1.6,2,2.1,2,2.3,1.8,1.6,1.3,1.6,1.7,2.4,3.3,4.2,3.8,3.3,2.3,2.6,1.7,2.6,
嘉義,2024/11/19 00:00:00,AMB_TEMP,20.5,21.1,20.7,20.7,20.9,20.7,20.9,20.9,21.5,22.1,22.8,23.5,24,24.8,24.9,24.6,23.8,23.1,22.6,22.3,22,21.6,21.2,21,
嘉義,2024/11/19 00:00:00,CH4,1.99,1.98,2.05,2.06,2.06,2.08,2.12,2.13,2.09,2.1,2.06,2.03,2.03,2.02,2.02,2.03,2.02,2.04,2.04,2.05,2.05,2.06,2.06,2.04,
嘉義,2024/11/19 00:00:00,CO,0.19,0.19,0.19,0.2,0.18,0.19,0.23,0.33,0.35,0.36,0.31,0.31,0.33,0.32,0.31,0.32,0.36,0.49,0.41,0.38,0.35,0.33,0.26,0.24,
嘉義,2024/11/19 00:00:00,NMHC,0.02,0.04,0.02,0.01,0.02,0.04,0.06,0.1,0.11,0.13,0.08,0.08,0.11,0.08,0.08,0.1,0.12,0.18,0.15,0.15,0.14,0.11,0.09,0.08,
嘉義,2024/11/19 00:00:00,NO,0.6,0.2,0.2,0.1,0,0.1,0.5,4.6,6.5,6.9,9.9,5.6,4.6,3.4,2.3,1.7,1.6,1.2,1.5,0.8,0.6,0.7,0.5,0.3,
嘉義,2024/11/19 00:00:00,NO2,8.1,8.1,8.4,10.3,8.7,10.2,12,16.9,16.6,14.7,15.5,14.8,15.2,13.4,13,14.4,18.5,25.1,26.1,20.8,18.9,19.4,17.1,12.7,
嘉義,2024/11/19 00:00:00,NOx,8.8,8.3,8.6,10.5,8.8,10.3,12.5,21.5,23.2,21.7,25.5,20.4,19.8,16.9,15.4,16.1,20.1,26.3,27.7,21.6,19.6,20.1,17.6,13.1,
嘉義,2024/11/19 00:00:00,O3,22.6,21.1,17.8,17.2,17.5,14.4,11.4,8,9.1,10.5,11.7,16.7,21.5,28.4,33.6,31.5,22.7,12.2,11.1,12.9,12.4,10.5,14.1,16.4,
嘉義,2024/11/19 00:00:00,PM10,24,15,15,15,13,22,24,22,26,29,31,26,32,34,30,32,41,42,36,32,26,29,25,21,
嘉義,2024/11/19 00:00:00,PM2.5,6,6,6,8,9,7,12,9,10,19,15,17,15,18,19,14,18,18,19,15,17,15,11,12,
嘉義,2024/11/19 00:00:00,RAINFALL,0,0,0,0,0,0,0,0,0,0,0,0,0,0,0,0,0,0,0,0,0,0,0,0,
嘉義,2024/11/19 00:00:00,RH,80,77,79,79,77,79,79,80,79,79,76,73,71,68,67,67,70,72,74,75,76,77,78,79,
嘉義,2024/11/19 00:00:00,SO2,5.6,2.9,3.8,8.9,3.6,9.1,5.7,5.6,2.4,2.9,5,8.6,2.9,2.7,2.4,2.4,5.2,8.1,6.8,7.8,4.3,13.9,9.1,2.7,
嘉義,2024/11/19 00:00:00,THC,2.01,2.02,2.07,2.07,2.08,2.12,2.18,2.23,2.2,2.23,2.14,2.11,2.14,2.1,2.1,2.13,2.14,2.22,2.19,2.2,2.19,2.17,2.15,2.12,
嘉義,2024/11/19 00:00:00,WD_HR,292,85,336,17,49,3,0,1,1,9,347,349,345,2,346,347,6,1,5,7,6,359,5,5,
嘉義,2024/11/19 00:00:00,WIND_DIREC,337,319,352,59,355,37,345,359,21,341,348,327,349,2,348,346,10,348,359,3,9,348,7,0,
嘉義,2024/11/19 00:00:00,WIND_SPEED,1.6,0.8,2.1,2.3,1.9,1.8,2.2,1.9,2.1,2.1,2.1,1.8,2,1.3,2.3,3.2,2.5,2.3,2.2,2.2,2.4,2.4,2.3,2.2,
嘉義,2024/11/19 00:00:00,WS_HR,1.2,0.8,1.6,1.2,1.6,1.7,1.4,1.4,1.8,1.6,2.1,1.4,1.6,1.4,1.9,2.7,2.2,2.4,2.2,2.1,1.8,2.1,2.2,2,
嘉義,2024/11/20 00:00:00,AMB_TEMP,20.9,21.1,21,20.9,20.9,20.9,20.9,21.5,22.2,23.1,24.2,25.3,26.1,26.4,26.2,25.5,24.6,23.9,23.5,23.3,22.9,22.4,22.2,22.1,
嘉義,2024/11/20 00:00:00,CH4,2.07,2.05,2.06,2.08,2.05,2.05,2.08,2.06,2.06,2.05,2.04,2.03,2,1.98,1.96,1.96,1.96,1.98,1.99,2.01,2.02,2.01,2.04,2.02,
嘉義,2024/11/20 00:00:00,CO,0.24,0.26,0.25,0.22,0.23,0.25,0.26,0.31,0.37,0.36,0.33,0.29,0.29,0.25,0.27,0.31,0.29,0.32,0.33,0.34,0.34,0.29,0.27,0.26,
嘉義,2024/11/20 00:00:00,NMHC,0.08,0.1,0.1,0.08,0.09,0.11,0.1,0.12,0.13,0.11,0.13,0.09,0.08,0.04,0.05,0.07,0.08,0.09,0.12,0.15,0.13,0.1,0.09,0.1,
嘉義,2024/11/20 00:00:00,NO,0.2,0.9,0.7,0.9,0.6,0.8,1.1,3.4,5.7,6.6,8.3,6.2,3.5,1.7,1.2,1.2,1.2,0.8,0.7,1.1,1.3,1,0.8,0.8,
嘉義,2024/11/20 00:00:00,NO2,12.6,14.6,11.9,12.1,13.5,11.3,12.9,12.9,13.5,12.7,14.8,14.1,11.7,8.4,8.5,10.7,12.9,13.5,14.8,16.7,18.9,15.3,14,12.1,
嘉義,2024/11/20 00:00:00,NOx,12.8,15.5,12.7,13,14.2,12.2,14,16.4,19.2,19.4,23.1,20.4,15.2,10.2,9.7,11.9,14.2,14.3,15.6,17.8,20.2,16.4,14.9,13,
嘉義,2024/11/20 00:00:00,O3,16,14.2,13.8,12.6,10.9,9.6,9.6,11,11.4,14.4,18.2,25.9,36.9,50.7,51.7,41.5,36.2,30.8,25,18.4,14,18,16.6,17.4,
嘉義,2024/11/20 00:00:00,PM10,26,20,18,17,24,25,22,25,25,21,24,30,31,27,38,53,45,36,30,34,26,26,18,24,
嘉義,2024/11/20 00:00:00,PM2.5,14,15,13,10,12,20,17,18,19,19,11,15,17,16,19,21,14,12,13,17,20,11,14,11,
嘉義,2024/11/20 00:00:00,RAINFALL,0,0,0,0,0,0,0,0,0,0,0,0,0,0,0,0,0,0,0,0,0,0,0,0,
嘉義,2024/11/20 00:00:00,RH,80,80,81,82,82,84,83,82,81,79,71,67,64,63,63,67,70,74,76,78,81,82,83,83,
嘉義,2024/11/20 00:00:00,SO2,6.2,1.8,1.8,2.5,1.7,1.5,1.7,2.1,2.2,3.2,3.7,3.9,3.4,2.9,2.1,2.1,2,5.9,2.4,1.7,7.7,8.9,13,2.3,
嘉義,2024/11/20 00:00:00,THC,2.15,2.15,2.16,2.16,2.14,2.16,2.18,2.18,2.19,2.16,2.17,2.12,2.08,2.02,2.01,2.03,2.04,2.07,2.11,2.16,2.15,2.11,2.13,2.12,
嘉義,2024/11/20 00:00:00,WD_HR,6,35,3,11,43,31,1,29,350,351,8,347,340,333,335,351,354,7,13,12,2,6,8,32,
嘉義,2024/11/20 00:00:00,WIND_DIREC,5,64,2,359,64,36,9,43,345,27,50,0,336,352,332,345,350,1,4,359,6,0,21,359,
嘉義,2024/11/20 00:00:00,WIND_SPEED,2,1.5,2.3,1.8,1.9,0.9,2.2,1.3,2.2,1.5,1.9,2,2.2,2.3,3.1,3.1,2.8,3,3,1.7,2.8,2.8,2,2,
嘉義,2024/11/20 00:00:00,WS_HR,1.6,1.2,1.8,1.6,1.5,1.2,1.6,1.6,1.3,1.5,1.5,1.4,1.8,1.9,2.3,2.5,2.5,2.8,2,1.9,2.3,2.4,2,1.5,
嘉義,2024/11/21 00:00:00,AMB_TEMP,21.8,21.6,21.5,21.4,21.4,21.4,21.4,21.7,22.3,23.1,24.1,25.1,25.6,25.8,25.8,24.8,23.7,23,22.1,21.7,21.3,21,20.8,20.4,
嘉義,2024/11/21 00:00:00,CH4,2.03,2.05,2.03,2.03,2.03,2.03,2.04,2.03,2.02,2,1.99,1.98,1.97,1.96,1.95,1.95,1.95,1.98,1.98,1.98,1.99,1.98,2,2.02,
嘉義,2024/11/21 00:00:00,CO,0.24,0.21,0.21,0.2,0.2,0.21,0.23,0.3,0.31,0.3,0.27,0.28,0.28,0.26,0.26,0.25,0.24,0.37,0.34,0.31,0.3,0.28,0.29,0.26,
嘉義,2024/11/21 00:00:00,NMHC,0.09,0.06,0.06,0.06,0.08,0.09,0.06,0.09,0.09,0.11,0.09,0.11,0.08,0.06,0.07,0.06,0.08,0.13,0.12,0.1,0.1,0.11,0.11,0.07,
嘉義,2024/11/21 00:00:00,NO,0.6,1,0.8,0.9,0.8,0.9,1,2.4,3.5,4.4,3.7,2.8,2.1,1.8,1.5,1.7,1.5,1.5,1.5,1,1.3,1.1,0.8,0.9,
嘉義,2024/11/21 00:00:00,NO2,12.3,11.3,8.2,8.7,8.4,9.6,10.6,11.8,11.4,10.3,9.5,9.1,9.4,9.2,9,12.1,11.5,17.9,17.9,13.4,15.1,12.6,13.4,13.6,
嘉義,2024/11/21 00:00:00,NOx,12.9,12.4,9.1,9.6,9.2,10.5,11.6,14.2,14.9,14.7,13.3,11.9,11.6,11.1,10.6,13.9,13,19.4,19.4,14.5,16.5,13.7,14.3,14.5,
嘉義,2024/11/21 00:00:00,O3,16.6,17.6,19.6,18,18.5,15.5,15.7,15.2,15.2,18.7,26.3,35.3,43,50.5,52.5,38.5,35.7,20.6,18.7,20.8,16.8,18.8,15.8,18.7,
嘉義,2024/11/21 00:00:00,PM10,24,17,x,17,19,24,14,21,23,25,27,34,29,37,27,82,51,59,18,19,x,23,x,13,
嘉義,2024/11/21 00:00:00,PM2.5,14,10,10,9,11,10,13,16,12,15,15,20,17,17,17,16,15,12,12,12,11,9,8,6,
嘉義,2024/11/21 00:00:00,RAINFALL,0,0,0,0,0,0,0,0,0,0,0,0,0,0,0,0,0,0,0,0,0,0,0,0,
嘉義,2024/11/21 00:00:00,RH,84,84,84,84,84,84,84,83,83,81,78,70,67,65,64,64,66,69,70,72,75,77,78,80,
嘉義,2024/11/21 00:00:00,SO2,2,2.9,1.4,1.3,1.3,1.4,1.2,1.4,1.4,2.1,2.3,1.5,2.2,2.4,1.8,2,1.8,1.8,2.2,3,4.2,2,2.9,6.3,
嘉義,2024/11/21 00:00:00,THC,2.12,2.11,2.09,2.09,2.11,2.12,2.1,2.12,2.11,2.11,2.08,2.09,2.05,2.02,2.02,2.01,2.03,2.11,2.1,2.08,2.09,2.09,2.11,2.09,
嘉義,2024/11/21 00:00:00,WD_HR,1,11,3,9,27,15,4,9,44,3,21,39,6,358,356,358,17,0,6,7,2,12,2,6,
嘉義,2024/11/21 00:00:00,WIND_DIREC,355,6,354,45,54,344,1,343,25,351,48,21,356,8,358,11,9,7,8,5,6,15,0,357,
嘉義,2024/11/21 00:00:00,WIND_SPEED,2.2,2.1,1.7,1.8,1.5,1.9,2.4,2.6,2,2.2,2.8,2.2,3.2,2.6,3.7,4.4,3.5,3.6,3.6,2.7,2.6,1.5,2.5,2.8,
嘉義,2024/11/21 00:00:00,WS_HR,2,1.8,1.5,1.7,1.3,1.3,1.9,1.6,1.7,1.8,1.7,1.6,2.2,2.7,3.1,3.6,3.1,3,3.2,2.6,2.5,2,2.3,2.6,
嘉義,2024/11/22 00:00:00,AMB_TEMP,20.5,20.5,20.4,20.3,20.3,20.3,20.4,20.4,21,22.1,23.5,24.8,25.4,25.7,25.6,25.1,24.3,23.7,23.1,22.3,21.9,21.5,21.2,21.2,
嘉義,2024/11/22 00:00:00,CH4,2.02,2,2.01,2.02,2.03,2.02,2.04,2.04,2.02,2.02,2.01,2,2,2,1.99,1.98,1.99,2.01,2.01,2,2.02,2,2,2.02,
嘉義,2024/11/22 00:00:00,CO,0.24,0.21,0.21,0.22,0.22,0.23,0.25,0.31,0.31,0.32,0.31,0.3,0.33,0.32,0.33,0.35,0.41,0.44,0.43,0.38,0.35,0.3,0.27,0.26,
嘉義,2024/11/22 00:00:00,NMHC,0.05,0.05,0.04,0.04,0.04,0.06,0.05,0.06,0.08,0.13,0.13,0.09,0.08,0.06,0.07,0.08,0.13,0.13,0.12,0.11,0.1,0.07,0.06,0.07,
嘉義,2024/11/22 00:00:00,NO,0.8,0.5,0.6,0.6,0.7,0.5,0.8,2.1,4,5.9,4.9,3.3,2.8,1.7,1.5,1.4,1.1,1.1,1,0.9,1.3,0.8,0.6,0.5,
嘉義,2024/11/22 00:00:00,NO2,10.3,8.1,7.4,8.3,8.1,8.9,10.4,14.2,13,14.6,11.8,9.9,11.6,9.5,11.5,13.3,17.1,18.8,20.6,19.6,17.8,12.5,10.2,11,
嘉義,2024/11/22 00:00:00,NOx,11.1,8.7,8.1,9,8.8,9.4,11.2,16.4,17,20.5,16.8,13.2,14.5,11.2,13,14.8,18.3,19.9,21.7,20.6,19.1,13.3,10.8,11.6,
嘉義,2024/11/22 00:00:00,O3,21.3,24.6,24,20.9,22.1,21,18.3,16.1,18.7,18.7,25.5,34,38.8,50.9,51.1,46.5,37.3,31,24,20.9,20.1,26.7,28.3,26.1,
嘉義,2024/11/22 00:00:00,PM10,21,x,19,15,11,11,x,8,11,22,21,16,40,32,48,55,69,55,48,40,31,22,21,22,
嘉義,2024/11/22 00:00:00,PM2.5,3,3,5,6,6,9,9,7,8,16,8,16,18,16,20,18,25,20,18,17,20,12,10,12,
嘉義,2024/11/22 00:00:00,RAINFALL,0,0,0,0,0,0,0,0,0,0,0,0,0,0,0,0,0,0,0,0,0,0,0,0,
嘉義,2024/11/22 00:00:00,RH,80,79,79,80,80,81,80,80,78,73,68,65,62,60,59,60,62,64,65,68,68,68,69,69,
嘉義,2024/11/22 00:00:00,SO2,5.1,3.6,1.9,14.4,2.3,1.9,2.2,1.9,1.9,2.2,2.8,4,4.1,3.4,3.7,3.2,3.8,3.9,4.5,3.1,9.2,5.8,10.4,11.1,
嘉義,2024/11/22 00:00:00,THC,2.07,2.05,2.05,2.06,2.07,2.08,2.09,2.1,2.1,2.15,2.14,2.09,2.08,2.06,2.06,2.06,2.12,2.14,2.13,2.11,2.12,2.07,2.06,2.09,
嘉義,2024/11/22 00:00:00,WD_HR,0,4,3,5,5,7,11,10,11,6,5,3,343,352,354,357,355,6,356,0,2,3,4,359,
嘉義,2024/11/22 00:00:00,WIND_DIREC,355,12,353,4,23,9,6,9,3,28,42,329,333,350,15,354,7,10,356,353,6,5,10,1,
嘉義,2024/11/22 00:00:00,WIND_SPEED,2.2,2.4,2.2,2.4,2,2.1,1.8,2.8,2.2,1.9,2.1,2,2.1,1.7,2.3,2.6,3,2.8,2.5,2.9,2.3,2.6,2,2.6,
嘉義,2024/11/22 00:00:00,WS_HR,2.1,2.1,1.8,2.1,1.7,1.9,1.6,2,1.9,1.7,1.7,1.6,1.8,1.8,2,2.5,2.4,2.6,2.4,2.3,2.2,2.5,2.2,1.8,
嘉義,2024/11/23 00:00:00,AMB_TEMP,21,20.9,20.9,20.8,20.6,20.3,20.4,20.6,21,21.9,23.3,24.3,24.8,25.5,25.6,24.9,24,23.3,22.8,22.4,22.1,22,22,21.5,
嘉義,2024/11/23 00:00:00,CH4,2.03,2.02,2.02,2.02,2.04,2.06,2.06,2.06,2.05,2.05,2.05,2.02,2.01,1.98,1.99,2.01,2.02,2.03,2.04,2.07,2.05,2.06,2.09,2.15,
嘉義,2024/11/23 00:00:00,CO,0.25,0.23,0.22,0.21,0.21,0.22,0.25,0.33,0.35,0.38,0.37,0.35,0.35,0.32,0.34,0.39,0.43,0.47,0.47,0.45,0.41,0.45,0.46,0.4,
嘉義,2024/11/23 00:00:00,NMHC,0.06,0.06,0.05,0.05,0.05,0.05,0.06,0.1,0.09,0.11,0.09,0.08,0.06,0.06,0.07,0.08,0.1,0.13,0.13,0.13,0.13,0.15,0.16,0.14,
嘉義,2024/11/23 00:00:00,NO,0.6,0.6,0.7,0.8,0.6,0.7,0.6,2.1,2.8,3.8,4.1,2.6,1.5,1.4,1,1.2,0.9,0.8,0.9,1.2,0.9,0.9,0.6,0.8,
嘉義,2024/11/23 00:00:00,NO2,10.5,10.9,9.6,9.2,9.6,9.9,11.1,14.9,13.8,14.4,13.4,11.4,9.4,8,9.5,12.4,14.8,18.1,18,19.2,15.4,17.7,17.9,18,
嘉義,2024/11/23 00:00:00,NOx,11.1,11.5,10.3,10,10.2,10.6,11.8,17,16.6,18.3,17.6,14.1,11,9.4,10.6,13.7,15.7,19,18.9,20.4,16.3,18.7,18.6,18.9,
嘉義,2024/11/23 00:00:00,O3,26,25.6,26.7,26.4,25.1,25.9,24,21.4,24.4,25.5,31.6,42,48.8,57.6,59.8,52.3,46,36.7,30.8,23.2,22.5,17.3,14.7,12.3,
嘉義,2024/11/23 00:00:00,PM10,20,21,19,17,19,17,21,29,29,47,32,32,39,45,42,75,72,59,60,64,48,51,52,47,
嘉義,2024/11/23 00:00:00,PM2.5,10,11,*,9,14,15,13,20,20,26,19,26,23,30,28,26,25,27,29,35,29,32,34,27,
嘉義,2024/11/23 00:00:00,RAINFALL,0,0,0,0,0,0,0,0,0,0,0,0,0,0,0,0,0,0,0,0,0,0,0,0,
嘉義,2024/11/23 00:00:00,RH,70,70,69,69,69,69,68,69,69,68,64,61,60,57,57,56,57,58,60,62,64,65,65,68,
嘉義,2024/11/23 00:00:00,SO2,11.1,2.9,2.1,1.7,1.7,1.7,2,2.1,1.9,2.1,5.6,4.6,3,2.6,2.8,3.2,3.9,3.9,3.6,3.3,3.4,2.3,2.4,25.8,
嘉義,2024/11/23 00:00:00,THC,2.09,2.08,2.07,2.07,2.09,2.11,2.12,2.16,2.14,2.16,2.14,2.1,2.07,2.04,2.06,2.09,2.12,2.16,2.17,2.2,2.18,2.21,2.25,2.29,
嘉義,2024/11/23 00:00:00,WD_HR,1,8,0,4,8,5,12,12,16,5,10,18,7,8,3,344,358,355,12,350,35,2,20,353,
嘉義,2024/11/23 00:00:00,WIND_DIREC,13,14,1,1,4,8,14,6,8,356,14,24,17,16,351,335,7,354,20,358,41,68,1,345,
嘉義,2024/11/23 00:00:00,WIND_SPEED,2.4,1.8,2,2.2,1.6,1.5,1.2,2.5,1.5,2,2.1,2.2,2.3,1.7,2.5,1.9,2.6,1.9,1.3,1.7,1.3,0.7,1.2,1.5,
嘉義,2024/11/23 00:00:00,WS_HR,2,1.8,1.8,2,1.4,1.7,1.2,1.7,1.5,1.4,1.8,1.8,1.9,1.5,1.5,2.2,2.1,2,1.4,2,1.1,0.7,0.5,1.8,
嘉義,2024/11/24 00:00:00,AMB_TEMP,21.3,21.4,20.9,21,21.2,20.7,20.3,20.6,21.9,22.8,24.4,25.7,26.5,27.3,27.5,26.6,25.6,24.5,23.6,23,22.6,22.4,22.1,21.5,
嘉義,2024/11/24 00:00:00,CH4,2.16,2.13,2.14,2.13,2.15,2.16,2.19,2.2,2.19,2.2,2.11,2.05,2.03,2,2,1.97,1.98,2.02,2.03,2.05,2.09,2.09,2.15,2.18,
嘉義,2024/11/24 00:00:00,CO,0.36,0.35,0.28,0.27,0.29,0.3,0.26,0.33,0.39,0.36,0.33,0.32,0.3,0.31,0.24,0.21,0.23,0.31,0.37,0.45,0.48,0.52,0.47,0.39,
嘉義,2024/11/24 00:00:00,NMHC,0.11,0.13,0.06,0.08,0.09,0.1,0.06,0.11,0.14,0.09,0.06,0.05,0.02,0.01,0.01,0,0.01,0.05,0.07,0.07,0.08,0.1,0.11,0.08,
嘉義,2024/11/24 00:00:00,NO,1,1.5,1.6,1.3,1.6,1.8,1.7,3.8,6.2,6.4,4.8,2.1,1.6,1.5,1.5,1.6,1.5,1.4,1.3,1.4,1.6,1.6,1.7,1.7,
嘉義,2024/11/24 00:00:00,NO2,16.8,16,14.3,12.1,11.8,12.1,12.1,11.9,11.8,11.3,9.1,6.2,4.8,3.9,4,3.9,4.3,7.9,10.8,13.5,15.6,16.7,18,15.5,
嘉義,2024/11/24 00:00:00,NOx,17.9,17.6,16,13.5,13.5,13.9,13.8,15.8,18,17.7,14,8.3,6.5,5.5,5.5,5.6,5.8,9.3,12.1,14.9,17.2,18.3,19.8,17.3,
嘉義,2024/11/24 00:00:00,O3,11.4,10.2,12.3,13.1,12.7,10.1,11.8,11.5,15.4,18.8,32.4,49.5,61.6,66.9,64.3,59.9,53.2,42.8,33.6,25.1,18.7,13.2,7.8,9.4,
嘉義,2024/11/24 00:00:00,PM10,41,37,30,29,23,29,19,28,25,36,42,36,41,35,43,49,47,55,63,63,70,62,63,56,
嘉義,2024/11/24 00:00:00,PM2.5,26,27,19,17,18,16,9,18,22,24,23,27,29,30,21,21,21,21,33,29,27,30,24,30,
嘉義,2024/11/24 00:00:00,RAINFALL,0,0,0,0,0,0,0,0,0,0,0,0,0,0,0,0,0,0,0,0,0,0,0,0,
嘉義,2024/11/24 00:00:00,RH,69,70,71,70,70,73,75,75,71,68,64,61,58,55,54,56,60,64,70,74,78,81,82,84,
嘉義,2024/11/24 00:00:00,SO2,16,2.3,3.3,2.4,1.7,7.7,10.1,2.5,5,8.7,2.6,3.4,3.1,3.2,3,2.6,2.3,2.9,10.9,19.9,20.2,10.5,4.7,2.5,
嘉義,2024/11/24 00:00:00,THC,2.27,2.26,2.2,2.21,2.24,2.26,2.25,2.31,2.33,2.29,2.17,2.1,2.05,2.01,2.01,1.97,1.99,2.07,2.1,2.12,2.17,2.19,2.26,2.26,
嘉義,2024/11/24 00:00:00,WD_HR,359,13,5,17,53,348,32,4,347,339,349,333,311,315,320,333,324,345,359,7,355,283,150,303,
嘉義,2024/11/24 00:00:00,WIND_DIREC,50,350,26,307,351,351,72,347,16,309,4,269,340,309,325,336,337,353,358,8,295,281,199,317,
嘉義,2024/11/24 00:00:00,WIND_SPEED,1,2.5,1.7,0.5,1.3,2,1.1,1.3,1.4,1.5,1.7,1.3,1.7,2.7,3.5,3.1,2.2,2.4,2.3,1.5,0.5,0.4,0.5,1.8,
嘉義,2024/11/24 00:00:00,WS_HR,1.2,1.4,2.1,0.8,0.9,1.4,1.1,1.1,1,1.5,1,0.8,1.3,1.8,2.6,2.9,2.4,2.3,1.9,1.6,1,0.2,0.3,0.9,
嘉義,2024/11/25 00:00:00,AMB_TEMP,21.5,22,21.7,21.3,20.8,20.8,21.1,21.7,22.5,23.8,25.7,26.5,26.6,26.9,26.8,26.7,25.4,23.9,23.1,22.8,22.6,22.3,22.2,22.1,
嘉義,2024/11/25 00:00:00,CH4,2.16,2.13,2.22,2.34,2.35,2.37,2.39,2.35,2.15,2.08,2.03,1.99,1.97,1.97,1.95,1.94,1.95,1.96,1.99,1.97,2.02,2.05,2.05,2.01,
嘉義,2024/11/25 00:00:00,CO,0.29,0.33,0.35,0.35,0.34,0.34,0.39,0.47,0.4,0.36,0.31,0.27,0.24,0.18,0.27,0.21,0.25,0.27,0.3,0.29,0.32,0.3,0.28,0.26,
嘉義,2024/11/25 00:00:00,NMHC,0.06,0.07,0.09,0.11,0.09,0.1,0.12,0.12,0.08,0.08,0.03,0.02,0.03,0.21,0.17,0.11,0.11,0.1,0.09,0.11,0.13,0.11,0.12,0.09,
嘉義,2024/11/25 00:00:00,NO,1.5,0.8,0.8,1.1,1.4,1.4,2.9,6.1,5.2,3.2,1.8,1.1,1,0.9,1.3,1.2,1.1,0.9,0.7,0.7,0.9,0.8,0.7,0.9,
嘉義,2024/11/25 00:00:00,NO2,11.3,13.4,13.1,14.2,15.1,15,15.8,12.5,11.3,11.6,7.7,5.8,6.4,4.9,8,7.1,8.8,10.2,10.8,11.2,13.8,12,11.2,10.3,
嘉義,2024/11/25 00:00:00,NOx,12.9,14.2,14,15.3,16.6,16.4,18.7,18.6,16.5,14.8,9.6,7,7.4,5.9,9.3,8.3,9.9,11.1,11.5,11.9,14.7,12.8,12,11.2,
嘉義,2024/11/25 00:00:00,O3,15.7,11.4,3.6,1.7,1.1,2.7,1.6,3.8,13,30.3,44.8,56.1,55.7,56.1,53.4,44.7,41.9,36.3,32.6,29.7,25.3,23,20.8,21.3,
嘉義,2024/11/25 00:00:00,PM10,45,47,49,44,40,44,45,56,66,56,45,38,37,#,#,35,41,48,53,49,58,60,54,55,
嘉義,2024/11/25 00:00:00,PM2.5,21,22,22,23,19,22,19,28,32,29,26,27,22,#,12,20,23,15,21,20,23,25,27,27,
嘉義,2024/11/25 00:00:00,RAINFALL,0,0,0,0,0,0,0,0,0,0,0,0,0,0,0,0,0,0,0,0,0,0,0,0,
嘉義,2024/11/25 00:00:00,RH,83,82,84,85,86,86,85,85,83,80,67,59,59,56,57,61,69,79,84,85,86,87,87,86,
嘉義,2024/11/25 00:00:00,SO2,2.5,8.9,5,4.7,3.2,4.2,5,2.9,4.4,3.1,2.6,2.1,2.1,1.8,1.5,2,1.9,4,4.8,1.5,2.5,1.6,1.7,1.4,
嘉義,2024/11/25 00:00:00,THC,2.22,2.2,2.31,2.45,2.44,2.47,2.51,2.47,2.23,2.16,2.06,2.01,2,2.18,2.12,2.05,2.06,2.06,2.08,2.08,2.15,2.16,2.17,2.1,
嘉義,2024/11/25 00:00:00,WD_HR,353,106,115,303,223,274,169,111,217,230,194,248,307,287,321,343,347,5,6,17,340,3,6,7,
嘉義,2024/11/25 00:00:00,WIND_DIREC,20,123,57,248,239,210,121,110,233,157,160,258,316,271,325,341,355,10,1,42,346,12,3,17,
嘉義,2024/11/25 00:00:00,WIND_SPEED,1,0.9,0.6,0.9,0.9,0.7,0.7,0.9,1.2,1.1,1.2,2.1,2.7,1.8,2.8,2.8,2.9,3.3,2.5,1.6,2.2,1.9,2.4,1.8,
嘉義,2024/11/25 00:00:00,WS_HR,0.8,0.7,0.6,0.6,0.7,0.7,0.3,0.2,0.8,0.7,0.6,1.4,2.1,2,1.9,2.2,2.9,2.7,2.7,1.7,1.9,1.9,1.7,1.6,
嘉義,2024/11/26 00:00:00,AMB_TEMP,22.1,22.2,22.2,21.9,21.9,21.8,21.8,22.1,22.9,23.8,24.6,25.5,26.2,26.9,27.4,25.4,23.1,21.7,20.8,19.6,18.9,18.5,18.6,18.1,
嘉義,2024/11/26 00:00:00,CH4,1.99,1.98,2.01,2.02,2.02,1.99,1.96,2,1.95,1.91,1.92,1.91,1.91,1.91,1.93,2.04,2.05,2.07,2.11,2.09,2.08,2.07,2.05,2.08,
嘉義,2024/11/26 00:00:00,CO,0.24,0.19,0.2,0.19,0.2,0.15,0.19,0.28,0.23,0.21,0.23,0.25,0.24,0.24,0.27,0.37,0.48,0.48,0.54,0.47,0.4,0.35,0.32,0.3,
嘉義,2024/11/26 00:00:00,NMHC,0.08,0.06,0.07,0.03,0.04,0.03,0.05,0.09,0.08,0.06,0.06,0.07,0.05,0.05,0.06,0.09,0.13,0.16,0.18,0.15,0.11,0.09,0.09,0.08,
嘉義,2024/11/26 00:00:00,NO,0.7,0.7,0.6,0.5,0.8,0.7,0.8,2.5,3.7,2.8,2.5,2.1,1.5,1.1,1.2,1.7,1.6,1,1.4,1.6,1.1,0.9,0.7,0.6,
嘉義,2024/11/26 00:00:00,NO2,9.8,7.9,7.1,6.7,7.1,5.9,6.5,10.2,10.2,7.3,6.2,5.7,4.4,4.4,5.5,9,13.4,16.3,18.7,17.2,14.1,12.1,10.5,10.9,
嘉義,2024/11/26 00:00:00,NOx,10.5,8.7,7.7,7.3,8,6.7,7.4,12.7,13.9,10.1,8.8,7.8,6,5.5,6.7,10.7,15.1,17.3,20.2,18.8,15.3,13,11.2,11.6,
嘉義,2024/11/26 00:00:00,O3,21.8,23.5,23,21.9,19.8,22.1,19.9,15.9,20.4,27,30.9,36.8,44.9,51.1,56,51.5,39.2,25.7,15.6,15.4,19.1,22,23.8,23,
嘉義,2024/11/26 00:00:00,PM10,48,45,41,29,30,17,21,29,31,30,48,43,32,33,24,99,164,61,46,26,29,28,23,27,
嘉義,2024/11/26 00:00:00,PM2.5,27,17,21,15,18,11,8,12,12,10,11,12,9,8,7,18,21,11,16,16,12,10,18,17,
嘉義,2024/11/26 00:00:00,RAINFALL,0,0,0,0,0,0,0,0,0,0,0,0,0,0,0,0,0,0,0,0,0,0,0,0,
嘉義,2024/11/26 00:00:00,RH,86,86,85,86,85,85,85,84,81,70,62,58,53,50,49,54,59,61,63,64,65,65,64,65,
嘉義,2024/11/26 00:00:00,SO2,1.9,1.4,1.7,9.6,5.9,4.4,1.8,2,1.5,1.3,1.2,1.2,1.3,1.1,1.3,1.9,2.3,3.4,7.9,10.5,10.6,7.7,2,8.3,
嘉義,2024/11/26 00:00:00,THC,2.07,2.04,2.08,2.05,2.06,2.02,2.01,2.09,2.03,1.97,1.98,1.98,1.96,1.96,1.99,2.13,2.18,2.23,2.29,2.24,2.19,2.16,2.14,2.16,
嘉義,2024/11/26 00:00:00,WD_HR,9,49,29,8,7,12,15,8,25,17,18,18,19,14,4,349,359,9,3,1,1,4,27,358,
嘉義,2024/11/26 00:00:00,WIND_DIREC,43,55,4,5,350,8,13,11,28,16,40,12,28,13,355,347,2,8,6,6,356,22,349,10,
嘉義,2024/11/26 00:00:00,WIND_SPEED,1.9,2.1,2.5,2.3,2.5,2.7,2.6,3.3,4,4.6,4.8,4.6,3.8,2.5,3.9,4.9,3.1,3.3,2.6,2.7,2.2,2.5,2.1,3.3,
嘉義,2024/11/26 00:00:00,WS_HR,1.7,1.8,1.8,2.3,2,2.4,2.3,2.9,3.1,4,4.4,3.7,3.3,2.7,2.6,3.9,3.7,3.2,2.8,2.7,2.6,2.7,1.7,2.6,
嘉義,2024/11/27 00:00:00,AMB_TEMP,17.9,17.8,17.2,17.5,17.2,16.9,17,17.3,18,19.7,21.1,21.8,22.9,24,24.8,24.1,21.9,20.5,19.6,19,18.5,18.3,17.9,17.7,
嘉義,2024/11/27 00:00:00,CH4,2.05,2.07,2.08,2.08,2.08,2.07,2.08,2.05,2.04,2.05,2.04,2.02,2,2,2.01,2,1.99,2,2.01,2.03,2.02,2.03,2.04,2.05,
嘉義,2024/11/27 00:00:00,CO,0.27,0.28,0.26,0.25,0.24,0.24,0.24,0.31,0.32,0.32,0.32,0.32,0.31,0.29,0.31,0.3,0.33,0.35,0.33,0.35,0.29,0.31,0.27,0.27,
嘉義,2024/11/27 00:00:00,NMHC,0.06,0.08,0.07,0.08,0.08,0.07,0.07,0.1,0.11,0.14,0.1,0.11,0.11,0.1,0.09,0.09,0.09,0.12,0.13,0.14,0.13,0.16,0.12,0.12,
嘉義,2024/11/27 00:00:00,NO,0.7,1.4,1.5,1.5,1.6,1.5,1.6,2.5,5,5.5,5.4,3.6,3,2.5,2.3,2.1,1.8,1.4,1.6,1.6,1.6,1.5,1.5,1.5,
嘉義,2024/11/27 00:00:00,NO2,7.9,10.7,9.1,9.1,9.2,8.8,11.3,13.1,14.6,11.8,12.5,11.6,10.4,9.2,9.7,10.8,13.6,14.8,15.9,17.7,15.1,15.2,14.3,13.8,
嘉義,2024/11/27 00:00:00,NOx,8.6,12.1,10.6,10.6,10.8,10.3,12.9,15.6,19.7,17.3,17.9,15.2,13.5,11.8,12,12.9,15.4,16.2,17.6,19.3,16.7,16.7,15.9,15.3,
嘉義,2024/11/27 00:00:00,O3,29.1,24.1,25.3,23.6,23,26.6,23.7,23.3,23.2,26,29.7,37.7,47.2,58.2,66,64.5,52.6,44.6,38.8,32.3,32.5,28.2,26.2,24,
嘉義,2024/11/27 00:00:00,PM10,29,26,22,26,23,26,29,37,33,39,38,37,46,46,44,93,147,88,73,48,40,33,34,38,
嘉義,2024/11/27 00:00:00,PM2.5,17,16,12,15,15,12,19,14,13,17,19,18,17,23,20,25,23,20,19,22,18,17,14,17,
嘉義,2024/11/27 00:00:00,RAINFALL,0,0,0,0,0,0,0,0,0,0,0,0,0,0,0,0,0,0,0,0,0,0,0,0,
嘉義,2024/11/27 00:00:00,RH,65,67,69,67,68,67,66,64,62,60,55,51,47,46,47,41,45,49,51,52,52,52,53,54,
嘉義,2024/11/27 00:00:00,SO2,3.5,2.3,6.5,2,1.7,2.8,2.9,2.3,2.1,1.9,3.5,2.5,2.2,2.1,3.2,3.1,2.9,3.5,3,3.9,3.1,1.7,3.6,2.1,
嘉義,2024/11/27 00:00:00,THC,2.11,2.15,2.15,2.16,2.16,2.14,2.15,2.15,2.15,2.19,2.14,2.13,2.11,2.1,2.1,2.09,2.08,2.12,2.14,2.17,2.15,2.19,2.16,2.17,
嘉義,2024/11/27 00:00:00,WD_HR,48,2,6,53,5,7,11,13,0,4,356,9,4,43,9,350,355,6,8,7,7,16,17,3,
嘉義,2024/11/27 00:00:00,WIND_DIREC,72,350,19,51,356,11,8,9,6,5,350,354,22,89,26,352,7,2,3,11,3,355,51,359,
嘉義,2024/11/27 00:00:00,WIND_SPEED,2,3.2,2.1,2.5,2.4,2.4,1.8,2.4,2.9,2,3.5,2.3,3.1,1.7,1.9,4.7,4,3.1,3,2.3,2.6,2.4,1.7,2.1,
嘉義,2024/11/27 00:00:00,WS_HR,2,1.9,2.3,2.2,2.1,2.2,1.9,2,2.3,1.8,2.5,1.9,2.2,1.7,1.4,3.8,4,3.5,3.4,2.7,3,2,2.1,1.6,
嘉義,2024/11/28 00:00:00,AMB_TEMP,17.8,17.6,17.5,17.2,16.7,16.4,16.3,16.4,17.2,18.6,20.4,21.7,22.3,23.1,23.5,23,21.8,20.6,19.5,18.9,18.3,17.9,17.3,16.9,
嘉義,2024/11/28 00:00:00,CH4,2.08,2.08,2.08,2.08,2.05,2.04,2.06,2.06,2.05,2.01,1.97,1.96,1.95,1.95,1.96,1.97,1.97,2,2,2,2.01,2.01,2.04,2.04,
嘉義,2024/11/28 00:00:00,CO,0.27,0.23,0.21,0.2,0.18,0.19,0.22,0.31,0.34,0.29,0.27,0.25,0.23,0.22,0.24,0.29,0.33,0.43,0.39,0.33,0.31,0.3,0.3,0.3,
嘉義,2024/11/28 00:00:00,NMHC,0.12,0.1,0.09,0.1,0.08,0.07,0.11,0.12,0.14,0.12,0.12,0.08,0.08,0.07,0.06,0.08,0.1,0.14,0.12,0.12,0.11,0.14,0.13,0.15,
嘉義,2024/11/28 00:00:00,NO,1.5,0.8,0.9,1,1,1,1.4,3.2,5.2,6.1,3.9,3.3,2.2,1.8,1.4,1.7,1.4,1.4,1.2,1.1,0.9,1.1,0.8,1.1,
嘉義,2024/11/28 00:00:00,NO2,13.5,14.8,11.9,11.5,9.9,11.8,15.5,17.6,16.6,14.6,12,11.3,9.3,7.2,7.7,10.6,13.9,20,19,16,14.8,14.9,14.2,13.4,
嘉義,2024/11/28 00:00:00,NOx,15.1,15.7,12.8,12.6,10.9,12.8,16.9,20.8,21.9,20.8,15.9,14.7,11.5,9.1,9.2,12.3,15.3,21.4,20.3,17.1,15.7,16,15.1,14.6,
嘉義,2024/11/28 00:00:00,O3,21.8,21.2,24.2,22.7,26.3,21.6,18,18.8,20.7,25.1,35.9,43.7,51.9,62.2,67.1,64.6,56.5,44,42.4,42,40.5,37.4,34.3,32.4,
嘉義,2024/11/28 00:00:00,PM10,34,34,28,31,18,21,25,29,65,32,28,38,37,38,38,63,64,65,48,45,42,38,41,39,
嘉義,2024/11/28 00:00:00,PM2.5,22,15,13,18,12,11,11,10,16,14,12,10,9,15,14,19,21,21,17,19,18,20,20,20,
嘉義,2024/11/28 00:00:00,RAINFALL,0,0,0,0,0,0,0,0,0,0,0,0,0,0,0,0,0,0,0,0,0,0,0,0,
嘉義,2024/11/28 00:00:00,RH,51,45,40,42,41,43,45,48,48,43,37,36,34,33,33,40,45,51,55,55,55,55,57,58,
嘉義,2024/11/28 00:00:00,SO2,3.3,4.5,4.2,1.7,1.5,1.4,1.9,2.3,2.4,2.5,1.8,1.9,2,2,2.2,2.6,2.8,2.9,3.4,2.5,2,1.9,1.9,2.2,
嘉義,2024/11/28 00:00:00,THC,2.2,2.18,2.17,2.18,2.13,2.11,2.17,2.18,2.19,2.13,2.09,2.04,2.03,2.02,2.02,2.05,2.07,2.14,2.12,2.12,2.12,2.15,2.17,2.19,
嘉義,2024/11/28 00:00:00,WD_HR,353,356,29,18,4,13,12,5,12,10,7,359,6,4,9,356,351,355,6,11,9,14,8,7,
嘉義,2024/11/28 00:00:00,WIND_DIREC,9,2,38,4,15,12,2,358,12,9,22,4,10,346,357,2,347,1,3,9,9,16,6,8,
嘉義,2024/11/28 00:00:00,WIND_SPEED,1.2,2.3,1.6,2.3,1.8,1.9,2.4,2.3,2.6,2.8,2.4,3.4,3,3.3,2.7,3.5,3,2.9,3.3,3.6,3.2,1.7,3.2,2.6,
嘉義,2024/11/28 00:00:00,WS_HR,1.5,1.9,1.5,1.3,2,1.7,1.8,2.1,2.1,2.4,2.3,2.8,2.9,2.6,2.1,3,3.2,2.9,3.3,2.8,3,2.1,2.8,2.7,
嘉義,2024/11/29 00:00:00,AMB_TEMP,16.6,16.7,16.6,16.7,16.8,16.4,16.2,16.5,17.3,18.5,20,21.4,22.4,23.3,23.8,23.3,21.8,20.2,19.2,18.3,17.7,17.4,17.3,16.7,
嘉義,2024/11/29 00:00:00,CH4,2.03,1.99,1.99,1.99,1.98,1.98,1.99,1.98,1.97,1.97,1.96,1.96,1.95,1.95,1.95,1.96,1.96,1.99,2.02,2.05,2.06,2.08,2.12,2.2,
嘉義,2024/11/29 00:00:00,CO,0.3,0.22,0.22,0.22,0.2,0.2,0.22,0.27,0.25,0.26,0.25,0.27,0.25,0.25,0.24,0.29,0.34,0.45,0.51,0.44,0.39,0.42,0.47,0.47,
嘉義,2024/11/29 00:00:00,NMHC,0.17,0.13,0.08,0.1,0.07,0.07,0.07,0.09,0.07,0.08,0.08,0.09,0.08,0.07,0.07,0.08,0.1,0.14,0.15,0.15,0.16,0.16,0.22,0.23,
嘉義,2024/11/29 00:00:00,NO,1.1,0.5,0.6,0.5,0.2,0.4,0.6,1,1.7,1.9,1.8,1.6,1.3,0.8,1,1,0.8,0.8,1,0.6,0.7,0.8,0.9,0.8,
嘉義,2024/11/29 00:00:00,NO2,14.4,10.6,8.8,8.9,7.7,7.2,7.7,10.4,9,8.7,7.6,7.8,6.8,6.9,8.6,10.1,13.6,19.1,26.8,24.3,25.2,23.8,26.7,25.2,
嘉義,2024/11/29 00:00:00,NOx,15.6,11.1,9.4,9.5,7.9,7.6,8.3,11.4,10.8,10.6,9.5,9.5,8.2,7.7,9.7,11.1,14.4,20,27.9,24.9,26,24.7,27.6,26.1,
嘉義,2024/11/29 00:00:00,O3,29.1,37.5,38.2,37.5,41.3,39.4,37.1,35,38.9,43.1,47.1,52.8,61.8,70,75.2,69.7,60.3,45.6,32.6,31.8,25.9,24.8,17.6,13.7,
嘉義,2024/11/29 00:00:00,PM10,34,32,36,32,25,27,20,25,31,27,25,35,34,38,41,72,85,79,82,70,76,63,69,66,
嘉義,2024/11/29 00:00:00,PM2.5,21,19,18,18,15,18,14,16,12,12,14,17,16,18,20,22,25,23,27,26,28,28,27,30,
嘉義,2024/11/29 00:00:00,RAINFALL,0,0,0,0,0,0,0,0,0,0,0,0,0,0,0,0,0,0,0,0,0,0,0,0,
嘉義,2024/11/29 00:00:00,RH,59,56,54,50,45,44,43,38,36,33,33,33,32,30,*,30,35,41,47,48,49,50,51,56,
嘉義,2024/11/29 00:00:00,SO2,2.4,2.4,2.2,2.4,2.4,2.1,1.9,2.5,2.6,2.2,2,2.1,2.2,2.2,2.2,2.6,3.2,3.6,3.9,4.2,5.6,3.8,3.6,3.2,
嘉義,2024/11/29 00:00:00,THC,2.2,2.12,2.07,2.09,2.05,2.05,2.06,2.07,2.04,2.05,2.04,2.05,2.03,2.02,2.02,2.04,2.06,2.13,2.17,2.2,2.22,2.24,2.34,2.43,
嘉義,2024/11/29 00:00:00,WD_HR,21,30,27,15,29,35,41,34,31,11,32,5,31,359,352,349,350,356,349,1,5,4,350,337,
嘉義,2024/11/29 00:00:00,WIND_DIREC,48,25,23,45,19,37,50,32,39,4,47,14,36,338,351,346,349,350,354,359,10,358,349,285,
嘉義,2024/11/29 00:00:00,WIND_SPEED,2.1,3.3,2.6,2,2.6,2.9,3.1,2.7,4.1,3.2,2.3,2.6,2.4,2.3,2.7,3.4,3.4,1.8,2.4,2.4,2.3,0.8,0.9,0.4,
嘉義,2024/11/29 00:00:00,WS_HR,1.8,2.4,1.9,2.4,2.3,2.4,2.2,2.2,3,2.8,2.3,1.7,1.6,1.5,2.5,2.9,3.2,2.3,1.5,1.9,1.9,0.6,1.1,0.2,
嘉義,2024/11/30 00:00:00,AMB_TEMP,16.1,15.5,15.3,15.9,15.7,15.8,15.2,16.4,17.6,19.5,21,22.5,23.6,24.4,24.7,24,22.8,21.5,20.8,20.1,19.7,19.3,18.7,18.2,
嘉義,2024/11/30 00:00:00,CH4,2.21,2.23,2.27,2.21,2.27,2.35,2.31,2.19,2.18,2.12,2.06,2.03,2.01,1.99,2.01,1.97,1.98,2.01,2.04,2.07,2.12,2.17,2.25,2.2,
嘉義,2024/11/30 00:00:00,CO,0.46,0.41,0.38,0.31,0.33,0.38,0.4,0.41,0.48,0.48,0.36,0.28,0.24,0.22,0.25,0.22,0.27,0.34,0.41,0.4,0.45,0.51,0.56,0.36,
嘉義,2024/11/30 00:00:00,NMHC,0.21,0.23,0.17,0.13,0.17,0.22,0.2,0.16,0.17,0.18,0.1,0.06,0.05,0.03,0.04,0.03,0.08,0.1,0.11,0.14,0.16,0.17,0.2,0.11,
嘉義,2024/11/30 00:00:00,NO,0.8,1,0.7,0.6,0.7,1.4,3.3,4.5,4.9,4.2,3.1,1.4,0.9,0.8,0.7,0.6,0.6,0.5,0.6,0.5,0.6,0.4,0.7,0.6,
嘉義,2024/11/30 00:00:00,NO2,24.9,24,23.8,14.6,11.4,15.4,16.2,15.1,15.1,16.5,13.7,8.4,6.3,4.8,4.9,6,9.3,13.5,13.1,13.3,16.2,18.2,21.9,13,
嘉義,2024/11/30 00:00:00,NOx,25.7,25,24.5,15.3,12.2,16.9,19.5,19.6,20,20.8,16.8,9.9,7.3,5.6,5.7,6.7,10,14.1,13.7,13.8,16.8,18.6,22.6,13.6,
嘉義,2024/11/30 00:00:00,O3,8.8,8.6,7.1,5.4,5.5,4,3.3,12.6,22.8,35.8,51.2,67.8,71.6,74.7,81.1,76.1,68.5,62.4,58.6,54.4,41.5,27.8,7.8,17.1,
嘉義,2024/11/30 00:00:00,PM10,71,66,57,42,37,45,45,42,55,63,65,51,43,36,43,38,39,45,54,58,70,61,55,53,
嘉義,2024/11/30 00:00:00,PM2.5,35,32,32,23,26,30,27,25,25,33,38,24,25,19,21,18,23,21,32,37,42,38,37,36,
嘉義,2024/11/30 00:00:00,RAINFALL,0,0,0,0,0,0,0,0,0,0,0,0,0,0,0,0,0,0,0,0,0,0,0,0,
嘉義,2024/11/30 00:00:00,RH,61,62,64,74,81,77,79,75,65,57,52,42,38,35,34,39,47,51,54,56,59,64,74,80,
嘉義,2024/11/30 00:00:00,SO2,2.5,2.4,2.2,1.7,1.6,1.7,1.9,2.4,2.5,2.7,3.2,2.3,2.2,2.1,2.4,2.8,4,3.9,2.6,2.7,6.3,4.5,2.2,1.9,
嘉義,2024/11/30 00:00:00,THC,2.42,2.46,2.44,2.34,2.44,2.57,2.51,2.35,2.35,2.3,2.16,2.09,2.06,2.02,2.05,2,2.06,2.11,2.15,2.21,2.28,2.34,2.45,2.31,
嘉義,2024/11/30 00:00:00,WD_HR,219,219,182,121,77,38,293,65,355,315,299,275,261,265,313,305,319,359,351,355,355,73,123,107,
嘉義,2024/11/30 00:00:00,WIND_DIREC,218,201,113,279,70,334,347,352,331,288,282,259,301,251,319,302,333,6,345,358,4,146,95,93,
嘉義,2024/11/30 00:00:00,WIND_SPEED,0.7,0.9,0.5,0.4,0.7,0.8,0.9,1.3,1.1,1.9,1.3,1.6,1.6,2,2.6,3,2.1,1.8,2.3,1.8,0.8,0.6,0.9,1,
嘉義,2024/11/30 00:00:00,WS_HR,0.6,0.8,0.5,0.5,0.2,0.1,0.3,0.7,0.6,1.2,1,0.9,1.2,1.3,2,2.6,2.5,1.7,1.9,1.6,1.1,0.2,0.4,0.9,
嘉義,2024/12/01 00:00:00,AMB_TEMP,18.2,18,17.7,17.5,17,17,16.9,17.7,19.1,20.9,22.3,23.6,24.7,25.6,25.9,25.1,23.3,21.8,21.3,20.6,20.1,19.9,19.6,19.4,
嘉義,2024/12/01 00:00:00,CH4,2.21,2.17,2.32,2.25,2.11,2.05,2.06,2.42,2.08,2,2,1.99,1.98,1.98,1.97,1.99,1.98,1.98,2,2.02,2.02,2.04,2.06,2.16,
嘉義,2024/12/01 00:00:00,CO,0.39,0.32,0.39,0.34,0.24,0.23,0.25,0.57,0.35,0.29,0.28,0.27,0.25,0.23,0.22,0.24,0.25,0.28,0.31,0.33,0.34,0.38,0.42,0.45,
嘉義,2024/12/01 00:00:00,NMHC,0.16,0.13,0.18,0.14,0.09,0.05,0.07,0.24,0.1,0.07,0.05,0.04,0.03,0.02,0.02,0.03,0.05,0.04,0.07,0.08,0.08,0.09,0.11,0.17,
嘉義,2024/12/01 00:00:00,NO,0.4,0.6,0.6,0.5,0.4,0.7,0.5,5.3,2.4,1.7,1.2,0.9,0.8,0.4,0.5,0.5,0.7,0.4,0.5,0.3,0.5,0.5,0.6,0.6,
嘉義,2024/12/01 00:00:00,NO2,10,9,10.5,10.5,4.9,3.9,5,16.1,9.6,6.5,5.8,5.1,4.1,3.7,3.3,4.5,8.4,8.2,9.6,9.7,10.6,10.9,11.9,17.5,
嘉義,2024/12/01 00:00:00,NOx,10.4,9.7,11.2,11,5.4,4.7,5.5,21.4,12,8.2,7,6,4.9,4.2,3.8,5.1,9.2,8.6,10.1,10.1,11.2,11.4,12.6,18.1,
嘉義,2024/12/01 00:00:00,O3,21,18.6,15.5,14.4,18.4,20.3,19,15.1,32.4,46.4,53.6,64.8,71.1,72.7,74.4,77,68.4,62.3,57.9,54.8,50.7,45.8,39.3,28.1,
嘉義,2024/12/01 00:00:00,PM10,61,47,44,42,30,24,25,48,37,35,40,32,32,30,32,38,40,39,48,51,59,65,63,75,
嘉義,2024/12/01 00:00:00,PM2.5,36,33,34,31,23,23,18,32,24,20,26,20,20,19,18,23,23,20,29,29,33,38,44,52,
嘉義,2024/12/01 00:00:00,RAINFALL,0,0,0,0,0,0,0,0,0,0,0,0,0,0,0,0,0,0,0,0,0,0,0,0,
嘉義,2024/12/01 00:00:00,RH,80,80,81,81,81,81,81,77,62,58,51,41,33,31,30,41,53,62,66,70,75,79,81,82,
嘉義,2024/12/01 00:00:00,SO2,2,1.3,1.2,1.1,1.1,1.1,1.2,2.2,2.8,2.3,2.3,2.3,2.2,2.1,2,2.4,3.3,2.3,2,2.6,2.1,2.3,2,2.3,
嘉義,2024/12/01 00:00:00,THC,2.37,2.3,2.5,2.39,2.2,2.1,2.13,2.66,2.18,2.07,2.05,2.03,2.01,2,1.99,2.02,2.03,2.02,2.07,2.1,2.1,2.13,2.17,2.33,
嘉義,2024/12/01 00:00:00,WD_HR,92,113,349,110,111,121,135,350,59,32,31,23,286,280,281,304,341,351,1,11,39,65,62,30,
嘉義,2024/12/01 00:00:00,WIND_DIREC,109,108,346,115,125,122,311,358,68,345,36,19,325,300,328,331,342,345,1,35,29,79,27,63,
嘉義,2024/12/01 00:00:00,WIND_SPEED,1.1,0.7,0.7,1.1,0.9,0.6,0.6,1.5,1.9,2.4,2.1,1.9,1.2,1.1,1.8,4,3.7,1.9,2.5,1.7,1.1,0.5,0.7,1.7,
嘉義,2024/12/01 00:00:00,WS_HR,0.8,0.8,0.5,0.7,0.9,0.7,0.2,1,1.3,1.6,1.4,1,0.4,1,1.1,2.6,2.8,2.2,2.2,1.5,1.1,0.7,0.5,1.2,
嘉義,2024/12/02 00:00:00,AMB_TEMP,18.9,18.7,18.3,18,17.9,17.5,17.6,18.3,19.7,21.6,23.1,24.7,25.9,26.5,25.8,24.9,23.8,22.7,22.4,21.9,21.4,20.9,20.3,19.9,
嘉義,2024/12/02 00:00:00,CH4,2.05,2.07,2.1,2.08,2.5,2.26,2.15,2.09,2.03,2.01,2,1.95,1.97,1.97,1.95,1.95,1.97,2,1.98,1.99,2.07,2.08,2.14,2.13,
嘉義,2024/12/02 00:00:00,CO,0.33,0.35,0.25,0.2,0.3,0.27,0.35,0.44,0.39,0.39,0.34,0.28,0.29,0.28,0.24,0.25,0.29,0.36,0.34,0.33,0.36,0.41,0.37,0.29,
嘉義,2024/12/02 00:00:00,NMHC,0.08,0.09,0.06,0.07,0.15,0.11,0.13,0.14,0.11,0.14,0.1,0.1,0.06,0.04,0.03,0.04,0.07,0.08,0.07,0.09,0.16,0.18,0.12,0.07,
嘉義,2024/12/02 00:00:00,NO,0.6,0.7,0.4,0.5,0.5,0.6,0.9,1.5,2.2,3.9,2.1,1.6,0.9,0.8,0.8,0.5,0.5,0.5,0.6,0.6,0.5,0.4,0.6,0.6,
嘉義,2024/12/02 00:00:00,NO2,8.9,10.3,7.5,5.1,8.5,8.2,11.3,12.4,10.6,13.1,10.1,8.2,7.1,6.7,6.1,6.2,7.8,10.1,11.5,19.5,14.2,17.3,12.9,7.5,
嘉義,2024/12/02 00:00:00,NOx,9.5,11,7.9,5.7,9.1,8.8,12.3,14,12.9,17,12.3,9.8,8,7.6,6.9,6.8,8.3,10.7,12.1,20.1,14.8,17.8,13.5,8.1,
嘉義,2024/12/02 00:00:00,O3,34.2,26.1,18,17.4,9.2,16.4,14.2,21.5,30.3,32.4,45.3,57.3,69,78.2,67.9,66.3,63.8,60.2,50.1,34.6,33.8,25.1,21.6,24.9,
嘉義,2024/12/02 00:00:00,PM10,59,53,31,23,36,29,47,48,39,48,43,36,36,38,57,43,44,49,44,45,50,52,48,44,
嘉義,2024/12/02 00:00:00,PM2.5,42,34,25,19,25,26,33,25,26,23,27,18,18,24,21,26,25,29,21,18,23,26,35,30,
嘉義,2024/12/02 00:00:00,RAINFALL,0,0,0,0,0,0,0,0,0,0,0,0,0,0,0,0,0,0,0,0,0,0,0,0,
嘉義,2024/12/02 00:00:00,RH,82,83,82,81,82,82,82,80,66,58,51,41,39,44,57,60,62,70,76,81,84,84,84,84,
嘉義,2024/12/02 00:00:00,SO2,2.1,1.6,1.5,1.2,1.3,1.3,1.8,1.7,1.8,2,2.3,2.1,2.3,2.2,2.3,2.1,2.2,2.3,2.1,1.8,2.7,2.1,1.6,1.5,
嘉義,2024/12/02 00:00:00,THC,2.13,2.16,2.16,2.15,2.65,2.37,2.28,2.23,2.14,2.15,2.1,2.05,2.03,2.01,1.98,1.99,2.04,2.08,2.05,2.08,2.23,2.26,2.26,2.2,
嘉義,2024/12/02 00:00:00,WD_HR,79,191,126,131,338,2,54,71,55,350,13,26,320,337,331,342,333,329,354,2,20,91,121,113,
嘉義,2024/12/02 00:00:00,WIND_DIREC,160,148,120,288,348,356,84,59,65,322,7,27,289,338,346,342,320,340,350,7,33,117,139,118,
嘉義,2024/12/02 00:00:00,WIND_SPEED,0.4,0.5,0.8,0.4,1.2,1.1,0.8,1.9,2.3,2.6,2,1.3,2.3,3.5,3.5,2.4,2.5,1.9,1.4,1.4,1.2,1,0.7,0.9,
嘉義,2024/12/02 00:00:00,WS_HR,1,0.4,0.6,0.3,0.9,0.8,0.4,1.3,1.8,1.2,1.5,0.9,1.3,1.8,3,2.5,2.5,1.9,1.5,1.7,1.2,0.5,0.7,0.8,
嘉義,2024/12/03 00:00:00,AMB_TEMP,19.6,19.1,19,18.9,18.6,18.5,18.4,19.2,21,22.7,23.9,25.2,26.2,26.8,26.9,26.5,25.3,24.4,23.7,23.1,22.5,21.6,21.1,20.8,
嘉義,2024/12/03 00:00:00,CH4,2.16,2.18,2.21,2.15,2.1,2.06,2.04,2.04,1.99,1.96,1.97,1.96,1.96,1.97,#,2.02,2.05,2.04,2.06,2.09,2.18,2.2,2.15,2.17,
嘉義,2024/12/03 00:00:00,CO,0.29,0.27,0.26,0.23,0.21,0.22,0.24,0.32,0.35,0.31,0.29,0.26,0.25,0.24,#,0.3,0.36,0.41,0.51,0.5,0.59,0.46,0.34,0.35,
嘉義,2024/12/03 00:00:00,NMHC,0.08,0.07,0.09,0.08,0.06,0.06,0.05,0.08,0.08,0.06,0.06,0.05,0.03,0.05,#,0.07,0.1,0.13,0.15,0.18,0.24,0.15,0.09,0.1,
嘉義,2024/12/03 00:00:00,NO,0.3,1.4,1.1,1.1,1,1.2,1,2.2,3.2,2.3,1.9,1.8,1.7,1.4,#,1.1,1.3,1.2,1.3,1,1.2,1.2,1.1,1.1,
嘉義,2024/12/03 00:00:00,NO2,7,7.6,6.4,5.4,4.3,4.9,6.2,9.8,11.1,8.4,7.5,7.4,6.5,6.2,#,8.7,10.4,13.1,16.8,24.1,23.6,16.4,9.2,8.1,
嘉義,2024/12/03 00:00:00,NOx,7.4,9,7.6,6.5,5.3,6.2,7.2,12,14.4,10.7,9.4,9.2,8.3,7.6,#,9.8,11.7,14.3,18.2,25.1,24.9,17.7,10.4,9.2,
嘉義,2024/12/03 00:00:00,O3,18.9,19.9,16.9,17.2,22.5,22.1,21.9,18.2,32.3,53.8,62.5,68.3,71.1,#,70.2,78.2,81.1,68.8,53.5,39.9,26.3,23.6,26.9,26.2,
嘉義,2024/12/03 00:00:00,PM10,50,50,43,48,42,45,25,29,32,51,47,42,39,#,50,71,80,67,62,67,78,80,62,62,
嘉義,2024/12/03 00:00:00,PM2.5,32,31,31,29,30,24,21,16,20,22,27,22,23,#,28,46,55,39,33,37,54,58,48,50,
嘉義,2024/12/03 00:00:00,RAINFALL,0,0,0,0,0,0,0,0,0,0,0,0,0,#,#,0,0,0,0,0,0,0,0,0,
嘉義,2024/12/03 00:00:00,RH,84,85,85,84,83,83,82,80,74,70,63,57,51,50,50,53,57,60,64,69,74,82,83,83,
嘉義,2024/12/03 00:00:00,SO2,1.5,1.4,1.6,1.1,1.2,1.1,1.2,1.1,1.8,2.6,2.2,2,1.9,1.6,#,#,3.2,2.9,2.3,2.3,2.3,1.6,1.5,1.5,
嘉義,2024/12/03 00:00:00,THC,2.24,2.25,2.3,2.23,2.16,2.12,2.09,2.12,2.07,2.02,2.03,2.01,1.99,2.02,#,2.09,2.15,2.17,2.21,2.27,2.42,2.35,2.24,2.27,
嘉義,2024/12/03 00:00:00,WD_HR,137,198,128,111,112,114,120,115,116,321,247,269,280,272,289,326,322,326,353,13,133,116,118,92,
嘉義,2024/12/03 00:00:00,WIND_DIREC,166,249,109,110,116,114,124,120,130,272,258,245,247,230,317,332,336,316,5,39,126,114,138,71,
嘉義,2024/12/03 00:00:00,WIND_SPEED,0.4,0.4,1,1.5,0.8,1.1,0.9,0.9,0.5,1.3,1.5,1.9,1.7,1.6,2.1,2.8,2,1.4,1.5,1,0.9,1.1,0.5,0.6,
嘉義,2024/12/03 00:00:00,WS_HR,0.4,0.2,0.5,1,1.1,1.2,1,0.9,0.4,0.3,1,0.7,0.9,1.5,1.3,2.4,2.3,1.8,1.4,1.1,0.5,0.8,0.7,0.2,
嘉義,2024/12/04 00:00:00,AMB_TEMP,20.7,20.6,20.6,20.8,20.5,19.6,19.4,19.9,21,22.7,24.7,26.1,26.9,27.4,27.5,26.8,25.4,24,23,22.2,21.4,21,20.5,20.2,
嘉義,2024/12/04 00:00:00,CH4,2.19,2.49,2.29,2.24,2.18,2.37,2.32,2.2,2.25,2.2,2.09,2.05,2.02,2,2,1.97,1.97,1.99,2.02,2.04,2.06,2.07,2.1,2.11,
嘉義,2024/12/04 00:00:00,CO,0.35,0.42,0.39,0.38,0.33,0.37,0.35,0.43,0.55,0.49,0.4,0.37,0.31,0.29,0.28,0.27,0.32,0.47,0.49,0.51,0.5,0.48,0.39,0.36,
嘉義,2024/12/04 00:00:00,NMHC,0.13,0.19,0.15,0.17,0.12,0.14,0.12,0.12,0.22,0.22,0.18,0.12,0.06,0.04,0.05,0.05,0.08,0.12,0.13,0.13,0.12,0.12,0.12,0.12,
嘉義,2024/12/04 00:00:00,NO,1.1,1.2,1,0.9,0.7,1.5,1.9,3.3,8.5,9.6,4.1,2,1.2,1.4,1.4,1.2,1.5,1.1,1.2,1,1.2,1.1,1,0.8,
嘉義,2024/12/04 00:00:00,NO2,7.9,20.2,14.8,11.6,7.9,14.6,17.4,12.3,16.9,19,14.8,11.6,7.3,6.6,7,7.2,9.5,15.6,19.4,20.1,17.8,18,16.8,17,
嘉義,2024/12/04 00:00:00,NOx,9,21.4,15.9,12.5,8.6,16.2,19.3,15.7,25.5,28.7,18.9,13.7,8.5,8.1,8.4,8.5,11.1,16.8,20.6,21.2,19,19.1,17.8,17.9,
嘉義,2024/12/04 00:00:00,O3,24,9.4,14.8,17.1,32.8,7.3,6.2,12.7,14.4,25,48.7,67.3,78.1,77.2,75.6,74.9,63.1,46.3,34.9,28.7,25.5,24.3,23.5,22.2,
嘉義,2024/12/04 00:00:00,PM10,62,84,79,92,72,83,58,38,60,55,53,63,50,52,56,77,98,93,97,90,82,70,58,59,
嘉義,2024/12/04 00:00:00,PM2.5,49,54,55,56,53,67,43,31,40,38,39,38,34,33,31,20,28,29,33,33,31,33,30,23,
嘉義,2024/12/04 00:00:00,RAINFALL,0,0,0,0,0,0,0,0,0,0,0,0,0,0,0,0,0,0,0,0,0,0,0,0,
嘉義,2024/12/04 00:00:00,RH,84,84,84,84,83,84,84,81,78,69,56,51,48,44,44,46,52,57,62,66,70,69,69,69,
嘉義,2024/12/04 00:00:00,SO2,1.3,2.1,2.3,2,2,2.3,2,1.7,2.6,2.3,2.4,2.4,2.3,2.9,3.4,2.9,3,3,3.3,3.1,3.3,3.4,3,4.3,
嘉義,2024/12/04 00:00:00,THC,2.32,2.68,2.44,2.41,2.3,2.51,2.44,2.32,2.47,2.42,2.27,2.17,2.08,2.04,2.05,2.02,2.05,2.11,2.15,2.17,2.18,2.19,2.22,2.23,
嘉義,2024/12/04 00:00:00,WD_HR,98,33,83,75,17,357,38,21,347,46,351,329,322,316,323,336,343,346,355,337,357,2,358,2,
嘉義,2024/12/04 00:00:00,WIND_DIREC,15,72,87,52,347,17,48,346,12,61,7,316,336,342,330,342,349,342,348,337,2,3,1,6,
嘉義,2024/12/04 00:00:00,WIND_SPEED,0.9,1.3,1,2,2,1.4,2.3,1.5,2,2.2,1.8,1.8,2.3,2.5,3.1,3.9,2.4,2.1,1.8,2.2,2,2.9,2.3,2.8,
嘉義,2024/12/04 00:00:00,WS_HR,0.4,0.9,1.2,1.2,1.2,1.8,1.5,1.2,1.9,1.7,1.2,1.4,1.6,1.8,2.4,3,2.8,2,1.7,1.6,2,2.2,1.9,1.8,
嘉義,2024/12/05 00:00:00,AMB_TEMP,19.8,19.5,19,18.9,18.7,18.6,18.5,18.7,19.7,21.1,22.8,24.3,25.3,26,26.8,26.6,25.6,23.7,22.5,22,21.2,20.7,20.2,19.9,
嘉義,2024/12/05 00:00:00,CH4,2.12,2.13,2.18,2.24,2.21,2.21,2.26,2.3,2.28,2.14,2.03,#,1.95,1.95,1.96,1.97,1.99,2.02,2.03,2.05,2.05,2.06,2.07,2.06,
嘉義,2024/12/05 00:00:00,CO,0.34,0.34,0.33,0.32,0.33,0.34,0.42,0.58,0.58,0.37,#,0.28,0.28,0.23,0.25,0.28,0.34,0.41,0.48,0.53,0.45,0.38,0.31,0.29,
嘉義,2024/12/05 00:00:00,NMHC,0.11,0.17,0.13,0.16,0.23,0.21,0.27,0.29,0.27,0.13,0.09,#,0.08,0.06,0.06,0.06,0.1,0.12,0.13,0.16,0.13,0.13,0.13,0.14,
嘉義,2024/12/05 00:00:00,NO,0.9,1.4,1.2,1.2,1.9,1.5,2.8,8.5,12.7,11,#,2.2,2.7,1.8,1.4,1.4,1.1,1.3,1.3,1.2,1.5,1.2,1.3,1.2,
嘉義,2024/12/05 00:00:00,NO2,15.4,20.9,18,17,22,20.5,21.6,19.9,20.4,17.2,#,9.9,10,8.3,8,10.1,12.1,17.4,21,22.6,23.5,21.1,19,17.1,
嘉義,2024/12/05 00:00:00,NOx,16.4,22.4,19.2,18.3,24,22,24.4,28.4,33.2,28.2,#,12.1,12.8,10.1,9.5,11.5,13.3,18.8,22.4,23.8,25,22.4,20.4,18.3,
嘉義,2024/12/05 00:00:00,O3,22.3,15,15.9,11.7,6.6,8.4,3.7,6.5,11.5,22.1,39.8,#,55,66.6,74.1,79.1,62.8,47,34.2,26.2,20.6,19.3,18.8,17.7,
嘉義,2024/12/05 00:00:00,PM10,54,59,52,56,56,53,62,96,65,52,49,47,41,43,38,47,72,63,67,70,60,49,49,41,
嘉義,2024/12/05 00:00:00,PM2.5,26,32,31,31,33,33,35,38,40,27,31,20,17,15,21,27,24,31,27,27,28,21,20,19,
嘉義,2024/12/05 00:00:00,RAINFALL,0,0,0,0,0,0,0,0,0,0,0,0,0,0,0,0,0,0,0,0,0,0,0,0,
嘉義,2024/12/05 00:00:00,RH,70,72,74,76,78,80,81,81,79,70,60,52,47,43,39,40,50,60,66,70,74,75,74,73,
嘉義,2024/12/05 00:00:00,SO2,4.5,2.4,3.5,3.3,2.3,1.9,2.3,2.4,3.4,2.2,#,2.3,2.3,2,1.8,2,2.7,2.9,3.9,4.5,3.3,2.5,3.1,2.1,
嘉義,2024/12/05 00:00:00,THC,2.23,2.3,2.31,2.4,2.44,2.42,2.53,2.59,2.55,2.27,2.12,#,2.03,2.01,2.02,2.03,2.09,2.14,2.16,2.21,2.18,2.19,2.2,2.2,
嘉義,2024/12/05 00:00:00,WD_HR,2,2,355,0,24,38,29,8,352,357,4,18,17,16,351,355,348,358,7,354,351,4,359,355,
嘉義,2024/12/05 00:00:00,WIND_DIREC,14,353,12,352,39,16,64,36,350,16,21,28,23,4,2,344,354,358,1,4,352,350,357,340,
嘉義,2024/12/05 00:00:00,WIND_SPEED,1.5,1.2,1.6,1.7,1.5,1.3,1.3,1,2.7,2.4,1.8,2.4,2.8,2.1,2.3,2.9,2.8,2,1.4,1.5,2,1.4,1.7,1.6,
嘉義,2024/12/05 00:00:00,WS_HR,1.5,1,1.7,1.3,1.4,1.2,0.8,1.2,1.8,2.4,1.8,2.3,2.1,1.6,2,2.4,2.9,2.5,1.9,1.5,2,1.4,1.6,1.4,
嘉義,2024/12/06 00:00:00,AMB_TEMP,19.6,19.4,19.2,18.8,18.6,18.7,18.6,19.1,20.7,22,23.8,25.4,26.8,26.6,26.5,26.5,25.2,23.5,22.6,21.7,21.4,21.2,20.6,20,
嘉義,2024/12/06 00:00:00,CH4,2.04,2.08,2.21,2.16,2.17,2.19,2.17,2.13,2.04,2.13,2.07,2.01,2,1.98,1.96,1.96,1.96,1.97,2,2.02,2,2.02,2.05,2.07,
嘉義,2024/12/06 00:00:00,CO,0.27,0.28,0.29,0.28,0.3,0.32,0.37,0.48,0.41,0.38,0.32,0.29,0.32,0.28,0.26,0.28,0.38,0.42,0.41,0.44,0.47,0.43,0.37,0.3,
嘉義,2024/12/06 00:00:00,NMHC,0.13,0.2,0.19,0.15,0.19,0.21,0.17,0.18,0.15,0.16,0.13,0.13,0.1,0.05,0.04,0.06,0.09,0.1,0.13,0.09,0.15,0.19,0.13,0.11,
嘉義,2024/12/06 00:00:00,NO,1.3,0.1,0.4,0.5,0.8,1,1.1,3.6,4,7.1,4.4,1.9,1.3,1,0.7,0.7,0.9,0.3,0.4,0.5,0.3,0.5,0.3,0.3,
嘉義,2024/12/06 00:00:00,NO2,16.2,18.2,15.4,16.7,22.3,20.4,15.9,13.9,12.4,16.2,12.5,10.7,10,9.2,8.4,9.4,14,17.4,19.5,17.8,19.1,21.4,18.7,15.5,
嘉義,2024/12/06 00:00:00,NOx,17.6,18.4,15.9,17.2,23.2,21.4,17,17.6,16.4,23.3,16.9,12.6,11.4,10.2,9.2,10.2,15,17.8,20,18.3,19.4,21.9,19.1,15.9,
嘉義,2024/12/06 00:00:00,O3,18.9,15.2,12.3,9.4,3.8,3.9,4.7,10,20.1,20.8,40.5,52.9,69.5,64.7,71.5,70.2,55.9,40.8,31.3,28.7,23.1,19.3,18.5,19.8,
嘉義,2024/12/06 00:00:00,PM10,31,39,40,39,42,42,50,51,32,47,50,47,50,53,44,48,62,68,59,52,51,51,52,40,
嘉義,2024/12/06 00:00:00,PM2.5,14,23,22,21,25,31,26,30,23,27,26,27,30,25,18,21,19,23,21,20,22,22,23,26,
嘉義,2024/12/06 00:00:00,RAINFALL,0,0,0,0,0,0,0,0,0,0,0,0,0,0,0,0,0,0,0,0,0,0,0,0,
嘉義,2024/12/06 00:00:00,RH,73,74,76,78,81,81,82,81,69,62,54,47,41,45,43,43,52,63,66,71,74,76,80,81,
嘉義,2024/12/06 00:00:00,SO2,1.7,1.6,1.8,4.7,3.3,1.9,2,2.1,1.9,2,2.1,2,2.5,3.6,3,2.7,3.2,3.2,2.6,2.6,3.3,2.4,1.9,2.6,
嘉義,2024/12/06 00:00:00,THC,2.17,2.28,2.4,2.31,2.36,2.4,2.34,2.31,2.19,2.29,2.2,2.14,2.1,2.03,2,2.02,2.05,2.07,2.13,2.11,2.15,2.21,2.18,2.18,
嘉義,2024/12/06 00:00:00,WD_HR,21,2,6,355,11,60,46,51,30,338,14,29,344,348,4,355,356,2,357,9,15,12,3,11,
嘉義,2024/12/06 00:00:00,WIND_DIREC,1,5,1,20,2,85,349,42,348,349,352,9,332,350,10,358,353,5,348,14,11,359,6,17,
嘉義,2024/12/06 00:00:00,WIND_SPEED,1.7,1.6,2,1.8,1.7,1.5,1.3,1.5,1.6,3.6,2.9,2.3,3.7,4,3.4,3.8,3.5,3.2,3,2.6,1.4,2.1,2.6,2.4,
嘉義,2024/12/06 00:00:00,WS_HR,1.3,1.5,1.3,1.8,1.2,1.1,0.8,1.5,1,2.7,2.3,1.9,2.5,3.4,3,3,2.9,3,2.3,2.6,1.6,1.7,2.4,2.4,
嘉義,2024/12/07 00:00:00,AMB_TEMP,19.8,19.4,19.1,19,18.7,18.4,18.2,18.6,19.8,21.5,23.1,24.8,26.2,26.5,25.9,25.1,24.1,22.4,21.2,20.7,20.4,20.2,19.7,19.3,
嘉義,2024/12/07 00:00:00,CH4,2.06,2.06,2.07,2.07,2.06,2.09,2.08,2.09,2.03,1.99,1.97,1.95,1.95,1.96,1.98,1.99,1.99,2.01,2.02,2.03,2.03,2.05,2.06,2.07,
嘉義,2024/12/07 00:00:00,CO,0.33,0.31,0.3,0.29,0.27,0.28,0.27,0.33,0.29,0.28,0.27,0.27,0.28,0.28,0.32,0.37,0.35,0.42,0.4,0.41,0.39,0.38,0.35,0.35,
嘉義,2024/12/07 00:00:00,NMHC,0.13,0.11,0.13,0.15,0.12,0.12,0.11,0.12,0.08,0.08,0.06,0.07,0.07,0.05,0.05,0.06,0.08,0.1,0.1,0.11,0.1,0.09,0.07,0.07,
嘉義,2024/12/07 00:00:00,NO,0.2,0.5,0.7,0.6,0.6,0.7,1,2.8,4.4,3.9,2.7,2,1.4,1,0.9,1.1,1,0.8,0.7,0.6,0.8,0.6,0.8,0.6,
嘉義,2024/12/07 00:00:00,NO2,15.2,15.3,13.3,12.8,11.3,11.7,11.6,11.3,11.2,9.8,8.2,7.3,6.6,6.3,6.9,9.2,9.5,11.7,12.4,13.6,13.3,12.7,9.8,8.6,
嘉義,2024/12/07 00:00:00,NOx,15.5,15.9,14,13.4,12,12.5,12.6,14.2,15.7,13.7,10.9,9.3,8,7.3,7.9,10.3,10.6,12.5,13.1,14.2,14.2,13.4,10.6,9.3,
嘉義,2024/12/07 00:00:00,O3,16.7,16.3,17.4,15.6,16.8,13.1,14.3,15.2,22.7,29.2,39,48.7,59.6,66.9,64,59.1,52.1,38.1,33.6,28.7,28,27.5,31.3,31.5,
嘉義,2024/12/07 00:00:00,PM10,32,32,23,27,25,23,19,24,21,25,30,27,27,43,84,87,70,58,39,33,36,31,27,25,
嘉義,2024/12/07 00:00:00,PM2.5,21,18,19,19,14,14,14,21,15,16,13,15,12,20,21,25,19,22,16,20,19,21,19,16,
嘉義,2024/12/07 00:00:00,RAINFALL,0,0,0,0,0,0,0,0,0,0,0,0,0,0,0,0,0,0,0,0,0,0,0,0,
嘉義,2024/12/07 00:00:00,RH,81,82,82,83,83,84,85,83,81,71,63,55,49,51,54,57,59,65,70,73,74,75,76,79,
嘉義,2024/12/07 00:00:00,SO2,1.9,1.5,1.4,1.6,1.6,1.5,1.3,1.6,1.6,1.7,1.6,1.6,1.8,1.7,2,2.4,1.7,1.6,1.8,1.8,1.7,1.9,2.3,2.1,
嘉義,2024/12/07 00:00:00,THC,2.19,2.17,2.2,2.22,2.18,2.21,2.19,2.21,2.11,2.07,2.03,2.02,2.02,2.01,2.03,2.05,2.07,2.11,2.12,2.14,2.13,2.14,2.13,2.14,
嘉義,2024/12/07 00:00:00,WD_HR,18,26,34,16,47,0,13,11,8,39,18,27,356,338,352,356,355,0,8,8,9,4,359,5,
嘉義,2024/12/07 00:00:00,WIND_DIREC,11,39,38,28,37,3,38,350,3,47,43,36,355,334,349,351,357,4,7,10,14,4,358,5,
嘉義,2024/12/07 00:00:00,WIND_SPEED,1.8,2.4,2.3,2.8,1,2.7,2.4,4,2.2,3,2.4,2.8,2.7,2.7,4.6,4.2,4.3,4.2,2.6,2.8,2,2.9,2.2,3.4,
嘉義,2024/12/07 00:00:00,WS_HR,1.7,1.6,1.8,2.3,1.7,1.8,2.2,2.5,1.9,1.8,2.4,1.8,2.2,2.9,3.7,3.2,3.6,3.3,2.8,2.9,2.2,2.5,2.3,2.5,
嘉義,2024/12/08 00:00:00,AMB_TEMP,18.9,19,18.6,18.4,18.2,18.2,18.1,18.2,18.7,19.8,21,22,22.8,22.3,21.6,21.6,20.9,19.7,18.8,18.5,18.3,18.2,18,17.8,
嘉義,2024/12/08 00:00:00,CH4,2.08,2.08,2.08,2.05,2.04,2.02,2.01,2,1.99,1.99,1.99,1.99,1.97,1.99,1.98,1.98,1.99,2,2,2.01,2.01,2.01,2.01,2.04,
嘉義,2024/12/08 00:00:00,CO,0.35,0.38,0.37,0.34,0.3,0.28,0.27,0.27,0.27,0.29,0.29,0.3,0.27,0.31,0.3,0.28,0.32,0.35,0.36,0.32,0.31,0.28,0.27,0.25,
嘉義,2024/12/08 00:00:00,NMHC,0.06,0.05,0.05,0.05,0.05,0.04,0.04,0.05,0.05,0.05,0.05,0.06,0.04,0.04,0.04,0.05,0.07,0.08,0.08,0.08,0.08,0.06,0.07,0.05,
嘉義,2024/12/08 00:00:00,NO,0.5,0.5,0.7,0.6,0.6,0.7,0.7,0.9,1.1,1.7,1.4,1.2,1,1.1,1.2,1.1,1.1,0.9,0.9,0.6,0.7,0.5,0.6,0.7,
嘉義,2024/12/08 00:00:00,NO2,7.9,6.8,5.5,4.7,5.2,5.1,4.9,6.3,7,6.2,5.3,5.1,5.3,6.5,7.3,7.6,9.1,10.3,12.4,11.6,10.8,9.9,9.4,8.8,
嘉義,2024/12/08 00:00:00,NOx,8.4,7.3,6.2,5.4,5.8,5.9,5.7,7.2,8.2,7.9,6.7,6.4,6.3,7.6,8.5,8.7,10.3,11.2,13.4,12.2,11.6,10.4,10.1,9.6,
嘉義,2024/12/08 00:00:00,O3,34.6,38.4,38.4,38.5,38,38.2,38,36.4,36.5,38.5,39.9,45.2,55.4,57.8,51.3,44.3,37.7,32.8,27.8,27.5,26.6,28,27.6,26.1,
嘉義,2024/12/08 00:00:00,PM10,21,19,34,22,18,14,13,13,9,20,16,18,25,78,163,65,48,41,48,26,23,20,20,19,
嘉義,2024/12/08 00:00:00,PM2.5,11,11,18,9,8,6,3,7,8,11,11,13,15,20,23,14,18,17,15,14,16,13,12,10,
嘉義,2024/12/08 00:00:00,RAINFALL,0,0,0,0,0,0,0,0,0,0,0,0,0,0,0,0,0,0,0,0,0,0,0,0,
嘉義,2024/12/08 00:00:00,RH,81,79,78,77,75,74,72,72,70,66,63,60,54,52,53,53,55,57,60,60,60,60,60,62,
嘉義,2024/12/08 00:00:00,SO2,2.2,1.3,1.3,1.2,1.4,1.1,1.1,1.4,1.2,1.4,1.6,1.5,1.5,1.6,2,1.7,1.6,1.5,1.8,1.7,2,1.8,1.9,1.5,
嘉義,2024/12/08 00:00:00,THC,2.14,2.13,2.13,2.1,2.09,2.06,2.05,2.05,2.04,2.04,2.04,2.05,2.01,2.03,2.02,2.03,2.06,2.08,2.08,2.09,2.09,2.07,2.08,2.09,
嘉義,2024/12/08 00:00:00,WD_HR,5,6,8,11,12,15,9,11,12,4,35,360,330,341,349,6,351,354,358,0,3,0,358,352,
嘉義,2024/12/08 00:00:00,WIND_DIREC,8,3,8,4,12,10,12,6,15,2,22,336,314,354,353,351,354,348,8,357,13,1,359,347,
嘉義,2024/12/08 00:00:00,WIND_SPEED,3,3.2,3.4,3.9,3.2,2.9,2.5,3.4,3,2.6,2.3,2.9,4.1,3.7,3.7,3.4,3.1,2.6,3,2,1.9,1.8,1.6,2,
嘉義,2024/12/08 00:00:00,WS_HR,2.7,3,3.1,3,2.9,2.5,2.8,2.9,2.7,2.6,1.7,1.8,2.5,3.3,3.8,2.9,3,2.9,2.6,2.5,2,2,1.7,1.8,
嘉義,2024/12/09 00:00:00,AMB_TEMP,17.7,17.4,17.3,17.4,17.7,17.8,17.6,17.6,18,18.8,20.2,21.8,23.2,24.2,24.6,24.1,23.2,21.7,20.9,20.5,20.2,19.9,19.6,19.4,
嘉義,2024/12/09 00:00:00,CH4,2.03,2.03,2.05,2.04,2.06,2.07,2.11,2.1,2.09,2.07,2.08,2.04,1.99,1.98,1.98,1.98,1.97,1.97,2,2.03,2.05,2.1,2.16,2.13,
嘉義,2024/12/09 00:00:00,CO,0.23,0.2,0.21,0.23,0.22,0.23,0.26,0.3,0.35,0.4,0.43,0.39,0.29,0.24,0.25,0.27,0.31,0.34,0.38,0.36,0.42,0.49,0.45,0.37,
嘉義,2024/12/09 00:00:00,NMHC,0.05,0.04,0.04,0.05,0.05,0.06,0.06,0.07,0.08,0.1,0.15,0.15,0.06,0.05,0.05,0.08,0.09,0.08,0.1,0.11,0.15,0.17,0.18,0.14,
嘉義,2024/12/09 00:00:00,NO,0.7,0.5,0.3,0.4,0.5,0.2,0.5,1.5,4,5.6,6.8,4.4,2.5,1.1,0.7,1.1,0.8,0.5,0.6,0.3,0.5,0.8,0.5,0.5,
嘉義,2024/12/09 00:00:00,NO2,8,8.3,6.9,7.6,7.9,8.8,12.1,14.6,16,14.1,14.2,12.9,9.1,5.2,4.9,7.5,9.4,10.7,14.6,16.6,17.2,21.4,22.5,16.3,
嘉義,2024/12/09 00:00:00,NOx,8.8,8.9,7.2,8,8.4,9.1,12.6,16.2,20.1,19.8,21,17.4,11.6,6.4,5.6,8.6,10.3,11.2,15.2,16.9,17.8,22.2,23.1,16.8,
嘉義,2024/12/09 00:00:00,O3,26.2,26.1,24.6,22.8,21.4,18.3,13.8,12.3,12.5,16.3,22.6,36,46.3,52.8,53.4,54.2,54.3,47.5,36.5,32.8,25.2,16.5,13.8,13.4,
嘉義,2024/12/09 00:00:00,PM10,20,16,16,17,13,12,7,17,18,21,37,35,23,#,#,55,46,44,51,42,43,50,52,42,
嘉義,2024/12/09 00:00:00,PM2.5,13,8,9,11,8,10,10,9,9,11,16,20,14,#,17,23,16,12,14,21,20,23,26,24,
嘉義,2024/12/09 00:00:00,RAINFALL,0,0,0,0,0,0,0,0,0,0,0,0,0,0,0,0,0,0,0,0,0,0,0,0,
嘉義,2024/12/09 00:00:00,RH,63,64,65,66,65,65,67,67,66,64,60,55,49,44,44,48,53,62,65,67,68,70,72,76,
嘉義,2024/12/09 00:00:00,SO2,1.8,1.6,1.7,1.6,1.5,1.6,1.8,2.7,2.2,1.9,2.3,2.4,2.1,1.8,2.1,2.7,2.2,1.8,1.7,2.3,4.7,4.6,2.9,2,
嘉義,2024/12/09 00:00:00,THC,2.08,2.07,2.09,2.09,2.11,2.13,2.17,2.17,2.17,2.17,2.23,2.19,2.05,2.03,2.03,2.06,2.06,2.05,2.1,2.14,2.2,2.27,2.34,2.27,
嘉義,2024/12/09 00:00:00,WD_HR,353,350,4,359,9,34,355,356,344,333,326,351,350,328,329,327,344,345,352,8,3,355,41,125,
嘉義,2024/12/09 00:00:00,WIND_DIREC,350,359,6,2,34,356,4,0,344,316,336,7,12,354,323,327,341,336,4,3,345,356,149,132,
嘉義,2024/12/09 00:00:00,WIND_SPEED,2.2,1.8,1.8,1.5,1.7,1.2,2,2.1,1.3,1.2,1.2,1.2,1.9,1.6,3.2,3.2,2.9,2,1.6,2.6,1.3,1.6,0.5,0.7,
嘉義,2024/12/09 00:00:00,WS_HR,1.6,1.8,1.5,1.2,1.2,1.1,1.6,1.8,1.1,1,1,1,1.4,1.7,1.9,2.9,2.7,2.6,1.5,2.2,1.8,1.2,0.3,0.5,
嘉義,2024/12/10 00:00:00,AMB_TEMP,19.2,18.9,19.2,19.2,19,18.8,18.3,18.5,19.8,21.2,23.1,24.4,25.1,25.2,24.4,24,23.2,22.3,21.3,20.6,20.4,20.2,19.6,19.5,
嘉義,2024/12/10 00:00:00,CH4,2.19,2.2,2.22,2.23,2.15,2.23,2.29,2.26,2.08,2.1,2.09,2.01,1.99,1.97,1.94,1.94,1.94,1.97,1.98,2,2.01,2.02,2.03,2.2,
嘉義,2024/12/10 00:00:00,CO,0.31,0.38,0.33,0.31,0.29,0.32,0.38,0.48,0.42,0.4,0.39,0.34,0.36,0.23,0.2,0.24,0.28,0.39,0.38,0.41,0.4,0.4,0.29,0.45,
嘉義,2024/12/10 00:00:00,NMHC,0.11,0.15,0.13,0.13,0.14,0.22,0.3,0.21,0.15,0.15,0.14,0.09,0.06,0.04,0.02,0.04,0.06,0.09,0.1,0.11,0.11,0.12,0.08,0.18,
嘉義,2024/12/10 00:00:00,NO,0.6,1,0.4,0.5,0.5,0.5,6.5,7.9,6.1,5.7,4.7,2.4,2,1.3,1.1,1.2,1,0.7,0.6,0.6,0.5,0.4,0.4,0.6,
嘉義,2024/12/10 00:00:00,NO2,11.1,18.2,16.6,14.9,10.7,15.1,20.1,17,13.5,11.9,16.1,11.6,10.4,6.9,5.5,6.7,9.4,13.2,17,16,16,15.7,11.2,18.5,
嘉義,2024/12/10 00:00:00,NOx,11.8,19.2,17.1,15.4,11.2,15.6,26.6,25,19.6,17.6,20.8,14,12.5,8.2,6.7,8,10.4,13.9,17.7,16.6,16.5,16.2,11.6,19.2,
嘉義,2024/12/10 00:00:00,O3,15.1,9.4,9.8,6.2,10.7,6,1.2,6.2,15.4,23.4,38,54.7,51.6,52,51.1,50.9,48.7,40,32.4,27.4,23.7,19.3,18.6,9.8,
嘉義,2024/12/10 00:00:00,PM10,40,37,42,40,46,46,55,53,42,43,56,41,39,41,57,53,34,38,37,37,44,38,31,49,
嘉義,2024/12/10 00:00:00,PM2.5,21,28,23,22,20,28,32,27,21,25,28,25,20,11,10,11,14,11,16,14,19,21,21,23,
嘉義,2024/12/10 00:00:00,RAINFALL,0,0,0,0,0,0,0,0,0,0,0,0,0,0,0,0,0,0,0,0,0,0,0,0,
嘉義,2024/12/10 00:00:00,RH,79,81,78,79,82,81,83,82,74,65,57,49,45,47,53,54,58,64,74,82,83,82,82,84,
嘉義,2024/12/10 00:00:00,SO2,1.7,2.9,2.1,1.7,1.9,2.1,2.7,2,2.1,2.1,2.4,2.4,3.3,2.5,1.6,2.3,3.2,6.3,2.7,6.5,2.8,2,1.5,6.2,
嘉義,2024/12/10 00:00:00,THC,2.3,2.35,2.35,2.36,2.29,2.45,2.59,2.47,2.23,2.25,2.23,2.1,2.05,2.01,1.96,1.98,2,2.06,2.08,2.11,2.12,2.14,2.11,2.38,
嘉義,2024/12/10 00:00:00,WD_HR,188,296,350,121,63,17,23,66,23,8,357,11,7,352,353,0,5,3,356,10,69,107,74,2,
嘉義,2024/12/10 00:00:00,WIND_DIREC,235,320,307,120,6,7,41,52,53,4,24,48,8,351,356,356,4,354,8,34,46,133,252,1,
嘉義,2024/12/10 00:00:00,WIND_SPEED,0.9,1.8,0.6,0.7,1.1,1.9,0.7,1.5,1.8,2.1,2.3,3.1,2.6,4.7,4.2,2.9,3.1,2.5,2.2,1.1,0.8,0.6,0.4,1.2,
嘉義,2024/12/10 00:00:00,WS_HR,0.3,1.2,0.5,0.6,0.7,1.2,1.2,1.4,1.3,1.7,2,2.3,2.5,3.5,3.9,3,2.8,2.5,2.7,1.7,1.4,0.6,0.3,1.2,
嘉義,2024/12/11 00:00:00,AMB_TEMP,19.4,19.2,18.9,18.5,18.5,18.4,18.2,18.6,20.3,22,23.8,25.6,27.1,27.6,26.9,25.5,24.1,22.5,21.5,21.1,20.6,20.3,20,19.7,
嘉義,2024/12/11 00:00:00,CH4,2.2,2.1,2.16,2.23,2.2,2.14,2.12,2.1,2.06,2.08,2.05,1.97,1.92,1.93,1.95,1.95,1.95,1.95,1.96,1.96,1.97,2,2.03,2.08,
嘉義,2024/12/11 00:00:00,CO,0.42,0.38,0.33,0.34,0.3,0.31,0.33,0.46,0.45,0.38,0.33,0.26,0.22,0.21,0.21,0.2,0.24,0.36,0.45,0.32,0.3,0.35,0.36,0.32,
嘉義,2024/12/11 00:00:00,NMHC,0.18,0.16,0.16,0.18,0.14,0.16,0.15,0.15,0.15,0.14,0.12,0.07,0.04,0.02,0.03,0.03,0.07,0.08,0.08,0.09,0.1,0.15,0.14,0.11,
嘉義,2024/12/11 00:00:00,NO,1.3,1.6,1.4,1.9,1.6,1.4,1.9,4.3,5.9,5.7,5.1,3.4,2.1,1.9,1.7,1.7,1.5,1.4,1.5,1.3,1.1,1.2,1.5,1.3,
嘉義,2024/12/11 00:00:00,NO2,21.8,19,15.1,16.6,14.1,11.9,13,13.1,12.6,13.3,13.6,10.1,5.9,4.6,5.5,5.1,6.6,11.7,20.3,14,12.6,15,15.6,17.3,
嘉義,2024/12/11 00:00:00,NOx,23.1,20.6,16.6,18.5,15.8,13.3,15,17.5,18.6,19.1,18.7,13.6,8,6.6,7.3,6.8,8.2,13.1,21.9,15.3,13.8,16.2,17.2,18.6,
嘉義,2024/12/11 00:00:00,O3,5.7,8.6,9.7,4,6.7,8,7.3,10.6,18.8,26.8,33.5,46.3,51.2,51.6,54.7,50,45.4,33.5,21.6,26.4,25.9,19.4,17.5,13.8,
嘉義,2024/12/11 00:00:00,PM10,48,44,44,42,40,31,27,33,35,36,32,24,13,16,33,31,27,33,39,30,33,36,28,28,
嘉義,2024/12/11 00:00:00,PM2.5,29,28,29,26,19,21,25,27,29,22,21,14,9,9,17,14,12,12,14,14,14,17,16,18,
嘉義,2024/12/11 00:00:00,RAINFALL,0,0,0,0,0,0,0,0,0,0,0,0,0,0,0,0,0,0,0,0,0,0,0,0,
嘉義,2024/12/11 00:00:00,RH,85,85,85,85,84,83,83,82,75,66,57,47,35,35,47,55,59,68,75,76,79,81,81,82,
嘉義,2024/12/11 00:00:00,SO2,4.2,1.6,1.3,3.9,1.5,1.3,1.2,1.5,1.6,2.6,3.3,1.8,1.7,2.3,2.4,1.9,1.8,1.8,2.7,1.7,1.2,1.2,5.9,22.1,
嘉義,2024/12/11 00:00:00,THC,2.38,2.26,2.32,2.41,2.34,2.3,2.27,2.25,2.21,2.22,2.17,2.04,1.96,1.95,1.98,1.98,2.02,2.03,2.04,2.05,2.07,2.15,2.17,2.19,
嘉義,2024/12/11 00:00:00,WD_HR,59,69,13,9,70,24,26,4,3,13,13,19,9,351,340,341,349,354,2,6,6,7,1,353,
嘉義,2024/12/11 00:00:00,WIND_DIREC,77,76,4,32,66,15,1,5,358,22,11,18,342,329,327,341,355,4,8,1,4,8,0,359,
嘉義,2024/12/11 00:00:00,WIND_SPEED,1.3,1.5,2,1.9,1.4,1.6,1.9,2.4,2.6,2.2,2,2.7,3.1,3.4,3.2,3,3.7,2.6,2.9,2.5,2.9,1.8,1.7,1.1,
嘉義,2024/12/11 00:00:00,WS_HR,0.9,1.2,1.6,1.9,1.4,1.4,1.4,2.3,1.9,1.9,2,2.5,2.3,2.8,3.4,3.2,3.4,2.8,2.5,2.3,2.6,2.1,1.3,1.4,
嘉義,2024/12/12 00:00:00,AMB_TEMP,19.3,19,18.5,18.1,18,17.9,17.8,17.8,18.5,20,21.4,23,24.2,24.9,25,24.6,23.3,21.8,21,20.4,20,19.7,19.4,19.2,
嘉義,2024/12/12 00:00:00,CH4,2.1,2.06,2.07,2.01,1.98,1.97,1.99,1.98,1.98,1.97,1.96,1.96,1.95,1.96,1.98,1.99,2.01,2,2.02,2.01,2,2.01,2.03,2.03,
嘉義,2024/12/12 00:00:00,CO,0.3,0.27,0.25,0.22,0.21,0.22,0.23,0.29,0.31,0.27,0.27,0.28,0.3,0.29,0.36,0.43,0.47,0.53,0.55,0.45,0.41,0.41,0.39,0.38,
嘉義,2024/12/12 00:00:00,NMHC,0.12,0.11,0.09,0.07,0.06,0.06,0.06,0.08,0.1,0.09,0.1,0.1,0.08,0.07,0.07,0.1,0.11,0.13,0.13,0.13,0.13,0.13,0.13,0.13,
嘉義,2024/12/12 00:00:00,NO,1.1,0.8,1,0.8,0.9,0.8,0.9,1.9,3.4,3.2,2.9,2.7,2.2,1.5,1.5,1.8,1.5,1.5,1.4,1.1,1,1,0.8,0.9,
嘉義,2024/12/12 00:00:00,NO2,15.4,13.2,12,8.6,7,6.6,9.3,10.8,10.9,8,6.7,7.3,7.8,7.3,8.8,11.8,13.4,19,23.1,20.5,16.9,15.7,15.1,14.8,
嘉義,2024/12/12 00:00:00,NOx,16.5,14.1,13,9.4,8,7.4,10.2,12.7,14.4,11.3,9.6,10,10.1,8.9,10.3,13.6,14.9,20.5,24.6,21.7,17.9,16.7,16,15.7,
嘉義,2024/12/12 00:00:00,O3,14.7,15.1,15.1,19.4,21.3,22.8,19.4,19.9,20.8,26.8,32.9,40.5,50.1,61.3,61,57.6,44.5,26.7,18,17.3,18.1,17.2,16.6,15.7,
嘉義,2024/12/12 00:00:00,PM10,32,22,21,13,10,13,8,9,16,11,18,26,26,28,51,66,72,65,53,38,26,29,23,21,
嘉義,2024/12/12 00:00:00,PM2.5,16,15,14,12,9,8,6,5,13,8,8,11,17,17,20,25,22,18,18,13,12,10,13,13,
嘉義,2024/12/12 00:00:00,RAINFALL,0,0,0,0,0,0,0,0,0,0,0,0,0,0,0,0,0,0,0,0,0,0,0,0,
嘉義,2024/12/12 00:00:00,RH,82,82,83,83,82,81,81,80,78,69,62,55,50,47,48,50,55,61,64,65,66,67,69,70,
嘉義,2024/12/12 00:00:00,SO2,15.1,1.6,1.7,1.4,1.2,1.1,1.1,1.1,1.4,1.6,1.6,1.7,4,3.5,2.4,2.7,2.6,2.6,2.8,2.5,1.8,1.5,10.2,2.3,
嘉義,2024/12/12 00:00:00,THC,2.22,2.17,2.16,2.08,2.04,2.03,2.05,2.06,2.08,2.06,2.06,2.06,2.03,2.03,2.05,2.09,2.12,2.13,2.15,2.14,2.13,2.14,2.16,2.16,
嘉義,2024/12/12 00:00:00,WD_HR,3,14,11,11,8,11,7,19,42,26,12,9,12,357,348,354,337,354,354,9,13,5,5,17,
嘉義,2024/12/12 00:00:00,WIND_DIREC,3,13,4,16,8,6,11,9,44,19,359,21,22,333,344,355,354,359,347,12,23,358,28,7,
嘉義,2024/12/12 00:00:00,WIND_SPEED,2.5,2.5,2.8,2.7,3,3,2.9,3,2.6,2.2,2,2.8,2.4,3.2,3.9,2.6,3.2,3.1,2.9,2.5,2.1,1.9,2.3,2.8,
嘉義,2024/12/12 00:00:00,WS_HR,1.7,1.7,2.1,2.4,2.7,2.3,2.8,2.2,2.1,1.9,2,1.9,2.1,2.2,3,2.9,2.8,2.9,2.6,2.7,2.3,2.1,2.4,1.9,
嘉義,2024/12/13 00:00:00,AMB_TEMP,19,19,18.9,18.8,18.7,18.8,18.6,18.8,19.1,20,20.5,21.2,21.9,22.7,22.8,22.1,20.6,19.5,18.8,18.4,17.7,17.5,17.3,17,
嘉義,2024/12/13 00:00:00,CH4,2.04,2.03,2.03,2.04,2.06,2.04,2.04,1.99,1.99,1.99,1.99,1.98,1.96,1.95,1.95,1.95,1.95,1.95,1.96,1.96,1.96,1.96,1.96,1.96,
嘉義,2024/12/13 00:00:00,CO,0.36,0.35,0.33,0.33,0.33,0.3,0.31,0.32,0.35,0.31,0.34,0.32,0.3,0.27,0.27,0.28,0.29,0.29,0.28,0.26,0.25,0.24,0.23,0.23,
嘉義,2024/12/13 00:00:00,NMHC,0.12,0.12,0.11,0.12,0.1,0.08,0.07,0.08,0.1,0.09,0.11,0.1,0.11,0.09,0.09,0.09,0.1,0.09,0.08,0.07,0.08,0.07,0.06,0.06,
嘉義,2024/12/13 00:00:00,NO,1.2,0.5,0.1,0.2,0.2,0.2,0.4,0.7,1.3,2.5,2.8,2.8,2,1.3,1.1,1.5,1,0.9,0.5,0.3,0.4,0.4,0.4,0.2,
嘉義,2024/12/13 00:00:00,NO2,13.8,13.1,11.5,10.3,10.3,8.5,10.6,10.5,11.9,9.6,10.1,10.2,9.9,8.9,9.5,11.8,13.4,12.5,12,11.3,10.5,10,8.2,7.5,
嘉義,2024/12/13 00:00:00,NOx,15.1,13.6,11.7,10.5,10.5,8.7,11,11.2,13.3,12.2,12.9,13.1,12,10.3,10.7,13.4,14.5,13.4,12.6,11.6,11,10.4,8.6,7.7,
嘉義,2024/12/13 00:00:00,O3,16,16.3,17.4,15.9,14.1,18.9,16.2,18.4,17.8,22.5,21.2,27.2,34.1,41.7,41.4,33.9,26.7,24.6,24,24.3,22.1,22.8,23.8,24.4,
嘉義,2024/12/13 00:00:00,PM10,21,23,20,16,16,18,20,25,27,16,18,22,21,22,35,48,43,28,25,21,29,15,20,7,
嘉義,2024/12/13 00:00:00,PM2.5,13,14,12,13,13,12,11,10,15,12,11,13,16,8,11,11,11,9,8,7,9,10,6,5,
嘉義,2024/12/13 00:00:00,RAINFALL,0,0,0,0,0,0,0,0,0,0,0,0,0,0,0,0,0,0,0,0,0,0,0,0,
嘉義,2024/12/13 00:00:00,RH,72,73,74,77,79,79,81,82,81,78,73,69,65,60,58,61,66,70,70,71,74,72,70,69,
嘉義,2024/12/13 00:00:00,SO2,2.6,1.9,1.7,1.6,4.6,2.7,2.9,2.4,1.7,1.7,1.8,2,1.6,1.6,2.2,2.1,1.9,1.7,1.5,1.9,2.4,1.8,1.6,1.9,
嘉義,2024/12/13 00:00:00,THC,2.16,2.15,2.14,2.16,2.16,2.12,2.11,2.07,2.09,2.08,2.1,2.08,2.07,2.04,2.04,2.04,2.05,2.04,2.04,2.03,2.04,2.03,2.02,2.02,
嘉義,2024/12/13 00:00:00,WD_HR,11,18,27,28,1,13,3,47,14,21,28,11,43,26,14,3,7,9,7,8,8,7,9,8,
嘉義,2024/12/13 00:00:00,WIND_DIREC,8,17,60,15,3,358,25,51,12,28,22,11,37,23,3,5,13,9,7,11,6,10,9,8,
嘉義,2024/12/13 00:00:00,WIND_SPEED,2.6,2.1,2.4,2.3,2.7,1.8,2.6,1.4,4,3.1,3.1,2.8,2.9,3.3,3.7,3.1,4.7,4.1,4.4,3.3,4.2,3.5,3.3,3.8,
嘉義,2024/12/13 00:00:00,WS_HR,2.4,2,1.8,2.1,2.1,1.7,2.4,1.9,2.6,2.8,2.5,2.7,2.7,2.9,3.1,3.5,3.6,3.8,4.1,3.8,3.8,3.3,3.1,3.2,
嘉義,2024/12/14 00:00:00,AMB_TEMP,16.7,16.4,16.2,15.9,15.5,15.3,15.4,15.4,15.5,16.1,17,17.8,18.2,18.7,18.4,16.9,16.2,15.6,14.8,14.3,13.9,13.9,13.7,13.7,
嘉義,2024/12/14 00:00:00,CH4,1.96,2.1,2.2,2.02,2,2,2.02,2.04,2.05,2.05,2.07,2.06,2.07,2.08,2.09,2.09,2.1,2.11,2.11,2.11,2.12,2.13,2.14,2.14,
嘉義,2024/12/14 00:00:00,CO,0.23,0.25,0.25,0.27,0.3,0.33,0.34,0.38,0.4,0.44,0.45,0.45,0.44,0.44,0.48,0.46,0.51,0.53,0.54,0.54,0.54,0.53,0.52,0.49,
嘉義,2024/12/14 00:00:00,NMHC,0.05,0.08,0.11,0.06,0.06,0.07,0.08,0.09,0.1,0.12,0.11,0.12,0.11,0.11,0.12,0.1,0.12,0.12,0.13,0.13,0.13,0.12,0.13,0.11,
嘉義,2024/12/14 00:00:00,NO,0.1,0.6,0.7,0.7,0.5,0.5,0.6,0.9,1.4,2.5,2.4,2.2,1.5,1,1.2,1.2,1.1,0.9,1.1,0.8,0.6,0.8,0.7,0.7,
嘉義,2024/12/14 00:00:00,NO2,6.5,7.5,6.3,5.9,6.1,6.2,5.9,6.6,8.5,10.6,10.2,9.5,8.7,8.4,10.8,10.6,12.1,14.1,13.9,13.1,12.4,11.5,11.5,10.6,
嘉義,2024/12/14 00:00:00,NOx,6.7,8.1,7,6.6,6.7,6.8,6.5,7.5,10,13.1,12.7,11.7,10.3,9.4,12.1,11.8,13.2,15.1,15,14,13.1,12.4,12.3,11.3,
嘉義,2024/12/14 00:00:00,O3,24.6,25.2,26.2,27.7,26.7,26.6,27.2,26.6,26.5,27.7,33.6,38,42.5,50.4,48.1,41.9,36.6,34,30.8,27.7,27.3,27.8,27.4,28.9,
嘉義,2024/12/14 00:00:00,PM10,24,16,24,20,19,44,33,30,32,36,45,45,46,58,88,85,100,128,72,69,59,60,58,57,
嘉義,2024/12/14 00:00:00,PM2.5,4,5,6,7,8,13,14,17,17,21,25,25,32,33,42,44,51,57,51,41,43,51,49,49,
嘉義,2024/12/14 00:00:00,RAINFALL,0,0,0,0,0,0,0,0,0,0,0,0,0,0,0,0,0,0,0,0,0,0,0,0,
嘉義,2024/12/14 00:00:00,RH,69,70,69,68,67,64,63,62,62,60,56,54,51,48,46,49,51,53,56,58,60,61,62,62,
嘉義,2024/12/14 00:00:00,SO2,1.4,1.8,1.4,1.7,2.1,1.5,1.4,1.3,1.4,1.8,1.7,1.6,1.6,1.7,2.1,3,2.3,3.2,3.1,1.5,1.8,1.6,1.5,1.5,
嘉義,2024/12/14 00:00:00,THC,2.01,2.18,2.31,2.08,2.06,2.07,2.1,2.13,2.15,2.17,2.18,2.18,2.18,2.19,2.21,2.19,2.22,2.23,2.24,2.24,2.25,2.25,2.27,2.25,
嘉義,2024/12/14 00:00:00,WD_HR,9,5,8,11,10,19,14,9,10,4,20,13,10,22,357,11,7,6,9,17,11,9,16,10,
嘉義,2024/12/14 00:00:00,WIND_DIREC,1,5,17,14,18,16,13,11,5,6,37,42,3,20,358,11,8,6,17,12,16,16,12,17,
嘉義,2024/12/14 00:00:00,WIND_SPEED,3.8,3.2,2.7,2.7,3.6,2.7,4.1,3.2,4.2,4.1,3.1,3.3,4.7,2.2,3.4,4.4,3.2,3.7,3,3.2,2.9,2.7,3,2.4,
嘉義,2024/12/14 00:00:00,WS_HR,3.2,3.4,3.3,2.9,3.3,2.8,3.1,3,3.6,3.7,2.7,3.2,3,2.6,3.4,4.2,3.6,3.6,3.3,2.7,3,2.4,2.1,2.3,
嘉義,2024/12/15 00:00:00,AMB_TEMP,13.6,13.5,13.4,13.2,13,13.1,13,13.1,14.1,15.6,17.3,18.5,NA,20.3,20.9,20.3,18.3,16.9,15.9,15.8,15.4,15,14.8,14.7,
嘉義,2024/12/15 00:00:00,CH4,2.15,2.15,2.17,2.17,2.18,2.15,2.18,2.17,2.14,2.13,2.09,2.04,2.03,2.03,2.02,1.98,1.96,1.95,1.97,1.98,2,2,2.01,2.01,
嘉義,2024/12/15 00:00:00,CO,0.47,0.48,0.48,0.49,0.46,0.43,0.46,0.52,0.47,0.44,0.41,0.4,0.4,0.39,0.4,0.41,0.42,0.43,0.41,0.41,0.39,0.36,0.35,0.32,
嘉義,2024/12/15 00:00:00,NMHC,0.11,0.12,0.1,0.11,0.09,0.09,0.09,0.11,0.1,0.1,0.08,0.08,0.08,0.07,0.08,0.09,0.1,0.12,0.11,0.12,0.1,0.1,0.09,0.07,
嘉義,2024/12/15 00:00:00,NO,0.6,0.9,0.9,0.9,0.9,0.7,0.7,1.6,2.1,2.6,1.9,1.4,A,0.9,1.1,1,1,1.4,0.8,1.2,1,0.9,0.9,0.8,
嘉義,2024/12/15 00:00:00,NO2,9.9,9.8,8.7,8.6,7.9,7.5,7.4,8.6,8,8.3,8.9,10.4,A,13.1,14.3,17.1,19.4,20.2,18.3,16.5,15.3,14.3,12.8,10.8,
嘉義,2024/12/15 00:00:00,NOx,10.6,10.7,9.6,9.5,8.8,8.3,8.2,10.3,10.1,11,10.8,11.9,A,14,15.5,18.2,20.5,21.7,19.2,17.7,16.4,15.3,13.7,11.6,
嘉義,2024/12/15 00:00:00,O3,28.4,27.3,23.1,18.8,20.8,24.5,21.9,19.2,24.9,31.1,40.7,47.7,55.7,63.7,67.2,59.5,47.2,39.5,35.2,31.5,29.8,30.5,32.2,34,
嘉義,2024/12/15 00:00:00,PM10,56,47,45,38,37,41,41,43,43,36,38,39,42,38,42,76,102,74,53,46,40,35,37,30,
嘉義,2024/12/15 00:00:00,PM2.5,44,38,38,38,30,28,33,36,31,26,24,27,30,28,32,30,32,30,32,29,26,19,24,18,
嘉義,2024/12/15 00:00:00,RAINFALL,0,0,0,0,0,0,0,0,0,0,0,0,0,0,0,0,0,0,0,0,0,0,0,0,
嘉義,2024/12/15 00:00:00,RH,63,64,66,69,72,72,73,74,69,62,55,50,48,45,43,45,51,53,54,54,56,57,59,60,
嘉義,2024/12/15 00:00:00,SO2,1.7,1.8,1.7,1.6,1.6,1.8,1.6,1.8,1.9,3,3.4,2.9,2,1.8,2.3,2,2.6,5.3,7.7,1.4,10.7,8.3,7,3.8,
嘉義,2024/12/15 00:00:00,THC,2.26,2.27,2.27,2.28,2.27,2.24,2.27,2.28,2.24,2.23,2.17,2.12,2.11,2.1,2.1,2.07,2.06,2.07,2.08,2.1,2.1,2.1,2.1,2.08,
嘉義,2024/12/15 00:00:00,WD_HR,15,33,27,15,9,38,50,7,31,1,352,357,344,42,332,348,358,358,5,6,0,6,4,20,
嘉義,2024/12/15 00:00:00,WIND_DIREC,23,46,31,3,15,43,42,19,45,4,322,9,331,41,323,357,354,4,6,6,349,13,11,50,
嘉義,2024/12/15 00:00:00,WIND_SPEED,2.2,2.5,2.5,2.1,2.5,2.3,1.8,2.1,2.6,2.2,2,2.1,2.1,1.5,2.1,3.7,3.7,3.5,3.3,2.6,3.5,3.2,2.2,2,
嘉義,2024/12/15 00:00:00,WS_HR,2.4,2.3,2,1.8,2.3,2,1.8,1.7,1.9,2.2,1.8,1.5,1.3,0.8,1.4,3.1,3.5,3.1,3.1,2.3,2.8,2.8,2.5,1.9,
嘉義,2024/12/16 00:00:00,AMB_TEMP,14.7,14.7,14.5,14.7,14.6,14.4,14.5,14.6,14.8,15.4,#,17,17.3,17.3,17.5,17.8,17.8,17.6,17.1,16.5,15.9,15.4,15.1,14.8,
嘉義,2024/12/16 00:00:00,CH4,1.99,2,2.04,2.23,2.16,2.01,2.02,2.02,2.01,2.02,#,2.07,2.03,2.03,2.02,2.02,2.02,2.05,2.04,2.05,2.03,2.04,2.06,2.11,
嘉義,2024/12/16 00:00:00,CO,0.31,0.29,0.28,0.28,0.27,0.27,0.28,0.32,0.35,0.38,#,0.43,#,0.41,0.43,0.41,0.45,0.58,0.51,0.42,0.4,0.41,0.43,0.44,
嘉義,2024/12/16 00:00:00,NMHC,0.09,0.09,0.08,0.14,0.11,0.07,0.08,0.1,0.15,0.14,#,0.14,0.13,0.15,0.2,0.19,0.23,0.26,0.21,0.18,0.18,0.19,0.23,0.31,
嘉義,2024/12/16 00:00:00,NO,0.9,1.2,0.7,1.1,0.9,1.1,1.3,1.4,1.9,3.6,#,6.1,#,4.6,5,3.6,2.4,2.1,1.8,1,1,0.7,0.6,0.9,
嘉義,2024/12/16 00:00:00,NO2,10.7,10.4,9.1,9.6,8.8,10,11.8,13.8,15.9,16.7,#,16.7,#,20.4,23.9,22.8,22.6,28.5,29.5,22.4,21.1,20.8,21.4,22.5,
嘉義,2024/12/16 00:00:00,NOx,11.6,11.7,9.9,10.7,9.8,11.2,13.1,15.2,17.9,20.4,#,22.8,#,25.1,28.9,26.5,25,30.7,31.4,23.5,22.1,21.6,22,23.4,
嘉義,2024/12/16 00:00:00,O3,33.3,32.3,32.4,29.7,30.3,27.6,24.8,23.3,22.7,20.9,#,#,16.8,20.3,19.3,23.2,22.5,13.8,14.1,17.9,16.2,14.1,11.3,7.7,
嘉義,2024/12/16 00:00:00,PM10,28,24,27,27,24,26,29,29,39,43,45,#,46,47,51,55,55,69,63,66,51,46,45,50,
嘉義,2024/12/16 00:00:00,PM2.5,21,19,21,21,15,21,15,21,21,24,24,#,25,26,31,28,31,29,28,31,23,20,25,29,
嘉義,2024/12/16 00:00:00,RAINFALL,0,0,0,0,0,0,0,0,0,0,#,#,#,0,0,0,0,0,0,0,0,0,0,0,
嘉義,2024/12/16 00:00:00,RH,60,61,61,62,62,62,62,62,62,61,#,57,54,55,55,53,54,56,55,57,60,62,64,67,
嘉義,2024/12/16 00:00:00,SO2,1.4,1.7,3.6,1.9,4.7,13.1,11,4.7,2.4,4.2,#,7.4,#,2.8,2.5,2.4,2,2.5,5.8,10.2,2.1,1.9,2.1,2,
嘉義,2024/12/16 00:00:00,THC,2.08,2.09,2.12,2.37,2.27,2.08,2.1,2.12,2.16,2.16,#,2.21,2.16,2.18,2.22,2.21,2.25,2.31,2.25,2.23,2.21,2.23,2.29,2.42,
嘉義,2024/12/16 00:00:00,WD_HR,20,4,8,25,358,12,4,39,52,2,#,356,8,9,13,10,28,355,4,7,6,18,18,352,
嘉義,2024/12/16 00:00:00,WIND_DIREC,34,348,12,60,359,354,5,11,60,351,352,358,4,2,14,1,43,10,357,6,3,51,357,352,
嘉義,2024/12/16 00:00:00,WIND_SPEED,2.1,1.8,2.1,1.9,2.2,1.5,2.6,1.7,1.7,1.9,2.4,2.3,1.8,1.9,2.2,2.2,2,1.7,2.5,2.1,2.4,1.1,1.2,1.3,
嘉義,2024/12/16 00:00:00,WS_HR,2.1,1.7,1.8,1.5,1.7,2,1.8,1.6,1.8,1.7,#,2.1,1.7,2,2,2,1.5,1.5,2.1,2.3,2.1,1.3,0.8,1.3,
嘉義,2024/12/17 00:00:00,AMB_TEMP,14.4,14.1,13.8,14,14,13.9,14.2,14.5,15.7,17.9,19.7,21.6,23,24,23.4,22.2,21.5,20.2,19.4,18.2,17.8,17.5,17.2,16.6,
嘉義,2024/12/17 00:00:00,CH4,2.12,2.18,2.21,2.14,2.13,2.19,2.14,2.21,2.21,2.12,2.1,2.02,1.98,1.98,1.99,1.98,1.98,2,2.03,2.05,2.04,2.06,2.08,2.12,
嘉義,2024/12/17 00:00:00,CO,0.41,0.45,0.36,0.36,0.37,0.41,0.43,0.72,0.74,0.51,0.43,0.35,0.32,0.31,0.32,0.33,0.41,0.45,0.49,0.43,0.5,0.48,0.45,0.36,
嘉義,2024/12/17 00:00:00,NMHC,0.25,0.2,0.17,0.17,0.16,0.2,0.16,0.25,0.33,0.23,0.15,0.1,0.06,0.05,0.06,0.06,0.11,0.16,0.17,0.11,0.17,0.19,0.2,0.13,
嘉義,2024/12/17 00:00:00,NO,1.4,3.4,2.3,1.1,0.5,1,1,12.3,21.6,12.2,7.7,4.5,2.6,1.4,1.4,1,1.3,0.6,0.7,0.5,0.7,0.7,0.7,0.7,
嘉義,2024/12/17 00:00:00,NO2,22.3,28.9,24.1,20.5,16.2,17.3,15.5,16,19.3,16.1,16.6,13.3,10.7,8.8,10.8,11.9,19.6,18.2,22.8,18.4,21.5,24.6,24,20.1,
嘉義,2024/12/17 00:00:00,NOx,23.7,32.4,26.4,21.6,16.8,18.4,16.6,28.3,41,28.4,24.3,17.8,13.3,10.3,12.2,13,20.9,18.8,23.5,18.9,22.3,25.3,24.8,20.8,
嘉義,2024/12/17 00:00:00,O3,7.1,3.5,5.1,6.9,7.2,3.1,4.4,3.6,6.9,17.1,24.7,33.9,44.2,55.4,53.8,55.7,42.9,39.3,28.3,26.5,17.4,13.4,11.9,14.7,
嘉義,2024/12/17 00:00:00,PM10,54,54,47,48,46,42,41,48,54,52,39,29,25,33,60,71,76,62,58,59,62,56,53,42,
嘉義,2024/12/17 00:00:00,PM2.5,32,27,23,23,31,27,28,33,32,29,26,16,12,16,19,21,21,21,23,21,25,25,22,20,
嘉義,2024/12/17 00:00:00,RAINFALL,0,0,0,0,0,0,0,0,0,0,0,0,0,0,0,0,0,0,0,0,0,0,0,0,
嘉義,2024/12/17 00:00:00,RH,69,71,73,73,76,79,81,81,77,64,56,47,39,38,44,52,56,61,65,70,73,74,75,78,
嘉義,2024/12/17 00:00:00,SO2,1.9,56.7,11.8,3.1,2.2,2.3,1.8,1.9,12.4,4.1,6.2,2.4,2.6,2.9,2.9,5.3,7.5,3,2.8,7.1,3.4,2.6,4.4,3.7,
嘉義,2024/12/17 00:00:00,THC,2.37,2.38,2.38,2.31,2.29,2.39,2.3,2.46,2.54,2.35,2.25,2.12,2.04,2.03,2.05,2.04,2.09,2.16,2.2,2.16,2.21,2.25,2.28,2.25,
嘉義,2024/12/17 00:00:00,WD_HR,344,355,5,73,34,75,67,345,357,2,0,9,12,352,350,5,2,10,1,12,23,11,338,343,
嘉義,2024/12/17 00:00:00,WIND_DIREC,350,3,35,64,48,75,61,352,13,354,3,356,21,349,353,6,3,25,8,5,10,0,315,14,
嘉義,2024/12/17 00:00:00,WIND_SPEED,1.5,1.7,1.2,1.7,1,1.4,1,1.5,1.9,3.2,3.2,2.9,2.9,3.6,3.8,3.7,3.1,1.7,3.7,1.8,2.2,0.7,1.8,2,
嘉義,2024/12/17 00:00:00,WS_HR,1.2,1.3,1.6,1.5,0.9,1.3,0.9,0.8,1.8,2.1,2.9,2.4,2.6,2.6,3.5,3.5,2.9,2.1,2.7,2.4,1.6,0.7,1,2,
嘉義,2024/12/18 00:00:00,AMB_TEMP,16.3,16,15.7,15.3,15.2,15,15.2,15.7,16.4,17.9,18.8,19.7,20.8,22.1,22.6,22.7,21.3,19.1,17.5,16.8,16.2,15.9,15.9,15.8,
嘉義,2024/12/18 00:00:00,CH4,2.07,2.04,2.04,2.1,2.05,2.05,2.05,2.01,2,1.98,1.98,1.98,1.98,1.97,1.97,1.97,1.98,1.97,1.98,2,2,2.01,2.03,2.03,
嘉義,2024/12/18 00:00:00,CO,0.33,0.31,0.29,0.32,0.28,0.27,0.26,0.3,0.3,0.29,0.31,0.32,0.33,0.3,0.3,0.33,0.35,0.33,0.34,0.35,0.36,0.39,0.37,0.33,
嘉義,2024/12/18 00:00:00,NMHC,0.1,0.11,0.08,0.12,0.09,0.08,0.07,0.08,0.08,0.08,0.1,0.08,0.09,0.09,0.08,0.11,0.11,0.1,0.1,0.12,0.12,0.11,0.1,0.09,
嘉義,2024/12/18 00:00:00,NO,0.2,0.6,0.2,0,0.3,0.3,0.4,0.8,2,2.1,2.1,1.6,1.8,1.6,1.3,1.4,1,0.6,0.5,0.6,0.5,0.5,0.2,0.4,
嘉義,2024/12/18 00:00:00,NO2,13.1,13.6,10.2,11.6,10.7,9.4,10.7,12.8,13.6,11,9.9,9.9,10.8,10.1,9.4,12.1,15.8,15.9,14.7,15.6,15.2,13.7,13.2,12.7,
嘉義,2024/12/18 00:00:00,NOx,13.3,14.3,10.4,11.7,11,9.7,11.2,13.7,15.6,13.1,12,11.6,12.7,11.7,10.8,13.6,16.9,16.6,15.2,16.2,15.7,14.2,13.5,13.1,
嘉義,2024/12/18 00:00:00,O3,20.2,19.5,23.9,15.8,19.9,21.3,26.5,29.3,30.6,36.8,35.6,41.5,46.9,54.7,61,56.1,42.5,38.4,38.2,38.1,44.1,45.2,43.1,41.3,
嘉義,2024/12/18 00:00:00,PM10,45,39,34,44,29,28,37,30,27,26,30,36,44,42,39,53,61,53,83,92,74,72,63,51,
嘉義,2024/12/18 00:00:00,PM2.5,23,15,15,28,18,19,22,19,18,13,16,18,19,19,16,16,16,17,16,23,27,32,31,27,
嘉義,2024/12/18 00:00:00,RAINFALL,0,0,0,0,0,0,0,0,0,0,0,0,0,0,0,0,0,0,0,0,0,0,0,0,
嘉義,2024/12/18 00:00:00,RH,79,81,81,83,84,84,83,82,79,66,62,56,51,45,39,37,38,40,42,43,43,43,43,43,
嘉義,2024/12/18 00:00:00,SO2,5.7,1.9,1.5,12.7,2.4,2.1,3.2,2,1.7,1.7,1.7,1.6,2,2.6,2.4,5.2,5.7,5.7,3.2,2.4,5.3,2.7,3.8,5.9,
嘉義,2024/12/18 00:00:00,THC,2.17,2.15,2.12,2.22,2.14,2.13,2.12,2.09,2.08,2.06,2.08,2.06,2.07,2.06,2.05,2.08,2.09,2.07,2.08,2.12,2.12,2.12,2.13,2.12,
嘉義,2024/12/18 00:00:00,WD_HR,10,17,44,13,30,13,15,42,26,33,14,12,13,5,11,358,358,7,9,11,7,4,359,7,
嘉義,2024/12/18 00:00:00,WIND_DIREC,5,37,5,15,53,12,16,53,19,33,15,4,7,15,12,354,8,11,8,356,12,10,12,7,
嘉義,2024/12/18 00:00:00,WIND_SPEED,2.7,2.6,1.6,2.5,1.9,2.6,2.3,2.6,3.9,3.1,3.2,3,3.1,3.6,3.7,4.9,3.7,4.6,4.3,3.6,2.8,1.9,1.9,1.9,
嘉義,2024/12/18 00:00:00,WS_HR,2.2,2.5,1.8,1.9,2,2.3,2.2,2.3,2.5,2.9,3.2,3.2,2.7,2.8,3.3,3.6,3.8,4.4,3.8,3.2,3.1,2.3,2,2.3,
嘉義,2024/12/19 00:00:00,AMB_TEMP,15.7,15.6,14.9,14.6,14.8,14.7,14.8,14.8,15.1,15.7,16.3,16.9,17.3,17.3,17.3,17.3,16.8,16.3,15.7,15.2,15.3,15.4,15.4,15,
嘉義,2024/12/19 00:00:00,CH4,2.02,2.02,2.05,2.03,2.01,2,2.01,1.99,1.98,1.99,1.99,1.99,1.98,1.97,1.96,1.96,1.96,1.96,1.97,1.98,1.99,1.98,2,2.01,
嘉義,2024/12/19 00:00:00,CO,0.31,0.32,0.3,0.25,0.24,0.24,0.26,0.3,0.31,0.33,0.32,0.33,0.33,0.29,0.27,0.29,0.3,0.37,0.3,0.28,0.3,0.26,0.26,0.28,
嘉義,2024/12/19 00:00:00,NMHC,0.09,0.1,0.06,0.05,0.06,0.06,0.05,0.07,0.08,0.09,0.1,0.08,0.09,0.09,0.12,0.13,0.13,0.16,0.15,0.14,0.12,0.11,0.11,0.13,
嘉義,2024/12/19 00:00:00,NO,0.3,0.8,0.8,0.7,0.7,0.6,0.7,1.1,2.2,3.2,3.2,3.3,3,2.7,2.5,2.6,1.8,1.8,1.7,1.2,1.2,0.8,0.9,0.8,
嘉義,2024/12/19 00:00:00,NO2,11.7,10.8,9.2,7.6,7.6,7.3,8.3,12.4,14.8,14.8,14,14.3,14.1,15,14.9,15.9,17.3,20.5,18.3,16.8,18.9,16.2,14.6,17.3,
嘉義,2024/12/19 00:00:00,NOx,12.1,11.7,10.1,8.4,8.3,7.9,9,13.6,17,18,17.2,17.7,17.1,17.7,17.5,18.5,19.2,22.3,20,18,20.2,17,15.5,18.1,
嘉義,2024/12/19 00:00:00,O3,39.8,39.1,38.6,39.1,36.8,35.3,31.7,28,26.6,27.3,29,30,31.5,30.6,30.8,28.3,24,17.2,18.5,17.3,13.5,16.8,15.3,11.6,
嘉義,2024/12/19 00:00:00,PM10,50,54,48,34,34,35,30,35,32,43,46,35,42,40,41,36,51,49,28,22,17,20,21,21,
嘉義,2024/12/19 00:00:00,PM2.5,29,28,27,16,19,14,18,12,18,16,18,12,20,19,14,16,27,26,11,11,8,8,11,11,
嘉義,2024/12/19 00:00:00,RAINFALL,0,0,0,0,0,0,0,0,0,0,0,0,0,0,0,0,0,0,0,0,0,0,0,0,
嘉義,2024/12/19 00:00:00,RH,44,46,44,44,44,46,48,45,44,43,42,42,41,42,43,44,48,53,56,59,60,59,59,61,
嘉義,2024/12/19 00:00:00,SO2,2.9,1.8,11.2,2.6,1.6,1.7,3.6,7.8,6.3,7.1,1.9,2.4,3.2,3.3,2,3.7,4.4,4.2,1.3,1.2,4.2,1.7,1.5,4.1,
嘉義,2024/12/19 00:00:00,THC,2.11,2.12,2.11,2.08,2.07,2.06,2.06,2.06,2.06,2.08,2.09,2.07,2.07,2.06,2.08,2.09,2.09,2.12,2.12,2.12,2.11,2.09,2.11,2.14,
嘉義,2024/12/19 00:00:00,WD_HR,31,11,4,12,35,18,5,9,359,4,1,7,352,4,10,1,7,354,352,354,23,40,53,329,
嘉義,2024/12/19 00:00:00,WIND_DIREC,46,1,6,29,28,25,11,9,354,37,27,48,357,11,11,1,13,2,353,14,64,70,0,339,
嘉義,2024/12/19 00:00:00,WIND_SPEED,2.3,2,3.1,2.2,2.6,2.4,2.1,1.9,2.7,2,1.9,2.2,2.8,2.6,2.6,3.3,2.5,2.9,2.7,2.6,2.5,1.6,0.8,1.2,
嘉義,2024/12/19 00:00:00,WS_HR,2.1,2,2.4,2.6,1.9,2.2,1.8,2.2,2.2,1.9,1.6,1.6,2,2.3,2.3,2.2,2.4,2.1,2.5,2.1,1.6,1.3,0.7,0.6,
嘉義,2024/12/20 00:00:00,AMB_TEMP,14.9,14.7,14.5,14.4,14.1,13.9,13.6,13.9,15.1,16.5,18.3,19.9,21.1,21.9,22.3,22,20.9,19.4,18.4,17.9,17.4,16.9,16.9,16.7,
嘉義,2024/12/20 00:00:00,CH4,2.04,2.07,2.07,2.05,2.06,2.1,2.15,2.14,2.05,2.01,1.98,1.96,1.96,1.96,1.94,1.94,1.94,1.96,1.98,2.01,2.06,2.08,2.08,2.11,
嘉義,2024/12/20 00:00:00,CO,0.28,0.25,0.25,0.29,0.3,0.32,0.35,0.45,0.43,0.4,0.33,0.32,0.31,0.28,0.26,0.29,0.35,0.43,0.42,0.43,0.44,0.42,0.39,0.35,
嘉義,2024/12/20 00:00:00,NMHC,0.12,0.14,0.13,0.16,0.18,0.19,0.2,0.24,0.19,0.16,0.14,0.13,0.09,0.06,0.06,0.07,0.09,0.11,0.12,0.16,0.19,0.18,0.17,0.17,
嘉義,2024/12/20 00:00:00,NO,0.6,0.6,0.4,0.8,0.9,1.3,4.4,9.9,10.5,6.9,5.5,3.1,1.9,1.4,1.2,1.3,1.3,1.3,1.4,1.4,2,2,0.8,1.1,
嘉義,2024/12/20 00:00:00,NO2,19.9,20.5,16.3,18.9,17.7,17.3,19.4,17.7,16.7,15.1,13.3,9.6,8.7,9.2,8,9.7,13,17.5,24.2,26,29.3,26.1,24,22.2,
嘉義,2024/12/20 00:00:00,NOx,20.6,21.1,16.8,19.8,18.7,18.6,23.8,27.7,27.3,22,18.9,12.7,10.6,10.6,9.2,11.1,14.3,18.8,25.7,27.5,31.3,28.1,24.9,23.3,
嘉義,2024/12/20 00:00:00,O3,9.1,8.9,10,5.6,5.5,3.3,1.7,4.5,12.2,22,28,41.4,53.1,56.6,61.9,50.4,41.7,30,16.8,12.9,7.5,8.5,8.1,7.6,
嘉義,2024/12/20 00:00:00,PM10,18,28,24,20,21,22,24,27,38,52,38,38,40,35,35,47,49,50,44,48,43,35,31,37,
嘉義,2024/12/20 00:00:00,PM2.5,15,12,13,11,15,16,15,13,27,44,20,17,19,24,21,15,14,12,11,17,17,17,19,20,
嘉義,2024/12/20 00:00:00,RAINFALL,0,0,0,0,0,0,0,0,0,0,0,0,0,0,0,0,0,0,0,0,0,0,0,0,
嘉義,2024/12/20 00:00:00,RH,63,64,66,68,71,74,79,79,72,66,60,53,48,44,43,47,53,59,64,67,70,73,75,77,
嘉義,2024/12/20 00:00:00,SO2,31.9,5.3,6.4,2.9,2.7,5.7,15.3,4,3.4,3.5,2.8,2.7,3.9,5.2,3.5,3,3,3.4,9.5,12.6,18.2,13.5,10.9,2.8,
嘉義,2024/12/20 00:00:00,THC,2.16,2.21,2.2,2.21,2.24,2.29,2.35,2.38,2.24,2.17,2.12,2.09,2.05,2.02,2,2.01,2.03,2.07,2.1,2.17,2.25,2.26,2.25,2.28,
嘉義,2024/12/20 00:00:00,WD_HR,0,356,13,18,67,353,1,9,22,10,5,16,345,350,337,340,347,351,1,355,359,1,49,357,
嘉義,2024/12/20 00:00:00,WIND_DIREC,7,359,8,9,74,348,21,11,50,3,26,13,340,26,325,350,353,347,7,360,358,21,52,8,
嘉義,2024/12/20 00:00:00,WIND_SPEED,1.3,2.5,2.3,1.7,1.4,1.4,1.1,2.3,1.9,2.3,2.5,2.5,2.4,2,2.8,3,2.8,2.9,2.6,1.6,1.5,1.4,1.7,2.1,
嘉義,2024/12/20 00:00:00,WS_HR,1.4,1.7,1.8,1.7,1.7,1.2,1.3,2,1.9,2.2,1.9,2,2.1,1.9,2,2.6,2.7,2.7,1.8,1.3,1.6,1.4,1.3,1.7,
嘉義,2024/12/21 00:00:00,AMB_TEMP,16.6,16.6,16.6,16.6,16.4,16.4,16.2,16.6,17.4,18.7,20.2,21.2,22,22.6,22.7,20.9,19.3,18.4,17.7,16.9,16.4,16.3,15.8,15.2,
嘉義,2024/12/21 00:00:00,CH4,2.07,2.11,2.13,2.14,2.17,2.15,2.19,2.07,2.02,1.98,1.97,1.97,1.97,1.96,1.96,1.96,1.97,1.98,1.99,1.99,1.99,2,2.02,2.03,
嘉義,2024/12/21 00:00:00,CO,0.34,0.36,0.35,0.36,0.37,0.34,0.36,0.35,0.31,0.31,0.31,0.33,0.31,0.27,0.3,0.35,0.34,0.35,0.35,0.33,0.34,0.38,0.4,0.39,
嘉義,2024/12/21 00:00:00,NMHC,0.18,0.18,0.2,0.21,0.18,0.15,0.16,0.13,0.09,0.09,0.09,0.09,0.06,0.04,0.05,0.06,0.1,0.12,0.11,0.1,0.09,0.09,0.08,0.08,
嘉義,2024/12/21 00:00:00,NO,0.7,1,1.1,1.2,1.8,2.5,3.2,4.1,3.1,3.9,4.1,3.5,2.5,1.8,1.8,1.9,1.5,0.9,0.9,0.7,0.9,1,0.8,0.9,
嘉義,2024/12/21 00:00:00,NO2,20.7,20.5,20.1,19.1,20.5,20,19,16.6,12.7,10.7,9.8,10.3,9.4,7.9,9,11.4,12.4,15.2,15.6,13.7,12.4,12.3,10.8,9.4,
嘉義,2024/12/21 00:00:00,NOx,21.5,21.6,21.2,20.3,22.4,22.6,22.2,20.7,15.8,14.6,13.9,13.9,12,9.7,10.9,13.3,13.9,16.2,16.5,14.4,13.4,13.4,11.6,10.3,
嘉義,2024/12/21 00:00:00,O3,7.2,5.5,4,3.6,2.2,2.1,1.6,8.4,14.7,20.6,28.2,34.4,43.3,49.5,45.4,37.6,33.9,28.8,28.5,30.3,30.6,30.7,35.1,38.7,
嘉義,2024/12/21 00:00:00,PM10,25,32,36,33,26,24,22,32,27,27,29,32,29,30,42,91,99,52,48,42,39,52,39,46,
嘉義,2024/12/21 00:00:00,PM2.5,20,22,22,21,16,13,13,25,16,20,17,15,22,14,15,25,25,21,20,25,23,18,25,31,
嘉義,2024/12/21 00:00:00,RAINFALL,0,0,0,0,0,0,0,0,0,0,0,0,0,0,0,0,0,0,0,0,0,0,0,0,
嘉義,2024/12/21 00:00:00,RH,80,81,81,81,82,82,83,82,80,77,67,62,57,52,52,59,60,61,61,61,61,62,62,62,
嘉義,2024/12/21 00:00:00,SO2,2.8,1.8,1.9,1.8,5.8,2.6,2.5,2.4,2.4,3.7,2.9,2.7,3.8,2,2.3,2.9,4.6,3.1,4.6,2.2,1.5,4.6,2.8,2.8,
嘉義,2024/12/21 00:00:00,THC,2.25,2.29,2.33,2.35,2.35,2.3,2.35,2.2,2.11,2.07,2.06,2.06,2.03,2,2.01,2.02,2.07,2.1,2.1,2.09,2.08,2.09,2.1,2.11,
嘉義,2024/12/21 00:00:00,WD_HR,51,41,23,22,352,15,34,10,19,14,11,358,351,13,355,348,4,8,6,11,11,4,3,8,
嘉義,2024/12/21 00:00:00,WIND_DIREC,44,353,60,0,328,58,15,15,30,2,31,9,7,359,350,351,6,7,10,12,17,11,1,5,
嘉義,2024/12/21 00:00:00,WIND_SPEED,1.8,0.9,1.3,1.1,1.2,3.6,2.1,2.5,3,2.9,3,3.5,3.1,3,4,3.7,4.6,3.5,3.3,3.1,2.8,2.7,3.1,3.2,
嘉義,2024/12/21 00:00:00,WS_HR,1.6,1,1.2,1.2,1.3,1.7,1.5,2.5,2.1,2.4,2.3,2.9,2.8,2.5,3.4,3.6,3.9,3.2,3.9,3.3,3,2.4,2.6,2.9,
嘉義,2024/12/22 00:00:00,AMB_TEMP,14.8,14.6,14.5,14.4,14.3,14.3,14.1,14.4,15.1,16,17.1,18.1,18.8,19,18.9,18.4,17.9,16.7,15.7,15,14.7,14.4,14.2,14.5,
嘉義,2024/12/22 00:00:00,CH4,2.03,2.05,2.03,2.03,2.03,2.01,2.02,2.02,2,2,2,1.99,1.99,1.99,2,2,2,2,2.01,1.99,1.99,2.01,2.03,2.02,
嘉義,2024/12/22 00:00:00,CO,0.37,0.35,0.32,0.31,0.31,0.29,0.28,0.3,0.33,0.34,0.35,0.35,0.37,0.38,0.39,0.39,0.41,0.41,0.41,0.36,0.38,0.39,0.35,0.33,
嘉義,2024/12/22 00:00:00,NMHC,0.07,0.06,0.06,0.05,0.05,0.06,0.05,0.05,0.07,0.06,0.06,0.07,0.06,0.07,0.07,0.07,0.09,0.09,0.09,0.08,0.1,0.09,0.07,0.08,
嘉義,2024/12/22 00:00:00,NO,0.6,0.5,0.4,0.4,0.3,0.2,0.3,0.7,1.1,1.4,1.5,1.5,1.3,1.5,1.1,1,0.8,0.7,0.4,0.5,0.4,0.5,0.3,0.4,
嘉義,2024/12/22 00:00:00,NO2,8.3,8.2,6.1,5.6,5.6,5.2,5.5,6.2,6.9,6.2,6.3,6.4,6.7,7.1,8,8.6,9.8,12.1,13.1,11,10.9,11.6,11.1,11.6,
嘉義,2024/12/22 00:00:00,NOx,8.9,8.7,6.5,6.1,5.9,5.4,5.8,7,8,7.6,7.8,8,8,8.6,9.2,9.7,10.7,12.8,13.6,11.5,11.3,12.1,11.5,12,
嘉義,2024/12/22 00:00:00,O3,39.7,37.9,39,38,36.1,36.8,35.6,35.1,35.5,37.1,39.2,42.5,46.5,49.1,50,48.3,43.8,35.6,30.8,30.1,26.9,25,24.5,24,
嘉義,2024/12/22 00:00:00,PM10,45,41,27,34,37,34,39,39,38,43,45,58,54,67,76,59,55,48,45,36,42,35,34,30,
嘉義,2024/12/22 00:00:00,PM2.5,26,26,21,21,24,19,19,16,22,19,21,20,22,23,30,30,24,19,27,22,20,26,19,20,
嘉義,2024/12/22 00:00:00,RAINFALL,0,0,0,0,0,0,0,0,0,0,0,0,0,0,0,0,0,0,0,0,0,0,0,0,
嘉義,2024/12/22 00:00:00,RH,61,62,61,61,60,59,59,57,55,53,49,47,43,41,41,42,43,46,51,54,55,58,59,59,
嘉義,2024/12/22 00:00:00,SO2,3.1,2.5,1.6,1.5,1.5,1.7,2,1.6,1.7,1.9,1.8,2.1,3.2,4.5,4,4.9,5.1,8.2,8.4,3.4,1.7,2,3.3,1.8,
嘉義,2024/12/22 00:00:00,THC,2.1,2.11,2.09,2.08,2.08,2.07,2.07,2.07,2.07,2.06,2.06,2.06,2.05,2.06,2.07,2.07,2.09,2.09,2.1,2.07,2.09,2.1,2.1,2.1,
嘉義,2024/12/22 00:00:00,WD_HR,4,9,13,7,16,15,8,11,12,19,10,11,355,2,3,358,358,6,6,10,9,2,9,28,
嘉義,2024/12/22 00:00:00,WIND_DIREC,5,8,13,7,12,12,6,8,19,10,7,355,357,10,356,11,3,4,5,9,355,6,19,55,
嘉義,2024/12/22 00:00:00,WIND_SPEED,3,3.1,3.3,3.4,2.9,2.9,3.6,2.9,3.8,3.4,3.7,3.2,3.5,3.5,3.4,2.6,3,3.4,2.8,2.9,1.6,2.3,1.6,2.6,
嘉義,2024/12/22 00:00:00,WS_HR,2.9,2.8,2.7,2.8,2.4,2.2,2.7,2.5,2.9,2.6,2.7,2.5,3.1,3.1,2.7,2.7,2.5,2.9,3.2,2.6,1.5,2.1,1.9,1.9,
嘉義,2024/12/23 00:00:00,AMB_TEMP,14.2,14.2,14.1,14.3,14.3,14.4,14.6,14.8,15.4,16,16.7,17.3,17.4,17.7,17.7,17.5,17,16.6,16.4,16.1,15.9,15.7,15.6,15.6,
嘉義,2024/12/23 00:00:00,CH4,2.01,2.01,2.04,2.09,2.1,2.06,2.09,2.07,2.04,2.02,2.03,2,1.87,1.99,1.99,#,2.06,2.05,2.09,2.1,2.09,2.06,#,2.06,
嘉義,2024/12/23 00:00:00,CO,0.32,0.32,0.32,0.35,0.35,0.31,0.34,0.38,0.36,0.34,0.35,0.35,0.36,0.35,#,#,0.38,0.41,0.47,0.44,0.36,0.29,0.24,0.26,
嘉義,2024/12/23 00:00:00,NMHC,0.08,0.08,0.07,0.07,0.1,0.07,0.1,0.1,0.09,0.14,0.13,0.12,0.13,0.15,0.14,#,0.23,0.18,0.23,0.23,0.19,0.13,#,0.09,
嘉義,2024/12/23 00:00:00,NO,0.3,0.5,0.4,0.5,0.4,0.5,0.7,1.8,4,4.9,6.2,5.9,6.8,#,4.1,#,2.1,2.2,3.7,4.8,4.6,2,1.3,1.1,
嘉義,2024/12/23 00:00:00,NO2,9.5,10.2,9.3,9,10.9,8.8,10.8,14.6,18.1,18.1,17.5,17.7,18.9,#,20.2,#,24.2,23.2,27.8,28.7,24,15.9,13.2,14.4,
嘉義,2024/12/23 00:00:00,NOx,9.8,10.8,9.8,9.5,11.4,9.3,11.6,16.4,22.1,23,23.8,23.7,25.8,#,24.3,#,26.3,25.5,31.6,33.5,28.6,18,14.6,15.6,
嘉義,2024/12/23 00:00:00,O3,24.4,23,21.3,17,13,18.8,13.4,12.4,12.6,15.2,15.6,18.1,18.5,12.5,15.3,15.8,12.7,14.5,#,#,#,11.6,14.9,11.3,
嘉義,2024/12/23 00:00:00,PM10,29,32,26,34,38,22,22,28,20,30,32,25,26,#,33,34,33,21,21,29,16,12,9,11,
嘉義,2024/12/23 00:00:00,PM2.5,20,19,14,19,23,14,16,11,10,15,9,13,14,#,21,19,17,14,19,19,12,9,8,11,
嘉義,2024/12/23 00:00:00,RAINFALL,0,0,0,0,0,0,0,0,0,0,0,0,0,0,0,0.5,0,1,0,1,2,4.5,1,2,
嘉義,2024/12/23 00:00:00,RH,61,62,64,65,66,65,65,65,64,63,62,63,64,65,71,73,82,84,86,88,88,89,89,90,
嘉義,2024/12/23 00:00:00,SO2,1.9,1.7,9.3,1.7,1.8,2,1.7,7.5,5.7,2.3,2.5,2.3,#,x,#,#,1.5,3.7,5.2,10.4,4.8,3.4,1.8,8.6,
嘉義,2024/12/23 00:00:00,THC,2.09,2.09,2.11,2.16,2.2,2.13,2.19,2.17,2.13,2.16,2.16,2.12,2,2.14,2.13,#,2.29,2.23,2.32,2.33,2.28,2.19,#,2.15,
嘉義,2024/12/23 00:00:00,WD_HR,23,4,35,66,4,16,31,1,19,24,13,351,8,27,73,23,44,4,2,0,6,9,4,357,
嘉義,2024/12/23 00:00:00,WIND_DIREC,11,6,79,36,2,52,14,356,37,346,54,329,6,62,48,25,33,12,349,353,8,6,8,359,
嘉義,2024/12/23 00:00:00,WIND_SPEED,2.5,3.1,1.5,1.2,2.4,1.6,1.6,1.9,1.7,2.2,1.9,2.4,1.7,1.3,1.5,1.5,2.9,2.5,2.7,2.5,2.5,1.6,2.1,2.2,
嘉義,2024/12/23 00:00:00,WS_HR,1.6,1.8,1.6,1.4,2.2,2,1.5,1.8,1.5,1.7,1.9,1.6,1.5,1.3,1.4,1.3,2,2.1,1.9,2.3,2.2,2.2,1.8,2,
嘉義,2024/12/24 00:00:00,AMB_TEMP,15.3,15.3,15.3,15.3,15.3,15.4,15.3,15.3,15.5,15.8,16.1,16.7,17,17.4,17.8,18.1,18.1,18.1,18,18.1,18,17.9,17.7,17.6,
嘉義,2024/12/24 00:00:00,CH4,2.06,2.05,2.06,2.05,2.05,2.04,2.06,2.06,2.07,2.03,2.07,2.08,2.09,2.07,2.07,2.09,2.09,2.1,2.1,2.13,2.17,2.16,2.25,2.23,
嘉義,2024/12/24 00:00:00,CO,0.25,0.25,0.23,0.2,0.19,0.18,0.2,0.34,0.33,#,0.34,0.38,0.42,0.43,0.36,0.47,0.51,0.5,0.53,0.61,0.67,0.47,0.38,0.4,
嘉義,2024/12/24 00:00:00,NMHC,0.1,0.1,0.09,0.08,0.09,0.06,0.07,0.11,0.1,0.12,0.11,0.14,0.17,0.18,0.16,0.22,0.28,0.27,0.22,0.27,0.3,0.22,0.18,0.19,
嘉義,2024/12/24 00:00:00,NO,1.1,0.5,0.4,0.2,0.4,0.2,0.6,2.5,4.3,#,6.5,8.4,8.3,#,#,6.1,6.5,5.8,5.4,7.6,12.2,7.4,2.1,1.5,
嘉義,2024/12/24 00:00:00,NO2,14.5,12.6,10.7,10.3,10,8.8,10.9,15.4,16.9,#,16.7,17.5,18.4,#,#,19.1,24,26.3,24.7,23.8,24,23.3,21,20.7,
嘉義,2024/12/24 00:00:00,NOx,15.7,13.2,11.2,10.6,10.4,9,11.5,17.9,21.2,#,23.3,25.9,26.8,#,#,25.2,30.5,32.1,30.2,31.4,36.2,30.8,23.2,22.2,
嘉義,2024/12/24 00:00:00,O3,9.3,10.2,10.9,12.8,14.5,16.7,14.2,10.2,10.3,10.3,9.9,7.8,7.5,8.7,8.9,9.9,5.3,2.1,1.6,0.8,0.6,1.4,3.4,2.6,
嘉義,2024/12/24 00:00:00,PM10,9,5,5,3,9,7,5,4,5,17,21,26,30,#,32,30,33,37,28,32,42,42,42,47,
嘉義,2024/12/24 00:00:00,PM2.5,10,7,4,5,9,8,4,4,6,9,17,23,26,#,23,31,28,25,22,23,25,22,22,21,
嘉義,2024/12/24 00:00:00,RAINFALL,2,1.5,2.5,1.5,0.5,1,1.5,1.5,0,0,0,0.5,0,0,0,0,0,0,0,0,0,0,0,0,
嘉義,2024/12/24 00:00:00,RH,90,91,91,92,92,92,92,92,91,91,91,91,91,92,93,93,93,93,93,93,93,93,93,93,
嘉義,2024/12/24 00:00:00,SO2,3.5,1.7,1.6,1.5,1.4,3.6,2,3.9,3,#,3.1,3,2,2.4,#,2.5,3.9,4,14,13.3,13.5,2.5,2,12.7,
嘉義,2024/12/24 00:00:00,THC,2.16,2.15,2.15,2.13,2.14,2.1,2.13,2.17,2.17,2.15,2.18,2.22,2.26,2.25,2.23,2.31,2.37,2.37,2.32,2.4,2.47,2.38,2.43,2.42,
嘉義,2024/12/24 00:00:00,WD_HR,7,7,3,15,11,5,34,351,11,324,52,201,287,#,122,1,313,315,26,317,259,272,316,79,
嘉義,2024/12/24 00:00:00,WIND_DIREC,20,21,8,24,3,16,353,349,341,7,242,276,238,#,81,64,246,322,24,108,238,240,85,94,
嘉義,2024/12/24 00:00:00,WIND_SPEED,1.7,1.9,2.3,1.9,1.8,1.7,1.1,2.2,0.9,1.5,0.5,0.5,0.6,#,0.7,0.6,0.5,1,0.6,0.9,0.8,0.6,0.8,1.2,
嘉義,2024/12/24 00:00:00,WS_HR,2,1.8,2,1.7,1.7,1.5,1.4,1.6,1.2,1,0.3,0.2,0.1,#,0.2,0.3,0.7,1.1,0.3,0.2,0.4,0.7,0.9,0.9,
嘉義,2024/12/25 00:00:00,AMB_TEMP,17.7,17.6,17.4,17.3,17.1,16.9,16.9,16.9,17.5,19.3,20.9,21.3,21.4,21.9,22.2,22.2,21.2,20.2,19.7,19.4,19.1,19.1,19,18.9,
嘉義,2024/12/25 00:00:00,CH4,2.28,2.23,2.19,2.2,2.42,2.54,2.51,2.44,2.25,2.1,2.05,2.02,2,2,2.01,2.04,2.02,2.04,2.02,2.03,2.05,2.05,2.04,2.06,
嘉義,2024/12/25 00:00:00,CO,0.4,0.37,0.35,0.3,0.35,0.42,0.46,0.58,0.62,0.35,0.29,0.3,0.28,0.24,0.27,0.3,0.33,0.48,0.34,0.32,0.34,0.31,0.25,0.23,
嘉義,2024/12/25 00:00:00,NMHC,0.26,0.25,0.18,0.13,0.19,0.24,0.3,0.39,0.33,0.17,0.11,0.1,0.09,0.07,0.07,0.1,0.1,0.13,0.11,0.12,0.12,0.1,0.07,0.06,
嘉義,2024/12/25 00:00:00,NO,3.2,2.3,1.5,0.9,4.1,11.9,17.4,23.3,22.5,8.2,4.9,4.1,3,2.8,2.2,1.7,2,1.6,1.1,0.9,1.1,0.9,0.6,0.6,
嘉義,2024/12/25 00:00:00,NO2,21.4,17.5,15,10.9,13.9,17.5,16,16.4,18.4,12.2,10,11.4,10.4,9.2,9.7,11.1,13.5,17.4,17.4,17,16.8,14.5,10.8,9.5,
嘉義,2024/12/25 00:00:00,NOx,24.6,19.8,16.5,11.8,18,29.4,33.4,39.7,41,20.5,14.9,15.5,13.4,12.1,12,12.9,15.5,19,18.5,18,17.9,15.4,11.5,10.2,
嘉義,2024/12/25 00:00:00,O3,0.7,1.3,2.6,3.6,1,0.7,0.5,1.3,4.4,15.7,23.6,25.6,30.8,34.6,36.7,35.4,29.7,22.6,21.7,17.4,16.3,17.8,20.3,21.2,
嘉義,2024/12/25 00:00:00,PM10,46,45,45,40,35,42,38,46,47,27,24,24,26,24,24,25,29,35,40,44,41,38,26,27,
嘉義,2024/12/25 00:00:00,PM2.5,29,42,36,36,29,26,21,24,28,12,11,9,14,12,17,19,19,24,19,25,22,21,12,11,
嘉義,2024/12/25 00:00:00,RAINFALL,0,0,0,0,0,0,0,0,0,0,0,0,0,0,0,0,0,0,0,0,0,0,0,0,
嘉義,2024/12/25 00:00:00,RH,93,93,92,92,91,91,91,91,91,91,84,78,78,76,74,74,79,83,84,85,86,87,87,87,
嘉義,2024/12/25 00:00:00,SO2,11.4,2.6,1.5,1.2,3.1,14.7,3.6,3,3.4,2.7,2.1,3.1,3.1,1.5,1.6,1.9,1.4,1.7,2.7,1.3,8.3,5.8,2,2.9,
嘉義,2024/12/25 00:00:00,THC,2.54,2.48,2.37,2.33,2.61,2.78,2.81,2.83,2.58,2.27,2.16,2.12,2.09,2.07,2.08,2.14,2.12,2.17,2.13,2.15,2.17,2.15,2.11,2.12,
嘉義,2024/12/25 00:00:00,WD_HR,98,95,49,48,3,13,2,28,4,10,11,0,349,357,358,341,347,352,7,10,7,16,4,12,
嘉義,2024/12/25 00:00:00,WIND_DIREC,169,139,51,50,350,40,0,51,13,10,18,12,2,358,355,344,345,5,9,6,2,7,4,18,
嘉義,2024/12/25 00:00:00,WIND_SPEED,0.5,0.5,1.4,1.4,1.3,1.1,1.3,1.2,2.4,3.4,2.9,2.6,3.1,3.5,2,2.2,2.6,3,3,1.9,2.8,2.3,2,2.4,
嘉義,2024/12/25 00:00:00,WS_HR,1.1,0.3,0.8,1.2,1.2,1,0.9,1.1,1.9,3,2.9,2.6,2.7,2.6,2.2,1.8,2.3,2.6,3.1,2,2.4,1.9,2.2,1.8,
嘉義,2024/12/26 00:00:00,AMB_TEMP,18.8,18.6,18.7,18.6,18.5,18.4,18.4,18.3,18.6,19.4,20.6,#,22.9,24.1,24.4,24.4,23.2,21.9,21.5,19.8,18.9,18.3,17.9,17.6,
嘉義,2024/12/26 00:00:00,CH4,2.04,#,#,#,#,#,#,#,#,#,#,#,#,2.02,2.01,2.02,2.03,2.05,2.07,2.1,2.1,2.14,2.13,2.13,
嘉義,2024/12/26 00:00:00,CO,0.21,#,#,#,#,#,#,#,#,#,#,#,0.31,0.3,0.3,0.3,0.37,0.45,0.52,0.52,0.49,0.44,0.46,0.5,
嘉義,2024/12/26 00:00:00,NMHC,0.04,#,#,#,#,#,#,#,#,#,#,#,#,0.07,0.07,0.09,0.13,0.16,0.21,0.17,0.16,0.16,0.15,0.13,
嘉義,2024/12/26 00:00:00,NO,0.8,#,#,#,#,#,#,#,#,#,#,#,#,2.3,1.2,1,0.8,0.4,0.3,0.4,0.4,0.2,0.2,0.1,
嘉義,2024/12/26 00:00:00,NO2,7.6,#,#,#,#,#,#,#,#,#,#,#,#,10,12.5,11.3,14.2,20.7,22.8,23.4,22.7,17.6,16.1,14.3,
嘉義,2024/12/26 00:00:00,NOx,8.4,#,#,#,#,#,#,#,#,#,#,#,#,12.3,13.8,12.4,15.1,21.1,23.2,23.9,23.1,17.8,16.4,14.4,
嘉義,2024/12/26 00:00:00,O3,23.6,#,#,#,#,#,#,#,#,#,#,#,41.2,50.5,53.2,51,39.8,29.1,21.4,18.9,19.5,23.1,24.2,25.9,
嘉義,2024/12/26 00:00:00,PM10,27,#,#,#,#,#,#,#,#,#,#,#,21,27,21,27,42,69,59,73,56,61,55,54,
嘉義,2024/12/26 00:00:00,PM2.5,8,#,#,#,#,#,#,#,#,#,#,#,7,7,12,9,9,19,15,28,25,29,28,33,
嘉義,2024/12/26 00:00:00,RAINFALL,0,0,0,0,0,0,0,0,0,0,0,#,0,0,0,0,0,0,0,0,0,0,0,0,
嘉義,2024/12/26 00:00:00,RH,88,88,88,88,88,88,87,87,87,86,85,#,67,60,59,57,58,63,64,74,76,75,74,73,
嘉義,2024/12/26 00:00:00,SO2,2.6,#,#,#,#,#,#,#,#,#,#,#,#,2.2,2.7,2.1,1.8,2.8,3,2.4,4.3,11.1,18,10.9,
嘉義,2024/12/26 00:00:00,THC,2.08,#,#,#,#,#,#,#,#,#,#,#,#,2.09,2.08,2.11,2.16,2.21,2.28,2.27,2.26,2.3,2.28,2.26,
嘉義,2024/12/26 00:00:00,WD_HR,12,10,26,42,12,13,4,6,5,18,46,#,11,355,9,356,1,8,2,351,2,0,358,358,
嘉義,2024/12/26 00:00:00,WIND_DIREC,10,7,35,51,4,8,12,8,11,52,51,x,16,8,30,352,357,33,355,353,7,6,2,348,
嘉義,2024/12/26 00:00:00,WIND_SPEED,2.6,2.2,3.1,1.5,2,1.6,1.4,2.9,2.9,2.5,1.9,x,2.6,3.1,2.5,3.4,3.4,2.2,3,2.5,2.6,2.1,2.6,2,
嘉義,2024/12/26 00:00:00,WS_HR,1.9,2,2.1,1.9,2.2,1.6,1.5,2.3,2.3,1.9,1.8,#,2,2.5,2.3,2.6,2.7,2.8,2.2,2.7,2.4,2.4,2.2,1.8,
嘉義,2024/12/27 00:00:00,AMB_TEMP,17.5,17.5,17.3,17.5,17.4,17.5,17.4,17.4,17.7,18.3,18.8,18.9,19.3,19.8,20,19.5,19.5,19,18.6,18.1,17.6,17.4,17,16.9,
嘉義,2024/12/27 00:00:00,CH4,2.11,2.13,2.14,2.11,2.11,2.12,2.12,2.11,2.09,2.1,2.1,2.11,2.11,2.08,2.09,2.1,2.11,2.13,2.13,2.13,2.09,2.1,2.09,2.09,
嘉義,2024/12/27 00:00:00,CO,0.49,0.41,0.35,0.32,0.3,0.3,0.34,0.41,0.44,0.44,0.42,0.47,0.49,0.41,0.44,0.49,0.55,0.55,0.58,0.48,0.38,0.4,0.34,0.32,
嘉義,2024/12/27 00:00:00,NMHC,0.12,0.11,0.07,0.09,0.08,0.07,0.06,0.08,0.11,0.11,0.13,0.14,0.13,0.12,0.13,0.17,0.15,0.15,0.18,0.14,0.11,0.13,0.1,0.08,
嘉義,2024/12/27 00:00:00,NO,0,0.8,0.7,0.5,0.7,0.7,0.7,1.3,2.1,3.6,4.1,4.1,4.7,3.1,3,2.7,1.9,1.4,1.1,1.4,0.8,1.4,1.2,0.8,
嘉義,2024/12/27 00:00:00,NO2,12.3,13.4,11.9,10.3,10.1,9.7,11.6,13.5,15.4,18.3,17,18.4,20,16.4,18.6,22.6,24.6,23.8,23.9,23.1,17.4,19,15.7,12.9,
嘉義,2024/12/27 00:00:00,NOx,12.3,14.2,12.6,10.8,10.8,10.5,12.4,14.9,17.5,21.9,21.2,22.5,24.7,19.6,21.7,25.4,26.5,25.3,25.1,24.5,18.2,20.4,17,13.8,
嘉義,2024/12/27 00:00:00,O3,27.2,24.6,25.3,24.8,24.3,23.5,24.9,24.1,22.5,20.5,21.8,21.5,22.2,30.3,26.4,26.1,26.7,26.1,20.6,18,21.7,16.3,20.1,22.2,
嘉義,2024/12/27 00:00:00,PM10,52,46,40,38,29,38,34,33,40,35,44,39,44,40,45,44,67,64,64,63,55,46,37,37,
嘉義,2024/12/27 00:00:00,PM2.5,29,26,25,25,22,19,18,21,24,23,23,24,31,23,28,32,32,28,32,30,21,21,19,16,
嘉義,2024/12/27 00:00:00,RAINFALL,0,0,0,0,0,0,0,0,0,0,0,0,0,0,0,0,0,0,0,0,0,0,0,0,
嘉義,2024/12/27 00:00:00,RH,73,73,74,75,76,79,79,76,74,72,71,75,73,69,69,74,71,72,79,81,81,81,80,80,
嘉義,2024/12/27 00:00:00,SO2,12.9,11.6,13.4,2.7,1.9,3,5.1,4.6,1.7,2.8,1.9,1.9,6.1,3.7,2.6,4.4,4.7,A,#,9.2,2.4,5.9,4.1,10.5,
嘉義,2024/12/27 00:00:00,THC,2.23,2.24,2.21,2.2,2.19,2.19,2.18,2.19,2.2,2.21,2.23,2.25,2.24,2.2,2.22,2.27,2.26,2.28,2.31,2.27,2.2,2.23,2.19,2.17,
嘉義,2024/12/27 00:00:00,WD_HR,0,3,4,28,11,359,2,9,8,0,9,32,355,19,21,22,349,5,7,0,14,354,9,7,
嘉義,2024/12/27 00:00:00,WIND_DIREC,3,2,4,14,17,352,3,8,354,4,56,12,356,62,5,5,343,3,356,2,42,350,5,7,
嘉義,2024/12/27 00:00:00,WIND_SPEED,2.2,2.3,2.9,1.9,1.9,1.7,2.2,2.7,1.9,2.6,2.1,1.4,2.1,2.3,2.3,1.7,2.7,2.5,2.1,3.3,2.2,2.2,2.2,3,
嘉義,2024/12/27 00:00:00,WS_HR,2,1.8,2.2,1.6,2,1.4,1.7,2.1,2,2,1.9,1.2,2.2,2.1,1.7,1.6,2.1,2.1,1.7,2.4,2.3,2.6,2.1,2.8,
嘉義,2024/12/28 00:00:00,AMB_TEMP,16.8,16.7,16.7,16.3,15.4,14.7,14.4,14.3,14.6,15.3,16,17.2,19.1,19.8,20,19,17.3,15.9,14.7,14.2,13.7,13.2,13,12.9,
嘉義,2024/12/28 00:00:00,CH4,2.05,2.03,2.03,2.03,2.02,2.02,2.03,2.03,2.03,2.04,2.04,2.04,2.04,2.03,2.04,2.07,2.11,2.12,2.13,2.14,2.14,2.15,2.15,2.13,
嘉義,2024/12/28 00:00:00,CO,0.26,0.22,0.19,0.18,0.18,0.19,0.2,0.24,0.26,0.28,0.29,0.3,0.3,0.29,0.31,0.37,0.47,0.51,0.49,0.49,0.47,0.46,0.44,0.39,
嘉義,2024/12/28 00:00:00,NMHC,0.05,0.05,0.03,0.02,0.03,0.03,0.04,0.05,0.07,0.07,0.08,0.07,0.07,0.07,0.07,0.08,0.1,0.13,0.13,0.13,0.13,0.12,0.11,0.09,
嘉義,2024/12/28 00:00:00,NO,0.7,0.8,0.5,0.2,0.6,0.4,0.4,0.5,0.9,1.6,2.5,2.2,1.8,1.3,0.9,1.2,1.2,0.8,0.5,0.5,0.6,0.2,0.4,0.4,
嘉義,2024/12/28 00:00:00,NO2,9.8,8.6,6.2,5,4.4,4.6,5.7,8.2,8.9,8.3,9.2,9.2,8.1,7.7,8.8,11.7,14.6,17.3,15.7,16.1,14.7,14,12.7,10.6,
嘉義,2024/12/28 00:00:00,NOx,10.5,9.4,6.8,5.3,5,5.1,6.2,8.8,9.8,10,11.8,11.5,10,9,9.8,12.9,15.8,18.1,16.3,16.6,15.3,14.2,13.1,11,
嘉義,2024/12/28 00:00:00,O3,27.1,28.1,31.3,32.5,32.7,35,33.4,30.7,32,31.8,29.7,35.9,47.4,59.7,61,54.2,46.5,40.2,39.9,37.8,37.4,35.9,37,37.9,
嘉義,2024/12/28 00:00:00,PM10,21,21,19,23,9,17,16,25,30,25,30,33,36,60,55,96,119,81,68,72,62,65,63,60,
嘉義,2024/12/28 00:00:00,PM2.5,13,8,11,11,6,7,8,11,14,14,15,15,16,21,19,32,38,35,35,38,38,38,37,38,
嘉義,2024/12/28 00:00:00,RAINFALL,0,0,0,0,0,0,0,0,0,0,0,0,0,0,0,0,0,0,0,0,0,0,0,0,
嘉義,2024/12/28 00:00:00,RH,80,79,76,76,77,75,73,71,66,65,65,58,48,40,39,43,47,49,51,53,54,55,55,56,
嘉義,2024/12/28 00:00:00,SO2,2,1.5,1.1,1.2,1.1,1.1,1,0.8,1,0.9,1,0.9,1.2,1.6,1.9,2.5,3.1,5.1,2.2,1.3,3.5,0.7,9.9,A,
嘉義,2024/12/28 00:00:00,THC,2.1,2.08,2.06,2.05,2.05,2.05,2.07,2.08,2.1,2.11,2.12,2.11,2.11,2.1,2.11,2.15,2.21,2.25,2.26,2.27,2.27,2.27,2.26,2.22,
嘉義,2024/12/28 00:00:00,WD_HR,8,11,9,11,11,9,13,11,15,11,15,24,27,11,6,1,354,5,9,7,9,8,4,9,
嘉義,2024/12/28 00:00:00,WIND_DIREC,17,13,2,13,9,11,12,9,31,358,19,26,8,357,11,0,355,9,9,9,25,1,7,22,
嘉義,2024/12/28 00:00:00,WIND_SPEED,3.4,3.2,3.4,4.6,4.9,4.9,3.8,3.9,3.2,3,2.4,2.3,3.8,4,4.1,4,4.3,4.5,3.5,2.6,2.2,2.7,2.9,2.5,
嘉義,2024/12/28 00:00:00,WS_HR,3,2.8,3.1,3.8,3.9,4.4,3.3,3.5,3.4,3.1,2.5,2,2.5,3.4,2.9,3.7,4,3.3,3.3,2.8,2.3,2.6,3,2.5,
嘉義,2024/12/29 00:00:00,AMB_TEMP,12.8,12.7,12.8,12.3,12.2,12.2,12,12.1,12.9,14.5,16.7,18.5,20.2,21.2,21.6,21.3,20.2,19.2,18.2,17.7,17.7,17.5,17.4,17.3,
嘉義,2024/12/29 00:00:00,CH4,2.12,2.11,2.11,2.12,2.13,2.12,2.15,2.16,2.22,2.22,2.18,2.14,2.11,2.07,2.06,2.05,2.04,2.06,2.08,2.12,2.14,2.14,2.17,2.17,
嘉義,2024/12/29 00:00:00,CO,0.36,0.3,0.31,0.3,0.29,0.28,0.31,0.35,0.4,0.45,0.5,0.44,0.36,0.3,0.31,0.28,0.28,0.34,0.37,0.36,0.36,0.32,0.34,0.28,
嘉義,2024/12/29 00:00:00,NMHC,0.08,0.07,0.07,0.07,0.07,0.06,0.09,0.12,0.13,0.14,0.12,0.09,0.07,0.03,0.04,0.04,0.03,0.06,0.08,0.08,0.08,0.06,0.08,0.06,
嘉義,2024/12/29 00:00:00,NO,0.6,1.1,0.9,1,0.9,1,1.2,2.2,4.7,6.1,4.6,3.1,2,1.4,1.2,1.4,1.1,1.1,1,0.9,0.9,1.1,1.3,1.1,
嘉義,2024/12/29 00:00:00,NO2,10,9.7,8.6,7.5,7.9,8.7,11.2,13.2,12.7,13.3,12.5,10.3,8.5,5.8,5.4,6.4,6.8,10.1,12.5,13,13.7,12,12.1,9.8,
嘉義,2024/12/29 00:00:00,NOx,10.7,10.8,9.6,8.5,8.9,9.8,12.5,15.4,17.4,19.5,17.2,13.5,10.5,7.2,6.7,7.8,8,11.2,13.5,14,14.7,13.2,13.4,10.9,
嘉義,2024/12/29 00:00:00,O3,35.8,33.5,30.8,29.7,27.3,25.2,19.5,18.7,19.6,24.2,33.7,47.2,55.2,60.7,63.3,61.2,55.6,47,40.3,35.1,31.5,29.9,22,23.4,
嘉義,2024/12/29 00:00:00,PM10,47,35,38,34,33,33,37,36,38,43,60,65,55,43,39,45,36,44,43,49,50,48,43,44,
嘉義,2024/12/29 00:00:00,PM2.5,23,21,22,19,19,15,17,19,20,25,47,41,30,24,21,19,15,18,19,20,18,17,23,20,
嘉義,2024/12/29 00:00:00,RAINFALL,0,0,0,0,0,0,0,0,0,0,0,0,0,0,0,0,0,0,0,0,0,0,0,0,
嘉義,2024/12/29 00:00:00,RH,56,57,58,60,60,61,63,64,61,56,52,51,47,43,39,42,46,50,57,63,66,70,73,78,
嘉義,2024/12/29 00:00:00,SO2,2.1,2.1,1.8,4.3,5.9,2.3,2.5,2.6,12.5,4.7,16.3,4.4,2.1,1.9,2.2,2.1,1.3,1.3,1.2,2,3.2,2,1.3,0.9,
嘉義,2024/12/29 00:00:00,THC,2.2,2.18,2.18,2.19,2.2,2.18,2.24,2.28,2.35,2.36,2.3,2.23,2.18,2.1,2.1,2.09,2.07,2.12,2.16,2.2,2.22,2.2,2.25,2.23,
嘉義,2024/12/29 00:00:00,WD_HR,14,8,22,1,10,45,1,349,347,323,322,309,306,290,319,346,336,346,356,1,330,302,70,235,
嘉義,2024/12/29 00:00:00,WIND_DIREC,8,7,10,3,358,24,354,345,19,20,333,293,315,298,333,347,334,346,8,15,305,313,112,245,
嘉義,2024/12/29 00:00:00,WIND_SPEED,2.9,2.2,1.7,1.7,1,1.6,0.8,1.6,0.8,1.4,1.1,1.3,2,2,2.4,3,2.2,2.5,1.6,0.8,1.1,0.9,0.6,0.9,
嘉義,2024/12/29 00:00:00,WS_HR,2.3,2.3,1.8,2,1.5,1.3,1.1,1.2,0.9,0.6,0.7,0.5,1.4,1.5,1.8,2.5,2.5,2.4,1.6,0.8,1,1,0.4,0.3,
嘉義,2024/12/30 00:00:00,AMB_TEMP,17.4,17.4,17.1,17.1,16.9,16.5,16.6,17.2,18.5,20.2,21.9,23.7,24.5,24.2,23.9,23.8,23.2,21.3,19.7,18.9,18.5,18.2,17.8,17.6,
嘉義,2024/12/30 00:00:00,CH4,2.25,2.29,2.28,2.13,2.16,2.28,2.18,2.13,2.15,2.16,2.11,2.03,2.05,#,2.06,2.02,2.05,2.09,2.13,2.11,2.11,2.14,2.19,2.22,
嘉義,2024/12/30 00:00:00,CO,0.33,0.34,0.35,0.28,0.28,0.31,0.35,0.52,0.77,0.71,0.46,0.33,0.33,0.35,0.38,#,0.41,0.51,0.57,0.67,0.61,0.55,0.53,0.49,
嘉義,2024/12/30 00:00:00,NMHC,0.09,0.09,0.11,0.06,0.07,0.1,0.08,0.12,0.2,0.22,0.18,0.12,0.07,#,0.09,0.08,0.11,0.18,0.19,0.18,0.23,0.27,0.3,0.28,
嘉義,2024/12/30 00:00:00,NO,0.8,1,0.7,0.7,0.7,0.9,1.1,1.8,5.3,7.9,7.2,3.6,2.4,2,2.6,#,1.6,1.2,1.1,1.1,0.8,0.8,1.1,1,
嘉義,2024/12/30 00:00:00,NO2,11.3,14.6,13,7.6,5.9,10.8,10.8,13.4,22.9,22.5,20.5,12.6,10,12.1,14.2,#,16,22,29.2,28.2,30.6,28.9,27.8,23.9,
嘉義,2024/12/30 00:00:00,NOx,12.1,15.6,13.7,8.4,6.6,11.7,11.9,15.2,28.2,30.5,27.8,16.2,12.4,14.1,16.8,#,17.6,23.3,30.3,29.4,31.4,29.8,29,25,
嘉義,2024/12/30 00:00:00,O3,21.3,19.6,17,26.3,26.1,13.4,16.8,16.9,14.2,18.3,27.3,40.6,45.6,49.7,#,51,47.3,36.1,23,20,14.3,12.5,9.4,8.7,
嘉義,2024/12/30 00:00:00,PM10,46,47,44,42,36,42,43,41,41,38,46,33,37,#,63,51,52,70,77,75,75,75,72,59,
嘉義,2024/12/30 00:00:00,PM2.5,21,22,22,21,21,23,27,27,22,23,26,12,22,#,31,26,26,35,33,34,31,39,39,34,
嘉義,2024/12/30 00:00:00,RAINFALL,0,0,0,0,0,0,0,0,0,0,0,0,0,#,#,0,0,0,0,0,0,0,0,0,
嘉義,2024/12/30 00:00:00,RH,79,75,76,74,74,79,78,72,62,56,48,36,35,43,50,44,49,60,67,68,71,73,76,78,
嘉義,2024/12/30 00:00:00,SO2,1.8,5,4.4,3.1,2.4,3.3,2.5,2.3,2,1.8,2.1,2,1.6,1.8,#,#,2.5,2.3,2.5,4.1,3.3,2.3,1.8,1.6,
嘉義,2024/12/30 00:00:00,THC,2.34,2.38,2.39,2.19,2.23,2.38,2.26,2.25,2.35,2.38,2.29,2.15,2.12,#,2.15,2.1,2.16,2.27,2.32,2.29,2.34,2.41,2.49,2.5,
嘉義,2024/12/30 00:00:00,WD_HR,336,357,77,70,35,40,53,37,47,4,10,355,342,350,353,9,359,350,356,12,9,22,49,27,
嘉義,2024/12/30 00:00:00,WIND_DIREC,5,22,83,64,353,53,73,345,19,5,37,339,341,3,352,12,353,350,6,5,4,2,89,350,
嘉義,2024/12/30 00:00:00,WIND_SPEED,1.4,0.8,1.4,1.5,1.8,2.5,2.2,1.1,0.9,2,1.4,2.9,3.7,3.5,3.2,2.5,2.8,2.7,2.8,2.1,1.8,1.6,1.3,1.5,
嘉義,2024/12/30 00:00:00,WS_HR,0.6,0.9,1.3,1.6,1.3,1.9,2.1,1,0.9,0.9,1.6,2.3,2.7,3,3.1,2.5,2.7,2.4,2.3,2.2,1.7,1.6,1,1,
嘉義,2024/12/31 00:00:00,AMB_TEMP,17.1,16.9,16.7,16.4,16.2,16.1,15.9,16.1,16.6,17.8,19.3,20.9,22.3,23,23.4,22.6,20.9,19.9,19.3,19,18.5,17.9,17.3,17,
嘉義,2024/12/31 00:00:00,CH4,2.25,2.29,2.3,2.29,2.22,2.23,2.22,2.23,2.22,2.19,2.14,2.1,2.08,2.06,2.06,2.08,2.11,2.12,2.14,2.13,2.15,2.15,2.14,2.14,
嘉義,2024/12/31 00:00:00,CO,0.47,0.45,0.43,0.42,0.37,0.36,0.38,0.46,0.5,0.51,0.48,0.44,0.4,0.38,0.37,0.48,0.56,0.62,0.57,0.54,0.54,0.51,0.42,0.42,
嘉義,2024/12/31 00:00:00,NMHC,0.26,0.26,0.23,0.24,0.2,0.17,0.18,0.16,0.19,0.23,0.2,0.17,0.13,0.11,0.09,0.1,0.13,0.15,0.16,0.17,0.16,0.13,0.1,0.1,
嘉義,2024/12/31 00:00:00,NO,1.3,2.2,1.8,1.2,1,0.9,1.2,3.3,6.6,8.1,6.4,4.3,2.8,1.5,1.2,1.1,1,0.8,0.8,0.8,0.7,0.8,0.7,0.7,
嘉義,2024/12/31 00:00:00,NO2,24.2,26.4,21.9,20,18,16.7,20.6,20.4,21.9,22.2,20.7,17.6,14.5,12.2,11.5,14.5,19.4,22.5,22.4,21.6,21.5,18.5,13.8,12.4,
嘉義,2024/12/31 00:00:00,NOx,25.5,28.7,23.7,21.2,19.1,17.7,21.9,23.8,28.5,30.3,27.2,21.9,17.4,13.7,12.8,15.7,20.4,23.3,23.3,22.4,22.3,19.3,14.6,13.1,
嘉義,2024/12/31 00:00:00,O3,5,2.7,4.7,5.9,6.5,7.3,8,11.4,13.5,19.1,28.5,39.6,53.1,64.1,68.5,62.5,53.7,48.4,43.8,39.5,34.2,35.9,41,41.4,
嘉義,2024/12/31 00:00:00,PM10,52,45,42,41,38,34,30,35,42,54,47,42,43,42,51,96,133,112,83,88,69,56,60,58,
嘉義,2024/12/31 00:00:00,PM2.5,32,31,29,28,24,21,23,23,29,35,29,25,24,24,25,34,43,35,39,38,35,32,25,33,
嘉義,2024/12/31 00:00:00,RAINFALL,0,0,0,0,0,0,0,0,0,0,0,0,0,0,0,0,0,0,0,0,0,0,0,0,
嘉義,2024/12/31 00:00:00,RH,80,80,80,78,77,73,66,60,62,56,51,46,42,40,41,50,51,51,52,52,53,52,52,52,
嘉義,2024/12/31 00:00:00,SO2,1.7,2.1,2.3,2.1,2.2,3.3,2.5,2.3,2.5,2.7,2.4,2.2,2.1,2.2,2.2,2.7,2.9,2.8,2.6,2.6,1.9,2,2.2,3.3,
嘉義,2024/12/31 00:00:00,THC,2.51,2.55,2.53,2.53,2.42,2.4,2.4,2.39,2.41,2.42,2.34,2.27,2.21,2.17,2.15,2.18,2.24,2.27,2.3,2.3,2.31,2.28,2.24,2.24,
嘉義,2024/12/31 00:00:00,WD_HR,4,12,8,38,4,16,17,11,11,9,12,2,12,8,1,348,356,357,0,13,2,355,8,2,
嘉義,2024/12/31 00:00:00,WIND_DIREC,7,20,10,39,6,8,9,13,14,2,29,346,7,351,336,347,354,356,354,358,354,351,4,8,
嘉義,2024/12/31 00:00:00,WIND_SPEED,1.3,1.3,2.5,1.6,2,2.6,3.5,3.2,3.3,3.7,3,2.6,1.7,2.5,2.9,3.6,2,2.4,2.5,1.8,1.4,2.2,1.9,1.6,
嘉義,2024/12/31 00:00:00,WS_HR,1.4,1.5,1.8,1.7,2.1,1.9,2.4,2.8,3.1,3.2,2.6,2.6,2.2,2,2.5,3,2.7,3,2.1,1.5,1.6,2.1,2.1,1.9,


