測站,日期,測項,00,01,02,03,04,05,06,07,08,09,10,11,12,13,14,15,16,17,18,19,20,21,22,23,
楠梓,2024/01/01 00:00:00,AMB_TEMP,19.9,19.7,19.2,18.6,18.1,17.8,17.4,17.6,18.5,19.4,20.9,21.2,23.3,24.4,24.7,24,23.5,22.4,21.4,20.4,19.5,19.1,18.6,18.3,
楠梓,2024/01/01 00:00:00,CH4,2.35,2.38,2.37,2.33,2.3,2.29,2.3,2.3,2.28,2.26,2.26,2.25,2.22,2.19,2.16,2.15,2.19,2.2,2.21,2.2,2.2,2.23,2.26,2.27,
楠梓,2024/01/01 00:00:00,CO,0.61,0.66,0.66,0.58,0.49,0.46,0.46,0.46,0.44,0.44,0.45,0.47,0.47,0.46,0.43,0.44,0.47,0.49,0.49,0.48,0.47,0.5,0.52,0.52,
楠梓,2024/01/01 00:00:00,NMHC,0.09,0.09,0.11,0.1,0.08,0.07,0.08,0.08,0.07,0.06,0.07,0.07,0.06,0.06,0.05,0.1,0.06,0.05,0.07,0.06,0.05,0.06,0.07,0.06,
楠梓,2024/01/01 00:00:00,NO,0,0.6,0.7,0.8,0.8,0.7,0.6,1,1.9,2.5,2.4,2.4,2.2,1.4,1.1,1.1,0.8,0.8,0.7,0.8,0.7,0.6,0.7,0.7,
楠梓,2024/01/01 00:00:00,NO2,15.4,17.8,16.8,15.2,13.2,12.7,12.8,13.8,13.2,12.4,13,13.5,12.1,11.4,9.7,9.7,12.5,15.9,16.6,17.1,16.6,17.2,17.9,18.8,
楠梓,2024/01/01 00:00:00,NOx,15.5,18.5,17.6,16.1,14,13.5,13.4,14.8,15.2,14.9,15.5,15.9,14.4,12.9,10.9,10.8,13.3,16.7,17.3,17.9,17.3,17.8,18.6,19.6,
楠梓,2024/01/01 00:00:00,O3,24,18.6,18.6,21.4,25.8,26.2,26.1,23.8,25.8,28.1,30.3,32.7,45.9,59.9,65.4,64.1,61.3,56.1,47.9,38.6,33.5,28.4,23,19.4,
楠梓,2024/01/01 00:00:00,PM10,93,98,94,83,67,62,60,54,62,63,70,63,70,69,64,60,67,96,93,91,90,82,74,76,
楠梓,2024/01/01 00:00:00,PM2.5,64,68,66,60,43,34,38,35,35,38,34,38,43,43,33,31,42,39,40,41,34,37,37,38,
楠梓,2024/01/01 00:00:00,RAINFALL,0,0,0,0,0,0,0,0,0,0,0,0,0,0,0,0,0,0,0,0,0,0,0,0,
楠梓,2024/01/01 00:00:00,RH,91,91,91,90,88,88,88,86,81,77,73,72,66,64,65,67,62,63,66,69,71,73,75,79,
楠梓,2024/01/01 00:00:00,SO2,1.5,2,2.1,1.7,1.8,1.6,1.7,1.7,1.9,1.9,1.9,2.1,2.2,2.5,2.2,2.1,2.1,2.5,2.2,2,2,2,2.2,2.1,
楠梓,2024/01/01 00:00:00,THC,2.44,2.47,2.48,2.43,2.38,2.36,2.38,2.38,2.35,2.32,2.33,2.32,2.28,2.25,2.21,2.25,2.25,2.25,2.28,2.26,2.25,2.29,2.33,2.33,
楠梓,2024/01/01 00:00:00,WD_HR,341,7,356,352,359,17,7,8,4,349,346,352,317,284,291,302,355,356,21,331,338,337,18,44,
楠梓,2024/01/01 00:00:00,WIND_DIREC,25,356,355,13,22,333,19,335,327,13,338,351,305,283,344,9,349,341,25,332,330,341,44,345,
楠梓,2024/01/01 00:00:00,WIND_SPEED,1.3,1.1,0.4,1.1,1.4,1.5,0.9,1.2,1.1,1.1,1.3,1.1,0.9,1.6,1.1,0.3,1.3,1.2,1,1.2,1.9,1.6,1.3,0.8,
楠梓,2024/01/01 00:00:00,WS_HR,1,0.6,0.5,0.7,0.8,1.1,0.7,0.7,0.8,0.8,0.7,1,0.6,0.8,1.1,0.4,0.8,0.8,0.8,1.1,1.2,1.2,0.8,1.2,
楠梓,2024/01/02 00:00:00,AMB_TEMP,18.1,17.9,17.7,17.4,17.1,17.2,16.8,16.9,18.7,20.8,22.3,23,23.9,24.7,24.4,23.6,22.7,21.9,21.3,20.6,20.3,20,19.6,19.4,
楠梓,2024/01/02 00:00:00,CH4,2.27,2.28,2.34,2.32,2.35,2.39,2.42,2.42,2.46,2.31,2.23,2.19,2.18,2.14,2.14,2.15,2.12,2.12,2.13,2.14,2.2,2.21,2.21,2.19,
楠梓,2024/01/02 00:00:00,CO,0.53,0.52,0.51,0.5,0.49,0.5,0.56,0.7,0.76,0.6,0.56,0.59,0.61,0.54,0.45,0.41,0.38,0.46,0.45,0.45,0.42,0.4,0.37,0.36,
楠梓,2024/01/02 00:00:00,NMHC,0.07,0.08,0.08,0.07,0.09,0.08,0.11,0.16,0.14,0.1,0.1,0.08,0.13,0.11,0.15,0.18,0.16,0.19,0.14,0.11,0.12,0.08,0.07,0.06,
楠梓,2024/01/02 00:00:00,NO,0.7,0.6,0.4,0.6,0.7,2.3,9.1,20.5,34,11.1,5.6,2.7,2,1.1,1,0.9,0.7,0.6,0.6,0.5,0.6,0.4,0.4,0.4,
楠梓,2024/01/02 00:00:00,NO2,17.5,18.5,18.2,17.3,18.2,21.8,21.2,22.7,24.2,24.1,23.8,20.2,18.6,13.7,12.4,12.1,12.6,17.8,21.2,20.8,20.2,17.5,15.7,15.4,
楠梓,2024/01/02 00:00:00,NOx,18.2,19.1,18.6,17.9,19,24.1,30.3,43.3,58.2,35.2,29.4,22.9,20.7,14.9,13.4,13,13.3,18.5,21.8,21.4,20.9,18,16.2,15.8,
楠梓,2024/01/02 00:00:00,O3,16.5,14.3,11.5,10.2,7.9,0.2,0,0.8,2.1,14.5,29.1,42.7,55.2,66,68.1,67.2,58.5,48.6,42.4,39.8,35,31.9,29.2,25.8,
楠梓,2024/01/02 00:00:00,PM10,70,64,62,60,59,58,60,62,71,75,79,76,72,67,60,67,52,62,64,68,68,64,67,65,
楠梓,2024/01/02 00:00:00,PM2.5,40,36,39,30,37,34,30,36,42,39,36,33,39,34,28,31,26,23,30,34,35,29,32,32,
楠梓,2024/01/02 00:00:00,RAINFALL,0,0,0,0,0,0,0,0,0,0,0,0,0,0,0,0,0,0,0,0,0,0,0,0,
楠梓,2024/01/02 00:00:00,RH,79,79,79,82,82,84,87,86,83,76,69,67,63,60,61,65,68,72,74,78,81,82,83,85,
楠梓,2024/01/02 00:00:00,SO2,2.2,1.5,1.4,1.6,1.4,1.3,1.1,1.1,1.2,1.4,1.9,2.6,3.3,3.1,2.5,1.6,1.4,1.4,1.6,1.7,1.7,1.5,1.4,1.1,
楠梓,2024/01/02 00:00:00,THC,2.34,2.36,2.42,2.39,2.44,2.47,2.53,2.58,2.6,2.41,2.33,2.27,2.31,2.25,2.29,2.33,2.28,2.31,2.27,2.25,2.32,2.29,2.28,2.25,
楠梓,2024/01/02 00:00:00,WD_HR,337,334,38,39,41,48,33,31,358,2,322,300,257,273,284,284,301,310,345,20,24,11,5,40,
楠梓,2024/01/02 00:00:00,WIND_DIREC,34,352,29,62,51,50,4,30,324,52,309,279,236,254,275,299,297,327,350,352,34,26,16,43,
楠梓,2024/01/02 00:00:00,WIND_SPEED,0.8,1,0.4,0.5,0.7,0.5,0.4,0.6,0.9,0.6,0.9,0.8,0.9,1.3,2.6,2.8,2.2,1.9,1.3,1,1,0.6,1.2,0.4,
楠梓,2024/01/02 00:00:00,WS_HR,0.8,0.7,0.4,0.4,0.5,0.4,0.5,0.7,0.4,0.4,0.5,0.5,0.5,0.9,1.7,2,1.7,1.5,1.1,0.8,1,0.6,0.8,0.6,
楠梓,2024/01/03 00:00:00,AMB_TEMP,19.3,18.9,18.4,18.2,17.9,17.7,17.6,18.3,18.9,20.2,22.1,23.4,23.8,23.9,23.9,22.9,21.4,19.9,18.5,17.5,16.6,15.9,15.3,14.9,
楠梓,2024/01/03 00:00:00,CH4,2.21,2.31,2.26,2.21,2.24,2.24,2.21,2.17,2.16,2.16,2.14,2.11,2.09,2.08,2.08,2.08,2.1,2.12,2.15,2.18,2.2,2.21,2.22,2.23,
楠梓,2024/01/03 00:00:00,CO,0.36,0.44,0.38,0.33,0.36,0.37,0.41,0.43,0.39,0.37,0.36,0.34,0.33,0.3,0.28,0.29,0.34,0.39,0.44,0.49,0.52,0.54,0.55,0.55,
楠梓,2024/01/03 00:00:00,NMHC,0.08,0.14,0.05,0.02,0.06,0.08,0.08,0.05,0.05,0.06,0.04,0.03,0.01,0.01,0.01,0.01,0.03,0.06,0.08,0.11,0.12,0.12,0.11,0.11,
楠梓,2024/01/03 00:00:00,NO,0.3,0.8,0.8,0.8,0.8,0.7,1.2,1.4,2.8,4,3.4,2.7,2,1.6,1.4,1.3,1.2,1.2,0.8,0.7,0.8,1,1.1,1.1,
楠梓,2024/01/03 00:00:00,NO2,15.9,19.4,17.9,10.5,11.9,13.9,16.1,16.4,14.8,13.9,13.3,12.1,10.9,10.3,10.7,11.1,13.3,16.6,17.8,18.6,19.6,19.2,17.7,17.3,
楠梓,2024/01/03 00:00:00,NOx,16.2,20.3,18.8,11.4,12.7,14.7,17.3,17.8,17.6,17.9,16.7,14.8,13,11.9,12.2,12.5,14.6,17.9,18.6,19.4,20.4,20.3,18.8,18.5,
楠梓,2024/01/03 00:00:00,O3,21.8,15.8,17.5,28.7,22.2,17.4,14.9,21.9,23.7,25.9,39.8,49.4,52.7,57.5,59.8,58,50.7,45.4,39.2,34,29.1,27.1,26.8,24.9,
楠梓,2024/01/03 00:00:00,PM10,61,69,61,53,65,57,63,67,80,68,70,72,83,74,75,74,69,63,47,40,35,38,31,39,
楠梓,2024/01/03 00:00:00,PM2.5,32,42,30,29,36,35,35,40,39,39,37,30,30,30,28,24,21,20,20,21,17,21,24,25,
楠梓,2024/01/03 00:00:00,RAINFALL,0,0,0,0,0,0,0,0,0,0,0,0,0,0,0,0,0,0,0,0,0,0,0,0,
楠梓,2024/01/03 00:00:00,RH,87,88,91,92,94,94,95,91,86,82,71,62,63,62,60,62,65,67,67,69,71,73,74,77,
楠梓,2024/01/03 00:00:00,SO2,1,1.3,1.3,1.1,0.7,0.8,0.7,0.7,0.7,0.7,1.1,1.2,1.3,1.4,1.4,1.2,1.4,1.3,1.2,1.2,1.1,1.5,1.3,1,
楠梓,2024/01/03 00:00:00,THC,2.29,2.45,2.31,2.23,2.3,2.32,2.29,2.22,2.21,2.22,2.18,2.14,2.1,2.09,2.09,2.09,2.13,2.18,2.23,2.29,2.32,2.33,2.33,2.34,
楠梓,2024/01/03 00:00:00,WD_HR,343,337,24,30,7,34,0,21,27,14,16,21,348,9,6,347,12,1,9,9,343,344,340,352,
楠梓,2024/01/03 00:00:00,WIND_DIREC,318,32,35,18,18,28,338,31,27,7,348,348,351,337,348,337,31,0,0,0,331,357,340,14,
楠梓,2024/01/03 00:00:00,WIND_SPEED,1.1,1.6,2.2,2,2.7,2.4,2.4,2.7,2.8,2.8,3.5,3.5,3.6,3.6,3.3,4,2.5,2.1,2.5,1.9,2.1,1.9,1.5,1.1,
楠梓,2024/01/03 00:00:00,WS_HR,0.6,1,2,1.9,2,1.9,1.5,2.1,2.3,2.2,2.4,2.7,2.6,2.7,2.4,2.9,1.9,1.7,1.7,1.3,1.3,1.3,1,0.9,
楠梓,2024/01/04 00:00:00,AMB_TEMP,14.5,14.2,13.8,13.6,13.4,13.4,13.4,13.5,14.8,17.8,20.1,22.4,23.2,23.1,23,22.6,22.1,21.3,20.5,19.9,19.1,18.5,17.7,16.9,
楠梓,2024/01/04 00:00:00,CH4,2.26,2.27,2.3,2.29,2.3,2.28,2.28,2.33,2.29,2.26,2.22,2.19,2.15,2.09,2.08,#,2.09,2.1,2.14,2.19,2.16,2.2,2.25,2.26,
楠梓,2024/01/04 00:00:00,CO,0.54,0.52,0.51,0.49,0.47,0.47,0.51,0.56,0.54,0.61,0.52,0.46,0.43,0.34,0.32,#,0.36,0.48,0.59,0.51,0.44,0.44,0.41,0.4,
楠梓,2024/01/04 00:00:00,NMHC,0.13,0.12,0.14,0.13,0.13,0.14,0.17,0.15,0.14,0.16,0.14,0.15,0.12,0.06,0.05,#,0.08,0.13,0.19,0.17,0.13,0.1,0.11,0.11,
楠梓,2024/01/04 00:00:00,NO,0.8,0.5,0.9,0.8,0.6,0.6,2.8,9.5,13,12.1,9.5,5.7,3,1.4,1.3,#,1.1,0.9,1.1,1.1,0.9,0.8,0.8,0.8,
楠梓,2024/01/04 00:00:00,NO2,18.5,18.6,18.2,17.6,17.5,18.5,25.3,28,23.5,25.7,26.2,23.6,19.7,12.1,10.7,#,15,20.7,27.6,29.1,22.4,20.7,20.2,21,
楠梓,2024/01/04 00:00:00,NOx,19.4,19.1,19.1,18.4,18.2,19.1,28.2,37.6,36.5,37.8,35.7,29.3,22.7,13.6,12,#,16.1,21.7,28.8,30.2,23.4,21.6,21,21.8,
楠梓,2024/01/04 00:00:00,O3,21,19.3,17.2,17,16.2,11.9,4.4,5,9.9,16,28.5,42,59.2,60.7,#,#,53.4,46,37.1,36.3,38.3,34.9,30.3,24.3,
楠梓,2024/01/04 00:00:00,PM10,35,36,35,37,31,33,36,48,50,63,61,72,63,39,44,#,51,60,62,70,57,70,72,67,
楠梓,2024/01/04 00:00:00,PM2.5,23,20,25,24,22,23,25,19,24,31,32,27,29,18,#,17,17,21,27,30,31,30,33,30,
楠梓,2024/01/04 00:00:00,RAINFALL,0,0,0,0,0,0,0,0,0,0,0,0,0,0,#,0,0,0,0,0,0,0,0,0,
楠梓,2024/01/04 00:00:00,RH,80,82,84,84,84,85,84,82,80,71,64,57,55,56,56,58,60,62,65,68,70,72,76,81,
楠梓,2024/01/04 00:00:00,SO2,0.9,1.3,1.3,1.4,1.6,1.6,1.3,1.4,1.7,2.9,3.2,2.7,2.1,1.7,1.8,#,1.4,1.6,2,2.2,2,2.1,1.9,1.7,
楠梓,2024/01/04 00:00:00,THC,2.39,2.39,2.44,2.42,2.43,2.42,2.45,2.48,2.43,2.42,2.36,2.34,2.27,2.15,2.13,#,2.17,2.23,2.33,2.36,2.29,2.3,2.36,2.37,
楠梓,2024/01/04 00:00:00,WD_HR,36,30,27,4,34,44,25,31,35,354,48,291,276,281,270,281,297,304,346,45,43,349,22,19,
楠梓,2024/01/04 00:00:00,WIND_DIREC,39,40,16,45,33,74,5,51,25,55,56,290,276,279,264,295,297,305,27,55,8,18,27,26,
楠梓,2024/01/04 00:00:00,WIND_SPEED,0.8,1.3,1,1.2,0.8,0.2,1.4,0.9,0.4,1.1,1.5,1.6,2.7,2.3,2.2,2.2,1.8,1.4,1.5,2.2,0.2,0.8,1,1.5,
楠梓,2024/01/04 00:00:00,WS_HR,0.8,0.7,0.5,0.7,1,0.4,0.5,0.9,0.7,0.3,0.6,0.7,1.2,2.1,1.7,1.8,1.4,1.2,0.6,1.7,0.4,0.3,0.8,0.7,
楠梓,2024/01/05 00:00:00,AMB_TEMP,16.4,16.1,16.3,17,17.2,16.8,16.3,16.3,17.3,19.4,21.4,23.2,24.1,24.7,24.3,23.9,23.3,22.2,20.9,19.8,19,18.4,17.7,17.5,
楠梓,2024/01/05 00:00:00,CH4,2.26,2.27,2.21,2.18,2.21,2.26,2.3,2.31,2.29,2.25,2.19,2.15,2.1,2.1,2.07,2.04,2.06,2.11,2.15,2.17,2.18,2.16,2.16,2.18,
楠梓,2024/01/05 00:00:00,CO,0.39,0.36,0.36,0.37,0.37,0.38,0.46,0.58,0.51,0.46,0.39,0.38,0.38,0.37,0.29,0.27,0.31,0.42,0.5,0.45,0.48,0.44,0.43,0.41,
楠梓,2024/01/05 00:00:00,NMHC,0.13,0.11,0.08,0.08,0.09,0.11,0.12,0.17,0.16,0.11,0.08,0.06,0.05,0.07,0.04,0.04,0.06,0.11,0.16,0.12,0.14,0.07,0.09,0.09,
楠梓,2024/01/05 00:00:00,NO,0.8,0.7,0.8,1,1.1,0.9,2.5,16,15.1,9,5.9,3.3,1.9,1.5,1.1,1.3,1.2,0.9,0.9,0.9,1,0.8,0.8,0.5,
楠梓,2024/01/05 00:00:00,NO2,20.5,17.3,14.8,16.5,16.4,18.7,23.1,25.8,23.3,19.8,17,15.3,12.6,13,11,9.6,12.9,21.4,31.8,22.4,23.4,20.3,17.3,16.5,
楠梓,2024/01/05 00:00:00,NOx,21.3,18.1,15.6,17.6,17.5,19.6,25.6,41.8,38.4,28.9,23,18.6,14.6,14.5,12.2,10.9,14.1,22.4,32.8,23.3,24.5,21.2,18.1,17.1,
楠梓,2024/01/05 00:00:00,O3,19.1,19.1,20.8,18.8,18.7,12,4.1,2.3,7.8,16.7,28.6,46.8,61.3,67.8,60.5,55.4,55.9,48.5,36.6,40.6,32.6,33.5,31,27.9,
楠梓,2024/01/05 00:00:00,PM10,60,61,63,64,63,65,74,66,74,62,63,62,51,56,48,43,46,60,71,69,64,66,67,58,
楠梓,2024/01/05 00:00:00,PM2.5,31,29,34,35,33,32,40,37,36,28,30,30,29,30,22,16,22,27,35,35,39,32,33,34,
楠梓,2024/01/05 00:00:00,RAINFALL,0,0,0,0,0,0,0,0.5,0,0,0,0,0,0,0,0,0,0,0,0,0,0,0,0,
楠梓,2024/01/05 00:00:00,RH,85,86,85,82,82,85,87,87,83,77,68,59,52,52,52,51,53,60,68,73,77,81,84,85,
楠梓,2024/01/05 00:00:00,SO2,1.9,1,1.2,1.5,1.5,1.3,1.7,1.5,1.6,1.8,1.6,1.4,1.5,1.6,1.2,0.9,1.3,1.4,2,1.2,1.3,1.1,1,0.8,
楠梓,2024/01/05 00:00:00,THC,2.39,2.38,2.29,2.26,2.3,2.37,2.42,2.48,2.45,2.36,2.27,2.21,2.15,2.17,2.11,2.08,2.12,2.22,2.31,2.29,2.32,2.23,2.25,2.27,
楠梓,2024/01/05 00:00:00,WD_HR,37,47,39,51,18,317,13,14,332,8,12,349,347,318,304,309,350,336,27,26,41,41,49,50,
楠梓,2024/01/05 00:00:00,WIND_DIREC,26,29,67,54,291,309,37,341,323,343,55,359,312,319,306,315,339,330,42,31,29,50,28,60,
楠梓,2024/01/05 00:00:00,WIND_SPEED,1.2,0.9,0.9,0.9,0.7,0.8,1.4,1.1,1.3,1.2,1.3,2.1,1.9,2.6,2.9,2.1,2.3,1.4,2.3,2.3,1.8,1.8,0.8,1.2,
楠梓,2024/01/05 00:00:00,WS_HR,1,0.8,1.1,1.3,0.7,0.8,0.6,0.7,0.9,0.9,0.9,1,0.9,1.7,2.2,1.8,1.2,1.4,1.3,1.3,1.2,1.5,1.3,0.8,
楠梓,2024/01/06 00:00:00,AMB_TEMP,17.2,17.1,17.2,16.9,17,16.7,16,16.4,17.6,19.8,21.9,23.4,24.8,25.5,24.8,23.8,23.2,22,21.1,20.4,19.8,19.3,18.9,18.6,
楠梓,2024/01/06 00:00:00,CH4,2.19,2.27,2.46,2.28,2.19,2.31,2.32,2.28,2.25,2.21,2.14,2.09,2.09,2.1,2.17,2.16,2.15,2.15,2.16,2.21,2.22,2.18,2.22,2.27,
楠梓,2024/01/06 00:00:00,CO,0.43,0.44,0.42,0.32,0.29,0.38,0.39,0.49,0.44,0.36,0.33,0.31,0.4,0.34,0.41,0.38,0.43,0.48,0.42,0.41,0.41,0.39,0.37,0.44,
楠梓,2024/01/06 00:00:00,NMHC,0.15,0.17,0.11,0.06,0.06,0.11,0.12,0.12,0.1,0.07,0.04,0.03,0.04,0.05,0.06,0.07,0.08,0.11,0.1,0.11,0.11,0.06,0.04,0.09,
楠梓,2024/01/06 00:00:00,NO,0.9,1.9,0.7,0.5,0.2,0.2,1.5,7.8,6.9,4.8,2.7,1.3,1.2,0.7,0.4,0.3,0.6,0.2,0.3,0.2,0.3,0.4,0.2,0.2,
楠梓,2024/01/06 00:00:00,NO2,24.1,24.1,22,16.1,13.6,16.8,21.9,25.3,20.8,16.9,14.3,11,10.8,10.3,12.7,12.9,14.4,17.6,18.8,18.9,19.5,18.1,15.6,19,
楠梓,2024/01/06 00:00:00,NOx,25,26.1,22.8,16.6,13.8,17,23.5,33.2,27.7,21.7,17,12.3,12.1,11,13.2,13.3,15,17.9,19.1,19.1,19.8,18.6,15.8,19.2,
楠梓,2024/01/06 00:00:00,O3,15.7,10.9,14,16.8,21.1,10.3,7.7,4.4,14.5,23.7,39.5,53.3,56.7,67.9,83,79.5,78.1,69.9,52.4,42.9,36.2,36,34.5,24.8,
楠梓,2024/01/06 00:00:00,PM10,64,72,50,38,29,39,47,43,53,51,52,x,x,44,64,59,80,79,68,63,62,72,69,68,
楠梓,2024/01/06 00:00:00,PM2.5,36,43,28,30,20,18,29,25,32,28,28,15,16,20,38,36,43,43,38,39,39,40,38,37,
楠梓,2024/01/06 00:00:00,RAINFALL,0,0,0,0,0,0,0,0,0,0,0,0,0,0,0,0,0,0,0,0,0,0,0,0,
楠梓,2024/01/06 00:00:00,RH,86,86,83,85,84,86,89,86,83,73,64,53,46,45,56,59,64,70,72,70,71,76,79,82,
楠梓,2024/01/06 00:00:00,SO2,0.9,1.1,1.3,1,1,1,1.1,1.1,1.2,1.3,1.4,1.6,1.7,1.7,2,2,2.2,2.1,2,1.9,1.6,1.7,1.6,1.6,
楠梓,2024/01/06 00:00:00,THC,2.34,2.44,2.57,2.34,2.25,2.42,2.44,2.4,2.35,2.28,2.18,2.12,2.13,2.15,2.23,2.23,2.23,2.26,2.26,2.32,2.33,2.24,2.26,2.36,
楠梓,2024/01/06 00:00:00,WD_HR,60,79,73,55,51,348,14,355,330,11,0,16,297,270,279,292,289,327,19,32,34,39,31,45,
楠梓,2024/01/06 00:00:00,WIND_DIREC,48,106,53,42,46,316,49,302,343,9,323,32,264,282,296,302,294,358,12,35,66,21,63,61,
楠梓,2024/01/06 00:00:00,WIND_SPEED,0.4,1.2,1,0.5,1,1.1,1,0.8,1.4,1.2,1.2,0.8,1.8,1.6,1.7,1.9,1.1,1.6,0.8,1.4,0.2,0.6,0.3,0.2,
楠梓,2024/01/06 00:00:00,WS_HR,0.6,0.8,0.5,0.6,0.5,0.5,0.4,0.2,0.8,0.8,0.8,0.6,0.9,1,1.7,1.6,1,0.9,0.9,1,0.8,0.9,0.6,0.3,
楠梓,2024/01/07 00:00:00,AMB_TEMP,18.2,17.6,17.8,17.5,17.4,17.1,16.4,16.5,17.3,18.5,20,21.8,23.5,24.4,25.3,25,24.2,23.3,22.3,21.4,20.1,18.7,17.9,17.3,
楠梓,2024/01/07 00:00:00,CH4,2.27,2.33,2.28,2.39,2.33,2.3,2.43,2.43,2.4,2.37,2.35,2.29,2.2,2.15,2.13,2.14,2.13,2.18,2.24,2.28,2.3,2.31,2.33,2.31,
楠梓,2024/01/07 00:00:00,CO,0.39,0.39,0.35,0.4,0.41,0.41,0.48,0.52,0.52,0.5,0.48,0.47,0.42,0.42,0.38,0.37,0.36,0.44,0.54,0.58,0.56,0.52,0.53,0.51,
楠梓,2024/01/07 00:00:00,NMHC,0.05,0.08,0.04,0.08,0.06,0.07,0.12,0.14,0.13,0.13,0.11,0.09,0.06,0.03,0.03,0.05,0.03,0.04,0.07,0.09,0.08,0.07,0.07,0.07,
楠梓,2024/01/07 00:00:00,NO,0.1,1.2,1.2,1.3,1.1,1.3,1.8,3.4,5.8,6.2,5.3,3.8,2.3,1.3,1.3,1.3,1.1,1,1,1.2,1.3,1.4,1.1,1.3,
楠梓,2024/01/07 00:00:00,NO2,17.4,15.1,12.3,14.5,13.7,13.2,17.1,18,16.5,15.7,14.9,13.2,11.3,9.5,8.6,10.2,11.2,12.9,18,21.5,20.7,18,17.5,17.1,
楠梓,2024/01/07 00:00:00,NOx,17.5,16.3,13.6,15.9,14.9,14.5,18.9,21.4,22.3,22,20.2,17.1,13.7,10.8,10,11.5,12.4,14,19,22.8,22.1,19.4,18.7,18.4,
楠梓,2024/01/07 00:00:00,O3,27.8,20.4,23.8,16.5,14.3,14,4.3,5.2,7.8,13.2,18.5,30.9,47.9,62.9,69.3,72.1,67.1,66.6,54.6,45,38.9,36.8,32.1,28.7,
楠梓,2024/01/07 00:00:00,PM10,66,58,56,67,69,72,71,74,77,70,67,64,56,42,53,58,52,74,87,88,97,98,93,75,
楠梓,2024/01/07 00:00:00,PM2.5,38,42,32,45,46,46,50,49,51,51,45,42,37,29,24,33,20,34,37,39,47,43,42,42,
楠梓,2024/01/07 00:00:00,RAINFALL,0,0,0,0,0,0,0,0,0,0,0,0,0,0,0,0,0,0,0,0,0,0,0,0,
楠梓,2024/01/07 00:00:00,RH,84,87,87,89,90,91,93,91,88,84,78,70,62,56,51,52,51,54,59,62,66,72,76,77,
楠梓,2024/01/07 00:00:00,SO2,1.6,1.4,1.1,1.5,1.7,1.9,1.5,1.8,1.8,1.8,1.9,1.8,1.9,2.7,2.8,2.2,2.1,2.6,2.5,2.5,2.6,2.4,2,1.9,
楠梓,2024/01/07 00:00:00,THC,2.32,2.41,2.32,2.47,2.39,2.37,2.55,2.57,2.53,2.5,2.46,2.38,2.26,2.18,2.16,2.19,2.16,2.22,2.31,2.37,2.38,2.38,2.4,2.38,
楠梓,2024/01/07 00:00:00,WD_HR,31,30,26,34,33,11,334,1,35,4,343,21,359,338,316,312,342,354,358,32,347,340,24,36,
楠梓,2024/01/07 00:00:00,WIND_DIREC,43,40,330,46,32,323,329,20,7,38,332,18,356,334,269,313,345,42,336,34,359,8,28,349,
楠梓,2024/01/07 00:00:00,WIND_SPEED,1.2,0.6,1.2,1.2,0.9,1.1,1.4,0.9,0.7,1.9,1.3,1.3,1.4,1.2,1.2,1.5,1.7,0.6,0.2,1.1,0.6,0.7,1.4,0.3,
楠梓,2024/01/07 00:00:00,WS_HR,0.7,0.5,0.6,1,0.9,0.8,0.7,0.8,0.8,0.9,1,0.8,0.9,0.6,0.6,1.5,1.1,0.7,0.2,0.8,0.9,0.8,1,0.5,
楠梓,2024/01/08 00:00:00,AMB_TEMP,16.8,16.3,16.1,15.7,15.3,15.1,15.4,16.1,16.9,18.4,20.5,22.9,24.4,24.8,24.9,24.6,23.8,22.9,22.3,21.3,20.5,20,19.3,18.7,
楠梓,2024/01/08 00:00:00,CH4,2.3,2.28,2.3,2.3,2.3,2.32,2.28,2.3,2.35,2.34,2.28,2.22,2.13,2.16,2.12,2.1,2.09,2.12,2.16,2.16,2.18,2.21,2.23,2.22,
楠梓,2024/01/08 00:00:00,CO,0.49,0.48,0.47,0.44,0.41,0.41,0.47,0.68,0.63,0.57,0.47,0.44,0.38,0.41,0.37,0.35,0.37,0.47,0.46,0.36,0.36,0.36,0.37,0.38,
楠梓,2024/01/08 00:00:00,NMHC,0.06,0.05,0.06,0.08,0.07,0.08,0.09,0.15,0.15,0.14,0.13,0.12,0.08,0.12,0.11,0.1,0.21,0.23,0.16,0.09,0.08,0.1,0.1,0.1,
楠梓,2024/01/08 00:00:00,NO,0.9,0.9,0.8,0.4,0.5,0.6,1.3,7.5,13.5,12.6,16,11.6,2.5,1.6,1.2,1.1,1.1,1,0.8,0.7,0.9,0.6,0.8,0.9,
楠梓,2024/01/08 00:00:00,NO2,16.3,13.3,13.1,13.5,13,15.4,20.2,26.3,26.6,24,28,28,13.6,14.8,13.7,13.5,14.4,21.2,24.5,19.1,17.5,19,18.4,18.6,
楠梓,2024/01/08 00:00:00,NOx,17.2,14.2,14,13.9,13.6,16.1,21.5,33.8,40.1,36.6,44.1,39.6,16.2,16.5,15,14.6,15.5,22.2,25.4,19.9,18.5,19.7,19.2,19.5,
楠梓,2024/01/08 00:00:00,O3,25.3,24.4,21.4,19.6,19.5,13.7,11.6,5.9,7.8,10.2,11.9,26.6,55.2,66.1,67.1,63,59.3,49.2,41.9,41.1,34.7,30.2,25.2,20,
楠梓,2024/01/08 00:00:00,PM10,72,69,70,54,53,52,61,90,75,79,75,89,58,63,63,68,58,71,73,64,63,66,61,62,
楠梓,2024/01/08 00:00:00,PM2.5,37,31,41,39,35,33,38,40,42,39,33,35,21,36,25,26,20,28,27,23,24,28,23,30,
楠梓,2024/01/08 00:00:00,RAINFALL,0,0,0,0,0,0,0,0,0,0,0,0,0,0,0,0,0,0,0,0,0,0,0,0,
楠梓,2024/01/08 00:00:00,RH,80,83,84,84,83,84,85,83,81,77,70,62,54,54,54,55,57,66,68,70,73,77,82,86,
楠梓,2024/01/08 00:00:00,SO2,2,1.3,1.3,1.2,1.3,1.6,1.9,3,2.2,1.9,1.8,1.6,1.7,2,1.9,1.9,2,2,2.4,2.1,1.9,1.8,1.7,1.7,
楠梓,2024/01/08 00:00:00,THC,2.36,2.33,2.36,2.38,2.37,2.4,2.37,2.45,2.5,2.48,2.41,2.34,2.21,2.28,2.23,2.2,2.3,2.35,2.32,2.25,2.26,2.31,2.33,2.32,
楠梓,2024/01/08 00:00:00,WD_HR,33,32,4,350,328,29,38,358,354,349,347,320,297,281,288,289,276,315,349,337,7,26,28,27,
楠梓,2024/01/08 00:00:00,WIND_DIREC,33,30,316,347,331,53,36,316,24,55,308,307,258,277,270,307,294,332,319,347,350,34,23,58,
楠梓,2024/01/08 00:00:00,WIND_SPEED,0.9,1,1.2,0.8,2.4,0.5,1,1,1.5,0.8,0.6,0.9,1.3,2.1,2.2,2.1,1.3,1.4,1.7,1,0.7,1.4,1.2,0.4,
楠梓,2024/01/08 00:00:00,WS_HR,0.9,0.8,0.6,0.4,1.8,0.8,0.6,0.5,0.9,0.5,0.6,0.3,1.1,1.6,1.3,1.7,1.5,1.3,1.1,1.3,0.5,1.1,0.8,0.7,
楠梓,2024/01/09 00:00:00,AMB_TEMP,18.1,17.8,17.5,17,16.6,16.7,16.9,17.4,18.4,20.1,22.1,23.8,25.7,26.1,26.4,26.2,25.4,24.3,23.1,22.1,20.6,19.6,19.1,18.7,
楠梓,2024/01/09 00:00:00,CH4,2.19,2.23,2.19,2.23,2.22,2.24,2.2,2.22,2.21,2.2,2.18,2.14,2.12,2.08,2.08,2.07,2.08,2.1,2.12,2.15,2.15,2.17,2.18,2.17,
楠梓,2024/01/09 00:00:00,CO,0.39,0.37,0.34,0.33,0.31,0.32,0.33,0.45,0.39,0.37,0.35,0.33,0.29,0.24,0.24,0.25,0.28,0.33,0.34,0.33,0.3,0.3,0.32,0.33,
楠梓,2024/01/09 00:00:00,NMHC,0.1,0.12,0.06,0.08,0.08,0.08,0.08,0.13,0.11,0.1,0.11,0.08,0.05,0.01,0.01,0.01,0.05,0.08,0.08,0.07,0.05,0.05,0.06,0.06,
楠梓,2024/01/09 00:00:00,NO,0.8,0.9,0.7,0.6,0.9,0.9,1.5,4.7,8.5,7.8,7,3.5,3,1.5,1.6,1.4,0.9,0.9,0.9,0.8,0.7,0.7,0.6,0.6,
楠梓,2024/01/09 00:00:00,NO2,17.9,17.1,13.8,14.9,14.7,14.2,15.7,18.1,17.9,17.9,20.1,17.8,15.7,10.9,10.3,10.1,12.8,18.4,20.5,18.8,16.7,14.4,14.8,15.3,
楠梓,2024/01/09 00:00:00,NOx,18.7,18,14.5,15.6,15.6,15.1,17.3,22.9,26.4,25.8,27.1,21.3,18.7,12.5,12,11.5,13.8,19.3,21.4,19.7,17.4,15.2,15.4,15.9,
楠梓,2024/01/09 00:00:00,O3,15.8,12.6,12.8,8.7,8.4,8.1,8,5.1,8.8,13.6,19.2,35.6,46.7,52.7,52.1,52,49.8,38.5,32.4,30.2,29.6,27.2,20.8,16.6,
楠梓,2024/01/09 00:00:00,PM10,58,58,51,52,54,50,53,62,62,59,69,51,49,32,44,40,43,52,49,45,45,47,54,66,
楠梓,2024/01/09 00:00:00,PM2.5,27,24,27,27,38,26,33,29,34,32,27,21,21,12,15,12,12,17,22,20,20,26,32,46,
楠梓,2024/01/09 00:00:00,RAINFALL,0,0,0,0,0,0,0,0,0,0,0,0,0,0,0,0,0,0,0,0,0,0,0,0,
楠梓,2024/01/09 00:00:00,RH,90,92,93,95,97,97,95,93,89,82,72,63,56,54,54,55,58,61,65,71,82,88,91,93,
楠梓,2024/01/09 00:00:00,SO2,1.6,1.2,0.9,0.8,0.8,0.9,0.9,0.7,0.9,1,1.1,1.9,1.6,1.2,1.8,1.8,1.7,1.8,2,1.3,1.3,1.7,1.4,1.1,
楠梓,2024/01/09 00:00:00,THC,2.29,2.35,2.25,2.31,2.3,2.32,2.28,2.35,2.32,2.3,2.29,2.22,2.17,2.09,2.09,2.08,2.13,2.18,2.2,2.22,2.2,2.22,2.24,2.23,
楠梓,2024/01/09 00:00:00,WD_HR,339,30,36,338,359,22,30,6,32,14,349,337,1,5,351,2,342,5,333,349,331,357,351,27,
楠梓,2024/01/09 00:00:00,WIND_DIREC,353,31,7,327,30,24,22,38,22,335,335,356,12,347,345,353,338,356,326,327,341,24,34,12,
楠梓,2024/01/09 00:00:00,WIND_SPEED,1.2,1.5,0.9,1.7,1.7,1.7,1.9,1.5,1.8,1,1.6,2,2.7,2.7,2.7,2.2,2.2,1.6,2.6,2.7,2.2,1.2,1.6,1.4,
楠梓,2024/01/09 00:00:00,WS_HR,1.2,0.9,1,0.7,0.7,1,1.6,1,1.8,1.1,0.9,1.6,1.6,2.1,2.1,1.9,2,1.2,2.1,1.3,2.3,1,1,1.3,
楠梓,2024/01/10 00:00:00,AMB_TEMP,18.5,18.1,18.1,17.7,17.5,17.1,17.2,17.3,18.1,19.9,21.7,22.8,23.9,24.7,24.3,22.9,22.3,21.3,19.6,18.7,17.9,17.1,16.3,15.8,
楠梓,2024/01/10 00:00:00,CH4,2.15,2.13,2.17,2.16,2.17,2.21,2.19,2.2,2.15,2.12,2.1,2.09,2.08,2.09,2.12,2.14,2.15,2.17,2.17,2.19,2.2,2.2,2.2,2.22,
楠梓,2024/01/10 00:00:00,CO,0.34,0.34,0.36,0.33,0.33,0.34,0.36,0.44,0.35,0.31,0.29,0.29,0.29,0.31,0.36,0.44,0.47,0.53,0.54,0.52,0.54,0.51,0.51,0.5,
楠梓,2024/01/10 00:00:00,NMHC,0.07,0.06,0.07,0.08,0.11,0.11,0.11,0.13,0.07,0.04,0.04,0.02,0.02,0.01,0.03,0.06,0.06,0.09,0.09,0.11,0.14,0.12,0.12,0.12,
楠梓,2024/01/10 00:00:00,NO,0.7,0.6,0.6,0.4,0.6,0.5,1.1,4,4.3,3.9,3.2,2.5,1.8,1.4,1.2,0.8,0.6,0.5,0.6,0.6,0.4,0.7,0.7,0.5,
楠梓,2024/01/10 00:00:00,NO2,14.1,13.1,12.7,13.7,14.6,17.6,17.7,18.4,15.4,14.4,12.7,11.4,10.5,10,11.2,12.3,14.3,17.8,18,18.2,19.2,18.8,17.9,18.1,
楠梓,2024/01/10 00:00:00,NOx,14.8,13.7,13.4,14.1,15.3,18.1,18.8,22.4,19.8,18.4,15.9,13.9,12.3,11.4,12.5,13.1,15,18.3,18.7,18.8,19.6,19.5,18.6,18.6,
楠梓,2024/01/10 00:00:00,O3,18.3,18,15.1,15.1,14.2,9.1,9.2,7.3,18.6,25.5,33.8,42.3,49.7,59.3,65.4,67.5,62.4,54.8,46.4,40.3,33.6,30.8,29.9,27.2,
楠梓,2024/01/10 00:00:00,PM10,64,68,72,65,60,53,39,49,42,34,41,34,44,48,101,163,110,86,81,59,72,58,68,62,
楠梓,2024/01/10 00:00:00,PM2.5,42,44,46,41,37,31,30,34,20,17,15,17,12,14,26,37,31,34,40,34,44,39,42,39,
楠梓,2024/01/10 00:00:00,RAINFALL,0,0,0,0,0,0,0,0,0,0,0,0,0,0,0,0,0,0,0,0,0,0,0,0,
楠梓,2024/01/10 00:00:00,RH,94,95,95,94,92,92,91,91,87,79,70,64,58,54,56,57,55,57,58,59,61,57,57,58,
楠梓,2024/01/10 00:00:00,SO2,1.1,0.6,0.5,0.5,0.8,0.7,0.8,0.8,1,1.1,1.2,1.3,1.3,1.3,1.6,1.7,1.2,1.3,1.2,1.3,1.4,1.3,1.4,1.3,
楠梓,2024/01/10 00:00:00,THC,2.22,2.19,2.24,2.24,2.28,2.32,2.3,2.33,2.22,2.16,2.14,2.11,2.1,2.1,2.15,2.2,2.21,2.26,2.26,2.3,2.34,2.32,2.32,2.34,
楠梓,2024/01/10 00:00:00,WD_HR,22,38,8,345,24,352,26,4,27,32,358,8,10,354,353,353,15,359,12,24,5,11,342,358,
楠梓,2024/01/10 00:00:00,WIND_DIREC,29,39,358,342,20,343,45,29,35,14,332,25,351,20,356,4,20,357,28,33,331,335,348,331,
楠梓,2024/01/10 00:00:00,WIND_SPEED,2.2,2.5,1.5,2.6,2.2,2.6,1.9,2.4,3.9,1.9,2.7,3.3,3.1,3.4,3.7,3.4,2.8,2.9,2.2,1.5,1.6,1.7,1.5,1.6,
楠梓,2024/01/10 00:00:00,WS_HR,1.5,1.7,1.4,1.8,2,1.7,2,1.5,2.6,2.3,1.7,2.3,2.2,2.2,2.2,2.5,2.3,1.5,1.5,1.7,1.2,1.2,1.2,1,
楠梓,2024/01/11 00:00:00,AMB_TEMP,15.3,14.9,14.5,14.2,13.8,13.5,13.3,13.5,14.4,16.6,19.7,22.2,22.9,22.2,21.2,21.2,20.9,20,19.2,18.8,18.3,17.5,16.8,16.4,
楠梓,2024/01/11 00:00:00,CH4,2.23,2.23,2.24,2.23,2.24,2.25,2.27,2.32,2.37,2.28,#,2.12,2.1,2.12,2.1,2.08,2.07,2.09,2.1,2.12,2.18,2.36,2.36,2.3,
楠梓,2024/01/11 00:00:00,CO,0.51,0.48,0.44,0.4,0.41,0.41,0.49,0.74,0.61,0.51,#,0.44,0.38,0.4,0.35,0.32,0.34,0.41,0.49,0.55,0.6,0.75,0.72,0.65,
楠梓,2024/01/11 00:00:00,NMHC,0.14,0.12,0.15,0.14,0.15,0.12,0.16,0.25,0.2,0.22,#,0.19,0.07,0.08,0.07,0.04,0.04,0.07,0.29,0.13,0.85,0.46,0.34,0.23,
楠梓,2024/01/11 00:00:00,NO,0.3,0.5,0.2,0.4,1,0.6,8.7,18.2,13.9,12,#,#,2.2,1.5,0.8,0.6,0.2,0.5,0.1,0.3,0.2,1.3,2.3,2.3,
楠梓,2024/01/11 00:00:00,NO2,18.6,17.8,18.6,18,20.2,22.1,34.2,29.6,29,26.3,#,#,16.9,15.5,11.6,13.7,13.8,17.7,22.4,24.6,28.3,42.2,42.5,42.3,
楠梓,2024/01/11 00:00:00,NOx,18.9,18.3,18.8,18.5,21.3,22.7,43,47.9,43,38.3,#,#,19.2,17.1,12.4,14.3,14,18.2,22.5,24.9,28.6,43.6,44.8,44.6,
楠梓,2024/01/11 00:00:00,O3,24.2,22.3,20.1,19.8,17.3,11.4,1.6,2.6,9.9,16,#,39,53.6,60.9,62.8,63.8,62.2,57.6,49.2,45,36.7,14.2,9.3,6.9,
楠梓,2024/01/11 00:00:00,PM10,59,54,43,51,44,41,55,62,67,73,#,77,61,71,68,66,55,63,66,69,75,94,89,81,
楠梓,2024/01/11 00:00:00,PM2.5,42,39,34,42,30,32,31,35,38,35,#,24,29,32,27,23,21,24,26,28,33,40,44,39,
楠梓,2024/01/11 00:00:00,RAINFALL,0,0,0,0,0,0,0,0,0,0,#,#,0,0,0,0,0,0,0,0,0,0,0,0,
楠梓,2024/01/11 00:00:00,RH,59,62,58,55,57,60,62,68,61,59,55,47,48,51,53,54,55,59,64,65,69,74,75,78,
楠梓,2024/01/11 00:00:00,SO2,1.2,1.3,1.3,1.9,1.8,1.8,1.9,1.7,2.7,2.8,#,2,1.2,1.4,1.8,2,1.5,1.3,1.2,1.1,1.2,1.7,1.5,1.4,
楠梓,2024/01/11 00:00:00,THC,2.37,2.35,2.39,2.37,2.39,2.37,2.43,2.57,2.57,2.5,#,2.31,2.17,2.2,2.17,2.12,2.11,2.16,2.39,2.25,3.03,2.82,2.7,2.53,
楠梓,2024/01/11 00:00:00,WD_HR,26,34,26,15,42,35,45,337,359,37,330,248,243,271,294,299,266,271,299,286,298,35,69,76,
楠梓,2024/01/11 00:00:00,WIND_DIREC,32,40,50,27,62,53,59,320,37,5,283,249,239,268,308,280,258,257,293,201,301,54,70,88,
楠梓,2024/01/11 00:00:00,WIND_SPEED,1,1,0.5,0.9,0.8,0.8,0.9,1.9,1.3,1,0.8,1.9,2,3,2.3,1,1.5,0.5,0.5,0.2,1,1.3,0.9,0.2,
楠梓,2024/01/11 00:00:00,WS_HR,1.1,1.1,0.3,0.4,0.7,1,0.9,0.8,0.8,1,0.1,1.1,1.6,2.3,1.9,1,1.2,1.2,0.4,0.1,0.5,0.6,0.4,0.5,
楠梓,2024/01/12 00:00:00,AMB_TEMP,16.3,16.2,15.7,15.3,15.2,15.3,15.1,15.4,16.3,19.2,21.4,22.7,23.5,24.7,25,23.9,22.4,21,#,19.7,19.1,18.6,18.4,17.7,
楠梓,2024/01/12 00:00:00,CH4,2.32,2.41,2.46,2.44,2.35,2.43,2.44,2.45,2.39,2.24,2.15,2.08,2.06,2.06,2.05,2.05,2.05,2.07,#,2.14,2.18,2.18,2.21,2.22,
楠梓,2024/01/12 00:00:00,CO,0.59,0.63,0.56,0.52,0.48,0.63,0.66,0.91,0.63,0.46,0.43,0.3,0.28,0.29,0.25,0.28,0.3,0.39,#,0.43,0.49,0.48,0.46,0.42,
楠梓,2024/01/12 00:00:00,NMHC,0.18,0.22,0.33,0.27,0.13,0.17,0.21,0.25,0.22,0.1,0.16,0.07,0.05,0.06,0.05,0.07,0.12,0.17,#,0.11,0.17,0.16,0.17,0.13,
楠梓,2024/01/12 00:00:00,NO,5.6,3,0.9,3,1,18.1,30.8,39.4,15.8,13.1,3.1,1.2,0.7,0.9,0.9,0.9,0.5,0.3,#,0.6,0.5,0.5,0.7,0.6,
楠梓,2024/01/12 00:00:00,NO2,40.4,37.2,27.4,31.8,26.2,39.5,42.8,40.4,32.6,27.4,19,11.9,9.4,10.8,11.3,10.7,11.5,13.9,#,23.2,28.4,27.1,27.3,21.7,
楠梓,2024/01/12 00:00:00,NOx,46,40.2,28.4,34.8,27.2,57.6,73.6,79.8,48.4,40.6,22.2,13.1,10.1,11.8,12.3,11.6,12.1,14.2,#,23.8,29,27.6,28,22.3,
楠梓,2024/01/12 00:00:00,O3,5.5,5.6,11.3,5.4,14.2,0.7,0,1.2,9.5,23.2,49.1,62.6,67.6,72.6,65.2,59.7,62.2,65.3,#,52.2,42.7,41.3,38.7,41.4,
楠梓,2024/01/12 00:00:00,PM10,73,71,79,75,56,63,62,72,72,69,79,56,56,51,48,#,42,57,54,56,60,63,76,61,
楠梓,2024/01/12 00:00:00,PM2.5,31,42,42,45,34,32,35,32,38,37,32,21,19,20,#,17,16,21,27,27,32,35,42,35,
楠梓,2024/01/12 00:00:00,RAINFALL,0,0,0,0,0,0,0,0,0,0,0,0,0,0,0,0,0,0,#,0,0,0,0,0,
楠梓,2024/01/12 00:00:00,RH,79,82,84,85,87,87,88,87,84,73,60,52,48,44,39,47,55,62,#,64,67,68,70,73,
楠梓,2024/01/12 00:00:00,SO2,1.2,1.7,1.5,1.6,1.4,1.5,1.5,1.8,1.8,1.7,2,2.1,1.7,2,1.9,1.7,1.7,2.2,#,2.4,2.2,2.2,2.3,2.2,
楠梓,2024/01/12 00:00:00,THC,2.5,2.63,2.79,2.71,2.48,2.6,2.65,2.7,2.61,2.34,2.31,2.15,2.11,2.12,2.1,2.12,2.17,2.24,#,2.25,2.35,2.34,2.38,2.35,
楠梓,2024/01/12 00:00:00,WD_HR,79,55,43,67,65,70,71,54,353,357,282,301,254,246,265,271,278,306,#,32,41,55,49,54,
楠梓,2024/01/12 00:00:00,WIND_DIREC,56,49,44,75,64,60,61,25,321,278,262,294,245,259,252,269,299,332,40,35,27,54,45,36,
楠梓,2024/01/12 00:00:00,WIND_SPEED,0.2,0.7,0.7,0.7,0.4,0.5,0.7,1.1,0.8,1,1.3,1.3,1.3,1.3,1.8,2.3,2.5,1.4,1.4,0.4,0.3,1.2,1.4,0.3,
楠梓,2024/01/12 00:00:00,WS_HR,0.2,0.3,0.5,0.8,0.5,0.4,0.5,0.7,0.5,0.2,0.8,0.8,0.4,0.8,1.3,2,1.8,1.6,#,1.1,0.7,1.2,0.6,0.4,
楠梓,2024/01/13 00:00:00,AMB_TEMP,17,16.4,16.2,15.9,15.6,15.6,15.4,15.7,17.5,20.7,22.7,NA,#,NA,NA,23.8,23.1,22.1,21.6,21.6,20.8,19.4,18.5,18.3,
楠梓,2024/01/13 00:00:00,CH4,2.28,2.26,2.28,2.38,2.41,2.23,2.19,2.32,2.36,2.23,2.09,NA,#,NA,NA,2.06,2.05,2.06,2.07,2.08,2.29,2.46,2.31,2.18,
楠梓,2024/01/13 00:00:00,CO,0.44,0.35,0.35,0.4,0.4,0.31,0.33,0.62,0.75,0.59,0.3,NA,#,NA,NA,0.25,0.25,0.28,0.32,0.33,0.71,0.75,0.55,0.4,
楠梓,2024/01/13 00:00:00,NMHC,0.15,0.08,0.11,0.11,0.12,0.07,0.08,0.15,0.24,0.17,0.03,NA,NA,NA,NA,0,0.17,0.09,0.04,0.05,0.31,0.24,0.16,0.08,
楠梓,2024/01/13 00:00:00,NO,0.5,0.6,0.5,0.4,0.9,0.8,0.8,7.7,16.5,9.5,2.3,NA,#,NA,NA,0.3,0.6,0.5,0.4,0.4,1.4,9,2.8,0.7,
楠梓,2024/01/13 00:00:00,NO2,19.8,17,14.5,23.2,23.3,15.5,17.9,30.8,36.6,24.4,11.7,NA,NA,NA,NA,7.9,8.5,10.2,13.5,15.4,42.9,45.1,34.5,24.5,
楠梓,2024/01/13 00:00:00,NOx,20.3,17.6,15,23.7,24.2,16.3,18.7,38.5,53.1,34,14.1,NA,#,NA,NA,8.3,9.1,10.7,13.9,15.9,44.4,54.1,37.3,25.2,
楠梓,2024/01/13 00:00:00,O3,33.4,33.3,29.7,19.9,15.4,29,24.6,13.1,10.1,27.5,52.3,NA,#,NA,NA,67.6,65.2,59.3,54,51.2,17.7,2.1,9,25.8,
楠梓,2024/01/13 00:00:00,PM10,58,49,53,46,52,37,36,58,61,57,36,NA,43,NA,NA,34,32,30,32,30,52,48,38,34,
楠梓,2024/01/13 00:00:00,PM2.5,38,27,37,27,33,28,19,46,32,32,21,NA,18,NA,NA,13,12,15,9,14,22,22,14,17,
楠梓,2024/01/13 00:00:00,RAINFALL,0,0,0,0,0,0,0,0,0,0,0,NA,#,NA,NA,0,0,0,0,0,0,0,0,0,
楠梓,2024/01/13 00:00:00,RH,77,78,78,79,78,75,75,74,66,55,47,NA,#,NA,NA,48,49,54,55,54,59,67,70,68,
楠梓,2024/01/13 00:00:00,SO2,2,1.3,1.4,1.3,1.3,1.5,1.1,1.7,2,1.8,1.3,NA,#,NA,NA,1.7,1.8,1.8,1.8,1.8,2,1.8,1.8,1.8,
楠梓,2024/01/13 00:00:00,THC,2.43,2.34,2.39,2.49,2.53,2.3,2.27,2.47,2.6,2.4,2.12,NA,#,NA,NA,2.06,2.22,2.15,2.11,2.13,2.6,2.7,2.47,2.26,
楠梓,2024/01/13 00:00:00,WD_HR,59,68,57,54,56,51,49,64,60,57,38,NA,#,NA,NA,272,283,273,220,203,171,87,67,91,
楠梓,2024/01/13 00:00:00,WIND_DIREC,67,78,58,68,39,57,44,94,48,43,31,NA,#,NA,NA,276,267,256,217,199,77,90,62,111,
楠梓,2024/01/13 00:00:00,WIND_SPEED,0.2,0.2,0.3,0.6,0.9,1,0.6,0.2,0.2,1,1.3,NA,#,NA,NA,2.2,1.5,0.7,0.5,0.2,0.7,0.6,1.1,1.1,
楠梓,2024/01/13 00:00:00,WS_HR,0.4,0.3,0.2,0.8,0.5,0.6,0.8,0.4,0.4,0.6,0.9,NA,#,NA,NA,2.3,1.7,0.7,0.6,0.2,0.3,0.4,0.6,0.8,
楠梓,2024/01/14 00:00:00,AMB_TEMP,18.3,18.3,18.2,17.5,16.9,16.6,16.5,17.2,19.4,21.8,23.5,25,25.6,25.6,25.2,24.8,24.2,23,21.8,20.4,19.5,19,18.4,17.8,
楠梓,2024/01/14 00:00:00,CH4,2.21,2.17,2.17,2.28,2.18,2.28,2.37,2.33,2.26,2.11,2.06,2.06,2.06,2.06,2.06,2.05,2.05,2.06,2.08,2.12,2.1,2.13,2.18,2.2,
楠梓,2024/01/14 00:00:00,CO,0.34,0.36,0.32,0.34,0.32,0.4,0.45,0.51,0.61,0.33,0.23,0.24,0.26,0.23,0.21,0.22,0.25,0.32,0.37,0.32,0.34,0.34,0.33,0.33,
楠梓,2024/01/14 00:00:00,NMHC,0.06,0.06,0.04,0.07,0.05,0.11,0.12,0.12,0.12,0.04,0,0.02,0.04,0.11,0.08,0.08,0.03,0.04,0.13,0.04,0.05,0.05,0.04,0.04,
楠梓,2024/01/14 00:00:00,NO,0.6,0.5,0.8,0.5,0.5,0.9,1.8,4.2,6,2.8,1.5,1.1,1.2,1.1,1.1,0.8,0.9,0.8,0.6,0.6,0.7,0.7,0.6,0.6,
楠梓,2024/01/14 00:00:00,NO2,14.9,16.1,13.5,14.9,12.6,17.2,26.3,26.7,24.9,14.5,8.4,7.3,8.1,8.3,7.3,7.5,8.3,11.2,15.1,13.6,15.7,16.4,16.7,14.5,
楠梓,2024/01/14 00:00:00,NOx,15.5,16.6,14.3,15.4,13.2,18.2,28.2,31,30.9,17.3,9.9,8.4,9.3,9.5,8.5,8.4,9.3,12,15.7,14.3,16.4,17.1,17.3,15.2,
楠梓,2024/01/14 00:00:00,O3,35.4,37.1,38.8,30.3,31.7,18.4,13.2,14.9,25.1,44.5,54.8,58.5,64.1,63.6,59.6,60.3,57.4,48.6,42.3,47,43.4,43.1,41,39.1,
楠梓,2024/01/14 00:00:00,PM10,36,36,38,32,29,33,37,46,65,50,34,26,35,45,44,37,36,42,47,43,50,48,55,57,
楠梓,2024/01/14 00:00:00,PM2.5,18,24,19,21,14,19,23,27,44,23,12,13,17,15,10,14,15,13,23,18,24,29,26,35,
楠梓,2024/01/14 00:00:00,RAINFALL,0,0,0,0,0,0,0,0,0,0,0,0,0,0,0,0,0,0,0,0,0,0,0,0,
楠梓,2024/01/14 00:00:00,RH,70,71,69,71,73,75,77,74,68,57,48,41,47,54,55,55,56,58,60,67,74,78,83,86,
楠梓,2024/01/14 00:00:00,SO2,1.6,1.2,1.3,1.3,1.2,1.2,1.3,1.6,2.3,3.1,2,1.7,1.7,1.5,1.5,1.4,1.5,1.5,1.5,1.4,1.2,1.3,1.6,1.8,
楠梓,2024/01/14 00:00:00,THC,2.27,2.23,2.21,2.35,2.23,2.39,2.49,2.45,2.38,2.15,2.06,2.08,2.1,2.17,2.14,2.13,2.08,2.1,2.21,2.16,2.15,2.18,2.22,2.24,
楠梓,2024/01/14 00:00:00,WD_HR,96,78,78,53,57,71,58,55,49,41,27,336,315,288,295,307,317,313,321,37,55,35,31,20,
楠梓,2024/01/14 00:00:00,WIND_DIREC,85,74,75,55,68,81,58,49,50,35,45,10,282,286,291,304,327,316,8,51,47,23,35,347,
楠梓,2024/01/14 00:00:00,WIND_SPEED,0.7,1.1,0.9,0.7,0.5,0.9,0.7,0.5,0.9,1.2,1.6,1.1,2.5,3.3,2.5,2.7,1.9,1.1,0.9,1.2,0.8,1,0.8,0.5,
楠梓,2024/01/14 00:00:00,WS_HR,0.7,0.9,0.9,0.4,0.7,0.8,0.7,0.6,0.6,1,1,0.7,1.1,1.7,2.5,2.3,1.8,1.4,0.9,1.6,1,0.8,0.8,0.4,
楠梓,2024/01/15 00:00:00,AMB_TEMP,17.1,16.6,16.4,16.3,16.3,16.1,16,16.7,18.3,20.7,23.3,24.9,25.7,26.3,25.8,24.8,23.6,22.6,22.2,21.1,19.8,19.1,18.8,18.2,
楠梓,2024/01/15 00:00:00,CH4,2.3,2.22,2.22,2.23,2.19,2.21,2.28,2.37,2.26,2.3,2.13,2.06,2.08,2.12,2.09,2.07,2.08,2.11,2.15,2.21,2.27,2.28,2.29,2.34,
楠梓,2024/01/15 00:00:00,CO,0.35,0.29,0.28,0.27,0.23,0.27,0.37,0.83,0.49,0.37,0.27,0.26,0.27,0.29,0.25,0.29,0.35,0.47,0.62,0.56,0.54,0.55,0.57,0.59,
楠梓,2024/01/15 00:00:00,NMHC,0.09,0.04,0.01,0.02,0.01,0.02,0.07,0.24,0.09,0.09,0.03,0.02,0.04,0.08,0.06,0.11,0.28,0.94,1.21,0.16,0.14,0.12,0.14,0.16,
楠梓,2024/01/15 00:00:00,NO,1,0.1,0.2,0.4,0.2,0.6,4.4,53.7,18.1,11.2,4.6,1.8,1.1,0.6,0.6,0.7,0.7,0.4,0.3,0.2,0.2,0.1,0.2,0.4,
楠梓,2024/01/15 00:00:00,NO2,15.8,11.3,10.5,9.4,8.9,18.1,28.9,37.3,27.7,23.9,14.8,10.4,9.9,11,10.5,11.9,12.6,18,25.7,25.1,23.2,21.9,21.6,23.1,
楠梓,2024/01/15 00:00:00,NOx,16.8,11.4,10.7,9.8,9.1,18.7,33.4,91,45.8,35.1,19.5,12.2,11.1,11.6,11.1,12.6,13.3,18.4,26.1,25.4,23.5,22.1,21.8,23.6,
楠梓,2024/01/15 00:00:00,O3,30.3,31.5,28.8,28.9,27.3,11.7,2.8,0.4,9.9,20.4,38.9,54.3,63,72.1,67.7,66.1,64.3,52.9,37.4,42,34,29.4,24.3,16.9,
楠梓,2024/01/15 00:00:00,PM10,64,48,42,39,29,35,35,61,47,52,56,42,51,54,62,73,71,72,84,96,97,87,96,95,
楠梓,2024/01/15 00:00:00,PM2.5,37,35,30,28,22,19,26,26,20,23,21,15,18,22,22,25,25,27,32,40,39,36,41,46,
楠梓,2024/01/15 00:00:00,RAINFALL,0,0,0,0,0,0,0,0,0,0,0,0,0,0,0,0,0,0,0,0,0,0,0,0,
楠梓,2024/01/15 00:00:00,RH,89,90,90,89,87,86,86,82,74,66,57,45,43,47,53,57,59,62,65,70,77,81,83,85,
楠梓,2024/01/15 00:00:00,SO2,1.6,1.1,0.9,1.1,1,1.3,1.6,1.6,1.9,1.5,1.3,1.6,1.7,1.9,2,2,1.7,1.7,1.7,1.8,1.6,1.5,1.4,1.8,
楠梓,2024/01/15 00:00:00,THC,2.39,2.26,2.23,2.25,2.2,2.23,2.35,2.61,2.35,2.39,2.16,2.08,2.12,2.2,2.15,2.18,2.36,3.05,3.36,2.37,2.41,2.4,2.43,2.5,
楠梓,2024/01/15 00:00:00,WD_HR,28,44,36,32,39,56,52,57,27,350,356,11,311,281,275,283,295,302,311,0,25,31,324,20,
楠梓,2024/01/15 00:00:00,WIND_DIREC,56,39,39,39,34,63,50,53,323,13,308,40,313,290,268,294,305,307,337,20,24,21,323,31,
楠梓,2024/01/15 00:00:00,WIND_SPEED,1,0.6,1.2,0.9,0.6,0.3,0.7,0.8,1.4,1.4,1,1.9,1.4,2.3,2.9,2.5,1.3,0.7,0.7,1.2,1.4,0.6,1.1,1.2,
楠梓,2024/01/15 00:00:00,WS_HR,0.7,0.8,0.4,0.6,0.7,0.5,0.5,0.4,0.7,0.8,0.6,0.8,1,1.7,2.1,2,1.5,0.6,0.4,0.8,1,0.7,0.8,0.6,
楠梓,2024/01/16 00:00:00,AMB_TEMP,17.4,17,16.4,16.2,16.1,15.6,15.5,15.9,16.7,18.3,20.5,22.2,23.7,24.9,25.3,24.7,24.5,22.7,21.5,20.8,20,19.4,18.8,18.4,
楠梓,2024/01/16 00:00:00,CH4,2.33,2.35,2.32,2.34,2.32,2.35,2.33,2.33,2.29,2.29,2.25,2.2,2.17,2.13,2.11,2.09,2.1,2.09,2.12,2.13,2.16,2.17,2.17,2.18,
楠梓,2024/01/16 00:00:00,CO,0.56,0.5,0.48,0.48,0.48,0.47,0.52,0.68,0.55,0.53,0.5,0.47,0.45,0.35,0.33,0.3,0.37,0.4,0.45,0.45,0.34,0.31,0.32,0.28,
楠梓,2024/01/16 00:00:00,NMHC,0.12,0.12,0.1,0.13,0.11,0.12,0.13,0.16,0.14,0.14,0.12,0.1,0.11,0.06,0.09,0.14,0.13,0.34,0.98,0.55,0.13,0.1,0.08,0.06,
楠梓,2024/01/16 00:00:00,NO,0.5,1.5,1.2,0.9,1.1,1.5,3,11.8,9,8,5.6,3.3,2.4,1.9,1.7,1.6,1.7,1.4,1.5,1.4,1.2,1,1.4,1.2,
楠梓,2024/01/16 00:00:00,NO2,23.9,17.9,16.5,17.7,18.2,20.5,21,22.4,20.7,20.7,19.5,17.8,15.9,13.4,12.4,13.5,16.4,21.5,26.3,25.4,21.4,19.6,20,16.9,
楠梓,2024/01/16 00:00:00,NOx,24.4,19.4,17.8,18.7,19.3,22.1,24.1,34.2,29.7,28.7,25.2,21.1,18.4,15.3,14.2,15.1,18.2,23,27.8,26.8,22.7,20.6,21.4,18.2,
楠梓,2024/01/16 00:00:00,O3,12.6,13.9,14.2,12.8,11.8,6.3,4,2.7,7.5,16.8,31.5,48.9,59.1,66.8,70.7,63.8,63.8,44.6,31.7,29.5,32.4,26.9,22.7,22.8,
楠梓,2024/01/16 00:00:00,PM10,78,66,63,63,71,62,67,72,70,79,102,79,78,59,77,85,70,77,75,70,66,59,51,60,
楠梓,2024/01/16 00:00:00,PM2.5,35,41,41,37,41,40,38,42,47,46,43,37,33,29,28,24,26,25,20,17,24,24,16,21,
楠梓,2024/01/16 00:00:00,RAINFALL,0,0,0,0,0,0,0,0,0,0,0,0,0,0,0,0,0,0,0,0,0,0,0,0,
楠梓,2024/01/16 00:00:00,RH,88,89,90,91,91,92,93,92,88,83,73,66,59,54,53,60,56,69,74,76,74,78,81,83,
楠梓,2024/01/16 00:00:00,SO2,1.4,1.7,1.8,2,1.9,1.7,1.6,1.7,2,2.3,2.5,2.6,2.8,2.4,2.3,2.3,2.9,2.4,2.1,1.9,2.1,1.8,1.8,2.1,
楠梓,2024/01/16 00:00:00,THC,2.45,2.47,2.42,2.47,2.43,2.47,2.46,2.49,2.43,2.43,2.37,2.3,2.28,2.19,2.2,2.23,2.23,2.43,3.1,2.68,2.29,2.27,2.25,2.24,
楠梓,2024/01/16 00:00:00,WD_HR,34,20,346,21,24,35,34,40,39,343,358,341,344,320,297,294,316,276,278,326,22,29,42,27,
楠梓,2024/01/16 00:00:00,WIND_DIREC,34,11,350,37,17,54,15,52,28,31,352,331,315,274,302,30,294,261,232,5,21,40,39,32,
楠梓,2024/01/16 00:00:00,WIND_SPEED,1.4,0.6,1.8,0.8,1,1.7,1.4,2.2,0.7,1.6,2,1,1.7,1.1,1.7,1.4,2,0.9,0.3,0.9,1.8,1,1.1,1.2,
楠梓,2024/01/16 00:00:00,WS_HR,1,1.1,0.8,1,1.2,1,1.3,1.3,1.5,1.5,1.2,0.8,0.7,0.9,1,1,1.1,0.9,0.4,0.4,0.9,1.2,0.8,1.2,
楠梓,2024/01/17 00:00:00,AMB_TEMP,17.9,17.6,17.3,16.9,16.5,16.4,16.5,17.2,18.7,21.6,23.6,24.9,24.8,24.5,24.6,24.1,23.4,22.6,22.1,22,21.5,21,20.5,19.6,
楠梓,2024/01/17 00:00:00,CH4,2.19,2.21,2.25,2.29,2.32,2.31,2.44,2.41,2.41,2.21,2.16,2.15,2.1,2.11,2.13,2.12,2.09,2.08,2.09,2.09,2.08,2.18,2.26,2.34,
楠梓,2024/01/17 00:00:00,CO,0.3,0.3,0.35,0.36,0.31,0.33,0.43,0.85,0.78,0.47,0.42,0.38,0.33,0.36,0.35,0.32,0.32,0.34,0.39,0.37,0.3,0.39,0.42,0.45,
楠梓,2024/01/17 00:00:00,NMHC,0.08,0.1,0.14,0.16,0.11,0.1,0.13,0.22,0.22,0.1,0.09,0.11,0.05,0.03,0.03,0.01,0.07,0.09,0.12,0.09,0.07,0.15,0.15,0.23,
楠梓,2024/01/17 00:00:00,NO,1.2,0.7,0.4,1,1.4,1.6,11.1,31.8,36.4,7.2,3,2.1,1.3,1.2,1,0.8,0.6,0.4,0.5,0.4,0.2,0.2,0.5,0.8,
楠梓,2024/01/17 00:00:00,NO2,16.5,18.6,17.7,20.3,19.6,18.4,25.6,31.9,39.9,24.2,17.3,17.1,13,12.7,12.7,13,12.1,12.6,14.5,14.5,12.8,17.2,23.7,25.5,
楠梓,2024/01/17 00:00:00,NOx,17.7,19.4,18.2,21.3,21,20,36.8,63.7,76.4,31.4,20.4,19.2,14.4,14,13.8,13.8,12.8,13.1,15.1,15,13.1,17.5,24.3,26.4,
楠梓,2024/01/17 00:00:00,O3,18.2,13.6,10.5,6.1,5.3,7.7,1.1,1.1,5.1,33.2,49.5,63.3,68.9,76.4,83.4,83.1,77.6,70.8,64.9,60.5,54.8,43.4,32.2,20,
楠梓,2024/01/17 00:00:00,PM10,58,57,63,60,53,55,49,66,81,73,79,82,65,63,66,58,56,50,50,53,51,58,56,59,
楠梓,2024/01/17 00:00:00,PM2.5,19,15,25,30,20,21,23,28,37,32,27,35,29,25,28,25,24,19,26,20,13,18,26,27,
楠梓,2024/01/17 00:00:00,RAINFALL,0,0,0,0,0,0,0,0,0,0,0,0,0,0,0,0,0,0,0,0,0,0,0,0,
楠梓,2024/01/17 00:00:00,RH,86,87,88,90,92,92,92,90,84,72,63,59,60,62,63,66,69,72,74,76,82,84,85,87,
楠梓,2024/01/17 00:00:00,SO2,1.7,1.4,2.3,2.9,1.7,1.6,1.5,1.6,2.1,2.6,2.1,2.5,2,2.4,2.5,2.4,1.8,1.8,1.9,1.8,1.6,1.6,1.5,1.8,
楠梓,2024/01/17 00:00:00,THC,2.27,2.31,2.39,2.45,2.43,2.41,2.57,2.63,2.63,2.31,2.25,2.26,2.15,2.14,2.16,2.13,2.16,2.17,2.21,2.18,2.15,2.33,2.41,2.57,
楠梓,2024/01/17 00:00:00,WD_HR,48,58,342,17,40,50,49,44,52,10,331,280,254,257,252,263,280,291,304,309,325,48,35,57,
楠梓,2024/01/17 00:00:00,WIND_DIREC,67,54,326,41,38,68,68,46,53,23,289,272,256,234,259,282,290,289,309,317,346,48,52,39,
楠梓,2024/01/17 00:00:00,WIND_SPEED,0.4,0.2,0.5,0.5,0.6,0.7,0.2,0.9,0.8,0.6,0.8,1.8,1.9,2.4,1.8,2.1,1.7,1.2,0.9,0.2,0.2,0.2,0.2,0.4,
楠梓,2024/01/17 00:00:00,WS_HR,0.5,0.2,0.2,0.4,0.4,1,0.5,0.3,0.4,0.6,0.3,1.1,1.8,1.9,1.6,1.6,1.4,1.2,0.9,0.4,0.1,0.1,0.1,0.2,
楠梓,2024/01/18 00:00:00,AMB_TEMP,19,18.2,17.8,17.6,17.2,17.5,17.9,18.7,19.6,21.1,23.8,25.4,26.5,26.6,26.7,26.6,25.8,24.6,23.5,22.4,22.1,21.9,21.5,21.2,
楠梓,2024/01/18 00:00:00,CH4,2.29,2.38,2.29,2.24,2.24,2.16,2.18,2.16,2.19,2.16,2.11,2.13,2.14,2.2,2.14,2.1,2.07,2.1,2.14,2.16,2.15,2.16,2.17,2.26,
楠梓,2024/01/18 00:00:00,CO,0.35,0.34,0.29,0.3,0.34,0.3,0.36,0.53,0.52,0.36,0.28,0.33,0.36,0.39,0.31,0.27,0.31,0.4,0.47,0.38,0.39,0.38,0.39,0.4,
楠梓,2024/01/18 00:00:00,NMHC,0.12,0.12,0.08,0.07,0.06,0.05,0.07,0.11,0.08,0.06,0.04,0.07,0.07,0.12,0.05,0.05,0.07,0.08,0.18,0.1,0.12,0.11,0.1,0.12,
楠梓,2024/01/18 00:00:00,NO,0.6,0.2,0.7,0.6,0.6,0.5,2.2,5.6,5.6,7.1,4.6,2.5,2.5,1.6,1,1.1,0.8,0.7,1,0.7,0.6,0.7,0.6,0.6,
楠梓,2024/01/18 00:00:00,NO2,16.4,21.6,15.7,14.1,13.3,12.5,25,29.5,29.3,28.3,17.8,16.9,16,16.9,12.9,11,12.7,16.6,22.8,22.3,21.8,19.7,17.7,19.9,
楠梓,2024/01/18 00:00:00,NOx,17,21.8,16.5,14.7,13.9,13.1,27.3,35.2,34.9,35.5,22.4,19.4,18.6,18.5,13.9,12.1,13.5,17.4,23.8,23.1,22.4,20.4,18.3,20.5,
楠梓,2024/01/18 00:00:00,O3,25.8,12.6,17,18.6,15.6,20,8.5,13.1,13.6,20.4,43.1,55.2,61.9,76.1,72.5,63.5,60.2,56.8,45.7,38.7,34.7,32.5,31.8,22.7,
楠梓,2024/01/18 00:00:00,PM10,58,55,53,56,55,43,48,42,63,76,59,90,67,81,59,60,55,72,84,77,74,79,74,75,
楠梓,2024/01/18 00:00:00,PM2.5,28,27,26,26,29,29,22,22,28,26,19,27,24,42,27,25,24,23,34,36,37,38,39,38,
楠梓,2024/01/18 00:00:00,RAINFALL,0,0,0,0,0,0,0,0,0,0,0,0,0,0,0,0,0,0,0,0,0,0,0,0,
楠梓,2024/01/18 00:00:00,RH,89,93,94,95,97,96,92,87,83,75,60,55,49,56,52,51,57,68,76,81,81,83,85,86,
楠梓,2024/01/18 00:00:00,SO2,1.6,0.9,0.9,1,1.1,0.9,1.1,1.5,1.4,1.2,1.2,1.6,1.8,1.9,2,1.7,1.4,1.7,1.8,1.8,1.9,1.6,1.7,1.4,
楠梓,2024/01/18 00:00:00,THC,2.41,2.5,2.37,2.31,2.3,2.21,2.25,2.27,2.27,2.22,2.15,2.2,2.21,2.32,2.19,2.15,2.14,2.18,2.32,2.26,2.27,2.27,2.27,2.38,
楠梓,2024/01/18 00:00:00,WD_HR,34,43,52,36,35,36,55,42,10,9,358,339,349,276,278,284,282,263,347,33,47,37,41,24,
楠梓,2024/01/18 00:00:00,WIND_DIREC,35,30,61,28,38,33,47,17,11,35,316,30,315,265,268,266,281,255,19,27,60,52,55,56,
楠梓,2024/01/18 00:00:00,WIND_SPEED,1.4,0.3,1,1.4,1.5,0.9,1.5,0.6,0.6,0.7,1.2,2.2,1.8,2.3,2.1,1.7,1.7,0.8,1.6,0.6,0.6,1,0.4,0.2,
楠梓,2024/01/18 00:00:00,WS_HR,1.2,0.7,0.8,1.5,1.1,1.2,1.1,0.9,0.3,0.9,0.5,1.1,1,1.9,1.7,1.5,1.4,0.8,0.6,1.2,0.9,0.5,0.2,0.1,
楠梓,2024/01/19 00:00:00,AMB_TEMP,21.2,20.9,20.9,20.6,20.1,19.8,20.1,20.1,21.5,23.8,26,27.4,28.3,28.1,27.3,26.6,26.1,25.3,24.6,23.9,23,22.3,21.6,21,
楠梓,2024/01/19 00:00:00,CH4,2.27,2.4,2.54,2.46,2.5,2.35,2.26,2.31,2.25,2.24,2.19,2.16,2.15,2.1,2.08,#,2.06,2.07,2.1,2.16,2.19,2.16,2.16,2.19,
楠梓,2024/01/19 00:00:00,CO,0.41,0.39,0.4,0.41,0.37,0.33,0.44,0.73,0.52,0.46,0.43,0.41,0.4,0.29,0.25,#,0.28,0.36,0.45,0.49,0.5,0.39,0.37,0.35,
楠梓,2024/01/19 00:00:00,NMHC,0.15,0.16,0.14,0.17,0.15,0.09,0.11,0.18,0.14,0.16,0.08,0.13,0.08,0.03,0.04,#,0.02,0.04,0.23,0.18,0.15,0.07,0.05,0.05,
楠梓,2024/01/19 00:00:00,NO,0.3,1.1,0.9,0.5,0.7,0.8,2.1,19.9,10.3,7.5,3.9,2,1.1,0.7,0.5,#,0.5,0.7,0.4,0,0.3,0.4,0.4,0.3,
楠梓,2024/01/19 00:00:00,NO2,23,24.5,23.8,21.3,20.9,20,23.9,31.6,27,25.9,20.4,17.5,15.6,10.5,8.9,#,10.6,13.1,20.2,20.5,24.9,17.6,16.4,14.4,
楠梓,2024/01/19 00:00:00,NOx,23.3,25.7,24.8,21.8,21.7,20.8,26.1,51.5,37.3,33.4,24.3,19.5,16.7,11.2,9.4,#,11.1,13.8,20.6,20.6,25.3,18,16.9,14.8,
楠梓,2024/01/19 00:00:00,O3,15.5,11.1,5.9,11.7,9.1,12.7,7.8,2,14.3,31.6,46,72.7,83.4,76.2,74,#,#,51,44.2,37.1,32,35.7,29.2,25.4,
楠梓,2024/01/19 00:00:00,PM10,77,71,65,69,73,53,55,54,57,71,73,84,74,42,52,#,49,41,54,75,81,67,56,59,
楠梓,2024/01/19 00:00:00,PM2.5,41,40,41,39,37,26,28,25,24,35,31,36,33,19,#,17,15,13,19,32,35,32,22,27,
楠梓,2024/01/19 00:00:00,RAINFALL,0,0,0,0,0,0,0,0,0,0,0,0,0,0,0,#,0,0,0,0,0,0,0,0,
楠梓,2024/01/19 00:00:00,RH,85,87,87,87,88,86,83,84,75,66,57,53,49,49,52,54,56,57,64,74,79,81,85,88,
楠梓,2024/01/19 00:00:00,SO2,1.4,1.1,1.1,1.4,1.4,1.1,1.4,1.5,1.6,3,2.8,2.6,2.6,1.9,1.8,#,1.4,1.3,1.5,1.8,2.6,2,1.3,1.3,
楠梓,2024/01/19 00:00:00,THC,2.42,2.56,2.68,2.63,2.65,2.44,2.37,2.49,2.39,2.4,2.27,2.29,2.23,2.13,2.12,#,2.08,2.11,2.33,2.34,2.34,2.23,2.21,2.24,
楠梓,2024/01/19 00:00:00,WD_HR,60,70,59,4,31,50,21,43,13,332,315,300,275,267,274,285,275,253,298,332,28,39,39,15,
楠梓,2024/01/19 00:00:00,WIND_DIREC,76,71,55,339,38,59,315,52,322,0,310,296,273,274,289,309,267,256,310,22,28,52,33,31,
楠梓,2024/01/19 00:00:00,WIND_SPEED,0.3,0.2,0.2,0.4,1,1,1,0.9,1.4,1.4,2,1.9,2.3,2.3,2.4,1.9,1.5,0.8,1.4,1.2,1.6,1.6,1.1,1.6,
楠梓,2024/01/19 00:00:00,WS_HR,0.2,0.4,0.4,0.2,0.9,1.1,0.3,0.4,0.7,1,1.4,1.1,1.8,1.9,2.3,1.7,1.5,0.9,0.8,0.8,1.1,1.4,1.1,0.9,
楠梓,2024/01/20 00:00:00,AMB_TEMP,20.5,20,19.6,19.1,18.7,18.4,18.4,18.6,19,20.9,23.7,25.7,26.9,27.8,28.1,27.6,26.8,25.7,24.5,23.1,21.6,21,20.4,20,
楠梓,2024/01/20 00:00:00,CH4,2.24,2.24,2.24,2.28,2.2,2.18,2.23,2.22,2.21,2.21,2.18,2.13,2.13,2.13,2.12,2.14,2.13,2.14,2.15,2.16,2.17,2.18,2.16,2.18,
楠梓,2024/01/20 00:00:00,CO,0.34,0.34,0.35,0.37,0.34,0.33,0.38,0.39,0.4,0.41,0.4,0.39,0.38,0.36,0.34,0.32,0.3,0.34,0.36,0.39,0.34,0.36,0.4,0.43,
楠梓,2024/01/20 00:00:00,NMHC,0.06,0.05,0.06,0.08,0.04,0.04,0.07,0.07,0.07,0.1,0.08,0.06,0.04,0.03,0.02,0.02,0.01,0.02,0.04,0.05,0.04,0.06,0.05,0.04,
楠梓,2024/01/20 00:00:00,NO,0.6,0,0.3,0.3,0.5,0.5,1.2,2.2,3.5,6.4,4.6,1.6,1,0.5,0.6,0.6,0.6,0.5,0.3,0.1,0.3,0.3,0.4,0.6,
楠梓,2024/01/20 00:00:00,NO2,14.8,13.2,13.4,14.5,11.2,10.8,14.2,15,13.8,15.1,15.1,12.8,11.1,10.6,10.2,9.9,9.9,12.3,14.5,16.8,15.6,15.5,16.6,16.9,
楠梓,2024/01/20 00:00:00,NOx,15.4,13.1,13.8,14.8,11.8,11.4,15.4,17.2,17.3,21.5,19.7,14.4,12.1,11.2,10.9,10.6,10.5,12.8,14.8,17,15.9,15.9,17.1,17.6,
楠梓,2024/01/20 00:00:00,O3,19,16.6,12.9,9.1,10.3,7.9,4.2,5.9,5.7,15.5,35,58.4,74.4,78.5,77.1,73.3,63.9,53.1,43.4,25.9,20.3,15.6,11.9,8.2,
楠梓,2024/01/20 00:00:00,PM10,61,57,67,69,39,32,30,41,63,69,80,80,75,76,70,73,71,75,78,72,51,56,57,62,
楠梓,2024/01/20 00:00:00,PM2.5,31,26,31,40,33,26,30,33,31,43,52,48,41,42,34,35,31,40,39,35,25,23,30,30,
楠梓,2024/01/20 00:00:00,RAINFALL,0,0,0,0,0,0,0,0,0,0,0,0,0,0,0,0,0,0,0,0,0,0,0,0,
楠梓,2024/01/20 00:00:00,RH,91,93,95,98,100,100,100,100,100,95,80,69,63,59,58,59,61,65,70,77,85,88,90,92,
楠梓,2024/01/20 00:00:00,SO2,1.4,1.5,1.6,1.2,1,0.7,1,1,1.1,1,1.2,1.7,2.3,2.3,2.3,2.2,1.9,2.1,1.8,1.9,1.5,1.6,1.4,1.5,
楠梓,2024/01/20 00:00:00,THC,2.3,2.29,2.3,2.36,2.24,2.22,2.3,2.29,2.28,2.31,2.26,2.19,2.17,2.16,2.14,2.16,2.14,2.16,2.19,2.21,2.21,2.24,2.21,2.22,
楠梓,2024/01/20 00:00:00,WD_HR,22,28,37,20,43,53,16,350,29,41,12,3,352,12,3,13,15,346,6,344,28,16,337,31,
楠梓,2024/01/20 00:00:00,WIND_DIREC,14,38,26,33,53,37,342,27,16,38,348,17,12,322,337,27,9,337,17,341,33,325,329,16,
楠梓,2024/01/20 00:00:00,WIND_SPEED,1.4,1.1,1.4,1.1,1.6,0.5,0.6,0.2,0.9,2.2,1.5,1.9,1.7,1.4,1.5,2.1,2.4,1.9,1.6,2.1,1.6,1.6,0.9,1.9,
楠梓,2024/01/20 00:00:00,WS_HR,0.9,1.1,1,0.8,1.5,1.1,0.2,0.7,0.9,1.4,1.1,1.3,1.2,1.1,0.9,1.6,1.5,1.5,1.4,1.6,1.5,1,0.9,1.2,
楠梓,2024/01/21 00:00:00,AMB_TEMP,19.7,19.3,19,18.8,18.8,18.7,18.5,18.5,19,21.5,23,24.7,26.4,27.5,27.3,26.7,25,22.7,20.8,19.5,18.6,18,17.6,17,
楠梓,2024/01/21 00:00:00,CH4,2.18,2.21,2.25,2.27,2.32,2.29,2.28,2.24,2.23,2.18,2.18,2.18,2.15,2.14,2.19,2.23,2.17,2.14,2.16,2.17,2.18,2.18,2.18,2.2,
楠梓,2024/01/21 00:00:00,CO,0.43,0.4,0.4,0.41,0.41,0.44,0.47,0.51,0.48,0.42,0.41,0.39,0.36,0.33,0.38,0.41,0.42,0.44,0.43,0.43,0.46,0.46,0.46,0.45,
楠梓,2024/01/21 00:00:00,NMHC,0.05,0.06,0.06,0.07,0.09,0.07,0.06,0.06,0.05,0.04,0.05,0.03,0.03,0.05,0.02,0.02,0.03,0.1,0.04,0.04,0.04,0.05,0.06,0.04,
楠梓,2024/01/21 00:00:00,NO,0.2,0.6,0.6,0.8,1.1,1,0.9,2.2,3.4,3.7,2.4,2.3,1.3,0.9,0.8,1.1,0.9,0.6,0.4,0.5,0.5,0.7,0.7,0.4,
楠梓,2024/01/21 00:00:00,NO2,15.5,16.7,16.4,16.6,18,17,14.1,13.5,11.8,11,10.6,10.4,9.3,8.2,9.3,10,11.4,13.3,13.2,13.5,13.7,13.9,14.2,13.7,
楠梓,2024/01/21 00:00:00,NOx,15.7,17.4,17.1,17.4,19.1,18.1,15.1,15.8,15.3,14.8,13.1,12.7,10.6,9.1,10.2,11.1,12.3,13.9,13.6,14.1,14.3,14.6,15,14.1,
楠梓,2024/01/21 00:00:00,O3,6.6,4.9,3.9,2.4,1.4,4,5.1,6.5,10.4,18,26.4,39.4,52.1,57.5,60.9,59.5,52.8,43.7,35.2,27.2,21.6,19,16.8,16.7,
楠梓,2024/01/21 00:00:00,PM10,54,56,55,53,40,31,27,31,31,26,35,35,36,35,49,56,63,81,93,91,65,43,34,33,
楠梓,2024/01/21 00:00:00,PM2.5,28,29,26,32,26,15,21,23,21,18,16,20,21,14,18,16,16,20,26,19,21,23,19,23,
楠梓,2024/01/21 00:00:00,RAINFALL,0,0,0,0,0,0,0,0,0,0,0,0,0,0,0,0,0,0,0,0,0,0,0,0,
楠梓,2024/01/21 00:00:00,RH,93,94,95,95,93,91,91,91,88,79,70,64,58,56,58,60,65,69,68,71,72,73,74,77,
楠梓,2024/01/21 00:00:00,SO2,1.4,1.2,1,1.1,1.2,1.1,1.1,1.3,1.3,1.3,1.3,1.6,1.8,1.8,2,2,1.7,1.7,1.5,1.4,1.5,1.4,1.2,1,
楠梓,2024/01/21 00:00:00,THC,2.23,2.27,2.31,2.34,2.41,2.36,2.34,2.3,2.28,2.22,2.23,2.21,2.18,2.19,2.21,2.25,2.2,2.24,2.2,2.21,2.22,2.23,2.24,2.24,
楠梓,2024/01/21 00:00:00,WD_HR,19,5,32,337,24,25,26,31,10,13,324,342,352,273,259,255,259,284,17,10,349,355,359,348,
楠梓,2024/01/21 00:00:00,WIND_DIREC,352,48,23,338,30,27,31,31,354,339,314,24,322,266,269,270,265,14,37,36,7,331,2,0,
楠梓,2024/01/21 00:00:00,WIND_SPEED,1.1,1.2,0.8,1.9,1.6,1.9,1.9,2.2,1.3,1.6,1.5,2,1.7,3.2,2.4,2.1,2.3,2,1.9,2,1.9,2.3,2.1,1.5,
楠梓,2024/01/21 00:00:00,WS_HR,1,0.6,0.7,1.6,1.1,1.5,1.5,1.9,1.2,1.1,1.1,1.2,0.7,1.8,1.9,1.8,1.9,1.5,1.2,1.4,1.3,1.5,1.3,1.4,
楠梓,2024/01/22 00:00:00,AMB_TEMP,16.7,16.4,15.9,15.6,15.3,15.2,15.2,15.1,16.5,18.4,20.3,21.3,22.1,21.8,22,21.7,20.8,19.3,17.7,17.2,16.5,15.6,15,14.3,
楠梓,2024/01/22 00:00:00,CH4,2.2,2.2,2.22,2.18,2.22,2.21,2.25,2.21,2.19,2.21,2.21,2.18,2.12,2.11,2.11,2.12,2.13,2.12,2.13,2.13,2.13,2.14,2.13,2.13,
楠梓,2024/01/22 00:00:00,CO,0.45,0.47,0.47,0.45,0.46,0.47,0.5,0.53,0.51,0.49,0.48,0.43,0.37,0.37,0.37,0.38,0.38,0.36,0.34,0.37,0.36,0.34,0.33,0.31,
楠梓,2024/01/22 00:00:00,NMHC,0.04,0.04,0.06,0.06,0.09,0.08,0.08,0.09,0.09,0.1,0.09,0.07,0.04,0.05,0.06,0.09,0.11,0.1,0.08,0.11,0.1,0.09,0.08,0.07,
楠梓,2024/01/22 00:00:00,NO,0.5,0.7,0.3,0.4,0.5,0.5,1.2,5.7,7.8,10.8,9.5,5.8,3.1,3.6,2.1,1.8,1.8,1,0.8,0.5,0.6,0.6,0.3,0.5,
楠梓,2024/01/22 00:00:00,NO2,12.7,12.9,12.8,11.8,12.9,14.3,18.6,19,17.3,17.8,16.1,14.4,11.6,15.2,15,16.3,19.5,20.5,18.3,19.1,18.2,17,16.1,14,
楠梓,2024/01/22 00:00:00,NOx,13.2,13.6,13.2,12.3,13.4,14.8,19.9,24.8,25.1,28.7,25.6,20.2,14.7,18.8,17.1,18.1,21.3,21.6,19.1,19.6,18.8,17.7,16.4,14.6,
楠梓,2024/01/22 00:00:00,O3,16.2,15.9,14.2,13,11.1,8.6,4.7,5,8.9,11.2,19.2,30.3,38.2,34.7,34.9,33.1,28.1,27,23.1,18.2,17,16.5,16.4,18.1,
楠梓,2024/01/22 00:00:00,PM10,29,30,32,25,25,27,30,28,36,48,65,49,39,35,45,44,48,49,46,36,31,24,22,22,
楠梓,2024/01/22 00:00:00,PM2.5,20,20,15,21,16,19,22,19,23,24,27,20,15,18,21,19,19,x,11,8,10,9,11,10,
楠梓,2024/01/22 00:00:00,RAINFALL,0,0,0,0,0,0,0,0,0,0,0,0,0,0,0,0,0,0,0,0,0,0,0,0,
楠梓,2024/01/22 00:00:00,RH,79,80,83,85,86,86,87,87,82,75,69,64,61,62,62,63,64,66,68,69,70,71,73,74,
楠梓,2024/01/22 00:00:00,SO2,1.2,1.3,1.3,1.2,1.2,1.5,1.3,1.3,2.2,1.9,2.2,2.5,2.2,1.8,1.6,1.7,1.7,1.7,1.5,1.6,1.7,1.6,1.3,1.5,
楠梓,2024/01/22 00:00:00,THC,2.24,2.24,2.28,2.24,2.31,2.29,2.33,2.3,2.28,2.31,2.3,2.25,2.16,2.16,2.17,2.21,2.24,2.22,2.21,2.24,2.23,2.23,2.21,2.2,
楠梓,2024/01/22 00:00:00,WD_HR,358,9,38,37,23,9,31,41,35,339,352,349,351,336,8,357,20,2,6,7,16,352,355,350,
楠梓,2024/01/22 00:00:00,WIND_DIREC,17,25,48,35,26,8,51,50,357,324,337,349,346,340,343,358,12,22,32,341,38,345,19,339,
楠梓,2024/01/22 00:00:00,WIND_SPEED,1.5,1.8,2.4,1.3,1.3,1.2,1.9,2.1,1.3,1.6,2.3,2.8,1.9,2.5,2.2,2.4,2,3.1,2.2,1.7,3.2,2.8,2.2,2.8,
楠梓,2024/01/22 00:00:00,WS_HR,1,1.1,1.9,1.5,0.8,0.9,1.2,1.9,1.4,0.9,1.3,2,1.5,1.7,1.3,1.4,1.9,2,1.6,1.3,2,1.7,1.8,2.1,
楠梓,2024/01/23 00:00:00,AMB_TEMP,13.5,13.3,12.3,11.7,11.3,10.9,11.1,11.1,10.4,10.3,11,11.2,12,12.5,13.4,13.4,13.4,13.4,12.9,12,11.6,11.3,10.9,10.6,
楠梓,2024/01/23 00:00:00,CH4,2.11,2.11,2.11,2.11,2.1,2.09,2.1,2.11,2.11,2.11,2.11,2.11,2.11,2.1,2.11,2.11,2.1,2.1,2.1,2.11,2.12,2.11,2.12,2.12,
楠梓,2024/01/23 00:00:00,CO,0.3,0.3,0.28,0.28,0.29,0.28,0.29,0.35,0.35,0.35,0.35,0.37,0.37,0.37,0.39,0.38,0.38,0.4,0.42,0.42,0.41,0.38,0.36,0.35,
楠梓,2024/01/23 00:00:00,NMHC,0.07,0.05,0.04,0.05,0.05,0.05,0.06,0.08,0.07,0.07,0.09,0.09,0.09,0.1,0.11,0.1,0.09,0.1,0.12,0.12,0.13,0.12,0.12,0.11,
楠梓,2024/01/23 00:00:00,NO,0.8,0.2,0.3,0.3,0,0.4,0.6,1.8,2.8,3.8,5.6,6.2,6,5.8,6.8,5.9,4,2,0.8,0.7,0.7,0.8,0.6,0.7,
楠梓,2024/01/23 00:00:00,NO2,11.7,11.2,9.9,8.5,9.2,9.3,11,14.8,16.3,16.7,16.2,16.2,15.5,15.7,16,16.4,16.9,18.4,18.9,20.4,19.8,17.7,16.1,16,
楠梓,2024/01/23 00:00:00,NOx,12.5,11.5,10.2,8.9,9.3,9.7,11.6,16.6,19.1,20.5,21.9,22.4,21.6,21.6,22.9,22.4,21,20.4,19.8,21.1,20.6,18.5,16.8,16.7,
楠梓,2024/01/23 00:00:00,O3,20.1,20.4,21.1,22.1,21.5,21.3,17.6,13.3,10.8,11.6,12,12.7,15.6,15.7,16.8,18.2,20.1,18.3,15.1,12.3,11.5,11.5,11.1,10.7,
楠梓,2024/01/23 00:00:00,PM10,17,17,30,35,46,42,22,27,24,17,22,20,20,20,22,24,24,24,21,28,29,33,22,32,
楠梓,2024/01/23 00:00:00,PM2.5,5,4,8,6,5,6,6,9,11,9,7,6,7,8,7,14,12,10,12,13,13,11,18,26,
楠梓,2024/01/23 00:00:00,RAINFALL,0,0,0,0,0,0,0,0,0,0,0,0,0,0,0,0,0,0,0,0,0,0,0,0,
楠梓,2024/01/23 00:00:00,RH,77,76,77,77,75,75,76,79,86,86,83,82,78,75,71,70,70,71,73,76,77,79,81,83,
楠梓,2024/01/23 00:00:00,SO2,1.3,1.1,1.2,1.1,1.2,1.1,1.1,1.1,1,1,1,1.2,1.4,1.2,1.6,1.6,1.4,1.2,1.1,1.4,1.3,1.3,1.2,1.4,
楠梓,2024/01/23 00:00:00,THC,2.18,2.16,2.15,2.16,2.15,2.14,2.16,2.19,2.18,2.18,2.2,2.2,2.2,2.2,2.22,2.21,2.19,2.2,2.22,2.23,2.25,2.23,2.24,2.23,
楠梓,2024/01/23 00:00:00,WD_HR,10,354,3,28,359,23,32,30,29,359,356,1,32,14,11,355,11,29,17,1,18,4,15,338,
楠梓,2024/01/23 00:00:00,WIND_DIREC,346,348,1,11,333,34,30,11,354,31,338,21,39,351,6,24,18,24,19,43,7,335,344,340,
楠梓,2024/01/23 00:00:00,WIND_SPEED,2.3,2.8,2.9,2.9,3.5,4.2,3.1,3.1,1.9,3.4,2.5,3.2,3.4,2.5,2.8,2.2,2.5,2.8,2.3,2.1,2.2,1.6,1.2,2.3,
楠梓,2024/01/23 00:00:00,WS_HR,1.8,2.1,2.4,2.7,2.4,3.1,2.3,2.4,1.9,1.9,1.7,2,2.4,1.8,1.8,1.7,2.2,2.2,2,1.7,1.7,1.4,1.1,1.6,
楠梓,2024/01/24 00:00:00,AMB_TEMP,10.4,10.6,10.5,10.5,10.6,10.5,10.3,10.7,11.6,13.3,16,18.6,18.9,19,18.3,18,17.7,17.2,16.8,16.7,15.5,14.8,14.6,14.6,
楠梓,2024/01/24 00:00:00,CH4,2.12,2.13,2.13,2.14,2.15,2.14,2.14,2.17,2.17,2.16,2.15,2.1,2.09,2.07,2.08,2.07,2.07,2.07,2.1,2.18,2.17,2.13,2.14,2.15,
楠梓,2024/01/24 00:00:00,CO,0.33,0.32,0.32,0.32,0.32,0.32,0.32,0.39,0.37,0.4,0.43,0.36,0.33,0.31,0.3,0.29,0.28,0.33,0.48,0.54,0.41,0.39,0.38,0.38,
楠梓,2024/01/24 00:00:00,NMHC,0.1,0.09,0.08,0.08,0.08,0.08,0.08,0.1,0.1,0.1,0.22,0.15,0.08,0.04,0.03,0.05,0.04,0.08,0.24,0.47,0.13,0.13,0.13,0.14,
楠梓,2024/01/24 00:00:00,NO,0.7,1.8,1,1.2,1.5,1.6,1.9,4.3,6.8,14.7,19,7.7,3.1,2.2,1.9,1.7,1.5,1.5,1.4,1.5,1.7,1.9,1.6,1.6,
楠梓,2024/01/24 00:00:00,NO2,15.3,14.3,13.4,13.3,13.5,14.4,15.6,19.2,17.8,20.7,24.1,18,12.3,10.3,10.4,10.4,9.2,12.4,19.5,26.1,23.7,24.1,22.3,21.4,
楠梓,2024/01/24 00:00:00,NOx,16.1,16.1,14.4,14.6,15.1,16.1,17.5,23.6,24.7,35.4,43.1,25.7,15.4,12.6,12.3,12.2,10.8,14,21,27.7,25.4,26.1,23.9,23,
楠梓,2024/01/24 00:00:00,O3,12.2,13.1,14.4,13.7,11.8,11.6,11,7.1,8.9,7.9,11.9,33.4,45,48.2,50.6,45.3,41.9,40.7,31.2,25.4,17.5,13.3,11.8,10,
楠梓,2024/01/24 00:00:00,PM10,30,32,27,29,33,29,32,45,47,59,60,53,36,34,31,#,35,40,35,45,53,50,47,50,
楠梓,2024/01/24 00:00:00,PM2.5,19,21,20,21,18,22,24,21,25,24,26,22,18,14,20,#,11,13,13,25,21,29,26,27,
楠梓,2024/01/24 00:00:00,RAINFALL,0,0,0,0,0,0,0,0,0,0,0,0,0,0,0,0,0,0,0,0,0,0,0,0,
楠梓,2024/01/24 00:00:00,RH,84,83,82,82,83,83,82,82,79,74,66,57,57,59,64,65,66,68,70,71,67,69,70,72,
楠梓,2024/01/24 00:00:00,SO2,1.4,2.3,2.3,2.4,2.4,2.2,2.4,2.3,2.4,2.6,3.3,2.9,2.6,2.6,2.6,2.6,2.5,2.7,2.3,2.3,2.9,2.7,2.6,2.5,
楠梓,2024/01/24 00:00:00,THC,2.22,2.22,2.21,2.22,2.23,2.22,2.22,2.27,2.27,2.26,2.37,2.25,2.17,2.11,2.11,2.12,2.11,2.15,2.34,2.65,2.3,2.26,2.27,2.29,
楠梓,2024/01/24 00:00:00,WD_HR,355,343,338,340,3,336,4,358,347,16,295,269,275,257,272,270,275,311,309,325,32,42,38,1,
楠梓,2024/01/24 00:00:00,WIND_DIREC,339,330,334,10,345,328,43,331,43,347,257,308,240,253,280,264,280,313,308,42,62,21,27,331,
楠梓,2024/01/24 00:00:00,WIND_SPEED,1.9,1.6,2,1.8,1,1.4,1.3,1.1,0.6,0.5,1.1,1.9,2.1,2.4,2.6,1.6,0.8,0.8,0.9,0.5,1.8,1.6,1.6,1.5,
楠梓,2024/01/24 00:00:00,WS_HR,1.1,1.1,1.2,1.3,0.7,1,0.9,0.7,0.5,0.4,0.3,0.9,1.5,1.8,1.9,1.3,1,0.6,0.7,0.6,1.7,2,1.3,0.8,
楠梓,2024/01/25 00:00:00,AMB_TEMP,14.1,13.8,13.5,13.3,13.3,13.4,13.5,13.8,15.5,16.7,17.7,18.4,18.9,19,19.9,20.5,20,19.2,18.6,17.5,16.6,15.6,14.6,13.9,
楠梓,2024/01/25 00:00:00,CH4,2.19,2.21,2.24,2.19,2.18,2.21,2.2,2.21,2.22,2.26,2.2,2.15,2.12,2.11,2.1,2.1,2.12,2.14,2.17,2.18,2.18,2.21,2.22,2.22,
楠梓,2024/01/25 00:00:00,CO,0.4,0.38,0.36,0.35,0.34,0.37,0.38,0.52,0.65,0.56,0.48,0.41,0.37,0.33,0.32,0.34,0.38,0.45,0.46,0.47,0.5,0.52,0.48,0.47,
楠梓,2024/01/25 00:00:00,NMHC,0.18,0.18,0.16,0.15,0.12,0.14,0.14,0.16,0.3,0.23,0.15,0.1,0.07,0.06,0.05,0.05,0.1,0.13,0.14,0.12,0.14,0.18,0.19,0.18,
楠梓,2024/01/25 00:00:00,NO,2.1,1.1,1.2,1,1.5,1.4,3.8,15.3,20.9,15.7,13,5.4,3.6,2.7,2.5,1.8,1.8,1.3,1.2,1.5,1.4,1.7,2.1,2.1,
楠梓,2024/01/25 00:00:00,NO2,23.8,23.6,22.7,20,19,20.2,21.5,21.6,26.2,27.2,24.7,21.4,15.8,14.6,13,13.4,17.5,21.8,27.6,28,27.9,30.3,30.4,27.7,
楠梓,2024/01/25 00:00:00,NOx,25.9,24.8,24,21.1,20.6,21.7,25.4,36.9,47.2,42.9,37.8,26.9,19.5,17.4,15.5,15.2,19.4,23.1,28.8,29.5,29.3,32.1,32.5,29.9,
楠梓,2024/01/25 00:00:00,O3,6,4.4,3.2,4.7,4.2,2,0.8,1.2,5.9,12.8,21.7,31.8,36.8,38,42.9,47,43.8,36.6,28,15.7,12.2,5,2.6,2,
楠梓,2024/01/25 00:00:00,PM10,54,44,42,41,42,41,42,47,63,71,71,65,49,42,46,43,61,57,62,57,58,55,47,44,
楠梓,2024/01/25 00:00:00,PM2.5,31,27,21,22,19,22,24,29,39,46,37,33,22,22,21,22,28,29,27,33,34,32,28,27,
楠梓,2024/01/25 00:00:00,RAINFALL,0,0,0,0,0,0,0,0,0,0,0,0,0,0,0,0,0,0,0,0,0,0,0,0,
楠梓,2024/01/25 00:00:00,RH,72,74,75,75,78,78,78,80,75,68,63,60,59,59,57,56,58,60,62,66,69,72,76,81,
楠梓,2024/01/25 00:00:00,SO2,2.6,1.8,1.8,1.8,1.8,1.7,1.5,1.8,2,3,3.4,2.7,2.6,2.3,2.2,2.1,2.3,2.6,2.3,2.7,2.4,2.4,2,1.9,
楠梓,2024/01/25 00:00:00,THC,2.37,2.39,2.4,2.34,2.3,2.35,2.34,2.37,2.52,2.49,2.35,2.25,2.19,2.17,2.15,2.15,2.22,2.27,2.31,2.3,2.32,2.39,2.41,2.4,
楠梓,2024/01/25 00:00:00,WD_HR,1,353,340,21,6,26,35,64,302,317,4,20,17,23,353,311,305,341,4,15,331,346,19,350,
楠梓,2024/01/25 00:00:00,WIND_DIREC,36,38,328,62,357,20,61,0,309,349,18,35,26,11,300,300,317,347,334,20,2,340,28,337,
楠梓,2024/01/25 00:00:00,WIND_SPEED,1.5,1.3,2.1,1.9,1.1,0.9,1.9,0.2,2.1,1.8,1.8,2.9,2.4,2,1.3,1.5,2.1,1.4,2,1.4,1.1,1.7,1.6,2,
楠梓,2024/01/25 00:00:00,WS_HR,1.4,1,1.2,1.5,1.1,0.7,1.3,0.9,1.2,1.4,1.6,1.6,1.9,1.6,1,1.1,2,1.2,1.1,1.3,1.2,0.8,1.1,1.3,
楠梓,2024/01/26 00:00:00,AMB_TEMP,13.4,13.3,13.1,13,12.7,12.5,12.3,12.5,13.5,15.8,18.5,20.3,21.8,22.9,22.9,22.3,21.2,19.8,19,18.1,17,16.4,15.6,14.9,
楠梓,2024/01/26 00:00:00,CH4,2.23,2.23,2.19,2.2,2.22,2.24,2.26,2.24,2.25,2.23,2.18,2.14,2.14,2.09,2.07,2.09,2.11,2.12,2.14,2.18,2.18,2.2,2.21,2.21,
楠梓,2024/01/26 00:00:00,CO,0.46,0.44,0.43,0.42,0.42,0.44,0.45,0.53,0.51,0.49,0.46,0.46,0.42,0.36,0.31,0.35,0.4,0.45,0.42,0.45,0.47,0.51,0.49,0.49,
楠梓,2024/01/26 00:00:00,NMHC,0.15,0.15,0.15,0.15,0.15,0.16,0.15,0.17,0.15,0.13,0.11,0.08,0.11,0.09,0.06,0.14,0.11,0.1,0.09,0.1,0.11,0.12,0.12,0.1,
楠梓,2024/01/26 00:00:00,NO,1.7,1.1,1.1,1.4,1.3,2.5,4,9.2,17.8,14.1,9.3,5.5,2.8,2.1,1.6,1.5,1.8,1,0.8,0.9,1.1,0.9,0.7,0.9,
楠梓,2024/01/26 00:00:00,NO2,25.9,24.3,22.4,22.5,21.6,21.5,21.9,20.6,19.7,20.7,19.7,16.8,15.8,12.7,10.2,14.6,19.9,21,22,24.6,24.3,24,24.1,24,
楠梓,2024/01/26 00:00:00,NOx,27.7,25.4,23.6,23.9,22.9,24.1,25.9,29.8,37.6,34.9,29,22.4,18.6,14.9,11.9,16.2,21.7,22.1,22.9,25.5,25.4,25,24.8,24.9,
楠梓,2024/01/26 00:00:00,O3,1.3,1.3,1.8,1.3,0.8,0.3,0.8,2.3,5.8,12.4,22,38.1,51.1,58,57.2,62.8,58.9,49.1,42.9,33.5,29,24,17.3,11.7,
楠梓,2024/01/26 00:00:00,PM10,29,29,38,34,31,44,39,49,63,63,58,60,49,39,38,79,79,68,73,73,71,78,74,64,
楠梓,2024/01/26 00:00:00,PM2.5,26,24,23,25,30,26,32,35,40,37,33,33,30,15,16,24,28,30,34,34,35,45,44,39,
楠梓,2024/01/26 00:00:00,RAINFALL,0,0,0,0,0,0,0,0,0,0,0,0,0,0,0,0,0,0,0,0,0,0,0,0,
楠梓,2024/01/26 00:00:00,RH,84,86,87,87,89,90,91,91,87,76,66,59,55,53,54,57,59,63,65,68,72,74,77,79,
楠梓,2024/01/26 00:00:00,SO2,1.9,2.3,2.2,2.3,2.1,2,1.9,2.2,2.4,3.2,3.1,3.3,3.2,2.7,2.4,3.3,4,3.8,3.4,2.6,2.8,3,3,3,
楠梓,2024/01/26 00:00:00,THC,2.38,2.38,2.34,2.35,2.37,2.4,2.41,2.41,2.4,2.36,2.29,2.22,2.25,2.18,2.13,2.23,2.22,2.22,2.23,2.28,2.29,2.32,2.33,2.31,
楠梓,2024/01/26 00:00:00,WD_HR,14,42,1,340,353,344,26,38,19,8,20,320,344,292,281,276,344,329,27,17,350,342,18,42,
楠梓,2024/01/26 00:00:00,WIND_DIREC,43,57,328,326,346,344,16,47,5,14,357,304,312,290,260,305,358,343,35,346,35,337,25,34,
楠梓,2024/01/26 00:00:00,WIND_SPEED,1.2,1.9,1.7,1.9,0.7,1.5,1.5,1.9,1.7,1.7,1.5,2,1.2,2.2,2.2,1.9,1.9,1.8,2,1.5,1.5,1.3,2.3,1.7,
楠梓,2024/01/26 00:00:00,WS_HR,1,1.3,1,1.1,0.7,0.7,1,1.6,1.2,1.3,1.1,1.6,0.7,1.5,1.5,1.8,1.4,1.5,1.1,1.1,1.1,1.2,1.6,1.9,
楠梓,2024/01/27 00:00:00,AMB_TEMP,14.6,14.5,14.5,13.8,13.3,13.3,13.2,13.3,14.5,16.4,19.8,22.5,23.8,23.4,23.6,23.5,22.3,20.6,19,18.2,17.7,16.9,15.9,15.6,
楠梓,2024/01/27 00:00:00,CH4,2.21,2.22,2.32,2.33,2.32,2.24,2.29,2.29,2.3,2.28,2.18,2.13,2.13,2.14,2.12,2.13,2.14,2.15,2.18,2.2,2.22,2.25,2.25,2.25,
楠梓,2024/01/27 00:00:00,CO,0.48,0.5,0.55,0.53,0.51,0.48,0.53,0.52,0.52,0.51,0.44,0.38,0.39,0.39,0.37,0.38,0.37,0.39,0.4,0.45,0.49,0.51,0.59,0.55,
楠梓,2024/01/27 00:00:00,NMHC,0.11,0.13,0.15,0.16,0.16,0.14,0.18,0.15,0.14,0.11,0.08,0.04,0.06,0.09,0.11,0.09,0.04,0.05,0.04,0.05,0.11,0.12,0.12,0.12,
楠梓,2024/01/27 00:00:00,NO,1,1.4,2.4,1.3,1.6,1.4,3.2,7.8,11.6,8.2,4.5,1.9,0.9,0.9,1,0.8,0.5,0.6,0.4,0.5,0.3,0.5,0.1,0.6,
楠梓,2024/01/27 00:00:00,NO2,22,23.7,26.4,23.8,27.1,23.6,24.4,22,19.9,19.1,17,12.8,10.9,12.6,13.3,14.6,15.2,17.6,17.4,19.5,21.9,24.1,24.8,23.6,
楠梓,2024/01/27 00:00:00,NOx,23.1,25.2,28.9,25.1,28.7,25,27.6,29.8,31.6,27.4,21.6,14.8,11.8,13.6,14.3,15.4,15.7,18.2,17.8,20.1,22.3,24.6,25,24.3,
楠梓,2024/01/27 00:00:00,O3,10.1,6.6,2,3.2,0.9,3.1,0.7,3.6,8.4,20.7,36.2,53.8,65.4,67.4,66.8,66.2,57.3,43.4,35.6,27.1,21.7,14.8,10.3,9.4,
楠梓,2024/01/27 00:00:00,PM10,62,71,70,71,58,60,62,66,69,68,59,54,51,58,59,64,61,67,65,70,64,71,84,75,
楠梓,2024/01/27 00:00:00,PM2.5,33,41,43,47,37,39,43,39,41,44,37,30,31,32,28,28,25,26,32,38,39,45,54,48,
楠梓,2024/01/27 00:00:00,RAINFALL,0,0,0,0,0,0,0,0,0,0,0,0,0,0,0,0,0,0,0,0,0,0,0,0,
楠梓,2024/01/27 00:00:00,RH,82,84,84,87,87,87,87,87,83,75,64,56,52,55,54,54,57,62,68,70,72,76,82,83,
楠梓,2024/01/27 00:00:00,SO2,2.7,1.7,1.5,1.4,1.4,1.3,1.3,1.7,1.9,2.4,2.3,1.9,1.6,1.9,2.2,2.6,2.5,2.2,2,2.1,2.2,2.1,2,1.6,
楠梓,2024/01/27 00:00:00,THC,2.32,2.35,2.47,2.49,2.48,2.38,2.47,2.44,2.44,2.39,2.26,2.17,2.19,2.23,2.23,2.22,2.18,2.2,2.22,2.25,2.33,2.37,2.37,2.37,
楠梓,2024/01/27 00:00:00,WD_HR,29,60,39,346,30,43,350,356,350,3,50,18,282,274,292,316,333,344,352,353,29,4,339,36,
楠梓,2024/01/27 00:00:00,WIND_DIREC,37,62,328,355,44,37,330,357,336,38,41,336,263,264,289,335,337,340,18,25,21,335,27,7,
楠梓,2024/01/27 00:00:00,WIND_SPEED,1,0.3,0.9,1.3,1,0.9,2,0.9,2.4,2,2.3,1.5,2.4,2.8,2.3,2.3,2.7,2.8,1.8,2.1,1.4,1.3,1.3,1.9,
楠梓,2024/01/27 00:00:00,WS_HR,0.9,0.8,0.6,1.1,1.1,0.6,0.8,1.1,1.3,1.8,2.2,0.7,1.4,2.2,1.9,1.7,2.3,1.7,1.8,1.5,1.9,1,1.5,1.2,
楠梓,2024/01/28 00:00:00,AMB_TEMP,15,14.5,14.1,13.8,13.7,13.6,13.4,13.4,14.3,16.5,19.2,21.8,23.6,24.4,24.2,23.8,23,21.6,20,19.4,18.5,17.9,17.2,16.8,
楠梓,2024/01/28 00:00:00,CH4,2.27,2.24,2.26,2.28,2.24,2.26,2.27,2.28,2.25,2.24,2.22,2.2,2.16,2.14,2.13,2.14,2.18,2.22,2.24,2.26,2.25,2.25,2.23,2.24,
楠梓,2024/01/28 00:00:00,CO,0.56,0.47,0.46,0.45,0.45,0.45,0.45,0.48,0.48,0.49,0.49,0.47,0.41,0.4,0.37,0.38,0.44,0.53,0.54,0.56,0.53,0.53,0.54,0.55,
楠梓,2024/01/28 00:00:00,NMHC,0.12,0.1,0.09,0.12,0.09,0.09,0.1,0.09,0.08,0.08,0.06,0.05,0.04,0.03,0.02,0.03,0.03,0.06,0.08,0.1,0.08,0.08,0.07,0.09,
楠梓,2024/01/28 00:00:00,NO,0.5,0.4,0.9,0.7,0.5,0.7,0.8,1.5,3.4,3.5,2.7,1.9,1.4,0.9,0.9,0.8,0.6,0.5,0.3,0.4,0.7,0.8,0.7,0.7,
楠梓,2024/01/28 00:00:00,NO2,23.1,19.2,17.6,17.2,15.6,14.9,14.4,14,12.5,11.7,11.1,11.1,9.5,8.6,9.2,10,11.6,16.2,18.2,18.5,18.5,18.4,18.4,18.7,
楠梓,2024/01/28 00:00:00,NOx,23.7,19.7,18.5,17.9,16.1,15.6,15.3,15.5,15.9,15.3,13.8,13,11,9.5,10.1,10.8,12.3,16.7,18.5,18.9,19.3,19.2,19.1,19.5,
楠梓,2024/01/28 00:00:00,O3,6.7,8.6,8.9,7.4,8.3,8.7,8.2,12,15.2,22.7,32.8,45.8,58.8,63,62,61.5,60.2,54.5,46.7,40.8,35.8,30.2,23.7,19.4,
楠梓,2024/01/28 00:00:00,PM10,70,56,55,56,48,55,60,55,61,52,59,55,42,45,44,42,64,87,94,102,87,84,74,72,
楠梓,2024/01/28 00:00:00,PM2.5,50,38,43,41,42,42,48,47,47,48,45,36,29,28,26,20,31,46,53,52,48,45,39,44,
楠梓,2024/01/28 00:00:00,RAINFALL,0,0,0,0,0,0,0,0,0,0,0,0,0,0,0,0,0,0,0,0,0,0,0,0,
楠梓,2024/01/28 00:00:00,RH,86,86,88,90,90,91,92,92,89,80,68,59,55,51,50,51,53,57,60,62,64,66,68,68,
楠梓,2024/01/28 00:00:00,SO2,1.8,1.6,1.3,1.5,1.6,1.5,1.4,1.3,1.2,1.5,1.6,1.8,2.1,1.9,1.9,1.9,2.4,3.2,2.8,3,2.8,2.7,2.8,2.8,
楠梓,2024/01/28 00:00:00,THC,2.39,2.34,2.35,2.4,2.33,2.35,2.37,2.37,2.33,2.32,2.28,2.25,2.2,2.17,2.15,2.17,2.21,2.28,2.32,2.36,2.33,2.33,2.3,2.33,
楠梓,2024/01/28 00:00:00,WD_HR,348,35,4,17,38,30,351,24,45,358,22,338,340,315,1,2,342,340,8,4,334,333,339,350,
楠梓,2024/01/28 00:00:00,WIND_DIREC,27,33,18,23,25,33,17,22,21,15,355,353,335,317,27,339,1,353,349,326,358,337,328,338,
楠梓,2024/01/28 00:00:00,WIND_SPEED,2,2.2,1.6,1.8,1.9,1.5,1.7,2.5,1.4,1.9,1.2,1.4,1.6,2.5,2.2,1.6,1.7,1.2,1.6,1.8,1.2,1.6,1.6,0.9,
楠梓,2024/01/28 00:00:00,WS_HR,1.7,1.9,1.3,1.5,1.9,1.4,1.1,1.5,1.7,1.2,1,0.9,0.9,1.8,1.4,1.4,1.2,1.3,1.3,1.1,1.2,0.9,1.2,0.5,
楠梓,2024/01/29 00:00:00,AMB_TEMP,16.2,15.7,15.4,15.3,15.1,14.8,14.8,15.2,16.4,19.4,22.8,24.3,24.9,25.3,25.3,24,22.2,21.2,20.2,19.3,18.9,18.9,18.7,18.4,
楠梓,2024/01/29 00:00:00,CH4,2.25,2.25,2.29,2.26,2.24,2.28,2.29,2.3,2.31,2.3,2.24,2.22,2.16,2.15,2.15,2.12,2.12,2.15,2.18,2.21,2.23,2.25,2.24,2.23,
楠梓,2024/01/29 00:00:00,CO,0.51,0.47,0.47,0.47,0.47,0.48,0.52,0.64,0.62,0.57,0.51,0.56,0.5,0.42,0.41,0.36,0.37,0.47,0.48,0.47,0.51,0.52,0.48,0.48,
楠梓,2024/01/29 00:00:00,NMHC,0.07,0.08,0.09,0.08,0.07,0.09,0.1,0.13,0.13,0.11,0.13,0.1,0.04,0.04,0.04,0.02,0.06,0.13,0.08,0.06,0.07,0.1,0.16,0.18,
楠梓,2024/01/29 00:00:00,NO,0.6,0.7,0.5,0.7,0.5,0.6,1,9.2,11.6,20.5,5.7,2.8,1.5,1.1,1,0.9,0.8,0.6,0.5,0.4,0.4,0.6,0.7,0.7,
楠梓,2024/01/29 00:00:00,NO2,18.3,16.1,15.2,14.3,13,16,18.8,22.1,23,29.7,21.2,20.4,14,11.8,11.9,11.1,11.3,17.8,19.7,16.5,17,18,17.6,15.9,
楠梓,2024/01/29 00:00:00,NOx,19,16.9,15.7,15,13.5,16.7,19.9,31.4,34.6,50.3,26.9,23.3,15.6,13,13,12.1,12.1,18.4,20.2,17,17.4,18.6,18.4,16.7,
楠梓,2024/01/29 00:00:00,O3,18,18,16.6,16.9,15.9,10.2,6.6,3.7,9.5,12.1,37.7,54.7,67.4,73.4,80.5,71.9,69.1,53.7,46.7,43.5,36.8,32.5,30.4,26.1,
楠梓,2024/01/29 00:00:00,PM10,61,60,52,57,56,61,61,64,74,106,70,70,50,47,54,47,61,83,90,89,100,99,94,98,
楠梓,2024/01/29 00:00:00,PM2.5,39,38,35,32,36,39,37,38,46,45,45,39,31,29,33,24,29,29,44,48,55,60,55,58,
楠梓,2024/01/29 00:00:00,RAINFALL,0,0,0,0,0,0,0,0,0,0,0,0,0,0,0,0,0,0,0,0,0,0,0,0,
楠梓,2024/01/29 00:00:00,RH,70,71,73,75,78,81,82,81,77,68,60,57,55,54,55,61,72,77,79,83,85,86,86,88,
楠梓,2024/01/29 00:00:00,SO2,2.5,2.4,2,2,1.9,2,1.7,1.8,2.4,2.6,2.5,2.9,3,2.7,2.5,2.5,2.6,2.3,2.4,2,2,2.1,2.1,2.3,
楠梓,2024/01/29 00:00:00,THC,2.32,2.33,2.38,2.34,2.31,2.37,2.39,2.43,2.44,2.41,2.37,2.32,2.2,2.19,2.19,2.14,2.18,2.28,2.26,2.27,2.3,2.35,2.4,2.41,
楠梓,2024/01/29 00:00:00,WD_HR,346,24,356,31,19,15,351,354,338,16,270,262,252,266,262,257,287,300,352,14,34,11,54,48,
楠梓,2024/01/29 00:00:00,WIND_DIREC,333,37,341,34,3,12,324,331,37,325,224,276,220,269,264,252,293,322,36,13,29,14,60,22,
楠梓,2024/01/29 00:00:00,WIND_SPEED,1.6,1.8,0.9,1.6,0.8,0.5,0.2,1.1,0.2,0.4,1.2,1.5,1.7,1.4,2.5,2,1.8,1.8,1.5,0.2,0.2,0.7,1.9,0.6,
楠梓,2024/01/29 00:00:00,WS_HR,0.7,1.1,0.8,1.2,1,0.4,0.3,0.2,0.2,0.1,0.5,1.2,1.2,1.5,1.3,1.8,1.9,1.5,1.3,0.8,0.7,0.4,1.5,1.3,
楠梓,2024/01/30 00:00:00,AMB_TEMP,18.2,17.7,17.7,17.3,17.3,17.3,17.3,17.4,17.5,18.7,21.2,23.5,26.2,26.7,26.3,26.1,24.9,24.1,23.4,23.2,22.2,21.2,20.6,20.2,
楠梓,2024/01/30 00:00:00,CH4,2.29,2.26,2.24,2.23,2.22,2.24,2.28,2.32,2.31,2.28,2.25,2.21,2.19,2.2,2.15,2.11,2.12,2.12,2.15,2.22,2.28,2.3,2.24,2.26,
楠梓,2024/01/30 00:00:00,CO,0.5,0.46,0.44,0.44,0.43,0.46,0.54,0.61,0.54,0.5,0.48,0.47,0.49,0.54,0.43,0.35,0.36,0.4,0.52,0.58,0.57,0.52,0.44,0.44,
楠梓,2024/01/30 00:00:00,NMHC,0.1,0.08,0.11,0.06,0.09,0.1,0.17,0.16,0.11,0.1,0.09,0.09,0.14,0.13,0.06,0.02,0.04,0.03,0.1,0.21,0.18,0.17,0.09,0.11,
楠梓,2024/01/30 00:00:00,NO,0.5,0.5,0.8,0.7,0.7,1.4,10.1,16.8,12.4,7.8,7.6,5,2.4,1.8,1.3,1.1,1.1,0.9,0.9,0.5,0.5,1,0.7,0.6,
楠梓,2024/01/30 00:00:00,NO2,16.4,14.7,13.7,12.9,12.1,17.8,24,24.6,19,17,17.8,18.8,19.7,19.2,15.8,12,10.5,12,17.6,22.5,26.6,25,18.5,16.7,
楠梓,2024/01/30 00:00:00,NOx,16.9,15.3,14.6,13.6,12.9,19.2,34.1,41.4,31.4,24.8,25.4,23.8,22.2,21.1,17.2,13.1,11.6,12.9,18.6,23,27.1,26,19.3,17.3,
楠梓,2024/01/30 00:00:00,O3,20.4,20.7,18.6,17.4,10.7,6.8,0.6,2.5,6.4,13.2,21,41.8,67,78.7,78.8,68.4,66.9,59.8,47.7,36.2,32.2,25.5,27.9,25.1,
楠梓,2024/01/30 00:00:00,PM10,103,102,89,87,99,93,101,94,84,106,97,82,76,89,66,52,55,53,60,76,85,77,55,57,
楠梓,2024/01/30 00:00:00,PM2.5,56,58,49,53,68,59,64,53,62,70,60,50,50,60,42,25,28,27,27,35,57,46,30,30,
楠梓,2024/01/30 00:00:00,RAINFALL,0,0,0,0,0,0,0,0,0,0,0,0,0,0,0,0,0,0,0,0,0,0,0,0,
楠梓,2024/01/30 00:00:00,RH,90,94,94,94,94,94,93,93,94,93,83,73,64,62,64,65,70,74,78,78,78,82,83,85,
楠梓,2024/01/30 00:00:00,SO2,2.1,1.2,1.1,1.1,1.1,1,1.1,1.6,1.4,1.2,1.4,2.1,3,2.7,2.4,1.6,1.4,1.4,1.5,1.6,2.2,1.9,1.8,1.6,
楠梓,2024/01/30 00:00:00,THC,2.39,2.34,2.35,2.29,2.31,2.34,2.45,2.48,2.42,2.38,2.34,2.3,2.33,2.33,2.21,2.13,2.16,2.15,2.25,2.43,2.46,2.47,2.33,2.37,
楠梓,2024/01/30 00:00:00,WD_HR,348,25,50,52,43,58,57,337,339,0,32,35,261,262,278,259,283,261,270,325,341,29,31,29,
楠梓,2024/01/30 00:00:00,WIND_DIREC,356,39,57,49,44,93,59,320,320,37,38,277,258,255,268,258,271,250,308,8,347,48,26,31,
楠梓,2024/01/30 00:00:00,WIND_SPEED,0.8,1.4,1.9,1.5,0.6,0.2,0.2,2.1,2.1,2.1,2.1,1.1,2,2.3,1.8,1.5,1.2,0.9,0.4,0.8,1.2,1.3,1.2,0.8,
楠梓,2024/01/30 00:00:00,WS_HR,0.8,1,1.9,2,0.8,0.4,0.2,0.8,1.3,1.6,1.8,1,1.2,1.4,1.6,1.4,1.3,0.8,0.5,0.6,1.1,0.9,1.4,0.8,
楠梓,2024/01/31 00:00:00,AMB_TEMP,19.9,19.7,19.4,19.1,19,19,19.5,19.7,21.3,23.2,25.9,27.5,27.3,27.3,27.8,27.3,26.3,25,23.9,23.5,23.1,22.6,22.5,21.4,
楠梓,2024/01/31 00:00:00,CH4,2.3,2.34,2.57,2.5,2.48,2.44,2.57,2.66,2.44,2.29,2.27,2.18,2.14,2.11,2.09,2.09,2.09,2.13,2.16,2.17,2.25,2.32,2.25,2.59,
楠梓,2024/01/31 00:00:00,CO,0.48,0.51,0.55,0.48,0.48,0.55,0.81,1.07,0.89,0.57,0.5,0.43,0.37,0.34,0.34,0.35,0.36,0.46,0.48,0.53,0.62,0.67,0.55,0.8,
楠梓,2024/01/31 00:00:00,NMHC,0.14,0.16,0.19,0.22,0.23,0.27,0.82,0.64,0.32,0.17,0.17,0.1,0.04,0.03,0.03,0.04,0.02,0.08,0.11,0.14,0.24,0.22,0.18,0.36,
楠梓,2024/01/31 00:00:00,NO,0.7,0.5,6.9,2,4.5,21.7,51.3,83.8,37.9,9.9,5.6,2.2,1.4,1,1.1,0.9,0.7,0.3,0.8,0.7,0.8,1.5,0.8,18.1,
楠梓,2024/01/31 00:00:00,NO2,21.6,23.4,28.6,20.3,27.2,31.4,41.7,43.1,39.3,36.1,23.9,17.3,11,7.9,9.1,9.7,11.4,13.8,17.2,21.1,30.9,36.8,27.6,42.7,
楠梓,2024/01/31 00:00:00,NOx,22.4,23.9,35.5,22.4,31.7,53.1,93.1,127,77.3,46.1,29.5,19.5,12.4,9,10.2,10.6,12.2,14.2,18,21.9,31.7,38.4,28.5,60.8,
楠梓,2024/01/31 00:00:00,O3,13.5,5.7,0.4,6.9,2.1,0,0,0,10.7,27.3,47.3,60.6,63.8,68.3,68.9,68.9,65.7,65.6,59.2,46.2,28.5,14.9,20.6,0.5,
楠梓,2024/01/31 00:00:00,PM10,62,61,75,72,70,68,85,92,84,84,66,51,39,40,40,31,45,50,62,74,82,68,48,63,
楠梓,2024/01/31 00:00:00,PM2.5,33,42,48,47,48,49,58,55,47,47,40,30,22,25,18,18,21,27,34,39,46,47,30,34,
楠梓,2024/01/31 00:00:00,RAINFALL,0,0,0,0,0,0,0,0,0,0,0,0,0,0,0,0,0,0,0,0,0,0,0,0,
楠梓,2024/01/31 00:00:00,RH,87,87,89,90,91,91,90,89,85,74,62,56,56,56,55,56,60,72,79,81,80,79,77,83,
楠梓,2024/01/31 00:00:00,SO2,1.4,1,1.1,1.1,1.2,1,1.3,1.9,1.9,2.5,2.5,1.9,1.5,1.3,1.3,1.7,1.5,1.8,1.6,1.8,1.8,1.7,1.7,1.7,
楠梓,2024/01/31 00:00:00,THC,2.44,2.5,2.76,2.72,2.71,2.71,3.39,3.3,2.76,2.46,2.44,2.28,2.18,2.14,2.12,2.13,2.11,2.21,2.27,2.31,2.49,2.54,2.43,2.95,
楠梓,2024/01/31 00:00:00,WD_HR,57,51,65,42,70,101,157,81,19,23,268,245,274,270,261,267,266,284,306,331,64,79,52,77,
楠梓,2024/01/31 00:00:00,WIND_DIREC,72,68,52,51,94,158,94,67,14,275,294,235,273,253,279,266,283,296,319,54,68,62,70,77,
楠梓,2024/01/31 00:00:00,WIND_SPEED,0.2,0.2,0.5,0.2,0.2,0.2,0.2,0.2,1.2,0.5,1.5,2.1,2.5,2.2,2.5,0.7,1.5,1.3,0.8,0.3,0.7,0.2,0.2,0.2,
楠梓,2024/01/31 00:00:00,WS_HR,0.3,0.1,0.6,0.3,0.3,0.1,0.3,0.2,0.5,0.6,0.9,1.4,1.8,2.1,1.8,1.7,1,1,0.9,0.6,0.7,0.4,0.2,0.3,
楠梓,2024/02/01 00:00:00,AMB_TEMP,20.8,20.3,19.6,19.4,19,18.8,18.7,19.6,21.9,24.4,26.2,26.9,27.6,27.7,27.2,27,26.3,25.1,24.3,23.8,23.7,23.4,22.8,22.2,
楠梓,2024/02/01 00:00:00,CH4,2.52,2.37,2.56,2.56,2.43,2.32,2.49,2.56,2.23,2.18,2.11,2.08,2.07,2.05,2.04,2.04,2.06,2.06,2.05,2.08,2.14,2.16,2.34,2.47,
楠梓,2024/02/01 00:00:00,CO,0.69,0.53,0.51,0.39,0.38,0.41,0.52,0.91,0.66,0.49,0.35,0.35,0.33,0.31,0.27,0.29,0.3,0.36,0.4,0.44,0.48,0.48,0.53,0.59,
楠梓,2024/02/01 00:00:00,NMHC,0.29,0.21,0.23,0.16,0.17,0.12,0.13,0.27,0.15,0.13,0.09,0.04,0.02,0.01,0.01,0.06,0.05,0.05,0.04,0.15,0.07,0.24,0.26,0.23,
楠梓,2024/02/01 00:00:00,NO,5.5,8.6,6.4,2,1.3,2.7,24.3,53.2,20.3,13,2.5,1,0.9,1,0.5,0.7,0.9,0.6,0.4,0.5,0.6,0.4,1.8,8.1,
楠梓,2024/02/01 00:00:00,NO2,34.7,25.8,27.1,22.2,20.1,22,26.8,33.4,37.1,28.8,14,11,8.9,8.2,7.6,9.1,10.9,12.4,13.7,16,19.8,22.7,32.7,38.7,
楠梓,2024/02/01 00:00:00,NOx,40.3,34.4,33.5,24.3,21.4,24.8,51.2,86.6,57.4,41.9,16.5,12,9.8,9.3,8.1,9.8,11.8,13.1,14.1,16.5,20.5,23.1,34.6,46.9,
楠梓,2024/02/01 00:00:00,O3,4,8.1,1,4.4,4.8,2.8,1.5,0,9.3,22.2,48.5,61.7,63.6,62.2,60.6,61.1,55.9,58.6,54.8,52.2,40.7,31.6,16,3.7,
楠梓,2024/02/01 00:00:00,PM10,51,46,49,44,50,47,43,65,46,49,47,48,41,42,38,105,36,41,33,39,45,43,55,50,
楠梓,2024/02/01 00:00:00,PM2.5,32,26,24,23,30,32,25,36,29,29,23,20,26,18,17,17,18,18,17,15,20,24,28,31,
楠梓,2024/02/01 00:00:00,RAINFALL,0,0,0,0,0,0,0,0,0,0,0,0,0,0,0,0,0,0,0,0,0,0,0,0,
楠梓,2024/02/01 00:00:00,RH,85,87,88,90,93,93,91,88,76,66,64,61,57,58,60,60,62,69,72,80,82,84,83,81,
楠梓,2024/02/01 00:00:00,SO2,1.3,1.1,0.9,1,1,1.1,1,1.5,1.8,2.1,1.6,2,2.1,2.1,1.4,1.5,1.1,1.3,1.3,1.4,1.3,1.3,1.3,1.1,
楠梓,2024/02/01 00:00:00,THC,2.81,2.58,2.79,2.72,2.6,2.44,2.62,2.83,2.38,2.31,2.2,2.12,2.09,2.06,2.05,2.1,2.11,2.11,2.09,2.23,2.21,2.4,2.6,2.7,
楠梓,2024/02/01 00:00:00,WD_HR,334,65,64,48,52,64,93,82,56,302,278,276,301,269,273,290,288,271,269,305,331,311,97,81,
楠梓,2024/02/01 00:00:00,WIND_DIREC,354,79,47,30,64,70,101,99,302,290,293,305,278,278,291,291,273,275,267,319,311,334,103,95,
楠梓,2024/02/01 00:00:00,WIND_SPEED,0.5,0.8,0.2,0.8,1,0.8,0.5,0.3,0.3,0.9,1.4,2.1,0.2,2.2,2.7,1.9,0.2,1,0.7,1.2,0.3,0.2,0.6,0.4,
楠梓,2024/02/01 00:00:00,WS_HR,0.2,0.4,0.3,0.6,0.6,0.4,0.4,0.2,0.2,0.3,1,2,0.5,1.9,2.1,1.6,0.8,1.3,1,0.6,0.4,0,0.3,0.4,
楠梓,2024/02/02 00:00:00,AMB_TEMP,21.2,21,20.7,20.6,20.6,20.4,20.1,20.5,22.1,24.4,26.6,27.7,27.5,27.1,27.2,27,26.8,25.9,24.3,22.8,21.7,20.9,20.1,19.5,
楠梓,2024/02/02 00:00:00,CH4,2.38,2.4,2.5,2.41,2.49,2.48,2.32,2.36,2.25,2.2,2.11,2.12,2.32,2.24,2.16,2.12,#,2.11,2.16,2.2,2.23,2.26,2.24,2.24,
楠梓,2024/02/02 00:00:00,CO,0.44,0.42,0.51,0.39,0.41,0.52,0.56,0.55,0.5,0.41,0.33,0.34,0.46,0.4,0.35,0.34,#,0.36,0.37,0.43,0.45,0.5,0.49,0.48,
楠梓,2024/02/02 00:00:00,NMHC,0.12,0.1,0.15,0.08,0.1,0.15,0.16,0.17,0.14,0.09,0.04,0.02,0.09,0.04,0.03,0.04,#,0.05,0.04,0.06,0.07,0.11,0.1,0.09,
楠梓,2024/02/02 00:00:00,NO,3.4,2.3,17.8,2.7,3,19.5,18.3,15.1,20.5,11.2,3.9,2.7,1.9,1.2,1.1,1,#,1.1,0.5,0.7,0.8,1,1.1,1,
楠梓,2024/02/02 00:00:00,NO2,28.3,30,34.8,22.5,22,35.8,36.6,32.1,32.6,26.9,14.4,12.1,16.5,13,10.2,11.2,#,15.5,15.5,16.2,18.4,21.1,19.8,18.4,
楠梓,2024/02/02 00:00:00,NOx,31.7,32.4,52.7,25.2,25,55.4,54.9,47.2,53.1,38.2,18.3,14.8,18.5,14.3,11.4,12.3,#,16.6,16.1,16.9,19.2,22.1,20.9,19.4,
楠梓,2024/02/02 00:00:00,O3,9.9,8.1,1,14.6,16.8,0.3,0.7,4.5,12.7,26.4,40,46.7,65.8,73.9,72.8,#,64.6,48,35.9,28.6,21.3,14.3,12.5,10.3,
楠梓,2024/02/02 00:00:00,PM10,42,36,42,44,47,48,53,56,59,69,48,45,75,76,68,66,#,#,50,54,57,68,82,63,
楠梓,2024/02/02 00:00:00,PM2.5,24,21,22,24,26,30,31,26,32,30,18,16,52,50,42,#,30,24,19,24,20,32,33,31,
楠梓,2024/02/02 00:00:00,RAINFALL,0,0,0,0,0,0,0,0,0,0,0,0,0,0,0,#,#,0,0,0,0,0,0,0,
楠梓,2024/02/02 00:00:00,RH,83,82,83,84,85,85,86,84,79,69,59,55,62,65,64,64,62,64,71,79,84,87,89,91,
楠梓,2024/02/02 00:00:00,SO2,1,1.3,1.5,1.6,1.3,1.7,1.7,1.8,1.9,2.4,2.5,2.5,2.9,2.8,2.5,2.1,#,1.7,1.5,1.7,1.6,1.7,1.6,1.4,
楠梓,2024/02/02 00:00:00,THC,2.5,2.5,2.65,2.49,2.59,2.63,2.48,2.53,2.39,2.29,2.15,2.14,2.41,2.28,2.19,2.16,#,2.16,2.2,2.26,2.3,2.37,2.34,2.33,
楠梓,2024/02/02 00:00:00,WD_HR,94,97,93,98,97,71,64,47,53,19,315,339,275,278,282,278,314,350,22,18,22,328,335,22,
楠梓,2024/02/02 00:00:00,WIND_DIREC,88,98,101,96,89,87,53,59,15,294,315,271,278,296,283,287,353,12,35,29,350,331,340,4,
楠梓,2024/02/02 00:00:00,WIND_SPEED,0.4,0.2,0.7,0.5,0.2,0.6,1,1.2,0.5,1,1.6,2.2,2.5,2.2,1.9,1.7,1,1.9,2.9,1.7,0.7,0.9,1.7,1.2,
楠梓,2024/02/02 00:00:00,WS_HR,0.5,0.3,0.3,0.6,0.4,0.3,1,1.1,0.9,0.3,0.6,0.8,2.1,1.9,1.9,1.6,0.9,1.3,1.3,1,0.7,0.5,1,1.1,
楠梓,2024/02/03 00:00:00,AMB_TEMP,19.1,18.7,18.3,18.4,18.7,18.8,19.1,19.3,20.5,21.7,24.6,26.5,27.7,27,27.6,27,26,24.8,23.7,23.2,22.8,22.7,22.8,21.9,
楠梓,2024/02/03 00:00:00,CH4,2.22,2.25,2.25,2.21,2.23,2.21,2.26,2.28,2.28,2.34,2.26,2.23,2.12,2.08,2.07,2.07,2.08,2.07,2.07,2.08,2.1,2.13,2.17,2.32,
楠梓,2024/02/03 00:00:00,CO,0.48,0.47,0.47,0.45,0.46,0.44,0.47,0.54,0.56,0.6,0.51,0.61,0.44,0.35,0.3,0.31,0.32,0.34,0.3,0.34,0.34,0.36,0.4,0.43,
楠梓,2024/02/03 00:00:00,NMHC,0.09,0.1,0.1,0.07,0.07,0.07,0.1,0.13,0.15,0.17,0.14,0.14,0.07,0.03,0.03,0.03,0.05,0.03,0.01,0.03,0.09,0.05,0.1,0.14,
楠梓,2024/02/03 00:00:00,NO,0.9,0.7,0.4,0.1,0.4,0.6,2.6,6,7.8,9.4,6.9,4.3,1.6,0.8,0.8,0.7,0.5,0.6,0.4,0.4,0.4,0.1,0.2,0.3,
楠梓,2024/02/03 00:00:00,NO2,16.1,17.3,15.9,14.5,15.3,14.1,15.3,15.6,16.1,19.3,17.6,20.9,14,9.5,8.7,9,10.1,12,11.1,11.6,13.8,14.5,17.1,20.6,
楠梓,2024/02/03 00:00:00,NOx,17,18,16.3,14.6,15.7,14.8,18,21.6,23.9,28.7,24.5,25.2,15.7,10.3,9.5,9.7,10.6,12.6,11.5,12,14.3,14.6,17.3,20.9,
楠梓,2024/02/03 00:00:00,O3,9.1,6.4,6.4,5.9,4.3,3.4,0.5,2,5,10.2,25.4,44.6,62.4,60,59,57.7,54.9,49.6,48.6,46.9,43.3,40.9,33.5,17.5,
楠梓,2024/02/03 00:00:00,PM10,64,59,66,54,52,46,46,54,65,76,67,77,58,42,41,43,40,38,39,42,45,46,50,56,
楠梓,2024/02/03 00:00:00,PM2.5,29,31,40,32,38,31,31,37,39,50,38,51,33,24,26,19,15,16,10,18,15,18,16,28,
楠梓,2024/02/03 00:00:00,RAINFALL,0,0,0,0,0,0,0,0,0,0,0,0,0,0,0,0,0,0,0,0,0,0,0,0,
楠梓,2024/02/03 00:00:00,RH,92,94,95,96,95,94,93,92,88,84,70,64,59,61,60,63,67,74,81,84,86,85,84,86,
楠梓,2024/02/03 00:00:00,SO2,1.4,1.1,0.5,0.7,0.7,0.5,0.7,0.7,1.5,2.1,2.1,4,3.5,2.5,1.6,1.6,1.5,1.4,1.2,1.3,1.1,1.1,1.2,1.3,
楠梓,2024/02/03 00:00:00,THC,2.31,2.35,2.35,2.28,2.3,2.28,2.36,2.41,2.43,2.51,2.4,2.37,2.19,2.11,2.1,2.1,2.13,2.1,2.08,2.11,2.19,2.18,2.27,2.46,
楠梓,2024/02/03 00:00:00,WD_HR,343,22,3,33,41,36,347,332,330,344,320,313,287,271,272,255,269,273,276,275,299,342,40,339,
楠梓,2024/02/03 00:00:00,WIND_DIREC,8,354,30,33,48,52,313,321,353,17,300,322,277,268,278,283,246,290,281,272,314,50,34,328,
楠梓,2024/02/03 00:00:00,WIND_SPEED,0.9,0.6,1.5,1.7,1,1.3,1.1,0.6,1.2,1.4,1.7,2.2,2.4,2.2,2,1.6,1.5,1.1,1.1,1.1,0.9,0.2,0.9,1.5,
楠梓,2024/02/03 00:00:00,WS_HR,0.6,0.9,0.9,1.6,1.4,1.3,0.7,0.5,0.6,0.8,0.7,1.3,1.4,1.8,1.4,1.4,1.2,1,1,0.8,0.6,0.2,0.6,1.1,
楠梓,2024/02/04 00:00:00,AMB_TEMP,21.3,20.9,20.7,20.5,20.1,19.7,19.5,19.5,20.1,21.2,23.4,25.3,26.4,26.6,26.5,26.5,25.2,24.7,24.4,24.3,23.7,23.3,23,22.3,
楠梓,2024/02/04 00:00:00,CH4,2.32,2.32,2.36,2.38,2.4,2.41,2.42,2.45,2.4,2.3,2.27,2.24,2.21,2.16,2.1,2.08,2.09,2.1,2.14,2.26,2.3,2.37,2.34,2.3,
楠梓,2024/02/04 00:00:00,CO,0.4,0.35,0.33,0.34,0.36,0.35,0.37,0.41,0.45,0.52,0.52,0.58,0.56,0.41,0.33,0.31,0.3,0.34,0.41,0.53,0.56,0.64,0.52,0.41,
楠梓,2024/02/04 00:00:00,NMHC,0.1,0.1,0.07,0.08,0.08,0.05,0.06,0.09,0.09,0.09,0.08,0.08,0.11,0.08,0.06,0.07,0.04,0.02,0.07,0.2,0.34,0.24,0.11,0.06,
楠梓,2024/02/04 00:00:00,NO,0.5,0.5,0.3,0.2,0.4,0.5,0.8,3.3,4.6,7.1,4.6,2.8,2.2,1.2,0.6,1.6,0.7,0.3,0.3,0.3,0.1,0.3,0.4,0.3,
楠梓,2024/02/04 00:00:00,NO2,21.1,16.3,14.4,15.5,18.3,14.7,15.3,14.4,13.8,15.6,15.9,15.7,16.3,13.1,12.5,12.6,9.3,9.2,12.5,20.9,20.6,23,23.6,17.5,
楠梓,2024/02/04 00:00:00,NOx,21.7,16.8,14.7,15.8,18.8,15.2,16.2,17.8,18.4,22.7,20.6,18.5,18.5,14.4,13.2,14.3,10.1,9.6,12.9,21.3,20.8,23.3,24.1,17.8,
楠梓,2024/02/04 00:00:00,O3,12.6,12.9,11.3,7.5,5.2,6,4.3,3.6,6,9.9,23.1,34.1,48,55.5,49,41.1,45.1,42.3,33.8,21.7,19.8,13.7,13.2,14.1,
楠梓,2024/02/04 00:00:00,PM10,55,60,59,55,60,62,63,78,92,95,87,86,83,66,54,44,45,56,58,66,81,86,72,62,
楠梓,2024/02/04 00:00:00,PM2.5,29,32,31,31,36,37,36,48,60,69,59,59,59,50,35,23,28,21,32,34,41,46,42,34,
楠梓,2024/02/04 00:00:00,RAINFALL,0,0,0,0,0,0,0,0,0,0,0,0,0,0,0,0,0,0,0,0,0,0,0,0,
楠梓,2024/02/04 00:00:00,RH,87,88,89,90,91,93,93,94,93,89,81,71,67,67,70,72,79,83,84,84,86,86,87,89,
楠梓,2024/02/04 00:00:00,SO2,1.4,1.5,1.2,1.1,1.1,1.1,1,1,1.1,1.3,1.5,1.8,3.1,2.8,2,2.2,1.4,1.3,1.4,1.4,1.1,1.3,1.4,1.5,
楠梓,2024/02/04 00:00:00,THC,2.42,2.42,2.43,2.46,2.48,2.46,2.48,2.54,2.49,2.39,2.35,2.32,2.32,2.24,2.16,2.15,2.13,2.12,2.21,2.46,2.64,2.61,2.45,2.36,
楠梓,2024/02/04 00:00:00,WD_HR,349,359,15,349,29,23,359,12,37,30,31,339,268,271,211,265,292,345,338,335,297,346,18,31,
楠梓,2024/02/04 00:00:00,WIND_DIREC,335,41,18,335,15,2,37,26,30,77,318,341,280,255,170,279,320,343,325,295,318,1,26,38,
楠梓,2024/02/04 00:00:00,WIND_SPEED,1.2,1,1.2,1.4,1.5,0.8,1.2,1.3,1.6,0.8,0.9,1.1,1.9,1.7,1.7,1.9,1.6,1.1,0.6,1.1,0.9,1,1.8,1.8,
楠梓,2024/02/04 00:00:00,WS_HR,0.6,0.7,0.9,1,0.8,0.9,0.9,1,1.4,0.9,0.6,0.6,0.8,1.4,1,1.4,1.4,0.7,0.7,0.3,0.7,0.7,1.3,1.4,
楠梓,2024/02/05 00:00:00,AMB_TEMP,21.8,21.1,21.3,21.6,20.9,19.4,19.1,19.1,20.2,21.9,22.8,24.2,25.6,26.5,27.7,28.5,28,26.9,25.6,24.5,24.3,22.9,20.6,19.3,
楠梓,2024/02/05 00:00:00,CH4,2.32,2.34,2.35,2.38,2.42,2.31,2.28,2.29,2.27,2.24,2.19,2.11,2.08,2.07,2.04,2.03,2.03,2.07,2.1,2.17,2.17,2.31,2.28,2.24,
楠梓,2024/02/05 00:00:00,CO,0.38,0.34,0.34,0.36,0.42,0.47,0.47,0.51,0.52,0.47,0.42,0.35,0.31,0.29,0.25,0.25,0.27,0.34,0.33,0.44,0.51,0.67,0.53,0.46,
楠梓,2024/02/05 00:00:00,NMHC,0.05,0.05,0.04,0.06,0.05,0.05,0.06,0.09,0.11,0.09,0.07,0.05,0.03,0.02,0,0.03,0.06,0.08,0.07,0.14,0.22,0.26,0.14,0.07,
楠梓,2024/02/05 00:00:00,NO,0.5,0.4,0.4,1.6,1.7,1.5,2.7,7.2,10.5,9.1,7.4,5.3,4.2,3,2,1.4,1.1,0.9,0.8,0.9,1.1,1.4,1.6,1,
楠梓,2024/02/05 00:00:00,NO2,14.9,13,11.7,13.6,14.4,14.2,15.4,15.1,15.2,15.5,15.3,13.5,12.3,11.8,9.7,9.4,11.3,17.3,19.8,24.6,28.8,35,27.4,19,
楠梓,2024/02/05 00:00:00,NOx,15.4,13.5,12.2,15.2,16.1,15.7,18.1,22.4,25.8,24.7,22.8,18.9,16.6,14.8,11.8,10.9,12.5,18.3,20.7,25.6,30,36.4,29,20.1,
楠梓,2024/02/05 00:00:00,O3,11.2,8.8,6.4,2.6,1.7,0.8,0.6,2.2,3.4,10.7,16.5,25.9,31.4,39.9,43.3,45,44.5,35.3,32,20.7,16.1,4.5,3.7,7.4,
楠梓,2024/02/05 00:00:00,PM10,55,49,48,51,51,67,54,43,90,50,50,39,31,29,30,37,39,33,33,49,42,72,52,46,
楠梓,2024/02/05 00:00:00,PM2.5,24,28,23,23,33,44,38,27,33,33,20,16,8,17,14,16,16,17,8,22,16,27,20,17,
楠梓,2024/02/05 00:00:00,RAINFALL,0,0,0,0,0,0,0,0,0,0,0,0,0,0,0,0,0,0,0,0,0,0,0,0,
楠梓,2024/02/05 00:00:00,RH,91,93,93,92,93,95,94,92,88,81,73,68,63,59,60,59,60,59,60,66,66,78,86,88,
楠梓,2024/02/05 00:00:00,SO2,1.4,1,0.8,0.9,0.7,0.7,1,1.3,1.1,1.7,1.6,1.5,1.2,1.3,1.4,1.4,1.3,1.3,1.2,1.8,1.2,1.4,1.5,1.3,
楠梓,2024/02/05 00:00:00,THC,2.37,2.39,2.39,2.44,2.47,2.36,2.34,2.38,2.38,2.33,2.26,2.16,2.11,2.09,2.04,2.06,2.09,2.15,2.17,2.31,2.39,2.57,2.42,2.31,
楠梓,2024/02/05 00:00:00,WD_HR,34,0,35,53,331,336,330,341,339,343,334,1,357,348,331,280,282,343,22,358,296,323,337,333,
楠梓,2024/02/05 00:00:00,WIND_DIREC,25,22,38,27,34,355,323,352,339,336,328,342,347,334,307,283,288,19,26,89,294,343,331,339,
楠梓,2024/02/05 00:00:00,WIND_SPEED,1,0.7,0.8,0.8,0.6,1.4,2.1,0.6,1.1,3.1,2.6,2.3,2.2,2.3,1.3,1.6,1.5,1.3,0.9,0.2,1.2,1.2,1.4,1.9,
楠梓,2024/02/05 00:00:00,WS_HR,1.2,0.9,0.6,0.6,0.7,1.4,1.2,0.9,1,1.7,2,1.8,1.8,1.7,0.6,0.8,1.3,1.1,1,0.5,0.2,1.1,1.3,1.6,
楠梓,2024/02/06 00:00:00,AMB_TEMP,19,18.8,18.7,18.9,18.9,18.7,18.6,18.8,19.4,20.3,22.8,24.7,25.8,26.7,27.3,26.2,25.3,24,23.1,22,21.2,20.3,19.7,18.9,
楠梓,2024/02/06 00:00:00,CH4,2.27,2.29,2.33,2.36,2.35,2.33,2.31,2.33,2.33,2.31,2.24,2.19,2.13,2.13,2.12,2.15,2.16,2.17,2.17,2.19,2.22,2.24,2.29,2.28,
楠梓,2024/02/06 00:00:00,CO,0.48,0.52,0.54,0.55,0.58,0.57,0.59,0.62,0.6,0.59,0.59,0.56,0.45,0.42,0.44,0.43,0.48,0.52,0.48,0.48,0.49,0.47,0.47,0.45,
楠梓,2024/02/06 00:00:00,NMHC,0.09,0.1,0.1,0.13,0.12,0.09,0.08,0.12,0.12,0.12,0.11,0.08,0.05,0.03,0.05,0.12,0.13,0.07,0.07,0.08,0.1,0.1,0.11,0.1,
楠梓,2024/02/06 00:00:00,NO,0.8,1,1.5,3.1,5.9,4.5,3.3,6.8,9,9.8,8.8,5.6,2.8,1.8,1.4,1.4,1.3,1,1,0.7,0.7,0.5,1,0.8,
楠梓,2024/02/06 00:00:00,NO2,17.8,19.6,21,22.8,23.3,22.9,22.1,21.4,20.8,20.3,19.5,18.1,13.4,12.4,11.7,13.1,17.1,19.3,18.1,16.8,20.5,20.2,20.7,20.1,
楠梓,2024/02/06 00:00:00,NOx,18.7,20.6,22.5,25.9,29.2,27.4,25.4,28.2,29.9,30.2,28.3,23.7,16.2,14.3,13.2,14.6,18.5,20.3,19.1,17.6,21.2,20.8,21.7,21,
楠梓,2024/02/06 00:00:00,O3,5.1,2.9,0.3,#,#,0,0.3,3.2,6.8,10.6,22,34.6,47.2,52.9,59.1,54.7,50.8,44.6,42.2,37.8,28.2,23.3,19.2,15.2,
楠梓,2024/02/06 00:00:00,PM10,42,44,45,42,41,38,43,47,53,59,101,57,42,51,47,77,87,75,79,80,78,79,76,68,
楠梓,2024/02/06 00:00:00,PM2.5,16,19,18,21,18,21,19,24,25,29,36,31,28,26,24,25,26,26,27,32,31,29,37,29,
楠梓,2024/02/06 00:00:00,RAINFALL,0,0,0,0,0,0,0,0,0,0,0,0,0,0,0,0,0,0,0,0,0,0,0,0,
楠梓,2024/02/06 00:00:00,RH,89,90,90,90,89,88,87,86,84,79,70,65,63,60,58,63,64,67,70,73,77,81,84,86,
楠梓,2024/02/06 00:00:00,SO2,1.3,1.5,1.5,2.1,2.3,2.2,2.1,2.8,2.4,3.1,3.2,3,2.5,2.3,2.2,2.2,2.2,2.4,2.3,2.1,2,1.6,1.3,1.6,
楠梓,2024/02/06 00:00:00,THC,2.36,2.39,2.43,2.49,2.47,2.42,2.39,2.45,2.45,2.43,2.35,2.27,2.18,2.16,2.17,2.27,2.29,2.24,2.24,2.27,2.32,2.34,2.4,2.38,
楠梓,2024/02/06 00:00:00,WD_HR,6,340,345,344,354,355,331,24,349,22,21,345,7,351,322,274,319,322,336,17,15,14,339,4,
楠梓,2024/02/06 00:00:00,WIND_DIREC,13,339,332,14,8,352,348,38,2,337,358,335,29,329,299,285,349,333,352,355,345,30,340,326,
楠梓,2024/02/06 00:00:00,WIND_SPEED,0.5,0.8,1.2,0.9,0.7,0.5,1.3,1.2,0.7,1.2,1.2,2,2.2,1.3,1.9,2.4,1.9,1.2,1.1,1,1.2,1.5,1.3,1.6,
楠梓,2024/02/06 00:00:00,WS_HR,0.5,0.7,0.8,0.8,0.7,0.6,1.1,1.3,0.6,1,0.8,1.2,1,0.8,0.8,1.8,1.7,1.2,0.9,0.7,0.5,0.8,0.9,0.8,
楠梓,2024/02/07 00:00:00,AMB_TEMP,18.2,18.2,18.3,18.3,18.4,18.7,18.6,18.7,19.7,22.4,24.2,25,25.8,26,25.6,25.4,24.6,22.3,19.7,18.7,17.7,16.9,16.5,16.8,
楠梓,2024/02/07 00:00:00,CH4,2.25,2.26,2.26,2.24,2.25,2.23,2.23,2.24,2.25,2.26,2.25,2.22,2.17,2.16,2.17,2.15,2.14,2.17,2.15,2.14,2.15,2.14,2.14,2.15,
楠梓,2024/02/07 00:00:00,CO,0.38,0.37,0.4,0.44,0.48,0.48,0.46,0.49,0.5,0.51,0.54,0.5,0.47,0.42,0.42,0.41,0.4,0.51,0.47,0.38,0.33,0.31,0.32,0.29,
楠梓,2024/02/07 00:00:00,NMHC,0.06,0.05,0.04,0.07,0.09,0.1,0.09,0.09,0.1,0.18,0.12,0.1,0.08,0.06,0.04,0.04,0.04,0.07,0.06,0.05,0.05,0.04,0.04,0.05,
楠梓,2024/02/07 00:00:00,NO,0.7,1,1.1,0.9,0.9,0.9,2.2,4.4,7.8,7,#,#,3,1.2,1.5,1.3,1.3,0.7,0.7,0.6,0.6,0.7,0.6,0.4,
楠梓,2024/02/07 00:00:00,NO2,17.5,15.6,15.3,15.1,15.4,16.2,17.2,16.9,16.1,18.5,#,#,17,13.5,14.3,13.3,12.4,15.4,19.4,17.5,15.2,13.7,14.2,13.9,
楠梓,2024/02/07 00:00:00,NOx,18.2,16.6,16.5,16,16.3,17.2,19.5,21.3,23.9,25.6,#,#,20,14.7,15.9,14.7,13.7,16.2,20.1,18.1,15.8,14.4,14.8,14.3,
楠梓,2024/02/07 00:00:00,O3,14.5,15.1,13.6,12.2,9.2,7.3,5.8,6,9.9,19.3,31.4,40.1,54,61.9,55.5,56.8,50.4,34.6,19.5,19.6,17.8,18.3,16.9,15.2,
楠梓,2024/02/07 00:00:00,PM10,57,58,65,67,66,65,57,57,70,76,#,70,67,51,59,61,58,61,46,25,20,22,23,19,
楠梓,2024/02/07 00:00:00,PM2.5,28,28,32,42,41,39,40,37,42,43,#,40,36,30,33,28,28,28,21,18,10,8,8,10,
楠梓,2024/02/07 00:00:00,RAINFALL,0,0,0,0,0,0,0,0,0,0,0,0,0,0,0,0,0,0,0,0,0,0,0,0,
楠梓,2024/02/07 00:00:00,RH,89,90,90,89,89,87,87,87,84,75,67,65,62,61,62,63,65,70,79,82,84,84,85,84,
楠梓,2024/02/07 00:00:00,SO2,1.3,1.6,1.5,1.3,1.3,1.4,1.3,1.4,2,1.9,2,2.1,2.2,2.1,2.4,2.2,1.9,1.9,1.7,1.6,1.6,1.6,1.5,1.3,
楠梓,2024/02/07 00:00:00,THC,2.31,2.31,2.3,2.31,2.34,2.33,2.32,2.33,2.35,2.44,2.37,2.32,2.25,2.22,2.21,2.19,2.18,2.24,2.21,2.19,2.2,2.18,2.18,2.2,
楠梓,2024/02/07 00:00:00,WD_HR,357,4,0,340,29,25,44,38,25,298,325,10,1,337,21,9,354,341,336,339,336,13,334,34,
楠梓,2024/02/07 00:00:00,WIND_DIREC,349,5,33,332,29,30,19,51,321,288,4,28,2,338,32,353,331,328,330,337,331,28,341,40,
楠梓,2024/02/07 00:00:00,WIND_SPEED,0.9,1.4,1.8,1.7,2.1,2.2,2.4,2.3,1.2,0.9,1.8,2.9,1.3,2.2,2.9,2.2,2.2,3.4,3.2,3.2,3,2.1,2.6,1.1,
楠梓,2024/02/07 00:00:00,WS_HR,0.9,1.1,0.9,1.2,1.5,1.4,2.1,2,1.4,0.7,1.2,1.3,1.2,1.3,1.7,1.5,1.7,2.3,2.3,2.1,2,1.5,1.9,1.2,
楠梓,2024/02/08 00:00:00,AMB_TEMP,16.5,16.2,15.6,15.8,15.8,15.8,15.8,16.1,16.7,17.9,18.9,20.2,22.5,24.2,24.1,23.1,22.4,21.2,20.2,19.1,17.8,17.4,17,16.7,
楠梓,2024/02/08 00:00:00,CH4,2.17,2.19,2.19,2.16,2.16,2.17,2.16,2.15,2.17,2.18,2.2,2.24,2.19,2.14,2.16,2.17,2.19,2.2,2.21,2.23,2.24,2.24,2.23,2.26,
楠梓,2024/02/08 00:00:00,CO,0.31,0.34,0.3,0.31,0.36,0.27,0.27,0.31,0.33,0.33,0.37,0.42,0.38,0.33,0.38,0.4,0.44,0.44,0.45,0.46,0.44,0.45,0.43,0.48,
楠梓,2024/02/08 00:00:00,NMHC,0.06,0.06,0.03,0.04,0.04,0.03,0.03,0.04,0.06,0.06,0.08,0.08,0.04,0.04,0.06,0.07,0.18,0.07,0.07,0.06,0.04,0.06,0.05,0.05,
楠梓,2024/02/08 00:00:00,NO,0.4,1.2,1.3,1.3,1.2,1.1,1.5,1.7,3,4.8,4.9,5.5,4.4,2.3,1.5,1.7,1.1,1.1,1.1,1.2,1.1,1.3,1.2,1.2,
楠梓,2024/02/08 00:00:00,NO2,14.7,18,14.6,12.1,12.5,12.1,11,11.7,13.2,11.7,12.8,13.4,13.3,10.4,9.8,10.1,12.3,14.5,14.1,14.2,15.4,15.4,13.7,14.7,
楠梓,2024/02/08 00:00:00,NOx,15.1,19.3,16,13.4,13.7,13.2,12.5,13.4,16.2,16.5,17.7,18.9,17.7,12.7,11.4,11.8,13.5,15.7,15.3,15.4,16.5,16.8,15,15.9,
楠梓,2024/02/08 00:00:00,O3,12.2,9.9,12.4,12,11.1,14.7,15.3,13.5,11.4,12.5,13.9,21,37.2,49.7,59.2,58.2,50.8,43.5,38.6,32.4,26,22,21.6,17.3,
楠梓,2024/02/08 00:00:00,PM10,28,27,26,24,22,20,18,16,23,23,33,32,34,25,37,42,55,39,39,46,43,42,39,38,
楠梓,2024/02/08 00:00:00,PM2.5,20,18,12,17,15,15,15,11,14,16,18,21,20,16,19,24,26,23,27,30,27,26,22,23,
楠梓,2024/02/08 00:00:00,RAINFALL,6,0,0,0,0,0,0,0,0,0,0,0,0,0,0,0,0,0,0,0,0,0,0,0,
楠梓,2024/02/08 00:00:00,RH,90,89,90,90,90,89,89,89,89,87,86,83,72,65,65,68,70,71,74,78,82,84,85,84,
楠梓,2024/02/08 00:00:00,SO2,1.2,1.1,0.8,1,0.8,0.9,0.8,0.7,1,1.1,1.1,1.2,1.7,1.7,1.8,1.8,1.7,1.2,1.2,1.1,1.2,1.2,1.1,1.2,
楠梓,2024/02/08 00:00:00,THC,2.23,2.25,2.22,2.2,2.2,2.2,2.19,2.19,2.23,2.24,2.28,2.32,2.23,2.18,2.22,2.24,2.37,2.27,2.28,2.29,2.28,2.3,2.28,2.31,
楠梓,2024/02/08 00:00:00,WD_HR,356,342,9,42,348,16,28,17,8,347,322,351,36,291,274,273,279,21,345,9,330,3,332,13,
楠梓,2024/02/08 00:00:00,WIND_DIREC,353,359,21,342,350,356,22,327,15,26,49,340,296,300,265,270,302,320,29,337,330,334,327,36,
楠梓,2024/02/08 00:00:00,WIND_SPEED,1.7,1.7,1.6,1,1.2,2,1.6,1.9,2,1.3,0.9,2,1.1,1.6,3.2,1.5,1.9,1.3,1.6,1.7,0.7,1,1.9,1.4,
楠梓,2024/02/08 00:00:00,WS_HR,1.3,1.6,1.1,1.1,1.2,1.7,1.6,1.1,1,0.8,0.8,1,0.9,1,2.3,1.9,1.6,1.2,1,1.1,1,0.7,1.1,1.2,
楠梓,2024/02/09 00:00:00,AMB_TEMP,16.4,16.3,16,15.4,14.7,14.6,14.7,14.6,14.8,15.6,17,18.1,18.8,19.4,20,19.9,19.4,18.2,17,16,15.2,14.5,14.3,14,
楠梓,2024/02/09 00:00:00,CH4,2.25,2.23,2.23,2.23,2.19,2.17,2.17,2.19,2.18,2.14,2.15,2.13,2.13,2.13,2.13,2.11,2.12,2.14,2.15,2.17,2.17,2.18,2.18,2.19,
楠梓,2024/02/09 00:00:00,CO,0.43,0.39,0.41,0.39,0.36,0.37,0.35,0.34,0.33,0.33,0.34,0.35,0.36,0.37,0.36,0.35,0.36,0.4,0.42,0.47,0.44,0.43,0.44,0.45,
楠梓,2024/02/09 00:00:00,NMHC,0.05,0.07,0.05,0.06,0.05,0.04,0.04,0.05,0.05,0.04,0.04,0.03,0.02,0.03,0.02,0.02,0.02,0.02,0.03,0.05,0.05,0.04,0.05,0.05,
楠梓,2024/02/09 00:00:00,NO,1.2,0.6,1.2,1.3,1.2,1.6,1.3,1.6,2,2.1,2.7,2.6,2,1.6,1.4,1.4,1.4,1,0.8,1,1.3,1.2,1.4,1.2,
楠梓,2024/02/09 00:00:00,NO2,14.3,12.7,11.7,13.1,11.1,8.8,8.4,8.9,8.5,7.6,7.4,6.8,6.4,7.1,6.9,6.1,6.7,8.1,9,11.3,9.9,8.7,8.9,8.7,
楠梓,2024/02/09 00:00:00,NOx,15.5,13.3,12.9,14.5,12.3,10.4,9.7,10.6,10.5,9.8,10.1,9.4,8.4,8.8,8.4,7.6,8.1,9.1,9.8,12.4,11.3,9.9,10.3,9.9,
楠梓,2024/02/09 00:00:00,O3,16.1,16.3,16.5,13.9,16.9,17.1,15.1,19.1,22.8,27.4,30.6,39.2,44.9,47.3,52.6,53.6,53.9,52.4,47.1,37.8,35.4,33,31.2,30.5,
楠梓,2024/02/09 00:00:00,PM10,34,31,35,31,21,10,14,9,9,13,14,17,24,27,22,21,18,24,30,41,29,33,32,35,
楠梓,2024/02/09 00:00:00,PM2.5,20,23,20,25,15,11,10,10,8,9,8,11,13,16,18,14,18,13,20,22,21,24,28,29,
楠梓,2024/02/09 00:00:00,RAINFALL,0,0,0,0,0,0,0,0,0,0,0,0,0,0,0,0,0,0,0,0,0,0,0,0,
楠梓,2024/02/09 00:00:00,RH,85,85,86,91,93,93,93,93,91,87,81,73,69,67,65,65,66,70,73,77,81,84,84,85,
楠梓,2024/02/09 00:00:00,SO2,1.3,0.8,0.9,1,0.8,0.5,0.7,0.8,0.6,0.8,1.1,1,1.2,1.4,1.5,1.3,1.3,1.2,1.3,1.2,1,1,1,0.8,
楠梓,2024/02/09 00:00:00,THC,2.3,2.3,2.28,2.29,2.24,2.21,2.21,2.24,2.23,2.18,2.19,2.16,2.15,2.16,2.15,2.13,2.14,2.16,2.18,2.22,2.22,2.22,2.23,2.24,
楠梓,2024/02/09 00:00:00,WD_HR,344,347,359,8,10,49,338,5,351,9,22,27,23,348,16,348,338,351,358,350,347,348,352,22,
楠梓,2024/02/09 00:00:00,WIND_DIREC,329,325,27,341,34,58,333,36,339,347,26,18,36,10,17,338,352,343,345,31,330,344,331,334,
楠梓,2024/02/09 00:00:00,WIND_SPEED,1.1,1.5,1.8,2.1,3.3,1.7,2,3.3,2.6,2.7,3,3.3,2.9,3.4,2.7,3,2.4,2.1,1.8,2.3,2,1.8,2.2,1.2,
楠梓,2024/02/09 00:00:00,WS_HR,1,1.1,1.2,1.5,1.7,2.6,1.6,1.9,1.9,1.6,2.5,2.4,2.2,2.5,2.2,2.1,2.3,1.6,1.3,1.5,1.4,1.4,1.2,1.5,
楠梓,2024/02/10 00:00:00,AMB_TEMP,13.9,13.8,13.8,13.4,13.2,13.4,13.5,13.7,14.2,15.6,17.4,19.3,20.5,21,21.5,21.8,21.5,20.7,19.6,19.1,18.8,17.7,17.3,16.7,
楠梓,2024/02/10 00:00:00,CH4,2.2,2.21,2.23,2.24,2.24,2.25,2.23,2.25,2.25,2.24,2.25,2.23,2.2,2.19,2.18,2.16,2.16,2.18,2.21,2.22,2.24,2.31,2.33,2.35,
楠梓,2024/02/10 00:00:00,CO,0.46,0.45,0.45,0.45,0.46,0.48,0.5,0.52,0.57,0.56,0.61,0.56,0.51,0.49,0.49,0.46,0.47,0.47,0.48,0.52,0.55,0.56,0.56,0.57,
楠梓,2024/02/10 00:00:00,NMHC,0.05,0.05,0.05,0.04,0.05,0.05,0.05,0.05,0.06,0.06,0.05,0.05,0.03,0.03,0.04,0.07,0.18,0.05,0.04,0.05,0.06,0.05,0.05,0.05,
楠梓,2024/02/10 00:00:00,NO,1,0.7,0.3,0.4,0.6,0.6,0.6,1,1.4,1.8,1.7,1.9,1.4,1.3,1.1,1.1,0.9,0.4,0.5,0.4,0.6,0.7,0.7,0.9,
楠梓,2024/02/10 00:00:00,NO2,8.8,10.6,10.3,10.1,9.7,9.6,10,10.4,10.4,9.8,10.6,10,9.5,9.5,10,9.4,9.8,10.8,10.6,11.1,12.2,13.1,12.7,12.4,
楠梓,2024/02/10 00:00:00,NOx,9.9,11.3,10.7,10.5,10.3,10.3,10.7,11.5,11.8,11.6,12.4,12,10.9,10.9,11.2,10.5,10.7,11.3,11.2,11.5,12.8,13.9,13.5,13.3,
楠梓,2024/02/10 00:00:00,O3,27.7,26,23.6,23,22.1,23,21.8,21.1,22.5,24.3,33.3,40,48,54.5,56.9,58.6,60.4,58.3,50.7,46.8,44,45.7,41.8,39.2,
楠梓,2024/02/10 00:00:00,PM10,42,40,36,38,38,32,35,48,55,50,58,51,47,41,38,32,43,42,44,47,48,76,77,73,
楠梓,2024/02/10 00:00:00,PM2.5,32,29,32,30,29,28,35,41,42,42,45,41,31,27,31,24,27,32,33,34,37,47,45,46,
楠梓,2024/02/10 00:00:00,RAINFALL,0,0,0,0,0,0,0,0,0,0,0,0,0,0,0,0,0,0,0,0,0,0,0,0,
楠梓,2024/02/10 00:00:00,RH,86,86,87,88,88,87,87,86,85,82,72,66,62,60,58,57,58,59,62,62,63,67,69,69,
楠梓,2024/02/10 00:00:00,SO2,0.7,0.8,0.8,0.8,0.9,0.8,0.8,0.9,1.1,1.2,1.4,1.2,1.8,1.9,1.6,1.6,1.7,1.4,1.3,1.4,1.2,1.8,1.7,1.5,
楠梓,2024/02/10 00:00:00,THC,2.25,2.26,2.28,2.28,2.29,2.3,2.28,2.3,2.31,2.3,2.3,2.28,2.23,2.22,2.22,2.23,2.34,2.23,2.25,2.27,2.3,2.36,2.38,2.4,
楠梓,2024/02/10 00:00:00,WD_HR,343,21,350,347,340,19,35,341,23,29,0,340,350,10,352,287,314,352,23,36,13,344,0,352,
楠梓,2024/02/10 00:00:00,WIND_DIREC,325,26,346,341,328,17,1,336,45,316,6,307,25,39,324,270,302,42,16,26,341,340,347,348,
楠梓,2024/02/10 00:00:00,WIND_SPEED,1.4,1.4,0.9,1.1,1.9,1.3,1.4,1.9,2.4,0.9,1.2,1.6,1.6,1.9,0.9,1.1,1.5,2.7,1.5,1.7,1.5,0.2,1.1,1.1,
楠梓,2024/02/10 00:00:00,WS_HR,0.9,1.2,0.7,0.7,1.2,1.1,1.7,1.2,1.4,1.4,0.8,0.7,0.8,1,0.6,0.7,1.1,1.3,1.4,1.7,0.6,0.7,0.5,0.7,
楠梓,2024/02/11 00:00:00,AMB_TEMP,16.3,16.1,15.7,14.8,14.4,13.8,13.3,13.3,14.6,17.1,19.7,21.9,23.5,24.1,24.1,23.6,23.1,22.3,21.5,20.5,19.1,18,17.2,16.3,
楠梓,2024/02/11 00:00:00,CH4,2.35,2.35,2.29,2.33,2.32,2.34,2.37,2.38,2.38,2.32,2.25,2.2,2.16,2.15,2.14,2.12,2.12,2.11,2.12,2.18,2.23,2.23,2.26,2.36,
楠梓,2024/02/11 00:00:00,CO,0.56,0.54,0.53,0.53,0.53,0.54,0.55,0.55,0.56,0.55,0.5,0.47,0.48,0.45,0.41,0.39,0.38,0.35,0.34,0.33,0.33,0.32,0.34,0.36,
楠梓,2024/02/11 00:00:00,NMHC,0.07,0.07,0.04,0.06,0.05,0.06,0.07,0.06,0.08,0.07,0.05,0.03,0.05,0.06,0.08,0.04,0.01,0.06,0.1,0.16,0.09,0.05,0.07,0.1,
楠梓,2024/02/11 00:00:00,NO,0.9,0,0.1,0.3,0,0,0.1,0.6,1.5,2.3,2,1.2,0.5,0.4,0.3,0,0.2,0.4,0.3,0.4,0.2,0.5,0.3,0.6,
楠梓,2024/02/11 00:00:00,NO2,12.7,11.9,10.3,10.9,10.4,11,12.8,12.1,11.4,10.5,10,10,8.7,7.4,7.1,7.3,7.8,12.5,12.8,14.3,15.7,15,15.7,16.6,
楠梓,2024/02/11 00:00:00,NOx,13.7,11.9,10.4,11.3,10.5,10.9,13,12.7,12.9,12.8,12,11.3,9.3,7.9,7.4,7.1,8.1,12.9,13.2,14.8,16,15.5,16,17.3,
楠梓,2024/02/11 00:00:00,O3,35.3,31.5,29.4,26.4,24.8,22,19,18.1,20.9,26.4,32.5,43.9,60.4,63.3,63.5,62.9,60.8,60.9,56.8,51,45.4,39.8,34,31.6,
楠梓,2024/02/11 00:00:00,PM10,67,58,61,57,63,64,65,63,69,61,44,43,43,37,36,31,30,44,55,54,52,56,57,59,
楠梓,2024/02/11 00:00:00,PM2.5,44,48,45,46,47,46,50,53,53,45,35,30,25,24,16,19,17,20,21,22,22,23,26,24,
楠梓,2024/02/11 00:00:00,RAINFALL,0,0,0,0,0,0,0,0,0,0,0,0,0,0,0,0,0,0,0,0,0,0,0,0,
楠梓,2024/02/11 00:00:00,RH,70,71,73,77,81,83,86,87,81,70,60,55,53,55,53,53,54,54,52,50,54,57,61,64,
楠梓,2024/02/11 00:00:00,SO2,1.7,1.5,1.3,1,1.1,1.1,1.3,1.2,1.4,1.5,1.6,2,2.3,1.8,1.6,1.6,1.5,1.7,1.9,2,2,1.8,1.7,1.9,
楠梓,2024/02/11 00:00:00,THC,2.42,2.42,2.33,2.39,2.37,2.4,2.44,2.44,2.46,2.39,2.3,2.23,2.21,2.21,2.22,2.16,2.13,2.17,2.22,2.34,2.32,2.28,2.33,2.46,
楠梓,2024/02/11 00:00:00,WD_HR,4,29,30,32,7,8,15,23,341,334,337,321,293,267,280,282,273,269,268,23,30,29,27,29,
楠梓,2024/02/11 00:00:00,WIND_DIREC,31,23,355,31,328,8,29,347,347,326,338,323,269,278,263,288,271,282,323,18,19,52,337,37,
楠梓,2024/02/11 00:00:00,WIND_SPEED,1,1.4,1.5,1,1.9,0.7,1.3,0.8,1.4,1.3,1.6,1.1,1.7,2,2.4,1,1.6,1.1,0.5,1.3,1.4,0.5,0.3,0.2,
楠梓,2024/02/11 00:00:00,WS_HR,0.8,0.6,1.5,0.9,1.1,0.8,0.6,1.1,0.9,1,1,1,1.3,1.4,1.8,1.3,1.2,1.2,0.3,0.9,0.9,1,0.6,0.7,
楠梓,2024/02/12 00:00:00,AMB_TEMP,15.7,15.1,14.7,14.3,14.2,14.1,13.9,14.8,16.7,20,22.6,23.5,23.5,23.4,23.1,22.6,21.8,20.9,19.9,19,18.3,17.9,17.6,16.8,
楠梓,2024/02/12 00:00:00,CH4,2.36,2.4,2.35,2.41,2.41,2.34,2.4,2.38,2.34,2.15,2.14,2.12,2.1,2.1,2.08,2.08,2.08,2.09,2.12,2.14,2.16,2.18,2.28,2.29,
楠梓,2024/02/12 00:00:00,CO,0.37,0.36,0.35,0.35,0.31,0.3,0.34,0.39,0.35,0.3,0.32,0.36,0.45,0.38,0.3,0.28,0.3,0.34,0.37,0.36,0.4,0.42,0.47,0.46,
楠梓,2024/02/12 00:00:00,NMHC,0.09,0.1,0.08,0.09,0.08,0.07,0.1,0.09,0.06,0.02,0.11,0.05,0.04,0.04,0.05,0.05,0.04,0.03,0.03,0.03,0.03,0.09,0.1,0.07,
楠梓,2024/02/12 00:00:00,NO,0.6,0.5,0.4,0.4,0.7,0.5,0.3,4,3.6,1.9,1,0.7,0.8,0.5,0.4,0.6,0.4,0.3,0.4,0.4,0.3,0.4,0.3,0.5,
楠梓,2024/02/12 00:00:00,NO2,15,14.7,13,13.8,12.6,10.4,13.1,17.6,12.6,8.8,8.5,7.7,8.8,8.5,8.1,7.8,8.6,10.9,12.2,14,14.3,14.8,16.3,18.2,
楠梓,2024/02/12 00:00:00,NOx,15.6,15.2,13.5,14.2,13.3,10.9,13.4,21.6,16.2,10.8,9.6,8.5,9.7,9.1,8.6,8.4,9.1,11.2,12.7,14.4,14.6,15.2,16.7,18.8,
楠梓,2024/02/12 00:00:00,O3,29.4,25.7,23.6,19.6,19.7,22.8,15.4,10.6,19.4,31.8,50.4,57.6,65.2,70,73.5,70.3,67,63.5,58.8,53.3,49.4,45.2,39,30.2,
楠梓,2024/02/12 00:00:00,PM10,58,53,50,54,50,40,43,41,30,28,31,35,42,41,41,43,49,60,64,68,66,78,72,72,
楠梓,2024/02/12 00:00:00,PM2.5,22,25,24,22,22,23,22,23,22,20,21,24,23,21,19,19,26,31,31,37,43,37,41,44,
楠梓,2024/02/12 00:00:00,RAINFALL,0,0,0,0,0,0,0,0,0,0,0,0,0,0,0,0,0,0,0,0,0,0,0,0,
楠梓,2024/02/12 00:00:00,RH,69,74,76,80,81,80,84,80,71,57,49,47,47,50,54,57,61,65,65,67,70,71,73,77,
楠梓,2024/02/12 00:00:00,SO2,1.9,1.4,1.3,1.2,1.3,1.1,1.3,1.3,1.4,1.4,1.6,1.9,3.6,3.3,2.6,1.9,1.6,1.7,1.5,1.6,1.5,1.5,1.5,1.5,
楠梓,2024/02/12 00:00:00,THC,2.45,2.5,2.43,2.5,2.49,2.41,2.5,2.47,2.4,2.17,2.25,2.17,2.14,2.14,2.13,2.13,2.12,2.12,2.15,2.17,2.19,2.27,2.38,2.36,
楠梓,2024/02/12 00:00:00,WD_HR,10,32,29,43,46,38,79,63,54,5,253,285,283,280,287,291,301,316,358,336,328,306,332,38,
楠梓,2024/02/12 00:00:00,WIND_DIREC,38,30,344,47,45,57,82,69,347,235,264,286,282,287,278,317,296,345,19,336,318,315,18,34,
楠梓,2024/02/12 00:00:00,WIND_SPEED,0.5,1.2,0.5,0.2,0.6,0.2,0.2,0.9,0.2,0.2,1.6,2.4,2.5,3,2.6,2.7,2.1,1.1,1.5,0.4,0.2,0.8,0.9,1.2,
楠梓,2024/02/12 00:00:00,WS_HR,0.5,0.4,0.3,0.4,0.3,0.2,0.1,0.7,0.3,0.2,0.8,1.6,2,2.2,2.3,2,1.8,1.4,0.8,0.5,0.2,0.5,0.5,0.7,
楠梓,2024/02/13 00:00:00,AMB_TEMP,15.9,15.4,15.1,14.4,14.2,14.3,14.2,14.9,17.1,20.4,22.7,24,25.1,25.5,25,24.3,23.6,22.5,21.4,20.7,20,19.4,18.4,17.7,
楠梓,2024/02/13 00:00:00,CH4,2.3,2.32,2.27,2.45,2.53,2.58,2.4,2.29,2.19,2.12,2.1,2.08,2.07,2.11,2.11,2.09,2.07,2.1,2.11,2.13,2.16,2.29,2.42,2.37,
楠梓,2024/02/13 00:00:00,CO,0.43,0.43,0.37,0.41,0.42,0.39,0.37,0.34,0.32,0.28,0.26,0.25,0.27,0.26,0.24,0.24,0.25,0.3,0.31,0.37,0.4,0.55,0.55,0.46,
楠梓,2024/02/13 00:00:00,NMHC,0.06,0.11,0.03,0.06,0.06,0.06,0.07,0.04,0.03,0.01,0.01,0.01,0.01,0.02,0.02,0.02,0.05,0.03,0.01,0.21,0.24,0.3,0.16,0.14,
楠梓,2024/02/13 00:00:00,NO,0.3,0.4,0.7,0.9,1.3,0.9,1.3,2.5,3,1.9,0.9,0.8,0.7,0.8,0.8,0.7,0.7,0.5,0.7,0.4,0.6,1,3.7,1.1,
楠梓,2024/02/13 00:00:00,NO2,15.5,16.5,12.7,15.1,17.6,18.1,18.4,16.3,12.5,9.1,6.6,6.3,6.8,6.9,7.1,7,8.6,11.1,12.5,15.4,19.4,28.5,30.2,24.2,
楠梓,2024/02/13 00:00:00,NOx,15.9,16.9,13.5,16,18.9,19,19.8,18.9,15.5,11,7.6,7.2,7.5,7.7,7.9,7.8,9.3,11.7,13.2,15.9,20,29.5,33.9,25.4,
楠梓,2024/02/13 00:00:00,O3,26,22.4,27.7,15.2,10.3,10.8,14.1,17.1,25.2,36,49.3,53.7,58.6,63.4,66,65.4,62.8,59.6,53.4,43.1,36,21.3,12.9,15.1,
楠梓,2024/02/13 00:00:00,PM10,64,67,57,52,42,47,35,33,31,30,26,27,39,36,38,40,35,45,40,42,42,43,56,54,
楠梓,2024/02/13 00:00:00,PM2.5,39,41,36,37,24,33,23,18,19,20,14,17,25,23,20,15,16,18,18,22,21,21,31,34,
楠梓,2024/02/13 00:00:00,RAINFALL,0,0,0,0,0,0,0,0,0,0,0,0,0,0,0,0,0,0,0,0,0,0,0,0,
楠梓,2024/02/13 00:00:00,RH,82,85,85,87,87,84,82,77,69,57,46,43,40,41,44,47,46,52,56,54,54,56,62,63,
楠梓,2024/02/13 00:00:00,SO2,1.4,0.9,0.8,0.8,0.7,0.8,0.6,0.7,0.8,1,1.1,1.1,1.2,1.3,1.5,1.5,1.3,1.5,1.5,1.6,1.5,1.3,1.4,1.3,
楠梓,2024/02/13 00:00:00,THC,2.36,2.43,2.3,2.51,2.59,2.64,2.47,2.33,2.22,2.13,2.11,2.09,2.08,2.13,2.13,2.11,2.12,2.13,2.12,2.34,2.4,2.59,2.58,2.51,
楠梓,2024/02/13 00:00:00,WD_HR,34,27,54,76,93,54,52,58,53,21,26,0,1,286,277,281,281,274,264,283,288,12,56,52,
楠梓,2024/02/13 00:00:00,WIND_DIREC,50,332,50,73,275,70,59,33,39,29,52,327,35,271,286,280,270,255,259,302,313,71,54,71,
楠梓,2024/02/13 00:00:00,WIND_SPEED,0.9,0.5,1,0.2,0.2,0.5,0.4,0.8,0.5,1.2,1.5,1.4,2.1,2.7,2.7,2.9,2.1,0.3,0.2,0.2,0.4,0.2,0.8,0.2,
楠梓,2024/02/13 00:00:00,WS_HR,1,0.4,0.5,0.4,0.3,0.3,0.5,0.9,0.8,0.7,0.6,0.6,1,1.4,2.5,2.6,2,0.9,0.4,0.2,0.1,0.2,0.5,0.2,
楠梓,2024/02/14 00:00:00,AMB_TEMP,17.4,17,16.6,16.5,16.4,16.2,16.1,17,19.9,23.8,25.9,27.4,28.1,28.7,28.8,28,27.1,25.8,24.6,23.8,23.1,22.4,21.6,20.8,
楠梓,2024/02/14 00:00:00,CH4,2.48,2.53,2.23,2.2,2.2,2.23,2.24,2.25,2.21,2.07,2.04,2.02,2.02,2.03,2.05,2.04,2.04,2.08,2.13,2.16,2.26,2.22,2.22,2.29,
楠梓,2024/02/14 00:00:00,CO,0.57,0.41,0.29,0.26,0.24,0.27,0.3,0.36,0.36,0.22,0.2,0.2,0.18,0.19,0.2,0.2,0.22,0.24,0.33,0.46,0.52,0.4,0.38,0.35,
楠梓,2024/02/14 00:00:00,NMHC,0.11,0.13,0.08,0.07,0.12,0.04,0.09,0.13,0.09,0.01,0,0,0,0,0,0,0,0,0.01,0.12,0.13,0.07,0.05,0.16,
楠梓,2024/02/14 00:00:00,NO,2.3,1.4,1,0.9,0.7,0.7,0.8,3.9,6,2.6,1.4,0.9,0.9,0.7,0.8,1,1,0.8,0.7,0.4,0.9,1.1,0.8,0.9,
楠梓,2024/02/14 00:00:00,NO2,32.3,20.3,11.2,9.9,10.1,12,18.5,21,17.2,9,5.3,4.3,5.1,5.6,6.5,5.9,7.1,7.3,9.8,16.3,26.8,22.5,22.8,17.4,
楠梓,2024/02/14 00:00:00,NOx,34.6,21.7,12.3,10.8,10.8,12.7,19.3,24.9,23.3,11.6,6.7,5.2,6,6.3,7.3,6.9,8.1,8.2,10.5,16.8,27.7,23.6,23.7,18.3,
楠梓,2024/02/14 00:00:00,O3,5.8,12.9,29.6,29.5,25.4,23.1,16.4,15.9,24.7,39.3,45.6,48.2,50.9,54.1,58.2,56.8,53.7,51.9,43,31.7,19,26.5,24,22.1,
楠梓,2024/02/14 00:00:00,PM10,48,46,39,34,34,23,34,33,31,22,20,18,15,19,28,26,25,30,32,47,45,40,34,40,
楠梓,2024/02/14 00:00:00,PM2.5,22,24,25,26,25,17,18,26,15,11,12,10,7,8,8,9,8,13,11,14,19,19,13,23,
楠梓,2024/02/14 00:00:00,RAINFALL,0,0,0,0,0,0,0,0,0,0,0,0,0,0,0,0,0,0,0,0,0,0,0,0,
楠梓,2024/02/14 00:00:00,RH,66,68,68,66,65,64,64,61,53,43,39,40,41,41,41,43,46,48,52,56,57,55,56,60,
楠梓,2024/02/14 00:00:00,SO2,1.2,1.1,1,1.1,0.9,1,1,1.1,1.1,1.2,1.1,1.1,1.2,1.2,1.3,1.4,2.2,1.8,1.3,1.3,1.3,2,2.8,2,
楠梓,2024/02/14 00:00:00,THC,2.59,2.66,2.31,2.27,2.32,2.27,2.33,2.38,2.3,2.08,2.03,2,2.01,2.03,2.04,2.03,2.04,2.07,2.14,2.28,2.39,2.29,2.27,2.45,
楠梓,2024/02/14 00:00:00,WD_HR,82,55,48,52,52,68,66,66,45,54,46,290,351,314,271,270,266,262,250,290,37,46,54,42,
楠梓,2024/02/14 00:00:00,WIND_DIREC,78,45,58,51,59,55,65,87,62,60,20,300,75,271,279,279,261,267,228,281,47,47,38,45,
楠梓,2024/02/14 00:00:00,WIND_SPEED,0.5,0.2,0.2,0.2,0.2,0.2,0.2,0.2,0.2,4,1.8,1.1,1.5,2,2.1,1.6,1.4,1.2,0.5,0.3,0.7,1,1.2,0.9,
楠梓,2024/02/14 00:00:00,WS_HR,0.3,0.2,0.2,0.3,0.2,0.2,0.2,0.2,0.2,2.7,2.4,0.2,0.6,1.2,1.9,1.7,1.3,1.1,0.5,0.3,0.6,0.5,1.2,1,
楠梓,2024/02/15 00:00:00,AMB_TEMP,20.3,19.8,19.2,18.7,18.6,18.6,18.5,19.5,22.3,25,26.7,28.4,29.3,29.1,28.3,27.8,26.1,25.1,24.4,24.1,23.5,22.9,22.5,21.9,
楠梓,2024/02/15 00:00:00,CH4,2.25,2.22,2.24,2.35,2.46,2.29,2.44,2.38,2.21,2.07,2.08,2.07,2.08,2.11,2.07,2.08,2.08,2.08,2.09,2.15,2.16,2.16,2.21,2.26,
楠梓,2024/02/15 00:00:00,CO,0.31,0.25,0.23,0.26,0.27,0.27,0.48,0.49,0.46,0.22,0.23,0.24,0.26,0.23,0.21,0.22,0.23,0.3,0.39,0.42,0.34,0.38,0.38,0.36,
楠梓,2024/02/15 00:00:00,NMHC,0.15,0.11,0.09,0.11,0.12,0.02,0.1,0.15,0.14,0.01,0.01,0.02,0.05,0.02,0.02,0.02,0.06,0.28,0.4,0.4,0.07,0.07,0.1,0.1,
楠梓,2024/02/15 00:00:00,NO,0.7,0,0,0,1.3,1.1,30.5,15.4,6.2,2.4,1.3,0.8,0.5,0.3,0.7,0.5,0.4,0.1,0,0,0,0,0,0,
楠梓,2024/02/15 00:00:00,NO2,14.7,11.7,9.9,12.4,17.7,19.3,34.6,26.8,24.6,9.6,10.1,10.4,9.3,8.3,8.2,8.9,9.4,13.3,17.8,21.5,17.9,17.6,17.5,20.4,
楠梓,2024/02/15 00:00:00,NOx,15.5,11.7,9.7,12.4,19.1,20.5,65.1,42.2,30.8,12,11.5,11.3,9.9,8.7,9,9.4,9.8,13.4,17.8,21.6,17.8,17.2,17.3,20.3,
楠梓,2024/02/15 00:00:00,O3,24.6,28.5,27.4,18.4,10.4,16.8,0,9.7,23.4,41.4,44.6,50.9,60.1,61.1,52.6,47.7,41.7,35.4,28.7,24.3,30.4,28.4,25.2,17.6,
楠梓,2024/02/15 00:00:00,PM10,41,33,31,34,36,26,24,34,41,33,35,40,37,38,37,32,38,42,34,41,41,44,51,46,
楠梓,2024/02/15 00:00:00,PM2.5,23,23,18,19,22,13,14,21,18,19,14,18,15,14,13,9,15,11,15,16,16,17,20,21,
楠梓,2024/02/15 00:00:00,RAINFALL,0,0,0,0,0,0,0,0,0,0,0,0,0,0,0,0,0,0,0,0,0,0,0,0,
楠梓,2024/02/15 00:00:00,RH,62,66,69,72,73,73,73,68,58,51,49,47,46,49,53,55,64,66,69,67,66,69,72,75,
楠梓,2024/02/15 00:00:00,SO2,1.9,1.8,1.8,1.8,1.7,1.4,1.8,2.3,2.1,2.3,2.2,2.6,2.6,2.5,2.2,2.1,2,1.9,2,2,2.3,2.4,2.6,2.5,
楠梓,2024/02/15 00:00:00,THC,2.4,2.33,2.33,2.46,2.58,2.31,2.54,2.53,2.35,2.08,2.09,2.09,2.13,2.13,2.09,2.1,2.14,2.36,2.49,2.55,2.23,2.23,2.31,2.36,
楠梓,2024/02/15 00:00:00,WD_HR,48,52,57,55,80,84,72,45,44,29,352,310,280,271,276,275,272,297,249,11,11,308,341,56,
楠梓,2024/02/15 00:00:00,WIND_DIREC,50,46,53,56,92,63,70,39,40,351,45,295,285,274,281,280,273,327,273,28,311,310,36,61,
楠梓,2024/02/15 00:00:00,WIND_SPEED,0.6,1.1,0.2,0.2,0.2,0.2,0.2,1.5,1.2,1,1.3,1.3,1.9,2.7,2.1,1.5,1.8,0.5,0.2,0.2,0.2,0.2,0.7,0.9,
楠梓,2024/02/15 00:00:00,WS_HR,0.9,0.8,0.7,0.2,0.2,0.2,0.2,0.5,0.7,1.1,1.1,0.9,1.3,2.1,2,1.7,1.6,1,0,0.1,0.1,0.1,0.3,0.8,
楠梓,2024/02/16 00:00:00,AMB_TEMP,22.1,21.7,20.9,20.6,19.9,18.7,18.2,18,18.2,19.6,21.4,23.5,24.9,26,26.1,25.1,23.8,22.4,21.1,20.2,19.3,18.9,18.3,17.7,
楠梓,2024/02/16 00:00:00,CH4,2.33,2.33,2.43,2.3,2.39,2.27,2.25,2.23,2.2,2.19,2.18,2.16,#,2.1,2.09,2.07,2.07,2.08,2.11,2.13,2.14,2.15,2.17,2.16,
楠梓,2024/02/16 00:00:00,CO,0.35,0.31,0.33,0.27,0.31,0.32,0.42,0.48,0.47,0.45,0.39,0.46,#,0.3,0.26,0.25,0.27,0.33,0.36,0.33,0.31,0.29,0.27,0.26,
楠梓,2024/02/16 00:00:00,NMHC,0.07,0.11,0.12,0.04,0.05,0.02,0.03,0.04,0.05,0.05,0.04,0.04,#,0.07,0.04,0.03,0.08,0.33,0.07,0.06,0.04,0.04,0.02,0.03,
楠梓,2024/02/16 00:00:00,NO,0,0.3,0.1,0.2,0,0,0.7,2,3.1,5.5,4.8,4,#,1.3,1.1,0.6,0.6,0.3,0.1,0.2,0.2,0,0.2,0.1,
楠梓,2024/02/16 00:00:00,NO2,19,16.2,20.5,13.6,15.9,14.1,14.7,15.8,14.2,13.5,13.8,14.2,#,12.1,10.9,11.1,12.6,16.8,18.2,16.7,14.5,14.9,14.5,14.3,
楠梓,2024/02/16 00:00:00,NOx,19.1,16.6,20.7,13.8,16,14.2,15.4,17.8,17.3,19.1,18.6,18.2,#,13.5,12,11.8,13.3,17.1,18.3,16.9,14.7,14.8,14.8,14.4,
楠梓,2024/02/16 00:00:00,O3,16.7,17.8,9.7,14.3,7.7,14,10.8,10,13.5,17.3,25,33.2,42.6,#,57.8,50.6,47.5,38.9,34.5,33.2,32.6,28.3,24.9,22.1,
楠梓,2024/02/16 00:00:00,PM10,35,44,48,33,45,68,76,83,74,71,64,66,#,52,74,74,81,69,64,63,57,55,46,45,
楠梓,2024/02/16 00:00:00,PM2.5,19,22,22,17,24,32,38,44,38,40,38,33,41,#,21,20,11,21,24,26,19,21,18,20,
楠梓,2024/02/16 00:00:00,RAINFALL,0,0,0,0,0,0,0,0,0,0,0,0,#,#,0,0,0,0,0,0,0,0,0,0,
楠梓,2024/02/16 00:00:00,RH,75,78,85,86,90,94,95,94,91,85,76,68,62,59,59,62,67,70,73,76,80,83,87,89,
楠梓,2024/02/16 00:00:00,SO2,2.2,1.6,1.4,1.4,1.6,1.3,1.1,1.1,1.2,1.2,1.4,1.7,#,2.3,2.2,2.1,1.7,1.9,1.9,1.7,1.3,1.4,1.3,1.3,
楠梓,2024/02/16 00:00:00,THC,2.4,2.44,2.55,2.34,2.44,2.29,2.28,2.27,2.25,2.24,2.22,2.2,#,2.17,2.13,2.1,2.15,2.41,2.18,2.19,2.18,2.19,2.19,2.19,
楠梓,2024/02/16 00:00:00,WD_HR,61,47,36,28,341,359,347,337,345,354,346,343,335,300,271,271,273,309,331,344,354,14,354,337,
楠梓,2024/02/16 00:00:00,WIND_DIREC,70,46,38,38,337,339,327,335,333,32,9,329,337,287,267,266,298,319,334,338,355,2,331,5,
楠梓,2024/02/16 00:00:00,WIND_SPEED,0.9,1.1,1.3,1,1.6,1.6,2.6,1.9,2.3,2.7,1.4,1.6,1.8,2.6,3.2,3.2,1.6,1.9,1.3,1.9,1,1.1,1.3,0.7,
楠梓,2024/02/16 00:00:00,WS_HR,0.6,0.5,0.8,0.8,1.2,1.1,1.3,1.7,1.3,1.6,1.2,1.2,1.2,1.8,2.5,2.3,1.9,1.3,1.3,1,0.8,0.9,1.1,1,
楠梓,2024/02/17 00:00:00,AMB_TEMP,17.3,17.1,17.4,17.5,17.8,17.5,17.4,17.8,18.8,21,23.2,25.1,25.9,25.8,25.4,24.2,23.3,22.4,21.7,21.3,20.7,20.5,20.1,19.8,
楠梓,2024/02/17 00:00:00,CH4,2.21,2.25,2.25,2.23,2.18,2.2,2.18,2.17,2.16,2.14,2.12,2.11,2.15,2.12,2.13,2.12,2.05,2.06,2.08,2.12,2.14,2.18,2.14,2.16,
楠梓,2024/02/17 00:00:00,CO,0.28,0.3,0.34,0.36,0.34,0.35,0.39,0.44,0.37,0.35,0.3,0.3,0.33,0.29,0.25,0.22,0.24,0.27,0.3,0.35,0.32,0.33,0.3,0.31,
楠梓,2024/02/17 00:00:00,NMHC,0.04,0.05,0.08,0.06,0.05,0.03,0.05,0.07,0.06,0.05,0.02,0.05,0.08,0.05,0.02,0.12,0.05,0.36,0.58,0.36,0.08,0.08,0.05,0.09,
楠梓,2024/02/17 00:00:00,NO,0.1,0.3,0.5,0.9,0.8,0.8,1.1,2.4,3.7,4.1,2.2,1.7,1.5,1.2,0.9,1,1,0.5,0.6,0.7,0.5,0.8,0.8,0.7,
楠梓,2024/02/17 00:00:00,NO2,15.6,16.4,16.8,18.4,16.2,14.8,14.6,13.8,12.4,13,10.7,9.8,10.7,9.5,8,7.5,8.9,12.5,12.8,15.7,14.7,17,15.4,14.1,
楠梓,2024/02/17 00:00:00,NOx,15.7,16.8,17.3,19.3,17,15.6,15.7,16.2,16.2,17.2,13,11.6,12.3,10.8,8.9,8.6,10,13.1,13.4,16.4,15.3,17.8,16.2,14.9,
楠梓,2024/02/17 00:00:00,O3,16.9,14,11.8,7.8,13.4,11.4,12.4,16.2,22.5,28.5,42,50.2,59.1,64.7,62.3,56.2,51.6,45.1,37.9,33.6,35.7,28.1,27.8,24.6,
楠梓,2024/02/17 00:00:00,PM10,46,42,50,55,40,49,42,44,42,49,48,61,64,61,60,59,50,53,51,53,51,62,63,57,
楠梓,2024/02/17 00:00:00,PM2.5,22,21,24,27,21,19,23,24,25,22,21,25,30,28,25,18,16,19,13,18,21,26,26,25,
楠梓,2024/02/17 00:00:00,RAINFALL,0,0,0,0,0,0,0,0,0,0,0,0,0,0,0,0,0,0,0,0,0,0,0,0,
楠梓,2024/02/17 00:00:00,RH,90,91,89,88,86,87,88,86,81,70,63,58,58,61,64,68,73,78,83,82,83,85,87,88,
楠梓,2024/02/17 00:00:00,SO2,1.2,0.9,1.2,1.4,1.8,1.9,1.8,1.8,2.2,2.4,1.7,1.6,1.9,1.9,1.8,1.6,1.2,1.2,1.1,1.2,1.1,1.4,1.4,1.5,
楠梓,2024/02/17 00:00:00,THC,2.25,2.3,2.33,2.29,2.23,2.23,2.23,2.24,2.22,2.19,2.14,2.16,2.23,2.17,2.15,2.24,2.1,2.42,2.66,2.48,2.22,2.26,2.19,2.25,
楠梓,2024/02/17 00:00:00,WD_HR,31,27,28,28,27,37,37,28,30,37,21,344,269,273,271,284,273,284,284,335,26,32,49,57,
楠梓,2024/02/17 00:00:00,WIND_DIREC,350,35,39,358,28,28,42,27,23,55,329,325,262,277,275,291,279,263,309,40,32,30,38,70,
楠梓,2024/02/17 00:00:00,WIND_SPEED,1.1,1.7,2,1.2,2,2.1,2.7,2.3,1.8,1.9,2.1,1.9,2.2,2.4,3,2.1,2,0.9,0.9,1,1.6,0.9,0.8,0.9,
楠梓,2024/02/17 00:00:00,WS_HR,1,0.9,1.2,1.2,1.8,1.8,2.2,1.8,1.6,1.7,1.3,0.8,1.7,2,2.3,2.1,1.9,1.2,0.9,0.7,0.8,0.6,1.1,0.5,
楠梓,2024/02/18 00:00:00,AMB_TEMP,19.3,18.8,18.8,18.9,19,18.7,18.8,19.7,21.8,24.1,25.8,27.8,28.7,29.6,30.3,29.9,28.9,27.9,27.2,26.8,26.6,26.1,25.6,25.1,
楠梓,2024/02/18 00:00:00,CH4,2.17,2.22,2.23,2.28,2.45,2.43,2.33,2.3,2.22,2.05,2.05,2.06,2.06,2.04,2,2,2.01,2.02,2.03,2.04,2.02,2.02,2.01,2.01,
楠梓,2024/02/18 00:00:00,CO,0.35,0.38,0.48,0.39,0.48,0.49,0.47,0.53,0.39,0.23,0.24,0.29,0.36,0.43,0.32,0.3,0.36,0.55,0.34,0.4,0.23,0.19,0.18,0.16,
楠梓,2024/02/18 00:00:00,NMHC,0.1,0.08,0.08,0.08,0.07,0.08,0.06,0.09,0.05,0,0,0.08,0.02,0.04,0.02,0.06,0.05,0.03,0.07,0.11,0.08,0.04,0.04,0.02,
楠梓,2024/02/18 00:00:00,NO,0.8,0.6,0.6,0.6,2.3,5.8,3.2,6.4,3.5,1.6,1.1,1,1.2,2.2,2.5,2.4,2.4,2.1,0.9,1.2,1.3,0.8,1,0.7,
楠梓,2024/02/18 00:00:00,NO2,13.9,12.9,13.1,13.6,20,21.7,22.6,22.5,13.6,7.3,5.8,8.4,9.9,11.1,10.2,9.8,10.7,15.2,16.9,21.3,19.2,14.9,13.4,12.9,
楠梓,2024/02/18 00:00:00,NOx,14.7,13.5,13.7,14.2,22.3,27.6,25.8,29,17.1,9,6.9,9.4,11.1,13.3,12.7,12.2,13.1,17.4,17.9,22.5,20.6,15.7,14.5,13.6,
楠梓,2024/02/18 00:00:00,O3,20.9,20.4,19.3,15.1,15.2,5.4,7,10.1,26.5,41.9,50.5,61.3,65.2,49.2,31.5,28.6,24.5,16.7,14.9,9.9,12.8,15.5,16,15.6,
楠梓,2024/02/18 00:00:00,PM10,64,70,74,64,50,50,48,54,42,28,32,32,44,37,79,49,34,23,18,20,11,15,14,16,
楠梓,2024/02/18 00:00:00,PM2.5,33,46,46,38,31,28,25,28,26,14,13,20,17,13,11,12,8,8,7,4,2,2,0,3,
楠梓,2024/02/18 00:00:00,RAINFALL,0,0,0,0,0,0,0,0,0,0,0,0,0,0,0,0,0,0,0,0,0,0,0,0,
楠梓,2024/02/18 00:00:00,RH,90,92,92,92,92,93,93,89,77,61,57,53,53,53,49,52,56,58,60,62,63,67,73,74,
楠梓,2024/02/18 00:00:00,SO2,1.7,1.3,1.6,1.7,1.5,0.9,0.8,1.1,1.3,1.4,1,1.7,2.5,3.8,3.6,3,2.6,5.1,1.9,2.9,2.8,2.2,2.1,1.7,
楠梓,2024/02/18 00:00:00,THC,2.27,2.3,2.31,2.36,2.52,2.51,2.39,2.39,2.27,2.03,2.04,2.14,2.08,2.08,2.02,2.06,2.06,2.05,2.1,2.15,2.1,2.06,2.05,2.03,
楠梓,2024/02/18 00:00:00,WD_HR,57,42,60,56,72,77,88,84,70,51,338,245,248,203,189,204,196,186,189,190,167,168,179,163,
楠梓,2024/02/18 00:00:00,WIND_DIREC,27,71,51,82,74,83,92,97,63,47,206,250,246,206,193,203,196,191,190,177,153,163,174,159,
楠梓,2024/02/18 00:00:00,WIND_SPEED,0.9,0.8,0.9,0.3,0.2,0.3,0.4,0.9,1.8,1.8,1.1,1.8,2.2,3.6,3.5,3.4,4.5,2.4,1.7,2.2,2.4,3.3,2.8,3.3,
楠梓,2024/02/18 00:00:00,WS_HR,0.8,0.7,0.8,0.4,0.3,0.3,0.4,0.7,1.2,2,0.3,0.7,1.9,2.6,3.4,3.6,3.2,2.2,1.9,2.1,2.4,2.6,2.2,2.7,
楠梓,2024/02/19 00:00:00,AMB_TEMP,24.8,24.7,24.6,23.6,22.4,21.7,21.2,22.6,25,27.4,29.2,30.8,31.6,31.8,30.9,30,29,27.3,26.5,26.2,25.8,25.7,25.8,25.8,
楠梓,2024/02/19 00:00:00,CH4,2,2.01,2,2.12,2.2,2.25,2.24,2.23,2.13,2.09,2.09,2.03,2,1.98,1.99,1.98,1.98,1.98,2,2.01,2.03,2.02,2.01,2.03,
楠梓,2024/02/19 00:00:00,CO,0.15,0.15,0.14,0.2,0.2,0.31,0.31,0.59,0.54,0.69,0.48,0.39,0.35,0.2,0.19,0.16,0.19,0.25,0.32,0.35,0.24,0.26,0.28,0.33,
楠梓,2024/02/19 00:00:00,NMHC,0.01,0.02,0.14,0.33,0.22,0.11,0.03,0.1,0.24,0.19,0.19,0.1,0.09,0,0,0,0.01,0.02,0.06,0.14,0.18,0.15,0.09,0.12,
楠梓,2024/02/19 00:00:00,NO,0.7,0,0,0,0.6,4.1,12,29.3,20.6,#,9.6,4.6,3.4,2.1,1.6,1.3,1.5,1,0.7,0.9,0.6,0.7,0.8,0.7,
楠梓,2024/02/19 00:00:00,NO2,11.5,10.7,11.5,11,19.1,23.6,20.3,25.2,29.4,#,23.5,17,15,9.9,8.1,7.2,9.4,10.8,14.9,19.9,13.8,15.6,14.7,15.3,
楠梓,2024/02/19 00:00:00,NOx,12.2,10.6,11.5,10.7,19.8,27.7,32.4,54.6,50,#,33.2,21.6,18.4,12.1,9.7,8.5,10.9,11.9,15.7,20.8,14.5,16.3,15.6,16.1,
楠梓,2024/02/19 00:00:00,O3,18.9,21.4,19.9,17.7,9,3.1,3.4,1.8,6.9,15.2,27.7,39.8,38.4,36.6,35.2,30.2,26.4,22.6,15.9,9.1,16.4,14,11.7,9.8,
楠梓,2024/02/19 00:00:00,PM10,11,19,21,16,19,21,24,24,46,46,50,40,44,37,32,33,28,29,24,26,40,25,21,25,
楠梓,2024/02/19 00:00:00,PM2.5,5,6,4,5,9,11,10,7,13,11,14,13,17,9,5,7,9,9,7,4,3,7,7,4,
楠梓,2024/02/19 00:00:00,RAINFALL,0,0,0,0,0,0,0,0,0,0,0,0,0,0,0,0,0,0,0,0,0,0,0,0,
楠梓,2024/02/19 00:00:00,RH,74,74,73,77,84,85,86,77,69,63,59,54,52,51,54,58,61,69,75,82,90,90,90,88,
楠梓,2024/02/19 00:00:00,SO2,1.5,1.6,1.8,2.1,1.6,1.1,0.8,1.2,3.5,7.5,6.2,4.7,4,1.9,1.2,1,1,1,1.1,1.1,1.3,1.5,2,3.2,
楠梓,2024/02/19 00:00:00,THC,2.01,2.03,2.14,2.45,2.42,2.36,2.27,2.33,2.37,2.28,2.28,2.13,2.09,1.98,1.98,1.97,1.99,2,2.06,2.15,2.21,2.17,2.1,2.15,
楠梓,2024/02/19 00:00:00,WD_HR,175,171,159,156,94,87,87,73,156,172,159,192,203,219,263,225,231,217,213,185,154,158,183,196,
楠梓,2024/02/19 00:00:00,WIND_DIREC,178,162,159,92,96,97,77,64,162,153,151,198,210,213,247,217,213,213,210,153,156,162,201,228,
楠梓,2024/02/19 00:00:00,WIND_SPEED,2.6,2.7,2.5,0.2,0.3,0.5,1,0.2,1.8,2,1.8,2.2,2.2,2.4,2.9,2.6,2.4,2.6,1.6,1.2,1.9,1.7,1.9,1.1,
楠梓,2024/02/19 00:00:00,WS_HR,2.1,2.4,1.9,1.1,0.3,0.4,0.7,0.6,0.8,1.6,1.3,1.5,1.5,2.4,2.3,2.1,1.5,2.7,1.7,1.1,1.5,1.3,1.7,0.9,
楠梓,2024/02/20 00:00:00,AMB_TEMP,25.7,25.6,25.5,25.3,24.4,24,23.6,24.6,26.4,28.2,29.8,31,31.8,32,31.5,30.9,29.6,28.1,26.9,26.4,26.4,26.3,26.1,25.9,
楠梓,2024/02/20 00:00:00,CH4,2,1.99,1.99,2.03,2.08,2.09,2.19,2.13,2.07,2.04,1.98,1.98,1.98,1.97,1.96,1.91,1.94,1.95,1.96,1.98,1.99,1.97,1.97,1.99,
楠梓,2024/02/20 00:00:00,CO,0.17,0.12,0.13,0.15,0.14,0.18,0.33,0.37,0.28,0.34,0.48,0.46,0.47,0.28,0.2,x,0.18,0.28,0.33,0.4,0.41,0.18,0.18,0.16,
楠梓,2024/02/20 00:00:00,NMHC,0.09,0.03,0.03,0.17,0.1,0,0.09,0.1,0.51,0.14,0.11,0.11,0.08,0.11,0.05,0.08,0.06,0.07,0.07,0.11,0.11,0.07,0.1,0.22,
楠梓,2024/02/20 00:00:00,NO,0.4,1.2,1,0.9,1.5,2.7,24.8,10.6,10.2,7.3,6.7,6.3,5.2,4.3,4.2,3.8,4,3.1,1.8,1.4,2,1.3,1.2,1.4,
楠梓,2024/02/20 00:00:00,NO2,11.6,10.1,9.8,11.2,11.5,17,19.8,17.1,18.1,17.1,15.5,14.8,13.9,11.3,10.6,10.7,11.9,13.8,17,16.6,19.7,15.4,14.4,13.2,
楠梓,2024/02/20 00:00:00,NOx,12.1,11.3,10.9,12.1,13.1,19.7,44.7,27.7,28.3,24.4,22.2,21.1,19.1,15.6,14.8,14.5,15.9,16.9,18.9,18,21.8,16.7,15.7,14.6,
楠梓,2024/02/20 00:00:00,O3,15.4,15.5,15.3,13,11,4.5,0,5.8,11.5,17.9,22,24.4,27.8,27.9,25.5,21,17.3,13.4,11.5,9.4,6.7,13.4,14.2,6.8,
楠梓,2024/02/20 00:00:00,PM10,21,23,23,23,23,17,22,25,41,45,51,51,53,44,41,#,35,32,25,28,30,18,19,23,
楠梓,2024/02/20 00:00:00,PM2.5,2,3,5,6,6,5,6,7,13,9,13,15,11,10,7,#,8,6,7,7,10,8,5,5,
楠梓,2024/02/20 00:00:00,RAINFALL,0,0,0,0,0,0,0,0,0,0,0,0,0,0,0,0,0,0,0,0,0,0,0,0,
楠梓,2024/02/20 00:00:00,RH,88,89,89,89,90,92,93,83,71,69,62,57,55,52,48,48,54,63,72,75,71,67,64,62,
楠梓,2024/02/20 00:00:00,SO2,2.8,1.8,1.7,2,2.5,2,1.2,1.2,4.7,3.3,5.2,5.4,5.6,3.7,2.3,1.2,#,0.9,1.3,3.1,5,2.7,3.1,2.1,
楠梓,2024/02/20 00:00:00,THC,2.09,2.02,2.02,2.2,2.18,2.09,2.28,2.23,2.58,2.18,2.09,2.09,2.06,2.08,2.01,1.99,2,2.02,2.03,2.09,2.1,2.04,2.07,2.21,
楠梓,2024/02/20 00:00:00,WD_HR,211,213,200,153,104,84,95,90,158,173,174,196,201,203,176,190,193,199,197,197,175,166,162,155,
楠梓,2024/02/20 00:00:00,WIND_DIREC,208,209,208,150,57,88,92,112,161,173,166,211,207,196,179,200,202,197,198,184,169,166,164,143,
楠梓,2024/02/20 00:00:00,WIND_SPEED,2.3,1.4,1.7,1.6,0.5,0.4,0.8,0.6,3.2,3,2.2,3.7,3,3.6,2.9,3.8,3.5,3.5,2.2,2.3,2.2,1.6,2.1,1.7,
楠梓,2024/02/20 00:00:00,WS_HR,1.6,1.3,1.4,1.5,0.7,0.3,0.4,0.8,1.8,2.1,2.1,2.6,2.9,2.8,2.8,3,2.9,2.9,2.3,2.5,1.9,2.2,2,2.1,
楠梓,2024/02/21 00:00:00,AMB_TEMP,25.5,25.2,24.2,24,23,22.5,21.6,23,25.3,28,31.1,32.4,32.6,32.4,31.4,30.5,29.6,28.5,27.6,27.2,26.8,26.5,26.4,26.3,
楠梓,2024/02/21 00:00:00,CH4,2.01,1.99,2.29,2.28,2.26,2.21,2.24,2.21,2.06,2.11,2,1.99,1.99,1.99,1.99,1.99,2,2,2.01,2.02,2.01,2.02,2.01,2.02,
楠梓,2024/02/21 00:00:00,CO,0.28,0.14,0.17,0.17,0.16,0.19,0.28,0.52,0.29,0.22,0.21,0.28,0.21,0.17,0.2,0.21,0.34,0.32,0.27,0.27,0.22,0.23,0.2,0.2,
楠梓,2024/02/21 00:00:00,NMHC,0.18,0.09,0.19,0.4,0.05,0.03,0.05,0.1,0.11,0.36,0.13,0.08,0.04,0.05,0.05,0.06,0.06,0.1,0.06,0.24,0.18,0.2,0.06,0.06,
楠梓,2024/02/21 00:00:00,NO,1,0.8,1.5,1.7,2.4,8.7,18.2,31.2,14,6.6,4.8,4.6,4.3,3.5,3.3,3.2,3.5,2.2,1.4,0.9,0.9,1,1.2,1.1,
楠梓,2024/02/21 00:00:00,NO2,14.4,9.7,15.1,16.7,15,19.3,18,19.1,17.3,14.3,11.7,11.3,10.1,8.7,8.9,8.7,11.7,12,13.1,13.6,13.5,13.3,12.7,12.9,
楠梓,2024/02/21 00:00:00,NOx,15.4,10.6,16.6,18.5,17.4,28,36.3,50.4,31.3,21,16.5,15.9,14.5,12.2,12.3,11.9,15.2,14.3,14.6,14.5,14.5,14.3,13.9,14.1,
楠梓,2024/02/21 00:00:00,O3,17.8,19.6,8.4,7.1,6.8,1.5,0.6,1.7,10.4,22.8,29.7,29.2,29.9,29.9,29.2,29.5,25.2,23.7,22.7,20.7,20.5,20.2,20.8,19.3,
楠梓,2024/02/21 00:00:00,PM10,18,22,27,22,22,26,23,28,39,51,73,124,134,80,81,90,55,29,30,30,25,27,22,23,
楠梓,2024/02/21 00:00:00,PM2.5,5,8,9,9,11,13,13,10,15,14,10,14,12,11,12,10,11,13,12,11,7,7,7,6,
楠梓,2024/02/21 00:00:00,RAINFALL,0,0,0,0,0,0,0,0,0,0,0,0,0,0,0,0,0,0,0,0,0,0,0,0,
楠梓,2024/02/21 00:00:00,RH,63,67,76,78,82,84,88,81,67,59,47,43,43,43,47,49,51,55,58,61,62,63,64,65,
楠梓,2024/02/21 00:00:00,SO2,2.1,1.9,5.6,5.1,2.5,1,1.2,1.4,2.5,2.7,1.6,2.2,1.6,1.2,1.4,1.4,3,1.8,1.3,2.3,1.6,1.9,1.9,1.9,
楠梓,2024/02/21 00:00:00,THC,2.19,2.08,2.48,2.68,2.31,2.24,2.29,2.31,2.17,2.47,2.13,2.07,2.03,2.04,2.04,2.05,2.06,2.1,2.07,2.26,2.19,2.22,2.07,2.08,
楠梓,2024/02/21 00:00:00,WD_HR,190,161,112,123,83,73,86,68,108,160,180,189,184,175,170,176,169,175,179,157,156,160,170,165,
楠梓,2024/02/21 00:00:00,WIND_DIREC,194,146,95,101,77,74,74,72,155,160,201,178,180,174,173,180,176,191,163,152,152,172,168,172,
楠梓,2024/02/21 00:00:00,WIND_SPEED,2.7,2.2,0.7,0.9,0.7,0.5,0.5,1.4,1.6,2.5,3.9,4.7,4,4.6,4.6,3.6,4.3,3.2,3.4,3,2.4,2.6,2,2.3,
楠梓,2024/02/21 00:00:00,WS_HR,1.3,2.4,0.8,0.6,0.8,0.4,0.8,1.2,0.9,1.9,2.8,3.5,3.8,3.5,4.4,3.6,3.7,2.8,3.1,2.6,2.5,2.4,1.6,2,
楠梓,2024/02/22 00:00:00,AMB_TEMP,25.8,24.7,23.7,22.6,21.9,21.6,21.8,22.6,24.5,26.5,28.3,29.7,29.9,29.2,28.6,28,27.3,26.3,25.6,25.3,24.8,23.1,22,21.3,
楠梓,2024/02/22 00:00:00,CH4,2.04,2.16,2.32,2.29,2.27,2.15,2.14,2.13,2.12,2.1,2.07,2.09,2.07,2.06,2.06,2.06,2.04,2.04,2.06,2.07,2.17,2.2,2.21,2.23,
楠梓,2024/02/22 00:00:00,CO,0.2,0.23,0.22,0.22,0.21,0.17,0.23,0.35,0.33,0.21,0.23,0.25,0.2,0.17,0.17,0.18,0.2,0.24,0.28,0.25,0.3,0.32,0.3,0.3,
楠梓,2024/02/22 00:00:00,NMHC,0.09,0.26,0.38,0.13,0.02,0.02,0.05,0.07,0.06,0.01,0,0.03,0.01,0,0,0,0,0,0,0,0.03,0.03,0.03,0.03,
楠梓,2024/02/22 00:00:00,NO,1,1,1.5,3.6,2.2,2.2,3.9,7.4,9.8,6.4,2.9,2.5,1.6,1.5,1.4,1.3,1.6,1.3,1,0.9,1.1,1.1,1.1,1,
楠梓,2024/02/22 00:00:00,NO2,12.9,13.6,15.6,16.6,15,15.6,17.2,16.7,15.1,11.9,8.5,10.4,7.7,5.3,4.9,4.9,5.8,6.4,8.3,8.6,10.1,13.2,11.9,10.4,
楠梓,2024/02/22 00:00:00,NOx,13.9,14.7,17.1,20.3,17.3,17.8,21.1,24.2,25,18.3,11.5,13,9.3,6.8,6.4,6.2,7.4,7.7,9.3,9.6,11.3,14.3,13,11.4,
楠梓,2024/02/22 00:00:00,O3,17.9,14.5,9.2,5.1,5.4,6,5.9,9.1,13.1,24.3,37.1,51.5,55,54.1,56.7,59.1,53.4,50.5,44.9,40.2,30.4,24,24.7,23,
楠梓,2024/02/22 00:00:00,PM10,28,24,34,45,42,38,41,42,55,53,46,59,50,43,46,46,39,41,42,36,51,44,45,45,
楠梓,2024/02/22 00:00:00,PM2.5,6,11,14,14,14,11,12,9,13,13,18,19,14,12,13,18,14,11,15,16,20,20,19,15,
楠梓,2024/02/22 00:00:00,RAINFALL,0,0,0,0,0,0,0,0,0,0,0,0,0,0,0,0,0,0,0,0,0,0,0,0,
楠梓,2024/02/22 00:00:00,RH,68,72,75,75,76,71,73,71,67,63,58,54,58,61,63,67,71,75,78,80,79,84,87,90,
楠梓,2024/02/22 00:00:00,SO2,1.6,2.6,3,2.8,1.3,1.3,1.4,1.6,1.8,1.9,2.3,2.3,2.1,1.8,1.9,1.8,1.8,1.6,1.6,1.5,1.5,1.6,1.6,1.2,
楠梓,2024/02/22 00:00:00,THC,2.13,2.42,2.7,2.42,2.29,2.17,2.19,2.2,2.18,2.11,2.07,2.12,2.08,2.03,2.04,2.03,2.03,2.03,2.06,2.06,2.2,2.23,2.24,2.26,
楠梓,2024/02/22 00:00:00,WD_HR,166,153,146,72,58,48,30,26,9,11,3,353,277,271,277,275,280,278,272,308,351,338,337,357,
楠梓,2024/02/22 00:00:00,WIND_DIREC,161,160,119,65,53,17,28,12,32,330,23,272,274,271,290,280,280,273,267,319,351,0,359,32,
楠梓,2024/02/22 00:00:00,WIND_SPEED,2,1.8,0.7,0.9,1.3,0.4,0.4,0.8,1.7,1.4,2,2,2.5,3.2,2.8,2.6,1.8,1.4,1.1,1.4,1.1,1.4,1,1.2,
楠梓,2024/02/22 00:00:00,WS_HR,2,2.3,1,0.9,0.9,0.6,0.3,0.9,0.8,1,0.9,0.7,2.2,2.7,2.6,2.1,1.8,1.4,0.8,1,0.8,1.2,0.9,0.8,
楠梓,2024/02/23 00:00:00,AMB_TEMP,21,21.1,20.9,20.7,20.3,19.8,19.4,20.6,23.7,26.1,28.2,28.6,28.6,28.2,28.8,28.8,28.3,27.6,26.1,23.9,22,20.6,19.8,19.4,
楠梓,2024/02/23 00:00:00,CH4,2.25,2.22,2.15,2.18,2.18,2.17,2.19,2.2,2.2,2.11,2.12,2.17,2.13,2.13,2.09,2.07,2.08,2.11,2.17,2.19,2.2,2.21,2.22,2.25,
楠梓,2024/02/23 00:00:00,CO,0.3,0.31,0.28,0.31,0.36,0.37,0.41,0.63,0.58,0.28,0.31,0.36,0.32,0.29,0.28,0.25,0.28,0.33,0.38,0.39,0.4,0.39,0.39,0.43,
楠梓,2024/02/23 00:00:00,NMHC,0.05,0.04,0.03,0.04,0.05,0.02,0.06,0.12,0.12,0.01,0.05,0.08,0.05,0.02,0.02,0.01,0.02,0.03,0.07,0.07,0.07,0.08,0.07,0.07,
楠梓,2024/02/23 00:00:00,NO,1.2,0.7,0.6,0.3,0.6,0.8,3.5,11.3,17,6.4,3.3,2.9,2.3,1.2,1.1,1.4,1.1,0.8,0.8,0.6,0.5,0.7,0.5,0.8,
楠梓,2024/02/23 00:00:00,NO2,10.7,9.5,7.8,8.2,11.6,13.6,16.8,17.4,21.7,9,12.2,13.2,12.1,10.2,9.6,9.7,9.8,11.6,15.5,16.6,16.3,17.4,17,17.8,
楠梓,2024/02/23 00:00:00,NOx,11.9,10.3,8.4,8.5,12.2,14.4,20.3,28.8,38.7,15.4,15.5,16.1,14.5,11.5,10.7,11.2,11,12.5,16.4,17.2,16.8,18.1,17.5,18.7,
楠梓,2024/02/23 00:00:00,O3,18.4,18,23.1,21.2,14.4,8,3.3,4.9,9.2,25.7,36.6,46.5,54,61.9,59.7,58.8,60.5,55.4,47.3,41.9,29.1,20.8,16.2,11,
楠梓,2024/02/23 00:00:00,PM10,42,44,34,38,33,28,31,47,53,39,63,70,59,81,71,43,46,53,62,75,65,54,48,39,
楠梓,2024/02/23 00:00:00,PM2.5,20,20,16,14,18,18,22,22,25,14,21,24,19,22,15,15,14,18,18,19,15,14,19,18,
楠梓,2024/02/23 00:00:00,RAINFALL,0,0,0,0,0,0,0,0,0,0,0,0,0,0,0,0,0,0,0,0,0,0,0,0,
楠梓,2024/02/23 00:00:00,RH,90,89,87,86,86,88,90,88,77,66,58,54,53,54,51,51,52,54,59,66,72,77,80,82,
楠梓,2024/02/23 00:00:00,SO2,1.2,1.3,1.3,1.3,1.9,1.7,1.5,1.7,2.1,1.4,1.4,1.8,2,2.1,2.1,2.2,2,1.9,2,2.2,1.6,1.6,1.8,2,
楠梓,2024/02/23 00:00:00,THC,2.3,2.26,2.18,2.22,2.23,2.19,2.25,2.32,2.32,2.12,2.17,2.25,2.18,2.15,2.11,2.08,2.1,2.14,2.24,2.26,2.27,2.29,2.29,2.32,
楠梓,2024/02/23 00:00:00,WD_HR,348,28,26,21,29,56,47,49,2,21,303,331,337,10,352,19,4,355,10,334,334,351,341,335,
楠梓,2024/02/23 00:00:00,WIND_DIREC,344,40,29,22,36,58,48,55,340,347,291,316,0,354,337,333,9,9,335,330,346,352,343,352,
楠梓,2024/02/23 00:00:00,WIND_SPEED,1.5,1.8,3.2,2.3,1.8,2,2,0.4,0.9,1.4,2.1,2.2,2.4,3.1,2.8,1.7,0.2,0.2,1.2,1.9,2,1.2,1.6,1,
楠梓,2024/02/23 00:00:00,WS_HR,0.8,1.9,2,1.7,2,2,1.9,1,0.4,1.3,1.5,1.3,2,2.3,1.9,1.6,1.2,0.1,1.1,1.4,1.3,0.9,1.1,1.4,
楠梓,2024/02/24 00:00:00,AMB_TEMP,19,18.7,18.6,18.4,17.9,18,18,18.2,20,23.1,25.8,27.7,27.6,28.2,28.2,27.6,#,25.4,24.8,24.2,23.6,22.8,21.8,20.9,
楠梓,2024/02/24 00:00:00,CH4,2.26,2.24,2.24,2.23,2.24,2.26,2.24,2.28,2.27,2.22,2.18,2.15,2.16,2.12,2.1,2.11,#,2.14,2.14,2.16,2.17,2.22,2.28,2.26,
楠梓,2024/02/24 00:00:00,CO,0.46,0.47,0.44,0.45,0.42,0.41,0.41,0.43,0.45,0.45,0.4,0.37,0.38,0.34,0.32,0.31,#,0.33,0.38,0.44,0.44,0.47,0.49,0.48,
楠梓,2024/02/24 00:00:00,NMHC,0.08,0.07,0.09,0.1,0.08,0.09,0.09,0.11,0.11,0.09,0.1,0.05,0.08,0.03,0.06,0.01,#,0.02,0.03,0.05,0.05,0.06,0.06,0.06,
楠梓,2024/02/24 00:00:00,NO,0.8,0.6,0.3,0.3,0.5,0.7,1.3,3.8,6.8,6.7,3.3,1.2,1.5,0.9,0.7,0.5,#,0.6,0.2,0.4,0.6,0.3,0.1,0.2,
楠梓,2024/02/24 00:00:00,NO2,19.2,17.8,16.7,16.7,16.2,16,16.3,15.2,15.2,16.1,15.1,10,12.1,9.6,9,8.4,#,10.4,10.8,12.5,14,14.7,15.5,14.7,
楠梓,2024/02/24 00:00:00,NOx,20,18.4,17.1,17,16.8,16.7,17.6,19,22,22.8,18.5,11.2,13.7,10.6,9.7,8.9,#,11,11,13,14.6,15,15.7,14.9,
楠梓,2024/02/24 00:00:00,O3,7.3,7.5,7.8,6.8,6.6,5.1,4.3,6.4,10.4,19.8,44.7,56.1,58,64.9,66.6,64.7,#,51.5,47.8,38.4,33.9,28.5,22.7,19.8,
楠梓,2024/02/24 00:00:00,PM10,43,36,37,34,26,30,31,42,48,48,50,53,48,54,51,51,69,57,46,53,57,65,61,48,
楠梓,2024/02/24 00:00:00,PM2.5,17,14,12,17,14,15,21,17,22,23,20,15,21,21,15,17,20,23,19,23,22,30,32,32,
楠梓,2024/02/24 00:00:00,RAINFALL,0,0,0,0,0,0,0,0,0,0,0,0,0,0,0,0,#,0,0,0,0,0,0,0,
楠梓,2024/02/24 00:00:00,RH,83,81,81,81,83,84,85,83,76,67,62,57,58,56,56,55,#,61,62,63,66,69,75,81,
楠梓,2024/02/24 00:00:00,SO2,2.2,2,1.9,1.9,1.7,1.6,1.7,1.8,1.9,2,1.9,2,2.3,2.4,2.6,2.2,#,2,2.5,2.7,2.4,2.4,2.5,2.4,
楠梓,2024/02/24 00:00:00,THC,2.34,2.31,2.33,2.33,2.32,2.35,2.33,2.39,2.38,2.31,2.28,2.2,2.24,2.15,2.16,2.12,#,2.16,2.17,2.21,2.22,2.28,2.34,2.32,
楠梓,2024/02/24 00:00:00,WD_HR,334,9,2,341,337,47,39,20,359,194,318,283,276,280,294,356,#,20,343,18,26,340,338,338,
楠梓,2024/02/24 00:00:00,WIND_DIREC,341,327,345,330,359,42,26,39,356,153,324,269,262,288,328,18,29,329,332,17,341,341,343,329,
楠梓,2024/02/24 00:00:00,WIND_SPEED,1.7,2,1.1,1,0.9,1.6,1.1,0.9,0.4,0.6,1.6,2.4,2.4,2.6,2.5,3,2.1,1.7,1.6,1.1,1.2,1.7,1.2,1,
楠梓,2024/02/24 00:00:00,WS_HR,1.4,1.1,0.7,0.8,1,1.1,1.5,0.7,0.5,0.1,0.8,1.4,2,2.1,2,1.4,#,1.5,0.9,0.7,0.7,0.9,1.2,1,
楠梓,2024/02/25 00:00:00,AMB_TEMP,20.7,20.1,18.9,18.2,17.9,17.8,17.9,18.2,19.4,22.3,24.9,26.1,26,26,25.9,24.3,23.7,23,22.1,21.8,21.1,19.8,18.9,18.3,
楠梓,2024/02/25 00:00:00,CH4,2.26,2.28,2.3,2.29,2.28,2.27,2.28,2.26,2.25,2.26,2.28,2.24,2.15,2.13,2.11,2.12,2.12,2.14,2.16,2.18,2.2,2.21,2.25,2.25,
楠梓,2024/02/25 00:00:00,CO,0.51,0.58,0.61,0.59,0.55,0.5,0.51,0.54,0.51,0.53,0.55,0.56,0.43,0.37,0.33,0.32,0.34,0.39,0.39,0.4,0.4,0.44,0.46,0.47,
楠梓,2024/02/25 00:00:00,NMHC,0.07,0.11,0.08,0.09,0.09,0.08,0.1,0.11,0.08,0.13,0.13,0.1,0.04,0,0,0,0,0.01,0.01,0.02,0.02,0.03,0.05,0.04,
楠梓,2024/02/25 00:00:00,NO,0.4,1.6,1.4,1.4,1.5,1.4,1.5,3,5.2,4.4,3.5,3,2.1,1.5,1.5,1.5,1.5,1.2,1.1,1.3,1.2,1.2,1.4,1.3,
楠梓,2024/02/25 00:00:00,NO2,15.1,17.1,19.5,20.4,17.7,15.8,15.4,14.7,12.6,12.6,13.9,14.3,10.2,8.6,7.2,7.4,7.7,9.5,10.2,11.2,11.2,11.8,13.1,13.5,
楠梓,2024/02/25 00:00:00,NOx,15.6,18.8,20.9,21.9,19.3,17.3,17,17.7,17.8,17.1,17.5,17.3,12.4,10.2,8.8,9,9.2,10.7,11.3,12.5,12.4,13.1,14.6,14.9,
楠梓,2024/02/25 00:00:00,O3,15.3,9.7,4.8,3.8,4.7,5.3,4.9,6.8,11,23.2,37,49.6,56.2,59.2,60.9,54.1,49.8,45,40.1,36.5,31.9,25.6,19,14.4,
楠梓,2024/02/25 00:00:00,PM10,49,53,46,49,39,42,45,46,49,54,60,59,47,42,41,56,56,48,47,44,40,39,43,42,
楠梓,2024/02/25 00:00:00,PM2.5,27,28,26,31,24,29,24,31,26,33,40,39,23,20,17,15,16,14,15,18,19,18,23,22,
楠梓,2024/02/25 00:00:00,RAINFALL,0,0,0,0,0,0,0,0,0,0,0,0,0,0,0,0,0,0,0,0,0,0,0,0,
楠梓,2024/02/25 00:00:00,RH,82,86,89,89,89,89,88,88,84,71,64,59,59,58,57,60,62,64,66,67,70,74,78,83,
楠梓,2024/02/25 00:00:00,SO2,2.3,2,1.9,2,1.7,1.4,1.9,1.9,1.8,2.2,2.6,2.7,2.7,2.2,1.7,1.6,1.4,1.4,1.2,1.2,1.2,1.3,1.3,1.5,
楠梓,2024/02/25 00:00:00,THC,2.33,2.39,2.38,2.38,2.37,2.35,2.38,2.37,2.33,2.39,2.41,2.34,2.19,2.13,2.11,2.11,2.12,2.15,2.17,2.2,2.22,2.24,2.3,2.29,
楠梓,2024/02/25 00:00:00,WD_HR,325,343,353,1,9,340,24,26,4,305,274,276,306,342,0,349,334,15,24,12,9,348,20,338,
楠梓,2024/02/25 00:00:00,WIND_DIREC,343,6,13,345,324,357,31,44,320,318,279,283,326,330,11,3,319,19,35,335,33,20,13,334,
楠梓,2024/02/25 00:00:00,WIND_SPEED,0.5,1.9,1.6,1,1.2,1.9,1.4,1.5,0.8,1.2,2.1,2.7,2.3,2.3,2.1,2.2,2.2,1.7,1.7,2.1,2.3,1.1,0.9,1.6,
楠梓,2024/02/25 00:00:00,WS_HR,0.5,1,1.2,0.8,0.6,1.4,1.2,0.9,0.4,0.8,0.8,1.7,1.9,1.4,1.4,2,1.8,1.2,1.4,1.1,1.1,1.1,0.8,1.2,
楠梓,2024/02/26 00:00:00,AMB_TEMP,17.6,17.2,16.8,16.3,16.1,15.8,15.9,16.1,16.4,17.3,19.4,22.9,24.6,23.9,24.5,23.7,22.1,21.5,20.7,19.6,18.6,17.8,17.2,16.7,
楠梓,2024/02/26 00:00:00,CH4,2.26,2.27,2.26,2.25,2.25,2.23,2.25,2.26,2.26,2.24,2.24,2.26,2.21,2.16,2.12,2.13,2.17,2.19,2.21,2.2,2.23,2.23,2.25,2.27,
楠梓,2024/02/26 00:00:00,CO,0.47,0.47,0.53,0.54,0.48,0.44,0.49,0.53,0.51,0.5,0.48,0.53,0.48,0.42,0.37,#,0.43,0.5,0.5,0.47,0.51,0.48,0.5,0.57,
楠梓,2024/02/26 00:00:00,NMHC,0.05,0.04,0.03,0.04,0.05,0.05,0.06,0.07,0.08,0.07,0.08,0.3,0.23,0.09,0.06,0.09,0.05,0.1,0.1,0.08,0.09,0.09,0.09,0.13,
楠梓,2024/02/26 00:00:00,NO,1,0.6,0,0,0,0.3,0.6,2.4,3.9,#,9.4,12.4,4.7,2.1,1.2,#,1.1,1,0.8,0.4,0.7,0.8,0.7,0.9,
楠梓,2024/02/26 00:00:00,NO2,14.5,15.4,17.3,17.9,14.6,13.7,15.3,16.7,17.3,#,19.1,30.8,18.2,13.9,9.8,#,14.8,19.8,22.1,19.3,18.1,18.9,18.3,22.5,
楠梓,2024/02/26 00:00:00,NOx,15.6,16.1,17.3,17.9,14.6,14,15.9,19.1,21.3,#,28.6,43.3,22.9,16.1,11,#,15.9,20.8,23,19.7,18.8,19.7,19.1,23.4,
楠梓,2024/02/26 00:00:00,O3,11.3,10,7.4,8,10.1,10.5,8.7,8.6,10,11,12.3,22.4,44.8,51.6,#,#,43.1,33.8,29.1,30.8,28.5,23.4,17.3,9.2,
楠梓,2024/02/26 00:00:00,PM10,34,33,35,36,33,28,37,40,46,53,48,89,74,56,60,#,78,75,74,66,77,60,58,60,
楠梓,2024/02/26 00:00:00,PM2.5,15,22,23,21,17,23,22,19,18,26,28,32,28,24,#,#,33,35,36,34,43,34,33,35,
楠梓,2024/02/26 00:00:00,RAINFALL,0,0,0,0,0,0,0,0,0,0,0,0,0,0,#,0,0,0,0,0,0,0,0,0,
楠梓,2024/02/26 00:00:00,RH,85,84,81,80,80,81,81,80,77,74,70,61,57,58,57,57,61,63,64,67,70,75,79,80,
楠梓,2024/02/26 00:00:00,SO2,1.8,1.8,2.1,2.6,2,1.6,2,1.7,1.7,1.7,1.7,2.2,2,1.7,1.5,#,2,2.3,2.1,1.8,2,1.6,1.7,1.7,
楠梓,2024/02/26 00:00:00,THC,2.31,2.31,2.29,2.29,2.3,2.28,2.31,2.33,2.34,2.31,2.32,2.56,2.44,2.25,2.18,2.22,2.22,2.29,2.31,2.28,2.32,2.32,2.34,2.4,
楠梓,2024/02/26 00:00:00,WD_HR,345,345,4,335,342,11,343,340,335,18,39,231,286,299,281,334,356,347,5,25,6,349,344,6,
楠梓,2024/02/26 00:00:00,WIND_DIREC,33,26,9,330,15,31,331,350,339,43,40,237,276,313,295,336,16,6,339,25,29,359,346,355,
楠梓,2024/02/26 00:00:00,WIND_SPEED,2,1.3,1.9,1.9,0.9,0.8,2,1.6,1.5,1.2,0.4,1.8,2.5,2,2.7,3.1,1.5,1.8,2,2.1,1.6,1.5,1.4,1.2,
楠梓,2024/02/26 00:00:00,WS_HR,1.5,1.1,1.2,1.5,0.8,0.6,0.9,1.2,1.5,1,0.6,0.4,1.7,1.9,1.9,2.4,1.8,1.3,1.2,1.7,1,1.1,1.1,0.8,
楠梓,2024/02/27 00:00:00,AMB_TEMP,16.2,15.8,15.7,15.7,15.6,15.4,15.5,15.8,16.4,17.5,18.2,19.5,21.2,22.4,23.5,23.9,23.9,23,21.9,21,20.1,19.7,19.1,18.8,
楠梓,2024/02/27 00:00:00,CH4,2.24,2.26,2.31,2.29,2.24,2.26,2.27,2.26,2.24,2.24,2.23,2.22,2.21,2.19,2.16,2.14,2.14,2.16,2.16,2.23,2.24,2.19,2.24,2.25,
楠梓,2024/02/27 00:00:00,CO,0.63,0.57,0.54,0.53,0.51,0.45,0.49,0.51,0.47,0.48,0.45,0.46,0.44,0.43,0.43,0.42,0.42,0.48,0.53,0.48,0.48,0.49,0.48,0.47,
楠梓,2024/02/27 00:00:00,NMHC,0.12,0.12,0.13,0.12,0.11,0.1,0.11,0.14,0.11,0.12,0.13,0.13,0.11,0.08,0.07,0.07,0.14,0.5,0.73,0.13,0.12,0.12,0.13,0.11,
楠梓,2024/02/27 00:00:00,NO,0.7,1.2,1.5,1.8,1.6,1.8,2.1,4.5,6.3,7.5,6.6,9.3,5.4,3.8,3,2,2.1,1.6,1.1,0.9,1,1.2,1,1.1,
楠梓,2024/02/27 00:00:00,NO2,23.5,20.3,18.3,16.5,14,14.6,16.9,17.7,17.2,18.2,18.8,20.1,18.9,16.3,14.7,12.6,16.6,21.1,24.2,22.3,22.2,22.1,22.2,21.4,
楠梓,2024/02/27 00:00:00,NOx,24.2,21.5,19.9,18.4,15.7,16.5,19.1,22.3,23.5,25.8,25.5,29.4,24.3,20.2,17.7,14.7,18.7,22.8,25.4,23.3,23.3,23.4,23.3,22.6,
楠梓,2024/02/27 00:00:00,O3,7.2,7.9,9,9.8,10.4,9.2,5.4,6.9,8.6,11.5,12.5,16.5,28.6,37.2,45.2,52,51.1,42.3,32,33.7,26,23,17.1,14.4,
楠梓,2024/02/27 00:00:00,PM10,56,43,42,38,41,33,29,40,50,62,50,51,68,63,77,93,58,54,59,69,68,54,71,63,
楠梓,2024/02/27 00:00:00,PM2.5,31,29,24,26,22,25,22,27,26,25,25,20,29,27,29,25,24,25,23,30,35,34,34,35,
楠梓,2024/02/27 00:00:00,RAINFALL,0,0,0,0,0,0,0,0,0,0,0,0,0,0,0,0,0,0,0,0,0,0,0,0,
楠梓,2024/02/27 00:00:00,RH,82,84,84,84,86,87,88,87,85,78,73,69,64,61,59,58,58,60,67,69,72,73,76,78,
楠梓,2024/02/27 00:00:00,SO2,2.1,2.8,2.4,2.4,2.5,2.2,1.9,2,2.4,2.6,2.8,2.9,3,2.9,2.9,2.7,2.9,2.5,2.3,2.3,2.7,2.9,2.8,2.7,
楠梓,2024/02/27 00:00:00,THC,2.36,2.38,2.44,2.41,2.35,2.36,2.38,2.4,2.35,2.36,2.36,2.35,2.32,2.27,2.23,2.21,2.28,2.66,2.89,2.36,2.36,2.31,2.37,2.36,
楠梓,2024/02/27 00:00:00,WD_HR,339,5,20,28,37,11,18,10,36,353,341,5,348,338,317,340,310,290,300,5,352,51,4,14,
楠梓,2024/02/27 00:00:00,WIND_DIREC,353,8,335,26,13,10,0,36,43,357,331,332,340,315,291,3,307,299,313,353,27,31,21,336,
楠梓,2024/02/27 00:00:00,WIND_SPEED,1.8,1.9,1.5,1.9,0.5,0.8,0.7,2,1.3,1.1,1.4,1.5,1.4,1.1,1.6,1.5,1.1,1.3,1,0.8,1,0.5,0.8,1.4,
楠梓,2024/02/27 00:00:00,WS_HR,1,0.9,1.3,1.3,1.3,0.8,0.5,0.8,1.4,0.8,1,1.1,0.8,0.8,0.8,0.9,1,1.1,0.9,0.8,0.7,1,0.6,0.6,
楠梓,2024/02/28 00:00:00,AMB_TEMP,18.2,17.8,17.2,16.9,17,17.1,17.9,19.5,21.3,23.4,25.2,26.5,26.9,26.4,26.1,25.6,24.1,23.1,22.4,21.7,21.3,20.8,20.2,19.2,
楠梓,2024/02/28 00:00:00,CH4,2.25,2.26,2.32,2.3,2.29,2.3,2.27,2.27,2.3,2.13,2.11,2.15,2.14,2.1,2.08,2.08,2.08,2.07,2.08,2.09,2.17,2.16,2.21,2.23,
楠梓,2024/02/28 00:00:00,CO,0.51,0.49,0.48,0.45,0.43,0.43,0.48,0.59,0.6,0.38,0.37,0.41,0.4,0.34,0.32,0.32,0.33,0.32,0.33,0.35,0.4,0.38,0.35,0.32,
楠梓,2024/02/28 00:00:00,NMHC,0.17,0.15,0.15,0.14,0.13,0.14,0.14,0.16,0.16,0.04,0.05,0.08,0.1,0.01,0.03,0,0,0,0,0.01,0.06,0.05,0.05,0.02,
楠梓,2024/02/28 00:00:00,NO,1.2,0.6,1,1,1,1.1,3.2,10.3,11.9,4.7,1.7,1.3,1.4,0.9,0.9,1,1.1,1,0.8,0.7,0.7,0.8,0.7,1,
楠梓,2024/02/28 00:00:00,NO2,21.3,24.5,24.2,21.7,19.1,18.4,20.9,25.9,26.9,12.8,9.3,10.6,11.2,8.1,7,7.4,7.7,7.9,8.7,10.9,13.8,13.8,14.2,12.3,
楠梓,2024/02/28 00:00:00,NOx,22.6,25.2,25.2,22.7,20.1,19.6,24.2,36.2,38.8,17.6,11.1,12,12.6,9.1,8,8.5,8.8,9,9.6,11.7,14.5,14.7,14.9,13.3,
楠梓,2024/02/28 00:00:00,O3,10.1,6.9,4.8,5.5,5.1,5,3.7,6.4,14.4,38.3,53.9,65.3,69.5,66,65,66.1,68.7,66.8,58.5,48.2,40.2,35.5,29.5,30.6,
楠梓,2024/02/28 00:00:00,PM10,61,59,44,49,51,55,54,66,66,47,45,48,54,38,32,31,34,32,37,46,52,52,56,51,
楠梓,2024/02/28 00:00:00,PM2.5,35,41,29,28,32,40,39,42,42,16,21,29,28,21,18,12,17,20,14,17,22,21,25,30,
楠梓,2024/02/28 00:00:00,RAINFALL,0,0,0,0,0,0,0,0,0,0,0,0,0,0,0,0,0,0,0,0,0,0,0,0,
楠梓,2024/02/28 00:00:00,RH,81,81,83,87,88,87,86,79,72,66,59,56,56,58,59,61,70,76,82,88,87,88,91,92,
楠梓,2024/02/28 00:00:00,SO2,3,2.3,1.7,1.4,1.4,0.9,1,1.1,1.4,1.4,1.2,1.3,1.5,1.2,1.1,1.1,1.4,1.2,0.9,0.9,1.5,1,0.8,1.1,
楠梓,2024/02/28 00:00:00,THC,2.42,2.41,2.47,2.44,2.42,2.44,2.41,2.43,2.46,2.17,2.16,2.23,2.24,2.11,2.11,2.08,2.06,2.07,2.08,2.1,2.23,2.21,2.26,2.25,
楠梓,2024/02/28 00:00:00,WD_HR,352,331,18,29,35,26,53,75,26,12,336,287,276,271,274,264,259,280,297,323,22,35,340,24,
楠梓,2024/02/28 00:00:00,WIND_DIREC,304,320,342,30,43,46,81,58,49,359,345,261,268,269,281,263,266,274,310,331,30,14,342,35,
楠梓,2024/02/28 00:00:00,WIND_SPEED,1.6,1.4,0.9,1.6,1.1,1,0.2,0.8,0.7,0.5,1.1,1.9,2.6,3,2.3,2.9,2.6,1.8,1.6,1.2,0.3,1.4,1.2,2.1,
楠梓,2024/02/28 00:00:00,WS_HR,0.9,1,0.6,1.4,1.3,1.1,0.8,0.5,0.2,0.4,0.4,1.1,2.1,2.5,2.2,1.8,2,1.5,1,0.7,0.7,1.4,0.8,1.3,
楠梓,2024/02/29 00:00:00,AMB_TEMP,19.1,19.1,19,18.8,18.1,18.1,18,18.8,21,24.5,27.1,29.1,29.3,30.4,30,29.7,29.1,27,24.8,24.7,22.6,21.5,20.7,20.1,
楠梓,2024/02/29 00:00:00,CH4,2.17,2.16,2.24,2.25,2.31,2.25,2.3,2.27,2.3,2.13,2.09,2.09,2.1,2.04,2.02,2.01,2.01,2.01,2.08,2.13,2.18,2.15,2.17,2.24,
楠梓,2024/02/29 00:00:00,CO,0.3,0.29,0.29,0.3,0.36,0.34,0.43,0.69,0.52,0.35,0.33,0.39,0.46,0.32,0.25,0.24,0.26,0.3,0.38,0.4,0.35,0.36,0.37,0.4,
楠梓,2024/02/29 00:00:00,NMHC,0,0.01,0.01,0.02,0.06,0.06,0.09,0.14,0.09,0.05,0.06,0.1,0.08,0.03,0.03,0.06,0.04,0.02,0.02,0.07,0.06,0.03,0.04,0.08,
楠梓,2024/02/29 00:00:00,NO,0.9,0.3,0.4,0.8,0.5,0.6,3.3,16.9,15.1,3.9,2.3,2.2,1.8,2,1.9,2,2.3,1.2,0.5,0.3,0.5,0.4,0.1,0.5,
楠梓,2024/02/29 00:00:00,NO2,8.7,8.3,8.2,9.5,12.4,13.4,19,25.3,26.5,12,12.9,14.5,19,13.2,11.3,11,12.9,14,13.4,15.7,14.7,12.8,12.6,15.2,
楠梓,2024/02/29 00:00:00,NOx,9.7,8.7,8.6,10.3,13,14,22.4,42.3,41.6,16,15.2,16.8,20.8,15.3,13.2,13,15.2,15.3,13.9,16.1,15.2,13.2,12.8,15.8,
楠梓,2024/02/29 00:00:00,O3,32.9,31.7,27.9,24.2,14.1,12.8,3.9,3.1,10.6,43.8,50.1,57,69.9,47.6,41.8,36.6,30.5,29.3,53.6,43.9,40.5,36.2,27.3,17.8,
楠梓,2024/02/29 00:00:00,PM10,47,47,47,53,59,50,58,68,62,59,45,59,67,43,47,47,40,31,38,41,67,59,68,71,
楠梓,2024/02/29 00:00:00,PM2.5,22,29,26,27,38,37,42,42,37,28,21,19,26,10,8,8,6,6,13,18,30,35,37,54,
楠梓,2024/02/29 00:00:00,RAINFALL,0,0,0,0,0,0,0,0,0,0,0,0,0,0,0,0,0,0,0,0,0,0,0,0,
楠梓,2024/02/29 00:00:00,RH,93,93,93,94,96,97,97,94,87,69,59,53,55,52,54,54,53,66,81,78,82,88,91,92,
楠梓,2024/02/29 00:00:00,SO2,0.8,1.2,0.9,0.9,1.1,1.3,1.5,1.8,2.4,1.8,1.7,2.4,3.6,2.9,1.7,1.4,1.3,1.2,1.6,1.6,1.7,1.3,1.1,1.6,
楠梓,2024/02/29 00:00:00,THC,2.17,2.17,2.25,2.27,2.37,2.31,2.39,2.41,2.39,2.18,2.15,2.19,2.18,2.07,2.05,2.07,2.05,2.03,2.1,2.2,2.24,2.18,2.21,2.32,
楠梓,2024/02/29 00:00:00,WD_HR,43,34,32,5,34,35,52,53,49,35,167,202,245,216,219,209,220,246,310,5,354,31,0,2,
楠梓,2024/02/29 00:00:00,WIND_DIREC,54,22,42,319,37,20,57,50,61,15,162,244,213,221,220,211,232,275,303,3,26,33,23,11,
楠梓,2024/02/29 00:00:00,WIND_SPEED,1.5,1.7,0.4,0.7,2,0.9,1.4,0.7,1.2,0.8,2.5,2,2.7,2.6,2.9,1.8,2.6,2,1.2,1.6,2,1.9,1.7,1.4,
楠梓,2024/02/29 00:00:00,WS_HR,1.6,1.3,0.8,0.5,0.9,0.8,0.9,0.4,1.1,1.5,1,1.7,1.9,2.5,2.5,2.3,1.9,1.4,1.3,1.1,1.5,2,1.4,0.9,
楠梓,2024/03/01 00:00:00,AMB_TEMP,19.6,19.5,19.5,19.6,19.4,18.9,17.7,16.9,17,17.5,19.3,20.6,19.7,18.9,19.1,19.4,18.9,18.2,17.7,17.1,16,15.8,15.5,15.4,
楠梓,2024/03/01 00:00:00,CH4,2.23,2.23,2.16,2.17,2.19,2.17,2.18,2.18,2.18,2.17,2.18,2.18,2.16,2.15,2.15,2.15,2.16,2.15,2.15,2.17,2.17,2.16,2.15,2.15,
楠梓,2024/03/01 00:00:00,CO,0.38,0.34,0.32,0.31,0.29,0.3,0.41,0.46,0.47,0.44,0.46,0.45,0.44,0.41,0.43,0.44,0.47,0.47,0.47,0.48,0.47,0.43,0.39,0.37,
楠梓,2024/03/01 00:00:00,NMHC,0.1,0.1,0.07,0.07,0.08,0.04,0.07,0.11,0.08,0.09,0.11,0.1,0.09,0.07,0.09,0.11,0.13,0.11,0.12,0.12,0.11,0.09,0.09,0.09,
楠梓,2024/03/01 00:00:00,NO,0.9,0,0.1,0,0,0,0.4,2.1,3.2,#,8.1,7,3.8,2.5,2.6,2.8,2.4,1.4,1,0.8,0.8,0.6,0.9,1,
楠梓,2024/03/01 00:00:00,NO2,16.3,15.5,13.4,12.5,12.9,12.5,13.9,14.4,14.1,#,16.9,16.3,15.3,13.2,15.8,18.1,21.2,20.1,21.4,22.1,19.8,17.5,16.1,15.4,
楠梓,2024/03/01 00:00:00,NOx,17.2,15.5,13.5,12.1,12.9,12.5,14.3,16.6,17.3,#,25.1,23.3,19.2,15.7,18.5,20.9,23.7,21.5,22.4,23,20.7,18.2,17,16.4,
楠梓,2024/03/01 00:00:00,O3,14.5,13.9,15.7,17.1,20.1,18.8,11.3,10.1,12.8,12.6,14.8,24.5,26.5,29.4,28,27,24.3,26.8,22.4,18.3,19.6,19.7,19.9,19.1,
楠梓,2024/03/01 00:00:00,PM10,55,51,42,33,25,22,54,49,48,67,71,54,52,44,42,54,50,45,38,41,39,27,27,27,
楠梓,2024/03/01 00:00:00,PM2.5,40,36,34,28,11,13,27,14,15,14,16,17,15,10,9,16,17,20,13,20,21,15,15,17,
楠梓,2024/03/01 00:00:00,RAINFALL,0,0,0,0,0,0,0,0,0,0,0,0,0,0,0,0,0,0,0,0,0,0,0,0,
楠梓,2024/03/01 00:00:00,RH,93,92,90,88,85,90,92,89,84,79,70,65,65,65,65,64,65,66,67,71,79,81,80,80,
楠梓,2024/03/01 00:00:00,SO2,1.5,0.9,0.9,1,1.3,1.4,1.1,1,1.3,1.1,1.4,1.8,1.4,1.2,1.2,1.9,1.9,1.5,1.4,1.3,1.4,1.2,1.2,1,
楠梓,2024/03/01 00:00:00,THC,2.33,2.33,2.23,2.24,2.27,2.21,2.25,2.29,2.26,2.26,2.29,2.28,2.25,2.22,2.24,2.26,2.29,2.26,2.27,2.29,2.28,2.25,2.24,2.24,
楠梓,2024/03/01 00:00:00,WD_HR,7,28,35,29,21,343,23,17,13,2,332,4,349,342,351,339,359,9,353,338,349,16,355,17,
楠梓,2024/03/01 00:00:00,WIND_DIREC,347,37,25,17,13,353,351,3,345,326,13,0,337,327,328,339,349,13,339,329,33,334,30,24,
楠梓,2024/03/01 00:00:00,WIND_SPEED,1.1,1.4,1.4,1.4,1.7,3.1,1.9,2.6,2.1,1.9,2,2.2,3.5,2.2,2.2,1.9,2.7,2.4,1.6,1.7,3,3.1,2.6,0.3,
楠梓,2024/03/01 00:00:00,WS_HR,1,1.3,1.5,1.2,1.3,2,2.2,1.9,1.5,1.1,1,1.4,2,1.9,1.4,1.5,1.4,1.5,1.3,1.2,2,2,1.8,1.4,
楠梓,2024/03/02 00:00:00,AMB_TEMP,15.1,14.8,15,14.6,14.2,14.1,14.4,15.7,15.3,15.2,15.1,15.6,16.6,16.7,16.5,17.2,17.3,16.2,15.7,15.5,15.7,15.6,15.5,15.5,
楠梓,2024/03/02 00:00:00,CH4,2.14,2.13,2.14,2.16,2.14,2.13,2.12,2.17,2.17,2.17,2.17,2.15,2.15,2.17,2.18,2.16,2.19,2.19,2.18,2.17,2.15,2.18,2.19,2.19,
楠梓,2024/03/02 00:00:00,CO,0.37,0.35,0.35,0.3,0.26,0.24,0.28,0.39,0.35,0.34,0.32,0.33,0.33,0.34,0.36,0.35,0.41,0.4,0.38,0.38,0.45,0.36,0.35,0.35,
楠梓,2024/03/02 00:00:00,NMHC,0.08,0.08,0.07,0.06,0.06,0.05,0.05,0.15,0.09,0.1,0.08,0.1,0.08,0.09,0.1,0.09,0.12,0.12,0.1,0.11,0.1,0.09,0.09,0.09,
楠梓,2024/03/02 00:00:00,NO,1,1.1,1,1,1,0.8,1.3,3.3,3,3.6,3.8,3.8,4.5,3.9,4.7,4.1,3.4,2.7,1.6,1.5,1.8,1.4,1.3,1,
楠梓,2024/03/02 00:00:00,NO2,14.5,12.2,11.3,11.3,11.4,10.5,11.9,21.3,16.6,19.1,17.7,17.3,15.5,15.9,18.7,17,18.4,21,21,19.7,19.4,17.4,17.3,18.1,
楠梓,2024/03/02 00:00:00,NOx,15.5,13.4,12.3,12.3,12.5,11.3,13.2,24.6,19.6,22.8,21.6,21.2,20.1,19.9,23.4,21.1,21.9,23.7,22.7,21.2,21.3,18.9,18.7,19.1,
楠梓,2024/03/02 00:00:00,O3,19.6,21.9,20.7,21.9,23.8,24,18.6,9.2,15.8,15,17.1,17.2,19,16.4,13.8,13.2,12.4,10.3,11.3,11.4,7.8,8.3,8.6,10.7,
楠梓,2024/03/02 00:00:00,PM10,28,21,23,23,26,17,23,35,25,29,33,41,43,34,47,39,43,33,37,22,25,29,34,33,
楠梓,2024/03/02 00:00:00,PM2.5,14,12,15,14,13,12,11,18,18,20,14,20,21,16,22,16,27,20,22,18,13,18,22,29,
楠梓,2024/03/02 00:00:00,RAINFALL,0,0,0,0,0,0,0,0,0,0,0,0,0,0,0,0,0,0,0,0,0,0,0,0,
楠梓,2024/03/02 00:00:00,RH,81,82,82,82,82,83,85,80,79,80,81,79,76,76,80,80,81,88,88,88,90,90,90,88,
楠梓,2024/03/02 00:00:00,SO2,1.2,0.6,0.5,0.6,0.5,0.5,0.7,1,0.9,0.8,0.7,0.9,0.9,0.8,0.7,0.5,0.8,0.7,0.8,0.6,0.6,0.4,0.4,0.6,
楠梓,2024/03/02 00:00:00,THC,2.22,2.21,2.21,2.22,2.2,2.18,2.17,2.32,2.26,2.27,2.25,2.25,2.23,2.26,2.28,2.25,2.31,2.31,2.28,2.28,2.25,2.27,2.28,2.28,
楠梓,2024/03/02 00:00:00,WD_HR,355,9,31,2,344,12,59,293,7,15,2,13,22,356,19,349,334,24,338,31,36,338,359,18,
楠梓,2024/03/02 00:00:00,WIND_DIREC,24,46,348,24,324,58,99,304,26,12,2,46,3,351,32,329,331,26,337,58,325,350,331,50,
楠梓,2024/03/02 00:00:00,WIND_SPEED,1.5,1.8,0.8,2.4,2,1.9,1.6,1.6,2.1,2.2,1.5,2,1.3,1.4,1.8,1.3,2.3,2.3,2.1,2.4,1.3,1.3,1.3,1.9,
楠梓,2024/03/02 00:00:00,WS_HR,1.2,1.2,0.6,1.7,1.5,1.2,1.8,0.9,0.8,1.3,1,1.2,1.2,1,1.1,0.8,1.1,1.8,1.4,1.4,1.3,1,0.8,1.3,
楠梓,2024/03/03 00:00:00,AMB_TEMP,15.6,15.4,15.1,14.6,14.4,14.4,14.4,14.9,16.8,19.1,21.6,22.9,24.4,25.3,25.5,25.1,24,22.3,20.9,20.2,19.4,18.7,18.3,18,
楠梓,2024/03/03 00:00:00,CH4,2.16,2.22,2.23,2.25,2.93,3.28,3.41,3.01,2.33,2.22,2.2,2.15,2.14,2.12,2.1,2.12,2.11,2.12,2.14,2.13,2.18,2.21,2.22,2.2,
楠梓,2024/03/03 00:00:00,CO,0.39,0.37,0.35,0.36,0.38,0.4,0.34,0.4,0.45,0.4,0.42,0.42,0.39,0.35,0.32,0.32,0.31,0.31,0.32,0.35,0.39,0.36,0.4,0.41,
楠梓,2024/03/03 00:00:00,NMHC,0.08,0.11,0.1,0.09,0.21,0.27,0.26,0.21,0.09,0.08,0.05,0.03,0.02,0.02,0.04,0.05,0.01,0.04,0.02,0.29,0.05,0.03,0.03,0.03,
楠梓,2024/03/03 00:00:00,NO,1.1,0.1,0.5,0.5,0.5,0.8,0.8,2.8,5.6,5.1,2.6,1.5,1.1,0.8,0.6,0.3,0.2,0.2,0,0.3,0.2,0.2,0.1,0.3,
楠梓,2024/03/03 00:00:00,NO2,16.2,18,15.7,18.1,19.9,18,15.2,14.2,14.5,14.4,13.5,11.6,10.2,9.5,8.5,9.1,8.8,10.1,13.2,14.3,16.7,16.1,16.1,14,
楠梓,2024/03/03 00:00:00,NOx,17.4,18.2,16.2,18.6,20.4,18.8,16.1,17,20.2,19.5,16.2,13.1,11.3,10.3,9.2,9.4,9.1,10.4,13.3,14.6,17,16.3,16.3,14.3,
楠梓,2024/03/03 00:00:00,O3,11.8,8.5,7.3,5.8,4.6,8.3,7.8,8.8,14.6,24.9,37.4,53.4,62.6,65.9,62.1,64.2,64.4,59.8,50.2,44.9,39.1,37.3,33.1,31.9,
楠梓,2024/03/03 00:00:00,PM10,29,34,31,36,38,35,34,35,39,42,48,40,38,41,23,33,33,50,66,61,60,58,58,60,
楠梓,2024/03/03 00:00:00,PM2.5,18,24,23,28,24,26,25,29,27,22,23,29,29,21,7,10,14,19,16,24,27,26,29,31,
楠梓,2024/03/03 00:00:00,RAINFALL,0,0,0,0,0,0,0,0,0,0,0,0,0,0,0,0,0,0,0,0,0,0,0,0,
楠梓,2024/03/03 00:00:00,RH,88,90,92,93,93,93,94,93,83,70,62,58,55,52,52,55,60,71,80,82,84,89,91,92,
楠梓,2024/03/03 00:00:00,SO2,0.6,1,0.7,1.1,1.2,1.1,1,1,1.9,1.8,1.8,2,2.2,1.7,1.5,1.8,1.4,1.5,1.3,1.4,1.5,1.4,1.4,1.5,
楠梓,2024/03/03 00:00:00,THC,2.24,2.33,2.33,2.34,3.14,3.55,3.67,3.22,2.42,2.3,2.25,2.18,2.16,2.14,2.14,2.17,2.12,2.16,2.16,2.42,2.23,2.24,2.25,2.23,
楠梓,2024/03/03 00:00:00,WD_HR,38,19,339,339,10,28,33,315,1,22,353,339,327,304,281,276,267,271,270,301,351,3,40,48,
楠梓,2024/03/03 00:00:00,WIND_DIREC,357,31,336,356,333,48,45,311,33,338,302,30,299,265,279,268,276,269,305,335,34,40,59,52,
楠梓,2024/03/03 00:00:00,WIND_SPEED,1.4,1,1.8,1.4,1.7,1.4,0.7,0.8,1.8,1.1,1.6,1.9,1.3,2.6,2.4,1.8,2.5,2,1.1,0.6,1.5,0.9,2,1.6,
楠梓,2024/03/03 00:00:00,WS_HR,1.8,0.8,0.9,1.6,1.1,1.2,0.7,0.6,0.8,1.1,0.8,1.1,0.6,1.3,2,1.6,1.9,1.6,1.1,0.7,0.8,0.7,1.4,1.2,
楠梓,2024/03/04 00:00:00,AMB_TEMP,18,17.8,17.3,17,16.7,16.4,16.4,17.8,19.7,22.8,25.3,27.1,26.8,27.2,27.5,27.1,27.7,26.9,26.4,26.4,26.4,26.2,25.9,25.4,
楠梓,2024/03/04 00:00:00,CH4,2.21,2.3,2.38,2.33,2.27,2.28,2.26,2.27,2.25,2.2,2.13,2.12,2.09,2.1,2.1,2.11,2.08,2.05,2.01,2.02,2.01,2.02,2.11,2.19,
楠梓,2024/03/04 00:00:00,CO,0.47,0.42,0.4,0.39,0.4,0.4,0.43,0.61,0.67,0.52,0.37,0.38,0.34,0.38,0.38,0.4,0.59,0.53,0.29,0.26,0.22,0.21,0.23,0.28,
楠梓,2024/03/04 00:00:00,NMHC,0.05,0.06,0.07,0.05,0.05,0.04,0.05,0.09,0.12,0.08,0.06,0.06,0.05,0.03,0.03,0.05,0.16,0.18,0.07,0.07,0.07,0.09,0.21,0.31,
楠梓,2024/03/04 00:00:00,NO,0.2,0.2,0,0,0,0.3,0.7,5.8,14.2,11.2,2.6,0.7,0.4,0.5,0.7,0.6,2.8,2,0.6,0.3,0,0.1,0.3,0,
楠梓,2024/03/04 00:00:00,NO2,13.8,16.8,14.2,14,13.4,11.7,13.4,21.9,27.4,24.9,13.6,11.3,9.4,9.1,11.9,14.2,28.4,23.8,15,14.4,12.8,11.1,12.1,18.3,
楠梓,2024/03/04 00:00:00,NOx,14.1,17,14.3,14,13.5,12,14.1,27.8,41.6,36.2,16.3,12.1,9.9,9.6,12.6,14.8,31.3,25.9,15.6,14.8,12.7,11.2,12.4,18.2,
楠梓,2024/03/04 00:00:00,O3,27.8,19.6,22.4,18.6,19.6,18,14.2,8.3,9.8,23.1,52.3,63.7,63.2,69.4,71.1,70.8,35.8,21.1,19.9,19.6,20.1,21.3,22.6,21.3,
楠梓,2024/03/04 00:00:00,PM10,54,62,56,53,52,57,55,59,70,59,62,50,49,51,53,54,54,38,31,17,14,12,16,21,
楠梓,2024/03/04 00:00:00,PM2.5,35,35,36,38,39,38,38,40,38,34,26,22,20,21,27,25,17,9,5,2,6,6,5,12,
楠梓,2024/03/04 00:00:00,RAINFALL,0,0,0,0,0,0,0,0,0,0,0,0,0,0,0,0,0,0,0,0,0,0,0,0,
楠梓,2024/03/04 00:00:00,RH,92,92,94,95,94,95,95,90,83,69,59,53,54,53,55,59,60,65,69,70,70,71,70,72,
楠梓,2024/03/04 00:00:00,SO2,1.5,1.1,1.3,1.2,1.7,1.4,1.4,1.7,2.4,2.5,1.6,1.3,1.1,1.6,2.1,1.9,4.8,3.8,2.1,2.2,2.1,1.6,1.8,3.1,
楠梓,2024/03/04 00:00:00,THC,2.26,2.36,2.45,2.38,2.32,2.32,2.31,2.36,2.37,2.28,2.19,2.18,2.14,2.13,2.13,2.16,2.24,2.23,2.08,2.09,2.08,2.11,2.32,2.5,
楠梓,2024/03/04 00:00:00,WD_HR,54,4,353,53,33,29,31,42,57,48,310,282,284,258,265,242,202,200,190,183,161,160,115,150,
楠梓,2024/03/04 00:00:00,WIND_DIREC,69,315,27,63,22,36,15,44,39,38,313,283,284,252,245,158,196,195,195,198,162,154,100,155,
楠梓,2024/03/04 00:00:00,WIND_SPEED,0.3,1.3,2,2.1,1.8,2.2,1,1.5,0.7,1.2,1.5,2.3,2.8,1.4,1.9,1.8,3.1,3.2,2.5,3.2,2.6,2.5,0.6,1.7,
楠梓,2024/03/04 00:00:00,WS_HR,0.6,0.4,1.2,1.8,1.6,1.7,1.3,1,0.7,0.6,0.7,1.3,2,1.2,1.5,1.2,2.6,2.9,2.7,2.6,2.4,2.1,0.9,0.9,
楠梓,2024/03/05 00:00:00,AMB_TEMP,25.2,25.2,25.3,25,25,24.6,24.2,24.8,26.7,28.1,29.2,30.6,31.3,31.3,30.6,30.5,29.7,28.6,27.6,27.3,26.7,26.4,26.3,26.2,
楠梓,2024/03/05 00:00:00,CH4,2.16,2.15,2.07,2.17,2.16,2.17,2.18,2.24,2.07,2.05,2.03,2,1.98,1.98,1.98,1.98,1.99,2,2.01,2.02,2.1,2.12,2.13,2.19,
楠梓,2024/03/05 00:00:00,CO,0.28,0.2,0.2,0.19,0.23,0.31,0.47,0.89,0.42,0.53,0.37,0.22,0.16,0.15,0.14,0.16,0.19,0.28,0.33,0.36,0.35,0.37,0.34,0.42,
楠梓,2024/03/05 00:00:00,NMHC,0.24,0.24,0.21,0.26,0.29,0.24,0.32,0.34,0.24,0.12,0.08,0,0,0,0,0,0.01,0.01,0.02,0.6,0.36,0.65,0.42,0.29,
楠梓,2024/03/05 00:00:00,NO,0,0.2,0.1,0.3,0.5,1,20.7,34.4,12.5,6.3,3.1,1.6,0.9,0.6,0.6,0.9,0.7,0.7,0.3,0.2,0.5,0.6,0.3,0.1,
楠梓,2024/03/05 00:00:00,NO2,16.2,9.3,8.7,11.7,12.1,16.9,29.5,32.6,22.4,17.5,15.7,8.9,5.4,5.2,5.2,6,7.2,11.2,15.8,16.7,14.8,15.8,13.4,17.2,
楠梓,2024/03/05 00:00:00,NOx,16.3,9.6,8.9,12.1,12.6,17.9,50.3,67.1,35,23.8,18.9,10.6,6.3,5.8,5.8,6.9,7.9,12,16.1,17,15.3,16.4,13.8,17.4,
楠梓,2024/03/05 00:00:00,O3,18,20.2,18.3,14.9,13.7,6.2,0.1,1.1,13.5,23.9,32.5,35.5,30.4,29.1,28.1,26.9,27,22.6,19.7,15.7,16.7,14,15.9,11.1,
楠梓,2024/03/05 00:00:00,PM10,21,18,14,17,20,26,32,46,43,44,53,27,28,33,43,48,26,27,33,25,23,22,23,29,
楠梓,2024/03/05 00:00:00,PM2.5,16,2,8,8,11,10,10,14,13,23,17,13,9,9,13,14,19,15,14,15,8,11,11,19,
楠梓,2024/03/05 00:00:00,RAINFALL,0,0,0,0,0,0,0,0,0,0,0,0,0,0,0,0,0,0,0,0,0,0,0,0,
楠梓,2024/03/05 00:00:00,RH,75,81,86,88,89,92,91,88,77,71,63,56,52,52,54,55,58,63,70,73,82,85,85,88,
楠梓,2024/03/05 00:00:00,SO2,5.3,2.3,2.4,5.2,3.3,2.2,2.4,2.4,4.3,6.8,4.2,2.6,1.9,1.6,1.4,1.3,1.4,1.5,1.2,1.3,1.4,1.5,1.6,1.5,
楠梓,2024/03/05 00:00:00,THC,2.4,2.39,2.28,2.43,2.45,2.41,2.5,2.58,2.31,2.17,2.11,2,1.95,1.94,1.94,1.96,2,2.01,2.03,2.62,2.46,2.77,2.55,2.48,
楠梓,2024/03/05 00:00:00,WD_HR,154,151,155,153,156,150,53,152,169,171,216,259,256,247,266,244,262,275,272,314,298,305,327,349,
楠梓,2024/03/05 00:00:00,WIND_DIREC,152,151,117,148,151,178,69,188,173,217,156,256,243,250,305,235,283,264,249,321,325,7,348,35,
楠梓,2024/03/05 00:00:00,WIND_SPEED,2.2,1.8,0.4,1.5,1.2,0.3,0.2,0.3,2.2,1.4,1,1.6,1.9,2.3,1.7,1.9,1.5,0.9,0.4,0.7,0.5,0.2,0.2,0.6,
楠梓,2024/03/05 00:00:00,WS_HR,1.7,1.6,1.4,0.8,0.7,0.2,0.2,0,1.5,1.2,1,0.9,1.4,1.7,1.6,1.3,1.3,1,0.6,0.5,0.3,0.5,0.3,0.4,
楠梓,2024/03/06 00:00:00,AMB_TEMP,26,25.7,25.6,25.6,25.4,25.2,24.9,25.9,28,29.8,29.8,29.8,29.7,29.3,29.1,28.4,27.5,26.1,25.2,24.5,23.3,22.6,22.7,22.6,
楠梓,2024/03/06 00:00:00,CH4,2.16,2.22,2.23,2.26,2.26,2.32,2.32,2.22,2.17,2.01,1.98,1.97,1.97,1.97,1.97,1.97,1.97,2.02,2.03,2.1,2.2,2.19,2.21,2.3,
楠梓,2024/03/06 00:00:00,CO,0.39,0.28,0.23,0.18,0.19,0.27,0.48,0.55,0.51,0.3,0.26,0.15,0.14,0.14,0.14,0.15,0.16,0.28,0.33,0.41,0.43,0.4,0.44,0.48,
楠梓,2024/03/06 00:00:00,NMHC,0.12,0.15,0.06,0.02,0.14,0.34,0.13,0.57,0.18,0.03,0.01,0,0,0.03,0,0,0.04,0.2,0.25,0.32,0.1,0.07,0.07,0.11,
楠梓,2024/03/06 00:00:00,NO,0.5,1,1.6,1,1.3,2.2,8.9,9.8,7.2,2.4,1.6,1.2,1.4,1.1,1.2,1,1,0.9,1,1,0.9,1,0.6,0.8,
楠梓,2024/03/06 00:00:00,NO2,19.5,15,13.4,10.2,13.1,24.1,24.6,27,17.9,7.3,6.2,5,5.3,5.5,5.4,5.4,5.9,8.4,11.6,14,20.1,17.7,16.9,20.6,
楠梓,2024/03/06 00:00:00,NOx,20,16.1,15,11.3,14.5,26.4,33.5,36.8,25.2,9.8,7.8,6.3,6.7,6.6,6.6,6.4,7,9.3,12.6,15,21.1,18.7,17.5,21.4,
楠梓,2024/03/06 00:00:00,O3,7.9,8.4,9.3,11.6,10.3,4,1.6,7,19.1,27.8,27.9,27.6,31.8,34.1,33.1,29.6,25.1,31.7,31.5,30.3,22.1,22.8,21.1,13,
楠梓,2024/03/06 00:00:00,PM10,34,25,26,26,27,45,47,49,49,47,46,47,45,34,35,37,36,37,43,42,49,44,45,54,
楠梓,2024/03/06 00:00:00,PM2.5,24,14,21,20,18,26,31,30,26,21,18,13,18,13,15,16,21,15,20,21,23,22,20,26,
楠梓,2024/03/06 00:00:00,RAINFALL,0,0,0,0,0,0,0,0,0,0,0,0,0,0,0,0,0,0,0,0,0,0,0,0,
楠梓,2024/03/06 00:00:00,RH,84,77,77,75,77,78,81,76,66,55,56,58,62,65,66,70,74,86,88,87,85,83,82,81,
楠梓,2024/03/06 00:00:00,SO2,1.4,0.9,1,1.3,1.2,1.7,2.1,2.3,2.4,1,0.6,0.7,0.7,0.9,0.7,0.7,0.7,0.6,0.6,0.7,1.1,1.2,1.4,1.5,
楠梓,2024/03/06 00:00:00,THC,2.28,2.37,2.29,2.28,2.4,2.66,2.45,2.79,2.35,2.04,1.99,1.97,1.97,2,1.96,1.97,2.01,2.22,2.28,2.42,2.3,2.26,2.28,2.41,
楠梓,2024/03/06 00:00:00,WD_HR,344,49,43,39,343,335,25,268,268,283,276,271,279,292,280,276,284,289,301,339,346,352,319,33,
楠梓,2024/03/06 00:00:00,WIND_DIREC,347,45,55,46,298,347,355,240,278,283,270,266,284,290,281,273,271,302,291,23,338,333,322,44,
楠梓,2024/03/06 00:00:00,WIND_SPEED,0.3,1,0.7,0.3,1.1,0.3,0.6,0.6,1.1,2.3,3,2.8,3.1,3.2,2.8,3,2.4,2.1,1.4,1.6,1.6,1.9,1.6,2.5,
楠梓,2024/03/06 00:00:00,WS_HR,0.2,1,0.7,0.6,0.2,0.5,0.3,0.2,0.4,1.5,2.2,2.6,2.4,2.4,2.4,2.5,1.8,1.5,1.2,0.9,1.2,1,1.1,1.4,
楠梓,2024/03/07 00:00:00,AMB_TEMP,21.6,20.8,20.2,19.6,18.7,17.6,17.2,17,17.8,19.6,20.2,20.4,21.2,20.6,20.5,20.2,19.8,19.6,19.5,18.6,17.4,17.1,17.1,16.8,
楠梓,2024/03/07 00:00:00,CH4,2.31,2.36,2.34,2.31,2.29,2.25,2.22,2.2,2.22,2.21,2.24,2.23,2.22,2.24,2.25,2.23,2.2,2.19,2.21,2.25,2.25,2.24,2.24,2.2,
楠梓,2024/03/07 00:00:00,CO,0.52,0.63,0.59,0.51,0.45,0.37,0.38,0.42,0.46,0.43,0.44,0.45,0.42,0.49,0.49,0.49,0.48,0.49,0.48,0.55,0.63,0.5,0.5,0.5,
楠梓,2024/03/07 00:00:00,NMHC,0.11,0.15,0.14,0.11,0.07,0.05,0.04,0.06,0.07,0.09,0.1,0.1,0.11,0.12,0.11,0.12,0.09,0.09,0.11,0.13,0.14,0.12,0.11,0.1,
楠梓,2024/03/07 00:00:00,NO,1.2,1.6,1.2,0.8,1,1,1,2.5,4.2,6.7,7.3,6.3,6.6,4.8,#,#,#,2,1.3,1.1,1.1,0.9,1,0.9,
楠梓,2024/03/07 00:00:00,NO2,23.8,25.1,22.1,17.1,14.5,14.7,13,14.7,16.4,16.5,20.8,20.9,19.5,21.3,#,#,#,22.3,22.1,23.9,25.8,20.6,18.7,17.9,
楠梓,2024/03/07 00:00:00,NOx,25,26.8,23.4,18,15.6,15.7,14.1,17.3,20.7,23.3,28.2,27.2,26.2,26.2,#,#,#,24.3,23.5,25.1,27,21.5,19.8,18.9,
楠梓,2024/03/07 00:00:00,O3,6.8,2.8,4.2,8.2,11.7,14.9,17.1,14.6,13.9,13.2,11.5,13.3,18.5,17,18.8,16.8,18.2,17.3,13.5,11.9,11.7,16.2,12.6,10.9,
楠梓,2024/03/07 00:00:00,PM10,53,48,38,34,32,30,23,27,31,40,49,56,64,60,62,#,52,50,48,47,51,55,57,50,
楠梓,2024/03/07 00:00:00,PM2.5,25,22,20,18,21,15,19,19,23,26,25,27,26,30,#,28,30,28,31,32,36,35,36,38,
楠梓,2024/03/07 00:00:00,RAINFALL,0,0,0,0,1,0,0,0,0,0,0,0,0,0,0,0,0,0,0,0,0,0,0,0,
楠梓,2024/03/07 00:00:00,RH,86,87,88,87,89,93,93,95,92,88,85,80,75,75,75,75,78,81,86,93,99,98,98,98,
楠梓,2024/03/07 00:00:00,SO2,1.3,1.1,1.1,1,1.1,0.6,0.6,0.5,0.5,0.9,0.9,1.2,1.2,1.2,1.1,0.8,0.7,0.6,0.5,0.5,0.5,0.4,0.4,0.3,
楠梓,2024/03/07 00:00:00,THC,2.42,2.51,2.48,2.42,2.36,2.3,2.26,2.26,2.29,2.3,2.34,2.33,2.33,2.36,2.36,2.35,2.29,2.28,2.32,2.38,2.39,2.36,2.35,2.3,
楠梓,2024/03/07 00:00:00,WD_HR,33,352,356,354,342,25,12,39,17,27,359,347,341,337,3,13,34,35,346,348,21,19,34,7,
楠梓,2024/03/07 00:00:00,WIND_DIREC,37,20,37,352,351,21,32,31,33,37,17,35,312,15,13,35,30,39,342,335,27,29,29,2,
楠梓,2024/03/07 00:00:00,WIND_SPEED,1.6,1.1,0.8,1.9,1.3,2,2.2,1.9,1.7,1,1.3,1,2.1,2,2,2.1,1.9,1.2,1.6,2.6,2.4,2.2,1.6,2.1,
楠梓,2024/03/07 00:00:00,WS_HR,1.7,0.8,0.8,1,1.3,1.6,1.5,2.1,1,0.9,0.8,0.8,0.9,1.2,1.3,1.1,2,1.4,1,1.3,1.9,1.6,1.8,1.4,
楠梓,2024/03/08 00:00:00,AMB_TEMP,16.7,16.2,16.1,16,16,15.8,15.8,15.9,16.5,18.1,19.5,21,22.6,23.4,23.7,23.7,23.4,22.6,21.4,19.6,19.4,18.9,18.6,18.3,
楠梓,2024/03/08 00:00:00,CH4,2.22,2.22,2.19,2.21,2.21,2.2,2.2,2.21,2.21,2.19,2.18,2.16,2.14,2.14,2.15,2.14,2.13,2.12,2.16,2.19,2.2,2.22,2.23,2.21,
楠梓,2024/03/08 00:00:00,CO,0.44,0.37,0.38,0.36,0.34,0.34,0.37,0.43,0.39,0.42,0.41,0.39,0.38,0.41,0.43,0.41,0.43,0.49,0.47,0.45,0.48,0.52,0.52,0.5,
楠梓,2024/03/08 00:00:00,NMHC,0.11,0.08,0.08,0.07,0.07,0.06,0.09,0.08,0.06,0.09,0.08,0.06,0.05,0.08,0.09,0.08,0.1,0.07,0.11,0.07,0.09,0.1,0.11,0.08,
楠梓,2024/03/08 00:00:00,NO,1.1,1.6,1.1,1.2,1.4,1.3,1.7,2.9,3.9,6.2,6.5,5.1,3.5,2,1.8,1.9,2.1,1.5,1.1,1.1,1.2,1.4,1.3,1,
楠梓,2024/03/08 00:00:00,NO2,16.9,14.1,12.6,12.1,11.9,12.5,14.6,16.9,16.3,16.2,15.9,14.9,13.3,13.3,15.5,15.7,20.6,18.9,18.4,16.3,16.1,18.6,18.8,17.6,
楠梓,2024/03/08 00:00:00,NOx,18,15.8,13.8,13.3,13.4,13.9,16.3,19.9,20.2,22.4,22.4,20.1,16.8,15.4,17.3,17.6,22.8,20.4,19.5,17.5,17.3,20,20.1,18.7,
楠梓,2024/03/08 00:00:00,O3,11.4,15.8,17.2,17.9,18,15.8,13.4,16.4,22.5,22,25.2,35.5,49.2,59,60.2,59.9,53.9,54.4,62.6,62.3,56,46.5,39.9,37,
楠梓,2024/03/08 00:00:00,PM10,49,49,45,45,39,37,42,40,44,60,53,53,56,61,64,70,65,59,118,141,131,138,125,111,
楠梓,2024/03/08 00:00:00,PM2.5,33,29,28,26,26,26,29,24,22,31,29,25,24,31,32,34,30,30,35,44,56,59,44,38,
楠梓,2024/03/08 00:00:00,RAINFALL,0,0,0,0,0,0,0,0,0,0,0,0,0,0,0,0,0,0,0,0,0,0,0,0,
楠梓,2024/03/08 00:00:00,RH,98,96,94,94,93,94,93,91,88,83,75,68,60,57,58,58,61,64,59,54,54,55,56,58,
楠梓,2024/03/08 00:00:00,SO2,0.3,1.3,1.2,1.5,1.5,1.2,1.3,1.4,1.9,1.8,1.8,2.1,2.3,2.3,2.4,2,1.8,2,2.1,2.1,2.4,2.8,2.9,2.8,
楠梓,2024/03/08 00:00:00,THC,2.33,2.3,2.27,2.28,2.28,2.26,2.29,2.29,2.27,2.28,2.26,2.22,2.19,2.22,2.24,2.22,2.23,2.19,2.27,2.26,2.29,2.32,2.34,2.29,
楠梓,2024/03/08 00:00:00,WD_HR,11,13,353,16,29,33,351,345,1,18,20,7,317,293,245,235,236,235,317,28,359,331,30,43,
楠梓,2024/03/08 00:00:00,WIND_DIREC,338,346,37,35,26,43,7,347,337,13,17,354,285,248,233,188,238,228,344,21,7,327,62,37,
楠梓,2024/03/08 00:00:00,WIND_SPEED,2.6,1.8,1.3,2.4,1.7,1.7,2,1.6,2.1,1.7,1.5,1.9,1.2,1.3,1.1,1.7,2.4,1.6,2.4,1.4,1.2,1.5,1.8,1.3,
楠梓,2024/03/08 00:00:00,WS_HR,1.7,1.5,1.3,1.9,1.7,1.3,1.2,1.4,1.6,1.4,1.2,1.3,0.9,0.8,0.9,0.9,1.4,1.5,1.3,1.5,0.9,1.3,1.1,1.4,
楠梓,2024/03/09 00:00:00,AMB_TEMP,18,17.6,16.9,16.2,15.8,16.6,16.5,15.7,16.6,18.4,20.5,22,23.6,23.9,24.5,23.1,20.5,19.5,19.3,18.5,17.7,17,16.6,16.5,
楠梓,2024/03/09 00:00:00,CH4,2.25,2.27,2.28,2.3,2.35,2.36,2.42,2.36,2.29,2.29,2.23,2.21,2.2,2.17,2.13,2.18,2.19,2.19,2.21,2.25,2.24,2.25,2.22,2.24,
楠梓,2024/03/09 00:00:00,CO,0.5,0.48,0.46,0.46,0.47,0.53,0.56,0.49,0.49,0.59,0.56,0.51,0.49,0.41,0.37,0.42,0.49,0.56,0.59,0.54,0.5,0.47,0.45,0.45,
楠梓,2024/03/09 00:00:00,NMHC,0.09,0.13,0.15,0.15,0.15,0.34,0.31,0.14,0.13,0.17,0.27,0.28,0.17,0.09,0.07,0.09,0.08,0.1,0.21,0.15,0.13,0.15,0.12,0.13,
楠梓,2024/03/09 00:00:00,NO,1.5,0,0,0.4,0.4,0.5,0.9,3.4,3.6,4.8,4.7,3.6,3.4,1.3,0.6,0.5,0.8,0.6,0.5,0.3,0.4,0.5,0.2,0.2,
楠梓,2024/03/09 00:00:00,NO2,17.4,19.1,18.3,17.4,19.6,28.3,29.6,25.4,24.3,32.1,27.2,31,24.6,14.9,11,15.1,19.8,24.4,29.2,30.3,29,26.6,24.5,22,
楠梓,2024/03/09 00:00:00,NOx,19,18.9,18.4,17.9,20,28.8,30.5,28.8,28,37,32,34.7,28,16.2,11.7,15.6,20.6,25.1,29.7,30.7,29.4,27.2,24.7,22.2,
楠梓,2024/03/09 00:00:00,O3,31.7,28.3,27.2,24.8,19.6,7.7,9,14.6,17.2,16.3,37.6,38.3,58.7,70.1,73.2,67.7,43.6,31.4,23.6,20.6,17.7,18.7,17.1,18.7,
楠梓,2024/03/09 00:00:00,PM10,98,94,86,82,77,88,83,72,79,95,87,105,89,71,60,80,76,75,80,87,78,71,65,68,
楠梓,2024/03/09 00:00:00,PM2.5,36,37,40,45,45,44,47,37,39,46,41,40,42,34,21,37,34,40,37,43,37,39,41,34,
楠梓,2024/03/09 00:00:00,RAINFALL,0,0,0,0,0,0,0,0,0,0,0,0,0,0,0,0,0,0,0,0,0,0,0,0,
楠梓,2024/03/09 00:00:00,RH,59,58,60,62,64,65,65,60,62,60,57,54,50,49,45,48,54,55,56,59,62,63,66,66,
楠梓,2024/03/09 00:00:00,SO2,2.7,1.8,2,2.1,2.5,1.7,1.7,2.2,2,2.6,2.4,2.6,2.1,2,1.7,2.2,2.6,3.1,2.9,2.4,2.1,1.7,1.7,1.6,
楠梓,2024/03/09 00:00:00,THC,2.34,2.4,2.43,2.45,2.5,2.7,2.73,2.5,2.42,2.46,2.5,2.49,2.37,2.26,2.2,2.27,2.27,2.29,2.42,2.4,2.37,2.4,2.34,2.37,
楠梓,2024/03/09 00:00:00,WD_HR,15,19,0,346,57,217,322,39,54,347,65,252,247,284,274,319,340,344,319,347,25,20,42,335,
楠梓,2024/03/09 00:00:00,WIND_DIREC,8,24,356,322,72,311,12,47,79,88,251,314,250,290,277,345,356,61,19,27,4,40,306,36,
楠梓,2024/03/09 00:00:00,WIND_SPEED,1.2,1.4,0.9,1,1.1,0.7,1.4,2.5,1,0.6,0.9,1.7,2.3,1.4,2.3,2.9,1.6,0.3,1.5,1.8,1.4,2,0.6,0.9,
楠梓,2024/03/09 00:00:00,WS_HR,0.8,0.9,0.6,0.9,0.5,0.3,1.4,2.2,1.6,0.2,0.6,0.6,1.1,1.4,1.3,1.4,1.6,0.8,0.9,1.2,1.2,1.2,1.1,0.8,
楠梓,2024/03/10 00:00:00,AMB_TEMP,16,16,15.8,15.9,16.6,17.1,17.6,17.8,16.3,15.5,16.3,17.4,18.7,19.8,22,22.8,22.6,21.7,20.7,20,19.3,18.7,18.5,18.1,
楠梓,2024/03/10 00:00:00,CH4,2.27,2.25,2.31,2.28,2.28,2.33,2.47,2.48,2.43,2.38,2.34,2.27,2.19,2.18,2.16,2.15,2.12,2.1,2.13,2.2,2.21,2.18,2.25,2.22,
楠梓,2024/03/10 00:00:00,CO,0.42,0.44,0.44,0.4,0.43,0.47,0.58,0.64,0.53,0.51,0.52,0.48,0.41,0.42,0.51,0.4,0.36,0.35,0.41,0.49,0.4,0.35,0.41,0.37,
楠梓,2024/03/10 00:00:00,NMHC,0.13,0.12,0.1,0.1,0.1,0.12,0.22,0.25,0.14,0.12,0.13,0.1,0.05,0.05,0.07,0.06,0.15,0.15,0.23,0.08,0.04,0.03,0.04,0.04,
楠梓,2024/03/10 00:00:00,NO,0.4,0.9,0.8,0.7,0.9,1.1,4.9,9.7,3.1,3,4.4,3.4,2.3,1.9,1.3,1,0.9,0.8,0.7,0.8,0.7,1,0.8,0.8,
楠梓,2024/03/10 00:00:00,NO2,20,18.9,18.3,15.5,16.7,18.6,24.5,25.9,20.3,21.1,20.7,18.3,14.3,12.7,12.8,11.6,10.8,11,14.5,18.2,16.7,13.2,14.8,14.7,
楠梓,2024/03/10 00:00:00,NOx,20.4,19.8,19.1,16.3,17.6,19.7,29.4,35.7,23.5,24.2,25.1,21.7,16.7,14.7,14.1,12.7,11.7,11.8,15.3,19,17.4,14.3,15.6,15.5,
楠梓,2024/03/10 00:00:00,O3,17.8,16.9,18.2,17.9,14.4,7.1,0.9,1.6,8.4,12.5,15.2,22.9,35,45.6,70.9,73,68.3,60.6,47.9,42,39,38.7,32.3,30.2,
楠梓,2024/03/10 00:00:00,PM10,66,65,61,60,65,67,79,87,78,71,74,63,58,60,60,49,49,45,63,68,72,67,72,73,
楠梓,2024/03/10 00:00:00,PM2.5,33,39,35,37,43,39,41,55,46,47,52,44,41,34,38,36,27,23,32,38,38,31,36,41,
楠梓,2024/03/10 00:00:00,RAINFALL,0,0,0,0,0,0,0,0,0,0,0,0,0,0,0,0,0,0,0,0,0,0,0,0,
楠梓,2024/03/10 00:00:00,RH,69,69,70,72,71,71,72,73,85,92,93,88,76,71,64,59,62,66,71,71,78,86,90,93,
楠梓,2024/03/10 00:00:00,SO2,1.5,2,2.1,1.9,1.8,1.8,1.9,2,1.8,1.8,1.9,1.9,2.1,2,2.7,2.4,2.1,1.9,1.8,1.9,1.7,1.7,1.7,1.6,
楠梓,2024/03/10 00:00:00,THC,2.4,2.37,2.41,2.38,2.38,2.45,2.69,2.73,2.57,2.5,2.47,2.37,2.24,2.23,2.23,2.21,2.27,2.25,2.36,2.28,2.25,2.21,2.29,2.26,
楠梓,2024/03/10 00:00:00,WD_HR,3,321,352,44,53,89,67,344,337,348,32,44,49,27,319,317,282,283,305,349,353,345,20,30,
楠梓,2024/03/10 00:00:00,WIND_DIREC,48,341,34,48,7,99,67,326,345,7,29,54,52,12,352,291,282,287,313,25,334,320,40,42,
楠梓,2024/03/10 00:00:00,WIND_SPEED,0.3,1,1.5,1.5,0.2,0.5,0.2,1.4,1.1,1.4,1.1,2.2,2.1,1.7,1.5,2,2.1,1.6,1.1,0.9,1.7,1.5,1.7,2.2,
楠梓,2024/03/10 00:00:00,WS_HR,0.6,0.8,0.9,1.4,0.5,0.4,0.2,0.3,0.9,1.2,0.9,1.4,1.8,1.3,1,1,1.6,1.1,1,0.6,1.1,1.1,1.1,1.9,
楠梓,2024/03/11 00:00:00,AMB_TEMP,17.8,17.8,17.7,17.7,17.7,17.8,18.4,19.4,21.7,23.5,23.7,25.1,25.1,24.4,24.4,24.7,25.2,25.1,23.1,20,19.5,19.1,19.1,19.4,
楠梓,2024/03/11 00:00:00,CH4,2.19,2.2,2.2,2.21,2.24,2.32,2.38,2.45,2.33,2.26,2.24,2.21,2.17,2.14,2.13,2.16,2.16,2.18,2.23,2.18,2.18,2.21,2.2,2.16,
楠梓,2024/03/11 00:00:00,CO,0.35,0.33,0.31,0.32,0.33,0.37,0.57,0.94,0.81,0.84,0.6,0.61,0.47,0.38,0.38,0.44,0.48,0.59,0.53,0.5,0.46,0.44,0.37,0.35,
楠梓,2024/03/11 00:00:00,NMHC,0.02,0.02,0,0.01,0.04,0.06,0.17,0.45,0.24,0.27,0.16,0.11,0.15,0.15,0.04,0.05,0.08,0.13,0.41,0.08,0.09,0.09,0.07,0.06,
楠梓,2024/03/11 00:00:00,NO,0.6,1.5,1.3,1.1,1.4,1.6,4.4,31.8,16,4.8,2.2,2.8,1.8,1.3,1.4,1.8,2,1.4,1.5,1.5,1.7,1.6,1.1,1.2,
楠梓,2024/03/11 00:00:00,NO2,12.4,10.4,8.8,10.1,12.3,16.9,25.5,38.6,39.5,28.7,20.7,20.2,15.7,10.6,11.3,18,20.9,24.9,27.1,25.5,20.7,19.4,15.6,12,
楠梓,2024/03/11 00:00:00,NOx,13,11.9,10.1,11.3,13.7,18.6,29.9,70.4,55.6,33.6,23,23.1,17.5,12,12.7,19.9,23,26.3,28.7,27.1,22.4,21,16.8,13.3,
楠梓,2024/03/11 00:00:00,O3,29.9,28.4,26.6,20.9,15.5,8.4,5.5,2.7,21.4,53.3,60.8,71.8,74.4,69.9,69.4,71.1,70.7,66.2,31.3,17,16.5,16.9,23.5,32.4,
楠梓,2024/03/11 00:00:00,PM10,61,57,55,59,58,67,70,83,93,89,94,84,76,57,54,76,85,95,99,72,59,53,35,22,
楠梓,2024/03/11 00:00:00,PM2.5,34,35,33,33,41,39,43,51,50,53,53,52,46,33,30,43,48,46,58,53,45,42,29,18,
楠梓,2024/03/11 00:00:00,RAINFALL,0,0,0,0,0,0,0,0,0,0,0,0,0,0,0,0,0,0,0,0,0,0,0,0,
楠梓,2024/03/11 00:00:00,RH,95,96,96,97,98,97,94,90,73,63,65,59,60,64,63,60,59,60,70,86,90,93,92,90,
楠梓,2024/03/11 00:00:00,SO2,1.9,1.3,0.9,1.2,1.2,1,1.1,1.7,3.3,6.5,4.5,4.6,3.4,2.3,2.4,2.9,2.8,3.3,2.3,1.4,1.3,1.3,1.2,1.1,
楠梓,2024/03/11 00:00:00,THC,2.21,2.22,2.2,2.22,2.28,2.38,2.55,2.9,2.57,2.53,2.4,2.32,2.32,2.29,2.17,2.21,2.24,2.31,2.64,2.26,2.27,2.3,2.27,2.22,
楠梓,2024/03/11 00:00:00,WD_HR,40,49,39,41,52,58,103,81,356,311,320,0,284,288,347,20,54,28,348,354,12,346,24,345,
楠梓,2024/03/11 00:00:00,WIND_DIREC,21,55,49,34,47,72,201,77,306,286,19,347,285,288,357,350,65,256,345,31,333,32,28,331,
楠梓,2024/03/11 00:00:00,WIND_SPEED,2.1,1.5,0.9,0.3,0.8,0.2,0.2,0.4,0.8,1.6,1,1.4,2.8,1.8,1.5,0.8,1.7,1,2.4,2.9,2.8,2.6,2.3,2.7,
楠梓,2024/03/11 00:00:00,WS_HR,1.8,1.5,0.8,0.4,0.6,0.5,0.1,0.3,0.1,0.6,1.1,0.9,2.2,1.8,1.1,0.8,1.2,0.5,1.5,2.3,1.8,2,1.7,1.7,
楠梓,2024/03/12 00:00:00,AMB_TEMP,19.4,19.5,18.9,18.2,17.9,17.7,17.8,18.2,19.7,21.7,23.8,25.9,26.4,25.9,25.8,26.1,25.7,#,#,#,22.4,22.2,21.1,20.9,
楠梓,2024/03/12 00:00:00,CH4,2.18,2.17,2.21,2.22,2.16,2.12,2.11,2.11,2.11,2.12,#,#,#,#,#,2.02,2.1,#,#,#,#,#,2.36,2.4,
楠梓,2024/03/12 00:00:00,CO,0.36,0.35,0.35,0.37,0.32,0.32,0.36,0.38,0.38,0.37,#,#,#,#,#,#,0.36,#,#,#,0.49,0.4,0.57,0.65,
楠梓,2024/03/12 00:00:00,NMHC,0.05,0.05,0.05,0.06,0.01,0,0,0.03,0.02,0.02,#,#,#,#,#,0.03,0.03,#,#,#,#,#,0.53,0.2,
楠梓,2024/03/12 00:00:00,NO,1.3,1.1,0.9,0.8,0.9,0.7,1,2.2,3.4,3.6,#,#,#,#,#,#,1.2,#,#,#,0.8,0.8,1.2,5,
楠梓,2024/03/12 00:00:00,NO2,12.8,12,11.3,12,9.8,8.5,10.3,11.5,11.2,11.7,#,#,#,#,#,#,11.9,#,#,#,23.5,16.1,29,41.8,
楠梓,2024/03/12 00:00:00,NOx,14.1,13.1,12.2,12.8,10.7,9.2,11.4,13.7,14.6,15.3,#,#,#,#,#,#,13.1,#,#,#,24.3,16.9,30.2,46.9,
楠梓,2024/03/12 00:00:00,O3,30.2,32.4,28.8,23,29.4,30.6,27,27,29,30.8,#,#,#,75.9,79.3,82.4,#,#,#,#,50.7,58.4,23.4,10.9,
楠梓,2024/03/12 00:00:00,PM10,21,13,18,21,23,33,22,19,19,26,36,37,53,51,#,72,63,71,66,72,53,46,49,54,
楠梓,2024/03/12 00:00:00,PM2.5,15,13,15,21,15,18,16,11,8,7,9,13,16,22,#,22,19,20,20,16,21,20,24,30,
楠梓,2024/03/12 00:00:00,RAINFALL,0,0,0,0,0,0,0,0,0,0,0,#,0,0,0,0,0,#,#,#,0,0,0,0,
楠梓,2024/03/12 00:00:00,RH,90,89,93,98,97,96,95,92,86,73,64,56,51,53,53,49,48,#,#,#,63,65,72,73,
楠梓,2024/03/12 00:00:00,SO2,1.1,1.2,1.2,1.4,1.1,1.1,1.2,1.3,1.3,1.5,#,#,#,#,#,#,1.4,#,#,#,1.7,1.5,1.6,1.8,
楠梓,2024/03/12 00:00:00,THC,2.23,2.22,2.26,2.28,2.17,2.11,2.11,2.14,2.13,2.14,#,#,#,#,#,2.05,2.13,#,#,#,#,#,2.89,2.6,
楠梓,2024/03/12 00:00:00,WD_HR,15,3,1,334,344,350,3,26,345,13,302,286,254,267,269,#,269,#,#,#,223,228,70,68,
楠梓,2024/03/12 00:00:00,WIND_DIREC,30,30,329,332,340,16,352,15,352,20,265,238,267,281,#,#,273,#,#,226,231,308,81,64,
楠梓,2024/03/12 00:00:00,WIND_SPEED,2.3,0.8,1.6,2.8,3.6,2.9,2.4,2.4,2.5,1.7,1.4,1.7,2.8,2.8,#,#,1.8,#,#,1.2,1.2,0.3,0.4,1.5,
楠梓,2024/03/12 00:00:00,WS_HR,1.7,0.9,0.5,2.5,2.7,2.2,1.6,2.3,1.7,1.2,0.7,0.8,2.5,2.3,2.3,#,1.4,#,#,#,0.9,0.6,0.6,0.7,
楠梓,2024/03/13 00:00:00,AMB_TEMP,20,19.9,20.1,19.5,19.4,19.9,20.3,21.1,21.9,23.7,23.8,24.3,25.1,25.7,25.5,25.1,24.7,23.6,22.9,22.2,21.8,21.4,20.9,20.1,
楠梓,2024/03/13 00:00:00,CH4,2.33,2.27,2.37,2.37,2.39,2.28,2.26,2.31,2.17,2.1,2.09,2.07,2.07,#,2.1,2.09,2.08,2.07,2.09,2.11,2.13,2.15,2.19,2.24,
楠梓,2024/03/13 00:00:00,CO,0.55,0.45,0.44,0.4,0.36,0.42,0.52,0.67,0.42,#,0.32,0.28,0.27,0.27,#,0.3,0.31,0.34,0.38,0.38,0.42,0.4,0.41,0.41,
楠梓,2024/03/13 00:00:00,NMHC,0.15,0.1,0.1,0.08,0.06,0.45,0.34,0.33,0.04,0.05,0.08,0.12,0.11,#,0.05,0.03,0.02,0.13,0.64,0.07,0.08,0.1,0.13,0.14,
楠梓,2024/03/13 00:00:00,NO,1.5,0.4,0.1,0.6,0.8,0.7,1.8,5,3.2,#,1.6,0.5,0.3,0.1,#,#,0.4,0.2,0.3,0.2,0.5,0.4,0.2,0.2,
楠梓,2024/03/13 00:00:00,NO2,29.7,22.7,21,20.7,23.7,28.2,31,30.1,20.2,#,13.5,8.9,7.8,7.1,#,#,11.2,12.5,16.1,16.4,19.1,18.4,18.8,19.9,
楠梓,2024/03/13 00:00:00,NOx,31.2,23.1,21.2,21.4,24.6,28.9,32.8,35.1,23.5,#,15.1,9.4,8.1,7.2,#,#,11.6,12.7,16.4,16.7,19.6,18.9,19.1,20.2,
楠梓,2024/03/13 00:00:00,O3,17.7,24.1,25.3,24.1,24.8,19.4,15.2,16.7,27.7,42.8,#,#,#,#,80,80.5,75.3,67.7,57,57.8,48.7,47.2,42.7,37.4,
楠梓,2024/03/13 00:00:00,PM10,54,48,48,46,45,45,52,51,44,73,86,83,91,70,74,88,73,75,69,78,71,85,88,81,
楠梓,2024/03/13 00:00:00,PM2.5,23,19,29,19,26,26,21,25,14,22,27,23,23,24,25,25,25,22,26,28,26,31,30,36,
楠梓,2024/03/13 00:00:00,RAINFALL,0,0,0,0,0,0,0,0,0,0,0,0,0,0,0,0,0,0,0,0,0,0,0,0,
楠梓,2024/03/13 00:00:00,RH,78,81,82,88,89,89,82,74,63,62,62,60,55,52,54,54,53,57,58,60,62,63,65,71,
楠梓,2024/03/13 00:00:00,SO2,1.7,1.1,1,0.9,0.8,1,2.7,5.4,1.9,#,1.3,1.1,0.8,0.7,#,1.2,0.9,1.1,1.1,1.4,2.8,1.8,1.7,1.9,
楠梓,2024/03/13 00:00:00,THC,2.48,2.37,2.47,2.45,2.45,2.73,2.6,2.64,2.21,2.15,2.17,2.19,2.18,#,2.15,2.12,2.1,2.2,2.73,2.18,2.21,2.25,2.32,2.38,
楠梓,2024/03/13 00:00:00,WD_HR,74,80,64,94,93,166,146,95,73,31,1,297,287,281,274,274,276,278,304,352,49,53,30,48,
楠梓,2024/03/13 00:00:00,WIND_DIREC,72,54,81,84,102,167,133,47,55,24,288,291,295,280,275,270,270,291,358,339,58,42,26,57,
楠梓,2024/03/13 00:00:00,WIND_SPEED,0.7,1.1,0.6,0.6,0.3,1.5,0.5,1.6,1.8,1.7,2.4,3,2.7,2.4,2.6,2,2.3,2.3,1.5,0.9,0.6,1.2,1,0.8,
楠梓,2024/03/13 00:00:00,WS_HR,1,0.7,0.5,0.7,0.5,0.5,0.6,0.6,1.2,1.3,1.7,2.1,2.2,2,2.1,1.8,1.7,1.7,0.8,0.8,0.6,1,0.7,0.8,
楠梓,2024/03/14 00:00:00,AMB_TEMP,19.3,19.1,18.8,18.5,18.6,18.5,18.7,18.8,19.3,20,20.6,23.6,25.7,27.1,27.7,26.9,25.2,24.2,23.5,22.9,22.4,21.8,21.2,21,
楠梓,2024/03/14 00:00:00,CH4,2.23,2.19,2.29,2.28,2.24,2.29,2.39,2.35,2.29,2.28,2.26,2.14,2.08,2.08,2.09,2.14,2.15,2.14,2.13,2.18,2.22,2.25,2.27,2.31,
楠梓,2024/03/14 00:00:00,CO,0.4,0.36,0.35,0.32,0.31,0.34,0.43,0.51,0.44,0.43,0.4,0.31,0.27,0.27,0.28,0.37,0.37,0.4,0.39,0.41,0.45,0.51,0.46,0.52,
楠梓,2024/03/14 00:00:00,NMHC,0.14,0.07,0.06,0.05,0.05,0.12,0.14,0.13,0.09,0.11,0.11,0.06,0.01,0,0.02,0.06,0.03,0.03,0.03,0.04,0.53,0.16,0.15,0.16,
楠梓,2024/03/14 00:00:00,NO,0.1,1,0.9,1.1,1.3,1.2,1.4,5.3,5,9.3,8.1,4.9,2.2,1.7,1.6,1.2,1.3,1.3,1.2,1,1,0.9,1,1.1,
楠梓,2024/03/14 00:00:00,NO2,19.6,10.5,10.4,9.9,10.1,11.5,15.8,24.4,23.9,27.9,28.3,12.5,8.1,6.9,7.8,11.7,11.4,12.4,11.5,13.5,16.6,21.9,23.7,29.1,
楠梓,2024/03/14 00:00:00,NOx,19.7,11.5,11.3,11,11.5,12.7,17.3,29.8,29,37.3,36.5,17.4,10.3,8.7,9.4,13,12.8,13.8,12.8,14.5,17.7,22.9,24.7,30.2,
楠梓,2024/03/14 00:00:00,O3,34,39.7,34.3,29.7,29.7,23,18.2,8.6,10.3,7.9,13.2,48.5,64.4,71.1,77.5,94.7,89.5,86.4,73,61.8,44.4,32,24.2,15.5,
楠梓,2024/03/14 00:00:00,PM10,74,73,72,75,63,69,79,86,80,87,84,65,63,60,61,109,90,81,74,79,87,122,101,98,
楠梓,2024/03/14 00:00:00,PM2.5,37,33,32,33,31,33,37,34,36,39,39,25,20,22,21,38,32,40,27,34,37,64,51,50,
楠梓,2024/03/14 00:00:00,RAINFALL,0,0,0,0,0,0,0,0,0,0,0,0,0,0,0,0,0,0,0,0,0,0,0,0,
楠梓,2024/03/14 00:00:00,RH,76,80,86,91,90,91,92,92,90,86,79,54,45,44,44,51,58,61,64,73,77,77,84,84,
楠梓,2024/03/14 00:00:00,SO2,1.8,1.8,1.5,1.6,1.4,1.3,1.5,1.4,1.5,1.5,1.6,1.9,1.3,1.1,1.1,1.6,1.7,1.8,1.7,1.9,1.9,2.4,2.4,2,
楠梓,2024/03/14 00:00:00,THC,2.37,2.26,2.35,2.33,2.29,2.41,2.53,2.48,2.38,2.39,2.37,2.2,2.09,2.08,2.11,2.2,2.18,2.17,2.16,2.22,2.75,2.41,2.42,2.47,
楠梓,2024/03/14 00:00:00,WD_HR,53,36,36,50,33,344,23,47,37,28,39,59,68,73,260,260,245,262,273,265,290,356,54,97,
楠梓,2024/03/14 00:00:00,WIND_DIREC,48,23,43,52,345,324,29,51,59,351,61,57,80,123,254,250,241,273,270,263,306,43,73,83,
楠梓,2024/03/14 00:00:00,WIND_SPEED,1.7,1.8,2.1,1.4,0.3,0.7,0.8,1.4,1,0.7,1.5,2.7,2.3,1.6,2,2.4,2.7,2.1,1.5,0.9,1,1.2,0.6,0.2,
楠梓,2024/03/14 00:00:00,WS_HR,1.3,1.3,1.4,1.5,0.6,0.2,0.6,1,0.8,0.8,1.1,1.8,1.8,0.7,0,2,1.8,1.7,1.3,0.8,1,0.6,0.9,0.2,
楠梓,2024/03/15 00:00:00,AMB_TEMP,20.6,20,19.8,19.7,19.2,18.3,18.6,19.9,22.3,24.8,27,27.7,28.2,28.3,27.6,26.1,25.7,24.8,24.1,23.7,23.2,22.7,21.8,21.4,
楠梓,2024/03/15 00:00:00,CH4,2.44,2.52,2.33,2.33,2.42,2.46,2.33,2.32,2.32,2.18,2.17,2.15,2.12,2.12,2.11,2.15,2.1,2.07,2.1,2.16,2.17,2.19,2.22,2.21,
楠梓,2024/03/15 00:00:00,CO,0.53,0.47,0.42,0.4,0.43,0.41,0.42,0.64,0.69,0.49,0.51,0.44,0.4,0.55,0.41,0.38,0.34,0.36,0.41,0.44,0.39,0.4,0.39,0.38,
楠梓,2024/03/15 00:00:00,NMHC,1.72,0.22,0.17,0.14,0.15,0.15,0.07,0.14,0.3,0.2,0.27,0.08,0.03,0.04,0.03,0.08,0.32,0.37,0.1,0.11,0.11,0.11,0.09,0.09,
楠梓,2024/03/15 00:00:00,NO,1.6,0,0.2,0.1,0,0.4,0.8,6.2,7,2.8,1.8,1.5,0.7,0.4,0.2,0.3,0.2,0,0,0.1,0,0.1,0.3,0,
楠梓,2024/03/15 00:00:00,NO2,30.8,20.1,17.8,17.5,18.3,20.3,19.8,28.8,31.4,21.4,22,19.7,13.9,12.1,9.9,9.9,10.8,13.6,16.1,19.7,20.1,20.6,19.5,17.5,
楠梓,2024/03/15 00:00:00,NOx,32.4,20,18,17.6,18.4,20.7,20.7,35.1,38.5,24.2,23.8,21.3,14.7,12.5,10.1,10.2,11.1,13.7,16.1,19.8,20.1,20.8,19.8,17.5,
楠梓,2024/03/15 00:00:00,O3,7.7,16.9,18.7,18.5,19.2,10.1,16.2,13.2,29.1,63.8,75.4,80.2,86.8,93.2,90.1,91.9,79,64.9,59.3,49.3,40.7,33,25.3,22.1,
楠梓,2024/03/15 00:00:00,PM10,94,93,96,94,84,82,71,79,101,88,104,91,86,82,77,93,83,65,64,65,64,65,70,71,
楠梓,2024/03/15 00:00:00,PM2.5,54,50,49,56,47,49,40,43,42,41,44,44,32,38,37,46,29,25,29,32,31,36,40,39,
楠梓,2024/03/15 00:00:00,RAINFALL,0,0,0,0,0,0,0,0,0,0,0,0,0,0,0,0,0,0,0,0,0,0,0,0,
楠梓,2024/03/15 00:00:00,RH,87,91,92,92,94,97,93,87,73,60,52,53,53,52,54,63,62,64,64,63,70,73,80,85,
楠梓,2024/03/15 00:00:00,SO2,1.8,0.9,1.1,0.9,0.7,0.5,0.5,0.8,1.6,2,1.9,1.8,1.6,3.6,2.6,1.8,1.3,1.3,1.3,1.7,1.5,1.3,1.2,1.2,
楠梓,2024/03/15 00:00:00,THC,4.16,2.74,2.5,2.47,2.57,2.61,2.4,2.46,2.62,2.38,2.44,2.23,2.15,2.16,2.14,2.23,2.42,2.44,2.2,2.27,2.28,2.3,2.31,2.3,
楠梓,2024/03/15 00:00:00,WD_HR,37,41,55,43,20,41,42,40,293,228,204,279,248,253,277,279,283,298,338,15,41,26,48,56,
楠梓,2024/03/15 00:00:00,WIND_DIREC,52,43,63,345,28,48,48,359,332,192,211,276,246,274,278,293,293,310,30,23,52,42,55,302,
楠梓,2024/03/15 00:00:00,WIND_SPEED,1.3,0.7,0.8,0.3,0.7,1.6,0.5,0.4,0.5,1.2,1.5,2.3,2.7,2.5,2.9,2,1.6,1.5,1,1.5,1.8,1,2.1,0.6,
楠梓,2024/03/15 00:00:00,WS_HR,0.5,0.8,0.6,0.5,0.6,1,0.9,0.5,0.3,0.3,0.2,2.1,2,2,2.3,2.1,1.6,1.4,1,0.7,1.3,0.7,2.1,0.4,
楠梓,2024/03/16 00:00:00,AMB_TEMP,21.1,20.9,20,19.7,19.3,19.4,19.8,21.2,23.6,26.6,28.3,29.4,29.8,29.7,28.6,27.8,26.8,26,25.8,25.5,25,24.6,24.2,23.8,
楠梓,2024/03/16 00:00:00,CH4,2.24,2.31,2.47,2.36,2.38,2.37,2.49,2.42,2.3,2.16,2.16,2.21,2.24,2.21,2.16,2.1,2.08,2.07,2.08,2.09,2.17,2.26,2.2,2.24,
楠梓,2024/03/16 00:00:00,CO,0.41,0.43,0.4,0.39,0.44,0.52,0.65,0.64,0.56,0.42,0.41,0.5,0.74,1.02,0.66,0.38,0.31,0.29,0.32,0.34,0.45,0.51,0.45,0.42,
楠梓,2024/03/16 00:00:00,NMHC,0.11,0.11,0.13,0.11,0.13,0.16,0.32,0.2,0.12,0.16,0.18,0.17,0.12,0.1,0.04,0.05,0.07,0.24,0.13,0.01,0.49,0.14,0.1,0.08,
楠梓,2024/03/16 00:00:00,NO,0,0.2,0.6,0.6,1,4.8,22,17.7,5.6,2.8,1.3,1.5,1,0.9,0.8,0.5,0.5,0.5,0.2,0.5,0.4,0.7,0.5,0.5,
楠梓,2024/03/16 00:00:00,NO2,16.8,21.2,20.2,17,20.4,24.2,25.4,29.4,21.8,19.3,17.2,22.4,19.9,20.7,15.3,9.7,9,9.5,11.4,12.5,16.6,22,23,19.1,
楠梓,2024/03/16 00:00:00,NOx,16.7,21.4,20.9,17.7,21.4,29,47.5,47.1,27.4,22.1,18.5,24,20.9,21.6,16.1,10.2,9.6,10,11.7,13,17.1,22.8,23.6,19.6,
楠梓,2024/03/16 00:00:00,O3,18.2,12.7,6.6,8.7,2,1.1,0,5.8,28.5,56.6,77.5,88.6,114,124,105,86,75.7,67.3,60.2,54.5,39.3,28.1,24.5,25.3,
楠梓,2024/03/16 00:00:00,PM10,70,67,72,67,72,70,82,79,87,86,84,101,105,112,90,60,52,43,50,47,57,76,69,59,
楠梓,2024/03/16 00:00:00,PM2.5,41,43,48,43,47,45,48,48,50,37,39,50,63,73,55,35,28,24,24,23,32,44,44,37,
楠梓,2024/03/16 00:00:00,RAINFALL,0,0,0,0,0,0,0,0,0,0,0,0,0,0,0,0,0,0,0,0,0,0,0,0,
楠梓,2024/03/16 00:00:00,RH,88,89,95,95,98,97,95,89,75,62,55,54,53,52,56,56,59,62,61,63,66,68,68,70,
楠梓,2024/03/16 00:00:00,SO2,0.9,1.7,1.7,2,2.1,2.5,2,2.4,2.7,3.2,3.3,2.9,5,11.6,7.5,3.3,2.3,2.2,2.1,1.9,1.9,2.6,2.3,2.1,
楠梓,2024/03/16 00:00:00,THC,2.35,2.42,2.6,2.47,2.51,2.53,2.81,2.62,2.42,2.32,2.34,2.38,2.36,2.31,2.2,2.15,2.15,2.31,2.21,2.1,2.66,2.4,2.3,2.32,
楠梓,2024/03/16 00:00:00,WD_HR,16,37,25,43,14,80,81,58,80,183,250,244,261,254,263,262,282,303,303,279,315,31,50,44,
楠梓,2024/03/16 00:00:00,WIND_DIREC,79,33,21,20,44,67,64,58,85,224,265,241,266,261,260,277,282,318,257,315,345,64,336,57,
楠梓,2024/03/16 00:00:00,WIND_SPEED,0.2,0.8,0.8,0.7,1,0.2,0.2,1.2,1.4,1,1.5,1.7,2.3,2.2,2.7,2.3,2.3,1.8,0.4,0.6,0.8,1,0.5,0.8,
楠梓,2024/03/16 00:00:00,WS_HR,0.2,0.6,0.9,1,0.8,0.3,0.2,0.8,0.9,0.5,0.7,1.3,1.8,1.8,1.9,1.9,1.7,1.4,0.7,0.4,0.8,0.6,0.6,0.7,
楠梓,2024/03/17 00:00:00,AMB_TEMP,23.4,22.7,22.3,22.1,21.7,21.6,22,23.2,25.6,27.4,28.9,29.8,30,30.2,29.6,28.3,27.5,26.5,25.6,25.2,25,24.7,24.4,24.1,
楠梓,2024/03/17 00:00:00,CH4,2.29,2.43,2.7,2.55,2.23,2.28,2.36,2.22,2.11,2.06,2.07,2.08,2.06,2.05,2.04,2.04,2.03,2.04,2.05,2.07,2.07,2.12,2.16,2.16,
楠梓,2024/03/17 00:00:00,CO,0.46,0.48,0.55,0.43,0.31,0.36,0.41,0.41,0.32,0.24,0.28,0.27,0.25,0.24,0.23,0.22,0.23,0.23,0.24,0.27,0.27,0.3,0.29,0.28,
楠梓,2024/03/17 00:00:00,NMHC,0.1,0.15,0.15,0.1,0.04,0.11,0.11,0.1,0.03,0,0,0.03,0,0.06,0.04,0.04,0.14,0.01,0,0.07,0,0.01,0,0.01,
楠梓,2024/03/17 00:00:00,NO,0.7,1,1.9,0.8,0.2,0.1,0.4,0.9,0.9,0.7,0.6,0.4,0.5,0.3,0.4,0.4,0.2,0.3,0.3,0.1,0.3,0.2,0.1,0.1,
楠梓,2024/03/17 00:00:00,NO2,22.4,23.6,28.3,19.1,11.1,12,19.7,16.2,11.6,7.2,6.3,6.9,6.8,6.4,6.3,6,6.5,6.5,7.8,9.2,9.2,11.2,12.6,11,
楠梓,2024/03/17 00:00:00,NOx,23.1,24.6,30.3,19.9,11.4,12.1,20.1,17.1,12.6,8,7,7.3,7.3,6.8,6.7,6.4,6.8,6.8,8.1,9.3,9.5,11.5,12.7,11.2,
楠梓,2024/03/17 00:00:00,O3,18.6,12,4.7,15.7,28.9,18.7,17.4,26.1,38.5,44.3,49.8,57.7,55.9,49.1,43.8,43.5,43.6,39,34.8,34,36.3,31.1,27.9,27.4,
楠梓,2024/03/17 00:00:00,PM10,62,62,58,53,51,62,60,63,51,36,44,40,40,31,29,29,38,37,35,38,33,47,50,55,
楠梓,2024/03/17 00:00:00,PM2.5,38,45,36,31,27,42,40,37,32,20,16,23,18,12,16,13,17,13,15,17,18,21,19,24,
楠梓,2024/03/17 00:00:00,RAINFALL,0,0,0,0,0,0,0,0,0,0,0,0,0,0,0,0,0,0,0,0,0,0,0,0,
楠梓,2024/03/17 00:00:00,RH,72,75,78,79,81,81,79,73,63,58,54,53,52,52,54,59,63,68,74,79,83,83,84,85,
楠梓,2024/03/17 00:00:00,SO2,2.2,1.6,1.4,1.2,1.1,1,1.1,1.3,1.6,1.2,1.2,1.3,1.1,0.8,0.7,0.9,1,1,0.9,0.7,0.8,1,1,1.3,
楠梓,2024/03/17 00:00:00,THC,2.39,2.58,2.85,2.65,2.27,2.39,2.47,2.32,2.14,2.04,2.05,2.11,2.06,2.11,2.08,2.08,2.17,2.05,2.01,2.14,2.07,2.13,2.16,2.17,
楠梓,2024/03/17 00:00:00,WD_HR,61,82,75,57,42,58,51,44,46,4,298,275,274,277,278,277,291,276,272,286,324,31,16,335,
楠梓,2024/03/17 00:00:00,WIND_DIREC,67,61,70,72,40,75,51,38,62,309,281,265,279,274,282,297,298,266,266,284,34,31,332,345,
楠梓,2024/03/17 00:00:00,WIND_SPEED,0.5,0.7,1,0.9,1.5,0.7,1.5,1.3,2,1.5,1.6,2.7,2.7,2.3,3.1,2.4,2,1.9,1.3,1.3,0.7,0.7,0.9,1.2,
楠梓,2024/03/17 00:00:00,WS_HR,0.6,0.5,0.8,0.9,1.4,1,1.1,1.1,1.8,0.9,0.7,1.7,2.2,1.9,2.1,2.2,1.8,1.6,1.5,0.9,0.9,0.7,0.8,1,
楠梓,2024/03/18 00:00:00,AMB_TEMP,23.7,23,22.1,22.2,22.1,22.3,22.4,22.7,23.2,24.2,25.5,27.8,28.2,27.5,27.6,27.7,26.8,24.9,24,23.3,22.3,21.4,21.2,20.9,
楠梓,2024/03/18 00:00:00,CH4,2.19,2.28,2.14,2.14,2.12,2.14,2.14,2.16,2.17,2.16,2.15,2.12,2.11,2.11,2.09,2.07,2.07,2.07,2.08,2.13,2.15,2.14,2.13,2.14,
楠梓,2024/03/18 00:00:00,CO,0.28,0.3,0.34,0.37,0.32,0.3,0.35,0.42,0.44,0.39,0.4,0.41,0.4,0.34,0.3,0.29,0.33,0.33,0.36,0.38,0.31,0.28,0.32,0.32,
楠梓,2024/03/18 00:00:00,NMHC,0.01,0.02,0,0.01,0,0,0.01,0.04,0.04,0.04,0.06,0.07,0.02,0,0,0,0.03,0.05,0.05,0.08,0.03,0.01,0.01,0.02,
楠梓,2024/03/18 00:00:00,NO,0.3,0.3,0.2,0.2,0.2,0.2,0.3,1,1.7,2.4,2.4,1.9,0.8,0.5,0.4,0.6,0.6,0.5,0.2,0.2,0.3,0.2,0.2,0.1,
楠梓,2024/03/18 00:00:00,NO2,10.7,12.1,10.7,10.2,8.3,8.4,10,12.4,12.8,12.9,13.4,13.1,10.1,7.9,7.3,7.7,9.1,9.4,12,16.8,14.2,9.5,8.8,9.7,
楠梓,2024/03/18 00:00:00,NOx,11.1,12.4,10.9,10.4,8.5,8.7,10.3,13.4,14.6,15.4,15.8,15.1,10.9,8.4,7.7,8.3,9.8,9.9,12.2,17,14.5,9.8,9.1,9.8,
楠梓,2024/03/18 00:00:00,O3,23.7,17.4,15.9,15.4,19.2,19.6,19.9,18.5,21.2,24.4,32.7,48.2,62,62.9,59.6,58.7,57,57.4,50.2,41.2,43.6,46.4,45.4,40.4,
楠梓,2024/03/18 00:00:00,PM10,52,63,81,84,66,62,54,65,66,77,81,74,78,66,57,47,50,68,95,113,101,95,87,88,
楠梓,2024/03/18 00:00:00,PM2.5,23,36,54,54,44,42,44,40,36,41,45,44,45,33,29,21,23,23,23,36,39,31,31,30,
楠梓,2024/03/18 00:00:00,RAINFALL,0,0,0,0,0,0,0,0,0,0,0,0,0,0,0,0,0,0,0,0,0,0,0,0,
楠梓,2024/03/18 00:00:00,RH,86,89,92,90,89,88,87,86,84,81,73,65,64,65,63,63,66,73,76,75,75,79,80,82,
楠梓,2024/03/18 00:00:00,SO2,1.4,1.3,1,1.1,0.8,0.9,1,1.1,0.9,1.1,1.1,1.6,1.8,1.7,1.5,1.4,1.3,1.7,1.4,1.5,1.4,1.4,1.5,1.3,
楠梓,2024/03/18 00:00:00,THC,2.2,2.3,2.13,2.15,2.12,2.14,2.15,2.2,2.21,2.2,2.21,2.19,2.13,2.11,2.09,2.07,2.1,2.12,2.13,2.21,2.18,2.15,2.14,2.16,
楠梓,2024/03/18 00:00:00,WD_HR,41,350,351,23,20,7,344,335,338,0,7,246,262,274,266,263,269,279,295,336,359,338,353,30,
楠梓,2024/03/18 00:00:00,WIND_DIREC,32,325,26,22,348,323,13,343,340,359,33,227,274,273,274,267,287,289,293,345,327,341,14,7,
楠梓,2024/03/18 00:00:00,WIND_SPEED,2.5,2.4,1.4,1.8,1,1.3,0.8,1.6,1,1.2,0.9,2.8,2.9,2.2,1.6,1.9,2.4,1.8,1.6,2.2,2.6,2.1,2.8,2.7,
楠梓,2024/03/18 00:00:00,WS_HR,1.7,1,1,1.4,1.2,0.9,0.8,1,1.1,0.7,0.4,1.3,1.9,2.1,1.4,1.5,1.5,1.7,1.2,1.5,1.7,2,1.9,2.5,
楠梓,2024/03/19 00:00:00,AMB_TEMP,20.3,20,20.1,20.2,20.5,20.5,20.4,20.8,21.2,22.1,24.4,26,25.6,25.4,25.5,25.6,24.9,23.2,21.3,20.1,19.3,18.6,18,17.7,
楠梓,2024/03/19 00:00:00,CH4,2.14,2.13,2.15,2.16,2.18,2.2,2.22,2.25,2.21,2.15,2.13,2.1,2.11,2.09,2.09,2.09,2.09,2.11,2.13,2.15,2.15,2.16,2.16,2.18,
楠梓,2024/03/19 00:00:00,CO,0.29,0.29,0.35,0.38,0.34,0.35,0.36,0.47,0.45,0.37,0.37,0.32,0.32,0.27,0.26,0.29,0.3,0.33,0.35,0.4,0.41,0.43,0.43,0.42,
楠梓,2024/03/19 00:00:00,NMHC,0.02,0.01,0.02,0.03,0.04,0.05,0.05,0.09,0.06,0.05,0.05,0.02,0.05,0.01,0.01,0.03,0.04,0.04,0.05,0.07,0.07,0.08,0.07,0.1,
楠梓,2024/03/19 00:00:00,NO,0.2,0.5,0.7,0.5,0.5,0.8,0.8,2.5,3.6,3.8,3.1,2.2,2.7,2.1,1.4,1.6,1.3,0.8,0.6,0.7,0.6,0.6,0.7,0.7,
楠梓,2024/03/19 00:00:00,NO2,10.2,9.4,9.9,10.7,10,11.1,14.1,18,16.7,13.6,12.4,11.3,12.4,10.8,9.4,11,12.6,13.4,15.2,15.8,15.7,15.8,15.6,16.1,
楠梓,2024/03/19 00:00:00,NOx,10.4,9.9,10.6,11.3,10.6,11.9,14.9,20.6,20.3,17.4,15.5,13.5,15.2,13,10.8,12.7,14,14.3,15.8,16.6,16.4,16.4,16.3,16.8,
楠梓,2024/03/19 00:00:00,O3,34.3,32.8,29.7,27.2,28,26.1,20.7,14.8,20,28.6,38.9,42.5,45.4,52.8,57.7,55.7,55.2,56.7,52.2,45.6,40.5,35.6,34.2,30.9,
楠梓,2024/03/19 00:00:00,PM10,87,95,97,96,87,91,87,96,85,74,80,59,70,72,62,63,48,56,74,86,42,33,27,27,
楠梓,2024/03/19 00:00:00,PM2.5,31,37,42,44,37,36,35,33,36,31,23,17,16,15,17,19,12,15,17,28,14,12,16,16,
楠梓,2024/03/19 00:00:00,RAINFALL,0,0,0,0,0,0,0,0,0,0,0,0,0,0,0,0,0,0,0,0,0,0,0,0,
楠梓,2024/03/19 00:00:00,RH,84,85,85,85,84,84,84,82,81,74,64,59,59,58,57,57,58,59,58,58,58,59,59,60,
楠梓,2024/03/19 00:00:00,SO2,1.5,0.6,0.8,1.1,1,1.1,1.4,1.5,1.4,1.4,1.7,1.5,1.4,1.5,1.5,1.7,1.4,1.1,1.5,1.8,1.6,1.5,1.6,1.4,
楠梓,2024/03/19 00:00:00,THC,2.16,2.14,2.17,2.19,2.22,2.25,2.27,2.34,2.27,2.2,2.18,2.12,2.16,2.1,2.1,2.12,2.13,2.15,2.18,2.22,2.22,2.24,2.23,2.28,
楠梓,2024/03/19 00:00:00,WD_HR,7,31,41,40,23,337,30,23,356,7,29,334,348,352,355,342,359,9,341,7,337,326,343,32,
楠梓,2024/03/19 00:00:00,WIND_DIREC,35,31,24,32,33,327,30,349,6,6,41,323,338,344,339,11,27,31,335,327,356,#,13,46,
楠梓,2024/03/19 00:00:00,WIND_SPEED,2.9,1.8,1.5,1.9,1.5,2.8,2.3,1.9,3.3,3.6,3.3,2.9,2.3,3.7,2.4,2.1,2.8,3,3.2,2.4,1.7,#,0.8,0.2,
楠梓,2024/03/19 00:00:00,WS_HR,1.6,2.1,1.7,1.8,1.2,1.5,1.6,1.4,1.7,2.3,2.7,1.9,2,2.5,2.3,2,2.1,2,2.4,1.6,1.7,1,1,0.7,
楠梓,2024/03/20 00:00:00,AMB_TEMP,17.8,17.7,17.5,18,18.2,17.6,17.5,18.3,20.3,23.2,25,25.8,26.3,26.3,25.8,25.1,24.4,23.4,22.6,22.3,22.2,22,21.9,21.5,
楠梓,2024/03/20 00:00:00,CH4,2.19,2.2,2.25,2.27,2.28,2.33,2.34,2.3,2.3,2.27,2.15,2.1,2.08,2.06,2.06,2.06,2.06,2.06,2.07,2.08,2.1,2.1,2.1,2.13,
楠梓,2024/03/20 00:00:00,CO,0.4,0.45,0.4,0.39,0.41,0.45,0.44,0.5,0.5,0.61,0.39,0.29,0.26,0.24,0.23,0.23,0.25,0.29,0.32,0.32,0.37,0.33,0.31,0.33,
楠梓,2024/03/20 00:00:00,NMHC,0.09,0.1,0.11,0.14,0.14,0.16,0.14,0.17,0.18,0.23,0.15,0.09,0.02,0,0,0,0,0.02,0.04,0.03,0.04,0.04,0.01,0.05,
楠梓,2024/03/20 00:00:00,NO,0.8,1.1,1.3,1.2,1.5,1.3,2.7,6.5,6.9,6.5,4.1,2.2,1.8,1.5,1.4,1.6,1.5,1.3,1.2,1.2,1.3,0.9,1,1.2,
楠梓,2024/03/20 00:00:00,NO2,16.2,14.9,17,17.6,17.3,18.2,21.8,22.4,22.1,25.6,17.4,10.5,8.9,8.1,8.8,9.2,9.6,10.9,12.6,11.7,13,11.9,11.1,10.9,
楠梓,2024/03/20 00:00:00,NOx,17.1,16,18.3,18.8,18.9,19.5,24.5,29,29.1,32.1,21.6,12.8,10.7,9.6,10.3,10.9,11.2,12.3,13.8,12.9,14.4,12.9,12.2,12.2,
楠梓,2024/03/20 00:00:00,O3,28.4,27.4,23.7,19.7,17.9,14.7,9.9,12.4,22.1,33.7,48.4,59.3,61,63.1,67.9,66,64.9,63.4,68,72.3,72.7,72.8,69.7,67.2,
楠梓,2024/03/20 00:00:00,PM10,30,32,36,38,34,47,38,56,71,x,x,94,96,83,87,88,82,80,75,65,80,93,94,95,
楠梓,2024/03/20 00:00:00,PM2.5,13,19,19,18,18,23,19,22,22,28,22,16,13,21,18,18,17,18,19,22,21,23,22,27,
楠梓,2024/03/20 00:00:00,RAINFALL,0,0,0,0,0,0,0,0,0,0,0,0,0,0,0,0,0,0,0,0,0,0,0,0,
楠梓,2024/03/20 00:00:00,RH,60,61,61,61,62,65,67,64,58,54,54,51,49,49,50,51,54,58,60,60,62,65,66,68,
楠梓,2024/03/20 00:00:00,SO2,1.5,2.6,3,2.7,2.8,3.3,3,3,3.6,3.7,2.8,2.6,2.2,2.2,2.3,2.2,2.2,2,2.3,2.5,2.5,2.5,2.4,2.4,
楠梓,2024/03/20 00:00:00,THC,2.28,2.3,2.36,2.41,2.42,2.49,2.48,2.47,2.48,2.5,2.3,2.19,2.1,2.06,2.06,2.06,2.06,2.08,2.11,2.11,2.14,2.14,2.11,2.18,
楠梓,2024/03/20 00:00:00,WD_HR,345,321,28,63,2,329,21,355,330,238,213,208,222,227,237,233,218,220,228,221,221,236,239,293,
楠梓,2024/03/20 00:00:00,WIND_DIREC,338,332,56,50,355,354,21,307,343,222,212,219,214,219,239,243,237,216,246,220,219,248,255,299,
楠梓,2024/03/20 00:00:00,WIND_SPEED,0.3,1.1,0.3,0.2,1,0.9,0.9,1,0.9,1.4,2.9,2.7,3.3,3.1,2.7,2.4,1.8,3.9,1.3,1.8,1,1.7,1.1,1.3,
楠梓,2024/03/20 00:00:00,WS_HR,0.5,0.3,0.5,0.1,0.2,0.8,0.8,0.8,0.7,0.5,1.9,2.8,2.5,2.5,2.4,2.5,2.8,2.6,1.6,1.7,1,1.2,1.2,0.8,
楠梓,2024/03/21 00:00:00,AMB_TEMP,20.6,19.9,19.4,19.2,19.1,19.1,19.3,20.6,22.4,23,24.6,25.5,25.8,25.4,25,24.6,23.8,23.1,22.6,22.4,22.2,21.5,20.8,20.6,
楠梓,2024/03/21 00:00:00,CH4,2.27,2.35,2.31,2.28,2.35,2.31,2.31,2.23,2.14,2.13,2.11,2.13,2.11,2.08,2.06,2.05,2.05,2.05,2.06,2.07,2.1,2.12,2.12,2.14,
楠梓,2024/03/21 00:00:00,CO,0.42,0.45,0.38,0.36,0.4,0.37,0.49,0.5,0.4,0.42,0.36,0.37,0.33,0.28,0.23,0.21,0.22,0.26,0.28,0.27,0.29,0.3,0.29,0.27,
楠梓,2024/03/21 00:00:00,NMHC,0.14,0.14,0.11,0.1,0.1,0.09,0.11,0.06,0.07,0.22,0.13,0.03,0.01,0,0,0,0,0.02,0.02,0.01,0.04,0.04,0.05,0.01,
楠梓,2024/03/21 00:00:00,NO,1.3,0,0,0,0.1,0.4,4,3.7,1.5,1.1,1.5,0.7,0.5,0.3,0.3,0.4,0.3,0.2,0.2,0.1,0.1,0.1,0.2,0.1,
楠梓,2024/03/21 00:00:00,NO2,17.7,23.4,17.3,16.5,27.5,26.1,43.9,29.8,15.8,19.3,19.7,14.2,11.1,8.4,7.9,7.8,9.2,9.7,11,10.2,13.2,14.9,13,12.9,
楠梓,2024/03/21 00:00:00,NOx,19.1,23.5,17.3,16.6,27.6,26.6,47.9,33.5,17.4,20.4,21.2,15,11.6,8.8,8.2,8.2,9.5,9.9,11.3,10.3,13.3,15.1,13.3,13,
楠梓,2024/03/21 00:00:00,O3,45.3,35.1,40.4,39.3,27.9,31.9,16.6,34.2,53.5,58.4,63.2,77.2,83.3,76.4,70.3,66.3,64.1,62,59,57.8,52.4,49.6,49.4,50,
楠梓,2024/03/21 00:00:00,PM10,109,99,98,93,96,95,94,84,87,98,#,113,105,86,76,71,58,52,52,46,53,63,58,54,
楠梓,2024/03/21 00:00:00,PM2.5,34,33,28,29,30,31,29,30,25,25,#,26,25,22,15,12,13,13,13,14,15,17,23,17,
楠梓,2024/03/21 00:00:00,RAINFALL,0,0,0,0,0,0,0,0,0,0,0,0,0,0,0,0,0,0,0,0,0,0,0,0,
楠梓,2024/03/21 00:00:00,RH,67,72,74,74,74,73,72,66,62,59,55,54,54,55,56,55,58,60,62,62,63,66,70,70,
楠梓,2024/03/21 00:00:00,SO2,2.6,2.2,1.5,1.5,1.7,1.4,1.6,1.8,1.8,2,2.3,2.1,2.4,2.3,1.8,1.6,1.5,1.5,1.5,1.6,1.9,1.7,2,1.7,
楠梓,2024/03/21 00:00:00,THC,2.41,2.49,2.42,2.38,2.45,2.4,2.42,2.29,2.21,2.35,2.24,2.16,2.12,2.08,2.05,2.03,2.05,2.07,2.08,2.08,2.14,2.16,2.17,2.15,
楠梓,2024/03/21 00:00:00,WD_HR,30,70,45,62,70,59,82,100,56,310,244,256,268,264,268,264,285,286,311,336,24,47,54,81,
楠梓,2024/03/21 00:00:00,WIND_DIREC,48,72,59,73,71,67,91,89,281,343,238,253,266,263,244,275,283,299,325,19,16,59,77,98,
楠梓,2024/03/21 00:00:00,WIND_SPEED,1.3,0.9,1.2,0.9,1,0.8,0.8,1.2,1.1,0.9,2.2,2.7,3,2.4,2.4,3.1,2.3,1.8,1.4,0.7,1,2,0.8,0.7,
楠梓,2024/03/21 00:00:00,WS_HR,0.7,0.8,1.3,1,0.9,0.6,0.8,0.9,0.4,0.5,0.9,1.9,2.1,2.3,2.3,2.3,2,1.4,1.3,0.6,0.8,1.5,1.3,0.7,
楠梓,2024/03/22 00:00:00,AMB_TEMP,20.5,19.7,20,19.7,18.8,18.8,19.2,21.1,23.4,25.3,26.9,28.6,28.8,28.9,28.4,28.3,27.7,27.1,26.9,26.4,26.3,25.4,24.9,24.5,
楠梓,2024/03/22 00:00:00,CH4,2.23,2.33,2.17,2.33,2.22,2.18,2.22,2.25,2.07,2.06,2.06,2.07,2.08,2.08,2.06,2.04,2.03,2.04,2.06,2.07,2.06,2.17,2.24,2.18,
楠梓,2024/03/22 00:00:00,CO,0.28,0.28,0.27,0.3,0.24,0.25,0.36,0.57,0.27,0.24,0.24,0.29,0.35,0.35,0.28,0.23,0.25,0.34,0.57,0.32,0.32,0.38,0.39,0.36,
楠梓,2024/03/22 00:00:00,NMHC,0.05,0.06,0.02,0.06,0.06,0.02,0.07,0.12,0.01,0.01,0.04,0.05,0.05,0.04,0,0,0.02,0.09,0.17,0.14,0.16,0.13,0.07,0.06,
楠梓,2024/03/22 00:00:00,NO,0.2,0,0.1,0.1,0.3,0.3,2.3,11.5,2.1,1.3,1.6,1.3,1.1,0.9,1,1,0.8,0.7,0.5,0.3,0.3,0.4,0.8,0.5,
楠梓,2024/03/22 00:00:00,NO2,12.9,19.3,19.2,16.9,14.4,13.3,27.1,38.2,13.9,10.7,11.7,12.1,14.5,15.8,14.1,11.7,12.1,16.1,26.5,20.5,18,22.3,24.5,24.2,
楠梓,2024/03/22 00:00:00,NOx,13.1,19.3,19.3,17.1,14.7,13.7,29.5,49.7,16,12,13.4,13.4,15.6,16.7,15.1,12.8,13,16.8,27.1,20.8,18.3,22.7,25.4,24.8,
楠梓,2024/03/22 00:00:00,O3,45.9,32.7,39.2,32.4,33.9,33.1,19.3,15.7,47.8,52.6,56.6,62.6,79.1,81.3,67.4,53.9,47,35.7,21.3,27.3,26,17.5,12.7,14.3,
楠梓,2024/03/22 00:00:00,PM10,60,50,53,49,49,53,62,78,58,58,57,61,75,62,57,51,45,56,44,35,32,37,33,36,
楠梓,2024/03/22 00:00:00,PM2.5,13,16,11,19,16,14,25,24,12,14,20,13,23,20,13,12,10,15,13,14,13,12,18,13,
楠梓,2024/03/22 00:00:00,RAINFALL,0,0,0,0,0,0,0,0,0,0,0,0,0,0,0,0,0,0,0,0,0,0,0,0,
楠梓,2024/03/22 00:00:00,RH,70,74,72,73,78,81,77,69,58,51,46,42,46,47,50,52,56,58,60,63,63,66,68,69,
楠梓,2024/03/22 00:00:00,SO2,1.9,1.3,1.3,1.2,1.6,1.3,1.2,2.4,2.9,1.8,1.8,2.4,3,3.1,2.9,1.8,1.4,1.7,4.3,2.5,2.8,2.6,3,2.3,
楠梓,2024/03/22 00:00:00,THC,2.28,2.39,2.19,2.39,2.28,2.2,2.29,2.37,2.08,2.07,2.1,2.12,2.13,2.12,2.06,2.04,2.05,2.13,2.23,2.21,2.22,2.3,2.31,2.24,
楠梓,2024/03/22 00:00:00,WD_HR,96,75,64,55,50,51,49,51,49,62,87,205,261,267,262,272,251,224,193,157,171,89,85,85,
楠梓,2024/03/22 00:00:00,WIND_DIREC,95,76,56,50,46,49,45,46,51,72,224,251,277,264,274,272,236,204,160,161,159,102,74,65,
楠梓,2024/03/22 00:00:00,WIND_SPEED,0.6,0.3,0.5,1.5,1.7,1.7,1.1,2.6,1.3,1.2,1.6,1.5,2.6,2.5,2.8,2.1,1.7,2.2,1.5,2,1.3,1,1.3,0.9,
楠梓,2024/03/22 00:00:00,WS_HR,0.5,0.5,0.5,0.6,1.9,1.6,1.2,1.7,2.1,0.7,0.5,1.5,1.8,1.7,1.9,2,1.6,1.3,1.4,1.9,1.3,1.1,0.9,0.9,
楠梓,2024/03/23 00:00:00,AMB_TEMP,24.1,24,23.3,23.1,22.8,23.2,24.4,25.6,27.6,29.3,30.4,31.1,31.3,31.6,31,30.7,30.1,28.8,27.8,27,26.7,26.5,26.4,26.3,
楠梓,2024/03/23 00:00:00,CH4,2.28,2.28,2.58,2.37,2.26,2.33,2.35,2.2,2.11,2.02,2.03,2.03,2.02,2.02,2.01,2.02,2.02,2.02,2.04,2.07,2.06,2.06,2.06,2.07,
楠梓,2024/03/23 00:00:00,CO,0.35,0.37,0.33,0.3,0.28,0.34,0.3,0.34,0.27,0.22,0.31,0.54,0.35,0.23,0.21,0.22,0.24,0.3,0.41,0.25,0.25,0.23,0.23,0.21,
楠梓,2024/03/23 00:00:00,NMHC,0.12,0.4,0.09,0.06,0.03,0.13,0.34,0.18,0.07,0.03,0.03,0.11,0,0.03,0,0.05,0.02,0.02,0.06,0.13,0.14,0.13,0.09,0.1,
楠梓,2024/03/23 00:00:00,NO,0.3,0.3,1.3,0.8,0.8,1.4,1.1,3.2,3,1.7,2,2.8,2.1,1.5,1.6,1.7,1.8,1.2,0.8,0.5,0.6,0.7,0.7,0.5,
楠梓,2024/03/23 00:00:00,NO2,21.9,20.3,19.7,17,15.3,25,19.9,19.6,13.4,8.9,9.5,12.2,9.4,7.6,8,8.8,10.9,13.3,18,12.4,10.9,9.9,9,8.6,
楠梓,2024/03/23 00:00:00,NOx,22.2,20.7,21.1,17.8,16.2,26.5,21,22.8,16.5,10.6,11.6,15,11.6,9.1,9.7,10.6,12.7,14.5,18.8,12.9,11.5,10.7,9.8,9.1,
楠梓,2024/03/23 00:00:00,O3,11.8,12.1,9.9,14.8,18.3,9.1,19.8,21.6,30.8,37.9,38,35.8,30.8,39.8,35.5,33.2,29.4,26.1,18.3,25.8,26.7,24.8,24.4,24,
楠梓,2024/03/23 00:00:00,PM10,42,32,39,33,34,35,38,40,47,59,84,83,79,63,36,40,40,44,44,52,42,39,35,42,
楠梓,2024/03/23 00:00:00,PM2.5,13,19,20,14,18,16,19,13,11,8,16,18,10,11,10,12,10,9,11,11,15,12,11,13,
楠梓,2024/03/23 00:00:00,RAINFALL,0,0,0,0,0,0,0,0,0,0,0,0,0,0,0,0,0,0,0,0,0,0,0,0,
楠梓,2024/03/23 00:00:00,RH,72,71,75,73,71,70,72,70,68,62,60,58,57,56,58,59,60,66,75,83,85,87,88,88,
楠梓,2024/03/23 00:00:00,SO2,1.8,1.7,1.5,1.6,1.7,2.6,5.3,4.6,2.5,1.8,2.3,4.7,4.1,2.7,2,1.9,2.1,2.3,3.9,2.1,1.4,1.4,1,1.1,
楠梓,2024/03/23 00:00:00,THC,2.4,2.68,2.67,2.43,2.29,2.46,2.69,2.38,2.18,2.05,2.06,2.14,2.02,2.05,2.01,2.07,2.04,2.04,2.1,2.2,2.2,2.19,2.15,2.17,
楠梓,2024/03/23 00:00:00,WD_HR,48,62,88,80,91,74,155,158,158,165,178,198,193,202,188,193,193,194,185,153,156,155,154,153,
楠梓,2024/03/23 00:00:00,WIND_DIREC,72,85,88,77,82,98,157,158,161,158,165,203,191,202,203,188,197,196,157,150,158,153,153,153,
楠梓,2024/03/23 00:00:00,WIND_SPEED,0.2,1.1,0.9,1.2,0.9,0.2,2.1,3.6,4.2,3.6,3.7,5,3.7,4.3,3.4,2.6,2.7,2.4,2.2,2.3,2.4,2.3,2.3,2.1,
楠梓,2024/03/23 00:00:00,WS_HR,0.5,0.2,0.9,1.2,1,0.7,1.5,2.6,3.4,3.5,3.2,3.8,3.9,3.9,3.3,2.8,2.6,2.5,2,2.1,2.2,2.4,2.3,2,
楠梓,2024/03/24 00:00:00,AMB_TEMP,26.2,26.1,26,25.5,25.1,24.7,24.6,26.3,28.4,30.1,31.8,32.9,33.7,33.7,33.3,32.8,31.8,29.9,28.5,28.1,27.7,27.5,27.1,27,
楠梓,2024/03/24 00:00:00,CH4,2.07,2.05,2.1,2.23,2.21,2.33,2.2,2.2,2.08,2.14,2.08,2.02,2.02,2.01,2.01,2.01,2.01,2.01,2.02,2.03,2.06,2.05,2.02,2.04,
楠梓,2024/03/24 00:00:00,CO,0.2,0.21,0.19,0.2,0.28,0.39,0.36,0.41,0.29,0.54,0.47,0.34,0.23,0.2,0.18,0.18,0.21,0.24,0.3,0.41,0.56,0.47,0.34,0.37,
楠梓,2024/03/24 00:00:00,NMHC,0.09,0.1,0.12,0.14,0.07,0.03,0.02,0.06,0.07,0.14,0.07,0.02,0.01,0,0,0,0,0.03,0.07,0.08,0.13,0.07,0,0.08,
楠梓,2024/03/24 00:00:00,NO,0.6,0.8,0.7,0.8,1.1,1.2,1.9,3.7,2.4,3.3,2.4,2.1,1.5,1.4,1.1,1.1,1.2,1.1,0.9,0.8,1.2,0.8,0.8,0.9,
楠梓,2024/03/24 00:00:00,NO2,8.7,9.2,8.5,9.4,12.7,13.2,12.7,13.6,9.7,14.4,12.4,8.6,7.2,6.3,4.5,4.5,6,8.8,13.9,18.2,21.4,19.4,14.2,14,
楠梓,2024/03/24 00:00:00,NOx,9.3,10.1,9.2,10.3,13.8,14.5,14.7,17.4,12.2,17.7,14.8,10.7,8.8,7.7,5.6,5.7,7.3,9.9,14.9,19.1,22.6,20.3,15.1,15,
楠梓,2024/03/24 00:00:00,O3,23.3,23.2,24.3,19.8,14.6,9.2,11.9,15.9,27.4,34.2,43.8,37.9,38.9,37.8,34.6,32.8,28.5,23.1,16.1,12.6,7,10.9,15.9,13.2,
楠梓,2024/03/24 00:00:00,PM10,36,37,30,28,31,39,43,42,36,47,42,29,37,23,22,32,28,34,38,34,42,51,41,37,
楠梓,2024/03/24 00:00:00,PM2.5,9,9,9,15,14,19,16,21,12,20,15,14,10,10,10,10,11,11,10,15,12,13,11,12,
楠梓,2024/03/24 00:00:00,RAINFALL,0,0,0,0,0,0,0,0,0,0,0,0,0,0,0,0,0,0,0,0,0,0,0,0,
楠梓,2024/03/24 00:00:00,RH,88,87,86,84,85,87,88,80,67,61,54,49,46,47,48,50,56,65,71,74,78,84,85,85,
楠梓,2024/03/24 00:00:00,SO2,1.4,0.5,0.3,1.6,1.4,0.6,0.6,0.8,1.7,3.8,3.7,3.3,1.7,0.8,0.4,0.3,0.3,0.5,0.6,1.1,2.9,2.8,2.3,1.9,
楠梓,2024/03/24 00:00:00,THC,2.16,2.15,2.22,2.37,2.28,2.36,2.22,2.26,2.15,2.28,2.15,2.04,2.03,1.98,1.97,1.98,1.98,2.04,2.09,2.11,2.19,2.12,2.01,2.12,
楠梓,2024/03/24 00:00:00,WD_HR,151,152,155,129,79,70,82,45,221,235,207,197,207,232,237,224,235,221,217,205,190,190,194,167,
楠梓,2024/03/24 00:00:00,WIND_DIREC,150,149,160,127,75,57,83,14,207,240,192,179,214,224,227,229,258,219,203,211,162,175,194,155,
楠梓,2024/03/24 00:00:00,WIND_SPEED,2.8,2.4,2.2,0.7,0.9,0.8,0.9,0.7,1.4,1.7,2.8,2.7,2.9,2.6,2.7,2.3,1.9,2.6,1.8,1.6,2,2.4,2.4,2.5,
楠梓,2024/03/24 00:00:00,WS_HR,2.3,2.4,1.9,0.5,0.7,0.7,0.8,0.9,1,1.1,1.9,2,2.1,2.6,2.4,2.2,1.8,2.1,1.8,1.6,1.5,2,2.6,1.6,
楠梓,2024/03/25 00:00:00,AMB_TEMP,26.8,26.7,26.6,26.5,26.3,26.1,25.9,26.8,28.7,30.1,31.6,32.2,33,33.3,32.9,32,30.9,29.6,28.3,27.7,27.7,27.2,26.7,26.1,
楠梓,2024/03/25 00:00:00,CH4,2.04,2.05,2.05,2.04,2.03,2.12,2.36,2.33,2.04,2.01,2.01,2.02,2.02,2.01,2.01,2.01,2.01,2,2,2.01,2.03,2.1,2.19,2.27,
楠梓,2024/03/25 00:00:00,CO,0.22,0.2,0.23,0.42,0.48,0.2,0.26,0.32,0.27,0.21,0.24,0.4,0.43,0.22,0.21,0.22,0.23,0.28,0.24,0.25,0.32,0.32,0.35,0.44,
楠梓,2024/03/25 00:00:00,NMHC,0.13,0.11,0.05,0.05,0.05,0.06,0.11,0.12,0.05,0.04,0.03,0.22,0.1,0.04,0.04,0.09,0.13,0.03,0,0.07,0.26,0.22,0.45,0.16,
楠梓,2024/03/25 00:00:00,NO,0.9,1.2,0.8,0.8,0.8,0.9,1.6,3.7,3.9,3.6,2.8,3,3.2,2.6,2.3,2.7,2,1.5,0.8,0.7,1,0.7,2.2,3,
楠梓,2024/03/25 00:00:00,NO2,13.6,13.8,11.7,11.4,12.7,10.9,13.2,13.8,12.7,10.6,8.7,10.9,11.4,9.3,8.5,9,9.4,11.4,7.8,8.7,14.8,12.5,14.8,18.9,
楠梓,2024/03/25 00:00:00,NOx,14.6,15,12.5,12.3,13.5,11.9,14.9,17.6,16.7,14.2,11.5,13.9,14.6,11.9,10.8,11.7,11.4,12.9,8.7,9.5,15.9,13.3,17.1,21.9,
楠梓,2024/03/25 00:00:00,O3,13.5,13.1,16.2,15.7,14.9,16.6,12.1,15.4,23.6,29.9,36.3,38.2,36.2,34.1,32.3,30.2,27.2,23.1,25,22.2,15.8,16.3,11.6,3.5,
楠梓,2024/03/25 00:00:00,PM10,35,35,31,31,32,33,39,43,51,59,50,66,72,52,58,61,43,43,33,36,37,42,40,50,
楠梓,2024/03/25 00:00:00,PM2.5,9,11,11,10,11,14,12,15,20,12,20,18,21,17,14,12,11,18,10,10,12,8,8,24,
楠梓,2024/03/25 00:00:00,RAINFALL,0,0,0,0,0,0,0,0,0,0,0,0,0,0,0,0,0,0,0,0,0,0,0,0,
楠梓,2024/03/25 00:00:00,RH,85,85,84,84,85,85,86,83,69,61,54,52,49,48,52,55,59,65,71,76,75,81,84,86,
楠梓,2024/03/25 00:00:00,SO2,0.9,1.3,1.4,2.5,3.2,1.7,1.5,1.9,1.5,1.3,1.5,3.2,3.9,2.3,0.8,1,0.9,0.8,0.5,0.7,0.9,0.7,0.8,0.7,
楠梓,2024/03/25 00:00:00,THC,2.17,2.16,2.1,2.09,2.08,2.18,2.47,2.45,2.09,2.05,2.04,2.24,2.12,2.05,2.05,2.1,2.14,2.03,1.98,2.08,2.29,2.32,2.64,2.43,
楠梓,2024/03/25 00:00:00,WD_HR,153,159,172,168,175,160,154,155,177,173,187,195,206,211,219,216,218,233,221,210,227,319,20,68,
楠梓,2024/03/25 00:00:00,WIND_DIREC,158,165,171,178,183,161,147,161,192,171,192,198,210,225,213,227,218,241,227,204,231,324,74,60,
楠梓,2024/03/25 00:00:00,WIND_SPEED,1.3,1.7,2.8,2.2,1.9,2.2,1.9,2.2,3.3,3.9,3.5,3.7,3.8,2.9,2.8,3,2.5,1.9,1.6,1,1.2,0.6,0.8,0.8,
楠梓,2024/03/25 00:00:00,WS_HR,2,1.5,2,2.1,1.9,2.2,2.3,1.9,2.4,3,2.8,3.1,3.5,3.1,2.5,2.9,2.5,1.9,1.7,1,0.8,0.7,0.3,0.9,
楠梓,2024/03/26 00:00:00,AMB_TEMP,25.8,25.3,25.1,24.8,24.5,24.3,24.4,25.4,27.2,29.1,30.1,30.2,30.6,30.4,30.3,29.1,28.5,27.9,27.5,27.4,27.3,26.8,26.4,25.6,
楠梓,2024/03/26 00:00:00,CH4,2.24,2.26,2.27,2.35,2.28,2.36,2.33,2.33,2.13,2.13,2.08,2.06,2.03,2.02,2.03,2.02,2.02,2.05,2.09,2.12,2.22,2.26,2.3,2.34,
楠梓,2024/03/26 00:00:00,CO,0.34,0.35,0.33,0.33,0.26,0.31,0.34,0.44,0.35,0.33,0.27,0.19,0.17,0.16,0.17,0.17,0.22,0.27,0.35,0.36,0.51,0.44,0.47,0.5,
楠梓,2024/03/26 00:00:00,NMHC,0.1,0.13,0.13,0.12,0.03,0.07,0.07,0.13,0.03,0.04,0.03,0,0,0,0,0,0.03,0.08,0.27,0.65,0.15,0.06,0.08,0.08,
楠梓,2024/03/26 00:00:00,NO,2.2,2,1.7,6.3,3.4,5.6,12.1,14.6,6.5,3.2,2.3,1.1,0.8,0.7,0.8,0.8,0.8,0.4,0.3,0.5,0.4,0.5,0.4,0.4,
楠梓,2024/03/26 00:00:00,NO2,18.7,17.3,14.4,16.8,17.9,18.8,18.2,16.6,12,11.6,10.2,7.1,4.7,4.1,4,4.4,5.5,7.3,8.9,11.1,14.3,12.3,12.8,12.7,
楠梓,2024/03/26 00:00:00,NOx,21,19.4,16.1,23.2,21.3,24.5,30.4,31.3,18.5,14.8,12.6,8.2,5.5,4.8,4.9,5.2,6.3,7.7,9.2,11.7,14.7,12.9,13.3,13.1,
楠梓,2024/03/26 00:00:00,O3,3.5,2.7,5.9,2.5,3.4,0.6,2.3,8.2,20.5,31.4,37.2,41.4,42.4,41,39.7,38.1,42,47.1,48.8,45.4,51.8,52.5,43,36.6,
楠梓,2024/03/26 00:00:00,PM10,40,36,58,42,35,31,38,50,62,126,66,59,49,44,42,50,44,44,49,49,74,65,69,71,
楠梓,2024/03/26 00:00:00,PM2.5,14,13,13,21,14,15,17,23,25,37,27,26,19,15,20,19,19,20,22,21,31,31,30,29,
楠梓,2024/03/26 00:00:00,RAINFALL,0,0,0,0,0,0,0,0,0,0,0,0,0,0,0,0,0,0,0,0,0,0,0,0,
楠梓,2024/03/26 00:00:00,RH,86,88,88,89,89,89,87,85,80,69,66,69,66,65,64,67,66,67,70,71,72,69,72,74,
楠梓,2024/03/26 00:00:00,SO2,0.8,1.8,1.4,1.4,1.5,1.4,1.6,2.2,2.6,2.4,2.4,1.9,1.7,1.7,1.7,1.8,1.7,1.8,1.8,1.8,2.1,2.1,2.1,2.4,
楠梓,2024/03/26 00:00:00,THC,2.34,2.39,2.4,2.47,2.31,2.43,2.4,2.46,2.16,2.17,2.11,2.06,2.01,2,2,1.99,2.05,2.13,2.36,2.77,2.37,2.32,2.38,2.42,
楠梓,2024/03/26 00:00:00,WD_HR,67,65,54,73,71,35,44,45,16,341,311,269,271,270,255,281,280,280,284,303,3,348,359,325,
楠梓,2024/03/26 00:00:00,WIND_DIREC,88,55,71,103,60,347,42,51,10,343,272,280,252,277,251,275,283,307,320,306,26,322,324,307,
楠梓,2024/03/26 00:00:00,WIND_SPEED,0.6,1.2,0.5,0.9,0.6,0.3,1.1,1.7,1.7,1.6,2.2,2.9,2.6,2.8,2.4,2.6,2.3,1.2,0.9,1.2,1.5,1.1,1,1.1,
楠梓,2024/03/26 00:00:00,WS_HR,0.5,1,0.8,0.7,0.6,0.2,0.7,1.3,1,0.9,1.2,2.2,2.4,2.2,2.2,2.1,2.1,1.4,0.8,0.9,1,0.9,0.7,0.9,
楠梓,2024/03/27 00:00:00,AMB_TEMP,25.3,24.5,23.9,23.2,22.6,22.3,22.3,22.8,23.9,25.8,28,29.9,30.6,30.4,30.5,30.1,28.9,28.1,27,26.6,26.4,26,25.5,25.5,
楠梓,2024/03/27 00:00:00,CH4,2.35,2.43,2.39,2.36,2.39,2.35,2.37,2.42,2.44,2.42,2.31,2.18,2.12,2.08,2.08,2.07,2.05,2.05,2.05,2.06,2.07,2.09,2.09,2.11,
楠梓,2024/03/27 00:00:00,CO,0.52,0.57,0.54,0.59,0.51,0.45,0.52,0.72,0.72,0.75,0.67,0.49,0.38,0.31,0.3,0.29,0.29,0.32,0.32,0.3,0.29,0.3,0.29,0.3,
楠梓,2024/03/27 00:00:00,NMHC,0.1,0.11,0.11,0.1,0.07,0.07,0.08,0.12,0.13,0.1,0.12,0.07,0.04,0.01,0.02,0.01,0.03,0.01,0,0,0,0.01,0,0.02,
楠梓,2024/03/27 00:00:00,NO,0.6,0.6,0.5,0.4,0.3,0.3,1.2,3.6,5.7,6,4.8,2.1,0.7,0.5,0.5,0.7,0.6,0.2,0.2,0.4,0.5,0.4,0.4,0.6,
楠梓,2024/03/27 00:00:00,NO2,13,15.4,18.9,16.1,16.1,14.2,16.6,19.7,20.5,20.8,20.5,13.8,8.5,6.6,6.2,6.1,5.4,6.2,6.6,6.3,5.9,6.5,6.3,7.6,
楠梓,2024/03/27 00:00:00,NOx,13.7,16.1,19.4,16.6,16.5,14.6,17.9,23.3,26.2,26.8,25.3,15.9,9.3,7.1,6.7,6.8,6.1,6.5,6.9,6.8,6.4,6.9,6.7,8.2,
楠梓,2024/03/27 00:00:00,O3,31.8,23.5,16.9,17.3,15.3,18.5,14.1,11.3,15.9,26,47.7,67.1,74.2,66.9,70.7,66.6,58.7,52,55.4,59,57.2,55.1,50.5,49.1,
楠梓,2024/03/27 00:00:00,PM10,76,69,58,61,53,48,51,70,67,102,83,67,63,45,48,40,40,40,33,31,36,35,36,41,
楠梓,2024/03/27 00:00:00,PM2.5,28,30,27,31,23,22,25,22,30,41,36,28,18,19,20,17,17,16,16,19,14,14,13,15,
楠梓,2024/03/27 00:00:00,RAINFALL,0,0,0,0,0,0,0,0,0,0,0,0,0,0,0,0,0,0,0,0,0,0,0,0,
楠梓,2024/03/27 00:00:00,RH,74,75,75,75,78,81,82,79,74,67,59,55,53,53,53,55,58,59,64,67,69,72,75,74,
楠梓,2024/03/27 00:00:00,SO2,3,1.8,1.9,2.1,2.1,1.5,1.5,2.2,3,4.1,3.5,2.6,1.9,1.4,1.5,1.4,1.1,0.9,1,1.1,1.3,1,0.9,0.8,
楠梓,2024/03/27 00:00:00,THC,2.45,2.54,2.5,2.46,2.46,2.42,2.45,2.54,2.57,2.52,2.43,2.25,2.16,2.09,2.1,2.08,2.08,2.06,2.05,2.04,2.05,2.1,2.09,2.13,
楠梓,2024/03/27 00:00:00,WD_HR,321,22,341,328,15,8,5,326,30,293,319,277,274,267,263,268,271,233,220,228,228,304,288,1,
楠梓,2024/03/27 00:00:00,WIND_DIREC,338,23,318,334,26,321,328,325,35,300,338,261,271,265,274,270,273,220,207,203,284,315,204,13,
楠梓,2024/03/27 00:00:00,WIND_SPEED,0.9,1,1.3,1.4,1.1,1,1.1,1.6,1.7,1.6,1.9,2,2.9,2.7,2.3,2.9,2.6,2.3,2.3,2,0.9,1.4,0.5,0.2,
楠梓,2024/03/27 00:00:00,WS_HR,1.1,0.9,1,1.2,1,0.8,0.6,0.9,1.1,0.8,1.3,1.5,2.1,2.4,2.2,2.5,2.4,1.9,1.9,1.5,0.9,1.2,0.4,0,
楠梓,2024/03/28 00:00:00,AMB_TEMP,25.2,24.1,24.3,24,24,24.1,24.6,26,27.5,29.4,29.7,30.5,30.1,28.6,28,28.9,30.1,27.9,26.6,26.4,26.3,26.1,25.7,25.4,
楠梓,2024/03/28 00:00:00,CH4,2.27,2.27,2.31,2.36,2.44,2.35,2.39,2.16,2.15,2.11,2.14,2.11,2.12,2.1,2.1,#,2.08,2.04,2.05,2.08,2.15,2.12,2.31,2.23,
楠梓,2024/03/28 00:00:00,CO,0.34,0.32,0.33,0.34,0.39,0.4,0.53,0.55,0.52,0.38,0.47,0.41,0.36,0.35,0.3,#,0.3,0.32,0.31,0.31,0.36,0.36,0.36,0.32,
楠梓,2024/03/28 00:00:00,NMHC,0.17,0.04,0.05,0.06,0.1,0.07,0.1,0.08,0.17,0.09,0.14,0.08,0.05,0.15,0.24,#,0.07,0.01,0.18,0.1,0.05,0.06,0.12,0.08,
楠梓,2024/03/28 00:00:00,NO,0.2,0.8,0.5,0.6,0.6,0.9,2.6,3.2,3.4,3.8,1.9,1.1,1,1,0.8,#,1.3,0.9,0.5,0.7,0.7,0.7,0.5,0.4,
楠梓,2024/03/28 00:00:00,NO2,13.3,13,11.6,13.1,15.2,16.7,28.7,17.5,21.7,15.7,14.5,10.8,9.4,10.2,12.2,#,12.5,11.7,8,10.8,15.4,13.8,16.6,14.7,
楠梓,2024/03/28 00:00:00,NOx,13.5,13.8,12.1,13.7,15.9,17.6,31.4,20.7,25.1,19.6,16.5,12,10.5,11.2,13.1,#,13.8,12.7,8.5,11.6,16.1,14.5,17.1,15.2,
楠梓,2024/03/28 00:00:00,O3,37.3,32.2,35.4,29.8,23.4,24.3,17.1,35.1,35.2,39.3,54.9,69.6,69.6,60.9,#,#,52.8,44.6,40.2,36.2,27.7,25.5,17.4,20.6,
楠梓,2024/03/28 00:00:00,PM10,49,39,42,42,44,49,51,47,62,45,67,67,60,55,62,#,57,38,38,43,38,37,40,36,
楠梓,2024/03/28 00:00:00,PM2.5,18,12,19,17,21,21,22,25,29,18,22,24,20,20,#,16,20,11,13,11,17,21,20,17,
楠梓,2024/03/28 00:00:00,RAINFALL,0,0,0,0,0,0,0,0,0,0,0,0,0,0,#,0,0,0,0,0,0,0,0,0,
楠梓,2024/03/28 00:00:00,RH,75,82,82,84,85,84,83,71,66,60,62,61,63,69,76,71,64,75,84,85,84,83,85,86,
楠梓,2024/03/28 00:00:00,SO2,1.2,1.8,2,1.8,1.9,2,2.1,2.8,5.3,4.7,4.4,3.7,3.4,3,2.2,#,2.2,1.9,1.8,1.7,2,1.9,2,1.7,
楠梓,2024/03/28 00:00:00,THC,2.44,2.31,2.36,2.42,2.54,2.42,2.49,2.24,2.32,2.2,2.28,2.19,2.17,2.25,2.34,#,2.15,2.05,2.23,2.18,2.2,2.18,2.43,2.31,
楠梓,2024/03/28 00:00:00,WD_HR,141,90,56,62,62,57,85,76,165,179,263,274,284,304,284,319,274,272,282,354,18,334,34,29,
楠梓,2024/03/28 00:00:00,WIND_DIREC,94,74,55,71,74,68,64,72,167,218,229,272,278,297,290,50,252,269,289,30,114,52,26,38,
楠梓,2024/03/28 00:00:00,WIND_SPEED,1.2,0.6,1.1,1,0.6,0.4,1,0.8,1.4,1,1.1,3,2,1.6,1.6,1.1,1.8,2.5,1.9,1.1,0.2,0.8,1.6,1.1,
楠梓,2024/03/28 00:00:00,WS_HR,0.5,0.8,0.5,1.1,0.6,0.9,0.8,0.9,1.2,1.1,1.5,1.5,2,1.8,1.3,0.3,0.4,2.2,1.5,0.8,0.6,0.9,1.1,1.3,
楠梓,2024/03/29 00:00:00,AMB_TEMP,25.1,24.8,24.7,24.5,24.3,24.1,23.9,24.6,25.7,26.9,28,29.5,29.7,30.1,29.6,29,28.1,27.3,26.9,26.6,26.5,26.4,26.3,26,
楠梓,2024/03/29 00:00:00,CH4,2.19,2.2,2.31,2.27,2.42,2.45,2.44,2.45,2.22,2.2,2.19,2.14,2.08,2.07,2.05,2.05,2.04,2.04,2.05,2.05,2.05,2.06,2.06,2.11,
楠梓,2024/03/29 00:00:00,CO,0.29,0.3,0.34,0.28,0.37,0.37,0.41,0.54,0.41,0.38,0.36,0.33,0.3,0.28,0.27,0.27,0.29,0.32,0.36,0.34,0.33,0.36,0.35,0.36,
楠梓,2024/03/29 00:00:00,NMHC,0.01,0.03,0.1,0.07,0.14,0.13,0.21,0.19,0.05,0.03,0.04,0.07,0.03,0.02,0.04,0.04,0.1,0.19,0.04,0.02,0,0.02,0.02,0.05,
楠梓,2024/03/29 00:00:00,NO,0.8,0.2,0,0,0,0.4,3.6,7,4.5,1.7,1.7,1.5,0.6,0.2,0.3,0.2,0,0.1,0,#,0,0,0,0,
楠梓,2024/03/29 00:00:00,NO2,11.7,12.5,13.4,13.1,16.3,20.4,22.4,21.5,15.5,12.2,12.4,12.2,8.7,7.1,7.6,8,8.4,8.2,9.8,*,11.9,12.3,11.1,11.9,
楠梓,2024/03/29 00:00:00,NOx,12.5,12.7,13.4,13,16.4,20.9,26.1,28.6,20,14,14.1,13.7,9.3,7.4,7.9,8.2,8.5,8.4,9.8,*,11.9,12.3,10.9,11.9,
楠梓,2024/03/29 00:00:00,O3,21,18.7,18.5,16.6,11.8,7.1,3.9,7.7,22.9,31.7,36.9,50.4,62.4,66.6,66.9,64.9,68.1,65.1,63.2,60.3,55.5,52.5,52.8,45,
楠梓,2024/03/29 00:00:00,PM10,36,33,41,33,44,41,47,54,50,63,59,68,56,51,52,41,44,47,42,41,38,38,36,40,
楠梓,2024/03/29 00:00:00,PM2.5,12,13,24,24,27,20,20,26,23,28,22,26,21,22,22,21,19,21,26,23,21,19,27,21,
楠梓,2024/03/29 00:00:00,RAINFALL,0,0,0,0,0,0,0,0,0,0,0,0,0,0,0,0,0,0,0,0,0,0,0,0,
楠梓,2024/03/29 00:00:00,RH,86,87,87,88,88,89,90,90,81,71,67,63,66,65,66,67,70,73,75,76,78,80,81,83,
楠梓,2024/03/29 00:00:00,SO2,1.8,1.2,2,1.5,2.1,1.4,1,1.6,1.7,1.5,1.3,1.3,1,1.1,1.3,1.3,1.6,1.4,1.1,1.2,0.9,0.9,1.2,1,
楠梓,2024/03/29 00:00:00,THC,2.2,2.23,2.41,2.34,2.56,2.58,2.65,2.64,2.27,2.23,2.23,2.21,2.11,2.09,2.09,2.09,2.14,2.23,2.09,2.07,2.05,2.08,2.08,2.16,
楠梓,2024/03/29 00:00:00,WD_HR,32,341,12,22,16,9,18,15,20,325,333,348,271,275,265,278,284,290,270,233,216,225,217,153,
楠梓,2024/03/29 00:00:00,WIND_DIREC,32,319,33,335,43,32,338,9,42,326,27,266,273,279,277,287,278,272,275,225,215,229,216,72,
楠梓,2024/03/29 00:00:00,WIND_SPEED,1.1,1.2,0.8,0.8,1.3,1.7,0.8,1.3,1.8,1.9,2.1,2.5,2.2,2.7,2.3,2.2,2.2,1.6,1,1.2,1.8,0.9,1,0.5,
楠梓,2024/03/29 00:00:00,WS_HR,0.9,0.4,0.8,0.3,0.5,0.8,0.7,0.8,1.3,1.1,1,0.5,1.8,2,1.8,1.6,1.8,1.3,1.2,1.3,1.2,1,0.9,0.2,
楠梓,2024/03/30 00:00:00,AMB_TEMP,25.6,25.5,25.4,25.1,24.7,24.8,25,25.6,27.3,28.9,29.9,30.6,31.1,31.7,30.8,30,29.2,28.3,27.7,27.3,26.9,26.7,26.5,26.2,
楠梓,2024/03/30 00:00:00,CH4,2.25,2.28,2.35,2.26,2.39,2.32,2.18,2.19,2.09,2.05,2.04,2.05,2.07,2.05,2.03,2.03,2.03,2.03,2.04,2.05,2.04,2.06,2.12,2.25,
楠梓,2024/03/30 00:00:00,CO,0.47,0.48,0.44,0.37,0.34,0.32,0.36,0.45,0.36,0.31,0.29,0.3,0.38,0.34,0.26,0.25,0.25,0.27,0.32,0.32,0.31,0.31,0.33,0.43,
楠梓,2024/03/30 00:00:00,NMHC,0.08,0.14,0.1,0.03,0.01,0,0.03,0.05,0.13,0.04,0.03,0.02,0.04,0.03,0,0,0,0,0,0,0.04,0.08,0.02,0.08,
楠梓,2024/03/30 00:00:00,NO,0.1,0.3,0.3,0,0.1,0,0.1,2.1,1.5,0.8,0.8,0.8,0.9,0.7,0.4,0.6,0.6,0.4,0,0.1,0.2,0,0.1,0.2,
楠梓,2024/03/30 00:00:00,NO2,16.6,15.6,14,13.5,11.8,12.6,15,21.6,11.1,7.8,7.8,8.1,10.6,8.7,6.2,5.9,7,7,7.7,8.3,8.2,7.8,10.4,16.7,
楠梓,2024/03/30 00:00:00,NOx,16.7,15.9,14.4,13.5,12,12.7,15.1,23.8,12.6,8.6,8.7,9,11.6,9.5,6.6,6.5,7.6,7.4,7.7,8.4,8.4,7.8,10.5,16.9,
楠梓,2024/03/30 00:00:00,O3,32.3,27.6,26.3,26.1,26.3,27,27.5,22.9,38.9,46.5,50.1,54.4,61.4,58.8,48.4,46.2,40.2,37.1,37.4,33.3,32.9,31.8,25.8,15.9,
楠梓,2024/03/30 00:00:00,PM10,54,49,50,52,51,46,45,52,48,40,41,34,40,37,31,29,35,29,29,30,34,34,28,30,
楠梓,2024/03/30 00:00:00,PM2.5,29,36,25,26,22,26,23,26,27,21,19,15,23,22,13,18,12,10,11,9,13,15,15,15,
楠梓,2024/03/30 00:00:00,RAINFALL,0,0,0,0,0,0,0,0,0,0,0,0,0,0,0,0,0,0,0,0,0,0,0,0,
楠梓,2024/03/30 00:00:00,RH,84,85,86,87,89,89,88,86,78,68,63,62,59,58,61,63,65,70,76,81,85,87,87,88,
楠梓,2024/03/30 00:00:00,SO2,1.5,1.6,1.5,1.2,0.9,0.7,0.9,1,1.8,1.1,0.6,0.9,1.9,1.9,0.9,0.8,0.6,0.3,0.4,0.4,0.5,0.4,0.5,0.6,
楠梓,2024/03/30 00:00:00,THC,2.33,2.42,2.45,2.29,2.4,2.32,2.21,2.24,2.22,2.09,2.07,2.07,2.11,2.08,2.02,2.03,2.01,2.01,2.04,2.05,2.08,2.14,2.14,2.33,
楠梓,2024/03/30 00:00:00,WD_HR,85,30,72,76,85,73,80,65,266,220,247,262,225,231,243,263,240,247,260,277,308,285,171,92,
楠梓,2024/03/30 00:00:00,WIND_DIREC,16,35,71,88,85,56,76,50,241,228,271,271,222,247,237,260,239,266,253,288,305,214,179,69,
楠梓,2024/03/30 00:00:00,WIND_SPEED,0.3,0.4,1.3,1.4,0.8,1.9,1,0.8,1,2.1,2.1,2.2,2.1,2.6,2.1,2.5,1.9,1.6,1.1,1.5,0.6,0.4,0.6,0.4,
楠梓,2024/03/30 00:00:00,WS_HR,0.5,0.4,0.7,1.1,1.4,1.1,0.8,1.7,0.4,1.5,1.3,1.7,2.1,2.1,2.2,2,1.9,1.3,0.7,0.7,0.7,0.7,0.3,0.5,
楠梓,2024/03/31 00:00:00,AMB_TEMP,25.6,25.2,24.7,24.6,24.5,24.7,25.3,27.3,29.3,30.6,31.3,31.8,32.2,32.3,31.9,31.1,30.3,29.9,29,27.9,27.5,27.4,27.2,27.2,
楠梓,2024/03/31 00:00:00,CH4,2.33,2.42,2.45,2.35,2.34,2.25,2.19,2.16,2.05,2.03,2.01,2,1.98,1.98,1.98,1.98,1.97,1.99,2,2.01,1.99,2,2,2.02,
楠梓,2024/03/31 00:00:00,CO,0.39,0.37,0.33,0.35,0.36,0.39,0.42,0.65,0.33,0.26,0.21,0.18,0.18,0.17,0.16,0.15,0.15,0.18,0.2,0.2,0.18,0.19,0.2,0.18,
楠梓,2024/03/31 00:00:00,NMHC,0.07,0.04,0,0.02,0.04,0.04,0.24,0.21,0.06,0.03,0,0,0,0,0,0.01,0,0,0,0.22,0.07,0.04,0.1,0.15,
楠梓,2024/03/31 00:00:00,NO,0.2,0.9,0.4,0.3,0.2,0.5,1.3,3,2.6,2,1.3,0.6,0.7,1,0.8,0.5,0.4,0.8,0.7,0.5,0.5,0.3,0.3,0.1,
楠梓,2024/03/31 00:00:00,NO2,16.4,13.7,10.5,10.2,9.7,10.1,13.9,15.6,9.9,8.4,6.2,4.4,3.9,4.4,4.2,3.8,3.8,5.3,8.4,7.1,7.6,7.6,6.5,6.5,
楠梓,2024/03/31 00:00:00,NOx,16.7,14.6,11,10.5,10,10.6,15.3,18.6,12.6,10.4,7.5,5,4.6,5.5,5,4.3,4.3,6.1,9.2,7.7,8.2,8,6.9,6.6,
楠梓,2024/03/31 00:00:00,O3,15.6,16.5,16.7,15.4,13.1,14.3,12.8,18.2,25.5,29.1,29.3,34.8,33.6,32.9,30.5,24.3,19.4,16.3,11.7,14.6,15.5,16.1,16.2,14.8,
楠梓,2024/03/31 00:00:00,PM10,35,36,33,38,40,33,42,49,35,31,29,23,21,21,19,19,18,16,24,23,17,18,19,23,
楠梓,2024/03/31 00:00:00,PM2.5,15,23,19,21,18,17,20,27,17,17,15,8,9,14,9,13,10,10,11,11,10,7,9,11,
楠梓,2024/03/31 00:00:00,RAINFALL,0,0,0,0,0,0,0,0,0,0,0,0,0,0,0,0,0,0,0,0,0,0,0,0,
楠梓,2024/03/31 00:00:00,RH,89,92,93,92,92,90,87,78,67,62,57,56,54,53,53,55,60,61,66,75,82,84,86,85,
楠梓,2024/03/31 00:00:00,SO2,1.1,3.7,1.8,1.3,1.4,1.4,1.8,4.9,3.9,1.9,1.9,1.1,1.1,1.1,1.1,1.1,1.3,1.3,1.1,1.2,1.2,1.1,1,1,
楠梓,2024/03/31 00:00:00,THC,2.4,2.46,2.45,2.37,2.38,2.29,2.43,2.37,2.11,2.06,1.99,1.96,1.95,1.94,1.97,1.99,1.95,1.97,1.98,2.23,2.06,2.04,2.1,2.17,
楠梓,2024/03/31 00:00:00,WD_HR,101,83,65,59,91,90,211,204,206,204,262,271,270,277,270,285,279,260,275,288,290,311,305,309,
楠梓,2024/03/31 00:00:00,WIND_DIREC,106,53,70,60,107,96,198,190,178,230,285,275,280,281,285,288,233,279,277,292,277,320,322,329,
楠梓,2024/03/31 00:00:00,WIND_SPEED,0.6,1.2,1.1,1.7,1,0.2,1.1,1.8,2.1,1.9,3,2.3,3,2.9,2.8,3.2,1.4,1.3,1.7,1.5,1.3,1.1,0.4,1.4,
楠梓,2024/03/31 00:00:00,WS_HR,0.8,0.8,1,1.2,0.9,0.4,1.2,1.9,1.9,1.8,1.6,2.2,2.1,2.5,2.2,2.5,1.7,0.9,1.2,1.2,1,1.1,0.8,0.7,
楠梓,2024/04/01 00:00:00,AMB_TEMP,27.2,27.1,26.9,26.8,26.7,25.2,23.6,24.3,25.6,26.1,29,32.1,32.4,31.4,31.1,31,30.8,29.8,28.9,28.5,28.6,28,27.6,27.3,
楠梓,2024/04/01 00:00:00,CH4,2.03,2.07,2.03,2.08,2.18,2.06,2.01,2.04,2.08,2.07,1.99,1.99,2.01,2,1.99,1.98,1.99,2,2.01,2.01,2.07,2.1,2.11,2.11,
楠梓,2024/04/01 00:00:00,CO,0.15,0.14,0.14,0.15,0.2,0.17,0.23,0.32,0.54,0.33,0.24,0.23,0.3,0.26,0.21,0.21,0.24,0.31,0.32,0.33,0.39,0.36,0.34,0.37,
楠梓,2024/04/01 00:00:00,NMHC,0.16,0.62,0.08,0,0.03,0.01,0,0,0.1,0.05,0,0.03,0.03,0,0,0,0.03,0.03,0.02,0.03,0.13,0.14,0.14,0.76,
楠梓,2024/04/01 00:00:00,NO,0.5,0.8,0.8,1,1,1,0.9,1.5,2.7,6.7,4.3,2.1,2,1.2,1.9,1.6,1.6,1.3,0.9,1,1.1,0.9,0.8,0.8,
楠梓,2024/04/01 00:00:00,NO2,5.6,6,4.5,4.5,8.4,6.6,9.7,13.9,23.3,21.7,9.3,8.7,10.5,8.2,8.1,7.4,8.8,12.5,11.8,10,17.2,18.8,15.9,14.7,
楠梓,2024/04/01 00:00:00,NOx,6.2,6.9,5.4,5.6,9.5,7.6,10.7,15.5,26,28.4,13.6,10.9,12.5,9.5,10.1,9,10.5,13.9,12.8,11,18.3,19.8,16.7,15.6,
楠梓,2024/04/01 00:00:00,O3,12.8,11,12.4,11,6.1,22.4,33,32.4,22.8,19.9,37.4,48.1,62.6,58.9,42.7,35.2,36.1,35.5,41.5,40.2,27.8,26,27.3,21.6,
楠梓,2024/04/01 00:00:00,PM10,20,24,22,17,30,27,13,14,35,34,32,33,46,46,40,#,39,21,22,22,31,32,33,31,
楠梓,2024/04/01 00:00:00,PM2.5,8,7,7,8,14,9,8,6,7,8,11,14,13,11,#,12,16,14,12,9,11,11,10,10,
楠梓,2024/04/01 00:00:00,RAINFALL,0,0,0,0,0,0,0,0,0,0,0,0,0,0,0,0,0,0,0,0,0,0,0,0,
楠梓,2024/04/01 00:00:00,RH,83,83,84,85,85,87,86,82,73,74,63,52,56,60,61,60,59,63,65,67,65,71,74,75,
楠梓,2024/04/01 00:00:00,SO2,0.9,1.7,1.7,1.8,2,1.5,1.7,1.8,2.3,2.5,2.3,2.5,#,1.9,1.2,0.9,0.8,0.8,0.8,0.8,1.1,1.2,1.3,1,
楠梓,2024/04/01 00:00:00,THC,2.19,2.69,2.11,2.07,2.21,2.07,1.99,2.04,2.18,2.12,1.99,2.02,2.04,1.98,1.96,1.97,2.02,2.03,2.03,2.04,2.2,2.24,2.25,2.87,
楠梓,2024/04/01 00:00:00,WD_HR,294,293,298,338,86,39,65,82,355,68,90,196,291,247,249,249,220,238,233,216,165,42,61,341,
楠梓,2024/04/01 00:00:00,WIND_DIREC,284,297,320,2,238,64,102,56,29,90,124,192,279,234,246,249,220,244,230,202,75,60,50,44,
楠梓,2024/04/01 00:00:00,WIND_SPEED,1,0.8,1.2,0.8,0.4,3.1,1.4,0.9,2.1,2,2.1,1.2,3.5,3.9,2.6,2,2.4,1.2,1.4,0.9,0.8,1,0.2,0.6,
楠梓,2024/04/01 00:00:00,WS_HR,0.4,1,0.7,0.7,0.2,1.9,2.3,1.3,0.7,1.5,1.6,1,2.4,2.7,2.2,1.9,2.1,1.3,1.3,1.1,0.4,1.1,0.7,0.4,
楠梓,2024/04/02 00:00:00,AMB_TEMP,26.8,26.4,26,25.8,25.3,24.9,25.4,27,28.9,30.3,32.3,33.5,33.9,33.4,32.5,32,31.2,30.1,29.2,28.6,28.3,28.2,28.1,28,
楠梓,2024/04/02 00:00:00,CH4,2.32,2.2,2.42,2.48,2.59,2.35,2.22,2.18,2.12,2.15,2.13,2,1.99,1.97,1.96,1.97,1.96,1.96,1.98,1.99,1.99,1.99,2,2.02,
楠梓,2024/04/02 00:00:00,CO,0.36,0.32,0.45,0.47,0.5,0.39,0.42,0.42,0.41,0.55,0.35,0.28,0.33,0.19,0.17,0.18,0.19,0.23,0.34,0.28,0.26,0.22,0.33,0.41,
楠梓,2024/04/02 00:00:00,NMHC,0.11,0.06,0.16,1.12,0.15,0.07,0.07,0.04,0.14,0.11,0.09,0.05,0.05,0.01,0.01,0.03,0.04,0.05,0.09,0.17,0.1,0.32,0.13,0.43,
楠梓,2024/04/02 00:00:00,NO,1.2,0.5,4.9,9.8,21.9,13.5,21.6,12.1,5.5,4.3,2,1.1,2.8,2.5,2.1,2.5,2.9,2.4,2.2,1,0.6,0.3,0.5,0.6,
楠梓,2024/04/02 00:00:00,NO2,19.5,16.7,23.8,29.1,25.7,23.8,20.3,14,16.9,19.5,15,10.4,11,7.9,6.7,8,9.7,11.4,16.3,13.6,10.7,10.3,12.9,15.1,
楠梓,2024/04/02 00:00:00,NOx,20.7,17.3,28.8,38.9,47.7,37.3,41.9,26.1,22.4,23.9,17,11.5,13.8,10.5,8.8,10.5,12.6,13.8,18.5,14.6,11.3,10.7,13.4,15.8,
楠梓,2024/04/02 00:00:00,O3,10.5,16.6,2.7,0,#,0.2,0.9,7.4,21.5,43.4,73,54.3,32.3,27.2,25.1,21,17.8,13.3,6.3,10.8,17.2,18.2,12.3,8.9,
楠梓,2024/04/02 00:00:00,PM10,27,26,31,31,29,30,35,40,46,48,55,53,58,62,71,50,47,33,27,29,28,24,26,26,
楠梓,2024/04/02 00:00:00,PM2.5,11,10,18,13,15,15,21,18,18,25,17,19,13,10,10,8,10,9,10,9,8,11,7,4,
楠梓,2024/04/02 00:00:00,RAINFALL,0,0,0,0,0,0,0,0,0,0,0,0,0,0,0,0,0,0,0,0,0,0,0,0,
楠梓,2024/04/02 00:00:00,RH,79,81,80,81,83,86,84,74,67,61,54,51,51,55,58,60,61,65,75,81,81,80,80,81,
楠梓,2024/04/02 00:00:00,SO2,1,1.4,1.8,1.8,1.8,1.6,1.7,2,3.9,7.3,4.6,2.7,4.1,1.6,1.4,1.5,1.4,1.4,3.1,2.4,2.1,1.9,2.2,3.4,
楠梓,2024/04/02 00:00:00,THC,2.43,2.26,2.58,3.6,2.74,2.42,2.29,2.22,2.26,2.26,2.22,2.05,2.04,1.98,1.97,2,2,2.01,2.07,2.16,2.09,2.31,2.13,2.45,
楠梓,2024/04/02 00:00:00,WD_HR,54,54,80,68,79,84,80,80,180,170,177,199,199,215,216,206,206,198,165,155,153,156,183,161,
楠梓,2024/04/02 00:00:00,WIND_DIREC,56,55,93,99,90,71,101,75,177,159,205,168,201,221,203,209,199,204,158,152,152,167,179,156,
楠梓,2024/04/02 00:00:00,WIND_SPEED,0.7,1.2,0.5,0.7,0.4,0.7,1,1.5,1.1,1.7,3,2.8,3.2,3,4.4,3.5,2.3,2.2,2.7,2.5,2.7,1.7,1.7,1.4,
楠梓,2024/04/02 00:00:00,WS_HR,0.8,0.8,0.4,0.2,0.7,0.6,0.9,1.3,0.9,1.7,1.7,2.2,2.8,3,3.5,3,2.6,2.8,2.2,2.4,2.7,2.5,1.2,1.4,
楠梓,2024/04/03 00:00:00,AMB_TEMP,27.6,26.9,26.6,26.1,26.3,26.2,26.5,27.6,29.6,31.1,32.9,34,33.8,33.7,33.3,32.4,31,29.4,28.6,28.1,27.7,27.5,27.4,26.8,
楠梓,2024/04/03 00:00:00,CH4,2.02,2.03,2.14,2.12,2.08,2.15,2.12,2.12,2,2,1.99,1.98,1.97,1.96,1.96,1.96,1.96,1.95,1.96,1.96,1.99,1.99,2.01,2.15,
楠梓,2024/04/03 00:00:00,CO,0.16,0.14,0.14,0.15,0.18,0.22,0.24,0.33,0.2,0.23,0.19,0.17,0.15,0.12,0.12,0.14,0.15,0.17,0.19,0.2,0.18,0.19,0.21,0.28,
楠梓,2024/04/03 00:00:00,NMHC,0.07,0,0,0,0,0.07,0.09,0.07,0,0.11,0.05,0,0,0,0,0,0,0,0,0.1,0.07,0.36,0.68,0.29,
楠梓,2024/04/03 00:00:00,NO,0.7,0.8,0.6,0.5,0.9,1.1,4.2,5.8,2.2,1.8,1.6,1.3,1.4,1.1,1.2,1.5,1.2,0.6,0.6,0.3,0.3,0.4,0,0.7,
楠梓,2024/04/03 00:00:00,NO2,10.1,9,9.4,10.3,13.9,15.3,17,17.4,6.3,10,10.1,7.2,6.5,5.4,4.9,5.8,6.4,6.3,6.9,8.6,6.5,7.4,8.5,12.5,
楠梓,2024/04/03 00:00:00,NOx,10.9,9.9,10,10.8,14.9,16.4,21.2,23.2,8.6,11.9,11.7,8.5,7.9,6.5,6.1,7.4,7.6,6.9,7.5,8.9,6.8,7.9,8.5,13.3,
楠梓,2024/04/03 00:00:00,O3,11.5,13,12.1,10.9,7.9,4.5,3.6,13.6,29.9,40.7,45.9,36.2,32,25.6,23.1,21.6,23.3,23.8,20.1,17.9,19.4,16.3,14.4,8.9,
楠梓,2024/04/03 00:00:00,PM10,24,26,24,25,24,31,41,45,47,74,94,65,58,32,36,38,45,44,40,39,38,42,38,47,
楠梓,2024/04/03 00:00:00,PM2.5,2,5,9,7,7,15,15,28,30,40,41,35,31,22,22,25,25,29,26,28,33,32,27,32,
楠梓,2024/04/03 00:00:00,RAINFALL,0,0,0,0,0,0,0,0,0,0,0,0,0,0,0,0,0,0,0,0,0,0,0,0,
楠梓,2024/04/03 00:00:00,RH,85,88,89,89,88,88,86,79,68,60,52,47,50,47,49,52,57,67,71,73,78,80,81,83,
楠梓,2024/04/03 00:00:00,SO2,2.3,1.2,0.6,0.5,0.5,0.6,0.5,1.2,3.9,3.6,3,2.2,1.8,1.3,1.3,1.1,1,1.2,1.1,0.9,1,0.8,0.8,0.7,
楠梓,2024/04/03 00:00:00,THC,2.09,2.02,2.12,2.08,2.06,2.22,2.21,2.19,1.99,2.11,2.04,1.97,1.94,1.93,1.92,1.93,1.92,1.91,1.93,2.06,2.06,2.35,2.69,2.44,
楠梓,2024/04/03 00:00:00,WD_HR,140,85,77,99,67,54,43,50,84,202,226,238,260,274,276,263,269,264,281,315,310,329,292,55,
楠梓,2024/04/03 00:00:00,WIND_DIREC,94,83,72,58,67,65,36,49,108,210,199,243,260,278,274,258,285,271,267,323,324,327,275,62,
楠梓,2024/04/03 00:00:00,WIND_SPEED,1.5,1.3,1,0.5,0.7,0.3,1.3,1.1,1.4,1.6,2.1,2.6,2.7,3,2.5,2.2,2.7,1.4,1,1.3,0.7,0.6,0.8,1.3,
楠梓,2024/04/03 00:00:00,WS_HR,1.6,1.3,1.1,0.8,0.8,0.7,0.9,1.2,0.6,0.7,1.5,2,2.2,2.1,2.5,1.9,1.7,1.3,0.8,0.8,1.1,0.7,0.4,1,
楠梓,2024/04/04 00:00:00,AMB_TEMP,26.2,25.9,25.7,25.4,25.3,24.9,25.2,26.8,29,30.8,32.8,33.8,32.9,32.5,31.9,31.1,30.3,29.1,28.2,27.9,27.8,27.7,27.2,26.8,
楠梓,2024/04/04 00:00:00,CH4,2.14,2.13,2.11,2.13,2.3,2.31,2.31,2.14,2.04,1.98,1.97,2.01,1.98,1.98,1.98,1.95,1.95,1.95,1.95,1.96,1.98,2,2.1,2.16,
楠梓,2024/04/04 00:00:00,CO,0.22,0.19,0.18,0.19,0.29,0.3,0.32,0.29,0.18,0.14,0.12,0.17,0.16,0.15,0.16,0.13,0.14,0.15,0.16,0.16,0.16,0.17,0.2,0.2,
楠梓,2024/04/04 00:00:00,NMHC,0.1,0.05,0.02,0.04,0.12,0.1,0.08,0.05,0,0,0,0.06,0,0,0,0,0,0.13,0.09,0.29,0.25,0.17,0,0,
楠梓,2024/04/04 00:00:00,NO,0.7,0.4,0,0.4,4.2,6.1,8.9,5,2.2,0.7,0.3,0.7,0.7,0.5,0.3,0.3,0.2,0,0.2,0.1,0,0,0,0.2,
楠梓,2024/04/04 00:00:00,NO2,12.8,11.4,9.9,12.7,14.4,16.6,16.2,13.1,8,4.6,4,6,5.8,4,4.7,5,4.1,4.2,4.8,4.7,5,5.3,7.2,9.6,
楠梓,2024/04/04 00:00:00,NOx,13.5,11.8,9.9,13.2,18.6,22.8,25.2,18.2,10.2,5.4,4.4,6.8,6.5,4.5,5,5.3,4.4,4.1,5.1,4.9,5,5.1,7.2,9.8,
楠梓,2024/04/04 00:00:00,O3,6.1,8.4,8.8,4.6,2.4,1.7,2.7,13.4,23.2,29.3,31.6,43.8,40.1,44,45.1,37.7,32.4,32.2,33.1,34.7,33.9,29.6,20.1,17.3,
楠梓,2024/04/04 00:00:00,PM10,47,45,42,35,40,36,38,38,31,26,29,40,44,38,44,38,43,34,44,40,32,38,42,45,
楠梓,2024/04/04 00:00:00,PM2.5,39,35,32,25,28,27,25,30,24,23,17,24,26,25,24,27,28,29,22,30,30,30,28,29,
楠梓,2024/04/04 00:00:00,RAINFALL,0,0,0,0,0,0,0,0,0,0,0,0,0,0,0,0,0,0,0,0,0,0,0,0,
楠梓,2024/04/04 00:00:00,RH,85,85,84,83,83,83,78,69,59,53,45,47,51,52,57,60,64,69,75,76,76,75,83,85,
楠梓,2024/04/04 00:00:00,SO2,0.6,1.5,1.7,1.7,1.8,1.5,1.8,1.8,1.8,2,1.9,2.9,3.4,2.5,2.1,1.8,2,2.2,1.9,1.8,1.7,1.7,1.7,1.6,
楠梓,2024/04/04 00:00:00,THC,2.24,2.18,2.13,2.17,2.42,2.41,2.39,2.19,2.03,1.93,1.93,2.07,1.96,1.98,1.94,1.9,1.91,2.08,2.04,2.25,2.23,2.17,2.09,2.15,
楠梓,2024/04/04 00:00:00,WD_HR,52,52,52,64,65,79,59,54,45,51,304,270,263,242,271,270,272,281,306,290,289,311,32,35,
楠梓,2024/04/04 00:00:00,WIND_DIREC,51,51,70,58,86,79,50,41,38,353,335,277,283,247,265,280,273,284,309,313,288,338,28,47,
楠梓,2024/04/04 00:00:00,WIND_SPEED,1.6,1.9,0.9,0.5,0.3,1.1,1.2,1,2.1,1.3,1.2,2.6,2.6,2.5,2,2.4,2.2,2,1.4,1.3,2,1.2,1.3,1.9,
楠梓,2024/04/04 00:00:00,WS_HR,1.6,1.8,1.1,0.7,0.7,0.8,1,0.8,1.4,1.2,1,1.6,2.1,2.3,2.4,1.9,1.9,1.8,1.3,0.9,1.2,1,1.2,1.6,
楠梓,2024/04/05 00:00:00,AMB_TEMP,26,25.4,24.4,23.7,23.6,23.7,24.6,27.1,29.3,31.4,33.1,32.3,31.6,31.8,31,30.2,29.5,29.2,27.3,26.1,25.6,25.4,25.5,25,
楠梓,2024/04/05 00:00:00,CH4,2.15,2.15,2.11,2.1,2.09,2.13,2.16,2.13,2.03,2.02,2.02,2.04,2.04,2.01,2.02,2,1.99,2.03,2.11,2.12,2.14,2.13,2.15,2.21,
楠梓,2024/04/05 00:00:00,CO,0.23,0.22,0.2,0.21,0.21,0.26,0.29,0.32,0.23,0.21,0.25,0.26,0.27,0.22,0.24,0.22,0.2,0.25,0.29,0.29,0.35,0.37,0.37,0.39,
楠梓,2024/04/05 00:00:00,NMHC,0,0,0,0,0,0.01,0.02,0.19,0.09,0.04,0.05,0.05,0,0,0,0,0,0,0,0,0.01,0.01,0.01,0.04,
楠梓,2024/04/05 00:00:00,NO,0,0.7,0.7,0.9,0.6,0.9,2.2,5.6,5.6,2.2,1.8,1.5,1.1,1,0.9,0.8,0.7,0.9,0.7,0.4,0.4,0.8,0.8,0.6,
楠梓,2024/04/05 00:00:00,NO2,8.4,7.3,5.4,4.5,4.4,8.7,12.4,14.6,11.9,7.5,9.5,8.2,6.2,4.5,4.1,3.7,3.4,5.1,7.7,7.5,9.6,10.2,10.6,10.3,
楠梓,2024/04/05 00:00:00,NOx,8.3,8,6.1,5.5,5.1,9.7,14.6,20.3,17.5,9.7,11.3,9.7,7.3,5.6,5.1,4.5,4.1,6.1,8.4,8,10.1,11,11.4,10.9,
楠梓,2024/04/05 00:00:00,O3,22.5,22.5,28.6,30.7,27.4,13.2,10.9,13.2,25,42.4,53.2,61.9,64.8,61.7,64.6,61.1,52.9,51.2,55.7,48.8,41.4,37.1,34.2,29.9,
楠梓,2024/04/05 00:00:00,PM10,44,47,49,53,53,48,49,47,49,46,49,57,51,60,54,45,36,49,46,50,59,61,59,60,
楠梓,2024/04/05 00:00:00,PM2.5,34,30,25,23,20,21,30,36,34,24,32,25,31,26,25,23,20,20,21,19,23,25,22,28,
楠梓,2024/04/05 00:00:00,RAINFALL,0,0,0,0,0,0,0,0,0,0,0,0,0,0,0,0,0,0,0,0,0,0,0,0,
楠梓,2024/04/05 00:00:00,RH,85,87,90,92,93,92,89,75,63,53,48,55,60,58,60,60,62,63,67,70,72,74,74,77,
楠梓,2024/04/05 00:00:00,SO2,2.2,1,0.6,0.5,0.5,0.3,0.6,1.7,4.1,1.9,1.8,1.7,2.2,1.8,1.5,1.5,1.2,1.2,1.5,1.3,1.3,1.3,1.5,1.3,
楠梓,2024/04/05 00:00:00,THC,2.14,2.14,2.08,2.08,2.06,2.14,2.18,2.32,2.12,2.06,2.07,2.09,2.03,1.98,2,1.99,1.97,2.03,2.11,2.12,2.15,2.14,2.16,2.25,
楠梓,2024/04/05 00:00:00,WD_HR,25,22,14,43,48,70,93,126,109,109,275,270,266,251,269,282,290,323,27,26,35,54,50,336,
楠梓,2024/04/05 00:00:00,WIND_DIREC,2,37,344,45,42,72,96,150,93,246,239,273,245,253,282,282,284,16,4,346,47,61,338,339,
楠梓,2024/04/05 00:00:00,WIND_SPEED,1.4,2.4,1.7,1.7,1.9,0.7,1.1,1.7,0.9,1.5,2,2.4,2.3,2.6,2.9,2.5,1.8,2.1,2.7,1.8,2.2,1.1,0.9,1.2,
楠梓,2024/04/05 00:00:00,WS_HR,1.5,1.3,1.2,1.4,1.5,0.9,1.1,0.9,0.9,0.5,1.5,2.2,2,2.1,2.4,2.2,1.8,1.3,1.9,1.7,1.4,1.2,0.8,1.1,
楠梓,2024/04/06 00:00:00,AMB_TEMP,24.8,24.4,24.1,23.8,23.7,24.2,24.7,26.7,28.8,30.8,31,30.8,30.9,30.6,30.2,29.7,29.6,28.7,28.3,27.9,27.2,26.9,27.2,27.1,
楠梓,2024/04/06 00:00:00,CH4,2.27,2.27,2.29,2.26,2.24,2.28,2.33,2.31,2.19,2.18,2.14,2.13,2.09,2.08,2.04,2.02,2.01,2,2.01,2.09,2.12,2.12,2.19,2.19,
楠梓,2024/04/06 00:00:00,CO,0.39,0.37,0.39,0.37,0.39,0.4,0.45,0.46,0.54,0.68,0.4,0.32,0.28,0.27,0.23,0.2,0.19,0.18,0.19,0.24,0.3,0.31,0.36,0.32,
楠梓,2024/04/06 00:00:00,NMHC,0.04,0.04,0.02,0.01,0.02,0.22,0.22,0.13,0.19,0.14,0.05,0,0,0,0,0,0,0.05,0.45,0,0,0.03,0.01,0,
楠梓,2024/04/06 00:00:00,NO,0.6,0.1,0,0.1,0.1,0.8,2.2,3.3,3.7,4.2,2.1,1,0.4,0.1,0,0.1,0.2,0,0.2,0.1,0,0,0,0,
楠梓,2024/04/06 00:00:00,NO2,10.9,11.4,11.1,10.9,10.1,17.9,22.8,17.8,22.2,21,15.4,9.7,5.7,5,4.3,4.2,4.1,4.2,5,7.3,9.3,9.8,12.7,11.8,
楠梓,2024/04/06 00:00:00,NOx,11.6,11.6,11.2,11.1,10.3,18.7,25,21.1,26,25.2,17.6,10.7,6.1,5.1,4.3,4.4,4.3,4.2,5.2,7.4,9.4,9.8,12.8,11.9,
楠梓,2024/04/06 00:00:00,O3,23.7,22,22.2,20.5,19.2,9.4,7.6,19,29.2,35.7,47.7,60.7,62.1,62.2,60.5,56.7,47.7,43.4,37.6,42.2,44.9,39.2,35.8,37.1,
楠梓,2024/04/06 00:00:00,PM10,59,50,53,47,47,53,52,49,57,61,53,46,41,42,33,34,31,28,29,35,43,43,37,39,
楠梓,2024/04/06 00:00:00,PM2.5,30,24,23,26,25,29,32,26,25,24,22,20,16,19,15,14,11,6,8,18,20,27,22,19,
楠梓,2024/04/06 00:00:00,RAINFALL,0,0,0,0,0,0,0,0,0,0,0,0,0,0,0,0,0,0,0,0,0,0,0,0,
楠梓,2024/04/06 00:00:00,RH,81,83,83,85,85,84,83,75,66,59,61,62,63,65,65,67,66,69,70,68,67,68,68,69,
楠梓,2024/04/06 00:00:00,SO2,1.3,1.8,2,1.6,1.8,2.9,3.1,2.5,5.4,7.9,4,2.8,2.2,2.1,1.8,1.5,1.2,1.1,1.1,1.6,2,2,1.6,1.5,
楠梓,2024/04/06 00:00:00,THC,2.31,2.31,2.31,2.27,2.26,2.5,2.55,2.44,2.38,2.32,2.19,2.13,2.07,2.06,2.03,2.02,2.01,2.05,2.46,2.08,2.11,2.15,2.2,2.19,
楠梓,2024/04/06 00:00:00,WD_HR,19,46,355,35,59,87,84,100,192,235,268,267,247,275,282,275,277,278,302,7,48,48,86,74,
楠梓,2024/04/06 00:00:00,WIND_DIREC,36,49,31,28,94,74,87,152,197,267,283,255,273,277,293,275,283,301,314,23,58,81,92,96,
楠梓,2024/04/06 00:00:00,WIND_SPEED,2.4,2.4,2.5,2.1,1,0.2,0.8,0.7,1.2,2.2,2.8,2.6,3,2.8,2.7,2.2,1.7,1.4,1.2,1,2.2,0.8,1.1,1.1,
楠梓,2024/04/06 00:00:00,WS_HR,1.2,2.3,1.5,1.8,1.4,0.7,0.4,0.4,0.6,1,1.9,2.5,2.4,2.6,2.3,1.5,1.4,1.6,1,0.9,2.1,1.2,0.8,1.1,
楠梓,2024/04/07 00:00:00,AMB_TEMP,26.7,26.3,25.2,24.8,25.2,25,24.6,25,26.1,27.9,30.7,32.8,33.6,34,33.5,32.7,31.3,29.9,29.3,28.9,28.6,28.5,27.3,26.4,
楠梓,2024/04/07 00:00:00,CH4,2.18,2.28,2.37,2.27,2.27,2.36,2.33,2.27,2.28,2.08,2.09,2,1.97,1.96,1.97,1.96,1.95,1.95,1.95,1.96,1.99,2.01,2.06,2.05,
楠梓,2024/04/07 00:00:00,CO,0.32,0.36,0.47,0.42,0.4,0.42,0.42,0.44,0.43,0.33,0.31,0.18,0.24,0.18,0.16,0.15,0.14,0.17,0.17,0.19,0.22,0.2,0.24,0.21,
楠梓,2024/04/07 00:00:00,NMHC,0,0.09,0.05,0.03,0.03,0.04,0.04,0.05,0.07,0.09,0.05,0,0.02,0,0,0,0,0,0,0,0,0,0.02,0,
楠梓,2024/04/07 00:00:00,NO,0.1,0.6,0.6,0.8,1,0.8,1.1,1.6,3.1,2.5,2.3,1.9,1.7,1.7,1.9,2,2,1.5,1,0.8,0.9,1,1,1.4,
楠梓,2024/04/07 00:00:00,NO2,9.8,10.7,14.5,10.7,9.2,9.7,10.4,14.2,14.5,11.1,9,5.8,5.9,5.5,5.9,5.5,5.1,6.2,6,6.1,7.8,8.3,9.4,10.1,
楠梓,2024/04/07 00:00:00,NOx,9.9,11.4,15.2,11.6,10.2,10.5,11.6,15.9,17.6,13.7,11.3,7.7,7.7,7.3,7.8,7.5,7.1,7.8,7.1,6.9,8.8,9.3,10.4,11.5,
楠梓,2024/04/07 00:00:00,O3,36.6,27.3,16.5,20.5,21.1,16.1,13,13.4,16.6,29.6,35.5,31.7,31.7,29.5,27.1,19.7,16.2,14.4,15.3,14.8,14.4,15,10.1,8.1,
楠梓,2024/04/07 00:00:00,PM10,40,44,59,51,50,56,54,41,49,39,36,25,20,25,26,21,25,25,26,26,18,15,22,21,
楠梓,2024/04/07 00:00:00,PM2.5,21,22,34,35,34,33,27,25,25,20,16,4,9,6,4,4,3,1,6,7,5,7,9,8,
楠梓,2024/04/07 00:00:00,RAINFALL,0,0,0,0,0,0,0,0,0,0,0,0,0,0,0,0,0,0,0,0,0,0,1.5,0,
楠梓,2024/04/07 00:00:00,RH,70,73,86,87,85,87,91,90,87,74,61,51,49,50,53,56,60,68,73,78,76,75,84,91,
楠梓,2024/04/07 00:00:00,SO2,1.6,A,2.3,A,A,2.4,2.4,2.3,2.4,3.5,4.1,2.8,3.4,3,2.6,2.1,2.1,2.1,2.2,2,2.1,2,2,1.9,
楠梓,2024/04/07 00:00:00,THC,2.18,2.37,2.42,2.3,2.3,2.4,2.37,2.32,2.35,2.17,2.14,2,1.99,1.96,1.96,1.93,1.92,1.93,1.92,1.94,1.98,2,2.08,2.04,
楠梓,2024/04/07 00:00:00,WD_HR,359,353,28,50,35,354,52,74,89,88,152,178,181,202,211,227,225,220,225,221,73,64,64,57,
楠梓,2024/04/07 00:00:00,WIND_DIREC,312,17,55,54,350,9,52,89,191,84,178,185,193,191,219,231,222,225,207,210,50,52,77,50,
楠梓,2024/04/07 00:00:00,WIND_SPEED,1.3,1.2,2.3,1.3,0.9,0.8,0.5,1.5,0.4,1.4,1.8,3,3.3,3,3.1,2.7,2.2,2.5,1.7,1.6,1.5,1.2,1.4,1.5,
楠梓,2024/04/07 00:00:00,WS_HR,0.4,0.7,1.9,1.5,0.8,0.7,1,0.7,1,1.4,1.3,2.4,2.5,3,2.7,2.5,2.7,2.4,1.6,1,0.5,1,1.3,1.3,
楠梓,2024/04/08 00:00:00,AMB_TEMP,26.1,26.2,26,26.2,26.3,26.4,26.5,27.2,28.8,29.9,31,31.6,31.2,32.3,32.4,31.5,30.3,29.3,28,27.6,26.8,26.5,26.3,26.3,
楠梓,2024/04/08 00:00:00,CH4,2.09,2.16,2.09,2.07,2.06,2.09,2.08,2.15,2.1,2.04,2.01,2.01,2.01,1.98,1.98,1.97,1.99,1.98,2,2.04,2.04,2.07,2.14,2.17,
楠梓,2024/04/08 00:00:00,CO,0.2,0.15,0.12,0.13,0.14,0.19,0.27,0.56,0.4,0.34,0.18,0.18,0.16,0.13,0.19,#,0.17,0.21,0.28,0.22,0.19,0.21,0.21,0.24,
楠梓,2024/04/08 00:00:00,NMHC,0.03,0,0,0,0,0.01,0.02,0.11,0.15,0.07,0.05,0.05,0.07,0.1,0.14,0.1,0.35,0.24,0,0.01,0,0,0.02,0.03,
楠梓,2024/04/08 00:00:00,NO,1.2,1,0.5,0.6,1.1,4.2,12.4,19.8,9.3,3,1.6,0.9,0.6,0.5,0.8,#,0.5,0.4,0.4,0.5,0.6,0.2,0.3,0.4,
楠梓,2024/04/08 00:00:00,NO2,9.1,8.9,6.2,8.7,11.4,15.3,18.2,18,17.2,13.1,7.7,6.3,5.5,4.3,5.2,#,7.1,8.2,9.8,9.3,9.1,8.8,9.7,11.1,
楠梓,2024/04/08 00:00:00,NOx,10.4,10,6.7,9.4,12.5,19.6,30.7,37.9,26.5,16.1,9.4,7.2,6.1,4.9,6,#,7.6,8.7,10.2,9.8,9.7,9.1,10,11.5,
楠梓,2024/04/08 00:00:00,O3,7.5,7.6,11.5,7.5,4.7,1,0.9,1.5,13.3,21.4,31.9,37.9,38.6,34.6,#,#,28.6,30.1,32.3,28,33.4,29.7,25.7,20.8,
楠梓,2024/04/08 00:00:00,PM10,18,20,19,19,27,23,30,41,43,33,41,33,37,32,34,#,36,27,26,30,26,29,32,34,
楠梓,2024/04/08 00:00:00,PM2.5,6,2,3,5,7,6,6,18,16,8,12,12,12,15,#,11,7,10,9,12,13,11,17,17,
楠梓,2024/04/08 00:00:00,RAINFALL,0,0,0,0,0,0,0,0,0,0,0,0,0,0,#,0,0,0,0,0,0,0,0,0,
楠梓,2024/04/08 00:00:00,RH,89,89,86,84,81,79,78,74,73,74,70,65,65,57,55,58,64,67,76,76,84,83,85,84,
楠梓,2024/04/08 00:00:00,SO2,2,0.7,0.9,0.8,0.8,1,1,1.3,1.7,1.4,1.3,1.4,1.3,1.2,1.9,#,#,0.8,1.5,0.9,0.8,1,1,1.2,
楠梓,2024/04/08 00:00:00,THC,2.12,2.14,2.05,2.05,2.04,2.1,2.1,2.26,2.25,2.11,2.06,2.06,2.08,2.08,2.12,2.07,2.34,2.22,1.98,2.05,2.03,2.07,2.16,2.2,
楠梓,2024/04/08 00:00:00,WD_HR,70,75,86,61,59,63,72,50,14,312,286,284,292,271,288,290,288,304,325,13,34,19,1,2,
楠梓,2024/04/08 00:00:00,WIND_DIREC,96,81,85,64,65,72,74,50,259,269,290,279,294,269,283,308,281,312,337,25,39,5,335,30,
楠梓,2024/04/08 00:00:00,WIND_SPEED,0.6,1.5,0.4,0.7,0.7,0.8,1.2,1.3,0.8,1.1,2.2,3,3.3,2.7,2.9,2.2,2.7,3.5,2.1,2.6,2.2,1.1,1.1,1,
楠梓,2024/04/08 00:00:00,WS_HR,0.9,1,0.8,0.5,0.8,0.7,0.9,0.7,0.2,1.3,1.5,1.9,2.5,2.4,2.5,2,2,2.8,2.1,1.9,2.3,1,0.9,0.8,
楠梓,2024/04/09 00:00:00,AMB_TEMP,26.1,25.3,24.7,24.2,24.1,24,24.1,24.8,25.9,28.4,29.9,30.2,30.2,30.2,30.1,29.3,28.9,28.2,27.8,25.9,25,24.6,23.9,23.5,
楠梓,2024/04/09 00:00:00,CH4,2.18,2.16,2.17,2.19,2.19,2.17,2.18,2.22,2.18,2.14,2.12,2.05,2.05,2.03,2.01,2.04,2.11,2.14,2.13,2.18,2.19,2.22,2.23,2.24,
楠梓,2024/04/09 00:00:00,CO,0.25,0.27,0.33,0.3,0.28,0.32,0.47,0.5,0.39,0.44,0.39,0.26,0.24,0.22,0.22,0.25,0.33,0.36,0.37,0.41,0.39,0.39,0.41,0.38,
楠梓,2024/04/09 00:00:00,NMHC,0.04,0.02,0.04,0.02,0.01,0.01,0.04,0.08,0.05,0.08,0.09,0.02,0.02,0.03,0.01,0.02,0.1,0.07,0.08,0.11,0.1,0.1,0.09,0.08,
楠梓,2024/04/09 00:00:00,NO,0.3,0,0.2,0.2,0.2,0.3,0.9,3.4,3.6,2.8,2.8,1.8,0.9,0.6,0.2,0.4,0.7,0.5,0.4,0.3,0.3,0.1,0.2,0.5,
楠梓,2024/04/09 00:00:00,NO2,14.7,10.4,11,10.5,10.8,11.8,13.3,15.9,12.7,12.2,15.8,10.9,7.2,6.1,6.1,8.6,14.9,14.8,15.2,20.2,20.3,20,19.7,20.5,
楠梓,2024/04/09 00:00:00,NOx,15,10.5,11.2,10.8,11,12.1,14.2,19.4,16.4,15.1,18.7,12.7,8.1,6.8,6.4,9,15.6,15.4,15.7,20.5,20.6,20.1,19.9,21,
楠梓,2024/04/09 00:00:00,O3,17.1,19.2,16.5,16.6,15.2,13.7,12.7,11.2,17.7,28.3,33.8,43.3,49,49.3,48.6,42.7,47.4,51.7,47,34.4,28,24.3,20.1,16.3,
楠梓,2024/04/09 00:00:00,PM10,35,41,42,40,44,42,51,55,42,52,71,53,45,42,41,50,53,50,43,68,64,58,56,49,
楠梓,2024/04/09 00:00:00,PM2.5,23,28,27,21,32,27,27,28,32,32,34,24,18,17,19,19,26,26,25,29,25,26,25,21,
楠梓,2024/04/09 00:00:00,RAINFALL,0,0,0,0,0,0,0,0,0,0,0,0,0,0,0,0,0,0,0,0,0,0,0,0,
楠梓,2024/04/09 00:00:00,RH,84,87,89,91,91,90,90,88,84,71,65,63,62,61,61,62,62,64,65,67,69,70,71,72,
楠梓,2024/04/09 00:00:00,SO2,1.6,1.3,1.3,1.6,1.5,1.7,2,2,2,2.1,2.3,1.3,1.2,1.1,1.3,1.2,1.6,1.6,1.5,1.9,2.2,2.4,2.6,2.4,
楠梓,2024/04/09 00:00:00,THC,2.22,2.18,2.21,2.21,2.2,2.18,2.22,2.3,2.23,2.22,2.21,2.07,2.07,2.06,2.02,2.06,2.21,2.21,2.21,2.29,2.29,2.32,2.32,2.32,
楠梓,2024/04/09 00:00:00,WD_HR,33,0,9,348,352,34,357,356,358,259,254,255,261,268,263,244,335,12,13,7,0,329,345,29,
楠梓,2024/04/09 00:00:00,WIND_DIREC,40,51,353,347,33,341,34,315,329,245,272,232,269,267,234,47,316,320,30,328,17,10,334,52,
楠梓,2024/04/09 00:00:00,WIND_SPEED,1.9,1.7,1.2,0.9,1.7,1.3,1.5,1.1,0.7,1.1,2.4,2.7,1.5,2.2,2,1.1,1.5,1.1,1.4,1.5,0.7,0.9,1.4,1.4,
楠梓,2024/04/09 00:00:00,WS_HR,1.5,1.2,1.2,1.4,0.9,1.3,0.6,0.6,0.6,0.4,1.3,2,1.7,1.5,1.6,0.7,0.8,1,0.6,1.2,0.7,1.1,0.9,0.8,
楠梓,2024/04/10 00:00:00,AMB_TEMP,23.6,23.7,23.8,23.8,23.5,23.5,23.5,23.8,24.3,27,28.5,28,28.6,28.7,29.1,28.8,28.4,28.3,27.5,26.7,25.8,25.1,24.9,24.7,
楠梓,2024/04/10 00:00:00,CH4,2.24,2.22,2.33,2.35,2.35,2.38,2.42,2.43,2.35,2.17,2.1,2.13,2.09,2.06,2.05,2.05,2.07,2.08,2.1,2.09,2.11,2.12,2.13,2.21,
楠梓,2024/04/10 00:00:00,CO,0.37,0.35,0.36,0.4,0.43,0.45,0.55,0.84,0.94,0.52,0.39,0.33,0.28,0.25,0.24,0.24,0.27,0.32,0.34,0.31,0.32,0.28,0.27,0.28,
楠梓,2024/04/10 00:00:00,NMHC,0.11,0.08,0.11,0.3,0.16,0.15,0.17,0.18,0.17,0.47,0.09,0.04,0.03,0.1,0.11,0.15,0.13,0.08,0.16,0.68,0.17,0.02,0.01,0.02,
楠梓,2024/04/10 00:00:00,NO,0.5,0.8,0.6,0.5,0.5,0.6,4,10.5,12.9,4.8,2.9,2,1.3,1,0.8,0.7,0.7,0.6,0.5,0.6,0.6,0.4,0.4,0.4,
楠梓,2024/04/10 00:00:00,NO2,18.8,15.4,17.9,17.8,20.2,23.3,26.7,27.8,29.8,27.5,17.3,14.8,9.3,7.4,7.4,7.2,10.5,12.2,12.8,11.3,11,10.3,9.4,9.5,
楠梓,2024/04/10 00:00:00,NOx,19.3,16.3,18.5,18.3,20.7,24,30.7,38.4,42.7,32.3,20.2,16.8,10.7,8.4,8.3,8,11.2,12.8,13.3,12,11.6,10.7,9.8,9.9,
楠梓,2024/04/10 00:00:00,O3,16.2,17,11.3,10.1,9.3,4.6,2.7,3.1,10.3,44.5,43.7,49.3,59,60.2,58.4,56.7,55.1,54.6,49.8,49.6,49.2,49.4,48.9,44.3,
楠梓,2024/04/10 00:00:00,PM10,38,49,46,46,52,50,58,76,63,61,51,49,49,42,29,47,56,52,64,62,62,63,57,62,
楠梓,2024/04/10 00:00:00,PM2.5,18,20,22,21,32,24,25,33,25,24,19,22,19,19,13,19,16,19,16,18,23,27,26,27,
楠梓,2024/04/10 00:00:00,RAINFALL,0,0,0,0,0,0,0,0,0.5,0,0,0,0,0,0,0,0,0,0,0,0,0,0,0,
楠梓,2024/04/10 00:00:00,RH,72,73,73,73,74,75,74,74,80,72,67,66,63,63,62,64,68,67,75,82,85,87,87,88,
楠梓,2024/04/10 00:00:00,SO2,2.1,2,2,2,3.5,3.5,3,3.5,3.2,2.9,1.9,1.9,1.9,1.9,1.9,1.1,1.1,1.2,1.1,1.1,1.3,1.2,1.3,1.8,
楠梓,2024/04/10 00:00:00,THC,2.35,2.3,2.44,2.65,2.51,2.53,2.59,2.61,2.52,2.64,2.19,2.17,2.12,2.16,2.16,2.2,2.2,2.16,2.26,2.77,2.28,2.14,2.14,2.23,
楠梓,2024/04/10 00:00:00,WD_HR,44,55,77,308,358,337,12,348,21,219,248,271,275,288,297,287,273,311,270,280,331,39,50,4,
楠梓,2024/04/10 00:00:00,WIND_DIREC,47,69,60,322,350,27,21,312,351,198,278,263,272,299,277,288,269,338,269,280,12,35,48,35,
楠梓,2024/04/10 00:00:00,WIND_SPEED,0.3,0.8,0.2,1.5,0.3,0.9,0.9,0.8,0.7,1.6,2.4,2.4,2.2,2.8,1.9,2.1,1.5,1.3,1.6,2.1,1.2,1.8,1.2,0.7,
楠梓,2024/04/10 00:00:00,WS_HR,0.4,0.7,0.5,1.2,0.5,0.6,0.7,0.4,0.2,0.4,1.3,1.8,2,2.1,2,1.7,1.4,0.6,1.2,1.3,1.2,0.8,1.1,0.6,
楠梓,2024/04/11 00:00:00,AMB_TEMP,24.1,23.8,23.6,23.7,23.9,24,24.3,25.3,26.7,28.3,30.1,31.1,31.2,31.3,30.8,29.9,29.2,28.6,28.1,27.9,27.1,26.7,26.4,26.1,
楠梓,2024/04/11 00:00:00,CH4,2.22,2.23,2.27,2.25,2.19,2.17,2.18,2.17,2.12,2.12,2.11,2.12,2.08,2.07,2.06,2.05,2.06,2.07,2.08,2.07,2.06,2.05,2.06,2.06,
楠梓,2024/04/11 00:00:00,CO,0.27,0.28,0.27,0.27,0.26,0.26,0.31,0.4,0.31,0.45,0.32,0.32,0.28,0.27,0.24,0.24,0.27,0.32,0.37,0.36,0.3,0.27,0.24,0.22,
楠梓,2024/04/11 00:00:00,NMHC,0.02,0.03,0.03,0.04,0.01,0.02,0.04,0.04,0.01,0.01,0.01,0.06,0.03,0.03,0.05,0.05,0.1,0,0.03,0.03,0,0.02,0.08,0.11,
楠梓,2024/04/11 00:00:00,NO,0.5,0,0.2,0.1,0.2,0.2,0.6,1.3,1.2,0.8,0.7,0.7,0.4,0.3,0.3,0.2,0.2,0.1,0.3,0.2,0.2,0.3,0,0,
楠梓,2024/04/11 00:00:00,NO2,9.1,10.7,10.3,9.3,8.5,9.2,12.9,16.4,11.6,9.6,8,8.8,8,6.4,6.2,5.8,6.8,8,10.9,12.1,13.1,8.6,6.4,6,
楠梓,2024/04/11 00:00:00,NOx,9.7,10.7,10.5,9.5,8.7,9.4,13.6,17.8,12.9,10.4,8.8,9.5,8.4,6.7,6.6,6,7,8.2,11.2,12.3,13.3,8.9,6.4,5.9,
楠梓,2024/04/11 00:00:00,O3,45,39.3,36.3,34.5,38.1,35.5,30.7,34.1,45.5,50.2,60.6,71.6,64.4,60.5,59.1,58,56.5,52.6,47.5,45.9,45,49.4,50.2,49.1,
楠梓,2024/04/11 00:00:00,PM10,64,68,63,54,56,49,52,57,55,55,73,73,59,50,52,56,59,50,42,39,41,44,38,41,
楠梓,2024/04/11 00:00:00,PM2.5,23,25,26,23,23,25,25,29,23,22,22,31,22,23,20,23,21,23,12,13,20,21,18,25,
楠梓,2024/04/11 00:00:00,RAINFALL,0,0,0,0,0,0,0,0,0,0,0,0,0,0,0,0,0,0,0,0,0,0,0,0,
楠梓,2024/04/11 00:00:00,RH,90,91,92,92,90,90,89,85,75,67,60,58,57,57,58,61,63,65,65,67,75,81,83,85,
楠梓,2024/04/11 00:00:00,SO2,2,1.2,0.9,1.1,0.9,0.8,0.9,1.2,1.6,0.9,1,1,0.7,0.8,0.8,0.7,0.6,0.6,0.5,0.5,0.5,0.4,0.3,0.3,
楠梓,2024/04/11 00:00:00,THC,2.24,2.26,2.3,2.29,2.2,2.19,2.22,2.21,2.13,2.13,2.12,2.18,2.11,2.1,2.11,2.1,2.16,2.07,2.11,2.1,2.05,2.07,2.14,2.17,
楠梓,2024/04/11 00:00:00,WD_HR,342,28,8,49,46,48,47,49,32,285,272,268,284,281,280,281,284,278,277,243,259,286,301,304,
楠梓,2024/04/11 00:00:00,WIND_DIREC,17,22,36,50,56,41,60,25,41,357,283,227,272,293,293,280,268,273,228,249,241,307,303,143,
楠梓,2024/04/11 00:00:00,WIND_SPEED,0.8,1.5,1.1,1.7,0.3,2.2,1.1,0.2,1,0.8,2.1,1.7,2.8,2.2,2.5,2,1.5,1.5,0.9,1.6,1.1,1.6,1.4,0.3,
楠梓,2024/04/11 00:00:00,WS_HR,1,0.6,0.7,1.5,1.5,1.9,1.2,0.9,0.7,0.8,1.4,1.3,2.3,1.9,2.1,2.2,1.7,1.2,1,1.1,0.9,1.3,1.1,0.6,
楠梓,2024/04/12 00:00:00,AMB_TEMP,25.9,25.7,25.3,25.1,24.8,24.5,24.8,26,27.6,29.1,30.5,31.7,31.8,31.4,31,30.5,29.6,28.5,27.7,27.6,27.5,27.4,27.2,26.9,
楠梓,2024/04/12 00:00:00,CH4,2.07,2.1,2.15,2.18,2.23,2.19,2.17,2.23,2.13,2.11,2.13,2.13,2.11,2.09,2.05,2.02,2.03,2.03,2.03,2.04,2.08,2.09,2.11,2.12,
楠梓,2024/04/12 00:00:00,CO,0.23,0.26,0.27,0.28,0.27,0.29,0.34,0.45,0.46,0.41,0.39,0.38,0.42,0.44,0.29,0.24,0.25,0.28,0.28,0.27,0.3,0.32,0.31,0.27,
楠梓,2024/04/12 00:00:00,NMHC,0.26,0.4,0,0.02,0.05,0.04,0.05,0.09,0.02,0.01,0.04,0.1,0.02,0,0,0,0,0.03,0.31,0.26,0.01,0.14,0.04,0.02,
楠梓,2024/04/12 00:00:00,NO,0.1,0.3,0.1,0.2,0,0.1,0.7,1.8,2.6,1.8,1.6,0.7,0.3,0.4,0.6,0.6,0.5,0.1,0,0.1,0.2,0,0.2,0,
楠梓,2024/04/12 00:00:00,NO2,5.8,7.6,9.7,11.8,10.6,12.1,14.8,19.8,15.8,13,15,11.7,11.1,9.7,7.8,8.1,8.7,7.7,7.4,8.3,10.6,9.9,10.6,10.1,
楠梓,2024/04/12 00:00:00,NOx,6,8,9.9,12,10.7,12.2,15.5,21.6,18.5,14.9,16.6,12.4,11.5,10.1,8.4,8.8,9.2,7.8,7.4,8.5,10.8,9.9,10.8,10,
楠梓,2024/04/12 00:00:00,O3,46,41.9,38.7,34.9,32.7,27.4,26.6,25.7,35.9,45.3,57.4,74.6,83,87.9,57.8,45.2,42.5,44.4,42.7,38.1,31.8,29.1,26.5,26.7,
楠梓,2024/04/12 00:00:00,PM10,47,48,46,50,49,48,49,65,54,52,87,90,73,63,50,42,41,34,35,38,38,29,31,34,
楠梓,2024/04/12 00:00:00,PM2.5,15,19,21,24,26,25,21,28,27,26,34,35,32,30,21,15,12,19,16,17,18,12,14,17,
楠梓,2024/04/12 00:00:00,RAINFALL,0,0,0,0,0,0,0,0,0,0,0,0,0,0,0,0,0,0,0,0,0,0,0,0,
楠梓,2024/04/12 00:00:00,RH,85,86,87,88,89,90,89,83,73,65,60,59,59,60,61,63,68,74,79,82,82,81,81,81,
楠梓,2024/04/12 00:00:00,SO2,0.5,1,1.2,1.3,1.3,1.3,1.5,1.7,2.4,2.6,2.5,2.3,2.5,3.1,2.1,1.2,1,1,1.1,1,1.6,1.6,1.3,1.2,
楠梓,2024/04/12 00:00:00,THC,2.33,2.5,2.15,2.2,2.28,2.23,2.22,2.32,2.15,2.12,2.17,2.23,2.13,2.09,2.02,1.99,2,2.06,2.34,2.3,2.09,2.23,2.15,2.14,
楠梓,2024/04/12 00:00:00,WD_HR,302,309,30,22,33,46,44,9,357,7,292,273,262,259,252,272,267,278,301,307,2,320,28,47,
楠梓,2024/04/12 00:00:00,WIND_DIREC,298,50,32,16,24,45,41,332,27,10,311,247,252,270,254,275,273,284,301,325,30,315,50,22,
楠梓,2024/04/12 00:00:00,WIND_SPEED,0.8,0.5,0.6,1.3,1.2,0.5,0.6,1,1.1,1.2,1.5,2.2,2.2,2.4,2.2,2.5,2.2,1.7,1.6,1.6,1.1,1.2,1.1,0.8,
楠梓,2024/04/12 00:00:00,WS_HR,0.6,0.6,0.4,0.6,1.1,0.8,0.5,0.6,0.4,0.5,0.8,1.5,2.1,2.1,1.8,2.1,1.9,1.6,1.2,1.2,0.7,0.7,0.7,1.1,
楠梓,2024/04/13 00:00:00,AMB_TEMP,26.6,26.3,26.1,25.8,25.2,25.3,25.6,26.9,28.7,30.2,31.2,31.6,31.9,31.7,31.4,30.5,29.8,28.6,28.2,28.1,28.1,27.8,27.4,27.2,
楠梓,2024/04/13 00:00:00,CH4,2.14,2.17,2.25,2.26,2.21,2.23,2.18,2.12,2.04,2.05,2.08,2.06,2.07,2.09,2.06,2.05,2.03,2.02,2.03,2.04,2.06,2.08,2.11,2.12,
楠梓,2024/04/13 00:00:00,CO,0.26,0.29,0.29,0.28,0.28,0.32,0.32,0.33,0.26,0.29,0.36,0.32,0.35,0.34,0.29,0.25,0.26,0.26,0.27,0.28,0.31,0.3,0.31,0.32,
楠梓,2024/04/13 00:00:00,NMHC,0,0.02,0.02,0.04,0.07,0.03,0.02,0.01,0.03,0.09,0.12,0.02,0.04,0.07,0.02,0,0.02,0.14,0.33,0.05,0.01,0,0.01,0.04,
楠梓,2024/04/13 00:00:00,NO,0.1,0.7,0.7,0.4,0.5,0.9,1.5,2.7,1.6,1.4,1.9,1.4,1.4,0.9,0.5,0.9,0.7,0.3,0.4,0.3,0.4,0.4,0.6,0.7,
楠梓,2024/04/13 00:00:00,NO2,9.1,14.4,13.4,11.8,12.1,15.2,15.5,14.1,7.7,9.5,17.7,11.5,9.9,8.1,7.4,6.5,6.4,6.4,6.9,7.8,8.3,9.6,10.2,10.4,
楠梓,2024/04/13 00:00:00,NOx,9.3,15.2,14.1,12.2,12.6,16.1,17.1,16.9,9.3,10.9,19.7,13,11.4,9,7.9,7.4,7.1,6.7,7.4,8.2,8.8,10.1,10.8,11.1,
楠梓,2024/04/13 00:00:00,O3,26.1,20.4,18.4,18.8,13.7,11.4,14.6,20.4,34.6,46.8,48.6,59.3,66.4,72.8,57.8,54,53,43.9,36.1,39.7,41.8,30.2,26.1,23.3,
楠梓,2024/04/13 00:00:00,PM10,30,28,35,23,32,33,40,37,28,33,47,46,40,48,33,33,34,31,28,32,33,30,37,36,
楠梓,2024/04/13 00:00:00,PM2.5,12,24,20,14,20,15,24,23,19,11,29,20,21,22,16,14,10,14,12,17,21,13,17,18,
楠梓,2024/04/13 00:00:00,RAINFALL,0,0,0,0,0,0,0,0,0,0,0,0,0,0,0,0,0,0,0,0,0,0,0,0,
楠梓,2024/04/13 00:00:00,RH,81,84,84,84,88,87,87,80,68,61,59,59,59,60,60,66,70,75,77,76,75,73,74,75,
楠梓,2024/04/13 00:00:00,SO2,1.1,1,1.1,1,1,1.1,1,1.2,0.9,1,2.1,1.5,1.8,2.2,1.7,1.4,1.3,1,0.8,1.1,1.3,0.9,0.8,0.8,
楠梓,2024/04/13 00:00:00,THC,2.14,2.19,2.27,2.3,2.28,2.26,2.2,2.13,2.07,2.14,2.2,2.08,2.11,2.16,2.08,2.04,2.05,2.16,2.36,2.09,2.07,2.08,2.12,2.16,
楠梓,2024/04/13 00:00:00,WD_HR,36,67,61,53,62,62,57,66,114,300,219,262,257,272,255,266,262,287,305,306,44,47,50,47,
楠梓,2024/04/13 00:00:00,WIND_DIREC,43,85,53,64,65,51,60,31,272,333,241,236,266,269,247,251,288,297,345,305,50,45,4,61,
楠梓,2024/04/13 00:00:00,WIND_SPEED,0.7,0.5,1.1,1,1.2,1.4,1.1,0.7,1.3,1.1,2.3,2.2,1.8,1.8,2.3,1.6,2.1,1.9,0.8,0.5,1.5,2,1.2,0.6,
楠梓,2024/04/13 00:00:00,WS_HR,0.7,0.8,0.9,1.1,1.2,0.9,1,0.8,0.1,0.2,0.9,1.7,1.9,1.8,1.8,1.8,1.5,1.5,0.9,0.7,0.8,1.9,1.2,0.8,
楠梓,2024/04/14 00:00:00,AMB_TEMP,27.1,26.8,26.3,26.1,26,25.7,25.9,27.9,29.6,31,32.4,33.5,33.8,33.9,33.5,32.7,31.5,30.3,29.2,28.6,28.2,28,27.7,27.3,
楠梓,2024/04/14 00:00:00,CH4,2.2,2.22,2.25,2.26,2.39,2.35,2.31,2.09,2.08,2.05,1.97,1.96,1.96,1.95,1.95,1.94,1.94,1.95,1.95,1.95,1.97,1.97,2.05,2.1,
楠梓,2024/04/14 00:00:00,CO,0.34,0.33,0.3,0.28,0.31,0.32,0.38,0.23,0.27,0.25,0.4,0.28,0.17,0.14,0.13,0.13,0.13,0.15,0.14,0.15,0.15,0.14,0.2,0.2,
楠梓,2024/04/14 00:00:00,NMHC,0.08,0.03,0.03,0.03,0.07,0.06,0.07,0.1,0.04,0.04,0.04,0.04,0,0,0,0,0,0,0,0,0.01,0.03,0,0,
楠梓,2024/04/14 00:00:00,NO,0.6,0.5,0.5,0.6,1.2,2,8.1,3.6,3.6,2.3,2.5,2.4,1.8,1.3,1,1.1,0.9,1,0.6,0.3,0.4,0.4,0.7,0.7,
楠梓,2024/04/14 00:00:00,NO2,12,10.5,10.1,10.4,15.6,14.8,13.7,9.3,8.8,7.9,8.5,8,5.9,4.6,4.3,4.4,4.6,5.5,6,5.5,5.4,4.6,6.3,7.9,
楠梓,2024/04/14 00:00:00,NOx,12.6,11,10.6,11.1,16.9,16.9,21.8,12.9,12.4,10.2,11.1,10.5,7.7,5.9,5.4,5.6,5.6,6.5,6.6,5.8,5.8,5,7,8.7,
楠梓,2024/04/14 00:00:00,O3,17.9,20.9,20.3,13.7,3.7,3.3,3.3,11.7,16.4,21.5,22,26.5,29.2,27.8,27.1,25.7,21.7,15.8,15,14.8,13.7,15.1,18.5,15.2,
楠梓,2024/04/14 00:00:00,PM10,32,34,35,29,23,25,39,18,21,21,23,28,23,21,22,19,17,24,24,18,12,16,23,27,
楠梓,2024/04/14 00:00:00,PM2.5,17,20,15,16,14,11,23,10,8,8,8,9,9,7,5,8,7,5,2,0,5,7,7,10,
楠梓,2024/04/14 00:00:00,RAINFALL,0,0,0,0,0,0,0,0,0,0,0,0,0,0,0,0,0,0,0,0,0,0,0,0,
楠梓,2024/04/14 00:00:00,RH,76,80,83,87,88,90,90,83,73,67,61,56,56,55,57,61,66,71,80,88,91,91,92,93,
楠梓,2024/04/14 00:00:00,SO2,1,1.2,1.1,1.2,1.3,1.3,1.3,2.3,3.2,2.8,2.9,3.5,1.7,1,1,0.9,0.9,0.8,1,1.1,0.9,0.6,1,0.8,
楠梓,2024/04/14 00:00:00,THC,2.28,2.25,2.28,2.29,2.46,2.41,2.38,2.19,2.12,2.09,2.01,2,1.94,1.92,1.9,1.9,1.9,1.91,1.9,1.92,1.98,2,2.04,2.08,
楠梓,2024/04/14 00:00:00,WD_HR,61,60,61,60,71,83,71,157,163,185,193,204,219,226,224,226,240,275,274,287,303,330,1,24,
楠梓,2024/04/14 00:00:00,WIND_DIREC,70,51,57,67,72,80,60,160,144,207,188,193,214,217,228,238,261,279,283,293,295,35,24,43,
楠梓,2024/04/14 00:00:00,WIND_SPEED,0.7,1.1,1,0.5,0.8,0.6,1.1,2.7,1.7,3,2.9,2.8,3.6,2.7,3.1,2.3,2.1,1.7,1.2,1,1.6,1.3,1.2,0.8,
楠梓,2024/04/14 00:00:00,WS_HR,0.7,1.1,1.1,0.5,0.5,0.5,0.9,1.7,1.9,2.1,2.2,2.8,2.6,2.4,2.7,2.3,2,1.8,1.2,0.9,1.5,0.8,0.7,0.9,
楠梓,2024/04/15 00:00:00,AMB_TEMP,26.9,26.8,26.6,26.3,26,25.6,26,27.2,28.2,30.4,31.1,31.6,31.5,31.3,31.4,30.2,29.2,28.4,27.6,27.3,27.1,26.9,26.8,26.5,
楠梓,2024/04/15 00:00:00,CH4,2.06,2.09,2.11,2.23,2.23,2.12,2.1,2.07,2,2.03,1.98,1.96,1.96,1.96,1.96,1.96,1.96,1.96,1.98,1.98,1.99,2.01,2.05,2.07,
楠梓,2024/04/15 00:00:00,CO,0.2,0.21,0.2,0.22,0.22,0.18,0.23,0.29,0.21,0.24,0.18,0.16,0.16,0.16,0.16,0.16,0.19,0.22,0.23,0.25,0.25,0.25,0.28,0.28,
楠梓,2024/04/15 00:00:00,NMHC,0,0.04,0,0.03,0.03,0,0.03,0.03,0,0.01,0.04,0,0.01,0,0.02,0,0.09,0.31,0.32,0.09,0.01,0.02,0.02,0.04,
楠梓,2024/04/15 00:00:00,NO,0.5,0.2,0.2,0.8,1.1,0.9,1.9,3.4,2.1,1.9,1.3,1,0.8,0.7,0.6,0.6,0.8,0.6,0.5,0.4,0.4,0.2,0.3,0.5,
楠梓,2024/04/15 00:00:00,NO2,8.5,9.4,8.5,11.8,12.1,10.2,12.1,11.6,8.7,8.4,7,5.3,4.5,4.1,4.6,4.6,4.8,6,6.8,7.4,7.5,8.7,8.6,9.9,
楠梓,2024/04/15 00:00:00,NOx,9,9.7,8.8,12.6,13.2,11.2,14,15,10.9,10.4,8.4,6.3,5.3,4.8,5.2,5.2,5.7,6.7,7.4,7.8,7.9,9,9,10.4,
楠梓,2024/04/15 00:00:00,O3,15.3,14.2,15.4,9.5,7.5,9,9.2,14.7,23.5,30.3,34.6,38.4,37.3,35.1,36.5,32.9,27.5,27.4,29.1,30.2,30.1,27.8,25.9,21.5,
楠梓,2024/04/15 00:00:00,PM10,22,26,28,26,30,24,29,34,33,42,42,37,34,34,29,35,22,27,24,30,30,31,31,31,
楠梓,2024/04/15 00:00:00,PM2.5,8,11,10,10,8,8,14,15,14,18,14,11,9,10,7,8,12,10,13,13,16,15,14,14,
楠梓,2024/04/15 00:00:00,RAINFALL,0,0,0,0,0,0,0,0,0,0,0,0,0,0,0,0,0,0,0,0,0,0,0,0,
楠梓,2024/04/15 00:00:00,RH,94,94,94,95,96,97,96,88,81,68,63,61,62,64,65,70,72,77,79,83,85,85,85,87,
楠梓,2024/04/15 00:00:00,SO2,1.1,0.9,0.7,0.9,1.3,0.6,0.7,0.8,0.6,0.7,0.9,0.8,0.7,0.5,0.5,0.4,0.5,0.3,0.4,0.4,0.7,0.7,1,1,
楠梓,2024/04/15 00:00:00,THC,2.05,2.13,2.1,2.26,2.26,2.1,2.13,2.1,1.98,2.04,2.02,1.96,1.97,1.95,1.98,1.96,2.05,2.27,2.3,2.07,2,2.03,2.07,2.11,
楠梓,2024/04/15 00:00:00,WD_HR,58,334,340,349,48,49,43,33,359,301,274,272,275,280,278,277,282,297,301,309,323,32,26,331,
楠梓,2024/04/15 00:00:00,WIND_DIREC,61,324,308,22,37,55,23,20,42,288,284,261,267,281,266,273,278,304,312,301,41,357,317,319,
楠梓,2024/04/15 00:00:00,WIND_SPEED,0.3,0.7,0.2,0.6,1.6,1.7,1.5,1.5,2,2.7,2.3,2.9,2.9,2.8,2.9,3.2,2.3,2.2,1.5,1.8,0.9,0.5,0.8,0.4,
楠梓,2024/04/15 00:00:00,WS_HR,0.8,0.5,0.3,0.2,1.1,1.5,1.2,1.6,1.3,1,2.2,2.3,2.4,2.5,2.2,2.5,2.2,1.9,1.7,1.4,1.3,0.9,0.4,0.4,
楠梓,2024/04/16 00:00:00,AMB_TEMP,26.2,25.7,25.4,25.4,25,24.8,25.5,26.7,28.3,30.5,31.1,31.6,31.5,31.4,31.2,30.4,29.8,28.7,28,27.9,27.6,27.2,27,26.4,
楠梓,2024/04/16 00:00:00,CH4,2.2,2.33,2.23,2.19,2.35,2.31,2.36,2.36,2.14,2.03,1.98,1.97,1.97,1.96,1.97,1.97,1.97,1.97,1.99,2.01,2.07,2.06,2.08,2.21,
楠梓,2024/04/16 00:00:00,CO,0.29,0.28,0.25,0.27,0.32,0.3,0.42,0.63,0.7,0.46,0.23,0.2,0.18,0.17,0.18,0.18,0.2,0.24,0.31,0.29,0.35,0.34,0.33,0.32,
楠梓,2024/04/16 00:00:00,NMHC,0.23,0.08,0.01,0.04,0.06,0.04,0.09,0.23,0.24,0.1,0,0,0,0,0.03,0.06,0.22,0.03,0,0.03,0.08,0.14,0.31,0.08,
楠梓,2024/04/16 00:00:00,NO,0.7,0.6,0.3,2.4,14.7,13.1,23.8,13.9,8,5.5,1.4,0.5,0.3,0.4,0.3,0.3,0.3,0.3,0.3,0,0.1,0,0,0.5,
楠梓,2024/04/16 00:00:00,NO2,11.3,16,12.9,19,20.3,19.3,21.4,21.4,25.9,17.1,7.9,4.8,4.3,3.4,3.4,3.8,5,5.9,8.2,8,13.2,12.9,12.6,16.7,
楠梓,2024/04/16 00:00:00,NOx,12,16.6,13.2,21.5,35.1,32.4,45.3,35.4,33.9,22.6,9.4,5.4,4.6,3.8,3.7,4.1,5.4,6.2,8.6,8,13.3,12.9,12.7,17.3,
楠梓,2024/04/16 00:00:00,O3,13.9,7.5,13,8.2,0,1,0.6,9,14.9,30.3,39.1,44.7,45,41.6,38.1,31.2,28.2,24.7,22.4,22.1,14.1,14,13.2,7.4,
楠梓,2024/04/16 00:00:00,PM10,37,35,33,32,33,33,43,60,70,67,48,40,39,34,49,47,33,30,27,28,35,32,31,37,
楠梓,2024/04/16 00:00:00,PM2.5,14,20,17,12,16,15,24,28,40,21,20,15,15,14,17,11,12,11,13,13,17,16,19,19,
楠梓,2024/04/16 00:00:00,RAINFALL,0,0,0,0,0,0,0,0,0,0,0,0,0,0,0,0,0,0,0,0,0,0,0,0,
楠梓,2024/04/16 00:00:00,RH,87,89,91,91,91,92,90,86,80,68,66,64,63,64,64,67,69,73,74,72,75,77,79,83,
楠梓,2024/04/16 00:00:00,SO2,1,0.6,0.7,0.3,0.3,0.4,0.5,1.1,3.4,2.5,0.6,0.4,0.2,0,0.1,0,0.1,0.1,1,0.5,0.6,0.4,0.6,0.4,
楠梓,2024/04/16 00:00:00,THC,2.43,2.41,2.24,2.23,2.41,2.35,2.45,2.59,2.38,2.13,1.95,1.94,1.94,1.96,2,2.03,2.19,2,1.98,2.04,2.15,2.2,2.39,2.29,
楠梓,2024/04/16 00:00:00,WD_HR,47,81,76,75,81,79,67,345,189,233,267,267,282,281,283,294,294,305,328,319,355,319,317,88,
楠梓,2024/04/16 00:00:00,WIND_DIREC,78,76,60,91,80,88,58,330,195,255,260,294,272,285,273,293,300,312,314,355,334,327,87,76,
楠梓,2024/04/16 00:00:00,WIND_SPEED,0.8,0.5,0.7,0.3,0.6,0.4,1,0.7,1.5,2.1,2.7,2.7,2.6,3,2.9,2.7,2.4,1.9,1.8,1.2,1.1,0.7,0.4,0.8,
楠梓,2024/04/16 00:00:00,WS_HR,0.4,0.8,0.6,0.4,0.5,0.6,0.5,0.5,0.9,1.2,2.1,2,2.1,2.5,2.4,2.5,1.7,2.1,1.4,1.5,0.7,0.5,0.3,0.9,
楠梓,2024/04/17 00:00:00,AMB_TEMP,26.2,26,25.4,24.8,24.7,25,25.3,26.1,27.5,29.2,31.3,32.5,32.5,32.4,31.5,30.9,29.9,28.9,28.2,27.9,27.6,27.3,27.2,26.9,
楠梓,2024/04/17 00:00:00,CH4,2.27,2.25,2.21,2.43,2.36,2.15,2.16,2.15,2.1,2.04,2.05,2.01,1.99,1.97,1.96,1.96,1.96,1.95,1.96,2,2.04,2.03,2.04,2.23,
楠梓,2024/04/17 00:00:00,CO,0.27,0.34,0.29,0.29,0.29,0.28,0.35,0.5,0.35,0.33,0.36,0.26,0.21,0.19,0.18,0.19,0.2,0.21,0.23,0.23,0.26,0.27,0.31,0.34,
楠梓,2024/04/17 00:00:00,NMHC,0.05,0.18,0.2,0.23,0.11,0.04,0.12,0.12,0.09,0.08,0.08,0,0,0,0,0,0.05,0.29,0.19,0,0.03,0.02,0.71,0.83,
楠梓,2024/04/17 00:00:00,NO,0.6,1.1,3.7,1.8,1.6,1.9,6.4,10.9,5.4,2.9,2.4,1.4,1.1,0.8,0.6,1,0.5,0.5,0.3,0.2,0.3,0.8,0.4,0.3,
楠梓,2024/04/17 00:00:00,NO2,14.2,19.1,18,16.1,15.2,18.4,17.4,19.2,14.4,13.9,15.6,11.6,7,4.9,4.5,4.5,4.7,5.7,8.4,10.1,12.3,14.5,13.1,15.1,
楠梓,2024/04/17 00:00:00,NOx,14.8,20.3,21.7,18,16.9,20.3,23.9,30.1,19.8,16.8,18,13.1,8.1,5.7,5.2,5.5,5.2,6.2,8.7,10.3,12.6,15.3,13.5,15.4,
楠梓,2024/04/17 00:00:00,O3,8.6,3.8,3,2.8,4.2,4.3,3.6,6.7,18,32.3,45.2,47.1,43.3,37.2,35.8,33.7,31.2,28.9,21.2,17.8,13.6,13.6,12.3,8.4,
楠梓,2024/04/17 00:00:00,PM10,28,36,33,31,40,36,47,57,49,49,87,51,42,33,35,30,32,29,21,24,22,27,32,36,
楠梓,2024/04/17 00:00:00,PM2.5,19,19,21,14,17,19,27,25,21,23,27,20,14,11,10,13,10,10,8,12,16,12,13,18,
楠梓,2024/04/17 00:00:00,RAINFALL,0,0,0,0,0,0,0,0,0,0,0,0,0,0,0,0,0,0,0,0,0,0,0,0,
楠梓,2024/04/17 00:00:00,RH,84,85,87,90,90,88,88,86,81,71,62,60,61,62,65,68,71,73,73,68,70,73,75,75,
楠梓,2024/04/17 00:00:00,SO2,0,1.2,1.1,0.9,0.5,0.6,1,1.5,2.6,2.2,1.8,1.1,0.9,0.6,0.5,0.5,0.5,0.5,0.7,1.1,1.2,0.7,0.9,1,
楠梓,2024/04/17 00:00:00,THC,2.32,2.43,2.41,2.66,2.47,2.19,2.28,2.27,2.19,2.12,2.13,2.01,1.96,1.93,1.91,1.93,2.01,2.24,2.15,2,2.07,2.05,2.75,3.06,
楠梓,2024/04/17 00:00:00,WD_HR,94,74,76,70,65,59,45,51,67,323,229,269,265,260,258,263,282,288,314,14,46,63,319,309,
楠梓,2024/04/17 00:00:00,WIND_DIREC,86,72,91,83,62,58,43,58,70,83,268,247,252,275,255,272,285,307,314,349,65,345,293,307,
楠梓,2024/04/17 00:00:00,WIND_SPEED,0.4,1,0.7,1.1,0.4,0.6,1.3,1.9,1.1,0.7,2,2.8,2.4,3.4,2.2,2.3,2.5,2,2,1,1.2,0.3,1.1,1.3,
楠梓,2024/04/17 00:00:00,WS_HR,0.7,0.7,0.8,1.2,0.6,0.5,1.2,1.6,0.9,0.3,1,2.1,2.4,2.4,2.6,2.1,2.3,1.9,1.7,1,1.1,0.7,0.6,1.1,
楠梓,2024/04/18 00:00:00,AMB_TEMP,26.7,26,25.9,26.2,26.2,25.8,26.3,27.9,29.1,30.3,31.3,31.9,31.7,31.5,31.3,29.9,29.7,29.1,29,28.5,28.2,28.1,27.8,27.6,
楠梓,2024/04/18 00:00:00,CH4,2.34,2.32,2.32,2.15,2.24,2.36,2.19,2.13,2.03,2.04,2,1.98,1.97,1.97,2,2.01,2.02,2.03,2.05,2.04,2.03,2.03,2.02,2.01,
楠梓,2024/04/18 00:00:00,CO,0.31,0.27,0.28,0.22,0.26,0.26,0.29,0.39,0.32,0.27,0.2,0.19,0.2,0.19,0.21,0.23,0.28,0.32,0.38,0.36,0.31,0.3,0.27,0.24,
楠梓,2024/04/18 00:00:00,NMHC,0.21,0.16,0.14,0.06,0.09,0.23,0.07,0.1,0.01,0.06,0.07,0.04,0.04,0.23,0.16,0.16,0.07,0.01,0.02,0,0,0,0,0,
楠梓,2024/04/18 00:00:00,NO,0.3,1,1,0.6,0.8,2.8,4.9,11.3,2.6,3.2,1.7,1.1,0.5,0.5,0.6,0.5,0.5,0.7,0.5,0.5,0.3,0.2,0.6,0.3,
楠梓,2024/04/18 00:00:00,NO2,16.3,16.2,17.4,12.4,15.1,17.4,19,18.3,8.1,11.8,8.6,6.8,5.6,5.4,6.2,7.9,8.3,9.2,12.6,12.3,10.2,8.9,6.8,5.2,
楠梓,2024/04/18 00:00:00,NOx,16.6,17.2,18.4,13,15.9,20.3,24,29.7,10.7,15.1,10.3,8,6.2,5.9,6.9,8.5,8.9,9.9,13.1,12.8,10.5,9.2,7.4,5.6,
楠梓,2024/04/18 00:00:00,O3,6.3,5.2,5.4,10.2,6.6,3.3,4.4,10,23.5,29.9,37.4,43.5,49.7,52.3,62.7,65.5,61.6,59.5,53.4,53.2,54.2,55.5,57.7,59.6,
楠梓,2024/04/18 00:00:00,PM10,52,34,32,30,31,34,34,37,31,42,#,55,50,44,56,51,55,41,42,33,27,30,36,32,
楠梓,2024/04/18 00:00:00,PM2.5,19,19,22,16,20,19,23,18,17,27,#,12,17,21,20,24,21,23,18,16,14,17,17,16,
楠梓,2024/04/18 00:00:00,RAINFALL,0,0,0,0,0,0,0,0,0,0,0,0,0,0,0,0,0,0,0,0,0,0,0,0,
楠梓,2024/04/18 00:00:00,RH,78,82,82,83,84,83,79,74,72,67,65,64,66,65,63,70,70,69,69,74,74,72,74,76,
楠梓,2024/04/18 00:00:00,SO2,1.1,1.8,1.5,1.1,1.3,1.2,1.1,2.1,1.5,1.5,1.3,1.5,1.4,0.9,1.4,1.4,1.2,1.3,1.4,1.1,1.1,0.9,1,1.1,
楠梓,2024/04/18 00:00:00,THC,2.55,2.48,2.46,2.21,2.33,2.59,2.26,2.23,2.04,2.1,2.07,2.02,2.01,2.2,2.16,2.17,2.09,2.04,2.07,2.04,2.03,2.03,2,1.99,
楠梓,2024/04/18 00:00:00,WD_HR,7,53,75,26,68,55,64,61,309,70,271,273,277,293,286,284,275,267,217,225,226,212,221,227,
楠梓,2024/04/18 00:00:00,WIND_DIREC,67,54,3,52,97,45,52,326,235,297,255,283,288,291,290,296,275,228,215,237,217,212,209,244,
楠梓,2024/04/18 00:00:00,WIND_SPEED,1.4,1.9,0.3,0.9,1.3,0.9,0.9,1.1,0.9,1.6,1.9,2.8,3.8,3.6,2.9,1.8,2,1.4,2.2,1.8,1.5,1.6,2,0.7,
楠梓,2024/04/18 00:00:00,WS_HR,0.6,1.4,0.5,0.4,0.4,0.9,1,0.9,1.1,0.4,1.8,2.1,2.7,2.7,2.5,2.1,1.6,1.1,1.4,1.8,1.5,1.5,1.5,0.8,
楠梓,2024/04/19 00:00:00,AMB_TEMP,27.4,27.1,27.3,26.7,26.3,26,26.1,27.6,28.1,28.9,29.6,31.3,32,32.7,32.1,31.6,31.1,29.9,29.2,28.6,28.3,28.2,28.1,27.8,
楠梓,2024/04/19 00:00:00,CH4,2.03,2.07,2.06,2.22,2.28,2.33,2.18,2.1,2.07,2.09,2.06,2.04,2.05,2.03,2.01,2.01,2.01,2.01,2.02,2.05,2.04,2.04,2.02,2.03,
楠梓,2024/04/19 00:00:00,CO,0.25,0.25,0.25,0.3,0.35,0.34,0.36,0.4,0.36,0.49,0.32,0.26,0.28,0.25,0.22,0.21,0.24,0.28,0.29,0.27,0.26,0.27,0.26,0.24,
楠梓,2024/04/19 00:00:00,NMHC,0.02,0.2,0,0.06,0.06,0.05,0.04,0.03,0.03,0.08,0.03,0,0,0,0,0,0,0,0.04,0.16,0.11,0.08,0.01,0.04,
楠梓,2024/04/19 00:00:00,NO,0.2,1.2,1.1,0.9,1,1.2,2.2,3.2,2.4,1.2,1.9,1.4,1.2,1.3,1.3,1.3,1.2,1.1,1,0.8,0.9,0.9,0.6,0.9,
楠梓,2024/04/19 00:00:00,NO2,5.6,5.6,4.2,8.3,13,18.1,18.4,12.9,14.2,12.5,13.4,6.8,6.3,5.7,5.1,5.4,6,8.5,7.4,5.8,5.3,5.4,5.9,5.2,
楠梓,2024/04/19 00:00:00,NOx,5.9,6.9,5.4,9.2,14.1,19.3,20.6,16.1,16.7,13.8,15.3,8.3,7.5,7,6.5,6.7,7.2,9.7,8.4,6.7,6.2,6.3,6.6,6.2,
楠梓,2024/04/19 00:00:00,O3,55.4,50.2,50.7,39.2,34.3,19.7,20.7,33.7,43.8,49.7,57.6,63,65.4,63.1,55.4,54.3,51.9,47.8,46.3,45.4,46.4,43.6,42.6,43.7,
楠梓,2024/04/19 00:00:00,PM10,28,26,20,38,38,40,51,51,40,64,69,49,38,27,33,40,40,40,32,34,36,26,27,28,
楠梓,2024/04/19 00:00:00,PM2.5,14,11,11,12,20,20,26,18,21,23,18,15,17,10,10,12,15,10,11,11,13,10,8,13,
楠梓,2024/04/19 00:00:00,RAINFALL,0,0,0,0,0,0,0,0,0,0,0,0,0,0,0,0,0,0,0,0,0,0,0,0,
楠梓,2024/04/19 00:00:00,RH,84,86,84,88,89,91,91,82,77,73,70,62,60,55,54,56,58,64,70,74,76,75,75,78,
楠梓,2024/04/19 00:00:00,SO2,1.1,0.9,0.7,1,1.3,1.1,1,1.3,1.2,1.4,1.1,0.9,1,0.9,0.8,0.9,0.6,0.7,0.6,0.7,0.6,0.5,0.7,0.7,
楠梓,2024/04/19 00:00:00,THC,2.05,2.27,2.05,2.28,2.34,2.38,2.22,2.13,2.1,2.17,2.09,2.04,2.04,2.03,1.99,1.98,1.99,1.99,2.06,2.21,2.15,2.12,2.03,2.07,
楠梓,2024/04/19 00:00:00,WD_HR,287,296,291,25,64,61,69,63,19,297,250,241,263,259,261,240,266,275,287,307,313,317,241,277,
楠梓,2024/04/19 00:00:00,WIND_DIREC,316,282,308,36,93,63,61,78,336,282,234,225,260,264,257,266,270,263,308,300,308,331,274,274,
楠梓,2024/04/19 00:00:00,WIND_SPEED,1.2,1.2,0.6,0.9,0.6,1,1.4,1,0.9,0.9,2.1,2.6,2.8,3,2.3,2.3,1.8,1.9,1.7,1.9,1.3,0.5,0.6,0.9,
楠梓,2024/04/19 00:00:00,WS_HR,0.6,0.5,0.6,0.5,0.9,0.9,1.2,1,0.7,0.9,1.5,1.9,2.3,2.3,2.2,2.2,1.6,1.8,1.5,1.6,1.1,0.8,0.4,0.9,
楠梓,2024/04/20 00:00:00,AMB_TEMP,27.4,26.2,26,25.7,25.6,25.2,25.5,27.6,29.3,31,32.6,33,32.8,33.5,33.4,32.5,32.8,31.4,29.7,28.6,28.1,27.9,27.7,27.1,
楠梓,2024/04/20 00:00:00,CH4,2.1,2.27,2.14,2.15,2.13,2.17,2.17,2.17,2.14,2.02,1.99,1.98,1.96,1.96,1.95,1.95,1.97,1.97,1.97,2,2.01,1.99,2.01,2.08,
楠梓,2024/04/20 00:00:00,CO,0.22,0.3,0.25,0.25,0.26,0.3,0.34,0.38,0.32,0.54,0.43,0.38,0.22,0.19,0.17,0.18,0.2,0.24,0.23,0.25,0.24,0.22,0.24,0.26,
楠梓,2024/04/20 00:00:00,NMHC,0,0.03,0,0,0.01,0.03,0.07,0.15,0.08,0.12,0.09,0.1,0.01,0.01,0,0,0.04,0,0,0.16,0.14,0.06,0.02,0.03,
楠梓,2024/04/20 00:00:00,NO,1,0.3,0.4,0.3,0.3,0.6,4.5,4.9,2.8,2.8,3.1,2.2,1.6,1,0.6,0.7,0.8,0.9,0.4,0.1,0,0,0.3,0.3,
楠梓,2024/04/20 00:00:00,NO2,4.2,14.5,11.2,10.7,12.1,18.7,22.3,21.4,10.7,13.6,12.4,11.5,8.8,6.5,4.9,4.6,6.3,10.6,9.2,11.9,7.4,7.3,7.2,10.2,
楠梓,2024/04/20 00:00:00,NOx,5.2,14.9,11.6,11.1,12.5,19.4,26.8,26.4,13.5,16.4,15.5,13.8,10.4,7.5,5.5,5.3,7.1,11.6,9.6,12.1,7.3,7.3,7.5,10.6,
楠梓,2024/04/20 00:00:00,O3,41.7,21.3,27.7,28.1,25.6,13.4,11.2,20.6,36.4,37.9,40.7,43.5,39.7,38.1,36.9,38.4,47.1,32.7,26.7,20.9,25.1,24.6,24.5,18.4,
楠梓,2024/04/20 00:00:00,PM10,29,39,35,39,29,30,31,42,38,48,44,46,29,25,33,33,50,51,34,32,37,37,34,29,
楠梓,2024/04/20 00:00:00,PM2.5,9,13,11,13,14,12,19,14,11,19,19,15,12,10,10,13,31,17,15,14,14,11,15,16,
楠梓,2024/04/20 00:00:00,RAINFALL,0,0,0,0,0,0,0,0,0,0,0,0,0,0,0,0,0,0,0,0,0,0,0,0,
楠梓,2024/04/20 00:00:00,RH,85,88,89,88,83,84,79,66,66,62,55,54,54,50,53,55,48,61,69,78,86,87,88,89,
楠梓,2024/04/20 00:00:00,SO2,0.6,0.3,0.5,1,0.6,0.5,1,3.4,3.6,3.8,3.7,3.5,1.1,0.6,0.6,0.5,4.7,2.2,0.9,1.1,0.6,0.7,0.8,1,
楠梓,2024/04/20 00:00:00,THC,2.09,2.3,2.13,2.15,2.14,2.2,2.24,2.32,2.22,2.14,2.08,2.08,1.97,1.97,1.93,1.94,2.01,1.97,1.95,2.16,2.15,2.05,2.03,2.11,
楠梓,2024/04/20 00:00:00,WD_HR,240,82,84,93,77,78,78,103,173,189,207,209,218,223,250,238,224,275,273,297,297,303,329,54,
楠梓,2024/04/20 00:00:00,WIND_DIREC,93,105,61,79,81,76,80,151,171,180,225,210,221,238,268,231,216,276,266,297,294,311,25,53,
楠梓,2024/04/20 00:00:00,WIND_SPEED,1.2,1.1,1.3,1,0.8,0.9,0.9,1.9,1.9,2.7,3.5,2.8,3.1,2.5,2.3,1.5,0.9,1.7,1.5,2,1.6,1.6,1.3,1.5,
楠梓,2024/04/20 00:00:00,WS_HR,0.1,1.2,0.9,1.2,0.9,0.6,0.8,1.1,2.1,2.6,2.7,2.8,2.7,2.1,2.2,1.6,1.2,1.5,1.5,1.3,1.6,1.4,1,1.4,
楠梓,2024/04/21 00:00:00,AMB_TEMP,26.9,26.7,26.3,25.5,25.2,25.1,26.1,28.2,30.2,32.3,34.2,36.1,36.1,36.7,36.7,34.4,32.4,31,29.9,29.4,28.9,28.9,28.4,28.7,
楠梓,2024/04/21 00:00:00,CH4,2.05,2.1,2.29,2.44,2.27,2.28,2.26,2.16,2.08,2.09,2.21,2,1.98,1.98,1.97,1.96,1.96,1.96,1.95,1.95,1.95,1.96,2.11,2.05,
楠梓,2024/04/21 00:00:00,CO,0.25,0.26,0.3,0.32,0.3,0.37,0.46,0.35,0.59,0.56,0.47,0.46,0.26,0.22,0.2,0.2,0.2,0.22,0.21,0.22,0.2,0.2,0.27,0.26,
楠梓,2024/04/21 00:00:00,NMHC,0.03,0.03,0.2,0.1,0.03,0.12,0.29,0.09,0.13,0.08,0.13,0.1,0.03,0.08,0.03,0,0,0,0,0,0,0,0,0.13,
楠梓,2024/04/21 00:00:00,NO,0.1,0,0,0.5,0.3,0.5,6.2,3.4,2.6,2.8,1.2,1.1,0.9,0.4,0.6,0.4,0.3,0.3,0,0,0,0.1,0,0,
楠梓,2024/04/21 00:00:00,NO2,9.7,8.7,10.3,14,12.1,15.4,24.5,15.2,14.3,14.6,13.8,13.6,8.6,6.9,6.8,6,5.4,5.8,5.7,6.8,7.4,6.3,9.3,9.6,
楠梓,2024/04/21 00:00:00,NOx,9.8,8.7,10.3,14.5,12.4,16,30.7,18.7,17,17.4,15.1,14.8,9.6,7.4,7.4,6.4,5.7,6.2,5.6,6.6,7.4,6.5,9,9.4,
楠梓,2024/04/21 00:00:00,O3,21.4,20.9,13.5,7.4,11.5,11.6,9.7,25.1,34.2,43.1,68.4,53.5,49.1,48.6,49.6,35.4,33.5,31,29.2,26.1,26.2,26.6,19,21.3,
楠梓,2024/04/21 00:00:00,PM10,30,31,34,45,36,39,47,38,49,50,51,41,28,32,28,33,30,33,27,30,65,30,36,37,
楠梓,2024/04/21 00:00:00,PM2.5,16,16,21,28,24,32,28,26,27,28,32,21,19,13,12,16,21,14,14,16,55,15,19,20,
楠梓,2024/04/21 00:00:00,RAINFALL,0,0,0,0,0,0,0,0,0,0,0,0,0,0,0,0,0,0,0,0,0,0,0,0,
楠梓,2024/04/21 00:00:00,RH,86,86,88,89,86,78,65,54,54,50,46,40,38,35,33,48,53,61,67,71,77,75,78,74,
楠梓,2024/04/21 00:00:00,SO2,1.2,1.4,1.5,1.2,1.4,1.4,2.4,2.2,7.1,8.6,7.4,4.8,2.3,1.6,1.5,1.2,1.5,1.5,1.3,1.5,2.1,1.5,1.3,1.5,
楠梓,2024/04/21 00:00:00,THC,2.08,2.13,2.49,2.54,2.3,2.4,2.55,2.25,2.21,2.17,2.34,2.1,2.01,2.06,2,1.95,1.94,1.93,1.92,1.92,1.92,1.92,2.11,2.18,
楠梓,2024/04/21 00:00:00,WD_HR,42,33,13,87,83,93,74,74,140,172,182,212,200,202,223,268,259,255,247,280,332,38,84,90,
楠梓,2024/04/21 00:00:00,WIND_DIREC,18,25,64,86,89,99,68,90,162,149,204,215,196,195,241,267,272,241,279,275,30,49,97,52,
楠梓,2024/04/21 00:00:00,WIND_SPEED,1.4,0.4,0.8,0.6,0.4,0.3,0.7,1.8,2,2.2,2.3,2.6,2.8,2.4,2,2.3,2.2,2.2,1.1,0.9,1,1.3,1.1,0.2,
楠梓,2024/04/21 00:00:00,WS_HR,0.7,0.5,0.3,0.7,0.6,0.4,0.5,1.3,1.5,1.8,1.4,2.2,2.6,2.6,1.9,2,1.7,1.4,1.2,1,0.9,1.1,1.3,0.6,
楠梓,2024/04/22 00:00:00,AMB_TEMP,28.8,28.6,27.5,27.5,27.5,27.1,27.8,28.6,30.1,32.6,34.3,35.1,35.3,34.5,32.3,31.8,31,29.9,29.5,29.2,28.9,28.7,28.5,28,
楠梓,2024/04/22 00:00:00,CH4,2.05,2.05,2.38,2.49,2.24,2.21,2.14,2.08,2.06,2.07,2.01,1.98,1.97,1.96,1.95,1.95,1.95,1.95,1.96,1.95,1.96,1.97,2.03,2.23,
楠梓,2024/04/22 00:00:00,CO,0.26,0.26,0.27,0.3,0.21,0.23,0.3,0.32,0.32,0.49,0.52,0.39,0.22,0.17,0.17,0.17,0.2,0.22,0.27,0.22,0.21,0.23,0.23,0.3,
楠梓,2024/04/22 00:00:00,NMHC,0.11,0.14,0.15,0.24,0.14,0.25,0.21,0.09,0.05,0.11,0.11,0.07,0.01,0,0,0,0,0,0,0,0,0.02,0,0.02,
楠梓,2024/04/22 00:00:00,NO,0,0.2,0.5,1.8,0.4,0.9,2.6,4.2,2.4,2.6,2.9,2.4,1.2,0.5,0.7,0.6,0.9,0.5,0.3,0.3,0.3,0,0,0.5,
楠梓,2024/04/22 00:00:00,NO2,10.5,14.9,14.3,21.4,12.7,16.1,21.9,15.1,10.5,14.1,17.2,14.3,9.9,5.8,6,5.9,7.4,9.4,10.2,9.3,5.8,7.3,6.6,15.2,
楠梓,2024/04/22 00:00:00,NOx,10.3,15.2,14.9,23.2,13.2,17.1,24.6,19.4,12.9,16.7,20.1,16.7,11.2,6.4,6.8,6.6,8.4,10,10.5,9.6,6.2,7.1,6.7,15.8,
楠梓,2024/04/22 00:00:00,O3,20,14.8,9.1,7.3,22,12.2,11.1,19.5,29.8,41.9,48.6,50.9,49.9,44.3,32.3,31.1,27,25.8,27,28.5,29.3,27.1,27.8,14.5,
楠梓,2024/04/22 00:00:00,PM10,36,44,37,44,44,41,41,48,46,65,63,43,46,50,39,42,47,32,25,26,31,26,26,37,
楠梓,2024/04/22 00:00:00,PM2.5,25,21,23,29,25,16,17,22,23,24,21,22,16,13,9,17,14,17,14,11,21,18,13,19,
楠梓,2024/04/22 00:00:00,RAINFALL,0,0,0,0,0,0,0,0,0,0,0,0,0,0,0,0,0,0,0,0,0,0,0,0,
楠梓,2024/04/22 00:00:00,RH,71,74,80,85,88,91,87,84,71,57,52,48,47,51,62,64,68,75,74,76,79,80,82,85,
楠梓,2024/04/22 00:00:00,SO2,1.8,1.7,2.1,10.5,4.5,4.6,6,5.3,2.3,4.4,4.8,4.7,2.5,1.5,1.5,1.4,1.5,1.3,1.2,1.2,1.4,1.4,1.5,1.6,
楠梓,2024/04/22 00:00:00,THC,2.16,2.19,2.53,2.73,2.38,2.46,2.35,2.17,2.11,2.18,2.12,2.05,1.98,1.95,1.94,1.95,1.93,1.92,1.95,1.93,1.94,1.99,2.02,2.25,
楠梓,2024/04/22 00:00:00,WD_HR,131,211,92,85,159,106,109,143,164,193,190,191,215,216,245,270,262,276,270,271,319,315,43,87,
楠梓,2024/04/22 00:00:00,WIND_DIREC,174,77,94,80,159,94,90,160,145,213,190,195,198,238,237,261,277,270,241,278,296,314,87,80,
楠梓,2024/04/22 00:00:00,WIND_SPEED,0.2,0.2,1,0.6,2.2,1,1.6,2.8,1.4,1.5,2.2,2.7,3.6,2.3,2.7,2.7,2,1.5,1.7,1.4,0.8,1.2,1.1,0.8,
楠梓,2024/04/22 00:00:00,WS_HR,0.1,0.3,0.5,0.6,1.4,1.1,0.8,1.8,1.9,1,2,2.3,2.2,2.5,1.9,1.9,1.5,1.5,1.2,0.8,1,0.8,0.6,0.7,
楠梓,2024/04/23 00:00:00,AMB_TEMP,28.1,27.9,27.4,27.4,27.4,27.6,27.5,28.1,28.8,30.3,32.3,32.1,31.7,31.1,30.7,30.3,29.9,29.1,28.7,28.5,28.4,28.5,28.3,28.1,
楠梓,2024/04/23 00:00:00,CH4,2.04,2.09,2.12,2.13,2.17,2.12,2.29,2.09,2.08,2.06,1.99,1.95,1.95,#,#,1.95,1.95,1.95,1.97,2,2,2.03,2.1,2.13,
楠梓,2024/04/23 00:00:00,CO,0.26,0.29,0.26,0.26,0.27,0.28,0.38,0.38,0.39,0.42,0.3,0.19,0.18,#,#,0.19,0.21,0.28,0.29,0.26,0.28,0.32,0.33,0.32,
楠梓,2024/04/23 00:00:00,NMHC,0.04,0.03,0.1,0.06,0.06,0.43,0.19,0.08,0.11,0.2,0.08,0,0,#,#,0.27,0.03,0.05,0.13,0.19,0.3,0.13,0.15,0.44,
楠梓,2024/04/23 00:00:00,NO,0.2,0.3,0.5,0.4,0.4,0.9,9.3,3.9,4,4.1,2.1,1.3,0.9,#,#,#,#,1.1,0.5,0.4,0.7,0.4,0.4,0.6,
楠梓,2024/04/23 00:00:00,NO2,11.7,13.1,11.1,10.1,13.5,12.9,20.5,16.6,21.1,20.2,11.3,6.6,4.7,#,#,#,#,12.8,11.2,9.4,8.1,10.4,14.2,14.1,
楠梓,2024/04/23 00:00:00,NOx,11.9,13.5,11.6,10.5,13.9,13.9,29.9,20.6,25.1,24.3,13.5,7.9,5.7,#,#,#,#,13.9,11.7,9.9,8.8,10.8,14.6,14.8,
楠梓,2024/04/23 00:00:00,O3,21,18.1,12.9,14.6,12.7,17.9,9.3,17.5,21.4,29.9,45.2,40.9,39.2,#,#,#,29.7,24.4,25.2,26,24.2,22.3,15,11.7,
楠梓,2024/04/23 00:00:00,PM10,35,40,39,40,43,38,57,58,50,68,68,49,46,40,#,52,41,47,37,34,36,37,50,50,
楠梓,2024/04/23 00:00:00,PM2.5,18,23,23,28,23,20,32,26,26,22,26,21,18,#,#,18,19,22,22,22,22,26,31,31,
楠梓,2024/04/23 00:00:00,RAINFALL,0,0,0,0,0,0,0,0,0,0,0,0,0,#,0,0,0.5,0,0,0,0,0,0,0,
楠梓,2024/04/23 00:00:00,RH,83,78,86,84,84,86,85,83,80,71,59,56,56,54,59,62,66,74,74,77,76,76,79,80,
楠梓,2024/04/23 00:00:00,SO2,1.6,1.4,1.4,1.4,2.2,1.7,1.5,1.7,1.6,2.3,1.8,1.3,1.1,#,#,#,#,1,1,1.1,1.1,1.5,1.8,1.6,
楠梓,2024/04/23 00:00:00,THC,2.08,2.12,2.22,2.19,2.23,2.55,2.48,2.17,2.19,2.26,2.07,1.95,1.95,#,#,2.22,1.98,2,2.1,2.19,2.3,2.16,2.25,2.57,
楠梓,2024/04/23 00:00:00,WD_HR,56,65,52,342,47,297,82,104,59,162,235,261,240,252,261,262,275,281,265,293,316,331,34,322,
楠梓,2024/04/23 00:00:00,WIND_DIREC,28,69,61,4,71,320,102,76,50,206,249,245,228,256,236,309,284,272,307,301,303,309,63,318,
楠梓,2024/04/23 00:00:00,WIND_SPEED,0.3,1.1,0.7,0.4,0.5,0.7,1,1,0.8,1.9,2.2,2.2,2.8,1.7,1.8,1.1,1.8,1,2,0.9,1.1,0.6,1.2,0.9,
楠梓,2024/04/23 00:00:00,WS_HR,0.7,0.9,0.7,0.4,0.6,0.4,0.7,0.3,1,0.2,1.5,2.4,1.9,1.8,1.5,1.1,1.1,0.9,0.7,1.3,0.7,0.5,0.9,0.4,
楠梓,2024/04/24 00:00:00,AMB_TEMP,28.2,28.1,27.6,27.2,27.1,27,27,27.9,29.4,30.4,29.7,28.3,29.9,30.9,30.1,29.2,28.7,27.2,25.5,25.8,25.8,26,25.3,25.5,
楠梓,2024/04/24 00:00:00,CH4,2.08,2.04,1.98,1.97,2,2.09,2.1,2.11,2.03,2.01,2.02,1.99,1.97,1.96,1.96,1.97,1.98,2.03,2.02,2.05,#,#,#,#,
楠梓,2024/04/24 00:00:00,CO,0.25,0.18,0.16,0.16,0.19,0.2,0.27,0.36,0.32,0.3,0.33,0.26,0.19,0.17,0.18,0.22,0.26,0.27,0.35,0.45,#,#,#,#,
楠梓,2024/04/24 00:00:00,NMHC,0.4,0.36,0.34,0,0.02,0.02,0.04,0.03,0.07,0.24,0.11,0.59,0.27,0.04,0,0.05,0.02,0.04,0.07,0.2,#,#,#,#,
楠梓,2024/04/24 00:00:00,NO,0.6,0.3,0.3,0.6,0.2,0.6,1.6,3.6,2.4,1.6,1.3,2.3,1.2,0.9,1.1,0.8,0.6,1,0.9,2.2,1.8,3.3,2.1,0.6,
楠梓,2024/04/24 00:00:00,NO2,10.1,4.9,4.3,5.3,6,8.8,15,15.2,12.5,14.3,15.2,16.1,7,5.7,7.5,15,11.5,13.6,16,27.1,28,25.4,17.9,17.6,
楠梓,2024/04/24 00:00:00,NOx,10.7,5.3,4.7,6,6.2,9.5,16.7,18.8,14.9,15.9,16.6,18.5,8.2,6.7,8.7,15.8,12.2,14.6,17,29.3,29.8,28.7,20.1,18.3,
楠梓,2024/04/24 00:00:00,O3,20.7,24.8,27.6,29.2,27,18.4,13.6,16.2,28,40.9,35.6,26.9,36,31.8,24.7,29.4,34.7,24.1,17.6,5.9,3.7,6.8,10.5,8,
楠梓,2024/04/24 00:00:00,PM10,38,33,36,35,33,37,60,44,43,62,78,35,31,21,29,38,41,40,34,23,33,27,23,25,
楠梓,2024/04/24 00:00:00,PM2.5,20,28,22,21,25,20,44,31,25,21,23,13,13,17,13,13,14,14,22,12,14,12,15,11,
楠梓,2024/04/24 00:00:00,RAINFALL,0,0,0,0,0,0,0,0,0,0,0.5,0.5,0,0,0,0,0,4,1.5,0,0,0,0,0,
楠梓,2024/04/24 00:00:00,RH,82,87,91,91,91,90,88,85,72,60,65,71,66,58,58,67,73,82,95,96,96,93,95,94,
楠梓,2024/04/24 00:00:00,SO2,1.3,1.3,1.2,1.4,1.6,1.4,1.9,1.6,1.8,2.4,2.1,1.7,1.4,1.3,1.5,1.5,1.6,1.5,1.4,1.9,2.1,4.6,3.7,2.2,
楠梓,2024/04/24 00:00:00,THC,2.48,2.4,2.32,1.94,2.02,2.11,2.14,2.14,2.1,2.25,2.13,2.58,2.24,2,1.95,2.02,2,2.07,2.09,2.25,#,#,#,#,
楠梓,2024/04/24 00:00:00,WD_HR,296,305,300,37,62,56,92,71,10,295,242,306,296,274,270,292,33,51,115,195,190,115,87,74,
楠梓,2024/04/24 00:00:00,WIND_DIREC,308,310,318,34,63,59,86,75,339,247,285,309,312,270,278,324,49,54,174,204,166,83,95,62,
楠梓,2024/04/24 00:00:00,WIND_SPEED,1.2,1.3,2.3,1.3,1,1.2,0.7,1,0.7,1.1,1,1.5,1.1,1.9,1.5,1.9,1.8,1.2,1.4,1.2,1.4,1.1,0.8,0.8,
楠梓,2024/04/24 00:00:00,WS_HR,0.8,0.8,1.6,1,1.1,1.4,0.9,1.3,0.2,0.5,1.1,1.1,1,1.3,1.3,1.3,0.9,2.7,0.4,1.2,1.1,0.6,0.9,0.2,
楠梓,2024/04/25 00:00:00,AMB_TEMP,25.1,25,24.9,25.1,25.2,25.4,24.9,22.6,22.7,23.8,24.7,26.5,27.6,25.6,24.9,24.4,24,23.9,23.6,23.5,23.1,22.9,23.3,24.3,
楠梓,2024/04/25 00:00:00,CH4,#,#,#,#,#,#,#,#,#,#,#,2.06,2.07,2.02,2.01,2.06,2.05,2.07,2.06,2.05,2.03,2.02,2.01,2.06,
楠梓,2024/04/25 00:00:00,CO,#,#,#,#,#,#,#,#,#,#,#,0.33,0.37,0.34,0.29,0.38,0.43,0.47,0.36,0.32,0.25,0.23,0.23,0.24,
楠梓,2024/04/25 00:00:00,NMHC,#,#,#,#,#,#,#,#,#,#,#,0.21,0.25,0.05,0.35,0.19,0.15,0.08,0.01,0.01,0,0,0,0.22,
楠梓,2024/04/25 00:00:00,NO,2,1.3,0.7,1,2.1,3.5,5,1,2,5.3,6.2,4.9,2.5,1.1,0.9,2.3,2.6,2.8,1.6,0.8,0.7,0.4,0.7,1,
楠梓,2024/04/25 00:00:00,NO2,19.3,13.5,13.6,14,14.5,15.4,14.4,12.8,26.4,37.2,24.7,19.6,19.6,16.2,16.9,33.8,34.1,28.7,16.5,12.8,7.3,6,6.2,17.7,
楠梓,2024/04/25 00:00:00,NOx,21.4,14.9,14.4,15,16.6,19,19.4,13.9,28.4,42.6,31,24.6,22.1,17.4,17.9,36.1,36.7,31.5,18.1,13.7,8.1,6.4,6.9,18.7,
楠梓,2024/04/25 00:00:00,O3,3.2,8.2,8.3,6.4,3.8,4.8,13.1,43.8,25,16.6,27,40.3,47,46.9,39.9,21.3,17.6,19.9,35.5,37,47.5,45.3,42.4,19.3,
楠梓,2024/04/25 00:00:00,PM10,27,25,36,40,36,32,30,16,23,21,25,28,29,20,21,20,14,16,16,14,11,10,8,11,
楠梓,2024/04/25 00:00:00,PM2.5,12,18,23,22,22,21,13,10,16,9,16,18,11,7,7,13,13,12,9,7,7,3,0,3,
楠梓,2024/04/25 00:00:00,RAINFALL,0,0,0,0,0,0,8.5,21.5,0,0,0,0,1,3,5.5,9.5,17.5,0.5,2.5,7,6.5,0,0,0,
楠梓,2024/04/25 00:00:00,RH,97,97,97,95,94,92,91,98,100,98,90,79,72,89,96,99,100,100,100,100,100,100,99,96,
楠梓,2024/04/25 00:00:00,SO2,1.5,0.9,0.6,0.4,0.7,0.6,0.9,0.7,0.6,1.4,1.8,3.4,3,1.7,0.9,1.1,1,0.7,0.7,0.6,0.5,0.7,0.7,2.3,
楠梓,2024/04/25 00:00:00,THC,#,#,#,#,#,#,#,#,#,#,#,2.27,2.32,2.07,2.36,2.25,2.2,2.15,2.07,2.06,2.01,1.98,1.98,2.28,
楠梓,2024/04/25 00:00:00,WD_HR,62,70,67,67,58,62,46,9,75,159,141,148,179,227,197,85,69,74,83,47,43,67,81,147,
楠梓,2024/04/25 00:00:00,WIND_DIREC,50,96,55,73,64,53,54,24,#,86,103,164,214,203,93,97,65,100,89,58,49,69,125,158,
楠梓,2024/04/25 00:00:00,WIND_SPEED,1.6,1,0.5,0.8,1.2,1.3,7.1,0.6,#,0.7,1,2.2,1.7,0.8,0.4,0.4,1.3,2.2,2.1,3.6,4,3.2,0.2,1.1,
楠梓,2024/04/25 00:00:00,WS_HR,0.9,1.1,0.7,0.7,1.1,1.5,2.1,0.7,0.5,0.8,1.3,1.1,1.5,1.2,0,0.7,1.5,2.1,2.2,2.1,3.2,2.6,1,0.4,
楠梓,2024/04/26 00:00:00,AMB_TEMP,24.5,25.1,25.4,25.5,25.4,25.3,25.1,25.5,26.1,24.8,24.8,25.9,24.6,22.8,22.2,22.7,23.4,23.7,23.9,24.2,24.1,24.6,24.9,25,
楠梓,2024/04/26 00:00:00,CH4,2.07,2.09,2.04,2.02,2.04,2.01,2.04,2.02,2.1,2.07,2,1.99,2,2.01,1.98,1.98,1.99,2.03,2.05,2.12,2.13,2.14,2.07,2.03,
楠梓,2024/04/26 00:00:00,CO,0.22,0.19,0.22,0.21,0.18,0.2,0.27,0.39,0.34,0.33,0.25,0.27,0.26,0.23,0.21,0.22,0.23,0.29,0.45,0.38,0.33,0.32,0.3,0.22,
楠梓,2024/04/26 00:00:00,NMHC,0.22,0.18,0.2,0.22,0.12,0.12,0.14,0.09,0.13,0.35,0.02,0.03,0.03,0.01,0,0,0,0.03,0.28,0.63,0.42,0.38,0.34,0.28,
楠梓,2024/04/26 00:00:00,NO,0.6,0.5,0.4,0.3,0.6,0.1,1.8,2.8,2.3,2.4,2.1,3.2,2.1,0.8,0.8,1.1,1,0.7,1,1.5,1.2,0.6,0.6,0.5,
楠梓,2024/04/26 00:00:00,NO2,10.3,10.8,9.4,9.2,12.4,8.8,20.4,16.7,18.3,17.5,13.3,18.3,16.7,12.5,13.4,13.6,11.5,12.8,30.5,35.1,25.9,25.1,21.5,14.8,
楠梓,2024/04/26 00:00:00,NOx,11,11.4,9.8,9.5,13,8.9,22.2,19.5,20.7,19.9,15.4,21.5,18.9,13.3,14.3,14.8,12.6,13.6,31.5,36.6,27.1,25.8,22.2,15.3,
楠梓,2024/04/26 00:00:00,O3,21.1,19,22.1,27.7,20.9,26.5,19.3,26,21.3,33.8,40.9,21.8,25.3,38,44.2,39.4,38.5,37.3,20.3,12.8,17.5,15,16.3,21.7,
楠梓,2024/04/26 00:00:00,PM10,10,19,16,17,19,19,16,24,26,16,22,19,10,13,8,11,8,11,14,11,20,18,24,15,
楠梓,2024/04/26 00:00:00,PM2.5,3,6,6,3,8,5,6,7,9,12,7,5,6,10,4,1,3,4,8,7,5,9,6,4,
楠梓,2024/04/26 00:00:00,RAINFALL,0,0,0,0,0,0,0,0,0,0,0,0,0,0,0,0,0,0,0,0,0,0,0,0,
楠梓,2024/04/26 00:00:00,RH,95,97,96,94,97,97,100,99,95,93,90,89,92,98,99,97,92,88,88,87,87,86,86,87,
楠梓,2024/04/26 00:00:00,SO2,1.8,2.2,1.4,1.4,3.4,2.5,3.1,2,2.1,1.4,1,1,1.1,0.9,1.2,0.9,0.9,1.3,1.5,5.1,3.5,3.7,3.1,3,
楠梓,2024/04/26 00:00:00,THC,2.29,2.27,2.24,2.24,2.16,2.13,2.18,2.11,2.23,2.42,2.02,2.02,2.03,2.02,1.98,1.97,1.98,2.06,2.33,2.75,2.55,2.52,2.41,2.31,
楠梓,2024/04/26 00:00:00,WD_HR,156,154,155,158,147,161,122,91,113,309,62,67,45,6,60,86,98,83,106,107,153,159,174,148,
楠梓,2024/04/26 00:00:00,WIND_DIREC,129,153,158,104,158,167,93,91,76,325,78,65,45,36,68,97,87,63,159,92,160,143,172,160,
楠梓,2024/04/26 00:00:00,WIND_SPEED,0.5,2,2.9,0.5,1.9,1.6,1.5,1.8,0.8,1.8,2,1.9,2.7,3.7,3.7,3.4,2.9,1.7,0.2,1.4,2.2,2.6,2.6,3.3,
楠梓,2024/04/26 00:00:00,WS_HR,1.6,1.3,2.6,1.6,1.2,2.2,1.1,1.5,0.5,1.4,1.6,2.5,2.3,2.8,2.9,2.8,3.1,1.4,0.5,0.4,0.9,1.9,2.1,1.7,
楠梓,2024/04/27 00:00:00,AMB_TEMP,25,24.9,24.7,25.1,24.6,24.4,24.8,24.6,24.4,24.8,24.8,24.4,24.6,24.9,26.4,27.6,28.9,27.5,26.9,26.5,26.1,25.9,25.7,25.4,
楠梓,2024/04/27 00:00:00,CH4,2.06,2.04,2.03,2.04,2.16,2.1,1.99,2.06,2.05,2.08,2.01,2,2.04,2.08,2.04,2.04,2.04,2.05,2.14,2.2,2.22,2.24,2.3,2.17,
楠梓,2024/04/27 00:00:00,CO,0.26,0.23,0.19,0.23,0.24,0.25,0.22,0.3,0.32,0.34,0.33,0.36,0.33,0.29,0.27,0.27,0.35,0.51,0.71,0.61,0.57,0.62,0.67,0.4,
楠梓,2024/04/27 00:00:00,NMHC,0.38,0.65,0.09,0.35,0.34,0.16,0.14,0.17,0.3,0.32,0.13,0.13,0.19,0.31,0.19,0.08,0.24,0.39,0.23,0.18,0.22,0.35,0.24,0.09,
楠梓,2024/04/27 00:00:00,NO,0.3,0.6,0.4,0.6,0.7,0.6,0.6,1.6,1.9,3.8,1.5,1.9,2.1,2.3,2.2,2.4,1.6,1.1,0.8,1,0.6,0.7,0.7,0.3,
楠梓,2024/04/27 00:00:00,NO2,13.8,10.8,8.5,13.7,16.4,13.2,12.7,16.6,20.9,23.9,16.6,22.9,18.8,17.3,14.6,14.1,16.2,20.2,30.7,26.3,24.7,21,21.7,16.2,
楠梓,2024/04/27 00:00:00,NOx,14.2,11.5,9,14.3,17.2,13.8,13.4,18.3,22.9,27.7,18.2,24.8,20.9,19.6,16.9,16.5,17.8,21.4,31.5,27.4,25.3,21.7,22.5,16.6,
楠梓,2024/04/27 00:00:00,O3,23.1,30.4,30.6,28.6,21.3,32.4,28.7,22.1,18.3,23.1,34.7,32.1,33.9,36.9,45.9,45.2,49,43.4,27.3,24.2,20.9,16.5,22,26.8,
楠梓,2024/04/27 00:00:00,PM10,14,16,12,16,18,21,18,19,23,20,17,28,16,22,21,18,31,27,35,33,43,39,45,32,
楠梓,2024/04/27 00:00:00,PM2.5,4,8,6,12,8,6,7,5,11,7,9,7,10,10,6,8,12,8,9,14,23,23,21,15,
楠梓,2024/04/27 00:00:00,RAINFALL,0,0,0,0,0,0,0,0,0,0,0,0,0,0,0,0,0,0,0,0,0,0,0,0,
楠梓,2024/04/27 00:00:00,RH,89,91,91,90,92,92,93,96,98,98,96,96,97,93,82,74,68,76,81,85,86,86,86,87,
楠梓,2024/04/27 00:00:00,SO2,2.4,1.8,1.6,1.8,2.5,2.1,0.9,2,1.3,2.1,1.3,1,1.7,3,2.2,2.2,1.7,1.8,1.4,1,1,1,1.2,0.9,
楠梓,2024/04/27 00:00:00,THC,2.44,2.69,2.12,2.39,2.5,2.26,2.13,2.23,2.35,2.4,2.14,2.13,2.23,2.39,2.23,2.12,2.28,2.44,2.37,2.38,2.44,2.59,2.54,2.26,
楠梓,2024/04/27 00:00:00,WD_HR,151,159,215,160,133,185,158,120,166,147,192,107,151,142,156,72,220,303,33,1,30,313,13,46,
楠梓,2024/04/27 00:00:00,WIND_DIREC,142,181,209,126,104,165,130,167,154,161,207,96,159,180,56,122,256,113,40,319,47,311,39,30,
楠梓,2024/04/27 00:00:00,WIND_SPEED,2.1,1.3,1.4,0.6,1.4,2.2,1.6,1.6,1.7,3.1,0.6,0.9,2.7,2,0.5,0.9,0.8,0.5,1.2,1,0.3,1.5,1.6,2.5,
楠梓,2024/04/27 00:00:00,WS_HR,1,2.3,0.4,1.4,0.7,1.7,2.3,1.3,1.1,1.5,1.8,0.5,1.8,1.3,1.5,1.1,0.7,0.2,0.7,0.8,0.7,1,1,2.2,
楠梓,2024/04/28 00:00:00,AMB_TEMP,25.2,24.6,23.1,22.8,22.8,22.9,23.5,24.6,24.7,25.9,27.3,27.2,26.5,26.5,27.4,28.8,29.7,29.7,29.1,28.5,27.7,27.8,26.8,26.2,
楠梓,2024/04/28 00:00:00,CH4,2.15,2.17,2.02,2.03,2.07,2.05,2.03,2.06,2.08,2.01,1.99,1.98,2,2,1.99,1.98,2.03,2.08,2.11,2.2,2.32,2.15,2.21,2.42,
楠梓,2024/04/28 00:00:00,CO,0.3,0.25,0.19,0.2,0.2,0.23,0.26,0.33,0.28,0.21,0.19,0.2,0.23,0.23,0.22,0.23,0.3,0.46,0.81,1.32,1,0.5,0.53,0.58,
楠梓,2024/04/28 00:00:00,NMHC,0.02,0.06,0,0,0.01,0.01,0,0.02,0.03,0,0,0,0,0,0,0,0.12,0.31,0.46,0.89,0.44,0.12,0.63,0.44,
楠梓,2024/04/28 00:00:00,NO,0.4,0,0,0.2,0,0.1,0.3,1.5,1.4,1.1,0.4,0.2,0.2,0.3,0.3,0.6,1,1.6,0.8,13.1,19.3,5.1,1.6,0.4,
楠梓,2024/04/28 00:00:00,NO2,9.4,7.7,4.4,5.8,5,6.1,8.6,10.6,8.8,6,3.9,3.7,4.1,5.5,5.3,6.2,13.1,21.5,31,42,32.3,23,20.5,22.1,
楠梓,2024/04/28 00:00:00,NOx,9.8,7.7,4.5,6.1,5,6.2,9,12.2,10.2,7.1,4.3,3.9,4.4,5.8,5.7,6.8,14.2,23.2,31.9,55.1,51.6,28.1,22.2,22.5,
楠梓,2024/04/28 00:00:00,O3,33.6,36.6,55.9,53.3,51.9,40.8,32.7,25.3,28.5,54.5,60.2,57.9,55.2,56.8,57.3,49.2,32,20.2,9.8,x,x,2.3,3.2,5.9,
楠梓,2024/04/28 00:00:00,PM10,29,24,20,20,17,12,18,17,22,13,12,12,14,13,9,9,20,22,23,34,31,29,27,37,
楠梓,2024/04/28 00:00:00,PM2.5,9,12,11,16,9,13,9,8,10,6,5,6,6,7,5,7,5,7,11,13,19,15,14,14,
楠梓,2024/04/28 00:00:00,RAINFALL,0,0,0,0,0,0,0,0,0,0,0,0,0,0,0,0,0,0,0,0,0,0,0,0,
楠梓,2024/04/28 00:00:00,RH,88,96,100,100,100,100,98,94,91,82,70,67,69,67,63,60,61,64,66,69,75,69,75,84,
楠梓,2024/04/28 00:00:00,SO2,0.7,1,1.1,0.9,1.1,1,1,1.1,1.1,1.3,1.3,1.2,1.1,1.3,1.3,1.2,2.9,4.4,2.1,1.6,1.5,1.5,1.5,1.3,
楠梓,2024/04/28 00:00:00,THC,2.17,2.23,2,2.02,2.08,2.06,2.03,2.08,2.11,2.01,1.97,1.96,1.99,1.99,1.98,1.97,2.15,2.39,2.57,3.09,2.76,2.27,2.84,2.86,
楠梓,2024/04/28 00:00:00,WD_HR,349,300,331,55,11,64,68,61,3,17,25,33,340,348,45,97,113,102,46,87,74,77,305,313,
楠梓,2024/04/28 00:00:00,WIND_DIREC,325,273,71,65,303,89,58,358,4,34,33,9,12,9,99,97,126,341,58,77,71,72,329,318,
楠梓,2024/04/28 00:00:00,WIND_SPEED,2.5,2.4,1.8,0.9,0.9,0.2,1.1,0.8,2.9,4.2,5,2.2,2.4,2.3,2,2.3,0.6,0.8,0.2,0.4,1.3,0.2,1.1,0.9,
楠梓,2024/04/28 00:00:00,WS_HR,1.5,1.3,0.8,1.2,0.5,0.5,1,0.3,1.8,2.6,3.4,3.3,2.5,2.5,1.4,2.4,0.8,0.2,0.1,0.1,0.7,0.6,0.5,0.8,
楠梓,2024/04/29 00:00:00,AMB_TEMP,25.8,25.3,25.2,25.1,24.7,24.5,24.9,26.6,28.4,29.4,31,32.3,31.9,32,32.1,31.4,30.5,29.7,28.9,28.2,27.8,27.5,27.3,26.9,
楠梓,2024/04/29 00:00:00,CH4,2.49,2.26,2.2,2.2,2.28,2.32,2.24,2.2,2.06,2.01,2.01,2.02,1.97,1.97,1.97,1.96,1.96,1.96,1.99,2.03,2.04,2.08,2.16,2.31,
楠梓,2024/04/29 00:00:00,CO,0.57,0.33,0.31,0.27,0.31,0.36,0.4,0.59,0.28,0.24,0.24,0.24,0.18,0.16,0.16,0.16,0.2,0.21,0.26,0.29,0.33,0.34,0.36,0.42,
楠梓,2024/04/29 00:00:00,NMHC,0.2,0.17,0.04,0.01,0.03,0.06,0.08,0.1,0,0.01,0.09,0.06,0.01,0.06,0,0.04,0.06,0.37,0.98,0.86,0.14,0.07,0.11,0.17,
楠梓,2024/04/29 00:00:00,NO,0.5,0.4,0.7,0.5,0.8,1.4,7.9,13.2,3.8,1.7,2,1.1,0.8,0.7,0.8,0.9,0.9,0.6,0.7,0.5,0.7,0.7,0.7,0.9,
楠梓,2024/04/29 00:00:00,NO2,22.7,13.2,12.8,10.2,11.1,15.7,21.2,24.5,10.8,10.3,11.6,8.2,4.7,3.4,3.7,4.1,4.8,5.7,8,10.4,11.4,9.1,12,18.6,
楠梓,2024/04/29 00:00:00,NOx,23.3,13.6,13.5,10.8,12,17.1,29.2,37.7,14.6,12,13.6,9.3,5.6,4.1,4.6,5,5.7,6.4,8.8,10.9,12.1,9.9,12.8,19.5,
楠梓,2024/04/29 00:00:00,O3,7.2,5.1,11.5,15.1,14.2,7.3,3.5,9.5,37.6,41.3,46.7,55.9,48.1,43.5,37.2,35,35.4,30.9,24.8,21.5,23.4,24.7,18.7,9,
楠梓,2024/04/29 00:00:00,PM10,37,22,32,25,31,28,22,31,22,32,30,25,21,16,23,21,20,20,16,25,29,28,33,44,
楠梓,2024/04/29 00:00:00,PM2.5,22,21,11,8,12,16,10,15,12,10,15,11,11,9,7,9,7,5,12,9,12,11,13,18,
楠梓,2024/04/29 00:00:00,RAINFALL,0,0,0,0,0,0,0,0,0,0,0,0,0,0,0,0,0,0,0,0,0,0,0,0,
楠梓,2024/04/29 00:00:00,RH,87,86,88,88,92,94,87,79,69,64,60,57,56,58,58,61,66,68,74,82,86,88,89,90,
楠梓,2024/04/29 00:00:00,SO2,1.4,0.7,0.7,0.9,0.9,1.7,1.6,1.9,1.8,0.9,1.3,0.8,0.6,0.5,0.5,0.5,0.5,0.5,0.4,0.4,0.6,0.5,0.5,1.6,
楠梓,2024/04/29 00:00:00,THC,2.69,2.43,2.24,2.21,2.31,2.38,2.32,2.3,2.05,2.02,2.1,2.08,1.98,2.03,1.96,2,2.02,2.33,2.97,2.89,2.18,2.15,2.27,2.48,
楠梓,2024/04/29 00:00:00,WD_HR,34,52,51,38,54,40,63,76,52,344,281,267,280,287,276,283,284,295,307,301,295,306,326,345,
楠梓,2024/04/29 00:00:00,WIND_DIREC,56,56,41,54,92,55,91,99,39,45,264,274,270,269,284,288,299,288,313,274,307,315,52,57,
楠梓,2024/04/29 00:00:00,WIND_SPEED,1.3,1.2,0.6,0.6,0.2,0.2,0.4,1.3,0.6,0.5,1.2,2.1,2.3,1.9,2.2,1.8,2.1,1.3,1.1,0.5,0.7,1.1,0.2,0.2,
楠梓,2024/04/29 00:00:00,WS_HR,0.7,1.3,0.7,0.5,0.1,0.1,0.5,0.6,0.7,0.7,0.5,1.2,2.1,1.8,1.7,1.7,1.5,1.3,1.1,0.6,0.7,1.1,0.2,0.1,
楠梓,2024/04/30 00:00:00,AMB_TEMP,26.8,26.2,25.8,25.4,25.2,25.2,26,28.1,30.1,32,33.5,34.5,34.7,34.6,34.2,33.2,31.6,29.9,26.9,25,25.7,25.9,25.6,25.9,
楠梓,2024/04/30 00:00:00,CH4,2.23,2.41,2.24,2.23,2.36,2.39,2.4,2.24,2.07,2.17,1.97,1.95,1.93,1.92,1.92,1.92,1.92,1.94,1.99,2.02,2.01,2.04,2.12,2.03,
楠梓,2024/04/30 00:00:00,CO,0.35,0.37,0.3,0.28,0.3,0.35,0.51,0.48,0.54,0.65,0.31,0.37,0.23,0.14,0.14,0.14,0.15,0.24,0.32,0.35,0.36,0.39,0.41,0.31,
楠梓,2024/04/30 00:00:00,NMHC,0.15,0.27,0.11,0.07,0.05,0.14,0.18,0.32,0.28,0.18,0.1,0.09,0.03,0.01,0,0,0.06,0.22,0.05,0.02,0.03,0.06,0.14,0.11,
楠梓,2024/04/30 00:00:00,NO,1,8.4,2.9,3.4,8.2,15.6,28.4,13.5,8.6,8.2,5.8,4.7,3.6,2.4,2.2,2.1,1.5,1.2,1,0.9,1,1,1,0.9,
楠梓,2024/04/30 00:00:00,NO2,18,18.4,15.6,16,17.7,17.4,20.7,20.2,21.9,23,14.2,13.1,9.5,6,5.2,4.5,4.2,6.4,9.1,11,13.1,11.6,15.1,11.7,
楠梓,2024/04/30 00:00:00,NOx,19,26.8,18.5,19.4,26,33.1,49.2,33.8,30.5,31.2,20,17.8,13.1,8.5,7.4,6.7,5.7,7.6,10.1,12,14.1,12.7,16.1,12.6,
楠梓,2024/04/30 00:00:00,O3,10.5,1.2,4.9,3.4,0.5,0.3,0.6,9.5,18.8,28.3,26.2,29.2,23.2,22,21,14.7,16.1,22.7,44.3,46.8,38.9,34.6,26.6,29.5,
楠梓,2024/04/30 00:00:00,PM10,33,40,38,28,29,27,34,37,40,45,26,35,23,16,#,31,21,27,27,24,20,22,26,16,
楠梓,2024/04/30 00:00:00,PM2.5,18,13,16,12,11,13,13,23,19,24,15,18,9,12,#,11,9,12,11,7,6,10,14,11,
楠梓,2024/04/30 00:00:00,RAINFALL,0,0,0,0,0,0,0,0,0,0,0,0,0,0,0,#,0,0,1.5,0.5,0,0,0,0,
楠梓,2024/04/30 00:00:00,RH,90,90,93,95,94,91,88,77,66,60,54,52,50,50,52,57,61,66,75,85,82,81,84,81,
楠梓,2024/04/30 00:00:00,SO2,1.6,1.3,1,1.1,0.9,0.9,1,2.3,7.1,6.4,3.6,4.5,3.1,1.1,1.3,1.2,1.2,1.1,0.8,0.6,0.8,0.8,1.4,0.7,
楠梓,2024/04/30 00:00:00,THC,2.38,2.68,2.35,2.3,2.41,2.53,2.58,2.56,2.35,2.35,2.07,2.04,1.96,1.93,1.91,1.91,1.98,2.16,2.04,2.04,2.04,2.1,2.26,2.14,
楠梓,2024/04/30 00:00:00,WD_HR,39,89,80,95,75,92,64,139,167,187,200,202,195,194,220,268,292,319,17,36,78,19,52,62,
楠梓,2024/04/30 00:00:00,WIND_DIREC,79,91,82,96,85,97,71,173,191,164,195,203,193,192,207,247,308,347,327,59,83,329,59,46,
楠梓,2024/04/30 00:00:00,WIND_SPEED,0.2,0.6,0.2,0.2,0.5,0.4,1,1.3,1.1,1.9,2.1,3,3.1,3.2,2.6,2.7,2.3,3,2,2.2,0.2,0.6,0.7,0.4,
楠梓,2024/04/30 00:00:00,WS_HR,0.1,0.4,0.3,0.2,0.5,0.3,0.4,0.6,1.5,1.3,2.3,2.3,2.5,3,2,2.2,1.9,1.6,1.8,1.7,0.8,0.3,0.7,0.5,
楠梓,2024/05/01 00:00:00,AMB_TEMP,25.8,25.3,25.3,26.1,25.3,22.5,22.6,24.5,26.3,28.7,30.7,31.1,30.6,30.1,28.9,27.1,24.8,25.1,25.2,25.9,25.8,25.4,25,24.6,
楠梓,2024/05/01 00:00:00,CH4,2.07,2.13,2.07,2.03,2,1.98,1.97,1.97,1.98,1.97,1.97,1.99,2,2,2.01,1.98,1.98,1.99,2.01,2.01,2.06,2.17,2.1,2.06,
楠梓,2024/05/01 00:00:00,CO,0.3,0.32,0.26,0.23,0.21,0.19,0.19,0.28,0.24,0.2,0.2,0.22,0.25,0.25,0.25,0.23,0.23,0.29,0.31,0.33,0.34,0.47,0.3,0.26,
楠梓,2024/05/01 00:00:00,NMHC,0.06,0.05,0,0,0,0,0,0,0.02,0.02,0.01,0.01,0.04,0.15,0.02,0.03,0,0.01,0,0.02,0.04,0.13,0.06,0.02,
楠梓,2024/05/01 00:00:00,NO,1,0.7,0.5,0.6,0.5,0.4,0.5,1.1,1.6,1.6,1.1,1.1,0.9,1,0.8,0.8,0.8,1.1,0.6,0.7,0.6,0.7,0.7,0.7,
楠梓,2024/05/01 00:00:00,NO2,8.5,11.1,7.6,4.3,4.2,4.7,5.7,10.9,11,8.2,7.7,8.2,8.4,8.2,7.6,6.9,6.9,10,11.7,12.4,11.1,14.8,12.8,8.4,
楠梓,2024/05/01 00:00:00,NOx,9.5,11.8,8.1,5,4.8,5.2,6.2,12.1,12.6,9.9,8.8,9.4,9.4,9.2,8.5,7.8,7.7,11.1,12.4,13.1,11.7,15.6,13.5,9.1,
楠梓,2024/05/01 00:00:00,O3,28.7,22.6,43,50.7,62,59.5,58.3,51.1,48.2,52.3,59.5,62.2,61.5,69,63.2,62.6,56.7,44,41.8,36.1,33.1,23.4,22.9,24.2,
楠梓,2024/05/01 00:00:00,PM10,20,24,18,18,22,14,8,9,15,19,15,21,21,21,18,21,16,15,15,17,17,30,20,14,
楠梓,2024/05/01 00:00:00,PM2.5,5,12,9,14,12,6,0,3,4,5,5,8,7,6,9,7,3,1,3,2,5,9,7,5,
楠梓,2024/05/01 00:00:00,RAINFALL,0,0,1.5,0,2.5,4.5,1,0,0,0,0,0,0,0,0,6,0.5,0,0,0,0,0,0,0,
楠梓,2024/05/01 00:00:00,RH,79,84,81,70,71,93,90,78,69,61,52,52,55,56,61,75,92,87,85,82,82,86,86,88,
楠梓,2024/05/01 00:00:00,SO2,0.6,1,1,0.9,1,0.7,0.5,0.7,1.1,0.9,0.9,1.1,1.1,1.1,1.2,0.9,1,0.9,1.2,1.2,0.9,1.6,1.1,1.3,
楠梓,2024/05/01 00:00:00,THC,2.13,2.18,2.06,2,1.98,1.95,1.94,1.97,2,1.99,1.98,2,2.04,2.15,2.03,2.01,1.97,2,2.01,2.03,2.1,2.3,2.16,2.08,
楠梓,2024/05/01 00:00:00,WD_HR,36,21,34,40,329,55,91,76,53,40,349,333,325,311,322,321,51,64,85,74,6,9,53,47,
楠梓,2024/05/01 00:00:00,WIND_DIREC,38,24,37,45,330,66,95,86,45,40,305,334,304,310,331,357,52,63,75,57,323,16,51,65,
楠梓,2024/05/01 00:00:00,WIND_SPEED,1.3,3.1,3.1,3.9,3.6,4.1,3.3,2.6,1.6,2,1.7,1.3,2.4,3.2,2.4,2.4,2.1,2.4,1,0.7,0.4,1.1,2.2,0.2,
楠梓,2024/05/01 00:00:00,WS_HR,0.5,1.1,3.1,3.3,3.3,3.5,4.3,2.1,1.7,1.5,1,1.1,1.8,2.4,2,2.3,3.5,2.1,1.2,0.9,0.3,0.4,1.4,0.9,
楠梓,2024/05/02 00:00:00,AMB_TEMP,24.8,24.8,24.4,24.3,24.1,24,24.2,24.9,26.7,27.9,30.2,31.5,32.3,32.3,32.1,31.5,30.8,29.8,28.8,27.8,26.7,26.1,25.6,25.2,
楠梓,2024/05/02 00:00:00,CH4,2.05,2.1,2.25,2.24,2.23,2.19,2.23,2.21,2.12,2.19,2.11,2.11,2.08,2.07,2.05,2.02,2.04,2.06,2.09,2.13,2.16,2.19,2.22,2.21,
楠梓,2024/05/02 00:00:00,CO,0.27,0.3,0.34,0.33,0.28,0.28,0.35,0.44,0.34,0.41,0.32,0.32,0.29,0.29,0.27,0.24,0.28,0.3,0.31,0.34,0.33,0.34,0.34,0.36,
楠梓,2024/05/02 00:00:00,NMHC,0.24,0.45,0.09,0.04,0.06,0.03,0.06,0.09,0.02,0.08,0.05,0.09,0.06,0.02,0.09,0.19,0.06,0.02,0.04,0.04,0.05,0.05,0.05,0.12,
楠梓,2024/05/02 00:00:00,NO,0.4,0.1,0.8,0.3,0.3,0.2,1.1,4.5,3.3,4.4,1.9,0.6,0.4,0.1,0.3,0.3,0.1,0.2,0.4,0,0.1,0.3,0.2,0.1,
楠梓,2024/05/02 00:00:00,NO2,10.3,9,13.2,10.1,9.4,8.7,9.4,12,9.7,12.3,9.6,9.1,8.1,6.8,6.8,7.7,8.3,9.2,9.9,11.4,12.3,10.8,10.7,12.2,
楠梓,2024/05/02 00:00:00,NOx,10.7,9.1,14.1,10.5,9.8,8.9,10.6,16.5,13.1,16.7,11.5,9.7,8.5,7,7.2,8,8.4,9.5,10.4,11.4,12.4,11.2,10.9,12.3,
楠梓,2024/05/02 00:00:00,O3,23.7,18.7,11.4,14,13.2,10.6,9,9.9,19,23.6,47,69.2,77,84.6,81.3,70,68,61.5,56.8,51,47.9,44.9,42.4,36.1,
楠梓,2024/05/02 00:00:00,PM10,19,26,24,32,34,29,36,36,31,42,32,37,32,33,40,47,42,33,32,35,40,43,50,63,
楠梓,2024/05/02 00:00:00,PM2.5,7,8,12,12,14,16,14,16,11,17,14,20,14,14,10,12,11,12,8,12,17,15,17,21,
楠梓,2024/05/02 00:00:00,RAINFALL,0,0,0,0,0,0,0,0,0,0,0,0,0,0,0,0,0,0,0,0,0,0,0,0,
楠梓,2024/05/02 00:00:00,RH,87,88,92,93,95,96,96,93,83,80,63,57,56,57,57,58,59,61,65,71,78,83,84,86,
楠梓,2024/05/02 00:00:00,SO2,1.3,1.1,1.1,1.1,0.9,0.8,1,1,0.9,1.3,1.2,1.6,1.7,1.6,1.8,1.6,1.6,1.5,1.6,1.6,1.5,1.6,1.7,2.3,
楠梓,2024/05/02 00:00:00,THC,2.29,2.55,2.34,2.28,2.29,2.22,2.29,2.3,2.14,2.27,2.16,2.2,2.14,2.09,2.14,2.21,2.1,2.08,2.13,2.17,2.21,2.24,2.27,2.33,
楠梓,2024/05/02 00:00:00,WD_HR,64,327,14,331,16,52,9,15,356,336,321,293,281,267,279,290,337,29,5,22,29,26,6,3,
楠梓,2024/05/02 00:00:00,WIND_DIREC,286,58,1,20,34,40,327,23,343,317,337,287,267,264,280,295,3,10,23,6,25,42,9,320,
楠梓,2024/05/02 00:00:00,WIND_SPEED,0.4,0.2,0.4,0.4,1,0.7,0.7,1.1,0.7,0.7,0.9,2.2,2.1,2.6,3.1,2.8,1.4,1.6,1.4,1.3,1.4,2,0.3,0.8,
楠梓,2024/05/02 00:00:00,WS_HR,0.1,0.4,0.3,0.5,0.6,1,0.6,0.8,0.6,0.8,0.6,1.4,1.7,1.8,2.3,2.4,1.6,1.6,1.1,1.1,1,0.8,0.6,0.6,
楠梓,2024/05/03 00:00:00,AMB_TEMP,24.9,24.7,24.4,24,23.6,23.9,24.7,26,27.5,29.1,30.5,31.1,31.8,31.8,31.7,31.6,31.4,30.9,29.7,28,27.2,26.8,26.4,25.9,
楠梓,2024/05/03 00:00:00,CH4,2.23,2.26,2.3,2.35,2.39,2.33,2.4,2.45,2.39,2.19,2.13,2.09,2.1,2.07,2.04,2.03,2.02,2.04,2.1,2.16,2.22,2.23,2.25,2.28,
楠梓,2024/05/03 00:00:00,CO,0.35,0.36,0.37,0.45,0.41,0.4,0.48,0.77,0.61,0.41,0.35,0.31,0.3,0.27,0.26,0.26,0.27,0.33,0.32,0.35,0.35,0.35,0.35,0.33,
楠梓,2024/05/03 00:00:00,NMHC,0.1,0.09,0.08,0.13,0.12,0.1,0.29,1.14,0.17,0.1,0.04,0.04,0.04,0,0,0.01,0,0.07,0.02,0.03,0.03,0.04,0.04,0.06,
楠梓,2024/05/03 00:00:00,NO,0.2,0.7,0.7,0.4,0.6,1.3,4,4.6,5.6,1.7,1,0.7,0.7,0.9,0.8,0.8,0.8,0.8,0.5,0.6,0.6,0.7,0.3,0.5,
楠梓,2024/05/03 00:00:00,NO2,12.5,14.7,12.1,13.4,15.4,15.5,20.5,31.6,19.3,11.6,8.9,7.2,6.5,6.2,7.1,6.2,6.5,9.3,11.3,11.5,11,11.4,10.9,11.5,
楠梓,2024/05/03 00:00:00,NOx,12.7,15.4,12.8,13.9,16.1,16.9,24.6,36.2,25,13.3,9.9,8,7.3,7.2,8,7,7.4,10.1,11.9,12.1,11.6,12.1,11.2,12.1,
楠梓,2024/05/03 00:00:00,O3,31.5,25.1,22.2,15.1,8.7,4.4,10.1,22.9,31.3,59.9,66.2,68.1,71.6,68.3,66.2,64.9,58.1,56.3,52.3,45.1,46,44.3,39.7,31.3,
楠梓,2024/05/03 00:00:00,PM10,56,55,67,70,63,57,48,68,57,47,44,36,38,28,34,32,37,46,34,42,43,47,47,49,
楠梓,2024/05/03 00:00:00,PM2.5,22,24,23,31,25,26,20,29,32,22,16,16,16,16,12,15,14,15,15,20,17,23,24,19,
楠梓,2024/05/03 00:00:00,RAINFALL,0,0,0,0,0,0,0,0,0,0,0,0,0,0,0,0,0,0,0,0,0,0,0,0,
楠梓,2024/05/03 00:00:00,RH,88,89,90,91,94,95,93,88,81,69,63,60,57,56,55,54,53,57,61,71,75,80,84,86,
楠梓,2024/05/03 00:00:00,SO2,2.1,2.1,1.8,1.8,1.9,1.6,1.7,2.1,2.2,2.2,1.9,1.8,1.8,2,2.3,1.6,1.4,1.4,1.5,1.7,2.1,2.1,1.9,1.8,
楠梓,2024/05/03 00:00:00,THC,2.33,2.35,2.38,2.48,2.51,2.43,2.69,3.59,2.56,2.29,2.17,2.13,2.14,2.05,2.04,2.04,2.01,2.11,2.12,2.19,2.25,2.27,2.29,2.34,
楠梓,2024/05/03 00:00:00,WD_HR,31,33,323,345,33,59,75,317,359,321,281,286,273,270,273,273,271,301,18,35,30,27,32,8,
楠梓,2024/05/03 00:00:00,WIND_DIREC,61,29,330,31,45,97,327,322,325,317,292,273,267,272,283,279,263,340,17,22,57,12,46,340,
楠梓,2024/05/03 00:00:00,WIND_SPEED,0.2,0.4,0.5,1.2,0.9,0.5,0.3,0.7,0.8,1.3,2,2,2.3,2.7,2.5,2.5,1.9,0.7,1.5,2,2.5,1.4,0.5,0.7,
楠梓,2024/05/03 00:00:00,WS_HR,0.2,0.2,0.3,0.5,0.5,0.5,0.2,0.5,0.5,0.9,1.5,1.5,2,2.3,2.3,2.2,2.1,1.1,1.1,1.6,1.3,0.8,0.7,0.3,
楠梓,2024/05/04 00:00:00,AMB_TEMP,25.2,24.9,24.7,24.4,24.4,24.4,25,26.8,28.9,30.1,31.2,31.3,31.6,31.9,31.9,31.6,31.3,30.4,29.6,29.1,28.8,28.5,28.2,27.7,
楠梓,2024/05/04 00:00:00,CH4,2.27,2.3,2.26,2.29,2.22,2.3,2.41,2.47,2.29,2.22,2.17,2.07,2.06,2.06,2.05,2.04,2.05,2.04,2.03,2.08,2.1,2.12,2.17,2.21,
楠梓,2024/05/04 00:00:00,CO,0.3,0.31,0.32,0.34,0.33,0.38,0.45,0.55,0.45,0.41,0.39,0.29,0.29,0.3,0.28,0.28,0.29,0.27,0.27,0.3,0.3,0.31,0.34,0.36,
楠梓,2024/05/04 00:00:00,NMHC,0.04,0.05,0.04,0.06,0.04,0.09,0.1,0.11,0.19,0.1,0.06,0,0.01,0.04,0.06,0.06,0.01,0.01,0.36,0.09,0.03,0.04,0.04,0.06,
楠梓,2024/05/04 00:00:00,NO,0.4,1,0.5,0.6,0.7,1.1,3.6,4.3,2.9,1.2,1,0.8,0.7,0.6,0.5,0.5,0.7,0.7,0.7,0.4,0.6,0.5,0.7,0.9,
楠梓,2024/05/04 00:00:00,NO2,11.4,10.7,9.9,11,9.7,12.4,15.5,16.8,15.6,10.6,9.7,6.6,5.2,4.9,5.3,5.3,5.9,7.1,8.3,10.4,12,12.9,13.8,14.4,
楠梓,2024/05/04 00:00:00,NOx,11.8,11.8,10.5,11.6,10.5,13.5,19.2,21.2,18.5,11.9,10.7,7.4,6,5.6,5.8,5.9,6.7,7.8,9,10.8,12.6,13.5,14.5,15.4,
楠梓,2024/05/04 00:00:00,O3,24.7,21.9,20.1,18.1,16.9,8.9,7,21.1,45.4,63.2,73,62.5,63.7,68.3,68.5,67.3,64.7,55.8,49.4,42.3,35,30.5,27.2,24.5,
楠梓,2024/05/04 00:00:00,PM10,54,56,53,61,55,52,55,77,54,54,49,38,31,35,35,31,34,39,41,49,46,43,52,52,
楠梓,2024/05/04 00:00:00,PM2.5,24,18,19,18,17,18,21,43,33,32,29,15,20,15,16,16,11,12,15,15,16,17,18,16,
楠梓,2024/05/04 00:00:00,RAINFALL,0,0,0,0,0,0,0,0,0,0,0,0,0,0,0,0,0,0,0,0,0,0,0,0,
楠梓,2024/05/04 00:00:00,RH,89,90,91,91,92,92,91,85,71,64,60,59,58,57,57,58,60,63,66,68,68,69,72,76,
楠梓,2024/05/04 00:00:00,SO2,1.9,1.9,1.7,2.1,1.8,1.6,1.5,2.5,4.6,2.7,2.5,1.7,1.8,2.2,2.3,2.1,2,1.8,1.8,1.5,1.3,1.5,1.5,1.5,
楠梓,2024/05/04 00:00:00,THC,2.31,2.35,2.3,2.35,2.26,2.39,2.51,2.58,2.48,2.32,2.23,2.07,2.07,2.1,2.11,2.1,2.06,2.05,2.39,2.17,2.13,2.16,2.21,2.27,
楠梓,2024/05/04 00:00:00,WD_HR,21,33,8,33,52,52,52,61,307,272,282,263,270,276,285,277,274,269,298,5,32,42,20,69,
楠梓,2024/05/04 00:00:00,WIND_DIREC,28,21,1,38,17,45,62,279,303,228,283,271,266,277,272,272,259,274,308,7,29,27,32,83,
楠梓,2024/05/04 00:00:00,WIND_SPEED,0.5,0.3,0.2,0.8,0.5,0.4,0.2,0.4,1.5,1.3,3.1,3.3,2.3,2.4,2,2,1.8,1.5,0.6,0.2,1.1,0.3,0.7,1.2,
楠梓,2024/05/04 00:00:00,WS_HR,0.4,0.2,0.2,0.5,0.5,0.2,0.3,0.2,0.4,1,1.5,2.2,1.8,1.9,2,1.3,1.5,1.7,0.9,0.6,0.3,0.2,0.3,0.8,
楠梓,2024/05/05 00:00:00,AMB_TEMP,26.9,26.5,26.2,26.1,25.9,25.8,26.6,28.9,30.7,32,32.9,32.9,33.2,34,33.5,32.9,32.1,31.1,29.9,29.4,29.1,28.7,28.5,28.1,
楠梓,2024/05/05 00:00:00,CH4,2.34,2.32,2.23,2.33,2.26,2.32,2.3,2.12,2.05,1.95,1.94,1.93,1.92,1.93,1.92,1.92,1.92,1.92,1.91,1.93,1.94,2,2.03,1.98,
楠梓,2024/05/05 00:00:00,CO,0.34,0.27,0.28,0.32,0.28,0.33,0.37,0.3,0.19,0.25,0.28,0.18,0.15,0.13,0.1,0.11,0.11,0.13,0.13,0.15,0.17,0.19,0.2,0.14,
楠梓,2024/05/05 00:00:00,NMHC,0.07,0.02,0.08,0.07,0.05,0.11,0.07,0.12,0.05,0.02,0.03,0.02,0,0,0,0,0,0,0,0,0.06,0.27,0.14,0.04,
楠梓,2024/05/05 00:00:00,NO,1.1,0.1,0.1,0,0,0.5,2,2.3,1.2,1.2,2.2,1.6,0.9,1.1,0.6,0.7,0.5,0,0,0.1,0,0,0.1,0,
楠梓,2024/05/05 00:00:00,NO2,14.6,10.3,9.1,11.8,10.9,11.9,14.5,13.6,7.5,6.7,7.3,6.5,6.1,5.4,4.5,4.3,4.3,4.4,5.2,6.7,7.8,6.5,6.7,5.3,
楠梓,2024/05/05 00:00:00,NOx,15.7,10.4,9.3,11.9,11,12.4,16.5,15.9,8.7,7.9,9.6,8.2,7.1,6.6,5.1,5.1,4.8,4.5,5.3,6.8,7.6,6.5,6.9,5.2,
楠梓,2024/05/05 00:00:00,O3,18.9,21.5,19.8,14.5,13.7,10.2,13.3,20.9,24,18.4,17.6,21.2,24.1,25.1,22.6,21.5,20.7,21.3,19.4,16.6,16.6,18.8,18.1,21.7,
楠梓,2024/05/05 00:00:00,PM10,45,47,47,51,48,48,41,32,28,21,21,21,22,20,19,21,20,17,22,17,22,24,22,24,
楠梓,2024/05/05 00:00:00,PM2.5,17,21,16,19,21,17,18,13,11,5,2,3,1,1,1,5,5,3,3,6,3,0,3,7,
楠梓,2024/05/05 00:00:00,RAINFALL,0,0,0,0,0,0,0,0,0,0,0,0,0,0,0,0,0,0,0,0,0,0,0,0,
楠梓,2024/05/05 00:00:00,RH,83,86,87,87,87,88,86,75,67,63,60,60,60,58,59,62,63,68,80,84,87,88,89,90,
楠梓,2024/05/05 00:00:00,SO2,1.6,1.2,1.3,1.4,2,1.6,1.9,3.3,3.2,2.2,2.5,2.1,1.5,1.3,0.9,0.8,0.7,0.7,0.6,0.5,0.8,0.7,0.7,0.6,
楠梓,2024/05/05 00:00:00,THC,2.41,2.34,2.31,2.4,2.31,2.43,2.37,2.24,2.1,1.97,1.97,1.95,1.92,1.92,1.91,1.89,1.9,1.89,1.88,1.9,2,2.27,2.17,2.02,
楠梓,2024/05/05 00:00:00,WD_HR,71,49,60,58,51,67,72,141,157,183,179,196,199,218,222,223,246,253,240,280,301,301,307,319,
楠梓,2024/05/05 00:00:00,WIND_DIREC,46,56,53,35,56,67,103,171,155,161,196,202,202,226,216,214,262,232,210,308,317,267,317,325,
楠梓,2024/05/05 00:00:00,WIND_SPEED,0.2,1,0.7,0.6,0.9,1.3,0.3,1.8,2.9,3.7,3.7,2.3,3,3.8,3.5,3,2.1,1.7,1.1,0.2,1,0.7,0.9,0.2,
楠梓,2024/05/05 00:00:00,WS_HR,0.4,0.7,0.7,0.6,0.8,0.5,0.6,0.8,2.5,2.8,2.9,2.8,2.3,2.5,3,2.9,1.8,1.6,0.9,0.6,0.6,0.7,0.5,0.7,
楠梓,2024/05/06 00:00:00,AMB_TEMP,27.9,27.3,26.8,26.6,26.4,26.5,26.5,28.1,29.8,31.1,32.1,33.1,32.9,32.4,32.3,31.3,30.5,29.6,28.4,27.9,27.8,27.8,27.6,27.2,
楠梓,2024/05/06 00:00:00,CH4,2.06,2.11,2.16,2.15,2.03,2.06,2.09,2.04,2,2.01,1.98,1.95,1.94,1.94,1.95,1.95,1.96,1.97,1.99,2,2.04,2.09,2.09,2.09,
楠梓,2024/05/06 00:00:00,CO,0.16,0.2,0.2,0.17,0.14,0.18,0.23,0.33,0.27,0.26,0.17,0.16,0.14,0.14,0.15,0.15,0.19,0.25,0.24,0.26,0.35,0.36,0.3,0.28,
楠梓,2024/05/06 00:00:00,NMHC,0,0.03,0.06,0.04,0,0,0.01,0.03,0,0.04,0.08,0.06,0.11,0.19,0.07,0.07,0.2,0.56,0.8,0.18,0.19,0.13,0.07,0.09,
楠梓,2024/05/06 00:00:00,NO,0,1.1,1,0.9,0.5,1.7,6.9,7.5,4.6,2.4,1.5,1.2,1.1,0.9,1.5,1.4,1,1,0.9,0.7,0.8,0.6,0.7,0.8,
楠梓,2024/05/06 00:00:00,NO2,6.8,10.5,10.5,9.4,6.9,11.6,13.5,11.4,9.9,8.3,7.3,6.1,5.8,4.8,6.4,7.2,7.3,10.8,9.8,10.9,13.3,15.2,14.1,13.8,
楠梓,2024/05/06 00:00:00,NOx,6.8,11.6,11.6,10.3,7.5,13.3,20.5,19,14.5,10.8,8.8,7.4,7,5.7,7.9,8.6,8.3,11.9,10.7,11.6,14.1,15.8,14.8,14.7,
楠梓,2024/05/06 00:00:00,O3,15.3,4.1,1.2,2.5,10,4.2,4.6,11.4,21.3,32.9,44.2,41.1,33.6,33,32.6,33.7,37.7,37.1,34.2,34.9,28.7,26.4,27.9,22.1,
楠梓,2024/05/06 00:00:00,PM10,23,23,29,25,23,21,30,30,30,27,32,23,25,23,23,32,23,27,28,22,24,33,33,35,
楠梓,2024/05/06 00:00:00,PM2.5,5,6,5,6,11,9,11,11,8,12,12,8,4,7,8,7,6,7,8,9,11,14,13,18,
楠梓,2024/05/06 00:00:00,RAINFALL,0,0,0,0,0,0,0,0,0,0,0,0,0,0,0,0,0,0,0,0,0,0,0,0,
楠梓,2024/05/06 00:00:00,RH,89,93,94,91,84,83,83,80,70,63,61,57,57,58,59,63,66,70,80,85,86,84,85,87,
楠梓,2024/05/06 00:00:00,SO2,1,0.8,0.8,0.5,0.6,0.8,1.7,1.2,1.3,1,1.1,1,0.9,0.8,1,1.2,1,0.8,0.7,0.5,0.9,0.9,0.8,0.9,
楠梓,2024/05/06 00:00:00,THC,2.04,2.14,2.22,2.19,2.01,2.06,2.1,2.07,2,2.05,2.06,2.01,2.05,2.13,2.02,2.02,2.16,2.53,2.79,2.18,2.23,2.22,2.16,2.18,
楠梓,2024/05/06 00:00:00,WD_HR,43,54,53,47,45,58,49,44,7,331,304,273,279,286,290,285,289,299,299,303,315,22,25,56,
楠梓,2024/05/06 00:00:00,WIND_DIREC,50,57,56,38,39,57,14,45,38,302,292,277,272,302,283,301,293,300,308,303,324,74,46,68,
楠梓,2024/05/06 00:00:00,WIND_SPEED,1.1,0.5,0.7,0.8,0.3,0.5,0.3,1.6,2.6,1.7,2.2,2.9,2.7,2.8,2.4,2.3,2.9,2.5,1.9,1.2,0.5,0.2,0.2,0.2,
楠梓,2024/05/06 00:00:00,WS_HR,0.6,0.8,0.5,0.3,0.6,0.3,0.8,1,1,1.2,1.6,2.2,2.4,2.1,2.2,2.1,2.2,2.2,1.8,1.3,0.5,0.3,0.1,0.2,
楠梓,2024/05/07 00:00:00,AMB_TEMP,26.8,26.4,25.9,25.8,25.6,25.2,25.2,26.8,28.8,31.4,32.3,32.8,33,33,33.1,32.9,32.2,31.4,30.4,30.1,28.9,28.7,28.2,27.6,
楠梓,2024/05/07 00:00:00,CH4,2.09,2.16,2.16,2.17,2.19,2.21,2.16,2.11,2.08,2.03,2.07,2.04,2.03,2.03,2.02,2,2,2.02,2.05,2.06,2.1,2.13,2.16,2.25,
楠梓,2024/05/07 00:00:00,CO,0.25,0.24,0.23,0.25,0.27,0.28,0.28,0.33,0.31,0.3,0.29,0.26,0.26,0.24,0.21,0.2,0.22,0.28,0.33,0.36,0.37,0.39,0.36,0.39,
楠梓,2024/05/07 00:00:00,NMHC,0.07,0.06,0.02,0.04,0.06,0.03,0.02,0.03,0.01,0.06,0.06,0.09,0.18,0.16,0.16,0.38,0.3,0.27,0.03,0.03,0.01,0.05,0.03,0.09,
楠梓,2024/05/07 00:00:00,NO,0.5,0.1,0.1,0.1,0,0.4,1.2,2,2.1,1.2,0.4,0.6,0.7,0.4,0.4,0.3,0.1,0.3,0.5,0.1,0.2,0.2,0.1,0.2,
楠梓,2024/05/07 00:00:00,NO2,13.5,11.9,10,9.8,10.3,9.5,9.1,9.3,8.8,8.6,7.9,6.5,6.3,5.4,4.9,5,5.5,8.7,10.3,11.4,11.1,11.5,9.5,10.4,
楠梓,2024/05/07 00:00:00,NOx,14.1,12,10.1,10,10.3,9.9,10.3,11.4,10.9,9.8,8.3,7.2,7,5.8,5.4,5.3,5.6,9,10.9,11.6,11.3,11.7,9.6,10.7,
楠梓,2024/05/07 00:00:00,O3,21.1,21.3,22.6,21,18.7,15.2,17.3,23.3,33.2,47,61.6,63.4,65.7,66,62.4,56.1,52.9,54.6,56.3,52.2,54.7,49,47.4,36,
楠梓,2024/05/07 00:00:00,PM10,38,40,40,47,51,51,36,44,45,42,53,45,41,44,37,31,34,40,44,42,47,48,44,56,
楠梓,2024/05/07 00:00:00,PM2.5,14,22,23,29,34,28,25,25,18,20,22,21,28,19,13,16,7,14,15,16,14,18,16,22,
楠梓,2024/05/07 00:00:00,RAINFALL,0,0,0,0,0,0,0,0,0,0,0,0,0,0,0,0,0,0,0,0,0,0,0,0,
楠梓,2024/05/07 00:00:00,RH,89,90,92,93,95,97,99,90,80,61,59,55,54,53,48,47,49,53,60,60,75,79,82,84,
楠梓,2024/05/07 00:00:00,SO2,1.1,0.7,0.8,0.9,0.7,0.6,0.5,0.6,0.7,0.9,1,1,1.5,1.2,1,0.8,0.6,1.1,1.1,1.4,1.8,1,1.2,1.5,
楠梓,2024/05/07 00:00:00,THC,2.16,2.22,2.18,2.21,2.25,2.24,2.18,2.14,2.09,2.09,2.13,2.13,2.21,2.19,2.18,2.38,2.3,2.29,2.08,2.09,2.11,2.18,2.19,2.34,
楠梓,2024/05/07 00:00:00,WD_HR,44,40,49,51,53,45,56,53,27,312,281,281,289,280,286,283,281,287,269,276,273,279,275,321,
楠梓,2024/05/07 00:00:00,WIND_DIREC,34,59,66,58,31,43,65,33,352,282,278,295,286,276,278,289,274,264,272,276,259,278,283,9,
楠梓,2024/05/07 00:00:00,WIND_SPEED,0.2,0.2,1.2,1.7,1.2,1.5,1.4,1.4,0.8,1.3,2.3,2.8,3.4,2.8,2.6,3.1,1.6,1.4,1.2,1.7,0.9,0.7,0.8,0.6,
楠梓,2024/05/07 00:00:00,WS_HR,0.2,0.2,1.4,1.7,1.3,1.4,1.5,1.6,0.8,0.4,1.7,2,2.2,2.3,2.6,2.5,1.9,1.3,1.3,0.9,0.8,0.6,0.7,0.5,
楠梓,2024/05/08 00:00:00,AMB_TEMP,27,26.9,26.5,26.2,26,25.8,25.8,27.2,29.1,30.5,31.5,32.8,32.8,31.3,31.1,31.4,31.7,30.9,30,29.6,29.3,28.6,28.1,27.8,
楠梓,2024/05/08 00:00:00,CH4,2.27,2.3,2.4,2.57,2.58,2.49,2.51,2.46,2.41,2.32,2.27,2.22,2.18,2.16,2.16,2.15,2.15,2.12,2.13,2.16,2.16,2.15,2.14,2.15,
楠梓,2024/05/08 00:00:00,CO,0.4,0.41,0.42,0.48,0.42,0.41,0.53,0.61,0.65,0.55,0.44,0.39,0.38,0.34,0.32,0.3,0.31,0.37,0.4,0.58,0.54,0.39,0.35,0.32,
楠梓,2024/05/08 00:00:00,NMHC,0.12,0.12,0.08,0.14,0.13,0.1,0.11,0.09,0.16,0.13,0.1,0.08,0.05,0.12,0.12,0.05,0.03,0.03,0.01,0.15,0.14,0.01,0,0,
楠梓,2024/05/08 00:00:00,NO,0.4,0.3,0.6,0.4,0.6,0.7,2.8,5,3.4,1.7,1,0.7,0.5,0.6,0.5,0.7,0.8,0.6,0.6,0.6,0.7,0.4,0.5,0.7,
楠梓,2024/05/08 00:00:00,NO2,13,15.2,14.9,15.4,18.5,17.2,16.5,20.6,17.9,13.5,11.5,9.7,8.1,6.1,5.7,5.7,6.8,10.3,10.3,18.9,19.9,11.2,7.7,6.7,
楠梓,2024/05/08 00:00:00,NOx,13.5,15.6,15.5,15.9,19.1,18,19.3,25.7,21.3,15.2,12.5,10.5,8.6,6.7,6.2,6.5,7.6,10.9,10.9,19.6,20.6,11.7,8.2,7.4,
楠梓,2024/05/08 00:00:00,O3,23.6,21.7,18.5,17.5,9.2,11.9,12.9,21.9,43.4,65.2,78.6,90.4,86.8,79.8,77,72.4,73,64.3,63.1,47.7,44.8,59.4,65.1,66.1,
楠梓,2024/05/08 00:00:00,PM10,60,59,61,70,63,61,65,70,73,77,78,70,60,50,45,39,37,47,42,44,36,38,34,34,
楠梓,2024/05/08 00:00:00,PM2.5,25,25,26,31,26,26,28,32,33,35,38,30,22,20,18,14,17,14,19,17,17,11,10,17,
楠梓,2024/05/08 00:00:00,RAINFALL,0,0,0,0,0,0,0,0,0,0,0,0,0,0,0,0,0,0,0,0,0,0,0,0,
楠梓,2024/05/08 00:00:00,RH,85,86,87,88,89,90,89,84,74,65,61,55,58,61,58,52,49,50,54,57,58,65,69,73,
楠梓,2024/05/08 00:00:00,SO2,1.8,0.7,1,1.9,1.1,0.8,1.5,2.2,2.9,2.4,1.6,1.6,1.5,0.8,0.7,0.5,0.9,0.6,0.4,1.3,2.1,1,0.8,0.4,
楠梓,2024/05/08 00:00:00,THC,2.39,2.42,2.48,2.71,2.71,2.59,2.62,2.55,2.57,2.45,2.37,2.3,2.23,2.28,2.28,2.2,2.18,2.15,2.14,2.31,2.3,2.16,2.13,2.11,
楠梓,2024/05/08 00:00:00,WD_HR,52,47,9,34,40,47,25,309,293,280,284,269,279,279,280,291,251,225,233,213,229,224,229,289,
楠梓,2024/05/08 00:00:00,WIND_DIREC,57,43,338,35,25,26,39,291,282,295,272,273,287,290,266,262,296,241,218,197,237,217,269,283,
楠梓,2024/05/08 00:00:00,WIND_SPEED,0.6,0.2,0.3,0.3,0.4,0.2,0.7,0.5,1.9,1.5,1.6,2.4,3.2,2.5,1.8,0.8,1.2,1.5,1.1,1,1.1,1.4,0.6,1.6,
楠梓,2024/05/08 00:00:00,WS_HR,1,0.2,0.2,0.3,0.6,0.3,0.4,0.5,0.7,1,1,1.3,2.4,2.5,2,1.2,1.2,1.5,1.1,1,0.6,1.3,0.8,1,
楠梓,2024/05/09 00:00:00,AMB_TEMP,27.5,27.4,27.3,26.7,26.5,26.4,27,28.4,29.3,29.6,29.8,29.6,30.4,30.2,30.1,30.1,29.5,28.8,28,27.6,26.8,26.1,25.5,24.8,
楠梓,2024/05/09 00:00:00,CH4,2.15,2.14,2.32,2.4,2.36,2.38,2.37,2.28,2.18,2.14,2.11,2.1,2.09,2.09,2.1,2.14,2.21,2.17,2.13,2.14,2.2,2.22,2.24,2.27,
楠梓,2024/05/09 00:00:00,CO,0.32,0.32,0.35,0.37,0.38,0.39,0.44,0.76,0.55,0.38,0.31,0.29,0.28,0.27,0.27,0.32,0.4,0.4,0.36,0.34,0.34,0.33,0.33,0.31,
楠梓,2024/05/09 00:00:00,NMHC,0.09,0,0.18,0.03,0.12,0.2,0.21,0.23,0.13,0.01,0,0,0,0,0,0,0,0.01,0.03,0.05,0.06,0.08,0.07,0.07,
楠梓,2024/05/09 00:00:00,NO,0.3,0.4,0.4,0.5,0.5,0.7,1.7,2.2,1.9,1.2,0.8,0.6,0.7,0.3,0.7,0.7,0.6,0.3,0.3,0.4,0.3,0.3,0.4,0.3,
楠梓,2024/05/09 00:00:00,NO2,4.6,4.1,9.3,12.8,15.6,18.8,17.5,24.1,22.8,12.1,7.9,5.7,4.6,4.4,4.5,5.5,7.2,8.2,8.9,9.2,14.8,17,14.6,14.1,
楠梓,2024/05/09 00:00:00,NOx,4.9,4.6,9.7,13.3,16.1,19.6,19.2,26.3,24.7,13.3,8.7,6.4,5.3,4.7,5.2,6.3,7.9,8.6,9.2,9.6,15.1,17.3,15,14.5,
楠梓,2024/05/09 00:00:00,O3,67.5,70,50.4,36.9,32.6,20.4,29.8,37.4,46.7,57.1,60.5,64.6,66.6,69.3,74.1,81.2,88.1,86.7,89.7,80.3,51.6,45,41,35.2,
楠梓,2024/05/09 00:00:00,PM10,37,41,44,53,48,48,41,43,48,52,46,40,42,37,50,65,71,69,71,70,59,62,58,56,
楠梓,2024/05/09 00:00:00,PM2.5,12,15,21,22,19,20,19,12,17,26,14,12,14,16,19,27,32,32,27,27,25,19,18,15,
楠梓,2024/05/09 00:00:00,RAINFALL,0,0,0,0,0,0,0,0,0,0,0,0,0,0,0,0,0,0,0,0,0,0,0,0,
楠梓,2024/05/09 00:00:00,RH,79,81,79,84,85,84,80,68,64,62,61,64,61,60,59,59,61,65,66,66,61,64,67,70,
楠梓,2024/05/09 00:00:00,SO2,0.5,1.3,1.5,1.7,1.4,2.1,6.1,5.8,4.1,2.1,1.6,1.2,1,1,1.1,1.3,1.8,1.7,1.9,2.2,2,1.9,2,2.1,
楠梓,2024/05/09 00:00:00,THC,2.24,2.11,2.5,2.43,2.48,2.58,2.58,2.51,2.31,2.15,2.1,2.07,2.06,2.06,2.06,2.12,2.21,2.18,2.16,2.19,2.26,2.3,2.31,2.34,
楠梓,2024/05/09 00:00:00,WD_HR,289,284,340,85,115,126,155,175,211,218,250,259,257,266,271,242,253,273,274,276,26,39,38,41,
楠梓,2024/05/09 00:00:00,WIND_DIREC,290,342,107,89,137,139,159,214,236,215,262,249,243,259,270,228,277,272,276,3,32,60,33,41,
楠梓,2024/05/09 00:00:00,WIND_SPEED,0.8,0.4,0.2,0.2,0.6,1,1.9,1.9,1.7,2.7,1.8,3.1,2.5,2.7,2.5,2.7,1.9,1.8,1.4,1,1.8,1.2,1.5,1.4,
楠梓,2024/05/09 00:00:00,WS_HR,0.6,0.9,0.1,0.2,0.2,0.7,1.6,1.5,1.8,1.7,1.7,2.3,2.1,2.3,2.3,2.1,1.3,1.4,1.6,0.7,1.1,1.4,0.9,1.3,
楠梓,2024/05/10 00:00:00,AMB_TEMP,24.3,24.1,24.3,24.2,24.5,24.2,24.8,26.3,27.8,29.2,30.5,31,30.9,30.6,30.4,29.9,29.2,28.3,27.8,27.4,26.8,26.7,26.5,26.1,
楠梓,2024/05/10 00:00:00,CH4,2.29,2.28,2.32,2.54,2.47,2.49,2.65,2.38,2.34,2.26,2.15,2.12,2.11,2.1,2.09,2.08,2.07,2.06,2.07,2.1,2.12,2.11,2.11,2.11,
楠梓,2024/05/10 00:00:00,CO,0.31,0.33,0.36,0.39,0.37,0.39,0.52,0.53,0.6,0.56,0.35,0.31,0.32,0.29,#,0.24,0.25,0.26,0.28,0.29,0.26,0.25,0.23,0.22,
楠梓,2024/05/10 00:00:00,NMHC,0.07,0.07,0.09,0.12,0.06,0.11,0.22,0.16,0.31,0.13,0.02,0.01,0.02,0,0.03,0.07,0.12,0.21,0.72,0.33,0.03,0.01,0.01,0.01,
楠梓,2024/05/10 00:00:00,NO,0.3,1.1,0.9,1.3,1.2,1.3,6.7,4.9,2.9,1.8,1.2,1,1,0.7,#,0.9,0.9,0.8,0.8,0.9,0.7,1,1,1,
楠梓,2024/05/10 00:00:00,NO2,12.9,12.4,15,23.4,20.3,17.6,26.9,19.9,19.6,16.6,10.5,8.3,7.5,6.5,#,6.1,6.9,8.3,10,11.8,13.7,11.8,9.6,8.5,
楠梓,2024/05/10 00:00:00,NOx,13.3,13.5,16,24.7,21.5,18.9,33.6,24.8,22.6,18.5,11.8,9.3,8.5,7.3,#,7,7.8,9.1,10.9,12.8,14.4,12.8,10.6,9.6,
楠梓,2024/05/10 00:00:00,O3,31.1,31.5,24.2,11.7,14.2,15.3,8.3,30.2,56.4,70.4,74.7,75.1,80.6,#,#,69.1,65.6,61.1,51.8,47,43.8,44.6,45.8,47.1,
楠梓,2024/05/10 00:00:00,PM10,49,53,48,56,48,54,65,66,79,83,65,53,50,52,#,39,39,44,43,48,43,48,40,43,
楠梓,2024/05/10 00:00:00,PM2.5,16,17,18,20,17,24,27,27,37,30,25,15,23,#,11,11,17,11,16,11,16,12,8,10,
楠梓,2024/05/10 00:00:00,RAINFALL,0,0,0,0,0,0,0,0,0,0,0,0,0,#,0.5,0,0,0,0,0,0,0,0,0,
楠梓,2024/05/10 00:00:00,RH,73,74,73,76,81,84,82,73,67,62,57,56,56,57,58,59,61,65,67,69,71,71,70,69,
楠梓,2024/05/10 00:00:00,SO2,2.2,1.8,2,2.1,1.6,2.1,3.4,3.2,3,3.3,2.5,2.1,2.2,1.9,#,1.3,1.3,1.4,1.7,1.5,1.1,1.3,1.6,1.6,
楠梓,2024/05/10 00:00:00,THC,2.36,2.35,2.41,2.66,2.53,2.6,2.87,2.54,2.65,2.39,2.17,2.13,2.13,2.1,2.12,2.15,2.19,2.27,2.79,2.43,2.15,2.12,2.12,2.12,
楠梓,2024/05/10 00:00:00,WD_HR,40,57,78,83,68,30,49,32,326,281,266,266,281,273,276,279,287,294,295,356,24,40,53,57,
楠梓,2024/05/10 00:00:00,WIND_DIREC,58,59,78,65,54,21,48,331,322,292,266,276,286,277,283,281,292,298,304,31,30,60,58,67,
楠梓,2024/05/10 00:00:00,WIND_SPEED,1,0.2,0.2,0.2,0.2,0.2,1.2,0.2,1.3,1.8,1.7,2.3,2.3,2.9,2.8,2.4,2.2,1.7,1.8,1.2,1.7,1,1.4,0.2,
楠梓,2024/05/10 00:00:00,WS_HR,1,0.7,0.2,0.3,0.2,0.1,0.5,0.2,0.8,0.8,1.5,2,2.1,2.5,2.3,2.2,2.1,1.5,1.2,0.9,0.9,1.3,1.6,1.1,
楠梓,2024/05/11 00:00:00,AMB_TEMP,26,25.9,25.3,25,24.7,24.6,25.4,26.6,28.5,30,31.1,31.9,32.2,32.5,32.2,31,30.8,30,29,28.7,28.8,28.9,28.5,28.2,
楠梓,2024/05/11 00:00:00,CH4,2.14,2.18,2.25,2.24,2.18,2.18,2.18,2.12,2.08,2.07,2.09,2.12,2.11,2.06,2.03,2.03,2.03,2.04,2.05,2.08,2.1,2.1,2.19,2.16,
楠梓,2024/05/11 00:00:00,CO,0.24,0.25,0.24,0.23,0.22,0.23,0.26,0.25,0.24,0.27,0.31,0.26,0.23,0.2,0.2,0.2,0.22,0.23,0.24,0.27,0.27,0.3,0.31,0.28,
楠梓,2024/05/11 00:00:00,NMHC,0.01,0.01,0.09,0.05,0.02,0.02,0,0.01,0,0,0,0.08,0.03,0,0.06,0,0,0,0,0.44,0.17,0.44,0.02,0.01,
楠梓,2024/05/11 00:00:00,NO,1,0.2,0.3,0.2,0.3,0.4,1.2,1.7,1.4,1,0.6,0.6,0.7,0.8,0.7,0.7,0.8,0.5,0.5,0.4,0.4,0.5,0.5,0.6,
楠梓,2024/05/11 00:00:00,NO2,8.5,12.5,12.4,11,9.8,10.3,11.9,10.9,8.7,6.8,7.3,7,6.6,5.8,5.3,4.1,4.3,5.9,6.9,8.2,10.9,10.4,12.1,10.4,
楠梓,2024/05/11 00:00:00,NOx,9.5,12.7,12.7,11.3,10.1,10.7,13.1,12.6,10.2,7.8,8,7.7,7.3,6.6,6,4.9,5.1,6.4,7.4,8.6,11.3,10.9,12.6,11,
楠梓,2024/05/11 00:00:00,O3,43.2,36.7,30.3,32.8,31.1,30.2,32.9,42.5,50.3,63.1,73.2,74.4,69.1,59.6,55.9,54.8,51.3,47.1,46,44.3,39.8,36.8,36.3,39.8,
楠梓,2024/05/11 00:00:00,PM10,40,39,41,38,42,34,43,35,34,39,51,55,48,35,35,30,40,33,31,37,35,31,41,40,
楠梓,2024/05/11 00:00:00,PM2.5,12,10,11,16,13,11,20,17,14,18,20,18,14,10,13,11,11,7,9,8,13,10,17,15,
楠梓,2024/05/11 00:00:00,RAINFALL,0,0,0,0,0,0,0,0,0,0,0,0,0,0,0,0,0,0,0,0,0,0,0,0,
楠梓,2024/05/11 00:00:00,RH,69,70,75,75,82,84,79,72,64,55,53,55,56,54,56,57,58,60,62,63,61,61,61,59,
楠梓,2024/05/11 00:00:00,SO2,1.4,1,1,1.1,1.2,0.9,1,1.1,1.1,1.3,1.5,1.5,1.7,1.4,1.2,1,1,0.8,0.8,1,1.4,1.3,1.6,1.1,
楠梓,2024/05/11 00:00:00,THC,2.15,2.19,2.34,2.29,2.2,2.2,2.18,2.13,2.07,2.06,2.09,2.2,2.14,2.05,2.09,2.02,2.02,2.03,2.05,2.52,2.27,2.54,2.21,2.17,
楠梓,2024/05/11 00:00:00,WD_HR,28,60,61,28,54,56,37,33,31,336,337,295,275,270,276,270,268,271,272,290,309,8,22,59,
楠梓,2024/05/11 00:00:00,WIND_DIREC,21,62,75,30,57,39,28,22,0,289,310,288,276,267,274,260,283,277,276,312,304,20,39,70,
楠梓,2024/05/11 00:00:00,WIND_SPEED,0.2,0.7,0.4,0.9,1.2,0.3,1,1.6,1.4,1.4,2,2.9,2.5,2.7,3.4,2.3,2.2,2,1.3,0.7,0.5,0.8,0.2,0.8,
楠梓,2024/05/11 00:00:00,WS_HR,0.2,0.2,1.1,0.7,1.1,0.7,0.6,1.4,1,0.9,1.1,1.9,2.4,2.1,2.5,2.9,1.8,1.5,1.2,0.5,0.4,0.3,0.4,1,
楠梓,2024/05/12 00:00:00,AMB_TEMP,27.8,27.2,27.2,27,26.8,27,27.5,28.7,31,31.9,32.3,32.6,32.3,31.7,32.2,31.7,31.1,30.4,29.3,28.7,28.5,28.4,28.1,27.7,
楠梓,2024/05/12 00:00:00,CH4,2.22,2.29,2.24,2.21,2.22,2.19,2.24,2.23,2.14,2.1,2.18,2.12,2.06,2.03,2.02,2.02,2.04,2.02,2.04,2.06,2.1,2.13,2.21,2.2,
楠梓,2024/05/12 00:00:00,CO,0.31,0.34,0.3,0.27,0.27,0.3,0.38,0.34,0.32,0.44,0.41,0.36,0.28,0.23,0.22,0.21,0.24,0.22,0.24,0.26,0.28,0.28,0.28,0.27,
楠梓,2024/05/12 00:00:00,NMHC,0.06,0.06,0.03,0.01,0.01,0.02,0.06,0.02,0.02,0.1,0.12,0.04,0,0,0,0,0,0,0.12,0.03,0,0,0,0,
楠梓,2024/05/12 00:00:00,NO,0.2,0.2,0.4,0.4,0.4,0.5,1.2,1.8,1.9,1.3,0.7,0.5,0.6,0.8,1,0.6,0.9,0.6,0.5,0.4,0.3,0.3,0.4,0.3,
楠梓,2024/05/12 00:00:00,NO2,10.5,14.9,10.8,7.9,8.8,10,14.1,12.2,10.1,10.3,10.5,9.3,7.4,6.3,6.1,6.4,7.2,7.3,6,6.1,7,7.8,9.8,9.3,
楠梓,2024/05/12 00:00:00,NOx,10.8,15.1,11.2,8.4,9.3,10.5,15.4,14,12,11.6,11.3,9.8,8,7.2,7.2,7.1,8.1,7.9,6.5,6.5,7.3,8.1,10.2,9.6,
楠梓,2024/05/12 00:00:00,O3,33.8,25.3,31.3,31,25,29.8,28.5,28.9,40.3,51,81.1,80.9,58.7,47.7,42.8,37.1,40.9,37.5,36.4,47.3,47,40.2,34.1,32.2,
楠梓,2024/05/12 00:00:00,PM10,37,37,35,43,37,41,45,41,42,63,59,52,38,35,30,29,34,26,33,38,33,34,42,36,
楠梓,2024/05/12 00:00:00,PM2.5,15,13,16,16,18,16,18,20,20,13,26,20,20,11,8,9,10,8,10,11,11,13,13,14,
楠梓,2024/05/12 00:00:00,RAINFALL,0,0,0,0,0,0,0,0,0,0,0,0,0,0,0,0,0,0,0,0,0,0,0,0,
楠梓,2024/05/12 00:00:00,RH,61,68,67,68,70,69,67,64,57,56,56,56,59,62,60,61,64,67,76,84,85,85,86,87,
楠梓,2024/05/12 00:00:00,SO2,1.1,0.9,1.2,0.9,0.9,1.1,2.2,1.3,2.2,3.4,2.9,2.9,1.7,1.2,1,0.9,0.8,0.8,0.8,0.9,0.7,0.6,1,0.9,
楠梓,2024/05/12 00:00:00,THC,2.28,2.35,2.27,2.22,2.23,2.21,2.3,2.25,2.16,2.2,2.3,2.16,2.05,2.01,2,2.01,2.02,1.99,2.16,2.09,2.1,2.12,2.21,2.2,
楠梓,2024/05/12 00:00:00,WD_HR,67,66,49,52,49,61,60,65,48,208,279,283,268,262,236,249,273,271,293,310,336,2,28,29,
楠梓,2024/05/12 00:00:00,WIND_DIREC,72,82,41,49,48,54,69,26,28,281,264,287,260,248,226,249,274,278,308,317,28,41,26,28,
楠梓,2024/05/12 00:00:00,WIND_SPEED,0.9,1.1,1.5,1.1,0.9,1,0.8,0.2,1.1,1.3,1.1,1.5,2.1,1.5,1.7,1.6,1.9,1.8,1.1,1.6,0.9,1.4,1.4,0.4,
楠梓,2024/05/12 00:00:00,WS_HR,0.8,1.4,1.1,1,0.8,0.8,0.5,1,0.7,0.4,1.1,1.1,1.5,1.4,1.4,1.1,1.5,1.3,1.2,1.3,1.1,0.7,0.9,1,
楠梓,2024/05/13 00:00:00,AMB_TEMP,27.5,27.3,27.1,27,26.9,26.7,26.9,27.5,28.1,29.2,29.3,29.7,29.9,30.8,31,31.3,30.1,29.4,28,26.8,25,24,23.9,23.5,
楠梓,2024/05/13 00:00:00,CH4,2.23,2.27,2.22,2.25,2.36,2.41,2.42,2.37,2.21,2.19,2.17,2.15,2.13,2.1,2.1,2.11,2.13,2.13,2.17,2.18,2.18,2.19,2.19,2.2,
楠梓,2024/05/13 00:00:00,CO,0.27,0.27,0.26,0.24,0.26,0.29,0.27,0.33,0.33,0.38,0.38,0.32,0.33,0.3,0.28,0.28,0.32,0.35,0.36,0.35,0.33,0.29,0.29,0.32,
楠梓,2024/05/13 00:00:00,NMHC,0.01,0.02,0.01,0.01,0.02,0.03,0.02,0.01,0.01,0.03,0.04,0.03,0.03,0.02,0.02,0.2,0.06,0.06,0.07,0.08,0.09,0.06,0.08,0.07,
楠梓,2024/05/13 00:00:00,NO,0.6,0.5,0.4,0.5,0.3,0.5,1.6,2.5,3.5,3.5,3.9,2.7,1.8,1,0.9,0.5,0.6,0.5,0.4,0.3,0.4,0.4,0.4,0.2,
楠梓,2024/05/13 00:00:00,NO2,8.7,9.5,9.4,9,9,11.4,12.1,9.4,9.5,11.2,14.2,12.6,11.9,10.3,10.8,11,12.2,13.7,16.2,15,17.6,17.1,16.1,17.4,
楠梓,2024/05/13 00:00:00,NOx,9.3,10,9.8,9.5,9.4,11.9,13.8,11.9,13.1,14.8,18.2,15.3,13.8,11.4,11.7,11.5,12.8,14.3,16.6,15.3,18,17.5,16.5,17.7,
楠梓,2024/05/13 00:00:00,O3,30.4,26.9,22.1,20.6,19.1,12.1,11.8,14.7,19.4,25.9,32.9,44.1,50.2,64.1,69.7,73.7,77.8,71,62.5,51.9,34,29.1,25.7,22.8,
楠梓,2024/05/13 00:00:00,PM10,36,34,33,29,36,36,43,49,40,60,56,47,49,55,57,65,85,79,76,77,65,58,53,46,
楠梓,2024/05/13 00:00:00,PM2.5,19,19,19,14,13,13,21,25,22,23,24,31,29,24,16,13,23,22,21,27,20,13,15,15,
楠梓,2024/05/13 00:00:00,RAINFALL,0,0,0,0,0,0,0,0,0,0,0,0,0,0,0,0,0,0,0,0,0,0,0,0,
楠梓,2024/05/13 00:00:00,RH,88,88,89,89,89,90,91,88,85,78,72,68,65,60,58,57,59,60,62,65,70,71,69,69,
楠梓,2024/05/13 00:00:00,SO2,1.4,1.2,1.1,1.3,1.6,1.5,1.5,1,0.8,1.1,1,1.5,1.8,1.7,1.7,1.8,1.8,1.8,1.8,1.9,1.7,1.4,1.8,2.3,
楠梓,2024/05/13 00:00:00,THC,2.24,2.29,2.23,2.26,2.38,2.44,2.44,2.38,2.22,2.22,2.21,2.18,2.16,2.12,2.12,2.31,2.19,2.19,2.24,2.26,2.27,2.25,2.27,2.27,
楠梓,2024/05/13 00:00:00,WD_HR,26,33,37,8,350,37,28,14,344,351,16,358,346,353,20,323,360,3,16,346,21,33,322,11,
楠梓,2024/05/13 00:00:00,WIND_DIREC,27,40,17,343,335,37,22,345,16,350,353,25,321,23,32,296,328,41,347,1,37,6,316,343,
楠梓,2024/05/13 00:00:00,WIND_SPEED,1.3,0.9,0.9,0.8,1.4,0.6,1.8,1.1,1.5,2.4,2,2.4,2.7,2.6,1.7,2.9,1.6,1.9,1.2,1.2,2.5,0.8,1.1,1,
楠梓,2024/05/13 00:00:00,WS_HR,0.8,1.1,0.9,0.5,0.6,0.6,1.4,1.1,1.2,1.5,1.5,1.7,1.8,1.4,1.3,1.4,1.4,1.1,1.3,1.2,1.3,1.4,0.9,1,
楠梓,2024/05/14 00:00:00,AMB_TEMP,23.3,23.1,22.7,22.7,22.9,23,23.5,24.4,25.3,27.2,28.3,28.3,28,28.8,29.1,29.3,28.7,28.2,28,27.7,27.5,26.7,25.5,24.8,
楠梓,2024/05/14 00:00:00,CH4,2.21,2.22,2.24,2.24,2.19,2.23,2.26,2.31,2.39,2.27,2.1,2.08,2.08,2.06,2.04,2.05,2.08,2.09,2.13,2.11,2.16,2.21,2.23,2.19,
楠梓,2024/05/14 00:00:00,CO,0.33,0.32,0.28,0.26,0.26,0.27,0.36,0.7,0.71,0.75,0.43,0.26,0.27,0.24,0.21,0.22,0.27,0.32,0.36,0.43,0.53,0.44,0.38,0.32,
楠梓,2024/05/14 00:00:00,NMHC,0.08,0.07,0.08,0.08,0.08,0.07,0.13,0.62,0.99,0.33,0.12,0.02,0.02,0.03,0.03,0.02,0,0.01,0.03,0.1,0.19,0.18,0.17,0.12,
楠梓,2024/05/14 00:00:00,NO,0.4,0,0.2,0,0.2,0.4,1.4,17,3.6,7.6,5.2,1.5,1,1.1,0.6,0.6,0.5,0.3,0.3,0.2,0.1,0.2,0.1,0.3,
楠梓,2024/05/14 00:00:00,NO2,17.2,17.1,16.3,15.2,13.8,14.6,17.9,33.5,36.1,33,23.3,13.9,11.7,10.1,8.6,9,10.3,12,13,14.8,25.5,26.7,19.4,14.2,
楠梓,2024/05/14 00:00:00,NOx,17.6,17.1,16.6,15.2,14.1,15,19.3,50.6,39.7,40.6,28.5,15.4,12.8,11.2,9.3,9.7,10.9,12.3,13.4,15.1,25.6,26.9,19.6,14.5,
楠梓,2024/05/14 00:00:00,O3,20.2,17.6,18.6,19.1,19.7,14,11.4,4.5,17.8,18.2,31.5,43.5,47.6,49.7,52.2,54.3,68.3,70.8,64.8,58.1,39.3,32.5,38.5,41.9,
楠梓,2024/05/14 00:00:00,PM10,45,46,43,40,38,37,46,58,71,81,82,81,65,45,39,36,49,47,41,39,49,45,56,50,
楠梓,2024/05/14 00:00:00,PM2.5,13,16,17,12,12,15,15,20,23,27,48,59,40,33,25,18,23,20,17,17,19,18,25,22,
楠梓,2024/05/14 00:00:00,RAINFALL,0,0,0,0,0,0,0,0,0,0,0,0,0,0,0,0,0,0,0,0,0,0,0,0,
楠梓,2024/05/14 00:00:00,RH,69,71,71,70,71,72,70,69,67,65,64,63,64,63,61,61,63,64,62,62,66,71,75,79,
楠梓,2024/05/14 00:00:00,SO2,2,2.4,2.5,2.6,2.1,1.9,2.1,2.8,2.4,2.6,2.3,1.8,1.7,1.6,1.4,1.6,1.8,2,1.8,1.9,2.3,2.9,2.3,2.2,
楠梓,2024/05/14 00:00:00,THC,2.29,2.29,2.32,2.32,2.27,2.3,2.39,2.93,3.38,2.6,2.22,2.1,2.1,2.09,2.07,2.07,2.08,2.1,2.16,2.21,2.35,2.39,2.4,2.31,
楠梓,2024/05/14 00:00:00,WD_HR,357,350,348,39,51,334,2,7,314,242,222,233,219,213,217,230,269,280,254,209,112,72,36,42,
楠梓,2024/05/14 00:00:00,WIND_DIREC,326,334,40,60,65,68,16,302,311,162,245,215,222,219,218,244,286,303,212,214,160,43,42,20,
楠梓,2024/05/14 00:00:00,WIND_SPEED,0.9,0.8,1.3,1.7,0.2,0.2,0.2,0.5,0.5,1.4,1.2,2.2,2.3,1.8,2.9,1.5,2.2,1.4,1.2,0.4,1.3,0.8,1.1,1.2,
楠梓,2024/05/14 00:00:00,WS_HR,0.7,0.7,0.7,0.8,1,0.3,0.1,0.1,0.8,0.6,1.2,1.4,1.9,2.1,2.3,1.8,1.6,1.2,0.9,0.5,0.3,0.4,1.1,0.9,
楠梓,2024/05/15 00:00:00,AMB_TEMP,24.2,23.7,23.3,23.1,23.4,23.4,24.1,25.9,27.1,28.3,29.3,30.6,31.2,31.2,31.2,30.5,29.9,29.3,28.9,28.6,28,27.3,26.6,26.4,
楠梓,2024/05/15 00:00:00,CH4,2.23,2.3,2.33,2.32,2.24,2.27,2.34,2.29,2.23,2.18,2.2,2.14,2.12,2.1,2.09,2.09,2.1,2.14,2.22,2.14,2.14,2.14,2.16,2.18,
楠梓,2024/05/15 00:00:00,CO,0.3,0.31,0.3,0.34,0.31,0.33,0.46,0.49,0.44,0.5,0.41,0.3,0.28,0.26,0.24,0.24,0.25,0.3,0.32,0.35,0.32,0.3,0.29,0.33,
楠梓,2024/05/15 00:00:00,NMHC,0.06,0.08,0.07,0.11,0.06,0.05,0.1,0.08,0.14,0.25,0.1,0.02,0.03,0,0.04,0.06,0.03,0.06,0.09,0.18,0.04,0.02,0.05,0.1,
楠梓,2024/05/15 00:00:00,NO,0.3,0.8,0.4,0.5,0.7,0.8,4,7.8,2.8,2.3,1.6,0.7,0.7,0.6,0.7,0.9,0.8,0.6,0.5,0.4,0.5,0.7,0.5,0.5,
楠梓,2024/05/15 00:00:00,NO2,12.1,14.5,13.1,14.1,10.9,11.3,22.5,21,17.2,21.3,16.7,9.2,6.4,5.3,5.5,6.4,6.7,7.8,9,12,12.8,12.9,12.5,14.9,
楠梓,2024/05/15 00:00:00,NOx,12.5,15.3,13.6,14.6,11.6,12.2,26.6,28.8,20,23.6,18.4,10,7.2,6,6.3,7.4,7.6,8.5,9.5,12.5,13.3,13.6,13.1,15.5,
楠梓,2024/05/15 00:00:00,O3,40.3,30.4,26.8,22.1,28.6,20.8,9.9,19.7,32.6,43.4,64.7,73.5,74.3,70.7,68.7,66.9,65.2,61.5,58.5,57.1,58.9,52.1,51.7,43.8,
楠梓,2024/05/15 00:00:00,PM10,51,53,50,60,57,60,57,53,59,51,73,59,53,39,38,41,39,41,46,55,48,39,42,42,
楠梓,2024/05/15 00:00:00,PM2.5,17,24,27,29,27,28,27,22,20,16,30,17,17,16,14,15,14,13,13,12,20,13,21,12,
楠梓,2024/05/15 00:00:00,RAINFALL,0,0,0,0,0,0,0,0,0,0,0,0,0,0,0,0,0,0,0,0,0,0,0,0,
楠梓,2024/05/15 00:00:00,RH,84,86,88,88,87,88,86,83,79,70,67,62,59,57,57,57,58,60,61,62,61,60,63,65,
楠梓,2024/05/15 00:00:00,SO2,2.4,1.4,1.3,1.7,1.4,1.3,1.5,1.7,2.1,2.8,2.4,1.8,1.7,1.4,1.2,1.2,1.5,1.3,1.1,1.7,2.2,1.9,2.1,1.9,
楠梓,2024/05/15 00:00:00,THC,2.29,2.38,2.4,2.43,2.3,2.32,2.44,2.37,2.37,2.43,2.3,2.16,2.15,2.1,2.13,2.15,2.13,2.2,2.31,2.32,2.18,2.16,2.21,2.28,
楠梓,2024/05/15 00:00:00,WD_HR,28,34,9,41,44,30,38,40,337,275,289,270,272,274,287,284,275,278,277,18,46,53,52,73,
楠梓,2024/05/15 00:00:00,WIND_DIREC,43,23,328,52,29,15,35,45,342,302,274,275,270,269,290,283,298,272,307,30,62,44,64,56,
楠梓,2024/05/15 00:00:00,WIND_SPEED,0.5,1.2,1,1.8,1,0.7,0.5,1.4,0.8,1.4,1.7,2.7,2.3,2.6,3,2.6,1.9,1.3,0.7,1.5,1.7,1,0.8,0.5,
楠梓,2024/05/15 00:00:00,WS_HR,0.8,0.5,0.7,1,1.1,0.5,0.2,0.9,0.7,0.7,1.3,1.6,1.9,2.4,2.5,2.3,2,1.4,0.9,0.9,1.6,1,0.8,0.4,
楠梓,2024/05/16 00:00:00,AMB_TEMP,26.1,25.8,25.5,25.3,24.9,24.9,25.2,27.2,29.8,30.4,31.7,32,31.5,30.6,30.2,30,29.1,28.4,27.8,27.4,27.1,26.7,26.6,26.5,
楠梓,2024/05/16 00:00:00,CH4,2.25,2.27,2.36,2.23,2.37,2.42,2.4,2.28,2.19,2.23,2.22,2.17,2.18,2.21,2.14,2.09,2.08,2.09,2.08,2.08,2.07,2.07,2.07,2.09,
楠梓,2024/05/16 00:00:00,CO,0.33,0.29,0.33,0.26,0.34,0.34,0.36,0.45,0.41,0.52,0.36,0.28,0.27,0.28,0.25,0.24,0.26,0.33,0.31,0.28,0.26,0.24,0.21,0.21,
楠梓,2024/05/16 00:00:00,NMHC,0.07,0.07,0.14,0.05,0.12,0.14,0.11,0.07,0.15,0.14,0.06,0.01,0.01,0,0,0,0,0,0,0,0,0.04,0.1,0.09,
楠梓,2024/05/16 00:00:00,NO,0.5,1.1,1.1,0.9,1.1,1.9,4.1,4.6,3.1,2.4,1.9,1.7,1.4,1.3,1.4,1.5,1.3,1.2,1,1.2,1.1,1.3,1,1.1,
楠梓,2024/05/16 00:00:00,NO2,16.4,13.2,14.4,11.5,15,24.6,22.7,18.6,15.9,14.9,12.9,10.7,8.7,8.9,8.9,7.6,7.3,8.7,9,8.5,8,7.6,7.2,7.3,
楠梓,2024/05/16 00:00:00,NOx,17,14.3,15.6,12.4,16.2,26.6,26.9,23.2,19.1,17.3,14.9,12.4,10.1,10.2,10.4,9.1,8.6,9.9,10.1,9.8,9.1,9,8.3,8.4,
楠梓,2024/05/16 00:00:00,O3,36.4,36.5,31.9,36.7,24.7,12.8,16.2,31.9,60.4,74.2,82.9,76.2,85.1,91.4,90.3,83.2,85.2,89,90.9,85.9,78.4,70.1,67.6,63.8,
楠梓,2024/05/16 00:00:00,PM10,35,43,57,41,64,52,58,50,49,64,78,52,48,62,59,57,55,76,85,79,76,74,63,62,
楠梓,2024/05/16 00:00:00,PM2.5,20,19,27,18,32,25,24,26,21,25,25,15,16,16,18,16,12,21,26,21,21,19,17,18,
楠梓,2024/05/16 00:00:00,RAINFALL,0,0,0,0,0,0,0,0,0,0,0,0,0,0,0,0,0,0,0,0,0,0,0,0,
楠梓,2024/05/16 00:00:00,RH,67,69,71,73,77,74,78,70,57,57,51,47,46,52,52,51,53,59,64,66,68,70,69,70,
楠梓,2024/05/16 00:00:00,SO2,1.7,1.7,2.1,1.9,2.1,2.6,1.9,2.4,2.7,3.5,2.8,2.3,2.6,2.9,2.6,1.9,1.5,1.8,1.8,1.6,1.8,1.6,1.5,1.7,
楠梓,2024/05/16 00:00:00,THC,2.32,2.34,2.5,2.28,2.49,2.56,2.51,2.35,2.34,2.37,2.28,2.18,2.19,2.21,2.14,2.08,2.07,2.09,2.08,2.06,2.06,2.11,2.17,2.18,
楠梓,2024/05/16 00:00:00,WD_HR,49,55,38,42,22,51,43,34,252,295,256,262,250,238,242,228,239,247,271,275,278,309,301,306,
楠梓,2024/05/16 00:00:00,WIND_DIREC,11,54,34,332,51,56,62,260,336,274,260,242,246,248,253,221,234,284,281,280,270,324,308,297,
楠梓,2024/05/16 00:00:00,WIND_SPEED,0.4,1.3,0.7,0.4,0.8,0.8,0.4,0.4,1.2,1.9,2.1,2.8,2.7,2.9,2.4,3.2,2.2,1.8,1.4,1.7,1.2,0.6,1.2,0.2,
楠梓,2024/05/16 00:00:00,WS_HR,0.3,1,0.8,0.3,0.5,0.5,1,0.4,0.4,1.1,1.5,2,2.3,2.1,2.1,2.5,2.3,1.5,1.3,1.2,1,0.8,0.7,0.4,
楠梓,2024/05/17 00:00:00,AMB_TEMP,26.5,26.1,25.9,25.9,25.8,25.4,25,25.1,25.7,27.4,29,29.4,29.5,30.3,30.6,29.9,29.5,28.3,27.9,27.5,26.8,26.2,25.9,25.7,
楠梓,2024/05/17 00:00:00,CH4,2.11,2.2,2.2,2.17,2.23,2.32,2.28,2.2,2.18,2.14,2.14,2.13,2.12,2.11,2.09,2.09,2.11,2.14,2.16,2.16,2.15,2.15,2.18,2.2,
楠梓,2024/05/17 00:00:00,CO,0.21,0.25,0.25,0.25,0.27,0.27,0.28,0.3,0.25,0.28,0.3,0.31,0.34,0.26,0.23,0.23,0.26,0.29,0.3,0.28,0.3,0.29,0.28,0.31,
楠梓,2024/05/17 00:00:00,NMHC,0,0.04,0.05,0.04,0.05,0.07,0.07,0.05,0.05,0.05,0.02,0.03,0.1,0.15,0.19,0.25,0.27,0.04,0.05,0.05,0.07,0.05,0.05,0.1,
楠梓,2024/05/17 00:00:00,NO,0.9,1.1,1.2,1,0.9,1.1,1.4,1.5,2.2,3,2.4,1.7,1.4,1.4,1.4,1.3,1.5,0.9,0.7,1,1.2,1.3,1.2,1.3,
楠梓,2024/05/17 00:00:00,NO2,7.1,9.8,9.4,8.8,10.7,11.7,16.8,12.7,11.9,13.7,11.9,11.4,10.6,9.5,8.3,9.5,12.9,14.7,14.8,14.2,14.1,12.9,12.4,14.4,
楠梓,2024/05/17 00:00:00,NOx,8.1,10.9,10.6,9.9,11.7,12.8,18.3,14.2,14.2,16.8,14.3,13.2,12.1,11,9.8,10.8,14.4,15.6,15.6,15.3,15.4,14.2,13.7,15.7,
楠梓,2024/05/17 00:00:00,O3,62.9,48.6,46.2,46.3,44.2,36.5,29.3,37.4,41.3,49.8,65.3,73.4,74.6,81,75,66.9,67.4,65.1,59.2,57.7,50.8,46.2,42.2,33.4,
楠梓,2024/05/17 00:00:00,PM10,63,67,68,63,64,63,64,52,59,79,72,86,71,58,65,#,64,65,64,54,50,48,52,51,
楠梓,2024/05/17 00:00:00,PM2.5,18,20,17,21,17,19,21,15,12,18,19,25,24,21,#,17,17,22,20,18,19,17,17,19,
楠梓,2024/05/17 00:00:00,RAINFALL,0,0,0,0,0,0,0,0,0,0,0,0,0,0,0,0,0,0,0,0,0,0,0,0,
楠梓,2024/05/17 00:00:00,RH,70,73,73,71,72,75,74,73,71,66,61,59,59,56,54,57,56,66,65,61,62,66,68,70,
楠梓,2024/05/17 00:00:00,SO2,1.5,1.8,1.8,1.7,1.6,1.5,2.4,2.7,2.7,2.3,2.5,2.6,2.5,1.9,1.8,1.8,1.9,2.1,2.4,2.5,2.6,2.2,2,1.8,
楠梓,2024/05/17 00:00:00,THC,2.11,2.24,2.25,2.21,2.28,2.39,2.35,2.25,2.23,2.19,2.16,2.16,2.22,2.26,2.28,2.34,2.38,2.18,2.21,2.21,2.22,2.2,2.23,2.3,
楠梓,2024/05/17 00:00:00,WD_HR,22,52,48,28,42,9,26,32,25,7,20,350,317,310,297,305,326,21,16,12,42,39,36,62,
楠梓,2024/05/17 00:00:00,WIND_DIREC,40,55,49,337,38,344,26,30,19,39,1,334,314,315,295,305,26,342,17,19,49,49,62,68,
楠梓,2024/05/17 00:00:00,WIND_SPEED,0.2,0.2,0.2,0.2,0.2,1,2.5,2.1,1.7,1.7,1.2,1.1,2.1,2.5,2.2,2.2,1.4,1.5,1.2,0.3,2.4,1,1,0.2,
楠梓,2024/05/17 00:00:00,WS_HR,0.1,0.2,0.2,0.1,0.2,0.2,1.2,1.9,1.6,1,0.9,0.8,1.4,1.5,1.8,2,1.1,1,1.2,0.7,1.4,1.2,0.8,0.5,
楠梓,2024/05/18 00:00:00,AMB_TEMP,25.8,25.5,25,24.6,24.4,23.8,23.9,24.5,26.4,28.9,30.5,31.9,31.4,30.3,30.2,30.5,29.8,28.7,27.5,27,26.3,26,25.7,25.7,
楠梓,2024/05/18 00:00:00,CH4,2.32,2.36,2.39,2.33,2.32,2.32,2.29,2.27,2.24,2.24,2.17,2.15,2.16,2.13,2.1,2.11,2.13,2.17,2.19,2.23,2.23,2.19,2.23,2.23,
楠梓,2024/05/18 00:00:00,CO,0.33,0.3,0.28,0.26,0.25,0.28,0.32,0.38,0.38,0.46,0.35,0.34,0.35,0.29,0.25,0.27,0.29,0.29,0.29,0.32,0.34,0.31,0.34,0.32,
楠梓,2024/05/18 00:00:00,NMHC,0.06,0.05,0.06,0.07,0.06,0.08,0.07,0.07,0.07,0.17,0.09,0.08,0.11,0.11,0.11,0.14,0.2,0.03,0.03,0.04,0.04,0.02,0.04,0.04,
楠梓,2024/05/18 00:00:00,NO,1.3,0,0.3,0.4,0.1,0.4,0.6,2.6,2,1.7,0.6,0.6,0.3,0.6,0.5,0.5,0.5,0.3,0.4,0.4,0.2,0.2,0.2,0.4,
楠梓,2024/05/18 00:00:00,NO2,19.7,14.4,13.1,11.9,10.7,12.3,13.7,15,13.6,13.7,10.8,9.7,10.1,9.1,9.3,9.2,10.4,11.1,12.2,12.3,12.7,10.7,11.2,11.2,
楠梓,2024/05/18 00:00:00,NOx,21.1,14.4,13.4,12.4,10.9,12.7,14.3,17.7,15.6,15.5,11.5,10.3,10.5,9.8,9.9,9.7,10.9,11.4,12.6,12.7,12.9,10.9,11.4,11.6,
楠梓,2024/05/18 00:00:00,O3,31.4,31.3,28.9,25.9,26,19.7,17.2,18.3,32.5,57.6,83.4,92.4,95.3,89.5,86.6,86.9,80.6,75.7,60.3,58,55.1,55.6,46.5,44.3,
楠梓,2024/05/18 00:00:00,PM10,44,45,47,49,45,54,52,59,63,64,57,55,61,59,58,58,60,55,50,54,53,45,62,54,
楠梓,2024/05/18 00:00:00,PM2.5,14,18,17,18,22,22,23,28,30,29,26,28,28,21,22,24,22,24,19,21,30,25,24,26,
楠梓,2024/05/18 00:00:00,RAINFALL,0,0,0,0,0,0,0,0,0,0,0,0,0,0,0,0,0,0,0,0,0,0,0,0,
楠梓,2024/05/18 00:00:00,RH,74,77,82,86,87,88,89,86,76,63,53,47,53,57,55,56,58,59,57,59,66,70,74,75,
楠梓,2024/05/18 00:00:00,SO2,1.6,1.3,1,1.3,1.2,1.4,1.4,1.6,2,2.3,2.5,2.5,2.3,2.5,2.1,1.9,2.8,2.1,2.1,2,1.9,1.4,2.2,1.9,
楠梓,2024/05/18 00:00:00,THC,2.38,2.41,2.45,2.4,2.38,2.4,2.36,2.34,2.31,2.41,2.26,2.23,2.27,2.24,2.21,2.25,2.33,2.2,2.22,2.27,2.27,2.21,2.27,2.27,
楠梓,2024/05/18 00:00:00,WD_HR,67,56,47,51,36,11,31,44,328,287,331,322,288,283,302,303,324,348,347,27,43,34,349,47,
楠梓,2024/05/18 00:00:00,WIND_DIREC,58,53,56,67,39,20,42,43,313,281,303,309,276,275,296,276,37,345,10,18,50,325,12,58,
楠梓,2024/05/18 00:00:00,WIND_SPEED,0.7,0.2,0.2,0.6,0.5,1.1,0.4,0.8,1.1,1.4,1.4,2.2,2.4,2.4,2.2,2,2,2,1.5,1.6,2.4,0.8,1.5,0.7,
楠梓,2024/05/18 00:00:00,WS_HR,0.9,0.4,0.2,0.5,0.5,0.8,0.6,0.5,0.5,0.7,0.7,1,1.8,2,2.2,1.4,1.1,1.3,1.4,1.6,1.8,1.1,0.7,0.6,
楠梓,2024/05/19 00:00:00,AMB_TEMP,25.8,26.1,26.1,26.2,26,26.1,26.2,26.8,28,29.7,31.4,32,31.8,31.8,32.2,31.8,31,30.3,29.9,29.3,28.5,27.8,27.7,27.6,
楠梓,2024/05/19 00:00:00,CH4,2.28,2.41,2.48,2.45,2.3,2.27,2.34,2.26,2.23,2.13,2.09,2.07,2.06,2.08,2.09,2.08,2.08,2.09,2.14,2.23,2.25,2.34,2.31,2.32,
楠梓,2024/05/19 00:00:00,CO,0.37,0.36,0.34,0.35,0.32,0.35,0.39,0.45,0.38,0.28,0.23,0.21,0.2,0.21,0.23,0.21,0.22,0.23,0.27,0.31,0.37,0.4,0.39,0.39,
楠梓,2024/05/19 00:00:00,NMHC,0.07,0.1,0.03,0.05,0.02,0.05,0.05,0.07,0.09,0.04,0,0,0.11,0.12,0.12,0.07,0.22,0.14,0.34,0.06,0.05,0.05,0.32,0.37,
楠梓,2024/05/19 00:00:00,NO,0.2,0,0,0,0,0,0.4,0.9,0.8,0.5,0.2,0,0,0.1,0,0,0,0,0,0,0,0.2,0,0,
楠梓,2024/05/19 00:00:00,NO2,10.5,14.1,13.1,13,11.7,12.8,15.7,16.9,15.7,10.3,6.8,5.3,5.4,6.2,7.3,6.9,7.4,8.8,10.8,13.3,16,14.5,14.3,13.1,
楠梓,2024/05/19 00:00:00,NOx,10.8,13.8,13,12.9,11.8,12.7,16.1,17.9,16.5,10.8,7,5.3,5.3,6.4,7.3,6.9,7.3,8.7,10.9,13.2,15.8,14.8,14.3,13,
楠梓,2024/05/19 00:00:00,O3,42.8,35.4,33.5,33.7,38.8,33.6,29.7,33.8,46.3,62.1,65.3,63.3,61.1,65.7,71.8,64.5,61.3,63.7,58.1,52.6,46.5,47,42.7,41.8,
楠梓,2024/05/19 00:00:00,PM10,53,57,51,50,47,47,56,64,52,48,35,35,30,29,38,32,34,40,45,45,56,69,66,66,
楠梓,2024/05/19 00:00:00,PM2.5,23,32,28,27,26,27,28,40,27,17,17,12,16,10,11,12,13,13,14,18,21,37,32,34,
楠梓,2024/05/19 00:00:00,RAINFALL,0,0,0,0,0,0,0,0,0,0,0,0,0,0,0,0,0,0,0,0,0,0,0,0,
楠梓,2024/05/19 00:00:00,RH,76,75,76,76,76,76,76,74,68,57,52,50,49,48,47,48,46,50,49,46,53,67,68,69,
楠梓,2024/05/19 00:00:00,SO2,1.6,1.4,1.4,1.8,1.5,1.3,1.4,2.6,2.4,2,1.5,1.1,1.3,1.4,1.4,1.1,1.1,1.1,1.3,1.9,2.1,2.4,2.2,2.2,
楠梓,2024/05/19 00:00:00,THC,2.35,2.51,2.51,2.5,2.32,2.32,2.39,2.33,2.32,2.17,2.09,2.07,2.17,2.2,2.21,2.15,2.3,2.23,2.48,2.29,2.3,2.39,2.63,2.69,
楠梓,2024/05/19 00:00:00,WD_HR,74,73,69,71,62,75,51,75,93,275,269,278,294,308,303,278,279,274,339,37,329,28,347,336,
楠梓,2024/05/19 00:00:00,WIND_DIREC,72,88,87,68,56,63,47,91,219,270,222,277,300,313,299,273,268,280,30,45,319,41,306,337,
楠梓,2024/05/19 00:00:00,WIND_SPEED,0.5,0.4,0.3,0.8,0.7,0.3,0.4,0.7,0.5,1.8,1.6,2.2,2,2.2,2.5,2,1.6,1,1.1,1,1,0.5,0.2,0.2,
楠梓,2024/05/19 00:00:00,WS_HR,0.5,0.4,0.7,0.3,0.8,0.6,0.7,0.4,0.1,1.1,1.1,1.7,1.8,1.5,1.7,1.7,1.3,1.3,0.6,0.9,0.6,0.9,0,0.1,
楠梓,2024/05/20 00:00:00,AMB_TEMP,27.3,27,26.5,26.5,26.5,26.4,26.9,27.3,28.3,29.3,29.7,30.4,30.6,28.3,27.5,27.6,27.3,27.3,27.3,27.4,27.5,27.1,26.7,26.6,
楠梓,2024/05/20 00:00:00,CH4,2.37,2.49,2.49,2.31,2.32,2.42,2.32,2.3,2.22,2.23,2.23,2.23,2.25,2.23,2.15,2.16,2.21,2.22,2.24,2.23,2.29,2.37,2.45,2.27,
楠梓,2024/05/20 00:00:00,CO,0.4,0.39,0.34,0.29,0.29,0.33,0.36,0.49,0.37,0.5,0.41,0.43,0.42,0.37,0.31,0.33,0.54,0.73,0.69,0.57,0.6,0.58,0.48,0.42,
楠梓,2024/05/20 00:00:00,NMHC,0.05,0.07,0.03,0.01,0.02,0.05,0.05,0.08,0.02,0.26,0.12,0.16,0.1,0.04,0.06,0.03,0.13,0.49,0.14,0.16,0.17,0.18,0.08,0.05,
楠梓,2024/05/20 00:00:00,NO,0,0.3,0.7,0.7,0.5,1,2.1,3,2.2,1.9,2.8,2.3,1.4,1.2,1,1,0.8,0.9,0.8,1,0.6,0.8,0.6,0.7,
楠梓,2024/05/20 00:00:00,NO2,13.9,17.4,14,11.5,14.2,20.8,20.3,18.6,13.1,18.3,23.8,21.9,16,13,12.4,15.3,17.1,21.5,28.2,25.2,25.8,23.6,21.4,15.4,
楠梓,2024/05/20 00:00:00,NOx,13.8,17.8,14.7,12.2,14.8,21.8,22.5,21.7,15.4,20.2,26.7,24.2,17.5,14.2,13.4,16.4,18,22.5,29.1,26.3,26.4,24.4,22,16.1,
楠梓,2024/05/20 00:00:00,O3,36.3,29.3,27.9,34.1,31.8,19.4,25.2,25.2,39.2,48,53,71.3,73.8,66.7,60.7,56.7,62,56.5,54.2,47.3,42.4,38.5,38.3,38.9,
楠梓,2024/05/20 00:00:00,PM10,59,49,49,42,42,48,43,56,56,68,74,74,78,63,42,45,64,69,86,70,82,91,67,62,
楠梓,2024/05/20 00:00:00,PM2.5,32,24,23,19,19,23,20,23,22,29,29,33,38,36,22,26,36,38,40,39,46,54,41,35,
楠梓,2024/05/20 00:00:00,RAINFALL,0,0,0,0,0,0,0,0,0,0,0,0,0,0.5,0,0,0,0,0,0,0,0,0,0,
楠梓,2024/05/20 00:00:00,RH,69,67,72,75,75,77,74,72,67,60,60,58,57,74,74,73,77,79,76,76,76,84,88,87,
楠梓,2024/05/20 00:00:00,SO2,2,1.4,1.3,1.1,1.2,1.1,1.7,2.1,2.2,2.7,3.2,4,3.1,1.9,1.6,1.5,2.4,2.7,3.7,2.8,2.2,1.5,1.1,1.1,
楠梓,2024/05/20 00:00:00,THC,2.42,2.56,2.52,2.32,2.34,2.47,2.37,2.38,2.24,2.49,2.35,2.39,2.35,2.27,2.21,2.19,2.34,2.71,2.38,2.39,2.46,2.55,2.53,2.32,
楠梓,2024/05/20 00:00:00,WD_HR,53,62,60,58,69,67,47,354,6,357,44,337,278,259,228,273,285,357,61,63,60,61,74,84,
楠梓,2024/05/20 00:00:00,WIND_DIREC,51,47,73,62,64,63,35,16,205,41,45,329,254,243,248,270,334,48,79,59,54,69,72,79,
楠梓,2024/05/20 00:00:00,WIND_SPEED,0.7,0.6,0.6,0.8,0.2,0.2,1.1,1,0.5,1.2,1.1,0.8,1.3,1.5,0.4,1.3,0.2,0.2,0.3,0.6,1.1,0.7,0.7,0.6,
楠梓,2024/05/20 00:00:00,WS_HR,0.3,0.5,0.6,0.6,0.2,0.2,0.7,0.6,0.3,0.3,1,0.7,1,1.3,1,1,0.7,0.1,0.6,0.5,0.9,1,0.9,0.8,
楠梓,2024/05/21 00:00:00,AMB_TEMP,26.6,26.4,25.6,25.1,25.2,25.3,25.3,25.9,27.3,29.1,31.2,32.6,31.7,31.1,30.7,30,30.1,29.9,29.5,29.3,29.1,28.9,28.6,28,
楠梓,2024/05/21 00:00:00,CH4,2.24,2.25,2.26,2.21,2.07,2.05,2.06,2.07,2.02,2,1.97,1.98,1.97,1.96,1.96,1.97,1.97,1.96,1.98,2,2.03,2.08,2.04,2.05,
楠梓,2024/05/21 00:00:00,CO,0.38,0.39,0.33,0.24,0.21,0.19,0.27,0.43,0.29,0.25,0.32,0.57,0.33,0.23,0.19,0.21,0.22,0.26,0.3,0.34,0.32,0.36,0.25,0.21,
楠梓,2024/05/21 00:00:00,NMHC,0.03,0.06,0.06,0,0,0,0.01,0.07,0.02,0.05,0.22,0.31,0.03,0.02,0,0.07,0,0.08,0.13,1.01,1.7,0.15,0.04,0.02,
楠梓,2024/05/21 00:00:00,NO,0.8,1,1.2,1.7,1.4,1.1,6.6,13.9,12.9,10.9,7.8,4.8,2.4,2.6,2.2,1.6,1.5,1.4,1,1,1.2,0.9,1.6,1.4,
楠梓,2024/05/21 00:00:00,NO2,15.1,14.4,15.5,9.5,10.5,12.8,17.2,15.9,12.8,12.8,15.6,17.7,12.3,12.1,10.6,9.9,9.8,9.7,10.2,11.7,10.8,12.8,14.6,10.9,
楠梓,2024/05/21 00:00:00,NOx,16,15.4,16.7,11.2,11.9,13.9,23.9,29.9,25.7,23.8,23.4,22.6,14.7,14.7,12.8,11.5,11.3,11.1,11.2,12.7,12,13.7,16.3,12.4,
楠梓,2024/05/21 00:00:00,O3,35.1,27.8,22.3,19.1,14.8,10.5,4.1,3,5.6,8.9,23.1,40,42.4,33.1,34.8,41,46.1,37.6,34.8,25.7,20.9,20.2,10.8,10.3,
楠梓,2024/05/21 00:00:00,PM10,60,50,34,25,21,18,16,24,24,29,30,33,33,19,20,25,18,22,22,23,24,33,27,22,
楠梓,2024/05/21 00:00:00,PM2.5,32,32,24,23,16,11,7,8,11,8,12,12,11,10,7,8,7,6,8,6,11,12,10,13,
楠梓,2024/05/21 00:00:00,RAINFALL,0,1,1,0,0.5,0.5,0,0,0,0,0,0,0,0,0,0,0,0,0,0,0,0,0,0,
楠梓,2024/05/21 00:00:00,RH,87,90,97,100,99,97,98,95,86,79,66,60,65,69,71,79,78,77,80,82,84,84,78,81,
楠梓,2024/05/21 00:00:00,SO2,1.1,1.3,1.6,1.1,1.1,1,1.1,1.1,1.1,1.1,3,3.4,2.7,2,1.6,1.2,1.4,1.2,1.4,1.3,1.3,1.3,1.6,1.3,
楠梓,2024/05/21 00:00:00,THC,2.27,2.31,2.32,2.21,2.06,2.03,2.07,2.14,2.04,2.05,2.19,2.29,2,1.98,1.96,2.04,1.97,2.04,2.11,3.01,3.73,2.23,2.08,2.07,
楠梓,2024/05/21 00:00:00,WD_HR,64,139,70,67,74,81,63,73,73,57,125,259,260,281,265,273,281,303,323,299,309,60,78,62,
楠梓,2024/05/21 00:00:00,WIND_DIREC,67,159,62,76,78,61,61,52,89,49,5,286,281,283,245,275,291,322,337,307,304,97,61,63,
楠梓,2024/05/21 00:00:00,WIND_SPEED,0.3,0.8,1.6,1.3,0.8,0.7,0.2,0.8,0.6,1.2,0.4,1.5,2.3,1.6,1.1,1.5,1,0.9,0.2,0.5,0.6,1.1,1,1.4,
楠梓,2024/05/21 00:00:00,WS_HR,0.4,0.3,0.9,1.5,1,0.4,0.6,0.4,0.7,0.4,0.3,0.7,1.5,1.7,1.2,1,1.2,0.7,0.4,0.4,0.5,0.5,0.8,1,
楠梓,2024/05/22 00:00:00,AMB_TEMP,27.7,27.6,27.1,26.9,26.5,26.3,27.5,28.8,30.4,31.2,31.2,30.9,30.9,31.1,31.9,31.3,31.8,31.4,30.5,29.8,29.4,28.8,28.5,27.8,
楠梓,2024/05/22 00:00:00,CH4,2.08,2.08,2.07,2.09,2.1,2.1,2.07,2.08,2.06,2.08,2.15,2.08,2.05,2.02,2.01,2.04,2.02,2.03,2.05,2.06,2.05,2.14,2.22,2.16,
楠梓,2024/05/22 00:00:00,CO,0.23,0.22,0.2,0.19,0.19,0.19,0.3,0.35,0.3,0.38,0.46,0.26,0.2,0.17,0.19,0.24,0.22,0.28,0.3,0.33,0.29,0.34,0.34,0.27,
楠梓,2024/05/22 00:00:00,NMHC,0.03,0.03,0.4,0.03,0.03,0.01,0.02,0.07,0.04,0.08,0.06,0.03,0.11,0.08,0,0.04,0,0.02,0.04,0.09,0.05,0.12,0.11,0.05,
楠梓,2024/05/22 00:00:00,NO,1.8,0.8,0.7,1,1.7,1.5,4.9,3.9,3.3,2,1.7,1.4,1.4,0.9,1,1,0.9,0.8,0.8,0.9,0.7,0.8,0.8,0.8,
楠梓,2024/05/22 00:00:00,NO2,11,13.9,11,10.5,11.6,10.3,12.7,12.9,12.5,12,12.7,11.4,9.1,6.6,7.4,10.7,9.1,10.4,13.7,15.6,14,15.5,19.8,13,
楠梓,2024/05/22 00:00:00,NOx,12.9,14.8,11.7,11.6,13.3,11.8,17.6,16.8,15.8,14,14.5,12.8,10.6,7.5,8.4,11.7,10.1,11.2,14.5,16.6,14.7,16.3,20.7,13.9,
楠梓,2024/05/22 00:00:00,O3,6.9,6.4,7.9,5.6,4.2,4.9,9.4,16.6,28.4,38,45.9,45.6,35,37.1,44.8,52.3,52.9,47.1,38.3,29.7,27.4,18.7,14.2,17.3,
楠梓,2024/05/22 00:00:00,PM10,27,25,24,26,26,30,28,32,37,43,60,42,33,22,26,35,37,37,31,35,23,37,49,36,
楠梓,2024/05/22 00:00:00,PM2.5,9,12,11,11,9,6,11,16,17,24,24,21,11,12,14,19,19,16,19,18,14,23,25,23,
楠梓,2024/05/22 00:00:00,RAINFALL,0,0,0,0,0,0,0,0,0,0,0,0,0,0,0,0,0,0,0,0,0,0,0,0,
楠梓,2024/05/22 00:00:00,RH,82,82,86,85,86,88,84,81,74,69,70,71,69,67,62,67,63,63,66,69,71,79,84,88,
楠梓,2024/05/22 00:00:00,SO2,1.4,0.7,0.5,0.4,0.5,0.4,0.8,0.9,1.4,1.9,2.5,1.6,0.6,0.7,0.7,0.7,0.6,0.7,1,1.3,1.1,1.9,1.4,2,
楠梓,2024/05/22 00:00:00,THC,2.11,2.11,2.47,2.12,2.13,2.11,2.09,2.15,2.1,2.16,2.21,2.11,2.16,2.1,2,2.08,2.02,2.05,2.09,2.15,2.1,2.26,2.33,2.21,
楠梓,2024/05/22 00:00:00,WD_HR,68,54,333,58,50,49,39,335,336,274,271,275,286,303,36,62,357,354,28,13,29,340,44,57,
楠梓,2024/05/22 00:00:00,WIND_DIREC,70,46,31,62,45,63,27,318,278,278,252,270,285,28,41,43,324,29,336,45,43,36,56,49,
楠梓,2024/05/22 00:00:00,WIND_SPEED,1.2,0.5,0.2,0.8,1.1,1,0.5,0.4,0.9,1.3,1.1,1.8,2.1,1.5,1.8,2.1,0.8,1.9,1.1,1.2,1,1.3,1.6,1.3,
楠梓,2024/05/22 00:00:00,WS_HR,1.5,0.7,0.1,0.7,1.1,1,0.6,0.4,0.2,0.8,1.1,1.1,1.6,0.9,1.5,2.4,0.6,1.1,1.1,0.8,0.6,0.7,1.3,1.4,
楠梓,2024/05/23 00:00:00,AMB_TEMP,27.5,#,27.3,27,26.9,26.7,27.5,29.8,30.8,31.9,32.2,32.8,31.9,31.9,31.3,31,30.6,30.4,29.8,29.4,29,28.7,28.3,28,
楠梓,2024/05/23 00:00:00,CH4,2.09,#,2.23,2.41,2.36,2.4,2.2,2.21,2.17,2.14,2.12,1.97,1.93,1.94,1.94,1.93,1.94,1.95,1.99,2.04,2.05,2.07,2.08,2.11,
楠梓,2024/05/23 00:00:00,CO,0.21,#,0.26,0.27,0.23,0.28,0.32,0.42,0.43,0.44,0.44,0.21,0.15,0.14,0.13,0.14,0.17,0.23,0.24,0.25,0.24,0.25,0.29,0.25,
楠梓,2024/05/23 00:00:00,NMHC,0.02,#,0.92,0.41,0.09,0.09,0.06,0.16,0.16,0.2,0.17,0.02,0,0,0,0,0.15,0.23,0.36,0.02,0.02,0.03,0.1,0.04,
楠梓,2024/05/23 00:00:00,NO,0.6,#,0.8,2.5,5.5,10.8,14.1,9.3,5.7,4.5,3.6,1.7,1.5,1,1,0.9,0.7,0.8,0.6,0.6,0.5,0.4,0.5,0.4,
楠梓,2024/05/23 00:00:00,NO2,10.4,#,14.2,17.3,18.3,16.9,14.8,18,19.6,20.4,22.8,11.9,7.5,5.1,5,5,7,8.1,10.5,9.3,9.6,11.4,10.7,11.3,
楠梓,2024/05/23 00:00:00,NOx,11.1,#,15.1,19.9,23.9,27.7,29,27.3,25.4,24.9,26.4,13.6,9.1,6.1,6.1,6,7.7,8.9,11.2,9.9,10.2,11.8,11.2,11.7,
楠梓,2024/05/23 00:00:00,O3,20.4,#,9.4,2.6,0.9,0.8,2.2,12.2,20.3,31.3,46,36.5,23.7,24.9,26.8,28.8,27.3,25.8,28.8,37,36.4,31,28.5,24.6,
楠梓,2024/05/23 00:00:00,PM10,30,27,31,31,21,23,26,34,43,42,49,33,26,21,16,32,27,18,22,26,28,31,27,32,
楠梓,2024/05/23 00:00:00,PM2.5,13,17,16,15,6,7,11,16,19,21,29,11,7,8,8,6,6,11,13,16,13,15,14,12,
楠梓,2024/05/23 00:00:00,RAINFALL,0,#,0,0,0,0,0,0,0,0,0,0,0,0,0,0,0,0,0,0,0,0,0,0,
楠梓,2024/05/23 00:00:00,RH,89,#,90,89,88,89,85,74,69,63,62,60,62,64,67,71,72,72,76,78,79,81,84,85,
楠梓,2024/05/23 00:00:00,SO2,1.1,#,1.2,1.3,1,0.8,1.2,4.6,3.6,2.3,3.1,1.6,0.9,0.8,0.7,0.8,1,0.8,1.3,1.2,1.1,1.3,1.4,1.6,
楠梓,2024/05/23 00:00:00,THC,2.11,#,3.15,2.82,2.45,2.49,2.26,2.37,2.33,2.34,2.29,1.99,1.91,1.91,1.9,1.91,2.09,2.18,2.35,2.06,2.07,2.1,2.18,2.15,
楠梓,2024/05/23 00:00:00,WD_HR,49,#,138,91,90,80,71,149,212,143,81,260,275,276,277,276,291,308,302,24,2,42,47,44,
楠梓,2024/05/23 00:00:00,WIND_DIREC,54,96,224,92,86,82,63,153,195,73,226,268,276,274,281,272,294,320,300,37,45,55,27,74,
楠梓,2024/05/23 00:00:00,WIND_SPEED,0.2,0.5,0.5,0.4,0.5,1.1,1,1.2,0.4,1.6,1.6,1.8,2.4,2.2,2,2.5,2.3,1.5,1.8,1.4,1,1.7,1.4,0.6,
楠梓,2024/05/23 00:00:00,WS_HR,0.7,#,0,0.5,0.4,0.7,0.8,0.6,0.7,0.5,0.6,1.4,1.8,1.9,2.1,2.1,1.7,1.5,1.5,1.3,0.6,1.1,1.2,0.9,
楠梓,2024/05/24 00:00:00,AMB_TEMP,27.8,27.4,27.1,27,27.2,27.2,27.5,28.1,28.7,29.6,30.9,31.5,32.1,32.6,32,31.7,30.9,27.6,27.2,27.6,27.5,27.4,27.1,26.8,
楠梓,2024/05/24 00:00:00,CH4,2.07,2.12,2.16,2.16,2.22,2.39,2.29,2.14,2.09,2.04,2.04,2.07,#,2.09,2.06,2.04,2.1,2.08,2.09,2.15,2.14,2.17,2.16,2.16,
楠梓,2024/05/24 00:00:00,CO,0.24,0.23,0.2,0.2,0.22,0.28,0.3,0.34,0.22,0.2,0.21,0.32,#,0.39,0.3,0.23,0.31,0.37,0.46,0.34,0.29,0.29,0.32,0.3,
楠梓,2024/05/24 00:00:00,NMHC,0.04,0.05,0,0.03,0.18,0.14,0.06,0.04,0,0,0,0.12,#,0.16,0.05,0.21,0.1,0.04,0.09,0.09,0.07,0.07,0.17,0.04,
楠梓,2024/05/24 00:00:00,NO,0.2,0.6,0.4,0.6,1.2,5,8.6,5.4,3,1.9,1.7,1.2,#,0.8,0.8,0.6,0.8,0.9,1.3,0.8,0.5,0.7,0.9,0.8,
楠梓,2024/05/24 00:00:00,NO2,10.7,10.8,11.8,12.7,19.8,20.7,16.6,12.6,10.5,9,9.1,10.8,#,10.2,9.5,8.4,12.1,20,31.5,19.8,14.3,14.5,14.9,13.8,
楠梓,2024/05/24 00:00:00,NOx,11,11.4,12.2,13.4,21.1,25.8,25.2,18.1,13.6,10.9,10.8,12,#,11,10.4,9.1,13,20.9,32.8,20.7,14.8,15.3,15.9,14.6,
楠梓,2024/05/24 00:00:00,O3,24.2,19.9,17.8,13.3,7.2,1.7,5.2,10.2,17.4,28.3,35.3,#,66.9,74.9,55.6,44.3,45.1,35.3,21,19.4,21.9,17.9,13.8,12.8,
楠梓,2024/05/24 00:00:00,PM10,28,29,28,26,23,34,37,32,28,31,39,59,#,44,41,30,40,32,36,30,31,30,29,28,
楠梓,2024/05/24 00:00:00,PM2.5,12,13,15,15,17,15,15,12,12,15,14,#,32,29,18,12,21,19,19,11,20,12,19,19,
楠梓,2024/05/24 00:00:00,RAINFALL,0,0,0,0,0,0,0,0,0,0,0,#,0,0,0,0,0,5.5,1,0,0,0,0,0,
楠梓,2024/05/24 00:00:00,RH,86,88,89,89,89,90,89,85,83,75,69,67,64,61,62,63,67,85,90,86,86,87,89,91,
楠梓,2024/05/24 00:00:00,SO2,1.5,1.1,0.9,0.6,3.8,4.3,1.5,1.3,1,1.4,1.4,2.8,#,#,2.6,1.7,1.5,0.9,0.9,0.8,1.1,1.3,1.2,1.3,
楠梓,2024/05/24 00:00:00,THC,2.11,2.17,2.16,2.19,2.4,2.53,2.35,2.18,2.09,2.04,2.04,2.19,#,2.25,2.11,2.25,2.2,2.12,2.18,2.24,2.21,2.24,2.33,2.2,
楠梓,2024/05/24 00:00:00,WD_HR,42,61,76,76,89,49,47,46,48,28,336,311,318,293,275,284,32,82,59,27,35,37,53,57,
楠梓,2024/05/24 00:00:00,WIND_DIREC,27,79,65,84,109,45,39,54,52,26,328,326,321,285,282,300,95,89,39,24,33,49,43,50,
楠梓,2024/05/24 00:00:00,WIND_SPEED,1.6,0.7,0.9,0.2,0.4,0.7,1.5,1.7,1.9,1.2,1.2,1.5,1.5,1.6,2.7,1.4,2.5,1.4,0.3,1.1,0.6,1.3,1.6,0.6,
楠梓,2024/05/24 00:00:00,WS_HR,0.9,0.9,0.6,0.3,0.2,0.4,1,1.5,1.9,1.1,0.9,1.3,1.1,1.5,1.8,1.1,0.5,1.7,0.6,1,0.6,1,1.5,0.8,
楠梓,2024/05/25 00:00:00,AMB_TEMP,26.8,26.6,26.6,26.5,26.5,26.4,26.8,27.7,28.9,30.6,32.2,33.7,34,34.5,34.3,32.6,31,28.8,28.7,28.7,28.7,28.5,28.5,28.4,
楠梓,2024/05/25 00:00:00,CH4,2.18,2.24,2.17,2.17,2.15,2.14,2.13,2.14,2.1,2.1,2.1,2.11,2.08,2.05,2.01,1.99,1.96,1.96,1.96,2,2.04,2.05,2.05,2.11,
楠梓,2024/05/25 00:00:00,CO,0.29,0.35,0.26,0.24,0.24,0.24,0.27,0.32,0.29,0.31,0.26,0.26,0.25,0.26,0.21,0.2,0.19,0.2,0.23,0.25,0.3,0.27,0.25,0.29,
楠梓,2024/05/25 00:00:00,NMHC,0.05,0.06,0.04,0.04,0.05,0.07,0.06,0.09,0.04,0.05,0.03,0.01,0.02,0.01,0.01,0.01,0.09,0,0.08,0.2,0.48,0.18,0.02,0.07,
楠梓,2024/05/25 00:00:00,NO,0.7,0.6,0.4,0.6,0.6,0.8,2.9,5.2,3.1,3.3,3.1,1.9,0.9,#,0.8,0.5,0.7,0.9,0.5,0.5,0.4,0.5,0.5,0.7,
楠梓,2024/05/25 00:00:00,NO2,13,14.4,11.6,10,9.4,9.5,11.6,14.2,11.3,11.9,11.6,10.1,8.7,#,6,5.8,6.5,8,8.7,10.6,12,10.6,9.6,12.3,
楠梓,2024/05/25 00:00:00,NOx,13.8,15,12,10.7,10,10.4,14.5,19.4,14.4,15.3,14.7,12,9.6,#,6.8,6.4,7.2,8.9,9.3,11.1,12.5,11.1,10.1,13,
楠梓,2024/05/25 00:00:00,O3,12.6,9.4,13.5,11.2,11.6,7.8,5.8,8.2,18.3,27,37.3,54.1,66.7,#,68.1,55.9,45,37.5,30.7,28.7,23.8,30.7,32.5,18.2,
楠梓,2024/05/25 00:00:00,PM10,28,33,21,23,31,25,27,35,29,31,30,29,33,27,25,21,19,21,21,21,26,33,31,29,
楠梓,2024/05/25 00:00:00,PM2.5,13,18,15,19,18,10,15,18,15,13,14,14,20,15,10,10,7,11,11,12,10,11,12,13,
楠梓,2024/05/25 00:00:00,RAINFALL,0,0,0,0,0,0,0,0,0,0,0,0,0,0,0,0,0,0,0,0,0,0,0,0,
楠梓,2024/05/25 00:00:00,RH,91,92,89,91,91,91,88,85,77,67,58,53,52,52,52,56,66,85,85,85,85,86,86,88,
楠梓,2024/05/25 00:00:00,SO2,1.1,1,0.9,0.9,0.8,0.8,0.7,1.4,0.9,1.5,1.5,1.7,1.9,#,1.9,1.7,1.4,1,1,1,1.2,1.2,1.1,0.9,
楠梓,2024/05/25 00:00:00,THC,2.23,2.3,2.21,2.21,2.2,2.21,2.19,2.23,2.14,2.15,2.13,2.12,2.1,2.06,2.02,2,2.05,1.96,2.04,2.2,2.52,2.23,2.07,2.18,
楠梓,2024/05/25 00:00:00,WD_HR,65,71,45,53,45,48,53,39,317,317,40,2,303,248,259,263,233,235,28,350,301,311,40,53,
楠梓,2024/05/25 00:00:00,WIND_DIREC,78,80,24,55,63,44,45,327,310,339,49,31,279,#,264,250,208,223,31,310,295,309,85,323,
楠梓,2024/05/25 00:00:00,WIND_SPEED,0.5,0.9,0.9,0.5,0.9,1.1,0.2,0.6,1.1,2.2,1.6,1,1.6,#,2.4,1.8,2.5,1,1.2,0.7,0.8,0.9,0.4,0.4,
楠梓,2024/05/25 00:00:00,WS_HR,0.6,0.8,0.8,0.4,0.7,0.9,0.5,0.5,0.7,1.1,1.8,1,1,2.1,2.1,1.6,1.9,1.2,0.6,0.2,0.5,0.6,0.4,0.1,
楠梓,2024/05/26 00:00:00,AMB_TEMP,28.3,28.3,27.9,27.8,27.6,27.1,27.5,28.4,28.6,28.6,29.1,29,28.6,27.7,27.3,26.8,26.4,26.1,26,25.7,25.5,25.4,25.3,25.5,
楠梓,2024/05/26 00:00:00,CH4,2.08,2.11,2.14,2.32,2.36,2.3,2.11,2.13,2.17,2.11,2.09,2.1,2.1,2.11,2.07,2.03,2.06,2.2,2.15,2.07,2.05,2.01,2.02,2.11,
楠梓,2024/05/26 00:00:00,CO,0.23,0.24,0.23,0.27,0.33,0.3,0.32,0.39,0.39,0.35,0.3,0.27,0.26,0.29,0.26,0.27,0.25,0.34,0.35,0.26,0.21,0.19,0.2,0.34,
楠梓,2024/05/26 00:00:00,NMHC,0.03,0.06,0.03,0.05,0.08,0.06,0.04,0.13,0.5,0.07,0.04,0.02,0.01,0.04,0.03,0.02,0.01,0.12,0.51,0.05,0.01,0.01,0.03,0.11,
楠梓,2024/05/26 00:00:00,NO,0.2,0.5,0.5,0.5,0.7,1.2,2.2,2.7,1.7,2.4,1.5,1.4,1.1,1.1,1,1.1,1.7,3.9,7.7,3.3,1.7,1.6,1.4,8.4,
楠梓,2024/05/26 00:00:00,NO2,9.7,9.6,9,9.5,16.1,14.9,14.1,14.7,17.6,13.4,9.2,8.6,8.4,8.9,9,10.4,12.5,16.2,19.6,12.2,9.5,7.7,8.5,11.9,
楠梓,2024/05/26 00:00:00,NOx,10,10.2,9.6,10.1,16.8,16.2,16.3,17.4,19.3,15.8,10.8,10,9.5,10.1,10,11.5,14.2,20.1,27.4,15.5,11.2,9.3,9.9,20.4,
楠梓,2024/05/26 00:00:00,O3,23.9,20.9,22,18.8,12.5,11.6,8.9,13.6,18.6,20,30.3,26.7,29,24,20.9,15.6,10.1,3.1,0.2,3.6,3.5,4,2.9,0.7,
楠梓,2024/05/26 00:00:00,PM10,25,32,30,25,25,24,29,38,36,44,36,36,30,30,23,16,14,23,18,20,16,18,19,22,
楠梓,2024/05/26 00:00:00,PM2.5,9,16,17,14,14,11,15,23,17,29,25,22,19,19,12,10,5,5,10,9,8,7,4,4,
楠梓,2024/05/26 00:00:00,RAINFALL,0,0,0,0,0,0,0,0,0,0,0,0,0,0.5,2,2,1.5,0.5,0,0,0,0,0,0,
楠梓,2024/05/26 00:00:00,RH,86,87,87,87,87,88,86,83,84,85,83,82,84,91,93,91,89,91,93,93,94,92,92,93,
楠梓,2024/05/26 00:00:00,SO2,1,1.5,1.6,1.8,1.6,1.5,1.7,1.5,A,1.9,2.4,2.1,#,#,0.5,#,#,2.2,4.6,2.4,2.3,1.7,1.7,2,
楠梓,2024/05/26 00:00:00,THC,2.11,2.17,2.17,2.37,2.44,2.36,2.15,2.26,2.67,2.18,2.13,2.12,2.11,2.15,2.1,2.05,2.07,2.32,2.66,2.12,2.06,2.02,2.05,2.22,
楠梓,2024/05/26 00:00:00,WD_HR,50,40,47,65,79,88,75,63,21,52,48,18,31,39,50,68,95,91,66,41,40,53,49,75,
楠梓,2024/05/26 00:00:00,WIND_DIREC,59,51,44,84,73,105,97,16,52,53,41,21,3,43,45,94,100,101,56,31,19,49,312,88,
楠梓,2024/05/26 00:00:00,WIND_SPEED,0.2,1.1,0.9,0.2,0.7,0.6,0.2,0.2,1.4,2,1,0.9,1.1,1.9,0.6,0.2,0.2,0.2,1,1.1,0.8,1.3,0.2,0.2,
楠梓,2024/05/26 00:00:00,WS_HR,0.3,0.3,0.9,0.4,0.3,0.4,0.4,0.2,0.7,1.8,1.3,0.7,1.1,1.3,1.1,0.7,0.4,0.3,0.4,0.9,1.1,0.9,0.4,0.2,
楠梓,2024/05/27 00:00:00,AMB_TEMP,25.4,25.5,25.4,25.3,25.1,25.4,26.1,27,28.6,29.3,29.4,30.4,30.6,31.8,32.4,31.3,31,30.4,29.8,29.1,28.4,28.1,28.1,28.1,
楠梓,2024/05/27 00:00:00,CH4,2.29,2.39,2.16,2.18,2.15,2.08,2.06,2.06,2.05,2,1.96,1.95,1.97,1.93,1.92,1.97,1.94,1.93,1.93,1.99,2.01,2.01,2.05,2.05,
楠梓,2024/05/27 00:00:00,CO,0.4,0.24,0.17,0.18,0.14,0.15,0.21,0.4,0.31,0.22,0.16,0.15,0.18,0.14,0.11,0.18,0.23,0.24,0.28,0.3,0.28,0.24,0.23,0.24,
楠梓,2024/05/27 00:00:00,NMHC,0.1,0.11,0,0.01,0,0,0,0.05,0.04,0.05,0.02,0,0.02,0.02,0.03,0.12,0.09,0.03,0.07,0.1,0.04,0.03,0.04,0.05,
楠梓,2024/05/27 00:00:00,NO,19.7,5.1,1.5,1.2,3,4.3,10.9,19.3,16.2,15,8.1,4.3,5.2,2.5,1.6,2.3,3.4,2.2,1.4,1.8,3.6,2.5,2.3,1.8,
楠梓,2024/05/27 00:00:00,NO2,13,11.6,9.8,9.3,9.6,11.8,13.2,14.7,13.7,14.6,9.5,9.2,11.4,8.8,5.2,10.3,14.4,11.8,14.7,15.6,16.6,13.4,13.6,14.3,
楠梓,2024/05/27 00:00:00,NOx,32.8,16.7,11.3,10.6,12.6,16.1,24.1,34,29.9,29.6,17.7,13.5,16.6,11.3,6.8,12.7,17.8,14,16.2,17.4,20.2,15.9,15.9,16.1,
楠梓,2024/05/27 00:00:00,O3,#,0,4.2,1.8,1.7,2.4,1.6,1.7,3,4,10,14.5,16.5,21.7,20.9,18.9,13.6,11,8.7,7.3,4.3,5.1,3.3,2.7,
楠梓,2024/05/27 00:00:00,PM10,21,16,21,21,18,14,17,24,19,21,19,15,18,35,19,25,21,13,21,21,30,19,27,21,
楠梓,2024/05/27 00:00:00,PM2.5,3,6,7,8,4,2,7,8,9,6,7,6,6,8,6,5,9,5,1,8,7,8,6,7,
楠梓,2024/05/27 00:00:00,RAINFALL,1,0,0,0,0,0,0,0,0,0,0,0,0,0,0,0,0,0,0,0,0,0,0,0,
楠梓,2024/05/27 00:00:00,RH,97,100,98,98,98,96,92,87,84,83,84,80,81,74,71,74,74,77,84,88,89,89,89,88,
楠梓,2024/05/27 00:00:00,SO2,2.1,0.9,0.6,0.8,1,0.8,0.9,1.3,1.5,1.1,0.8,0.8,1,1.3,0.9,1.3,1.4,0.9,0.8,0.8,1,0.8,0.6,0.6,
楠梓,2024/05/27 00:00:00,THC,2.39,2.5,2.15,2.19,2.13,2.06,2.06,2.11,2.09,2.05,1.98,1.95,1.99,1.95,1.95,2.09,2.03,1.96,2,2.09,2.05,2.04,2.09,2.1,
楠梓,2024/05/27 00:00:00,WD_HR,82,70,68,62,77,71,76,61,56,69,63,80,59,224,223,178,211,220,227,79,65,77,59,77,
楠梓,2024/05/27 00:00:00,WIND_DIREC,75,101,352,62,84,71,92,78,48,53,64,69,69,216,222,165,218,226,238,66,62,101,77,214,
楠梓,2024/05/27 00:00:00,WIND_SPEED,0.8,0.2,0.2,0.9,0.2,1.1,0.9,1.1,1.7,2.2,2.2,0.5,0.6,2.3,2.9,2.4,1.9,1.6,1.3,1.6,1.6,0.5,0.2,0.4,
楠梓,2024/05/27 00:00:00,WS_HR,0.6,0.4,0.2,0.5,0.2,0.6,0.9,1.2,1,1.7,1.8,1.2,1.3,1.5,2.2,1.9,1.7,1.8,1.2,0.4,1.4,0.9,0.8,0.2,
楠梓,2024/05/28 00:00:00,AMB_TEMP,28,27.2,27.4,27.3,28.1,27.7,26.6,25.8,26.4,25.7,25.5,25.7,25.9,26,26.1,26.3,27.2,27.3,27.5,27.6,27.5,27.4,27.2,26.6,
楠梓,2024/05/28 00:00:00,CH4,2.24,2.34,2.41,2.24,2.23,2.19,2.04,2.03,1.98,2,2.07,2.07,2.07,2.12,2.08,2.05,2.02,2.03,1.96,1.97,1.97,1.97,1.99,2.1,
楠梓,2024/05/28 00:00:00,CO,0.38,0.22,0.23,0.24,0.38,0.28,0.2,0.27,0.24,0.24,0.23,0.33,0.27,0.25,0.24,0.21,0.38,0.44,0.39,0.33,0.24,0.21,0.19,0.23,
楠梓,2024/05/28 00:00:00,NMHC,0.39,0.07,0.23,0.21,0.77,0.31,0.04,0.02,0.15,0.15,0.14,0.18,0.21,0.28,0.15,0.25,0.44,0.34,0.08,0.09,0.06,0,0.03,0.03,
楠梓,2024/05/28 00:00:00,NO,5,5.7,5.9,18.2,14.6,12.9,1.6,5.5,8.1,4.4,9.9,13.2,8.1,5.9,8.2,5,4,1.8,1.6,0.7,0.5,0.4,0.4,0.4,
楠梓,2024/05/28 00:00:00,NO2,19.1,11.4,12.7,13.9,16.5,15.3,11.1,11.7,13.1,14.4,19.6,24.7,18.9,22.1,24.1,16,17.9,20.6,17.2,16.6,12.9,8,6.3,7.4,
楠梓,2024/05/28 00:00:00,NOx,24.1,17.2,18.7,32.1,31.1,28.2,12.8,17.2,21.3,18.9,29.5,37.9,27.1,28.1,32.4,21,21.9,22.4,18.9,17.4,13.5,8.5,6.8,7.8,
楠梓,2024/05/28 00:00:00,O3,0,#,#,#,#,4.8,9.3,8.3,4.4,5.9,#,#,7.4,7.2,5.7,11.9,16.3,13.2,15.9,14.6,15.6,24.4,32.8,27.7,
楠梓,2024/05/28 00:00:00,PM10,24,22,21,25,29,28,13,17,17,12,#,x,7,10,11,11,11,16,12,11,16,12,15,26,
楠梓,2024/05/28 00:00:00,PM2.5,5,5,10,9,17,10,11,8,13,8,#,6,4,6,12,7,8,9,4,3,7,5,6,16,
楠梓,2024/05/28 00:00:00,RAINFALL,0,0,0,0,0,11,3,0,2,43,20,13.5,2.5,8,1,0,0,0,0.5,0,0,0,0,0,
楠梓,2024/05/28 00:00:00,RH,89,94,94,93,89,91,98,99,94,99,100,100,100,100,100,100,100,99,93,92,94,92,93,98,
楠梓,2024/05/28 00:00:00,SO2,0.8,0.6,0.5,0.6,1.8,1.7,0.5,0.6,0.8,0.5,0.4,#,1.2,1.8,5.2,2.2,1.8,1,1.1,0.6,0.6,0.3,0.2,0.6,
楠梓,2024/05/28 00:00:00,THC,2.63,2.41,2.64,2.45,3,2.5,2.08,2.05,2.13,2.15,2.21,2.25,2.28,2.4,2.23,2.3,2.46,2.37,2.04,2.06,2.03,1.96,2.02,2.13,
楠梓,2024/05/28 00:00:00,WD_HR,162,89,84,89,180,176,122,90,92,118,101,79,91,140,96,97,276,194,180,197,209,230,291,6,
楠梓,2024/05/28 00:00:00,WIND_DIREC,54,81,165,92,147,185,98,101,92,95,189,97,87,145,91,208,291,166,191,167,226,227,307,36,
楠梓,2024/05/28 00:00:00,WIND_SPEED,0.6,0.7,0.2,0.4,0.6,1.9,1.9,1.9,2.4,0.8,0.2,1.9,0.4,1.8,0.2,0.2,0.2,0.6,2,0.5,1.1,0.8,1.3,1.1,
楠梓,2024/05/28 00:00:00,WS_HR,0.1,0.8,0.2,0.2,0.3,0.8,0.5,1.8,1.4,0.1,0.7,1.1,1.1,0.8,0.2,0.8,0.1,0.2,1.5,1.1,0.9,0.5,1,0.8,
楠梓,2024/05/29 00:00:00,AMB_TEMP,26.3,26.4,26.3,25.9,25.6,25.4,25.3,25.7,26.6,28.1,29.9,31,30.4,30.8,30.8,29.5,29,28.6,28.5,28.3,28.5,28.2,28.3,27.8,
楠梓,2024/05/29 00:00:00,CH4,2.11,2.09,2.14,2.14,2.23,2.28,2.3,2.28,2.26,2.16,2.13,2.12,2.11,2.02,2,1.99,2,2.01,2.01,2.03,2.07,2.11,2.11,2.2,
楠梓,2024/05/29 00:00:00,CO,0.25,0.25,0.23,0.22,0.28,0.29,0.38,0.44,0.42,0.31,0.35,0.36,0.29,0.21,0.23,0.19,0.22,0.25,0.26,0.27,0.32,0.31,0.35,0.31,
楠梓,2024/05/29 00:00:00,NMHC,0.04,0.44,0.03,0.03,0.08,0.07,0.22,0.12,0.11,0.06,0.14,0.15,0.06,0,0.05,0.05,0.12,0.19,0.19,0.3,0.06,0.15,0.18,0.1,
楠梓,2024/05/29 00:00:00,NO,0.3,1.2,1.5,0.4,0.3,0.6,2.3,4.7,5.5,3.6,2.3,1,0.5,0.5,0.5,0.5,0.4,0.5,0.2,0.5,0.2,0.2,0.2,0.2,
楠梓,2024/05/29 00:00:00,NO2,9.9,9.2,11.3,8.1,7.6,12.7,14.6,14.9,14.2,11,11.6,10.9,8.9,5.7,5.1,5,6.2,7.4,8.9,9.1,12,12.9,13.7,13.7,
楠梓,2024/05/29 00:00:00,NOx,10.2,10.4,12.8,8.5,8,13.4,16.9,19.7,19.7,14.7,14,11.9,9.5,6.3,5.7,5.6,6.7,8,9.2,9.7,12.3,13.2,13.9,13.9,
楠梓,2024/05/29 00:00:00,O3,18.8,18.1,17.4,25,26.1,14.3,12.5,12.4,16.5,28.3,45.9,74.3,70.8,62.1,62,56.3,57,52.9,48.9,46.1,40,36.6,34.2,33.8,
楠梓,2024/05/29 00:00:00,PM10,25,20,24,22,24,19,27,32,36,34,44,44,34,21,23,21,30,24,31,24,26,35,42,55,
楠梓,2024/05/29 00:00:00,PM2.5,10,12,14,15,15,18,17,22,27,18,24,28,24,10,20,11,12,7,11,13,12,18,15,21,
楠梓,2024/05/29 00:00:00,RAINFALL,0,0,0,0,3,1,0,0.5,0,0,0,0,0,0,0,0,0,0,0,0,0,0,0,0,
楠梓,2024/05/29 00:00:00,RH,99,99,100,100,100,100,100,100,100,94,84,75,78,73,71,75,77,77,77,77,76,82,82,84,
楠梓,2024/05/29 00:00:00,SO2,0.4,0.6,0.6,0.6,0.6,0.5,0.5,1.1,1.1,0.8,0.8,1.1,1,0.9,1.8,1,1.1,1.1,0.8,0.7,1.2,1.3,1.1,1,
楠梓,2024/05/29 00:00:00,THC,2.15,2.53,2.17,2.17,2.31,2.35,2.52,2.4,2.37,2.22,2.27,2.27,2.17,2.02,2.05,2.04,2.12,2.2,2.2,2.33,2.13,2.26,2.29,2.3,
楠梓,2024/05/29 00:00:00,WD_HR,64,43,13,316,27,45,335,328,338,331,314,291,277,272,273,277,282,294,299,309,19,271,278,18,
楠梓,2024/05/29 00:00:00,WIND_DIREC,21,78,315,354,52,57,341,325,340,323,311,307,279,267,268,279,286,316,280,45,342,213,324,20,
楠梓,2024/05/29 00:00:00,WIND_SPEED,0.3,0.2,0.7,0.2,0.2,0.2,0.2,0.9,1.6,1.3,1.5,1.9,2.4,2.3,2.7,2.1,1.9,1.4,0.8,0.2,0.6,0.3,1.2,1,
楠梓,2024/05/29 00:00:00,WS_HR,0.7,0,0.2,0.7,0.3,0.8,0.1,0.6,0.5,0.9,1,1.2,2.3,2.1,2,2.2,1.6,1.4,1.1,0.6,0.5,0.3,0.4,0.8,
楠梓,2024/05/30 00:00:00,AMB_TEMP,26.7,25.9,26.1,26.4,26.5,26.2,26.4,28.6,31,32.9,32.8,30.6,28.5,28.8,29.9,31.8,31.1,30.5,30.1,29.8,29.5,29.3,29.3,28.4,
楠梓,2024/05/30 00:00:00,CH4,2.17,2.17,2.26,2.34,2.37,2.28,2.14,2.1,2.05,2.02,1.96,1.95,1.96,1.95,1.94,1.94,1.94,1.94,1.95,1.97,1.98,1.95,1.96,1.98,
楠梓,2024/05/30 00:00:00,CO,0.28,0.27,0.3,0.32,0.35,0.32,0.31,0.45,0.33,0.38,0.39,0.51,0.27,0.24,0.19,0.21,0.17,0.24,0.28,0.2,0.23,0.18,0.29,0.36,
楠梓,2024/05/30 00:00:00,NMHC,0.2,0.07,0.06,0.19,0.19,0.06,0.05,0.1,0.12,0.1,0.12,0.11,0.12,0.22,0.17,0.11,0.07,0.13,0.13,0.09,0.14,0.14,0.12,0.14,
楠梓,2024/05/30 00:00:00,NO,0.2,0.4,0.8,0.6,1,0.9,2.8,6.6,5.8,3.7,3.3,4,3.7,3.7,5.2,2.9,2.4,1.4,0.8,0.6,1.1,0.4,0.5,0.7,
楠梓,2024/05/30 00:00:00,NO2,14,10.5,9.7,12,16.8,13.7,12.3,15.3,16,13.8,13.5,15.5,14,13,14,10.6,9.4,11.3,12.6,11.5,12.9,9.7,10.8,15.8,
楠梓,2024/05/30 00:00:00,NOx,14.2,10.9,10.5,12.6,17.8,14.6,15.2,21.9,21.8,17.5,16.8,19.6,17.8,16.7,19.2,13.5,11.8,12.7,13.5,12.1,14,10.1,11.3,16.5,
楠梓,2024/05/30 00:00:00,O3,30.7,27.1,22,19,12.6,12.4,13.6,15.9,24.3,38.4,31.1,25.3,22.1,21.9,24.5,31.6,29.6,26.4,24,23.5,19.9,23.5,20.7,14.9,
楠梓,2024/05/30 00:00:00,PM10,35,26,23,31,33,32,27,26,21,26,22,19,11,12,11,21,23,22,17,13,17,16,20,15,
楠梓,2024/05/30 00:00:00,PM2.5,19,17,19,19,21,16,13,14,10,8,17,12,7,3,7,5,3,7,10,10,7,3,7,6,
楠梓,2024/05/30 00:00:00,RAINFALL,1.5,0,0.5,0,0,0,0,0,0,0,0,2.5,1,2,1,0,0,0,0,0,0,0,0,4.5,
楠梓,2024/05/30 00:00:00,RH,92,100,100,100,100,100,99,88,68,60,61,78,89,89,85,70,72,74,75,80,84,84,86,89,
楠梓,2024/05/30 00:00:00,SO2,0.9,0.3,0.4,0.1,0.6,0.4,0.3,1.2,2.1,2.7,3.8,10.3,3.8,2.8,0.7,1.4,0.4,0.5,0.6,1,3.3,0.6,0.7,1.6,
楠梓,2024/05/30 00:00:00,THC,2.37,2.24,2.32,2.53,2.56,2.34,2.19,2.2,2.17,2.12,2.08,2.06,2.08,2.17,2.11,2.05,2.01,2.07,2.08,2.06,2.12,2.09,2.08,2.12,
楠梓,2024/05/30 00:00:00,WD_HR,333,63,94,88,63,46,35,95,166,172,187,185,156,211,198,178,160,158,157,161,148,157,161,158,
楠梓,2024/05/30 00:00:00,WIND_DIREC,50,81,94,99,50,51,26,161,170,162,191,193,177,206,196,161,158,159,156,164,154,156,171,157,
楠梓,2024/05/30 00:00:00,WIND_SPEED,1.1,0.7,1.1,0.2,0.3,0.6,0.5,2,2.7,2.8,3.8,2.4,1,2.5,2.9,2.8,3.1,3.3,1.2,2.7,2,2.5,1.8,2.6,
楠梓,2024/05/30 00:00:00,WS_HR,0.3,1.1,1.3,0.3,0.2,0.9,0.4,0.5,2.2,2.2,2.8,2.1,1.6,2.1,2.1,2.6,2.9,2.6,2.2,2.2,1.7,2.1,1.8,2,
楠梓,2024/05/31 00:00:00,AMB_TEMP,26.9,26.6,26.7,26.6,26.7,26.9,27.9,28.7,30.9,32.1,33.2,34.1,34.5,34.4,33.9,34.6,34.2,33.5,32.9,32.3,31.8,31.5,31.1,30.2,
楠梓,2024/05/31 00:00:00,CH4,1.97,1.98,1.96,1.97,1.99,2.01,2,2,2.04,1.94,1.92,1.92,1.91,1.91,1.91,1.91,1.91,1.91,1.92,1.94,1.94,1.95,1.95,2.08,
楠梓,2024/05/31 00:00:00,CO,0.22,0.12,0.1,0.09,0.13,0.17,0.27,0.5,0.31,0.3,0.16,0.14,0.11,0.11,0.11,0.1,0.13,0.17,0.19,0.32,0.3,0.29,0.22,0.37,
楠梓,2024/05/31 00:00:00,NMHC,0.08,0.09,0.07,0,0,0,0.01,0.07,0.14,0.07,0.11,0.03,0,0.04,0.01,0.02,0,0.01,0.02,0.11,0.12,0.18,0.05,0.11,
楠梓,2024/05/31 00:00:00,NO,0.6,0.9,0.8,0.6,1.1,2.7,9.2,16.3,8.6,4.2,3,1.9,1.6,1.5,1.5,1.7,1.7,1.5,1,1.8,1.9,3.5,2.1,4.4,
楠梓,2024/05/31 00:00:00,NO2,11.2,13.4,7.4,6.1,12.2,14.2,17.3,17.3,14.9,12.3,10.2,8.5,5,5.9,5.9,5.2,5.2,7,8.9,15.8,14.9,19.1,14.3,19.1,
楠梓,2024/05/31 00:00:00,NOx,11.8,14.4,8.3,6.8,13.4,17,26.6,33.7,23.6,16.5,13.2,10.5,6.7,7.4,7.4,6.9,6.9,8.5,10,17.6,16.8,22.7,16.4,23.6,
楠梓,2024/05/31 00:00:00,O3,17.4,14.4,20.1,18.5,9.6,6.2,5.4,5.2,15.1,23.8,31.6,36.5,34.4,30.6,27.3,25.2,20.1,15.4,13,5.7,6.4,4,8.2,1.9,
楠梓,2024/05/31 00:00:00,PM10,7,5,9,12,13,19,20,23,25,28,21,18,12,10,15,9,12,10,15,19,19,29,21,23,
楠梓,2024/05/31 00:00:00,PM2.5,4,3,3,3,3,2,4,8,10,11,8,9,6,5,7,4,1,3,4,7,8,9,6,6,
楠梓,2024/05/31 00:00:00,RAINFALL,0.5,0.5,0,0,0,0,0,0,0,0,0,0,0,0,0,0,0,0,0,0,0,0,0,0,
楠梓,2024/05/31 00:00:00,RH,95,98,97,95,94,92,88,85,75,67,60,56,54,55,57,52,50,51,51,53,57,60,64,69,
楠梓,2024/05/31 00:00:00,SO2,1.1,4.4,0.9,0.6,0.5,0.5,0.6,0.9,3.7,2.2,0.6,0.4,0.3,0.4,0.5,0.4,0.3,0.2,0.2,0.3,0.5,0.4,0.4,0.8,
楠梓,2024/05/31 00:00:00,THC,2.05,2.07,2.03,1.92,1.96,2,2.01,2.07,2.18,2.01,2.03,1.95,1.89,1.95,1.92,1.93,1.89,1.92,1.94,2.05,2.06,2.13,2,2.19,
楠梓,2024/05/31 00:00:00,WD_HR,145,91,89,87,75,81,66,74,158,191,212,218,211,214,221,219,228,228,221,220,228,208,205,69,
楠梓,2024/05/31 00:00:00,WIND_DIREC,91,94,93,54,92,81,64,91,167,189,216,228,238,213,211,236,221,223,218,217,219,210,101,65,
楠梓,2024/05/31 00:00:00,WIND_SPEED,0.6,1.7,0.2,0.2,0.2,0.2,0.9,0.9,3.2,2.4,3,2.4,2.1,2.4,1.1,1.4,1,0.2,0.2,0.2,0.2,0.2,0.2,0.2,
楠梓,2024/05/31 00:00:00,WS_HR,1.3,0.7,0.5,0.3,0.2,0.2,0.5,0.8,1.3,2.2,2.3,2,2.4,1.8,1.4,1.5,0.8,0.2,0.2,0.2,0.2,0.2,0.2,0.2,
楠梓,2024/06/01 00:00:00,AMB_TEMP,29.2,29,28.8,28.6,28.7,28.7,29.9,30.7,32.2,34,34.7,34.8,34.5,33.9,33.8,33.1,32.1,31.3,30.9,30.6,30.4,30,29.7,29.8,
楠梓,2024/06/01 00:00:00,CH4,2.17,2.27,2.1,2.01,2.02,2.07,2.08,2.02,2.13,2.05,1.91,1.89,1.89,1.89,1.89,1.89,1.9,1.89,1.89,1.9,1.9,2.01,2.05,1.93,
楠梓,2024/06/01 00:00:00,CO,0.26,0.24,0.22,0.17,0.16,0.32,0.34,0.32,0.29,0.31,0.24,0.15,0.12,0.11,0.11,0.11,0.14,0.15,0.16,0.16,0.16,0.29,0.36,0.15,
楠梓,2024/06/01 00:00:00,NMHC,0.06,0.04,0.02,0,0,0.26,0.4,0.2,0.14,0.07,0.05,0.03,0,0,0,0,0,0,0,0.01,0.01,0.08,0.33,0.11,
楠梓,2024/06/01 00:00:00,NO,3,2,3,1.8,1.9,12.3,11.8,12.4,5.9,3.6,3.2,3,2.3,1.9,1.8,1.5,1.4,1.2,0.9,1,0.5,1.6,2.9,1.2,
楠梓,2024/06/01 00:00:00,NO2,15.7,12.9,13.3,9.2,9.6,16.2,17.4,15.4,12.5,10.5,10.4,7,6,5.9,5.6,5.1,5.7,6.3,6.4,8.8,7.1,13,16.9,10.6,
楠梓,2024/06/01 00:00:00,NOx,18.8,15,16.3,11.1,11.5,28.6,29.2,27.8,18.5,14.1,13.7,10,8.3,7.9,7.5,6.6,7.1,7.6,7.4,9.9,7.7,14.7,19.9,11.9,
楠梓,2024/06/01 00:00:00,O3,3.3,4.2,4.9,6.8,5.8,1.2,3.3,9.3,22.7,27,23.7,17.9,18.7,19.2,20.2,18.6,17.6,16.6,16,12.7,14.9,7.6,2.9,10.2,
楠梓,2024/06/01 00:00:00,PM10,25,27,21,20,25,33,31,27,30,28,32,26,21,21,18,14,17,15,13,23,18,22,24,21,
楠梓,2024/06/01 00:00:00,PM2.5,6,9,10,9,8,10,11,9,9,11,10,9,8,5,3,5,6,9,13,9,7,8,17,5,
楠梓,2024/06/01 00:00:00,RAINFALL,0,0,0,0,0,0,0,0,0,0,0,0,0,0,0,0,0,0,0,0,0,0,0,0,
楠梓,2024/06/01 00:00:00,RH,77,78,75,72,70,71,67,66,63,57,54,53,55,56,56,59,64,68,72,73,72,76,82,81,
楠梓,2024/06/01 00:00:00,SO2,0.4,0.7,0.7,0.8,1,1.3,2.8,5.1,4,4.1,2.4,1,0.7,0.8,0.8,0.7,0.9,0.7,0.6,0.7,0.6,0.7,1.1,0.9,
楠梓,2024/06/01 00:00:00,THC,2.23,2.31,2.12,2.01,2.02,2.33,2.48,2.22,2.27,2.12,1.96,1.92,1.89,1.88,1.88,1.88,1.88,1.88,1.89,1.91,1.91,2.09,2.38,2.04,
楠梓,2024/06/01 00:00:00,WD_HR,69,82,90,91,91,124,132,134,163,174,221,217,218,225,255,275,282,266,249,230,191,91,101,221,
楠梓,2024/06/01 00:00:00,WIND_DIREC,73,92,103,91,99,95,145,165,161,218,220,226,236,242,286,267,278,245,240,220,219,99,255,201,
楠梓,2024/06/01 00:00:00,WIND_SPEED,0.2,0.2,1.5,0.2,0.2,0.2,0.2,2.3,2.1,1.3,3.2,2.2,1.6,0.5,1.3,1,1.5,0.2,0.2,0.2,0.2,0.2,0.2,0.2,
楠梓,2024/06/01 00:00:00,WS_HR,0.2,0.2,0.4,0.2,0.2,0.1,0.2,0.5,1.8,1.4,2.3,2.6,2,1.7,1.1,1,1.2,0.6,0.1,0.2,0.1,0.1,0,0.1,
楠梓,2024/06/02 00:00:00,AMB_TEMP,29.2,28.6,28.2,28,28.1,28.1,28.8,29.2,27.8,27.7,27.3,27.1,28.2,29,29.5,29.6,29.6,28.5,26.8,27,26.7,26.3,26,25.9,
楠梓,2024/06/02 00:00:00,CH4,2.07,2.18,2.21,2.37,2.27,2.34,2.37,2.2,2.04,1.98,1.92,1.96,1.96,1.92,1.9,1.91,1.94,1.95,1.99,2.04,2.06,2.11,2.14,2.18,
楠梓,2024/06/02 00:00:00,CO,0.23,0.28,0.25,0.26,0.25,0.26,0.27,0.23,0.28,0.26,0.13,0.19,0.26,0.18,0.12,0.13,0.16,0.17,0.2,0.23,0.21,0.25,0.28,0.29,
楠梓,2024/06/02 00:00:00,NMHC,0.07,0.15,0.06,0.05,0.2,0.17,0.3,0.17,0.04,0.18,0,0.05,0.2,0.06,0,0,0.03,0,0.08,0,0,0,0.05,0,
楠梓,2024/06/02 00:00:00,NO,1.6,3.8,2.6,2.7,2.1,3.7,6,4.1,3.1,3.1,1.3,1.7,4,2.9,1.5,1.1,1.2,0.8,0.6,0.4,0.3,0.6,0.6,0.1,
楠梓,2024/06/02 00:00:00,NO2,10,14.9,14.3,12.9,13.6,13.8,13.9,13.7,11.1,12,7.1,10.5,12.7,8.7,4.8,5,6.8,7.9,4.8,5.7,3.6,3.6,5.1,7.8,
楠梓,2024/06/02 00:00:00,NOx,11.7,18.7,16.9,15.6,15.8,17.5,20,17.9,14.3,15.2,8.4,12.2,16.8,11.7,6.3,6.2,8,8.7,5.5,6.2,3.9,4.2,5.7,8,
楠梓,2024/06/02 00:00:00,O3,6.4,0.5,1.6,0.7,1.8,2,5.6,8.2,9.2,10.4,16.6,14.4,14.9,21.3,24.4,24.6,23.6,25.7,29.6,34,36.6,41.1,39.8,35.5,
楠梓,2024/06/02 00:00:00,PM10,22,27,23,25,29,31,29,22,19,11,11,9,10,11,12,15,17,12,7,14,10,5,8,9,
楠梓,2024/06/02 00:00:00,PM2.5,19,8,10,10,9,13,16,14,8,4,5,4,10,6,4,9,10,7,6,9,6,6,4,3,
楠梓,2024/06/02 00:00:00,RAINFALL,0,0,0,0,0,0,0,3,1.5,5.5,23.5,2,1,0,0,0,0,24,7,3,3.5,2.5,0,0,
楠梓,2024/06/02 00:00:00,RH,84,87,89,91,91,91,91,89,89,90,91,93,94,94,90,85,84,86,90,92,93,94,94,95,
楠梓,2024/06/02 00:00:00,SO2,0.9,0.7,1,1,1.2,2,2.6,2.7,1.4,0.7,0.6,0.6,0.8,0.6,0.3,0.4,0.4,0.3,0.4,0.3,0.5,0.2,0.3,0.5,
楠梓,2024/06/02 00:00:00,THC,2.14,2.33,2.27,2.42,2.47,2.51,2.67,2.37,2.08,2.16,1.92,2.01,2.16,1.98,1.87,1.9,1.97,1.94,2.07,2.02,2.03,2.11,2.19,2.15,
楠梓,2024/06/02 00:00:00,WD_HR,108,91,80,75,145,94,160,161,87,204,249,97,158,198,211,210,202,233,271,331,275,285,55,89,
楠梓,2024/06/02 00:00:00,WIND_DIREC,80,104,44,99,178,97,154,142,78,221,212,91,151,209,233,199,191,254,49,313,267,317,96,68,
楠梓,2024/06/02 00:00:00,WIND_SPEED,0.2,0.2,0.2,0.2,0.2,0.2,0.4,0.5,0.2,0.7,0.9,0.3,0.8,2.2,1.9,3,1.9,2.4,1.4,1.3,0.9,0.2,0.2,0.2,
楠梓,2024/06/02 00:00:00,WS_HR,0.1,0.2,0.2,0.2,0.1,0.2,0.8,0.7,0.3,0.4,0.9,0.3,0.4,1.4,1.7,2.2,2.2,2.2,0.3,1.3,0.9,0.3,0,0.2,
楠梓,2024/06/03 00:00:00,AMB_TEMP,26,25.7,24.7,24.3,24,23.1,22.9,23.8,24.6,25.5,27.3,29.2,30.8,32.3,x,x,30.6,28.9,28.2,27.6,26.8,26.2,25.7,25.4,
楠梓,2024/06/03 00:00:00,CH4,2.13,2.12,2.14,2.14,2.16,2.12,2.12,2.14,2.16,2.16,2.13,2.11,2.11,2.1,2.09,2.08,2.08,2.09,2.1,2.13,2.14,2.14,2.15,2.17,
楠梓,2024/06/03 00:00:00,CO,0.27,0.23,0.2,0.19,0.2,0.2,0.28,0.4,0.35,0.37,0.28,0.24,0.23,0.23,0.24,0.26,0.27,0.31,0.32,0.33,0.28,0.27,0.26,0.29,
楠梓,2024/06/03 00:00:00,NMHC,0.01,0.01,0,0,0,0,0,0.01,0.02,0.04,0.03,0,0,0.03,0.1,0.22,0.03,0.55,0.4,0.73,0.05,0.03,0.01,0.05,
楠梓,2024/06/03 00:00:00,NO,0.7,0,0,0.1,0.2,0,0.3,1.3,2.3,3.7,2.4,1.7,0.5,0.2,0.5,0.3,0.1,0.1,0.2,0.1,0.2,0.2,0.2,0.4,
楠梓,2024/06/03 00:00:00,NO2,6.6,5.6,6.8,7.3,8.1,7.1,8.4,12,14.2,17.8,12.8,10.7,8.2,7,7.3,8.7,9.6,11.1,11.7,12.8,12.2,11.7,9.9,12,
楠梓,2024/06/03 00:00:00,NOx,7.3,5.3,6.8,7.4,8.3,7.1,8.7,13.4,16.5,21.6,15.2,12.5,8.7,7.3,7.9,9,9.8,11.2,11.9,12.9,12.4,11.9,10.1,12.5,
楠梓,2024/06/03 00:00:00,O3,38.5,39.8,38.6,35.7,33.2,38.8,34.8,28.3,29,32.4,44.3,55.2,64.4,74.2,78.7,75.8,69.9,61.8,57,51.4,52.1,46.5,41.9,34.9,
楠梓,2024/06/03 00:00:00,PM10,10,7,10,22,21,19,22,19,18,21,28,19,27,26,35,39,43,44,43,39,41,48,44,50,
楠梓,2024/06/03 00:00:00,PM2.5,4,9,10,8,15,7,9,8,8,12,11,8,14,16,12,18,13,17,16,17,21,15,15,21,
楠梓,2024/06/03 00:00:00,RAINFALL,5,10.5,1.5,0,0,0,0,0,0,0,0,0,0,0,0,0,0,0,0,0,0,0,0,0,
楠梓,2024/06/03 00:00:00,RH,95,96,96,96,97,96,95,94,92,88,81,70,65,x,x,x,x,x,70,70,71,72,74,74,
楠梓,2024/06/03 00:00:00,SO2,0.3,1.4,1.5,1.3,1.3,1.7,1.9,2.1,2.3,2,2.1,2.1,2.1,2.2,2.3,2.5,2.5,2.2,2.2,2.3,2.3,2.4,2.5,3.1,
楠梓,2024/06/03 00:00:00,THC,2.14,2.13,2.11,2.11,2.14,2.09,2.1,2.15,2.18,2.2,2.16,2.11,2.11,2.13,2.19,2.3,2.11,2.64,2.5,2.86,2.19,2.17,2.16,2.22,
楠梓,2024/06/03 00:00:00,WD_HR,45,348,343,344,25,30,337,325,16,342,3,27,21,314,282,293,275,285,287,333,27,39,24,357,
楠梓,2024/06/03 00:00:00,WIND_DIREC,34,327,337,330,31,22,327,306,43,342,23,10,35,298,290,273,282,278,297,32,26,35,317,35,
楠梓,2024/06/03 00:00:00,WIND_SPEED,0.2,2,1.9,1.1,1.8,1.6,1,1.4,2.1,1.4,2.1,1.8,1.5,1.8,1.8,1.5,2,1.4,1.3,1.8,1.4,2.4,0.6,0.9,
楠梓,2024/06/03 00:00:00,WS_HR,0.1,0.6,1,0.6,1.3,2,1.3,0.7,1,1.2,1.1,1.5,1,0.8,1.9,1.9,1.8,1.3,1,1,1.3,1.7,0.7,0.5,
楠梓,2024/06/04 00:00:00,AMB_TEMP,25.2,25.3,25.2,25.2,25.6,25.6,26.2,27.6,28.8,30.3,x,x,x,x,x,x,27.7,26.2,25.3,24.4,24.2,23.9,24,24.2,
楠梓,2024/06/04 00:00:00,CH4,2.2,2.19,2.19,2.24,2.36,2.24,2.23,2.13,2.11,2.12,2.09,2.05,2.04,2.03,2.03,2.02,2.03,2.04,2.05,2.03,2.05,2.09,2.07,2.05,
楠梓,2024/06/04 00:00:00,CO,0.3,0.28,0.28,0.3,0.32,0.33,0.36,0.33,0.34,0.43,0.26,0.22,0.22,0.2,0.19,0.19,0.22,0.28,0.27,0.21,0.23,0.22,0.22,0.19,
楠梓,2024/06/04 00:00:00,NMHC,0.08,0.09,0.07,0.1,0.1,0.11,0.11,0.07,0.06,0.12,0.04,0,0,0,0.06,0.19,0.05,0.06,0.09,0.01,0.02,0,0,0,
楠梓,2024/06/04 00:00:00,NO,0.4,0.8,1,0.7,1.7,1.7,3.4,2.6,1.9,2,1.3,1.2,1,0.7,0.6,0.8,1.1,1,0.9,0.8,1,1,0.8,0.5,
楠梓,2024/06/04 00:00:00,NO2,14.3,13.7,11.8,18.3,21.9,21.1,20.5,15.9,13.2,14.5,11.4,8.3,8.9,6.7,6,7.3,9.9,13.2,14.2,7.8,11.2,10.3,9.1,6.8,
楠梓,2024/06/04 00:00:00,NOx,14.7,14.5,12.8,19.1,23.7,22.9,23.9,18.6,15.2,16.5,12.8,9.5,10,7.4,6.7,8.1,11,14.2,15.1,8.7,12.2,11.3,10,7.4,
楠梓,2024/06/04 00:00:00,O3,29.1,26,26.3,15.3,7.2,11.7,17,35.6,44.2,56.7,60.5,64.2,66.8,68.3,64.5,56.4,45.7,39.7,39.3,44.9,38.4,34.9,32.4,36.5,
楠梓,2024/06/04 00:00:00,PM10,47,48,43,46,54,49,47,48,46,53,49,39,41,35,32,37,27,19,12,9,12,9,13,10,
楠梓,2024/06/04 00:00:00,PM2.5,22,19,18,18,20,22,15,17,16,26,20,16,13,21,16,14,10,7,10,10,11,6,3,3,
楠梓,2024/06/04 00:00:00,RAINFALL,0,0,0,0,0,0,0,0,0,0,0,0,0,0,0,0,0,0,6,2,1,1,0.5,0,
楠梓,2024/06/04 00:00:00,RH,74,75,77,79,83,84,85,83,78,x,x,x,x,x,x,x,78,86,88,90,92,93,94,94,
楠梓,2024/06/04 00:00:00,SO2,3.2,1.8,1.4,1.8,1.4,1.6,1.2,1.7,1.7,1.9,2.1,1.9,1.7,1.7,1.5,1,1.1,1,1,0.7,0.8,0.8,0.6,0.8,
楠梓,2024/06/04 00:00:00,THC,2.28,2.28,2.26,2.34,2.46,2.35,2.34,2.2,2.17,2.24,2.13,2.04,2.04,2.02,2.09,2.21,2.08,2.1,2.14,2.04,2.07,2.07,2.06,2.04,
楠梓,2024/06/04 00:00:00,WD_HR,30,29,26,74,92,68,85,43,24,256,271,265,281,284,281,294,311,7,311,356,65,93,63,41,
楠梓,2024/06/04 00:00:00,WIND_DIREC,47,340,76,63,89,75,73,356,286,240,246,290,274,288,290,319,323,40,310,53,84,99,71,14,
楠梓,2024/06/04 00:00:00,WIND_SPEED,0.6,0.3,0.3,0.2,0.5,1,0.5,0.5,0.7,1.6,1.6,1.4,1.7,2.1,1.6,2.2,2,0.8,1.3,1.2,1.5,2,0.7,0.3,
楠梓,2024/06/04 00:00:00,WS_HR,0.3,0.2,0.1,0.2,0.3,0.6,0.8,0.2,0.3,0.7,1.4,1.5,1.6,1.3,1.5,1.4,1.9,0.9,1,0.8,1.5,1.6,1.4,0.6,
楠梓,2024/06/05 00:00:00,AMB_TEMP,24.3,24.3,24.2,24.1,24.3,24.4,24.8,25.4,26.3,27.7,29.1,30,30.9,x,x,x,29.6,29,28,27.3,27.1,26.9,26.9,26.9,
楠梓,2024/06/05 00:00:00,CH4,2.06,2.09,2.12,2.16,2.17,2.11,2.08,2.09,2.09,2.06,2.08,2.1,2.06,2.08,2.08,2.07,2.08,2.12,2.14,2.14,2.14,2.11,2.14,2.18,
楠梓,2024/06/05 00:00:00,CO,0.19,0.22,0.2,0.22,0.21,0.22,0.25,0.38,0.39,0.25,0.27,0.28,0.32,0.4,0.34,0.3,0.32,0.42,0.53,0.44,0.42,0.37,0.37,0.34,
楠梓,2024/06/05 00:00:00,NMHC,0,0.01,0,0.01,0,0.02,0.02,0.03,0.07,0.03,0.07,0.03,0,0,0.04,0.2,0.11,0.07,0.09,0.06,0.05,0.06,0.09,0.1,
楠梓,2024/06/05 00:00:00,NO,0.7,0.6,0.8,0.8,1,1.3,2.6,2.8,2.9,2.4,1.6,1.1,1.2,1.1,0.8,1,0.8,1.3,1.3,1.1,0.8,0.6,0.8,0.8,
楠梓,2024/06/05 00:00:00,NO2,6.5,7.8,6.2,8.2,10,10.2,15.5,14.6,16.2,12.5,10,8.7,6.5,7.4,8.1,8.4,8.4,15.9,24.6,15.9,14.7,12.9,11.9,10.9,
楠梓,2024/06/05 00:00:00,NOx,7.2,8.5,7.1,9,11,11.5,18.1,17.4,19.1,14.9,11.6,9.9,7.7,8.6,9,9.5,9.3,17.3,25.9,17.1,15.5,13.5,12.8,11.8,
楠梓,2024/06/05 00:00:00,O3,33.7,26.5,27.1,21.5,18.2,19.3,19.9,26.7,27.9,40.9,50,62.1,65.5,76.5,85.1,67.3,70,61.2,49.7,45.7,34.7,34,31.1,27.5,
楠梓,2024/06/05 00:00:00,PM10,10,10,8,21,21,13,13,11,8,21,25,29,26,29,30,32,30,40,46,42,40,30,26,35,
楠梓,2024/06/05 00:00:00,PM2.5,2,2,5,5,4,4,4,2,2,3,7,17,17,10,21,12,15,22,24,21,21,22,15,24,
楠梓,2024/06/05 00:00:00,RAINFALL,0,0,0,0,0,0,0,0,0,0,0,0,0.5,0,0,0,0,0.5,0,0,0,0,0,0,
楠梓,2024/06/05 00:00:00,RH,95,95,95,95,95,96,96,95,94,91,83,72,x,x,x,x,x,70,77,84,86,87,87,87,
楠梓,2024/06/05 00:00:00,SO2,0.7,0.2,0.3,0.4,0.4,0.4,0.4,0.6,0.5,0.5,1,1.1,1.1,2,1.5,1,1.2,1,1.1,0.9,0.7,0.6,0.5,0.6,
楠梓,2024/06/05 00:00:00,THC,2.05,2.1,2.1,2.17,2.17,2.13,2.1,2.12,2.16,2.09,2.15,2.13,2.06,2.07,2.12,2.27,2.19,2.19,2.23,2.2,2.19,2.17,2.23,2.28,
楠梓,2024/06/05 00:00:00,WD_HR,46,47,48,58,52,56,50,44,27,10,291,275,269,274,324,286,353,49,64,52,49,35,46,54,
楠梓,2024/06/05 00:00:00,WIND_DIREC,56,42,91,44,59,49,47,50,321,325,281,276,249,284,274,261,34,62,64,53,48,55,54,67,
楠梓,2024/06/05 00:00:00,WIND_SPEED,0.2,0.4,0.2,0.4,1.1,0.5,0.6,1.4,0.4,0.9,1.1,1.9,0.6,1.2,1.9,0.8,0.8,1.3,1.3,1.3,1.3,0.3,1.1,0.8,
楠梓,2024/06/05 00:00:00,WS_HR,0.4,0.4,0.4,0.1,0.6,0.5,0.6,1.3,0.4,0.5,0.5,1.3,1,0.7,0.6,1.1,0.6,1.3,1.2,1.4,0.8,0.5,0.5,0.7,
楠梓,2024/06/06 00:00:00,AMB_TEMP,26.7,26.4,26.2,26.1,26.1,26,26.7,27.5,28.6,30.5,31.2,30.4,29.8,29.7,29.7,29.6,29.4,28.6,27.9,27.6,27.4,27.3,27.2,26.8,
楠梓,2024/06/06 00:00:00,CH4,2.31,2.13,2.12,2.14,2.19,2.19,2.17,2.21,2.16,2.21,2.13,2.03,2.03,#,2.06,#,2.03,1.98,1.99,2.06,2.09,2.22,2.15,2.08,
楠梓,2024/06/06 00:00:00,CO,0.39,0.24,0.23,0.25,0.25,0.3,0.36,0.46,0.43,0.32,0.32,0.33,0.34,#,0.33,0.37,0.32,0.25,0.37,0.47,0.47,0.37,0.31,0.26,
楠梓,2024/06/06 00:00:00,NMHC,0.13,0.01,0,0.15,0.14,0.05,0.13,0.18,0.12,0.1,0.11,0.12,0.12,#,0.22,#,0.19,0.42,0.58,0.9,3.38,0.27,0.13,0.11,
楠梓,2024/06/06 00:00:00,NO,1,1.2,0.3,0.6,0.9,1.9,3,4.4,7,4.8,2.8,2.1,1.8,#,2.1,2.3,1.5,1.1,0.5,0.8,0.5,0.8,1.2,0.9,
楠梓,2024/06/06 00:00:00,NO2,14.6,9.3,7.2,13.3,15.5,14.7,18.5,19.5,20.4,15.7,14.3,13.9,15,#,17.1,18.5,18.9,11.6,10.4,17.1,20.4,17.7,16.9,13.5,
楠梓,2024/06/06 00:00:00,NOx,15.7,10.6,7.6,14,16.5,16.6,21.6,24,27.4,20.5,17.1,16,16.8,#,19.3,20.8,20.5,12.8,11,18,20.9,18.5,18.2,14.5,
楠梓,2024/06/06 00:00:00,O3,18.8,19.7,17.5,11.9,10.3,8,11.4,18.7,18.8,31,35.3,33.8,31.5,28.3,#,17.5,16.6,19.4,16,9.1,4.2,6.8,5.4,7.8,
楠梓,2024/06/06 00:00:00,PM10,32,26,25,25,29,29,29,41,40,47,48,41,40,#,41,45,33,26,21,24,32,35,35,20,
楠梓,2024/06/06 00:00:00,PM2.5,18,6,8,14,12,14,15,17,19,19,18,21,19,15,#,9,18,9,6,8,11,14,16,13,
楠梓,2024/06/06 00:00:00,RAINFALL,0,0,0,0,0,0,0,0,0,0,0,0,0,#,#,0,0,0,0,0,0,0,0,0,
楠梓,2024/06/06 00:00:00,RH,88,88,88,88,88,88,88,86,82,73,x,x,71,74,76,80,82,86,87,88,89,89,90,90,
楠梓,2024/06/06 00:00:00,SO2,0.6,0.7,0.8,1.4,1.8,1.3,2.6,3.5,5.1,4.3,3.3,2.4,2.6,#,2.4,2.2,1.4,0.9,1.1,1.3,0.8,0.9,0.9,1.2,
楠梓,2024/06/06 00:00:00,THC,2.44,2.14,2.11,2.29,2.33,2.24,2.3,2.39,2.28,2.31,2.24,2.15,2.15,#,2.28,#,2.22,2.4,2.57,2.96,5.47,2.49,2.28,2.19,
楠梓,2024/06/06 00:00:00,WD_HR,85,79,69,152,77,87,105,133,90,136,161,158,162,163,159,193,316,296,342,286,310,316,52,46,
楠梓,2024/06/06 00:00:00,WIND_DIREC,70,72,94,76,86,91,125,95,95,164,166,161,174,178,161,216,343,308,298,306,307,34,61,44,
楠梓,2024/06/06 00:00:00,WIND_SPEED,0.6,1,0.5,0.2,0.8,0.5,1.1,1.3,1.5,1.8,2.2,2.5,2.1,1.2,1.4,1.3,0.5,0.4,0.4,0.2,0.6,0.3,0.2,1.8,
楠梓,2024/06/06 00:00:00,WS_HR,0.6,0.9,0.6,0.1,0.8,0.5,0.4,0.9,1.3,0.8,1.5,2.4,2,1.6,1.4,1.1,0.3,0.8,0.2,0.3,0.3,0.5,0.6,0.7,
楠梓,2024/06/07 00:00:00,AMB_TEMP,26.7,26.6,26.5,26.3,26.2,26.1,26.8,27.9,28.9,31.1,31.8,32,x,x,x,x,x,x,30.3,29.3,29,28.8,28,27.5,
楠梓,2024/06/07 00:00:00,CH4,2.07,2.12,2.07,2.09,2.15,2.14,2.12,2.12,2.07,2.02,2.04,2.09,2,1.98,1.98,1.98,1.98,1.99,1.99,2,2,2.04,2.02,2.03,
楠梓,2024/06/07 00:00:00,CO,0.23,0.25,0.26,0.21,0.19,0.21,0.24,0.36,0.28,0.25,0.25,0.27,0.2,0.16,0.16,0.16,0.18,0.22,0.21,0.22,0.19,0.24,0.21,0.2,
楠梓,2024/06/07 00:00:00,NMHC,0.08,0.08,0.07,0.04,0.03,0.04,0.04,0.04,0.01,0.09,0.06,0.07,0,0,0,0,0,0.02,0.02,0.09,0.7,0.05,0.01,0,
楠梓,2024/06/07 00:00:00,NO,0.8,0.7,0.8,0.5,0.4,1.5,4,5.2,3,1.5,0.7,0.5,0.9,1,0.5,0.6,0.6,0.4,0.3,0.6,0.3,0.5,0.2,0.3,
楠梓,2024/06/07 00:00:00,NO2,11.7,11.7,11.9,9.4,8.1,9.7,9.6,9.7,8.4,7.7,7.6,7.9,6.6,4.6,4.2,4.6,5.4,5.9,5.6,5.7,5.1,8.6,7.6,6.7,
楠梓,2024/06/07 00:00:00,NOx,12.5,12.4,12.8,9.9,8.5,11.3,13.6,14.9,11.4,9.2,8.3,8.5,7.5,5.6,4.8,5.3,6,6.3,5.9,6.4,5.5,9.2,7.9,7.1,
楠梓,2024/06/07 00:00:00,O3,8.2,7.9,7.9,9.5,7,5.2,4.8,10.6,19.6,35.9,45.8,55.8,45.1,41.6,42.9,46.1,50.2,49.6,45.1,41.9,36.8,26.3,22.2,23.7,
楠梓,2024/06/07 00:00:00,PM10,22,21,20,19,27,21,22,34,31,29,29,37,23,15,13,19,24,18,15,22,17,18,23,19,
楠梓,2024/06/07 00:00:00,PM2.5,8,11,11,8,10,11,9,12,20,14,19,21,10,9,9,8,5,9,9,8,8,8,8,9,
楠梓,2024/06/07 00:00:00,RAINFALL,0,0,0,0,0,0,0,0,0,0,0,0,0,0,0,0,0,0,0,0,0,0,0,0,
楠梓,2024/06/07 00:00:00,RH,91,91,91,92,92,93,94,93,90,82,72,x,x,x,x,x,x,x,x,x,75,80,86,88,
楠梓,2024/06/07 00:00:00,SO2,1,0.6,0.4,0.3,0.3,0.3,0.4,0.5,0.9,0.4,0.3,0.3,0.3,0.2,0.3,0.3,0.5,0.5,0.2,0.2,0.3,0.1,0.4,0.2,
楠梓,2024/06/07 00:00:00,THC,2.15,2.2,2.14,2.13,2.18,2.18,2.16,2.16,2.08,2.11,2.1,2.16,1.99,1.95,1.95,1.95,1.97,2.01,2.01,2.09,2.7,2.09,2.03,2.02,
楠梓,2024/06/07 00:00:00,WD_HR,56,28,59,40,42,45,49,42,4,328,3,265,258,261,250,247,257,283,273,285,299,48,51,31,
楠梓,2024/06/07 00:00:00,WIND_DIREC,65,356,48,12,51,33,47,33,350,345,289,233,238,241,251,234,290,292,270,281,317,53,48,4,
楠梓,2024/06/07 00:00:00,WIND_SPEED,0.4,0.3,1,0.3,0.2,0.8,1.3,1.4,0.7,0.5,1,1.4,1.5,2.6,1.8,2.4,1.9,1.5,1.3,1.2,0.5,2.6,0.5,0.2,
楠梓,2024/06/07 00:00:00,WS_HR,0.8,0.2,0.7,0.4,0.3,0.7,0.7,1.4,0.8,0.4,0.4,1,1.4,1.7,2,1.8,1.5,1.6,1.1,0.9,0.4,1.6,1.6,0.2,
楠梓,2024/06/08 00:00:00,AMB_TEMP,27.2,27.1,26.9,26.7,26.2,26.1,27.8,29.7,31,31.9,x,x,x,x,x,x,x,x,31.6,30.2,29.9,29.8,29.3,28.6,
楠梓,2024/06/08 00:00:00,CH4,2.06,2.08,2.12,2.14,2.13,2.15,2.16,2.15,2.16,2.12,2.05,1.99,1.97,1.98,1.98,1.99,1.98,1.98,2,1.99,1.97,1.95,2.09,2.11,
楠梓,2024/06/08 00:00:00,CO,0.22,0.21,0.22,0.19,0.18,0.21,0.27,0.3,0.36,0.26,0.2,0.16,0.15,0.14,0.14,0.14,0.15,0.16,0.17,0.19,0.2,0.16,0.25,0.3,
楠梓,2024/06/08 00:00:00,NMHC,0.09,0.03,0.01,0,0,0.01,0.09,0.04,0.06,0.07,0.05,0,0,0.02,0,0,0,0,0,0,0,0,0.01,0.07,
楠梓,2024/06/08 00:00:00,NO,0.2,0.8,0.9,0.9,1,1.4,3.4,3.3,3.1,1.7,1.2,1,0.9,1,1,0.9,1.2,0.9,0.8,0.9,0.6,0.7,0.9,1.1,
楠梓,2024/06/08 00:00:00,NO2,6.9,10.1,7.5,7.5,6.3,8.1,12.2,10.5,11.9,9,6.6,5,3.9,3.9,4,3.8,4.3,4.7,4.4,6.2,6.9,5.9,8.2,11.9,
楠梓,2024/06/08 00:00:00,NOx,7.2,10.9,8.4,8.4,7.3,9.5,15.7,13.8,15,10.7,7.8,6,4.9,5,5,4.7,5.5,5.6,5.2,7.2,7.5,6.6,9.1,13,
楠梓,2024/06/08 00:00:00,O3,22.9,19.1,17.8,16.4,15.6,11.3,15.2,24.5,29.8,43.2,47.2,45.8,45.5,41.5,40.1,39.7,37,37.8,40.1,33.3,30.1,30.9,21.8,16.9,
楠梓,2024/06/08 00:00:00,PM10,21,21,21,21,24,29,30,38,41,36,29,14,17,17,18,18,19,20,20,18,15,12,18,28,
楠梓,2024/06/08 00:00:00,PM2.5,9,10,9,10,10,16,15,20,23,25,16,8,7,4,7,9,11,9,10,14,8,5,4,10,
楠梓,2024/06/08 00:00:00,RAINFALL,0,0,0,0,0,0,0,0,0,0,0,0,0,0,0,0,0,0,0,0,0,0,0,0,
楠梓,2024/06/08 00:00:00,RH,88,89,90,90,91,92,92,87,75,68,x,x,x,x,x,x,x,x,x,x,71,72,77,82,
楠梓,2024/06/08 00:00:00,SO2,0.1,0.6,0.8,0.8,0.6,0.6,0.6,1.6,1.5,1.4,1.1,0.9,0.6,0.6,0.7,0.7,0.8,0.7,0.8,0.8,0.6,0.9,1.1,1.3,
楠梓,2024/06/08 00:00:00,THC,2.15,2.11,2.13,2.14,2.12,2.16,2.25,2.19,2.22,2.19,2.1,1.98,1.96,2,1.96,1.96,1.95,1.94,1.96,1.98,1.96,1.92,2.1,2.18,
楠梓,2024/06/08 00:00:00,WD_HR,61,55,52,41,53,66,41,15,34,300,287,279,265,279,272,280,274,273,274,218,235,209,110,72,
楠梓,2024/06/08 00:00:00,WIND_DIREC,73,69,47,43,62,56,324,27,56,328,278,287,258,273,267,280,248,280,269,214,247,190,63,72,
楠梓,2024/06/08 00:00:00,WIND_SPEED,0.2,0.3,0.2,1.6,0.2,0.2,0.2,0.2,0.2,0.2,0.7,1.4,1.7,2.7,2,2.3,0.4,0.9,0.2,0.2,0.2,0.2,0.2,0.2,
楠梓,2024/06/08 00:00:00,WS_HR,0.1,0.3,0.5,0.5,0.7,0.2,0.1,0.2,0.1,0.3,0.7,1.2,1.4,1.7,2.1,2,1.3,0.9,0.2,0.1,0.2,0.1,0.1,0.2,
楠梓,2024/06/09 00:00:00,AMB_TEMP,28.4,28.4,28.4,28,27.6,27.5,27.9,30.2,33.1,33.5,32.3,32.7,32.1,32.4,x,x,x,x,x,30.8,30.1,29.6,29.3,29.1,
楠梓,2024/06/09 00:00:00,CH4,2.09,2.11,2.14,2.07,2.09,2.1,2.1,2.13,2.14,2.05,1.92,1.9,1.9,1.9,1.89,1.9,1.9,1.9,1.9,1.91,1.92,1.92,2.03,2,
楠梓,2024/06/09 00:00:00,CO,0.25,0.23,0.22,0.18,0.17,0.26,0.3,0.34,0.55,0.31,0.14,0.11,0.1,0.11,0.09,0.09,0.09,0.11,0.12,0.12,0.12,0.12,0.21,0.23,
楠梓,2024/06/09 00:00:00,NMHC,0.03,0.02,0,0,0.01,0.11,0.05,0.06,0.13,0.07,0,0,0,0,0,0,0,0,0.02,0.38,0.2,0.23,0.03,0.2,
楠梓,2024/06/09 00:00:00,NO,0.8,0.6,0.5,0.7,0.4,1.6,3.4,4.3,3.6,2.1,1.3,1.4,0.8,1,1.1,0.7,1,0.9,0.8,0.5,0.6,0.5,0.6,0.7,
楠梓,2024/06/09 00:00:00,NO2,11.1,9.1,7.9,6.9,6.7,11.8,11.9,11.1,12.5,11.5,5.7,3.4,3,3.8,3.1,2.7,2.9,3.4,4.8,7.8,6.3,5.1,8.2,12.2,
楠梓,2024/06/09 00:00:00,NOx,12,9.8,8.5,7.6,7.1,13.4,15.4,15.4,16.2,13.7,7,4.9,3.9,4.8,4.2,3.5,3.9,4.3,5.6,8.4,6.9,5.6,8.8,13,
楠梓,2024/06/09 00:00:00,O3,17.6,16,16.3,16.5,14,6.8,8.3,14,29.7,31.7,23.6,26.1,25.5,25.7,28,24.6,24,24.3,24.2,20.9,22.8,22.4,15.9,11.7,
楠梓,2024/06/09 00:00:00,PM10,27,28,23,25,28,27,45,39,30,24,11,14,8,14,9,6,8,13,10,6,7,11,14,18,
楠梓,2024/06/09 00:00:00,PM2.5,12,13,13,14,9,14,14,18,18,11,8,4,3,4,4,3,4,7,5,4,2,5,4,7,
楠梓,2024/06/09 00:00:00,RAINFALL,0,0,0,0,0,0,0,0,0,0,0,0,0,0,0,0,0,0,0,0,0,0,0,0,
楠梓,2024/06/09 00:00:00,RH,84,84,85,85,86,86,86,82,67,63,66,66,66,67,x,x,x,x,x,72,77,81,83,85,
楠梓,2024/06/09 00:00:00,SO2,1.6,1.8,1.9,1.9,1.6,1.8,2,3.3,5.2,3.3,1.6,1.4,1.3,1.6,1.4,1.4,1.2,1.3,1.3,1.1,1.2,1.3,1.2,1.5,
楠梓,2024/06/09 00:00:00,THC,2.12,2.13,2.14,2.05,2.1,2.21,2.15,2.19,2.27,2.12,1.9,1.86,1.87,1.87,1.86,1.86,1.86,1.86,1.92,2.29,2.12,2.15,2.06,2.2,
楠梓,2024/06/09 00:00:00,WD_HR,79,69,79,86,70,90,74,61,172,254,218,267,275,255,237,264,273,285,282,286,297,319,82,148,
楠梓,2024/06/09 00:00:00,WIND_DIREC,86,98,68,94,65,81,53,34,173,270,80,264,281,273,248,288,280,271,293,299,309,317,94,59,
楠梓,2024/06/09 00:00:00,WIND_SPEED,0.2,0.2,0.2,0.2,0.2,0.2,0.2,0.2,0.9,1.4,0.7,1.6,1.6,0.2,1.6,1.9,2.2,1.2,1.7,1,0.3,0.4,0.2,0.5,
楠梓,2024/06/09 00:00:00,WS_HR,0.2,0.2,0.2,0.2,0.2,0.2,0.2,0.2,0.3,0.7,0.2,1.5,1.5,0.8,0.9,1.2,1.5,1.7,1.6,1,0.7,0.5,0.2,0.5,
楠梓,2024/06/10 00:00:00,AMB_TEMP,28.8,28.6,28.4,28.3,27.9,26.1,26.5,27.1,26.8,26.8,28.8,30.9,33.5,x,x,x,x,x,31.9,30.8,30.3,30.2,29.9,29.7,
楠梓,2024/06/10 00:00:00,CH4,2.1,2.26,2.27,2.28,2.24,2.06,2.07,2.05,2.05,1.98,1.96,1.93,1.93,1.93,1.92,1.92,1.93,1.93,1.95,1.94,1.93,1.92,*,1.93,
楠梓,2024/06/10 00:00:00,CO,0.22,0.22,0.19,0.18,0.16,0.11,0.16,0.26,0.22,0.15,0.12,0.13,0.14,0.11,0.12,0.09,0.09,0.11,0.14,0.15,0.15,0.13,0.11,0.12,
楠梓,2024/06/10 00:00:00,NMHC,0.06,0.2,0.04,0.15,0.11,0,0,0.02,0.01,0,0,0,0,0.03,0,0.04,0,0,0,0,0,0,#,0,
楠梓,2024/06/10 00:00:00,NO,0.7,2.7,1.3,2.1,2.6,0.9,1.3,2.4,2.6,2.7,2.7,1.7,1.5,0.7,0.8,1.1,1,1.1,1.1,0.9,0.8,0.5,0.6,0.5,
楠梓,2024/06/10 00:00:00,NO2,11,15.1,9.8,13,10.7,4.2,7.2,9.9,8.7,6.4,4.5,3.9,4,3.1,2.2,2,2.4,2.8,3.9,4.2,4.8,5.2,5.2,10.8,
楠梓,2024/06/10 00:00:00,NOx,11.7,17.8,11.2,15.1,13.3,5.2,8.6,12.4,11.4,9.2,7.3,5.7,5.5,3.9,3.1,3.2,3.5,3.9,5,5.2,5.6,5.7,5.9,11.3,
楠梓,2024/06/10 00:00:00,O3,9.6,5.4,8.3,4.5,5.2,17.8,11.7,10,11.5,15,19.7,25.1,33.1,34.4,23.6,22.2,22.6,22.3,19.7,19.6,19.9,21.3,21.3,12.4,
楠梓,2024/06/10 00:00:00,PM10,16,21,14,20,21,13,8,12,10,10,8,9,8,6,7,5,11,13,11,8,12,8,11,21,
楠梓,2024/06/10 00:00:00,PM2.5,7,6,7,8,7,7,7,5,5,2,1,3,3,2,5,3,6,4,4,3,5,5,3,2,
楠梓,2024/06/10 00:00:00,RAINFALL,0,0,0,0,11,6,0,1.5,0,0,0,0,0,0,0,0,0,0,0,0,0,0,0,0,
楠梓,2024/06/10 00:00:00,RH,85,86,87,88,89,90,92,93,93,93,91,80,66,55,x,x,x,x,63,68,71,74,79,82,
楠梓,2024/06/10 00:00:00,SO2,1.7,3,1.6,4.6,4.3,1,1,0.9,0.4,0.6,0.8,0.6,0.8,0.7,0.5,0.4,0.5,0.6,0.5,0.6,0.8,0.5,0.4,0.5,
楠梓,2024/06/10 00:00:00,THC,2.16,2.46,2.31,2.43,2.35,2.03,2.07,2.07,2.06,1.94,1.92,1.88,1.93,1.96,1.91,1.96,1.89,1.91,1.91,1.9,1.89,1.89,*,1.91,
楠梓,2024/06/10 00:00:00,WD_HR,74,76,97,83,97,72,73,118,89,84,77,70,308,294,279,284,275,286,276,280,269,251,269,203,
楠梓,2024/06/10 00:00:00,WIND_DIREC,94,60,142,80,85,92,73,75,90,93,69,58,316,272,280,302,271,279,280,288,245,273,195,195,
楠梓,2024/06/10 00:00:00,WIND_SPEED,0.8,0.5,0.6,0.6,1.9,1,0.3,0.4,1.6,1.4,1.8,1.1,1.4,1.5,2,1.8,1.5,1.3,1.4,0.9,1,1.1,0.3,1,
楠梓,2024/06/10 00:00:00,WS_HR,0.7,0.4,0.5,0.3,1.1,1,0.6,0.6,1.2,1.4,1.6,1.2,0.2,1,1.6,1.5,1.4,1,1.2,0.9,0.8,0.9,0.4,0.9,
楠梓,2024/06/11 00:00:00,AMB_TEMP,29.4,28.9,28.5,28.3,27.9,27.7,27.5,26.6,26.8,27.5,29.4,32.6,x,x,x,31.8,30.1,29.1,29.1,28.6,28.2,27.8,27.2,27,
楠梓,2024/06/11 00:00:00,CH4,2.06,2.14,2.22,2.21,2.42,2.4,2.1,1.99,2.01,1.96,1.95,1.92,1.91,1.9,1.9,1.9,1.92,1.94,1.93,1.97,2.03,2.03,1.99,1.98,
楠梓,2024/06/11 00:00:00,CO,0.18,0.22,0.2,0.2,0.2,0.24,0.23,0.36,0.27,0.22,0.18,0.17,0.11,0.09,0.11,0.12,0.15,0.23,0.26,0.33,0.33,0.22,0.16,0.18,
楠梓,2024/06/11 00:00:00,NMHC,0.04,0.27,0.1,0.18,0.02,0.04,0.08,0.04,0,0,0,0.02,0,0,0,0,0.17,0.38,0.61,0.14,0.13,0.03,0,0,
楠梓,2024/06/11 00:00:00,NO,1,1.3,1.3,2.9,3.8,7.8,6.3,7.9,10.4,8.7,7.3,3.5,1,0.5,1.2,1.4,0.9,3.4,0.7,3.1,5.6,1.9,1.1,1.6,
楠梓,2024/06/11 00:00:00,NO2,10.5,14.4,13.6,15.8,13.2,12,13,15.5,12.8,10.4,8.2,7.5,4.9,3.8,6.1,7,8,14.5,12.3,18.5,17.5,11.9,8.9,10.8,
楠梓,2024/06/11 00:00:00,NOx,11.6,15.7,15,18.7,17,19.9,19.4,23.5,23.2,19.1,15.6,11,6,4.4,7.4,8.4,8.9,17.9,13,21.6,23.1,13.8,10,12.4,
楠梓,2024/06/11 00:00:00,O3,8.6,5.5,4.5,1.9,1.6,1.7,3.1,4.8,5.3,9,14.2,25.5,29.9,29.9,22.1,21.7,20.1,10.6,14.6,4.7,3.2,6.7,9.1,6.7,
楠梓,2024/06/11 00:00:00,PM10,16,17,16,20,18,24,16,10,10,15,13,18,14,14,15,17,13,9,9,16,16,18,15,19,
楠梓,2024/06/11 00:00:00,PM2.5,1,8,7,9,6,5,8,7,5,5,5,5,4,5,7,6,6,8,7,7,8,6,11,8,
楠梓,2024/06/11 00:00:00,RAINFALL,0,0,0,0,0,1.5,18.5,2,0,0,0,0,0,0,0,0,9,3,0,0,0,0,0,0,
楠梓,2024/06/11 00:00:00,RH,83,84,84,85,87,88,89,91,93,93,88,72,x,x,x,x,78,86,87,88,90,91,92,92,
楠梓,2024/06/11 00:00:00,SO2,0.2,1.6,2.1,4.3,3.3,2.5,1.7,1.5,1.2,1.1,1.1,1.5,1.3,1,1.1,1.2,1,1.2,0.9,1,1.1,1,0.8,0.7,
楠梓,2024/06/11 00:00:00,THC,2.1,2.41,2.32,2.39,2.44,2.44,2.18,2.03,2.01,1.96,1.94,1.94,1.9,1.86,1.88,1.88,2.09,2.32,2.54,2.11,2.16,2.06,1.97,1.97,
楠梓,2024/06/11 00:00:00,WD_HR,81,98,89,73,80,100,75,61,88,86,73,210,241,236,231,274,312,43,313,55,63,86,90,69,
楠梓,2024/06/11 00:00:00,WIND_DIREC,64,94,80,71,88,184,81,86,80,95,83,190,231,235,228,302,19,17,334,95,68,86,89,79,
楠梓,2024/06/11 00:00:00,WIND_SPEED,0.7,0.3,0.3,0.3,0.4,0.7,1.9,1,1.7,2.4,1.6,1.9,1.7,1.8,1.3,1.3,0.7,0.6,0.4,0.2,1.1,1.3,0.2,0.3,
楠梓,2024/06/11 00:00:00,WS_HR,0.4,0.3,0.3,0.3,0.5,0.2,0.8,0.9,1.6,2,1.7,1.1,1.3,1.7,1.6,1,0.8,0.2,0,0.5,0.9,1.2,0.4,0.2,
楠梓,2024/06/12 00:00:00,AMB_TEMP,27,27.1,27.1,27.1,26.8,26.3,26.9,29.6,31.2,31.7,30.1,31,29.4,28.8,30.2,30.9,30.1,29.2,28.7,28.2,27.8,27.5,27.3,27.2,
楠梓,2024/06/12 00:00:00,CH4,1.99,2.07,2.07,2.15,2,1.98,2.01,2.01,1.95,1.93,1.92,1.92,1.93,1.94,1.91,1.92,1.95,1.94,1.96,1.97,2.01,2.11,2.14,2.14,
楠梓,2024/06/12 00:00:00,CO,0.15,0.17,0.13,0.13,0.1,0.13,0.28,0.45,0.27,0.28,0.18,0.19,0.14,0.16,0.13,0.14,0.21,0.26,0.31,0.3,0.31,0.33,0.25,0.31,
楠梓,2024/06/12 00:00:00,NMHC,0,0.03,0,0,0,0,0.16,0.29,0.07,0.02,0.19,0.04,0.14,0.66,0.01,0,0.01,0,0.22,0.04,0.06,0.07,0.03,0.06,
楠梓,2024/06/12 00:00:00,NO,0.9,2.7,1,1.6,0.2,0.2,9,18,6.9,2.3,1.2,3.2,1.3,0.7,1.2,0.8,2.4,2.1,1.3,0.6,1.4,3.1,2.7,10.3,
楠梓,2024/06/12 00:00:00,NO2,10,13.1,8.9,9.6,6.5,8.4,16.4,17.2,11.5,10.4,10.8,12.6,6.7,8.9,8.3,6.7,12.9,13.1,16.2,15.6,18.9,17.3,14.3,15.7,
楠梓,2024/06/12 00:00:00,NOx,11,15.9,9.9,11.3,6.8,8.7,25.4,35.2,18.5,12.7,12,15.9,8,9.6,9.5,7.5,15.4,15.3,17.5,16.3,20.3,20.5,17.1,26.1,
楠梓,2024/06/12 00:00:00,O3,8.3,3.8,6.8,3.8,10.2,10.6,5.9,7.1,16.4,20.9,21.8,20,21.3,19.9,23.3,23.1,17.1,16.6,12.7,12.1,6.6,3.9,4.6,1.2,
楠梓,2024/06/12 00:00:00,PM10,14,21,14,21,10,19,16,30,32,23,15,22,7,16,20,14,22,16,16,17,18,20,19,30,
楠梓,2024/06/12 00:00:00,PM2.5,3,1,4,5,6,9,7,10,9,8,6,8,6,5,5,11,8,11,7,6,7,10,8,9,
楠梓,2024/06/12 00:00:00,RAINFALL,0,0,0,0,1,0,0,0,0,2,0,0,17,0,0,0,0.5,1,0.5,0,0,0,0,0,
楠梓,2024/06/12 00:00:00,RH,93,93,93,92,93,94,94,94,86,80,84,84,x,x,x,x,85,86,88,90,90,91,92,92,
楠梓,2024/06/12 00:00:00,SO2,0.8,0.4,0.5,0.7,0.6,0.4,0.8,1.9,1.8,0.3,0.6,0.6,0.3,0.4,0.6,0.5,0.6,0.5,0.4,0.4,0.3,0.4,0.3,0.4,
楠梓,2024/06/12 00:00:00,THC,1.98,2.1,2.04,2.13,1.99,1.95,2.17,2.3,2.02,1.95,2.11,1.96,2.07,2.6,1.92,1.91,1.96,1.94,2.18,2.01,2.07,2.18,2.17,2.2,
楠梓,2024/06/12 00:00:00,WD_HR,85,83,88,77,42,71,123,67,132,227,289,202,290,10,220,336,89,95,54,95,70,72,94,84,
楠梓,2024/06/12 00:00:00,WIND_DIREC,71,86,86,67,49,103,108,62,228,238,82,196,6,297,235,78,95,89,49,30,103,76,85,91,
楠梓,2024/06/12 00:00:00,WIND_SPEED,0.2,0.3,0.4,0.5,1.6,0.2,0.2,1.4,1.3,1.7,0.2,1.1,0.2,0.2,1.1,1.7,1.9,1.3,1.3,0.2,0.2,0.3,0.2,0.7,
楠梓,2024/06/12 00:00:00,WS_HR,0.2,0.2,0.5,0.5,1.2,0.6,0.2,0.7,0.5,1.1,0.1,0.6,0.6,0.2,0.8,0.3,1.7,1.6,1.2,0.3,0.3,0.4,0.3,0.4,
楠梓,2024/06/13 00:00:00,AMB_TEMP,26.9,26.8,26.7,26.5,26.7,26.7,26.8,26.3,26.3,26.4,#,28.6,29.7,31,32.7,33.5,31.6,30.7,30.4,29.9,27.3,27.3,27.3,26.9,
楠梓,2024/06/13 00:00:00,CH4,2.14,2.24,2.12,2.03,1.99,2.01,2,2.01,1.99,1.94,#,#,#,#,1.92,1.92,1.93,1.95,1.94,2.02,1.95,1.98,2.06,2.07,
楠梓,2024/06/13 00:00:00,CO,0.17,0.25,0.15,0.13,0.13,0.14,0.2,0.34,0.25,0.19,#,#,#,#,#,#,0.18,0.29,0.38,0.51,0.2,0.22,0.25,0.18,
楠梓,2024/06/13 00:00:00,NMHC,0.01,0.15,0,0,0,0.16,0.05,0.02,0,0,#,#,#,#,0.03,0,0,0.1,0.07,0.21,0,0.04,0.06,0,
楠梓,2024/06/13 00:00:00,NO,1.5,13.4,3.7,2.5,2.1,2.1,4,5.9,10.3,7.5,#,#,#,#,#,#,0.7,2.1,1.1,3.2,1.1,0.6,1.2,1,
楠梓,2024/06/13 00:00:00,NO2,9.3,16,10.9,9.6,9.1,11.2,12.1,17.1,16.8,11.8,#,#,#,#,#,#,6,11.8,14.2,25.9,9.2,12.1,13.5,10.9,
楠梓,2024/06/13 00:00:00,NOx,10.8,29.4,14.6,12.1,11.3,13.4,16.1,23.1,27.1,19.3,#,#,#,#,#,#,6.7,13.9,15.4,29.1,10.3,12.8,14.7,11.9,
楠梓,2024/06/13 00:00:00,O3,6.2,1.3,3.8,3.8,8.2,6.2,6.6,6.2,5,10.1,#,#,#,20.9,34.5,33.2,#,#,#,4.5,17.5,14.4,9.1,10.8,
楠梓,2024/06/13 00:00:00,PM10,21,25,29,28,19,25,16,10,7,9,15,11,13,13,#,17,21,20,18,32,12,11,13,12,
楠梓,2024/06/13 00:00:00,PM2.5,9,7,5,4,6,12,8,5,7,6,7,7,9,6,#,8,13,7,14,13,7,7,5,4,
楠梓,2024/06/13 00:00:00,RAINFALL,0,0,0,0,0,0.5,9,0,1,0,0,0,0,0,0,0,0.5,0,0,2.5,5.5,8.5,0,0,
楠梓,2024/06/13 00:00:00,RH,92,93,93,93,93,93,93,94,95,95,#,85,81,72,66,62,71,77,76,82,93,98,99,100,
楠梓,2024/06/13 00:00:00,SO2,0.3,1,0.9,1,1,0.9,0.8,1,1,0.9,#,#,#,#,#,#,1.3,1.2,1.1,1.2,1.5,1.5,1.3,1.3,
楠梓,2024/06/13 00:00:00,THC,2.15,2.39,2.09,2.03,1.97,2.17,2.05,2.03,1.99,1.93,#,#,#,#,1.95,1.89,1.93,2.05,2.01,2.23,1.94,2.02,2.12,2.07,
楠梓,2024/06/13 00:00:00,WD_HR,98,82,74,90,86,101,36,81,75,80,78,78,84,88,268,#,248,211,220,199,129,194,70,88,
楠梓,2024/06/13 00:00:00,WIND_DIREC,94,70,69,94,83,80,54,65,94,102,75,60,90,185,#,#,201,214,200,197,97,73,92,70,
楠梓,2024/06/13 00:00:00,WIND_SPEED,0.2,0.2,0.6,0.7,1.1,0.8,0.7,1.8,2.3,2.6,2.1,1.9,1.8,0.8,#,#,2.4,1.6,1.2,3.8,0.7,0.2,0.2,0.2,
楠梓,2024/06/13 00:00:00,WS_HR,0.5,0.2,0.4,0.4,1.1,0.8,0.6,1.3,1.8,2.1,1.6,1.8,1.8,0.9,0.6,#,1.2,1.2,1.1,1.8,0.6,0.1,0.4,0.2,
楠梓,2024/06/14 00:00:00,AMB_TEMP,26.7,27.2,27.2,27.1,26.8,26.7,26.8,27.8,29.4,30.9,30.8,31.2,31.7,31.9,32.3,32.5,32.3,31.6,31,30.7,30.4,29.9,29.9,29.3,
楠梓,2024/06/14 00:00:00,CH4,2.03,2,2.03,2.05,2.07,2,2.03,2.05,2,1.89,#,1.9,1.9,#,#,#,#,1.88,1.89,1.91,1.93,2.01,2.02,2.09,
楠梓,2024/06/14 00:00:00,CO,0.2,0.17,0.17,0.17,0.16,0.18,0.26,0.63,#,#,0.14,0.14,0.13,0.11,0.11,0.12,0.12,0.17,0.22,0.31,0.28,0.35,0.36,0.3,
楠梓,2024/06/14 00:00:00,NMHC,0,0.02,0,0,0,0,0.12,0.35,0.2,0,#,0,0,#,#,#,#,0,0.01,0.19,0.37,0.28,0.23,0.11,
楠梓,2024/06/14 00:00:00,NO,0.9,0.6,0.6,1.2,1.3,1.6,7.2,22.4,#,#,1.3,1.5,1.3,#,#,1.1,1.2,1.2,0.9,1,1.1,3.1,2,2.1,
楠梓,2024/06/14 00:00:00,NO2,9.1,7,9.4,10.7,8.7,8.9,14.2,21.2,#,#,5.2,5.2,4.3,#,#,3.6,3.4,4.9,7,11.8,16.7,18.7,18.4,15.2,
楠梓,2024/06/14 00:00:00,NOx,10,7.6,10,11.9,10,10.6,21.4,43.7,#,#,6.5,6.7,5.7,#,#,4.7,4.7,6.1,7.9,12.8,17.8,21.8,20.4,17.3,
楠梓,2024/06/14 00:00:00,O3,10.8,14.4,11.5,9.8,8.6,7.3,4.7,3.3,11.3,23.4,23.2,25,25.8,#,24,23.3,23,22.9,18,12.4,8.9,4.4,4.7,5.3,
楠梓,2024/06/14 00:00:00,PM10,18,17,20,20,25,23,22,28,31,30,26,30,28,20,22,27,26,24,27,20,32,35,31,25,
楠梓,2024/06/14 00:00:00,PM2.5,4,4,6,8,10,8,7,13,16,14,15,14,14,9,10,11,10,13,11,13,11,10,11,11,
楠梓,2024/06/14 00:00:00,RAINFALL,0,0,0,0.5,0,0,2,0,0.5,0,0,0,0,0,0,0,0,0,0,0,0,0,0,0,
楠梓,2024/06/14 00:00:00,RH,100,99,98,98,100,99,100,99,92,85,85,83,81,77,74,71,68,72,76,74,78,84,84,86,
楠梓,2024/06/14 00:00:00,SO2,1.1,0.5,0.6,0.6,0.7,0.6,0.8,1.8,#,#,0.4,0.5,0.5,#,0.2,0.2,0.6,0.4,0.3,0.5,0.8,1.3,1.6,1.3,
楠梓,2024/06/14 00:00:00,THC,2,2.02,2.02,2.04,2.06,1.97,2.15,2.4,2.2,1.86,#,1.87,1.86,#,#,#,#,1.88,1.9,2.1,2.3,2.29,2.25,2.2,
楠梓,2024/06/14 00:00:00,WD_HR,86,91,88,88,59,86,103,89,215,235,236,231,240,227,229,238,231,216,204,128,153,83,216,97,
楠梓,2024/06/14 00:00:00,WIND_DIREC,99,85,110,81,82,69,74,267,223,235,271,233,227,233,229,234,225,211,194,93,149,66,193,69,
楠梓,2024/06/14 00:00:00,WIND_SPEED,0.8,0.2,0.2,0.2,0.8,1.3,0.2,0.3,3,1.6,1.8,1.6,2.7,3.1,3.1,3,2.1,2.1,1.6,1.4,1.4,0.3,0.8,1.1,
楠梓,2024/06/14 00:00:00,WS_HR,0.5,0.2,0.2,0.2,0.7,0.7,0.5,0.1,0.8,2,1.7,1.5,1.8,2.9,2.6,2.1,2.2,2,1.4,0.6,1.3,0.5,0.2,0.5,
楠梓,2024/06/15 00:00:00,AMB_TEMP,28.2,27.7,27.4,27.6,27.8,27.3,28.4,30.4,31.3,32.5,33.5,34.3,33.9,34,34.6,34.4,33.7,32.8,31.6,30.9,30.4,30.3,29.5,29.2,
楠梓,2024/06/15 00:00:00,CH4,2.14,2.05,2,2.02,2.07,2.03,2.05,2.02,1.98,1.93,1.88,1.88,1.87,1.87,1.87,1.88,1.88,1.88,1.88,1.88,1.88,1.9,2.03,2.07,
楠梓,2024/06/15 00:00:00,CO,0.26,0.18,0.14,0.16,0.18,0.22,0.27,0.28,0.27,0.2,0.13,0.11,0.11,0.1,0.1,0.1,0.12,0.13,0.18,0.15,0.15,0.16,0.28,0.28,
楠梓,2024/06/15 00:00:00,NMHC,0.03,0.02,0,0.17,0.55,0.06,0.29,0.32,0.12,0.07,0.05,0,0,0,0,0,0,0,0.01,0,0,0.02,0.1,0.07,
楠梓,2024/06/15 00:00:00,NO,3.9,1.5,1.1,1.5,3.4,5.7,8.6,9.5,5,2.9,1.5,1,1.1,1,1,1.1,1.2,1.3,#,0.4,0.5,0.6,3,2.2,
楠梓,2024/06/15 00:00:00,NO2,11.3,10.1,7,8.6,14.3,12.1,12.9,15.2,12.5,10.4,5.5,3.2,3.5,2.7,3.2,3.5,4.5,4.3,#,6.6,9.6,7.4,14.9,14.6,
楠梓,2024/06/15 00:00:00,NOx,15.3,11.7,8.1,10.2,17.7,17.8,21.6,24.8,17.5,13.3,7.1,4.3,4.7,3.8,4.3,4.7,5.8,5.7,#,7,10.1,8,18,16.9,
楠梓,2024/06/15 00:00:00,O3,4.7,5.3,7.5,4.5,1.8,2.5,4.7,10.7,18.5,24,25.2,24.5,25.4,22.9,23.2,22.6,21.5,19.1,#,16.2,11.9,14.2,3.8,2.6,
楠梓,2024/06/15 00:00:00,PM10,32,27,28,30,28,28,36,37,31,26,19,18,20,17,19,17,24,22,25,19,22,22,28,22,
楠梓,2024/06/15 00:00:00,PM2.5,9,8,6,6,7,10,9,11,13,11,10,9,7,6,5,8,8,8,9,13,14,8,11,12,
楠梓,2024/06/15 00:00:00,RAINFALL,0,0,0,0,0,0,0,0,0,0,0,0,0,0,0,0,0,0,0,0,0,0,0,0,
楠梓,2024/06/15 00:00:00,RH,88,87,86,86,85,85,83,82,79,69,64,61,64,62,59,59,63,63,69,73,81,76,82,85,
楠梓,2024/06/15 00:00:00,SO2,0.7,1.1,0.9,1.1,2.6,1.2,3.4,8.6,3.4,1.8,0.8,0.9,1,1,0.7,0.8,0.8,0.8,#,1,0.9,0.7,1,1.1,
楠梓,2024/06/15 00:00:00,THC,2.17,2.07,1.99,2.19,2.62,2.09,2.34,2.34,2.1,2,1.93,1.87,1.86,1.85,1.86,1.87,1.88,1.86,1.89,1.88,1.88,1.92,2.13,2.14,
楠梓,2024/06/15 00:00:00,WD_HR,73,63,91,96,92,77,143,152,200,210,271,248,238,253,242,241,215,224,216,241,217,213,75,55,
楠梓,2024/06/15 00:00:00,WIND_DIREC,79,60,74,82,96,88,148,162,212,192,273,225,271,218,231,248,210,231,209,230,228,75,48,61,
楠梓,2024/06/15 00:00:00,WIND_SPEED,0.4,1,0.3,0.2,0.3,0.7,1.2,1.9,1.7,1.5,2.3,2.3,2.7,2.3,2.2,2,2.6,2.1,2.1,0.7,1.3,0.9,0.9,0.9,
楠梓,2024/06/15 00:00:00,WS_HR,0.7,0.9,0.9,0.4,0.3,0.6,0.9,0.9,1.3,1.3,1.6,1.8,2.3,1.6,1.9,1.9,2.3,2.1,1.9,1.3,1.1,0.4,0.8,0.8,
楠梓,2024/06/16 00:00:00,AMB_TEMP,29.1,28.9,28.9,28.3,28.4,27.9,28.5,30.2,31.6,32.2,33.8,33.3,32.3,33.2,33.9,33.9,33.2,32.5,31.8,31.5,31.1,30.8,30.6,29.7,
楠梓,2024/06/16 00:00:00,CH4,2.13,2.16,2.26,2.34,2.24,2.31,2.32,1.99,1.99,2.06,1.93,1.89,1.88,1.89,1.89,1.88,1.89,1.9,1.91,1.91,1.93,1.91,1.93,2.1,
楠梓,2024/06/16 00:00:00,CO,0.33,0.31,0.31,0.28,0.26,0.29,0.39,0.25,0.23,0.25,0.22,0.14,0.12,0.13,0.11,0.1,0.11,0.13,0.17,0.2,0.23,0.19,0.19,0.29,
楠梓,2024/06/16 00:00:00,NMHC,0.12,0.09,0.52,0.25,0.48,0.22,0.14,0.14,0.09,0.08,0.05,0.02,0,0.01,0.01,0,0,0,0,0.03,0.04,0.02,0.02,0.13,
楠梓,2024/06/16 00:00:00,NO,2.5,3.4,3.8,1.9,1.9,2.1,5.8,6.3,5.4,3.1,2.1,1.3,1.2,1.4,1.5,1.1,0.8,0.8,0.7,0.7,0.8,0.7,0.6,2.5,
楠梓,2024/06/16 00:00:00,NO2,14.8,14.1,15.5,12,10.8,10.7,9.6,10.2,9.3,9,7.6,5.6,3.7,3.7,4.7,3.4,2.9,3.9,5.1,8,12.2,10.7,9.2,14.2,
楠梓,2024/06/16 00:00:00,NOx,17.4,17.5,19.4,13.9,12.7,12.8,15.4,16.6,14.8,12.2,9.8,6.9,4.9,5.2,6.2,4.5,3.8,4.8,5.9,8.7,13,11.4,9.8,16.7,
楠梓,2024/06/16 00:00:00,O3,2,2.7,1.6,3.2,4,3.3,4.5,10.9,16.8,24.1,25.8,28.4,22.2,26.6,24.7,21.6,20.7,18.4,16.4,12.9,9.2,10.7,11.1,2.4,
楠梓,2024/06/16 00:00:00,PM10,28,26,30,31,29,29,42,24,25,29,25,18,14,11,14,16,15,14,14,18,18,17,19,21,
楠梓,2024/06/16 00:00:00,PM2.5,13,13,17,10,12,14,17,15,11,18,10,9,6,8,9,7,5,5,7,10,7,7,8,11,
楠梓,2024/06/16 00:00:00,RAINFALL,0,0,0,0,0,0,0,0,0,0,0,0,0,0,0,0,0,0,0,0,0,0,0,0,
楠梓,2024/06/16 00:00:00,RH,86,87,88,90,87,87,85,80,70,69,63,65,75,64,61,59,60,63,63,65,68,70,74,83,
楠梓,2024/06/16 00:00:00,SO2,1.1,0.6,1,1.4,1.1,1.1,2.9,7.9,4.3,4.5,1.7,0.5,0.3,0.4,0.5,0.4,0.4,0.5,0.4,0.4,0.5,0.7,0.5,0.8,
楠梓,2024/06/16 00:00:00,THC,2.25,2.25,2.78,2.59,2.72,2.53,2.46,2.13,2.08,2.14,1.98,1.91,1.87,1.9,1.9,1.86,1.87,1.89,1.91,1.94,1.97,1.93,1.95,2.23,
楠梓,2024/06/16 00:00:00,WD_HR,72,104,114,87,92,70,86,98,116,149,195,220,238,192,214,220,248,279,256,238,227,217,203,82,
楠梓,2024/06/16 00:00:00,WIND_DIREC,59,189,89,91,94,89,153,118,117,176,189,212,220,187,208,233,292,270,286,236,222,206,71,81,
楠梓,2024/06/16 00:00:00,WIND_SPEED,0.6,0.5,0.5,0.8,0.8,0.4,0.7,1.1,1.6,2,2.8,3,3.1,2.1,3.5,2.1,1.9,1.8,0.6,1.2,1.2,0.7,0.9,0.5,
楠梓,2024/06/16 00:00:00,WS_HR,0.4,0.3,0.4,0.7,0.8,0.6,0.6,1.2,1.4,1.3,2.1,2.7,1.9,2.2,2.8,2,1.4,1.5,0.4,0.5,0.8,1.1,0.2,0.5,
楠梓,2024/06/17 00:00:00,AMB_TEMP,29.4,29.4,28.9,28.6,28.4,28.4,29,30.1,31.5,33.6,34.2,34.2,34.4,34.1,34.3,33.8,33.2,32.4,31.6,31.2,31,30.5,29.9,29.9,
楠梓,2024/06/17 00:00:00,CH4,2.19,2.14,2.27,2.17,2.07,2.04,2.03,2.02,2.08,1.99,1.91,1.9,1.9,1.89,1.89,1.89,1.89,1.89,1.89,1.9,1.9,2,2.05,2.01,
楠梓,2024/06/17 00:00:00,CO,0.21,0.15,0.17,0.16,0.14,0.15,0.24,0.43,0.51,0.32,0.18,0.14,0.14,0.11,0.11,0.11,0.12,0.19,0.18,0.21,0.18,0.25,0.3,0.24,
楠梓,2024/06/17 00:00:00,NMHC,0.08,0.09,0,0.01,0,0,0.06,0.34,0.31,0.09,0.06,0.04,0.02,0,0.06,0.01,0.02,0.05,0.05,0.08,0.01,0.1,0.15,0.28,
楠梓,2024/06/17 00:00:00,NO,1.6,0.8,1.1,1.2,1.2,1.6,9.4,16.1,16.4,8.4,3.4,2.4,1.7,1.6,2.1,1.3,1.2,1.3,0.7,0.7,0.5,1.7,3.5,1.4,
楠梓,2024/06/17 00:00:00,NO2,11.8,9.4,7.6,8.2,7.9,8.3,11.9,18.4,20.8,14.8,10,7.7,5.8,5.1,5.7,4.4,4.3,7.4,8.1,9,8.4,13.5,16.9,16.6,
楠梓,2024/06/17 00:00:00,NOx,13.4,10.3,8.8,9.4,9.1,9.9,21.3,34.6,37.3,23.2,13.4,10.2,7.5,6.8,7.9,5.7,5.6,8.8,8.9,9.7,8.9,15.2,20.5,18.1,
楠梓,2024/06/17 00:00:00,O3,6.5,8.6,7.4,5.2,5.4,5.7,3.9,4.2,7.5,20.2,27.2,32.4,31.5,25.9,26.1,27.1,26.4,20.3,19,20.1,18.5,9.4,4,5.8,
楠梓,2024/06/17 00:00:00,PM10,20,22,23,22,21,23,22,34,41,30,28,24,23,18,27,20,22,24,17,22,19,19,20,24,
楠梓,2024/06/17 00:00:00,PM2.5,14,12,14,11,9,10,9,19,16,13,16,15,11,14,12,15,13,13,10,6,8,10,9,14,
楠梓,2024/06/17 00:00:00,RAINFALL,0,0,0,0,0,0,0,0,0,0,0,0,0,0,0,0,0,0,0,0,0,0,0,0,
楠梓,2024/06/17 00:00:00,RH,86,85,86,85,85,83,79,73,68,58,58,59,57,62,61,61,62,65,69,70,71,74,82,83,
楠梓,2024/06/17 00:00:00,SO2,0.9,2.2,1.3,1.1,0.9,1.1,1.1,2.7,3.5,3.1,1.7,1.4,1.1,1.1,1.1,0.9,1.3,1.2,1,1.1,0.9,1.1,1.4,1.9,
楠梓,2024/06/17 00:00:00,THC,2.27,2.23,2.27,2.18,2.06,2.03,2.09,2.36,2.39,2.08,1.97,1.94,1.92,1.89,1.95,1.9,1.91,1.94,1.94,1.98,1.91,2.1,2.2,2.29,
楠梓,2024/06/17 00:00:00,WD_HR,72,86,97,80,81,76,91,151,159,198,204,220,198,219,219,222,223,216,220,224,227,128,91,100,
楠梓,2024/06/17 00:00:00,WIND_DIREC,68,74,61,86,103,79,198,149,155,225,203,217,208,218,239,220,205,216,217,235,232,99,81,151,
楠梓,2024/06/17 00:00:00,WIND_SPEED,0.8,0.8,0.2,0.4,0.5,0.3,0.3,1.7,1,2,2.7,3.3,3.1,2.7,2.5,3,2.9,2.8,1.4,1,0.9,0.6,0.3,0.5,
楠梓,2024/06/17 00:00:00,WS_HR,0.7,1,0.6,0.6,0.4,0.4,0.2,0.7,1.1,2.1,2.5,3.3,2.2,2.4,2.5,2.4,2.4,2.3,1.6,1.2,0.8,0.3,0.4,0.2,
楠梓,2024/06/18 00:00:00,AMB_TEMP,29.4,28.9,28.5,28.1,28,28,28.9,31.1,32.9,34.6,36,36,35.7,34.9,34.3,34,33.4,32.4,31.4,30.9,30.7,30.5,30.5,30.4,
楠梓,2024/06/18 00:00:00,CH4,2.1,2.16,2.22,2.15,2.1,2.04,1.99,2,1.96,1.95,1.89,1.89,1.89,1.88,1.88,1.87,1.87,1.88,1.88,1.88,1.87,1.87,1.88,1.93,
楠梓,2024/06/18 00:00:00,CO,0.24,0.2,0.18,0.15,0.14,0.17,0.23,0.33,0.25,0.2,0.12,0.11,0.1,0.08,0.08,0.09,0.09,0.14,0.15,0.14,0.11,0.1,0.11,0.16,
楠梓,2024/06/18 00:00:00,NMHC,0.12,0.06,0.03,0.02,0.02,0.02,0.04,0.23,0.19,0.09,0.02,0.01,0,0,0,0,0,0,0,0,0,0,0,0.14,
楠梓,2024/06/18 00:00:00,NO,2.4,1,1.6,2.3,3.2,6.5,11.4,12.3,6.5,3,2,1.4,1.6,0.9,1.5,1.7,1.5,1.4,1,0.4,0.4,0.3,0.5,0.9,
楠梓,2024/06/18 00:00:00,NO2,17.4,12.1,11.8,10.2,11,11.7,12.8,17.2,11.7,10.3,7,5.2,4.8,3.8,3.9,4.3,4,5.5,7.1,6.2,7.2,5.3,5.2,12.6,
楠梓,2024/06/18 00:00:00,NOx,19.9,13.1,13.5,12.6,14.2,18.3,24.2,29.6,18.2,13.4,9,6.6,6.5,4.8,5.4,6.1,5.6,7,8.1,6.7,7.7,5.6,5.7,13.5,
楠梓,2024/06/18 00:00:00,O3,4.1,5.2,4,3.4,3.8,2.3,4.3,9.8,20.7,29.9,26.6,25.7,22.2,20.3,19,18.9,18.9,17.6,16.3,16.9,14.5,17.6,16.1,7.2,
楠梓,2024/06/18 00:00:00,PM10,24,24,18,23,25,25,28,32,27,20,28,15,14,13,15,25,9,10,12,10,12,11,12,21,
楠梓,2024/06/18 00:00:00,PM2.5,14,9,13,13,9,17,18,15,10,8,7,8,5,2,5,3,4,6,6,4,6,7,5,5,
楠梓,2024/06/18 00:00:00,RAINFALL,0,0,0,0,0,0,0,0,0,0,0,0,0,0,0,0,0,0,0,0,0,0,0,0,
楠梓,2024/06/18 00:00:00,RH,85,87,88,87,85,83,79,71,61,54,50,49,51,53,56,60,62,66,70,73,75,76,78,82,
楠梓,2024/06/18 00:00:00,SO2,2.3,1.1,0.5,0.4,0.8,0.9,1.6,3.4,1.7,0.9,0.5,0.5,0.4,0.4,0.6,0.7,0.5,0.4,0.5,0.4,0.6,0.3,0.3,0.8,
楠梓,2024/06/18 00:00:00,THC,2.22,2.22,2.25,2.17,2.12,2.06,2.03,2.23,2.15,2.04,1.91,1.9,1.89,1.87,1.86,1.86,1.86,1.86,1.87,1.88,1.86,1.86,1.87,2.07,
楠梓,2024/06/18 00:00:00,WD_HR,88,82,89,86,90,72,77,138,197,199,223,238,237,238,264,255,244,265,277,227,230,224,212,184,
楠梓,2024/06/18 00:00:00,WIND_DIREC,77,95,109,91,91,71,70,223,159,233,222,239,234,234,254,279,248,275,285,230,236,225,190,178,
楠梓,2024/06/18 00:00:00,WIND_SPEED,0.4,0.2,0.6,0.3,0.7,0.9,0.7,0.3,0.8,1.4,2.6,2.1,2.5,2.8,2,2.5,1.6,2,0.9,1.2,1.3,0.9,0.4,1.3,
楠梓,2024/06/18 00:00:00,WS_HR,0.4,0.4,0.5,0.3,0.6,0.6,0.6,0.4,0.7,1.4,1.6,1.8,2.1,2.5,2,2,1.7,1.7,1.4,1,1.3,0.9,0.9,0.5,
楠梓,2024/06/19 00:00:00,AMB_TEMP,30.4,30.1,29.5,28.9,28.3,28.3,29.3,30.8,32.3,33.5,34.7,35.1,35.5,35.7,35.2,34.5,33.5,32.5,31.7,31.2,31.1,30.8,30.6,30.6,
楠梓,2024/06/19 00:00:00,CH4,1.92,1.95,2.12,2.08,2.06,2.14,2.08,2,2.03,2.02,1.92,1.91,1.9,1.89,1.86,#,1.88,1.88,1.88,1.88,1.89,1.97,1.98,1.94,
楠梓,2024/06/19 00:00:00,CO,0.14,0.12,0.1,0.12,0.15,0.18,0.24,0.28,0.33,0.34,0.31,0.3,0.14,0.09,#,0.11,0.12,0.14,0.14,0.13,0.15,0.16,0.18,0.13,
楠梓,2024/06/19 00:00:00,NMHC,0.16,0.14,0.14,0.15,0.11,0.04,0.04,0.14,0.1,0.14,0.12,0.08,0.02,0,0,#,0,0,0,0.01,0,0.01,0.07,0.09,
楠梓,2024/06/19 00:00:00,NO,0.6,0.8,1.5,1.3,3.4,5.4,8.8,7.5,7.3,5.7,5.1,4.3,2.6,1.2,#,1.4,1.6,1.1,0.8,0.4,0.4,0.8,1,0.8,
楠梓,2024/06/19 00:00:00,NO2,10.8,11.8,11.9,10.2,14.2,13.2,11.6,11.3,13.6,13.1,13.8,12.5,8.9,4.8,#,4,4.4,6,6.1,5.8,6.6,8.8,9.7,9.1,
楠梓,2024/06/19 00:00:00,NOx,11.5,12.7,13.4,11.6,17.7,18.6,20.4,18.8,20.9,18.8,19,16.8,11.5,6.1,#,5.4,6.1,7.1,6.9,6.3,7,9.7,10.7,10,
楠梓,2024/06/19 00:00:00,O3,9.2,8.6,6.4,7.1,3.6,3,5,11,16.6,22.7,23.5,24.9,26.7,24.3,#,21.3,21.7,21.6,18.1,19,16.2,12.4,10.6,15.7,
楠梓,2024/06/19 00:00:00,PM10,12,9,14,17,17,13,19,21,23,25,21,25,19,13,11,16,18,10,11,10,17,15,16,14,
楠梓,2024/06/19 00:00:00,PM2.5,6,7,6,3,7,8,6,7,12,11,8,8,5,5,5,7,6,7,5,4,7,7,5,8,
楠梓,2024/06/19 00:00:00,RAINFALL,0,0,0,2,0,0,0,0,0,0,0,0,0,0,0,0,0,0,0,0,0,0,0,0,
楠梓,2024/06/19 00:00:00,RH,79,80,85,89,94,92,86,79,70,63,56,56,55,55,58,60,63,69,73,74,73,78,79,78,
楠梓,2024/06/19 00:00:00,SO2,0.6,1.8,3,1.5,2.1,0.9,0.8,2.9,5.6,5.2,3.3,3.1,1.1,0.6,#,0.4,0.6,0.6,0.7,0.7,0.6,0.7,1,1.2,
楠梓,2024/06/19 00:00:00,THC,2.08,2.09,2.26,2.23,2.17,2.18,2.12,2.14,2.13,2.16,2.04,1.99,1.92,1.87,1.86,#,1.87,1.87,1.86,1.89,1.88,1.98,2.05,2.03,
楠梓,2024/06/19 00:00:00,WD_HR,200,138,92,109,83,83,71,140,111,168,179,200,224,224,254,250,244,238,271,269,266,105,89,156,
楠梓,2024/06/19 00:00:00,WIND_DIREC,192,95,93,123,77,102,78,168,114,163,187,211,219,209,269,240,246,250,271,275,219,95,145,151,
楠梓,2024/06/19 00:00:00,WIND_SPEED,1.4,0.9,0.9,0.4,0.2,0.5,0.9,1,1.6,1.8,2,2.4,3.2,3.3,2.7,2.3,2.2,1.8,1.2,1.2,0.3,1,1.2,2.3,
楠梓,2024/06/19 00:00:00,WS_HR,1.3,0.5,0.7,0.6,0.3,0.3,0.6,0.7,1,1.7,1.6,2.1,2.4,2.5,1.9,1.9,2,1.5,1.4,1,0.6,0.8,0.6,1.4,
楠梓,2024/06/20 00:00:00,AMB_TEMP,30.3,29.8,29.2,29.1,29,29.5,30.1,31.3,32.8,33.2,34,34,34.2,35.8,35.7,35.3,34.6,33.1,32.4,31.9,31.5,31.2,31.1,30.9,
楠梓,2024/06/20 00:00:00,CH4,2.02,2.13,2.16,2.1,2.12,1.97,2.01,2.03,2.01,1.94,1.91,1.9,1.9,1.89,1.89,1.89,1.89,1.9,1.9,1.9,1.9,1.9,1.9,1.91,
楠梓,2024/06/20 00:00:00,CO,0.14,0.14,0.14,0.14,0.13,0.12,0.2,0.25,0.37,0.39,0.2,0.19,0.2,0.15,0.11,0.11,0.22,0.32,0.37,0.34,0.2,0.18,0.16,0.16,
楠梓,2024/06/20 00:00:00,NMHC,0.15,0.14,0.03,0.02,0.04,0.11,0.17,0.16,0.14,0.09,0.07,0.06,0.04,0.01,0.02,0.03,0.08,0.09,0.09,0.19,0.15,0.18,0.4,0.33,
楠梓,2024/06/20 00:00:00,NO,0.4,1.9,1.3,2.6,2.9,2.6,7.7,6,5.7,5.3,4.2,2.8,2,2.2,2.6,3.2,4.1,4.9,5,2.7,0.9,1,0.7,1,
楠梓,2024/06/20 00:00:00,NO2,9.1,14,11.2,11.6,10.3,9.9,10.9,9.2,12.4,14,11.8,11.4,10.2,6.8,5.3,6.4,8.8,12.5,13.3,12.9,10.1,9.3,8.8,8.7,
楠梓,2024/06/20 00:00:00,NOx,9.6,16,12.5,14.3,13.3,12.5,18.6,15.2,18.2,19.3,16,14.3,12.2,9,8,9.7,12.9,17.5,18.3,15.6,11,10.4,9.5,9.8,
楠梓,2024/06/20 00:00:00,O3,11.8,6.1,6.6,3.6,2.7,5.8,5,9.7,17.7,14.7,17.4,20.5,24.2,19.7,15.4,15.5,12.7,6.2,3.5,5.6,7.9,6.1,6.7,5.1,
楠梓,2024/06/20 00:00:00,PM10,18,19,20,18,15,14,20,22,21,24,23,20,25,17,23,25,22,22,19,15,15,19,11,8,
楠梓,2024/06/20 00:00:00,PM2.5,11,15,14,12,8,7,7,6,9,8,6,4,4,10,6,6,6,6,6,7,7,5,3,4,
楠梓,2024/06/20 00:00:00,RAINFALL,0,0,0,0,0,0,0,0,0,0,0,0,0,0,0,0,0,0,0,0,0,0,0,0,
楠梓,2024/06/20 00:00:00,RH,82,86,88,88,88,84,81,74,67,63,60,61,60,54,55,56,57,61,67,71,73,78,81,80,
楠梓,2024/06/20 00:00:00,SO2,1,6.3,2.3,1.4,1.8,2.8,5.8,4.5,3.8,4.5,3.3,1.9,2.1,2.2,1.5,1.5,2.6,3.9,4,3.4,1.9,1.5,1.5,1.5,
楠梓,2024/06/20 00:00:00,THC,2.17,2.27,2.19,2.12,2.16,2.08,2.18,2.19,2.15,2.03,1.98,1.96,1.94,1.9,1.91,1.92,1.97,1.99,1.99,2.09,2.05,2.08,2.3,2.24,
楠梓,2024/06/20 00:00:00,WD_HR,134,93,60,65,77,94,157,160,189,193,246,259,229,229,223,214,197,199,196,163,155,156,155,153,
楠梓,2024/06/20 00:00:00,WIND_DIREC,95,86,55,85,94,101,158,165,213,140,282,225,243,232,226,177,194,200,186,153,150,158,157,154,
楠梓,2024/06/20 00:00:00,WIND_SPEED,1.3,0.5,1.1,0.7,0.8,0.9,1.2,1.6,0.9,1.3,1.5,1.3,2.7,2.9,3,3.3,3.4,3,2,2.9,2.1,1.9,2.6,2.4,
楠梓,2024/06/20 00:00:00,WS_HR,1.2,0.7,0.7,0.4,0.4,1.1,0.7,1.3,0.6,1.3,0.7,0.9,1.6,2.8,2.9,2.8,3.1,2.6,2.3,2.1,2.2,1.7,2.4,2.4,
楠梓,2024/06/21 00:00:00,AMB_TEMP,30.6,30.4,30,29.9,29.8,29.6,29.6,31.6,33.1,33.5,35.3,#,#,36.1,35.7,35.1,34.6,33.4,32.4,32,31.7,31.6,31.5,31.3,
楠梓,2024/06/21 00:00:00,CH4,1.91,1.92,2.12,2.12,2.06,2.05,2.04,1.99,2.01,1.92,1.91,#,#,1.9,1.89,1.89,1.89,1.88,1.89,1.91,1.91,1.9,1.9,1.9,
楠梓,2024/06/21 00:00:00,CO,0.15,0.12,0.11,0.13,0.18,0.16,0.2,0.2,0.22,0.27,0.28,0.34,#,0.21,0.12,0.13,0.15,0.19,0.21,0.27,0.28,0.21,0.16,0.17,
楠梓,2024/06/21 00:00:00,NMHC,0.12,0.14,0.14,0.15,0.22,0.09,0.02,0.12,0.07,0.12,0.12,#,#,0.04,0.01,0.01,0.04,0.03,0.03,0.05,0.04,0.06,0.02,0.03,
楠梓,2024/06/21 00:00:00,NO,1.1,1.2,7.8,4.5,2.7,9.4,12.6,9.2,6.8,4.9,4.1,3.2,#,2.9,2.1,1.7,2.3,1.4,0.2,0.3,1.1,0.6,0.1,0,
楠梓,2024/06/21 00:00:00,NO2,7.5,7,9.7,8.9,9.3,8.2,8.2,7.3,8.3,10.9,11.9,11.3,#,9.8,6,6,7.4,7.6,8.9,13.2,15.1,14,11.5,10.6,
楠梓,2024/06/21 00:00:00,NOx,8.6,8.3,17.5,13.4,12.1,17.7,20.8,16.6,15.1,15.9,16.1,14.6,#,12.7,8.2,7.8,9.7,9.1,9.1,13.6,16.2,14.7,11.7,10.4,
楠梓,2024/06/21 00:00:00,O3,4.9,4.7,0.9,1.4,2,1.4,1.6,6,10.5,13.4,21.4,#,#,21.5,17.8,18.7,18.1,14.5,13.5,7.8,3.4,6,11.2,9.8,
楠梓,2024/06/21 00:00:00,PM10,6,12,15,11,13,17,20,28,20,29,37,#,35,30,31,19,28,22,11,16,13,19,16,19,
楠梓,2024/06/21 00:00:00,PM2.5,2,4,2,6,7,6,6,5,8,11,10,17,#,8,8,6,4,11,8,6,3,4,7,6,
楠梓,2024/06/21 00:00:00,RAINFALL,0,0,0,0,0,0,0,0,0,0,0,0,0,#,#,0,0,0,0,0,0,0,0,0,
楠梓,2024/06/21 00:00:00,RH,80,81,82,82,80,79,81,70,66,64,58,55,54,55,56,59,60,66,70,71,72,73,74,75,
楠梓,2024/06/21 00:00:00,SO2,1.5,1,6.2,3,1.7,3.4,1.1,3.1,3.4,2.5,2.7,4,#,2.5,0.5,0.3,0.1,#,0.6,1.1,2.6,2,1.7,1.9,
楠梓,2024/06/21 00:00:00,THC,2.03,2.06,2.26,2.27,2.28,2.14,2.06,2.11,2.08,2.04,2.03,#,#,1.94,1.9,1.9,1.93,1.91,1.92,1.96,1.95,1.96,1.92,1.93,
楠梓,2024/06/21 00:00:00,WD_HR,154,151,96,155,159,84,68,164,145,193,183,191,187,217,223,225,225,222,217,206,206,202,198,198,
楠梓,2024/06/21 00:00:00,WIND_DIREC,161,94,95,154,147,78,73,169,90,196,179,195,178,232,232,216,225,226,220,201,224,203,204,189,
楠梓,2024/06/21 00:00:00,WIND_SPEED,1.4,0.9,0.9,1.8,1.2,0.6,0.2,2.5,1.2,2.3,2.9,3,1.7,3.2,2.9,3.3,2.4,2,2.5,2.7,1.9,1.6,1.4,2,
楠梓,2024/06/21 00:00:00,WS_HR,2.3,1.4,0.8,0.8,1.6,0.6,0.2,1,1.4,1.8,2.1,2.5,2.1,2.6,2.9,2.3,2.5,2.1,2.2,2.4,2.1,1.5,1.9,1.6,
楠梓,2024/06/22 00:00:00,AMB_TEMP,31.2,30.8,30.5,29.9,30.1,30.3,31.2,32.2,33.6,34.3,35,36,36.6,36.6,36.4,35.9,35,33.7,32.9,32.1,32,31.8,31.5,31.5,
楠梓,2024/06/22 00:00:00,CH4,1.9,1.91,1.94,2.05,1.96,1.93,1.92,1.9,1.9,1.9,1.91,1.9,1.91,1.92,1.91,1.9,1.91,1.91,1.93,1.93,1.92,1.92,1.93,1.9,
楠梓,2024/06/22 00:00:00,CO,0.19,0.15,0.11,0.11,0.14,0.16,0.15,0.13,0.14,0.19,0.34,0.29,0.26,0.37,0.31,0.14,0.18,0.26,0.42,0.29,0.41,0.26,0.21,0.11,
楠梓,2024/06/22 00:00:00,NMHC,0.05,0.12,0.1,0.13,0.32,0.21,0.1,0.03,0.03,0.06,0.11,0.08,0.05,0.07,0.08,0.06,0.06,0.11,0.11,0.13,0.1,0.14,0.09,0.01,
楠梓,2024/06/22 00:00:00,NO,0.2,1.1,1,1.6,1,1.9,3.7,3.4,3.7,3.6,4,3.9,3.5,3.3,3.1,2,2.5,2.2,1.4,0.7,1,0.9,0.6,0.5,
楠梓,2024/06/22 00:00:00,NO2,12.2,9.6,8.6,9.2,8.7,9.6,8.3,5.4,5.1,6.2,7.9,7.8,6.9,7.8,8,5.8,7.5,9.1,13,11.1,13.5,12.6,10.9,9,
楠梓,2024/06/22 00:00:00,NOx,12.4,10.8,9.6,10.8,9.7,11.5,12.1,8.9,8.9,9.9,11.9,11.7,10.5,11.1,11.1,7.9,10,11.3,14.4,11.8,14.5,13.5,11.5,9.6,
楠梓,2024/06/22 00:00:00,O3,6.9,6.7,7.3,6.1,6.7,5.2,7.2,9.8,10.6,14,18,18.3,20.1,23,21.7,21.5,18.7,19.2,15.5,16,10.1,10.2,11,13.6,
楠梓,2024/06/22 00:00:00,PM10,12,12,12,20,11,14,18,6,21,21,40,35,49,55,34,20,21,21,25,20,22,18,14,16,
楠梓,2024/06/22 00:00:00,PM2.5,9,7,8,5,3,2,7,5,5,6,5,6,8,12,8,7,8,7,9,8,8,6,7,7,
楠梓,2024/06/22 00:00:00,RAINFALL,0,0,0,0,0,0,0,0,0,0,0,0,0,0,0,0,0,0,0,0,0,0,0,0,
楠梓,2024/06/22 00:00:00,RH,75,78,79,83,82,82,78,73,67,64,62,57,53,55,55,55,60,66,72,76,77,80,81,81,
楠梓,2024/06/22 00:00:00,SO2,3,2,1.3,1,1.4,1.2,1.9,1.2,1.3,0.9,3.1,2.9,2.4,3.5,3.4,1.1,1.8,2,2.8,0.7,3.4,1.6,1.4,0.4,
楠梓,2024/06/22 00:00:00,THC,1.95,2.03,2.04,2.18,2.28,2.14,2.02,1.93,1.93,1.96,2.02,1.98,1.96,1.99,1.99,1.96,1.97,2.02,2.04,2.06,2.02,2.06,2.02,1.91,
楠梓,2024/06/22 00:00:00,WD_HR,172,155,152,153,156,154,157,159,168,178,196,186,191,189,199,199,199,198,174,161,181,167,163,194,
楠梓,2024/06/22 00:00:00,WIND_DIREC,168,152,141,153,151,155,160,158,146,202,191,188,207,177,201,213,187,194,152,190,160,190,187,203,
楠梓,2024/06/22 00:00:00,WIND_SPEED,1.4,2.1,1.4,2.2,2.8,2.8,3.5,3.2,2.2,4,3.8,3.8,4.6,4,4.1,3.5,2.9,2.7,3.5,3.1,2.6,1.7,1.5,2.1,
楠梓,2024/06/22 00:00:00,WS_HR,1.7,1.8,2.4,1.4,2.1,2.3,2.6,3.1,2.3,3.1,3.6,3.3,3.9,3.5,3.9,3.5,3,2.9,2.2,2.4,2.5,1.8,1.7,1.8,
楠梓,2024/06/23 00:00:00,AMB_TEMP,31.4,31.1,30.5,30.5,30.4,30.2,31,31.9,32.8,34.7,35.2,36,35.8,35.9,35.3,33.9,34.1,33.1,32.3,31.9,31.6,30.9,30.7,30.1,
楠梓,2024/06/23 00:00:00,CH4,1.91,1.92,2.03,2,2.04,2.08,2.04,1.96,1.93,1.92,1.91,1.9,1.88,1.88,1.88,1.89,1.89,1.88,1.89,1.9,1.9,2,2.03,2.03,
楠梓,2024/06/23 00:00:00,CO,0.1,0.12,0.11,0.14,0.13,0.18,0.15,0.15,0.2,0.22,0.16,0.12,0.09,0.09,0.08,0.09,0.11,0.1,0.12,0.16,0.17,0.25,0.27,0.26,
楠梓,2024/06/23 00:00:00,NMHC,0,0.02,0.13,0.12,0.12,0.11,0.14,0.04,0.06,0.04,0.01,0,0,0,0,0,0,0,0,0,0.01,0.08,0.06,0.05,
楠梓,2024/06/23 00:00:00,NO,0.5,0,0.6,0,0.1,2.5,2.5,3.6,2.2,1.5,1.6,1,0.2,0.4,0.4,0.5,0.9,0.3,0,0,0,0.4,0.5,1,
楠梓,2024/06/23 00:00:00,NO2,7.5,9.5,11.9,8,8.8,16.2,11.1,9.2,7.9,7.9,7.2,5.6,3.5,3.3,2.9,3.6,4.6,3.9,3.9,5.5,6.1,11.7,13.2,13.9,
楠梓,2024/06/23 00:00:00,NOx,8.1,9.5,12.5,8.1,9,18.7,13.6,12.9,10.1,9.5,8.8,6.7,3.8,3.8,3.4,4.1,5.6,4.2,4,5.4,5.8,12.1,13.8,14.9,
楠梓,2024/06/23 00:00:00,O3,17.4,15,9.8,15.5,14,6.3,12.6,14.6,18.7,25.7,26.2,29,26.4,24.5,21.5,22,22,22.8,21.7,19.1,18.7,9.2,6.8,5.4,
楠梓,2024/06/23 00:00:00,PM10,15,16,17,18,19,21,26,22,25,22,19,18,10,15,14,13,16,11,12,10,11,22,18,23,
楠梓,2024/06/23 00:00:00,PM2.5,6,6,8,11,11,14,13,11,8,7,5,5,4,4,4,3,5,5,7,7,6,6,7,12,
楠梓,2024/06/23 00:00:00,RAINFALL,0,0,0,0,0,0,0,0,0,0,0,0,0,0,0,0,0,0,0,0,0,0,0,0,
楠梓,2024/06/23 00:00:00,RH,76,78,85,84,83,83,81,77,70,59,55,54,57,57,56,61,61,64,66,71,72,75,76,79,
楠梓,2024/06/23 00:00:00,SO2,0.2,2.1,4.5,1.7,4.9,6.6,3.9,6.3,3,2.6,2,0.9,0.5,0.3,0.3,0.3,0.4,0.3,0.2,0.3,0.4,0.5,0.8,0.7,
楠梓,2024/06/23 00:00:00,THC,1.91,1.94,2.16,2.12,2.16,2.19,2.18,2,1.99,1.96,1.92,1.9,1.86,1.87,1.86,1.87,1.89,1.86,1.87,1.89,1.91,2.08,2.09,2.08,
楠梓,2024/06/23 00:00:00,WD_HR,198,173,112,153,142,102,160,105,188,190,183,221,227,217,223,215,208,221,233,221,220,71,61,69,
楠梓,2024/06/23 00:00:00,WIND_DIREC,197,92,160,158,118,88,165,150,154,200,209,220,216,220,221,203,206,247,228,225,240,69,74,81,
楠梓,2024/06/23 00:00:00,WIND_SPEED,2.5,1,1.4,1.4,0.6,0.5,2.8,1.6,2.3,2.5,2.6,3.6,3.9,3.5,2.7,3.2,2.9,1.5,1.3,1.5,0.7,0.3,0.5,1.2,
楠梓,2024/06/23 00:00:00,WS_HR,2.1,0.9,0.7,1.3,0.6,0.6,1.3,1.3,1.3,1.7,2.1,2.9,2.8,2.7,3,3,2.9,2.2,1.1,1,0.9,0.6,0.6,1,
楠梓,2024/06/24 00:00:00,AMB_TEMP,29.8,29.9,30,29.2,29.1,29,30,31.5,33.4,34.2,35.2,35.7,36.2,36.1,35.9,35.4,34.5,33.3,32.2,31.8,31.6,31.5,31.3,31,
楠梓,2024/06/24 00:00:00,CH4,2.13,2.2,2.12,2.2,2.19,2.11,2.05,2.04,2.04,1.96,1.93,1.92,1.92,1.91,1.9,1.9,1.9,1.9,1.9,1.9,1.91,1.94,1.96,2.01,
楠梓,2024/06/24 00:00:00,CO,0.22,0.15,0.13,0.13,0.15,0.16,0.19,0.28,0.28,0.25,0.32,0.26,0.26,0.11,0.11,0.11,0.13,0.16,0.15,0.17,0.16,0.21,0.16,0.14,
楠梓,2024/06/24 00:00:00,NMHC,0.05,0.14,0.13,0.07,0.15,0.08,0.05,0.09,0.07,0.07,0.07,0.1,0.27,0.09,0.1,0.01,0.02,0,0,0,0,0.15,0.07,0.07,
楠梓,2024/06/24 00:00:00,NO,0.6,4.8,5.9,2.4,2.6,4.8,8.1,10,7.1,3.7,3.4,3.6,3.5,2.8,2.8,2.7,3.1,2.2,1.6,1.2,1.3,1.2,2.2,5.4,
楠梓,2024/06/24 00:00:00,NO2,11.3,15.1,15.4,10.1,10.4,12.2,10.7,12.8,12.1,9.9,11.9,9.8,9.3,6.7,5.2,5.1,5.8,5.8,6,6.9,6.1,12.5,13.2,13.7,
楠梓,2024/06/24 00:00:00,NOx,11.9,19.9,21.3,12.5,13.1,17.1,18.9,22.8,19.2,13.6,15.4,13.4,12.8,9.5,8.1,7.9,8.9,8.1,7.7,8.2,7.4,13.8,15.4,19.1,
楠梓,2024/06/24 00:00:00,O3,6.4,3,3.1,6.4,3.5,4.4,5.9,9.5,21.4,29.8,32.1,30,29.3,22.2,21,22,19.6,18.2,16.3,14.4,19.8,12.9,9.9,5.3,
楠梓,2024/06/24 00:00:00,PM10,16,20,26,17,15,17,23,27,28,31,43,24,30,24,22,22,24,18,10,10,19,18,14,17,
楠梓,2024/06/24 00:00:00,PM2.5,8,6,6,6,12,7,6,5,11,13,19,12,12,6,5,4,9,8,7,5,6,12,8,12,
楠梓,2024/06/24 00:00:00,RAINFALL,0,0,0,0,0,0,0,0,0,0,0,0,0,0,0,0,0,0,0,0,0,0,0,0,
楠梓,2024/06/24 00:00:00,RH,82,83,83,84,83,83,79,72,66,62,58,56,55,53,55,58,59,65,73,76,74,73,79,83,
楠梓,2024/06/24 00:00:00,SO2,0.9,7.4,9.8,2.5,1.9,4.6,3.6,5.6,5.6,3.5,3.5,2.9,4.1,1.5,1.1,1.1,1.1,1,0.8,1,0.8,1.5,3.5,8.8,
楠梓,2024/06/24 00:00:00,THC,2.18,2.34,2.25,2.27,2.34,2.19,2.1,2.13,2.11,2.03,2,2.02,2.19,2,2,1.91,1.92,1.9,1.88,1.9,1.9,2.09,2.03,2.08,
楠梓,2024/06/24 00:00:00,WD_HR,71,80,100,88,84,76,85,99,130,190,195,194,195,223,222,219,220,224,234,211,220,163,132,102,
楠梓,2024/06/24 00:00:00,WIND_DIREC,51,93,99,96,105,67,97,115,164,204,160,204,182,238,231,215,228,228,246,223,203,142,86,110,
楠梓,2024/06/24 00:00:00,WIND_SPEED,1,0.7,1.1,0.6,0.2,0.9,1.3,1.3,1.3,2.8,2.6,3.4,3.1,3.1,3.5,4.2,2.4,2.8,1.3,2.2,1.9,0.9,0.9,1.1,
楠梓,2024/06/24 00:00:00,WS_HR,0.8,0.4,0.5,0.7,0.2,0.7,0.8,1.1,0.9,1.6,2.6,2.6,3,3.1,2.8,3.2,3.2,2.5,1.8,1.8,1.4,0.6,0.7,0.7,
楠梓,2024/06/25 00:00:00,AMB_TEMP,30.6,30.7,29.9,29.3,29.4,29.9,30.5,32,33.9,35.5,35.9,37,36.9,37.1,36.7,36.3,34.7,33.4,32.9,32.4,31.4,#,30,#,
楠梓,2024/06/25 00:00:00,CH4,2.04,2,2.11,2.16,2.13,2.03,2.02,1.99,1.96,1.94,1.94,1.94,1.93,1.93,1.93,1.93,1.93,1.93,1.94,1.96,1.96,#,1.95,#,
楠梓,2024/06/25 00:00:00,CO,0.14,0.13,0.13,0.12,0.14,0.14,0.16,0.21,0.27,0.34,0.34,0.32,0.32,0.27,0.25,0.24,0.33,0.34,0.41,0.41,0.19,#,0.13,#,
楠梓,2024/06/25 00:00:00,NMHC,0.12,0.14,0.04,0,0.03,0.04,0.08,0.06,0.08,0.12,0.16,0.19,0.16,0.25,0.15,0.12,0.13,0.15,0.14,0.12,0.05,#,0,#,
楠梓,2024/06/25 00:00:00,NO,4,0.3,0.4,0.8,2.6,3.7,5.2,3.8,5.6,5.8,5,4.5,4,2.7,3.7,4.1,4,3.2,2.3,1.6,0.7,#,#,#,
楠梓,2024/06/25 00:00:00,NO2,12.2,8.8,10.3,7.3,11.2,12.6,10.7,6.9,9.7,9.9,10.6,10.7,10.1,8.7,8.6,8.1,8.9,11.1,12.5,15.4,10.1,#,#,#,
楠梓,2024/06/25 00:00:00,NOx,16.2,9.1,10.7,8.2,13.8,16.4,15.9,10.8,15.3,15.7,15.6,15.2,14.1,11.4,12.3,12.3,13,14.3,14.9,17,10.8,#,#,#,
楠梓,2024/06/25 00:00:00,O3,5.9,10.7,6.5,6.1,3.9,5.3,7.8,12.3,13.9,17,19.8,22.3,23.2,23.1,18.4,15.8,12,9,6.2,3.9,11.8,#,#,#,
楠梓,2024/06/25 00:00:00,PM10,16,19,23,20,13,15,21,18,22,32,42,43,27,28,37,63,68,37,24,23,21,16,15,15,
楠梓,2024/06/25 00:00:00,PM2.5,14,9,8,6,6,11,10,7,9,9,6,4,5,10,8,9,9,8,8,10,9,8,6,6,
楠梓,2024/06/25 00:00:00,RAINFALL,0,0,0,0,0,0,0,0,0,0,0,0,0,0,0,0,0,0,0,0,0,#,0,#,
楠梓,2024/06/25 00:00:00,RH,84,83,85,86,85,83,80,71,60,53,52,48,48,47,48,48,54,59,61,65,71,#,74,#,
楠梓,2024/06/25 00:00:00,SO2,7.9,1.3,1.5,0,0.6,4.7,2.8,2.1,1.6,2.4,2.8,#,4.2,#,3.1,2.8,3,2.6,3.3,3.7,0.6,#,#,#,
楠梓,2024/06/25 00:00:00,THC,2.16,2.14,2.15,2.14,2.16,2.07,2.1,2.05,2.04,2.06,2.1,2.13,2.09,2.18,2.08,2.05,2.06,2.08,2.08,2.08,2.01,#,1.93,#,
楠梓,2024/06/25 00:00:00,WD_HR,125,159,60,72,77,100,142,162,163,191,180,201,208,206,195,193,199,196,193,90,48,#,36,#,
楠梓,2024/06/25 00:00:00,WIND_DIREC,203,120,57,54,97,87,180,172,158,183,187,209,202,204,197,185,196,195,186,49,39,47,43,42,
楠梓,2024/06/25 00:00:00,WIND_SPEED,1.2,0.3,1.7,0.2,0.8,0.8,1.3,2.9,3.4,2.6,2.4,4,3.8,3.7,3.3,3.5,4.3,3.6,2.1,2.2,1.2,2.1,2.2,1,
楠梓,2024/06/25 00:00:00,WS_HR,0.2,1.1,0.8,0.8,0.6,0.6,0.6,2,2.2,2.2,2.3,2.7,3.2,3.5,3.4,3.7,4.1,3.8,3.1,0.4,1.8,#,1.5,#,
楠梓,2024/06/26 00:00:00,AMB_TEMP,29.8,29.6,29.9,29.5,28.8,28.7,29.5,31.4,32.7,34,35,35.3,35.5,35.5,35.6,35.1,33.2,32.6,31.3,30.4,29.7,29.5,29.4,29.4,
楠梓,2024/06/26 00:00:00,CH4,1.95,1.96,1.96,2.01,2.15,2.19,2.07,2,1.96,1.93,1.96,1.98,1.96,1.94,1.92,1.91,1.91,1.93,1.96,1.96,1.96,1.95,1.95,1.97,
楠梓,2024/06/26 00:00:00,CO,0.12,0.1,0.09,0.11,0.15,0.17,0.2,0.29,0.17,0.15,0.15,0.18,0.18,0.15,0.14,0.11,0.12,0.15,0.16,0.16,0.15,0.14,0.14,0.12,
楠梓,2024/06/26 00:00:00,NMHC,0.06,0.06,0.01,0.07,0.05,0.04,0.05,0.05,0,0,0.04,0.02,0,0,0,0.05,0,0,0,0,0.01,0.03,0.01,0,
楠梓,2024/06/26 00:00:00,NO,0,0,0.4,1.1,1.7,2.5,5.5,6.8,3.1,1.6,1.1,0.8,0.8,0.7,1.2,1.1,0.9,1,0.7,0.5,0.5,0.3,0.2,0.6,
楠梓,2024/06/26 00:00:00,NO2,6.1,5.9,5.4,8.4,10,11.1,11.1,10.9,6.5,6.2,5.9,6.3,6.2,4.9,6,5.3,5.4,5.9,6.9,8.5,7.5,6.2,6,5.3,
楠梓,2024/06/26 00:00:00,NOx,6.2,5.9,5.8,9.6,11.8,13.6,16.7,17.7,9.6,7.9,7.1,7.1,7,5.7,7.2,6.4,6.3,7,7.6,9,8.1,6.6,6.2,5.9,
楠梓,2024/06/26 00:00:00,O3,14,13.2,11.8,7.1,6.3,4.8,7.6,13.1,23.2,33.6,47.4,60.5,67.2,57.2,45.1,32.1,21.7,20.8,32.3,33.8,29.9,27,27.1,26.9,
楠梓,2024/06/26 00:00:00,PM10,21,12,17,21,24,28,34,30,22,24,31,42,31,30,33,34,24,21,28,15,16,14,17,16,
楠梓,2024/06/26 00:00:00,PM2.5,3,2,5,5,5,13,12,16,7,8,9,12,10,10,11,7,8,8,7,7,6,5,5,5,
楠梓,2024/06/26 00:00:00,RAINFALL,0,0,0,0,0,0,0,0,0,0,0,0,0,0,0,0,0,0,0,0,0,0,0,0,
楠梓,2024/06/26 00:00:00,RH,77,77,77,80,83,84,80,72,64,57,54,56,55,54,55,57,65,69,74,73,75,75,77,78,
楠梓,2024/06/26 00:00:00,SO2,0.2,0,0,0,0,0,0.5,1,0.6,#,0.6,1,2.3,0.7,0.9,0.3,0.5,0.8,1,0.4,0,0.3,0.6,0.6,
楠梓,2024/06/26 00:00:00,THC,2.01,2.02,1.97,2.08,2.2,2.23,2.12,2.05,1.96,1.93,2,2,1.95,1.93,1.91,1.96,1.9,1.92,1.96,1.96,1.97,1.98,1.96,1.97,
楠梓,2024/06/26 00:00:00,WD_HR,55,49,56,67,67,76,58,77,40,63,276,271,264,261,266,280,327,355,35,50,46,56,64,31,
楠梓,2024/06/26 00:00:00,WIND_DIREC,52,70,73,66,83,71,64,97,69,282,214,260,234,253,247,316,337,343,51,55,26,57,34,36,
楠梓,2024/06/26 00:00:00,WIND_SPEED,1.4,0.2,0.2,1.2,1.1,0.8,0.2,1.5,1.1,1,1.6,2.5,2.4,2.5,2.3,2.4,1.9,1.8,3.2,2.4,2.4,2.3,0.5,0.2,
楠梓,2024/06/26 00:00:00,WS_HR,1.3,0.8,0.1,0.3,1.4,0.9,0.3,0.4,0.7,0.8,0.6,1.5,2.1,2.1,2.1,1.7,2.1,1.3,2.7,2.2,2.1,2.2,1.2,0.3,
楠梓,2024/06/27 00:00:00,AMB_TEMP,29.4,29.4,29,28.5,28.9,28.3,29.4,30.9,32.2,32.7,34.2,35.1,35.5,35.4,35.2,34.9,33.4,32.8,30.3,29.6,29.8,29.4,29.5,28.9,
楠梓,2024/06/27 00:00:00,CH4,1.98,1.98,2.06,2.08,2.08,2.2,2.15,2.02,2.01,2.01,1.99,1.97,1.97,1.95,1.95,1.96,1.96,1.96,1.96,1.98,1.98,2.02,2.1,2,
楠梓,2024/06/27 00:00:00,CO,0.14,0.22,0.18,0.15,0.16,0.2,0.27,0.27,0.29,0.21,0.21,0.19,0.18,0.17,0.17,0.17,0.18,0.21,0.2,0.18,0.21,0.23,0.23,0.15,
楠梓,2024/06/27 00:00:00,NMHC,0.03,0.03,0.05,0.02,0.1,0.05,0.07,0.08,0.12,0.07,0.06,0.11,0.03,0.02,0,0.02,0.03,0.12,0.03,0.03,0.05,0.12,0.07,0.02,
楠梓,2024/06/27 00:00:00,NO,0.4,0.8,0.6,1,0.8,3,6.8,4.1,2.4,1.8,1.3,1.1,1,1.2,1.1,1.1,1.1,1.3,1.1,1,1.1,1,1.3,1,
楠梓,2024/06/27 00:00:00,NO2,7.2,6.4,7.4,8.3,7.8,11.8,13.8,9.5,8.4,7.3,6.2,5.2,4.6,4.1,4.3,4.4,5.5,8.9,9.7,8.2,8.9,11.2,15.1,11,
楠梓,2024/06/27 00:00:00,NOx,7.6,7.2,8.1,9.3,8.7,14.8,20.6,13.6,10.8,9.2,7.5,6.3,5.7,5.4,5.5,5.6,6.6,10.2,10.8,9.3,10,12.2,16.4,12.1,
楠梓,2024/06/27 00:00:00,O3,23.4,24.3,18.9,11.8,13.6,5.5,8.6,22.4,33.2,41.2,52.5,55.3,60.1,60.2,57.5,60.7,54.5,42.9,34.4,32.3,28.9,21,16.4,20.5,
楠梓,2024/06/27 00:00:00,PM10,21,24,20,14,23,22,20,28,27,31,42,#,27,32,25,39,26,37,22,17,11,24,22,40,
楠梓,2024/06/27 00:00:00,PM2.5,7,10,7,13,12,11,11,15,18,13,#,12,12,13,9,11,15,8,6,9,8,11,10,10,
楠梓,2024/06/27 00:00:00,RAINFALL,0,0,0,0,0,0,0,0,0,0,0,0,0,0,0,0,0,0,0,0,0,0,0,0,
楠梓,2024/06/27 00:00:00,RH,80,80,82,85,84,85,82,76,72,68,61,57,57,57,57,58,62,64,67,68,68,71,73,75,
楠梓,2024/06/27 00:00:00,SO2,1.5,1,0.8,0.4,0.3,0.4,0.8,1.2,1.3,1.2,1.5,1.5,1.4,1.1,0.9,1,0.9,0.7,0.7,0.2,0.3,0.3,0.6,0.2,
楠梓,2024/06/27 00:00:00,THC,2.01,2.01,2.11,2.1,2.18,2.25,2.22,2.1,2.13,2.08,2.05,2.08,2,1.97,1.95,1.98,1.99,2.08,1.99,2.01,2.03,2.14,2.17,2.02,
楠梓,2024/06/27 00:00:00,WD_HR,352,330,55,72,51,79,64,333,319,285,285,273,266,266,271,272,301,32,47,39,45,52,57,47,
楠梓,2024/06/27 00:00:00,WIND_DIREC,72,336,74,69,348,68,46,336,25,275,301,258,276,232,277,279,2,72,38,22,53,74,37,66,
楠梓,2024/06/27 00:00:00,WIND_SPEED,0.2,0.2,0.2,0.2,0.2,0.2,0.2,0.2,1,1.6,2.1,1.7,3,2.9,2.7,2.4,1.6,2.9,2.1,1.1,1,0.2,0.2,0.2,
楠梓,2024/06/27 00:00:00,WS_HR,0.1,0.1,0.1,0.2,0,0.4,0.5,0.1,0.7,1.3,1.6,1.6,1.8,2.3,2.2,2,0.9,1.3,2.5,1.6,0.5,0.5,0.2,1.1,
楠梓,2024/06/28 00:00:00,AMB_TEMP,28.9,29.3,29.3,28.7,28.3,28.1,28.9,30.8,33.2,34.4,35.5,36,36.1,36.3,36.3,35.4,34,33.2,32.7,32.1,31.8,31.7,31.4,30.8,
楠梓,2024/06/28 00:00:00,CH4,2.02,1.99,2.09,2.29,2.05,2.04,2.04,2.03,1.96,1.97,1.93,1.89,1.9,1.91,1.91,1.9,1.9,1.9,1.9,1.9,1.91,1.9,1.92,1.99,
楠梓,2024/06/28 00:00:00,CO,0.14,0.13,0.15,0.18,0.14,0.17,0.25,0.35,0.22,0.19,0.17,0.17,0.18,0.28,0.31,0.2,0.22,0.4,0.21,0.17,0.19,0.19,0.17,0.12,
楠梓,2024/06/28 00:00:00,NMHC,0.15,0.17,0.07,0.11,0.01,0.02,0.05,0.09,0.1,0.1,0.08,0.05,0.05,0.07,0.1,0.07,0.05,0.08,0.05,0.07,0.15,0.08,0.1,0.12,
楠梓,2024/06/28 00:00:00,NO,1,0.5,0.6,1.6,0.8,1.7,5.4,8.1,5.1,3.2,3.1,2.8,2.5,3.2,4,3.9,3.7,2.3,1.5,0.6,0.6,0.5,1.3,1,
楠梓,2024/06/28 00:00:00,NO2,8.4,9.5,9.5,14,10.8,11.6,13.6,16.3,11.7,10.1,10.6,6.6,6.6,7.5,8.7,8.5,8.7,10.3,10.8,7.9,9.1,10,11.6,8.8,
楠梓,2024/06/28 00:00:00,NOx,9.5,10,10.1,15.6,11.6,13.3,19.1,24.5,16.9,13.4,13.8,9.4,9.2,10.8,12.7,12.4,12.4,12.6,12.3,8.5,9.7,10.6,13,9.8,
楠梓,2024/06/28 00:00:00,O3,19.9,19.1,12.6,6.4,14.3,7.1,8.2,13.2,21.4,31.1,25.3,29.3,#,22.4,22.3,21.2,18.6,17.7,17.8,19.5,13.7,12.6,11.5,13.2,
楠梓,2024/06/28 00:00:00,PM10,20,18,21,24,15,20,25,29,28,35,52,60,51,66,71,43,35,37,25,22,20,17,18,15,
楠梓,2024/06/28 00:00:00,PM2.5,6,7,7,8,6,7,7,11,10,11,8,7,8,7,8,6,8,11,8,7,7,7,6,8,
楠梓,2024/06/28 00:00:00,RAINFALL,0,0,0,0,0,0,0,0,0,0,0,0,0,0,0,0,0,0,0,0,0,0,0,0,
楠梓,2024/06/28 00:00:00,RH,75,73,74,79,79,80,77,70,59,55,51,50,50,51,51,56,64,69,71,73,72,72,76,82,
楠梓,2024/06/28 00:00:00,SO2,0.3,0,0,0,0,0,0.1,1.5,2.3,2.5,1.8,0.2,0.7,2.5,3.2,1.6,1.4,2,0.7,0.1,0.2,0.1,2,2.2,
楠梓,2024/06/28 00:00:00,THC,2.17,2.16,2.16,2.4,2.06,2.06,2.09,2.12,2.06,2.07,2.01,1.94,1.95,1.98,2.01,1.97,1.95,1.98,1.95,1.97,2.06,1.98,2.02,2.11,
楠梓,2024/06/28 00:00:00,WD_HR,52,65,84,80,86,67,64,112,154,131,160,175,180,183,196,198,189,184,194,205,202,196,139,149,
楠梓,2024/06/28 00:00:00,WIND_DIREC,53,331,95,71,85,65,73,161,166,98,167,154,176,201,202,206,197,167,199,212,201,176,157,158,
楠梓,2024/06/28 00:00:00,WIND_SPEED,0.6,0.2,0.2,1,0.3,1.9,0.3,2.4,2,2.1,3.7,4.5,4.9,4,4,4.5,3.8,3.3,3,2.7,2.2,1.9,1.4,2,
楠梓,2024/06/28 00:00:00,WS_HR,0.6,0.2,0.2,0.4,0.6,1.5,0.9,0.8,1.1,1.3,2.5,3.2,4.3,3.6,3.8,3.9,3.2,2.7,2.6,2.9,1.6,1.9,0.7,1.1,
楠梓,2024/06/29 00:00:00,AMB_TEMP,30.6,30.5,30.2,30,28.9,29.2,29.9,31.2,32.6,34.2,34.8,#,33.6,33.9,33.1,33.4,33.9,28.9,27.3,27.5,27.4,27.5,27.8,28.2,
楠梓,2024/06/29 00:00:00,CH4,2.01,2.05,2.06,2.08,2.12,2.11,2.1,2.06,1.94,1.92,1.91,#,x,1.91,1.92,1.91,1.89,1.9,1.97,1.94,2.01,2,2.02,2.02,
楠梓,2024/06/29 00:00:00,CO,0.13,0.11,0.11,0.1,0.12,0.14,0.19,0.21,0.25,0.29,0.22,#,0.07,0.23,0.21,0.18,0.21,0.19,0.22,0.21,0.16,0.15,0.19,0.2,
楠梓,2024/06/29 00:00:00,NMHC,0.16,0.14,0.08,0.03,0.04,0.06,0.07,0.06,0.05,0.04,0.02,#,x,0.01,0.02,0.03,0.01,0.08,0.03,0,0,0,0,0,
楠梓,2024/06/29 00:00:00,NO,0.5,0.4,1,1.4,1,1.6,4.2,6.9,2.9,3,1.9,#,A,2.3,2.3,1.3,2.2,0.8,2.3,1.9,0.9,1,1.5,2,
楠梓,2024/06/29 00:00:00,NO2,8.2,8.3,11.2,12.1,8.7,11.1,13.2,12.9,7.6,8,6.5,#,A,6.2,7.6,9.2,6.7,6.4,11.6,10.1,7.3,7.1,9.8,10.4,
楠梓,2024/06/29 00:00:00,NOx,8.7,8.7,12.3,13.5,9.8,12.8,17.4,19.8,10.5,11.1,8.5,#,A,8.6,9.9,10.6,8.9,7.2,13.9,12.1,8.3,8.2,11.4,12.4,
楠梓,2024/06/29 00:00:00,O3,13.2,14,9,10.1,11.6,9.5,9.1,13.4,21.2,23.7,25.6,#,15.7,22.4,22.7,22.8,18.3,16.4,8.4,7.8,10.2,9.2,5.7,4.9,
楠梓,2024/06/29 00:00:00,PM10,16,18,23,22,21,20,23,27,29,29,27,A,27,21,20,25,18,23,18,18,14,9,17,14,
楠梓,2024/06/29 00:00:00,PM2.5,6,6,9,9,6,14,10,13,12,9,8,A,4,4,3,4,A,8,7,5,5,5,3,2,
楠梓,2024/06/29 00:00:00,RAINFALL,0,0,0,0,0,0,0,0,0,0,0,0,0,0,0,0,0,9.5,1,0,0,0,0,0,
楠梓,2024/06/29 00:00:00,RH,83,82,82,80,83,83,82,77,71,58,55,#,59,57,63,61,59,83,91,89,88,87,86,85,
楠梓,2024/06/29 00:00:00,SO2,3.4,2.8,5.4,4.4,1.8,2.5,3.3,4.4,2.9,3.3,2.1,#,A,2.9,3.8,3.9,3.4,3,2.9,2.8,2.8,2.9,2.7,2.9,
楠梓,2024/06/29 00:00:00,THC,2.17,2.19,2.14,2.11,2.16,2.17,2.17,2.12,1.99,1.96,1.93,#,x,1.92,1.94,1.94,1.9,1.98,2,1.94,1.99,1.98,2.01,2.02,
楠梓,2024/06/29 00:00:00,WD_HR,148,148,103,95,83,93,93,105,180,178,194,#,186,173,176,191,196,250,95,86,87,85,81,85,
楠梓,2024/06/29 00:00:00,WIND_DIREC,150,155,73,94,89,94,86,151,165,183,201,#,169,172,168,191,223,90,103,108,92,82,75,92,
楠梓,2024/06/29 00:00:00,WIND_SPEED,1.8,1.6,0.4,2.3,1.1,1.7,1.3,1.9,2.3,2.6,3.5,#,3.9,4.5,2.6,3.1,2.8,0.4,0.9,1.1,0.2,0.2,0.2,0.2,
楠梓,2024/06/29 00:00:00,WS_HR,1.1,1.2,0.7,1.2,1.1,1.3,1.3,1.2,2.5,2.7,2.9,#,3.2,2.9,2,2.1,2.2,1,0.8,1.2,0.4,0.2,0.2,0.2,
楠梓,2024/06/30 00:00:00,AMB_TEMP,28,27.8,27.5,27.7,27.7,27.5,28.2,30.6,31.9,31.4,31.2,33.2,33.9,34.5,34.3,34.3,33.4,33,32,31.2,30.8,30.6,30.6,30.3,
楠梓,2024/06/30 00:00:00,CH4,2.01,2.08,2.07,2.07,2.11,2.16,2.03,1.97,1.93,1.97,1.91,1.89,1.88,1.88,1.88,1.88,1.88,1.89,1.89,1.89,1.89,1.89,1.89,1.98,
楠梓,2024/06/30 00:00:00,CO,0.19,0.16,0.15,0.17,0.17,0.22,0.19,0.22,0.18,0.27,0.15,0.09,0.08,0.07,0.07,0.08,0.08,0.1,0.12,0.14,0.15,0.14,0.12,0.19,
楠梓,2024/06/30 00:00:00,NMHC,0.01,0.01,0,0.07,0.11,0.03,0.01,0.04,0.06,0.06,0.03,0,0,0,0,0,0,0,0,0,0.04,0.02,0.04,0.12,
楠梓,2024/06/30 00:00:00,NO,2.1,1.6,1.6,1.4,1.9,7.6,6.1,5.2,3.9,2.2,2.1,1.2,0.4,0.4,0.4,0.6,0.9,1.3,0.7,0.2,0.2,0.2,0.4,1.1,
楠梓,2024/06/30 00:00:00,NO2,11,9.2,9,8.5,10.2,10.4,7.7,8,8.2,8.2,7,4.3,2.4,2.3,2.3,3,3.1,4.5,3.9,4.6,6.4,6.5,6.2,9.2,
楠梓,2024/06/30 00:00:00,NOx,13.2,10.8,10.7,9.9,12.2,18,13.9,13.2,12.2,10.4,9.2,5.6,2.9,2.8,2.8,3.7,4,5.9,4.7,4.8,6.6,6.7,6.7,10.4,
楠梓,2024/06/30 00:00:00,O3,3.8,4,3.7,3.5,2.8,0.8,5.4,10.2,18.7,18.6,21.3,23,21.3,18.9,18.7,19.4,15.9,13.9,14.6,14.9,11.9,12.3,13.2,7.2,
楠梓,2024/06/30 00:00:00,PM10,15,10,17,10,19,13,16,14,19,14,11,13,11,7,9,9,10,14,12,13,21,21,21,20,
楠梓,2024/06/30 00:00:00,PM2.5,2,1,6,4,5,5,9,6,5,5,4,7,6,5,4,3,3,7,4,2,4,5,6,6,
楠梓,2024/06/30 00:00:00,RAINFALL,0,0,0,0,0,0,0,0,0,0,0,0,0,0,0,0,0,0,0,0,0,0,0,0,
楠梓,2024/06/30 00:00:00,RH,86,86,86,85,85,85,83,77,74,76,79,71,64,59,60,60,62,62,67,74,79,81,83,83,
楠梓,2024/06/30 00:00:00,SO2,2.9,1.2,1.2,1.1,1.9,1.4,1.5,2.5,4.1,2.2,1.6,1.5,1.3,1,1,1.2,0.9,1,1.3,1.2,1.1,1.1,1.1,1.5,
楠梓,2024/06/30 00:00:00,THC,2.02,2.09,2.07,2.14,2.22,2.19,2.04,2.01,1.99,2.03,1.94,1.88,1.86,1.85,1.85,1.86,1.85,1.86,1.87,1.88,1.93,1.91,1.93,2.1,
楠梓,2024/06/30 00:00:00,WD_HR,89,84,80,82,85,87,85,113,179,189,203,238,243,254,271,267,265,269,225,226,205,207,201,152,
楠梓,2024/06/30 00:00:00,WIND_DIREC,92,72,88,81,71,93,65,162,219,231,198,213,246,245,294,268,272,233,234,214,211,208,212,152,
楠梓,2024/06/30 00:00:00,WIND_SPEED,0.2,0.2,0.2,0.2,0.2,0.5,0.2,1.1,1.7,1.7,1.9,1.8,2.1,2.4,1.9,2.4,1.9,1.3,1.4,1.5,1.5,1.6,1.3,1.6,
楠梓,2024/06/30 00:00:00,WS_HR,0.2,0.2,0.2,0.2,0.2,0.2,0.2,0.2,1.3,1.8,1.6,1.3,1.8,1.8,1.7,1.8,1.7,1.5,1,1.1,1.4,1.3,1.2,0.7,
楠梓,2024/07/01 00:00:00,AMB_TEMP,29.7,29.4,29.2,28.8,29,28.8,29.6,31,32.1,32.7,34.4,35.4,35.9,35.3,35.2,34.8,33.8,32.8,31.7,31.4,31.2,31,30.9,30.8,
楠梓,2024/07/01 00:00:00,CH4,2.07,2.12,2.07,2.14,2.18,2.12,2.1,1.99,1.99,1.93,1.89,1.89,1.9,1.89,1.88,1.88,1.88,1.88,1.87,1.87,1.88,1.89,1.88,1.89,
楠梓,2024/07/01 00:00:00,CO,0.19,0.16,0.13,0.16,0.21,0.22,0.28,0.28,0.31,0.2,0.12,0.11,0.11,0.1,0.1,0.1,0.1,0.13,0.12,0.11,0.11,0.13,0.1,0.1,
楠梓,2024/07/01 00:00:00,NMHC,0.11,0.06,0.03,0.06,0.29,0.15,0.07,0.1,0.29,0.04,0,0,0,0,0,0,0,0,0,0,0,0,0,0,
楠梓,2024/07/01 00:00:00,NO,2.1,0.9,0.8,1.2,2.4,4.5,9.8,7.5,6.3,3.6,2,1.7,1.9,1.6,1.7,1.3,1.1,1.1,0.7,0.4,0.4,0.3,0.5,0.3,
楠梓,2024/07/01 00:00:00,NO2,12.5,10.3,9.4,8.6,11.6,12.6,11.2,10.5,12.3,11.3,6.3,5.3,5,4.3,4.9,3.9,3.8,4.1,4,4.6,3.5,5.3,4.1,5.1,
楠梓,2024/07/01 00:00:00,NOx,14.7,11.2,10.2,9.8,14,17.1,21.1,18,18.7,14.9,8.4,7.1,7,6,6.7,5.2,4.9,5.2,4.8,5.1,4,5.6,4.6,5.5,
楠梓,2024/07/01 00:00:00,O3,3.8,5.2,6.1,5,2.4,2.4,4.2,8.5,14.1,17,22.2,20.9,22.3,21.6,19.9,20.9,19,17.5,16.6,20.2,17.9,15.5,16.8,16.4,
楠梓,2024/07/01 00:00:00,PM10,15,16,9,10,19,20,21,24,27,18,16,17,17,18,21,16,9,10,18,11,18,23,11,21,
楠梓,2024/07/01 00:00:00,PM2.5,6,7,5,4,6,5,4,11,9,7,8,6,6,5,5,5,4,5,9,6,2,7,8,5,
楠梓,2024/07/01 00:00:00,RAINFALL,0,0,0,0,0,0,0,0,0,0,0,0,0,0,0,0,0,0,0,0,0,0,0,0,
楠梓,2024/07/01 00:00:00,RH,85,85,85,86,85,85,83,77,74,70,59,53,50,56,57,58,63,71,78,79,80,80,81,79,
楠梓,2024/07/01 00:00:00,SO2,3.5,2.6,2.4,0.9,1.4,1.7,1.8,2.3,2.8,1.3,0.5,0.6,0.6,0.3,0.4,0.2,0.3,0.3,0.1,0.3,0.1,0,0.2,0.1,
楠梓,2024/07/01 00:00:00,THC,2.18,2.18,2.1,2.2,2.47,2.27,2.17,2.09,2.28,1.97,1.89,1.89,1.89,1.87,1.87,1.87,1.86,1.86,1.85,1.85,1.85,1.88,1.85,1.88,
楠梓,2024/07/01 00:00:00,WD_HR,82,74,74,61,88,80,70,102,183,214,222,225,227,220,220,216,234,237,236,241,216,211,225,215,
楠梓,2024/07/01 00:00:00,WIND_DIREC,66,82,74,60,83,85,64,85,217,213,219,217,227,216,241,215,238,254,261,250,208,225,211,215,
楠梓,2024/07/01 00:00:00,WIND_SPEED,1.2,0.3,0.6,0.3,0.6,0.3,0.5,1.1,1.6,2.1,3.4,2.6,2.2,3.1,2.1,2,2.7,1.3,0.6,0.4,0.9,0.2,1.5,2.1,
楠梓,2024/07/01 00:00:00,WS_HR,0.7,0.4,0.8,0.7,0.4,0.6,0.5,0.9,0.6,1.7,2.3,2.4,2.5,2.4,2.4,2.4,2.5,1.8,1.7,1.1,0.9,0.6,1.1,1.8,
楠梓,2024/07/02 00:00:00,AMB_TEMP,30.9,30.8,30.7,30.6,30.5,30.1,30.9,32,33.2,34.2,34.8,36.2,36.9,36.5,35.9,35.5,34.7,33.8,32.8,32.3,32.1,30.2,29.1,29.2,
楠梓,2024/07/02 00:00:00,CH4,1.9,1.9,1.9,1.9,1.89,2.01,2.01,1.95,1.92,1.91,1.92,1.92,#,1.9,#,1.9,1.9,1.91,1.91,1.91,1.92,1.96,1.97,2.01,
楠梓,2024/07/02 00:00:00,CO,0.1,0.08,0.07,0.08,0.08,0.12,0.15,0.2,0.26,0.28,0.3,0.28,0.22,0.1,#,0.11,0.11,0.16,0.2,0.24,0.33,0.17,0.14,0.16,
楠梓,2024/07/02 00:00:00,NMHC,0,0,0,0,0,0.03,0.18,0.08,0.06,0.06,0.09,0.12,#,0.07,#,0.04,0.02,0.04,0.04,0.09,0.08,0.07,0.07,0.04,
楠梓,2024/07/02 00:00:00,NO,0.3,0.3,0.4,0.5,0.4,1.8,6,7.8,4.1,4.4,3.9,3.5,3.9,3.1,#,#,3.8,3.7,2.7,2.1,2,1.8,1.3,4.1,
楠梓,2024/07/02 00:00:00,NO2,5.6,5.8,5.3,6.1,6.7,9.9,12.1,11.6,8.4,9.7,11.8,12.2,10.7,6.2,#,#,5.4,6.4,8.2,10.4,11.7,9.1,7.1,10,
楠梓,2024/07/02 00:00:00,NOx,5.9,6.1,5.8,6.6,7.1,11.7,18.1,19.5,12.5,14.2,15.7,15.7,14.6,9.3,#,#,9.3,10.1,11,12.6,13.7,10.9,8.4,14.2,
楠梓,2024/07/02 00:00:00,O3,11.7,17.2,13.9,13.4,13.5,6.7,8.1,11.2,19.5,21,#,30.4,25.2,#,#,13.7,11,10.4,7.4,5.2,3.4,6,6.8,4,
楠梓,2024/07/02 00:00:00,PM10,21,20,13,17,13,16,18,24,20,24,40,#,23,17,29,25,28,29,17,21,20,13,10,13,
楠梓,2024/07/02 00:00:00,PM2.5,6,5,6,6,4,8,8,7,9,6,#,8,6,4,7,5,2,7,6,11,7,6,3,2,
楠梓,2024/07/02 00:00:00,RAINFALL,0,0,0,0,0,0,0,0,0,0,0,0,0,0,#,0,0,0,0,0,0,0,0,0,
楠梓,2024/07/02 00:00:00,RH,78,78,77,77,76,81,80,73,67,62,57,52,47,48,55,55,58,59,64,68,71,78,82,83,
楠梓,2024/07/02 00:00:00,SO2,0.4,0.4,0.4,0.7,0.6,1.2,3.7,4.9,1.8,2.3,2,2.3,2.5,0.2,#,#,0.4,0.4,1.1,1.8,2.7,0.6,0.1,0.6,
楠梓,2024/07/02 00:00:00,THC,1.9,1.9,1.89,1.9,1.87,2.04,2.19,2.03,1.98,1.97,2.01,2.04,#,1.97,#,1.94,1.92,1.95,1.95,2,2,2.03,2.04,2.05,
楠梓,2024/07/02 00:00:00,WD_HR,203,201,199,196,194,133,146,145,162,174,207,198,210,210,207,212,222,210,205,198,190,60,51,61,
楠梓,2024/07/02 00:00:00,WIND_DIREC,195,196,214,188,189,104,147,171,135,225,207,165,229,213,186,220,218,222,200,185,163,53,74,63,
楠梓,2024/07/02 00:00:00,WIND_SPEED,2.2,2.4,2.4,1.9,2.1,0.8,1.8,2.2,0.9,2,2.1,1.7,3.1,3.9,3.3,3.8,3.8,2.9,3,1.1,1.5,2.2,0.8,0.2,
楠梓,2024/07/02 00:00:00,WS_HR,1.9,1.7,2.1,1.8,2.1,0.7,0.9,1.2,1.3,0.8,1.1,2,2.4,3.2,3.2,3.7,3.2,3.1,3.1,1.9,1.3,1.7,1.2,0.4,
楠梓,2024/07/03 00:00:00,AMB_TEMP,29.6,29.2,28.5,28.2,28,28.3,29,31.1,33.6,35.1,36.3,37.3,38.1,37.9,37.4,37.1,36,34.8,33.8,33,31.4,30.5,30,29.9,
楠梓,2024/07/03 00:00:00,CH4,2.05,2.06,1.97,1.98,2,1.98,2.01,1.97,1.99,1.95,1.98,1.96,1.92,1.92,1.91,1.91,1.9,1.91,1.91,1.92,1.94,1.96,1.95,1.97,
楠梓,2024/07/03 00:00:00,CO,0.13,0.13,0.1,0.11,0.1,0.14,0.19,0.22,0.37,0.18,0.16,0.16,0.23,0.39,0.25,0.23,0.16,0.22,0.35,0.42,0.16,0.15,0.12,0.11,
楠梓,2024/07/03 00:00:00,NMHC,0.03,0.02,0,0.01,0,0.01,0.02,0.06,0.13,0.06,0.06,0.08,0.09,0.1,0.06,0.08,0.08,0.06,0.09,0.09,0.05,0.03,0,0,
楠梓,2024/07/03 00:00:00,NO,3.3,2.2,1.5,1.3,2.2,7.1,8.7,10.7,9.7,5.2,2.5,2,2.1,4.1,4.3,4.3,4.2,3.7,2.3,1.9,1.2,0.8,0.9,0.8,
楠梓,2024/07/03 00:00:00,NO2,11.2,9.8,7.9,6.8,6.7,9.7,8.2,9.6,14.7,10.9,8,8.4,7.5,10,9,9.3,9.4,9.6,12,14.9,7.8,6.2,5.5,4.7,
楠梓,2024/07/03 00:00:00,NOx,14.5,12,9.4,8.1,9,16.8,17,20.4,24.4,16.1,10.5,10.4,9.6,14.1,13.3,13.6,13.7,13.4,14.4,16.9,9,7.1,6.4,5.6,
楠梓,2024/07/03 00:00:00,O3,3.1,4.4,5.4,5.4,5.1,2.5,3.9,7.2,16.2,28,38.7,43.5,31.8,24.5,22.5,21.8,18.4,15.3,10.6,6.2,20.3,25.3,23.9,24.3,
楠梓,2024/07/03 00:00:00,PM10,14,11,10,10,8,10,15,19,24,23,24,27,23,43,29,24,36,38,26,26,22,14,13,13,
楠梓,2024/07/03 00:00:00,PM2.5,3,4,4,3,5,4,7,6,4,6,6,9,10,10,10,7,6,6,6,7,11,6,5,6,
楠梓,2024/07/03 00:00:00,RAINFALL,0,0,0,0,0,0,0,0,0,0,0,0,0,0,0,0,0,0,0,0,0,0,0,0,
楠梓,2024/07/03 00:00:00,RH,81,81,84,84,85,82,76,67,58,50,46,44,42,45,46,47,52,56,60,64,72,72,73,72,
楠梓,2024/07/03 00:00:00,SO2,1.2,0.9,0,0,0,#,0,0.7,2.9,#,2.4,1.4,1.5,5.4,3.6,2.9,1.3,1.2,2.9,4.4,0.4,0.1,0,0,
楠梓,2024/07/03 00:00:00,THC,2.08,2.08,1.97,1.99,1.98,1.99,2.03,2.03,2.12,2.01,2.04,2.04,2.01,2.02,1.97,1.99,1.98,1.97,2,2.01,1.99,1.99,1.94,1.96,
楠梓,2024/07/03 00:00:00,WD_HR,73,70,78,79,92,72,62,67,109,114,121,157,187,195,202,200,205,204,206,157,54,53,54,51,
楠梓,2024/07/03 00:00:00,WIND_DIREC,82,62,54,98,75,68,68,105,174,171,80,171,172,200,202,205,197,203,213,73,52,54,47,58,
楠梓,2024/07/03 00:00:00,WIND_SPEED,0.3,1.4,1.2,1.3,0.2,0.6,1.1,0.5,0.8,2.7,2.4,2.6,3.1,3.6,4.1,3,3.2,3.2,2.2,2.9,3.2,2.2,2.2,2.1,
楠梓,2024/07/03 00:00:00,WS_HR,0.2,0.7,1,1,0.5,0.6,1.3,0.5,0.3,1.2,1.1,1.2,2.5,3,3.4,2.7,3.2,2.9,2.3,0.6,2.3,2.4,2.1,1.9,
楠梓,2024/07/04 00:00:00,AMB_TEMP,29.9,29.5,29.3,29.2,29,28.8,30.2,31,32.4,33.6,35,35.5,35.7,NA,NA,33.8,32.6,31.8,31.6,30,30,30.3,30.3,30.1,
楠梓,2024/07/04 00:00:00,CH4,1.96,1.96,1.97,1.97,1.96,1.99,1.96,2,1.94,1.93,1.94,1.96,1.96,NA,NA,1.92,1.91,1.92,1.94,1.96,1.97,2.01,2.05,2.02,
楠梓,2024/07/04 00:00:00,CO,0.12,0.1,0.09,0.09,0.12,0.14,0.18,0.18,0.17,0.13,0.14,0.17,0.16,NA,NA,0.12,0.12,0.16,0.17,0.22,0.28,0.32,0.25,0.19,
楠梓,2024/07/04 00:00:00,NMHC,0,0,0.03,0.02,0.01,0.04,0.02,0.02,0.02,0,0.03,0.06,0.06,NA,NA,0.05,0.03,0.27,0.07,0.04,0.07,0.14,0.1,0.05,
楠梓,2024/07/04 00:00:00,NO,0.8,0.8,0.9,0.7,0.8,1.6,3.8,3.7,2.6,1.9,1.4,1.4,1.2,NA,NA,#,0.9,0.8,1,1.2,0.8,1,1.1,4,
楠梓,2024/07/04 00:00:00,NO2,6.1,4.9,4.9,5.5,5.3,9.6,11.4,9.1,7.6,6,6.1,6.4,5.5,NA,NA,#,3.9,5.2,5.3,8.7,11.8,13.7,14,13.2,
楠梓,2024/07/04 00:00:00,NOx,7,5.7,5.8,6.2,6.2,11.3,15.2,12.9,10.2,8,7.6,7.9,6.7,NA,NA,#,4.9,6,6.3,9.9,12.6,14.7,15.1,17.3,
楠梓,2024/07/04 00:00:00,O3,24.2,23.4,17.5,16.5,19.2,10,13.4,20.3,30.7,39.5,49.9,61.4,61,NA,NA,#,41.6,41.2,42.7,42.7,40.1,33,28.4,26.3,
楠梓,2024/07/04 00:00:00,PM10,11,14,16,24,20,26,18,24,26,25,39,35,35,NA,NA,28,31,28,35,19,21,32,37,32,
楠梓,2024/07/04 00:00:00,PM2.5,6,8,11,8,7,9,8,8,11,12,15,17,14,NA,NA,9,9,8,15,16,19,18,21,14,
楠梓,2024/07/04 00:00:00,RAINFALL,0,0,0,0,0,0,0,0,0,0,0,0,0,NA,NA,0,0,0,0,0,0,0,0,0,
楠梓,2024/07/04 00:00:00,RH,73,76,80,80,81,82,75,70,66,63,58,61,61,NA,NA,70,74,77,77,85,84,84,85,86,
楠梓,2024/07/04 00:00:00,SO2,0.2,0.8,0.4,0.4,0.6,0.6,0.5,1.1,1.3,0.6,0.6,0.8,0.8,NA,NA,#,0.1,0.1,0.3,0.2,2,2,0.8,0.5,
楠梓,2024/07/04 00:00:00,THC,1.96,1.94,2,1.99,1.97,2.03,1.98,2.02,1.96,1.93,1.97,2.02,2.02,NA,NA,1.97,1.94,2.19,2.01,2,2.04,2.15,2.15,2.07,
楠梓,2024/07/04 00:00:00,WD_HR,55,54,45,46,50,75,66,37,55,0,335,271,276,NA,NA,274,280,297,313,24,25,49,48,70,
楠梓,2024/07/04 00:00:00,WIND_DIREC,53,51,48,27,53,72,42,62,61,305,310,283,260,NA,NA,273,281,308,6,38,22,60,36,107,
楠梓,2024/07/04 00:00:00,WIND_SPEED,2,2.6,1.1,1.6,1.5,0.6,1,1.5,1.9,1,1.8,2.5,2.2,NA,NA,3.3,2.2,1.9,1.4,1.7,0.9,0.4,0.7,1.1,
楠梓,2024/07/04 00:00:00,WS_HR,1.7,2.2,1.5,1.3,1.4,0.7,0.6,1.3,1.8,0.7,0.7,1.7,2,NA,NA,2.6,2,1.5,1.4,1.2,1,0.3,0.7,0.8,
楠梓,2024/07/05 00:00:00,AMB_TEMP,29.8,29.7,29.4,28.8,28.8,28.9,29.3,30.7,32.1,33.5,34.3,33.5,33.4,30.8,30.3,30.5,30.7,30.7,29.4,28.8,28.9,28.9,28.9,29.1,
楠梓,2024/07/05 00:00:00,CH4,2.08,2.07,2.1,2.03,2.02,2.05,2.03,1.97,1.96,1.96,1.96,1.99,1.95,1.91,1.9,1.91,1.91,1.93,1.95,1.97,1.97,2,1.99,1.99,
楠梓,2024/07/05 00:00:00,CO,0.19,0.19,0.15,0.13,0.13,0.18,0.19,0.19,0.17,0.15,0.14,0.16,0.12,0.1,0.11,0.13,0.15,0.18,0.17,0.22,0.22,0.25,0.19,0.18,
楠梓,2024/07/05 00:00:00,NMHC,0.03,0.06,0.02,0,0,0.02,0.05,0.02,0,0,0,0.04,0.03,0.21,0.46,0.61,0.36,0.02,0.04,0.03,0.05,0.13,0.04,0.03,
楠梓,2024/07/05 00:00:00,NO,1.6,0.9,1.1,1.1,0.9,1.4,2.6,2.5,2.8,2,1.7,1.2,1,1,1.2,1.2,1.2,1.6,2,1.3,1.1,1.5,1,1,
楠梓,2024/07/05 00:00:00,NO2,8.8,8.1,8.1,6.8,6.5,9,10.3,6.8,5.3,5.9,5.9,5.1,4.9,4.1,6.9,6.3,7.2,5.9,8.5,9.7,10.7,11.7,9.1,8.9,
楠梓,2024/07/05 00:00:00,NOx,10.5,9.1,9.3,7.9,7.4,10.4,13,9.4,8.1,8,7.6,6.3,6,5.1,8.1,7.5,8.5,7.5,10.6,11.1,11.9,13.2,10.2,10,
楠梓,2024/07/05 00:00:00,O3,24.1,19.5,16.7,15.4,17.7,12.4,13.4,23.6,30.9,40.9,48.4,53.7,43.8,30.5,21.8,19.5,20.7,17.9,14.2,16,13.4,9.2,12.5,11.9,
楠梓,2024/07/05 00:00:00,PM10,24,24,25,18,23,23,32,25,28,34,30,36,29,18,14,20,32,19,14,15,16,19,16,15,
楠梓,2024/07/05 00:00:00,PM2.5,11,11,12,11,15,7,16,11,16,14,13,15,9,9,6,9,12,8,6,9,9,11,7,4,
楠梓,2024/07/05 00:00:00,RAINFALL,0,0,0,0,0,0,0,0,0,0,0,0,0,7.5,0.5,0,0,0,0,0,0,0,0,0,
楠梓,2024/07/05 00:00:00,RH,86,87,87,88,88,88,86,83,77,70,67,72,72,85,89,87,86,86,88,87,86,87,86,86,
楠梓,2024/07/05 00:00:00,SO2,0,0.8,0.6,0.6,0.5,0.5,1.1,1,1,0.8,0.8,0.7,1.1,0.1,0,0,0,0,0,0,0,0,0,0,
楠梓,2024/07/05 00:00:00,THC,2.11,2.13,2.12,2.02,2,2.07,2.08,1.99,1.96,1.96,1.96,2.03,1.98,2.12,2.36,2.52,2.27,1.95,1.99,2,2.02,2.13,2.03,2.02,
楠梓,2024/07/05 00:00:00,WD_HR,89,71,73,87,85,68,48,54,50,19,320,273,275,272,299,285,323,37,54,56,61,44,59,70,
楠梓,2024/07/05 00:00:00,WIND_DIREC,93,75,102,102,54,47,45,50,50,12,301,281,277,307,308,302,347,57,52,57,60,52,93,101,
楠梓,2024/07/05 00:00:00,WIND_SPEED,0.9,1.1,1.8,1.5,1.4,1.4,1.8,1.2,1.5,1,1.8,2.4,3.5,1.5,1.6,1,1.2,1.9,2.5,1.6,0.8,1.3,0.2,0.3,
楠梓,2024/07/05 00:00:00,WS_HR,0.8,1.1,1.3,1.1,1.1,1.2,1.3,1.4,1.2,1,1.1,2.1,2.5,1.6,1.5,1.1,1.3,1.2,2.3,1.6,0.4,1.3,0.7,0.5,
楠梓,2024/07/06 00:00:00,AMB_TEMP,28.9,28.5,27.9,27.8,27.9,27.6,28.5,30.3,31.7,33.5,34.9,35.4,36.8,37.2,36.2,34.1,32.7,32.2,28.5,28.1,28.3,29,29.1,28.2,
楠梓,2024/07/06 00:00:00,CH4,2.04,2.19,2.12,2.05,2.07,2.07,2.03,2,1.94,1.94,1.99,1.96,1.94,1.93,1.92,1.92,1.91,1.92,1.95,1.95,1.97,2.04,2.04,2,
楠梓,2024/07/06 00:00:00,CO,0.16,0.2,0.15,0.14,0.15,0.16,0.2,0.22,0.16,0.19,0.32,0.26,0.25,0.29,0.26,0.14,0.17,0.24,0.15,0.13,0.15,0.27,0.24,0.13,
楠梓,2024/07/06 00:00:00,NMHC,0.14,0.18,0,0,0,0,0.01,0.02,0,0.11,0.14,0.07,0.04,0.05,0.06,0.11,0.03,0.04,0,0,0,0.16,0.07,0,
楠梓,2024/07/06 00:00:00,NO,1,3,2.5,2.3,1.8,2.2,4.5,5.6,3,2,1.7,2.1,2,3.1,4.1,4.2,3.3,3.3,1.8,0.7,1,2.7,2.1,1.5,
楠梓,2024/07/06 00:00:00,NO2,8,11.7,10.1,9.1,10.4,9.6,8.8,9.5,5.8,7.1,10.1,10.3,8.1,7.8,7.9,9.2,9.8,10.1,7,5.5,5.4,14.4,11.8,6.3,
楠梓,2024/07/06 00:00:00,NOx,9,14.8,12.7,11.5,12.3,11.9,13.4,15.1,8.9,9.2,11.9,12.5,10.1,10.9,12,13.5,13.1,13.4,8.8,6.2,6.5,17.1,13.9,7.8,
楠梓,2024/07/06 00:00:00,O3,10.1,2.7,4.9,8.4,6.6,6.7,9.5,18.8,28.1,42.7,65.5,52.6,40.9,27.9,16.9,9.7,7.4,7.6,18.3,22.2,21.3,7.4,6.6,16,
楠梓,2024/07/06 00:00:00,PM10,14,16,18,19,19,16,21,29,21,21,32,27,20,23,29,37,25,23,15,19,12,23,17,13,
楠梓,2024/07/06 00:00:00,PM2.5,4,4,1,9,7,8,8,9,9,11,14,11,7,7,5,6,6,6,9,6,5,8,7,4,
楠梓,2024/07/06 00:00:00,RAINFALL,0,0,0,0,0,0,0,0,0,0,0,0,0,0,0,0,0,0,0,0,0,0,0,0,
楠梓,2024/07/06 00:00:00,RH,87,88,88,88,87,87,85,80,75,64,61,57,50,49,50,58,66,71,81,76,75,75,76,76,
楠梓,2024/07/06 00:00:00,SO2,0,0.8,0.7,0.6,0.4,0.2,0.5,1,1.4,1.6,2.5,2.8,2.6,3.1,3.4,1.8,1.7,1.4,0.4,0.2,0.1,1,0.7,0.3,
楠梓,2024/07/06 00:00:00,THC,2.18,2.37,2.11,2.04,2.07,2.07,2.04,2.02,1.93,2.05,2.13,2.03,1.98,1.98,1.98,2.03,1.94,1.96,1.95,1.95,1.97,2.2,2.11,1.99,
楠梓,2024/07/06 00:00:00,WD_HR,75,85,88,81,78,60,64,50,4,297,259,319,188,198,199,197,199,188,42,22,46,75,59,46,
楠梓,2024/07/06 00:00:00,WIND_DIREC,64,83,86,76,74,78,67,29,310,294,248,88,196,195,201,196,199,58,47,25,63,64,37,51,
楠梓,2024/07/06 00:00:00,WIND_SPEED,0.6,0.9,0.5,0.2,0.7,1.2,0.9,1.3,0.9,1,1.7,1.5,3.3,4.1,3.4,4,2.7,1.6,2,2.2,0.3,1,0.9,1,
楠梓,2024/07/06 00:00:00,WS_HR,0.5,0.5,0.6,0.5,0.6,1.1,1.4,0.9,0.7,0.5,1.2,0.7,1.3,3.2,3.5,2.8,2.8,1,2.6,1.1,1.3,0.5,0.5,1.2,
楠梓,2024/07/07 00:00:00,AMB_TEMP,28.3,27.8,27.4,27.8,27.6,27.6,29,30.8,32,33.2,34.6,34.6,35.3,35.8,33.8,31.9,28.3,25.7,25.6,25.9,25.9,25.9,25.5,25.5,
楠梓,2024/07/07 00:00:00,CH4,2.01,2.09,2.06,2.11,2.17,2.21,2.11,2,1.94,1.95,1.94,1.93,1.93,1.93,1.91,1.93,1.96,1.94,1.95,2.01,2.05,2.05,1.99,2.05,
楠梓,2024/07/07 00:00:00,CO,0.16,0.17,0.13,0.16,0.17,0.23,0.26,0.17,0.15,0.31,0.22,0.21,0.2,0.22,0.14,0.16,0.18,0.12,0.14,0.26,0.25,0.21,0.15,0.17,
楠梓,2024/07/07 00:00:00,NMHC,0.02,0.1,0.04,0.08,0.09,0.09,0.18,0,0,0.05,0.06,0.02,0.02,0.04,0.02,0.03,0.05,0,0.06,0.17,0.07,0.03,0,0.01,
楠梓,2024/07/07 00:00:00,NO,0.8,0.9,0.7,0.8,1.3,2.4,4.5,2.8,2.1,1.9,1.6,1.8,1.2,1.5,1.6,1.8,1.1,0.5,0.5,0.8,1.7,0.9,0.8,0.7,
楠梓,2024/07/07 00:00:00,NO2,6.2,8.1,5.9,7.6,8.6,10.6,10.8,5.7,5.2,8.6,8.3,7.8,6.6,7.2,7.6,7.2,9.1,5.6,6.9,20.7,17.3,12.3,7.3,7.6,
楠梓,2024/07/07 00:00:00,NOx,7.1,9,6.6,8.4,9.9,13.1,15.3,8.5,7.3,10.6,10,9.6,7.9,8.7,9.2,9,10.2,6.1,7.4,21.6,19,13.3,8.1,8.3,
楠梓,2024/07/07 00:00:00,O3,13.6,8.3,7.5,5,2.9,2.7,9.2,17,22.8,34.9,34.5,27.2,37,30.3,21.1,17.9,20.3,28,25.9,13.7,10.5,13.6,13.7,11.6,
楠梓,2024/07/07 00:00:00,PM10,14,19,19,20,21,26,21,22,21,25,17,15,17,15,18,18,21,18,13,22,14,10,14,15,
楠梓,2024/07/07 00:00:00,PM2.5,4,7,6,8,7,7,6,7,11,11,9,6,4,7,4,6,9,7,4,6,8,6,3,3,
楠梓,2024/07/07 00:00:00,RAINFALL,0,0,0,0,0,0,0,0,0,0,0,0,0,0,0,0,3.5,7,0,1.5,0.5,0,0,0,
楠梓,2024/07/07 00:00:00,RH,76,79,84,83,84,84,80,73,71,62,59,59,53,54,63,76,86,89,90,89,90,89,90,89,
楠梓,2024/07/07 00:00:00,SO2,0,A,0.2,0.1,0,0.1,0.1,0.1,0.1,#,4.9,4.9,4.6,4.8,4.4,3.5,3.5,3,2.9,3.4,3.6,3,2.9,2.8,
楠梓,2024/07/07 00:00:00,THC,2.03,2.19,2.1,2.19,2.26,2.3,2.29,2,1.94,2,2,1.95,1.95,1.97,1.93,1.96,2.01,1.93,2.01,2.18,2.12,2.08,1.99,2.06,
楠梓,2024/07/07 00:00:00,WD_HR,53,45,43,65,56,67,64,80,65,267,236,224,181,186,220,202,49,60,265,124,77,55,32,70,
楠梓,2024/07/07 00:00:00,WIND_DIREC,52,22,51,58,78,85,73,78,77,285,228,196,169,194,215,65,42,240,200,54,102,45,74,65,
楠梓,2024/07/07 00:00:00,WIND_SPEED,1.8,0.8,0.2,0.5,0.2,0.2,0.2,1.2,0.2,1.6,2.2,1.4,1.4,1.2,2.6,0.8,3.8,1.2,0.9,0.9,0.2,0.3,0.2,0.2,
楠梓,2024/07/07 00:00:00,WS_HR,1.2,1.1,0.8,0.3,0.2,0.2,0.2,0.7,0.8,0.5,1.3,1.7,0.8,1.1,2.5,1.4,2.9,2.3,0.9,0.4,0.5,0.4,0.8,0.2,
楠梓,2024/07/08 00:00:00,AMB_TEMP,25.9,26,25.5,25.7,25.7,25.9,26.8,28.9,30.9,32.4,33.5,32.6,32.5,31.5,30.2,27.9,26.3,26,26.7,27.2,27.1,26.1,26.3,25.8,
楠梓,2024/07/08 00:00:00,CH4,2.09,2.14,2.02,2.07,2.08,2.11,2.18,2.05,1.98,1.96,1.97,1.93,1.92,1.91,1.93,2.02,1.96,1.95,1.96,1.99,2.1,2.18,2,2.05,
楠梓,2024/07/08 00:00:00,CO,0.22,0.2,0.14,0.19,0.17,0.2,0.35,0.35,0.36,0.28,0.26,0.13,0.15,0.12,0.14,0.25,0.18,0.19,0.24,0.32,0.55,0.3,0.21,0.16,
楠梓,2024/07/08 00:00:00,NMHC,0.02,0.09,0,0.03,0.03,0.07,0.1,0.11,0.18,0.09,0.04,0.04,0.03,0,0.02,0.1,0.04,0.02,0.04,0.08,0.29,0.08,0.02,0.07,
楠梓,2024/07/08 00:00:00,NO,1.1,1.6,0.7,0.4,1.9,3.8,19,13.9,8.5,5.3,2.6,2.6,1.9,0.7,1.7,11.1,3.8,0.9,1.2,0.4,6.6,6.2,0.9,0.3,
楠梓,2024/07/08 00:00:00,NO2,9.5,13.3,7.4,7.7,9.5,10.5,15.4,12.9,16.5,13.2,9.6,9.9,9.4,6.7,12.4,24.9,16.2,10.7,11.8,17.5,27.5,19.3,12,8.8,
楠梓,2024/07/08 00:00:00,NOx,10.6,14.9,8.1,8.2,11.4,14.4,34.5,26.9,25.1,18.6,12.2,12.5,11.4,7.4,14.2,36,20,11.6,13.1,17.9,34.2,25.5,12.9,9.1,
楠梓,2024/07/08 00:00:00,O3,8.8,5.2,5.5,4.7,2.9,2.6,2.7,8.1,16,22.7,34.3,27,24.4,29.3,18.9,7,17.8,27.2,21.9,16.2,3,3,11.1,8,
楠梓,2024/07/08 00:00:00,PM10,17,18,19,21,26,19,28,17,29,22,21,18,12,22,20,#,20,12,15,16,25,21,18,20,
楠梓,2024/07/08 00:00:00,PM2.5,4,5,4,5,4,7,12,8,10,8,7,6,3,7,#,11,6,5,7,6,8,9,9,7,
楠梓,2024/07/08 00:00:00,RAINFALL,0,0,0,0,0,0,0,0,0,0,0,0,0,2.5,0.5,0,0,0,0,0,0,0,0,0,
楠梓,2024/07/08 00:00:00,RH,88,89,89,88,88,88,87,85,76,67,60,70,68,74,78,88,85,84,83,81,81,86,85,86,
楠梓,2024/07/08 00:00:00,SO2,3.1,A,2.8,3.1,3.2,3.3,3.6,4.1,5.8,5.3,5,3.5,3,3,#,#,0.8,0.7,0.5,0.6,1,0.6,0.3,0.6,
楠梓,2024/07/08 00:00:00,THC,2.11,2.23,2.01,2.1,2.11,2.18,2.28,2.16,2.16,2.05,2.01,1.97,1.95,1.9,1.95,2.12,2,1.97,2,2.07,2.39,2.26,2.02,2.12,
楠梓,2024/07/08 00:00:00,WD_HR,93,75,67,74,72,61,72,66,173,190,222,303,247,232,200,86,64,54,60,108,59,69,80,55,
楠梓,2024/07/08 00:00:00,WIND_DIREC,99,77,73,51,96,71,51,51,159,194,284,260,248,239,92,74,49,67,91,243,83,85,56,57,
楠梓,2024/07/08 00:00:00,WIND_SPEED,0.2,0.8,0.8,0.4,0.5,1,0.3,0.4,0.5,1.4,2.1,1.7,1.7,2.7,0.8,2.4,3,0.8,0.4,0.2,0.2,0.8,0.4,0.2,
楠梓,2024/07/08 00:00:00,WS_HR,0.1,0.3,0.4,0.6,0.6,0.3,0.7,0.3,0.6,0.9,1.1,1.8,1.5,2.2,0.6,1.6,2.6,2.4,0.6,0,0.1,1.1,0.6,0.8,
楠梓,2024/07/09 00:00:00,AMB_TEMP,25.8,25.5,25.5,25.4,25.6,25.1,26.2,28.4,29.9,31.7,32.9,32.9,32.9,33.6,34,33.6,32.6,32.3,31.6,31.2,30.9,30.7,30.5,30.1,
楠梓,2024/07/09 00:00:00,CH4,2.07,2.12,2.11,2.12,2.17,2.22,2.1,1.99,2,1.97,1.98,1.94,1.94,1.91,1.92,1.92,1.92,1.92,1.93,1.93,1.92,1.93,1.93,1.94,
楠梓,2024/07/09 00:00:00,CO,0.16,0.16,0.17,0.19,0.21,0.26,0.27,0.28,0.25,0.29,0.39,0.21,0.21,0.18,0.25,0.23,0.33,0.44,0.45,0.42,0.44,0.38,0.31,0.18,
楠梓,2024/07/09 00:00:00,NMHC,0.05,0.09,0.08,0.1,0.13,0.1,0.04,0.05,0.04,0.09,0.12,0.06,0.04,0.03,0.05,0.09,0.12,0.1,0.09,0.15,0.08,0.06,0.08,0.14,
楠梓,2024/07/09 00:00:00,NO,0.1,0.6,0.6,3.3,4.5,15.3,18.5,9.8,4.2,2.8,3.5,2.3,1.7,2.2,3.4,3.1,3.9,4.4,2.3,1.9,2.1,1.2,1.3,0.8,
楠梓,2024/07/09 00:00:00,NO2,9.3,8.9,10.3,13.6,13.7,14.2,13.3,12.8,10.7,11.8,18.7,11.4,11.4,9,9.7,9.2,11.2,11.9,13,14.8,15,13.2,12.4,9.2,
楠梓,2024/07/09 00:00:00,NOx,9.5,9.5,10.9,16.9,18.2,29.6,31.8,22.6,15,14.6,22.2,13.7,13.2,11.3,13.1,12.3,15.2,16.3,15.4,16.8,17.1,14.5,13.7,10.1,
楠梓,2024/07/09 00:00:00,O3,5.6,4,4.6,2.2,0.8,1.1,3.3,11.5,25.9,37.5,37.6,32.6,33.2,24.5,20.2,21.9,18.4,13.5,8.4,3.9,3.6,5.7,5.3,7.8,
楠梓,2024/07/09 00:00:00,PM10,23,25,21,30,21,26,16,23,24,32,36,16,23,25,19,21,20,20,18,18,20,21,17,12,
楠梓,2024/07/09 00:00:00,PM2.5,7,10,6,11,12,11,9,5,12,10,13,9,6,5,3,5,5,4,4,5,4,1,0,0,
楠梓,2024/07/09 00:00:00,RAINFALL,0,0,0,0,0,0,0,0,0,0,0,0,0,0,0,0,0,0,0,0,0,0,0,0,
楠梓,2024/07/09 00:00:00,RH,87,88,87,87,87,86,81,71,74,69,63,64,64,61,55,56,62,65,66,67,74,74,74,75,
楠梓,2024/07/09 00:00:00,SO2,0.4,0.8,1,1,1,0.9,1,1,2.4,3.5,4.4,3,2.2,2,3.2,2.1,3,4.3,4,3.8,3.8,3.1,2.8,0.9,
楠梓,2024/07/09 00:00:00,THC,2.12,2.21,2.19,2.22,2.3,2.32,2.14,2.04,2.04,2.06,2.1,2,1.98,1.94,1.97,2.01,2.04,2.02,2.02,2.08,2,1.99,2.01,2.08,
楠梓,2024/07/09 00:00:00,WD_HR,48,64,65,77,82,76,80,65,34,71,232,219,229,210,193,174,164,192,182,181,184,197,174,150,
楠梓,2024/07/09 00:00:00,WIND_DIREC,32,97,68,88,76,48,96,47,324,71,204,213,246,197,194,199,159,160,200,199,171,193,155,149,
楠梓,2024/07/09 00:00:00,WIND_SPEED,0.4,0.2,0.2,0.2,0.2,0.2,0.5,1.4,1.2,1.2,1.7,2.7,1.8,3.3,3.5,2.9,3.2,2.8,2.1,1.6,1.3,1.7,1.9,1.4,
楠梓,2024/07/09 00:00:00,WS_HR,0.6,0.2,0.2,0.2,0.2,0.2,0.2,1.5,1,0.2,0.4,1.6,1.4,2.6,3,2.4,2.7,2.5,1.9,1.3,1.5,1.9,1.3,1.2,
楠梓,2024/07/10 00:00:00,AMB_TEMP,29.8,29.6,29.3,28.5,28.1,28,29.4,31.3,33.1,33.7,34.4,35.2,35.2,35.4,34.9,33.5,33.5,32.9,31.7,31.2,30.9,31,30.7,30.6,
楠梓,2024/07/10 00:00:00,CH4,1.95,2,2.09,2.13,2.09,2.06,2.13,2.1,1.91,1.91,1.9,1.91,1.9,1.9,1.89,1.89,1.88,1.89,1.88,1.89,1.89,1.89,1.97,1.98,
楠梓,2024/07/10 00:00:00,CO,0.15,0.12,0.13,0.13,0.15,0.17,0.23,0.27,0.17,0.21,0.22,0.3,0.14,0.1,0.1,0.1,0.1,0.14,0.14,0.13,0.13,0.13,0.22,0.19,
楠梓,2024/07/10 00:00:00,NMHC,0.14,0.14,0.14,0.13,0.15,0.13,0.24,0.26,0.09,0.07,0.06,0.05,0.01,0.02,0,0,0,0,0,0.05,0,0,0.18,0.17,
楠梓,2024/07/10 00:00:00,NO,0.7,2.2,1.7,3.2,4.5,5.6,6.5,6.7,6.1,4.9,4.3,5.3,3.8,3,2.6,2,1.3,1.6,1.4,1,0.8,0.6,2,6.8,
楠梓,2024/07/10 00:00:00,NO2,8.7,9.1,9.4,11.9,13.1,13.3,12.5,11.9,9.3,7.3,7.1,7.4,6.3,5.1,4.8,4.8,3.9,4.8,5.3,4.8,5.5,5.6,12.6,13.4,
楠梓,2024/07/10 00:00:00,NOx,9.4,11.4,11.1,15.2,17.6,19,19.1,18.7,15.5,12.3,11.5,12.8,10.2,8.1,7.4,6.9,5.3,6.4,6.7,5.9,6.4,6.2,14.6,20.2,
楠梓,2024/07/10 00:00:00,O3,7.9,5.9,4.7,2.7,1.4,2.8,6.9,12,14.2,16.9,18.6,17,18.3,16,16.8,18.1,18.3,15.9,14.5,14.4,13.3,14.2,4.2,1.8,
楠梓,2024/07/10 00:00:00,PM10,13,11,14,16,24,19,21,14,17,20,17,22,13,12,16,13,13,8,15,12,8,12,12,15,
楠梓,2024/07/10 00:00:00,PM2.5,1,5,6,4,7,6,3,10,6,9,6,8,4,3,4,4,4,3,1,1,5,5,7,7,
楠梓,2024/07/10 00:00:00,RAINFALL,0,0,0,0,0,0,0,0,0,0,0,0,0,0,0,0,0,0,0,0,0,0,0,0,
楠梓,2024/07/10 00:00:00,RH,76,76,78,83,85,85,81,74,58,58,56,55,53,52,55,63,63,65,75,76,78,78,82,84,
楠梓,2024/07/10 00:00:00,SO2,1,1.9,2.1,2.4,1.8,2.1,2.5,1.9,0.8,0.9,1.1,2.4,1.5,0.3,0.3,0.2,0,0,0,#,0,#,0,3.2,
楠梓,2024/07/10 00:00:00,THC,2.09,2.14,2.23,2.26,2.24,2.19,2.37,2.36,2,1.98,1.96,1.96,1.91,1.92,1.89,1.87,1.87,1.88,1.87,1.94,1.88,1.89,2.15,2.15,
楠梓,2024/07/10 00:00:00,WD_HR,150,151,153,86,83,87,156,156,160,173,180,203,198,213,219,225,235,271,284,285,241,220,169,109,
楠梓,2024/07/10 00:00:00,WIND_DIREC,147,155,93,83,89,108,155,163,158,156,165,200,198,220,220,223,223,276,283,286,211,202,343,153,
楠梓,2024/07/10 00:00:00,WIND_SPEED,1.9,1.4,0.2,0.2,0.2,0.2,1.8,2.6,3.5,4.3,3.9,3.5,4.3,3,3,2.4,1.7,1.8,1,1.3,1.2,0.4,0.3,0.2,
楠梓,2024/07/10 00:00:00,WS_HR,1.2,0.7,0.9,0.2,0.2,0.1,1.3,2.1,3.1,3.5,4,3.5,3.8,3.2,3,2.4,1.7,1.8,1.5,1,0.6,0.6,0.2,0.1,
楠梓,2024/07/11 00:00:00,AMB_TEMP,30.4,29.8,29.4,28.9,28.5,28.5,29.5,30.9,32.3,33.5,33.5,34.2,34.7,35.3,34.7,34.2,33.4,32.6,31.8,31.1,30.9,30.8,30.6,30.5,
楠梓,2024/07/11 00:00:00,CH4,1.95,2.02,2.09,2.14,2.07,1.97,1.94,1.94,2.01,1.93,1.9,1.9,1.9,1.89,1.88,1.88,1.88,1.88,1.89,1.89,1.9,1.92,1.91,1.9,
楠梓,2024/07/11 00:00:00,CO,0.15,0.09,0.1,0.11,0.11,0.13,0.17,0.19,0.22,0.28,0.2,0.14,0.13,0.1,0.08,0.08,0.1,0.11,0.13,0.12,0.12,0.12,0.11,0.1,
楠梓,2024/07/11 00:00:00,NMHC,0.16,0.07,0.05,0.04,0,0,0.02,0.11,0.09,0.11,0.07,0.07,0.02,0.01,0,0,0,0.07,0.45,0.36,0.14,0.3,0,0.13,
楠梓,2024/07/11 00:00:00,NO,1.9,2.1,2.2,2.6,2.4,3.5,7.4,7.7,6.3,4.8,4.5,3.3,1.9,1.9,1.5,1.2,1.2,0.6,0.4,0.1,0.3,0.4,0.1,0.3,
楠梓,2024/07/11 00:00:00,NO2,10.2,8.4,8.8,8.5,7.7,8.5,8.8,9.4,10.4,11.2,10.8,8.4,7.1,5.4,4.3,3.8,4.2,3.6,5.1,4.6,4.3,5,5.5,6.6,
楠梓,2024/07/11 00:00:00,NOx,12.2,10.6,11.1,11.1,10.2,12.1,16.3,17.1,16.7,16,15.4,11.7,9.1,7.3,5.9,5,5.4,4.2,5.6,4.8,4.6,5.5,5.7,6.9,
楠梓,2024/07/11 00:00:00,O3,5.6,4.9,3.5,2.7,2.8,3.5,4.7,8.9,15.1,17.9,17.3,22.3,26.4,25,21.7,20.7,22.4,22.2,21.2,19.8,17.8,15.7,15.5,15,
楠梓,2024/07/11 00:00:00,PM10,15,11,11,12,13,9,16,15,24,22,25,24,19,17,10,13,10,8,7,10,9,13,13,11,
楠梓,2024/07/11 00:00:00,PM2.5,4,7,7,4,1,6,5,4,6,10,5,7,6,4,3,0,8,7,4,4,3,3,5,3,
楠梓,2024/07/11 00:00:00,RAINFALL,0,0,0,0,0,0,0,0,0,0,0,0,0,0,0,0,0,0,0,0,0,0,0,0,
楠梓,2024/07/11 00:00:00,RH,85,86,87,87,86,84,82,77,74,70,67,63,59,58,59,61,66,69,67,77,76,74,75,76,
楠梓,2024/07/11 00:00:00,SO2,0.7,1.5,1.8,1.4,0.5,0.3,0.4,1.4,2.9,2.2,1.3,0.4,0.3,0.3,0,0,0,0,0,0,0,0.1,0,0,
楠梓,2024/07/11 00:00:00,THC,2.11,2.09,2.14,2.18,2.07,1.97,1.96,2.05,2.1,2.04,1.97,1.97,1.92,1.9,1.88,1.87,1.88,1.95,2.34,2.25,2.04,2.22,1.89,2.03,
楠梓,2024/07/11 00:00:00,WD_HR,148,94,94,100,75,87,74,121,142,197,214,208,221,223,223,261,275,280,289,305,317,311,286,292,
楠梓,2024/07/11 00:00:00,WIND_DIREC,105,96,98,103,65,83,96,150,150,180,218,207,217,214,226,268,286,276,314,304,336,291,262,300,
楠梓,2024/07/11 00:00:00,WIND_SPEED,1.4,1.1,1.1,0.8,0.5,1,1.1,0.6,1.7,2.6,3.3,3.1,3,4,2.8,2.2,1.7,1.7,0.9,1,0.2,0.2,0.2,0.2,
楠梓,2024/07/11 00:00:00,WS_HR,0.6,1.3,1.2,1,0.6,0.5,1,0.9,1.2,2.2,2.6,3.2,2.7,2.8,2.5,1.9,2,2,1,1.1,0.2,0.1,0.1,0.1,
楠梓,2024/07/12 00:00:00,AMB_TEMP,29.6,29,28.8,28.4,28.4,28.1,28.9,31,32.6,34.1,34.8,35.3,35.2,35.2,34.9,34.6,33.8,32.9,32,31.5,31.2,31.1,30.8,30.3,
楠梓,2024/07/12 00:00:00,CH4,2.23,2.14,2.16,2.13,2.28,2.1,2.01,1.96,1.96,1.92,1.89,1.89,1.9,1.88,1.88,1.89,1.89,1.89,1.88,1.89,1.9,1.89,1.93,2.04,
楠梓,2024/07/12 00:00:00,CO,0.21,0.18,0.14,0.14,0.17,0.17,0.2,0.24,0.27,0.13,0.09,0.09,0.09,0.08,0.08,0.08,0.09,0.13,0.13,0.13,0.11,0.1,0.11,0.16,
楠梓,2024/07/12 00:00:00,NMHC,0.14,0.08,0.04,0.02,0.04,0.02,0.04,0.05,0.14,0.03,0,0,0,0,0,0,0,0.1,0.04,0.06,0.12,0.01,0.08,0.03,
楠梓,2024/07/12 00:00:00,NO,2,2.3,2.5,3,3.4,4.3,7.5,8.8,5.1,2.6,2.2,1.9,1.7,1.7,1.5,1.6,1.5,1.4,1.2,1.1,1,1,1.1,1.2,
楠梓,2024/07/12 00:00:00,NO2,11.3,11.2,10.2,11.1,11.6,10.5,9.7,10,11.5,7.8,4.8,4.5,3.6,3.3,3.1,2.8,2.8,3.8,4.1,4.8,3.9,2.8,3.4,7,
楠梓,2024/07/12 00:00:00,NOx,13.4,13.6,12.8,14.1,15.1,14.8,17.2,18.9,16.6,10.4,7,6.5,5.4,5,4.7,4.5,4.4,5.2,5.3,6,4.9,3.9,4.5,8.3,
楠梓,2024/07/12 00:00:00,O3,5.2,3.4,4.2,3.8,1.9,2.8,5.6,10.3,28.8,31.2,26.7,30.9,38.4,32.8,27,25.6,26,23.9,21.2,19.4,22.2,22.1,22.6,14.4,
楠梓,2024/07/12 00:00:00,PM10,16,12,12,18,20,15,19,25,16,19,15,12,11,16,8,8,13,11,13,10,12,11,10,16,
楠梓,2024/07/12 00:00:00,PM2.5,7,7,7,8,11,10,6,6,9,9,6,4,4,5,4,5,5,4,5,6,6,6,8,9,
楠梓,2024/07/12 00:00:00,RAINFALL,0,0,0,0,0,0,0,0,0,0,0,0,0,0,0,0,0,0,0,0,0,0,0,0,
楠梓,2024/07/12 00:00:00,RH,83,85,85,86,86,86,84,76,70,60,52,52,56,59,56,56,60,68,74,75,77,78,79,82,
楠梓,2024/07/12 00:00:00,SO2,0,0.2,0.2,0.3,0,0,0.2,0.7,0.5,0.3,#,0.6,1.4,1.2,1.2,1.2,1.1,1.1,0.9,0.9,0.6,0.8,0.9,1.1,
楠梓,2024/07/12 00:00:00,THC,2.37,2.22,2.2,2.15,2.32,2.12,2.05,2.01,2.1,1.95,1.89,1.88,1.88,1.85,1.86,1.88,1.89,1.99,1.92,1.95,2.02,1.9,2.01,2.07,
楠梓,2024/07/12 00:00:00,WD_HR,78,83,88,76,73,76,55,88,303,273,289,258,257,251,270,276,278,285,281,283,300,301,318,84,
楠梓,2024/07/12 00:00:00,WIND_DIREC,101,102,77,59,63,74,49,211,310,297,282,241,255,241,274,273,294,297,285,292,285,307,324,79,
楠梓,2024/07/12 00:00:00,WIND_SPEED,0.2,0.2,0.2,0.2,0.2,0.3,1.6,0.8,1.5,1.7,2,2,2.2,2.1,3.1,2.3,2.5,1.8,1.7,1.3,0.5,1.1,0.2,0.2,
楠梓,2024/07/12 00:00:00,WS_HR,0.1,0.2,0.2,0.2,0.2,0.8,1.7,0.4,0.6,1.3,1.2,1.8,1.9,2,2.5,2.2,2.4,1.7,1.3,0.9,0.6,0.5,0.3,0.3,
楠梓,2024/07/13 00:00:00,AMB_TEMP,30.5,30.5,30,30,29.7,29.3,29.7,31.5,32.7,32.6,33.5,34.1,35.1,35.3,34.5,35,34.1,32.6,31.5,28.4,28.8,28.2,27,27,
楠梓,2024/07/13 00:00:00,CH4,2.01,2.03,2.23,2.26,2.3,2.29,2.15,2.04,2,1.99,1.91,1.9,1.9,1.89,1.89,1.89,1.89,1.89,1.9,1.93,2.01,2.04,1.97,1.98,
楠梓,2024/07/13 00:00:00,CO,0.17,0.23,0.18,0.18,0.18,0.2,0.27,0.2,0.22,0.21,0.12,0.11,0.1,0.09,0.09,0.09,0.11,0.11,0.12,0.16,0.24,0.23,0.15,0.14,
楠梓,2024/07/13 00:00:00,NMHC,0.05,0.17,0.16,0.19,0.07,0.03,0.05,0.08,0.11,0.25,0,0,0,0,0,0,0,0,0.05,0,0.08,0.05,0,0,
楠梓,2024/07/13 00:00:00,NO,1.2,0.7,1.7,2.2,2.5,3.4,5.1,5.3,4.6,1.8,2.1,1.7,1.5,1.2,1,1.1,0.7,0.7,0.6,0.8,0.9,1.2,0.8,0.8,
楠梓,2024/07/13 00:00:00,NO2,10.3,12.7,13.9,15,12.9,10.8,10.1,9.4,10.8,12.4,8.4,6.3,4.5,3.4,3.4,3.3,3.6,4,3.8,5.8,11.7,10.8,6.5,5.3,
楠梓,2024/07/13 00:00:00,NOx,11.5,13.5,15.6,17.2,15.5,14.2,15.2,14.7,15.4,14.3,10.6,8.1,6,4.7,4.5,4.4,4.4,4.7,4.4,6.6,12.7,12.1,7.4,6.2,
楠梓,2024/07/13 00:00:00,O3,11.9,9.2,3.9,2.7,2.8,4,6.1,13,20.6,33.6,29.5,33.2,33.2,26.4,25.8,28.3,24.4,21.4,23.9,23.3,14.1,10.2,16,13.7,
楠梓,2024/07/13 00:00:00,PM10,21,17,17,17,21,20,24,17,30,26,15,19,17,15,18,12,14,11,11,15,19,17,21,20,
楠梓,2024/07/13 00:00:00,PM2.5,7,6,12,11,10,12,17,15,13,15,17,11,9,8,8,7,11,8,8,8,13,10,5,3,
楠梓,2024/07/13 00:00:00,RAINFALL,0,0,0,0,0,0,0,0,0,0,0,0,0,0,0,0,0,0,0,0,0,0,0,0,
楠梓,2024/07/13 00:00:00,RH,82,82,84,84,85,86,85,79,74,73,71,66,60,60,62,57,64,71,74,85,84,85,86,86,
楠梓,2024/07/13 00:00:00,SO2,1.2,2.4,2.8,1.8,1.9,1.3,1.4,2.2,3.1,2.5,1.5,1.3,1.1,1.1,1.1,1,1,0.7,0.8,0.8,1,0.7,0.7,0.9,
楠梓,2024/07/13 00:00:00,THC,2.06,2.2,2.39,2.45,2.37,2.32,2.2,2.12,2.11,2.24,1.91,1.88,1.88,1.87,1.87,1.88,1.88,1.87,1.95,1.93,2.09,2.09,1.97,1.98,
楠梓,2024/07/13 00:00:00,WD_HR,181,155,66,95,75,65,71,85,278,302,276,273,271,265,258,230,234,242,14,63,75,49,47,39,
楠梓,2024/07/13 00:00:00,WIND_DIREC,212,46,165,93,89,71,84,130,312,284,272,260,281,250,240,252,252,247,52,102,72,45,39,42,
楠梓,2024/07/13 00:00:00,WIND_SPEED,0.3,0.2,0.3,0.2,0.5,0.2,0.9,0.9,0.2,1.6,2.6,2,2.6,2.1,2.4,1.7,2,1.3,5.1,0.2,1,2.3,1.1,1.8,
楠梓,2024/07/13 00:00:00,WS_HR,0.2,0.7,0.2,0.1,0.4,0.7,0.7,0.5,0.2,0.7,1.5,1.8,1.9,1.8,1.9,2,1.7,1.5,1.2,1.5,0.6,1.2,1.4,1.2,
楠梓,2024/07/14 00:00:00,AMB_TEMP,27,27.5,27.6,27.3,27.1,27.1,27.6,29.9,31.9,32.9,34.3,35.9,35.8,35.3,34.9,34.7,33.8,32.3,28.4,28.1,29,30.1,30.2,30.1,
楠梓,2024/07/14 00:00:00,CH4,1.99,2.04,2.11,2.05,2.06,2.12,2.06,2.01,1.95,1.91,1.91,1.94,1.94,1.95,1.94,1.92,1.91,1.92,1.96,1.96,2.01,2.17,2.19,2.15,
楠梓,2024/07/14 00:00:00,CO,0.13,0.16,0.18,0.15,0.16,0.2,0.22,0.25,0.17,0.1,0.1,0.14,0.13,0.11,0.11,0.11,0.13,0.14,0.16,0.17,0.24,0.41,0.38,0.33,
楠梓,2024/07/14 00:00:00,NMHC,0.04,0.04,0.07,0.03,0.08,0.1,0.07,0.04,0.01,0,0,0.03,0,0.02,0.11,0.04,0.07,0.17,0.01,0.02,0.07,0.31,0.47,0.32,
楠梓,2024/07/14 00:00:00,NO,0.4,0.9,0.9,1,1.1,1.9,2.3,3.2,2.6,1.6,1.3,1.2,1,1,#,1.1,0.7,1,1,0.9,0.9,1.5,3,1.4,
楠梓,2024/07/14 00:00:00,NO2,4.3,5.4,8.5,6.2,5.9,8.4,8.5,7.6,6.5,3.7,3.1,3.7,3.2,3.1,#,3.5,3,4.7,6.4,7.8,11.5,24.3,26.3,22.1,
楠梓,2024/07/14 00:00:00,NOx,4.8,6.3,9.4,7.3,7,10.3,10.8,10.8,9.1,5.4,4.4,4.9,4.2,4.1,#,4.6,3.8,5.8,7.4,8.8,12.5,25.8,29.3,23.6,
楠梓,2024/07/14 00:00:00,O3,11.3,9.8,5,6.9,5.3,3.7,10,17.6,26.3,25,28.5,43.2,51.1,46,#,42.4,45,40.4,32.9,30.3,23.9,8.5,3.9,6.4,
楠梓,2024/07/14 00:00:00,PM10,19,22,25,22,23,21,34,21,17,14,15,19,20,18,21,19,14,17,15,12,19,22,27,22,
楠梓,2024/07/14 00:00:00,PM2.5,5,10,9,6,4,5,19,10,11,7,6,6,11,8,6,8,8,8,9,6,10,9,15,8,
楠梓,2024/07/14 00:00:00,RAINFALL,0,0,0,0,0,0,0,0,0,0,0,0,0,0,0,0,0,0,0,0,0,0,0,0,
楠梓,2024/07/14 00:00:00,RH,85,85,85,86,85,84,81,72,63,62,58,56,58,62,65,65,68,73,83,75,73,70,72,72,
楠梓,2024/07/14 00:00:00,SO2,0.7,0,0,0.2,0.1,0.3,0.6,0.9,1.1,0.4,0.2,0.4,0.4,0.7,#,0.8,0.4,0.5,0,#,0,0.2,0.6,1.4,
楠梓,2024/07/14 00:00:00,THC,2.03,2.08,2.18,2.08,2.14,2.22,2.13,2.05,1.96,1.89,1.9,1.97,1.94,1.97,2.05,1.96,1.98,2.09,1.97,1.98,2.08,2.48,2.66,2.47,
楠梓,2024/07/14 00:00:00,WD_HR,45,53,57,59,52,68,46,32,49,40,58,291,272,278,286,279,278,325,57,58,87,83,99,91,
楠梓,2024/07/14 00:00:00,WIND_DIREC,43,61,50,54,72,52,42,79,36,49,78,282,292,280,287,283,282,358,69,51,85,81,144,59,
楠梓,2024/07/14 00:00:00,WIND_SPEED,0.4,0.2,0.2,0.2,0.8,0.2,0.2,0.2,0.9,1.7,1.8,2.2,2.7,3.1,2.1,2.4,2.3,3.1,2,0.2,0.2,0.2,0.2,0.2,
楠梓,2024/07/14 00:00:00,WS_HR,0.5,0.2,0.2,0.3,0.7,0.3,0.2,0.1,0.8,1.2,1.6,1.3,1.9,2.3,2,2.1,2.5,1.8,1.9,1,0.2,0.2,0.1,0.2,
楠梓,2024/07/15 00:00:00,AMB_TEMP,29.1,28.7,28.5,28.8,28.7,28.4,28.9,30.4,31.6,32.3,33.6,35.1,35.9,35.3,34.4,30.8,29.5,27.7,26.5,26.4,26.7,27.6,27.2,26.5,
楠梓,2024/07/15 00:00:00,CH4,2.15,2.09,2.08,2.09,2.13,2.08,2.08,2.01,1.98,1.98,1.97,2,2.01,2.03,1.96,1.94,1.95,1.96,2.02,2,2.01,2.03,2.06,2.03,
楠梓,2024/07/15 00:00:00,CO,0.25,0.18,0.16,0.18,0.19,0.17,0.2,0.25,0.17,0.17,0.17,0.19,0.2,0.17,0.14,0.13,0.19,0.21,0.19,0.19,0.22,0.29,0.23,0.17,
楠梓,2024/07/15 00:00:00,NMHC,0.09,0.07,0.04,0.05,0.06,0.03,0.03,0.04,0.01,0,0.01,0.02,0.07,0,0,0.05,0.09,0.05,0.04,0.04,0.08,0.14,0.12,0.05,
楠梓,2024/07/15 00:00:00,NO,1.7,0.1,0,0.1,0.8,0.3,2.7,3,2.2,1.8,0.8,0.1,0,0,0,0,0,0,0,0,0.1,0,0.2,0.3,
楠梓,2024/07/15 00:00:00,NO2,15.4,10.9,10,11.1,13.9,11.7,12.1,10,8.3,8.8,8.4,7.1,6.8,5.8,5.1,4.9,9.1,9.7,12,11.5,12.3,20.4,18.7,12,
楠梓,2024/07/15 00:00:00,NOx,17.2,11.1,10.1,11.2,14.7,12.1,14.8,13,10.6,10.7,9.2,7.2,6.7,5.7,5,5,9.1,9.3,11.8,11.5,12.5,20.4,19,12.4,
楠梓,2024/07/15 00:00:00,O3,8,6.2,7.2,7.9,5,8.5,9.4,17.3,23.7,29.9,48.2,65.2,72.9,63,52,47.8,35.4,40,36.5,32.3,23.5,19.3,16.2,16.3,
楠梓,2024/07/15 00:00:00,PM10,20,14,22,25,25,24,19,25,20,23,25,29,27,31,32,23,24,30,19,16,16,19,25,30,
楠梓,2024/07/15 00:00:00,PM2.5,11,11,9,10,11,9,11,8,8,15,13,13,19,18,15,15,11,8,6,6,9,8,7,8,
楠梓,2024/07/15 00:00:00,RAINFALL,0,0,0,0,0,0,0,0,0,0,0,0,0,0,0,13.5,0,0.5,0,0,0,0,0,0,
楠梓,2024/07/15 00:00:00,RH,79,85,86,85,86,86,85,81,75,72,66,59,55,62,68,83,87,85,86,86,87,84,85,87,
楠梓,2024/07/15 00:00:00,SO2,1.2,1.3,1.1,1.1,1.4,1,1,0.9,1.3,1.5,1.6,1.7,1.8,1.9,1.8,1.1,0.6,0.6,0.6,0.8,0.8,1.3,1.4,1,
楠梓,2024/07/15 00:00:00,THC,2.24,2.16,2.12,2.14,2.19,2.11,2.11,2.05,1.99,1.98,1.98,2.02,2.08,2.03,1.96,1.99,2.04,2.01,2.06,2.04,2.09,2.17,2.18,2.08,
楠梓,2024/07/15 00:00:00,WD_HR,53,65,68,63,66,61,49,38,47,49,16,347,295,255,267,254,285,320,29,48,73,194,49,44,
楠梓,2024/07/15 00:00:00,WIND_DIREC,51,70,63,103,64,23,60,47,47,32,50,327,264,266,244,307,287,23,31,62,203,81,50,43,
楠梓,2024/07/15 00:00:00,WIND_SPEED,1.9,0.2,0.7,0.2,0.9,0.3,0.8,2.9,3.3,1.6,0.6,1.7,2.1,2.2,2.4,0.2,2.4,2.6,0.5,1.5,0.6,0.2,0.2,0.8,
楠梓,2024/07/15 00:00:00,WS_HR,1,0.4,0.6,0.4,0.3,0.2,0.8,1.5,2.3,1.5,0.5,0.5,1.4,1.8,2,0.9,0.7,1.9,1,0.8,0.4,0.5,0.8,0.9,
楠梓,2024/07/16 00:00:00,AMB_TEMP,26.7,27.3,26.7,27,26.6,26.7,27.2,29.9,31.5,32.9,34.5,35,34.9,34.9,34.7,34.6,33.5,32.2,29.8,29,29.1,29.2,29.2,29.1,
楠梓,2024/07/16 00:00:00,CH4,2.02,2.11,2.2,2.21,2.13,2.06,2.06,1.97,1.96,1.94,1.97,1.97,1.92,1.92,1.91,1.91,1.91,1.93,1.95,1.96,1.96,1.98,2.09,2.08,
楠梓,2024/07/16 00:00:00,CO,0.16,0.22,0.16,0.18,0.16,0.17,0.21,0.27,0.2,0.16,0.18,0.16,0.13,0.12,0.11,0.11,0.13,0.19,0.16,0.17,0.18,0.23,0.24,0.22,
楠梓,2024/07/16 00:00:00,NMHC,0.03,0.26,0.05,0.12,0.04,0.02,0.02,0.03,0,0.01,0.06,0.04,0.01,0.03,0.02,0,0.01,0.01,0.01,0.03,0.05,0.08,0.06,0.04,
楠梓,2024/07/16 00:00:00,NO,0,1.5,2.1,7.6,4.6,3.1,5.6,6.1,4,2.8,1.3,1,0.8,1,0.6,0.7,0.8,0.7,0.8,0.5,0.8,0.7,1,1.1,
楠梓,2024/07/16 00:00:00,NO2,9.3,21.5,13.9,19.7,15.7,14.8,12.2,11.6,9.8,8.9,7.2,6,4.2,3.7,3.4,3.5,3.8,6,6.5,6.9,7.8,10,13.6,14.3,
楠梓,2024/07/16 00:00:00,NOx,9.4,23.1,16.1,27.3,20.3,17.9,17.9,17.7,13.9,11.7,8.6,7.1,5,4.8,4.1,4.2,4.6,6.8,7.3,7.4,8.6,10.8,14.6,15.5,
楠梓,2024/07/16 00:00:00,O3,18.5,8.8,11.4,4.4,3.7,5.1,9.5,19.3,29.1,43,61.6,64,52.9,51.1,45.2,39.7,38,35.9,41.3,34.5,33.6,25.4,19.5,17.5,
楠梓,2024/07/16 00:00:00,PM10,20,17,20,18,23,20,24,17,14,17,30,28,20,13,21,15,23,25,22,13,13,16,19,14,
楠梓,2024/07/16 00:00:00,PM2.5,8,12,10,8,10,10,9,9,6,10,14,12,10,8,6,9,8,7,11,8,8,11,12,12,
楠梓,2024/07/16 00:00:00,RAINFALL,0,0,0,0,0,0,0,0,0,0,0,0,0,0,0,0,0,0,0,0,0,0,0,0,
楠梓,2024/07/16 00:00:00,RH,86,84,86,85,86,85,84,72,63,59,54,53,52,52,54,55,61,68,73,77,76,75,76,76,
楠梓,2024/07/16 00:00:00,SO2,0.8,1.2,1.2,1.3,1.4,1.2,1.2,1.2,1.3,1.6,1.7,1.8,1.8,1.4,1.4,1.6,1.3,1.4,1.2,1,1.1,0.8,1,1.1,
楠梓,2024/07/16 00:00:00,THC,2.05,2.37,2.25,2.33,2.17,2.08,2.08,2,1.96,1.95,2.03,2.01,1.93,1.95,1.93,1.91,1.92,1.94,1.96,1.99,2.01,2.06,2.15,2.12,
楠梓,2024/07/16 00:00:00,WD_HR,55,92,91,82,85,58,52,75,38,38,275,276,273,285,283,283,284,343,36,49,53,62,88,75,
楠梓,2024/07/16 00:00:00,WIND_DIREC,48,72,91,79,107,58,51,75,339,322,248,266,276,286,268,278,297,35,34,50,62,68,93,63,
楠梓,2024/07/16 00:00:00,WIND_SPEED,0.2,0.2,0.2,0.2,0.2,0.2,0.2,0.2,0.4,0.2,1.4,2.1,3.3,2.7,2.4,1.7,1.2,3.5,2.3,0.6,0.2,0.2,0.2,0.2,
楠梓,2024/07/16 00:00:00,WS_HR,0.5,0.2,0.2,0.2,0.2,0.2,0.3,0.2,0.2,0.4,0.8,1.8,2.4,2.3,2.3,1.6,1.5,1.4,2,0.6,0.2,0.2,0.2,0.2,
楠梓,2024/07/17 00:00:00,AMB_TEMP,28.4,28.2,28,28.1,27.7,28.1,28.5,29.9,32,33.2,34.3,35.3,35.8,35.6,34.7,34.1,34.3,34.2,32.8,29.3,28.2,28.6,28.6,28.9,
楠梓,2024/07/17 00:00:00,CH4,1.99,2.06,2.09,2.09,2.24,2.13,2.01,2.02,1.98,1.96,2,1.98,1.97,1.95,1.93,1.9,1.89,1.9,1.92,1.94,1.94,1.96,1.97,1.99,
楠梓,2024/07/17 00:00:00,CO,0.16,0.17,0.15,0.17,0.17,0.2,0.24,0.3,0.25,0.21,0.2,0.2,0.23,0.23,0.18,0.12,0.13,0.24,0.28,0.17,0.15,0.18,0.17,0.2,
楠梓,2024/07/17 00:00:00,NMHC,0.01,0.05,0.06,0.05,0.03,0.04,0.03,0.06,0.04,0.02,0.02,0.03,0.02,0.01,0.01,0.01,0.02,0.05,0.08,0.02,0.01,0.03,0.01,0.04,
楠梓,2024/07/17 00:00:00,NO,0.9,0.7,0.9,1.5,2.2,5.8,6.3,7.8,5.1,1.7,1.5,1.2,1,0.9,1.1,1.1,2.1,2.3,2.2,1,0.8,1.2,0.8,0.7,
楠梓,2024/07/17 00:00:00,NO2,9.6,9.3,10.7,12.5,12,17.8,14.7,16.6,11.5,7.6,8.9,7,6.4,6,6,5.9,7.6,9.6,13.6,7.6,6,6.9,5.7,6.7,
楠梓,2024/07/17 00:00:00,NOx,10.5,10,11.6,14,14.2,23.6,21.1,24.4,16.7,9.4,10.5,8.2,7.4,6.9,7.1,7,9.7,11.9,15.9,8.6,6.9,8.1,6.6,7.4,
楠梓,2024/07/17 00:00:00,O3,23.3,18.8,12.2,11.1,8.2,3.4,8.1,15.4,34.7,55.6,62.5,76.7,78.8,77,62.8,32.3,20.9,16.3,16.2,33.2,31.3,35,35,30.2,
楠梓,2024/07/17 00:00:00,PM10,18,19,24,23,22,19,20,28,32,28,33,33,37,31,29,22,23,21,22,14,9,15,17,21,
楠梓,2024/07/17 00:00:00,PM2.5,9,12,10,11,12,10,9,11,17,16,21,16,20,19,16,7,4,1,9,9,6,10,9,10,
楠梓,2024/07/17 00:00:00,RAINFALL,0,0,0,0,0,0,0,0,0,0,0,0,0,0,0,0,0,0,0,0,0,0,0,0,
楠梓,2024/07/17 00:00:00,RH,82,84,84,84,85,83,79,76,71,63,56,53,54,53,57,64,63,64,68,74,75,77,80,79,
楠梓,2024/07/17 00:00:00,SO2,1.2,0.4,0.4,0.6,0.4,0.4,0.5,1.4,2.2,1.8,1.9,2,1.7,1.9,1.9,0.7,0.7,1.2,2.5,0.5,0.2,0.4,0.7,0.6,
楠梓,2024/07/17 00:00:00,THC,2,2.11,2.15,2.14,2.27,2.17,2.04,2.08,2.02,1.98,2.02,2.01,1.99,1.96,1.94,1.91,1.91,1.95,2,1.96,1.95,1.99,1.98,2.03,
楠梓,2024/07/17 00:00:00,WD_HR,66,60,65,72,90,69,82,51,26,36,47,303,266,258,256,226,235,219,72,43,35,42,41,37,
楠梓,2024/07/17 00:00:00,WIND_DIREC,59,69,66,94,100,69,69,59,40,47,6,268,266,261,244,231,244,189,64,38,42,29,61,31,
楠梓,2024/07/17 00:00:00,WIND_SPEED,0.2,0.2,0.2,0.2,0.2,0.2,0.2,0.2,0.2,1.1,0.8,2.9,2.4,2,1.7,2.2,1.8,1.7,3.5,1.6,0.8,1,0.3,0.2,
楠梓,2024/07/17 00:00:00,WS_HR,0.2,0.2,0.2,0.2,0.2,0.2,0.2,0.2,0.1,0.3,0.6,0.8,2.2,2,1.6,2.6,1.6,1.7,1.2,1.8,1.5,0.5,0.5,0.2,
楠梓,2024/07/18 00:00:00,AMB_TEMP,29.4,28.8,28.5,27.9,28.3,28.2,28.3,30,32.2,33.2,35,35.6,35.9,36,35.8,35.3,35,34.5,33.8,28.6,27.6,27.8,28.4,29.1,
楠梓,2024/07/18 00:00:00,CH4,2.06,2.1,2.17,2.05,2.06,2.04,2.11,2.04,1.96,1.95,1.91,1.95,1.94,1.92,1.92,#,1.88,1.89,1.91,1.96,1.98,1.97,1.98,2.02,
楠梓,2024/07/18 00:00:00,CO,0.24,0.2,0.2,0.16,0.18,0.18,0.25,0.31,0.2,0.13,0.14,0.17,0.2,0.17,0.15,#,0.11,0.15,0.18,0.15,0.16,0.16,0.16,0.17,
楠梓,2024/07/18 00:00:00,NMHC,0.06,0.11,0.13,0.02,0.04,0.02,0.08,0.08,0.03,0,0.02,0.02,0.01,0.01,0,#,0.02,0.04,0.04,0.02,0.03,0.04,0.03,0.1,
楠梓,2024/07/18 00:00:00,NO,1,0.5,0.3,0.2,0.9,1.9,4.3,4.3,3.3,1.4,1.4,0.8,0.7,0.6,0.7,#,0.7,0.9,0.6,0,0,0,0,0,
楠梓,2024/07/18 00:00:00,NO2,12.3,13.3,11,6.9,11.6,12.8,14.2,14,8.2,5.8,6.4,6.6,7.2,5.9,6.3,#,5.9,6.4,8.5,6.7,7.8,7.2,6.3,8.4,
楠梓,2024/07/18 00:00:00,NOx,13.3,13.9,11.3,7.1,12.6,14.7,18.6,18.4,11.5,7.3,7.9,7.5,7.9,6.5,7.1,#,6.6,7.4,9.1,6.7,7.7,7.3,6.2,8.1,
楠梓,2024/07/18 00:00:00,O3,24,19.8,13.7,13.7,9.9,9.6,7.8,21.3,31.7,36.3,50,61.1,71.5,62.3,#,29.1,18.2,14.2,14.1,29.1,23.9,23.1,21,18.8,
楠梓,2024/07/18 00:00:00,PM10,25,28,28,26,23,22,25,30,28,22,23,29,28,32,31,#,25,20,13,21,16,14,13,16,
楠梓,2024/07/18 00:00:00,PM2.5,14,17,17,9,9,11,10,17,11,8,6,13,14,10,#,4,5,4,4,8,4,3,4,7,
楠梓,2024/07/18 00:00:00,RAINFALL,0,0,0,0,0,0,0,0,0,0,0,0,0,0,#,0,0,0,0,0.5,0,0,0,0,
楠梓,2024/07/18 00:00:00,RH,78,81,83,84,83,83,81,75,66,61,54,55,54,54,56,58,58,59,60,83,86,85,83,79,
楠梓,2024/07/18 00:00:00,SO2,0.5,1.9,1.5,1,0.8,0.6,0.8,1.6,1.7,1.3,1.1,1.4,1.7,1.8,1.6,#,1,1.2,1.2,1.1,0.7,0.7,1,1.2,
楠梓,2024/07/18 00:00:00,THC,2.12,2.21,2.3,2.07,2.1,2.06,2.19,2.12,1.99,1.95,1.93,1.97,1.95,1.93,1.92,#,1.9,1.93,1.95,1.98,2.01,2.01,2.01,2.12,
楠梓,2024/07/18 00:00:00,WD_HR,69,71,59,51,75,78,55,46,45,37,27,252,261,279,277,275,273,293,32,25,38,46,57,62,
楠梓,2024/07/18 00:00:00,WIND_DIREC,76,80,62,62,92,57,42,56,46,33,288,265,282,278,271,277,282,250,53,17,51,40,66,58,
楠梓,2024/07/18 00:00:00,WIND_SPEED,0.2,0.2,0.2,0.2,0.2,0.2,0.2,0.2,1.6,0.9,1.6,1.9,1.1,2.6,2.1,2.2,1.9,1.5,4.8,1.3,2.3,2.1,0.2,0.2,
楠梓,2024/07/18 00:00:00,WS_HR,0.2,0.2,0.2,0.2,0.2,0.2,0.2,0.2,1.1,1.4,0.5,1.9,1.6,2.2,1.7,2,1.5,1.2,0.6,1.3,1.3,1.4,0.3,0.2,
楠梓,2024/07/19 00:00:00,AMB_TEMP,30,29.6,28.3,28.2,28.2,28.2,28.9,29.8,31,32.6,33.9,34.9,35.5,35.8,35.5,34.7,33.4,32.3,31.7,30.6,30.3,30.2,30.4,30.3,
楠梓,2024/07/19 00:00:00,CH4,1.98,2.02,2.15,2.03,2,2.09,2.13,2.07,1.99,2,1.98,1.95,1.94,1.93,1.91,1.91,1.92,1.95,1.99,1.97,1.97,1.99,1.97,1.98,
楠梓,2024/07/19 00:00:00,CO,0.15,0.17,0.16,0.13,0.13,0.19,0.25,0.32,0.23,0.2,0.19,0.2,0.2,0.2,0.15,0.13,0.14,0.2,0.22,0.22,0.22,0.21,0.16,0.2,
楠梓,2024/07/19 00:00:00,NMHC,0.07,0.04,0.05,0.01,0.01,0.03,0.05,0.07,0.04,0.03,0.05,0.04,0.02,0.01,0.04,0.06,0.18,0.02,0.04,0.05,0.03,0.01,0,0.03,
楠梓,2024/07/19 00:00:00,NO,0,1,0.8,0.7,0.8,1.7,7.3,6.8,4.1,3.2,1.9,1.4,1,0.7,0.8,0.9,0.8,0.5,0.8,0.9,0.9,0.5,0.9,0.8,
楠梓,2024/07/19 00:00:00,NO2,10,11.7,12.4,10.9,11,12.5,17.4,16,11,10.8,8.7,7.5,6.1,4.8,4.2,4.3,5.2,6.4,9.3,9.4,11.6,10.2,8,6.8,
楠梓,2024/07/19 00:00:00,NOx,9.8,12.7,13.3,11.6,11.9,14.3,24.7,22.8,15.1,14.1,10.6,9,7.2,5.6,5.1,5.2,6.1,6.9,10.1,10.3,12.5,10.7,9,7.6,
楠梓,2024/07/19 00:00:00,O3,28.7,22.8,11,14.6,14.1,8.2,6.4,12.5,26.1,33.1,41.6,49.6,62,64.6,49.8,41.8,37.8,43.2,38.2,35.5,28.3,28.7,30.6,28.1,
楠梓,2024/07/19 00:00:00,PM10,15,12,21,19,18,19,25,32,28,20,27,30,28,23,16,18,21,26,23,27,14,15,17,21,
楠梓,2024/07/19 00:00:00,PM2.5,5,7,9,7,8,10,8,14,17,12,14,13,12,12,10,10,8,9,17,16,15,13,11,9,
楠梓,2024/07/19 00:00:00,RAINFALL,0,0,0,0,0,0,0,0,0,0,0,0,0,0,0,0,0,0,0,0,0,0,0,0,
楠梓,2024/07/19 00:00:00,RH,76,78,85,85,84,85,83,81,76,72,62,56,55,54,56,61,65,72,75,81,84,84,84,85,
楠梓,2024/07/19 00:00:00,SO2,1.7,1.4,1.1,1.1,1.3,1.2,1.1,2.1,2.3,1.8,2.1,2.7,3.3,3.1,2.2,1.5,1.3,1.3,1.6,1.1,1.7,1.3,1.2,1.2,
楠梓,2024/07/19 00:00:00,THC,2.05,2.06,2.2,2.04,2.01,2.12,2.18,2.14,2.03,2.03,2.03,1.99,1.96,1.94,1.95,1.97,2.1,1.97,2.03,2.02,2,2,1.96,2.01,
楠梓,2024/07/19 00:00:00,WD_HR,83,78,80,68,63,67,57,46,24,331,287,278,274,282,280,281,300,328,33,50,60,79,60,10,
楠梓,2024/07/19 00:00:00,WIND_DIREC,91,96,70,50,70,65,62,20,343,330,289,284,265,267,282,272,295,8,39,51,67,65,53,310,
楠梓,2024/07/19 00:00:00,WIND_SPEED,0.2,0.2,0.2,0.2,0.2,0.2,0.2,0.2,0.2,0.4,1.1,2.4,2.4,1.9,2.7,3,2.1,1.1,1.9,2.7,0.3,0.2,0.2,0.2,
楠梓,2024/07/19 00:00:00,WS_HR,0.2,0.2,0.2,0.2,0.2,0.2,0.2,0.2,0.1,0.4,0.6,1.8,1.5,1.9,2.3,2.6,2,1.9,1.7,2.1,0.9,0.2,0.2,0.1,
楠梓,2024/07/20 00:00:00,AMB_TEMP,30.3,29.9,29,28.7,28.7,28.7,29.8,30.8,32.4,32.8,33.1,34.5,34.7,35.1,33.7,33.9,33.4,29,27.8,28.2,28.2,28.2,28.6,28.6,
楠梓,2024/07/20 00:00:00,CH4,2.02,2.1,2.16,2.03,2.08,2.15,2.2,2.18,2.14,2.04,1.96,1.96,1.96,1.94,1.91,1.9,1.9,1.94,1.94,1.97,2.04,2.07,2.02,2.01,
楠梓,2024/07/20 00:00:00,CO,0.28,0.21,0.17,0.16,0.16,0.23,0.32,0.33,0.3,0.26,0.18,0.17,0.16,0.14,0.11,0.11,0.1,0.14,0.18,0.19,0.27,0.27,0.2,0.2,
楠梓,2024/07/20 00:00:00,NMHC,0.09,0.08,0.04,0,0,0.07,0.13,0.09,0.15,0.15,0.07,0.22,0.06,0.23,0.12,0.35,0.48,0.04,0.28,0.06,0.09,0.07,0.04,0.03,
楠梓,2024/07/20 00:00:00,NO,0.6,1,0.8,0.7,1.1,1.8,4.9,5.7,4.1,2.1,1.6,1.3,1.2,1.3,1.2,1.1,1,1.3,1.2,1.2,1.1,1.5,1.2,1.2,
楠梓,2024/07/20 00:00:00,NO2,8.2,9.2,8,7.8,7,13.3,15.9,12.9,13.5,9.9,5.2,4.8,4.6,4.2,3.4,3.1,3.2,4.6,5.8,7.8,11.5,14.5,9.6,7.6,
楠梓,2024/07/20 00:00:00,NOx,8.8,10.3,8.9,8.6,8.2,15.2,20.9,18.6,17.7,12,6.9,6.1,5.9,5.6,4.6,4.3,4.2,5.9,7,9.1,12.7,16,10.9,8.8,
楠梓,2024/07/20 00:00:00,O3,24.8,19.3,14.6,16.8,19,8.9,10.8,17.3,35.4,44.6,48.8,51.3,54.3,51,38.9,34.7,31.3,31.6,32.4,29,20.8,15.6,20.7,20.9,
楠梓,2024/07/20 00:00:00,PM10,22,27,28,19,11,21,34,35,35,40,27,30,32,24,15,19,21,15,9,8,19,18,19,21,
楠梓,2024/07/20 00:00:00,PM2.5,12,15,15,11,9,13,18,14,18,18,14,13,15,7,6,8,10,9,5,4,10,10,9,8,
楠梓,2024/07/20 00:00:00,RAINFALL,0,0,0,0,0,0,0,0,0,0,0,0,0,0,0,0,0,2,0,0,0,0,0,0,
楠梓,2024/07/20 00:00:00,RH,85,86,88,87,85,86,85,83,78,76,74,68,64,63,68,68,71,88,89,88,89,89,88,87,
楠梓,2024/07/20 00:00:00,SO2,1.9,1.7,0.9,0.9,0.9,1,2.9,4,3.8,2.3,1.7,1.6,1.9,1.8,1.4,1.4,1.2,0.8,0.8,1,1.1,1.1,1.1,0.8,
楠梓,2024/07/20 00:00:00,THC,2.11,2.18,2.2,2.03,2.08,2.22,2.33,2.27,2.29,2.19,2.03,2.18,2.02,2.17,2.03,2.25,2.38,1.98,2.22,2.03,2.13,2.14,2.06,2.04,
楠梓,2024/07/20 00:00:00,WD_HR,343,40,68,77,83,77,108,60,350,276,287,290,310,300,272,288,289,12,319,346,51,70,69,86,
楠梓,2024/07/20 00:00:00,WIND_DIREC,30,56,71,98,71,77,68,48,276,275,280,290,312,276,275,290,276,311,329,38,90,37,88,84,
楠梓,2024/07/20 00:00:00,WIND_SPEED,0.2,0.2,0.2,0.2,0.2,0.2,0.2,0.2,0.6,1.8,1.2,2,3.5,3,2.2,2.6,2,1.3,0.6,0.2,0.2,0.2,0.2,0.2,
楠梓,2024/07/20 00:00:00,WS_HR,0.1,0.2,0.2,0.2,0.2,0.2,0.1,0.5,0.2,1.3,1.4,1.5,2,2.6,1.9,1.9,2,1.3,0.6,0.5,0.3,0.2,0.2,0.2,
楠梓,2024/07/21 00:00:00,AMB_TEMP,28.7,28.3,27.8,27.7,27.7,27.5,27.4,27.9,28.9,30.2,32,33.6,34.7,35.1,33.3,27.7,26.5,26.5,26.9,27.1,27.4,27.2,27.1,27.2,
楠梓,2024/07/21 00:00:00,CH4,2.06,2.15,2.34,2.19,2.11,2.07,2.04,2.04,2.04,2.04,1.99,2,1.97,1.92,1.89,1.94,1.95,1.98,1.97,1.98,2.02,2.02,1.99,2.09,
楠梓,2024/07/21 00:00:00,CO,0.25,0.25,0.24,0.2,0.17,0.17,0.17,0.19,0.19,0.18,0.17,0.16,0.15,0.11,0.09,0.11,0.13,0.19,0.19,0.23,0.29,0.2,0.19,0.2,
楠梓,2024/07/21 00:00:00,NMHC,0.21,0.14,0.03,0.01,0,0.02,0,0,0,0.02,0,0,0.01,0.02,0,0.03,0.02,0.02,0,0.11,0.17,0.03,0.02,0.01,
楠梓,2024/07/21 00:00:00,NO,1.2,1,1.1,0.9,0.7,0.7,1,1.6,1.9,1.5,1,1,0.8,0.8,0.5,0.4,0.5,0.7,0.7,0.8,0.7,0.7,0.8,0.8,
楠梓,2024/07/21 00:00:00,NO2,13.8,13.4,10.2,8.6,6.6,6.4,5.3,5.2,6,5.2,4.3,4.2,3.6,3.2,3,4.2,5.2,9.2,8.8,9.8,14.3,10.2,8.7,9.5,
楠梓,2024/07/21 00:00:00,NOx,15,14.5,11.4,9.6,7.3,7.1,6.3,6.9,7.9,6.7,5.3,5.3,4.4,4,3.6,4.7,5.8,10,9.6,10.7,15,11,9.6,10.4,
楠梓,2024/07/21 00:00:00,O3,12.2,10.5,7.5,10.5,13.6,13.6,13.3,12.4,17.3,27.6,36.9,44.6,48,39.9,35.7,35,35.2,27.2,25.4,21,15.9,18.5,19.7,14,
楠梓,2024/07/21 00:00:00,PM10,20,22,24,23,25,24,21,25,24,35,30,20,29,29,20,4,3,14,14,8,12,11,13,14,
楠梓,2024/07/21 00:00:00,PM2.5,9,8,11,12,8,10,16,11,9,15,15,13,13,11,10,8,8,x,0,3,4,4,5,4,
楠梓,2024/07/21 00:00:00,RAINFALL,0,0,0,0,0,0,0,0,0,0,0,0,0,0,0,14.5,1.5,0.5,0,0,0,0,0,0,
楠梓,2024/07/21 00:00:00,RH,88,89,90,90,90,90,90,89,87,86,80,72,66,69,76,91,90,89,88,88,88,88,87,88,
楠梓,2024/07/21 00:00:00,SO2,2.2,1.5,0.8,0.7,0.7,0.4,0.6,0.3,0.9,1.1,1.2,1.1,0.9,1.1,1,0.3,0.4,0.4,0.5,0.5,0.8,0.5,0.8,0.5,
楠梓,2024/07/21 00:00:00,THC,2.27,2.29,2.37,2.2,2.11,2.09,2.03,2.03,2.04,2.06,1.97,1.98,1.98,1.94,1.89,1.97,1.97,2,1.97,2.09,2.19,2.05,2.01,2.1,
楠梓,2024/07/21 00:00:00,WD_HR,126,70,78,92,67,47,52,49,17,21,19,352,309,274,277,326,323,49,72,53,56,32,55,88,
楠梓,2024/07/21 00:00:00,WIND_DIREC,215,68,61,102,84,35,49,55,30,344,37,312,274,277,148,227,44,52,102,193,43,53,74,63,
楠梓,2024/07/21 00:00:00,WIND_SPEED,0.2,0.2,0.2,0.2,0.2,1.3,2.5,0.5,2.3,2.6,3.3,1.9,2.3,3,0.7,2.4,0.5,2.1,0.5,0.2,0.2,0.2,0.2,0.2,
楠梓,2024/07/21 00:00:00,WS_HR,0.1,0.1,0.2,0.2,0.2,0.3,2,1.5,0.9,1.7,2.1,1.2,1.5,2,1.9,0.8,0.6,1.4,0.4,0,0.2,0.3,0.4,0.2,
楠梓,2024/07/22 00:00:00,AMB_TEMP,27.4,27.2,26.8,26.7,26.6,26.7,27.7,29.2,30.6,31.8,33.1,34.1,34.7,34.6,33.1,33.4,33.3,32.5,31.5,31.1,30.6,30.4,30.2,30.2,
楠梓,2024/07/22 00:00:00,CH4,2.14,2.18,2.06,2.04,2.01,2.01,1.99,1.98,1.98,1.96,1.97,2.01,2.01,1.94,1.9,1.9,1.92,1.92,1.92,1.94,1.95,1.95,1.96,1.98,
楠梓,2024/07/22 00:00:00,CO,0.26,0.22,0.14,0.11,0.12,0.12,0.16,0.18,0.19,0.18,0.23,0.26,0.21,0.12,0.13,0.11,0.15,0.18,0.19,0.23,0.19,0.16,0.16,0.16,
楠梓,2024/07/22 00:00:00,NMHC,0.03,0.07,0,0,0,0,0,0,0,0,0.01,0,0.05,0.15,0.15,0.18,0.12,0.3,0.3,0.11,0.03,0.01,0.01,0.04,
楠梓,2024/07/22 00:00:00,NO,1.5,1.5,0.9,0.7,0.6,0.9,2.5,3.5,2.8,1.7,1.9,1.5,1.2,1.1,1,1.3,1.3,0.8,0.7,0.7,0.7,0.8,1,0.8,
楠梓,2024/07/22 00:00:00,NO2,13.5,9.8,5.5,4.2,4.4,5.8,8,7.5,7.3,5.8,7,6.5,5.6,4.9,4.6,4.8,4.7,5.5,7.2,7.1,7.5,6.1,6.1,7,
楠梓,2024/07/22 00:00:00,NOx,15,11.3,6.4,5,5.1,6.7,10.6,11.1,10.2,7.6,9,8,6.9,6.1,5.7,6.2,6,6.3,7.9,7.8,8.3,6.9,7.1,7.8,
楠梓,2024/07/22 00:00:00,O3,7.6,6.5,11,11.7,11.9,11.2,13.7,21.1,29.4,39.5,49.5,62.5,66.2,50.7,46.9,43.1,41.3,43.6,41.5,42.2,32.6,28.3,25,23.7,
楠梓,2024/07/22 00:00:00,PM10,21,26,20,19,14,14,11,11,20,21,27,27,30,28,29,26,22,25,25,30,21,20,21,28,
楠梓,2024/07/22 00:00:00,PM2.5,4,5,8,7,5,5,7,4,5,5,8,11,17,11,10,x,4,9,11,15,13,9,9,11,
楠梓,2024/07/22 00:00:00,RAINFALL,0,0,0,0,0,0,0,0,0,0,0,0,0,0,0,0,0,0,0,0,0,0,0,0,
楠梓,2024/07/22 00:00:00,RH,88,88,88,88,88,87,86,82,77,75,71,65,65,70,74,69,63,69,75,77,78,78,84,86,
楠梓,2024/07/22 00:00:00,SO2,0.4,0.9,0.9,1,1.1,1.2,1.2,1.5,1.6,1.6,2.1,2.2,2,2,1.4,1.1,1.3,1.2,1.5,1.5,1.3,1.2,1.4,1.6,
楠梓,2024/07/22 00:00:00,THC,2.17,2.25,2.06,2.04,1.99,1.99,1.98,1.97,1.98,1.96,1.98,2.01,2.06,2.09,2.05,2.08,2.04,2.22,2.22,2.05,1.98,1.96,1.97,2.02,
楠梓,2024/07/22 00:00:00,WD_HR,62,62,51,47,44,51,35,39,23,36,6,13,321,306,301,304,308,297,306,307,319,341,34,357,
楠梓,2024/07/22 00:00:00,WIND_DIREC,50,21,42,47,50,40,29,47,23,48,18,46,293,309,294,300,296,297,314,311,315,324,37,4,
楠梓,2024/07/22 00:00:00,WIND_SPEED,0.2,0.3,0.2,0.5,0.6,0.3,1.4,0.9,1.8,2.5,1.8,4,2.9,3.6,2.8,2.8,3.5,1.8,2.1,0.4,0.4,0.3,0.2,0.6,
楠梓,2024/07/22 00:00:00,WS_HR,0.2,0.2,0.3,0.6,0.7,0.5,0.7,0.9,1,1.5,1.4,1.6,1.2,2.9,2.5,3,2.7,2.2,1.9,0.7,0.9,0.4,0.2,0.2,
楠梓,2024/07/23 00:00:00,AMB_TEMP,30,29.7,29.2,28.8,28.6,28.7,29.1,30.7,31.6,33.1,33.6,33.8,34.3,34.4,33,30.8,29.3,28.4,28.6,28.6,28.4,28.8,28.5,28.3,
楠梓,2024/07/23 00:00:00,CH4,1.96,2.01,2.1,2.14,2.08,2.09,2.08,1.98,1.94,1.94,1.97,1.93,1.94,1.97,1.95,1.97,1.99,1.98,1.99,1.96,1.97,1.95,1.98,2.01,
楠梓,2024/07/23 00:00:00,CO,0.14,0.17,0.16,0.17,0.17,0.17,0.21,0.19,0.15,0.17,0.17,0.14,0.15,0.15,0.15,0.2,0.26,0.29,0.32,0.48,0.33,0.32,0.26,0.16,
楠梓,2024/07/23 00:00:00,NMHC,0.03,0.05,0.03,0.06,0.02,0.03,0.02,0.41,0,0.04,0.22,0.28,0.15,0.3,0.1,0.28,0.17,0.3,0.21,0.18,0.14,0.17,0.12,0.05,
楠梓,2024/07/23 00:00:00,NO,0.8,1.2,1.4,1.7,1.6,1.8,3.6,3.2,3.8,2.8,1.8,1.8,1.8,1.7,1.9,1.8,2.6,2.3,2.4,1.9,2.2,1.8,2.4,2,
楠梓,2024/07/23 00:00:00,NO2,6.3,7.7,8.7,11.4,12.2,12.3,15.1,10.4,7.7,7.5,7.8,7.6,6.9,5.7,6.6,12.2,21.7,21.2,19.3,19.8,19.5,17.3,17.1,11,
楠梓,2024/07/23 00:00:00,NOx,7.1,9,10.2,13.1,13.8,14.2,18.7,13.6,11.6,10.3,9.7,9.4,8.8,7.5,8.5,14,24.3,23.5,21.7,21.8,21.8,19.1,19.6,13.1,
楠梓,2024/07/23 00:00:00,O3,25.4,23,19.2,14.3,14,14.9,14.8,24.7,26.5,40.8,44.6,38.2,48.6,56.3,45.3,35.1,27.6,21.8,16.9,18.8,16.7,18.5,14.6,18.4,
楠梓,2024/07/23 00:00:00,PM10,21,24,30,29,28,29,40,34,26,33,38,40,41,41,30,21,25,16,26,24,21,16,20,13,
楠梓,2024/07/23 00:00:00,PM2.5,10,8,12,10,9,9,19,14,14,15,22,17,14,16,14,13,16,11,12,12,8,7,6,9,
楠梓,2024/07/23 00:00:00,RAINFALL,0,0,0,0,0,0,0,0,0,0,0,0,0,0,0,0,18.5,3,0.5,2,0.5,0,0,0,
楠梓,2024/07/23 00:00:00,RH,86,87,88,89,89,89,88,85,82,75,76,77,75,74,78,86,90,91,91,90,91,88,90,91,
楠梓,2024/07/23 00:00:00,SO2,1.9,1,0.7,0.7,0.7,0.7,A,2.1,#,#,1.6,#,#,1.5,2.4,1.6,2.7,1.6,2.2,3.2,4.2,4,6.1,3,
楠梓,2024/07/23 00:00:00,THC,1.99,2.06,2.13,2.2,2.1,2.12,2.1,2.39,1.94,1.98,2.19,2.21,2.09,2.27,2.05,2.25,2.16,2.28,2.2,2.14,2.11,2.12,2.1,2.06,
楠梓,2024/07/23 00:00:00,WD_HR,343,357,20,63,80,64,92,338,43,20,287,289,301,286,309,193,84,148,110,177,151,150,94,97,
楠梓,2024/07/23 00:00:00,WIND_DIREC,321,44,50,61,73,99,39,14,49,284,305,306,311,287,323,159,92,155,164,171,179,148,94,101,
楠梓,2024/07/23 00:00:00,WIND_SPEED,0.2,0.2,0.2,0.2,0.2,0.2,0.2,0.2,0.2,0.2,1.1,1.4,1.8,3.2,3.2,1.3,1.1,0.7,0.9,0.4,1.8,0.9,0.5,0.4,
楠梓,2024/07/23 00:00:00,WS_HR,0.2,0.2,0.1,0.2,0.2,0.1,0.2,0.1,0.2,0.1,0.7,1.8,1.9,2,2.9,0.3,0.9,0.7,1,0.8,0.8,0.7,0.4,0.5,
楠梓,2024/07/24 00:00:00,AMB_TEMP,28,27.9,27.8,27.7,27.4,27.6,27.6,28.1,28.7,28.2,28,28.1,27.8,27.4,27.6,27.5,27.3,27.2,27.4,27.3,27.5,27.5,27.4,28.3,
楠梓,2024/07/24 00:00:00,CH4,1.97,1.99,2.06,2.09,2.04,2.1,2.05,2.12,2.09,1.95,1.9,1.89,1.9,1.9,1.9,1.9,1.91,1.91,1.9,1.91,1.92,1.9,1.94,1.96,
楠梓,2024/07/24 00:00:00,CO,0.13,0.12,0.11,0.13,0.12,0.15,0.15,0.23,0.21,0.13,0.08,0.08,0.1,0.11,0.1,0.09,0.11,0.1,0.09,0.1,0.1,0.09,0.1,0.12,
楠梓,2024/07/24 00:00:00,NMHC,0.01,0.01,0,0.01,0.01,0.13,0.02,0.05,0.02,0.07,0,0,0.15,0.15,0.15,0.07,0,0.02,0.06,0,0,0,0,0,
楠梓,2024/07/24 00:00:00,NO,1.9,0.9,1.1,0.8,0.7,1,1.1,2.3,2.8,2.4,1.3,0.8,0.9,0.8,0.6,0.7,0.5,0.9,0.9,0.7,0.5,0.6,0.9,0.8,
楠梓,2024/07/24 00:00:00,NO2,9.4,6.4,6.7,5.3,4.6,5,5.6,7.2,6.9,5.2,3.3,2.9,2.9,2.7,2.5,2,2.2,2.1,1.9,2.1,2,1.8,1.8,2,
楠梓,2024/07/24 00:00:00,NOx,11.4,7.3,7.9,6.1,5.4,6.1,6.7,9.6,9.7,7.7,4.6,3.7,3.8,3.5,3.2,2.7,2.7,3,2.8,2.8,2.6,2.4,2.7,2.8,
楠梓,2024/07/24 00:00:00,O3,18.6,20.6,19.4,16,13.4,14.8,16.8,13.4,15.1,16.1,18.2,19,23,28.6,30.4,30.6,41,35.8,29.5,37.7,37.3,27.5,33.2,35.3,
楠梓,2024/07/24 00:00:00,PM10,14,13,15,13,16,17,11,23,18,9,15,23,15,22,22,28,19,18,19,15,18,17,19,31,
楠梓,2024/07/24 00:00:00,PM2.5,7,5,5,4,6,4,5,11,9,5,6,6,4,8,5,6,3,5,4,3,8,6,2,7,
楠梓,2024/07/24 00:00:00,RAINFALL,0,0,0,0,0,0,0,0,0,13,8.5,2,5,8.5,16.5,7.5,7,7,7,2,6,13,38.5,12.5,
楠梓,2024/07/24 00:00:00,RH,91,90,91,91,91,91,90,90,88,91,92,91,92,92,92,92,92,93,92,93,92,93,93,92,
楠梓,2024/07/24 00:00:00,SO2,2.6,0.3,1,0.3,0,0,0,0.8,0.8,#,0.3,0.4,0.4,#,0.4,#,#,0,0,0,0,0.7,0.6,0.7,
楠梓,2024/07/24 00:00:00,THC,1.98,2,2.05,2.1,2.05,2.23,2.07,2.17,2.11,2.02,1.86,1.86,2.05,2.05,2.05,1.97,1.89,1.93,1.96,1.87,1.88,1.86,1.93,1.93,
楠梓,2024/07/24 00:00:00,WD_HR,83,79,80,48,35,356,343,338,326,310,315,308,291,289,288,283,276,279,283,274,273,267,273,250,
楠梓,2024/07/24 00:00:00,WIND_DIREC,78,78,74,49,307,21,322,333,320,322,316,304,291,282,278,281,268,278,278,273,267,265,262,241,
楠梓,2024/07/24 00:00:00,WIND_SPEED,0.2,0.2,0.4,1.9,0.3,0.2,0.2,2.3,2.7,5,5.5,5.4,5.9,7.1,7.3,7.3,6.2,5.8,6.2,5.8,5.5,5.3,6.3,6,
楠梓,2024/07/24 00:00:00,WS_HR,0.2,0.2,0.3,0.5,0.8,0.1,0.2,1.3,2.4,3.2,4.8,4.7,4.5,4.8,5.4,5.9,5.6,4.6,5,5.1,4.8,4.8,3.9,4.7,
楠梓,2024/07/25 00:00:00,AMB_TEMP,27.5,27.4,27.6,27.9,27.3,27,26.8,26.6,26.7,26.4,26.3,26.1,26.4,26.6,26.5,26.4,27.4,28,28.7,28.9,29,29.1,29,28.9,
楠梓,2024/07/25 00:00:00,CH4,1.94,1.95,1.98,1.97,1.95,1.96,1.96,1.97,1.95,1.95,1.95,1.96,1.95,1.96,1.95,1.96,1.98,1.98,1.96,1.94,1.99,1.95,1.95,1.97,
楠梓,2024/07/25 00:00:00,CO,0.1,0.09,0.1,0.09,0.08,0.07,0.08,0.08,0.08,0.08,0.07,0.07,0.07,0.08,0.08,0.08,0.09,0.09,0.08,0.08,0.08,0.08,0.08,0.08,
楠梓,2024/07/25 00:00:00,NMHC,0,0,0,0,0,0,0,0,0,0,0,0,0,0,0,0,0,0,0,0,0,0,0,0,
楠梓,2024/07/25 00:00:00,NO,0.8,1,0.9,1.1,1,0.8,0.8,1,1.1,1,1.1,0.9,1.1,0.8,0.9,1.1,0.9,0.9,0.9,1,0.8,1.1,1,0.8,
楠梓,2024/07/25 00:00:00,NO2,1.7,2.2,1.9,2.2,3.1,2.2,2.7,2.7,3.1,3.4,3.3,3.1,2.6,1.8,1.8,1.9,2,2.4,2.8,2,3.3,3.8,3.1,4.1,
楠梓,2024/07/25 00:00:00,NOx,2.6,3.3,2.9,3.4,4.2,3.1,3.6,3.8,4.2,4.5,4.4,4.1,3.7,2.6,2.7,3,2.9,3.3,3.8,3.1,4.1,4.9,4.1,4.9,
楠梓,2024/07/25 00:00:00,O3,31,30.3,36.2,40.1,35.9,31.7,30.1,30.7,33,30.4,31.1,32.6,32.9,33.6,33.5,33.4,35.8,30.7,26.6,26.6,25.6,24.3,25.9,24.7,
楠梓,2024/07/25 00:00:00,PM10,23,21,34,23,19,23,21,16,13,14,16,9,16,27,21,28,32,29,28,33,31,37,30,31,
楠梓,2024/07/25 00:00:00,PM2.5,6,5,5,7,6,5,5,4,4,7,7,6,4,7,7,8,9,10,6,6,5,5,6,5,
楠梓,2024/07/25 00:00:00,RAINFALL,28,15.5,3.5,23,80.5,31,45,51.5,59.5,57.5,47.5,82.5,33.5,16,8,10.5,7,14,8.5,4.5,2.5,1.5,2,5,
楠梓,2024/07/25 00:00:00,RH,93,93,92,92,93,94,93,94,94,94,95,95,95,93,92,91,90,91,92,92,91,91,91,91,
楠梓,2024/07/25 00:00:00,SO2,0,#,#,#,#,#,#,#,#,#,#,#,#,#,#,0.5,1.1,0.4,1.4,0.9,0.2,0.1,0.8,0.5,
楠梓,2024/07/25 00:00:00,THC,1.9,1.91,1.95,1.95,1.92,1.93,1.93,1.94,1.92,1.92,1.92,1.93,1.92,1.93,1.91,1.92,1.94,1.96,1.93,1.91,1.98,1.94,1.93,1.94,
楠梓,2024/07/25 00:00:00,WD_HR,262,252,257,239,234,247,232,238,226,233,229,235,215,214,214,213,210,202,212,204,197,192,193,194,
楠梓,2024/07/25 00:00:00,WIND_DIREC,258,253,259,240,235,251,238,229,220,224,229,219,218,215,218,213,205,188,220,200,194,191,199,197,
楠梓,2024/07/25 00:00:00,WIND_SPEED,5.1,4.6,3.8,4.8,7,3.4,5.2,7.1,4.7,7.5,6.3,5.2,8.9,9.7,7.9,9.1,5.5,4.1,7.4,4.7,4.5,4.4,4.8,4.4,
楠梓,2024/07/25 00:00:00,WS_HR,4.6,3.9,3.6,3.4,5.1,4,3.9,3.9,5.4,4.8,4.8,4.8,6.9,9.2,7.9,8.5,7.1,5.1,6.7,5.7,4.1,4.3,4.5,4,
楠梓,2024/07/26 00:00:00,AMB_TEMP,28.9,29.3,29.1,29.3,27.3,26.5,28.2,28.3,27.9,29.7,30.3,27.8,29.7,30.1,30.2,30.1,30,29.9,29.9,28.3,29.1,28.7,28.8,28.7,
楠梓,2024/07/26 00:00:00,CH4,1.99,1.98,1.96,1.95,1.94,1.96,1.96,1.96,1.95,1.94,1.93,1.94,1.94,1.94,1.92,1.93,1.94,1.95,1.95,1.94,1.97,2,1.94,1.93,
楠梓,2024/07/26 00:00:00,CO,0.07,0.1,0.1,0.09,0.09,0.11,0.12,0.14,0.13,0.18,0.18,0.13,0.17,0.14,0.16,0.27,0.27,0.27,0.28,0.19,0.18,0.15,0.13,0.13,
楠梓,2024/07/26 00:00:00,NMHC,0,0,0,0,0,0.04,0,0,0,0.02,0.05,0,0.01,0.02,0.02,0.08,0.15,0.12,0.11,0.04,0.1,0.12,0.04,0.04,
楠梓,2024/07/26 00:00:00,NO,0.8,0,0,0,0,0,#,0,0,0.2,0.5,0.1,0.4,0.4,0.8,0.7,0.4,0,0,#,0,0.6,0,0,
楠梓,2024/07/26 00:00:00,NO2,3.7,4.5,4.1,3.2,2.8,5.1,*,4.1,5.2,7.2,7.4,5.3,6.2,5.3,5.9,8,9.9,9.9,9.3,*,7.9,9.1,5.6,4.1,
楠梓,2024/07/26 00:00:00,NOx,4.5,4.6,4,3.2,2.8,4.7,*,4.1,5.2,7.4,8,5.4,6.6,5.7,6.8,8.8,10.3,10,9.2,*,7.9,9.7,5.6,3.9,
楠梓,2024/07/26 00:00:00,O3,25.6,24.9,24.9,26.6,28.7,27.9,26.7,26.3,30.8,23.5,21.7,23.4,23.9,24.9,22.1,18.4,17.6,17.9,17.7,20.2,17.7,14.4,19,20.2,
楠梓,2024/07/26 00:00:00,PM10,31,39,40,33,21,26,25,31,34,54,#,24,48,47,49,47,54,55,60,33,43,32,23,25,
楠梓,2024/07/26 00:00:00,PM2.5,5,6,6,7,7,5,8,10,9,14,#,6,11,16,18,22,19,22,18,12,21,14,10,8,
楠梓,2024/07/26 00:00:00,RAINFALL,2.5,0.5,2.5,1.5,26,2.5,8.5,4,1.5,0,0,32.5,0.5,1.5,0.5,0.5,0,0,0,0,0,0,0.5,0,
楠梓,2024/07/26 00:00:00,RH,92,91,91,90,92,93,91,91,89,88,87,91,89,89,88,87,88,89,89,89,91,92,90,89,
楠梓,2024/07/26 00:00:00,SO2,0.9,2.6,2.7,2.9,2.6,2.5,1.7,1.7,2.9,3.4,#,#,1.7,2.1,1.9,4.4,3.6,3.2,3.1,3,3.8,3.4,2.8,2.4,
楠梓,2024/07/26 00:00:00,THC,1.97,1.96,1.94,1.91,1.9,2,1.94,1.95,1.94,1.96,1.98,1.93,1.95,1.96,1.94,2.01,2.09,2.07,2.06,1.98,2.07,2.12,1.98,1.97,
楠梓,2024/07/26 00:00:00,WD_HR,196,190,193,204,204,177,196,197,211,187,193,202,193,193,189,172,157,160,158,190,148,139,156,155,
楠梓,2024/07/26 00:00:00,WIND_DIREC,188,195,198,193,199,186,209,197,189,166,191,191,192,193,187,160,159,163,154,184,151,147,157,155,
楠梓,2024/07/26 00:00:00,WIND_SPEED,4.3,4.1,4.3,4.3,5.2,3.4,5.3,5.1,3.3,5.7,4.6,4.4,4.9,4.4,3.7,4,2.8,2.8,3.2,1.7,3,3.3,3.4,4.9,
楠梓,2024/07/26 00:00:00,WS_HR,4,3.3,3.2,5.1,5.6,2.9,4.4,4.4,3.2,3.7,4.4,4.7,3.9,4.2,3.5,3.4,3,2.9,2.7,1.6,2.4,1.6,3.5,3.7,
楠梓,2024/07/27 00:00:00,AMB_TEMP,28.5,28.7,28.8,28.5,28.5,28.2,28.6,29,29.9,30.5,31.5,31.3,31.1,30.5,30.1,30.2,30,30,29.9,29.2,28.9,29,29.9,30.3,
楠梓,2024/07/27 00:00:00,CH4,1.93,1.92,1.93,1.94,1.93,1.93,1.94,1.93,1.93,1.92,1.92,1.92,1.92,1.92,1.92,1.93,1.94,1.94,1.96,2,2.03,2.05,2,1.96,
楠梓,2024/07/27 00:00:00,CO,0.14,0.13,0.11,0.14,0.11,0.1,0.13,0.17,0.17,0.14,0.13,0.16,0.13,0.12,0.13,0.16,0.18,0.23,0.25,0.26,0.31,0.3,0.21,0.16,
楠梓,2024/07/27 00:00:00,NMHC,0.02,0.03,0.01,0.02,0.02,0.03,0.04,0.05,0.04,0.02,0.01,0.02,0,0.01,0.02,0.09,0.06,0.09,0.1,0.18,0.19,0.2,0.1,0.17,
楠梓,2024/07/27 00:00:00,NO,0,0.5,0.3,0.3,0.4,0.4,0.7,1.1,2,1.9,2.2,2.2,1.7,1.3,1.4,2,2.1,1.6,1,1.7,2.9,3.6,1.3,0.5,
楠梓,2024/07/27 00:00:00,NO2,3.1,3.9,3.9,4.6,4,4.5,5.7,6.9,7.2,6.3,5.5,6.1,5.8,5.4,5.9,7.7,10,11.3,12.7,14.5,16.1,17.6,13.9,11.4,
楠梓,2024/07/27 00:00:00,NOx,2.9,4.4,4.2,5,4.4,4.9,6.4,8,9.2,8.3,7.7,8.3,7.6,6.8,7.4,9.7,12.1,13,13.7,16.3,19,21.3,15.3,11.9,
楠梓,2024/07/27 00:00:00,O3,20.8,20.6,20.4,20.2,20.7,19.4,17.6,17.5,19.1,20.6,22.8,21.6,22.3,22.6,21.5,19.9,16.7,14.1,12,7.4,4.7,3.4,10.3,14.2,
楠梓,2024/07/27 00:00:00,PM10,23,30,29,21,21,23,28,22,25,25,21,20,26,24,23,26,24,16,22,22,34,27,27,26,
楠梓,2024/07/27 00:00:00,PM2.5,10,10,9,8,7,5,9,10,6,5,8,9,10,9,5,6,13,8,9,10,12,11,12,11,
楠梓,2024/07/27 00:00:00,RAINFALL,0,0,0,0.5,0,1,0,0,0,0,0,0,0,0,0,0,0,0,0,0,0,0,0,0,
楠梓,2024/07/27 00:00:00,RH,90,90,90,91,90,91,91,90,87,85,81,80,80,81,80,79,80,79,80,86,88,87,82,77,
楠梓,2024/07/27 00:00:00,SO2,2.4,#,#,0,0,0.3,#,#,#,#,#,0.8,0,0,#,#,0,0.6,0.4,1.5,2.9,4,0.9,0.8,
楠梓,2024/07/27 00:00:00,THC,1.95,1.95,1.94,1.96,1.95,1.96,1.98,1.98,1.97,1.94,1.93,1.94,1.92,1.93,1.94,2.02,2,2.03,2.06,2.18,2.22,2.25,2.1,2.13,
楠梓,2024/07/27 00:00:00,WD_HR,160,158,159,157,156,156,159,158,157,159,163,167,163,156,159,162,167,176,162,124,93,86,159,169,
楠梓,2024/07/27 00:00:00,WIND_DIREC,160,154,165,155,153,160,158,157,161,160,162,165,162,158,162,163,178,182,151,152,92,86,164,158,
楠梓,2024/07/27 00:00:00,WIND_SPEED,4,4,3.9,4,4,3.1,2.8,3.3,4.5,4.2,3.9,4.3,5,5.6,3.9,2.8,2.9,2.8,1.9,1.2,0.3,0.8,2.6,2.9,
楠梓,2024/07/27 00:00:00,WS_HR,3.6,3.6,3,3.4,4,3,2.8,2.8,3.4,4,4.8,3.9,4.1,4.7,3.7,3.1,2.7,2.4,2.1,0.9,0.6,0.6,1.6,2.2,
楠梓,2024/07/28 00:00:00,AMB_TEMP,30.1,29.2,27.6,27.3,27.5,28.1,29.1,30.3,31.8,32.8,33.9,34.6,34.4,34.3,34.3,33.9,32.7,31.6,30.5,29.9,29.3,29,29.1,28.5,
楠梓,2024/07/28 00:00:00,CH4,1.96,1.96,2.12,2.22,2.21,2.24,2.25,2.08,1.99,1.96,1.95,1.95,1.95,1.95,1.95,1.94,1.93,1.93,1.93,1.98,2.03,2.06,2.1,2.13,
楠梓,2024/07/28 00:00:00,CO,0.15,0.13,0.17,0.24,0.2,0.31,0.36,0.46,0.34,0.24,0.22,0.23,0.17,0.16,0.15,0.15,0.14,0.15,0.16,0.17,0.19,0.24,0.28,0.31,
楠梓,2024/07/28 00:00:00,NMHC,0.17,0.03,0.03,0.05,0.07,0.35,0.24,0.11,0.12,0.04,0.03,0.03,0,0.06,0.03,0.05,0.19,0.3,0.09,0,0,0.01,0.06,0.08,
楠梓,2024/07/28 00:00:00,NO,0.5,0.8,0.7,0.8,0.8,3.6,4.9,4.1,4.1,2,1.7,1.1,1.1,1,0.7,0.8,0.6,0.8,0.6,0.6,0.7,0.6,0.7,1,
楠梓,2024/07/28 00:00:00,NO2,10.3,4.8,5,6.8,6.8,11.2,12.1,12,10.6,7.3,6.1,4.7,4.3,3.8,4,4.2,3.9,5.6,6.2,5.5,7.3,9,11.1,13.4,
楠梓,2024/07/28 00:00:00,NOx,10.9,5.6,5.8,7.7,7.6,14.9,17.1,16.2,14.7,9.4,7.8,5.9,5.5,4.8,4.7,5.1,4.6,6.4,6.8,6.2,8.1,9.6,11.9,14.4,
楠梓,2024/07/28 00:00:00,O3,14.9,15.7,7.6,4.3,4,0.8,6.3,12.7,27.1,35.4,39.1,45.8,41.9,42.5,47.1,46.9,43.2,35.7,33,30.9,25.4,21.8,16.4,11,
楠梓,2024/07/28 00:00:00,PM10,21,25,22,26,18,30,28,30,25,28,25,23,21,24,28,25,26,27,31,29,20,21,25,26,
楠梓,2024/07/28 00:00:00,PM2.5,12,12,9,11,10,8,11,13,16,13,12,15,14,9,10,8,12,12,15,9,11,13,15,18,
楠梓,2024/07/28 00:00:00,RAINFALL,0,0,0,0,0,0,0,0,0,0,0,0,0,0,0,0,0,0,0,0,0,0,0,0,
楠梓,2024/07/28 00:00:00,RH,78,82,90,91,90,89,87,81,76,69,61,58,57,60,61,63,67,74,80,82,85,87,87,89,
楠梓,2024/07/28 00:00:00,SO2,1.3,1.8,1.5,3,0.6,0.9,1.5,4.6,4.5,3,2.6,2.4,1.7,1.8,2.3,1.8,1.7,1.9,1.2,1.2,1,2.1,1.4,1.3,
楠梓,2024/07/28 00:00:00,THC,2.13,1.99,2.15,2.27,2.28,2.59,2.49,2.19,2.11,2,1.98,1.98,1.95,2.01,1.98,1.99,2.12,2.23,2.02,1.98,2.03,2.07,2.16,2.21,
楠梓,2024/07/28 00:00:00,WD_HR,164,123,337,324,145,201,216,217,286,323,327,341,339,287,282,279,290,305,309,23,15,358,342,86,
楠梓,2024/07/28 00:00:00,WIND_DIREC,164,31,351,100,202,214,176,284,318,45,318,315,316,265,287,283,284,311,308,51,331,331,75,97,
楠梓,2024/07/28 00:00:00,WIND_SPEED,2.5,0.5,0.6,0.2,0.9,1.4,0.6,0.4,1.4,1.8,1.7,1.5,2.4,2.5,1.9,2.7,2.4,1.9,0.8,0.2,0.5,0.2,0.2,0.2,
楠梓,2024/07/28 00:00:00,WS_HR,1.9,0.5,0.4,0.6,0.1,1.3,0.9,0.9,0.5,0.5,1.1,0.9,1.4,1.8,1.8,2.1,2.4,1.7,1.7,0.6,0.3,0.4,0.1,0.2,
楠梓,2024/07/29 00:00:00,AMB_TEMP,28.3,28,27.9,27.5,27.2,27,27.5,28.8,29.4,30.4,30.9,32,32.7,31.2,27.2,26,26.1,26.4,26.2,26.3,26.4,27,26.7,26.3,
楠梓,2024/07/29 00:00:00,CH4,2.13,2.14,2.13,2.12,2.15,2.15,2.1,2.08,2.06,2.06,2.06,2.02,1.99,1.96,1.97,1.95,1.99,1.99,1.98,1.98,2.01,2.01,2.02,2.05,
楠梓,2024/07/29 00:00:00,CO,0.25,0.24,0.21,0.19,0.2,0.22,0.27,0.34,0.32,0.35,0.35,0.31,0.19,0.17,0.17,0.2,0.27,0.31,0.27,0.24,0.32,0.37,0.36,0.35,
楠梓,2024/07/29 00:00:00,NMHC,0.04,0.04,0.01,0.01,0.01,0.02,0.04,0.05,0.09,0.18,0.17,0.08,0,0,0.01,0.04,0.13,0.18,0.05,0.19,0.21,0.14,0.14,0.08,
楠梓,2024/07/29 00:00:00,NO,1.2,0.5,0.6,0.8,0.7,1,2.6,5.2,3.3,3.8,2.4,1.5,1.1,0.7,1.2,2.9,5.8,3.7,1,0.6,0.7,1.1,5.8,3.7,
楠梓,2024/07/29 00:00:00,NO2,11.9,9.1,7.8,6.8,7.9,8.5,11.7,12.1,13.3,16.7,15,12.1,7.4,5.5,12,18.2,28.9,21.8,13.2,12.7,16.9,22.6,24.9,18,
楠梓,2024/07/29 00:00:00,NOx,13.1,9.6,8.4,7.6,8.7,9.5,14.4,17.3,16.6,20.6,17.4,13.7,8.5,6.2,13.2,21.2,34.7,25.6,14.2,13.4,17.7,23.7,30.7,21.8,
楠梓,2024/07/29 00:00:00,O3,13.2,15.6,17.8,19,14,8.6,8.4,15.1,18.7,25.5,39.6,53.8,60.2,53.7,35.8,26.1,9.9,16.7,26.7,25,17.2,8.2,2.3,3.2,
楠梓,2024/07/29 00:00:00,PM10,28,31,29,25,25,25,26,36,44,52,47,46,38,40,19,15,19,16,13,12,15,12,16,19,
楠梓,2024/07/29 00:00:00,PM2.5,15,14,12,18,15,12,16,15,25,30,25,23,24,14,11,8,7,11,7,5,11,9,8,7,
楠梓,2024/07/29 00:00:00,RAINFALL,0,0,0,0,0,0,0,0,0,0,0,0,0,0,9.5,18,2.5,1.5,0,0,0,0,0,0,
楠梓,2024/07/29 00:00:00,RH,89,90,90,91,92,92,91,88,87,84,81,77,76,80,91,94,94,94,93,92,92,91,93,94,
楠梓,2024/07/29 00:00:00,SO2,1.4,1.3,1.2,1.1,1.2,0.3,0.9,1.3,2.6,3.2,1.5,1.7,1,1.1,0.5,0.6,0.1,0.9,0.2,0.7,0.7,0.8,0.5,0.7,
楠梓,2024/07/29 00:00:00,THC,2.17,2.18,2.14,2.13,2.16,2.17,2.14,2.13,2.15,2.24,2.23,2.1,1.99,1.96,1.98,1.99,2.12,2.17,2.03,2.17,2.22,2.15,2.16,2.13,
楠梓,2024/07/29 00:00:00,WD_HR,56,69,75,74,64,62,59,86,128,206,221,238,262,231,45,0,70,96,98,141,170,182,82,85,
楠梓,2024/07/29 00:00:00,WIND_DIREC,54,78,76,73,42,65,85,82,241,262,63,263,237,118,13,60,104,99,86,158,175,106,81,94,
楠梓,2024/07/29 00:00:00,WIND_SPEED,0.2,0.2,0.2,0.2,0.2,0.2,0.2,0.2,0.2,0.2,0.2,0.2,1.8,1.5,3.5,1.9,1,0.9,1.3,2.2,0.2,0.2,0.4,0.2,
楠梓,2024/07/29 00:00:00,WS_HR,0.2,0.2,0.2,0.2,0.2,0.2,0.1,0.2,0,0.1,0,0,1.4,1.1,1.8,0.4,1.4,0.7,1.2,0.7,1,0.1,0.2,0.2,
楠梓,2024/07/30 00:00:00,AMB_TEMP,26.3,26.2,26.3,26.5,26.4,26.1,27,29,30.8,31.9,32.8,33.9,33.9,33.5,33.6,33.4,32.6,31.7,30.7,29.2,28.2,28.5,28.3,27.5,
楠梓,2024/07/30 00:00:00,CH4,2.07,2.07,2.05,2.03,2.01,2.01,2,1.97,1.98,2.01,1.91,1.9,#,#,1.91,1.91,1.91,1.9,1.91,1.92,1.95,1.96,1.99,1.97,
楠梓,2024/07/30 00:00:00,CO,0.33,0.24,0.21,0.17,0.15,0.18,0.23,0.28,0.26,0.37,#,0.19,0.14,0.13,0.12,0.12,0.13,0.18,0.25,0.2,0.23,0.18,0.21,0.22,
楠梓,2024/07/30 00:00:00,NMHC,0.06,0.02,0.05,0.04,0.07,0.01,0.02,0.06,0.1,0.13,0.09,0.03,#,#,0,0,0,0,0.06,0.1,0.16,0.28,0.31,0.33,
楠梓,2024/07/30 00:00:00,NO,2.5,0.7,0.3,0.4,2.1,3.1,8.2,7.8,6,5.4,#,3.1,2.4,1.5,2.3,2.1,2.5,1.8,0.9,0.2,2.3,1.3,1.3,0.7,
楠梓,2024/07/30 00:00:00,NO2,16.3,10.4,10.9,12.3,13.8,10.6,11.8,9.4,10,13.7,#,7.9,7,6,6.3,5.3,5.9,7.1,10.2,11.2,18,12,14.2,13.4,
楠梓,2024/07/30 00:00:00,NOx,18.8,11.1,11.3,12.7,16,13.7,20,17.3,16.1,19.1,#,11,9.4,7.6,8.6,7.5,8.5,8.9,11.2,11.5,20.3,13.3,15.6,14.2,
楠梓,2024/07/30 00:00:00,O3,7.3,11.3,10,8.4,6.3,4.8,4.9,9.2,15.3,24.5,23.4,#,24.8,25.3,21.4,19.8,17.9,17.7,13.7,15.3,6.1,11.2,7.2,9.3,
楠梓,2024/07/30 00:00:00,PM10,17,16,13,17,18,20,22,24,17,22,x,24,#,8,11,9,14,18,16,15,16,15,16,6,
楠梓,2024/07/30 00:00:00,PM2.5,8,9,4,4,3,5,11,8,6,12,12,#,0,4,7,5,6,5,7,7,6,5,8,8,
楠梓,2024/07/30 00:00:00,RAINFALL,0,0,0,0,0,0,0,0,0,0,0,#,0,0,0,0,0,0,0,8.5,0.5,0,2,0,
楠梓,2024/07/30 00:00:00,RH,93,93,93,92,92,93,91,87,82,77,71,65,65,66,65,64,66,74,80,87,92,90,91,92,
楠梓,2024/07/30 00:00:00,SO2,1.1,1.5,1.4,1.1,1.6,1.2,0.9,0.9,2.9,3.7,#,#,#,#,#,#,1.2,1.1,1.1,1.4,3.2,2.8,3.3,2.5,
楠梓,2024/07/30 00:00:00,THC,2.13,2.09,2.1,2.07,2.08,2.02,2.02,2.03,2.08,2.14,2,1.93,#,#,1.91,1.9,1.9,1.9,1.97,2.02,2.11,2.24,2.3,2.3,
楠梓,2024/07/30 00:00:00,WD_HR,95,103,92,65,78,94,68,78,175,184,196,197,205,207,213,219,219,217,207,178,102,161,123,129,
楠梓,2024/07/30 00:00:00,WIND_DIREC,97,93,88,66,101,54,70,95,186,213,172,180,195,205,215,217,214,227,165,71,117,130,99,73,
楠梓,2024/07/30 00:00:00,WIND_SPEED,0.2,0.2,0.2,0.2,0.2,0.2,1.3,0.5,1.7,2.9,2.7,3.2,3.9,4.1,2.9,4.1,3.3,2.6,2.4,1.1,0.3,0.2,0.4,0.2,
楠梓,2024/07/30 00:00:00,WS_HR,0.2,0.4,0.2,0.2,0.2,0.5,0.6,1,1.4,1.7,2.5,3,3.2,3.1,3.2,3.3,3.3,2.6,2.2,1.6,0.5,0.8,0.2,0.3,
楠梓,2024/07/31 00:00:00,AMB_TEMP,27.4,27.4,27.1,26.9,26.6,26.8,27.8,29.7,31.1,32.1,32,32.3,33,33.3,33.1,32.9,31.9,31.3,30.1,28.9,28.6,28.7,28.2,27.9,
楠梓,2024/07/31 00:00:00,CH4,1.96,2.02,2.1,2.1,2.01,1.99,2.02,2.02,2.01,2,1.93,1.92,1.91,1.9,1.9,1.9,1.9,1.9,1.95,1.96,1.97,2.03,2.04,2.04,
楠梓,2024/07/31 00:00:00,CO,0.23,0.14,0.14,0.14,0.12,0.17,0.33,0.31,0.35,0.39,0.24,0.16,0.13,0.11,0.12,0.12,0.11,0.14,0.2,0.22,0.22,0.33,0.26,0.22,
楠梓,2024/07/31 00:00:00,NMHC,0.14,0.33,0.03,0,0,0,0.18,0.37,0.2,0.11,0.06,0,0,0,0,0,0,0,0,0,0,0.08,0.06,0.03,
楠梓,2024/07/31 00:00:00,NO,0.7,0.4,0.2,0.8,0.9,3,11.7,9,3.5,4,3.5,2.8,1.4,0.7,1.3,1.8,0.8,0.3,0.8,1.5,1.1,2.2,2.9,2.2,
楠梓,2024/07/31 00:00:00,NO2,13.4,12.4,9,9.6,8.2,10.9,14.4,17.9,13.1,14.6,13.3,9.1,5.3,4.3,5.1,5.3,4.7,5.3,8.5,9.2,10.7,13.8,13.1,12,
楠梓,2024/07/31 00:00:00,NOx,14.2,12.8,9.3,10.5,9.2,13.9,26.2,27,16.6,18.6,16.8,11.9,6.8,5.1,6.4,7.1,5.6,5.6,9.3,10.7,11.9,16.1,16.1,14.2,
楠梓,2024/07/31 00:00:00,O3,7.3,8.6,8.4,7.1,7.1,3,3.9,14,22.5,24.4,18.4,22.5,25.7,23.1,21.7,20,24,23.6,16.5,12.7,9.7,4.3,4.9,4.4,
楠梓,2024/07/31 00:00:00,PM10,14,11,17,15,13,16,21,24,23,26,21,22,18,14,18,15,21,13,19,13,12,18,16,15,
楠梓,2024/07/31 00:00:00,PM2.5,5,2,3,2,3,5,8,9,7,9,8,8,5,10,9,6,5,4,8,9,6,6,10,6,
楠梓,2024/07/31 00:00:00,RAINFALL,0,0,0,0,0,0,0,0,0,0,0,0,0,0,0,0,0,0,0,0,0,0,0,0,
楠梓,2024/07/31 00:00:00,RH,92,92,93,93,92,90,88,84,78,75,76,74,73,69,71,71,76,77,83,88,88,88,89,90,
楠梓,2024/07/31 00:00:00,SO2,2.3,1.5,1,1,0.5,0.6,0.9,3.6,2.8,3.4,1.7,1,0.5,0.4,0.6,0.6,0.5,0.5,0.4,0.5,0.4,0.7,0.7,0.8,
楠梓,2024/07/31 00:00:00,THC,2.1,2.35,2.13,2.1,1.98,1.99,2.2,2.39,2.21,2.11,1.99,1.92,1.89,1.88,1.89,1.89,1.87,1.87,1.95,1.96,1.97,2.11,2.1,2.07,
楠梓,2024/07/31 00:00:00,WD_HR,85,93,86,85,89,91,84,119,163,185,199,217,218,215,218,224,234,239,93,96,68,88,88,74,
楠梓,2024/07/31 00:00:00,WIND_DIREC,88,87,84,78,83,88,91,161,177,201,199,218,224,224,234,231,221,190,88,104,94,85,107,66,
楠梓,2024/07/31 00:00:00,WIND_SPEED,0.3,0.2,0.2,0.2,0.2,0.2,0.2,1.2,2.5,2.7,2.1,3.3,3.6,3.2,2.7,2.4,2.8,1.4,1.9,1.3,0.5,0.5,0.5,0.7,
楠梓,2024/07/31 00:00:00,WS_HR,0.2,0.2,0.2,0.3,0.3,0.2,0.3,0.6,2.1,1.8,2.3,2.6,3.2,3.3,2.4,2.7,2.5,1.3,1.2,1.4,1.1,0.5,0.8,0.8,
楠梓,2024/08/01 00:00:00,AMB_TEMP,27.7,27.5,27.3,26.9,27.1,26.6,26.7,28,30.4,31.9,32.9,33.8,33.8,34,33.8,33.4,32.1,31.3,30.8,30.2,30,29.8,29.7,29.5,
楠梓,2024/08/01 00:00:00,CH4,1.98,1.95,2,1.97,1.96,1.94,1.97,2.01,1.96,1.94,1.93,1.94,1.93,1.92,1.91,1.92,1.91,1.91,1.91,1.92,1.93,1.97,1.95,1.98,
楠梓,2024/08/01 00:00:00,CO,0.18,0.2,0.18,0.14,0.13,0.13,0.21,0.37,0.22,0.17,0.14,0.12,0.12,0.12,0.13,0.12,0.14,0.16,0.17,0.16,0.15,0.14,0.14,0.14,
楠梓,2024/08/01 00:00:00,NMHC,0.01,0.03,0.02,0,0,0,0.03,0.06,0,0.03,0.04,0.03,0,0,0,0,0.01,0.02,0.04,0.07,0.02,0.07,0.03,0.09,
楠梓,2024/08/01 00:00:00,NO,1.6,1.8,1.8,1.7,1.6,1,3.2,10.2,6.5,2.4,1.3,1.2,1.3,1.2,1.4,1.3,1.5,1.1,0.9,0.8,1,1,0.8,0.9,
楠梓,2024/08/01 00:00:00,NO2,9.7,7.9,8.7,6.6,6.7,7.1,12.6,15,6.5,6.6,4.4,4.2,3.1,2.7,3.1,3,4.6,4,5,4.6,5.2,7.1,5.4,4,
楠梓,2024/08/01 00:00:00,NOx,11.3,9.7,10.6,8.4,8.3,8.1,15.9,25.3,13,9.1,5.8,5.5,4.4,4,4.6,4.4,6.1,5.1,6,5.4,6.2,8.2,6.2,4.9,
楠梓,2024/08/01 00:00:00,O3,7.3,7.9,5.9,6.8,6.1,15.7,10.2,8.2,19.2,31.8,32.5,33.8,29.4,29.1,28.9,28.8,29.9,24,24.6,22.5,16,13.3,15.3,15.8,
楠梓,2024/08/01 00:00:00,PM10,18,13,14,23,18,9,14,19,20,x,20,20,17,12,21,16,20,22,23,25,26,27,24,28,
楠梓,2024/08/01 00:00:00,PM2.5,1,1,4,4,5,6,6,7,7,7,6,8,8,6,5,11,14,10,11,10,10,8,10,10,
楠梓,2024/08/01 00:00:00,RAINFALL,0,0,0,0,1.5,1,0,0,0,0,0,0,0,0,0,0,0,0,0,0,0,0,0,0,
楠梓,2024/08/01 00:00:00,RH,90,91,91,91,90,93,94,91,82,77,70,66,68,66,68,70,76,80,84,88,87,87,88,89,
楠梓,2024/08/01 00:00:00,SO2,0.6,0.4,0.6,0.3,0.2,0.2,0.3,0.7,0.7,1.4,0.5,0.6,0.3,0.2,0.3,0.2,0.3,0.4,0.5,0.3,0.2,0.2,0.2,0.2,
楠梓,2024/08/01 00:00:00,THC,1.99,1.98,2.02,1.95,1.94,1.92,2,2.07,1.96,1.97,1.97,1.97,1.91,1.91,1.88,1.9,1.92,1.93,1.95,1.99,1.95,2.04,1.98,2.07,
楠梓,2024/08/01 00:00:00,WD_HR,49,89,77,101,210,86,62,71,50,318,291,290,276,277,271,276,280,290,279,306,310,314,292,319,
楠梓,2024/08/01 00:00:00,WIND_DIREC,298,99,81,97,215,52,67,87,32,285,303,278,265,267,278,283,291,285,268,305,302,303,309,320,
楠梓,2024/08/01 00:00:00,WIND_SPEED,1,1.1,1.2,1.1,1.7,1.6,1.4,1,1.2,1.9,2,2.5,2,2.6,2.8,2.6,2.5,1.7,1.8,1.3,1.5,0.8,1.1,0.7,
楠梓,2024/08/01 00:00:00,WS_HR,0.9,0.9,1,1.2,0.4,0.5,1.4,0.7,1.1,0.8,1.4,1.6,2.1,1.9,2.2,2.2,2.2,1.7,1.5,1.5,1.4,0.8,0.8,0.9,
楠梓,2024/08/02 00:00:00,AMB_TEMP,29.4,29.2,29,28.5,28.2,28.2,28.8,30.3,31.4,32.4,33.4,33.9,33.8,33.5,33.3,32.7,31.5,31,30.7,30.4,30.3,29.6,29.6,29.5,
楠梓,2024/08/02 00:00:00,CH4,1.96,2.01,2.09,2.14,2.06,2.03,2.05,1.98,1.95,1.97,1.94,1.92,1.92,1.92,1.92,1.91,1.92,1.92,1.92,1.93,1.97,2.01,2.02,2.07,
楠梓,2024/08/02 00:00:00,CO,0.12,0.16,0.16,0.17,0.15,0.17,0.22,0.24,0.17,0.16,0.13,0.11,0.11,0.11,0.11,0.11,0.13,0.17,0.16,0.17,0.2,0.25,0.25,0.29,
楠梓,2024/08/02 00:00:00,NMHC,0,0,0.06,0.1,0.01,0.01,0.02,0.02,0,0.15,0.05,0.04,0.08,0.02,0.17,0.09,0.13,0.28,0.28,0,0.04,0.02,0.03,0.07,
楠梓,2024/08/02 00:00:00,NO,0.8,0.6,0.4,0.7,2.1,2.6,6,5.1,2.6,1.8,1.5,0.9,0.6,0.7,0.7,0.8,0.7,0.6,0.2,0.2,0.6,1.8,1.3,2,
楠梓,2024/08/02 00:00:00,NO2,3.3,7.2,8.4,9.3,9.3,9.9,9.8,7.1,5.9,7.1,6.3,3.7,3,2.5,2.8,3.3,4.5,6,6.4,5.3,8.1,13.2,14,16,
楠梓,2024/08/02 00:00:00,NOx,4.2,7.8,8.8,10.1,11.5,12.6,15.9,12.3,8.5,9,7.9,4.6,3.6,3.3,3.6,4.2,5.2,6.6,6.7,5.6,8.7,15,15.3,18.1,
楠梓,2024/08/02 00:00:00,O3,19.4,13.4,8.7,5.5,3.9,4.4,5.7,14.5,21.4,27.7,31.9,28.5,27.5,26.4,25.5,25.7,22.9,21,20.1,20.1,14.5,7.8,8.1,3.7,
楠梓,2024/08/02 00:00:00,PM10,23,24,36,31,28,26,31,27,24,34,32,23,17,23,21,27,31,24,24,26,30,35,26,27,
楠梓,2024/08/02 00:00:00,PM2.5,8,8,9,11,10,8,8,13,9,15,9,14,10,11,9,14,12,11,15,13,15,7,10,12,
楠梓,2024/08/02 00:00:00,RAINFALL,0,0,0,0,0,0,0,0,0,0,0,0,0,0,0,0,0,0,0,0,0,0,0,0,
楠梓,2024/08/02 00:00:00,RH,90,90,90,91,92,92,90,86,80,76,68,66,66,69,69,71,77,79,80,83,83,87,87,88,
楠梓,2024/08/02 00:00:00,SO2,0.4,1,1.1,1,0.9,0.9,1.2,0.9,1.1,1.5,1.4,1,1,0.7,0.8,0.8,0.8,1,0.7,0.9,1.1,0.8,0.8,1,
楠梓,2024/08/02 00:00:00,THC,1.91,2.01,2.15,2.24,2.07,2.04,2.07,2,1.94,2.12,1.99,1.96,2,1.94,2.09,2,2.05,2.2,2.2,1.93,2.01,2.03,2.05,2.14,
楠梓,2024/08/02 00:00:00,WD_HR,314,10,53,65,70,69,64,50,19,310,292,279,278,284,291,305,294,302,314,356,63,69,90,86,
楠梓,2024/08/02 00:00:00,WIND_DIREC,315,55,60,99,63,57,66,31,36,301,290,288,278,274,285,310,302,301,308,40,74,75,96,93,
楠梓,2024/08/02 00:00:00,WIND_SPEED,0.6,0.8,0.8,1,1.2,1.4,1.3,1.6,2,2.1,2.6,2.8,3.1,3.2,3.4,2.8,2.4,2.5,1.8,0.6,1.5,0.9,0.4,0.4,
楠梓,2024/08/02 00:00:00,WS_HR,0.8,0.2,0.4,1,1.3,1.2,1.4,1.4,0.9,1.5,2,2.1,2.4,2.5,2.6,2.8,2.2,2.2,1.7,0.6,1.1,1,0.6,0.3,
楠梓,2024/08/03 00:00:00,AMB_TEMP,28.9,28.5,28.5,28.2,28.1,28,28.6,29.8,31.3,32.8,33.6,34,34.2,34.1,33.8,33.5,32.9,31.7,31.2,30.8,30.5,30.2,29.7,29.6,
楠梓,2024/08/03 00:00:00,CH4,2.16,2.04,2.13,2.18,2.13,2.13,2.14,2.02,1.99,1.98,1.97,1.93,1.92,1.92,1.92,1.92,1.91,1.91,1.92,1.93,1.94,2.03,2.06,2.02,
楠梓,2024/08/03 00:00:00,CO,0.33,0.2,0.22,0.24,0.23,0.22,0.27,0.17,0.19,0.15,0.14,0.11,0.11,0.1,0.1,0.1,0.11,0.12,0.12,0.13,0.12,0.22,0.27,0.19,
楠梓,2024/08/03 00:00:00,NMHC,0.09,0.01,0.05,0.05,0.06,0.07,0.1,0.01,0.02,0,0.18,0.03,0.01,0,0.03,0.11,0.01,0,0.05,0.01,0.28,0.36,0.03,0,
楠梓,2024/08/03 00:00:00,NO,7.2,1.1,1.1,2.2,1.1,1.4,6.8,2.3,2.3,1.5,0.7,0.8,0.7,0.5,0.5,0.5,0.6,0.6,0.2,0.5,0.5,0.5,0.8,0.6,
楠梓,2024/08/03 00:00:00,NO2,14.8,9.8,10.7,11.3,9.8,10.1,10.6,6.1,6,4.9,5.2,3.4,3.1,2.6,2.6,2.7,2.5,2.7,3.3,3.3,3.5,8.8,12.8,8.6,
楠梓,2024/08/03 00:00:00,NOx,22,10.9,11.8,13.5,11,11.5,17.5,8.5,8.4,6.4,5.9,4.2,3.9,3.1,3.1,3.2,3.1,3.4,3.5,3.8,4,9.3,13.7,9.3,
楠梓,2024/08/03 00:00:00,O3,1.8,7.1,4.9,4,5.6,2.9,6.2,19.6,23.8,32.5,39.2,35.8,33.5,30.9,29.8,27.4,25.1,24.9,24.6,24.5,21.8,13.1,9.6,16.6,
楠梓,2024/08/03 00:00:00,PM10,29,29,29,31,36,33,33,26,32,21,30,24,18,22,22,21,22,19,23,24,19,27,29,20,
楠梓,2024/08/03 00:00:00,PM2.5,15,11,10,12,14,14,15,14,16,11,15,10,8,9,10,8,9,10,8,15,11,11,13,12,
楠梓,2024/08/03 00:00:00,RAINFALL,0,0,0,0,0,0,0,0,0,0,0,0,0,0,0,0,0,0,0,0,0,0,0,0,
楠梓,2024/08/03 00:00:00,RH,90,90,90,91,91,91,90,88,81,66,69,66,65,65,67,68,71,77,80,83,85,87,88,87,
楠梓,2024/08/03 00:00:00,SO2,0.6,0.8,0.9,1.1,1.3,1,1.1,1,1.4,1.2,1,1,1,1,0.9,0.8,0.9,0.6,0.8,0.6,0.8,0.8,0.8,0.7,
楠梓,2024/08/03 00:00:00,THC,2.25,2.05,2.18,2.23,2.19,2.2,2.24,2.03,2.01,1.97,2.15,1.96,1.93,1.92,1.95,2.03,1.92,1.91,1.97,1.94,2.22,2.39,2.09,2.02,
楠梓,2024/08/03 00:00:00,WD_HR,77,83,74,64,59,66,54,43,44,23,286,289,279,277,277,282,277,278,295,273,297,38,95,77,
楠梓,2024/08/03 00:00:00,WIND_DIREC,90,74,71,60,53,67,37,46,49,29,273,284,280,285,281,268,266,281,279,284,300,79,83,63,
楠梓,2024/08/03 00:00:00,WIND_SPEED,1.1,0.8,0.9,0.9,0.9,1,1.4,2.1,1.8,1.5,2.2,2.3,2.5,1.9,2.8,2.6,2.7,0.7,0.4,0.2,0.2,0.2,0.2,0.2,
楠梓,2024/08/03 00:00:00,WS_HR,0.9,0.6,0.8,0.8,0.7,0.7,0.8,1.6,1.2,1.1,1.6,1.9,2.2,2,2.4,2.2,2.4,1.6,0.6,0.4,0.1,0.1,0.2,0.2,
楠梓,2024/08/04 00:00:00,AMB_TEMP,28.9,29.2,28.9,28.8,28.6,28.7,29.1,30.3,31.5,33,34,33.6,34.2,34.1,34.1,33.8,33.6,32.9,32,31.4,31,31,30.8,30.7,
楠梓,2024/08/04 00:00:00,CH4,2.02,1.99,2,2.04,1.99,2.06,2.08,2.05,1.99,2,1.99,1.92,1.92,1.91,1.91,1.91,1.91,1.92,1.91,1.91,1.91,1.92,1.92,1.91,
楠梓,2024/08/04 00:00:00,CO,0.18,0.17,0.17,0.16,0.14,0.17,0.18,0.19,0.15,0.15,0.15,0.11,0.1,0.09,0.09,0.1,0.11,0.13,0.12,0.13,0.12,0.13,0.11,0.09,
楠梓,2024/08/04 00:00:00,NMHC,0.01,0,0,0,0,0.01,0.02,0.02,0,0,0.1,0.02,0,0,0,0,0,0,0,0,0,0,0,0,
楠梓,2024/08/04 00:00:00,NO,0.6,0.5,0.6,0.5,0.5,0.4,1.1,2.3,1.6,1,0.5,0.2,0.7,0.3,0.5,0.5,0.7,0.5,0.5,0.5,0.4,0.4,0.5,0.4,
楠梓,2024/08/04 00:00:00,NO2,7.4,6.4,6.6,6,5.4,5.9,5.7,5.9,4.7,3.7,3.7,2.9,2.2,1.9,1.9,2,2.4,3.3,4.2,5.2,4.5,6.1,5.6,3.4,
楠梓,2024/08/04 00:00:00,NOx,8,6.9,7.2,6.6,6,6.4,6.8,8.2,6.3,4.7,4.2,3.1,2.9,2.3,2.4,2.5,3.1,3.8,4.8,5.7,4.9,6.5,6.1,3.9,
楠梓,2024/08/04 00:00:00,O3,16.1,16.8,14.9,13.5,14.3,11.5,11.5,17,27.2,33.2,40.6,34.4,30.7,27.1,28.2,27,26.2,25.7,22.9,22,23.8,20,23.2,24.4,
楠梓,2024/08/04 00:00:00,PM10,20,23,20,19,23,21,21,33,32,27,31,27,13,15,15,20,17,23,22,15,19,23,14,13,
楠梓,2024/08/04 00:00:00,PM2.5,10,9,9,6,8,8,9,19,11,14,17,9,10,9,6,10,12,9,7,7,9,8,7,10,
楠梓,2024/08/04 00:00:00,RAINFALL,0,0,0,0,0,0,0,0,0,0,0,0,0,0,0,0,0,0,0,0,0,0,0,0,
楠梓,2024/08/04 00:00:00,RH,88,88,88,89,88,88,88,86,79,70,67,70,67,67,66,67,67,71,75,77,81,82,84,86,
楠梓,2024/08/04 00:00:00,SO2,1.2,1.2,1,1,1,1,1,1.4,1.2,1.1,1.2,1.1,1.2,1.1,1,1,0.8,1,0.9,0.9,0.9,0.9,0.9,0.7,
楠梓,2024/08/04 00:00:00,THC,2.03,1.98,1.99,2.04,1.98,2.07,2.1,2.07,1.97,1.98,2.09,1.94,1.92,1.89,1.89,1.88,1.88,1.9,1.89,1.89,1.88,1.89,1.88,1.87,
楠梓,2024/08/04 00:00:00,WD_HR,86,80,77,79,75,62,50,51,38,344,291,276,276,273,275,277,267,273,242,234,222,233,229,297,
楠梓,2024/08/04 00:00:00,WIND_DIREC,64,76,98,62,83,61,27,49,47,322,299,269,269,276,278,271,240,277,243,227,235,216,286,285,
楠梓,2024/08/04 00:00:00,WIND_SPEED,0.2,0.2,0.2,0.2,0.2,0.2,0.2,2,1.6,1.5,2.6,3,2.2,2.4,2.4,1.9,1.6,1.8,1.4,2,0.7,0.5,0.6,0.6,
楠梓,2024/08/04 00:00:00,WS_HR,0.2,0.2,0.2,0.2,0.2,0.2,0.2,1.4,1.3,0.7,1.7,2.4,2,2.1,2.3,2.1,1.5,1.4,1.2,1.7,0.7,0.2,0.8,0.7,
楠梓,2024/08/05 00:00:00,AMB_TEMP,29.8,29,27.7,28.2,28.2,28.2,28.5,29.7,31.1,32.4,34,35,34.8,34.7,34.4,33.8,31.7,30.2,27.4,26.9,27.1,27.2,27.5,27.6,
楠梓,2024/08/05 00:00:00,CH4,2.02,2.01,1.96,2.04,2.19,2.19,2.12,2.02,1.96,1.96,1.94,1.95,1.94,1.92,1.92,1.92,1.92,1.95,1.98,2,2,2.01,2,2.01,
楠梓,2024/08/05 00:00:00,CO,0.16,0.16,0.11,0.15,0.17,0.23,0.29,0.28,0.2,0.17,0.12,0.13,0.12,0.11,0.12,0.13,0.15,0.24,0.18,0.2,0.27,0.23,0.2,0.18,
楠梓,2024/08/05 00:00:00,NMHC,0.02,0,0.01,0.1,0,0.01,0.02,0.01,0.02,0,0.01,0,0,0,0,0,0.04,0.06,0,0.01,0.04,0.01,0,0,
楠梓,2024/08/05 00:00:00,NO,0.5,0.5,0.3,0.7,0.6,1.9,7.9,7.8,2.9,1.2,0.8,0.8,0.5,0.6,0.6,0.6,0.3,1,1.4,0.5,0.4,0.4,0.3,0.2,
楠梓,2024/08/05 00:00:00,NO2,5.5,6.6,5.9,16.2,8.8,11.4,12.6,10.1,7.7,5.6,4.6,4.4,4.4,3.1,3.2,3.4,5.1,11.1,8.6,9.7,14.3,11.7,10.3,9.4,
楠梓,2024/08/05 00:00:00,NOx,6.1,7.2,6.2,16.9,9.5,13.3,20.6,17.9,10.6,6.8,5.4,5.3,5,3.7,3.8,4.1,5.5,12.2,10,10.2,14.8,12.1,10.6,9.7,
楠梓,2024/08/05 00:00:00,O3,13.5,14.3,22.9,9.8,9.9,3.6,3.8,10.4,22.1,33.7,35,42,36,30.7,31.5,29,26,16.7,25.5,26.7,20.7,22.3,22.8,19.6,
楠梓,2024/08/05 00:00:00,PM10,20,20,9,21,22,29,28,29,20,32,21,24,17,20,19,33,20,22,14,10,16,18,9,15,
楠梓,2024/08/05 00:00:00,PM2.5,10,12,7,5,9,13,16,11,11,13,10,10,7,9,7,12,10,9,9,10,8,5,6,5,
楠梓,2024/08/05 00:00:00,RAINFALL,0,0.5,1.5,0,0,0,0,0,0,0,0.5,0,0,0,0,0,0,0,0,1,0,0,0,0,
楠梓,2024/08/05 00:00:00,RH,89,90,90,91,93,93,92,89,84,75,63,58,61,64,65,67,77,86,90,92,92,90,88,87,
楠梓,2024/08/05 00:00:00,SO2,1.2,0.7,0.9,1.2,1,1,1.2,1.2,1,0.9,1,0.9,0.9,0.7,0.6,0.7,0.8,0.8,0.6,0.8,0.9,0.9,0.9,1,
楠梓,2024/08/05 00:00:00,THC,2.04,2.01,1.97,2.14,2.19,2.2,2.14,2.03,1.98,1.96,1.95,1.94,1.93,1.91,1.91,1.9,1.96,2.01,1.96,2.01,2.04,2.02,2,2.01,
楠梓,2024/08/05 00:00:00,WD_HR,80,86,160,95,94,73,88,69,303,282,278,252,277,267,274,267,284,60,99,90,79,83,69,76,
楠梓,2024/08/05 00:00:00,WIND_DIREC,100,201,114,86,86,69,106,50,282,231,266,259,279,273,276,245,307,93,87,98,90,105,60,100,
楠梓,2024/08/05 00:00:00,WIND_SPEED,0.9,2.4,0.7,0.3,0.2,0.3,0.9,1,1.1,1.4,1.9,2.2,2.7,2.4,2.7,1.9,1.3,3.2,2.4,1.7,1.2,1.3,1.2,1.9,
楠梓,2024/08/05 00:00:00,WS_HR,0.9,0.6,1,0.4,0.3,0.2,0.7,1.3,0.4,0.3,1.1,1.7,2.2,1.9,2.3,2.3,1.2,1.4,3.1,1.8,0.9,0.5,1.2,1.4,
楠梓,2024/08/06 00:00:00,AMB_TEMP,27.8,28,27.9,27.5,27.3,27.6,27.9,28.9,30.3,32.2,33.2,31.9,27.5,28.8,29.2,28.4,27,25.8,25.7,26.2,26.5,26.5,26.9,26.5,
楠梓,2024/08/06 00:00:00,CH4,2.03,2.04,2.06,2.01,2.02,1.99,2.01,2.03,1.98,1.96,1.97,1.98,1.99,1.99,#,1.97,1.98,1.99,1.98,2.01,2.03,2.12,2.15,2.1,
楠梓,2024/08/06 00:00:00,CO,0.15,0.16,0.15,0.13,0.14,0.18,0.22,0.38,0.27,0.21,0.24,0.27,0.21,0.3,0.17,0.25,0.25,0.25,0.28,0.33,0.33,0.33,0.44,0.25,
楠梓,2024/08/06 00:00:00,NMHC,0.04,0.03,0.01,0,0,0,0.02,0.07,0.02,0.06,0.08,0.07,0.2,0.28,#,0.07,0.02,0.01,0.02,0.05,0.08,0.11,0.43,0.06,
楠梓,2024/08/06 00:00:00,NO,0,1.1,0.8,0.9,1.1,3.1,5.4,15.8,6,3.7,1.4,1.4,2.1,4.8,2.5,#,2.2,1.6,1.4,1,0.5,1.7,6.9,1.6,
楠梓,2024/08/06 00:00:00,NO2,7.6,9.2,8.6,8.5,9.3,16.8,15.5,18.9,11.5,9.5,8.3,11.8,15.1,26.6,12.3,#,11.3,11.6,15.7,19.6,12.2,14.1,27.4,14.3,
楠梓,2024/08/06 00:00:00,NOx,7.7,10.4,9.5,9.4,10.4,20,21,34.7,17.5,13.2,9.7,13.3,17.2,31.4,14.9,#,13.6,13.2,17.1,20.6,12.7,15.9,34.4,16,
楠梓,2024/08/06 00:00:00,O3,17.5,14.2,12.5,12.9,10.9,5.7,8.1,6,17.8,33.3,47.4,47.8,29.1,18,#,21.5,21.5,24.6,21.4,15.1,16.9,11.1,3.4,11.7,
楠梓,2024/08/06 00:00:00,PM10,17,16,17,19,21,19,19,30,23,23,30,29,17,45,#,25,13,15,10,9,14,18,28,22,
楠梓,2024/08/06 00:00:00,PM2.5,4,7,6,4,4,6,8,11,10,12,11,16,14,15,#,10,6,5,6,7,6,7,12,8,
楠梓,2024/08/06 00:00:00,RAINFALL,0,0,0,0,0,0,0,0,0,0,0,6,14,0,0,#,0.5,2,0.5,0,0,0,0,0,
楠梓,2024/08/06 00:00:00,RH,87,87,87,87,87,86,84,81,76,74,72,77,93,90,88,90,93,94,93,92,92,92,91,91,
楠梓,2024/08/06 00:00:00,SO2,0.9,0.8,0.7,0.7,0.8,0.7,0.7,1.2,1.5,1.9,1.3,1.5,1,1.1,0.7,0.4,0.6,0.6,0.6,0.6,0.6,0.4,1.3,0.8,
楠梓,2024/08/06 00:00:00,THC,2.07,2.07,2.07,2,2.01,1.99,2.03,2.1,2,2.02,2.05,2.05,2.19,2.27,#,2.04,2,2,2,2.06,2.11,2.23,2.58,2.16,
楠梓,2024/08/06 00:00:00,WD_HR,76,90,74,79,92,88,89,70,66,295,234,233,153,202,208,114,83,91,68,77,99,95,126,83,
楠梓,2024/08/06 00:00:00,WIND_DIREC,74,104,95,76,71,100,84,77,61,269,236,130,196,220,209,97,65,66,78,45,354,130,84,105,
楠梓,2024/08/06 00:00:00,WIND_SPEED,0.2,1.2,0.6,1.3,0.8,0.7,0.6,1.5,1.2,1.3,1.7,1.4,1.1,2.3,2.5,2.5,2.9,2.7,1.3,0.2,0.2,0.2,0.2,0.3,
楠梓,2024/08/06 00:00:00,WS_HR,0.4,0.9,0.6,1.2,0.8,0.6,0.8,0.7,1.4,0.2,1.1,1.2,1.2,1.2,2,1.6,2.5,2.4,1.9,0.2,0,0.4,0.1,0.2,
楠梓,2024/08/07 00:00:00,AMB_TEMP,26.5,26.2,25.9,26.2,26,25.6,26.7,28.5,30.1,31.3,32.8,33.4,33.9,34.1,33.9,33.4,32.1,31.7,31.2,30.3,30,29.6,29.2,29.2,
楠梓,2024/08/07 00:00:00,CH4,2.08,2.2,2.06,2.05,2.07,2.1,2.01,2.08,2,1.96,1.96,2,1.98,1.96,1.96,1.97,1.96,1.95,1.96,2,2.02,2.05,2.07,2.17,
楠梓,2024/08/07 00:00:00,CO,0.21,0.21,0.18,0.17,0.2,0.23,0.28,0.44,0.3,0.21,0.18,0.22,0.2,0.18,0.21,0.19,0.2,0.19,0.21,0.23,0.23,0.25,0.26,0.31,
楠梓,2024/08/07 00:00:00,NMHC,0,0.02,0,0,0.02,0.01,0.02,0.07,0.04,0.01,0.03,0.05,0.02,0,0.03,0,0.03,0.08,0.08,0.02,0.01,0.04,0.1,0.14,
楠梓,2024/08/07 00:00:00,NO,1,1,1.4,0.4,3.2,7.8,9.7,11.9,3.5,1.3,0.6,0.3,0.3,0.4,0.5,0.4,0.4,0.2,0.1,0,0.1,0.2,0,0.3,
楠梓,2024/08/07 00:00:00,NO2,14.6,12,8.6,9.4,15,13.2,15.4,16.3,10.9,7.5,6.3,6,5.4,4.2,4.2,4,5,5.2,6,6.3,7.3,10,10.8,13.5,
楠梓,2024/08/07 00:00:00,NOx,15.6,13,10,9.8,18.2,21.1,25.1,28.2,14.4,8.9,6.9,6.4,5.8,4.7,4.8,4.5,5.4,5.5,6.1,6.4,7.5,10.2,10.9,13.8,
楠梓,2024/08/07 00:00:00,O3,11.6,8.6,11.3,13.3,5.3,1.6,4.7,11.4,31.1,43.2,51.5,62.6,60.1,51.5,50.2,52.2,50.7,51.3,47.9,46,44.3,31.5,25.4,23.2,
楠梓,2024/08/07 00:00:00,PM10,14,19,23,16,22,21,22,27,24,23,#,39,25,23,27,23,24,22,17,21,16,22,22,26,
楠梓,2024/08/07 00:00:00,PM2.5,6,5,2,7,7,7,6,9,15,12,13,#,13,12,10,10,9,9,16,12,11,14,14,21,
楠梓,2024/08/07 00:00:00,RAINFALL,0,0,0,0,0,0,0,0,0,0,0,0,0,0,0,0,0,0,0,0,0,0,0,0,
楠梓,2024/08/07 00:00:00,RH,90,92,92,90,91,92,88,84,78,74,66,68,65,62,63,68,75,76,78,81,78,82,83,85,
楠梓,2024/08/07 00:00:00,SO2,0.6,0.6,0.3,0.6,0.5,0.5,0.7,0.8,2,1.7,1.8,#,0.9,1,0.9,0.6,0.7,0.5,0.7,0.6,0.4,0.4,0.4,1.1,
楠梓,2024/08/07 00:00:00,THC,2.08,2.22,2.04,2.04,2.09,2.11,2.03,2.15,2.04,1.97,1.99,2.05,2,1.96,1.99,1.97,1.99,2.03,2.04,2.02,2.03,2.09,2.17,2.31,
楠梓,2024/08/07 00:00:00,WD_HR,88,86,93,76,88,71,69,63,48,8,272,279,271,285,274,272,282,274,284,18,59,52,81,98,
楠梓,2024/08/07 00:00:00,WIND_DIREC,96,80,94,104,94,59,56,49,59,352,283,283,265,294,280,273,310,280,274,47,53,56,88,78,
楠梓,2024/08/07 00:00:00,WIND_SPEED,0.2,0.3,0.6,0.5,0.8,1.1,1.2,1.2,1.2,1.2,1.4,2.1,2.2,2.3,3,2.7,1.9,1.4,1.6,1.1,1.7,0.7,0.9,1.3,
楠梓,2024/08/07 00:00:00,WS_HR,0.2,0.5,0.7,0.4,0.5,1,1,0.9,1.1,0.8,0.4,1.7,1.8,2,2.3,2.4,1.9,1.4,1.2,0.8,0.5,0.8,0.8,0.9,
楠梓,2024/08/08 00:00:00,AMB_TEMP,28.4,28.4,28.5,28.6,28.4,27.7,27.7,28.6,30.3,31.9,32.9,34,33.1,33.2,33.5,32.7,32.1,31.1,30.4,30.3,30.1,30.1,29.9,29.3,
楠梓,2024/08/08 00:00:00,CH4,2.22,2.23,2.28,2.33,2.17,2.18,2.23,2.07,2.02,1.98,1.98,1.98,1.96,1.97,1.97,1.97,1.98,1.97,1.98,1.98,1.99,1.98,2.04,2.12,
楠梓,2024/08/08 00:00:00,CO,0.29,0.27,0.27,0.29,0.24,0.24,0.31,0.24,0.25,0.19,0.16,0.15,0.14,0.15,0.15,0.16,0.18,0.21,0.21,0.2,0.19,0.18,0.21,0.26,
楠梓,2024/08/08 00:00:00,NMHC,0.05,0.06,0.12,0.21,0.15,0.11,0.02,0,0,0,0,0.01,0,0.05,0.02,0,0,0.01,0,0,0,0.03,0.13,0.02,
楠梓,2024/08/08 00:00:00,NO,0.3,0.1,0.6,0.5,0.4,1.7,6,3.9,2.9,1.8,1.1,0.7,0.7,0.5,0.6,0.4,0.7,0.8,0.2,0.2,0.2,0.2,0.3,0.5,
楠梓,2024/08/08 00:00:00,NO2,11.6,15,12.8,15.2,13.3,11.1,15.6,9.6,9.6,7.7,6.4,6.1,4.6,4,4,4,4.3,5.4,5.8,5.7,4.7,4.4,6.3,10,
楠梓,2024/08/08 00:00:00,NOx,12,15.1,13.4,15.7,13.8,12.8,21.6,13.5,12.6,9.6,7.5,6.9,5.3,4.5,4.6,4.5,5,6.2,6.1,5.9,4.9,4.6,6.7,10.5,
楠梓,2024/08/08 00:00:00,O3,20.1,16.3,18.9,14.1,15.8,12.4,7.1,16.6,28.6,38.6,47.3,47.7,39.9,42.5,41.9,44.2,45.4,43.5,41.2,42.4,44.5,42.6,34,24.2,
楠梓,2024/08/08 00:00:00,PM10,27,25,31,35,28,28,36,33,30,29,30,28,20,23,25,24,19,18,20,25,18,23,20,25,
楠梓,2024/08/08 00:00:00,PM2.5,15,13,16,21,17,12,19,11,12,12,14,12,9,9,11,12,13,10,10,11,10,10,11,14,
楠梓,2024/08/08 00:00:00,RAINFALL,0,0,0,0,0,0,0,0,0,0,0,0,0,0,0,0,0,0,0,0,0,0,0,0,
楠梓,2024/08/08 00:00:00,RH,88,88,88,88,89,90,90,87,83,76,70,60,68,70,65,71,77,79,84,84,85,87,87,89,
楠梓,2024/08/08 00:00:00,SO2,0.8,2.1,2.7,4.1,2.9,2,2.2,2.2,2.5,#,1.5,1.8,1.3,1.1,1.2,1.1,1.4,1.1,1.2,1.3,1.1,1.3,1.3,1.2,
楠梓,2024/08/08 00:00:00,THC,2.27,2.29,2.4,2.54,2.32,2.29,2.25,2.06,2.01,1.96,1.98,1.99,1.93,2.02,1.99,1.96,1.96,1.98,1.96,1.95,1.99,2.01,2.17,2.14,
楠梓,2024/08/08 00:00:00,WD_HR,78,88,123,137,240,82,80,88,52,58,323,263,274,290,289,274,272,279,278,274,277,307,60,93,
楠梓,2024/08/08 00:00:00,WIND_DIREC,79,100,165,127,324,97,82,77,36,50,261,261,283,285,278,270,275,274,279,270,276,315,69,95,
楠梓,2024/08/08 00:00:00,WIND_SPEED,0.8,1,1.7,0.4,0.7,0.9,1.8,1.5,1.9,1.4,1.7,2.8,3.7,2.6,2.4,2.4,2.8,2.4,1.7,1.5,1.2,0.4,1,1.1,
楠梓,2024/08/08 00:00:00,WS_HR,1,0.6,0.6,0.5,0.4,0.6,1.5,1.8,1.5,1.8,0.8,1.9,2.5,1.9,2,2,2.2,2.2,1.8,1.2,1,0.5,0.6,1.1,
楠梓,2024/08/09 00:00:00,AMB_TEMP,29,28.7,28.7,28.8,27.9,27.2,26.7,26.3,26.4,26.5,26.5,27.8,27.1,27.6,26.4,26.5,27.2,27.3,27.3,27.6,27.6,27.3,27.5,27.5,
楠梓,2024/08/09 00:00:00,CH4,2.11,2.19,2.19,2.2,1.98,1.96,1.97,2,2.01,2.03,1.98,1.99,2,1.96,1.97,2.01,2.03,2.05,2.05,2.07,2.22,2.25,2.12,2.06,
楠梓,2024/08/09 00:00:00,CO,0.25,0.22,0.2,0.21,0.12,0.12,0.14,0.27,0.32,0.23,0.18,0.18,0.25,0.18,0.19,0.22,0.33,0.45,0.47,0.56,0.57,0.44,0.32,0.24,
楠梓,2024/08/09 00:00:00,NMHC,0.03,0.01,0,0.24,0,0,0,0.04,0.03,0.01,0.03,0.05,0.08,0.02,0.06,0.05,0.06,0.08,0.1,0.27,0.47,0.11,0.17,0.02,
楠梓,2024/08/09 00:00:00,NO,0.6,0.3,0.4,0.4,0.6,0.4,0.2,1.9,4.2,5.6,3.6,3.4,2.8,2.6,1.7,4.3,3.1,2.7,2.7,3.7,10.1,5.6,3.4,0.9,
楠梓,2024/08/09 00:00:00,NO2,10.2,7.1,7.1,9.3,3,2.1,2.9,14.7,21.2,18.1,12,10.8,13.5,8.6,10.4,17.9,17.5,22.4,21.7,29.5,29.4,19.8,16.9,11.3,
楠梓,2024/08/09 00:00:00,NOx,10.8,7.4,7.5,9.7,3.7,2.5,3.2,16.6,25.4,23.7,15.6,14.2,16.4,11.3,12.2,22.3,20.7,25.2,24.4,33.2,39.5,25.5,20.3,12.3,
楠梓,2024/08/09 00:00:00,O3,26.1,27.6,27.9,23.8,35.1,33.5,33.4,21.5,13.3,15.5,23,28.1,27.4,29.5,26.1,20,19.4,16.1,12.6,5.9,2.6,1.8,7.4,12.6,
楠梓,2024/08/09 00:00:00,PM10,21,26,24,24,18,17,10,11,12,18,14,19,17,20,16,19,25,24,28,27,33,27,28,21,
楠梓,2024/08/09 00:00:00,PM2.5,11,9,15,16,11,7,6,6,6,8,8,9,7,5,8,10,10,14,11,8,18,11,11,8,
楠梓,2024/08/09 00:00:00,RAINFALL,0,0,0,0,0,0,8.5,0,7,1,0.5,1,5,0,6,0.5,0,0,0,0,0,0,0,0,
楠梓,2024/08/09 00:00:00,RH,89,89,89,88,91,93,94,94,94,94,93,91,94,90,93,94,93,93,92,91,91,92,91,90,
楠梓,2024/08/09 00:00:00,SO2,1.3,1.1,0.9,1.6,1.1,0.8,0.8,1.1,1.3,1.1,1.1,1,0.9,1,0.9,1.1,1.1,1.1,1.1,1.2,1.2,1.1,2,1.1,
楠梓,2024/08/09 00:00:00,THC,2.14,2.2,2.19,2.44,1.97,1.93,1.96,2.04,2.04,2.04,2.01,2.04,2.08,1.98,2.03,2.06,2.09,2.13,2.15,2.34,2.69,2.36,2.29,2.08,
楠梓,2024/08/09 00:00:00,WD_HR,86,91,77,29,257,274,355,59,75,61,61,311,214,218,350,90,93,67,69,98,109,88,81,93,
楠梓,2024/08/09 00:00:00,WIND_DIREC,91,64,92,311,275,252,51,82,91,40,51,280,212,310,92,98,89,59,59,139,94,68,75,76,
楠梓,2024/08/09 00:00:00,WIND_SPEED,1.1,1,0.9,1.5,1.6,1.1,2.3,0.7,1.3,2.2,0.5,1.5,3.1,1,0.9,1,1.5,0.2,0.2,0.2,0.8,0.2,1.1,0.6,
楠梓,2024/08/09 00:00:00,WS_HR,1,1,0.6,0.2,1.6,1.4,0.9,0.6,0.8,1.4,1.8,0.1,2.2,1,0.5,1,1.3,1.4,0.7,0.2,0.5,0.5,0.7,0.4,
楠梓,2024/08/10 00:00:00,AMB_TEMP,27.2,27.6,26.8,26.1,26,26,25.8,26.2,26.6,27.1,26.4,27.1,26.2,26,26.9,27.2,27,26.8,26.5,26.4,26.4,26.4,26.5,26.6,
楠梓,2024/08/10 00:00:00,CH4,2.13,2.1,1.99,1.98,2.01,2.02,2.08,2.16,2.14,2.1,1.98,2.02,2.03,2.06,2.08,2.08,2.07,2.07,2.11,2.18,2.18,2.14,2.12,2.14,
楠梓,2024/08/10 00:00:00,CO,0.23,0.21,0.15,0.12,0.14,0.16,0.19,0.27,0.26,0.29,0.21,0.25,0.24,0.23,0.24,0.42,0.47,0.4,0.42,0.32,0.41,0.42,0.33,0.24,
楠梓,2024/08/10 00:00:00,NMHC,0.01,0.08,0,0.04,0,0,0,0.03,0,0.04,0.01,0.11,0.14,0.08,0.19,0.21,0.26,0.12,0.09,0.02,0.07,0.08,0.14,0.13,
楠梓,2024/08/10 00:00:00,NO,0.8,0.2,0.1,0,0,0,1,4,3.7,4.6,1.6,2.1,1.7,3.4,3,2.3,2.1,1.8,1.1,0.5,0.3,0.3,0.4,0.2,
楠梓,2024/08/10 00:00:00,NO2,10.3,10,6.2,2.1,5.1,8,8.7,11.3,10.6,13.8,9.1,13.4,15.7,15.1,17,19.4,24,22.4,20.9,15,15.1,16,17.6,11.2,
楠梓,2024/08/10 00:00:00,NOx,11.2,10.2,6.4,2.1,5.1,8,9.7,15.3,14.4,18.4,10.7,15.5,17.4,18.5,20.1,21.7,26.1,24.3,22,15.5,15.4,16.3,18.1,11.5,
楠梓,2024/08/10 00:00:00,O3,11.4,15,29.2,34.5,28.2,20.6,15.3,8.2,11.8,13.5,25.2,22,21.5,22.1,24.9,24.6,20.1,20,17.7,16.8,12.5,13.6,14,14.3,
楠梓,2024/08/10 00:00:00,PM10,17,21,15,3,11,9,17,21,15,16,13,16,14,15,19,21,26,22,27,21,25,33,23,24,
楠梓,2024/08/10 00:00:00,PM2.5,5,8,5,8,5,2,4,8,6,8,9,9,10,10,11,19,16,18,18,13,15,15,14,11,
楠梓,2024/08/10 00:00:00,RAINFALL,0,0,1,0.5,0,2,6,0,0,2,4,2.5,12.5,4,0.5,0.5,0,0,0,0,0,0,0,0,
楠梓,2024/08/10 00:00:00,RH,92,90,93,95,96,96,96,95,95,94,95,94,95,96,94,93,94,94,95,95,95,94,93,94,
楠梓,2024/08/10 00:00:00,SO2,0.8,1.3,1.1,0.7,0.7,0.6,0.6,0.7,0.9,1.2,1.1,0.9,1.2,2.4,2.4,3.3,3.6,2.8,2.8,1.2,1.4,1.4,1.5,1.5,
楠梓,2024/08/10 00:00:00,THC,2.14,2.18,1.97,2.02,2.01,2.02,2.06,2.19,2.14,2.14,1.99,2.13,2.17,2.14,2.27,2.29,2.33,2.19,2.2,2.2,2.25,2.22,2.26,2.27,
楠梓,2024/08/10 00:00:00,WD_HR,86,110,258,280,71,68,79,68,89,46,88,158,130,97,157,165,183,107,80,105,81,87,164,111,
楠梓,2024/08/10 00:00:00,WIND_DIREC,95,204,269,107,71,66,65,98,75,324,86,152,84,97,162,168,201,52,83,105,94,76,166,96,
楠梓,2024/08/10 00:00:00,WIND_SPEED,1,0.3,1.6,0.2,0.7,1.8,1.2,0.2,0.2,0.6,0.2,1.6,0.7,0.4,1.9,1.5,1.4,0.2,1.7,0.2,0.2,0.2,1.5,1.3,
楠梓,2024/08/10 00:00:00,WS_HR,0.9,0.3,1.4,0.2,0.7,1,1.2,1,0.4,0.8,0.9,0.7,0.4,0.6,0.9,1.3,1,0.3,0.9,0.7,0.1,0.2,0.6,0.9,
楠梓,2024/08/11 00:00:00,AMB_TEMP,26.2,26.4,26.4,26,26.2,26.3,26.3,26.4,26.6,27.3,28.3,29.1,31,32.7,31.9,32.1,31.9,31,30.2,29.8,29.2,28.6,28.5,28.1,
楠梓,2024/08/11 00:00:00,CH4,2.14,2.08,2,2.01,2.09,2.05,2.1,2.17,2.22,2.17,2.09,2.06,2.03,1.98,1.96,1.97,1.98,1.97,1.98,2.01,2.14,2.1,2.09,2.17,
楠梓,2024/08/11 00:00:00,CO,0.21,0.19,0.26,0.2,0.24,0.18,0.24,0.38,0.48,0.43,0.32,0.26,0.25,0.18,0.12,0.12,0.13,0.15,0.19,0.26,0.31,0.27,0.28,0.3,
楠梓,2024/08/11 00:00:00,NMHC,0.01,0,0,0.01,0.2,0.14,0.07,0.15,0.17,0.18,0.14,0.11,0.09,0.01,0,0.04,0,0,0,0.05,0.08,0.02,0.03,0.03,
楠梓,2024/08/11 00:00:00,NO,0.1,0.4,0.1,0.1,0.3,0.3,0.5,1.8,4.6,5.5,2.9,1.2,1,0.3,0.4,0.1,0.3,0.4,0.2,0.1,0.5,0.7,0.2,0.2,
楠梓,2024/08/11 00:00:00,NO2,7.8,6.5,6.8,4.9,8.3,5.8,8.4,15,19,15.5,14.1,9.7,8.6,5.1,3.1,3,2.8,4,4.6,7.1,12.8,12.4,12.1,12.4,
楠梓,2024/08/11 00:00:00,NOx,8,6.9,7,5.1,8.7,6.1,8.9,16.8,23.7,21,17,11,9.6,5.5,3.5,3.1,3.1,4.5,4.8,7.3,13.3,13.2,12.4,12.6,
楠梓,2024/08/11 00:00:00,O3,12.2,13.2,23.6,28.2,18,25.5,20.5,10,6,16.9,30.6,43.6,57.8,54.1,40.3,39.3,34.5,34,31.3,27.7,16.5,21.3,26.8,21,
楠梓,2024/08/11 00:00:00,PM10,25,23,21,14,22,12,17,24,23,30,27,24,24,19,10,10,9,12,15,13,20,15,23,18,
楠梓,2024/08/11 00:00:00,PM2.5,9,10,10,11,11,8,5,10,11,15,12,12,13,7,3,5,7,5,14,11,9,7,12,9,
楠梓,2024/08/11 00:00:00,RAINFALL,0,0,0.5,0,0,0,0.5,0,0,0,0,0,0,0,0,0,0,0,0,0,0,0,0,0,
楠梓,2024/08/11 00:00:00,RH,94,93,94,95,95,95,95,96,96,95,93,90,86,74,72,69,72,77,79,79,87,89,89,90,
楠梓,2024/08/11 00:00:00,SO2,1,0.9,0.9,0.8,1,0.9,0.6,0.8,0.9,1.4,1.7,1.6,1.2,1,0.8,0.9,0.9,0.7,0.6,0.8,0.7,1.1,1.1,0.9,
楠梓,2024/08/11 00:00:00,THC,2.15,2.07,2,2.02,2.29,2.19,2.17,2.32,2.39,2.35,2.23,2.17,2.12,1.99,1.94,2.01,1.96,1.96,1.97,2.06,2.22,2.12,2.12,2.2,
楠梓,2024/08/11 00:00:00,WD_HR,85,152,209,276,67,88,93,90,106,60,75,262,298,260,271,280,272,272,270,160,83,77,77,98,
楠梓,2024/08/11 00:00:00,WIND_DIREC,71,220,229,92,48,12,68,104,100,71,57,181,296,270,279,285,273,277,232,100,69,73,70,84,
楠梓,2024/08/11 00:00:00,WIND_SPEED,1.4,1.6,1.7,0.2,1,0.2,0.7,0.3,1.1,1.3,1.1,0.9,1.1,2.3,2.1,2.3,2.2,1.3,0.5,1.4,1.4,0.2,0.3,0.5,
楠梓,2024/08/11 00:00:00,WS_HR,1.1,0.6,2,0.1,0.1,0.1,0.4,0.1,0.4,0.5,0.9,0.5,0.6,1.4,1.9,1.6,1.9,1.2,0.8,0.3,1,0.5,0.6,0.9,
楠梓,2024/08/12 00:00:00,AMB_TEMP,27.6,27.4,27.3,27.4,27.4,27.4,27.8,28.9,31.1,32.5,33.2,33.4,33.8,33.6,33.9,33.6,33,32.3,31.1,29.8,29.7,29.4,29.2,28.9,
楠梓,2024/08/12 00:00:00,CH4,2.12,2.11,2.09,2.08,2.12,2.14,2.13,2.08,2.04,2,1.96,1.97,1.96,1.96,1.96,1.95,1.95,1.95,2.01,2.04,2.05,2.05,2.06,2.07,
楠梓,2024/08/12 00:00:00,CO,0.23,0.2,0.19,0.19,0.21,0.23,0.31,0.41,0.37,0.21,0.14,0.14,0.13,0.12,0.12,0.12,0.13,0.17,0.24,0.26,0.27,0.22,0.22,0.23,
楠梓,2024/08/12 00:00:00,NMHC,0,0,0,0,0,0.03,0.04,0.07,0.17,0.1,0.05,0.05,0.03,0.09,0,0,0,0,0.01,0.04,0.03,0,0.02,0.02,
楠梓,2024/08/12 00:00:00,NO,0.6,0.2,0.3,0.4,1.7,1.3,4.4,11.4,5.7,1.6,0.8,0.7,0.5,0.5,0.8,0.9,0.8,0.8,0.7,0.5,0.2,0.4,0.4,0.4,
楠梓,2024/08/12 00:00:00,NO2,10,8.7,6.3,8.8,13.8,16.8,18.3,19.3,15,8.6,4.8,4.1,3.3,3,3.4,3.4,3.7,4.7,8.2,12,14.8,12.4,11.6,10.7,
楠梓,2024/08/12 00:00:00,NOx,10.6,9,6.7,9.2,15.6,18.1,22.8,30.8,20.7,10.3,5.6,4.9,3.9,3.6,4.2,4.3,4.5,5.5,9,12.6,15.1,12.9,12.1,11.1,
楠梓,2024/08/12 00:00:00,O3,23.7,23.4,23.1,18.7,16.3,7.4,6.3,9.2,34,46.6,37,42.8,39.5,32.9,30.3,30.1,28.1,27.2,28.2,26.7,22.9,27.1,27,23.5,
楠梓,2024/08/12 00:00:00,PM10,21,19,18,27,25,28,24,30,29,21,30,28,16,17,20,25,21,23,26,13,20,20,21,22,
楠梓,2024/08/12 00:00:00,PM2.5,6,8,6,9,8,7,7,9,11,12,10,12,9,8,8,9,6,6,13,11,12,12,9,13,
楠梓,2024/08/12 00:00:00,RAINFALL,0,0,0,0,0,0,0,0,0,0,0,0,0,0,0,0,0,0,0,0,0,0,0,0,
楠梓,2024/08/12 00:00:00,RH,91,91,92,91,91,91,90,88,81,75,73,74,69,67,68,67,71,73,78,80,78,79,82,88,
楠梓,2024/08/12 00:00:00,SO2,1,1.3,1.3,1.4,1.3,1.2,1.2,1.7,2.3,1.6,1.4,1.4,1.4,1.2,1,1.2,1.2,1.2,1.2,1.4,1.3,1.2,1.2,1.3,
楠梓,2024/08/12 00:00:00,THC,2.12,2.11,2.08,2.08,2.12,2.17,2.17,2.15,2.21,2.1,2.01,2.02,1.99,2.05,1.95,1.93,1.93,1.93,2.02,2.08,2.08,2.05,2.08,2.09,
楠梓,2024/08/12 00:00:00,WD_HR,90,75,97,88,81,70,91,61,346,293,282,278,281,275,260,268,278,255,57,96,90,97,71,82,
楠梓,2024/08/12 00:00:00,WIND_DIREC,92,100,108,117,63,75,60,61,322,247,292,280,285,293,229,279,299,237,70,82,110,60,71,63,
楠梓,2024/08/12 00:00:00,WIND_SPEED,0.3,0.6,0.5,0.6,0.6,0.7,0.8,1.3,1,1.5,2.7,2.3,3.1,1.9,2.6,1.9,2.2,1.5,1.9,1.2,1.1,0.7,1,0.8,
楠梓,2024/08/12 00:00:00,WS_HR,0.8,0.9,0.7,0.5,0.5,0.7,0.5,0.9,0.2,1,1.8,2.1,2.3,2.2,1.9,1.7,1.9,1.5,0.9,1.3,0.9,1,1,0.7,
楠梓,2024/08/13 00:00:00,AMB_TEMP,28.6,28.4,28.1,28,28.1,28.2,28.8,29.6,31.2,32.5,33,31.6,31.7,32,31.7,31,30.7,31.1,30.6,29.9,29.4,29.2,28.9,28.8,
楠梓,2024/08/13 00:00:00,CH4,2.07,2.09,2.09,2.05,2.03,2.08,2.13,2.14,2.08,1.99,1.97,1.98,1.96,1.94,1.93,1.94,1.94,1.95,1.98,2.01,2.08,2.16,2.18,2.29,
楠梓,2024/08/13 00:00:00,CO,0.2,0.17,0.16,0.14,0.15,0.18,0.26,0.3,0.27,0.16,0.15,0.18,0.18,0.12,0.12,0.14,0.16,0.26,0.33,0.35,0.36,0.36,0.31,0.33,
楠梓,2024/08/13 00:00:00,NMHC,0.01,0,0,0,0,0.01,0.05,0.09,0.06,0.03,0.02,0.03,0.04,0,0,0.06,0,0.03,0.15,0.13,0.14,0.12,0.08,0.11,
楠梓,2024/08/13 00:00:00,NO,0.4,0.6,0.4,0.5,0.6,1.1,4.3,3.8,4.7,1.7,1,1.4,2,1.1,1.3,1.2,0.9,1.7,1.5,1.5,1.6,2.4,1.6,1.5,
楠梓,2024/08/13 00:00:00,NO2,11.5,8.7,9.2,7,8.7,13,14.4,11.3,11.1,6.2,5.6,9.5,9.9,4.7,4,5.6,6,9.3,18.6,20.2,18.7,19.2,15.3,15.6,
楠梓,2024/08/13 00:00:00,NOx,11.9,9.3,9.7,7.5,9.3,14.1,18.7,15.1,15.8,7.9,6.6,11,12,5.9,5.3,6.9,7,11.1,20.2,21.8,20.3,21.6,16.9,17.2,
楠梓,2024/08/13 00:00:00,O3,21.8,18.5,15.3,18.2,16.3,8.4,7.9,15.2,25,35.5,36.2,30.9,27.1,28.3,27.2,24.2,22.3,19.8,11.7,8.3,6.4,4.5,6.5,4.5,
楠梓,2024/08/13 00:00:00,PM10,16,20,22,24,22,26,35,31,50,22,19,27,21,18,22,21,17,24,29,39,39,42,31,30,
楠梓,2024/08/13 00:00:00,PM2.5,10,6,8,6,7,11,13,16,17,9,8,10,8,6,6,8,9,8,14,10,16,9,13,11,
楠梓,2024/08/13 00:00:00,RAINFALL,0,0,0,0,0,0,0,0,0,0,0,0,0,0,0,0,0,0,0,0,0,0,0,0,
楠梓,2024/08/13 00:00:00,RH,89,90,90,90,90,90,89,88,83,75,72,80,78,77,79,82,84,80,83,88,90,91,92,92,
楠梓,2024/08/13 00:00:00,SO2,1.3,0.6,0.5,0.6,0.6,0.4,0.7,1.4,1.2,0.9,0.7,0.7,1.1,0.6,0.5,0.7,0.6,0.6,1.2,1.9,2.5,2.4,1.5,1.4,
楠梓,2024/08/13 00:00:00,THC,2.08,2.09,2.08,2.02,2.02,2.09,2.18,2.23,2.14,2.02,1.99,2.01,2,1.93,1.92,2,1.94,1.98,2.13,2.14,2.22,2.28,2.26,2.4,
楠梓,2024/08/13 00:00:00,WD_HR,69,76,74,107,76,57,32,43,65,292,282,269,230,255,231,248,235,213,97,71,77,92,81,80,
楠梓,2024/08/13 00:00:00,WIND_DIREC,85,72,95,103,56,54,16,67,33,267,276,275,244,247,240,291,225,79,82,68,76,104,77,84,
楠梓,2024/08/13 00:00:00,WIND_SPEED,0.8,1,1.3,1.2,1,1.2,0.8,1.3,1,1.5,2.2,1.3,2.2,2.1,2.2,2.1,1.2,1.1,1.4,1.4,1,1.2,0.6,0.8,
楠梓,2024/08/13 00:00:00,WS_HR,0.9,0.9,1.2,1.1,1,1,0.5,0.7,1,0.8,1.8,1.4,1.3,1.5,2.3,1.7,1.2,0.4,1.2,1.3,0.7,0.9,0.8,0.6,
楠梓,2024/08/14 00:00:00,AMB_TEMP,28.4,28.2,28,28,28.1,27.7,28.1,29.4,31.3,31.7,33.3,33.7,32.5,30,29.5,29.6,30.3,30.2,29.5,29.5,29.4,28.8,28.7,28.4,
楠梓,2024/08/14 00:00:00,CH4,2.35,2.31,2.13,2.1,2.2,2.25,2.14,2.06,2.02,2.06,A,#,#,1.95,1.95,1.96,1.95,1.97,2,1.96,1.97,2.13,2.09,2.11,
楠梓,2024/08/14 00:00:00,CO,0.29,0.24,0.21,0.22,0.26,0.29,0.31,0.27,0.33,0.43,0.28,#,0.13,0.13,0.14,0.15,0.14,0.18,0.24,0.17,0.16,0.3,0.28,0.27,
楠梓,2024/08/14 00:00:00,NMHC,0.06,0.02,0,0.02,0.06,0.11,0.16,0.02,0.12,0.17,A,#,#,0,0,0.18,0.11,0.12,0.04,0.06,0.07,0.06,0.06,0.04,
楠梓,2024/08/14 00:00:00,NO,1.5,1.2,1,0.8,6.5,10.1,10.4,7.9,6.3,6.5,4.1,#,1.7,1.2,1,0.7,0.7,0.6,1,0.5,0.4,1.1,1,0.9,
楠梓,2024/08/14 00:00:00,NO2,13.5,10.3,8.1,9.2,16.5,15.3,14.2,8.6,15.1,19.9,13.5,#,3.5,4.4,5.3,4.7,4.3,5.8,12.9,5.6,3.7,14.8,14.6,13.1,
楠梓,2024/08/14 00:00:00,NOx,15.1,11.6,9.1,10,23.1,25.5,24.6,16.5,21.4,26.5,17.6,#,5.3,5.6,6.4,5.5,5.1,6.5,13.9,6.1,4.2,15.9,15.6,14.1,
楠梓,2024/08/14 00:00:00,O3,6.2,9,11.1,9.3,1.5,1.3,3.9,8.8,16.5,19.4,#,#,33.1,25.6,27,33.5,40.9,35.5,25.6,32.5,32.3,13.5,13.5,12.9,
楠梓,2024/08/14 00:00:00,PM10,25,30,25,24,21,29,A,A,A,A,#,#,x,21,19,15,18,18,22,16,17,30,29,27,
楠梓,2024/08/14 00:00:00,PM2.5,11,13,9,10,11,11,13,11,12,12,#,9,7,6,4,2,6,6,5,8,9,8,9,9,
楠梓,2024/08/14 00:00:00,RAINFALL,0,0,0,0,0,0,0,0,0,0,#,0,0,0,0,0,0,0,0,0,0,0,0,0,
楠梓,2024/08/14 00:00:00,RH,93,93,93,92,92,93,91,85,77,76,72,68,76,86,89,89,86,83,88,89,90,92,92,92,
楠梓,2024/08/14 00:00:00,SO2,0.9,0.7,0.8,1,0.9,0.7,1.5,1.2,2.4,2.4,2.2,#,1,0.6,0.6,0.8,0.8,0.7,0.6,0.7,0.8,0.8,1.2,1.1,
楠梓,2024/08/14 00:00:00,THC,2.41,2.33,2.13,2.12,2.26,2.36,2.3,2.08,2.14,2.23,A,#,#,1.93,1.95,2.14,2.06,2.09,2.04,2.02,2.04,2.19,2.15,2.15,
楠梓,2024/08/14 00:00:00,WD_HR,78,67,81,74,84,104,82,77,221,203,265,230,277,271,279,299,314,340,43,282,309,75,74,91,
楠梓,2024/08/14 00:00:00,WIND_DIREC,77,63,75,91,92,158,89,341,213,176,281,232,270,275,294,279,321,53,312,280,312,69,95,102,
楠梓,2024/08/14 00:00:00,WIND_SPEED,0.8,1.4,0.2,0.2,0.4,0.7,1.5,0.7,0.9,0.9,2,1.2,3.3,1.6,1.5,1.1,2.2,1.5,0.8,1.1,1,1.3,1.1,0.6,
楠梓,2024/08/14 00:00:00,WS_HR,1,1,0.7,0.5,0.4,0.4,1.1,0.8,0.7,0.6,1.1,0.9,2.8,1.8,1.5,1.1,1.4,0.5,0.5,0.8,0.8,0.8,1,0.8,
楠梓,2024/08/15 00:00:00,AMB_TEMP,28.5,28.2,28.1,27.8,27.7,27.6,28.2,29.5,31.3,31.1,28.9,29.1,30.1,29.4,28.1,27.1,26.8,#,26.7,26.7,27.1,27.5,26.8,26.5,
楠梓,2024/08/15 00:00:00,CH4,2.09,2.14,2.18,2.12,2.12,2.18,2.2,2.11,1.99,1.98,1.96,1.98,1.99,2,1.94,1.97,2.01,#,2.06,2.07,2.11,2.09,2.09,2.15,
楠梓,2024/08/15 00:00:00,CO,0.26,0.27,0.25,0.19,0.2,0.23,0.36,0.4,0.27,0.16,0.18,0.24,0.25,0.2,0.12,0.16,0.26,#,0.26,0.3,0.34,0.41,0.26,0.26,
楠梓,2024/08/15 00:00:00,NMHC,0.03,0.04,0.01,0,0,0.01,0.06,0.16,0.06,0,0.03,0.12,0.09,0.01,0,0.02,0.09,#,0.01,0.02,0.24,0.32,0.09,0.05,
楠梓,2024/08/15 00:00:00,NO,0.8,3.1,1.4,1.3,1.2,3.3,8.5,7.1,4.7,2.6,2.3,7.1,8.1,3.9,1.9,2,4.1,#,3.4,2.4,2,5.4,1.7,2.2,
楠梓,2024/08/15 00:00:00,NO2,10.9,12.1,12.8,10.4,9,11.9,15.2,16.2,11.9,7.7,10.5,20.5,18.9,12.4,3.9,10.3,17.8,#,13.7,16.7,18,23,13.8,13.1,
楠梓,2024/08/15 00:00:00,NOx,11.7,15.2,14.2,11.8,10.3,15.2,23.7,23.3,16.6,10.3,12.9,27.7,27.1,16.4,5.9,12.3,21.9,#,17.2,19.2,20,28.5,15.6,15.4,
楠梓,2024/08/15 00:00:00,O3,16.4,9.4,9,9.6,8.6,4.4,4.5,12.3,23.7,29.9,24.9,16.2,22,25.9,25.1,18,11.1,#,10.3,8.8,6.7,4.3,9.4,6.4,
楠梓,2024/08/15 00:00:00,PM10,32,31,30,26,24,24,33,37,33,27,10,21,30,24,21,15,21,24,20,21,23,23,22,27,
楠梓,2024/08/15 00:00:00,PM2.5,21,10,11,10,11,8,9,11,10,9,5,10,7,10,8,4,10,7,7,7,6,10,8,5,
楠梓,2024/08/15 00:00:00,RAINFALL,0,0,0,0,0,0,0,0,0,0.5,0.5,0,0,0,0,0,0,#,0,0,0,0,0,0,
楠梓,2024/08/15 00:00:00,RH,91,92,93,93,93,94,93,90,83,81,91,90,88,90,91,93,94,#,94,94,93,91,93,94,
楠梓,2024/08/15 00:00:00,SO2,1.2,0.8,1,0.8,0.8,0.8,0.9,1.9,2,0.9,0.8,0.9,1,1,0.6,0.8,1,#,1,0.9,1.2,1.9,2,1.9,
楠梓,2024/08/15 00:00:00,THC,2.12,2.18,2.19,2.12,2.11,2.19,2.26,2.27,2.05,1.98,1.99,2.1,2.08,2.01,1.93,1.99,2.1,#,2.07,2.09,2.35,2.41,2.18,2.2,
楠梓,2024/08/15 00:00:00,WD_HR,67,85,73,65,86,86,81,160,210,259,177,62,72,95,276,55,70,#,87,80,139,149,72,85,
楠梓,2024/08/15 00:00:00,WIND_DIREC,61,72,71,89,60,97,93,215,219,286,92,25,85,95,327,67,89,86,77,92,200,94,79,85,
楠梓,2024/08/15 00:00:00,WIND_SPEED,0.9,0.6,0.3,0.8,0.5,0.6,0.8,1.1,1.4,2.6,0.4,0.7,2,1.8,1.4,2.1,1.1,1.4,1.2,0.7,0.9,1.2,0.3,0.9,
楠梓,2024/08/15 00:00:00,WS_HR,0.7,0.8,0.6,1,0.5,0.6,0.7,0.1,1.1,1.9,0.1,0.9,1.1,2.1,1.4,2.1,1.4,#,1.2,0.8,0.4,0.7,0.6,1.1,
楠梓,2024/08/16 00:00:00,AMB_TEMP,26.7,26.5,26.5,26.8,26.8,27.2,27.1,28.7,30,30.5,31.6,30.9,30.6,30.5,30.3,29.1,28.4,28.6,27.7,26.6,26.3,26,26.3,26.1,
楠梓,2024/08/16 00:00:00,CH4,2.16,2.24,2.26,2.14,2.14,2.21,2.25,2.12,2.04,1.96,1.94,1.94,1.94,1.95,1.95,1.95,1.95,1.97,2.05,2.06,2.03,1.99,2.1,2.12,
楠梓,2024/08/16 00:00:00,CO,0.26,0.23,0.19,0.15,0.16,0.23,0.28,0.4,0.41,0.16,0.12,0.11,0.11,0.11,0.12,0.13,0.16,0.29,0.35,0.27,0.22,0.16,0.22,0.19,
楠梓,2024/08/16 00:00:00,NMHC,0.06,0.04,0.01,0.08,0.04,0.23,0.06,0.1,0.13,0,0,0,0,0,0,0,0,0.1,0.16,0.16,0.13,0,0.04,0.13,
楠梓,2024/08/16 00:00:00,NO,2.2,0.9,0.9,1.1,0.7,1.1,6.3,8,7,2.3,1.3,1,0.8,1.1,0.9,1.1,0.9,2.3,3.4,0.9,0.8,0.2,0.5,0.2,
楠梓,2024/08/16 00:00:00,NO2,14,13.6,11,11.6,9.7,14,14,13.7,17.9,6.5,5.5,4.3,3.8,3.6,4.4,6.3,6.3,17,22.3,11.7,13.3,7.3,12.1,8.8,
楠梓,2024/08/16 00:00:00,NOx,16.3,14.6,11.9,12.8,10.4,15.1,20.4,21.7,24.9,8.9,6.8,5.4,4.6,4.7,5.3,7.4,7.2,19.3,25.8,12.6,14.1,7.5,12.6,9.1,
楠梓,2024/08/16 00:00:00,O3,6.7,6.3,8.2,9.5,9.9,6.7,5.9,10.9,16.8,29.4,34.6,33.2,32.3,32.8,31.7,27.4,25.7,13.4,9,17.7,17.5,26.2,12.5,14.8,
楠梓,2024/08/16 00:00:00,PM10,18,21,21,21,24,23,24,27,28,12,11,15,15,12,16,16,13,16,16,5,9,6,19,14,
楠梓,2024/08/16 00:00:00,PM2.5,5,12,9,9,8,7,10,11,8,4,4,3,0,4,4,6,6,4,11,7,4,5,6,6,
楠梓,2024/08/16 00:00:00,RAINFALL,0,0,0,0,0,0,0,0.5,0,0,0,0,0,0,0,0,0,0,0,10.5,2.5,0.5,0.5,7,
楠梓,2024/08/16 00:00:00,RH,94,95,95,94,94,93,93,90,87,83,77,79,81,80,83,90,92,92,94,96,97,97,97,98,
楠梓,2024/08/16 00:00:00,SO2,1.9,1.9,1.4,2.1,1.8,2,2.6,3.1,5.8,2,1.5,1.2,1.1,1.1,1,1.1,1.2,1.2,3.7,1.9,2.1,1.6,1.6,1.9,
楠梓,2024/08/16 00:00:00,THC,2.22,2.28,2.27,2.22,2.18,2.44,2.31,2.22,2.17,1.95,1.92,1.91,1.91,1.92,1.93,1.92,1.94,2.07,2.21,2.22,2.16,1.97,2.14,2.25,
楠梓,2024/08/16 00:00:00,WD_HR,75,77,85,91,95,165,82,97,218,219,239,258,266,247,258,244,226,192,139,155,353,68,79,38,
楠梓,2024/08/16 00:00:00,WIND_DIREC,96,85,89,89,141,141,66,170,226,224,234,272,253,239,258,234,208,164,157,141,14,96,99,356,
楠梓,2024/08/16 00:00:00,WIND_SPEED,0.8,1,0.7,1.1,0.4,0.8,1.1,1.4,1.2,1.5,2.3,2.7,2.6,1.6,2.1,2.3,2.3,1.5,2.1,1,0.5,0.4,0.9,0.2,
楠梓,2024/08/16 00:00:00,WS_HR,0.8,0.6,0.7,1,0.5,1.2,1.1,0.6,0.9,1.7,1.5,1.8,1.9,1.7,1.7,2.1,1.8,1.5,1,1.5,0.3,0.3,0.4,0.1,
楠梓,2024/08/17 00:00:00,AMB_TEMP,26.1,26.3,26.3,26.2,26.3,25.9,25.1,24.9,23.6,x,25.9,26.8,27.5,28.1,28.8,29.4,29.7,29.6,29.1,27.6,26.9,26.8,26.3,26.1,
楠梓,2024/08/17 00:00:00,CH4,2.09,2.11,2.01,1.98,1.99,1.98,1.99,2,2.02,2.04,2,1.99,1.98,2,2.01,2,1.97,1.99,1.99,1.91,1.92,1.98,2.01,2.07,
楠梓,2024/08/17 00:00:00,CO,0.2,0.19,0.14,0.1,0.1,0.12,0.14,0.18,0.21,0.21,0.22,0.23,0.18,0.19,0.18,0.17,0.16,0.3,0.35,0.14,0.15,0.23,0.22,0.26,
楠梓,2024/08/17 00:00:00,NMHC,0.15,0.13,0.01,0,0,0,0,0,0.01,0.01,0.01,0,0,0,0,0,0.38,0.5,0.13,0,0,0.04,0.01,0.01,
楠梓,2024/08/17 00:00:00,NO,0.3,0.4,0.3,0.2,0.4,0.4,0.6,1.1,1.9,2.3,2.9,3.4,2.1,2.5,1.8,1.4,0.8,0.4,0.4,0.2,0.2,0.3,0.7,0.8,
楠梓,2024/08/17 00:00:00,NO2,9.7,11.7,8.7,3.8,5.7,5.4,5.3,8.6,11.5,11.4,10.4,10.2,7.2,7.7,6.5,5.7,4.9,10,12.9,4,4.2,9.9,9.7,9.9,
楠梓,2024/08/17 00:00:00,NOx,10.1,12.2,9,4.1,6.2,5.8,6,9.8,13.4,13.8,13.4,13.7,9.3,10.3,8.3,7.1,5.7,10.4,13.3,4.3,4.5,10.2,10.4,10.7,
楠梓,2024/08/17 00:00:00,O3,14.1,14.4,22.3,27.4,23.9,26.7,26.2,22.1,18.9,16.9,20.6,23.9,29.3,26,25.9,27.4,26.2,25.4,24.8,23.5,18.8,14.5,12.4,9,
楠梓,2024/08/17 00:00:00,PM10,10,6,6,11,9,6,3,11,8,9,8,9,13,11,9,8,10,16,22,16,12,19,15,21,
楠梓,2024/08/17 00:00:00,PM2.5,3,6,4,1,0,2,4,3,5,3,2,5,7,5,4,7,7,9,6,2,2,1,2,7,
楠梓,2024/08/17 00:00:00,RAINFALL,9.5,2.5,2,1.5,1.5,2,20.5,7.5,2.5,0.5,1,0.5,0,0,0,0,0,0,0.5,0,1,0,0,0,
楠梓,2024/08/17 00:00:00,RH,98,98,97,97,97,97,98,98,95,86,97,95,94,94,91,89,88,88,90,93,95,96,97,97,
楠梓,2024/08/17 00:00:00,SO2,1.8,0.3,0.2,0.2,0.4,0.2,0.4,0.5,0.5,0.4,0.3,0.6,0.7,0.7,0.9,0.9,0.7,0.9,0.7,0.5,0.6,0.7,0.9,0.9,
楠梓,2024/08/17 00:00:00,THC,2.24,2.24,2.02,1.96,1.98,1.97,1.96,1.98,2.03,2.05,2.01,1.99,1.98,1.98,1.99,2,2.35,2.49,2.12,1.89,1.91,2.02,2.02,2.08,
楠梓,2024/08/17 00:00:00,WD_HR,133,154,190,197,194,72,56,59,52,54,57,54,54,74,72,56,301,245,231,222,209,117,94,66,
楠梓,2024/08/17 00:00:00,WIND_DIREC,146,130,206,197,188,55,59,68,31,56,64,63,61,90,84,310,293,227,235,215,186,94,85,66,
楠梓,2024/08/17 00:00:00,WIND_SPEED,0.7,0.2,0.2,1.7,0.9,1.7,1.1,0.2,0.2,0.9,0.6,0.2,0.2,1.9,1.3,0.9,0.2,0.4,3,3.1,0.9,1.1,0.3,0.2,
楠梓,2024/08/17 00:00:00,WS_HR,0.2,0.1,0.4,1.2,1.1,1,1.7,0.3,0.4,0.5,1.1,0.2,0.2,1.5,1.6,0.5,0.4,0.1,1.3,2.8,1.6,0.5,0.8,0.2,
楠梓,2024/08/18 00:00:00,AMB_TEMP,26.2,26.1,26.1,26.2,26.4,26.5,26.6,27,28.4,28.7,28.6,30.1,32,32.8,30.9,30.9,30.7,28.2,27.9,28.6,27.9,26.9,26.9,26.5,
楠梓,2024/08/18 00:00:00,CH4,2.11,2.09,2.06,2.03,1.96,2.01,2.11,2.03,2.03,1.94,1.98,1.99,1.97,1.93,1.93,1.94,1.91,1.91,1.94,1.94,1.94,1.96,1.98,2.01,
楠梓,2024/08/18 00:00:00,CO,0.22,0.19,0.17,0.12,0.11,0.14,0.36,0.29,0.24,0.19,0.34,0.26,0.18,0.11,0.11,0.11,0.1,0.13,0.15,0.22,0.2,0.15,0.19,0.16,
楠梓,2024/08/18 00:00:00,NMHC,0,0,0,0,0,0,0.34,0.23,0.33,0.08,0.18,0.18,0.09,0,0,0.04,0,0,0.04,0.06,0.01,0,0.05,0,
楠梓,2024/08/18 00:00:00,NO,0.6,1.5,1.1,1,1,1.1,4.7,3.6,2.3,2,2.8,2.2,1.3,1.2,1.2,1.3,1.4,1.3,0.9,0.7,1.1,1,0.7,1.1,
楠梓,2024/08/18 00:00:00,NO2,8.4,8.1,5.2,4.4,4.1,5.5,14.5,10.8,10.5,8.4,14.3,9.7,5.3,2.4,3,2.8,2.7,3.3,5.5,9.9,8.8,5,8.7,7.4,
楠梓,2024/08/18 00:00:00,NOx,9,9.6,6.3,5.4,5.1,6.7,19.3,14.5,12.9,10.4,17.2,12,6.6,3.7,4.3,4.1,4.1,4.7,6.5,10.6,9.9,6.1,9.5,8.6,
楠梓,2024/08/18 00:00:00,O3,10,8.5,10.9,15.1,17.3,13.2,6.2,9.9,26.2,21.1,20.3,48.5,55.1,28.8,24.9,24.6,23.4,20,16.7,11.6,16.4,23.3,18.1,15.5,
楠梓,2024/08/18 00:00:00,PM10,21,23,16,10,13,14,18,19,17,5,18,19,20,15,13,10,12,11,8,16,20,13,14,13,
楠梓,2024/08/18 00:00:00,PM2.5,6,6,7,6,3,1,3,5,7,6,7,8,10,8,8,8,8,5,2,5,7,6,6,6,
楠梓,2024/08/18 00:00:00,RAINFALL,0,0,0,0,0,0.5,0,0,0,0,0.5,0,0,0,0,0,0,0,0,0,3,0.5,0,0,
楠梓,2024/08/18 00:00:00,RH,97,97,97,94,93,93,95,94,92,92,92,88,80,76,81,79,81,93,93,89,92,96,96,97,
楠梓,2024/08/18 00:00:00,SO2,1.1,0.7,0.7,0.8,0.7,0.7,1,1.1,1.1,0.9,1,2.5,1.8,1.3,1.1,0.9,0.8,0.6,0.6,0.7,0.8,0.8,1,1.1,
楠梓,2024/08/18 00:00:00,THC,2.11,2.09,2.05,2,1.94,2,2.45,2.26,2.36,2.02,2.16,2.17,2.06,1.91,1.9,1.98,1.88,1.89,1.98,2,1.95,1.95,2.03,2.01,
楠梓,2024/08/18 00:00:00,WD_HR,88,76,62,95,77,97,122,53,261,209,94,36,280,273,266,277,270,265,284,178,239,172,133,91,
楠梓,2024/08/18 00:00:00,WIND_DIREC,75,67,69,69,80,178,62,331,266,146,75,277,284,278,272,285,275,284,262,196,281,170,99,100,
楠梓,2024/08/18 00:00:00,WIND_SPEED,0.2,0.3,1.7,0.3,1.1,0.3,0.3,0.3,1.2,0.2,1.2,1.4,1.7,2.3,2,1.7,2.6,1.5,0.3,1.5,1.2,0.5,1.1,1.8,
楠梓,2024/08/18 00:00:00,WS_HR,0.2,0.5,0.7,0.8,0.9,0.7,0.1,0.3,0.6,0.5,0.6,0.4,1.3,1.8,1.6,1.2,1.9,1.1,0.7,0.7,1.1,0.4,0.5,1.3,
楠梓,2024/08/19 00:00:00,AMB_TEMP,26,26.2,26.3,25.9,25.9,25.7,26,26.7,26.4,28,27,26.7,26.7,27.1,27,27,26.8,26.7,26.3,25.6,25.2,24.8,25.2,25.6,
楠梓,2024/08/19 00:00:00,CH4,2.09,2.06,2.01,2.02,2.16,2.05,2.04,2,2.01,2.01,2.01,1.99,2,1.99,2.08,2.02,1.99,2.01,2.02,2.04,1.96,1.94,1.96,2.03,
楠梓,2024/08/19 00:00:00,CO,0.11,0.11,0.11,0.11,0.1,0.12,0.18,0.3,0.27,0.36,0.32,0.25,0.22,0.19,0.25,0.31,0.31,0.31,0.27,0.24,0.17,0.18,0.25,0.19,
楠梓,2024/08/19 00:00:00,NMHC,0,0,0,0,0,0,0,0.13,0.05,0.29,0.21,0.1,0.08,0.1,0.17,0.3,0.42,0.21,0.16,0.12,0.05,0.08,0.08,0.17,
楠梓,2024/08/19 00:00:00,NO,1.1,0,0.6,1,1.1,2,3.9,7.2,9.2,13.6,10.2,9.2,9.6,4.7,10.4,7.7,12.4,7.7,6.6,10.7,3.1,3.3,3.8,2.1,
楠梓,2024/08/19 00:00:00,NO2,4.7,4.4,4.9,6.7,5.5,8.2,9,11.7,14.9,20.3,19.7,20.5,18.5,11.3,22.2,23.1,22.8,19.7,17.5,17.6,9,11.4,12.3,9.6,
楠梓,2024/08/19 00:00:00,NOx,5.9,4.5,5.5,7.8,6.7,10.2,12.9,18.9,24.2,33.9,30,29.8,28.1,16.1,32.6,30.9,35.3,27.4,24.2,28.4,12.1,14.7,16.1,11.8,
楠梓,2024/08/19 00:00:00,O3,17.7,17.7,14.8,13.1,14.3,7.7,6,5.6,8.2,8.8,7.2,9.3,9.4,16.1,6.9,7,4.2,4.8,5.1,1.8,8.2,4.7,3.6,4.6,
楠梓,2024/08/19 00:00:00,PM10,16,13,15,14,13,15,20,16,8,22,16,13,11,12,12,21,13,17,13,14,11,15,20,12,
楠梓,2024/08/19 00:00:00,PM2.5,3,3,4,4,4,3,4,6,7,11,8,8,6,4,8,12,9,12,10,9,8,6,8,8,
楠梓,2024/08/19 00:00:00,RAINFALL,0,0,0,6,0,1,0,1,2,0.5,6,4,2,2.5,3.5,2,1,0.5,0.5,0,8,0,0,0.5,
楠梓,2024/08/19 00:00:00,RH,97,96,95,96,96,97,96,95,97,93,97,97,97,97,97,97,96,97,97,95,97,97,96,96,
楠梓,2024/08/19 00:00:00,SO2,0.8,0.9,0.8,1.1,1,1,1,1.1,1.3,1.8,2.1,1.5,1.3,1.3,2.2,2.4,2,3.8,4.4,5.6,2.9,2.1,3.2,2.2,
楠梓,2024/08/19 00:00:00,THC,2.05,2.02,1.98,1.99,2.12,2.02,2.01,2.13,2.06,2.3,2.22,2.09,2.08,2.09,2.25,2.32,2.41,2.22,2.18,2.16,2.01,2.02,2.04,2.2,
楠梓,2024/08/19 00:00:00,WD_HR,99,80,65,78,94,91,90,54,64,152,99,92,94,99,108,174,152,153,125,95,202,92,82,150,
楠梓,2024/08/19 00:00:00,WIND_DIREC,84,66,85,106,78,83,91,36,99,124,194,90,98,94,168,158,152,162,87,111,56,74,68,141,
楠梓,2024/08/19 00:00:00,WIND_SPEED,1.1,0.3,0.2,1.1,0.2,1.1,1,1.1,0.7,1.2,0.2,0.4,0.7,0.2,0.6,1.7,1.7,2.8,0.2,0.2,0.2,0.3,0.2,1.5,
楠梓,2024/08/19 00:00:00,WS_HR,1.6,0.9,0.2,0.5,0.4,0.8,1.2,0.5,0.5,0.6,0.2,0.2,0.6,0.8,0.3,0.7,1.5,0.8,1,0.3,1.6,0.7,0.6,1.2,
楠梓,2024/08/20 00:00:00,AMB_TEMP,25.1,24.7,24.6,24.6,24.7,25.1,25.7,26.9,30.4,31.1,32.1,32.8,33.8,32.4,31.5,29.8,31.2,30.7,30.3,29.8,27.9,25.7,25.6,25.9,
楠梓,2024/08/20 00:00:00,CH4,1.99,1.96,2,2.04,2.04,2.05,2.01,2.05,1.96,1.97,2.01,1.93,1.9,1.89,1.88,1.89,1.88,1.88,1.9,2.02,1.94,1.93,1.96,1.99,
楠梓,2024/08/20 00:00:00,CO,0.12,0.09,0.12,0.09,0.12,0.11,0.22,0.39,0.37,0.23,0.2,0.32,0.27,0.22,0.2,0.21,0.19,0.31,0.36,0.22,0.17,0.14,0.15,0.13,
楠梓,2024/08/20 00:00:00,NMHC,0.11,0.05,0,0,0,0,0.09,0.07,0.07,0.13,0.09,0.09,0.03,0.02,0.04,0.07,0.05,0.07,0.16,0.11,0.14,0.06,0,0,
楠梓,2024/08/20 00:00:00,NO,2.2,0.9,1.4,1.3,2.3,3.9,12.7,25.5,14.9,10.5,6.7,4.2,5,3.8,4.3,6.3,6,2.8,3.4,4.5,3.3,1.3,2,1.8,
楠梓,2024/08/20 00:00:00,NO2,9.8,4.4,8.3,6.3,8.3,8.5,11.9,12.3,10.9,11.9,11.1,11,9.5,8.4,8.3,10.3,10.5,10.8,15,14,7.8,5.6,7.3,6.9,
楠梓,2024/08/20 00:00:00,NOx,12,5.3,9.7,7.6,10.7,12.4,24.7,37.8,25.9,22.4,17.8,15.3,14.6,12.3,12.7,16.6,16.5,13.7,18.5,18.6,11.1,6.9,9.4,8.8,
楠梓,2024/08/20 00:00:00,O3,7.2,10.4,8.3,8.8,6.3,4.7,3.4,2.4,7.1,10.8,17.6,25.9,19.2,16.7,12.7,11.8,11.7,8.2,4.3,3.5,8.9,10.2,6.4,5,
楠梓,2024/08/20 00:00:00,PM10,10,8,12,13,17,13,14,21,24,22,28,26,21,23,24,23,22,21,22,26,24,19,18,18,
楠梓,2024/08/20 00:00:00,PM2.5,7,6,5,2,0,2,6,6,5,12,9,16,3,6,6,4,10,8,6,5,4,4,4,5,
楠梓,2024/08/20 00:00:00,RAINFALL,0,2.5,1,0.5,0,0,0,0,0,0,0,0,0,0,0,0.5,0,0,0,0,2,0.5,0.5,0,
楠梓,2024/08/20 00:00:00,RH,96,97,97,97,96,94,92,91,82,77,72,69,63,69,77,88,84,85,89,92,93,98,97,95,
楠梓,2024/08/20 00:00:00,SO2,3.4,1.4,1.8,1.1,0.9,0.9,1.1,1.8,1.6,2.9,4.4,3.2,3,2.7,2,1.5,1.3,1.2,2.4,5,2.5,0.8,1.1,1,
楠梓,2024/08/20 00:00:00,THC,2.1,2.01,1.99,2.01,2.03,2.02,2.1,2.12,2.03,2.1,2.1,2.02,1.93,1.91,1.92,1.96,1.93,1.95,2.06,2.13,2.08,1.99,1.94,1.97,
楠梓,2024/08/20 00:00:00,WD_HR,115,93,117,104,92,86,98,86,95,154,136,169,193,191,193,187,198,188,162,118,272,78,79,84,
楠梓,2024/08/20 00:00:00,WIND_DIREC,93,115,82,109,76,72,90,83,99,165,164,165,180,200,191,192,197,191,124,100,317,69,106,107,
楠梓,2024/08/20 00:00:00,WIND_SPEED,2.1,1.3,0.2,0.9,0.2,0.5,0.2,0.7,1.4,2.7,2.1,3.1,3.6,4,3.7,2.2,2.4,1.9,1.3,0.6,1,1.8,0.8,0.2,
楠梓,2024/08/20 00:00:00,WS_HR,1.3,1.1,0.4,0.7,0.3,0.5,0.1,0.4,1.5,1.4,1.4,2.2,2.9,3.5,3,2.2,2.3,1.8,1.5,0.7,1,1.3,1.3,0.2,
楠梓,2024/08/21 00:00:00,AMB_TEMP,26.4,26.6,26.5,26.1,26,26.4,27.3,29.4,32,33.4,34.3,34,33.6,33.5,33.3,32.1,30.7,30.2,29.7,29.4,29.3,28.9,28.4,28.2,
楠梓,2024/08/21 00:00:00,CH4,2.09,2.16,2.13,2.04,2.06,2.05,2.05,2.02,2.03,1.96,1.98,1.91,1.89,1.89,1.88,1.87,1.91,1.92,1.91,1.93,2,2.07,2.13,2.1,
楠梓,2024/08/21 00:00:00,CO,0.32,0.17,0.17,0.15,0.15,0.17,0.22,0.37,0.48,0.28,0.53,0.15,0.09,0.09,0.09,0.08,0.14,0.15,0.16,0.22,0.26,0.28,0.28,0.23,
楠梓,2024/08/21 00:00:00,NMHC,0.24,0.06,0.06,0,0,0,0,0.09,0.38,0.06,0.09,0,0,0,0,0,0.13,0.15,0.06,0.02,0.14,0.15,0.06,0.05,
楠梓,2024/08/21 00:00:00,NO,19.1,8.7,6.5,2.6,11.3,13.8,14.9,21.7,14.7,6.3,3.5,3.5,1.2,0.9,1.5,1.2,1.2,0.5,0.6,1.2,2.1,2.6,5.7,3.1,
楠梓,2024/08/21 00:00:00,NO2,13.7,11.5,10.1,7.8,11,10,9.6,11.2,24.4,12.8,15.3,7.2,3.4,2.8,3.3,3.9,5.3,5.5,5.8,9.7,15,13.6,13.5,12,
楠梓,2024/08/21 00:00:00,NOx,32.8,20.3,16.6,10.5,22.4,23.8,24.6,32.9,39.2,19.2,18.9,10.7,4.6,3.7,4.8,5.1,6.6,6.1,6.5,10.9,17.1,16.3,19.2,15.1,
楠梓,2024/08/21 00:00:00,O3,0.7,0.7,1.8,3,0.5,1.4,2.9,3.9,15.5,22.4,40.6,25.5,23,20.3,18.1,17,16.1,15.3,14.9,11.3,4,3.8,1.8,3.5,
楠梓,2024/08/21 00:00:00,PM10,18,17,21,22,27,26,20,22,34,14,29,22,19,19,#,26,15,21,18,22,27,32,25,26,
楠梓,2024/08/21 00:00:00,PM2.5,7,5,6,10,10,12,9,8,11,8,15,8,4,2,#,6,4,6,6,7,13,14,11,8,
楠梓,2024/08/21 00:00:00,RAINFALL,0,0,0,0,0,0,0,0,0,0,0,0,0,0,0,0,0,0,0,0,0,0,0,0,
楠梓,2024/08/21 00:00:00,RH,96,95,94,94,93,91,88,80,70,61,60,66,68,68,69,74,76,78,86,90,90,91,91,92,
楠梓,2024/08/21 00:00:00,SO2,1.3,0.6,0.6,0.6,0.6,0.2,0.3,1,2.5,1.3,4.8,1.8,0.6,0.5,#,0.6,0.4,0.5,0.5,0.8,0.8,0.8,0.8,0.9,
楠梓,2024/08/21 00:00:00,THC,2.33,2.22,2.19,2.02,2.04,2.05,2.05,2.11,2.41,2.02,2.07,1.91,1.87,1.87,1.86,1.85,2.04,2.07,1.97,1.95,2.14,2.22,2.19,2.15,
楠梓,2024/08/21 00:00:00,WD_HR,97,91,83,96,78,77,86,90,198,227,218,259,243,235,244,247,294,305,310,50,51,59,72,59,
楠梓,2024/08/21 00:00:00,WIND_DIREC,93,97,80,67,78,86,54,143,215,240,225,264,246,233,233,266,303,288,30,63,52,63,71,68,
楠梓,2024/08/21 00:00:00,WIND_SPEED,0.2,0.2,0.2,0.2,0.2,0.4,1.2,0.4,1.4,1.6,2,2.4,3,3,4,1.7,1.7,1.6,0.8,1.2,0.3,0.8,0.7,1,
楠梓,2024/08/21 00:00:00,WS_HR,0.2,0.2,0.3,0.4,0.5,0.4,0.8,0.8,0.5,1.6,1.8,2.1,2.7,3.1,2.5,2.1,1.3,1.3,0.8,0.9,0.7,0.9,0.6,0.6,
楠梓,2024/08/22 00:00:00,AMB_TEMP,27.6,27.3,26.9,26.8,26.4,26.2,26.6,28.4,30.5,32.1,33.2,33.4,33.4,33.4,33.2,32.6,31.8,31.1,30.3,29.8,29.5,29.4,29.3,29.1,
楠梓,2024/08/22 00:00:00,CH4,2.12,2.06,2.12,2.11,2.11,2.13,2.05,1.99,1.97,1.98,1.96,1.92,1.92,1.89,1.89,1.89,1.89,1.91,1.91,1.92,1.95,1.93,1.91,1.96,
楠梓,2024/08/22 00:00:00,CO,0.2,0.17,0.16,0.15,0.14,0.17,0.17,0.25,0.22,0.19,0.14,0.1,0.1,0.09,0.13,0.11,0.12,0.15,0.17,0.15,0.12,0.14,0.11,0.15,
楠梓,2024/08/22 00:00:00,NMHC,0.08,0.12,0,0,0.02,0.05,0.03,0.02,0.03,0.01,0.08,0.07,0.11,0.09,0.24,0.17,0.03,0.02,0.65,0.45,0.29,0.2,0,0.02,
楠梓,2024/08/22 00:00:00,NO,0.9,0.6,2.1,4.7,2.4,4.7,5,9.1,7.8,5.2,3,1.4,1.1,1.1,1,0.8,1.6,1.4,0.5,0.2,0.4,0.2,0.5,0.6,
楠梓,2024/08/22 00:00:00,NO2,10.4,6.5,8.7,10.1,7.8,8.9,6.5,7.5,8.4,8.4,7.7,4.6,4.1,2.9,3.3,3.2,4.6,4.7,7.6,6,4.3,5.4,5.2,6.2,
楠梓,2024/08/22 00:00:00,NOx,11.4,7.1,10.8,14.9,10.3,13.6,11.5,16.7,16.3,13.7,10.8,6.1,5.2,4.1,4.3,4.1,6.3,6.1,8.1,6.2,4.8,5.7,5.8,6.8,
楠梓,2024/08/22 00:00:00,O3,3.6,4.7,4,2.6,2.4,0.9,3.2,5,11.9,19.3,28.2,26,28.7,18.6,20.2,24.3,17.9,14.4,12.2,10.9,11.8,10.6,10.2,8.3,
楠梓,2024/08/22 00:00:00,PM10,26,27,19,22,28,22,23,21,35,32,34,30,20,19,20,18,22,21,22,20,23,21,17,22,
楠梓,2024/08/22 00:00:00,PM2.5,11,10,10,8,6,9,10,7,11,16,13,12,12,9,5,10,8,8,9,11,10,10,8,13,
楠梓,2024/08/22 00:00:00,RAINFALL,0,0,0,0,0,0,0,0,0,0,0,0,0,0,0,0,0,0,0,0,0,0,0,0,
楠梓,2024/08/22 00:00:00,RH,93,93,93,92,93,93,90,82,76,70,66,66,68,67,67,73,76,78,86,90,91,92,92,92,
楠梓,2024/08/22 00:00:00,SO2,1.1,1.8,2.3,1.6,1.5,1.3,1.6,1.9,2.5,2.3,2.6,2,1.8,1.9,1.7,1.7,2.1,2.2,2.4,1.7,1.6,1.7,1.5,1.9,
楠梓,2024/08/22 00:00:00,THC,2.2,2.18,2.12,2.11,2.13,2.18,2.08,2.01,2,1.99,2.04,1.99,2.03,1.98,2.13,2.06,1.92,1.93,2.56,2.37,2.24,2.13,1.88,1.98,
楠梓,2024/08/22 00:00:00,WD_HR,56,67,74,68,61,48,48,51,28,9,306,281,284,290,289,282,315,312,304,286,306,307,324,319,
楠梓,2024/08/22 00:00:00,WIND_DIREC,58,96,59,84,67,45,55,42,359,341,280,288,277,299,269,282,322,316,288,287,307,320,55,328,
楠梓,2024/08/22 00:00:00,WIND_SPEED,0.9,0.5,0.2,0.5,0.9,1.9,1.4,1.3,1.3,1.4,1.9,3,2.8,2.3,3.1,2.5,2.7,2.6,1.7,1.6,1,1.4,0.2,0.2,
楠梓,2024/08/22 00:00:00,WS_HR,0.6,0.8,0.7,0.6,1,0.8,1.5,1.3,1.2,1.1,1.9,2.3,2.4,2.8,2.4,2.1,2.5,2.6,1.5,1.4,1.3,1.1,0.6,0.3,
楠梓,2024/08/23 00:00:00,AMB_TEMP,28.8,28.4,28.4,28.3,27.8,27.7,28.2,29.4,30.5,32,32.9,33.3,33.3,33.3,33,32.5,31.9,31.1,30.4,30.1,29.8,29.7,29.2,29,
楠梓,2024/08/23 00:00:00,CH4,2.05,2.11,2.13,2.1,2.22,2.21,2.05,2,1.94,1.94,1.91,1.89,1.87,1.87,1.87,1.87,1.87,1.87,1.88,1.9,1.88,1.89,2.12,2.16,
楠梓,2024/08/23 00:00:00,CO,0.17,0.19,0.17,0.16,0.17,0.18,0.2,0.22,0.18,0.14,0.1,0.1,0.09,0.08,0.08,0.08,0.1,0.12,0.14,0.14,0.14,0.15,0.27,0.31,
楠梓,2024/08/23 00:00:00,NMHC,0.06,0.07,0.05,0.06,0.08,0.03,0.03,0.04,0.03,0.03,0.02,0.04,0.08,0.02,0.04,0.01,0.03,0.17,0.14,0,0.1,0,0.09,0.2,
楠梓,2024/08/23 00:00:00,NO,1.2,2.8,2.9,2.9,7.5,7.1,8.5,5.4,3.9,3.4,1.4,1.1,0.7,0.6,0.7,0.7,1.1,0.4,0.2,0,0.1,0,4.8,10.8,
楠梓,2024/08/23 00:00:00,NO2,8.8,9.6,10.1,10.7,9.2,11.2,11.3,9.9,7.8,7.1,4.7,4,3.4,2.5,2.9,2.7,3.3,3.5,4.4,5.2,4.5,6.8,12.6,11.6,
楠梓,2024/08/23 00:00:00,NOx,10,12.5,13.1,13.6,16.8,18.4,19.8,15.4,11.7,10.6,6.2,5.2,4.2,3.2,3.7,3.4,4.4,3.9,4.6,5.2,4.7,6.9,17.5,22.5,
楠梓,2024/08/23 00:00:00,O3,4.5,2.4,2.4,2.1,1.2,1.5,4,12.7,18,21,23.9,24.4,22.3,20.9,21.5,19.1,20.1,17.8,15.6,13.2,14.9,11,1.9,1.4,
楠梓,2024/08/23 00:00:00,PM10,17,24,21,26,28,28,26,40,54,31,18,17,19,17,30,17,16,21,21,16,21,20,25,22,
楠梓,2024/08/23 00:00:00,PM2.5,8,10,13,12,10,12,10,16,21,15,3,9,8,7,8,8,6,9,11,11,9,8,15,11,
楠梓,2024/08/23 00:00:00,RAINFALL,0,0,0,0,0,0,0,0,0,0,0,0,0,0,0,0,0,0,0,0,0,0,0,0,
楠梓,2024/08/23 00:00:00,RH,93,94,94,94,95,96,94,92,89,80,74,73,72,72,74,75,77,81,85,86,88,90,92,93,
楠梓,2024/08/23 00:00:00,SO2,1.8,0.8,0.7,0.9,0.8,0.8,1.1,1.1,1.2,1.8,1.6,1.3,1.5,0.9,0.8,0.9,0.8,1,0.8,0.7,1,0.8,1.1,1.2,
楠梓,2024/08/23 00:00:00,THC,2.11,2.18,2.18,2.16,2.3,2.24,2.08,2.04,1.97,1.97,1.93,1.93,1.95,1.89,1.91,1.88,1.9,2.04,2.02,1.89,1.98,1.89,2.21,2.36,
楠梓,2024/08/23 00:00:00,WD_HR,42,68,74,55,68,62,48,55,38,302,283,283,289,281,281,275,282,293,291,278,297,294,96,85,
楠梓,2024/08/23 00:00:00,WIND_DIREC,60,72,61,51,66,54,42,61,39,271,285,287,285,279,278,284,280,299,281,291,278,298,98,87,
楠梓,2024/08/23 00:00:00,WIND_SPEED,0.6,0.4,0.4,0.7,0.5,0.7,1.2,1.5,1.6,2.6,2.7,3.5,2.8,2.8,2.9,2.7,1.8,1.8,1.1,1.1,0.7,0.6,0.2,0.8,
楠梓,2024/08/23 00:00:00,WS_HR,0.4,0.7,0.4,0.6,0.7,0.6,0.9,1.3,1.4,1.6,2.3,2.5,2.2,2.3,2.6,2.5,2,1.5,1,0.8,0.9,0.7,0.3,0.5,
楠梓,2024/08/24 00:00:00,AMB_TEMP,28.3,28.2,28.1,27.6,27.5,27.4,27.9,29.5,31.3,32.6,33.5,33.9,34.2,32.6,31.9,30.9,29.7,28.8,28.1,28.4,28.1,27.8,27.6,27.3,
楠梓,2024/08/24 00:00:00,CH4,2.16,2.16,2.18,2.15,2.09,2.02,2.02,2,1.92,1.92,1.91,1.89,1.88,1.87,1.87,1.88,1.89,1.95,1.99,2.03,2.07,2.07,2.04,2.1,
楠梓,2024/08/24 00:00:00,CO,0.28,0.26,0.21,0.16,0.15,0.15,0.2,0.18,0.12,0.12,0.11,0.09,0.08,0.08,0.08,0.12,0.13,0.22,0.27,0.35,0.28,0.25,0.23,0.21,
楠梓,2024/08/24 00:00:00,NMHC,0.09,0.06,0.06,0.1,0.02,0.01,0.02,0.02,0,0.05,0.03,0,0,0,0,0,0.04,0.13,0.04,0.19,0.06,0.04,0.02,0.08,
楠梓,2024/08/24 00:00:00,NO,7.9,6.6,3.7,1.1,1.8,2.4,4.2,6.2,3.1,0.7,0.2,0,0.4,0.1,0.1,0,0,0.3,0.4,1.1,0.7,0.6,0.3,0,
楠梓,2024/08/24 00:00:00,NO2,11.4,12.5,10.7,8.8,10.5,10.7,10.1,8.8,6.2,5.2,4,3.8,3.2,3.2,3.1,3.6,5,9.8,13.9,20.8,15.7,13.2,11,9,
楠梓,2024/08/24 00:00:00,NOx,19.3,19.2,14.4,9.9,12.4,13.1,14.3,15,9.4,5.9,4.2,3.9,3.6,3.4,3.2,3.6,4.8,10.1,14.4,21.9,16.4,13.8,11.4,9.1,
楠梓,2024/08/24 00:00:00,O3,0.7,0.8,2,3.2,3.6,3.5,4.5,9.8,19.1,31.6,37.7,34.2,27.8,28.6,26.9,33.3,29.5,20.8,14.7,6.6,11.2,10,12.4,9,
楠梓,2024/08/24 00:00:00,PM10,27,22,26,25,22,22,26,22,31,18,33,25,20,18,18,21,20,25,27,35,26,21,25,30,
楠梓,2024/08/24 00:00:00,PM2.5,11,9,6,11,11,11,10,12,11,14,13,13,8,6,8,8,11,10,13,15,11,11,11,16,
楠梓,2024/08/24 00:00:00,RAINFALL,0,0,0,0,0,0,0,0,0,0,0,0,0,0,0,0,0.5,0,0,0,0,0,0,0,
楠梓,2024/08/24 00:00:00,RH,93,93,93,94,94,94,93,89,75,67,70,67,64,74,80,85,92,93,95,94,94,94,94,95,
楠梓,2024/08/24 00:00:00,SO2,1.2,0.5,0.3,0.5,0.6,0.4,0.5,0.7,1.1,1,0.5,0.4,0.3,0.3,0.4,0.3,0.2,0.3,0.6,1.1,1.4,0.6,0.5,0.5,
楠梓,2024/08/24 00:00:00,THC,2.25,2.22,2.24,2.25,2.11,2.03,2.04,2.02,1.91,1.97,1.94,1.88,1.85,1.84,1.83,1.88,1.93,2.08,2.03,2.22,2.13,2.11,2.06,2.18,
楠梓,2024/08/24 00:00:00,WD_HR,89,79,59,74,90,76,60,45,333,290,287,275,248,256,261,281,300,64,69,78,75,82,60,47,
楠梓,2024/08/24 00:00:00,WIND_DIREC,97,75,57,87,80,42,69,297,254,292,277,252,233,276,273,275,309,67,102,80,69,62,65,47,
楠梓,2024/08/24 00:00:00,WIND_SPEED,0.3,0.2,0.8,0.5,0.5,0.7,0.9,0.5,0.9,0.9,2,2.4,2.8,3.4,2.5,1.6,1.6,2.4,0.3,0.8,1.3,1.5,1.4,0.8,
楠梓,2024/08/24 00:00:00,WS_HR,0.5,0.4,0.6,0.7,0.6,0.4,0.9,0.5,0.3,0.9,1.6,2.1,2,1.9,2.1,1.8,1.1,0.8,0.8,0.5,1,1,1.1,1.1,
楠梓,2024/08/25 00:00:00,AMB_TEMP,27.4,27.6,26.8,26.8,26.4,26.1,27.1,28.5,30.1,31.5,32.8,33.3,33.9,34.2,33.8,33.2,32.5,31.9,31,30.3,30.1,29.8,29.4,28.6,
楠梓,2024/08/25 00:00:00,CH4,2.06,2.03,2.17,2.12,2.13,2.18,2.17,2.14,1.95,1.91,1.97,1.95,1.95,1.97,1.95,1.92,1.91,1.91,1.91,1.92,1.92,1.92,2.06,2.07,
楠梓,2024/08/25 00:00:00,CO,0.2,0.23,0.19,0.19,0.17,0.19,0.32,0.28,0.15,0.13,0.16,0.13,0.13,0.13,0.13,0.11,0.11,0.12,0.13,0.13,0.12,0.1,0.23,0.22,
楠梓,2024/08/25 00:00:00,NMHC,0.02,0.03,0.01,0.01,0.06,0.08,0.06,0.05,0,0.01,0.03,0.05,0.01,0.01,0.03,0.05,0.04,0,0.12,0,0.02,0.05,0,0,
楠梓,2024/08/25 00:00:00,NO,1,3.5,0.5,0.5,0.4,0.6,6.6,4,1.1,0.8,0.5,0.5,0.5,0.5,0.6,0.3,0.3,0.3,0.4,0.1,0.3,0,0.7,0.6,
楠梓,2024/08/25 00:00:00,NO2,9.9,10.6,7.6,7.4,6.6,7.3,12.4,9.5,4.1,3.5,3.8,4.1,3.9,3.9,3.5,2.7,2.9,3.2,3.4,3.1,3,3.1,9.7,9.5,
楠梓,2024/08/25 00:00:00,NOx,11,14.1,8.1,7.9,7,7.9,19.1,13.5,5.3,4.4,4.4,4.6,4.5,4.5,4.1,3,3.2,3.5,3.8,3.3,3.4,3.1,10.4,10.1,
楠梓,2024/08/25 00:00:00,O3,13.3,14.8,10.4,8.2,5.8,3.6,6,15.7,26.1,32.5,43.3,42.8,45.8,46.2,42.4,37.6,31.3,29.8,28.4,27.2,25.6,25.5,17.2,17.9,
楠梓,2024/08/25 00:00:00,PM10,24,21,24,21,31,31,31,40,28,28,24,23,16,17,19,18,19,17,21,16,18,21,21,25,
楠梓,2024/08/25 00:00:00,PM2.5,10,10,7,10,14,13,16,21,8,12,12,8,7,8,8,10,10,14,12,10,14,9,8,7,
楠梓,2024/08/25 00:00:00,RAINFALL,0,0,0,0,0,0,0,0,0,0,0,0,0,0,0,0,0,0,0,0,0,0,0,0,
楠梓,2024/08/25 00:00:00,RH,94,93,94,93,95,94,91,86,75,73,70,68,65,62,62,65,68,72,75,78,81,81,86,91,
楠梓,2024/08/25 00:00:00,SO2,0.7,0.9,0.8,0.9,0.9,0.7,1.1,1.1,1,0.9,1.5,1.8,1.7,2,2,1.3,1.3,1.4,0.9,0.9,0.8,1,1.1,1.3,
楠梓,2024/08/25 00:00:00,THC,2.08,2.06,2.18,2.13,2.19,2.26,2.23,2.19,1.95,1.92,2,2,1.96,1.98,1.98,1.97,1.95,1.9,2.03,1.89,1.94,1.97,2.06,2.07,
楠梓,2024/08/25 00:00:00,WD_HR,77,63,72,73,57,61,71,57,52,347,287,288,289,290,280,284,285,282,297,280,281,312,79,64,
楠梓,2024/08/25 00:00:00,WIND_DIREC,76,64,95,59,69,61,57,58,46,293,292,288,305,274,291,282,292,283,278,277,293,331,88,93,
楠梓,2024/08/25 00:00:00,WIND_SPEED,0.2,1.7,0.5,0.7,1,0.2,0.7,2.1,1.4,1.2,2.4,2.5,2.4,2.6,2.2,2.5,2.3,1.8,1.3,1.4,1.6,1,0.7,0.7,
楠梓,2024/08/25 00:00:00,WS_HR,0.4,0.6,1,0.4,0.9,0.6,0.4,1.4,1.7,0.7,1.5,1.9,2.1,2.2,2.4,2,1.9,1.5,1.3,1,1.1,1,1.1,1.5,
楠梓,2024/08/26 00:00:00,AMB_TEMP,28.5,28.6,28.3,28,27.7,27.7,28,29.2,30.5,32,33.2,33.9,33.8,33.6,32.5,30.9,30.3,28.8,28.3,28.1,28.6,28.5,28.1,27.7,
楠梓,2024/08/26 00:00:00,CH4,2.11,2.13,2.09,2.11,2.09,2.09,2.09,1.99,1.96,1.98,2.01,1.95,1.94,1.92,1.9,1.9,1.9,2.02,2,1.99,2.02,2.14,2.08,2.12,
楠梓,2024/08/26 00:00:00,CO,0.2,0.17,0.15,0.15,0.15,0.19,0.22,0.2,0.16,0.16,0.19,0.13,0.1,0.1,0.1,0.11,0.12,0.27,0.25,0.23,0.27,0.37,0.29,0.26,
楠梓,2024/08/26 00:00:00,NMHC,0.02,0.08,0.02,0,0,0,0,0,0,0,0.08,0.04,0.07,0.06,0.13,0,0.09,0.04,0.02,0.01,0.07,0.14,0.06,0.07,
楠梓,2024/08/26 00:00:00,NO,0.2,0.2,0.3,0.6,0.5,0.8,3.1,3.3,1.7,2.2,1.6,1.3,0.9,0.4,0.6,0.7,0.5,0.9,1.2,1.1,0.5,2,1.4,1.2,
楠梓,2024/08/26 00:00:00,NO2,8.6,6.6,5.9,7,7.5,10.6,13,8.8,5.8,7.1,7.8,6.6,4.2,3.2,3.3,4.2,4.5,13.5,15.4,14.4,13.4,19.8,19.7,14.3,
楠梓,2024/08/26 00:00:00,NOx,8.9,6.8,6.3,7.6,8,11.5,16.2,12.1,7.5,9.3,9.4,7.9,5.1,3.7,4,4.9,5,14.4,16.7,15.6,13.9,21.8,21.2,15.6,
楠梓,2024/08/26 00:00:00,O3,14.1,11.4,13.6,14.1,15.2,8.9,10.1,17.6,25.4,29.4,46,41.1,34.6,36.6,33.6,26.7,28,25.7,19.4,18.1,15.3,6,6.9,8.6,
楠梓,2024/08/26 00:00:00,PM10,19,27,23,22,23,24,28,22,29,34,43,24,17,22,31,19,18,24,23,17,18,25,21,42,
楠梓,2024/08/26 00:00:00,PM2.5,7,19,11,12,14,13,11,14,16,17,13,10,9,12,7,9,12,11,15,8,13,14,10,16,
楠梓,2024/08/26 00:00:00,RAINFALL,0,0,0,0,0,0,0,0,0,0,0,0,0,0,0,0,0,0,0,0,0,0,0,0,
楠梓,2024/08/26 00:00:00,RH,92,91,92,92,93,93,93,90,82,70,65,58,59,63,68,75,78,89,91,90,90,90,90,92,
楠梓,2024/08/26 00:00:00,SO2,1.1,1.2,1,1.2,1.2,1.1,1.2,1.6,1.6,2.9,2.7,2.8,1.5,1.1,1.2,1.3,1.3,1.3,1.4,1.5,1.4,1.5,1.5,1.5,
楠梓,2024/08/26 00:00:00,THC,2.13,2.21,2.11,2.1,2.08,2.09,2.09,1.98,1.94,1.97,2.09,1.99,2.01,1.98,2.03,1.89,1.99,2.06,2.02,2,2.09,2.28,2.14,2.19,
楠梓,2024/08/26 00:00:00,WD_HR,74,57,62,84,75,72,60,41,26,341,288,276,286,283,289,279,287,80,82,67,83,92,74,71,
楠梓,2024/08/26 00:00:00,WIND_DIREC,45,68,67,100,79,74,56,44,357,33,279,275,302,278,279,277,317,80,72,49,70,83,72,93,
楠梓,2024/08/26 00:00:00,WIND_SPEED,0.9,0.9,1,1,1.1,1,1.2,2.2,1.9,1.5,2.3,3,3.6,3,2.5,2.3,1.1,1.4,1.7,0.8,0.2,1,0.2,0.5,
楠梓,2024/08/26 00:00:00,WS_HR,0.8,1,1.1,0.8,1,1,1.3,1.6,1.4,1,1.5,2.3,2.7,2.4,2.3,1.8,1,1.7,1.6,1.6,0.2,0.7,0.4,1,
楠梓,2024/08/27 00:00:00,AMB_TEMP,27.4,27.7,26.9,26.8,26.7,26.6,27.1,28.4,30,31.3,32.7,33.7,33.9,33.8,33.5,32.8,32,31.1,30.3,30,29.8,29.7,29.6,29,
楠梓,2024/08/27 00:00:00,CH4,2.11,2.11,2.1,2.07,2.04,2.06,2.02,2.09,1.95,1.93,1.97,1.94,1.93,1.95,1.95,1.93,1.92,1.91,1.91,1.93,1.92,1.92,1.93,2.02,
楠梓,2024/08/27 00:00:00,CO,0.2,0.22,0.19,0.17,0.14,0.15,0.21,0.36,0.16,0.11,0.14,0.12,0.11,0.12,0.13,0.12,0.12,0.14,0.15,0.14,0.13,0.12,0.11,0.14,
楠梓,2024/08/27 00:00:00,NMHC,0.02,0.21,0.01,0,0,0,0.01,0.07,0.01,0,0.07,0.04,0.02,0.03,0.06,0.11,0,0.22,0.43,0.21,0.15,0.24,0,0.03,
楠梓,2024/08/27 00:00:00,NO,1.9,2.1,1.3,1.8,0.3,1.2,4.2,7.4,4.3,1.5,0.7,0.5,0.2,0.4,0.4,0.4,0.5,0.1,0,0.1,0.1,0,0,0.2,
楠梓,2024/08/27 00:00:00,NO2,12.9,18.9,12.7,10.4,9.7,10.9,13.9,16.1,6.8,5.6,6.5,4.7,3.8,3.4,3.6,3.8,3.6,4.5,5.3,5.1,4.7,4.4,4.1,6.5,
楠梓,2024/08/27 00:00:00,NOx,14.9,21.1,14,12.2,10.1,12.1,18.2,23.5,11.1,7.1,7.2,5.3,4,3.8,4,4.2,4.2,4.7,5.3,5.2,4.8,4.4,4.1,6.7,
楠梓,2024/08/27 00:00:00,O3,10.3,5,8,10.3,10.2,8.4,8.4,10.8,25.3,34.3,48,45.6,45.1,50.2,51.9,43.2,41.6,37.2,34.9,33.4,31,32.2,37.2,25.3,
楠梓,2024/08/27 00:00:00,PM10,25,32,22,20,19,25,19,44,25,20,28,14,15,16,21,30,21,26,17,19,20,18,14,24,
楠梓,2024/08/27 00:00:00,PM2.5,8,12,12,9,7,7,10,23,13,8,19,8,7,5,5,8,12,7,12,12,12,10,7,9,
楠梓,2024/08/27 00:00:00,RAINFALL,0,0,0,0,0,0,0,0,0,0,0,0,0,0,0,0,0,0,0,0,0,0,0,0,
楠梓,2024/08/27 00:00:00,RH,92,92,93,92,92,92,91,90,86,77,69,63,63,63,67,70,73,77,80,87,90,90,90,92,
楠梓,2024/08/27 00:00:00,SO2,1.7,1.2,1.1,1.4,0.6,0.6,1,1.3,1,0.9,1.4,1,0.8,0.8,1,0.9,0.9,0.9,0.8,0.8,0.9,1,1,1.2,
楠梓,2024/08/27 00:00:00,THC,2.13,2.32,2.11,2.07,2.04,2.05,2.03,2.16,1.96,1.93,2.04,1.98,1.95,1.98,2.01,2.04,1.92,2.13,2.34,2.14,2.07,2.16,1.9,2.05,
楠梓,2024/08/27 00:00:00,WD_HR,95,108,86,65,66,60,60,61,37,10,280,273,275,280,283,281,277,287,296,297,301,303,324,57,
楠梓,2024/08/27 00:00:00,WIND_DIREC,93,86,105,63,56,61,58,58,16,277,278,274,277,276,307,277,278,271,301,271,306,297,337,102,
楠梓,2024/08/27 00:00:00,WIND_SPEED,0.2,0.2,1,1.4,0.4,1.8,1.8,1.4,1.8,1.6,2.1,2.5,2.1,2.6,2.6,2.9,2.5,2.6,1.8,1.4,0.4,0.8,0.6,0.7,
楠梓,2024/08/27 00:00:00,WS_HR,0.5,0.1,0.9,1.2,0.7,1.8,1.6,0.8,1.8,0.7,1.2,1.9,1.8,2.3,2.1,2.3,2,1.9,1.2,1.4,0.7,1.3,0.6,0.9,
楠梓,2024/08/28 00:00:00,AMB_TEMP,28.8,28.7,28.5,28.2,28.3,28.1,28.5,29.9,31,32.5,34,34.2,34.4,34.5,34.2,33.6,32.7,31.9,31.1,30.9,30.7,30.5,30.4,30.5,
楠梓,2024/08/28 00:00:00,CH4,2.03,2.01,2.1,2.06,2.08,2.02,2.06,2.01,1.99,1.99,1.99,1.97,1.94,1.92,1.93,1.93,1.93,1.93,1.93,1.94,1.95,1.95,1.93,1.93,
楠梓,2024/08/28 00:00:00,CO,0.15,0.14,0.16,0.14,0.15,0.17,0.22,0.22,0.19,0.19,0.17,0.14,0.13,0.1,0.11,0.12,0.14,0.17,0.18,0.15,0.18,0.13,0.15,0.13,
楠梓,2024/08/28 00:00:00,NMHC,0.01,0.02,0.07,0.03,0.01,0,0.06,0.21,0.01,0.02,0.03,0.01,0,0,0,0,0,0.01,0.26,0.1,0.12,0,0.12,0.01,
楠梓,2024/08/28 00:00:00,NO,0,0.8,0.5,0.9,0.8,0.9,2.4,1.7,1.8,1.3,1.1,1,1.2,0.9,1,1.3,1.2,0.7,0.8,0.6,0.5,0.8,0.7,0.7,
楠梓,2024/08/28 00:00:00,NO2,9.3,9.6,10.8,11.1,9,9.2,12.7,8.6,7.8,6.1,3.9,3.1,3.3,2.7,3,2.8,3.1,4.3,4.7,3.8,4.1,3.7,5.1,7.4,
楠梓,2024/08/28 00:00:00,NOx,9,10.4,11.3,12,9.9,10.1,15.1,10.3,9.6,7.5,5.1,4.1,4.5,3.6,4,4.1,4.4,5,5.5,4.5,4.7,4.5,5.8,8.2,
楠梓,2024/08/28 00:00:00,O3,22.9,24.5,16.6,20.2,21.7,16.8,13.7,32.7,39.6,51.9,57.6,57.1,52.5,43.3,43.5,43,38.6,39.1,39,39.8,36.3,34.2,29.3,31.1,
楠梓,2024/08/28 00:00:00,PM10,24,31,29,22,21,24,30,31,48,36,28,26,22,22,27,21,13,24,25,23,26,20,18,21,
楠梓,2024/08/28 00:00:00,PM2.5,8,12,18,12,14,14,15,13,9,19,13,14,9,8,8,6,9,13,12,12,12,10,9,8,
楠梓,2024/08/28 00:00:00,RAINFALL,0,0,0,0,0,0,0,0,0,0,0,0,0,0,0,0,0,0,0,0,0,0,0,0,
楠梓,2024/08/28 00:00:00,RH,92,92,93,93,93,93,92,88,78,73,63,64,65,65,66,69,73,75,79,82,83,87,87,87,
楠梓,2024/08/28 00:00:00,SO2,1.2,1.2,1,1.1,0.9,0.7,0.9,1.1,1.2,1.2,1,1,1,1,0.9,0.7,0.8,0.9,0.8,0.8,0.9,1.1,0.9,0.9,
楠梓,2024/08/28 00:00:00,THC,2.04,2.03,2.17,2.09,2.09,2.02,2.12,2.22,2,2.01,2.02,1.98,1.92,1.89,1.92,1.91,1.91,1.94,2.19,2.04,2.07,1.95,2.05,1.94,
楠梓,2024/08/28 00:00:00,WD_HR,80,73,71,76,67,76,44,6,342,288,282,280,271,264,270,273,275,280,290,312,302,307,214,227,
楠梓,2024/08/28 00:00:00,WIND_DIREC,66,76,71,88,102,80,271,19,268,287,286,272,266,239,273,270,263,280,287,293,316,312,201,208,
楠梓,2024/08/28 00:00:00,WIND_SPEED,0.2,0.2,0.2,0.7,0.5,1.3,1,1.2,0.5,1.6,2.6,1.5,1.9,2.9,2.4,2.3,2,1.9,1,0.2,1.5,0.2,1.4,1.5,
楠梓,2024/08/28 00:00:00,WS_HR,0.2,0.2,0.2,1.3,0.7,1.4,0.7,0.6,0.5,0.8,1.6,1.5,1.7,2,2,2.1,2,1.7,0.7,0.8,0.7,0.4,0.3,0.6,
楠梓,2024/08/29 00:00:00,AMB_TEMP,30.3,29.5,28.9,28.6,28.3,28.2,28.9,30.5,32.3,33.5,33.5,33,34.4,35.4,35.2,34.5,33.7,32.7,31.9,31.5,30.5,29.9,29.8,29.6,
楠梓,2024/08/29 00:00:00,CH4,1.93,2.07,2.16,2.18,2.25,2.15,2.02,2.01,2.01,2.02,2.04,1.96,1.94,1.93,1.93,#,1.91,1.91,1.91,1.91,1.94,1.98,2,2.02,
楠梓,2024/08/29 00:00:00,CO,0.11,0.19,0.17,0.17,0.18,0.19,0.22,0.27,0.4,0.43,0.44,0.18,0.14,0.13,0.12,#,0.14,0.18,0.18,0.18,0.18,0.19,0.18,0.21,
楠梓,2024/08/29 00:00:00,NMHC,0,0.03,0.02,0,0,0,0,0.08,0.15,0.08,0.11,0.02,0.01,0,0,#,0.03,0.01,0,0,0.11,0.08,0.02,0.04,
楠梓,2024/08/29 00:00:00,NO,0.6,0.5,0.6,0.7,0.7,0.7,1.7,2.4,3.3,3.2,1.5,0.9,0.8,0.6,0.8,#,#,1.9,0.8,0.9,1.1,1,1.1,0.8,
楠梓,2024/08/29 00:00:00,NO2,5.3,10.4,11,9.3,10.9,9.9,13.4,11,14.7,15.5,15.4,10.4,5.1,3.9,3.6,#,#,8.8,7.1,7.2,8.2,7.6,8.1,9,
楠梓,2024/08/29 00:00:00,NOx,5.9,11,11.6,10.1,11.7,10.7,15.2,13.5,18.1,18.8,16.9,11.3,5.9,4.6,4.4,#,#,10.8,7.9,8.2,9.3,8.7,9.2,9.8,
楠梓,2024/08/29 00:00:00,O3,34.4,20.3,15.4,16.4,11,14.7,14.8,26,32.5,39.6,57.7,36.7,36.6,35.8,#,#,23.8,20.7,20.4,16.6,10.5,12.6,13.4,10.3,
楠梓,2024/08/29 00:00:00,PM10,19,33,31,30,26,28,31,31,47,42,45,39,30,19,#,#,20,21,10,15,19,16,23,23,
楠梓,2024/08/29 00:00:00,PM2.5,9,11,14,14,12,15,14,11,21,17,21,10,9,8,#,8,6,8,6,5,11,13,10,7,
楠梓,2024/08/29 00:00:00,RAINFALL,0,0,0,0,0,0,0,0,0,0,0,0,0,0,#,0,0,0,0,0,0,0,0,0,
楠梓,2024/08/29 00:00:00,RH,87,91,94,94,95,95,92,85,73,66,68,71,68,62,61,64,68,72,76,80,85,91,91,91,
楠梓,2024/08/29 00:00:00,SO2,1.1,0.8,1,1.1,1.1,0.9,0.9,1.4,5,3.8,3.3,1.8,1.1,1,1,#,#,1,1.1,1.1,1,1.1,1.1,1.1,
楠梓,2024/08/29 00:00:00,THC,1.93,2.1,2.18,2.18,2.25,2.14,2.02,2.09,2.16,2.1,2.15,1.98,1.95,1.92,1.91,#,1.94,1.92,1.91,1.91,2.05,2.06,2.02,2.06,
楠梓,2024/08/29 00:00:00,WD_HR,208,85,94,73,75,90,90,126,163,234,295,276,268,233,230,219,222,223,232,218,48,55,48,62,
楠梓,2024/08/29 00:00:00,WIND_DIREC,325,58,76,61,96,93,95,170,156,194,282,288,260,225,227,217,226,230,227,212,33,60,49,90,
楠梓,2024/08/29 00:00:00,WIND_SPEED,0.2,0.2,0.8,1.5,1.5,0.8,1.3,1.2,1.1,0.2,1.1,3,2.6,2.2,3,2.9,2.5,1.9,1.9,1.6,1.8,0.2,0.8,0.2,
楠梓,2024/08/29 00:00:00,WS_HR,0.2,0.2,0.5,1,0.7,0.9,0.8,0.3,0.9,0.2,0.6,1.6,2.2,2.1,2.4,2.9,2.8,2.2,1.6,1.7,0.9,0.9,0.8,0.3,
楠梓,2024/08/30 00:00:00,AMB_TEMP,29.2,28.8,28.6,28.5,28.2,28.3,28.7,30.3,31.9,33.1,33.9,34.6,35,34.7,34.3,33.6,32.8,32.2,31.8,31.6,30.8,30.6,30.5,30.2,
楠梓,2024/08/30 00:00:00,CH4,1.97,1.99,2.01,2.04,2.01,2.08,1.99,1.99,1.97,1.97,1.96,1.94,1.94,1.95,1.96,1.95,1.94,1.94,1.92,1.91,1.92,1.94,2.04,2.08,
楠梓,2024/08/30 00:00:00,CO,0.17,0.16,0.16,0.15,0.13,0.18,0.2,0.34,0.28,0.29,0.28,0.24,0.2,0.16,0.16,0.15,0.17,0.19,0.17,0.15,0.14,0.21,0.23,0.26,
楠梓,2024/08/30 00:00:00,NMHC,0.01,0,0,0,0,0,0,0.04,0.01,0.14,0.05,0,0,0.02,0,0,0,0,0,0,0,0.05,0.03,0.04,
楠梓,2024/08/30 00:00:00,NO,1.1,0.8,1.1,1.3,1.6,4.8,6.5,9.8,3.8,3.6,2.1,1.5,1.2,1.2,1.1,1.2,1.1,0.9,0.8,0.8,0.8,0.7,0.7,1,
楠梓,2024/08/30 00:00:00,NO2,9.5,7,6.6,8,7.9,14.9,10.8,10.2,8.4,13.9,11.1,7.4,5.2,4.6,4.5,4.4,5.1,5.8,5.5,4.6,4.2,11,10,12.8,
楠梓,2024/08/30 00:00:00,NOx,10.7,7.8,7.7,9.3,9.6,19.7,17.4,20.1,12.2,17.5,13.2,9,6.5,5.8,5.6,5.7,6.3,6.7,6.4,5.4,5,11.8,10.8,13.9,
楠梓,2024/08/30 00:00:00,O3,11.9,13.5,12.1,9,8.1,2.4,6.1,8.7,26.4,34.3,49.7,51.3,57.5,57.7,56.5,52.2,49.6,49.8,39.2,35.9,31.9,24.6,22.9,18.5,
楠梓,2024/08/30 00:00:00,PM10,18,15,14,13,13,16,14,23,29,40,40,29,21,24,27,20,18,21,14,9,10,20,11,20,
楠梓,2024/08/30 00:00:00,PM2.5,5,6,11,11,10,10,8,13,17,11,14,10,11,11,11,8,7,8,10,8,8,11,10,12,
楠梓,2024/08/30 00:00:00,RAINFALL,0,0,0,0,0,0,0,0,0,0,0,0,0,0,0,0,0,0,0,0,0,0,0,0,
楠梓,2024/08/30 00:00:00,RH,91,93,94,94,94,93,91,86,77,71,67,66,64,66,68,71,74,76,76,77,85,90,90,91,
楠梓,2024/08/30 00:00:00,SO2,1.3,0.8,0.5,0.7,0.6,0.8,0.9,1.2,2,3,2.8,2.5,2,1.8,2.2,1.8,1.7,1.3,1.2,1,1.1,1.8,1.4,1.2,
楠梓,2024/08/30 00:00:00,THC,1.98,1.99,2.01,2.02,2,2.08,1.98,2.03,1.98,2.11,2.01,1.94,1.94,1.97,1.94,1.95,1.94,1.94,1.89,1.88,1.88,1.99,2.07,2.12,
楠梓,2024/08/30 00:00:00,WD_HR,63,55,63,65,66,69,93,68,78,259,271,259,270,278,276,274,275,279,276,282,324,206,75,77,
楠梓,2024/08/30 00:00:00,WIND_DIREC,60,60,68,54,58,60,65,41,86,271,228,263,268,275,269,274,278,277,279,285,228,279,107,11,
楠梓,2024/08/30 00:00:00,WIND_SPEED,1.1,0.2,1.3,1.2,0.8,1.3,1.5,1.2,0.8,0.9,1.7,2.6,2.4,1.9,2.3,2.5,1.6,1.8,1.6,0.2,0.6,0.4,1,0.2,
楠梓,2024/08/30 00:00:00,WS_HR,1.1,0.2,0.4,1,0.7,0.5,1.1,1.1,0.3,0.5,0.8,2,1.5,1.8,2.4,2,1.1,1.4,1.3,0.7,0.6,0.8,0.2,0.3,
楠梓,2024/08/31 00:00:00,AMB_TEMP,30,29.3,29,28.9,28.9,28.6,28.8,29.9,31.4,32.6,33.7,34.3,35.2,35.1,34.9,34.6,33,29.6,28.4,27.5,27.4,28.3,28.1,27.9,
楠梓,2024/08/31 00:00:00,CH4,2.13,2.21,2.06,2.1,2.13,2.1,2.08,2.11,2.05,2.07,2.07,2.1,2.13,2.05,2.01,2.01,2.04,2.03,2.01,2.01,2.03,2.05,2.09,2.08,
楠梓,2024/08/31 00:00:00,CO,0.28,0.24,0.24,0.24,0.21,0.2,0.22,0.23,0.24,0.24,0.24,0.23,0.24,0.19,0.16,0.17,0.25,0.23,0.19,0.2,0.19,0.25,0.26,0.23,
楠梓,2024/08/31 00:00:00,NMHC,0.06,0.05,0.03,0.04,0.04,0.02,0.03,0.02,0.01,0.01,0,0.01,0.02,0.04,0.08,0,0.13,0.02,0,0,0.01,0.09,0.03,0,
楠梓,2024/08/31 00:00:00,NO,1.2,1.6,1.2,1.9,2.1,1.3,1.6,2.6,2.2,1.8,1.5,1.4,1.5,1.5,1.2,1.6,1.8,1.6,1.3,1.3,1.3,1.3,1.3,1.1,
楠梓,2024/08/31 00:00:00,NO2,13.2,12.5,9.6,10.6,7.6,6.1,8.6,7.9,6.1,5.6,5.1,4.8,4.5,3.9,3.4,5.1,11.6,8.2,7.1,7,6,8.5,9.5,8.4,
楠梓,2024/08/31 00:00:00,NOx,14.4,14.1,10.8,12.5,9.8,7.4,10.3,10.5,8.3,7.4,6.6,6.2,6.1,5.5,4.7,6.7,13.4,9.9,8.5,8.3,7.3,9.8,10.9,9.6,
楠梓,2024/08/31 00:00:00,O3,15,13.2,19.2,16.5,14.2,14.9,16.1,23.1,35.7,47.5,58.6,64.9,68.8,62.1,51.5,47.3,46.3,46.4,48.8,45,38.1,31.4,29,29.7,
楠梓,2024/08/31 00:00:00,PM10,21,21,31,28,28,22,32,39,34,35,35,36,46,34,28,35,47,40,47,13,14,22,14,14,
楠梓,2024/08/31 00:00:00,PM2.5,12,14,12,16,17,16,17,21,21,21,21,27,27,16,10,12,22,12,7,3,8,7,7,6,
楠梓,2024/08/31 00:00:00,RAINFALL,0,0,0,0,0,0,0,0,0,0,0,0,0,0,0,0,0,0,0,0,0,0,0,0,
楠梓,2024/08/31 00:00:00,RH,91,93,94,94,94,94,94,92,87,77,72,70,68,67,62,65,72,84,73,81,91,89,89,89,
楠梓,2024/08/31 00:00:00,SO2,1.1,0.3,0.4,0.5,0.3,0.3,0.4,0.6,1,1.1,0.7,0.6,1.2,1.6,1.2,1.7,3.3,1,0.3,0.3,0.3,0.8,0.5,0.4,
楠梓,2024/08/31 00:00:00,THC,2.19,2.26,2.09,2.14,2.17,2.12,2.11,2.13,2.06,2.08,2.07,2.11,2.15,2.09,2.09,2,2.17,2.05,2,2,2.04,2.14,2.12,2.07,
楠梓,2024/08/31 00:00:00,WD_HR,80,87,72,88,50,42,54,35,41,13,356,299,272,278,281,273,167,95,82,69,43,61,77,80,
楠梓,2024/08/31 00:00:00,WIND_DIREC,105,78,84,90,29,44,58,21,53,25,291,285,274,277,281,272,98,102,96,50,2,79,78,72,
楠梓,2024/08/31 00:00:00,WIND_SPEED,0.2,0.2,0.7,0.2,0.5,0.9,0.9,1.4,2.7,1.8,1.1,2,3,3.2,2.9,2.5,1.1,3.9,2.3,2.6,1.4,0.9,0.3,0.7,
楠梓,2024/08/31 00:00:00,WS_HR,0.2,0.2,0.8,0.2,0.2,0.8,1,1.1,1.8,0.9,0.4,0.5,2.4,2.5,2.4,2.2,0.1,3.6,2.1,1.5,1.5,0.4,0.5,0.6,
楠梓,2024/09/01 00:00:00,AMB_TEMP,27.8,27.1,27.1,27.1,27.1,26.7,27.1,28.8,30.6,32.4,33.6,34.4,34.7,34,32.7,33.1,32.8,32.1,31.4,30.9,30.3,30.3,30.3,29.4,
楠梓,2024/09/01 00:00:00,CH4,2.07,2.08,2.07,2.06,2.15,2.1,2.19,2.16,2.12,2.09,2.06,2.06,2.03,2.04,2.02,2,1.98,1.99,2,2.06,2.09,2.06,2.07,2.24,
楠梓,2024/09/01 00:00:00,CO,0.2,0.16,0.15,0.14,0.16,0.17,0.25,0.3,0.23,0.21,0.2,0.2,0.18,0.17,0.18,0.17,0.17,0.18,0.22,0.26,0.32,0.29,0.27,0.33,
楠梓,2024/09/01 00:00:00,NMHC,0,0,0,0,0.02,0.01,0.01,0.04,0.01,0,0.01,0.02,0.02,0,0.01,0.01,0.13,0.12,0.01,0.02,0.04,0.03,0.01,0.04,
楠梓,2024/09/01 00:00:00,NO,1.2,0.9,0.9,0.7,0.9,0.6,1.5,3,2,1.4,1.2,1,1,0.9,1,0.8,0.9,1,0.9,0.5,0.9,0.8,0.7,0.9,
楠梓,2024/09/01 00:00:00,NO2,6.5,4.7,3.8,3.4,5.2,5.7,9.2,9.9,6,4.7,4.4,4,3.2,2.9,3,2.6,2.8,3.6,5,7.7,9.2,9.1,8.5,11.6,
楠梓,2024/09/01 00:00:00,NOx,7.7,5.7,4.7,4.2,6.1,6.4,10.8,12.9,8.1,6.2,5.6,5,4.3,3.9,4,3.4,3.7,4.6,5.9,8.2,10.2,9.9,9.3,12.5,
楠梓,2024/09/01 00:00:00,O3,28.6,25.8,25.9,26.6,23.5,18.1,17.2,23.2,36,44.8,53.5,58.5,57.4,59.7,54.6,60,52.4,48.7,44.3,39.6,35.1,36.9,40.8,24,
楠梓,2024/09/01 00:00:00,PM10,11,13,16,20,20,23,24,37,37,35,36,44,36,31,31,29,29,25,21,30,37,36,30,41,
楠梓,2024/09/01 00:00:00,PM2.5,5,5,7,8,9,7,10,17,27,20,22,19,20,16,15,17,20,15,19,15,29,21,22,24,
楠梓,2024/09/01 00:00:00,RAINFALL,0,0,0,0,0,0,0,0,0,0,0,0,0,0,0,0,0,0,0,0,0,0,0,0,
楠梓,2024/09/01 00:00:00,RH,89,92,91,89,90,90,91,89,84,75,64,67,64,69,79,74,73,75,76,79,88,89,88,92,
楠梓,2024/09/01 00:00:00,SO2,0.3,1.3,1.3,1.3,1.2,1.2,1.6,1.9,1.8,1.9,2.5,2.4,2.2,2.1,2,1.9,2,1.6,1.9,2.5,2,2,1.9,1.8,
楠梓,2024/09/01 00:00:00,THC,2.07,2.08,2.05,2.03,2.17,2.11,2.2,2.2,2.13,2.08,2.07,2.08,2.05,2.02,2.03,2.01,2.11,2.11,2.01,2.08,2.13,2.09,2.08,2.28,
楠梓,2024/09/01 00:00:00,WD_HR,58,51,52,45,44,56,81,78,29,349,17,281,271,269,288,278,298,299,316,18,76,58,70,87,
楠梓,2024/09/01 00:00:00,WIND_DIREC,48,50,64,61,68,65,70,56,357,355,359,265,255,277,270,284,316,315,311,53,51,71,76,77,
楠梓,2024/09/01 00:00:00,WIND_SPEED,0.2,0.2,0.2,0.2,0.2,0.2,0.2,0.2,0.2,0.2,0.2,1.8,2.4,1.6,1.5,1.9,1.7,0.2,0.2,0.2,0.2,0.2,0.2,0.2,
楠梓,2024/09/01 00:00:00,WS_HR,0.2,0.2,0.2,0.2,0.1,0.2,0.2,0.2,0.1,0.1,0.1,1.1,1.7,1.6,1.6,1.3,1.4,0.3,0.2,0.1,0.2,0.2,0.2,0.2,
楠梓,2024/09/02 00:00:00,AMB_TEMP,29.2,28.5,28.3,28.4,28.2,28,28.5,29.8,31.6,33.2,33.7,34.2,34.6,34.6,34.2,33.5,32.9,31.9,31.2,30.9,30.6,30.6,30.3,29.8,
楠梓,2024/09/02 00:00:00,CH4,2.19,2.25,2.29,2.27,2.37,2.29,2.23,2.15,2.08,2.05,2.11,2.07,2.06,2.05,2.01,1.98,1.98,1.98,2,2.01,2.08,2.11,2.13,2.25,
楠梓,2024/09/02 00:00:00,CO,0.27,0.28,0.29,0.28,0.3,0.29,0.35,0.44,0.29,0.23,0.27,0.23,0.22,0.21,0.18,0.17,0.19,0.2,0.23,0.22,0.3,0.3,0.29,0.35,
楠梓,2024/09/02 00:00:00,NMHC,0.02,0.02,0,0.01,0.06,0.01,0.04,0.04,0,0,0.04,0.02,0.01,0,0,0.07,0.01,0.03,0,0.02,0.07,0.04,0.07,0.12,
楠梓,2024/09/02 00:00:00,NO,0.9,0.7,0.8,0.9,1,0.9,3.7,4.1,3.2,1.7,1.1,0.8,1.1,1,1,0.9,0.8,0.8,0.6,0.5,0.7,0.7,0.5,1.1,
楠梓,2024/09/02 00:00:00,NO2,10.2,8.3,7.3,7,10.7,12.2,18.3,13.6,8.9,7.3,7.5,6.2,5.1,4.5,3.8,3.7,4.1,4.6,6,6.2,10,13.1,10.1,15.8,
楠梓,2024/09/02 00:00:00,NOx,11.1,9.1,8.2,7.9,11.7,13.1,22.1,17.7,12.1,9,8.6,7,6.2,5.6,4.8,4.6,4.9,5.4,6.7,6.8,10.8,13.8,10.7,17,
楠梓,2024/09/02 00:00:00,O3,29.5,24.3,24.9,26,12,22,12.7,22.6,38.9,56.7,64.5,63.9,65.3,65.5,60.8,51.2,50.4,46.4,41.8,41,32.5,30.6,28.2,14.8,
楠梓,2024/09/02 00:00:00,PM10,33,43,44,35,49,38,36,42,47,40,59,45,45,38,38,32,32,29,24,28,24,34,39,35,
楠梓,2024/09/02 00:00:00,PM2.5,20,26,27,26,36,26,23,29,21,24,27,23,23,22,16,15,17,16,17,16,17,19,20,22,
楠梓,2024/09/02 00:00:00,RAINFALL,0,0,0,0,0,0,0,0,0,0,0,0,0,0,0,0,0,0,0,0,0,0,0,0,
楠梓,2024/09/02 00:00:00,RH,92,95,94,94,95,94,93,90,81,69,69,67,65,65,67,73,75,78,80,82,87,88,90,92,
楠梓,2024/09/02 00:00:00,SO2,1.8,0.7,0.6,0.9,0.9,0.7,1,1.1,1.1,1.6,1.5,1.4,1.2,1.2,1.1,0.9,1,1,0.9,0.9,1,0.9,1,1.2,
楠梓,2024/09/02 00:00:00,THC,2.21,2.27,2.29,2.28,2.43,2.3,2.27,2.19,2.08,2.05,2.15,2.09,2.07,2.04,2,2.05,1.99,2.01,1.98,2.03,2.15,2.15,2.2,2.37,
楠梓,2024/09/02 00:00:00,WD_HR,57,67,65,60,77,85,62,62,80,4,306,278,290,275,275,287,281,289,275,279,343,335,46,65,
楠梓,2024/09/02 00:00:00,WIND_DIREC,59,59,69,76,94,69,50,67,309,48,262,271,282,287,281,287,281,280,261,275,74,323,91,65,
楠梓,2024/09/02 00:00:00,WIND_SPEED,0.2,0.2,0.2,0.2,0.2,0.2,0.9,0.2,0.2,0.2,0.2,1.8,2.7,2.8,2.9,2.1,2.2,1.9,1.1,1,0.2,1.5,0.5,0.7,
楠梓,2024/09/02 00:00:00,WS_HR,0.2,0.2,0.2,0.2,0.2,0.2,0.4,0.2,0.1,0.1,0.1,0.9,1.2,1.9,2.2,1.9,1.5,1.2,1.1,0.8,0.2,0.4,0.5,0.8,
楠梓,2024/09/03 00:00:00,AMB_TEMP,29.5,29.2,28.9,28.6,28.5,28.5,28.6,29.1,30.5,32.6,33.1,34.3,33.1,32.2,32.6,31.7,30.9,30.2,30.2,30.2,30.2,30.1,30.2,30,
楠梓,2024/09/03 00:00:00,CH4,2.18,2.14,2.12,2.12,2.17,2.14,2.23,2.18,2.12,2.1,2.13,2.1,2.05,2.01,2.02,2.03,2.03,2.02,2.02,2.02,2.02,2.01,2.01,2.01,
楠梓,2024/09/03 00:00:00,CO,0.28,0.24,0.24,0.23,0.25,0.28,0.38,0.51,0.33,0.24,0.26,0.26,0.22,0.19,0.22,0.24,0.23,0.24,0.27,0.3,0.26,0.21,0.2,0.18,
楠梓,2024/09/03 00:00:00,NMHC,0.02,0.01,0.04,0.01,0.03,0.02,0.1,0.1,0.06,0.02,0.03,0.07,0.01,0,0.02,0.03,0,0.09,0.01,0.03,0.01,0,0,0,
楠梓,2024/09/03 00:00:00,NO,0.8,0.6,0.8,0.6,0.8,0.8,3.3,4.1,4.8,2.5,1.3,1,0.8,1.2,1.6,1.5,1,0.8,0.7,0.7,0.7,0.7,0.8,0.7,
楠梓,2024/09/03 00:00:00,NO2,13.4,10.5,10.5,10.3,10.8,14.8,20.2,18.7,16.1,9,9,8.8,7.3,6.4,7.8,9.4,7.9,6.1,7.2,7.9,6.8,6.6,6.1,3.9,
楠梓,2024/09/03 00:00:00,NOx,14.3,11.1,11.3,10.9,11.6,15.7,23.6,22.8,21,11.5,10.3,9.9,8.2,7.6,9.4,10.9,9,7,8,8.7,7.5,7.3,7,4.6,
楠梓,2024/09/03 00:00:00,O3,23.8,26,24.5,28.5,25.7,20.1,10.7,18.9,27.7,48.4,61.5,77.2,65,49.7,53.2,47.6,45.4,45,43.5,42.5,44.1,40.6,41.6,44.3,
楠梓,2024/09/03 00:00:00,PM10,32,33,33,31,31,40,39,45,52,46,48,50,41,33,65,42,31,30,32,29,25,26,21,26,
楠梓,2024/09/03 00:00:00,PM2.5,21,21,20,16,21,24,25,28,22,20,28,23,19,17,21,19,15,20,21,14,12,17,15,13,
楠梓,2024/09/03 00:00:00,RAINFALL,0,0,0,0,0,0,0,0,0,0,0,0,0,0,0,0,0,0,0,0,0,0,0,0,
楠梓,2024/09/03 00:00:00,RH,92,93,93,92,93,93,93,92,89,76,71,65,72,74,70,74,78,85,89,90,91,91,91,90,
楠梓,2024/09/03 00:00:00,SO2,1.1,1.1,1.1,1.3,1.3,1.4,1.7,1.9,1.7,2,2.1,2,1.8,1.7,1.9,1.6,1.6,1.6,1.7,1.5,1.6,1.5,1.6,1.4,
楠梓,2024/09/03 00:00:00,THC,2.2,2.15,2.16,2.13,2.2,2.16,2.33,2.28,2.18,2.12,2.16,2.17,2.06,2,2.04,2.06,2.03,2.11,2.03,2.05,2.03,2,2,2,
楠梓,2024/09/03 00:00:00,WD_HR,85,70,70,82,73,66,64,45,45,18,37,286,262,228,220,234,286,306,244,228,221,214,236,288,
楠梓,2024/09/03 00:00:00,WIND_DIREC,81,68,64,78,91,72,67,54,37,329,332,285,232,217,218,288,273,304,236,223,228,200,268,325,
楠梓,2024/09/03 00:00:00,WIND_SPEED,0.6,1.2,1.4,1,0.8,1,0.9,1.3,0.9,1.4,0.7,2.1,2.4,2.9,2.3,2.6,1.6,0.9,0.8,1,1.3,2,1.7,1,
楠梓,2024/09/03 00:00:00,WS_HR,0.6,0.6,1,1,1,1.1,1.1,1,0.8,0.8,0.3,1,1.8,2.2,2.5,1.5,1.5,0.8,0.5,1.1,1.3,1.5,1.2,1.3,
楠梓,2024/09/04 00:00:00,AMB_TEMP,29.6,28.6,28.7,28.8,28.9,28.9,28.7,29.4,30.6,31.6,32.3,33.1,32.9,33.7,33.6,32.9,32.2,31.5,30.5,29.9,29.7,29.7,30.1,30,
楠梓,2024/09/04 00:00:00,CH4,2.1,2.2,2.12,2.14,2.13,2.17,2.19,2.1,2.09,2.11,2.09,2.07,2.05,2.02,2.02,1.99,1.97,1.99,2.06,2.09,2.09,2.11,2.12,2.19,
楠梓,2024/09/04 00:00:00,CO,0.2,0.26,0.2,0.2,0.18,0.2,0.28,0.32,0.26,0.24,0.28,0.23,0.22,0.18,0.18,0.16,0.18,0.23,0.25,0.28,0.29,0.31,0.32,0.34,
楠梓,2024/09/04 00:00:00,NMHC,0,0.05,0,0,0,0.02,0.03,0.04,0.01,0,0.03,0.03,0.03,0,0.03,0.08,0.06,0.02,0.04,0.06,0.06,0.07,0.12,0.14,
楠梓,2024/09/04 00:00:00,NO,0.8,0.4,0.5,0.5,0.6,0.3,4.8,2.9,2.1,1.5,1.6,1,0.7,0.6,0.7,0.8,0.6,0.4,0.4,0.4,0.2,0.5,0.2,0.4,
楠梓,2024/09/04 00:00:00,NO2,4.3,11.5,9.2,9.3,9.1,12.6,17.5,13.1,9.5,9.9,11.8,8.1,6.9,6,5.7,5.8,6.5,8.7,10.8,11.6,12.8,13.1,13.2,16.8,
楠梓,2024/09/04 00:00:00,NOx,5.1,12,9.7,9.8,9.8,13,22.3,16,11.6,11.4,13.4,9.1,7.7,6.7,6.4,6.6,7.1,9.1,11.2,12.1,13.1,13.7,13.5,17.2,
楠梓,2024/09/04 00:00:00,O3,34.1,18.2,24.2,20.2,18.9,12.3,8.7,22.1,34.3,41.3,48.6,55.8,55.9,55.6,56.3,41.2,35.1,35.2,37.3,37.5,36.7,36.1,37.1,24.1,
楠梓,2024/09/04 00:00:00,PM10,21,29,28,25,23,33,29,47,57,52,56,49,#,32,31,36,32,33,25,21,21,26,28,33,
楠梓,2024/09/04 00:00:00,PM2.5,13,17,11,14,16,14,17,16,19,17,20,#,18,16,15,13,11,9,11,14,13,18,22,17,
楠梓,2024/09/04 00:00:00,RAINFALL,0,0,0,0,0,0,0,0,0,0,0,0,0,0,0,0,0,0,0,0,0,0,0,0,
楠梓,2024/09/04 00:00:00,RH,91,95,94,93,93,93,94,92,90,82,76,73,74,68,65,67,72,77,80,83,83,84,82,86,
楠梓,2024/09/04 00:00:00,SO2,1.5,0.5,0.6,0.7,0.7,0.8,0.7,1.1,1.2,1.3,1.5,1.2,0.8,1.1,1.2,0.8,0.7,0.8,0.8,0.7,1,0.8,0.9,1.2,
楠梓,2024/09/04 00:00:00,THC,2.1,2.25,2.12,2.14,2.13,2.19,2.22,2.14,2.1,2.11,2.12,2.1,2.08,2.02,2.05,2.07,2.03,2.01,2.1,2.15,2.15,2.18,2.24,2.33,
楠梓,2024/09/04 00:00:00,WD_HR,24,87,63,73,62,62,78,33,354,24,14,#,250,270,284,292,286,309,13,36,49,63,255,197,
楠梓,2024/09/04 00:00:00,WIND_DIREC,56,104,59,346,89,66,61,320,29,29,58,#,218,285,283,272,317,297,30,28,333,93,231,63,
楠梓,2024/09/04 00:00:00,WIND_SPEED,1.6,1.4,1.2,0.4,0.3,1.4,0.8,0.5,1.7,1,0.5,#,2.7,1.9,2.2,2.2,1.9,1.6,2,1.2,0.4,0.2,1,1.1,
楠梓,2024/09/04 00:00:00,WS_HR,0.8,1.1,1.1,0.4,0.5,0.9,0.9,0.2,0.7,1,0.3,#,1.4,1.8,1.6,1.9,1.5,1.6,1.1,1,0.7,0.5,0.1,0.2,
楠梓,2024/09/05 00:00:00,AMB_TEMP,29.1,28.8,28.4,28.4,28.3,28.3,28.8,29.7,31.5,32.8,33.8,31.8,28.1,27.1,27.2,26.8,26.5,26.5,26.7,27,27,27.1,27.3,27.5,
楠梓,2024/09/05 00:00:00,CH4,2.39,2.35,2.24,2.18,2.16,2.15,2.13,2.08,2.03,1.98,1.99,1.97,1.98,1.98,1.97,2.05,2.03,2,2.01,2.03,2.06,2.1,2.12,2.22,
楠梓,2024/09/05 00:00:00,CO,0.33,0.29,0.24,0.22,0.2,0.25,0.27,0.29,0.2,0.15,0.16,0.16,0.17,0.18,0.18,0.22,0.21,0.26,0.26,0.29,0.31,0.32,0.41,0.6,
楠梓,2024/09/05 00:00:00,NMHC,0.08,0.08,0.02,0.01,0,0,0.02,0.03,0,0,0,0.03,0,0.03,0.15,0.12,0.09,0.08,0.06,0.08,0.09,0.15,0.17,0.39,
楠梓,2024/09/05 00:00:00,NO,0.9,0.1,0,0.2,0.4,0.5,1.5,2.6,2.9,1.7,1,0.4,0.3,0.5,0.6,1.1,1.6,1.4,0.9,0.5,1,1.9,0.9,9.6,
楠梓,2024/09/05 00:00:00,NO2,18.7,13.9,12,11.2,9.4,9.9,13.9,11.3,8.2,6.8,6.8,7.6,6.7,7.8,11.3,17.5,16.2,15.7,14.7,14.4,16.2,17.9,18.3,22.3,
楠梓,2024/09/05 00:00:00,NOx,19.7,14,12,11.4,9.8,10.4,15.4,14,11.2,8.5,7.9,8.1,7,8.4,12,18.6,17.8,17.1,15.6,15,17.2,19.9,19.2,31.9,
楠梓,2024/09/05 00:00:00,O3,13.5,20.3,23,22.5,24.3,19,16.6,21.6,26.1,34.7,44.6,34.3,45.5,35.5,22.1,15.8,14.6,12.9,15,11.1,7.8,5.6,3.7,0.2,
楠梓,2024/09/05 00:00:00,PM10,39,47,33,31,30,29,37,35,36,37,44,54,20,11,12,28,23,17,14,12,17,27,20,23,
楠梓,2024/09/05 00:00:00,PM2.5,15,21,21,17,20,19,20,14,10,13,10,8,8,5,4,15,6,7,7,6,8,9,9,12,
楠梓,2024/09/05 00:00:00,RAINFALL,0,0,0,0,0,0,0,0,0,0,0,0,23.5,0,0,0,0.5,0,0,0,0,0,0,0,
楠梓,2024/09/05 00:00:00,RH,92,92,94,95,95,95,93,91,86,76,72,87,96,97,95,96,98,98,97,97,97,96,96,96,
楠梓,2024/09/05 00:00:00,SO2,0.8,1.1,1.1,1,0.9,0.8,1,1.4,1.6,1.1,1.2,1.4,0.8,0.9,0.8,1.2,1.2,1,1,1.1,1.1,1.1,1,1.5,
楠梓,2024/09/05 00:00:00,THC,2.47,2.43,2.26,2.19,2.15,2.15,2.15,2.11,2.03,1.96,1.99,2,1.97,2.01,2.12,2.17,2.12,2.08,2.07,2.11,2.15,2.25,2.29,2.61,
楠梓,2024/09/05 00:00:00,WD_HR,61,64,69,90,94,84,55,48,40,28,318,266,249,305,320,1,38,39,44,28,25,45,259,197,
楠梓,2024/09/05 00:00:00,WIND_DIREC,38,59,79,87,92,62,77,51,54,45,272,245,246,307,321,45,31,30,33,351,35,41,233,47,
楠梓,2024/09/05 00:00:00,WIND_SPEED,0.7,1.5,1.5,1,1,1,0.8,1.7,1.9,2.1,2.4,2.3,2.5,1.6,1.5,2.2,1.5,1.2,1,1,0.6,0.6,0.6,0.4,
楠梓,2024/09/05 00:00:00,WS_HR,1.1,1.3,1.4,1,1.2,1.2,1,1.7,1.2,1.1,1,1.8,2.1,1.5,1.1,1.2,1.8,1.6,1.4,0.7,0.8,0.7,0.1,0.2,
楠梓,2024/09/06 00:00:00,AMB_TEMP,27.1,26.7,26.7,26.5,26.6,26.6,27,28.5,30.1,31.9,33.3,34.8,34.7,33.2,30.3,29.2,27.3,27.4,26.5,26.1,26.3,26.7,27.3,27.1,
楠梓,2024/09/06 00:00:00,CH4,2.29,2.35,2.29,2.16,2.14,2.18,2.26,2.13,2.04,1.96,1.95,1.96,1.99,2,1.99,1.99,1.98,1.99,1.97,1.96,1.97,2.01,2.03,2.04,
楠梓,2024/09/06 00:00:00,CO,0.45,0.29,0.32,0.29,0.22,0.27,0.32,0.51,0.29,0.14,0.14,0.17,0.2,0.15,0.17,0.19,0.18,0.21,0.22,0.18,0.17,0.21,0.34,0.25,
楠梓,2024/09/06 00:00:00,NMHC,0.32,0.19,0.17,0.17,0.05,0.06,0.08,0.11,0.06,0,0,0.01,0.03,0.01,0.12,0.06,0.04,0.03,0.03,0.02,0,0.1,0.18,0.2,
楠梓,2024/09/06 00:00:00,NO,12.4,9.8,9.3,7.2,4.9,9,13.4,18.9,10,3.3,1.9,1.4,1.3,1.2,1.5,2,1.8,1.7,1.7,2,1.8,1.3,2,1.9,
楠梓,2024/09/06 00:00:00,NO2,18.5,14.9,15.5,17,15,14.2,13.7,17.4,12.6,6.8,4.7,5.6,6.6,5,7.9,13.1,11.5,13.7,12.5,11.2,9.7,10.9,20.3,19.2,
楠梓,2024/09/06 00:00:00,NOx,31,24.8,24.9,24.2,19.9,23.3,27.2,36.4,22.6,10.2,6.7,7.1,8,6.2,9.4,15.1,13.4,15.4,14.3,13.3,11.5,12.3,22.4,21.1,
楠梓,2024/09/06 00:00:00,O3,0.6,1,1.3,1.2,2.3,0.9,1.9,4.8,14.9,29.7,42.5,56.9,69.5,51.9,39.9,33.8,28.6,28.6,23.5,18.2,20.4,18,6.7,11.1,
楠梓,2024/09/06 00:00:00,PM10,31,30,28,23,21,18,24,31,26,21,22,29,42,34,21,23,14,18,11,25,9,10,21,15,
楠梓,2024/09/06 00:00:00,PM2.5,9,9,11,10,10,8,11,9,10,10,8,10,15,9,13,13,8,9,7,4,3,3,5,4,
楠梓,2024/09/06 00:00:00,RAINFALL,0,0,0,0,0,0,0,0,0,0,0,0,0,0,3,1.5,0,0,1,0.5,0,0,0,0,
楠梓,2024/09/06 00:00:00,RH,97,97,97,97,97,97,95,93,87,75,70,63,69,75,92,95,95,95,97,96,97,95,94,95,
楠梓,2024/09/06 00:00:00,SO2,1.2,0.6,0.7,1,1.3,0.8,0.8,0.8,0.8,0.7,0.8,0.9,0.9,1.1,0.7,0.6,0.8,0.7,0.6,0.6,0.7,0.6,1.1,1.5,
楠梓,2024/09/06 00:00:00,THC,2.61,2.54,2.46,2.33,2.19,2.24,2.34,2.24,2.1,1.96,1.94,1.97,2.02,2.01,2.11,2.05,2.02,2.02,2,1.98,1.97,2.11,2.21,2.24,
楠梓,2024/09/06 00:00:00,WD_HR,53,85,75,69,73,61,89,64,53,46,344,284,272,279,284,21,25,42,62,55,52,107,206,101,
楠梓,2024/09/06 00:00:00,WIND_DIREC,69,78,77,69,108,47,80,63,54,45,280,257,272,281,256,45,27,54,39,48,55,200,182,89,
楠梓,2024/09/06 00:00:00,WIND_SPEED,1.3,0.8,1,1.3,1.1,1.3,1,1.5,3.3,2,1.5,2.1,3,2.3,2.5,3.1,2.2,2.6,2,1.7,2.7,1.4,1.5,1,
楠梓,2024/09/06 00:00:00,WS_HR,0.7,0.7,0.9,1.2,1,1,0.9,1.1,2.3,2.3,0.7,1.3,2.3,2.2,1.5,1.4,1.1,1.8,1.9,2.1,2.3,0.7,1.7,0.8,
楠梓,2024/09/07 00:00:00,AMB_TEMP,26.9,27.5,27.7,27.8,27.7,27.4,27.5,26.3,26.9,28.7,29.5,30.6,31.9,31.9,32,31.5,30.6,28.5,28.3,27.9,27,26.9,27.1,27,
楠梓,2024/09/07 00:00:00,CH4,2.13,2.35,2.21,2.04,1.95,1.98,2.05,1.92,1.94,2,1.98,1.92,1.92,1.92,1.93,1.92,1.91,1.9,1.9,1.96,2,1.98,1.97,2.02,
楠梓,2024/09/07 00:00:00,CO,0.22,0.2,0.17,0.13,0.11,0.11,0.16,0.18,0.25,0.25,0.2,0.22,0.28,0.26,0.3,0.25,0.21,0.16,0.18,0.28,0.4,0.22,0.21,0.2,
楠梓,2024/09/07 00:00:00,NMHC,0.16,0.26,0.22,0.16,0.15,0.11,0.14,0.02,0.07,0.08,0.09,0.08,0.05,0.05,0.07,0.07,0.04,0.08,0.03,0.09,0.1,0.08,0.05,0.01,
楠梓,2024/09/07 00:00:00,NO,2,1.4,0.5,0,0,0,1.5,1.2,5,6.2,6.1,3.6,3.1,1.9,3.3,2.1,1.2,0.4,0,0.9,1.8,0.3,0.5,0.6,
楠梓,2024/09/07 00:00:00,NO2,15.4,20.1,13.9,8.1,6.7,6.9,12.7,8.8,15.3,13.7,12.3,9.8,9.6,8.8,10.8,11.7,11.1,9.2,9.1,13.4,16.3,9.2,11.1,10.1,
楠梓,2024/09/07 00:00:00,NOx,17.4,21.6,14.4,8.1,6.6,6.8,14.2,10.1,20.4,19.9,18.4,13.4,12.7,10.7,14.1,13.9,12.3,9.6,9.1,14.4,18.1,9.6,11.7,10.7,
楠梓,2024/09/07 00:00:00,O3,10.2,6.7,10.1,15.5,18,15.9,9.9,15.1,11.5,12.6,15.8,21.8,24.3,28.6,25.6,19.3,17.2,17.4,14.7,11.7,9.4,13.8,10.9,10.6,
楠梓,2024/09/07 00:00:00,PM10,19,19,23,14,12,7,10,6,9,19,15,22,15,27,19,17,18,17,9,16,19,4,7,10,
楠梓,2024/09/07 00:00:00,PM2.5,4,6,6,4,5,6,5,4,4,5,9,7,5,5,6,7,6,7,4,6,7,4,3,3,
楠梓,2024/09/07 00:00:00,RAINFALL,0,0,0,0,0,0,0,6.5,0,0,0,0,0,0,0,0,0,0,0,0,0,0,0,0,
楠梓,2024/09/07 00:00:00,RH,96,95,95,95,94,94,94,98,98,93,91,86,76,74,71,71,75,91,92,92,94,94,93,93,
楠梓,2024/09/07 00:00:00,SO2,2,9.9,4.8,2,1.3,3.4,4.5,1.7,1.6,2.7,3,2.8,2.8,2.9,3.3,3,1.6,1.5,1.2,3.1,5,2,2,1.6,
楠梓,2024/09/07 00:00:00,THC,2.29,2.61,2.43,2.2,2.1,2.09,2.19,1.94,2.01,2.08,2.07,2,1.97,1.97,2,1.99,1.95,1.98,1.93,2.05,2.1,2.06,2.02,2.03,
楠梓,2024/09/07 00:00:00,WD_HR,94,103,153,158,156,160,168,192,101,115,131,178,202,190,164,207,198,213,209,161,100,94,78,68,
楠梓,2024/09/07 00:00:00,WIND_DIREC,102,69,156,160,156,150,192,194,91,124,117,203,197,164,159,207,183,216,202,165,94,98,68,92,
楠梓,2024/09/07 00:00:00,WIND_SPEED,1,0.8,2.7,2.7,2.4,1.6,3.6,1.7,1.4,1,1,1.9,2.3,2.5,1.7,2.7,2.4,2.5,1.5,1.8,2.2,1.2,1,1.3,
楠梓,2024/09/07 00:00:00,WS_HR,0.8,0.5,1.6,2.3,2.4,2,0.8,1.9,1,0.9,1,2.1,1.5,2.3,1.7,2.4,2.4,3.3,1.8,1.2,1.5,1.5,0.9,1.4,
楠梓,2024/09/08 00:00:00,AMB_TEMP,26.7,27,27.2,26.9,26.8,26.6,26.6,27.2,28.7,29.4,29.9,30.2,31.7,32.4,32.1,30.8,25.4,25.3,25.3,25.3,25.7,25.9,25.9,25.6,
楠梓,2024/09/08 00:00:00,CH4,2.04,2.02,2.04,2.02,2.09,2.05,2.04,2.05,2,2.02,1.98,1.96,1.94,1.92,1.92,1.94,2.03,2.04,2.03,2.03,2.03,2.03,2.09,2.09,
楠梓,2024/09/08 00:00:00,CO,0.15,0.12,0.16,0.17,0.22,0.16,0.21,0.28,0.2,0.22,0.26,0.17,0.11,0.08,0.08,0.1,0.17,0.23,0.24,0.23,0.25,0.26,0.27,0.22,
楠梓,2024/09/08 00:00:00,NMHC,0,0,0.07,0.1,0.1,0.15,0.09,0.04,0.02,0.07,0.06,0,0,0,0,0,0.02,0.07,0.02,0.01,0.02,0.89,0.05,0,
楠梓,2024/09/08 00:00:00,NO,0.2,0.4,0.3,0.3,0.4,0.4,0.9,2.1,2.5,2.2,1.5,0.7,0.7,0.4,0.3,0,0.3,0.4,0.3,0.1,0.2,0.1,0.7,0.5,
楠梓,2024/09/08 00:00:00,NO2,7.1,6.4,9.2,10.3,10.7,11.8,12.1,10.2,8.4,10.4,10.4,8.1,5,3.3,3.2,3.1,8.3,13.6,14,10.8,11.6,11.7,13.7,11.3,
楠梓,2024/09/08 00:00:00,NOx,7.3,6.9,9.5,10.7,11.1,12.3,13,12.3,11,12.6,12,8.9,5.7,3.8,3.5,3.1,8.7,14.1,14.4,10.9,11.9,11.9,14.5,11.9,
楠梓,2024/09/08 00:00:00,O3,12.3,14.5,13.4,15.6,12.2,12.1,15.9,16.3,21.9,23.7,33.6,44.3,45.6,34.9,37.4,39,36,27.4,25.3,29.2,22.3,16.9,14.8,13.7,
楠梓,2024/09/08 00:00:00,PM10,16,6,12,9,10,9,17,19,14,11,21,22,15,9,20,11,11,9,8,10,9,11,11,14,
楠梓,2024/09/08 00:00:00,PM2.5,0,0,4,6,4,5,4,4,3,5,5,7,5,2,2,3,5,8,8,6,4,11,9,6,
楠梓,2024/09/08 00:00:00,RAINFALL,0,0,0,0,0,0,0,0,0,0,0,0,0,0,0,0,19.5,3.5,0.5,0,0,0.5,0,0,
楠梓,2024/09/08 00:00:00,RH,94,92,93,95,95,95,95,94,91,89,86,82,77,74,75,77,98,98,98,98,97,97,97,97,
楠梓,2024/09/08 00:00:00,SO2,1.6,0.8,1.5,1.8,3.3,3.6,3.2,3.6,4.1,3.4,2.7,1.6,1.3,0.9,0.9,1.2,1,1.6,1.3,0.9,0.9,1,1.2,1.2,
楠梓,2024/09/08 00:00:00,THC,2.02,1.99,2.11,2.12,2.19,2.2,2.13,2.09,2.02,2.09,2.04,1.96,1.93,1.88,1.87,1.92,2.05,2.11,2.05,2.04,2.05,2.92,2.14,2.09,
楠梓,2024/09/08 00:00:00,WD_HR,98,73,188,196,131,116,104,71,75,215,258,277,263,267,271,51,85,66,54,46,52,21,80,67,
楠梓,2024/09/08 00:00:00,WIND_DIREC,94,219,25,123,163,125,71,93,274,220,285,281,250,265,284,95,89,43,62,29,299,342,45,16,
楠梓,2024/09/08 00:00:00,WIND_SPEED,1.2,0.6,0.7,1.1,1.8,0.6,1.2,1.8,0.7,1.7,1.9,2.3,2.6,2.6,2.2,5,0.8,1,0.7,1.2,0.7,0.8,1.2,0.5,
楠梓,2024/09/08 00:00:00,WS_HR,1.2,0.5,1.3,0.7,1,0.5,0.7,1.4,1,1.1,1,1.7,1.8,1.8,2,0.5,2.1,0.7,1.1,1.3,0.6,0.6,0.7,0.8,
楠梓,2024/09/09 00:00:00,AMB_TEMP,25.7,25.4,25,25.2,25,24.8,25.3,26.7,29,30.6,31.7,32.1,32.3,32.9,32.4,32.1,32,30.3,27.7,27.4,27.4,27.4,27.9,27.5,
楠梓,2024/09/09 00:00:00,CH4,2.1,2.1,2.11,2.1,2.04,2.14,2.18,2.13,1.99,1.98,1.98,1.96,1.94,1.95,1.95,1.92,1.92,1.95,2.01,2,1.98,1.98,2.01,2.01,
楠梓,2024/09/09 00:00:00,CO,0.22,0.2,0.18,0.16,0.13,0.17,0.28,0.42,0.23,0.15,0.16,0.14,0.1,0.11,0.11,0.1,0.12,0.18,0.23,0.24,0.23,0.19,0.23,0.18,
楠梓,2024/09/09 00:00:00,NMHC,0.04,0.01,0,0,0,0.01,0.04,0.06,0.01,0,0.02,0.03,0.05,0,0,0,0,0,0.02,0.02,0.01,0,0.04,0,
楠梓,2024/09/09 00:00:00,NO,0.5,1,1.2,1.3,1.4,5.4,17.6,15.6,9.9,3.5,2.1,1.5,1.2,0.9,1.1,1.2,1.2,1.2,1.2,1.1,0.9,1,1.1,1,
楠梓,2024/09/09 00:00:00,NO2,10.2,9.7,8.5,9.3,10.4,13.1,14.8,14.6,12.4,7.3,7.2,5.9,3.6,3.5,4.2,4.2,4.3,6.9,11.3,11.9,12.4,9.9,12.4,12.5,
楠梓,2024/09/09 00:00:00,NOx,10.8,10.8,9.7,10.6,11.8,18.5,32.5,30.2,22.4,10.9,9.3,7.4,4.8,4.4,5.3,5.5,5.5,8.2,12.6,13,13.4,10.9,13.6,13.6,
楠梓,2024/09/09 00:00:00,O3,10.5,11.6,9,8.6,8.6,2.6,2.9,6.7,15.7,36.9,49.5,48.1,43.8,46.3,48.1,39.5,35.9,33.8,32.3,31.1,31.2,33.8,26.7,25.3,
楠梓,2024/09/09 00:00:00,PM10,14,14,24,19,13,22,21,19,17,16,20,13,11,10,17,12,9,11,10,10,13,14,15,8,
楠梓,2024/09/09 00:00:00,PM2.5,4,5,4,6,4,2,5,4,2,3,9,6,4,5,3,4,2,5,3,7,8,8,7,6,
楠梓,2024/09/09 00:00:00,RAINFALL,0,0,0,0,0,0,0,0,0,0,0,0,0,0,0,0,0,0,0,0,0,0,0,0,
楠梓,2024/09/09 00:00:00,RH,97,98,98,97,96,97,96,92,83,74,69,69,67,66,70,66,67,77,93,94,93,93,91,92,
楠梓,2024/09/09 00:00:00,SO2,1.4,1.2,1.2,1.2,1,0.9,1.2,1.2,1.3,1.7,1.9,2.4,1.4,1.2,1.1,1.2,1.1,1.2,1.3,1.1,1.3,1.4,1.3,1.3,
楠梓,2024/09/09 00:00:00,THC,2.14,2.11,2.11,2.09,2.02,2.15,2.22,2.19,2,1.98,2,1.99,1.99,1.93,1.95,1.89,1.9,1.95,2.03,2.02,1.99,1.98,2.05,2.01,
楠梓,2024/09/09 00:00:00,WD_HR,76,55,67,71,67,58,76,78,45,333,16,275,291,273,273,271,268,80,84,74,67,91,91,66,
楠梓,2024/09/09 00:00:00,WIND_DIREC,90,56,61,63,55,34,90,97,7,301,334,283,280,268,253,275,266,77,94,71,72,33,111,65,
楠梓,2024/09/09 00:00:00,WIND_SPEED,0.6,1.5,1.6,1,1.1,0.5,1.5,1.6,1.3,1.6,1.5,2.2,2.3,2.4,2.4,2,1.7,2.1,1.9,1.9,1.8,0.6,1,1.5,
楠梓,2024/09/09 00:00:00,WS_HR,0.8,1.1,1.2,1.1,1,0.8,0.9,1.3,1,0.9,1.2,2.1,1.8,1.9,2.2,2,1.6,0.5,1.8,1.6,1.6,1.2,0.7,1.1,
楠梓,2024/09/10 00:00:00,AMB_TEMP,27.2,26.9,26.8,26.5,26.3,26.2,26.7,29,30.3,31.9,32.8,33.4,33.7,33.7,33.1,32.7,30.4,27.7,27.6,27.6,27.6,27.3,27.4,27.3,
楠梓,2024/09/10 00:00:00,CH4,2.06,2.06,2.08,2.08,2.16,2.12,2.14,2.06,1.95,1.97,2.01,1.96,1.97,1.94,1.91,1.91,1.94,2.03,2.05,2.04,2.05,2.01,2.06,2.08,
楠梓,2024/09/10 00:00:00,CO,0.24,0.17,0.16,0.17,0.17,0.17,0.25,0.37,0.16,0.19,0.19,0.13,0.14,0.11,0.09,0.1,0.15,0.36,0.33,0.38,0.37,0.26,0.29,0.25,
楠梓,2024/09/10 00:00:00,NMHC,0.02,0.26,0.02,0.02,0.02,0.02,0.04,0.07,0,0.01,0.06,0,0,0.01,0.08,0.03,0.02,0.2,0.05,0.08,0.06,0.02,0.03,0.06,
楠梓,2024/09/10 00:00:00,NO,1.2,0.5,2.3,1.2,0.9,1.4,10.4,11.3,2.9,2.1,1.4,0.9,0.8,1,1,0.8,1.3,1.6,1.4,1.4,1.2,1,1.6,3.4,
楠梓,2024/09/10 00:00:00,NO2,16.4,12,10.5,9,9.9,12.4,15,14.9,6.7,6.4,6.9,4.4,4.4,4,3.5,3.2,6.1,23.6,19.8,20.4,20.8,15.2,18.1,15.4,
楠梓,2024/09/10 00:00:00,NOx,17.7,12.5,12.9,10.2,10.9,13.8,25.5,26.2,9.6,8.5,8.4,5.4,5.3,5,4.5,4,7.4,25.3,21.2,21.8,22.1,16.2,19.8,18.8,
楠梓,2024/09/10 00:00:00,O3,16.7,15.6,17.9,16.1,10.4,7.8,3.4,13.3,31.1,38.2,52.9,53.5,59.8,52.1,39.4,40.3,43.6,29,21.2,16.6,15.1,24.4,15.6,15.2,
楠梓,2024/09/10 00:00:00,PM10,20,11,15,19,19,15,25,27,17,25,35,27,24,18,14,18,19,20,16,22,21,17,21,20,
楠梓,2024/09/10 00:00:00,PM2.5,5,5,6,6,7,8,7,10,9,14,18,10,11,8,5,1,4,18,7,7,11,8,6,10,
楠梓,2024/09/10 00:00:00,RAINFALL,0,0,0,0,0,0,0,0,0,0,0,0,0,0,0,0,11.5,5.5,0,0,0,0,0,0,
楠梓,2024/09/10 00:00:00,RH,93,93,93,94,95,94,93,88,83,76,75,71,69,68,70,72,82,97,97,96,96,95,94,94,
楠梓,2024/09/10 00:00:00,SO2,1.5,0.5,0.3,0.3,0.3,0.3,0.3,1,1,1.1,1,0.7,0.7,0.7,0.5,0.4,0.4,1.3,0.9,0.6,0.6,0.4,0.3,0.5,
楠梓,2024/09/10 00:00:00,THC,2.08,2.32,2.1,2.1,2.18,2.14,2.18,2.13,1.95,1.98,2.07,1.96,1.97,1.95,1.99,1.94,1.96,2.23,2.1,2.12,2.11,2.03,2.09,2.14,
楠梓,2024/09/10 00:00:00,WD_HR,85,62,61,65,56,59,41,47,27,325,283,267,273,273,289,281,94,87,75,78,70,88,93,84,
楠梓,2024/09/10 00:00:00,WIND_DIREC,100,55,70,67,61,44,47,32,300,292,285,282,265,257,284,276,101,80,63,90,70,109,102,88,
楠梓,2024/09/10 00:00:00,WIND_SPEED,1,0.9,1.4,1.1,1.5,1.2,1.1,1.2,1,1.7,2.1,2.5,2.8,2.6,2.8,2.6,3.1,1.6,1.1,1,1.1,1,0.7,0.9,
楠梓,2024/09/10 00:00:00,WS_HR,1.1,1,1.2,1.1,1.4,1.1,0.9,1.1,0.9,0.9,1.6,1.8,1.9,2.1,2.6,2.2,0.9,1.1,1.3,1.3,1.1,1,0.8,0.9,
楠梓,2024/09/11 00:00:00,AMB_TEMP,27.1,26.8,26.7,26.9,26.5,26.3,26.8,28.5,30.4,31.1,31.9,31.4,32.8,33.5,32.7,32.5,32,31.3,30.3,29.4,28.8,28.3,28.3,28.2,
楠梓,2024/09/11 00:00:00,CH4,2.01,2.04,2.06,2.09,2.04,2.03,2.03,1.99,2,1.97,1.97,1.95,1.94,1.93,1.92,1.92,1.92,1.92,1.95,2,2.05,2.06,2.04,2.04,
楠梓,2024/09/11 00:00:00,CO,0.17,0.16,0.14,0.17,0.14,0.17,0.26,0.4,0.28,0.3,0.27,0.15,0.11,0.1,0.1,0.11,0.12,0.15,0.23,0.28,0.25,0.23,0.22,0.22,
楠梓,2024/09/11 00:00:00,NMHC,0,0.01,0,0.11,0,0,0.03,0.06,0.1,0.09,0.13,0.02,0,0,0,0,0,0,0.04,0.06,0.02,0.02,0.03,0.04,
楠梓,2024/09/11 00:00:00,NO,0.8,0.6,0.2,1.8,1.8,2.9,10.9,8.9,9.9,3.5,1.9,1.3,1,1.2,0.7,0.6,0.8,0.6,0.6,1.1,1.1,0.5,0.3,0.1,
楠梓,2024/09/11 00:00:00,NO2,9.1,10.2,7.9,16.9,13.2,13.1,15.8,14.8,16.5,15.3,13.8,10,5.5,4.7,4.2,3.6,4,4.4,8,17.1,14.5,12.1,11,12.4,
楠梓,2024/09/11 00:00:00,NOx,9.9,10.9,8.2,18.7,15,16.1,26.8,23.7,26.4,18.8,15.7,11.4,6.5,5.9,4.9,4.3,4.8,5.1,8.7,18.3,15.6,12.6,11.3,12.6,
楠梓,2024/09/11 00:00:00,O3,21,14.8,15.5,6.5,8.2,4.1,4,12.4,19.9,32.8,43.5,36.3,37.4,35.9,36.3,33.1,34.2,32.9,27.1,15.7,15.1,17.5,17.6,17.4,
楠梓,2024/09/11 00:00:00,PM10,19,20,19,22,23,21,29,27,28,28,32,22,19,15,17,19,23,21,21,25,23,21,22,19,
楠梓,2024/09/11 00:00:00,PM2.5,6,7,6,10,11,9,9,8,12,11,12,9,8,8,5,4,4,10,7,8,11,7,7,12,
楠梓,2024/09/11 00:00:00,RAINFALL,0,0,0,0,0,0,0,0,0,0,0,0,0,0,0,0,0,0,0,0,0,0,0,0,
楠梓,2024/09/11 00:00:00,RH,94,95,94,94,94,94,93,90,85,77,77,79,74,69,75,76,76,78,87,93,94,95,94,93,
楠梓,2024/09/11 00:00:00,SO2,0.6,1.1,1.3,1.2,1.1,1.1,1.6,1.9,3.4,2.9,1.9,1.7,1.3,1.4,1.2,1.2,1.2,1.3,1.4,1.2,1.4,1.3,1.5,1.7,
楠梓,2024/09/11 00:00:00,THC,2.01,2.05,2.06,2.2,2.04,2.03,2.06,2.05,2.1,2.06,2.1,1.97,1.92,1.91,1.91,1.91,1.9,1.92,1.99,2.06,2.07,2.08,2.07,2.08,
楠梓,2024/09/11 00:00:00,WD_HR,91,78,94,77,64,65,65,60,106,251,278,278,263,274,275,284,283,298,61,71,80,55,66,57,
楠梓,2024/09/11 00:00:00,WIND_DIREC,81,107,84,68,69,63,49,66,179,192,318,284,252,283,264,283,296,320,65,99,109,43,48,49,
楠梓,2024/09/11 00:00:00,WIND_SPEED,1,1.2,0.2,1,1.1,1.3,1.3,1.6,1.2,0.7,1.6,2.6,2.2,2.5,2.7,2.8,1.8,0.9,1.4,1.5,1.6,1.6,0.8,1.6,
楠梓,2024/09/11 00:00:00,WS_HR,0.9,1.1,0.9,0.8,1,1.1,1,1.2,0.6,0.6,0.8,1.9,2.3,2.1,2.1,2.1,1.8,1.1,0.7,1.5,1.2,1.3,0.9,1.3,
楠梓,2024/09/12 00:00:00,AMB_TEMP,28.1,28,27.8,27.4,27.5,27.3,27.4,28.8,30.1,31.5,32.1,32.6,32,32.7,32.2,30.4,29.8,30.1,30,29.9,29.8,29.4,29,28.5,
楠梓,2024/09/12 00:00:00,CH4,2.06,2.05,2.17,2.14,2.1,2.12,2.1,2.04,2,1.99,2.03,2.07,2.05,1.99,1.98,2.02,2.01,2.03,2.05,2.07,2.09,2.09,2.12,2.22,
楠梓,2024/09/12 00:00:00,CO,0.2,0.17,0.21,0.16,0.17,0.18,0.25,0.37,0.22,0.18,0.18,0.19,0.17,0.13,0.16,0.2,0.25,0.3,0.33,0.34,0.3,0.3,0.34,0.39,
楠梓,2024/09/12 00:00:00,NMHC,0.03,0.03,0.04,0.02,0.03,0.06,0.05,0.08,0.01,0,0,0,0.02,0.07,0.02,0.04,0.06,0.08,0.09,0.1,0.06,0.1,0.28,0.34,
楠梓,2024/09/12 00:00:00,NO,0.1,0.1,0,0,0.1,0.4,3.3,8.6,3.1,1.1,0.4,0.2,0,0.2,0.2,0,0.1,0,0,0,0,#,0,0.9,
楠梓,2024/09/12 00:00:00,NO2,9.6,9.4,9.2,7.8,9.2,11.3,13.9,15.4,10.1,6.5,6,7,7.8,5.8,5.5,8.5,9.9,17.3,20.2,18.5,14.1,*,17.4,25.8,
楠梓,2024/09/12 00:00:00,NOx,9.7,9.5,9.2,7.7,9.3,11.8,17.3,24,13.3,7.6,6.5,7.3,7.7,6,5.8,8.5,10.1,17.4,20,18.4,13.9,*,17.3,26.7,
楠梓,2024/09/12 00:00:00,O3,15.3,13.8,9.6,8.8,8.9,4.7,5.1,9.4,22.5,35.2,42.4,51.6,48.4,41.6,44.3,43.6,37.5,32.7,30.8,28.4,29.9,23.9,17.5,6.9,
楠梓,2024/09/12 00:00:00,PM10,18,21,18,29,24,22,28,33,30,36,30,33,41,25,32,28,30,35,42,46,39,42,43,41,
楠梓,2024/09/12 00:00:00,PM2.5,A,6,7,8,9,11,10,16,10,12,17,16,18,9,15,13,15,22,23,27,24,21,22,22,
楠梓,2024/09/12 00:00:00,RAINFALL,0,0,0,0,0,0,0,0,0,0,0,0,0,0,0,0,0,0,0,0,0,0,0,0,
楠梓,2024/09/12 00:00:00,RH,94,94,95,95,94,95,94,92,90,83,76,73,74,72,74,80,84,88,90,90,88,90,92,93,
楠梓,2024/09/12 00:00:00,SO2,1.8,0.9,1,1.2,1,1,1,1.3,1.3,1.3,1.4,1.6,1.6,1.4,1.1,1.3,1.6,1.6,1.3,1.4,2.1,2,1.7,5.1,
楠梓,2024/09/12 00:00:00,THC,2.09,2.08,2.21,2.16,2.13,2.18,2.15,2.12,2.01,1.99,2.02,2.07,2.07,2.06,2,2.06,2.07,2.11,2.14,2.17,2.15,2.19,2.4,2.56,
楠梓,2024/09/12 00:00:00,WD_HR,48,54,45,38,51,47,44,43,45,20,15,26,312,305,323,335,332,356,32,311,29,70,139,80,
楠梓,2024/09/12 00:00:00,WIND_DIREC,57,62,38,30,49,51,51,51,21,332,1,345,305,305,321,325,235,8,45,305,43,92,85,88,
楠梓,2024/09/12 00:00:00,WIND_SPEED,1.5,1.3,1.4,0.8,1.9,1.4,1.1,1.7,2.2,2.1,1.5,1.2,2.3,2.9,1.9,2.2,0.4,0.6,1,0.8,1,0.8,0.8,1.1,
楠梓,2024/09/12 00:00:00,WS_HR,1.5,1.4,1.2,1.1,1.2,1.3,0.9,1.2,1.9,1.8,1.5,1.5,1.6,2.1,1.7,1.5,0.5,0.5,0.6,0.6,0.5,1,0.5,0.8,
楠梓,2024/09/13 00:00:00,AMB_TEMP,27.9,27.4,27.2,27.1,27.3,27.2,27.7,29,30.7,32.2,32.4,33.5,33.5,33.6,33.3,32,28.5,25.1,25.6,26.1,26.3,27.5,27.2,26.7,
楠梓,2024/09/13 00:00:00,CH4,2.27,2.23,2.23,2.23,2.21,2.14,2.11,2.16,2.03,2,2.04,1.99,#,1.91,1.91,1.9,1.95,1.98,1.99,2.02,2.04,2.06,2.07,2.04,
楠梓,2024/09/13 00:00:00,CO,0.4,0.33,0.28,0.29,0.27,0.26,0.37,0.53,0.27,0.24,0.24,0.19,0.13,0.11,0.12,0.12,0.17,0.2,0.23,0.29,0.28,0.29,0.26,0.21,
楠梓,2024/09/13 00:00:00,NMHC,0.25,0.25,0.09,0.08,0.05,0.05,0.08,0.14,0.04,0.03,0.11,0.06,#,0,0.01,0,0.01,0.01,0.01,0.06,0.05,0.25,0.22,0.01,
楠梓,2024/09/13 00:00:00,NO,0.9,1.1,0.8,0.7,1,1,7.3,10.9,2.8,1.5,1.2,1.1,0.7,#,0.7,0.6,0.9,0.9,1,1.1,1.3,1.2,2.2,0.5,
楠梓,2024/09/13 00:00:00,NO2,19.3,14.3,14.3,12.9,14.6,15.9,24.6,20.8,10,9.2,9,6.7,4.2,#,3.7,4.3,8.2,13.3,16.9,20.1,18.7,23.1,22.3,10.7,
楠梓,2024/09/13 00:00:00,NOx,20.2,15.4,15.1,13.6,15.7,17,32,31.7,12.9,10.7,10.2,7.9,4.9,#,4.5,4.9,9.2,14.3,18,21.2,20,24.4,24.5,11.2,
楠梓,2024/09/13 00:00:00,O3,6.2,10.1,11,12.9,12.5,12,6.9,13.3,38.4,50.2,#,#,40.5,36.5,33.3,29.8,29.8,27.9,22.8,13.9,14.2,13.1,11.6,17.7,
楠梓,2024/09/13 00:00:00,PM10,42,41,36,42,36,30,38,44,45,42,#,65,27,18,19,20,24,17,22,26,26,16,19,18,
楠梓,2024/09/13 00:00:00,PM2.5,23,25,25,23,21,24,24,26,26,25,28,#,7,7,7,6,6,6,6,6,8,6,4,5,
楠梓,2024/09/13 00:00:00,RAINFALL,0,0,0,0,0,0,0,0,0,0,#,0,0,0,0,0,0,0.5,0,0,0,0,0,0,
楠梓,2024/09/13 00:00:00,RH,95,96,96,96,95,95,94,92,85,75,73,66,67,66,70,74,83,94,90,91,90,80,81,87,
楠梓,2024/09/13 00:00:00,SO2,1.6,1.1,1.2,1.2,1.4,1.3,1.2,1.7,1.9,2.3,2.1,2.1,0.8,#,0.4,0.8,0.6,0.6,0.7,0.8,0.9,1.4,4.5,1.2,
楠梓,2024/09/13 00:00:00,THC,2.52,2.48,2.32,2.31,2.26,2.19,2.19,2.3,2.07,2.03,2.15,2.05,#,1.9,1.92,1.89,1.96,1.99,2,2.08,2.09,2.31,2.29,2.05,
楠梓,2024/09/13 00:00:00,WD_HR,70,84,70,62,67,60,58,51,63,40,284,275,275,273,277,274,76,89,74,57,74,114,62,76,
楠梓,2024/09/13 00:00:00,WIND_DIREC,94,105,59,81,53,27,64,47,70,333,285,277,293,281,283,279,67,74,62,62,93,109,59,55,
楠梓,2024/09/13 00:00:00,WIND_SPEED,1,0.6,1.2,1.3,0.8,0.7,1.6,1.4,1.6,1.1,1.6,2.4,2.7,2.9,2.9,2.2,3.5,2,1.4,2.5,1.3,1,1.6,1.2,
楠梓,2024/09/13 00:00:00,WS_HR,0.9,0.8,0.9,1.2,0.8,0.9,0.9,1,1.2,0.6,1.3,1.7,2.3,2.4,2.3,2.3,2,2.3,1.5,1.4,1.1,0.5,1.2,1.4,
楠梓,2024/09/14 00:00:00,AMB_TEMP,26.8,27,26.9,26.6,27.1,26.9,26.7,27.3,27,24.8,25.2,26.1,27.6,29.7,31,30.9,29.1,28.4,27.3,26.6,26.2,26.1,25.6,25.7,
楠梓,2024/09/14 00:00:00,CH4,2.02,2.01,2.09,2.17,2.08,2.07,2.04,2.01,1.99,1.98,2.02,2.01,2.01,1.97,1.96,1.96,1.99,2,2.03,2.08,2.11,2.07,2.2,2.11,
楠梓,2024/09/14 00:00:00,CO,0.18,0.15,0.19,0.15,0.17,0.19,0.23,0.26,0.22,0.18,0.3,0.24,0.18,0.13,0.14,0.13,0.16,0.22,0.39,0.56,0.41,0.42,0.35,0.32,
楠梓,2024/09/14 00:00:00,NMHC,0,0,0.03,0.02,0.24,0.19,0.01,0.01,0.03,0.19,0.25,0.08,0.03,0,0.05,0.02,0.03,0.06,0.18,0.22,0.19,0.27,0.08,0.06,
楠梓,2024/09/14 00:00:00,NO,0.5,0.4,0.6,1.4,1,1.5,3.5,5.7,5.2,2.1,11.3,8.9,3.3,1.8,1.3,0.9,#,0.6,0.7,2.1,1.9,0.8,2.4,1,
楠梓,2024/09/14 00:00:00,NO2,10.2,8.9,11.5,10.7,15.3,16.5,14.8,14.8,14.1,20.8,28.8,15,10.6,7.9,7.9,5.8,#,11.4,20.3,28.8,21.9,21.2,17.8,13.7,
楠梓,2024/09/14 00:00:00,NOx,10.8,9.4,12.1,12.2,16.4,18,18.3,20.5,19.4,23,40.1,23.9,13.9,9.7,9.3,6.7,#,12,21,30.9,23.9,22,20.3,14.8,
楠梓,2024/09/14 00:00:00,O3,18.1,21.2,14.8,11.9,9.4,9.9,8.4,7.7,14,15.8,11.3,19,32.5,41.4,48.9,47.9,#,29.3,16.6,6,7.5,9.5,4.8,10.9,
楠梓,2024/09/14 00:00:00,PM10,16,21,19,17,22,20,21,19,24,17,22,21,13,10,18,15,16,12,16,21,28,26,28,18,
楠梓,2024/09/14 00:00:00,PM2.5,5,8,6,7,9,9,9,8,8,7,9,7,7,5,5,9,7,6,10,12,15,19,13,11,
楠梓,2024/09/14 00:00:00,RAINFALL,0,0,0,0,0,0,0,0,0,3,0,0.5,0,0,0,0,0,0,0.5,0,0,0,0,0,
楠梓,2024/09/14 00:00:00,RH,86,83,84,90,84,85,87,82,87,94,95,95,90,77,72,75,80,86,95,98,97,96,97,96,
楠梓,2024/09/14 00:00:00,SO2,1.2,0.6,0.6,0.5,1.1,1.3,1.1,0.9,0.9,0.6,1.1,1.6,1.6,1.1,1,0.9,#,1.3,1.7,1.3,1.1,2,1.3,1.1,
楠梓,2024/09/14 00:00:00,THC,2.02,2.01,2.12,2.19,2.32,2.26,2.05,2.02,2.02,2.17,2.27,2.09,2.04,1.97,2.01,1.98,2.02,2.06,2.21,2.3,2.3,2.34,2.28,2.17,
楠梓,2024/09/14 00:00:00,WD_HR,70,71,92,89,162,95,63,79,215,212,105,83,55,324,253,318,307,215,199,92,78,79,96,80,
楠梓,2024/09/14 00:00:00,WIND_DIREC,110,78,92,144,87,70,68,60,206,232,80,51,323,309,274,306,320,201,195,100,91,75,104,67,
楠梓,2024/09/14 00:00:00,WIND_SPEED,0.5,0.3,0.8,0.7,0.4,1.4,2.2,1.1,2.6,1.6,0.8,1.3,0.9,1.1,1.7,2,1.5,1.7,0.5,1,0.9,0.9,1.1,0.5,
楠梓,2024/09/14 00:00:00,WS_HR,0.9,0.6,0.7,0.9,0.3,0.9,1.3,1.7,1.4,2.1,0.6,1.7,0.8,0.5,0.7,1.5,2,1.2,1.2,0.6,0.7,0.6,1,0.5,
楠梓,2024/09/15 00:00:00,AMB_TEMP,25.6,25,25.2,24.8,24.8,24.9,25.2,27.7,29.5,30.1,31.5,32.6,33.2,33.2,33.2,32.9,32,31,30.2,29.7,29.4,29.2,28.7,28.7,
楠梓,2024/09/15 00:00:00,CH4,2.14,2.2,2.23,2.27,2.14,2.1,2.1,2.05,2.01,2.03,1.99,1.95,1.94,1.94,1.94,1.93,1.93,1.94,1.95,1.96,1.99,1.98,2.1,2.15,
楠梓,2024/09/15 00:00:00,CO,0.35,0.27,0.28,0.23,0.19,0.22,0.26,0.28,0.25,0.24,0.16,0.11,0.1,0.09,0.1,0.1,0.11,0.14,0.16,0.18,0.21,0.21,0.27,0.32,
楠梓,2024/09/15 00:00:00,NMHC,0.21,0.03,0.02,0,0,0,0.03,0.15,0.1,0.06,0.03,0.02,0,0,0,0,0,0,0,0.01,0.03,0.11,0.03,0.06,
楠梓,2024/09/15 00:00:00,NO,1.6,1.2,1,1.2,0.9,1.3,4,5.3,3.9,2.8,2,1.2,1.1,1.2,1.2,1.3,1.1,1.4,1,0.8,0.8,0.8,1.2,1.5,
楠梓,2024/09/15 00:00:00,NO2,19.8,9.5,10.6,8.7,6.6,8.4,11.4,11.2,9.9,9.7,8.2,4.4,3,2.9,3.1,3.5,3.9,6.5,8.6,7.5,7.4,6.5,11.3,15.5,
楠梓,2024/09/15 00:00:00,NOx,21.4,10.7,11.6,9.9,7.6,9.7,15.4,16.6,13.8,12.6,10.2,5.7,4.2,4.1,4.3,4.9,5.1,8,9.6,8.3,8.2,7.3,12.6,17,
楠梓,2024/09/15 00:00:00,O3,4.6,12,15.5,12.2,12,8.9,7.2,15.6,23.4,30.8,37.6,40.7,37.2,39.5,38.9,36.4,31.6,24.8,22.8,24.1,24.2,30.2,17.8,11.6,
楠梓,2024/09/15 00:00:00,PM10,26,25,20,27,26,23,24,23,16,19,20,6,5,7,6,14,14,19,14,15,15,15,29,33,
楠梓,2024/09/15 00:00:00,PM2.5,15,10,10,18,14,9,11,7,7,7,6,6,4,1,0,1,4,9,7,7,7,7,19,21,
楠梓,2024/09/15 00:00:00,RAINFALL,0,0,0,0.5,0,0,0,0,0,0,0,0,0,0,0,0,0,0,0,0,0,0,0,0,
楠梓,2024/09/15 00:00:00,RH,97,97,96,98,97,96,95,91,85,81,76,68,64,67,68,67,68,74,77,81,83,87,91,92,
楠梓,2024/09/15 00:00:00,SO2,1.6,1.1,0.9,0.9,0.9,0.8,1,2.4,3.8,2.9,2.2,1.2,1.1,1,1.1,1.1,0.9,1,0.8,1,1.1,1,1.5,1.3,
楠梓,2024/09/15 00:00:00,THC,2.35,2.23,2.25,2.27,2.13,2.1,2.13,2.2,2.11,2.09,2.02,1.97,1.91,1.9,1.91,1.9,1.9,1.92,1.94,1.97,2.02,2.09,2.13,2.21,
楠梓,2024/09/15 00:00:00,WD_HR,80,97,64,79,89,94,57,136,176,198,228,243,263,258,269,260,255,273,279,297,310,306,58,75,
楠梓,2024/09/15 00:00:00,WIND_DIREC,92,88,51,104,98,86,99,171,161,229,226,273,258,262,276,252,287,244,289,279,313,325,70,74,
楠梓,2024/09/15 00:00:00,WIND_SPEED,1.2,1,1.6,1.4,0.9,0.8,1.2,2.1,1.8,0.9,2.3,2.1,2,2.1,2.1,1.9,1.4,1.2,1.2,1.1,1.1,0.9,1,1,
楠梓,2024/09/15 00:00:00,WS_HR,0.8,1.2,0.9,1.2,1,0.9,1,0.7,1.7,0.3,1.7,1.8,1.8,2,1.7,1.7,1.5,1.6,1,0.9,0.9,1,1,0.8,
楠梓,2024/09/16 00:00:00,AMB_TEMP,28.7,28.3,28,27.4,27.3,27.4,27.6,28.6,30.1,31.8,33,33.5,33.1,32.7,32.9,32.6,32.1,31.2,30.5,30.3,30.3,30,29.7,29.6,
楠梓,2024/09/16 00:00:00,CH4,2.1,2.19,2.2,2.37,2.3,2.22,2.2,2.15,2.08,2.07,2.05,2.06,2.06,2.01,1.98,1.99,1.97,1.95,1.95,1.98,2.02,2.08,2.08,2.11,
楠梓,2024/09/16 00:00:00,CO,0.25,0.23,0.21,0.24,0.21,0.23,0.3,0.37,0.24,0.23,0.2,0.23,0.24,0.21,0.17,0.19,0.18,0.2,0.23,0.24,0.27,0.35,0.3,0.3,
楠梓,2024/09/16 00:00:00,NMHC,0.02,0,0,0,0.01,0.01,0.04,0.08,0.02,0,0,0.06,0.07,0.07,0.06,0.02,0.1,0.05,0.02,0.27,0.15,0.11,0.08,0.07,
楠梓,2024/09/16 00:00:00,NO,1.2,0.2,0.6,0.9,0.9,1.2,6.8,5.2,2.8,1.8,1.1,0.7,0.8,1,0.9,0.8,1,0.6,0.7,0.5,0.8,0.7,0.7,0.7,
楠梓,2024/09/16 00:00:00,NO2,12,12,12.3,11.1,10.5,12.9,18.2,14.3,7.9,8.3,7,7,6.1,6.4,6.3,6.5,7,8.4,8.9,10.1,10.1,12.4,11.9,11.4,
楠梓,2024/09/16 00:00:00,NOx,13.2,12.2,12.9,12.1,11.5,14.1,25,19.5,10.8,10.2,8.2,7.7,6.9,7.4,7.3,7.3,8,9,9.7,10.7,10.9,13.1,12.7,12.1,
楠梓,2024/09/16 00:00:00,O3,21,16.5,16.3,7.7,10.8,8.3,6.3,18.5,36.8,46.5,58.5,67.9,60.9,59.6,55,54.5,49.5,38.4,26.3,21.8,24.8,18,19.5,20.3,
楠梓,2024/09/16 00:00:00,PM10,31,27,26,30,26,21,29,35,38,37,28,33,39,33,32,31,27,27,29,30,30,32,43,42,
楠梓,2024/09/16 00:00:00,PM2.5,15,10,12,13,18,11,10,18,18,18,14,16,14,13,14,14,11,10,9,10,13,22,23,23,
楠梓,2024/09/16 00:00:00,RAINFALL,0,0,0,0,0,0,0,0,0,0,0,0,0,0,0,0,0,0,0,0,0,0,0,0,
楠梓,2024/09/16 00:00:00,RH,92,93,93,95,95,94,94,93,88,75,67,66,71,72,72,71,73,79,90,92,93,93,93,94,
楠梓,2024/09/16 00:00:00,SO2,1.3,1.2,1.2,1.3,1,1,1.1,1.4,1.9,1.8,1.8,2.2,2.6,2.4,2,1.8,1.6,1.2,1.3,1.3,1.1,1.2,1.2,1.4,
楠梓,2024/09/16 00:00:00,THC,2.12,2.19,2.2,2.37,2.31,2.23,2.24,2.23,2.1,2.07,2.05,2.12,2.13,2.08,2.04,2.01,2.07,2,1.97,2.25,2.17,2.19,2.16,2.18,
楠梓,2024/09/16 00:00:00,WD_HR,59,94,88,79,72,72,57,57,16,16,19,289,288,307,297,309,302,308,307,296,303,58,32,28,
楠梓,2024/09/16 00:00:00,WIND_DIREC,68,87,104,61,50,65,53,10,311,16,1,274,308,306,299,307,303,314,305,307,305,66,326,60,
楠梓,2024/09/16 00:00:00,WIND_SPEED,1,0.7,1,1.2,0.9,0.7,1.2,1,1.4,2,1.9,3.1,2.8,2.7,3,3.6,2.3,1.7,1.4,0.9,1.1,0.9,0.9,1.8,
楠梓,2024/09/16 00:00:00,WS_HR,0.9,0.7,0.8,0.9,1,0.6,1.1,1.3,1.1,1.2,1.5,2.1,2.4,2.5,2.1,2.8,2.2,1.9,1.5,0.8,1,0.8,0.6,0.6,
楠梓,2024/09/17 00:00:00,AMB_TEMP,29.2,29.2,29.1,28.3,27.9,28,28,29.1,30.8,32,33.2,34.4,34.5,34.4,34.2,34.1,33.5,32.2,31.2,30.7,30.3,30.2,30,29.8,
楠梓,2024/09/17 00:00:00,CH4,2.17,2.1,2.11,2.29,2.26,2.23,2.21,2.1,2.02,1.99,2.01,2.03,1.99,1.98,1.98,1.95,1.96,1.96,1.97,1.96,1.97,1.94,1.92,1.94,
楠梓,2024/09/17 00:00:00,CO,0.32,0.17,0.18,0.26,0.25,0.29,0.28,0.27,0.23,0.2,0.2,0.19,0.15,0.14,0.14,0.14,0.15,0.16,0.18,0.19,0.18,0.13,0.12,0.12,
楠梓,2024/09/17 00:00:00,NMHC,0.08,0,0,0.02,0.02,0.07,0.02,0.02,0.01,0,0,0.05,0.03,0.07,0.02,0,0,0.11,0.03,0,0,0,0,0.01,
楠梓,2024/09/17 00:00:00,NO,0.8,1.3,1,1,1.2,0.8,1.1,2.4,1.7,1,0.9,0.8,1.1,1.1,1.2,1.4,1.3,1,0.8,1.1,1,0.9,0.9,0.9,
楠梓,2024/09/17 00:00:00,NO2,13.2,6.6,6.6,7.8,7.4,9.7,7.7,7.5,6,4.9,4.2,4.4,4.4,4.4,4.5,4.4,5.1,6.3,6.3,6.2,5.7,5.1,5.1,4.4,
楠梓,2024/09/17 00:00:00,NOx,14.1,8,7.6,8.8,8.7,10.5,8.9,9.9,7.8,6,5.2,5.3,5.5,5.5,5.7,5.8,6.5,7.3,7.1,7.3,6.7,6,6.1,5.4,
楠梓,2024/09/17 00:00:00,O3,13.5,23.7,23.7,16.3,15.1,14.4,15.7,22.7,35.9,45.5,54.1,58.3,49.1,48,48.5,37,35,32.4,30.9,31.9,35.2,34.5,33,33.1,
楠梓,2024/09/17 00:00:00,PM10,44,34,36,36,33,32,32,24,22,24,21,31,26,23,19,11,19,20,23,26,30,21,25,19,
楠梓,2024/09/17 00:00:00,PM2.5,19,17,18,23,22,30,24,19,16,16,13,15,8,10,8,6,2,4,6,8,12,10,9,5,
楠梓,2024/09/17 00:00:00,RAINFALL,0,0,0,1.5,1.5,0,0,0,0,0,0,0,0,0,0,0,0,0,0,0,0,0,0,0,
楠梓,2024/09/17 00:00:00,RH,94,94,94,98,99,99,99,96,90,80,74,71,68,69,68,63,65,73,79,88,93,93,93,93,
楠梓,2024/09/17 00:00:00,SO2,1.4,1.6,1.6,1.1,0.8,0.8,0.9,1,1.3,1.2,1.3,1.3,1.3,1.4,1.7,1.2,1.2,1.3,1,1,0.9,1,0.9,0.9,
楠梓,2024/09/17 00:00:00,THC,2.25,2.09,2.1,2.31,2.28,2.3,2.23,2.12,2.03,1.99,2,2.08,2.02,2.05,2,1.94,1.96,2.07,2,1.95,1.95,1.91,1.9,1.95,
楠梓,2024/09/17 00:00:00,WD_HR,63,62,67,70,66,75,35,50,55,32,349,336,306,305,316,315,312,291,274,269,277,231,261,300,
楠梓,2024/09/17 00:00:00,WIND_DIREC,60,94,82,47,110,89,40,46,61,328,31,291,315,305,323,314,323,290,259,282,279,230,291,302,
楠梓,2024/09/17 00:00:00,WIND_SPEED,1.9,1,1.4,1.9,0.8,1.1,1.7,2.9,2.8,1.8,2.4,2.1,3.7,3.3,4.2,2.5,1.6,1.6,1,1.2,1.1,2.1,1.3,1.7,
楠梓,2024/09/17 00:00:00,WS_HR,1.2,1.3,1,1.3,1.1,0.8,0.9,2.3,3.2,1.8,1.3,1.4,2.5,2.9,3.2,2.6,2.2,1.6,1.2,0.9,1.3,1.6,1.1,1.3,
楠梓,2024/09/18 00:00:00,AMB_TEMP,29.5,29.4,28.8,28.5,28.4,28.2,28.5,29.1,29.8,31.3,32,33.1,34.4,33.6,33.4,32.8,32.1,31.6,30.9,29.7,29.1,29,29.3,29.2,
楠梓,2024/09/18 00:00:00,CH4,1.94,1.97,2.19,2.16,2.16,2.14,2.11,2.1,2.03,2.04,1.96,1.95,1.94,1.94,1.94,1.95,1.95,1.95,2,2.04,2.08,2.08,2.09,2.08,
楠梓,2024/09/18 00:00:00,CO,0.11,0.14,0.19,0.19,0.19,0.19,0.24,0.42,0.24,0.25,0.17,0.14,0.12,0.12,0.12,0.13,0.15,0.18,0.19,0.28,0.31,0.37,0.38,0.27,
楠梓,2024/09/18 00:00:00,NMHC,0.03,0.01,0,0,0,0,0.01,0.15,0.02,0.07,0.06,0,0,0,0,0,0.05,0.05,0.06,0.22,0.15,0.2,0.24,0.23,
楠梓,2024/09/18 00:00:00,NO,0.7,0.5,0.7,0.6,0.5,0.5,2.3,3.9,4.3,3.6,2.4,1.7,1.6,1.1,1,0.9,1,0.8,0.5,0.7,1.6,1.2,1.3,2.3,
楠梓,2024/09/18 00:00:00,NO2,3.2,4.6,6.5,5.5,7.5,7.7,13.3,14,11.2,14.5,11.8,7.2,4.7,3.6,3.7,3.8,4.4,5.4,5.5,12.3,19.6,17.8,21.6,21.4,
楠梓,2024/09/18 00:00:00,NOx,4,5.2,7.3,6.2,8.1,8.3,15.7,18,15.5,18.2,14.2,8.9,6.3,4.8,4.8,4.8,5.4,6.2,6.1,13.1,21.3,19,22.9,23.8,
楠梓,2024/09/18 00:00:00,O3,33.4,30.4,19.3,21,19,16.7,14.5,16.7,21.9,28.6,31.4,33.3,34.7,34.1,36.2,37.1,36.4,40.1,45.1,25.1,15.4,14,10.5,10,
楠梓,2024/09/18 00:00:00,PM10,20,22,33,29,37,29,38,40,40,42,41,32,43,30,39,41,39,43,37,29,24,19,31,24,
楠梓,2024/09/18 00:00:00,PM2.5,8,8,18,15,20,18,17,16,13,16,13,10,7,11,9,10,9,11,16,11,14,14,16,13,
楠梓,2024/09/18 00:00:00,RAINFALL,0,0,0,0,0,0,0,0,0,0,0,0,0,0,0,0,0,0,0,0,0,0,0,0,
楠梓,2024/09/18 00:00:00,RH,93,93,96,96,96,96,95,94,92,86,74,69,63,66,70,74,74,76,82,90,92,93,92,92,
楠梓,2024/09/18 00:00:00,SO2,1,0.4,0.7,0.7,0.8,0.9,1,0.8,0.9,2.6,1.4,0.5,0.4,0.5,0.5,0.5,0.7,0.7,0.7,1,3.5,5.3,7.9,10.9,
楠梓,2024/09/18 00:00:00,THC,1.97,1.98,2.18,2.16,2.16,2.13,2.12,2.25,2.05,2.11,2.02,1.94,1.91,1.92,1.94,1.95,2,2,2.06,2.26,2.23,2.28,2.33,2.31,
楠梓,2024/09/18 00:00:00,WD_HR,309,335,45,26,51,55,68,78,77,59,285,271,252,273,264,273,276,294,292,96,135,149,134,110,
楠梓,2024/09/18 00:00:00,WIND_DIREC,315,359,42,62,50,56,97,74,87,17,280,250,273,278,242,277,284,302,83,97,157,142,96,115,
楠梓,2024/09/18 00:00:00,WIND_SPEED,1.5,0.6,1.2,1,1.1,1.4,1.2,1.6,1.1,0.6,1.3,2.3,1.9,2.7,2,2.9,2,1.1,1.5,1.8,2.1,0.8,1.6,0.9,
楠梓,2024/09/18 00:00:00,WS_HR,1.6,1.2,1.2,0.7,1.1,1.2,1,1.2,1.4,0.9,1.3,1.6,1.8,2.1,2.1,2,1.8,1.3,0.3,1.7,1.2,1.4,0.9,0.7,
楠梓,2024/09/19 00:00:00,AMB_TEMP,29,29,28.4,28,27.8,28,28.5,30,31.6,31.8,31.6,32,32.6,33.2,32.4,31.5,33,31.1,31.1,30,29.8,30.1,29.8,29.5,
楠梓,2024/09/19 00:00:00,CH4,2.1,2.12,2,2.03,2.07,2.09,2.08,2.02,1.98,1.95,1.94,1.94,1.98,1.96,1.95,1.97,1.95,2.02,1.96,1.95,1.97,1.98,1.98,1.98,
楠梓,2024/09/19 00:00:00,CO,0.25,0.21,0.13,0.11,0.14,0.19,0.24,0.32,0.24,0.13,0.11,0.13,0.18,0.18,0.14,0.22,0.28,0.29,0.26,0.21,0.27,0.24,0.13,0.13,
楠梓,2024/09/19 00:00:00,NMHC,0.19,0.12,0.11,0.02,0,0.09,0.02,0.05,0.06,0,0,0.01,0.04,0.01,0.08,0.07,0.04,0.07,0.09,0.05,0.06,0.13,0.13,0.12,
楠梓,2024/09/19 00:00:00,NO,1.3,1.1,0.9,0.9,1.3,3.7,6.6,6.3,3.9,2,1.7,1.6,2.1,1.7,2.5,3.5,3.9,2.4,1.6,1.4,1.3,0.9,0.9,1.1,
楠梓,2024/09/19 00:00:00,NO2,15.4,13.5,10.5,11.2,10.3,16.8,18.1,14.1,10.4,7,6,6.4,9,7.5,10.7,14.2,12.6,15.8,16.9,13.2,13.5,12.9,8.5,7.6,
楠梓,2024/09/19 00:00:00,NOx,16.8,14.6,11.5,12.1,11.6,20.6,24.8,20.4,14.3,9.1,7.8,8,11.1,9.2,13.3,17.8,16.5,18.2,18.5,14.7,14.8,13.9,9.5,8.7,
楠梓,2024/09/19 00:00:00,O3,15.1,16.9,22.6,19.7,17.8,7.1,8.8,17.6,30,32.4,30.7,33.1,44.7,42.5,28.5,29.9,19.6,22.8,12.8,14.1,13.7,16.6,21.4,20.4,
楠梓,2024/09/19 00:00:00,PM10,17,19,9,15,15,21,23,30,34,33,35,33,36,36,30,29,26,30,21,19,15,14,9,17,
楠梓,2024/09/19 00:00:00,PM2.5,11,8,5,3,5,9,7,10,8,10,7,5,13,11,6,10,10,9,7,8,4,1,4,3,
楠梓,2024/09/19 00:00:00,RAINFALL,0,0,0,0,0,0,0,0,0,0,0,0,0,0,0,0,0,0,0,0,0,0,0,0,
楠梓,2024/09/19 00:00:00,RH,92,92,95,93,93,93,92,90,80,77,79,77,76,73,75,80,70,88,81,88,90,89,91,92,
楠梓,2024/09/19 00:00:00,SO2,6.7,4.7,2.8,2.3,1.4,1.8,2,1.8,1.9,1.4,1.3,1.4,1.7,1.9,1.7,1.9,3.4,1.8,2.4,1.6,1.9,2.8,1.8,2,
楠梓,2024/09/19 00:00:00,THC,2.29,2.24,2.11,2.05,2.06,2.18,2.1,2.07,2.04,1.94,1.92,1.95,2.02,1.97,2.03,2.04,1.99,2.09,2.05,2,2.03,2.11,2.11,2.1,
楠梓,2024/09/19 00:00:00,WD_HR,99,143,159,74,89,97,92,70,220,248,274,220,243,220,207,61,188,14,190,207,189,166,157,158,
楠梓,2024/09/19 00:00:00,WIND_DIREC,155,160,152,69,88,70,82,46,251,265,280,207,284,213,37,109,39,165,196,216,169,159,144,158,
楠梓,2024/09/19 00:00:00,WIND_SPEED,1.1,2.7,1.1,1.3,1.4,0.9,1,0.9,1.1,1,2.1,2.7,2.9,3.5,1.8,1.5,2.2,2,2.6,1.8,2,2.2,1.8,2.3,
楠梓,2024/09/19 00:00:00,WS_HR,0.8,0.8,1.3,1,1,0.5,1,1.1,0.8,1.1,1.4,1.7,1.3,2.8,1.7,1.5,0.4,0.5,2.2,2.3,1.5,1.9,1.7,2.1,
楠梓,2024/09/20 00:00:00,AMB_TEMP,29.6,28.3,27.5,26.4,26.8,26.8,27.2,28,30.4,31.2,31.5,32.1,32.2,30.8,28.7,29.9,30,30,29.6,29,28.4,28.2,27.6,26.6,
楠梓,2024/09/20 00:00:00,CH4,1.97,1.96,1.97,1.96,2,2.06,2.01,2.05,2.01,1.96,1.95,1.95,1.95,1.95,1.96,1.97,2,1.98,1.99,2.02,2.04,2.07,2.07,2.04,
楠梓,2024/09/20 00:00:00,CO,0.13,0.12,0.11,0.1,0.11,0.12,0.16,0.27,0.33,0.17,0.2,0.18,0.14,0.13,0.14,0.24,0.71,0.52,0.35,0.34,0.26,0.25,0.23,0.17,
楠梓,2024/09/20 00:00:00,NMHC,0.13,0.06,0.02,0.05,0.14,0.17,0.14,0.18,0.17,0.06,0.06,0.05,0.01,0.01,0.06,0.09,0.12,0.07,0.07,0.11,0.04,0.03,0.04,0,
楠梓,2024/09/20 00:00:00,NO,0.8,0.9,0.7,0.6,0.9,1.8,2.5,4,9.2,4.3,4,4,2.8,2.3,2.8,4,6.6,4.5,1.8,1.7,2.2,1.4,1.2,0.9,
楠梓,2024/09/20 00:00:00,NO2,7.8,5.6,8.2,5.5,6.8,11.6,10.8,13.2,15.9,10.2,9.5,8.9,7.1,6.2,8.3,10.8,23.1,21.1,19.4,18.5,15.3,12.6,9.8,7.6,
楠梓,2024/09/20 00:00:00,NOx,8.6,6.6,8.9,6.2,7.7,13.4,13.4,17.3,25.2,14.6,13.6,12.9,9.9,8.5,11.1,14.8,29.7,25.6,21.3,20.2,17.6,14,11,8.6,
楠梓,2024/09/20 00:00:00,O3,20.7,23.6,19.2,21.2,19.1,11.1,14,11.9,13.9,23.3,25.1,27.1,29.4,25.2,17.7,18.1,10.8,10.6,12.2,9.8,9.5,10.7,12,17.8,
楠梓,2024/09/20 00:00:00,PM10,17,10,10,5,9,8,9,13,22,23,21,14,21,18,#,11,23,10,12,12,17,17,16,1,
楠梓,2024/09/20 00:00:00,PM2.5,0,3,3,2,5,3,3,5,8,5,7,4,1,#,3,4,14,8,3,3,6,5,6,5,
楠梓,2024/09/20 00:00:00,RAINFALL,0,0,8,18,1,0.5,0,0,0,0.5,0,0,0,0,0,0,0,0,0,0,0,0,3,2,
楠梓,2024/09/20 00:00:00,RH,91,93,96,99,98,97,95,94,90,78,81,80,77,80,92,89,89,87,87,93,95,95,97,99,
楠梓,2024/09/20 00:00:00,SO2,1.7,1.7,2.7,1.2,1.7,2.4,2.6,2.6,3.8,2.2,1.9,1.4,1.1,0.9,#,1.6,6.7,5.6,2.5,1.9,1.6,1.7,1.7,1.4,
楠梓,2024/09/20 00:00:00,THC,2.1,2.02,1.99,2.01,2.14,2.23,2.15,2.23,2.18,2.02,2.01,2,1.96,1.96,2.02,2.06,2.12,2.05,2.06,2.13,2.08,2.1,2.11,2.02,
楠梓,2024/09/20 00:00:00,WD_HR,160,163,181,158,143,119,157,160,155,173,205,205,206,211,214,206,200,202,206,67,57,45,84,77,
楠梓,2024/09/20 00:00:00,WIND_DIREC,165,168,172,162,94,111,135,165,166,184,206,218,209,213,214,195,200,198,220,88,64,18,106,60,
楠梓,2024/09/20 00:00:00,WIND_SPEED,2.1,2.5,2.8,1.9,1.7,1.5,2,2.4,4,3.4,3.7,3.1,3.7,4,3.3,2.5,2.2,1.9,1.3,2.1,1.3,1.2,2.3,1.4,
楠梓,2024/09/20 00:00:00,WS_HR,1.9,2.7,2.4,3,1.6,0.9,2.3,1.7,2,3.8,3.7,3.4,3.5,3.3,3.8,2.3,2.4,2.2,1.7,0.7,1.5,1.5,1.6,1.2,
楠梓,2024/09/21 00:00:00,AMB_TEMP,26.6,27,27.3,26.9,26.8,#,x,x,x,x,x,x,x,x,x,x,x,x,x,x,x,x,x,x,
楠梓,2024/09/21 00:00:00,CH4,2.04,2.05,2.08,2.11,2.05,2.08,2.15,2.1,2.04,2.01,2.02,2.02,2,1.99,1.99,1.96,1.97,1.99,2.08,2.09,2.05,2.01,1.96,1.93,
楠梓,2024/09/21 00:00:00,CO,0.16,0.14,0.19,0.14,0.13,0.23,0.31,0.23,0.26,0.26,0.25,0.23,0.19,0.15,0.15,0.14,0.17,0.17,0.21,0.23,0.32,0.28,0.14,0.11,
楠梓,2024/09/21 00:00:00,NMHC,0,0.03,0.23,0,0,0.11,0.18,0.02,0.05,0.06,0.06,0.05,0,0,0,0,0.09,0.22,0,0,0.08,0.06,0,0,
楠梓,2024/09/21 00:00:00,NO,1,0.9,1,1.2,0.8,4.8,10.7,5,5.1,3.5,2.2,1.1,1,1.2,1,0.8,0.6,0.5,1,0.6,0.9,0.8,0.6,0.6,
楠梓,2024/09/21 00:00:00,NO2,7.7,6,13.6,9.1,7.9,13.8,15.1,7.7,10.9,8.2,11.3,8,6.6,5.2,4.9,5.1,6.3,5.7,8.1,10.7,16.2,13.7,6.6,4.5,
楠梓,2024/09/21 00:00:00,NOx,8.8,7,14.7,10.4,8.8,18.7,25.9,12.8,16,11.8,13.5,9.2,7.6,6.4,5.9,5.9,6.9,6.2,9.1,11.4,17.1,14.5,7.3,5.2,
楠梓,2024/09/21 00:00:00,O3,17.2,18.9,11.5,11.6,12.4,4.5,2.6,9.1,13,26.8,39,51.7,55.4,41.8,38.8,29.2,27.1,26.9,27.2,25.4,13.3,12.6,21.1,23.1,
楠梓,2024/09/21 00:00:00,PM10,4,10,15,13,15,17,21,21,23,16,16,20,13,13,11,6,3,4,3,1,5,5,0,0,
楠梓,2024/09/21 00:00:00,PM2.5,4,2,0,3,4,4,3,6,5,1,6,8,10,6,3,3,3,4,4,3,4,6,2,0,
楠梓,2024/09/21 00:00:00,RAINFALL,0,0,0,0,0,0,0,0,0,0,0,0,0,0,0,0,15.5,76.5,34,16,19.5,15.5,2.5,12,
楠梓,2024/09/21 00:00:00,RH,99,97,97,98,97,*,x,x,x,x,x,x,x,x,x,x,x,x,x,x,x,x,x,x,
楠梓,2024/09/21 00:00:00,SO2,1.4,0.7,1.6,0.9,0.7,1,1.2,0.9,1.3,2,2.4,1.6,1.3,1,0.7,0.7,0.8,0.5,0.6,0.7,1,1.1,0.7,0.9,
楠梓,2024/09/21 00:00:00,THC,2.03,2.08,2.31,2.1,2.03,2.19,2.33,2.12,2.09,2.07,2.08,2.07,2,1.97,1.96,1.94,2.06,2.21,2.07,2.09,2.13,2.07,1.95,1.92,
楠梓,2024/09/21 00:00:00,WD_HR,85,88,98,85,62,174,67,48,70,22,331,258,260,276,270,240,265,307,51,62,63,77,210,202,
楠梓,2024/09/21 00:00:00,WIND_DIREC,99,97,80,66,95,195,53,54,85,0,47,246,250,276,283,220,245,305,43,53,78,237,174,184,
楠梓,2024/09/21 00:00:00,WIND_SPEED,1.6,1.1,1.1,0.5,0.8,0.3,1.5,0.8,1.2,0.8,0.8,1.7,2.1,2.2,2.3,1.4,1.8,2.2,0.9,0.8,1,1.2,1.4,2.6,
楠梓,2024/09/21 00:00:00,WS_HR,1.4,1.1,0.7,0.9,1,0.2,0.9,1.2,0.8,0.2,0.6,1,1.8,2.1,1.5,1.4,1.2,1.9,1.2,0.8,0.8,0.3,1.3,3,
楠梓,2024/09/22 00:00:00,AMB_TEMP,x,x,x,x,x,x,x,x,x,#,#,x,x,x,x,25.7,25.3,25.8,25.9,25.7,25,24.9,24.9,25.2,
楠梓,2024/09/22 00:00:00,CH4,1.94,1.94,1.94,1.94,1.96,1.94,1.94,1.95,1.95,1.98,1.97,1.96,1.97,2.02,2.01,1.97,1.94,2.02,1.99,2.01,1.97,1.96,1.97,2.02,
楠梓,2024/09/22 00:00:00,CO,0.1,0.1,0.08,0.09,0.09,0.17,0.13,0.23,0.2,0.18,0.18,0.21,0.19,0.27,0.23,0.22,0.15,0.25,0.18,0.17,0.3,0.19,0.14,0.14,
楠梓,2024/09/22 00:00:00,NMHC,0,0,0,0,0,0.03,0.01,0.07,0.03,0.16,0.07,0.09,0.11,0.2,0.17,0.07,0.03,0.28,0.1,0.08,0.12,0.09,0,0.16,
楠梓,2024/09/22 00:00:00,NO,0.5,0,0,0,0,0,0.1,1,1.1,2.2,1.1,#,0.9,2.5,1.6,0.5,0.3,1.6,3.3,11.2,5.3,4.1,0.2,2.5,
楠梓,2024/09/22 00:00:00,NO2,4.1,4.1,3,3.1,2.9,8.5,7.8,12,8.5,10.3,8.8,#,10.6,14.1,10.8,10.2,7.9,14.5,15.1,14.8,14.9,12,5.5,13.7,
楠梓,2024/09/22 00:00:00,NOx,4.7,4,2.8,2.9,2.7,8.3,8,13.1,9.6,12.6,9.9,#,11.5,16.7,12.5,10.7,8.2,16.1,18.4,26.1,20.2,16.1,5.7,16.3,
楠梓,2024/09/22 00:00:00,O3,23.5,23.3,25,23.4,24.7,15.2,19.5,14,17.3,13.9,19.2,17.8,16.1,13.8,15,15.7,17.9,10.7,9.2,7.3,8.2,9.7,15.5,7.8,
楠梓,2024/09/22 00:00:00,PM10,6,5,3,3,9,7,6,11,11,9,8,7,10,16,10,9,18,17,8,12,8,10,5,5,
楠梓,2024/09/22 00:00:00,PM2.5,0,0,0,1,5,2,0,0,0,1,3,4,3,2,3,4,2,6,5,3,2,2,2,3,
楠梓,2024/09/22 00:00:00,RAINFALL,10.5,14,13.5,18.5,1,2.5,8.5,2,0.5,8.5,8,9,2,0.5,4,20.5,3.5,1,1,0,0,0,0,0,
楠梓,2024/09/22 00:00:00,RH,x,x,x,x,x,x,x,x,x,x,*,100,100,100,100,100,100,100,100,100,100,100,100,100,
楠梓,2024/09/22 00:00:00,SO2,0.9,0.6,0.4,0.5,0.5,1.5,1.1,1.7,1.3,1.3,1.6,1.6,1.3,2.3,1.7,1.3,1.1,2.1,2,4,3.1,2.7,0.9,1.5,
楠梓,2024/09/22 00:00:00,THC,1.93,1.92,1.89,1.91,1.93,1.97,1.95,2.02,1.98,2.14,2.04,2.05,2.08,2.22,2.18,2.04,1.97,2.3,2.09,2.09,2.09,2.05,1.94,2.18,
楠梓,2024/09/22 00:00:00,WD_HR,201,195,215,194,195,164,198,127,94,144,169,173,165,138,149,176,179,131,101,137,137,95,80,92,
楠梓,2024/09/22 00:00:00,WIND_DIREC,191,202,184,214,188,153,177,96,96,160,182,180,144,100,183,210,151,92,90,156,99,97,111,117,
楠梓,2024/09/22 00:00:00,WIND_SPEED,2,3.5,2.1,4.6,2.1,2.9,2.6,2.1,1.9,2.7,2,3.2,1.8,1.8,1.6,2.4,2.1,1.3,1.4,3.4,1.1,2.5,1.2,1.2,
楠梓,2024/09/22 00:00:00,WS_HR,2.7,2.2,1.9,2.8,2.4,1.8,2.4,1.5,1.8,1.3,2.2,2,1.6,1.5,1.5,1.7,2.4,1.4,1.1,1.9,1.5,1.9,1.3,1,
楠梓,2024/09/23 00:00:00,AMB_TEMP,25,x,24.7,25.5,25.5,25.6,25.9,27.4,27.9,28.8,30.1,31.6,32,33.9,33.4,33.6,32.3,31.1,30,29.5,29.3,29,28.7,28.3,
楠梓,2024/09/23 00:00:00,CH4,2.01,2.01,2.01,2.01,1.98,2.01,2.01,2.01,2.11,2.04,1.94,1.91,1.91,1.91,1.91,1.92,1.93,1.93,1.94,1.95,1.97,1.98,2.01,1.94,
楠梓,2024/09/23 00:00:00,CO,0.14,0.1,0.11,0.11,0.1,0.16,0.27,0.41,0.3,0.25,0.22,0.18,0.24,0.25,0.22,0.24,0.39,0.37,0.39,0.35,0.42,0.4,0.33,0.13,
楠梓,2024/09/23 00:00:00,NMHC,0.11,0.21,0,0,0.14,0.01,0.02,0.2,0.25,0.24,0.16,0.11,0.07,0.02,0.04,0.03,0.08,0.1,0.12,0.1,0.16,0.18,0.2,0.07,
楠梓,2024/09/23 00:00:00,NO,8,1.4,1.4,1.4,2.6,7.3,15.6,15.5,14,11.7,6.8,4.4,3.2,3.7,3.6,3.8,4.2,4.3,2.2,1.7,2.7,3.1,2.9,1.4,
楠梓,2024/09/23 00:00:00,NO2,12.9,7.8,6.9,7,8.5,12.7,14.4,14,14.4,14.6,9.4,8.2,8.9,7.8,8.4,9.6,13.4,18.6,19.9,19.1,20.7,23,16.6,4.1,
楠梓,2024/09/23 00:00:00,NOx,20.9,9.2,8.4,8.4,11.1,20.1,30.1,29.5,28.5,26.3,16.2,12.6,12.1,11.5,12,13.5,17.6,22.9,22.2,20.8,23.5,26.2,19.5,5.5,
楠梓,2024/09/23 00:00:00,O3,8.8,13.3,11.5,10.1,8.9,3.3,2.3,4.3,6.4,11.2,19.2,23.6,30,27.5,26.8,25.4,17.3,9.4,9,12.4,7,3.5,7.3,18.7,
楠梓,2024/09/23 00:00:00,PM10,6,6,11,10,9,12,13,23,20,19,25,21,33,25,29,30,43,35,36,34,30,32,28,23,
楠梓,2024/09/23 00:00:00,PM2.5,2,1,0,0,0,4,5,5,9,9,9,11,11,13,11,13,17,17,15,14,15,15,17,10,
楠梓,2024/09/23 00:00:00,RAINFALL,0,0,0,0,0,0,0,0,0,0,0,0,0,0,0,0,0,0,0,0,0,0,0,0,
楠梓,2024/09/23 00:00:00,RH,99,84,98,100,100,100,100,100,99,97,92,83,78,67,67,67,72,77,85,90,91,92,94,95,
楠梓,2024/09/23 00:00:00,SO2,2.5,1.2,1.1,0.9,0.9,0.8,1,1.7,4.9,5.8,4.3,3.1,2.7,3,2.9,3.4,4.2,3.1,1.3,1.5,1.7,2.1,1.7,1,
楠梓,2024/09/23 00:00:00,THC,2.12,2.22,1.99,1.99,2.12,2.02,2.03,2.21,2.36,2.28,2.1,2.02,1.98,1.93,1.95,1.95,2.01,2.03,2.06,2.05,2.13,2.16,2.21,2.01,
楠梓,2024/09/23 00:00:00,WD_HR,83,91,73,56,88,63,66,136,154,162,161,165,167,192,201,211,208,213,211,205,189,151,308,306,
楠梓,2024/09/23 00:00:00,WIND_DIREC,81,85,55,85,70,69,39,130,185,168,154,159,191,210,197,215,205,213,202,215,216,89,285,282,
楠梓,2024/09/23 00:00:00,WIND_SPEED,1.2,1.4,1,0.7,1.1,0.9,1,1.4,1.4,1.7,2.3,2.3,2.1,2.9,2.3,2.3,1.8,1.9,1.4,1.4,1.1,0.6,1.2,1.9,
楠梓,2024/09/23 00:00:00,WS_HR,1.2,1.3,1,0.8,1.2,0.9,0.9,0.8,0.7,1.9,2.2,2.2,2.1,2.3,2.5,2.6,2.3,1.9,1.4,1.4,0.5,0.4,0,0.9,
楠梓,2024/09/24 00:00:00,AMB_TEMP,27.5,27.3,27.2,27.1,26.9,26.8,27.5,29.5,32,33.2,34.8,#,#,35.1,34.5,33.6,32.5,30.9,29.9,29.5,29.2,28.4,28.2,28.1,
楠梓,2024/09/24 00:00:00,CH4,1.93,1.92,2,2.09,2.14,2.27,2.13,2.07,2,1.97,#,#,#,1.88,#,1.88,1.88,1.88,1.89,1.91,1.94,1.95,1.96,1.97,
楠梓,2024/09/24 00:00:00,CO,0.12,0.12,0.14,0.22,0.25,0.29,0.34,0.47,0.35,0.29,#,#,#,#,#,0.11,0.13,0.18,0.19,0.18,0.2,0.19,0.16,0.15,
楠梓,2024/09/24 00:00:00,NMHC,0.18,0.12,0,0.05,0.1,0.1,0.06,0.2,0.18,0.16,#,#,#,0,#,0,0.04,0.46,0.33,0,0.02,0.04,0.01,0,
楠梓,2024/09/24 00:00:00,NO,1.2,0,0,0.4,3.1,12.4,19,17.9,10.1,5.7,#,#,#,#,#,1,1,0.6,0.6,0.8,0.6,1,0.8,0.4,
楠梓,2024/09/24 00:00:00,NO2,3,3,5.6,12.2,14.8,13.8,12.7,16.5,17.8,16.7,#,#,#,#,#,3.1,3.3,5.8,6,5.5,6.7,8,6.6,6.4,
楠梓,2024/09/24 00:00:00,NOx,4.2,2.8,5.6,12.7,18,26.3,31.8,34.4,28,22.5,#,#,#,#,#,4.2,4.3,6.5,6.6,6.3,7.4,9,7.4,6.9,
楠梓,2024/09/24 00:00:00,O3,18.3,18.7,15,6.3,2.3,1,1.4,6.3,14.5,26.4,#,#,#,25.3,#,#,#,#,15.8,16,14.3,11.7,12.4,12.3,
楠梓,2024/09/24 00:00:00,PM10,21,19,18,26,35,29,27,31,28,35,20,14,11,#,#,16,13,13,16,11,12,10,7,14,
楠梓,2024/09/24 00:00:00,PM2.5,7,4,6,10,15,10,10,13,13,17,5,7,5,#,#,7,6,3,4,3,3,2,2,4,
楠梓,2024/09/24 00:00:00,RAINFALL,0,0,0,0,0,0,0,0,0,0,0,0.5,0,#,0,0,0,0,0,0,1,0,0,0,
楠梓,2024/09/24 00:00:00,RH,96,96,97,97,97,98,98,94,80,68,60,#,#,57,60,65,69,78,89,92,94,94,95,95,
楠梓,2024/09/24 00:00:00,SO2,0.8,0.8,0.7,0.8,1.1,0.9,1,1.6,2.7,2.7,#,#,#,#,#,0.9,0.7,0.8,0.8,1,1.3,0.8,0.9,1.1,
楠梓,2024/09/24 00:00:00,THC,2.11,2.04,1.99,2.14,2.24,2.37,2.19,2.27,2.18,2.13,#,#,#,1.88,#,1.88,1.92,2.34,2.22,1.9,1.96,1.99,1.97,1.97,
楠梓,2024/09/24 00:00:00,WD_HR,298,296,30,50,56,63,88,65,131,285,267,#,#,275,275,275,277,297,307,326,16,52,34,341,
楠梓,2024/09/24 00:00:00,WIND_DIREC,308,295,39,53,65,71,44,171,10,267,265,#,270,282,278,278,283,297,306,351,46,46,5,17,
楠梓,2024/09/24 00:00:00,WIND_SPEED,1,0.7,0.7,0.7,1.1,0.6,0.6,0.5,0.6,1.4,1.7,#,2.3,2.6,3,2.8,2.2,2.2,2.5,0.8,1.8,2.6,1.1,1.2,
楠梓,2024/09/24 00:00:00,WS_HR,1,0.8,0.7,0.6,0.7,0.9,0.6,0.2,0.3,0.7,1,#,#,2.3,2.5,2.1,2.3,1.8,2.1,1.9,1,2.2,1.5,0.9,
楠梓,2024/09/25 00:00:00,AMB_TEMP,28,27.8,27.6,27.3,27,26.8,27.4,30.1,32.1,33.2,34.7,35.4,35.1,34.5,#,31.8,31.1,30.1,29.8,29.6,29.1,28.8,28.5,28.3,
楠梓,2024/09/25 00:00:00,CH4,2,1.96,2,1.99,2.06,2.26,2.2,2.08,2.08,#,#,1.96,1.94,1.92,#,1.92,1.93,1.95,1.97,1.98,2.02,2.05,2.1,2.06,
楠梓,2024/09/25 00:00:00,CO,0.13,0.12,0.12,0.12,0.15,0.2,0.22,0.3,#,#,0.15,0.14,0.13,0.14,0.13,#,#,0.22,0.27,0.25,0.21,0.2,0.21,0.18,
楠梓,2024/09/25 00:00:00,NMHC,0.02,0,0,0,0.05,0.06,0.06,0.06,0.05,#,#,0.15,0.06,0.06,#,0.34,0.37,0.06,0.06,0.06,0.03,0.02,0.04,0.03,
楠梓,2024/09/25 00:00:00,NO,0.5,0.7,0.3,0.3,0.7,2.4,6.9,6.5,#,#,1.6,0.8,1,1.5,0.8,#,#,0.5,0.3,0.2,0.1,0.2,0.4,0.3,
楠梓,2024/09/25 00:00:00,NO2,6.9,4.2,4.4,3.6,8.7,12.1,9.6,8.9,#,#,6.9,5.5,5,5.2,4.6,#,#,7.7,9.9,9.6,10.4,10.5,12.1,10.8,
楠梓,2024/09/25 00:00:00,NOx,7.4,5,4.7,3.9,9.4,14.5,16.6,15.5,#,#,8.6,6.3,6.1,6.8,5.5,#,#,8.2,10.3,9.8,10.6,10.8,12.6,11.1,
楠梓,2024/09/25 00:00:00,O3,11.8,12.4,10.8,12.1,7.4,1.3,2.6,10.8,14.4,23.3,33.8,38.8,33.2,28.5,25.2,25.6,25.1,27,23.6,23.6,18.8,17.4,15.3,16,
楠梓,2024/09/25 00:00:00,PM10,13,14,11,17,20,30,18,22,29,25,14,17,17,17,11,14,16,17,15,18,23,17,23,16,
楠梓,2024/09/25 00:00:00,PM2.5,4,3,3,3,6,9,9,12,12,12,6,1,1,1,1,3,3,4,4,5,6,10,9,6,
楠梓,2024/09/25 00:00:00,RAINFALL,0,0,0,0,0,0,0,0,0,0,0,0,0,0,0,0,0,0,0,0,0,0,0,0,
楠梓,2024/09/25 00:00:00,RH,95,95,95,95,95,96,96,88,77,72,60,59,58,58,#,68,72,83,88,90,92,93,94,94,
楠梓,2024/09/25 00:00:00,SO2,1.1,0.1,0.2,0.2,1,2.2,0.8,1.3,#,#,0.6,0.5,0.9,1.7,#,#,#,1.5,1.6,1.6,1.6,1.6,1.7,1.7,
楠梓,2024/09/25 00:00:00,THC,2.02,1.95,1.96,1.95,2.11,2.32,2.26,2.14,2.13,#,#,2.11,2,1.98,#,2.26,2.3,2.01,2.03,2.04,2.05,2.07,2.14,2.09,
楠梓,2024/09/25 00:00:00,WD_HR,26,45,45,357,19,17,25,52,21,317,296,281,278,309,309,301,304,309,326,10,28,26,34,37,
楠梓,2024/09/25 00:00:00,WIND_DIREC,23,56,19,309,37,308,55,49,44,16,292,288,289,321,296,302,307,320,333,54,20,27,37,40,
楠梓,2024/09/25 00:00:00,WIND_SPEED,2,1.6,1.2,0.9,0.5,0.6,1.5,1.2,1.3,1.6,1.9,3,3.4,3.8,2.8,2.8,3,1.8,1.5,1.7,2.1,2.2,1.7,1.2,
楠梓,2024/09/25 00:00:00,WS_HR,1.1,1.4,1.4,0.6,0.6,0.6,0.6,1.2,0.9,0.9,1.5,2.3,2.8,2.9,2.7,2.2,2.3,2,1.5,1.1,1.4,1.3,1.4,1,
楠梓,2024/09/26 00:00:00,AMB_TEMP,28.2,28.1,27.8,27.4,27.4,27.4,27.3,28.4,29.8,31.5,32.4,32.4,33.2,33.2,32.7,32.2,31.3,30.5,29.9,29.7,29.4,29,28.5,28.1,
楠梓,2024/09/26 00:00:00,CH4,2.11,2.15,2.17,2.16,2.14,2.13,2.2,2.16,2.09,2.05,2.04,2.08,2.03,1.98,1.98,2,2.01,2.01,2.03,2.05,2.07,2.14,2.15,2.11,
楠梓,2024/09/26 00:00:00,CO,0.19,0.21,0.19,0.19,0.16,0.17,0.21,0.3,0.2,0.19,0.19,0.21,0.17,0.16,0.19,0.21,0.22,0.25,0.29,0.33,0.34,0.29,0.24,0.21,
楠梓,2024/09/26 00:00:00,NMHC,0.04,0.05,0.06,0.08,0.06,0.03,0.06,0.08,0.03,0.02,0.02,0.13,0.11,0.09,0.1,0.18,0.1,0.06,0.06,0.08,0.1,0.1,0.06,0.02,
楠梓,2024/09/26 00:00:00,NO,0.2,0.7,0.7,1,0.7,0.5,3.4,5.4,3.5,2.2,1.7,1.1,1.3,1.2,1,1.1,0.9,0.9,0.7,0.6,0.7,0.7,0.7,0.8,
楠梓,2024/09/26 00:00:00,NO2,10.3,13.4,14,11.9,9.5,10.4,15.4,13.7,9.2,7.8,7.5,8.4,6.4,5.6,6.7,6.9,7.2,6.5,8.5,10.5,11,11.8,10.9,8.6,
楠梓,2024/09/26 00:00:00,NOx,10.6,14.2,14.7,12.9,10.3,10.9,18.9,19.2,12.8,10.1,9.2,9.6,7.7,6.8,7.7,8.1,8.1,7.4,9.3,11.2,11.8,12.5,11.6,9.4,
楠梓,2024/09/26 00:00:00,O3,14.7,11.9,10.4,9.5,13.1,11.5,7.5,15.6,27.7,35.1,48.1,58,56.6,48.4,52.6,56.2,53.1,44.1,35.8,31.6,29.1,26.8,24.5,26.3,
楠梓,2024/09/26 00:00:00,PM10,21,17,23,28,23,31,33,40,37,27,31,38,33,19,24,24,18,11,16,17,27,22,25,20,
楠梓,2024/09/26 00:00:00,PM2.5,7,8,18,20,12,14,15,23,20,13,11,16,11,9,6,5,9,7,5,7,11,9,10,7,
楠梓,2024/09/26 00:00:00,RAINFALL,0,0,0,0,0,0,0,0,0,0,0,0,0,0,0,0,0,0,0,0,0,0,0,0,
楠梓,2024/09/26 00:00:00,RH,94,94,95,96,97,97,97,95,90,75,68,75,74,73,74,76,80,82,86,87,91,92,93,94,
楠梓,2024/09/26 00:00:00,SO2,1.8,1.2,1.6,1.3,1.6,1.5,2.5,2.7,2.8,2.6,2.3,1.9,1.6,1.6,2.2,2.1,1.5,0.9,1,1.2,1.5,2.3,1.6,1.6,
楠梓,2024/09/26 00:00:00,THC,2.15,2.2,2.23,2.24,2.2,2.16,2.26,2.24,2.12,2.07,2.06,2.21,2.14,2.07,2.08,2.18,2.11,2.07,2.09,2.13,2.17,2.24,2.21,2.13,
楠梓,2024/09/26 00:00:00,WD_HR,357,20,50,51,31,30,24,30,14,337,347,314,299,289,288,292,307,302,316,328,322,330,27,53,
楠梓,2024/09/26 00:00:00,WIND_DIREC,340,28,54,48,21,40,18,5,351,36,317,309,296,279,305,283,310,301,335,330,325,344,38,53,
楠梓,2024/09/26 00:00:00,WIND_SPEED,1,1,1.3,1,1.2,1.4,1.6,1.7,1.6,1.8,2,2.2,2.5,3.4,3.4,3.1,3.7,2.3,1.2,1.3,1.3,1.2,1.7,1,
楠梓,2024/09/26 00:00:00,WS_HR,0.8,0.6,1.3,1.2,1,0.9,1.2,1.3,1.4,1.4,1.5,2,2.3,2.4,2.6,2.5,2.8,2.6,1.7,0.9,1.2,1.4,1.3,1.4,
楠梓,2024/09/27 00:00:00,AMB_TEMP,27.9,27.9,27.7,27.6,27.3,27,27.2,28.1,29.3,31,32,32,30.2,31.7,32.4,32.1,31.5,31,30.1,29.5,28.8,28.3,27.9,27.5,
楠梓,2024/09/27 00:00:00,CH4,2.15,2.18,2.24,2.21,2.21,2.21,2.21,2.23,2.18,2.14,2.15,2.12,2.11,2.08,2.03,2.04,2.03,2.04,2.05,2.1,2.09,2.1,2.09,2.12,
楠梓,2024/09/27 00:00:00,CO,0.21,0.23,0.26,0.25,0.28,0.26,0.29,0.47,0.42,0.32,0.34,0.3,0.28,0.25,0.2,0.21,0.22,0.25,0.26,0.25,0.21,0.23,0.25,0.26,
楠梓,2024/09/27 00:00:00,NMHC,0.04,0.2,0.06,0.06,0.08,0.11,0.11,0.13,0.07,0.07,0.07,0.05,0.05,0.03,0.01,0.1,0.03,0.06,0.08,0.1,0.04,0.04,0.03,0.05,
楠梓,2024/09/27 00:00:00,NO,0.6,0.8,0.7,0.5,1.1,0.4,3.8,4.7,4.1,2.3,1.8,1.2,1.3,1.3,0.9,1.2,1.1,0.5,0.6,0.4,0.6,0.3,0.6,0.5,
楠梓,2024/09/27 00:00:00,NO2,7.5,7.5,9,9.3,9.7,9.7,13.5,12.8,13.2,11.2,11.7,9.6,8.8,8.3,5.2,6,6.6,8.5,9.3,11.1,9.8,9.8,8.6,8.7,
楠梓,2024/09/27 00:00:00,NOx,8.2,8.3,9.8,9.8,10.9,10.1,17.4,17.5,17.4,13.6,13.5,10.9,10.2,9.6,6.2,7.3,7.7,9,9.9,11.6,10.5,10.2,9.3,9.3,
楠梓,2024/09/27 00:00:00,O3,24.3,23.5,18.9,19.8,14.6,13.5,6.8,13.1,23.4,46.3,58,63,52,55.9,54.9,50.9,48.9,44.4,39.1,35.4,31.6,28.1,25.2,21.2,
楠梓,2024/09/27 00:00:00,PM10,25,33,32,34,33,26,28,40,53,50,51,45,42,38,28,40,31,33,37,33,28,34,35,36,
楠梓,2024/09/27 00:00:00,PM2.5,7,13,10,12,15,11,11,20,21,25,22,22,17,19,12,13,15,15,18,21,16,21,15,16,
楠梓,2024/09/27 00:00:00,RAINFALL,0,0,0,0,0,0,0,0,0,0,0,0,0,0,0,0,0,0,0,0,0,0,0,0,
楠梓,2024/09/27 00:00:00,RH,95,96,96,97,97,98,97,96,93,82,76,75,87,79,72,76,75,77,82,89,91,93,94,95,
楠梓,2024/09/27 00:00:00,SO2,1.8,1.7,1.5,1.5,1.3,1.2,1,1.6,2.9,2.4,1.7,1.4,1,1.1,0.4,0.6,0.5,0.7,0.9,0.7,0.6,0.7,1.2,1.9,
楠梓,2024/09/27 00:00:00,THC,2.19,2.38,2.3,2.27,2.29,2.32,2.32,2.36,2.25,2.21,2.22,2.17,2.16,2.11,2.04,2.14,2.06,2.1,2.13,2.2,2.13,2.14,2.12,2.17,
楠梓,2024/09/27 00:00:00,WD_HR,3,310,15,20,45,39,45,19,3,8,12,333,1,1,350,314,354,348,341,359,23,21,3,6,
楠梓,2024/09/27 00:00:00,WIND_DIREC,311,307,61,16,54,3,39,325,332,48,5,309,8,343,345,315,345,333,340,339,27,58,336,32,
楠梓,2024/09/27 00:00:00,WIND_SPEED,0.5,1.2,1,0.7,1.1,0.6,1.4,1.4,1.6,2.2,2.2,2.9,1.9,1.8,1.9,3.2,1.6,2.7,1.8,2.1,1.6,1.2,1.1,1.4,
楠梓,2024/09/27 00:00:00,WS_HR,0.5,0.8,0.5,0.5,1,1.1,1.1,1,1,1.2,1.4,1.7,1.6,1.4,1.8,2.7,1.5,1.5,1.6,1.4,1.2,1.2,0.9,0.8,
楠梓,2024/09/28 00:00:00,AMB_TEMP,27.3,27.1,26.9,26.6,26.6,26.6,26.7,27.7,29.7,31.6,32.7,32.4,32.1,32.3,32.8,32.9,32.3,31,30.2,29.9,29.7,29.6,29.2,28.1,
楠梓,2024/09/28 00:00:00,CH4,2.2,2.14,2.24,2.22,2.14,2.18,2.15,2.12,2.1,2.04,2.07,2.07,2.06,2.07,2.11,2.11,2.08,2.07,2.06,2.06,2.04,2.04,2.09,2.19,
楠梓,2024/09/28 00:00:00,CO,0.26,0.25,0.25,0.24,0.24,0.25,0.29,0.31,0.27,0.22,0.25,0.23,0.25,0.23,0.24,0.25,0.24,0.29,0.39,0.39,0.29,0.27,0.3,0.45,
楠梓,2024/09/28 00:00:00,NMHC,0.07,0.02,0.04,0.03,0.03,0.04,0.04,0.07,0.04,0.01,0.04,0.03,0.01,0.01,0.02,0,0.01,0.03,0.07,0.09,0.04,0.05,0.11,0.14,
楠梓,2024/09/28 00:00:00,NO,0.6,0.9,0.8,0.8,0.9,0.8,2.7,3.7,3,1.9,2,1.6,1.1,1,0.7,0.6,0.9,0.7,0.9,0.9,0.8,0.7,1,1,
楠梓,2024/09/28 00:00:00,NO2,10,7.2,7.6,8.3,6.6,8.8,10.8,9.1,7.9,6.1,7.7,7.5,6.2,4.9,4.5,5.7,5.5,7.9,13.9,19.6,10.8,9.2,10,16.2,
楠梓,2024/09/28 00:00:00,NOx,10.6,8.2,8.5,9.1,7.6,9.6,13.5,12.9,10.9,8.1,9.7,9.1,7.4,5.9,5.3,6.3,6.5,8.7,14.8,20.6,11.6,9.9,11,17.2,
楠梓,2024/09/28 00:00:00,O3,17.5,17.6,14.6,13.6,12.5,9.8,9.4,15.6,27.5,37.7,49.7,54.7,67.9,72.3,74.1,75,66.6,64.3,38.1,28.4,38.5,33.9,29.2,17.6,
楠梓,2024/09/28 00:00:00,PM10,37,42,37,39,38,36,39,37,32,20,35,43,31,33,42,47,51,52,28,28,26,23,26,32,
楠梓,2024/09/28 00:00:00,PM2.5,19,16,17,16,19,17,18,18,13,11,13,17,14,17,11,17,19,19,16,13,12,11,11,20,
楠梓,2024/09/28 00:00:00,RAINFALL,0,0,0,0,0,0,0,0,0,0,0,0,0,0,0,0,0,2,0,0,0,0,0,0,
楠梓,2024/09/28 00:00:00,RH,95,96,97,97,97,97,97,94,85,70,68,73,74,73,70,69,71,81,80,78,80,79,83,94,
楠梓,2024/09/28 00:00:00,SO2,1.8,1.9,2.1,2,1.4,1.4,1.6,1.8,1.7,1.4,1.7,1.9,2,1.8,1.9,2.5,2.2,2.1,2.4,2.6,1.5,1.2,1.5,2.1,
楠梓,2024/09/28 00:00:00,THC,2.27,2.16,2.28,2.25,2.17,2.22,2.19,2.19,2.14,2.05,2.11,2.1,2.07,2.08,2.13,2.11,2.09,2.1,2.13,2.15,2.08,2.09,2.2,2.33,
楠梓,2024/09/28 00:00:00,WD_HR,34,37,34,44,35,36,52,46,339,79,252,274,280,277,274,262,259,197,210,216,210,220,151,93,
楠梓,2024/09/28 00:00:00,WIND_DIREC,39,30,39,62,22,53,35,70,340,77,277,267,269,272,264,282,239,187,210,223,203,196,71,87,
楠梓,2024/09/28 00:00:00,WIND_SPEED,1.6,1.9,1.3,1.7,1,1.7,1.3,1.1,1.1,1.1,2,2,2,2,1.5,1.3,1.5,1.2,1.8,1.6,1.2,0.9,0.7,1.2,
楠梓,2024/09/28 00:00:00,WS_HR,1.2,1.5,1.2,1.6,1.2,1.2,1.4,1.1,0.8,0.4,1.2,1.8,2.1,1.4,1.7,1.2,1.2,1.3,1.9,1.7,1.4,1,0.9,0.9,
楠梓,2024/09/29 00:00:00,AMB_TEMP,28.2,27.8,27.7,27.7,27.2,27.1,27.1,28.4,30.1,31.8,32.3,33.3,32.5,31,31.3,31.2,30.7,30.1,29.7,29.5,29.4,29.3,29.1,29,
楠梓,2024/09/29 00:00:00,CH4,2.23,2.39,2.27,2.19,2.15,2.11,2.12,2.13,2.09,2.03,2.04,2.06,2.07,2.08,2.09,2.12,2.17,2.1,2.06,2.05,2.06,2.13,2.14,2.15,
楠梓,2024/09/29 00:00:00,CO,0.37,0.37,0.3,0.27,0.26,0.28,0.34,0.4,0.35,0.3,0.34,0.35,0.31,0.29,0.29,0.28,0.3,0.27,0.24,0.23,0.24,0.31,0.32,0.31,
楠梓,2024/09/29 00:00:00,NMHC,0.17,0.05,0.04,0.03,0,0,0.01,0.04,0.01,0,0.02,0.02,0.03,0,0.02,0,0,0.02,0,0.01,0,0.03,0.04,0.03,
楠梓,2024/09/29 00:00:00,NO,1,0.4,0,0.2,0.1,0,0.8,1.7,1.8,1.1,0.8,0.6,0.4,0.2,0,0.2,0.1,0.3,0.1,0.3,0,0,0.2,0.1,
楠梓,2024/09/29 00:00:00,NO2,14.6,9.7,8.8,8.5,7.4,7.4,8.8,9.2,8.6,6.3,6.3,7.1,7.8,6.7,6.1,4.8,5.2,5.8,7.1,5.9,5.9,10.2,9.6,8.2,
楠梓,2024/09/29 00:00:00,NOx,15.6,10.2,8.8,8.7,7.5,7.5,9.6,10.9,10.5,7.4,7.2,7.8,8.2,6.9,6.2,5,5.3,6.1,7.3,6.2,6,10.3,9.9,8.4,
楠梓,2024/09/29 00:00:00,O3,19.1,22.2,24.1,26.3,25.1,21,15.4,23.6,33,45.8,49.4,57.9,71.2,68.2,82.2,82.7,79.6,77.9,58.5,54.9,51.9,42.9,41.4,42.5,
楠梓,2024/09/29 00:00:00,PM10,33,44,38,36,34,31,33,44,42,39,36,38,55,53,59,54,59,51,35,33,28,40,46,42,
楠梓,2024/09/29 00:00:00,PM2.5,16,23,20,16,19,20,15,25,19,18,16,17,20,22,27,25,26,24,13,16,11,18,21,19,
楠梓,2024/09/29 00:00:00,RAINFALL,0,0,0,0,0,0,0,0,0,0,0,0,0,0,0,0,0,0,0,0,0,0,0,0,
楠梓,2024/09/29 00:00:00,RH,95,97,96,96,96,96,95,93,86,73,68,63,75,85,83,82,85,89,91,91,92,92,93,92,
楠梓,2024/09/29 00:00:00,SO2,1.9,1.8,1.5,2.1,1.9,1.9,1.7,2.3,2.8,3.1,3.3,3.4,2.9,2.4,2.5,2.2,2,2,1.8,1.6,1.4,1.6,2,1.9,
楠梓,2024/09/29 00:00:00,THC,2.4,2.44,2.31,2.22,2.15,2.11,2.13,2.17,2.1,2.02,2.06,2.08,2.1,2.08,2.11,2.11,2.16,2.12,2.05,2.06,2.05,2.16,2.18,2.18,
楠梓,2024/09/29 00:00:00,WD_HR,95,89,85,71,55,71,56,63,69,83,97,65,281,276,283,277,278,288,274,295,325,51,89,318,
楠梓,2024/09/29 00:00:00,WIND_DIREC,97,104,94,52,66,92,31,39,69,153,73,196,268,282,278,282,274,265,280,316,329,49,86,5,
楠梓,2024/09/29 00:00:00,WIND_SPEED,1.2,1.1,1.7,1.1,1.4,1,0.9,0.8,1.6,1.4,0.7,1.2,2.1,1.7,1.9,1.8,2.3,1.2,1.4,1.2,1,0.6,0.5,1.2,
楠梓,2024/09/29 00:00:00,WS_HR,0.9,1,1,1.2,1.1,1.1,1.1,0.8,1.3,1.4,0.6,1.1,1.9,1.7,1.7,2,1.9,1.3,1.2,0.9,0.8,0.9,0.7,0.7,
楠梓,2024/09/30 00:00:00,AMB_TEMP,28.4,28.2,28.4,28.2,27.8,27.7,27.9,28.3,28.6,29.3,30.8,30.6,29.9,29.6,29.6,29.3,29.3,28.6,28.2,28.3,28.3,27.9,27.7,28,
楠梓,2024/09/30 00:00:00,CH4,2.22,2.2,2.19,2.24,2.34,2.31,2.22,2.2,2.19,2.24,2.33,2.23,2.28,2.27,2.26,2.26,2.23,2.25,2.24,2.25,2.31,2.33,2.35,2.27,
楠梓,2024/09/30 00:00:00,CO,0.31,0.3,0.24,0.28,0.28,0.3,0.32,0.56,0.43,0.49,0.87,0.4,0.53,0.51,0.46,0.48,0.61,0.48,0.47,0.57,0.65,0.61,0.49,0.42,
楠梓,2024/09/30 00:00:00,NMHC,0.04,0.03,0,0.07,0.11,0.05,0.04,0.1,0.07,0.23,0.35,0.17,0.15,0.13,0.26,0.39,0.26,0.15,0.19,0.19,0.47,0.37,0.21,0.18,
楠梓,2024/09/30 00:00:00,NO,0,0,0,0,0,0.1,0.6,2.4,2.6,7.2,10.1,3.3,3.1,2.7,2,5.2,4.7,2,1.4,2,2.7,3.7,2.7,1,
楠梓,2024/09/30 00:00:00,NO2,8.7,7.9,6.2,7.7,10.7,10.5,13.1,17.1,17.8,28.2,37,22.1,24.4,23.6,28.3,30.2,29.4,25.1,22.2,28.5,33,26.3,20.6,18.9,
楠梓,2024/09/30 00:00:00,NOx,8.7,7.7,6.1,7.5,10.7,10.6,13.8,19.6,20.5,35.4,47.1,25.5,27.5,26.3,30.3,35.4,34.1,27.1,23.6,30.5,35.7,30.1,23.3,19.9,
楠梓,2024/09/30 00:00:00,O3,33.2,37.4,41.5,32.1,31.3,21.2,12.8,14.5,18.2,15.5,22.7,42.5,34.9,37.9,33.8,17.2,14.7,15.5,11.3,6.8,3,3,3.8,7.3,
楠梓,2024/09/30 00:00:00,PM10,42,44,38,45,43,40,33,43,39,62,70,64,56,63,63,73,57,51,44,48,63,55,48,48,
楠梓,2024/09/30 00:00:00,PM2.5,20,18,23,23,16,21,21,21,20,29,35,32,31,32,32,32,26,29,29,27,35,30,26,27,
楠梓,2024/09/30 00:00:00,RAINFALL,0,0,0,0,0,0,0,0,0,0,0,0,0,0,0,0,0,0.5,0,0,0,0,0,0,
楠梓,2024/09/30 00:00:00,RH,94,93,93,94,95,95,95,94,94,92,88,88,94,94,94,93,92,95,97,97,97,97,98,96,
楠梓,2024/09/30 00:00:00,SO2,2,1.9,1.7,1.8,1.8,1.5,1.4,1.6,2.4,2.8,4,3,2.8,2.6,2,3,3.6,1.8,1.3,1.5,2,2.5,1.9,1.6,
楠梓,2024/09/30 00:00:00,THC,2.26,2.23,2.19,2.31,2.45,2.36,2.26,2.3,2.26,2.47,2.68,2.4,2.43,2.4,2.52,2.65,2.49,2.4,2.43,2.44,2.78,2.7,2.56,2.45,
楠梓,2024/09/30 00:00:00,WD_HR,45,55,51,78,77,53,7,51,63,165,197,272,73,59,39,130,80,47,60,81,125,79,67,50,
楠梓,2024/09/30 00:00:00,WIND_DIREC,64,51,48,78,47,62,38,301,135,208,244,189,74,77,92,163,59,35,70,68,238,51,91,45,
楠梓,2024/09/30 00:00:00,WIND_SPEED,1.5,1.9,0.9,0.7,1.5,1.3,1.1,1,0.8,1.6,1,1.4,1.5,0.9,1.5,1.5,2.6,1.2,0.9,1.4,0.9,0.9,0.8,1.6,
楠梓,2024/09/30 00:00:00,WS_HR,0.6,1.4,1.1,0.9,0.9,1,0.5,0.5,0.6,0.6,1.2,1.1,1.3,1.1,0.3,1,1.1,1.5,0.9,0.7,0.2,0.8,0.7,0.6,
楠梓,2024/10/01 00:00:00,AMB_TEMP,28,27.4,26.7,26.6,26.8,27,27.3,27.6,27.9,27.8,27.9,27.8,29.2,29.4,29.3,29,28.7,28.1,26,25.8,25.4,25.5,26.1,25.3,
楠梓,2024/10/01 00:00:00,CH4,2.24,2.37,2.29,2.24,2.2,2.27,2.2,2.24,2.32,2.05,2.02,2.03,2.03,2.02,2.04,2.05,2.06,2.06,2.04,2.07,2.08,2.1,2.11,2.05,
楠梓,2024/10/01 00:00:00,CO,0.32,0.37,0.27,0.27,0.22,0.28,0.25,0.34,0.44,0.27,0.17,0.22,0.33,0.17,0.19,0.21,0.22,0.31,0.3,0.3,0.25,0.23,0.21,0.15,
楠梓,2024/10/01 00:00:00,NMHC,0.31,0.41,0.29,0.05,0.04,0.45,0.19,0.21,0.19,0.11,0.09,0.13,0.12,0.03,0.12,0.05,0.05,0.09,0.08,0.23,0.1,0.06,0.03,0,
楠梓,2024/10/01 00:00:00,NO,0.2,4.5,2.3,1.1,0.6,8.5,2.4,3.5,3.7,2.9,2.7,3.1,2.9,1.5,1.8,1.4,0.8,0.5,0.4,0.7,0.5,0.5,0.4,0.5,
楠梓,2024/10/01 00:00:00,NO2,14.3,19.8,13.7,11,10.2,19.3,16.4,17.3,14.6,10.4,9.8,14.3,13.7,8.6,11.9,10,9.7,10.3,12.6,16.2,14.8,10.4,7,5,
楠梓,2024/10/01 00:00:00,NOx,14.5,24.4,16.1,12.1,10.9,27.9,18.8,20.9,18.4,13.4,12.6,17.5,16.6,10.1,13.7,11.5,10.6,10.8,13.1,17,15.3,10.9,7.4,5.6,
楠梓,2024/10/01 00:00:00,O3,9.2,1.7,4.7,7,7.7,1.6,6.4,7.1,10.8,23.8,23.7,19.5,25.1,27.9,23.1,23.8,23.1,24.2,20.7,16.6,18.2,19.7,20,29.2,
楠梓,2024/10/01 00:00:00,PM10,36,31,21,20,17,26,18,20,31,21,13,10,11,12,13,19,16,13,11,8,8,13,18,9,
楠梓,2024/10/01 00:00:00,PM2.5,14,18,13,9,5,7,5,11,12,7,3,2,4,4,3,8,6,3,2,2,3,6,6,4,
楠梓,2024/10/01 00:00:00,RAINFALL,0,0,0,0,0,0,0,0,0,0,0.5,0,0,0,0,0,0,1,0,4,1.5,0.5,2.5,5.5,
楠梓,2024/10/01 00:00:00,RH,96,97,98,97,96,96,93,93,93,91,91,92,81,76,76,80,88,91,96,97,99,99,99,98,
楠梓,2024/10/01 00:00:00,SO2,1.4,1.5,1.7,1.4,1.1,1.6,2.4,2.1,2.1,2,2.4,2.2,3.7,1.8,2.3,1.1,1.1,1,1.1,1.8,1.2,0.8,0.7,0.8,
楠梓,2024/10/01 00:00:00,THC,2.55,2.78,2.58,2.29,2.24,2.72,2.39,2.45,2.51,2.16,2.11,2.16,2.15,2.05,2.16,2.1,2.11,2.15,2.12,2.3,2.18,2.16,2.14,2.04,
楠梓,2024/10/01 00:00:00,WD_HR,163,90,70,67,72,169,108,327,37,165,103,117,188,93,109,55,52,208,80,156,61,61,60,55,
楠梓,2024/10/01 00:00:00,WIND_DIREC,200,65,68,84,71,193,169,2,179,131,108,194,143,166,69,53,197,196,91,53,57,57,99,85,
楠梓,2024/10/01 00:00:00,WIND_SPEED,0.8,1.2,2.3,0.8,0.6,1.3,1.3,0.9,1.7,1.8,1.3,1.7,1.7,1.7,1.6,2,0.9,3.7,1.8,1.3,1.8,1.7,1.7,1.8,
楠梓,2024/10/01 00:00:00,WS_HR,0.9,0.8,1.3,0.9,0.3,0.6,0.4,0.3,0.4,1.9,1.4,0.7,1.4,1.2,0.6,1.2,1.4,1.9,0.8,1.3,0.9,1.3,1.4,2,
楠梓,2024/10/02 00:00:00,AMB_TEMP,24.7,24.5,24.6,24.9,24.2,24.1,24.3,24.3,24.7,25.1,25.2,25.2,25,25.3,25.9,25.4,25.2,24.8,24.3,24.5,25.1,25.2,25.3,25.7,
楠梓,2024/10/02 00:00:00,CH4,2.01,2.01,2.01,2.01,2.03,2.04,2.02,2.01,2.01,2.06,2.04,2.04,2.03,2.05,2.05,2.02,2,2,2.04,2.03,2,2.07,2.03,2,
楠梓,2024/10/02 00:00:00,CO,0.13,0.12,0.12,0.12,0.12,0.12,0.12,0.13,0.14,0.17,0.15,0.17,0.14,0.16,0.16,0.14,0.13,0.14,0.15,0.14,0.13,0.17,0.13,0.12,
楠梓,2024/10/02 00:00:00,NMHC,0,0,0.09,0,0,0,0,0,0,0,0,0.01,0,0,0,0.06,0.01,0,0,0,0,0,0,0,
楠梓,2024/10/02 00:00:00,NO,0.4,0.8,0.7,0.9,0.5,0.6,0.7,0.6,0.6,1.1,1.1,1.1,1.1,1.1,0.9,0.8,1.3,0.8,0.7,0.6,0.6,0.6,0.7,0.7,
楠梓,2024/10/02 00:00:00,NO2,4.6,4,4.8,3.6,3.3,5.3,3.5,3.9,4.7,6.9,5.7,5.9,5.3,5.2,4.7,7.2,9.5,5.4,5.7,5.6,5,5,4.7,3,
楠梓,2024/10/02 00:00:00,NOx,5,4.8,5.6,4.6,3.9,6,4.2,4.5,5.4,8,6.9,7,6.4,6.4,5.7,8.1,10.9,6.2,6.4,6.3,5.6,5.6,5.5,3.7,
楠梓,2024/10/02 00:00:00,O3,31.2,30,31.4,29.8,26,21.1,23.1,24.7,24.1,19.4,19.6,17.1,20.7,22,24.8,28.1,32.9,36.2,31.5,31.7,34.2,26.6,30,35.9,
楠梓,2024/10/02 00:00:00,PM10,8,8,6,5,4,4,5,5,4,3,1,4,4,4,4,4,3,2,0,0,1,16,10,4,
楠梓,2024/10/02 00:00:00,PM2.5,2,1,2,2,3,2,3,3,1,2,4,3,2,4,4,5,2,2,1,1,2,7,5,2,
楠梓,2024/10/02 00:00:00,RAINFALL,1.5,3,10,6.5,6,5.5,5.5,1,2.5,2.5,2,4.5,2.5,3,0.5,8.5,5.5,6.5,10.5,2,0.5,0.5,2,0.5,
楠梓,2024/10/02 00:00:00,RH,98,99,98,98,99,100,99,100,99,100,99,99,100,99,98,97,97,98,100,99,97,98,96,94,
楠梓,2024/10/02 00:00:00,SO2,0.9,0.3,0.6,0.4,0.5,0.5,0.5,0.5,0.5,0.5,0.4,0.4,0.6,0.4,0.4,0.9,1.7,0.8,0.7,0.6,0.7,0.4,0.7,0.6,
楠梓,2024/10/02 00:00:00,THC,2,1.98,2.1,1.99,1.99,2.04,1.98,1.98,1.99,2.06,2.03,2.05,2.02,2.04,2.04,2.08,2.01,1.98,2.01,2,1.99,2.06,2.01,1.96,
楠梓,2024/10/02 00:00:00,WD_HR,60,61,86,60,50,64,54,56,54,51,53,61,65,58,65,105,95,90,79,88,84,73,93,91,
楠梓,2024/10/02 00:00:00,WIND_DIREC,54,129,53,58,51,22,63,58,62,54,61,58,61,54,99,103,95,73,67,96,60,78,97,79,
楠梓,2024/10/02 00:00:00,WIND_SPEED,2.4,1.5,2.9,4,3.2,2.1,3.5,3,1.2,3,2.5,3,3,5.1,2,2.7,3.2,2.4,2.6,3.4,2.8,2.9,5.7,4,
楠梓,2024/10/02 00:00:00,WS_HR,1.2,1.3,1.8,3.1,2.6,1.5,3.1,3.1,1.9,2.2,2.8,2.1,2.9,4,3.9,2,2.7,2.8,1.7,2.5,2.7,2.4,3.3,4.4,
楠梓,2024/10/03 00:00:00,AMB_TEMP,25.5,24.8,24.9,24.8,24.5,23.8,23.8,24,23.9,23.9,24.2,23.7,23.7,23.8,23.9,24,24.2,24.5,24,24.2,24.4,24.5,24.4,24.2,
楠梓,2024/10/03 00:00:00,CH4,2.02,2.04,2,1.99,2,2.08,2.08,2.03,2.05,2.05,2.02,2.04,2.05,2.05,2.06,2.07,2.06,2.1,2.04,2.03,2.08,2.11,2.22,2.14,
楠梓,2024/10/03 00:00:00,CO,0.13,0.13,0.11,0.11,0.12,0.15,0.16,0.14,0.15,0.15,0.13,0.14,0.15,0.16,0.17,0.16,0.18,0.19,0.17,0.16,0.22,0.29,0.36,0.25,
楠梓,2024/10/03 00:00:00,NMHC,0,0,0,0,0,0,0,0,0,0,0,0,0,0,0,0,0,0,0,0,0.04,0.1,0.15,0.18,
楠梓,2024/10/03 00:00:00,NO,0.4,0.9,0.7,0.6,0.7,0.8,0.9,0.8,1,0.7,0.7,0.9,0.7,0.8,0.3,0.7,0.6,0.9,0.7,0.8,1,0.8,1.2,0.9,
楠梓,2024/10/03 00:00:00,NO2,2.9,2.8,2.4,2.2,2.1,3.1,3.5,3.6,3.3,3.6,3.1,3.2,3.1,3.5,4.5,5.5,5.9,6.5,6.6,5.6,7,10.7,15.5,14.2,
楠梓,2024/10/03 00:00:00,NOx,3.3,3.7,3.1,2.8,2.9,4,4.4,4.4,4.4,4.3,3.9,4.1,3.9,4.3,4.8,6.2,6.5,7.4,7.3,6.4,8.1,11.6,16.7,15.2,
楠梓,2024/10/03 00:00:00,O3,29.7,26.8,33.9,37.4,34.1,A,20.4,29.7,24.8,27.7,33.8,29.8,28.9,34.5,37.3,38.2,37.4,34.5,30.6,34.2,29.8,23.7,15.9,17.9,
楠梓,2024/10/03 00:00:00,PM10,3,9,5,6,4,2,6,5,7,6,5,6,3,7,9,18,21,19,7,5,2,5,7,6,
楠梓,2024/10/03 00:00:00,PM2.5,0,0,0,1,2,7,3,0,0,4,4,1,3,4,4,7,7,6,4,1,0,0,6,4,
楠梓,2024/10/03 00:00:00,RAINFALL,2.5,3.5,3.5,3,5,5.5,4,11.5,10.5,14.5,18,31,53.5,93.5,97.5,77,13,5.5,3.5,0,0,0,0,0,
楠梓,2024/10/03 00:00:00,RH,95,97,96,95,97,99,99,98,99,99,98,99,100,100,100,100,100,100,100,98,98,98,99,99,
楠梓,2024/10/03 00:00:00,SO2,0.5,0.9,0.7,0.8,0.9,0.9,0.9,1,1.2,1,0.8,0.8,0.9,1,0.9,0.8,1.1,1.1,0.9,1,1.2,5.6,4.7,3.7,
楠梓,2024/10/03 00:00:00,THC,1.99,2.01,1.96,1.95,1.96,2.06,2.05,1.99,2.03,2.02,1.99,2,2.03,2.03,2.04,2.05,2.04,2.09,2.04,2.02,2.12,2.21,2.37,2.32,
楠梓,2024/10/03 00:00:00,WD_HR,87,75,85,91,88,60,62,72,63,71,62,57,55,45,21,328,305,289,17,318,238,239,127,93,
楠梓,2024/10/03 00:00:00,WIND_DIREC,94,72,94,98,71,62,52,75,63,82,55,55,54,33,350,321,301,317,321,355,237,253,102,75,
楠梓,2024/10/03 00:00:00,WIND_SPEED,2.6,3.6,5.2,5.5,4.6,4.2,7.6,6.2,7.1,7.2,10.9,10.7,15.1,12.1,8,5.3,2.9,1.8,1,1,0.8,0.8,0.9,0.2,
楠梓,2024/10/03 00:00:00,WS_HR,3.3,3.1,3.8,4.8,4.4,4.5,4.8,4.6,6,6.1,8.9,10.7,13.4,12.9,7.4,6.5,3.3,1.7,0.8,0.3,0.8,0.7,0.2,0.5,
楠梓,2024/10/04 00:00:00,AMB_TEMP,24,24.1,24.3,24.4,24.3,24.1,24.1,24.3,25.5,27.1,28.6,30,30.7,31,30,29.2,29.1,28.2,27.3,26.9,26.6,26.3,25.8,25.4,
楠梓,2024/10/04 00:00:00,CH4,2.23,2.25,2.29,2.18,2.17,2.13,2.2,2.24,2.22,2.19,2.13,2.13,2.11,2.11,2.07,2.06,2.08,2.1,2.11,2.12,2.14,2.15,2.17,2.18,
楠梓,2024/10/04 00:00:00,CO,0.29,0.23,0.2,0.18,0.16,0.16,0.19,0.22,0.24,0.25,0.23,0.28,0.29,0.27,0.22,0.22,0.26,0.25,0.27,0.28,0.28,0.28,0.27,0.28,
楠梓,2024/10/04 00:00:00,NMHC,0.15,0.08,0.03,0.02,0,0,0,0.02,0.04,0.04,0.03,0.04,0.06,0.07,0.01,0,0.05,0.03,0.04,0.05,0.06,0.08,0.08,0.08,
楠梓,2024/10/04 00:00:00,NO,0.8,#,0,0,0,0,0.5,1.2,2.3,2.1,1.5,1,0.4,0.2,0.1,0,0.3,0.2,0,0,0,0.3,0,0,
楠梓,2024/10/04 00:00:00,NO2,14.1,*,10.7,7,5.1,4.4,6.3,8.4,8.2,8.7,7.5,8,8.2,8.3,5.9,5,6.9,8.4,9.7,10.5,11.4,12.1,12.3,12.2,
楠梓,2024/10/04 00:00:00,NOx,15,*,10.7,7,5.1,4.5,6.9,9.6,10.6,10.8,9,9,8.7,8.5,6.1,5,7.3,8.6,9.7,10.4,11.3,12.4,12.4,12.2,
楠梓,2024/10/04 00:00:00,O3,11.5,14.7,16.4,19.3,16.8,15.5,10.9,13.4,17.2,23.2,33.5,48.2,66,76.2,#,56,54,50.4,39.8,32.7,27.3,23,19.1,15.4,
楠梓,2024/10/04 00:00:00,PM10,7,7,13,10,12,17,26,23,29,27,19,24,32,#,23,37,36,35,37,37,36,32,24,24,
楠梓,2024/10/04 00:00:00,PM2.5,0,3,3,2,3,5,4,11,8,10,10,8,7,17,#,9,11,12,11,12,10,12,9,7,
楠梓,2024/10/04 00:00:00,RAINFALL,0,0,0,0,0,0,0,0,0,0,0,0,0,0,0,0,0,0,0,0,0,0,0,0,
楠梓,2024/10/04 00:00:00,RH,100,100,100,100,100,100,100,100,98,95,92,81,76,76,79,83,85,90,94,95,96,97,98,99,
楠梓,2024/10/04 00:00:00,SO2,2.2,1.2,1,1,1,0.9,0.9,1.1,1.1,1.2,1.1,2,2,1.5,1.2,1.2,1.3,1.3,1,1.1,1.4,1.5,1.5,1.5,
楠梓,2024/10/04 00:00:00,THC,2.38,2.33,2.32,2.2,2.17,2.11,2.2,2.26,2.26,2.23,2.16,2.17,2.17,2.18,2.08,2.06,2.13,2.13,2.15,2.17,2.2,2.23,2.25,2.26,
楠梓,2024/10/04 00:00:00,WD_HR,69,63,43,16,6,23,352,331,343,17,19,354,311,289,273,275,298,339,5,348,352,352,346,326,
楠梓,2024/10/04 00:00:00,WIND_DIREC,62,55,45,317,26,27,338,321,19,27,323,324,275,279,279,279,329,334,35,326,13,329,12,329,
楠梓,2024/10/04 00:00:00,WIND_SPEED,0.6,0.9,0.8,0.5,1.5,1.7,1.3,1.6,1.4,1.8,1.1,1.6,1.2,2.4,2.7,2,1.6,2.5,1.3,1.1,1.3,1.1,0.9,1.3,
楠梓,2024/10/04 00:00:00,WS_HR,0.6,0.8,0.7,0.5,0.7,1.3,1.1,1.4,1,1.1,1.1,0.8,0.9,1.7,2.4,2,1.5,1.6,1.3,0.7,0.8,0.7,0.8,0.6,
楠梓,2024/10/05 00:00:00,AMB_TEMP,25.1,24.8,24.7,24.6,24.6,24.6,24.6,25.1,25.9,27.8,30.1,31,31.8,32,32.3,32,30.8,28.5,28.6,28.2,27.7,27.7,27.3,26.9,
楠梓,2024/10/05 00:00:00,CH4,2.2,2.18,2.22,2.24,2.25,2.25,2.27,2.25,2.2,2.17,2.11,2.12,2.09,2.06,2.03,2.02,2.05,2.13,2.1,2.14,2.13,2.11,2.09,2.09,
楠梓,2024/10/05 00:00:00,CO,0.25,0.24,0.25,0.26,0.25,0.26,0.26,0.28,0.29,0.28,0.29,0.26,0.22,0.2,0.19,0.18,0.24,0.36,0.39,0.44,0.35,0.32,0.24,0.21,
楠梓,2024/10/05 00:00:00,NMHC,0.06,0.05,0.06,0.07,0.06,0.06,0.06,0.07,0.05,0.04,0.03,0.02,0.01,0,0,0,0.02,0.05,0.13,0.07,0.04,0.05,0.04,0.03,
楠梓,2024/10/05 00:00:00,NO,0.1,0.6,0.5,0.4,0.5,0.6,1.3,3.1,4.4,4.1,1.4,0.9,0.9,0.6,0.9,0.7,0.9,0.5,0.5,0.4,0.4,0.3,0.5,0.6,
楠梓,2024/10/05 00:00:00,NO2,11,9.1,9.1,9.3,9,10.4,9.5,9.6,8.3,8.3,6.8,6.8,6,5.2,4.9,5.2,6.8,11.5,13.9,15,13.2,11.4,9,7.5,
楠梓,2024/10/05 00:00:00,NOx,11.1,9.7,9.7,9.7,9.6,11,10.8,12.7,12.8,12.5,8.2,7.7,6.9,5.9,5.8,6,7.7,12,14.5,15.4,13.6,11.7,9.6,8.2,
楠梓,2024/10/05 00:00:00,O3,17.3,15.2,11.8,10.7,8.6,5.7,7.3,10.3,12.6,23.1,48.2,58.3,61.7,60.7,53.8,52.2,52.5,52.8,45.8,39,29.8,33.9,24.9,24.7,
楠梓,2024/10/05 00:00:00,PM10,23,27,25,21,29,28,25,30,25,30,30,25,21,28,31,28,31,36,30,35,25,25,34,36,
楠梓,2024/10/05 00:00:00,PM2.5,13,10,7,10,9,8,13,11,13,14,13,17,12,8,10,12,12,21,19,19,18,17,13,11,
楠梓,2024/10/05 00:00:00,RAINFALL,0,0,0,0,0,0,0,0,0,0,0,0,0,0,0,0,0,0,0,0,0,0,0,0,
楠梓,2024/10/05 00:00:00,RH,99,99,100,100,100,100,100,99,98,95,86,75,70,68,66,69,77,95,95,95,96,96,97,98,
楠梓,2024/10/05 00:00:00,SO2,2,1.8,1.4,1.7,1.7,1.4,1.4,1.6,1.4,1.3,1.5,1.8,1.7,1.6,1.6,1.4,1.8,1.7,1.7,1.6,1.4,1.4,1.6,1.7,
楠梓,2024/10/05 00:00:00,THC,2.26,2.23,2.28,2.31,2.31,2.31,2.33,2.32,2.25,2.21,2.14,2.14,2.1,2.05,2.03,2.02,2.07,2.18,2.23,2.21,2.17,2.16,2.13,2.12,
楠梓,2024/10/05 00:00:00,WD_HR,2,32,332,347,353,14,325,30,40,24,334,355,8,11,354,344,62,88,306,69,76,50,48,45,
楠梓,2024/10/05 00:00:00,WIND_DIREC,27,15,341,7,19,33,339,18,44,17,318,9,18,28,344,347,101,64,100,60,104,38,26,39,
楠梓,2024/10/05 00:00:00,WIND_SPEED,1.7,1.2,1.1,0.8,1,0.6,1.8,1.4,1.8,1.4,1.6,1.3,2.1,2.6,2.4,2,3.2,0.4,0.9,1.6,1.1,1.5,1.3,1,
楠梓,2024/10/05 00:00:00,WS_HR,1.2,1.3,0.8,0.7,0.8,0.5,1.2,1.3,1.5,1,0.9,1.1,1.4,1.8,1.6,1.6,2.2,1.2,0.1,1.3,1.2,1.3,1.3,1.5,
楠梓,2024/10/06 00:00:00,AMB_TEMP,26.5,26.2,26.1,25.8,25.6,25.6,25.6,26.4,28.3,29.7,31.1,31.8,32.4,32.2,31.2,30.6,29,28.9,26.2,25.7,26.1,26.3,26.3,26.1,
楠梓,2024/10/06 00:00:00,CH4,2.11,2.13,2.19,2.18,2.13,2.15,2.14,2.11,2.06,2.04,2.02,2.04,2.04,2,1.98,1.97,1.95,1.97,2.02,2,1.99,2,2.05,2.03,
楠梓,2024/10/06 00:00:00,CO,0.23,0.23,0.24,0.22,0.2,0.2,0.21,0.24,0.22,0.23,0.22,0.22,0.19,0.18,0.16,0.15,0.15,0.17,0.21,0.18,0.21,0.25,0.28,0.16,
楠梓,2024/10/06 00:00:00,NMHC,0.07,0.05,0.07,0.05,0.06,0.01,0.03,0,0,0,0,0,0.04,0.01,0.01,0,0.01,0.01,0,0,0.01,0.01,0.06,0,
楠梓,2024/10/06 00:00:00,NO,0.8,A,0.5,0.2,0.6,0.7,0.9,2,1.9,1,0.6,0.6,0.7,0.9,0.6,0.5,0.2,0.4,0.6,A,0.4,0.8,1,0.7,
楠梓,2024/10/06 00:00:00,NO2,6.9,A,7.1,6.3,5.6,5.3,6.2,6.6,5.8,5.4,4.6,4.7,4.5,3.8,3.7,3.9,4.2,6.4,7.8,A,10.2,12.8,15.1,6.1,
楠梓,2024/10/06 00:00:00,NOx,7.7,A,7.6,6.6,6.2,6.1,7.1,8.7,7.7,6.5,5.2,5.4,5.3,4.7,4.3,4.4,4.5,6.8,8.4,A,10.7,13.7,16.2,6.8,
楠梓,2024/10/06 00:00:00,O3,20.6,14.5,8.5,9.2,8.9,7.6,7.5,11.6,25.9,37.3,46.4,54.1,55.9,53.9,52.3,54.3,49.1,41.5,27.3,26.6,19.8,15.7,11.9,19,
楠梓,2024/10/06 00:00:00,PM10,35,24,22,20,26,25,21,25,32,31,30,35,33,27,30,36,27,30,18,5,8,13,15,10,
楠梓,2024/10/06 00:00:00,PM2.5,14,15,11,6,5,6,6,16,15,16,16,12,12,10,11,13,9,11,7,4,3,4,7,4,
楠梓,2024/10/06 00:00:00,RAINFALL,0,0,0,0,0,0,0,0,0,0,0,0,0,0,0,0,0,0,1,0,0,0,0,0,
楠梓,2024/10/06 00:00:00,RH,99,99,99,99,99,99,100,98,94,90,77,73,74,74,77,81,93,92,99,99,97,96,96,95,
楠梓,2024/10/06 00:00:00,SO2,1.6,1.5,1.2,1.3,1.4,1.1,1.3,1.5,2,1.6,1.5,1.6,1.7,1.6,1.6,1.7,1.7,1.7,1.3,1.3,1.4,1.2,1.6,1.5,
楠梓,2024/10/06 00:00:00,THC,2.18,2.18,2.26,2.23,2.19,2.16,2.17,2.11,2.06,2.03,2.01,2.04,2.08,2.01,1.99,1.95,1.96,1.98,2.01,1.99,2,2.01,2.11,2.02,
楠梓,2024/10/06 00:00:00,WD_HR,37,36,37,24,39,30,48,51,48,7,10,284,278,271,276,272,282,352,90,90,71,81,92,70,
楠梓,2024/10/06 00:00:00,WIND_DIREC,5,17,23,24,322,44,56,50,48,338,282,271,270,275,266,272,307,64,77,81,69,81,102,54,
楠梓,2024/10/06 00:00:00,WIND_SPEED,1,0.6,0.3,1,0.4,1.5,1.6,1.5,2,1.3,1.6,2.2,2.5,2.2,2.5,2.6,1.6,2.7,2.2,1.4,1.1,0.9,1.3,1.1,
楠梓,2024/10/06 00:00:00,WS_HR,1,0.8,0.5,0.8,0.9,0.9,1.5,1.8,1.7,0.9,0.7,1.3,2.2,2.2,2.2,1.9,1.6,0.8,1.9,1.8,0.9,0.8,0.8,1,
楠梓,2024/10/07 00:00:00,AMB_TEMP,25.9,25.6,25.4,25.4,25.5,25.5,26,27.5,28.9,30.9,31.6,32.8,32.7,32.4,32,31.1,30.1,29.5,29,28.7,27.6,27.4,27.3,26.9,
楠梓,2024/10/07 00:00:00,CH4,2,2.09,2.11,2.15,2.19,2.19,2.06,2.07,2.03,1.98,1.96,1.96,1.97,1.96,1.94,1.94,1.94,1.94,1.95,1.98,2,2.04,2.08,2.07,
楠梓,2024/10/07 00:00:00,CO,0.17,0.17,0.17,0.18,0.22,0.24,0.29,0.47,0.33,0.18,0.13,0.12,0.13,0.12,0.11,0.12,0.14,0.19,0.18,0.2,0.25,0.29,0.34,0.24,
楠梓,2024/10/07 00:00:00,NMHC,0,0,0.07,0.01,0.02,0.03,0.03,0.06,0.03,0.1,0,0,0,0,0,0,0,0.01,0.04,0.09,0.06,0.04,0.1,0.08,
楠梓,2024/10/07 00:00:00,NO,0.6,0.1,0,0.4,0.4,2.4,7.4,11,7.9,2.3,0.7,0.6,0.6,0.6,0.6,0.7,#,#,#,0.1,0.1,0.2,0.6,0.8,
楠梓,2024/10/07 00:00:00,NO2,7.1,6.6,5.1,8.1,9.7,14.9,18.3,18.4,15.6,6.8,4.3,3.5,4.2,4,4.4,4.6,#,#,#,6.7,12.3,14.4,17.9,13.1,
楠梓,2024/10/07 00:00:00,NOx,7.8,6.7,5.1,8.5,10.2,17.4,25.7,29.4,23.5,9.2,5.1,4.1,4.8,4.7,5,5.4,#,#,#,6.9,12.4,14.6,18.6,13.9,
楠梓,2024/10/07 00:00:00,O3,17.8,11.5,9,8.3,7.7,3.3,7.9,10.1,18.1,38.9,36.5,36.7,44.6,45.2,39.3,42.8,41.8,35.3,34,33.3,24.8,19.2,9.6,10.2,
楠梓,2024/10/07 00:00:00,PM10,9,11,20,14,18,24,27,34,29,25,22,22,21,20,24,25,28,24,25,29,23,21,28,24,
楠梓,2024/10/07 00:00:00,PM2.5,5,5,6,7,5,1,2,6,11,7,9,8,8,8,7,6,11,9,11,12,14,10,11,10,
楠梓,2024/10/07 00:00:00,RAINFALL,0,0,0,0,0,0,0,0,0,0,0,0,0,0,0,0,0,0,0,0,6.5,0,0,0,
楠梓,2024/10/07 00:00:00,RH,96,98,98,98,97,97,97,94,91,73,67,61,64,66,69,76,80,87,93,93,96,97,98,99,
楠梓,2024/10/07 00:00:00,SO2,1.5,0.9,0.6,0.7,0.7,0.8,0.7,0.9,1,0.8,0.7,0.7,0.8,0.8,0.7,1,1,1.1,1,0.9,1.3,1.4,1.3,0.9,
楠梓,2024/10/07 00:00:00,THC,1.99,2.09,2.18,2.16,2.21,2.22,2.09,2.13,2.06,2.08,1.96,1.95,1.95,1.94,1.93,1.94,1.94,1.95,1.99,2.07,2.06,2.08,2.18,2.15,
楠梓,2024/10/07 00:00:00,WD_HR,58,51,51,66,53,79,78,88,97,294,269,248,266,261,263,260,264,279,304,330,98,93,70,44,
楠梓,2024/10/07 00:00:00,WIND_DIREC,55,57,62,55,50,112,114,88,280,275,302,277,251,266,265,261,248,280,308,70,112,69,50,34,
楠梓,2024/10/07 00:00:00,WIND_SPEED,1.4,1.7,1.3,1,1.5,0.7,0.9,1.1,0.6,1.3,1.3,1.8,1.6,2.2,2,2.3,1.3,1.4,1.2,2.2,0.8,0.8,1.2,0.6,
楠梓,2024/10/07 00:00:00,WS_HR,1.1,1.5,1.2,1.1,1.3,0.7,1,1.1,0.8,0.9,1.3,1.4,1.6,1.9,1.6,1.8,1.6,1.3,1.1,0.6,0.4,0.9,0.8,1.1,
楠梓,2024/10/08 00:00:00,AMB_TEMP,26.8,26.4,26.6,26.6,26.3,26.2,26.4,27.3,28.1,30,31.6,31.9,31.6,31.4,31.3,31.3,30.8,30,29.3,28.8,28.4,27.8,27.5,27.1,
楠梓,2024/10/08 00:00:00,CH4,2.08,2.04,2.14,2.19,2.22,2.18,2.14,2.13,2.06,2.03,2.01,2.08,2.06,2.05,2,1.99,1.99,1.99,2.04,2.04,2.08,2.12,2.12,2.17,
楠梓,2024/10/08 00:00:00,CO,0.21,0.14,0.21,0.24,0.22,0.2,0.26,0.54,0.32,0.29,0.24,0.22,0.18,0.16,0.16,0.15,0.18,0.26,0.33,0.3,0.35,0.34,0.33,0.28,
楠梓,2024/10/08 00:00:00,NMHC,0.06,0.09,0.05,0.05,0.06,0.04,0.04,0.14,0.06,0.14,0.1,0.05,0,0,0,0,0,0.03,0.29,0.24,0.42,0.36,0.11,0.03,
楠梓,2024/10/08 00:00:00,NO,0.3,0.1,2.7,2.4,0.7,1.2,7,14.3,8.1,3.8,1.5,1.3,0.5,0.4,0.4,0.5,0.4,0.1,0.1,0.2,0.4,0.3,0.3,0.2,
楠梓,2024/10/08 00:00:00,NO2,10.5,7.4,14.4,17,12.9,12.2,14.8,20.1,15.5,14.8,11.6,10.7,6.2,5.8,5.6,5.3,6.1,9.9,14.9,19.3,21.3,22.6,18.1,12.7,
楠梓,2024/10/08 00:00:00,NOx,10.8,7.5,17.1,19.4,13.7,13.4,21.8,34.4,23.6,18.7,13.1,12,6.7,6.2,6,5.8,6.5,10.1,15,19.5,21.7,22.9,18.4,12.9,
楠梓,2024/10/08 00:00:00,O3,10.7,12.2,4.5,4.3,6.2,5.5,3.6,3.8,13.4,36,52.9,54.5,56.9,56.7,53.1,49.3,46.8,42,35.4,32.8,21.2,14,18.5,20.6,
楠梓,2024/10/08 00:00:00,PM10,24,19,30,27,29,24,26,31,31,38,36,42,33,33,30,23,27,32,36,41,40,28,28,22,
楠梓,2024/10/08 00:00:00,PM2.5,6,7,13,11,11,9,7,12,14,17,8,13,14,12,9,10,8,9,11,17,20,15,12,12,
楠梓,2024/10/08 00:00:00,RAINFALL,0,0,0,0,0,0,0,0,0,0,0,0,0,0,0,0,0,0,0,0,0,0,0,0,
楠梓,2024/10/08 00:00:00,RH,98,98,98,98,98,97,97,95,93,85,73,75,75,74,73,69,71,74,82,89,92,94,95,96,
楠梓,2024/10/08 00:00:00,SO2,1,0.2,0.3,0.5,0.8,1.5,0.6,0.6,0.7,1.7,1,1,0.9,0.8,0.7,0.7,0.6,0.7,0.6,0.8,2,4.4,2.6,0.5,
楠梓,2024/10/08 00:00:00,THC,2.14,2.13,2.19,2.24,2.28,2.22,2.18,2.27,2.12,2.17,2.11,2.13,2.05,2.05,2,1.97,1.99,2.02,2.33,2.28,2.5,2.48,2.23,2.2,
楠梓,2024/10/08 00:00:00,WD_HR,45,41,68,51,344,58,94,66,30,237,266,276,283,274,269,276,262,229,225,182,123,88,87,74,
楠梓,2024/10/08 00:00:00,WIND_DIREC,53,53,56,41,324,83,80,49,18,244,286,282,280,284,255,277,209,247,175,152,90,90,63,91,
楠梓,2024/10/08 00:00:00,WIND_SPEED,2,1.2,0.7,1.4,1.4,0.8,0.7,1.5,1.2,1.1,1.7,2.5,3,2.6,1.9,1.8,1.2,0.9,1.7,1,1.1,1.1,1.4,1.2,
楠梓,2024/10/08 00:00:00,WS_HR,1,1.1,0.5,0.9,0.9,0.9,0.8,0.8,0.9,0.8,0.5,1.6,2.3,2.1,1.9,1.7,1,1.1,0.5,1.2,0.8,0.9,1.1,1.2,
楠梓,2024/10/09 00:00:00,AMB_TEMP,26.9,26.7,26.5,26.3,26,25.6,25.7,26.3,28,29.4,30.4,30.6,31.6,31.1,30.4,29.6,29.3,28.6,27.9,27.2,26.8,26.6,26.3,26.3,
楠梓,2024/10/09 00:00:00,CH4,2.16,2.13,2.09,2.13,2.19,2.36,2.38,2.31,2.12,2.1,2.09,2.18,2.1,2.09,2.07,2.06,2.04,2.05,2.09,2.16,2.19,2.2,2.17,2.11,
楠梓,2024/10/09 00:00:00,CO,0.24,0.23,0.23,0.23,0.25,0.29,0.36,0.44,0.49,0.7,0.53,0.35,0.27,0.24,0.23,0.24,0.24,0.3,0.44,0.52,0.45,0.44,0.35,0.31,
楠梓,2024/10/09 00:00:00,NMHC,0,0,0.01,0.05,0.11,0.1,0.12,0.14,0.08,0.13,0.2,0.08,0.02,0,0,0.24,0.01,0.07,0.07,0.12,0.1,0.1,0.06,0.03,
楠梓,2024/10/09 00:00:00,NO,0,0.6,0.5,0.3,0.5,0.8,9.7,14,4.9,2.1,1.2,0.8,0.8,0.7,0.5,0.6,0.4,0.4,0.4,0.6,0.6,0.7,0.5,0.3,
楠梓,2024/10/09 00:00:00,NO2,10.2,7.9,8.1,8.6,11.3,15,16.3,14.5,12.4,15.7,16,12.9,10.5,7.2,6.3,6.5,7.5,13.3,14.8,21.3,19.9,17.6,12.9,9.6,
楠梓,2024/10/09 00:00:00,NOx,10.2,8.5,8.6,8.9,11.9,15.8,26,28.6,17.3,17.8,17.3,13.8,11.4,7.9,6.9,7.1,8,13.8,15.2,21.9,20.5,18.3,13.4,10,
楠梓,2024/10/09 00:00:00,O3,24,24.7,23.6,19.7,12.3,7.6,2.3,5.7,28.1,59.1,71.9,83,75.4,69.7,64.5,65.9,66.7,55.2,44.4,23.8,20.2,19.1,22.6,29.2,
楠梓,2024/10/09 00:00:00,PM10,16,20,28,29,29,40,41,43,37,45,59,64,45,42,38,41,46,42,33,33,33,32,24,29,
楠梓,2024/10/09 00:00:00,PM2.5,10,8,13,12,17,21,14,20,16,22,23,30,28,20,15,20,17,17,12,11,21,18,8,9,
楠梓,2024/10/09 00:00:00,RAINFALL,0,0,0,0,0,0,0,0,0,0,0,0,0,0,0,0,0,0,0,0,0,0,0,0,
楠梓,2024/10/09 00:00:00,RH,95,96,96,97,98,99,99,98,94,90,79,79,74,75,75,76,76,83,89,96,97,97,97,96,
楠梓,2024/10/09 00:00:00,SO2,0.2,1.2,1.3,1.4,1.7,2.9,2.2,1.8,2.7,3.2,3.1,2.4,2.2,1.7,1.7,1.5,1.5,1.8,1.9,2,1.8,1.6,1.4,1.5,
楠梓,2024/10/09 00:00:00,THC,2.16,2.13,2.1,2.18,2.3,2.46,2.5,2.45,2.2,2.23,2.29,2.26,2.12,2.08,2.06,2.3,2.05,2.12,2.16,2.28,2.29,2.3,2.23,2.14,
楠梓,2024/10/09 00:00:00,WD_HR,74,63,64,51,21,355,30,16,47,351,312,260,275,269,254,235,244,267,113,69,68,85,67,62,
楠梓,2024/10/09 00:00:00,WIND_DIREC,58,66,61,45,313,19,13,43,9,225,251,255,273,272,254,242,227,281,83,76,83,82,47,57,
楠梓,2024/10/09 00:00:00,WIND_SPEED,1.2,1.5,1.6,0.9,0.9,0.5,0.9,1,1.2,0.9,1.1,1.7,2.6,2.4,2.3,1.8,1.2,1.4,0.8,1.3,1.2,1.2,1.1,1.8,
楠梓,2024/10/09 00:00:00,WS_HR,0.9,1.5,1.5,0.9,0.6,0.4,0.7,0.8,1.2,0.4,0.5,1.4,2,2,1.9,1.5,1.2,0.8,0.3,1.3,1.1,1.2,1,1.4,
楠梓,2024/10/10 00:00:00,AMB_TEMP,25.9,25.3,24.7,24.4,24.1,24.1,24.2,24.5,26.4,28.2,29.7,30.8,30.7,30.5,29.9,29.6,29.3,28.6,27.5,26.2,25.6,25.2,24.8,24.6,
楠梓,2024/10/10 00:00:00,CH4,2.12,2.16,2.2,2.21,2.25,2.21,2.21,2.27,2.21,2.19,2.19,2.14,2.15,2.12,2.1,2.09,2.12,2.14,2.15,2.15,2.15,2.15,2.14,2.14,
楠梓,2024/10/10 00:00:00,CO,0.26,0.27,0.28,0.29,0.3,0.28,0.29,0.33,0.32,0.33,0.32,0.32,0.3,0.27,0.26,0.26,0.3,0.31,0.29,0.29,0.31,0.32,0.32,0.3,
楠梓,2024/10/10 00:00:00,NMHC,0.06,0.05,0.03,0.06,0.05,0.01,0.03,0.05,0.04,0.05,0.05,0.02,0.1,0.02,0.03,0.01,0.08,0.03,0.02,0.01,0.01,0.03,0.03,0.02,
楠梓,2024/10/10 00:00:00,NO,0.2,0.2,0.4,0.4,0.3,0.3,1,3.1,5.6,3.5,1.5,0.7,0.6,0.5,0.4,0.3,0.4,0.3,0.6,0.3,0.5,0.3,0.4,0.4,
楠梓,2024/10/10 00:00:00,NO2,7.3,8.1,7.5,7.6,8.6,8.6,9.2,9.2,10.6,11.1,9.2,7.5,7.6,6.6,6.3,6.6,8.2,11.4,9.6,8.4,8.6,9.9,9.9,8.2,
楠梓,2024/10/10 00:00:00,NOx,7.6,8.4,8,8,8.9,8.9,10.3,12.4,16.2,14.6,10.7,8.3,8.3,7.2,6.8,6.9,8.6,11.8,10.3,8.8,9.2,10.2,10.4,8.6,
楠梓,2024/10/10 00:00:00,O3,24.7,20.9,19,14.8,12.4,11.9,10.6,10.5,16.4,31.5,54.5,69,76.9,78.3,73,70.3,68.6,67.1,63.3,60.8,57.5,51.9,47,45.7,
楠梓,2024/10/10 00:00:00,PM10,18,36,45,43,34,29,31,44,42,37,49,45,54,56,57,63,75,75,70,76,61,57,60,49,
楠梓,2024/10/10 00:00:00,PM2.5,9,14,18,14,18,17,16,23,19,23,25,24,22,26,21,23,19,21,23,21,22,19,20,25,
楠梓,2024/10/10 00:00:00,RAINFALL,0,0,0,0,0,0,0,0,0,0,0,0,0,0,0,0,0,0,0,0,0,0,0,0,
楠梓,2024/10/10 00:00:00,RH,98,98,99,100,100,100,100,99,96,91,77,70,71,71,73,73,70,70,72,75,77,79,82,86,
楠梓,2024/10/10 00:00:00,SO2,1.5,1.5,1.5,1.3,1.2,1,1,1.2,1.1,1.4,1.9,2.1,1.9,1.9,1.9,1.8,1.8,2,2,2,2.3,2.3,2.4,1.9,
楠梓,2024/10/10 00:00:00,THC,2.18,2.21,2.23,2.27,2.3,2.22,2.24,2.32,2.25,2.24,2.24,2.16,2.25,2.14,2.13,2.1,2.2,2.17,2.17,2.16,2.16,2.18,2.17,2.16,
楠梓,2024/10/10 00:00:00,WD_HR,45,42,34,26,29,44,26,5,355,334,22,330,288,268,266,268,329,27,33,6,35,12,50,26,
楠梓,2024/10/10 00:00:00,WIND_DIREC,53,28,54,24,28,52,321,24,338,16,32,11,277,268,257,268,26,31,38,24,37,344,47,33,
楠梓,2024/10/10 00:00:00,WIND_SPEED,2.1,1.3,1.9,1.6,1.9,1.6,1.3,1,1,1.3,2.2,1.3,2.2,2.2,1.8,1.5,1.8,2.2,3.3,2.6,2.1,1.5,2.3,1.3,
楠梓,2024/10/10 00:00:00,WS_HR,1.6,1.6,1.4,1.1,1.1,1.2,0.9,0.7,1,1,1.4,1,1.8,2.4,1.9,1.7,0.6,1.8,2.1,1.5,1.9,1.2,1.9,1.3,
楠梓,2024/10/11 00:00:00,AMB_TEMP,24.3,23.9,23.7,23.4,23.4,23.5,23.8,25.2,27.2,29.2,29.7,30.5,29.9,28.6,28.6,29.1,28.5,28.1,27.6,28,27.5,26.8,26.4,25.8,
楠梓,2024/10/11 00:00:00,CH4,2.19,2.23,2.21,2.23,2.23,2.28,2.27,2.24,2.24,2.2,2.17,2.18,2.13,2.14,2.13,2.1,#,2.08,2.29,2.11,2.24,2.3,2.28,2.28,
楠梓,2024/10/11 00:00:00,CO,0.31,0.3,0.29,0.29,0.29,0.31,0.36,0.5,0.55,0.57,0.4,0.38,0.31,0.31,0.33,0.33,#,0.4,0.58,0.43,0.58,0.57,0.51,0.48,
楠梓,2024/10/11 00:00:00,NMHC,0.05,0.06,0.07,0.06,0.07,0.09,0.1,0.12,0.19,0.17,0.1,0.09,0.02,0.02,0.04,0.05,#,0.05,0.13,0.08,0.2,0.14,0.1,0.08,
楠梓,2024/10/11 00:00:00,NO,0.4,0.3,0.3,0.4,0.2,0.4,2.7,6.6,7.5,6.1,2.3,1.7,0.9,0.6,0.5,0.5,#,0.5,0.4,0.3,0.6,0.6,0.6,0.4,
楠梓,2024/10/11 00:00:00,NO2,9.6,10.4,9.8,10,10.5,12.8,16.6,19.7,24.3,25.6,16.9,16.2,9.8,9.3,10.2,10.9,#,17.3,21.8,19.7,23.2,22.3,18.4,16.4,
楠梓,2024/10/11 00:00:00,NOx,10.1,10.7,10.2,10.5,10.8,13.2,19.3,26.3,31.8,31.7,19.2,18,10.7,9.9,10.7,11.5,#,17.8,22.2,20.1,23.8,23,19.1,16.9,
楠梓,2024/10/11 00:00:00,O3,36.1,31.2,28.4,24.5,21.9,15.9,10,12,21.6,41.4,58,69.4,72.7,71.6,73.3,#,60.8,61.3,45.6,42.6,32,25.5,27.6,26.4,
楠梓,2024/10/11 00:00:00,PM10,50,53,43,55,58,56,64,60,80,77,82,68,59,51,51,69,#,53,67,37,59,62,54,54,
楠梓,2024/10/11 00:00:00,PM2.5,A,22,23,34,32,36,37,27,34,30,28,30,23,22,21,#,19,19,42,16,33,46,35,32,
楠梓,2024/10/11 00:00:00,RAINFALL,0,0,0,0,0,0,0,0,0,0,0,0,0,0,0,#,0,0,0,0,0,0,0,0,
楠梓,2024/10/11 00:00:00,RH,92,93,94,95,95,95,96,95,92,77,74,71,70,75,75,73,73,75,89,80,89,96,96,97,
楠梓,2024/10/11 00:00:00,SO2,2,1.8,1.7,2.1,1.9,1.7,1.5,1.5,4.2,4.2,2.2,2.5,2,1.7,1.9,1.6,#,2.3,2.6,2.2,2.6,2.2,1.9,2.1,
楠梓,2024/10/11 00:00:00,THC,2.24,2.29,2.28,2.29,2.3,2.37,2.37,2.36,2.43,2.37,2.27,2.27,2.15,2.16,2.17,2.15,#,2.13,2.42,2.19,2.44,2.44,2.38,2.36,
楠梓,2024/10/11 00:00:00,WD_HR,353,13,51,35,5,15,42,55,38,198,247,281,271,280,284,254,278,292,88,206,124,70,95,62,
楠梓,2024/10/11 00:00:00,WIND_DIREC,325,42,60,57,30,12,53,60,200,194,272,272,269,266,284,263,273,301,79,211,68,104,78,50,
楠梓,2024/10/11 00:00:00,WIND_SPEED,1.9,1.3,1.5,1.1,1.4,0.7,1.7,1.3,1,1.4,1.9,2.7,2.1,1.4,2,1.2,1.2,1.1,0.8,1.4,0.4,1.4,1.3,1.4,
楠梓,2024/10/11 00:00:00,WS_HR,1,0.9,1.7,1,0.8,0.6,1.1,1,0.2,0.8,1.7,1.9,1.9,1.7,1.5,1.1,1.2,1.1,0.7,1,0.4,1.1,0.9,1.1,
楠梓,2024/10/12 00:00:00,AMB_TEMP,25.4,25.3,25.1,25.1,24.9,24.7,25.1,26.3,28.2,30,30.9,31.5,30.9,30.1,29.5,29.1,29,28.3,27.9,27.7,27.5,26.8,26.6,26.5,
楠梓,2024/10/12 00:00:00,CH4,2.26,2.24,2.29,2.26,2.3,2.31,2.27,2.19,2.13,2.13,2.13,2.12,2.19,2.21,2.16,2.13,2.08,2.06,2.06,2.07,2.15,2.27,2.3,2.29,
楠梓,2024/10/12 00:00:00,CO,0.43,0.41,0.41,0.39,0.4,0.42,0.48,0.47,0.45,0.47,0.45,0.4,0.38,0.37,0.33,0.33,0.31,0.3,0.3,0.31,0.38,0.51,0.49,0.5,
楠梓,2024/10/12 00:00:00,NMHC,0.07,0.06,0.1,0.07,0.09,0.09,0.12,0.07,0.09,0.16,0.12,0.06,0.03,0.02,0.01,0.02,0.05,0.06,0.02,0.1,0.06,0.09,0.08,0.09,
楠梓,2024/10/12 00:00:00,NO,0.5,0.1,0.2,0.3,0.4,0.3,2.5,3.3,2.5,1.6,0.9,0.4,0.6,0.7,0.5,0.4,0.3,0.2,0.1,0.3,0.3,0.3,0.3,0.3,
楠梓,2024/10/12 00:00:00,NO2,13.1,11,9.9,11.4,12.4,13.2,18.9,14.4,13.8,15.4,12.1,9.6,9.3,10.1,8.3,6.7,6.3,7,7.8,8.5,10.6,16.8,15,13.5,
楠梓,2024/10/12 00:00:00,NOx,13.6,11.2,10.2,11.8,12.8,13.6,21.5,17.7,16.3,17,13,10.1,9.9,10.9,8.8,7.2,6.7,7.2,8,8.9,10.9,17.1,15.4,13.9,
楠梓,2024/10/12 00:00:00,O3,28.1,31.7,25,24.7,19.8,14.2,11.6,21,38.7,63.3,81.6,87.6,88.5,89.9,86.2,83,78.4,73.6,70.6,66.1,56.9,34.7,36.7,36.3,
楠梓,2024/10/12 00:00:00,PM10,45,44,47,48,50,49,46,53,51,53,54,59,62,70,63,57,54,47,41,41,43,47,51,54,
楠梓,2024/10/12 00:00:00,PM2.5,29,31,30,33,30,32,32,25,26,30,31,27,31,40,30,30,24,18,16,17,21,32,33,28,
楠梓,2024/10/12 00:00:00,RAINFALL,0,0,0,0,0,0,0,0,0,0,0,0,0,0,0,0,0,0,0,0,0,0,0,0,
楠梓,2024/10/12 00:00:00,RH,98,97,98,98,98,99,98,94,89,75,70,69,72,75,77,78,77,78,81,82,87,96,97,96,
楠梓,2024/10/12 00:00:00,SO2,2.2,0.9,0.9,1.1,1.1,1.1,1.3,1.7,3.7,4.9,3,2.1,2,1.9,1.9,1.6,1.5,1.4,1.4,1.5,1.4,1.2,1.3,1.3,
楠梓,2024/10/12 00:00:00,THC,2.33,2.3,2.39,2.33,2.39,2.4,2.39,2.26,2.22,2.29,2.25,2.18,2.22,2.23,2.17,2.15,2.13,2.12,2.08,2.17,2.21,2.36,2.38,2.38,
楠梓,2024/10/12 00:00:00,WD_HR,57,63,57,65,51,60,67,73,75,242,310,275,260,269,276,283,279,284,278,297,38,81,94,77,
楠梓,2024/10/12 00:00:00,WIND_DIREC,67,45,59,53,54,89,63,75,141,266,289,273,260,278,282,280,299,281,280,303,79,87,92,74,
楠梓,2024/10/12 00:00:00,WIND_SPEED,1.4,1.3,1,0.5,1,0.8,1.1,1.6,0.6,1.1,2,2,1.9,2.2,2.3,1.5,1.5,1.2,1.1,1.1,1.3,0.9,0.9,0.8,
楠梓,2024/10/12 00:00:00,WS_HR,1.4,1.2,1,0.8,1,0.8,1,1.4,0.9,0.7,1.1,1.7,1.8,1.7,2,1.3,1.6,1.1,1.1,0.9,0.3,1.1,0.9,0.8,
楠梓,2024/10/13 00:00:00,AMB_TEMP,26.1,26,25.8,25.6,25.4,25.3,25.3,26.3,27.8,29.5,30.9,30.9,30.9,30.6,29.8,28.9,28.6,28.4,28.2,28,27.7,27.4,27.3,26.9,
楠梓,2024/10/13 00:00:00,CH4,2.35,2.41,2.33,2.3,2.33,2.27,2.29,2.27,2.19,2.22,2.22,2.28,2.18,2.21,2.13,2.07,2.06,2.05,2.06,2.1,2.12,2.08,2.04,2.14,
楠梓,2024/10/13 00:00:00,CO,0.48,0.48,0.45,0.42,0.43,0.41,0.54,0.52,0.44,0.48,0.45,0.42,0.34,0.36,0.35,0.27,0.25,0.23,0.24,0.28,0.37,0.26,0.23,0.3,
楠梓,2024/10/13 00:00:00,NMHC,0.08,0.11,0.05,0.04,0.06,0.05,0.1,0.16,0.11,0.23,0.12,0.07,0.02,0.02,0.01,0.01,0.16,0,0.01,0.02,0.13,0.29,0.02,0.04,
楠梓,2024/10/13 00:00:00,NO,0.1,0.2,0.4,0.3,0.3,0.4,1.1,1.9,2.1,1.9,1.1,0.7,0.9,0.4,0.4,0.2,0.3,0.2,0.2,0.2,0.4,0.4,0.3,0.3,
楠梓,2024/10/13 00:00:00,NO2,12.1,11.3,8.7,7.3,8.7,8.5,13.6,12.6,11.4,17,14.8,10.4,9,6.1,5.6,5.3,5.9,6,8.5,10.8,15,11.1,9.1,12.1,
楠梓,2024/10/13 00:00:00,NOx,12.3,11.6,9.2,7.6,9.1,9,14.7,14.5,13.5,18.9,15.9,11.2,10,6.6,6,5.5,6.3,6.3,8.8,11.1,15.4,11.6,9.5,12.4,
楠梓,2024/10/13 00:00:00,O3,37.7,31.9,34.2,36.4,30.1,26.9,17.2,25.3,39.3,64.9,80,89.1,84.2,88.7,83.7,76.8,62.1,58.1,51.3,43.8,35,35.3,37.5,28.3,
楠梓,2024/10/13 00:00:00,PM10,49,53,48,40,41,43,51,62,61,63,74,75,56,62,55,47,36,34,32,31,47,35,33,35,
楠梓,2024/10/13 00:00:00,PM2.5,35,33,30,28,28,24,34,41,33,41,37,40,30,33,26,18,20,16,17,19,23,17,14,19,
楠梓,2024/10/13 00:00:00,RAINFALL,0,0,0,0,0,0,0,0,0,0,0,0,0,0,0,0,0,0,0,0,0,0,0,0,
楠梓,2024/10/13 00:00:00,RH,97,98,98,99,99,99,99,97,93,82,74,74,74,76,75,80,81,79,81,85,93,95,95,96,
楠梓,2024/10/13 00:00:00,SO2,1.1,1,1.1,1.1,1.1,0.9,1.2,1.6,3,4.9,3.3,2.9,2.7,2.1,2.4,2.4,1.7,1.4,1.4,1.4,1.4,1.2,1.1,1.1,
楠梓,2024/10/13 00:00:00,THC,2.43,2.52,2.38,2.34,2.39,2.32,2.39,2.43,2.3,2.45,2.34,2.35,2.2,2.23,2.14,2.08,2.22,2.04,2.07,2.12,2.25,2.37,2.06,2.18,
楠梓,2024/10/13 00:00:00,WD_HR,78,82,61,71,59,63,82,54,28,52,256,274,281,277,275,276,302,313,10,30,190,294,205,80,
楠梓,2024/10/13 00:00:00,WIND_DIREC,73,95,73,54,58,57,44,46,259,83,270,271,297,279,276,272,310,306,63,62,199,307,191,70,
楠梓,2024/10/13 00:00:00,WIND_SPEED,0.8,0.8,1,1,1.4,0.7,0.2,1.1,0.6,0.9,1.7,2.2,2.3,2.4,2.8,2.2,2,1.3,1.1,0.7,1.3,0.5,1.2,1.2,
楠梓,2024/10/13 00:00:00,WS_HR,0.8,0.8,1.3,0.8,1.1,0.7,0.6,0.7,0.3,0.5,0.8,1.8,2.3,2.1,2.4,2.3,1.8,1.4,0.8,0.3,0.8,0.4,0.8,0.6,
楠梓,2024/10/14 00:00:00,AMB_TEMP,26.2,25.9,25.8,25.7,25.6,25.5,25.4,26.2,28,29.7,30.8,31.6,31.5,30.8,30.8,29.8,29.2,28.6,28.2,28.1,28,27.9,27.8,27.4,
楠梓,2024/10/14 00:00:00,CH4,2.25,2.28,2.32,2.32,2.24,2.21,2.19,2.17,2.19,2.26,2.22,2.18,2.05,2.08,2.07,2.01,2.01,2.01,2,2.02,2.04,2.05,2.11,2.2,
楠梓,2024/10/14 00:00:00,CO,0.38,0.36,0.37,0.38,0.33,0.3,0.39,0.48,0.57,0.79,0.48,0.31,0.19,0.21,0.21,0.18,0.2,0.26,0.22,0.22,0.24,0.25,0.28,0.32,
楠梓,2024/10/14 00:00:00,NMHC,0.03,0.02,0.03,0.04,0.02,0.01,0.05,0.08,0.23,0.18,0.11,0.13,0.04,0.02,0.01,0.02,0.04,0.01,0.32,0.16,0.11,0.15,0.46,0.13,
楠梓,2024/10/14 00:00:00,NO,0.4,1,1,0.9,0.9,1.1,3.6,5.6,5.6,4.8,2.9,2.1,1.5,1,1.3,1.4,1.3,1,0.7,0.8,1,0.9,0.8,1.3,
楠梓,2024/10/14 00:00:00,NO2,15.8,11.2,8.8,11.7,11.3,12.2,16.7,15.9,23.4,26.8,19.6,14.3,7.4,6.1,7.1,7.5,7.8,9.4,8,7.1,8.6,9.6,9.2,17.3,
楠梓,2024/10/14 00:00:00,NOx,16.2,12.3,9.8,12.6,12.2,13.4,20.3,21.6,29.1,31.6,22.6,16.5,8.9,7.1,8.5,8.9,9.2,10.5,8.8,7.9,9.7,10.6,10.1,18.6,
楠梓,2024/10/14 00:00:00,O3,21.7,24.2,31.8,26.8,30.8,18,10.5,16.1,32.7,50.5,59.1,63.6,53.2,54.4,55.7,46.1,43,39.4,43.3,44.3,41.6,39.9,34.5,17.7,
楠梓,2024/10/14 00:00:00,PM10,37,42,48,46,50,37,40,38,70,87,79,66,44,48,48,52,41,39,41,37,41,44,48,51,
楠梓,2024/10/14 00:00:00,PM2.5,24,25,31,28,25,21,20,23,34,48,44,39,20,20,15,15,15,19,21,15,17,20,22,21,
楠梓,2024/10/14 00:00:00,RAINFALL,0,0,0,0,0,0,0,0,0,0,0,0,0,0,0,0,0,0,0,0,0,0,0,0,
楠梓,2024/10/14 00:00:00,RH,98,99,99,99,98,97,97,94,92,80,75,72,69,74,72,77,83,89,94,94,95,95,95,96,
楠梓,2024/10/14 00:00:00,SO2,1.4,0.5,0.6,0.8,0.8,0.8,0.8,0.8,4.1,6.3,4,2.6,1.3,0.9,0.7,0.9,0.7,0.7,0.8,0.8,0.8,0.9,1,0.9,
楠梓,2024/10/14 00:00:00,THC,2.28,2.3,2.35,2.36,2.26,2.22,2.24,2.25,2.42,2.44,2.33,2.31,2.09,2.1,2.08,2.03,2.05,2.02,2.32,2.18,2.15,2.2,2.57,2.33,
楠梓,2024/10/14 00:00:00,WD_HR,76,91,74,78,78,79,85,86,183,255,259,289,277,274,269,274,283,276,305,285,300,279,340,71,
楠梓,2024/10/14 00:00:00,WIND_DIREC,108,114,90,93,84,61,69,136,248,280,258,287,290,241,267,265,285,272,279,295,240,293,63,64,
楠梓,2024/10/14 00:00:00,WIND_SPEED,1,0.5,0.6,0.8,0.6,0.5,1.2,0.5,1.3,1.2,1.8,2.1,1.9,1.8,1.7,1.5,1.5,1.3,1,1.2,0.5,0.9,1,1.4,
楠梓,2024/10/14 00:00:00,WS_HR,1.1,0.9,1,0.5,0.7,0.7,0.8,0.9,1.1,0.7,1.2,1.5,1.9,1.6,1.6,1.6,1.5,1.4,1.1,1,0.8,0.6,0.3,1.2,
楠梓,2024/10/15 00:00:00,AMB_TEMP,27,26.7,26.5,26.3,26.1,25.8,25.8,26.2,27.6,29.6,30.8,31.4,31.2,30.8,30.6,29.7,29.2,28.7,28.3,28.3,28.2,28.2,28.3,27.7,
楠梓,2024/10/15 00:00:00,CH4,2.22,2.17,2.21,2.2,2.25,2.36,2.34,2.3,2.23,2.22,2.25,2.24,2.17,2.12,2.09,2.06,2.05,2.06,2.07,2.09,2.07,2.11,2.16,2.33,
楠梓,2024/10/15 00:00:00,CO,0.29,0.25,0.24,0.22,0.24,0.26,0.27,0.39,0.29,0.29,0.35,0.32,0.3,0.25,0.22,0.21,0.23,0.26,0.31,0.28,0.25,0.27,0.35,0.4,
楠梓,2024/10/15 00:00:00,NMHC,0.06,0.04,0.11,0.07,0.07,0.08,0.07,0.08,0.04,0.03,0.13,0.14,0.08,0.02,0.14,0.3,0.26,0.66,0.63,0.2,0,0.1,0.32,0.15,
楠梓,2024/10/15 00:00:00,NO,1.1,0.7,0.6,0.4,0.6,0.7,3.4,5.7,4.6,2.5,1.7,1.1,0.8,0.5,0.6,0.5,0.4,0.4,0.5,0.3,0.2,0.4,0.5,0.7,
楠梓,2024/10/15 00:00:00,NO2,14.4,12.7,11.2,9.8,11.7,12.8,14.9,14.1,11.8,10.8,12.4,12.2,8.9,5.9,6,6.7,8.4,10.9,12.4,11.5,8.1,8.7,13,20.9,
楠梓,2024/10/15 00:00:00,NOx,15.6,13.4,11.8,10.3,12.3,13.6,18.4,19.8,16.4,13.4,14.1,13.3,9.7,6.5,6.6,7.2,8.8,11.3,12.9,11.8,8.4,9.1,13.5,21.6,
楠梓,2024/10/15 00:00:00,O3,22.1,20.8,16.6,15.8,7.4,6.4,5.8,9.8,22.7,38.6,55.6,71.3,79.3,75.1,67.2,58.8,51.3,45.4,39.6,39.3,44.1,41.1,30.4,12.1,
楠梓,2024/10/15 00:00:00,PM10,48,48,49,34,37,39,37,53,52,63,69,91,81,60,60,51,44,45,46,43,42,40,47,54,
楠梓,2024/10/15 00:00:00,PM2.5,19,26,26,22,20,18,21,29,27,36,40,45,40,32,25,25,17,23,19,20,19,14,20,32,
楠梓,2024/10/15 00:00:00,RAINFALL,0,0,0,0,0,0,0,0,0,0,0,0,0,0,0,0,0,0,0,0,0,0,0,0,
楠梓,2024/10/15 00:00:00,RH,97,97,98,98,99,98,98,98,95,86,76,76,75,75,75,78,81,86,92,93,95,95,94,96,
楠梓,2024/10/15 00:00:00,SO2,1,1.2,1.4,1.5,1.3,1.2,1.4,1.7,1.4,1.7,1.7,1.6,1.5,1.5,1.5,1.4,1.2,1.3,1.3,1.1,1.1,1.4,1.4,1.6,
楠梓,2024/10/15 00:00:00,THC,2.28,2.21,2.32,2.27,2.32,2.44,2.41,2.38,2.27,2.25,2.38,2.38,2.25,2.14,2.23,2.36,2.31,2.72,2.7,2.29,2.07,2.21,2.48,2.48,
楠梓,2024/10/15 00:00:00,WD_HR,67,61,47,48,19,350,48,56,25,331,299,281,278,274,288,285,285,302,281,276,277,278,350,80,
楠梓,2024/10/15 00:00:00,WIND_DIREC,71,48,58,47,327,40,36,53,294,37,295,264,269,290,290,311,271,288,302,284,278,280,78,71,
楠梓,2024/10/15 00:00:00,WIND_SPEED,1.1,0.9,1.2,1.1,0.7,1.4,1,1.4,1,1.2,2.1,2.6,2.1,2.2,1.8,1.9,1.3,0.8,1,1.1,1.2,0.4,0.8,1.2,
楠梓,2024/10/15 00:00:00,WS_HR,1,0.9,1,1,0.4,0.6,1.4,1.3,0.8,0.5,1.3,1.5,1.9,2,1.8,1.5,1.1,1.1,0.8,0.9,0.9,0.5,0.1,1.1,
楠梓,2024/10/16 00:00:00,AMB_TEMP,27.4,27.3,27.2,26.9,26.6,26.5,26.6,28,28.8,30.4,30.7,31.3,31.8,31.9,30.9,30.3,29.6,28.7,28.3,28.4,28.5,28.6,28.4,28.2,
楠梓,2024/10/16 00:00:00,CH4,2.3,2.38,2.25,2.23,2.29,2.4,2.4,2.29,2.15,2.06,2.03,2.01,2.01,2.01,2.01,2.02,2.02,2.04,2.05,2.08,2.07,2.09,2.12,2.18,
楠梓,2024/10/16 00:00:00,CO,0.38,0.36,0.32,0.31,0.32,0.35,0.43,0.62,0.47,0.26,0.2,0.17,0.16,0.16,0.17,0.19,0.22,0.26,0.29,0.29,0.34,0.33,0.31,0.37,
楠梓,2024/10/16 00:00:00,NMHC,0.13,0.07,0.04,0.05,0.07,0.16,0.15,0.77,0.4,0.06,0,0,0,0.01,0,0.02,0.09,0.12,0,0,0.06,0.06,0.05,0.24,
楠梓,2024/10/16 00:00:00,NO,0.6,0.6,0.6,0.7,0.9,5,6.5,8.7,1.7,1.7,1.5,1.6,1.2,1.2,0.9,0.8,1,0.9,0.7,0.8,0.6,0.7,0.8,0.8,
楠梓,2024/10/16 00:00:00,NO2,20.4,10.8,10.1,10.8,14.4,17.1,24.2,28.2,19.7,11,8.1,6.1,4.7,4.6,4.8,5.5,6,7.9,9,11.2,13.3,12.2,14.7,18.1,
楠梓,2024/10/16 00:00:00,NOx,21.1,11.4,10.8,11.5,15.4,22.1,30.8,36.9,21.4,12.8,9.6,7.7,5.9,5.9,5.8,6.4,7,8.9,9.7,12,13.9,13,15.6,19,
楠梓,2024/10/16 00:00:00,O3,16.5,28.7,31.7,28.9,19.2,9.3,7.9,25.2,47.4,49.4,47.7,46.6,46.8,45.4,44,49.7,54.2,57.2,61.3,57.6,55.3,52.5,44.6,33.7,
楠梓,2024/10/16 00:00:00,PM10,56,61,49,51,50,62,68,76,56,39,49,44,34,29,26,42,42,42,40,39,44,42,44,42,
楠梓,2024/10/16 00:00:00,PM2.5,28,39,37,34,34,39,44,39,29,13,15,16,14,12,13,19,11,22,17,24,21,21,21,23,
楠梓,2024/10/16 00:00:00,RAINFALL,0,0,0,0,0,0,0,0,0,0,0,0,0,0,0,0,0,0,0,0,0,0,0,0,
楠梓,2024/10/16 00:00:00,RH,97,98,98,98,98,99,98,95,91,76,75,72,68,64,67,73,76,88,94,93,92,92,91,93,
楠梓,2024/10/16 00:00:00,SO2,1.6,1.5,1.4,1.4,1.5,1.6,1.8,2.4,1.8,1.6,1.5,1.6,1.4,1.4,1.3,1.2,1.4,1.6,1.7,1.8,1.7,1.9,1.8,1.7,
楠梓,2024/10/16 00:00:00,THC,2.43,2.45,2.29,2.28,2.36,2.56,2.55,3.06,2.55,2.12,2.03,1.99,1.99,2.02,1.99,2.04,2.11,2.16,2.05,2.08,2.13,2.15,2.17,2.42,
楠梓,2024/10/16 00:00:00,WD_HR,81,66,66,73,51,50,91,343,276,287,270,244,274,283,275,280,281,277,276,266,222,227,200,189,
楠梓,2024/10/16 00:00:00,WIND_DIREC,63,85,60,88,337,94,82,304,303,287,278,239,277,278,276,282,298,275,273,231,222,214,137,210,
楠梓,2024/10/16 00:00:00,WIND_SPEED,1.1,0.8,1,0.6,0.5,0.9,0.4,0.6,0.5,1.9,2.1,2.1,2.3,1.7,2.2,2.4,1.2,1.4,0.9,0.7,0.6,1.3,0.7,1.3,
楠梓,2024/10/16 00:00:00,WS_HR,1,0.9,0.9,0.9,0.6,0.3,0.6,0.3,0.5,1,1.7,1.8,2,1.9,2.2,2.2,1.8,1.5,1.2,0.6,0.8,0.8,0.7,0.5,
楠梓,2024/10/17 00:00:00,AMB_TEMP,28,27.4,27.5,27.2,27.1,27,27,27.6,28.3,29.3,30.7,31.7,31.1,30.7,30.8,30.8,29.9,28.9,28.3,28,28,28,27.9,27.8,
楠梓,2024/10/17 00:00:00,CH4,2.15,2.29,2.27,2.27,2.25,2.27,2.32,2.33,2.26,2.15,2.08,2.05,2.05,2.09,2.09,2.03,2.02,2.02,2.04,2.08,2.04,2.03,2.03,2.04,
楠梓,2024/10/17 00:00:00,CO,0.33,0.3,0.25,0.24,0.26,0.29,0.38,0.56,0.43,0.37,0.26,0.22,0.24,0.24,0.25,0.22,0.24,0.28,0.3,0.33,0.29,0.27,0.22,0.24,
楠梓,2024/10/17 00:00:00,NMHC,0.17,0.12,0.16,0.06,0.1,0.06,0.08,0.16,0.11,0.15,0.04,0,0,0,0,0,0.01,0.22,0.18,0.23,0.07,0.01,0,0.03,
楠梓,2024/10/17 00:00:00,NO,0.9,0.6,0.4,0.5,0.6,0.6,2.4,5.1,4.1,4.3,2.6,1.7,0.8,0.8,0.7,0.8,0.6,0.8,0.5,0.4,0.6,0.5,0.4,0.5,
楠梓,2024/10/17 00:00:00,NO2,17.6,17.6,16.1,11.2,13.7,14,21.5,24,18.7,21.7,14.3,9.7,8,7.4,7.1,7.1,11,17.4,15.6,11.1,8.7,7.6,7.1,10.2,
楠梓,2024/10/17 00:00:00,NOx,18.5,18.3,16.5,11.7,14.3,14.7,23.9,29.2,22.8,26,16.9,11.4,8.8,8.3,7.8,7.9,11.7,18.2,16.1,11.5,9.3,8.1,7.5,10.7,
楠梓,2024/10/17 00:00:00,O3,33.4,23.8,26.7,28.5,24,20.8,12.3,12.1,19.7,32.5,43.6,51.8,58.2,63.6,66.6,61.3,52.7,41.2,47.9,71.3,60.9,58,54.7,50.1,
楠梓,2024/10/17 00:00:00,PM10,50,48,46,40,42,41,49,44,52,64,56,63,64,62,56,51,44,44,43,55,44,37,37,40,
楠梓,2024/10/17 00:00:00,PM2.5,22,27,24,23,24,18,25,23,22,27,24,21,19,27,23,21,19,17,20,31,28,23,18,18,
楠梓,2024/10/17 00:00:00,RAINFALL,0,0,0,0,0,0,0,0,0,0,0,0,0,0,0,0,0,0,0,0,0,0,0,0,
楠梓,2024/10/17 00:00:00,RH,93,96,96,97,97,97,97,96,94,85,76,74,76,78,77,74,78,88,94,96,96,95,94,95,
楠梓,2024/10/17 00:00:00,SO2,2,2.4,4.1,3,2.7,3,2.6,4,4.4,4.6,1.9,1.5,1.7,1.7,1.7,1.4,1.6,1.6,1.5,1.6,1.5,1.4,1.2,1.2,
楠梓,2024/10/17 00:00:00,THC,2.32,2.41,2.43,2.33,2.35,2.33,2.4,2.49,2.37,2.3,2.12,2.05,2.05,2.08,2.09,2.03,2.03,2.24,2.22,2.31,2.11,2.04,2.02,2.07,
楠梓,2024/10/17 00:00:00,WD_HR,141,75,101,78,89,79,75,73,91,133,241,266,281,270,280,279,281,285,280,281,274,282,250,218,
楠梓,2024/10/17 00:00:00,WIND_DIREC,77,99,96,90,74,65,68,80,275,259,278,275,281,274,281,281,284,292,302,268,275,282,218,207,
楠梓,2024/10/17 00:00:00,WIND_SPEED,1,0.5,1.3,1,0.9,0.8,1,1.6,0.7,1.3,1.5,2.3,2.3,2.3,2,1.8,1.6,1.7,1.1,1.1,1.6,1,1.5,0.8,
楠梓,2024/10/17 00:00:00,WS_HR,0.2,0.8,0.8,1.1,0.6,1,0.9,1,0.7,0.2,0.9,1.8,1.8,1.8,2,1.7,1.4,1.6,1.1,1,1.2,1.1,0.8,0.9,
楠梓,2024/10/18 00:00:00,AMB_TEMP,27.4,26.9,26.6,26.8,26.3,26.1,26.4,27.4,28.7,30.3,31.5,32,32.4,32.2,31.8,31.1,30.2,29.4,28.8,28.7,28.7,28.3,27.9,27.3,
楠梓,2024/10/18 00:00:00,CH4,2.1,2.28,2.22,2.16,2.25,2.27,2.25,2.17,2.09,2.07,2.02,2.01,1.99,1.99,1.99,2,#,#,2.08,2.14,2.17,2.17,2.18,2.2,
楠梓,2024/10/18 00:00:00,CO,0.29,0.34,0.27,0.25,0.29,0.33,0.4,0.44,0.28,0.25,0.17,0.16,0.14,0.13,0.14,0.16,0.2,0.26,0.26,0.31,0.37,0.35,0.3,0.26,
楠梓,2024/10/18 00:00:00,NMHC,0.06,0.07,0.08,0.05,0.13,0.09,0.12,0.11,0.07,0.13,0.09,0.18,0.02,0,0.04,0.03,#,#,0.71,0.89,0.14,0.11,0.07,0.05,
楠梓,2024/10/18 00:00:00,NO,0.1,0.7,0.4,0.2,1,1,3.1,5.1,2.3,1.2,0.6,0.6,0.7,0.7,0.7,0.5,0.6,#,0.4,0.4,0.5,0.1,0.3,0.5,
楠梓,2024/10/18 00:00:00,NO2,11.9,16.5,15.7,15.2,23.4,19.6,22,20.2,11.1,9.6,6.1,5.6,5,4.2,4.8,5.7,6.8,#,11.7,13.4,15.4,16,15.8,11.5,
楠梓,2024/10/18 00:00:00,NOx,12,17.2,16.2,15.5,24.4,20.7,25.1,25.3,13.4,10.9,6.7,6.3,5.7,4.9,5.5,6.3,7.4,#,12.2,13.9,15.9,16.2,16.1,12.1,
楠梓,2024/10/18 00:00:00,O3,40.8,22.8,23.7,31.5,10.8,13.6,12.1,22,42.3,56,50.1,52.7,44.7,41.4,43.9,46.8,52.5,35.9,38.8,33.6,29.5,24.2,22,21.5,
楠梓,2024/10/18 00:00:00,PM10,43,47,43,45,46,55,55,54,50,46,44,41,33,22,30,#,49,46,49,45,52,54,49,48,
楠梓,2024/10/18 00:00:00,PM2.5,19,25,25,21,26,27,30,28,26,20,16,19,15,12,11,21,#,17,25,25,27,24,27,27,
楠梓,2024/10/18 00:00:00,RAINFALL,0,0,0,0,0,0,0,0,0,0,0,0,0,0,0,0,0,0,0,0,0,0,0,0,
楠梓,2024/10/18 00:00:00,RH,96,98,98,97,99,100,99,96,91,77,71,66,65,64,67,72,77,85,90,94,94,94,95,97,
楠梓,2024/10/18 00:00:00,SO2,1.2,0.8,0.9,1.1,1,1.1,1.1,1.7,1.6,1.3,0.9,0.9,0.8,0.9,1,1,1.1,1,1.1,1.3,1.5,1.4,1.7,2.1,
楠梓,2024/10/18 00:00:00,THC,2.16,2.35,2.3,2.21,2.38,2.36,2.37,2.28,2.16,2.2,2.11,2.19,2.01,1.98,2.03,2.03,#,#,2.79,3.03,2.31,2.28,2.25,2.25,
楠梓,2024/10/18 00:00:00,WD_HR,69,86,99,75,78,63,60,43,339,288,277,288,275,270,278,273,282,286,300,301,30,44,51,25,
楠梓,2024/10/18 00:00:00,WIND_DIREC,51,91,92,40,62,68,46,20,244,270,272,298,277,275,289,275,296,295,298,319,43,33,37,68,
楠梓,2024/10/18 00:00:00,WIND_SPEED,0.5,0.6,0.7,0.4,1.5,1,0.9,0.9,0.8,1.5,2.3,2.2,2.6,2.4,2.5,2.6,1.4,1.8,1.3,0.5,1.4,1.4,1.8,1.1,
楠梓,2024/10/18 00:00:00,WS_HR,0.4,0.7,0.8,0.3,0.9,1,1.1,0.8,0.5,0.6,1.8,1.6,2.1,2.2,2.2,2.3,1.6,1.5,1.5,0.7,1.1,1.2,1.5,0.9,
楠梓,2024/10/19 00:00:00,AMB_TEMP,26.8,26.8,26.5,26.3,26.1,25.9,25.6,25.6,26.8,28.4,30.2,31.4,31.5,31.7,31.4,31.1,30.6,30.3,29.6,29.1,29,28.5,28.1,27.7,
楠梓,2024/10/19 00:00:00,CH4,2.18,2.22,2.38,2.25,2.19,2.3,2.41,2.27,2.26,2.23,2.22,2.25,2.19,2.1,2.07,2.06,2.07,2.09,2.13,2.14,2.17,2.15,2.12,2.11,
楠梓,2024/10/19 00:00:00,CO,0.25,0.27,0.31,0.29,0.28,0.28,0.32,0.34,0.36,0.33,0.37,0.38,0.36,0.29,0.24,0.26,0.3,0.34,0.37,0.35,0.37,0.32,0.27,0.24,
楠梓,2024/10/19 00:00:00,NMHC,0.06,0.04,0.04,0.06,0.05,0.08,0.1,0.08,0.09,0.07,0.07,0.1,0.05,0.04,0.07,0.15,0.13,0.12,0.13,0.29,0.16,0.1,0.08,0.06,
楠梓,2024/10/19 00:00:00,NO,0.5,0.4,0.6,0.4,0.6,0.7,3.7,4.2,4.3,4,1.8,1.1,0.9,0.4,0.6,0.6,0.5,0.3,0.2,0.3,0.2,0,0.6,0.3,
楠梓,2024/10/19 00:00:00,NO2,10,10.5,10.4,11,12.3,11.5,12.1,10.4,12.3,12.1,9.9,10.6,8.5,6.9,7.7,7.8,8.3,10.6,11.4,10.1,13.5,14,12.2,9.8,
楠梓,2024/10/19 00:00:00,NOx,10.5,11,11.1,11.5,12.9,12.2,15.8,14.6,16.7,16.1,11.7,11.8,9.4,7.3,8.4,8.4,8.9,11,11.6,10.4,13.8,14.1,12.8,10.2,
楠梓,2024/10/19 00:00:00,O3,19.1,18.4,15.9,14.6,13.1,5.4,4,9.6,15.2,23.8,43.3,63.9,77,76.3,73.8,70,64.3,67.1,57.9,49.1,34.7,26.1,23.4,25.1,
楠梓,2024/10/19 00:00:00,PM10,48,47,46,44,45,35,47,51,67,70,73,81,72,52,46,54,56,55,50,47,48,51,42,35,
楠梓,2024/10/19 00:00:00,PM2.5,24,25,27,27,29,22,30,37,42,37,42,52,56,35,25,27,30,30,32,29,28,34,22,22,
楠梓,2024/10/19 00:00:00,RAINFALL,0,0,0,0,0,0,0,0,0,0,0,0,0,0,0,0,0,0,0,0,0,0,0,0,
楠梓,2024/10/19 00:00:00,RH,98,98,98,98,98,98,100,100,98,94,84,76,76,75,76,78,80,79,84,92,91,95,96,96,
楠梓,2024/10/19 00:00:00,SO2,1.8,1,0.8,0.8,1.2,0.9,0.8,0.6,0.5,0.6,0.7,1,1.2,0.9,1,0.7,0.9,0.9,1.3,1.2,1.6,1.5,1.5,1.3,
楠梓,2024/10/19 00:00:00,THC,2.24,2.26,2.42,2.31,2.24,2.38,2.51,2.35,2.35,2.3,2.29,2.35,2.24,2.14,2.14,2.21,2.2,2.21,2.26,2.43,2.33,2.25,2.2,2.17,
楠梓,2024/10/19 00:00:00,WD_HR,61,72,65,67,71,32,50,39,35,344,318,287,271,279,280,289,280,316,277,274,32,40,44,52,
楠梓,2024/10/19 00:00:00,WIND_DIREC,79,78,57,62,47,43,67,37,29,308,279,265,272,270,298,269,310,313,287,305,30,34,51,42,
楠梓,2024/10/19 00:00:00,WIND_SPEED,0.6,1.1,1.9,1.6,1.4,1.1,1.7,1.2,1.5,1.4,1.5,2.2,2.8,2.6,1.9,1.8,1.5,1.5,1.1,0.9,1.3,1.5,1.8,1.5,
楠梓,2024/10/19 00:00:00,WS_HR,0.9,0.9,1.3,1.2,1.1,0.8,1.2,1.2,1.1,0.7,0.7,0.9,2.2,2,2,1.9,1.3,1.1,1,0.6,1,1.4,1.4,1.5,
楠梓,2024/10/20 00:00:00,AMB_TEMP,27.4,27.3,27.1,26.7,26.4,26,25.7,26.4,28.1,29.5,30.8,31.4,32,32.2,31.7,31.2,30.9,30.5,30.2,29.9,29.3,28.4,27.9,27.3,
楠梓,2024/10/20 00:00:00,CH4,2.08,2.08,2.19,2.21,2.2,2.24,2.29,2.27,2.22,2.17,2.15,2.1,2.1,2.09,2.08,2.06,2.05,2.05,2.05,2.12,2.21,2.25,2.22,2.24,
楠梓,2024/10/20 00:00:00,CO,0.2,0.19,0.25,0.2,0.21,0.24,0.28,0.33,0.31,0.32,0.29,0.25,0.25,0.24,0.24,0.23,0.23,0.27,0.27,0.3,0.32,0.31,0.3,0.3,
楠梓,2024/10/20 00:00:00,NMHC,0.03,0.04,0.05,0.06,0.07,0.07,0.09,0.07,0.04,0.03,0.05,0.06,0,0,0.02,0,0,0,0.3,0.14,0.03,0.02,0.03,0.04,
楠梓,2024/10/20 00:00:00,NO,0.4,0.2,0,0,0,0.1,0.3,2.5,1.7,0.6,0.3,0,0,0,0,0,0,0,0,0,0.1,0,0,0,
楠梓,2024/10/20 00:00:00,NO2,7.3,7.4,9.8,9.7,7.6,8.1,8.6,10.6,8.5,7.1,6.5,6.1,5.2,4.9,4.6,4.7,5.6,7.5,8.9,11,13.2,13.5,12.4,13,
楠梓,2024/10/20 00:00:00,NOx,7.8,7.6,9.7,9.7,7.6,8.3,9,13.1,10.3,7.8,6.8,6.2,5.1,4.9,4.6,4.6,5.5,7.5,8.9,11,13.3,13.5,12.4,12.9,
楠梓,2024/10/20 00:00:00,O3,27.5,26.7,20.6,18.6,16.8,13.1,10.6,11.1,22.2,40.4,50.6,52.3,57.6,58.9,58.1,58.8,53.1,47.9,45.7,42.2,38.2,34.5,31.4,23.1,
楠梓,2024/10/20 00:00:00,PM10,41,30,42,45,39,25,33,36,50,57,47,42,38,31,30,38,42,45,39,46,65,63,66,76,
楠梓,2024/10/20 00:00:00,PM2.5,17,13,21,23,17,25,29,30,26,39,27,29,19,24,18,20,18,22,18,16,23,24,23,24,
楠梓,2024/10/20 00:00:00,RAINFALL,0,0,0,0,0,0,0,0,0,0,0,0,0,0,0,0,0,0,0,0,0,0,0,0,
楠梓,2024/10/20 00:00:00,RH,97,97,98,99,100,100,100,99,97,90,76,69,64,64,65,66,64,65,67,72,76,81,84,93,
楠梓,2024/10/20 00:00:00,SO2,1,1.7,1.9,1.6,1.6,1.2,1.3,1.3,1.7,1.6,1.5,1.7,1.7,1.8,1.7,1.7,1.5,1.5,1.6,1.7,1.9,1.7,2.2,2.4,
楠梓,2024/10/20 00:00:00,THC,2.11,2.12,2.24,2.27,2.27,2.31,2.38,2.34,2.26,2.2,2.2,2.16,2.1,2.08,2.1,2.05,2.04,2.05,2.35,2.26,2.24,2.27,2.25,2.28,
楠梓,2024/10/20 00:00:00,WD_HR,48,6,26,37,45,47,33,43,14,4,286,285,273,277,274,276,272,275,284,327,35,30,43,33,
楠梓,2024/10/20 00:00:00,WIND_DIREC,46,305,35,28,54,41,62,39,279,270,269,278,267,277,284,274,278,275,305,30,35,34,47,32,
楠梓,2024/10/20 00:00:00,WIND_SPEED,0.9,0.6,0.9,0.7,1.4,1.6,1.1,1.5,1,0.8,1.1,1.7,1.9,2.4,2,1.8,1.6,1.4,1,1.5,1.8,1.3,1.9,2,
楠梓,2024/10/20 00:00:00,WS_HR,1.1,0.3,0.7,0.9,0.9,1.3,0.7,1,0.9,0.6,0.7,1.5,2,2.2,2,1.9,1.5,1.1,1,0.6,1.4,1.3,1.5,1.7,
楠梓,2024/10/21 00:00:00,AMB_TEMP,26.6,26,25.7,25.4,25.1,24.9,24.9,25.5,27.6,29.9,31.3,31.5,31.9,32.1,32.2,31.8,31,30.3,29.6,28.9,28.2,27.8,27.5,27.1,
楠梓,2024/10/21 00:00:00,CH4,2.29,2.27,2.26,2.26,2.28,2.27,2.27,2.25,2.27,2.22,2.26,2.22,2.16,2.15,2.12,2.09,2.09,2.08,2.13,2.16,2.16,2.2,2.2,2.21,
楠梓,2024/10/21 00:00:00,CO,0.31,0.31,0.3,0.29,0.3,0.3,0.3,0.42,0.54,0.46,0.36,0.34,0.3,0.28,0.26,0.25,0.27,0.36,0.38,0.34,0.29,0.3,0.3,0.29,
楠梓,2024/10/21 00:00:00,NMHC,0.04,0.02,0.03,0.02,0.03,0.02,0.03,0.07,0.14,0.3,0.11,0.06,0.04,0.06,0.1,0.2,0.12,0.26,0.09,0.07,0.04,0.05,0.05,0.05,
楠梓,2024/10/21 00:00:00,NO,0.1,0.3,0.3,0.2,0.1,0.2,1,5.2,14.4,4.4,1.3,0.9,0.4,0.4,0.3,0.2,0.4,0.3,0.1,0.3,0.1,0.1,0,0,
楠梓,2024/10/21 00:00:00,NO2,12.8,11.5,11.2,11.1,12,12.1,13.4,15.3,22.8,21.6,11.5,12,8.6,8.1,7.8,7.5,8.2,16.9,15.5,14.7,11,11,13.6,13.5,
楠梓,2024/10/21 00:00:00,NOx,12.9,11.9,11.5,11.4,12.1,12.4,14.4,20.5,37.2,26,12.9,13,9.1,8.6,8.1,7.8,8.7,17.3,15.7,15,11.2,11.2,13.7,13.5,
楠梓,2024/10/21 00:00:00,O3,17.1,14.5,15.2,14.8,13.7,11.8,9.6,8.2,11.5,49,58,66.9,68.9,73.9,71.2,62.9,54,43.1,46.9,41.9,42.7,37.7,31.6,29.1,
楠梓,2024/10/21 00:00:00,PM10,59,51,38,28,30,31,40,46,64,80,86,80,60,63,60,58,45,56,57,55,50,47,49,49,
楠梓,2024/10/21 00:00:00,PM2.5,21,12,13,16,11,11,12,12,24,28,32,23,23,21,20,20,12,21,22,16,15,17,17,20,
楠梓,2024/10/21 00:00:00,RAINFALL,0,0,0,0,0,0,0,0,0,0,0,0,0,0,0,0,0,0,0,0,0,0,0,0,
楠梓,2024/10/21 00:00:00,RH,95,96,95,95,96,97,97,96,93,82,75,74,72,70,69,68,68,73,81,86,88,93,94,95,
楠梓,2024/10/21 00:00:00,SO2,2.1,1.7,2,2.3,2.4,2.2,2.3,2,2.5,3.3,2.1,2,1.7,1.6,1.5,1.3,1.2,1.2,1.8,1.9,1.4,1.3,1.7,1.6,
楠梓,2024/10/21 00:00:00,THC,2.33,2.29,2.29,2.28,2.31,2.29,2.3,2.32,2.41,2.52,2.37,2.28,2.2,2.21,2.22,2.29,2.21,2.34,2.22,2.23,2.2,2.25,2.25,2.26,
楠梓,2024/10/21 00:00:00,WD_HR,33,41,344,356,25,35,20,52,25,268,271,258,273,281,276,285,284,311,338,15,21,31,349,37,
楠梓,2024/10/21 00:00:00,WIND_DIREC,32,46,330,325,39,356,22,78,216,263,265,273,283,273,280,269,307,319,323,353,34,31,335,34,
楠梓,2024/10/21 00:00:00,WIND_SPEED,1.6,1.4,1.4,0.8,2,0.7,1,0.6,0.7,1.4,2,1.8,2.2,2.2,2.2,2.2,1.4,1.8,1.3,1.5,2.1,1.1,1.2,1.2,
楠梓,2024/10/21 00:00:00,WS_HR,1.1,1.4,0.9,0.8,1.2,0.8,0.9,0.7,0.2,0.7,1.2,1.5,1.7,2,1.9,1.7,1.7,1.5,1.1,1.2,1.2,1.1,0.6,1.3,
楠梓,2024/10/22 00:00:00,AMB_TEMP,26.9,26.8,26.4,26.2,26.1,26.4,26.1,26.8,28,29.3,30.3,31,31.3,31.4,31.5,31.5,31,29.5,28.4,27.4,26.7,26.2,25.7,25.3,
楠梓,2024/10/22 00:00:00,CH4,2.24,2.26,2.25,2.22,2.25,2.29,2.4,2.36,2.25,2.14,2.16,2.16,2.16,2.22,#,2.17,2.15,2.11,2.13,2.15,2.12,2.15,2.16,2.15,
楠梓,2024/10/22 00:00:00,CO,0.29,0.33,0.33,0.28,0.31,0.38,0.47,0.55,0.44,0.3,0.34,0.3,0.3,0.29,#,#,0.32,0.28,0.3,0.28,0.27,0.26,0.25,0.24,
楠梓,2024/10/22 00:00:00,NMHC,0.05,0.08,0.11,0.08,0.06,0.25,0.19,0.19,0.15,0.04,0.07,0.08,0.15,0.06,#,0.04,0.05,0.05,0.07,0.06,0.05,0.06,0.06,0.05,
楠梓,2024/10/22 00:00:00,NO,0.2,0.9,0.8,1.2,1.1,1.1,7.6,9.2,4.8,2.5,2,1.6,1.2,1,#,#,#,0.1,0.1,0,0,0,0.2,0,
楠梓,2024/10/22 00:00:00,NO2,12.4,15.6,14.7,11.8,14.4,21.7,25.6,23.1,19.9,12.7,13.1,11.7,10.8,9.5,#,#,#,14.6,15.6,15.6,13.6,13.6,13.5,13.4,
楠梓,2024/10/22 00:00:00,NOx,12.6,16.6,15.5,13,15.5,22.8,33.3,32.3,24.8,15.2,15.1,13.3,12,10.5,#,#,#,14.8,15.8,15.7,13.6,13.5,13.7,13.4,
楠梓,2024/10/22 00:00:00,O3,24.9,18.9,16.4,18.5,15.7,7.6,4.2,11.9,26.9,44.3,55.5,62.1,70.8,71.3,#,#,59.7,44.7,34,30.2,26.5,22.4,21,19.3,
楠梓,2024/10/22 00:00:00,PM10,51,47,47,53,43,55,52,63,64,65,76,73,74,75,64,#,71,97,112,104,70,55,42,36,
楠梓,2024/10/22 00:00:00,PM2.5,16,21,17,21,15,16,31,31,24,25,30,31,27,30,#,29,30,22,20,27,20,16,14,15,
楠梓,2024/10/22 00:00:00,RAINFALL,0,0,0,0,0,0,0,0,0,0,0,0,0,0,#,#,0,0,0,0,0,0,0,0,
楠梓,2024/10/22 00:00:00,RH,96,97,98,98,98,98,98,97,94,84,77,74,74,74,66,66,70,77,81,x,x,x,x,x,
楠梓,2024/10/22 00:00:00,SO2,1.5,2.3,1.9,1.8,1.6,1.6,2,2.2,3,2.2,1.8,2,1.9,1.7,#,#,#,1.5,1.3,1.8,1.8,1.5,1.5,1.9,
楠梓,2024/10/22 00:00:00,THC,2.29,2.34,2.36,2.3,2.31,2.54,2.59,2.55,2.4,2.18,2.23,2.24,2.31,2.28,#,2.21,2.2,2.16,2.2,2.21,2.17,2.21,2.22,2.2,
楠梓,2024/10/22 00:00:00,WD_HR,34,39,55,34,85,168,84,67,350,44,12,310,312,302,33,6,355,15,18,34,16,359,25,28,
楠梓,2024/10/22 00:00:00,WIND_DIREC,45,52,60,59,81,82,79,49,31,64,332,302,284,309,20,0,28,341,38,37,352,3,12,45,
楠梓,2024/10/22 00:00:00,WIND_SPEED,1.4,1,1.1,1,0.3,0.3,0.9,0.6,0.8,0.6,1.6,2.2,1.8,1.7,1.7,1.3,2.7,1.7,2.6,3,1.8,1.5,1.6,1.6,
楠梓,2024/10/22 00:00:00,WS_HR,0.9,0.9,0.8,0.5,0.4,0.3,0.7,0.8,0.5,0.8,0.8,1.7,1.5,1.5,1.7,1.1,1.1,1.6,1.4,2,1.3,1.2,1.5,1.1,
楠梓,2024/10/23 00:00:00,AMB_TEMP,24.8,24.5,24.2,24,23.9,23.7,23.7,24.7,26.2,27.9,29.4,30.2,30.8,31.2,31.5,31,29.6,28,26.7,25.8,25.3,25,24.6,24.1,
楠梓,2024/10/23 00:00:00,CH4,2.18,2.2,2.2,2.19,2.25,2.22,2.24,2.2,2.2,2.18,2.18,2.16,2.15,2.15,2.15,2.15,2.19,2.21,2.21,2.24,2.27,2.28,2.28,2.25,
楠梓,2024/10/23 00:00:00,CO,0.24,0.24,0.24,0.23,0.24,0.24,0.26,0.34,0.28,0.27,0.27,0.29,0.3,0.34,0.34,0.34,0.4,0.41,0.42,0.43,0.44,0.43,0.42,0.39,
楠梓,2024/10/23 00:00:00,NMHC,0.07,0.08,0.06,0.05,0.06,0.04,0.08,0.07,0.06,0.05,0.04,0.03,0.02,0.03,0.03,0.03,0.06,0.08,0.08,0.1,0.09,0.11,0.11,0.07,
楠梓,2024/10/23 00:00:00,NO,0,0.4,0.3,0.5,0.3,0.5,1.3,2.9,4.5,3.5,2.3,1.3,0.8,0.7,0.6,0.4,0.4,0.6,0.5,0.4,0.4,0.4,0.2,0.3,
楠梓,2024/10/23 00:00:00,NO2,13.6,12.9,12.2,11.2,13,11.8,13.1,12.5,12.6,11.8,11.7,10.3,9.5,9.6,10.6,11.5,13.7,15.2,15.9,17,18.3,17.5,16.7,14.9,
楠梓,2024/10/23 00:00:00,NOx,13.5,13.3,12.6,11.7,13.4,12.3,14.4,15.4,17.2,15.4,14.1,11.7,10.3,10.3,11.2,11.9,14.2,15.8,16.5,17.4,18.7,17.9,17,15.2,
楠梓,2024/10/23 00:00:00,O3,16.8,14.2,12.2,11.3,8.7,10.5,10.1,12.9,19.6,30.6,47.1,61.8,72.5,79.4,79.9,76.7,74.4,57.7,44.8,33.4,26.9,23.8,19.9,21.2,
楠梓,2024/10/23 00:00:00,PM10,39,37,31,23,32,31,34,33,36,43,51,53,51,56,55,50,136,159,127,99,84,77,56,31,
楠梓,2024/10/23 00:00:00,PM2.5,11,15,11,10,12,16,16,15,12,13,22,25,25,26,21,16,23,26,24,24,22,23,15,12,
楠梓,2024/10/23 00:00:00,RAINFALL,0,0,0,0,0,0,0,0,0,0,0,0,0,0,0,0,0,0,0,0,0,0,0,0,
楠梓,2024/10/23 00:00:00,RH,x,x,x,x,x,x,x,x,x,x,x,x,x,x,x,x,x,x,x,x,x,x,x,x,
楠梓,2024/10/23 00:00:00,SO2,1.9,1.6,1.3,1.3,1.3,1.1,1.5,1.3,1.6,1.5,1.4,1.8,1.6,1.8,1.9,1.7,1.8,2.1,2.3,2.1,2,1.9,2,2,
楠梓,2024/10/23 00:00:00,THC,2.25,2.28,2.26,2.24,2.31,2.26,2.32,2.27,2.26,2.23,2.22,2.19,2.17,2.18,2.18,2.18,2.25,2.29,2.29,2.34,2.36,2.39,2.39,2.32,
楠梓,2024/10/23 00:00:00,WD_HR,1,23,33,36,21,7,7,2,29,14,358,27,6,11,2,15,26,31,37,23,13,19,3,26,
楠梓,2024/10/23 00:00:00,WIND_DIREC,34,27,55,335,30,342,21,342,9,335,354,326,310,15,338,20,28,44,4,9,30,16,5,16,
楠梓,2024/10/23 00:00:00,WIND_SPEED,1,1,2.1,1,0.8,1.5,1.5,1.7,1.6,2.1,2,1.6,1.9,1.5,1.2,2.2,3.2,3.5,1,1.3,0.7,1.5,1.4,1.1,
楠梓,2024/10/23 00:00:00,WS_HR,0.8,1,1.2,1.3,0.9,1.1,1,0.9,1.5,1.3,1.2,1.5,1,1,1,1.4,2.2,2.1,1.7,1.3,0.9,1.1,1,1.3,
楠梓,2024/10/24 00:00:00,AMB_TEMP,23.5,23.2,22.8,22.7,22.6,22.5,22.4,23.1,24.7,26.6,28.8,28.9,28.9,28.9,29,29.1,28.8,28.2,27.2,26.5,26,25.4,25.1,24.7,
楠梓,2024/10/24 00:00:00,CH4,2.26,2.24,2.28,2.29,2.26,2.26,2.26,2.17,2.13,2.14,2.15,2.15,2.13,2.1,2.09,2.09,2.09,2.1,2.12,2.13,2.14,2.14,2.13,2.14,
楠梓,2024/10/24 00:00:00,CO,0.37,0.35,0.34,0.34,0.33,0.32,0.31,0.3,0.26,0.26,0.28,0.28,0.27,0.26,0.27,0.27,0.28,0.31,0.28,0.27,0.25,0.24,0.23,0.23,
楠梓,2024/10/24 00:00:00,NMHC,0.09,0.06,0.11,0.08,0.05,0.06,0.05,0.06,0.03,0.04,0.06,0.05,0.05,0.03,0.03,0.06,0.07,0.08,0.09,0.08,0.09,0.09,0.07,0.06,
楠梓,2024/10/24 00:00:00,NO,0.4,0.4,0.3,0.4,0.3,0.3,0.9,2.4,3,2.8,2.7,1.8,1.2,1,1.2,0.7,0.6,0.5,0.4,0.4,0.2,0.4,0.5,0.4,
楠梓,2024/10/24 00:00:00,NO2,13.4,12.2,13.7,12.4,12.3,11.6,14,14.6,12.4,12.5,13,13.7,13.4,12.2,13.3,14,16.4,18.3,16.9,16.6,16.5,15.3,14.6,13.1,
楠梓,2024/10/24 00:00:00,NOx,13.8,12.6,14,12.8,12.6,12,14.9,17.1,15.5,15.4,15.7,15.5,14.6,13.3,14.5,14.8,17.1,18.8,17.3,17,16.7,15.8,15.2,13.5,
楠梓,2024/10/24 00:00:00,O3,22.2,22.4,20.3,19.3,18.8,17.5,17.3,23.8,30.3,34.8,43.3,50.9,59.1,61,63.6,65.7,61.6,49.2,35,26.7,22.6,21,18.9,18.7,
楠梓,2024/10/24 00:00:00,PM10,35,27,29,22,22,19,28,27,31,37,60,51,51,45,51,57,57,70,78,59,49,35,30,25,
楠梓,2024/10/24 00:00:00,PM2.5,10,12,13,16,8,12,12,8,5,6,10,15,7,9,8,15,11,14,15,7,8,8,11,11,
楠梓,2024/10/24 00:00:00,RAINFALL,0,0,0,0,0,0,0,0,0,0,0,0,0,0,0,0,0,0,0,0,0,0,0,0,
楠梓,2024/10/24 00:00:00,RH,x,x,x,x,x,x,x,x,x,x,x,x,x,x,x,x,x,x,x,x,x,x,x,x,
楠梓,2024/10/24 00:00:00,SO2,1.9,1,1.1,1,1.1,1.1,1.1,1.3,1.1,1,1.4,1.3,1.4,1.3,1.2,1.3,1.4,1.3,1.3,1,1,1.3,1.1,1.1,
楠梓,2024/10/24 00:00:00,THC,2.35,2.3,2.39,2.37,2.31,2.32,2.31,2.23,2.16,2.18,2.21,2.2,2.18,2.13,2.12,2.15,2.16,2.18,2.21,2.21,2.23,2.23,2.2,2.2,
楠梓,2024/10/24 00:00:00,WD_HR,14,355,10,12,48,4,336,33,38,23,345,354,16,33,43,12,19,4,5,9,359,20,19,333,
楠梓,2024/10/24 00:00:00,WIND_DIREC,31,331,25,18,46,342,346,47,44,15,343,34,18,45,5,48,13,327,9,2,349,29,330,333,
楠梓,2024/10/24 00:00:00,WIND_SPEED,1.6,1.4,1.8,2,1.7,1.3,2.1,2.8,3.3,1.8,1.8,2.1,1.8,2.4,1.5,2.1,2,2,2.1,1.1,1.3,1.8,1.9,1.6,
楠梓,2024/10/24 00:00:00,WS_HR,1.3,0.7,1.1,1.1,1.9,1.1,1.6,2.3,2.7,1.5,1.4,1.3,1.4,1.9,1.9,1.2,1.3,1.2,1.5,1.2,1.1,1.1,1.2,1.5,
楠梓,2024/10/25 00:00:00,AMB_TEMP,24.5,24.5,24.3,24.1,23.9,23.9,23.9,24.6,26.4,27.6,28.5,30.9,31,30.6,31.2,31.4,29.8,29,29,28.7,28.4,28,27.5,27.2,
楠梓,2024/10/25 00:00:00,CH4,2.14,2.17,2.17,2.17,2.18,2.19,2.2,2.19,2.18,2.31,#,#,#,#,#,#,#,2.04,2.06,2.13,2.17,2.19,2.18,2.21,
楠梓,2024/10/25 00:00:00,CO,0.22,0.21,0.2,0.21,0.2,0.21,0.23,0.47,0.37,0.52,0.42,0.32,0.25,0.21,0.2,0.21,0.26,0.31,0.37,0.39,0.4,0.32,0.33,0.3,
楠梓,2024/10/25 00:00:00,NMHC,0.05,0.07,0.06,0.07,0.07,0.07,0.07,0.15,0.11,0.12,#,#,#,#,#,#,#,0.17,0.13,0.43,0.28,0.13,0.16,0.1,
楠梓,2024/10/25 00:00:00,NO,0.3,0.2,0.2,0.3,0.2,0.3,2.7,10.8,7.5,5.1,3.9,3.1,0.9,0.6,0.5,#,0.7,0.7,0.5,0.6,0.5,0.8,0.6,0.6,
楠梓,2024/10/25 00:00:00,NO2,12.2,13.1,12.9,13,12.3,14.1,15.7,19.1,15.2,20.6,18.2,15.9,9.6,8.8,8.7,#,12.1,12.7,16.3,19,19.6,20.2,18.3,17.2,
楠梓,2024/10/25 00:00:00,NOx,12.6,13.3,13.1,13.4,12.6,14.4,18.5,29.9,22.7,25.7,22.1,19,10.5,9.5,9.3,#,12.9,13.4,16.9,19.6,20.2,21,19,17.9,
楠梓,2024/10/25 00:00:00,O3,18.1,16.6,15.1,12.7,12.3,10.6,9.3,7,15.1,17.9,25,50.8,62.7,56.9,57.7,52.3,52.5,47.2,39,27.9,19.3,16.3,12.9,10.6,
楠梓,2024/10/25 00:00:00,PM10,18,16,17,17,14,14,21,38,41,67,61,43,37,37,35,35,66,76,70,82,68,59,52,45,
楠梓,2024/10/25 00:00:00,PM2.5,7,9,9,7,4,9,11,12,16,25,23,17,#,16,11,14,23,24,19,28,26,19,23,21,
楠梓,2024/10/25 00:00:00,RAINFALL,0,0,0,0,0,0,0,0,0,0,0,0,0,0,0,0,0,0,0,0,0,0,0,0,
楠梓,2024/10/25 00:00:00,RH,x,x,x,x,x,x,x,x,x,x,x,71,65,65,62,60,73,78,78,81,83,85,88,89,
楠梓,2024/10/25 00:00:00,SO2,1.2,1.4,1.1,1.2,1.2,1.4,2.2,1.5,1.8,2,1.6,1.7,1.5,1.3,1.2,1,1,1.3,1,1.1,1.1,1,1,0.9,
楠梓,2024/10/25 00:00:00,THC,2.19,2.24,2.23,2.24,2.25,2.26,2.27,2.34,2.29,2.43,#,#,#,#,#,#,#,2.21,2.19,2.56,2.45,2.32,2.34,2.31,
楠梓,2024/10/25 00:00:00,WD_HR,339,11,18,33,9,356,20,27,347,312,325,299,278,282,276,265,267,288,286,288,324,26,28,336,
楠梓,2024/10/25 00:00:00,WIND_DIREC,340,14,322,26,25,337,51,304,321,305,309,273,271,257,281,251,271,314,299,282,31,46,340,311,
楠梓,2024/10/25 00:00:00,WIND_SPEED,2.2,1.8,0.6,1.3,1.5,1.3,2.1,1.2,1,1,1,2,2,2,1.9,1.7,1.7,1,0.9,0.5,1.3,1.2,0.7,1.1,
楠梓,2024/10/25 00:00:00,WS_HR,1,1.2,1,1.1,1,0.7,0.8,0.7,0.7,0.9,1,1.2,1.9,1.4,1.6,1.6,1.5,1,0.4,0.8,0.5,0.8,0.7,0.7,
楠梓,2024/10/26 00:00:00,AMB_TEMP,26.9,26.5,26.2,26,25.9,26.3,26.2,26.7,27.9,29.6,30.7,31.2,32.2,31.8,31.2,31,30.4,29.6,28.6,27.5,27.2,27.2,27.1,27,
楠梓,2024/10/26 00:00:00,CH4,2.29,2.22,2.21,2.18,2.19,2.22,2.2,2.11,2.07,2.06,2.06,2.04,2.05,2.04,2.03,2.03,2.02,2.05,2.08,2.14,2.11,2.14,2.15,2.14,
楠梓,2024/10/26 00:00:00,CO,0.29,0.23,0.2,0.23,0.28,0.29,0.22,0.23,0.2,0.21,0.22,0.23,0.25,0.22,0.19,0.18,0.2,0.27,0.28,0.28,0.28,0.28,0.3,0.24,
楠梓,2024/10/26 00:00:00,NMHC,0.14,0.07,0.02,0.04,0.1,0.08,0.04,0.04,0,0,0,0.01,0.12,0,0.01,0.03,0.09,0.18,0.05,0.05,0.06,0.12,0.24,0.09,
楠梓,2024/10/26 00:00:00,NO,0.6,0,0.4,0,0,0,1.2,2.1,3.6,2.5,1.3,0.5,0.1,0.1,0.2,0.3,0.1,0.1,0.1,0.1,0,0.1,0.2,0,
楠梓,2024/10/26 00:00:00,NO2,17.5,13.8,12.5,12.7,13.1,14.3,13.9,11.9,11.1,10.3,9.8,8.4,7.5,6.7,6.5,6.4,7,10.8,11.8,14.6,15.2,14.7,17.4,11.6,
楠梓,2024/10/26 00:00:00,NOx,18.2,13.8,12.9,12.8,13,14.4,15.1,14,14.7,12.8,11.1,8.9,7.7,6.9,6.8,6.7,7.2,10.9,12,14.7,15.3,14.8,17.6,11.7,
楠梓,2024/10/26 00:00:00,O3,7.2,7.4,6.9,7.1,8.1,8,7.5,13.6,18.5,27.1,42.4,52.1,60.5,61.7,55.5,53.4,47.9,37.7,30.5,22.7,17.8,17.4,14.7,19.4,
楠梓,2024/10/26 00:00:00,PM10,52,48,48,55,52,64,69,56,52,55,53,43,51,57,54,52,47,51,35,39,31,25,29,18,
楠梓,2024/10/26 00:00:00,PM2.5,23,11,14,18,22,25,22,28,27,27,22,18,22,26,21,16,22,16,17,21,23,17,16,14,
楠梓,2024/10/26 00:00:00,RAINFALL,0,0,0,0,0,0,0,0,0,0,0,0,0,0,0,0,0,0,1,3,1.5,1.5,0.5,0,
楠梓,2024/10/26 00:00:00,RH,91,92,93,94,94,93,94,91,87,81,74,69,66,69,71,71,72,77,83,91,94,94,94,93,
楠梓,2024/10/26 00:00:00,SO2,1.4,1.2,1.1,1.1,1.2,0.9,1,1.1,1.1,1.3,1.5,1.6,1.6,1.6,1.8,1.5,1.3,1.1,1.2,1,1.1,1.1,1.8,1.1,
楠梓,2024/10/26 00:00:00,THC,2.43,2.29,2.23,2.22,2.29,2.3,2.24,2.15,2.07,2.06,2.05,2.05,2.17,2.04,2.04,2.06,2.11,2.23,2.13,2.19,2.17,2.26,2.39,2.23,
楠梓,2024/10/26 00:00:00,WD_HR,22,42,51,8,313,0,42,32,51,21,40,48,288,274,279,275,278,315,355,36,66,84,99,68,
楠梓,2024/10/26 00:00:00,WIND_DIREC,15,39,48,25,295,33,33,21,42,32,27,29,278,279,288,272,302,314,25,54,87,154,76,53,
楠梓,2024/10/26 00:00:00,WIND_SPEED,1.5,1.3,0.5,1.4,0.9,1.4,1.5,1.5,1.6,1,0.8,1.3,2.3,2,2.1,2.4,2.6,1.3,1.5,1.5,0.5,0.3,0.9,0.4,
楠梓,2024/10/26 00:00:00,WS_HR,0.9,1,1,0.8,0.7,0.7,1.5,1.1,1.9,0.9,0.5,0.6,1.3,2.3,2.2,2.1,2,1.6,1.1,0.9,1,0.6,0.4,0.5,
楠梓,2024/10/27 00:00:00,AMB_TEMP,26.8,26.7,26.7,26.5,26.3,26.3,26.3,26.8,27.4,28.6,29.4,29.2,29.2,29.1,29.1,28.7,28.6,28.2,27.9,27.9,28,27.2,26.6,26.2,
楠梓,2024/10/27 00:00:00,CH4,2.17,2.17,2.13,2.11,2.16,2.21,2.19,2.16,2.16,2.1,2.09,2.07,2.02,2.03,1.99,1.99,1.99,1.99,1.99,1.99,1.99,2.1,2.06,2.14,
楠梓,2024/10/27 00:00:00,CO,0.24,0.22,0.19,0.21,0.21,0.23,0.25,0.31,0.32,0.29,0.29,0.21,0.18,0.17,0.16,0.17,0.18,0.2,0.19,0.2,0.21,0.24,0.23,0.21,
楠梓,2024/10/27 00:00:00,NMHC,0.04,0.09,0.01,0.05,0.04,0.05,0.05,0.06,0.17,0.17,0.07,0.04,0.01,0.03,0.05,0.01,0.07,0,0.14,0.02,0.04,0.21,0.3,0.22,
楠梓,2024/10/27 00:00:00,NO,0,0.6,0.4,0.4,0.3,0.8,1.6,2.8,3.6,2.9,2,0.9,1,0.6,0.4,0.4,0.5,0.3,0.3,0.2,0.4,0.8,1.3,0.9,
楠梓,2024/10/27 00:00:00,NO2,12,8.5,8,8.6,8.4,10.1,10.3,10.9,12.1,13.6,11.2,8.5,7.3,5,4.4,4.5,4.7,5.6,7.7,6.6,7.8,13.3,15.9,12.7,
楠梓,2024/10/27 00:00:00,NOx,11.9,9.1,8.4,9.1,8.8,10.9,12,13.7,15.7,16.6,13.2,9.4,8.4,5.7,4.9,4.9,5.2,6,8,6.9,8.2,14.1,17.2,13.6,
楠梓,2024/10/27 00:00:00,O3,13.8,14.4,15.8,13.1,10.7,6.7,7.8,10.1,13.7,23.1,36.6,40.2,38.8,46.4,46.6,44.5,39.4,36.5,36,38.5,35.4,16.6,11.4,14.2,
楠梓,2024/10/27 00:00:00,PM10,21,13,12,16,18,17,20,20,21,35,46,44,34,36,21,21,18,15,12,15,16,16,12,10,
楠梓,2024/10/27 00:00:00,PM2.5,12,10,11,11,10,7,16,17,15,16,19,20,15,20,12,13,11,11,10,8,11,15,5,5,
楠梓,2024/10/27 00:00:00,RAINFALL,0,0,0,0,0,0,0,0,0,0,0,0,0,0,0,0,0,0,0,0,0,0,0,0,
楠梓,2024/10/27 00:00:00,RH,94,94,92,92,94,93,93,92,89,85,82,83,84,84,83,83,83,84,86,86,85,90,89,92,
楠梓,2024/10/27 00:00:00,SO2,0.9,0.7,0.8,0.8,0.9,0.6,0.8,1,1,1.6,1,1,0.9,0.8,0.8,0.8,0.8,0.8,0.8,0.9,0.7,2.3,6.3,3.9,
楠梓,2024/10/27 00:00:00,THC,2.21,2.26,2.14,2.16,2.2,2.26,2.24,2.22,2.33,2.27,2.16,2.11,2.03,2.06,2.04,2,2.06,1.99,2.13,2.01,2.03,2.31,2.36,2.36,
楠梓,2024/10/27 00:00:00,WD_HR,67,25,19,65,62,65,59,84,45,222,239,273,264,278,278,279,279,278,286,286,224,125,129,92,
楠梓,2024/10/27 00:00:00,WIND_DIREC,85,328,55,50,69,42,51,92,45,227,253,278,259,273,269,279,283,278,275,286,208,98,88,83,
楠梓,2024/10/27 00:00:00,WIND_SPEED,0.3,0.7,0.5,0.6,0.9,1,0.7,0.9,0.4,1.6,1.6,1.6,1.7,2.5,1.7,2,1.5,1.7,1.3,0.4,1.7,1.3,0.6,1.2,
楠梓,2024/10/27 00:00:00,WS_HR,0.4,0.1,0.4,0.7,0.9,0.6,0.9,0.8,0.3,0.9,1.3,1.4,1.7,2.1,1.8,1.9,1.7,1.5,1.1,0.6,0.6,1.1,1.2,1.3,
楠梓,2024/10/28 00:00:00,AMB_TEMP,25.8,25.4,25.5,25.3,25.1,25,25,25.1,25.6,27.3,29.1,28.8,28.9,30.3,29.8,29.4,28.2,27.4,27.3,26.4,24.9,24.5,24.5,24.3,
楠梓,2024/10/28 00:00:00,CH4,2.13,2.16,2.1,2.11,2.14,2.05,2.03,2.03,2.03,2.05,2.02,1.98,1.98,1.98,2.07,2.1,2.09,2.07,2.07,2.09,2.12,2.12,2.12,2.15,
楠梓,2024/10/28 00:00:00,CO,0.22,0.18,0.26,0.26,0.27,0.26,0.27,0.4,0.26,0.3,0.23,0.14,0.13,0.12,0.2,0.22,0.24,0.29,0.3,0.27,0.26,0.25,0.26,0.24,
楠梓,2024/10/28 00:00:00,NMHC,0.04,0,0.15,0.09,0,0,0,0.04,0.01,0.24,0.1,0.03,0,0.05,0.05,0.04,0.04,0.08,0.08,0.06,0.08,0.07,0.08,0.06,
楠梓,2024/10/28 00:00:00,NO,0.7,0.8,0.7,0.5,0.9,1.1,2.9,6.3,7.4,11.9,5.5,1.9,1.4,1.1,1.8,2.1,1.4,1.1,1.1,0.8,0.6,0.6,0.6,0.5,
楠梓,2024/10/28 00:00:00,NO2,10.8,7,9.5,10.4,9.4,10.3,14.7,17.6,13.9,21.1,12.5,8.6,6.1,4.8,9.9,12.1,13.1,15.2,15.2,13,13.3,13.2,13,12.5,
楠梓,2024/10/28 00:00:00,NOx,11.6,7.8,10.3,10.9,10.3,11.5,17.6,23.9,21.4,33.1,18.1,10.5,7.6,5.9,11.8,14.3,14.6,16.3,16.4,13.8,14,13.9,13.6,13.1,
楠梓,2024/10/28 00:00:00,O3,13.3,17.5,16.5,15.5,13.3,13,8.3,7.1,11.2,13.5,33,33,33.1,39.2,35.1,41.1,32.3,24.8,21.2,23.7,27,23.1,19,17.4,
楠梓,2024/10/28 00:00:00,PM10,27,11,14,12,15,16,15,12,12,21,19,21,16,13,26,34,31,27,25,22,31,35,36,29,
楠梓,2024/10/28 00:00:00,PM2.5,17,1,3,7,6,10,6,6,8,13,9,12,6,9,11,14,15,15,13,15,20,11,14,12,
楠梓,2024/10/28 00:00:00,RAINFALL,0,0.5,0,0,0,0,0,1,0,0,0,0,0,0,0,0,0,0,0,0.5,1,0,0,0,
楠梓,2024/10/28 00:00:00,RH,94,95,92,93,94,94,93,94,93,87,80,82,81,73,75,75,80,84,85,89,90,91,90,90,
楠梓,2024/10/28 00:00:00,SO2,1.5,0.9,1.6,1.6,1.3,1.3,0.9,0.7,0.7,1.3,1.2,0.9,0.8,0.8,1,1,0.9,1,1.1,1.4,1.2,0.9,1.1,1.3,
楠梓,2024/10/28 00:00:00,THC,2.17,2.14,2.25,2.2,2.13,2.04,2.03,2.07,2.04,2.29,2.12,2.01,1.96,2.03,2.12,2.14,2.13,2.15,2.15,2.15,2.2,2.19,2.2,2.21,
楠梓,2024/10/28 00:00:00,WD_HR,74,91,89,83,88,61,66,72,73,257,278,274,275,273,0,26,39,56,59,11,16,24,40,358,
楠梓,2024/10/28 00:00:00,WIND_DIREC,58,89,89,56,78,62,66,83,47,287,265,278,277,276,39,31,47,56,100,344,25,25,23,24,
楠梓,2024/10/28 00:00:00,WIND_SPEED,1.6,1,0.9,1,1.3,1.8,1.2,1,0.5,1,1.6,2.2,2.1,2,2,2.6,2.6,1.8,1.7,2.4,1.7,1.4,0.9,1.5,
楠梓,2024/10/28 00:00:00,WS_HR,1.2,1.6,1.1,0.9,1.3,1.7,1.2,1.2,1.2,0.4,0.9,2,2.1,1.6,0.9,1.8,2.2,2.1,1.4,0.9,1.3,1.2,1.3,0.8,
楠梓,2024/10/29 00:00:00,AMB_TEMP,24.2,24.1,24.1,24.1,24,24,24,24.4,24.9,25.6,27.9,29.3,30.5,31.2,30.9,30.6,30.2,28.7,27.1,25.9,25.3,24.5,23.9,23.6,
楠梓,2024/10/29 00:00:00,CH4,2.17,2.2,2.18,2.22,2.24,2.23,2.21,2.25,2.24,2.21,2.17,2.09,2.05,2.09,2.11,2.1,2.11,2.15,2.16,2.15,2.16,2.18,2.16,2.2,
楠梓,2024/10/29 00:00:00,CO,0.25,0.24,0.23,0.25,0.25,0.25,0.28,0.4,0.38,0.34,0.33,0.27,0.22,0.26,0.27,0.27,0.29,0.33,0.33,0.31,0.31,0.3,0.28,0.27,
楠梓,2024/10/29 00:00:00,NMHC,0.08,0.09,0.06,0.08,0.08,0.07,0.08,0.09,0.1,0.08,0.08,0.04,0.03,0.08,0.04,0.04,0.04,0.07,0.07,0.05,0.06,0.06,0.05,0.08,
楠梓,2024/10/29 00:00:00,NO,0.6,1.1,1,0.7,1.1,1.2,2.2,4.3,5.9,7,6.6,3.4,1.6,1.2,1.1,1,0.9,1,0.9,1.1,1.1,1,0.8,0.7,
楠梓,2024/10/29 00:00:00,NO2,12.8,14.1,10.9,12.8,12.4,12.1,12.2,12.5,15.2,14.7,13.5,10.7,7.9,8.1,9.1,9.7,10.9,14,14.8,13.3,13.6,12.6,11.7,12.4,
楠梓,2024/10/29 00:00:00,NOx,13.4,15.2,11.9,13.5,13.5,13.3,14.4,16.9,21.1,21.8,20.2,14.2,9.5,9.3,10.3,10.8,11.9,15,15.8,14.5,14.7,13.7,12.6,13.1,
楠梓,2024/10/29 00:00:00,O3,16.7,14.7,14.1,12.3,13.2,9.4,7.5,7.4,8,14,26.8,43.1,54,69.2,71.7,64.5,64.3,57.8,45.4,36.9,31.6,30.7,29.9,27.4,
楠梓,2024/10/29 00:00:00,PM10,41,38,35,36,30,34,36,35,35,34,32,25,29,36,38,46,40,99,98,80,64,52,42,40,
楠梓,2024/10/29 00:00:00,PM2.5,14,16,11,16,17,18,12,18,18,19,19,18,12,18,22,19,19,35,30,24,24,23,19,19,
楠梓,2024/10/29 00:00:00,RAINFALL,0,0,0,0,0,0,0,0,0,0,0,0,0,0,0,0,0,0,0,0,0,0,0,0,
楠梓,2024/10/29 00:00:00,RH,89,90,91,90,90,90,91,90,89,87,81,75,67,65,65,66,67,70,74,76,78,80,82,82,
楠梓,2024/10/29 00:00:00,SO2,1.6,1.4,1.2,1.3,1.7,1.6,1.3,1.4,1.4,1.5,1.6,1.5,1.3,1.3,1.5,1.3,1.3,1.8,1.7,1.8,2,1.9,1.8,1.9,
楠梓,2024/10/29 00:00:00,THC,2.25,2.29,2.24,2.3,2.32,2.3,2.29,2.34,2.34,2.29,2.25,2.13,2.08,2.17,2.15,2.14,2.15,2.22,2.23,2.2,2.22,2.24,2.21,2.28,
楠梓,2024/10/29 00:00:00,WD_HR,342,35,21,27,45,43,36,7,0,341,13,2,3,276,15,359,357,358,17,344,349,4,23,29,
楠梓,2024/10/29 00:00:00,WIND_DIREC,49,59,7,17,44,49,27,6,9,329,7,18,314,306,44,33,14,23,13,331,327,16,352,34,
楠梓,2024/10/29 00:00:00,WIND_SPEED,0.9,1.1,0.6,1.8,2.1,2.9,2.3,1.3,1.7,1.8,1.3,1.4,1.3,1.4,1.3,1.5,1.2,2.4,1.9,2,2,1.9,1.9,1.9,
楠梓,2024/10/29 00:00:00,WS_HR,0.6,0.8,0.5,1,1.6,2,1.9,0.9,1,1.3,0.9,0.8,0.8,1.4,1,0.7,1,1.8,1.8,1.3,1.1,1.5,1.5,1.3,
楠梓,2024/10/30 00:00:00,AMB_TEMP,23.6,23.5,23.2,22.8,22.7,22.6,22.7,23.6,24.7,26.7,28.1,29.5,30.1,30.8,31,30.3,29.6,29,28.3,27.2,26.6,26.2,25.7,25.5,
楠梓,2024/10/30 00:00:00,CH4,2.18,2.21,2.24,2.24,2.24,2.31,2.29,2.28,2.2,2.18,2.17,2.16,2.1,2.07,2.08,2.1,2.09,2.1,2.14,2.16,2.18,2.17,2.16,2.15,
楠梓,2024/10/30 00:00:00,CO,0.26,0.26,0.26,0.26,0.27,0.29,0.31,0.35,0.27,0.27,0.34,0.36,0.29,0.23,0.25,0.27,0.29,0.36,0.32,0.28,0.3,0.28,0.25,0.25,
楠梓,2024/10/30 00:00:00,NMHC,0.06,0.08,0.06,0.07,0.08,0.11,0.09,0.09,0.05,0.06,0.06,0.04,0.03,0,0.01,0.02,0.03,0.06,0.07,0.06,0.07,0.08,0.07,0.06,
楠梓,2024/10/30 00:00:00,NO,0.9,0.4,0.6,0.5,0.5,0.6,2.3,4.5,4.8,5,3,2.1,1.1,0.9,0.7,0.7,0.6,0.4,0.1,0.5,0.6,0.7,0.7,0.7,
楠梓,2024/10/30 00:00:00,NO2,11.8,12.3,11.9,12,11.6,15.1,15.3,15.3,15.1,16,14.6,14.2,10.2,7.9,8.5,11.6,14.2,16.4,15.9,14.3,14.5,14,13.6,12.8,
楠梓,2024/10/30 00:00:00,NOx,12.8,12.7,12.5,12.6,12.1,15.7,17.6,19.9,19.9,21,17.7,16.4,11.3,8.8,9.2,12.4,14.8,16.9,16.1,14.8,15.1,14.7,14.4,13.6,
楠梓,2024/10/30 00:00:00,O3,25.7,22.9,21.5,18.2,15.5,7.1,7,14.2,24.1,29.6,47.6,66.8,69.2,64.7,67.1,70.4,64.5,58.1,51.6,32.1,23.1,19.4,17.5,17,
楠梓,2024/10/30 00:00:00,PM10,36,35,50,43,39,41,33,33,38,46,61,60,45,36,37,41,#,50,71,78,52,30,26,25,
楠梓,2024/10/30 00:00:00,PM2.5,18,16,21,21,18,20,19,20,20,24,31,34,22,15,13,21,14,#,22,20,16,17,8,9,
楠梓,2024/10/30 00:00:00,RAINFALL,0,0,0,0,0,0,0,0,0,0,0,0,0,0,0,0,0,0,0,0,0,0,0,0,
楠梓,2024/10/30 00:00:00,RH,83,84,85,87,88,89,90,84,80,73,70,66,66,62,62,64,67,70,72,77,80,81,83,84,
楠梓,2024/10/30 00:00:00,SO2,2.2,1.6,2,2,1.5,1.6,1.4,1.5,1.8,1.6,2,2.5,2,1.3,1.2,1.5,1.3,1.2,1.4,1.6,1.8,1.5,1.5,1.4,
楠梓,2024/10/30 00:00:00,THC,2.24,2.29,2.3,2.31,2.32,2.42,2.38,2.37,2.25,2.24,2.23,2.2,2.13,2.06,2.09,2.12,2.12,2.16,2.21,2.22,2.25,2.25,2.23,2.21,
楠梓,2024/10/30 00:00:00,WD_HR,25,10,345,22,6,3,34,16,16,323,352,342,38,28,46,45,47,43,20,353,0,13,9,1,
楠梓,2024/10/30 00:00:00,WIND_DIREC,353,36,9,13,29,15,21,37,41,314,26,275,45,21,45,54,36,13,22,347,12,22,9,345,
楠梓,2024/10/30 00:00:00,WIND_SPEED,1,1.5,1.5,1.1,1.3,1.4,1.3,2.3,1.6,1.5,1.9,1.1,2,1.6,2.4,2.9,2.5,0.9,2.5,1.9,2.4,1.9,1.8,2.2,
楠梓,2024/10/30 00:00:00,WS_HR,1.1,0.9,0.8,1,0.9,1,1.4,1.1,1.3,0.9,1.1,0.9,1.1,1.3,1.6,2.7,2.7,2,1.8,1.7,1.6,1.6,1.6,1.3,
楠梓,2024/10/31 00:00:00,AMB_TEMP,25.4,25.4,25.5,25.7,25.5,25.2,24.9,25,25.5,25.8,26.6,27.2,27.3,27.1,26.6,26.5,26,25.9,25.8,25.5,25.1,24.9,24.9,25.8,
楠梓,2024/10/31 00:00:00,CH4,2.16,2.12,2.16,2.13,2.13,2.11,2.1,2.09,2.07,2.05,2.03,2.01,2,2,1.99,2,1.98,1.97,1.98,1.98,2.01,2.03,2.04,2.04,
楠梓,2024/10/31 00:00:00,CO,0.23,0.21,0.19,0.18,0.17,0.17,0.17,0.17,0.16,0.15,0.15,0.15,0.14,0.14,0.12,0.13,0.11,0.11,0.11,0.12,0.15,0.17,0.18,0.19,
楠梓,2024/10/31 00:00:00,NMHC,0.04,0.03,0.02,0.02,0.02,0.01,0.01,0,0,0,0,0,0,0.07,0.19,0,0,0,0,0,0,0,0,0,
楠梓,2024/10/31 00:00:00,NO,0.4,0,0.3,0.2,0.2,0.3,0.5,0.4,0.7,0.6,0.8,0.9,0.7,0.3,0.3,0.5,0.4,0.3,0.3,0.4,0.3,0.3,0.3,0.3,
楠梓,2024/10/31 00:00:00,NO2,12.2,10.4,8.9,7.9,8,8,7.6,7,6.9,6.1,5.4,5.3,5.3,5.1,5,4.9,4.9,4.6,4.6,4.9,4.2,4,4,4.7,
楠梓,2024/10/31 00:00:00,NOx,12.7,10.4,9.2,8.2,8.3,8.4,8.2,7.5,7.7,6.7,6.2,6.2,6,5.4,5.4,5.4,5.3,5,5,5.3,4.6,4.3,4.3,5,
楠梓,2024/10/31 00:00:00,O3,17.9,18.6,20,20.2,19.8,19.3,17.2,19.9,24.3,24.1,24.3,23.2,22.3,24.2,27.3,27.6,28.2,29,30.1,29.7,35.8,40.6,41.5,40.2,
楠梓,2024/10/31 00:00:00,PM10,19,13,17,19,19,32,20,13,10,11,20,37,40,63,106,111,73,41,28,18,18,16,29,39,
楠梓,2024/10/31 00:00:00,PM2.5,9,7,6,6,3,5,7,5,6,2,2,13,13,23,23,32,17,10,7,7,5,11,10,13,
楠梓,2024/10/31 00:00:00,RAINFALL,0,0,0,0,1,0.5,2,3.5,1.5,2,0,0,0,0,0,1.5,2.5,2,0.5,6,5.5,7,4.5,0.5,
楠梓,2024/10/31 00:00:00,RH,85,86,86,86,88,91,93,93,93,93,90,87,86,86,88,89,93,95,94,95,95,94,93,88,
楠梓,2024/10/31 00:00:00,SO2,1.3,0.5,0.4,0.4,0.6,0.3,0.3,0.2,0.1,0.1,0.1,0.1,0.1,0.1,0,0.2,0.2,0.2,0.1,0.1,0.3,0.1,0.2,0.4,
楠梓,2024/10/31 00:00:00,THC,2.2,2.15,2.18,2.15,2.15,2.12,2.11,2.09,2.06,2.04,2.01,1.99,1.98,2.07,2.18,1.99,1.96,1.94,1.95,1.95,1.98,2.01,2.02,2.03,
楠梓,2024/10/31 00:00:00,WD_HR,26,16,359,31,353,55,19,7,2,4,349,345,324,288,295,230,220,222,226,226,222,221,223,227,
楠梓,2024/10/31 00:00:00,WIND_DIREC,23,359,24,26,359,67,28,24,21,345,358,341,314,288,275,215,224,225,222,226,222,225,227,227,
楠梓,2024/10/31 00:00:00,WIND_SPEED,3.8,2.2,2.7,3.4,2.5,2.3,1.9,4,3.8,4.2,4.7,5.4,3.1,3.3,1.9,2.6,6.1,4.8,4.9,7.2,7.5,7.1,5.5,4.5,
楠梓,2024/10/31 00:00:00,WS_HR,2.3,1.7,2,3.1,2.1,2.4,1.4,2.4,2.4,3.1,3.9,3.9,3.2,2.6,2.4,1.9,4.5,5,4.1,5.3,6.6,6.9,5.6,4.2,
楠梓,2024/11/01 00:00:00,AMB_TEMP,25.8,25.5,25.7,26.3,26.1,26.1,26.4,26.5,26.8,27.8,29.1,29.5,30.6,30.2,29.4,29.2,29.1,28.7,27.9,27.3,26.9,26.5,25.6,25.1,
楠梓,2024/11/01 00:00:00,CH4,2.04,2.04,2.04,2.05,2.06,2.07,2.08,2.14,2.2,2.18,2.1,2.08,2.07,2.07,2.09,2.11,2.11,2.12,2.23,2.25,2.34,2.37,2.24,2.21,
楠梓,2024/11/01 00:00:00,CO,0.18,0.19,0.19,0.22,0.24,0.27,0.37,0.53,0.44,0.41,0.36,0.34,0.3,0.29,0.37,0.37,0.41,0.56,0.69,0.68,0.63,0.56,0.38,0.32,
楠梓,2024/11/01 00:00:00,NMHC,0,0,0,0,0,0.04,0.07,0.22,0.23,0.28,0.11,0.06,0.04,0.03,0.11,0.12,0.07,0.1,0.15,0.19,0.29,0.23,0.09,0.04,
楠梓,2024/11/01 00:00:00,NO,0.2,0.6,0.4,0.3,0.4,0.3,0.4,1,2.5,2,1.9,1.3,1,0.9,0.9,1.3,1,1.1,1.5,2.3,0.5,0.5,0.5,0.5,
楠梓,2024/11/01 00:00:00,NO2,5.4,6.9,6,4,5.2,7.9,14.2,21.4,29,19.2,16.1,12.5,9,9.4,15,20.7,18.5,24.7,35,31.8,24.7,20.2,15,9.8,
楠梓,2024/11/01 00:00:00,NOx,5.6,7.5,6.4,4.4,5.6,8.2,14.7,22.4,31.6,21.3,18.1,13.8,10.1,10.3,16,22,19.6,25.8,36.5,34.1,25.2,20.8,15.5,10.3,
楠梓,2024/11/01 00:00:00,O3,35.2,32.5,33.9,50.8,57,51.4,45.6,39.7,31.9,42.1,56.2,64.2,71.7,67.6,61.2,50.8,51,38.6,14.8,8.7,18.4,25.1,27.4,32.2,
楠梓,2024/11/01 00:00:00,PM10,33,32,31,44,40,36,43,47,52,47,54,53,47,45,50,62,51,50,48,53,63,72,55,49,
楠梓,2024/11/01 00:00:00,PM2.5,14,16,13,18,19,16,20,21,24,28,24,20,21,19,21,20,22,20,26,21,35,30,29,26,
楠梓,2024/11/01 00:00:00,RAINFALL,1.5,1.5,0,3,1.5,1,0.5,0,0,0,0,0,0,0,0,0,0,0,0,0,0,0,0,0,
楠梓,2024/11/01 00:00:00,RH,86,87,86,90,92,92,90,90,90,86,79,75,69,68,72,77,77,77,82,84,87,90,92,92,
楠梓,2024/11/01 00:00:00,SO2,0.4,1,1,1.1,1.1,1.2,2,2.5,3.6,2.4,2.4,1.5,1.4,1.4,1.9,4.2,2.2,2,1.7,1.4,1.5,1.4,1.5,1.7,
楠梓,2024/11/01 00:00:00,THC,2.03,2.02,2.02,2.04,2.06,2.11,2.15,2.36,2.43,2.46,2.21,2.14,2.11,2.1,2.2,2.23,2.18,2.22,2.38,2.44,2.63,2.6,2.33,2.25,
楠梓,2024/11/01 00:00:00,WD_HR,233,225,214,204,190,177,170,143,139,159,180,190,192,200,189,81,93,83,83,39,339,329,350,343,
楠梓,2024/11/01 00:00:00,WIND_DIREC,221,225,211,195,192,165,151,91,159,156,172,176,191,205,175,88,98,91,86,345,317,5,336,335,
楠梓,2024/11/01 00:00:00,WIND_SPEED,4.5,4.8,2.7,3.9,3.2,2.3,2.4,0.9,2,2.9,3.4,3.2,2.5,2.6,1.1,1.7,1,0.7,0.8,0.8,1.4,1.4,1.8,1.1,
楠梓,2024/11/01 00:00:00,WS_HR,3.6,3.7,2.7,3.4,3.2,2,1.8,1.7,1,2.1,2.5,2.3,2.3,2.2,1.4,1,1.1,1,0.8,0.8,0.7,1.1,1.3,1.1,
楠梓,2024/11/02 00:00:00,AMB_TEMP,24.7,24.4,24.2,24.1,24,23.9,24,24.9,26.6,28.7,30,31.1,31.4,31.2,30.8,30.2,29.4,28.6,28,28,27.9,27.6,27.2,26.5,
楠梓,2024/11/02 00:00:00,CH4,2.21,2.23,2.26,2.23,2.22,2.19,2.18,2.13,2.1,2.09,2.11,2.15,2.09,2.05,2.05,2.06,2.06,2.08,2.12,2.11,2.21,2.23,2.25,2.27,
楠梓,2024/11/02 00:00:00,CO,0.32,0.33,0.32,0.31,0.3,0.29,0.31,0.28,0.28,0.29,0.37,0.55,0.41,0.24,0.23,0.25,0.26,0.29,0.33,0.36,0.45,0.38,0.35,0.35,
楠梓,2024/11/02 00:00:00,NMHC,0.04,0.05,0.03,0.04,0.03,0.03,0.04,0.01,0.02,0.19,0.18,0.13,0.03,0,0,0.02,0.01,0.04,0.44,1.46,1.88,0.09,0.06,0.06,
楠梓,2024/11/02 00:00:00,NO,0.6,0.5,0.6,0.6,0.5,0.6,1.5,3.9,4.4,3.8,2.6,1.5,0.9,0.9,0.7,0.8,0.5,0.4,0.5,0.5,0.6,0.4,1,0.4,
楠梓,2024/11/02 00:00:00,NO2,8.9,9.7,8.9,7.2,8.2,9.1,9.6,8,8.2,10.8,14.6,14,10.2,6,6.2,6.4,6.5,7.5,9.2,11.1,14.9,14.3,12.8,12.1,
楠梓,2024/11/02 00:00:00,NOx,9.5,10.2,9.5,7.8,8.7,9.7,11.2,12,12.6,14.7,17.3,15.5,11.1,6.9,7,7.2,7.1,8,9.8,11.7,15.6,14.8,13.8,12.5,
楠梓,2024/11/02 00:00:00,O3,29.2,22.5,18.8,17.8,16.3,12.4,8.3,9.1,14.7,30.7,48.6,73,72.4,56,55.6,58.6,57.5,59,51.8,35,28.3,31.5,30.1,31,
楠梓,2024/11/02 00:00:00,PM10,50,48,45,42,48,38,34,23,27,27,34,47,36,21,31,25,33,42,52,44,55,57,48,51,
楠梓,2024/11/02 00:00:00,PM2.5,25,19,24,20,24,21,12,15,17,16,16,25,17,10,14,12,11,15,18,15,14,21,21,20,
楠梓,2024/11/02 00:00:00,RAINFALL,0,0,0,0,0,0,0,0,0,0,0,0,0,0,0,0,0,0,0,0,0,0,0,0,
楠梓,2024/11/02 00:00:00,RH,92,94,95,95,95,95,95,91,82,75,70,66,62,62,63,66,68,71,77,76,79,81,82,83,
楠梓,2024/11/02 00:00:00,SO2,1.4,1,0.8,0.8,0.6,0.7,0.7,0.7,0.8,1.2,1.8,3,3,1.4,1,1,1.2,1.3,1.1,1.2,1.2,1.2,1.2,1.6,
楠梓,2024/11/02 00:00:00,THC,2.25,2.28,2.29,2.27,2.25,2.22,2.22,2.14,2.12,2.28,2.29,2.28,2.12,2.04,2.05,2.08,2.07,2.12,2.56,3.57,4.09,2.32,2.31,2.33,
楠梓,2024/11/02 00:00:00,WD_HR,21,26,21,16,22,28,37,45,42,279,280,272,244,254,268,272,277,272,289,292,322,37,24,30,
楠梓,2024/11/02 00:00:00,WIND_DIREC,41,38,34,24,31,23,6,39,354,239,271,251,260,257,267,280,279,267,291,296,23,55,341,49,
楠梓,2024/11/02 00:00:00,WIND_SPEED,0.9,1.4,0.9,1.5,0.9,0.9,0.9,1.2,0.4,1.1,1.1,1,1.8,2,1.8,1.7,1.7,1.2,0.6,0.9,0.7,1.6,0.8,1.6,
楠梓,2024/11/02 00:00:00,WS_HR,1,1,0.8,0.7,1,0.9,1,1.3,0.7,0.5,0.8,1,1.7,1.6,1.7,1.5,1.6,1.5,0.9,0.6,0.4,1.1,0.8,1.1,
楠梓,2024/11/03 00:00:00,AMB_TEMP,26,25.6,25.4,25.1,24.9,24.4,24.2,24.3,26,28.1,30,30.5,30.5,30.7,30.3,29.8,29.1,28.2,28.3,28.4,27.8,27.2,26.9,26.3,
楠梓,2024/11/03 00:00:00,CH4,2.28,2.31,2.39,2.44,2.48,2.49,2.47,2.38,2.31,2.23,2.2,2.24,2.26,2.15,2.11,2.14,2.16,2.14,2.13,2.1,2.18,2.23,2.25,2.28,
楠梓,2024/11/03 00:00:00,CO,0.33,0.36,0.36,0.37,0.36,0.38,0.38,0.4,0.42,0.37,0.36,0.46,0.43,0.3,0.26,0.29,0.32,0.33,0.33,0.33,0.35,0.37,0.37,0.37,
楠梓,2024/11/03 00:00:00,NMHC,0.06,0.05,0.03,0.1,0.07,0.07,0.06,0.05,0.06,0.03,0.09,0.04,0.03,0.02,0.03,0.11,0.02,0,0.39,0.35,0.02,0.02,0.01,0.01,
楠梓,2024/11/03 00:00:00,NO,0.5,0.3,0.1,0.4,0.2,0.5,1.1,1.9,2,1.5,0.7,0.7,0.5,0.4,0.4,0.1,0.2,0.2,0.1,0.2,0.2,0.2,0.1,0.2,
楠梓,2024/11/03 00:00:00,NO2,11.1,11.6,11.1,11.4,11.8,15.2,13.4,10,9.5,8.4,7.4,8.5,9,6.3,4.9,6.4,9.3,8.7,7.6,9.3,9.4,9.4,10.4,10.4,
楠梓,2024/11/03 00:00:00,NOx,11.6,12,11.3,11.8,12.1,15.7,14.6,12,11.5,10,8.2,9.2,9.5,6.7,5.4,6.6,9.6,8.9,7.8,9.5,9.7,9.7,10.6,10.7,
楠梓,2024/11/03 00:00:00,O3,23.2,17.2,15.2,14.9,13.6,6,7.5,12.3,23.5,48.9,62.5,69.5,81.4,72.5,67.6,78.8,73.6,64.9,58.9,51.5,49.7,43.4,36.9,29.1,
楠梓,2024/11/03 00:00:00,PM10,49,52,49,54,57,52,62,52,58,51,42,52,56,36,42,54,62,65,50,44,65,72,72,67,
楠梓,2024/11/03 00:00:00,PM2.5,21,18,18,18,23,19,26,28,32,30,26,28,31,21,21,22,23,21,26,20,24,25,29,28,
楠梓,2024/11/03 00:00:00,RAINFALL,0,0,0,0,0,0,0,0,0,0,0,0,0,0,0,0,0,0,0,0,0,0,0,0,
楠梓,2024/11/03 00:00:00,RH,87,90,91,91,91,92,94,95,88,80,68,66,67,64,65,68,71,75,72,69,76,82,83,85,
楠梓,2024/11/03 00:00:00,SO2,1.5,1.6,1.4,1.6,1.9,1.7,1.5,1.2,1.4,1.8,1.7,2.3,2.5,2.2,1.7,1.8,1.8,1.8,1.6,1.6,1.7,1.9,2.1,1.9,
楠梓,2024/11/03 00:00:00,THC,2.34,2.36,2.42,2.54,2.55,2.56,2.53,2.43,2.37,2.26,2.29,2.28,2.29,2.17,2.14,2.25,2.18,2.14,2.52,2.45,2.2,2.25,2.26,2.29,
楠梓,2024/11/03 00:00:00,WD_HR,42,47,5,345,351,33,54,48,347,345,276,286,276,274,272,278,272,276,280,223,64,49,25,20,
楠梓,2024/11/03 00:00:00,WIND_DIREC,43,43,326,33,20,33,63,20,9,302,254,279,280,272,269,275,276,287,309,203,67,53,37,23,
楠梓,2024/11/03 00:00:00,WIND_SPEED,0.9,1,1.1,0.8,1.4,1.7,1,1,1,1.2,0.9,2.1,2.3,2.4,2.4,1.7,1.9,1.2,0.8,1.3,1.4,0.9,1.2,0.6,
楠梓,2024/11/03 00:00:00,WS_HR,1.1,1.3,0.6,0.7,0.8,1.3,1.3,1,0.6,0.5,0.6,0.7,1.9,1.7,2,1.6,1.6,1.3,0.6,0.7,0.8,1.1,0.9,0.7,
楠梓,2024/11/04 00:00:00,AMB_TEMP,25.9,25.5,25,24.8,24.6,24.4,24.2,25.1,26.4,28.3,29.4,29.9,30.2,30.7,30.6,30.2,29.2,28.4,28.1,27.9,27.7,27.6,26.6,26.1,
楠梓,2024/11/04 00:00:00,CH4,2.32,2.37,2.52,2.49,2.53,2.52,2.41,2.43,2.41,2.23,2.22,2.17,2.11,2.12,2.09,2.08,2.11,2.11,2.07,2.06,2.06,2.09,2.26,2.38,
楠梓,2024/11/04 00:00:00,CO,0.38,0.4,0.46,0.49,0.5,0.53,0.49,0.62,0.62,0.45,0.41,0.34,0.29,0.28,0.26,0.25,0.28,0.36,0.32,0.3,0.29,0.36,0.42,0.4,
楠梓,2024/11/04 00:00:00,NMHC,0.01,0.02,0.07,0.07,0.06,0.07,0.05,0.11,0.19,0.26,0.09,0.03,0,0,0.01,0,0.04,0.06,0.03,0.02,0.08,0.21,0.13,0.09,
楠梓,2024/11/04 00:00:00,NO,0.2,0.9,0.8,0.8,0.9,0.9,1.4,5.5,10.3,3,1.7,1.4,1.3,1.1,1.1,1.1,1,0.8,0.7,0.8,0.9,0.8,1,1.1,
楠梓,2024/11/04 00:00:00,NO2,11.5,10.8,11.5,11.8,13,15.7,13.8,18.7,24.4,17.7,11.6,9.8,6.7,5.7,5.8,7,9.4,9.5,11,11,14.1,19.3,18.3,19.7,
楠梓,2024/11/04 00:00:00,NOx,11.8,11.7,12.4,12.6,13.9,16.7,15.3,24.3,34.8,20.7,13.4,11.2,8,6.8,7,8.1,10.4,10.4,11.7,11.8,15.1,20.1,19.3,20.9,
楠梓,2024/11/04 00:00:00,O3,23.7,21.4,18.5,17.9,16.6,12.9,11.7,12.9,20.7,50.9,55.6,59.4,56.8,58.8,57.4,52.8,55.9,55.1,51.9,50.2,44.3,35,23.1,19.5,
楠梓,2024/11/04 00:00:00,PM10,76,74,83,87,87,85,78,91,89,61,65,59,45,40,39,40,46,50,49,53,52,58,52,49,
楠梓,2024/11/04 00:00:00,PM2.5,29,31,33,35,41,38,34,36,48,38,34,29,24,19,17,16,18,22,19,19,19,20,17,20,
楠梓,2024/11/04 00:00:00,RAINFALL,0,0,0,0,0,0,0,0,0,0,0,0,0,0,0,0,0,0,0,0,0,0,0,0,
楠梓,2024/11/04 00:00:00,RH,86,87,89,88,89,90,92,88,84,74,69,67,65,63,62,62,68,73,75,77,76,76,83,86,
楠梓,2024/11/04 00:00:00,SO2,2.3,2.2,2.1,2.1,2.9,2.4,2.4,3.6,3.3,2.9,2.3,2,1.7,1.7,1.7,1.4,1.5,1.6,1.6,1.6,1.6,1.5,1.7,1.5,
楠梓,2024/11/04 00:00:00,THC,2.33,2.39,2.59,2.56,2.59,2.59,2.46,2.54,2.6,2.49,2.31,2.2,2.11,2.11,2.1,2.08,2.15,2.17,2.1,2.08,2.14,2.3,2.39,2.47,
楠梓,2024/11/04 00:00:00,WD_HR,356,325,309,339,4,31,33,22,304,289,286,279,277,274,267,269,274,265,216,216,206,234,71,51,
楠梓,2024/11/04 00:00:00,WIND_DIREC,358,313,298,32,34,41,33,317,264,292,269,277,276,270,281,276,278,229,211,201,201,347,61,40,
楠梓,2024/11/04 00:00:00,WIND_SPEED,0.8,0.8,1.1,1,1.3,1.2,0.8,0.9,1,1.4,1.7,2.2,1.6,2,2,2.2,1.8,0.9,2.4,1.8,1.4,0.6,0.8,1.4,
楠梓,2024/11/04 00:00:00,WS_HR,0.6,0.8,1.1,0.6,0.8,0.7,0.9,0.8,0.5,0.7,1.1,1.6,1.5,1.7,1.7,1.6,1.7,1.1,1.8,1.5,1.5,0.5,0.7,0.8,
楠梓,2024/11/05 00:00:00,AMB_TEMP,25.6,25.2,24.7,24.5,24.3,24.4,25,25.4,25.6,26.9,27.4,28.8,29.1,30,30,29.7,28.5,27.4,26.6,26.1,25.4,24.5,23.9,23.5,
楠梓,2024/11/05 00:00:00,CH4,2.38,2.41,2.38,2.34,2.34,2.35,2.29,2.3,2.5,2.35,2.28,2.25,2.17,2.13,2.1,2.07,2.12,2.13,2.14,2.17,2.23,2.21,2.21,2.23,
楠梓,2024/11/05 00:00:00,CO,0.38,0.36,0.35,0.33,0.35,0.35,0.39,0.54,0.55,0.44,0.37,0.36,0.36,0.3,0.25,0.24,0.3,0.35,0.38,0.4,0.44,0.44,0.37,0.33,
楠梓,2024/11/05 00:00:00,NMHC,0.09,0.13,0.08,0.08,0.09,0.08,0.09,0.11,0.14,0.13,0.1,0.08,0.06,0.09,0.02,0.02,0.07,0.08,0.07,0.09,0.09,0.08,0.07,0.08,
楠梓,2024/11/05 00:00:00,NO,1,0.6,0.7,0.8,2.3,2.5,6.9,7.7,16.1,9.7,5.7,3.9,2.1,1.3,0.8,1,0.9,0.8,0.4,0.6,0.6,0.7,0.8,0.8,
楠梓,2024/11/05 00:00:00,NO2,15.1,16.3,13.9,13,18,15.3,22.2,20,20.5,18.1,15,15.2,12.8,11,8,6.9,12,16,15.4,15.1,16.1,14.8,13.5,12.5,
楠梓,2024/11/05 00:00:00,NOx,16.1,17,14.7,13.8,20.4,17.8,29.1,27.8,36.6,27.9,20.8,19.1,15,12.4,8.8,8,13,16.8,15.9,15.7,16.7,15.5,14.3,13.4,
楠梓,2024/11/05 00:00:00,O3,19.5,10.8,10.3,11.5,7.7,5.6,6.1,6.4,5.7,15.1,28.5,45,61.3,74.3,70.3,61.4,61.6,55.8,49.8,43.6,35.2,29.1,26.1,24.1,
楠梓,2024/11/05 00:00:00,PM10,55,56,63,47,54,45,45,45,67,69,71,65,74,64,51,47,60,78,119,123,97,75,64,57,
楠梓,2024/11/05 00:00:00,PM2.5,24,25,19,22,24,21,24,27,32,33,32,35,32,27,21,18,25,26,31,34,31,29,26,24,
楠梓,2024/11/05 00:00:00,RAINFALL,0,0,0,0,0,0,0,0,0,0,0,0,0,0,0,0,0,0,0,0,0,0,0,0,
楠梓,2024/11/05 00:00:00,RH,89,90,91,92,92,91,87,84,86,81,77,70,67,63,62,61,67,72,75,78,81,82,83,84,
楠梓,2024/11/05 00:00:00,SO2,1.5,1.8,2.2,2,1.5,1.4,1.6,1.8,2,2.3,3,3,3,2.2,1.6,1.4,1.7,2.2,2.4,2.8,2.4,2.3,2.2,2,
楠梓,2024/11/05 00:00:00,THC,2.47,2.54,2.46,2.42,2.43,2.43,2.38,2.41,2.64,2.48,2.38,2.33,2.23,2.22,2.12,2.09,2.19,2.21,2.21,2.26,2.32,2.29,2.28,2.31,
楠梓,2024/11/05 00:00:00,WD_HR,33,358,30,44,56,327,70,29,19,340,344,16,359,294,271,271,347,29,26,13,16,339,2,21,
楠梓,2024/11/05 00:00:00,WIND_DIREC,7,24,357,58,29,20,60,20,12,343,324,359,356,268,260,266,29,27,37,338,336,8,8,348,
楠梓,2024/11/05 00:00:00,WIND_SPEED,0.5,1.9,0.6,1.6,0.4,0.3,1.2,1.8,1.5,1.6,1.9,1.4,1.8,1.8,1.6,1.2,2.3,2.4,1.8,1.6,1.1,1.1,1.3,1.1,
楠梓,2024/11/05 00:00:00,WS_HR,1.1,0.6,0.6,1,0.7,0.1,0.8,0.8,1,0.8,1.4,0.7,1.1,1.3,1.4,1.3,1.1,1.7,1.5,1.4,1.2,0.9,1.1,1.3,
楠梓,2024/11/06 00:00:00,AMB_TEMP,23.1,23,22.7,22.1,21.8,21.6,21.5,22.1,23.2,24.9,26.5,27.9,28.7,28.7,29.2,28.9,28.2,27.5,26.2,24.9,23.9,23.1,22.4,21.9,
楠梓,2024/11/06 00:00:00,CH4,2.21,2.2,2.24,2.27,2.31,2.28,2.24,2.22,2.21,2.19,2.17,2.15,2.13,2.12,2.1,2.09,2.08,2.09,2.14,2.14,2.15,2.15,2.17,2.16,
楠梓,2024/11/06 00:00:00,CO,0.33,0.29,0.28,0.27,0.26,0.26,0.27,0.35,0.29,0.27,0.27,0.31,0.32,0.3,0.29,0.33,0.27,0.33,0.33,0.28,0.26,0.23,0.23,0.21,
楠梓,2024/11/06 00:00:00,NMHC,0.07,0.07,0.05,0.06,0.05,0.05,0.06,0.05,0.07,0.06,0.05,0.06,0.09,0.05,0.05,0.02,0.04,0.08,0.14,0.07,0.08,0.08,0.08,0.08,
楠梓,2024/11/06 00:00:00,NO,0.6,0.5,0.5,0.3,0.6,0.4,0.7,2.9,4.1,4.8,3.6,1.7,1,0.8,0.6,0.6,0.6,0.4,0.3,0.3,0.5,0.3,0.3,0.4,
楠梓,2024/11/06 00:00:00,NO2,12.1,11.7,10.8,11.3,12.4,13.3,14,15.6,14.9,15.6,14.8,12.9,12.4,10.2,8.3,8.2,9.6,14.2,18,16.4,15.3,14.7,14.8,14,
楠梓,2024/11/06 00:00:00,NOx,12.7,12.2,11.4,11.7,13,13.8,14.7,18.6,19,20.5,18.4,14.7,13.5,11,9,8.9,10.3,14.7,18.3,16.7,15.9,15,15.2,14.5,
楠梓,2024/11/06 00:00:00,O3,22.5,20.7,19.5,20.2,18.9,19.3,21.2,19.9,25.3,29.6,40.7,56.7,75,81,78.9,73.5,66.8,58.7,42.5,35.6,29,25.1,22.3,21.5,
楠梓,2024/11/06 00:00:00,PM10,42,40,41,36,38,26,22,31,42,51,55,59,58,55,50,75,79,78,90,83,67,46,42,37,
楠梓,2024/11/06 00:00:00,PM2.5,23,21,20,26,21,21,16,18,20,22,26,28,26,27,28,21,22,26,26,23,18,11,9,13,
楠梓,2024/11/06 00:00:00,RAINFALL,0,0,0,0,0,0,0,0,0,0,0,0,0,0,0,0,0,0,0,0,0,0,0,0,
楠梓,2024/11/06 00:00:00,RH,85,85,86,86,86,85,84,83,78,71,66,63,61,61,59,59,61,63,65,65,66,67,69,71,
楠梓,2024/11/06 00:00:00,SO2,2.2,1.4,1,1.5,1.4,1.6,1.4,1.5,1.5,1.7,1.9,1.9,1.5,1.4,1.4,1.4,1.4,1.5,1.6,1.6,1.7,1.7,1.6,1.7,
楠梓,2024/11/06 00:00:00,THC,2.28,2.27,2.29,2.33,2.36,2.33,2.3,2.27,2.28,2.25,2.22,2.21,2.22,2.17,2.15,2.11,2.12,2.17,2.28,2.21,2.23,2.23,2.25,2.24,
楠梓,2024/11/06 00:00:00,WD_HR,7,50,15,350,345,350,21,37,348,11,8,281,307,321,271,260,266,280,346,12,21,9,353,15,
楠梓,2024/11/06 00:00:00,WIND_DIREC,31,54,348,328,348,14,38,334,327,38,331,244,320,301,242,236,253,295,22,29,0,337,2,35,
楠梓,2024/11/06 00:00:00,WIND_SPEED,2.2,1.2,1.2,1.1,1.2,0.8,1.3,1.3,1.7,1.8,1.8,1.8,2.1,1.3,2.1,1.4,0.9,1.4,1.8,2.2,1,1,0.9,1.3,
楠梓,2024/11/06 00:00:00,WS_HR,1.4,1.6,0.9,0.9,0.8,0.7,1.2,1.2,1.1,1.2,1.1,0.8,1.4,1,1.6,1.2,1.2,1.2,1.2,1.3,1.4,0.7,0.6,0.9,
楠梓,2024/11/07 00:00:00,AMB_TEMP,21.5,21.1,20.6,20.1,19.9,20,20.1,20.4,22,24.3,26.4,27.4,29.1,29.2,28.8,28.5,27.7,27,26.2,25.3,24.5,23.8,23.3,22.9,
楠梓,2024/11/07 00:00:00,CH4,2.17,2.17,2.17,2.21,2.19,2.18,2.2,2.24,2.23,2.21,2.17,2.16,2.13,2.12,2.09,2.08,2.08,2.11,2.13,2.14,2.14,2.15,2.19,2.16,
楠梓,2024/11/07 00:00:00,CO,0.21,0.2,0.19,0.18,0.18,0.19,0.22,0.28,0.26,0.27,0.29,0.35,0.33,0.28,0.25,0.24,0.28,0.34,0.35,0.28,0.28,0.28,0.29,0.29,
楠梓,2024/11/07 00:00:00,NMHC,0.07,0.05,0.06,0.09,0.07,0.05,0.07,0.09,0.09,0.11,0.09,0.16,0.14,0.1,0.13,0.15,0.14,0.13,0.13,0.09,0.09,0.1,0.1,0.09,
楠梓,2024/11/07 00:00:00,NO,0.3,0.4,0.4,0.4,0.5,0.5,1.3,4.1,6.4,7.4,4.5,2.3,1.6,1.1,0.9,0.9,0.9,0.5,0.7,0.7,0.6,0.8,0.6,0.6,
楠梓,2024/11/07 00:00:00,NO2,13.7,12.5,11.9,12.2,11.6,12.1,14.7,16.8,15.6,18,16.9,16.4,14.9,11.8,10.8,11.9,13.8,16.4,17.9,16.3,14.6,16.1,16.7,16,
楠梓,2024/11/07 00:00:00,NOx,14.1,12.9,12.3,12.6,12.1,12.7,16,20.9,22.1,25.4,21.4,18.7,16.6,13,11.7,12.8,14.7,17,18.6,17,15.3,17,17.4,16.6,
楠梓,2024/11/07 00:00:00,O3,20.3,20.2,18.8,19.4,18,14.3,12,14.1,18.6,25,40.2,62.3,77.6,88.7,82.3,74.1,62.4,55.9,46.2,40.5,33.2,24.6,19.7,18.5,
楠梓,2024/11/07 00:00:00,PM10,37,25,31,25,29,25,32,29,38,58,66,72,73,65,61,77,63,67,63,74,70,68,60,44,
楠梓,2024/11/07 00:00:00,PM2.5,15,13,14,16,13,16,12,16,21,21,26,31,25,26,24,19,17,21,21,18,21,22,19,13,
楠梓,2024/11/07 00:00:00,RAINFALL,0,0,0,0,0,0,0,0,0,0,0,0,0,0,0,0,0,0,0,0,0,0,0,0,
楠梓,2024/11/07 00:00:00,RH,74,75,78,79,81,82,81,79,73,68,64,60,56,55,57,60,63,65,67,69,72,75,78,79,
楠梓,2024/11/07 00:00:00,SO2,1.6,1.8,1.5,1.6,1.8,1.5,1.8,2.5,2.1,2.1,2.8,2.8,2.6,2.1,2,1.8,1.8,1.8,1.6,1.8,2,2.4,2.3,2.3,
楠梓,2024/11/07 00:00:00,THC,2.24,2.22,2.23,2.3,2.26,2.23,2.27,2.33,2.32,2.32,2.26,2.32,2.27,2.22,2.22,2.23,2.22,2.24,2.26,2.23,2.23,2.25,2.29,2.25,
楠梓,2024/11/07 00:00:00,WD_HR,31,33,31,8,29,26,340,336,4,355,301,300,275,282,281,298,309,308,6,28,0,14,14,336,
楠梓,2024/11/07 00:00:00,WIND_DIREC,34,46,38,356,34,20,347,357,325,12,267,7,267,273,302,310,314,306,29,25,334,28,10,337,
楠梓,2024/11/07 00:00:00,WIND_SPEED,1.9,1.3,0.7,1,1.4,0.6,1.1,1.8,1.5,1.3,0.9,0.9,0.9,2.6,1.6,2.3,1.8,2.1,2.8,1.8,1.4,2,1.6,1.6,
楠梓,2024/11/07 00:00:00,WS_HR,1.4,1,1.1,0.8,1.1,0.8,0.9,1.3,1.1,0.8,0.7,0.5,0.7,1.9,1.7,1.8,1.8,1.5,1.4,2.1,1,1.1,1.2,1,
楠梓,2024/11/08 00:00:00,AMB_TEMP,22.5,22.3,22,21.7,21.4,21.1,21.2,21.5,22,23.1,24,25.5,27.4,28.3,28.6,28.2,27.5,26.7,26.1,25.3,24.5,23.8,23.2,22.8,
楠梓,2024/11/08 00:00:00,CH4,2.16,2.19,2.22,2.24,2.27,2.31,2.31,2.28,2.27,2.28,2.24,2.21,2.17,#,2.13,2.13,2.11,2.16,2.23,2.2,2.17,2.18,2.17,2.18,
楠梓,2024/11/08 00:00:00,CO,0.28,0.28,0.27,0.26,0.26,0.28,0.3,0.46,0.36,0.35,0.35,0.32,#,0.36,0.31,0.28,0.3,0.39,0.39,0.36,0.33,0.35,0.32,0.28,
楠梓,2024/11/08 00:00:00,NMHC,0.1,0.11,0.09,0.09,0.08,0.11,0.12,0.16,0.12,0.13,0.12,0.12,0.09,#,0.06,0.05,0.06,0.11,0.1,0.09,0.09,0.1,0.09,0.08,
楠梓,2024/11/08 00:00:00,NO,0.6,0.6,0.5,0.6,0.7,0.8,2,8.4,10.5,10.7,9.8,9.1,#,#,#,0.3,0.6,0.3,0.1,0.2,0.1,0.2,0.2,0.1,
楠梓,2024/11/08 00:00:00,NO2,15.8,17,15.9,15.9,15.5,18.3,19.7,20.5,19.4,19.5,19.7,21.4,#,#,#,13.8,15.9,21.6,20.6,19.2,18.1,18.7,18.4,17.5,
楠梓,2024/11/08 00:00:00,NOx,16.4,17.7,16.4,16.6,16.2,19.1,21.8,28.9,30,30.3,29.5,30.5,#,#,#,14.2,16.6,21.9,20.8,19.4,18.2,18.9,18.6,17.7,
楠梓,2024/11/08 00:00:00,O3,16.9,14.6,13.1,12,11.1,5.9,4.9,4,6.2,9.9,13.3,20.6,#,56.5,51.8,61.9,55.8,47.5,45.1,32.3,22.8,16.7,13.3,11.7,
楠梓,2024/11/08 00:00:00,PM10,44,38,34,27,31,33,39,31,37,46,38,48,46,#,47,40,38,48,52,82,72,58,50,46,
楠梓,2024/11/08 00:00:00,PM2.5,16,15,13,17,15,17,22,19,19,19,22,23,#,#,25,21,22,23,29,30,26,23,17,22,
楠梓,2024/11/08 00:00:00,RAINFALL,0,0,0,0,0,0,0.5,0,0,0,0,0,#,0,0,0,0,0,0,0,0,0,0,0,
楠梓,2024/11/08 00:00:00,RH,80,81,83,83,86,90,89,89,87,85,82,75,68,64,62,64,67,72,76,80,83,86,88,89,
楠梓,2024/11/08 00:00:00,SO2,3.1,2.6,2.4,2.7,2.4,2.3,2.1,2.2,2.2,2.3,2.1,2.9,#,2.3,1.8,1.6,1.8,1.7,1.7,1.8,2.1,2.1,2,1.9,
楠梓,2024/11/08 00:00:00,THC,2.26,2.3,2.31,2.33,2.35,2.42,2.43,2.44,2.39,2.41,2.36,2.33,2.26,#,2.19,2.18,2.17,2.27,2.33,2.29,2.26,2.28,2.26,2.26,
楠梓,2024/11/08 00:00:00,WD_HR,359,40,18,350,338,8,23,17,0,0,340,20,352,354,8,22,39,41,25,1,10,11,355,357,
楠梓,2024/11/08 00:00:00,WIND_DIREC,335,43,332,22,340,17,38,337,4,6,327,18,307,29,354,35,46,37,23,6,34,21,356,24,
楠梓,2024/11/08 00:00:00,WIND_SPEED,1.8,1.6,1.2,1,1.3,1.5,2.3,1.5,1.8,2,1.7,1.6,1.7,1.6,1.3,1.9,2.1,1.5,1.3,1.5,2,1.2,1,1,
楠梓,2024/11/08 00:00:00,WS_HR,1.3,1.8,1.2,1,1.4,0.9,1.2,0.6,1,1.1,1.2,1.2,1.1,0.8,1,1.5,2.1,1.6,1.2,1,1.1,1,0.8,0.8,
楠梓,2024/11/09 00:00:00,AMB_TEMP,22.5,22.4,22.3,22,21.8,21.8,21.9,22.6,24.2,26.4,27.8,#,#,29.9,29.4,28.3,27.7,27,26.5,26.2,26,25.6,25.3,24.9,
楠梓,2024/11/09 00:00:00,CH4,2.18,2.18,2.24,2.21,2.23,2.23,2.26,2.23,2.23,2.19,2.15,#,#,2.18,2.14,2.11,2.08,2.07,2.1,2.14,2.15,2.17,2.29,2.28,
楠梓,2024/11/09 00:00:00,CO,0.29,0.29,0.33,0.28,0.29,0.29,0.35,0.41,0.42,0.37,0.35,#,#,0.32,0.28,0.25,0.24,0.29,0.37,0.43,0.36,0.36,0.42,0.33,
楠梓,2024/11/09 00:00:00,NMHC,0.1,0.08,0.13,0.13,0.1,0.1,0.14,0.14,0.1,0.11,0.1,#,#,0.05,0.03,0.05,0.07,0.11,0.17,0.11,0.09,0.09,0.16,0.09,
楠梓,2024/11/09 00:00:00,NO,0.3,0.2,0.6,0.6,0.7,1.1,4.3,6.2,10.9,4.5,3.3,#,#,0.6,0.6,0.7,0.5,0.3,0.4,0.3,0.7,0.8,0.4,0.6,
楠梓,2024/11/09 00:00:00,NO2,17.9,15.1,17,14.2,15.9,14.4,15.9,14.2,16.7,17.1,18.6,#,#,10.7,9.7,9.9,10.4,12.7,15.2,16.4,16.7,16.4,17.8,18.1,
楠梓,2024/11/09 00:00:00,NOx,18.2,15.4,17.7,14.8,16.7,15.6,20.2,20.4,27.6,21.6,22,#,#,11.4,10.3,10.6,10.9,13,15.7,16.8,17.5,17.2,18.2,18.7,
楠梓,2024/11/09 00:00:00,O3,8.6,8.7,5.8,4.7,2.8,2,1.4,5.8,8,28.7,45.8,#,#,85.7,77,67.1,59.9,50.4,40.7,37.1,30.8,24.6,16.4,13.1,
楠梓,2024/11/09 00:00:00,PM10,43,41,44,42,38,40,41,41,44,56,57,63,72,63,58,52,40,51,45,51,47,50,53,51,
楠梓,2024/11/09 00:00:00,PM2.5,18,19,24,21,17,16,22,26,30,32,33,47,45,31,29,27,22,21,19,26,23,20,31,26,
楠梓,2024/11/09 00:00:00,RAINFALL,0,0,0,0,0,0,0,0,0,0,0,#,#,0,0,0,0,0,0,0,0,0,0,0,
楠梓,2024/11/09 00:00:00,RH,91,91,91,93,93,94,93,91,87,81,73,#,#,68,71,75,78,82,84,84,85,87,89,90,
楠梓,2024/11/09 00:00:00,SO2,1.6,1.4,2,1.6,1.9,1.2,1.3,1.5,1.7,2.8,2.6,#,#,1.8,1.6,1.5,1.6,1.5,1.9,2,1.7,1.7,1.5,1.4,
楠梓,2024/11/09 00:00:00,THC,2.28,2.26,2.37,2.34,2.33,2.33,2.4,2.37,2.33,2.3,2.25,#,#,2.23,2.17,2.16,2.15,2.18,2.27,2.25,2.24,2.26,2.45,2.37,
楠梓,2024/11/09 00:00:00,WD_HR,26,328,345,40,26,3,358,341,342,329,9,#,#,280,271,282,290,302,309,356,21,350,5,35,
楠梓,2024/11/09 00:00:00,WIND_DIREC,329,348,25,31,22,23,282,37,313,333,5,#,267,269,274,288,295,303,322,8,23,319,36,55,
楠梓,2024/11/09 00:00:00,WIND_SPEED,0.9,0.8,1.2,0.9,0.7,0.8,0.5,0.5,0.5,1,1.3,#,1.6,1.9,2.7,1.7,2.2,1.5,1.2,0.5,1.1,0.7,0.9,2,
楠梓,2024/11/09 00:00:00,WS_HR,0.6,0.8,0.8,1.2,1.1,0.6,0.4,0.3,0.4,0.3,0.7,#,#,1.6,2,1.7,1.6,1.3,1,0.7,0.9,0.3,0.5,1,
楠梓,2024/11/10 00:00:00,AMB_TEMP,24.6,24.7,24.4,24.2,23.9,23.6,23.4,23.6,24.8,27.3,29.5,29.9,29.6,29.1,29.2,29.1,28.9,28,26.7,26.2,25.5,25.3,25,24.6,
楠梓,2024/11/10 00:00:00,CH4,2.22,2.25,2.36,2.4,2.42,2.46,2.54,2.45,2.25,2.19,2.18,2.2,2.07,2.07,2.07,2.09,2.08,2.11,2.11,2.12,2.12,2.12,2.16,2.18,
楠梓,2024/11/10 00:00:00,CO,0.29,0.3,0.3,0.31,0.33,0.35,0.42,0.56,0.4,0.35,0.37,0.34,0.21,0.21,0.21,0.2,0.21,0.25,0.28,0.3,0.29,0.29,0.31,0.3,
楠梓,2024/11/10 00:00:00,NMHC,0.06,0.06,0.05,0.07,0.07,0.07,0.11,0.13,0.08,0.04,0.21,0.05,0,0.03,0.01,0,0,0.02,0.02,0.02,0.02,0.01,0.02,0.02,
楠梓,2024/11/10 00:00:00,NO,0.5,1.3,1.2,1,1.4,2.5,4.8,10.2,5.4,2.5,2.2,1.7,1.2,1.1,1.2,1.3,1.2,0.9,1.1,0.9,1.2,1.1,0.9,1.1,
楠梓,2024/11/10 00:00:00,NO2,13.3,13.6,13.3,15.2,15.9,15.8,15.5,16.5,10.2,9.8,13.9,12.3,6.7,5.7,5.8,6.8,8.3,9,10.6,11.7,12.2,11.8,14,14.5,
楠梓,2024/11/10 00:00:00,NOx,13.8,15,14.5,16.2,17.3,18.3,20.4,26.7,15.7,12.3,16.1,14,7.9,6.8,7,8.1,9.6,9.9,11.7,12.7,13.4,12.9,15,15.6,
楠梓,2024/11/10 00:00:00,O3,13,10.5,7.1,4.6,2,0.8,1.4,3.7,18.4,35.5,66.3,67.3,58.1,59.5,61.7,60.7,50.1,42.8,34.2,28.6,21.5,21.5,15.8,13,
楠梓,2024/11/10 00:00:00,PM10,48,53,46,46,46,53,66,68,69,61,67,55,29,32,37,43,41,54,68,63,49,47,44,44,
楠梓,2024/11/10 00:00:00,PM2.5,24,21,21,25,25,25,31,46,50,40,48,36,19,28,32,28,18,23,22,22,22,17,16,16,
楠梓,2024/11/10 00:00:00,RAINFALL,0,0,0,0,0,0,0,0,0,0,0,0,0,0,0,0,0,0,0,0,0,0,0,0,
楠梓,2024/11/10 00:00:00,RH,91,91,92,93,94,94,95,95,92,83,71,68,67,69,67,68,69,75,79,81,83,85,86,88,
楠梓,2024/11/10 00:00:00,SO2,1.5,1.4,1.3,1.7,1.4,1.3,1.3,1.7,1.4,1.1,2,1.7,1.2,0.8,0.9,1,1.4,1.3,1.5,1.6,1.4,1,0.9,0.8,
楠梓,2024/11/10 00:00:00,THC,2.28,2.31,2.41,2.47,2.49,2.53,2.65,2.58,2.33,2.23,2.39,2.25,2.07,2.1,2.08,2.09,2.07,2.13,2.13,2.14,2.14,2.13,2.18,2.2,
楠梓,2024/11/10 00:00:00,WD_HR,45,32,21,352,328,341,13,30,49,36,245,273,280,276,280,278,270,338,344,40,39,25,25,29,
楠梓,2024/11/10 00:00:00,WIND_DIREC,40,23,9,4,37,329,37,56,42,222,269,275,285,275,280,267,274,22,10,56,22,26,33,16,
楠梓,2024/11/10 00:00:00,WIND_SPEED,1,0.4,1,0.9,1,0.6,1.3,1.7,1.3,0.9,1.1,2.4,2.5,2.4,1.7,1.3,0.8,1.2,1.4,1.9,0.5,0.9,0.5,1.4,
楠梓,2024/11/10 00:00:00,WS_HR,1.2,0.9,0.7,0.7,0.7,0.7,0.7,0.9,1.3,0.3,0.8,2,2.4,1.8,1.7,1.3,0.8,1,1.2,1.4,1.3,1,0.4,0.9,
楠梓,2024/11/11 00:00:00,AMB_TEMP,24.1,23.5,23.2,22.8,22.7,22.7,22.7,23,24.5,26.6,28.4,29.3,29.7,30.1,30,29.2,28.4,27.8,27.4,27.2,26.7,26,25.5,24.9,
楠梓,2024/11/11 00:00:00,CH4,2.2,2.27,2.29,2.31,2.35,2.37,2.36,2.38,2.35,2.29,2.27,2.28,2.23,2.19,2.14,2.09,2.08,2.07,2.07,2.13,2.17,2.2,2.24,2.26,
楠梓,2024/11/11 00:00:00,CO,0.28,0.28,0.27,0.29,0.3,0.32,0.36,0.48,0.44,0.44,0.4,0.41,0.41,0.37,0.3,0.23,0.26,0.3,0.3,0.34,0.29,0.3,0.32,0.34,
楠梓,2024/11/11 00:00:00,NMHC,0.03,0.06,0.04,0.06,0.06,0.08,0.08,0.12,0.1,0.13,0.14,0.12,0.13,0.13,0.07,0.06,0.03,0.06,0.05,0.15,0.08,0.08,0.07,0.09,
楠梓,2024/11/11 00:00:00,NO,1,0.7,0.6,0.8,1.3,2.8,6.3,15.1,12.8,7.5,4.1,2.3,1.4,0.7,0.8,0.9,0.7,0.5,0.4,0.4,0.5,0.3,0.6,0.5,
楠梓,2024/11/11 00:00:00,NO2,11.7,14.3,13,15,17.4,17.2,16,15.3,14.5,15.8,16.9,17.8,16.7,13.7,11.1,10.8,12.5,14.3,12.8,15.9,15.9,14.7,15.1,16.4,
楠梓,2024/11/11 00:00:00,NOx,12.7,15,13.7,15.8,18.8,20.1,22.4,30.4,27.4,23.4,21,20.2,18.1,14.5,12,11.7,13.2,14.9,13.3,16.4,16.4,15.1,15.7,16.9,
楠梓,2024/11/11 00:00:00,O3,11.1,7.1,6,3.1,1.2,0.6,1,2.6,7.9,19.6,41,59.5,71.9,87,84,63.3,50.5,45,41.1,30.3,29.8,26,20.1,13.5,
楠梓,2024/11/11 00:00:00,PM10,38,32,34,24,35,32,45,50,54,60,71,81,81,69,60,67,84,82,66,67,67,76,75,68,
楠梓,2024/11/11 00:00:00,PM2.5,15,19,20,21,24,26,22,28,27,36,46,57,57,52,43,24,20,19,19,22,19,22,24,22,
楠梓,2024/11/11 00:00:00,RAINFALL,0,0,0,0,0,0,0,0,0,0,0,0,0,0,0,0,0,0,0,0,0,0,0,0,
楠梓,2024/11/11 00:00:00,RH,90,90,92,92,92,93,93,92,89,82,74,69,68,66,67,70,76,79,81,81,81,83,86,90,
楠梓,2024/11/11 00:00:00,SO2,0.9,1.7,1.3,2,2.5,1.9,1.6,1.9,1.5,1.3,1.4,1.5,1.4,1.1,1.2,1.2,1.1,1,1.1,0.9,1.2,1.8,1.7,1.6,
楠梓,2024/11/11 00:00:00,THC,2.23,2.33,2.33,2.37,2.41,2.45,2.44,2.5,2.45,2.42,2.41,2.4,2.36,2.32,2.21,2.15,2.11,2.13,2.12,2.28,2.25,2.28,2.31,2.35,
楠梓,2024/11/11 00:00:00,WD_HR,332,352,355,351,0,7,348,356,311,319,297,312,330,302,303,289,269,271,271,303,359,7,358,6,
楠梓,2024/11/11 00:00:00,WIND_DIREC,327,25,312,335,32,23,336,346,327,330,299,305,305,297,311,272,262,275,268,329,6,13,19,31,
楠梓,2024/11/11 00:00:00,WIND_SPEED,0.9,0.8,1.5,1.6,0.7,0.8,0.6,0.4,1.1,0.9,1.4,1.6,1.5,2.6,2.3,1.9,1.2,1.4,0.9,1.6,2,1.2,1.2,1.2,
楠梓,2024/11/11 00:00:00,WS_HR,0.6,0.8,0.8,1.1,0.9,0.2,0.6,0.5,0.5,0.8,0.9,0.8,1,1.7,2,1.8,1.4,1.2,1,1,1.2,1,0.7,0.8,
楠梓,2024/11/12 00:00:00,AMB_TEMP,24.7,24.6,24.5,24.4,24.3,24.1,24,24.1,24.2,24.6,25.6,26.6,26.6,26.4,26.3,26.1,26,25.8,25.6,25.5,25.4,25.4,25.4,25.3,
楠梓,2024/11/12 00:00:00,CH4,2.26,2.24,2.25,2.27,2.26,2.31,2.38,2.33,2.33,2.3,2.21,2.18,2.23,2.33,2.33,2.33,2.34,2.38,2.33,2.33,2.35,2.29,2.3,2.36,
楠梓,2024/11/12 00:00:00,CO,0.35,0.36,0.35,0.35,0.34,0.33,0.36,0.51,0.43,0.37,0.33,0.28,0.37,0.36,0.38,0.46,0.56,0.64,0.54,0.55,0.52,0.46,0.51,0.55,
楠梓,2024/11/12 00:00:00,NMHC,0.08,0.09,0.07,0.1,0.06,0.09,0.11,0.14,0.15,0.15,0.1,0.06,0.13,0.14,0.16,0.21,0.24,0.26,0.24,0.24,0.28,0.17,0.17,0.32,
楠梓,2024/11/12 00:00:00,NO,0.5,0.8,0.7,0.7,1,2.3,6.8,10.7,12.7,11.6,8.1,4,3.3,3.5,5.4,2.7,3.9,4.2,4.1,2.4,3.7,1.2,1.7,2.1,
楠梓,2024/11/12 00:00:00,NO2,18,17.6,16.7,17.5,15.6,16.4,18.3,16.7,16.7,18.3,15,11.5,16.8,21.1,24.6,27.7,36,35.4,31.2,27.4,28.9,21.3,23.5,24.5,
楠梓,2024/11/12 00:00:00,NOx,18.6,18.4,17.4,18.2,16.7,18.7,25.1,27.4,29.4,29.9,23.1,15.5,20.2,24.7,30,30.4,39.9,39.6,35.4,29.9,32.6,22.5,25.2,26.6,
楠梓,2024/11/12 00:00:00,O3,9.1,8.2,6.6,4.8,3.3,1,0.5,1.3,2.6,4.6,9.9,16.3,16.5,15.7,11.1,12,6.5,3.2,3.6,3.1,2.3,5.4,2.5,1.2,
楠梓,2024/11/12 00:00:00,PM10,56,62,61,62,53,51,48,53,44,49,42,39,53,51,58,69,65,65,66,60,64,65,62,61,
楠梓,2024/11/12 00:00:00,PM2.5,20,21,18,21,19,20,23,24,26,28,23,25,34,35,33,42,38,46,41,42,44,42,40,44,
楠梓,2024/11/12 00:00:00,RAINFALL,0,0,0,0,0,0,0.5,0,0.5,0,0,0,0,0,0,0,0,0,0,0,0,0,0,0,
楠梓,2024/11/12 00:00:00,RH,92,92,92,92,94,94,95,95,95,94,93,88,91,92,92,91,91,92,92,93,93,93,93,94,
楠梓,2024/11/12 00:00:00,SO2,1.5,1.8,2.5,2.4,1.7,1.4,1.9,1.3,1.7,1.4,0.9,0.8,1,1,1.2,1.7,1.8,1.7,1.4,1.2,1.6,1.3,1.2,0.9,
楠梓,2024/11/12 00:00:00,THC,2.34,2.33,2.32,2.37,2.32,2.4,2.49,2.47,2.48,2.45,2.31,2.24,2.36,2.47,2.49,2.54,2.58,2.64,2.57,2.57,2.63,2.46,2.47,2.68,
楠梓,2024/11/12 00:00:00,WD_HR,349,341,350,26,30,20,17,335,329,28,34,351,308,333,323,341,353,325,32,347,46,33,58,340,
楠梓,2024/11/12 00:00:00,WIND_DIREC,310,355,30,19,0,36,12,341,341,42,23,325,296,301,312,27,312,333,321,323,57,260,64,337,
楠梓,2024/11/12 00:00:00,WIND_SPEED,1,1.2,1.2,0.9,0.9,1.6,1,1,1.4,2.2,1.7,1.2,0.9,0.9,1.5,1.4,1.6,0.9,0.7,0.7,0.2,0.3,0.2,0.3,
楠梓,2024/11/12 00:00:00,WS_HR,0.4,0.6,0.7,0.8,0.6,0.9,0.6,0.8,1.4,1.8,1.4,1,0.6,0.7,0.9,0.7,0.8,0.7,0.8,0.5,0.7,0.2,0.2,0.2,
楠梓,2024/11/13 00:00:00,AMB_TEMP,25.2,25,25.1,24.8,24.6,24.7,25.1,25.9,27.2,28.7,29.9,30.3,29.9,29.5,29.6,29.2,28.3,27.4,27,26.8,26.6,26,25.4,25.1,
楠梓,2024/11/13 00:00:00,CH4,2.56,2.63,2.52,2.55,2.4,2.34,2.32,2.31,2.14,2.04,#,#,2,2.01,2.04,2.04,2.04,2.06,2.09,2.12,2.23,2.25,2.21,2.22,
楠梓,2024/11/13 00:00:00,CO,0.55,0.49,0.43,0.38,0.32,0.32,0.5,0.77,0.35,0.21,#,0.19,#,#,0.18,#,0.25,0.33,0.38,0.45,0.41,0.43,0.35,0.36,
楠梓,2024/11/13 00:00:00,NMHC,0.22,0.22,0.18,0.13,0.11,0.1,0.26,0.48,0.06,0.02,#,#,0,0,0.03,0.03,0.04,0.16,0.13,0.13,0.19,0.18,0.1,0.11,
楠梓,2024/11/13 00:00:00,NO,5.9,10.6,6.2,6.5,4.6,7.7,27.1,38.5,10.9,2.4,#,0.8,#,#,#,#,0.2,0.3,0.3,0.4,0.4,0.4,0.4,0.3,
楠梓,2024/11/13 00:00:00,NO2,22.6,18.4,18.9,15.9,13.7,14.7,21.5,26.1,15.9,10.6,#,10.7,#,#,#,#,9.7,13.4,16.2,16.9,19.8,20.1,17.3,19,
楠梓,2024/11/13 00:00:00,NOx,28.6,29,25.1,22.5,18.4,22.4,48.6,64.6,26.8,13,#,11.5,#,#,#,#,9.9,13.7,16.6,17.3,20.3,20.5,17.7,19.4,
楠梓,2024/11/13 00:00:00,O3,0.3,0.6,2.4,0.6,0.7,1.3,0.4,1.6,13.5,28.1,#,#,44.5,49.6,53.3,55.4,48.3,42.7,37.4,33.4,29.2,26.2,25.9,18.2,
楠梓,2024/11/13 00:00:00,PM10,61,59,63,60,53,43,48,62,34,35,44,#,43,48,45,42,52,46,53,45,59,64,65,60,
楠梓,2024/11/13 00:00:00,PM2.5,42,39,37,31,31,21,23,28,20,17,21,#,11,11,22,21,15,10,14,18,23,25,23,20,
楠梓,2024/11/13 00:00:00,RAINFALL,0,0,0,0,0,0,0,0,0,0,#,0,0,0,0,0,0,0,0,0,0,0,0,0,
楠梓,2024/11/13 00:00:00,RH,94,95,95,95,95,94,92,89,80,70,67,66,68,72,69,69,73,79,80,79,81,84,88,91,
楠梓,2024/11/13 00:00:00,SO2,0.8,1.5,1.6,1.8,1.7,1.5,1.5,2.9,2.3,1.7,#,0.5,#,#,0.8,0.9,#,1.7,1.8,2.1,2,2.3,2.2,2.1,
楠梓,2024/11/13 00:00:00,THC,2.78,2.85,2.7,2.68,2.51,2.44,2.58,2.79,2.2,2.06,#,#,2,2,2.07,2.07,2.08,2.22,2.22,2.25,2.42,2.43,2.31,2.33,
楠梓,2024/11/13 00:00:00,WD_HR,70,53,28,43,46,78,183,88,58,284,283,281,294,#,282,281,284,299,311,332,6,23,29,24,
楠梓,2024/11/13 00:00:00,WIND_DIREC,65,277,33,28,39,83,181,93,12,278,277,295,294,#,290,274,289,298,316,32,18,13,7,38,
楠梓,2024/11/13 00:00:00,WIND_SPEED,0.8,0.5,0.6,0.6,1.1,0.5,0.5,1.2,0.5,1.1,1.5,1.4,1.3,#,2,1.8,1.3,1.7,1.6,1.2,0.7,0.7,0.5,1.1,
楠梓,2024/11/13 00:00:00,WS_HR,0.4,0.4,0.6,1,1.3,0.4,0.4,0.7,0.4,0.5,1.2,1.2,1.2,#,1.8,1.7,1.4,1.3,1.3,0.7,0.8,0.7,0.8,0.7,
楠梓,2024/11/14 00:00:00,AMB_TEMP,24.8,24.8,24.8,24.7,24.5,24.2,24.2,24.4,25.2,26.4,28.1,29.2,30.1,29,28.8,29.2,28.5,27.2,26.8,26.8,26.5,26.1,25.7,25.2,
楠梓,2024/11/14 00:00:00,CH4,2.3,2.28,2.18,2.14,2.15,2.14,2.15,2.18,2.17,2.16,2.17,2.15,2.16,2.04,2.02,2.05,2.03,2.04,2.08,2.17,2.18,2.23,2.27,2.32,
楠梓,2024/11/14 00:00:00,CO,0.34,0.28,0.22,0.17,0.19,0.19,0.24,0.39,0.31,0.28,0.28,0.32,0.33,0.18,0.16,0.19,0.23,0.28,0.41,0.4,0.33,0.32,0.32,0.31,
楠梓,2024/11/14 00:00:00,NMHC,0.13,0.14,0.06,0.02,0.01,0.02,0.02,0.06,0.05,0.05,0.07,0.09,0.12,0,0.06,0.03,0.07,0.12,0.13,0.18,0.12,0.09,0.08,0.08,
楠梓,2024/11/14 00:00:00,NO,0.4,1.4,1.2,1.1,1,1.1,2,3.6,5.2,6.1,4.9,3.4,2.3,1.5,1.9,1.7,1.6,1.3,1.3,1.3,1.1,1.2,1.3,1,
楠梓,2024/11/14 00:00:00,NO2,19,15.9,12.2,8.8,9.7,11.8,13.6,14.3,14.8,16,14.1,15,15.3,8.2,8.9,9.4,12.3,12.8,15.8,22,17.9,17.2,17.4,15.8,
楠梓,2024/11/14 00:00:00,NOx,19.4,17.4,13.5,10,10.7,13,15.6,18,20.1,22.2,19,18.5,17.7,9.7,10.9,11.1,13.9,14.2,17.2,23.3,19.1,18.4,18.8,16.8,
楠梓,2024/11/14 00:00:00,O3,14.4,15.9,21.6,26.9,23.9,16.6,13.8,12,12.7,14,25.2,42.2,62.6,54.5,47.5,50.6,41.1,36.6,30.6,23.8,21.9,22.4,16.9,14.3,
楠梓,2024/11/14 00:00:00,PM10,62,70,68,58,56,49,46,55,46,53,44,59,70,48,44,57,55,47,51,64,59,67,65,73,
楠梓,2024/11/14 00:00:00,PM2.5,22,26,28,19,20,22,26,38,24,20,27,31,33,15,16,16,18,13,14,22,23,25,30,42,
楠梓,2024/11/14 00:00:00,RAINFALL,0,0,0,0,0,0,0,0,0,0,0,0,0,0,0,0,0,0,0,0,0,0,0,0,
楠梓,2024/11/14 00:00:00,RH,93,93,93,92,93,94,94,93,90,85,79,71,72,79,81,78,80,83,86,86,88,89,91,93,
楠梓,2024/11/14 00:00:00,SO2,1.9,1,0.9,0.9,1,1,1.1,1.3,2.1,2.5,1.6,1.8,1.9,1.3,1.2,1.3,1.3,1.1,1.2,1.7,1.4,1.9,1.9,1.7,
楠梓,2024/11/14 00:00:00,THC,2.43,2.42,2.24,2.16,2.16,2.16,2.17,2.24,2.22,2.21,2.24,2.24,2.28,2.03,2.08,2.08,2.1,2.16,2.21,2.35,2.3,2.32,2.35,2.4,
楠梓,2024/11/14 00:00:00,WD_HR,30,14,31,13,49,51,48,47,32,7,346,332,276,275,294,266,282,294,318,10,352,344,28,11,
楠梓,2024/11/14 00:00:00,WIND_DIREC,34,337,342,31,57,49,51,48,9,285,348,315,268,280,270,268,277,313,29,17,323,315,30,17,
楠梓,2024/11/14 00:00:00,WIND_SPEED,1.1,1.5,1.1,0.9,1.9,2.2,1.4,2.4,1.1,0.6,1.2,1.4,1.7,1.5,1.3,1.3,1.8,1.4,0.9,1,0.8,0.7,1.1,1.5,
楠梓,2024/11/14 00:00:00,WS_HR,1.1,1,1.1,0.8,1.7,1.9,1.8,2,1.3,0.8,0.6,1,1.2,1.6,1.5,1.2,1.6,1.3,1,0.7,0.6,0.9,1.1,1.1,
楠梓,2024/11/15 00:00:00,AMB_TEMP,25.1,24.6,24.3,24.3,24.1,23.8,23.9,24.1,25,26.1,27,27.5,27.9,28.1,27.6,26.9,26.7,26.4,26.3,26.1,25.7,25.7,25.6,24.9,
楠梓,2024/11/15 00:00:00,CH4,2.26,2.3,2.23,2.24,2.24,2.28,2.38,2.33,2.27,2.26,2.27,2.31,2.3,2.31,2.33,2.3,2.32,2.26,2.26,2.29,2.3,2.31,2.38,2.16,
楠梓,2024/11/15 00:00:00,CO,0.28,0.3,0.23,0.22,0.22,0.25,0.33,0.45,0.4,0.38,0.43,0.53,0.55,0.53,0.56,0.6,0.64,0.64,0.61,0.61,0.49,0.5,0.47,0.25,
楠梓,2024/11/15 00:00:00,NMHC,0.07,0.07,0.01,0.02,0.01,0.02,0.07,0.1,0.09,0.09,0.21,0.26,0.26,0.25,0.28,0.44,0.37,0.23,0.21,0.16,0.11,0.12,0.17,0.03,
楠梓,2024/11/15 00:00:00,NO,1.1,0.8,0.9,0.9,0.8,1.7,2.5,5,6.8,7,5.6,4,3.7,3.1,2.6,2.4,2,2.1,2.7,2.9,2.9,3,3.2,1.9,
楠梓,2024/11/15 00:00:00,NO2,13.8,11,8.5,6.5,7.5,8.8,13.5,15.9,12.9,13.9,17.4,21.6,25.9,25.3,24.9,28.9,37,35.6,27,24.6,19.1,18.8,19.2,12.1,
楠梓,2024/11/15 00:00:00,NOx,15,11.9,9.4,7.5,8.3,10.6,16,21,19.8,20.9,23,25.7,29.7,28.4,27.5,31.3,39.1,37.7,29.7,27.5,22,21.8,22.5,14,
楠梓,2024/11/15 00:00:00,O3,12.3,9.9,10,8.4,4.9,2.4,3.7,4.3,7.7,9.3,18.1,29.1,30.7,33,37.2,34.6,23.2,12.1,13.3,10.1,8.3,5.3,4.4,9.7,
楠梓,2024/11/15 00:00:00,PM10,59,68,45,38,42,43,66,73,84,83,90,120,110,114,116,103,116,82,89,87,72,60,59,26,
楠梓,2024/11/15 00:00:00,PM2.5,27,34,27,23,21,27,38,46,51,46,55,64,63,57,60,65,75,53,52,53,44,35,37,15,
楠梓,2024/11/15 00:00:00,RAINFALL,0,0,0,0,0,0,0,0,0,0,0,0,0,0,1,0.5,0,0.5,0,0.5,0,0,1.5,11,
楠梓,2024/11/15 00:00:00,RH,94,96,97,96,96,96,97,96,93,86,83,82,80,81,85,89,90,88,90,91,93,93,93,95,
楠梓,2024/11/15 00:00:00,SO2,1.5,1.1,0.9,0.8,1,1.2,1.1,1,1.2,1.2,1.2,1.5,2.1,2,1.7,1.6,1.6,1.4,1.3,1.3,1,1.1,0.9,0.8,
楠梓,2024/11/15 00:00:00,THC,2.33,2.37,2.24,2.26,2.25,2.3,2.45,2.43,2.36,2.35,2.48,2.57,2.56,2.56,2.61,2.74,2.69,2.49,2.47,2.45,2.41,2.43,2.55,2.19,
楠梓,2024/11/15 00:00:00,WD_HR,35,9,27,22,6,351,17,339,334,318,295,324,327,287,237,16,21,38,78,68,59,77,66,83,
楠梓,2024/11/15 00:00:00,WIND_DIREC,327,10,37,24,16,346,26,332,307,325,286,4,316,221,211,58,24,42,89,66,63,201,62,96,
楠梓,2024/11/15 00:00:00,WIND_SPEED,1,1.1,1.2,0.9,1.3,2,1.6,2.3,1.9,1.4,1.8,1.1,1.8,1.2,0.6,1.6,0.4,1.5,1.4,2.4,2.1,0.9,1.8,2.3,
楠梓,2024/11/15 00:00:00,WS_HR,0.9,0.6,1.5,0.6,0.9,1.5,1.3,1.2,1.2,1.3,1.4,1.2,1.2,0.6,0.8,0.3,0.6,1.1,1.1,1.6,2.1,0.7,1.5,2,
楠梓,2024/11/16 00:00:00,AMB_TEMP,24.7,23.9,23.2,23.5,24.3,24.8,23.7,23.5,23.5,23.6,23.9,24.3,24.7,24.8,24.9,25.2,25.5,25.4,25.3,25,24.6,24.4,24.3,24.3,
楠梓,2024/11/16 00:00:00,CH4,1.99,2.04,2.02,1.99,1.99,1.98,2.02,1.99,1.99,1.99,2.06,2.11,2.17,2.1,2.08,2.11,2.09,2.05,2.09,2.1,2.1,2.09,2.12,2.14,
楠梓,2024/11/16 00:00:00,CO,0.11,0.1,0.09,0.09,0.1,0.1,0.12,0.11,0.11,0.12,0.22,0.24,0.29,0.33,0.32,0.36,0.31,0.26,0.27,0.23,0.33,0.25,0.24,0.23,
楠梓,2024/11/16 00:00:00,NMHC,0,0,0,0,0,0,0,0,0,0,0.02,0.03,0.04,0.03,0.04,0.43,0.08,0.49,0.09,0.03,0.13,0.03,0.04,0.03,
楠梓,2024/11/16 00:00:00,NO,1.3,1.6,1.5,1.4,1.4,1.3,1.7,2,1.8,1.9,2.5,2.8,2.2,2.3,2.2,1.9,1.7,1.4,1.4,1.4,1.2,1.3,1.3,1.4,
楠梓,2024/11/16 00:00:00,NO2,5.5,4.7,3.9,3.4,3.9,4.5,5.5,5.8,5.9,6.8,8.4,10.3,12,13.1,12.6,16.9,15.9,11.6,13.6,12.1,13.8,12,11.2,11,
楠梓,2024/11/16 00:00:00,NOx,6.8,6.4,5.4,4.9,5.4,5.8,7.2,7.9,7.7,8.7,11,13.2,14.3,15.5,14.8,18.9,17.7,13,15,13.6,15.1,13.3,12.5,12.5,
楠梓,2024/11/16 00:00:00,O3,15.2,15.9,17.2,16.8,17.1,15.5,12.2,12.9,14,10.7,11.6,14.7,15.2,17.4,21.6,20.9,25.4,25.5,23.1,21.8,16.8,17.7,15.1,12.2,
楠梓,2024/11/16 00:00:00,PM10,11,8,7,4,2,10,10,10,7,5,11,19,30,33,35,38,39,33,43,33,40,51,52,53,
楠梓,2024/11/16 00:00:00,PM2.5,2,1,2,2,0,0,0,3,2,0,8,17,19,24,19,24,22,9,14,12,17,15,23,23,
楠梓,2024/11/16 00:00:00,RAINFALL,25.5,51.5,18.5,11.5,1,1.5,3,3,7.5,0.5,0.5,0.5,1,1,0.5,0,0,0,0,0,0,0,0,0,
楠梓,2024/11/16 00:00:00,RH,96,96,96,96,94,91,93,92,93,93,93,94,95,95,95,96,94,93,91,91,92,91,91,91,
楠梓,2024/11/16 00:00:00,SO2,0.9,0.7,0.6,0.6,0.5,0.5,0.6,0.5,0.5,0.6,0.5,0.8,0.8,0.8,1,0.7,0.8,0.7,0.7,0.7,0.9,0.8,0.8,1,
楠梓,2024/11/16 00:00:00,THC,1.97,2,1.97,1.95,1.95,1.94,1.98,1.95,1.96,1.98,2.08,2.14,2.21,2.13,2.12,2.54,2.17,2.54,2.18,2.13,2.23,2.12,2.16,2.17,
楠梓,2024/11/16 00:00:00,WD_HR,91,77,70,92,91,76,51,48,349,8,341,28,346,340,327,279,256,285,359,356,314,320,335,12,
楠梓,2024/11/16 00:00:00,WIND_DIREC,88,55,98,95,98,50,44,44,30,331,335,31,331,332,316,254,267,312,14,301,312,322,338,17,
楠梓,2024/11/16 00:00:00,WIND_SPEED,2.1,4.9,5.7,4.9,3.9,3.7,3.7,3.1,2.6,2.9,3.1,2.2,1.9,2.6,1,0.9,0.8,1.2,1.2,1.1,1.2,1,1.4,1.5,
楠梓,2024/11/16 00:00:00,WS_HR,2.2,3.2,5.4,4.5,4.4,3.4,4.5,3.7,1.5,1.9,2.4,2.1,1.6,1.8,1.3,0.5,0.6,0.8,1.2,0.8,1,1,0.7,0.7,
楠梓,2024/11/17 00:00:00,AMB_TEMP,24.1,23.9,23.7,23.7,23.7,23.7,23.8,24.4,25.4,27.3,28.8,29.8,30.3,30.7,30.8,30.7,29.6,28.7,27.4,26.5,25.9,25.4,24.7,24.3,
楠梓,2024/11/17 00:00:00,CH4,2.11,2.11,2.12,2.1,2.11,2.09,2.1,2.14,2.15,2.18,2.09,2.05,2.04,2.04,2.03,2.04,2.02,2.03,2.12,2.1,2.12,2.14,2.16,2.17,
楠梓,2024/11/17 00:00:00,CO,0.22,0.22,0.21,0.2,0.21,0.21,0.23,0.26,0.25,0.26,0.23,0.23,0.22,0.18,0.18,0.2,0.2,0.26,0.23,0.23,0.26,0.26,0.28,0.3,
楠梓,2024/11/17 00:00:00,NMHC,0.03,0.02,0,0.01,0,0.01,0.02,0.03,0.04,0.04,0.01,0,0,0,0,0,0.58,0.6,0.02,0.01,0.01,0.02,0.02,0.04,
楠梓,2024/11/17 00:00:00,NO,1.3,0.4,0.2,0.2,0.2,0.2,0.6,2.8,3.4,3.6,1.7,0.8,0.6,0.5,0.2,0.3,0.3,0,0.1,0.1,0.3,0.4,0.2,0.3,
楠梓,2024/11/17 00:00:00,NO2,10.9,9.3,8.6,7.5,7.7,7.2,7.5,8.1,7.5,8,7.2,6.3,6.2,6,5.4,6,9,12.5,12.2,11.1,12.6,12.8,13.9,15.2,
楠梓,2024/11/17 00:00:00,NOx,12.3,9.7,8.8,7.7,7.9,7.4,8.2,10.9,10.9,11.6,8.9,7.2,6.9,6.5,5.7,6.3,9.3,12.6,12.4,11.2,13,13.3,14.2,15.5,
楠梓,2024/11/17 00:00:00,O3,10.3,9.1,8.1,8.4,6.7,5.6,4.2,5.3,8.8,16.8,32.6,41.2,46.8,47.9,49.5,49.8,39.9,30.2,34.7,30.4,23,18.7,12.6,8.7,
楠梓,2024/11/17 00:00:00,PM10,48,54,44,35,31,27,30,35,36,34,25,26,23,17,20,26,33,42,41,47,67,88,78,57,
楠梓,2024/11/17 00:00:00,PM2.5,18,16,16,16,13,14,11,15,16,20,12,11,9,8,11,10,8,11,10,10,15,14,16,11,
楠梓,2024/11/17 00:00:00,RAINFALL,0,0,0,0,0,0,0,0,0,0,0,0,0,0,0,0,0,0,0,0,0,0,0,0,
楠梓,2024/11/17 00:00:00,RH,93,94,96,97,96,97,97,95,91,85,76,69,67,65,64,65,70,74,80,82,84,85,86,87,
楠梓,2024/11/17 00:00:00,SO2,1,1.7,1.6,1.5,1.6,1.5,1.4,1.6,1.5,1.8,1.9,2,2.1,2,2.1,2.2,2.1,1.9,2.2,2.3,2.2,2.3,2.4,2.2,
楠梓,2024/11/17 00:00:00,THC,2.14,2.13,2.12,2.11,2.11,2.1,2.12,2.17,2.19,2.22,2.1,2.05,2.03,2.02,2.01,2.04,2.6,2.63,2.14,2.11,2.13,2.16,2.18,2.21,
楠梓,2024/11/17 00:00:00,WD_HR,42,25,35,48,35,23,23,355,1,353,353,12,10,341,335,332,295,310,23,38,45,27,354,0,
楠梓,2024/11/17 00:00:00,WIND_DIREC,41,16,51,46,26,33,14,0,344,355,23,20,355,336,344,296,294,330,23,51,47,341,306,9,
楠梓,2024/11/17 00:00:00,WIND_SPEED,0.6,1.2,1.6,1,1.7,1.5,1.3,0.4,1.6,1.6,2,2.5,1.7,2.4,1.9,1.7,1.2,2,1.9,2.3,1.4,1.3,0.7,1,
楠梓,2024/11/17 00:00:00,WS_HR,1.1,1,1.3,1.3,1.3,1.3,1.2,0.5,1,0.9,1.6,1.4,1.7,1.7,1.7,1.1,1.4,1.3,1.5,1.7,1.3,1.3,0.5,0.4,
楠梓,2024/11/18 00:00:00,AMB_TEMP,24.1,24,23.9,23.7,23.6,23.3,23.2,23.3,23.6,24,24.4,24.6,25.3,25.6,25.2,24.9,24.3,23.9,23.7,23.1,22.5,22.1,21.8,21.6,
楠梓,2024/11/18 00:00:00,CH4,2.15,2.18,2.17,2.16,2.19,2.2,2.21,2.22,2.2,2.2,2.19,2.19,2.19,2.18,2.16,2.12,2.15,2.15,2.15,2.14,2.15,2.14,2.15,2.15,
楠梓,2024/11/18 00:00:00,CO,0.26,0.22,0.22,0.21,0.2,0.21,0.24,0.35,0.3,0.33,0.35,0.38,0.47,0.4,0.35,0.32,0.33,0.34,0.33,0.34,0.31,0.3,0.3,0.31,
楠梓,2024/11/18 00:00:00,NMHC,0.02,0.02,0.01,0.02,0.02,0.03,0.03,0.06,0.05,0.05,0.07,0.09,0.21,0.1,0.09,0.05,0.05,0.09,0.11,0.12,0.1,0.11,0.11,0.1,
楠梓,2024/11/18 00:00:00,NO,0.2,0.7,0.7,0.6,0.7,0.7,1.9,4,4.4,4.8,6.4,7.7,7.4,5.6,4.8,3,1.5,0.9,0.8,0.9,1,0.6,1,0.8,
楠梓,2024/11/18 00:00:00,NO2,13.7,12.4,12.3,10.4,11.4,12.4,15,16.6,17.4,17.6,18.9,19.5,23.9,23.2,21.1,16.3,15.3,18.6,20.4,20.4,18,17.8,17.5,15.5,
楠梓,2024/11/18 00:00:00,NOx,14,13.2,13.1,11.1,12.2,13.2,16.9,20.6,21.9,22.5,25.3,27.3,31.4,28.9,25.9,19.3,16.9,19.5,21.2,21.4,19,18.5,18.5,16.3,
楠梓,2024/11/18 00:00:00,O3,10.4,11,9.8,8.8,7.7,6.8,3.3,5.6,9.1,12.8,11.5,13,19.7,21.1,19.2,20.4,19.4,24.7,21.8,16.2,14.1,12,9.8,9.8,
楠梓,2024/11/18 00:00:00,PM10,37,28,42,40,32,27,29,30,30,31,42,39,58,49,52,40,46,35,39,42,31,33,32,32,
楠梓,2024/11/18 00:00:00,PM2.5,14,11,11,8,10,8,9,16,12,14,14,12,24,25,19,8,25,19,19,10,16,15,13,11,
楠梓,2024/11/18 00:00:00,RAINFALL,0,0,0,0,0,0,0,0,0,0,0,0,0,0.5,0,0,0,0,0,0,0,0,0,0,
楠梓,2024/11/18 00:00:00,RH,85,85,86,87,86,86,87,86,84,83,84,85,85,85,86,88,87,83,79,81,82,83,86,87,
楠梓,2024/11/18 00:00:00,SO2,2.6,2,2.1,1.7,1.6,1.7,1.9,2.3,2.4,2.4,1.9,2,2.2,1.9,1.5,1.3,1.5,1.8,1.9,1.9,1.9,1.9,1.7,1.3,
楠梓,2024/11/18 00:00:00,THC,2.17,2.2,2.18,2.18,2.21,2.23,2.24,2.28,2.25,2.25,2.26,2.28,2.4,2.28,2.25,2.17,2.2,2.24,2.26,2.26,2.25,2.25,2.26,2.25,
楠梓,2024/11/18 00:00:00,WD_HR,339,357,33,29,354,16,358,336,337,7,334,314,356,13,43,43,334,339,9,38,18,356,24,317,
楠梓,2024/11/18 00:00:00,WIND_DIREC,23,8,46,51,38,5,323,342,332,341,322,311,23,44,50,15,333,323,24,31,335,30,350,312,
楠梓,2024/11/18 00:00:00,WIND_SPEED,1.3,1.2,1.6,0.6,1,1.2,0.8,1.2,1.3,1.3,0.8,0.9,1,2,3.5,2,2.4,1.6,2.1,4,1.3,1.1,1.9,1.4,
楠梓,2024/11/18 00:00:00,WS_HR,1.1,0.9,1.3,1,0.6,0.9,0.7,0.9,0.9,0.9,0.7,0.8,0.7,1,2.7,2.4,2.1,1.7,1.6,2.6,1.5,0.9,1.7,1.1,
楠梓,2024/11/19 00:00:00,AMB_TEMP,21.3,21.3,21.1,20.9,20.9,20.8,20.8,21.1,21.3,22.5,24.5,25.1,25.3,26.5,27.2,27.3,26.1,25.6,24.9,24.1,23.4,22.7,22.1,21.7,
楠梓,2024/11/19 00:00:00,CH4,2.17,2.15,2.17,2.23,2.21,2.21,2.19,2.2,2.24,2.19,2.2,2.29,2.28,2.26,2.17,2.14,2.2,2.2,2.21,2.19,2.22,2.21,2.21,2.24,
楠梓,2024/11/19 00:00:00,CO,0.29,0.26,0.26,0.3,0.22,0.23,0.27,0.37,0.37,0.33,0.39,0.51,0.49,0.46,0.37,0.35,0.44,0.52,0.41,0.43,0.42,0.4,0.38,0.33,
楠梓,2024/11/19 00:00:00,NMHC,0.08,0.07,0.25,0.06,0.05,0.04,0.05,0.08,0.12,0.1,0.19,0.34,0.29,0.17,0.12,0.13,0.14,0.59,0.13,0.14,0.12,0.13,0.12,0.13,
楠梓,2024/11/19 00:00:00,NO,0.8,0.4,0.5,0.4,0.7,0.7,2.4,7.2,9.1,11.6,11.5,8.4,6.7,6.9,3.1,1.3,0.9,0.5,0.6,0.7,0.6,0.6,0.9,0.7,
楠梓,2024/11/19 00:00:00,NO2,16.1,12.2,11.8,13.6,12,13.8,15,16.8,18.7,15.6,16.2,24.5,31,28.7,20.7,15.9,22.9,26.3,21.6,22.1,21.7,21.8,21.3,20.7,
楠梓,2024/11/19 00:00:00,NOx,16.9,12.7,12.3,14.1,12.7,14.5,17.4,24.1,27.8,27.2,27.8,32.9,37.8,35.7,23.8,17.3,23.9,26.9,22.3,22.8,22.3,22.4,22.3,21.5,
楠梓,2024/11/19 00:00:00,O3,10.3,8.3,8.5,9.7,9.7,6.6,3.8,3.6,4.6,6,10.2,19.7,24.7,27.5,40,42.9,36.2,24.7,22,18,14.4,11.4,8.9,7.2,
楠梓,2024/11/19 00:00:00,PM10,35,36,32,26,28,27,30,31,30,35,44,63,57,58,55,46,59,54,46,48,48,42,38,40,
楠梓,2024/11/19 00:00:00,PM2.5,9,9,9,10,8,11,9,11,13,11,16,27,30,29,21,19,21,23,22,20,17,17,14,14,
楠梓,2024/11/19 00:00:00,RAINFALL,0,0,0,0,0,0,0,0,0,0,0,0,0,0,0,0,0,0,0,0,0,0,0,0,
楠梓,2024/11/19 00:00:00,RH,86,88,88,86,86,86,88,86,84,84,81,77,75,72,68,67,76,78,79,81,82,83,85,85,
楠梓,2024/11/19 00:00:00,SO2,1.7,1.1,1.1,1.5,1.5,1.5,1.5,1.6,2.6,1.7,1.8,2.6,3,2.5,2.2,1.9,1.9,1.8,2,2.1,2,2.2,2,2.1,
楠梓,2024/11/19 00:00:00,THC,2.25,2.22,2.42,2.29,2.26,2.25,2.24,2.28,2.36,2.29,2.39,2.63,2.57,2.43,2.29,2.27,2.34,2.79,2.34,2.33,2.34,2.34,2.33,2.37,
楠梓,2024/11/19 00:00:00,WD_HR,19,42,312,14,343,16,6,342,8,357,301,295,15,331,312,283,273,1,7,44,24,357,21,341,
楠梓,2024/11/19 00:00:00,WIND_DIREC,51,37,311,344,31,35,24,332,2,16,276,310,17,350,284,274,288,31,21,47,350,37,23,357,
楠梓,2024/11/19 00:00:00,WIND_SPEED,1.7,1.8,1.5,1.3,0.9,1.3,1,1.2,1,0.8,1.3,1.3,1,0.5,0.5,1.7,0.6,1.5,1.7,1.6,1,1.3,0.8,1.6,
楠梓,2024/11/19 00:00:00,WS_HR,1.1,1.8,1.2,1,0.7,1,0.9,0.9,1,0.7,0.6,1.2,0.7,0.4,0.5,0.9,1.1,0.8,1,1.7,1.1,0.8,1.4,1.1,
楠梓,2024/11/20 00:00:00,AMB_TEMP,21.3,21.2,21,21,21,20.9,20.9,22.1,23.3,25.2,26.7,27.6,27.7,28,28,28.1,27.4,26.1,24.8,24,23.6,23.2,23,22.6,
楠梓,2024/11/20 00:00:00,CH4,2.27,2.24,2.18,2.19,2.24,2.27,2.22,2.26,2.28,2.3,2.23,2.18,2.16,2.1,2.12,2.11,2.13,2.14,2.13,2.13,2.12,2.14,2.16,2.2,
楠梓,2024/11/20 00:00:00,CO,0.33,0.3,0.28,0.27,0.29,0.28,0.33,0.6,0.5,0.48,0.47,0.42,0.38,0.3,0.31,0.28,0.34,0.33,0.31,0.32,0.35,0.34,0.33,0.31,
楠梓,2024/11/20 00:00:00,NMHC,0.11,0.1,0.09,0.09,0.11,0.09,0.1,0.16,0.16,0.16,0.24,0.1,0.11,0.07,0.08,0.05,0.18,0.1,0.1,0.09,0.07,0.08,0.08,0.09,
楠梓,2024/11/20 00:00:00,NO,0.6,0.5,0.7,0.6,0.6,0.8,5.7,22.7,19.6,12,4.2,2,1.3,1.1,0.9,0.9,0.7,0.6,0.4,0.5,0.4,0.5,0.4,0.5,
楠梓,2024/11/20 00:00:00,NO2,20.2,19.1,18.1,16.7,17.6,17.2,15.8,17.2,18.2,20.9,21,17,16.6,12.1,11.5,11.8,16,19.8,18.3,17,17.2,16,17.2,16.9,
楠梓,2024/11/20 00:00:00,NOx,20.9,19.7,18.8,17.4,18.2,18.1,21.6,39.9,37.8,32.9,25.3,19,18,13.2,12.5,12.7,16.7,20.5,18.8,17.5,17.7,16.5,17.6,17.4,
楠梓,2024/11/20 00:00:00,O3,6.9,6.4,6.5,5.4,4.1,3.7,2.1,1.9,6.2,17.5,43.1,49.5,56.2,57.1,69,62.7,56,40.5,33.1,26.5,20.8,18.7,14.4,11.4,
楠梓,2024/11/20 00:00:00,PM10,34,34,26,32,32,28,35,43,53,68,74,58,58,38,45,49,54,60,67,71,64,52,46,41,
楠梓,2024/11/20 00:00:00,PM2.5,14,21,16,12,14,13,10,15,20,30,40,30,33,26,31,19,24,21,18,17,17,15,14,13,
楠梓,2024/11/20 00:00:00,RAINFALL,0,0,0,0,0,0,0,0,0,0,0,0,0,0,0,0,0,0,0,0,0,0,0,0,
楠梓,2024/11/20 00:00:00,RH,85,86,86,87,86,87,89,87,84,80,73,68,67,65,66,66,69,75,79,82,83,85,86,87,
楠梓,2024/11/20 00:00:00,SO2,2.7,2.3,1.9,2,2.3,2.3,1.8,1.5,1.9,2.3,2.6,2.4,2,1.5,1.6,1.7,1.7,1.8,1.7,2,2.2,2.1,1.9,1.8,
楠梓,2024/11/20 00:00:00,THC,2.38,2.34,2.27,2.28,2.35,2.36,2.32,2.42,2.44,2.46,2.47,2.28,2.27,2.17,2.2,2.16,2.31,2.24,2.23,2.22,2.19,2.22,2.24,2.29,
楠梓,2024/11/20 00:00:00,WD_HR,12,23,47,5,356,24,46,48,356,342,297,267,277,277,266,266,297,10,23,30,36,15,34,31,
楠梓,2024/11/20 00:00:00,WIND_DIREC,7,35,35,325,2,51,36,30,3,324,275,278,277,242,269,275,325,355,31,25,27,24,47,23,
楠梓,2024/11/20 00:00:00,WIND_SPEED,1.3,1.3,1.4,0.9,0.8,2.6,0.6,0.8,1.3,1,1.2,1.2,2.1,1.4,1.8,1.6,1.4,1.9,2.6,1.6,1.7,1.1,1.2,1.2,
楠梓,2024/11/20 00:00:00,WS_HR,1.2,0.9,1.4,0.8,0.7,1.2,1.4,0.6,0.8,0.8,0.6,0.9,1.2,1.3,1.7,1.3,1.1,1.1,1.6,1.7,1.3,1,1,1.2,
楠梓,2024/11/21 00:00:00,AMB_TEMP,22.2,21.9,21.9,21.8,21.5,21.3,21.2,21.6,22.2,23.6,25.8,27.3,27.6,27.8,27.8,27.5,26.3,25,24.3,23.5,22.7,22.3,21.8,21.3,
楠梓,2024/11/21 00:00:00,CH4,2.21,2.2,2.19,2.21,2.25,2.23,2.26,2.29,2.25,2.22,2.21,2.18,2.17,2.14,2.13,2.12,2.11,2.11,2.11,2.12,2.14,2.14,2.15,2.14,
楠梓,2024/11/21 00:00:00,CO,0.3,0.27,0.27,0.29,0.29,0.27,0.32,0.46,0.37,0.34,0.34,0.33,0.34,0.31,0.3,0.29,0.29,0.32,0.35,0.33,0.28,0.28,0.29,0.29,
楠梓,2024/11/21 00:00:00,NMHC,0.11,0.1,0.07,0.1,0.11,0.09,0.1,0.15,0.12,0.11,0.09,0.07,0.07,0.05,0.04,0.04,0.06,0.08,0.08,0.1,0.08,0.1,0.09,0.07,
楠梓,2024/11/21 00:00:00,NO,0.6,0.3,0.6,0.5,0.7,0.8,2.6,7.2,9.3,10.8,8.1,2.6,1.7,1.2,0.9,1,0.8,0.8,0.7,0.5,0.5,0.8,0.7,0.6,
楠梓,2024/11/21 00:00:00,NO2,17.3,14.8,13.4,13.1,15.1,15.1,17.2,15.9,13.9,14,16.1,13.1,12.8,10.6,10.7,10.8,13.6,18.2,17.4,18,16.6,15.6,16.3,15.9,
楠梓,2024/11/21 00:00:00,NOx,17.9,15.1,14.1,13.7,15.8,16,19.9,23.1,23.3,24.8,24.3,15.7,14.5,11.9,11.7,11.8,14.4,19,18.1,18.5,17.2,16.4,17,16.5,
楠梓,2024/11/21 00:00:00,O3,9.3,10.6,8.9,8.1,4.9,6.2,2.1,4.2,5.6,10.2,24.6,50.9,60.7,65.9,66.7,63.7,52.8,35.7,30.8,24.1,19.9,17.8,14.4,13.7,
楠梓,2024/11/21 00:00:00,PM10,33,25,33,36,37,36,32,41,42,49,55,60,58,46,47,59,76,97,123,76,38,32,25,23,
楠梓,2024/11/21 00:00:00,PM2.5,11,17,17,14,17,14,13,20,23,21,28,30,38,32,33,28,24,21,19,16,13,10,13,8,
楠梓,2024/11/21 00:00:00,RAINFALL,0,0,0,0,0,0,0,0,0,0,0,0,0,0,0,0,0,0,0,0,0,0,0,0,
楠梓,2024/11/21 00:00:00,RH,88,88,89,89,90,91,92,91,90,86,79,72,70,68,67,68,70,73,75,76,77,78,81,82,
楠梓,2024/11/21 00:00:00,SO2,1.9,1.5,1.6,1.8,2,2.1,2,2.2,1.5,1.5,1.7,2.1,2.1,1.5,1.5,1.6,1.7,2.1,2.1,2,1.7,1.9,2.3,2.3,
楠梓,2024/11/21 00:00:00,THC,2.32,2.3,2.26,2.31,2.36,2.32,2.36,2.44,2.37,2.33,2.3,2.25,2.24,2.19,2.17,2.16,2.17,2.19,2.19,2.22,2.22,2.24,2.24,2.21,
楠梓,2024/11/21 00:00:00,WD_HR,28,5,12,318,346,355,331,11,34,18,32,318,21,6,11,16,9,27,12,22,340,20,348,353,
楠梓,2024/11/21 00:00:00,WIND_DIREC,25,18,4,31,323,2,340,348,49,15,36,337,38,17,338,35,38,36,12,27,353,32,332,25,
楠梓,2024/11/21 00:00:00,WIND_SPEED,1.5,1.5,1.2,1.1,1.4,0.7,1.3,1.2,2,2,1.7,1.6,2.5,2,1.9,2.6,2.8,2.5,1.6,1.6,1.3,1.5,1.3,1.6,
楠梓,2024/11/21 00:00:00,WS_HR,1.2,0.8,1,1,0.8,0.9,0.6,0.9,1.2,1.3,1.1,0.9,1.6,1.3,1.7,1.5,1.8,2,1.4,1.3,1.2,1.2,0.9,1,
楠梓,2024/11/22 00:00:00,AMB_TEMP,20.8,20.5,20.3,20.1,20.3,20.3,20.4,20.8,22.1,23.1,24.9,26.4,27.3,27.7,27.3,27,26.5,25.6,24.5,23.8,23.4,23.2,22.8,22.3,
楠梓,2024/11/22 00:00:00,CH4,2.16,2.17,2.2,2.16,2.19,2.18,2.2,2.18,2.21,2.21,2.2,#,2.16,2.13,2.12,2.11,2.13,2.15,2.16,2.18,2.2,2.22,2.21,2.21,
楠梓,2024/11/22 00:00:00,CO,0.27,0.26,0.26,0.26,0.26,0.26,0.28,0.37,0.32,0.33,0.38,#,0.44,0.41,0.39,0.36,0.38,0.44,0.43,0.38,0.39,0.41,0.38,0.35,
楠梓,2024/11/22 00:00:00,NMHC,0.08,0.08,0.08,0.06,0.06,0.06,0.06,0.07,0.09,0.08,0.08,#,0.12,0.08,0.06,0.05,0.07,0.16,0.12,0.13,0.13,0.14,0.13,0.11,
楠梓,2024/11/22 00:00:00,NO,0.4,0.8,0.6,0.9,0.7,0.9,1.6,5.1,6.3,7,7.1,#,1.8,#,0.8,0.7,0.5,0.4,0.3,0.2,0.4,0.5,0.5,0.4,
楠梓,2024/11/22 00:00:00,NO2,15.3,15.8,15.3,14,14.1,13.4,17,15.9,14.6,16.8,18.8,#,15.3,#,16.5,12.7,14.5,20.6,22.9,20.6,20.5,20.8,19.2,17.8,
楠梓,2024/11/22 00:00:00,NOx,15.7,16.6,16,14.9,14.8,14.3,18.7,21,20.9,23.8,26,#,17.1,#,17.3,13.4,15,21,23.2,20.8,21,21.3,19.7,18.2,
楠梓,2024/11/22 00:00:00,O3,12.9,11.6,10.5,10.5,10.8,10.8,7.2,8.9,13.7,17.4,27.7,42.1,#,70.2,64.5,72,64.6,47.4,39.7,33.2,25.9,21.2,18.7,17.3,
楠梓,2024/11/22 00:00:00,PM10,22,21,18,18,17,20,16,21,37,46,54,61,#,#,51,54,57,73,77,76,75,72,65,48,
楠梓,2024/11/22 00:00:00,PM2.5,11,11,15,8,10,10,9,11,11,20,26,#,29,32,27,23,21,21,22,20,22,25,23,21,
楠梓,2024/11/22 00:00:00,RAINFALL,0,0,0,0,0,0,0,0,0,0,0,#,#,#,0,0,0,0,0,0,0,0,0,0,
楠梓,2024/11/22 00:00:00,RH,83,85,86,87,86,86,86,86,82,79,75,70,67,65,67,68,70,72,72,73,75,76,77,78,
楠梓,2024/11/22 00:00:00,SO2,2,1.5,1.5,1.6,1.5,1.5,1.6,1.4,1.6,2.4,2.3,#,2.7,#,1.6,1.3,1.2,1.3,1.6,1.7,1.8,2.4,2.1,2,
楠梓,2024/11/22 00:00:00,THC,2.24,2.25,2.28,2.22,2.25,2.24,2.26,2.25,2.3,2.29,2.28,#,2.28,2.21,2.18,2.16,2.2,2.31,2.28,2.31,2.33,2.36,2.34,2.32,
楠梓,2024/11/22 00:00:00,WD_HR,22,23,17,30,19,27,22,25,358,359,7,358,293,276,274,275,277,308,346,22,331,344,353,350,
楠梓,2024/11/22 00:00:00,WIND_DIREC,28,18,34,15,30,33,23,348,0,6,28,285,265,281,255,277,281,334,37,3,337,24,17,27,
楠梓,2024/11/22 00:00:00,WIND_SPEED,1.7,1.4,1.4,0.9,1.8,1.2,0.8,1.3,1.7,1,1.7,1.3,0.6,2.1,1.7,1.3,1.3,1.9,1.9,1.1,1.1,0.9,1.1,1.1,
楠梓,2024/11/22 00:00:00,WS_HR,1.4,1.3,1,1.3,0.8,1.2,0.8,1.4,0.9,1,1,0.7,0.8,1.1,1.5,1.3,1.2,1.1,1.2,1.1,0.9,0.9,0.8,0.8,
楠梓,2024/11/23 00:00:00,AMB_TEMP,22,21.7,21.3,20.9,20.6,20.5,20.5,21.1,22.5,24,26.1,27.8,28.5,28.1,28,27.6,26.5,25.7,24.9,24.3,23.7,23.2,22.6,22.4,
楠梓,2024/11/23 00:00:00,CH4,2.21,2.16,2.2,2.2,2.22,2.23,2.21,2.22,2.21,2.23,2.2,2.18,2.17,2.17,2.16,2.16,2.17,2.18,2.2,2.2,2.25,2.25,2.24,2.22,
楠梓,2024/11/23 00:00:00,CO,0.35,0.32,0.29,0.27,0.28,0.29,0.31,0.33,0.35,0.4,0.38,0.39,0.41,0.4,0.43,0.38,0.38,0.41,0.42,0.39,0.45,0.42,0.42,0.42,
楠梓,2024/11/23 00:00:00,NMHC,0.09,0.05,0.09,0.1,0.11,0.1,0.09,0.08,0.09,0.13,0.11,0.07,0.11,0.11,0.07,0.1,0.08,0.09,0.1,0.08,0.12,0.1,0.08,0.15,
楠梓,2024/11/23 00:00:00,NO,0.4,0.5,0.8,0.6,0.7,0.8,1.4,3.8,5,5.4,3.9,1.8,1.5,1.3,1.2,0.9,0.8,0.7,0.7,0.5,0.5,0.7,0.8,1,
楠梓,2024/11/23 00:00:00,NO2,17.4,15.1,14.6,16,15,15.2,15.6,15.8,14.8,16.5,15.7,13,12.7,13.5,13.9,12.4,14.7,17.1,19.4,17.2,18.4,18.6,17.8,16.5,
楠梓,2024/11/23 00:00:00,NOx,17.9,15.7,15.4,16.6,15.7,16,17,19.7,19.8,21.9,19.7,14.9,14.2,14.8,15.1,13.4,15.5,17.9,20.1,17.8,19,19.3,18.6,17.6,
楠梓,2024/11/23 00:00:00,O3,15.6,16.3,16,13.8,14.2,11.1,8.7,9.4,12.9,20.5,40.6,58.5,66.2,72.3,71.7,66.8,56.4,45.4,41.1,38.3,33,27.8,23.6,19.5,
楠梓,2024/11/23 00:00:00,PM10,39,32,34,29,32,34,33,35,41,62,70,58,55,58,58,57,56,54,72,73,79,69,65,67,
楠梓,2024/11/23 00:00:00,PM2.5,18,15,11,16,14,11,16,18,16,34,37,32,24,32,33,28,30,32,33,33,32,30,29,27,
楠梓,2024/11/23 00:00:00,RAINFALL,0,0,0,0,0,0,0,0,0,0,0,0,0,0,0,0,0,0,0,0,0,0,0,0,
楠梓,2024/11/23 00:00:00,RH,79,80,80,82,82,84,85,84,81,76,70,64,61,62,61,63,66,69,70,70,70,72,74,76,
楠梓,2024/11/23 00:00:00,SO2,1.8,1.8,1.9,1.8,1.7,1.7,1.4,1.6,1.4,1.5,1.7,1.7,1.8,1.9,1.9,1.7,1.8,1.6,1.8,2,2.3,2.3,2.3,2.4,
楠梓,2024/11/23 00:00:00,THC,2.3,2.21,2.29,2.3,2.33,2.33,2.3,2.3,2.3,2.36,2.31,2.25,2.28,2.28,2.23,2.26,2.25,2.27,2.3,2.28,2.37,2.35,2.32,2.37,
楠梓,2024/11/23 00:00:00,WD_HR,36,45,351,3,6,26,18,24,331,357,329,331,304,358,3,281,5,27,35,5,349,35,45,46,
楠梓,2024/11/23 00:00:00,WIND_DIREC,47,42,20,358,34,21,19,41,297,16,333,314,312,21,299,289,17,6,13,344,34,44,36,299,
楠梓,2024/11/23 00:00:00,WIND_SPEED,2.1,2.2,1.6,0.9,1.1,1.2,0.6,1.5,1.4,0.7,1,1.4,2,1.7,1.1,1.5,1.6,0.9,1.3,0.7,1.7,2.1,1.5,0.8,
楠梓,2024/11/23 00:00:00,WS_HR,1.6,1.9,1.1,0.7,0.7,0.9,0.8,0.9,0.7,0.6,0.5,0.9,1.1,1.2,0.8,1.5,0.8,1.1,1.5,0.6,1,1.5,1.6,0.9,
楠梓,2024/11/24 00:00:00,AMB_TEMP,22.4,21.9,21.7,21.6,21.3,21.2,21.4,21.6,23.1,24.6,26.6,28.1,28.5,28.6,27.7,27.1,26.6,26.1,25.5,24.8,24,23.4,23,22.8,
楠梓,2024/11/24 00:00:00,CH4,2.28,2.38,2.3,2.31,2.39,2.39,2.36,2.39,2.4,2.34,2.25,2.21,2.22,2.17,2.11,2.12,2.09,2.09,2.13,2.17,2.15,2.15,2.16,2.2,
楠梓,2024/11/24 00:00:00,CO,0.45,0.43,0.4,0.43,0.41,0.41,0.42,0.52,0.52,0.47,0.43,0.42,0.42,0.38,0.29,0.28,0.27,0.32,0.4,0.35,0.31,0.29,0.3,0.33,
楠梓,2024/11/24 00:00:00,NMHC,0.12,0.12,0.06,0.09,0.11,0.11,0.09,0.14,0.13,0.11,0.09,0.11,0.08,0.04,0.16,0.11,0.01,0.05,0.63,0.08,0.06,0.05,0.1,0.05,
楠梓,2024/11/24 00:00:00,NO,0.7,0.2,0.3,0,0.3,0.4,1.1,3.9,4.4,3.1,1.9,0.5,0.4,0.3,0,0.1,0.8,0.4,0.5,0.4,0.4,0.6,0.3,0.3,
楠梓,2024/11/24 00:00:00,NO2,17.2,16.8,13.4,13.4,15.6,19.4,17.5,16.8,15.4,14.9,13.7,11,11.7,9.9,8.7,11.1,11.4,11.6,13.7,16.3,14.8,13.4,13.3,15.6,
楠梓,2024/11/24 00:00:00,NOx,17.9,17,13.7,13.5,15.9,19.8,18.6,20.7,19.8,18,15.7,11.6,12.2,10.3,8.6,11.2,12.3,12.1,14.3,16.8,15.2,14.1,13.7,16,
楠梓,2024/11/24 00:00:00,O3,17.1,14.7,14.5,11.3,8.2,3.6,5.3,7.3,16.2,25.8,45.2,65.8,77,80.3,70.7,67.1,59,53.6,42.2,35.2,31.6,28.7,20.8,19.6,
楠梓,2024/11/24 00:00:00,PM10,66,67,60,62,54,52,49,50,65,67,54,56,60,50,42,43,45,38,54,59,60,54,59,51,
楠梓,2024/11/24 00:00:00,PM2.5,27,36,34,33,28,27,32,31,38,45,35,34,37,32,22,21,18,15,23,20,20,16,25,18,
楠梓,2024/11/24 00:00:00,RAINFALL,0,0,0,0,0,0,0,0,0,0,0,0,0,0,0,0,0,0,0,0,0,0,0,0,
楠梓,2024/11/24 00:00:00,RH,76,80,84,84,84,85,84,83,80,75,68,62,61,61,64,65,66,67,72,74,76,80,82,83,
楠梓,2024/11/24 00:00:00,SO2,2.1,2.3,2,2,2,2.2,2.6,2.9,2.7,2.7,2.6,2.1,2.5,2.4,2.3,2.2,1.8,1.8,1.8,2,1.9,2.1,2,2.1,
楠梓,2024/11/24 00:00:00,THC,2.4,2.5,2.36,2.4,2.5,2.5,2.45,2.53,2.53,2.45,2.34,2.32,2.3,2.21,2.27,2.23,2.1,2.14,2.76,2.25,2.21,2.2,2.26,2.25,
楠梓,2024/11/24 00:00:00,WD_HR,336,6,41,352,18,44,13,353,346,3,330,273,280,276,287,277,275,277,292,37,44,37,38,24,
楠梓,2024/11/24 00:00:00,WIND_DIREC,16,2,57,39,324,49,27,323,16,6,298,272,271,278,294,273,290,274,314,65,26,39,45,24,
楠梓,2024/11/24 00:00:00,WIND_SPEED,0.5,1,1,1,0.6,0.9,1.3,1.1,1.1,1,1,1.8,1.6,1.8,2,1.7,0.5,1,0.8,1.6,1.7,1.4,1.2,0.5,
楠梓,2024/11/24 00:00:00,WS_HR,0.7,0.8,0.7,0.5,0.8,0.6,0.6,0.6,0.8,0.8,0.5,1.4,1.2,1.8,1.8,1.6,1,0.6,0.8,1.4,1.4,1.2,0.7,0.5,
楠梓,2024/11/25 00:00:00,AMB_TEMP,22.6,22.6,22.3,21.9,21.9,22,22,22.5,23.9,25.2,26.7,26.5,27.3,27.9,27.8,27.6,26.9,25.5,24.5,23.6,23.1,22.6,22.1,22,
楠梓,2024/11/25 00:00:00,CH4,2.25,2.33,2.43,2.46,2.4,2.38,2.35,2.3,2.23,2.15,2.15,2.25,2.09,2.08,2.06,2.06,2.06,2.07,2.09,2.14,2.11,2.15,2.18,2.16,
楠梓,2024/11/25 00:00:00,CO,0.35,0.41,0.38,0.49,0.36,0.37,0.46,0.61,0.47,0.4,0.33,0.37,0.25,0.22,0.22,0.21,0.24,0.3,0.29,0.29,0.27,0.27,0.24,0.23,
楠梓,2024/11/25 00:00:00,NMHC,0.06,0.17,0.39,0.15,0.1,0.07,0.07,0.22,0.08,0.09,0.07,0.16,0.06,0.04,0.04,0.02,0.04,0.07,0.08,0.09,0.06,0.07,0.06,0.02,
楠梓,2024/11/25 00:00:00,NO,0.4,0.2,0.3,0.5,0.4,0.9,3.6,7.7,3.6,2.4,1.4,1.4,0.8,0.6,0.6,0.6,0.4,0.3,0.3,0.3,0.5,0.2,0.2,0.4,
楠梓,2024/11/25 00:00:00,NO2,16.9,21.5,18.9,18.2,15,16.4,22.1,23.9,17.8,18.4,12.6,19.3,11.7,9.2,10.2,9.9,11.8,15.9,17.3,17.5,16,15,13.4,10.8,
楠梓,2024/11/25 00:00:00,NOx,17.3,21.8,19.2,18.7,15.4,17.3,25.7,31.7,21.5,20.8,14.1,20.8,12.6,9.9,10.8,10.6,12.3,16.2,17.7,17.9,16.5,15.3,13.6,11.3,
楠梓,2024/11/25 00:00:00,O3,17.7,14.4,12.8,7.2,9.3,4.6,4.3,8.4,28.5,42.5,46.8,52.2,58.1,60,55.4,59.8,49.3,34.7,29.5,25.7,23.7,22.5,21.4,22.1,
楠梓,2024/11/25 00:00:00,PM10,56,45,50,63,63,50,53,70,62,61,56,76,49,38,53,41,41,53,43,49,48,50,55,61,
楠梓,2024/11/25 00:00:00,PM2.5,19,22,20,29,34,23,24,37,27,27,17,37,17,21,17,14,18,14,13,14,18,16,17,26,
楠梓,2024/11/25 00:00:00,RAINFALL,0,0,0,0,0,0,0,0,0,0,0,0,0,0,0,0,0,0,0,0,0,0,0,0,
楠梓,2024/11/25 00:00:00,RH,85,86,88,89,90,90,90,89,83,75,68,70,64,63,64,63,66,75,81,85,87,89,92,93,
楠梓,2024/11/25 00:00:00,SO2,2.5,1.3,1.1,1.7,1.5,1.2,1.6,1.9,2.2,2.1,1.7,2,1.7,1.6,1.6,1.4,1.2,1.7,1.5,1.1,1.3,1.3,1.2,0.9,
楠梓,2024/11/25 00:00:00,THC,2.31,2.5,2.82,2.61,2.5,2.45,2.42,2.52,2.31,2.24,2.22,2.41,2.15,2.12,2.1,2.08,2.1,2.14,2.17,2.23,2.17,2.22,2.24,2.18,
楠梓,2024/11/25 00:00:00,WD_HR,63,97,18,35,28,355,36,46,47,23,291,304,319,346,316,345,345,346,14,21,12,359,19,39,
楠梓,2024/11/25 00:00:00,WIND_DIREC,96,115,18,45,332,324,39,58,29,41,292,287,298,336,342,338,355,342,21,16,318,28,46,54,
楠梓,2024/11/25 00:00:00,WIND_SPEED,0.3,0.2,0.8,1,0.2,0.5,1.1,1,0.3,1,1.7,1.7,1.4,2,2.4,1.8,1.7,1.4,1.1,1.4,1.4,1.9,1.5,2.3,
楠梓,2024/11/25 00:00:00,WS_HR,0.7,0.2,0.5,0.9,0.6,0.2,0.5,1,0.8,0.3,1,1.2,1.3,0.9,1.7,1.7,1.2,1.3,1.2,1.3,0.8,1.1,1.3,1.9,
楠梓,2024/11/26 00:00:00,AMB_TEMP,22.2,22.3,22.2,22,22,22.2,22,22.3,23.6,25.1,26,26.7,27.5,28,28,28,27.2,24,22.3,21.5,20.8,20.1,19.4,19.1,
楠梓,2024/11/26 00:00:00,CH4,2.15,2.18,2.21,2.18,2.15,2.12,2.1,2.08,2.08,2.05,2.03,2.02,2.03,2.03,2.04,2.04,2.07,2.18,2.19,2.22,2.24,2.26,2.23,2.21,
楠梓,2024/11/26 00:00:00,CO,0.22,0.25,0.28,0.28,0.25,0.21,0.2,0.25,0.21,0.19,0.19,0.19,0.21,0.22,0.23,0.24,0.31,0.41,0.41,0.45,0.46,0.46,0.48,0.42,
楠梓,2024/11/26 00:00:00,NMHC,0.01,0.03,0.05,0.06,0.04,0.03,0,0.02,0.01,0.02,0.01,0.01,0,0.02,0.01,0.02,0.08,0.09,0.07,0.09,0.1,0.11,0.1,0.1,
楠梓,2024/11/26 00:00:00,NO,0.2,0.6,0.5,0.5,0.3,0.5,0.7,1.6,3,3.2,3,1.8,1.5,1.1,0.9,0.9,0.8,0.6,0.7,0.4,0.5,0.7,0.5,0.5,
楠梓,2024/11/26 00:00:00,NO2,9.3,10,10.6,10.6,10.4,10,11,11.8,10.8,10.1,9.9,8.7,8.8,8.8,9,9.6,12.5,18,15.2,16.6,19.2,19.5,20.4,17.6,
楠梓,2024/11/26 00:00:00,NOx,9.5,10.6,11.2,11.2,10.7,10.6,11.7,13.5,13.9,13.3,13,10.5,10.4,9.9,9.9,10.5,13.4,18.7,15.9,17.1,19.8,20.2,20.9,18.1,
楠梓,2024/11/26 00:00:00,O3,25.3,25.8,21.2,19.3,19.2,20.1,19,19.3,22.5,27.7,32.9,40.2,45.4,51.9,55.7,51.3,50.3,43.4,38.3,26.7,17,12.9,11.6,13.7,
楠梓,2024/11/26 00:00:00,PM10,55,57,70,75,62,50,26,23,35,55,55,36,46,41,#,45,48,79,137,182,105,60,53,39,
楠梓,2024/11/26 00:00:00,PM2.5,25,32,36,37,31,24,14,10,8,9,10,11,12,14,14,#,13,15,18,20,19,19,21,13,
楠梓,2024/11/26 00:00:00,RAINFALL,0,0,0,0,0,0,0,0,0,0,0,0,0,0,0,0,0,0,0,0,0,0,0,0,
楠梓,2024/11/26 00:00:00,RH,91,90,91,91,91,90,88,86,79,69,65,62,60,58,58,56,59,70,73,73,74,75,76,76,
楠梓,2024/11/26 00:00:00,SO2,0.7,0.8,0.7,0.9,1.3,1.3,1.5,1.6,1.7,1.6,1.3,1.2,1.2,1.4,1.6,1.3,1.3,1.8,1.3,1.8,1.9,1.9,2.5,2.1,
楠梓,2024/11/26 00:00:00,THC,2.16,2.21,2.26,2.24,2.19,2.15,2.1,2.1,2.09,2.07,2.04,2.03,2.03,2.05,2.05,2.06,2.15,2.27,2.26,2.31,2.34,2.37,2.33,2.31,
楠梓,2024/11/26 00:00:00,WD_HR,26,26,23,345,22,26,357,28,19,37,40,29,22,11,14,22,18,6,352,332,341,349,1,345,
楠梓,2024/11/26 00:00:00,WIND_DIREC,12,29,23,344,36,35,19,19,13,52,32,36,21,25,9,38,343,341,335,340,338,3,30,14,
楠梓,2024/11/26 00:00:00,WIND_SPEED,1.6,1.4,1.8,1.6,2.9,2.7,3,2.6,3.3,5.3,3.8,4.2,2.6,2.6,2.5,2.4,2.6,2.5,1.9,2.3,1.5,1.7,1.5,1.1,
楠梓,2024/11/26 00:00:00,WS_HR,1.2,1.7,1.4,1.2,1.8,2,1.9,2.2,2.1,3.1,4.1,3.3,2.3,2.1,1.9,1.7,1.8,1.6,1.4,1.7,1.4,1.2,1.1,0.9,
楠梓,2024/11/27 00:00:00,AMB_TEMP,18.7,18.4,18.1,17.5,17.1,17.1,16.9,17.5,18.9,21.3,23.3,24.6,25,25.5,25.6,25.4,24.4,22.8,21.1,20.2,19.8,19.6,18.9,18.4,
楠梓,2024/11/27 00:00:00,CH4,2.2,2.22,2.25,2.25,2.26,2.25,2.26,2.26,2.21,2.21,2.22,2.21,2.2,2.17,2.15,2.15,2.13,2.14,2.14,2.14,2.15,2.17,2.16,2.17,
楠梓,2024/11/27 00:00:00,CO,0.36,0.34,0.33,0.34,0.32,0.31,0.33,0.39,0.35,0.35,0.42,0.44,0.42,0.37,0.34,0.36,0.37,0.34,0.3,0.3,0.31,0.31,0.29,0.29,
楠梓,2024/11/27 00:00:00,NMHC,0.08,0.09,0.06,0.07,0.07,0.07,0.08,0.11,0.08,0.09,0.12,0.15,0.12,0.08,0.06,0.06,0.38,0.11,0.08,0.09,0.09,0.1,0.1,0.11,
楠梓,2024/11/27 00:00:00,NO,0.5,1.1,1,1,1.1,1.2,1.7,4.7,6.7,8.2,6.3,4,3.2,2.4,1.8,1.7,1,0.8,0.8,1,0.8,0.9,0.9,0.9,
楠梓,2024/11/27 00:00:00,NO2,14.9,14,13.9,14.5,15.4,14.2,17.1,17.4,16.5,17.5,18.5,18.6,18.8,16.5,13.9,15.2,19,20.2,16.4,16.8,17.2,17.4,16.4,16.1,
楠梓,2024/11/27 00:00:00,NOx,15.4,15.2,14.9,15.6,16.6,15.5,18.8,22.2,23.3,25.7,24.8,22.7,22.1,19,15.8,16.9,20,21.1,17.3,17.8,18.1,18.3,17.3,17.1,
楠梓,2024/11/27 00:00:00,O3,16.2,15.4,13.9,15.2,14.1,12.6,8.7,12.5,17.4,20.6,31.2,45.7,54.2,60.2,66.8,65.7,56.5,53.3,49.1,41,34.8,31.4,29.3,26.5,
楠梓,2024/11/27 00:00:00,PM10,35,31,36,38,34,37,33,42,51,53,65,69,65,57,61,66,108,102,107,153,117,74,57,48,
楠梓,2024/11/27 00:00:00,PM2.5,12,13,11,16,15,19,18,15,15,20,27,27,26,23,25,25,22,22,23,21,27,19,21,18,
楠梓,2024/11/27 00:00:00,RAINFALL,0,0,0,0,0,0,0,0,0,0,0,0,0,0,0,0,0,0,0,0,0,0,0,0,
楠梓,2024/11/27 00:00:00,RH,76,80,81,81,83,84,85,81,75,69,64,61,60,59,58,58,61,59,61,63,64,63,64,65,
楠梓,2024/11/27 00:00:00,SO2,2,2.1,2.4,2.5,2,2.1,2.1,2.6,2.6,2.6,2.5,2.9,2.7,2.4,2.4,2.4,2.4,2.6,2,2.4,2.8,2.3,2.1,2,
楠梓,2024/11/27 00:00:00,THC,2.28,2.31,2.31,2.32,2.33,2.32,2.34,2.37,2.29,2.3,2.34,2.36,2.32,2.25,2.21,2.21,2.51,2.25,2.22,2.23,2.24,2.27,2.26,2.28,
楠梓,2024/11/27 00:00:00,WD_HR,359,36,8,340,47,22,335,11,20,15,313,314,6,357,1,20,299,3,21,348,359,5,356,23,
楠梓,2024/11/27 00:00:00,WIND_DIREC,25,55,337,355,49,329,359,338,354,12,307,2,292,14,7,27,307,30,12,327,6,350,340,19,
楠梓,2024/11/27 00:00:00,WIND_SPEED,1.5,2,1.4,1.5,2.5,1.1,1.9,1.6,1.4,1.1,1.3,1.8,1.1,1.4,1.5,1,2.6,2.7,1.7,2,1.6,0.9,1.4,0.8,
楠梓,2024/11/27 00:00:00,WS_HR,1.1,1.5,1.2,1.4,2,1.2,1.5,1.1,1.2,0.8,1.1,1,0.9,0.8,1.1,0.8,1.7,1.6,1.5,1.2,1.2,1.1,0.8,1.1,
楠梓,2024/11/28 00:00:00,AMB_TEMP,17.9,17.7,17.4,17.1,16.8,16.4,16.5,16.8,17.9,19.3,21.6,23.5,24.3,24.7,24.6,24.3,23.6,22.3,21,20.1,19.4,18.7,18.2,17.7,
楠梓,2024/11/28 00:00:00,CH4,2.18,2.18,2.22,2.2,2.2,2.24,2.23,2.21,2.21,2.2,2.17,2.14,2.12,2.1,2.09,2.08,2.09,2.12,2.14,2.14,2.18,2.15,2.16,2.17,
楠梓,2024/11/28 00:00:00,CO,0.29,0.26,0.25,0.25,0.26,0.28,0.28,0.35,0.33,0.31,0.28,0.31,0.36,0.3,0.23,0.23,0.26,0.29,0.29,0.29,0.3,0.3,0.29,0.29,
楠梓,2024/11/28 00:00:00,NMHC,0.11,0.11,0.08,0.09,0.08,0.11,0.1,0.12,0.12,0.1,0.09,0.07,0.06,0.04,0.03,0.04,0.05,0.08,0.08,0.08,0.1,0.08,0.07,0.1,
楠梓,2024/11/28 00:00:00,NO,1,0.5,0.7,0.6,0.9,0.7,1.3,4.9,9.3,10,7.9,5.1,3.8,1.8,1.3,1.2,1.2,0.6,0.7,0.7,0.7,0.8,0.6,0.8,
楠梓,2024/11/28 00:00:00,NO2,16.9,15.4,13.9,14.9,15.5,18.8,21.3,21,21.4,20.9,18.6,16.8,15.3,11.6,9.9,9.4,12.7,18,18.6,15.3,16.1,16.7,16.8,17.6,
楠梓,2024/11/28 00:00:00,NOx,18,16,14.6,15.6,16.4,19.5,22.7,26,30.8,31,26.6,21.9,19.2,13.5,11.3,10.7,14,18.7,19.4,16.1,16.8,17.5,17.4,18.5,
楠梓,2024/11/28 00:00:00,O3,22.3,21.9,21.3,17.6,15.9,9.5,9,13.1,13.1,17.4,25.9,40.6,52.7,63,65.8,66.2,61,52.1,49,47.6,41.1,38,34.9,31.1,
楠梓,2024/11/28 00:00:00,PM10,46,41,40,42,39,34,41,37,45,49,55,57,58,53,67,55,58,70,62,61,60,53,49,45,
楠梓,2024/11/28 00:00:00,PM2.5,17,21,12,13,17,18,17,11,15,14,19,14,16,16,16,14,18,21,17,18,22,21,19,19,
楠梓,2024/11/28 00:00:00,RAINFALL,0,0,0,0,0,0,0,0,0,0,0,0,0,0,0,0,0,0,0,0,0,0,0,0,
楠梓,2024/11/28 00:00:00,RH,68,66,65,67,69,72,67,59,58,54,49,47,47,46,45,46,47,55,60,64,67,68,68,70,
楠梓,2024/11/28 00:00:00,SO2,2.1,1.9,1.7,1.8,1.8,1.4,1.4,1.6,1.6,2.2,2.1,2.4,2.6,1.8,1.5,1.6,1.7,1.7,1.5,1.7,1.9,2.5,2.2,1.7,
楠梓,2024/11/28 00:00:00,THC,2.29,2.29,2.3,2.29,2.28,2.35,2.33,2.33,2.33,2.3,2.26,2.21,2.18,2.14,2.12,2.12,2.14,2.2,2.22,2.22,2.28,2.23,2.23,2.27,
楠梓,2024/11/28 00:00:00,WD_HR,341,17,27,46,17,15,22,20,2,2,359,355,345,20,28,23,359,25,26,26,7,27,25,358,
楠梓,2024/11/28 00:00:00,WIND_DIREC,314,20,24,50,356,39,8,21,320,340,333,31,330,43,36,42,359,28,29,353,14,30,28,351,
楠梓,2024/11/28 00:00:00,WIND_SPEED,1.5,1.2,1.6,2.2,0.6,1.5,1.1,1.4,1.3,1.8,1.7,1.7,1.3,2.5,2.8,2.1,1.2,2,2.5,1.5,1.9,2.2,2.3,1.2,
楠梓,2024/11/28 00:00:00,WS_HR,0.9,1.2,1.5,2,1.1,0.8,0.9,0.8,0.8,0.9,1.1,0.9,1.1,1.5,2.1,1.5,0.9,1.4,1.9,2.1,1.1,1.8,1.9,1.2,
楠梓,2024/11/29 00:00:00,AMB_TEMP,17.2,17.1,17,16.7,16.7,16.3,15.9,16.5,17.9,19.7,21.3,22.7,23.6,24.1,24.6,24.5,23.6,22.2,20.9,19.8,19,18.3,17.6,17,
楠梓,2024/11/29 00:00:00,CH4,2.2,2.16,2.12,2.14,2.11,2.13,2.15,2.13,2.09,2.08,2.08,2.08,2.08,2.08,2.07,2.08,2.09,2.12,2.13,2.13,2.15,2.18,2.23,2.25,
楠梓,2024/11/29 00:00:00,CO,0.28,0.26,0.23,0.22,0.21,0.21,0.24,0.31,0.24,0.23,0.23,0.25,0.26,0.25,0.26,0.27,0.33,0.41,0.35,0.33,0.35,0.35,0.36,0.38,
楠梓,2024/11/29 00:00:00,NMHC,0.12,0.1,0.07,0.07,0.04,0.06,0.07,0.09,0.06,0.06,0.04,0.05,0.05,0.03,0.04,0.05,0.17,0.18,0.12,0.1,0.11,0.11,0.14,0.15,
楠梓,2024/11/29 00:00:00,NO,0.8,0.5,0.5,0.5,0.4,0.4,0.6,1.9,2.6,2.3,2.2,2.1,2,1.3,1.1,1,0.8,0.6,0.6,0.6,0.6,0.5,0.6,0.4,
楠梓,2024/11/29 00:00:00,NO2,16.3,13.7,11.9,9.8,9.3,10.1,13.8,15.7,13.1,11.6,10.8,11.9,12.2,10.7,10.7,13.1,18.2,24.3,23.1,18.9,22.3,20.1,20.9,21,
楠梓,2024/11/29 00:00:00,NOx,17.1,14.2,12.4,10.3,9.8,10.6,14.5,17.6,15.7,13.9,13,14.1,14.3,12,11.8,14.1,19,25,23.8,19.6,23,20.7,21.5,21.4,
楠梓,2024/11/29 00:00:00,O3,29.3,33.3,37.5,40.5,40.7,37,31.1,30.5,37.1,41.1,46.6,51.1,58.9,66.2,68.8,67.9,62.4,53.8,50.3,46.6,38.8,36.5,28.8,24.4,
楠梓,2024/11/29 00:00:00,PM10,42,43,34,33,27,32,31,35,38,51,46,52,49,49,40,56,89,80,93,82,79,79,78,64,
楠梓,2024/11/29 00:00:00,PM2.5,17,20,14,13,11,12,12,16,11,13,11,14,19,13,16,19,19,23,22,23,21,23,26,29,
楠梓,2024/11/29 00:00:00,RAINFALL,0,0,0,0,0,0,0,0,0,0,0,0,0,0,0,0,0,0,0,0,0,0,0,0,
楠梓,2024/11/29 00:00:00,RH,71,66,63,62,57,58,61,56,49,44,41,40,41,41,41,40,44,49,54,58,60,63,68,69,
楠梓,2024/11/29 00:00:00,SO2,1.6,1.4,1.4,1.1,1.3,1.2,1.4,1.2,1.3,1.4,1.5,1.6,1.7,1.5,1.2,1.4,1.5,1.9,1.8,1.7,2.2,2.7,2.6,2.9,
楠梓,2024/11/29 00:00:00,THC,2.32,2.26,2.19,2.21,2.15,2.19,2.22,2.22,2.15,2.14,2.12,2.13,2.13,2.11,2.11,2.13,2.26,2.3,2.25,2.23,2.26,2.29,2.37,2.4,
楠梓,2024/11/29 00:00:00,WD_HR,25,27,26,21,30,26,20,22,28,354,8,15,6,21,349,328,308,335,32,22,328,339,27,22,
楠梓,2024/11/29 00:00:00,WIND_DIREC,23,21,21,27,22,22,35,28,28,36,348,19,31,39,316,332,307,12,21,0,335,37,39,346,
楠梓,2024/11/29 00:00:00,WIND_SPEED,2.4,3.3,1.9,2.7,2.7,1.9,2.4,2.6,3,3,2,1.5,1.8,2,1,0.9,1.5,1.4,1.4,0.7,1,1.3,1.3,0.7,
楠梓,2024/11/29 00:00:00,WS_HR,1.4,2.6,2.3,1.9,2.7,1.7,1.3,1.6,2,1.7,1.7,1.3,1,1.3,0.5,0.9,1.7,1.3,1.7,0.9,1.2,1.4,1.2,0.8,
楠梓,2024/11/30 00:00:00,AMB_TEMP,16.6,16.4,16.4,16,15.8,15.7,16.2,17.1,18.7,21.2,22.9,24,24.5,24.7,24.4,23.4,22.5,21.6,21.1,20.8,20.1,19.4,19.1,18.7,
楠梓,2024/11/30 00:00:00,CH4,2.24,2.2,2.19,2.26,2.31,2.29,2.19,2.21,2.22,2.17,2.17,2.12,2.11,2.07,2.07,2.07,2.08,2.07,2.09,2.14,2.22,2.16,2.17,2.19,
楠梓,2024/11/30 00:00:00,CO,0.37,0.35,0.34,0.36,0.43,0.35,0.35,0.54,0.51,0.38,0.35,0.31,0.32,0.25,0.23,0.22,0.23,0.27,0.32,0.42,0.46,0.36,0.37,0.33,
楠梓,2024/11/30 00:00:00,NMHC,0.14,0.09,0.09,0.13,0.23,0.16,0.1,0.18,0.17,0.12,0.05,0.06,0.09,0.06,0.13,0.07,0.34,0.79,0.54,0.14,0.19,0.11,0.09,0.07,
楠梓,2024/11/30 00:00:00,NO,0.5,0.8,0.5,0.8,0.8,0.9,1.1,5.4,9.1,4.6,2.1,1.6,1.3,0.8,1,0.8,0.6,0.5,0.5,0.4,0.6,0.6,0.6,0.6,
楠梓,2024/11/30 00:00:00,NO2,21,16.1,14.5,16,20.3,20.6,18.6,27.6,26.7,19.6,13.5,12.4,13.2,9.9,10,9.5,10.3,13.8,16.3,18.7,26,18.7,19.4,16.4,
楠梓,2024/11/30 00:00:00,NOx,21.5,16.9,15.1,16.8,21.2,21.6,19.8,33.1,35.8,24.2,15.7,14,14.5,10.8,11,10.3,10.9,14.3,16.8,19.1,26.6,19.3,20.1,17,
楠梓,2024/11/30 00:00:00,O3,21.8,21.2,23.3,16.4,12,12.2,16.7,10.9,19.2,47.1,57.9,62.9,74.3,71.7,69.6,66.6,59.5,48.2,44.5,40.7,24.9,32.4,32.8,37.2,
楠梓,2024/11/30 00:00:00,PM10,70,65,69,69,75,62,53,58,66,72,57,49,48,41,42,35,31,31,34,40,55,48,43,50,
楠梓,2024/11/30 00:00:00,PM2.5,26,26,22,29,36,22,25,27,33,34,26,18,20,11,14,11,11,13,13,17,24,20,22,25,
楠梓,2024/11/30 00:00:00,RAINFALL,0,0,0,0,0,0,0,0,0,0,0,0,0,0,0,0,0,0,0,0,0,0,0,0,
楠梓,2024/11/30 00:00:00,RH,72,75,75,78,77,81,78,74,72,58,51,47,46,47,51,56,61,64,66,67,71,70,71,74,
楠梓,2024/11/30 00:00:00,SO2,2.8,2.1,1.9,2,2.3,1.6,1.7,1.9,2.5,2.1,2.1,1.9,2,1.6,1.6,1.6,1.4,1.1,1.3,1.7,1.5,1.4,1.5,1.8,
楠梓,2024/11/30 00:00:00,THC,2.38,2.29,2.28,2.39,2.54,2.45,2.29,2.39,2.39,2.29,2.22,2.18,2.2,2.13,2.2,2.14,2.42,2.86,2.63,2.28,2.41,2.27,2.26,2.26,
楠梓,2024/11/30 00:00:00,WD_HR,26,33,8,313,14,42,34,311,17,30,4,319,304,276,283,280,294,293,307,343,43,50,34,30,
楠梓,2024/11/30 00:00:00,WIND_DIREC,16,32,321,312,27,56,300,322,27,2,9,335,276,294,272,274,299,280,313,29,41,40,37,49,
楠梓,2024/11/30 00:00:00,WIND_SPEED,1.2,1.2,0.3,0.8,1.6,1.7,0.3,0.3,0.9,1.4,1.5,1.7,2,1.9,2.4,2.4,1.3,0.9,0.4,1.3,1,1.6,0.9,1.2,
楠梓,2024/11/30 00:00:00,WS_HR,1.2,1.1,0.6,0.8,0.7,1.3,0.8,0.2,0.5,1.2,1,0.9,1.6,1.5,1.8,1.9,1.4,0.8,0.7,0.5,1.2,1.7,1,1.1,
楠梓,2024/12/01 00:00:00,AMB_TEMP,18.2,17.7,17.6,17.6,17.3,17.3,17.7,18.1,20,22.6,23.9,24.8,25.9,26,25.7,24.9,23.8,22.7,22,21.3,20.6,20.2,19.4,19.1,
楠梓,2024/12/01 00:00:00,CH4,2.18,2.2,2.19,2.17,2.18,2.17,2.17,2.18,2.18,2.09,2.07,2.07,2.07,2.1,2.08,2.06,2.06,2.08,2.12,2.14,2.13,2.14,2.16,2.15,
楠梓,2024/12/01 00:00:00,CO,0.29,0.27,0.24,0.22,0.22,0.24,0.29,0.37,0.43,0.26,0.21,0.23,0.23,0.26,0.24,0.21,0.22,0.29,0.33,0.32,0.47,0.33,0.33,0.3,
楠梓,2024/12/01 00:00:00,NMHC,0.06,0.06,0.06,0.03,0.03,0.03,0.06,0.07,0.1,0.05,0.07,0.02,0.03,0.08,0.05,0.1,0.3,0.04,0.05,0.04,0.08,0.04,0.05,0.04,
楠梓,2024/12/01 00:00:00,NO,0.6,0,0.2,0.1,0.2,0.2,0.4,1.9,2.5,1.6,1,0.8,0.7,0.5,0.3,0.5,0.3,0.1,0.3,0.2,0.4,0.6,0.4,0.3,
楠梓,2024/12/01 00:00:00,NO2,13.4,12.9,10.1,7.9,7.8,8.6,12.5,17.1,16.8,10.8,7.1,6.8,6.6,7.9,8.1,7.8,8.7,10.3,11.7,14.2,18.5,17.7,15.7,12.8,
楠梓,2024/12/01 00:00:00,NOx,14,12.9,10.3,8,8,8.8,13,19,19.3,12.5,8.2,7.7,7.3,8.4,8.4,8.3,9,10.4,12,14.5,18.9,18.3,16.1,13.2,
楠梓,2024/12/01 00:00:00,O3,38.2,33.1,33,35.4,31.9,29.9,28.6,24,36.7,49,55.4,60,66.9,78.2,77.8,67.7,60,60.4,56.2,48.9,41,42.4,35.9,37.8,
楠梓,2024/12/01 00:00:00,PM10,50,41,39,31,34,33,42,41,68,35,33,36,35,43,33,31,28,37,40,51,57,52,48,45,
楠梓,2024/12/01 00:00:00,PM2.5,18,20,20,15,19,18,23,23,43,19,13,13,18,22,19,12,12,13,19,24,32,22,18,24,
楠梓,2024/12/01 00:00:00,RAINFALL,0,0,0,0,0,0,0,0,0,0,0,0,0,0,0,0,0,0,0,0,0,0,0,0,
楠梓,2024/12/01 00:00:00,RH,76,80,81,82,84,84,83,81,71,52,46,45,42,46,48,51,57,66,69,72,75,78,83,83,
楠梓,2024/12/01 00:00:00,SO2,2.2,1.8,1.6,1.4,1.3,1.2,1.5,1.6,2.4,2,1.7,1.8,2,2.4,2.1,1.6,1.4,1.8,1.8,1.8,2.7,2.2,1.7,1.7,
楠梓,2024/12/01 00:00:00,THC,2.24,2.26,2.25,2.2,2.21,2.2,2.23,2.25,2.28,2.14,2.14,2.09,2.1,2.18,2.13,2.16,2.36,2.12,2.17,2.18,2.21,2.18,2.21,2.19,
楠梓,2024/12/01 00:00:00,WD_HR,38,43,38,26,29,49,47,53,77,46,19,29,281,288,283,288,297,320,338,26,54,27,36,45,
楠梓,2024/12/01 00:00:00,WIND_DIREC,24,33,48,17,28,43,60,48,88,16,5,35,305,279,292,300,320,336,26,26,56,22,54,52,
楠梓,2024/12/01 00:00:00,WIND_SPEED,1.6,1.1,1.4,1.1,1.8,1.4,1.2,1.1,0.8,1.7,1.3,1,1.2,2.1,1.7,2.3,1.9,0.7,1.7,1.3,1.3,1.1,1.6,0.4,
楠梓,2024/12/01 00:00:00,WS_HR,1.3,1.3,1,1,1.2,1.1,1.2,1.2,0.8,1.8,1.1,0.7,0.7,1.4,1.6,2,1.5,1.4,0.9,1.3,1.3,1.1,1.2,0.7,
楠梓,2024/12/02 00:00:00,AMB_TEMP,18.9,18.6,18.5,17.9,17.7,17.8,17.5,18,19.6,22.1,24,25.5,26.7,26.9,26.5,25.7,24.6,23.5,22.7,21.9,21.5,21.1,20.8,20.5,
楠梓,2024/12/02 00:00:00,CH4,2.21,2.32,2.29,2.32,2.23,2.21,2.25,2.34,2.31,2.14,2.12,2.11,2.12,2.22,2.17,2.09,2.06,2.07,2.11,2.13,2.13,2.14,2.15,2.15,
楠梓,2024/12/02 00:00:00,CO,0.37,0.4,0.32,0.3,0.23,0.24,0.35,0.64,0.49,0.27,0.26,0.28,0.31,0.39,0.32,0.27,0.28,0.37,0.42,0.35,0.38,0.33,0.32,0.32,
楠梓,2024/12/02 00:00:00,NMHC,0.1,0.12,0.07,0.08,0.04,0.03,0.09,0.17,0.1,0.04,0.04,0.04,0.05,0.12,0.1,0.17,0.34,0.47,0.16,0.13,0.1,0.06,0.07,0.1,
楠梓,2024/12/02 00:00:00,NO,0.4,0.6,0.5,0.6,0.5,0.5,7.7,35.5,12,4,3.9,2.4,1.4,0.7,0.7,0.8,0.6,0.4,0.7,0.4,0.3,0.2,0.4,0.5,
楠梓,2024/12/02 00:00:00,NO2,19.6,20,16.7,13.8,11.8,11.9,23.8,26.2,23.5,13.2,15.2,13.8,12.3,12.9,12.1,11.8,13,16.8,19.9,17.3,16.9,16.3,13.2,13.2,
楠梓,2024/12/02 00:00:00,NOx,20,20.7,17.3,14.4,12.4,12.4,31.6,61.7,35.5,17.2,19.1,16.2,13.7,13.6,12.8,12.6,13.7,17.2,20.6,17.7,17.3,16.6,13.6,13.7,
楠梓,2024/12/02 00:00:00,O3,21.1,16.7,21.3,18.6,22,17.3,4.4,2.8,15,33.6,39.7,57,73,92.2,82.9,70.7,58.7,44.3,38.4,42.5,36.9,37.4,37.7,35.6,
楠梓,2024/12/02 00:00:00,PM10,44,42,36,38,29,20,20,42,48,40,62,54,60,77,67,71,60,53,56,53,56,53,47,51,
楠梓,2024/12/02 00:00:00,PM2.5,26,31,25,22,16,12,17,25,23,17,22,22,25,37,34,23,20,16,21,27,24,26,27,26,
楠梓,2024/12/02 00:00:00,RAINFALL,0,0,0,0,0,0,0,0,0,0,0,0,0,0,0,0,0,0,0,0,0,0,0,0,
楠梓,2024/12/02 00:00:00,RH,83,84,84,86,85,84,86,85,79,65,59,52,46,56,61,67,71,75,78,82,84,86,87,89,
楠梓,2024/12/02 00:00:00,SO2,1.4,0.9,1.1,1.1,1,0.8,0.8,0.9,2.1,1.3,1.3,1.6,1.5,1.9,2.3,1.8,1.3,1,1.4,1.1,1.3,1.4,1.5,1.3,
楠梓,2024/12/02 00:00:00,THC,2.31,2.44,2.36,2.4,2.27,2.24,2.34,2.51,2.41,2.18,2.16,2.15,2.17,2.34,2.27,2.26,2.4,2.54,2.27,2.26,2.23,2.2,2.22,2.25,
楠梓,2024/12/02 00:00:00,WD_HR,60,48,43,48,52,41,319,48,319,2,353,354,338,287,282,293,291,301,356,24,29,20,29,0,
楠梓,2024/12/02 00:00:00,WIND_DIREC,46,55,46,43,46,44,317,43,310,341,354,1,308,292,281,286,292,315,21,17,29,10,14,2,
楠梓,2024/12/02 00:00:00,WIND_SPEED,0.4,0.4,0.8,1.1,1.5,0.2,0.2,0.5,0.8,1.5,1.1,1.5,1.3,2.3,2.1,2.2,2.1,1.6,1.8,1.5,1.1,1.2,0.7,0.2,
楠梓,2024/12/02 00:00:00,WS_HR,0.4,0.4,0.5,1,1,0.3,0.1,0.5,0.7,0.8,0.7,1.1,1,1.7,1.8,1.7,1.4,1.4,1.3,1.4,1,1.1,0.5,0.3,
楠梓,2024/12/03 00:00:00,AMB_TEMP,19.9,19.7,19.3,19.1,19.2,18.4,18.6,19.6,21.5,23.9,25.2,26.5,27,27,26.6,25.8,24.7,23.7,23.3,22.9,22.6,22.1,21.8,21.7,
楠梓,2024/12/03 00:00:00,CH4,2.27,2.27,2.36,2.27,2.23,2.33,2.42,2.27,2.14,2.11,2.08,2.05,2.04,2.03,2.03,2.03,2.06,2.13,2.14,2.15,2.22,2.33,2.29,2.31,
楠梓,2024/12/03 00:00:00,CO,0.39,0.36,0.36,0.27,0.27,0.31,0.51,0.74,0.42,0.37,0.28,0.22,0.19,0.19,0.19,0.2,0.25,0.35,0.39,0.47,0.57,0.65,0.46,0.41,
楠梓,2024/12/03 00:00:00,NMHC,0.15,0.08,0.11,0.09,0.07,0.1,0.15,0.22,0.07,0.07,0.06,0.05,0.02,0,0,0.02,0.09,0.21,0.33,0.36,0.2,0.52,0.3,0.2,
楠梓,2024/12/03 00:00:00,NO,0.9,0.8,1.8,0.5,0.6,3.4,36.9,42.7,11.4,4.9,2.2,1.1,0.9,0.6,0.7,0.6,0.6,0.4,0.4,0.6,0.7,0.8,0.7,0.6,
楠梓,2024/12/03 00:00:00,NO2,21.9,23,21.3,10.4,13.1,22.7,29.1,35.5,27.2,21.6,12.1,9.4,7.5,6.4,7.2,7.9,9.3,11.9,12.8,17.4,24,30.2,18.9,19.1,
楠梓,2024/12/03 00:00:00,NOx,22.9,23.8,23.2,10.9,13.7,26.2,66.1,78.2,38.7,26.6,14.3,10.5,8.4,7.1,8,8.6,10,12.4,13.2,18,24.8,31.1,19.7,19.8,
楠梓,2024/12/03 00:00:00,O3,17.6,15.7,10.4,21.6,21.1,3.9,1,3.3,17.7,40.3,56.6,61.7,61.3,58.8,62.9,66.6,65,62.4,60.9,52.9,40.2,22.2,29.1,30.9,
楠梓,2024/12/03 00:00:00,PM10,53,45,46,39,33,35,50,57,50,54,63,58,46,58,48,61,47,70,63,71,80,83,82,81,
楠梓,2024/12/03 00:00:00,PM2.5,25,27,28,21,16,28,27,32,23,25,32,16,15,17,19,18,17,33,37,40,48,54,52,47,
楠梓,2024/12/03 00:00:00,RAINFALL,0,0,0,0,0,0,0,0,0,0,0,0,0,0,0,0,0,0,0,0,0,0,0,0,
楠梓,2024/12/03 00:00:00,RH,90,91,91,91,89,91,90,85,72,64,65,62,60,62,63,66,74,81,82,84,85,87,88,87,
楠梓,2024/12/03 00:00:00,SO2,1.4,1,0.9,0.7,0.7,0.8,0.9,1.8,1.6,1.6,1.6,1.3,1.2,1.1,1.1,1.1,1.3,1.2,1.2,1.2,1.2,1.4,1.2,1.2,
楠梓,2024/12/03 00:00:00,THC,2.42,2.35,2.47,2.36,2.3,2.43,2.57,2.49,2.21,2.18,2.14,2.1,2.06,2.03,2.03,2.05,2.15,2.34,2.47,2.51,2.42,2.85,2.59,2.51,
楠梓,2024/12/03 00:00:00,WD_HR,59,55,53,42,31,77,69,63,74,358,315,291,274,272,271,272,284,304,288,307,20,48,40,48,
楠梓,2024/12/03 00:00:00,WIND_DIREC,69,78,23,42,43,85,48,57,95,286,299,272,278,248,248,275,307,312,304,308,30,51,43,61,
楠梓,2024/12/03 00:00:00,WIND_SPEED,0.3,0.6,0.8,0.7,0.2,0.3,0.5,1,0.4,0.6,1.7,1.8,1.4,1.7,1.4,1.9,1.5,0.4,0.5,1,0.6,1.7,0.8,1,
楠梓,2024/12/03 00:00:00,WS_HR,0.6,0.5,0.7,0.5,0.2,0.7,0.4,0.6,0.9,0.3,1.2,1.1,1.1,1.3,1.5,1.5,1.1,0.9,0.5,0.6,0.6,1,0.7,1,
楠梓,2024/12/04 00:00:00,AMB_TEMP,21.4,21.4,21.2,20.9,21.1,21.5,21.2,21.5,22.4,24.3,26,26.8,27.1,26.9,27.2,26.5,25.8,25.3,24.8,24.3,23.1,22.4,21.6,20.9,
楠梓,2024/12/04 00:00:00,CH4,2.34,2.24,2.29,2.33,2.27,2.35,2.34,2.39,2.37,2.38,2.2,2.3,2.32,2.17,2.07,2.05,2.05,2.05,2.06,2.08,2.17,2.15,2.2,2.25,
楠梓,2024/12/04 00:00:00,CO,0.44,0.35,0.32,0.3,0.33,0.44,0.46,0.61,0.53,0.58,0.37,0.44,0.5,0.38,0.29,0.28,0.31,0.4,0.42,0.48,0.39,0.36,0.33,0.35,
楠梓,2024/12/04 00:00:00,NMHC,0.24,0.18,0.15,0.11,0.1,0.33,0.17,0.23,0.24,0.21,0.14,0.16,0.15,0.07,0.05,0.06,0.06,0.09,0.17,0.12,0.16,0.11,0.09,0.12,
楠梓,2024/12/04 00:00:00,NO,0.7,0,0.1,0.3,0.3,2.5,5.8,13.4,8.7,6.4,1.9,1.4,1.4,0.4,0.5,0.4,0.2,0.2,0.2,0.2,0.2,0.4,0.3,0.3,
楠梓,2024/12/04 00:00:00,NO2,19,15.5,11.7,12.9,14.7,32.6,31.5,28.9,24.7,22.5,12.8,16.3,18.3,12.3,8.9,8.8,9.5,12.9,15.6,17,20.9,18.2,17.2,18.7,
楠梓,2024/12/04 00:00:00,NOx,19.8,15.6,11.8,13.3,15.1,35.1,37.3,42.3,33.5,28.9,14.7,17.8,19.7,12.7,9.5,9.2,9.8,13.2,15.9,17.2,21.2,18.7,17.6,19,
楠梓,2024/12/04 00:00:00,O3,25.9,34.9,36.9,25,21.8,5.8,4.9,4.7,12.6,32,60.7,70.4,85.7,88.1,81.3,74.7,70.1,65.5,59.8,53.8,33.7,32.9,28,21.6,
楠梓,2024/12/04 00:00:00,PM10,84,75,72,67,63,79,61,73,70,99,93,105,104,70,52,56,70,69,61,61,87,90,94,86,
楠梓,2024/12/04 00:00:00,PM2.5,51,45,42,46,42,47,36,45,38,50,40,56,59,39,25,19,15,19,19,22,28,26,32,33,
楠梓,2024/12/04 00:00:00,RAINFALL,0,0,0,0,0,0,0,0,0,0,0,0,0,0,0,0,0,0,0,0,0,0,0,0,
楠梓,2024/12/04 00:00:00,RH,87,87,89,90,89,88,88,88,85,75,66,64,63,63,57,59,62,65,68,69,74,77,83,86,
楠梓,2024/12/04 00:00:00,SO2,1.3,1.4,1.5,1.5,1.4,1.7,1.7,1.8,1.9,3.2,2.3,2.5,2.6,2.5,2.2,2.1,2,1.9,1.9,1.7,1.7,2.2,2.3,2,
楠梓,2024/12/04 00:00:00,THC,2.58,2.42,2.44,2.44,2.37,2.68,2.51,2.62,2.61,2.59,2.34,2.46,2.47,2.24,2.12,2.11,2.11,2.14,2.23,2.2,2.33,2.26,2.29,2.37,
楠梓,2024/12/04 00:00:00,WD_HR,47,39,38,39,52,182,52,35,315,296,288,293,275,274,271,280,275,278,284,325,34,39,24,25,
楠梓,2024/12/04 00:00:00,WIND_DIREC,43,7,333,43,183,90,47,43,304,283,288,303,278,273,273,275,280,275,276,22,33,31,22,32,
楠梓,2024/12/04 00:00:00,WIND_SPEED,0.6,1.2,0.6,1.4,0.6,0.7,0.8,0.9,1.1,1.6,1.6,1.7,2.2,2.1,2.4,2.6,1.4,0.8,0.8,1.6,1.6,1.6,1.2,1.7,
楠梓,2024/12/04 00:00:00,WS_HR,0.7,1,1.1,0.8,0.1,0.1,0.8,0.8,0.7,1,1,1.2,1.6,2.1,1.9,2,1.3,0.9,0.6,0.5,1.3,1.2,1.3,1.4,
楠梓,2024/12/05 00:00:00,AMB_TEMP,20.5,20.1,19.9,19.6,19.3,18.9,18.6,19,20.5,23.3,25.4,26,26.5,26.9,27.3,27.1,26.3,24.6,23.9,23.3,22.8,22.1,21.4,20.6,
楠梓,2024/12/05 00:00:00,CH4,2.24,2.27,2.28,2.29,2.25,2.27,2.31,2.33,2.26,2.23,2.24,2.2,2.14,2.12,2.11,2.09,#,2.1,2.14,2.19,2.18,2.22,2.29,2.29,
楠梓,2024/12/05 00:00:00,CO,0.34,0.36,0.41,0.47,0.43,0.42,0.47,0.6,0.48,0.41,0.43,0.45,0.34,0.32,0.28,0.26,#,0.42,0.53,0.51,0.41,0.45,0.44,0.35,
楠梓,2024/12/05 00:00:00,NMHC,0.14,0.1,0.1,0.13,0.11,0.11,0.15,0.21,0.12,0.1,0.12,0.17,0.09,0.05,0.03,0.04,#,0.22,0.36,0.24,0.15,0.16,0.17,0.12,
楠梓,2024/12/05 00:00:00,NO,0.3,0.9,0.7,0.8,0.9,0.6,2.3,10.4,12.1,8.3,5.5,3,1.9,1.4,1.2,1.2,#,#,0.3,0.5,0.3,0.2,0.4,0.4,
楠梓,2024/12/05 00:00:00,NO2,15.6,14.1,16.4,20,19.5,19.5,22.9,22.3,19.7,18.1,19.6,21,15.2,12.4,11.5,10.9,#,#,26.8,30,22.2,22.5,22.8,19.9,
楠梓,2024/12/05 00:00:00,NOx,16,15,17.1,20.8,20.5,20.2,25.2,32.7,31.8,26.5,25.1,24,17.2,13.9,12.8,12.1,#,#,27.1,30.5,22.5,22.8,23.2,20.3,
楠梓,2024/12/05 00:00:00,O3,20.4,17.6,13.8,12.9,12.1,7.3,3.9,4.8,11.1,20.8,38.3,62.6,73.6,75.1,72.2,#,57.5,45.5,36.9,30.2,34.4,29.6,23.8,21.5,
楠梓,2024/12/05 00:00:00,PM10,76,71,73,67,67,60,68,81,87,82,99,96,84,68,74,90,#,80,75,82,76,77,84,66,
楠梓,2024/12/05 00:00:00,PM2.5,29,31,31,35,31,27,34,37,35,34,43,44,32,31,27,#,18,21,26,34,27,29,36,25,
楠梓,2024/12/05 00:00:00,RAINFALL,0,0,0,0,0,0,0,0,0,0,0,0,0,0,0,#,0,0,0,0,0,0,0,0,
楠梓,2024/12/05 00:00:00,RH,87,87,86,84,85,87,88,87,85,76,66,61,58,54,51,51,57,69,70,71,73,78,84,87,
楠梓,2024/12/05 00:00:00,SO2,2.1,2,2.3,3.1,2.8,2.3,2.1,2.3,2.2,2,2.6,2.6,2.7,2.7,2.8,2.5,#,#,2,2.3,2.1,2.2,2.4,2.2,
楠梓,2024/12/05 00:00:00,THC,2.38,2.37,2.38,2.42,2.36,2.38,2.46,2.54,2.38,2.33,2.36,2.37,2.23,2.17,2.14,2.13,#,2.32,2.5,2.43,2.33,2.38,2.46,2.41,
楠梓,2024/12/05 00:00:00,WD_HR,35,338,324,24,36,24,329,15,17,0,308,343,326,345,333,7,306,294,312,50,44,318,346,23,
楠梓,2024/12/05 00:00:00,WIND_DIREC,15,311,330,19,25,333,320,23,31,335,302,20,332,6,309,12,271,304,40,50,19,314,25,23,
楠梓,2024/12/05 00:00:00,WIND_SPEED,1.4,1,1.9,1.2,1.8,0.8,1.2,0.5,1.4,1.1,2,1.7,1.6,1.9,1.6,1.4,1.5,1.2,1.1,1.6,0.8,1.2,1,1.7,
楠梓,2024/12/05 00:00:00,WS_HR,1.7,0.7,1.4,1.2,1.5,1.3,0.8,0.7,1.1,0.8,1.2,1.4,1.4,1.3,1,1,0.7,1.1,0.9,1.4,1.2,1,0.8,1.4,
楠梓,2024/12/06 00:00:00,AMB_TEMP,20.3,19.9,19.4,19,18.6,18.6,18.4,18.9,20.8,23.5,25.5,27,28.2,28.5,27.3,27.4,26.5,25.3,24,23,22,21.5,21.2,21,
楠梓,2024/12/06 00:00:00,CH4,2.27,2.27,2.32,2.3,2.31,2.29,2.3,2.31,2.26,2.2,2.2,2.19,2.2,2.16,2.12,2.12,2.12,2.12,2.15,2.17,2.17,2.18,2.16,2.18,
楠梓,2024/12/06 00:00:00,CO,0.35,0.36,0.36,0.36,0.33,0.34,0.37,0.57,0.42,0.36,0.36,0.37,0.37,0.35,0.28,0.29,0.28,0.32,0.36,0.35,0.33,0.34,0.37,0.38,
楠梓,2024/12/06 00:00:00,NMHC,0.08,0.09,0.1,0.11,0.12,0.13,0.13,0.2,0.15,0.13,0.1,0.09,0.11,0.08,0.11,0.07,0.06,0.08,0.11,0.12,0.08,0.07,0.07,0.08,
楠梓,2024/12/06 00:00:00,NO,0.2,0.6,0.7,0.6,0.7,2,4.5,15.1,11.4,7.3,3.6,2.4,2.2,1.5,1,1.1,0.9,0.6,0.6,0.6,0.7,0.5,0.4,0.6,
楠梓,2024/12/06 00:00:00,NO2,16,16,16.3,16.6,19.3,20.9,21,22.5,21,19.6,17.4,17.7,18.4,15.1,13.2,13.9,13.4,16.7,19.8,19.8,16.3,14.8,16.1,15.8,
楠梓,2024/12/06 00:00:00,NOx,16.3,16.6,17,17.2,20.1,22.9,25.5,37.6,32.4,27,21,20.2,20.6,16.6,14.3,15.1,14.4,17.4,20.4,20.4,17,15.4,16.6,16.5,
楠梓,2024/12/06 00:00:00,O3,18.9,15.2,11,8.1,5.7,3.7,2.8,3.6,13.4,30.1,48.9,64.9,71,78.9,77.1,76.1,68.6,53.8,41.7,35.8,33,28.1,22.6,19,
楠梓,2024/12/06 00:00:00,PM10,60,61,63,58,54,50,53,63,74,80,94,90,80,71,74,77,68,69,67,70,71,66,60,59,
楠梓,2024/12/06 00:00:00,PM2.5,24,27,27,30,27,26,31,32,35,36,34,38,34,32,27,25,21,20,24,18,22,22,21,23,
楠梓,2024/12/06 00:00:00,RAINFALL,0,0,0,0,0,0,0,0,0,0,0,0,0,0,0,0,0,0,0,0,0,0,0,0,
楠梓,2024/12/06 00:00:00,RH,87,88,90,90,89,90,90,88,84,73,65,56,46,48,61,57,58,61,67,75,81,84,85,86,
楠梓,2024/12/06 00:00:00,SO2,2.6,2,1.7,2,2,1.6,1.7,2.3,2.1,2,2,2.6,2.2,2,2,2.3,2.4,1.9,1.7,1.4,1.7,2,2,1.8,
楠梓,2024/12/06 00:00:00,THC,2.35,2.36,2.42,2.41,2.43,2.42,2.43,2.51,2.41,2.33,2.3,2.28,2.31,2.24,2.23,2.19,2.18,2.2,2.26,2.29,2.25,2.25,2.23,2.26,
楠梓,2024/12/06 00:00:00,WD_HR,21,16,344,342,12,36,349,328,16,25,350,341,323,301,295,341,1,21,17,27,31,23,33,330,
楠梓,2024/12/06 00:00:00,WIND_DIREC,19,11,327,355,27,18,0,352,15,15,312,5,306,289,313,345,34,30,1,46,38,31,23,336,
楠梓,2024/12/06 00:00:00,WIND_SPEED,1.4,0.7,1.5,1.4,1.3,1.5,1.2,1.9,1.5,2,1.5,1.1,1.5,2.5,2.4,2.1,2.4,1.4,1,2,2.4,1.4,1.4,1.4,
楠梓,2024/12/06 00:00:00,WS_HR,1.1,0.8,0.6,1,1.1,1.3,0.5,1,1.1,1.4,1.1,0.6,0.7,1.2,1.7,1.4,1.3,1.3,1.1,1.3,1.6,1.1,1.5,0.9,
楠梓,2024/12/07 00:00:00,AMB_TEMP,20.9,20.5,20,19.4,18.9,18.7,18.8,19.2,21.8,22.8,24.2,25.1,26.3,27.6,28.2,27.4,26.2,24.6,22.9,22.3,21.8,21.2,20.6,20.1,
楠梓,2024/12/07 00:00:00,CH4,2.22,2.23,2.22,2.23,2.25,2.26,2.22,2.21,2.32,2.21,2.14,2.09,2.06,2.06,2.06,2.1,2.13,2.14,2.15,2.16,2.17,2.18,2.17,2.2,
楠梓,2024/12/07 00:00:00,CO,0.38,0.33,0.32,0.31,0.31,0.33,0.37,0.42,0.56,0.38,0.29,0.23,0.2,0.2,0.23,0.28,0.33,0.37,0.34,0.35,0.38,0.36,0.34,0.34,
楠梓,2024/12/07 00:00:00,NMHC,0.11,0.12,0.09,0.1,0.11,0.11,0.11,0.13,0.43,0.1,0.06,0.03,0,0,0.02,0.02,0.02,0.04,0.03,0.03,0.04,0.06,0.07,0.06,
楠梓,2024/12/07 00:00:00,NO,0.6,0.5,0.3,0.4,0.7,1.2,2.6,7.4,11.3,5.1,3.8,2.3,1.2,1.1,0.8,0.8,0.7,0.6,0.5,0.4,0.6,0.3,0.3,0.4,
楠梓,2024/12/07 00:00:00,NO2,15.5,17.9,16.7,16,16.2,17.6,16.9,16.3,29.5,16.1,13.5,9.3,7.3,7.2,7.8,10.2,11.8,14.2,12.8,12.1,13.3,13.8,12.9,11.7,
楠梓,2024/12/07 00:00:00,NOx,16.2,18.5,17.1,16.5,16.9,18.9,19.6,23.8,40.8,21.3,17.4,11.6,8.5,8.4,8.6,11,12.6,14.8,13.4,12.6,13.9,14.2,13.3,12.2,
楠梓,2024/12/07 00:00:00,O3,17,14.2,12.9,10.5,9.5,5.5,4.3,5.9,14.7,25.4,35.2,41.5,47.2,53.8,61.8,64.6,61.1,48.5,41.8,36.4,29.6,26.4,25.7,25.6,
楠梓,2024/12/07 00:00:00,PM10,58,52,45,46,43,50,46,50,67,42,56,39,21,28,35,66,85,100,89,84,80,58,42,36,
楠梓,2024/12/07 00:00:00,PM2.5,28,25,23,24,25,28,29,30,42,25,17,11,11,11,13,19,24,23,22,22,18,23,20,22,
楠梓,2024/12/07 00:00:00,RAINFALL,0,0,0,0,0,0,0,0,0,0,0,0,0,0,0,0,0,0,0,0,0,0,0,0,
楠梓,2024/12/07 00:00:00,RH,86,87,88,90,90,91,91,90,84,75,66,61,54,50,48,56,64,69,75,77,79,81,83,84,
楠梓,2024/12/07 00:00:00,SO2,1.6,1.5,1.3,1.1,1.2,1.2,0.8,1,4.3,2.1,1.4,1.3,1.2,1.1,1.2,1.5,1.8,1.5,1.3,1.4,1.4,1.5,1.3,1.1,
楠梓,2024/12/07 00:00:00,THC,2.33,2.35,2.31,2.33,2.36,2.37,2.33,2.34,2.75,2.31,2.2,2.12,2.06,2.06,2.08,2.12,2.15,2.18,2.18,2.19,2.21,2.24,2.24,2.26,
楠梓,2024/12/07 00:00:00,WD_HR,17,18,21,7,356,20,48,58,285,328,16,23,47,9,15,342,347,334,9,25,357,357,18,344,
楠梓,2024/12/07 00:00:00,WIND_DIREC,3,325,22,22,8,45,53,145,293,24,1,39,70,291,39,332,24,333,26,21,17,323,12,333,
楠梓,2024/12/07 00:00:00,WIND_SPEED,1.1,1.1,1.5,1.8,1.2,1.5,1.6,1,2.3,2.2,2.4,2.8,2.1,1,1.4,1.7,1.7,2.2,2.7,2.1,2.3,1.6,1.9,1.6,
楠梓,2024/12/07 00:00:00,WS_HR,1,0.9,1.4,1.1,0.8,1,1.1,1.1,0.8,1.4,1.7,2,2.2,0.8,0.9,1.5,1.6,1.7,1.7,1.9,1.3,1.2,1.2,1.3,
楠梓,2024/12/08 00:00:00,AMB_TEMP,19.6,19.3,18.7,18.6,18.4,18.1,18.2,18.4,19,20.6,22.4,24,25.7,25.8,25,24.1,23,22,21.5,21.1,20.1,19.4,18.7,18,
楠梓,2024/12/08 00:00:00,CH4,2.21,2.23,2.25,2.23,2.23,2.22,2.22,2.21,2.2,2.18,2.18,2.16,2.13,2.11,2.11,2.11,2.16,2.16,2.16,2.18,2.18,2.19,2.22,2.22,
楠梓,2024/12/08 00:00:00,CO,0.32,0.34,0.35,0.38,0.39,0.38,0.36,0.37,0.35,0.34,0.35,0.35,0.33,0.31,0.3,0.3,0.36,0.34,0.36,0.36,0.36,0.34,0.34,0.33,
楠梓,2024/12/08 00:00:00,NMHC,0.05,0.03,0.03,0.04,0.03,0.04,0.05,0.03,0.04,0.03,0.02,0.02,0.02,0.02,0.01,0.01,0.03,0.02,0.03,0.04,0.04,0.04,0.07,0.05,
楠梓,2024/12/08 00:00:00,NO,0.4,0,0.2,0.2,0,0,0.1,0.5,1.3,1.9,1.8,1.1,0.6,0.3,0.3,0.3,0.1,0.3,0.3,0.2,0.1,0.2,0.1,0,
楠梓,2024/12/08 00:00:00,NO2,10.9,10.4,9.3,8.3,8,7.6,8.5,9.9,10.3,9,9.2,8.4,8,7.2,8.1,7.7,11.5,12.2,11.9,13.6,15.9,15.4,15.2,14.2,
楠梓,2024/12/08 00:00:00,NOx,11.4,10.3,9.6,8.5,8.1,7.7,8.7,10.5,11.7,10.9,11,9.6,8.6,7.6,8.4,8,11.7,12.5,12.3,13.8,16.1,15.7,15.3,14.3,
楠梓,2024/12/08 00:00:00,O3,25.3,26.7,28.4,30.4,32.1,31.4,30.3,28,30,32.4,39.3,51.2,59.6,63.6,63.2,61.1,54.5,47.4,39.3,30.3,24.3,22.9,20.7,18.9,
楠梓,2024/12/08 00:00:00,PM10,39,32,28,28,47,38,32,23,27,33,35,40,42,42,46,54,106,188,151,118,85,74,62,58,
楠梓,2024/12/08 00:00:00,PM2.5,17,16,11,14,18,16,10,12,11,15,14,14,21,19,18,14,20,30,25,25,24,17,23,15,
楠梓,2024/12/08 00:00:00,RAINFALL,0,0,0,0,0,0,0,0,0,0,0,0,0,0,0,0,0,0,0,0,0,0,0,0,
楠梓,2024/12/08 00:00:00,RH,86,86,87,87,87,87,85,83,81,75,69,64,60,60,62,63,61,63,64,65,67,69,72,75,
楠梓,2024/12/08 00:00:00,SO2,1.1,1.3,1.3,1.3,1.4,1.2,1.4,1.3,1.5,1.5,1.6,1.8,1.9,1.7,1.6,1.8,2.2,2.2,2.1,2.1,2.1,2.1,1.9,1.8,
楠梓,2024/12/08 00:00:00,THC,2.26,2.26,2.28,2.27,2.26,2.26,2.27,2.24,2.24,2.21,2.2,2.18,2.15,2.13,2.12,2.12,2.19,2.18,2.19,2.22,2.22,2.23,2.29,2.27,
楠梓,2024/12/08 00:00:00,WD_HR,344,350,11,18,24,14,24,344,27,28,7,323,259,240,245,274,348,10,16,25,359,23,18,14,
楠梓,2024/12/08 00:00:00,WIND_DIREC,345,357,5,18,26,31,355,333,31,37,317,335,236,238,250,320,350,17,37,22,359,30,357,28,
楠梓,2024/12/08 00:00:00,WIND_SPEED,1.5,1.7,1.9,2.4,2.7,2.1,1.4,1.6,2.1,1.4,1.1,1.2,1.7,1.7,1.7,1.3,1.3,1.2,1.9,1.2,1.1,1.6,1.2,2.5,
楠梓,2024/12/08 00:00:00,WS_HR,1.1,1.4,1.3,1.7,2,1.5,1.5,0.9,1.7,1.4,0.9,0.8,0.9,1.7,1.5,1.1,1.1,1,1.2,1.2,0.9,1.3,1.2,1.4,
楠梓,2024/12/09 00:00:00,AMB_TEMP,17.9,17.7,17.6,17.7,17.8,17.6,17.8,18.1,19.2,20.9,22.8,24.3,25,25.3,25.4,25,24.2,22.9,21.9,21,20.6,20,19.6,19.3,
楠梓,2024/12/09 00:00:00,CH4,2.25,2.26,2.28,2.25,2.21,2.18,2.18,2.2,2.22,2.22,2.2,2.17,2.11,2.11,2.1,2.09,2.08,2.09,2.11,2.12,2.14,2.16,2.2,2.21,
楠梓,2024/12/09 00:00:00,CO,0.31,0.29,0.27,0.26,0.25,0.24,0.27,0.39,0.35,0.32,0.32,0.3,0.28,0.31,0.3,0.28,0.27,0.36,0.34,0.31,0.29,0.3,0.27,0.29,
楠梓,2024/12/09 00:00:00,NMHC,0.05,0.06,0.05,0.05,0.03,0.03,0.05,0.09,0.07,0.07,0.06,0.05,0.05,0.05,0.03,0.04,0.06,0.1,0.13,0.09,0.11,0.1,0.1,0.09,
楠梓,2024/12/09 00:00:00,NO,0,1,1.2,1.2,1.4,1.4,1.5,4.9,7.1,7.8,6.4,4.9,3.2,3,2.6,2.2,1.5,1.4,1.3,1.1,1.2,1.3,1.2,1.2,
楠梓,2024/12/09 00:00:00,NO2,14.5,13.1,11.8,11.5,11.1,12.7,14.5,18.8,16.2,15.4,15.1,14.5,11.1,12.7,12.5,13.1,14.4,18.7,20.8,17.9,17.1,17.3,17.2,16.8,
楠梓,2024/12/09 00:00:00,NOx,14.4,14.1,13.1,12.8,12.5,14.1,16,23.7,23.4,23.3,21.6,19.5,14.4,15.8,15.2,15.3,16,20.1,22.1,19,18.3,18.6,18.4,18,
楠梓,2024/12/09 00:00:00,O3,18.4,20.4,17.5,18.1,17.1,14.6,12.5,9.7,15.5,18.9,28.6,37.7,44.6,49,50.4,51.2,52.5,45.8,40.5,38.6,34.8,30.8,28.5,24.3,
楠梓,2024/12/09 00:00:00,PM10,36,36,34,28,26,27,95,40,45,57,60,54,42,42,61,52,50,49,53,42,47,46,49,47,
楠梓,2024/12/09 00:00:00,PM2.5,15,15,14,13,13,11,12,14,19,15,16,17,9,16,15,15,14,17,17,14,13,16,17,16,
楠梓,2024/12/09 00:00:00,RAINFALL,0,0,0,0,0,0,0,0,0,0,0,0,0,0,0,0,0,0,0,0,0,0,0,0,
楠梓,2024/12/09 00:00:00,RH,74,74,75,75,76,77,77,76,72,67,61,56,51,51,50,52,58,64,70,75,77,81,84,85,
楠梓,2024/12/09 00:00:00,SO2,1.7,1.2,1.2,1.4,1.4,1.1,1,1,1.3,1.3,1.9,1.8,1.5,1.4,1.6,1.7,1.8,2.1,1.9,1.4,1.4,1.9,1.5,1.8,
楠梓,2024/12/09 00:00:00,THC,2.3,2.32,2.33,2.3,2.24,2.21,2.23,2.29,2.29,2.29,2.26,2.22,2.16,2.16,2.13,2.13,2.14,2.19,2.24,2.21,2.25,2.26,2.3,2.3,
楠梓,2024/12/09 00:00:00,WD_HR,5,8,25,32,45,46,6,357,23,348,350,345,16,6,357,353,339,345,31,25,7,18,27,335,
楠梓,2024/12/09 00:00:00,WIND_DIREC,26,332,23,48,52,16,3,13,31,341,12,350,18,348,30,13,337,340,44,23,354,39,26,332,
楠梓,2024/12/09 00:00:00,WIND_SPEED,1.9,2,1.3,2.1,2.3,1.5,0.7,1,2.3,1.5,1.6,1.8,2.2,1.9,2.1,1.9,1.4,1.1,1.8,1.6,1.1,0.8,0.6,0.8,
楠梓,2024/12/09 00:00:00,WS_HR,1.1,1.2,1.3,1.7,1.5,1.7,0.8,0.8,1.5,1,1,1.1,1.4,1.4,1.2,1.3,1.5,1.3,1.5,1.4,0.9,0.7,0.9,0.5,
楠梓,2024/12/10 00:00:00,AMB_TEMP,19.1,18.7,18.1,18.1,18,18,18.1,18.5,19.8,21.9,24.2,25.3,26.2,26.6,26.2,25.8,25,23.6,22.9,22.2,21.5,20.8,20.4,20.1,
楠梓,2024/12/10 00:00:00,CH4,2.22,2.28,2.22,2.24,2.26,2.25,2.25,2.27,2.23,2.14,2.11,2.12,2.11,2.11,2.12,2.11,2.11,2.09,2.11,2.11,2.13,2.12,2.13,2.18,
楠梓,2024/12/10 00:00:00,CO,0.28,0.28,0.25,0.26,0.26,0.28,0.38,0.5,0.43,0.31,0.26,0.26,0.28,0.29,0.28,0.29,0.32,0.29,0.33,0.33,0.36,0.31,0.3,0.37,
楠梓,2024/12/10 00:00:00,NMHC,0.09,0.12,0.1,0.15,0.09,0.1,0.25,0.3,0.13,0.08,0.05,0.04,0.04,0.05,0.05,0.04,0.05,0.07,0.12,0.1,0.09,0.07,0.09,0.16,
楠梓,2024/12/10 00:00:00,NO,1.1,0.9,0.7,0.7,0.9,1.3,6.6,13,16.9,6.9,3,2.1,1.8,1.2,1.5,0.9,1.2,0.8,0.8,0.8,0.8,0.7,0.7,0.9,
楠梓,2024/12/10 00:00:00,NO2,16.1,23.2,14.9,18,17.6,16.9,22.9,22.5,25.7,17.1,11.7,10.8,10.2,9.7,12.5,11.5,18.2,16.5,18.3,18.2,19.2,16.7,15.2,20.4,
楠梓,2024/12/10 00:00:00,NOx,17.2,24.1,15.7,18.8,18.6,18.3,29.6,35.5,42.7,24.1,14.7,13,12.1,11,14.1,12.4,19.5,17.4,19.2,19,20.1,17.4,15.9,21.3,
楠梓,2024/12/10 00:00:00,O3,22.2,12.9,15.6,10.2,10.7,8.7,2.1,5.7,10.4,28.4,43.2,52.8,60.2,67.5,72.6,72.9,57.1,40.8,35.4,32.1,26.9,27,24.9,14.2,
楠梓,2024/12/10 00:00:00,PM10,45,53,41,38,42,39,38,51,60,61,51,44,40,48,47,68,57,53,57,56,48,42,41,44,
楠梓,2024/12/10 00:00:00,PM2.5,19,18,17,15,17,18,16,17,24,19,16,15,18,18,21,26,25,11,18,17,18,17,19,19,
楠梓,2024/12/10 00:00:00,RAINFALL,0,0,0,0,0,0,0,0,0,0,0,0,0,0,0,0,0,0,0,0,0,0,0,0,
楠梓,2024/12/10 00:00:00,RH,86,88,89,90,90,89,88,87,83,74,60,53,49,48,51,52,58,65,68,72,77,83,86,87,
楠梓,2024/12/10 00:00:00,SO2,2.3,2,1.6,1.7,1.9,1.9,2,2.1,2.3,2.1,1.6,1.6,1.7,1.6,2,2.2,2,1.5,1.4,1.7,1.8,1.8,1.6,1.4,
楠梓,2024/12/10 00:00:00,THC,2.31,2.4,2.32,2.39,2.35,2.35,2.5,2.57,2.36,2.22,2.16,2.16,2.15,2.16,2.17,2.15,2.16,2.16,2.23,2.21,2.22,2.19,2.22,2.34,
楠梓,2024/12/10 00:00:00,WD_HR,24,36,54,53,50,48,354,14,20,29,20,13,21,359,32,27,47,21,21,20,24,23,27,56,
楠梓,2024/12/10 00:00:00,WIND_DIREC,39,49,46,57,51,37,308,6,20,32,333,18,331,303,8,55,36,20,24,17,25,14,52,61,
楠梓,2024/12/10 00:00:00,WIND_SPEED,1.4,1.8,2.1,1.8,1.5,1,0.5,0.9,1.3,1.7,2.2,1.7,1.9,1.7,1.6,2.8,2.2,1.8,1.7,1.4,1,1.1,1.5,0.3,
楠梓,2024/12/10 00:00:00,WS_HR,0.9,1.1,2,1.8,1.8,1.5,0.3,0.6,1,1.3,1.4,1.4,1.4,0.8,1.3,1.5,2,1.4,1.3,1.3,1.1,1.1,1,0.7,
楠梓,2024/12/11 00:00:00,AMB_TEMP,20,19.6,18.9,19.1,18.9,18.8,18.6,19.2,20.1,22.1,24.4,26.2,27.5,28.1,28.4,27.2,26.5,24.9,23.5,22.5,21.4,20.8,20.4,20,
楠梓,2024/12/11 00:00:00,CH4,2.25,2.3,2.35,2.26,2.31,2.3,2.28,2.28,2.28,2.22,2.16,2.12,2.12,2.07,2.06,2.05,2.07,2.09,2.11,2.11,2.12,2.14,2.19,2.19,
楠梓,2024/12/11 00:00:00,CO,0.4,0.41,0.29,0.26,0.31,0.32,0.38,0.47,0.41,0.36,0.31,0.27,0.27,0.21,0.21,0.23,0.29,0.31,0.29,0.25,0.26,0.28,0.31,0.34,
楠梓,2024/12/11 00:00:00,NMHC,0.17,0.18,0.09,0.07,0.11,0.11,0.13,0.16,0.15,0.12,0.08,0.05,0.05,0.02,0.02,0.17,0.19,0.1,0.1,0.05,0.05,0.05,0.09,0.09,
楠梓,2024/12/11 00:00:00,NO,3.1,0.9,0.7,0.3,0.7,0.6,3,6.2,8.8,8,5.1,2.6,1.7,1.2,1.2,1.2,0.9,0.5,0.6,0.5,0.8,0.6,0.5,0.8,
楠梓,2024/12/11 00:00:00,NO2,26.4,22.2,16.4,12,15.2,17.8,21.5,20.2,19.5,18.4,16.2,12.8,12.1,9.2,9,13,17,18.2,19.8,15.1,14.1,14.3,16.9,19.2,
楠梓,2024/12/11 00:00:00,NOx,29.5,23.1,17.1,12.4,15.9,18.5,24.6,26.5,28.3,26.4,21.4,15.5,13.9,10.5,10.3,14.3,18,18.7,20.5,15.7,15,14.9,17.4,20.1,
楠梓,2024/12/11 00:00:00,O3,14.9,15.9,14.9,16.8,9.8,5.7,2.4,6.5,11.6,21.2,35.4,49.1,57.2,56.3,55.8,55.8,50.1,40.5,31.6,32.6,28.3,24,19.3,13.1,
楠梓,2024/12/11 00:00:00,PM10,45,52,38,35,41,45,48,53,54,58,51,45,43,31,26,49,64,49,38,35,34,35,40,40,
楠梓,2024/12/11 00:00:00,PM2.5,23,29,24,23,24,28,28,26,31,26,17,18,19,7,11,12,12,13,10,9,14,17,16,15,
楠梓,2024/12/11 00:00:00,RAINFALL,0,0,0,0,0,0,0,0,0,0,0,0,0,0,0,0,0,0,0,0,0,0,0,0,
楠梓,2024/12/11 00:00:00,RH,87,89,91,91,92,92,92,89,85,76,65,54,48,45,46,62,64,68,74,76,84,87,89,90,
楠梓,2024/12/11 00:00:00,SO2,1.2,1.2,1.4,1,1.7,1.4,1.4,1.9,2.1,1.7,1.2,1.2,1.6,1.4,1.2,1.6,1.6,1.7,1.3,1.1,1.2,1.1,1.1,1.2,
楠梓,2024/12/11 00:00:00,THC,2.42,2.48,2.44,2.33,2.42,2.41,2.41,2.44,2.43,2.34,2.24,2.17,2.17,2.09,2.08,2.22,2.26,2.19,2.21,2.16,2.17,2.19,2.28,2.28,
楠梓,2024/12/11 00:00:00,WD_HR,41,1,2,18,357,18,2,25,359,30,24,2,0,22,327,289,313,354,38,20,34,31,31,22,
楠梓,2024/12/11 00:00:00,WIND_DIREC,40,339,30,356,8,332,26,31,28,35,5,351,329,29,268,300,337,343,27,347,29,10,37,37,
楠梓,2024/12/11 00:00:00,WIND_SPEED,1,0.8,1.3,0.6,0.6,0.4,1.8,2.5,1.7,1.7,1.7,1.9,2.3,1.7,2.4,1.8,1.4,1.4,2.9,1.1,2,0.7,0.7,0.8,
楠梓,2024/12/11 00:00:00,WS_HR,0.9,0.6,1,0.7,0.9,0.8,0.6,1.6,1.3,1.4,1.3,1.5,1.7,1.5,1.1,1.5,1.4,1.2,2,1.5,1.5,0.7,0.8,0.5,
楠梓,2024/12/12 00:00:00,AMB_TEMP,19.6,19.4,18.9,18.5,18.2,17.9,17.8,17.9,18.7,19.9,22,24.4,25.7,26.2,26.5,26,25.2,24.2,23.5,22.5,21.4,20.8,20.6,20.3,
楠梓,2024/12/12 00:00:00,CH4,2.16,2.17,2.28,2.29,2.25,2.2,2.18,2.17,2.15,2.14,2.13,2.12,2.12,2.12,2.11,2.11,2.13,2.15,2.19,2.21,2.2,2.22,2.19,2.18,
楠梓,2024/12/12 00:00:00,CO,0.33,0.33,0.32,0.3,0.28,0.27,0.29,0.35,0.31,0.29,0.29,0.29,0.35,0.33,0.33,0.33,0.38,0.43,0.5,0.5,0.44,0.44,0.46,0.45,
楠梓,2024/12/12 00:00:00,NMHC,0.09,0.08,0.1,0.11,0.09,0.08,0.07,0.08,0.06,0.07,0.07,0.11,0.13,0.13,0.11,0.07,0.11,0.11,0.14,0.12,0.09,0.1,0.08,0.09,
楠梓,2024/12/12 00:00:00,NO,0.7,0.8,0.9,1.1,1,0.7,1.4,2.7,5.5,7,7.9,4.3,2.8,2,1.7,1,1,1,0.9,0.8,1,0.8,0.7,0.7,
楠梓,2024/12/12 00:00:00,NO2,17.7,14.5,19.5,20.6,17.3,15.3,13.8,13.9,14.6,13.8,15.4,14.4,14.7,14.3,14.2,12.4,15.5,19.8,22.2,22.1,17,17,17.8,18.3,
楠梓,2024/12/12 00:00:00,NOx,18.4,15.4,20.5,21.7,18.3,16,15.2,16.7,20.2,20.9,23.4,18.8,17.6,16.3,15.9,13.4,16.6,20.8,23.2,22.9,18.1,17.9,18.6,19,
楠梓,2024/12/12 00:00:00,O3,11.7,11.2,5.5,4.9,7.8,10.1,9.6,9.4,13,17,21.1,35.5,49.3,62.3,68.1,67.6,57.8,50.9,42.2,33.1,28.9,21.8,17.4,14.5,
楠梓,2024/12/12 00:00:00,PM10,44,41,37,36,36,34,37,39,37,33,49,48,66,53,58,78,80,85,89,86,66,60,51,46,
楠梓,2024/12/12 00:00:00,PM2.5,17,16,18,19,16,21,26,19,18,13,18,15,18,22,19,21,23,28,31,23,20,13,16,16,
楠梓,2024/12/12 00:00:00,RAINFALL,0,0,0,0,0,0,0,0,0,0,0,0,0,0,0,0,0,0,0,0,0,0,0,0,
楠梓,2024/12/12 00:00:00,RH,91,92,92,92,92,92,94,93,88,84,74,66,61,58,56,59,61,63,66,71,74,76,77,78,
楠梓,2024/12/12 00:00:00,SO2,1.2,1.4,1.9,2,2.4,1.8,1.1,1,1.1,1.3,1.4,1.7,2,2.1,2.1,1.6,1.8,1.8,1.7,1.6,1.5,1.8,1.9,2,
楠梓,2024/12/12 00:00:00,THC,2.25,2.25,2.38,2.4,2.34,2.28,2.25,2.25,2.21,2.21,2.2,2.23,2.25,2.25,2.22,2.18,2.24,2.26,2.33,2.33,2.29,2.32,2.27,2.27,
楠梓,2024/12/12 00:00:00,WD_HR,42,333,344,16,344,29,35,359,35,25,28,290,293,295,284,277,316,0,27,9,338,18,32,16,
楠梓,2024/12/12 00:00:00,WIND_DIREC,37,335,330,27,1,32,52,19,44,44,335,283,276,285,286,265,12,27,27,340,335,32,34,333,
楠梓,2024/12/12 00:00:00,WIND_SPEED,0.6,2.3,1.3,1.2,1.4,2.4,2.1,1.8,2.8,2.1,1,1.3,1.8,2,2.5,2.6,1.3,1.7,2,1.5,1.6,1.7,1.4,1.3,
楠梓,2024/12/12 00:00:00,WS_HR,1.2,1.3,0.9,0.7,1,2,1.9,1.2,2.1,1.8,1.1,0.6,1.1,1.5,1.6,1.9,0.9,1,1.4,1.1,1.1,0.9,1.7,1.2,
楠梓,2024/12/13 00:00:00,AMB_TEMP,19.9,19.5,19.2,19.2,19.2,19.2,19.3,19.5,19.7,20.2,20.7,22.1,23.1,23.5,23.5,23.3,22.8,21.7,20.3,19.4,18.9,18.3,17.7,17.6,
楠梓,2024/12/13 00:00:00,CH4,2.2,2.18,2.2,2.19,2.22,2.25,2.23,2.22,2.18,2.16,2.15,2.15,2.13,2.12,2.11,2.1,2.11,2.11,2.1,2.11,2.1,2.11,2.11,2.11,
楠梓,2024/12/13 00:00:00,CO,0.42,0.38,0.37,0.38,0.38,0.39,0.4,0.49,0.36,0.36,0.35,0.34,0.33,0.32,0.3,0.3,0.33,0.32,0.28,0.28,0.27,0.27,0.26,0.25,
楠梓,2024/12/13 00:00:00,NMHC,0.1,0.09,0.09,0.09,0.1,0.11,0.12,0.13,0.08,0.07,0.08,0.08,0.08,0.05,0.05,0.07,0.07,0.06,0.05,0.05,0.06,0.07,0.05,0.04,
楠梓,2024/12/13 00:00:00,NO,0.7,0,0.3,0.3,0.3,0.3,0.4,3.1,3.4,4.5,4.2,5.1,3.1,#,2,1.7,1.1,0.7,0.7,0.6,0.4,0.4,0.5,0.5,
楠梓,2024/12/13 00:00:00,NO2,19,16.9,18.5,18,16.8,18.1,18.1,20.1,17.1,16.9,15.9,16.1,15.2,#,14.8,16.9,18.2,17.8,15.7,14.7,14,13.7,12.8,11.6,
楠梓,2024/12/13 00:00:00,NOx,19.7,16.7,18.9,18.3,17.2,18.4,18.5,23.2,20.6,21.5,20.2,21.2,18.4,#,16.8,18.6,19.3,18.5,16.4,15.3,14.4,14.1,13.4,12.1,
楠梓,2024/12/13 00:00:00,O3,11,11.3,10.6,9,8.9,7.7,7.6,6.5,12.6,13.8,17.2,21.3,28,32,35.3,36.5,34.8,29.7,25.5,21.9,20.4,20.2,19.4,20,
楠梓,2024/12/13 00:00:00,PM10,47,33,31,34,28,28,28,33,34,36,42,40,71,#,39,42,63,82,84,55,34,40,35,24,
楠梓,2024/12/13 00:00:00,PM2.5,14,15,13,9,9,14,15,15,16,12,14,13,#,15,16,16,21,19,15,1,8,7,8,11,
楠梓,2024/12/13 00:00:00,RAINFALL,0,0,0,0,0,0,0,0,0,0,0,0,0,0,0,0,0,0,0,0,0,0,0,0,
楠梓,2024/12/13 00:00:00,RH,80,83,83,84,85,84,84,84,84,83,81,74,69,67,67,67,70,72,76,78,80,83,84,83,
楠梓,2024/12/13 00:00:00,SO2,1.9,1.7,2,1.7,1.4,1.2,1.6,2,1.4,1.2,1.7,1.8,1.8,1.3,1.3,1.6,1.4,1.4,1.1,0.9,1,1.2,1.2,1.2,
楠梓,2024/12/13 00:00:00,THC,2.3,2.27,2.29,2.28,2.32,2.36,2.35,2.35,2.26,2.23,2.23,2.23,2.21,2.17,2.16,2.17,2.18,2.17,2.15,2.16,2.16,2.18,2.16,2.15,
楠梓,2024/12/13 00:00:00,WD_HR,29,359,18,41,343,14,27,24,26,10,24,15,342,23,23,36,6,339,2,21,355,354,351,358,
楠梓,2024/12/13 00:00:00,WIND_DIREC,43,344,54,25,12,8,22,11,19,349,35,345,12,25,42,49,355,338,8,17,36,330,332,345,
楠梓,2024/12/13 00:00:00,WIND_SPEED,1.7,2.2,2.2,1.1,0.8,1.7,2.1,2.3,2.3,2,2.4,2.2,1.8,2.5,3.3,3.5,2,2.9,2.4,2.1,2.4,2.8,2.2,2.4,
楠梓,2024/12/13 00:00:00,WS_HR,1.4,1.7,1.6,1.8,1.1,1.2,1.7,1.6,1.8,1.5,2,1.7,1.9,1.5,1.8,2.5,1.9,2.1,2,1.9,1.7,1.5,1.9,1.6,
楠梓,2024/12/14 00:00:00,AMB_TEMP,17.3,17.1,16.8,16.5,16.4,16.1,15.8,16,16.5,17.4,18.4,18.6,19.2,19.9,20.3,19.9,19.2,17.3,16.4,16,15.4,14.9,14.7,14.6,
楠梓,2024/12/14 00:00:00,CH4,2.11,2.11,2.12,2.16,2.31,2.22,2.16,2.19,2.19,2.19,2.19,2.18,2.19,2.19,2.2,2.2,2.23,2.25,2.25,2.24,2.25,2.26,2.27,2.28,
楠梓,2024/12/14 00:00:00,CO,0.25,0.25,0.26,0.26,0.27,0.29,0.34,0.36,0.38,0.39,0.39,0.4,0.41,0.41,0.42,0.43,0.48,0.5,0.5,0.5,0.51,0.53,0.53,0.53,
楠梓,2024/12/14 00:00:00,NMHC,0.04,0.04,0.03,0.06,0.09,0.07,0.05,0.07,0.06,0.07,0.07,0.07,0.06,0.07,0.07,0.07,0.08,0.08,0.07,0.08,0.08,0.09,0.1,0.09,
楠梓,2024/12/14 00:00:00,NO,0.3,0.8,1,0.6,0.6,0.8,0.9,1.4,2.5,3.5,3.6,2.8,2.5,2,1.7,1.3,0.9,0.6,0.7,0.7,0.7,0.8,0.8,0.7,
楠梓,2024/12/14 00:00:00,NO2,11.4,10.9,10,9.5,9.4,9.5,10.3,11.2,11.5,10.7,10.5,10.9,10.5,10.8,11.2,12.1,13.9,15.4,15.2,13.7,13.9,14,13.8,13.5,
楠梓,2024/12/14 00:00:00,NOx,11.8,11.7,11,10.2,10,10.4,11.2,12.6,14.1,14.2,14.1,13.8,13,12.9,13,13.4,14.8,16,16,14.4,14.6,14.9,14.7,14.3,
楠梓,2024/12/14 00:00:00,O3,19.3,19.5,20,20.4,21.2,22.4,20.9,20.2,20.5,25.3,29.1,30.8,37.5,43,46.5,45.2,47.1,39.4,34.5,32.9,29.7,26.3,24.3,22.9,
楠梓,2024/12/14 00:00:00,PM10,26,23,24,21,22,21,37,29,37,51,53,47,44,51,58,61,92,127,146,112,91,78,70,67,
楠梓,2024/12/14 00:00:00,PM2.5,10,8,6,4,5,8,8,9,12,16,14,21,20,27,30,31,39,52,50,52,53,46,47,51,
楠梓,2024/12/14 00:00:00,RAINFALL,0,0,0,0,0,0,0,0,0,0,0,0,0,0,0,0,0,0,0,0,0,0,0,0,
楠梓,2024/12/14 00:00:00,RH,82,81,81,81,80,79,76,75,73,68,65,65,63,60,59,60,58,60,62,63,65,67,68,69,
楠梓,2024/12/14 00:00:00,SO2,1.2,1.1,1,1.1,1.1,1.1,0.9,1.1,1.3,1.4,1.7,1.4,1.5,1.6,1.8,1.7,1.8,1.5,1.7,1.5,1.4,1.5,1.3,1.5,
楠梓,2024/12/14 00:00:00,THC,2.15,2.15,2.15,2.22,2.4,2.29,2.21,2.26,2.25,2.26,2.26,2.25,2.25,2.26,2.27,2.27,2.31,2.33,2.32,2.32,2.33,2.35,2.37,2.37,
楠梓,2024/12/14 00:00:00,WD_HR,355,9,2,15,20,12,21,24,7,357,10,29,21,358,2,350,342,5,10,0,346,356,11,347,
楠梓,2024/12/14 00:00:00,WIND_DIREC,4,39,357,33,37,359,28,36,336,8,45,35,336,348,38,349,355,4,357,341,335,359,9,29,
楠梓,2024/12/14 00:00:00,WIND_SPEED,2.2,2.1,2.4,3.1,2.7,2.4,3.5,3.7,3,2.7,3.9,3.8,2.2,2,2.2,1.3,2.3,2.9,3.1,2.4,2.3,2.1,1.2,1.3,
楠梓,2024/12/14 00:00:00,WS_HR,1.4,1.7,1.7,1.7,1.8,1.6,2.1,2.1,1.9,1.9,2.2,2.7,2.4,1.7,1.2,1.2,1.8,1.9,2,2,1.7,1.8,1.3,1.1,
楠梓,2024/12/15 00:00:00,AMB_TEMP,14.5,14.3,13.9,13.5,13,12.9,12.8,13.1,14.4,15.7,17.1,18.8,20.4,21.8,21.8,21.9,21.4,20,18.4,17.3,16.4,16,15.9,15.6,
楠梓,2024/12/15 00:00:00,CH4,2.3,2.3,2.3,2.3,2.34,2.32,2.32,2.34,2.32,2.31,2.29,2.28,2.23,2.2,2.18,2.17,2.18,2.17,2.16,2.18,2.17,2.17,2.18,2.19,
楠梓,2024/12/15 00:00:00,CO,0.52,0.51,0.51,0.51,0.5,0.5,0.51,0.54,0.55,0.54,0.52,0.5,0.47,0.45,0.42,0.41,0.45,0.51,0.4,0.37,0.4,0.39,0.38,0.36,
楠梓,2024/12/15 00:00:00,NMHC,0.12,0.1,0.09,0.1,0.11,0.1,0.1,0.12,0.11,0.1,0.09,0.08,0.07,0.05,0.03,0.04,0.16,0.42,0.06,0.06,0.05,0.07,0.07,0.07,
楠梓,2024/12/15 00:00:00,NO,0.8,0.7,0.6,0.4,0.7,0.5,0.8,1.9,2.7,3.1,2.6,2.1,1.7,1.1,0.9,0.7,0.7,0.7,0.6,0.7,0.8,0.8,0.6,0.6,
楠梓,2024/12/15 00:00:00,NO2,13.4,12.7,12.3,11.8,11.8,12,11.1,12.8,12.6,11.9,12.1,11.4,9.7,9.2,8.5,8.5,10.9,17.9,15,13.5,14.7,15.1,15.6,15.8,
楠梓,2024/12/15 00:00:00,NOx,14.3,13.4,12.9,12.2,12.6,12.5,11.9,14.8,15.3,15,14.7,13.6,11.4,10.3,9.4,9.3,11.6,18.7,15.7,14.2,15.5,15.9,16.3,16.5,
楠梓,2024/12/15 00:00:00,O3,22.4,22.3,21.3,20.7,19.3,16.8,14,13.2,16.8,21.6,28.2,37.2,49.3,58.4,59.7,59.2,57,47.7,46.2,40.2,31.1,26.4,25,23.9,
楠梓,2024/12/15 00:00:00,PM10,70,70,72,65,59,60,60,56,57,53,52,53,58,52,41,37,63,95,82,89,79,63,58,55,
楠梓,2024/12/15 00:00:00,PM2.5,52,52,51,49,45,48,46,44,39,39,37,40,35,34,25,29,29,36,36,35,30,32,33,30,
楠梓,2024/12/15 00:00:00,RAINFALL,0,0,0,0,0,0,0,0,0,0,0,0,0,0,0,0,0,0,0,0,0,0,0,0,
楠梓,2024/12/15 00:00:00,RH,70,72,74,78,82,85,87,85,80,73,68,64,59,54,53,52,57,64,64,65,66,66,66,66,
楠梓,2024/12/15 00:00:00,SO2,1.6,1.5,1.8,1.6,1.3,1.1,1,1.4,1.8,1.8,2.3,2.3,2.2,2.1,1.8,1.7,1.6,1.8,1.8,2,2.2,2.2,1.7,1.6,
楠梓,2024/12/15 00:00:00,THC,2.42,2.4,2.39,2.4,2.45,2.42,2.42,2.46,2.43,2.41,2.38,2.36,2.3,2.25,2.21,2.21,2.34,2.59,2.22,2.24,2.22,2.24,2.25,2.26,
楠梓,2024/12/15 00:00:00,WD_HR,28,359,19,37,32,31,19,1,2,2,356,4,11,302,322,325,291,311,347,349,333,336,7,26,
楠梓,2024/12/15 00:00:00,WIND_DIREC,25,12,21,23,36,38,334,320,348,39,9,24,25,304,8,320,304,335,342,328,340,335,31,37,
楠梓,2024/12/15 00:00:00,WIND_SPEED,1.2,1.2,1.8,1.7,1.5,2.1,1.1,1.1,1.5,1.1,1.4,1.8,1.4,1.1,1.2,1.2,0.9,1.5,1.9,1.6,2.4,1.9,3.3,2.2,
楠梓,2024/12/15 00:00:00,WS_HR,1.2,0.8,1,1.8,1.1,1.5,0.9,0.7,1,0.9,1.1,0.9,0.9,0.7,0.6,0.6,0.9,1.1,1.2,1.4,2,1.4,1.6,1.7,
楠梓,2024/12/16 00:00:00,AMB_TEMP,15.3,15.1,15,14.8,14.9,14.8,14.7,14.9,15.4,16.5,17.7,19.3,20.3,20.8,21.2,20.1,19,18.2,17.8,17.6,17.4,17,16.5,16.2,
楠梓,2024/12/16 00:00:00,CH4,2.17,2.16,2.19,2.19,2.21,2.19,2.22,2.3,2.31,2.28,2.25,2.24,2.23,2.21,2.19,2.2,2.21,2.21,2.24,2.22,2.25,2.25,2.21,2.19,
楠梓,2024/12/16 00:00:00,CO,0.33,0.32,0.32,0.32,0.32,0.32,0.34,0.44,0.38,0.39,0.4,0.39,0.42,0.4,0.38,0.41,0.42,0.46,0.5,0.48,0.46,0.43,0.4,0.38,
楠梓,2024/12/16 00:00:00,NMHC,0.06,0.05,0.05,0.06,0.06,0.06,0.06,0.11,0.11,0.1,0.11,0.09,0.1,0.1,0.09,0.1,0.11,0.14,0.17,0.16,0.19,0.17,0.15,0.13,
楠梓,2024/12/16 00:00:00,NO,0.7,0.3,0.4,0.4,0.4,0.4,0.6,2,3.7,6.9,6.9,5.6,5.1,4.3,3.2,1.8,1.4,1,1.3,1.6,1.4,0.9,0.5,0.8,
楠梓,2024/12/16 00:00:00,NO2,13,11.2,11.8,11.7,12,13.8,15,18.2,18.8,21.8,20.9,17.7,20.5,19.8,18.3,20.1,24,28.4,31.5,31.7,32.4,28.5,25.8,22.5,
楠梓,2024/12/16 00:00:00,NOx,13.7,11.6,12.3,12.2,12.5,14.2,15.7,20.3,22.5,28.7,27.8,23.4,25.6,24.2,21.5,22,25.5,29.5,32.9,33.4,33.8,29.4,26.3,23.3,
楠梓,2024/12/16 00:00:00,O3,26.6,26.3,24.7,24.3,22.4,18.8,18.2,15.6,15.2,13.1,18,24.4,28.5,35.5,38.2,31.2,23,15.7,11,8.7,9.2,13.3,13.1,12.5,
楠梓,2024/12/16 00:00:00,PM10,45,43,41,42,36,42,49,49,60,70,63,68,76,71,66,64,65,67,66,64,70,71,60,59,
楠梓,2024/12/16 00:00:00,PM2.5,26,26,22,23,27,21,27,21,26,31,28,30,32,31,24,28,31,32,28,31,34,32,23,24,
楠梓,2024/12/16 00:00:00,RAINFALL,0,0,0,0,0,0,0,0,0,0,0,0,0,0,0,0,0,0,0,0,0,0,0,0,
楠梓,2024/12/16 00:00:00,RH,68,69,71,72,73,75,75,74,73,71,67,64,59,57,56,58,61,64,66,69,67,67,69,73,
楠梓,2024/12/16 00:00:00,SO2,1.5,1.5,1.7,1.9,1.5,1.3,1.3,1.4,1.5,1.6,1.8,1.6,2.3,2.1,1.7,1.8,2,2.4,2.5,2.1,2.4,2,2.2,1.9,
楠梓,2024/12/16 00:00:00,THC,2.23,2.21,2.24,2.25,2.27,2.25,2.28,2.41,2.42,2.38,2.36,2.33,2.33,2.31,2.28,2.3,2.32,2.35,2.41,2.38,2.44,2.42,2.36,2.32,
楠梓,2024/12/16 00:00:00,WD_HR,338,1,353,30,35,39,9,19,19,21,18,337,330,358,1,344,349,343,35,35,356,18,28,31,
楠梓,2024/12/16 00:00:00,WIND_DIREC,333,342,346,45,32,43,1,352,24,350,42,301,301,349,348,341,332,341,44,9,22,33,22,30,
楠梓,2024/12/16 00:00:00,WIND_SPEED,1.9,1.3,1.8,1.8,1.6,2.1,2.2,1.8,1.2,1.4,0.9,1.4,1.5,1.4,1.4,1.6,1.8,1.3,2.3,0.9,1.9,2.3,1.6,0.4,
楠梓,2024/12/16 00:00:00,WS_HR,1.5,1.1,1.1,1.7,1.4,1.5,1.3,1.4,1.4,1.1,1,0.9,1.1,1.3,1.2,1,1.1,1.1,1.6,1.5,1,1.3,1.7,1.4,
楠梓,2024/12/17 00:00:00,AMB_TEMP,15.9,15.4,15,14.7,14.5,14.3,14.4,15.1,17.1,20.5,22.8,23.8,24.3,24.8,24.4,23.8,23.2,22,21.2,20.4,19.3,18.5,17.9,17.3,
楠梓,2024/12/17 00:00:00,CH4,2.24,2.25,2.32,2.3,2.28,2.29,2.25,2.22,2.18,2.17,2.15,2.15,2.16,2.14,2.1,2.1,2.1,2.11,2.13,2.15,2.19,2.17,2.18,2.2,
楠梓,2024/12/17 00:00:00,CO,0.4,0.39,0.38,0.37,0.38,0.39,0.43,0.53,0.44,0.44,0.37,0.39,0.39,0.34,0.31,0.28,0.29,0.38,0.43,0.47,0.46,0.42,0.39,0.38,
楠梓,2024/12/17 00:00:00,NMHC,0.14,0.15,0.17,0.16,0.17,0.19,0.18,0.21,0.14,0.14,0.27,0.13,0.17,0.18,0.09,0.06,0.05,0.08,0.12,0.15,0.19,0.12,0.1,0.1,
楠梓,2024/12/17 00:00:00,NO,0.9,0.4,0.5,0.6,0.7,1.6,6.1,14.1,8.4,11.6,4.4,3.4,3.2,2.1,1,0.8,0.8,0.5,0.3,0.2,0.3,0.3,0.2,0.2,
楠梓,2024/12/17 00:00:00,NO2,25.8,22.8,23.5,24.7,23.1,25.2,25,21.4,17.3,21.9,18.4,18.8,20.6,16.9,13.3,12.6,13.8,17.5,21.1,25.7,25.7,22.9,19.5,18.7,
楠梓,2024/12/17 00:00:00,NOx,26.7,23.2,24,25.3,23.9,26.8,31.2,35.6,25.8,33.6,22.8,22.2,23.9,19,14.4,13.4,14.7,18.1,21.4,26,26.1,23.3,19.7,18.9,
楠梓,2024/12/17 00:00:00,O3,7,7.9,4.7,2.9,2.9,1.4,1.3,3.9,11.9,16.3,40,42.4,49.5,57.7,61.1,60.9,54.8,50.5,41.5,31.4,25.1,22.3,20.9,16.6,
楠梓,2024/12/17 00:00:00,PM10,68,62,63,53,48,61,55,60,57,63,57,69,61,61,91,102,74,88,96,97,88,76,73,65,
楠梓,2024/12/17 00:00:00,PM2.5,31,29,29,23,28,32,30,31,24,30,21,28,23,21,24,20,15,17,26,26,26,32,29,24,
楠梓,2024/12/17 00:00:00,RAINFALL,0,0,0,0,0,0,0,0,0,0,0,0,0,0,0,0,0,0,0,0,0,0,0,0,
楠梓,2024/12/17 00:00:00,RH,75,80,83,85,85,85,86,84,78,67,55,49,47,47,54,54,55,62,66,70,76,83,86,88,
楠梓,2024/12/17 00:00:00,SO2,1.6,2.3,2.3,2.8,2.2,2.4,1.9,2,1.7,2,2.1,1.6,2,1.8,2.2,2.1,1.9,2.3,2.9,2.4,2.1,1.7,1.7,1.5,
楠梓,2024/12/17 00:00:00,THC,2.38,2.4,2.49,2.46,2.45,2.48,2.43,2.43,2.32,2.31,2.42,2.28,2.33,2.32,2.19,2.16,2.15,2.19,2.25,2.3,2.38,2.29,2.28,2.3,
楠梓,2024/12/17 00:00:00,WD_HR,343,358,338,22,332,21,30,49,14,272,304,316,338,310,320,17,18,339,336,336,33,36,20,14,
楠梓,2024/12/17 00:00:00,WIND_DIREC,330,18,340,38,337,11,26,44,0,270,314,315,339,299,348,36,348,7,324,356,49,47,22,315,
楠梓,2024/12/17 00:00:00,WIND_SPEED,1.4,1.5,2.2,1.3,1.8,0.9,1.4,1.9,0.4,0.7,1.9,1.7,2.1,2.9,2.7,2.9,2.1,1.5,0.9,1.7,1.7,1.8,2,1.5,
楠梓,2024/12/17 00:00:00,WS_HR,0.6,0.8,1.2,1.2,0.9,1.1,1.1,1.6,0.9,0.1,0.8,1.3,1.4,2,2.3,2.3,1.7,1.4,1.1,1.5,1.5,1.8,1.4,1,
楠梓,2024/12/18 00:00:00,AMB_TEMP,16.8,16.4,16,15.9,15.7,15.5,15.6,15.9,16.9,18.5,20.3,22.5,23.8,24.2,24.5,24.1,23.5,22.3,20.8,19.4,18.1,17.2,16.8,16.5,
楠梓,2024/12/18 00:00:00,CH4,2.23,2.22,2.2,2.19,2.17,2.18,2.2,2.17,2.15,2.14,2.09,2.09,2.08,2.07,2.07,2.08,2.08,2.11,2.11,2.1,2.12,2.13,2.13,2.13,
楠梓,2024/12/18 00:00:00,CO,0.39,0.36,0.35,0.31,0.29,0.3,0.34,0.37,0.31,0.3,0.26,0.25,0.26,0.24,0.24,0.25,0.29,0.32,0.31,0.29,0.31,0.31,0.32,0.33,
楠梓,2024/12/18 00:00:00,NMHC,0.12,0.12,0.09,0.09,0.1,0.12,0.13,0.12,0.09,0.08,0.06,0.06,0.06,0.05,0.05,0.06,0.09,0.09,0.09,0.1,0.11,0.12,0.11,0.11,
楠梓,2024/12/18 00:00:00,NO,0.3,0.8,0.7,0.5,0.8,0.9,1.4,2.9,3.9,6.4,4.3,3.5,2.7,2,1.7,1.6,1,0.9,0.8,0.7,0.9,0.8,0.5,0.6,
楠梓,2024/12/18 00:00:00,NO2,19.9,18.7,15.5,13.8,12.9,14.1,16.3,16.7,17.2,17.8,13.3,11.9,11.6,10.8,11.1,12.9,16.3,17.1,16.8,16.4,17,17.5,16.7,14.7,
楠梓,2024/12/18 00:00:00,NOx,20.2,19.5,16.2,14.4,13.7,15.1,17.7,19.6,21.2,24.2,17.7,15.4,14.3,12.8,12.9,14.6,17.4,18.1,17.7,17.2,17.9,18.3,17.3,15.3,
楠梓,2024/12/18 00:00:00,O3,12.9,12.2,15.2,17,19,16.4,11.5,14,19.2,20.7,30.8,38.5,46.8,54.1,57.1,55.9,52.5,50.8,43.2,36,32.1,32.9,35,39.1,
楠梓,2024/12/18 00:00:00,PM10,72,54,46,42,38,44,45,39,51,47,42,44,45,57,53,47,55,65,70,73,84,89,80,90,
楠梓,2024/12/18 00:00:00,PM2.5,35,29,26,22,23,22,26,21,21,21,19,9,13,11,13,11,16,19,18,21,23,23,28,30,
楠梓,2024/12/18 00:00:00,RAINFALL,0,0,0,0,0,0,0,0,0,0,0,0,0,0,0,0,0,0,0,0,0,0,0,0,
楠梓,2024/12/18 00:00:00,RH,89,89,88,88,88,89,88,85,81,76,66,58,52,47,42,42,43,46,49,51,53,54,54,55,
楠梓,2024/12/18 00:00:00,SO2,1.9,1.7,1.6,1.6,1.6,1.6,1.6,1.8,2,1.9,1.5,1.3,1.6,1.9,1.6,1.6,1.5,1.7,1.7,1.8,1.9,1.9,2.1,2,
楠梓,2024/12/18 00:00:00,THC,2.35,2.34,2.29,2.28,2.27,2.3,2.33,2.29,2.24,2.22,2.15,2.15,2.14,2.12,2.12,2.14,2.17,2.2,2.2,2.2,2.23,2.25,2.24,2.24,
楠梓,2024/12/18 00:00:00,WD_HR,334,16,348,22,25,18,8,30,37,46,44,17,8,351,21,18,16,5,4,13,2,335,338,342,
楠梓,2024/12/18 00:00:00,WIND_DIREC,334,24,2,28,16,359,328,31,64,34,24,340,338,346,2,356,330,337,36,346,328,315,1,5,
楠梓,2024/12/18 00:00:00,WIND_SPEED,2.2,1.9,1.9,2.3,1.3,2,2.2,2.8,2.8,2.4,3.4,2.4,2.2,2.3,2.9,1.9,2.9,2,3,2.1,1.6,1.4,1.6,1.2,
楠梓,2024/12/18 00:00:00,WS_HR,1.7,1.2,1.1,1.7,1.8,1.5,1.5,2.4,2.7,2.2,3.1,2,2,2.2,2.4,1.9,2,1.4,1.7,1.6,1.6,1.4,1.1,1.3,
楠梓,2024/12/19 00:00:00,AMB_TEMP,16.2,15.8,15.6,15.6,15.3,15,14.9,15.1,15.8,17,18.4,19.6,20,20.2,20.1,19.3,18.8,18.1,17.4,16.9,16.5,16,15.8,15.4,
楠梓,2024/12/19 00:00:00,CH4,2.15,2.12,2.14,2.17,2.22,2.22,2.18,2.2,2.19,2.18,2.17,2.16,2.15,2.14,2.13,2.13,2.12,2.12,2.11,2.12,2.14,2.13,2.13,2.13,
楠梓,2024/12/19 00:00:00,CO,0.35,0.36,0.34,0.37,0.35,0.32,0.33,0.43,0.38,0.36,0.34,0.32,0.34,0.35,0.32,0.29,0.31,0.33,0.32,0.29,0.31,0.3,0.27,0.25,
楠梓,2024/12/19 00:00:00,NMHC,0.11,0.11,0.09,0.11,0.11,0.08,0.07,0.11,0.1,0.09,0.08,0.09,0.08,0.08,0.07,0.06,0.1,0.12,0.13,0.11,0.12,0.11,0.09,0.09,
楠梓,2024/12/19 00:00:00,NO,0.9,1.3,0.9,1,1,0.9,1.2,2.8,4.8,7,7.5,6.2,4.8,3.5,2.8,2.1,1.9,1.6,1.5,1.3,1.3,1.4,1.3,1.2,
楠梓,2024/12/19 00:00:00,NO2,14.4,14.3,13,13.7,15.5,14.9,15.9,22.2,23.6,22.7,19.6,17.8,17.3,17,18.6,18.1,20.1,23.2,25,22.6,22.7,23.7,19,17.9,
楠梓,2024/12/19 00:00:00,NOx,15.3,15.6,13.9,14.8,16.5,15.8,17.2,25,28.5,29.7,27.2,24,22.1,20.5,21.5,20.2,22.1,24.8,26.5,24,24,25.2,20.3,19.1,
楠梓,2024/12/19 00:00:00,O3,37.6,36.2,33.5,30,27,28.6,26.1,18.5,18,19.9,26.8,33.8,39.5,41.9,39.7,37.5,30.7,23.9,18.5,18.1,14.7,13.8,17.7,15.3,
楠梓,2024/12/19 00:00:00,PM10,77,66,56,60,61,54,48,51,61,70,63,65,75,63,69,77,63,54,50,43,65,39,30,28,
楠梓,2024/12/19 00:00:00,PM2.5,25,26,27,27,30,27,21,20,22,31,22,24,27,27,28,25,21,22,18,13,32,18,14,12,
楠梓,2024/12/19 00:00:00,RAINFALL,0,0,0,0,0,0,0,0,0,0,0,0,0,0,0,0,0,0,0,0,0,0,0,0,
楠梓,2024/12/19 00:00:00,RH,56,59,64,63,61,60,62,62,62,57,53,50,48,49,50,51,53,54,56,59,63,65,66,68,
楠梓,2024/12/19 00:00:00,SO2,2.2,2.4,2,2.3,2.5,2.4,2.1,2,2.1,3.2,3.2,2.9,2.4,2.4,2.1,2.1,2,2.2,2.1,2,2,1.8,1.7,1.7,
楠梓,2024/12/19 00:00:00,THC,2.26,2.23,2.23,2.28,2.33,2.3,2.25,2.31,2.29,2.27,2.25,2.25,2.23,2.22,2.2,2.19,2.22,2.24,2.24,2.23,2.26,2.24,2.22,2.22,
楠梓,2024/12/19 00:00:00,WD_HR,5,53,29,347,7,26,33,20,25,344,23,354,6,345,356,358,356,4,355,357,4,28,36,23,
楠梓,2024/12/19 00:00:00,WIND_DIREC,33,60,340,2,30,57,19,47,3,345,27,340,33,325,2,35,20,4,342,16,11,42,53,15,
楠梓,2024/12/19 00:00:00,WIND_SPEED,2.2,2.3,0.7,1.5,1.7,1.8,1.3,1.7,1.3,2,2.2,1.8,2.4,1.3,2,1.4,1.3,1.9,1.8,1.7,1.7,2.5,1.9,1.1,
楠梓,2024/12/19 00:00:00,WS_HR,1.3,2.3,1,0.9,1,1.3,1.6,1.3,1.2,1.2,1.5,1.5,1.4,1.2,1.3,1.3,1,1.1,1.2,1.1,1.3,1.7,1.8,1.2,
楠梓,2024/12/20 00:00:00,AMB_TEMP,15.2,15.1,14.7,14.5,14.3,13.9,13.8,14,15.3,17.6,19.7,21.5,22.8,23.3,23.4,22.8,22.2,21,19.9,19.1,18.5,18.3,18,17.8,
楠梓,2024/12/20 00:00:00,CH4,2.15,2.16,2.17,2.21,2.2,2.16,2.16,2.21,2.24,2.22,2.2,2.16,2.12,2.11,#,2.15,2.16,2.19,2.2,2.22,2.25,2.26,2.28,2.24,
楠梓,2024/12/20 00:00:00,CO,0.26,0.29,0.28,0.31,0.28,0.29,0.32,0.46,0.4,0.37,0.35,0.33,0.32,#,0.25,0.24,0.32,0.43,0.38,0.31,0.31,0.34,0.35,0.33,
楠梓,2024/12/20 00:00:00,NMHC,0.11,0.12,0.1,0.13,0.11,0.11,0.12,0.19,0.19,0.17,0.13,0.1,0.09,0.1,#,0,0.18,0.16,0.01,0,0,0,0,0,
楠梓,2024/12/20 00:00:00,NO,1.2,1.1,1,0.9,0.9,2.2,3.9,14.6,15.5,13.3,9.7,4.9,#,#,1,0.9,#,0.7,0.4,0.4,0.6,0.4,0.5,0.6,
楠梓,2024/12/20 00:00:00,NO2,17.5,20.3,18.3,20.6,20,20.8,21.6,21.9,20.9,21.4,21.1,17.4,#,#,11.5,11.3,#,25,24,20.7,17.8,19.3,20.1,17.9,
楠梓,2024/12/20 00:00:00,NOx,18.8,21.5,19.4,21.6,20.9,23.1,25.6,36.6,36.5,34.7,30.8,22.4,#,#,12.5,12.2,#,25.7,24.4,21.2,18.5,19.7,20.7,18.5,
楠梓,2024/12/20 00:00:00,O3,13.4,9.9,8.6,6.6,8,3.9,3,3.5,8.4,14.7,27.4,41.2,#,57.7,59.5,52.9,48.7,37.8,33.8,32.2,27.9,21.4,17.1,16.6,
楠梓,2024/12/20 00:00:00,PM10,28,33,29,29,29,33,30,47,57,68,74,57,75,#,53,47,77,69,64,61,49,54,59,48,
楠梓,2024/12/20 00:00:00,PM2.5,17,17,14,13,13,14,15,18,24,24,26,28,#,20,18,12,18,22,18,15,19,19,25,16,
楠梓,2024/12/20 00:00:00,RAINFALL,0,0,0,0,0,0,0,0,0,0,0,0,#,0,0,0,0,0,0,0,0,0,0,0,
楠梓,2024/12/20 00:00:00,RH,70,71,76,76,77,80,81,81,76,67,60,54,49,49,50,53,58,63,67,70,74,75,77,80,
楠梓,2024/12/20 00:00:00,SO2,1.9,1.6,1.5,1.6,1.8,1.7,1.4,2.2,1.7,1.8,1.7,1.7,1.7,#,1.8,2,2.2,2.4,2.4,2.3,2.3,2.5,2.7,2.7,
楠梓,2024/12/20 00:00:00,THC,2.26,2.28,2.27,2.34,2.31,2.27,2.28,2.4,2.43,2.39,2.33,2.26,2.21,2.21,#,2.1,2.34,2.35,2.21,2.2,2.23,2.24,2.26,2.2,
楠梓,2024/12/20 00:00:00,WD_HR,345,6,39,28,19,42,26,347,5,25,351,358,323,307,283,281,295,315,352,22,12,352,30,4,
楠梓,2024/12/20 00:00:00,WIND_DIREC,334,26,29,39,26,20,325,25,327,36,338,17,314,292,302,306,302,330,335,342,24,327,56,316,
楠梓,2024/12/20 00:00:00,WIND_SPEED,1.8,2,1.1,1.6,2.1,1.9,0.9,1.6,1.2,1.4,1.4,1.5,2.1,1.8,1.6,1.4,1.5,1.7,1.9,1.1,0.7,0.7,1.9,1.4,
楠梓,2024/12/20 00:00:00,WS_HR,1.1,1.3,1.7,1.2,1.4,1.8,1,0.9,0.8,1.1,1,1,1,1.6,1.5,1.6,1.5,1.5,1.3,1.2,0.7,0.6,1,0.8,
楠梓,2024/12/21 00:00:00,AMB_TEMP,17.4,17.2,17.1,16.9,16.9,16.8,16.6,16.9,18,19.7,21.4,22.9,24,24.7,24.4,23.8,22.4,20.8,19.8,18.9,18,17.4,17,16.6,
楠梓,2024/12/21 00:00:00,CH4,2.27,2.32,2.2,2.25,2.23,2.25,2.28,2.34,2.26,2.2,2.15,2.11,2.1,2.1,2.09,2.1,2.1,2.11,2.12,2.13,2.13,2.13,2.13,2.12,
楠梓,2024/12/21 00:00:00,CO,0.35,0.34,0.32,0.34,0.33,0.34,0.37,0.4,0.37,0.34,0.3,0.28,0.27,0.27,0.27,0.32,0.29,0.28,0.31,0.34,0.31,0.3,0.31,0.32,
楠梓,2024/12/21 00:00:00,NMHC,0,0,0.1,0.15,0.13,0.15,0.18,0.19,0.16,0.11,0.1,0.07,0.06,0.04,0.04,0.05,0.06,0.06,0.08,0.08,0.09,0.08,0.09,0.08,
楠梓,2024/12/21 00:00:00,NO,0.6,1,0.9,1.1,1.1,1.5,3.7,7.5,7.4,6.7,4.8,3.5,2.6,1.9,1.8,1.9,1.5,1.2,1,1,1,1,1,1,
楠梓,2024/12/21 00:00:00,NO2,19.8,21.5,18.7,20.6,20.6,20.9,23,21.4,18.3,16.2,14.9,12.8,11.9,11.5,12.2,14.8,16.9,16.2,16.2,17.1,16.3,15.4,14.8,13.8,
楠梓,2024/12/21 00:00:00,NOx,20.4,22.6,19.7,21.8,21.8,22.5,26.8,29,25.8,22.9,19.7,16.3,14.5,13.5,14,16.7,18.5,17.4,17.3,18.1,17.4,16.4,15.9,14.8,
楠梓,2024/12/21 00:00:00,O3,12.7,9.1,9,5.8,5.5,2,1.1,4.7,11.7,19,27.3,38.3,47.4,54.8,52.5,44.5,36.9,33.7,30.7,25.6,25.8,26.3,25.3,26.8,
楠梓,2024/12/21 00:00:00,PM10,52,45,42,45,38,41,42,39,39,40,36,37,33,41,45,56,72,78,107,90,64,56,56,44,
楠梓,2024/12/21 00:00:00,PM2.5,23,20,18,23,24,24,23,27,27,21,20,21,19,21,18,23,21,19,32,26,25,22,21,23,
楠梓,2024/12/21 00:00:00,RAINFALL,0,0,0,0,0,0,0,0,0,0,0,0,0,0,0,0,0,0,0,0,0,0,0,0,
楠梓,2024/12/21 00:00:00,RH,81,82,83,83,84,85,84,83,79,70,63,57,54,54,55,57,64,69,70,70,69,69,70,70,
楠梓,2024/12/21 00:00:00,SO2,3.6,2.1,1.6,2.2,2.1,1.7,2,2.4,2.8,2.7,2.6,2.2,2.1,2.1,2,2.7,2.8,2.2,2.2,2.6,2.1,1.9,2,1.8,
楠梓,2024/12/21 00:00:00,THC,2.27,2.32,2.3,2.4,2.36,2.4,2.46,2.53,2.42,2.31,2.25,2.18,2.16,2.14,2.13,2.15,2.16,2.17,2.2,2.21,2.22,2.21,2.22,2.2,
楠梓,2024/12/21 00:00:00,WD_HR,348,16,24,3,33,27,352,355,6,8,347,7,351,350,346,358,357,11,335,345,344,346,353,338,
楠梓,2024/12/21 00:00:00,WIND_DIREC,337,16,336,22,26,36,333,348,342,22,325,31,1,338,317,340,340,325,336,331,340,1,346,328,
楠梓,2024/12/21 00:00:00,WIND_SPEED,1.2,1.3,1,0.9,1.1,0.9,1.5,1.4,2,2,1.7,2.7,2.1,1.6,2.6,2,2.3,2.3,2.1,2.6,1.6,2.4,2,1.7,
楠梓,2024/12/21 00:00:00,WS_HR,1.1,0.9,0.8,0.7,1,1.1,1.1,1.2,1.5,1.3,1.4,1.4,1.4,1.3,1.6,1.6,1.6,1.8,1.8,1.6,1.4,1.4,1.2,1.3,
楠梓,2024/12/22 00:00:00,AMB_TEMP,16.2,15.7,15.1,14.9,14.8,14.7,14.5,14.8,15.5,16.8,18.1,18.8,20.1,20.9,21.4,21.2,20,18.7,17.6,16.7,15.7,15.3,15.1,14.7,
楠梓,2024/12/22 00:00:00,CH4,2.14,2.16,2.19,2.18,2.19,2.19,2.19,2.19,2.17,2.16,2.16,2.16,2.14,2.14,2.14,2.14,2.16,2.17,2.19,2.2,2.2,2.18,2.17,2.18,
楠梓,2024/12/22 00:00:00,CO,0.35,0.38,0.37,0.36,0.35,0.35,0.35,0.36,0.34,0.34,0.35,0.36,0.35,0.35,0.35,0.37,0.41,0.43,0.43,0.43,0.42,0.4,0.4,0.4,
楠梓,2024/12/22 00:00:00,NMHC,0.09,0.08,0.09,0.07,0.07,0.07,0.08,0.06,0.07,0.07,0.05,0.05,0.06,0.04,0.04,0.05,0.06,0.07,0.1,0.09,0.08,0.08,0.07,0.08,
楠梓,2024/12/22 00:00:00,NO,0.6,0.5,0.5,0.6,0.6,0.8,0.7,1,1.5,2.2,2,1.7,1.7,1.4,1.2,1,0.8,1,0.6,0.5,0.7,0.8,0.7,0.6,
楠梓,2024/12/22 00:00:00,NO2,13,11.7,10.4,9.8,9.9,10.2,10.4,11.1,10.5,10.1,9.8,9.7,9.3,9.4,9.6,10.1,12.1,13.5,14.6,15.7,15.9,15.6,14.5,13.6,
楠梓,2024/12/22 00:00:00,NOx,13.6,12.3,11,10.5,10.6,11,11.2,12.1,12.1,12.3,11.8,11.4,11.1,10.8,10.8,11.1,13,14.5,15.3,16.2,16.7,16.4,15.2,14.2,
楠梓,2024/12/22 00:00:00,O3,28.6,32.8,35.1,34.1,31.8,30.2,28.8,27.1,30.1,32.5,36.7,40.6,46.6,50.5,54.8,56.1,50.2,44.5,40.1,33.1,27.7,24.8,22.2,20.3,
楠梓,2024/12/22 00:00:00,PM10,51,58,53,47,44,40,36,49,45,54,55,59,56,84,63,75,105,102,83,80,69,59,48,53,
楠梓,2024/12/22 00:00:00,PM2.5,26,34,31,28,26,26,24,24,23,23,24,28,30,27,30,29,38,41,38,35,30,35,29,29,
楠梓,2024/12/22 00:00:00,RAINFALL,0,0,0,0,0,0,0,0,0,0,0,0,0,0,0,0,0,0,0,0,0,0,0,0,
楠梓,2024/12/22 00:00:00,RH,71,70,70,71,71,72,72,70,67,62,59,58,55,53,51,51,54,57,58,61,64,66,68,69,
楠梓,2024/12/22 00:00:00,SO2,1.8,1.6,1.6,1.8,1.6,1.6,1.6,1.8,2,2,2,2.1,2.1,2.1,2.1,2.1,2.1,2.1,1.8,1.9,1.9,1.8,1.8,1.9,
楠梓,2024/12/22 00:00:00,THC,2.23,2.24,2.28,2.25,2.26,2.26,2.27,2.25,2.24,2.23,2.21,2.21,2.2,2.18,2.18,2.19,2.22,2.24,2.29,2.29,2.28,2.26,2.24,2.26,
楠梓,2024/12/22 00:00:00,WD_HR,351,343,19,27,19,9,17,2,13,8,344,348,16,355,348,339,359,5,23,349,2,30,15,354,
楠梓,2024/12/22 00:00:00,WIND_DIREC,340,333,26,27,22,21,355,39,39,17,350,19,16,356,318,1,6,21,21,335,23,45,343,21,
楠梓,2024/12/22 00:00:00,WIND_SPEED,1.8,2.4,2.7,2.4,2,2,1.2,2.5,2.7,1.9,1.8,2.5,2.4,1.6,1.8,1.4,1.6,1.9,1.4,1.8,1.2,1.8,1.5,1.7,
楠梓,2024/12/22 00:00:00,WS_HR,1.1,1.6,1.7,2.2,1.2,1.1,1.2,1.2,1.5,1.4,1.3,1.8,1.7,1.4,1.1,1,0.9,1.3,1.2,1.2,0.9,1.1,1,0.9,
楠梓,2024/12/23 00:00:00,AMB_TEMP,14.5,14.5,14.5,14.3,14.4,14.7,14.8,14.9,14.5,14.8,15.2,15.9,16.4,15.9,15.8,16,16.1,16.2,16.1,16,16.1,16,15.9,15.9,
楠梓,2024/12/23 00:00:00,CH4,2.18,2.19,2.2,2.21,2.2,2.2,2.23,2.24,2.26,2.23,2.24,2.26,2.23,2.14,2.16,2.17,2.16,2.17,2.16,2.2,2.18,2.16,2.15,2.13,
楠梓,2024/12/23 00:00:00,CO,0.37,0.36,0.34,0.34,0.34,0.35,0.37,0.52,0.48,0.43,0.44,0.44,0.39,0.32,0.4,0.37,0.35,0.45,0.4,0.39,0.39,0.36,0.27,0.23,
楠梓,2024/12/23 00:00:00,NMHC,0.08,0.08,0.06,0.06,0.06,0.06,0.07,0.1,0.11,0.11,0.11,0.13,0.14,0.09,0.14,0.13,0.12,0.17,0.18,0.2,0.19,0.15,0.09,0.06,
楠梓,2024/12/23 00:00:00,NO,0.6,0.3,0.1,0.1,0.1,0.3,0.4,3,9.3,11.7,14.9,19.3,15.3,5.9,5.7,6.5,3.6,2.1,1.7,1.6,1.1,0.8,0.3,0,
楠梓,2024/12/23 00:00:00,NO2,13.7,14.6,14.2,13.3,13,13.2,17.1,19.8,22.8,20.5,22,26.4,27,24.2,28.9,31.7,30,32.6,32.3,30.6,30.2,27.2,18.9,13.4,
楠梓,2024/12/23 00:00:00,NOx,14.4,15,14.3,13.4,13.2,13.5,17.6,22.8,32.2,32.2,36.9,45.8,42.4,30.2,34.6,38.2,33.6,34.7,34,32.3,31.4,28.1,19.3,13.4,
楠梓,2024/12/23 00:00:00,O3,19.5,17.6,16.9,15.8,15.4,12.1,9,5.2,3.4,5.7,4.4,4.4,7.6,14.8,11.3,8.7,10.2,5.7,7.2,4.8,4.8,6.7,12.8,17.7,
楠梓,2024/12/23 00:00:00,PM10,53,34,42,42,44,43,44,47,47,42,43,47,42,32,39,37,34,38,34,34,26,27,21,11,
楠梓,2024/12/23 00:00:00,PM2.5,25,25,21,22,23,27,25,27,27,26,23,27,22,21,23,23,18,20,23,26,19,19,12,12,
楠梓,2024/12/23 00:00:00,RAINFALL,0,0,0,0,0,0,0,0,1.5,0,0.5,0,0,1,0.5,0,0,1.5,2,2,1.5,1,1,0.5,
楠梓,2024/12/23 00:00:00,RH,70,71,72,73,74,75,75,78,85,86,87,85,82,88,94,91,88,89,90,93,94,94,94,94,
楠梓,2024/12/23 00:00:00,SO2,2.2,1.8,1.6,1.5,1.5,1.4,1.6,1.8,2.1,1.8,1.7,2.2,2.3,1.6,1.1,0.8,0.9,1.2,1.4,1,1,1.1,0.9,1,
楠梓,2024/12/23 00:00:00,THC,2.26,2.27,2.26,2.27,2.26,2.26,2.3,2.34,2.37,2.34,2.35,2.39,2.37,2.23,2.3,2.3,2.28,2.34,2.34,2.4,2.37,2.31,2.24,2.19,
楠梓,2024/12/23 00:00:00,WD_HR,21,16,23,344,33,19,339,329,342,34,25,335,13,349,6,358,343,317,338,9,353,337,343,20,
楠梓,2024/12/23 00:00:00,WIND_DIREC,21,32,14,348,39,333,18,342,342,31,27,15,338,41,37,334,325,309,25,357,11,344,24,3,
楠梓,2024/12/23 00:00:00,WIND_SPEED,0.7,1.6,1.1,1.2,1.9,1.1,1.1,1.3,0.7,2.1,1.5,0.9,1.5,0.7,1.6,1.9,1.2,1.1,2,1.4,0.9,2.3,2.7,1.4,
楠梓,2024/12/23 00:00:00,WS_HR,1.1,0.8,1.1,1.1,1.4,1.1,1.1,1,0.5,1.7,1.1,1.1,1.2,0.7,0.8,0.9,1.3,1.4,1.5,1.1,0.9,1.9,1.7,1.2,
楠梓,2024/12/24 00:00:00,AMB_TEMP,15.8,15.9,15.8,15.8,15.8,15.8,15.9,16,16.5,16.9,17.6,17.8,18,18.1,#,18.9,19.2,19.1,19,18.8,18.7,18.5,18.3,18,
楠梓,2024/12/24 00:00:00,CH4,2.09,2.1,2.16,2.17,2.18,2.16,2.16,2.15,2.17,2.17,2.17,2.19,2.2,2.19,#,A,2.11,2.12,2.14,2.18,2.18,2.25,2.2,2.28,
楠梓,2024/12/24 00:00:00,CO,0.23,0.24,0.3,0.29,0.29,0.28,0.3,0.42,0.33,0.31,0.31,0.32,0.33,0.45,#,A,0.35,0.53,0.53,0.54,0.46,0.45,0.38,0.4,
楠梓,2024/12/24 00:00:00,NMHC,0.04,0.04,0.04,0.07,0.07,0.08,0.08,0.12,0.11,0.13,0.13,0.14,0.18,0.18,#,A,0.15,0.19,0.2,0.28,0.24,0.27,0.17,0.21,
楠梓,2024/12/24 00:00:00,NO,0,0.6,0.6,0.8,0.9,1.1,2.9,11.2,11.2,12.2,15.1,17.1,18.1,14,#,#,7.7,7.5,7.1,10.1,6.7,11,5.5,4.5,
楠梓,2024/12/24 00:00:00,NO2,11.8,11,11.9,13.3,14.3,15.1,16.7,17.4,16,16.7,15.4,17,19.1,20.9,#,A,30.1,30.8,30.4,26.4,23.9,23.8,19.9,20.7,
楠梓,2024/12/24 00:00:00,NOx,11.8,11.7,12.5,14.1,15.3,16.2,19.7,28.6,27.2,28.9,30.5,34.2,37.3,35,#,A,37.8,38.3,37.5,36.6,30.7,34.8,25.4,25.2,
楠梓,2024/12/24 00:00:00,O3,19.8,19.2,14.8,9.5,6.2,4.9,3.4,2.3,4.2,4.1,4.1,3.8,4.3,5.3,#,A,7.4,3,2.6,0.7,1,0.2,1,0.7,
楠梓,2024/12/24 00:00:00,PM10,13,15,14,9,11,9,13,10,8,17,16,24,22,15,#,#,22,13,21,20,24,37,23,40,
楠梓,2024/12/24 00:00:00,PM2.5,10,16,10,7,7,6,6,10,7,8,13,17,18,9,#,#,12,10,9,16,13,17,17,27,
楠梓,2024/12/24 00:00:00,RAINFALL,0,0,2.5,2,2,0,1,0,0,0,0,1,0.5,0,0,0,0.5,0,0,0,0,0,0,0,
楠梓,2024/12/24 00:00:00,RH,95,95,96,96,97,97,97,97,96,95,94,94,95,95,#,91,89,90,90,93,94,95,96,96,
楠梓,2024/12/24 00:00:00,SO2,0.7,0.7,0.8,1,0.9,1.1,1,1,1.1,1.2,1.3,1.5,1.2,1.1,#,A,2.7,2.6,2.8,2.8,2.6,2.9,2.7,2.8,
楠梓,2024/12/24 00:00:00,THC,2.13,2.14,2.2,2.24,2.25,2.24,2.24,2.27,2.28,2.3,2.3,2.33,2.38,2.37,#,A,2.26,2.31,2.34,2.46,2.42,2.52,2.37,2.49,
楠梓,2024/12/24 00:00:00,WD_HR,23,354,349,28,329,350,30,45,1,16,340,1,322,315,#,7,343,8,8,35,344,62,352,330,
楠梓,2024/12/24 00:00:00,WIND_DIREC,29,335,332,26,330,16,27,31,325,328,359,1,320,317,#,44,329,35,24,40,318,351,22,15,
楠梓,2024/12/24 00:00:00,WIND_SPEED,1.9,1.3,2.1,1.1,1.6,1.4,1.1,1.5,0.6,1.1,0.8,0.4,1.1,1,#,1,0.2,0.5,1,1,0.9,0.5,1.1,1.3,
楠梓,2024/12/24 00:00:00,WS_HR,1.5,1.1,1.2,1.1,1.1,1,1.3,1.4,0.9,0.9,0.9,0.5,0.8,0.9,#,0.6,0.3,0.4,0.6,0.7,0.6,0.7,0.6,1.1,
楠梓,2024/12/25 00:00:00,AMB_TEMP,18,17.9,17.9,17.9,17.9,18,18,18,18.7,20.1,20.9,21.9,22.9,24.3,24.7,24.2,23.4,22.6,21.8,20.8,20,19.5,19.1,18.7,
楠梓,2024/12/25 00:00:00,CH4,2.27,2.2,2.22,2.27,2.25,2.32,2.23,2.29,2.36,2.28,2.28,2.26,2.18,2.13,2.11,2.11,2.12,2.13,2.16,2.16,2.17,2.19,2.18,2.14,
楠梓,2024/12/25 00:00:00,CO,0.34,0.27,0.27,0.33,0.28,0.29,0.31,0.58,0.46,0.38,0.37,0.39,0.33,0.3,0.28,0.33,0.36,0.42,0.41,0.36,0.34,0.36,0.38,0.31,
楠梓,2024/12/25 00:00:00,NMHC,0.14,0.1,0.08,0.14,0.11,0.11,0.09,0.16,0.17,0.14,0.13,0.16,0.11,0.09,0.06,0.18,0.15,0.15,0.17,0.13,0.11,0.12,0.11,0.08,
楠梓,2024/12/25 00:00:00,NO,3.4,1.2,1,1.6,3.4,2,6.1,18.5,18.1,12.1,9.8,8.6,5.6,3.2,2.1,2,1.6,0.9,0.8,1,0.9,1,0.8,0.7,
楠梓,2024/12/25 00:00:00,NO2,21.5,14.4,12.6,14.4,12.9,13.6,14.2,14,15.4,16.3,17.6,18.4,16.3,14.3,13.6,17.1,20.4,23.7,25.9,21.6,18.7,19,19.5,15,
楠梓,2024/12/25 00:00:00,NOx,24.9,15.6,13.6,16.1,16.4,15.6,20.3,32.5,33.5,28.4,27.5,27,22,17.6,15.8,19.2,22,24.7,26.7,22.7,19.6,20.1,20.3,15.8,
楠梓,2024/12/25 00:00:00,O3,1.7,3.6,3.4,1.1,1.6,2,0.5,0.9,3.1,7.9,10.8,18.7,32.9,42.5,47.1,37.4,34.9,27,18.9,17.2,16,12.2,9.7,10.6,
楠梓,2024/12/25 00:00:00,PM10,35,32,36,34,30,37,33,49,54,43,42,46,43,43,45,58,59,58,59,53,61,59,63,51,
楠梓,2024/12/25 00:00:00,PM2.5,28,25,21,29,20,29,23,28,35,24,27,31,30,26,23,30,34,34,33,32,32,31,35,32,
楠梓,2024/12/25 00:00:00,RAINFALL,0,0,0,0,0,0,0,0,0,0,0,0,0,0,0,0,0,0,0,0,0,0,0,0,
楠梓,2024/12/25 00:00:00,RH,95,94,95,96,96,95,95,95,92,85,82,79,73,67,66,73,75,79,82,85,86,88,90,92,
楠梓,2024/12/25 00:00:00,SO2,3.1,0.7,0.7,0.9,0.7,0.7,0.6,0.8,#,1.4,2.1,2.2,2.2,2.1,2,1.8,1.8,2,1.7,1.5,1.4,1.5,1.3,1.3,
楠梓,2024/12/25 00:00:00,THC,2.41,2.3,2.3,2.41,2.36,2.43,2.32,2.45,2.53,2.42,2.41,2.42,2.29,2.22,2.17,2.29,2.27,2.28,2.33,2.29,2.28,2.31,2.29,2.22,
楠梓,2024/12/25 00:00:00,WD_HR,48,50,334,33,339,8,26,346,5,12,340,5,18,298,293,286,331,333,350,340,348,19,29,37,
楠梓,2024/12/25 00:00:00,WIND_DIREC,62,352,331,60,316,33,34,347,0,324,320,8,29,310,266,290,336,330,331,342,341,24,40,35,
楠梓,2024/12/25 00:00:00,WIND_SPEED,1.6,0.2,0.2,0.9,0.8,1.3,0.8,1,0.8,0.7,1.6,1.4,1.9,1.5,1.5,1.3,1.6,1.5,1.8,1.4,0.9,1,1.8,2.4,
楠梓,2024/12/25 00:00:00,WS_HR,1.4,0.7,0.3,0.5,0.8,1.3,0.7,0.3,0.6,0.9,0.9,1,1.2,0.7,0.8,1.4,1.4,1.3,1,1.2,0.8,0.6,1.4,2,
楠梓,2024/12/26 00:00:00,AMB_TEMP,18.6,18.9,19.1,19.1,19.1,19,18.8,18.8,18.8,19.9,21.2,22.7,24.3,25.1,25.6,25.6,24.9,23.8,23,22.2,21.8,21.2,20.1,19.5,
楠梓,2024/12/26 00:00:00,CH4,2.14,2.14,2.13,2.14,2.12,2.11,2.11,2.14,2.13,2.14,2.13,#,#,#,2.1,2.08,2.09,2.11,2.13,2.16,2.16,2.2,2.25,2.26,
楠梓,2024/12/26 00:00:00,CO,0.27,0.25,0.23,0.22,0.22,0.23,0.24,0.38,0.29,0.29,0.27,#,#,#,0.3,#,0.33,0.38,0.38,0.39,0.39,0.43,0.4,0.41,
楠梓,2024/12/26 00:00:00,NMHC,0.08,0.09,0.05,0.05,0.05,0.03,0.04,0.09,0.08,0.08,0.08,#,#,#,0.04,0.05,0.09,0.12,0.11,0.11,0.12,0.15,0.13,0.1,
楠梓,2024/12/26 00:00:00,NO,0.7,0.4,0.3,0.3,0.3,0.4,1.3,2.9,4.5,7.9,8.2,#,#,#,#,#,0.9,0.6,0.6,0.3,0.4,0.4,0.4,0.5,
楠梓,2024/12/26 00:00:00,NO2,12.1,13,10.6,9.9,9.4,8.6,8.8,12.1,11.3,12.6,12.4,#,#,#,#,#,15.1,20.5,19.8,18.8,19.6,22.1,20.4,16.8,
楠梓,2024/12/26 00:00:00,NOx,12.9,13.4,11,10.2,9.7,9,10.1,15.1,15.8,20.6,20.6,#,#,#,#,#,16.1,21.1,20.4,19.1,20.1,22.6,20.9,17.3,
楠梓,2024/12/26 00:00:00,O3,11.5,11.8,15.2,14.7,14.6,12.5,9.5,6.1,8.3,9.8,15.5,#,#,#,44,50.2,#,#,#,#,24.4,17.4,18.1,18.6,
楠梓,2024/12/26 00:00:00,PM10,46,53,49,43,48,30,24,35,30,39,41,48,41,37,#,#,50,64,70,83,71,72,81,79,
楠梓,2024/12/26 00:00:00,PM2.5,26,32,30,29,27,18,19,18,21,26,29,29,22,25,#,#,25,30,29,34,28,29,40,40,
楠梓,2024/12/26 00:00:00,RAINFALL,0,0,0,0,0,0,0,0,0,0,0,0,0,0,0,0,0,0,0,0,0,0,0,0,
楠梓,2024/12/26 00:00:00,RH,94,93,92,91,91,92,93,93,92,88,82,76,69,65,63,64,66,70,73,74,75,79,81,82,
楠梓,2024/12/26 00:00:00,SO2,1,0.6,0.6,0.5,0.5,0.5,0.5,0.6,0.7,0.8,0.8,#,#,#,#,#,#,2,2.2,2.9,2.4,2.5,2.6,2.6,
楠梓,2024/12/26 00:00:00,THC,2.22,2.23,2.18,2.19,2.17,2.14,2.15,2.23,2.21,2.22,2.21,#,#,#,2.14,2.13,2.18,2.23,2.24,2.27,2.28,2.35,2.38,2.36,
楠梓,2024/12/26 00:00:00,WD_HR,8,2,20,354,37,39,31,349,350,0,358,0,355,0,341,#,#,3,343,336,3,329,329,331,
楠梓,2024/12/26 00:00:00,WIND_DIREC,13,29,30,23,37,28,33,334,340,26,34,339,350,9,306,#,343,30,333,341,1,323,343,326,
楠梓,2024/12/26 00:00:00,WIND_SPEED,1.1,1.7,1.5,1.4,2.1,2.5,1.4,1.8,2,2,2.6,2.5,2.3,2,1.7,#,1.5,2.2,2,1.2,1,1,1.5,1.8,
楠梓,2024/12/26 00:00:00,WS_HR,1,0.9,1.6,1.1,1.7,2.2,1.7,1,1.2,1.2,1.6,1.6,1.6,1.5,1.2,#,#,1.4,1.4,1.6,0.8,0.9,1.2,1.4,
楠梓,2024/12/27 00:00:00,AMB_TEMP,19,18.6,18.1,18,17.8,17.8,17.9,18,18.1,18.4,18.8,19.5,19.4,18.4,18.7,19.2,19.4,19.4,19.5,19.3,19,18.7,18.3,17.8,
楠梓,2024/12/27 00:00:00,CH4,2.24,2.21,2.2,2.22,2.21,2.2,2.21,2.21,2.18,#,#,2.17,2.19,#,2.21,2.19,2.22,2.21,2.22,2.21,2.2,2.23,2.25,2.17,
楠梓,2024/12/27 00:00:00,CO,0.46,0.48,0.49,0.49,0.45,0.42,0.42,0.49,#,#,0.41,0.41,0.44,0.45,0.48,0.48,0.52,0.6,0.6,0.56,0.55,0.52,0.43,0.35,
楠梓,2024/12/27 00:00:00,NMHC,0.1,0.14,0.1,0.12,0.11,0.11,0.11,0.13,0.1,#,#,0.12,0.12,#,0.17,0.15,0.15,0.19,0.18,0.13,0.11,0.13,0.12,0.09,
楠梓,2024/12/27 00:00:00,NO,0.3,0.4,0.6,0.6,0.6,0.5,0.8,2.2,#,#,6.4,7.2,5.6,#,#,#,5.8,4.8,3.7,1.2,0.6,0.5,0.7,0.6,
楠梓,2024/12/27 00:00:00,NO2,16.9,18.8,17.2,15.9,15.2,15.1,17.2,20.1,#,#,23,21.8,22.2,#,#,#,29.9,31.5,31.5,25.3,22.1,20.1,19.8,17.1,
楠梓,2024/12/27 00:00:00,NOx,17.3,19.2,17.9,16.6,15.9,15.7,18.1,22.3,#,#,29.4,29,27.8,#,#,#,35.7,36.3,35.2,26.5,22.7,20.6,20.5,17.8,
楠梓,2024/12/27 00:00:00,O3,17.1,14.5,16.4,17.2,17.6,16.1,12.4,10.3,11.7,10.3,13.1,14.1,14,8.3,6.2,9,6.2,3.5,6.3,19.1,18.2,17.6,16.6,17.8,
楠梓,2024/12/27 00:00:00,PM10,76,71,67,63,58,58,57,52,51,55,60,51,59,47,51,56,64,63,68,72,79,78,77,58,
楠梓,2024/12/27 00:00:00,PM2.5,43,40,40,40,34,35,29,27,27,27,33,27,34,30,39,35,36,36,36,39,39,39,36,22,
楠梓,2024/12/27 00:00:00,RAINFALL,0,0,0,0,0,0,0,0,0,0,0,0,0,0,0,0,0,0,0,0,0,0,0,0,
楠梓,2024/12/27 00:00:00,RH,81,82,81,81,80,81,81,81,81,82,80,79,81,89,89,85,84,85,83,81,82,83,83,82,
楠梓,2024/12/27 00:00:00,SO2,2.5,1.8,1.7,2,2.3,2,1.8,1.9,#,#,1.6,1.8,1.5,#,#,1,1.2,1.2,1.1,1.2,1.2,1.1,1.4,1,
楠梓,2024/12/27 00:00:00,THC,2.34,2.35,2.3,2.34,2.32,2.31,2.32,2.34,2.28,#,#,2.29,2.31,#,2.38,2.34,2.37,2.4,2.4,2.34,2.31,2.36,2.37,2.26,
楠梓,2024/12/27 00:00:00,WD_HR,348,28,330,9,347,10,12,346,351,28,6,24,18,40,7,31,24,22,35,26,32,338,346,3,
楠梓,2024/12/27 00:00:00,WIND_DIREC,17,342,333,336,358,36,29,332,29,20,20,21,48,62,37,357,31,24,44,20,20,335,359,359,
楠梓,2024/12/27 00:00:00,WIND_SPEED,1.2,1.2,1.8,1,0.8,2.1,1.5,1.2,1.5,1.4,1,1.3,1.4,0.7,1.3,0.9,1.7,0.7,1.8,1.4,1.6,2,2.1,1.9,
楠梓,2024/12/27 00:00:00,WS_HR,1,1.5,1.5,1,0.9,1.2,0.9,0.8,1.1,1.6,1,1.1,0.8,0.9,0.9,1.1,0.8,0.7,1.3,1.4,1.4,1.4,1.6,1.5,
楠梓,2024/12/28 00:00:00,AMB_TEMP,17.4,17.1,16.9,16.8,16.7,16.1,15.6,15.1,15.4,16.4,17.7,19,19.8,20.5,21,21,20.6,18.9,17.2,16.1,15.5,14.7,14.2,13.8,
楠梓,2024/12/28 00:00:00,CH4,2.17,2.14,2.13,2.11,2.09,2.08,2.09,2.09,2.1,2.09,2.09,2.1,2.1,2.09,2.08,2.08,2.08,2.14,2.18,2.2,2.2,2.21,2.23,2.22,
楠梓,2024/12/28 00:00:00,CO,0.31,0.29,0.27,0.25,0.21,0.2,0.22,0.24,0.25,0.25,0.26,0.29,0.28,0.27,0.27,0.27,0.3,0.4,0.45,0.47,0.48,0.48,0.49,0.47,
楠梓,2024/12/28 00:00:00,NMHC,0.07,0.08,0.04,0.04,0.02,0.01,0.02,0.03,0.04,0.04,0.04,0.04,0.04,0.03,0.03,0.03,0.04,0.09,0.08,0.09,0.09,0.1,0.11,0.11,
楠梓,2024/12/28 00:00:00,NO,0.5,0.6,0.6,0.7,0.5,0.7,0.8,1.1,2.3,2.7,3.3,3.7,3.2,2.1,1.8,1.6,1.1,0.8,0.7,0.9,0.9,0.9,0.9,0.9,
楠梓,2024/12/28 00:00:00,NO2,15.2,13.3,11.1,10.2,9,7.9,8.6,10.1,11.3,10.4,10.1,11,10.9,9.5,9.3,9,10.3,16.3,18.2,17.6,16.9,16.1,16.8,15.4,
楠梓,2024/12/28 00:00:00,NOx,15.7,13.9,11.8,11,9.6,8.7,9.5,11.2,13.7,13.2,13.5,14.7,14.1,11.7,11.1,10.6,11.4,17.2,18.9,18.5,17.8,17,17.7,16.4,
楠梓,2024/12/28 00:00:00,O3,18.3,19.6,22.6,23.6,26.2,27.9,27.7,28,26.6,28.3,30.6,32.6,36.8,42.6,44.1,47.4,49.6,52,44,39.3,35.3,33.1,29.1,31.2,
楠梓,2024/12/28 00:00:00,PM10,48,38,36,26,31,24,20,19,33,29,35,40,39,28,30,30,31,105,138,124,94,75,72,67,
楠梓,2024/12/28 00:00:00,PM2.5,25,18,17,17,15,12,9,12,12,15,12,19,18,16,18,15,17,33,40,43,41,42,39,42,
楠梓,2024/12/28 00:00:00,RAINFALL,0,0,0,0,0,0,0,0,0,0,0,0,0,0,0,0,0,0,0,0,0,0,0,0,
楠梓,2024/12/28 00:00:00,RH,82,82,81,81,80,82,81,80,79,74,69,66,64,63,61,62,61,58,60,61,62,64,67,65,
楠梓,2024/12/28 00:00:00,SO2,0.7,1.5,1.4,1.5,1.3,1.1,1.1,1.2,1.2,1.2,1.3,1.3,1.5,1.6,1.4,1.2,1.3,1.9,2.1,1.8,1.8,1.8,1.3,1.4,
楠梓,2024/12/28 00:00:00,THC,2.24,2.22,2.17,2.15,2.11,2.09,2.11,2.12,2.14,2.13,2.13,2.14,2.14,2.12,2.11,2.11,2.12,2.23,2.26,2.29,2.29,2.31,2.34,2.33,
楠梓,2024/12/28 00:00:00,WD_HR,349,5,19,21,27,353,2,19,25,357,357,3,355,4,346,36,28,3,15,358,350,21,340,341,
楠梓,2024/12/28 00:00:00,WIND_DIREC,334,12,352,21,26,342,350,27,27,324,334,8,30,30,329,50,342,11,27,328,3,26,332,8,
楠梓,2024/12/28 00:00:00,WIND_SPEED,2.3,1.6,2.3,2.1,2.4,2.3,2.1,2.5,2.5,2.8,1.8,2.6,2.3,2.2,1.9,2.3,1.7,2.2,2.4,2,1.8,1.6,1.8,1.6,
楠梓,2024/12/28 00:00:00,WS_HR,1.5,1.2,2,1.8,2.5,1.8,1.9,2,2.1,1.8,1.5,1.6,1.4,1.5,1.3,1.8,1.4,1.3,1.8,1.4,1.3,1.1,1.1,1.8,
楠梓,2024/12/29 00:00:00,AMB_TEMP,13.4,13.2,12.9,12.7,12.4,12.1,11.8,12.2,13.5,16.4,19,20.9,21.9,22.4,21.8,20.7,20,19.4,19.4,19.3,19,18.4,17.7,17.1,
楠梓,2024/12/29 00:00:00,CH4,2.24,2.23,2.25,2.23,2.24,2.24,2.21,2.22,2.25,2.27,2.26,2.21,2.15,2.16,2.12,2.1,2.08,2.09,2.09,2.13,2.14,2.17,2.19,2.16,
楠梓,2024/12/29 00:00:00,CO,0.46,0.43,0.41,0.41,0.4,0.35,0.35,0.42,0.44,0.47,0.52,0.55,0.41,0.4,0.33,0.3,0.29,0.33,0.38,0.39,0.39,0.33,0.31,0.31,
楠梓,2024/12/29 00:00:00,NMHC,0.1,0.09,0.09,0.09,0.1,0.08,0.07,0.09,0.11,0.15,0.29,0.15,0.08,0.09,0.04,0.12,0.08,0.07,0.09,0.6,0.1,0.07,0.06,0.03,
楠梓,2024/12/29 00:00:00,NO,0.9,0.7,0.6,0.6,0.7,0.7,0.8,1.6,4,5.9,3.7,2.3,1.3,1.5,1.2,0.9,0.6,0.7,0.6,0.6,0.6,0.8,0.7,0.6,
楠梓,2024/12/29 00:00:00,NO2,14.6,13.6,12.6,12.8,12.3,12.8,12.9,13.4,14.6,17.5,17.1,14.8,11.3,12.4,11.3,9,9.9,11,14.4,15.9,17.8,18.7,17.4,14.6,
楠梓,2024/12/29 00:00:00,NOx,15.5,14.4,13.3,13.4,13.1,13.6,13.7,15,18.6,23.5,20.9,17.1,12.6,13.9,12.5,9.9,10.5,11.7,15.1,16.6,18.5,19.6,18.1,15.3,
楠梓,2024/12/29 00:00:00,O3,30.6,30.6,29.7,27.2,25.3,23.2,19.3,16.5,17.1,23.6,43.2,55.8,60,64.3,63.8,63.2,57.3,52.3,46,36.2,35.5,33.1,31.4,28.7,
楠梓,2024/12/29 00:00:00,PM10,67,65,60,56,57,46,46,53,57,65,73,68,71,60,49,47,40,42,48,45,52,47,44,47,
楠梓,2024/12/29 00:00:00,PM2.5,41,41,36,42,33,28,27,30,33,36,42,36,31,35,23,18,13,17,15,21,20,14,22,20,
楠梓,2024/12/29 00:00:00,RAINFALL,0,0,0,0,0,0,0,0,0,0,0,0,0,0,0,0,0,0,0,0,0,0,0,0,
楠梓,2024/12/29 00:00:00,RH,67,68,69,72,73,73,77,79,76,69,62,56,53,53,56,59,60,61,62,63,65,68,73,79,
楠梓,2024/12/29 00:00:00,SO2,1.2,1.9,2,2.2,1.9,1.8,1.8,1.8,1.8,1.9,2.9,2.8,2.2,2.1,1.8,1.8,1.4,1.2,1.2,1.3,1.5,1.5,1.3,1.3,
楠梓,2024/12/29 00:00:00,THC,2.34,2.32,2.34,2.32,2.34,2.32,2.28,2.31,2.36,2.42,2.55,2.36,2.23,2.25,2.16,2.22,2.16,2.16,2.18,2.73,2.24,2.24,2.25,2.19,
楠梓,2024/12/29 00:00:00,WD_HR,1,342,23,29,335,26,53,27,26,36,302,290,326,280,270,281,274,269,269,323,24,14,29,51,
楠梓,2024/12/29 00:00:00,WIND_DIREC,347,11,13,26,333,56,50,29,36,17,307,296,283,263,273,284,274,261,267,29,27,349,42,50,
楠梓,2024/12/29 00:00:00,WIND_SPEED,1.6,1.2,1.6,1.1,1.7,2.1,2,0.8,1.4,0.5,0.6,1.4,1.5,2.1,2.3,1.9,1.2,0.3,0.4,1,1.7,0.8,2,1.3,
楠梓,2024/12/29 00:00:00,WS_HR,1.1,1,1,1.2,1.2,1.2,2,0.6,0.8,0.6,0.5,0.7,0.9,1.5,1.9,2.2,1.4,0.6,0.3,0.4,1,0.7,1.4,1.6,
楠梓,2024/12/30 00:00:00,AMB_TEMP,16.8,16.5,16.4,16.5,16.7,17,16.8,17.2,18.7,21.3,23.6,24.5,25.3,25.7,25.4,25.1,24.8,23.8,22.1,20.6,19.6,18.9,18.4,17.9,
楠梓,2024/12/30 00:00:00,CH4,2.17,2.2,2.21,2.15,2.17,2.17,2.21,2.2,2.17,2.13,2.06,2.04,2.06,2.07,2.1,2.06,2.06,2.11,2.17,2.2,2.21,2.25,2.23,2.24,
楠梓,2024/12/30 00:00:00,CO,0.29,0.25,0.25,0.24,0.25,0.27,0.31,0.43,0.39,0.32,0.22,0.2,0.21,0.24,0.26,0.21,0.22,0.33,0.43,0.4,0.37,0.39,0.4,0.43,
楠梓,2024/12/30 00:00:00,NMHC,0.04,0.04,0.01,0,0,0.01,0.03,0.08,0.07,0.06,0,0,0,0.01,0.01,0,0.01,0.07,0.13,0.12,0.09,0.11,0.09,0.1,
楠梓,2024/12/30 00:00:00,NO,0.7,0.2,0.3,0.5,0.3,0.4,0.8,2.9,5.7,5.6,2.5,1.5,1.3,1.5,1.6,1.4,0.9,0.7,0.6,0.4,0.4,0.5,0.6,0.8,
楠梓,2024/12/30 00:00:00,NO2,12.6,12.9,11.3,11,9,11.6,17.1,20.4,20.6,16.6,9.8,8.3,8,9.8,11.1,9.2,9.5,16,25.1,24.8,21,21.5,21.2,20.8,
楠梓,2024/12/30 00:00:00,NOx,13.3,13.2,11.7,11.5,9.4,12,18,23.3,26.4,22.3,12.4,9.8,9.4,11.3,12.7,10.6,10.4,16.7,25.7,25.3,21.5,22,21.9,21.6,
楠梓,2024/12/30 00:00:00,O3,27.5,25.1,23.3,23,23.5,21.7,14.8,14.6,19.3,26.8,40.7,43.6,45.7,47,50.4,49.4,45.9,41.4,34.3,30.5,29.9,23.9,19.1,14.9,
楠梓,2024/12/30 00:00:00,PM10,43,42,41,40,41,43,43,43,43,42,28,19,24,30,39,31,25,48,76,76,79,80,81,82,
楠梓,2024/12/30 00:00:00,PM2.5,12,17,13,18,20,21,23,22,21,21,8,8,5,7,18,9,6,16,34,37,36,36,43,41,
楠梓,2024/12/30 00:00:00,RAINFALL,0,0,0,0,0,0,0,0,0,0,0,0,0,0,0,0,0,0,0,0,0,0,0,0,
楠梓,2024/12/30 00:00:00,RH,82,84,85,83,81,79,81,76,69,59,47,44,42,41,44,43,43,49,65,73,77,81,83,84,
楠梓,2024/12/30 00:00:00,SO2,1.3,1.3,1.5,1.6,1.4,1.1,1.3,1.2,1.3,1.4,1.1,0.8,0.9,1.3,1.3,1.3,1.2,1.8,2.2,1.5,1.5,1.5,1.4,1.4,
楠梓,2024/12/30 00:00:00,THC,2.21,2.24,2.22,2.15,2.17,2.18,2.24,2.28,2.24,2.19,2.05,2.03,2.06,2.08,2.11,2.06,2.07,2.18,2.3,2.32,2.3,2.36,2.32,2.34,
楠梓,2024/12/30 00:00:00,WD_HR,20,27,49,49,45,43,22,14,52,52,33,24,10,4,348,345,347,341,338,12,349,27,28,24,
楠梓,2024/12/30 00:00:00,WIND_DIREC,33,26,54,53,43,26,346,348,58,41,40,345,355,5,341,359,351,328,339,331,24,22,44,16,
楠梓,2024/12/30 00:00:00,WIND_SPEED,1.5,1.8,2.7,2.7,2.2,1.4,1.5,1,2.5,3.2,4.5,2.3,2.8,2.5,3.6,2.7,1.6,1.9,1.5,0.7,1.1,1.3,1,1.6,
楠梓,2024/12/30 00:00:00,WS_HR,1,1.6,2.4,2.5,2.1,1.3,1.3,1.1,1.9,2.3,3.1,2.5,2,1.7,2.1,2,1.5,1.3,1.8,0.9,0.8,0.9,1.1,1.3,
楠梓,2024/12/31 00:00:00,AMB_TEMP,17.9,17.8,17.4,17.3,17.2,17.1,17,17.4,18.5,19.9,20.4,21.9,23,22.7,22.9,22.8,22.5,22.1,21.5,20.4,19.7,19.4,19,18.7,
楠梓,2024/12/31 00:00:00,CH4,2.21,2.21,2.28,2.32,2.29,2.27,2.28,2.27,2.22,2.18,2.18,2.15,2.15,2.12,2.12,2.13,2.14,2.16,2.2,2.23,2.25,2.26,2.27,2.26,
楠梓,2024/12/31 00:00:00,CO,0.43,0.42,0.45,0.45,0.4,0.39,0.4,0.49,0.37,0.34,0.37,0.36,0.35,0.32,0.34,0.38,0.43,0.5,0.54,0.54,0.51,0.53,0.55,0.54,
楠梓,2024/12/31 00:00:00,NMHC,0.11,0.1,0.14,0.18,0.14,0.13,0.13,0.15,0.12,0.11,0.1,0.09,0.07,0.06,0.08,0.09,0.11,0.11,0.16,0.16,0.12,0.14,0.13,0.12,
楠梓,2024/12/31 00:00:00,NO,0.7,0.5,0.7,0.8,0.8,1.4,2.6,6.9,6.9,6.2,5.8,5.1,3.4,1.9,2.1,1.6,1.1,0.8,0.5,0.5,0.4,0.4,0.5,0.5,
楠梓,2024/12/31 00:00:00,NO2,20.3,17.8,20.6,25.7,24.8,22.8,22.7,22.3,20.4,17.8,17.9,17.7,16.2,14.7,18.4,21,24.2,25.4,27,25,20.9,20.8,20.5,19.6,
楠梓,2024/12/31 00:00:00,NOx,21,18.4,21.3,26.6,25.6,24.3,25.3,29.2,27.4,24.1,23.7,22.9,19.7,16.7,20.6,22.6,25.4,26.2,27.6,25.5,21.3,21.3,21,20.2,
楠梓,2024/12/31 00:00:00,O3,13.6,12.9,7.8,4,4.3,4,3.3,5.5,13.6,18.8,21.7,33.6,40.4,41.8,40.8,43.6,45.2,41.2,39.8,41.7,42.7,38.7,35.3,30.6,
楠梓,2024/12/31 00:00:00,PM10,77,69,71,60,45,43,43,41,40,47,45,49,47,40,42,52,64,61,86,103,103,108,105,96,
楠梓,2024/12/31 00:00:00,PM2.5,42,40,43,38,34,28,21,19,21,19,20,19,18,18,21,23,28,31,39,47,46,41,46,45,
楠梓,2024/12/31 00:00:00,RAINFALL,0,0,0,0,0,0,0,0,0,0,0,0,0,0,0,0,0,0,0,0,0,0,0,0,
楠梓,2024/12/31 00:00:00,RH,84,84,84,82,82,82,82,77,64,59,56,48,46,47,49,52,55,59,64,66,65,65,66,68,
楠梓,2024/12/31 00:00:00,SO2,1.3,1.9,2.2,2.7,2.2,2,1.6,1.6,2.1,#,1.8,2.3,2.2,1.7,1.7,1.7,2.1,1.8,2,2.3,2.3,2.4,2.3,2.3,
楠梓,2024/12/31 00:00:00,THC,2.32,2.31,2.42,2.5,2.43,2.4,2.41,2.42,2.34,2.29,2.28,2.24,2.22,2.18,2.2,2.22,2.25,2.27,2.36,2.39,2.37,2.4,2.4,2.38,
楠梓,2024/12/31 00:00:00,WD_HR,47,11,334,15,22,41,8,23,26,357,343,26,30,25,44,42,39,0,3,341,355,3,20,31,
楠梓,2024/12/31 00:00:00,WIND_DIREC,54,10,337,19,28,22,21,25,39,324,7,46,28,19,42,42,23,23,29,345,321,2,55,25,
楠梓,2024/12/31 00:00:00,WIND_SPEED,1.9,1,1,1.1,0.6,1.9,1.6,1.9,1.8,2.4,1.8,3.8,3,1.7,2.3,2.5,1.4,0.9,1.4,1.6,1.2,1.3,1.8,0.9,
楠梓,2024/12/31 00:00:00,WS_HR,1.7,0.9,1,1.2,1.1,1.6,1.3,1.3,2,1.4,1.5,2.3,2.1,1.7,1.9,2.1,1.7,0.6,0.8,1.2,0.8,1,1.2,0.9,


