測站,日期,測項,00,01,02,03,04,05,06,07,08,09,10,11,12,13,14,15,16,17,18,19,20,21,22,23,
花蓮,2024/01/01 00:00:00,AMB_TEMP,19.5,19.2,18.9,18.9,18.9,19,19.1,19.1,19,19.3,19.4,19.6,19.6,19.2,19.3,19.1,18.9,18,18,18.1,18.3,18.1,17.4,17.3,
花蓮,2024/01/01 00:00:00,CH4,2.07,2.08,2.06,2.05,2.05,2.05,2.06,2.06,2.06,2.05,2.04,2.05,2.05,2.04,#,2.04,2.03,2.04,2.04,2.03,2.04,2.04,2.03,2.03,
花蓮,2024/01/01 00:00:00,CO,0.37,0.37,0.35,0.34,0.35,0.35,0.37,0.41,0.41,0.41,0.41,0.43,0.42,0.4,#,0.41,0.42,0.5,0.49,0.45,0.46,0.45,0.39,0.37,
花蓮,2024/01/01 00:00:00,NMHC,0.03,0.03,0.02,0.02,0.03,0.03,0.03,0.04,0.04,0.04,0.05,0.05,0.04,0.04,#,0.04,0.05,0.08,0.08,0.06,0.07,0.09,0.05,0.04,
花蓮,2024/01/01 00:00:00,NO,1.3,0.5,0.2,0.3,0.3,0.2,0.4,0.4,1,0.9,0.7,0.7,0.8,0.6,#,0.7,0.5,0.8,1,0.9,0.5,0.6,0.6,0.4,
花蓮,2024/01/01 00:00:00,NO2,3.1,2.9,2.7,2.4,2.3,2.4,2.6,3.3,5.3,4.9,4.2,4.9,4.8,4.5,#,5.5,6.2,8.8,9.1,7.9,8.4,9.1,6.1,4,
花蓮,2024/01/01 00:00:00,NOx,4.5,3.5,3,2.7,2.7,2.7,3.1,3.7,6.3,5.8,4.9,5.7,5.7,5.1,#,6.2,6.8,9.7,10.1,8.8,9,9.8,6.7,4.5,
花蓮,2024/01/01 00:00:00,O3,60.8,60,59.4,56.5,53.6,50.6,49.2,46.2,44.6,46.3,47.4,46.1,45.6,45.7,#,42,43,33.1,30,33,32.5,27.4,25.4,24.6,
花蓮,2024/01/01 00:00:00,PM10,38,35,42,48,49,49,51,44,42,41,42,37,29,39,#,31,36,28,27,22,25,28,22,19,
花蓮,2024/01/01 00:00:00,PM2.5,21,25,29,29,29,26,30,28,24,18,21,21,22,18,#,19,22,25,22,19,19,19,17,17,
花蓮,2024/01/01 00:00:00,RAINFALL,0,0,0,0,0,0,0,0,0,0,0,0,0,0,#,0,0,0,0,0,0,0,0,0,
花蓮,2024/01/01 00:00:00,RH,71,70,69,66,65,64,63,65,66,64,64,62,64,65,#,68,68,76,76,73,70,73,80,80,
花蓮,2024/01/01 00:00:00,SO2,0.9,0.7,0.7,0.8,0.7,0.7,0.7,0.8,0.7,0.7,0.8,0.7,0.7,0.7,#,0.8,0.8,0.8,0.9,0.9,0.8,0.8,0.8,0.8,
花蓮,2024/01/01 00:00:00,THC,2.1,2.11,2.08,2.07,2.08,2.08,2.09,2.1,2.1,2.09,2.09,2.1,2.09,2.08,#,2.08,2.08,2.12,2.12,2.09,2.11,2.13,2.08,2.07,
花蓮,2024/01/01 00:00:00,WD_HR,54,57,61,58,52,58,57,55,56,54,54,60,68,66,#,24,25,289,281,286,296,242,217,227,
花蓮,2024/01/01 00:00:00,WIND_DIREC,52,50,62,46,47,65,63,62,58,54,56,74,70,67,#,312,306,283,279,304,292,218,217,224,
花蓮,2024/01/01 00:00:00,WIND_SPEED,2.7,3.1,2.7,2.6,3,3.1,2.6,2.5,3.1,3.4,2.2,3.4,2.5,2.8,#,1.9,1.9,1.8,1.6,1.4,0.9,1.2,1.6,1.2,
花蓮,2024/01/01 00:00:00,WS_HR,2.2,2.2,2.4,2.1,2.2,2.2,2.2,2.1,2.5,2.7,2.5,2.1,2.4,2.3,#,1.1,1,1.5,1.5,1.6,1,1,1.2,1.5,
花蓮,2024/01/02 00:00:00,AMB_TEMP,17.2,17.2,17.1,16.7,16.3,15.8,15.6,16.1,18.3,20.4,22,22.6,22.8,22.8,22.3,22.1,21.9,21.6,21.2,20.9,20.4,19.2,18.6,18.3,
花蓮,2024/01/02 00:00:00,CH4,2.02,2.02,2.04,2.04,2.05,2.03,2,1.99,1.99,2,#,1.99,1.98,1.98,1.98,1.98,1.99,2,2.02,2.01,2.03,2,2,2,
花蓮,2024/01/02 00:00:00,CO,0.35,0.33,0.32,0.32,0.33,0.33,0.32,0.37,0.32,0.3,0.3,0.28,#,0.27,0.28,0.28,0.35,0.49,0.63,0.49,0.58,0.36,0.32,0.27,
花蓮,2024/01/02 00:00:00,NMHC,0.03,0.03,0.01,0.02,0.03,0.04,0.04,0.06,0.04,0.03,#,0.01,0.01,0,0.01,0.01,0.02,0.12,0.17,0.13,0.19,0.06,0.06,0.03,
花蓮,2024/01/02 00:00:00,NO,0.6,0.6,0.6,0.5,0.6,0.7,0.7,1.6,2.4,1.7,1.4,1.2,#,0.9,0.9,0.8,0.9,0.9,1.8,1.2,1,0.7,1.2,0.7,
花蓮,2024/01/02 00:00:00,NO2,3.1,2,2,2,2.8,3.1,3.6,5.3,4.7,3.2,3.8,3.6,#,2,2.4,2.9,3.8,11.1,17.2,11.8,17.2,6.1,5.2,3.2,
花蓮,2024/01/02 00:00:00,NOx,3.7,2.6,2.6,2.6,3.4,3.8,4.4,7,7.2,5,5.3,4.8,#,3,3.4,3.8,4.8,12,19,13.1,18.2,6.9,6.4,3.9,
花蓮,2024/01/02 00:00:00,O3,23.6,23.8,22.8,20.3,19.3,16.1,14.6,12,15.7,25.1,37.4,#,50.4,54.5,54.7,54.1,51.3,37.1,24.4,30.8,18.9,26.2,25.4,26.8,
花蓮,2024/01/02 00:00:00,PM10,20,17,15,19,16,16,7,10,16,11,#,23,25,21,19,27,23,35,38,36,35,21,23,19,
花蓮,2024/01/02 00:00:00,PM2.5,14,11,13,16,16,14,9,4,6,13,13,#,13,13,21,16,18,17,28,15,24,12,13,16,
花蓮,2024/01/02 00:00:00,RAINFALL,0,0,0,0,0,0,0,0,0,0,0,#,0,0,0,0,0,0,0,0,0,0,0,0,
花蓮,2024/01/02 00:00:00,RH,81,80,81,83,85,84,81,79,70,62,56,53,54,57,59,59,60,64,67,68,73,78,80,79,
花蓮,2024/01/02 00:00:00,SO2,0.8,0.6,0.5,0.6,0.5,0.6,0.6,0.7,0.6,0.5,1.2,0.8,#,0.5,0.7,0.6,0.7,0.9,0.8,0.8,0.8,0.7,0.7,0.8,
花蓮,2024/01/02 00:00:00,THC,2.05,2.05,2.05,2.06,2.08,2.07,2.04,2.05,2.03,2.03,#,2,1.99,1.98,1.99,1.99,2.01,2.12,2.19,2.14,2.22,2.06,2.06,2.03,
花蓮,2024/01/02 00:00:00,WD_HR,226,229,225,234,231,229,224,221,216,218,111,97,101,100,100,150,165,264,284,281,229,223,219,222,
花蓮,2024/01/02 00:00:00,WIND_DIREC,220,233,228,249,235,219,217,216,220,248,86,104,91,93,113,141,161,288,284,297,205,236,220,225,
花蓮,2024/01/02 00:00:00,WIND_SPEED,1.7,1.8,1.8,1.3,1.4,1.6,1.5,2.1,2,0.8,1.7,2,2.3,2.1,1,0.8,0.5,1.4,1.2,0.8,1.6,1.2,2,2,
花蓮,2024/01/02 00:00:00,WS_HR,1.6,1.7,1.6,1.5,1.1,1.7,1.6,1.8,1.8,1.5,0.9,1.4,2,2.3,1.2,0.6,0.4,0.7,1.1,1,0.9,1.5,1.5,2,
花蓮,2024/01/03 00:00:00,AMB_TEMP,18,17.8,17.6,17.3,17.1,16.9,17.1,17.9,18.9,20.4,22.6,22.6,21.5,20.2,19.4,18.9,18.5,18.1,17.8,17.7,17.5,17.4,17.3,17,
花蓮,2024/01/03 00:00:00,CH4,2,2,1.99,1.99,1.99,1.99,2,1.98,1.98,1.98,1.99,2,2,2,2.01,2.04,2.08,2.09,2.09,2.08,2.06,2.04,2.02,2.02,
花蓮,2024/01/03 00:00:00,CO,0.27,0.24,0.23,0.22,0.22,0.22,0.24,0.28,0.32,0.32,0.34,0.32,0.3,0.28,0.32,0.39,0.47,0.5,0.47,0.45,0.43,0.39,0.33,0.31,
花蓮,2024/01/03 00:00:00,NMHC,0.02,0.01,0.01,0,0.01,0.02,0.01,0.03,0.05,0.06,0.04,0.03,0.02,0.02,0.04,0.05,0.08,0.09,0.06,0.06,0.05,0.05,0.04,0.03,
花蓮,2024/01/03 00:00:00,NO,0.7,1.1,1.1,1.2,1.1,1.1,1.1,1.5,2.9,4.5,4.1,2.2,1.6,1.5,1.3,1.3,1.4,1.3,1.3,1.3,1.1,1.2,1.2,1.1,
花蓮,2024/01/03 00:00:00,NO2,3,1.6,1.2,0.9,1.2,1.5,1.8,3.2,6.3,8,8.7,6.5,4.8,4.6,4.9,5.7,7,7.4,6.5,5.9,5.2,4.6,3.2,2.7,
花蓮,2024/01/03 00:00:00,NOx,3.7,2.7,2.3,2.2,2.4,2.6,2.9,4.7,9.2,12.6,12.8,8.8,6.5,6.1,6.3,7,8.4,8.8,7.9,7.3,6.4,5.9,4.4,3.8,
花蓮,2024/01/03 00:00:00,O3,26.3,25.6,22.2,21.6,21,18.8,19.1,17.4,14.9,15.9,29.1,44.5,47.6,47.5,48.4,46.5,45.4,45.4,46.8,47.2,46.8,46.2,46.2,44.8,
花蓮,2024/01/03 00:00:00,PM10,20,16,17,13,19,16,12,17,14,19,30,27,26,20,28,22,26,27,19,22,18,17,21,27,
花蓮,2024/01/03 00:00:00,PM2.5,18,10,12,10,15,10,12,14,10,7,11,16,6,10,10,9,19,16,12,9,11,14,13,21,
花蓮,2024/01/03 00:00:00,RAINFALL,0,0,0,0,0,0,0,0,0,0,0,0,0,0,0,0,0,0,0,0,0,0,0,0,
花蓮,2024/01/03 00:00:00,RH,80,80,81,81,83,83,83,79,75,71,65,67,73,76,74,74,74,73,71,70,69,67,61,58,
花蓮,2024/01/03 00:00:00,SO2,0.9,0.6,0.4,0.5,0.4,0.3,0.4,0.3,0.5,0.6,0.6,0.6,0.5,0.4,0.4,0.5,0.5,0.6,0.6,0.6,0.6,0.5,0.4,0.6,
花蓮,2024/01/03 00:00:00,THC,2.02,2.01,2,1.99,2,2.01,2.01,2.01,2.03,2.04,2.03,2.03,2.02,2.02,2.05,2.09,2.16,2.18,2.15,2.14,2.11,2.09,2.06,2.05,
花蓮,2024/01/03 00:00:00,WD_HR,222,222,218,219,225,221,219,215,225,221,108,81,72,70,69,66,72,69,68,69,68,65,67,63,
花蓮,2024/01/03 00:00:00,WIND_DIREC,215,215,212,220,223,220,224,209,229,201,104,76,69,67,67,72,68,73,69,67,69,63,65,58,
花蓮,2024/01/03 00:00:00,WIND_SPEED,1.9,2.1,2.6,2.3,2.3,2.4,2.4,2,2.2,1.2,2.1,2.7,4.4,4.3,4.1,3.3,3.7,3.5,2.9,2.9,2.8,3,4.3,3.9,
花蓮,2024/01/03 00:00:00,WS_HR,1.4,1.8,2.2,2,1.9,2.1,2.3,2.2,1.8,1.5,0.6,2.3,3.2,3.8,3.7,3,3.1,2.9,2.9,2.9,2.5,2.3,2.9,3.2,
花蓮,2024/01/04 00:00:00,AMB_TEMP,17.1,16.9,16.9,16.6,16.5,16.1,16.1,16.4,16.6,17,18.2,19,19.6,19.6,19.1,18.8,18.6,18.4,18.1,18.1,17.7,17.6,17.5,17,
花蓮,2024/01/04 00:00:00,CH4,2.02,2.02,2.03,2.02,2.03,2.02,2.02,2.04,2.03,2.04,2.03,2.01,2.01,2.01,2.01,2.01,2.01,2.03,2.03,2.04,2.03,2.02,2.03,2.03,
花蓮,2024/01/04 00:00:00,CO,0.31,0.3,0.3,0.3,0.31,0.32,0.35,0.49,0.45,0.42,0.4,0.35,0.33,0.3,0.31,0.34,0.38,0.57,0.53,0.53,0.41,0.33,0.31,0.28,
花蓮,2024/01/04 00:00:00,NMHC,0.03,0.03,0.02,0.03,0.02,0.03,0.05,0.09,0.09,0.09,0.07,0.04,0.03,0.02,0.03,0.04,0.06,0.13,0.12,0.19,0.1,0.05,0.03,0.03,
花蓮,2024/01/04 00:00:00,NO,1,0.5,0.6,0.7,0.7,0.6,0.7,1.3,2.2,2.3,2.2,1.8,1.7,1.2,1.1,1.1,1.1,2,2.4,1.6,1.1,0.8,0.8,0.9,
花蓮,2024/01/04 00:00:00,NO2,2.5,2.6,2.7,2.8,3.3,3.7,5,10,12.7,11.2,9.8,7.5,5.9,4.3,5.3,7.3,8.6,16.1,14.3,15.1,12,6,5,3.3,
花蓮,2024/01/04 00:00:00,NOx,3.6,3.1,3.3,3.5,4,4.3,5.8,11.4,14.9,13.5,12,9.3,7.6,5.5,6.5,8.5,9.8,18.2,16.8,16.7,13.2,6.9,5.9,4.3,
花蓮,2024/01/04 00:00:00,O3,45.5,47.1,46.3,42.4,40.7,37.9,34.3,27,23.6,22.8,33.3,41.7,46,49.3,48.5,44.8,42.4,23.5,18.4,18.5,20,28.6,26.8,23.2,
花蓮,2024/01/04 00:00:00,PM10,30,32,32,26,26,25,20,28,27,34,29,27,28,37,31,29,38,33,34,41,29,30,25,17,
花蓮,2024/01/04 00:00:00,PM2.5,16,17,13,12,16,14,10,12,16,18,15,12,13,16,21,15,18,19,18,17,22,17,12,10,
花蓮,2024/01/04 00:00:00,RAINFALL,0,0,0,0,0,0,0,0,0,0,0,0,0,0,0,0,0,0,0,0,0,0,0,0,
花蓮,2024/01/04 00:00:00,RH,55,54,57,61,64,68,69,67,69,70,60,53,53,56,59,60,60,64,65,68,72,70,71,73,
花蓮,2024/01/04 00:00:00,SO2,0.6,0.7,0.7,0.6,0.7,0.6,0.8,0.7,0.7,0.9,0.9,#,0.9,1,1.1,1.1,1.1,1.1,1.1,1.1,1.1,1,1.1,1,
花蓮,2024/01/04 00:00:00,THC,2.05,2.05,2.05,2.05,2.05,2.05,2.07,2.13,2.12,2.13,2.1,2.05,2.04,2.03,2.04,2.05,2.07,2.16,2.15,2.23,2.13,2.07,2.06,2.06,
花蓮,2024/01/04 00:00:00,WD_HR,60,67,49,14,351,285,295,284,228,215,316,23,44,47,33,346,334,297,277,241,217,222,217,214,
花蓮,2024/01/04 00:00:00,WIND_DIREC,68,62,353,89,291,286,294,285,231,237,342,84,46,60,350,337,1,291,279,233,213,219,207,216,
花蓮,2024/01/04 00:00:00,WIND_SPEED,3.2,2.3,2.3,1.8,2.1,2.1,1.5,1.5,1.9,1.2,1.5,1.8,2.5,1.8,1.8,1.6,1.5,1.3,1.3,1.3,2.3,2.3,2.3,1.8,
花蓮,2024/01/04 00:00:00,WS_HR,2.5,2.3,1.9,0.6,0.6,1.2,1.2,1,1.4,1.3,0.4,0.8,1.5,1.6,1.4,1.3,1.4,1.2,1.3,1,1.5,2.2,2.2,2.1,
花蓮,2024/01/05 00:00:00,AMB_TEMP,17.2,17.2,16.8,16.4,16.2,16.2,16.3,16.6,18,19.6,21.8,23.3,23.4,22.8,22.6,22.3,22.2,21.1,20,19.7,19,18.2,17.6,17.7,
花蓮,2024/01/05 00:00:00,CH4,2.01,2,A,1.98,1.98,1.98,#,1.97,1.98,2,2,1.97,1.96,1.96,1.96,1.96,1.96,1.99,1.98,2,2.01,1.98,1.97,1.96,
花蓮,2024/01/05 00:00:00,CO,0.28,0.24,0.21,0.21,0.21,0.21,0.21,0.27,0.25,0.26,0.26,0.23,0.23,0.22,0.22,0.24,0.31,0.6,0.55,0.58,0.51,0.34,0.26,0.19,
花蓮,2024/01/05 00:00:00,NMHC,0.03,0.02,A,0.01,0.01,0,#,0.03,0.02,0.04,0.04,0.03,0.01,0,0,0.02,0.05,0.2,0.18,0.21,0.2,0.09,0.06,0.02,
花蓮,2024/01/05 00:00:00,NO,0.8,0,0.1,0,0,0,0,0.4,1.2,1.4,1.8,0.9,1.4,1.5,0.4,0.1,0.3,1.8,2.9,2.2,1.3,0.3,0.1,0,
花蓮,2024/01/05 00:00:00,NO2,3.8,1.7,1.5,1.2,1.3,1.3,1.7,3.1,3.6,3.7,4.5,4.1,5.7,6.5,3.7,3,4.5,21.7,17.8,19.6,20.4,10.2,7,3.4,
花蓮,2024/01/05 00:00:00,NOx,4.7,1.8,1.6,1.1,1.2,1.1,1.7,3.5,4.8,5.2,6.3,5.1,7.2,8,4.2,3.1,4.8,23.6,20.7,21.9,21.8,10.5,7.1,3.4,
花蓮,2024/01/05 00:00:00,O3,21.6,21.7,21.1,22.8,22.9,24,24,22.1,23,23.7,26.7,41.6,45.3,46.6,49.4,48.1,45.9,22.1,20.5,18.2,14.9,19.3,19.9,21,
花蓮,2024/01/05 00:00:00,PM10,14,10,10,11,7,10,8,10,13,14,20,20,22,21,24,17,22,31,35,26,34,19,14,17,
花蓮,2024/01/05 00:00:00,PM2.5,9,9,6,4,6,6,5,6,7,10,8,9,8,10,10,11,11,17,21,19,21,17,14,10,
花蓮,2024/01/05 00:00:00,RAINFALL,0,0,0,0,0,0,0,0,0,0,0,0,0,0,0,0,0,0,0,0,0,0,0,0,
花蓮,2024/01/05 00:00:00,RH,68,64,63,64,65,65,63,65,62,60,55,48,50,54,54,56,58,63,66,68,74,78,78,73,
花蓮,2024/01/05 00:00:00,SO2,1,0.2,0.3,0.4,0.3,0.4,0.2,0.3,0.4,0.4,0.3,1.6,0.3,0.3,0.3,0.3,0.4,0.4,0.6,1,1.5,0.8,0.5,0.4,
花蓮,2024/01/05 00:00:00,THC,2.04,2.02,A,1.99,1.99,1.98,#,2,2,2.04,2.04,2,1.97,1.96,1.96,1.98,2.01,2.19,2.16,2.21,2.21,2.07,2.03,1.98,
花蓮,2024/01/05 00:00:00,WD_HR,219,216,205,212,214,211,213,208,211,210,203,193,123,110,100,118,200,300,290,265,227,218,214,221,
花蓮,2024/01/05 00:00:00,WIND_DIREC,199,218,209,211,214,213,210,210,205,201,211,125,114,98,116,170,344,313,290,243,226,208,206,224,
花蓮,2024/01/05 00:00:00,WIND_SPEED,1.4,1.4,2,2.7,1.6,2.9,2.3,2.8,2.9,2.4,1.9,1.5,1.7,1.8,0.9,0.7,0.2,0.7,1.4,0.7,0.9,1.3,1.6,1.7,
花蓮,2024/01/05 00:00:00,WS_HR,1.1,1.8,1.3,2.2,2,2.2,2.7,2.4,3.2,2.5,1.9,1.1,1.5,1.6,1.2,0.6,0.4,0.9,1.4,0.8,0.8,1.2,1.3,1.7,
花蓮,2024/01/06 00:00:00,AMB_TEMP,17.7,17.5,17.2,16.9,17,16.7,16,16.4,18,20.3,22.6,23.3,23.4,23.4,23.2,22.5,21.7,20.5,20.5,20.6,20.8,20.5,20.2,19.9,
花蓮,2024/01/06 00:00:00,CH4,1.95,1.94,1.94,1.98,1.95,1.96,1.97,1.98,1.98,1.98,1.96,1.96,1.95,1.95,1.96,1.97,1.98,1.99,1.99,2,2.01,2.01,2.01,2.01,
花蓮,2024/01/06 00:00:00,CO,0.18,0.16,0.16,0.17,0.17,0.17,0.19,0.21,0.22,0.21,0.25,0.25,0.24,0.24,0.23,0.26,0.3,0.35,0.38,0.42,0.45,0.44,0.42,0.36,
花蓮,2024/01/06 00:00:00,NMHC,0.01,0.01,0.01,0,0,0,0.02,0.02,0.02,0.02,0.04,0.03,0,0.01,0.01,0.03,0.04,0.07,0.1,0.11,0.11,0.1,0.09,0.06,
花蓮,2024/01/06 00:00:00,NO,0.1,0.5,0.4,0.4,0.4,0.4,0.5,0.9,1.3,1.5,1.9,2.6,1.4,0.9,0.9,0.7,0.7,0.8,0.7,0.5,0.5,0.7,0.6,0.6,
花蓮,2024/01/06 00:00:00,NO2,2,1.1,1.2,1,1.1,1.1,1.9,3,3.3,3,4.3,7.5,3.8,3.4,2.9,3.7,5.6,8.1,10.7,13.2,13,12.9,11.6,10.5,
花蓮,2024/01/06 00:00:00,NOx,2.1,1.7,1.6,1.5,1.5,1.5,2.5,3.9,4.7,4.6,6.3,10.2,5.2,4.4,3.8,4.4,6.4,9,11.5,13.7,13.5,13.6,12.3,11.2,
花蓮,2024/01/06 00:00:00,O3,22.2,22.8,22.4,22.9,24.6,24.6,20.6,19.7,20.7,24.5,32.8,39.7,49.9,54.6,54.5,53.4,52.7,48.5,43.9,39,37.7,32.7,27.5,33.2,
花蓮,2024/01/06 00:00:00,PM10,9,6,7,10,12,11,13,14,12,10,16,19,18,16,29,26,28,26,29,30,33,37,31,30,
花蓮,2024/01/06 00:00:00,PM2.5,9,13,11,10,9,14,10,10,7,7,9,9,13,13,14,14,22,22,16,16,17,20,17,16,
花蓮,2024/01/06 00:00:00,RAINFALL,0,0,0,0,0,0,0,0,0,0,0,0,0,0,0,0,3,0,0,0,0,0,0,0,
花蓮,2024/01/06 00:00:00,RH,70,67,66,70,69,72,76,74,70,60,53,56,61,66,66,69,75,80,75,75,75,76,78,77,
花蓮,2024/01/06 00:00:00,SO2,0.5,0.5,0.5,0.5,0.6,0.6,0.4,0.5,0.5,0.7,0.7,1.1,0.8,1,1.2,1,1.1,1,1,0.9,1.2,1,0.7,0.9,
花蓮,2024/01/06 00:00:00,THC,1.96,1.95,1.95,1.98,1.95,1.96,1.99,2,2,2,2,1.99,1.95,1.96,1.97,2,2.02,2.06,2.09,2.11,2.12,2.11,2.1,2.07,
花蓮,2024/01/06 00:00:00,WD_HR,212,217,221,212,213,214,219,214,216,211,71,97,93,91,91,82,49,21,17,346,345,307,340,356,
花蓮,2024/01/06 00:00:00,WIND_DIREC,213,219,217,212,209,216,216,214,216,219,347,94,88,93,87,80,48,359,25,325,265,334,344,332,
花蓮,2024/01/06 00:00:00,WIND_SPEED,2.6,2.4,1.9,2.9,2.3,2.6,2.5,2.6,3.4,1.8,1,2.5,2.7,2.7,2.7,1.7,0.8,2,0.8,0.3,0.9,0.9,0.8,0.9,
花蓮,2024/01/06 00:00:00,WS_HR,2,2,1.9,2.4,2.6,2.5,2.3,2.6,2.5,1.9,0,1.9,2.5,2.6,2.4,1.7,1.1,1.1,0.8,0.4,0.2,0.6,0.6,0.8,
花蓮,2024/01/07 00:00:00,AMB_TEMP,19.8,19.7,20,20,20,19.8,19.6,20,19.8,19.9,19.8,19.7,19.8,19.6,19.4,19.4,19.3,18.9,18.7,18.6,18.5,17.9,17.6,17.5,
花蓮,2024/01/07 00:00:00,CH4,2.02,2.01,2,2.01,2,2,2,2.02,2.03,2.04,2.05,2.05,2.05,2.05,2.05,2.05,2.05,2.05,2.06,2.04,2.04,2.04,2.03,2.03,
花蓮,2024/01/07 00:00:00,CO,0.36,0.3,0.28,0.29,0.28,0.28,0.31,0.34,0.34,0.36,0.38,0.37,0.36,0.35,0.35,0.35,0.37,0.45,0.53,0.39,0.38,0.37,0.35,0.32,
花蓮,2024/01/07 00:00:00,NMHC,0.05,0.04,0.02,0.01,0.02,0.03,0.05,0.04,0.03,0.04,0.05,0.05,0.04,0.03,0.04,0.04,0.05,0.1,0.12,0.07,0.06,0.04,0.04,0.03,
花蓮,2024/01/07 00:00:00,NO,0.5,0.6,0.4,0.4,0.6,0.6,0.7,0.5,0.5,0.4,0.6,0.7,0.4,0.6,0.7,0.5,0.5,0.6,0.9,0.6,0.6,0.5,0.5,0.4,
花蓮,2024/01/07 00:00:00,NO2,11.7,8.3,6.1,4.4,4.3,5.9,7.8,4.8,4,4.3,4.9,5,5.1,4.6,4.7,4.7,5.6,8.2,12.6,8.1,6.8,7,6.9,5.1,
花蓮,2024/01/07 00:00:00,NOx,12.3,9,6.6,4.9,5,6.6,8.6,5.4,4.5,4.8,5.5,5.7,5.5,5.3,5.5,5.3,6.1,8.9,13.6,8.7,7.5,7.5,7.4,5.6,
花蓮,2024/01/07 00:00:00,O3,30.8,30.3,44,48.5,46,35.1,31.9,54.3,52.5,52.8,53.2,54.9,57.5,59.2,60.5,60.2,57.9,42.6,33.4,39.6,43.9,43.4,45.7,45.3,
花蓮,2024/01/07 00:00:00,PM10,26,21,23,23,17,25,21,26,25,33,46,43,43,45,43,40,39,38,48,32,40,35,26,25,
花蓮,2024/01/07 00:00:00,PM2.5,21,14,16,16,18,14,12,19,19,22,22,23,23,22,23,22,26,21,34,22,20,21,21,16,
花蓮,2024/01/07 00:00:00,RAINFALL,0,0,0,0,0,0,0,0,0,0,0,0,0,0,0,0,0,0,0,0,0,0,0,0,
花蓮,2024/01/07 00:00:00,RH,76,74,69,68,66,67,69,65,64,64,63,63,61,60,61,60,61,66,68,67,68,75,77,77,
花蓮,2024/01/07 00:00:00,SO2,1.1,1,1.1,1,0.9,0.9,1,1,0.9,0.9,0.9,1,1,1.1,1.2,1.1,0.9,1.1,1,0.9,0.9,0.9,1,1,
花蓮,2024/01/07 00:00:00,THC,2.07,2.05,2.02,2.02,2.02,2.03,2.05,2.06,2.06,2.08,2.1,2.1,2.09,2.08,2.09,2.09,2.1,2.15,2.18,2.11,2.1,2.08,2.07,2.06,
花蓮,2024/01/07 00:00:00,WD_HR,310,340,39,43,35,286,327,55,59,58,58,57,57,64,57,56,47,296,280,280,273,297,313,296,
花蓮,2024/01/07 00:00:00,WIND_DIREC,281,37,33,40,48,263,49,54,60,62,54,56,65,68,63,58,30,285,293,292,259,289,323,291,
花蓮,2024/01/07 00:00:00,WIND_SPEED,1.2,1.2,1.6,1.6,1.1,0.8,1.7,3,3,2.5,3.1,2.7,3.1,3,2.3,2.7,1.9,1,1.5,1.8,1.8,1.4,1.6,1.7,
花蓮,2024/01/07 00:00:00,WS_HR,0.3,0.6,1.3,1.3,1,0.7,0.4,2.2,2.4,2.5,2.3,2.3,2.7,3,2.3,2.1,1.2,0.9,1,1.2,0.6,1.2,1.3,1.6,
花蓮,2024/01/08 00:00:00,AMB_TEMP,17.9,18,17.3,16.7,17,17,16.6,16.5,17.7,19.2,20.1,21.2,21.4,21.6,21.4,21.5,21.3,20.9,20.6,20,19.3,18.8,18.1,17.6,
花蓮,2024/01/08 00:00:00,CH4,2.03,2.03,2.02,1.99,2.01,2.02,2.03,2.05,2.03,2.05,2.02,2,2,1.99,1.99,1.99,1.99,2,2.01,2.02,2.01,2.02,2.04,2,
花蓮,2024/01/08 00:00:00,CO,0.3,0.29,0.26,0.22,0.25,0.26,0.3,0.4,0.38,0.31,0.32,0.28,0.25,0.23,0.24,0.27,0.3,0.41,0.49,0.48,0.43,0.45,0.38,0.27,
花蓮,2024/01/08 00:00:00,NMHC,0.03,0.02,0.02,0.01,0.02,0.04,0.05,0.08,0.07,0.04,0.05,0.03,0.02,0.02,0.01,0.02,0.03,0.08,0.12,0.13,0.12,0.14,0.11,0.04,
花蓮,2024/01/08 00:00:00,NO,0.4,0.6,0.6,0.5,0.5,0.5,0.8,1.7,2.8,2.6,2.3,2,1.2,0.9,0.9,1,0.7,0.7,0.9,1.4,1.5,1.3,1.1,0.8,
花蓮,2024/01/08 00:00:00,NO2,4,6.9,4.1,3.7,6.4,6,6.1,9.2,10.1,8.5,8.7,8.4,4.8,3.4,3.8,5.4,6.3,9.7,15.9,17.8,12.7,13.2,13.2,6.5,
花蓮,2024/01/08 00:00:00,NOx,4.5,7.5,4.8,4.3,6.9,6.5,6.9,10.9,13,11.1,11.1,10.5,6,4.4,4.8,6.4,7.1,10.4,16.8,19.3,14.2,14.6,14.3,7.3,
花蓮,2024/01/08 00:00:00,O3,42.5,38.7,40.1,46.7,39.2,29.7,25.8,20.2,22.9,28.8,33.4,45.4,51.6,53.2,53.8,52.2,52.8,47.5,38,25.1,23.3,20.1,18.9,15.8,
花蓮,2024/01/08 00:00:00,PM10,16,14,16,8,9,9,12,12,12,16,17,21,23,18,21,22,22,27,34,28,16,17,18,11,
花蓮,2024/01/08 00:00:00,PM2.5,7,12,14,12,8,9,9,12,10,11,10,8,10,8,13,11,17,16,16,14,12,10,9,10,
花蓮,2024/01/08 00:00:00,RAINFALL,0,0,2,0,0,0,0,0,0,0,0,0,0,0,0,0,0,0,0,0,0,0,0,0,
花蓮,2024/01/08 00:00:00,RH,73,73,81,88,84,84,86,87,81,75,69,64,66,66,67,67,69,73,75,77,77,77,82,83,
花蓮,2024/01/08 00:00:00,SO2,0.8,0.5,0.4,0.6,0.6,0.5,0.6,0.6,0.6,0.6,0.6,0.7,0.6,0.6,0.7,0.7,0.7,0.8,0.9,0.9,0.7,0.7,0.6,0.6,
花蓮,2024/01/08 00:00:00,THC,2.06,2.05,2.04,2,2.03,2.06,2.08,2.13,2.1,2.09,2.07,2.03,2.02,2.01,2,2.01,2.02,2.08,2.13,2.15,2.13,2.16,2.15,2.04,
花蓮,2024/01/08 00:00:00,WD_HR,327,235,356,335,306,279,222,226,232,221,227,66,67,75,51,40,47,48,329,286,287,271,229,227,
花蓮,2024/01/08 00:00:00,WIND_DIREC,41,281,330,19,294,311,230,221,199,190,261,352,67,70,45,46,43,42,301,284,281,266,219,233,
花蓮,2024/01/08 00:00:00,WIND_SPEED,0.7,0.8,1.9,1,1.2,0.3,1.3,1.8,1.1,0.6,1.2,1.4,2,1.9,1.9,2,1.6,1.2,0.9,1.3,1,0.9,1.4,2,
花蓮,2024/01/08 00:00:00,WS_HR,0.6,0.3,0.4,1.6,1.2,0.8,1,1.4,1.1,1.5,1,0.6,1.4,1.6,1.5,1.1,1.2,1,0.6,1.1,1.1,0.9,1,1.8,
花蓮,2024/01/09 00:00:00,AMB_TEMP,17.4,17.3,17.2,17,16.8,16.9,16.8,17.2,18.7,21.4,23.7,23.9,23.4,22.9,22.6,22.5,21.9,21.7,21.7,21.6,21.5,21,20.3,19.7,
花蓮,2024/01/09 00:00:00,CH4,1.99,1.99,1.99,1.99,2,2,2,2,2,1.98,1.98,1.98,1.98,1.97,1.98,1.98,1.99,1.98,1.98,1.98,1.98,1.99,2.01,2.02,
花蓮,2024/01/09 00:00:00,CO,0.22,0.21,0.2,0.2,0.2,0.21,0.24,0.33,0.26,0.23,0.26,0.26,0.25,0.24,0.24,0.25,0.29,0.32,0.27,0.26,0.29,0.35,0.36,0.29,
花蓮,2024/01/09 00:00:00,NMHC,0.03,0.02,0.01,0.01,0,0.01,0.03,0.05,0.03,0.02,0.02,0.02,0.01,0.01,0.01,0.02,0.04,0.05,0.03,0.02,0.04,0.07,0.07,0.04,
花蓮,2024/01/09 00:00:00,NO,0.7,0.7,0.5,0.4,0.5,0.4,0.6,1.7,2.5,1.9,2.6,1.7,1.4,1.1,0.8,0.6,0.7,0.7,0.7,0.7,0.5,0.7,0.5,0.5,
花蓮,2024/01/09 00:00:00,NO2,3.4,2.6,2.1,1.8,1.7,2.1,3.3,6.2,4.8,3.5,6.2,5.3,4.9,4.7,5.4,5.6,7.3,8.6,6.1,4.4,5.4,9.1,10.2,6.3,
花蓮,2024/01/09 00:00:00,NOx,4.2,3.3,2.6,2.3,2.2,2.5,3.9,8,7.3,5.4,8.8,7.1,6.4,5.9,6.2,6.3,8,9.3,6.9,5.2,5.9,9.8,10.7,6.9,
花蓮,2024/01/09 00:00:00,O3,16.8,17.6,18.9,20.3,20.4,19.6,17.4,14.7,16.2,20.2,29.2,42.8,47.7,49.8,49.1,48.7,44,42.5,44.7,46.4,43.5,33.6,24.7,22.7,
花蓮,2024/01/09 00:00:00,PM10,8,8,5,12,9,7,7,7,8,#,12,13,13,17,20,20,23,21,17,17,18,22,19,20,
花蓮,2024/01/09 00:00:00,PM2.5,6,5,12,8,8,11,10,8,7,5,#,4,7,6,5,11,10,11,10,9,11,11,12,15,
花蓮,2024/01/09 00:00:00,RAINFALL,0,0,0,0,0,0,0,0,0,0,0,0,0,0,0,0,0,0,0,0,0,0,0,0,
花蓮,2024/01/09 00:00:00,RH,83,82,82,83,85,85,84,83,76,65,59,64,68,71,72,70,75,77,75,72,70,75,84,88,
花蓮,2024/01/09 00:00:00,SO2,0.6,0.7,0.5,0.5,0.6,0.6,0.5,0.6,0.6,0.6,0.5,0.7,0.9,1,1,0.8,0.7,0.7,0.6,0.7,0.6,0.7,0.7,0.6,
花蓮,2024/01/09 00:00:00,THC,2.02,2.01,2,2,2,2.01,2.03,2.05,2.03,2,2,2,1.99,1.98,1.99,2,2.03,2.03,2.01,2,2.02,2.06,2.08,2.06,
花蓮,2024/01/09 00:00:00,WD_HR,226,226,229,221,220,226,225,220,216,219,92,79,69,73,72,69,38,43,47,51,32,292,222,235,
花蓮,2024/01/09 00:00:00,WIND_DIREC,226,227,231,214,221,219,220,214,209,216,87,84,55,79,63,71,305,60,44,48,333,227,214,231,
花蓮,2024/01/09 00:00:00,WIND_SPEED,1.8,2.3,1.3,2.4,2.1,1.9,1.7,2.6,2.9,1.1,2.5,2.8,2.3,2.6,1.7,2.5,1.4,1.6,2.9,2.3,1.1,0.5,1.2,1.5,
花蓮,2024/01/09 00:00:00,WS_HR,1.8,2.1,1.7,2,2.1,1.6,2.1,2,2.6,2.2,1,2.2,2.1,1.9,2.1,1.9,1,1.2,2,1.9,1.2,0.4,1.1,1,
花蓮,2024/01/10 00:00:00,AMB_TEMP,19.6,19.4,19.2,19.2,19.2,19.2,19.3,19.4,20.2,20.6,20.6,20.2,20.1,19.5,18.9,18.9,18.7,17.7,18.1,18,17.4,17.1,17,16.9,
花蓮,2024/01/10 00:00:00,CH4,2,2.01,2,2,1.99,1.99,1.99,2.01,2,2.01,2.02,2.03,2.05,2.08,2.09,2.08,2.08,2.08,2.08,2.07,2.06,2.06,2.05,2.05,
花蓮,2024/01/10 00:00:00,CO,0.26,0.23,0.21,0.21,0.21,0.23,0.26,0.34,0.42,0.34,0.36,0.39,0.42,0.47,0.52,0.53,0.58,0.58,0.54,0.45,0.4,0.37,0.35,0.34,
花蓮,2024/01/10 00:00:00,NMHC,0.02,0.01,0.01,0.01,0.01,0.02,0.03,0.07,0.08,0.03,0.04,0.06,0.05,0.07,0.07,0.09,0.12,0.12,0.1,0.06,0.06,0.04,0.04,0.04,
花蓮,2024/01/10 00:00:00,NO,0.5,0.5,0.5,0.4,0.5,0.5,0.7,1,2.3,1.2,1.2,1,1,0.8,0.9,0.8,1,1,0.8,0.6,0.7,0.5,0.5,0.5,
花蓮,2024/01/10 00:00:00,NO2,4.3,3.1,2.4,2.1,2,2.5,4,6.3,11.4,7.1,7.6,7.9,8.1,8.3,8.7,9.2,11.5,12.2,10.7,7.3,5.7,4.9,4.1,3.7,
花蓮,2024/01/10 00:00:00,NOx,4.9,3.6,2.9,2.6,2.5,3.1,4.7,7.3,13.7,8.3,8.9,8.9,9.1,9.2,9.6,10.1,12.5,13.2,11.6,7.9,6.4,5.4,4.6,4.3,
花蓮,2024/01/10 00:00:00,O3,24.9,25.9,26.7,26.2,24.1,20.8,19.2,18.6,25.2,40.6,41.4,41.7,44.1,45.3,42.8,42.7,36.4,31.9,44.6,52.4,54.4,55.6,55.8,55.3,
花蓮,2024/01/10 00:00:00,PM10,16,11,13,14,13,14,15,11,19,24,25,33,32,56,56,44,42,42,52,52,49,57,43,41,
花蓮,2024/01/10 00:00:00,PM2.5,14,14,12,11,11,8,6,11,9,12,12,10,21,31,38,25,25,30,33,35,31,29,27,31,
花蓮,2024/01/10 00:00:00,RAINFALL,0,0,0,0,0,0,0,0,0,0,0,0,0,0,0,0,0,0,0,0,0,0,0,0,
花蓮,2024/01/10 00:00:00,RH,87,88,89,88,88,88,86,86,78,68,66,69,69,69,70,68,72,81,67,60,57,55,54,54,
花蓮,2024/01/10 00:00:00,SO2,0.6,0.4,0.4,0.5,0.4,0.4,0.3,0.4,0.7,0.6,0.4,0.4,0.4,0.4,0.3,0.5,0.6,0.5,0.6,0.6,0.6,0.7,0.7,0.5,
花蓮,2024/01/10 00:00:00,THC,2.02,2.02,2.01,2.01,2,2.01,2.02,2.08,2.08,2.04,2.06,2.09,2.1,2.15,2.16,2.17,2.2,2.2,2.18,2.13,2.12,2.1,2.09,2.09,
花蓮,2024/01/10 00:00:00,WD_HR,226,227,223,227,216,228,228,223,45,61,56,64,65,69,72,51,263,215,70,64,67,71,69,60,
花蓮,2024/01/10 00:00:00,WIND_DIREC,256,216,234,224,216,237,210,12,68,65,73,66,62,64,61,37,218,285,76,59,69,71,66,52,
花蓮,2024/01/10 00:00:00,WIND_SPEED,1.2,1.9,1.8,1.4,2.2,1,1.4,0.8,2.6,2.9,2.3,3,2.6,4.1,2.4,1.8,2.8,0.6,3.5,3,3,3.2,3.2,2.5,
花蓮,2024/01/10 00:00:00,WS_HR,1.3,1.2,1.8,1.4,2,1.5,0.6,0.8,1,2.7,2.2,2.5,2.3,3.3,2.5,1.6,0.8,1.5,1.4,2.6,2.6,2.7,2.6,2,
花蓮,2024/01/11 00:00:00,AMB_TEMP,16.7,16.5,16.2,15.9,15.8,15.5,15.2,15.5,16,16.5,17.2,17.8,18,18,17.6,17.3,17.4,17.1,17,16.9,16.8,16.4,16.2,15.9,
花蓮,2024/01/11 00:00:00,CH4,2.04,2.04,2.05,2.05,2.05,2.05,2.05,2.06,2.06,2.05,2.03,2.03,2.03,2.03,2.03,2.03,2.03,2.04,2.05,2.04,2.05,2.04,2.03,2.06,
花蓮,2024/01/11 00:00:00,CO,0.33,0.31,0.32,0.33,0.33,0.33,0.36,0.51,0.54,0.45,0.35,0.33,0.34,0.33,0.34,0.36,0.44,0.53,0.55,0.49,0.49,0.39,0.33,0.32,
花蓮,2024/01/11 00:00:00,NMHC,0.04,0.03,0.03,0.04,0.04,0.05,0.05,0.1,0.14,0.11,0.06,0.05,0.04,0.04,0.05,0.05,0.09,0.13,0.13,0.16,0.15,0.07,0.06,0.04,
花蓮,2024/01/11 00:00:00,NO,0.4,0.5,0.5,0.4,0.4,0.5,0.6,1.4,2.3,2.1,1.3,1.2,1.2,1,0.9,1.1,1.3,1.6,1.6,1.3,1,0.8,0.8,0.7,
花蓮,2024/01/11 00:00:00,NO2,3.3,3.2,3.1,3.4,3.3,4,4.6,11.4,17.6,15.1,8.4,6.1,6,5.7,6.7,8.4,12.7,17.4,16.8,13.9,14.7,9.7,6.4,5.7,
花蓮,2024/01/11 00:00:00,NOx,3.8,3.8,3.7,3.9,3.8,4.6,5.3,12.8,20,17.3,9.8,7.3,7.3,6.8,7.7,9.5,14.1,19,18.5,15.2,15.8,10.5,7.2,6.4,
花蓮,2024/01/11 00:00:00,O3,55.4,53.6,50.3,47.6,46,38.2,36.3,27.5,23.6,30.2,42.1,45.3,47,49.3,49.1,46.1,42.2,30.7,23.6,23.9,25.3,26.1,27.2,26.4,
花蓮,2024/01/11 00:00:00,PM10,44,44,44,42,45,41,42,41,49,46,36,32,42,37,37,37,44,42,45,40,70,36,34,31,
花蓮,2024/01/11 00:00:00,PM2.5,26,29,28,27,26,26,24,21,29,24,20,20,21,21,23,19,22,25,29,26,42,21,17,22,
花蓮,2024/01/11 00:00:00,RAINFALL,0,0,0,0,0,0,0,0,0,0,0,0,0,0,0,0,0,0,0,0,0,0,0,0,
花蓮,2024/01/11 00:00:00,RH,54,53,57,62,62,67,71,68,65,61,54,53,52,53,56,57,58,61,64,66,65,70,71,75,
花蓮,2024/01/11 00:00:00,SO2,0.7,0.9,0.9,0.8,0.9,0.8,0.8,0.9,1,1,1,1,1.1,1.1,1,1,1,1.1,1.1,1.1,1.3,1,0.9,0.8,
花蓮,2024/01/11 00:00:00,THC,2.08,2.07,2.08,2.09,2.09,2.1,2.1,2.16,2.2,2.16,2.09,2.08,2.07,2.07,2.08,2.08,2.12,2.17,2.18,2.2,2.2,2.11,2.09,2.1,
花蓮,2024/01/11 00:00:00,WD_HR,55,65,18,289,275,232,219,293,240,280,59,51,16,22,6,326,333,298,294,277,270,227,228,230,
花蓮,2024/01/11 00:00:00,WIND_DIREC,43,62,275,301,264,228,238,287,227,309,43,57,16,60,342,333,332,309,291,277,256,232,223,244,
花蓮,2024/01/11 00:00:00,WIND_SPEED,2.3,2.5,1,1.2,1,1.8,0.9,0.7,1.4,0.8,1.2,1.6,0.9,1.7,1.5,1.7,1.2,1.4,1,1.3,0.9,1.8,1.6,1.2,
花蓮,2024/01/11 00:00:00,WS_HR,1.7,1.9,0.7,1,1.1,1.4,1.1,0.8,0.8,0.8,0.6,0.9,0.9,0.8,0.9,1.8,1.2,1.4,1.3,1.1,0.8,1.5,1.6,1.9,
花蓮,2024/01/12 00:00:00,AMB_TEMP,15.3,14.7,14.5,14.2,14.3,14.3,14.6,15,16.2,18,20,20.9,21.7,21.6,21,20.5,20.2,#,19.7,19.2,19,18.8,18.1,17.8,
花蓮,2024/01/12 00:00:00,CH4,2.04,2.03,2.01,2.01,2.01,2.01,2.01,2.03,2.01,2,2,2,1.99,1.99,1.99,1.99,1.98,#,2.01,2.01,2.02,2.02,2.02,2.02,
花蓮,2024/01/12 00:00:00,CO,0.31,0.27,0.25,0.24,0.24,0.25,0.27,0.32,0.31,0.31,0.36,0.3,0.28,0.27,0.26,0.29,0.3,#,0.52,0.45,0.48,0.47,0.39,0.33,
花蓮,2024/01/12 00:00:00,NMHC,0.04,0.02,0.03,0.02,0.02,0.03,0.02,0.04,0.04,0.04,0.17,0.65,0.35,0.14,0.03,0.03,0.04,#,0.14,0.12,0.12,0.14,0.1,0.09,
花蓮,2024/01/12 00:00:00,NO,0.6,0.4,0.5,0.5,0.6,0.6,0.7,1,1.8,2.5,3.9,3.1,1.4,0.8,1,1.1,0.8,#,0.8,1.1,1.1,1.3,1.3,1.1,
花蓮,2024/01/12 00:00:00,NO2,4.6,3,2.6,2.1,2,2,2.7,4.2,5.1,5.5,8.4,8.2,5,4,5,6,7.4,#,16.5,12.1,13.2,13.8,12.1,10.9,
花蓮,2024/01/12 00:00:00,NOx,5.2,3.5,3.2,2.6,2.6,2.6,3.4,5.2,7,8.1,12.3,11.4,6.5,4.8,6,7.2,8.3,#,17.4,13.3,14.4,15.1,13.5,12.1,
花蓮,2024/01/12 00:00:00,O3,25.7,24.5,21.7,21.7,21.3,22.3,21.5,19.6,19.6,22.1,27.9,40.6,49.3,51.2,51,50.6,48,#,30.1,26.7,23,20.7,20.3,23.4,
花蓮,2024/01/12 00:00:00,PM10,30,21,18,13,11,15,11,18,21,20,25,27,26,20,22,28,28,#,26,21,20,20,21,18,
花蓮,2024/01/12 00:00:00,PM2.5,21,20,15,14,12,12,11,12,14,11,19,10,12,15,12,12,15,#,22,16,15,13,10,16,
花蓮,2024/01/12 00:00:00,RAINFALL,0,0,0,0,0,0,0,0,0,0,0,0,0,0,0,0,0,#,0,0,0,0,0,0,
花蓮,2024/01/12 00:00:00,RH,77,76,74,74,73,74,72,73,68,62,54,56,57,57,62,66,67,#,70,70,71,70,74,77,
花蓮,2024/01/12 00:00:00,SO2,0.8,1.2,1.1,1.2,1.2,1.3,1.4,1.4,1.3,1.3,1.4,2,1.7,1.6,1.6,1.4,1.5,#,1.4,1.4,1.3,1.4,1.3,1.2,
花蓮,2024/01/12 00:00:00,THC,2.08,2.05,2.04,2.03,2.03,2.04,2.03,2.07,2.05,2.04,2.17,2.65,2.34,2.13,2.02,2.02,2.02,#,2.15,2.13,2.14,2.16,2.12,2.11,
花蓮,2024/01/12 00:00:00,WD_HR,221,223,221,221,219,221,216,216,218,213,159,96,97,80,86,27,60,#,303,299,289,291,273,291,
花蓮,2024/01/12 00:00:00,WIND_DIREC,251,231,226,213,214,223,217,216,222,208,112,111,89,59,73,25,78,#,302,287,321,310,271,294,
花蓮,2024/01/12 00:00:00,WIND_SPEED,0.7,1.4,1.9,1.4,2,2,2.7,1.9,2.3,1.4,1,2.4,2.4,1.3,1.3,1.5,1.3,#,1.3,1.4,0.8,0.6,1.2,1.3,
花蓮,2024/01/12 00:00:00,WS_HR,1.3,1.4,1.5,1.5,1.8,2,2,2.3,2.3,1.3,0.5,1.9,2.5,1.5,1.4,1.2,1.1,#,0.9,1.4,0.9,0.9,1.1,1.3,
花蓮,2024/01/13 00:00:00,AMB_TEMP,17,16,16.6,16.9,16.8,16.9,16.4,16.6,17.7,18.6,19.5,20,#,NA,#,19.8,19.3,19.1,19.2,19.2,19.4,18.8,18.6,18.5,
花蓮,2024/01/13 00:00:00,CH4,2.02,1.99,1.98,1.98,1.99,1.98,1.99,1.98,2.01,1.99,1.98,1.97,#,NA,#,1.97,1.96,1.96,1.96,1.96,1.96,1.97,1.97,1.97,
花蓮,2024/01/13 00:00:00,CO,0.28,0.22,0.21,0.2,0.21,0.21,0.24,0.27,0.3,0.34,0.38,0.36,#,NA,#,0.29,0.26,0.27,0.28,0.23,0.22,0.19,0.2,0.17,
花蓮,2024/01/13 00:00:00,NMHC,0.06,0.02,0.01,0.01,0.01,0.01,0.02,0.04,0.05,0.07,0.09,0.09,#,NA,#,0.06,0.05,0.06,0.06,0.04,0.05,0.03,0.04,0.03,
花蓮,2024/01/13 00:00:00,NO,0.6,0.5,0.4,0.4,0.5,0.6,0.8,1,1.4,2,2.7,2.3,#,NA,#,#,1.4,1.1,1.1,1,0.8,0.6,0.7,0.8,
花蓮,2024/01/13 00:00:00,NO2,8.2,2.7,2.1,1.5,1.4,1.6,2.2,4.5,5,6,8.7,9.6,#,NA,#,#,7.2,7.4,7.6,6.6,5.9,4.7,4.4,3.4,
花蓮,2024/01/13 00:00:00,NOx,8.8,3.3,2.6,2,1.9,2.2,3,5.5,6.5,8,11.4,11.9,#,NA,#,#,8.7,8.6,8.7,7.6,6.7,5.3,5.2,4.2,
花蓮,2024/01/13 00:00:00,O3,20.8,16.9,19.5,20.9,20.4,19.8,16.9,14.9,15.5,17.4,19.4,28.9,#,NA,#,#,37,38.2,36,37.9,38.2,33.4,31.6,31.4,
花蓮,2024/01/13 00:00:00,PM10,16,10,11,13,10,13,11,9,17,18,16,15,10,NA,#,14,11,10,14,11,7,7,14,10,
花蓮,2024/01/13 00:00:00,PM2.5,12,10,11,11,11,9,15,10,15,13,11,8,7,NA,#,7,8,8,8,8,4,1,13,7,
花蓮,2024/01/13 00:00:00,RAINFALL,0,0,0,0,0,0,0,0,0,0,0,0,#,NA,#,0,0,0,0,0,0,0,0,0,
花蓮,2024/01/13 00:00:00,RH,80,82,77,76,77,75,77,73,72,70,67,66,#,NA,#,69,72,70,69,68,66,70,71,71,
花蓮,2024/01/13 00:00:00,SO2,1.1,0.5,0.5,0.6,0.6,0.6,0.6,0.6,0.6,0.7,2.4,2.5,#,NA,#,#,0.6,0.6,0.7,0.6,0.7,0.7,0.8,0.8,
花蓮,2024/01/13 00:00:00,THC,2.08,2.01,1.99,1.99,2,1.99,2.01,2.02,2.06,2.06,2.07,2.06,#,NA,#,2.03,2.01,2.02,2.02,2,2.01,2,2.01,2,
花蓮,2024/01/13 00:00:00,WD_HR,231,223,222,220,215,215,221,220,206,223,255,328,#,NA,#,315,301,300,299,296,267,218,219,228,
花蓮,2024/01/13 00:00:00,WIND_DIREC,228,230,228,219,211,217,234,216,209,278,260,355,#,NA,#,309,300,302,290,286,225,220,218,221,
花蓮,2024/01/13 00:00:00,WIND_SPEED,1.6,2.2,2.5,2.1,1.9,1.9,1.4,1.5,1.5,0.9,0.5,0.9,#,NA,#,1.9,2.5,2.5,2.1,2.2,1.5,1.4,1.9,1.9,
花蓮,2024/01/13 00:00:00,WS_HR,1.1,1.8,2,2.1,2,1.9,1.3,1.5,1.5,0.8,0.3,0.3,#,NA,#,1.6,2.2,2.2,2,2.1,1.4,1.4,1.5,2.1,
花蓮,2024/01/14 00:00:00,AMB_TEMP,18.1,18,17.8,17.6,16.9,16.9,17.1,17.6,18,19.5,22.4,23.7,23,22.4,22.3,22,21.5,21.3,20.8,20.1,19.7,19.3,18.8,18.1,
花蓮,2024/01/14 00:00:00,CH4,1.98,1.98,1.98,1.98,1.98,1.97,1.96,1.96,1.95,1.96,1.96,1.95,1.95,1.95,1.95,1.95,1.96,1.96,1.97,1.97,1.96,1.96,1.96,1.96,
花蓮,2024/01/14 00:00:00,CO,0.17,0.15,0.15,0.14,0.15,0.14,0.15,0.16,0.16,0.17,0.17,0.17,0.16,0.16,0.16,0.2,0.29,0.31,0.32,0.27,0.21,0.21,0.19,0.16,
花蓮,2024/01/14 00:00:00,NMHC,0.01,0.01,0,0,0.01,0.01,0.01,0.01,0.02,0.03,0.01,0.02,0,0.01,0.01,0.04,0.07,0.07,0.09,0.07,0.04,0.04,0.03,0.03,
花蓮,2024/01/14 00:00:00,NO,0.6,0.6,0.6,0.6,0.6,0.6,0.6,0.5,0.7,1.2,1,0.7,0.6,0.6,0.5,0.6,1,0.9,0.9,0.7,0.6,0.6,0.7,0.8,
花蓮,2024/01/14 00:00:00,NO2,2.4,1.6,1.5,1.3,1.6,1.5,1.6,1.7,1.9,2.5,2.2,2.2,1.6,2,2,2.8,6.6,8.5,8.9,7.4,5.2,5,4,3.2,
花蓮,2024/01/14 00:00:00,NOx,3.1,2.3,2.1,1.9,2.3,2.2,2.2,2.2,2.6,3.8,3.3,2.9,2.2,2.7,2.5,3.4,7.7,9.4,9.8,8.1,5.8,5.7,4.8,4,
花蓮,2024/01/14 00:00:00,O3,29.6,28,26.6,28.3,25.6,23.7,22.1,22.1,22.4,23.5,36.4,46.6,48.9,47.8,47,44.2,37.3,35.9,31.5,26.7,28.7,28.6,27,23.5,
花蓮,2024/01/14 00:00:00,PM10,8,9,6,5,6,4,3,1,1,3,5,8,7,4,5,12,14,11,25,16,7,7,5,2,
花蓮,2024/01/14 00:00:00,PM2.5,3,5,4,10,8,4,2,2,3,5,3,1,2,6,7,11,9,7,21,11,7,6,7,5,
花蓮,2024/01/14 00:00:00,RAINFALL,0,0,0,0,0,0,0,0,0,0,0,0,0,0,0,0,0,0,0,0,0,0,0,0,
花蓮,2024/01/14 00:00:00,RH,76,79,80,81,84,80,74,68,68,65,55,50,55,59,58,60,62,61,65,70,71,71,72,74,
花蓮,2024/01/14 00:00:00,SO2,0.8,0.6,0.6,0.5,0.7,0.6,0.5,0.6,0.6,0.6,0.7,1.4,0.5,0.5,0.5,0.5,0.8,0.9,1.2,0.8,0.8,0.7,0.6,0.7,
花蓮,2024/01/14 00:00:00,THC,1.99,1.99,1.98,1.98,1.99,1.98,1.97,1.97,1.97,1.99,1.97,1.97,1.95,1.96,1.96,1.99,2.03,2.03,2.06,2.04,2,2,1.99,1.99,
花蓮,2024/01/14 00:00:00,WD_HR,223,212,216,217,224,219,208,212,210,213,209,143,126,128,132,257,293,275,218,215,226,229,228,222,
花蓮,2024/01/14 00:00:00,WIND_DIREC,213,211,218,222,217,220,209,209,212,209,198,118,124,142,131,292,289,261,233,220,222,230,229,221,
花蓮,2024/01/14 00:00:00,WIND_SPEED,2,2.7,2.1,2.1,1.6,2,2.9,2.9,2.8,1.5,1.9,1.9,1.9,1.3,0.9,1.4,1.5,1.1,1.1,1.6,1.9,2.1,1.9,1.8,
花蓮,2024/01/14 00:00:00,WS_HR,1.9,2.3,2,2.2,1.8,1.9,2.2,2.4,2.6,2.1,1,1.2,1.7,1.2,0.8,0.2,1.5,1.2,1.3,1.3,1.8,1.7,1.7,1.7,
花蓮,2024/01/15 00:00:00,AMB_TEMP,17.9,17.6,17.4,17.1,16.9,16.7,16.8,17.5,19.3,21.6,23.8,23.4,23.3,22.7,21.9,21.3,20.9,20.8,20.5,19.5,18.8,18.7,18.4,18.3,
花蓮,2024/01/15 00:00:00,CH4,1.96,1.95,1.95,1.95,1.95,1.95,1.95,1.95,1.95,1.97,1.95,1.94,1.94,1.98,2.01,2.02,2.02,2.02,2.03,2.03,2.03,2.03,2.03,2.03,
花蓮,2024/01/15 00:00:00,CO,0.15,0.14,0.13,0.13,0.13,0.13,0.15,0.2,0.19,0.18,0.22,0.17,0.18,0.26,0.36,0.38,0.4,0.42,0.42,0.39,0.37,0.34,0.32,0.31,
花蓮,2024/01/15 00:00:00,NMHC,0.01,0.01,0.01,0,0,0.01,0,0.03,0.03,0.02,0.03,0.01,0.02,0.01,0.03,0.03,0.04,0.05,0.05,0.04,0.03,0.02,0.02,0.01,
花蓮,2024/01/15 00:00:00,NO,0.6,0.7,0.5,0.4,0.5,0.4,0.5,1,2.1,1.9,2.3,1,0.8,0.8,0.8,0.7,0.5,0.6,0.5,0.6,0.5,0.4,0.4,0.4,
花蓮,2024/01/15 00:00:00,NO2,2,1.6,1.1,1.1,1.1,1.2,1.6,3.4,4.4,3.6,5.4,3,3.2,3.5,4.2,5,5.6,6.3,6,4.8,4.3,3.8,3.3,2.9,
花蓮,2024/01/15 00:00:00,NOx,2.7,2.3,1.6,1.6,1.7,1.7,2.2,4.5,6.6,5.5,7.8,4.1,4,4.4,5,5.8,6.1,7,6.5,5.4,4.8,4.3,3.8,3.3,
花蓮,2024/01/15 00:00:00,O3,22.5,22.5,21.6,22.2,21.3,21.9,21.3,19.2,20.3,24.8,40,48.5,50.2,56.8,61.5,60.9,60.2,57.5,56.4,55.8,54.5,54.5,54.5,54.8,
花蓮,2024/01/15 00:00:00,PM10,2,4,3,5,5,3,1,4,10,5,7,11,10,25,42,42,28,18,22,24,24,23,17,14,
花蓮,2024/01/15 00:00:00,PM2.5,3,5,4,3,6,6,6,6,5,4,5,5,6,14,26,27,25,15,12,18,19,24,14,11,
花蓮,2024/01/15 00:00:00,RAINFALL,0,0,0,0,0,0,0,0,0,0,0,0,0,0,0,0,0,0,0,0,0,0,0,0,
花蓮,2024/01/15 00:00:00,RH,72,71,70,71,70,71,68,65,60,55,54,66,63,70,75,74,75,74,75,81,86,85,84,83,
花蓮,2024/01/15 00:00:00,SO2,0.5,0.5,0.5,0.5,0.4,0.5,0.4,0.6,0.6,0.6,0.6,0.6,0.7,0.7,0.6,0.6,0.7,0.6,0.6,0.7,0.6,0.7,0.8,0.8,
花蓮,2024/01/15 00:00:00,THC,1.97,1.96,1.96,1.95,1.95,1.96,1.95,1.98,1.98,1.99,1.98,1.95,1.96,1.99,2.04,2.05,2.06,2.07,2.08,2.07,2.06,2.05,2.05,2.04,
花蓮,2024/01/15 00:00:00,WD_HR,222,224,223,219,219,216,214,214,210,213,73,91,80,49,43,41,40,47,49,56,57,49,56,48,
花蓮,2024/01/15 00:00:00,WIND_DIREC,220,219,223,215,213,220,215,211,211,217,83,97,71,40,40,38,39,55,46,59,51,51,64,39,
花蓮,2024/01/15 00:00:00,WIND_SPEED,2.1,1.7,1.6,2,1.9,2,2.1,2.6,2.6,0.6,2.7,3.1,3.6,4.6,3.7,3.2,3,3.3,3.3,2.7,2.9,3.2,2.1,2.2,
花蓮,2024/01/15 00:00:00,WS_HR,1.9,1.9,1.8,1.7,1.8,1.9,2.4,2.2,2.5,1,1.5,3,2.6,3.2,2.9,2.8,2.5,2.7,2.8,2.7,2.5,2.5,1.8,2.1,
花蓮,2024/01/16 00:00:00,AMB_TEMP,18.2,18.4,18.5,18.5,18.5,17.8,17.8,18,18.6,18.8,19.8,20.1,20.1,19.9,19.8,19,18,18.7,18.8,18.6,18.2,17.7,17.7,17.9,
花蓮,2024/01/16 00:00:00,CH4,2.03,2.04,2.03,2.01,2.01,2.01,2.01,2.02,2.01,#,1.98,1.97,1.97,1.97,1.97,1.97,1.97,1.98,1.98,1.99,2.01,1.99,1.99,2.02,
花蓮,2024/01/16 00:00:00,CO,0.31,0.32,0.31,0.27,0.26,0.28,0.29,0.44,0.42,0.28,0.26,#,0.23,0.22,0.22,0.23,0.28,0.34,0.4,0.42,0.52,0.32,0.25,0.21,
花蓮,2024/01/16 00:00:00,NMHC,0.01,0.01,0.01,0.01,0.01,0.02,0.02,0.09,0.08,#,0.03,0.04,0.03,0.02,0.02,0.02,0.06,0.07,0.09,0.11,0.13,0.07,0.04,0.02,
花蓮,2024/01/16 00:00:00,NO,0.4,0.2,0.4,0.3,0.2,0.3,0.3,0.6,1.2,0.8,1,#,0.6,0.6,0.8,0.7,0.7,0.6,0.9,1.3,0.9,0.6,0.5,0.3,
花蓮,2024/01/16 00:00:00,NO2,2.7,3.1,4.4,2.6,2.8,3.9,4.6,9.4,12.4,8.4,6,#,4.1,4,5.5,5.3,7.5,11.7,15.3,17.2,16,10.4,6.4,5.2,
花蓮,2024/01/16 00:00:00,NOx,3.1,3.3,4.9,2.9,3.1,4.3,4.9,10,13.6,9.2,7,#,4.8,4.7,6.3,6.1,8.2,12.4,16.2,18.5,16.9,11,6.9,5.5,
花蓮,2024/01/16 00:00:00,O3,54.7,52.5,49.1,53.1,50.5,46.1,44.8,36.5,34.6,40.6,#,39.2,42.2,42.4,40.8,41.4,38.1,33.3,27.4,15.9,13.7,19.2,21.1,24.7,
花蓮,2024/01/16 00:00:00,PM10,13,13,9,9,12,7,7,10,14,#,5,6,5,8,9,10,7,11,12,11,16,9,7,6,
花蓮,2024/01/16 00:00:00,PM2.5,10,11,8,6,9,11,6,7,5,2,#,5,5,2,5,11,9,8,6,8,10,9,10,6,
花蓮,2024/01/16 00:00:00,RAINFALL,0,0,0,0,0,0,0,0,0,0,0,#,0,0,0,0,0,0,0,0,0,0,0,0,
花蓮,2024/01/16 00:00:00,RH,83,81,78,77,77,83,81,80,79,77,71,68,69,70,72,76,85,79,78,79,83,85,84,86,
花蓮,2024/01/16 00:00:00,SO2,0.7,0.2,0.3,0.3,0.4,0.4,0.4,0.4,0.5,0.5,0.4,#,0.7,0.7,0.7,0.8,0.8,0.7,0.8,0.8,0.9,0.9,0.8,1.1,
花蓮,2024/01/16 00:00:00,THC,2.04,2.05,2.04,2.02,2.02,2.03,2.03,2.11,2.09,#,2.01,2.01,2,1.99,1.99,1.99,2.03,2.05,2.07,2.1,2.14,2.06,2.03,2.04,
花蓮,2024/01/16 00:00:00,WD_HR,53,29,37,44,29,333,347,319,24,37,48,64,68,62,58,64,353,9,338,286,227,233,229,195,
花蓮,2024/01/16 00:00:00,WIND_DIREC,49,357,56,48,7,359,342,327,31,40,36,53,61,62,51,47,351,16,300,232,223,258,221,116,
花蓮,2024/01/16 00:00:00,WIND_SPEED,2.3,1.1,2.4,2.1,1.4,1.5,1.4,1.1,1.9,1.9,2.5,2.4,2.7,3.2,2.6,2.8,2.3,1.6,1.4,0.8,0.8,1.2,1.8,1.2,
花蓮,2024/01/16 00:00:00,WS_HR,2,1.3,1.4,1.7,1.2,1.3,1.3,0.7,1.1,1.5,2,2.1,2.6,2.1,2.1,2.2,1.7,1.4,1.1,0.9,1.1,1.4,1.6,1,
花蓮,2024/01/17 00:00:00,AMB_TEMP,18,17.5,17.2,17.2,17.1,17.1,17.2,17.5,18.2,19.5,19.1,19.3,20.5,21.5,22.7,23,22.6,21.4,20.6,19.8,19.5,19.3,18.4,17.9,
花蓮,2024/01/17 00:00:00,CH4,1.99,2.02,2.06,2,2,2,1.98,1.98,1.98,1.98,1.97,1.95,1.96,1.96,1.95,1.95,1.95,1.96,1.97,1.96,1.96,1.96,1.99,1.98,
花蓮,2024/01/17 00:00:00,CO,0.19,0.18,0.19,0.18,0.17,0.17,0.19,0.26,0.28,0.25,0.26,0.23,0.25,0.21,0.19,0.18,0.21,0.42,0.44,0.21,0.2,0.2,0.22,0.19,
花蓮,2024/01/17 00:00:00,NMHC,0.01,0.03,0.02,0.03,0,0,0.03,0.04,0.05,0.03,0.04,0.03,0.04,0.02,0.02,0.02,0.03,0.18,0.15,0.03,0.03,0.03,0.04,0.02,
花蓮,2024/01/17 00:00:00,NO,0.2,0.4,0.3,0.5,0.4,0.3,0.5,1,2.1,2.2,1.6,1.3,1.3,1.1,1,0.7,0.7,1.6,2,0.8,0.6,0.6,0.9,0.9,
花蓮,2024/01/17 00:00:00,NO2,3.4,3.6,3,3.3,2.2,1.6,2.2,4.6,7.1,5.9,7,5.5,5.4,3.9,3.5,3.4,6.6,12.6,14,4.9,4.2,3.8,5.1,4.2,
花蓮,2024/01/17 00:00:00,NOx,3.6,4,3.3,3.8,2.6,2,2.8,5.6,9.2,8.2,8.7,6.9,6.7,5.1,4.5,4.1,7.4,14.3,16,5.8,4.8,4.4,6.1,5.2,
花蓮,2024/01/17 00:00:00,O3,32.8,25,17.9,19.2,21,24.6,23.3,21,18.9,21.5,35.1,41.5,42.1,39.6,43.8,45.8,42.6,26.4,20.9,25.7,23.5,24.7,18.9,20.2,
花蓮,2024/01/17 00:00:00,PM10,9,6,10,7,8,5,2,2,4,4,2,4,4,7,9,23,21,26,26,12,7,9,13,9,
花蓮,2024/01/17 00:00:00,PM2.5,4,11,9,6,6,5,3,7,5,5,7,5,5,5,4,6,5,10,12,11,9,8,7,9,
花蓮,2024/01/17 00:00:00,RAINFALL,0,0,0,0,0,0,0,0,0,0,0,0,0,0,0,0,0,0,0,0,0,0,0,0,
花蓮,2024/01/17 00:00:00,RH,91,92,93,94,91,90,90,88,85,79,87,87,75,70,59,57,59,66,70,74,74,74,80,82,
花蓮,2024/01/17 00:00:00,SO2,1.4,1,0.7,0.7,0.9,0.7,0.7,0.7,0.7,0.7,0.7,0.7,0.7,0.6,0.5,1.1,0.7,0.7,0.8,0.9,0.6,0.7,0.7,0.6,
花蓮,2024/01/17 00:00:00,THC,2,2.05,2.08,2.03,2,2,2.01,2.02,2.03,2.01,2.01,1.98,2,1.98,1.97,1.97,1.98,2.14,2.12,1.99,1.99,1.99,2.03,2,
花蓮,2024/01/17 00:00:00,WD_HR,164,214,241,284,217,214,218,218,220,195,51,6,257,246,283,107,127,273,246,210,221,225,229,239,
花蓮,2024/01/17 00:00:00,WIND_DIREC,216,214,288,268,216,214,212,210,229,111,34,57,232,286,33,126,147,282,202,216,228,244,230,228,
花蓮,2024/01/17 00:00:00,WIND_SPEED,1,1.1,0.7,1.5,2.6,2.4,2.3,1.3,2,0.6,1.5,0.7,2.6,2.4,1.2,0.9,0.6,1.9,1.3,2.5,1.6,1.4,1.4,2.5,
花蓮,2024/01/17 00:00:00,WS_HR,0.3,1,0.8,1.8,2,2.5,2.4,1.8,1.6,0.7,1.2,1.3,0.6,1.7,1.4,1.1,0.7,1.2,1.1,2.1,1.7,1.7,1.4,1.4,
花蓮,2024/01/18 00:00:00,AMB_TEMP,17.9,18.3,18.2,17.5,17.2,16.6,16.9,17.1,18.2,21.2,23.2,24.7,24.3,24.5,24.7,24.2,23.8,23.2,22.7,22.4,22,20.9,19.7,19.4,
花蓮,2024/01/18 00:00:00,CH4,1.97,1.96,1.96,1.96,1.96,1.96,1.97,1.98,1.96,1.97,1.96,1.96,1.94,1.94,1.95,1.94,1.94,1.94,1.96,1.98,1.96,1.97,1.98,1.96,
花蓮,2024/01/18 00:00:00,CO,0.15,0.15,0.15,0.15,0.15,0.15,0.18,0.28,0.23,0.19,0.19,0.18,0.18,0.16,0.17,0.17,0.2,0.27,0.42,0.47,0.33,0.29,0.26,0.18,
花蓮,2024/01/18 00:00:00,NMHC,0,0,0,0,0,0,0.01,0.04,0.04,0.03,0.03,0.02,0.01,0,0,0,0.01,0.05,0.14,0.18,0.12,0.1,0.08,0.03,
花蓮,2024/01/18 00:00:00,NO,0.5,0.3,0.2,0.2,0.3,0.3,0.3,1.3,2.6,1.5,1.2,1.6,1.1,1,0.4,0.6,0.5,0.4,0.8,0.9,0.8,0.7,0.7,0.4,
花蓮,2024/01/18 00:00:00,NO2,2.1,1,0.9,1,0.9,1,1.9,6.1,5.4,3.4,3,4.3,3.2,2.9,1.7,2.2,3.1,6.8,14.6,17.3,11.5,9.6,9.4,4.3,
花蓮,2024/01/18 00:00:00,NOx,2.6,1.3,1.1,1.2,1.2,1.4,2.2,7.5,8.1,5,4.3,6,4.3,3.9,2.2,2.8,3.6,7.2,15.4,18.3,12.4,10.3,10.1,4.8,
花蓮,2024/01/18 00:00:00,O3,22,24.8,24.6,24,24.6,22.7,22.5,18.5,19.3,24.8,28.8,35.8,40.2,40.5,43.1,42.9,42.7,37.3,25.2,18.6,25.1,21.3,16.5,21.7,
花蓮,2024/01/18 00:00:00,PM10,7,3,0,6,6,3,5,10,7,7,8,13,9,8,5,13,16,24,20,19,15,17,11,8,
花蓮,2024/01/18 00:00:00,PM2.5,6,2,8,6,4,5,3,2,1,1,2,1,3,3,4,6,11,9,7,12,10,8,12,9,
花蓮,2024/01/18 00:00:00,RAINFALL,0,0,0,0,0,0,0,0,0,0,0,0,0,0,0,0,0,0,0,0,0,0,0,0,
花蓮,2024/01/18 00:00:00,RH,77,71,70,76,73,76,70,69,67,54,48,43,48,47,41,50,58,62,57,60,60,65,67,66,
花蓮,2024/01/18 00:00:00,SO2,0.6,0.6,0.7,0.6,0.6,0.5,0.7,0.6,0.6,0.7,0.8,2.7,0.8,0.7,0.5,0.5,0.6,0.7,0.8,0.8,0.6,0.8,0.7,0.9,
花蓮,2024/01/18 00:00:00,THC,1.97,1.95,1.95,1.96,1.96,1.96,1.98,2.02,2,2,1.99,1.98,1.95,1.94,1.95,1.94,1.95,1.99,2.1,2.16,2.08,2.07,2.06,1.99,
花蓮,2024/01/18 00:00:00,WD_HR,219,211,214,211,212,213,214,228,216,212,203,121,117,117,121,121,124,128,314,295,284,246,217,225,
花蓮,2024/01/18 00:00:00,WIND_DIREC,213,215,214,214,213,207,203,222,213,217,188,112,119,109,121,128,125,93,355,273,288,243,220,218,
花蓮,2024/01/18 00:00:00,WIND_SPEED,2.3,2.4,3.6,3.1,3,2.6,2.3,2.8,2.9,2.7,1.1,2.7,2.3,2.4,1.5,1.4,0.9,0.2,0.8,0.9,1.3,0.9,1.5,1.5,
花蓮,2024/01/18 00:00:00,WS_HR,2.1,2.5,2.7,3,2.7,2.8,2.2,2,2.4,2.3,1.4,1.3,1.9,1.8,1.6,1.4,1.1,0.4,0.9,0.6,1,1,1.2,1.7,
花蓮,2024/01/19 00:00:00,AMB_TEMP,19.1,18.7,18.5,18.2,18.2,18.3,18.3,18.8,20.1,21.8,23.2,24.2,24.1,24.1,23.9,24,23.9,23.3,22.9,22.3,22.2,21.7,21,20.5,
花蓮,2024/01/19 00:00:00,CH4,1.96,1.96,1.99,1.97,1.98,1.98,1.98,1.98,1.99,1.96,1.99,1.97,1.95,1.94,1.94,1.95,1.96,1.96,1.97,1.99,1.99,2,2.02,1.99,
花蓮,2024/01/19 00:00:00,CO,0.17,0.15,0.15,0.15,0.15,0.16,0.18,0.25,0.24,0.2,0.26,0.26,0.2,0.19,0.18,0.19,0.24,0.29,0.4,0.55,0.35,0.42,0.45,0.28,
花蓮,2024/01/19 00:00:00,NMHC,0.01,0.01,0,0.01,0,0.02,0.03,0.05,0.05,0.04,0.06,0.05,0,0,0,0,0.03,0.06,0.12,0.22,0.13,0.15,0.17,0.09,
花蓮,2024/01/19 00:00:00,NO,0.2,0.9,0.9,0.7,0.8,1,1,1.4,2.7,2.6,3.2,5.4,2.5,1.3,1.2,1.4,1.4,1.1,1.1,2.2,1.3,1.3,2.1,1.7,
花蓮,2024/01/19 00:00:00,NO2,2.6,1.8,1.5,1.5,1.8,2.6,3.2,4.8,6.2,5.2,7.7,12.3,4.5,3,2.2,4.5,5.7,7.1,11.8,18,11.8,13.1,15.9,9.7,
花蓮,2024/01/19 00:00:00,NOx,2.8,2.7,2.4,2.2,2.6,3.6,4.3,6.3,8.9,7.9,10.9,17.8,7.1,4.3,3.5,6,7.1,8.2,12.9,20.3,13.1,14.5,18.1,11.4,
花蓮,2024/01/19 00:00:00,O3,22.8,22.2,22.8,23.2,22.3,20.4,18.4,17.1,16,19.9,22.5,26.4,40,43.5,42.8,40.4,40.8,39.9,32.8,16.1,28.7,21.6,10.5,15.1,
花蓮,2024/01/19 00:00:00,PM10,8,10,9,7,7,4,8,13,14,16,15,29,21,16,14,14,15,12,13,23,21,19,19,10,
花蓮,2024/01/19 00:00:00,PM2.5,7,5,4,8,6,4,6,7,9,5,7,7,5,8,8,6,8,10,7,12,11,12,15,8,
花蓮,2024/01/19 00:00:00,RAINFALL,0,0,0,0,0,0,0,0,0,0,0,0,0,0,0,0,0,0,0,0,0,0,0,0,
花蓮,2024/01/19 00:00:00,RH,67,68,73,74,73,73,76,74,70,62,60,60,66,69,71,68,68,75,77,79,85,84,83,82,
花蓮,2024/01/19 00:00:00,SO2,1,0.7,0.7,0.8,0.8,0.6,0.7,0.7,0.7,0.7,0.8,1.1,0.7,0.6,0.7,0.9,0.8,0.7,0.8,0.7,0.7,0.7,0.8,0.6,
花蓮,2024/01/19 00:00:00,THC,1.97,1.97,1.99,1.98,1.98,2,2.01,2.03,2.04,2,2.05,2.02,1.95,1.93,1.94,1.95,1.99,2.02,2.09,2.21,2.12,2.15,2.19,2.08,
花蓮,2024/01/19 00:00:00,WD_HR,228,229,228,220,225,220,221,219,221,214,206,99,97,102,107,87,61,84,354,280,206,298,278,220,
花蓮,2024/01/19 00:00:00,WIND_DIREC,230,216,236,215,229,218,218,212,218,213,156,102,104,110,94,36,74,39,285,191,173,301,276,224,
花蓮,2024/01/19 00:00:00,WIND_SPEED,1.3,1.9,1.7,1.8,1.6,1.7,2.4,2.5,1.9,1.3,0.7,2,3,2.1,1.9,1.2,1.2,0.4,1,0.6,0.2,0.3,0.9,1.8,
花蓮,2024/01/19 00:00:00,WS_HR,1.8,1.5,1.8,1.9,1.7,1.7,1.9,1.9,1.7,1.7,0.4,1.1,2.4,1.9,1.8,1.4,1,0.9,0.5,0.8,0.3,0.3,0.8,1.2,
花蓮,2024/01/20 00:00:00,AMB_TEMP,20,19.8,19.9,19.5,19.3,19.1,18.7,18.9,20.6,22.8,24.7,24.4,24.7,24.7,24.7,24.7,24.3,24,23.5,23,21.7,20.5,20.3,20.4,
花蓮,2024/01/20 00:00:00,CH4,1.97,1.98,1.98,1.98,1.98,2.03,2.02,2.02,2,1.99,1.95,1.93,1.93,1.93,1.93,1.93,1.94,1.95,1.97,1.97,2,2.02,2.02,2.02,
花蓮,2024/01/20 00:00:00,CO,0.2,0.17,0.17,0.16,0.16,0.17,0.18,0.21,0.24,0.2,0.18,0.16,0.16,0.15,0.14,0.15,0.18,0.22,0.31,0.27,0.31,0.35,0.38,0.37,
花蓮,2024/01/20 00:00:00,NMHC,0.03,0.02,0.01,0.01,0.01,0.01,0.01,0.02,0.04,0.03,0,0.01,0,0,0,0,0.02,0.04,0.08,0.05,0.03,0.03,0.04,0.04,
花蓮,2024/01/20 00:00:00,NO,1.2,0.8,0.4,0.5,0.4,0.4,0.4,0.9,2.5,3.5,1.9,0.8,0.6,0.6,0.6,0.3,0.5,0.4,0.6,0.5,0.6,0.3,0.3,0.6,
花蓮,2024/01/20 00:00:00,NO2,3.5,2.9,2.6,2.2,2.2,2.1,3,3.6,5,4.9,3.9,2.1,1.8,1.7,1.6,1.6,3.9,5.3,8.9,7.8,5.3,5.3,5.1,4.7,
花蓮,2024/01/20 00:00:00,NOx,4.7,3.7,3.1,2.7,2.7,2.5,3.4,4.5,7.6,8.4,5.8,2.9,2.5,2.4,2.3,1.9,4.4,5.8,9.5,8.4,5.9,5.6,5.4,5.4,
花蓮,2024/01/20 00:00:00,O3,17.1,17.8,19.5,16.9,18.2,15.2,14.2,13.2,12.9,17,34.1,36.5,36.6,36.1,38,40.9,38.5,35.5,27.2,31.2,33.5,30.6,29.3,28.7,
花蓮,2024/01/20 00:00:00,PM10,10,9,11,10,7,6,14,10,10,12,9,8,5,6,5,5,10,9,18,17,17,14,14,17,
花蓮,2024/01/20 00:00:00,PM2.5,7,7,8,6,9,8,6,3,9,7,6,6,4,6,4,7,10,8,14,14,9,7,11,8,
花蓮,2024/01/20 00:00:00,RAINFALL,0,0,0,0,0,0,0,0,0,0,0,0,0,0,0,0,0,0,0,0,0,0.5,0,0,
花蓮,2024/01/20 00:00:00,RH,81,81,83,83,84,85,87,87,79,69,68,72,73,75,76,77,79,80,82,85,86,91,89,85,
花蓮,2024/01/20 00:00:00,SO2,0.7,0.6,0.5,0.6,0.5,0.7,0.6,0.5,0.7,0.6,2.4,0.5,0.6,0.5,0.4,0.3,0.6,0.5,0.5,0.6,0.6,0.5,0.6,0.6,
花蓮,2024/01/20 00:00:00,THC,2,2,1.99,1.99,1.99,2.04,2.03,2.04,2.04,2.02,1.95,1.94,1.93,1.93,1.92,1.93,1.96,1.99,2.05,2.02,2.03,2.05,2.06,2.06,
花蓮,2024/01/20 00:00:00,WD_HR,230,217,215,228,218,216,215,216,216,202,136,119,114,107,97,106,66,46,3,42,53,63,58,59,
花蓮,2024/01/20 00:00:00,WIND_DIREC,221,206,213,225,218,223,216,223,214,198,111,114,117,99,112,99,27,53,30,42,70,62,50,50,
花蓮,2024/01/20 00:00:00,WIND_SPEED,1.6,1.6,1.8,2.1,2.8,2,1.9,2,2.2,1.3,2.2,1.8,2.1,2.1,2.5,1.9,1.6,1.4,1.3,2.5,3.1,3.5,3.5,3.2,
花蓮,2024/01/20 00:00:00,WS_HR,1.7,1.7,1.4,2,1.9,1.9,1.9,2.4,2.2,1.7,1.1,1.6,1.9,1.8,1.9,2,1.2,1.1,0.9,1.4,2.5,2.7,2.7,2.8,
花蓮,2024/01/21 00:00:00,AMB_TEMP,20.1,19.1,19,18.7,18.7,18.8,18.9,18.9,18.9,19.3,20,20.2,19.4,19.2,19.3,19.1,18.8,18.7,18.7,18.9,18.6,18.1,18.2,17.7,
花蓮,2024/01/21 00:00:00,CH4,2.02,2.03,2.03,2.03,2.03,2.03,2.04,2.05,2.05,2.05,2.05,2.04,2.05,2.04,2.04,2.04,2.04,2.03,2.03,2.03,2.03,2.04,2.04,2.04,
花蓮,2024/01/21 00:00:00,CO,0.37,0.38,0.37,0.36,0.37,0.39,0.41,0.45,0.45,0.47,0.46,0.46,0.44,0.44,0.43,0.44,0.44,0.44,0.43,0.43,0.44,0.46,0.44,0.42,
花蓮,2024/01/21 00:00:00,NMHC,0.04,0.04,0.03,0.03,0.04,0.04,0.04,0.05,0.06,0.06,0.06,0.07,0.05,0.05,0.05,0.06,0.05,0.06,0.05,0.04,0.05,0.07,0.05,0.04,
花蓮,2024/01/21 00:00:00,NO,0.5,0.5,0.4,0.6,0.6,0.6,0.6,0.9,0.8,1.2,1.6,1.5,1,0.8,0.9,1,0.8,0.9,0.8,0.7,0.7,0.7,0.8,0.8,
花蓮,2024/01/21 00:00:00,NO2,4.5,4.3,3.9,3.5,3.3,3.9,4.2,4.9,5.2,5.3,5.6,5.3,5.3,5.4,5.5,5.9,6.3,6.7,6,5.4,5.7,7.1,6.2,5.2,
花蓮,2024/01/21 00:00:00,NOx,5.1,4.9,4.4,4.1,4,4.5,4.8,5.9,6.1,6.6,7.2,6.8,6.3,6.3,6.4,6.9,7.2,7.6,6.9,6.2,6.4,7.8,7,6,
花蓮,2024/01/21 00:00:00,O3,27.5,26.7,27.7,29.5,30.7,28.8,28.7,27,28.9,30,30.7,34.9,38.3,39.7,39.9,37.6,35,33.9,35.1,35.6,32,25.9,28.1,27.1,
花蓮,2024/01/21 00:00:00,PM10,12,9,15,11,16,16,11,14,9,10,7,8,12,12,16,14,14,13,10,6,9,10,13,12,
花蓮,2024/01/21 00:00:00,PM2.5,3,3,9,9,6,6,5,3,2,4,3,2,6,8,10,13,12,8,8,14,7,6,7,6,
花蓮,2024/01/21 00:00:00,RAINFALL,0,0.5,0,0,0,0,0,0,0,0,0,0,0,0,0,0,0,0,0,0,0,0,0,0,
花蓮,2024/01/21 00:00:00,RH,86,88,84,82,79,77,76,74,71,69,66,67,70,71,69,71,72,72,71,69,74,78,77,81,
花蓮,2024/01/21 00:00:00,SO2,0.7,0.6,0.6,0.6,0.6,0.7,0.7,0.7,0.8,0.9,0.7,0.9,0.7,0.6,0.7,0.7,0.7,0.7,0.8,0.8,0.7,0.7,0.7,0.8,
花蓮,2024/01/21 00:00:00,THC,2.06,2.07,2.06,2.06,2.07,2.07,2.08,2.1,2.11,2.11,2.11,2.11,2.1,2.09,2.09,2.1,2.09,2.09,2.08,2.07,2.08,2.11,2.09,2.08,
花蓮,2024/01/21 00:00:00,WD_HR,52,64,60,66,64,71,60,50,57,55,67,65,71,72,69,65,61,57,53,50,15,257,258,243,
花蓮,2024/01/21 00:00:00,WIND_DIREC,54,59,65,57,68,74,61,24,56,55,70,71,73,69,71,71,75,51,66,51,304,231,239,260,
花蓮,2024/01/21 00:00:00,WIND_SPEED,3.9,3.7,4.2,3.8,2.8,3.2,1.9,3.2,3.3,2.6,3,4.3,3.1,2.6,2.9,2.7,3.2,4,3,2.6,1.5,1,1.5,2.1,
花蓮,2024/01/21 00:00:00,WS_HR,3,3.3,3,3.1,2.6,2.3,1.9,2,2.6,2.4,2.3,2.6,2.6,3,2.3,2.2,2.6,2.8,2.7,2.3,1.2,0.6,1,1.7,
花蓮,2024/01/22 00:00:00,AMB_TEMP,17.6,17.4,17.3,17.2,17.1,17,17,17.2,18,19.9,20.3,20,19.6,19.4,18.6,18.1,17.6,17.5,17.2,17,16.7,16.5,16.4,15.8,
花蓮,2024/01/22 00:00:00,CH4,2.04,2.04,2.04,2.04,2.05,2.05,2.06,2.06,2.03,2.03,2.02,2.02,2.02,2.01,2.02,2.02,2.02,2.02,2.02,2.02,2.02,2.01,2.01,2.01,
花蓮,2024/01/22 00:00:00,CO,0.4,0.38,0.37,0.35,0.34,0.34,0.36,0.45,0.45,0.45,0.34,0.33,0.3,0.3,0.28,0.29,0.3,0.31,0.29,0.27,0.27,0.26,0.25,0.25,
花蓮,2024/01/22 00:00:00,NMHC,0.04,0.04,0.03,0.02,0.02,0.02,0.04,0.06,0.08,0.08,0.04,0.04,0.02,0.03,0.01,0.02,0.03,0.03,0.03,0.02,0.01,0.02,0.01,0.01,
花蓮,2024/01/22 00:00:00,NO,0.7,0.4,0.4,0.4,0.4,0.3,0.5,1,2.4,4,2.1,1.7,1.5,1.4,1.3,1,0.9,0.8,0.7,0.6,0.7,0.5,0.5,0.5,
花蓮,2024/01/22 00:00:00,NO2,4.3,3.4,3.2,2.6,2.6,2.9,2.9,6.6,7.9,10,7.1,6.9,4.8,4.7,4.8,5.4,5.9,5.3,4.4,3.8,3.5,3.2,2.6,2.3,
花蓮,2024/01/22 00:00:00,NOx,5,3.8,3.6,3,3,3.3,3.4,7.7,10.3,14,9.2,8.7,6.3,6.2,6.1,6.5,6.9,6.2,5.1,4.4,4.3,3.7,3.1,2.8,
花蓮,2024/01/22 00:00:00,O3,25.7,23.5,24.7,26.9,25,19.8,20.5,14.4,14.6,21.4,33.9,34.8,38.4,39.9,40.9,38.8,38,37.9,37.3,37.2,36.5,36.1,36.2,36.5,
花蓮,2024/01/22 00:00:00,PM10,10,6,10,5,4,5,4,5,6,11,14,19,18,18,22,17,22,18,19,15,11,9,11,8,
花蓮,2024/01/22 00:00:00,PM2.5,3,3,5,3,2,0,6,6,3,2,9,5,3,7,4,8,5,3,4,3,2,2,3,1,
花蓮,2024/01/22 00:00:00,RAINFALL,0,0,0,0,0,0,0,0,0,0,0,0,0,0,0,0,0,0,0,0,0,0,0,0,
花蓮,2024/01/22 00:00:00,RH,83,84,85,84,84,86,84,83,79,68,66,63,66,66,69,69,69,65,65,65,67,65,63,64,
花蓮,2024/01/22 00:00:00,SO2,0.8,0.5,0.6,0.8,0.7,0.6,0.6,0.8,0.8,0.8,0.7,0.8,0.7,0.7,0.7,0.7,0.5,0.7,0.7,0.7,0.7,0.7,0.7,0.7,
花蓮,2024/01/22 00:00:00,THC,2.08,2.08,2.07,2.06,2.07,2.07,2.1,2.12,2.11,2.11,2.06,2.06,2.04,2.04,2.03,2.04,2.05,2.05,2.05,2.04,2.03,2.03,2.02,2.02,
花蓮,2024/01/22 00:00:00,WD_HR,233,246,263,229,225,220,233,226,232,47,70,67,68,61,65,64,67,66,67,62,63,68,66,64,
花蓮,2024/01/22 00:00:00,WIND_DIREC,260,271,248,244,231,221,258,224,288,46,68,69,71,70,56,70,60,63,66,48,71,71,69,60,
花蓮,2024/01/22 00:00:00,WIND_SPEED,2.2,1.2,1.6,0.7,1.7,1.9,1.4,1.8,1,2.9,3,3.1,4.4,4.1,4.5,4.5,5.1,4.5,3.7,4.4,4.9,4.2,4.6,3.6,
花蓮,2024/01/22 00:00:00,WS_HR,1.8,1.3,1.2,1.1,1.7,1.4,1.6,1.4,1,0.9,2.6,2.5,3.8,3.2,3.7,3.6,4,3.6,3.7,3.3,3.3,3.3,3.1,3.3,
花蓮,2024/01/23 00:00:00,AMB_TEMP,14.9,14.6,14.2,14.2,13.9,13.4,12.7,13.1,13.5,14.5,14.7,14.7,14.4,13.9,13.9,13.9,13.6,13.8,13.6,13.5,13.4,13.6,13.3,13.1,
花蓮,2024/01/23 00:00:00,CH4,2.02,2.02,2.03,2.03,2.03,2.03,2.03,2.04,2.04,2.04,2.04,2.04,2.04,2.03,2.03,2.04,2.04,2.04,2.04,2.03,2.03,2.03,2.02,2.02,
花蓮,2024/01/23 00:00:00,CO,0.25,0.26,0.27,0.27,0.27,0.28,0.3,0.37,0.38,0.37,0.37,0.38,0.38,0.38,0.37,0.39,0.41,0.44,0.41,0.36,0.34,0.31,0.29,0.27,
花蓮,2024/01/23 00:00:00,NMHC,0.01,0.01,0,0.01,0.01,0.01,0.03,0.04,0.05,0.06,0.05,0.05,0.06,0.06,0.05,0.06,0.08,0.1,0.08,0.06,0.06,0.03,0.03,0.02,
花蓮,2024/01/23 00:00:00,NO,0.6,0.4,0.4,0.6,0.6,0.6,0.5,0.9,1.6,2,1.8,1.8,1.7,1.7,1.3,1.3,1.5,1.7,1,1.1,0.8,0.5,0.5,0.4,
花蓮,2024/01/23 00:00:00,NO2,2.1,1.9,1.8,1.8,1.7,2,3.4,6,7.3,6.5,6.1,6.6,6.4,7.1,7.1,8.3,10,11.2,9.1,7.3,5.8,4.2,3.3,2.7,
花蓮,2024/01/23 00:00:00,NOx,2.8,2.3,2.3,2.4,2.3,2.6,4,6.9,9,8.5,7.9,8.5,8.2,8.8,8.4,9.6,11.5,12.9,10.1,8.5,6.6,4.8,3.8,3.2,
花蓮,2024/01/23 00:00:00,O3,36.1,35.6,35.8,34.4,33.9,31.8,28.5,25.1,24.5,27.4,29.9,30.6,31.9,30.4,31.3,29.6,24.1,24.3,26,29.1,30.7,36.5,38.4,39.7,
花蓮,2024/01/23 00:00:00,PM10,11,9,6,7,7,5,4,5,4,16,11,16,8,8,8,10,8,9,10,7,8,10,13,13,
花蓮,2024/01/23 00:00:00,PM2.5,1,2,3,5,6,5,3,4,6,5,2,2,4,2,5,6,5,4,5,5,5,8,13,9,
花蓮,2024/01/23 00:00:00,RAINFALL,0,0,0,0,0,0,0,0,0,0,0,0,0,0,0,0,0,0,0,0,0,0,0,0,
花蓮,2024/01/23 00:00:00,RH,66,66,67,66,66,72,83,79,70,61,60,62,66,71,71,71,76,73,75,75,73,68,69,67,
花蓮,2024/01/23 00:00:00,SO2,0.8,0.8,0.8,0.9,1,0.9,1.1,1.2,1.3,1.3,1.2,1.3,1,1.1,1.1,1.1,1.2,1.3,1.2,1.2,1.2,1.3,1.2,1.4,
花蓮,2024/01/23 00:00:00,THC,2.03,2.03,2.03,2.04,2.04,2.04,2.06,2.08,2.09,2.1,2.09,2.09,2.1,2.09,2.08,2.1,2.12,2.14,2.12,2.09,2.09,2.06,2.05,2.04,
花蓮,2024/01/23 00:00:00,WD_HR,61,55,64,52,53,28,277,228,48,64,62,59,9,306,34,285,252,303,285,25,36,66,64,58,
花蓮,2024/01/23 00:00:00,WIND_DIREC,66,58,61,57,56,292,289,237,33,59,54,54,317,344,40,241,301,20,258,1,52,63,70,54,
花蓮,2024/01/23 00:00:00,WIND_SPEED,3.5,4.3,2.5,2.1,2.8,1.7,1.3,1.9,2.5,2.6,2.3,2,2,1.1,1.1,1.7,1.4,2.3,2.3,1.7,2.8,2.8,3.7,3.6,
花蓮,2024/01/23 00:00:00,WS_HR,3.1,2.9,3,2.1,2.1,1.5,0.9,0.5,0.8,2.3,2.3,2.1,1,1,0.7,1,0.9,0.6,1.2,0.9,1.2,2.4,2.6,3.1,
花蓮,2024/01/24 00:00:00,AMB_TEMP,12.8,12.6,12.6,12.7,12.8,12.8,12.5,12.5,12.6,13,13.4,13.7,14.1,14.2,14.2,14.1,14.2,14,13.9,13.9,13.9,14,14,14,
花蓮,2024/01/24 00:00:00,CH4,2.01,2,2,2,2,2,2.01,2.01,2.01,2.02,2.02,2.02,2.01,2.01,2.01,2.01,2.01,2.01,2.01,2.01,2.03,2.03,2.03,2.03,
花蓮,2024/01/24 00:00:00,CO,0.25,0.23,0.22,0.22,0.22,0.23,0.28,0.37,0.42,0.43,0.36,0.35,0.32,0.3,0.31,0.33,0.33,0.33,0.34,0.4,0.42,0.36,0.37,0.32,
花蓮,2024/01/24 00:00:00,NMHC,0.02,0.02,0.02,0.02,0.02,0.03,0.04,0.07,0.09,0.1,0.08,0.09,0.07,0.07,0.08,0.1,0.08,0.07,0.06,0.11,0.15,0.1,0.09,0.06,
花蓮,2024/01/24 00:00:00,NO,0.3,1,0.7,0.9,0.8,0.9,0.9,1.5,2,3,2.6,2.4,2,1.7,1.4,1.9,1.3,1.2,1.3,1.8,2,1.6,1.5,1.1,
花蓮,2024/01/24 00:00:00,NO2,2.2,1.7,1.9,2,2.1,2.4,4.5,8.6,13.3,16,10.9,10.1,7.4,7.8,8.6,10.4,10.3,9.8,9.6,12.6,11.6,10.6,11.3,8.8,
花蓮,2024/01/24 00:00:00,NOx,2.5,2.7,2.7,3,2.9,3.3,5.4,10.2,15.4,19.1,13.6,12.5,9.5,9.5,10.1,12.4,11.6,11,11,14.4,13.6,12.2,12.8,9.9,
花蓮,2024/01/24 00:00:00,O3,40.3,40.9,40.3,39.9,40.3,37.6,30.7,23.7,20,18.5,23.7,25.8,29.1,29.9,28.5,27.3,28.4,29.5,28.5,20.7,15,19,16.9,19.6,
花蓮,2024/01/24 00:00:00,PM10,13,20,13,19,21,19,15,19,18,#,19,14,16,17,17,26,26,23,21,26,15,18,14,18,
花蓮,2024/01/24 00:00:00,PM2.5,6,6,6,8,7,13,11,8,10,11,#,4,5,9,13,9,11,9,9,13,8,9,13,11,
花蓮,2024/01/24 00:00:00,RAINFALL,0,0,0,0,0,0,0,0,0,0,0,0,0,0,0,0,0,0,0,0,0,0,0,0,
花蓮,2024/01/24 00:00:00,RH,68,68,67,65,63,63,71,73,73,71,66,64,63,64,64,66,66,69,70,72,74,74,75,75,
花蓮,2024/01/24 00:00:00,SO2,1.4,0.7,0.8,0.8,0.8,0.8,0.7,0.8,0.9,1,1.4,1.5,1,0.8,0.8,0.6,0.6,0.7,0.6,0.6,0.6,0.7,0.6,0.6,
花蓮,2024/01/24 00:00:00,THC,2.03,2.02,2.02,2.02,2.02,2.03,2.05,2.08,2.1,2.12,2.1,2.11,2.08,2.08,2.09,2.11,2.09,2.08,2.07,2.12,2.18,2.13,2.12,2.09,
花蓮,2024/01/24 00:00:00,WD_HR,63,55,55,55,53,43,302,277,267,265,277,288,332,328,354,344,347,32,309,295,295,302,289,307,
花蓮,2024/01/24 00:00:00,WIND_DIREC,62,60,59,54,50,17,302,262,270,268,297,315,335,349,67,319,49,354,284,300,291,316,305,286,
花蓮,2024/01/24 00:00:00,WIND_SPEED,3.5,3.6,3.5,3.6,2.9,2.4,1.2,1.3,0.9,1.4,1.4,1.2,1.1,1.5,1.3,1.4,1,1.5,1.3,1.3,1.1,1,1,1,
花蓮,2024/01/24 00:00:00,WS_HR,3.1,2.7,2.9,2.6,2.3,1.9,1,1.2,1.1,1.1,1,1.3,0.7,1.1,1,1.1,0.9,0.9,0.8,1.1,1,0.8,0.7,1,
花蓮,2024/01/25 00:00:00,AMB_TEMP,14,13.5,13.5,13.1,13.1,13.4,13.3,13.5,13.9,14.4,14.7,15.1,15.7,15.8,15.7,15.4,15.1,15.1,15.1,14.8,14.5,14.3,14.2,14.2,
花蓮,2024/01/25 00:00:00,CH4,2.03,2.02,2.03,2.02,2.02,2.03,2.03,2.03,2.02,2.03,2.02,2.03,2.02,2.01,2.02,2.02,2.03,2.02,2.03,2.03,2.02,2.02,2.03,2.06,
花蓮,2024/01/25 00:00:00,CO,0.3,0.31,0.3,0.32,0.34,0.34,0.37,0.5,0.45,0.38,0.36,0.4,0.41,0.34,0.39,0.44,0.46,0.48,0.54,0.48,0.35,0.33,0.29,0.3,
花蓮,2024/01/25 00:00:00,NMHC,0.06,0.05,0.05,0.04,0.03,0.04,0.05,0.1,0.1,0.08,0.08,0.12,0.09,0.06,0.13,0.16,0.13,0.12,0.15,0.15,0.08,0.07,0.05,0.04,
花蓮,2024/01/25 00:00:00,NO,1,0.9,0.9,1,1.1,1.2,1.4,2.9,5.9,5.2,3.5,5.5,4.6,2.2,2.3,4.1,4.2,2.3,2.9,3.3,1.3,1.1,1,1,
花蓮,2024/01/25 00:00:00,NO2,9,12,10.5,11.3,16,15.3,17.2,19.4,15.7,13,10.7,11.9,13.3,12.1,15.3,27.5,26.4,21,22.6,17.9,9.3,8.8,6.1,5.7,
花蓮,2024/01/25 00:00:00,NOx,10,13,11.4,12.3,17.1,16.5,18.6,22.3,21.7,18.2,14.3,17.4,17.9,14.3,17.6,31.6,30.6,23.4,25.6,21.2,10.7,10,7.2,6.7,
花蓮,2024/01/25 00:00:00,O3,18.6,19.3,21.1,19.1,16.3,15.8,11.3,9.6,6.9,9.7,13.4,12.5,19.8,27.1,22.4,10,13.8,18.1,11.4,10.5,23.9,18.2,17.5,18.9,
花蓮,2024/01/25 00:00:00,PM10,17,18,14,13,12,13,12,13,22,24,13,24,18,18,25,15,19,10,18,17,9,10,8,6,
花蓮,2024/01/25 00:00:00,PM2.5,7,10,10,12,8,10,10,9,9,15,10,11,10,7,14,10,8,7,13,16,8,6,9,10,
花蓮,2024/01/25 00:00:00,RAINFALL,0,0,0,0,0,0,0,0,0,0,0,0,0,0,0,0,0,0,0,0,0,0,0,0,
花蓮,2024/01/25 00:00:00,RH,75,82,83,88,86,85,87,87,85,82,80,79,74,78,80,81,84,83,84,88,89,93,95,94,
花蓮,2024/01/25 00:00:00,SO2,0.7,0.5,0.5,0.7,0.7,0.7,0.7,0.7,0.6,0.6,0.9,0.6,0.6,0.4,0.3,0.4,0.4,0.2,0.3,0.2,0.3,0.4,0.4,0.5,
花蓮,2024/01/25 00:00:00,THC,2.09,2.07,2.08,2.06,2.05,2.07,2.08,2.13,2.12,2.11,2.1,2.15,2.11,2.07,2.15,2.18,2.16,2.14,2.18,2.18,2.1,2.09,2.08,2.1,
花蓮,2024/01/25 00:00:00,WD_HR,309,27,323,359,327,333,316,254,248,227,225,248,332,41,344,331,347,314,286,265,269,224,224,229,
花蓮,2024/01/25 00:00:00,WIND_DIREC,332,26,352,352,311,294,297,228,250,228,241,261,54,3,317,355,337,293,274,279,230,224,230,228,
花蓮,2024/01/25 00:00:00,WIND_SPEED,0.6,0.8,0.8,1.3,0.7,0.7,1.4,1.7,1.4,1.4,0.8,1.1,1.1,2.1,1.5,1.3,1.2,1.1,1.2,1.2,0.9,2,1.7,1.8,
花蓮,2024/01/25 00:00:00,WS_HR,0.8,0.5,0.6,1.1,1,0.4,1.4,1,1.3,0.9,0.9,1.1,0.6,1.3,1.2,1.3,0.9,1,1,1.3,1,1.7,1.6,1.8,
花蓮,2024/01/26 00:00:00,AMB_TEMP,14.3,14.6,14.6,14.2,14,14.2,14.3,14.4,14.7,15.1,15.5,16,16.2,16.3,16.4,16.5,16.1,16.1,15.9,15.7,15.4,15.1,14.8,14.8,
花蓮,2024/01/26 00:00:00,CH4,2.03,2.05,2.03,2.03,2.03,2.04,2.04,2.04,2.05,2.03,2.02,2.02,2.02,2.01,2.02,2.02,2.02,2.02,2.03,2.03,2.04,2.03,2.03,2.03,
花蓮,2024/01/26 00:00:00,CO,0.28,0.27,0.27,0.28,0.28,0.3,0.33,0.42,0.54,0.46,0.37,0.34,0.34,0.35,0.38,0.39,0.4,0.5,0.47,0.47,0.48,0.4,0.36,0.34,
花蓮,2024/01/26 00:00:00,NMHC,0.04,0.06,0.02,0.03,0.03,0.05,0.05,0.08,0.12,0.12,0.07,0.06,0.06,0.07,0.07,0.08,0.11,0.14,0.12,0.14,0.12,0.07,0.07,0.06,
花蓮,2024/01/26 00:00:00,NO,0.9,0.8,0.8,0.8,0.8,0.7,0.7,1.6,3.1,3.5,3.3,2.4,2.2,2,2.2,2.2,1.7,1.9,2,1.6,1.5,1.5,1.1,1.2,
花蓮,2024/01/26 00:00:00,NO2,5.1,5.7,6.3,6.9,5.2,6.5,7.4,10.9,17.2,16.5,13.8,10.9,10,10.4,14.2,15.5,14.1,18.1,15.5,15.3,14.2,12.7,9.2,9.6,
花蓮,2024/01/26 00:00:00,NOx,6.1,6.6,7.1,7.7,6.1,7.2,8.1,12.5,20.3,20,17.1,13.4,12.3,12.4,16.5,17.8,15.8,20.1,17.6,17,15.7,14.2,10.3,10.8,
花蓮,2024/01/26 00:00:00,O3,20,19,26.1,25.6,28,25.9,26.4,23.6,14.8,17.7,25.4,28.8,30,29.6,25.6,25.7,30.6,26.3,24.7,21.6,18.5,24.7,28.6,24.3,
花蓮,2024/01/26 00:00:00,PM10,6,10,9,8,5,3,7,9,14,16,17,16,15,18,24,21,25,26,28,25,21,16,18,7,
花蓮,2024/01/26 00:00:00,PM2.5,8,6,6,4,1,1,4,12,11,7,8,7,5,5,9,11,13,18,15,19,19,17,16,13,
花蓮,2024/01/26 00:00:00,RAINFALL,0,0,0,0,0.5,0,0,0,0,0,0,0,0,0,0,0,0,0,0,0,0,0,0,0,
花蓮,2024/01/26 00:00:00,RH,93,91,91,94,95,92,90,88,89,86,82,78,79,79,77,77,82,82,84,86,91,93,95,96,
花蓮,2024/01/26 00:00:00,SO2,0.5,0.2,0.1,0.3,0.4,0.3,0.3,0.5,0.5,0.4,0.4,0.3,0.3,0.3,0.4,0.2,0.3,0.4,0.3,0.4,0.3,0.3,0.3,0.3,
花蓮,2024/01/26 00:00:00,THC,2.07,2.11,2.05,2.06,2.06,2.09,2.09,2.12,2.17,2.15,2.09,2.08,2.08,2.08,2.09,2.1,2.13,2.16,2.15,2.17,2.16,2.1,2.1,2.09,
花蓮,2024/01/26 00:00:00,WD_HR,251,44,334,294,286,264,291,301,252,265,304,344,41,8,327,345,332,298,295,246,264,289,263,244,
花蓮,2024/01/26 00:00:00,WIND_DIREC,12,39,305,284,306,296,323,269,254,286,305,21,40,328,331,334,321,303,271,226,297,282,236,233,
花蓮,2024/01/26 00:00:00,WIND_SPEED,0.4,1.4,1.5,1.1,1.5,0.2,0.6,0.8,1.2,1.3,1.1,1,1,1,1.1,1.9,1.2,1.2,0.8,1.2,1.3,1,0.7,1.3,
花蓮,2024/01/26 00:00:00,WS_HR,0.9,0.4,1,1.1,1.2,0.4,0.3,1,0.9,0.9,0.9,0.6,0.8,0.3,0.9,1.1,1.2,1.1,1.1,1,0.9,1,0.9,1,
花蓮,2024/01/27 00:00:00,AMB_TEMP,14.8,14.8,14.9,15.3,15.3,15.1,15.2,15.5,16.1,16.7,17.2,16.9,17.3,16.9,16.3,15.8,15.9,16.1,15.6,15.5,15.6,15.7,15.7,15.6,
花蓮,2024/01/27 00:00:00,CH4,2.03,2.05,2.05,2.04,2.04,2.02,2.03,2.06,2.04,2.04,2.03,2.03,2.03,2.02,2.02,2.02,2.03,2.04,2.04,2.05,2.05,2.06,2.05,2.05,
花蓮,2024/01/27 00:00:00,CO,0.31,0.28,0.28,0.28,0.27,0.27,0.33,0.52,0.49,0.49,0.44,0.41,0.38,0.35,0.36,0.39,0.45,0.48,0.45,0.49,0.49,0.49,0.37,0.35,
花蓮,2024/01/27 00:00:00,NMHC,0.04,0.03,0.03,0.05,0.04,0.04,0.09,0.17,0.13,0.11,0.1,0.08,0.07,0.08,0.08,0.07,0.1,0.12,0.1,0.1,0.12,0.11,0.07,0.05,
花蓮,2024/01/27 00:00:00,NO,1.1,1.2,0.8,0.7,0.6,0.8,1,3.2,4.8,4.2,3,1.5,1.5,1.3,1,1.4,1.5,1.5,1.3,1.7,1.4,1.1,0.8,1,
花蓮,2024/01/27 00:00:00,NO2,6.8,5.2,4.4,5.7,6.2,4.7,6.4,13.1,19.9,20.3,18.6,13.3,12.3,10.7,10.3,15.8,16.2,22.7,20.7,20.6,17.7,16.2,10.7,8.2,
花蓮,2024/01/27 00:00:00,NOx,8,6.5,5.2,6.4,6.8,5.5,7.5,16.3,24.7,24.6,21.7,14.8,13.8,12.1,11.4,17.2,17.7,24.3,22.1,22.3,19.2,17.4,11.5,9.2,
花蓮,2024/01/27 00:00:00,O3,22.4,18.1,16.1,17.9,14.7,12.2,10.2,5.5,14.6,17.5,28,35.2,34.8,37.4,37.7,30.5,32.1,22.1,25.3,20,19.5,18.9,22.9,21,
花蓮,2024/01/27 00:00:00,PM10,7,12,12,8,6,4,6,12,19,17,21,17,12,18,11,13,14,16,10,11,13,16,13,11,
花蓮,2024/01/27 00:00:00,PM2.5,12,17,13,10,10,8,8,10,16,15,10,7,6,6,7,12,10,13,12,13,19,15,13,15,
花蓮,2024/01/27 00:00:00,RAINFALL,0,0,0,0,0,0,0,0,0,0,0,0,0,0,0,0,0,0,0.5,0.5,0,0,0,0,
花蓮,2024/01/27 00:00:00,RH,97,98,98,93,93,94,94,93,87,83,79,83,79,83,88,93,93,91,97,99,99,98,98,99,
花蓮,2024/01/27 00:00:00,SO2,0.3,0.6,0.4,0.7,0.7,0.6,0.7,0.7,0.7,0.6,0.7,0.8,0.6,0.6,0.7,0.7,0.7,0.7,0.6,0.8,0.7,0.7,0.6,0.5,
花蓮,2024/01/27 00:00:00,THC,2.07,2.08,2.08,2.09,2.08,2.06,2.12,2.23,2.17,2.15,2.13,2.11,2.1,2.1,2.1,2.09,2.13,2.16,2.14,2.15,2.17,2.17,2.12,2.1,
花蓮,2024/01/27 00:00:00,WD_HR,230,243,253,285,238,224,234,283,302,337,45,42,38,14,341,340,321,318,316,290,272,256,218,230,
花蓮,2024/01/27 00:00:00,WIND_DIREC,247,242,278,269,227,228,271,279,305,23,64,50,54,45,22,338,324,351,293,291,265,224,225,275,
花蓮,2024/01/27 00:00:00,WIND_SPEED,1.2,1.5,1.2,1.2,1.4,1,0.5,0.8,0.4,1.1,1.4,1.3,1.1,1,1.1,1.4,0.8,0.4,1,1.2,0.8,1,1.1,0.2,
花蓮,2024/01/27 00:00:00,WS_HR,1.4,1.1,1.1,1.1,0.9,0.9,0.4,0.3,0.7,0.5,1,1,1,0.8,1,1.2,0.8,0.5,0.8,1.2,0.9,0.7,1,0.4,
花蓮,2024/01/28 00:00:00,AMB_TEMP,15.6,15.3,15.3,15.3,15.3,15.9,15.9,16,16.2,16.4,16.5,16.7,16.7,16.7,16.5,16.1,16.2,16,15.9,15.9,16,15.8,15.6,15.5,
花蓮,2024/01/28 00:00:00,CH4,2.06,2.06,2.06,2.07,2.07,2.08,2.07,2.05,2.04,2.04,2.06,2.07,2.07,2.07,2.07,2.07,2.08,2.08,2.08,2.09,2.1,2.11,2.11,2.08,
花蓮,2024/01/28 00:00:00,CO,0.37,0.37,0.38,0.36,0.37,0.38,0.38,0.36,0.35,0.38,0.41,0.45,0.47,0.46,0.47,0.51,0.54,0.57,0.58,0.58,0.91,0.62,0.57,0.46,
花蓮,2024/01/28 00:00:00,NMHC,0.07,0.03,0.03,0.04,0.03,0.02,0.03,0.03,0.03,0.05,0.05,0.07,0.08,0.07,0.07,0.09,0.09,0.11,0.12,0.13,0.19,0.17,0.18,0.08,
花蓮,2024/01/28 00:00:00,NO,0.8,0.4,0.6,0.4,0.4,0.4,0.3,0.4,0.5,0.7,0.6,0.7,0.8,0.5,0.8,1,0.8,1,0.8,0.7,1.2,1,1.1,0.9,
花蓮,2024/01/28 00:00:00,NO2,8.8,10.1,9.1,6.4,5.4,4,4,4.4,4.8,5.1,5.8,6.8,7.8,7.5,8,9.7,10.9,12.7,13.1,14.3,16.6,16,14.8,9.1,
花蓮,2024/01/28 00:00:00,NOx,9.6,10.6,9.7,6.9,5.9,4.5,4.3,4.8,5.4,5.9,6.5,7.5,8.6,8,8.9,10.7,11.8,13.8,14,15,17.8,17.1,16,10,
花蓮,2024/01/28 00:00:00,O3,21.3,25.4,28.7,29.9,32.8,42.3,42.6,41.5,41.2,41.2,41.4,41.9,43.7,47.1,44.4,41.2,39,34.8,32.2,28.5,21.7,17.9,13.4,17.8,
花蓮,2024/01/28 00:00:00,PM10,16,5,8,9,7,22,24,15,21,21,21,33,40,37,40,41,47,40,42,29,30,36,36,25,
花蓮,2024/01/28 00:00:00,PM2.5,14,12,9,6,8,18,19,11,11,15,19,26,21,25,30,30,34,32,31,27,27,29,31,19,
花蓮,2024/01/28 00:00:00,RAINFALL,0.5,0.5,0,0.5,0,0.5,0,0,0,0,0,0,0,0,0,0,0,0,0,0,0,0,0,0,
花蓮,2024/01/28 00:00:00,RH,100,100,99,99,98,85,80,78,74,72,72,71,72,71,75,80,79,81,82,82,83,84,88,89,
花蓮,2024/01/28 00:00:00,SO2,0.6,0.6,0.6,0.6,0.7,0.8,0.7,0.7,0.8,0.8,0.9,0.8,1,1,0.9,1,1,0.9,1,1,1,0.9,0.9,0.9,
花蓮,2024/01/28 00:00:00,THC,2.13,2.09,2.09,2.11,2.1,2.1,2.1,2.08,2.07,2.09,2.11,2.14,2.15,2.14,2.14,2.16,2.17,2.19,2.2,2.22,2.29,2.28,2.29,2.16,
花蓮,2024/01/28 00:00:00,WD_HR,317,336,340,305,333,48,55,57,55,45,50,63,24,47,312,292,294,301,289,280,288,264,243,244,
花蓮,2024/01/28 00:00:00,WIND_DIREC,317,322,35,310,53,42,51,62,47,46,44,43,343,48,294,296,295,319,255,297,280,254,238,241,
花蓮,2024/01/28 00:00:00,WIND_SPEED,0.8,1.2,0.2,1,1.1,2.2,2.4,2.2,2.8,1.6,2.2,2.1,1.6,1.1,1.3,1.5,1.4,1.3,0.7,1.1,0.9,0.9,1,1,
花蓮,2024/01/28 00:00:00,WS_HR,0.5,0.8,0.4,0.4,0.5,1.6,2.2,2.1,2.1,2,1.9,1.7,1,0.8,0.8,1.4,1.2,1.3,1,0.9,0.8,0.9,1,1,
花蓮,2024/01/29 00:00:00,AMB_TEMP,15.3,15.3,15.2,15.1,15.1,15.2,15.3,15.5,16.1,17.6,19.3,20.3,21.1,21.8,21.4,21.2,21.1,21,20.6,20.1,19.9,19.6,19.2,19.2,
花蓮,2024/01/29 00:00:00,CH4,2.1,2.13,2.12,2.1,2.09,2.09,2.11,2.1,2.11,2.09,2.08,2.07,2.06,2.04,2.03,2.02,2.02,2.04,2.05,2.07,2.07,2.09,2.1,2.07,
花蓮,2024/01/29 00:00:00,CO,0.41,0.39,0.39,0.39,0.39,0.39,0.42,0.48,0.49,0.43,0.4,0.42,0.39,0.35,0.34,0.35,0.36,0.43,0.64,0.72,0.62,0.42,0.34,0.34,
花蓮,2024/01/29 00:00:00,NMHC,0.05,0.04,0.03,0.04,0.04,0.05,0.05,0.07,0.07,0.04,0.04,0.05,0.04,0.01,0,0.02,0.02,0.1,0.21,0.26,0.21,0.08,0.03,0.03,
花蓮,2024/01/29 00:00:00,NO,0.5,0.4,0.4,0.4,0.4,0.5,0.7,1.2,2.1,1.8,1.7,1.2,1.5,1,0.6,0.5,0.6,0.6,1.3,1.2,1.6,0.7,0.5,0.5,
花蓮,2024/01/29 00:00:00,NO2,5.4,4.4,3.8,3.6,3.9,4,5.7,8.2,9.1,7.3,5.8,7.1,8.5,5.5,3.9,4.2,4.8,8,19.2,20.6,19.8,10.1,5.1,4,
花蓮,2024/01/29 00:00:00,NOx,5.9,4.8,4.3,4,4.3,4.5,6.4,9.5,11.3,9.2,7.5,8.4,10,6.6,4.6,4.7,5.5,8.7,20.5,21.8,21.5,10.8,5.6,4.5,
花蓮,2024/01/29 00:00:00,O3,20.3,19.3,20.2,24,20.4,16.1,14.9,15.6,15.3,23.2,29.3,40.1,42.6,54.3,58.4,58.1,58,52.2,29.2,17.1,18.1,24,27.9,29,
花蓮,2024/01/29 00:00:00,PM10,24,25,21,25,23,22,23,26,27,19,12,13,7,6,8,7,5,14,15,17,25,17,10,6,
花蓮,2024/01/29 00:00:00,PM2.5,19,24,24,27,24,18,20,23,21,16,11,8,7,4,5,4,2,2,12,13,10,12,10,8,
花蓮,2024/01/29 00:00:00,RAINFALL,0,0,0,0,0,0,0,0,0,0,0,0,0,0,0,0,0,0,0,0,0,0,0,0,
花蓮,2024/01/29 00:00:00,RH,90,91,92,91,93,93,92,91,88,79,72,66,63,63,68,72,74,74,77,80,81,84,87,86,
花蓮,2024/01/29 00:00:00,SO2,0.8,0.5,0.5,0.8,0.8,0.5,0.6,0.6,0.7,0.7,0.6,0.7,7.3,1.1,0.8,0.8,0.8,0.7,0.7,0.6,0.7,0.8,0.7,0.6,
花蓮,2024/01/29 00:00:00,THC,2.15,2.17,2.15,2.14,2.13,2.14,2.16,2.17,2.18,2.13,2.12,2.12,2.1,2.05,2.03,2.04,2.04,2.14,2.26,2.33,2.28,2.17,2.13,2.1,
花蓮,2024/01/29 00:00:00,WD_HR,230,227,228,226,234,229,230,222,221,217,200,219,221,118,111,123,129,203,299,254,225,211,211,206,
花蓮,2024/01/29 00:00:00,WIND_DIREC,227,224,216,224,226,218,230,221,213,217,203,206,182,113,106,145,141,212,293,263,211,202,215,217,
花蓮,2024/01/29 00:00:00,WIND_SPEED,1.7,1.7,1.5,1.9,1.7,1.6,1.6,2,2.5,2.4,0.7,1.2,1.1,1.9,2,1,0.5,0.3,0.8,1.1,1.3,2.4,2.4,1.9,
花蓮,2024/01/29 00:00:00,WS_HR,1.7,1.3,1.5,1.5,1.3,1.5,1.4,1.5,2.1,2.4,1.4,0.7,0.7,1.3,1.7,1,0.7,0.4,0.8,0.2,0.9,1.4,2.2,1.5,
花蓮,2024/01/30 00:00:00,AMB_TEMP,19,18.8,18.6,18.3,18.5,18.5,18.1,18.6,20.4,21.4,23.8,23.6,24.6,24.4,24.2,23.7,23.2,22.5,21.7,21.5,21.6,21.5,21.3,21.1,
花蓮,2024/01/30 00:00:00,CH4,2.06,2.07,2.09,2.1,2.05,2.05,2.06,2.07,2.05,#,2.04,1.97,1.98,1.99,1.99,1.99,1.99,1.99,1.98,2,2.02,2.02,2.05,2.02,
花蓮,2024/01/30 00:00:00,CO,0.32,0.32,0.3,0.3,0.29,0.3,0.3,0.37,0.34,0.32,#,#,0.25,0.25,0.26,0.26,0.34,0.35,0.28,0.31,0.54,0.43,0.43,0.29,
花蓮,2024/01/30 00:00:00,NMHC,0.01,0.02,0.02,0.02,0.01,0.01,0.01,0.04,0.03,#,0.03,0.01,0,0,0.01,0.01,0.06,0.06,0.03,0.07,0.18,0.11,0.16,0.04,
花蓮,2024/01/30 00:00:00,NO,0.4,0.6,0.2,0.4,0.3,0.4,0.7,1.4,2.3,2.7,#,#,1,0.8,0.8,0.7,0.7,0.9,0.7,1,1.3,1.4,1.2,0.7,
花蓮,2024/01/30 00:00:00,NO2,3.1,3.4,2.9,2.6,2.2,1.9,2.3,4.1,4.9,5.4,#,#,2.7,2.2,3.8,4.2,6.8,9.6,4.4,7.2,12.6,10.5,11.7,5.8,
花蓮,2024/01/30 00:00:00,NOx,3.5,4,3.2,3,2.6,2.3,3,5.6,7.2,8.2,#,#,3.7,3.1,4.6,5,7.6,10.5,5.1,8.3,13.9,11.9,12.9,6.6,
花蓮,2024/01/30 00:00:00,O3,26.6,22.6,21,18.5,19.8,27.2,16.7,13.7,17,15.4,#,38.9,42.7,42.3,40.3,40.7,34.5,33.2,38.9,34.2,16.4,15.1,9.1,15.4,
花蓮,2024/01/30 00:00:00,PM10,6,7,4,3,7,4,3,5,4,#,16,18,23,23,28,23,25,19,17,19,18,13,27,14,
花蓮,2024/01/30 00:00:00,PM2.5,4,4,5,8,4,3,6,5,4,2,#,13,7,3,6,10,11,9,13,11,15,11,18,12,
花蓮,2024/01/30 00:00:00,RAINFALL,0,0,0,0,0,0,0,0,0,0,#,0,0,0,0,0,0,0,0,0,0,0,0,0,
花蓮,2024/01/30 00:00:00,RH,86,87,89,91,90,90,91,88,80,76,72,82,70,68,69,76,80,86,92,89,87,86,88,89,
花蓮,2024/01/30 00:00:00,SO2,0.6,0.2,0.2,0.4,0.5,0.4,0.3,0.4,0.4,0.4,#,#,0,0.2,0.3,0.2,0.5,0.3,0.2,0.8,1,0.3,0.4,0.3,
花蓮,2024/01/30 00:00:00,THC,2.07,2.09,2.11,2.12,2.06,2.06,2.07,2.11,2.08,#,2.07,1.98,1.98,1.99,2,2,2.05,2.05,2.01,2.07,2.2,2.13,2.21,2.06,
花蓮,2024/01/30 00:00:00,WD_HR,214,230,211,206,215,205,210,203,211,197,147,159,166,173,189,177,208,100,163,194,290,297,209,223,
花蓮,2024/01/30 00:00:00,WIND_DIREC,223,219,205,209,212,208,198,208,211,188,141,154,170,173,211,193,319,97,177,214,304,226,223,226,
花蓮,2024/01/30 00:00:00,WIND_SPEED,1.9,1.3,1,2.1,3.3,3.5,2.3,1.7,2.3,1.6,1.9,2.6,2.9,2.6,2,1.6,0.7,0.9,1.3,0.4,1.1,0.3,1.2,1.1,
花蓮,2024/01/30 00:00:00,WS_HR,1.8,0.9,1.4,1.4,2.5,3,2.7,2.1,2.5,1.8,1.1,2,2.6,2.4,1.5,1.3,0.7,0.5,1,1,0.9,0.5,0.6,1.2,
花蓮,2024/01/31 00:00:00,AMB_TEMP,21.1,20.9,20.5,20.2,20.2,20.2,19.9,20.7,21.3,22.3,23.4,24.9,24.4,25.3,24.9,24.5,24,23.7,23.2,22.8,22.1,22.4,22.4,21.9,
花蓮,2024/01/31 00:00:00,CH4,2,2,2.03,2.01,1.98,1.98,2,1.98,1.99,2,2.01,1.98,1.96,1.95,1.95,1.95,1.96,1.97,1.97,2,2.01,1.99,1.99,2.01,
花蓮,2024/01/31 00:00:00,CO,0.27,0.23,0.23,0.22,0.21,0.21,0.24,0.26,0.3,0.27,0.29,0.26,0.23,0.21,0.22,0.23,0.3,0.41,0.43,0.53,0.4,0.25,0.23,0.23,
花蓮,2024/01/31 00:00:00,NMHC,0.03,0.02,0.01,0.02,0,0.01,0.01,0.02,0.04,0.03,0.03,0.01,0,0,0.01,0.02,0.05,0.11,0.11,0.21,0.15,0.04,0.01,0.02,
花蓮,2024/01/31 00:00:00,NO,0.7,0.6,0.4,0.4,0.5,0.5,0.8,1,2.6,2.5,2.6,2,1,0.7,0.8,0.7,0.8,0.8,1,1.2,1.1,0.5,0.5,0.5,
花蓮,2024/01/31 00:00:00,NO2,4.2,2.3,2.2,1.8,1.4,1.4,1.9,2.3,4.5,4.4,5.4,4.4,2.1,1.4,1.4,2.6,6,9.7,10.5,16,12.7,4.4,2.8,2.8,
花蓮,2024/01/31 00:00:00,NOx,4.9,2.9,2.6,2.3,1.9,2,2.8,3.3,7.2,7,8.1,6.5,3.1,2.2,2.2,3.4,6.8,10.5,11.5,17.3,13.9,4.9,3.3,3.3,
花蓮,2024/01/31 00:00:00,O3,14.8,14.2,15.7,12.7,12.6,12.1,11,12.5,10.5,11.9,17.3,30.2,39,41.8,42.1,44.5,36.3,31,27.9,16.4,14.2,24.7,29.3,24.9,
花蓮,2024/01/31 00:00:00,PM10,7,5,6,9,5,3,6,6,9,8,11,19,23,17,22,24,22,27,16,26,18,12,14,11,
花蓮,2024/01/31 00:00:00,PM2.5,7,5,7,10,8,6,5,8,10,7,5,9,7,10,9,10,8,12,12,14,13,10,10,12,
花蓮,2024/01/31 00:00:00,RAINFALL,0,0,0,0,0,0,0,0,0,0,0,0,0,0,0,0,0,0,0,0,0,0,0,0,
花蓮,2024/01/31 00:00:00,RH,87,88,90,88,84,84,88,81,80,76,73,69,76,76,77,76,78,77,76,80,85,84,84,87,
花蓮,2024/01/31 00:00:00,SO2,0.3,0.6,0.7,0.7,0.7,0.7,0.7,0.8,0.7,0.7,4.3,2.5,0.6,0.7,0.6,0.7,0.8,0.9,0.8,0.9,0.8,0.7,0.7,0.6,
花蓮,2024/01/31 00:00:00,THC,2.03,2.02,2.04,2.03,1.98,1.99,2.01,2,2.03,2.03,2.04,1.99,1.96,1.95,1.96,1.97,2.01,2.08,2.08,2.21,2.16,2.03,2,2.03,
花蓮,2024/01/31 00:00:00,WD_HR,225,205,203,215,208,209,210,214,213,201,201,128,133,138,147,184,245,247,279,236,221,207,215,208,
花蓮,2024/01/31 00:00:00,WIND_DIREC,208,188,201,220,204,215,201,225,210,202,180,137,138,136,167,221,255,287,286,249,213,215,222,206,
花蓮,2024/01/31 00:00:00,WIND_SPEED,1.3,1.3,2,1.1,2.2,2.5,2.3,2.1,1.7,2.4,0.6,2.2,2.7,2.6,2.1,1.3,0.9,1.3,1,0.9,1.9,2.3,1.7,1.8,
花蓮,2024/01/31 00:00:00,WS_HR,1.1,1.3,1.5,1.3,1.7,2.1,2.2,2.2,1.6,2,1.6,1.4,2,2.1,1.7,1.6,0.9,0.9,1.1,0.9,1.1,1.9,2.1,1.8,
花蓮,2024/02/01 00:00:00,AMB_TEMP,21.7,21.3,20.7,20.3,19.9,19.6,19.3,19.6,21.5,23.9,25.7,26,26.1,25,24.7,24.5,23.8,23.4,23,23.1,22.9,22.8,22.6,22.3,
花蓮,2024/02/01 00:00:00,CH4,2.01,1.98,1.99,2.01,2.02,2.02,2.04,2.02,2.02,2,1.97,1.94,1.94,1.93,1.93,1.93,1.93,1.94,1.94,1.95,1.99,2,1.99,2.01,
花蓮,2024/02/01 00:00:00,CO,0.21,0.19,0.19,0.19,0.19,0.2,0.22,0.24,0.23,0.23,0.26,0.19,0.2,0.19,0.19,0.2,0.2,0.26,0.23,0.34,0.41,0.41,0.32,0.26,
花蓮,2024/02/01 00:00:00,NMHC,0.01,0.01,0,0.01,0.01,0.02,0.03,0.02,0.03,0.03,0.02,0,0,0,0,0.01,0.01,0.03,0.02,0.11,0.14,0.13,0.09,0.04,
花蓮,2024/02/01 00:00:00,NO,0.5,0.7,0.6,0.5,0.6,0.8,0.8,1.4,2.3,3.1,2.7,1.2,0.9,0.9,0.8,0.9,1.1,0.8,0.7,0.6,1.2,1.4,0.9,0.9,
花蓮,2024/02/01 00:00:00,NO2,2,2.1,1.9,1.9,2,2.7,3.1,3.3,3.1,3.9,4.2,2.3,1.8,1.9,2.3,3.8,4.3,5.7,4.5,8.1,12.7,13,11.2,6.3,
花蓮,2024/02/01 00:00:00,NOx,2.5,2.9,2.6,2.4,2.7,3.5,4,4.8,5.4,7,6.9,3.5,2.8,2.8,3.2,4.8,5.5,6.5,5.2,8.8,14,14.4,12.2,7.2,
花蓮,2024/02/01 00:00:00,O3,22.3,19.5,17,14,12.4,10.8,9.7,9.3,10.8,13.4,20.9,31.8,34.7,36.1,36.8,35.8,34.9,34.6,34.7,28.1,17.2,16.2,13.2,13.7,
花蓮,2024/02/01 00:00:00,PM10,9,9,8,6,4,5,7,9,10,15,12,12,17,24,18,23,18,13,18,16,15,16,16,11,
花蓮,2024/02/01 00:00:00,PM2.5,10,8,6,4,4,7,11,6,6,7,4,6,8,6,10,10,9,8,8,9,8,7,8,10,
花蓮,2024/02/01 00:00:00,RAINFALL,0,0,0,0,0,0,0,0,0,0,0,0,0,0,0,0,0,0,0,0,0,0,0,0,
花蓮,2024/02/01 00:00:00,RH,87,87,89,87,88,87,90,88,80,69,62,66,70,77,78,79,84,87,91,90,92,91,90,91,
花蓮,2024/02/01 00:00:00,SO2,0.7,0.5,0.4,0.4,0.4,0.4,0.6,0.5,0.5,0.7,5.3,0.4,0.4,0.4,0.5,0.6,0.5,0.5,0.4,0.5,0.6,0.5,0.7,0.5,
花蓮,2024/02/01 00:00:00,THC,2.02,1.99,1.99,2.02,2.03,2.04,2.07,2.04,2.05,2.03,1.99,1.94,1.93,1.93,1.93,1.94,1.94,1.97,1.96,2.06,2.13,2.13,2.08,2.05,
花蓮,2024/02/01 00:00:00,WD_HR,205,212,209,213,219,226,218,214,212,209,177,129,135,140,145,153,145,166,114,3,312,321,227,217,
花蓮,2024/02/01 00:00:00,WIND_DIREC,202,206,210,224,234,218,211,211,208,198,124,131,149,131,168,147,129,205,82,332,306,283,214,199,
花蓮,2024/02/01 00:00:00,WIND_SPEED,2.9,2.3,2,1.8,1.5,1.6,1.8,3.1,2.3,2.5,2.3,2.5,2.2,2.3,2,1.3,1.5,1.1,0.7,0.9,0.9,0.5,1.5,1.1,
花蓮,2024/02/01 00:00:00,WS_HR,2.3,2.3,1.9,1.9,1.7,1.5,1.8,2.6,2.5,2.3,1.4,2,2,1.8,1.5,1.1,1.1,0.8,0.6,0.4,0.8,0.6,0.7,1.3,
花蓮,2024/02/02 00:00:00,AMB_TEMP,22.2,22.1,22,21.8,21.6,21.6,21.5,21.4,22.2,23.7,25.3,25.9,24.4,23.6,23.5,22.5,21.8,21.5,21.8,21.6,21.2,20.7,20.7,20.6,
花蓮,2024/02/02 00:00:00,CH4,1.99,1.96,1.98,1.97,1.97,1.97,1.97,1.97,1.97,1.99,1.96,1.93,1.93,1.94,1.95,1.96,1.98,2,2.02,2.01,2.01,2.01,2.01,2.01,
花蓮,2024/02/02 00:00:00,CO,0.23,0.18,0.2,0.18,0.18,0.18,0.21,0.31,0.25,0.24,0.26,0.18,0.21,0.23,0.25,0.29,0.32,0.42,0.49,0.48,0.47,0.49,0.46,0.4,
花蓮,2024/02/02 00:00:00,NMHC,0.01,0.01,0.04,0.01,0.01,0.01,0.02,0.05,0.05,0.03,0,0,0.01,0.01,0.02,0.04,0.04,0.04,0.06,0.08,0.07,0.04,0.04,0.03,
花蓮,2024/02/02 00:00:00,NO,0.7,0.5,0.5,0.4,0.2,0.3,0.6,2,3.5,1.8,1.5,0.6,0.7,0.8,0.9,0.8,0.7,0.7,0.3,0.3,0.6,0.3,0.4,0.4,
花蓮,2024/02/02 00:00:00,NO2,4.2,3,4,2.9,2.5,2.7,2.9,6.4,6.1,4.4,3.5,1.7,2.4,4.2,5.2,6.5,7.1,7.9,9.4,10.5,11.7,9.4,7.5,6.6,
花蓮,2024/02/02 00:00:00,NOx,4.9,3.5,4.5,3.3,2.8,3,3.5,8.4,9.7,6.2,5,2.3,3.1,5.1,6.2,7.4,7.9,8.6,9.7,10.9,12.3,9.7,8,7,
花蓮,2024/02/02 00:00:00,O3,13.9,10.8,9.6,11.9,14.9,11.1,12.5,8,9.7,15,26.8,31.7,32.6,38.2,37.5,38.6,37.5,38,36.6,32.3,27.7,32.5,33.4,33.3,
花蓮,2024/02/02 00:00:00,PM10,14,9,10,9,13,9,6,11,9,9,12,14,8,9,6,1,13,7,0,3,7,4,1,0,
花蓮,2024/02/02 00:00:00,PM2.5,11,10,8,4,8,8,9,13,10,10,9,7,8,9,8,7,5,5,5,3,3,3,2,2,
花蓮,2024/02/02 00:00:00,RAINFALL,0,0,0,0,0,0,0,0.5,0,0,0,0,0,0,0,0,1,0,0,0.5,0.5,0,0,0.5,
花蓮,2024/02/02 00:00:00,RH,90,89,90,91,92,92,95,94,90,83,77,75,83,87,88,95,98,97,93,95,99,99,97,98,
花蓮,2024/02/02 00:00:00,SO2,0.4,0.4,0.4,0.3,0.3,0.3,0.4,0.4,0.4,0.4,0.7,0.3,0.2,0.4,0.4,0.4,0.6,0.5,0.6,0.5,0.5,0.6,0.5,0.5,
花蓮,2024/02/02 00:00:00,THC,2,1.97,2.02,1.98,1.98,1.98,1.99,2.02,2.02,2.02,1.96,1.92,1.94,1.95,1.97,2,2.02,2.04,2.08,2.09,2.08,2.05,2.05,2.04,
花蓮,2024/02/02 00:00:00,WD_HR,221,271,242,225,225,220,214,238,214,211,123,116,72,40,15,32,25,42,50,39,341,351,337,324,
花蓮,2024/02/02 00:00:00,WIND_DIREC,223,293,223,222,223,216,235,212,214,188,113,133,339,15,29,19,47,43,63,47,0,355,326,331,
花蓮,2024/02/02 00:00:00,WIND_SPEED,1.4,0.9,0.8,1.6,1.4,1.4,1.4,1.6,2,0.6,1.9,1.6,1.5,1.9,1.9,1.9,2.1,2.1,1,0.6,0.8,0.9,0.6,1,
花蓮,2024/02/02 00:00:00,WS_HR,1.1,0.8,0.7,1.4,1.5,1.5,1.4,1.1,1.9,1.2,0.9,1.9,0.7,1.7,1.5,1.2,1.4,1.6,1.1,0.5,0.5,0.9,0.7,0.5,
花蓮,2024/02/03 00:00:00,AMB_TEMP,20.4,20.4,20.4,20.5,20.6,20.6,20.6,20.6,21.3,22.4,23.2,23.5,23.3,23.1,22.5,22.2,21.2,21.1,21.6,21.6,21.4,21.5,21.5,21.2,
花蓮,2024/02/03 00:00:00,CH4,2.01,2.01,2.02,2.03,2.02,2.02,2.03,2,1.98,1.98,2.01,1.98,1.96,1.94,1.93,1.94,1.95,1.96,1.97,1.97,1.98,1.96,1.98,2.03,
花蓮,2024/02/03 00:00:00,CO,0.46,0.47,0.41,0.36,0.35,0.34,0.38,0.38,0.31,0.33,0.35,0.3,0.25,0.21,0.19,0.24,0.28,0.33,0.44,0.35,0.3,0.27,0.28,0.25,
花蓮,2024/02/03 00:00:00,NMHC,0.03,0.03,0.03,0.03,0.03,0.04,0.06,0.07,0.03,0.03,0.04,0.01,0,0,0,0.03,0.06,0.07,0.13,0.09,0.06,0.06,0.07,0.03,
花蓮,2024/02/03 00:00:00,NO,0.3,0.1,0.8,0.2,0.1,0.1,0.3,1.2,1.6,1.3,0.8,1,0.8,0.4,0.4,0.5,0.8,0.6,0.5,0.5,0.5,0.5,0.4,0.5,
花蓮,2024/02/03 00:00:00,NO2,6.1,5.9,8.4,4.3,3.9,3.8,4.8,6.8,4.4,4.6,5.6,4.9,4.1,3.5,3.8,5.1,7.4,8.2,10.7,10.1,7.8,6.1,6.3,6.1,
花蓮,2024/02/03 00:00:00,NOx,6.4,6,9.2,4.5,4,4,5.1,8,6.1,6,6.5,6,5,3.9,4.3,5.6,8.2,8.8,11.3,10.7,8.3,6.7,6.8,6.6,
花蓮,2024/02/03 00:00:00,O3,33.2,31,26.1,29.1,24.6,26.6,18.4,10,16,21.1,30.7,35.9,38.7,35.5,32.9,31.2,28.7,29.3,24.5,21.5,20.4,16.2,14,17.3,
花蓮,2024/02/03 00:00:00,PM10,0,0,0,0,0,0,9,7,7,7,10,7,3,2,2,3,1,6,5,4,4,11,7,12,
花蓮,2024/02/03 00:00:00,PM2.5,1,6,4,1,1,3,4,3,4,7,11,13,8,6,7,6,6,4,3,8,10,10,6,6,
花蓮,2024/02/03 00:00:00,RAINFALL,0.5,0,0,0,0,0,0,0,0,0.5,0,0,0,0,0,0,0,0,0,0,0,0,0,0,
花蓮,2024/02/03 00:00:00,RH,99,100,100,100,100,99,99,98,90,86,86,84,87,87,90,91,98,98,94,95,96,94,95,99,
花蓮,2024/02/03 00:00:00,SO2,0.5,0.6,0.5,0.5,0.6,0.6,0.5,0.6,0.6,1.3,3.3,1.9,1,0.7,0.5,0.6,0.4,0.5,0.5,0.4,0.4,0.5,0.7,1.1,
花蓮,2024/02/03 00:00:00,THC,2.04,2.04,2.05,2.06,2.05,2.06,2.09,2.07,2.01,2.01,2.05,1.99,1.96,1.94,1.93,1.97,2.01,2.03,2.1,2.06,2.04,2.02,2.05,2.06,
花蓮,2024/02/03 00:00:00,WD_HR,338,282,273,259,277,232,251,212,223,201,124,94,88,80,83,36,352,343,331,225,225,229,241,233,
花蓮,2024/02/03 00:00:00,WIND_DIREC,309,276,279,245,246,233,239,217,223,204,126,84,82,76,93,358,344,74,245,215,233,288,230,272,
花蓮,2024/02/03 00:00:00,WIND_SPEED,0.2,0.2,0.8,0.2,0.2,0.2,0.9,1.8,1.3,0.5,1,2.2,2.4,3.4,2.3,1.7,2,0.3,0.2,0.3,1.1,0.9,1,0.5,
花蓮,2024/02/03 00:00:00,WS_HR,0.3,0.2,0.3,0.2,0.2,0.2,0.6,0.8,1.6,0.9,0.4,1.5,2.5,2.2,2.4,1.2,1.5,0.6,0.1,0.2,1,0.6,0.6,0.7,
花蓮,2024/02/04 00:00:00,AMB_TEMP,21,20.8,20.6,20.5,20.6,20.7,20.6,20.9,21.5,22.6,23.8,24.3,23.9,23.6,23.7,23.9,24.1,23.7,23.6,23.4,23.5,23.8,23.1,22.9,
花蓮,2024/02/04 00:00:00,CH4,1.99,1.97,1.96,1.98,1.98,1.98,1.96,1.97,1.99,1.99,1.96,1.94,1.93,1.92,1.92,1.92,1.94,1.95,1.98,1.99,1.96,1.94,1.97,2,
花蓮,2024/02/04 00:00:00,CO,0.23,0.2,0.19,0.19,0.2,0.21,0.22,0.25,0.22,0.21,0.23,0.22,0.18,0.17,0.17,0.19,0.23,0.3,0.3,0.25,0.2,0.18,0.25,0.29,
花蓮,2024/02/04 00:00:00,NMHC,0.04,0.01,0.01,0.03,0.05,0.06,0.04,0.04,0.02,0.01,0.01,0,0,0,0,0.01,0.03,0.07,0.07,0.06,0.02,0.01,0.07,0.11,
花蓮,2024/02/04 00:00:00,NO,0.4,0.7,0.7,0.6,0.6,0.9,1.3,1.2,1.3,1.4,2.1,1.9,1.6,0.7,0.8,1,1,1.2,1.4,1,0.8,0.6,1.3,1.3,
花蓮,2024/02/04 00:00:00,NO2,4.9,2.6,2.1,2.3,3.3,4.8,5.1,3.7,3.3,3.1,3.6,3.4,2.1,1.4,1.5,3.2,4.9,7.2,8.1,5.9,4,2.7,5.3,7.1,
花蓮,2024/02/04 00:00:00,NOx,5.3,3.3,2.9,3,3.9,5.7,6.5,5,4.7,4.5,5.7,5.3,3.8,2.2,2.4,4.3,5.9,8.5,9.6,6.9,4.9,3.3,6.6,8.5,
花蓮,2024/02/04 00:00:00,O3,14.6,15.6,22.6,22.8,17,10,5.4,10.9,16.1,19.9,22.5,30,33.3,32,30.1,25.6,22,17.2,14.7,15.9,18.2,18.2,8.6,5.4,
花蓮,2024/02/04 00:00:00,PM10,7,4,3,2,4,5,4,2,4,2,0,8,2,0,0,10,12,16,18,8,2,1,4,5,
花蓮,2024/02/04 00:00:00,PM2.5,5,9,8,4,3,6,3,6,7,7,10,9,8,6,5,6,8,8,8,8,6,3,3,4,
花蓮,2024/02/04 00:00:00,RAINFALL,0,0.5,0.5,0,0,0,0,0,0,0,0,0,0,0,0,0,0,0,0,0,0,0,0,0,
花蓮,2024/02/04 00:00:00,RH,99,99,98,100,99,99,98,98,97,90,82,82,86,89,89,89,87,91,90,91,90,87,91,92,
花蓮,2024/02/04 00:00:00,SO2,0.8,0.7,0.6,0.6,0.5,0.5,0.4,0.6,0.7,1,11.2,11.8,1.7,0.5,0.5,0.5,0.9,0.5,0.6,2.8,0.9,0.5,0.4,0.4,
花蓮,2024/02/04 00:00:00,THC,2.03,1.98,1.97,2.01,2.03,2.04,2,2.01,2.01,2,1.97,1.94,1.92,1.91,1.92,1.93,1.97,2.02,2.05,2.05,1.98,1.95,2.04,2.11,
花蓮,2024/02/04 00:00:00,WD_HR,271,221,320,1,278,253,224,223,220,210,191,108,119,124,144,159,177,146,221,197,212,209,257,1,
花蓮,2024/02/04 00:00:00,WIND_DIREC,3,280,13,309,238,239,232,233,214,212,125,118,122,143,136,153,196,149,200,187,219,209,313,342,
花蓮,2024/02/04 00:00:00,WIND_SPEED,0.2,0.2,0.2,0.2,0.3,0.8,0.8,1.4,2,1.8,0.7,1.9,2.1,1.4,1.6,0.9,1.1,0.6,1.1,2.3,2.8,0.7,1.3,0.6,
花蓮,2024/02/04 00:00:00,WS_HR,0.6,0.3,0.2,0.1,0.4,0.5,0.8,1,1.6,1.4,0.2,1.7,1.8,1.5,1.2,0.8,0.6,0.4,0.9,1.8,1.9,1.5,0.7,0.5,
花蓮,2024/02/05 00:00:00,AMB_TEMP,23,22.9,21.7,21.5,21.6,21.9,20.9,20.7,20.3,19.8,19.5,19.3,19.1,18.7,18.6,18.9,19.6,19.5,19.4,19.3,18.9,18.5,18.5,18.4,
花蓮,2024/02/05 00:00:00,CH4,2.05,1.99,2,2,2.01,2,1.99,1.99,2,1.99,1.99,1.99,1.99,2,2.01,2.02,2.02,2.02,2.02,2.03,2.03,2.03,2.03,2.02,
花蓮,2024/02/05 00:00:00,CO,0.28,0.24,0.29,0.29,0.28,0.27,0.28,0.33,0.31,0.29,0.31,0.32,0.32,0.33,0.37,0.41,0.5,0.55,0.56,0.57,0.51,0.44,0.45,0.42,
花蓮,2024/02/05 00:00:00,NMHC,0.1,0.04,0.01,0.02,0.01,0.02,0.01,0.05,0.02,0.02,0.02,0.03,0.03,0.03,0.04,0.05,0.09,0.1,0.11,0.12,0.07,0.04,0.03,0.03,
花蓮,2024/02/05 00:00:00,NO,1.5,0.6,0.6,0.6,0.8,0.7,0.8,0.7,1,1.4,1.2,1.2,1.2,1.3,1.3,1.8,1.8,1.7,1.4,1.2,1.4,0.9,0.8,1,
花蓮,2024/02/05 00:00:00,NO2,8.9,3.8,4.1,3.3,2.9,2.9,3.2,4.8,6.2,5.5,6,5.8,5.5,5.1,6,8.4,9.9,14.2,13.9,14.3,14.8,6.8,4.2,3.7,
花蓮,2024/02/05 00:00:00,NOx,10.4,4.4,4.7,3.9,3.7,3.7,4.1,5.6,7.3,7,7.2,7.1,6.7,6.5,7.4,10.3,11.7,15.9,15.3,15.6,16.2,7.7,5.1,4.7,
花蓮,2024/02/05 00:00:00,O3,6.1,15.6,23.7,24.1,24.8,24.3,30.4,26.6,28.4,32.2,31.3,33.5,35.4,36,32.9,29.4,27.9,23.5,24.3,21,20.7,31.5,36.7,40.3,
花蓮,2024/02/05 00:00:00,PM10,6,6,6,6,5,7,4,2,1,8,5,7,4,1,2,8,6,9,9,8,6,3,2,2,
花蓮,2024/02/05 00:00:00,PM2.5,7,6,3,3,6,5,2,0,5,6,6,6,6,6,7,9,6,6,5,5,3,3,2,1,
花蓮,2024/02/05 00:00:00,RAINFALL,0,0,0,0,0,0,0.5,0,2,0.5,0,0,0,0.5,0,0.5,0,0,0,0,1.5,0,0,0,
花蓮,2024/02/05 00:00:00,RH,93,93,96,95,93,91,99,100,100,99,97,95,94,96,97,94,85,86,86,88,93,97,94,93,
花蓮,2024/02/05 00:00:00,SO2,0.4,0.6,0.6,0.6,0.6,0.6,0.5,0.6,0.6,0.7,0.7,0.7,0.7,0.7,0.7,0.7,0.9,1.1,1,1,0.9,0.8,0.7,0.7,
花蓮,2024/02/05 00:00:00,THC,2.15,2.03,2.01,2.02,2.02,2.02,2,2.04,2.02,2.01,2.01,2.02,2.02,2.03,2.05,2.07,2.11,2.12,2.13,2.15,2.1,2.07,2.06,2.05,
花蓮,2024/02/05 00:00:00,WD_HR,329,29,65,78,74,69,75,66,72,67,66,67,68,60,20,356,356,2,344,323,334,42,36,17,
花蓮,2024/02/05 00:00:00,WIND_DIREC,346,47,68,87,75,71,76,54,74,60,69,70,81,45,354,359,18,358,330,309,349,57,47,355,
花蓮,2024/02/05 00:00:00,WIND_SPEED,1.2,2.7,1.6,1.4,2.1,1.7,1,0.3,3,2.3,3.5,2.9,2.6,2.6,2,2,1,0.8,0.8,0.8,1.2,2.2,2.2,2,
花蓮,2024/02/05 00:00:00,WS_HR,0.9,1.1,1.8,1.4,1.6,0.8,1.4,0.3,1.6,2.6,2.7,2.4,2.2,1.9,1.7,1.5,1.2,1,0.8,0.2,0.6,1.4,1.6,1.6,
花蓮,2024/02/06 00:00:00,AMB_TEMP,18.3,18.6,18.9,18.2,18.3,18.5,18.2,18,18.4,19,20.1,20.9,21.6,21.6,21.1,20.8,19.6,19.2,19,19,19.1,18.9,18.8,18.9,
花蓮,2024/02/06 00:00:00,CH4,2.03,2.02,2.03,2.02,2.03,2.05,2.03,2.03,2.03,2.02,2.02,2.02,2.01,2.01,2.01,2.02,2.03,2.03,2.04,2.03,2.04,2.04,2.04,2.04,
花蓮,2024/02/06 00:00:00,CO,0.43,0.38,0.36,0.38,0.38,0.39,0.39,0.45,0.49,0.54,0.5,0.46,0.39,0.44,0.42,0.45,0.47,0.52,0.55,0.57,0.63,0.51,0.45,0.42,
花蓮,2024/02/06 00:00:00,NMHC,0.02,0.02,0,0.01,0.03,0.04,0.03,0.04,0.07,0.08,0.06,0.05,0.03,0.04,0.04,0.05,0.07,0.09,0.1,0.09,0.09,0.09,0.05,0.04,
花蓮,2024/02/06 00:00:00,NO,0.8,0.5,0.4,0.2,0.2,0.4,0.4,0.5,1.3,3.9,4.8,3.7,1.4,0.9,0.7,0.7,0.8,0.7,1,0.9,2.8,1.2,0.5,0.4,
花蓮,2024/02/06 00:00:00,NO2,3.8,3.5,2.6,2.5,3.1,4.8,4.5,6.2,10.4,22.5,17.9,11.6,4.2,4.5,5.3,6.7,9.9,12,15.4,19,35.8,15.6,7.8,7.6,
花蓮,2024/02/06 00:00:00,NOx,4.6,4.1,3.1,2.8,3.4,5.3,4.9,6.8,11.8,26.4,22.8,15.3,5.7,5.4,6.1,7.4,10.7,12.7,16.4,20,38.7,16.8,8.3,8.1,
花蓮,2024/02/06 00:00:00,O3,38.5,41.2,44,41.8,38.4,32.9,38.5,35.9,29.3,19.6,27.1,32.7,43.9,45.1,44.3,42.2,36,31.9,27.6,23.8,4.9,22.3,33.1,30.9,
花蓮,2024/02/06 00:00:00,PM10,1,2,4,5,2,3,3,3,7,9,15,8,8,4,10,6,14,8,7,7,10,11,5,0,
花蓮,2024/02/06 00:00:00,PM2.5,0,1,4,7,11,6,3,4,5,8,7,4,7,4,3,5,4,7,8,8,8,11,7,4,
花蓮,2024/02/06 00:00:00,RAINFALL,0.5,0,0,0,0,0,0,0,0,0,0,0,0,0,0,0,0,0,0,0,0,0,0,0,
花蓮,2024/02/06 00:00:00,RH,93,91,87,92,91,90,91,94,91,88,82,78,75,76,79,83,95,99,99,97,97,99,99,99,
花蓮,2024/02/06 00:00:00,SO2,0.6,0.7,0.6,0.7,0.7,0.8,0.8,0.7,0.7,1,1,0.9,0.8,0.9,1,0.8,0.7,0.7,0.7,0.8,0.8,0.8,0.6,0.8,
花蓮,2024/02/06 00:00:00,THC,2.05,2.04,2.03,2.03,2.06,2.09,2.06,2.07,2.1,2.1,2.08,2.07,2.04,2.05,2.05,2.07,2.1,2.12,2.14,2.12,2.13,2.13,2.09,2.08,
花蓮,2024/02/06 00:00:00,WD_HR,353,20,42,330,322,306,350,349,333,331,4,20,25,60,45,57,31,17,351,332,346,301,307,330,
花蓮,2024/02/06 00:00:00,WIND_DIREC,351,48,38,313,309,337,352,337,338,3,39,43,54,29,35,10,14,10,353,331,336,304,315,287,
花蓮,2024/02/06 00:00:00,WIND_SPEED,1.8,1.6,1.7,1.7,0.7,1.4,1.9,1.1,1.1,1,1.3,1.4,1.4,1.7,1.5,1.7,1.3,1.5,1.5,1.1,0.6,0.9,0.7,0.5,
花蓮,2024/02/06 00:00:00,WS_HR,1.4,1,1.3,1.2,0.5,0.7,1.5,1.4,1.2,0.9,0.9,1.1,1.1,1.2,1.2,1.3,1.1,1,1.1,0.8,0.6,0.8,0.7,0.5,
花蓮,2024/02/07 00:00:00,AMB_TEMP,18.9,19,18.9,18.8,18.6,18.3,17.9,18.1,19.3,21.1,22.5,22,21.9,21.7,21.1,20.7,20,19.8,19.4,19.1,18.9,18.9,19.2,18.8,
花蓮,2024/02/07 00:00:00,CH4,2.04,2.04,2.07,2.07,2.09,2.08,2.05,2.04,2.07,2.08,2.02,1.99,1.99,1.99,1.99,1.98,1.98,1.98,1.99,1.99,1.99,1.99,1.99,2,
花蓮,2024/02/07 00:00:00,CO,0.42,0.37,0.38,0.38,0.37,0.38,0.39,0.48,0.46,0.42,0.37,0.35,0.36,0.29,0.29,0.29,0.27,0.29,0.3,0.29,0.29,0.27,0.27,0.29,
花蓮,2024/02/07 00:00:00,NMHC,0.06,0.04,0.04,0.06,0.07,0.1,0.08,0.09,0.07,0.05,0.04,0.05,0.03,0.03,0.03,0.03,0.02,0.03,0.04,0.03,0.03,0.02,0.02,0.03,
花蓮,2024/02/07 00:00:00,NO,0.5,0.9,0.7,0.9,0.8,1.1,1.6,4.4,4.8,3.5,3,1.8,1.5,1.3,1.2,1.2,0.9,1.1,0.8,0.9,1,1,0.9,0.8,
花蓮,2024/02/07 00:00:00,NO2,7.5,3.7,3.6,3.9,4.7,6.1,5.7,5.8,6,5.8,6.5,6,5.6,4.8,4.5,4.5,3.9,4.5,5.5,5.5,5.3,4.6,4.1,4.8,
花蓮,2024/02/07 00:00:00,NOx,8,4.7,4.4,4.8,5.6,7.3,7.4,10.3,10.8,9.4,9.6,7.8,7.2,6.1,5.8,5.7,4.8,5.6,6.3,6.4,6.4,5.6,5.1,5.6,
花蓮,2024/02/07 00:00:00,O3,27.3,24.1,19.3,14.7,13,7.1,4.5,4.6,9.1,17.1,30.7,36.5,38.7,41.9,43.7,43.1,44.1,40.7,37.3,36.5,36.3,37.2,37.4,32.4,
花蓮,2024/02/07 00:00:00,PM10,2,5,11,13,8,14,12,13,12,#,8,6,7,8,6,11,12,9,8,8,10,6,6,12,
花蓮,2024/02/07 00:00:00,PM2.5,4,8,10,10,7,5,4,3,4,8,#,3,4,3,5,8,8,5,7,6,6,5,5,4,
花蓮,2024/02/07 00:00:00,RAINFALL,0,0,0,0,0,0,0,0,0,0,0,0,0,0,0,0,0,0,0,0,0,0,0,0,
花蓮,2024/02/07 00:00:00,RH,99,98,99,100,100,100,100,99,96,89,80,82,81,81,82,84,84,83,81,78,77,72,71,77,
花蓮,2024/02/07 00:00:00,SO2,0.9,0.8,0.8,0.9,0.8,0.9,0.9,0.8,1,1,1,0.9,0.9,0.9,0.9,1,1,0.9,0.9,1,1.1,1,1,1.1,
花蓮,2024/02/07 00:00:00,THC,2.1,2.08,2.11,2.13,2.16,2.18,2.13,2.13,2.14,2.13,2.06,2.04,2.02,2.02,2.02,2.01,2,2.01,2.03,2.02,2.02,2.01,2.01,2.03,
花蓮,2024/02/07 00:00:00,WD_HR,245,223,231,261,275,258,235,231,215,199,80,54,50,51,52,52,51,52,53,55,62,59,36,223,
花蓮,2024/02/07 00:00:00,WIND_DIREC,211,236,215,305,276,270,246,243,211,118,60,52,58,46,49,41,47,49,56,47,57,51,254,225,
花蓮,2024/02/07 00:00:00,WIND_SPEED,0.9,1.1,1,0.5,0.9,0.7,1.3,1.2,1.7,0.9,2.4,2.7,1.9,3.4,3,3.3,3.6,2.9,3.1,2.4,2.4,1.9,1.3,2.3,
花蓮,2024/02/07 00:00:00,WS_HR,0.7,0.9,1,0.6,0.4,0.6,1,1.3,1.4,0.9,1.8,2,1.7,2.5,2.5,2.7,3.4,3,2.5,2.2,2,2,0.8,1.8,
花蓮,2024/02/08 00:00:00,AMB_TEMP,18.4,18,17.1,16.9,17,16.6,16.3,16.3,16.5,16.9,18.1,18.5,18.6,19.3,19.7,19.2,18.8,18.5,18.1,17.3,16.7,16.7,16.4,16.3,
花蓮,2024/02/08 00:00:00,CH4,2,2.01,2.05,2.03,2.02,2.02,2,2.01,2.02,2.02,2.02,2.03,2.03,2.04,2.05,2.06,2.05,2.05,2.05,2.05,2.05,2.05,2.05,2.05,
花蓮,2024/02/08 00:00:00,CO,0.27,0.25,0.24,0.23,0.23,0.24,0.25,0.28,0.35,0.33,0.35,0.38,0.35,0.35,0.37,0.4,0.4,0.38,0.4,0.43,0.43,0.38,0.37,0.37,
花蓮,2024/02/08 00:00:00,NMHC,0.01,0.01,0,0.01,0.01,0.01,0.02,0.03,0.05,0.04,0.06,0.05,0.05,0.04,0.04,0.05,0.05,0.06,0.06,0.06,0.08,0.06,0.05,0.05,
花蓮,2024/02/08 00:00:00,NO,1,0.6,0.6,0.5,0.4,0.6,0.5,0.7,1.5,1.4,1.7,1.5,1.4,1.3,0.9,0.8,0.8,0.6,0.6,1,0.9,0.6,0.6,0.8,
花蓮,2024/02/08 00:00:00,NO2,3.9,3.1,2.7,2.4,2.7,3,3.4,4,8.5,6.8,5.7,6.4,5.9,5,4.4,5.5,6.3,6.5,6.7,8.2,9.3,7.9,6.8,6.4,
花蓮,2024/02/08 00:00:00,NOx,4.9,3.8,3.3,3,3.1,3.6,4,4.7,10.1,8.2,7.4,8,7.3,6.4,5.3,6.3,7.2,7.1,7.3,9.3,10.3,8.5,7.4,7.2,
花蓮,2024/02/08 00:00:00,O3,31.4,29.5,26.6,25.5,24.8,29.2,30,26.6,23,32.4,38.2,41,43.3,45.9,49.2,46.4,43.6,42.4,41,38.3,34.8,35.5,34.8,34.6,
花蓮,2024/02/08 00:00:00,PM10,9,8,8,5,4,3,1,0,0,0,0,0,0,4,5,6,14,8,9,6,4,4,4,4,
花蓮,2024/02/08 00:00:00,PM2.5,6,5,4,8,5,6,4,2,2,5,3,3,3,6,5,2,5,11,7,7,6,5,5,6,
花蓮,2024/02/08 00:00:00,RAINFALL,0,1.5,0.5,0,0.5,4,4,2,0.5,0.5,0,0,0,0,0,0,0,0,0,0,0,0.5,0.5,0,
花蓮,2024/02/08 00:00:00,RH,80,85,96,96,95,96,98,99,100,96,87,82,83,78,74,77,79,78,80,87,92,92,95,96,
花蓮,2024/02/08 00:00:00,SO2,1.2,0.9,0.8,0.9,0.8,0.8,0.8,0.8,0.8,0.8,1,0.9,1,1.1,1,1,1,1,0.9,0.9,1,1,0.8,1.1,
花蓮,2024/02/08 00:00:00,THC,2.01,2.02,2.05,2.04,2.03,2.03,2.02,2.04,2.07,2.06,2.08,2.08,2.08,2.08,2.09,2.11,2.1,2.11,2.11,2.11,2.13,2.11,2.1,2.1,
花蓮,2024/02/08 00:00:00,WD_HR,222,216,216,225,227,226,241,237,225,233,289,335,331,16,35,61,55,58,41,309,302,238,273,305,
花蓮,2024/02/08 00:00:00,WIND_DIREC,204,223,224,233,216,47,256,232,232,249,298,309,322,47,64,48,59,59,333,293,309,250,335,322,
花蓮,2024/02/08 00:00:00,WIND_SPEED,1.6,1.1,1.2,1.5,1.3,0.7,0.2,1.4,1,1.2,1.3,0.9,1.6,1.4,2.2,2.6,1.8,2.4,1.4,1.5,1,1.3,0.7,1.1,
花蓮,2024/02/08 00:00:00,WS_HR,2.5,1.3,1.7,0.7,1.4,0.4,0.5,1.1,1.2,0.9,1,0.6,1,0.7,1.4,2,1.7,2,1.1,1.1,1.3,0.8,0.9,0.9,
花蓮,2024/02/09 00:00:00,AMB_TEMP,16.2,16.3,16.5,16.3,16,16,16.1,16.1,16.4,16.9,18.3,19,19,18.8,18.2,17.6,17.1,16.8,16.5,16.1,15.9,16,15.7,15.3,
花蓮,2024/02/09 00:00:00,CH4,2.06,2.06,2.05,2.04,2.04,2.04,2.04,2.04,2.04,2.03,2.03,2.04,2.04,2.05,2.06,2.06,2.06,2.07,2.06,2.06,2.06,2.07,2.07,2.08,
花蓮,2024/02/09 00:00:00,CO,0.38,0.34,0.33,0.31,0.32,0.31,0.35,0.39,0.38,0.41,0.38,0.38,0.39,0.4,0.41,0.45,0.45,0.45,0.43,0.44,0.47,0.49,0.49,0.49,
花蓮,2024/02/09 00:00:00,NMHC,0.05,0.05,0.03,0.02,0.02,0.03,0.06,0.07,0.06,0.06,0.05,0.03,0.03,0.03,0.03,0.04,0.04,0.04,0.04,0.04,0.05,0.05,0.04,0.04,
花蓮,2024/02/09 00:00:00,NO,1,0.5,0.4,0.2,0.3,0.3,0.6,0.7,0.8,0.9,1.4,0.9,0.8,0.8,0.7,0.6,0.5,0.4,0.3,0.4,0.5,0.4,0.2,0.2,
花蓮,2024/02/09 00:00:00,NO2,7.1,5.8,6.8,7.7,7.6,7.4,6.4,7.9,6.5,7.6,5.6,4.1,3.9,3.9,3.9,4.5,4.5,4.7,4.2,4.4,6.1,7.2,6.5,6.7,
花蓮,2024/02/09 00:00:00,NOx,8.1,6.3,7.2,7.9,8,7.8,7,8.6,7.3,8.5,7,5,4.8,4.8,4.7,5.1,5.1,5.1,4.6,4.8,6.6,7.7,6.7,7,
花蓮,2024/02/09 00:00:00,O3,32.9,34.6,32.1,34.1,33.5,33.4,30.7,27.6,28.2,36.9,43.7,49.1,50.4,50.3,50.6,50.5,49.9,49.4,49.3,47.1,43.6,41.1,44.3,40.8,
花蓮,2024/02/09 00:00:00,PM10,47,3,4,1,0,1,0,3,4,4,4,5,14,9,5,10,11,16,10,14,18,20,16,18,
花蓮,2024/02/09 00:00:00,PM2.5,28,9,6,9,6,8,7,4,7,8,4,4,6,4,4,6,11,9,13,10,12,15,14,18,
花蓮,2024/02/09 00:00:00,RAINFALL,1,0,0.5,1,1.5,2,0.5,1,0,0,0,0.5,0,0,0,0,0,0,0,0,0,0,0,0,
花蓮,2024/02/09 00:00:00,RH,97,96,94,95,97,99,99,100,99,95,80,70,69,71,71,74,76,76,78,83,85,85,86,92,
花蓮,2024/02/09 00:00:00,SO2,1.5,0.7,0.7,0.6,0.7,0.6,0.8,0.7,0.6,0.8,0.8,0.9,0.8,0.8,0.7,0.7,0.8,0.9,0.9,0.7,0.9,0.9,0.8,0.8,
花蓮,2024/02/09 00:00:00,THC,2.11,2.11,2.08,2.06,2.06,2.07,2.1,2.11,2.1,2.09,2.08,2.07,2.07,2.08,2.09,2.1,2.1,2.11,2.1,2.1,2.11,2.12,2.11,2.12,
花蓮,2024/02/09 00:00:00,WD_HR,296,293,314,319,298,276,268,232,227,2,61,61,64,75,75,70,69,66,58,5,338,336,330,317,
花蓮,2024/02/09 00:00:00,WIND_DIREC,286,308,323,313,287,282,233,224,19,17,77,66,70,64,73,79,70,43,48,338,329,354,328,329,
花蓮,2024/02/09 00:00:00,WIND_SPEED,0.2,0.2,1.3,1.4,1,0.8,1.1,1.3,0.9,1.2,2.5,3.7,2.8,3.4,2.7,2.5,3.2,2.2,2.3,1.7,1.1,1.3,1.8,1.1,
花蓮,2024/02/09 00:00:00,WS_HR,0.6,0.2,0.7,1,1,0.5,0.8,1,0.4,0.9,1.5,2.6,2.2,2.5,2.6,2.4,2.9,2.3,2,1.3,1.2,1,1.4,1.2,
花蓮,2024/02/10 00:00:00,AMB_TEMP,15.3,15.3,14.8,14.6,14.5,14.5,14.7,14.5,14.9,14.8,15,15.7,15.9,15.8,16,16,16.2,16,15.8,15.7,15.4,15.3,15.1,14.9,
花蓮,2024/02/10 00:00:00,CH4,2.07,2.07,2.08,2.08,2.08,2.09,2.1,2.11,2.11,2.11,2.1,2.11,2.1,2.1,2.1,2.1,2.1,2.11,2.11,2.11,2.13,2.13,2.13,2.12,
花蓮,2024/02/10 00:00:00,CO,0.49,0.47,0.47,0.47,0.48,0.51,0.54,0.56,0.56,0.56,0.54,0.54,0.55,0.55,0.56,0.53,0.56,0.6,0.6,0.59,0.56,0.54,0.55,0.51,
花蓮,2024/02/10 00:00:00,NMHC,0.04,0.03,0.03,0.03,0.03,0.03,0.04,0.04,0.05,0.05,0.06,0.05,0.07,0.06,0.07,0.06,0.07,0.09,0.11,0.11,0.07,0.07,0.06,0.07,
花蓮,2024/02/10 00:00:00,NO,0.4,0.7,0.5,0.7,0.7,0.7,0.7,0.7,0.7,0.8,0.9,1,1.1,1,1.1,0.9,0.8,0.7,0.8,0.7,0.9,0.8,0.7,0.5,
花蓮,2024/02/10 00:00:00,NO2,7.2,4.7,5.3,4.5,4.5,5.7,6.1,6.3,6.2,6.5,5.4,5.4,6.8,6.5,7.1,5.7,7.6,8.8,9.6,10.2,7.8,6.8,6.3,5.3,
花蓮,2024/02/10 00:00:00,NOx,7.6,5.4,5.9,5.2,5.2,6.5,6.9,7.1,6.9,7.4,6.4,6.4,8,7.5,8.3,6.7,8.4,9.5,10.4,10.9,8.7,7.6,7.1,5.9,
花蓮,2024/02/10 00:00:00,O3,38.3,41.2,39,40.2,42.3,42.8,47,49.1,51.7,51.6,52.6,52.2,50.1,49.2,47.8,48.7,47.5,39.8,33.4,30.8,28.8,30,26.6,26.2,
花蓮,2024/02/10 00:00:00,PM10,25,14,13,9,14,10,18,19,22,25,32,24,29,27,31,35,29,31,33,41,36,43,35,31,
花蓮,2024/02/10 00:00:00,PM2.5,24,17,9,13,11,17,19,24,22,25,28,16,21,25,22,22,20,21,29,34,32,31,28,24,
花蓮,2024/02/10 00:00:00,RAINFALL,0,0,0,0,0,0,0,0,0,0,0,0,0,0,0,0,0,0,0,0,0,0,0,0,
花蓮,2024/02/10 00:00:00,RH,91,91,96,97,97,96,92,91,86,85,79,72,71,73,73,73,72,76,80,81,86,87,89,88,
花蓮,2024/02/10 00:00:00,SO2,1.6,1.1,1,1.1,1.2,1.2,1.3,1.4,1.5,1.4,1.4,1.3,1.5,1.3,1.1,1.1,1.2,1.2,1.2,1.3,1.2,1.2,1.2,1.1,
花蓮,2024/02/10 00:00:00,THC,2.11,2.1,2.11,2.11,2.11,2.12,2.14,2.15,2.16,2.16,2.16,2.16,2.17,2.16,2.17,2.16,2.17,2.2,2.22,2.22,2.2,2.2,2.19,2.19,
花蓮,2024/02/10 00:00:00,WD_HR,290,294,294,294,321,336,337,353,17,352,324,318,289,283,265,246,288,261,233,221,224,223,224,228,
花蓮,2024/02/10 00:00:00,WIND_DIREC,281,288,293,322,308,339,4,36,35,326,324,322,291,290,222,286,267,255,257,219,215,226,219,244,
花蓮,2024/02/10 00:00:00,WIND_SPEED,0.9,1.8,0.9,0.8,1.2,0.7,1.2,0.8,1.2,1.3,1.8,1.1,1.7,1.8,2.3,1.3,0.9,1.1,0.9,1.1,1.4,1.6,1.3,0.9,
花蓮,2024/02/10 00:00:00,WS_HR,0.9,1,1.2,0.8,0.9,0.7,0.9,0.8,0.8,1.2,1.6,0.9,1.3,1.6,1.4,1.3,1.1,1.1,0.9,1,1.4,1.4,1.5,1.3,
花蓮,2024/02/11 00:00:00,AMB_TEMP,14.8,14.5,14.1,13.6,13.2,12.9,12.7,13.6,16.1,18.7,20,20.6,20.8,21,20,19.6,19.6,19.1,18.5,18.1,17.7,17,16.7,16,
花蓮,2024/02/11 00:00:00,CH4,2.12,2.12,2.12,2.11,2.12,2.08,2.06,2.04,2.03,2.04,2.03,2.03,2.02,2.01,2.01,2.01,2.01,2.02,2.03,2.02,2.03,2.03,2.02,2.03,
花蓮,2024/02/11 00:00:00,CO,0.53,0.48,0.45,0.42,0.42,0.36,0.33,0.32,0.32,0.35,0.31,0.3,0.26,0.26,0.26,0.27,0.28,0.34,0.45,0.4,0.39,0.34,0.3,0.3,
花蓮,2024/02/11 00:00:00,NMHC,0.08,0.06,0.05,0.05,0.06,0.05,0.04,0.04,0.04,0.04,0.04,0.04,0.04,0.03,0.03,0.04,0.05,0.06,0.12,0.1,0.09,0.07,0.05,0.06,
花蓮,2024/02/11 00:00:00,NO,0.7,0.6,0.7,0.7,0.8,0.7,0.7,0.9,1.4,1.5,1,0.8,0.8,0.9,0.9,0.7,0.8,0.8,1.4,1.2,1.1,0.9,3.2,0.7,
花蓮,2024/02/11 00:00:00,NO2,6.1,4.4,3.3,3.2,3.5,3,2.8,2.6,2.8,4,2.8,3,2.6,2.6,2.9,3.2,4,7.3,15,13.3,11.3,10.1,7.2,5.6,
花蓮,2024/02/11 00:00:00,NOx,6.9,5.1,4.1,3.9,4.4,3.7,3.6,3.5,4.3,5.6,3.9,3.9,3.4,3.5,3.9,3.9,4.8,8.1,16.4,14.5,12.4,11,10.5,6.4,
花蓮,2024/02/11 00:00:00,O3,22.1,23.2,21.7,21.1,20.7,19.2,19.5,20.2,24.1,47.1,58.3,59.8,61.2,61.6,60.4,61.8,61.7,54.3,33.7,35.6,34.6,31.1,31.3,31.3,
花蓮,2024/02/11 00:00:00,PM10,*,29,23,19,15,21,11,14,15,22,22,22,22,19,23,21,25,37,32,35,42,46,38,30,
花蓮,2024/02/11 00:00:00,PM2.5,26,26,22,17,18,15,11,11,15,22,18,13,15,14,12,15,15,20,23,25,35,34,30,21,
花蓮,2024/02/11 00:00:00,RAINFALL,0,0,0,0,0,0,0,0,0,0,0,0,0,0,0,0,0,0,0,0,0,0,0,0,
花蓮,2024/02/11 00:00:00,RH,89,90,91,91,89,87,85,79,67,52,45,41,39,37,38,42,42,47,53,55,57,64,65,67,
花蓮,2024/02/11 00:00:00,SO2,1.1,0.7,0.6,0.8,1,1,1.1,1.1,1.2,1,0.9,0.7,0.7,0.8,0.9,0.8,0.9,1,0.9,0.9,1.1,1.1,1.2,0.7,
花蓮,2024/02/11 00:00:00,THC,2.2,2.18,2.17,2.16,2.18,2.13,2.1,2.08,2.07,2.08,2.07,2.07,2.06,2.04,2.04,2.05,2.06,2.08,2.15,2.12,2.12,2.1,2.07,2.09,
花蓮,2024/02/11 00:00:00,WD_HR,235,250,230,233,236,224,220,212,208,48,65,68,76,63,43,37,351,293,233,112,142,113,98,111,
花蓮,2024/02/11 00:00:00,WIND_DIREC,227,246,233,222,238,219,210,204,222,36,79,69,79,50,48,19,297,267,140,131,141,99,114,104,
花蓮,2024/02/11 00:00:00,WIND_SPEED,1.6,1.1,1.3,1.5,0.9,1.3,1.1,1.2,1.1,2.4,3.1,2.8,3.1,2.7,2.4,1.9,2.1,1.6,1.4,1.3,1,1.4,1.2,1.5,
花蓮,2024/02/11 00:00:00,WS_HR,1,1,1.2,1.1,0.9,1.3,1.2,1.1,1.1,0.9,2.1,2.1,2.5,2.1,1.9,1.5,0.9,1.2,0.7,0.5,0.6,0.9,1,0.9,
花蓮,2024/02/12 00:00:00,AMB_TEMP,15.4,15.5,15.4,15.4,15.3,15.2,15.2,15.8,16.7,18,20.5,21.5,21.2,20.8,20.4,20,19.9,19.5,19,18.6,18.1,18.1,18.1,17.6,
花蓮,2024/02/12 00:00:00,CH4,2.02,2.01,2.02,2.02,2.04,2.05,2.03,2.01,2,2,2,2,2,2.01,2.01,2.01,2.02,2.04,2.04,2.04,2.03,2.04,2.03,2.05,
花蓮,2024/02/12 00:00:00,CO,0.26,0.23,0.22,0.22,0.23,0.24,0.24,0.22,0.23,0.25,0.27,0.25,0.25,0.26,0.28,0.29,0.31,0.39,0.49,0.4,0.35,0.29,0.29,0.28,
花蓮,2024/02/12 00:00:00,NMHC,0.04,0.03,0.03,0.04,0.05,0.06,0.05,0.03,0.04,0.04,0.04,0.02,0.02,0.02,0.05,0.04,0.04,0.09,0.14,0.1,0.08,0.04,0.03,0.03,
花蓮,2024/02/12 00:00:00,NO,0.6,0.6,0.7,0.5,0.5,0.5,0.6,0.8,0.9,0.9,1,1,0.8,0.4,0.7,0.7,0.6,0.6,1.1,0.9,0.9,0.5,0.6,0.5,
花蓮,2024/02/12 00:00:00,NO2,4.2,2.4,2,2,2.5,3,2.8,3.2,3,2.8,3.4,3,2.9,2.7,2.6,3,4.4,8.5,13.7,12.4,9.1,4.9,4.1,3.8,
花蓮,2024/02/12 00:00:00,NOx,4.9,3.1,2.7,2.6,3,3.6,3.5,4,4,3.8,4.5,4,3.7,3.2,3.4,3.7,5.1,9.2,14.8,13.3,10,5.4,4.8,4.4,
花蓮,2024/02/12 00:00:00,O3,32.2,33.6,30.3,28.4,27.3,25.7,26.1,27.4,29.6,32.7,44.4,56.7,58.9,60.4,58.4,57.5,55.5,48,32.3,35.6,34.2,39.9,40.7,36.4,
花蓮,2024/02/12 00:00:00,PM10,23,22,17,15,19,20,18,12,14,19,22,31,29,26,26,32,30,34,40,47,42,33,34,31,
花蓮,2024/02/12 00:00:00,PM2.5,19,16,16,13,11,11,14,14,13,16,12,12,16,20,19,23,22,21,30,28,30,25,25,27,
花蓮,2024/02/12 00:00:00,RAINFALL,0,0,0,0,0,0,0,0,0,0,0,0,0,0,0,0,0,0,0,0,0,0,0,0,
花蓮,2024/02/12 00:00:00,RH,69,66,65,63,62,59,58,56,56,54,46,46,48,51,52,53,53,57,63,65,69,69,68,73,
花蓮,2024/02/12 00:00:00,SO2,0.6,0.6,0.6,0.5,0.7,0.7,0.9,0.9,0.8,0.7,0.8,0.8,1,1,0.8,0.8,0.8,0.8,1,0.9,0.9,1,0.9,0.9,
花蓮,2024/02/12 00:00:00,THC,2.06,2.04,2.05,2.06,2.09,2.11,2.08,2.04,2.04,2.04,2.04,2.02,2.02,2.03,2.06,2.05,2.06,2.13,2.18,2.14,2.11,2.08,2.06,2.08,
花蓮,2024/02/12 00:00:00,WD_HR,117,139,158,169,170,161,171,200,200,193,109,98,89,98,110,79,45,278,194,159,160,164,186,202,
花蓮,2024/02/12 00:00:00,WIND_DIREC,125,145,173,153,169,152,187,209,201,190,73,111,86,83,136,160,338,242,141,183,156,170,196,198,
花蓮,2024/02/12 00:00:00,WIND_SPEED,2,1.7,1.2,0.5,0.5,1,1.5,2.4,2.7,1.9,1.9,1.6,2.1,2,0.9,0.4,1,1.4,1.1,0.9,1.6,2.1,2.5,1.6,
花蓮,2024/02/12 00:00:00,WS_HR,1.6,1.7,1,0.9,0.8,0.8,1.1,1.9,2.2,1.8,0.5,1.6,1.4,1.1,1.1,0.3,0.5,1,0.5,0.8,1.1,1.6,1.8,2,
花蓮,2024/02/13 00:00:00,AMB_TEMP,17.3,17.3,17.2,17.3,17.5,17.3,17.2,17.3,18.5,20.5,22.6,23.6,23.9,23.2,23.1,22.6,22.6,22,21,20.1,19.2,18.9,18.2,18.2,
花蓮,2024/02/13 00:00:00,CH4,2.05,2.03,2.03,2.02,2,2.01,1.99,1.99,2.03,2.03,2.01,1.99,1.99,1.99,1.98,1.98,1.99,2,2.03,2.04,2.04,2.02,2.06,2.03,
花蓮,2024/02/13 00:00:00,CO,0.3,0.26,0.25,0.23,0.21,0.22,0.21,0.24,0.25,0.25,0.24,0.23,0.23,0.23,0.23,0.23,0.25,0.33,0.52,0.58,0.4,0.34,0.27,0.22,
花蓮,2024/02/13 00:00:00,NMHC,0.04,0.03,0.02,0.02,0.01,0.02,0.02,0.03,0.03,0.03,0.02,0.02,0.01,0.01,0.01,0.01,0.01,0.07,0.14,0.19,0.1,0.08,0.04,0.01,
花蓮,2024/02/13 00:00:00,NO,0.5,0.3,0.4,0.7,0.4,0.4,0.3,0.4,0.9,0.9,1.1,0.8,0.6,0.5,0.6,0.5,0.4,0.6,0.8,1.6,1.1,0.8,0.5,0.4,
花蓮,2024/02/13 00:00:00,NO2,3.7,2,1.9,1.4,1.1,1.4,1.4,2.6,3.3,2.4,2.7,2.2,2.1,2.2,2.3,2.2,2.9,5.7,15.9,19.5,11.3,9.3,4.9,3.3,
花蓮,2024/02/13 00:00:00,NOx,4.3,2.4,2.4,2.1,1.6,1.8,1.8,3,4.2,3.3,3.8,3,2.8,2.8,2.9,2.7,3.3,6.4,16.8,21.1,12.4,10.1,5.5,3.7,
花蓮,2024/02/13 00:00:00,O3,33.7,35.1,30.8,29.4,29.2,28.9,30.6,28.2,28.1,32.3,40.8,52.7,53.9,54.1,54.2,54.1,53.8,48.6,30.7,22.1,26.1,27.3,28,28.1,
花蓮,2024/02/13 00:00:00,PM10,33,28,27,19,20,18,12,15,15,15,21,22,22,27,18,25,29,30,39,36,32,26,24,13,
花蓮,2024/02/13 00:00:00,PM2.5,27,23,18,18,16,12,9,14,18,11,9,18,14,15,10,17,13,17,21,21,24,20,19,18,
花蓮,2024/02/13 00:00:00,RAINFALL,0,0,0,0,0,0,0,0,0,0,0,0,0,0,0,0,0,0,0,0,0,0,0,0,
花蓮,2024/02/13 00:00:00,RH,77,74,75,70,65,63,58,56,59,54,46,46,44,48,50,52,52,55,61,65,70,70,74,70,
花蓮,2024/02/13 00:00:00,SO2,0.9,0.7,0.6,0.6,0.7,0.7,0.7,0.7,0.7,0.8,3.7,0.9,0.5,0.5,0.5,0.8,0.8,0.7,1.2,1.3,1,0.9,0.8,0.9,
花蓮,2024/02/13 00:00:00,THC,2.09,2.06,2.05,2.04,2.01,2.03,2.01,2.02,2.06,2.06,2.03,2.01,2,2,1.99,1.99,2,2.07,2.17,2.23,2.14,2.1,2.1,2.04,
花蓮,2024/02/13 00:00:00,WD_HR,211,208,207,203,210,201,207,214,196,205,196,140,139,133,134,148,168,199,267,258,206,225,220,211,
花蓮,2024/02/13 00:00:00,WIND_DIREC,212,213,204,209,206,208,213,210,191,192,177,130,124,135,131,158,168,252,274,192,215,215,223,210,
花蓮,2024/02/13 00:00:00,WIND_SPEED,2.2,2.6,1.9,2.9,2.7,2.1,2.2,2.5,2.3,1.7,2.1,2.4,1.8,1.8,1.9,1.4,1.1,1,0.7,0.7,1.3,2.2,1.7,2.8,
花蓮,2024/02/13 00:00:00,WS_HR,1.9,2.3,2,2.4,2.9,2.1,2.2,1.9,2.8,2.3,1.7,1.7,1.8,1.5,1.3,1.2,1,0.9,0.5,0.7,1.1,1.4,2,2.6,
花蓮,2024/02/14 00:00:00,AMB_TEMP,18,17.4,17,16.6,16.5,16,15.5,16.5,18.6,21.4,23.6,24.4,24.4,24.7,24.7,24.3,23.7,22.9,22.3,21.6,20.6,20.3,19.7,19.8,
花蓮,2024/02/14 00:00:00,CH4,2.02,2.03,2.03,2.04,2.01,2.02,2.04,2.02,2,2,2,1.98,1.97,1.97,1.97,1.96,1.96,1.97,1.99,2.01,2.01,1.99,1.98,1.97,
花蓮,2024/02/14 00:00:00,CO,0.2,0.21,0.19,0.19,0.19,0.19,0.2,0.21,0.2,0.21,0.22,0.22,0.21,0.21,0.2,0.21,0.21,0.25,0.38,0.48,0.36,0.27,0.19,0.16,
花蓮,2024/02/14 00:00:00,NMHC,0,0.01,0.01,0.01,0.01,0,0.01,0.01,0.01,0.01,0.02,0.01,0.01,0,0,0,0,0.02,0.09,0.15,0.1,0.05,0.01,0,
花蓮,2024/02/14 00:00:00,NO,0.3,0.3,0.4,0.2,0.4,0.4,0.5,0.7,0.8,0.9,0.8,0.8,0.4,0.8,0.3,0.5,0.4,0.5,0.7,1.1,0.8,0.5,0.4,0.3,
花蓮,2024/02/14 00:00:00,NO2,2,1.5,1.3,1.2,1.2,1.3,1.5,1.7,1.6,1.8,2.3,2,1.4,1.5,1.2,1.3,1.6,3,7.9,13.4,11.5,7.2,2.9,1.6,
花蓮,2024/02/14 00:00:00,NOx,2.3,1.9,1.8,1.5,1.6,1.7,2,2.5,2.4,2.8,3.1,2.8,1.9,2.3,1.6,1.9,2,3.5,8.6,14.6,12.3,7.7,3.3,2,
花蓮,2024/02/14 00:00:00,O3,27.9,26.5,26,26.2,26.6,25.8,23.5,24.4,26.8,30.2,36.2,46.3,47.2,45.7,44.9,45.1,45.4,44.9,32.1,21,19.7,21.5,23.5,26.6,
花蓮,2024/02/14 00:00:00,PM10,17,17,18,13,16,14,15,21,10,13,17,16,17,23,22,24,28,31,34,40,32,21,14,12,
花蓮,2024/02/14 00:00:00,PM2.5,13,9,14,16,16,18,11,12,11,9,12,12,15,10,9,15,13,11,23,29,21,14,16,12,
花蓮,2024/02/14 00:00:00,RAINFALL,0,0,0,0,0,0,0,0,0,0,0,0,0,0,0,0,0,0,0,0,0,0,0,0,
花蓮,2024/02/14 00:00:00,RH,68,70,70,72,72,74,80,74,64,54,48,48,50,50,55,62,65,69,69,74,77,70,68,62,
花蓮,2024/02/14 00:00:00,SO2,0.7,0.8,0.8,0.8,0.8,0.9,0.9,0.9,0.9,1,3.8,1.1,0.8,0.8,0.7,0.7,0.9,1,1.5,1.4,1.3,1.1,1.1,1.2,
花蓮,2024/02/14 00:00:00,THC,2.02,2.04,2.04,2.05,2.02,2.02,2.05,2.03,2.01,2.01,2.02,1.99,1.98,1.97,1.96,1.96,1.96,1.99,2.08,2.16,2.11,2.04,1.99,1.97,
花蓮,2024/02/14 00:00:00,WD_HR,209,212,209,210,212,216,214,211,212,212,199,121,126,127,126,128,125,166,243,224,230,218,214,214,
花蓮,2024/02/14 00:00:00,WIND_DIREC,207,203,213,209,217,212,214,215,210,189,177,119,124,134,131,120,126,188,275,228,219,214,211,217,
花蓮,2024/02/14 00:00:00,WIND_SPEED,3,2.2,3.2,3.3,2.1,2.9,3.2,2.8,2.6,1.9,1.3,2.3,2.2,1.9,2.2,2.2,1.6,0.9,0.8,1,1.2,2,2.4,2.2,
花蓮,2024/02/14 00:00:00,WS_HR,2.9,2.6,3.2,2.6,2.5,2.4,3,3,3,2.3,1.6,1.6,1.9,1.8,1.7,1.8,1.7,1,1,0.6,1.1,1.3,1.9,2.5,
花蓮,2024/02/15 00:00:00,AMB_TEMP,19.6,19.1,18.9,18.4,18,17.9,17.6,18,20,22.6,24.9,25.2,25.2,25.2,25.2,24.9,24.2,23.8,23.6,23.2,22.7,22.5,22.4,21.1,
花蓮,2024/02/15 00:00:00,CH4,1.97,1.98,1.99,1.98,1.98,1.97,1.99,2.02,1.98,1.98,1.98,1.95,1.95,1.95,1.95,1.95,1.96,1.96,1.96,1.98,1.98,2,1.99,2,
花蓮,2024/02/15 00:00:00,CO,0.16,0.16,0.16,0.16,0.16,0.16,0.18,0.21,0.2,0.2,0.21,0.22,0.2,0.18,0.18,0.2,0.21,0.24,0.29,0.4,0.3,0.37,0.3,0.25,
花蓮,2024/02/15 00:00:00,NMHC,0.01,0.01,0,0,0.01,0,0,0.01,0.02,0.02,0.01,0.03,0,0,0,0,0,0.02,0.06,0.12,0.06,0.12,0.09,0.02,
花蓮,2024/02/15 00:00:00,NO,0.4,0.4,0.4,0.3,0.3,0.2,0.3,0.6,1.5,1.6,1.7,0.7,0.5,0.5,0.4,0.4,0.3,0.4,0.5,0.8,0.8,0.8,0.8,0.3,
花蓮,2024/02/15 00:00:00,NO2,1.6,1.7,1.3,1.3,1.6,1.9,2.2,2.8,2.9,3.3,3.9,2.3,1.7,1.6,1.7,2.1,2.6,4.4,6.3,9.5,8.3,9.7,9.4,4.9,
花蓮,2024/02/15 00:00:00,NOx,2,2.1,1.7,1.6,2,2.1,2.5,3.5,4.4,4.9,5.6,3,2.3,2.1,2.2,2.6,2.9,4.8,6.8,10.4,9.2,10.5,10.3,5.2,
花蓮,2024/02/15 00:00:00,O3,26.7,25.5,25.9,24.9,23.3,23.6,21.3,17.6,19.1,23,31.1,39.3,41.1,41.3,41.8,40.8,39.3,36.6,34.1,21.1,19.5,17,18.4,35.7,
花蓮,2024/02/15 00:00:00,PM10,11,12,10,12,14,11,11,15,21,19,19,21,28,20,21,18,21,36,31,22,18,24,19,27,
花蓮,2024/02/15 00:00:00,PM2.5,8,15,12,15,11,14,15,13,11,10,19,11,22,11,14,15,16,14,9,13,14,18,13,22,
花蓮,2024/02/15 00:00:00,RAINFALL,0,0,0,0,0,0,0,0,0,0,0,0,0,0,0,0,0,0,0,0,0,0,0,1.5,
花蓮,2024/02/15 00:00:00,RH,64,69,69,72,73,71,76,76,69,57,56,66,69,71,71,71,72,75,77,76,73,74,74,89,
花蓮,2024/02/15 00:00:00,SO2,1.1,0.7,0.7,0.6,0.6,0.7,0.8,0.8,0.8,1,2.6,0.7,1.2,0.6,0.7,0.6,0.7,0.6,0.6,0.7,0.8,0.7,0.7,0.8,
花蓮,2024/02/15 00:00:00,THC,1.98,1.99,1.99,1.98,1.99,1.97,1.99,2.03,2,2,1.99,1.98,1.95,1.94,1.94,1.95,1.96,1.98,2.02,2.1,2.04,2.12,2.08,2.02,
花蓮,2024/02/15 00:00:00,WD_HR,210,212,208,220,224,219,215,214,209,201,179,119,120,121,120,127,122,117,150,295,305,295,282,42,
花蓮,2024/02/15 00:00:00,WIND_DIREC,207,211,210,226,227,219,218,213,200,199,142,118,119,127,124,125,129,113,266,268,305,284,295,43,
花蓮,2024/02/15 00:00:00,WIND_SPEED,2.5,2.6,2.1,2.8,2,2.6,3.1,3.1,2.1,2.2,1.7,2.4,2.6,2,2.1,1.8,1.6,1,0.7,0.7,1.4,0.8,1.4,3.2,
花蓮,2024/02/15 00:00:00,WS_HR,2.1,2.3,2.5,2.5,2.1,2.1,2.6,2.9,2.5,1.9,1.3,1.7,2.3,2.2,2,1.7,1.6,0.9,0.3,0.7,1.4,0.8,0.8,1.9,
花蓮,2024/02/16 00:00:00,AMB_TEMP,19.8,19.3,18.9,18.9,18.8,19,19.3,18.9,18.6,19,19,18.9,19.4,20.1,20.5,20.3,20,19.7,19.6,19.1,18.2,18.1,18.1,18.2,
花蓮,2024/02/16 00:00:00,CH4,2,2,2,2,2.01,2.01,2.01,2.02,2.02,#,2.01,2,1.99,1.99,1.99,1.99,1.99,1.98,1.98,1.98,1.98,1.99,2,2,
花蓮,2024/02/16 00:00:00,CO,0.25,0.26,0.27,0.28,0.29,0.28,0.31,0.42,0.42,0.37,0.38,#,0.33,0.32,0.3,0.26,0.27,0.29,0.29,0.26,0.28,0.32,0.34,0.33,
花蓮,2024/02/16 00:00:00,NMHC,0,0,0,0,0,0,0.02,0.05,0.06,#,0.06,0.04,0.03,0.02,0.02,0.02,0.03,0.04,0.04,0.03,0.04,0.04,0.02,0.02,
花蓮,2024/02/16 00:00:00,NO,0.3,0.2,0.2,0.3,0.4,0.4,0.1,0.6,1.1,1.2,1.4,#,1.1,0.9,0.7,0.6,0.6,0.4,0.4,0.5,0.2,0.4,0.5,0.5,
花蓮,2024/02/16 00:00:00,NO2,2.5,2.7,2.6,2.5,2.5,2.6,3.7,6.4,9.2,9.1,9.6,#,5.8,5.2,4.7,5.1,5.7,6.3,6.1,5.2,6.5,7.1,6.6,8.3,
花蓮,2024/02/16 00:00:00,NOx,2.9,3,2.9,2.8,2.9,3.1,3.8,7,10.3,10.3,11.1,#,6.9,6.2,5.5,5.7,6.3,6.7,6.6,5.7,6.8,7.6,7.1,8.8,
花蓮,2024/02/16 00:00:00,O3,44.2,42,40.5,39.1,37.6,37.6,35.1,29.7,27.3,30.9,#,30.8,36.3,40.1,42.5,43.4,41.9,40.8,40.2,41.5,36.8,33.4,31.6,26,
花蓮,2024/02/16 00:00:00,PM10,36,26,21,15,11,6,11,9,15,#,7,7,8,6,14,8,20,18,12,11,7,9,10,13,
花蓮,2024/02/16 00:00:00,PM2.5,23,23,17,12,11,11,10,11,13,8,#,4,5,7,4,4,6,8,6,9,6,10,9,7,
花蓮,2024/02/16 00:00:00,RAINFALL,0.5,0,0,0,0,0,0,0,0,0,#,0.5,0,0,0,0,0,0,0,0,0,0,0,0,
花蓮,2024/02/16 00:00:00,RH,95,96,98,96,94,89,87,92,96,90,91,91,85,76,74,75,78,81,81,85,96,97,96,95,
花蓮,2024/02/16 00:00:00,SO2,0.6,0.7,0.5,0.6,0.6,0.6,0.7,0.7,0.8,0.8,0.8,#,0.8,0.9,0.8,0.9,0.7,0.6,0.6,0.8,0.8,0.8,1,0.9,
花蓮,2024/02/16 00:00:00,THC,1.99,2,2,2,2.01,2.01,2.03,2.07,2.08,#,2.07,2.04,2.02,2.01,2.01,2.01,2.02,2.02,2.02,2.01,2.02,2.03,2.02,2.02,
花蓮,2024/02/16 00:00:00,WD_HR,54,52,69,72,68,69,0,257,267,284,284,344,351,343,44,68,64,62,67,46,325,327,322,312,
花蓮,2024/02/16 00:00:00,WIND_DIREC,49,65,71,59,74,74,16,240,266,276,321,334,359,18,70,61,54,48,68,11,336,321,301,308,
花蓮,2024/02/16 00:00:00,WIND_SPEED,2.3,1.9,2.2,1.2,2,1.1,0.3,1.6,0.9,1,0.7,1.3,1.4,1.3,1.9,2.2,1.8,1.9,1.5,1.3,1.1,1,1.4,0.4,
花蓮,2024/02/16 00:00:00,WS_HR,2.1,1.5,1.8,0.9,1.2,1.3,0.3,0.6,0.9,0.6,0.7,0.6,1.1,1.3,1,1.7,1.5,1.7,1.5,1.1,1,0.9,1.1,0.7,
花蓮,2024/02/17 00:00:00,AMB_TEMP,18.1,17.8,17.8,17.7,17.6,17.6,17.5,17.6,18.9,21.2,23.1,23.5,23.6,23.7,22.8,22.4,22.6,22.4,22.3,22,21.6,21.2,20.7,20.7,
花蓮,2024/02/17 00:00:00,CH4,2,2,2.01,2.01,2.02,2.03,2.03,2.02,2.01,1.99,1.97,1.97,1.96,1.97,1.97,1.97,1.97,1.98,1.98,1.98,2,2.01,2.04,2.04,
花蓮,2024/02/17 00:00:00,CO,0.27,0.29,0.25,0.23,0.23,0.24,0.28,0.38,0.3,0.31,0.25,0.23,0.22,0.21,0.22,0.23,0.26,0.28,0.31,0.28,0.28,0.28,0.27,0.24,
花蓮,2024/02/17 00:00:00,NMHC,0.03,0.03,0.01,0.01,0.01,0.03,0.05,0.06,0.03,0.02,0.02,0,0,0,0,0.01,0.02,0.02,0.05,0.04,0.04,0.05,0.05,0.03,
花蓮,2024/02/17 00:00:00,NO,0.5,0.7,0.6,0.6,0.3,0.5,0.7,3.4,2.9,3.2,#,1.1,0.8,0.7,0.5,0.6,0.6,0.4,0.6,0.6,0.6,0.6,0.4,0.4,
花蓮,2024/02/17 00:00:00,NO2,7.1,14.5,7.5,3.3,2.7,3.1,5.5,6.9,5.1,6,#,2.8,2.2,2.1,2.2,3.2,5.2,7.1,6.8,5.9,5.9,5.6,5.3,3.7,
花蓮,2024/02/17 00:00:00,NOx,7.7,15.3,8.1,3.9,3,3.7,6.3,10.4,8.1,9.3,#,4,3,2.9,2.8,3.8,5.8,7.6,7.4,6.5,6.5,6.2,5.7,4.1,
花蓮,2024/02/17 00:00:00,O3,26.6,20.6,24.8,24.5,25.6,19.4,12.7,8,18.5,25.8,39.9,44.6,46.5,46.3,45.6,46.5,44.2,40.9,40.3,38.7,29.2,26.4,22.4,26.2,
花蓮,2024/02/17 00:00:00,PM10,8,9,5,12,8,9,7,6,4,8,7,3,3,2,1,11,10,15,9,9,9,11,15,11,
花蓮,2024/02/17 00:00:00,PM2.5,10,6,5,7,8,7,8,7,7,10,6,2,2,0,2,10,11,10,7,8,11,11,15,8,
花蓮,2024/02/17 00:00:00,RAINFALL,0,0,0,0,0.5,0,0,0,0,0,0,0,0,0,0,0,0,0,0,0,0,0,0,0,
花蓮,2024/02/17 00:00:00,RH,96,98,98,100,100,100,100,99,93,80,72,73,73,73,79,82,82,85,86,88,89,93,94,94,
花蓮,2024/02/17 00:00:00,SO2,0.8,0.5,0.4,0.4,0.3,0.5,0.3,0.4,0.5,0.6,#,0.9,1.1,0.9,1,1,1,1,1,1,1,1.1,1,1.1,
花蓮,2024/02/17 00:00:00,THC,2.03,2.03,2.02,2.02,2.03,2.06,2.08,2.08,2.04,2.01,1.99,1.96,1.96,1.97,1.97,1.98,1.99,2,2.03,2.02,2.04,2.06,2.09,2.07,
花蓮,2024/02/17 00:00:00,WD_HR,254,295,257,219,223,267,236,234,222,240,112,98,98,96,89,74,48,73,200,215,212,211,210,206,
花蓮,2024/02/17 00:00:00,WIND_DIREC,278,298,252,219,218,250,270,221,243,226,102,101,88,98,93,33,92,7,129,226,197,217,210,196,
花蓮,2024/02/17 00:00:00,WIND_SPEED,0.6,0.8,0.6,1.6,0.4,0.8,0.3,0.6,1.3,1,2.3,2.6,2.9,3.2,2.1,1.5,1.3,0.5,0.3,1.5,1,1.7,1.8,1.1,
花蓮,2024/02/17 00:00:00,WS_HR,0.8,0.9,0.5,1,1,0.7,0.3,0.6,1.3,0.6,1.1,2,2.6,2.9,2.2,1.3,0.7,0.7,0.1,0.9,1.3,1.6,1.6,1.6,
花蓮,2024/02/18 00:00:00,AMB_TEMP,20.6,20.6,20.7,20.5,20.4,20.6,20.5,20.8,21.6,23.3,25.5,26.4,26.2,25.6,25,24.8,24.7,24.7,24,23.7,23.3,23.2,22.9,22.6,
花蓮,2024/02/18 00:00:00,CH4,2.03,1.97,1.97,1.96,1.96,1.97,1.98,1.98,1.98,1.96,1.97,1.94,1.93,1.92,1.92,1.92,1.93,1.94,1.95,1.96,1.96,1.97,2,2.05,
花蓮,2024/02/18 00:00:00,CO,0.24,0.18,0.17,0.16,0.17,0.18,0.18,0.2,0.2,0.2,0.2,0.19,0.18,0.17,0.17,0.17,0.17,0.23,0.34,0.29,0.26,0.22,0.21,0.2,
花蓮,2024/02/18 00:00:00,NMHC,0.02,0.01,0,0,0,0,0,0.01,0.02,0.18,0.01,0,0,0,0,0,0.01,0.06,0.11,0.18,0.14,0.05,0.04,0.03,
花蓮,2024/02/18 00:00:00,NO,0.3,0.7,0.6,0.6,0.6,0.5,0.6,1,1.3,1.2,1.5,1.1,0.8,0.6,0.8,0.5,0.7,0.8,0.9,0.7,0.6,0.7,0.7,0.7,
花蓮,2024/02/18 00:00:00,NO2,3.7,1.9,1.1,0.9,1,1.1,1.3,2.1,2.6,1.9,2.7,1.6,1.2,1.1,1.4,1.6,1.8,3.3,6.9,7.2,6.3,4.2,4.3,4.6,
花蓮,2024/02/18 00:00:00,NOx,4.1,2.6,1.8,1.6,1.6,1.7,2,3.1,3.9,3.2,4.3,2.7,2,1.7,2.2,2.1,2.5,4.2,7.9,7.9,6.9,4.9,5,5.4,
花蓮,2024/02/18 00:00:00,O3,20.8,18.8,19.7,18.8,18.1,19.6,18.4,15.5,15.5,18.9,24.1,33.9,36.4,34.4,34.7,34.9,33,29.1,22.5,17.9,17.2,17.8,16.8,14.6,
花蓮,2024/02/18 00:00:00,PM10,8,4,3,4,5,5,5,4,8,6,6,17,22,28,22,17,15,15,20,13,15,9,14,13,
花蓮,2024/02/18 00:00:00,PM2.5,9,8,9,7,6,5,10,7,12,7,2,13,10,8,9,7,9,7,10,12,13,8,13,13,
花蓮,2024/02/18 00:00:00,RAINFALL,0,0,0,0,0,0,0,0,0,0,0,0,0,0,0,0,0,0,0,0,0,0,0,0,
花蓮,2024/02/18 00:00:00,RH,90,81,79,79,82,82,84,82,77,66,62,69,75,79,82,85,87,81,86,88,88,87,88,90,
花蓮,2024/02/18 00:00:00,SO2,1.2,0.4,0.2,0.2,0.2,0.1,0.1,0.2,0.2,0.6,1.3,0.1,0.1,0.2,0.2,0,0.1,0.5,0.3,0.4,0.3,0.3,0.3,0.7,
花蓮,2024/02/18 00:00:00,THC,2.05,1.98,1.96,1.96,1.96,1.96,1.97,1.99,2,2.14,1.98,1.94,1.92,1.92,1.92,1.92,1.94,2,2.06,2.14,2.1,2.02,2.04,2.08,
花蓮,2024/02/18 00:00:00,WD_HR,204,215,209,208,213,211,205,202,204,200,181,150,153,153,166,165,182,211,264,217,216,202,190,185,
花蓮,2024/02/18 00:00:00,WIND_DIREC,204,217,204,211,213,209,207,205,208,193,120,156,147,160,164,158,199,262,225,225,212,201,186,191,
花蓮,2024/02/18 00:00:00,WIND_SPEED,1.6,2.2,2,2.3,2,3,2.4,3.3,2.9,2,1.7,3,2.8,3,2.7,2.6,2.7,0.5,0.9,0.7,1.9,2.4,1.7,1.5,
花蓮,2024/02/18 00:00:00,WS_HR,1.5,1.9,2.4,2.1,1.9,2.5,2.6,2,2.7,2.1,1.4,1.9,2.1,2.1,2,1.9,2,0.8,0.8,0.9,1.5,1.6,1.5,1,
花蓮,2024/02/19 00:00:00,AMB_TEMP,22.5,22.5,22,21.5,21.9,21.8,21.7,22,23.5,25.4,26.1,25.5,25.2,25.9,25.9,25.6,25.3,25,24.5,24.4,24,23.5,23.4,23.1,
花蓮,2024/02/19 00:00:00,CH4,2.04,1.99,1.97,1.95,1.94,1.94,1.94,1.97,1.96,1.96,1.93,1.91,1.9,1.9,1.9,1.9,1.9,1.9,1.9,1.92,1.94,1.94,1.95,1.93,
花蓮,2024/02/19 00:00:00,CO,0.19,0.18,0.14,0.13,0.13,0.14,0.17,0.22,0.23,0.17,0.15,0.15,0.16,0.13,0.13,0.15,0.16,0.18,0.17,0.2,0.26,0.23,0.18,0.15,
花蓮,2024/02/19 00:00:00,NMHC,0.04,0.04,0.02,0.02,0.02,0.02,0.02,0.04,0.04,0.02,0,0,0,0,0,0,0.01,0.01,0.01,0.04,0.1,0.08,0.04,0.03,
花蓮,2024/02/19 00:00:00,NO,0.6,0.4,0.4,0.5,0.4,0.3,0.6,1.6,3.4,2.9,2.3,0.9,0.8,0.7,0.8,0.7,0.8,0.5,0.5,0.4,0.7,0.7,0.7,0.8,
花蓮,2024/02/19 00:00:00,NO2,3.1,2.8,2.2,1.7,2,2.1,2.9,4.3,5.5,4.5,3.3,1.7,1.5,1,1.3,1.8,2.8,3.1,2.8,3.2,7.4,6.8,3.9,3.1,
花蓮,2024/02/19 00:00:00,NOx,3.8,3.2,2.6,2.3,2.5,2.5,3.5,6,9,7.4,5.6,2.7,2.3,1.8,2.2,2.5,3.6,3.6,3.4,3.6,8.1,7.6,4.6,4,
花蓮,2024/02/19 00:00:00,O3,13.9,11.6,12.3,11.8,14.3,14.2,12.4,9.7,11.4,15.6,21.6,24.8,27.4,28.4,28.9,30,29.9,28.6,26.4,23.1,10,11.2,13.3,11.6,
花蓮,2024/02/19 00:00:00,PM10,10,11,8,5,4,4,9,9,9,15,18,4,5,13,8,17,20,28,46,18,13,9,6,6,
花蓮,2024/02/19 00:00:00,PM2.5,10,10,9,7,6,7,12,11,8,6,5,5,7,7,6,6,7,8,7,13,14,12,9,6,
花蓮,2024/02/19 00:00:00,RAINFALL,0,0,0,0,0,0,0,0,0,0,0,0,0,0,0,0,0,0,0,0,0,0,0,0,
花蓮,2024/02/19 00:00:00,RH,88,85,80,78,74,73,73,79,71,66,69,80,85,84,83,89,93,95,97,96,87,85,86,81,
花蓮,2024/02/19 00:00:00,SO2,0.2,0.6,0.6,0.7,0.7,0.7,0.6,0.9,1.2,2,1.1,0.8,0.6,0.6,0.5,0.7,0.6,0.7,0.6,0.8,0.8,0.6,0.6,0.7,
花蓮,2024/02/19 00:00:00,THC,2.08,2.03,1.99,1.97,1.96,1.96,1.96,2.01,2,1.98,1.93,1.91,1.9,1.89,1.89,1.9,1.91,1.91,1.91,1.96,2.04,2.02,1.99,1.96,
花蓮,2024/02/19 00:00:00,WD_HR,194,240,225,223,237,216,224,204,230,189,113,119,128,122,113,142,153,140,151,186,210,225,210,230,
花蓮,2024/02/19 00:00:00,WIND_DIREC,196,208,246,221,252,226,196,226,254,132,112,123,135,133,119,146,164,143,150,207,201,224,272,225,
花蓮,2024/02/19 00:00:00,WIND_SPEED,0.7,0.8,1.8,1.6,1.2,2.2,1.9,1.3,1.5,1.2,2.1,1.7,1.5,1.6,1.8,1.6,1.5,1.7,1.3,1.3,1.3,1.7,0.3,1,
花蓮,2024/02/19 00:00:00,WS_HR,0.7,0.5,1.5,1,1.3,1,1,1.4,1.4,0.5,1.4,1.5,1.5,1.6,1.8,1.3,1.4,1.1,1.2,0.8,0.7,1.3,1.3,1,
花蓮,2024/02/20 00:00:00,AMB_TEMP,22.9,22.9,22.9,22.4,22.2,22.1,21.9,22.4,24.1,25.9,27,27.3,27.2,27.1,26.9,26.1,25.4,25,24.8,24.8,24.7,24.8,24.7,24.4,
花蓮,2024/02/20 00:00:00,CH4,1.94,1.94,2,1.97,1.93,1.96,1.97,1.94,1.93,1.95,1.91,1.89,1.89,1.89,1.89,1.89,1.89,1.89,1.9,1.9,1.91,1.92,1.93,1.99,
花蓮,2024/02/20 00:00:00,CO,0.15,0.13,0.17,0.14,0.11,0.13,0.15,0.18,0.16,0.16,0.15,0.13,0.12,0.12,0.14,0.13,0.15,0.15,0.15,0.14,0.14,0.15,0.15,0.19,
花蓮,2024/02/20 00:00:00,NMHC,0.04,0.03,0.09,0.06,0.02,0.02,0.02,0.03,0.02,0.02,0.01,0,0,0,0,0,0.01,0,0,0,0,0.01,0.02,0.07,
花蓮,2024/02/20 00:00:00,NO,0.7,0.4,0.7,0.6,0.6,0.4,0.8,1.7,2.4,2.8,1.7,1,1.2,1,1,1,1,1,0.9,0.7,0.7,0.7,0.6,0.6,
花蓮,2024/02/20 00:00:00,NO2,2.9,2.3,4.6,4,1.8,1.8,2.3,3,3,3.4,2.8,1.6,1.3,0.8,1.1,1.4,2,2,1.9,1.8,1.7,2.2,2.3,4.4,
花蓮,2024/02/20 00:00:00,NOx,3.6,2.8,5.4,4.6,2.4,2.3,3.2,4.8,5.4,6.3,4.5,2.6,2.5,1.9,2.2,2.5,3.1,3,2.8,2.5,2.4,2.9,2.9,5.1,
花蓮,2024/02/20 00:00:00,O3,10,10.9,7.4,8.3,11,10.2,8.6,8.4,12.2,14.1,20.7,27.8,29,26.5,29.8,30.8,29.2,27.4,23.6,23.8,23.8,23.8,20.6,13.2,
花蓮,2024/02/20 00:00:00,PM10,8,8,8,11,6,4,4,5,9,15,18,22,19,20,26,20,21,21,21,21,20,13,11,14,
花蓮,2024/02/20 00:00:00,PM2.5,10,9,6,7,5,5,11,9,10,14,10,7,7,7,8,9,9,6,7,5,7,8,9,10,
花蓮,2024/02/20 00:00:00,RAINFALL,0,0,0,0,0,0,0,0,0,0,0,0,0,0,0,0,0,0,0,0,0,0,0,0,
花蓮,2024/02/20 00:00:00,RH,80,79,83,85,82,85,88,85,76,70,74,83,82,82,83,86,90,92,94,93,93,92,93,95,
花蓮,2024/02/20 00:00:00,SO2,0.7,0.3,0.3,0.3,0.4,0.3,0.3,0.5,0.5,1,1,0.4,0.1,0,0.1,0.2,0.2,0.2,0.2,0.3,0.2,0.2,0.3,0.1,
花蓮,2024/02/20 00:00:00,THC,1.98,1.97,2.09,2.03,1.95,1.98,1.99,1.97,1.95,1.97,1.92,1.89,1.88,1.87,1.87,1.88,1.9,1.89,1.9,1.89,1.9,1.93,1.95,2.06,
花蓮,2024/02/20 00:00:00,WD_HR,212,282,268,233,224,222,215,209,205,196,145,159,166,164,161,163,157,158,175,178,180,172,178,170,
花蓮,2024/02/20 00:00:00,WIND_DIREC,203,335,264,232,226,221,211,207,191,191,153,162,171,152,159,165,157,174,176,173,174,184,161,164,
花蓮,2024/02/20 00:00:00,WIND_SPEED,0.7,0.5,0.7,1.5,1.7,1.9,2,2.8,2.2,1.7,2.8,3,4,3,3.4,3,2.7,2.4,2,1.6,1.6,0.9,0.2,0.2,
花蓮,2024/02/20 00:00:00,WS_HR,0.6,0.3,0.8,0.6,1.6,1.2,1.8,2.4,2.3,1.9,1.4,2.4,2.9,2.7,2.5,2.5,2.3,1.7,2,1.8,1.4,0.6,0.4,0.2,
花蓮,2024/02/21 00:00:00,AMB_TEMP,24,23.8,23.6,22.8,21.7,21.3,20.9,22,23.5,25.9,27.3,27,27,26.6,26.3,26.1,25.3,25,25,24.9,24.9,24.7,24.4,24.1,
花蓮,2024/02/21 00:00:00,CH4,1.99,2.05,1.94,1.92,1.91,1.91,1.91,1.92,1.93,1.92,1.9,1.9,1.9,1.91,1.92,1.92,1.92,1.92,1.93,1.94,1.94,1.97,1.96,1.96,
花蓮,2024/02/21 00:00:00,CO,0.15,0.12,0.12,0.1,0.1,0.11,0.14,0.17,0.15,0.14,0.14,0.15,0.18,0.17,0.17,0.18,0.19,0.21,0.2,0.22,0.23,0.23,0.23,0.21,
花蓮,2024/02/21 00:00:00,NMHC,0.03,0.01,0.01,0.01,0.01,0.03,0.03,0.02,0.01,0.06,0.02,0,0,0,0,0,0,0,0.01,0.02,0.03,0.04,0.03,0.04,
花蓮,2024/02/21 00:00:00,NO,0.5,0.9,1.1,1.1,1.1,1.1,1.4,2.7,2.9,2,1.8,1.6,1.6,1.4,1.3,1.3,1.1,1,1.3,1.2,1.3,1.3,1.2,1.1,
花蓮,2024/02/21 00:00:00,NO2,2.9,1.3,0.9,0.9,0.8,1.6,2.5,2.8,2,1.5,1.8,1.1,1,0.9,0.8,0.7,1.2,1.8,2,2.2,3.6,4,3.7,3.3,
花蓮,2024/02/21 00:00:00,NOx,3.4,2.2,2,2,1.9,2.8,3.9,5.6,4.9,3.5,3.7,2.7,2.6,2.3,2.2,2.1,2.3,2.9,3.3,3.4,4.9,5.3,5,4.5,
花蓮,2024/02/21 00:00:00,O3,12,13.8,14.1,10.6,8.3,9.1,9.2,9.4,10.7,16,23.3,28.8,31.6,36.3,34.8,32.7,33.6,34.2,31.8,29.8,27.5,24.4,21.4,13.8,
花蓮,2024/02/21 00:00:00,PM10,8,16,12,6,1,6,6,11,25,20,24,26,23,34,33,33,34,34,28,24,29,24,18,17,
花蓮,2024/02/21 00:00:00,PM2.5,8,11,9,5,9,8,7,11,11,10,9,8,12,10,14,11,15,17,17,13,12,11,11,12,
花蓮,2024/02/21 00:00:00,RAINFALL,0,0,0,0,0,0,0,0,0,0,0,0,0,0,0,0,0,0,0,0,0,0,0,0,
花蓮,2024/02/21 00:00:00,RH,94,94,90,84,81,80,77,72,76,65,64,74,79,82,84,84,88,89,89,90,88,88,90,91,
花蓮,2024/02/21 00:00:00,SO2,0.2,0.1,0.1,0.2,0.2,0.2,0.3,0.2,0.1,#,#,0.4,0.3,0.3,0.7,0.6,0.5,0.4,0.6,0.5,1,0.7,0.4,0.3,
花蓮,2024/02/21 00:00:00,THC,2.02,2.06,1.95,1.93,1.92,1.94,1.94,1.94,1.94,1.98,1.92,1.89,1.9,1.91,1.9,1.91,1.92,1.92,1.94,1.96,1.97,2.01,1.99,2,
花蓮,2024/02/21 00:00:00,WD_HR,189,182,196,209,221,223,218,210,197,201,139,154,163,156,149,160,164,177,192,194,200,189,201,220,
花蓮,2024/02/21 00:00:00,WIND_DIREC,144,203,187,219,218,224,213,198,199,204,147,162,164,152,149,165,159,182,183,249,209,217,167,197,
花蓮,2024/02/21 00:00:00,WIND_SPEED,0.5,0.8,0.3,1.5,1.4,1.3,2.1,3.8,3,1.2,2.5,3.7,4,3.5,3.4,3.5,2.5,2.5,2,0.6,0.8,0.8,0.4,0.8,
花蓮,2024/02/21 00:00:00,WS_HR,0.6,0.5,0.4,1.2,1.3,1.5,1.6,2.1,2.5,1.7,1.5,2.4,2.9,2.6,2.6,2.4,2.1,2,1.7,1,1.2,0.6,0.5,0.6,
花蓮,2024/02/22 00:00:00,AMB_TEMP,23.5,23.7,23.6,23.4,23.1,22.9,22.7,23.3,24.8,25.5,25.8,26.4,26.5,26,25.3,23.1,21.3,20.6,20.3,20.3,20.2,20.1,19.9,19.8,
花蓮,2024/02/22 00:00:00,CH4,1.92,1.93,1.99,2.05,1.97,1.93,1.94,1.94,1.95,1.93,1.91,1.91,1.91,1.9,1.91,1.95,1.97,1.98,1.98,1.98,1.98,1.98,1.99,2,
花蓮,2024/02/22 00:00:00,CO,0.15,0.15,0.18,0.17,0.14,0.14,0.14,0.24,0.22,0.17,0.16,0.16,0.17,0.14,0.15,0.23,0.25,0.27,0.27,0.25,0.24,0.25,0.24,0.23,
花蓮,2024/02/22 00:00:00,NMHC,0.01,0.01,0.04,0.07,0.03,0.02,0.01,0.04,0.04,0,0,0,0,0,0.01,0.02,0.02,0.03,0.04,0.03,0.02,0.02,0.01,0,
花蓮,2024/02/22 00:00:00,NO,0.9,1.1,0.7,0.8,0.9,0.9,0.9,1.9,4.7,2.8,1.1,1.1,1.2,1.2,0.8,1.1,1,1.2,1.1,0.8,1.1,0.8,0.9,0.8,
花蓮,2024/02/22 00:00:00,NO2,1.4,2.7,3.5,4.2,3.5,2.4,1.8,4.2,6.2,3.4,1.4,1,1.4,0.9,1.5,3.7,4.3,4.9,5.3,4.7,3.8,3.5,2.8,2.3,
花蓮,2024/02/22 00:00:00,NOx,2.3,3.8,4.3,5,4.5,3.3,2.8,6.2,11,6.2,2.5,2.2,2.6,2.1,2.4,4.9,5.4,6.1,6.4,5.6,4.9,4.3,3.7,3.1,
花蓮,2024/02/22 00:00:00,O3,11.6,11.3,8.4,7.2,8.8,13.7,14.3,12.4,12.9,20.3,28.4,28.1,27.4,31.4,32.3,31.4,32.2,31.3,30.7,30.2,30.5,30.7,31.2,31.8,
花蓮,2024/02/22 00:00:00,PM10,11,11,11,26,12,9,10,15,24,#,#,17,15,9,12,14,7,2,1,0,0,2,0,0,
花蓮,2024/02/22 00:00:00,PM2.5,12,10,12,11,8,7,7,14,10,13,#,13,13,9,6,8,11,8,11,6,5,5,4,3,
花蓮,2024/02/22 00:00:00,RAINFALL,0,0,0,0,0,0,0,0,0,0,0,0,0,0,0,1,1.5,0,0.5,1,1,0.5,1,0.5,
花蓮,2024/02/22 00:00:00,RH,81,77,89,89,84,77,74,73,67,76,82,76,75,80,84,93,99,100,100,100,100,100,100,100,
花蓮,2024/02/22 00:00:00,SO2,0.6,0.8,0.8,0.9,1,0.8,0.8,0.9,1,1.1,0.7,0.5,0.6,0.6,0.6,0.7,0.8,0.8,0.9,0.9,0.8,1,1.1,0.9,
花蓮,2024/02/22 00:00:00,THC,1.93,1.94,2.03,2.12,2,1.95,1.95,1.98,1.99,1.93,1.9,1.9,1.9,1.89,1.92,1.97,1.99,2.01,2.02,2.01,2,2,2,2,
花蓮,2024/02/22 00:00:00,WD_HR,203,249,292,135,240,223,208,224,200,133,105,119,127,99,79,40,44,46,56,45,52,47,67,68,
花蓮,2024/02/22 00:00:00,WIND_DIREC,206,286,76,184,251,219,208,260,172,102,118,133,94,96,61,34,52,46,48,41,56,44,75,75,
花蓮,2024/02/22 00:00:00,WIND_SPEED,1.1,0.6,0.2,0.2,1.1,1.6,2.8,1.5,1,2.2,1.9,2.5,2.1,2.7,2,2.5,2.6,2.1,1.2,1.8,1.7,1.5,1.3,1.6,
花蓮,2024/02/22 00:00:00,WS_HR,1.1,0.5,0.4,0.2,1.1,1.5,1.9,1.5,0.7,1.1,1.9,1.8,1.3,2.2,1.5,1.8,2,2,1.7,1.3,1.2,1.2,1.4,1.3,
花蓮,2024/02/23 00:00:00,AMB_TEMP,19.7,19.4,18.8,17.9,17.3,17.1,17.2,17.3,17.3,17.6,18.4,19.5,20.4,20.1,20,20.1,19.7,19.3,19,18.8,18.7,18.7,18.8,18.6,
花蓮,2024/02/23 00:00:00,CH4,2,2,2.02,2.02,2.02,2.02,2.02,2.02,2.02,2.02,2.01,2.01,2,2.01,2.01,2.02,2.02,2.02,2.02,2.02,2.02,2.03,2.03,2.03,
花蓮,2024/02/23 00:00:00,CO,0.23,0.24,0.27,0.28,0.29,0.29,0.31,0.36,0.36,0.36,0.36,0.37,0.3,0.33,0.33,0.35,0.37,0.4,0.38,0.34,0.34,0.41,0.41,0.38,
花蓮,2024/02/23 00:00:00,NMHC,0,0,0,0,0,0.01,0.02,0.04,0.04,0.04,0.04,0.03,0.02,0.02,0.02,0.02,0.03,0.04,0.04,0.03,0.03,0.03,0.03,0.03,
花蓮,2024/02/23 00:00:00,NO,0.7,0.1,0,0,0.1,0.1,0,0.4,0.8,1.3,1.3,1.4,0.9,0.9,1,0.8,0.6,0.5,0.2,0.1,0.1,0.2,0.1,0.2,
花蓮,2024/02/23 00:00:00,NO2,2,2.3,2.3,2.4,2.4,2.5,3.3,4.9,6.8,6.7,6.4,5.5,4.4,5.1,5.3,7,8.6,9.3,7.6,5.6,5.5,6,7.1,7.2,
花蓮,2024/02/23 00:00:00,NOx,2.7,2.4,2.3,2.4,2.5,2.7,3.4,5.3,7.7,8,7.7,6.9,5.4,6,6.4,7.9,9.3,9.9,7.9,5.8,5.6,6.2,7.3,7.5,
花蓮,2024/02/23 00:00:00,O3,31.7,31.8,30.8,29.7,29.2,28.1,27.5,25.3,24.2,25.9,27.5,30.9,35.5,35.2,36.6,35.9,33.8,32.3,33.7,34,32.8,29.8,27.7,24.5,
花蓮,2024/02/23 00:00:00,PM10,0,2,0,0,4,6,9,9,11,10,7,6,5,13,9,17,17,16,16,13,9,9,7,15,
花蓮,2024/02/23 00:00:00,PM2.5,3,4,6,5,6,7,7,6,3,6,10,8,4,5,7,8,9,11,11,11,9,9,8,11,
花蓮,2024/02/23 00:00:00,RAINFALL,1,1,0.5,1,0.5,0,0,0.5,0,0,0,0,0,0,0,0,0,0,0,0,0,0,0,0,
花蓮,2024/02/23 00:00:00,RH,100,100,100,100,100,100,98,98,99,97,91,84,79,82,82,81,84,85,85,87,87,88,88,91,
花蓮,2024/02/23 00:00:00,SO2,0.8,0.1,0.2,0.2,0.3,0.4,0.5,0.4,0.5,0.4,0.7,0.9,0.5,0.8,0.8,1,1,0.9,0.7,0.6,0.5,1.3,1.4,0.9,
花蓮,2024/02/23 00:00:00,THC,2,2,2.01,2.02,2.02,2.03,2.04,2.06,2.06,2.06,2.05,2.04,2.02,2.03,2.03,2.04,2.05,2.06,2.06,2.05,2.05,2.06,2.06,2.06,
花蓮,2024/02/23 00:00:00,WD_HR,61,63,66,60,59,52,64,60,62,52,45,20,60,56,54,66,57,69,72,71,65,68,28,314,
花蓮,2024/02/23 00:00:00,WIND_DIREC,62,68,63,56,60,61,70,56,73,42,51,357,91,54,54,66,56,85,80,66,74,62,313,311,
花蓮,2024/02/23 00:00:00,WIND_SPEED,1.9,2.1,2.4,2.8,3,2.4,1.9,1.7,2.3,2.3,2,2.1,2.6,2.6,1.8,2.1,2.3,1.6,2.3,2.1,1.6,1.2,1.1,0.6,
花蓮,2024/02/23 00:00:00,WS_HR,1.6,1.9,2.1,2.3,2.4,2.1,1.7,1.3,1.7,1.5,1.6,1.3,1.1,1.6,1.7,1.4,1.7,1.5,1.9,1.8,1.5,1.2,0.7,0.7,
花蓮,2024/02/24 00:00:00,AMB_TEMP,18.7,18.7,18.7,18.7,18.8,18.7,18.8,18.9,19.5,19.9,20.3,20.4,20.3,20.3,20.4,19.8,19.5,18.8,18.8,18.7,18.4,18.4,18.3,18.6,
花蓮,2024/02/24 00:00:00,CH4,2.03,2.03,2.03,2.02,2.02,2.03,2.03,2.03,2.02,2.01,2.01,2.01,2.01,2,2,2,2.01,2.01,2.02,2.02,2.02,2.03,2.03,2.04,
花蓮,2024/02/24 00:00:00,CO,0.37,0.35,0.34,0.28,0.3,0.36,0.37,0.41,0.4,0.38,0.35,0.34,0.34,0.32,0.31,0.3,0.34,0.39,0.44,0.41,0.35,0.34,0.38,0.38,
花蓮,2024/02/24 00:00:00,NMHC,0.03,0.03,0.02,0.01,0.01,0.03,0.05,0.05,0.04,0.04,0.03,0.02,0.03,0.02,0.03,0.03,0.04,0.06,0.07,0.06,0.04,0.04,0.04,0.03,
花蓮,2024/02/24 00:00:00,NO,0,0.7,0.8,0.7,0.7,0.8,1,1.4,2,2.6,2.1,1.4,1.4,1.2,1.1,0.9,0.9,1.1,1.3,0.8,0.9,0.7,0.7,0.7,
花蓮,2024/02/24 00:00:00,NO2,7.1,5.5,5.7,3.9,5.1,8.8,9.2,9.9,8.9,8.7,5.8,4.7,4.8,3.7,3.7,4,4.8,7.8,10.3,9.3,6.1,4.5,6,6.4,
花蓮,2024/02/24 00:00:00,NOx,7.2,6.2,6.6,4.7,5.9,9.6,10.3,11.4,11,11.4,7.9,6.1,6.2,4.9,4.8,5,5.7,9,11.6,10.1,7,5.3,6.8,7.1,
花蓮,2024/02/24 00:00:00,O3,23.3,23,22.9,28.3,25.7,16.4,15.8,17.3,22.4,23.8,30.4,36.1,37.3,41.1,41.8,39.2,36.6,32.9,29.2,30.3,34.4,34.4,30,28,
花蓮,2024/02/24 00:00:00,PM10,16,10,7,9,12,12,10,14,7,9,9,8,6,3,3,7,8,11,13,11,10,13,16,17,
花蓮,2024/02/24 00:00:00,PM2.5,9,7,7,8,7,12,9,7,6,8,7,5,7,8,7,9,8,12,10,10,8,6,7,11,
花蓮,2024/02/24 00:00:00,RAINFALL,0,0,0,0,0,0,0,0,0,0,0,0,0,0,0,0,0,0,0,0,0,0,0.5,0,
花蓮,2024/02/24 00:00:00,RH,91,91,90,92,92,92,93,92,87,85,81,80,81,81,80,87,90,98,98,99,99,99,99,97,
花蓮,2024/02/24 00:00:00,SO2,0.8,0.7,0.8,0.7,1.2,1.8,1.3,1.2,1.3,1.3,1.2,1.1,1,0.8,0.7,0.9,0.9,1,0.9,0.9,0.8,0.7,0.6,0.6,
花蓮,2024/02/24 00:00:00,THC,2.06,2.06,2.05,2.03,2.03,2.06,2.08,2.08,2.06,2.05,2.04,2.03,2.04,2.02,2.03,2.03,2.05,2.07,2.09,2.08,2.06,2.07,2.07,2.07,
花蓮,2024/02/24 00:00:00,WD_HR,283,228,271,34,340,278,329,278,39,59,80,81,29,42,35,58,352,324,310,7,38,47,14,332,
花蓮,2024/02/24 00:00:00,WIND_DIREC,250,248,57,42,304,260,15,279,307,63,84,76,34,31,45,49,318,323,343,10,50,15,18,325,
花蓮,2024/02/24 00:00:00,WIND_SPEED,0.4,0.4,0.7,1.3,0.8,0.2,1.1,0.3,0.7,2.3,2.5,2.2,2.3,2,2.2,1.8,1.2,0.7,0.3,1.1,1.2,0.9,0.5,0.3,
花蓮,2024/02/24 00:00:00,WS_HR,0.5,0.5,0.1,0.7,0.5,0.4,0.2,0.5,0.6,1,1.7,2,1.4,1.6,1.6,1.4,1,1,0.6,0.7,1,0.8,0.4,0.3,
花蓮,2024/02/25 00:00:00,AMB_TEMP,18.7,18.6,18.1,17.8,17.8,17.7,17.6,17.6,17.6,17.4,17.2,17,17.4,17.5,17.4,16.6,16.5,16.4,16.3,16.1,15.9,15.4,15,14.9,
花蓮,2024/02/25 00:00:00,CH4,2.04,2.05,2.03,2.02,2.03,2.02,2.03,2.03,2.03,2.03,2.03,2.02,2.02,2.02,2.02,2.03,2.03,2.03,2.03,2.03,2.03,2.03,2.03,2.03,
花蓮,2024/02/25 00:00:00,CO,0.38,0.39,0.36,0.34,0.35,0.36,0.35,0.37,0.38,0.37,0.37,0.36,0.36,0.36,0.39,0.42,0.4,0.41,0.39,0.41,0.41,0.43,0.41,0.39,
花蓮,2024/02/25 00:00:00,NMHC,0.04,0.03,0.01,0.01,0.02,0.03,0.02,0.03,0.04,0.03,0.04,0.04,0.03,0.02,0.04,0.05,0.04,0.04,0.03,0.05,0.05,0.04,0.03,0.03,
花蓮,2024/02/25 00:00:00,NO,0.7,1,0.9,1.1,0.9,1,0.9,1,1.1,1.2,1.3,1,1.2,1.1,1,1.1,0.9,1.1,1,1.1,1.1,1.1,1.1,0.9,
花蓮,2024/02/25 00:00:00,NO2,6.8,7,6,2.8,2.7,3.1,3.5,3.5,4.3,4.5,4.3,3.9,3.4,3.1,4.4,6.6,4.5,4.5,4.9,5.4,6.5,6.8,6.5,5.9,
花蓮,2024/02/25 00:00:00,NOx,7.5,8,6.9,3.9,3.6,4.2,4.4,4.5,5.4,5.8,5.7,5,4.7,4.3,5.5,7.7,5.5,5.7,5.9,6.5,7.6,7.9,7.6,6.9,
花蓮,2024/02/25 00:00:00,O3,25,21.9,26.5,30.1,29.9,27.9,28.5,27.7,26.4,28,29.4,31.8,34.6,35.9,33.6,29.9,33.4,33.5,34.2,33.5,32.8,31.8,33.1,33.4,
花蓮,2024/02/25 00:00:00,PM10,21,18,5,7,6,8,9,7,6,5,11,10,7,6,7,7,9,14,17,20,16,16,13,15,
花蓮,2024/02/25 00:00:00,PM2.5,9,11,7,11,7,7,9,7,7,10,13,8,9,7,8,7,10,12,11,12,13,18,13,12,
花蓮,2024/02/25 00:00:00,RAINFALL,0,0,1,0,0,0,0,0,0,0,0,0,0,0,0.5,0.5,0,0.5,0,0,0,0,0.5,0,
花蓮,2024/02/25 00:00:00,RH,96,97,100,100,99,99,98,97,95,92,92,94,89,88,91,98,95,93,93,95,96,98,99,99,
花蓮,2024/02/25 00:00:00,SO2,0.7,0.3,0.4,0.4,0.2,0.3,0.3,0.3,0.3,0.3,0.3,0.4,0.4,0.4,0.4,0.5,0.4,0.4,0.3,0.4,0.5,0.6,0.6,0.7,
花蓮,2024/02/25 00:00:00,THC,2.08,2.08,2.04,2.03,2.05,2.05,2.05,2.06,2.07,2.06,2.07,2.06,2.05,2.04,2.06,2.08,2.07,2.07,2.06,2.08,2.08,2.07,2.06,2.06,
花蓮,2024/02/25 00:00:00,WD_HR,311,343,40,65,68,65,58,59,61,53,55,51,42,47,47,27,41,42,47,11,360,4,2,0,
花蓮,2024/02/25 00:00:00,WIND_DIREC,314,354,56,68,68,70,53,54,49,51,64,52,43,41,45,47,44,34,57,348,3,22,24,12,
花蓮,2024/02/25 00:00:00,WIND_SPEED,0.7,1.5,1.7,1.7,2.1,1.9,2.1,1.9,2.1,1.9,2.5,2.4,2.6,2.4,2.3,2,2.1,1.9,1.9,2,2.2,1.8,1.3,1.4,
花蓮,2024/02/25 00:00:00,WS_HR,0.4,0.7,0.9,1.4,1.7,1.5,1.7,1.5,1.5,1.7,1.8,1.7,1.6,2.1,1.6,1.1,1.7,1.4,1.7,1.3,1.4,1.5,1.1,1.1,
花蓮,2024/02/26 00:00:00,AMB_TEMP,14.8,14.6,14.7,15.2,15.5,15.7,15.9,15.7,15.7,16.2,17.1,17.4,17.1,16.8,16.5,15.8,15.9,15.7,15.7,15.8,15.8,16,15.9,15.8,
花蓮,2024/02/26 00:00:00,CH4,2.03,2.03,2.03,2.03,2.03,2.03,2.03,2.03,2.03,2.03,2.02,2.02,2.02,2.03,2.03,2.03,2.04,2.03,2.04,2.04,2.04,2.05,2.05,2.05,
花蓮,2024/02/26 00:00:00,CO,0.36,0.32,0.32,0.32,0.32,0.34,0.35,0.44,0.47,0.44,0.4,0.39,0.41,0.4,0.41,0.44,0.49,0.53,0.56,0.54,0.49,0.5,0.43,0.4,
花蓮,2024/02/26 00:00:00,NMHC,0.02,0.02,0.02,0.02,0.02,0.03,0.04,0.1,0.09,0.07,0.06,0.05,0.05,0.04,0.05,0.06,0.07,0.09,0.12,0.1,0.09,0.1,0.05,0.03,
花蓮,2024/02/26 00:00:00,NO,0.9,0.6,0.6,0.8,0.8,0.5,0.6,1.1,1.7,2.1,1.9,1.3,1.4,1.4,1.6,1.4,1.7,1.5,1.4,1.5,1.1,0.8,0.8,0.7,
花蓮,2024/02/26 00:00:00,NO2,5.7,4.6,5,5.6,6,6.2,5.7,8,9.7,9.9,7.6,5.3,5.8,7,8.4,9.3,11.3,12,14.1,13.2,9.9,9.5,6.8,4.6,
花蓮,2024/02/26 00:00:00,NOx,6.6,5.2,5.6,6.4,6.9,6.8,6.3,9.1,11.4,12,9.6,6.7,7.2,8.4,10,10.7,13.1,13.5,15.5,14.7,11,10.4,7.6,5.3,
花蓮,2024/02/26 00:00:00,O3,33.9,34.4,32.4,30.6,30,30.4,31.7,28.2,28.3,28.2,35,38.7,36.6,36.2,35.9,34.5,31.7,29.9,25.6,25.4,26.7,25.1,23.8,25.1,
花蓮,2024/02/26 00:00:00,PM10,13,8,15,14,13,12,8,13,15,17,12,19,25,30,22,20,26,19,18,13,14,16,6,7,
花蓮,2024/02/26 00:00:00,PM2.5,9,11,12,11,13,11,9,10,9,11,12,16,14,24,19,24,19,15,17,15,16,14,12,9,
花蓮,2024/02/26 00:00:00,RAINFALL,0,0,0,0,0,0,0,0,0,0,0,0,0,0,0,0,0,0,0.5,0,0,0,0,0,
花蓮,2024/02/26 00:00:00,RH,99,100,98,93,91,89,88,89,91,87,81,80,82,85,90,98,97,99,100,99,100,98,99,100,
花蓮,2024/02/26 00:00:00,SO2,0.8,0.9,1,1,0.9,0.9,0.7,0.8,0.9,1,0.9,0.7,0.6,0.6,0.7,0.7,0.6,0.7,0.8,0.7,0.7,0.6,0.7,0.6,
花蓮,2024/02/26 00:00:00,THC,2.05,2.05,2.05,2.05,2.05,2.06,2.07,2.13,2.12,2.1,2.08,2.07,2.07,2.07,2.08,2.09,2.11,2.12,2.16,2.14,2.13,2.15,2.1,2.08,
花蓮,2024/02/26 00:00:00,WD_HR,354,351,357,346,1,357,13,1,1,13,36,34,26,23,3,356,346,313,275,285,265,263,221,222,
花蓮,2024/02/26 00:00:00,WIND_DIREC,1,0,12,341,4,343,49,10,39,353,57,37,340,23,344,359,327,285,273,273,241,215,221,213,
花蓮,2024/02/26 00:00:00,WIND_SPEED,0.9,1.6,1.1,0.7,1,0.9,1,1.4,1.1,1,1.4,1.8,1.1,1.2,1.8,1,1.6,1.2,1.3,1.1,1,0.3,1.7,1.3,
花蓮,2024/02/26 00:00:00,WS_HR,1.2,1.4,0.9,0.8,0.6,0.7,0.9,1.2,0.9,0.9,1.1,1.4,1,0.8,1.2,1.3,1,1.1,1.1,0.8,1,0.6,1.6,1.5,
花蓮,2024/02/27 00:00:00,AMB_TEMP,15.7,15.6,15.7,15.7,15.7,15.9,15.9,16.4,17.1,18,17.5,17.3,17.1,17.4,17,16.8,16.7,16.6,16.8,17.1,17,16.6,16.7,16.7,
花蓮,2024/02/27 00:00:00,CH4,2.06,2.04,2.04,2.04,2.07,2.07,2.09,2.06,2.04,#,2.03,2.01,2.01,2.01,2.01,2.01,2.02,2.02,2.03,2.03,2.03,2.02,2.03,2.04,
花蓮,2024/02/27 00:00:00,CO,0.39,0.38,0.36,0.36,0.36,0.35,0.37,0.46,0.47,0.45,0.41,#,0.45,0.39,0.38,0.39,0.47,0.54,0.59,0.51,0.5,0.49,0.47,0.4,
花蓮,2024/02/27 00:00:00,NMHC,0.03,0.03,0.02,0.02,0.02,0.02,0.02,0.05,0.07,#,0.19,0.08,0.08,0.04,0.05,0.05,0.08,0.12,0.13,0.11,0.09,0.09,0.09,0.05,
花蓮,2024/02/27 00:00:00,NO,0.8,1.1,0.9,1.1,1.2,1,1,1.4,2,2.9,2.1,#,2.3,1.8,1.8,1.6,2.1,2.9,2.4,1.7,1.4,1.4,1.7,1.2,
花蓮,2024/02/27 00:00:00,NO2,3.3,3.5,3,2.3,2.3,2.5,3.3,5.6,8.5,10.7,10.6,#,11.1,8.7,9.4,8.8,13.3,16.9,17.7,15.3,13.3,12.9,10.8,8.4,
花蓮,2024/02/27 00:00:00,NOx,4.1,4.7,3.9,3.5,3.5,3.5,4.3,7.1,10.6,13.7,12.7,#,13.4,10.6,11.2,10.4,15.4,19.8,20.1,17,14.7,14.4,12.5,9.7,
花蓮,2024/02/27 00:00:00,O3,25,26.3,26.7,26.5,26.7,26.5,25.8,24.4,21.4,20.6,#,28,29.9,34.1,36.8,38.9,33.7,28.3,25.5,25.8,25.2,23.8,24.8,23.7,
花蓮,2024/02/27 00:00:00,PM10,13,9,5,4,3,2,6,8,7,#,13,7,11,9,5,6,5,9,8,12,14,15,10,11,
花蓮,2024/02/27 00:00:00,PM2.5,10,11,11,10,8,6,7,8,4,8,#,9,14,10,7,6,7,7,11,12,11,A,9,10,
花蓮,2024/02/27 00:00:00,RAINFALL,0,0,0,0,0,0,0,0,0,0,#,0,0,0,0,0,0,0,0,0,0,0,0,0,
花蓮,2024/02/27 00:00:00,RH,100,100,100,100,100,100,100,98,94,90,94,94,96,94,97,98,98,99,97,94,95,98,98,99,
花蓮,2024/02/27 00:00:00,SO2,0.6,0.8,0.7,0.8,0.7,0.8,0.8,0.7,0.8,0.9,1.4,#,1,1,1,0.8,0.9,0.9,0.9,1.1,0.9,0.9,0.9,0.9,
花蓮,2024/02/27 00:00:00,THC,2.09,2.07,2.06,2.06,2.09,2.09,2.11,2.11,2.11,#,2.22,2.09,2.09,2.05,2.06,2.06,2.1,2.14,2.16,2.14,2.12,2.11,2.12,2.09,
花蓮,2024/02/27 00:00:00,WD_HR,218,224,223,219,221,218,220,222,223,202,78,336,289,351,318,325,304,300,279,291,294,287,269,230,
花蓮,2024/02/27 00:00:00,WIND_DIREC,231,227,215,219,222,217,210,228,225,90,56,294,297,355,319,330,290,337,267,296,288,281,262,229,
花蓮,2024/02/27 00:00:00,WIND_SPEED,2.1,1.8,2.3,2.3,2.3,1.9,2.2,1.7,1.3,0.5,0.4,0.2,0.3,0.2,0.3,0.8,1.1,0.4,0.5,0.9,1,0.5,0.3,1.1,
花蓮,2024/02/27 00:00:00,WS_HR,1.9,1.5,1.5,1.9,2.1,2,2,1.8,1.5,0.3,0.3,0.3,0.4,0.1,0.3,0.6,1,1,0.7,0.6,0.4,0.6,0.6,0.9,
花蓮,2024/02/28 00:00:00,AMB_TEMP,16.4,16.4,16.4,16.4,16.4,16.3,16.2,16.9,19,20.7,22.1,22.7,23.1,22.7,22.8,22.2,21.9,20.7,20.5,20.1,19.9,19.9,20,19.9,
花蓮,2024/02/28 00:00:00,CH4,2.03,2.05,2.04,2.05,2.05,2.04,2.05,2.04,2.04,2.01,2.01,1.99,1.98,1.98,1.98,1.98,1.98,2,2.01,2.02,2.02,2.02,2.03,2.03,
花蓮,2024/02/28 00:00:00,CO,0.37,0.33,0.32,0.31,0.3,0.3,0.33,0.36,0.33,0.34,0.32,0.28,0.27,0.28,0.28,0.29,0.3,0.42,0.45,0.43,0.39,0.33,0.36,0.34,
花蓮,2024/02/28 00:00:00,NMHC,0.03,0.02,0.01,0.01,0.01,0.02,0.02,0.04,0.02,0.03,0.02,0.01,0,0,0.01,0.01,0.02,0.1,0.1,0.09,0.11,0.04,0.06,0.06,
花蓮,2024/02/28 00:00:00,NO,1.1,0.3,0.4,0.4,0.6,0.4,0.5,1.1,1.3,1.5,1.4,0.6,0.6,0.5,0.5,0.4,0.5,0.7,0.7,0.6,0.6,0.4,0.4,0.3,
花蓮,2024/02/28 00:00:00,NO2,5.7,3.5,3.3,2.5,2.8,2.8,3.2,5.5,4.1,4.2,4.4,2.9,2.2,2.3,2.3,2.5,4,8.5,9.4,10.4,9.6,6.2,6.2,5.8,
花蓮,2024/02/28 00:00:00,NOx,6.8,3.9,3.8,3,3.4,3.3,3.7,6.6,5.5,5.8,5.9,3.6,2.8,2.8,2.9,3,4.6,9.3,10.1,11,10.3,6.6,6.6,6.2,
花蓮,2024/02/28 00:00:00,O3,22.8,24.5,27.1,26.2,23.8,21.2,23,20.5,23.8,31.4,36,44.7,48.2,53,52.9,51.5,47.3,39,31.7,31.6,30.3,28.8,27.9,22.3,
花蓮,2024/02/28 00:00:00,PM10,13,9,9,9,9,7,8,13,11,8,9,5,4,7,13,15,13,16,16,11,8,11,15,11,
花蓮,2024/02/28 00:00:00,PM2.5,10,A,11,8,8,7,10,7,6,6,7,5,2,3,6,10,11,14,14,9,*,11,11,11,
花蓮,2024/02/28 00:00:00,RAINFALL,0,0,0,0,0,0,0,0,0,0,0,0,0,0,0,0,0,0,0,1,0,0,0,0,
花蓮,2024/02/28 00:00:00,RH,100,100,100,100,100,100,100,98,87,76,71,69,71,76,76,80,84,94,96,99,100,100,100,100,
花蓮,2024/02/28 00:00:00,SO2,0.8,0.4,0.5,0.5,0.4,0.4,0.5,0.5,0.4,0.6,0.4,0.4,0.5,0.5,0.5,0.5,0.5,0.4,0.5,0.5,0.4,0.5,0.6,0.5,
花蓮,2024/02/28 00:00:00,THC,2.06,2.07,2.05,2.06,2.06,2.06,2.07,2.08,2.06,2.04,2.03,2,1.98,1.98,1.99,1.99,2,2.1,2.11,2.11,2.13,2.06,2.09,2.09,
花蓮,2024/02/28 00:00:00,WD_HR,230,228,227,222,227,220,222,219,210,310,111,121,120,116,125,135,185,291,306,329,305,229,266,239,
花蓮,2024/02/28 00:00:00,WIND_DIREC,231,227,223,217,228,219,239,213,262,137,113,117,118,127,130,169,237,301,318,313,270,270,278,242,
花蓮,2024/02/28 00:00:00,WIND_SPEED,0.7,1.7,2,1.5,1.7,2,1.4,1.6,0.4,0.3,2.1,2.2,2,1.9,1.5,0.9,0.7,1.4,1.3,1,1,0.5,0.2,0.8,
花蓮,2024/02/28 00:00:00,WS_HR,1.3,1.5,1.6,1.4,1.4,1.7,1.7,1.6,0.6,0,1.3,1.4,1.7,1.8,1.4,1.1,0.7,1.1,0.9,0.4,1.3,0.7,0.4,0.6,
花蓮,2024/02/29 00:00:00,AMB_TEMP,19.8,19.6,19.4,19.2,19.3,19.2,19.5,19.9,20.8,21.9,22.7,24.5,24.4,24.3,23.9,23.6,23,22.5,21.6,20,19.6,19.9,20,19.6,
花蓮,2024/02/29 00:00:00,CH4,2.03,2.03,2.05,2.04,2.02,2.03,2.02,2.02,2.01,2.03,2,1.98,1.96,1.96,1.96,1.96,1.97,1.98,1.98,2,2.01,2,2.01,2.01,
花蓮,2024/02/29 00:00:00,CO,0.3,0.26,0.25,0.25,0.23,0.25,0.26,0.31,0.29,0.27,0.26,0.24,0.23,0.22,0.23,0.25,0.31,0.36,0.29,0.29,0.3,0.32,0.35,0.35,
花蓮,2024/02/29 00:00:00,NMHC,0.03,0.02,0.03,0.03,0.03,0.03,0.02,0.05,0.03,0.03,0.03,0.01,0,0.01,0.01,0.01,0.03,0.06,0.03,0.03,0.03,0.03,0.03,0.05,
花蓮,2024/02/29 00:00:00,NO,0.4,0.8,0.7,0.5,0.6,0.8,0.8,1.3,2.4,2.3,2.2,2.1,0.8,1.1,1.4,1.1,0.9,1,0.6,0.8,0.6,0.8,0.5,0.7,
花蓮,2024/02/29 00:00:00,NO2,4.1,2.7,2.6,2.7,2.4,3,3,4.3,4.9,5,4.6,4.3,2.2,2,5.4,3.5,5.2,8.4,6.6,5.8,5.7,6.2,7.5,8.3,
花蓮,2024/02/29 00:00:00,NOx,4.6,3.6,3.3,3.2,3.1,3.8,3.8,5.6,7.4,7.3,6.9,6.4,3.1,3.1,6.9,4.6,6.2,9.4,7.3,6.6,6.4,7,8.1,9,
花蓮,2024/02/29 00:00:00,O3,20.6,22.9,19,14.5,13.5,10,17.6,14.2,12.4,16.4,21.8,30.9,34.2,35.2,33.8,37,37.1,35.8,41,39.4,37.3,34.5,28.6,26.4,
花蓮,2024/02/29 00:00:00,PM10,7,5,5,9,7,8,7,8,13,10,9,13,7,7,5,7,11,9,18,17,14,21,21,10,
花蓮,2024/02/29 00:00:00,PM2.5,12,11,8,6,5,9,11,11,10,7,9,6,8,8,7,6,5,13,15,16,15,16,17,12,
花蓮,2024/02/29 00:00:00,RAINFALL,0,0,0,0,0,0,0,0,0,0,0,0,0,0,0,0,0,0,0,0,0,0,0,1.5,
花蓮,2024/02/29 00:00:00,RH,100,100,100,100,100,100,99,98,93,87,84,81,83,82,85,86,90,95,98,99,98,97,97,100,
花蓮,2024/02/29 00:00:00,SO2,0.4,0.5,0.6,0.5,0.6,0.6,0.6,0.6,0.7,0.6,0.8,1,0.5,0.5,0.6,0.6,0.6,0.6,0.7,0.7,0.7,0.9,1.1,1,
花蓮,2024/02/29 00:00:00,THC,2.06,2.05,2.08,2.07,2.05,2.06,2.04,2.07,2.04,2.06,2.03,1.99,1.96,1.97,1.97,1.97,2,2.04,2.01,2.03,2.04,2.03,2.04,2.06,
花蓮,2024/02/29 00:00:00,WD_HR,254,230,264,237,244,229,214,215,216,206,217,135,133,111,72,31,34,33,49,59,61,54,335,294,
花蓮,2024/02/29 00:00:00,WIND_DIREC,258,241,268,258,258,226,212,212,218,211,210,124,139,98,40,44,45,45,54,65,56,49,283,72,
花蓮,2024/02/29 00:00:00,WIND_SPEED,0.8,0.9,0.6,1.2,1,1.5,1.7,1.9,2.7,2,1.1,1.7,1.5,2,2,2,1.5,2,3.2,2.6,2.3,1.8,0.6,1.4,
花蓮,2024/02/29 00:00:00,WS_HR,0.8,0.8,0.6,0.6,0.9,1.1,1.8,1.9,2.2,1.7,0.9,1.1,1.4,1.7,1.7,1.5,1.5,1.4,2.4,2.4,2.3,1.8,0.6,0.1,
花蓮,2024/03/01 00:00:00,AMB_TEMP,19,18.4,17.5,16.7,16.1,15.8,15.7,15.9,15.9,15.9,16.1,16.6,16.5,16.9,#,17.1,16.4,15.9,16.2,16.6,16.5,16.4,15.8,15.4,
花蓮,2024/03/01 00:00:00,CH4,2,2.01,2.04,2.04,2.04,2.04,2.04,2.04,2.04,2.04,2.04,2.04,2.03,2.03,#,2.02,2.03,2.03,2.02,2.01,2,2,2,2,
花蓮,2024/03/01 00:00:00,CO,0.28,0.35,0.37,0.39,0.39,0.38,0.4,0.44,0.48,0.46,0.44,0.45,0.44,0.44,#,0.42,0.49,0.47,0.39,0.3,0.29,0.27,0.25,0.23,
花蓮,2024/03/01 00:00:00,NMHC,0.02,0.03,0.02,0.03,0.03,0.03,0.04,0.06,0.07,0.06,0.05,0.06,0.06,0.05,#,0.05,0.08,0.08,0.07,0.02,0.02,0.01,0.01,0,
花蓮,2024/03/01 00:00:00,NO,0.6,0,0.1,0.2,0.3,0.3,0.2,0.5,1.2,1.8,1.3,1.3,1.4,1,#,#,1.1,1,0.5,0.5,0.2,0.2,0.2,0.2,
花蓮,2024/03/01 00:00:00,NO2,4.9,3.9,3.1,2.9,2.9,2.8,3.5,5.1,7.6,8.7,7.9,7.7,7,6.1,#,#,10.1,11.5,10.2,5.3,4.8,4,3.4,3,
花蓮,2024/03/01 00:00:00,NOx,5.6,4,3.3,3.2,3.2,3.1,3.7,5.6,8.9,10.5,9.2,9.1,8.4,7.1,#,#,11.2,12.6,10.7,5.8,5.1,4.2,3.7,3.2,
花蓮,2024/03/01 00:00:00,O3,33.9,31,30.7,29.5,30.5,33.2,31.8,29.3,26.3,26.2,28.8,31,34.1,36.2,#,#,30,30,36.3,43,42.6,43.8,43.6,44.9,
花蓮,2024/03/01 00:00:00,PM10,13,11,13,12,8,15,14,14,16,13,13,13,14,15,14,12,9,8,6,11,10,8,7,9,
花蓮,2024/03/01 00:00:00,PM2.5,10,9,6,6,10,7,8,8,10,7,10,9,9,7,*,11,9,9,8,5,4,3,4,5,
花蓮,2024/03/01 00:00:00,RAINFALL,1,0,0,0.5,0,0,0,0,0,0,0,0,0,0,#,0,1,0,0,0,0,0,0.5,0,
花蓮,2024/03/01 00:00:00,RH,100,100,98,99,98,95,92,89,91,92,89,86,86,84,#,82,90,95,88,83,82,81,86,86,
花蓮,2024/03/01 00:00:00,SO2,0.7,0.1,0,0,0,0.1,0,0.1,0.2,0.1,0.2,0.2,0.3,0.4,#,#,0.4,0.2,0.3,0.1,0,0.3,0.2,0.1,
花蓮,2024/03/01 00:00:00,THC,2.02,2.04,2.06,2.07,2.07,2.07,2.08,2.1,2.11,2.1,2.09,2.1,2.09,2.08,#,2.07,2.11,2.11,2.09,2.03,2.02,2.01,2.01,2,
花蓮,2024/03/01 00:00:00,WD_HR,62,55,64,65,62,65,67,65,16,348,31,347,294,327,#,273,269,266,55,55,59,65,62,66,
花蓮,2024/03/01 00:00:00,WIND_DIREC,58,50,71,66,64,62,68,56,327,43,5,303,323,310,#,323,259,237,62,54,70,58,72,66,
花蓮,2024/03/01 00:00:00,WIND_SPEED,2.5,3.2,3.2,3.1,2.4,2.5,3.5,1.7,1.6,1.1,1.4,1.1,1,1.3,#,1.2,1.2,1.1,3.6,2.3,2.7,2.4,2.4,2.9,
花蓮,2024/03/01 00:00:00,WS_HR,1.7,2.4,2.9,2.9,2.6,2.5,2.6,2,1,0.8,0.9,0.4,1.1,1.2,#,0.6,1.1,1,1.5,1.9,2,2.4,2.1,2.6,
花蓮,2024/03/02 00:00:00,AMB_TEMP,15.3,15.2,15.1,15,14.9,14.8,14.4,14.2,14.6,15.4,15.9,16.1,16,15.7,15.9,15.8,15.7,15.6,15.3,15.3,15.3,15,14.7,14.7,
花蓮,2024/03/02 00:00:00,CH4,2,2,2,2,2,2,2.01,2.01,2.01,2,1.99,1.99,1.99,1.99,1.99,1.99,1.99,2,2,2.01,2.02,2,2,2.01,
花蓮,2024/03/02 00:00:00,CO,0.22,0.23,0.22,0.21,0.21,0.24,0.26,0.29,0.33,0.3,0.35,0.37,0.33,0.3,0.3,0.32,0.35,0.37,0.36,0.34,0.39,0.32,0.3,0.26,
花蓮,2024/03/02 00:00:00,NMHC,0,0,0,0,0,0.01,0.01,0.02,0.05,0.04,0.04,0.03,0.03,0.03,0.04,0.04,0.07,0.07,0.07,0.07,0.09,0.06,0.03,0.02,
花蓮,2024/03/02 00:00:00,NO,0.3,0.3,0.2,0,0.1,0.2,0.2,0.5,1.4,1.8,1.9,2.5,1.7,1.4,1,1.1,0.9,0.8,0.8,0.6,0.8,0.7,0.5,0.5,
花蓮,2024/03/02 00:00:00,NO2,2.4,2.6,2.2,1.7,1.2,2.7,5,6.7,9.4,8.4,8.1,10.3,9.4,7.6,7.6,9.1,11,12.4,13.2,11.5,12.6,8.3,7.6,5.5,
花蓮,2024/03/02 00:00:00,NOx,2.7,2.9,2.4,1.7,1.3,3,5.3,7.2,10.8,10.2,10,12.8,11.2,9,8.6,10.3,12,13.3,14.1,12.2,13.4,9.1,8.1,6.1,
花蓮,2024/03/02 00:00:00,O3,46.6,44.6,46.5,48.6,48.8,38.6,36.3,32.6,30.3,35.7,38.2,36.5,39.1,40.6,40.3,37.8,35.4,33.5,32.7,30.4,26.2,30,34.7,36.7,
花蓮,2024/03/02 00:00:00,PM10,7,8,5,9,6,4,5,3,1,2,3,5,11,8,7,12,11,14,7,7,8,7,6,5,
花蓮,2024/03/02 00:00:00,PM2.5,5,7,4,4,5,9,8,8,7,6,5,8,5,3,3,5,9,11,11,8,6,4,6,6,
花蓮,2024/03/02 00:00:00,RAINFALL,0.5,0.5,0,0,0.5,0,0,0.5,0.5,0,0,0,0.5,0,0.5,0.5,0.5,0.5,0.5,0,0,0,0,0,
花蓮,2024/03/02 00:00:00,RH,83,85,84,84,83,87,92,96,96,89,84,84,85,89,89,90,93,96,96,97,97,98,100,100,
花蓮,2024/03/02 00:00:00,SO2,0.2,0.5,0.4,0.5,0.5,0.7,0.7,0.7,0.7,0.7,1.1,1.4,1.1,0.8,0.8,0.8,0.7,0.5,0.4,0.4,0.5,0.5,0.5,0.5,
花蓮,2024/03/02 00:00:00,THC,2,2,2,2,2,2.01,2.02,2.03,2.06,2.04,2.03,2.02,2.02,2.02,2.03,2.03,2.06,2.07,2.07,2.08,2.11,2.06,2.03,2.03,
花蓮,2024/03/02 00:00:00,WD_HR,63,48,44,45,64,330,232,229,246,306,346,348,330,303,306,326,319,344,319,276,285,291,317,282,
花蓮,2024/03/02 00:00:00,WIND_DIREC,61,41,28,49,71,304,263,220,258,345,26,344,342,326,305,323,323,5,295,315,295,292,335,273,
花蓮,2024/03/02 00:00:00,WIND_SPEED,2.3,2,1.8,2.8,2.1,1.6,1.7,1.4,1.3,1.9,1.8,1.3,1.2,0.8,1.1,1.4,1.3,1.1,0.9,1.1,1.5,1.1,0.8,0.2,
花蓮,2024/03/02 00:00:00,WS_HR,2.3,1.6,1.6,1.8,2.2,0.7,1.5,1.2,1.1,1,0.8,1.1,1.1,1,0.7,1.2,1.3,0.9,0.9,0.4,1,1.2,0.8,0.4,
花蓮,2024/03/03 00:00:00,AMB_TEMP,15,15,14.8,14.6,14.7,14.8,14.8,15,15.4,16.2,18.3,19.5,20.2,20.2,20.2,19.9,19.8,19.7,19.1,18.9,18.8,18.6,18.2,17.4,
花蓮,2024/03/03 00:00:00,CH4,2.02,2.02,2.01,2.01,2.01,2.01,2.01,2.02,2.02,2,2,2,2.01,2.01,2.01,2.01,2,2.01,2.03,2.02,2.03,2.05,2.05,2.06,
花蓮,2024/03/03 00:00:00,CO,0.27,0.26,0.23,0.23,0.23,0.23,0.24,0.3,0.33,0.31,0.31,0.29,0.28,0.27,0.28,0.28,0.29,0.39,0.51,0.43,0.47,0.51,0.37,0.33,
花蓮,2024/03/03 00:00:00,NMHC,0.04,0.03,0.01,0,0.01,0.01,0.02,0.04,0.04,0.04,0.03,0.01,0.01,0.01,0.01,0.01,0.02,0.04,0.1,0.1,0.1,0.14,0.06,0.05,
花蓮,2024/03/03 00:00:00,NO,0.5,0.5,0.2,0,0,0,0,0.3,1,1.6,2.3,2.3,2.5,1.5,1.1,0.2,0.3,0.5,1.1,0.6,0.7,0.8,0.4,0.5,
花蓮,2024/03/03 00:00:00,NO2,5.1,4.5,2.7,2.4,2.5,2.5,2.5,5.4,7.9,7.6,7.6,7.4,9.1,5.5,6.4,4,4.4,10.6,18.5,15.5,16,17.5,10,7.6,
花蓮,2024/03/03 00:00:00,NOx,5.6,5.1,2.9,2.3,2.5,2.6,2.5,5.7,8.9,9.3,9.9,9.8,11.7,7,7.5,4.3,4.7,11.2,19.6,16.2,16.7,18.3,10.4,8.1,
花蓮,2024/03/03 00:00:00,O3,29.7,23.9,23.5,26.3,26.4,22.8,25.6,24.2,21.8,25.8,35.2,41.5,39.9,48.4,47.6,53.2,50.4,40,23.5,20.4,16.6,10.9,14.8,16.6,
花蓮,2024/03/03 00:00:00,PM10,6,7,10,7,3,7,4,3,6,6,6,8,6,4,3,2,1,3,20,11,10,21,11,26,
花蓮,2024/03/03 00:00:00,PM2.5,6,5,6,8,6,6,8,9,8,6,4,1,0,5,4,4,4,10,11,9,8,16,10,29,
花蓮,2024/03/03 00:00:00,RAINFALL,0,0.5,0,0.5,0,0,0.5,0,0,0,0,0,0,0,0,0,0,0,0,0,0,0,0,0,
花蓮,2024/03/03 00:00:00,RH,99,99,100,100,100,100,100,100,100,97,87,81,79,77,77,80,81,82,86,86,87,90,93,96,
花蓮,2024/03/03 00:00:00,SO2,0.6,0.9,0.9,0.9,0.8,0.9,0.8,1,1,1,1.2,1.1,1.4,1.2,1.2,1.1,1.1,1.9,1.8,1.5,1.1,1.1,1.1,1,
花蓮,2024/03/03 00:00:00,THC,2.06,2.05,2.02,2.01,2.02,2.02,2.03,2.06,2.06,2.04,2.03,2.01,2.02,2.02,2.02,2.02,2.02,2.05,2.13,2.12,2.13,2.19,2.11,2.11,
花蓮,2024/03/03 00:00:00,WD_HR,274,236,228,235,238,221,228,244,258,279,34,32,84,82,62,48,30,358,284,288,276,250,233,226,
花蓮,2024/03/03 00:00:00,WIND_DIREC,274,227,232,251,217,131,233,242,243,313,49,22,79,75,62,47,12,284,292,276,272,218,235,221,
花蓮,2024/03/03 00:00:00,WIND_SPEED,1,1,1.9,0.8,0.4,0.2,1.2,0.4,1.1,0.9,1.5,1.4,2,2.4,2.2,2.5,1.6,1.3,0.6,0.8,0.9,0.5,0.6,2,
花蓮,2024/03/03 00:00:00,WS_HR,0.7,0.6,1.3,0.9,0.5,0.9,1.1,0.3,0.8,0.7,0.9,1.1,2.2,1.8,1.5,1.6,1.3,0.6,0.9,0.7,0.9,0.7,0.8,1.6,
花蓮,2024/03/04 00:00:00,AMB_TEMP,17,17,16.7,16.4,16.3,16.3,16.2,17.1,19.4,22.1,24.2,24.4,24.5,24.6,24.8,24.7,24.2,23.8,23.6,23.1,22.5,21.8,21.9,21.3,
花蓮,2024/03/04 00:00:00,CH4,2.06,2.04,2.03,2.03,2.02,2.02,2.02,2.02,2.01,2,1.96,1.97,#,#,1.97,1.96,1.97,1.97,2,2.02,2.04,2.03,2.03,2.06,
花蓮,2024/03/04 00:00:00,CO,0.31,0.26,0.24,0.24,0.23,0.23,0.25,0.28,0.27,0.26,0.25,0.24,#,0.24,#,#,0.28,0.28,0.43,0.52,0.54,0.37,0.29,0.3,
花蓮,2024/03/04 00:00:00,NMHC,0.03,0.02,0.01,0.01,0.01,0,0.01,0.02,0.02,0.02,0.02,0.01,#,#,0,0.01,0.01,0.03,0.1,0.15,0.2,0.09,0.04,0.05,
花蓮,2024/03/04 00:00:00,NO,0.1,#,x,x,x,#,x,0.4,1,0.8,#,#,#,0,#,#,0,0,0,0,0.4,0.6,0,0,
花蓮,2024/03/04 00:00:00,NO2,5.3,*,x,x,x,*,x,3,3.1,3.8,#,#,#,2.4,#,#,3.3,4.3,10.7,13.1,14.9,8.7,6.4,4.8,
花蓮,2024/03/04 00:00:00,NOx,5.4,*,x,x,x,*,x,3.5,4.2,4.7,#,#,#,2.3,#,#,3.3,4.2,10.4,13.2,15.4,9.3,6.3,4.6,
花蓮,2024/03/04 00:00:00,O3,18.5,22.2,22.4,22.1,22.1,22.7,19.9,17.8,20.6,23.3,29,42.4,45,48.5,49.3,#,#,#,#,29.6,17.9,15.9,21,19.9,
花蓮,2024/03/04 00:00:00,PM10,15,6,5,6,8,18,4,11,8,#,16,19,14,13,10,18,15,24,17,18,27,20,11,11,
花蓮,2024/03/04 00:00:00,PM2.5,10,9,11,9,10,7,9,8,8,10,#,#,7,9,7,7,6,10,14,12,12,14,13,12,
花蓮,2024/03/04 00:00:00,RAINFALL,0,0,0,0,0,0,0,0,0,0,0,0,0,0,0,0,0,0,0,0,0,0,0,0,
花蓮,2024/03/04 00:00:00,RH,98,96,96,96,95,95,94,91,80,67,59,65,69,70,70,68,69,76,77,78,83,88,86,89,
花蓮,2024/03/04 00:00:00,SO2,0.9,0.5,0.6,0.6,0.5,0.7,0.5,0.5,0.8,0.8,0.5,0.4,#,0.1,#,#,0.2,0.3,0.4,0.4,0.5,0.5,0.5,0.5,
花蓮,2024/03/04 00:00:00,THC,2.09,2.06,2.04,2.04,2.03,2.02,2.03,2.04,2.03,2.02,1.98,1.98,#,#,1.97,1.97,1.98,2,2.1,2.17,2.24,2.12,2.07,2.11,
花蓮,2024/03/04 00:00:00,WD_HR,228,229,222,225,217,216,218,215,211,197,160,141,137,137,144,#,135,156,198,307,233,206,214,212,
花蓮,2024/03/04 00:00:00,WIND_DIREC,225,225,220,226,216,215,222,214,207,199,162,141,136,135,145,139,124,203,305,156,250,190,213,#,
花蓮,2024/03/04 00:00:00,WIND_SPEED,1.7,2.3,1.4,0.9,2.1,2.7,2.7,3,3,1.9,2.7,2.5,2.8,3.2,2.1,1.8,1.7,1.2,0.7,0.2,1.5,0.9,0.3,#,
花蓮,2024/03/04 00:00:00,WS_HR,1.9,1.5,1.3,1.3,2.1,2.3,2.7,2.4,2.6,2.1,1.5,1.8,2,2.3,2,#,1.4,1,0.3,0.3,0.8,0.8,1.1,0.4,
花蓮,2024/03/05 00:00:00,AMB_TEMP,21.4,21.3,21.1,21.1,20.6,20.4,20.4,21.4,23.8,26,28.2,27.1,26.1,26,26.9,27.6,27,25.8,25.4,25.1,24.4,24,23.3,22.5,
花蓮,2024/03/05 00:00:00,CH4,2.02,2.03,2.01,2.02,2.02,2.01,2.05,2.01,1.99,1.98,#,1.93,1.92,1.93,1.94,1.95,1.94,1.94,1.95,1.96,1.96,2,2.02,2.01,
花蓮,2024/03/05 00:00:00,CO,0.28,0.22,0.21,0.21,0.21,0.22,0.22,0.28,0.25,0.23,#,0.21,0.19,0.21,0.25,0.23,0.32,0.35,0.38,0.39,0.39,0.66,0.58,0.32,
花蓮,2024/03/05 00:00:00,NMHC,0.04,0.02,0.02,0.01,0.01,0.01,0.01,0.02,0.02,0.01,#,0,0,0,0.03,0.01,0.03,0.06,0.08,0.07,0.07,0.11,0.15,0.04,
花蓮,2024/03/05 00:00:00,NO,0,1.2,1.3,0.9,1,1.1,1,1.6,2.4,1.7,#,#,1.5,1.3,2.2,1.7,1.6,1.5,1.2,1.6,1.3,1.3,1.5,1.2,
花蓮,2024/03/05 00:00:00,NO2,3.7,2.2,2.7,1.7,2,2.4,2.3,3.6,3.2,2.3,#,#,3.1,3.6,7.3,4.4,7.9,10,10.2,14.4,13.1,19,16.7,8.2,
花蓮,2024/03/05 00:00:00,NOx,3.7,3.5,4,2.7,3,3.5,3.3,5.3,5.6,4.1,#,#,4.7,5,9.6,6.2,9.6,11.6,11.5,16,14.4,20.4,18.3,9.5,
花蓮,2024/03/05 00:00:00,O3,15.3,15.7,14.7,17.1,15.6,15.4,13.6,14.5,18.7,#,31.1,27.9,27.5,27.1,32.3,38.3,34.5,30.2,29.9,22.7,21.7,20.6,14.7,16.6,
花蓮,2024/03/05 00:00:00,PM10,13,15,9,13,9,7,11,13,15,16,11,17,25,18,22,18,26,22,40,40,28,35,39,29,
花蓮,2024/03/05 00:00:00,PM2.5,10,NA,12,11,13,11,11,12,11,10,15,6,12,10,13,13,15,16,16,17,17,23,24,21,
花蓮,2024/03/05 00:00:00,RAINFALL,0,0,0,0,0,0,0,0,0,0,0,0,0,0,0,0,0,0,0,0,0,0,0,0,
花蓮,2024/03/05 00:00:00,RH,85,86,86,87,91,91,91,85,75,63,56,72,83,84,73,67,71,82,84,88,94,96,94,94,
花蓮,2024/03/05 00:00:00,SO2,0.5,0.8,0.9,0.9,1,0.9,0.9,1,1,0.8,#,0.5,0.5,0.7,1,1,1.8,1.5,0.8,0.9,0.8,1.1,1,1,
花蓮,2024/03/05 00:00:00,THC,2.06,2.05,2.03,2.03,2.03,2.02,2.06,2.03,2.01,1.99,#,1.93,1.92,1.93,1.97,1.96,1.97,2,2.03,2.03,2.03,2.11,2.17,2.05,
花蓮,2024/03/05 00:00:00,WD_HR,243,228,223,233,228,218,216,209,206,207,201,139,123,101,52,45,46,40,5,20,0,334,247,210,
花蓮,2024/03/05 00:00:00,WIND_DIREC,228,232,223,242,240,213,223,205,210,202,152,134,115,98,65,47,39,40,359,315,1,263,208,202,
花蓮,2024/03/05 00:00:00,WIND_SPEED,0.7,1.3,1.4,1,1.2,2.6,2.5,3,3.1,3.1,1.8,1.1,1.2,1.2,2,1.9,1.3,1.6,1.7,1.4,0.9,0.4,1.3,1.5,
花蓮,2024/03/05 00:00:00,WS_HR,0.6,1.4,1.3,1,1.3,1.4,2.4,2.2,2.6,2.8,1.9,1.1,1.2,1,1.2,1.6,1.5,1,1.2,0.8,0.7,0.2,0.6,1.3,
花蓮,2024/03/06 00:00:00,AMB_TEMP,22.4,22.2,21.9,21.6,21.4,21.2,21.5,22.6,22.2,21.2,20.4,19.3,18.7,18.5,18.7,18.6,18.1,17.9,17.9,17.9,17.7,17.7,17.5,17,
花蓮,2024/03/06 00:00:00,CH4,2.04,2.03,2.04,2,2.01,2,2.02,2.02,2.03,2.03,2.04,2.04,2.03,2.03,2.03,2.03,2.03,2.03,2.02,2.02,2.02,2.03,2.03,2.03,
花蓮,2024/03/06 00:00:00,CO,0.29,0.33,0.33,0.29,0.27,0.28,0.36,0.4,0.45,0.44,0.44,0.42,0.41,0.38,0.39,0.39,0.42,0.46,0.4,0.38,0.4,0.39,0.4,0.37,
花蓮,2024/03/06 00:00:00,NMHC,0.04,0.1,0.1,0.07,0.05,0.06,0.1,0.08,0.08,0.07,0.07,0.06,0.05,0.04,0.04,0.04,0.05,0.07,0.06,0.04,0.05,0.04,0.04,0.03,
花蓮,2024/03/06 00:00:00,NO,1.1,1.4,1.3,1.3,1.3,1.3,2,2.3,2.9,2.6,2.4,2.1,1.9,1.7,2,1.7,1.4,1.4,1.3,1.1,1.2,1.2,1.2,1.2,
花蓮,2024/03/06 00:00:00,NO2,6.4,8,7.9,5.9,4.4,5.5,7.6,9,9.5,9.1,8.3,7.4,6.1,6.9,7.9,7.8,7.9,9.8,8,6,6.7,6.8,6.5,5.8,
花蓮,2024/03/06 00:00:00,NOx,7.5,9.5,9.3,7.2,5.7,6.8,9.6,11.4,12.4,11.8,10.7,9.5,8.1,8.6,9.9,9.5,9.4,11.3,9.3,7.2,7.9,8,7.7,7.1,
花蓮,2024/03/06 00:00:00,O3,14.6,13.3,14.1,16.3,14.4,13.8,10.5,12.8,16.7,21.5,24.7,30,34,36.4,#,39.3,38.1,35.9,39.6,41.3,37.3,38.1,35.4,35.2,
花蓮,2024/03/06 00:00:00,PM10,37,31,29,27,24,24,28,37,42,36,28,27,20,19,23,21,11,15,11,16,25,7,12,8,
花蓮,2024/03/06 00:00:00,PM2.5,15,22,22,20,20,18,22,24,23,15,13,13,10,12,11,9,14,11,12,13,12,9,7,10,
花蓮,2024/03/06 00:00:00,RAINFALL,0,0,0,0,0,0,0,0,0,0,0,0,0,0,0,0,0.5,0,0.5,0,0,0,0,0,
花蓮,2024/03/06 00:00:00,RH,96,96,95,93,95,93,93,95,96,93,94,96,97,96,93,94,98,99,96,93,95,92,94,98,
花蓮,2024/03/06 00:00:00,SO2,1.1,0.4,0.3,0.4,0.6,0.4,0.5,0.4,0.5,0.4,0.4,0.3,0.3,0.4,0.4,0.4,0.5,0.5,0.6,0.4,0.5,0.6,0.5,0.6,
花蓮,2024/03/06 00:00:00,THC,2.08,2.13,2.14,2.07,2.06,2.06,2.12,2.1,2.11,2.1,2.11,2.1,2.08,2.07,2.07,2.07,2.08,2.1,2.08,2.06,2.07,2.07,2.07,2.06,
花蓮,2024/03/06 00:00:00,WD_HR,240,263,260,232,249,247,245,78,55,60,60,66,65,67,63,59,47,6,58,56,4,28,312,317,
花蓮,2024/03/06 00:00:00,WIND_DIREC,250,335,241,218,239,230,226,61,66,66,58,71,64,62,53,33,38,39,43,53,351,22,287,322,
花蓮,2024/03/06 00:00:00,WIND_SPEED,0.8,0.7,0.8,1,0.9,1.8,1.8,2,2.7,3.3,2.7,3,3.3,2.6,1.9,1.7,1.2,1.1,1.9,1.6,1.5,1.6,1.5,1.7,
花蓮,2024/03/06 00:00:00,WS_HR,0.5,0.4,0.6,0.7,0.8,0.9,0.9,0.7,2.1,2.7,2.4,2.5,2.5,2.3,1.8,1.6,1,1,1.6,1.8,1.3,1,1,1.1,
花蓮,2024/03/07 00:00:00,AMB_TEMP,16.8,16.7,16.8,17.3,17.6,17.4,17.4,17.4,17.3,17.9,18.2,18.3,18.5,18.9,18.5,17.7,17.5,17.6,17.7,17.5,17.5,17.7,17.7,17.6,
花蓮,2024/03/07 00:00:00,CH4,2.03,2.03,2.04,2.03,2.02,2.01,2.01,2.02,2.03,2.02,2.02,2.02,2.02,2.01,2.01,2.02,2.02,2.02,2.02,2.02,2.01,2.01,2.01,2.01,
花蓮,2024/03/07 00:00:00,CO,0.35,0.33,0.32,0.31,0.3,0.3,0.31,0.44,0.5,0.41,0.41,0.42,0.45,0.4,0.38,0.38,0.45,0.52,0.48,0.42,0.36,0.31,0.28,0.26,
花蓮,2024/03/07 00:00:00,NMHC,0.03,0.03,0.01,0.01,0.01,0.01,0.01,0.06,0.08,0.06,0.05,0.06,0.05,0.05,0.04,0.05,0.06,0.1,0.09,0.06,0.05,0.02,0.01,0,
花蓮,2024/03/07 00:00:00,NO,1.1,0.9,0.8,0.8,0.5,0.6,0.7,1.1,2,1.4,1.2,1.2,2.2,1.5,0.9,1.1,1.2,1.7,1.1,0.9,0.9,0.6,0.6,0.5,
花蓮,2024/03/07 00:00:00,NO2,4.9,4,4,3.5,2.8,2.7,3.3,7.1,13.7,9.8,9.6,8.9,9.7,7.8,7.3,8.4,10.6,14.9,13.6,10.7,8.3,5.4,3.5,2.5,
花蓮,2024/03/07 00:00:00,NOx,6,5,4.8,4.4,3.4,3.3,4,8.2,15.8,11.3,10.8,10.2,11.9,9.4,8.2,9.6,11.9,16.6,14.7,11.6,9.3,6,4.1,3,
花蓮,2024/03/07 00:00:00,O3,36,36.7,36.4,39.2,42.3,44.4,46.4,38.7,28.3,35.6,37.8,40.7,38,42.3,44.9,40.7,37.8,31.9,33.7,35.7,43,49.3,52.9,55.7,
花蓮,2024/03/07 00:00:00,PM10,9,12,11,8,8,6,15,10,16,15,15,13,12,10,20,15,10,10,18,10,17,14,13,8,
花蓮,2024/03/07 00:00:00,PM2.5,8,11,9,11,11,6,9,8,12,10,9,7,8,8,9,13,10,11,10,11,13,8,6,7,
花蓮,2024/03/07 00:00:00,RAINFALL,0,0,0,0,0,0,0,0,0,0,0,0,0,0,0,0,0.5,0,0,0.5,0,0,0,0,
花蓮,2024/03/07 00:00:00,RH,98,99,96,89,84,85,84,85,90,85,83,82,83,81,83,91,93,92,91,92,90,88,87,85,
花蓮,2024/03/07 00:00:00,SO2,0.6,0.2,0.3,0.4,0.3,0.2,0.2,0.3,0.4,0.5,0.5,0.5,0.8,0.8,0.6,0.5,0.5,0.6,0.5,0.6,0.6,0.4,0.4,0.4,
花蓮,2024/03/07 00:00:00,THC,2.06,2.06,2.05,2.04,2.03,2.02,2.02,2.08,2.11,2.08,2.07,2.08,2.07,2.06,2.05,2.07,2.08,2.12,2.11,2.08,2.06,2.03,2.02,2.01,
花蓮,2024/03/07 00:00:00,WD_HR,296,284,278,4,38,29,41,26,261,247,9,32,309,31,43,331,329,325,349,345,24,39,45,53,
花蓮,2024/03/07 00:00:00,WIND_DIREC,284,271,302,42,36,1,48,278,264,248,329,306,318,35,9,340,323,333,344,326,22,43,52,67,
花蓮,2024/03/07 00:00:00,WIND_SPEED,1.5,0.9,0.9,1.4,1.8,1.8,1.9,0.8,0.2,0.3,0.9,1.1,1.2,1.7,1.2,1.5,1.2,1.4,1.5,1.3,1.7,2.2,1.8,2.3,
花蓮,2024/03/07 00:00:00,WS_HR,0.7,1.4,0.6,0.8,1,0.9,1.5,0.5,0.3,0.2,0.3,0.9,0.8,0.8,1.3,1.2,0.9,1,1,1.2,1,1.4,1.5,2,
花蓮,2024/03/08 00:00:00,AMB_TEMP,17.4,17.3,17.2,17,17.1,17,17,17,17.1,17.4,17.4,17.6,17.1,17,16.6,15.8,16.4,16.2,16,15.7,15.2,15.5,15.5,15.5,
花蓮,2024/03/08 00:00:00,CH4,2,2,2.01,2.01,2.01,2.01,2.02,2.02,2.04,2.04,2.04,2.05,2.04,2.05,2.06,2.06,2.06,2.04,2.03,2.04,2.04,2.04,2.03,2.03,
花蓮,2024/03/08 00:00:00,CO,0.25,0.25,0.24,0.24,0.25,0.27,0.28,0.33,0.38,0.39,0.4,0.41,0.41,0.43,0.44,0.49,0.43,0.38,0.37,0.39,0.4,0.4,0.34,0.29,
花蓮,2024/03/08 00:00:00,NMHC,0,0,0,0,0,0,0.01,0.03,0.04,0.04,0.05,0.05,0.07,0.07,0.06,0.07,0.05,0.05,0.05,0.05,0.05,0.07,0.04,0.02,
花蓮,2024/03/08 00:00:00,NO,0.4,0.8,0.6,0.8,0.6,0.5,0.6,0.8,0.8,0.8,1.1,0.9,0.8,0.9,0.9,1,0.8,0.8,0.5,0.8,0.7,0.7,0.7,0.7,
花蓮,2024/03/08 00:00:00,NO2,2.1,2,1.7,1.9,2.2,2.8,3.7,5.2,7,7.6,7.6,7.6,8,9,8.6,10.8,9.9,8.3,7.9,8,8.5,8.3,7,4.6,
花蓮,2024/03/08 00:00:00,NOx,2.6,2.8,2.4,2.8,2.8,3.3,4.4,6,7.9,8.5,8.8,8.5,8.8,10,9.6,11.8,10.7,9.1,8.5,8.8,9.2,9,7.7,5.4,
花蓮,2024/03/08 00:00:00,O3,56.9,56.9,57.5,56.9,56.2,55.1,54,53.6,58.2,58.5,56.2,56,52.8,51.9,57.9,48.4,60,61.6,60.5,55.8,49.1,48.9,55.5,59.2,
花蓮,2024/03/08 00:00:00,PM10,15,21,22,27,31,28,33,35,53,57,52,52,49,56,62,56,65,50,56,54,52,53,50,44,
花蓮,2024/03/08 00:00:00,PM2.5,8,16,14,15,14,17,22,18,29,29,30,29,26,20,40,30,34,27,31,26,26,21,23,24,
花蓮,2024/03/08 00:00:00,RAINFALL,0,0,0,0,0,0,0,0,0,0,0,0,0,0,0,0,0,0,0,0,0,0,0,0,
花蓮,2024/03/08 00:00:00,RH,85,84,83,79,76,75,72,68,58,54,56,56,60,61,63,74,58,53,51,57,66,61,56,52,
花蓮,2024/03/08 00:00:00,SO2,0.3,0.6,0.6,0.4,0.6,0.7,0.8,0.8,0.9,0.9,0.9,1,0.9,0.7,0.8,0.8,0.8,0.8,0.8,0.8,0.7,0.8,1,0.8,
花蓮,2024/03/08 00:00:00,THC,2,2,2,2,2.01,2.01,2.03,2.05,2.08,2.08,2.09,2.1,2.11,2.12,2.12,2.13,2.11,2.09,2.08,2.09,2.09,2.11,2.07,2.05,
花蓮,2024/03/08 00:00:00,WD_HR,62,54,53,55,60,55,66,64,54,52,38,59,232,318,2,287,51,53,53,12,270,343,50,54,
花蓮,2024/03/08 00:00:00,WIND_DIREC,66,49,59,45,67,56,67,65,54,44,3,321,230,344,290,57,54,62,18,282,241,324,51,53,
花蓮,2024/03/08 00:00:00,WIND_SPEED,1.9,2.7,2.8,2.3,2.6,1.7,2.5,3.1,3.1,2.7,1.1,0.8,1.4,1.1,1.8,0.9,2.1,1.8,1.8,1.1,0.7,0.9,2,1.3,
花蓮,2024/03/08 00:00:00,WS_HR,2,2,2,2.1,2,1.8,2,2.3,2.7,2.3,1.3,0.4,0.8,0.2,0.7,1.4,1.4,1.7,1.6,0.7,1,0.3,1.1,1.2,
花蓮,2024/03/09 00:00:00,AMB_TEMP,15.4,14.7,14.6,14.4,14.6,14.1,14.5,15.1,16.2,17,17.2,17.6,17.4,17.3,17.2,17,17,16.8,16.7,16.6,16.4,16.3,16.3,16.1,
花蓮,2024/03/09 00:00:00,CH4,2.03,2.04,2.04,2.04,2.04,2.04,2.04,2.03,2.03,2.01,2.01,2.01,2,2.01,2.01,2.01,2.01,2.02,2.03,2.02,2.03,2.03,2.03,2.03,
花蓮,2024/03/09 00:00:00,CO,0.28,0.29,0.29,0.29,0.3,0.31,0.35,0.42,0.4,0.35,0.33,0.32,0.29,0.31,0.35,0.36,0.38,0.45,0.46,0.41,0.44,0.43,0.38,0.35,
花蓮,2024/03/09 00:00:00,NMHC,0.02,0.03,0.02,0.02,0.04,0.04,0.05,0.08,0.06,0.04,0.03,0.03,0.03,0.03,0.05,0.06,0.06,0.09,0.09,0.06,0.08,0.07,0.05,0.04,
花蓮,2024/03/09 00:00:00,NO,0.6,0.7,0.7,0.6,0.5,0.5,0.5,0.9,1.5,1.6,1.2,1.2,0.9,0.8,0.9,1,0.8,1,1.1,0.8,0.8,0.8,0.6,0.7,
花蓮,2024/03/09 00:00:00,NO2,3.4,5.1,5,3.9,5.2,5.5,7.2,10.4,13.5,12.1,9,7.8,6,6.5,9.4,10.6,11.9,14,16.8,12.1,12.8,11.5,10.2,8.4,
花蓮,2024/03/09 00:00:00,NOx,4,5.9,5.7,4.6,5.7,6.1,7.7,11.3,15.1,13.7,10.3,9.1,6.9,7.3,10.3,11.7,12.7,15,17.9,13,13.6,12.4,10.8,9.2,
花蓮,2024/03/09 00:00:00,O3,59.2,44.8,47.3,39.6,40.1,37.1,36,35.6,39.9,49.6,52.4,54.6,56,54.7,50.9,49.5,48.6,39.7,40.3,48.4,40,34.9,44.8,44.5,
花蓮,2024/03/09 00:00:00,PM10,39,39,41,37,30,38,28,30,37,41,43,44,39,40,45,46,46,42,51,48,50,42,42,42,
花蓮,2024/03/09 00:00:00,PM2.5,21,24,25,23,19,21,19,20,17,18,20,22,16,19,22,21,24,17,23,22,23,24,21,20,
花蓮,2024/03/09 00:00:00,RAINFALL,0,0,0,0,0,0,0,0,0,0,0,0,0,0,0,0,0,0,0,0,0,0,0,0,
花蓮,2024/03/09 00:00:00,RH,51,65,65,71,64,71,66,61,53,49,50,52,53,54,55,56,56,61,61,62,65,67,67,68,
花蓮,2024/03/09 00:00:00,SO2,0.9,0.8,0.8,0.8,1.2,1.2,1.2,1.2,1.4,1.1,1,0.9,0.9,0.9,1.1,1.1,1.2,1.2,1.3,1.4,1.5,1.2,1.1,0.9,
花蓮,2024/03/09 00:00:00,THC,2.05,2.07,2.06,2.06,2.08,2.08,2.09,2.11,2.09,2.05,2.04,2.04,2.03,2.04,2.06,2.07,2.07,2.11,2.12,2.08,2.11,2.1,2.08,2.07,
花蓮,2024/03/09 00:00:00,WD_HR,52,275,289,283,267,242,262,283,328,341,18,58,47,31,28,13,324,308,328,329,301,304,324,291,
花蓮,2024/03/09 00:00:00,WIND_DIREC,269,274,301,275,267,252,222,283,351,345,30,29,58,352,46,18,304,312,343,298,305,309,345,296,
花蓮,2024/03/09 00:00:00,WIND_SPEED,1.6,1.4,1.1,1.2,1.3,1.1,0.6,1,1.6,1.3,0.9,2.2,2.1,1.3,1,1.1,1.4,0.2,1.1,1.7,1,1.4,1.2,1.3,
花蓮,2024/03/09 00:00:00,WS_HR,0.6,1.3,1,1,0.9,1.1,0.8,1.2,1.1,1.1,0.6,1.6,1.5,1.2,1,0.7,1,0.3,0.7,1.4,1.2,0.9,1,0.9,
花蓮,2024/03/10 00:00:00,AMB_TEMP,16.1,15.9,15.5,15.4,15.1,15,15.1,15.2,15.6,15.9,16.5,17.3,18,18.4,19.2,19.8,19.9,19.6,19,18.6,18.2,18.3,18.1,18,
花蓮,2024/03/10 00:00:00,CH4,2.02,2.03,2.03,2.03,2.05,2.1,2.06,2.05,2.04,2.04,2.05,2.05,2.03,2.04,2.02,2.01,2.01,2.02,2.04,2.04,2.04,2.04,2.04,2.05,
花蓮,2024/03/10 00:00:00,CO,0.36,0.31,0.28,0.27,0.27,0.26,0.28,0.29,0.32,0.33,0.33,0.35,0.32,0.35,0.38,0.32,0.33,0.41,0.56,0.52,0.42,0.32,0.37,0.3,
花蓮,2024/03/10 00:00:00,NMHC,0.05,0.05,0.03,0.04,0.02,0.01,0.01,0.02,0.03,0.04,0.05,0.07,0.07,0.08,0.08,0.04,0.04,0.09,0.18,0.16,0.11,0.05,0.08,0.04,
花蓮,2024/03/10 00:00:00,NO,0.7,0.5,0.6,0.4,0.4,0.4,0.6,0.3,0.6,0.7,1,1.1,1.1,1,0.8,0.8,0.6,0.7,1.1,1.2,0.8,0.8,0.6,0.5,
花蓮,2024/03/10 00:00:00,NO2,7.7,6.1,4.6,4,3.2,3.1,3.1,3.6,5.2,5.5,5.9,6.9,5.9,5.8,8.5,7.3,5.8,9.2,16,15.4,12.1,7.4,8.6,6.3,
花蓮,2024/03/10 00:00:00,NOx,8.4,6.6,5.2,4.4,3.7,3.5,3.7,4,5.8,6.3,6.9,8.1,7,6.9,9.3,8.2,6.4,9.9,17.1,16.7,13,8.2,9.3,6.8,
花蓮,2024/03/10 00:00:00,O3,44.6,40.9,30.2,27,29.4,24.3,30.5,28.5,27.4,28.4,30.4,30.2,36,34.8,43.9,50.9,53.8,48.6,31.3,24.2,27.3,31.3,28.1,31.1,
花蓮,2024/03/10 00:00:00,PM10,47,37,26,27,31,31,24,28,31,32,35,26,21,15,24,23,21,23,37,24,27,25,19,21,
花蓮,2024/03/10 00:00:00,PM2.5,18,22,20,17,18,17,21,20,19,24,25,17,12,17,13,13,16,12,21,17,17,20,18,15,
花蓮,2024/03/10 00:00:00,RAINFALL,0,0,0,0,0,0,0,0,0,0,0,0,0,0,0,0,0,0,0,0,0,0,0,0,
花蓮,2024/03/10 00:00:00,RH,69,73,81,85,87,90,87,87,86,86,83,79,73,72,62,60,60,62,69,73,75,75,76,78,
花蓮,2024/03/10 00:00:00,SO2,1,0.9,0.7,0.7,0.7,0.7,0.9,0.8,0.9,0.9,0.9,1,1,0.9,0.9,0.9,0.8,0.9,0.9,1,1,1.3,1.1,1.1,
花蓮,2024/03/10 00:00:00,THC,2.07,2.08,2.06,2.07,2.07,2.11,2.07,2.07,2.07,2.08,2.1,2.12,2.1,2.12,2.1,2.05,2.05,2.11,2.22,2.2,2.15,2.09,2.12,2.09,
花蓮,2024/03/10 00:00:00,WD_HR,286,248,225,226,227,219,218,218,216,218,214,223,207,245,358,26,27,322,295,282,226,212,233,215,
花蓮,2024/03/10 00:00:00,WIND_DIREC,291,236,242,221,227,219,212,222,215,221,218,222,216,286,341,157,23,297,294,272,140,226,224,216,
花蓮,2024/03/10 00:00:00,WIND_SPEED,0.8,0.9,0.6,1.8,1.7,1.9,2.9,2,1.9,2,2.1,1.9,1.4,0.4,0.8,0.3,0.6,1.2,0.9,1.5,0.4,0.6,1.7,1.8,
花蓮,2024/03/10 00:00:00,WS_HR,0.8,0.5,0.7,1,1.8,1.8,2.2,2.2,2.2,2.4,2.1,1.3,1.4,1,0.4,0.3,0.5,0.9,1,1.1,0.3,1.4,1.1,1.7,
花蓮,2024/03/11 00:00:00,AMB_TEMP,17.5,17.3,17.5,17.3,17.2,17.3,18,18.1,19,21,23.1,23.3,23,23.6,22.9,22.1,20.7,20.4,19.9,19.8,#,NA,NA,#,
花蓮,2024/03/11 00:00:00,CH4,2.09,2.05,2.06,2.04,2.05,2.04,2.01,2.02,2.02,2.01,2,2.01,1.99,2,1.98,2.01,2.01,2.01,2.01,2.02,#,NA,NA,#,
花蓮,2024/03/11 00:00:00,CO,0.31,0.26,0.26,0.25,0.24,0.24,0.27,0.29,0.28,0.27,0.27,0.31,0.27,0.29,0.26,0.39,0.44,0.59,0.56,0.56,#,NA,NA,#,
花蓮,2024/03/11 00:00:00,NMHC,0.04,0.03,0.02,0.01,0,0,0.02,0.02,0.02,0.02,0.01,0.02,0.02,0.01,0,0.09,0.11,0.14,0.11,0.14,#,NA,NA,#,
花蓮,2024/03/11 00:00:00,NO,0.4,0.5,0.5,0.6,0.6,0.6,0.8,1,1.1,1.4,1.3,1.6,1.1,1.1,0.8,1.2,1.7,2.1,1.9,1.3,#,NA,NA,#,
花蓮,2024/03/11 00:00:00,NO2,4.3,3.2,2.5,1.7,1.5,1.6,2.3,3.4,3.8,3.7,2.9,5.6,4.1,4.5,4.1,10.5,13.2,18.4,18.8,17.9,#,NA,NA,#,
花蓮,2024/03/11 00:00:00,NOx,4.8,3.8,3.1,2.3,2.2,2.3,3.2,4.5,5,5.1,4.2,7.3,5.3,5.6,4.9,11.7,15,20.5,20.7,19.3,#,NA,NA,#,
花蓮,2024/03/11 00:00:00,O3,24.9,22.7,26.3,26.4,25.2,24.6,25.4,24.3,26.3,27.9,36.1,36,41.9,41,45.3,33.1,30.3,20.8,22,17.4,#,NA,NA,#,
花蓮,2024/03/11 00:00:00,PM10,17,12,10,11,10,8,9,13,19,8,9,17,13,20,22,18,20,18,18,17,14,NA,NA,13,
花蓮,2024/03/11 00:00:00,PM2.5,16,11,11,14,11,14,13,10,11,9,9,9,7,6,8,15,13,15,11,16,12,NA,NA,12,
花蓮,2024/03/11 00:00:00,RAINFALL,0,0,0,0,0,0,0,0,0,0,0,0,0,0,0,0,0,0,0,0.5,#,NA,NA,#,
花蓮,2024/03/11 00:00:00,RH,86,87,85,86,87,86,81,82,77,68,58,60,60,59,67,70,88,89,91,94,#,NA,NA,#,
花蓮,2024/03/11 00:00:00,SO2,1,0.8,0.9,1,0.9,0.9,0.8,0.8,0.8,1,1.1,5.4,1.1,5.6,1.2,1.6,1.3,1.1,1,1,#,NA,NA,#,
花蓮,2024/03/11 00:00:00,THC,2.13,2.08,2.08,2.05,2.05,2.04,2.03,2.04,2.04,2.03,2.01,2.03,2.01,2.01,1.98,2.1,2.12,2.15,2.12,2.16,#,NA,NA,#,
花蓮,2024/03/11 00:00:00,WD_HR,238,219,215,220,211,205,203,210,203,198,198,190,200,170,8,17,315,317,331,329,#,NA,NA,#,
花蓮,2024/03/11 00:00:00,WIND_DIREC,232,225,204,211,214,200,206,209,202,198,200,209,194,126,#,344,298,324,346,329,346,NA,NA,#,
花蓮,2024/03/11 00:00:00,WIND_SPEED,1.4,0.5,2.4,2.4,2.9,3.6,2.6,2.7,2.3,2.7,1.9,2.1,2.3,1.7,#,1.8,2.1,1.5,0.6,1.6,1.6,NA,NA,#,
花蓮,2024/03/11 00:00:00,WS_HR,1.2,0.8,1.6,2,2.6,2.6,2.7,2.6,3.3,2.8,2.2,1.3,2.2,1.3,1.2,0.9,1.6,1.5,0.9,0.8,#,NA,NA,#,
花蓮,2024/03/12 00:00:00,AMB_TEMP,18.9,18.8,18.6,18.3,18.2,18.4,19,19.5,19.9,20.1,21.1,21.1,21.1,20.9,20.9,21.3,21.7,21.3,19.9,19.4,19,18,16.9,16.5,
花蓮,2024/03/12 00:00:00,CH4,2.02,2.01,2.02,2.01,2.03,2.03,2.02,2.02,2.02,2.02,2.02,2.02,2.02,2.03,2.03,2.02,2.01,2.01,2.02,2.02,2.02,2.05,2.02,2.03,
花蓮,2024/03/12 00:00:00,CO,#,0.28,0.29,0.28,0.27,0.3,0.32,0.35,0.38,0.41,0.38,0.37,0.35,0.36,0.39,0.36,0.32,0.37,0.5,0.43,0.44,0.45,0.32,0.31,
花蓮,2024/03/12 00:00:00,NMHC,0.05,0.03,0.03,0.01,0.01,0.01,0.01,0.04,0.05,0.05,0.04,0.03,0.04,0.03,0.06,0.04,0.05,0.07,0.11,0.1,0.12,0.11,0.05,0.05,
花蓮,2024/03/12 00:00:00,NO,#,0.5,0.5,0.3,0.5,0.3,0.4,0.7,0.8,1.5,1.4,0.9,0.9,0.8,0.8,0.4,0.8,0.7,0.8,0.7,0.6,0.7,0.6,0.7,
花蓮,2024/03/12 00:00:00,NO2,#,4.4,4.8,3.6,3,3.6,4.1,5,7.3,8.5,7,6.2,6.3,6.7,8,7.4,6.9,7.8,13.2,11,11.8,13.5,5.8,5.5,
花蓮,2024/03/12 00:00:00,NOx,#,5,5.3,3.9,3.5,4,4.5,5.7,8.2,10,8.5,7.1,7.2,7.6,8.9,7.9,7.7,8.5,14.1,11.7,12.5,14.2,6.4,6.2,
花蓮,2024/03/12 00:00:00,O3,14.6,24.4,26.1,23.9,20.4,32.7,44.8,49.7,49.5,41.4,50.6,61.3,67.4,63.4,62.1,70.9,66.2,60.6,40.8,41.8,38.2,31.3,33.5,30.9,
花蓮,2024/03/12 00:00:00,PM10,12,13,9,5,4,6,22,27,39,21,21,32,42,41,42,43,64,92,48,58,65,64,47,43,
花蓮,2024/03/12 00:00:00,PM2.5,9,10,8,7,5,8,9,20,13,13,10,19,21,21,20,20,23,28,24,28,28,32,24,25,
花蓮,2024/03/12 00:00:00,RAINFALL,0.5,0.5,0,0,0,0,0,0,0,0,0,0,0,0,0,0,0,0,0,0,0,0,0,0,
花蓮,2024/03/12 00:00:00,RH,99,100,100,100,100,96,81,68,60,71,60,55,52,56,57,50,46,47,61,60,60,70,79,82,
花蓮,2024/03/12 00:00:00,SO2,#,0.7,0.7,0.8,0.9,1.3,0.9,0.9,0.9,1,1,1.3,1.4,1.4,1.5,1.3,1,1,0.9,0.9,1,0.9,0.8,0.8,
花蓮,2024/03/12 00:00:00,THC,2.07,2.04,2.05,2.02,2.04,2.04,2.03,2.06,2.07,2.07,2.06,2.05,2.06,2.06,2.09,2.06,2.06,2.08,2.13,2.12,2.14,2.16,2.07,2.08,
花蓮,2024/03/12 00:00:00,WD_HR,252,222,240,217,212,66,62,61,51,296,226,335,86,40,322,1,62,51,294,290,279,226,222,228,
花蓮,2024/03/12 00:00:00,WIND_DIREC,220,283,232,214,220,70,64,75,337,274,225,68,88,337,336,345,74,296,293,287,275,217,221,230,
花蓮,2024/03/12 00:00:00,WIND_SPEED,0.8,0.3,2.1,1.4,1.6,2,3,2.2,2.5,1.9,3,1,2.2,1.2,1.7,1.5,2,1.4,1.4,1.5,1.3,1.5,1.3,1.6,
花蓮,2024/03/12 00:00:00,WS_HR,0.8,0,1.5,1.5,1.7,0.5,2.4,2.1,1.6,1,1.2,0.7,1.7,0.7,1.4,1.2,1.2,0.7,1.3,1.3,1.2,1.2,1.6,1.4,
花蓮,2024/03/13 00:00:00,AMB_TEMP,16,15.8,15.5,15.5,15.8,16.1,15.9,16.7,18,19.1,19.7,20,19.6,19.3,19.2,18.9,18.7,18.6,18.4,18.2,18,17.8,17.6,17.4,
花蓮,2024/03/13 00:00:00,CH4,2.02,2.02,2.03,2.03,2.02,2.02,2.06,2.07,2.05,2.08,2.04,2.03,2.03,2.03,2.02,2.02,2.02,2.03,2.03,2.04,2.04,2.06,2.06,2.07,
花蓮,2024/03/13 00:00:00,CO,0.3,0.26,0.26,0.26,0.26,0.27,0.3,0.43,0.58,0.38,0.34,0.34,0.35,0.33,0.33,0.38,0.42,0.43,0.37,0.38,0.35,0.43,0.36,0.31,
花蓮,2024/03/13 00:00:00,NMHC,0.04,0.03,0.02,0.02,0.02,0.03,0.05,0.09,0.15,0.07,0.03,0.08,0.05,0.04,0.06,0.07,0.09,0.13,0.08,0.07,0.08,0.11,0.06,0.03,
花蓮,2024/03/13 00:00:00,NO,0.4,0.4,0.4,0.4,0.5,0.4,0.5,1.5,5.1,2.8,1.9,1.1,0.6,0.7,0.8,0.8,1,0.5,0.6,0.4,0.5,0.6,0.6,0.5,
花蓮,2024/03/13 00:00:00,NO2,4.6,3.2,3.1,2.6,2.5,3.6,4.7,9.2,19.4,12.2,12.7,8.7,6.7,7.2,8.3,8.7,11.2,11.6,9.9,9.1,8.1,10.4,9.6,5.3,
花蓮,2024/03/13 00:00:00,NOx,5,3.7,3.5,3.1,3,4,5.3,10.7,24.6,15,14.6,9.8,7.3,7.9,9.1,9.5,12.2,12.2,10.5,9.5,8.7,11,10.2,5.9,
花蓮,2024/03/13 00:00:00,O3,28.9,28.1,27.3,27.7,27.3,24,21.4,17.9,17.1,28.8,56.6,63.6,63.5,61.9,60.6,57.2,53,52.6,48.9,44.6,40.8,30.4,33.5,36.2,
花蓮,2024/03/13 00:00:00,PM10,44,41,41,37,39,31,36,45,57,61,62,65,64,62,61,58,58,60,60,55,45,45,42,40,
花蓮,2024/03/13 00:00:00,PM2.5,19,23,19,20,19,18,21,21,27,24,35,31,26,27,23,28,31,27,26,29,27,32,29,24,
花蓮,2024/03/13 00:00:00,RAINFALL,0,0,0,0,0,0,0,0,0,0,0,0,0,0,0,0,0,0,0,0,0,0,0,0,
花蓮,2024/03/13 00:00:00,RH,85,86,86,86,84,83,85,81,72,69,68,62,65,65,64,68,69,71,74,77,80,82,84,86,
花蓮,2024/03/13 00:00:00,SO2,0.7,0.5,0.6,0.6,0.6,0.6,0.6,0.7,0.6,2.9,1.6,0.7,0.7,0.5,0.6,0.7,0.6,0.6,0.5,0.6,0.7,0.8,0.6,0.7,
花蓮,2024/03/13 00:00:00,THC,2.06,2.05,2.05,2.05,2.04,2.05,2.11,2.16,2.2,2.15,2.07,2.11,2.08,2.07,2.08,2.09,2.11,2.16,2.11,2.11,2.12,2.17,2.12,2.1,
花蓮,2024/03/13 00:00:00,WD_HR,227,227,225,220,223,228,204,235,237,150,89,54,11,345,302,290,281,235,208,212,206,226,222,225,
花蓮,2024/03/13 00:00:00,WIND_DIREC,224,221,226,220,225,219,198,256,195,104,83,48,11,346,276,283,271,206,213,207,209,232,210,221,
花蓮,2024/03/13 00:00:00,WIND_SPEED,1.6,1.4,1.8,1.7,2.2,1.3,0.9,1.1,1.2,1.2,1.4,1.7,1.7,1.7,1.5,1.5,1.7,1.2,1.3,0.6,0.7,1,1.5,1.9,
花蓮,2024/03/13 00:00:00,WS_HR,1.5,1.5,1.6,1.7,1.9,1.4,1.1,1.2,0.8,0.5,1.5,1.1,1.3,1.5,1.3,1.8,1.3,1.1,1.1,0.7,0.6,1,1.2,1.7,
花蓮,2024/03/14 00:00:00,AMB_TEMP,17.3,17.3,17.2,17,17,17,17.2,17.2,17.5,17.8,18.5,19.1,19.7,20.2,21.2,21.6,21.5,20.9,20.3,19.6,19.2,18.5,18.1,17.9,
花蓮,2024/03/14 00:00:00,CH4,2.06,2.05,2.05,2.05,2.04,2.04,2.05,2.05,2.05,#,2.06,2.04,2.04,2.04,2.02,2.01,2,2,2.04,2.05,2.03,2.06,2.04,2.02,
花蓮,2024/03/14 00:00:00,CO,0.31,0.27,0.26,0.26,0.27,0.25,0.3,0.33,0.33,0.32,0.33,#,0.35,0.3,0.33,0.28,0.31,0.33,0.57,0.59,0.46,0.45,0.35,0.28,
花蓮,2024/03/14 00:00:00,NMHC,0.03,0.02,0.01,0.01,0.02,0.01,0.03,0.04,0.04,#,0.05,0.08,0.09,0.06,0.03,0.02,0.02,0.03,0.17,0.16,0.11,0.12,0.07,0.03,
花蓮,2024/03/14 00:00:00,NO,0.5,0.4,0.6,0.6,0.7,0.7,0.8,0.8,1.1,1.2,1.5,#,1.3,11.4,0.9,1.1,0.7,0.6,1,2,1.6,1,0.7,0.6,
花蓮,2024/03/14 00:00:00,NO2,4.5,2.8,2.6,2.6,3.6,2.9,3.7,5.9,6.8,6.4,7.2,#,9.2,11.6,4.7,4.8,3.8,4.8,15.6,17.3,12.6,12.2,8.4,4.7,
花蓮,2024/03/14 00:00:00,NOx,5,3.2,3.2,3.3,4.3,3.7,4.5,6.8,8,7.6,8.7,#,10.5,23,5.7,5.9,4.6,5.5,16.6,19.3,14.3,13.2,9.2,5.3,
花蓮,2024/03/14 00:00:00,O3,34.7,34.1,35.8,33.1,30.4,30,26.6,24,25.4,23.9,#,23.4,26.9,34.6,51.2,58.6,60.6,59.3,37.4,24.6,27.8,26.3,27.8,28.5,
花蓮,2024/03/14 00:00:00,PM10,40,42,41,35,40,28,27,32,27,#,35,41,38,42,54,53,48,45,55,47,40,48,41,35,
花蓮,2024/03/14 00:00:00,PM2.5,29,23,27,24,26,17,22,23,20,22,#,18,22,24,24,26,22,25,24,19,25,26,25,22,
花蓮,2024/03/14 00:00:00,RAINFALL,0,0,0,0,0,0,0,0,0,#,0,0,0,0,0,0,0,0,0,0,0,0,0,0,
花蓮,2024/03/14 00:00:00,RH,88,88,88,89,88,88,87,87,86,85,81,78,78,73,69,70,72,75,78,78,78,88,89,88,
花蓮,2024/03/14 00:00:00,SO2,0.7,0.6,0.6,0.7,0.7,0.7,0.7,0.6,0.7,0.8,1.2,#,0.7,0.7,1.7,1.9,0.9,0.7,0.7,0.8,1.2,0.8,0.8,0.8,
花蓮,2024/03/14 00:00:00,THC,2.09,2.07,2.06,2.06,2.06,2.05,2.08,2.09,2.09,#,2.11,2.12,2.13,2.1,2.05,2.03,2.02,2.03,2.21,2.21,2.14,2.18,2.11,2.05,
花蓮,2024/03/14 00:00:00,WD_HR,221,214,212,222,225,214,223,214,217,215,217,218,209,208,228,112,112,126,282,291,284,229,225,224,
花蓮,2024/03/14 00:00:00,WIND_DIREC,220,211,215,211,211,213,222,215,213,220,223,239,205,217,241,113,135,101,297,289,250,223,213,228,
花蓮,2024/03/14 00:00:00,WIND_SPEED,2.3,2.5,2,1.7,1.7,2.2,1.6,2.6,2.5,2,2.2,1.2,1.5,1.2,1.4,1.5,0.8,0.2,1.1,1.2,1,1.5,1.8,2.2,
花蓮,2024/03/14 00:00:00,WS_HR,2.1,2.2,1.9,1.3,1.8,2.1,1.7,2.1,2.4,2,2,1.7,1.4,1.3,0.7,1,0.9,0.2,0.5,1.3,1.3,0.9,1.5,1.7,
花蓮,2024/03/15 00:00:00,AMB_TEMP,17.9,17.5,17.2,17.5,17.6,17.8,18.2,18.8,19.3,20.5,22.9,23.5,22.8,22.4,21.7,21.4,22,22,21.3,NA,#,19.7,19.3,NA,
花蓮,2024/03/15 00:00:00,CH4,2.01,2.01,2.02,2,2,1.99,1.99,2,2.04,2.03,1.99,1.97,1.97,1.97,1.98,1.98,1.98,1.98,2,NA,#,2.01,2.02,NA,
花蓮,2024/03/15 00:00:00,CO,0.25,0.23,0.22,0.21,0.22,0.22,0.25,0.31,0.3,0.33,0.27,0.24,0.21,0.23,0.29,0.31,0.31,0.32,0.36,NA,#,0.3,0.23,NA,
花蓮,2024/03/15 00:00:00,NMHC,0.02,0.02,0.01,0.01,0.01,0.01,0.02,0.03,0.04,0.05,0.01,0,0.01,0.01,0.05,0.05,0.06,0.07,0.09,NA,#,0.05,0.01,NA,
花蓮,2024/03/15 00:00:00,NO,0.8,1.2,0.9,0.8,0.8,1,1.2,1.4,1.9,2.2,1.8,1.2,1.2,1.1,1.4,1.7,1.6,1.1,1.5,NA,#,1.3,1.1,NA,
花蓮,2024/03/15 00:00:00,NO2,3.1,2.4,2,1.6,1.6,2.3,2.9,4.7,6.3,5.9,4.4,2.5,2.5,3.5,5.9,6.8,6.9,8.4,10.2,NA,#,7.3,3.7,NA,
花蓮,2024/03/15 00:00:00,NOx,3.9,3.6,3,2.5,2.5,3.3,4.1,6.2,8.3,8.2,6.3,3.7,3.7,4.6,7.4,8.6,8.5,9.5,11.7,NA,#,8.7,4.8,NA,
花蓮,2024/03/15 00:00:00,O3,21.9,19,19.9,21.6,25.1,21.1,21.6,21.6,22.7,24.1,46.2,53.7,53.1,51.5,46.1,43.6,43.5,41.2,34.4,NA,#,25.1,26.7,NA,
花蓮,2024/03/15 00:00:00,PM10,20,23,18,17,21,19,17,21,31,35,24,28,25,24,26,33,26,28,31,NA,15,15,20,NA,
花蓮,2024/03/15 00:00:00,PM2.5,21,16,13,13,14,12,18,17,18,15,17,14,10,13,14,18,14,19,16,NA,14,16,12,NA,
花蓮,2024/03/15 00:00:00,RAINFALL,0,0,0,0,0,0,0,0,0,0,0,0,0,0,0,0,0,0,0,NA,#,0,0,NA,
花蓮,2024/03/15 00:00:00,RH,84,84,86,81,82,79,76,77,80,78,74,70,71,72,77,80,72,71,78,NA,#,86,89,NA,
花蓮,2024/03/15 00:00:00,SO2,0.7,0.5,0.6,0.6,0.5,0.5,0.6,0.7,0.5,0.7,1.2,0.5,0.6,0.6,0.8,0.8,0.7,0.7,0.7,NA,#,0.6,0.6,NA,
花蓮,2024/03/15 00:00:00,THC,2.03,2.03,2.03,2.01,2.01,2,2.01,2.03,2.08,2.08,2,1.97,1.98,1.98,2.03,2.03,2.04,2.05,2.09,NA,#,2.06,2.03,NA,
花蓮,2024/03/15 00:00:00,WD_HR,228,226,220,225,228,226,226,219,211,206,145,130,132,148,266,277,242,221,217,NA,#,217,215,NA,
花蓮,2024/03/15 00:00:00,WIND_DIREC,222,225,235,219,231,219,223,215,210,217,139,133,133,190,281,239,225,212,219,NA,233,212,212,NA,
花蓮,2024/03/15 00:00:00,WIND_SPEED,1.3,1.5,1.7,2.1,2.6,2.1,2.6,2.7,1.8,1.6,2.1,2,1.4,1.3,1.9,1.5,1.2,1.1,1.5,NA,1.5,1.7,2,NA,
花蓮,2024/03/15 00:00:00,WS_HR,1.7,1.3,1.6,1.5,2.2,1.9,2.4,2.1,2.1,1.5,1.1,1.4,1.3,0.9,1.8,1.7,1.4,1.2,1.4,NA,#,1.3,2.3,NA,
花蓮,2024/03/16 00:00:00,AMB_TEMP,18.8,18.4,18.1,17.9,17.8,17.7,17.4,19,21.2,23.6,24.6,24.5,25.3,25.1,24.9,24.4,24,23.7,23.5,23.2,23.2,23.1,22.6,21.9,
花蓮,2024/03/16 00:00:00,CH4,2.01,2,2.02,2,2.01,2,2.03,2.02,2.01,1.99,1.96,1.95,1.95,1.94,1.94,1.94,1.95,1.95,1.96,1.97,1.98,1.99,1.99,2,
花蓮,2024/03/16 00:00:00,CO,#,0.21,0.2,0.2,0.2,0.21,0.23,0.24,0.26,0.29,0.23,0.24,0.2,0.18,0.2,0.24,0.23,0.23,0.29,0.36,0.38,0.31,0.28,0.28,
花蓮,2024/03/16 00:00:00,NMHC,0.01,0.01,0,0,0,0,0.02,0.01,0.03,0.03,0.01,0.01,0,0,0,0.01,0.01,0.01,0.06,0.1,0.13,0.07,0.06,0.06,
花蓮,2024/03/16 00:00:00,NO,#,0.7,0.8,0.6,0.7,0.9,0.9,1.3,1.9,1.7,1.2,0.9,0.9,0.9,0.9,0.9,0.8,0.9,1.2,1.3,1,0.9,0.8,0.8,
花蓮,2024/03/16 00:00:00,NO2,#,2,1.6,1.4,1.4,1.7,2.4,2.9,3.7,3.6,2.8,2,1.7,1.4,1.3,2,2.2,2.6,5.7,9.6,9.6,8.6,6,6.2,
花蓮,2024/03/16 00:00:00,NOx,#,2.7,2.5,2.1,2.1,2.7,3.3,4.2,5.6,5.3,4.1,3,2.6,2.4,2.2,2.9,3,3.5,6.9,10.9,10.6,9.5,6.9,7.1,
花蓮,2024/03/16 00:00:00,O3,22,20.7,22.4,21.8,21.7,20.3,17.2,18.2,19.4,29.5,40.2,43.3,43.5,43.8,45,47.8,48.3,46.1,37.5,29.4,29.4,26.1,25.8,22.1,
花蓮,2024/03/16 00:00:00,PM10,21,8,8,9,17,11,14,10,19,17,17,21,13,13,17,16,20,24,21,26,23,25,19,21,
花蓮,2024/03/16 00:00:00,PM2.5,10,10,12,13,13,9,14,13,9,13,10,14,12,9,10,14,11,17,18,18,21,17,14,16,
花蓮,2024/03/16 00:00:00,RAINFALL,0,0,0,0,0,0,0,0,0,0,0,0,0,0,0,0,0,0,0,0,0,0,0,0,
花蓮,2024/03/16 00:00:00,RH,90,90,93,93,94,93,94,88,78,67,68,73,73,79,83,84,86,87,87,87,84,87,91,92,
花蓮,2024/03/16 00:00:00,SO2,#,x,x,x,x,x,x,x,x,x,x,x,x,x,x,x,x,x,x,x,x,x,x,x,
花蓮,2024/03/16 00:00:00,THC,2.02,2.01,2.01,2,2.01,2,2.05,2.03,2.04,2.02,1.97,1.96,1.95,1.94,1.94,1.95,1.96,1.96,2.02,2.07,2.11,2.06,2.05,2.06,
花蓮,2024/03/16 00:00:00,WD_HR,222,214,210,211,219,219,208,210,217,207,128,119,113,117,125,122,120,124,314,294,286,219,243,242,
花蓮,2024/03/16 00:00:00,WIND_DIREC,221,213,210,221,223,220,212,206,221,195,125,113,109,130,126,115,118,123,296,297,283,217,271,260,
花蓮,2024/03/16 00:00:00,WIND_SPEED,1.9,2.5,3.1,2.2,1.4,2.2,2.3,2.2,2.3,1.8,1.9,2.2,2.1,1.9,2.2,1.5,1.8,0.4,1.6,1.1,0.8,1.4,0.9,1.1,
花蓮,2024/03/16 00:00:00,WS_HR,1.8,2,2.7,2.5,2,2.3,2.2,2.6,1.9,1.3,1.3,1.6,1.8,2,1.9,1.3,1.2,0.6,0.6,1.3,0.8,1.2,0.8,0.7,
花蓮,2024/03/17 00:00:00,AMB_TEMP,21.2,20.7,20.6,20.3,20,19.7,19.7,20.3,22.8,25.5,26.1,26.3,25.8,25.4,25.2,25.1,25,24.6,24.2,23.6,23.3,23.2,22.6,22.2,
花蓮,2024/03/17 00:00:00,CH4,2,2,2.02,2,1.99,2.03,2.02,2.04,1.99,1.99,1.94,1.94,1.94,1.94,1.94,1.94,1.94,1.94,1.94,1.98,1.99,2.01,2,2,
花蓮,2024/03/17 00:00:00,CO,0.25,0.2,0.19,0.2,0.2,0.2,0.22,0.25,0.25,0.24,0.2,0.2,0.19,0.19,0.2,0.2,0.21,0.25,0.23,0.36,0.37,0.32,0.28,0.32,
花蓮,2024/03/17 00:00:00,NMHC,0.06,0.04,0.02,0.01,0.01,0.01,0.01,0.02,0.02,0.01,0,0,0,0,0,0,0,0.01,0.01,0.1,0.12,0.06,0.01,0.01,
花蓮,2024/03/17 00:00:00,NO,0.9,0.7,0.3,0.3,0.5,0.4,0.6,1,1.7,1.1,0.7,0.5,0.6,0.6,0.4,0.5,0.4,0.6,0.3,0.9,1.3,0.5,0.5,0.4,
花蓮,2024/03/17 00:00:00,NO2,5.3,2.7,2.1,1.8,1.9,1.8,2.6,3.1,3.5,2.7,1.7,1.3,1.3,1.8,1.5,1.4,1.4,2.7,2.6,8.1,9.4,7.9,3.7,2.6,
花蓮,2024/03/17 00:00:00,NOx,6.3,3.5,2.5,2.2,2.5,2.2,3.2,4.1,5.2,3.9,2.5,1.8,2,2.5,1.9,2,1.9,3.4,2.9,9,10.8,8.5,4.2,3,
花蓮,2024/03/17 00:00:00,O3,15.5,15.6,18.8,18.1,16.1,14.7,14.3,13,17.6,27.5,39.9,38.3,37.7,37.4,36.4,35.9,40,38.1,40.1,19.5,16.3,39.2,54.2,54.2,
花蓮,2024/03/17 00:00:00,PM10,20,11,18,12,14,13,17,14,12,15,17,13,12,16,12,14,15,23,21,19,22,33,34,17,
花蓮,2024/03/17 00:00:00,PM2.5,17,15,14,16,13,15,16,16,16,16,9,7,13,11,9,6,13,16,18,16,11,19,24,16,
花蓮,2024/03/17 00:00:00,RAINFALL,0,0,0,0,0,0,0,0,0,0,0,0,0,0,0,0,0,0,0,0,0,0,0,0,
花蓮,2024/03/17 00:00:00,RH,93,92,94,93,92,95,94,93,81,71,73,75,80,85,85,87,88,90,92,90,90,95,97,96,
花蓮,2024/03/17 00:00:00,SO2,x,0.3,0.5,0.4,0.3,0.3,0.4,0.4,0.4,3.7,0.4,0.3,0.2,0.2,0.2,0.2,0.3,0.2,0.3,0.3,0.5,0.4,0.2,0.3,
花蓮,2024/03/17 00:00:00,THC,2.06,2.04,2.04,2.01,2,2.04,2.03,2.06,2.01,2,1.94,1.94,1.93,1.93,1.93,1.93,1.93,1.95,1.95,2.08,2.11,2.07,2.01,2.01,
花蓮,2024/03/17 00:00:00,WD_HR,255,223,214,226,225,220,220,223,220,179,117,117,122,123,126,120,108,121,68,313,331,28,44,38,
花蓮,2024/03/17 00:00:00,WIND_DIREC,250,226,230,220,218,242,218,226,207,109,108,123,125,120,114,123,131,80,336,298,323,38,50,47,
花蓮,2024/03/17 00:00:00,WIND_SPEED,0.9,2.1,2,1.8,1.8,1.1,2,1.8,2.4,1.9,2.2,2.3,2.4,1.8,1.6,1.3,1,0.9,1,1.3,1,2.2,2.1,2.5,
花蓮,2024/03/17 00:00:00,WS_HR,0.9,1.6,1.4,1.8,1.6,1.8,1.8,2.1,2.1,1.2,1.5,1.9,2.1,1.6,1.4,1.2,0.9,0.6,0.5,1.1,0.9,1.1,1.7,2,
花蓮,2024/03/18 00:00:00,AMB_TEMP,21.9,21.2,20.7,20.5,20.3,20.3,20.4,20.6,20.6,21,21.2,21.1,21.2,20.4,19.6,19.3,19.5,19.3,19.2,19.2,19.3,19.5,19.5,19.5,
花蓮,2024/03/18 00:00:00,CH4,2,2,2,1.99,1.98,1.98,1.98,1.98,1.99,1.99,1.99,1.99,1.99,1.99,2,2,2,2.01,2.01,2.01,2.02,2.02,2.02,2.04,
花蓮,2024/03/18 00:00:00,CO,0.35,0.29,0.28,0.24,0.24,0.24,0.25,0.3,0.42,0.44,0.3,0.31,0.3,0.3,0.38,0.5,0.36,0.43,0.45,0.49,0.5,0.45,0.41,0.37,
花蓮,2024/03/18 00:00:00,NMHC,0.01,0.01,0,0,0,0,0.01,0.03,0.04,0.03,0.02,0.03,0.03,0.03,0.04,0.06,0.06,0.08,0.1,0.07,0.05,0.06,0.05,0.05,
花蓮,2024/03/18 00:00:00,NO,0.4,0,0,0,0,0.2,0,0.2,0.6,0.9,0.8,0.5,0.4,0.1,0.5,0.4,0.3,0.4,0.4,0.3,0.2,0.2,0.1,0.1,
花蓮,2024/03/18 00:00:00,NO2,2.5,3.5,3,2.1,2,2.2,2.7,4.2,9.5,11.4,8.4,6.3,4.8,4.9,7.4,11.9,9.6,11.4,12.5,10.5,9.9,8.7,7.9,7.8,
花蓮,2024/03/18 00:00:00,NOx,2.9,3.5,3,2.1,2.1,2.4,2.8,4.5,10.1,12.4,9.2,6.8,5.3,5,7.9,12.4,10,11.8,13,10.9,10.1,8.9,8,7.9,
花蓮,2024/03/18 00:00:00,O3,51.4,50.1,50.8,54.7,53.5,51.9,51.4,50,41.3,40.6,49.4,52.9,55.1,56.2,51,45.4,45.7,42.3,40,42,38.9,36.8,34.4,27.2,
花蓮,2024/03/18 00:00:00,PM10,16,25,20,16,19,22,19,20,22,20,22,28,16,17,24,21,23,23,24,26,39,43,43,22,
花蓮,2024/03/18 00:00:00,PM2.5,13,19,11,11,10,16,10,12,12,12,12,11,13,13,13,11,13,11,13,19,21,20,19,12,
花蓮,2024/03/18 00:00:00,RAINFALL,0,0,0,0,0,0,0,0,0,0,0,0,0,0,0,0,0,0,0,0,0,0,0,0,
花蓮,2024/03/18 00:00:00,RH,95,93,92,90,89,88,86,86,87,85,85,86,84,90,98,100,99,100,100,100,100,99,98,99,
花蓮,2024/03/18 00:00:00,SO2,0.5,0.5,0.5,0.6,0.6,0.6,0.6,0.6,1.1,1.8,0.9,0.7,0.6,0.5,0.6,1,0.7,0.8,0.7,0.7,0.8,0.7,0.6,0.6,
花蓮,2024/03/18 00:00:00,THC,2.01,2.01,1.99,1.98,1.98,1.98,1.99,2.01,2.03,2.02,2.01,2.02,2.02,2.02,2.04,2.06,2.06,2.09,2.11,2.08,2.07,2.08,2.07,2.09,
花蓮,2024/03/18 00:00:00,WD_HR,52,50,51,52,50,55,53,43,351,23,63,55,56,53,13,9,25,2,337,341,335,328,277,231,
花蓮,2024/03/18 00:00:00,WIND_DIREC,56,52,51,56,49,64,55,38,355,63,72,51,67,43,3,5,38,345,335,326,339,283,242,230,
花蓮,2024/03/18 00:00:00,WIND_SPEED,2.3,3.5,3.7,3.2,2.6,2.4,2.3,2.3,1.4,2.1,2.9,1.8,1.7,1.5,1.7,1,1.5,1.3,1,0.8,0.9,0.9,0.8,1.1,
花蓮,2024/03/18 00:00:00,WS_HR,2,2.5,3.1,3,2.4,2,2,2,1.3,0.9,1.9,1.7,1.6,1.4,1.3,0.8,1,0.9,0.6,0.4,0.6,0.6,0.6,1.1,
花蓮,2024/03/19 00:00:00,AMB_TEMP,19.3,19.2,19.2,19.4,19.5,19.7,19.4,19,19.2,18.9,19.2,19.6,19.7,19.8,19.6,19.6,19.1,18.9,18.7,18.7,18.1,17.3,16.5,16.1,
花蓮,2024/03/19 00:00:00,CH4,2.03,2.02,2.02,2.04,2.04,2.05,2.02,2,2.01,2,2,1.99,1.99,1.99,2,2.01,2.01,2.01,2.01,2.01,2.01,2.01,2.01,2.01,
花蓮,2024/03/19 00:00:00,CO,0.35,0.31,0.3,0.32,0.31,0.35,0.34,0.28,0.31,0.27,0.25,0.27,0.26,0.29,0.31,0.33,0.32,0.35,0.33,0.32,0.33,0.36,0.32,0.3,
花蓮,2024/03/19 00:00:00,NMHC,0.04,0.02,0.02,0.03,0.03,0.06,0.06,0.05,0.05,0.03,0.05,0.05,0.03,0.03,0.04,0.04,0.04,0.05,0.04,0.04,0.04,0.07,0.04,0.04,
花蓮,2024/03/19 00:00:00,NO,0.1,0.7,0.4,0.2,0.7,0.4,0.7,0.8,0.8,1,1.1,0.7,0.7,0.6,0.6,0.8,0.6,0.5,0.7,0.6,0.5,0.4,0.6,0.4,
花蓮,2024/03/19 00:00:00,NO2,4.8,3.5,3.4,4.9,5.1,7.2,8.5,8.4,9.5,9.1,8,7,6.3,6.6,6.7,7.4,7.9,8.6,8.3,8,7.8,9.1,7.9,6,
花蓮,2024/03/19 00:00:00,NOx,4.9,4.2,3.9,5.1,5.8,7.7,9.2,9.2,10.3,10.2,9.1,7.8,7,7.2,7.3,8.3,8.6,9.2,9.1,8.7,8.3,9.6,8.5,6.4,
花蓮,2024/03/19 00:00:00,O3,27.2,26.7,26.8,17.5,14.6,13.5,16,34.8,32.8,34.8,40.1,44.1,46.5,47.3,49.6,48.9,49.4,47.7,47.2,45.3,42.8,38.4,39.3,41.6,
花蓮,2024/03/19 00:00:00,PM10,18,16,15,12,12,15,16,4,13,18,14,20,21,26,36,31,34,31,36,33,33,33,27,15,
花蓮,2024/03/19 00:00:00,PM2.5,13,12,12,11,10,8,6,6,9,7,8,8,8,13,10,10,12,18,14,14,16,16,17,12,
花蓮,2024/03/19 00:00:00,RAINFALL,0,0,0,0,0,0,1,0.5,0,0.5,0,0,0,0,0,0,0,0,0,0,0,0,0,0,
花蓮,2024/03/19 00:00:00,RH,100,100,100,100,99,98,99,100,97,98,92,89,88,87,84,83,81,80,80,80,82,91,98,99,
花蓮,2024/03/19 00:00:00,SO2,0.7,0.6,0.5,0.5,0.5,0.5,0.5,0.7,0.7,0.7,0.8,0.9,0.8,0.8,0.6,0.8,0.7,0.6,0.7,0.8,0.9,0.7,0.6,0.7,
花蓮,2024/03/19 00:00:00,THC,2.07,2.04,2.04,2.07,2.07,2.11,2.08,2.05,2.06,2.03,2.05,2.04,2.02,2.02,2.04,2.05,2.05,2.06,2.05,2.05,2.05,2.08,2.05,2.05,
花蓮,2024/03/19 00:00:00,WD_HR,227,231,259,242,229,245,278,51,73,69,70,75,83,73,59,52,64,61,67,70,25,273,274,264,
花蓮,2024/03/19 00:00:00,WIND_DIREC,232,241,273,226,258,215,308,72,63,68,72,78,89,68,15,69,69,52,73,73,290,255,273,274,
花蓮,2024/03/19 00:00:00,WIND_SPEED,1.3,0.6,0.6,1.1,0.2,0.2,0.4,2.1,1.8,3,2.2,2.8,1.9,2.6,1.4,2.3,2.8,2.4,1.9,1.7,1.6,1.5,1.9,1.8,
花蓮,2024/03/19 00:00:00,WS_HR,1.3,1.2,0.7,0.7,0.7,0.2,0.3,1.2,1.4,2.2,2.2,2.3,2.2,1.6,1.4,1.1,2,1.8,1.9,1.8,0.8,1.3,1.5,1.6,
花蓮,2024/03/20 00:00:00,AMB_TEMP,16.4,16.3,16.2,16.5,16.6,17.2,18,18.2,19.1,19.7,19.8,19.5,19.6,19.4,19.2,19,18.8,18.6,18.5,18.4,18.2,17.9,17.8,17.4,
花蓮,2024/03/20 00:00:00,CH4,2.02,2.02,2.03,2.02,2.01,2.01,2.01,2.01,2.01,2.01,2.02,2.03,2.03,2.03,2.03,2.03,2.02,2.02,2.02,2.02,2.03,2.03,2.03,2.03,
花蓮,2024/03/20 00:00:00,CO,0.29,0.26,0.25,0.25,0.24,0.24,0.25,0.29,0.28,0.29,0.31,0.34,0.35,0.35,0.37,0.34,0.33,0.34,0.31,0.3,0.35,0.39,0.36,0.33,
花蓮,2024/03/20 00:00:00,NMHC,0.02,0.01,0.01,0.01,0.01,0.02,0.03,0.05,0.04,0.04,0.04,0.05,0.04,0.04,0.04,0.04,0.05,0.05,0.05,0.04,0.05,0.06,0.04,0.04,
花蓮,2024/03/20 00:00:00,NO,0.5,0.5,0.3,0.5,0.4,0.5,0.6,0.7,0.7,#,1.5,0.9,0.7,0.7,0.6,0.6,0.6,0.7,0.6,0.6,0.5,0.6,0.5,0.6,
花蓮,2024/03/20 00:00:00,NO2,4.8,3.1,2.9,3,2.9,3.2,4.4,6.8,6.9,#,6.7,6.5,6.7,6.3,6.6,6.7,7,7.2,6.3,6.4,6.7,10.2,8.6,7.7,
花蓮,2024/03/20 00:00:00,NOx,5.3,3.7,3.3,3.6,3.4,3.7,5.1,7.6,7.6,#,8.2,7.4,7.5,7.1,7.3,7.4,7.6,7.9,6.9,7.1,7.3,10.8,9.2,8.3,
花蓮,2024/03/20 00:00:00,O3,41.8,40.7,40.3,39.6,37.4,43.2,47.9,46,53.7,53.7,51.2,57.8,62.3,63.6,63.8,64.2,64.1,62.9,62,60.8,53.9,48.2,49.7,42.5,
花蓮,2024/03/20 00:00:00,PM10,21,21,26,32,34,49,84,93,111,103,#,108,107,104,97,96,105,98,92,95,82,79,78,74,
花蓮,2024/03/20 00:00:00,PM2.5,10,14,18,17,15,18,24,21,24,#,27,32,31,33,32,33,29,25,18,21,24,20,19,23,
花蓮,2024/03/20 00:00:00,RAINFALL,0,0,0,0,0,0,0,0,0,0,0,0,0,0,0,0,0,0,0,0,0,0,0,0,
花蓮,2024/03/20 00:00:00,RH,96,96,95,87,84,69,52,50,43,43,44,47,48,51,55,54,53,52,51,52,55,56,53,60,
花蓮,2024/03/20 00:00:00,SO2,0.5,0.8,1,1.1,1,1.2,1.1,1.1,1,1,1.1,1.2,1,1.1,1,1.1,1,1.1,1.2,1.2,1.1,1.4,1.8,1.3,
花蓮,2024/03/20 00:00:00,THC,2.04,2.03,2.04,2.03,2.02,2.03,2.04,2.06,2.05,2.05,2.06,2.08,2.07,2.07,2.07,2.07,2.07,2.07,2.07,2.06,2.08,2.09,2.07,2.07,
花蓮,2024/03/20 00:00:00,WD_HR,223,218,224,262,238,185,5,39,61,62,46,59,56,63,57,46,65,66,60,52,358,339,306,275,
花蓮,2024/03/20 00:00:00,WIND_DIREC,214,208,248,243,220,61,311,62,75,65,48,70,50,71,65,50,61,65,62,40,297,358,298,270,
花蓮,2024/03/20 00:00:00,WIND_SPEED,2.7,2.8,1.9,1.9,2.1,1.3,1.3,2.9,2.9,3.1,2.5,3,3,2.5,3,2.6,2.1,2.2,1.8,2.2,1.2,1.7,1,1.3,
花蓮,2024/03/20 00:00:00,WS_HR,1.6,2.3,2.4,2.1,1.6,0.3,1.1,1.5,2.4,2.6,2,2.1,1.9,2.1,2.2,2.1,2,2,1.8,1.5,0.9,1.2,1.1,1,
花蓮,2024/03/21 00:00:00,AMB_TEMP,16.2,15.4,14.9,14.7,14.7,14.7,15.1,16.4,18.5,20.4,21.2,21.6,21.4,21.8,20.9,20.6,20.4,20.1,19.8,19.5,19.3,19.1,19.1,18.9,
花蓮,2024/03/21 00:00:00,CH4,2.03,2.03,2.03,2.02,2.02,2.04,2.03,2.02,2.02,#,1.99,1.99,1.99,1.98,1.98,1.98,1.99,1.99,2,2.01,2,2,1.99,2,
花蓮,2024/03/21 00:00:00,CO,0.3,0.26,0.25,0.24,0.23,0.23,0.25,0.29,0.26,0.26,0.23,0.23,0.22,0.19,0.19,0.2,0.26,0.26,0.34,0.36,0.28,0.23,0.19,0.18,
花蓮,2024/03/21 00:00:00,NMHC,0.04,0.02,0.01,0.01,0.01,0,0.02,0.03,0.05,#,0.01,0.01,0,0,0,0.01,0.02,0.03,0.09,0.1,0.07,0.04,0.01,0.01,
花蓮,2024/03/21 00:00:00,NO,0.3,0.4,0.4,0,0.5,0.3,0.3,1,1.2,0.9,0.6,0.6,0.6,0.6,0.4,0.4,0.5,0.5,0.8,0.5,0.4,0.5,0.1,0.4,
花蓮,2024/03/21 00:00:00,NO2,5,2.9,2.1,1.7,1.7,1.8,2.3,4.2,3.9,4.3,2.2,1.9,2.3,2,1.9,2.5,4,5.3,9.2,10.9,8,6.3,2.8,1.9,
花蓮,2024/03/21 00:00:00,NOx,5.3,3.4,2.5,1.8,2.2,2.2,2.6,5.2,5.1,5.2,2.9,2.6,2.9,2.6,2.3,2.9,4.5,5.8,10,11.5,8.5,6.8,3,2.3,
花蓮,2024/03/21 00:00:00,O3,35.7,36,34.1,33.3,32,30.1,28.7,25.5,30.5,49.7,58.6,60.2,59.8,60.7,60.4,59.5,57.7,55.5,45.9,40,41,40.9,45.4,46.3,
花蓮,2024/03/21 00:00:00,PM10,63,64,49,44,43,43,41,34,42,51,50,45,48,45,42,41,51,50,A,A,A,A,A,A,
花蓮,2024/03/21 00:00:00,PM2.5,26,19,21,19,18,22,15,16,15,16,8,16,9,13,13,13,13,13,15,19,18,13,12,13,
花蓮,2024/03/21 00:00:00,RAINFALL,0,0,0,0,0,0,0,0,0,0,0,0,0,0,0,0,0,0,0,0,0,0,0,0,
花蓮,2024/03/21 00:00:00,RH,76,79,79,79,78,80,77,70,61,51,47,48,49,47,49,49,51,53,57,60,62,64,63,64,
花蓮,2024/03/21 00:00:00,SO2,1.1,0.4,0.4,0.4,0.4,0.4,0.3,0.4,0.3,1.2,0.3,0.4,0.5,0.4,0.4,0.5,0.4,0.6,0.8,0.6,0.5,0.6,0.5,0.4,
花蓮,2024/03/21 00:00:00,THC,2.07,2.05,2.04,2.03,2.03,2.04,2.05,2.05,2.07,#,2,2,1.99,1.98,1.98,1.99,2.01,2.02,2.09,2.11,2.07,2.04,2,2.01,
花蓮,2024/03/21 00:00:00,WD_HR,220,219,224,214,213,215,216,208,208,142,110,108,96,119,134,147,162,211,255,282,226,216,212,209,
花蓮,2024/03/21 00:00:00,WIND_DIREC,223,221,226,217,214,215,211,211,211,108,111,105,82,132,130,163,182,271,225,273,211,216,209,195,
花蓮,2024/03/21 00:00:00,WIND_SPEED,1.9,1.6,1.9,2.3,2.7,2.2,2.1,2.7,2,1.9,2.4,3,2.9,1.8,1.1,1.1,1.2,1.6,1.3,1.4,0.6,2.3,2.5,1.9,
花蓮,2024/03/21 00:00:00,WS_HR,1.6,1.7,1.8,2,2.2,2.2,2.1,1.9,2.2,1.1,1.8,2.2,1.8,1.5,1.1,1,0.9,0.8,1.3,1.2,1,1.4,2.1,2.3,
花蓮,2024/03/22 00:00:00,AMB_TEMP,18.7,18.6,18.2,18.4,18.1,17.7,17.9,18,19,20.5,22.2,23.1,23.5,23.2,22.6,22.7,22.8,22.5,22.3,22.1,22.1,21.5,21.1,20.6,
花蓮,2024/03/22 00:00:00,CH4,2,1.99,2.01,2,2.03,2.05,2.05,2.08,2.06,2.03,2,1.98,1.97,1.97,1.97,1.97,1.98,1.99,2.01,2.01,2.02,2.02,2.02,2.04,
花蓮,2024/03/22 00:00:00,CO,0.18,0.17,0.18,0.17,0.17,0.17,0.2,0.24,0.22,0.22,0.22,0.2,0.19,0.19,0.19,0.22,0.25,0.41,0.56,0.47,0.46,0.36,0.25,0.23,
花蓮,2024/03/22 00:00:00,NMHC,0.01,0,0,0,0,0,0.01,0.02,0.02,0.04,0.05,0.01,0,0,0,0.01,0.03,0.1,0.17,0.12,0.13,0.1,0.04,0.03,
花蓮,2024/03/22 00:00:00,NO,0.2,0.6,0.6,0.7,0.5,0.5,0.6,1,1.5,1.7,1.8,1.2,0.7,0.5,0.6,0.5,0.6,1.3,1.7,1.5,1.1,0.7,0.6,0.6,
花蓮,2024/03/22 00:00:00,NO2,1.6,1.9,2,1.7,1.8,2.1,3.2,4.9,5.1,5.2,4.9,4.1,3.3,3.2,2.9,3.7,5.1,11.3,17.2,14.4,14.5,12.5,5.9,4.2,
花蓮,2024/03/22 00:00:00,NOx,1.9,2.6,2.7,2.4,2.3,2.7,3.8,5.9,6.6,6.9,6.7,5.4,4,3.8,3.6,4.3,5.7,12.6,19,16,15.6,13.2,6.5,4.9,
花蓮,2024/03/22 00:00:00,O3,44.5,44.4,39.8,39.3,37.6,30.2,30,25.5,26.1,28.4,35.5,46.4,51.2,49.8,49.4,47.8,45.5,35.7,24.6,23.4,22.7,20.9,28.1,28,
花蓮,2024/03/22 00:00:00,PM10,A,A,A,A,A,A,A,A,A,#,27,29,39,32,26,29,31,34,36,36,35,32,27,21,
花蓮,2024/03/22 00:00:00,PM2.5,12,15,16,11,11,9,11,12,10,10,9,12,10,14,10,12,13,13,15,14,14,13,15,11,
花蓮,2024/03/22 00:00:00,RAINFALL,0,0,0,0,0,0,0,0,0,0,0,0,0,0,0,0,0,0,0,0,0,0,0,0,
花蓮,2024/03/22 00:00:00,RH,66,67,71,69,72,79,79,80,75,65,57,63,67,71,74,73,73,74,75,75,75,83,85,89,
花蓮,2024/03/22 00:00:00,SO2,0.5,0.6,0.7,0.6,0.7,0.7,0.7,0.7,0.7,0.6,1.5,1.8,0.7,0.7,0.7,0.9,1.3,2.1,2,1.3,1.2,0.7,0.7,0.7,
花蓮,2024/03/22 00:00:00,THC,2.01,1.99,2,2,2.03,2.05,2.06,2.1,2.08,2.07,2.05,1.99,1.97,1.97,1.96,1.98,2.01,2.09,2.18,2.13,2.15,2.12,2.06,2.07,
花蓮,2024/03/22 00:00:00,WD_HR,197,209,206,213,214,217,214,209,208,200,202,169,148,153,173,183,212,283,299,290,275,221,215,217,
花蓮,2024/03/22 00:00:00,WIND_DIREC,194,215,202,207,218,221,213,213,210,194,203,169,153,140,171,182,227,301,303,279,242,203,216,219,
花蓮,2024/03/22 00:00:00,WIND_SPEED,2.1,3.3,1.9,1.9,2,1.7,2.6,3.2,2.9,2.5,2.2,1.8,2.1,2,1.7,1.3,1.1,1.5,1.2,0.8,0.4,1.2,1.9,1.4,
花蓮,2024/03/22 00:00:00,WS_HR,1.9,2.8,2.5,1.5,1.8,2,2.1,2.7,2.8,2.4,2.2,1.4,1.6,1.5,1.5,1.2,1.5,1,1.1,1,0.5,1.1,1.4,1.6,
花蓮,2024/03/23 00:00:00,AMB_TEMP,20.4,20.3,20.2,19.6,19.5,19,19.3,20.6,22.9,25.5,26.5,26.2,26.5,26.7,26.3,26.4,26,26.1,26,25.4,25.1,25,24.7,24.3,
花蓮,2024/03/23 00:00:00,CH4,2.05,2.03,2.06,2.07,2.02,2.04,2.04,2.07,2.03,1.99,1.97,1.95,1.95,1.94,1.94,1.94,1.94,1.95,1.96,2,2,2.05,2.02,2.01,
花蓮,2024/03/23 00:00:00,CO,0.2,0.19,0.17,0.17,0.18,0.18,0.2,0.23,0.25,0.24,0.23,0.19,0.18,0.18,0.19,0.19,0.2,0.24,0.3,0.44,0.42,0.49,0.34,0.32,
花蓮,2024/03/23 00:00:00,NMHC,0.01,0,0,0,0,0,0.02,0.02,0.02,0.02,0,0,0,0,0,0,0,0.01,0.06,0.14,0.12,0.21,0.12,0.09,
花蓮,2024/03/23 00:00:00,NO,0.4,1.1,1.2,1.2,1.2,1.2,1.2,2.1,2.3,2.8,2,1.7,1.5,1.4,1.4,1.3,1.4,1.6,1.5,2,2.5,1.5,1.9,1.9,
花蓮,2024/03/23 00:00:00,NO2,3.8,2.7,1.7,1.7,1.7,1.7,2.2,3.4,3.4,4.6,3.5,1.9,1.5,1.1,1.4,1.5,1.6,3.1,5.3,15.6,13.5,14.4,9.6,7.5,
花蓮,2024/03/23 00:00:00,NOx,4.2,3.9,3,3,2.9,2.9,3.4,5.5,5.7,7.5,5.6,3.6,3.1,2.6,2.9,2.9,3,4.7,6.8,17.7,16.1,16,11.6,9.4,
花蓮,2024/03/23 00:00:00,O3,25.5,24.3,24.6,21.7,23.1,18.7,19.9,17.8,21.6,28.1,34.7,39,39.6,37.7,37.2,35.6,35.2,32.4,28.3,13.4,12.4,7.4,9.5,7.8,
花蓮,2024/03/23 00:00:00,PM10,22,18,12,19,13,13,13,19,17,17,24,28,30,35,22,30,31,34,30,36,33,33,42,30,
花蓮,2024/03/23 00:00:00,PM2.5,10,10,10,9,9,18,11,13,14,12,13,15,11,7,13,12,13,16,14,15,19,21,18,16,
花蓮,2024/03/23 00:00:00,RAINFALL,0,0,0,0,0,0,0,0,0,0,0,0,0,0,0,0,0,0,0,0,0,0,0,0,
花蓮,2024/03/23 00:00:00,RH,89,87,89,92,90,93,92,87,77,68,71,80,81,82,85,86,89,88,89,89,89,90,91,93,
花蓮,2024/03/23 00:00:00,SO2,0.6,0.4,0.5,0.5,0.5,0.5,0.5,0.6,1.7,4.3,2.8,0.4,0.3,0.3,0.3,0.4,0.4,0.6,1,0.7,0.5,0.5,0.4,0.4,
花蓮,2024/03/23 00:00:00,THC,2.06,2.03,2.06,2.07,2.02,2.04,2.06,2.09,2.05,2.01,1.97,1.95,1.94,1.93,1.94,1.93,1.93,1.96,2.02,2.14,2.12,2.26,2.14,2.1,
花蓮,2024/03/23 00:00:00,WD_HR,211,213,207,216,218,217,216,209,206,196,150,134,137,145,145,153,155,158,158,295,303,211,234,283,
花蓮,2024/03/23 00:00:00,WIND_DIREC,227,208,206,224,204,216,219,209,205,171,131,136,134,163,152,171,141,161,260,307,164,216,232,305,
花蓮,2024/03/23 00:00:00,WIND_SPEED,1.8,2.1,1.5,2.1,1.2,3.1,2.3,2.8,2.5,1.4,2.5,2.8,3.1,2.1,1.9,2.7,2.1,1.2,0.7,1.3,0.2,0.9,0.2,1,
花蓮,2024/03/23 00:00:00,WS_HR,1.3,1.4,2,1.8,1.4,2.2,2.2,2,2,1.7,1.4,2.1,2.3,1.8,1.4,1.6,1.6,1,0.5,1.1,0.5,0.4,0.7,0.5,
花蓮,2024/03/24 00:00:00,AMB_TEMP,24.1,24.1,23.8,23.6,23.4,23,23.1,24.4,26,26.9,27.7,27.8,27.9,28,27.7,27.2,26.3,26,25.8,25.8,25.8,25.6,25.2,25,
花蓮,2024/03/24 00:00:00,CH4,2.03,2.03,2.03,2.02,2,1.97,1.99,2.01,2.01,1.96,1.94,1.92,1.92,1.92,1.92,1.92,1.92,1.92,1.92,1.93,1.93,1.93,1.93,1.98,
花蓮,2024/03/24 00:00:00,CO,0.29,0.2,0.19,0.18,0.18,0.18,0.24,0.23,0.21,0.21,0.19,0.18,0.17,0.17,0.17,0.17,0.18,0.2,0.19,0.19,0.18,0.17,0.16,0.19,
花蓮,2024/03/24 00:00:00,NMHC,0.07,0.01,0.01,0.01,0,0,0.02,0.02,0.01,0,0,0,0,0,0,0,0,0,0,0,0,0,0,0.01,
花蓮,2024/03/24 00:00:00,NO,1.6,1.3,1.1,1.1,1.1,1.1,1.5,2.1,1.8,1.6,1.5,1.3,1.3,1.4,1.5,1,1.3,1.4,1.3,1.2,1,1.3,1.3,1,
花蓮,2024/03/24 00:00:00,NO2,6.6,3.1,2.4,1.9,1.4,1.3,2.1,2.9,2,2,1.3,1.2,1.6,1,0.9,0.7,1,1.7,1.9,1.9,1.6,1.4,1,1.9,
花蓮,2024/03/24 00:00:00,NOx,8.3,4.4,3.6,3.1,2.6,2.5,3.6,5,3.9,3.6,2.8,2.6,2.9,2.4,2.5,1.8,2.4,3.1,3.2,3.2,2.6,2.8,2.4,3,
花蓮,2024/03/24 00:00:00,O3,10,14.3,12.8,12.5,12.5,14.2,12.9,12.5,16.3,23.4,28.4,34.4,38.2,32.3,29.8,32.2,35.2,33.1,29.5,28,28.9,29.4,26.3,20.5,
花蓮,2024/03/24 00:00:00,PM10,40,18,23,15,15,17,20,23,20,29,34,45,38,39,38,37,36,36,39,37,26,40,16,16,
花蓮,2024/03/24 00:00:00,PM2.5,15,17,15,15,18,18,15,15,12,14,13,14,16,10,17,17,13,15,15,16,15,12,9,10,
花蓮,2024/03/24 00:00:00,RAINFALL,0,0,0,0,0,0,0,0,0,0,0,0,0,0,0,0,0,0,0,0,0,0,2.5,0,
花蓮,2024/03/24 00:00:00,RH,94,94,93,93,90,85,87,85,79,80,84,87,88,87,88,89,93,95,97,96,96,98,100,100,
花蓮,2024/03/24 00:00:00,SO2,0.3,0.4,0.7,0.5,0.3,0.4,0.7,1.1,0.6,2.4,0.3,0.2,0.2,0,0,0,0.1,0.1,0.2,0.3,0.3,0.2,0.2,0.2,
花蓮,2024/03/24 00:00:00,THC,2.1,2.04,2.04,2.03,2,1.97,2.01,2.03,2.02,1.96,1.94,1.91,1.91,1.91,1.9,1.9,1.9,1.92,1.92,1.92,1.92,1.91,1.91,1.99,
花蓮,2024/03/24 00:00:00,WD_HR,208,212,209,227,218,218,212,205,208,136,134,137,138,135,133,149,139,162,156,175,169,165,176,204,
花蓮,2024/03/24 00:00:00,WIND_DIREC,201,192,189,210,217,212,205,209,203,132,138,143,132,127,133,134,137,170,163,173,154,151,189,204,
花蓮,2024/03/24 00:00:00,WIND_SPEED,2,0.9,1.1,1.3,2,2.2,2.1,2,1.2,1.4,2.5,2.4,2.8,2.9,2.7,1.8,1.7,1.7,1.5,1.4,1.4,1.7,1.7,0.8,
花蓮,2024/03/24 00:00:00,WS_HR,1.1,1.1,1.4,1,1.6,1.8,1.7,1.8,1.7,0.9,1.5,2.2,2,2.1,2.2,1.6,1.3,1.2,1,1.1,1.2,1.2,1.5,0.8,
花蓮,2024/03/25 00:00:00,AMB_TEMP,24.6,24.7,24.4,24.2,24.1,24.1,24,24.9,25.9,27.6,28.2,28.4,28.4,28.3,27.7,27,26.5,26,25.8,25.8,26,25.8,25.5,24.9,
花蓮,2024/03/25 00:00:00,CH4,1.96,2,1.98,1.97,1.96,1.97,1.97,1.97,1.97,1.93,1.92,1.91,1.91,1.91,1.91,1.91,1.91,1.92,1.92,1.92,1.92,1.92,1.95,1.98,
花蓮,2024/03/25 00:00:00,CO,0.18,0.17,0.16,0.16,0.15,0.16,0.19,0.28,0.26,0.18,0.17,0.17,0.17,0.16,0.16,0.17,0.2,0.2,0.21,0.19,0.2,0.18,0.22,0.23,
花蓮,2024/03/25 00:00:00,NMHC,0.01,0.01,0,0.01,0,0.02,0.01,0.05,0.04,0,0,0,0,0,0,0,0,0,0,0.01,0.01,0,0.03,0.04,
花蓮,2024/03/25 00:00:00,NO,1,0.4,0.5,0.5,0.4,0.4,0.5,1.6,3.4,2.2,1,0.9,0.8,0.8,0.7,0.6,0.8,0.6,0.6,0.6,0.5,0.4,0.7,0.6,
花蓮,2024/03/25 00:00:00,NO2,2.4,2.1,2.1,2,2.1,2.1,2.7,4.1,4.8,2.5,2,2.1,1.7,1.6,1.3,1.7,2.2,2.7,3.3,2.9,2.9,2.5,3.4,4.8,
花蓮,2024/03/25 00:00:00,NOx,3.4,2.6,2.6,2.5,2.5,2.6,3.2,5.7,8.3,4.8,3,3.1,2.5,2.4,2.1,2.3,3.1,3.4,4,3.5,3.5,3,4.1,5.5,
花蓮,2024/03/25 00:00:00,O3,11.6,13.2,12.9,12.7,12.2,12.8,12.5,11.1,11.2,23.4,30.3,31.6,32.8,33.7,32.3,31,30.4,31.6,31.1,28.4,25.7,25.1,17.6,13.2,
花蓮,2024/03/25 00:00:00,PM10,21,16,23,17,8,15,16,17,19,34,38,30,32,41,41,35,34,37,31,40,37,62,24,22,
花蓮,2024/03/25 00:00:00,PM2.5,11,12,12,11,8,15,8,9,13,17,16,17,16,15,15,19,13,16,15,16,15,16,16,16,
花蓮,2024/03/25 00:00:00,RAINFALL,0,0,0,0,0,0,0,0,0,0,0,0,0,0,0,0,0,0,0,0,0,0,0,0,
花蓮,2024/03/25 00:00:00,RH,98,98,94,91,85,86,84,81,84,85,84,82,82,83,86,89,91,95,97,98,97,98,95,95,
花蓮,2024/03/25 00:00:00,SO2,0.2,0.3,0.2,0.4,0.4,0.2,0.3,0.4,3.9,0.6,0.3,0.4,0.1,0,0,0,0.1,0.2,0.2,0.3,0.2,0.2,0.3,0.4,
花蓮,2024/03/25 00:00:00,THC,1.97,2.01,1.98,1.98,1.96,1.99,1.98,2.02,2.01,1.93,1.91,1.9,1.9,1.89,1.89,1.9,1.91,1.91,1.92,1.93,1.93,1.92,1.98,2.02,
花蓮,2024/03/25 00:00:00,WD_HR,205,195,202,218,213,206,205,208,190,138,158,157,148,148,139,138,135,120,132,161,169,187,328,290,
花蓮,2024/03/25 00:00:00,WIND_DIREC,204,198,212,217,216,214,207,192,146,133,160,147,148,141,132,141,131,127,140,182,171,222,318,242,
花蓮,2024/03/25 00:00:00,WIND_SPEED,1.4,0.9,1.6,1.1,1.7,1.8,1.6,1,1,2.2,3.2,2.9,3,2.7,2.6,2.2,1.8,1.3,0.9,0.9,0.8,0.5,1.4,0.6,
花蓮,2024/03/25 00:00:00,WS_HR,1.2,1.1,1.3,1.2,1.2,1.2,1.5,1.1,1.2,1.4,2.2,2.4,2.3,2.3,2,1.9,1.6,1.3,0.9,0.8,0.6,0.5,0.4,1.1,
花蓮,2024/03/26 00:00:00,AMB_TEMP,25.2,24.8,24.7,24.5,23.5,23.1,23.9,25.6,27.4,28,28.3,24.7,22,21,20.3,20.4,20.3,20.2,19.8,19.9,20,20,20.1,20,
花蓮,2024/03/26 00:00:00,CH4,1.96,1.98,2,1.97,1.99,1.96,1.96,1.97,1.95,#,1.94,1.95,2.02,2.03,2.03,2.03,2.04,2.03,2.03,2.02,2.01,2.02,2.02,2.02,
花蓮,2024/03/26 00:00:00,CO,0.2,0.17,0.18,0.17,0.17,0.17,0.2,0.31,0.32,0.21,0.3,#,0.43,0.44,0.43,0.43,0.46,0.45,0.41,0.38,0.36,0.38,0.37,0.36,
花蓮,2024/03/26 00:00:00,NMHC,0.03,0.03,0.06,0.04,0.04,0.02,0.01,0.07,0.07,#,0,0.02,0.04,0.03,0.03,0.04,0.04,0.05,0.04,0.03,0.03,0.02,0.03,0.02,
花蓮,2024/03/26 00:00:00,NO,0.4,0.1,0.3,0.2,0.3,0.1,0.6,1.9,3.8,2.9,2.5,#,0.8,0.5,0.5,0.4,0.6,0.5,0.6,0.3,0.2,0.4,0.2,0.3,
花蓮,2024/03/26 00:00:00,NO2,3.8,2.7,3.6,2.9,3.1,2.2,3.1,5,8.3,6,5.7,#,5.1,4.6,4.5,4.4,5.3,6.1,5.4,4.4,3.7,3.9,3.5,3.1,
花蓮,2024/03/26 00:00:00,NOx,4.3,2.9,3.9,3.1,3.5,2.4,3.7,7,12.1,9,8.2,#,5.9,5.2,5.1,4.9,5.9,6.7,6,4.8,4,4.3,3.8,3.5,
花蓮,2024/03/26 00:00:00,O3,16.2,13.2,10.6,13.9,12.6,17,17.7,16.5,19.6,26.1,#,24.4,34.7,40.1,44.2,47.4,47.4,50.2,53.3,57,58.9,57.9,57.8,58,
花蓮,2024/03/26 00:00:00,PM10,21,18,22,16,13,19,15,19,27,#,36,34,25,21,8,14,14,8,13,10,13,13,10,17,
花蓮,2024/03/26 00:00:00,PM2.5,12,14,12,12,9,8,9,16,14,18,#,26,26,21,12,12,11,8,8,7,6,10,11,13,
花蓮,2024/03/26 00:00:00,RAINFALL,0,0,0,0,0,0,0,0,0,0,#,0,0.5,1,0,0,0,0,0,0,0,0,0,0,
花蓮,2024/03/26 00:00:00,RH,88,89,89,91,85,80,80,75,72,75,78,95,99,100,99,95,94,91,90,86,86,84,83,84,
花蓮,2024/03/26 00:00:00,SO2,0.3,0.3,0.1,0.2,0.2,0.2,0.2,0.3,0.6,0.4,0.2,#,0,0.2,0.3,0.3,0.4,0.3,0.3,0.4,0.4,0.3,0.4,0.6,
花蓮,2024/03/26 00:00:00,THC,1.99,2.01,2.06,2.01,2.03,1.98,1.97,2.04,2.02,#,1.94,1.97,2.06,2.06,2.06,2.07,2.08,2.08,2.07,2.05,2.04,2.04,2.05,2.04,
花蓮,2024/03/26 00:00:00,WD_HR,280,229,254,262,222,223,222,88,154,90,76,43,47,46,47,45,43,48,47,44,51,48,37,37,
花蓮,2024/03/26 00:00:00,WIND_DIREC,226,222,305,222,221,238,215,166,93,78,78,37,51,45,48,39,44,44,45,48,56,56,33,23,
花蓮,2024/03/26 00:00:00,WIND_SPEED,0.5,0.2,0.8,0.6,1.3,1.5,0.7,0.8,1.8,3,4.3,3.6,4.7,3.9,3.7,3,2.5,3.1,2.8,2.8,2.8,1.9,1.5,1.1,
花蓮,2024/03/26 00:00:00,WS_HR,0.9,0.8,0.4,0.6,0.9,1.4,1.4,0.2,0.4,2.4,3.1,2.8,3.9,3,2.8,2.4,2.2,2.4,2.3,2.3,2.1,1.9,1.4,1.2,
花蓮,2024/03/27 00:00:00,AMB_TEMP,19.9,19.8,19.7,19.7,19.4,19.2,19.1,19.7,20.6,21.7,23,23.7,23.6,22.6,22.4,22.3,22.4,22.3,22,21.8,21.5,21.4,21.3,20.9,
花蓮,2024/03/27 00:00:00,CH4,2.03,2.03,2.04,2.04,2.05,2.05,2.06,2.07,2.05,2.04,2.03,2,1.99,1.99,2,2,2,1.99,2,2.02,2.05,2.04,2.04,2.06,
花蓮,2024/03/27 00:00:00,CO,0.42,0.4,0.37,0.37,0.37,0.38,0.39,0.44,0.43,0.4,0.41,0.35,0.29,0.28,0.32,0.33,0.33,0.3,0.33,0.33,0.29,0.28,0.28,0.26,
花蓮,2024/03/27 00:00:00,NMHC,0.02,0.01,0.01,0.02,0.01,0.01,0.03,0.03,0.03,0.03,0.03,0.01,0,0,0.01,0.03,0.03,0.02,0.05,0.04,0.01,0.01,0.01,0.01,
花蓮,2024/03/27 00:00:00,NO,0.1,0.7,0.6,0.6,0.3,0.4,0.4,0.8,1,1.1,1.8,2.1,0.9,0.6,0.6,0.6,0.7,0.4,0.7,0.7,0.4,0.2,0.3,0.4,
花蓮,2024/03/27 00:00:00,NO2,3.6,3.8,3.6,3,2.8,2.8,3.5,5.1,6.1,6.1,7.3,8.5,3.6,2.9,4.9,6.9,6.9,5.3,5.3,6.3,3.8,3.1,2.9,2.5,
花蓮,2024/03/27 00:00:00,NOx,3.8,4.5,4.2,3.6,3.1,3.3,3.9,5.9,7.2,7.3,9.1,10.6,4.5,3.6,5.5,7.5,7.7,5.7,6,7,4.3,3.4,3.2,2.9,
花蓮,2024/03/27 00:00:00,O3,51.1,47.2,48.6,43.1,38,38.4,38.1,35.2,37.2,43.3,46.9,53.4,58.1,60.6,57.8,55.9,54.5,54.9,51.4,45.2,46.4,43.2,42.3,39.8,
花蓮,2024/03/27 00:00:00,PM10,15,16,17,15,17,15,21,21,17,23,25,12,10,9,8,14,20,12,11,13,12,11,11,8,
花蓮,2024/03/27 00:00:00,PM2.5,9,11,12,10,11,11,8,9,12,14,11,10,8,6,7,8,7,8,10,9,7,8,7,7,
花蓮,2024/03/27 00:00:00,RAINFALL,0,0,0,0,0,0,0,0,0,0,0,0,0,0,0,0,0,0,0,0,0,0,0,0,
花蓮,2024/03/27 00:00:00,RH,85,86,86,87,92,93,95,92,87,82,77,76,79,84,86,87,87,88,90,93,95,96,96,97,
花蓮,2024/03/27 00:00:00,SO2,0.8,0.9,0.7,0.9,0.8,0.7,0.7,0.7,0.9,0.9,0.9,1.2,0.9,0.8,0.8,0.7,0.9,0.8,2,0.8,0.6,0.7,0.7,0.7,
花蓮,2024/03/27 00:00:00,THC,2.05,2.04,2.05,2.06,2.06,2.06,2.09,2.1,2.08,2.07,2.06,2.01,1.99,1.99,2.01,2.03,2.03,2.01,2.05,2.06,2.06,2.05,2.05,2.07,
花蓮,2024/03/27 00:00:00,WD_HR,336,322,294,259,227,215,222,221,215,210,96,98,91,87,47,10,90,158,226,219,212,214,213,207,
花蓮,2024/03/27 00:00:00,WIND_DIREC,315,313,287,233,226,214,227,223,218,146,107,82,81,90,24,336,165,211,228,216,212,213,204,205,
花蓮,2024/03/27 00:00:00,WIND_SPEED,1.5,0.7,1.2,0.7,1.9,1.6,1.7,1.7,1.1,0.4,2.4,2.7,2.3,2,1.3,0.9,0.4,0.8,1.3,2,2.1,2,1.8,1.6,
花蓮,2024/03/27 00:00:00,WS_HR,0.9,1.1,0.9,0.6,1.4,1.2,1.6,1.7,1.2,0.5,0.8,2.3,2.4,1.9,1,0.6,0,0.4,1.5,1.5,1.9,1.5,1.8,1.9,
花蓮,2024/03/28 00:00:00,AMB_TEMP,20.4,20.5,20.5,19.9,19.9,19.7,19.8,21.4,23.8,26.4,26.8,26.5,26.5,26.1,26,25.8,25.7,25.1,24.9,24.9,24.8,24.6,24.5,24.2,
花蓮,2024/03/28 00:00:00,CH4,2.13,2.08,2.03,2.05,2.04,2.04,2.03,2.01,2.01,1.99,1.96,1.96,1.95,1.95,1.96,1.96,1.95,1.95,1.97,1.98,1.99,1.98,2.01,2.06,
花蓮,2024/03/28 00:00:00,CO,0.26,0.25,0.25,0.25,0.24,0.24,0.26,0.27,0.27,0.26,0.24,0.24,0.23,0.24,0.24,0.24,0.25,0.25,0.28,0.34,0.33,0.33,0.39,0.38,
花蓮,2024/03/28 00:00:00,NMHC,0,0,0,0,0,0,0.01,0.01,0.01,0.01,0,0,0,0,0,0.01,0,0,0.01,0.04,0.05,0.07,0.11,0.15,
花蓮,2024/03/28 00:00:00,NO,0.2,0.6,0.3,0.3,0.1,0.2,0.4,1.1,1.4,1.8,1,0.5,0.4,1,1.5,1.6,0.6,0.5,0.3,0.5,0.4,0.4,0.7,0.5,
花蓮,2024/03/28 00:00:00,NO2,2,1.7,1.2,1.3,1.3,1.3,1.7,2.1,2.6,4.4,2.5,1.4,1.1,4.8,7.7,7,2.6,3.7,11,7.4,6.7,6.6,8.6,11.2,
花蓮,2024/03/28 00:00:00,NOx,2.3,2.3,1.6,1.7,1.5,1.6,2.1,3.3,4,6.2,3.5,1.9,1.6,5.8,9.3,8.7,3.3,4.2,11.4,7.9,7.2,7.1,9.4,11.7,
花蓮,2024/03/28 00:00:00,O3,32.5,33,33.3,29.4,28.4,24.9,20.7,20.3,22.9,30.6,42.9,43.9,44.5,40.6,38.1,38.9,42.9,39.3,33.3,37.8,34.5,25.3,15.6,11.2,
花蓮,2024/03/28 00:00:00,PM10,10,9,5,9,5,8,8,10,12,22,19,16,10,18,19,25,7,13,24,20,24,21,15,21,
花蓮,2024/03/28 00:00:00,PM2.5,8,7,6,10,7,8,6,11,7,5,11,8,10,8,8,7,9,7,16,14,11,13,13,13,
花蓮,2024/03/28 00:00:00,RAINFALL,0,0,0,0,0,0,0,0,0,0,0,0,0,0,0,0,0,0,0,0,0,0,0,0,
花蓮,2024/03/28 00:00:00,RH,99,98,96,98,97,96,94,86,76,66,70,80,83,84,85,85,87,89,90,92,90,88,88,89,
花蓮,2024/03/28 00:00:00,SO2,0.8,0.4,0.5,0.5,0.7,0.6,0.6,0.7,0.6,2.4,1,0.4,0.2,0.5,1,1,0.5,0.7,1,0.8,0.7,0.6,0.7,0.6,
花蓮,2024/03/28 00:00:00,THC,2.13,2.08,2.02,2.05,2.03,2.03,2.04,2.02,2.02,2,1.96,1.95,1.94,1.95,1.95,1.97,1.94,1.95,1.98,2.02,2.04,2.05,2.12,2.21,
花蓮,2024/03/28 00:00:00,WD_HR,210,207,207,197,207,209,206,207,211,164,121,111,100,93,95,99,108,89,89,8,322,298,275,208,
花蓮,2024/03/28 00:00:00,WIND_DIREC,202,210,201,198,207,210,211,199,206,123,127,102,95,89,96,110,87,91,83,311,341,265,354,195,
花蓮,2024/03/28 00:00:00,WIND_SPEED,2.4,3.9,2.6,3.1,4.1,3.3,3.3,2.7,2.8,1.4,2.5,3,3.2,2.5,2.9,2.3,1.9,1.8,1.3,1,1.1,0.3,0.3,0.2,
花蓮,2024/03/28 00:00:00,WS_HR,2,2.7,3.1,2.8,3.3,2.9,2.8,3.1,2.8,1.1,2.1,2.2,2.7,2.1,2.4,2.2,2,1.6,1.3,0.6,1,0.8,0.2,0.1,
花蓮,2024/03/29 00:00:00,AMB_TEMP,23.7,23.3,23.3,22.6,22.7,22.7,23,23.5,24.5,23.7,23,22.6,22.1,22,21.6,22.5,22.6,22.1,22,22,21.7,21.6,21.7,21.6,
花蓮,2024/03/29 00:00:00,CH4,2.06,2.06,2.01,2,2.03,2.02,1.98,2.01,2.01,2,2.01,2.02,2.03,2.03,2.02,2.03,2.04,2.04,2.04,2.05,2.05,2.07,2.09,2.07,
花蓮,2024/03/29 00:00:00,CO,0.31,0.25,0.23,0.2,0.21,0.22,0.25,0.28,0.31,0.37,0.39,0.42,0.42,0.41,0.42,0.44,0.47,0.48,0.53,0.47,0.41,0.39,0.4,0.37,
花蓮,2024/03/29 00:00:00,NMHC,0.09,0.03,0.02,0.02,0,0,0.02,0.03,0.03,0.03,0.05,0.05,0.06,0.04,0.05,0.06,0.07,0.08,0.09,0.08,0.05,0.04,0.03,0.03,
花蓮,2024/03/29 00:00:00,NO,0.4,0.4,0.3,0.1,0.1,0.2,0.5,1.1,1.8,0.8,0.7,0.6,0.4,0.5,0.6,0.4,0.5,0.5,0.4,0.2,0.3,0.3,0.4,0.3,
花蓮,2024/03/29 00:00:00,NO2,8.6,4.7,3.8,3,2,2.4,4.2,4.6,7.3,6.4,7.5,7.4,7.2,6.8,6.7,7.3,9.2,9.4,10.7,9.1,5.9,4.7,4,3.5,
花蓮,2024/03/29 00:00:00,NOx,9,5.1,4.1,3.1,2.2,2.7,4.7,5.7,9.1,7.3,8.2,8.1,7.6,7.3,7.3,7.7,9.8,9.9,11.2,9.4,6.3,5,4.4,3.9,
花蓮,2024/03/29 00:00:00,O3,14.6,16.6,17.8,14.8,16.4,15.5,14.1,12.7,20.3,47,50.6,56.2,56.3,57.6,58.7,58.1,57.2,57.6,54.1,46.7,44.4,44.3,44.4,41,
花蓮,2024/03/29 00:00:00,PM10,22,15,18,15,13,12,17,17,28,39,38,38,25,30,26,33,30,30,29,29,21,17,23,17,
花蓮,2024/03/29 00:00:00,PM2.5,11,14,10,14,11,9,13,12,16,28,26,25,21,22,16,21,16,18,16,19,21,20,18,12,
花蓮,2024/03/29 00:00:00,RAINFALL,0,0,0,0,0,0,0,0,0,0,0,0,0,0,0,0,0,0,0,0,0,0,0,0,
花蓮,2024/03/29 00:00:00,RH,92,93,92,92,95,95,88,88,87,93,94,91,91,91,96,89,88,92,92,94,97,97,97,97,
花蓮,2024/03/29 00:00:00,SO2,0.6,0.3,0.4,0.3,0.3,0.3,0.4,0.5,0.7,0.7,0.6,0.7,0.6,0.6,0.5,0.4,0.5,0.5,0.5,0.5,0.4,0.4,0.5,0.5,
花蓮,2024/03/29 00:00:00,THC,2.15,2.09,2.03,2.02,2.03,2.02,2,2.04,2.04,2.03,2.06,2.07,2.09,2.07,2.07,2.09,2.11,2.12,2.13,2.13,2.1,2.11,2.12,2.1,
花蓮,2024/03/29 00:00:00,WD_HR,236,230,266,222,220,222,234,218,110,63,33,26,351,26,328,345,358,342,276,220,217,214,216,220,
花蓮,2024/03/29 00:00:00,WIND_DIREC,218,233,242,226,219,229,220,207,76,53,48,1,347,39,326,353,340,320,230,220,222,210,226,221,
花蓮,2024/03/29 00:00:00,WIND_SPEED,0.8,0.7,0.4,1.8,1.3,1.8,0.5,1.6,3,1.9,2.6,2.8,2.7,1.4,1.9,1.5,1.4,1.3,1.4,1.6,2.1,2.5,1.9,1.8,
花蓮,2024/03/29 00:00:00,WS_HR,0.5,0.6,0.5,1.2,1.6,1.8,1,1.5,0.8,2.2,1.8,1.8,2.4,1.1,1.3,0.9,0.8,1.1,1.1,1.4,2,2.1,1.9,2.2,
花蓮,2024/03/30 00:00:00,AMB_TEMP,21.4,21.3,21.4,21.4,21.6,21.7,21.7,22.3,22.9,24.2,24.7,26.2,26.7,26.8,26.8,26.8,26.1,25.7,25.3,25.1,24.9,24.5,23.6,22.9,
花蓮,2024/03/30 00:00:00,CH4,2.08,2.11,2.08,2.07,2.07,2.07,2.09,2.1,2.07,2.04,2.02,2.02,2.01,2,2,2,2,2,2.01,2.01,2.04,2.04,2.07,2.1,
花蓮,2024/03/30 00:00:00,CO,0.39,0.35,0.34,0.33,0.33,0.33,0.35,0.37,0.43,0.51,0.41,0.38,0.37,0.33,0.32,0.33,0.34,0.39,0.41,0.4,0.54,0.5,0.39,0.33,
花蓮,2024/03/30 00:00:00,NMHC,0.03,0.02,0.02,0.02,0.02,0.02,0.02,0.03,0.06,0.11,0.07,0.04,0.03,0.01,0,0,0,0.03,0.05,0.06,0.13,0.1,0.07,0.02,
花蓮,2024/03/30 00:00:00,NO,0.3,0.8,0.5,0.6,0.5,0.5,0.5,0.8,1.1,2.9,3.1,1.3,0.8,1.2,0.5,0.7,0.7,0.5,0.5,0.5,0.6,0.6,0.6,0.4,
花蓮,2024/03/30 00:00:00,NO2,3.1,2.5,2.2,1.9,2,2.2,2.5,3.4,5.6,10.6,8.6,5.7,4.8,4.7,2.6,2.4,2.3,4,6.2,6.8,12.6,9.8,6.8,3.6,
花蓮,2024/03/30 00:00:00,NOx,3.4,3.3,2.7,2.6,2.5,2.7,3.1,4.2,6.8,13.5,11.8,7,5.6,5.9,3.2,3.1,3,4.6,6.8,7.4,13.3,10.4,7.5,4,
花蓮,2024/03/30 00:00:00,O3,35.2,34,32.2,30.5,27.7,23,22.9,24.3,17.5,19,35.7,46.7,53,57.7,61.7,64.8,64.9,63.8,64.7,64.5,41.6,39.7,34.1,33.8,
花蓮,2024/03/30 00:00:00,PM10,16,10,15,10,10,12,10,10,12,14,15,17,18,11,12,12,17,20,29,26,32,32,21,22,
花蓮,2024/03/30 00:00:00,PM2.5,15,14,12,9,10,11,14,16,10,15,12,10,11,7,8,11,14,14,17,16,25,19,20,19,
花蓮,2024/03/30 00:00:00,RAINFALL,0,0,0,0,0,0,0,0,0,0,0,0,0,0,0,0,0,0,0,0,0,0,0,0,
花蓮,2024/03/30 00:00:00,RH,98,99,98,98,96,95,96,93,91,83,83,77,76,71,75,74,76,80,83,86,85,85,90,92,
花蓮,2024/03/30 00:00:00,SO2,0.4,0.5,0.4,0.5,0.5,0.4,0.5,0.5,0.5,0.6,0.6,0.8,0.8,0.9,0.9,0.7,0.8,0.8,1,0.8,0.9,0.9,0.8,0.8,
花蓮,2024/03/30 00:00:00,THC,2.11,2.13,2.1,2.09,2.09,2.09,2.11,2.13,2.13,2.15,2.09,2.06,2.04,2.01,2,2,2,2.03,2.06,2.07,2.17,2.14,2.14,2.12,
花蓮,2024/03/30 00:00:00,WD_HR,219,221,221,214,206,216,206,219,233,42,30,133,110,113,122,108,118,119,122,166,280,284,209,213,
花蓮,2024/03/30 00:00:00,WIND_DIREC,215,229,220,211,208,211,197,215,4,41,215,102,139,126,113,96,129,126,124,211,269,284,201,213,
花蓮,2024/03/30 00:00:00,WIND_SPEED,1.7,2,2,1.5,2,2.3,1.9,1.2,0.2,1.3,0.6,1.1,1.2,2,2.1,2.3,1.4,1,0.5,0.6,0.6,1,1.8,2.2,
花蓮,2024/03/30 00:00:00,WS_HR,1.6,1.9,2.3,1.9,2.1,2.1,2.1,1.9,0.4,0.3,0.3,0.6,1,2.2,1.9,1.7,1.5,0.9,0.5,0.3,0.6,0.9,1.3,1.6,
花蓮,2024/03/31 00:00:00,AMB_TEMP,22.8,22.1,21.9,22.1,22,21.3,21.7,22.9,23.7,25.7,27.2,27.3,26.9,26.6,26.3,26.6,26.1,25.6,25.1,25,25,25.2,24.7,24.7,
花蓮,2024/03/31 00:00:00,CH4,2.05,2.08,2.05,2.04,2.04,2.13,2.11,2.05,2.04,2.01,1.98,1.98,1.98,1.98,1.97,1.97,1.97,1.98,1.98,1.98,2,1.99,1.99,1.98,
花蓮,2024/03/31 00:00:00,CO,0.31,0.31,0.3,0.29,0.29,0.29,0.31,0.33,0.33,0.35,0.32,0.31,0.3,0.3,0.3,0.3,0.36,0.45,0.39,0.37,0.55,0.46,0.38,0.32,
花蓮,2024/03/31 00:00:00,NMHC,0.02,0.02,0,0.01,0.01,0.01,0.02,0.02,0.03,0.02,0.01,0,0,0,0,0,0.03,0.03,0.02,0.02,0.07,0.07,0.03,0.01,
花蓮,2024/03/31 00:00:00,NO,0.6,0.2,0.1,0.3,0,0.1,0.2,0.5,0.9,1.3,1.4,0.9,0.4,0.1,0.2,0.5,0.4,0.4,0.4,0.3,0.4,0.4,0.3,0.3,
花蓮,2024/03/31 00:00:00,NO2,2.7,3,2.7,2.3,2.3,2.2,2.8,3.2,3.8,4.1,5.6,4.2,2.8,2.4,2,2.8,5.5,8.9,8,6,13,11.4,6.6,5,
花蓮,2024/03/31 00:00:00,NOx,3.4,3.3,2.8,2.6,2.4,2.3,3,3.8,4.8,5.4,7.1,5.1,3.3,2.5,2.2,3.4,5.9,9.4,8.5,6.3,13.5,11.8,7,5.3,
花蓮,2024/03/31 00:00:00,O3,33.4,25.2,22.5,25.6,24.2,17.7,17.7,18.9,20.1,30.2,38.7,46.4,50.3,50.2,45.1,44.3,42.8,41.8,43.7,43.7,26.1,22.6,22.8,21.4,
花蓮,2024/03/31 00:00:00,PM10,21,20,16,18,18,19,15,20,21,21,27,23,19,19,20,22,23,25,29,23,33,32,25,22,
花蓮,2024/03/31 00:00:00,PM2.5,12,15,12,13,18,18,17,16,21,15,11,17,17,14,13,14,17,18,22,20,21,18,17,14,
花蓮,2024/03/31 00:00:00,RAINFALL,0,0,0,0,0,0,0,0,0,0,0,0,0,0,0,0,0,0,0,0,0,0,0,0,
花蓮,2024/03/31 00:00:00,RH,93,96,95,94,92,96,95,89,85,75,71,69,74,80,83,82,83,85,92,93,92,89,92,90,
花蓮,2024/03/31 00:00:00,SO2,0.7,0.4,0.3,0.4,0.4,0.4,0.5,0.4,0.4,0.8,0.6,0.6,0.6,0.9,0.4,0.4,0.8,1.1,0.8,0.5,0.7,0.6,0.5,0.5,
花蓮,2024/03/31 00:00:00,THC,2.07,2.1,2.05,2.05,2.05,2.14,2.13,2.07,2.07,2.03,1.99,1.98,1.98,1.98,1.97,1.97,2,2.01,2,2,2.07,2.06,2.02,1.99,
花蓮,2024/03/31 00:00:00,WD_HR,216,210,216,229,214,219,218,216,218,326,92,115,117,120,108,79,44,51,39,15,278,251,225,220,
花蓮,2024/03/31 00:00:00,WIND_DIREC,206,224,237,217,211,226,203,220,231,335,100,128,110,122,97,58,46,49,51,328,259,231,220,213,
花蓮,2024/03/31 00:00:00,WIND_SPEED,1.8,2.3,0.6,1.2,2.3,2,1.4,1.3,1.4,1.5,1.9,1.4,2.6,1.9,2.1,2.8,2.4,2.2,2.9,1.6,1.7,2.2,1.1,3.5,
花蓮,2024/03/31 00:00:00,WS_HR,1.8,2.2,1.7,1.2,1.5,2.1,2,1.4,1.4,0.5,1.3,1.3,2,1.5,1.3,1.8,1.7,1.5,2.2,1.5,1.1,1.5,1.9,2.2,
花蓮,2024/04/01 00:00:00,AMB_TEMP,24.5,24.9,24.7,24.9,22.4,22,21.8,21.8,21.7,23.4,26.2,26.4,26.5,26.4,26.4,26,25.4,25,24.8,24.7,24.7,24.5,23.7,23.2,
花蓮,2024/04/01 00:00:00,CH4,1.99,1.98,2.03,1.95,1.96,1.96,1.96,1.98,1.98,1.97,1.96,1.97,1.97,1.97,1.97,1.98,1.98,1.98,1.98,2,2.01,2.01,2.03,2.03,
花蓮,2024/04/01 00:00:00,CO,0.32,0.28,0.3,0.28,0.24,0.23,0.3,0.43,0.36,0.31,0.28,0.28,0.29,0.29,0.28,0.29,0.32,0.33,0.32,0.39,0.42,0.38,0.34,0.33,
花蓮,2024/04/01 00:00:00,NMHC,0,0,0.01,0,0,0,0.02,0.07,0.06,0.03,0.02,0.05,0.05,0.02,0.02,0.02,0.03,0.03,0.03,0.08,0.1,0.08,0.07,0.06,
花蓮,2024/04/01 00:00:00,NO,0.3,0.3,0.1,0.3,0.2,0.1,0.1,0.4,0.6,1.3,1,0.7,0.5,0.8,0.6,0.3,0.4,0.2,0.1,0.2,0.2,0.1,0.2,0.2,
花蓮,2024/04/01 00:00:00,NO2,3.7,2.1,3.9,6.6,2.4,2,5.2,11.1,9.5,7.4,5.3,6.3,6.4,7,5.8,6.4,6.7,7.1,4.8,7.1,9.6,8.3,7.1,6.4,
花蓮,2024/04/01 00:00:00,NOx,4,2.4,4,7,2.6,2.2,5.4,11.6,10.2,8.7,6.3,7,7,7.9,6.5,6.8,7.2,7.3,5,7.4,9.8,8.4,7.3,6.6,
花蓮,2024/04/01 00:00:00,O3,26.4,28.4,21.4,23.9,55.8,55.4,47.7,33.9,34.4,37,53.8,65.1,71.9,76.2,79.1,78.9,79.9,82,81.2,70.5,59.9,62,50.6,44.9,
花蓮,2024/04/01 00:00:00,PM10,15,16,25,20,20,20,20,24,19,21,21,28,32,30,30,39,37,41,34,38,37,42,36,36,
花蓮,2024/04/01 00:00:00,PM2.5,19,20,14,16,21,11,14,14,13,11,10,15,22,20,21,14,26,25,21,23,24,20,24,24,
花蓮,2024/04/01 00:00:00,RAINFALL,0,0,0,0,1,0.5,0.5,0,0,0,0,0,0,0,0,0,0,0,0,0,0,0,0,0,
花蓮,2024/04/01 00:00:00,RH,92,88,91,91,89,84,88,92,90,82,60,57,60,61,61,64,68,69,72,73,74,76,84,87,
花蓮,2024/04/01 00:00:00,SO2,0.6,0.6,1.7,0.7,0.6,0.5,0.7,0.8,0.8,0.7,0.7,1,1.3,1.5,1.2,1,1.1,1.2,1,0.9,0.9,1,0.9,0.8,
花蓮,2024/04/01 00:00:00,THC,1.98,1.97,2.04,1.95,1.96,1.96,1.98,2.05,2.04,2,1.98,2.02,2.02,1.99,1.99,2,2.01,2.01,2.01,2.08,2.11,2.09,2.1,2.09,
花蓮,2024/04/01 00:00:00,WD_HR,206,212,75,39,58,27,326,224,227,223,216,94,100,105,104,100,107,108,124,300,307,238,220,239,
花蓮,2024/04/01 00:00:00,WIND_DIREC,201,273,344,70,44,351,278,216,220,242,57,89,109,100,95,111,120,115,119,272,278,216,215,253,
花蓮,2024/04/01 00:00:00,WIND_SPEED,2.8,0.9,0.3,3.5,2.9,1.4,1,1.9,1.9,1.8,1.3,2.3,2.6,2.4,2.4,2.5,1.4,1,0.7,0.5,1.2,1.3,1.1,1.3,
花蓮,2024/04/01 00:00:00,WS_HR,3.3,2.2,0.4,0.8,2.7,1.2,0.9,1.1,1.5,1.9,0.2,2.1,2.5,2,2.4,2.1,1.5,1.3,0.6,0.4,0.7,1,1.1,0.9,
花蓮,2024/04/02 00:00:00,AMB_TEMP,22.5,22.2,22,21.4,21.2,21,21.1,22.8,25.5,27.5,27.6,27.8,27.8,27.8,27.1,27.7,27.1,26.9,26.5,26.5,26.6,26.3,26,25.3,
花蓮,2024/04/02 00:00:00,CH4,2.04,2.01,2.05,2.02,2,2.05,2.09,2.05,2.04,1.98,1.96,1.95,1.95,1.95,1.95,1.94,1.93,1.92,1.92,1.93,1.98,1.99,1.98,2.03,
花蓮,2024/04/02 00:00:00,CO,0.29,0.26,0.25,0.23,0.22,0.23,0.27,0.29,0.26,0.26,0.25,0.25,0.24,0.24,0.24,0.25,0.27,0.25,0.27,0.3,0.35,0.37,0.35,0.32,
花蓮,2024/04/02 00:00:00,NMHC,0.04,0.04,0.06,0.04,0.02,0.02,0.02,0.03,0.02,0.01,0,0.01,0.01,0,0,0,0.01,0.01,0.04,0.07,0.08,0.09,0.08,0.11,
花蓮,2024/04/02 00:00:00,NO,0.1,0,0.1,0,0,0.1,0.1,1,1.1,0.7,0.1,0,0,0.1,0.2,0.2,0.7,0.3,0.5,0.5,0.2,0,0.3,0.1,
花蓮,2024/04/02 00:00:00,NO2,4.7,4,4.1,4,2.8,2.9,3.8,4.4,4.1,4.6,2.9,2.5,2.4,2.1,2.2,2.6,4,4,5.1,6.6,8.7,9.3,8.5,8.8,
花蓮,2024/04/02 00:00:00,NOx,4.9,3.9,4.3,4.1,2.8,3,3.9,5.4,5.3,5.3,3.1,2.6,2.4,2.3,2.4,2.8,4.8,4.3,5.6,7.1,8.9,9.3,8.8,8.9,
花蓮,2024/04/02 00:00:00,O3,34.7,33.9,26.5,21.9,21.5,19.6,18.8,19.6,32.7,53.3,63.7,65.4,62.4,61.9,60.4,57.6,50.4,41.9,35.1,28.3,26.8,26.2,22.8,13.5,
花蓮,2024/04/02 00:00:00,PM10,29,25,23,24,13,21,21,18,21,29,21,23,19,24,33,34,35,26,31,30,31,35,26,21,
花蓮,2024/04/02 00:00:00,PM2.5,21,20,16,18,15,14,21,14,16,17,16,19,12,18,15,14,18,18,18,17,18,17,21,15,
花蓮,2024/04/02 00:00:00,RAINFALL,0,0,0,0,0,0,0,0,0,0,0,0,0,0,0,0,0,0,0,0,0,0,0,0,
花蓮,2024/04/02 00:00:00,RH,90,90,91,93,94,96,97,89,78,67,68,71,72,74,79,79,81,85,89,89,88,88,87,89,
花蓮,2024/04/02 00:00:00,SO2,0.9,0.9,0.8,0.9,0.8,0.9,0.9,0.8,0.9,4.1,0.9,0.8,0.6,0.6,0.5,0.8,0.9,0.7,0.8,0.8,0.9,0.9,0.8,0.7,
花蓮,2024/04/02 00:00:00,THC,2.08,2.05,2.11,2.06,2.02,2.07,2.11,2.08,2.06,1.99,1.96,1.96,1.96,1.94,1.94,1.94,1.94,1.93,1.96,2,2.06,2.08,2.06,2.14,
花蓮,2024/04/02 00:00:00,WD_HR,229,233,248,224,225,222,224,218,199,157,130,121,136,141,146,152,155,158,159,149,270,307,281,171,
花蓮,2024/04/02 00:00:00,WIND_DIREC,220,266,249,230,225,215,231,200,194,129,114,139,132,143,143,138,163,162,170,56,286,268,288,70,
花蓮,2024/04/02 00:00:00,WIND_SPEED,1.2,1.1,0.7,1,1.7,1.9,2.5,1.5,1.6,1.9,2,2.9,2.8,3.1,2.3,2.1,1.8,1.4,0.7,0.2,1,0.5,0.5,0.2,
花蓮,2024/04/02 00:00:00,WS_HR,1.2,1.1,0.6,1,1.3,1.7,1.9,1.8,1.5,1,1.9,2,2.1,2.3,1.9,1.7,1.7,1.1,0.7,0.3,0.1,0.8,0.3,0.1,
花蓮,2024/04/03 00:00:00,AMB_TEMP,24.9,24.4,23.7,23.2,23,23,23.6,NA,NA,NA,#,29.4,29.3,29.3,29,28.6,28.3,27.6,26.7,26.5,26.5,26.7,26.7,26.7,
花蓮,2024/04/03 00:00:00,CH4,2,2,1.99,1.97,1.95,1.93,1.93,NA,NA,NA,#,x,x,x,x,x,x,x,x,x,x,x,x,x,
花蓮,2024/04/03 00:00:00,CO,0.26,0.24,0.16,0.15,0.14,0.15,0.18,NA,NA,NA,#,0.16,0.15,0.15,0.15,0.16,0.19,0.2,0.22,0.22,0.19,0.18,0.17,0.16,
花蓮,2024/04/03 00:00:00,NMHC,0.09,0.06,0.04,0.04,0.01,0.02,0.02,NA,NA,NA,#,x,x,x,x,x,x,x,x,x,x,x,x,x,
花蓮,2024/04/03 00:00:00,NO,0.2,0.7,0.5,0.4,0.4,0.4,0.9,NA,NA,NA,#,0.8,0.7,0.9,0.8,1,0.8,0.6,0.3,0.4,0.5,0.4,0.4,0.6,
花蓮,2024/04/03 00:00:00,NO2,6.8,5.1,3.9,3.8,2.5,3.1,3.6,NA,NA,NA,#,2,1.7,2.2,2.4,3,2,2.4,2.8,3.3,3,2.6,2.8,2.4,
花蓮,2024/04/03 00:00:00,NOx,7.1,5.9,4.4,4.2,3,3.5,4.5,NA,NA,NA,#,2.8,2.4,3.1,3.2,4.1,2.9,3,3.1,3.8,3.5,3.1,3.2,3,
花蓮,2024/04/03 00:00:00,O3,14.8,14.5,12.5,11.4,13.4,13.5,12.6,NA,NA,NA,#,30.9,32.5,32.3,33.3,31.1,33.4,33.9,34.9,36.6,36.3,33.6,30.7,28.9,
花蓮,2024/04/03 00:00:00,PM10,22,26,15,11,10,8,13,NA,NA,NA,#,#,26,30,39,42,51,47,38,44,48,61,62,82,
花蓮,2024/04/03 00:00:00,PM2.5,11,11,14,12,8,12,13,NA,NA,NA,#,#,11,18,21,29,24,28,27,32,32,39,35,33,
花蓮,2024/04/03 00:00:00,RAINFALL,0,0,0,0,0,0,0,NA,NA,NA,#,0,0,0,0,0,0,0,0,0,0,0,0,0,
花蓮,2024/04/03 00:00:00,RH,89,90,87,86,81,81,77,NA,NA,NA,#,76,78,79,81,84,84,88,94,95,94,94,93,91,
花蓮,2024/04/03 00:00:00,SO2,0.7,0.5,0.4,0.4,0.5,0.4,0.4,NA,NA,NA,#,0.9,0.8,0.8,0.9,1,0.8,0.8,1,1.1,1.1,1.2,1,1,
花蓮,2024/04/03 00:00:00,THC,2.09,2.06,2.03,2.01,1.96,1.95,1.95,NA,NA,NA,#,x,x,x,x,x,x,x,x,x,x,x,x,x,
花蓮,2024/04/03 00:00:00,WD_HR,289,224,240,217,234,224,218,NA,NA,NA,#,89,91,93,101,81,31,22,49,44,44,40,44,49,
花蓮,2024/04/03 00:00:00,WIND_DIREC,272,202,222,229,212,226,218,NA,NA,NA,87,88,85,93,108,46,14,48,57,40,47,50,37,52,
花蓮,2024/04/03 00:00:00,WIND_SPEED,0.6,0.8,0.5,1.5,1,1.3,1.4,NA,NA,NA,3.5,3.7,3.8,2.8,3,2.3,2.4,2.2,1.9,2.3,2.5,1.9,1.6,2.4,
花蓮,2024/04/03 00:00:00,WS_HR,0.6,0.5,0.5,1,1.1,1.3,1.3,NA,NA,NA,#,3,3.5,2.8,2.7,2.1,1.9,1.8,1.8,1.8,1.9,1.4,1.1,1.7,
花蓮,2024/04/04 00:00:00,AMB_TEMP,26.7,26.3,26.1,25.8,25.6,26.1,26,26.5,28.3,29.7,30.1,30,30.4,30.1,29.3,28.1,27.5,26.7,26.3,26,26.1,26.2,26.1,25.9,
花蓮,2024/04/04 00:00:00,CH4,x,x,1.91,1.92,1.95,1.95,1.96,1.95,1.92,1.9,1.89,1.9,1.89,1.88,1.88,1.88,1.88,1.89,1.91,1.92,1.93,1.93,1.95,1.96,
花蓮,2024/04/04 00:00:00,CO,0.16,0.15,0.15,0.16,0.17,0.18,0.25,0.25,0.22,0.2,0.18,0.19,0.18,0.16,0.16,0.16,0.18,0.2,0.23,0.25,0.28,0.27,0.24,0.23,
花蓮,2024/04/04 00:00:00,NMHC,x,x,0,0.01,0.05,0.02,0.08,0.06,0.03,0.01,0,0,0,0,0,0,0,0,0.01,0.01,0.04,0.04,0.02,0.01,
花蓮,2024/04/04 00:00:00,NO,0.6,0.2,0.4,0.5,0.3,0.4,0.7,1.4,1.3,1.2,1.2,0.8,0.9,0.6,0.8,0.8,0.8,0.7,0.3,0.2,0.5,0.5,0.5,0.4,
花蓮,2024/04/04 00:00:00,NO2,2.1,1.3,1,1.9,3.2,4.7,5.7,5.5,4,3.2,2.7,2.7,2.7,2.1,1.8,2.1,2.7,3.1,3.5,3.6,4.4,5.1,4.5,4.3,
花蓮,2024/04/04 00:00:00,NOx,2.8,1.5,1.4,2.4,3.6,5.2,6.5,6.9,5.3,4.5,4,3.5,3.7,2.8,2.6,3,3.5,3.8,3.8,3.9,5,5.6,5.1,4.7,
花蓮,2024/04/04 00:00:00,O3,30.9,38.1,36.4,25.1,20.4,21.1,18.4,18.2,24.4,28.8,31.9,35.8,36.3,35.3,35.5,34.8,34.8,36.3,40.1,40,35.1,31.7,28.8,25.4,
花蓮,2024/04/04 00:00:00,PM10,135,44,42,83,83,108,95,74,#,43,34,29,37,33,27,35,37,34,31,37,35,38,38,35,
花蓮,2024/04/04 00:00:00,PM2.5,35,26,29,32,32,33,33,28,30,#,23,27,22,26,29,25,26,28,26,25,26,24,29,27,
花蓮,2024/04/04 00:00:00,RAINFALL,0,0,0,0,0,0,0,0,0,0,0,0,0,0,0,0,0,0,0,0,0,0,0,0,
花蓮,2024/04/04 00:00:00,RH,89,96,97,89,89,84,83,76,72,71,71,71,70,74,76,84,88,91,91,90,92,91,92,94,
花蓮,2024/04/04 00:00:00,SO2,1,0.7,0.6,0.3,0.3,0.3,0.3,0.3,0.3,0.1,0.2,0.4,0.4,0.3,0.1,0.2,0.2,0.2,0.4,0.2,0.3,0.3,0.3,0.3,
花蓮,2024/04/04 00:00:00,THC,x,x,1.88,1.93,2,1.97,2.04,2.01,1.95,1.91,1.89,1.9,1.88,1.86,1.86,1.86,1.87,1.89,1.92,1.93,1.97,1.97,1.97,1.97,
花蓮,2024/04/04 00:00:00,WD_HR,49,65,15,278,310,334,266,218,140,44,73,56,46,62,53,59,59,51,43,44,314,301,101,165,
花蓮,2024/04/04 00:00:00,WIND_DIREC,55,43,321,265,348,303,232,223,65,44,77,66,44,66,64,71,47,38,56,43,301,321,155,159,
花蓮,2024/04/04 00:00:00,WIND_SPEED,3.3,1.7,1,0.8,1.1,1,0.7,2,1.6,2.6,4,3.6,3,2.7,3.3,3.1,2.4,2.3,1.9,1,0.6,0.4,0.2,0.2,
花蓮,2024/04/04 00:00:00,WS_HR,2.1,2.3,1,0.6,0.8,1,0.8,1.5,0.3,1.6,3,2.7,2.1,2.3,2.6,2.7,2.3,2.1,1.5,1.3,0.7,0.3,0.1,0.3,
花蓮,2024/04/05 00:00:00,AMB_TEMP,26.1,25.1,23.8,23.7,23.8,23.8,23.9,24.3,24.2,24.5,23.7,23.3,23,23.5,23.2,23,22.7,22.3,22.3,22.3,22.2,22.4,22.2,21.9,
花蓮,2024/04/05 00:00:00,CH4,1.95,1.98,1.98,1.97,1.98,2.01,1.99,1.99,1.97,1.96,1.96,1.96,1.96,1.96,1.96,1.96,1.97,1.97,1.98,1.98,1.97,1.98,1.98,1.99,
花蓮,2024/04/05 00:00:00,CO,0.23,0.23,0.25,0.25,0.25,0.26,0.26,0.28,0.27,0.27,0.28,0.29,0.28,0.26,0.26,0.25,0.31,0.33,0.33,0.33,0.3,0.31,0.27,0.26,
花蓮,2024/04/05 00:00:00,NMHC,0.02,0.01,0,0.01,0,0.02,0,0.01,0,0,0,0.01,0.01,0.01,0,0,0.03,0.04,0.03,0.04,0.06,0.04,0.03,0.01,
花蓮,2024/04/05 00:00:00,NO,0.1,1.6,1.1,1.3,1.3,1.1,1.3,1.4,1.5,1.4,1.4,1.4,1.8,1.7,1.5,1.4,1.2,1.4,1.3,1.3,1.2,1.3,1.6,1.4,
花蓮,2024/04/05 00:00:00,NO2,4.7,2.5,1.9,1.9,1.8,2.3,2.3,3,3.2,3.2,3.4,3.6,5.7,4,3.6,3.3,5.7,7,7.3,6.4,5.6,5.3,4.4,3.3,
花蓮,2024/04/05 00:00:00,NOx,4.9,4.1,3.1,3.2,3.2,3.4,3.6,4.4,4.7,4.6,4.9,5.1,7.5,5.7,5.2,4.8,7,8.4,8.7,7.8,6.8,6.6,6,4.8,
花蓮,2024/04/05 00:00:00,O3,25.4,35,46.6,45.8,45.6,41.3,38.3,35.4,44.5,45.5,45.1,42.9,41,44.8,46.1,46.9,41.9,41.5,40.7,39.9,41.8,39.8,39.9,42.7,
花蓮,2024/04/05 00:00:00,PM10,33,32,15,15,18,17,22,27,31,36,31,20,18,14,18,20,15,15,7,15,12,7,7,8,
花蓮,2024/04/05 00:00:00,PM2.5,23,19,7,9,8,8,14,12,16,15,15,17,11,12,10,12,10,9,16,11,11,9,11,8,
花蓮,2024/04/05 00:00:00,RAINFALL,0,0,0,0,0,0,0,0,0,0,0,0,0,0,0,0,0,0,0,0.5,0,0.5,1,0,
花蓮,2024/04/05 00:00:00,RH,92,95,96,95,94,95,96,93,92,89,92,96,98,93,92,93,97,100,100,100,100,100,100,100,
花蓮,2024/04/05 00:00:00,SO2,0.4,0.5,0.3,0.5,0.7,0.6,0.6,0.5,0.5,0.6,0.6,0.5,0.7,0.6,0.6,0.6,0.6,0.6,0.7,0.7,0.7,0.6,0.7,0.6,
花蓮,2024/04/05 00:00:00,THC,1.97,1.99,1.97,1.98,1.98,2.03,1.99,2,1.97,1.96,1.96,1.97,1.97,1.97,1.96,1.96,2,2.01,2.01,2.02,2.03,2.02,2.01,2,
花蓮,2024/04/05 00:00:00,WD_HR,168,72,53,52,50,214,216,23,42,44,42,44,50,49,44,38,337,15,12,338,306,300,312,337,
花蓮,2024/04/05 00:00:00,WIND_DIREC,159,60,41,68,198,175,73,50,33,30,39,53,47,39,47,27,345,18,26,333,318,312,350,355,
花蓮,2024/04/05 00:00:00,WIND_SPEED,0.3,2.6,1.9,1,0.3,0.7,0.3,1.5,2.7,2.4,2.9,2.1,2.2,1.7,1.9,1.5,1,1.1,1,1.2,0.3,0.7,0.4,0.6,
花蓮,2024/04/05 00:00:00,WS_HR,0.1,2,1.6,0.9,0.2,0.9,0.8,0.4,1.7,1.7,1.9,1.7,1.8,1.5,1.7,1.3,1.2,1,0.8,0.9,0.5,0.6,0.6,0.6,
花蓮,2024/04/06 00:00:00,AMB_TEMP,21.9,22.1,22.2,22.2,22.2,22.2,22.4,22.8,23.3,23.8,25.7,25.6,24.5,24.3,23.7,23.3,23.5,24,24.1,23.6,23.7,23.7,23.5,23.2,
花蓮,2024/04/06 00:00:00,CH4,1.97,1.97,1.98,1.98,2,1.99,2.03,2.02,1.97,1.98,1.97,1.96,1.96,1.96,1.96,1.96,1.97,1.97,1.98,1.98,2,2,2.02,2.02,
花蓮,2024/04/06 00:00:00,CO,0.24,0.23,0.23,0.23,0.23,0.24,0.28,0.34,0.33,0.33,0.29,0.27,0.29,0.28,0.29,0.3,0.33,0.35,0.39,0.37,0.42,0.41,0.33,0.29,
花蓮,2024/04/06 00:00:00,NMHC,0.01,0,0,0.01,0,0.02,0.03,0.06,0.04,0.02,0.01,0,0,0.01,0.02,0.04,0.05,0.06,0.07,0.09,0.13,0.12,0.07,0.04,
花蓮,2024/04/06 00:00:00,NO,1.4,0.6,0.8,0.7,0.6,0.7,0.8,1,1,1.1,1.4,1.3,1,0.9,0.9,0.9,1,1,0.9,0.7,0.6,0.8,0.8,1,
花蓮,2024/04/06 00:00:00,NO2,2.5,1.9,1.9,2.1,1.7,2.4,3.9,5.9,6.5,5.2,5.6,4.7,4.2,3.7,4.7,6.4,7.1,7.4,9.3,8.4,8.6,10,8,5.5,
花蓮,2024/04/06 00:00:00,NOx,3.9,2.6,2.7,2.9,2.4,3.1,4.7,7,7.5,6.4,7.1,6,5.2,4.6,5.6,7.4,8.2,8.5,10.2,9.1,9.3,10.9,8.9,6.5,
花蓮,2024/04/06 00:00:00,O3,47.5,48.2,46.8,45.8,46.2,39,31.5,25.8,38.1,45,48.4,51.6,52.4,50,47,43.3,41.6,39.8,36.2,36.1,32,24.1,19.1,16.7,
花蓮,2024/04/06 00:00:00,PM10,7,9,11,15,9,16,7,13,13,24,27,22,16,22,15,10,7,11,16,8,7,14,11,9,
花蓮,2024/04/06 00:00:00,PM2.5,10,12,12,7,15,14,13,11,13,16,16,16,14,14,11,11,12,12,10,7,9,11,15,12,
花蓮,2024/04/06 00:00:00,RAINFALL,0.5,0.5,0,0,0,0,0,0,0,0,0,0,0,0,0.5,0.5,0,0,0,0.5,0,0,0,0,
花蓮,2024/04/06 00:00:00,RH,100,100,100,100,100,100,100,100,97,95,88,87,93,95,98,100,99,97,96,99,99,99,100,100,
花蓮,2024/04/06 00:00:00,SO2,0.6,0.2,0.3,0.2,0.2,0.4,0.3,0.4,0.4,0.4,0.5,0.7,0.7,0.5,0.4,0.4,0.4,0.4,0.4,0.3,0.4,0.4,0.4,0.3,
花蓮,2024/04/06 00:00:00,THC,1.98,1.97,1.98,1.99,2,2.01,2.06,2.08,2.01,2,1.98,1.96,1.96,1.97,1.98,2,2.02,2.03,2.05,2.07,2.13,2.12,2.09,2.06,
花蓮,2024/04/06 00:00:00,WD_HR,335,331,359,355,313,251,249,256,334,338,97,92,51,42,22,8,343,8,0,317,285,267,229,251,
花蓮,2024/04/06 00:00:00,WIND_DIREC,349,340,320,78,269,236,259,293,3,121,96,80,51,48,21,343,51,330,343,291,337,262,251,242,
花蓮,2024/04/06 00:00:00,WIND_SPEED,0.5,0.2,0.5,0.3,0.2,0.2,0.4,0.2,0.2,0.2,2.2,3.1,2.2,1.9,1.5,1.2,0.8,0.9,0.9,0.5,0.2,0.3,0.5,0.6,
花蓮,2024/04/06 00:00:00,WS_HR,0.4,0.3,0.3,0.1,0.2,0.2,0.2,0.2,0.3,0.1,1.4,2.4,1.8,1.6,1.2,1.1,0.8,0.6,0.6,0.3,0.4,0.5,0.8,0.5,
花蓮,2024/04/07 00:00:00,AMB_TEMP,23.1,23.1,22.9,23,22.8,22.5,22.6,22.8,23.3,23.8,25.6,26.7,26.9,26.9,27,26.5,26.3,25.5,25,24.9,24.8,24.6,24.5,24.1,
花蓮,2024/04/07 00:00:00,CH4,2.03,2.03,2.02,2.02,2,1.97,1.99,1.98,2.02,1.98,1.96,1.94,1.92,1.9,1.9,1.9,1.91,1.91,1.91,1.92,1.94,1.95,1.97,1.97,
花蓮,2024/04/07 00:00:00,CO,0.27,0.24,0.22,0.22,0.2,0.18,0.24,0.25,0.24,0.25,0.24,0.23,0.22,0.2,0.2,0.2,0.21,0.23,0.24,0.24,0.3,0.28,0.29,0.22,
花蓮,2024/04/07 00:00:00,NMHC,0.02,0.03,0.01,0,0,0,0.03,0.03,0.01,0.02,0.01,0,0,0,0,0,0,0,0.01,0.01,0.05,0.08,0.07,0.02,
花蓮,2024/04/07 00:00:00,NO,0.8,0.9,1,1,0.7,0.9,1.8,1.5,1.4,1.3,1.4,1.4,1.1,0.9,1,1,1,0.9,1.1,1.1,0.8,0.9,0.9,0.9,
花蓮,2024/04/07 00:00:00,NO2,3.7,3.4,2.6,2.4,2.4,2.1,4.1,4.1,2.9,2.9,2.8,3.4,3.1,2.2,2.4,2.2,2.7,3.5,3.9,4.3,7.1,7.1,7.1,5.2,
花蓮,2024/04/07 00:00:00,NOx,4.5,4.3,3.6,3.4,3.2,3.1,6,5.6,4.4,4.3,4.2,4.9,4.2,3.2,3.4,3.3,3.8,4.5,5.1,5.4,7.9,8,8,6.2,
花蓮,2024/04/07 00:00:00,O3,17.8,18.7,17.9,19,12.6,8.4,8.3,10,14.2,16.1,22.7,31.7,44.6,47.4,46,45.8,43.9,43.5,40.7,40,28.5,23.4,20.7,18.7,
花蓮,2024/04/07 00:00:00,PM10,15,14,15,9,8,9,9,7,10,14,9,8,6,7,10,8,6,2,3,7,9,10,11,9,
花蓮,2024/04/07 00:00:00,PM2.5,7,9,7,10,6,7,8,10,9,7,8,8,7,5,7,6,6,5,7,6,5,5,6,8,
花蓮,2024/04/07 00:00:00,RAINFALL,0,0,0,0,0,1.5,0,1,0,0,0,0,0,0,0,0,0,0,0,0,0,0,0,0,
花蓮,2024/04/07 00:00:00,RH,100,100,100,100,100,100,100,99,100,98,89,85,83,84,83,86,87,92,94,94,94,95,95,97,
花蓮,2024/04/07 00:00:00,SO2,0.3,0.7,0.7,0.6,0.6,0.6,0.6,0.7,0.7,0.7,0.6,0.8,0.6,0.5,0.5,0.5,0.6,0.7,0.8,0.8,0.7,0.8,0.7,0.7,
花蓮,2024/04/07 00:00:00,THC,2.05,2.06,2.03,2.02,2,1.97,2.02,2.01,2.03,2,1.97,1.93,1.91,1.89,1.89,1.88,1.9,1.91,1.92,1.93,1.99,2.03,2.04,1.99,
花蓮,2024/04/07 00:00:00,WD_HR,237,230,222,229,221,221,253,215,216,218,149,97,73,46,49,60,71,55,45,47,282,237,268,236,
花蓮,2024/04/07 00:00:00,WIND_DIREC,266,248,235,220,227,228,214,208,224,237,158,94,68,46,49,62,71,56,44,49,275,237,270,261,
花蓮,2024/04/07 00:00:00,WIND_SPEED,0.3,0.3,0.5,0.5,0.4,1.6,1.1,1.4,1.2,0.7,0.8,2.1,3.6,3,2.6,2.4,3.3,2.3,1.3,1.1,0.9,1,0.5,0.6,
花蓮,2024/04/07 00:00:00,WS_HR,0.7,0.6,0.7,0.7,0.6,1.4,0.7,1.3,1.5,0.5,0.3,1.8,2.6,2.4,2.2,2,2.3,2.1,1.3,1,1,0.9,0.5,0.8,
花蓮,2024/04/08 00:00:00,AMB_TEMP,23.9,23.8,23.6,23.5,23.5,23.5,23.7,24.5,26.6,27.4,27.8,27.6,27.7,28.1,27,26.6,26.4,25.9,25.4,25.1,25,24.7,24.1,22.9,
花蓮,2024/04/08 00:00:00,CH4,1.97,1.98,1.97,1.99,1.98,1.94,1.94,1.98,1.94,1.92,1.91,1.92,1.92,1.92,1.91,1.91,1.92,1.92,1.93,1.94,1.95,1.96,1.96,1.95,
花蓮,2024/04/08 00:00:00,CO,0.22,0.18,0.17,0.17,0.16,0.16,0.19,0.27,0.23,0.21,0.2,0.2,0.21,0.2,0.19,0.21,0.23,0.25,0.24,0.23,0.24,0.23,0.22,0.2,
花蓮,2024/04/08 00:00:00,NMHC,0.02,0,0,0,0,0.01,0.01,0.03,0.02,0.01,0,0,0,0,0,0,0,0.01,0.01,0,0,0,0,0,
花蓮,2024/04/08 00:00:00,NO,0.9,0,0,0,0,0,0.3,1,1.5,0.9,1.3,0.5,0.5,0.4,0.2,0.2,0.4,0,0,0,0,0,0,0.1,
花蓮,2024/04/08 00:00:00,NO2,4.3,2.8,2.8,2.1,1.9,2.5,3,4.4,4.2,4.8,4.8,4.4,3.3,2.8,3.1,3.6,4.5,5,5.1,7.5,4.7,3.6,3,2.3,
花蓮,2024/04/08 00:00:00,NOx,5.3,2.8,2.7,2,1.8,2.4,3.4,5.5,5.7,5.8,6.2,4.9,3.8,3.2,3.4,3.9,5,5.1,5,7.4,4.6,3.4,3,2.4,
花蓮,2024/04/08 00:00:00,O3,16,18.6,15.7,18.8,17.1,9.6,10.9,10.2,21.3,29.8,36.1,41.5,43.5,43.9,44.4,43.8,43.8,44,46.5,45.3,46.4,46.4,42.5,43.5,
花蓮,2024/04/08 00:00:00,PM10,16,9,7,7,6,10,11,12,14,13,19,18,11,12,17,18,9,11,14,23,21,18,13,13,
花蓮,2024/04/08 00:00:00,PM2.5,6,5,6,6,7,6,8,8,6,11,11,10,7,8,10,9,10,11,11,10,9,10,8,8,
花蓮,2024/04/08 00:00:00,RAINFALL,0,0,0,0,0,0,0,0,0,0,0,0,0,0,0,0,0,0,0,0,0,0,0,0,
花蓮,2024/04/08 00:00:00,RH,98,98,98,99,98,94,92,91,83,81,82,84,80,79,84,86,87,90,92,94,94,94,95,96,
花蓮,2024/04/08 00:00:00,SO2,0.7,0.2,0.3,0.4,0.4,0.3,0.3,0.4,0.4,0.6,0.6,1,0.6,0.3,0.3,0.4,0.7,0.7,0.7,0.8,0.6,0.5,0.6,0.5,
花蓮,2024/04/08 00:00:00,THC,1.99,1.98,1.97,1.98,1.98,1.95,1.95,2.01,1.96,1.93,1.9,1.91,1.92,1.92,1.9,1.91,1.92,1.93,1.94,1.94,1.95,1.96,1.95,1.94,
花蓮,2024/04/08 00:00:00,WD_HR,224,233,235,218,226,230,227,221,201,93,89,84,67,72,71,63,69,71,78,82,73,69,65,49,
花蓮,2024/04/08 00:00:00,WIND_DIREC,213,212,222,225,233,225,234,230,196,82,89,77,79,50,72,36,66,71,83,87,68,62,48,54,
花蓮,2024/04/08 00:00:00,WIND_SPEED,1.2,0.4,1.8,1,1.6,1.7,1.9,2,0.9,2.5,3.3,2.9,2.4,3.1,2.8,1.9,2.3,2.5,2.9,2.2,2.8,3.1,3.3,2.8,
花蓮,2024/04/08 00:00:00,WS_HR,1.1,0.8,0.9,1.2,1.4,1,1.6,1.7,0.9,1.5,3,2.8,1.7,2.1,2.5,1.7,2.2,2.5,2.6,2.4,2.1,2.4,2.7,2.6,
花蓮,2024/04/09 00:00:00,AMB_TEMP,22.7,22.4,22.2,22.2,22.3,22,21.6,21.2,21,21,21.2,21.7,22.3,22.5,22.4,22.1,22.3,22.1,21.8,21.6,21.8,21.9,21.5,21.3,
花蓮,2024/04/09 00:00:00,CH4,1.96,1.97,1.97,1.97,1.98,1.98,1.98,1.97,1.97,1.98,1.97,1.97,1.96,1.96,1.96,1.97,1.98,1.98,1.97,1.98,1.98,1.99,1.99,2,
花蓮,2024/04/09 00:00:00,CO,0.2,0.24,0.24,0.24,0.25,0.25,0.25,0.31,0.31,0.34,0.3,0.29,0.26,0.25,0.25,0.26,0.27,0.28,0.27,0.26,0.26,0.27,0.27,0.25,
花蓮,2024/04/09 00:00:00,NMHC,0,0,0,0,0,0,0,0.02,0.02,0.04,0.03,0.03,0.02,0.01,0.01,0,0,0.01,0.01,0,0.01,0.02,0.02,0.02,
花蓮,2024/04/09 00:00:00,NO,0,1.1,1.3,1.4,1.3,1.1,1.2,1.2,1.4,1.7,1.8,2.1,1.5,1.4,1.6,1.5,1.5,1.2,1.3,1.5,1.2,1.1,1.2,1.1,
花蓮,2024/04/09 00:00:00,NO2,1.7,1.8,1.7,1.6,1.6,1.7,2.1,3.8,5.5,8.9,7.5,6.6,5,4.4,5.4,5.6,5.6,5.3,4.6,3.6,3.3,3.4,3.9,3.8,
花蓮,2024/04/09 00:00:00,NOx,1.7,2.9,3,3,2.9,2.9,3.4,5.1,7,10.7,9.3,8.8,6.5,5.8,7,7.2,7.1,6.5,5.9,5.1,4.6,4.6,5.2,4.9,
花蓮,2024/04/09 00:00:00,O3,45.5,47.2,49.5,48.3,48.5,49.1,49.4,46.3,44.3,39.2,42.2,44.1,48.7,49,48.9,50.1,50.8,54.1,57.7,65,68.5,66.5,58.5,50.2,
花蓮,2024/04/09 00:00:00,PM10,13,15,13,15,21,16,14,14,14,19,9,18,11,14,11,11,19,20,14,19,28,36,26,14,
花蓮,2024/04/09 00:00:00,PM2.5,5,10,6,10,9,11,10,9,11,11,9,7,9,8,4,7,10,10,9,17,20,16,16,12,
花蓮,2024/04/09 00:00:00,RAINFALL,0,0,0,0,0,0,0,0,0.5,0,0,0,0,0,0,0,0,0,0,0,0,0,0,0,
花蓮,2024/04/09 00:00:00,RH,92,90,89,88,88,90,91,94,96,96,91,88,82,81,82,83,82,83,83,82,78,77,80,82,
花蓮,2024/04/09 00:00:00,SO2,0.6,0.4,0.5,0.5,0.5,0.5,0.5,0.7,0.6,0.6,0.6,0.7,0.7,0.8,0.7,0.6,0.8,0.9,0.6,0.7,0.7,0.8,0.8,0.7,
花蓮,2024/04/09 00:00:00,THC,1.94,1.96,1.96,1.96,1.97,1.97,1.97,1.99,1.99,2.02,2,2,1.98,1.97,1.97,1.97,1.98,1.99,1.98,1.98,1.99,2.01,2.01,2.02,
花蓮,2024/04/09 00:00:00,WD_HR,56,59,65,63,68,68,70,46,38,12,50,39,63,63,67,60,68,69,69,65,50,16,300,253,
花蓮,2024/04/09 00:00:00,WIND_DIREC,47,64,62,72,72,73,68,43,23,21,41,45,66,78,72,69,71,67,54,70,39,331,279,203,
花蓮,2024/04/09 00:00:00,WIND_SPEED,2.9,3.4,2,2.7,2.2,2.8,2.8,2.2,1.7,2.1,2.2,2.6,2.9,2.5,3.9,2.9,3.7,3.4,3.1,2.4,2.7,1.8,1.5,1.5,
花蓮,2024/04/09 00:00:00,WS_HR,2.5,2.7,2.4,2.2,1.7,1.7,2.4,1.5,1.6,1,1.9,2,2.5,2.4,2.7,2.5,3.1,3.1,2.9,2.6,2.3,1.4,1.5,1,
花蓮,2024/04/10 00:00:00,AMB_TEMP,20.9,20.9,20.8,20.7,20.9,20.2,19.9,20.1,20.3,20.8,21.5,22.1,22.6,23,23.1,23.1,22.8,22.8,22.7,22.4,22.2,22.2,22,21.9,
花蓮,2024/04/10 00:00:00,CH4,2.01,2.01,2.04,2.06,2,1.99,2.01,2.04,2.05,2,2,2.03,2.03,2.01,1.98,1.99,1.98,1.99,2.01,1.99,2.02,2.01,2.02,2.08,
花蓮,2024/04/10 00:00:00,CO,0.24,0.22,0.21,0.21,0.22,0.22,0.25,0.31,0.28,0.26,0.29,0.27,0.33,0.32,0.28,0.28,0.37,0.5,0.46,0.35,0.4,0.34,0.25,0.25,
花蓮,2024/04/10 00:00:00,NMHC,0,0.01,0.01,0.01,0,0,0.01,0.04,0.02,0.02,0.04,0.04,0.08,0.04,0.03,0.03,0.09,0.14,0.15,0.07,0.11,0.11,0.02,0.02,
花蓮,2024/04/10 00:00:00,NO,1.1,0.5,0.5,0.4,0.5,0.4,0.6,1,1,0.8,1,0.9,1,1.2,0.8,0.5,0.8,1.1,0.7,0.4,0.8,0.6,0.4,0.3,
花蓮,2024/04/10 00:00:00,NO2,2.5,2.5,2.2,2.7,2.7,2.1,2.8,6,5.7,4.7,6.1,5.2,7.1,7.9,6,7.2,9.6,13.9,14,7.1,9.2,9,4.7,3.9,
花蓮,2024/04/10 00:00:00,NOx,3.6,3.1,2.7,3.1,3.2,2.5,3.4,7,6.7,5.5,7.1,6.1,8.1,9.2,6.8,7.8,10.5,15,14.8,7.5,10.1,9.7,5.2,4.3,
花蓮,2024/04/10 00:00:00,O3,47.8,45.8,42.9,36.5,47.4,47.9,37.3,24.2,28.8,36.3,35.7,33.6,35.3,44,57.7,55.1,47.5,40.9,38.3,51,35.8,29.1,31.3,29.2,
花蓮,2024/04/10 00:00:00,PM10,17,16,15,12,19,8,9,14,11,9,19,20,27,34,31,22,34,35,44,31,33,28,29,33,
花蓮,2024/04/10 00:00:00,PM2.5,13,15,16,11,11,11,8,11,12,11,12,12,17,21,17,16,22,20,27,25,20,19,19,17,
花蓮,2024/04/10 00:00:00,RAINFALL,0,0,0,0,0,1,0.5,0,0,0,0,0,0,0,0,0,0,0,0,0,0,0,0,0,
花蓮,2024/04/10 00:00:00,RH,87,87,87,90,95,100,100,100,100,98,96,93,91,88,89,88,91,89,90,92,94,93,95,96,
花蓮,2024/04/10 00:00:00,SO2,0.9,0.8,0.8,0.7,0.7,0.8,0.9,0.8,0.8,0.8,0.9,0.9,0.9,0.8,0.9,0.9,0.8,0.8,0.9,0.9,0.9,0.9,1,1,
花蓮,2024/04/10 00:00:00,THC,2.01,2.02,2.05,2.07,2,1.99,2.02,2.08,2.07,2.02,2.04,2.07,2.11,2.05,2.01,2.02,2.07,2.13,2.16,2.06,2.13,2.12,2.04,2.1,
花蓮,2024/04/10 00:00:00,WD_HR,218,223,224,227,61,327,256,222,218,219,222,216,232,47,73,9,312,280,206,354,297,234,219,224,
花蓮,2024/04/10 00:00:00,WIND_DIREC,211,216,222,248,9,320,228,214,228,208,214,223,209,53,48,325,304,269,87,305,277,227,223,229,
花蓮,2024/04/10 00:00:00,WIND_SPEED,1.6,1.1,0.9,0.9,0.9,1.9,2.5,2,2.1,1.8,2.3,1.4,1.2,0.7,1,1.7,1,0.5,0.8,1.8,1.3,1.7,2,2.4,
花蓮,2024/04/10 00:00:00,WS_HR,1.4,1,1.1,1,0.5,1,1.5,2,2.1,2.1,2.4,1.6,1,0.3,1.4,0.9,1,0.9,0.4,0.3,1.4,1.3,1.8,1.9,
花蓮,2024/04/11 00:00:00,AMB_TEMP,21.6,21.5,21.4,21.2,21.1,21,21,22.8,25.1,27,27.4,27.6,27.8,27.7,27.6,27,26.7,26.1,25.8,25.6,25,24.1,23.9,23.6,
花蓮,2024/04/11 00:00:00,CH4,2.05,2.01,2.01,2.01,2,2.01,2.02,2,1.99,#,1.95,1.94,1.95,1.95,1.95,1.95,1.95,1.95,1.95,1.97,2,2.03,2.03,2.04,
花蓮,2024/04/11 00:00:00,CO,0.24,0.21,0.2,0.2,0.2,0.22,0.22,0.27,0.25,0.23,0.19,#,0.2,0.2,0.19,0.2,0.23,0.24,0.3,0.35,0.41,0.31,0.27,0.25,
花蓮,2024/04/11 00:00:00,NMHC,0.01,0,0,0,0,0.01,0,0.02,0.02,#,0,0,0,0,0,0,0,0,0.05,0.07,0.11,0.04,0.04,0.03,
花蓮,2024/04/11 00:00:00,NO,0.3,1.1,1.3,0.9,1.1,1,1,1.6,1.8,1.4,1.1,#,1,1.3,0.9,1,1,1.1,1.5,1.2,1.3,1.2,1.2,1.1,
花蓮,2024/04/11 00:00:00,NO2,3.1,1.7,1.4,1.3,1.1,1.8,1.9,2.8,2.8,3.1,1.9,#,1,1,0.8,1,1.5,3,4.6,6.3,10.9,6.4,5,3.8,
花蓮,2024/04/11 00:00:00,NOx,3.4,2.9,2.7,2.2,2.3,2.9,3,4.5,4.6,4.6,3,#,2,2.4,1.8,2,2.6,4.2,6.1,7.5,12.2,7.6,6.3,5,
花蓮,2024/04/11 00:00:00,O3,32.1,33.9,32.7,29.6,29.7,26.4,22.9,21.9,25.4,44.3,#,44.8,47.2,47.2,46.6,48.8,47.4,44.2,40,34.8,22.4,21.2,18.6,18.9,
花蓮,2024/04/11 00:00:00,PM10,29,24,21,17,24,14,20,19,9,#,21,25,21,20,18,15,19,17,20,31,33,23,21,21,
花蓮,2024/04/11 00:00:00,PM2.5,15,15,14,10,11,11,13,13,13,15,#,17,12,15,16,12,16,15,21,20,21,19,17,15,
花蓮,2024/04/11 00:00:00,RAINFALL,0,0,0,0,0,0,0,0,0,#,0,0,0,0,0,0,0,0,0,0,0,0,0,0,
花蓮,2024/04/11 00:00:00,RH,97,96,95,95,95,96,96,87,77,67,63,68,65,65,66,69,73,79,82,85,86,92,91,92,
花蓮,2024/04/11 00:00:00,SO2,0.9,0.7,0.7,0.8,0.8,0.8,0.7,0.7,0.8,0.9,0.5,#,0.5,0.7,0.6,0.8,1,0.9,0.9,0.8,0.9,0.9,0.8,0.8,
花蓮,2024/04/11 00:00:00,THC,2.06,2.01,2.01,2.01,2,2.02,2.02,2.02,2.01,#,1.94,1.93,1.93,1.93,1.93,1.93,1.94,1.95,2,2.04,2.11,2.07,2.07,2.07,
花蓮,2024/04/11 00:00:00,WD_HR,219,223,216,222,217,226,215,216,204,154,110,112,92,98,91,90,114,123,149,232,243,221,220,224,
花蓮,2024/04/11 00:00:00,WIND_DIREC,221,221,217,218,222,216,211,206,191,137,107,115,90,100,89,108,117,121,175,301,216,166,221,229,
花蓮,2024/04/11 00:00:00,WIND_SPEED,2,1.9,1.9,1.5,1.3,2.4,2.7,2.2,1.5,1.3,2.4,2.4,2.7,2.3,1.7,1.4,1.5,0.6,0.6,1.2,1.8,0.4,1.7,1.3,
花蓮,2024/04/11 00:00:00,WS_HR,2,2,1.6,1.5,1.7,1.6,2.5,2.2,1.7,1,1.9,1.9,2.4,2.1,1.8,1.6,1.4,0.8,0.3,0.5,0.8,1.2,1.5,1.3,
花蓮,2024/04/12 00:00:00,AMB_TEMP,23.3,22.9,22.5,22.4,22.7,22.5,22.8,24.2,26.4,28.7,29.2,29.1,29.2,28.3,28.1,28.2,28,27.4,27,26.9,26.8,26.3,26.1,25.7,
花蓮,2024/04/12 00:00:00,CH4,2.05,2.03,2.09,2.11,2.01,2.01,2.06,2.07,2.04,1.97,1.93,1.92,1.92,1.92,1.91,1.9,1.9,1.89,1.9,1.91,1.98,2.01,1.97,1.98,
花蓮,2024/04/12 00:00:00,CO,0.25,0.23,0.22,0.21,0.23,0.24,0.25,0.26,0.26,0.24,0.22,0.21,0.21,0.22,0.21,0.21,0.25,0.22,0.24,0.24,0.3,0.35,0.35,0.28,
花蓮,2024/04/12 00:00:00,NMHC,0.01,0,0,0,0.01,0.02,0.01,0.01,0,0,0,0,0,0,0.01,0,0,0.01,0.01,0.02,0.08,0.11,0.1,0.05,
花蓮,2024/04/12 00:00:00,NO,1.1,0,0.2,0,0,0.1,0.2,1,1.3,3,#,1.4,1.1,1.4,1,0.9,1.1,0.6,0.9,0.9,0.7,0.7,0.7,0.7,
花蓮,2024/04/12 00:00:00,NO2,3.1,2.4,2.1,2.1,2.2,3.2,2.8,2.7,3.1,5.4,#,3,2.3,2.4,2,2.8,2.6,2.9,3.5,3.9,6.6,8.7,8,5.7,
花蓮,2024/04/12 00:00:00,NOx,4.2,2.4,2.3,2.1,2.2,3.3,3.1,3.8,4.4,8.5,#,4.4,3.5,3.8,3.1,3.7,3.7,3.5,4.5,4.8,7.4,9.4,8.7,6.5,
花蓮,2024/04/12 00:00:00,O3,17.5,14.8,13.5,12.6,14.3,13,12.9,13,17.1,25.1,#,34.1,34,34.1,39.2,37.7,32.9,30.3,26,26.8,20,12.3,11.9,11.8,
花蓮,2024/04/12 00:00:00,PM10,22,15,19,17,18,17,23,21,23,25,34,25,25,17,26,24,27,20,23,25,24,35,27,34,
花蓮,2024/04/12 00:00:00,PM2.5,19,12,13,16,9,21,21,15,17,15,11,14,12,11,12,17,7,13,8,8,11,25,18,13,
花蓮,2024/04/12 00:00:00,RAINFALL,0,0,0,0,0,0,0,0,0,0,0,0,0,0,0,0,0,0,0,0,0,0,0,0,
花蓮,2024/04/12 00:00:00,RH,94,94,96,97,91,90,92,88,79,69,71,75,76,81,85,85,86,88,91,90,89,92,89,90,
花蓮,2024/04/12 00:00:00,SO2,0.8,0.4,0.5,0.4,0.4,0.4,0.4,0.3,0.5,1.8,#,0.4,0.4,0.6,0.7,1,0.7,0.7,0.8,0.8,0.7,0.7,0.7,0.6,
花蓮,2024/04/12 00:00:00,THC,2.06,2.03,2.08,2.11,2.02,2.03,2.07,2.08,2.04,1.97,1.93,1.91,1.91,1.91,1.92,1.9,1.9,1.9,1.91,1.93,2.06,2.12,2.07,2.03,
花蓮,2024/04/12 00:00:00,WD_HR,226,219,216,214,258,230,209,212,206,193,127,130,132,135,135,144,136,162,160,169,154,228,291,256,
花蓮,2024/04/12 00:00:00,WIND_DIREC,214,221,223,225,269,183,214,196,202,129,128,130,127,133,127,144,148,166,172,175,165,277,287,235,
花蓮,2024/04/12 00:00:00,WIND_SPEED,1.8,1.6,1.1,0.8,1,1,3,1.7,2.1,1.9,2.3,3.2,3,2.4,2.6,1.5,1.4,0.9,0.4,0.4,0.3,1.1,0.2,0.3,
花蓮,2024/04/12 00:00:00,WS_HR,1.5,1.6,1.6,1.2,0.6,0.8,1.8,2.2,1.8,1.8,2,2.3,2.5,2.1,1.8,1.3,1.1,1,0.6,0.4,0.2,0.6,0.3,0.7,
花蓮,2024/04/13 00:00:00,AMB_TEMP,25.3,25,24.8,24.2,24.3,24.7,24.8,25.9,27,27.7,29.1,29.4,29.4,29.4,28.1,27.4,26.7,26.5,26.4,26.5,26.6,26.4,25.9,25.9,
花蓮,2024/04/13 00:00:00,CH4,2,1.98,2,1.99,1.97,2,2.03,1.99,2,1.95,1.94,1.94,1.93,1.94,1.93,1.91,1.92,1.93,1.95,1.95,1.95,1.99,1.99,1.98,
花蓮,2024/04/13 00:00:00,CO,0.25,0.24,0.24,0.24,0.25,0.28,0.32,0.34,0.31,0.36,0.28,0.27,0.25,0.26,0.25,0.24,0.27,0.29,0.33,0.32,0.31,0.33,0.3,0.26,
花蓮,2024/04/13 00:00:00,NMHC,0.02,0.02,0.04,0.02,0.01,0.06,0.06,0.05,0.02,0.01,0,0.01,0,0,0,0,0,0.02,0.03,0.03,0.02,0.04,0.03,0.02,
花蓮,2024/04/13 00:00:00,NO,0.4,0,0,0,0,0,0.4,0.8,#,1.3,0.3,0.5,0.3,0.3,0.2,0.1,0,0,0,0,0,0,0.2,0.1,
花蓮,2024/04/13 00:00:00,NO2,4,3.7,4.1,2.9,2.2,4,6.1,5.5,#,5,2.9,2.6,2.4,2.3,2.4,2.5,3,3.3,4.4,4.4,3.9,5.6,4.6,4,
花蓮,2024/04/13 00:00:00,NOx,4.5,3.6,4.1,2.5,1.8,3.9,6.6,6.3,#,6.4,3.3,3.2,2.7,2.7,2.6,2.7,3,3.3,4.2,4.5,3.9,5.7,4.9,4.2,
花蓮,2024/04/13 00:00:00,O3,11.9,10.4,9.7,10,13.5,11.2,10.3,13.1,15.8,33,44.2,47.8,47.3,49.8,47.6,39.2,42.9,44,43,40.9,40.5,27.3,20.5,16.7,
花蓮,2024/04/13 00:00:00,PM10,14,26,21,23,26,31,30,34,28,30,27,26,25,32,28,x,23,25,24,55,31,29,21,27,
花蓮,2024/04/13 00:00:00,PM2.5,11,14,19,16,24,22,20,21,21,20,24,23,23,20,18,13,20,15,20,14,16,26,13,13,
花蓮,2024/04/13 00:00:00,RAINFALL,0,0,0,0,0,0,0,0,0,0,0,0,0,0,0,0,0,0,0,0,0,0,0,0,
花蓮,2024/04/13 00:00:00,RH,93,91,92,91,87,86,87,85,84,84,78,80,79,81,87,91,93,93,94,93,92,94,96,96,
花蓮,2024/04/13 00:00:00,SO2,0.7,0.9,0.8,0.9,0.8,0.8,0.8,0.9,0.9,0.9,1,0.9,0.7,0.7,0.6,0.5,0.7,0.8,1,0.9,1,0.9,0.9,0.8,
花蓮,2024/04/13 00:00:00,THC,2.02,2,2.04,2.01,1.98,2.06,2.09,2.04,2.02,1.96,1.94,1.95,1.93,1.93,1.92,1.9,1.92,1.95,1.98,1.98,1.97,2.03,2.02,2,
花蓮,2024/04/13 00:00:00,WD_HR,232,232,242,217,230,228,230,222,194,50,76,67,55,68,48,33,47,51,40,328,85,214,240,219,
花蓮,2024/04/13 00:00:00,WIND_DIREC,227,231,221,211,276,222,226,222,113,359,76,59,50,78,40,9,37,50,16,11,165,214,251,212,
花蓮,2024/04/13 00:00:00,WIND_SPEED,0.6,0.9,0.4,0.2,0.5,1,1.4,2.1,1.2,1.8,2.8,2.6,2.8,3.1,2.7,2.7,2.2,1.4,0.7,0.4,0.3,0.8,0.9,2.3,
花蓮,2024/04/13 00:00:00,WS_HR,0.7,0.6,0.7,0.5,0.6,0.3,1.2,1.1,0.9,1,2.1,2.2,2.1,2.3,2,2,1.9,1.6,0.8,0.6,0.2,0.8,1,1.4,
花蓮,2024/04/14 00:00:00,AMB_TEMP,25.5,25.5,25,24.9,24.6,23.9,24,26,27.8,29,29.7,29.9,29.4,29.7,29.3,28.9,28.9,28.5,28,27.8,27.7,27.6,27.5,27.4,
花蓮,2024/04/14 00:00:00,CH4,2.01,1.97,2.01,1.98,2.01,2.01,1.99,1.97,1.95,1.94,1.9,1.88,1.86,1.85,1.84,1.84,1.85,1.85,1.85,1.85,1.86,1.86,1.87,1.87,
花蓮,2024/04/14 00:00:00,CO,0.24,0.22,0.21,0.22,0.22,0.21,0.22,0.23,0.24,0.33,0.17,0.15,0.13,0.12,0.1,0.1,0.11,0.12,0.13,0.13,0.13,0.12,0.12,0.13,
花蓮,2024/04/14 00:00:00,NMHC,0,0.01,0,0,0,0,0,0,0,0,0,0,0,0,0,0,0,0,0,0,0,0,0,0,
花蓮,2024/04/14 00:00:00,NO,0,0.7,0.3,0.2,0.5,0.6,0.5,0.5,0.7,1,0.4,0.5,0.6,0.5,0.5,0.3,0.5,0.5,0.8,0.5,0.5,0.4,0.3,0.4,
花蓮,2024/04/14 00:00:00,NO2,2.3,1.2,1.3,1.2,1.3,1.1,1.2,1,0.9,1.7,1.1,0.8,0.6,0.7,0.3,0.4,0.7,1.1,1.4,1.1,1.3,1.2,1.8,1.2,
花蓮,2024/04/14 00:00:00,NOx,2.4,1.9,1.6,1.5,1.8,1.8,1.7,1.6,1.6,2.7,1.6,1.4,1.3,1.3,0.9,0.8,1.2,1.7,2.2,1.6,1.8,1.6,2.2,1.6,
花蓮,2024/04/14 00:00:00,O3,16.3,20.9,16.1,16.1,13,10.8,12.5,15.3,18.4,22.8,22.9,22.1,21.2,20.1,22.1,19.5,17.2,17.5,15.8,14.7,13.9,14.6,13.2,14,
花蓮,2024/04/14 00:00:00,PM10,21,13,16,20,20,14,15,13,15,18,18,8,7,20,20,23,22,24,24,25,14,14,73,10,
花蓮,2024/04/14 00:00:00,PM2.5,11,18,18,13,11,14,15,14,16,18,8,6,9,7,11,11,10,10,9,6,9,12,10,10,
花蓮,2024/04/14 00:00:00,RAINFALL,0,0,0,0,0,0,0,0,0,0,0,0,0,0,0,0,0,0,0,0,0,0,0,0,
花蓮,2024/04/14 00:00:00,RH,98,97,99,97,98,99,99,90,80,77,77,79,84,86,88,89,88,89,93,96,98,99,100,99,
花蓮,2024/04/14 00:00:00,SO2,0.8,x,x,x,x,x,x,x,x,x,x,x,x,x,x,x,x,x,x,x,x,x,x,x,
花蓮,2024/04/14 00:00:00,THC,2.01,1.98,2,1.97,2,2.01,1.98,1.96,1.94,1.93,1.89,1.87,1.85,1.84,1.82,1.82,1.83,1.84,1.84,1.85,1.84,1.83,1.85,1.86,
花蓮,2024/04/14 00:00:00,WD_HR,217,214,211,213,218,212,210,205,205,147,125,123,130,138,159,163,158,158,156,144,100,133,118,179,
花蓮,2024/04/14 00:00:00,WIND_DIREC,213,206,218,207,220,214,205,217,189,121,133,133,132,137,174,163,156,167,172,111,113,113,240,36,
花蓮,2024/04/14 00:00:00,WIND_SPEED,1.7,1.9,0.9,0.6,1.8,2.8,1.8,2.5,1.8,1.9,1.9,2.5,2.9,2.9,3.8,2.5,2.6,2.1,1.5,0.6,1,0.5,0.2,0.2,
花蓮,2024/04/14 00:00:00,WS_HR,1.6,1.6,1.5,1.3,1.6,2.1,2.3,2.1,2.3,1.5,1.4,2,2.1,2.2,2.2,2.2,1.8,1.4,1.2,0.7,0.9,0.3,0.2,0,
花蓮,2024/04/15 00:00:00,AMB_TEMP,27.4,27,26.5,26.7,27,26.9,27,27.2,27.4,27.7,29,30.5,31.2,30.9,29.2,28.9,29.1,28.5,28.2,28.1,27.9,27.7,27.5,27.4,
花蓮,2024/04/15 00:00:00,CH4,1.91,1.92,1.96,1.93,1.92,1.92,1.92,1.92,1.94,1.93,1.92,1.91,1.9,1.89,1.94,1.92,1.9,1.9,1.92,1.92,1.91,1.9,1.9,1.91,
花蓮,2024/04/15 00:00:00,CO,0.16,0.16,0.17,0.17,0.15,0.18,0.24,0.33,0.35,0.34,0.3,0.26,0.22,0.21,0.26,0.25,0.24,0.28,0.3,0.28,0.26,0.24,0.22,0.21,
花蓮,2024/04/15 00:00:00,NMHC,0.04,0.02,0.01,0.01,0,0.02,0.02,0.05,0.06,0.05,0.03,0.02,0,0,0.02,0.02,0.02,0.03,0.03,0.02,0.02,0.01,0,0,
花蓮,2024/04/15 00:00:00,NO,0.7,0.7,0.7,0.4,0.6,0.9,1.9,2.3,2.7,1.9,2.1,1.4,1.3,1.1,1,1.1,1,0.8,0.7,0.8,0.6,0.7,0.6,0.7,
花蓮,2024/04/15 00:00:00,NO2,2.7,2.3,2.2,1.5,3.5,7.4,7.6,7.4,9.4,7.9,6.1,3.7,2.4,2.2,3,3.5,4.1,4.8,5.8,4.9,3.5,3.4,2.9,2.9,
花蓮,2024/04/15 00:00:00,NOx,3.4,3,3,1.9,4.2,8.3,9.5,9.7,12.1,9.9,8.2,5.2,3.8,3.4,4,4.6,5.1,5.7,6.6,5.7,4.2,4.2,3.6,3.7,
花蓮,2024/04/15 00:00:00,O3,9.8,9.5,9.3,12.1,9,6.5,8.4,11,14.3,18.7,23.3,33.2,34.7,35.9,48.8,45.8,39.1,36.9,38,37.8,38.3,36.1,32.1,31.9,
花蓮,2024/04/15 00:00:00,PM10,23,15,11,24,24,28,21,28,31,24,21,23,16,23,25,23,25,26,22,31,29,25,29,28,
花蓮,2024/04/15 00:00:00,PM2.5,7,10,12,16,15,11,14,17,14,17,18,19,9,14,23,19,17,19,20,18,21,13,17,16,
花蓮,2024/04/15 00:00:00,RAINFALL,0,0,0,0,0,0,0,0,0,0,0,0,0,0,0,0,0,0,0,0,0,0,0,0,
花蓮,2024/04/15 00:00:00,RH,96,94,92,88,93,91,89,88,91,91,83,75,73,77,84,83,82,84,85,86,87,91,93,94,
花蓮,2024/04/15 00:00:00,SO2,x,1,0.8,0.8,0.8,0.9,0.9,0.8,1,0.9,1,1,0.8,0.7,1.2,1.2,1,0.9,0.9,1,1.1,1.1,1,0.9,
花蓮,2024/04/15 00:00:00,THC,1.95,1.94,1.97,1.94,1.92,1.94,1.94,1.97,2,1.98,1.95,1.93,1.9,1.89,1.96,1.94,1.92,1.93,1.95,1.94,1.93,1.91,1.9,1.91,
花蓮,2024/04/15 00:00:00,WD_HR,327,278,224,337,6,317,340,357,38,55,42,60,21,53,44,48,46,38,41,42,34,33,35,42,
花蓮,2024/04/15 00:00:00,WIND_DIREC,317,225,233,48,348,317,347,23,19,80,41,68,42,58,40,51,58,34,54,48,13,43,14,30,
花蓮,2024/04/15 00:00:00,WIND_SPEED,0.6,0.8,0.9,1.1,0.2,0.8,2,0.9,0.9,1.3,1.3,2.4,2.7,3,2.6,2.3,2.2,1.5,1.4,1.7,1.3,1.9,1.2,1.1,
花蓮,2024/04/15 00:00:00,WS_HR,0.2,0.7,0.6,0.3,0.4,0.5,0.6,0.7,0.7,0.8,0.8,1.5,1.8,2.1,2.5,2.3,1.3,1.4,1.2,1.2,1,1.1,1.1,0.8,
花蓮,2024/04/16 00:00:00,AMB_TEMP,27.3,27.2,27,26.8,26.3,26.2,26.4,27.1,27.9,29.4,29.9,29.4,30.2,30.5,30.8,30.2,29.3,28.8,28.3,28.3,28.3,28.1,27.8,27.2,
花蓮,2024/04/16 00:00:00,CH4,1.91,1.91,1.93,1.94,2.03,2,2,1.97,1.97,1.94,1.9,1.87,1.87,1.88,1.88,1.87,1.87,1.88,1.87,1.88,1.88,1.9,1.89,1.92,
花蓮,2024/04/16 00:00:00,CO,0.2,0.18,0.19,0.18,0.19,0.19,0.21,0.26,0.23,0.25,0.22,0.18,0.18,0.2,0.19,0.18,0.19,0.19,0.19,0.19,0.19,0.22,0.2,0.22,
花蓮,2024/04/16 00:00:00,NMHC,0,0,0,0.01,0,0,0,0.01,0.01,0.02,0.02,0,0,0,0,0,0,0,0,0,0,0,0,0,
花蓮,2024/04/16 00:00:00,NO,0.6,0.2,0,0.1,0.1,0.2,0.3,0.6,0.9,0.9,0.5,0.7,0.4,0.4,0.3,0.4,0.5,0.5,0.2,0.2,0.2,0,0.1,0.1,
花蓮,2024/04/16 00:00:00,NO2,2.2,1.8,2.4,2.3,2.7,2.8,3,3.4,3.5,3.5,2.8,1.6,1.7,1.4,1.6,2.1,1.7,2,1.9,2.3,2.4,3.3,3.2,2.8,
花蓮,2024/04/16 00:00:00,NOx,2.9,2,2.4,2.5,2.9,3,3.3,4.1,4.5,4.4,3.3,2.4,2.1,1.9,1.9,2.5,2.3,2.5,2.2,2.6,2.6,3.4,3.4,3,
花蓮,2024/04/16 00:00:00,O3,33.5,34.6,32.2,21.6,16.9,17.4,14.9,17.5,19,24.2,30.6,32.9,31.9,31.3,30.5,28.9,30.2,30,30.3,29.9,30.5,28.1,27.4,39.9,
花蓮,2024/04/16 00:00:00,PM10,28,27,23,23,34,26,29,34,33,32,25,23,28,25,26,20,21,25,26,23,27,30,28,35,
花蓮,2024/04/16 00:00:00,PM2.5,15,14,12,19,21,18,15,16,24,17,14,21,17,14,15,18,17,15,16,18,14,19,15,27,
花蓮,2024/04/16 00:00:00,RAINFALL,0,0,0,0,0,0,0,0,0,0,0,0,0,0,0,0,0,0,0,0,0,0,0,0,
花蓮,2024/04/16 00:00:00,RH,95,95,95,94,97,97,96,93,87,79,82,85,84,82,79,84,85,88,89,90,90,93,95,97,
花蓮,2024/04/16 00:00:00,SO2,1,0.9,0.8,1,0.8,0.7,0.8,0.8,0.8,0.8,0.8,0.4,0.4,0.2,0.2,0.2,0.4,0.4,0.4,0.6,0.6,0.6,0.5,0.6,
花蓮,2024/04/16 00:00:00,THC,1.9,1.9,1.92,1.95,2.02,2,2,1.98,1.98,1.96,1.92,1.86,1.86,1.86,1.87,1.86,1.86,1.86,1.86,1.87,1.87,1.9,1.88,1.91,
花蓮,2024/04/16 00:00:00,WD_HR,15,323,262,228,223,222,215,209,208,191,120,118,128,138,135,116,93,96,106,89,86,52,38,37,
花蓮,2024/04/16 00:00:00,WIND_DIREC,331,297,226,223,222,217,214,198,209,184,108,111,144,153,132,109,86,93,86,92,90,38,29,63,
花蓮,2024/04/16 00:00:00,WIND_SPEED,0.6,0.9,1,1.3,1.1,1.2,2,2.2,2.3,1.5,2.2,1.9,1.7,1.7,1.6,2.2,1.8,2.2,1.4,1.6,0.6,1,0.9,1.5,
花蓮,2024/04/16 00:00:00,WS_HR,0.6,0.4,0.3,0.8,1.4,1.2,2.1,2,2.1,1.5,1.4,2.1,1.7,1.4,1.4,1.5,1.7,1.7,1.2,1.6,1.1,0.8,1,1.2,
花蓮,2024/04/17 00:00:00,AMB_TEMP,26.7,26.3,26.3,25.9,25.2,25.2,25.6,26.9,28.5,30.7,30.2,30.3,30.5,30.7,30.3,29.4,28.7,28.5,28.2,28,27.7,27.5,27.3,27.1,
花蓮,2024/04/17 00:00:00,CH4,1.93,1.92,1.93,1.94,1.95,1.92,1.94,1.96,1.95,1.92,1.88,1.87,A,#,1.86,1.87,1.87,1.87,1.88,1.89,1.88,1.9,1.9,1.91,
花蓮,2024/04/17 00:00:00,CO,0.22,0.23,0.23,0.22,0.21,0.21,0.24,0.26,0.23,0.23,0.2,0.19,0.21,#,0.2,0.21,0.21,0.24,0.29,0.28,0.27,0.27,0.25,0.24,
花蓮,2024/04/17 00:00:00,NMHC,0,0,0,0,0.01,0,0,0.01,0,0,0,0,#,#,0.02,0.05,0.04,0.01,0.02,0.02,0.02,0.01,0,0.01,
花蓮,2024/04/17 00:00:00,NO,0,0.6,0.4,0.6,0.4,0.6,0.9,1.4,1.4,1.2,1.4,1.1,#,#,#,0.4,0.4,0.5,0.1,0.3,0.4,0.4,0.4,0.3,
花蓮,2024/04/17 00:00:00,NO2,2.2,1.5,1.6,2,3,2.3,3.1,2.9,2.9,2.8,2.7,1.7,#,#,#,1.8,1.7,2.2,3.4,3.7,3.5,4.2,4.1,3.6,
花蓮,2024/04/17 00:00:00,NOx,2.1,2.1,2.1,2.7,3.4,3,4.1,4.4,4.3,4,4.1,2.9,#,#,#,2.2,2.1,2.7,3.5,4,3.9,4.6,4.5,4,
花蓮,2024/04/17 00:00:00,O3,44,44.2,43.5,29.3,15.7,21.4,20.4,18.9,22,27.4,26.1,#,27.4,#,33.7,36.4,39.5,42.1,34,30.5,27.6,24.8,29.5,30.9,
花蓮,2024/04/17 00:00:00,PM10,51,35,38,31,26,32,27,30,22,#,28,28,23,38,34,33,27,37,31,35,35,29,31,33,
花蓮,2024/04/17 00:00:00,PM2.5,29,23,21,25,24,24,20,24,20,21,#,14,15,16,22,23,24,21,20,20,20,21,19,24,
花蓮,2024/04/17 00:00:00,RAINFALL,0,0,0,0,0,0,0,0,0,0,0,0,0,0,0,0,0,0,0,0,0,0,0,0,
花蓮,2024/04/17 00:00:00,RH,98,98,98,95,88,80,82,83,76,66,78,81,81,77,79,86,90,90,90,91,92,92,94,94,
花蓮,2024/04/17 00:00:00,SO2,0.6,0.6,0.4,0.6,0.4,0.4,0.6,0.4,0.6,0.5,#,#,x,#,#,1,1.3,1.2,1.3,1.4,1.3,1.4,1.3,1.4,
花蓮,2024/04/17 00:00:00,THC,1.92,1.91,1.91,1.94,1.96,1.92,1.94,1.97,1.95,1.92,1.88,1.86,A,#,1.88,1.92,1.91,1.88,1.9,1.91,1.9,1.91,1.9,1.92,
花蓮,2024/04/17 00:00:00,WD_HR,68,46,326,231,221,227,225,213,195,185,135,133,138,141,135,94,88,86,47,43,42,342,357,333,
花蓮,2024/04/17 00:00:00,WIND_DIREC,73,39,261,230,224,221,219,218,197,133,139,133,141,143,139,85,86,75,49,59,22,29,358,300,
花蓮,2024/04/17 00:00:00,WIND_SPEED,1.8,1,0.6,1.1,1.7,2.3,2.4,2.6,2,2.4,2.8,2.9,2.9,2.5,2.5,2.6,2.6,1.7,1.5,1.5,1.3,0.2,1,1.2,
花蓮,2024/04/17 00:00:00,WS_HR,1.3,0.8,0.4,0.4,0.9,1.7,1.8,2.7,2.1,1.6,2.1,2.5,2.3,2,1.8,2.3,2.5,1.8,1.2,1.2,1.3,0.7,0.8,0.7,
花蓮,2024/04/18 00:00:00,AMB_TEMP,26.8,26.7,26.6,26,25.7,25.6,26,27,28.1,26.2,25.3,25.2,24.9,24.6,23.9,23.4,23.6,23.7,23.7,23.4,23.8,23.7,22.8,22.6,
花蓮,2024/04/18 00:00:00,CH4,1.91,1.91,1.93,1.94,1.93,1.92,1.93,1.92,1.9,1.92,1.94,1.95,1.97,1.97,1.97,1.97,1.97,1.97,1.96,1.97,1.97,1.99,2.01,1.99,
花蓮,2024/04/18 00:00:00,CO,0.23,0.21,0.2,0.2,0.17,0.18,0.21,0.32,0.32,0.28,0.3,0.31,0.31,0.29,0.29,0.28,0.29,0.3,0.27,0.28,0.29,0.3,0.26,0.24,
花蓮,2024/04/18 00:00:00,NMHC,0.01,0.02,0.01,0.02,0,0.01,0,0.04,0.04,0.02,0.04,0.04,0.16,0.02,0.01,0.01,0.01,0.01,0.02,0.01,0.02,0.04,0.02,0.01,
花蓮,2024/04/18 00:00:00,NO,0.4,0.5,0.6,0.2,0.4,0.5,0.4,1.3,1.5,0.8,0.8,0.7,0.7,0.4,0.3,0.3,0.2,0.2,0.2,0.3,0.2,0.5,0.2,0.1,
花蓮,2024/04/18 00:00:00,NO2,3.2,2.8,3.1,4,2.7,2.8,3.4,6.2,7.5,5.3,4.1,4.3,4.2,3.6,3.8,4.4,4.3,4.7,3.9,4.4,5.4,6.3,4.9,3,
花蓮,2024/04/18 00:00:00,NOx,3.6,3.3,3.7,4.3,3.1,3.4,3.8,7.5,9,6.2,4.9,5,4.9,4,4.1,4.7,4.5,4.9,4.2,4.7,5.7,6.9,5.1,3.1,
花蓮,2024/04/18 00:00:00,O3,28,24.5,23.3,18.3,19.7,19.5,19.4,17.9,28.2,40.9,48.5,50.9,55.3,57.3,58.7,59.8,59.8,58.5,59.5,55.9,54.2,47.5,37.1,39.5,
花蓮,2024/04/18 00:00:00,PM10,34,32,25,32,20,23,23,33,36,33,25,24,19,21,19,24,25,29,25,25,25,27,22,19,
花蓮,2024/04/18 00:00:00,PM2.5,20,21,21,26,17,14,23,21,24,18,17,10,12,14,12,14,10,20,18,20,19,12,14,15,
花蓮,2024/04/18 00:00:00,RAINFALL,0,0,0,0,0,0,0,0,0,0,0,0,0,0,0.5,0,0.5,0,0,0,0,0,0,0,
花蓮,2024/04/18 00:00:00,RH,91,85,86,87,80,80,80,82,81,90,90,89,87,85,89,91,89,86,85,85,79,82,92,92,
花蓮,2024/04/18 00:00:00,SO2,0.5,0.5,0.5,0.8,0.7,0.6,0.6,0.5,0.7,0.6,0.3,0.2,0.2,0.4,0.4,0.3,0.2,0.2,0.1,0.2,0.4,0.2,0,0,
花蓮,2024/04/18 00:00:00,THC,1.92,1.93,1.94,1.96,1.93,1.93,1.93,1.96,1.94,1.94,1.98,1.99,2.13,1.99,1.98,1.98,1.98,1.98,1.98,1.98,1.99,2.03,2.03,2,
花蓮,2024/04/18 00:00:00,WD_HR,312,294,279,227,230,221,233,239,27,66,61,71,71,64,55,41,46,55,33,352,350,264,220,217,
花蓮,2024/04/18 00:00:00,WIND_DIREC,294,289,234,220,256,215,258,199,54,43,72,76,74,65,53,40,46,42,7,359,353,222,219,218,
花蓮,2024/04/18 00:00:00,WIND_SPEED,1.3,1.1,0.8,1.6,1.3,1.7,1.6,0.5,2.3,3.4,3.2,4.3,4.4,4,2.8,2.5,2.6,2.9,2.3,1.9,1.5,1.9,1.5,2.4,
花蓮,2024/04/18 00:00:00,WS_HR,1,1,0.6,1.2,1.1,1.3,1.7,0.8,0.5,2.9,3,3.3,3.5,3.1,2.4,2,2.3,2.2,2,2,1.3,0.9,1.4,1.6,
花蓮,2024/04/19 00:00:00,AMB_TEMP,22.3,22.2,22.1,22,22,21.9,22.3,23,24.2,25.2,26.2,27,27,26.2,25.2,25.2,25.1,25.2,25.4,25.2,24.9,24.8,24.4,24.1,
花蓮,2024/04/19 00:00:00,CH4,2.01,2.03,2.05,2.04,2.05,2.04,2.04,2.01,1.99,2,1.97,1.95,1.93,1.93,1.92,1.93,1.95,1.95,1.96,1.97,1.98,1.97,1.98,1.98,
花蓮,2024/04/19 00:00:00,CO,0.24,0.22,0.21,0.21,0.21,0.22,0.24,0.28,0.27,0.26,0.29,0.23,0.21,0.21,0.2,0.26,0.36,0.37,0.39,0.34,0.27,0.24,0.21,0.19,
花蓮,2024/04/19 00:00:00,NMHC,0,0,0,0,0,0,0.01,0.02,0.02,0.03,0.04,0.07,0.01,0.07,0.03,0.02,0.06,0.05,0.08,0.06,0.04,0.01,0,0,
花蓮,2024/04/19 00:00:00,NO,0.6,0.6,0.9,0.9,0.7,0.5,1,1.4,1.6,1.6,1.1,1.1,0.9,1.3,1.1,0.9,1,1.3,0.9,0.8,0.8,0.9,0.8,0.6,
花蓮,2024/04/19 00:00:00,NO2,2.4,2.1,1.8,1.5,1.5,2.1,2.6,4.1,4.3,4.6,3.8,3.2,1.4,2.6,2.1,3.6,7.3,7.7,9.5,7.9,5.6,3.6,2.6,1.6,
花蓮,2024/04/19 00:00:00,NOx,3,2.7,2.7,2.4,2.2,2.7,3.6,5.6,5.9,6.3,5,4.3,2.3,3.9,3.3,4.5,8.4,9.1,10.5,8.7,6.4,4.5,3.5,2.2,
花蓮,2024/04/19 00:00:00,O3,38.7,34.9,29.4,27.6,27.8,23.9,21.1,21.4,26.9,27.6,45.4,54.6,55.8,53.6,56,52.3,44.9,42.2,35.4,30.8,28.6,33.7,36.4,38.2,
花蓮,2024/04/19 00:00:00,PM10,21,21,21,23,19,22,24,22,25,25,34,44,44,42,19,33,43,42,42,39,32,38,30,32,
花蓮,2024/04/19 00:00:00,PM2.5,13,14,13,13,9,11,13,14,15,16,13,18,16,19,11,12,22,16,22,16,11,15,13,18,
花蓮,2024/04/19 00:00:00,RAINFALL,0,0,0,0,0,0,0,0,0,0,0,0,0,0,0,0,0,0,0,0,0,0,0,0,
花蓮,2024/04/19 00:00:00,RH,94,95,97,97,97,97,95,92,85,83,75,71,76,81,90,88,86,85,86,88,89,90,93,94,
花蓮,2024/04/19 00:00:00,SO2,0.3,0.5,0.5,0.5,0.6,0.5,0.5,0.4,0.3,0.3,0.3,0.3,0.2,0.2,0.1,0,0,x,x,x,#,x,#,#,
花蓮,2024/04/19 00:00:00,THC,2.01,2.02,2.04,2.04,2.04,2.04,2.05,2.03,2.01,2.03,2.01,2.02,1.94,2,1.95,1.95,2.01,2,2.04,2.03,2.02,1.98,1.98,1.98,
花蓮,2024/04/19 00:00:00,WD_HR,224,225,228,223,221,227,221,217,214,195,203,125,126,130,119,293,305,273,233,222,217,207,202,212,
花蓮,2024/04/19 00:00:00,WIND_DIREC,229,219,222,216,231,217,226,227,204,200,140,119,132,126,115,307,299,257,213,209,217,200,212,199,
花蓮,2024/04/19 00:00:00,WIND_SPEED,2,1.6,1.5,2.2,2,1.4,2.3,2,1.8,1.3,0.6,2.2,2.1,2.4,1.5,2.1,1.5,1.4,1.1,1.3,2.8,3.7,2.9,3,
花蓮,2024/04/19 00:00:00,WS_HR,1.8,1.6,1.3,1.7,1.8,1.4,1.7,1.9,1.8,1.1,0.8,1.4,1.9,1.7,1.7,0.6,1.7,1.5,1,0.9,2.1,2.7,2.8,2.7,
花蓮,2024/04/20 00:00:00,AMB_TEMP,24,24,23.8,23.5,23.4,23.7,23.9,25.5,27.5,29.5,30,29.9,30.1,29.5,29.4,29,28.4,28,27.9,27.7,27.3,27,26.7,26.4,
花蓮,2024/04/20 00:00:00,CH4,1.97,1.97,1.99,2.02,1.98,1.96,1.96,1.97,1.98,1.95,1.91,1.88,1.87,1.87,1.87,1.86,1.86,1.86,1.89,1.93,1.92,1.93,1.93,1.95,
花蓮,2024/04/20 00:00:00,CO,0.19,0.19,0.19,0.19,0.18,0.18,0.2,0.22,0.28,0.27,0.24,0.21,0.19,0.19,0.19,0.19,0.19,0.19,0.28,0.28,0.29,0.35,0.3,0.28,
花蓮,2024/04/20 00:00:00,NMHC,0,0,0,0,0,0,0,0.01,0,0.02,0.05,0.06,0.03,0.02,0.05,0.05,0.01,0,0.04,0.06,0.05,0.09,0.06,0.06,
花蓮,2024/04/20 00:00:00,NO,0.9,1,0.5,0.5,0.5,0.6,0.6,1.1,1.7,1.8,0.9,0.5,0.6,0.7,0.7,0.6,0.6,0.5,0.6,0.7,0.6,0.8,0.9,0.4,
花蓮,2024/04/20 00:00:00,NO2,1.3,0.9,1.1,1.2,1.1,1.1,1.6,2,2.8,3.3,2,1.7,1.4,1.3,1.2,1.2,1.2,1.7,4.4,5.6,5.5,7.1,7.3,6.3,
花蓮,2024/04/20 00:00:00,NOx,2.2,1.9,1.7,1.8,1.6,1.7,2.2,3.1,4.5,5.1,3,2.3,2,2,1.9,1.9,1.8,2.3,5,6.4,6.1,8,8.2,6.8,
花蓮,2024/04/20 00:00:00,O3,38,35.8,30.7,27.7,23.1,21.6,19.9,19.2,21.6,31.7,38.7,39.7,39.5,38.4,35.7,34.3,33.6,35.1,30.1,27.8,25.5,19.2,19.8,18,
花蓮,2024/04/20 00:00:00,PM10,33,26,22,26,17,16,15,19,11,12,24,21,19,25,19,21,25,13,31,34,29,23,21,19,
花蓮,2024/04/20 00:00:00,PM2.5,17,12,16,15,17,11,17,14,12,12,14,13,13,17,12,16,12,18,17,22,20,17,16,15,
花蓮,2024/04/20 00:00:00,RAINFALL,0,0,0,0,0,0,0,0,0,0,0,0,0,0,0,0,0,0,0,0,0,0,0,0,
花蓮,2024/04/20 00:00:00,RH,94,94,95,97,93,88,88,82,73,61,65,72,75,79,82,84,86,88,88,88,88,86,83,84,
花蓮,2024/04/20 00:00:00,SO2,x,x,x,x,x,x,x,x,x,x,x,x,x,#,#,x,x,x,x,x,x,x,x,#,
花蓮,2024/04/20 00:00:00,THC,1.96,1.96,1.98,2.01,1.97,1.95,1.96,1.98,1.98,1.97,1.96,1.94,1.9,1.89,1.92,1.91,1.87,1.85,1.93,1.99,1.97,2.02,1.99,2.01,
花蓮,2024/04/20 00:00:00,WD_HR,210,203,206,211,210,215,207,205,195,202,138,130,129,134,118,103,100,89,1,83,42,328,288,259,
花蓮,2024/04/20 00:00:00,WIND_DIREC,208,200,209,211,213,222,200,194,196,201,132,129,124,132,127,108,99,7,82,75,73,299,271,271,
花蓮,2024/04/20 00:00:00,WIND_SPEED,2.5,3.1,2.5,2.7,3.1,3.1,2.8,2.4,2.4,1.9,2.5,2.6,3.1,2.5,2,1.9,1.6,0.2,0.7,1.4,0.4,1.1,1,1.1,
花蓮,2024/04/20 00:00:00,WS_HR,2.9,2.8,2.4,2.3,2.5,2.8,2.7,2.6,2.2,2.3,1.6,1.9,2.1,2.1,1.7,1.8,1.8,0.8,0.3,0.9,0.6,0.7,0.9,0.6,
花蓮,2024/04/21 00:00:00,AMB_TEMP,25.8,25.3,25,24.8,25,25,25.4,26.2,28,28.9,30.1,29.9,29.8,29.7,29.6,29.6,28.6,28.4,27.9,27.6,27.5,27.4,27.4,27.1,
花蓮,2024/04/21 00:00:00,CH4,1.97,1.95,1.94,1.94,1.93,1.92,1.93,1.94,1.95,1.96,1.92,1.88,1.87,1.87,1.86,1.87,1.87,1.88,1.88,1.9,1.92,1.93,1.92,1.94,
花蓮,2024/04/21 00:00:00,CO,0.26,0.19,0.18,0.17,0.18,0.18,0.19,0.19,0.2,0.38,0.28,0.19,0.16,0.15,0.15,0.17,0.19,0.23,0.23,0.26,0.28,0.28,0.25,0.25,
花蓮,2024/04/21 00:00:00,NMHC,0.08,0.04,0,0,0,0,0,0,0,0.01,0.06,0.07,0,0,0,0,0,0.01,0,0.02,0.02,0.02,0.02,0.03,
花蓮,2024/04/21 00:00:00,NO,0.6,0.4,0.5,0.4,0.5,0.4,0.4,0.6,1,1,1,0.6,0.6,0.7,0.5,0.6,0.7,0.4,0.4,0.5,0.7,0.5,0.4,0.6,
花蓮,2024/04/21 00:00:00,NO2,7.2,3,1.9,1.5,1.3,1.1,1.2,1.4,1.8,3,2.7,1.5,0.8,0.6,0.6,1.1,1.9,2.1,2.4,3.2,4.5,5.6,5.2,5.1,
花蓮,2024/04/21 00:00:00,NOx,7.8,3.5,2.4,1.9,1.9,1.6,1.6,2.1,2.8,4,3.8,2.1,1.5,1.3,1.2,1.7,2.6,2.6,2.9,3.8,5.2,6.1,5.7,5.7,
花蓮,2024/04/21 00:00:00,O3,12.6,14.6,18.1,20.4,22.2,23.7,21.5,20.8,24.8,27.3,32.9,33.2,32.6,31.9,35.5,37.9,41.5,39.6,39.4,37.2,34.4,34.5,37.6,27.3,
花蓮,2024/04/21 00:00:00,PM10,21,15,17,20,21,21,18,19,21,26,22,17,22,20,25,22,23,21,25,22,27,31,33,25,
花蓮,2024/04/21 00:00:00,PM2.5,14,17,19,14,17,11,13,17,13,13,16,15,15,13,13,17,15,16,21,22,19,23,19,21,
花蓮,2024/04/21 00:00:00,RAINFALL,0,0,0,0,0,0,0,0,0,0,0,0,0,0,0,0,0,0,0,0,0,0,0,0,
花蓮,2024/04/21 00:00:00,RH,88,87,84,84,84,82,83,79,71,67,64,74,79,84,83,82,85,85,88,91,90,89,87,87,
花蓮,2024/04/21 00:00:00,SO2,0.1,0.6,0.6,0.5,0.7,0.5,0.4,0.4,0.4,1.4,1.2,0,0,0,0,0,0.1,0.2,0.2,0,0,0.1,0.2,0.2,
花蓮,2024/04/21 00:00:00,THC,2.05,1.99,1.94,1.93,1.92,1.91,1.92,1.94,1.95,1.97,1.98,1.95,1.87,1.86,1.85,1.86,1.87,1.89,1.88,1.92,1.94,1.95,1.94,1.97,
花蓮,2024/04/21 00:00:00,WD_HR,235,225,216,216,214,212,210,205,202,205,143,125,110,101,95,94,83,64,58,23,351,345,13,263,
花蓮,2024/04/21 00:00:00,WIND_DIREC,239,233,214,219,215,214,212,195,198,202,124,116,109,107,91,92,47,74,63,1,330,351,319,232,
花蓮,2024/04/21 00:00:00,WIND_SPEED,0.3,1,1.9,2.6,2.5,3.3,3.7,2.7,2.4,3,1.9,2.5,3.2,2.9,2.4,2.9,2.1,1.8,1.1,1.4,1.6,1.3,0.4,0.9,
花蓮,2024/04/21 00:00:00,WS_HR,0.7,0.9,1.5,2,2.4,2.8,3.2,3,2.5,2.4,1.2,1.7,2.4,2.5,2.5,2.4,2.3,1.4,1.3,1,1,0.9,0.4,0.5,
花蓮,2024/04/22 00:00:00,AMB_TEMP,26.6,26.2,25.9,25.8,25.4,24.9,25.9,28,29.6,30.6,30.3,30.7,30.5,29.8,29.4,29.2,26.6,25.7,25.9,25.9,25.7,25.7,25.7,25.4,
花蓮,2024/04/22 00:00:00,CH4,1.94,1.95,1.97,1.96,1.99,1.99,1.95,1.94,1.91,1.89,1.89,1.88,1.86,1.85,1.85,1.85,1.88,1.89,1.89,1.89,1.88,1.89,1.9,1.9,
花蓮,2024/04/22 00:00:00,CO,0.22,0.2,0.2,0.19,0.2,0.19,0.2,0.24,0.23,0.24,0.23,0.22,0.17,0.16,0.17,0.2,0.24,0.28,0.27,0.24,0.21,0.23,0.2,0.2,
花蓮,2024/04/22 00:00:00,NMHC,0.03,0.01,0,0,0,0,0,0.01,0.03,0.16,0.34,0.18,0.05,0.04,0,0.2,0.02,0.03,0.04,0.02,0.01,0.01,0.01,0,
花蓮,2024/04/22 00:00:00,NO,0.4,0.8,0.7,0.7,0.5,0.6,0.8,1.3,1.5,1.3,0.9,1,0.9,0.9,0.9,0.9,1.1,1.2,0.9,0.9,0.6,0.6,0.8,0.8,
花蓮,2024/04/22 00:00:00,NO2,4.9,3.4,2.4,1.7,1.9,2.1,2.6,2.4,3.3,2.9,1.7,1.8,1.4,1.6,1.7,2,5,6.6,5.6,3.8,2.8,4.5,4.3,3.8,
花蓮,2024/04/22 00:00:00,NOx,5.4,4.3,3.1,2.4,2.5,2.7,3.5,3.7,4.8,4.3,2.6,2.8,2.4,2.6,2.7,3,6.1,7.8,6.5,4.7,3.5,5.2,5.1,4.6,
花蓮,2024/04/22 00:00:00,O3,21.6,21,22.4,22.3,20.8,18.2,22.1,22.2,25.1,37.4,38.9,35.3,31.5,29.9,29,25.7,31.6,35.8,36.6,38.8,40.8,33.8,34,32,
花蓮,2024/04/22 00:00:00,PM10,24,18,23,*,22,22,20,18,20,29,22,33,22,30,19,25,25,24,21,18,16,22,21,21,
花蓮,2024/04/22 00:00:00,PM2.5,19,20,23,22,22,16,22,16,22,20,17,24,13,13,10,18,18,22,12,16,17,19,14,16,
花蓮,2024/04/22 00:00:00,RAINFALL,0,0,0,0,0,0,0,0,0,0,0,0,0,0,0,0,0,0,0,0,0,0,0,0,
花蓮,2024/04/22 00:00:00,RH,88,90,91,91,94,89,78,77,69,70,75,74,79,85,88,89,92,93,91,92,92,92,93,94,
花蓮,2024/04/22 00:00:00,SO2,0.6,0.4,0.3,0.4,0.4,0.3,0.3,0.4,0.2,#,#,0.8,0.8,0.5,0.5,0.7,0.8,0.7,1,0.7,0.7,0.7,0.5,0.6,
花蓮,2024/04/22 00:00:00,THC,1.97,1.96,1.96,1.95,1.99,1.99,1.95,1.95,1.94,2.05,2.23,2.06,1.91,1.89,1.85,2.05,1.9,1.92,1.93,1.91,1.89,1.9,1.91,1.9,
花蓮,2024/04/22 00:00:00,WD_HR,225,216,220,215,198,219,208,204,188,122,129,143,146,156,141,123,30,44,48,44,41,355,27,303,
花蓮,2024/04/22 00:00:00,WIND_DIREC,219,230,216,211,197,225,215,207,196,130,140,145,147,157,129,91,7,51,77,48,17,43,46,293,
花蓮,2024/04/22 00:00:00,WIND_SPEED,1.9,1.9,1.3,1,1.9,2.1,2,1.5,1.1,1.9,1.8,2.6,2.9,2.2,2.1,1.5,2.9,2,1.1,2.8,1,1.4,0.9,0.2,
花蓮,2024/04/22 00:00:00,WS_HR,1.4,1.3,1.3,1.5,1,2,1.9,2.1,0.6,1.5,1.8,1.9,2.2,2,1.6,1.3,1.6,1.8,1.3,2,1.1,0.6,0.7,0.7,
花蓮,2024/04/23 00:00:00,AMB_TEMP,25.4,25.1,25,24.9,24.8,24.6,24.8,25.4,26.2,27.5,28.1,27.6,27.5,27.2,28.2,28.1,27.7,27.1,27.2,26.7,26.5,26.5,26.4,26.2,
花蓮,2024/04/23 00:00:00,CH4,1.89,1.92,1.93,1.93,1.96,1.96,1.96,1.96,1.95,1.95,1.94,1.94,1.93,1.92,1.91,1.91,1.94,1.91,1.96,1.94,1.91,1.93,1.94,1.95,
花蓮,2024/04/23 00:00:00,CO,0.2,0.19,0.18,0.18,0.18,0.18,0.24,0.23,0.21,0.28,0.29,0.3,0.28,0.25,0.23,0.23,0.25,0.26,0.35,0.31,0.26,0.31,0.29,0.26,
花蓮,2024/04/23 00:00:00,NMHC,0,0,0,0.01,0.04,0.01,0.04,0.01,0.02,0.02,0.01,0.01,0,0.01,0.01,0.01,0.02,0.02,0.08,0.05,0.02,0.07,0.06,0.04,
花蓮,2024/04/23 00:00:00,NO,0.9,0,0.1,0,0,0.2,0.6,0.5,0.5,0.7,1.2,0.5,0.5,0.2,0,0.1,0,0,0,0,0,0,0,0,
花蓮,2024/04/23 00:00:00,NO2,3.5,3.4,3.5,3.2,4,4.9,5.7,4.5,4.2,4.9,5.9,5.1,4.8,3.7,3.5,4,3.8,4.4,7.8,7.7,6.8,8.6,11.2,9.7,
花蓮,2024/04/23 00:00:00,NOx,4.5,3.3,3.6,3.1,4,5.1,6.3,5.1,4.8,5.7,7.1,5.7,5.3,3.9,3.5,4.1,3.8,4.4,7.7,7.8,6.8,8.5,11.2,9.7,
花蓮,2024/04/23 00:00:00,O3,33,23.9,22.4,20.2,14.8,18,16.7,17.7,21.6,27.3,29.9,37.1,42,43.2,43.6,44.5,45.8,42.8,32.7,33.5,32.8,25.5,18.5,20.7,
花蓮,2024/04/23 00:00:00,PM10,22,21,24,21,22,52,60,42,A,A,A,A,A,A,A,*,A,A,A,A,A,A,A,A,
花蓮,2024/04/23 00:00:00,PM2.5,14,11,18,17,15,25,21,13,21,20,27,27,26,27,28,25,25,26,23,27,22,24,21,24,
花蓮,2024/04/23 00:00:00,RAINFALL,0,0,0.5,0,0,0,0,0,0,0,0,0,0,0,0,0,0,0,0,0,0,0,0,0,
花蓮,2024/04/23 00:00:00,RH,93,92,92,87,87,89,89,88,83,78,75,84,83,84,76,75,76,83,83,89,90,86,84,85,
花蓮,2024/04/23 00:00:00,SO2,0.8,0.5,0.4,0.5,0.4,0.1,0.2,0.5,0.3,0.5,0.7,0.4,0.4,0.4,0.4,0.5,0.2,0.2,0.1,0,0,0,0,0,
花蓮,2024/04/23 00:00:00,THC,1.89,1.92,1.93,1.94,2,1.97,2,1.97,1.97,1.97,1.95,1.95,1.93,1.93,1.92,1.92,1.96,1.93,2.04,1.99,1.93,2,2,1.99,
花蓮,2024/04/23 00:00:00,WD_HR,15,307,262,233,227,241,226,220,219,141,204,115,121,134,140,153,136,107,51,354,47,304,345,289,
花蓮,2024/04/23 00:00:00,WIND_DIREC,5,291,203,255,231,275,215,220,255,180,214,118,145,158,161,141,126,76,34,17,56,280,342,273,
花蓮,2024/04/23 00:00:00,WIND_SPEED,1,1.3,0.4,1.2,1.9,0.6,1.5,2.1,0.7,0.9,1.6,1,0.4,0.8,0.8,0.8,1,0.5,0.9,1.5,1.2,1,1,1,
花蓮,2024/04/23 00:00:00,WS_HR,0.2,0.6,0.6,0.9,0.9,0.7,1.3,1.8,0.8,0.4,1.2,1.1,0.6,0.9,0.8,0.7,0.6,0.4,0.9,1,1.2,0.4,0.4,1,
花蓮,2024/04/24 00:00:00,AMB_TEMP,26,25.7,26.2,25.6,25.5,25.4,25.3,25.2,24.5,24.2,24.3,23.9,23,22.7,22.8,22.3,22.2,22.3,22.3,22.5,22.5,22.3,22.4,21.9,
花蓮,2024/04/24 00:00:00,CH4,1.96,1.99,1.98,1.97,1.96,1.99,1.99,1.92,1.92,#,1.96,1.97,1.98,1.98,1.98,1.98,1.97,1.98,1.98,1.98,1.98,1.99,2.01,2.03,
花蓮,2024/04/24 00:00:00,CO,0.23,0.22,0.22,0.2,0.19,0.22,0.29,0.33,0.37,0.34,0.34,#,0.32,0.29,0.29,0.29,0.29,0.33,0.31,0.3,0.31,0.35,0.34,0.28,
花蓮,2024/04/24 00:00:00,NMHC,0.04,0.04,0.03,0.03,0.03,0.05,0.08,0.04,0.05,#,0.04,0.03,0.03,0.01,0.02,0.02,0.03,0.02,0.02,0.03,0.03,0.04,0.05,0.01,
花蓮,2024/04/24 00:00:00,NO,0.1,0.3,0.5,0.6,0.5,0.4,0.6,0.5,1.7,2.6,3.1,#,0.4,0.3,0.6,0.5,0.3,0.5,0.5,0.3,0.6,0.4,0.4,0.4,
花蓮,2024/04/24 00:00:00,NO2,7.9,6.4,6.8,5.5,4.1,5.6,8.4,5.9,15.4,18.2,15,#,5.6,5,5.3,5.4,5.6,6.2,5.3,5.2,4.2,6,6.4,4.7,
花蓮,2024/04/24 00:00:00,NOx,8.1,6.7,7.4,6.1,4.6,6,9,6.5,17.1,20.9,18.2,#,6,5.4,6,6,6,6.7,5.8,5.6,4.9,6.5,6.8,5.2,
花蓮,2024/04/24 00:00:00,O3,18.6,16.4,21.1,18.8,18.1,13.2,14,37.3,19.5,19.4,#,40.8,53.1,56.2,54.7,56.8,57.1,56.3,58.9,58.9,57.1,48.7,42.6,39.3,
花蓮,2024/04/24 00:00:00,PM10,A,A,A,A,A,A,A,A,A,#,16,19,14,12,11,21,8,15,11,11,13,11,10,8,
花蓮,2024/04/24 00:00:00,PM2.5,19,17,17,22,18,19,18,14,21,15,#,6,7,10,8,11,13,12,9,10,6,5,5,6,
花蓮,2024/04/24 00:00:00,RAINFALL,0,0,0,0,0,0,0,0.5,1.5,#,1.5,0,0,0.5,0,0.5,0,0,0,0,0,0,0,0,
花蓮,2024/04/24 00:00:00,RH,83,84,82,85,84,87,89,97,98,99,100,100,98,95,94,96,94,92,90,89,89,91,92,95,
花蓮,2024/04/24 00:00:00,SO2,x,x,x,x,x,x,x,x,x,x,x,#,0.2,0.3,0.3,0.5,0.3,0.4,0.4,0.4,0.3,0.3,0.4,0.3,
花蓮,2024/04/24 00:00:00,THC,2,2.03,2.01,2,1.99,2.04,2.07,1.96,1.97,#,2,2,2.01,1.99,2,2,2,2,2,2.01,2.01,2.03,2.06,2.04,
花蓮,2024/04/24 00:00:00,WD_HR,263,280,304,233,225,244,275,20,10,3,32,46,49,46,55,49,50,49,59,40,18,287,249,227,
花蓮,2024/04/24 00:00:00,WIND_DIREC,229,298,256,191,247,227,8,346,3,359,71,49,42,51,60,46,44,49,52,40,341,254,218,261,
花蓮,2024/04/24 00:00:00,WIND_SPEED,1.5,1.8,1.2,0.2,0.9,0.2,1.3,1.4,1.7,1.8,1.6,3.7,3.3,1.8,2.3,2.3,3.1,2.8,2.2,2,1.1,0.4,1.8,1,
花蓮,2024/04/24 00:00:00,WS_HR,0.6,1.2,0.6,0.9,0.9,0.2,0,1,1.1,1.3,0.9,2.1,2.3,2.5,1.8,2,2.1,2.2,2,1.6,1,0.7,0.8,1.4,
花蓮,2024/04/25 00:00:00,AMB_TEMP,21.8,21.7,21.8,21.7,21.7,21.7,22.1,22.7,23.1,23,23.6,24.5,26.7,28.5,27.5,26.3,25,24.4,24.4,24.1,24,23.6,23.4,22.9,
花蓮,2024/04/25 00:00:00,CH4,2.03,2.03,2.05,2.03,2.03,2.03,2.03,2.03,2.05,2.08,#,2.01,1.97,1.97,1.95,1.95,1.96,1.98,1.99,2.01,2.01,1.97,1.97,1.95,
花蓮,2024/04/25 00:00:00,CO,0.29,0.24,0.24,0.23,0.23,0.24,0.29,0.47,0.43,#,0.26,0.26,0.25,0.24,0.24,0.26,0.3,0.36,0.45,0.4,0.3,0.31,0.26,0.25,
花蓮,2024/04/25 00:00:00,NMHC,0.01,0,0,0,0,0,0.01,0.1,0.08,0.06,#,0.01,0.03,0,0,0.01,0.02,0.05,0.09,0.1,0.04,0.04,0.02,0.03,
花蓮,2024/04/25 00:00:00,NO,0.6,1,0.9,0.9,0.8,0.8,0.8,1.3,2.3,#,#,1.6,1.2,1.4,1.2,1.2,0.9,0.8,1.1,1.1,0.8,0.9,0.9,0.7,
花蓮,2024/04/25 00:00:00,NO2,3.7,2.4,2.4,2.1,2,2.3,3.7,8.4,11.7,#,#,3.7,2.7,3.1,2.7,5.5,11.2,8.6,10.7,10,6.7,5.3,4.1,3.5,
花蓮,2024/04/25 00:00:00,NOx,4.3,3.5,3.3,3,2.9,3.2,4.6,9.8,14,#,#,5.3,3.9,4.5,3.9,6.8,12.1,9.5,11.8,11.1,7.6,6.2,5,4.2,
花蓮,2024/04/25 00:00:00,O3,36.8,40.4,40.5,36.8,38.3,34.5,29.4,13.1,12.1,17.7,#,A,34.7,40.3,47.2,46.2,41.7,47.4,42.3,38,34.4,28.3,28,29.9,
花蓮,2024/04/25 00:00:00,PM10,13,10,7,11,10,8,7,10,21,#,x,6,7,8,7,21,10,7,2,11,8,10,10,6,
花蓮,2024/04/25 00:00:00,PM2.5,4,2,3,9,7,5,7,8,8,#,11,8,6,10,6,x,x,x,x,x,x,x,x,x,
花蓮,2024/04/25 00:00:00,RAINFALL,0,0,0,0,0,0,0,0,0,#,0,0,0,0,0,0,3.5,0.5,0.5,0.5,1,0.5,0.5,0,
花蓮,2024/04/25 00:00:00,RH,96,96,95,96,96,96,94,93,93,97,94,90,79,74,79,85,95,99,99,100,100,99,99,98,
花蓮,2024/04/25 00:00:00,SO2,0,0.3,0.4,0.3,0.4,0.3,0.3,0.5,0.5,#,x,0.2,0.4,0.4,0.3,0.4,0.7,0.4,0.3,0.3,0.3,0.4,0.4,0.2,
花蓮,2024/04/25 00:00:00,THC,2.04,2.03,2.04,2.02,2.02,2.03,2.04,2.13,2.13,2.14,#,2.02,2,1.96,1.94,1.96,1.98,2.03,2.08,2.11,2.05,2.01,1.99,1.98,
花蓮,2024/04/25 00:00:00,WD_HR,221,224,225,217,224,222,236,242,225,211,205,196,206,120,89,91,63,29,294,192,213,250,235,240,
花蓮,2024/04/25 00:00:00,WIND_DIREC,220,220,226,219,221,225,244,221,207,215,207,201,206,88,86,89,342,40,244,200,205,256,236,240,
花蓮,2024/04/25 00:00:00,WIND_SPEED,2.2,2.2,2.5,2.1,2.1,2.1,0.7,1.3,0.4,3.2,3.4,2.7,2.9,2.3,2.4,1.6,1.5,0.5,0.4,1,1.1,1.5,0.4,1.7,
花蓮,2024/04/25 00:00:00,WS_HR,1.8,2.2,2.1,2.3,2,1.9,1.1,0.7,1.1,2.2,3.5,2.5,2.6,1,2.7,1.4,0.4,0.6,0.3,0.4,1,1,0.8,0.7,
花蓮,2024/04/26 00:00:00,AMB_TEMP,22.6,22.6,22.6,22.3,22.3,22.1,22.8,25,26.4,26.4,27,27.2,26.4,26.2,26.1,25.7,25.6,25.5,25.3,25.1,25,25.3,25.3,24.9,
花蓮,2024/04/26 00:00:00,CH4,1.94,1.96,1.95,1.95,1.93,1.95,1.94,1.92,1.9,1.9,1.9,1.9,1.92,1.92,1.92,1.94,1.95,1.94,1.97,2.01,1.99,1.93,1.95,1.96,
花蓮,2024/04/26 00:00:00,CO,0.23,0.22,0.22,0.22,0.22,0.23,0.28,0.34,0.29,0.3,0.33,0.33,0.38,0.37,0.37,0.37,0.37,0.35,0.61,0.55,0.45,0.38,0.39,0.35,
花蓮,2024/04/26 00:00:00,NMHC,0.01,0,0,0,0,0,0.02,0.05,0.01,0.01,0.02,0.03,0.04,0.03,0.06,0.1,0.05,0.05,0.16,0.16,0.11,0.06,0.07,0.08,
花蓮,2024/04/26 00:00:00,NO,0.7,0.3,0.1,0.2,0.1,0.2,0.4,1.2,2.8,1.2,1.2,0.8,1.2,0.8,0.5,0.9,0.9,0.5,1,0.7,0.7,0.3,0.2,0.2,
花蓮,2024/04/26 00:00:00,NO2,2.6,1.3,1.3,1.3,1.6,2.3,4,5.6,8.7,5.5,6.6,6.5,10.1,7.8,7.7,11.1,11.6,9.9,20.5,22.5,16.7,13.5,14,10.7,
花蓮,2024/04/26 00:00:00,NOx,3.3,1.7,1.5,1.6,1.7,2.5,4.5,6.9,11.6,6.8,7.8,7.3,11.3,8.6,8.2,12.1,12.5,10.5,21.6,23.2,17.5,13.9,14.3,10.9,
花蓮,2024/04/26 00:00:00,O3,29.2,30.1,32.9,30.2,33.3,27.5,24,26.7,31.2,37.3,41.5,44.4,39.5,45,#,32.3,28.7,29.6,19.1,16.1,22.1,30,30.7,22.2,
花蓮,2024/04/26 00:00:00,PM10,4,9,9,9,5,15,13,13,11,12,14,9,14,12,30,17,15,24,30,33,29,27,18,12,
花蓮,2024/04/26 00:00:00,PM2.5,x,x,x,x,x,x,x,x,x,x,x,x,x,x,#,7,11,12,18,17,15,11,10,12,
花蓮,2024/04/26 00:00:00,RAINFALL,1,0.5,0,0,0,0,0,0,0,0,0,0,0,0,0,0,0,0,0,0,0,0,0,0,
花蓮,2024/04/26 00:00:00,RH,98,99,99,98,96,98,94,83,78,81,77,73,80,84,86,89,89,90,91,92,92,91,91,92,
花蓮,2024/04/26 00:00:00,SO2,0.9,0.3,0.3,0.4,0.3,0.3,0.3,0.4,0.6,0.5,0.8,1.8,2.4,1.4,1.2,1,1,0.5,0.6,0.9,0.8,0.9,0.8,0.7,
花蓮,2024/04/26 00:00:00,THC,1.95,1.95,1.93,1.94,1.92,1.95,1.96,1.97,1.91,1.91,1.92,1.93,1.96,1.95,1.98,2.04,2,1.99,2.13,2.17,2.1,1.99,2.02,2.04,
花蓮,2024/04/26 00:00:00,WD_HR,231,200,202,231,233,236,261,288,35,39,2,68,44,11,183,204,213,102,313,62,353,21,323,286,
花蓮,2024/04/26 00:00:00,WIND_DIREC,205,198,194,275,239,289,227,357,43,24,57,59,20,350,222,152,356,239,35,333,38,347,262,186,
花蓮,2024/04/26 00:00:00,WIND_SPEED,2.5,2.7,1.7,0.2,1.8,0.7,1.2,1.5,2.1,2.1,1.2,1.7,1.7,1.2,1.6,1.5,0.7,0.7,0.9,1.6,1.5,1.5,0.7,0.3,
花蓮,2024/04/26 00:00:00,WS_HR,1.3,2.4,1.9,1.3,1.6,1.5,0.8,0.2,1.5,1.4,1.2,0.9,1.1,0.9,0.6,1,0.5,0.7,0.5,0.7,1.2,1,0.8,0.7,
花蓮,2024/04/27 00:00:00,AMB_TEMP,24.2,23.9,23.7,23.5,23.4,23.2,23.6,23.9,24.9,25.9,26.6,27.4,27.7,28.1,27.6,27.7,27.5,26.9,26.5,26.2,26,26,25.8,25.5,
花蓮,2024/04/27 00:00:00,CH4,2,1.95,2,1.98,1.96,1.96,1.96,1.96,1.96,1.96,1.96,1.95,1.94,1.93,1.92,1.92,1.91,1.91,1.92,1.93,1.93,1.93,1.96,1.98,
花蓮,2024/04/27 00:00:00,CO,0.33,0.25,0.24,0.24,0.22,0.24,0.25,0.3,0.34,0.39,0.39,0.34,0.35,0.29,0.26,0.26,0.27,0.33,0.35,0.36,0.34,0.34,0.36,0.31,
花蓮,2024/04/27 00:00:00,NMHC,0.08,0.03,0.01,0.03,0.02,0.02,0.01,0.03,0.05,0.08,0.09,0.06,0.05,0.03,0.01,0.02,0.01,0.03,0.04,0.05,0.06,0.06,0.1,0.05,
花蓮,2024/04/27 00:00:00,NO,0.1,0.1,0.4,0.3,0.3,0.4,0.7,1.1,2.3,2.7,2.9,2.6,1.5,1.4,0.8,0.8,0.5,0.5,0.3,0.2,0.3,0.4,0.2,0.2,
花蓮,2024/04/27 00:00:00,NO2,8.2,4.3,4.2,4.2,4,3.9,3.7,4.2,6.1,7.8,9.2,9.1,7.7,8.2,7,7.2,4.3,4.8,5.9,6,7.4,7.5,8.9,6.4,
花蓮,2024/04/27 00:00:00,NOx,8.3,4.5,4.6,4.5,4.4,4.3,4.4,5.4,8.4,10.6,12.1,11.8,9.2,9.6,7.8,8.1,4.8,5.4,6.2,6.2,7.8,7.9,9.1,6.6,
花蓮,2024/04/27 00:00:00,O3,16.7,16.6,17,14,13.5,11.9,13,12.2,12.5,14.8,16.4,25.8,33.7,45.6,50.2,50.2,54.6,52.3,53.1,50.8,48.7,47.1,37,34.8,
花蓮,2024/04/27 00:00:00,PM10,19,16,18,14,22,17,16,21,21,26,21,13,15,23,22,28,18,16,23,18,23,23,26,24,
花蓮,2024/04/27 00:00:00,PM2.5,9,8,8,9,10,8,12,11,11,15,9,14,15,13,12,13,12,9,15,12,12,17,19,19,
花蓮,2024/04/27 00:00:00,RAINFALL,0,0,0,0,0,0,0,0,0,0,0,0,0,0,0,0,0,0,0,0,0,0,0,0,
花蓮,2024/04/27 00:00:00,RH,95,94,96,96,95,96,94,94,90,86,86,82,81,81,84,84,85,89,91,94,95,94,95,98,
花蓮,2024/04/27 00:00:00,SO2,0.3,0.4,0.5,0.4,0.4,0.2,0.3,0.5,0.5,0.5,0.5,0.4,0.6,0.6,0.5,0.7,0.6,0.6,0.6,0.6,0.6,0.5,0.6,0.5,
花蓮,2024/04/27 00:00:00,THC,2.08,1.98,2.01,2.01,1.98,1.98,1.97,1.99,2.01,2.04,2.05,2.01,1.99,1.96,1.93,1.94,1.92,1.94,1.96,1.98,1.99,1.99,2.06,2.03,
花蓮,2024/04/27 00:00:00,WD_HR,232,225,237,267,227,233,220,223,222,238,230,221,205,104,90,83,51,41,46,10,360,341,241,238,
花蓮,2024/04/27 00:00:00,WIND_DIREC,218,232,232,223,238,251,221,231,217,248,233,230,135,124,79,53,50,43,36,348,352,316,250,241,
花蓮,2024/04/27 00:00:00,WIND_SPEED,1.4,1.5,1.6,0.7,0.8,1.3,2.2,1.5,1.3,1.3,1.1,1.5,0.8,1.2,0.9,2.1,1.9,1.3,1.2,1.1,1.6,0.9,0.7,1.5,
花蓮,2024/04/27 00:00:00,WS_HR,1,1,1.1,0.6,1.3,1,1.9,1.5,1.5,0.9,1,1.8,0.6,0.7,1.1,1.5,1.7,1.2,1.2,0.9,1,1.2,0.6,1.1,
花蓮,2024/04/28 00:00:00,AMB_TEMP,25.3,25.1,25,24.8,24.6,24.5,24.5,24.8,25.5,26.3,27.4,29.3,29,28.1,28,28.3,27.9,27.4,27.4,27,26.7,26.4,26.3,25.9,
花蓮,2024/04/28 00:00:00,CH4,1.96,1.97,1.98,1.98,1.97,1.96,1.96,1.95,1.95,1.94,1.96,1.92,1.91,1.89,1.9,1.91,1.91,1.9,1.91,1.95,1.95,1.97,1.97,2,
花蓮,2024/04/28 00:00:00,CO,0.26,0.25,0.23,0.22,0.22,0.22,0.22,0.23,0.23,0.23,0.24,0.21,0.24,0.24,0.26,0.22,0.24,0.25,0.38,0.43,0.41,0.42,0.38,0.32,
花蓮,2024/04/28 00:00:00,NMHC,0.02,0.01,0,0.01,0,0,0,0,0,0.01,0.02,0,0.01,0.01,0.01,0,0.01,0.02,0.08,0.12,0.12,0.16,0.12,0.12,
花蓮,2024/04/28 00:00:00,NO,0.2,0,0.2,0.3,0,0.1,0.2,0.3,0.5,0.4,0.5,0.4,0.7,0.3,0.4,0.9,0.3,0.2,0.1,0.3,0.7,0.6,0.3,0.2,
花蓮,2024/04/28 00:00:00,NO2,4.2,2.4,2.3,1.8,1.4,1.4,1.3,1.6,1.9,1.9,2.9,2.1,3.2,3.5,4.9,4.4,3.1,3.4,5.4,9.9,11.1,10.5,9.9,7.5,
花蓮,2024/04/28 00:00:00,NOx,4.5,2.4,2.5,2.1,1.3,1.6,1.5,2,2.4,2.3,3.5,2.6,4,3.8,5.4,5.3,3.5,3.7,5.5,10.2,11.9,11.1,10.3,7.7,
花蓮,2024/04/28 00:00:00,O3,35.4,36.1,29.6,27.9,26.4,25.7,22.6,23.3,23.4,24.7,28.5,35.9,40.4,41.5,42.8,44.3,45,42.8,39.1,27.6,18.6,16.2,20,17.6,
花蓮,2024/04/28 00:00:00,PM10,20,20,18,21,17,17,17,14,15,18,13,17,18,15,14,17,22,20,20,27,24,23,23,21,
花蓮,2024/04/28 00:00:00,PM2.5,15,11,12,13,15,15,12,15,17,11,14,16,13,11,9,12,16,13,15,12,19,12,15,13,
花蓮,2024/04/28 00:00:00,RAINFALL,0,0,0,0,0,0,0,0,0,0,0,0,0,0,0,0,0,0,0,0,0,0,0,0,
花蓮,2024/04/28 00:00:00,RH,97,99,98,99,99,100,99,96,91,86,81,74,74,77,79,80,83,88,84,86,84,83,85,86,
花蓮,2024/04/28 00:00:00,SO2,0.6,0.5,0.5,0.5,0.5,0.5,0.6,0.7,0.6,0.6,0.6,0.4,0.3,0.4,0.5,0.8,0.7,0.6,0.6,0.7,0.8,0.6,0.7,0.7,
花蓮,2024/04/28 00:00:00,THC,1.98,1.98,1.98,1.99,1.97,1.95,1.94,1.94,1.95,1.95,1.98,1.91,1.92,1.9,1.91,1.9,1.92,1.92,1.99,2.07,2.07,2.13,2.09,2.12,
花蓮,2024/04/28 00:00:00,WD_HR,224,229,229,232,217,216,208,205,213,207,180,98,51,57,62,130,134,141,292,301,305,297,293,235,
花蓮,2024/04/28 00:00:00,WIND_DIREC,219,220,237,237,221,216,206,195,231,189,179,105,56,53,128,134,141,258,300,245,292,340,353,228,
花蓮,2024/04/28 00:00:00,WIND_SPEED,2.1,1.2,1.9,1.2,2.4,2.2,3.1,2.6,3.1,1.6,1,1.6,2.5,1.1,0.9,1.5,0.9,0.3,0.9,0.8,1.2,0.4,0.4,0.9,
花蓮,2024/04/28 00:00:00,WS_HR,1.7,1.3,1.1,1.3,2.2,1.8,2.8,3,2.6,2.2,1,0.9,1.5,1.2,0.5,1,0.8,0.6,0.5,0.2,0.4,0.3,0.7,0.8,
花蓮,2024/04/29 00:00:00,AMB_TEMP,25.2,25,25,24.8,24.8,24.8,25,26.6,29.1,30.9,31.6,31.7,31.6,31.3,31.2,30.8,30.1,29.2,28.2,27.9,27.9,27.5,27.5,27.1,
花蓮,2024/04/29 00:00:00,CH4,1.97,1.94,1.97,2,2.02,2.02,2.01,2.02,1.96,1.93,1.89,1.89,1.88,1.88,1.87,1.87,1.87,1.88,1.88,1.89,1.91,1.93,1.95,1.96,
花蓮,2024/04/29 00:00:00,CO,0.23,0.19,0.2,0.19,0.2,0.22,0.23,0.3,0.24,0.27,0.23,0.22,0.22,0.2,0.2,0.2,0.22,0.26,0.27,0.27,0.31,0.3,0.32,0.26,
花蓮,2024/04/29 00:00:00,NMHC,0.05,0.01,0.04,0.03,0.02,0.04,0.01,0.04,0.01,0.02,0,0,0,0,0,0.01,0.01,0.01,0.02,0.01,0.06,0.06,0.09,0.07,
花蓮,2024/04/29 00:00:00,NO,0.3,0,0,0.1,0.1,0.2,0.5,2,1.9,2.8,2.2,1.8,1.1,0.4,0.6,0.6,0.7,0.3,0.1,0.1,0,0.3,0.4,0.4,
花蓮,2024/04/29 00:00:00,NO2,5.6,2.2,2.7,3.1,2.9,4.6,3.9,4.8,4.8,8.2,5.8,6.2,5.1,2.2,2.3,2.7,3.1,3.9,4.1,4.1,5.5,7.1,8.1,7.4,
花蓮,2024/04/29 00:00:00,NOx,6,2.2,2.7,3.2,3.1,4.9,4.5,6.9,6.8,11,8,8.1,6.2,2.6,3,3.3,3.8,4.3,4.2,4.2,5.6,7.4,8.5,7.8,
花蓮,2024/04/29 00:00:00,O3,15.7,18.5,16.8,14.8,13.5,12.5,13.7,14.3,23.6,31,41.5,40.6,43.6,42.7,40.5,37.3,37,35.5,39.5,41.9,30.7,19.7,19.1,23,
花蓮,2024/04/29 00:00:00,PM10,19,21,18,18,16,21,19,21,23,#,26,33,21,11,18,33,29,30,25,25,32,23,27,25,
花蓮,2024/04/29 00:00:00,PM2.5,16,11,13,14,13,15,12,16,11,11,#,15,13,15,13,17,17,12,12,18,15,20,15,17,
花蓮,2024/04/29 00:00:00,RAINFALL,0,0,0,0,0,0,0,0,0,0,0,0,0,0,0,0,0,0,0,0,0,0,0,0,
花蓮,2024/04/29 00:00:00,RH,89,87,88,90,92,92,91,85,75,62,56,60,63,68,70,74,77,83,92,95,91,89,82,80,
花蓮,2024/04/29 00:00:00,SO2,0.5,0.7,0.7,0.9,0.7,0.9,0.9,0.9,0.7,0.6,0.4,0.6,0.4,0.3,0.5,0.4,0.4,0.6,0.8,1,1.4,1.1,0.9,1,
花蓮,2024/04/29 00:00:00,THC,2.02,1.95,2.01,2.03,2.04,2.06,2.02,2.06,1.97,1.95,1.89,1.89,1.88,1.87,1.87,1.88,1.88,1.89,1.9,1.9,1.97,1.99,2.04,2.03,
花蓮,2024/04/29 00:00:00,WD_HR,243,232,255,237,238,224,216,231,212,55,83,89,39,71,54,50,47,53,28,359,278,256,292,258,
花蓮,2024/04/29 00:00:00,WIND_DIREC,256,230,259,218,219,231,205,221,266,80,95,80,78,46,56,35,36,74,25,329,248,197,295,222,
花蓮,2024/04/29 00:00:00,WIND_SPEED,1.1,1.3,0.8,1,0.7,1.7,1.6,1.8,0.7,2.3,3.5,2.6,2.9,2.1,2.3,2.4,2,1.7,1.6,1.1,1.2,0.2,1.2,1.5,
花蓮,2024/04/29 00:00:00,WS_HR,0.9,0.9,0.5,1,0.6,1.1,1.7,1.6,1.4,1,2.6,2.6,2,2.3,1.9,1.4,1.6,1.6,1.2,0.8,0.8,0.5,0.6,1,
花蓮,2024/04/30 00:00:00,AMB_TEMP,26.3,26.1,25.5,25.2,25.1,25.1,25.6,27.2,28.8,30.6,30.9,31.6,30.8,30.6,30.5,29.8,29.3,29.2,28.9,27.9,28,28.3,28.3,28.1,
花蓮,2024/04/30 00:00:00,CH4,1.97,1.97,1.93,1.97,1.93,1.91,1.92,1.93,1.94,1.91,1.87,1.87,1.87,1.86,1.86,1.86,1.86,1.88,1.87,1.87,1.89,1.91,1.92,1.93,
花蓮,2024/04/30 00:00:00,CO,0.21,0.19,0.17,0.18,0.18,0.19,0.22,0.23,0.22,0.21,0.2,0.2,0.19,0.19,0.19,0.21,0.25,0.33,0.28,0.26,0.3,0.36,0.33,0.28,
花蓮,2024/04/30 00:00:00,NMHC,0.02,0.01,0.01,0,0,0,0.02,0.01,0.01,0.01,0.01,0.01,0,0,0,0,0.02,0.03,0.02,0.01,0.03,0.05,0.06,0.05,
花蓮,2024/04/30 00:00:00,NO,0.1,1.3,0.8,1,0.8,0.8,1.1,1.4,2,1.6,1.2,1.1,0.9,1,0.9,1.1,1.3,1.3,1,0.9,0.9,1.1,0.9,1,
花蓮,2024/04/30 00:00:00,NO2,4.5,2.6,2.3,1.9,1.9,2.3,4.2,3.1,3.4,3.3,2.1,1.9,1.6,1.4,1.1,1.9,5.2,7.3,5.9,4.3,5,11.3,9.1,7.7,
花蓮,2024/04/30 00:00:00,NOx,4.6,3.9,3.1,2.9,2.7,3.2,5.4,4.5,5.5,5,3.3,3.1,2.6,2.5,2.1,3,6.5,8.6,6.9,5.2,6,12.4,10.1,8.8,
花蓮,2024/04/30 00:00:00,O3,22.4,22.9,24.2,24.3,26.1,27.4,23.9,26.5,30.1,40.6,46.6,41.2,38.6,40.8,44.6,45.7,37.3,36.7,41.9,41.3,39.3,27.5,26.3,26.9,
花蓮,2024/04/30 00:00:00,PM10,23,21,22,26,18,16,17,21,20,25,23,27,23,25,30,23,24,26,22,23,22,29,26,21,
花蓮,2024/04/30 00:00:00,PM2.5,14,13,20,18,18,17,17,17,14,16,18,15,12,18,19,17,19,22,19,19,16,18,18,15,
花蓮,2024/04/30 00:00:00,RAINFALL,0,0,0,0,0,0,0,0,0,0,0,0,0,0,0,0,0,0,0,0,0,0,0,0,
花蓮,2024/04/30 00:00:00,RH,84,83,76,80,80,75,76,74,69,63,67,67,77,80,81,82,84,83,83,91,85,82,80,80,
花蓮,2024/04/30 00:00:00,SO2,0.5,0.2,0.3,0.3,0.4,0.3,0.3,0.5,0.5,0.4,0.3,0.2,0,0,0,0.1,0.2,0.4,0.6,0.6,0.6,0.7,0.7,0.6,
花蓮,2024/04/30 00:00:00,THC,1.99,1.98,1.94,1.97,1.93,1.91,1.94,1.94,1.95,1.92,1.88,1.88,1.86,1.85,1.84,1.85,1.88,1.91,1.89,1.88,1.92,1.96,1.98,1.98,
花蓮,2024/04/30 00:00:00,WD_HR,224,230,228,228,222,233,214,208,208,187,138,150,139,138,132,96,62,40,51,48,24,323,305,254,
花蓮,2024/04/30 00:00:00,WIND_DIREC,232,232,227,246,236,260,210,211,205,127,144,135,142,129,124,89,35,68,39,42,339,332,306,215,
花蓮,2024/04/30 00:00:00,WIND_SPEED,1.3,1.5,1.8,1,1.7,1.3,2.4,3.5,2.5,2.2,2.8,2.6,3,2.8,1.6,1.6,2,1.6,2.5,2.1,1.4,1.1,0.6,1.5,
花蓮,2024/04/30 00:00:00,WS_HR,1.2,1.4,1.7,1.8,2,1.8,1.5,2.5,2.6,1.4,1.9,1.9,2.2,2.2,1.7,1.9,1.5,1.6,2,2,1.1,0.8,0.5,1,
花蓮,2024/05/01 00:00:00,AMB_TEMP,27.2,26.8,27,26.8,26.7,26.4,30.8,28.5,26.7,28.3,28.7,27.6,27.2,26.5,25.2,24.5,23.4,23.1,22.7,23.2,23.1,23.1,22.7,22.2,
花蓮,2024/05/01 00:00:00,CH4,1.95,1.93,1.94,1.98,1.97,1.97,1.91,1.92,1.94,1.91,1.89,1.91,1.91,1.93,1.93,1.94,1.94,1.94,1.95,1.95,1.95,1.96,1.97,1.97,
花蓮,2024/05/01 00:00:00,CO,0.23,0.21,0.21,0.21,0.2,0.21,0.18,0.22,0.25,0.29,0.23,0.25,0.25,0.27,0.27,0.28,0.28,0.3,0.27,0.26,0.26,0.29,0.27,0.27,
花蓮,2024/05/01 00:00:00,NMHC,0.03,0,0,0.03,0.02,0.01,0,0,0,0.04,0.01,0,0,0,0.01,0.01,0,0.02,0,0,0,0.01,0,0,
花蓮,2024/05/01 00:00:00,NO,0.9,0.6,0.6,0.5,0.5,0.3,0.4,0.6,0.9,1.3,1.3,0.5,0.9,0.7,0.5,0.5,0.6,0.6,0.7,0.5,0.6,0.6,0.5,0.5,
花蓮,2024/05/01 00:00:00,NO2,6,2.4,2.5,3.2,3.4,2.7,2,3.4,4.3,6.6,5.4,3.7,3.5,2.8,3.2,3.7,3.7,4.3,3.6,3.3,3.3,3.6,3.8,3.2,
花蓮,2024/05/01 00:00:00,NOx,6.9,3.1,3.1,3.7,4,3.1,2.4,4,5.2,8,6.7,4.3,4.4,3.6,3.7,4.2,4.4,4.9,4.3,3.9,3.9,4.2,4.4,3.8,
花蓮,2024/05/01 00:00:00,O3,23.9,28.9,28.7,25.3,26.4,26.2,62.4,57.2,36.7,41.2,53,65.6,65,64.2,63.4,62.6,62.3,61.4,61,59.9,58.8,56.2,53.5,52.8,
花蓮,2024/05/01 00:00:00,PM10,20,16,17,20,16,17,47,17,19,22,22,30,22,28,21,16,8,11,8,22,6,11,8,10,
花蓮,2024/05/01 00:00:00,PM2.5,10,13,13,13,18,18,10,7,11,11,10,11,19,9,8,8,8,7,6,11,8,11,9,6,
花蓮,2024/05/01 00:00:00,RAINFALL,0,0,0,0,0,0,0,0,0,0,0,0,0,0,0,0,0.5,0.5,1.5,0.5,0.5,0,0,0.5,
花蓮,2024/05/01 00:00:00,RH,82,78,79,85,84,83,37,48,74,65,68,83,86,87,92,94,99,100,100,98,97,96,99,100,
花蓮,2024/05/01 00:00:00,SO2,0.7,0.5,0.3,0.4,0.7,0.7,0.6,0.7,0.8,1,0.9,0.8,0.7,0.7,0.8,0.8,0.8,0.7,0.8,1,1,1.1,1,1.1,
花蓮,2024/05/01 00:00:00,THC,1.98,1.93,1.94,2.01,1.99,1.98,1.9,1.92,1.94,1.95,1.9,1.9,1.9,1.93,1.94,1.95,1.94,1.96,1.95,1.95,1.95,1.97,1.97,1.97,
花蓮,2024/05/01 00:00:00,WD_HR,218,218,267,284,232,220,224,218,209,45,58,81,86,58,42,31,41,46,48,51,44,20,335,306,
花蓮,2024/05/01 00:00:00,WIND_DIREC,212,233,58,258,220,258,212,195,193,31,52,84,87,30,49,52,34,35,50,40,42,346,318,309,
花蓮,2024/05/01 00:00:00,WIND_SPEED,1.7,2.1,0.6,0.9,1.5,1.8,5.5,3.3,1.1,2.4,2.4,3.3,3.6,2.4,2.5,2.6,2.6,2,2.8,2.4,2.2,1.7,1.8,1.7,
花蓮,2024/05/01 00:00:00,WS_HR,1.2,1.3,0.3,0.3,1,0.7,4.3,3.1,2.5,1.3,2.2,2.7,3.5,2.5,1.9,1.7,1.8,1.9,2.4,2.1,1.6,1.3,1.4,1.1,
花蓮,2024/05/02 00:00:00,AMB_TEMP,21.8,22,22.2,22.1,22.3,22.5,22.9,22.7,22.5,22.4,22.5,23,23.4,23.4,23.2,22.9,22.6,22.6,22.5,22.2,22.2,22.2,22,22,
花蓮,2024/05/02 00:00:00,CH4,1.96,1.96,1.97,1.99,1.98,1.98,1.99,1.99,1.98,1.98,1.96,1.97,1.96,1.96,1.96,1.96,1.96,1.96,1.96,1.96,1.96,1.96,1.96,1.96,
花蓮,2024/05/02 00:00:00,CO,0.26,0.25,0.25,0.24,0.29,0.32,0.34,0.45,0.46,0.35,0.33,0.38,0.33,0.32,0.32,0.29,0.31,0.36,0.35,0.31,0.31,0.34,0.29,0.29,
花蓮,2024/05/02 00:00:00,NMHC,0,0,0,0,0,0.02,0.02,0.07,0.06,0.03,0.04,0.07,0.03,0.02,0.04,0.02,0.02,0.06,0.03,0.03,0.03,0.04,0.02,0.02,
花蓮,2024/05/02 00:00:00,NO,0.3,0.3,0.3,0.4,0.3,0.5,0.7,0.9,3.1,1.1,0.9,1.1,1.2,0.9,0.8,0.7,0.6,0.5,0.6,0.4,0.5,0.4,0.2,0.5,
花蓮,2024/05/02 00:00:00,NO2,2.4,2.8,2.6,2.3,7.2,15.9,17.4,15.6,17.6,13.4,8.8,10.7,10.2,8.9,8.8,9.5,8.9,11.2,11.6,7.9,7.8,7.7,5.6,5,
花蓮,2024/05/02 00:00:00,NOx,2.7,3.2,2.9,2.8,7.6,16.4,18.2,16.5,20.7,14.5,9.7,11.8,11.5,9.8,9.6,10.2,9.5,11.7,12.3,8.3,8.3,8.2,5.9,5.5,
花蓮,2024/05/02 00:00:00,O3,54,53,53.2,52.3,37.6,22.5,25.6,28.6,26.1,35.5,46.5,45.1,45.7,46.4,48.9,49.2,49.4,45.2,44.5,47.2,44.8,42.7,47.7,46.8,
花蓮,2024/05/02 00:00:00,PM10,6,1,0,0,4,10,7,6,4,6,4,1,8,6,10,13,9,14,12,12,10,6,6,7,
花蓮,2024/05/02 00:00:00,PM2.5,4,3,6,6,5,5,12,8,7,8,6,6,5,6,8,12,14,9,11,9,9,7,6,6,
花蓮,2024/05/02 00:00:00,RAINFALL,0,0,0,0,0,0.5,0,0,0.5,0.5,0,0.5,0,0,0,0,0,0,1,0.5,2.5,3,3,0.5,
花蓮,2024/05/02 00:00:00,RH,100,99,98,99,100,99,98,100,100,100,100,100,98,99,99,100,100,100,100,100,100,100,100,100,
花蓮,2024/05/02 00:00:00,SO2,0.9,0.8,0.8,0.7,1,1.2,1.7,1.4,1.4,1.4,1.2,1,1.1,1.3,1.2,1.3,1.1,1.1,1.2,1.2,1.2,1.1,1.1,1.2,
花蓮,2024/05/02 00:00:00,THC,1.95,1.96,1.96,1.98,1.98,2,2.01,2.06,2.04,2.01,2,2.04,1.99,1.98,2,1.98,1.98,2.02,1.99,1.99,1.99,2,1.98,1.98,
花蓮,2024/05/02 00:00:00,WD_HR,312,325,342,356,297,300,6,292,243,216,247,32,44,47,24,44,44,46,44,47,59,49,36,45,
花蓮,2024/05/02 00:00:00,WIND_DIREC,300,330,349,321,311,303,27,236,242,217,281,71,51,52,21,38,50,22,39,57,44,48,56,31,
花蓮,2024/05/02 00:00:00,WIND_SPEED,1.7,1.6,0.3,0.2,0.7,0.2,0.4,0.2,1.1,0.2,0.2,0.8,0.5,1.5,1.3,1.9,1.2,0.8,1.6,0.3,0.4,0.2,0.2,0.3,
花蓮,2024/05/02 00:00:00,WS_HR,1,1.2,0.4,0.3,0.5,0.2,0.1,0.2,0.6,0.5,0.2,0.1,0.3,1,0.9,1.6,1.3,0.8,0.8,0.5,0.3,0.4,0.3,0.4,
花蓮,2024/05/03 00:00:00,AMB_TEMP,21.8,21.8,21.7,21.8,21.9,22.1,22.4,23.1,24.4,25.1,25.6,25.8,25.8,25.6,24.8,24.1,24.2,24,24.3,24.6,24.1,24.1,23.8,23.5,
花蓮,2024/05/03 00:00:00,CH4,1.96,1.96,1.96,1.96,1.98,1.99,1.99,1.98,1.96,1.94,1.94,1.96,1.95,1.95,1.95,1.96,1.97,1.96,1.96,1.97,2,2.01,2.03,2.01,
花蓮,2024/05/03 00:00:00,CO,0.26,0.24,0.24,0.25,0.27,0.29,0.37,0.39,0.38,0.28,0.28,0.29,0.29,0.27,0.28,0.32,0.38,0.44,0.4,0.4,0.32,0.37,0.33,0.28,
花蓮,2024/05/03 00:00:00,NMHC,0.01,0,0.01,0,0,0.02,0.04,0.05,0.06,0.01,0.03,0.01,0.02,0.01,0.01,0.03,0.05,0.08,0.06,0.07,0.04,0.08,0.04,0.03,
花蓮,2024/05/03 00:00:00,NO,0.2,0.4,0.2,0.2,0.3,0.4,0.9,1.3,2,2.1,0.8,1,0.9,0.6,0.7,0.7,0.6,0.6,0.4,0.6,0.6,0.6,0.4,0.6,
花蓮,2024/05/03 00:00:00,NO2,3.7,2.8,2.3,2.4,2.9,4.2,10.2,7.8,10,8.3,5.5,5.5,3.9,3.2,4.1,5.9,8.1,9.3,8.6,8,6.2,6.1,5.8,5.5,
花蓮,2024/05/03 00:00:00,NOx,4,3.2,2.5,2.6,3.3,4.7,11.2,9.2,12.1,10.4,6.4,6.5,4.8,3.8,4.8,6.7,8.7,9.9,9.1,8.7,6.8,6.7,6.3,6.2,
花蓮,2024/05/03 00:00:00,O3,50.6,49.6,50.6,47.8,43.2,35.1,28,30.6,36.1,45,52.6,53.9,54.2,53.3,51.7,47.4,43.6,42,42.2,35.5,33.9,30.5,27.7,19.5,
花蓮,2024/05/03 00:00:00,PM10,10,7,8,5,5,8,10,9,11,11,12,16,15,17,26,22,24,25,17,16,21,13,15,17,
花蓮,2024/05/03 00:00:00,PM2.5,11,7,7,7,5,4,6,5,9,12,11,7,8,14,13,12,21,12,12,13,17,12,9,12,
花蓮,2024/05/03 00:00:00,RAINFALL,0.5,0.5,0,0,0,0,0,0,0,0,0,0,0,0,0,0,0,0,0,0,0,0,0,0,
花蓮,2024/05/03 00:00:00,RH,100,100,100,100,100,100,100,99,94,91,86,85,85,86,91,96,96,98,95,94,98,98,99,100,
花蓮,2024/05/03 00:00:00,SO2,1.4,0.3,0.4,0.4,0.5,0.3,0.3,0.6,1,1.1,0.9,1.1,1.1,0.7,0.6,0.6,0.7,0.6,0.8,0.7,0.6,0.7,0.8,0.7,
花蓮,2024/05/03 00:00:00,THC,1.97,1.96,1.97,1.96,1.98,2.01,2.03,2.03,2.02,1.95,1.97,1.97,1.97,1.96,1.96,1.99,2.02,2.04,2.02,2.04,2.04,2.09,2.07,2.04,
花蓮,2024/05/03 00:00:00,WD_HR,53,67,41,339,333,300,264,235,71,53,73,72,57,47,46,0,335,328,327,274,220,253,226,233,
花蓮,2024/05/03 00:00:00,WIND_DIREC,51,44,30,317,325,287,215,246,86,84,93,70,30,67,30,340,328,331,330,227,232,255,212,220,
花蓮,2024/05/03 00:00:00,WIND_SPEED,0.2,0.4,0.2,0.2,0.2,0.2,0.2,0.3,0.3,2.1,2.3,2.1,1.9,1.5,2,1.3,1.7,0.9,1.1,0.4,1.2,1,1.2,1.1,
花蓮,2024/05/03 00:00:00,WS_HR,0.3,0.3,0.3,0.2,0.2,0.2,0.2,0.2,0.1,1,1.6,1.4,1.5,1.3,1.6,1.2,1.2,1,1.3,0.6,1.3,0.8,1.1,1.2,
花蓮,2024/05/04 00:00:00,AMB_TEMP,23.2,23.1,22.9,22.9,23,22.9,23.7,25.6,27.5,29.2,28.9,28.9,29,29.3,28.8,28.4,27.5,27.3,27,26.8,26.9,26.6,26.4,26,
花蓮,2024/05/04 00:00:00,CH4,2.01,2.03,2.02,2,2,2.02,2,1.99,1.98,1.93,1.93,1.93,1.92,1.91,1.91,1.91,1.91,1.91,1.9,1.92,1.95,1.95,1.94,2,
花蓮,2024/05/04 00:00:00,CO,0.24,0.24,0.23,0.23,0.22,0.23,0.24,0.24,0.25,0.23,0.23,0.25,0.25,0.24,0.25,0.24,0.23,0.24,0.24,0.28,0.39,0.35,0.26,0.24,
花蓮,2024/05/04 00:00:00,NMHC,0.01,0.01,0,0,0,0,0,0,0,0,0,0,0,0,0,0,0,0,0,0.01,0.1,0.09,0.01,0,
花蓮,2024/05/04 00:00:00,NO,0.4,0.7,0.5,0.3,0.3,0.3,0.6,0.8,1,0.9,0.7,0.6,0.5,0.5,0.6,0.5,0.6,0.5,0.6,0.6,0.6,0.8,0.3,0.2,
花蓮,2024/05/04 00:00:00,NO2,3.2,1.7,1.5,1.4,1.4,1.7,1.6,1.5,1.8,2.3,1.9,2.1,1.5,1.1,1.2,1.6,1.5,2.4,1.9,2.7,7,7.6,3.6,2.2,
花蓮,2024/05/04 00:00:00,NOx,3.7,2.4,2,1.7,1.7,2,2.3,2.3,2.8,3.3,2.7,2.8,2.1,1.6,1.9,2.1,2.1,2.9,2.6,3.3,7.7,8.4,4,2.4,
花蓮,2024/05/04 00:00:00,O3,22.4,26.5,23.9,27,23.7,18.6,21,23.2,32.1,43.5,46.5,49.2,50.6,51.4,54.2,48.3,47.2,44.8,45.3,39,22.2,20.6,25.4,19.9,
花蓮,2024/05/04 00:00:00,PM10,15,5,17,6,15,16,14,13,9,5,8,14,11,11,9,11,11,11,8,5,24,22,13,13,
花蓮,2024/05/04 00:00:00,PM2.5,7,5,8,10,10,12,11,7,10,7,10,9,11,7,7,6,7,9,7,7,18,14,14,14,
花蓮,2024/05/04 00:00:00,RAINFALL,0,0,0,0,0,0,0,0,0,0,0,0,0,0,0,0,0,0,0,0,0,0,0,0,
花蓮,2024/05/04 00:00:00,RH,100,100,100,100,100,100,97,89,81,70,73,76,77,77,83,82,86,88,91,91,89,90,89,95,
花蓮,2024/05/04 00:00:00,SO2,0.5,0.3,0.3,0.4,0.3,0.4,0.4,0.3,1.1,0.7,0.5,0.9,0.8,0.2,0.1,0.3,0.3,0.3,0.3,0.5,0.6,0.5,0.5,0.6,
花蓮,2024/05/04 00:00:00,THC,2.02,2.04,2.02,2,1.99,2.02,2,1.99,1.97,1.93,1.92,1.92,1.91,1.9,1.89,1.9,1.89,1.9,1.89,1.93,2.05,2.04,1.95,2,
花蓮,2024/05/04 00:00:00,WD_HR,218,224,223,222,217,216,216,203,207,111,105,106,103,97,101,115,112,113,130,272,281,276,209,210,
花蓮,2024/05/04 00:00:00,WIND_DIREC,221,231,224,222,217,214,216,199,119,101,109,106,101,99,111,128,91,117,115,279,281,272,193,198,
花蓮,2024/05/04 00:00:00,WIND_SPEED,2.4,2,2.2,1.6,1.8,2,2.1,1.8,0.9,2,2.9,2.5,2.9,3,1.9,0.8,0.3,0.8,0.2,1,1,1.2,1.8,2.3,
花蓮,2024/05/04 00:00:00,WS_HR,1.8,1.8,1.8,1.6,1.6,1.8,2.1,1.8,1.2,1.2,2.2,2.5,2.4,2.3,2.2,1.1,0.8,0.7,0.3,0.3,0.8,0.8,1,1.7,
花蓮,2024/05/05 00:00:00,AMB_TEMP,25.6,25.5,25.3,24.9,24.6,24.7,25.5,26.7,27.4,27.5,28.4,28.8,28.9,29.5,29.4,29.1,29.1,27.9,26.5,26.6,26.2,26,25.5,25.5,
花蓮,2024/05/05 00:00:00,CH4,1.98,1.97,1.99,2,2.02,2,1.96,1.97,1.85,1.85,1.85,1.84,1.84,1.84,1.84,1.84,1.84,1.84,1.85,1.87,1.89,1.89,1.9,1.91,
花蓮,2024/05/05 00:00:00,CO,0.24,0.21,0.21,0.2,0.2,0.21,0.23,0.24,0.13,0.13,0.13,0.12,0.12,0.11,0.1,0.11,0.11,0.14,0.17,0.22,0.17,0.16,0.15,0.15,
花蓮,2024/05/05 00:00:00,NMHC,0,0,0,0,0,0,0,0,0,0,0,0,0,0,0,0,0,0,0,0.02,0,0,0,0,
花蓮,2024/05/05 00:00:00,NO,0.3,1,0.7,0.7,0.6,0.8,1.1,1.3,1.1,1.1,0.9,1,1,1.1,1,0.9,0.6,0.9,1.1,1.1,0.8,1,0.9,0.5,
花蓮,2024/05/05 00:00:00,NO2,1.8,1.7,1.3,1.3,1.7,2.2,2,1.9,1.2,1.1,0.9,0.8,1,1,0.8,1.2,1.3,1.7,2.1,3.8,2.5,2.1,1.4,1.3,
花蓮,2024/05/05 00:00:00,NOx,2.1,2.7,2.1,2,2.3,3.1,3.2,3.2,2.3,2.2,1.8,1.8,2.1,2.2,1.9,2.2,2,2.6,3.3,4.9,3.4,3.2,2.3,1.9,
花蓮,2024/05/05 00:00:00,O3,23.8,24.1,25.1,18.2,15.5,15.9,16.1,15.4,19.1,19.2,21.1,21.3,21.3,22.3,22.6,22.7,22.7,24.3,30.9,26.9,26.9,27.4,27.3,26.6,
花蓮,2024/05/05 00:00:00,PM10,13,12,9,16,14,21,22,18,6,5,3,3,3,3,2,1,1,5,18,19,14,9,9,10,
花蓮,2024/05/05 00:00:00,PM2.5,15,11,11,9,10,9,12,7,3,4,2,6,6,5,4,4,5,10,11,12,10,8,5,10,
花蓮,2024/05/05 00:00:00,RAINFALL,0,0,0,0,0,0,0,0,0,0,0,0,0,0,0,0,0,0,0,0,0,0,0,0,
花蓮,2024/05/05 00:00:00,RH,97,97,97,99,99,99,94,90,93,94,88,89,88,85,83,84,86,92,95,94,95,94,95,95,
花蓮,2024/05/05 00:00:00,SO2,0.5,0,0,0,0.3,0.2,0.1,0,0,0,0,0,0,#,#,0,0,0,0,0,0,0,0,0,
花蓮,2024/05/05 00:00:00,THC,1.98,1.96,1.98,2,2.02,2,1.96,1.97,1.84,1.84,1.83,1.82,1.83,1.82,1.81,1.81,1.82,1.82,1.85,1.89,1.89,1.89,1.88,1.9,
花蓮,2024/05/05 00:00:00,WD_HR,209,204,211,214,217,207,223,201,132,136,128,115,124,133,110,96,95,120,167,202,208,222,210,205,
花蓮,2024/05/05 00:00:00,WIND_DIREC,198,203,209,224,229,211,204,180,128,132,122,116,118,127,100,88,90,120,22,167,226,216,204,189,
花蓮,2024/05/05 00:00:00,WIND_SPEED,1.8,2.4,1.7,1.6,1.6,1.8,1.9,2.1,1.6,1.6,1.7,2,2.1,1.7,1.8,1.8,2.2,1.9,1,1.2,2.6,1.9,2.5,1.3,
花蓮,2024/05/05 00:00:00,WS_HR,2.4,2.2,2,1.9,1.6,1,1.7,1.6,1.5,1.2,1.4,1.6,1.3,1.4,1.5,1.4,1.7,1.7,0.4,0.5,1.7,2.2,2.6,2.1,
花蓮,2024/05/06 00:00:00,AMB_TEMP,25.5,25.4,25.4,25.5,25.4,25.2,25.8,28,30,31,31.2,31.2,30.9,30.7,30.6,29.7,29.1,28.4,27.3,27.2,27.3,27,26.7,26.7,
花蓮,2024/05/06 00:00:00,CH4,1.91,1.89,1.93,1.93,1.97,1.97,1.98,1.94,1.91,1.88,1.87,1.87,1.89,1.89,#,1.86,1.86,1.88,1.89,1.89,1.89,1.91,1.92,1.92,
花蓮,2024/05/06 00:00:00,CO,0.15,0.15,0.15,0.14,0.14,0.16,0.18,0.21,0.22,#,0.19,0.21,0.2,0.18,0.18,0.17,0.19,0.22,0.22,0.24,0.24,0.27,0.27,0.24,
花蓮,2024/05/06 00:00:00,NMHC,0,0.01,0,0,0,0,0,0.01,0.01,0.01,0,0,0,0,#,0,0.01,0.01,0.02,0.01,0.02,0,0,0,
花蓮,2024/05/06 00:00:00,NO,0.7,0.7,0.3,0.4,0,0.3,0.5,1.6,2.6,3.5,2.9,1.3,0.5,0.5,0.6,0.6,0.3,0.5,0.4,0.2,0.2,0.2,0.2,0.1,
花蓮,2024/05/06 00:00:00,NO2,1.5,1.7,1.6,1.5,1.2,1.8,2.1,2.9,4.8,6.1,5.6,4,2.7,2.2,2.3,2.8,3.5,4.3,4.4,4.7,4.8,3.5,2.5,1.9,
花蓮,2024/05/06 00:00:00,NOx,2.2,2.5,2,2,1.3,2.2,2.7,4.5,7.4,9.7,8.5,5.4,3.2,2.8,3,3.4,3.9,4.9,4.9,4.9,5,3.8,2.7,2.1,
花蓮,2024/05/06 00:00:00,O3,22,10.3,10.3,10.3,12.2,10.3,10.9,13.7,18,21.5,27.1,38.6,43.9,43.5,43.8,43.9,45.1,48.9,54.1,56.2,52.1,60.4,63,61.8,
花蓮,2024/05/06 00:00:00,PM10,13,14,16,16,14,19,15,19,23,32,21,20,21,12,19,21,30,28,23,27,27,27,24,25,
花蓮,2024/05/06 00:00:00,PM2.5,11,10,15,13,14,10,12,13,9,9,10,10,14,15,16,15,19,17,20,22,20,20,21,19,
花蓮,2024/05/06 00:00:00,RAINFALL,0,0,0,0,0,0,0,0,0,0,0,0,0,0,0,0,0,0,0,0,0,0.5,0,0,
花蓮,2024/05/06 00:00:00,RH,95,92,89,88,89,90,86,75,69,67,69,73,76,76,79,86,89,93,97,97,95,96,93,92,
花蓮,2024/05/06 00:00:00,SO2,0,0.2,0.2,0.3,0.3,0.4,0.4,0.7,0.5,0.3,0.1,0.1,0.2,0.5,0.5,0.1,0.3,0.5,0.5,0.6,0.5,0.7,1,1.2,
花蓮,2024/05/06 00:00:00,THC,1.91,1.9,1.92,1.93,1.95,1.97,1.98,1.95,1.92,1.89,1.87,1.87,1.88,1.88,#,1.85,1.87,1.89,1.91,1.9,1.91,1.91,1.92,1.91,
花蓮,2024/05/06 00:00:00,WD_HR,221,232,237,215,220,218,205,212,98,90,82,68,76,48,49,50,48,70,50,40,48,53,48,49,
花蓮,2024/05/06 00:00:00,WIND_DIREC,301,222,211,214,222,203,199,185,99,93,94,44,59,46,48,50,49,70,46,39,54,57,45,35,
花蓮,2024/05/06 00:00:00,WIND_SPEED,1.5,1.4,1.2,1.3,1,0.8,1.5,0.7,2.3,2.6,2.7,2.7,3.4,3.1,2.7,3.2,2.4,2.4,1.9,1.5,1,1.8,2,1.4,
花蓮,2024/05/06 00:00:00,WS_HR,1.3,0.8,1.1,1,1.3,1.2,1.5,1.4,1,2.4,2.3,2.4,3,2.5,2.2,2.6,2.2,2.6,1.8,1.3,0.9,1.5,1.5,1.4,
花蓮,2024/05/07 00:00:00,AMB_TEMP,26.5,26.4,26.4,26.3,26.2,26,25.9,27.2,28.4,29.2,29.2,28.9,29,28.5,27.8,27.5,27.2,27.1,27,26.8,26.5,26.2,25.4,24.7,
花蓮,2024/05/07 00:00:00,CH4,1.93,1.92,1.97,1.93,1.93,1.95,1.96,1.92,1.91,#,1.91,1.91,1.92,1.93,1.95,1.99,2.01,2.02,2.03,2.04,2.03,2.04,2.07,2.06,
花蓮,2024/05/07 00:00:00,CO,0.24,0.25,0.25,0.23,0.21,0.21,0.27,0.3,0.27,0.24,0.23,#,0.24,0.26,0.29,0.34,0.37,0.41,0.41,0.43,0.4,0.41,0.37,0.3,
花蓮,2024/05/07 00:00:00,NMHC,0.01,0,0,0.01,0.01,0.03,0.06,0.03,0.01,#,0,0,0,0.01,0.02,0.02,0.01,0.04,0.04,0.04,0.06,0.06,0.04,0.02,
花蓮,2024/05/07 00:00:00,NO,0,0.7,0.3,0.5,0.4,0.4,1.2,1.4,1.5,0.9,0.8,#,0.7,0.8,0.7,0.6,0.5,0.6,0.6,0.7,0.6,0.6,0.4,0.6,
花蓮,2024/05/07 00:00:00,NO2,2.5,2.5,2.7,2.2,2.4,4,5.7,5.4,4.1,2.9,2.6,#,2.4,2.8,3.5,3.4,3.6,4.5,6.3,6.6,7.6,6.1,4.6,3,
花蓮,2024/05/07 00:00:00,NOx,2.6,3.2,3.1,2.8,2.9,4.4,7,6.9,5.7,3.9,3.4,#,3.2,3.7,4.2,4.1,4.1,5.1,6.9,7.3,8.3,6.8,5,3.6,
花蓮,2024/05/07 00:00:00,O3,56.8,56.1,53.6,41.8,29.7,21,16.2,32.9,44.8,50.3,#,45.3,49.5,52.6,54.5,60.2,62.6,61.6,57.9,53,39.4,38.2,37.8,35.5,
花蓮,2024/05/07 00:00:00,PM10,27,21,28,26,20,28,27,27,21,#,12,14,10,22,19,13,18,17,18,18,20,19,21,14,
花蓮,2024/05/07 00:00:00,PM2.5,17,18,18,13,17,16,19,17,16,15,#,7,10,12,14,14,16,17,17,15,11,16,17,14,
花蓮,2024/05/07 00:00:00,RAINFALL,0,0,0,0,0,0,0,0,0,#,0,0,0,0,0,0,0,0,0,0,0,0,0,0,
花蓮,2024/05/07 00:00:00,RH,94,92,91,93,92,90,91,87,82,75,75,73,70,76,83,86,85,82,82,81,79,79,83,84,
花蓮,2024/05/07 00:00:00,SO2,1.2,0.8,0.8,0.8,0.9,0.8,0.9,0.9,0.9,0.7,0.7,#,0.7,0.8,0.9,1,1,1.2,1.1,1.3,1.2,1.1,1.2,1.2,
花蓮,2024/05/07 00:00:00,THC,1.94,1.92,1.97,1.94,1.94,1.98,2.02,1.95,1.92,#,1.9,1.91,1.92,1.94,1.97,2.01,2.02,2.06,2.07,2.08,2.09,2.1,2.11,2.08,
花蓮,2024/05/07 00:00:00,WD_HR,14,4,340,292,268,229,251,12,68,67,64,56,49,57,58,46,42,49,46,331,289,276,221,226,
花蓮,2024/05/07 00:00:00,WIND_DIREC,354,53,295,284,218,217,270,41,85,74,71,36,53,61,58,48,41,54,42,277,283,236,223,220,
花蓮,2024/05/07 00:00:00,WIND_SPEED,1.6,0.9,0.5,0.3,1.1,1.1,0.6,1.5,3.3,3.3,3.5,3.3,3.2,2.7,3.1,3.3,3.1,1.9,1.6,0.8,1.4,0.8,2,2.1,
花蓮,2024/05/07 00:00:00,WS_HR,0.9,0.6,0.5,0.4,0.6,0.7,0.5,0.6,1.9,2.4,2.7,2.9,2.5,2.4,2.2,2.6,2.4,2.2,1.4,0.7,1.2,0.7,1.3,1.7,
花蓮,2024/05/08 00:00:00,AMB_TEMP,24.4,23.8,23.7,23.6,23.7,23.8,24.1,25.1,24.8,23.6,23.6,23.9,24.6,23.3,23.6,23,22.8,22.7,22.6,22.6,22.8,23,22.7,22,
花蓮,2024/05/08 00:00:00,CH4,2.06,2.09,2.07,2.06,2.06,2.05,2.04,2.05,2.08,2.09,2.07,2.08,2.07,2.06,2.06,2.04,2.04,2.05,2.08,2.08,2.08,2.08,2.09,2.09,
花蓮,2024/05/08 00:00:00,CO,0.28,0.27,0.26,0.26,0.26,0.27,0.31,0.37,0.4,0.43,0.39,0.43,0.43,0.35,0.36,0.34,0.39,0.49,0.44,0.38,0.38,0.38,0.38,0.34,
花蓮,2024/05/08 00:00:00,NMHC,0.02,0.01,0,0,0,0.01,0.03,0.05,0.03,0.02,0.03,0.05,0.06,0.01,0.03,0.03,0.06,0.13,0.07,0.03,0.03,0.03,0.05,0.03,
花蓮,2024/05/08 00:00:00,NO,0.6,0.8,0.4,0.4,0.5,0.5,0.8,1,1.1,0.6,0.7,0.8,0.9,0.5,0.7,0.6,0.7,0.6,0.6,0.6,0.4,0.3,0.5,0.4,
花蓮,2024/05/08 00:00:00,NO2,2.3,2.1,1.5,1.6,1.6,1.8,2.9,4.1,6.3,5.1,5.4,6,7.5,5.6,5.9,6.4,8.6,10.8,9.3,4.6,4.1,4.8,4.6,3,
花蓮,2024/05/08 00:00:00,NOx,2.9,3,2,2,2.2,2.4,3.8,5.2,7.4,5.7,6.1,6.9,8.4,6.2,6.6,7.1,9.4,11.5,9.9,5.3,4.6,5.2,5.1,3.4,
花蓮,2024/05/08 00:00:00,O3,33.3,28.6,28.2,25.2,24,22.8,20.8,21.7,46.2,61.4,62.5,60.2,60.7,65.1,64.7,63.6,59.1,54.3,58,76.2,82.4,75.2,66.5,60.9,
花蓮,2024/05/08 00:00:00,PM10,19,21,20,22,22,20,21,23,27,18,20,13,13,14,19,14,12,19,16,*,33,32,34,35,
花蓮,2024/05/08 00:00:00,PM2.5,12,15,11,11,11,11,14,15,15,13,19,15,19,15,15,18,13,21,21,26,32,26,29,24,
花蓮,2024/05/08 00:00:00,RAINFALL,0,0,0,0,0,0,0,0,0.5,13.5,1,0.5,0,4.5,0.5,1,2.5,5,1.5,2,0.5,0,0,0,
花蓮,2024/05/08 00:00:00,RH,87,91,91,91,90,89,87,84,92,99,100,99,95,99,99,98,99,99,100,98,84,79,84,91,
花蓮,2024/05/08 00:00:00,SO2,1.2,0.4,0.4,0.6,0.6,0.6,0.7,0.7,0.9,0.7,0.7,0.7,0.8,0.7,0.8,0.7,0.8,0.8,0.8,0.8,1,1.1,1.1,1.1,
花蓮,2024/05/08 00:00:00,THC,2.08,2.1,2.07,2.06,2.06,2.06,2.07,2.1,2.11,2.11,2.1,2.13,2.13,2.07,2.09,2.07,2.1,2.18,2.15,2.11,2.11,2.11,2.14,2.12,
花蓮,2024/05/08 00:00:00,WD_HR,221,223,226,216,227,222,223,216,116,100,190,296,22,71,34,34,297,269,351,69,5,289,232,225,
花蓮,2024/05/08 00:00:00,WIND_DIREC,229,225,232,220,228,217,216,179,89,88,231,329,48,20,11,24,286,258,79,75,314,274,227,220,
花蓮,2024/05/08 00:00:00,WIND_SPEED,2.2,1.9,1.6,2.1,2.3,1.6,1.8,0.6,2.1,1.2,1.1,1.5,1.8,0.6,1.5,0.6,1.6,1,1.3,2.3,0.8,0.8,2,1.7,
花蓮,2024/05/08 00:00:00,WS_HR,1.9,1.7,2.1,2,1.8,1.7,1.7,1.2,1.5,1.3,0.4,1.2,1.3,1.4,0.7,0.5,1.5,1,0.1,1.2,1.1,1,1.3,1.9,
花蓮,2024/05/09 00:00:00,AMB_TEMP,22,22,22,21.9,22,23.1,23.6,23.6,24.1,24.9,25.4,25.6,25.4,25.3,24.7,24.5,24.4,24.1,23.8,23.5,23.7,23.7,23.5,22.8,
花蓮,2024/05/09 00:00:00,CH4,2.09,2.09,2.12,2.1,2.12,2.04,2,2.01,2.01,1.99,1.96,1.97,1.97,1.96,1.97,1.97,1.97,1.97,1.97,1.97,1.98,2,2,2.01,
花蓮,2024/05/09 00:00:00,CO,0.32,0.32,0.31,0.31,0.32,0.29,0.3,0.41,0.46,0.32,0.25,0.27,0.26,0.25,0.26,0.26,0.28,0.36,0.37,0.36,0.34,0.34,0.31,0.26,
花蓮,2024/05/09 00:00:00,NMHC,0.01,0.03,0,0.01,0.04,0.01,0.01,0.06,0.1,0.03,0.01,0.01,0,0.01,0.01,0.02,0.01,0.06,0.08,0.06,0.04,0.06,0.05,0.01,
花蓮,2024/05/09 00:00:00,NO,0.4,0.3,0.3,0.4,0.3,0.3,0.4,0.5,1.3,1.2,1,0.9,0.9,0.8,0.7,0.6,0.6,0.6,0.5,0.8,0.6,0.6,0.5,0.7,
花蓮,2024/05/09 00:00:00,NO2,2,2.4,2.1,1.9,2.8,3.2,3.1,6.4,11.8,9.5,5.3,4.4,4,3.6,4.4,5.1,5.4,7.8,9.1,8,6.9,7.3,7.1,4.4,
花蓮,2024/05/09 00:00:00,NOx,2.5,2.7,2.4,2.4,3.2,3.5,3.5,7,13.2,10.7,6.3,5.4,5,4.5,5.2,5.8,6.1,8.4,9.7,8.9,7.5,7.9,7.6,5.1,
花蓮,2024/05/09 00:00:00,O3,59.3,51.3,47.9,43.9,43.1,74,76.7,68.3,59,65.2,65.4,68.1,67.2,67.5,67.1,65,65,57.7,54.8,48.4,46.3,44.9,40.7,43.1,
花蓮,2024/05/09 00:00:00,PM10,27,30,29,27,37,41,39,45,44,35,28,28,25,23,27,24,18,26,23,20,11,17,17,21,
花蓮,2024/05/09 00:00:00,PM2.5,21,26,22,20,22,24,27,26,24,20,9,8,13,9,7,13,8,15,18,10,14,18,13,12,
花蓮,2024/05/09 00:00:00,RAINFALL,0,0,0,0,0,0,0,0,0,0,0,0,0,0,0,0,0,0,0,0,0,0,0,0,
花蓮,2024/05/09 00:00:00,RH,88,88,89,89,89,77,71,66,59,54,57,57,58,59,60,59,59,61,63,68,68,68,70,78,
花蓮,2024/05/09 00:00:00,SO2,1.2,1.1,1.1,1.2,1.2,1.3,1.5,1.3,1.6,1.6,1.5,1.4,1.4,1.5,1.5,1.4,1.4,1.5,1.5,1.5,1.3,1.3,1.4,1.3,
花蓮,2024/05/09 00:00:00,THC,2.1,2.12,2.12,2.11,2.16,2.05,2.01,2.07,2.11,2.02,1.97,1.98,1.97,1.97,1.98,1.99,1.98,2.03,2.05,2.03,2.02,2.06,2.05,2.02,
花蓮,2024/05/09 00:00:00,WD_HR,222,218,215,221,251,45,40,6,353,57,71,66,42,42,41,53,50,334,312,290,278,240,265,219,
花蓮,2024/05/09 00:00:00,WIND_DIREC,231,198,237,217,261,43,36,346,1,76,72,21,51,43,54,60,24,322,288,282,253,229,223,206,
花蓮,2024/05/09 00:00:00,WIND_SPEED,1.6,1.2,1.1,1.5,0.9,2,1.6,1.7,1.1,2.3,3.5,2.6,2.7,2.6,2.2,2.2,1.7,1.5,1.7,1.5,0.9,1,1.1,1.5,
花蓮,2024/05/09 00:00:00,WS_HR,1.9,1.1,1.4,1.2,0.8,1,1.4,1.2,0.9,1.7,2.3,2.3,1.9,2,1.8,1.7,1.6,1.4,1.4,1.6,1,1,1,1.6,
花蓮,2024/05/10 00:00:00,AMB_TEMP,22.5,22.4,22.2,22.3,22.2,22.4,22.4,23.1,24.5,26.7,27,28.1,28.2,27.9,27.5,27.2,27,26.6,26.1,26,25.6,24.9,24.2,23.4,
花蓮,2024/05/10 00:00:00,CH4,2.01,2.05,2.04,2.04,2.01,2,2.07,2.05,2.01,1.97,1.94,1.94,1.94,1.94,1.94,1.94,1.95,1.95,1.95,1.98,1.98,1.98,1.98,1.98,
花蓮,2024/05/10 00:00:00,CO,0.22,0.23,0.23,0.22,0.23,0.23,0.24,0.27,0.26,0.22,0.21,0.2,0.19,0.18,0.19,0.21,0.24,0.26,0.3,0.29,0.35,0.3,0.26,0.23,
花蓮,2024/05/10 00:00:00,NMHC,0,0,0,0,0,0.01,0,0.02,0.01,0,0,0,0,0,0,0,0,0.02,0.06,0.06,0.1,0.09,0.04,0.02,
花蓮,2024/05/10 00:00:00,NO,0.6,1.5,1.4,1.5,1.4,1.2,1.6,1.7,1.8,1.8,1.3,1.2,1.4,1.7,1.7,1.6,1.4,1.6,1.9,1.6,1.5,1.6,1.5,1.4,
花蓮,2024/05/10 00:00:00,NO2,2.7,1.9,1.8,1.7,1.5,2.3,2.2,3.2,3.2,2.7,1.4,1.4,1.5,1.5,1.8,1.8,3.2,3.9,5.8,6.2,8,7.6,5.6,3.6,
花蓮,2024/05/10 00:00:00,NOx,3.3,3.4,3.3,3.3,3,3.5,3.9,5,5,4.5,2.8,2.6,3,3.2,3.5,3.4,4.7,5.5,7.7,7.8,9.5,9.2,7.2,5.1,
花蓮,2024/05/10 00:00:00,O3,42,38.6,38.3,37.2,35.6,29.7,27.3,25.9,35.2,49,53.3,53.7,52.2,52.6,52.5,50.6,48.7,47.3,44.3,41,30.7,26.6,25,21.7,
花蓮,2024/05/10 00:00:00,PM10,14,22,22,23,26,19,22,19,21,17,15,11,12,10,17,15,21,23,31,23,22,18,22,17,
花蓮,2024/05/10 00:00:00,PM2.5,14,13,16,18,24,18,16,14,10,#,6,7,6,7,7,7,10,9,10,12,13,10,8,9,
花蓮,2024/05/10 00:00:00,RAINFALL,0,0,0,0,0,0,0,0,0,0,0,0,0,0,0,0,0,0,0,0,0,0,0,0,
花蓮,2024/05/10 00:00:00,RH,80,83,85,85,84,83,86,84,75,65,68,63,61,60,62,63,65,66,70,70,72,77,81,84,
花蓮,2024/05/10 00:00:00,SO2,1.4,0.3,0.4,0.6,0.6,0.6,0.6,0.7,0.7,#,0.3,0.5,0.5,0.4,0.5,0.5,0.7,0.9,0.8,1,1,1,1,0.9,
花蓮,2024/05/10 00:00:00,THC,2.01,2.05,2.04,2.04,2.01,2.01,2.07,2.07,2.02,1.97,1.94,1.93,1.94,1.93,1.92,1.93,1.95,1.97,2.01,2.04,2.08,2.07,2.02,2,
花蓮,2024/05/10 00:00:00,WD_HR,222,223,223,224,229,222,212,207,204,171,127,125,132,138,137,130,148,163,174,213,271,230,225,223,
花蓮,2024/05/10 00:00:00,WIND_DIREC,225,221,210,230,227,208,211,201,200,124,136,137,127,132,133,128,165,143,179,222,227,211,224,222,
花蓮,2024/05/10 00:00:00,WIND_SPEED,2,2,2.4,2.6,2.5,2.1,2.7,2.9,1.9,1.6,1.8,1.7,2.5,2.3,1.8,1.5,1.5,0.6,0.9,1.5,0.9,1.4,2.1,1.7,
花蓮,2024/05/10 00:00:00,WS_HR,1.8,2,2.2,2.2,2.4,1.7,2.2,2.5,2.1,1.2,1.4,1.6,1.7,1.8,1.4,1.3,0.9,0.8,0.7,1.1,0.8,1.1,1.5,1.6,
花蓮,2024/05/11 00:00:00,AMB_TEMP,23.3,23.3,23.2,23.1,23.1,22.8,23.9,24.5,25.7,27.3,27.9,28.5,29.2,29.4,29.3,28.4,28.3,27.7,27.2,27,26.6,26.1,25.7,25.3,
花蓮,2024/05/11 00:00:00,CH4,1.98,1.97,1.98,1.97,1.98,1.99,1.99,1.99,1.99,1.98,1.94,1.93,1.92,1.92,1.92,1.92,1.92,1.92,1.93,1.95,1.97,1.98,1.99,1.98,
花蓮,2024/05/11 00:00:00,CO,0.22,0.18,0.17,0.17,0.18,0.19,0.2,0.22,0.22,0.23,0.2,0.19,0.18,0.17,0.17,0.18,0.19,0.2,0.22,0.27,0.26,0.26,0.21,0.19,
花蓮,2024/05/11 00:00:00,NMHC,0,0,0,0,0,0,0,0,0.01,0.02,0,0,0,0,0,0,0,0.01,0.01,0.04,0.03,0.03,0.02,0,
花蓮,2024/05/11 00:00:00,NO,1.5,0.6,0.5,0.4,0.6,0.5,0.6,0.6,0.9,1.1,0.9,0.9,0.9,0.8,0.7,0.6,0.8,0.8,0.6,0.7,0.8,0.7,0.6,0.5,
花蓮,2024/05/11 00:00:00,NO2,2.5,1.8,1.6,1.4,1.4,1.8,1.8,2.4,2.9,3.4,3.1,2.4,2.1,1.8,1.6,1.8,2.5,3,3.8,4.4,5.2,5.6,4.4,2.9,
花蓮,2024/05/11 00:00:00,NOx,4.1,2.5,2.1,1.8,2,2.3,2.4,3.1,3.8,4.6,4.1,3.4,3.1,2.7,2.3,2.5,3.3,3.8,4.4,5.1,6.1,6.3,5,3.4,
花蓮,2024/05/11 00:00:00,O3,21.8,23.1,25.9,26.2,25.9,22.1,22.2,22.9,24,30.8,42.8,45.7,45.6,45.5,45.7,46.7,46.3,45.7,47.6,42.2,35.5,26.3,29.2,29,
花蓮,2024/05/11 00:00:00,PM10,18,13,12,17,15,20,17,19,20,14,14,12,10,16,11,11,13,21,18,19,20,21,14,12,
花蓮,2024/05/11 00:00:00,PM2.5,9,12,9,14,15,14,11,9,8,17,10,11,8,6,7,6,6,16,12,12,11,14,12,10,
花蓮,2024/05/11 00:00:00,RAINFALL,0,0,0,0,0,0,0,0,0,0,0,0,0,0,0,0,0,0,0,0,0,0,0,0,
花蓮,2024/05/11 00:00:00,RH,83,82,83,83,81,84,81,78,72,67,70,70,68,68,67,70,70,73,74,75,79,81,83,86,
花蓮,2024/05/11 00:00:00,SO2,1,0.3,0.1,0.2,0.3,0.3,0.2,0.2,0.3,0.4,0.8,0.3,0,0,0,0.1,0.3,0.4,0.5,0.5,0.4,0.4,0.5,0.6,
花蓮,2024/05/11 00:00:00,THC,1.98,1.97,1.96,1.96,1.97,1.98,1.98,1.99,2,2,1.94,1.93,1.92,1.91,1.91,1.91,1.92,1.93,1.94,1.99,2,2.01,2.01,1.98,
花蓮,2024/05/11 00:00:00,WD_HR,229,220,214,209,201,206,210,210,202,202,148,135,137,132,134,138,142,148,169,210,222,219,216,209,
花蓮,2024/05/11 00:00:00,WIND_DIREC,230,215,211,209,205,201,214,214,196,158,125,133,138,127,136,136,147,155,180,216,219,217,211,198,
花蓮,2024/05/11 00:00:00,WIND_SPEED,2.6,2.6,3.2,2.3,3.4,2.4,2.8,2.7,1.6,1.6,1.8,2.4,2.1,2.7,2.1,1.6,1.7,1.5,1.3,1.3,1,1.2,2.6,1.3,
花蓮,2024/05/11 00:00:00,WS_HR,2.2,2.4,2.9,2.7,3.1,2.6,2.8,2.5,1.9,1.3,1,1.5,1.6,2,1.8,1.4,1.2,1,0.8,0.8,1.2,1.2,2,1.8,
花蓮,2024/05/12 00:00:00,AMB_TEMP,25.1,24.9,24.5,24.4,24.3,23.8,24.6,25.6,27.2,29.2,29.3,30.1,30.2,29.7,29.5,28.7,28.3,28,27.7,27.5,26.8,26.2,26.1,26.3,
花蓮,2024/05/12 00:00:00,CH4,2,1.98,2.02,2,2.01,2.04,2.01,2,2.01,1.96,1.93,1.92,1.91,1.91,1.9,1.9,1.92,1.93,1.92,1.95,1.95,1.91,1.94,1.97,
花蓮,2024/05/12 00:00:00,CO,0.18,0.17,0.17,0.17,0.17,0.18,0.19,0.2,0.2,0.21,0.19,0.18,0.16,0.17,0.17,0.17,0.21,0.24,0.25,0.28,0.3,0.19,0.22,0.3,
花蓮,2024/05/12 00:00:00,NMHC,0,0,0,0,0,0,0,0,0,0,0,0,0,0,0,0,0,0.01,0.02,0.05,0.05,0,0.02,0.04,
花蓮,2024/05/12 00:00:00,NO,0.3,0.7,0.6,0.6,0.8,0.8,0.8,0.9,1,1,0.7,0.7,0.7,0.7,0.4,0.6,0.8,0.9,0.7,0.8,1,0.8,0.7,0.8,
花蓮,2024/05/12 00:00:00,NO2,2.3,1.6,1.3,1.2,1.4,1.6,1.6,1.6,1.8,2.2,1.7,1.3,0.9,0.8,1.1,1.2,2.5,3.9,3.8,5.8,6.2,3.4,3.4,5.4,
花蓮,2024/05/12 00:00:00,NOx,2.7,2.4,1.9,1.9,2.3,2.5,2.4,2.5,2.8,3.3,2.5,2,1.6,1.5,1.6,1.8,3.3,4.9,4.5,6.6,7.3,4.2,4.1,6.3,
花蓮,2024/05/12 00:00:00,O3,28.9,27.3,23.1,21.4,22.1,17.2,19.4,20.2,22.5,31.6,37.7,40.7,40.7,39.1,40.1,34.6,32.4,30.5,29.1,23.7,19.3,31.6,27.5,20.5,
花蓮,2024/05/12 00:00:00,PM10,13,12,14,13,14,16,18,16,14,12,17,19,17,15,19,19,17,20,24,23,12,16,13,14,
花蓮,2024/05/12 00:00:00,PM2.5,8,11,8,11,10,12,12,13,12,15,12,9,7,14,12,10,13,12,14,13,18,10,10,14,
花蓮,2024/05/12 00:00:00,RAINFALL,0,0,0,0,0,0,0,0,0,0,0,0,0,0,0,0,0,0,0,0,0,0,0,0,
花蓮,2024/05/12 00:00:00,RH,87,88,90,89,89,91,88,84,80,72,71,72,75,78,82,87,90,92,93,95,96,95,95,94,
花蓮,2024/05/12 00:00:00,SO2,0.6,0.4,0.5,0.6,0.7,0.6,0.5,0.8,0.8,0.7,0.4,0.3,0.4,0.3,0.3,0.5,0.7,0.6,0.6,0.6,0.6,0.7,0.7,0.8,
花蓮,2024/05/12 00:00:00,THC,2,1.97,2.02,1.99,2,2.04,2.01,2,2.01,1.96,1.93,1.91,1.89,1.89,1.88,1.88,1.92,1.94,1.94,2,2,1.91,1.96,2.01,
花蓮,2024/05/12 00:00:00,WD_HR,207,217,215,218,220,222,215,209,214,144,134,126,109,109,95,89,27,41,39,353,301,188,305,259,
花蓮,2024/05/12 00:00:00,WIND_DIREC,214,216,221,196,204,213,219,208,220,125,133,123,86,118,92,81,15,48,38,313,281,142,312,243,
花蓮,2024/05/12 00:00:00,WIND_SPEED,2.1,1.5,1.7,0.9,1.7,2.3,2.8,2.7,1.8,1.9,2,2.8,2.8,2.3,2.2,1.6,1.3,1.5,1.2,1.6,1.8,0.5,1.1,1.4,
花蓮,2024/05/12 00:00:00,WS_HR,1.8,1.8,1.5,1.5,1.7,2.1,2.3,1.8,2,1,1.5,1.7,2.1,2.2,2,1.5,0.7,1.1,0.9,1,0.8,0.7,0.7,0.7,
花蓮,2024/05/13 00:00:00,AMB_TEMP,25.9,26,25.3,24.7,24.3,23.8,23.3,23.3,23.3,22.9,22.5,23,22.8,22.6,22.4,22.4,22.2,21.9,22.1,22.1,21.5,20.9,20.4,20.7,
花蓮,2024/05/13 00:00:00,CH4,1.96,1.97,1.96,1.96,1.97,1.97,1.97,1.97,1.97,1.98,1.98,1.97,1.97,1.97,1.97,1.98,1.97,1.97,1.97,1.97,1.98,1.96,1.97,1.97,
花蓮,2024/05/13 00:00:00,CO,0.21,0.21,0.21,0.21,0.21,0.2,0.2,0.24,0.25,0.24,0.22,0.23,0.21,0.2,0.21,0.22,0.27,0.36,0.32,0.3,0.25,0.23,0.26,0.25,
花蓮,2024/05/13 00:00:00,NMHC,0.01,0,0,0,0,0,0,0.01,0.01,0.01,0,0.02,0,0,0.01,0.01,0.02,0.07,0.05,0.04,0.02,0,0.01,0.02,
花蓮,2024/05/13 00:00:00,NO,0.6,0.1,0.1,0.1,0.2,0.1,0.2,0.5,0.5,0.5,0.4,0.7,0.6,0.6,0.6,0.6,0.6,0.7,0.4,0.3,0.3,0.3,0.2,0.4,
花蓮,2024/05/13 00:00:00,NO2,4.7,2.8,2,1.7,1.7,1.9,1.8,2.7,4.7,5.2,5.6,6,4.9,4.4,5.4,6,6.5,9.8,9.4,8.4,6,4.1,4.4,4.6,
花蓮,2024/05/13 00:00:00,NOx,5.3,2.9,2.1,1.8,1.9,2.1,2.1,3.2,5.3,5.8,6.1,6.7,5.5,5,6,6.6,7.2,10.6,9.9,8.7,6.3,4.5,4.7,5,
花蓮,2024/05/13 00:00:00,O3,12,28.7,49.4,50.6,52.3,55.3,56,54.8,52.9,53.1,52.4,51.9,55,56,55.4,54.6,51.7,43.5,46.1,44.2,43.1,50.3,46.1,43.5,
花蓮,2024/05/13 00:00:00,PM10,18,13,16,24,16,20,28,43,49,47,61,54,38,53,45,35,28,46,25,32,27,24,28,22,
花蓮,2024/05/13 00:00:00,PM2.5,9,15,10,7,9,11,11,28,23,23,22,22,13,19,15,12,10,15,12,12,16,13,13,14,
花蓮,2024/05/13 00:00:00,RAINFALL,0,0,0,0.5,0,0,0,0,0,0,0,0,0,0,0,0,0,0,0,0,0,0,0,0,
花蓮,2024/05/13 00:00:00,RH,94,94,96,96,94,93,91,89,87,89,88,81,77,75,75,77,80,83,79,80,86,91,94,91,
花蓮,2024/05/13 00:00:00,SO2,0.6,0.7,0.7,0.9,0.9,0.8,0.9,1,1,1.1,1.3,1.1,1.2,1.1,1.1,1.1,1.1,1.1,1.2,1.2,1.2,1.2,1.1,1.3,
花蓮,2024/05/13 00:00:00,THC,1.97,1.97,1.95,1.95,1.95,1.96,1.96,1.98,1.98,1.99,1.98,1.99,1.97,1.97,1.98,1.99,1.99,2.04,2.02,2.01,2,1.96,1.98,1.99,
花蓮,2024/05/13 00:00:00,WD_HR,234,74,59,63,69,59,53,63,62,70,69,64,62,66,67,65,48,289,12,280,79,45,349,291,
花蓮,2024/05/13 00:00:00,WIND_DIREC,218,66,48,69,62,58,56,70,72,66,65,66,73,58,72,61,290,334,347,256,42,37,299,295,
花蓮,2024/05/13 00:00:00,WIND_SPEED,0.8,3.3,2.5,2.2,2.9,3.7,3.9,3.9,2.7,2.8,3.2,3.8,3.4,3.8,3.2,2.4,1.5,1,1.1,1,1.7,1.5,1.2,1.2,
花蓮,2024/05/13 00:00:00,WS_HR,1,1.5,2.2,2.2,2.7,2.7,3.1,2.8,2.5,3,3.3,2.9,3.4,3.3,2.5,2.3,1.2,1.2,0.7,0.3,0.2,1.3,0.6,1.2,
花蓮,2024/05/14 00:00:00,AMB_TEMP,20.9,21,20.7,20.7,20.9,20.8,21.1,22.1,22.7,23.2,24.1,25,24.9,25.1,24.4,24.5,24.5,24.2,23.9,23.9,23.9,23.7,23.6,23.7,
花蓮,2024/05/14 00:00:00,CH4,1.98,1.99,2.01,2.01,2.02,2.04,2.01,2.01,2.01,1.99,1.98,1.98,1.97,1.96,1.96,1.96,1.96,1.97,1.97,1.98,1.98,1.98,1.99,1.99,
花蓮,2024/05/14 00:00:00,CO,0.23,0.22,0.21,0.21,0.21,0.23,0.25,0.27,0.28,0.26,0.29,0.3,0.26,0.25,0.24,0.24,0.25,0.28,0.29,0.29,0.31,0.33,0.31,0.27,
花蓮,2024/05/14 00:00:00,NMHC,0,0.01,0,0,0.01,0,0.02,0.01,0.03,0.02,0.04,0.04,0.02,0.01,0.01,0.01,0.01,0.02,0.03,0.02,0.06,0.07,0.06,0.03,
花蓮,2024/05/14 00:00:00,NO,0.2,0.2,0,0.3,0.1,0.3,0.2,0.8,0.9,0.9,1,1.3,0.7,0.6,0.5,0.5,0.2,0.3,0.1,0.3,0.3,0,0.2,0.1,
花蓮,2024/05/14 00:00:00,NO2,3.9,3.4,3.1,2.9,2.8,3.1,3.9,4.6,5.5,5.3,7.1,8.6,7,4.8,5.3,4.9,4.9,6,6.5,5.9,6,7.7,7.1,5.8,
花蓮,2024/05/14 00:00:00,NOx,4.2,3.7,3.1,3.2,2.9,3.4,4.2,5.4,6.4,6.3,8.1,10,7.8,5.5,5.8,5.4,5.2,6.4,6.7,6.3,6.4,7.7,7.3,5.9,
花蓮,2024/05/14 00:00:00,O3,41.8,40.2,32.7,29.3,27.7,27.2,28.2,30.3,31.4,39,46.9,50.2,55.7,57.6,56.5,57.4,57,55.2,54.4,54.1,50.4,42.6,39.6,45.7,
花蓮,2024/05/14 00:00:00,PM10,28,19,23,23,26,23,25,25,24,27,31,36,39,44,40,35,27,23,27,25,33,24,37,36,
花蓮,2024/05/14 00:00:00,PM2.5,11,11,7,13,12,14,15,10,14,11,14,21,18,15,18,18,14,19,13,21,18,14,22,14,
花蓮,2024/05/14 00:00:00,RAINFALL,0,0,0,0,0,0,0,0,0,0,0,0,0,0,0,0,0,0,0,0,0,0,0,0,
花蓮,2024/05/14 00:00:00,RH,90,89,94,94,93,94,91,85,83,78,72,68,70,68,76,78,77,80,81,81,82,86,86,85,
花蓮,2024/05/14 00:00:00,SO2,1.4,0.6,0.4,0.6,0.7,0.5,0.7,0.8,0.9,1.7,2.4,2.1,2,2.9,3.3,1.7,1.7,1.3,1.1,1.1,1.2,1.2,1.2,1.2,
花蓮,2024/05/14 00:00:00,THC,1.98,2,2.01,2.01,2.03,2.04,2.03,2.02,2.04,2.01,2.02,2.02,1.99,1.97,1.97,1.97,1.97,1.99,2,2,2.04,2.05,2.05,2.02,
花蓮,2024/05/14 00:00:00,WD_HR,268,242,223,228,222,228,225,214,216,256,2,21,62,39,44,51,48,70,60,51,357,301,315,18,
花蓮,2024/05/14 00:00:00,WIND_DIREC,233,220,224,238,223,228,236,198,213,308,270,344,21,51,28,58,42,74,48,48,306,316,296,49,
花蓮,2024/05/14 00:00:00,WIND_SPEED,1.2,1.2,2.1,1.1,1.8,1.9,0.9,1.5,1.9,0.7,0.9,0.6,1.2,1.9,1.9,1.8,1.4,1.8,1.5,1.2,1,0.7,0.7,1.2,
花蓮,2024/05/14 00:00:00,WS_HR,0.9,1,1.7,1.2,1.6,1.7,1.5,1.5,1.9,0.7,0.3,0.3,1,1,1.2,1.5,1.2,1.5,1.4,0.9,0.4,0.8,0.8,0.7,
花蓮,2024/05/15 00:00:00,AMB_TEMP,23.6,23.4,23.5,23.5,23,22.2,22.7,24.7,26,26.9,27.7,27.2,27.3,26.9,26.3,25.7,25.4,25.2,25.1,24.9,24.7,24.7,24.1,23.5,
花蓮,2024/05/15 00:00:00,CH4,2,2,1.98,1.99,2,2,2.04,1.97,1.97,1.96,1.96,1.95,1.96,1.95,1.95,1.95,1.95,1.95,1.95,1.95,1.96,1.96,1.98,1.99,
花蓮,2024/05/15 00:00:00,CO,0.25,0.23,0.22,0.22,0.2,0.21,0.32,0.29,0.26,0.23,0.23,0.21,0.22,0.2,0.21,0.21,0.23,0.26,0.26,0.26,0.26,0.25,0.23,0.22,
花蓮,2024/05/15 00:00:00,NMHC,0.02,0.02,0,0.01,0.01,0.03,0.08,0.02,0.01,0,0,0,0,0,0,0,0.01,0.02,0.02,0.02,0.02,0.04,0.02,0.02,
花蓮,2024/05/15 00:00:00,NO,0.3,0.3,0,0,0,0.2,1.5,1.4,0.9,0.8,1.2,0.6,0.4,0.2,0.4,0.3,0.2,0.1,0.1,0.2,0,0,0.2,0.2,
花蓮,2024/05/15 00:00:00,NO2,4,3.2,3,3.4,2.7,2.7,6.2,5.1,4.1,4.5,4.7,2.9,2.7,2.5,2.7,3.2,3.9,4.7,5.1,5.9,6.3,5.2,3.9,3.1,
花蓮,2024/05/15 00:00:00,NOx,4.3,3.6,3.1,3.4,2.7,3,7.8,6.5,5,5.4,5.9,3.5,3.2,2.7,3.1,3.5,4.1,4.9,5.2,6.1,6.2,5.2,4.2,3.4,
花蓮,2024/05/15 00:00:00,O3,45.7,47.2,47.2,43.9,25.6,9.9,12.3,42.3,47.9,47.8,46.8,53.5,57.2,62,63.8,63,63.4,61.2,61.7,58.6,54.9,51.9,45.2,43.2,
花蓮,2024/05/15 00:00:00,PM10,35,42,37,39,18,15,24,29,29,#,30,22,25,25,29,27,30,31,31,32,33,33,29,22,
花蓮,2024/05/15 00:00:00,PM2.5,14,17,17,17,10,8,15,14,16,13,#,12,13,12,15,15,11,16,12,16,12,9,16,16,
花蓮,2024/05/15 00:00:00,RAINFALL,0,0,0,0,0,0,0,0,0,0,0,0,0,0,0,0,0,0,0,0,0,0,0,0,
花蓮,2024/05/15 00:00:00,RH,86,86,85,85,87,90,89,79,75,68,64,68,67,67,69,70,71,71,69,71,73,76,82,86,
花蓮,2024/05/15 00:00:00,SO2,1.4,0.8,0.8,0.8,0.7,0.5,0.4,0.6,0.8,0.9,0.6,0.5,0.7,0.7,0.9,1,1.1,1,1.3,1.2,1,1,0.7,0.9,
花蓮,2024/05/15 00:00:00,THC,2.02,2.02,1.98,2,2.01,2.03,2.12,1.99,1.98,1.96,1.96,1.94,1.96,1.94,1.95,1.95,1.96,1.97,1.97,1.97,1.98,2,2,2.01,
花蓮,2024/05/15 00:00:00,WD_HR,6,11,344,337,234,222,263,320,92,92,86,91,65,51,46,61,64,51,53,8,290,254,216,216,
花蓮,2024/05/15 00:00:00,WIND_DIREC,25,4,1,288,206,253,286,72,104,89,83,88,17,53,32,48,42,52,46,330,272,219,209,228,
花蓮,2024/05/15 00:00:00,WIND_SPEED,1.1,0.6,1,0.3,1.2,0.8,1.4,0.8,2.4,2.1,3.7,3.1,2.7,2.7,2.6,2.2,2,1.9,1.7,1.4,1.5,1.6,1.8,2.1,
花蓮,2024/05/15 00:00:00,WS_HR,0.8,0.7,0.7,0.3,0.7,0.8,0.7,0.6,1.3,2.6,2.8,3.7,1.9,2.2,2,2.1,1.9,1.7,1.3,1,1.1,1.2,1.9,1.7,
花蓮,2024/05/16 00:00:00,AMB_TEMP,23.1,23,22.3,22.9,22.3,22.6,22.9,24.7,26.1,26.6,26.6,26.3,25.8,25.8,25.3,24.6,24.5,24.4,24.2,24.1,24,23.8,22.9,22.5,
花蓮,2024/05/16 00:00:00,CH4,2.01,1.99,2.03,2,2.01,1.98,1.98,2,2,2.01,2,1.98,1.98,1.98,1.98,1.97,1.96,1.96,1.97,1.98,1.99,2,2.01,2.01,
花蓮,2024/05/16 00:00:00,CO,0.22,0.2,0.19,0.18,0.18,0.19,0.22,0.29,0.3,0.3,0.27,0.24,0.23,0.23,0.23,0.22,0.22,0.24,0.25,0.28,0.31,0.29,0.23,0.23,
花蓮,2024/05/16 00:00:00,NMHC,0.01,0.01,0.02,0.01,0.01,0.01,0.02,0.02,0.03,0.03,0.01,0.01,0.01,0.02,0.02,0.01,0.01,0.02,0.03,0.07,0.07,0.05,0.02,0.01,
花蓮,2024/05/16 00:00:00,NO,0.2,0,0.3,0.2,0.3,0.2,0.5,0.8,0.8,0.5,0.7,0.6,0.3,0.3,0.5,0.4,0.4,0.2,0.3,0.2,0.3,0,0.3,0.3,
花蓮,2024/05/16 00:00:00,NO2,3.4,3.7,3.5,2.4,2.7,3.4,4.3,5.6,6.3,6.1,4.7,3.5,3.1,3.3,3.5,3,3.5,4.2,4.6,5.2,7,7,4.2,3.2,
花蓮,2024/05/16 00:00:00,NOx,3.7,3.8,3.9,2.6,3,3.7,4.9,6.4,7.1,6.6,5.5,4.1,3.4,3.7,4,3.5,3.9,4.4,5,5.4,7.3,7.1,4.5,3.5,
花蓮,2024/05/16 00:00:00,O3,41.3,33.2,27,52.9,38.4,48.7,47.7,69.6,85.4,85.1,81.2,76.5,74.5,74.6,73.5,67.4,63.2,62.6,62.5,59.9,56.9,51.2,47.6,45.7,
花蓮,2024/05/16 00:00:00,PM10,25,26,21,21,19,26,21,38,47,70,71,56,45,60,50,49,42,43,45,52,51,42,37,35,
花蓮,2024/05/16 00:00:00,PM2.5,12,15,11,11,13,11,11,20,24,24,27,22,21,19,17,17,18,14,21,12,22,20,21,20,
花蓮,2024/05/16 00:00:00,RAINFALL,0,0,0,0,0,0,0,0,0,0,0,0,0,0,0,0,0,0,0,0,0,0,0,0,
花蓮,2024/05/16 00:00:00,RH,88,88,88,68,77,66,66,55,46,54,56,58,59,58,61,65,66,67,68,68,67,70,77,78,
花蓮,2024/05/16 00:00:00,SO2,1,0.4,0.2,0.6,0.7,0.7,0.7,1,1.1,0.9,0.7,0.7,0.7,0.6,0.7,0.8,0.8,0.8,0.8,0.9,1,0.9,0.8,0.8,
花蓮,2024/05/16 00:00:00,THC,2.02,2,2.05,2.01,2.02,1.99,2,2.02,2.03,2.04,2.01,1.99,1.99,2,2,1.98,1.97,1.98,2,2.05,2.06,2.05,2.03,2.02,
花蓮,2024/05/16 00:00:00,WD_HR,239,290,223,26,234,264,256,122,53,68,66,56,59,54,51,51,48,34,17,307,281,226,223,220,
花蓮,2024/05/16 00:00:00,WIND_DIREC,229,263,223,271,83,265,266,73,84,69,56,46,67,66,29,50,24,0,330,298,266,218,236,222,
花蓮,2024/05/16 00:00:00,WIND_SPEED,1.9,0.6,2,1.4,1.4,1.6,1.1,1.4,1.9,3.2,4,3.5,3.7,3.2,2.6,2.8,1.8,1.4,1.3,1.3,1.1,1.9,1.6,1.9,
花蓮,2024/05/16 00:00:00,WS_HR,1.1,0.9,1.3,0.1,0.4,0.7,1.2,0.3,0.6,2.9,3.4,2.8,2.6,2.2,2.2,2.2,1.5,1.3,0.8,1.3,1.3,1.2,2,1.9,
花蓮,2024/05/17 00:00:00,AMB_TEMP,22.2,21.9,21.8,21.8,21.5,21.4,22.1,23.6,25.5,28.1,28,27.4,27.4,26.1,26,26.1,26.2,25.6,24.2,24,23.5,23.3,23.2,22.9,
花蓮,2024/05/17 00:00:00,CH4,2.02,2.01,2.05,2.01,2.03,2.07,2.03,2.01,2,2,1.97,1.97,1.97,1.96,1.96,1.96,1.97,1.97,1.98,2.01,2,2.03,2,1.99,
花蓮,2024/05/17 00:00:00,CO,0.22,0.2,0.19,0.19,0.2,0.2,0.22,0.25,0.25,0.22,0.22,0.21,0.2,0.21,0.2,0.2,0.25,0.33,0.38,0.34,0.27,0.26,0.23,0.21,
花蓮,2024/05/17 00:00:00,NMHC,0.01,0,0,0,0,0,0.01,0.02,0.01,0.01,0.01,0,0,0,0,0,0,0.06,0.1,0.07,0.03,0.03,0,0.01,
花蓮,2024/05/17 00:00:00,NO,0.5,0,0.2,0.3,0.2,0.2,0.4,0.7,0.6,0.8,0.3,0,0.1,0.3,0.3,0.1,0.3,0.1,0.6,0.6,0.4,0,0,0.1,
花蓮,2024/05/17 00:00:00,NO2,2.5,1.9,1.9,1.6,1.8,2.1,2.3,3.3,4.2,4,4,2.8,2.2,2.5,2.4,1.9,3.6,7.5,10.3,8.8,6.5,5,3.4,2.7,
花蓮,2024/05/17 00:00:00,NOx,3,2,2.2,1.9,2.1,2.3,2.8,4.1,4.9,4.8,4.4,2.9,2.4,2.8,2.7,2.1,3.9,7.6,11,9.4,6.9,4.9,3.4,2.8,
花蓮,2024/05/17 00:00:00,O3,43.1,39.4,34.1,35.3,31.5,27.5,28.9,29,36,53.3,66.1,65.9,62.7,60.9,60.9,60.4,56.6,49.7,38.9,35.7,29.3,25.5,25.6,22.4,
花蓮,2024/05/17 00:00:00,PM10,37,31,27,28,31,25,29,31,33,41,43,45,40,40,37,35,40,38,29,39,36,31,20,16,
花蓮,2024/05/17 00:00:00,PM2.5,16,16,17,16,17,18,21,20,21,18,19,19,18,22,17,16,16,21,20,21,27,21,16,15,
花蓮,2024/05/17 00:00:00,RAINFALL,0,0,0,0,0,0,0,0,0,0,0,0,0,0,0,0,0,0.5,0,0,0,0,0,0,
花蓮,2024/05/17 00:00:00,RH,80,81,84,82,86,88,84,78,70,60,57,64,67,75,78,77,77,81,90,94,96,97,94,92,
花蓮,2024/05/17 00:00:00,SO2,0.8,0.8,0.7,0.8,0.8,0.9,1,1,0.8,1.8,1.4,1.4,1.2,1,1,1,1.1,1.3,0.9,1,1.1,0.9,0.9,1.1,
花蓮,2024/05/17 00:00:00,THC,2.03,2.01,2.04,2,2.03,2.07,2.04,2.03,2.01,2.01,1.98,1.96,1.96,1.95,1.95,1.95,1.97,2.03,2.08,2.08,2.03,2.06,2,2,
花蓮,2024/05/17 00:00:00,WD_HR,236,222,220,217,219,213,222,214,215,124,101,103,100,105,94,130,153,276,294,228,222,227,222,225,
花蓮,2024/05/17 00:00:00,WIND_DIREC,225,211,214,213,218,212,214,226,233,111,98,96,108,117,96,194,191,292,246,233,230,229,224,232,
花蓮,2024/05/17 00:00:00,WIND_SPEED,2.2,2.6,2.6,2.6,1.8,2.9,2.3,2.5,1.4,1.9,2.4,3.1,1.3,0.8,1.3,0.9,0.4,1.6,1,1.5,1.9,2.2,2.2,2.5,
花蓮,2024/05/17 00:00:00,WS_HR,1.9,2,2.2,2.1,2.1,2.2,2.1,1.9,1.5,0.8,2,2.5,2,1,1.1,0.5,0.3,0.6,1.2,1.2,1.9,1.8,2.2,2.1,
花蓮,2024/05/18 00:00:00,AMB_TEMP,22.9,22.6,22.2,21.9,21.9,22.2,23.3,24.2,26.6,28.3,28.8,29,29.6,28.3,27.5,27.5,27.5,27.1,26.9,26.6,26.4,26.3,25.9,25.5,
花蓮,2024/05/18 00:00:00,CH4,2.01,2.01,2.03,2.08,2.02,2.03,2.02,2.03,1.99,1.99,1.95,1.94,1.93,1.93,1.94,1.94,1.94,1.93,1.94,1.95,1.96,1.97,1.97,1.98,
花蓮,2024/05/18 00:00:00,CO,0.21,0.2,0.2,0.19,0.19,0.21,0.21,0.23,0.23,0.24,0.26,0.25,0.22,0.23,0.26,0.21,0.21,0.23,0.23,0.27,0.29,0.33,0.31,0.28,
花蓮,2024/05/18 00:00:00,NMHC,0,0,0,0,0,0,0,0,0.01,0.01,0,0,0,0,0.01,0,0,0.01,0.01,0.04,0.05,0.05,0.05,0.04,
花蓮,2024/05/18 00:00:00,NO,0.1,0.2,0,0,0,0,0.2,0.5,#,1.4,0.7,0.8,0.3,0.5,0.5,0.4,0.4,0.4,0.4,0.4,0.5,0.4,0.3,0.5,
花蓮,2024/05/18 00:00:00,NO2,2.2,2,2.1,1.9,1.9,2.5,2.3,2.9,#,3.9,3.8,3.8,1.8,1.5,2.7,2.3,2.2,2.9,4,5,6.7,7.3,7.4,6.6,
花蓮,2024/05/18 00:00:00,NOx,2.3,2.3,1.9,1.9,1.8,2.6,2.6,3.4,#,5.3,4.5,4.7,2.1,2.1,3.3,2.7,2.6,3.4,4.4,5.4,7.3,7.8,7.8,7.1,
花蓮,2024/05/18 00:00:00,O3,22.9,22.1,19.8,17.4,18.6,17.7,18.2,20.8,26.3,33.5,47.4,53.3,52.8,55.7,50.7,46,45.4,45.4,45.9,42.4,35.6,34.1,28,22.8,
花蓮,2024/05/18 00:00:00,PM10,18,19,22,17,18,18,18,13,22,20,31,22,21,28,29,18,17,16,23,18,21,20,21,20,
花蓮,2024/05/18 00:00:00,PM2.5,14,15,14,13,13,16,11,13,11,14,16,14,15,15,16,11,12,12,15,12,12,15,16,14,
花蓮,2024/05/18 00:00:00,RAINFALL,0,0,0,0,0,0,0,0,0,0,0,0,0,0,0,0,0,0,0,0,0,0,0,0,
花蓮,2024/05/18 00:00:00,RH,93,95,97,99,96,94,90,86,74,63,64,64,60,71,78,80,78,80,83,87,85,84,85,87,
花蓮,2024/05/18 00:00:00,SO2,1,0.6,0.6,0.7,0.6,0.6,0.7,0.7,0.8,0.9,1.4,1.1,0.9,0.7,0.7,0.6,0.7,0.8,0.8,0.8,0.9,0.9,1.1,1,
花蓮,2024/05/18 00:00:00,THC,2,2,2.03,2.07,2.02,2.03,2.02,2.03,2,2,1.94,1.92,1.92,1.92,1.95,1.93,1.94,1.94,1.95,1.99,2.01,2.02,2.02,2.02,
花蓮,2024/05/18 00:00:00,WD_HR,221,218,223,221,222,222,215,215,211,168,105,103,91,85,67,78,63,47,49,8,323,317,259,238,
花蓮,2024/05/18 00:00:00,WIND_DIREC,222,224,213,231,228,216,220,229,211,106,101,101,90,67,64,95,71,51,49,345,352,312,261,210,
花蓮,2024/05/18 00:00:00,WIND_SPEED,1.6,2.2,2.8,2.8,2,2.3,2.5,2.2,2.2,1.6,2.6,3.3,4,2.4,1.8,2.3,2.7,1.8,1.7,1.4,1,1.1,1,1.6,
花蓮,2024/05/18 00:00:00,WS_HR,1.9,2,1.8,2.6,1.8,1.9,2,2.2,1.9,0.9,1.8,2.5,3,2.7,1.8,1.8,1.5,1.4,1.3,0.9,0.9,0.9,0.7,0.9,
花蓮,2024/05/19 00:00:00,AMB_TEMP,24.9,24.8,24.7,24.5,24.3,24.1,24.5,25.5,26.3,27.2,28,28,27.8,27.2,27.2,27.8,27.6,27.3,27,26.9,26.5,26.4,26.2,25.4,
花蓮,2024/05/19 00:00:00,CH4,1.99,1.99,2.01,1.99,2,2.02,1.99,1.99,2.01,1.99,1.97,1.92,1.91,1.91,1.91,1.93,1.91,1.9,1.91,1.92,1.97,1.96,1.96,1.99,
花蓮,2024/05/19 00:00:00,CO,0.24,0.22,0.24,0.22,0.21,0.24,0.24,0.25,0.33,0.36,0.45,0.25,0.19,0.19,0.19,0.23,0.17,0.19,0.22,0.23,0.39,0.35,0.32,0.25,
花蓮,2024/05/19 00:00:00,NMHC,0.01,0.01,0.02,0.02,0,0.01,0.02,0.01,0.02,0.01,0.02,0.01,0,0,0,0,0,0.01,0.02,0.05,0.1,0.09,0.08,0.04,
花蓮,2024/05/19 00:00:00,NO,0.3,0.4,0.7,0.7,0.7,0.8,0.9,0.9,1.2,1.5,1.6,1.1,0.6,0.6,0.9,1.1,0.8,0.9,0.8,0.7,0.9,0.9,0.9,1,
花蓮,2024/05/19 00:00:00,NO2,3.4,2.8,2.9,2.2,2,2.5,3.4,2.4,2.9,4.6,4.1,2.6,1.8,2.1,2,2.7,1,1.4,3.1,4.4,7.7,8,7.1,5,
花蓮,2024/05/19 00:00:00,NOx,3.8,3.2,3.6,2.9,2.7,3.4,4.4,3.4,4.2,6.1,5.7,3.8,2.5,2.7,2.9,3.9,1.8,2.3,4,5.2,8.6,9,8.1,6,
花蓮,2024/05/19 00:00:00,O3,22.1,20.8,20.1,18.5,18.8,17.5,15.2,19,21,28.4,34.6,42.6,44.2,43.5,41.8,42.8,45.5,42.9,41.2,38.9,22.7,22.2,19.5,15.7,
花蓮,2024/05/19 00:00:00,PM10,20,14,21,20,16,16,21,18,20,19,19,12,13,20,19,15,9,8,10,10,19,14,21,9,
花蓮,2024/05/19 00:00:00,PM2.5,15,11,13,12,11,17,9,10,17,11,11,8,9,10,11,10,7,6,8,6,12,8,13,9,
花蓮,2024/05/19 00:00:00,RAINFALL,0,0,0,0,0,0,0,0,0,0,0,0,0,0,0,0,0,0,0,0,0,0,0,0,
花蓮,2024/05/19 00:00:00,RH,89,88,89,87,90,91,88,85,83,79,75,76,78,86,86,79,77,79,78,79,84,83,83,89,
花蓮,2024/05/19 00:00:00,SO2,0.8,0.1,0.1,0.1,0.3,0.2,0.3,0.3,0.5,1,1.7,1,0,0.1,0.2,0.3,0.1,0,0.1,0.3,0.3,0.3,0.3,0.3,
花蓮,2024/05/19 00:00:00,THC,2,2,2.03,2.01,2,2.03,2.01,2,2.03,2,1.99,1.93,1.91,1.91,1.91,1.93,1.9,1.91,1.93,1.97,2.07,2.05,2.04,2.03,
花蓮,2024/05/19 00:00:00,WD_HR,227,232,239,220,218,229,215,221,203,223,193,137,131,132,126,121,108,102,149,152,298,290,268,224,
花蓮,2024/05/19 00:00:00,WIND_DIREC,211,263,241,200,232,231,217,225,190,228,148,135,136,130,110,133,95,118,184,262,290,277,224,229,
花蓮,2024/05/19 00:00:00,WIND_SPEED,0.6,1,0.9,1.1,1.5,0.6,1.6,2.3,0.8,1.4,1,1,1,1.2,1.1,1.3,1.3,0.7,0.2,0.2,1,0.8,1,1.7,
花蓮,2024/05/19 00:00:00,WS_HR,0.9,1,0.9,0.9,1.8,1.3,1.4,1.5,1.2,0.9,0.9,1.1,0.9,1,0.7,1.2,1.4,0.7,0.3,0.1,0.8,0.6,0.8,1.6,
花蓮,2024/05/20 00:00:00,AMB_TEMP,25,24.7,24.5,24.4,24.3,24.3,24.6,25.7,27.3,29.1,28.4,28.8,28.3,28,27.8,27.6,27.5,27.5,27.2,27.1,27,26.9,26.7,25.7,
花蓮,2024/05/20 00:00:00,CH4,2,2.02,2.01,1.97,1.99,1.99,2,1.98,1.94,1.92,1.89,1.89,1.89,1.88,1.87,1.86,1.87,1.88,1.89,1.89,1.91,1.91,1.93,1.95,
花蓮,2024/05/20 00:00:00,CO,0.27,0.2,0.19,0.17,0.17,0.18,0.22,0.26,0.23,0.17,0.17,0.17,0.18,0.15,0.13,0.12,0.15,0.21,0.23,0.22,0.26,0.24,0.22,0.19,
花蓮,2024/05/20 00:00:00,NMHC,0.02,0.01,0,0,0,0,0.01,0.01,0.01,0,0,0,0,0,0,0,0,0.03,0.01,0.02,0.04,0.04,0.04,0.03,
花蓮,2024/05/20 00:00:00,NO,0.6,1.5,1.5,1.4,1.4,1.2,1.9,2.7,2.8,1.9,1.5,1.4,1.4,1.7,1.6,1.5,1.6,1.7,1.4,1.3,1.4,1.7,1.5,1.5,
花蓮,2024/05/20 00:00:00,NO2,3.4,2.6,2.4,2,1.8,2,3,3.7,4.4,3.3,2.1,2,1.8,1.8,1.7,1.3,2.7,4.5,4.1,4.1,5.8,6.8,5.7,5.1,
花蓮,2024/05/20 00:00:00,NOx,4.1,4.1,3.9,3.5,3.3,3.2,4.9,6.5,7.2,5.2,3.7,3.5,3.2,3.5,3.3,2.8,4.4,6.3,5.6,5.4,7.3,8.6,7.2,6.6,
花蓮,2024/05/20 00:00:00,O3,17.8,16.9,15.9,15.9,16,13.9,12.4,13.6,21.9,34.3,39.9,39,38.1,37.2,38.8,38.9,36.7,34.3,33.2,35.6,29.4,24.5,20.1,13.3,
花蓮,2024/05/20 00:00:00,PM10,15,12,14,16,8,9,10,13,17,12,12,8,7,9,8,8,6,8,6,24,7,16,10,9,
花蓮,2024/05/20 00:00:00,PM2.5,10,12,10,9,6,9,7,6,10,6,4,6,7,5,6,9,5,5,4,4,6,8,11,9,
花蓮,2024/05/20 00:00:00,RAINFALL,0,0,0,0,0,0,0,0,0,0,0,0,0,0,0,0,0,0,0,0,0,0,0,0,
花蓮,2024/05/20 00:00:00,RH,90,92,93,91,92,92,91,86,79,74,78,79,84,88,89,90,89,89,91,92,92,92,93,98,
花蓮,2024/05/20 00:00:00,SO2,0.3,0.8,0.7,0.7,0.7,0.7,0.7,0.7,0.9,0.8,0.8,0.6,0.5,0.5,0.7,0.6,0.8,0.9,0.8,0.8,0.7,0.8,0.7,0.7,
花蓮,2024/05/20 00:00:00,THC,2.02,2.03,2,1.97,1.98,1.99,2.01,1.99,1.95,1.92,1.88,1.88,1.88,1.86,1.85,1.84,1.86,1.91,1.9,1.91,1.95,1.95,1.97,1.98,
花蓮,2024/05/20 00:00:00,WD_HR,223,226,222,223,217,222,219,225,209,119,118,124,119,111,105,97,83,49,45,39,310,324,260,213,
花蓮,2024/05/20 00:00:00,WIND_DIREC,218,256,227,212,218,246,209,219,211,82,129,108,126,93,119,113,72,62,35,28,306,339,186,210,
花蓮,2024/05/20 00:00:00,WIND_SPEED,1.9,1.2,1.6,1.9,1.8,1.3,1.5,1.4,1.3,1.7,1,2,1.6,1.8,2,1.9,2,1.5,1.2,0.9,0.8,0.2,0.2,1.3,
花蓮,2024/05/20 00:00:00,WS_HR,1.4,1.3,1.7,1.2,1.7,1.5,1.5,1.5,1.1,0.9,1.4,1.3,1.7,1.2,1.5,1.9,1.7,1.3,1.1,0.8,0.9,0.5,0.1,0.9,
花蓮,2024/05/21 00:00:00,AMB_TEMP,25.4,25.2,25.1,25,25.1,25,25.5,26.6,27.8,27.9,27.9,29.2,29.4,28.9,28.9,28.6,27.7,27.1,25.6,25,25.2,25.3,25.2,25.4,
花蓮,2024/05/21 00:00:00,CH4,1.93,1.93,1.98,1.94,1.94,1.95,1.94,1.92,1.96,1.89,1.88,1.88,1.88,1.87,1.87,1.87,1.86,1.87,1.89,1.89,1.9,1.93,1.93,1.94,
花蓮,2024/05/21 00:00:00,CO,0.17,0.15,0.15,0.15,0.14,0.14,0.18,0.2,0.36,0.2,0.19,0.16,0.17,0.16,0.16,0.16,0.17,0.26,0.2,0.18,0.19,0.22,0.17,0.19,
花蓮,2024/05/21 00:00:00,NMHC,0.02,0,0,0,0,0,0.01,0.01,0.02,0,0,0,0,0,0,0,0,0.05,0.02,0.01,0.03,0.03,0.01,0.04,
花蓮,2024/05/21 00:00:00,NO,1.1,0,0,0,0,0,0.1,0.3,#,1.1,0.8,0.8,0.5,0.6,0.4,0.4,0.6,0.8,0.7,0.3,0.4,0.5,0.5,0.5,
花蓮,2024/05/21 00:00:00,NO2,3.1,3.3,2.9,3.1,2.7,2.6,3.4,3.5,#,3.7,3.2,2.5,1.6,1.5,1.3,1.8,2.4,5.1,5.5,3.4,4.8,5.1,4.2,4.5,
花蓮,2024/05/21 00:00:00,NOx,4.3,3.1,2.7,2.9,2.4,2.4,3.6,3.8,#,4.8,4.1,3.3,2.2,2.1,1.8,2.2,3.1,6,6.2,3.7,5.2,5.6,4.7,5,
花蓮,2024/05/21 00:00:00,O3,14,13.4,14.2,13.3,12,13,11.3,13.7,16.7,26.4,30.1,34.4,36.8,38.2,39.2,34.7,33.6,27.7,20.8,19.2,16.2,13.3,12.5,9.6,
花蓮,2024/05/21 00:00:00,PM10,16,12,10,9,9,7,6,13,17,10,9,11,8,7,7,6,5,6,18,7,6,0,6,12,
花蓮,2024/05/21 00:00:00,PM2.5,8,7,6,5,5,7,9,6,13,8,7,7,4,3,4,11,7,5,7,11,8,9,9,8,
花蓮,2024/05/21 00:00:00,RAINFALL,0,0,0,0,0,0,0,0,0,0,0,0,0,0,0,0,0,0.5,10.5,1,0.5,0,0,0,
花蓮,2024/05/21 00:00:00,RH,98,97,98,98,97,98,96,90,87,89,91,83,85,88,88,91,95,98,100,100,100,100,100,100,
花蓮,2024/05/21 00:00:00,SO2,0.8,0.6,0.6,0.6,0.6,0.6,0.7,0.7,0.9,0.9,0.8,0.6,0.5,0.5,0.5,0.6,0.6,0.6,0.6,0.5,0.5,0.4,0.5,0.6,
花蓮,2024/05/21 00:00:00,THC,1.95,1.93,1.97,1.93,1.93,1.94,1.95,1.93,1.98,1.89,1.87,1.86,1.86,1.85,1.85,1.85,1.85,1.92,1.91,1.9,1.93,1.96,1.94,1.98,
花蓮,2024/05/21 00:00:00,WD_HR,224,222,227,220,222,214,216,208,203,122,126,113,113,114,120,114,106,270,211,219,246,223,218,239,
花蓮,2024/05/21 00:00:00,WIND_DIREC,223,219,232,218,219,212,216,204,205,126,126,119,107,106,120,99,226,279,216,211,214,200,235,252,
花蓮,2024/05/21 00:00:00,WIND_SPEED,1.1,1.5,1.4,1.2,1.8,1.6,2.2,1.8,1.5,0.9,1.4,2.6,2.7,1.8,1.4,1,0.6,1.1,1.3,0.5,0.9,0.4,0.2,0.3,
花蓮,2024/05/21 00:00:00,WS_HR,0.9,1.7,1.4,1.2,1.7,1.6,1.7,1.6,1.2,0.9,1.3,1.9,1.9,1.7,1.3,0.9,0.4,0.8,1.8,0.9,0.8,0.6,0.5,0.3,
花蓮,2024/05/22 00:00:00,AMB_TEMP,25.6,25.6,25.6,25.7,25.6,25.6,25.3,26.6,29,29.2,30.3,31.1,31.2,30.7,29,27.7,26.5,26.3,25.9,25.8,25.6,25.6,25.2,25.1,
花蓮,2024/05/22 00:00:00,CH4,1.93,1.9,1.9,1.91,1.91,1.91,1.95,1.92,1.9,1.88,1.87,1.86,1.86,1.85,1.85,1.86,1.88,1.88,1.89,1.89,1.9,1.9,1.89,1.9,
花蓮,2024/05/22 00:00:00,CO,0.19,0.18,0.19,0.18,0.18,0.22,0.2,0.23,0.26,0.21,0.22,0.19,0.19,0.18,0.18,0.18,0.19,0.21,0.22,0.19,0.18,0.18,0.15,0.15,
花蓮,2024/05/22 00:00:00,NMHC,0.02,0,0,0,0.01,0.04,0.01,0.01,0.04,0.01,0.01,0,0,0,0,0.01,0.01,0.02,0.01,0.01,0,0,0,0,
花蓮,2024/05/22 00:00:00,NO,0.4,0.3,0.4,0.1,0.2,0.8,1.4,2.3,3.7,4.6,3.5,2.1,1.7,1.2,0.4,0.4,0.3,0.3,0.5,0.4,0.2,0.1,0,0.1,
花蓮,2024/05/22 00:00:00,NO2,5.4,4.3,6,7.7,6.9,6.4,3.5,3.9,5.8,7.7,7.6,5.3,4.5,3.5,3.2,3.3,4.5,5,4.6,4.1,3.8,4,2.6,2.5,
花蓮,2024/05/22 00:00:00,NOx,5.8,4.7,6.5,7.9,7.1,7.2,4.9,6.2,9.6,12.4,11.1,7.4,6.3,4.8,3.7,3.8,4.9,5.3,5.2,4.6,4,4.1,2.6,2.7,
花蓮,2024/05/22 00:00:00,O3,13.4,20.4,16.1,14.1,12.8,5.9,4.8,8.4,13.4,23.2,25.8,31.1,34.5,35.5,36.9,38.8,40,36.8,36.9,39,39.3,39.6,40.6,39.8,
花蓮,2024/05/22 00:00:00,PM10,11,11,6,7,14,11,16,17,22,9,11,17,7,5,8,9,7,11,12,12,13,9,7,7,
花蓮,2024/05/22 00:00:00,PM2.5,6,6,5,10,6,5,4,11,8,6,9,5,3,8,8,7,6,6,10,8,9,6,3,5,
花蓮,2024/05/22 00:00:00,RAINFALL,0,0,0,0,0,0,0,0,0,0,0,0,0,0,0,0,0,0,0,0,0,0,0.5,0,
花蓮,2024/05/22 00:00:00,RH,100,100,100,100,99,98,99,94,83,81,76,69,69,70,84,94,99,98,98,98,99,99,100,100,
花蓮,2024/05/22 00:00:00,SO2,0.3,0.4,0.3,0.3,0.2,0.3,0.5,0.5,0.5,0.4,0.8,0.8,0.6,0.7,0.4,0.3,0.3,0.3,0.4,0.5,0.4,0.4,0.5,0.5,
花蓮,2024/05/22 00:00:00,THC,1.95,1.9,1.9,1.91,1.92,1.95,1.96,1.93,1.94,1.89,1.88,1.86,1.86,1.85,1.85,1.87,1.89,1.9,1.9,1.9,1.9,1.9,1.88,1.89,
花蓮,2024/05/22 00:00:00,WD_HR,349,11,333,5,294,243,220,216,120,98,89,85,82,71,63,50,45,67,69,70,69,65,59,33,
花蓮,2024/05/22 00:00:00,WIND_DIREC,9,11,335,310,351,195,224,231,112,91,81,51,89,80,43,53,47,59,73,66,72,73,56,60,
花蓮,2024/05/22 00:00:00,WIND_SPEED,0.9,0.4,0.8,0.3,0.2,0.5,1.5,1.4,2.2,2.5,2.1,2.4,2.8,2.6,2.6,3,2.5,2.6,2.3,1.7,1.8,1.3,1.3,1.6,
花蓮,2024/05/22 00:00:00,WS_HR,0.8,0.5,0.6,0.3,0.2,0.2,1.5,1.2,0.7,2.2,2,2.5,2.5,2.5,2.2,2.2,2.2,2,2,1.6,1.5,1.1,1.1,0.9,
花蓮,2024/05/23 00:00:00,AMB_TEMP,24.9,25,24.7,24.5,24.5,24.7,24.9,25.6,27.2,28.1,28.5,28.6,27.8,27.3,26.5,26,25.9,25.5,25.4,25.6,25.8,25.8,25.6,25.5,
花蓮,2024/05/23 00:00:00,CH4,1.91,1.92,1.91,1.9,1.9,1.91,1.91,1.92,1.92,#,#,1.88,1.9,1.92,1.91,1.9,1.9,1.91,1.9,1.9,1.93,1.95,1.94,1.95,
花蓮,2024/05/23 00:00:00,CO,0.14,0.14,0.13,0.13,0.15,0.16,0.19,0.19,0.21,0.21,0.19,#,0.28,0.32,0.28,0.3,0.29,0.32,0.3,0.32,0.37,0.31,0.34,0.36,
花蓮,2024/05/23 00:00:00,NMHC,0,0,0,0,0,0,0,0,0.02,#,#,0,0.02,0.01,0.01,0.03,0.03,0.03,0.03,0.03,0.06,0.05,0.03,0.03,
花蓮,2024/05/23 00:00:00,NO,0.3,1,0.8,0.8,1,1.1,1.1,1.5,2.2,3.3,1.8,#,1.6,1.7,1.4,1.2,1.2,1.2,1,1.1,1.3,1.4,1.3,1.2,
花蓮,2024/05/23 00:00:00,NO2,2.4,2.4,2.1,1.7,2.2,2.7,4.1,3.3,5.9,9.1,5.3,#,5,6.8,6.1,6.2,7.2,8.2,8.4,10.7,13.8,11.6,8.4,7.7,
花蓮,2024/05/23 00:00:00,NOx,2.8,3.4,3,2.5,3.2,3.9,5.2,4.9,8.2,12.4,7.1,#,6.7,8.6,7.5,7.5,8.4,9.4,9.5,11.8,15.2,13,9.7,8.9,
花蓮,2024/05/23 00:00:00,O3,39.4,37.6,36.9,37.8,36.8,32.6,27.9,28.5,27.1,30.2,#,37.4,38.3,36.2,39.6,37.9,35.1,32.5,29.8,23.8,16.6,14.6,15.1,14.9,
花蓮,2024/05/23 00:00:00,PM10,6,8,4,0,0,0,5,8,8,#,8,8,17,18,19,12,21,9,13,19,20,29,12,14,
花蓮,2024/05/23 00:00:00,PM2.5,4,4,8,5,3,3,8,9,8,10,#,6,9,9,9,12,10,10,8,14,12,11,16,9,
花蓮,2024/05/23 00:00:00,RAINFALL,0,0,0.5,0,0,0,0,0,0,#,0,0,0,0,0.5,0.5,1,3,0,0,0,0,0,0,
花蓮,2024/05/23 00:00:00,RH,100,100,100,100,100,100,100,99,93,89,85,86,88,91,96,99,99,100,100,100,100,100,100,100,
花蓮,2024/05/23 00:00:00,SO2,0.5,0.9,0.7,0.7,0.7,0.8,0.8,0.8,1,#,#,#,0.7,1.1,1.2,1.1,1.1,1.1,1.3,1.8,1.5,1.3,1.3,1.3,
花蓮,2024/05/23 00:00:00,THC,1.9,1.91,1.88,1.88,1.88,1.89,1.91,1.92,1.94,#,#,1.88,1.92,1.93,1.92,1.93,1.93,1.94,1.93,1.93,1.99,2,1.97,1.98,
花蓮,2024/05/23 00:00:00,WD_HR,37,7,23,37,33,325,241,225,87,86,73,43,60,63,59,52,40,39,35,22,292,210,230,257,
花蓮,2024/05/23 00:00:00,WIND_DIREC,352,328,25,5,15,286,193,233,88,71,74,51,71,44,78,56,5,38,16,332,274,196,213,287,
花蓮,2024/05/23 00:00:00,WIND_SPEED,1,0.8,0.9,0.6,0.4,0.6,0.5,0.9,2.5,1.8,2.9,2.9,2.9,1.8,1.6,1.6,1.9,1.7,1.4,1.3,0.2,0.2,0.6,0.2,
花蓮,2024/05/23 00:00:00,WS_HR,0.7,0.6,0.8,0.7,0.8,0.7,0.2,0.5,1,1.8,1.6,2.1,2.2,1.7,1.2,1,1.2,1.1,1,0.7,0.6,0.2,0.7,0.2,
花蓮,2024/05/24 00:00:00,AMB_TEMP,25.7,25.6,25.3,25.2,25.1,25.1,25.6,26.5,27.2,27.9,28.7,29,28.9,28.8,28.1,26,24.8,24.9,25.7,25.7,25.6,25.3,25,24.9,
花蓮,2024/05/24 00:00:00,CH4,1.95,1.96,1.99,1.99,1.98,1.99,1.96,1.92,1.94,1.93,1.91,1.9,1.9,1.87,1.89,1.91,1.9,1.89,1.9,1.91,1.91,1.9,1.9,1.9,
花蓮,2024/05/24 00:00:00,CO,0.32,0.21,0.22,0.22,0.21,0.22,0.24,0.26,0.24,0.23,0.25,0.23,0.21,0.2,0.28,0.22,0.21,0.34,0.42,0.5,0.37,0.33,0.31,0.27,
花蓮,2024/05/24 00:00:00,NMHC,0.03,0.03,0,0,0,0,0.01,0.02,0.01,0.02,0.02,0,0,0,0,0.02,0.02,0.05,0.09,0.06,0.06,0.05,0.04,0.03,
花蓮,2024/05/24 00:00:00,NO,1.1,0.7,0.5,0.6,0.7,0.7,1.3,1.6,1.9,2.1,2,1.7,1.3,1.1,1,1.1,0.7,1.3,1.5,1.2,1,0.8,0.9,0.8,
花蓮,2024/05/24 00:00:00,NO2,6.9,4.7,3.6,3.5,3.4,3.2,3.6,3.3,3.4,4.1,5.8,4.8,4.4,2.6,4.8,5,5,8.3,16.7,15.7,13.7,11.2,10.5,9,
花蓮,2024/05/24 00:00:00,NOx,8.1,5.4,4.1,4.1,4.1,3.9,5,5,5.4,6.2,7.9,6.6,5.7,3.7,5.9,6.1,5.8,9.6,18.3,16.9,14.7,12,11.4,9.9,
花蓮,2024/05/24 00:00:00,O3,14.8,9,8.9,10.1,7.1,9.9,10.4,13.2,11.5,14.7,23.8,29.7,33.5,37.7,37.3,38.1,37,28.4,19.4,18,19.2,16.3,15.6,14.9,
花蓮,2024/05/24 00:00:00,PM10,15,13,14,12,13,13,13,8,17,11,12,13,20,17,14,8,6,7,5,16,8,9,8,4,
花蓮,2024/05/24 00:00:00,PM2.5,10,8,6,8,8,11,10,6,4,8,9,10,11,8,11,11,7,5,9,12,10,9,7,7,
花蓮,2024/05/24 00:00:00,RAINFALL,0,0,0,0,0,0,0,0,0,0,0,0,0,0,0,33.5,1.5,0,0,0,0.5,0.5,0.5,0,
花蓮,2024/05/24 00:00:00,RH,100,100,100,100,100,100,100,97,94,91,87,87,88,90,92,99,100,100,98,99,100,100,100,100,
花蓮,2024/05/24 00:00:00,SO2,1.2,1.4,1.1,1,1.2,1.2,1.2,1.2,1.2,1.3,1.6,1.6,1.5,1.1,1.4,1.2,1.2,1.4,1.4,1.6,1.5,1.4,1.4,1.2,
花蓮,2024/05/24 00:00:00,THC,1.98,1.99,1.99,1.99,1.98,1.99,1.97,1.94,1.95,1.95,1.93,1.9,1.89,1.86,1.89,1.93,1.92,1.94,1.99,1.97,1.97,1.95,1.94,1.93,
花蓮,2024/05/24 00:00:00,WD_HR,246,223,226,244,217,223,225,213,215,214,130,113,102,91,81,33,30,358,337,19,350,249,313,231,
花蓮,2024/05/24 00:00:00,WIND_DIREC,239,234,203,223,232,217,221,214,220,213,112,104,99,93,56,28,22,325,36,340,317,274,285,152,
花蓮,2024/05/24 00:00:00,WIND_SPEED,0.2,0.8,1,0.2,1.8,1.7,2.1,2.1,1.6,0.9,1.3,1.6,2,2.5,2.5,2.6,1.9,1.3,0.7,0.5,0.8,0.4,0.2,0.2,
花蓮,2024/05/24 00:00:00,WS_HR,0.1,0.6,1,0.8,1.3,1.6,1.8,1.6,1.6,1.4,0.7,1.2,1.9,2.1,2.1,1.9,1.6,0.9,0.8,0.5,0.9,0.3,0.5,0.2,
花蓮,2024/05/25 00:00:00,AMB_TEMP,24.9,24.9,24.9,24.7,24.7,24.7,25,25.6,26.7,27.9,28.7,29.2,28.3,28.1,28.2,28.8,28.3,28,27.6,27.4,27.1,26.6,26.4,25.9,
花蓮,2024/05/25 00:00:00,CH4,1.91,1.93,1.94,1.97,1.99,1.98,1.95,1.93,1.9,1.88,1.88,1.87,1.86,1.86,1.85,1.85,1.85,1.85,1.85,1.87,1.9,1.92,1.93,1.95,
花蓮,2024/05/25 00:00:00,CO,0.24,0.24,0.22,0.21,0.2,0.21,0.24,0.24,0.28,0.26,0.23,0.21,0.17,0.17,0.16,0.17,0.17,0.19,0.19,0.24,0.37,0.18,0.18,0.14,
花蓮,2024/05/25 00:00:00,NMHC,0.02,0.02,0.01,0,0,0.01,0.04,0.02,0.03,0.03,0.02,0,0,0,0,0,0,0.01,0.01,0.05,0.13,0.01,0.01,0,
花蓮,2024/05/25 00:00:00,NO,0.7,0.1,0,0,0,0,0.4,1.4,2.8,2.9,2.6,1.8,0.8,0.6,0.4,0.5,0.3,0,0.1,0.1,0.8,0.1,0,0.1,
花蓮,2024/05/25 00:00:00,NO2,5.5,4.9,4.1,2.7,2.8,3.1,4.3,3.8,4.7,7,7.3,5.5,4.3,4.7,3.7,2.6,3.2,2.9,2.3,3.9,9.5,4.4,3.2,1.8,
花蓮,2024/05/25 00:00:00,NOx,6.2,5,4,2.7,2.8,3.2,4.8,5.2,7.5,9.9,9.9,7.3,5.1,5.3,4.1,3.1,3.5,3,2.4,4,10.3,4.6,3.3,2,
花蓮,2024/05/25 00:00:00,O3,17.1,14.6,14.9,17.2,17.8,11.2,9.4,7.1,9.6,18.2,24.7,30.3,35.2,35.4,35.4,32.9,34.8,34,34.9,28.3,15,17.2,15.1,13.1,
花蓮,2024/05/25 00:00:00,PM10,2,4,3,4,9,10,9,18,11,11,17,18,4,8,5,5,11,8,8,9,16,#,11,15,
花蓮,2024/05/25 00:00:00,PM2.5,11,8,8,10,7,5,5,4,6,7,7,7,6,5,4,4,5,5,6,9,7,#,3,5,
花蓮,2024/05/25 00:00:00,RAINFALL,0,0,0,0,0,0,0,0,0,0,0,0,0,0,0,0,0,0,0,0,0,0,0,0,
花蓮,2024/05/25 00:00:00,RH,100,100,100,100,100,100,100,100,96,89,87,84,88,92,90,87,90,92,93,95,97,96,97,99,
花蓮,2024/05/25 00:00:00,SO2,1.2,0.4,0.4,0.5,0.4,0.3,0.4,0.5,0.7,0.8,0.7,0.6,0.4,0.3,0.3,0.4,0.3,0.4,0.4,0.5,0.6,0.6,1.2,0.5,
花蓮,2024/05/25 00:00:00,THC,1.93,1.95,1.95,1.97,1.98,1.99,1.99,1.95,1.93,1.91,1.9,1.87,1.84,1.85,1.84,1.85,1.84,1.86,1.86,1.92,2.03,1.93,1.94,1.95,
花蓮,2024/05/25 00:00:00,WD_HR,257,218,232,234,238,245,230,225,238,66,93,100,117,118,112,126,105,117,125,301,258,0,219,215,
花蓮,2024/05/25 00:00:00,WIND_DIREC,236,235,217,230,257,278,230,229,241,92,105,110,114,94,104,121,120,201,90,285,215,#,203,213,
花蓮,2024/05/25 00:00:00,WIND_SPEED,0.2,0.2,0.2,0.2,0.2,0.2,0.2,1.9,0.2,0.8,2.2,1.4,1.7,1.2,0.8,1.2,1.4,0.3,0.3,1.5,2,#,1.7,2.6,
花蓮,2024/05/25 00:00:00,WS_HR,0.2,0.2,0.6,0.2,0.2,0.2,0.2,0.9,0.4,0.2,1.5,1.5,1.9,1,1.1,0.5,1.3,0.8,0.1,0.1,1,0,1.8,2.1,
花蓮,2024/05/26 00:00:00,AMB_TEMP,25.9,25.8,25.5,25.4,25.4,25.5,25.7,26.7,27.1,29.4,29.9,29.7,30.2,29.8,29.3,29.5,29.5,29.3,28.9,28.3,27.7,26.4,26.3,26.5,
花蓮,2024/05/26 00:00:00,CH4,1.94,1.96,1.98,1.96,1.94,1.93,1.95,1.94,1.93,1.92,1.89,1.9,1.9,1.89,1.87,1.87,1.88,1.89,1.94,1.95,1.9,1.86,1.87,1.89,
花蓮,2024/05/26 00:00:00,CO,0.14,0.15,0.13,0.12,0.12,0.12,0.13,0.15,0.15,0.22,0.14,0.18,0.18,0.18,0.13,0.14,0.17,0.18,0.23,0.25,0.21,0.11,0.11,0.14,
花蓮,2024/05/26 00:00:00,NMHC,0,0.02,0,0,0,0,0,0,0,0.02,0,0.01,0,0.01,0,0,0,0.02,0.05,0.06,0.05,0,0,0.01,
花蓮,2024/05/26 00:00:00,NO,0,0.3,0.4,0.4,0.5,0.2,0.7,0.9,0.9,1.9,1.3,1.2,0.8,0.9,0.7,0.8,0.8,1,1,0.7,0.8,0.5,0.5,0.5,
花蓮,2024/05/26 00:00:00,NO2,1.5,1.9,1.6,1.1,1.2,1.3,1.1,1.5,1.5,2.7,2.1,2.4,2,2.5,1.7,1.8,2.4,3.4,4.2,6.2,4.4,1.3,1.4,2.5,
花蓮,2024/05/26 00:00:00,NOx,1.5,2.3,2.1,1.6,1.7,1.6,1.9,2.5,2.4,4.7,3.5,3.6,2.8,3.4,2.4,2.6,3.3,4.5,5.3,6.9,5.2,1.9,1.9,3,
花蓮,2024/05/26 00:00:00,O3,12.8,10,9.6,10.5,9.2,8.6,8.5,7.7,8.3,11.6,16,14.1,16.2,14.2,14.6,14.3,14.6,13.1,10.3,7.5,12.1,17.4,18.1,15.3,
花蓮,2024/05/26 00:00:00,PM10,14,17,20,20,10,17,20,15,20,10,20,12,14,18,11,20,34,25,18,26,16,17,13,13,
花蓮,2024/05/26 00:00:00,PM2.5,4,4,6,8,7,3,5,8,6,6,6,8,6,6,4,7,7,14,12,17,9,11,9,8,
花蓮,2024/05/26 00:00:00,RAINFALL,0,0,0,0,0,0,0,0,0,0,0,0,0,0,0,0,0,0,0,0,0,0,0,0,
花蓮,2024/05/26 00:00:00,RH,99,99,99,98,97,97,96,92,90,78,79,79,77,80,85,86,87,88,88,91,95,100,100,99,
花蓮,2024/05/26 00:00:00,SO2,0.6,0.7,0.6,0.6,0.6,0.6,0.6,0.8,0.8,1.8,0.8,0.7,0.8,1,0.4,0.6,0.8,0.7,0.6,0.7,0.6,0.6,0.8,0.9,
花蓮,2024/05/26 00:00:00,THC,1.93,1.98,1.96,1.95,1.93,1.92,1.94,1.94,1.92,1.94,1.88,1.91,1.9,1.9,1.87,1.87,1.88,1.91,1.99,2.01,1.95,1.85,1.85,1.9,
花蓮,2024/05/26 00:00:00,WD_HR,209,207,207,220,222,225,211,207,203,189,122,200,150,143,137,143,135,174,201,111,102,135,210,332,
花蓮,2024/05/26 00:00:00,WIND_DIREC,217,207,207,212,224,217,198,202,175,143,127,181,133,128,146,124,128,143,115,113,135,180,270,331,
花蓮,2024/05/26 00:00:00,WIND_SPEED,1.9,2.7,1.8,2.2,1.8,2.7,2.1,1.9,1.4,1,1.5,0.9,1.5,1.3,0.7,1.1,1,0.3,0.2,0.2,1.8,1,0.3,1.2,
花蓮,2024/05/26 00:00:00,WS_HR,1.6,2.3,1.8,1.8,1.8,1.9,2.4,2,1.9,1.2,1.4,0.7,1,0.9,0.8,0.7,0.6,0.4,0.6,0.2,1,1,0.2,0.9,
花蓮,2024/05/27 00:00:00,AMB_TEMP,26.3,26,25.8,25.6,25.7,25.5,26.5,28.3,29.1,29.5,30.6,30,30.3,30.1,29.5,30.7,30.3,29,28.4,27.7,27.7,27.8,27.5,27.2,
花蓮,2024/05/27 00:00:00,CH4,1.91,1.94,1.97,2.01,1.98,1.95,1.92,1.89,1.91,1.85,1.84,1.84,1.85,1.85,1.86,1.87,1.85,1.84,1.85,1.85,1.86,1.88,1.92,1.92,
花蓮,2024/05/27 00:00:00,CO,0.12,0.14,0.13,0.13,0.13,0.13,0.15,0.18,0.17,0.12,0.11,0.12,0.12,0.11,0.13,0.15,0.15,0.21,0.29,0.3,0.38,0.42,0.31,0.28,
花蓮,2024/05/27 00:00:00,NMHC,0.01,0.02,0,0,0.03,0.02,0.02,0.02,0.03,0,0,0,0,0,0,0,0.01,0.02,0.02,0.03,0.01,0.02,0.03,0.01,
花蓮,2024/05/27 00:00:00,NO,0.2,0.8,0.8,0.7,0.8,1.1,2.2,2.6,3,1.7,1.6,1.1,1.1,1.1,1.1,1.3,1.5,1.4,1.1,1,0.8,1.1,1,0.8,
花蓮,2024/05/27 00:00:00,NO2,2.2,2.4,2.2,2,2.3,3.1,2.3,3.1,4.4,2.7,1.9,1.8,1.8,1.7,1.6,2.3,3.5,4.2,6.3,5.4,8.5,11.7,9.1,6.6,
花蓮,2024/05/27 00:00:00,NOx,2.5,3.2,3,2.7,3.2,4.2,4.6,5.7,7.4,4.5,3.6,2.9,2.9,2.9,2.8,3.7,5,5.7,7.4,6.5,9.4,12.9,10.2,7.4,
花蓮,2024/05/27 00:00:00,O3,13.7,6.8,4.9,1.9,2.7,3,4,12.2,14.6,19.6,21.9,21.3,22.4,22.9,22.8,23.5,26.2,22.4,20.1,24.3,17.3,15.4,11.4,13,
花蓮,2024/05/27 00:00:00,PM10,10,14,16,15,19,10,12,11,20,0,3,5,6,4,6,6,7,5,13,10,18,19,18,14,
花蓮,2024/05/27 00:00:00,PM2.5,7,6,11,8,7,6,8,11,8,5,6,7,8,8,10,8,7,5,11,9,10,12,8,9,
花蓮,2024/05/27 00:00:00,RAINFALL,0,0,0,0,0,0,0,0,0,0,0,0,0,0,0,0,0,0,0,0,0,0,0,0,
花蓮,2024/05/27 00:00:00,RH,100,99,98,99,97,95,90,88,88,87,83,87,85,85,89,81,82,90,92,97,97,95,98,99,
花蓮,2024/05/27 00:00:00,SO2,0.7,0.4,0.4,0.4,0.5,0.4,0.4,0.5,0.5,0.3,0.3,0.2,0.2,0.1,0.2,0.2,0.2,0.3,0.7,0.6,0.7,1,0.7,0.6,
花蓮,2024/05/27 00:00:00,THC,1.92,1.96,1.96,2,2.01,1.97,1.94,1.91,1.94,1.84,1.83,1.84,1.85,1.83,1.84,1.87,1.86,1.86,1.87,1.88,1.87,1.9,1.95,1.93,
花蓮,2024/05/27 00:00:00,WD_HR,275,221,219,246,294,235,232,47,103,105,105,122,137,122,125,70,49,30,14,43,348,354,230,235,
花蓮,2024/05/27 00:00:00,WIND_DIREC,219,216,227,299,223,249,258,105,95,120,98,121,133,130,124,74,82,358,49,34,60,288,249,231,
花蓮,2024/05/27 00:00:00,WIND_SPEED,1.2,1,1.3,0.5,1.1,1.1,1.2,1.3,1.4,3,2.4,1.7,1.7,1.5,1.5,2.4,2.5,2.4,2,1.8,0.4,0.7,1.5,0.5,
花蓮,2024/05/27 00:00:00,WS_HR,0.4,1.3,1.3,0.7,0.2,1.1,0.7,0.5,1.3,2,2.5,1.2,1.4,1.5,1.5,1.3,1.7,1.6,1.5,1.4,0.7,0.4,1.2,0.6,
花蓮,2024/05/28 00:00:00,AMB_TEMP,27.3,27.4,27,26.9,26.8,27,27.8,28,27.1,25.9,24.7,24.2,25.1,25.3,24.7,24.5,24.4,24.4,24.5,24.6,24.3,24.4,24.5,24.4,
花蓮,2024/05/28 00:00:00,CH4,1.9,1.89,1.96,1.92,1.98,1.92,1.88,1.89,1.88,1.91,1.93,1.94,1.94,1.95,1.95,1.94,1.94,1.95,1.96,1.96,1.96,1.96,1.96,1.96,
花蓮,2024/05/28 00:00:00,CO,0.29,0.24,0.22,0.19,0.23,0.27,0.24,0.45,0.3,0.22,0.22,0.22,0.21,0.21,0.19,0.18,0.19,0.22,0.25,0.23,0.23,0.22,0.21,0.18,
花蓮,2024/05/28 00:00:00,NMHC,0.03,0.03,0.02,0.03,0.05,0.02,0,0.04,0.03,0.02,0.02,0.02,0,0,0,0,0,0,0,0,0,0,0,0,
花蓮,2024/05/28 00:00:00,NO,0.9,0.7,0.4,0.6,0.6,0.8,2.3,2.6,1.9,1.2,0.7,0.7,0.6,0.6,0.5,0.4,0.7,0.4,0.7,0.6,0.4,0.2,0.4,0.1,
花蓮,2024/05/28 00:00:00,NO2,6.4,5.5,4.9,4.2,5.3,6.5,7.2,9.8,9.2,6.2,5.9,4.9,3.6,3.1,3.2,3.1,3.1,3.4,3.5,3.4,2.9,2.2,2.2,1.7,
花蓮,2024/05/28 00:00:00,NOx,7.3,6.3,5.4,4.8,6,7.4,9.5,12.5,11.1,7.4,6.7,5.6,4.2,3.8,3.8,3.6,3.8,3.8,4.2,4,3.3,2.5,2.6,1.9,
花蓮,2024/05/28 00:00:00,O3,12,9.3,7,5.8,4.2,7.8,11.1,9.3,14.4,29,36.9,42.8,47.4,50.8,54.2,55.5,55.4,56.7,56.3,56.6,57.6,58,57.4,57.3,
花蓮,2024/05/28 00:00:00,PM10,13,18,13,11,20,12,20,22,18,33,32,28,21,22,28,24,21,26,18,19,26,25,24,25,
花蓮,2024/05/28 00:00:00,PM2.5,7,12,9,9,9,8,5,12,11,12,8,8,11,10,13,14,14,12,12,11,11,12,15,13,
花蓮,2024/05/28 00:00:00,RAINFALL,0,0,0,0,0,0,0,0,1,2,2.5,2,0,0,0,0,0,0,0,0,0,0,0,0,
花蓮,2024/05/28 00:00:00,RH,97,94,96,94,95,92,87,89,97,100,100,100,96,93,92,90,90,89,89,88,88,84,81,79,
花蓮,2024/05/28 00:00:00,SO2,0.6,0.8,0.8,0.7,1,0.9,1.1,1.1,1,0.7,0.9,0.9,0.8,1,1.1,0.9,1,1,1,1,1,1,1,1.2,
花蓮,2024/05/28 00:00:00,THC,1.93,1.92,1.98,1.95,2.03,1.94,1.88,1.93,1.91,1.93,1.95,1.96,1.94,1.94,1.94,1.93,1.93,1.95,1.95,1.95,1.95,1.95,1.95,1.94,
花蓮,2024/05/28 00:00:00,WD_HR,271,276,232,278,316,345,28,25,47,45,47,51,47,62,65,64,63,56,66,65,64,55,64,57,
花蓮,2024/05/28 00:00:00,WIND_DIREC,284,217,248,160,322,3,26,46,45,49,47,24,48,63,64,65,70,65,69,70,61,55,70,59,
花蓮,2024/05/28 00:00:00,WIND_SPEED,0.7,1.1,0.6,0.2,1.7,1.8,1.4,1.9,2.4,2.5,3.1,2.3,3.6,3.2,4.2,4,3.4,3,2.5,2.3,2.5,2.1,2.8,2.4,
花蓮,2024/05/28 00:00:00,WS_HR,0.4,0.6,0.8,0.1,0.8,0.9,1.1,1,1.9,1.7,2.2,2,2.5,2.9,3.5,3.6,3.1,2.6,2.4,2.3,2,2.1,2,2.1,
花蓮,2024/05/29 00:00:00,AMB_TEMP,24.3,24.3,24.3,23.9,23.4,23.5,23.9,25.4,26.7,27.8,27.7,27.8,28.2,28.7,28.2,27.2,26.9,26.5,25.5,23.7,23.6,23.5,23.5,23.5,
花蓮,2024/05/29 00:00:00,CH4,1.96,1.96,1.96,1.96,1.96,1.96,1.98,1.96,1.96,1.96,1.95,1.95,1.95,1.94,1.94,1.94,1.94,1.94,1.95,1.95,1.95,1.97,1.98,1.98,
花蓮,2024/05/29 00:00:00,CO,0.17,0.16,0.15,0.18,0.19,0.2,0.21,0.24,0.27,0.27,0.28,0.24,0.24,0.23,0.21,0.2,0.21,0.24,0.3,0.27,0.25,0.23,0.22,0.2,
花蓮,2024/05/29 00:00:00,NMHC,0,0,0,0,0,0,0,0.01,0.01,0,0.05,0.01,0,0.01,0,0,0.01,0.01,0.03,0.02,0.02,0,0.01,0,
花蓮,2024/05/29 00:00:00,NO,0.3,0.5,0.2,0.3,0.1,0.5,0.4,0.8,1.5,2.1,1.4,1,0.7,0.5,0.8,0.8,0.4,0.3,0.5,0.4,0.5,0.6,0.7,0.3,
花蓮,2024/05/29 00:00:00,NO2,1.5,1.4,1.4,1.7,2,2.7,3.2,3.3,6.7,7.6,4.8,3.6,3.3,3.3,3.6,3.2,3.7,4.3,5.6,5.5,4.5,3.3,3.4,2.5,
花蓮,2024/05/29 00:00:00,NOx,1.8,1.9,1.6,2,2.2,3.2,3.7,4.1,8.2,9.7,6.3,4.6,4.1,3.9,4.4,4,4.2,4.6,6.2,6,5.1,4,4.1,2.9,
花蓮,2024/05/29 00:00:00,O3,57.7,58.7,59.9,50.4,43.5,41.5,36.2,41.7,49.8,53.3,61.1,62.6,64.9,62.9,57.4,55.6,51.6,49.8,46.9,45.7,42.6,40.3,40.4,38.6,
花蓮,2024/05/29 00:00:00,PM10,35,28,30,30,25,29,28,19,25,24,24,38,38,36,36,36,42,41,32,11,10,9,7,6,
花蓮,2024/05/29 00:00:00,PM2.5,10,13,15,9,13,19,14,10,10,8,11,15,11,15,8,13,13,16,14,15,13,13,17,11,
花蓮,2024/05/29 00:00:00,RAINFALL,0,0,0,0,0,0,0,0,0,0,0,0,0,0,0,0,0,0,3.5,5.5,1,0.5,0.5,0,
花蓮,2024/05/29 00:00:00,RH,78,77,76,82,86,85,87,78,66,59,62,65,65,64,67,72,75,78,87,100,100,100,100,100,
花蓮,2024/05/29 00:00:00,SO2,1.1,0.4,0.5,0.6,0.5,0.6,0.4,0.6,1.2,1.5,1.4,1.1,1,0.9,0.8,0.7,0.7,0.8,0.7,0.7,0.6,0.7,0.8,0.7,
花蓮,2024/05/29 00:00:00,THC,1.94,1.94,1.94,1.94,1.95,1.96,1.98,1.97,1.97,1.96,2,1.96,1.95,1.95,1.94,1.94,1.95,1.95,1.98,1.97,1.97,1.97,1.99,1.98,
花蓮,2024/05/29 00:00:00,WD_HR,62,62,57,335,284,251,219,217,44,46,51,47,44,50,36,37,51,56,310,298,224,217,231,226,
花蓮,2024/05/29 00:00:00,WIND_DIREC,73,53,44,280,280,217,214,337,46,63,54,19,36,53,11,55,79,66,291,307,211,232,233,228,
花蓮,2024/05/29 00:00:00,WIND_SPEED,1.8,2.7,1.8,1.4,1.2,1.8,1.8,1.5,1.5,2.8,2.6,1.6,2.4,2.4,2.6,2,1.9,1.6,1.4,0.5,1.3,0.6,2,2.2,
花蓮,2024/05/29 00:00:00,WS_HR,2.1,2.2,1.6,0.8,1.1,1.2,1.9,1.6,1,1.9,1.7,1.5,1.9,1.7,1.6,1.7,1.5,1.5,1,0.9,0.9,1,1.3,1.9,
花蓮,2024/05/30 00:00:00,AMB_TEMP,23.6,23.6,23.6,23.7,23.7,23.9,24.1,25,27.2,28.3,28.2,29.3,30.1,29.6,29,28.3,28,27.9,27,26.7,26.6,26.6,26.6,26.4,
花蓮,2024/05/30 00:00:00,CH4,1.98,1.98,2.01,2,2.01,1.98,2.05,2.02,1.97,1.99,1.96,1.92,1.92,1.92,1.92,1.91,1.92,1.95,1.95,1.94,1.95,1.97,1.98,1.99,
花蓮,2024/05/30 00:00:00,CO,0.2,0.19,0.19,0.19,0.19,0.19,0.21,0.27,0.32,0.27,0.2,0.17,0.16,0.17,0.17,0.18,0.26,0.27,0.27,0.28,0.26,0.25,0.21,0.18,
花蓮,2024/05/30 00:00:00,NMHC,0,0,0,0,0,0.01,0,0.02,0.04,0.03,0,0,0,0,0,0,0.01,0.04,0.05,0.05,0.04,0.06,0.01,0,
花蓮,2024/05/30 00:00:00,NO,0.4,0.2,0.4,0.1,0.3,0.5,0.6,1.1,2.5,2,1.5,0.8,0.7,0.6,0.4,0.4,1.2,1.2,0.7,0.7,0.6,0.7,0.3,0.4,
花蓮,2024/05/30 00:00:00,NO2,2.1,1.5,1.2,1.1,1.4,2.6,2.1,2.9,4,5.8,5.2,2.3,1.7,0.9,0.9,1.1,4.7,6,6.6,6.2,5.3,4.6,3.5,2.2,
花蓮,2024/05/30 00:00:00,NOx,2.5,1.8,1.6,1.3,1.7,3.2,2.8,4.1,6.5,7.8,6.7,3.1,2.4,1.6,1.3,1.5,6,7.3,7.3,6.9,5.9,5.3,3.9,2.7,
花蓮,2024/05/30 00:00:00,O3,33.9,28.8,27.3,24.7,22.2,11.2,15.6,13.5,18.6,26.7,28.7,38.9,41.6,40.9,40.8,38.2,32,27.6,24.4,21.8,20.8,18.4,18.3,17.2,
花蓮,2024/05/30 00:00:00,PM10,7,5,9,14,20,19,19,18,13,24,14,9,3,3,6,4,15,42,14,8,4,12,14,9,
花蓮,2024/05/30 00:00:00,PM2.5,13,7,10,9,11,10,12,17,11,10,7,4,5,10,9,5,7,11,9,8,12,10,7,4,
花蓮,2024/05/30 00:00:00,RAINFALL,0,0,0,0,0,0,0,0,0,0,0,0,0,0,0,0,0,0,0,0,0,0,0,0,
花蓮,2024/05/30 00:00:00,RH,100,100,100,100,100,100,100,97,86,83,82,79,76,81,85,88,91,92,98,99,100,100,100,100,
花蓮,2024/05/30 00:00:00,SO2,0.6,0.2,0.1,0.1,0.3,0.3,0.2,0.4,0.4,0.4,0.3,0.1,0.1,0.1,0,0.1,0.3,0.6,0.3,0.2,0.3,0.3,0.3,0.4,
花蓮,2024/05/30 00:00:00,THC,1.97,1.97,1.99,1.99,2,1.99,2.05,2.04,2.01,2.02,1.96,1.91,1.91,1.9,1.91,1.89,1.93,1.99,2,1.99,1.99,2.03,1.99,1.99,
花蓮,2024/05/30 00:00:00,WD_HR,231,219,216,226,233,228,219,219,352,104,120,116,116,122,123,114,164,189,217,244,225,225,220,213,
花蓮,2024/05/30 00:00:00,WIND_DIREC,227,216,220,228,249,199,223,180,100,113,157,130,110,132,133,121,248,199,227,218,254,249,212,222,
花蓮,2024/05/30 00:00:00,WIND_SPEED,2,2.2,1.9,1.6,0.6,1.3,1.8,0.8,1.2,2.1,1,1.8,2.2,2.4,1.6,1.5,1.2,1.5,1.9,0.6,0.9,0.8,2,2.6,
花蓮,2024/05/30 00:00:00,WS_HR,1.7,1.8,1.8,1.1,1.1,0.7,1.4,1.3,0.1,1.5,0.7,1.6,1.7,2.1,1.6,1.3,0.9,1,1.6,1,0.7,0.9,1.8,2.2,
花蓮,2024/05/31 00:00:00,AMB_TEMP,26.3,26.1,25.8,25.6,25.8,25.6,26.8,29,29.9,30.9,32,32.5,32.6,32.3,31.7,30.6,29.9,29,28.9,28.9,28.9,28.8,28.9,28.4,
花蓮,2024/05/31 00:00:00,CH4,2,2.02,2.04,1.97,1.98,1.97,1.97,1.92,1.89,1.89,1.88,1.86,1.85,1.84,1.84,1.84,1.85,1.9,1.91,1.94,1.92,1.92,1.94,1.94,
花蓮,2024/05/31 00:00:00,CO,0.17,0.16,0.16,0.15,0.17,0.2,0.2,0.26,0.32,0.42,0.28,0.18,0.15,0.12,0.14,0.15,0.2,0.33,0.37,0.36,0.36,0.39,0.42,0.31,
花蓮,2024/05/31 00:00:00,NMHC,0,0,0,0,0.05,0.07,0.01,0.02,0.01,0,0.01,0,0,0,0,0,0.01,0.03,0.04,0.06,0.07,0.07,0.07,0.04,
花蓮,2024/05/31 00:00:00,NO,0.2,0.8,0.7,0.8,1.2,2.3,2.5,4.6,5.6,4.9,2.8,1.7,1.5,1.1,1.4,1.3,1.1,0.9,1.1,0.9,0.9,1.1,1,0.9,
花蓮,2024/05/31 00:00:00,NO2,1.7,1.1,1.1,1.3,2.9,4.2,2.3,4.7,6.7,6.5,5.3,3,1.6,1.1,2,3,3.1,5.2,7,8.6,7.8,7.6,9.5,6.2,
花蓮,2024/05/31 00:00:00,NOx,2,1.9,1.9,2.1,4.2,6.6,4.9,9.3,12.3,11.5,8.1,4.8,3.2,2.3,3.4,4.3,4.3,6.2,8.2,9.5,8.8,8.8,10.6,7.2,
花蓮,2024/05/31 00:00:00,O3,15.4,17,11.4,6.8,4.2,3.9,6.5,12.1,16.3,24,30.3,32.1,32.6,28.9,27.2,27,30.7,46.7,45.3,37.3,26.2,21.2,15.8,16.8,
花蓮,2024/05/31 00:00:00,PM10,16,6,10,15,20,22,15,15,17,#,x,x,x,x,x,x,x,x,x,x,x,x,x,x,
花蓮,2024/05/31 00:00:00,PM2.5,7,6,4,4,4,5,4,8,6,#,1,6,3,0,4,4,7,11,9,19,8,11,12,6,
花蓮,2024/05/31 00:00:00,RAINFALL,0,0,0,0,0,0,0,0,0,0,0,0,0,0,0,0,0.5,0,0,0,0,0,0,0,
花蓮,2024/05/31 00:00:00,RH,100,100,100,99,99,99,94,86,83,78,76,75,75,77,78,81,85,90,91,92,92,92,90,93,
花蓮,2024/05/31 00:00:00,SO2,0.3,0.3,0.1,0.1,0.2,0.3,0.4,0.3,0.4,0.8,0.3,0,0,0,0.1,0,0,0.8,1.3,1.2,0.8,0.7,0.8,0.6,
花蓮,2024/05/31 00:00:00,THC,1.99,2.01,2.03,1.97,2.03,2.04,1.98,1.94,1.9,1.89,1.89,1.86,1.84,1.82,1.83,1.83,1.86,1.93,1.95,2,1.99,1.99,2.01,1.98,
花蓮,2024/05/31 00:00:00,WD_HR,218,205,217,246,270,238,232,51,60,43,77,65,69,92,81,49,41,66,52,206,225,255,258,235,
花蓮,2024/05/31 00:00:00,WIND_DIREC,197,203,233,293,259,208,78,52,36,49,86,65,63,98,41,59,50,71,155,230,218,278,218,240,
花蓮,2024/05/31 00:00:00,WIND_SPEED,1.9,1.6,1.2,1,1.1,1.6,0.5,1.7,1.6,2.5,2.8,2.2,2.3,3.3,2.2,1.9,2.2,1.2,0.3,1.4,1.9,1,1.3,1.4,
花蓮,2024/05/31 00:00:00,WS_HR,1.8,1.4,1.4,0.4,0.5,0.7,0.6,1.2,1.4,1.8,2.1,1.4,1.8,2.9,2,2,1.5,1.6,0.5,1,1.6,0.7,0.8,0.9,
花蓮,2024/06/01 00:00:00,AMB_TEMP,28,28,27.8,27.7,27.7,27.9,28.1,28.6,30.4,30.6,30.3,30.7,30.9,30.4,29.9,29.6,29.5,29.2,27.9,27.4,27.8,27.3,26.5,26.2,
花蓮,2024/06/01 00:00:00,CH4,1.97,1.94,1.93,1.93,1.9,1.93,1.93,1.92,1.89,1.89,1.88,1.86,1.84,1.83,1.84,1.84,1.84,1.85,1.85,1.86,1.86,1.87,1.93,1.94,
花蓮,2024/06/01 00:00:00,CO,0.28,0.27,0.24,0.22,0.23,0.22,0.25,0.27,0.26,0.29,0.23,0.17,0.14,0.13,0.18,0.18,0.21,0.22,0.2,0.21,0.21,0.2,0.21,0.21,
花蓮,2024/06/01 00:00:00,NMHC,0.02,0.01,0.01,0,0,0,0.01,0.01,0.01,0.01,0.01,0,0,0,0.02,0.02,0.03,0.04,0.01,0.01,0.03,0.01,0.01,0,
花蓮,2024/06/01 00:00:00,NO,0.9,0,0,0.2,0.1,0.1,0.5,0.6,1.2,1,1,0.5,0.4,0.3,0.5,0.5,0.4,0.5,0.2,0.3,0.2,0,0,0,
花蓮,2024/06/01 00:00:00,NO2,3.9,3.1,2.9,2.1,1.9,1.9,2.3,2.7,2.5,4.1,6,4,2.1,1.7,3.2,3.6,4.9,6.5,4.8,3.6,5.1,4,2.4,2,
花蓮,2024/06/01 00:00:00,NOx,4.9,3.1,2.8,2.3,2.1,2.1,2.8,3.4,3.8,5.1,7,4.6,2.5,2,3.8,4.1,5.4,7.1,5.1,3.9,5.3,4,2.5,2,
花蓮,2024/06/01 00:00:00,O3,17.6,17.6,11.4,10.5,13.6,12.9,9.5,11.2,19.6,29.7,33,36.2,33.8,32.7,31,30.6,28,26,34.4,35.3,31.8,34.2,44.1,49.7,
花蓮,2024/06/01 00:00:00,PM10,x,x,x,x,x,x,x,x,x,x,x,x,x,x,x,x,x,x,x,x,x,x,x,x,
花蓮,2024/06/01 00:00:00,PM2.5,6,6,3,12,7,7,6,5,5,7,5,0,6,6,2,1,2,2,1,0,2,2,3,0,
花蓮,2024/06/01 00:00:00,RAINFALL,0,0,0,0,0,0,0,0,0,0,0,0,0,0,0,0,0,0,0,0,0,1,0,0,
花蓮,2024/06/01 00:00:00,RH,95,94,93,94,93,93,93,90,83,83,84,82,81,83,88,89,89,90,99,99,98,99,100,100,
花蓮,2024/06/01 00:00:00,SO2,0.5,0.6,0.5,0.6,0.7,0.6,0.5,0.5,0.7,1.1,0.8,0.6,0.4,0.3,0.4,0.5,0.6,0.5,0.4,0.3,0.6,0.5,0.4,0.6,
花蓮,2024/06/01 00:00:00,THC,1.99,1.95,1.94,1.93,1.89,1.92,1.94,1.93,1.9,1.9,1.89,1.86,1.82,1.82,1.86,1.86,1.87,1.89,1.86,1.87,1.89,1.88,1.94,1.94,
花蓮,2024/06/01 00:00:00,WD_HR,227,226,224,219,216,212,214,215,213,126,87,99,87,86,32,31,32,23,39,34,32,42,26,38,
花蓮,2024/06/01 00:00:00,WIND_DIREC,221,214,224,212,212,202,210,218,208,115,100,91,98,84,15,57,34,41,49,346,49,36,26,48,
花蓮,2024/06/01 00:00:00,WIND_SPEED,1.5,1.1,1.3,2.2,2.3,1,2.4,1.3,1.1,1.6,1.1,1.9,2.3,1.4,1.3,1.4,1,1.9,1.8,1.4,1.3,2.1,1.7,2.1,
花蓮,2024/06/01 00:00:00,WS_HR,1.7,1.3,1.3,1.8,2.1,1.7,1.7,1.8,1.3,1.1,0.9,1.6,1.6,1.4,1.1,1,1,1.3,1.4,1.2,0.9,1.6,1.4,1.4,
花蓮,2024/06/02 00:00:00,AMB_TEMP,26.1,26.1,26,26,25.9,25.9,26.2,26.3,26.6,26.9,27.1,27.4,26.9,26.7,27,25.9,25.5,25.5,24.9,25.3,25.5,25.3,24.6,24.2,
花蓮,2024/06/02 00:00:00,CH4,1.93,1.93,1.93,1.94,1.93,1.93,1.93,1.94,2,1.96,1.93,1.93,1.92,1.92,1.94,1.93,1.94,1.94,1.95,1.95,1.96,1.99,2.03,2.02,
花蓮,2024/06/02 00:00:00,CO,0.21,0.21,0.19,0.22,0.24,0.27,0.28,0.33,0.28,0.3,0.31,0.33,0.31,0.25,0.29,0.21,0.26,0.26,0.24,0.28,0.33,0.33,0.27,0.24,
花蓮,2024/06/02 00:00:00,NMHC,0,0,0,0,0,0,0,0.02,0.01,0.03,0.01,0.01,0,0,0,0,0,0.01,0.01,0.02,0.03,0.04,0.01,0,
花蓮,2024/06/02 00:00:00,NO,0.1,0.9,0.9,0.7,0.9,0.7,0.7,0.9,1.2,1.3,1.2,1.2,1.3,1,1.3,1,0.9,1,1,0.9,0.9,0.8,0.7,0.8,
花蓮,2024/06/02 00:00:00,NO2,1.5,1.7,1.5,1.9,1.9,2.6,4,5,3.8,4.3,4.7,4.8,4.1,2.7,6.2,3.7,3.9,7.1,3.9,5.2,8.1,9.7,4.9,3.9,
花蓮,2024/06/02 00:00:00,NOx,1.6,2.6,2.5,2.7,2.9,3.3,4.7,5.9,5.1,5.6,6,6.1,5.4,3.7,7.6,4.8,4.8,8.1,4.9,6.1,9,10.5,5.6,4.8,
花蓮,2024/06/02 00:00:00,O3,48.5,46.7,47.9,44.3,43.7,41.1,38.5,36,30.4,30.2,37.2,41,43.5,47.4,43.9,49.3,51.8,46.8,53.3,51,41.2,32.7,35.1,40.9,
花蓮,2024/06/02 00:00:00,PM10,x,x,x,x,x,x,x,x,x,x,x,x,x,x,x,x,x,x,x,x,x,x,x,x,
花蓮,2024/06/02 00:00:00,PM2.5,0,0,0,0,0,0,0,0,0,0,0,0,0,1,3,3,0,0,1,2,2,3,2,0,
花蓮,2024/06/02 00:00:00,RAINFALL,0,0,0,0,0,0,0,0,0,0,0,0,1,0.5,0,0,0,0,0,1,0,2.5,2.5,0,
花蓮,2024/06/02 00:00:00,RH,100,100,100,100,100,100,100,100,100,100,98,98,99,100,98,99,98,99,99,97,97,99,100,100,
花蓮,2024/06/02 00:00:00,SO2,0.7,0.3,0.2,0.2,0.3,0.4,0.3,0.5,0.4,0.6,0.9,0.5,0.3,0.2,0.4,0.4,0.2,0.8,0.5,0.8,1.5,1.1,0.6,0.6,
花蓮,2024/06/02 00:00:00,THC,1.92,1.92,1.91,1.93,1.91,1.92,1.92,1.96,2.01,1.99,1.94,1.94,1.92,1.9,1.94,1.92,1.94,1.95,1.96,1.97,1.99,2.03,2.04,2.01,
花蓮,2024/06/02 00:00:00,WD_HR,39,45,43,39,36,13,73,153,200,132,137,162,126,104,76,60,37,33,30,33,290,223,206,50,
花蓮,2024/06/02 00:00:00,WIND_DIREC,48,37,38,61,10,353,88,177,135,131,165,138,134,90,70,52,16,34,40,37,288,218,160,52,
花蓮,2024/06/02 00:00:00,WIND_SPEED,1.1,1.7,0.6,1.3,0.9,0.7,0.4,0.9,0.5,1.1,0.9,0.9,0.7,1.5,2.2,3.6,1.8,2.3,2.3,1.4,0.8,0.9,0.3,2.5,
花蓮,2024/06/02 00:00:00,WS_HR,1.1,1,1.1,0.6,0.8,0.6,0.4,0.3,0.9,0.7,0.7,0.6,0.8,1,1.4,2.9,2,1.8,1.7,1.5,0.6,0.4,0.9,0.6,
花蓮,2024/06/03 00:00:00,AMB_TEMP,23.4,23.3,23.4,23.9,23.7,24,24.2,24.2,24.3,24.6,24.8,24.5,24.5,24.6,24.7,23.4,23,23.2,23.2,22.8,22.6,22.7,22.6,22.6,
花蓮,2024/06/03 00:00:00,CH4,1.95,1.95,1.95,1.95,1.98,1.95,1.94,1.93,1.94,1.94,1.94,1.94,1.94,1.94,1.94,1.95,1.95,1.95,1.96,2,2,1.99,2,1.99,
花蓮,2024/06/03 00:00:00,CO,0.21,0.19,0.2,0.21,0.21,0.21,0.21,0.22,0.23,0.21,0.24,0.25,0.24,0.23,0.25,0.26,0.34,0.42,0.39,0.29,0.29,0.26,0.23,0.22,
花蓮,2024/06/03 00:00:00,NMHC,0,0,0,0,0,0,0,0.02,0.01,0.01,0.02,0.02,0.02,0.02,0.02,0.03,0.05,0.08,0.06,0.03,0.03,0.01,0,0.06,
花蓮,2024/06/03 00:00:00,NO,0.9,0.2,0,0,0.1,0.4,0.3,0.2,0.6,0.4,0.8,0.8,0.5,0.6,0.3,0.5,0.7,0.6,0.5,0.4,0.4,0.3,0.2,0.1,
花蓮,2024/06/03 00:00:00,NO2,3,1.9,2.5,2.5,2.8,2.8,3,3.7,5.6,5.3,5.7,5.7,4.8,4.7,5.1,6,8.6,10,9.9,6.5,4.9,4.4,2.8,2.3,
花蓮,2024/06/03 00:00:00,NOx,3.9,2.1,2.6,2.6,3,3.2,3.3,3.9,6.3,5.8,6.5,6.5,5.4,5.3,5.5,6.6,9.4,10.7,10.4,6.9,5.3,4.7,3,2.5,
花蓮,2024/06/03 00:00:00,O3,52.5,55.4,53.8,53.1,44,51.2,52,54.4,52,52.8,52,51.3,51,49.5,48.9,47.3,43.8,39.6,36.1,32.3,32.5,34.8,34.5,32.1,
花蓮,2024/06/03 00:00:00,PM10,x,x,x,x,x,x,x,x,x,x,x,x,x,x,x,x,x,x,x,x,x,x,x,x,
花蓮,2024/06/03 00:00:00,PM2.5,0,0,0,0,0,2,2,3,3,2,3,3,3,6,5,3,5,10,9,8,6,12,8,7,
花蓮,2024/06/03 00:00:00,RAINFALL,0.5,0,0,0,0,0,0,0,0,0,0,0,0,0,0,0,0,0,0,0,0,0,0,0,
花蓮,2024/06/03 00:00:00,RH,100,99,99,95,99,95,93,91,87,84,83,86,86,87,86,94,96,94,95,99,99,98,98,96,
花蓮,2024/06/03 00:00:00,SO2,0.6,0.7,0.8,1,0.8,0.9,0.9,0.9,1,0.8,0.9,0.9,0.9,1,0.9,0.9,0.9,1,1.1,1,1,1,1.1,1.2,
花蓮,2024/06/03 00:00:00,THC,1.93,1.93,1.93,1.93,1.97,1.94,1.93,1.95,1.95,1.95,1.96,1.96,1.96,1.96,1.96,1.98,2,2.03,2.02,2.03,2.03,2,1.99,2.05,
花蓮,2024/06/03 00:00:00,WD_HR,60,66,74,62,250,46,41,49,60,67,44,9,217,232,310,277,260,265,233,224,227,220,219,224,
花蓮,2024/06/03 00:00:00,WIND_DIREC,68,68,75,29,228,45,40,47,56,69,230,272,230,229,310,269,245,265,221,229,226,215,218,233,
花蓮,2024/06/03 00:00:00,WIND_SPEED,2.8,1.7,1.1,0.8,0.2,1.2,2.4,1.5,2.2,2.6,1,1.1,2.5,1.4,1.6,1.8,1.6,1.2,1.7,2.3,1.9,3.1,2.3,1.5,
花蓮,2024/06/03 00:00:00,WS_HR,1.9,1.6,1.1,0.8,0.5,0.3,1.1,1.5,1.9,1.9,0.9,0.6,1.2,1.5,1,0.5,1.5,1.2,1.2,1.8,1.9,2.3,2.1,1.9,
花蓮,2024/06/04 00:00:00,AMB_TEMP,22.5,22.3,21.8,21.7,21.9,21.9,22.3,23,25.1,27.9,28.5,28.6,28.5,28.3,28.5,28,27.7,27.3,27,26.8,26.3,26,25.4,25.1,
花蓮,2024/06/04 00:00:00,CH4,1.98,1.99,1.99,1.98,1.98,1.98,1.97,1.99,1.98,1.95,1.94,1.94,1.94,1.94,1.94,1.94,1.94,1.94,1.95,1.96,1.96,1.98,1.99,2,
花蓮,2024/06/04 00:00:00,CO,0.22,0.18,0.18,0.17,0.17,0.18,0.22,0.27,0.24,0.24,0.2,0.2,0.23,0.2,0.19,0.2,0.22,0.24,0.27,0.32,0.33,0.35,0.28,0.21,
花蓮,2024/06/04 00:00:00,NMHC,0.01,0,0,0,0,0,0.01,0.03,0.02,0.01,0,0,0,0,0,0,0.01,0.01,0.03,0.08,0.08,0.09,0.03,0.01,
花蓮,2024/06/04 00:00:00,NO,0.4,0.6,0.5,0.5,0.5,0.6,0.6,1.3,2.2,2,1.1,#,0.4,0.4,0.5,0.7,0.6,0.4,0.5,0.6,0.7,0.4,0.5,0.4,
花蓮,2024/06/04 00:00:00,NO2,2.3,1.8,1.7,1.4,1.5,1.8,3.1,4.8,4.7,5,4,#,3.6,3.5,3.2,3.9,4.5,4.8,5.4,6.8,7.9,8.2,5.9,3.2,
花蓮,2024/06/04 00:00:00,NOx,2.7,2.4,2.3,2,2.1,2.5,3.8,6.2,7,7.1,5.1,#,4.1,3.9,3.8,4.6,5.2,5.2,5.9,7.4,8.6,8.6,6.5,3.7,
花蓮,2024/06/04 00:00:00,O3,27.1,29.4,27.4,26.9,24.6,22.8,20,18,22,45.1,56.1,58.1,60.3,61.4,60.9,58.9,56.8,54.8,52.4,44.8,35.1,33.2,39.4,38,
花蓮,2024/06/04 00:00:00,PM10,x,x,x,x,x,x,x,x,x,x,#,28,31,29,24,25,26,23,27,29,27,27,22,26,
花蓮,2024/06/04 00:00:00,PM2.5,10,7,5,4,4,4,5,6,5,8,#,4,7,9,9,6,3,4,8,10,10,15,12,12,
花蓮,2024/06/04 00:00:00,RAINFALL,0,0,0,0,0,0,0,0,0,0,0,0,0,0,0,0,0,0,0,0,0,0,0,0,
花蓮,2024/06/04 00:00:00,RH,94,92,93,93,91,90,88,87,79,62,59,58,62,66,65,68,70,74,74,74,77,77,70,76,
花蓮,2024/06/04 00:00:00,SO2,1,0.6,0.4,0.5,0.7,0.7,0.7,0.7,0.7,1.2,0.7,#,1.1,0.9,0.8,0.9,1,1.1,1.2,1.3,1.2,1.1,1.1,1,
花蓮,2024/06/04 00:00:00,THC,1.99,1.98,1.98,1.97,1.97,1.98,1.98,2.02,2,1.96,1.94,1.94,1.94,1.94,1.93,1.94,1.95,1.95,1.98,2.04,2.04,2.07,2.02,2.01,
花蓮,2024/06/04 00:00:00,WD_HR,227,225,227,227,227,229,226,224,217,37,73,62,80,81,70,57,47,45,340,301,283,249,216,219,
花蓮,2024/06/04 00:00:00,WIND_DIREC,231,233,218,230,213,229,231,223,212,24,82,79,85,77,56,38,26,38,343,292,279,218,216,218,
花蓮,2024/06/04 00:00:00,WIND_SPEED,2.2,2.4,2.4,2.8,2.1,2.3,1.4,2.3,2.6,2.1,1.9,2.6,3.2,2.1,2.1,1.3,1.6,1.4,1.7,1.3,1.3,1.3,1.4,2.1,
花蓮,2024/06/04 00:00:00,WS_HR,2,2.1,2.5,2.7,2.1,2.1,1.7,2.2,2.2,0.7,2,1.6,1.8,1.8,1.5,1.2,1.1,1.2,1.1,1.1,1.3,1,1.3,2.1,
花蓮,2024/06/05 00:00:00,AMB_TEMP,24.8,24.3,24.4,24.2,23.6,23.7,23.9,24.7,26.5,28.3,29.9,29.6,29.1,28.2,27.7,27.8,28,28,27.3,26.8,26.5,26.1,25.9,25.7,
花蓮,2024/06/05 00:00:00,CH4,2.01,2.02,2.01,2.01,2.06,2.02,2.02,2.02,2.01,2,1.97,1.94,1.94,1.94,1.96,1.96,1.97,1.98,1.99,2,1.98,1.98,1.98,2,
花蓮,2024/06/05 00:00:00,CO,0.21,0.2,0.2,0.2,0.2,0.21,0.23,0.26,0.25,0.22,0.21,0.19,0.21,0.2,0.22,0.26,0.27,0.32,0.27,0.32,0.29,0.26,0.23,0.2,
花蓮,2024/06/05 00:00:00,NMHC,0.01,0,0,0,0,0,0,0.02,0.02,0.01,0,0,0,0,0.03,0.05,0.05,0.07,0.04,0.08,0.06,0.04,0.02,0,
花蓮,2024/06/05 00:00:00,NO,0.1,0.8,0.8,0.6,0.7,0.7,0.9,1.3,1.6,1.1,1,0.8,1,1.1,1,1.4,1.2,1.1,0.9,0.8,1.1,0.8,0.9,0.9,
花蓮,2024/06/05 00:00:00,NO2,2.5,1.5,1.3,1.6,1.5,1.9,2.4,3.6,3.7,2.8,2.6,2.1,2.2,3.5,4.6,6.1,6.1,7.5,6.9,7.6,6.7,4.5,3.9,2.5,
花蓮,2024/06/05 00:00:00,NOx,2.7,2.4,2.2,2.2,2.2,2.6,3.4,4.9,5.3,4,3.6,2.9,3.3,4.6,5.6,7.6,7.3,8.6,7.8,8.5,7.8,5.4,4.8,3.5,
花蓮,2024/06/05 00:00:00,O3,39.8,39.9,43.9,42.4,37.4,37.3,32.8,33.5,40.1,52.1,59,58.7,55.3,52,49.5,46.4,48.2,46.1,43.3,34.2,30.1,28.7,28.6,29.7,
花蓮,2024/06/05 00:00:00,PM10,20,22,22,25,27,29,27,26,26,19,27,24,28,32,36,47,39,40,31,40,29,30,33,21,
花蓮,2024/06/05 00:00:00,PM2.5,10,12,11,11,14,13,8,10,13,12,10,8,15,14,13,16,17,16,16,17,14,15,17,12,
花蓮,2024/06/05 00:00:00,RAINFALL,0,0,0,0,0,0,0,0,0,0,0,0,0,0,0,0,0,0,0,0,0,0,0,0,
花蓮,2024/06/05 00:00:00,RH,75,76,71,72,78,76,77,73,62,52,56,61,65,68,69,67,64,65,69,73,75,77,78,80,
花蓮,2024/06/05 00:00:00,SO2,1.1,0.5,0.6,0.5,0.6,0.7,0.7,0.7,0.8,0.8,1.1,0.6,0.4,0.9,1,1.1,0.9,0.9,1,0.8,0.8,0.8,0.7,0.8,
花蓮,2024/06/05 00:00:00,THC,2.02,2.01,2,2.01,2.05,2.02,2.02,2.04,2.03,2.01,1.96,1.94,1.94,1.94,1.99,2.01,2.02,2.05,2.03,2.08,2.04,2.02,2,2,
花蓮,2024/06/05 00:00:00,WD_HR,218,225,222,229,221,225,220,214,213,198,166,140,144,160,209,241,229,218,209,227,227,251,229,218,
花蓮,2024/06/05 00:00:00,WIND_DIREC,225,231,214,230,224,214,214,214,211,215,155,141,134,178,224,240,242,187,214,245,218,237,220,218,
花蓮,2024/06/05 00:00:00,WIND_SPEED,2.7,3.2,2,1.6,2.4,2.2,2.3,2.7,2.7,1.9,2.3,2.6,2.5,2.5,2,1.7,1.5,1.2,1.4,1.3,1.3,1.7,1.7,1.9,
花蓮,2024/06/05 00:00:00,WS_HR,2.5,2.7,2.1,1.6,2.2,2.1,2.3,2.5,2.1,1.9,1.6,2.2,2.1,1.9,2,1.3,1.8,1.2,1.4,1.5,1.3,0.9,1.7,1.9,
花蓮,2024/06/06 00:00:00,AMB_TEMP,25.6,25.4,25.1,24.8,24.8,24.7,24.8,25.2,26.8,28.5,28.8,28.6,28.6,28.2,27.8,27,27.2,26.9,26.9,26.7,26.5,26.2,25.7,25.4,
花蓮,2024/06/06 00:00:00,CH4,2.04,2.04,2.05,2.08,2.1,2.1,2.09,2.11,2.05,#,1.95,1.94,1.94,1.93,1.94,1.93,1.95,1.96,1.98,1.97,1.96,1.96,1.96,1.96,
花蓮,2024/06/06 00:00:00,CO,0.21,0.19,0.18,0.18,0.18,0.2,0.24,0.29,0.25,0.21,0.19,#,0.2,0.19,0.19,0.2,0.29,0.38,0.36,0.32,0.26,0.25,0.23,0.23,
花蓮,2024/06/06 00:00:00,NMHC,0,0.01,0,0,0,0,0.01,0.03,0.01,#,0,0,0,0,0,0,0.02,0.08,0.08,0.05,0.02,0,0.01,0.01,
花蓮,2024/06/06 00:00:00,NO,0.7,0.5,0.7,0.6,0.7,0.6,0.9,1.2,2.2,1.3,1.1,#,1,1.2,0.9,1.4,1.1,1.2,0.8,0.8,0.5,0.8,0.7,0.8,
花蓮,2024/06/06 00:00:00,NO2,1.8,2.2,1.8,1.8,1.6,2.2,3.1,4.4,4.9,3.2,1.7,#,1.5,1.9,2,3.3,5.3,9.4,10.2,8.4,5.3,4.5,3.6,4.4,
花蓮,2024/06/06 00:00:00,NOx,2.6,2.7,2.5,2.4,2.3,2.9,4,5.6,7.1,4.6,2.9,#,2.6,3.2,2.9,4.8,6.5,10.7,11,9.2,5.8,5.3,4.3,5.2,
花蓮,2024/06/06 00:00:00,O3,29.7,29.6,28.2,25.1,24.1,22.9,19.5,18.1,27.1,42.3,#,40.6,44.7,42.4,42.9,40.6,36.9,30.7,29.3,30.4,34,37,43.8,42.1,
花蓮,2024/06/06 00:00:00,PM10,32,24,32,23,23,22,29,30,36,#,21,19,22,17,34,34,33,28,25,25,25,21,7,5,
花蓮,2024/06/06 00:00:00,PM2.5,16,16,21,16,14,16,12,21,18,14,#,11,19,15,13,14,13,16,15,17,11,8,7,5,
花蓮,2024/06/06 00:00:00,RAINFALL,0,0,0,0,0,0,0,0,0,#,0,0,0,0,0,0,0,0,0,0,0,0,0.5,2.5,
花蓮,2024/06/06 00:00:00,RH,83,86,88,90,90,91,91,89,81,73,75,80,85,88,88,92,91,93,93,94,97,99,100,100,
花蓮,2024/06/06 00:00:00,SO2,0.9,0.8,0.8,0.8,0.7,0.7,0.9,1,1,1.2,0.5,#,0.4,0.3,0.6,0.7,1,0.9,0.7,0.7,0.8,0.6,0.7,0.6,
花蓮,2024/06/06 00:00:00,THC,2.04,2.05,2.04,2.07,2.1,2.1,2.1,2.14,2.06,#,1.93,1.93,1.92,1.92,1.92,1.92,1.97,2.04,2.06,2.02,1.98,1.96,1.97,1.97,
花蓮,2024/06/06 00:00:00,WD_HR,210,209,219,213,213,223,215,208,216,159,133,138,132,131,150,165,235,333,13,33,47,44,21,334,
花蓮,2024/06/06 00:00:00,WIND_DIREC,224,223,222,214,203,213,226,217,218,155,120,150,133,144,152,166,303,0,47,29,11,48,348,342,
花蓮,2024/06/06 00:00:00,WIND_SPEED,1.5,2.3,2.3,1.9,2.6,2.5,2.1,1.4,2,1.9,2.5,2.5,2,2.7,1.8,1.4,1.9,1,0.9,1.2,0.9,1.3,1.2,1.2,
花蓮,2024/06/06 00:00:00,WS_HR,1.7,1.9,1.9,1.9,1.9,2,2,1.2,1.4,1.2,1.7,2,2.1,2,1.5,1.7,0.4,0.8,0.7,0.9,0.9,1,1,1.2,
花蓮,2024/06/07 00:00:00,AMB_TEMP,25,24.9,25,25,25,25.2,25.5,25.6,25.9,26.9,28.4,29.5,29.9,28.8,27.9,26.6,26,25.8,25.7,25.9,25.8,25.9,26.2,26.2,
花蓮,2024/06/07 00:00:00,CH4,1.96,1.96,1.97,1.97,1.97,1.98,1.97,1.97,1.95,1.94,1.93,1.93,1.93,1.93,1.93,1.93,1.92,1.93,1.91,1.93,1.96,1.95,1.97,1.93,
花蓮,2024/06/07 00:00:00,CO,0.2,0.2,0.2,0.21,0.21,0.25,0.29,0.37,0.38,0.47,0.42,0.25,0.24,0.21,0.23,0.22,0.25,0.39,0.29,0.31,0.32,0.29,0.33,0.29,
花蓮,2024/06/07 00:00:00,NMHC,0,0,0,0,0,0.01,0.01,0.05,0.04,0,0,0,0,0,0,0,0.01,0.03,0.03,0.06,0.02,0.02,0.05,0.03,
花蓮,2024/06/07 00:00:00,NO,0.7,0.6,0.6,0.5,0.5,0.6,1.2,3.6,3.7,3.6,4.9,1.4,1.1,0.9,0.9,0.7,0.8,1,1.1,0.6,0.7,0.8,0.7,0.9,
花蓮,2024/06/07 00:00:00,NO2,3.1,2.5,3.2,3.1,3.4,7.9,11.6,16.1,16.3,9,7.6,2.3,2,2,2.5,3.3,3.8,9.4,6.9,7.2,6.8,5.5,8.6,12.2,
花蓮,2024/06/07 00:00:00,NOx,3.8,3.2,3.8,3.7,3.9,8.6,12.8,19.8,20,12.7,12.5,3.8,3.2,2.9,3.4,4.1,4.7,10.4,8.1,7.9,7.5,6.4,9.3,13.2,
花蓮,2024/06/07 00:00:00,O3,46.3,41.8,39,35.1,36.2,26.9,23.7,18.5,22.3,29.3,30.3,44.3,47.3,44.6,43.3,40.6,39.8,31,31.2,25.2,24.4,25,15.8,14.9,
花蓮,2024/06/07 00:00:00,PM10,2,0,2,1,0,8,11,10,15,2,7,5,1,0,4,3,2,6,5,2,0,17,9,5,
花蓮,2024/06/07 00:00:00,PM2.5,3,1,2,2,1,2,4,4,9,6,2,1,1,2,4,3,7,5,5,6,4,3,4,4,
花蓮,2024/06/07 00:00:00,RAINFALL,6,3.5,1,0.5,0.5,0,0,0.5,0,0,0,0,0,0,0,2,6.5,15.5,3,0.5,0.5,0,0,0,
花蓮,2024/06/07 00:00:00,RH,100,100,100,100,100,100,100,100,100,99,90,85,82,87,91,99,100,100,100,100,100,100,100,100,
花蓮,2024/06/07 00:00:00,SO2,0.6,0.3,0.3,0.4,0.5,0.6,0.5,0.6,0.6,1.5,1.7,0.3,0.1,0.1,0.4,0.4,0.3,0.4,0.3,0.3,0.6,1,0.4,0.4,
花蓮,2024/06/07 00:00:00,THC,1.96,1.96,1.96,1.95,1.96,1.99,1.98,2.02,1.99,1.94,1.93,1.93,1.93,1.92,1.93,1.93,1.93,1.96,1.94,1.99,1.98,1.97,2.02,1.96,
花蓮,2024/06/07 00:00:00,WD_HR,338,345,36,12,346,354,19,1,45,42,57,63,43,47,51,41,37,357,340,219,185,252,348,9,
花蓮,2024/06/07 00:00:00,WIND_DIREC,335,26,11,340,38,3,351,17,27,50,58,44,56,28,41,44,27,324,190,225,200,358,1,343,
花蓮,2024/06/07 00:00:00,WIND_SPEED,1.4,0.3,1.6,0.7,0.3,0.3,0.5,0.5,1.7,2.6,2.9,2.8,2.9,2.9,2.7,2.4,1.6,1.7,0.2,1.3,0.8,0.2,0.2,1.3,
花蓮,2024/06/07 00:00:00,WS_HR,1,0.9,0.8,0.7,0.6,0.6,0.3,0.6,0.9,1.8,1.8,2.2,2.1,2.5,2.3,1.9,1.7,1.5,0.6,1.2,0.5,0.1,0.2,0.5,
花蓮,2024/06/08 00:00:00,AMB_TEMP,26,25.8,25.5,25.2,24.7,25,25.6,26.6,28.8,30,30.1,29.9,29.7,30.4,30,29.6,29.1,28.4,28.1,27.7,27.5,27.4,27.1,26.4,
花蓮,2024/06/08 00:00:00,CH4,1.93,1.94,1.93,1.95,1.92,1.99,1.98,1.93,1.91,1.9,1.9,1.91,1.9,1.89,1.89,1.89,1.89,1.89,1.9,1.91,1.91,1.91,1.92,1.92,
花蓮,2024/06/08 00:00:00,CO,0.3,0.24,0.22,0.2,0.16,0.2,0.22,0.25,0.32,0.26,0.2,0.2,0.19,0.18,0.21,0.19,0.19,0.21,0.22,0.22,0.23,0.27,0.2,0.19,
花蓮,2024/06/08 00:00:00,NMHC,0.03,0.03,0.01,0.02,0,0,0,0.02,0.02,0.02,0.14,0.02,0.01,0,0.1,0.24,0.03,0.02,0.01,0.02,0.02,0.02,0,0,
花蓮,2024/06/08 00:00:00,NO,0.8,1.2,0.9,0.7,0.6,0.6,1.1,2.1,4.7,3.3,1.5,1.1,0.9,0.9,1,1,1,0.7,0.8,0.8,0.6,0.8,0.9,0.9,
花蓮,2024/06/08 00:00:00,NO2,8.5,6.5,3.5,3.5,2.1,2.1,1.8,2.7,7,5.6,2.1,2,2,1.5,2,2,1.7,2.2,2.6,3,4.1,8.9,4.8,2.1,
花蓮,2024/06/08 00:00:00,NOx,9.4,7.8,4.5,4.2,2.8,2.8,2.9,4.9,11.7,8.9,3.6,3.1,3,2.4,3,3.1,2.8,3,3.5,3.9,4.7,9.7,5.7,3.1,
花蓮,2024/06/08 00:00:00,O3,17.4,14.3,16.7,12.2,9.6,11.5,12.4,12.4,16.7,32.9,41.5,43.1,43.8,43.1,48,42.1,42,41.7,42,42.3,38.2,30.4,39.7,41.8,
花蓮,2024/06/08 00:00:00,PM10,7,5,8,13,15,14,8,11,16,15,10,7,12,10,12,8,7,12,16,15,11,17,9,6,
花蓮,2024/06/08 00:00:00,PM2.5,2,2,0,0,0,2,1,3,4,8,5,1,1,1,2,4,4,6,9,10,9,8,10,5,
花蓮,2024/06/08 00:00:00,RAINFALL,0,0,0,0,0,0,0,0,0,0,0,0,0,0,0,0,0,0,0,0,0,0,0,0,
花蓮,2024/06/08 00:00:00,RH,100,100,100,100,100,100,100,96,88,84,85,86,87,83,85,88,90,93,95,97,97,98,99,100,
花蓮,2024/06/08 00:00:00,SO2,0.4,0.7,0.6,0.7,0.6,0.6,0.6,0.6,0.9,1,0.6,0.5,0.5,0.4,0.6,0.5,0.3,0.6,0.6,0.6,0.6,0.4,0.5,0.5,
花蓮,2024/06/08 00:00:00,THC,1.96,1.97,1.94,1.97,1.91,1.99,1.98,1.95,1.93,1.92,2.04,1.93,1.91,1.89,1.99,2.13,1.92,1.91,1.91,1.93,1.93,1.93,1.92,1.92,
花蓮,2024/06/08 00:00:00,WD_HR,256,231,262,221,232,214,225,299,52,68,72,77,58,51,40,71,57,44,46,29,31,10,18,21,
花蓮,2024/06/08 00:00:00,WIND_DIREC,225,226,130,221,230,210,268,10,8,77,65,63,81,31,46,51,56,44,74,61,346,54,358,57,
花蓮,2024/06/08 00:00:00,WIND_SPEED,0.2,0.2,0.2,0.2,1.1,0.2,0.4,1.1,0.9,3.5,2.2,2.5,3.3,2.6,3,2.8,2.7,2.1,1.5,1.6,1.4,1.5,2.1,0.4,
花蓮,2024/06/08 00:00:00,WS_HR,0.1,0.3,0.1,0.2,0.5,0.7,0.4,0.2,0.8,2.2,2.5,2.5,2,2,2.2,2.4,2.3,1.9,1.5,1.1,0.8,1,1.2,0.9,
花蓮,2024/06/09 00:00:00,AMB_TEMP,26.5,26.7,26.6,26.3,26,26,26.4,28.2,29.9,30.9,30,30.8,29.5,29.6,29.7,28.9,29.1,28.2,27.4,27.4,27.1,26.8,26.3,26.3,
花蓮,2024/06/09 00:00:00,CH4,1.92,1.93,1.94,1.94,1.97,1.94,1.96,1.91,1.89,1.91,1.89,1.89,1.88,1.89,1.89,1.89,1.9,1.89,1.89,1.89,1.89,1.9,1.9,1.89,
花蓮,2024/06/09 00:00:00,CO,0.21,0.2,0.19,0.2,0.2,0.2,0.22,0.2,0.23,0.22,0.23,0.22,0.19,0.21,0.22,0.23,0.29,0.29,0.27,0.26,0.24,0.21,0.21,0.19,
花蓮,2024/06/09 00:00:00,NMHC,0,0.01,0,0.01,0,0,0,0,0.08,0.93,0.13,0.04,0.01,0,0.03,0.2,0.05,0.08,0.04,0.06,0.03,0.01,0.02,0.01,
花蓮,2024/06/09 00:00:00,NO,0.7,0.6,0.5,0.4,0.5,0.6,0.8,1,1.5,1.6,1.1,0.7,0.6,0.8,0.5,0.7,0.8,0.9,0.8,0.7,0.5,0.6,0.7,0.8,
花蓮,2024/06/09 00:00:00,NO2,3.2,3.2,3.4,3,2.3,2.2,2.1,1.6,2.4,3.6,2.4,1.9,1.7,2.6,2.7,3.7,4.8,6.2,6.4,6.6,4.8,5.4,5.2,4.8,
花蓮,2024/06/09 00:00:00,NOx,3.9,3.8,4,3.4,2.8,2.8,2.9,2.6,3.9,5.3,3.5,2.7,2.4,3.4,3.3,4.5,5.7,7.2,7.2,7.4,5.4,6,5.9,5.6,
花蓮,2024/06/09 00:00:00,O3,38.8,37.1,29.8,16.9,17.9,15.4,16.1,18.2,23.5,33.3,41.3,49.2,44.1,43.4,42.6,39.9,35.2,25.6,28.3,22.1,30.1,31.2,28.7,29.2,
花蓮,2024/06/09 00:00:00,PM10,8,9,8,16,15,20,22,13,10,11,10,12,10,21,16,20,18,14,12,15,12,7,0,0,
花蓮,2024/06/09 00:00:00,PM2.5,6,8,5,6,6,6,9,7,5,5,8,6,7,8,6,8,8,8,6,8,5,0,3,1,
花蓮,2024/06/09 00:00:00,RAINFALL,0,0,0,0,0,0,0,0,0,0,0,0,0,0,0,0,0,1.5,0,0,0,1.5,0.5,1,
花蓮,2024/06/09 00:00:00,RH,100,100,100,100,100,100,99,91,82,80,87,83,88,87,86,89,89,94,99,98,99,99,100,100,
花蓮,2024/06/09 00:00:00,SO2,0.8,0.3,0.1,0.1,0.1,0,0.4,0.3,0,0.6,0.8,1,0,0.1,0.2,0.4,0.2,0.3,0.1,0.1,0.1,0.1,0,0,
花蓮,2024/06/09 00:00:00,THC,1.92,1.94,1.94,1.95,1.97,1.94,1.96,1.9,1.97,2.84,2.02,1.93,1.89,1.89,1.92,2.09,1.95,1.97,1.93,1.95,1.92,1.91,1.92,1.9,
花蓮,2024/06/09 00:00:00,WD_HR,341,318,250,245,223,224,232,233,220,104,130,97,89,55,41,291,269,334,337,17,63,55,357,56,
花蓮,2024/06/09 00:00:00,WIND_DIREC,337,273,231,215,224,229,228,194,87,102,119,88,87,350,80,296,273,31,329,96,53,26,329,49,
花蓮,2024/06/09 00:00:00,WIND_SPEED,0.4,0.7,1,0.7,1.9,1.5,1.1,0.9,1,2.7,1.7,2.9,1.9,0.6,0.9,1.1,1.1,1.2,1.4,1.3,0.8,1,0.3,0.4,
花蓮,2024/06/09 00:00:00,WS_HR,0.7,0.2,0.7,0.6,1.5,1.3,0.9,0.7,0.4,1.8,1.9,2,1.8,0.9,0.5,0.2,1,0.4,0.6,0.3,0.5,1,0.7,0.5,
花蓮,2024/06/10 00:00:00,AMB_TEMP,26.1,26,26,26,25.7,25.7,26.1,26.8,28.2,29.2,29.5,30.5,30.6,30.4,30.2,30.4,29.6,29.3,29.2,29.1,28.9,28.9,28.8,28,
花蓮,2024/06/10 00:00:00,CH4,1.88,1.89,1.92,1.92,1.94,1.96,1.95,1.93,1.91,1.9,1.88,1.86,1.86,1.85,1.86,1.86,1.86,1.86,1.87,1.86,1.86,1.88,1.88,1.9,
花蓮,2024/06/10 00:00:00,CO,0.14,0.16,0.19,0.19,0.17,0.18,0.19,0.2,0.18,0.18,0.17,0.15,0.15,0.14,0.16,0.16,0.17,0.2,0.26,0.24,0.23,0.26,0.26,0.21,
花蓮,2024/06/10 00:00:00,NMHC,0,0,0,0.03,0,0,0,0.01,0,0.05,0,0,0,0,0,0,0,0,0.02,0.01,0.01,0.02,0.03,0.02,
花蓮,2024/06/10 00:00:00,NO,0.8,#,0,0,0,0,0,0.3,0.6,0.6,0.3,0.3,0.2,0.1,0,0.4,0,0,0,0,0,0.1,0.2,0.1,
花蓮,2024/06/10 00:00:00,NO2,2.6,*,4.8,5.6,3.7,3.1,2.6,2.2,1.9,2.7,2.1,1.9,1.5,1.5,2.1,3.1,2.5,2.8,8.5,9.2,7.6,10.2,11,7.6,
花蓮,2024/06/10 00:00:00,NOx,3.5,*,4.6,5.5,3.5,2.9,2.7,2.5,2.5,3.4,2.4,2.2,1.8,1.6,2,3.5,2.5,2.9,8.6,9.2,7.6,10.4,11.2,7.8,
花蓮,2024/06/10 00:00:00,O3,28.4,27.6,22.9,14.5,10.5,12.5,11.5,11.3,12.4,21.6,27.9,30,32.6,36.9,36.2,33.8,33.7,35.1,30,28.8,27.7,20.8,16.6,11.2,
花蓮,2024/06/10 00:00:00,PM10,2,0,0,12,12,10,14,11,14,9,7,6,6,5,3,2,9,11,19,16,17,13,14,21,
花蓮,2024/06/10 00:00:00,PM2.5,1,1,3,7,7,7,6,6,3,4,6,3,1,2,2,1,1,3,5,4,6,6,5,6,
花蓮,2024/06/10 00:00:00,RAINFALL,0,0,0,0,0,0,0,0,0,0,0,0,0,0,0,0,0,0,0,0,0,0,0,0,
花蓮,2024/06/10 00:00:00,RH,100,100,100,100,100,100,100,98,90,87,88,86,86,86,86,84,88,89,87,88,90,90,89,93,
花蓮,2024/06/10 00:00:00,SO2,0,0.7,0.7,0.6,0.7,0.5,0.6,0.7,0.7,1,0.8,0.6,0.4,0.4,0.4,0.9,0.6,0.6,0.8,0.9,1,1,0.8,0.7,
花蓮,2024/06/10 00:00:00,THC,1.87,1.89,1.92,1.95,1.93,1.96,1.95,1.94,1.91,1.95,1.88,1.85,1.84,1.83,1.85,1.84,1.85,1.86,1.89,1.87,1.87,1.9,1.91,1.92,
花蓮,2024/06/10 00:00:00,WD_HR,76,329,296,256,231,221,210,198,208,115,107,97,95,86,74,69,51,51,45,51,38,349,278,225,
花蓮,2024/06/10 00:00:00,WIND_DIREC,49,14,19,239,228,216,201,205,186,101,108,93,92,88,80,78,58,49,45,54,15,317,215,223,
花蓮,2024/06/10 00:00:00,WIND_SPEED,0.9,0.2,0.2,0.6,1.4,1.2,1.9,1.6,0.6,0.8,1.6,3.1,2.7,3.3,2.8,2.8,2.4,2,2.3,2.5,1.2,1,0.9,1.8,
花蓮,2024/06/10 00:00:00,WS_HR,0.7,0.4,0.1,0.4,0.7,1.4,1.5,1.4,1.3,0.8,1.1,1.8,2.8,2.8,2.2,1.9,1.8,1.7,1.5,1.8,1.1,0.6,0.8,1.6,
花蓮,2024/06/11 00:00:00,AMB_TEMP,27.8,27.5,27.2,27.1,27.1,27,27.1,27.5,28.6,29.4,30.6,31.5,30.9,30.8,30.5,30.8,30.6,29.8,29.4,29.3,29,29,28.2,28,
花蓮,2024/06/11 00:00:00,CH4,1.89,1.9,1.97,2,1.95,1.96,1.97,1.96,1.9,1.91,1.92,1.84,#,#,1.83,1.84,1.85,1.84,1.86,1.87,1.88,1.88,1.92,1.93,
花蓮,2024/06/11 00:00:00,CO,0.2,0.17,0.16,0.15,0.15,0.16,0.21,0.24,0.23,#,#,0.13,0.12,0.12,#,0.14,0.16,0.15,0.19,0.21,0.25,0.28,0.25,0.18,
花蓮,2024/06/11 00:00:00,NMHC,0.02,0,0,0,0,0,0.02,0.03,0.02,0.03,0.03,0,#,#,0,0,0,0,0.02,0.03,0.03,0.05,0.03,0.01,
花蓮,2024/06/11 00:00:00,NO,0,0.4,0.6,0.8,0.6,0.6,1.1,2.3,2.9,#,#,1.5,0.9,0.8,#,1,1.3,1.1,0.8,0.6,0.9,1.2,1.1,0.9,
花蓮,2024/06/11 00:00:00,NO2,5.1,4,3,2.6,2.4,2.5,3.6,4.3,4.1,#,#,2.5,1.4,1.6,#,2.5,3.3,2.4,3.7,4.5,6.7,7.2,5.3,4.1,
花蓮,2024/06/11 00:00:00,NOx,5.1,4.4,3.6,3.4,3,3.2,4.7,6.7,7.1,#,#,4,2.4,2.5,#,3.6,4.6,3.6,4.5,5.1,7.6,8.4,6.4,5.1,
花蓮,2024/06/11 00:00:00,O3,10,10.8,12.5,10.9,12.9,10.5,7.4,5.9,8.6,10.7,11.5,24.1,28,28.2,27.5,#,#,#,#,26.6,22.2,16.1,10.4,8.5,
花蓮,2024/06/11 00:00:00,PM10,16,18,12,12,15,12,15,21,9,18,#,4,5,6,5,15,9,9,13,11,14,20,14,13,
花蓮,2024/06/11 00:00:00,PM2.5,6,4,3,6,6,5,3,3,4,4,4,#,#,4,6,3,5,4,7,6,5,8,8,6,
花蓮,2024/06/11 00:00:00,RAINFALL,0,0,0,0,0,0,0,0,0,0,0,0,0,0,0,0,0,0,0,0,0,0,0,0,
花蓮,2024/06/11 00:00:00,RH,93,94,98,98,97,97,97,94,89,85,82,80,86,89,90,86,86,92,94,91,95,93,98,97,
花蓮,2024/06/11 00:00:00,SO2,0.6,0.4,0.3,0.5,0.5,0.5,0.6,0.5,0.5,#,#,x,x,x,#,x,x,x,0.2,0.3,0.6,0.5,0.3,0.4,
花蓮,2024/06/11 00:00:00,THC,1.91,1.89,1.96,1.99,1.94,1.96,1.99,1.99,1.92,1.94,1.95,1.83,#,#,1.79,1.84,1.85,1.83,1.88,1.9,1.91,1.93,1.95,1.94,
花蓮,2024/06/11 00:00:00,WD_HR,242,217,200,215,220,212,231,219,219,197,#,131,128,116,99,65,84,96,109,46,321,255,228,224,
花蓮,2024/06/11 00:00:00,WIND_DIREC,231,197,215,215,223,215,230,221,188,203,#,130,133,109,85,63,102,97,72,53,311,219,230,213,
花蓮,2024/06/11 00:00:00,WIND_SPEED,1.7,1.8,1.7,1.6,2.1,1.8,0.7,1.6,1,1.8,#,1.4,1.6,1.9,1.5,2.2,2,1.4,0.8,1,0.6,1.2,0.6,2.4,
花蓮,2024/06/11 00:00:00,WS_HR,1.3,1.9,2.1,1.4,2.2,0.9,0.7,1.3,1.1,1.3,#,1.3,1.4,1.4,1.5,1.7,1.7,1.7,0.9,0.8,0.8,0.8,1.2,1.6,
花蓮,2024/06/12 00:00:00,AMB_TEMP,27.7,27.7,27.7,27.7,27.4,27.2,27.5,28.2,29.6,30.1,32,32.2,31,31,30.3,30.3,31,30.2,29.6,29.8,29.3,28.9,28.6,28.3,
花蓮,2024/06/12 00:00:00,CH4,1.96,1.9,1.91,1.89,1.91,1.96,1.92,1.94,1.89,1.87,1.86,1.83,#,1.82,1.82,1.84,1.83,1.86,1.84,1.89,1.9,1.88,1.88,1.9,
花蓮,2024/06/12 00:00:00,CO,0.16,0.14,0.15,0.13,0.14,0.15,0.18,0.22,0.19,0.17,#,0.13,0.14,0.12,0.14,0.18,0.35,0.33,0.32,0.41,0.36,0.34,0.28,0.24,
花蓮,2024/06/12 00:00:00,NMHC,0,0,0,0,0,0,0.01,0.02,0,0,0,0,#,0,0,0,0.04,0.03,0.05,0.09,0.09,0.07,0.02,0.01,
花蓮,2024/06/12 00:00:00,NO,0.8,0.5,0.5,0.2,0.3,0.4,1,1.8,2.1,1.1,#,#,#,0.9,1,1.1,3.5,3.7,1,1.1,1.1,1.2,1,0.8,
花蓮,2024/06/12 00:00:00,NO2,2.5,2,1.8,1.4,1.3,1.5,2.2,3,3.1,2.5,#,#,#,1.5,2.6,4,14.3,15.4,11.3,15.5,15,12.3,10.1,7.7,
花蓮,2024/06/12 00:00:00,NOx,3.3,2.5,2.4,1.6,1.7,2,3.2,4.9,5.2,3.6,#,#,#,2.4,3.7,5.1,17.8,19.2,12.3,16.7,16.2,13.6,11.2,8.5,
花蓮,2024/06/12 00:00:00,O3,10.8,12.4,10.2,10.1,9,8.4,6.1,6.6,11,#,#,26.8,29.6,29.5,26.4,32.9,24.1,20.8,25.7,20.2,11.8,8.8,9.2,12.5,
花蓮,2024/06/12 00:00:00,PM10,13,11,8,13,15,13,18,19,11,10,10,9,7,5,8,13,20,25,13,23,26,20,19,11,
花蓮,2024/06/12 00:00:00,PM2.5,4,4,6,6,5,9,7,6,4,2,3,5,4,4,3,3,5,7,5,6,10,11,6,9,
花蓮,2024/06/12 00:00:00,RAINFALL,0,0,0,0,0,0,0,0,0,0,0,0,0,0,0,0,0,0,0,0,0,0,0,0,
花蓮,2024/06/12 00:00:00,RH,99,98,95,93,95,96,94,91,83,86,79,77,85,85,91,85,78,84,84,83,89,91,92,92,
花蓮,2024/06/12 00:00:00,SO2,0.3,0.2,0.2,0.2,0.3,0.4,0.3,0.4,0.4,#,#,0.2,0.1,0.2,0.6,0.6,0.9,1.1,0.9,1.3,1.2,1.3,1,1,
花蓮,2024/06/12 00:00:00,THC,1.96,1.89,1.9,1.87,1.89,1.95,1.93,1.96,1.89,1.86,1.85,1.83,#,1.79,1.81,1.84,1.87,1.89,1.89,1.98,1.99,1.95,1.9,1.91,
花蓮,2024/06/12 00:00:00,WD_HR,214,215,226,213,214,212,209,209,214,140,129,118,115,120,110,91,35,107,114,5,206,210,223,226,
花蓮,2024/06/12 00:00:00,WIND_DIREC,212,216,219,213,212,211,186,229,195,153,119,123,109,122,66,351,95,98,37,179,218,195,217,226,
花蓮,2024/06/12 00:00:00,WIND_SPEED,2.8,2.1,2.4,2,1.9,1.6,1.6,1.5,1.3,1.1,2.1,2,1.7,2.3,1.6,1.6,1,1.5,0.6,0.6,1.1,1.5,1.8,1.7,
花蓮,2024/06/12 00:00:00,WS_HR,2.7,2.2,2.2,2.4,2,1.8,1.5,1.4,1.5,1.1,1.2,1.7,1.5,1.8,1,1.2,1,1.3,0.6,0.2,0.9,1.1,1.7,2,
花蓮,2024/06/13 00:00:00,AMB_TEMP,28.2,28,27.6,27.3,27.2,27,27.5,27.7,28.2,28.5,30,31.5,31.9,33,32.2,31.5,31.6,30.6,30.4,30.2,29.9,29,28.9,28.3,
花蓮,2024/06/13 00:00:00,CH4,1.86,1.85,1.91,1.91,1.91,1.96,1.9,1.95,1.93,1.89,1.86,1.86,1.83,1.83,1.83,1.83,1.84,1.84,1.83,1.85,1.85,1.88,1.87,1.92,
花蓮,2024/06/13 00:00:00,CO,0.23,0.17,0.17,0.15,0.14,0.17,0.16,0.21,0.22,0.26,0.28,0.25,0.18,0.21,0.26,0.25,0.26,0.28,0.25,0.27,0.3,0.31,0.29,0.24,
花蓮,2024/06/13 00:00:00,NMHC,0,0,0,0,0,0.01,0.01,0.03,0.03,0.09,0.08,0.08,0,0,0.02,0.03,0.02,0.02,0.03,0.05,0.06,0.06,0.05,0.01,
花蓮,2024/06/13 00:00:00,NO,0.7,0.2,0.3,0.2,0.2,0.4,0.6,1.3,2.3,3.3,4.3,2.6,1.7,1.9,1.8,1.3,1.2,0.5,0.3,0.4,0.7,0.6,0.5,0.3,
花蓮,2024/06/13 00:00:00,NO2,5.4,3.8,3.4,2.4,2.1,2.6,2.1,3,4.7,5.9,7.7,6.9,4.5,5.6,8.6,8.1,6.8,6.6,5.8,8.4,10,10.1,9.1,6,
花蓮,2024/06/13 00:00:00,NOx,6.1,4.1,3.7,2.6,2.3,3.1,2.8,4.4,7.1,9.3,12,9.5,6.2,7.6,10.4,9.5,8.1,7.2,6.2,8.9,10.8,10.8,9.6,6.4,
花蓮,2024/06/13 00:00:00,O3,14.3,11.8,12.5,12,10.4,9.4,9.8,8,8.6,9.7,17.3,28.5,33.1,41.6,36.9,36,40.7,42.7,34.2,27.1,20.4,15,13.4,15.8,
花蓮,2024/06/13 00:00:00,PM10,9,11,15,17,14,13,14,19,12,21,15,18,16,15,21,22,17,19,13,17,16,20,16,22,
花蓮,2024/06/13 00:00:00,PM2.5,6,11,7,6,5,5,6,4,3,5,9,8,5,4,6,8,5,12,10,8,6,12,10,12,
花蓮,2024/06/13 00:00:00,RAINFALL,0,0,0,0,0,0,0,0,0,0,0,0,0,0,0,0,0,0,0,0,0,0,0,0,
花蓮,2024/06/13 00:00:00,RH,89,87,91,94,95,96,93,92,90,89,82,74,71,65,68,70,71,82,81,81,82,87,87,91,
花蓮,2024/06/13 00:00:00,SO2,1,0.2,0.2,0.3,0.3,0.3,0.5,0.3,0.4,0.3,0.3,0.4,0.4,0.4,1,1,1,0.6,0.6,0.7,0.8,0.9,0.8,0.7,
花蓮,2024/06/13 00:00:00,THC,1.86,1.85,1.91,1.91,1.91,1.97,1.91,1.98,1.96,1.98,1.94,1.94,1.83,1.83,1.85,1.86,1.86,1.86,1.86,1.9,1.91,1.94,1.92,1.93,
花蓮,2024/06/13 00:00:00,WD_HR,231,230,229,226,213,199,194,206,216,244,353,66,95,89,68,71,75,72,55,42,333,225,217,219,
花蓮,2024/06/13 00:00:00,WIND_DIREC,238,237,230,231,197,208,198,217,215,297,33,101,77,86,52,76,71,42,46,34,222,242,222,219,
花蓮,2024/06/13 00:00:00,WIND_SPEED,1.8,2.3,2.5,2,2.4,1.5,2.1,1.6,1.8,1,1.5,2,2.3,2.8,2.3,2.7,1.7,1.8,1.1,1.3,1,1.3,2.2,2,
花蓮,2024/06/13 00:00:00,WS_HR,1.9,1.8,1.9,1.9,2.1,1.4,1.5,1.4,1.4,1,0.7,1.1,2.3,2.5,2,2.1,1.7,1,1.1,1.1,0.3,1.6,1,1.7,
花蓮,2024/06/14 00:00:00,AMB_TEMP,27.9,27.7,27.5,27.3,27.3,27.2,27.3,27.7,28.2,28.8,29.8,30.5,30.8,31.2,31,31.1,31.1,29.7,29.7,29.1,28.9,28.6,28.2,27.9,
花蓮,2024/06/14 00:00:00,CH4,1.93,1.92,1.9,1.91,1.9,1.92,1.89,1.91,1.88,1.86,1.84,1.86,1.83,1.82,1.82,1.82,1.83,1.84,1.85,1.87,1.87,1.87,1.91,1.89,
花蓮,2024/06/14 00:00:00,CO,0.2,0.2,0.18,0.17,0.17,0.19,0.2,0.28,0.39,0.35,0.27,0.23,0.24,0.17,0.26,0.26,0.31,0.25,0.37,0.37,0.38,0.32,0.25,0.21,
花蓮,2024/06/14 00:00:00,NMHC,0.01,0.02,0,0,0,0.01,0.01,0.05,0.11,0.11,0.06,0.03,0.02,0.01,0.01,0.01,0.03,0.01,0.08,0.08,0.07,0.05,0.02,0.01,
花蓮,2024/06/14 00:00:00,NO,0,0.2,0.4,0.3,0.1,0.4,0.8,1.5,4.2,4.3,2.7,3.6,2.6,1.4,1.2,1.7,0.8,0.5,0.6,0.5,0.4,0.7,0.3,0.2,
花蓮,2024/06/14 00:00:00,NO2,4.3,4.3,3.3,2.6,2.7,3.1,3.6,4.5,8.9,10.1,9.1,8.4,7.3,3,4.7,6.8,5.9,5.5,8.9,9.5,8.7,7.7,4.3,3.6,
花蓮,2024/06/14 00:00:00,NOx,4.3,4.5,3.7,3,2.9,3.6,4.5,6.1,13.2,14.4,11.9,12.1,10,4.4,6,8.6,6.8,6.1,9.5,10,9.2,8.5,4.6,3.9,
花蓮,2024/06/14 00:00:00,O3,16.2,13.5,15.2,13.1,12.3,10.2,8.7,9.2,6.9,12.5,22.2,27.1,26.2,31.3,31.7,36.8,39.7,37.2,33.6,25.9,18.3,14.7,15.9,16.7,
花蓮,2024/06/14 00:00:00,PM10,12,18,17,17,17,15,14,16,22,19,20,24,28,21,18,17,18,26,25,34,28,25,21,19,
花蓮,2024/06/14 00:00:00,PM2.5,11,12,12,8,9,10,7,5,9,9,10,8,7,4,5,9,11,9,9,12,15,9,8,5,
花蓮,2024/06/14 00:00:00,RAINFALL,0,0,0,0,0,0,0,0,0,0,0,0,0,0,0,0,0,0,0,0,0,0,0,0,
花蓮,2024/06/14 00:00:00,RH,92,93,93,94,93,93,91,91,89,86,84,83,82,82,81,78,79,91,87,93,89,88,90,89,
花蓮,2024/06/14 00:00:00,SO2,0.8,0.6,0.5,0.5,0.5,0.4,0.3,0.4,0.4,0.4,0.4,0.5,0.4,0.3,0.4,0.8,0.8,0.5,0.5,0.6,0.9,0.8,0.6,0.6,
花蓮,2024/06/14 00:00:00,THC,1.94,1.94,1.9,1.91,1.9,1.93,1.9,1.96,1.99,1.97,1.9,1.89,1.85,1.83,1.83,1.83,1.86,1.85,1.93,1.95,1.94,1.92,1.93,1.9,
花蓮,2024/06/14 00:00:00,WD_HR,221,228,214,221,221,233,225,228,260,299,29,77,45,45,31,34,76,137,291,210,221,219,205,201,
花蓮,2024/06/14 00:00:00,WIND_DIREC,221,224,214,225,225,255,265,284,264,324,98,59,37,43,31,44,86,181,132,227,261,227,188,194,
花蓮,2024/06/14 00:00:00,WIND_SPEED,2.2,1.9,2.3,2.1,1.2,1.3,0.3,0.6,1.1,0.8,1.7,1.6,2.3,1.8,1.6,0.3,0.6,0.5,0.3,1.6,0.4,2.1,1.3,2,
花蓮,2024/06/14 00:00:00,WS_HR,2,1.6,2.1,2,1.6,1.5,0.9,0.9,0.7,0.4,0.5,1.4,1.5,1.2,1.2,0.8,0.8,0.9,0.3,0.7,0.8,1.3,1.5,1.8,
花蓮,2024/06/15 00:00:00,AMB_TEMP,27.4,27.1,26.8,26.6,26.4,26.4,27.6,29.1,31.1,30.3,31,32.9,33,32.6,32.4,32,31.9,31,31.1,31.1,30.5,29.9,29.2,28.8,
花蓮,2024/06/15 00:00:00,CH4,1.91,1.91,1.91,1.87,1.88,1.89,1.9,1.94,1.88,1.84,1.84,1.84,1.83,1.82,1.83,1.82,1.82,1.83,1.84,1.85,1.91,1.91,1.9,1.93,
花蓮,2024/06/15 00:00:00,CO,0.19,0.16,0.14,0.11,0.12,0.15,0.16,0.2,0.19,0.19,0.19,0.19,0.2,0.23,0.23,0.18,0.17,0.21,0.3,0.43,0.4,0.37,0.29,0.24,
花蓮,2024/06/15 00:00:00,NMHC,0.02,0.01,0,0.01,0.01,0.02,0.01,0.01,0.12,0.09,0,0.01,0,0,0,0,0,0.01,0.03,0.08,0.09,0.08,0.05,0.02,
花蓮,2024/06/15 00:00:00,NO,0.1,0,0.1,0.2,0.1,0.3,0.7,1.3,1.3,0.4,0.6,1,0.8,0.7,0.7,0.7,0.2,0.3,0.3,0.3,0.4,0.4,0.2,0.1,
花蓮,2024/06/15 00:00:00,NO2,2.8,2.4,2.2,2,2.5,2.7,2.3,2.6,3.4,2,2.1,3.3,2.5,2.7,2.9,3.5,2.5,3.8,5.5,9.9,11.1,9.7,6.5,4.2,
花蓮,2024/06/15 00:00:00,NOx,3,2.3,2.4,2.3,2.6,3.1,3.1,4,4.8,2.5,2.7,4.4,3.3,3.5,3.6,4.3,2.8,4.1,5.8,10.2,11.6,10.1,6.7,4.4,
花蓮,2024/06/15 00:00:00,O3,14.5,13.5,12.2,10.3,10.2,11.5,12.7,14.9,27.4,34.8,36.3,37.6,39.2,43.9,46.3,38.3,36,39.5,34.6,25.1,20.4,20.8,20.6,20.7,
花蓮,2024/06/15 00:00:00,PM10,14,13,15,8,11,10,12,18,20,12,14,19,12,15,15,21,9,16,18,18,32,25,23,16,
花蓮,2024/06/15 00:00:00,PM2.5,8,8,7,4,2,9,6,3,4,11,7,5,5,5,8,8,7,8,9,10,11,11,9,9,
花蓮,2024/06/15 00:00:00,RAINFALL,0,0,0,0,0,0,0,0,0,0,0,0,0,0,0,0,0,0,0,0,0,0,0,0,
花蓮,2024/06/15 00:00:00,RH,90,90,89,86,88,91,87,84,78,84,82,67,64,67,68,69,68,72,73,73,76,82,85,86,
花蓮,2024/06/15 00:00:00,SO2,0.6,0.7,0.6,0.8,0.6,0.7,0.8,1,1.5,0.7,0.6,0.7,0.8,1,1,0.9,0.6,0.8,1.3,1.7,1.5,1.4,1.3,1.2,
花蓮,2024/06/15 00:00:00,THC,1.93,1.92,1.91,1.88,1.89,1.91,1.91,1.95,2,1.93,1.84,1.85,1.83,1.82,1.83,1.82,1.82,1.84,1.87,1.93,2,1.99,1.95,1.95,
花蓮,2024/06/15 00:00:00,WD_HR,187,211,230,235,227,235,208,202,120,99,90,80,53,51,49,42,45,41,27,288,209,235,223,227,
花蓮,2024/06/15 00:00:00,WIND_DIREC,187,236,256,227,228,222,204,218,117,106,89,73,63,55,45,47,47,50,336,268,201,221,219,227,
花蓮,2024/06/15 00:00:00,WIND_SPEED,1.7,1.6,0.8,1.4,1.7,1.7,2.5,1.2,2.1,2,2.6,2.7,2.9,3.1,2.8,3.2,3.4,2.8,2.3,1.1,1.6,1.5,2,1.9,
花蓮,2024/06/15 00:00:00,WS_HR,1.3,1.4,1.1,1.1,1.4,1.5,1.8,1.7,0.9,1.8,2.1,2,2.2,2.5,2.3,2.7,2.6,2.3,1.4,0.9,0.9,0.4,1.7,1.4,
花蓮,2024/06/16 00:00:00,AMB_TEMP,28.2,28.2,28.2,28.1,27.8,27.9,27.9,29.9,30,32.1,32.9,32.4,31.4,31.8,31.7,31.4,30.7,30.6,30.2,30.1,29.7,29.7,29.5,29,
花蓮,2024/06/16 00:00:00,CH4,1.87,1.85,1.84,1.84,1.85,1.87,1.89,1.87,1.87,1.88,1.81,1.8,1.8,1.8,1.8,1.8,1.8,1.8,1.8,1.82,1.81,1.82,1.83,1.83,
花蓮,2024/06/16 00:00:00,CO,0.21,0.17,0.15,0.17,0.17,0.16,0.17,0.17,0.18,0.21,0.13,0.13,0.12,0.12,0.12,0.11,0.11,0.12,0.12,0.15,0.14,0.15,0.17,0.15,
花蓮,2024/06/16 00:00:00,NMHC,0.01,0,0,0,0,0,0,0.01,0,0.02,0,0,0,0,0,0,0,0,0,0.02,0,0.02,0.02,0.01,
花蓮,2024/06/16 00:00:00,NO,0.3,0.3,0.2,0.2,0.2,0.5,0.5,0.7,0.5,0.9,0.5,0.4,0.4,0.5,0.4,0.4,0.5,0.5,0.5,0.5,0.2,0.4,0.4,0.5,
花蓮,2024/06/16 00:00:00,NO2,3.9,2.6,2.3,2.4,2.5,2.1,2.1,1.9,2.1,2.7,1.8,1.3,1.1,1,1,0.8,1.1,1.8,1.9,2.9,2.6,3.1,4.3,5.9,
花蓮,2024/06/16 00:00:00,NOx,4.3,2.9,2.5,2.6,2.7,2.7,2.6,2.7,2.6,3.6,2.4,1.7,1.6,1.6,1.4,1.3,1.7,2.3,2.5,3.5,2.8,3.5,4.7,6.4,
花蓮,2024/06/16 00:00:00,O3,15.6,15.8,14.2,16.1,14.1,15.2,14.2,17.2,19.6,25,31,28.9,27,29,30.2,25,20.1,20.9,19.5,18.4,18.7,16.4,13.1,12.3,
花蓮,2024/06/16 00:00:00,PM10,12,9,12,14,11,15,20,14,12,29,24,15,13,20,20,20,13,18,21,16,16,10,17,21,
花蓮,2024/06/16 00:00:00,PM2.5,7,6,6,8,10,7,5,6,7,8,8,5,5,6,10,7,11,7,7,6,3,6,9,9,
花蓮,2024/06/16 00:00:00,RAINFALL,0,0,0,0,0,0,0,0,0,0,0,0,0,0,0,0,0,0,0,0,0,0,0,0,
花蓮,2024/06/16 00:00:00,RH,84,82,79,81,84,84,85,77,77,73,75,77,86,84,83,87,90,89,90,92,93,93,91,93,
花蓮,2024/06/16 00:00:00,SO2,0.9,0.6,0.7,0.9,0.8,0.6,0.5,0.6,0.6,2.8,0.5,0.3,0.3,0.2,0.4,0.2,0.2,0.2,0.2,0.3,0.5,0.4,0.6,0.6,
花蓮,2024/06/16 00:00:00,THC,1.88,1.85,1.84,1.84,1.85,1.86,1.88,1.88,1.87,1.9,1.81,1.8,1.8,1.8,1.79,1.79,1.79,1.8,1.8,1.84,1.81,1.84,1.85,1.84,
花蓮,2024/06/16 00:00:00,WD_HR,245,228,225,209,207,211,213,214,215,182,154,140,141,148,141,131,107,84,75,54,41,31,25,26,
花蓮,2024/06/16 00:00:00,WIND_DIREC,228,217,220,209,205,213,197,211,213,142,164,136,137,140,136,122,80,76,59,35,9,41,5,45,
花蓮,2024/06/16 00:00:00,WIND_SPEED,2,2.7,2.6,3.3,2.9,3.7,2.9,2.1,3,1.7,3.2,2.2,2.3,2.6,2.3,1.7,2.1,2.2,1.2,1.5,0.4,1.5,1.1,2.3,
花蓮,2024/06/16 00:00:00,WS_HR,1.5,2.2,2.1,2.8,2.6,3.2,3,2.6,3.1,1.9,2.4,2.3,1.9,2.1,2.2,1.7,1.5,1.8,1.5,1.2,0.9,1,0.9,1.2,
花蓮,2024/06/17 00:00:00,AMB_TEMP,28.5,28.4,28.4,28.3,28.4,28,28.4,28.9,29.3,29.9,30.7,30.5,30.8,31.4,31.5,31.2,31,30.1,29.4,29.1,28.9,28.7,28.7,28.8,
花蓮,2024/06/17 00:00:00,CH4,1.82,1.83,1.84,1.88,1.89,1.94,1.93,1.86,1.82,1.82,1.83,1.84,1.83,1.82,1.81,1.8,1.81,1.84,1.84,1.84,1.85,1.85,1.84,1.85,
花蓮,2024/06/17 00:00:00,CO,0.12,0.13,0.14,0.16,0.16,0.15,0.21,0.26,0.31,0.31,0.26,0.28,0.22,0.17,0.14,0.12,0.17,0.25,0.25,0.24,0.26,0.24,0.27,0.29,
花蓮,2024/06/17 00:00:00,NMHC,0,0,0,0.03,0.04,0.06,0.05,0.05,0.04,0.03,0.03,0.03,0,0,0,0,0.01,0.05,0.05,0.05,0.04,0.03,0.03,0.03,
花蓮,2024/06/17 00:00:00,NO,0.4,0.3,0,0.1,0.3,1,2,5.5,9.2,9.9,6.4,4.7,1.9,0.7,0.3,0.2,0.5,1.2,0.8,0.5,0.5,0.7,0.6,0.3,
花蓮,2024/06/17 00:00:00,NO2,6.8,7.3,6,8.5,9.6,7,6.5,7.8,10.3,10.5,8.8,9.3,5.4,2.7,1.9,1.8,2.4,7,7.9,9.7,10.7,10.4,9.8,11.6,
花蓮,2024/06/17 00:00:00,NOx,7.2,7.6,6.1,8.6,9.9,8.1,8.6,13.3,19.5,20.5,15.2,14.1,7.4,3.4,2.3,2.1,3,8.2,8.7,10.2,11.2,11.2,10.4,11.9,
花蓮,2024/06/17 00:00:00,O3,13.6,13.1,11.8,3.4,1.6,2.1,4.1,5,4.3,6.8,12.1,13.8,25.5,33.6,33.7,25.8,21.6,19.6,19.8,17.3,12.2,9.9,9,5.5,
花蓮,2024/06/17 00:00:00,PM10,15,18,12,18,23,20,28,22,37,31,22,30,20,20,26,21,30,23,29,27,28,27,31,36,
花蓮,2024/06/17 00:00:00,PM2.5,8,7,12,11,6,5,9,9,14,15,11,8,12,19,9,14,15,12,14,13,14,14,13,10,
花蓮,2024/06/17 00:00:00,RAINFALL,0,0,0,0,0,0,0,0,0,0,0,0,0,0,0,0,0,0,0.5,0,0,0,0,0,
花蓮,2024/06/17 00:00:00,RH,95,94,95,94,93,92,93,89,85,83,82,83,84,81,82,87,88,94,97,98,98,97,95,92,
花蓮,2024/06/17 00:00:00,SO2,0.7,0.8,0.8,0.6,0.7,0.6,0.7,0.8,0.9,1,0.7,0.8,0.9,0.9,0.6,0.5,0.3,0.4,0.5,0.6,0.6,0.7,0.8,0.9,
花蓮,2024/06/17 00:00:00,THC,1.81,1.82,1.84,1.91,1.93,2,1.98,1.91,1.86,1.85,1.86,1.87,1.83,1.81,1.81,1.8,1.82,1.89,1.89,1.89,1.89,1.88,1.87,1.88,
花蓮,2024/06/17 00:00:00,WD_HR,28,1,358,194,318,139,301,3,44,8,88,121,135,136,139,155,175,360,13,16,354,342,330,314,
花蓮,2024/06/17 00:00:00,WIND_DIREC,24,12,10,245,147,175,321,19,28,290,116,130,144,148,149,155,347,20,35,346,334,322,330,281,
花蓮,2024/06/17 00:00:00,WIND_SPEED,1.2,0.7,0.3,0.3,0.2,0.2,0.9,1.4,1.2,1.4,1.6,1.3,2,2.4,1.9,1.9,1.7,1.9,1.2,1.4,1.3,1.6,1.1,1.3,
花蓮,2024/06/17 00:00:00,WS_HR,1,0.9,0.2,0.3,0.1,0.2,0.3,1,1,0.7,0.4,1.4,1.4,1.7,1.7,1.7,0.8,1.6,1.1,1,0.9,1.6,1,0.9,
花蓮,2024/06/18 00:00:00,AMB_TEMP,28.1,27.8,27.3,27.5,27.2,27.2,27.8,28.6,29.7,30.2,30.1,31.6,30.8,30.8,30.8,30.2,29.5,29.6,29.2,28.6,28.7,28.6,28.3,28,
花蓮,2024/06/18 00:00:00,CH4,1.86,1.85,1.86,1.89,1.88,1.87,1.85,1.87,1.87,1.86,1.82,1.82,1.82,1.82,1.82,1.82,1.83,1.84,1.84,1.85,1.86,1.87,1.89,1.89,
花蓮,2024/06/18 00:00:00,CO,0.24,0.14,0.15,0.13,0.18,0.16,0.18,0.26,0.38,0.24,0.16,0.18,0.14,0.15,0.17,0.16,0.16,0.25,0.24,0.22,0.27,0.31,0.27,0.22,
花蓮,2024/06/18 00:00:00,NMHC,0.04,0.01,0.02,0,0.03,0.01,0.03,0.04,0.1,0.02,0.01,0.01,0,0,0,0.02,0.02,0.04,0.03,0.04,0.04,0.06,0.03,0.02,
花蓮,2024/06/18 00:00:00,NO,0.5,0.3,0.8,0.5,0.6,0.6,1.3,2,4.6,3.7,1.6,1.7,0.9,0.9,1.1,0.8,0.8,0.8,0.8,0.5,0.3,0.6,0.6,0.5,
花蓮,2024/06/18 00:00:00,NO2,10.2,2.9,4.9,3,3.8,3.9,3.4,3.7,7.5,7,3.9,3.7,2.6,2.3,3,3,3.7,5.7,6.4,6.1,7.2,8.8,6.6,4.5,
花蓮,2024/06/18 00:00:00,NOx,10.8,3.2,5.7,3.5,4.4,4.6,4.8,5.7,12.1,10.8,5.6,5.5,3.6,3.2,4.2,3.8,4.6,6.5,7.2,6.7,7.5,9.5,7.2,5.1,
花蓮,2024/06/18 00:00:00,O3,3.8,8.2,4.5,7.6,5.4,8.3,7.6,8.2,10.4,17.8,24.5,29.3,30.5,33.8,34.9,34.6,29.4,29.4,28.9,29.7,25.7,19.4,17.9,15.7,
花蓮,2024/06/18 00:00:00,PM10,17,14,15,13,22,19,14,15,21,34,23,17,11,22,14,12,21,20,17,15,19,25,15,18,
花蓮,2024/06/18 00:00:00,PM2.5,6,10,10,9,8,9,9,11,12,16,8,8,6,17,5,4,10,9,11,10,8,11,11,14,
花蓮,2024/06/18 00:00:00,RAINFALL,0,0,0,0,0,0,0,0,0,0,0,0,0,0,0,0,0,0,0,0,0,0,0,0,
花蓮,2024/06/18 00:00:00,RH,91,87,88,88,89,89,84,82,80,85,89,80,84,85,83,84,87,86,89,93,92,93,94,94,
花蓮,2024/06/18 00:00:00,SO2,0.7,0.3,0.3,0.4,0.5,0.5,0.5,0.5,0.5,0.6,0.4,0.5,0.2,0.4,0.4,0.3,0.3,0.6,0.6,0.9,1,0.9,0.7,0.6,
花蓮,2024/06/18 00:00:00,THC,1.9,1.86,1.88,1.89,1.91,1.88,1.88,1.91,1.97,1.88,1.83,1.83,1.82,1.81,1.82,1.84,1.85,1.88,1.87,1.89,1.9,1.93,1.92,1.91,
花蓮,2024/06/18 00:00:00,WD_HR,236,236,223,258,226,215,223,217,354,74,44,35,44,52,51,61,50,48,31,66,322,242,220,225,
花蓮,2024/06/18 00:00:00,WIND_DIREC,226,237,222,233,221,220,197,50,9,53,49,43,44,69,63,73,48,42,68,110,332,213,218,228,
花蓮,2024/06/18 00:00:00,WIND_SPEED,1.8,1.6,1.3,1.1,0.8,2.1,1.9,0.3,0.9,2.8,3.1,2.8,2.8,3.5,3.2,2.5,2.9,1.8,1.3,0.8,1.1,1.4,2.3,2.1,
花蓮,2024/06/18 00:00:00,WS_HR,1.2,1.5,0.8,0.9,1,1.7,1.6,0.9,0.5,2,2.3,2.3,2.1,2.1,2.3,2.3,2.2,1.8,1.4,0.9,0.4,0.6,1.7,1.9,
花蓮,2024/06/19 00:00:00,AMB_TEMP,27.7,27.6,27.2,27,26.9,27.1,27.6,29.5,31.1,30.6,31.5,31.9,32.3,32.1,31.6,30.9,30.1,28.8,27.1,26.1,26.8,27.4,27.4,26.9,
花蓮,2024/06/19 00:00:00,CH4,1.85,1.85,1.95,1.95,1.94,1.94,1.9,1.88,1.87,1.82,1.82,1.82,1.82,1.81,1.81,1.8,1.8,1.82,1.85,1.85,1.84,1.83,1.85,1.87,
花蓮,2024/06/19 00:00:00,CO,0.19,0.16,0.2,0.18,0.17,0.17,0.19,0.21,0.26,0.17,0.16,0.14,0.15,0.12,0.11,0.13,0.14,0.17,0.15,0.15,0.15,0.16,0.14,0.12,
花蓮,2024/06/19 00:00:00,NMHC,0.01,0.01,0.01,0,0,0.01,0.01,0.01,0.01,0.01,0,0,0,0,0,0,0.01,0.02,0.01,0.01,0.01,0.03,0.03,0,
花蓮,2024/06/19 00:00:00,NO,0.3,0.6,0.7,0.6,0.6,0.7,1,1.7,2.1,0.9,0.9,0.8,1,0.9,0.7,0.6,0.8,0.8,1,0.9,0.8,1,0.7,0.7,
花蓮,2024/06/19 00:00:00,NO2,3.6,3.5,3.5,3.3,3.1,2.9,2.6,2.6,3.8,2.4,1.8,1.8,2,1.5,1.4,2,2.6,4.9,3.5,4.1,4.3,4.1,4.1,3.1,
花蓮,2024/06/19 00:00:00,NOx,3.9,4.2,4.3,4,3.7,3.6,3.6,4.4,5.9,3.4,2.8,2.6,3.1,2.4,2.1,2.7,3.4,5.7,4.6,5,5.1,5.2,4.8,3.9,
花蓮,2024/06/19 00:00:00,O3,9.4,8.7,9.8,8.7,8,7.4,8.8,12.8,22.9,30.8,36.2,35.1,34.4,31.2,26.1,26.2,26.7,21.7,24.4,28.8,22.4,18.3,15.1,13.2,
花蓮,2024/06/19 00:00:00,PM10,15,16,23,13,16,19,20,15,26,18,13,11,15,12,16,14,16,5,5,3,2,3,5,8,
花蓮,2024/06/19 00:00:00,PM2.5,8,10,17,7,13,8,11,10,9,7,8,10,9,5,4,7,6,6,5,3,3,4,2,1,
花蓮,2024/06/19 00:00:00,RAINFALL,0,0,0,0,0,0,0,0,0,0,0,0,0,0,0,0,1,19,8,0,0,0,0,0,
花蓮,2024/06/19 00:00:00,RH,91,89,96,97,96,95,92,85,81,86,82,83,83,84,87,90,94,99,100,99,99,98,99,100,
花蓮,2024/06/19 00:00:00,SO2,0.5,1,1,1,1.2,1.1,1,1.3,6,1.1,0.9,0.8,0.9,0.7,0.7,0.7,0.8,0.8,0.8,1,1,1.1,1,1.1,
花蓮,2024/06/19 00:00:00,THC,1.86,1.86,1.96,1.95,1.94,1.95,1.91,1.89,1.88,1.83,1.82,1.81,1.82,1.8,1.8,1.8,1.81,1.84,1.86,1.86,1.85,1.86,1.88,1.87,
花蓮,2024/06/19 00:00:00,WD_HR,226,221,216,220,212,215,212,202,166,132,124,124,123,120,127,127,141,169,33,33,14,278,224,213,
花蓮,2024/06/19 00:00:00,WIND_DIREC,225,228,220,223,205,208,216,193,140,140,124,133,123,116,123,114,146,17,348,24,227,166,239,212,
花蓮,2024/06/19 00:00:00,WIND_SPEED,1.7,1.4,1.3,1.7,1.2,2.1,1.8,2.5,1.7,2.1,3.1,2.5,2.8,2.6,2.3,1.2,1.1,2,3.9,1.7,1.1,0.3,1.8,2.7,
花蓮,2024/06/19 00:00:00,WS_HR,1.7,1.4,1.7,1.4,1.5,1.6,1.5,2,1.2,1.8,2.4,2.3,2.1,2.2,1.9,1.4,0.9,0.5,1.8,1.6,0.4,0.7,0.6,2.3,
花蓮,2024/06/20 00:00:00,AMB_TEMP,26.8,26.7,26.6,26.5,26.4,26.5,27.3,29.6,31,31.6,32,32.2,32.8,32.8,32.1,31.1,31,30.9,29.7,28.8,28.3,27.7,27.7,27.6,
花蓮,2024/06/20 00:00:00,CH4,1.86,1.88,1.87,1.86,1.85,1.86,1.86,1.86,1.87,#,1.81,1.8,1.8,1.8,1.8,1.8,1.8,1.81,1.83,1.83,1.85,1.87,1.87,1.87,
花蓮,2024/06/20 00:00:00,CO,0.12,0.1,0.1,0.1,0.1,0.12,0.12,0.15,0.15,0.11,0.1,#,0.09,0.08,0.08,0.1,0.12,0.12,0.12,0.17,0.12,0.1,0.1,0.09,
花蓮,2024/06/20 00:00:00,NMHC,0,0,0,0,0,0,0.01,0.01,0.01,#,0,0,0,0,0,0,0,0.01,0.01,0.05,0.01,0,0,0,
花蓮,2024/06/20 00:00:00,NO,0.6,0.1,0.2,0.2,0.3,0.5,0.8,1.5,1.7,1.6,0.7,#,#,0.6,0.9,0.7,0.7,0.8,0.8,1,0.4,0.4,0.4,0.3,
花蓮,2024/06/20 00:00:00,NO2,2.1,2.6,2.3,2.1,2,2.4,2.2,2.1,3.1,3.2,1.9,#,#,0.6,0.7,1,1.5,2.1,2.2,3.3,2.6,1.3,1.1,1.3,
花蓮,2024/06/20 00:00:00,NOx,2.7,2.8,2.5,2.3,2.4,3,3.1,3.6,4.8,4.8,2.6,#,#,1.3,1.6,1.8,2.3,2.9,3.1,4.3,3,1.7,1.5,1.6,
花蓮,2024/06/20 00:00:00,O3,13.5,11.8,10.6,9,7.8,7.2,6.2,8.9,12.9,16,#,14.5,14.4,15.6,20.6,21.3,18.7,16.7,12.7,12.3,11.7,12.5,12.2,11,
花蓮,2024/06/20 00:00:00,PM10,12,11,9,18,16,15,13,12,14,#,10,6,6,5,8,9,9,5,12,7,2,0,2,5,
花蓮,2024/06/20 00:00:00,PM2.5,3,3,3,4,4,3,6,7,6,5,#,0,0,1,1,2,2,1,1,4,2,0,5,2,
花蓮,2024/06/20 00:00:00,RAINFALL,0,0,0,0,0,0,0,0,0,#,0,0,0,0,0,0,0,0,0,0,0,0,0,0,
花蓮,2024/06/20 00:00:00,RH,99,99,99,99,98,96,92,82,79,80,82,83,81,81,84,90,90,85,91,94,97,98,97,96,
花蓮,2024/06/20 00:00:00,SO2,1.2,0.4,0.3,0.3,0.3,0.4,0.4,0.4,1.5,0.8,x,#,#,0.7,0.7,0.8,0.7,0.9,0.8,1,1.1,1.2,1.1,1.1,
花蓮,2024/06/20 00:00:00,THC,1.85,1.87,1.85,1.85,1.84,1.86,1.87,1.87,1.88,#,1.8,1.78,1.79,1.79,1.78,1.78,1.8,1.82,1.84,1.88,1.86,1.87,1.86,1.86,
花蓮,2024/06/20 00:00:00,WD_HR,216,204,209,206,210,215,202,213,206,111,125,137,145,159,161,155,174,185,206,234,213,211,210,212,
花蓮,2024/06/20 00:00:00,WIND_DIREC,216,197,210,214,214,209,201,223,182,98,132,140,156,168,154,145,186,203,212,238,205,215,215,208,
花蓮,2024/06/20 00:00:00,WIND_SPEED,2.9,2.3,2.7,2.6,1.7,1.9,1.6,2.4,1.6,1.8,2.7,2.9,3.1,4.1,3.1,2.3,3.6,1.7,2.3,1.5,3,2.9,2.5,2.5,
花蓮,2024/06/20 00:00:00,WS_HR,2.6,2.1,2.3,2.5,2.3,1.5,2,1.9,1.6,1.4,2,2.5,2.4,2.9,2.8,2.4,2.4,2.2,2.3,1.3,2.5,2.8,2.5,2.4,
花蓮,2024/06/21 00:00:00,AMB_TEMP,27.4,27.1,27,#,27,26.8,27.5,29.2,30.5,32.5,32.5,#,32.7,33,32.8,31.3,30.9,30.6,30.5,30.5,30.1,#,29.6,29.4,
花蓮,2024/06/21 00:00:00,CH4,1.86,1.87,#,#,1.87,1.93,1.87,1.88,1.84,1.84,1.8,#,1.81,1.81,1.81,1.81,1.81,1.81,1.82,1.83,1.82,#,1.86,1.85,
花蓮,2024/06/21 00:00:00,CO,0.09,0.09,0.1,#,0.1,0.12,0.14,0.18,0.14,0.12,0.1,#,0.1,0.1,0.09,0.11,0.13,0.13,0.13,0.17,0.16,#,0.14,0.11,
花蓮,2024/06/21 00:00:00,NMHC,0,0,#,#,0,0.01,0.02,0.03,0.01,0,0,#,0,0,0,0,0,0.03,0.2,0.03,0.16,#,0.01,0,
花蓮,2024/06/21 00:00:00,NO,0.3,0.1,0.1,#,0.1,0.5,1.5,2.7,2.1,1.5,#,#,0.7,0.6,0.4,0.3,0.6,0.4,0.6,0.4,0.4,#,0.3,0.2,
花蓮,2024/06/21 00:00:00,NO2,1.2,1.8,1.9,#,2,2.1,2.2,2.5,2.4,2.7,#,#,1.4,1.4,1.4,1.8,2,2.5,2.7,3.7,3.3,#,3.2,2.3,
花蓮,2024/06/21 00:00:00,NOx,1.5,1.9,2,#,2.1,2.6,3.8,5.2,4.5,4.2,#,#,2.1,2.1,1.8,2.2,2.7,3,3.4,4.2,3.7,#,3.5,2.6,
花蓮,2024/06/21 00:00:00,O3,9.8,7.9,5.5,#,#,#,2.6,4.2,8.5,13.2,#,#,14.4,16,19.2,19.4,16.9,16.8,17.8,14.6,14.8,#,5.5,4.1,
花蓮,2024/06/21 00:00:00,PM10,7,11,12,15,18,13,14,15,10,8,4,#,13,22,13,16,10,19,13,15,20,19,17,15,
花蓮,2024/06/21 00:00:00,PM2.5,0,5,4,1,1,3,2,0,2,3,2,#,2,1,3,1,1,2,5,6,5,4,4,4,
花蓮,2024/06/21 00:00:00,RAINFALL,0,0,0,#,0,0,0,0,0,0,0,#,0,0,0,0,0,0,0,0,0,#,0,0,
花蓮,2024/06/21 00:00:00,RH,96,98,98,#,97,98,94,86,81,74,78,#,80,79,81,86,89,91,91,91,94,#,93,90,
花蓮,2024/06/21 00:00:00,SO2,1.1,x,x,#,x,x,x,x,x,x,#,#,x,x,#,#,#,x,x,x,x,#,x,x,
花蓮,2024/06/21 00:00:00,THC,1.85,1.86,#,#,1.87,1.94,1.89,1.91,1.85,1.84,1.8,#,1.8,1.8,1.8,1.8,1.81,1.84,2.02,1.86,1.98,#,1.87,1.85,
花蓮,2024/06/21 00:00:00,WD_HR,209,213,216,#,209,236,217,212,171,122,143,#,162,155,154,156,158,182,171,175,180,#,219,200,
花蓮,2024/06/21 00:00:00,WIND_DIREC,210,214,210,227,209,230,213,213,169,119,135,#,164,167,148,163,163,181,164,151,312,#,228,207,
花蓮,2024/06/21 00:00:00,WIND_SPEED,2.5,1.8,1.3,2.3,0.7,1.9,1.3,1.8,1,2.2,3.2,#,4,4,2.9,2.7,1.5,2.3,1.5,0.7,1,#,1.2,2.2,
花蓮,2024/06/21 00:00:00,WS_HR,2.4,2.1,1.3,#,1.3,1.6,1.2,1.2,1,1.5,2.6,#,3.2,2.9,2.6,2.5,1.8,1.7,1.8,0.6,0.6,#,1.4,1.7,
花蓮,2024/06/22 00:00:00,AMB_TEMP,29.3,29,28.8,28.7,28.1,28.4,28.9,30.5,31.9,32.7,33.1,33.2,33,33.1,32.7,32.1,31.7,31.4,30.9,30.8,30.5,30.1,30,30,
花蓮,2024/06/22 00:00:00,CH4,1.86,1.83,1.85,1.84,1.88,1.85,1.87,1.84,1.86,1.82,1.81,1.8,1.79,1.79,1.79,1.79,1.8,1.8,1.8,1.81,1.82,1.82,1.82,1.85,
花蓮,2024/06/22 00:00:00,CO,0.1,0.09,0.09,0.08,0.1,0.1,0.12,0.1,0.16,0.1,0.1,0.09,0.08,0.08,0.08,0.08,0.09,0.11,0.12,0.13,0.12,0.12,0.11,0.12,
花蓮,2024/06/22 00:00:00,NMHC,0,0,0,0,0,0,0,0,0,0,0,0,0.01,0,0,0,0,0,0,0,0,0,0,0.01,
花蓮,2024/06/22 00:00:00,NO,0.2,0.8,0.8,0.6,0.5,0.7,1.3,1.1,1.7,1.1,1,1.1,0.9,0.9,1,1,0.8,0.9,0.7,#,1,0.8,0.6,0.7,
花蓮,2024/06/22 00:00:00,NO2,1.9,0.6,0.5,0.6,1,0.9,0.9,0.7,1.6,1.1,0.7,0.7,0.4,0.3,0.9,1,0.6,1.2,1.3,#,1.5,1.5,1.1,1.5,
花蓮,2024/06/22 00:00:00,NOx,2.1,1.4,1.3,1.3,1.5,1.7,2.2,1.9,3.3,2.2,1.8,1.8,1.4,1.3,2,2,1.4,2.2,2,#,2.5,2.3,1.7,2.3,
花蓮,2024/06/22 00:00:00,O3,5,5.1,5.1,6.4,5.3,7.6,6.2,10,14.1,16,16.6,16.1,14,13.7,22.1,18.8,18,16.4,15.5,#,13.7,12.2,12.9,11.2,
花蓮,2024/06/22 00:00:00,PM10,11,9,13,10,10,12,17,10,15,14,15,17,23,70,51,33,32,20,23,17,25,28,30,32,
花蓮,2024/06/22 00:00:00,PM2.5,3,0,3,2,7,3,2,2,6,4,1,0,0,1,3,1,2,6,5,4,4,6,5,9,
花蓮,2024/06/22 00:00:00,RAINFALL,0,0,0,0,0,0,0,0,0,0,0,0,0,0,0,0,0,0,0,0,0,0,0,0,
花蓮,2024/06/22 00:00:00,RH,90,85,87,85,89,82,84,78,77,75,79,81,81,80,82,85,86,87,88,88,91,93,92,93,
花蓮,2024/06/22 00:00:00,SO2,x,x,x,x,x,x,x,#,x,x,x,x,#,#,x,#,#,#,#,#,#,#,#,#,
花蓮,2024/06/22 00:00:00,THC,1.85,1.83,1.83,1.82,1.88,1.84,1.87,1.83,1.86,1.82,1.81,1.8,1.8,1.79,1.78,1.79,1.79,1.8,1.8,1.81,1.81,1.82,1.82,1.86,
花蓮,2024/06/22 00:00:00,WD_HR,201,197,197,199,195,206,208,208,158,140,152,160,164,166,164,162,162,161,168,176,159,156,156,148,
花蓮,2024/06/22 00:00:00,WIND_DIREC,204,184,211,191,208,193,223,199,137,169,159,166,170,166,161,163,169,159,173,174,153,164,134,136,
花蓮,2024/06/22 00:00:00,WIND_SPEED,2.2,1.7,2.7,2.6,1.6,2.1,2.5,2.6,1.9,2.7,3.4,3.5,4.7,4.7,3.9,3.3,3.1,2.2,2.6,1.4,0.9,0.9,0.5,0.3,
花蓮,2024/06/22 00:00:00,WS_HR,1.9,2,2.5,2.4,2,2.1,2,2.3,1.1,1.7,2.5,3.1,3.8,4,3.8,3.4,2.6,2,2,1.7,0.8,0.7,0.5,0.3,
花蓮,2024/06/23 00:00:00,AMB_TEMP,30.2,29.8,29.6,29.3,29.1,29.2,29.9,31.1,32.4,32.6,33,33.4,33,33.5,33,32.7,31.3,30.7,30.5,30.3,30.5,30.5,30.5,30.3,
花蓮,2024/06/23 00:00:00,CH4,1.89,1.87,1.94,1.95,2.01,1.85,1.85,1.91,1.82,1.81,1.81,1.81,1.8,1.8,1.8,1.8,1.8,1.8,1.81,1.81,1.81,1.8,1.82,1.81,
花蓮,2024/06/23 00:00:00,CO,0.15,0.15,0.15,0.12,0.11,0.1,0.12,0.3,0.1,0.1,0.1,0.1,0.09,0.09,0.09,0.09,0.1,0.11,0.11,0.12,0.11,0.1,0.1,0.08,
花蓮,2024/06/23 00:00:00,NMHC,0.04,0.03,0.03,0,0,0.01,0.01,0,0,0,0,0,0,0,0,0,0,0,0,0,0,0,0,0,
花蓮,2024/06/23 00:00:00,NO,0.6,0.3,0.5,0.4,0.4,0.8,1.2,1.5,0.9,0.7,0.7,0.8,0.7,0.7,0.5,0.8,0.7,0.4,0.4,0.4,0.6,0.7,0.6,0.7,
花蓮,2024/06/23 00:00:00,NO2,3.6,6.6,5.5,3.3,2.2,2,1.5,2,1.1,0.8,0.8,0.7,0.7,0.4,0.5,0.7,0.7,1.1,1.6,1.7,1.7,2.8,4.8,2.7,
花蓮,2024/06/23 00:00:00,NOx,4.2,7,6,3.7,2.7,2.9,2.7,3.6,2,1.6,1.6,1.6,1.5,1.1,1,1.6,1.5,1.6,2,2.1,2.3,3.6,5.5,3.4,
花蓮,2024/06/23 00:00:00,O3,6.1,4,2.7,3.1,3.3,2.9,4.5,10.8,17,20.6,21.5,21.5,22.7,25.3,25.7,24.8,28.1,26.6,27.8,26.2,24.9,20.8,20.1,20.6,
花蓮,2024/06/23 00:00:00,PM10,33,38,21,21,10,9,15,19,20,23,18,24,22,39,34,35,25,28,23,22,24,18,19,19,
花蓮,2024/06/23 00:00:00,PM2.5,7,10,7,6,5,3,5,7,10,11,11,10,10,8,10,11,7,8,6,8,5,3,5,4,
花蓮,2024/06/23 00:00:00,RAINFALL,0,0,0,0,0,0,0,0,0,0,0,0,0,0,0,0,0,0,0,0,0,0,0,0,
花蓮,2024/06/23 00:00:00,RH,93,95,97,97,98,89,85,87,79,79,79,77,80,79,83,85,91,92,94,95,94,94,94,94,
花蓮,2024/06/23 00:00:00,SO2,x,x,x,A,x,x,#,#,x,x,x,x,x,x,x,x,x,x,#,#,#,x,x,#,
花蓮,2024/06/23 00:00:00,THC,1.93,1.9,1.97,1.95,2.01,1.86,1.86,1.91,1.81,1.81,1.8,1.8,1.79,1.78,1.78,1.78,1.78,1.79,1.8,1.8,1.8,1.78,1.79,1.79,
花蓮,2024/06/23 00:00:00,WD_HR,145,227,191,200,202,223,201,193,140,145,147,152,146,157,162,166,149,128,98,106,79,87,87,84,
花蓮,2024/06/23 00:00:00,WIND_DIREC,310,187,188,224,220,212,200,184,153,140,147,150,155,159,162,169,143,130,109,106,61,90,91,90,
花蓮,2024/06/23 00:00:00,WIND_SPEED,0.7,0.6,1,1.1,1.5,1.4,2.1,2,2.3,3.4,3.5,3.4,3.4,3.9,4.3,3.6,1.9,1.6,1.4,1.3,1.5,1.1,0.8,1,
花蓮,2024/06/23 00:00:00,WS_HR,0.1,0,0.6,0.8,1.2,1.1,1.5,1.6,1.7,2.4,2.7,3,2.8,3.3,3.6,3.5,2,1.2,1.4,1,1.5,1,1,0.9,
花蓮,2024/06/24 00:00:00,AMB_TEMP,30.2,30,29.8,29.3,29.1,29.2,29.5,30.8,31.8,32.6,33,32.9,32.8,33,32.9,32.4,31.8,30.9,30.7,30.3,28.6,25.3,25.3,25.5,
花蓮,2024/06/24 00:00:00,CH4,1.81,1.81,1.84,1.86,1.84,1.84,1.88,1.89,1.84,1.81,1.81,1.8,1.79,1.8,1.79,1.79,1.8,1.8,1.8,1.8,1.83,1.85,1.86,1.85,
花蓮,2024/06/24 00:00:00,CO,0.08,0.09,0.1,0.1,0.1,0.11,0.13,0.17,0.13,0.12,0.1,0.1,0.1,0.09,0.08,0.09,0.1,0.11,0.11,0.12,0.13,0.12,0.1,0.1,
花蓮,2024/06/24 00:00:00,NMHC,0,0,0.01,0,0,0,0,0.01,0.01,0,0,0,0,0,0,0,0,0,0,0,0,0,0,0,
花蓮,2024/06/24 00:00:00,NO,0.6,0.6,0.8,0.8,0.7,0.9,1.4,2,2.1,1.3,1.2,1,1,1.1,1.3,1.2,1.5,1.1,1,0.7,0.9,1,0.8,0.7,
花蓮,2024/06/24 00:00:00,NO2,2.3,1,1.6,2.6,1.6,2,1.5,1.5,2.1,1.1,1.2,1,1,0.6,0.5,0.8,0.9,1.3,1.3,1.1,2.2,2,1.2,0.6,
花蓮,2024/06/24 00:00:00,NOx,2.9,1.7,2.4,3.5,2.4,3,2.9,3.5,4.3,2.5,2.4,2.1,2.1,1.8,1.9,2.1,2.4,2.5,2.3,1.9,3.1,3,2,1.4,
花蓮,2024/06/24 00:00:00,O3,20.2,18.1,12.8,11.6,5.5,10,7.3,10.6,14.6,19.5,25.7,27.8,26.5,21.1,15.2,18.1,16.3,19.9,18.2,17.7,25.2,29.8,28.7,29.8,
花蓮,2024/06/24 00:00:00,PM10,17,12,11,14,12,14,20,20,22,18,20,19,20,28,22,20,19,14,11,18,8,5,4,2,
花蓮,2024/06/24 00:00:00,PM2.5,7,5,4,3,4,5,11,8,9,5,6,4,6,6,8,3,0,2,2,7,6,2,1,1,
花蓮,2024/06/24 00:00:00,RAINFALL,0,0,0,0,0,0,0,0,0,0,0,0,0,0,0,0,0,0,0,0,24.5,18,2,0,
花蓮,2024/06/24 00:00:00,RH,94,95,95,98,88,92,89,86,83,80,79,82,83,82,82,83,86,89,92,95,90,100,99,96,
花蓮,2024/06/24 00:00:00,SO2,x,A,x,x,x,x,x,x,#,x,#,#,0.2,0.2,0.2,0.2,0.2,0.3,0.3,0.1,0.2,0.4,0.4,0.3,
花蓮,2024/06/24 00:00:00,THC,1.79,1.8,1.85,1.86,1.83,1.84,1.88,1.9,1.85,1.81,1.8,1.78,1.78,1.78,1.79,1.78,1.79,1.79,1.79,1.79,1.83,1.85,1.84,1.84,
花蓮,2024/06/24 00:00:00,WD_HR,86,54,312,206,217,307,206,191,138,142,155,158,157,160,166,168,170,171,174,116,327,234,214,208,
花蓮,2024/06/24 00:00:00,WIND_DIREC,77,329,315,199,224,286,200,165,125,141,157,151,154,163,169,170,171,178,164,66,45,199,213,205,
花蓮,2024/06/24 00:00:00,WIND_SPEED,0.7,0.5,0.7,1.2,0.7,1,2.9,1.3,1.6,2.6,4,4,3.9,4.5,3.7,4.1,3.4,3.2,2.2,2.4,2.5,4,2.5,3.8,
花蓮,2024/06/24 00:00:00,WS_HR,0.8,0.1,0.4,0.5,1.3,1,2,1.6,1.5,1.9,2.8,3.3,3.6,3.7,3.7,3.9,3.2,2.8,2.3,1.5,1,1.2,2.9,3.6,
花蓮,2024/06/25 00:00:00,AMB_TEMP,25.4,25.7,25.4,25.5,25.4,25.4,26.3,27.9,30.3,32.1,32.6,32.4,32.3,32.5,32.7,32.5,32.1,31,30.8,30.4,30.2,30,29.8,28.9,
花蓮,2024/06/25 00:00:00,CH4,1.86,1.86,1.93,1.87,1.88,1.87,1.89,1.9,1.89,1.85,1.82,1.81,1.81,1.8,1.81,1.81,1.81,1.82,1.83,1.83,1.85,1.85,1.85,1.87,
花蓮,2024/06/25 00:00:00,CO,0.1,0.08,0.08,0.08,0.08,0.09,0.1,0.13,0.13,0.14,0.1,0.09,0.09,0.08,0.08,0.1,0.12,0.14,0.14,0.13,0.21,0.21,0.16,0.11,
花蓮,2024/06/25 00:00:00,NMHC,0,0,0,0,0,0,0,0,0,0.01,0,0,0,0,0,0,0.01,0.01,0.01,0.01,0.05,0.07,0.03,0.01,
花蓮,2024/06/25 00:00:00,NO,0.7,0.9,0.5,0.8,0.8,0.8,0.8,1.3,2.1,3.1,1.3,1,1.1,1,1.1,1.2,1.8,1.7,1.6,1.5,1.4,1.3,1.3,0.9,
花蓮,2024/06/25 00:00:00,NO2,0.5,0.7,0.8,0.7,0.7,0.9,1,1.3,2.1,4.1,1.5,1,0.9,0.9,0.8,1,1.6,2.5,2.4,2.9,4.3,5.6,3.8,2.8,
花蓮,2024/06/25 00:00:00,NOx,1.2,1.6,1.4,1.5,1.6,1.7,1.9,2.7,4.2,7.3,2.9,2.1,2.1,1.9,1.9,2.3,3.4,4.3,4.1,4.4,5.8,7,5.1,3.7,
花蓮,2024/06/25 00:00:00,O3,25.3,24.1,19.4,19.6,16.9,12.9,12.5,12.8,15.8,18.7,18.5,20,20.4,21.9,20,16.9,17.3,16.6,16.4,16.5,10.6,8.2,8,6.1,
花蓮,2024/06/25 00:00:00,PM10,2,3,8,12,13,16,14,19,15,#,10,5,2,11,12,8,5,2,4,5,11,16,13,9,
花蓮,2024/06/25 00:00:00,PM2.5,0,0,0,0,0,0,2,3,5,7,#,2,3,3,1,1,0,2,3,3,3,2,3,2,
花蓮,2024/06/25 00:00:00,RAINFALL,0,0,0,0,0,0,0,0,0,0,0,0,0,0,0,0,0,0,0,0,0,0,0,0,
花蓮,2024/06/25 00:00:00,RH,99,97,99,97,98,97,93,86,76,65,69,75,80,80,79,80,79,82,81,86,86,86,85,90,
花蓮,2024/06/25 00:00:00,SO2,0,0.7,0.4,0.4,0.5,0.3,0.3,0.4,0.4,2.1,0,0.9,1.2,1.1,1.1,1.1,1.1,1.1,1.2,1.4,1.4,1.4,1.4,1.2,
花蓮,2024/06/25 00:00:00,THC,1.85,1.84,1.91,1.85,1.86,1.86,1.88,1.9,1.89,1.86,1.81,1.8,1.8,1.79,1.8,1.8,1.82,1.83,1.84,1.84,1.9,1.92,1.88,1.88,
花蓮,2024/06/25 00:00:00,WD_HR,216,217,214,214,214,211,212,202,201,166,138,137,139,144,155,161,170,178,184,163,325,313,293,220,
花蓮,2024/06/25 00:00:00,WIND_DIREC,217,214,213,218,212,210,209,191,195,130,139,143,141,146,154,169,172,186,185,181,350,309,275,263,
花蓮,2024/06/25 00:00:00,WIND_SPEED,2,2,3.1,2.8,2.7,2.5,3,2.8,2.7,2.3,2.6,2.9,3.2,2.9,2.9,3.4,3.1,2.3,1.7,0.7,0.9,1.1,1.5,1.7,
花蓮,2024/06/25 00:00:00,WS_HR,2.7,2.3,2.7,2.8,2.8,2.5,2.8,2.6,2.4,1.9,2,2.3,2.4,2.4,2.4,2.7,2.7,2.4,1.9,0.7,0.4,1,1.2,1.7,
花蓮,2024/06/26 00:00:00,AMB_TEMP,28.5,28.1,28,27.8,27.3,27.4,28,29.3,30.8,32.5,32.6,32.8,32.9,33,33.4,31.9,31.4,30.9,30.8,30.8,30.3,30,29.4,28.8,
花蓮,2024/06/26 00:00:00,CH4,1.88,1.89,1.89,1.87,1.91,1.88,1.88,1.88,1.88,1.84,#,1.81,1.81,1.82,1.81,1.82,1.82,1.83,1.84,1.85,1.85,1.86,1.87,1.92,
花蓮,2024/06/26 00:00:00,CO,0.09,0.1,0.09,0.09,0.09,0.1,0.11,0.13,0.13,0.12,#,0.09,0.11,0.09,0.09,0.11,0.11,0.14,0.14,0.16,0.2,0.2,0.1,0.11,
花蓮,2024/06/26 00:00:00,NMHC,0,0,0,0,0,0,0,0,0.01,0,#,0,0,0,0,0,0,0,0.01,0.03,0.04,0.08,0,0.01,
花蓮,2024/06/26 00:00:00,NO,0.7,0.7,0.7,0.8,1,1.2,1.2,2,2.1,2.1,#,1.4,1.7,1.6,1.4,1.9,2.1,1.3,1,1.1,1.4,1.8,1.2,1.3,
花蓮,2024/06/26 00:00:00,NO2,2.2,1.6,1.1,0.9,0.9,0.9,0.8,0.9,1.5,1.7,#,0.9,0.9,0.8,1.3,3.2,2.4,2.3,2.1,2.7,3.4,5.1,2.2,1.9,
花蓮,2024/06/26 00:00:00,NOx,2.9,2.3,1.9,1.7,1.9,2.1,2.1,3,3.6,3.9,#,2.4,2.6,2.5,2.7,5.2,4.6,3.7,3.2,3.8,4.9,7,3.4,3.2,
花蓮,2024/06/26 00:00:00,O3,5.1,4.3,4.1,3.9,2.7,4.3,4,5.9,9.8,15.6,16.7,#,A,17.1,22.7,19.1,16.7,15.8,14.5,12.8,8.4,6.5,6.4,5.6,
花蓮,2024/06/26 00:00:00,PM10,9,6,7,18,13,11,16,14,16,9,6,4,5,7,7,11,17,7,5,3,14,15,13,8,
花蓮,2024/06/26 00:00:00,PM2.5,3,2,2,2,0,3,4,1,1,2,0,0,0,2,4,9,8,4,2,4,4,6,6,4,
花蓮,2024/06/26 00:00:00,RAINFALL,0,0,0,0,0,0,0,0,0,0,0,0,0,0,0,0,0,0,0,0,0,0,0,0,
花蓮,2024/06/26 00:00:00,RH,92,94,94,93,96,95,91,85,79,76,78,78,79,78,76,81,84,85,81,78,83,86,89,91,
花蓮,2024/06/26 00:00:00,SO2,1.1,0.6,0.7,0.6,0.5,0.4,0.5,0.5,0.4,2.3,#,0,#,0,0.2,0.5,0.4,0.1,0.1,0.4,0.4,0.4,0.3,0.1,
花蓮,2024/06/26 00:00:00,THC,1.88,1.88,1.87,1.86,1.9,1.87,1.87,1.88,1.89,1.84,#,1.8,1.81,1.8,1.81,1.82,1.82,1.83,1.85,1.88,1.89,1.94,1.87,1.93,
花蓮,2024/06/26 00:00:00,WD_HR,219,214,213,216,209,219,205,213,198,158,132,140,141,141,166,165,157,178,184,212,274,239,203,194,
花蓮,2024/06/26 00:00:00,WIND_DIREC,221,207,218,198,214,218,189,221,170,142,129,143,148,146,173,147,151,180,211,181,290,202,203,174,
花蓮,2024/06/26 00:00:00,WIND_SPEED,2.2,2.6,2.4,2.2,2.6,2.3,1.5,2.2,1.4,2.2,3.1,2.6,2.6,3.2,3,1.9,1.3,1.8,1.3,1.1,0.9,1.2,1.6,1.4,
花蓮,2024/06/26 00:00:00,WS_HR,1.7,2,1.8,1.8,2.3,2.1,1.9,2.1,1.5,1.6,2,2.3,2.4,2.6,2.7,2,1.5,1.6,1.4,0.8,1,0.8,1.6,1.5,
花蓮,2024/06/27 00:00:00,AMB_TEMP,28.5,28.4,28,27.9,27.9,27.6,28.6,30.1,31.7,31.9,32.6,32.6,32.8,32.9,32.4,31.7,31.9,31.4,31,30.6,30.4,29.8,29.5,29,
花蓮,2024/06/27 00:00:00,CH4,1.9,1.86,1.9,1.89,1.88,1.88,1.87,1.88,1.87,1.83,1.83,1.83,1.82,1.82,1.82,1.82,1.83,1.83,1.84,1.84,1.86,1.85,1.85,1.85,
花蓮,2024/06/27 00:00:00,CO,0.09,0.1,0.09,0.09,0.09,0.1,0.11,0.14,0.17,0.1,0.1,0.1,0.1,0.08,0.09,0.1,0.11,0.13,0.14,0.13,0.16,0.12,0.11,0.1,
花蓮,2024/06/27 00:00:00,NMHC,0,0,0,0,0,0,0,0.01,0,0,0,0,0,0,0,0,0.01,0,0.01,0,0.02,0.01,0,0,
花蓮,2024/06/27 00:00:00,NO,1.1,0.7,0.7,0.7,0.5,0.9,1.3,2.1,2.7,1.2,1.1,1.3,1.4,1.2,0.9,1.1,1.7,1.2,1.2,0.8,0.8,0.7,0.8,0.6,
花蓮,2024/06/27 00:00:00,NO2,1.3,0.8,1,0.8,0.5,0.7,0.9,1.2,2.1,1,0.7,0.7,0.9,0.7,0.7,1.5,1.6,1.8,2.5,2.2,2.9,2.5,1.7,1.6,
花蓮,2024/06/27 00:00:00,NOx,2.4,1.5,1.8,1.6,1.1,1.7,2.3,3.4,4.8,2.2,1.8,2,2.4,1.9,1.7,2.6,3.3,3,3.7,3,3.7,3.2,2.5,2.3,
花蓮,2024/06/27 00:00:00,O3,4.5,4.4,4,4,5.3,4.5,5.4,7.5,12,14.1,13.4,15.2,17.9,19.8,#,20.8,18.7,18.7,16.1,15.7,11.1,9.1,7.6,5.8,
花蓮,2024/06/27 00:00:00,PM10,14,19,12,11,8,13,12,10,15,6,8,6,10,6,9,16,17,10,7,13,11,9,12,10,
花蓮,2024/06/27 00:00:00,PM2.5,1,1,0,1,3,5,1,0,4,5,1,0,3,1,3,5,4,2,6,5,1,1,5,6,
花蓮,2024/06/27 00:00:00,RAINFALL,0,0,0,0,0,0,0,0,0,0,0,0,0,0,0,0,0,0,0,0,0,0,0,0,
花蓮,2024/06/27 00:00:00,RH,90,87,90,87,86,88,82,78,74,77,75,77,79,78,80,81,80,80,80,81,82,83,83,84,
花蓮,2024/06/27 00:00:00,SO2,0.2,0.4,0.4,0.2,0.1,0.3,0.3,0.5,6.8,0.1,0,0,0,#,#,#,0.3,0.7,1.2,1.5,1.1,1,0.9,1,
花蓮,2024/06/27 00:00:00,THC,1.9,1.86,1.88,1.87,1.86,1.87,1.86,1.89,1.87,1.81,1.81,1.81,1.81,1.8,1.8,1.8,1.84,1.83,1.85,1.84,1.88,1.86,1.85,1.85,
花蓮,2024/06/27 00:00:00,WD_HR,211,201,209,205,200,218,218,199,167,134,139,143,139,142,149,166,173,191,183,193,217,215,222,204,
花蓮,2024/06/27 00:00:00,WIND_DIREC,229,197,200,216,194,216,220,194,123,135,139,140,135,143,162,167,176,215,184,207,233,233,220,203,
花蓮,2024/06/27 00:00:00,WIND_SPEED,1.5,2.2,2.3,2.5,3.2,2.7,2.2,1.7,2.2,2.3,2.9,2.9,2.9,3,2.7,2.8,2.9,2,1.9,1.9,1.6,2.1,1.5,1.9,
花蓮,2024/06/27 00:00:00,WS_HR,2.1,1.6,1.7,2.2,2.8,2.6,1.9,1.8,1.7,1.9,2.4,2.6,2.5,2.6,2.3,2.3,2.5,2.2,1.5,1.5,1.2,1.7,1.4,1.3,
花蓮,2024/06/28 00:00:00,AMB_TEMP,28.8,28.5,28.2,27.6,27.6,27.7,28.2,29.8,31.3,31.6,32.5,32.8,33,32.9,32.5,31.1,29.7,29.6,29.3,28.2,27.2,27.6,27.2,27,
花蓮,2024/06/28 00:00:00,CH4,1.87,1.86,1.87,1.88,1.86,1.85,1.86,1.85,1.86,1.83,1.82,1.81,1.8,1.8,1.8,1.8,1.83,1.83,1.85,1.85,1.83,1.84,1.91,1.91,
花蓮,2024/06/28 00:00:00,CO,0.09,0.09,0.09,0.09,0.09,0.1,0.11,0.13,0.16,0.12,0.1,0.1,0.12,0.09,0.08,0.1,0.16,0.22,0.21,0.17,0.15,0.21,0.12,0.11,
花蓮,2024/06/28 00:00:00,NMHC,0,0,0,0,0,0,0,0.01,0.01,0,0,0,0,0,0,0,0.04,0.08,0.06,0.04,0.02,0.03,0,0,
花蓮,2024/06/28 00:00:00,NO,0.6,0.5,0.5,0.2,0.1,0.1,0.7,1.1,1.8,1.1,0.8,0.8,1,0.9,0.7,0.7,1.1,1.3,1.1,1,0.7,0.7,0.5,0.2,
花蓮,2024/06/28 00:00:00,NO2,0.9,0.9,1.1,1.2,1.3,1.4,1.4,1.4,2.4,2.1,1.6,1.4,1.3,1.3,1.2,1.4,3.6,7.4,7.1,4.6,4.5,9.1,4.2,2.4,
花蓮,2024/06/28 00:00:00,NOx,1.5,1.4,1.7,1.5,1.5,1.6,2.1,2.5,4.3,3.3,2.4,2.3,2.4,2.3,2,2.2,4.7,8.7,8.3,5.6,5.2,9.8,4.7,2.6,
花蓮,2024/06/28 00:00:00,O3,6.6,6.7,6.3,4.9,5.5,6.5,6.6,8.8,12.1,14.9,16.3,18,21.1,20.7,19.6,18.2,15,12.4,10.9,11.5,18.8,10.5,13,10.5,
花蓮,2024/06/28 00:00:00,PM10,11,8,5,8,11,11,12,12,10,10,12,18,15,20,20,25,9,10,12,12,20,6,12,12,
花蓮,2024/06/28 00:00:00,PM2.5,3,0,1,3,3,1,3,5,6,4,3,3,3,4,3,2,5,8,7,3,3,5,5,2,
花蓮,2024/06/28 00:00:00,RAINFALL,0,0,0,0,0,0,0,0,0,0,0,0,0,0,0,0,0.5,0,0,0,0,0,0,0,
花蓮,2024/06/28 00:00:00,RH,85,84,84,90,88,86,84,78,73,75,76,77,80,81,83,88,88,90,91,95,99,96,99,99,
花蓮,2024/06/28 00:00:00,SO2,1,0.8,0.7,0.9,0.9,0.9,0.9,1,2.5,1,0.4,0.4,0.4,0.5,0.4,0.2,0.4,0.9,1.4,0.9,0.9,0.9,0.8,0.9,
花蓮,2024/06/28 00:00:00,THC,1.86,1.84,1.86,1.87,1.85,1.84,1.85,1.86,1.87,1.83,1.81,1.81,1.8,1.79,1.78,1.79,1.87,1.91,1.91,1.89,1.85,1.87,1.91,1.9,
花蓮,2024/06/28 00:00:00,WD_HR,211,207,200,209,216,215,210,217,187,150,149,164,160,164,165,173,224,208,191,248,18,229,205,207,
花蓮,2024/06/28 00:00:00,WIND_DIREC,209,219,196,208,233,214,209,214,189,132,157,156,165,165,165,179,213,208,199,46,20,197,193,199,
花蓮,2024/06/28 00:00:00,WIND_SPEED,2.5,2.8,2.1,2.8,1.3,2.6,2.1,2.4,2.1,1.9,3.2,3.5,4.2,4.2,3.9,3.2,0.6,1.1,1.9,2.3,1.9,2.4,1.8,2.9,
花蓮,2024/06/28 00:00:00,WS_HR,2,2.1,1.5,2.7,1.8,2.3,2.2,2.2,2,1.5,2,3.3,3.3,3.3,3.5,2.9,1.8,0.6,0.7,0,1.7,0.8,2.7,2.4,
花蓮,2024/06/29 00:00:00,AMB_TEMP,26.9,26.9,26.7,26.5,26.3,26.6,27.2,28.5,31.1,32.2,33.2,32.9,32.7,32.3,31.1,30.5,30.2,29.2,29.4,29.8,29.6,29.4,29,28.4,
花蓮,2024/06/29 00:00:00,CH4,1.91,1.87,1.9,1.92,1.88,1.87,1.91,1.92,1.88,1.83,1.82,1.8,1.8,1.8,1.81,1.82,1.82,1.82,1.82,1.83,1.85,1.87,1.85,1.84,
花蓮,2024/06/29 00:00:00,CO,0.1,0.09,0.1,0.1,0.1,0.11,0.12,0.12,0.16,0.13,0.11,0.1,0.09,0.09,0.1,0.13,0.15,0.18,0.21,0.22,0.28,0.34,0.2,0.13,
花蓮,2024/06/29 00:00:00,NMHC,0,0,0,0,0,0,0,0,0,0,0,0,0,0,0,0.1,0.05,0.06,0.06,0.06,0.1,0.1,0.07,0.03,
花蓮,2024/06/29 00:00:00,NO,0,1,1.1,0.8,0.8,1.1,1.7,1.8,1.6,1.9,1.4,1.5,1.2,1.2,1.3,1.3,1.2,1.4,1.4,1.8,2.3,3.5,2.1,1.3,
花蓮,2024/06/29 00:00:00,NO2,1.5,1.1,1.1,1.1,1.1,1.4,1.2,1.1,1.4,1.7,1.3,1.4,1,0.8,1.2,2.1,2.9,4.4,4.9,4.9,7.9,11.7,7.6,2.7,
花蓮,2024/06/29 00:00:00,NOx,1.6,2.1,2.2,1.9,1.9,2.6,2.9,3,3.1,3.6,2.7,3,2.2,2.1,2.5,3.4,4.1,5.9,6.4,6.7,10.3,15.2,9.8,4,
花蓮,2024/06/29 00:00:00,O3,12.7,13.7,9.6,8.9,7.7,6.8,6.7,8,12.5,16.7,20.2,24.5,26.5,22.1,21.9,18.9,16.1,14,11.3,8.7,4.4,1.5,4.5,4.7,
花蓮,2024/06/29 00:00:00,PM10,9,5,16,11,14,17,17,16,9,18,21,29,21,20,21,19,12,10,8,10,19,26,10,21,
花蓮,2024/06/29 00:00:00,PM2.5,2,1,0,6,5,3,4,4,3,1,1,5,4,3,2,6,4,8,6,10,10,12,6,3,
花蓮,2024/06/29 00:00:00,RAINFALL,0,0,0,0,0,0,0,0,0,0,0,0,0,0,0,0,4.5,2.5,0,0,0,0,0,0,
花蓮,2024/06/29 00:00:00,RH,97,96,97,98,99,96,93,89,77,74,72,78,81,82,86,85,88,97,97,93,96,97,96,96,
花蓮,2024/06/29 00:00:00,SO2,0.9,0.4,0.4,0.4,0.4,0.3,0.5,0.6,2,1.5,0.1,0,0,0,0,0.5,1.1,1,0.8,1.4,0.6,0.3,0.4,0.2,
花蓮,2024/06/29 00:00:00,THC,1.9,1.86,1.88,1.91,1.87,1.87,1.91,1.92,1.88,1.83,1.82,1.8,1.79,1.79,1.81,1.92,1.87,1.88,1.88,1.89,1.95,1.97,1.92,1.87,
花蓮,2024/06/29 00:00:00,WD_HR,214,212,212,214,213,221,214,210,213,143,148,162,164,164,182,230,235,214,249,285,18,345,252,217,
花蓮,2024/06/29 00:00:00,WIND_DIREC,215,233,217,229,216,218,218,213,215,134,162,156,164,164,215,283,266,212,281,322,19,23,224,215,
花蓮,2024/06/29 00:00:00,WIND_SPEED,2.9,2.9,2.2,2.1,2,1.4,1.9,2.9,2.5,2.2,3.3,3.9,4.7,3.5,2.6,1.7,1,0.4,0.8,0.4,0.2,0.3,1.2,0.5,
花蓮,2024/06/29 00:00:00,WS_HR,2.6,2.5,1.7,2.1,2,1.6,2,2.8,2.5,1.9,2.1,3.6,4.1,3.5,2.7,1.5,0.7,0.4,0.5,0.4,0.3,0.7,0.6,0.3,
花蓮,2024/06/30 00:00:00,AMB_TEMP,28,27.8,27.5,27.6,27.9,28.1,28.6,30.5,31.2,32.3,33.1,32.5,33,33.1,33.2,32.5,32,31.2,30.7,30.5,30.2,30.3,30.2,30.2,
花蓮,2024/06/30 00:00:00,CH4,1.84,1.88,1.86,1.84,1.86,1.87,1.88,1.82,1.81,1.82,1.82,1.82,1.81,1.81,1.81,1.81,1.8,1.81,1.8,1.81,1.82,1.82,1.82,1.83,
花蓮,2024/06/30 00:00:00,CO,0.11,0.11,0.11,0.1,0.12,0.15,0.17,0.16,0.13,0.14,0.16,0.11,0.09,0.09,0.1,0.1,0.1,0.12,0.13,0.14,0.16,0.19,0.21,0.23,
花蓮,2024/06/30 00:00:00,NMHC,0.02,0.02,0.02,0,0.03,0.06,0.05,0,0,0,0.01,0,0,0,0,0,0,0,0,0,0.01,0.02,0.02,0.02,
花蓮,2024/06/30 00:00:00,NO,1.2,0.5,0.5,0.6,0.8,1.5,3,3.6,2.4,1.9,2.9,1.4,0.7,0.9,0.8,0.7,0.9,0.9,0.7,0.7,0.7,0.9,1.1,1.1,
花蓮,2024/06/30 00:00:00,NO2,1.9,2.4,2,1.5,2.2,3.7,3.6,3.5,2.5,2.7,4.7,2.3,1.1,1,1.1,0.9,1,1.2,1.4,2.4,3.5,6.5,10.6,12.9,
花蓮,2024/06/30 00:00:00,NOx,3.2,3,2.6,2.2,3,5.3,6.7,7.1,4.9,4.7,7.7,3.7,1.9,1.9,1.9,1.7,2,2.1,2.2,3.1,4.2,7.5,11.7,14,
花蓮,2024/06/30 00:00:00,O3,3,3.5,3.2,3.7,4.5,3.5,4,9.4,15.9,20.5,23.5,27.8,24.3,22.2,21.3,18.7,19.4,21,20.2,20,17.9,13,7.5,4.5,
花蓮,2024/06/30 00:00:00,PM10,19,16,16,13,15,19,23,20,21,27,27,17,15,18,21,11,16,18,21,22,25,18,19,16,
花蓮,2024/06/30 00:00:00,PM2.5,3,5,5,8,4,0,3,4,5,5,3,4,4,5,5,5,6,4,4,4,6,4,4,5,
花蓮,2024/06/30 00:00:00,RAINFALL,0,0,0,0,0,0,0,0,0,0,0,0,0,0,0,0,0,0,0,0,0,0,0,0,
花蓮,2024/06/30 00:00:00,RH,96,98,98,93,94,94,93,84,81,78,73,73,72,72,74,78,82,87,90,92,94,93,91,90,
花蓮,2024/06/30 00:00:00,SO2,0.3,0.2,0.2,0.1,0.4,0.3,0.4,0.5,0.2,0.3,0.4,0.3,0,0,0,0,0,0,0.2,0.2,0.4,0.6,0.6,0.8,
花蓮,2024/06/30 00:00:00,THC,1.86,1.9,1.88,1.84,1.89,1.93,1.93,1.82,1.81,1.82,1.83,1.81,1.8,1.8,1.8,1.8,1.79,1.8,1.8,1.81,1.83,1.84,1.84,1.85,
花蓮,2024/06/30 00:00:00,WD_HR,224,225,221,258,287,288,265,56,12,112,99,106,108,86,63,51,48,39,46,47,32,353,349,5,
花蓮,2024/06/30 00:00:00,WIND_DIREC,229,224,247,222,221,322,26,68,24,128,118,119,111,75,71,45,56,36,46,51,359,351,2,34,
花蓮,2024/06/30 00:00:00,WIND_SPEED,0.2,1.1,0.9,0.2,0.3,0.3,1.7,1.3,1.9,2,2.5,2.5,2.9,2.5,3.5,3.5,3.2,2.6,2.2,2.1,1.4,2,1.3,1.4,
花蓮,2024/06/30 00:00:00,WS_HR,0.3,0.5,1,0.5,0.2,0.4,0.3,1,1.3,1.2,1.8,2.8,2.1,2.4,2.1,2.6,2.7,2.1,2.2,1.8,1.2,1.7,1.6,1.1,
花蓮,2024/07/01 00:00:00,AMB_TEMP,29.7,29.5,29.4,29.2,28.3,28.3,29.4,30.2,31.7,32.2,32.3,32.6,32.7,32.7,32.8,32.3,31.4,30.8,30.6,30.5,29.8,28.2,27.6,27.1,
花蓮,2024/07/01 00:00:00,CH4,1.82,1.82,1.83,1.83,1.84,1.84,1.83,1.84,1.83,1.81,1.79,1.79,1.8,1.8,1.79,1.79,1.79,1.8,1.8,1.81,1.81,1.82,1.81,1.82,
花蓮,2024/07/01 00:00:00,CO,0.12,0.11,0.11,0.13,0.13,0.12,0.13,0.16,0.16,0.11,#,0.09,0.09,0.09,0.08,0.09,0.1,0.12,0.12,0.16,0.14,0.12,0.1,0.1,
花蓮,2024/07/01 00:00:00,NMHC,0,0,0,0,0,0,0.01,0.03,0.01,0,0,0,0,0,0,0,0,0,0,0.02,0.01,0.01,0,0,
花蓮,2024/07/01 00:00:00,NO,0.8,0.9,0.8,0.7,0.9,0.7,1.2,2.2,2.5,1.4,#,0.4,0.5,0.7,0.7,0.7,0.7,0.9,0.6,0.8,0.7,0.7,0.6,0.3,
花蓮,2024/07/01 00:00:00,NO2,5.5,5.6,5,6.1,5.9,2.7,2.2,2.5,2.7,1.3,#,0.9,0.8,0.7,0.7,0.8,1,2,2.3,3.2,2.6,2.2,1.4,1.2,
花蓮,2024/07/01 00:00:00,NOx,6.4,6.5,5.8,6.8,6.8,3.5,3.4,4.8,5.2,2.8,#,1.4,1.3,1.5,1.4,1.5,1.7,3,3,4.1,3.3,3,2.1,1.6,
花蓮,2024/07/01 00:00:00,O3,11.8,9.9,9.2,7,4,8,8,8.7,16.3,19.1,19.8,22.9,28.3,23.6,24.1,21.4,18.4,17.3,17.9,18.8,18.5,19.1,20.5,19.7,
花蓮,2024/07/01 00:00:00,PM10,17,20,16,15,11,18,13,11,24,9,#,x,x,x,x,x,x,x,x,x,x,x,x,x,
花蓮,2024/07/01 00:00:00,PM2.5,5,4,4,7,5,3,3,4,5,7,2,5,4,1,2,4,7,5,6,6,5,5,2,1,
花蓮,2024/07/01 00:00:00,RAINFALL,0,0,0,0,0,0,0,0,0,0,0,0,0,0,0,0,0,0,0,0,0,40,25,26.5,
花蓮,2024/07/01 00:00:00,RH,95,95,95,94,89,90,85,79,79,81,84,83,78,78,83,84,89,93,91,86,93,99,100,100,
花蓮,2024/07/01 00:00:00,SO2,0.4,0.5,0.4,0.4,0.6,0.7,0.8,0.7,1.1,0.6,#,0.1,0.3,0.4,0.5,0.6,0.6,0.6,0.8,1.2,1.8,1.1,1,1.1,
花蓮,2024/07/01 00:00:00,THC,1.81,1.81,1.81,1.82,1.84,1.83,1.84,1.87,1.84,1.8,1.78,1.78,1.79,1.79,1.78,1.77,1.78,1.79,1.8,1.83,1.82,1.83,1.81,1.82,
花蓮,2024/07/01 00:00:00,WD_HR,33,48,31,312,231,212,207,203,156,133,127,121,115,117,121,118,114,108,171,281,234,279,285,343,
花蓮,2024/07/01 00:00:00,WIND_DIREC,47,51,24,276,224,219,203,207,138,137,122,103,141,128,113,110,97,130,267,177,252,276,287,24,
花蓮,2024/07/01 00:00:00,WIND_SPEED,1.6,1.7,1.4,0.9,2.4,2.5,1.5,1.4,2,2.1,2.5,2.4,2.4,2.2,2.6,2.5,2.1,2,1.7,0.5,1.4,2.3,2.7,1.8,
花蓮,2024/07/01 00:00:00,WS_HR,1.5,1.5,1,0.9,2,2.5,1.7,1.6,1.3,1.9,1.8,2.1,1.7,1.8,2,2,1.9,1.7,1.2,0.3,1.2,1.7,2.1,0.8,
花蓮,2024/07/02 00:00:00,AMB_TEMP,26.4,26.6,27.3,27.6,27.4,27.1,27.9,30,31.3,31.7,32.4,32.7,32.7,33,32.6,31.6,31.3,30.5,30.7,30,29.3,28.8,28.6,28.2,
花蓮,2024/07/02 00:00:00,CH4,1.84,1.84,1.88,1.88,1.89,1.96,1.91,1.88,1.85,1.81,1.81,1.81,1.8,1.8,1.81,1.81,1.81,1.81,1.83,1.83,1.84,1.85,1.84,1.86,
花蓮,2024/07/02 00:00:00,CO,0.09,0.11,0.11,0.11,0.11,0.12,0.15,0.19,0.18,0.11,0.11,0.1,0.09,0.09,0.09,0.09,0.11,0.13,0.2,0.21,0.16,0.22,0.13,0.1,
花蓮,2024/07/02 00:00:00,NMHC,0,0.01,0,0.01,0.01,0,0,0.01,0,0,0,0,0,0,0,0,0,0,0.03,0.05,0.04,0.04,0.01,0,
花蓮,2024/07/02 00:00:00,NO,0.4,0,0,0,0,0.1,0.7,1.3,1.3,0.4,0.5,0.6,0.6,0.5,0.6,0.5,0.3,0.5,1,1.2,0.8,0.1,0,0,
花蓮,2024/07/02 00:00:00,NO2,0.8,0.9,1,1.1,1.7,1.2,1.4,2.5,2.5,1.4,1.2,1,0.7,0.6,0.9,1,1.2,1.9,3.2,4.5,3.9,3.5,1.8,1.4,
花蓮,2024/07/02 00:00:00,NOx,1.3,0.8,0.9,0.8,1.7,1.3,2.2,3.9,3.8,1.9,1.7,1.6,1.4,1.2,1.5,1.6,1.6,2.4,4.2,5.7,4.7,3.7,1.9,1.4,
花蓮,2024/07/02 00:00:00,O3,23.6,20.6,16.7,12.7,9.3,9.5,8.8,12.2,15.6,17.9,20.2,18.7,18.4,20,20.1,15.9,15.6,16,12.1,8.9,7.6,11.5,10.9,8.9,
花蓮,2024/07/02 00:00:00,PM10,x,x,x,x,x,x,x,x,x,x,x,x,x,x,x,x,x,x,x,x,x,x,x,x,
花蓮,2024/07/02 00:00:00,PM2.5,2,5,4,3,0,2,9,11,9,4,0,0,3,5,2,0,1,8,5,3,2,3,3,4,
花蓮,2024/07/02 00:00:00,RAINFALL,34,3,2,0,0,0,0,0,0,0,0,0,0,0,0,0,0,0,0,0,0,0,0,0,
花蓮,2024/07/02 00:00:00,RH,100,100,100,100,100,100,99,91,85,83,82,81,84,82,82,85,86,91,85,86,87,86,85,87,
花蓮,2024/07/02 00:00:00,SO2,1.1,0.6,0.6,0.7,0.7,0.8,0.7,4.6,4.2,0.6,0.4,0.3,0.3,0.2,0.4,0.2,0.5,0.8,1.1,1.2,1,1,1,1,
花蓮,2024/07/02 00:00:00,THC,1.83,1.85,1.86,1.89,1.9,1.95,1.91,1.89,1.85,1.8,1.8,1.8,1.79,1.79,1.79,1.79,1.8,1.81,1.86,1.88,1.88,1.89,1.85,1.85,
花蓮,2024/07/02 00:00:00,WD_HR,329,214,208,278,225,218,204,194,186,131,151,159,153,167,166,180,176,179,234,315,255,207,223,214,
花蓮,2024/07/02 00:00:00,WIND_DIREC,321,197,194,320,215,227,180,208,136,132,159,166,158,162,169,178,168,178,303,347,226,193,222,209,
花蓮,2024/07/02 00:00:00,WIND_SPEED,2.2,1.5,0.2,0.2,0.8,2.7,1,2.2,2,2.7,3.5,3.7,3.4,3.8,4.3,4.2,2.9,2.4,1.3,1.1,1.8,1.5,2.1,2.4,
花蓮,2024/07/02 00:00:00,WS_HR,1.6,0.4,1.2,0.1,0.4,2,1,1.4,1.9,2.1,2.4,2.8,2.8,3.2,3.6,3.9,2.6,2.1,0.6,0.8,1.1,1.4,2.2,2.1,
花蓮,2024/07/03 00:00:00,AMB_TEMP,28,27.6,27.2,27.1,26.9,26.8,27.6,29.3,31.1,32.3,32.6,33.1,32.6,33.1,33,32.6,32,NA,NA,#,30.1,30.4,30.6,30.5,
花蓮,2024/07/03 00:00:00,CH4,1.84,1.88,1.85,1.84,1.85,1.86,1.86,1.87,1.87,1.84,1.82,1.81,#,1.8,1.8,1.8,1.8,NA,NA,#,1.81,1.83,1.84,1.83,
花蓮,2024/07/03 00:00:00,CO,0.1,0.09,0.09,0.09,0.09,0.11,0.12,0.13,0.14,0.14,0.1,0.1,0.09,#,0.08,0.1,0.1,NA,NA,#,0.11,0.12,0.13,0.11,
花蓮,2024/07/03 00:00:00,NMHC,0,0,0,0,0,0,0,0.01,0.02,0.01,0,0,#,0,0,0,0,NA,NA,#,0,0.01,0,0,
花蓮,2024/07/03 00:00:00,NO,0.2,0.2,0.4,0.4,0.3,0.5,1,1.3,1.7,2.5,1.1,0.8,0.7,#,0.5,0.8,0.6,NA,NA,#,0.6,0.6,0.5,0.5,
花蓮,2024/07/03 00:00:00,NO2,0.9,1.6,1.1,0.8,0.9,1.2,1.1,1.3,2,3.5,1.7,1.3,1,#,1.2,1,1.3,NA,NA,#,2,2.3,2.9,2.3,
花蓮,2024/07/03 00:00:00,NOx,1.1,1.8,1.6,1.3,1.2,1.8,2.1,2.6,3.8,6,2.9,2.2,1.7,#,1.7,1.8,1.9,NA,NA,#,2.6,2.9,3.4,2.9,
花蓮,2024/07/03 00:00:00,O3,8,6.7,6.2,6.4,6.3,5.3,6.8,8.2,11.9,14.6,18.3,20.1,#,21.9,22,21.7,24.5,NA,NA,#,22.3,17.8,13.8,14.6,
花蓮,2024/07/03 00:00:00,PM10,x,x,x,x,x,x,x,x,x,x,x,x,#,x,x,x,x,NA,NA,x,x,x,x,x,
花蓮,2024/07/03 00:00:00,PM2.5,5,6,4,3,1,1,3,3,1,6,4,0,#,0,1,0,1,NA,NA,3,4,4,7,5,
花蓮,2024/07/03 00:00:00,RAINFALL,0,0,0,0,0,0,0,0,0,0,0,0,#,0,0,0,0,NA,NA,#,0,0,0,0,
花蓮,2024/07/03 00:00:00,RH,85,90,90,91,92,92,87,80,73,68,71,71,77,75,76,79,85,NA,NA,#,93,92,88,87,
花蓮,2024/07/03 00:00:00,SO2,1.1,0.3,0.2,0.4,0.4,0.3,0.4,0.5,3.8,10.4,0,0,0,#,0,0,0,NA,NA,#,0.7,0.8,1.7,1.3,
花蓮,2024/07/03 00:00:00,THC,1.83,1.88,1.84,1.83,1.84,1.86,1.86,1.88,1.89,1.85,1.82,1.81,#,1.79,1.79,1.79,1.8,NA,NA,#,1.8,1.84,1.84,1.83,
花蓮,2024/07/03 00:00:00,WD_HR,219,215,216,218,213,209,203,198,201,154,153,142,137,144,142,138,142,NA,NA,#,148,190,209,241,
花蓮,2024/07/03 00:00:00,WIND_DIREC,219,221,211,232,209,209,190,209,178,134,150,138,132,137,152,138,154,NA,NA,192,150,212,231,244,
花蓮,2024/07/03 00:00:00,WIND_SPEED,2.4,1.9,3.1,2.9,2.3,2.8,3,2.6,1.7,2.6,2.6,2.9,2.8,2.7,2.7,2.5,2.5,NA,NA,0.9,1.3,1.4,1.5,1.4,
花蓮,2024/07/03 00:00:00,WS_HR,2.1,1.9,2.1,2.5,2.4,2.1,2.6,2.3,2,1.7,2.1,2.3,2.4,2.3,2.4,2.1,1.9,NA,NA,#,1,1.1,1.3,1.2,
花蓮,2024/07/04 00:00:00,AMB_TEMP,30.4,29.4,28.9,28.5,27.8,27.9,28.7,30.1,31.7,32.7,32.6,32.9,32.9,33.2,33.1,32.8,32.7,31.2,30.9,30.8,30.5,30.6,30.7,30.1,
花蓮,2024/07/04 00:00:00,CH4,1.83,1.83,1.88,1.85,1.91,1.86,1.86,1.85,1.86,1.82,1.81,1.81,1.81,1.8,#,1.8,1.8,1.81,1.81,1.83,1.83,1.83,1.84,1.88,
花蓮,2024/07/04 00:00:00,CO,0.12,0.08,0.08,0.08,0.09,0.1,0.11,0.12,0.12,0.1,0.09,0.1,0.09,0.09,0.1,#,#,0.11,0.13,0.13,0.16,0.18,0.13,0.1,
花蓮,2024/07/04 00:00:00,NMHC,0,0,0,0,0,0,0,0,0,0,0,0,0,0,#,0,0,0,0.01,0,0.02,0.04,0.02,0,
花蓮,2024/07/04 00:00:00,NO,0.3,0.3,0.5,0.2,0.3,0.5,1,1.2,1.5,1.4,0.7,0.9,0.7,0.8,0.4,#,#,0.7,0.7,0.5,0.6,0.7,0.5,0.4,
花蓮,2024/07/04 00:00:00,NO2,1.3,0.5,0.6,0.3,0.7,0.9,0.7,0.7,1.6,1.5,0.9,0.9,0.6,0.4,0.2,#,#,1.5,2.3,2.4,3.8,3.8,3.3,1.9,
花蓮,2024/07/04 00:00:00,NOx,1.6,0.9,1.2,0.5,1.1,1.5,1.8,1.9,3.2,2.9,1.6,1.8,1.4,1.2,0.6,#,#,2.2,3,3,4.4,4.5,3.9,2.3,
花蓮,2024/07/04 00:00:00,O3,14.6,8.5,7.8,6.7,7,6.3,6.9,8.5,12.8,15.4,16.2,17.9,18.8,19.8,#,#,#,16.2,15.8,13.8,11.5,11,12.5,9,
花蓮,2024/07/04 00:00:00,PM10,x,x,x,x,x,x,x,x,x,x,x,x,x,x,x,#,5,2,7,9,12,11,6,7,
花蓮,2024/07/04 00:00:00,PM2.5,3,5,3,6,5,2,2,4,3,3,1,0,0,0,#,2,4,2,0,7,5,3,6,4,
花蓮,2024/07/04 00:00:00,RAINFALL,0,0,0,0,0,0,0,0,0,0,0,0,0,0,#,0,0,0,0,0,0,0,0,0,
花蓮,2024/07/04 00:00:00,RH,86,89,91,89,97,90,90,84,76,74,76,79,80,78,77,80,81,86,87,87,87,86,86,89,
花蓮,2024/07/04 00:00:00,SO2,0.8,0.3,0.2,0.3,0.5,0.5,0.4,0.4,1.5,0.4,0,0,0,0.2,0,#,#,0,0.5,0.7,0.8,1,1.2,0.9,
花蓮,2024/07/04 00:00:00,THC,1.83,1.83,1.87,1.84,1.9,1.85,1.86,1.85,1.86,1.82,1.8,1.8,1.8,1.8,#,1.8,1.79,1.8,1.82,1.83,1.85,1.87,1.86,1.87,
花蓮,2024/07/04 00:00:00,WD_HR,217,211,213,209,218,217,212,208,186,132,136,137,138,133,117,112,118,125,150,122,274,254,223,204,
花蓮,2024/07/04 00:00:00,WIND_DIREC,202,213,223,192,224,208,206,212,149,138,141,137,145,135,110,109,132,137,161,151,281,229,225,200,
花蓮,2024/07/04 00:00:00,WIND_SPEED,1.8,2.1,2,2.1,1.7,2,2.2,2.7,1.8,2.4,3.3,2.8,2.5,2.2,2.5,1.5,1.7,0.8,0.9,0.3,2,1,1.5,1.5,
花蓮,2024/07/04 00:00:00,WS_HR,1.5,1.4,1.9,2,2.2,1.8,2,2.4,1.7,1.9,2.5,2.2,2.4,2,1.9,1.7,1.3,1.1,0.6,0.5,0.9,0.6,1.2,1.5,
花蓮,2024/07/05 00:00:00,AMB_TEMP,29.5,29,29,28.4,28.2,27.9,28.8,30.2,31.7,32.5,33,33.4,33.3,33.6,33.4,33.1,31.8,31.4,31.2,31.1,30.7,30.2,29.8,29.5,
花蓮,2024/07/05 00:00:00,CH4,1.96,2,1.87,1.9,1.88,1.85,1.86,1.86,1.86,1.82,1.81,1.8,1.8,1.81,1.81,1.8,1.81,1.82,1.82,1.83,1.86,1.85,1.86,1.86,
花蓮,2024/07/05 00:00:00,CO,0.1,0.09,0.08,0.09,0.08,0.09,0.1,0.1,0.11,0.09,0.09,0.09,0.08,0.08,0.07,0.09,0.11,0.13,0.14,0.14,0.14,0.14,0.1,0.1,
花蓮,2024/07/05 00:00:00,NMHC,0,0.02,0,0,0,0,0,0,0,0,0,0,0,0,0,0,0,0,0.02,0.03,0.03,0.03,0.01,0.01,
花蓮,2024/07/05 00:00:00,NO,0.4,0.2,0.4,0.3,0.3,0.5,1,1.1,1.7,1.6,1.2,0.9,0.6,0.6,0.6,0.7,0.6,1.1,1.1,1,0.6,1,0.5,0.4,
花蓮,2024/07/05 00:00:00,NO2,1.5,2.1,1.4,1.4,1.5,1.3,1.1,0.9,1.8,1.8,1,1.1,0.9,1,0.9,1.1,1.6,2.2,2.5,3.8,3.5,3.7,2.4,1.6,
花蓮,2024/07/05 00:00:00,NOx,2,2.3,1.9,1.8,1.8,1.8,2.2,2.1,3.6,3.5,2.2,2.1,1.6,1.6,1.5,1.8,2.3,3.3,3.6,4.8,4.1,4.7,3,2.1,
花蓮,2024/07/05 00:00:00,O3,6.7,5.1,5.4,4.2,4.6,6,6.5,8,11.4,14.9,15,15.9,17.2,16.8,21.8,20.6,17.4,14.2,13.6,11.6,10.2,7.1,7.9,7.5,
花蓮,2024/07/05 00:00:00,PM10,17,9,9,11,22,18,16,12,13,8,6,9,44,8,6,5,16,10,7,9,10,13,9,7,
花蓮,2024/07/05 00:00:00,PM2.5,4,5,3,2,4,3,1,1,2,2,1,0,0,0,4,1,0,1,1,1,1,0,3,5,
花蓮,2024/07/05 00:00:00,RAINFALL,0,0,0,0,0,0,0,0,0,0,0,0,0,0,0,0,0,0,0,0,0,0,0,0,
花蓮,2024/07/05 00:00:00,RH,92,94,90,92,84,79,76,75,74,77,77,78,79,74,74,77,80,79,81,80,81,83,83,83,
花蓮,2024/07/05 00:00:00,SO2,0.7,0.4,0.3,0.4,0.5,0.5,0.7,0.7,1.4,0.9,0.1,0.1,0.1,0.2,0.1,0.3,0.4,0.6,0.8,0.9,1.1,1.1,1,0.9,
花蓮,2024/07/05 00:00:00,THC,1.96,2.02,1.86,1.9,1.87,1.85,1.86,1.85,1.86,1.81,1.8,1.8,1.79,1.79,1.79,1.79,1.8,1.82,1.84,1.86,1.89,1.88,1.87,1.87,
花蓮,2024/07/05 00:00:00,WD_HR,201,192,218,214,218,220,211,214,187,135,134,137,134,128,121,140,145,170,174,188,204,222,210,199,
花蓮,2024/07/05 00:00:00,WIND_DIREC,208,201,203,205,215,219,211,197,186,126,122,142,123,126,135,136,155,188,160,216,195,211,194,204,
花蓮,2024/07/05 00:00:00,WIND_SPEED,1.6,1.7,1.6,2.3,1.9,1.9,2.3,2.4,1.7,2.3,2.3,2.2,2.2,2.3,2,2.2,1.7,1.9,1,1.6,1.3,1.7,2,2.5,
花蓮,2024/07/05 00:00:00,WS_HR,1.7,1.4,1.7,1.6,2,1.9,2.1,2.3,1.4,1.8,1.8,2,2.1,1.9,2,1.9,1.6,1.5,1.4,1.2,1.4,1.5,1.8,2.1,
花蓮,2024/07/06 00:00:00,AMB_TEMP,28.7,28.6,28.4,27.9,27.6,27.5,28.4,30,31.7,33.1,33.1,33.3,33,33.1,33.1,32.9,32.2,31.6,30.8,30.9,30.7,30.5,30.1,29.4,
花蓮,2024/07/06 00:00:00,CH4,1.89,1.85,1.86,1.89,1.87,1.89,1.87,1.87,1.88,1.83,1.81,1.81,1.81,1.81,1.81,1.81,1.81,1.82,1.82,1.84,1.86,1.87,1.85,1.89,
花蓮,2024/07/06 00:00:00,CO,0.09,0.08,0.09,0.09,0.09,0.1,0.11,0.11,0.12,0.12,0.1,0.1,0.09,0.09,0.08,0.09,0.09,0.14,0.16,0.17,0.16,0.14,0.14,0.12,
花蓮,2024/07/06 00:00:00,NMHC,0,0,0,0,0,0,0,0,0,0,0,0,0,0,0,0,0,0,0.01,0.02,0.03,0.01,0.05,0.01,
花蓮,2024/07/06 00:00:00,NO,0.6,0.9,0.7,0.8,0.8,1.2,1.7,2.1,2.5,2.3,1.6,1.4,1.4,1.3,1.3,1.7,1.2,1.5,1.3,1.4,1.4,1.2,1.4,1.2,
花蓮,2024/07/06 00:00:00,NO2,1.9,1,0.7,0.8,0.9,1,0.9,0.7,1.6,1.9,0.8,0.5,0.4,0.4,0.1,0.4,0.2,0.7,1.1,1.8,2.6,2.5,2.7,2.2,
花蓮,2024/07/06 00:00:00,NOx,2.5,1.9,1.5,1.7,1.8,2.2,2.6,2.8,4.1,4.3,2.5,1.9,1.9,1.7,1.5,2.1,1.5,2.3,2.5,3.2,4,3.8,4.1,3.5,
花蓮,2024/07/06 00:00:00,O3,6.2,6.3,6.2,5,4.8,4.5,5.5,7.7,11.4,14.2,14.5,15.8,16.5,17,14.7,15.6,13.8,13.1,13,10.6,9,8.8,6.3,5.2,
花蓮,2024/07/06 00:00:00,PM10,11,11,8,8,11,12,11,11,11,11,10,17,10,7,7,7,10,11,9,9,18,17,10,12,
花蓮,2024/07/06 00:00:00,PM2.5,4,2,3,5,6,5,5,5,4,5,3,2,0,0,0,1,0,3,3,1,2,6,6,2,
花蓮,2024/07/06 00:00:00,RAINFALL,0,0,0,0,0,0,0,0,0,0,0,0,0,0,0,0,0,0,0,0,0,0,0,0,
花蓮,2024/07/06 00:00:00,RH,87,87,88,90,91,92,87,80,71,68,74,74,77,77,75,77,82,84,88,83,83,84,85,89,
花蓮,2024/07/06 00:00:00,SO2,0.8,0.7,0.6,0.9,0.9,0.9,0.8,0.8,1.4,1.6,0.4,0.4,0.3,0.5,0.5,0.4,0.4,0.6,0.6,1.7,1.5,1.3,1.2,1.2,
花蓮,2024/07/06 00:00:00,THC,1.89,1.84,1.84,1.88,1.86,1.88,1.87,1.87,1.88,1.83,1.81,1.8,1.8,1.8,1.8,1.8,1.79,1.81,1.83,1.86,1.89,1.88,1.9,1.9,
花蓮,2024/07/06 00:00:00,WD_HR,208,210,202,209,213,216,211,203,193,147,143,144,144,140,142,150,140,167,180,185,163,211,260,218,
花蓮,2024/07/06 00:00:00,WIND_DIREC,208,197,191,216,204,212,215,190,203,146,133,143,147,144,139,155,151,159,185,154,155,211,279,218,
花蓮,2024/07/06 00:00:00,WIND_SPEED,2.5,2,2,2.5,2,3,2.3,2.7,1.8,2.6,3,3.5,3.5,3,3,2.3,2.6,1.9,2.4,1,0.8,1.8,1.5,2.2,
花蓮,2024/07/06 00:00:00,WS_HR,2.2,2.2,2.2,2.5,2.3,2.5,2.4,2.5,2.3,1.7,2.3,2.8,2.8,2.8,2.5,2,2.1,1.8,2.1,1.1,0.7,1.2,1.1,1.9,
花蓮,2024/07/07 00:00:00,AMB_TEMP,29,28.9,28.7,28.3,27.8,27.5,28.7,30.1,31.9,32.6,32.7,32.7,33.1,33.2,32.9,32.8,32.4,31.3,30.8,30.8,30.7,30.3,30.2,29.8,
花蓮,2024/07/07 00:00:00,CH4,1.89,1.86,1.86,1.86,1.88,1.86,1.86,1.87,1.87,1.82,1.81,1.81,1.81,1.81,1.8,1.81,1.81,1.81,1.81,1.83,1.86,1.87,1.87,1.84,
花蓮,2024/07/07 00:00:00,CO,0.1,0.09,0.09,0.09,0.09,0.1,0.1,0.11,0.13,0.1,0.1,0.09,0.1,0.09,0.08,0.09,0.09,0.13,0.16,0.17,0.14,0.14,0.13,0.12,
花蓮,2024/07/07 00:00:00,NMHC,0,0,0,0,0,0,0,0,0,0,0,0,0,0,0,0,0,0,0,0.02,0.01,0.01,0.01,0.02,
花蓮,2024/07/07 00:00:00,NO,0.9,0.5,0.7,0.8,0.7,0.7,1.3,1.3,1.3,1.2,0.8,0.8,0.9,0.9,0.9,0.7,0.9,0.8,0.9,1.3,1,0.8,0.6,0.9,
花蓮,2024/07/07 00:00:00,NO2,1.3,1.2,1,0.9,0.9,1.2,0.8,0.7,1.1,1.1,0.6,0.5,0.5,0.4,0.4,0.4,0.6,1,1.4,2.4,2.6,2.3,2.5,2,
花蓮,2024/07/07 00:00:00,NOx,2.3,1.8,1.7,1.7,1.6,1.9,2.1,2.1,2.4,2.3,1.5,1.4,1.5,1.3,1.3,1.2,1.5,1.8,2.4,3.8,3.7,3.1,3.1,2.9,
花蓮,2024/07/07 00:00:00,O3,5.4,5.7,5.3,4.9,4,3.8,5.2,7.1,12.3,14.1,14.8,16,16.7,17,18.4,16.1,16.5,17.3,22.8,18.8,14.6,10.7,12,9.5,
花蓮,2024/07/07 00:00:00,PM10,11,12,11,10,14,12,12,13,8,13,8,7,7,5,5,4,8,8,10,11,9,10,9,10,
花蓮,2024/07/07 00:00:00,PM2.5,0,6,4,1,1,0,5,3,2,1,0,3,2,0,2,0,0,1,1,5,3,5,2,0,
花蓮,2024/07/07 00:00:00,RAINFALL,0,0,0,0,0,0,0,0,0,0,0,0,0,0,0,0,0,0,0,0,0,0,0,0,
花蓮,2024/07/07 00:00:00,RH,91,89,88,89,91,93,86,81,72,76,80,81,81,79,82,80,82,87,89,85,85,85,85,84,
花蓮,2024/07/07 00:00:00,SO2,1.1,0.6,0.4,0.6,0.6,0.6,0.7,0.6,1.7,1,0.2,0.3,0.3,0.3,0.2,0.2,0.3,0.4,0.5,0.9,0.9,0.9,1.2,1.5,
花蓮,2024/07/07 00:00:00,THC,1.88,1.85,1.85,1.85,1.87,1.86,1.85,1.87,1.87,1.82,1.8,1.8,1.8,1.8,1.79,1.79,1.8,1.81,1.81,1.85,1.87,1.88,1.88,1.86,
花蓮,2024/07/07 00:00:00,WD_HR,210,205,217,212,222,219,214,202,195,138,137,138,141,140,139,138,146,149,172,169,206,198,204,251,
花蓮,2024/07/07 00:00:00,WIND_DIREC,219,210,214,211,227,222,209,199,195,133,137,137,139,139,131,139,149,165,179,161,205,158,214,114,
花蓮,2024/07/07 00:00:00,WIND_SPEED,2.2,2.1,2.3,1.8,2.1,2.1,2.5,2.2,1.8,2.5,2.8,2.8,2.9,2.6,2.7,2.7,2.1,2.2,1.3,1,1.7,0.9,2.3,2.3,
花蓮,2024/07/07 00:00:00,WS_HR,1.8,2,1.8,1.8,2.1,1.9,2.3,2,1.3,1.9,2.3,2.7,2.4,2.2,2.5,2.2,1.8,1.7,1.7,1.3,1.6,1.1,1.5,0.8,
花蓮,2024/07/08 00:00:00,AMB_TEMP,29.5,29.5,28.9,28.7,28.4,28,28.4,30.1,32.1,32.7,32.8,33.1,33.2,33.3,33,32.6,31.5,29.7,26.7,27.5,27.9,28.1,27.7,27.3,
花蓮,2024/07/08 00:00:00,CH4,1.86,1.86,1.87,1.88,1.85,1.87,1.88,1.87,1.86,1.83,1.81,1.81,1.81,1.82,1.82,1.82,1.82,1.83,1.84,1.85,1.85,1.85,1.86,1.86,
花蓮,2024/07/08 00:00:00,CO,0.11,0.1,0.08,0.1,0.08,0.09,0.1,0.12,0.12,0.1,0.1,0.09,0.09,0.09,0.08,0.1,0.11,0.16,0.11,0.16,0.19,0.15,0.12,0.11,
花蓮,2024/07/08 00:00:00,NMHC,0.01,0.02,0,0,0,0,0,0.01,0,0,0,0,0,0,0,0,0,0.01,0,0.02,0.05,0.03,0,0,
花蓮,2024/07/08 00:00:00,NO,0.6,0.5,0.3,0.3,0.4,0.7,0.8,1.3,1.8,1.3,0.9,0.7,0.7,0.4,0.5,0.6,0.9,0.9,1,0.6,0.7,0.7,0.6,0.5,
花蓮,2024/07/08 00:00:00,NO2,1.6,2.7,1.8,1.7,1.4,1.6,1.7,1.9,2.6,2.3,1.4,1.3,1.3,1.3,1.5,1.9,2.5,3.6,2.6,4.6,6.4,6.3,3.3,2.7,
花蓮,2024/07/08 00:00:00,NOx,2.3,3.3,2.1,2,1.9,2.3,2.6,3.2,4.4,3.7,2.3,2,2.1,1.8,2,2.5,3.4,4.6,3.6,5.2,7.2,7,3.9,3.2,
花蓮,2024/07/08 00:00:00,O3,9.6,8.8,8.2,7.9,8.3,7.3,7.5,9.5,13.9,17.1,17,19.1,22.4,24.7,27.2,24.6,22.7,23.2,21.5,18.8,10.6,11.8,11.2,12.1,
花蓮,2024/07/08 00:00:00,PM10,12,10,7,6,6,12,10,13,10,10,6,4,4,3,4,4,10,9,22,12,19,15,13,13,
花蓮,2024/07/08 00:00:00,PM2.5,0,3,3,3,2,0,2,2,0,0,2,2,0,0,0,0,1,2,4,3,7,9,5,1,
花蓮,2024/07/08 00:00:00,RAINFALL,0,0,0,0,0,0,0,0,0,0,0,0,0,0,0,0,0,0,1,0,0,0,0,0,
花蓮,2024/07/08 00:00:00,RH,86,84,84,83,79,81,80,74,62,67,71,73,72,69,70,72,77,79,93,89,91,91,91,93,
花蓮,2024/07/08 00:00:00,SO2,x,x,x,x,x,x,x,x,x,#,#,x,x,x,x,x,x,x,x,x,x,x,x,x,
花蓮,2024/07/08 00:00:00,THC,1.87,1.88,1.86,1.88,1.84,1.86,1.87,1.88,1.86,1.82,1.8,1.8,1.8,1.81,1.8,1.81,1.81,1.84,1.83,1.87,1.9,1.88,1.86,1.85,
花蓮,2024/07/08 00:00:00,WD_HR,23,216,202,199,215,207,215,204,207,136,137,139,141,143,142,148,160,240,165,263,1,248,210,196,
花蓮,2024/07/08 00:00:00,WIND_DIREC,228,220,190,170,214,200,212,206,198,139,137,140,132,152,136,145,186,165,133,329,338,222,216,201,
花蓮,2024/07/08 00:00:00,WIND_SPEED,1.4,1.9,1.5,1.3,2.3,2.2,3.2,2.2,1.6,3.1,3.2,3,3.3,2.9,2.7,2.6,2.1,3.6,1.2,1.2,1.3,1.3,2.4,3.8,
花蓮,2024/07/08 00:00:00,WS_HR,0.6,1.7,1.9,1.9,2.3,2.5,2.8,2.2,1.7,2,2.7,2.7,2.6,2.5,2.4,2.2,1.9,1.5,1.6,0.6,1,0.8,1.8,2.9,
花蓮,2024/07/09 00:00:00,AMB_TEMP,26.9,26.8,26.6,26.5,26.1,26,26.6,28.4,30.4,32.3,32.4,32.6,32.6,32.6,32.6,32,31.9,31.1,30.5,30.5,30.4,30.1,29.8,29.4,
花蓮,2024/07/09 00:00:00,CH4,1.88,1.86,1.86,1.86,1.87,1.88,1.88,1.88,1.86,1.86,1.84,1.82,1.82,1.81,1.82,1.82,1.82,1.81,1.82,1.83,1.84,1.82,1.83,1.87,
花蓮,2024/07/09 00:00:00,CO,0.1,0.09,0.09,0.08,0.09,0.09,0.11,0.12,0.12,0.13,0.12,0.1,0.09,0.09,0.08,0.09,0.11,0.13,0.12,0.13,0.17,0.1,0.12,0.13,
花蓮,2024/07/09 00:00:00,NMHC,0,0,0,0,0,0,0,0,0,0.01,0,0,0,0,0,0,0,0,0,0.01,0.04,0,0.01,0.02,
花蓮,2024/07/09 00:00:00,NO,0.5,0.6,0.7,0.6,0.9,0.8,1.1,1.5,1.7,1.8,1.2,1.1,0.8,0.9,1.1,1.1,1.1,1.3,1.2,1.1,1.3,1,0.9,0.7,
花蓮,2024/07/09 00:00:00,NO2,2.3,1.8,1.7,1.4,1.3,1.4,1.5,1.6,2.2,3.2,2.3,1.2,1,1.1,1,1.3,1.8,2.1,2.3,3,4.7,3.5,2.2,3.2,
花蓮,2024/07/09 00:00:00,NOx,2.8,2.4,2.5,2,2.2,2.3,2.6,3.1,3.9,5,3.5,2.3,1.8,2.1,2.2,2.4,3,3.4,3.6,4.2,6.1,4.6,3.2,3.9,
花蓮,2024/07/09 00:00:00,O3,10.3,10.7,11,11.9,10.6,11,12.3,13.8,19.8,25.2,28.5,23.6,22.3,23.5,21,21.4,21.6,22.8,19.5,17.6,15.3,17.8,18,11,
花蓮,2024/07/09 00:00:00,PM10,16,12,7,8,10,8,7,9,7,21,15,5,3,1,3,4,17,11,13,8,11,8,7,15,
花蓮,2024/07/09 00:00:00,PM2.5,0,2,2,1,3,1,0,0,2,2,0,0,0,1,2,0,0,5,4,0,1,1,0,0,
花蓮,2024/07/09 00:00:00,RAINFALL,0,0,0,0,0,0,0,0,0,0,0,0,0,0,0,0,0,0,0,0,0,0,0,0,
花蓮,2024/07/09 00:00:00,RH,95,87,83,83,88,86,82,78,64,56,59,66,69,72,71,73,73,82,84,80,82,83,85,86,
花蓮,2024/07/09 00:00:00,SO2,x,0.1,0,0.1,0.1,0.2,0.1,0.3,0.2,2.1,2,0,0,0,0,0,0,0,0,0.4,0.7,0.6,0.9,0.7,
花蓮,2024/07/09 00:00:00,THC,1.88,1.86,1.85,1.85,1.86,1.87,1.87,1.88,1.86,1.87,1.83,1.81,1.8,1.8,1.8,1.8,1.82,1.81,1.81,1.84,1.88,1.81,1.84,1.89,
花蓮,2024/07/09 00:00:00,WD_HR,208,234,241,217,210,217,216,212,203,120,113,124,141,147,141,155,159,146,158,176,247,116,204,205,
花蓮,2024/07/09 00:00:00,WIND_DIREC,221,226,229,206,214,213,210,222,227,133,102,132,148,147,133,159,158,147,173,193,141,165,220,199,
花蓮,2024/07/09 00:00:00,WIND_SPEED,1.8,1.7,2.1,2.2,2.2,2.2,3.1,2.4,1.5,2.1,2.3,2.2,2.8,2.8,3.2,2.3,2.1,1.7,1.4,1.2,0.7,0.7,1.7,1,
花蓮,2024/07/09 00:00:00,WS_HR,2,1.5,1.6,2.3,2.3,2.2,2.7,2.5,1.4,1.4,2,1.9,2.2,2.2,2.4,2.1,2,1.7,1.3,1.3,0.3,0.7,1.2,1.2,
花蓮,2024/07/10 00:00:00,AMB_TEMP,29.1,28.4,28.1,27.9,27.4,27.3,28.3,29.8,31.7,33,33,33.1,33.1,33.3,32.9,32.5,30.9,30.6,30.6,29.9,28.9,28.1,28.6,28.3,
花蓮,2024/07/10 00:00:00,CH4,1.86,1.89,1.86,1.88,1.9,1.89,1.87,1.87,1.86,1.83,1.8,1.8,1.8,1.8,1.8,1.8,1.8,1.8,1.8,1.81,1.81,1.82,1.83,1.85,
花蓮,2024/07/10 00:00:00,CO,0.12,0.09,0.09,0.09,0.09,0.1,0.1,0.11,0.14,0.12,0.1,0.1,0.09,0.08,0.08,0.08,0.1,0.12,0.11,0.14,0.13,0.12,0.15,0.11,
花蓮,2024/07/10 00:00:00,NMHC,0.02,0,0,0,0,0,0.01,0,0.02,0,0,0,0,0,0,0,0,0,0,0.02,0.01,0.01,0.02,0.03,
花蓮,2024/07/10 00:00:00,NO,1,0,0.2,0,0.2,0.3,0.6,0.8,1.4,1.4,0.7,0.7,0.5,0.3,0.5,0.6,0.7,0.5,0.4,0.2,0.3,0.1,0.2,0.4,
花蓮,2024/07/10 00:00:00,NO2,2.5,1.8,1.2,0.9,1.4,1.6,1.1,1.1,2.3,2.2,1.4,1.2,1.1,0.8,0.9,0.8,1.3,1.8,1.4,2.1,3.2,2.5,3.4,2.6,
花蓮,2024/07/10 00:00:00,NOx,3.5,1.8,1.5,0.9,1.7,2,1.8,1.9,3.7,3.7,2.2,2,1.7,1.1,1.5,1.5,2,2.3,1.9,2.3,3.5,2.6,3.7,3.1,
花蓮,2024/07/10 00:00:00,O3,9.6,7.9,7.7,7.3,6.4,6.3,8.1,10.8,15.6,18.7,18.3,20.7,20.3,18.2,16.4,14.4,14.9,13.6,13.2,12.3,13.3,14.9,12.5,7.8,
花蓮,2024/07/10 00:00:00,PM10,13,10,7,10,10,14,13,12,14,14,16,15,20,26,26,13,17,13,15,5,13,18,10,11,
花蓮,2024/07/10 00:00:00,PM2.5,0,6,5,6,4,1,0,5,4,5,3,0,3,2,1,0,3,4,1,0,0,1,0,3,
花蓮,2024/07/10 00:00:00,RAINFALL,0,0,0,0,0,0,0,0,0,0,0,0,0,0,0,0,0,0,0,1.5,3.5,1,0,0,
花蓮,2024/07/10 00:00:00,RH,87,90,90,90,93,94,88,81,72,67,70,72,72,71,74,78,87,88,88,93,98,100,98,95,
花蓮,2024/07/10 00:00:00,SO2,0.6,0.6,0.7,0.7,0.8,0.9,0.9,0.8,3.3,2.7,0.6,0.6,0.6,0.4,0.5,0.5,0.5,0.8,0.9,1,1,1,1,1.2,
花蓮,2024/07/10 00:00:00,THC,1.88,1.89,1.85,1.87,1.9,1.89,1.88,1.87,1.88,1.83,1.8,1.8,1.79,1.79,1.79,1.79,1.79,1.8,1.8,1.83,1.82,1.83,1.85,1.88,
花蓮,2024/07/10 00:00:00,WD_HR,231,213,208,199,217,211,209,205,195,156,160,152,155,160,163,149,118,85,79,32,79,114,337,219,
花蓮,2024/07/10 00:00:00,WIND_DIREC,287,214,199,199,230,210,209,203,180,157,155,156,150,154,164,149,81,79,85,335,71,329,276,217,
花蓮,2024/07/10 00:00:00,WIND_SPEED,1.1,2.8,3.3,3.3,2.2,2.7,3.2,2.6,1.7,2.9,3.7,3.5,3.5,3.4,3.9,2.5,2,1.9,1.3,1.2,1.1,0.6,1.1,2.1,
花蓮,2024/07/10 00:00:00,WS_HR,0.8,2,2.8,3,2.2,2.5,2.4,2.5,2.1,1.8,3,2.9,3.2,3.3,3.2,2.3,1.6,1.5,1.6,0.9,0.9,0.3,0.4,2,
花蓮,2024/07/11 00:00:00,AMB_TEMP,28,28.2,27.9,27.7,27.6,27.5,28,29.4,31.1,#,32.7,32.7,32.4,32.8,32.2,31.8,31.4,30.7,30.4,30.1,29.8,29.8,29.8,29.8,
花蓮,2024/07/11 00:00:00,CH4,1.84,1.83,1.85,1.88,1.86,1.9,1.89,1.93,1.85,1.82,1.81,1.81,1.81,1.81,1.81,1.8,1.8,1.81,1.81,1.8,1.81,1.81,1.82,1.82,
花蓮,2024/07/11 00:00:00,CO,0.1,0.09,0.09,0.09,0.09,0.11,0.12,0.13,0.12,0.11,0.1,0.09,0.09,0.09,0.08,0.09,0.11,0.12,0.11,0.12,0.1,0.11,0.12,0.1,
花蓮,2024/07/11 00:00:00,NMHC,0,0,0,0,0,0,0.01,0,0,0,0,0,0,0,0,0,0,0,0,0.01,0,0,0.01,0,
花蓮,2024/07/11 00:00:00,NO,0.5,0.8,0.6,0.6,0.6,0.7,1.4,2,1.7,1.1,1.3,1.2,1.1,1,0.9,0.7,0.8,0.9,0.6,0.7,0.6,0.6,0.5,0.4,
花蓮,2024/07/11 00:00:00,NO2,1.5,0.6,1.1,1.2,1.5,1.6,1.3,1.3,1.5,1.6,1.4,1.3,0.9,0.9,0.8,0.8,1.4,2,1.7,2.1,2.1,1.5,1.7,1.8,
花蓮,2024/07/11 00:00:00,NOx,2.1,1.5,1.7,1.8,2.2,2.4,2.7,3.4,3.3,2.7,2.8,2.6,2.1,1.9,1.8,1.6,2.2,2.9,2.4,2.9,2.7,2.1,2.2,2.3,
花蓮,2024/07/11 00:00:00,O3,6.6,6.8,5.8,5.2,4.7,4.4,4.8,6.3,11.6,15.7,15.8,18.5,18.6,17.6,16.3,15.6,17.8,15.7,13.6,15.3,14.4,12.5,10.1,12.7,
花蓮,2024/07/11 00:00:00,PM10,16,10,10,13,13,13,18,15,12,#,14,12,13,10,18,13,21,21,13,16,8,13,17,15,
花蓮,2024/07/11 00:00:00,PM2.5,3,1,0,2,3,2,7,4,2,1,#,2,2,4,3,1,9,9,4,0,2,2,1,2,
花蓮,2024/07/11 00:00:00,RAINFALL,0,0,0,0,0,0,0,0,0,0,0,0,0,0,0,0,0,0,0,0,0,0,0,0,
花蓮,2024/07/11 00:00:00,RH,91,86,83,87,84,85,84,82,75,#,76,96,100,100,100,100,100,100,100,100,100,100,100,100,
花蓮,2024/07/11 00:00:00,SO2,1.1,0.6,0.6,0.6,0.6,0.6,0.8,0.8,0.7,0.4,0.1,0.1,0.2,0.3,0.4,0.4,0.5,0.5,0.7,0.9,1,1.2,1,1,
花蓮,2024/07/11 00:00:00,THC,1.84,1.82,1.84,1.87,1.86,1.9,1.9,1.93,1.85,1.82,1.81,1.8,1.79,1.79,1.79,1.79,1.8,1.8,1.8,1.81,1.79,1.8,1.83,1.81,
花蓮,2024/07/11 00:00:00,WD_HR,207,207,216,209,228,215,209,211,201,#,152,164,156,160,163,162,151,87,101,147,150,175,56,84,
花蓮,2024/07/11 00:00:00,WIND_DIREC,198,204,204,221,232,218,209,209,195,#,152,166,161,153,163,172,135,89,127,149,184,152,2,24,
花蓮,2024/07/11 00:00:00,WIND_SPEED,2.4,2.1,2.1,1.6,1.4,2.4,2.5,3.3,3.8,#,3.6,4.4,3.7,3.9,3.6,3,2,2.3,1.5,1.1,1.3,0.5,0.8,0.3,
花蓮,2024/07/11 00:00:00,WS_HR,1.9,2,1.5,2,1.5,2,1.8,3,3,#,2.5,3.5,3.4,3.5,3.5,2.7,1.9,1.9,1.6,0.7,0.7,0.8,0.1,0.4,
花蓮,2024/07/12 00:00:00,AMB_TEMP,29.3,29.1,28.5,28.5,28.2,28,28.4,29.9,31.4,31.7,32.3,32.6,32.7,33,#,32.6,32.1,31.2,30.7,30.5,30.7,30.7,30.3,29.9,
花蓮,2024/07/12 00:00:00,CH4,1.84,1.84,1.91,1.86,1.85,1.86,1.88,1.84,1.83,1.81,1.81,1.81,1.81,1.81,1.81,1.81,1.8,1.8,1.81,1.81,1.83,1.85,1.88,1.88,
花蓮,2024/07/12 00:00:00,CO,0.11,0.11,0.1,0.09,0.1,0.12,0.13,0.15,0.14,0.11,0.12,0.12,0.13,0.12,0.11,0.11,0.11,0.14,0.14,0.13,0.14,0.14,0.15,0.13,
花蓮,2024/07/12 00:00:00,NMHC,0.01,0,0,0,0.01,0.03,0.01,0.02,0.01,0,0,0,0,0,0,0,0,0,0,0,0.01,0.01,0.02,0.01,
花蓮,2024/07/12 00:00:00,NO,0.4,0.7,0.7,0.6,0.9,1.1,1.9,2.3,2.3,1.5,1.2,1.2,1,1.1,1.1,0.8,0.9,1.1,1.2,1.1,1.4,#,0.9,1,
花蓮,2024/07/12 00:00:00,NO2,1.7,1.6,1.5,1.3,1.4,2.1,2,1.7,2.3,1.2,1,1.4,1,0.8,0.7,0.9,0.7,1.8,2.3,2,2.4,#,3.2,2.9,
花蓮,2024/07/12 00:00:00,NOx,2.1,2.4,2.3,2,2.3,3.2,4,4.1,4.6,2.8,2.2,2.6,2,1.9,1.9,1.8,1.6,2.9,3.6,3.2,3.9,#,4.1,3.9,
花蓮,2024/07/12 00:00:00,O3,10.4,8.9,5.9,6.7,6,4.1,5.6,8.9,14.7,20.4,26.1,29.6,34,36,32.1,27.1,25.2,25.3,22.5,23.8,24.3,#,16.7,15.9,
花蓮,2024/07/12 00:00:00,PM10,14,14,17,12,11,11,12,14,15,15,11,9,13,15,12,8,13,12,16,16,14,11,20,15,
花蓮,2024/07/12 00:00:00,PM2.5,4,4,3,2,0,0,4,6,6,4,6,6,4,5,7,6,3,2,4,6,5,9,6,5,
花蓮,2024/07/12 00:00:00,RAINFALL,0,0,0,0,0,0,0,0,0,0,0,0,0,0,0,0,0,0,0,0,0,0,0,0,
花蓮,2024/07/12 00:00:00,RH,100,100,100,100,100,100,100,100,100,100,100,100,100,100,#,75,80,89,91,90,86,86,89,90,
花蓮,2024/07/12 00:00:00,SO2,0.8,0.5,0.4,0.5,0.4,0.7,0.7,0.7,0.7,0.4,0.5,0.3,0.4,0.3,0.5,0.4,0.5,0.6,0.7,0.7,0.9,#,1,1,
花蓮,2024/07/12 00:00:00,THC,1.85,1.84,1.9,1.86,1.86,1.89,1.89,1.86,1.84,1.81,1.81,1.8,1.8,1.8,1.8,1.79,1.79,1.8,1.81,1.81,1.84,1.86,1.9,1.89,
花蓮,2024/07/12 00:00:00,WD_HR,325,234,221,219,219,222,219,227,156,137,136,116,110,101,#,110,125,137,162,174,171,203,191,216,
花蓮,2024/07/12 00:00:00,WIND_DIREC,341,228,230,202,220,215,222,234,163,140,150,112,99,121,105,142,115,123,172,179,195,203,187,238,
花蓮,2024/07/12 00:00:00,WIND_SPEED,1.4,2.3,2.6,1.5,1.1,1.9,2.5,1,1.8,2.8,2,2.6,2.5,2.3,2.2,1.5,1.8,1.6,1.6,1.7,1,1.3,1.2,1.5,
花蓮,2024/07/12 00:00:00,WS_HR,1.4,1.1,2.1,1.8,1,1.1,2.3,1.7,1.3,2,1.8,1.9,2.1,2.2,#,1.8,1.5,1.4,1.4,1.5,0.9,1.2,0.9,1.4,
花蓮,2024/07/13 00:00:00,AMB_TEMP,29.6,29.3,29.1,29.1,29,28.8,29.3,30.2,30.7,32.6,32.6,33,33.1,32.8,31.9,32.1,31.3,31,30.5,30.5,30.4,30.3,29.8,29.4,
花蓮,2024/07/13 00:00:00,CH4,1.91,1.85,1.92,1.93,1.85,1.86,1.86,1.87,1.89,1.82,1.81,1.81,1.81,1.8,1.8,1.81,1.81,1.82,1.82,1.84,1.84,1.83,1.84,1.86,
花蓮,2024/07/13 00:00:00,CO,0.11,0.12,0.1,0.1,0.1,0.11,0.15,0.16,0.14,0.13,0.11,0.11,0.1,0.09,0.09,0.09,0.11,0.13,0.13,0.18,0.22,0.12,0.13,0.11,
花蓮,2024/07/13 00:00:00,NMHC,0.01,0,0,0,0,0,0.01,0.02,0.01,0,0,0,0,0,0,0,0,0,0,0.04,0.06,0,0.01,0.01,
花蓮,2024/07/13 00:00:00,NO,0.9,0.3,0.1,0,0.2,0.2,0.7,1.2,1.5,0.8,0.5,0.4,0.6,0.3,0.3,0.4,0.4,0.5,0.4,0.5,0.9,0.4,0.1,0,
花蓮,2024/07/13 00:00:00,NO2,2.2,1.4,1.6,1.7,1.4,1.6,2,2.5,2.5,1.7,1.3,1.3,1,0.9,0.8,1.2,1.5,2.1,2.4,3.4,4.6,3.2,2.3,2.6,
花蓮,2024/07/13 00:00:00,NOx,3.1,1.7,1.8,1.8,1.6,1.8,2.7,3.7,4,2.5,1.8,1.8,1.6,1.3,1.2,1.7,1.9,2.6,2.8,4,5.6,3.6,2.5,2.6,
花蓮,2024/07/13 00:00:00,O3,15.5,12.8,10.6,11.7,10.6,9.7,9.6,10.6,12.1,23.7,29.2,27.7,24.7,28.7,31.8,32.5,32.5,27.3,23.5,18.4,14.6,16.2,14.2,12.9,
花蓮,2024/07/13 00:00:00,PM10,10,11,17,15,10,12,14,16,19,15,12,11,12,8,11,8,11,11,8,13,10,9,A,A,
花蓮,2024/07/13 00:00:00,PM2.5,3,6,7,6,5,4,4,8,8,7,7,6,7,5,5,6,8,7,6,6,11,6,1,1,
花蓮,2024/07/13 00:00:00,RAINFALL,0,0,0,0,0,0,0,0,0,0,0,0,0,0,0,0,0,0,0,0,0,0,0,0,
花蓮,2024/07/13 00:00:00,RH,91,90,91,92,86,88,82,79,82,78,81,81,80,84,88,85,87,85,88,85,82,86,88,80,
花蓮,2024/07/13 00:00:00,SO2,0.9,0.3,0.1,0.1,0.1,0.2,0.4,0.3,0.3,0.5,0,0,0,0,0,0,0.1,0.2,0.4,0.9,1,0.7,0.5,0.6,
花蓮,2024/07/13 00:00:00,THC,1.92,1.85,1.92,1.92,1.84,1.86,1.87,1.89,1.9,1.82,1.81,1.81,1.8,1.79,1.78,1.79,1.8,1.82,1.82,1.88,1.9,1.83,1.85,1.87,
花蓮,2024/07/13 00:00:00,WD_HR,213,213,202,196,206,205,233,210,203,139,138,144,143,141,141,143,147,174,167,275,295,139,228,213,
花蓮,2024/07/13 00:00:00,WIND_DIREC,164,201,186,218,203,214,219,224,208,134,133,144,153,139,149,124,159,178,178,310,346,148,280,200,
花蓮,2024/07/13 00:00:00,WIND_SPEED,0.8,2.1,2,2.2,1.9,2.1,0.9,2.2,2.4,2.8,3.1,3.3,3.4,3.2,2.5,2,2.1,2,1.3,1.3,0.7,0.7,1.4,2.2,
花蓮,2024/07/13 00:00:00,WS_HR,1.4,1.7,1.7,1.8,1.5,2,1.3,1.5,2.2,2,2.4,2.6,2.7,2.8,2.1,1.9,1.4,2.1,1.4,0.7,1,0.5,0.4,2,
花蓮,2024/07/14 00:00:00,AMB_TEMP,29.1,28.5,28.2,28.1,27.7,27.5,28.3,29.7,31.7,32.6,32.4,32.6,33.1,32.7,32.7,32.6,31.9,31.6,31.1,30.5,30.3,30.3,30,29.9,
花蓮,2024/07/14 00:00:00,CH4,1.86,1.87,1.85,1.86,1.87,1.87,1.86,1.89,1.89,1.83,1.8,1.8,1.8,1.8,1.8,1.8,1.81,1.81,1.81,1.82,1.82,1.86,1.87,1.84,
花蓮,2024/07/14 00:00:00,CO,0.1,0.1,0.09,0.1,0.1,0.11,0.12,0.12,0.14,0.13,0.09,0.09,0.09,0.08,0.08,0.08,0.1,0.11,0.12,0.13,0.11,0.15,0.13,0.1,
花蓮,2024/07/14 00:00:00,NMHC,0,0,0,0,0,0,0.01,0,0,0,0,0,0,0,0,0,0,0,0,0,0,0.04,0.02,0.01,
花蓮,2024/07/14 00:00:00,NO,0.3,0,0.2,0.1,0.4,0.3,0.5,0.7,0.9,0.7,0.5,0.6,0.8,0.4,0.4,0.6,0.5,0.6,0.9,0.7,0.3,0.7,1.7,0.6,
花蓮,2024/07/14 00:00:00,NO2,1.2,1.7,1.4,1.2,1.2,1.6,1.5,1.4,1.7,1.5,0.9,1.1,1.1,0.8,0.6,0.9,1.1,1.4,1.7,2.1,1.8,3.3,4,2.1,
花蓮,2024/07/14 00:00:00,NOx,1.6,1.7,1.6,1.4,1.6,1.9,2,2.1,2.6,2.3,1.5,1.8,1.9,1.2,1.1,1.5,1.7,2,2.6,2.9,2.1,4,5.7,2.8,
花蓮,2024/07/14 00:00:00,O3,13.7,12.5,12.1,13,11.7,11.2,12.4,13.5,18.4,16.7,16,16.9,19.4,21.5,20.9,20.5,18.6,15.8,14.7,13.5,14.8,8.7,4.8,7.2,
花蓮,2024/07/14 00:00:00,PM10,A,A,A,A,A,A,A,A,#,8,6,3,4,5,3,3,6,8,10,13,10,18,14,14,
花蓮,2024/07/14 00:00:00,PM2.5,3,5,6,6,2,1,2,2,2,1,1,1,0,0,0,1,0,0,1,6,4,4,4,0,
花蓮,2024/07/14 00:00:00,RAINFALL,0,0,0,0,0,0,0,0,0,0,0,0,0,0,0,0,0,0,0,0,0,0,0,0,
花蓮,2024/07/14 00:00:00,RH,80,82,82,81,83,83,79,75,67,71,79,78,77,82,82,81,83,84,86,88,88,86,86,85,
花蓮,2024/07/14 00:00:00,SO2,0.5,0.1,0.1,0.3,0.3,0.3,0.3,0.4,#,x,x,x,x,x,x,x,x,x,x,x,x,x,x,x,
花蓮,2024/07/14 00:00:00,THC,1.85,1.86,1.84,1.85,1.87,1.87,1.87,1.89,1.89,1.83,1.8,1.8,1.8,1.78,1.79,1.79,1.8,1.81,1.81,1.82,1.81,1.9,1.89,1.85,
花蓮,2024/07/14 00:00:00,WD_HR,207,206,209,205,206,211,212,204,211,134,136,142,132,127,141,143,159,167,147,160,165,180,208,206,
花蓮,2024/07/14 00:00:00,WIND_DIREC,219,200,207,201,199,215,204,216,218,126,137,144,142,158,135,140,164,163,133,161,155,222,204,206,
花蓮,2024/07/14 00:00:00,WIND_SPEED,2.4,2.7,2.7,2.6,2.3,2.1,3.1,2.5,1.7,2.4,3.1,2.8,2.4,2.1,2.4,2.8,2.5,1.8,1.3,1.2,0.7,1,1.5,1.7,
花蓮,2024/07/14 00:00:00,WS_HR,2.2,2.1,2.1,2.3,1.8,1.9,2.3,2.3,1.3,1.8,2.4,2.4,2.1,1.9,2.1,2,2.1,2.1,1.3,1.1,0.9,0.9,1.7,1.7,
花蓮,2024/07/15 00:00:00,AMB_TEMP,29.4,29.3,29.1,29,28.8,28.4,28.8,30.3,32,32.3,32.2,32.6,32.9,33.1,33,32.5,32,31.2,31.3,31.3,31,30.4,30.1,29.6,
花蓮,2024/07/15 00:00:00,CH4,1.88,1.84,1.84,1.83,1.84,1.84,1.84,1.85,1.84,1.82,1.81,1.81,1.81,1.81,1.81,1.81,1.81,1.81,1.82,1.84,1.84,1.84,1.83,1.84,
花蓮,2024/07/15 00:00:00,CO,0.1,0.09,0.08,0.08,0.08,0.08,0.1,0.12,0.12,0.09,0.08,0.09,0.08,0.08,0.08,0.08,0.09,0.11,0.12,0.15,0.12,0.12,0.09,0.09,
花蓮,2024/07/15 00:00:00,NMHC,0.01,0,0,0,0,0,0,0.02,0.01,0,0,0,0,0,0,0,0,0,0,0.02,0.01,0.01,0,0,
花蓮,2024/07/15 00:00:00,NO,0.3,0.2,0.2,0.2,0.1,0.1,0.6,1.4,1.4,0.7,0.7,0.6,0.4,0.4,0.3,0.3,0.5,0.9,0.3,0.5,0.5,0.3,0,0.2,
花蓮,2024/07/15 00:00:00,NO2,2,1.6,1.4,1.1,1.2,1.4,1.4,1.8,2.3,1.4,1.3,1,1,0.8,0.9,0.9,1.2,1.9,2.3,3.4,2.9,2.9,1.9,1.5,
花蓮,2024/07/15 00:00:00,NOx,2.3,1.9,1.6,1.4,1.3,1.5,2.1,3.3,3.7,2.1,2,1.6,1.4,1.3,1.3,1.2,1.7,2.8,2.7,4,3.5,3.3,2,1.7,
花蓮,2024/07/15 00:00:00,O3,5.3,5.5,6,6,6.1,4.5,4.4,6.7,11.3,12.3,14.8,15.7,16,16.9,16.5,16.9,16.7,16.4,16.8,12.4,12.9,10.4,10.1,8.5,
花蓮,2024/07/15 00:00:00,PM10,11,11,10,10,7,6,7,11,9,8,10,6,7,A,#,A,5,10,10,8,7,10,7,5,
花蓮,2024/07/15 00:00:00,PM2.5,0,2,3,1,1,3,3,2,0,0,0,4,4,1,0,2,2,0,1,1,3,3,5,4,
花蓮,2024/07/15 00:00:00,RAINFALL,0,0,0,0,0,0,0,0,0,0,0,0,0,0,0,0,0,0,0,0,0,0,0,0,
花蓮,2024/07/15 00:00:00,RH,84,82,79,80,80,86,83,79,74,78,80,79,79,76,77,80,82,85,83,80,82,82,82,82,
花蓮,2024/07/15 00:00:00,SO2,x,0.2,0.4,0.5,0.5,0.5,0.5,0.5,5.4,0.3,0.1,0,0,0.1,0.1,0,0.1,0.2,1.9,2.4,0.7,0.8,0.7,0.7,
花蓮,2024/07/15 00:00:00,THC,1.89,1.84,1.83,1.82,1.83,1.83,1.83,1.87,1.85,1.81,1.79,1.79,1.8,1.79,1.8,1.8,1.81,1.81,1.82,1.86,1.85,1.85,1.83,1.83,
花蓮,2024/07/15 00:00:00,WD_HR,202,202,196,207,205,205,210,194,171,130,128,126,135,137,140,127,126,164,194,207,218,218,207,214,
花蓮,2024/07/15 00:00:00,WIND_DIREC,198,194,200,211,197,207,216,205,133,121,132,132,144,138,137,126,167,201,179,205,223,220,216,197,
花蓮,2024/07/15 00:00:00,WIND_SPEED,1.9,2,2.2,2.4,2.7,2.9,2.2,2.1,2.3,2.2,2.8,2.9,2.7,2.4,2.5,1.7,1.6,1.7,1.8,1.8,1.8,2.3,2.1,2.1,
花蓮,2024/07/15 00:00:00,WS_HR,1.8,1.5,2.1,2.1,2.1,2.6,2.5,2.4,1.3,1.8,2.2,2.4,2.2,2.2,2,1.8,1.2,1.1,1.6,1,1.7,2.1,1.8,1.9,
花蓮,2024/07/16 00:00:00,AMB_TEMP,29,28.7,28.2,28.1,27.7,27.5,28.2,30,32,33,32.9,33,33.3,33.4,33.2,32.9,32,31.3,31.1,30.6,30.2,29.9,29.6,29.1,
花蓮,2024/07/16 00:00:00,CH4,1.86,1.86,1.86,1.86,1.86,1.87,1.89,1.9,1.88,1.84,1.81,1.81,1.81,1.8,1.8,1.8,1.8,1.8,1.82,1.83,1.84,1.85,1.83,1.86,
花蓮,2024/07/16 00:00:00,CO,0.08,0.08,0.08,0.08,0.08,0.09,0.1,0.14,0.16,0.1,0.09,0.09,0.09,0.08,0.08,0.09,0.1,0.13,0.16,0.19,0.22,0.23,0.12,0.09,
花蓮,2024/07/16 00:00:00,NMHC,0,0,0,0,0,0,0,0.01,0.01,0,0,0,0,0,0,0,0,0.02,0.02,0.05,0.07,0.06,0.01,0,
花蓮,2024/07/16 00:00:00,NO,0.2,0.5,0.4,0.4,0.4,0.6,1.2,2.2,5.4,2,1.1,1.6,1,0.6,1,1,1,1.3,1.3,1.3,1.5,1.3,0.8,0.7,
花蓮,2024/07/16 00:00:00,NO2,1.4,1,1.1,1,1.1,1.2,1.3,1.7,4.3,2,0.9,1.1,0.7,0.6,0.7,0.8,1,2.3,3.7,4.5,4.4,4.8,2,1,
花蓮,2024/07/16 00:00:00,NOx,1.7,1.6,1.5,1.4,1.5,1.9,2.6,3.9,9.7,4.1,2.1,2.8,1.8,1.2,1.7,1.9,2.1,3.6,5,5.8,6,6.2,2.9,1.7,
花蓮,2024/07/16 00:00:00,O3,6.8,6.4,5.9,6.7,5.4,5.7,6.4,8.6,11.9,15.6,16.4,15.7,18.3,18.6,19.5,19.6,19.7,19.4,15.8,9.4,7.3,6.5,7.5,7.9,
花蓮,2024/07/16 00:00:00,PM10,8,9,7,4,8,11,9,15,26,20,10,7,7,10,10,10,10,14,13,11,16,14,9,10,
花蓮,2024/07/16 00:00:00,PM2.5,0,3,2,2,2,0,0,0,1,3,0,0,0,2,5,2,0,3,3,4,3,1,1,1,
花蓮,2024/07/16 00:00:00,RAINFALL,0,0,0,0,0,0,0,0,0,0,0,0,0,0,0,0,0,0,0,0,0,0,0,0,
花蓮,2024/07/16 00:00:00,RH,83,85,85,80,84,83,81,73,65,63,71,72,73,73,74,75,79,79,77,76,74,77,75,78,
花蓮,2024/07/16 00:00:00,SO2,0.7,0,0,0.1,0.1,0.1,0.1,1.8,18,1.5,0,#,#,0,#,0,#,0.4,1,1.3,1.2,0.9,0.9,0.9,
花蓮,2024/07/16 00:00:00,THC,1.85,1.86,1.85,1.85,1.86,1.87,1.88,1.91,1.89,1.84,1.81,1.81,1.8,1.8,1.79,1.79,1.79,1.82,1.84,1.88,1.91,1.91,1.84,1.86,
花蓮,2024/07/16 00:00:00,WD_HR,220,217,219,206,201,216,203,194,180,136,137,141,130,137,143,140,145,171,161,292,292,228,201,208,
花蓮,2024/07/16 00:00:00,WIND_DIREC,204,207,224,203,212,217,205,175,149,133,139,138,139,138,139,134,148,176,166,263,286,226,194,211,
花蓮,2024/07/16 00:00:00,WIND_SPEED,2.3,2.6,2.2,2.6,2.5,3,3.4,1.7,1.6,2.7,2.5,2.9,2.1,2.2,2.4,3,2.3,1.3,1,1.1,1.2,2,2.3,2.4,
花蓮,2024/07/16 00:00:00,WS_HR,2.1,2.1,2.3,2.4,2.3,2.4,2.8,2.1,1.5,1.8,2,2.3,2,2,2.2,2.5,2,1.6,1,1.1,1.2,1.4,1.9,2.5,
花蓮,2024/07/17 00:00:00,AMB_TEMP,28.6,28.5,28.3,27.9,27.6,27.4,27.9,29.8,31.6,32.7,32.9,33.1,33.3,33.4,33.2,32.6,32,31.2,30.8,30.6,30.4,30.4,30.2,29.8,
花蓮,2024/07/17 00:00:00,CH4,1.87,1.85,1.87,1.88,1.86,1.88,1.86,1.88,1.89,1.83,1.81,1.81,1.81,1.81,1.81,1.81,1.81,1.81,1.82,1.83,1.84,1.85,1.86,1.87,
花蓮,2024/07/17 00:00:00,CO,0.09,0.08,0.08,0.08,0.08,0.08,0.1,0.13,0.17,0.1,0.09,0.09,0.08,0.08,0.08,0.09,0.1,0.12,0.13,0.13,0.15,0.19,0.19,0.14,
花蓮,2024/07/17 00:00:00,NMHC,0,0,0,0,0,0,0,0,0,0,0,0,0,0,0,0,0,0,0,0,0.02,0.02,0.05,0.03,
花蓮,2024/07/17 00:00:00,NO,0.6,0.8,0.9,0.8,0.9,0.9,1.2,2.4,2.6,1.8,1.2,1.2,1.1,0.8,1,0.9,0.8,1.1,1.1,0.9,1,1.4,1.2,1.1,
花蓮,2024/07/17 00:00:00,NO2,1.1,1.2,1.4,1.3,1.3,1.4,1.3,2,2.7,2,1.2,1.3,1.3,1,1,1.1,1.5,2.1,2.2,2.2,2.2,3.8,4.6,4,
花蓮,2024/07/17 00:00:00,NOx,1.8,2.1,2.3,2.2,2.3,2.4,2.6,4.5,5.4,3.9,2.4,2.5,2.5,1.9,2.1,2,2.4,3.3,3.3,3.1,3.3,5.3,5.8,5.2,
花蓮,2024/07/17 00:00:00,O3,7.2,8.2,8.4,7.5,7,6.4,7.4,9.1,13,15.3,16.2,20.8,21.7,23.3,21.2,22.1,23.2,20.3,14.9,15.7,13.5,10.1,8.2,7.5,
花蓮,2024/07/17 00:00:00,PM10,6,5,10,13,8,8,6,19,22,16,11,9,8,8,6,11,11,8,9,12,10,11,13,10,
花蓮,2024/07/17 00:00:00,PM2.5,0,2,4,4,9,7,3,0,3,3,0,0,3,4,1,2,3,4,1,0,3,3,2,0,
花蓮,2024/07/17 00:00:00,RAINFALL,0,0,0,0,0,0,0,0,0,0,0,0,0,0,0,0,0,0,0,0,0,0,0,0,
花蓮,2024/07/17 00:00:00,RH,80,74,74,80,80,82,79,71,64,68,73,74,74,73,74,78,80,84,84,85,85,80,81,83,
花蓮,2024/07/17 00:00:00,SO2,1,0.3,0.4,0.5,0.4,0.4,0.3,0.4,6.4,0.2,0,0,0,0,0,#,0.5,0.6,0.8,1,1.3,1.6,1.5,1.3,
花蓮,2024/07/17 00:00:00,THC,1.87,1.85,1.84,1.86,1.85,1.87,1.84,1.88,1.89,1.81,1.79,1.79,1.79,1.79,1.79,1.79,1.79,1.8,1.82,1.82,1.86,1.87,1.91,1.9,
花蓮,2024/07/17 00:00:00,WD_HR,210,222,221,210,214,212,206,204,199,134,135,128,126,135,136,148,166,165,172,174,213,289,281,221,
花蓮,2024/07/17 00:00:00,WIND_DIREC,210,223,211,210,204,217,196,210,177,135,134,126,113,136,136,160,167,160,169,177,285,193,273,220,
花蓮,2024/07/17 00:00:00,WIND_SPEED,1.7,1.9,1.9,2.3,2.4,3.2,3.1,3.1,1.8,2.2,2.4,2.5,2.4,2.8,3.2,2.6,2.7,2.2,1.5,1.6,1.4,1,1.3,0.9,
花蓮,2024/07/17 00:00:00,WS_HR,1.8,2,1.9,1.9,2.4,2.3,2.9,2.7,2.2,1.8,2.1,2.3,2.1,2.1,2.4,2.2,2.4,2,1.8,1.4,0.9,1,0.8,0.8,
花蓮,2024/07/18 00:00:00,AMB_TEMP,29,28.5,28.4,28.1,28.1,27.9,28.5,30.1,32.3,33.1,33,32.9,33,33.1,33,32.9,32.5,31.6,31.2,30.9,30.9,30.9,30.7,30.5,
花蓮,2024/07/18 00:00:00,CH4,1.88,1.93,1.88,1.87,1.85,1.86,1.86,1.87,1.88,#,#,1.81,1.81,1.8,1.8,1.81,1.81,1.81,1.82,1.82,1.85,1.86,1.86,1.86,
花蓮,2024/07/18 00:00:00,CO,0.09,0.09,0.08,0.09,0.08,0.1,0.11,0.12,0.14,0.1,0.09,#,0.08,0.08,0.08,0.09,0.1,0.12,0.13,0.12,0.13,0.13,0.11,0.11,
花蓮,2024/07/18 00:00:00,NMHC,0,0,0,0,0,0,0,0,0,#,#,0,0,0,0,0,0,0,0,0,0.17,0.03,0,0,
花蓮,2024/07/18 00:00:00,NO,0.7,0.4,0.5,0.3,0.3,0.4,1,1.5,2.4,1.1,0.9,#,0.9,0.7,0.7,0.6,0.8,1.1,1.1,0.6,0.6,0.7,0.7,0.7,
花蓮,2024/07/18 00:00:00,NO2,2.7,1.5,1.5,1.4,1.2,1.2,1.4,1.5,3,2,1.2,#,1,0.6,0.7,0.7,1,1.6,1.8,1.7,2.1,2.8,2.2,1.8,
花蓮,2024/07/18 00:00:00,NOx,3.4,2,2,1.7,1.6,1.7,2.4,3,5.5,3.2,2.1,#,1.9,1.4,1.4,1.4,1.9,2.8,3,2.4,2.7,3.5,3,2.5,
花蓮,2024/07/18 00:00:00,O3,7.2,6.9,7.6,6.5,7.4,7,7.2,9.8,14.3,18.1,#,#,16.2,16.1,15.2,14.5,17,17.6,15.3,15.4,13.2,10.7,11.7,11.3,
花蓮,2024/07/18 00:00:00,PM10,13,15,13,8,7,8,15,11,19,A,7,6,4,8,6,7,12,13,13,12,11,12,7,7,
花蓮,2024/07/18 00:00:00,PM2.5,0,9,7,4,5,6,8,4,6,6,#,0,0,1,3,5,4,3,5,3,4,6,9,6,
花蓮,2024/07/18 00:00:00,RAINFALL,0,0,0,0,0,0,0,0,0,0,#,0,0,0,0,0,0,0,0,0,0,0,0,0,
花蓮,2024/07/18 00:00:00,RH,84,89,87,86,83,85,81,74,65,64,64,65,68,70,72,72,73,75,75,75,74,73,73,74,
花蓮,2024/07/18 00:00:00,SO2,1.3,0.7,0.7,0.7,0.8,0.9,0.9,0.8,3.5,0.5,0.1,#,0.2,0.2,0.1,0.2,0.2,0.3,0.5,0.6,0.7,0.9,0.9,0.9,
花蓮,2024/07/18 00:00:00,THC,1.87,1.92,1.86,1.86,1.83,1.84,1.85,1.86,1.88,#,#,1.8,1.79,1.78,1.78,1.78,1.79,1.8,1.81,1.82,2.02,1.89,1.86,1.86,
花蓮,2024/07/18 00:00:00,WD_HR,212,213,207,202,211,213,213,202,185,135,137,139,141,141,136,141,143,152,168,163,170,204,208,206,
花蓮,2024/07/18 00:00:00,WIND_DIREC,204,211,212,204,219,209,210,195,174,132,140,137,134,133,130,141,157,143,173,162,181,214,202,279,
花蓮,2024/07/18 00:00:00,WIND_SPEED,2.2,2.5,2.3,2.2,2.7,2.7,2.9,2.6,1.8,2.3,2.9,2.9,2.9,3,2.8,2.7,2.2,2,2,1.2,1,1.3,1.5,0.9,
花蓮,2024/07/18 00:00:00,WS_HR,1.9,2.5,2,2.2,2.2,2.3,2.7,2.6,1.9,1.9,2.4,2.6,2.4,2.5,2.3,2.2,2,1.7,1.8,1.3,1,1.1,1.1,0.7,
花蓮,2024/07/19 00:00:00,AMB_TEMP,29.8,29.2,28.9,28.5,28.5,28.3,28.7,30.4,32.3,32.9,32.7,32.9,33,33,33,32.5,32.3,31.4,30.9,30.9,30.9,30.9,30.6,30.2,
花蓮,2024/07/19 00:00:00,CH4,1.88,1.94,1.9,1.9,1.86,1.86,1.91,1.87,1.88,1.83,1.82,1.81,1.81,1.81,1.81,1.81,1.81,1.81,1.81,1.83,1.83,1.85,1.85,1.88,
花蓮,2024/07/19 00:00:00,CO,0.12,0.09,0.09,0.09,0.08,0.09,0.11,0.11,0.14,0.1,0.1,0.09,0.1,0.08,0.08,0.09,0.09,0.13,0.13,0.12,0.11,0.12,0.11,0.11,
花蓮,2024/07/19 00:00:00,NMHC,0.01,0,0,0,0,0,0,0,0,0,0,0,0,0,0,0,0,0,0,0,0,0,0,0,
花蓮,2024/07/19 00:00:00,NO,0.8,0.7,0.9,0.9,0.8,1,1.5,1.9,2.7,2.1,1.5,1.3,1.2,1.2,1.1,1.4,1.4,1.5,1.3,1.3,1.2,1.2,0.9,1,
花蓮,2024/07/19 00:00:00,NO2,2.4,1.5,1.3,1.4,1.1,1.3,1.3,1,2,1.4,1,0.8,0.7,0.4,0.5,0.9,1,1.6,1.8,1.8,1.7,1.9,2.1,1.7,
花蓮,2024/07/19 00:00:00,NOx,3.2,2.3,2.2,2.3,2,2.3,2.8,2.9,4.7,3.6,2.6,2.1,2,1.6,1.7,2.3,2.5,3.1,3.1,3.2,3,3.2,3,2.8,
花蓮,2024/07/19 00:00:00,O3,7.5,6.5,5.9,5.3,5.5,4.9,4.1,7.7,11,13.2,14.4,17,17.1,16.8,18.1,21.7,20.2,16.8,14.8,12.5,13.2,11.9,10,8.8,
花蓮,2024/07/19 00:00:00,PM10,10,16,9,9,A,A,A,A,A,A,A,A,16,19,18,10,21,23,18,8,11,12,10,7,
花蓮,2024/07/19 00:00:00,PM2.5,4,4,3,2,1,3,4,5,8,5,3,2,0,1,0,3,6,5,1,0,2,4,4,3,
花蓮,2024/07/19 00:00:00,RAINFALL,0,0,0,0,0,0,0,0,0,0,0,0,0,0,0,0,0,0,0,0,0,0,0,0,
花蓮,2024/07/19 00:00:00,RH,78,83,85,86,85,85,84,72,61,64,69,70,72,72,71,74,73,75,76,76,76,75,75,77,
花蓮,2024/07/19 00:00:00,SO2,0.8,0.7,0.4,0.5,0.3,0.5,0.4,0.5,1.4,0.5,0.1,0.2,0.3,0.2,0.1,0.2,0.1,0.1,0.3,0.8,0.7,0.8,0.8,0.8,
花蓮,2024/07/19 00:00:00,THC,1.89,1.93,1.89,1.89,1.84,1.85,1.9,1.87,1.88,1.81,1.81,1.8,1.79,1.78,1.79,1.78,1.79,1.81,1.81,1.81,1.82,1.85,1.85,1.87,
花蓮,2024/07/19 00:00:00,WD_HR,198,206,208,204,206,214,212,209,180,133,141,141,144,139,142,146,142,154,177,180,181,194,211,202,
花蓮,2024/07/19 00:00:00,WIND_DIREC,215,216,215,210,210,218,213,195,132,130,137,145,144,135,147,136,140,155,176,174,162,201,198,210,
花蓮,2024/07/19 00:00:00,WIND_SPEED,2.1,2.4,1.8,2.2,2.4,2.9,2.8,3.1,2.5,3.1,3.3,2.7,3.2,2.8,3.1,2.9,2.5,1.8,1.7,1.6,1.2,1.7,1.7,1.1,
花蓮,2024/07/19 00:00:00,WS_HR,0.9,2.1,1.7,2.1,2.3,2.3,2.6,2.7,2.1,2.3,2.6,2.6,2.6,2.5,2.5,2.1,2,1.6,1.4,1.6,1.3,1.2,1.8,1.5,
花蓮,2024/07/20 00:00:00,AMB_TEMP,29.9,29.4,29,28.8,28.3,28.3,29.1,30.5,32.5,32.5,32.7,32.8,33.1,33.2,33,32.7,32.1,31.5,31.1,31.1,30.7,30.6,30.7,30.1,
花蓮,2024/07/20 00:00:00,CH4,1.89,1.89,1.89,1.85,1.87,1.85,1.89,1.89,1.87,1.81,1.81,#,1.8,1.8,1.8,1.8,1.8,1.81,1.81,1.82,1.84,1.84,1.85,1.85,
花蓮,2024/07/20 00:00:00,CO,0.09,0.09,0.08,0.08,0.08,0.09,0.11,0.11,0.12,0.09,0.09,0.08,0.08,0.08,0.08,0.08,0.09,0.12,0.13,0.14,0.2,0.19,0.16,0.1,
花蓮,2024/07/20 00:00:00,NMHC,0,0,0,0,0,0,0,0,0,0,0,#,0,0,0,0,0,0,0,0.01,0.04,0.04,0.03,0.01,
花蓮,2024/07/20 00:00:00,NO,1,0.3,0.5,0.5,0.4,0.4,1.4,1.5,2.5,1.1,1.1,0.8,1,0.8,0.9,1.3,0.7,1,1.3,1,1.5,1.8,1,0.8,
花蓮,2024/07/20 00:00:00,NO2,1.5,1.9,1.7,1.7,1.8,1.6,1.7,1.7,2,1.3,1.1,1.2,1.2,1.1,1.2,1.7,1.2,1.5,2.1,2.1,3.4,3.8,4.5,2.9,
花蓮,2024/07/20 00:00:00,NOx,2.5,2.3,2.2,2.2,2.2,2.1,3.2,3.2,4.6,2.4,2.3,2.1,2.2,1.9,2.2,3.1,1.9,2.5,3.4,3.2,5,5.6,5.5,3.8,
花蓮,2024/07/20 00:00:00,O3,7.9,6.5,5.7,5,4.7,4.3,5.3,7.6,11.7,11.9,13.8,17.7,19.2,18.1,16.2,19.3,17.7,10,8.6,10.2,5,4.7,5,6.1,
花蓮,2024/07/20 00:00:00,PM10,11,11,11,12,16,9,15,16,13,9,10,11,8,10,9,15,11,18,17,14,16,12,14,13,
花蓮,2024/07/20 00:00:00,PM2.5,4,2,3,4,2,4,6,4,4,2,3,2,1,2,2,1,0,2,1,3,10,6,1,0,
花蓮,2024/07/20 00:00:00,RAINFALL,0,0,0,0,0,0,0,0,0,0,0,0,0,0,0,0,0,0,0,0,0,0,0,0,
花蓮,2024/07/20 00:00:00,RH,77,77,80,77,80,77,74,69,64,71,72,73,72,73,73,73,75,77,78,77,74,70,73,74,
花蓮,2024/07/20 00:00:00,SO2,0.9,0.3,0.4,0.7,0.8,0.6,0.6,0.5,0.9,0,0,0,0,0.1,0.2,0.2,0.3,0.1,0.2,0.6,1.2,1,1,0.7,
花蓮,2024/07/20 00:00:00,THC,1.88,1.88,1.87,1.84,1.86,1.84,1.88,1.88,1.87,1.8,1.79,#,1.79,1.78,1.8,1.8,1.79,1.81,1.81,1.83,1.88,1.88,1.88,1.86,
花蓮,2024/07/20 00:00:00,WD_HR,214,207,200,217,208,212,199,211,162,134,141,139,144,141,137,118,125,132,158,162,289,286,237,212,
花蓮,2024/07/20 00:00:00,WIND_DIREC,223,201,193,211,220,219,198,195,130,134,137,137,138,127,134,126,123,146,193,251,293,282,175,226,
花蓮,2024/07/20 00:00:00,WIND_SPEED,2.4,2.2,1.8,2.2,2.2,2.3,2.5,2.2,2.9,2.8,3.1,3.2,3,2.7,2.7,2.3,2.1,1.5,1.3,1.2,1.1,1.2,1.2,1.7,
花蓮,2024/07/20 00:00:00,WS_HR,2,1.9,1.9,1.8,1.9,2.2,2.4,2.4,1.7,2.4,2.5,2.6,2.5,2.3,2.2,2,1.7,1.4,0.9,0.7,1.3,1.3,0.7,1.5,
花蓮,2024/07/21 00:00:00,AMB_TEMP,29.8,29.3,28.9,28.7,28.3,28.3,29,30.2,32.1,32.8,33.1,33,33.4,33.4,33.4,32.9,32,31.3,31,30.8,30.5,30.6,30.5,30.1,
花蓮,2024/07/21 00:00:00,CH4,1.84,1.85,1.9,1.85,1.87,1.88,1.85,1.88,1.84,1.84,1.83,1.83,1.83,1.83,1.83,1.82,1.82,1.82,1.82,1.83,1.85,1.85,1.86,1.85,
花蓮,2024/07/21 00:00:00,CO,0.11,0.09,0.09,0.09,0.09,0.09,0.1,0.15,0.13,0.12,0.09,0.09,0.09,0.09,0.09,0.08,0.11,0.12,0.12,0.14,0.17,0.17,0.15,0.12,
花蓮,2024/07/21 00:00:00,NMHC,0.01,0,0,0,0,0,0,0.01,0,0,0,0,0,0,0,0,0,0,0,0.01,0.01,0.01,0.02,0.01,
花蓮,2024/07/21 00:00:00,NO,0.9,0.8,0.6,0.7,0.7,0.8,1,1.6,3,3.7,1.3,1.4,0.5,0.8,1,0.8,0.8,0.9,0.9,1.1,1.5,0.9,1.2,0.8,
花蓮,2024/07/21 00:00:00,NO2,2.3,1.6,1.6,1.4,1.5,1.7,1.2,2.2,2.7,3.1,1.2,1.2,0.8,0.7,0.6,0.6,1,1.5,1.6,2.3,3.7,3.3,3.9,3,
花蓮,2024/07/21 00:00:00,NOx,3.3,2.5,2.3,2.1,2.3,2.5,2.2,3.8,5.7,6.8,2.5,2.6,1.4,1.6,1.6,1.5,1.8,2.4,2.5,3.4,5.2,4.3,5.1,3.9,
花蓮,2024/07/21 00:00:00,O3,5.8,5.2,5.8,4.5,4.1,5,6.7,8.1,11.9,14.6,18.1,22,23.2,22.5,18.8,22,22.3,19.2,15.8,14.2,10.8,11.2,9,9.6,
花蓮,2024/07/21 00:00:00,PM10,12,14,13,13,15,8,11,21,14,12,17,10,12,11,7,10,14,16,15,20,23,18,18,16,
花蓮,2024/07/21 00:00:00,PM2.5,0,0,3,1,2,0,0,0,2,2,0,0,3,4,1,0,4,4,3,3,5,4,2,3,
花蓮,2024/07/21 00:00:00,RAINFALL,0,0,0,0,0,0,0,0,0,0,0,0,0,0,0,0,0,0,0,0,0,0,0,0,
花蓮,2024/07/21 00:00:00,RH,75,75,82,73,74,77,64,63,61,58,60,63,63,65,65,69,73,75,76,75,73,70,73,73,
花蓮,2024/07/21 00:00:00,SO2,0.6,0.1,0.2,0.4,0.4,0.3,0.3,0.4,0.3,0,0,0,0,0.1,0.1,0,0,0,0.1,0.2,0.3,0.4,0.7,0.7,
花蓮,2024/07/21 00:00:00,THC,1.85,1.85,1.88,1.84,1.86,1.87,1.84,1.89,1.83,1.82,1.8,1.8,1.8,1.8,1.8,1.79,1.8,1.81,1.81,1.84,1.86,1.86,1.88,1.86,
花蓮,2024/07/21 00:00:00,WD_HR,227,194,212,234,204,214,222,108,64,80,98,102,97,102,108,128,132,135,169,222,306,277,258,288,
花蓮,2024/07/21 00:00:00,WIND_DIREC,218,209,212,220,201,196,155,56,92,104,95,106,96,128,94,130,154,131,182,290,305,269,288,294,
花蓮,2024/07/21 00:00:00,WIND_SPEED,2.1,2,1.6,1.8,3.3,2,0.6,1.7,1.7,2.6,3,3.2,2.8,2.5,2.1,2.7,1.7,1.3,1.1,1.4,1.3,1.2,1.5,1.1,
花蓮,2024/07/21 00:00:00,WS_HR,1.4,1.8,1.9,1.5,2.4,2.1,0.9,0.5,1.3,1,2.2,2.8,2.3,1.9,2.1,2.2,1.7,1.1,1.1,0.7,1.3,1,0.9,0.9,
花蓮,2024/07/22 00:00:00,AMB_TEMP,29.9,29.2,28.8,28.7,28.7,28.2,29,31.2,32.6,33.7,33.9,34,34.1,34.4,34,33.6,33.3,32.6,31.8,31.3,31.3,31.3,31.3,30.9,
花蓮,2024/07/22 00:00:00,CH4,1.86,1.87,1.92,1.87,1.88,1.9,1.88,1.85,1.83,1.82,1.82,1.83,1.83,1.83,1.83,1.82,1.83,1.83,1.83,1.84,1.85,1.86,1.84,1.85,
花蓮,2024/07/22 00:00:00,CO,0.11,0.09,0.09,0.09,0.09,0.11,0.14,0.14,0.13,0.1,0.1,0.11,0.1,0.11,0.1,0.1,0.11,0.15,0.15,0.19,0.33,0.51,0.55,0.32,
花蓮,2024/07/22 00:00:00,NMHC,0,0.01,0,0,0,0.01,0.01,0,0,0,0,0,0,0,0,0,0,0,0.01,0.01,0.03,0.02,0,0,
花蓮,2024/07/22 00:00:00,NO,0.7,0.8,0.7,0.9,0.9,0.7,1.9,2.8,4,2.5,1.9,1.6,1.4,1.4,1.5,1.5,1.6,1.8,1.5,1.2,2.5,5,2.2,1.4,
花蓮,2024/07/22 00:00:00,NO2,2.6,2.1,1.6,1.8,1.8,2.6,2.5,2.9,3.8,2.3,1.8,1.9,1.6,1.2,1.5,1.4,1.9,2.6,3.3,3.7,9.8,12.6,10.5,6.9,
花蓮,2024/07/22 00:00:00,NOx,3.3,2.9,2.3,2.7,2.7,3.4,4.4,5.8,7.8,4.8,3.7,3.5,3,2.7,3.1,2.9,3.6,4.5,4.8,5,12.3,17.6,12.7,8.4,
花蓮,2024/07/22 00:00:00,O3,9.8,5.2,6,5.8,6.5,4.7,6.8,10.7,10.8,13.4,17.7,20.1,19.6,20.7,19.2,17.4,16.7,14.8,12.1,11.3,4,1,2.8,5.1,
花蓮,2024/07/22 00:00:00,PM10,13,13,14,9,13,10,18,12,17,15,22,21,19,16,16,18,14,15,15,22,18,27,23,15,
花蓮,2024/07/22 00:00:00,PM2.5,2,3,2,9,5,1,5,5,2,1,6,6,3,1,4,3,1,1,2,3,2,2,4,5,
花蓮,2024/07/22 00:00:00,RAINFALL,0,0,0,0,0,0,0,0,0,0,0,0,0,0,0,0,0,0,0,0,0,0,0,0,
花蓮,2024/07/22 00:00:00,RH,72,76,77,75,75,75,71,67,59,56,59,60,57,53,59,61,60,62,67,72,67,66,65,64,
花蓮,2024/07/22 00:00:00,SO2,0.7,0,0,0,0.1,0.1,0,0,0.4,#,0.5,0.8,1,0.9,1,1,0.9,1,1.1,1,1.5,2.2,3,2.2,
花蓮,2024/07/22 00:00:00,THC,1.86,1.88,1.9,1.86,1.87,1.91,1.89,1.85,1.82,1.81,1.8,1.81,1.81,1.82,1.82,1.82,1.83,1.83,1.84,1.85,1.88,1.88,1.84,1.85,
花蓮,2024/07/22 00:00:00,WD_HR,273,217,219,228,271,235,207,35,48,92,90,89,91,66,67,67,60,61,49,44,8,2,34,310,
花蓮,2024/07/22 00:00:00,WIND_DIREC,231,229,215,270,256,239,220,70,56,104,75,91,87,77,62,51,41,67,43,33,20,45,37,344,
花蓮,2024/07/22 00:00:00,WIND_SPEED,1.4,1.8,1.5,1.1,0.8,1.8,1.3,1.7,2,3.1,2.6,4.4,4.1,3.6,3.6,2.9,2.8,2.7,2.5,2,1.8,2.1,1.9,0.9,
花蓮,2024/07/22 00:00:00,WS_HR,0.9,1.2,1.3,1.2,0.8,1.3,1.2,0.5,1.3,2.3,3.1,3.4,3.4,2.7,2.8,2.9,2.8,2.1,1.8,1.7,1.4,1.2,1.1,1,
花蓮,2024/07/23 00:00:00,AMB_TEMP,30.6,30.1,30,29.3,27.9,27.7,27.9,29.6,31.8,31.9,31.5,30.7,29.8,31.5,29.6,28.5,26.2,27.1,28.4,27.9,27,26.4,26.6,26.7,
花蓮,2024/07/23 00:00:00,CH4,1.85,1.87,1.87,1.88,1.85,1.84,1.83,1.84,1.84,1.82,1.83,1.83,1.84,1.84,1.83,1.84,1.84,1.85,1.86,1.84,1.85,1.85,1.85,1.86,
花蓮,2024/07/23 00:00:00,CO,0.27,0.23,0.21,0.16,0.11,0.11,0.19,0.24,0.33,0.14,0.18,0.17,0.16,0.3,0.18,0.23,0.16,0.27,0.3,0.18,0.18,0.16,0.13,0.12,
花蓮,2024/07/23 00:00:00,NMHC,0,0.01,0,0,0,0,0,0.02,0.01,0,0,0.01,0,0,0,0,0.02,0.04,0.04,0.01,0.01,0,0,0,
花蓮,2024/07/23 00:00:00,NO,0.9,0.2,0.1,0.1,0.2,0.2,1.3,3.1,6.2,2.1,1.2,0.8,0.7,1.9,1.5,2.1,0.7,1.8,4.3,0.9,0.6,0.9,0.4,0.3,
花蓮,2024/07/23 00:00:00,NO2,5.7,5,4.3,3.3,1.9,1.6,3.5,3.5,5.2,2.6,2.7,3.1,3.2,3.6,2.8,5.8,2.5,7,12.1,6.2,5.7,7.2,3.9,2.9,
花蓮,2024/07/23 00:00:00,NOx,6.6,5.3,4.4,3.4,2.2,1.8,4.9,6.7,11.4,4.8,3.9,3.9,3.9,5.5,4.4,8,3.3,8.9,16.5,7.1,6.4,8.1,4.4,3.2,
花蓮,2024/07/23 00:00:00,O3,6,5.6,5.5,6.2,9.2,8.5,5.1,7,9.3,16.7,19.9,20,18.5,19.2,18.7,13.6,16.2,10.5,5.5,12.3,10.9,9.3,12.7,13.2,
花蓮,2024/07/23 00:00:00,PM10,14,10,14,11,13,15,17,17,23,12,14,11,18,13,16,13,9,13,13,13,11,9,9,9,
花蓮,2024/07/23 00:00:00,PM2.5,0,0,4,4,0,0,4,4,1,5,4,4,3,1,4,7,3,1,2,2,2,1,1,0,
花蓮,2024/07/23 00:00:00,RAINFALL,0,0,0,0,10,0,0,0,0,0,0,0,0,0,3,1.5,6,0,0,0.5,1,8.5,1.5,7.5,
花蓮,2024/07/23 00:00:00,RH,65,67,66,67,89,93,90,83,66,70,74,75,83,70,80,87,92,91,85,87,88,90,89,90,
花蓮,2024/07/23 00:00:00,SO2,1.9,0.7,0.4,0.6,0.4,0.3,0.4,0.2,0.5,0.1,0,0,0,0.3,0,0.2,0.3,0.5,0.6,0.4,0.4,0.5,0.6,0.4,
花蓮,2024/07/23 00:00:00,THC,1.85,1.88,1.86,1.88,1.82,1.82,1.83,1.86,1.85,1.81,1.83,1.84,1.84,1.83,1.82,1.84,1.86,1.89,1.9,1.85,1.86,1.85,1.85,1.85,
花蓮,2024/07/23 00:00:00,WD_HR,285,239,286,218,49,19,305,263,59,50,53,44,58,38,36,59,3,355,18,44,342,340,330,306,
花蓮,2024/07/23 00:00:00,WIND_DIREC,286,176,247,225,45,3,230,41,48,57,50,68,47,53,10,68,357,2,16,49,339,352,329,317,
花蓮,2024/07/23 00:00:00,WIND_SPEED,1.6,0.3,1.3,1.5,2.1,1.3,0.9,1.3,2.9,2.8,2.7,2.7,2.7,3.2,2.8,6.1,2.8,2,2.1,3.7,1.3,2.1,2.5,2.5,
花蓮,2024/07/23 00:00:00,WS_HR,1.3,0.4,0.9,1.2,1.5,1.2,1.4,0.3,2,2.6,2.4,2.1,2.1,2.1,2.5,2.7,1.8,1.8,1.2,1.8,1.5,1.5,1.3,1,
花蓮,2024/07/24 00:00:00,AMB_TEMP,26.6,27.1,26.4,27.5,27.6,26.8,26.1,25.8,26.1,27.7,26.8,26.6,26.4,26.2,26.2,26.6,28.4,26.7,26.8,x,28.8,28.1,28.2,28.1,
花蓮,2024/07/24 00:00:00,CH4,1.86,1.86,1.86,1.85,1.86,1.85,1.87,1.86,1.86,1.88,1.88,1.9,1.91,1.88,1.89,1.9,1.88,1.84,1.84,1.84,1.85,1.85,1.86,1.87,
花蓮,2024/07/24 00:00:00,CO,0.1,0.1,0.1,0.1,0.11,0.12,0.13,0.14,0.15,0.14,0.14,0.14,0.12,0.12,0.12,0.12,0.13,0.1,0.11,0.11,0.11,0.11,0.11,0.1,
花蓮,2024/07/24 00:00:00,NMHC,0,0,0,0,0,0,0,0,0.01,0,0.01,0.01,0,0,0,0,0,0,0,0,0,0,0,0,
花蓮,2024/07/24 00:00:00,NO,0.4,0,0.2,0.1,0.3,0.1,0.2,0.6,1,0.8,0.9,1,0.8,0.7,0.5,0.2,0.4,0.6,0.1,0.1,0.4,0.4,0.5,0.2,
花蓮,2024/07/24 00:00:00,NO2,1.7,1.5,1.5,1.4,2,2.7,2.4,2.9,2.9,2,2.4,2.1,1.4,1.3,1.5,1.4,1.4,1.7,1.1,0.9,1.4,1.2,1.7,1.1,
花蓮,2024/07/24 00:00:00,NOx,2.2,1.6,1.7,1.6,2.3,2.8,2.6,3.6,4,2.8,3.4,3.2,2.3,2,2,1.7,1.9,2.3,1.3,1,1.8,1.7,2.2,1.3,
花蓮,2024/07/24 00:00:00,O3,16.3,18,17.9,17.2,17,15.8,12.3,10.2,11.7,12.8,11.8,12.4,13.3,15.3,15,14.4,16.2,22.7,25.4,25.5,24,22.8,19.2,20,
花蓮,2024/07/24 00:00:00,PM10,8,7,6,7,9,13,8,4,3,7,8,6,3,1,8,12,11,10,21,21,25,6,13,7,
花蓮,2024/07/24 00:00:00,PM2.5,0,0,0,1,1,3,2,2,3,2,0,0,0,0,3,0,0,2,9,7,7,4,2,0,
花蓮,2024/07/24 00:00:00,RAINFALL,5.5,4.5,14,0.5,1.5,6.5,9,6,10.5,1.5,5,7.5,2,4,1.5,1,3.5,74,76,31,45,15,4.5,3,
花蓮,2024/07/24 00:00:00,RH,91,89,92,88,88,92,94,95,96,90,93,95,96,95,93,91,82,94,95,73,100,100,99,99,
花蓮,2024/07/24 00:00:00,SO2,0.5,0.3,0.2,0.2,0.3,0.2,0.3,0.4,0.4,0.4,0.4,0.3,0.3,0.4,0.4,0.4,0.6,0.4,0.3,0.3,0.5,1.1,1,0.8,
花蓮,2024/07/24 00:00:00,THC,1.84,1.84,1.83,1.83,1.84,1.82,1.86,1.86,1.87,1.87,1.89,1.91,1.9,1.88,1.88,1.88,1.86,1.82,1.82,1.81,1.81,1.82,1.84,1.84,
花蓮,2024/07/24 00:00:00,WD_HR,339,358,310,333,311,325,254,233,247,200,227,227,214,208,197,202,173,337,0,36,72,10,238,209,
花蓮,2024/07/24 00:00:00,WIND_DIREC,21,45,306,29,52,213,274,221,215,164,204,221,208,216,196,193,59,332,43,49,67,341,212,214,
花蓮,2024/07/24 00:00:00,WIND_SPEED,1.6,1.6,2.3,2,2,1.1,2.2,2.6,2,1.2,1.9,3.4,4.2,2.9,5.4,5,2.3,14.8,8.4,6.4,7.2,4.2,6.5,4.2,
花蓮,2024/07/24 00:00:00,WS_HR,1.3,1.4,1.7,1.1,0.6,1.2,0.9,1.5,1.3,1.7,2.5,3.1,4.6,2.4,3.5,5.2,1.6,7.5,9.4,5.3,5.4,3.4,3.2,6,
花蓮,2024/07/25 00:00:00,AMB_TEMP,28.2,28.4,28,27.7,27.6,27.8,27.8,27.9,27.9,28.5,28.6,28.7,28.8,28.9,28.8,28.5,28,27.9,27.7,27.4,27.2,27.2,27.3,27.4,
花蓮,2024/07/25 00:00:00,CH4,1.88,1.89,1.92,1.91,1.9,1.89,1.9,1.93,1.93,1.9,1.91,1.9,1.91,1.94,1.94,1.92,1.92,1.94,1.95,1.95,1.99,1.97,1.99,2.03,
花蓮,2024/07/25 00:00:00,CO,0.1,0.09,0.09,0.1,0.1,0.11,0.12,0.17,0.21,0.14,0.18,0.15,0.2,0.16,0.15,0.14,0.16,0.28,0.28,0.22,0.15,0.15,0.13,0.14,
花蓮,2024/07/25 00:00:00,NMHC,0,0,0,0,0,0.01,0.02,0.05,0.05,0,0.02,0.01,0.04,0.02,0.01,0,0.02,0.11,0.1,0.08,0.02,0.02,0,0.01,
花蓮,2024/07/25 00:00:00,NO,0.2,0.6,0.3,0.4,0.6,0.5,0.7,0.5,0.8,0.6,1,0.9,1,0.8,0.7,0.7,0.9,1,1.1,0.9,0.4,0.4,0.6,0.5,
花蓮,2024/07/25 00:00:00,NO2,1,1.4,1.3,1.3,1.4,1.6,2.1,3.2,4.8,2.6,3.9,3.4,3.9,3.4,2.8,2.3,3.2,7,9.6,7.1,4.6,3.9,2.4,2.5,
花蓮,2024/07/25 00:00:00,NOx,1.2,2,1.7,1.7,2,2.2,2.8,3.7,5.6,3.2,4.9,4.4,4.9,4.2,3.5,3.1,4.1,8,10.8,8,5,4.4,3.1,3,
花蓮,2024/07/25 00:00:00,O3,18.3,16.6,16.9,19.4,15.7,14.4,15.5,15.4,16.2,25.5,22.5,25.8,24.3,23.9,24.4,25.4,25.4,19.6,15.7,14.4,17.8,17.3,19.1,16.6,
花蓮,2024/07/25 00:00:00,PM10,5,5,3,4,4,4,3,5,8,16,5,20,6,19,23,3,6,8,10,9,11,14,12,12,
花蓮,2024/07/25 00:00:00,PM2.5,0,1,1,1,2,2,0,0,0,6,5,6,2,1,3,3,3,5,11,6,2,2,2,1,
花蓮,2024/07/25 00:00:00,RAINFALL,0,2,7.5,8,5,4,3,5,3,4,4,2,1.5,1.5,1.5,1.5,2,0.5,2,1,1.5,1,0,0,
花蓮,2024/07/25 00:00:00,RH,98,98,99,99,100,99,99,99,99,98,99,98,98,98,98,98,97,98,99,99,99,99,99,99,
花蓮,2024/07/25 00:00:00,SO2,0.9,0.6,0.5,0.5,0.5,0.4,0.4,0.7,0.8,0.6,0.8,0.8,1.1,1,0.8,0.8,0.7,0.6,0.5,0.7,0.6,0.7,0.8,0.7,
花蓮,2024/07/25 00:00:00,THC,1.85,1.87,1.9,1.89,1.89,1.9,1.92,1.98,1.98,1.89,1.93,1.91,1.95,1.96,1.95,1.92,1.94,2.05,2.05,2.03,2.01,1.99,1.99,2.04,
花蓮,2024/07/25 00:00:00,WD_HR,194,207,205,200,216,240,257,225,263,185,203,182,232,184,173,194,203,310,285,232,212,231,210,216,
花蓮,2024/07/25 00:00:00,WIND_DIREC,196,223,206,205,248,253,225,247,212,218,287,209,285,245,240,175,95,305,207,210,222,212,212,218,
花蓮,2024/07/25 00:00:00,WIND_SPEED,2.6,1.8,2.8,1.3,0.4,0.3,0.3,0.3,0.3,1.1,0.5,0.5,0.9,0.5,0.4,0.5,0.3,1.1,0.3,0.5,1.2,1.4,1.4,2,
花蓮,2024/07/25 00:00:00,WS_HR,3.5,2.4,1.1,1.8,0.5,0.3,0.2,0.2,0.5,3,0.5,1.6,0.4,0.5,0.4,0.3,0.3,0.7,0.4,0.4,1.5,1.7,1.4,1.4,
花蓮,2024/07/26 00:00:00,AMB_TEMP,27.2,27.2,27.6,27.6,27.6,27.3,27.8,28.3,29.5,29.3,29.3,30.2,30.7,31.2,31.2,30.8,30.6,30.3,30.2,30.1,29.7,30,29.6,29,
花蓮,2024/07/26 00:00:00,CH4,2.05,2.08,2.07,2.03,1.98,1.98,1.94,2.03,1.94,1.93,1.97,1.95,1.96,1.91,1.9,1.87,1.86,1.86,1.9,1.93,1.95,1.87,1.87,1.92,
花蓮,2024/07/26 00:00:00,CO,0.12,0.13,0.14,0.16,0.15,0.17,0.23,0.3,0.44,0.33,0.2,0.17,0.18,0.17,0.19,0.21,0.21,0.21,0.32,0.49,0.28,0.15,0.13,0.14,
花蓮,2024/07/26 00:00:00,NMHC,0,0.02,0.04,0.07,0.07,0.08,0.07,0.1,0.15,0.11,0.04,0.03,0.08,0.04,0.08,0.06,0.04,0.03,0.1,0.19,0.1,0,0,0.01,
花蓮,2024/07/26 00:00:00,NO,0.4,0,0,0,0,0.2,0.6,0.7,2.5,2,1.4,1.4,1,1.1,0.7,0.4,0.7,0.2,0.4,1.8,1.9,0.1,0,0,
花蓮,2024/07/26 00:00:00,NO2,1.8,1.6,2.3,2.7,2.5,3.1,3.9,4.3,7.5,8.3,4.9,3.3,2.6,2.6,3,3.5,4.1,3.6,6.5,11,7.2,2.6,1.6,2.6,
花蓮,2024/07/26 00:00:00,NOx,2.3,1.5,2.4,2.7,2.4,3.4,4.6,5,10.1,10.3,6.3,4.7,3.6,3.7,3.8,4,4.8,3.9,6.9,12.9,9.2,2.7,1.4,2.5,
花蓮,2024/07/26 00:00:00,O3,15.5,12.4,12.5,9.2,8.1,5.7,7.5,9.2,12.8,15.2,13.9,15.1,17.1,17.6,17.1,16.8,16.4,18.1,11,2.9,5.9,16.2,18.1,11.1,
花蓮,2024/07/26 00:00:00,PM10,9,11,14,15,16,18,18,17,28,23,24,15,15,16,44,75,80,88,81,49,61,53,28,24,
花蓮,2024/07/26 00:00:00,PM2.5,0,5,7,5,3,1,4,4,10,9,7,4,5,5,12,26,26,24,27,10,17,13,14,8,
花蓮,2024/07/26 00:00:00,RAINFALL,0,0,0,0,0,0,0,0,0,1,0,0,0,0,0,0,0,0,0,0,0,0,0.5,11,
花蓮,2024/07/26 00:00:00,RH,99,99,99,99,99,99,98,98,95,95,95,90,89,88,89,92,92,92,92,93,94,92,93,97,
花蓮,2024/07/26 00:00:00,SO2,0.5,0.2,0.4,0.3,0.4,0.3,0.4,0.6,0.7,0.8,1.3,1.1,0.6,0.9,1,0.3,0.1,0.2,0.3,0.5,0.4,0.4,0.4,0.6,
花蓮,2024/07/26 00:00:00,THC,2.05,2.1,2.11,2.1,2.05,2.06,2.01,2.13,2.09,2.04,2.01,1.98,2.04,1.95,1.98,1.93,1.9,1.89,2,2.12,2.05,1.87,1.85,1.93,
花蓮,2024/07/26 00:00:00,WD_HR,226,160,284,297,335,280,299,338,25,217,192,212,180,187,154,151,158,177,173,230,171,171,177,188,
花蓮,2024/07/26 00:00:00,WIND_DIREC,238,140,317,247,227,298,155,340,175,214,202,202,163,156,152,153,153,168,174,158,173,174,200,208,
花蓮,2024/07/26 00:00:00,WIND_SPEED,1.4,0.6,0.4,0.3,0.3,1.4,0.4,1,0.4,1,2.4,2.5,2.3,1.5,1.2,1.1,1.3,0.5,0.8,0.3,1.2,2.3,1.6,3,
花蓮,2024/07/26 00:00:00,WS_HR,1.7,0.4,0.3,0.2,0.2,0.3,0.3,0,0.1,0.8,2,2.3,2,1.7,1,0.9,1,0.9,0.5,0.2,0.7,1.7,2,1.3,
花蓮,2024/07/27 00:00:00,AMB_TEMP,28.6,28.4,28.3,28.5,28,27.9,28.1,28.2,28.4,28.8,29,28.7,28.5,28.1,28.8,29.2,29.6,29.7,29.4,29.1,28.9,28.8,28.8,28.3,
花蓮,2024/07/27 00:00:00,CH4,1.9,1.89,1.92,1.91,1.92,1.89,1.9,1.91,1.95,1.93,1.9,1.88,1.88,1.88,1.88,1.91,1.91,1.9,1.92,1.94,1.99,1.99,1.99,2.01,
花蓮,2024/07/27 00:00:00,CO,0.13,0.12,0.12,0.12,0.12,0.13,0.14,0.2,0.21,0.26,0.24,0.21,0.21,0.15,0.16,0.17,0.17,0.18,0.18,0.19,0.19,0.17,0.16,0.15,
花蓮,2024/07/27 00:00:00,NMHC,0,0,0,0,0,0,0,0.02,0.02,0.06,0.04,0.05,0.04,0.01,0.01,0.01,0.02,0.01,0.02,0.02,0.03,0.02,0.02,0,
花蓮,2024/07/27 00:00:00,NO,0,0.1,0,0,0,0,0,0.4,0.9,2.6,2.3,1.4,1.6,0.6,1.9,0.6,0.5,0.4,0.4,0.3,0.2,0,0.4,0.1,
花蓮,2024/07/27 00:00:00,NO2,1.6,0.9,0.5,0.7,0.7,0.7,1.3,2.5,4.5,6.8,6.1,5.2,5.1,3.1,1.4,3.1,3.2,3.3,2.9,3,3.1,3.2,2.8,2.2,
花蓮,2024/07/27 00:00:00,NOx,1.4,1.1,0.5,0.7,0.7,0.8,1.3,2.9,5.4,9.4,8.5,6.6,6.7,3.7,3.4,3.8,3.8,3.7,3.4,3.3,3.4,3.2,3.3,2.3,
花蓮,2024/07/27 00:00:00,O3,14,16.8,16.3,15.9,15.2,13.7,14.8,13.5,12.1,9.6,11.8,13.8,13.5,18.2,18.3,16.3,15.5,14.8,13.4,12,9.7,9,8,6.1,
花蓮,2024/07/27 00:00:00,PM10,15,7,9,7,4,7,7,14,9,23,30,25,13,7,2,9,8,9,17,12,15,15,25,22,
花蓮,2024/07/27 00:00:00,PM2.5,4,3,4,2,3,3,1,2,3,4,10,11,8,4,3,3,1,1,2,4,4,5,3,2,
花蓮,2024/07/27 00:00:00,RAINFALL,12,1.5,0,4,8,1,3,0.5,0.5,0,0.5,3.5,8,8.5,0,0,0,0,0,0,0,0,0,0,
花蓮,2024/07/27 00:00:00,RH,99,99,99,99,100,100,99,99,99,99,99,99,100,100,98,98,94,93,93,94,95,96,95,96,
花蓮,2024/07/27 00:00:00,SO2,0.4,0.9,0.9,0.9,1,0.9,0.9,1.8,1.2,1.3,1.2,1.1,1.2,1.1,0.9,3.1,1.7,1.3,1.3,2.1,1.1,1.3,1.1,1,
花蓮,2024/07/27 00:00:00,THC,1.89,1.87,1.9,1.89,1.9,1.88,1.89,1.93,1.97,1.99,1.94,1.93,1.92,1.89,1.89,1.92,1.93,1.91,1.94,1.96,2.02,2.01,2.01,2.01,
花蓮,2024/07/27 00:00:00,WD_HR,219,216,199,210,216,220,218,173,177,242,128,148,213,216,199,182,185,208,179,205,191,194,204,209,
花蓮,2024/07/27 00:00:00,WIND_DIREC,226,204,208,187,242,223,187,182,141,167,184,152,230,185,185,192,190,210,183,200,172,199,187,213,
花蓮,2024/07/27 00:00:00,WIND_SPEED,2,2.2,1.3,2.2,1.2,2.2,0.9,1.4,1.2,0.4,1,1,2.8,2.1,3.3,2.5,2.2,3,2.3,1.8,1.3,2.4,2.4,2.8,
花蓮,2024/07/27 00:00:00,WS_HR,2.2,2.1,0.9,2,1.3,1.6,1.8,0.7,1.4,0.4,0.5,0.7,1,2.2,2.8,2.3,2.5,2.6,2.1,1.9,1.6,1.8,1.8,2.6,
花蓮,2024/07/28 00:00:00,AMB_TEMP,28.2,27.9,27.9,27.8,28,27.9,28.4,30.1,31.8,32.6,33.2,33.4,33.1,33.5,33.5,33.5,32.8,31.6,30.6,30.8,30.8,30.9,30.6,30.2,
花蓮,2024/07/28 00:00:00,CH4,1.97,2.04,1.99,1.96,1.94,1.97,1.97,1.97,1.96,1.86,1.82,1.82,1.82,1.81,1.81,1.81,1.81,1.81,1.81,1.81,1.82,1.83,1.85,1.85,
花蓮,2024/07/28 00:00:00,CO,0.14,0.13,0.12,0.11,0.11,0.13,0.13,0.15,0.16,0.15,0.12,0.12,0.11,0.1,0.09,0.09,0.1,0.11,0.12,0.12,0.1,0.18,0.18,0.13,
花蓮,2024/07/28 00:00:00,NMHC,0,0.01,0,0,0,0,0,0,0.01,0,0,0,0,0,0,0,0,0,0,0,0,0.04,0.05,0.03,
花蓮,2024/07/28 00:00:00,NO,0,1.1,0.6,0.4,0.6,0.7,0.9,1.1,1.4,1.2,0.8,0.9,1.1,0.8,0.9,0.9,0.7,0.5,0.6,0.6,0.8,0.8,1,1.1,
花蓮,2024/07/28 00:00:00,NO2,1.5,1.9,1.3,1.1,1.1,1.3,1.1,1.1,1.4,1.6,1.2,1.2,1,0.9,0.7,0.7,0.9,1.2,1.6,2,1.9,3.4,4.4,3.3,
花蓮,2024/07/28 00:00:00,NOx,1.4,3,2,1.6,1.8,2.1,2,2.2,2.8,2.9,2.1,2.2,2.1,1.7,1.7,1.7,1.6,1.7,2.3,2.7,2.7,4.2,5.5,4.4,
花蓮,2024/07/28 00:00:00,O3,5.1,4.5,5.4,5.4,5.1,4.5,4.4,5.6,9.6,15.3,19,21.6,21,19.9,17.2,16.6,18.9,21,21.1,17.6,16.7,12.1,5.2,5.3,
花蓮,2024/07/28 00:00:00,PM10,31,21,28,23,28,24,31,29,24,30,29,23,27,21,19,19,19,17,21,15,18,17,20,22,
花蓮,2024/07/28 00:00:00,PM2.5,1,2,3,3,1,0,4,6,5,7,7,5,5,6,3,0,2,4,5,4,3,4,4,2,
花蓮,2024/07/28 00:00:00,RAINFALL,0,0,0,0,0,0,0,0,0,0,0,0,0,0,0,0,0,0,0,0,0,0,0,0,
花蓮,2024/07/28 00:00:00,RH,96,99,98,97,95,96,94,90,82,79,79,78,80,78,76,72,78,88,90,89,89,88,87,85,
花蓮,2024/07/28 00:00:00,SO2,1,1,0.5,0.5,0.5,0.5,0.6,0.6,0.8,1.6,0.7,0.5,0.5,0.4,0.6,0.6,0.7,0.8,0.9,0.9,0.7,0.8,0.9,0.9,
花蓮,2024/07/28 00:00:00,THC,1.97,2.05,1.97,1.95,1.93,1.97,1.97,1.97,1.97,1.86,1.82,1.81,1.8,1.8,1.8,1.79,1.79,1.79,1.8,1.8,1.8,1.87,1.9,1.88,
花蓮,2024/07/28 00:00:00,WD_HR,191,207,218,217,213,215,203,204,186,149,141,143,141,146,146,146,138,118,92,78,110,318,280,295,
花蓮,2024/07/28 00:00:00,WIND_DIREC,196,223,209,214,206,217,199,199,180,142,132,150,146,141,152,146,134,94,78,92,200,307,285,289,
花蓮,2024/07/28 00:00:00,WIND_SPEED,2.4,1.7,2.5,2.7,1.6,2,2.1,1.9,1.2,2.2,2.7,2.7,2.9,2.6,2.2,2.4,2.2,2,1.5,0.4,0.4,0.8,1.4,1,
花蓮,2024/07/28 00:00:00,WS_HR,2.2,1.3,2,2.4,2,2,2.1,2,1.5,1.7,2.1,2.4,2.6,2.3,2.3,2,1.9,1.5,1.4,0.5,0.2,0.4,0.6,1.1,
花蓮,2024/07/29 00:00:00,AMB_TEMP,30,29.1,28.9,28.7,28.5,28.5,29.5,31.5,32.4,32,31.2,31.2,33,33.2,30.9,28.7,28,28.2,28.7,28.8,28.7,28.7,28.8,28.7,
花蓮,2024/07/29 00:00:00,CH4,1.85,1.96,1.97,1.97,1.94,1.97,1.96,1.9,1.84,1.84,1.85,1.87,1.86,1.82,1.82,1.83,1.83,1.83,1.84,1.86,1.85,1.85,1.86,1.89,
花蓮,2024/07/29 00:00:00,CO,0.11,0.11,0.11,0.1,0.1,0.11,0.14,0.17,0.14,0.14,0.15,0.16,0.14,0.11,0.12,0.19,0.27,0.26,0.29,0.32,0.23,0.23,0.22,0.2,
花蓮,2024/07/29 00:00:00,NMHC,0.02,0.03,0,0,0,0,0.01,0.02,0,0,0,0,0,0,0,0,0.03,0.04,0.05,0.05,0.02,0.02,0.03,0.04,
花蓮,2024/07/29 00:00:00,NO,0.6,0.7,0.6,0.5,0.5,0.7,1.3,3.6,2.9,1.9,2.3,1.9,1.6,1,1.2,1.2,2.1,2.9,2.5,2.4,2.3,4.7,8.8,2,
花蓮,2024/07/29 00:00:00,NO2,2.5,2,1.1,1.3,1,1,1.5,2.4,3.1,3.2,3.8,2.4,2.2,1.5,2.3,3.6,6.5,6.9,9.8,10.4,8.4,8.7,7.6,4.9,
花蓮,2024/07/29 00:00:00,NOx,3.2,2.8,1.8,1.8,1.6,1.8,2.8,6,6.1,5.2,6.1,4.4,3.9,2.6,3.5,4.9,8.7,9.8,12.4,12.9,10.7,13.5,16.4,7,
花蓮,2024/07/29 00:00:00,O3,5.3,3,2.5,2.8,2.7,2.6,3.5,5.6,12.7,15.5,16.7,15.1,21.6,18.2,16.1,11.8,5.7,5.1,3.3,1.2,2,0,0,0.6,
花蓮,2024/07/29 00:00:00,PM10,20,22,19,20,22,20,23,20,16,20,16,20,14,16,14,13,16,6,17,13,15,16,20,23,
花蓮,2024/07/29 00:00:00,PM2.5,3,4,3,4,3,4,4,4,1,0,4,3,2,1,0,0,1,1,1,6,5,3,5,5,
花蓮,2024/07/29 00:00:00,RAINFALL,0,0,0,0,0,0,0,0,0,0,0,0,0,0,2.5,9,6.5,3,1,0,0,0,0,0,
花蓮,2024/07/29 00:00:00,RH,80,88,89,88,88,88,87,76,77,80,89,88,79,77,88,98,99,99,98,98,96,95,94,95,
花蓮,2024/07/29 00:00:00,SO2,1.2,0.7,0.5,0.6,0.7,0.4,0.6,0.7,0.5,0.5,0.4,1,0.9,0.5,0.5,0.6,0.7,0.6,0.8,0.8,0.7,0.7,0.6,0.6,
花蓮,2024/07/29 00:00:00,THC,1.87,1.99,1.96,1.97,1.93,1.97,1.97,1.92,1.83,1.84,1.85,1.87,1.85,1.82,1.82,1.83,1.86,1.87,1.89,1.91,1.87,1.87,1.89,1.93,
花蓮,2024/07/29 00:00:00,WD_HR,279,216,228,225,219,232,237,271,69,62,54,205,110,56,64,59,34,340,14,331,347,3,317,230,
花蓮,2024/07/29 00:00:00,WIND_DIREC,260,210,232,217,222,226,229,49,41,70,24,224,81,56,35,49,23,4,18,338,351,335,297,255,
花蓮,2024/07/29 00:00:00,WIND_SPEED,1.3,1.4,1.8,1.6,1.4,2.1,1.5,1.9,2.3,3.4,2.1,2,2.8,3.1,2.4,1.2,1.7,0.7,1,1.8,1.7,1.2,0.4,0.9,
花蓮,2024/07/29 00:00:00,WS_HR,1.3,1.2,1.3,1.4,1.7,1.5,1.2,0.4,1.7,2.2,1.3,1.9,1.1,2.2,2.3,2.2,0.8,1,0.4,1,2,0.9,0.8,0.4,
花蓮,2024/07/30 00:00:00,AMB_TEMP,28.4,28.1,28.2,28.4,28.4,28.3,29.1,30.6,31.8,32.3,32.6,32.9,33.1,33.5,33.3,32.8,31.9,31.7,31.5,31.7,30.7,30.3,30.4,30.1,
花蓮,2024/07/30 00:00:00,CH4,1.88,1.94,1.93,1.88,1.91,1.9,1.97,1.96,1.86,#,1.83,1.82,1.81,1.81,1.81,1.82,1.82,1.82,1.83,1.84,1.87,1.87,1.87,1.88,
花蓮,2024/07/30 00:00:00,CO,0.16,0.17,0.14,0.12,0.12,0.13,0.15,0.2,0.13,0.11,0.1,#,0.09,0.09,0.09,0.1,0.12,0.14,0.16,0.15,0.17,0.16,0.19,0.14,
花蓮,2024/07/30 00:00:00,NMHC,0.01,0,0,0,0,0,0,0,0,#,0,0,0,0,0,0,0,0,0.01,0.01,0.02,0.02,0.05,0.02,
花蓮,2024/07/30 00:00:00,NO,1.6,0.5,0.3,0.4,0.4,0.4,1.3,1.5,1.5,0.8,0.7,#,#,1.1,1.1,1,1,1,0.9,1.3,0.9,0.7,1.1,1.2,
花蓮,2024/07/30 00:00:00,NO2,3.9,2.9,1.9,1.2,1.2,1.2,1.1,1.5,1.4,0.9,0.6,#,#,1,1.1,1.3,1.7,2.7,3.5,3.8,3.2,3.1,4.2,3.4,
花蓮,2024/07/30 00:00:00,NOx,5.5,3.5,2.2,1.6,1.7,1.7,2.5,3,2.9,1.8,1.3,#,#,2.2,2.3,2.4,2.8,3.8,4.4,5.2,4.2,3.9,5.3,4.6,
花蓮,2024/07/30 00:00:00,O3,1,1.9,4.1,4.2,3.9,2.1,4.1,8.2,12.5,13.5,#,15.1,18.4,20.7,22,26,26.2,22.8,20.1,20.9,18.4,10.6,8.2,7,
花蓮,2024/07/30 00:00:00,PM10,23,21,13,12,17,23,24,20,18,#,15,19,9,16,9,14,11,20,25,16,14,12,18,15,
花蓮,2024/07/30 00:00:00,PM2.5,3,2,0,0,1,1,3,8,8,8,#,0,4,3,0,0,4,4,3,1,0,4,4,2,
花蓮,2024/07/30 00:00:00,RAINFALL,0,0,0,0,0,0,0,0,0,#,0,0,0,0,0,0,0,0,0,0,0,0,0,0,
花蓮,2024/07/30 00:00:00,RH,97,99,99,98,97,97,94,91,84,78,79,79,79,79,80,84,89,90,90,90,92,92,91,91,
花蓮,2024/07/30 00:00:00,SO2,0.6,0.6,0.4,0.4,0.4,0.4,0.6,2.2,1.7,0.3,0.1,#,#,0.4,0.5,0.6,0.8,0.8,0.9,1,0.8,0.8,1.1,1,
花蓮,2024/07/30 00:00:00,THC,1.89,1.94,1.9,1.86,1.89,1.9,1.97,1.96,1.85,#,1.81,1.8,1.79,1.79,1.79,1.79,1.8,1.81,1.84,1.85,1.89,1.89,1.92,1.9,
花蓮,2024/07/30 00:00:00,WD_HR,228,217,214,218,218,218,210,192,138,135,132,131,125,142,128,133,129,131,144,196,223,225,298,237,
花蓮,2024/07/30 00:00:00,WIND_DIREC,216,220,218,214,214,228,203,205,127,129,116,129,126,158,119,127,135,155,150,225,209,233,306,220,
花蓮,2024/07/30 00:00:00,WIND_SPEED,1.6,2.6,2.7,1.5,1.6,1.4,1.8,1.6,1.8,2.3,2.9,3,2.6,2.6,3.2,2.2,1.7,1.1,1.3,2.3,1.3,0.7,1.2,1.2,
花蓮,2024/07/30 00:00:00,WS_HR,0.9,2.6,2.8,1.7,1.6,1.3,1.2,1.5,1.6,1.9,2.2,2.3,2.5,2.2,2.6,1.9,1.4,1.3,0.9,1.6,1,1.3,0.5,1.1,
花蓮,2024/07/31 00:00:00,AMB_TEMP,29.6,29.5,29.6,29.3,29,28.7,29.6,31.3,33.6,33.9,33.8,33.8,33.8,34.3,34.4,34,33.3,33.3,32.5,32,31.8,31.6,31.3,31.2,
花蓮,2024/07/31 00:00:00,CH4,1.95,1.89,1.88,1.92,1.95,1.92,1.96,1.96,1.89,1.87,1.84,1.84,1.84,1.84,1.83,1.83,1.83,1.85,1.84,1.85,1.87,1.87,1.86,1.86,
花蓮,2024/07/31 00:00:00,CO,0.12,0.11,0.11,0.11,0.11,0.12,0.14,0.15,0.17,0.14,0.12,0.11,0.12,0.11,0.11,0.11,0.13,0.19,0.16,0.17,0.22,0.23,0.18,0.15,
花蓮,2024/07/31 00:00:00,NMHC,0,0,0.01,0.02,0.03,0,0,0,0,0,0,0,0,0,0,0,0,0.01,0.01,0.01,0.06,0.05,0.02,0.02,
花蓮,2024/07/31 00:00:00,NO,0.8,0.2,0.2,0.3,0,0.4,1.1,1.4,1.5,1.9,1.2,0.7,0.8,0.5,0.3,0.2,1.4,1,0.6,0.1,0.6,0.6,0.3,0.4,
花蓮,2024/07/31 00:00:00,NO2,1.9,1.8,2.3,2.2,2.6,1.9,2,2.1,3.1,4,2.6,1.8,2.4,1.6,1.2,1.1,5.6,3.4,5,4,4.7,4.6,3.8,3.1,
花蓮,2024/07/31 00:00:00,NOx,2.8,2.1,2.6,2.5,2.6,2.4,3.2,3.5,4.6,6,3.9,2.5,3.2,2.2,1.5,1.4,7,4.4,5.6,4.1,5.3,5.2,4.1,3.5,
花蓮,2024/07/31 00:00:00,O3,7.3,6.2,6.3,5.7,4.1,3.3,4.9,8.2,17.5,21.4,23.5,27.6,29.5,26.5,23.5,22.8,19.2,21,19,18.2,12.5,10.6,10.8,9.8,
花蓮,2024/07/31 00:00:00,PM10,24,26,20,21,22,24,19,23,16,27,23,19,20,16,18,11,25,19,19,21,27,25,28,24,
花蓮,2024/07/31 00:00:00,PM2.5,4,5,4,4,5,5,5,3,7,8,3,2,5,4,3,2,5,6,6,4,4,6,5,4,
花蓮,2024/07/31 00:00:00,RAINFALL,0,0,0,0,0,0,0,0,0,0,0,0,0,0,0,0,0,0,0,0,0,0,0,0,
花蓮,2024/07/31 00:00:00,RH,93,92,91,91,92,91,90,88,78,76,77,78,78,76,75,76,78,77,79,84,82,83,79,78,
花蓮,2024/07/31 00:00:00,SO2,1.1,0.6,0.4,0.7,0.7,0.6,0.6,0.7,0.5,0.8,0.7,0.6,0.8,0.7,0.4,0.3,0.7,0.6,0.8,0.9,0.9,0.6,0.7,0.5,
花蓮,2024/07/31 00:00:00,THC,1.94,1.89,1.89,1.94,1.98,1.92,1.96,1.96,1.89,1.86,1.82,1.81,1.81,1.81,1.8,1.8,1.81,1.86,1.85,1.86,1.93,1.92,1.88,1.88,
花蓮,2024/07/31 00:00:00,WD_HR,217,241,286,256,225,228,219,225,157,98,101,100,98,92,97,100,90,25,82,68,228,295,294,277,
花蓮,2024/07/31 00:00:00,WIND_DIREC,250,299,277,210,215,250,219,259,121,100,97,97,104,92,96,95,40,51,83,357,214,317,282,278,
花蓮,2024/07/31 00:00:00,WIND_SPEED,1.5,0.8,1.4,0.6,1.9,1.2,1.8,1.1,1.7,2.7,2.4,3.2,3.1,2.8,2.6,2.8,1.8,1.4,1.7,1.1,1.4,1.4,1.4,1.5,
花蓮,2024/07/31 00:00:00,WS_HR,1.6,1.1,0.8,0.7,1.2,1.4,1.7,1,0.9,2.4,2.2,2.8,2.9,2.5,2.3,2.2,2.1,1.3,1.7,0.9,1.1,1.3,1.3,1.3,
花蓮,2024/08/01 00:00:00,AMB_TEMP,30.8,30.7,30.4,29.9,29.5,29.3,30.2,32.9,33.8,34.6,35.4,36,36.3,36.1,36.6,35.6,34.3,33.8,33.1,32.7,32.4,32.2,32,31.4,
花蓮,2024/08/01 00:00:00,CH4,1.9,1.87,1.89,1.94,1.93,1.91,1.89,1.86,1.84,1.83,1.83,1.84,1.85,1.85,1.84,1.84,1.83,1.84,1.84,1.84,1.85,1.86,1.87,1.89,
花蓮,2024/08/01 00:00:00,CO,0.14,0.13,0.14,0.14,0.14,0.16,0.2,0.22,0.18,0.16,0.16,0.19,0.15,0.14,0.14,0.14,0.16,0.18,0.22,0.2,0.2,0.24,0.2,0.17,
花蓮,2024/08/01 00:00:00,NMHC,0.03,0.02,0,0.02,0.01,0.02,0.02,0.02,0,0,0,0,0,0,0,0,0.01,0,0.02,0.01,0.01,0.05,0.04,0.02,
花蓮,2024/08/01 00:00:00,NO,0.1,0.5,0.3,0.2,0.4,0.7,2.1,3.4,2,1.4,1,1,0.9,1.3,1.5,1.5,1,0.7,0.4,0.5,0.5,0.8,0.6,0.5,
花蓮,2024/08/01 00:00:00,NO2,3.1,2.3,2.5,2.6,2.2,2.9,2.6,4.3,3.3,2.1,1.8,2.4,2,2.4,2.8,2.4,2.6,3.1,4.4,4.4,3.3,4.8,4.6,3.4,
花蓮,2024/08/01 00:00:00,NOx,3.2,2.8,2.9,2.8,2.7,3.6,4.8,7.7,5.3,3.5,2.9,3.5,3,3.8,4.3,3.9,3.7,3.9,4.9,5,3.9,5.6,5.2,3.9,
花蓮,2024/08/01 00:00:00,O3,8.7,10.1,8.1,4.8,3.3,2.9,3.4,11.8,19,23.1,24.7,27.3,26.9,26.8,24.3,24.8,24.8,24.2,22.2,21.6,20.4,14.4,11.7,9.5,
花蓮,2024/08/01 00:00:00,PM10,27,15,22,21,23,25,26,28,21,25,16,23,19,26,28,18,20,27,21,22,28,25,26,20,
花蓮,2024/08/01 00:00:00,PM2.5,5,5,5,3,4,3,5,7,6,4,3,2,0,7,7,4,3,3,8,7,8,6,8,7,
花蓮,2024/08/01 00:00:00,RAINFALL,0,0,0,0,0,0,0,0,0,0,0,0,0,0,0,0,0,0,0,0,0,0,0,0,
花蓮,2024/08/01 00:00:00,RH,86,86,85,87,89,89,87,76,76,75,71,68,65,67,66,69,74,74,79,83,88,88,84,82,
花蓮,2024/08/01 00:00:00,SO2,0.7,0,0.1,0.1,0.2,0.2,0.2,0.5,0.1,0.1,0.1,0.2,0.1,0,0,#,0,0,0.2,0.3,0.3,0.3,0.3,0.3,
花蓮,2024/08/01 00:00:00,THC,1.93,1.89,1.89,1.96,1.94,1.93,1.91,1.88,1.83,1.82,1.82,1.83,1.84,1.83,1.84,1.83,1.84,1.84,1.86,1.85,1.86,1.91,1.91,1.91,
花蓮,2024/08/01 00:00:00,WD_HR,233,271,281,228,224,229,228,33,28,49,75,83,87,88,88,60,62,55,50,47,7,301,247,239,
花蓮,2024/08/01 00:00:00,WIND_DIREC,221,252,247,199,224,238,134,34,37,39,81,71,92,84,88,96,88,41,42,49,306,289,215,244,
花蓮,2024/08/01 00:00:00,WIND_SPEED,1,1.2,1.2,1.1,1.5,1.6,0.5,1.7,2.5,2.6,2.7,2.9,3.5,3.3,2.8,2.7,2.2,1.7,1.2,1.2,1.6,1.1,1.3,0.8,
花蓮,2024/08/01 00:00:00,WS_HR,1,0.9,0.9,1.1,1.3,1.5,1,1.1,1.6,2,2.6,2.7,2.9,3.2,2.2,2,1.6,1.6,1,1,0.6,1,0.9,0.9,
花蓮,2024/08/02 00:00:00,AMB_TEMP,31.1,30.6,30.1,29.8,29.5,29.2,29.9,31.8,33.6,35,34.6,34.7,34.5,34.6,34.4,34.7,33.7,33.2,32.9,32.3,32.1,32.2,32,31.4,
花蓮,2024/08/02 00:00:00,CH4,1.88,1.91,1.9,1.9,1.92,1.95,1.95,1.92,1.92,1.85,1.84,1.83,1.83,1.83,1.82,1.84,1.84,1.84,1.84,1.84,1.85,1.85,1.85,1.87,
花蓮,2024/08/02 00:00:00,CO,0.15,0.14,0.12,0.12,0.12,0.13,0.14,0.16,0.15,0.18,0.15,0.13,0.12,0.12,0.13,0.15,0.15,0.19,0.19,0.17,0.17,0.18,0.19,0.17,
花蓮,2024/08/02 00:00:00,NMHC,0.01,0.03,0,0,0,0,0,0,0,0,0,0,0,0,0,0,0,0,0.01,0,0,0,0.02,0.03,
花蓮,2024/08/02 00:00:00,NO,0.6,0,0.1,0.1,0,0.3,0.6,1.2,1.4,2.5,1.4,1,0.5,0.4,0.5,0.8,0.8,0.5,0.3,0.2,0.1,0.3,0.3,0.2,
花蓮,2024/08/02 00:00:00,NO2,2.2,3.4,2,1.8,1.8,1.9,1.8,1.8,2.7,4.5,3.6,3,1.6,1.4,1.4,2.9,3.5,3.9,3.8,3.8,2.9,3.1,3.2,3.3,
花蓮,2024/08/02 00:00:00,NOx,2.9,3.3,2.1,1.9,1.9,2.3,2.4,3,4.1,7.1,5,4,2.1,1.8,1.9,3.8,4.3,4.5,4.1,4.1,3.1,3.4,3.5,3.5,
花蓮,2024/08/02 00:00:00,O3,9.9,6,7.2,7.1,6.6,6.5,7.2,10.6,15.9,19.9,28.1,29.4,28.6,28.7,29,29.9,26.6,26.7,26.1,29,28.1,22.2,14.6,11.9,
花蓮,2024/08/02 00:00:00,PM10,23,23,23,19,22,20,21,25,19,23,21,20,19,21,30,30,27,22,25,27,27,22,27,27,
花蓮,2024/08/02 00:00:00,PM2.5,4,5,5,2,0,3,8,5,6,5,8,7,9,6,5,5,11,10,9,11,8,10,7,10,
花蓮,2024/08/02 00:00:00,RAINFALL,0,0,0,0,0,0,0,0,0,0,0,0,0,0,0,0,0,0,0,0,0,0,0,0,
花蓮,2024/08/02 00:00:00,RH,80,80,79,79,80,87,87,79,67,63,69,71,74,75,76,72,76,78,81,87,88,87,86,87,
花蓮,2024/08/02 00:00:00,SO2,0.2,0.5,0.5,0.7,0.7,0.8,0.8,0.7,2.7,2.5,1.5,1,0.3,0.4,0.4,0.6,0.5,0.6,0.6,0.9,0.8,0.7,0.8,0.7,
花蓮,2024/08/02 00:00:00,THC,1.89,1.94,1.88,1.89,1.91,1.94,1.95,1.92,1.91,1.85,1.82,1.81,1.8,1.8,1.8,1.82,1.83,1.84,1.85,1.83,1.84,1.85,1.87,1.9,
花蓮,2024/08/02 00:00:00,WD_HR,222,223,226,230,221,220,216,208,199,119,108,107,100,94,92,89,88,80,71,51,35,308,278,218,
花蓮,2024/08/02 00:00:00,WIND_DIREC,225,252,231,234,226,214,215,182,154,96,101,121,89,90,87,92,92,85,70,49,21,284,230,219,
花蓮,2024/08/02 00:00:00,WIND_SPEED,0.7,1.3,1.8,1.3,1.9,2.5,3,1.9,1.6,2.2,2.6,3.2,3.5,4.1,4.1,3.3,2.6,2,1.9,1.5,1,1.8,1.1,1,
花蓮,2024/08/02 00:00:00,WS_HR,1,1,1.5,1.5,1.6,2.2,2.4,2,1.2,1.7,2.2,2.4,3.1,3.3,3.5,3,2.6,1.9,1.5,1.3,1,1.3,1.1,1.3,
花蓮,2024/08/03 00:00:00,AMB_TEMP,30.8,30.8,30.4,30.2,30,29.9,30.4,32.1,34,35,34.9,35.3,35.4,35.2,34.7,34.3,34.1,33.2,32.6,32.3,32.1,31.9,31.8,31.8,
花蓮,2024/08/03 00:00:00,CH4,1.87,1.86,1.89,1.88,1.88,1.89,1.91,1.9,1.9,1.87,1.86,1.84,1.83,1.83,1.83,1.84,1.84,1.84,1.84,1.84,1.84,1.84,1.85,1.92,
花蓮,2024/08/03 00:00:00,CO,0.15,0.11,0.13,0.12,0.12,0.14,0.15,0.15,0.17,0.15,0.16,0.16,0.16,0.17,0.15,0.13,0.14,0.16,0.14,0.16,0.14,0.13,0.14,0.17,
花蓮,2024/08/03 00:00:00,NMHC,0.01,0,0,0,0,0,0,0,0,0,0,0,0,0,0,0,0,0,0,0,0,0,0,0,
花蓮,2024/08/03 00:00:00,NO,0,0.4,0.6,0.5,0.4,0.4,0.8,1.4,1,1.3,1.1,0.6,0.4,0.6,0.4,0.3,0.5,0.6,0.2,0.3,0.4,0.3,0.3,0.3,
花蓮,2024/08/03 00:00:00,NO2,2.4,1.5,1.6,1.8,1.5,2,2,1.8,2.5,3.3,2.7,2.3,1.8,1.5,1.5,1.4,1.9,3.1,2.3,2.6,2.3,1.9,1.7,2.4,
花蓮,2024/08/03 00:00:00,NOx,2.3,1.9,2.3,2.3,2,2.4,2.9,3.2,3.5,4.7,3.8,3,2.3,2.2,2,1.7,2.5,3.8,2.6,3,2.8,2.3,2.1,2.8,
花蓮,2024/08/03 00:00:00,O3,9.4,10.7,10.9,10,10.8,10.9,9.3,12.3,18.8,23.6,30,34,38.9,42.6,39.8,31.4,31.3,28.3,28.1,26,24.5,21.3,20.5,17.1,
花蓮,2024/08/03 00:00:00,PM10,22,17,24,23,18,22,21,19,26,20,30,21,24,21,21,20,21,17,15,26,19,16,25,31,
花蓮,2024/08/03 00:00:00,PM2.5,7,6,7,4,4,8,7,6,6,5,8,9,5,1,5,11,13,15,5,9,10,10,5,10,
花蓮,2024/08/03 00:00:00,RAINFALL,0,0,0,0,0,0,0,0,0,0,0,0,0,0,0,0,0,0,0,0,0,0,0,0,
花蓮,2024/08/03 00:00:00,RH,87,78,78,82,83,80,80,73,66,62,64,61,62,63,70,76,77,83,88,89,90,90,89,89,
花蓮,2024/08/03 00:00:00,SO2,0.8,1.1,1.1,1.3,1.2,1.3,1.3,1.2,1.6,4.8,4.2,3.1,1.9,1.3,1.5,1.6,1.8,1.6,1.4,1.5,1.3,1.3,1.3,1.5,
花蓮,2024/08/03 00:00:00,THC,1.88,1.85,1.88,1.87,1.87,1.88,1.91,1.89,1.9,1.86,1.84,1.82,1.81,1.81,1.81,1.81,1.82,1.82,1.82,1.83,1.83,1.82,1.83,1.92,
花蓮,2024/08/03 00:00:00,WD_HR,222,217,224,222,224,221,207,206,164,109,96,93,100,107,114,117,109,119,115,137,130,123,118,116,
花蓮,2024/08/03 00:00:00,WIND_DIREC,225,185,226,219,215,214,207,178,137,99,104,94,99,101,114,125,103,133,133,165,129,124,114,108,
花蓮,2024/08/03 00:00:00,WIND_SPEED,2.1,1.4,1.8,2.3,2.2,1.7,2,0.9,1.5,2.4,2.6,2.7,2.7,2.4,2.5,2.3,1.9,1.4,1.6,0.7,1.1,0.9,0.6,0.8,
花蓮,2024/08/03 00:00:00,WS_HR,1.8,1.9,1.5,2,2.2,1.8,1.8,1.8,0.8,1.9,2.2,2.2,2.2,2.1,2.3,1.9,1.7,1.1,1.3,0.9,0.9,0.7,0.6,0.4,
花蓮,2024/08/04 00:00:00,AMB_TEMP,31.6,31.3,30.7,30.4,29.9,29.7,30.3,32.1,34.1,34.4,34.5,34.5,34.7,34.8,34.5,34.2,33.2,32.8,32.6,32.3,32.1,32,31.9,31.9,
花蓮,2024/08/04 00:00:00,CH4,1.9,1.89,1.9,1.93,1.94,1.93,1.91,1.9,1.89,1.84,1.83,1.83,1.83,1.83,1.83,1.84,1.84,1.84,1.85,1.85,1.85,1.85,1.84,1.88,
花蓮,2024/08/04 00:00:00,CO,0.17,0.16,0.14,0.15,0.14,0.15,0.16,0.16,0.16,0.13,0.12,0.12,0.12,0.11,0.12,0.14,0.14,0.15,0.18,0.16,0.14,0.13,0.13,0.14,
花蓮,2024/08/04 00:00:00,NMHC,0.02,0.01,0,0,0,0,0,0,0,0,0,0,0,0,0,0,0,0,0,0,0.05,0,0,0,
花蓮,2024/08/04 00:00:00,NO,0.4,0.6,0.9,0.9,0.7,1.1,1.3,1.5,1.5,1.2,1.3,0.9,1.1,0.9,1.2,1.2,1,1.1,0.9,1,1,1,1,0.9,
花蓮,2024/08/04 00:00:00,NO2,3.9,3,2.4,2,2.3,2.2,2.3,2.1,2.1,2.1,1.9,1.3,1.4,1.1,1.5,1.8,1.6,1.6,2.4,2.4,2.1,2,1.5,1.6,
花蓮,2024/08/04 00:00:00,NOx,4.3,3.6,3.3,2.9,3,3.3,3.7,3.6,3.7,3.4,3.2,2.3,2.5,2.1,2.8,3.1,2.7,2.8,3.3,3.4,3.1,3.1,2.6,2.5,
花蓮,2024/08/04 00:00:00,O3,13.5,14.5,13.1,13.3,11,8.9,9.5,13,19.9,23.5,26.3,26.9,25.5,24.8,26,36.3,36.9,33.3,30.8,29.2,28.6,28.7,28.2,26.3,
花蓮,2024/08/04 00:00:00,PM10,28,22,24,28,23,21,22,21,27,20,19,15,22,15,17,20,23,25,26,21,19,24,19,17,
花蓮,2024/08/04 00:00:00,PM2.5,10,11,10,9,7,8,11,6,6,6,6,8,4,2,5,7,8,7,9,9,8,8,10,9,
花蓮,2024/08/04 00:00:00,RAINFALL,0,0,0,0,0,0,0,0,0,0,0,0,0,0,0,0,0,0,0,0,0,0,0,0,
花蓮,2024/08/04 00:00:00,RH,87,85,83,84,89,88,86,77,67,72,75,74,71,71,72,78,84,87,87,88,89,89,88,86,
花蓮,2024/08/04 00:00:00,SO2,1.2,0.2,0.3,0.5,0.3,0.2,0.4,0.3,4.6,2.2,0.2,0.2,0.2,0.1,0,0.1,0.4,0.3,0.6,0.6,0.8,0.6,0.6,0.5,
花蓮,2024/08/04 00:00:00,THC,1.92,1.9,1.89,1.93,1.93,1.92,1.91,1.89,1.87,1.81,1.8,1.8,1.8,1.8,1.8,1.8,1.81,1.82,1.84,1.83,1.9,1.83,1.83,1.88,
花蓮,2024/08/04 00:00:00,WD_HR,251,233,220,215,221,225,231,223,135,113,103,106,110,103,107,111,128,130,136,130,123,130,156,194,
花蓮,2024/08/04 00:00:00,WIND_DIREC,255,219,212,205,228,213,217,219,131,112,82,90,118,108,118,121,129,122,140,163,120,134,153,205,
花蓮,2024/08/04 00:00:00,WIND_SPEED,1.2,1.4,2,2.3,1.8,1.3,1.9,1.1,1.4,2.2,2.6,3.3,2.3,3.3,3,1.8,1.7,1.5,1.3,0.7,0.9,0.6,0.7,1.5,
花蓮,2024/08/04 00:00:00,WS_HR,0.5,1,1.7,1.9,1.9,1.9,1.7,1.2,1,1.8,2.2,2.7,2.2,2.7,2.7,1.9,1.4,1.3,1.1,0.9,0.6,0.5,0.5,0.7,
花蓮,2024/08/05 00:00:00,AMB_TEMP,31.2,30.9,30.3,30.1,29.8,29.6,30.3,32.2,33.6,34.5,34.8,34.7,34.7,34.6,34.8,34.6,33.6,33.5,33.2,32.8,32.3,32.4,32.2,31.6,
花蓮,2024/08/05 00:00:00,CH4,1.9,1.92,1.91,1.9,1.91,1.9,1.89,1.9,1.89,1.87,1.86,1.84,1.84,1.84,1.85,1.87,1.88,1.88,1.88,1.88,1.89,1.9,1.92,1.92,
花蓮,2024/08/05 00:00:00,CO,0.16,0.15,0.14,0.14,0.14,0.14,0.17,0.22,0.22,0.19,0.17,0.15,0.15,0.15,0.18,0.2,0.2,0.2,0.19,0.19,0.19,0.25,0.21,0.19,
花蓮,2024/08/05 00:00:00,NMHC,0,0,0,0,0,0,0.01,0.04,0.01,0,0,0,0,0,0,0,0,0.01,0,0,0,0.04,0.03,0.01,
花蓮,2024/08/05 00:00:00,NO,1.1,0.3,0,0.1,0,0.3,0.6,1.2,2.8,2.3,1.1,0.5,0.4,0.2,0.9,0.8,0.4,0,0.3,0.1,0.1,0.1,0.2,0,
花蓮,2024/08/05 00:00:00,NO2,2.5,2.6,2.3,1.9,1.9,2.5,3.2,4.5,6.6,6.3,4.6,2.9,2.1,2.2,4.4,4.5,4.7,4,5,5.2,3.2,4.9,4.7,3.8,
花蓮,2024/08/05 00:00:00,NOx,3.6,2.9,2.3,2,1.9,2.8,3.8,5.7,9.5,8.7,5.7,3.5,2.5,2.5,5.3,5.4,5.1,4,5.3,5.3,3.3,5,4.9,3.9,
花蓮,2024/08/05 00:00:00,O3,18.4,18.8,17.8,17.8,16.5,15.6,16.7,19.8,22.1,28.8,34.7,38.1,41.6,44,44,50.6,50.7,48.9,43.7,40.6,43.1,29.5,31,26.1,
花蓮,2024/08/05 00:00:00,PM10,24,24,24,26,20,21,22,27,34,44,53,31,24,25,26,33,27,29,29,35,24,36,33,35,
花蓮,2024/08/05 00:00:00,PM2.5,9,14,10,11,11,8,7,10,9,8,11,10,9,10,10,18,14,12,15,13,12,17,18,17,
花蓮,2024/08/05 00:00:00,RAINFALL,0,0,0,0,0,0,0,0,0,0,0,0,0,0,0,0,0,0,0,0,0,0,0,0,
花蓮,2024/08/05 00:00:00,RH,87,86,85,78,78,70,66,64,63,61,63,65,65,68,68,66,70,69,73,75,78,72,75,78,
花蓮,2024/08/05 00:00:00,SO2,0.3,0.7,0.6,0.7,0.9,0.9,1,1.1,1.3,1.3,1.5,1.3,1,1,1.1,1.6,1.6,1.6,1.8,1.8,1.7,1.4,1.4,1.2,
花蓮,2024/08/05 00:00:00,THC,1.9,1.92,1.9,1.9,1.9,1.9,1.9,1.94,1.9,1.86,1.85,1.82,1.82,1.81,1.82,1.87,1.88,1.89,1.88,1.87,1.88,1.94,1.95,1.93,
花蓮,2024/08/05 00:00:00,WD_HR,232,217,221,225,217,230,219,162,60,95,90,103,105,106,97,76,37,74,84,111,193,260,224,222,
花蓮,2024/08/05 00:00:00,WIND_DIREC,245,214,224,224,223,225,238,117,32,105,87,96,104,122,88,21,65,85,86,169,237,267,200,241,
花蓮,2024/08/05 00:00:00,WIND_SPEED,0.8,1.7,2.3,1.8,1.9,1.4,0.9,1,1.8,3,3.6,3,3.4,3.6,3.2,2.2,1.5,2.1,2.3,0.9,1.6,1.4,1.4,1.5,
花蓮,2024/08/05 00:00:00,WS_HR,1.1,1.6,1.9,1.8,1.9,1.5,1.2,0.7,1.1,1.3,2.9,2.8,3.1,3,2.8,2.2,1.5,1.7,1.7,0.8,0.8,1,1,1.3,
花蓮,2024/08/06 00:00:00,AMB_TEMP,31.5,30.7,30.4,30.3,29.8,29.6,30,30.5,32.8,33.6,34.4,34.5,34.3,34.8,34.1,34,34.1,33.5,33,32.5,32.4,32,32,31.4,
花蓮,2024/08/06 00:00:00,CH4,1.91,1.92,1.95,1.91,1.92,1.91,1.93,1.95,1.91,1.89,1.91,1.89,1.87,1.86,1.85,1.85,1.86,1.87,1.86,1.85,1.89,1.89,1.9,1.91,
花蓮,2024/08/06 00:00:00,CO,0.18,0.16,0.16,0.16,0.17,0.15,0.17,0.2,0.23,0.22,0.2,0.2,0.16,0.14,0.14,0.16,0.19,0.19,0.21,0.19,0.22,0.19,0.2,0.18,
花蓮,2024/08/06 00:00:00,NMHC,0.01,0.02,0,0.01,0.02,0.01,0,0.02,0.01,0.01,0.02,0,0,0,0,0,0,0,0.02,0,0.02,0.02,0.03,0.01,
花蓮,2024/08/06 00:00:00,NO,0,0.5,0.5,0.7,0.6,0.7,1.3,1.6,2,1.6,1.5,1,1,0.8,1,1.3,0.9,1.2,0.8,0.9,0.8,0.6,0.9,0.8,
花蓮,2024/08/06 00:00:00,NO2,3.1,2.2,1.6,1.7,1.7,1.9,1.9,2.9,3.9,3.6,3.7,2.9,1.5,1.1,0.9,2.2,2.4,4.6,5.3,2.8,4.1,4.6,4,3.4,
花蓮,2024/08/06 00:00:00,NOx,3,2.8,2.1,2.5,2.3,2.6,3.2,4.5,5.9,5.2,5.2,3.9,2.6,2,1.9,3.5,3.4,5.9,6.2,3.8,5,5.3,4.9,4.2,
花蓮,2024/08/06 00:00:00,O3,27.5,20.6,20.6,19.3,15.3,13.6,14.7,15.2,23.4,27.8,33,39.4,41.7,38.2,32.7,34.2,36.4,30.2,28.3,30,25.9,20.4,21.1,16.9,
花蓮,2024/08/06 00:00:00,PM10,32,31,27,28,37,26,28,34,26,24,32,25,24,21,19,29,26,31,30,25,26,35,36,26,
花蓮,2024/08/06 00:00:00,PM2.5,15,17,13,16,21,10,9,13,11,10,10,12,12,11,9,8,8,10,15,14,17,14,18,14,
花蓮,2024/08/06 00:00:00,RAINFALL,0,0,0,0,0,0,0,0,0,0,0,0,0,0,0,0,0,0,0,0,0,0,0,0,
花蓮,2024/08/06 00:00:00,RH,77,79,79,78,77,75,74,74,66,62,60,62,62,64,65,65,61,68,70,73,73,76,75,76,
花蓮,2024/08/06 00:00:00,SO2,1.2,0.7,0.7,0.7,0.8,0.7,0.8,0.9,1.1,1.1,2.2,4.5,2.8,1.1,0.7,0.9,0.8,1.4,1.4,1.1,1.3,1.3,1.3,1.4,
花蓮,2024/08/06 00:00:00,THC,1.92,1.94,1.94,1.92,1.94,1.92,1.93,1.97,1.92,1.9,1.93,1.88,1.85,1.84,1.83,1.84,1.85,1.86,1.88,1.85,1.91,1.91,1.93,1.92,
花蓮,2024/08/06 00:00:00,WD_HR,260,216,225,229,217,223,225,216,223,217,184,121,103,115,94,79,46,96,57,17,212,133,226,218,
花蓮,2024/08/06 00:00:00,WIND_DIREC,220,205,224,212,213,218,230,218,222,207,172,97,109,120,95,43,84,103,38,301,149,176,217,222,
花蓮,2024/08/06 00:00:00,WIND_SPEED,1.7,1.5,1.8,1.2,1.3,1.8,2.1,1.9,2.1,2,1.5,2.5,2.9,2.5,2.7,1.9,1.3,2.3,1.9,1.2,0.9,0.9,1.2,2.4,
花蓮,2024/08/06 00:00:00,WS_HR,1.3,1.5,1.7,1.1,1.4,1.8,2.1,1.9,1.7,2.1,1,1.9,2.5,2.2,2.2,2.1,1.2,1.9,1.2,0.7,0.7,0.8,1,1.7,
花蓮,2024/08/07 00:00:00,AMB_TEMP,30.8,30.6,30,29.7,29.4,29,30,31.5,33.6,35,35.2,35.3,35.6,35.2,35.1,34.9,33.7,32.9,32.8,32.6,32.8,32.4,31.8,31.2,
花蓮,2024/08/07 00:00:00,CH4,1.89,1.91,1.95,1.92,1.95,1.96,1.94,1.94,1.93,1.89,1.84,1.84,1.84,1.84,1.85,1.84,1.84,1.85,1.85,1.85,1.86,1.9,1.9,1.89,
花蓮,2024/08/07 00:00:00,CO,0.15,0.14,0.14,0.13,0.13,0.13,0.15,0.16,0.16,0.17,0.14,0.13,0.13,0.14,0.13,0.14,0.15,0.16,0.17,0.18,0.18,0.24,0.18,0.14,
花蓮,2024/08/07 00:00:00,NMHC,0,0,0,0,0,0,0,0,0,0,0,0,0,0,0,0,0,0,0,0,0.01,0.05,0.05,0.02,
花蓮,2024/08/07 00:00:00,NO,0.6,0,0.1,0.3,0,0.2,0.4,0.6,0.8,1,0.3,0.4,0.4,0.7,0.5,0.5,0.5,0.2,0.2,0.1,0.3,0.5,0.3,0.5,
花蓮,2024/08/07 00:00:00,NO2,2.3,2.8,2.4,2.1,1.9,2.2,2.4,2.1,2.6,3.6,1.7,1.3,1.3,1.9,2.1,2.1,2.2,2.6,2.7,2.9,2.7,5.9,4.1,3,
花蓮,2024/08/07 00:00:00,NOx,2.9,2.9,2.5,2.4,1.8,2.4,2.9,2.7,3.5,4.7,2,1.7,1.8,2.6,2.6,2.7,2.7,2.9,2.9,3.1,3,6.4,4.4,3.6,
花蓮,2024/08/07 00:00:00,O3,14.3,14.4,13.3,12.8,11.4,10.5,11.6,14.4,20.5,27.6,28,26.9,26.5,26.2,24.7,24.8,24.5,24.1,23.5,23.3,22.9,12.2,9.7,9.2,
花蓮,2024/08/07 00:00:00,PM10,26,26,27,23,23,20,20,22,25,31,24,20,20,22,28,26,21,27,21,18,23,34,26,28,
花蓮,2024/08/07 00:00:00,PM2.5,12,13,10,6,9,8,9,7,5,12,15,12,9,8,15,11,10,11,8,11,11,14,10,6,
花蓮,2024/08/07 00:00:00,RAINFALL,0,0,0,0,0,0,0,0,0,0,0,0,0,0,0,0,0,0,0,0,0,0,0,0,
花蓮,2024/08/07 00:00:00,RH,76,78,84,84,87,88,83,73,64,62,65,64,62,63,61,64,73,76,75,76,74,76,77,77,
花蓮,2024/08/07 00:00:00,SO2,0.9,0.9,0.8,1.1,0.8,0.8,0.9,0.8,2.7,6.2,0.8,0.5,0.4,0.4,0.6,0.7,0.7,0.6,0.8,0.9,1.1,1,1,0.8,
花蓮,2024/08/07 00:00:00,THC,1.89,1.9,1.93,1.91,1.94,1.95,1.94,1.94,1.93,1.89,1.83,1.82,1.82,1.84,1.83,1.83,1.82,1.83,1.84,1.85,1.87,1.95,1.95,1.91,
花蓮,2024/08/07 00:00:00,WD_HR,228,215,215,215,221,210,218,211,203,144,122,119,126,135,135,145,123,131,133,152,175,248,198,219,
花蓮,2024/08/07 00:00:00,WIND_DIREC,235,212,218,213,217,208,217,196,202,106,111,115,120,145,149,144,122,130,127,180,215,209,189,230,
花蓮,2024/08/07 00:00:00,WIND_SPEED,3.2,2.4,2.7,2.1,3.4,2.7,3.5,1.9,1.9,2.6,3,2.8,2.3,2.2,1.9,1.8,1.7,1.5,0.9,0.9,1.2,1.4,1.2,2.6,
花蓮,2024/08/07 00:00:00,WS_HR,2.4,2.2,2.3,2.3,2.7,2.9,2.9,2.5,1.9,1.7,2.4,2.6,2.1,1.9,1.8,1.8,1.5,1.4,0.9,0.7,0.6,1,0.8,1.9,
花蓮,2024/08/08 00:00:00,AMB_TEMP,30.6,30.2,30,29.7,29.5,29.2,30,31.8,33.8,35,35,35.2,35.7,34,31.4,29.7,30.1,30.2,29.6,29.4,28.9,28.5,28.3,28.3,
花蓮,2024/08/08 00:00:00,CH4,1.92,1.94,1.94,1.93,1.95,1.99,1.95,1.91,1.93,1.9,1.86,#,#,1.83,1.86,1.88,1.9,1.91,1.93,1.9,1.9,1.92,1.91,1.93,
花蓮,2024/08/08 00:00:00,CO,0.13,0.13,0.12,0.12,0.12,0.13,0.15,0.15,0.16,0.15,0.14,0.13,0.13,0.13,0.19,0.23,0.18,0.2,0.2,0.2,0.17,0.15,0.14,0.14,
花蓮,2024/08/08 00:00:00,NMHC,0,0,0,0,0,0,0,0,0,0.01,0,#,#,0,0.03,0.06,0.03,0.03,0.02,0.03,0.02,0.01,0.01,0,
花蓮,2024/08/08 00:00:00,NO,0.2,1,0.9,0.7,0.6,0.8,1.2,1.5,2.1,2.6,#,#,#,#,#,4.3,3.8,1.6,1.4,1.8,1.6,1.2,1.4,1.2,
花蓮,2024/08/08 00:00:00,NO2,2.3,2.1,1.9,1.6,1.6,1.8,2.3,1.9,2.8,2.8,#,#,#,#,#,8.4,4.3,4.9,4.8,4.2,3.5,2.5,1.9,1.8,
花蓮,2024/08/08 00:00:00,NOx,2.6,3.1,2.9,2.4,2.2,2.7,3.5,3.4,4.9,5.5,#,#,#,#,#,12.7,8.2,6.6,6.2,6,5.2,3.7,3.4,3,
花蓮,2024/08/08 00:00:00,O3,9,8.5,7.9,7.8,7.3,6.4,7.1,11.2,15.2,21.6,24.1,26.4,27.2,26.1,21.8,17.1,18.5,17.6,16,13.1,10.4,11.8,9.3,9.1,
花蓮,2024/08/08 00:00:00,PM10,28,24,22,21,21,19,22,19,26,#,20,15,14,21,21,18,21,22,18,22,23,20,23,25,
花蓮,2024/08/08 00:00:00,PM2.5,14,11,11,8,6,4,7,8,8,7,#,14,15,13,13,11,11,9,8,11,9,8,6,9,
花蓮,2024/08/08 00:00:00,RAINFALL,0,0,0,0,0,0,0,0,0,0,0,0,0,0,3.5,0.5,0,0,0,0,0,0,0,0,
花蓮,2024/08/08 00:00:00,RH,79,83,85,83,87,87,85,73,65,63,67,67,68,72,75,87,87,86,88,88,89,90,91,90,
花蓮,2024/08/08 00:00:00,SO2,0.8,0.8,0.9,0.8,1,1,1,1,0.9,5.1,0.3,0,0.1,0.4,0.4,0.6,0.9,0.7,0.8,0.6,0.8,0.9,0.7,0.7,
花蓮,2024/08/08 00:00:00,THC,1.91,1.93,1.91,1.92,1.93,1.97,1.95,1.9,1.93,1.91,1.85,#,#,1.82,1.89,1.94,1.93,1.94,1.95,1.93,1.92,1.93,1.92,1.93,
花蓮,2024/08/08 00:00:00,WD_HR,220,212,211,211,214,222,221,217,212,137,130,126,110,136,280,262,220,219,218,226,215,216,215,212,
花蓮,2024/08/08 00:00:00,WIND_DIREC,220,212,204,212,212,228,224,211,219,151,138,123,107,191,296,224,216,225,206,218,214,216,219,211,
花蓮,2024/08/08 00:00:00,WIND_SPEED,2.6,3.3,2.6,2.9,2.9,2.8,2.8,2.3,1.6,1.8,3,2.4,1.9,1.5,1.7,2.4,2.7,2.7,1.7,2.5,3,3.7,2.3,2.5,
花蓮,2024/08/08 00:00:00,WS_HR,2.3,2.8,2.6,2.8,3,2.5,2.2,2.6,1.7,1.7,2.2,2,2.1,1.4,2.1,1.5,2.6,2.6,2.4,1.7,2.3,3.1,2.6,2,
花蓮,2024/08/09 00:00:00,AMB_TEMP,28.2,28,27.6,27.5,27.4,27.1,28,29.9,32,33.5,33.6,33.5,34.1,33.6,32.7,32,29.7,29.2,28.9,28.7,28.8,28.4,28,28,
花蓮,2024/08/09 00:00:00,CH4,1.93,1.93,1.98,1.96,1.96,1.99,1.97,1.94,1.95,1.89,1.86,1.86,1.85,1.85,1.85,1.88,1.91,1.91,1.92,1.92,1.92,1.95,1.93,1.93,
花蓮,2024/08/09 00:00:00,CO,0.13,0.13,0.12,0.12,0.12,0.13,0.14,0.16,0.17,0.14,0.13,0.12,0.13,0.12,0.12,0.15,0.16,0.17,0.17,0.16,0.16,0.15,0.13,0.13,
花蓮,2024/08/09 00:00:00,NMHC,0,0,0,0,0,0,0,0,0,0,0,0,0,0,0,0,0,0.01,0,0,0,0,0,0,
花蓮,2024/08/09 00:00:00,NO,1.1,0,0.2,0,0.1,0.2,0.6,0.9,1.7,1.3,0.2,0.3,0.3,0.1,0.7,0.3,0.3,0.2,0.2,0.1,0,0.2,0,0,
花蓮,2024/08/09 00:00:00,NO2,1.6,2.8,2.7,2.4,2.4,2.4,2.3,2.3,3.4,3.8,2.1,2.3,1.8,1.4,2.4,3.1,4.2,4.4,4.3,3.5,3.3,3.3,2.6,2.5,
花蓮,2024/08/09 00:00:00,NOx,2.8,2.8,2.9,2.3,2.5,2.6,3,3.2,5.1,5.1,2.3,2.6,2.1,1.6,3.2,3.5,4.6,4.7,4.5,3.7,3.4,3.5,2.5,2.4,
花蓮,2024/08/09 00:00:00,O3,9.1,7.3,7,7.1,5.9,5.2,5.9,9.6,14.1,20.4,25.2,26.6,27.1,26.1,25.8,24,20.3,16.8,15.9,17.2,14.9,12.8,14.4,13.6,
花蓮,2024/08/09 00:00:00,PM10,23,19,21,23,26,26,27,21,23,21,16,17,9,17,15,24,21,20,16,16,11,21,17,13,
花蓮,2024/08/09 00:00:00,PM2.5,7,6,6,8,7,7,6,8,7,10,6,3,5,4,6,11,10,6,5,6,5,4,6,4,
花蓮,2024/08/09 00:00:00,RAINFALL,0,0,0,0,0,0,0,0,0,0,0,0,0,0,0,0,0,0,0,0,0,0,0,0,
花蓮,2024/08/09 00:00:00,RH,89,89,90,90,90,91,89,83,71,66,68,72,70,71,78,78,88,89,89,88,88,89,90,89,
花蓮,2024/08/09 00:00:00,SO2,0.8,0.5,0.5,0.5,0.4,0.5,0.5,0.6,1.3,1.8,0.1,0.1,0,0,0,#,1,1.1,1.1,1.2,1.1,1.2,1.1,1.1,
花蓮,2024/08/09 00:00:00,THC,1.92,1.93,1.95,1.95,1.94,1.97,1.96,1.93,1.95,1.88,1.84,1.83,1.83,1.83,1.82,1.87,1.91,1.92,1.92,1.92,1.92,1.95,1.92,1.92,
花蓮,2024/08/09 00:00:00,WD_HR,215,222,217,221,224,215,215,209,202,120,107,108,123,135,129,170,216,214,220,220,224,216,215,222,
花蓮,2024/08/09 00:00:00,WIND_DIREC,229,206,220,217,224,214,211,208,152,115,90,113,129,129,104,196,215,216,216,211,238,216,217,223,
花蓮,2024/08/09 00:00:00,WIND_SPEED,2.2,1.9,1.9,1.9,2.2,2.4,2.5,1.8,1.3,2.3,2.9,2.7,2.4,2.2,1.6,2.9,3.4,3.3,3.1,2.6,1.8,3.3,2.4,2.8,
花蓮,2024/08/09 00:00:00,WS_HR,2.2,1.7,2.2,1.9,2,2.6,2.7,2.2,1.1,1.5,2.1,2.5,1.9,1.9,1.4,1.4,3,2.7,2.9,2.7,2.1,2.6,2.9,2.6,
花蓮,2024/08/10 00:00:00,AMB_TEMP,27.8,27.6,27.5,27.5,27.5,27.3,27.7,29.1,31.8,34,33.1,33.1,33.4,32.3,31.9,31.8,31.8,31.6,30.2,29.6,29.5,29.4,29,28.7,
花蓮,2024/08/10 00:00:00,CH4,1.93,1.97,1.95,1.94,1.94,1.94,1.96,1.95,1.91,1.9,1.87,1.86,1.86,1.86,1.86,1.86,1.87,1.92,1.94,1.95,1.94,1.94,1.94,1.96,
花蓮,2024/08/10 00:00:00,CO,0.13,0.13,0.13,0.12,0.12,0.13,0.15,0.16,0.16,0.17,0.14,0.13,0.13,0.13,0.14,0.16,0.21,0.22,0.18,0.18,0.21,0.15,0.15,0.15,
花蓮,2024/08/10 00:00:00,NMHC,0,0,0,0,0,0,0,0.02,0.01,0,0,0,0,0,0,0,0.02,0.03,0.01,0.01,0.03,0.01,0,0,
花蓮,2024/08/10 00:00:00,NO,0,0.4,0.2,0.3,0.3,0.4,0.8,1.2,1.6,1.4,0.8,0.8,0.6,0.4,0.4,0.5,0.7,0.7,0.4,0.6,0.8,0.6,0.6,0.5,
花蓮,2024/08/10 00:00:00,NO2,2.1,1.4,1.6,1.2,1.1,1.3,1.6,1.8,2,2.8,1.9,1.1,0.9,1.2,1.3,2.6,4.7,5,3.2,3.2,3.9,2.4,2.1,1.8,
花蓮,2024/08/10 00:00:00,NOx,1.9,1.9,1.9,1.5,1.5,1.8,2.5,3,3.6,4.2,2.8,1.9,1.5,1.7,1.7,3.2,5.4,5.8,3.7,3.8,4.7,3,2.8,2.4,
花蓮,2024/08/10 00:00:00,O3,13.7,11.5,9.7,10.1,9.4,8.8,8.1,10,14.9,24.4,26.4,28.5,27.6,28.3,29.3,30.8,28.4,23.3,18.9,15.7,11.4,13.1,12,12.1,
花蓮,2024/08/10 00:00:00,PM10,19,15,21,20,21,25,18,23,20,22,10,8,13,16,7,37,42,28,20,19,29,18,22,18,
花蓮,2024/08/10 00:00:00,PM2.5,3,3,3,3,7,7,5,3,3,3,3,3,3,5,7,8,16,8,8,6,9,8,4,3,
花蓮,2024/08/10 00:00:00,RAINFALL,0,0,0,0,0,0,0,0,0,0,0,0,0,0,0,0,0,0,0,0,0,0,0,0,
花蓮,2024/08/10 00:00:00,RH,89,90,90,89,89,89,88,85,69,61,67,72,73,77,82,80,78,78,82,88,88,87,87,88,
花蓮,2024/08/10 00:00:00,SO2,1.1,0.6,0.6,0.6,0.6,0.7,0.8,0.8,0.7,1.4,0.5,0.2,0.1,0.1,0.2,1,1.9,1.5,0.8,0.7,0.8,0.8,0.8,0.7,
花蓮,2024/08/10 00:00:00,THC,1.91,1.95,1.92,1.92,1.92,1.93,1.95,1.97,1.92,1.9,1.86,1.84,1.84,1.84,1.84,1.85,1.89,1.95,1.95,1.96,1.97,1.95,1.93,1.95,
花蓮,2024/08/10 00:00:00,WD_HR,219,220,226,214,215,216,217,219,211,126,128,126,133,135,140,163,172,212,212,220,216,210,217,213,
花蓮,2024/08/10 00:00:00,WIND_DIREC,214,223,214,211,212,219,212,204,214,127,116,130,132,133,142,175,198,203,209,224,207,210,214,218,
花蓮,2024/08/10 00:00:00,WIND_SPEED,2.2,2.6,3,2.6,2.7,2,2.2,2.2,1.6,3.1,2.6,2.9,2.9,2.4,1.8,2.5,1.3,2.4,2,2.3,2.1,2.1,2.5,2.1,
花蓮,2024/08/10 00:00:00,WS_HR,2.4,2.3,2.2,2.9,2.7,2.1,2.1,2.3,1.1,1.4,2.1,2.6,2,2,1.7,1.7,1.3,1.9,2.3,2,1.9,2.4,2.3,2.2,
花蓮,2024/08/11 00:00:00,AMB_TEMP,28.3,27.8,27.8,27.7,27.6,27.4,28.4,30.5,32.2,33.6,32.9,33.1,33.9,33.7,33.3,32.5,32.2,31.9,31.9,32,31.6,31.1,30.3,29.9,
花蓮,2024/08/11 00:00:00,CH4,1.96,1.96,1.96,1.98,1.97,2,1.97,1.99,1.94,1.93,1.87,1.86,1.86,1.86,1.85,1.86,1.86,1.87,1.87,1.9,1.9,1.96,1.98,1.98,
花蓮,2024/08/11 00:00:00,CO,0.14,0.14,0.13,0.14,0.14,0.14,0.15,0.16,0.16,0.17,0.15,0.15,0.14,0.13,0.13,0.14,0.15,0.17,0.2,0.26,0.2,0.18,0.17,0.15,
花蓮,2024/08/11 00:00:00,NMHC,0,0,0,0,0,0,0,0,0.01,0,0,0,0,0,0,0,0,0,0.01,0.04,0.02,0.01,0,0,
花蓮,2024/08/11 00:00:00,NO,0.3,0.7,0.6,0.6,0.7,0.8,0.9,1.3,1.5,1.3,0.9,1.1,1,0.6,0.8,0.7,0.8,0.8,0.6,0.8,0.7,0.6,0.8,0.9,
花蓮,2024/08/11 00:00:00,NO2,1.5,1.3,1,1,1,1.1,1.2,1.2,2.2,2.2,1.5,1.3,1,0.8,0.7,0.7,1.2,1.6,2.4,5,3.4,2.6,2.1,1.6,
花蓮,2024/08/11 00:00:00,NOx,1.8,2.1,1.7,1.7,1.7,1.9,2.1,2.5,3.8,3.5,2.4,2.5,2.1,1.5,1.5,1.4,2,2.4,3.1,5.8,4.2,3.2,2.9,2.5,
花蓮,2024/08/11 00:00:00,O3,11.8,10.5,10.7,10,9.6,8.6,10.5,13.4,20.1,25.2,30.1,31.8,32.8,36.5,38.6,33.5,33.7,33.6,30.2,24,26,18.8,15.5,14.5,
花蓮,2024/08/11 00:00:00,PM10,20,23,24,25,29,27,28,28,29,25,17,13,18,21,14,13,17,17,25,35,25,24,22,18,
花蓮,2024/08/11 00:00:00,PM2.5,4,4,6,6,6,6,6,9,8,8,7,4,3,3,7,6,3,5,11,12,13,12,9,8,
花蓮,2024/08/11 00:00:00,RAINFALL,0,0,0,0,0,0,0,0,0,0,0,0,0,0,0,0,0,0,0,0,0,0,0,0,
花蓮,2024/08/11 00:00:00,RH,88,89,88,88,88,89,86,76,69,63,72,75,75,75,76,77,78,78,77,77,77,82,87,87,
花蓮,2024/08/11 00:00:00,SO2,0.8,0.4,0.4,0.5,0.5,0.5,0.4,1.8,4.8,5.4,0,0.1,0,0,0,0,0.1,0.3,0.5,1.1,0.5,0.3,0.3,0.3,
花蓮,2024/08/11 00:00:00,THC,1.94,1.94,1.94,1.96,1.94,1.99,1.95,1.99,1.95,1.92,1.86,1.85,1.85,1.84,1.83,1.84,1.84,1.87,1.88,1.94,1.92,1.97,1.98,1.98,
花蓮,2024/08/11 00:00:00,WD_HR,214,207,215,210,216,214,215,208,197,142,132,143,143,121,126,136,141,180,114,210,196,204,205,215,
花蓮,2024/08/11 00:00:00,WIND_DIREC,214,199,217,208,216,218,211,201,211,124,136,142,141,118,126,145,143,223,98,241,222,196,203,215,
花蓮,2024/08/11 00:00:00,WIND_SPEED,3,2.7,2.2,2.4,2.2,3.5,3.1,2.5,1.5,2.3,2.5,2.8,2.9,2.9,2.7,2.1,1.9,1.5,0.7,1.4,2.1,1.9,2.5,1.4,
花蓮,2024/08/11 00:00:00,WS_HR,2.4,2.5,2.6,2.3,2.5,2.7,2.9,2.1,1.1,1.5,1.9,2.2,2.4,2.2,2.3,1.9,1.7,1.2,0.7,0.7,1.2,2.2,2.2,2,
花蓮,2024/08/12 00:00:00,AMB_TEMP,29.6,29.2,28.6,28.2,28.1,28,28.6,30.3,32.4,33.9,33.7,33.8,34.1,33.8,32.9,33.3,32.5,32.3,31.9,31.8,30.9,30.4,30,29.8,
花蓮,2024/08/12 00:00:00,CH4,1.95,1.96,2.02,2,1.99,1.98,1.99,1.97,1.94,1.89,1.87,1.86,1.85,1.85,1.85,1.85,1.85,1.85,1.86,1.89,1.9,1.92,1.94,1.91,
花蓮,2024/08/12 00:00:00,CO,0.15,0.14,0.14,0.14,0.14,0.14,0.16,0.16,0.17,0.16,0.14,0.14,0.13,0.12,0.12,0.14,0.13,0.17,0.18,0.19,0.18,0.15,0.14,0.13,
花蓮,2024/08/12 00:00:00,NMHC,0,0,0,0,0,0,0,0,0,0,0,0,0,0,0,0,0,0,0,0.02,0.01,0,0,0,
花蓮,2024/08/12 00:00:00,NO,0.7,0.5,0.6,0.6,0.5,0.6,1,1.3,1.6,1.4,0.9,0.8,0.8,0.6,0.7,1,1,0.9,0.6,0.7,0.7,0.6,0.6,0.7,
花蓮,2024/08/12 00:00:00,NO2,1.3,0.9,1.4,1,1,1.1,1.4,1.1,1.8,2.4,0.9,0.6,0.3,0.3,0.9,1.2,1,2.2,2.6,4.1,3.1,1.8,1.5,0.9,
花蓮,2024/08/12 00:00:00,NOx,2,1.5,2,1.7,1.6,1.8,2.5,2.5,3.4,3.8,1.8,1.4,1.2,1,1.6,2.3,2,3.1,3.2,4.9,3.9,2.4,2.1,1.6,
花蓮,2024/08/12 00:00:00,O3,14.2,13.7,10.7,9.4,9,8.9,8.4,11.1,17.3,24,26.7,26.6,25.4,23.8,23.2,25.5,25.5,21.2,23.5,16.2,16.1,17.5,15.6,17.5,
花蓮,2024/08/12 00:00:00,PM10,21,26,25,22,29,30,28,26,27,20,11,11,13,14,13,11,13,13,17,22,22,21,21,21,
花蓮,2024/08/12 00:00:00,PM2.5,5,6,4,6,8,6,4,6,5,5,5,4,5,3,2,5,4,3,6,8,12,8,6,8,
花蓮,2024/08/12 00:00:00,RAINFALL,0,0,0,0,0,0,0,0,0,0,0,0,0,0,0,0,0,0,0,0,0,0,0,0,
花蓮,2024/08/12 00:00:00,RH,87,88,88,89,88,88,87,80,67,63,69,70,69,71,74,74,76,76,79,77,79,78,78,76,
花蓮,2024/08/12 00:00:00,SO2,0.4,0.5,0.5,0.5,0.5,0.6,0.6,0.7,0.4,1.6,0.1,0,0,0,0,0.1,0.3,0.4,0.5,1.5,1.2,0.5,0.6,0.6,
花蓮,2024/08/12 00:00:00,THC,1.94,1.94,2,1.98,1.98,1.97,1.98,1.96,1.94,1.89,1.86,1.85,1.83,1.83,1.83,1.83,1.83,1.85,1.86,1.91,1.91,1.92,1.94,1.89,
花蓮,2024/08/12 00:00:00,WD_HR,221,213,214,222,215,220,214,214,208,136,132,139,125,133,116,139,127,142,153,206,205,208,213,218,
花蓮,2024/08/12 00:00:00,WIND_DIREC,225,215,215,216,213,226,209,216,186,126,141,134,123,129,121,140,148,130,246,174,208,215,222,219,
花蓮,2024/08/12 00:00:00,WIND_SPEED,2,2.7,2.1,2.1,1.9,2.2,2.2,2.2,1.7,2.2,2.7,2.7,2.9,2.7,2,2.1,1.7,1.4,1.3,1,2.3,1.7,2.9,3,
花蓮,2024/08/12 00:00:00,WS_HR,2.2,2.4,2.1,2.1,2.2,2.2,2.1,2.3,1.3,1.7,2,2.3,2.2,2.4,2.1,1.5,1.5,1.4,0.9,1.4,1.8,2.3,2.3,2.5,
花蓮,2024/08/13 00:00:00,AMB_TEMP,29,28.9,28.8,28.3,28.1,27.9,28.5,29.8,32.3,33.9,34,33.2,32.2,31.8,31.3,31,30.6,29.5,29.2,28.7,28.4,28.3,28.1,27.9,
花蓮,2024/08/13 00:00:00,CH4,1.95,1.95,1.94,1.95,1.95,1.95,1.95,1.95,1.93,#,1.86,1.85,1.85,1.85,1.85,1.86,1.87,1.91,1.91,1.93,1.93,1.92,1.95,1.94,
花蓮,2024/08/13 00:00:00,CO,0.13,0.12,0.12,0.12,0.12,0.14,0.14,0.16,0.15,0.13,0.12,0.12,#,0.12,0.12,0.13,0.18,0.21,0.25,0.2,0.21,0.17,0.15,0.15,
花蓮,2024/08/13 00:00:00,NMHC,0,0,0,0,0,0,0,0,0,#,0,0,0,0,0,0,0,0.02,0.04,0.01,0.01,0,0,0,
花蓮,2024/08/13 00:00:00,NO,0.8,0.5,0.6,0.4,0.5,0.6,0.8,1,1.4,1.5,1.1,#,#,0.5,0.3,0.2,0.5,0.7,0.5,0.3,0.3,0.2,0.4,0.3,
花蓮,2024/08/13 00:00:00,NO2,0.8,1.4,1.3,1.3,1.4,1.9,1.8,1.7,2.3,3.2,2.2,#,#,1.3,1.5,1.7,2.6,5.6,5.2,4.8,3.4,3.1,2.4,2.4,
花蓮,2024/08/13 00:00:00,NOx,1.6,2,1.9,1.8,2,2.5,2.6,2.8,3.8,4.8,3.3,#,#,1.9,1.8,2,3.1,6.4,5.8,5.2,3.7,3.4,2.8,2.7,
花蓮,2024/08/13 00:00:00,O3,14.5,13.9,13.7,11.6,10.7,9.5,9.6,12.2,17.1,24,#,25.4,28,29.1,31.6,32.3,29.9,25,23.3,20.8,18.7,16.1,16.3,13.4,
花蓮,2024/08/13 00:00:00,PM10,20,18,20,23,22,27,29,23,27,#,11,11,15,11,13,11,16,23,21,18,21,21,19,25,
花蓮,2024/08/13 00:00:00,PM2.5,6,5,4,5,4,5,5,4,6,4,#,6,7,6,5,5,6,8,10,8,6,9,7,5,
花蓮,2024/08/13 00:00:00,RAINFALL,0,0,0,0,0,0,0,0,0,0,#,0,0,0,0,0,0,0,0,0,0,0,0,0,
花蓮,2024/08/13 00:00:00,RH,84,87,87,88,87,88,87,78,68,64,68,70,72,74,76,77,78,80,79,80,81,81,80,82,
花蓮,2024/08/13 00:00:00,SO2,0.5,0.5,0.4,0.5,0.5,0.6,0.4,0.6,0.5,1.7,#,#,#,0,0.1,0.3,0.5,0.5,0.6,0.6,0.3,0.3,0.4,0.6,
花蓮,2024/08/13 00:00:00,THC,1.93,1.93,1.9,1.92,1.93,1.93,1.94,1.94,1.93,#,1.84,1.83,1.82,1.82,1.82,1.83,1.87,1.93,1.95,1.94,1.94,1.92,1.94,1.92,
花蓮,2024/08/13 00:00:00,WD_HR,213,219,217,219,220,213,214,214,208,136,114,117,114,103,106,116,202,214,220,214,221,215,223,225,
花蓮,2024/08/13 00:00:00,WIND_DIREC,207,216,222,224,219,214,210,222,203,127,130,107,121,118,118,135,278,224,218,218,225,219,229,220,
花蓮,2024/08/13 00:00:00,WIND_SPEED,2.5,2.5,2.7,2.7,2.2,2.9,3,2,2.1,1.8,1.8,3,2.8,1.8,2.1,1.6,1.7,2.1,2.4,2.6,2.7,2.6,2.7,2,
花蓮,2024/08/13 00:00:00,WS_HR,2.7,2.5,2.4,2.5,2.4,2.5,2.7,2.3,1.5,1.2,1.7,2.2,2.4,1.5,2,1.5,1.2,1.9,2.1,2.1,2.4,2.4,2.3,1.9,
花蓮,2024/08/14 00:00:00,AMB_TEMP,27.4,27.1,26.8,26.7,26.4,26.3,26.7,28.3,30.9,32.5,32.4,32.6,32.7,31.8,30.2,28.3,27.2,26.8,26.4,26.3,26.3,26.4,26.4,26.3,
花蓮,2024/08/14 00:00:00,CH4,1.94,1.95,1.96,1.95,1.95,1.94,1.95,1.97,1.95,1.88,1.84,1.84,1.84,1.84,1.86,1.9,1.89,1.87,1.93,1.91,1.9,1.93,1.92,1.93,
花蓮,2024/08/14 00:00:00,CO,0.13,0.13,0.13,0.12,0.13,0.13,0.14,0.16,0.15,0.15,0.12,0.11,0.11,0.1,0.15,0.15,0.21,0.25,0.18,0.15,0.14,0.14,0.14,0.12,
花蓮,2024/08/14 00:00:00,NMHC,0,0,0,0,0,0,0,0,0,0,0,0,0,0,0,0.01,0.05,0.06,0.02,0,0,0,0,0,
花蓮,2024/08/14 00:00:00,NO,0.3,0.2,0.2,0.1,0.3,0.2,0.3,0.8,1.1,1,0.6,0.4,0.4,0.4,0.5,0.8,0.8,1.5,0.7,0.7,0.4,0.3,0.4,0.3,
花蓮,2024/08/14 00:00:00,NO2,1.9,1.7,1.4,1.3,1.2,1.3,1.5,1.6,1.9,2.3,1.3,0.9,0.9,0.8,2.6,4,6,6.1,5,3.7,2.7,2.3,2.1,1.6,
花蓮,2024/08/14 00:00:00,NOx,2.3,1.9,1.7,1.5,1.5,1.6,1.8,2.5,3,3.4,2,1.3,1.3,1.2,3.2,4.8,6.8,7.7,5.7,4.4,3.2,2.6,2.5,2,
花蓮,2024/08/14 00:00:00,O3,11.6,10.7,10.1,9.2,8.8,8.5,7.9,9.8,16.9,23,26.1,23.3,20.9,21.7,22.1,18.5,16.7,12.1,12,12,12.2,11.3,10.6,9.8,
花蓮,2024/08/14 00:00:00,PM10,24,21,23,24,28,24,27,27,21,19,19,4,6,13,19,17,21,21,18,18,20,14,18,29,
花蓮,2024/08/14 00:00:00,PM2.5,2,3,4,6,4,4,3,7,5,6,4,4,2,1,5,9,5,4,4,3,2,1,3,3,
花蓮,2024/08/14 00:00:00,RAINFALL,0,0,0,0,0,0,0,0,0,0,0,0,0,0,0,0,2,1.5,0,0,0,0,0,0,
花蓮,2024/08/14 00:00:00,RH,87,87,88,88,88,88,87,83,69,66,68,67,69,73,81,86,88,89,90,91,90,90,90,90,
花蓮,2024/08/14 00:00:00,SO2,0.6,0.3,0.5,0.3,0.4,0.5,0.4,0.4,0.9,2.5,0,0.1,0,0,1.7,0.3,0.4,0.6,0.5,0.5,0.5,0.6,0.6,0.4,
花蓮,2024/08/14 00:00:00,THC,1.92,1.93,1.94,1.94,1.93,1.93,1.94,1.97,1.94,1.87,1.83,1.82,1.82,1.82,1.86,1.91,1.94,1.93,1.95,1.91,1.9,1.92,1.92,1.91,
花蓮,2024/08/14 00:00:00,WD_HR,222,219,220,218,214,216,213,216,209,136,123,114,112,114,191,209,327,278,216,218,215,217,219,219,
花蓮,2024/08/14 00:00:00,WIND_DIREC,222,214,218,218,216,216,212,227,212,144,122,116,102,133,210,35,291,223,214,214,213,225,215,230,
花蓮,2024/08/14 00:00:00,WIND_SPEED,1.7,2.2,2.6,2.7,2.4,3,3.5,2.8,1.3,2.1,2.4,2.8,2.5,2,3.2,1,1.4,1.1,2.5,2.6,2.7,3,3.1,2.6,
花蓮,2024/08/14 00:00:00,WS_HR,2,2.1,2.2,2.4,2.6,2.8,3,2.8,1.5,1.4,2,2.4,2.1,2.1,2.4,1.1,1.4,1.3,2,2.8,2.7,2.7,2.7,2.5,
花蓮,2024/08/15 00:00:00,AMB_TEMP,26.3,26.1,26,26,25.8,25.8,26.2,27.8,29.6,32,32.1,31.6,30.7,30.3,29.3,27.2,27.2,27.2,26.8,26.4,26.4,26.4,26.2,25.9,
花蓮,2024/08/15 00:00:00,CH4,1.92,1.93,1.95,1.94,1.95,1.96,1.97,1.93,1.93,1.91,1.87,1.85,1.84,1.84,1.85,1.86,1.86,1.87,1.87,1.89,1.89,1.9,1.91,1.9,
花蓮,2024/08/15 00:00:00,CO,0.13,0.12,0.12,0.12,0.12,0.13,0.16,0.17,0.18,0.2,0.22,0.15,0.11,0.12,0.18,0.2,0.22,0.26,0.28,0.23,0.22,0.21,0.19,0.17,
花蓮,2024/08/15 00:00:00,NMHC,0,0,0,0,0,0,0,0.01,0.02,0.01,0,0,0,0,0.01,0.45,0.09,0.07,0.07,0.05,0.04,0.03,0.01,0,
花蓮,2024/08/15 00:00:00,NO,0.3,0.5,0.6,0.5,0.5,0.7,1.4,2,2.5,3.6,2.5,1.4,0.8,1,1.3,1.7,2.1,1.7,2.1,1.1,1.1,1.2,0.8,0.8,
花蓮,2024/08/15 00:00:00,NO2,1.7,1.4,1.4,1.4,1.4,1.5,1.9,1.8,2.5,5.2,4.3,2.5,1.4,2,3.6,5.6,7.2,7.3,7.9,6,5.4,4.7,4,2.6,
花蓮,2024/08/15 00:00:00,NOx,2,2,2.1,1.9,2,2.3,3.4,3.9,5,8.9,6.9,3.9,2.3,3.1,5,7.3,9.3,9.1,10,7.2,6.5,5.9,4.8,3.5,
花蓮,2024/08/15 00:00:00,O3,8.5,7.7,6.9,6.5,5.6,4.8,4.4,6.5,10.2,18.5,28,30,27.8,25.6,22.2,16.8,12.8,14,9.6,11.9,7.7,7.5,8.8,10.1,
花蓮,2024/08/15 00:00:00,PM10,24,22,21,27,30,32,29,28,25,24,16,16,10,10,8,12,16,21,17,19,24,21,20,18,
花蓮,2024/08/15 00:00:00,PM2.5,1,2,2,5,4,6,6,11,7,7,3,3,3,1,2,4,4,4,6,4,3,5,4,4,
花蓮,2024/08/15 00:00:00,RAINFALL,0,0,0,0,0,0,0,0,0,0,0,0,0,0,0.5,1,0,0,0,0.5,0,0,0,0,
花蓮,2024/08/15 00:00:00,RH,89,90,90,90,90,90,90,86,79,64,66,73,78,79,79,88,89,88,89,90,91,91,91,92,
花蓮,2024/08/15 00:00:00,SO2,0.4,0.7,0.7,0.8,0.7,0.7,0.7,0.8,0.8,1,0.7,0.5,0.3,0.4,0.6,0.8,0.8,0.9,0.9,0.9,0.7,0.7,1,0.9,
花蓮,2024/08/15 00:00:00,THC,1.9,1.91,1.92,1.93,1.94,1.95,1.97,1.94,1.95,1.92,1.86,1.83,1.81,1.83,1.86,2.31,1.95,1.94,1.94,1.94,1.93,1.93,1.92,1.9,
花蓮,2024/08/15 00:00:00,WD_HR,224,222,218,228,225,218,227,207,200,99,89,91,93,69,32,247,200,328,243,230,232,251,220,231,
花蓮,2024/08/15 00:00:00,WIND_DIREC,220,229,222,233,219,212,231,200,x,102,92,86,89,40,320,213,51,300,217,211,228,279,229,242,
花蓮,2024/08/15 00:00:00,WIND_SPEED,2.7,2.1,1.9,2.1,2.4,2,2.5,2,1.1,2.9,3.8,3.7,3.4,2.9,1.6,2.2,1,1.7,1.8,1,1.8,1.2,2.1,1.2,
花蓮,2024/08/15 00:00:00,WS_HR,1.9,2.3,2.1,1.9,2.2,2,2.1,1.9,1.2,2,3.3,3.2,3.2,2.1,1.6,1.3,0.3,1.1,1.4,1.4,1.3,1.4,1.5,1.6,
花蓮,2024/08/16 00:00:00,AMB_TEMP,25.8,25.8,25.4,25.3,25.1,25,25.6,27.1,29,31,31.2,31.2,31,30.7,29.5,29,27.7,27.2,27.3,26.8,26.6,26.5,26.4,26.3,
花蓮,2024/08/16 00:00:00,CH4,1.91,1.91,1.92,1.95,1.92,1.93,1.95,1.93,1.9,1.87,1.86,1.86,1.85,1.85,1.85,1.85,1.86,1.87,1.88,1.89,1.91,1.9,1.92,1.89,
花蓮,2024/08/16 00:00:00,CO,0.17,0.15,0.15,0.13,0.13,0.13,0.17,0.18,0.23,0.18,0.18,0.14,0.13,0.13,0.13,0.17,0.23,0.3,0.34,0.2,0.18,0.17,0.15,0.13,
花蓮,2024/08/16 00:00:00,NMHC,0,0,0,0,0,0,0,0.01,0.04,0,0,0,0,0,0,0.01,0.03,0.06,0.09,0.02,0.02,0.02,0,0,
花蓮,2024/08/16 00:00:00,NO,0.7,0.9,0.7,0.7,0.8,0.9,1.6,2,3.7,3.3,1.9,1.5,1.2,1,1.1,1.2,1.5,1.9,2,1.1,0.9,1,0.7,0.5,
花蓮,2024/08/16 00:00:00,NO2,2.3,2.1,2,1.6,1.4,1.5,1.9,1.9,4.3,4.3,3.1,2.3,1.8,1.5,2.2,3.3,4.9,7.5,9.8,3.8,3.9,3.5,2.4,1.7,
花蓮,2024/08/16 00:00:00,NOx,3,3.1,2.7,2.4,2.2,2.4,3.5,4,8.1,7.6,5.1,3.8,3.1,2.6,3.4,4.6,6.5,9.4,11.9,4.9,4.8,4.5,3.2,2.2,
花蓮,2024/08/16 00:00:00,O3,8.8,8,6.3,6.4,6.3,5.7,4.9,7,12.7,21.6,27.9,29.9,27.5,29.3,23.6,21.5,19.7,16.2,10.4,14,12.4,11.4,12.5,12.6,
花蓮,2024/08/16 00:00:00,PM10,26,23,24,28,22,22,26,28,20,12,20,13,11,10,12,17,15,14,20,16,17,22,18,23,
花蓮,2024/08/16 00:00:00,PM2.5,3,4,6,8,5,3,5,7,3,3,5,1,0,0,0,0,1,2,2,7,6,5,6,5,
花蓮,2024/08/16 00:00:00,RAINFALL,0,0,0,0,0,0,0,0,0,0,0,0,0,0,0,0,1,0.5,0,0,0,0,0,0,
花蓮,2024/08/16 00:00:00,RH,92,91,92,92,92,92,91,88,79,67,71,72,74,75,80,87,88,89,90,90,91,91,91,90,
花蓮,2024/08/16 00:00:00,SO2,0.9,0.2,0.3,0.3,0.2,0,0.2,0.2,0.4,x,x,#,x,x,x,0.1,0.2,0.2,0.4,0.4,0.3,0.2,0.2,0.3,
花蓮,2024/08/16 00:00:00,THC,1.91,1.91,1.9,1.94,1.91,1.92,1.95,1.94,1.94,1.87,1.85,1.85,1.83,1.84,1.84,1.86,1.89,1.93,1.97,1.91,1.93,1.92,1.92,1.88,
花蓮,2024/08/16 00:00:00,WD_HR,223,222,236,226,225,219,228,218,5,49,73,77,79,61,49,357,290,278,237,225,226,224,223,217,
花蓮,2024/08/16 00:00:00,WIND_DIREC,215,224,274,220,227,220,230,207,42,62,69,91,50,73,17,351,280,264,213,225,227,217,222,219,
花蓮,2024/08/16 00:00:00,WIND_SPEED,1.2,2.4,1.4,2.6,2.1,2.6,2.6,1.8,1.8,2.8,3.7,3.8,3,3.3,2.1,2.5,1.9,1,2.1,1.5,2.4,2.5,2.6,2.3,
花蓮,2024/08/16 00:00:00,WS_HR,1.3,1.6,1.4,2.1,2.3,2.3,2.2,2.1,0.3,1.9,2.5,2.9,2.7,2.5,1.9,1.5,1.9,1.5,1.1,2,2.3,2.1,2.5,2.6,
花蓮,2024/08/17 00:00:00,AMB_TEMP,26,25.9,25.7,25.5,25.3,25.4,25.8,26.6,29.1,30.8,32.1,31.8,31.9,31.2,31,29.4,27.4,27.1,26.9,26.6,26.6,26.7,26.6,26.3,
花蓮,2024/08/17 00:00:00,CH4,1.91,1.94,1.97,1.95,1.94,1.95,1.97,1.97,1.92,1.92,1.87,1.86,1.86,1.86,1.86,1.86,1.87,1.89,1.9,1.92,1.93,1.95,1.94,1.95,
花蓮,2024/08/17 00:00:00,CO,0.13,0.12,0.12,0.12,0.12,0.13,0.15,0.16,0.17,0.18,0.16,0.15,0.14,0.15,0.16,0.17,0.19,0.24,0.19,0.17,0.16,0.14,0.14,0.14,
花蓮,2024/08/17 00:00:00,NMHC,0,0,0,0,0,0,0,0,0,0,0,0,0,0,0,0,0,0.04,0.02,0.01,0,0,0,0,
花蓮,2024/08/17 00:00:00,NO,0.6,0.4,0.4,0.4,0.4,0.4,1,1.3,1.8,1.6,1.2,0.6,0.5,0.4,0.6,0.5,0.5,0.7,0.6,0.4,0.5,0.3,0.3,0.3,
花蓮,2024/08/17 00:00:00,NO2,1.3,1.3,1.4,1.3,1.5,1.2,1.8,1.4,2,2.7,2.5,1.7,1.5,1.6,1.4,1.5,2.9,4.1,3,2.4,2.2,1.6,1.4,1.4,
花蓮,2024/08/17 00:00:00,NOx,2,1.7,1.8,1.7,2,1.7,2.8,2.8,3.8,4.3,3.7,2.3,2.1,2,2,2,3.4,4.8,3.7,2.8,2.7,1.9,1.7,1.8,
花蓮,2024/08/17 00:00:00,O3,11.4,11.2,9.8,8.4,6.4,6.7,6.1,7.3,11.7,18.2,33.7,37.8,41.3,43.6,44.5,46.1,39.9,34.8,32.9,29.1,26.3,24.3,22.6,18.7,
花蓮,2024/08/17 00:00:00,PM10,24,22,24,23,30,32,29,26,22,20,10,9,9,12,14,19,11,11,13,8,11,9,17,17,
花蓮,2024/08/17 00:00:00,PM2.5,4,3,3,2,0,5,6,3,2,1,3,4,3,3,2,4,8,9,6,7,8,5,3,4,
花蓮,2024/08/17 00:00:00,RAINFALL,0,0,0,0,0,0,0,0,0,0,0,0,0,0,0,9,11.5,2,1.5,0,0,0,0,0,
花蓮,2024/08/17 00:00:00,RH,91,91,91,91,91,91,90,89,81,72,68,71,71,74,76,83,94,93,95,97,95,94,93,94,
花蓮,2024/08/17 00:00:00,SO2,0.1,0.7,0.7,0.6,0.7,0.6,0.6,0.6,0.8,1.4,1.1,0.3,0.3,0.3,0.3,0.6,0.8,0.8,0.8,0.8,0.7,0.7,0.7,0.8,
花蓮,2024/08/17 00:00:00,THC,1.9,1.92,1.95,1.94,1.93,1.93,1.97,1.97,1.92,1.92,1.87,1.85,1.84,1.84,1.84,1.85,1.87,1.93,1.92,1.93,1.93,1.94,1.92,1.94,
花蓮,2024/08/17 00:00:00,WD_HR,218,221,229,225,226,218,220,216,225,186,120,113,111,124,126,96,87,250,208,216,211,205,212,208,
花蓮,2024/08/17 00:00:00,WIND_DIREC,219,214,226,225,216,229,212,226,231,109,136,105,115,114,131,64,119,232,215,209,214,215,207,202,
花蓮,2024/08/17 00:00:00,WIND_SPEED,2.8,2.2,2.3,2.3,2.4,2.3,2.9,2.1,1.7,2,1.8,2.5,2,2,1.7,1.9,1.1,2.3,2.6,1.5,3,3.2,1.6,1.6,
花蓮,2024/08/17 00:00:00,WS_HR,2.4,2.4,2.3,1.9,1.8,2.2,2.5,2.4,1.5,1.2,1.7,2,1.6,1.6,1.5,1.5,1,0.5,2.6,2.1,2.2,2.8,2.4,2,
花蓮,2024/08/18 00:00:00,AMB_TEMP,26.3,26.2,26,26.1,26.1,26.1,26.6,27.2,28,29.1,31.4,31.8,#,30.8,29.5,27.3,25.7,26,25.8,26,26.1,26.2,26.2,26,
花蓮,2024/08/18 00:00:00,CH4,2.01,2,2.09,2.01,1.98,2.05,1.97,1.99,2.01,2,1.93,1.88,#,1.87,1.88,1.89,1.9,1.89,1.89,1.9,1.91,1.93,1.94,1.98,
花蓮,2024/08/18 00:00:00,CO,0.14,0.14,0.13,0.13,0.13,0.14,0.17,0.18,0.21,0.19,0.24,0.21,#,0.16,0.18,0.22,0.21,0.2,0.18,0.2,0.14,0.13,0.14,0.14,
花蓮,2024/08/18 00:00:00,NMHC,0,0,0,0,0,0,0.01,0.01,0.02,0.01,0.09,0,#,0,0,0.05,0.02,0.03,0.02,0.04,0.02,0,0,0,
花蓮,2024/08/18 00:00:00,NO,0.2,1.3,1.1,1.2,1.7,1.3,1.6,1.8,2.2,2,2.5,2,#,1.3,1.2,1.5,1.4,1.3,1.2,1.4,1.2,1.2,1.2,1.1,
花蓮,2024/08/18 00:00:00,NO2,1.4,2.1,1.4,1.4,1.7,1.7,2.2,2,2.5,2.3,4.1,3.5,#,1.3,1.8,3.7,4.3,4.6,3.1,4.5,2.1,1.5,1.8,2,
花蓮,2024/08/18 00:00:00,NOx,1.7,3.4,2.6,2.7,3.4,3.1,3.8,3.9,4.7,4.3,6.6,5.6,#,2.6,3.1,5.2,5.8,5.9,4.3,5.9,3.3,2.7,3,3.1,
花蓮,2024/08/18 00:00:00,O3,17.2,13.6,11.9,10.5,7.3,9.1,8,7.8,8.9,13.2,27.9,37,#,41.7,37.8,34.5,31.7,27.6,31.8,26.9,27.9,24.8,21,17,
花蓮,2024/08/18 00:00:00,PM10,19,22,25,29,26,30,31,29,28,23,28,21,13,14,13,20,10,9,15,10,7,7,14,17,
花蓮,2024/08/18 00:00:00,PM2.5,4,7,6,3,0,3,5,4,6,6,11,8,6,5,3,7,5,7,3,1,2,1,2,2,
花蓮,2024/08/18 00:00:00,RAINFALL,0,0,0,0,0,0,0,0,0,0,0,0,#,0,1.5,20,34,1.5,5,0,0,0,0,0,
花蓮,2024/08/18 00:00:00,RH,94,94,95,94,93,93,92,91,89,87,76,71,#,77,82,92,99,98,99,99,97,96,95,97,
花蓮,2024/08/18 00:00:00,SO2,0.9,0.5,0.4,0.5,0.4,0.4,0.5,0.6,0.7,0.5,0.9,0.4,#,0.4,0.5,0.6,0.7,0.7,0.8,0.9,0.7,0.6,0.5,0.5,
花蓮,2024/08/18 00:00:00,THC,2,1.99,2.07,2,1.97,2.05,1.98,2,2.03,2.01,2.02,1.88,#,1.85,1.87,1.94,1.92,1.92,1.91,1.94,1.93,1.91,1.94,1.97,
花蓮,2024/08/18 00:00:00,WD_HR,227,221,211,236,221,227,221,221,220,209,100,94,#,89,48,337,0,37,155,217,206,210,222,221,
花蓮,2024/08/18 00:00:00,WIND_DIREC,235,198,216,248,222,221,206,213,217,215,110,96,93,90,345,357,24,97,276,209,211,207,216,211,
花蓮,2024/08/18 00:00:00,WIND_SPEED,1.5,1.7,2.2,1.7,1.6,0.8,1.6,1.9,1.6,1.2,2.2,3.3,3.3,2.6,2.6,3.2,1.9,0.7,1.6,3.1,3.7,2.2,2,1.8,
花蓮,2024/08/18 00:00:00,WS_HR,1.6,1.1,1.7,1.5,1.2,1.8,1.6,1.8,1.5,1.6,1,2.6,#,2.7,1.3,1.5,2.2,0.8,0.1,2,3.5,2.6,1.9,1.8,
花蓮,2024/08/19 00:00:00,AMB_TEMP,26.2,26.3,26,25.6,25.7,25.7,25.9,27.4,29.5,31.2,31,30.8,29.6,28.9,27.1,26.5,27.5,27.7,26.9,26.8,26.7,26.7,26.5,26.2,
花蓮,2024/08/19 00:00:00,CH4,1.95,1.99,2,2.06,2.01,1.99,2,1.99,1.95,1.91,1.88,1.87,1.86,1.88,1.89,1.88,1.9,1.92,1.98,1.96,1.97,1.98,2.01,1.99,
花蓮,2024/08/19 00:00:00,CO,0.13,0.13,0.14,0.13,0.15,0.15,0.2,0.21,0.29,0.24,0.15,0.15,0.13,0.18,0.21,0.21,0.34,0.29,0.2,0.18,0.17,0.16,0.17,0.15,
花蓮,2024/08/19 00:00:00,NMHC,0,0,0,0,0.01,0.01,0.03,0.01,0.04,0,0,0,0,0,0.05,0.04,0.11,0.07,0.02,0,0,0,0.02,0.01,
花蓮,2024/08/19 00:00:00,NO,1.1,0.6,0.6,0.6,0.5,0.6,1.5,2.1,3.2,3.3,1.3,0.8,0.7,0.9,1.1,1.2,2.1,2.4,0.9,0.7,0.6,0.5,0.7,0.7,
花蓮,2024/08/19 00:00:00,NO2,1.3,1,1.2,1.1,1.8,1.9,3.1,2.5,4.8,5.7,2.8,1.8,1.4,2.8,5.2,5.3,10.2,9.5,4.9,4,2.8,2.9,3.2,2.4,
花蓮,2024/08/19 00:00:00,NOx,2.5,1.7,1.9,1.8,2.4,2.6,4.7,4.7,8,9,4.1,2.7,2.2,3.7,6.4,6.6,12.3,12,5.8,4.7,3.5,3.4,3.9,3.1,
花蓮,2024/08/19 00:00:00,O3,17.9,16.5,12.5,11.1,8,8,6.7,8.6,14.6,24.7,33.7,34.8,32.3,30.6,27.2,24.6,17,15.1,19.5,17.9,17.5,13.1,17,12.1,
花蓮,2024/08/19 00:00:00,PM10,14,15,18,26,30,23,23,23,26,26,16,14,11,11,12,15,15,24,16,18,18,23,20,26,
花蓮,2024/08/19 00:00:00,PM2.5,1,1,4,4,3,3,5,6,5,9,5,7,4,6,6,6,6,5,4,5,4,1,3,7,
花蓮,2024/08/19 00:00:00,RAINFALL,0,0,0,0,0,0,0,0,0,0,0,0,0,0,3,2.5,0,0,0,0,0,0,0,0,
花蓮,2024/08/19 00:00:00,RH,94,93,94,96,96,94,94,90,84,73,72,75,82,87,92,95,92,91,93,93,94,93,93,94,
花蓮,2024/08/19 00:00:00,SO2,0.5,0.4,0.2,0.3,0.3,0.3,0.3,0.3,0.3,0.3,0.1,0,0,0.1,0.2,0.3,0.4,0.5,0.3,0.2,0.5,0.3,0.2,0.4,
花蓮,2024/08/19 00:00:00,THC,1.93,1.97,1.99,2.05,2.02,2,2.03,2,1.99,1.91,1.86,1.85,1.85,1.88,1.94,1.92,2.01,1.99,2,1.96,1.97,1.98,2.03,2,
花蓮,2024/08/19 00:00:00,WD_HR,204,236,235,235,241,243,228,218,87,93,116,116,123,31,307,279,294,210,207,201,210,211,234,227,
花蓮,2024/08/19 00:00:00,WIND_DIREC,199,245,234,283,199,230,229,257,90,115,111,119,113,57,286,269,289,205,212,204,216,200,219,267,
花蓮,2024/08/19 00:00:00,WIND_SPEED,2.8,1.3,1.7,1.4,1.1,1.1,2,1.6,1.7,2.3,2.2,2.9,2.2,1.8,3.3,1.1,0.4,2.9,2.2,2.3,1.8,1.5,1,1.5,
花蓮,2024/08/19 00:00:00,WS_HR,2.3,1.2,1.5,1.2,1.1,1.2,1.6,1.4,0.6,1.3,1.9,2.1,1.7,1.3,1.9,1.8,0.2,1.3,2,2.4,2,1.5,1.6,1.1,
花蓮,2024/08/20 00:00:00,AMB_TEMP,26.2,26.1,26,25.8,25.6,25.8,26,27,29.3,30.9,31.5,31.5,31.6,31.5,31.5,30.5,30.2,30,30,29.8,29.6,29,28.5,28.3,
花蓮,2024/08/20 00:00:00,CH4,1.99,1.98,1.99,1.96,2.03,1.98,2,1.93,1.91,1.89,#,1.86,1.86,1.85,1.86,1.84,1.82,1.82,1.86,1.86,1.88,1.9,1.92,1.97,
花蓮,2024/08/20 00:00:00,CO,0.15,0.14,0.14,0.13,0.16,0.15,0.18,0.23,0.3,0.3,0.23,0.24,0.21,0.18,0.14,0.13,0.12,0.15,0.22,0.24,0.29,0.29,0.17,0.17,
花蓮,2024/08/20 00:00:00,NMHC,0.01,0,0,0,0,0.01,0,0.03,0.02,0.01,#,0,0,0,0,0,0,0,0.03,0.04,0.09,0.05,0.01,0.01,
花蓮,2024/08/20 00:00:00,NO,0.7,0.7,1,0.9,1,1.1,1.4,3.1,4.6,3.4,2,1.4,1.1,1.1,1.1,1.2,1.2,1.3,1.2,1.4,1.5,1.1,1.1,1.1,
花蓮,2024/08/20 00:00:00,NO2,2.3,2,2.2,1.9,1.9,2.5,2.7,3.2,4.8,6.3,3.8,2.3,1.7,1.5,1.4,1.6,1.8,2.6,4.7,5.6,7.1,5.9,3.4,2.7,
花蓮,2024/08/20 00:00:00,NOx,3,2.8,3.2,2.9,2.9,3.6,4.2,6.3,9.4,9.7,5.8,3.7,2.9,2.6,2.6,2.9,3.1,4,6,7,8.6,7.1,4.5,3.8,
花蓮,2024/08/20 00:00:00,O3,10.1,10,7.3,5.8,6.1,5.5,6.4,5.7,11.8,26.8,30.3,36.4,40,36.2,29.5,22,19,17.3,20.3,18.4,14.9,11.4,10.8,11.7,
花蓮,2024/08/20 00:00:00,PM10,24,21,32,32,29,34,30,33,27,#,21,20,18,16,13,14,18,20,23,18,22,32,21,21,
花蓮,2024/08/20 00:00:00,PM2.5,5,7,6,8,5,7,3,2,2,3,#,8,3,5,3,4,4,4,5,6,9,7,6,5,
花蓮,2024/08/20 00:00:00,RAINFALL,0,0,0,0,0,0,0,0,0,0,0,0,0,0,0,0,0,0,0,0,0,0,0,0,
花蓮,2024/08/20 00:00:00,RH,94,93,94,93,93,93,93,90,85,76,74,76,76,76,75,77,79,82,78,78,77,79,81,84,
花蓮,2024/08/20 00:00:00,SO2,0.4,0.2,0.4,0.4,0.4,0.3,0.5,0.3,0.6,0.4,0.1,0.1,0.3,0,0,0,#,0.9,1,1.1,0.9,0.8,0.8,0.7,
花蓮,2024/08/20 00:00:00,THC,2,1.98,1.98,1.96,2.02,1.99,2,1.96,1.93,1.9,#,1.85,1.85,1.84,1.84,1.82,1.8,1.81,1.89,1.9,1.97,1.95,1.93,1.98,
花蓮,2024/08/20 00:00:00,WD_HR,234,235,231,234,244,229,225,228,232,75,109,119,139,134,137,128,118,108,30,354,295,232,205,212,
花蓮,2024/08/20 00:00:00,WIND_DIREC,255,236,234,225,285,234,229,234,38,104,102,114,140,137,153,109,93,23,57,307,242,222,226,265,
花蓮,2024/08/20 00:00:00,WIND_SPEED,1.3,1.2,1.1,1.2,1.1,1.9,2.4,2.2,1.1,2.4,2.8,2.6,2.5,2.1,1.9,1.3,1.3,1.4,1.7,1,1,1.3,1.3,1.4,
花蓮,2024/08/20 00:00:00,WS_HR,1.1,1.3,1,1.2,1.4,1.4,1.9,1.7,0.7,1.2,2.1,2.1,2.1,1.7,1.7,1.5,1.1,0.7,1.4,0.8,1.3,1.6,1.2,0.8,
花蓮,2024/08/21 00:00:00,AMB_TEMP,28.4,28.4,28,27,27.1,26.9,27.5,29.2,31.2,31.8,33.1,32.9,x,x,x,x,x,x,x,x,x,x,x,x,
花蓮,2024/08/21 00:00:00,CH4,1.91,1.91,1.92,1.95,1.96,1.89,1.89,1.87,1.83,1.81,1.82,1.82,1.83,1.82,1.82,1.84,1.84,1.84,1.84,1.85,1.86,1.85,1.86,1.87,
花蓮,2024/08/21 00:00:00,CO,0.18,0.17,0.16,0.13,0.12,0.11,0.16,0.22,0.15,0.1,0.11,0.11,0.12,0.1,0.1,0.1,0.15,0.19,0.19,0.19,0.19,0.17,0.14,0.15,
花蓮,2024/08/21 00:00:00,NMHC,0.02,0.05,0.01,0,0,0,0.01,0.02,0,0,0,0,0,0,0,0,0,0.01,0.02,0.02,0.04,0.02,0.01,0.01,
花蓮,2024/08/21 00:00:00,NO,1,0.1,0.1,0.1,0.1,0.1,0.7,2.2,1.4,0.7,0.6,0.6,0.4,0.4,0.5,0.3,0.6,1,0.6,0.3,0.5,0.4,0.1,0.1,
花蓮,2024/08/21 00:00:00,NO2,3.1,3.5,3,2.3,1.5,1.2,1.8,3.3,2.9,1.5,1.6,1.5,1.3,1,1.2,0.9,2.4,3.8,4.2,4.2,5.1,3.9,4,3.6,
花蓮,2024/08/21 00:00:00,NOx,4.1,3.7,3.2,2.5,1.6,1.4,2.6,5.6,4.4,2.2,2.3,2.1,1.8,1.5,1.7,1.2,3,4.8,4.8,4.5,5.6,4.3,4.1,3.7,
花蓮,2024/08/21 00:00:00,O3,10.3,10.8,10.4,6.5,7.4,6.4,6.8,11.9,17.8,18.3,21.8,23.5,25.2,23.5,21.9,23.4,22,20.6,19.9,17.8,15.6,15.2,15.2,14.2,
花蓮,2024/08/21 00:00:00,PM10,18,20,21,27,21,21,22,16,26,23,21,23,22,21,27,18,19,20,24,27,26,32,30,33,
花蓮,2024/08/21 00:00:00,PM2.5,3,3,5,4,2,3,3,1,0,5,4,6,4,3,3,1,6,5,5,5,6,3,3,5,
花蓮,2024/08/21 00:00:00,RAINFALL,0,0,0,0,0,0,0,0,0,0,0,0,0,0,0,0,0,0,0,0,0,0,0,0,
花蓮,2024/08/21 00:00:00,RH,80,79,82,88,88,83,76,72,71,71,68,68,61,63,61,60,60,66,75,77,77,77,78,78,
花蓮,2024/08/21 00:00:00,SO2,0.8,0.7,0.8,0.8,0.7,0.7,0.7,0.9,0.5,0.3,0.4,0.4,0.2,0.2,0.2,0.1,0.4,0.5,0.6,0.9,0.7,0.7,0.5,0.6,
花蓮,2024/08/21 00:00:00,THC,1.93,1.96,1.93,1.95,1.95,1.87,1.9,1.89,1.83,1.8,1.8,1.8,1.81,1.79,1.8,1.81,1.84,1.85,1.86,1.87,1.9,1.87,1.87,1.88,
花蓮,2024/08/21 00:00:00,WD_HR,321,265,267,213,219,203,226,297,93,91,88,89,94,117,114,118,47,45,50,34,344,9,357,328,
花蓮,2024/08/21 00:00:00,WIND_DIREC,310,291,265,220,217,201,277,264,91,86,88,88,94,118,128,117,51,62,46,356,311,37,349,321,
花蓮,2024/08/21 00:00:00,WIND_SPEED,0.5,1.6,1.3,2,2.5,2.5,1,1.2,1.7,3,3.4,4.1,3.5,2.8,2.4,1.6,1.6,1.3,1.7,1.9,1.5,1.8,1.5,1.9,
花蓮,2024/08/21 00:00:00,WS_HR,0.9,1,1,1.8,2.3,2.5,1.4,0.6,0.8,2.5,3.2,3.1,2.9,2.8,2.4,1.7,0.9,1.4,1.5,1.4,1.3,0.9,1.1,1.4,
花蓮,2024/08/22 00:00:00,AMB_TEMP,x,x,x,x,x,x,x,x,x,x,x,x,x,x,x,x,x,x,30.2,29.9,29.9,29.8,29.7,29.7,
花蓮,2024/08/22 00:00:00,CH4,1.87,1.87,1.86,1.88,1.91,1.88,1.86,1.86,1.83,1.81,1.81,1.81,1.81,1.81,1.8,1.8,1.81,1.81,1.81,1.81,1.82,1.82,1.84,1.85,
花蓮,2024/08/22 00:00:00,CO,0.17,0.17,0.16,0.13,0.12,0.12,0.13,0.19,0.2,0.19,0.16,0.17,0.14,0.12,0.12,0.12,0.14,0.18,0.19,0.18,0.18,0.21,0.23,0.2,
花蓮,2024/08/22 00:00:00,NMHC,0.01,0.01,0,0.02,0,0,0,0.02,0.01,0,0,0,0,0,0,0,0,0.01,0.01,0,0,0.02,0.03,0.01,
花蓮,2024/08/22 00:00:00,NO,0.2,0.8,0.8,0.8,0.9,0.9,1.5,2.6,2.6,2,1.6,1.6,1.4,1.2,1.2,1.2,1.4,1.2,1,0.9,0.9,0.8,1,0.9,
花蓮,2024/08/22 00:00:00,NO2,4.1,3.8,3.4,2.9,2.2,2.5,2,2.2,2.8,3,2.4,2.3,1.7,1.6,1.5,1.6,1.9,2.6,3.3,2.9,2.4,4.1,5.8,4.8,
花蓮,2024/08/22 00:00:00,NOx,4.3,4.7,4.2,3.8,3.1,3.5,3.6,4.8,5.4,5.1,4.1,3.9,3.2,2.8,2.7,2.8,3.3,3.9,4.4,3.9,3.4,4.9,6.8,5.7,
花蓮,2024/08/22 00:00:00,O3,11.1,10.5,10.2,5.7,5.2,4.7,5.3,7.7,15.3,23.6,25.1,26.4,27,30.7,29.4,28.1,27.5,29.3,33.4,33.8,30.8,24.5,17.7,17.1,
花蓮,2024/08/22 00:00:00,PM10,33,22,25,22,21,22,21,15,20,22,25,21,21,26,23,22,21,26,25,32,35,32,30,30,
花蓮,2024/08/22 00:00:00,PM2.5,7,10,8,6,6,4,3,2,3,3,6,6,7,6,9,6,8,11,9,9,11,11,15,11,
花蓮,2024/08/22 00:00:00,RAINFALL,0,0,0,0,0,0,0,0,0,0,0,0,0,0,0,0,0,0,0,0,0,0,0,0,
花蓮,2024/08/22 00:00:00,RH,78,77,76,73,72,71,66,61,54,54,57,53,54,59,66,67,64,71,79,80,80,82,79,78,
花蓮,2024/08/22 00:00:00,SO2,0.8,0.5,0.4,0.6,0.6,0.5,0.6,0.7,0.8,0.5,0.4,0.3,0.1,0.1,0.3,0.5,0.2,0.2,0.5,0.8,0.9,0.8,0.6,0.6,
花蓮,2024/08/22 00:00:00,THC,1.88,1.88,1.86,1.9,1.91,1.88,1.86,1.88,1.84,1.81,1.8,1.8,1.81,1.79,1.78,1.79,1.8,1.82,1.82,1.81,1.81,1.84,1.87,1.86,
花蓮,2024/08/22 00:00:00,WD_HR,324,309,287,236,229,225,221,223,25,43,52,48,54,38,49,46,55,65,70,52,52,4,310,312,
花蓮,2024/08/22 00:00:00,WIND_DIREC,324,298,269,256,236,234,221,219,35,47,57,39,42,32,49,35,50,77,52,67,30,298,307,321,
花蓮,2024/08/22 00:00:00,WIND_SPEED,1.4,1.1,1.6,1.4,1.6,2.1,2,2.8,2.2,2.7,2.9,3.7,3.4,3.6,3.9,3.2,3.4,3.8,2.5,2.4,1.8,0.8,1.4,1.1,
花蓮,2024/08/22 00:00:00,WS_HR,1.2,1.1,1.3,1.5,1.5,2,1.9,2.3,0.4,1.8,2.3,2.6,2.4,2.5,3.1,2.7,2.4,2.6,2.6,2,1.7,0.6,1.1,1.3,
花蓮,2024/08/23 00:00:00,AMB_TEMP,29.3,28.5,27.9,27.7,27,26.3,27.4,29.1,30.9,32.3,33.1,32.2,32.5,31.9,31.6,31.5,31.7,30.1,29.5,29.1,28.8,28.1,27.7,27.1,
花蓮,2024/08/23 00:00:00,CH4,1.86,1.9,1.89,1.88,1.87,1.87,1.86,1.88,1.88,1.86,1.83,1.83,1.83,1.82,1.81,1.82,1.82,1.82,1.82,1.87,1.88,1.91,1.9,1.94,
花蓮,2024/08/23 00:00:00,CO,0.18,0.14,0.13,0.12,0.13,0.12,0.14,0.16,0.15,0.14,0.14,0.14,0.14,0.13,0.13,0.14,0.18,0.23,0.2,0.22,0.2,0.14,0.14,0.13,
花蓮,2024/08/23 00:00:00,NMHC,0.01,0,0,0,0,0,0,0,0,0,0,0,0,0,0,0,0,0,0.02,0.03,0.02,0,0,0,
花蓮,2024/08/23 00:00:00,NO,0.8,0.8,0.8,0.6,0.7,0.9,1,1.4,1.7,1.3,1,0.9,0.9,0.8,0.9,0.9,0.9,0.7,1,0.9,0.8,0.9,0.7,0.8,
花蓮,2024/08/23 00:00:00,NO2,3.1,2.3,1.8,1.6,1.6,1.7,1.5,1.5,1.7,1.9,1.4,1.7,1.2,1,1,1.1,2,3.2,4,5,4.8,2.7,2,1.7,
花蓮,2024/08/23 00:00:00,NOx,3.9,3.2,2.6,2.3,2.4,2.6,2.6,2.9,3.5,3.2,2.4,2.7,2.1,1.8,1.9,2,2.9,4,5,5.9,5.6,3.6,2.8,2.6,
花蓮,2024/08/23 00:00:00,O3,15.5,9.9,9.5,9.8,7.3,5.5,8.1,10.4,15,25.3,28.3,32.6,32.8,34.1,32.9,32.7,34.5,35.8,26.7,17.7,17.4,16.5,12.2,10.7,
花蓮,2024/08/23 00:00:00,PM10,25,26,26,24,24,21,23,25,21,30,21,32,28,23,22,29,27,32,32,33,25,23,21,19,
花蓮,2024/08/23 00:00:00,PM2.5,9,16,15,7,6,4,8,9,7,9,9,12,8,9,13,9,9,13,11,12,12,7,6,6,
花蓮,2024/08/23 00:00:00,RAINFALL,0,0,0,0,0,0,0,0,0,0,0,0,0,0,0,0,0,0,0,0,0,0,0,0,
花蓮,2024/08/23 00:00:00,RH,78,80,80,81,79,79,77,75,68,66,63,69,69,72,73,72,68,74,78,78,77,79,79,82,
花蓮,2024/08/23 00:00:00,SO2,0.7,0.7,0.6,0.7,0.8,0.8,0.8,0.7,0.7,1,0.6,0.7,0.6,0.4,0.5,0.5,0.8,1.2,1.1,1.2,1.3,0.9,0.8,0.8,
花蓮,2024/08/23 00:00:00,THC,1.87,1.9,1.88,1.87,1.87,1.86,1.86,1.88,1.88,1.85,1.81,1.81,1.81,1.79,1.79,1.79,1.81,1.82,1.84,1.9,1.9,1.91,1.9,1.93,
花蓮,2024/08/23 00:00:00,WD_HR,245,229,225,224,229,228,217,199,209,124,119,94,103,113,121,111,115,139,167,235,228,214,207,207,
花蓮,2024/08/23 00:00:00,WIND_DIREC,240,228,226,226,228,228,212,198,220,130,120,86,108,114,119,94,119,143,163,291,212,227,208,202,
花蓮,2024/08/23 00:00:00,WIND_SPEED,1,2.3,1.8,2.3,2.1,2.3,2.4,1.8,1.5,2.4,2.6,3.2,2.7,2.4,2,1.8,1.8,1.3,1.1,1.6,2.6,3,2.2,2.8,
花蓮,2024/08/23 00:00:00,WS_HR,1,1.7,2,1.9,2.1,1.8,2.3,1.7,1.5,1.7,1.9,2.6,2.2,2.3,1.7,1.5,1.8,1.3,1.1,0.5,1.9,2.3,2.2,2.6,
花蓮,2024/08/24 00:00:00,AMB_TEMP,26.9,26.8,26.4,26.2,26.2,25.8,26.4,28,30.3,31.4,32.2,32.4,31.9,32.1,31.5,30.2,30.1,28.7,28.9,28.6,28.3,27.8,27.5,27.2,
花蓮,2024/08/24 00:00:00,CH4,1.92,1.89,1.9,1.88,1.9,1.94,1.9,1.89,1.89,1.84,1.84,1.83,1.81,1.8,1.8,1.82,1.81,1.83,1.85,1.86,1.84,1.88,1.86,1.87,
花蓮,2024/08/24 00:00:00,CO,0.12,0.12,0.12,0.11,0.12,0.12,0.15,0.14,0.14,0.13,0.12,0.12,0.11,0.1,0.09,0.15,0.12,0.21,0.23,0.22,0.21,0.18,0.14,0.12,
花蓮,2024/08/24 00:00:00,NMHC,0,0,0,0,0,0,0,0,0,0,0,0,0,0,0,0.02,0,0.02,0.1,0.04,0.05,0.03,0,0,
花蓮,2024/08/24 00:00:00,NO,0.6,0.6,0.5,0.5,0.7,0.7,1.1,1.4,1.2,1.2,1.2,1,0.7,0.9,0.8,1.1,0.9,1.2,1,1,1.1,1,0.8,0.5,
花蓮,2024/08/24 00:00:00,NO2,1.3,1.5,1.3,1.5,1.6,1.4,1.7,1.6,1.5,2,2,1.8,1.1,0.8,0.8,2.3,1.8,3.5,5.4,5,4.7,4.2,2.7,2.1,
花蓮,2024/08/24 00:00:00,NOx,1.9,2.1,1.8,2.1,2.3,2.1,2.9,3,2.7,3.2,3.3,2.9,1.8,1.8,1.6,3.4,2.7,4.7,6.5,6,5.8,5.2,3.5,2.7,
花蓮,2024/08/24 00:00:00,O3,10.4,9.5,8.8,7.9,7.5,6.5,7.1,8.9,15.3,25.2,27.7,32.9,32.4,25.9,25.2,23.8,21.8,21.1,18.1,15.4,11.9,9.5,8.8,8.6,
花蓮,2024/08/24 00:00:00,PM10,24,22,21,16,21,24,25,27,20,18,20,21,18,10,15,12,17,17,22,22,21,31,26,23,
花蓮,2024/08/24 00:00:00,PM2.5,6,6,5,8,10,8,7,11,8,5,7,9,6,8,8,6,4,5,10,10,7,7,11,6,
花蓮,2024/08/24 00:00:00,RAINFALL,0,0,0,0,0,0,0,0,0,0,0,0,0,0,0,0,0,0,0,0,0,0,0,0,
花蓮,2024/08/24 00:00:00,RH,85,84,82,79,78,83,82,74,66,68,66,68,73,73,74,75,77,78,78,79,79,86,87,86,
花蓮,2024/08/24 00:00:00,SO2,0.9,0.4,0.4,0.4,0.3,0.4,0.5,0.5,0.4,0.6,0.8,0.9,0.4,0,0,0,0.1,0.3,0.6,0.4,0.5,0.4,0.4,0.4,
花蓮,2024/08/24 00:00:00,THC,1.91,1.88,1.89,1.87,1.89,1.92,1.9,1.89,1.88,1.84,1.81,1.81,1.79,1.78,1.78,1.84,1.8,1.85,1.95,1.9,1.89,1.91,1.86,1.87,
花蓮,2024/08/24 00:00:00,WD_HR,214,220,226,226,228,220,224,213,196,108,108,97,101,113,136,285,151,291,259,264,315,221,222,222,
花蓮,2024/08/24 00:00:00,WIND_DIREC,229,217,225,225,223,229,223,201,145,129,112,91,121,147,146,151,155,294,287,303,310,262,229,234,
花蓮,2024/08/24 00:00:00,WIND_SPEED,2.7,2,2.1,2.1,2.1,2.5,2.7,2.5,1.1,2,3.4,3.1,2.9,2,1.7,1.5,1.1,1.5,1.5,1.9,0.8,1.1,1.2,2.7,
花蓮,2024/08/24 00:00:00,WS_HR,2.3,2.1,1.7,1.9,1.8,2.4,2.3,2.3,1.1,1.7,2.3,2.6,2.7,2.1,1.6,0.4,1.2,1.2,0.5,1.1,1,1.3,1.5,1.8,
花蓮,2024/08/25 00:00:00,AMB_TEMP,27,26.5,26.4,26.3,26,25.8,26.1,27.4,29.5,31.7,32.4,32,31.6,31.2,31.5,30.9,28,26.7,26.5,26.4,25.9,26.1,26,25.8,
花蓮,2024/08/25 00:00:00,CH4,1.87,1.9,1.88,1.87,1.88,1.9,1.89,1.92,1.91,1.88,1.84,1.83,1.82,1.82,1.83,1.83,1.83,1.85,1.86,1.89,1.9,1.88,1.91,1.89,
花蓮,2024/08/25 00:00:00,CO,0.12,0.1,0.1,0.1,0.11,0.12,0.14,0.13,0.13,0.16,0.16,0.17,0.17,0.15,0.14,0.14,0.15,0.19,0.22,0.21,0.18,0.16,0.14,0.12,
花蓮,2024/08/25 00:00:00,NMHC,0,0,0,0,0,0,0,0,0,0,0,0,0,0,0,0,0,0.02,0.04,0.03,0.01,0.01,0,0,
花蓮,2024/08/25 00:00:00,NO,0.6,0.9,0.7,0.9,0.8,0.8,1.3,1.6,1.5,1.9,1.5,1.4,1.1,1,0.8,1.1,1,1.2,1.3,1,0.9,1,1,0.8,
花蓮,2024/08/25 00:00:00,NO2,1.5,1.2,1,0.9,1.1,1.1,1.6,1.3,1.3,2.7,3,2.6,2,1.1,1.4,1.6,1.7,3.7,5.4,4.9,3.6,3,2,1.5,
花蓮,2024/08/25 00:00:00,NOx,2.1,2.2,1.8,1.9,1.9,1.9,2.9,2.9,2.8,4.6,4.6,4,3.2,2.2,2.2,2.7,2.7,5,6.7,5.9,4.5,4,3.1,2.4,
花蓮,2024/08/25 00:00:00,O3,6.8,7.7,8,7.5,6.7,6.2,5.8,7.2,12,21.7,31,34.7,42.2,39.6,34.9,32.5,27.1,23.5,20.4,18.8,17.5,14.6,14.2,12.9,
花蓮,2024/08/25 00:00:00,PM10,26,21,25,18,21,23,29,27,22,23,28,29,22,20,19,21,25,23,22,21,19,21,21,21,
花蓮,2024/08/25 00:00:00,PM2.5,5,9,7,6,7,8,10,8,5,5,6,9,7,8,7,8,6,8,11,11,7,8,5,6,
花蓮,2024/08/25 00:00:00,RAINFALL,0,0,0,0,0,0,0,0,0,0,0,0,0,0,0,0,0,1,0,0,0,0,0,0,
花蓮,2024/08/25 00:00:00,RH,86,88,87,86,87,88,86,83,71,65,66,67,72,74,73,73,78,86,89,89,91,90,90,89,
花蓮,2024/08/25 00:00:00,SO2,0.6,0.3,0.1,0.1,0.1,0,0.2,0.2,0.2,0,0,0,0,0,0,0,0,0.7,0.3,0.2,0.2,0.3,0.1,0.2,
花蓮,2024/08/25 00:00:00,THC,1.86,1.88,1.86,1.85,1.86,1.89,1.89,1.91,1.9,1.87,1.83,1.82,1.8,1.8,1.81,1.82,1.82,1.87,1.9,1.92,1.91,1.89,1.9,1.88,
花蓮,2024/08/25 00:00:00,WD_HR,233,216,222,225,220,221,220,216,211,77,94,88,95,95,90,50,154,224,259,227,224,227,220,216,
花蓮,2024/08/25 00:00:00,WIND_DIREC,229,226,230,225,217,223,214,219,190,84,100,86,98,89,80,35,174,207,60,221,223,227,226,217,
花蓮,2024/08/25 00:00:00,WIND_SPEED,2.6,2.7,2.5,2.2,2.6,2.3,2.4,2.4,1.6,2.4,3.1,4,3.2,3.5,2.7,2.1,2.4,1.6,0.6,2.2,2.6,2.5,2.9,2.7,
花蓮,2024/08/25 00:00:00,WS_HR,1.6,2.5,2.4,2.1,2.2,2.3,2.3,2.3,1.7,0.4,2.8,2.9,3,3.3,2.9,1.7,1.5,1.2,0.9,1.3,2.2,2.4,2.5,2.6,
花蓮,2024/08/26 00:00:00,AMB_TEMP,25.5,25.3,25.3,25.1,24.9,24.6,25.2,26.8,29.1,31.1,32.5,34,34.4,32.6,32.9,31.7,30.9,29.8,29.5,29.3,29,28.9,28.4,27.8,
花蓮,2024/08/26 00:00:00,CH4,1.89,1.89,1.9,1.92,1.94,1.94,1.94,1.92,1.92,1.9,1.87,1.85,1.85,1.84,1.85,1.84,1.84,1.84,1.85,1.85,1.87,1.87,1.89,1.91,
花蓮,2024/08/26 00:00:00,CO,0.11,0.11,0.11,0.11,0.11,0.12,0.13,0.15,0.15,0.16,0.14,0.13,0.13,0.13,0.15,0.16,0.16,0.18,0.18,0.18,0.22,0.24,0.22,0.17,
花蓮,2024/08/26 00:00:00,NMHC,0,0,0,0,0,0,0,0,0.01,0.02,0,0,0,0,0,0,0,0,0,0,0.01,0.05,0.03,0.01,
花蓮,2024/08/26 00:00:00,NO,0.8,0.7,0.6,0.5,0.5,0.7,1,1.7,1.8,1.8,1.5,1.1,1,0.7,0.9,0.7,0.8,0.5,0.6,0.8,0.5,0.5,0.6,0.6,
花蓮,2024/08/26 00:00:00,NO2,1.2,0.9,1,0.9,0.9,1.3,1.3,1.6,1.8,3.2,3.1,2.2,1.9,1.3,1.5,1.5,1.5,2,1.8,1.7,3.9,4.2,4.4,2.7,
花蓮,2024/08/26 00:00:00,NOx,2.1,1.7,1.7,1.4,1.5,2,2.4,3.3,3.6,5,4.6,3.3,2.9,2,2.4,2.3,2.3,2.5,2.4,2.6,4.4,4.7,5,3.4,
花蓮,2024/08/26 00:00:00,O3,11.2,10.5,10.1,8.4,8.1,6.5,6.7,7.9,13.1,23.8,30.7,34.3,37.8,42,42.6,44,47.2,47.9,47,42.3,38.9,34.5,28.9,24.2,
花蓮,2024/08/26 00:00:00,PM10,21,25,26,26,22,33,21,22,21,18,22,19,15,17,21,17,19,25,21,23,28,27,25,29,
花蓮,2024/08/26 00:00:00,PM2.5,7,4,5,5,5,6,6,5,4,4,3,4,9,7,5,5,8,11,10,9,15,14,13,11,
花蓮,2024/08/26 00:00:00,RAINFALL,0,0,0,0,0,0,0,0,0,0,0,0,0,0,0,0,0,0,0,0,0,0,0,0,
花蓮,2024/08/26 00:00:00,RH,89,90,88,89,90,90,89,86,74,64,59,56,56,60,59,62,66,74,76,76,78,78,80,83,
花蓮,2024/08/26 00:00:00,SO2,0.1,0.1,0,0,0,0,0,0.1,0.1,0,0,0,0,0,0,0,0,0.2,0.8,0.9,0.7,0.5,0.5,0.3,
花蓮,2024/08/26 00:00:00,THC,1.87,1.87,1.87,1.9,1.92,1.92,1.92,1.92,1.93,1.92,1.86,1.83,1.82,1.82,1.83,1.82,1.82,1.83,1.83,1.84,1.88,1.92,1.92,1.92,
花蓮,2024/08/26 00:00:00,WD_HR,214,221,220,217,220,222,220,218,212,113,107,105,106,108,104,108,102,100,101,97,296,279,248,218,
花蓮,2024/08/26 00:00:00,WIND_DIREC,218,232,206,224,225,218,214,226,222,114,95,102,96,113,115,112,104,85,99,300,274,252,212,213,
花蓮,2024/08/26 00:00:00,WIND_SPEED,2.5,2.6,3.1,3.1,2,2.7,2.5,2.9,1.6,2.1,2.2,2.4,2.9,2.8,2.7,2.7,2.1,2.6,1.2,1.4,1.4,1.3,1.6,2.1,
花蓮,2024/08/26 00:00:00,WS_HR,2.8,2.6,2.6,2.6,2.1,2.3,2.6,2.3,1.6,0.6,1.6,1.9,2.5,2.7,2.2,2.3,2.3,2.2,1.4,0.5,0.9,1.2,1.1,1.9,
花蓮,2024/08/27 00:00:00,AMB_TEMP,27.3,27.1,26.9,26.5,26.2,25.7,26.5,28.1,30.3,31.4,#,31.9,31.8,31.7,31.7,31.2,30.8,30.1,29.7,29.4,29.3,29.1,28.5,28,
花蓮,2024/08/27 00:00:00,CH4,1.94,1.92,1.92,1.92,1.92,1.94,1.96,1.96,1.94,#,1.84,1.83,1.83,1.83,1.83,1.82,1.82,1.82,1.83,1.83,1.86,1.87,1.92,1.97,
花蓮,2024/08/27 00:00:00,CO,0.15,0.14,0.15,0.14,0.14,0.14,0.16,0.17,0.17,0.14,0.13,#,0.12,0.12,0.12,0.12,0.13,0.17,0.18,0.16,0.23,0.23,0.18,0.14,
花蓮,2024/08/27 00:00:00,NMHC,0,0,0,0,0,0,0,0,0,#,0,0,0,0,0,0,0,0,0,0,0.05,0.03,0.01,0,
花蓮,2024/08/27 00:00:00,NO,0.5,0.6,0.9,0.8,0.8,0.8,1.2,1.5,2.5,1.6,1.2,#,1.1,1,1.1,1,1.1,1.2,1,1,1.1,1.3,1.1,0.7,
花蓮,2024/08/27 00:00:00,NO2,2,1.6,1.4,1.3,1.3,1.4,1.8,1.9,3.4,1.3,1.1,#,0.8,0.7,0.8,0.8,1.3,3.2,3,2.9,4.1,4.7,3.1,2,
花蓮,2024/08/27 00:00:00,NOx,2.6,2.3,2.4,2.1,2.1,2.2,3,3.4,6,2.9,2.4,#,1.9,1.7,1.9,1.8,2.4,4.5,4,4,5.2,6,4.2,2.8,
花蓮,2024/08/27 00:00:00,O3,21.3,19.3,17.4,15.8,14.3,11,10.3,12.2,19.7,27.4,#,21,26,25.3,25.3,25.3,27.8,30.8,32,31.5,24.2,18.1,15.4,13.7,
花蓮,2024/08/27 00:00:00,PM10,27,27,27,26,26,26,29,21,28,#,17,23,16,13,12,12,20,21,24,24,23,26,20,21,
花蓮,2024/08/27 00:00:00,PM2.5,9,10,11,11,10,10,10,9,8,10,#,5,5,5,6,3,4,7,9,6,5,6,9,11,
花蓮,2024/08/27 00:00:00,RAINFALL,0,0,0,0,0,0,0,0,0,#,0,0,0,0,0,0,0,0,0,0,0,0,0,0,
花蓮,2024/08/27 00:00:00,RH,88,88,87,88,88,89,88,84,70,67,69,71,71,72,72,74,75,79,80,82,84,80,85,88,
花蓮,2024/08/27 00:00:00,SO2,0.3,0.3,0.3,0.3,0.3,0.3,0.4,0.5,0.6,x,#,#,0.6,0.7,0.7,0.6,0.6,0.7,1,1.3,1.3,1.2,1.3,1.1,
花蓮,2024/08/27 00:00:00,THC,1.93,1.91,1.9,1.91,1.91,1.93,1.95,1.96,1.94,#,1.82,1.81,1.81,1.8,1.8,1.8,1.81,1.82,1.83,1.83,1.91,1.9,1.93,1.97,
花蓮,2024/08/27 00:00:00,WD_HR,211,211,223,221,216,219,214,216,187,120,132,135,115,125,128,136,139,138,157,163,292,238,217,204,
花蓮,2024/08/27 00:00:00,WIND_DIREC,207,214,227,212,211,220,211,211,118,112,154,121,110,140,133,135,138,159,166,155,290,228,217,196,
花蓮,2024/08/27 00:00:00,WIND_SPEED,2.4,2.4,2.7,2.5,2.8,2.1,2.1,2.5,1.6,2.8,2.6,3,3,2.4,2.5,2.2,1.8,1.9,1.2,0.6,1.8,1.5,2.2,1.6,
花蓮,2024/08/27 00:00:00,WS_HR,2.5,2.6,2.1,2.4,2.4,2.3,2.2,2,1.2,1.9,2.1,2.5,2.6,2.2,2,1.9,1.8,1.6,1.2,0.8,1,1.3,2,1.5,
花蓮,2024/08/28 00:00:00,AMB_TEMP,27.6,27.3,26.9,26.6,26.3,26,26.4,28.2,30.3,31.9,31.5,31.6,32,32.3,32.2,32.1,31.2,30.4,29.9,29.9,29.9,29.7,29.4,29,
花蓮,2024/08/28 00:00:00,CH4,1.94,1.92,1.96,1.94,1.95,2.01,2.02,1.97,1.97,1.89,1.84,1.84,1.84,1.85,1.86,1.85,1.84,1.85,1.84,1.84,1.85,1.86,1.87,1.88,
花蓮,2024/08/28 00:00:00,CO,0.13,0.11,0.11,0.11,0.11,0.12,0.15,0.17,0.15,0.14,0.12,0.11,0.11,0.13,0.21,0.18,0.16,0.21,0.2,0.19,0.23,0.24,0.21,0.19,
花蓮,2024/08/28 00:00:00,NMHC,0,0,0,0,0,0,0,0.01,0.02,0,0,0,0,0,0,0,0,0.01,0,0,0.01,0.04,0.02,0.02,
花蓮,2024/08/28 00:00:00,NO,0.8,0.4,0.4,0.3,0.3,0.5,0.9,1.8,1.5,1.3,0.8,0.6,0.6,0.6,0.8,0.6,0.6,0.7,0.4,0.4,0.4,0.6,0.5,0.4,
花蓮,2024/08/28 00:00:00,NO2,1.7,1.7,1.5,1.3,1.7,1.7,2.1,2.3,2.3,2.9,1.4,1,0.9,1.1,2.1,2.5,2.5,3.2,3.4,2.6,3.4,5,4,3.5,
花蓮,2024/08/28 00:00:00,NOx,2.5,2.1,1.9,1.7,2.1,2.2,3.1,4.2,3.9,4.2,2.2,1.7,1.5,1.7,3,3.1,3.1,3.9,3.9,3,3.8,5.7,4.6,3.9,
花蓮,2024/08/28 00:00:00,O3,12.9,11.6,10.8,10,9.6,7.3,6.9,9.4,16.3,23.5,25,24.6,28.4,35.8,48.3,43.3,33.5,36.9,34.1,36.1,31,24.7,24.1,22.2,
花蓮,2024/08/28 00:00:00,PM10,23,18,22,21,24,22,23,25,25,20,19,20,14,17,32,24,25,28,19,16,21,26,22,27,
花蓮,2024/08/28 00:00:00,PM2.5,7,3,6,6,5,4,6,5,7,6,2,4,5,5,9,7,7,6,7,7,6,5,9,7,
花蓮,2024/08/28 00:00:00,RAINFALL,0,0,0,0,0,0,0,0,0,0,0,0,0,0,0,0,0,0,0,0,0,0,0,0,
花蓮,2024/08/28 00:00:00,RH,88,88,89,88,88,89,88,83,69,66,74,76,71,68,68,67,73,75,77,77,77,77,76,77,
花蓮,2024/08/28 00:00:00,SO2,1.3,0.4,0.3,0.2,0.4,0.3,0.5,0.5,0.3,0.6,0,0,0,0.1,0.3,0.3,0.2,0.3,0.4,0.6,0.6,0.4,0.3,0.3,
花蓮,2024/08/28 00:00:00,THC,1.93,1.91,1.93,1.92,1.94,2,2.02,1.98,1.99,1.89,1.82,1.81,1.81,1.82,1.84,1.84,1.83,1.86,1.84,1.82,1.86,1.9,1.89,1.9,
花蓮,2024/08/28 00:00:00,WD_HR,211,217,215,224,223,216,225,213,204,139,127,106,98,94,95,92,85,63,38,71,351,300,293,266,
花蓮,2024/08/28 00:00:00,WIND_DIREC,203,219,215,259,224,218,233,212,193,118,117,100,87,91,86,92,68,58,53,37,305,287,263,222,
花蓮,2024/08/28 00:00:00,WIND_SPEED,2.1,2.6,1.7,1.6,2,2.6,2.5,2.2,1.2,2.4,2.9,2.6,3.4,3.6,3.2,2.7,2.2,1.7,1.6,0.9,1.1,1.3,1.1,1.6,
花蓮,2024/08/28 00:00:00,WS_HR,1.8,2.2,1.7,1.6,1.5,1.9,2.1,1.8,1.3,1.3,2.2,2.4,3,3.3,3.2,2.7,2,1.7,1.1,0.9,0.7,1.3,1.2,1.1,
花蓮,2024/08/29 00:00:00,AMB_TEMP,28.2,28,27.4,27.2,26.8,26.6,27.2,28.7,30.6,32.8,32.6,32.9,32.6,32.5,32.5,32.1,31,30.1,29.8,29.6,29.4,29.4,28.5,28.1,
花蓮,2024/08/29 00:00:00,CH4,1.89,1.88,1.89,1.89,1.89,1.93,1.95,1.91,1.92,1.9,1.87,1.85,1.85,1.84,1.83,1.83,1.84,1.84,1.84,1.85,1.85,1.88,1.91,1.97,
花蓮,2024/08/29 00:00:00,CO,0.17,0.15,0.13,0.14,0.13,0.16,0.18,0.19,0.22,0.25,0.26,0.17,0.2,0.17,0.15,0.15,0.16,0.19,0.21,0.19,0.21,0.25,0.18,0.16,
花蓮,2024/08/29 00:00:00,NMHC,0.01,0,0,0,0,0,0,0.01,0.03,0.02,0,0,0,0,0,0,0,0,0.01,0,0.01,0.04,0.02,0,
花蓮,2024/08/29 00:00:00,NO,0.5,0.4,0.4,0.5,0.4,0.5,0.9,1.4,1.3,1.5,2.4,1,0.7,0.5,0.6,0.6,0.6,0.5,0.6,0.6,0.4,0.7,0.5,0.4,
花蓮,2024/08/29 00:00:00,NO2,3,1.9,1.7,1.5,1.4,1.9,2.3,2.6,2.9,4.2,6.4,2.4,1.6,1.1,1,0.9,1.9,2.8,2.7,2.5,2.4,4.8,3.8,2.5,
花蓮,2024/08/29 00:00:00,NOx,3.5,2.4,2.1,2,1.9,2.4,3.3,4.1,4.3,5.7,8.9,3.4,2.3,1.7,1.7,1.5,2.6,3.4,3.3,3.1,2.8,5.5,4.4,2.9,
花蓮,2024/08/29 00:00:00,O3,16.5,16.6,14.7,14.6,12.9,13.1,12.6,15.4,22.4,33.2,38.1,42.9,45.5,44.3,40.3,40.9,43,43.2,40.2,33,30.5,24.3,22.4,20.5,
花蓮,2024/08/29 00:00:00,PM10,23,22,20,19,23,20,24,25,32,31,32,24,19,20,20,20,27,36,33,28,29,30,32,25,
花蓮,2024/08/29 00:00:00,PM2.5,5,6,8,7,6,6,5,4,8,9,8,6,6,6,5,9,17,18,15,9,8,11,12,10,
花蓮,2024/08/29 00:00:00,RAINFALL,0,0,0,0,0,0,0,0,0,0,0,0,0,0,0,0,0,0,0,0,0,0,0,0,
花蓮,2024/08/29 00:00:00,RH,79,76,77,77,77,81,80,74,70,60,61,66,70,71,71,73,77,79,84,85,84,76,79,84,
花蓮,2024/08/29 00:00:00,SO2,0.3,0.3,0.2,0.4,0.4,0.4,0.3,0.5,0.3,1.9,1,0.4,0.5,0.2,0,0,0,0.1,0.3,0.4,0.5,0.3,0.4,0.3,
花蓮,2024/08/29 00:00:00,THC,1.9,1.88,1.88,1.89,1.89,1.92,1.95,1.92,1.95,1.92,1.87,1.84,1.84,1.82,1.81,1.81,1.82,1.83,1.85,1.85,1.86,1.92,1.93,1.97,
花蓮,2024/08/29 00:00:00,WD_HR,229,222,226,232,218,225,226,213,202,144,100,92,111,115,126,128,127,129,151,129,250,266,209,222,
花蓮,2024/08/29 00:00:00,WIND_DIREC,244,227,227,231,224,222,229,204,203,98,88,98,116,128,129,102,146,124,164,126,314,217,221,226,
花蓮,2024/08/29 00:00:00,WIND_SPEED,1.3,1.7,2.2,1.4,1.9,2.3,2.4,2.3,1.7,2.4,2.7,2.8,2.6,2.4,2,2.1,1.3,1.7,0.7,0.8,1,1.8,2.3,2.2,
花蓮,2024/08/29 00:00:00,WS_HR,1.2,1.6,1.6,1.9,1.7,2.2,2.2,2.3,1.6,1.2,2.5,2.3,2.1,2.2,1.8,1.5,1.4,1.2,0.7,0.8,0.4,1.1,1.4,2.2,
花蓮,2024/08/30 00:00:00,AMB_TEMP,27.8,27.6,27.2,27,26.6,26.6,26.8,28.2,30.5,32.2,32.3,32,31.8,32.2,32.2,31.6,31.1,30.4,29.9,29.6,29.6,29.2,28.7,28.5,
花蓮,2024/08/30 00:00:00,CH4,1.95,1.92,1.94,1.91,1.91,1.91,1.96,1.97,1.91,1.92,1.89,1.86,1.86,1.84,1.83,1.84,1.84,1.84,1.85,1.85,1.88,1.89,1.9,1.91,
花蓮,2024/08/30 00:00:00,CO,0.16,0.15,0.15,0.14,0.14,0.16,0.16,0.17,0.18,0.2,0.16,0.14,0.14,0.12,0.11,0.14,0.14,0.17,0.17,0.17,0.18,0.2,0.17,0.17,
花蓮,2024/08/30 00:00:00,NMHC,0,0,0,0,0,0,0,0,0,0,0,0,0,0,0,0,0,0,0,0,0,0.03,0.01,0,
花蓮,2024/08/30 00:00:00,NO,0.4,0.7,0.6,0.6,0.5,0.8,0.9,1.3,1.5,1.6,1.1,0.8,1.3,0.8,0.6,0.9,0.7,0.6,0.8,0.7,0.5,1.5,0.8,0.6,
花蓮,2024/08/30 00:00:00,NO2,2.2,1.9,1.9,1.6,1.4,2.2,2,1.9,2.5,3.8,2.9,1.5,1.8,1,0.9,1.1,1.4,2.1,2.6,2.6,2.8,5,4.2,3.5,
花蓮,2024/08/30 00:00:00,NOx,2.7,2.7,2.5,2.2,1.9,3,2.9,3.3,4,5.4,4.1,2.3,3.1,1.8,1.6,2,2.2,2.8,3.4,3.4,3.4,6.6,5,4.1,
花蓮,2024/08/30 00:00:00,O3,18.9,18.6,16.8,16.2,15.3,13.5,12.5,13.3,21,31,33.3,30.5,29.3,27.8,27.9,31.1,27.2,26.6,25.8,25.1,23.3,16.4,16,16.6,
花蓮,2024/08/30 00:00:00,PM10,24,21,20,21,21,19,28,21,17,22,25,24,21,17,15,13,14,22,20,32,41,27,24,21,
花蓮,2024/08/30 00:00:00,PM2.5,9,11,10,8,5,5,4,3,2,7,5,6,6,5,5,4,4,3,2,6,11,10,8,6,
花蓮,2024/08/30 00:00:00,RAINFALL,0,0,0,0,0,0,0,0,0,0,0,0,0,0,0,0,0,0,0,0,0,0,0,0,
花蓮,2024/08/30 00:00:00,RH,84,83,83,79,77,76,81,77,64,60,63,71,73,69,70,72,74,76,78,79,77,77,78,78,
花蓮,2024/08/30 00:00:00,SO2,0.3,0.4,0.4,0.5,0.3,0.4,0.5,0.5,0.4,0.8,1.8,0.4,0,0,0,0,0,0,0.1,0.4,0.5,0.5,1.1,0.9,
花蓮,2024/08/30 00:00:00,THC,1.95,1.91,1.92,1.9,1.9,1.9,1.95,1.97,1.91,1.92,1.88,1.84,1.83,1.81,1.81,1.82,1.82,1.84,1.85,1.85,1.88,1.92,1.91,1.91,
花蓮,2024/08/30 00:00:00,WD_HR,217,230,225,229,229,231,215,214,234,109,106,107,115,102,118,128,127,140,150,151,247,245,215,235,
花蓮,2024/08/30 00:00:00,WIND_DIREC,224,227,233,224,231,213,217,217,53,113,93,122,108,120,125,139,127,154,159,168,299,238,217,214,
花蓮,2024/08/30 00:00:00,WIND_SPEED,2.2,1.9,2.2,2.3,1.8,2,2.4,2.5,1.4,2.1,3.1,3.1,3.4,2.3,2.2,2,1.6,0.9,1,0.6,1.8,1.6,1.8,1.7,
花蓮,2024/08/30 00:00:00,WS_HR,1.6,1.9,2,1.6,1.9,1.5,2.5,2.6,1,1.4,2,2.3,2.7,2.4,1.7,2,1.5,1.1,0.8,0.6,0.2,1.3,1.5,1.3,
花蓮,2024/08/31 00:00:00,AMB_TEMP,28.1,27.6,27.2,27.1,26.8,26.5,27,28.7,30.6,31.9,32.2,31.7,31.9,32.1,31.9,31.3,30.9,30.2,29.8,29.6,29.5,29.3,28.8,27.9,
花蓮,2024/08/31 00:00:00,CH4,1.91,1.98,1.93,1.92,1.95,1.93,1.95,1.95,1.93,1.91,1.86,1.84,1.82,1.82,1.82,1.82,1.82,1.83,1.83,1.84,1.85,1.88,1.9,1.96,
花蓮,2024/08/31 00:00:00,CO,0.15,0.14,0.13,0.13,0.12,0.14,0.16,0.16,0.16,0.15,0.12,0.1,0.1,0.09,0.09,0.1,0.1,0.14,0.13,0.14,0.21,0.21,0.17,0.14,
花蓮,2024/08/31 00:00:00,NMHC,0,0,0,0,0,0,0,0,0,0,0,0,0,0,0,0,0,0,0,0,0.04,0.04,0.02,0,
花蓮,2024/08/31 00:00:00,NO,0.4,0.6,0.4,0.4,0.5,0.5,0.6,0.9,0.9,1.2,1.1,0.8,0.7,0.6,0.3,0.5,0.5,0.5,0.5,0.5,0.7,0.5,0.5,0.3,
花蓮,2024/08/31 00:00:00,NO2,2.8,2.5,1.9,1.7,2,2.4,2.4,2,2.3,3,2.4,1.9,1.5,1.2,0.9,1,1.3,2.2,2.1,2.1,4.4,4.7,4.1,2.9,
花蓮,2024/08/31 00:00:00,NOx,3.3,3.1,2.4,2.2,2.5,3,3,2.9,3.2,4.2,3.6,2.7,2.3,1.8,1.2,1.5,1.9,2.8,2.7,2.6,5.2,5.3,4.7,3.3,
花蓮,2024/08/31 00:00:00,O3,16.1,15.3,14.4,14.5,12.3,11.5,11.4,14.1,20.3,26.1,30,30.2,26.4,26.4,24,23.1,25.6,25,24.5,22.4,16.6,17.7,18.1,13.4,
花蓮,2024/08/31 00:00:00,PM10,23,23,15,18,21,23,22,24,20,22,20,13,10,6,8,11,9,21,12,21,19,21,18,21,
花蓮,2024/08/31 00:00:00,PM2.5,10,10,9,8,7,7,8,7,5,7,7,6,4,2,0,0,0,4,5,5,4,3,3,3,
花蓮,2024/08/31 00:00:00,RAINFALL,0,0,0,0,0,0,0,0,0,0,0,0,0,0,0,0,0,0,0,0,0,0,0,0,
花蓮,2024/08/31 00:00:00,RH,78,84,87,86,87,86,85,75,67,64,66,70,71,70,69,71,73,76,78,81,77,76,76,81,
花蓮,2024/08/31 00:00:00,SO2,0.6,0.2,0,0,0.2,0.2,0.1,0.1,0.1,3,1.7,0.4,0,0,0,0,0,0,0.2,0.2,0.1,0.2,0.2,0.2,
花蓮,2024/08/31 00:00:00,THC,1.91,1.97,1.92,1.91,1.93,1.93,1.95,1.95,1.93,1.9,1.85,1.81,1.8,1.8,1.8,1.79,1.8,1.82,1.81,1.84,1.89,1.92,1.92,1.96,
花蓮,2024/08/31 00:00:00,WD_HR,217,209,222,216,226,228,221,215,172,121,91,99,111,117,132,118,132,133,133,173,293,272,239,219,
花蓮,2024/08/31 00:00:00,WIND_DIREC,203,207,220,213,225,228,216,198,128,119,90,107,111,123,135,122,131,132,115,305,297,280,214,219,
花蓮,2024/08/31 00:00:00,WIND_SPEED,1.9,2.1,2.5,2.3,2,2.1,1.9,1,1.2,2.2,2.9,2.9,2.9,2.4,2.4,2.1,1.9,1.5,1,1.7,1.7,1.8,2.2,2.5,
花蓮,2024/08/31 00:00:00,WS_HR,1.7,2.1,2.2,2.3,1.7,1.9,1.6,1.3,0.7,1.6,2,2.5,2.4,1.9,1.9,2,1.6,1.3,1.1,0.1,1.6,0.8,1.4,2.1,
花蓮,2024/09/01 00:00:00,AMB_TEMP,27.6,27.1,26.7,26.6,26.2,25.9,26.4,28,30.1,32.1,32.8,33.2,32,32.1,31.9,31.9,31.2,30.5,29.9,29.8,29.7,29.5,29.3,28.4,
花蓮,2024/09/01 00:00:00,CH4,1.94,1.95,1.93,1.94,1.96,1.96,1.99,1.99,1.92,1.89,1.85,1.84,1.83,1.84,1.84,1.83,1.83,1.83,1.84,1.83,1.84,1.87,1.88,1.9,
花蓮,2024/09/01 00:00:00,CO,0.13,0.12,0.12,0.12,0.12,0.13,0.15,0.14,0.16,0.2,0.15,0.15,0.16,0.15,0.16,0.14,0.14,0.14,0.15,0.15,0.15,0.18,0.18,0.15,
花蓮,2024/09/01 00:00:00,NMHC,0,0,0,0,0,0,0,0,0,0,0,0,0,0,0,0,0,0,0,0,0.1,0.03,0.03,0.01,
花蓮,2024/09/01 00:00:00,NO,0.3,0.9,0.6,0.7,0.6,0.8,1.1,1.2,1.3,1.4,1.1,1,1.6,0.9,0.7,0.9,1,0.8,0.9,0.7,0.8,0.8,0.8,0.7,
花蓮,2024/09/01 00:00:00,NO2,2.3,2.1,1.8,1.5,1.7,1.7,2,1.5,2,3,1.8,1.4,2,0.9,1,1,1.3,1.1,1.7,2.4,2.2,1.6,3.3,2.6,
花蓮,2024/09/01 00:00:00,NOx,2.6,3,2.5,2.2,2.4,2.5,3.1,2.8,3.3,4.4,2.9,2.5,3.7,1.9,1.7,1.9,2.4,1.9,2.6,3.1,3,2.5,4.1,3.3,
花蓮,2024/09/01 00:00:00,O3,12.2,11.6,11.1,12,10.5,9.5,9.2,12.2,21.1,28.8,28.9,29.9,32.8,39,38,32.4,33,31.5,29.5,26.9,30.2,29.8,21,16.1,
花蓮,2024/09/01 00:00:00,PM10,21,18,19,20,16,18,24,24,27,18,12,18,16,15,20,15,15,18,17,25,18,21,19,20,
花蓮,2024/09/01 00:00:00,PM2.5,4,5,4,7,6,6,8,6,3,6,5,1,2,5,3,2,5,4,2,2,6,6,6,7,
花蓮,2024/09/01 00:00:00,RAINFALL,0,0,0,0,0,0,0,0,0,0,0,0,0,0,0,0,0,0,0,0,0,0,0,0,
花蓮,2024/09/01 00:00:00,RH,80,82,86,86,87,87,87,83,69,62,57,57,64,67,70,68,71,75,77,76,79,83,78,79,
花蓮,2024/09/01 00:00:00,SO2,0.2,0.5,0.7,0.8,0.7,0.7,0.8,0.8,0.6,2.1,1.1,0.6,0.6,0.3,0.4,0.5,0.5,0.4,0.6,0.8,0.9,0.9,0.7,0.6,
花蓮,2024/09/01 00:00:00,THC,1.94,1.94,1.92,1.93,1.95,1.95,1.99,1.98,1.92,1.89,1.83,1.82,1.81,1.81,1.81,1.81,1.82,1.82,1.83,1.83,1.94,1.9,1.91,1.91,
花蓮,2024/09/01 00:00:00,WD_HR,223,224,226,224,222,224,227,214,212,146,115,100,109,102,120,139,129,126,126,165,171,191,219,212,
花蓮,2024/09/01 00:00:00,WIND_DIREC,219,227,221,214,219,226,223,212,225,123,106,105,117,126,137,140,120,141,132,182,160,208,222,204,
花蓮,2024/09/01 00:00:00,WIND_SPEED,2.1,2.5,1.4,1.7,2.2,1.7,2.6,1.6,1.2,1.9,2.5,3.3,3.1,2.2,1.9,1.9,1.8,0.7,1,0.9,0.4,0.6,1.6,1.7,
花蓮,2024/09/01 00:00:00,WS_HR,2.2,2,2,2.1,1.9,1.9,2.4,2.2,1.3,1.2,1.9,2.4,3,2.3,1.9,1.5,1.8,1.4,1.1,0.5,0.3,0.3,1.3,1.7,
花蓮,2024/09/02 00:00:00,AMB_TEMP,28,27.5,27.2,26.9,26.8,26.4,27.1,29,30.7,32.7,33,32.8,32.7,32.9,32.1,31.2,30.7,30,29.8,29.8,29.8,29.7,29.4,28.7,
花蓮,2024/09/02 00:00:00,CH4,1.91,1.92,1.92,1.99,1.94,1.95,1.94,1.95,1.94,1.93,A,1.86,#,1.89,1.89,1.9,1.91,#,#,1.92,1.92,1.93,1.94,1.94,
花蓮,2024/09/02 00:00:00,CO,0.14,0.15,0.15,0.14,0.14,0.14,0.17,0.21,0.18,0.2,#,#,#,#,0.15,0.16,0.18,0.19,0.19,0.2,0.22,0.22,0.2,0.19,
花蓮,2024/09/02 00:00:00,NMHC,0,0,0,0,0,0,0,0.04,0.01,0.01,A,0,#,0,0,0,0,#,#,0,0.01,0.01,0.01,0.01,
花蓮,2024/09/02 00:00:00,NO,0.7,0.4,0.3,0.5,0.3,0.5,0.6,1.3,1.2,1.1,#,#,#,#,0.4,0.4,0.5,0.5,0.5,0.4,0.3,0.4,0.5,0.3,
花蓮,2024/09/02 00:00:00,NO2,1.9,1.8,1.7,1.7,1.9,2,2.2,2.7,2.7,3.7,#,#,#,#,1.3,1.3,2,1.9,1.6,2.3,3.1,2.8,2.6,2.7,
花蓮,2024/09/02 00:00:00,NOx,2.7,2.2,2,2.3,2.2,2.5,2.8,4,4,4.9,#,#,#,#,1.7,1.8,2.5,2.4,2.1,2.7,3.4,3.2,3.1,3,
花蓮,2024/09/02 00:00:00,O3,16,15.3,15.3,12.9,13.4,11.1,13.6,17.8,24.1,27.8,A,#,#,36.8,#,#,#,38.3,39.6,37.4,34.2,33,29.5,24.2,
花蓮,2024/09/02 00:00:00,PM10,21,24,17,16,20,23,17,22,19,#,A,17,21,16,20,18,21,18,21,19,22,20,21,22,
花蓮,2024/09/02 00:00:00,PM2.5,4,3,3,4,7,9,6,9,6,6,#,10,8,6,6,7,10,7,8,9,7,9,9,7,
花蓮,2024/09/02 00:00:00,RAINFALL,0,0,0,0,0,0,0,0,0,0,0,0,0,0,0,0,0,0,0,0,0,0,0,0,
花蓮,2024/09/02 00:00:00,RH,78,79,79,84,86,87,84,71,66,58,59,65,65,63,69,74,76,77,77,77,76,72,76,78,
花蓮,2024/09/02 00:00:00,SO2,0.7,0.6,0.6,0.8,0.9,0.8,0.9,0.9,0.6,1.8,#,#,#,#,0.5,0.6,0.2,0.3,0.6,0.8,0.8,0.7,0.8,0.7,
花蓮,2024/09/02 00:00:00,THC,1.91,1.92,1.9,1.98,1.93,1.94,1.94,1.99,1.95,1.94,A,1.84,#,1.87,1.87,1.88,1.89,#,#,1.91,1.93,1.94,1.95,1.95,
花蓮,2024/09/02 00:00:00,WD_HR,221,220,224,221,218,215,218,214,193,126,109,103,#,113,112,106,104,102,107,55,37,257,214,218,
花蓮,2024/09/02 00:00:00,WIND_DIREC,216,215,222,219,209,224,231,205,188,125,100,115,114,114,109,108,95,88,109,25,152,217,227,220,
花蓮,2024/09/02 00:00:00,WIND_SPEED,2.2,1.9,2.4,1.8,1.9,2.5,2.9,1.7,1.2,2.2,2.4,2.6,2.9,2.9,3,1.8,1.6,1.6,1,1,0.6,1.6,1.7,1.2,
花蓮,2024/09/02 00:00:00,WS_HR,2,2,1.9,2,2.1,2.2,2.3,1.8,1,1.4,1.9,2.2,#,2.2,2.3,2.1,1.7,1.5,1.4,0.5,0.7,1,1.6,1.5,
花蓮,2024/09/03 00:00:00,AMB_TEMP,28.5,28,27.5,27.5,27.1,26.9,27.2,28.3,30.3,31.9,32,32.4,32,31.9,31.3,30.9,30.7,30.4,29.6,28.8,28.1,28.3,27.8,27.5,
花蓮,2024/09/03 00:00:00,CH4,1.95,1.95,1.95,1.95,1.95,1.96,1.96,1.96,1.96,#,1.92,1.92,1.93,1.94,1.93,1.94,1.94,1.94,1.92,1.9,1.89,1.94,1.98,1.97,
花蓮,2024/09/03 00:00:00,CO,0.18,0.17,0.16,0.16,0.16,0.16,0.21,0.23,0.19,0.18,#,0.18,0.18,0.19,0.2,0.2,0.22,0.22,0.21,0.18,0.16,0.19,0.19,0.18,
花蓮,2024/09/03 00:00:00,NMHC,0,0,0,0,0,0,0.01,0.02,0,#,0,0,0,0,0,0,0,0,0,0,0,0,0,0,
花蓮,2024/09/03 00:00:00,NO,0.4,0.4,0.3,0.2,0.4,0.4,0.6,1.1,1.1,0.5,#,#,0.7,0.5,0.6,0.7,1,0.6,0.5,0.5,0.5,0.5,0.4,0.3,
花蓮,2024/09/03 00:00:00,NO2,2.2,2.4,1.6,1.4,1.7,2.2,3.4,3.5,3.2,1.8,#,#,1.7,1.4,1.9,2.1,3.2,2.5,2.8,2.3,5.4,3.2,2.4,2.1,
花蓮,2024/09/03 00:00:00,NOx,2.6,2.8,1.9,1.7,2.1,2.6,4.1,4.6,4.3,2.4,#,#,2.4,1.9,2.5,2.8,4.2,3.2,3.4,2.9,6,3.7,2.9,2.4,
花蓮,2024/09/03 00:00:00,O3,24.5,19.8,19.2,21.1,20.8,25.4,24.7,24.2,31.7,#,42.2,44.3,47.1,47.6,44.4,40.7,37.7,37.4,33.3,29.1,22.1,24.8,24.9,24.1,
花蓮,2024/09/03 00:00:00,PM10,18,19,15,17,17,16,24,18,28,18,21,18,27,19,22,31,23,20,17,22,16,21,23,18,
花蓮,2024/09/03 00:00:00,PM2.5,10,7,4,4,5,5,7,8,6,5,4,6,7,11,10,9,6,5,6,5,4,9,8,9,
花蓮,2024/09/03 00:00:00,RAINFALL,0,0,0,0,0,0,0,0,0,0,0,0,0,0,0,0,0,0,0,0,0,0,0,0,
花蓮,2024/09/03 00:00:00,RH,77,78,74,69,66,62,59,62,65,61,63,61,63,66,69,70,67,68,76,87,89,89,89,88,
花蓮,2024/09/03 00:00:00,SO2,0.9,0.3,0.4,0.5,0.6,0.7,1,0.8,0.7,0.3,#,0.2,0.1,0.3,0.2,0.3,0.5,0.5,0.8,0.8,0.8,0.6,0.7,0.6,
花蓮,2024/09/03 00:00:00,THC,1.95,1.95,1.93,1.94,1.95,1.96,1.97,1.98,1.95,#,1.9,1.9,1.91,1.91,1.91,1.92,1.94,1.93,1.91,1.89,1.87,1.93,1.97,1.96,
花蓮,2024/09/03 00:00:00,WD_HR,222,216,218,218,222,216,221,216,179,111,99,95,93,90,91,89,57,67,74,96,165,206,215,212,
花蓮,2024/09/03 00:00:00,WIND_DIREC,224,226,233,222,217,211,214,207,131,115,85,89,95,83,92,88,77,28,88,115,154,199,221,213,
花蓮,2024/09/03 00:00:00,WIND_SPEED,1.4,1.4,1.9,2.5,1.5,1.9,1.9,1.3,1.4,2.7,3.2,3.4,4,3.4,2.9,3,2.3,1.3,3.5,0.9,0.5,1.4,2.3,3,
花蓮,2024/09/03 00:00:00,WS_HR,1.6,1.2,2,2,1.3,1.6,1.8,1.8,1,1.8,2.8,3,3.5,3.4,3.3,3.1,1.6,1.5,1.9,1.5,0.6,0.8,2.2,2.5,
花蓮,2024/09/04 00:00:00,AMB_TEMP,27.1,26.7,26.6,26.2,26.2,26.2,26.8,28.1,30,32.4,32.5,32.1,32.2,30.4,29.8,30.7,30.7,29.9,29.7,29.8,29.4,29.5,29,27.3,
花蓮,2024/09/04 00:00:00,CH4,1.98,2,1.98,1.99,1.99,1.99,1.98,1.96,1.92,1.86,1.82,1.81,1.82,1.81,1.81,1.82,1.82,1.82,1.83,1.85,1.85,1.84,1.87,1.85,
花蓮,2024/09/04 00:00:00,CO,0.17,0.17,0.16,0.15,0.14,0.14,0.16,0.17,0.15,0.13,0.1,0.1,0.12,0.1,0.09,0.11,0.12,0.14,0.18,0.18,0.22,0.19,0.16,0.13,
花蓮,2024/09/04 00:00:00,NMHC,0,0,0,0,0,0,0,0,0,0.01,0,0,0,0,0,0,0,0,0,0.02,0.04,0.03,0.03,0.01,
花蓮,2024/09/04 00:00:00,NO,0.4,0.2,0.2,0.2,0.2,0.2,0.5,1.5,1.4,1.5,0.7,0.6,0.7,0.6,0.4,0.5,0.8,0.9,0.4,0.6,1.1,0.9,0.3,0.3,
花蓮,2024/09/04 00:00:00,NO2,1.7,2.3,1.6,1.8,1.7,1.8,1.8,1.8,1.8,2.3,1.2,0.9,1.4,1,0.8,1.1,2.4,3.6,5.8,6.5,5.9,4.4,4.3,3.4,
花蓮,2024/09/04 00:00:00,NOx,2.2,2.5,1.9,2,1.9,2,2.3,3.3,3.2,3.9,2,1.5,2.2,1.7,1.2,1.6,3.2,4.6,6.2,7.1,7,5.3,4.7,3.8,
花蓮,2024/09/04 00:00:00,O3,21.3,16.2,14.3,10.7,10.2,8.4,8.5,9.4,11.7,16,17.8,23.1,25.8,19.6,17,17.3,18,15.5,12,11.6,10.1,9.7,7.7,9.9,
花蓮,2024/09/04 00:00:00,PM10,21,20,19,19,17,21,23,23,21,19,11,8,15,16,7,8,18,19,20,13,24,18,22,12,
花蓮,2024/09/04 00:00:00,PM2.5,6,4,8,6,8,8,5,4,4,3,0,0,0,0,0,0,3,1,0,0,5,5,4,2,
花蓮,2024/09/04 00:00:00,RAINFALL,0,0,0,0,0,0,0,0,0,0,0,0,0,0,0,0,0,0,0,0,0,0,0,0.5,
花蓮,2024/09/04 00:00:00,RH,88,90,89,90,89,89,88,83,70,61,66,71,72,77,77,74,76,77,73,69,76,73,78,89,
花蓮,2024/09/04 00:00:00,SO2,0.8,x,x,x,x,x,x,x,x,x,#,#,#,#,#,#,#,0.7,0.9,1.2,0.9,0.7,0.7,0.7,
花蓮,2024/09/04 00:00:00,THC,1.96,1.99,1.96,1.97,1.98,1.97,1.97,1.95,1.92,1.87,1.81,1.79,1.8,1.79,1.79,1.8,1.8,1.81,1.83,1.87,1.89,1.87,1.9,1.86,
花蓮,2024/09/04 00:00:00,WD_HR,215,216,216,214,215,206,210,207,196,141,123,132,127,129,129,134,114,96,102,20,305,294,197,105,
花蓮,2024/09/04 00:00:00,WIND_DIREC,217,219,216,211,219,201,209,209,187,120,125,133,113,138,148,131,100,88,124,314,300,280,152,302,
花蓮,2024/09/04 00:00:00,WIND_SPEED,2.3,2.9,1.9,2.4,2.8,3.3,3,3.2,2.1,2.2,2,2.4,2.6,2.7,1.3,1.6,1.5,1.9,1.3,1.3,1.8,1.2,0.8,0.6,
花蓮,2024/09/04 00:00:00,WS_HR,2.5,2.4,2.1,2.4,2.5,2.5,2.7,2.6,2.1,1.4,1.7,2.2,2.4,2.9,1.7,0.9,1.5,1.8,1.1,0.6,1.5,1.3,0.6,0,
花蓮,2024/09/05 00:00:00,AMB_TEMP,27.9,27.7,26.8,26.3,26.1,26.2,26.6,27.9,29.8,31.7,33,32.9,31.8,31.6,30,30.4,29.3,29,28.7,28.7,29,29.1,27.9,27.4,
花蓮,2024/09/05 00:00:00,CH4,1.84,1.88,1.96,1.93,1.9,1.9,1.89,1.87,1.86,1.87,1.84,1.82,1.82,1.82,1.87,1.84,1.83,1.83,1.83,1.84,1.85,1.87,1.91,1.89,
花蓮,2024/09/05 00:00:00,CO,0.11,0.1,0.09,0.09,0.09,0.1,0.12,0.16,0.15,0.14,0.11,0.1,0.1,0.09,0.13,0.12,0.15,0.12,0.13,0.12,0.17,0.18,0.1,0.09,
花蓮,2024/09/05 00:00:00,NMHC,0.01,0.01,0,0,0,0,0,0,0,0,0,0,0,0,0,0,0,0,0,0,0.01,0.04,0,0,
花蓮,2024/09/05 00:00:00,NO,0.3,0.5,0.4,0.4,0.4,0.4,0.8,1.9,2.6,2.5,1.8,0.9,0.9,0.8,0.5,0.7,1.1,0.6,0.5,0.4,0.5,0.5,0.5,0.5,
花蓮,2024/09/05 00:00:00,NO2,2.6,2.8,2.4,1.9,1.7,1.9,2.1,2.3,2.5,3.3,2.8,1.4,1.1,1,1.6,1.7,2.5,2.2,2.4,1.8,2.9,5.1,2.4,1.4,
花蓮,2024/09/05 00:00:00,NOx,3,3.3,2.9,2.3,2.2,2.4,2.9,4.2,5.1,5.8,4.6,2.3,2.1,1.8,2.2,2.5,3.6,2.8,2.9,2.2,3.5,5.7,2.9,1.9,
花蓮,2024/09/05 00:00:00,O3,9.8,7.1,7.1,6.4,7.2,5.7,6,8,11.6,16.1,20.2,19.2,19.8,22.6,23.5,23.6,24.3,24.7,24,23.8,17.7,10.8,11.4,13.3,
花蓮,2024/09/05 00:00:00,PM10,16,14,17,12,13,15,19,13,13,19,21,15,12,12,23,17,24,17,16,14,22,22,14,13,
花蓮,2024/09/05 00:00:00,PM2.5,2,2,2,2,0,0,1,3,0,0,2,4,0,0,4,3,2,0,0,3,5,5,3,0,
花蓮,2024/09/05 00:00:00,RAINFALL,0,0,1,0,0,0,0,0,0,0,0,0,0,0,0,0,0,0,0,0,0,0,0,0,
花蓮,2024/09/05 00:00:00,RH,88,88,91,93,93,92,91,88,77,68,61,63,70,74,76,75,86,88,88,89,87,86,88,88,
花蓮,2024/09/05 00:00:00,SO2,0.7,0.5,0.5,0.7,0.7,0.6,0.6,0.7,0.4,5.6,3.3,0.2,0,0.2,0.1,0.1,0.2,0.4,0.5,0.5,0.4,0.6,0.5,0.5,
花蓮,2024/09/05 00:00:00,THC,1.85,1.89,1.93,1.92,1.88,1.89,1.88,1.87,1.85,1.87,1.83,1.81,1.8,1.8,1.87,1.83,1.82,1.81,1.82,1.82,1.86,1.91,1.9,1.86,
花蓮,2024/09/05 00:00:00,WD_HR,256,216,208,229,217,225,219,221,215,184,134,128,116,130,154,126,136,117,144,124,273,221,207,217,
花蓮,2024/09/05 00:00:00,WIND_DIREC,203,206,212,213,219,225,229,219,217,158,157,147,117,143,175,132,115,114,134,118,284,208,211,226,
花蓮,2024/09/05 00:00:00,WIND_SPEED,1.3,1.9,1.7,1.3,2.1,1.7,1.8,1.6,2.2,1.4,1.8,1.9,2.7,3.3,1.6,2.5,1.5,1.3,1.2,1.4,0.7,2,3,1.9,
花蓮,2024/09/05 00:00:00,WS_HR,0.7,1.5,1.7,1.9,1.9,1.6,1.9,1.8,1.8,1.2,1.4,1.7,2.2,2.6,1.8,1.5,1.5,1.3,0.8,0.8,0.5,1.5,3,2.1,
花蓮,2024/09/06 00:00:00,AMB_TEMP,27.2,26.8,26.4,26.3,26.1,25.8,26.4,28.5,30.6,32.1,32.4,32.1,32.6,32.3,32.5,31.6,31.2,30.3,29.9,29.9,29.5,28.9,28.6,28.2,
花蓮,2024/09/06 00:00:00,CH4,1.89,1.88,1.91,1.89,1.89,1.92,1.92,1.92,1.9,1.84,1.82,1.82,1.81,1.81,1.82,1.81,1.81,1.81,1.82,1.85,1.87,1.88,1.89,1.89,
花蓮,2024/09/06 00:00:00,CO,0.09,0.08,0.09,0.08,0.09,0.09,0.12,0.15,0.13,0.11,0.1,0.09,0.1,0.09,0.1,0.11,0.11,0.14,0.17,0.18,0.17,0.12,0.12,0.11,
花蓮,2024/09/06 00:00:00,NMHC,0,0,0,0,0,0,0,0,0,0,0,0,0,0,0,0,0,0,0,0.03,0.01,0,0,0,
花蓮,2024/09/06 00:00:00,NO,0.4,0.8,0.7,0.7,0.6,0.8,1.2,2.2,2.5,1.7,1.2,1.1,1,1,1.1,1.1,1,1,0.9,1,1.2,1,1,1.1,
花蓮,2024/09/06 00:00:00,NO2,1.5,1.1,1,1.1,1,1.2,1.5,1.8,2.4,1.9,0.8,0.8,1,0.6,0.7,1.2,1,1.9,2.7,3.9,4.5,2.8,2.6,2.5,
花蓮,2024/09/06 00:00:00,NOx,1.9,2,1.8,1.9,1.7,2.1,2.8,4,4.9,3.6,2.1,2,2.1,1.6,1.8,2.3,2.1,3,3.7,4.9,5.7,3.8,3.6,3.7,
花蓮,2024/09/06 00:00:00,O3,11.6,15.4,12.5,10.5,9.7,8.5,7.6,8.9,13.7,21.6,23.5,27.4,31.6,30.8,30.8,34.4,32.5,32.1,29.6,22,15.2,13.3,10.6,10,
花蓮,2024/09/06 00:00:00,PM10,8,13,15,17,20,15,23,22,24,15,12,11,12,13,13,17,14,14,15,18,26,18,16,16,
花蓮,2024/09/06 00:00:00,PM2.5,0,0,0,0,0,1,2,5,3,7,5,1,0,0,0,0,0,0,2,2,6,4,3,3,
花蓮,2024/09/06 00:00:00,RAINFALL,0,0,0,0,0,0,0,0,0,0,0,0,0,0,0,0,0,0,0,0,0,0,0,0,
花蓮,2024/09/06 00:00:00,RH,88,88,89,89,89,90,89,84,71,67,70,73,72,73,72,76,77,83,87,86,86,87,86,87,
花蓮,2024/09/06 00:00:00,SO2,0.5,0.4,0.6,0.6,0.5,0.5,0.4,0.6,0.8,0.9,0,0.1,0.1,0,0.1,0.1,0,0.1,0.3,0.5,1,0.8,0.5,0.7,
花蓮,2024/09/06 00:00:00,THC,1.87,1.85,1.88,1.86,1.87,1.9,1.91,1.92,1.9,1.83,1.8,1.79,1.79,1.8,1.79,1.79,1.79,1.81,1.82,1.88,1.88,1.88,1.89,1.89,
花蓮,2024/09/06 00:00:00,WD_HR,217,216,214,210,217,216,216,209,195,127,117,115,100,120,134,117,131,130,152,198,223,211,204,220,
花蓮,2024/09/06 00:00:00,WIND_DIREC,224,220,218,207,226,221,221,222,168,147,106,96,103,132,123,136,134,135,165,219,213,207,146,207,
花蓮,2024/09/06 00:00:00,WIND_SPEED,2.6,2.4,2.5,2.5,2.4,2.6,1.8,1.7,1.1,1.7,2.4,3,2.8,2.2,1.7,1.3,1.5,0.5,0.5,1,1.5,2.2,0.5,1.8,
花蓮,2024/09/06 00:00:00,WS_HR,2.4,2.5,2.4,2.7,2.6,2.5,2,1.7,1.3,1.6,1.9,2.5,2.3,2,1.4,1.1,1.3,0.9,0.4,0.5,0.9,1.8,0.7,1.5,
花蓮,2024/09/07 00:00:00,AMB_TEMP,27.9,27.5,27.3,27,26.7,26.5,27,28.9,30.8,31.3,31.5,32,31.5,31.9,31.6,30.5,29.9,29.5,29.4,29.1,28.9,28.5,28.1,27.5,
花蓮,2024/09/07 00:00:00,CH4,1.88,1.89,1.9,1.9,1.9,1.9,1.91,1.9,1.89,1.84,1.83,1.84,1.84,1.84,1.84,1.84,1.84,1.84,1.84,1.85,1.85,1.86,1.87,1.88,
花蓮,2024/09/07 00:00:00,CO,0.1,0.1,0.1,0.1,0.1,0.11,0.12,0.13,0.14,0.11,0.11,0.11,0.11,0.11,0.12,0.13,0.14,0.13,0.16,0.17,0.18,0.19,0.17,0.12,
花蓮,2024/09/07 00:00:00,NMHC,0,0,0,0,0,0,0,0,0,0,0,0,0,0,0,0,0,0,0,0.01,0,0.02,0.03,0,
花蓮,2024/09/07 00:00:00,NO,0.8,0.4,0.4,0.3,0.3,0.3,0.8,1.2,1.1,0.9,0.6,0.8,0.7,0.6,0.8,0.6,0.7,0.6,0.5,0.6,0.6,0.7,0.5,0.5,
花蓮,2024/09/07 00:00:00,NO2,1.9,1.7,1.5,1.5,1.4,1.7,1.8,1.6,2.2,1.9,1.4,1.6,1.8,1.4,1.7,2.4,3.3,3.4,4,3.9,3.8,4.3,5,2.5,
花蓮,2024/09/07 00:00:00,NOx,2.8,2.2,1.9,1.8,1.8,2,2.7,2.9,3.3,2.8,2,2.5,2.6,2.1,2.5,3,4,4.1,4.6,4.5,4.4,5.1,5.5,3,
花蓮,2024/09/07 00:00:00,O3,9.1,8.7,7.9,7.7,7.1,6.9,6.3,9.5,16.3,23.6,25.9,25.7,26.6,24.1,24.2,23.2,21.2,22,21.5,20.2,18.6,12.6,10.2,10.9,
花蓮,2024/09/07 00:00:00,PM10,15,12,16,16,15,21,15,21,19,12,10,17,10,15,17,16,21,12,16,13,16,20,16,21,
花蓮,2024/09/07 00:00:00,PM2.5,1,1,4,4,2,2,3,2,3,2,0,1,1,1,0,1,2,0,1,1,0,0,1,0,
花蓮,2024/09/07 00:00:00,RAINFALL,0,0,0,0,0,0,0,0,0,0,0,0,0,0,0,0,0,0,0,0,0,0,0,0,
花蓮,2024/09/07 00:00:00,RH,87,87,87,87,87,87,86,77,69,75,75,73,75,73,71,75,78,80,79,82,79,76,78,81,
花蓮,2024/09/07 00:00:00,SO2,0.4,0.6,0.6,0.8,0.8,0.7,0.8,0.9,0.5,0.4,0.2,0.2,0.5,0.2,0.3,0.3,0.6,1,1,0.9,0.6,0.8,1,0.9,
花蓮,2024/09/07 00:00:00,THC,1.87,1.87,1.86,1.87,1.87,1.88,1.89,1.89,1.88,1.81,1.8,1.81,1.81,1.8,1.84,1.84,1.83,1.81,1.83,1.86,1.85,1.88,1.9,1.87,
花蓮,2024/09/07 00:00:00,WD_HR,211,216,218,212,213,218,215,206,152,99,105,97,102,102,68,60,68,86,77,345,345,279,234,229,
花蓮,2024/09/07 00:00:00,WIND_DIREC,220,214,224,211,224,214,215,217,117,96,91,103,97,89,15,73,94,91,24,72,287,285,221,234,
花蓮,2024/09/07 00:00:00,WIND_SPEED,2.3,1.8,2.7,2.1,1.6,2.1,2.5,1.3,1.9,3.2,3,3.3,3.8,3.8,1.8,2.8,2.4,1.9,1.3,1.2,1.9,1.1,1.6,1.6,
花蓮,2024/09/07 00:00:00,WS_HR,1.9,1.7,2.1,1.8,2,2.1,1.9,1.4,0.7,2.4,2.8,2.9,2.9,3.2,1.5,1.7,1.7,2.3,1,1.3,0.6,1.4,0.8,1.5,
花蓮,2024/09/08 00:00:00,AMB_TEMP,27.8,27.3,26.6,26.4,26.3,26.2,26.9,28.1,29,30.8,31.2,30.5,30.9,30.4,29.3,28.3,26.9,26.8,27.3,27.3,27,26.2,26.2,25.9,
花蓮,2024/09/08 00:00:00,CH4,1.87,1.9,1.98,1.94,1.9,1.91,1.93,1.94,1.91,1.88,1.85,1.85,1.85,1.84,1.84,1.85,1.86,1.87,1.89,1.89,1.9,1.89,1.9,1.91,
花蓮,2024/09/08 00:00:00,CO,0.14,0.13,0.12,0.13,0.13,0.12,0.16,0.15,0.16,0.18,0.16,0.15,0.11,0.1,0.13,0.14,0.14,0.16,0.22,0.21,0.18,0.15,0.15,0.13,
花蓮,2024/09/08 00:00:00,NMHC,0,0,0,0,0,0,0.01,0,0,0,0,0,0,0,0,0,0,0.01,0.03,0.04,0.02,0.01,0.01,0,
花蓮,2024/09/08 00:00:00,NO,0.3,0.8,0.8,0.7,0.9,0.8,1.3,1.7,1.8,1.9,1.7,1.2,1.1,1.1,0.8,1,0.9,0.9,1,1,0.9,0.8,1.1,0.9,
花蓮,2024/09/08 00:00:00,NO2,2.8,2.7,2.1,2,2.4,1.6,1.9,1.7,1.9,3.3,3.2,2.1,1.2,1.3,1.8,2.5,2,3,5.3,6.5,6.4,3.2,3.6,2.7,
花蓮,2024/09/08 00:00:00,NOx,3.2,3.6,2.9,2.7,3.3,2.5,3.3,3.4,3.7,5.2,4.9,3.3,2.3,2.5,2.7,3.6,2.9,3.9,6.4,7.6,7.4,4.1,4.7,3.7,
花蓮,2024/09/08 00:00:00,O3,10,9,9,7.3,6.1,5.8,7.1,9.8,15.1,21.5,29.2,31.5,30.8,30,28.4,24.2,26.4,22.4,17,14.4,12.2,10.1,8.7,9.9,
花蓮,2024/09/08 00:00:00,PM10,16,20,21,17,17,20,22,19,21,27,23,11,7,10,15,15,11,19,15,16,20,20,20,18,
花蓮,2024/09/08 00:00:00,PM2.5,0,0,0,0,2,2,2,0,0,4,1,0,0,0,0,0,0,3,1,0,0,0,2,0,
花蓮,2024/09/08 00:00:00,RAINFALL,0,0,0,0,0,0,0,0,0,0,0,0,0,0,0,0,0,0,0,0,0,0,0,0,
花蓮,2024/09/08 00:00:00,RH,79,83,88,88,88,87,86,84,77,71,70,72,73,75,80,82,88,88,88,88,88,88,88,89,
花蓮,2024/09/08 00:00:00,SO2,0.8,0.5,0.6,0.5,0.5,0.4,0.5,0.6,2.8,2.2,0.3,0.1,0.2,0.4,0.4,0.3,0.4,0.5,0.6,0.6,0.7,0.5,0.8,0.7,
花蓮,2024/09/08 00:00:00,THC,1.87,1.9,1.95,1.94,1.89,1.91,1.94,1.93,1.89,1.88,1.84,1.83,1.82,1.82,1.83,1.85,1.86,1.88,1.92,1.93,1.92,1.9,1.91,1.91,
花蓮,2024/09/08 00:00:00,WD_HR,270,185,217,232,229,223,210,211,194,96,84,67,86,91,33,277,218,212,331,27,215,226,220,227,
花蓮,2024/09/08 00:00:00,WIND_DIREC,279,226,222,224,225,237,198,222,240,105,73,64,83,92,349,218,243,227,215,54,217,240,233,216,
花蓮,2024/09/08 00:00:00,WIND_SPEED,1.3,1.5,2,1.2,0.4,0.4,1.9,1.9,1,2.4,2.8,2.1,3.1,3.1,2.1,3.4,1.5,0.5,0.3,0.7,2.3,1.2,0.4,1.7,
花蓮,2024/09/08 00:00:00,WS_HR,1.1,0.6,1.7,0.6,0.9,0.4,0.8,1.8,1.1,0.9,2.7,1.9,2.7,3,1.2,1.2,2.6,0.9,0.1,0.3,1,1.1,0.4,1.3,
花蓮,2024/09/09 00:00:00,AMB_TEMP,26,25.8,25.4,25.3,25,25.1,25.6,27.3,29.8,31.1,32,32.7,32.6,32.7,32.2,31.7,31,29.8,29.5,29.4,29,28.1,27.9,27.6,
花蓮,2024/09/09 00:00:00,CH4,1.89,1.91,1.98,1.91,1.92,1.91,1.92,1.91,1.89,1.85,1.84,1.84,1.85,1.86,1.86,1.86,1.86,1.87,1.87,1.89,1.9,1.89,1.9,1.88,
花蓮,2024/09/09 00:00:00,CO,0.11,0.12,0.11,0.12,0.12,0.12,0.13,0.17,0.19,0.2,0.13,0.13,0.11,0.15,0.11,0.12,0.14,0.2,0.2,0.29,0.31,0.21,0.19,0.16,
花蓮,2024/09/09 00:00:00,NMHC,0,0,0,0,0,0,0,0,0,0,0,0,0,0,0,0,0,0.01,0,0.03,0.05,0,0,0,
花蓮,2024/09/09 00:00:00,NO,0.7,0.6,0.4,0.4,0.5,0.5,0.9,1.8,2.5,3.4,1.8,1.4,1.3,1.1,1.1,1.1,1.2,1.3,1.1,0.8,0.9,0.6,0.6,0.5,
花蓮,2024/09/09 00:00:00,NO2,1.9,1.6,1.5,1.2,1.2,1.4,1.5,1.6,2.7,4.3,2.8,2.3,1.9,1.7,1.6,1.7,2.2,3.5,4.8,5.5,6.6,4.2,3,2.2,
花蓮,2024/09/09 00:00:00,NOx,2.6,2.2,1.9,1.7,1.8,1.9,2.5,3.4,5.3,7.7,4.6,3.7,3.2,2.8,2.7,2.9,3.4,4.9,6,6.3,7.5,4.8,3.6,2.8,
花蓮,2024/09/09 00:00:00,O3,9.5,9,8.8,8.6,8,8.2,7.6,9.2,14.5,19.3,24.1,26.5,25.9,26.4,25.1,22.5,23.3,20.6,17.6,14.8,11.8,12.5,13,11.9,
花蓮,2024/09/09 00:00:00,PM10,22,20,14,15,21,23,23,22,20,18,15,19,17,26,27,29,25,28,24,29,28,20,23,24,
花蓮,2024/09/09 00:00:00,PM2.5,0,0,0,1,0,3,3,2,3,4,1,0,0,0,0,0,3,13,9,14,8,5,9,6,
花蓮,2024/09/09 00:00:00,RAINFALL,0,0,0,0,0,0,0,0,0,0,0,0,0,0,0,0,0,0,0,0,0,0,0,0,
花蓮,2024/09/09 00:00:00,RH,88,88,89,89,90,88,87,83,69,66,63,63,61,62,62,62,65,73,75,72,73,77,76,75,
花蓮,2024/09/09 00:00:00,SO2,0.6,0.3,0.1,0.2,0.3,0.3,0.1,0.4,0.3,0.3,0,0,0,0,0,0,0.1,0.4,0.6,0.7,0.6,0.5,0.6,0.6,
花蓮,2024/09/09 00:00:00,THC,1.87,1.9,1.95,1.88,1.9,1.89,1.91,1.91,1.88,1.84,1.83,1.83,1.83,1.84,1.84,1.85,1.86,1.88,1.87,1.92,1.95,1.89,1.89,1.86,
花蓮,2024/09/09 00:00:00,WD_HR,220,221,220,219,221,226,215,221,178,47,64,83,70,74,60,72,52,24,7,230,223,210,213,214,
花蓮,2024/09/09 00:00:00,WIND_DIREC,215,220,224,220,232,219,208,226,69,31,80,86,44,90,72,80,37,29,23,188,200,225,205,236,
花蓮,2024/09/09 00:00:00,WIND_SPEED,1.8,1.5,2.1,2.3,2.4,2.4,2.5,2.2,1.9,2.5,2.1,3.7,2.8,3.4,3.8,3.4,2.6,2,1.3,1.2,1.9,2,2.1,2.6,
花蓮,2024/09/09 00:00:00,WS_HR,1.8,1.4,1.9,2.1,2,2.3,2.2,2,0.8,1.8,2.1,2.4,2.4,2.3,2.3,2.9,2.3,1.6,0.8,0.8,1.4,1.6,2,2.2,
花蓮,2024/09/10 00:00:00,AMB_TEMP,27.3,26.9,26.3,25.9,25.7,25.6,26.2,27.9,29.9,31.9,32.5,32.6,32.5,32.5,32.1,31.6,30.9,30.2,30,29.9,29.5,29,28.6,28.2,
花蓮,2024/09/10 00:00:00,CH4,1.88,1.89,1.9,1.92,1.91,1.92,1.94,1.93,1.92,1.89,1.86,1.85,1.85,1.85,1.85,1.85,1.85,1.86,1.86,1.88,1.88,1.89,1.88,1.92,
花蓮,2024/09/10 00:00:00,CO,0.15,0.14,0.13,0.12,0.12,0.12,0.13,0.15,0.13,0.15,0.15,0.15,0.13,0.13,0.12,0.13,0.16,0.17,0.16,0.19,0.18,0.24,0.17,0.14,
花蓮,2024/09/10 00:00:00,NMHC,0,0,0,0,0,0,0,0,0,0,0,0,0,0,0,0,0,0,0,0.03,0.01,0.03,0.01,0,
花蓮,2024/09/10 00:00:00,NO,0.5,0.7,0.4,0.3,0.3,0.3,0.8,1.3,1.5,1.3,1,0.7,0.7,0.6,0.6,0.6,1.1,0.9,0.5,0.6,0.4,0.5,0.6,0.6,
花蓮,2024/09/10 00:00:00,NO2,1.7,2,1.7,1.6,1.3,1.5,1.4,1.6,1.9,2.6,1.9,1.6,1.3,1.2,1.4,1.6,2.7,3,2.5,3.3,3.6,4.5,3.2,2.2,
花蓮,2024/09/10 00:00:00,NOx,2.2,2.7,2.2,2,1.7,1.8,2.2,3,3.4,3.9,3,2.3,2.1,1.8,2,2.2,3.9,3.9,3,4,4.1,5,3.9,2.8,
花蓮,2024/09/10 00:00:00,O3,11.6,10.4,10.5,9.6,9.6,9.3,9.3,11.4,14.9,22.2,26.9,31.1,31.5,30,28.1,27.2,27.6,26.9,27.2,24.1,26.5,18.5,16.4,14.7,
花蓮,2024/09/10 00:00:00,PM10,16,13,25,18,19,21,21,21,18,24,20,19,25,25,21,25,25,32,21,23,24,22,21,23,
花蓮,2024/09/10 00:00:00,PM2.5,3,3,0,5,6,3,2,1,0,2,4,6,5,5,4,6,7,8,6,9,8,9,8,12,
花蓮,2024/09/10 00:00:00,RAINFALL,0,0,0,0,0,0,0,0,0,0,0,0,0,0,0,0,0,0,0,0,0,0,0,0,
花蓮,2024/09/10 00:00:00,RH,75,75,76,81,80,79,78,69,61,56,59,60,61,63,66,68,72,76,76,75,76,79,81,86,
花蓮,2024/09/10 00:00:00,SO2,0.6,0.9,0.6,0.7,0.6,0.6,0.7,0.5,0.4,2,0.6,0.4,0.4,0.3,0.4,0.3,0.3,0.4,0.7,1,0.9,0.6,0.5,0.5,
花蓮,2024/09/10 00:00:00,THC,1.86,1.87,1.88,1.9,1.88,1.9,1.92,1.92,1.91,1.88,1.84,1.83,1.83,1.83,1.83,1.83,1.85,1.85,1.86,1.91,1.89,1.92,1.89,1.92,
花蓮,2024/09/10 00:00:00,WD_HR,226,222,223,214,214,204,216,211,212,185,135,142,141,146,144,140,161,170,191,226,221,234,220,214,
花蓮,2024/09/10 00:00:00,WIND_DIREC,238,223,217,211,213,203,216,207,219,141,134,140,139,151,148,136,172,177,211,230,215,234,215,225,
花蓮,2024/09/10 00:00:00,WIND_SPEED,1.9,2.3,2.8,2.6,2.6,4.2,3.2,3.1,2.9,2.2,3.1,3.2,3.1,2.8,2.8,2.6,2.4,2.4,2,1.9,1.5,1.6,2.1,2.4,
花蓮,2024/09/10 00:00:00,WS_HR,1.8,1.8,2.4,2.7,2.9,3.5,3.2,3,2.7,1.7,2.5,2.7,2.6,2.6,2.2,2.2,2,2,1.8,1.6,1.4,1.4,1.8,1.8,
花蓮,2024/09/11 00:00:00,AMB_TEMP,27.9,27.4,26.9,26.6,26.2,25.9,26.5,27.9,30.1,32.2,32.4,32.2,32.4,32.1,31.5,31.6,30.8,30,29.6,29.5,29.2,28.7,28.3,27.9,
花蓮,2024/09/11 00:00:00,CH4,1.92,1.97,1.95,1.96,1.96,1.96,1.96,1.96,1.93,1.88,1.86,1.85,1.85,1.85,1.84,1.84,1.84,1.84,1.85,1.88,1.87,1.88,1.88,1.88,
花蓮,2024/09/11 00:00:00,CO,0.13,0.12,0.11,0.11,0.11,0.12,0.14,0.16,0.15,0.15,0.11,0.11,0.14,0.1,0.1,0.11,0.11,0.15,0.16,0.21,0.16,0.17,0.14,0.12,
花蓮,2024/09/11 00:00:00,NMHC,0,0,0,0,0,0,0,0,0,0.01,0,0,0,0,0,0,0,0,0,0.03,0.01,0.03,0,0,
花蓮,2024/09/11 00:00:00,NO,0.5,0.4,0.3,0.4,0.4,0.4,1,1.9,2,2.2,1.1,0.9,1.6,1.5,1,0.6,0.8,0.7,0.9,1,0.8,0.5,0.5,0.8,
花蓮,2024/09/11 00:00:00,NO2,2.2,2.2,2,2,2,2.2,1.9,2,2.3,3.6,1.5,1.5,2,0.9,1.3,1,1.9,2.7,3.6,5.3,4.3,4.2,3.6,2.4,
花蓮,2024/09/11 00:00:00,NOx,2.8,2.6,2.3,2.5,2.4,2.7,2.9,3.9,4.3,5.9,2.6,2.5,3.6,2.5,2.3,1.7,2.7,3.4,4.5,6.4,5.2,4.7,4.1,3.2,
花蓮,2024/09/11 00:00:00,O3,14.1,11.8,10.5,8.4,6.7,5.9,5.7,7.2,12.3,18.6,20.6,22.1,21.2,21.7,22.2,23.6,26.3,25.9,24,16.8,17.5,11.9,9.6,9.5,
花蓮,2024/09/11 00:00:00,PM10,22,17,20,24,19,19,25,23,28,28,20,21,16,21,18,11,13,18,30,25,21,25,22,20,
花蓮,2024/09/11 00:00:00,PM2.5,7,12,8,11,8,6,8,6,6,5,5,5,5,5,4,3,5,6,7,6,10,7,3,6,
花蓮,2024/09/11 00:00:00,RAINFALL,0,0,0,0,0,0,0,0,0,0,0,0,0,0,0,0,0,0,0,0,0,0,0,0,
花蓮,2024/09/11 00:00:00,RH,87,88,88,88,89,89,88,85,71,61,65,69,70,71,75,74,77,78,78,75,77,78,74,73,
花蓮,2024/09/11 00:00:00,SO2,0.5,0,0.2,0.1,0.3,0.2,0.2,0.5,0.8,4.2,x,x,x,x,x,x,#,0.4,0.8,1,1.1,1,1,1,
花蓮,2024/09/11 00:00:00,THC,1.92,1.97,1.93,1.95,1.94,1.94,1.95,1.95,1.93,1.89,1.84,1.83,1.84,1.82,1.81,1.81,1.81,1.83,1.84,1.91,1.88,1.91,1.88,1.87,
花蓮,2024/09/11 00:00:00,WD_HR,228,225,217,226,223,218,214,215,198,151,133,139,141,127,118,128,117,136,155,197,225,215,219,214,
花蓮,2024/09/11 00:00:00,WIND_DIREC,229,225,219,216,231,215,206,221,187,133,150,140,131,110,114,117,132,140,172,225,223,253,228,206,
花蓮,2024/09/11 00:00:00,WIND_SPEED,1.6,2.1,2.3,2.4,2,2.1,2.3,2.8,2.1,2.4,2.5,3.1,2.9,2.9,2.6,2.5,1.2,1,1.3,1.7,1.4,1,2,2.4,
花蓮,2024/09/11 00:00:00,WS_HR,1.7,1.8,2.2,2,1.7,2.1,2.3,2.7,2,1.6,2.2,2.6,2.2,2.2,2,1.8,1.4,1,0.9,1.4,1.5,1,1.4,1.8,
花蓮,2024/09/12 00:00:00,AMB_TEMP,27.3,26.9,26.7,26.6,26.9,26.2,26.3,26.8,27,26.6,26.6,29.6,31.2,31.6,30.9,30.8,29.7,29.3,29,28.8,28.7,28.3,28.4,27.9,
花蓮,2024/09/12 00:00:00,CH4,1.92,1.91,1.91,1.94,1.92,1.93,1.93,1.91,1.95,#,#,1.9,1.9,1.88,1.87,1.86,1.85,1.86,1.86,1.88,1.89,1.88,1.89,1.9,
花蓮,2024/09/12 00:00:00,CO,0.11,0.1,0.1,0.1,0.11,0.12,0.14,0.2,0.22,0.2,0.19,#,0.16,0.16,0.16,0.2,0.22,0.27,0.28,0.29,0.29,0.3,0.29,0.27,
花蓮,2024/09/12 00:00:00,NMHC,0,0,0,0,0,0,0.01,0.01,0.04,#,#,0.01,0,0,0,0,0,0,0.01,0.02,0.02,0.04,0.04,0.05,
花蓮,2024/09/12 00:00:00,NO,0.5,0.2,0.3,0.4,0.6,0.6,1.1,2.4,3.2,3.3,3.6,#,1.7,1.1,0.9,1.1,0.8,0.7,0.6,0.5,0.6,1,0.7,0.7,
花蓮,2024/09/12 00:00:00,NO2,1.8,2.2,1.7,1.7,2.5,3.1,3.1,3.8,5.3,7.6,7.1,#,4.1,3.8,3,3.8,4.2,4.5,4.9,6.2,7.5,8.6,8.7,9.5,
花蓮,2024/09/12 00:00:00,NOx,2.3,2.5,2,2.1,3.2,3.8,4.2,6.2,8.6,11,10.7,#,5.9,4.9,3.9,5,5.1,5.2,5.6,6.8,8.2,9.6,9.5,10.2,
花蓮,2024/09/12 00:00:00,O3,9.6,9.7,8.9,8.9,7.6,6.6,6.3,6.7,5.1,7,#,14.4,24.1,34.1,40.8,39.9,35.5,36.6,33.2,28,23.2,16.1,11.9,8.4,
花蓮,2024/09/12 00:00:00,PM10,18,17,19,19,17,20,14,25,26,#,29,23,14,22,22,17,23,17,13,23,19,22,19,22,
花蓮,2024/09/12 00:00:00,PM2.5,4,5,3,10,7,6,5,4,3,6,#,8,5,2,4,6,6,6,5,5,6,4,4,4,
花蓮,2024/09/12 00:00:00,RAINFALL,0,0,0,0,0,0,0,0,0,0,#,0,0,0,0,0,0,0,0,0,0,0,0,0,
花蓮,2024/09/12 00:00:00,RH,79,81,75,81,78,76,75,73,76,86,92,77,65,66,65,66,74,76,77,78,79,78,77,79,
花蓮,2024/09/12 00:00:00,SO2,1,0.5,0.4,0.5,0.6,0.5,0.5,0.7,0.8,0.8,0.8,#,0.8,1.5,1.3,1.3,1.2,1.4,1.3,1.4,1.3,1.3,1.2,1.3,
花蓮,2024/09/12 00:00:00,THC,1.9,1.89,1.88,1.92,1.92,1.93,1.94,1.92,1.99,#,#,1.91,1.9,1.87,1.85,1.84,1.85,1.86,1.87,1.9,1.91,1.92,1.93,1.95,
花蓮,2024/09/12 00:00:00,WD_HR,223,222,222,224,270,220,223,227,224,133,230,190,198,130,111,94,70,70,52,356,354,306,256,251,
花蓮,2024/09/12 00:00:00,WIND_DIREC,224,229,221,269,248,219,217,230,228,176,216,165,129,116,106,87,72,58,51,5,332,285,245,239,
花蓮,2024/09/12 00:00:00,WIND_SPEED,2.3,2.2,2.1,1.3,1.2,1.4,2.5,2.1,1.9,1.5,2,1.4,1.8,3,2.6,3,1.9,1.6,1.4,1.2,1.5,0.4,0.6,0.7,
花蓮,2024/09/12 00:00:00,WS_HR,2.1,2,1.8,1.5,1.1,1.3,1.9,2,2,0.8,1.4,1.5,1,1.8,2.5,2.6,1.8,1.7,1.2,1,0.8,0.8,0.3,0.7,
花蓮,2024/09/13 00:00:00,AMB_TEMP,27.4,26.5,26.3,26,25.8,25.6,26.3,28.1,30.8,31.8,32.2,32.4,32.2,31.9,31.6,30.9,30.2,29.5,28.5,27,27.6,25.3,25.3,25.9,
花蓮,2024/09/13 00:00:00,CH4,1.92,1.9,1.89,1.9,1.91,1.91,1.9,1.88,1.86,1.84,1.84,1.85,1.84,1.84,1.84,1.83,1.83,1.84,1.85,1.86,1.87,1.87,1.87,1.88,
花蓮,2024/09/13 00:00:00,CO,0.22,0.15,0.15,0.16,0.14,0.13,0.14,0.18,0.21,0.13,0.11,0.12,0.11,0.1,0.09,0.11,0.12,0.15,0.16,0.17,0.17,0.14,0.14,0.15,
花蓮,2024/09/13 00:00:00,NMHC,0.05,0,0,0,0,0,0,0,0,0,0,0,0,0,0,0,0,0,0.01,0,0,0,0,0.01,
花蓮,2024/09/13 00:00:00,NO,0.4,0.4,0.6,0.5,0.7,0.5,1.1,2.1,4.6,2.5,2,1.8,1.2,0.9,1,1.1,1,0.9,0.7,1,0.8,0.6,0.7,0.7,
花蓮,2024/09/13 00:00:00,NO2,8.6,4,3,3.7,3.8,3.2,2.8,2.8,5.1,2.6,2.7,2.7,2,1.7,1.8,2.2,2.6,3.3,3.8,3.7,3.5,3,2.9,3.5,
花蓮,2024/09/13 00:00:00,NOx,9.1,4.4,3.7,4.3,4.5,3.7,4,4.9,9.7,5.1,4.7,4.5,3.2,2.6,2.9,3.3,3.7,4.3,4.6,4.7,4.3,3.7,3.6,4.2,
花蓮,2024/09/13 00:00:00,O3,5,6.9,6.5,4.2,3.6,5.1,6.7,9.3,12.1,14.6,15.8,19.3,20,21.2,19.8,18.3,20.4,19.3,19.4,21.3,18.3,17.2,15.5,11.7,
花蓮,2024/09/13 00:00:00,PM10,20,18,13,16,17,17,13,14,15,18,15,24,17,20,24,19,23,22,17,15,16,11,10,14,
花蓮,2024/09/13 00:00:00,PM2.5,5,6,4,2,2,3,1,1,1,0,2,1,0,0,0,1,1,2,1,1,0,0,0,2,
花蓮,2024/09/13 00:00:00,RAINFALL,0,0,0,0,0,0,0,0,0,0,0,0,0,0,0,0,0,0,0,0,0,11.5,0,0.5,
花蓮,2024/09/13 00:00:00,RH,81,87,87,87,86,82,74,67,61,62,62,63,63,64,66,72,76,79,77,75,74,85,89,89,
花蓮,2024/09/13 00:00:00,SO2,1.1,0.9,0.8,1,1,0.9,1.1,1.1,1.2,0.9,0.6,0.6,0.6,0.6,0.6,0.5,0.5,0.7,0.9,1,1,1,1.1,1.1,
花蓮,2024/09/13 00:00:00,THC,1.97,1.9,1.88,1.9,1.91,1.9,1.89,1.88,1.86,1.83,1.83,1.84,1.83,1.82,1.82,1.82,1.82,1.84,1.86,1.86,1.87,1.86,1.85,1.89,
花蓮,2024/09/13 00:00:00,WD_HR,230,223,232,219,228,222,220,223,101,70,73,81,63,71,53,54,43,57,341,288,273,238,266,347,
花蓮,2024/09/13 00:00:00,WIND_DIREC,226,221,219,204,211,208,211,243,89,64,74,84,66,74,43,42,31,70,315,270,270,245,215,43,
花蓮,2024/09/13 00:00:00,WIND_SPEED,1.4,2.1,1.1,1,1.7,2.2,2.4,1.7,2.3,2.3,3.7,4.3,3,2.9,3.5,3,3.3,2.6,3.7,3.2,2.6,2.5,1.3,2.1,
花蓮,2024/09/13 00:00:00,WS_HR,0.9,1.4,1.1,0.9,1.4,1.8,2.2,2.2,0.8,2.1,2.5,3.1,2.6,2.6,2.6,2.5,2.3,2.2,1.5,2.6,1.9,2.7,2.1,0.6,
花蓮,2024/09/14 00:00:00,AMB_TEMP,25.8,25.4,25.1,25.3,24.6,24.5,25.2,25.9,27.8,30.3,31.8,30.7,31.3,30.9,29.8,29,28.5,28.4,28,26.7,25.6,25.6,25.5,25.3,
花蓮,2024/09/14 00:00:00,CH4,1.87,1.89,1.94,1.9,1.95,1.91,1.89,1.9,1.91,1.88,1.85,1.85,1.84,1.84,1.84,1.84,1.84,1.85,1.86,1.87,1.87,1.87,1.89,1.88,
花蓮,2024/09/14 00:00:00,CO,0.12,0.12,0.11,0.1,0.1,0.09,0.11,0.12,0.12,0.14,0.12,0.11,0.09,0.08,0.1,0.11,0.12,0.14,0.18,0.18,0.14,0.15,0.12,0.12,
花蓮,2024/09/14 00:00:00,NMHC,0,0,0,0.01,0,0,0,0,0,0,0,0,0,0,0,0,0,0,0.01,0.01,0,0,0,0,
花蓮,2024/09/14 00:00:00,NO,0.3,0.4,0.3,0.3,0.3,0.4,0.6,1,1.5,1.3,1.4,0.9,0.8,#,0.9,1,0.7,0.5,0.6,0.5,0.4,0.4,0.4,0.4,
花蓮,2024/09/14 00:00:00,NO2,2.7,2.3,2.2,2.5,2.2,1,1,1.3,1.6,1.9,2.5,1.8,1.1,#,1.9,2.3,2.3,2.5,3.1,3.9,2.3,2,1.8,1.7,
花蓮,2024/09/14 00:00:00,NOx,3.1,2.7,2.6,2.8,2.5,1.4,1.7,2.4,3.1,3.2,4,2.7,1.9,#,2.8,3.3,3,3.1,3.7,4.4,2.8,2.4,2.2,2.1,
花蓮,2024/09/14 00:00:00,O3,14.9,11.8,14.5,14.2,9.8,9.8,9.8,9.9,11.4,19,24,27.7,24.7,#,22.6,20.6,18.7,18.7,17.2,15.4,18.5,16.8,13.4,11,
花蓮,2024/09/14 00:00:00,PM10,8,3,14,11,13,12,13,19,15,17,24,13,16,20,18,16,16,17,13,15,15,9,15,12,
花蓮,2024/09/14 00:00:00,PM2.5,1,1,0,0,3,2,0,0,0,0,2,1,2,5,2,0,2,1,3,5,3,2,1,0,
花蓮,2024/09/14 00:00:00,RAINFALL,1.5,0,0,0,0,0,0,0,0,0,0,0,0,0,0,0,0,0,0,2,0,0,0,0,
花蓮,2024/09/14 00:00:00,RH,88,89,87,81,86,88,87,82,73,61,58,64,64,65,73,76,77,78,82,90,93,92,93,92,
花蓮,2024/09/14 00:00:00,SO2,1,0.6,0.6,0.8,0.7,0.6,0.6,0.7,0.6,1.2,0.6,0.5,0.4,#,0.3,0.4,0.5,0.4,0.5,0.5,0.7,0.8,0.7,0.8,
花蓮,2024/09/14 00:00:00,THC,1.85,1.88,1.94,1.91,1.93,1.89,1.88,1.89,1.9,1.88,1.84,1.83,1.82,1.81,1.82,1.83,1.83,1.84,1.87,1.88,1.86,1.87,1.89,1.87,
花蓮,2024/09/14 00:00:00,WD_HR,360,59,332,277,215,216,211,217,209,200,92,108,95,89,83,77,73,77,207,213,219,221,217,217,
花蓮,2024/09/14 00:00:00,WIND_DIREC,261,14,319,255,214,214,224,219,200,81,103,117,97,91,82,91,74,75,225,215,216,218,222,218,
花蓮,2024/09/14 00:00:00,WIND_SPEED,1.5,1.8,1.2,1.3,3.7,3.5,2.3,2.8,2.5,2,3.3,3.4,3.8,3.7,2.5,3.1,3.1,2.2,1.2,3.5,2.6,2.4,2.7,2.7,
花蓮,2024/09/14 00:00:00,WS_HR,0.9,0,0.9,1.4,3,3.3,3,2.8,2.6,0.8,2.4,2.6,2.9,3.3,2.8,2.5,2.4,2.1,0.2,2.5,2.5,2.2,2.7,2.3,
花蓮,2024/09/15 00:00:00,AMB_TEMP,25,24.8,24.7,24.3,24.1,24.2,24.4,25.6,27.7,29.8,30.5,30.7,30.8,30.8,30.2,30.1,29.8,28.9,28.5,28.3,28.1,27.9,27.3,26.5,
花蓮,2024/09/15 00:00:00,CH4,1.89,1.9,1.89,1.9,1.92,1.92,1.88,1.9,1.91,1.91,1.85,1.84,1.84,1.84,1.83,1.83,1.83,1.84,1.84,1.84,1.88,1.87,1.9,1.88,
花蓮,2024/09/15 00:00:00,CO,0.1,0.1,0.1,0.09,0.1,0.11,0.14,0.13,0.12,0.12,0.1,0.1,0.1,0.09,0.09,0.09,0.1,0.13,0.2,0.16,0.26,0.21,0.22,0.15,
花蓮,2024/09/15 00:00:00,NMHC,0,0,0,0,0,0,0,0.07,0.06,0.1,0,0,0,0,0,0,0,0,0.02,0,0.05,0.03,0.08,0.01,
花蓮,2024/09/15 00:00:00,NO,0.5,0.5,0.4,0.4,0.3,0.6,1.2,1.2,1.2,0.9,0.7,0.6,0.7,0.8,0.8,0.6,0.6,0.3,0.8,0.7,0.8,0.7,0.5,0.4,
花蓮,2024/09/15 00:00:00,NO2,1.2,1.3,1.1,1.1,1.1,1.2,1.9,1.5,1.2,1.4,1.3,1,1,0.8,0.8,0.7,0.9,1.4,3.4,3.3,5.6,5.2,5.5,3.1,
花蓮,2024/09/15 00:00:00,NOx,1.8,1.8,1.5,1.5,1.5,1.8,3.1,2.8,2.4,2.3,2.1,1.6,1.8,1.6,1.6,1.3,1.5,1.8,4.3,4,6.5,5.9,6,3.6,
花蓮,2024/09/15 00:00:00,O3,10.4,8.7,8.8,7.4,6.6,6.5,6.5,7.4,11.2,16.9,22.2,23.7,22.9,22.4,22.8,23.4,22.6,23.8,22.8,26.7,14.1,13.9,7.2,7.7,
花蓮,2024/09/15 00:00:00,PM10,16,19,23,19,21,21,18,22,17,19,21,21,22,15,20,18,18,21,43,42,30,26,27,19,
花蓮,2024/09/15 00:00:00,PM2.5,0,1,1,1,1,1,3,2,0,0,1,0,0,0,1,2,0,5,7,10,8,4,5,9,
花蓮,2024/09/15 00:00:00,RAINFALL,0,0,0,0,0,0,0,0,0,0,0,0,0,0,0,0,0,0,0,0,0,0,0,0,
花蓮,2024/09/15 00:00:00,RH,91,91,90,91,91,90,87,86,79,69,71,69,72,72,75,75,76,78,81,84,79,77,84,88,
花蓮,2024/09/15 00:00:00,SO2,0.7,0.5,0.5,0.6,0.5,0.7,0.6,0.6,0.7,1.3,2.4,0,0,0.1,0,0,0.1,0.3,0.6,0.6,1.1,0.7,0.6,0.9,
花蓮,2024/09/15 00:00:00,THC,1.87,1.88,1.87,1.88,1.9,1.9,1.88,1.97,1.97,2.01,1.84,1.82,1.82,1.81,1.81,1.81,1.81,1.82,1.86,1.84,1.93,1.9,1.98,1.89,
花蓮,2024/09/15 00:00:00,WD_HR,215,220,225,220,219,224,234,210,208,205,129,126,134,128,128,127,129,127,141,138,291,278,221,220,
花蓮,2024/09/15 00:00:00,WIND_DIREC,213,212,224,210,223,230,220,212,213,175,116,121,132,127,124,137,126,136,145,125,296,280,221,222,
花蓮,2024/09/15 00:00:00,WIND_SPEED,3.1,3,2,3.3,2.5,2.3,1.9,2.3,1.8,1.7,2.3,2.6,2.8,2.6,2.3,2.1,1.6,0.9,0.6,0.6,1.3,1.1,1.3,2.1,
花蓮,2024/09/15 00:00:00,WS_HR,2.8,2.9,2.6,2.6,2.4,2.2,1.5,2.2,1.7,1.5,1.8,2.1,2.3,2.1,2.1,1.9,1.4,1.3,0.7,0.6,0.8,1.3,1.2,1.7,
花蓮,2024/09/16 00:00:00,AMB_TEMP,26.1,25.7,25.6,25.6,25.5,25.3,25.9,27.8,29.9,31.9,32.6,33.5,32.7,32.4,32.6,31.2,30.3,27.7,27.4,27.6,27.9,27.6,27.4,27.6,
花蓮,2024/09/16 00:00:00,CH4,1.94,1.96,1.94,1.91,1.91,1.9,1.9,1.89,1.9,1.87,1.85,1.85,1.84,1.84,1.84,1.83,1.84,1.84,1.85,1.87,1.88,1.88,1.88,1.91,
花蓮,2024/09/16 00:00:00,CO,0.14,0.12,0.11,0.11,0.1,0.11,0.14,0.16,0.18,0.19,0.16,0.18,0.11,0.12,0.11,0.12,0.15,0.19,0.28,0.3,0.3,0.26,0.19,0.19,
花蓮,2024/09/16 00:00:00,NMHC,0,0,0,0,0,0,0.01,0.01,0.02,0,0,0,0,0,0,0,0,0.02,0.03,0.03,0.06,0.06,0.02,0.01,
花蓮,2024/09/16 00:00:00,NO,0.5,0.5,0.5,0.4,0.4,0.4,1.1,1.8,1.9,3.7,1.9,1.7,1.2,1.2,1.6,1.3,1.1,1.5,1.6,1.6,1.6,1.7,0.9,1.1,
花蓮,2024/09/16 00:00:00,NO2,2.4,1.9,1.7,1.5,1.1,1.3,2.2,2.2,2.7,7.1,3,2.3,1.6,1.8,1.9,2.1,2.8,4.5,5.7,8,6.9,5.2,3.6,3.1,
花蓮,2024/09/16 00:00:00,NOx,2.9,2.4,2.3,2,1.5,1.8,3.4,4.1,4.7,10.8,5,4,2.8,3,3.5,3.4,4,6,7.3,9.6,8.6,6.9,4.6,4.2,
花蓮,2024/09/16 00:00:00,O3,8.3,8.1,7.6,8.8,8.5,8.7,8.3,11.4,17.1,20.8,26,22.8,19.2,17.3,17.3,22,17.2,10.1,9.7,6.3,5.3,4.3,4.2,4.4,
花蓮,2024/09/16 00:00:00,PM10,23,23,16,22,22,19,20,20,20,32,37,12,16,13,19,14,11,7,9,9,14,14,12,14,
花蓮,2024/09/16 00:00:00,PM2.5,6,4,3,3,2,4,2,0,0,6,3,0,0,0,0,0,0,0,3,7,7,4,4,3,
花蓮,2024/09/16 00:00:00,RAINFALL,0,0,0,0,0,0,0,0,0,0,0,0,0,0,0,0,0,1.5,2,0.5,0,0,0,0,
花蓮,2024/09/16 00:00:00,RH,89,90,89,88,88,88,81,71,64,57,56,54,64,67,68,76,79,92,92,92,91,92,91,91,
花蓮,2024/09/16 00:00:00,SO2,0.6,0.6,0.7,0.9,0.9,0.8,0.7,0.7,0.5,0.5,0.5,0.6,0.3,0,0.3,0.1,0,0.3,0.7,0.6,0.6,0.7,0.5,0.6,
花蓮,2024/09/16 00:00:00,THC,1.94,1.95,1.92,1.9,1.89,1.88,1.91,1.9,1.92,1.87,1.85,1.84,1.82,1.82,1.82,1.82,1.84,1.86,1.88,1.9,1.94,1.94,1.9,1.92,
花蓮,2024/09/16 00:00:00,WD_HR,224,222,226,220,217,220,223,211,216,69,52,50,81,58,74,59,60,52,20,327,245,226,221,255,
花蓮,2024/09/16 00:00:00,WIND_DIREC,228,231,229,224,226,194,210,219,48,74,53,81,42,77,63,47,60,43,38,276,215,228,238,289,
花蓮,2024/09/16 00:00:00,WIND_SPEED,2,2.4,1.9,1.7,2.6,1.7,1.4,1.8,1.8,2.8,2.7,2.5,3.2,3.4,3.1,2.2,2.7,2.3,0.9,0.6,1.6,1.7,1.2,1.6,
花蓮,2024/09/16 00:00:00,WS_HR,1.8,2.2,2,1.8,2.2,2,1.6,2,0.6,2,2,1.4,3.2,2.4,2.8,2.2,2.1,1.8,1,1.3,1.1,1.2,1.1,0.8,
花蓮,2024/09/17 00:00:00,AMB_TEMP,27.6,26.9,26.6,27,26,26.2,26.2,27.9,30.6,32.5,34.2,34.5,33.2,32,32.2,31.7,30.7,29.9,29.5,29.3,29.3,29.2,28.7,28.2,
花蓮,2024/09/17 00:00:00,CH4,1.9,1.88,1.86,1.85,1.87,1.88,1.89,1.88,1.88,1.89,1.89,1.88,1.87,1.86,1.87,1.88,1.87,1.87,1.88,1.88,1.88,1.9,1.9,1.9,
花蓮,2024/09/17 00:00:00,CO,0.16,0.1,0.1,0.09,0.09,0.11,0.13,0.13,0.12,0.12,0.11,0.12,0.11,0.11,0.11,0.12,0.13,0.16,0.2,0.23,0.21,0.33,0.32,0.26,
花蓮,2024/09/17 00:00:00,NMHC,0.02,0,0,0,0,0,0,0,0,0,0,0,0,0,0,0,0,0,0.01,0.01,0,0,0,0,
花蓮,2024/09/17 00:00:00,NO,0.8,0.5,0.4,0.4,0.4,0.4,0.6,1.1,0.9,0.9,1,0.8,0.8,0.7,0.7,0.5,0.6,0.7,0.6,0.8,0.4,0.6,0.7,0.8,
花蓮,2024/09/17 00:00:00,NO2,3.3,4.1,2.3,1.4,0.7,1.1,1.8,1.2,1.1,1.2,1.4,1.3,1.2,1.2,1.1,1.2,1.3,1.8,3.7,6,4.6,6.9,7.1,5.2,
花蓮,2024/09/17 00:00:00,NOx,4.1,4.7,2.8,1.9,1.1,1.5,2.5,2.4,2,2.1,2.4,2.1,2.1,1.9,1.9,1.7,2,2.6,4.3,6.8,5.1,7.6,7.8,6,
花蓮,2024/09/17 00:00:00,O3,3.7,4.6,8.4,8.1,11.7,9.9,8.9,9.5,11.8,17.7,23.8,23.2,24.3,21.6,23.3,23,22.9,21.8,18.5,16.3,15.2,11.4,9.4,10,
花蓮,2024/09/17 00:00:00,PM10,22,11,9,8,9,19,16,19,14,15,26,23,24,27,32,24,28,28,37,45,38,30,30,22,
花蓮,2024/09/17 00:00:00,PM2.5,2,1,0,2,1,0,0,1,1,1,0,3,1,5,5,4,7,7,9,11,9,8,4,2,
花蓮,2024/09/17 00:00:00,RAINFALL,0.5,6.5,3,3.5,2,0,0,0,0,0,0,0,0,0,0,0,0,0,0,0,0,0,0,0,
花蓮,2024/09/17 00:00:00,RH,90,93,96,94,91,87,89,87,70,60,47,46,53,67,63,64,71,75,77,78,78,76,71,73,
花蓮,2024/09/17 00:00:00,SO2,0.7,0.4,0.3,0.5,0.5,0.5,0.6,0.5,0.5,0.4,1.9,0.4,0.3,0,0,0,0.2,0.4,0.5,0.6,0.5,0.7,1,0.8,
花蓮,2024/09/17 00:00:00,THC,1.92,1.88,1.83,1.84,1.84,1.86,1.88,1.87,1.87,1.89,1.87,1.86,1.85,1.84,1.84,1.85,1.85,1.86,1.89,1.89,1.88,1.9,1.9,1.9,
花蓮,2024/09/17 00:00:00,WD_HR,253,8,324,267,307,288,218,211,208,185,102,88,92,88,76,70,57,47,26,31,22,10,284,311,
花蓮,2024/09/17 00:00:00,WIND_DIREC,296,56,354,165,331,276,220,218,209,176,79,90,94,81,70,64,45,45,43,53,4,353,290,134,
花蓮,2024/09/17 00:00:00,WIND_SPEED,1.4,0.6,2.7,1.5,2.2,1.5,2.4,1.5,1.9,1.4,2.3,2.3,3.6,3.5,3.1,3.1,2.6,2.4,1.7,1.7,1.5,2,1.3,1.5,
花蓮,2024/09/17 00:00:00,WS_HR,0.2,1,0.5,0.7,2.3,1.4,1.3,1.6,2.1,1.4,1.6,1.8,2.8,3.4,2.7,2.4,2.1,2,1.6,1.6,1.4,1.4,1.3,0.6,
花蓮,2024/09/18 00:00:00,AMB_TEMP,26.8,25.7,25.2,25.2,25.3,25.4,25.8,26,26.7,27,27.9,26.8,26.7,26.5,27.5,28.7,28.5,28,27.5,27,26.6,26.4,26.4,26.5,
花蓮,2024/09/18 00:00:00,CH4,1.9,1.92,1.92,1.92,1.92,1.92,1.93,1.94,1.94,1.93,1.95,1.94,1.94,1.89,1.9,1.88,1.89,1.91,1.95,1.91,1.9,1.9,1.91,1.91,
花蓮,2024/09/18 00:00:00,CO,0.24,0.19,0.14,0.13,0.12,0.12,0.17,0.24,0.37,0.36,0.18,0.25,0.36,0.28,0.36,0.32,0.33,0.37,0.38,0.35,0.24,0.23,0.15,0.15,
花蓮,2024/09/18 00:00:00,NMHC,0,0,0,0,0,0,0.01,0.04,0.1,0.14,0.04,0.1,0.14,0.07,0.12,0.03,0.05,0.05,0.08,0.11,0.05,0.05,0,0,
花蓮,2024/09/18 00:00:00,NO,0.4,0.8,0.5,0.5,0.5,0.6,1,2.6,5.6,10,4.2,2.8,5.4,4.3,4.7,3.5,2.3,1.9,1.5,2.7,1.8,2.5,1.3,0.6,
花蓮,2024/09/18 00:00:00,NO2,5,4.1,1.9,1.2,1.1,1.2,2.4,4,9,10.5,3.5,6,9.6,5.1,7.8,7.4,7.1,7.3,9.8,7.9,4.3,4.7,2.5,1.6,
花蓮,2024/09/18 00:00:00,NOx,5.5,4.9,2.5,1.7,1.7,1.9,3.5,6.7,14.6,20.5,7.8,8.8,15,9.4,12.5,10.9,9.5,9.2,11.3,10.6,6.1,7.3,3.9,2.3,
花蓮,2024/09/18 00:00:00,O3,10.6,9.8,11,11.1,11.5,10,8.2,6.2,3.3,2.9,6.9,7.7,4,6.5,9.5,17.7,14,12.1,8.5,2.4,3.9,3.1,6.3,8.8,
花蓮,2024/09/18 00:00:00,PM10,27,17,17,15,18,13,15,17,21,#,19,21,26,12,20,29,25,27,29,25,22,18,19,23,
花蓮,2024/09/18 00:00:00,PM2.5,3,4,7,4,2,0,0,5,5,4,#,5,4,5,4,4,6,8,7,5,4,0,3,3,
花蓮,2024/09/18 00:00:00,RAINFALL,0.5,0.5,0,0,0,0,0,0,0,0,0,0.5,1,1,0,0,0,0,0,0,0,0,0,0,
花蓮,2024/09/18 00:00:00,RH,89,90,87,86,85,77,76,77,76,79,75,83,90,89,89,87,87,88,90,88,87,86,86,87,
花蓮,2024/09/18 00:00:00,SO2,0.8,1.5,1,1,1,1.1,1,1,1.1,1,0.7,0.9,1.1,0.9,1.1,1.3,1.1,1.1,1.4,1.1,1.1,1.1,1.1,1,
花蓮,2024/09/18 00:00:00,THC,1.87,1.91,1.9,1.9,1.9,1.9,1.94,1.98,2.04,2.07,1.99,2.04,2.08,1.96,2.02,1.91,1.94,1.96,2.03,2.02,1.95,1.95,1.9,1.89,
花蓮,2024/09/18 00:00:00,WD_HR,163,227,221,223,227,224,234,222,244,237,215,228,270,278,242,300,226,212,234,240,227,234,217,212,
花蓮,2024/09/18 00:00:00,WIND_DIREC,169,221,221,226,232,272,238,262,248,198,214,220,293,267,96,247,224,219,223,230,228,235,215,199,
花蓮,2024/09/18 00:00:00,WIND_SPEED,0.7,1.1,1.9,2.5,2.7,1,0.7,0.6,1.1,1.9,2.9,1.2,1.4,0.9,0.6,1.7,2.1,1.9,1.1,2.1,2,1.5,2.8,2.4,
花蓮,2024/09/18 00:00:00,WS_HR,0.4,1.6,2,2,2.3,1.7,1.1,1.5,0.9,1.3,2.5,1.7,1,1.1,0.3,0.6,2,1.6,1.2,1.3,1.7,1.6,2.4,2.6,
花蓮,2024/09/19 00:00:00,AMB_TEMP,26.4,26.4,25.8,25.6,25.9,25.8,26,26.9,29.3,31.4,31.9,32,32.3,32.2,31.4,30.9,30.4,29.4,29.1,28.8,28.6,28.1,27.5,26.9,
花蓮,2024/09/19 00:00:00,CH4,1.91,1.91,1.93,1.93,1.92,1.92,1.91,1.91,1.92,1.92,1.84,1.83,1.84,1.84,1.84,1.84,1.85,1.85,1.87,1.87,1.88,1.87,1.89,1.87,
花蓮,2024/09/19 00:00:00,CO,0.13,0.12,0.12,0.12,0.11,0.13,0.13,0.17,0.15,0.14,0.13,0.12,0.12,0.11,0.11,0.12,0.18,0.19,0.22,0.23,0.23,0.19,0.15,0.13,
花蓮,2024/09/19 00:00:00,NMHC,0,0,0,0,0,0,0,0,0,0.01,0,0,0,0,0,0,0.01,0.01,0.04,0.05,0.05,0.03,0,0,
花蓮,2024/09/19 00:00:00,NO,0.5,0.1,0.1,0.1,0,0.4,0.8,1.2,1.5,1.7,1.2,0.6,0.5,0.4,0.6,0.6,0.9,1,0.5,1,0.8,0.6,0.7,0.4,
花蓮,2024/09/19 00:00:00,NO2,1.1,1.2,1,0.8,0.6,1.1,1.6,1.6,1.8,2.8,2.1,1.1,0.8,0.7,1,1.3,2.2,3.9,6.4,6,5.3,4.1,2.6,1.9,
花蓮,2024/09/19 00:00:00,NOx,1.7,1.4,1.1,1,0.7,1.5,2.5,2.8,3.4,4.6,3.4,1.7,1.3,1.1,1.6,2,3.2,5,7,7.1,6.2,4.7,3.3,2.3,
花蓮,2024/09/19 00:00:00,O3,9.4,9,7.7,7.9,8.1,7.6,6.5,7.3,10.5,16.1,19.1,21.2,21.1,21.1,20.4,21.3,19.3,17.7,13.1,6.2,5.5,4.2,4.4,4.1,
花蓮,2024/09/19 00:00:00,PM10,22,17,20,19,18,15,16,19,13,23,50,23,21,25,35,41,42,67,36,28,23,19,23,18,
花蓮,2024/09/19 00:00:00,PM2.5,4,2,1,1,1,2,2,2,1,3,6,3,3,5,2,4,6,14,9,7,9,5,2,0,
花蓮,2024/09/19 00:00:00,RAINFALL,0,0,0,0,0,0,0,0,0,0,0,0,0,0,0,0,0,0,0,0,0,0,0,0,
花蓮,2024/09/19 00:00:00,RH,87,85,81,86,82,80,77,76,69,64,70,74,72,73,76,77,80,86,86,84,87,86,88,89,
花蓮,2024/09/19 00:00:00,SO2,1.1,0.8,0.8,0.8,0.8,0.9,0.8,0.9,0.9,2.8,1.7,0.2,0.4,0.3,0.2,0.1,0.1,0.4,0.5,0.8,0.6,0.6,0.7,0.7,
花蓮,2024/09/19 00:00:00,THC,1.88,1.89,1.91,1.91,1.9,1.91,1.9,1.91,1.92,1.93,1.83,1.81,1.82,1.82,1.82,1.82,1.86,1.86,1.91,1.92,1.93,1.9,1.89,1.87,
花蓮,2024/09/19 00:00:00,WD_HR,214,226,214,213,211,226,217,215,204,201,141,138,139,132,139,142,161,172,205,229,218,222,215,229,
花蓮,2024/09/19 00:00:00,WIND_DIREC,217,220,207,214,215,239,205,218,210,163,139,138,133,137,148,142,146,163,274,212,216,217,203,197,
花蓮,2024/09/19 00:00:00,WIND_SPEED,2.8,2.2,2.7,3,3.6,1.7,2.1,2.3,2.7,2.3,3,2.7,2.6,2.7,2.5,2.3,1.6,1.1,1.7,2,1.6,1.8,1.4,1,
花蓮,2024/09/19 00:00:00,WS_HR,2.9,1.9,2.1,2.9,3,2.2,2.3,2.7,2.5,2.4,2.4,2.5,2.3,2.3,2.1,1.8,1.5,1.3,0.9,0.8,0.8,1.6,1.4,1,
花蓮,2024/09/20 00:00:00,AMB_TEMP,26.9,26.9,26.7,26.5,26.3,26.2,26.6,27.9,29.8,31.4,31.6,31.8,31.8,32.2,32,31.6,30.8,30.3,29.5,29.2,29.1,28.3,27.6,27.2,
花蓮,2024/09/20 00:00:00,CH4,1.9,1.89,1.97,1.93,1.91,1.91,1.93,1.93,1.93,1.89,1.86,1.86,1.86,1.85,1.85,1.85,1.86,1.86,1.86,1.89,1.89,1.9,1.95,1.92,
花蓮,2024/09/20 00:00:00,CO,0.11,0.12,0.11,0.11,0.11,0.11,0.13,0.15,0.17,0.14,0.12,0.12,0.12,0.11,0.11,0.13,0.16,0.17,0.2,0.29,0.24,0.17,0.15,0.15,
花蓮,2024/09/20 00:00:00,NMHC,0,0,0,0,0,0,0,0,0,0,0,0,0,0,0,0,0,0,0.01,0.07,0.05,0.01,0,0,
花蓮,2024/09/20 00:00:00,NO,0.2,0.8,0.6,0.6,0.7,0.7,1,1.9,2.3,1.6,0.9,0.8,0.8,0.7,0.7,0.9,0.9,0.9,0.9,1.6,1.7,0.8,0.5,0.6,
花蓮,2024/09/20 00:00:00,NO2,1.4,1.2,1.1,1,1,1.1,1.3,1.3,2,2.2,1,1,0.6,0.4,0.6,0.9,1.6,2.3,3.7,7,6.8,4.2,2.3,1.8,
花蓮,2024/09/20 00:00:00,NOx,1.6,2.1,1.7,1.7,1.7,1.8,2.4,3.2,4.3,3.9,2,1.8,1.5,1.2,1.4,1.8,2.5,3.2,4.6,8.6,8.5,5,2.9,2.5,
花蓮,2024/09/20 00:00:00,O3,3.9,4.1,4.1,4,3.5,5,5,6.2,11.7,19.9,24.7,26.1,26.1,25.8,25.3,27.5,25.7,24.4,22.4,11.9,11.5,8.4,7.9,6.6,
花蓮,2024/09/20 00:00:00,PM10,21,24,21,21,18,19,23,21,23,25,22,15,19,19,12,12,10,41,49,24,18,21,24,26,
花蓮,2024/09/20 00:00:00,PM2.5,0,5,6,6,5,1,0,2,5,3,2,3,1,0,4,2,0,0,7,7,3,3,3,4,
花蓮,2024/09/20 00:00:00,RAINFALL,0,0,0,0,0,0,0,0,0,0,0,0,0,0,0,0,0,0,0,0,0,0,0,0,
花蓮,2024/09/20 00:00:00,RH,89,89,90,91,91,91,91,88,82,75,76,76,77,74,70,71,75,77,80,79,78,87,89,89,
花蓮,2024/09/20 00:00:00,SO2,0.7,0.9,0.9,1,1,0.8,0.9,1.1,3.4,2.2,0.5,0.4,0.5,0.5,0.5,0.4,0.6,0.5,0.7,0.6,0.7,0.7,0.9,0.9,
花蓮,2024/09/20 00:00:00,THC,1.89,1.88,1.95,1.91,1.89,1.89,1.92,1.93,1.92,1.88,1.83,1.83,1.83,1.83,1.83,1.83,1.84,1.85,1.87,1.96,1.94,1.91,1.95,1.91,
花蓮,2024/09/20 00:00:00,WD_HR,219,214,209,217,218,217,213,209,197,135,124,118,108,100,121,118,130,123,169,297,270,213,221,224,
花蓮,2024/09/20 00:00:00,WIND_DIREC,230,205,210,222,215,215,192,197,164,134,118,109,114,100,117,143,133,137,171,295,224,212,228,230,
花蓮,2024/09/20 00:00:00,WIND_SPEED,1.6,1.7,1.8,2.1,1.8,2.2,2.1,2.7,0.8,2.1,2.5,2.5,3,1.7,2,1.6,1.6,1.2,1,1.5,1.3,1.9,1.9,2.4,
花蓮,2024/09/20 00:00:00,WS_HR,1.9,1.7,1.6,2,2,2.2,1.8,2.4,1.2,1.5,2,2.2,2.5,2.1,1.3,1.6,1.3,1.2,1,1.5,1.1,1.8,1.9,2,
花蓮,2024/09/21 00:00:00,AMB_TEMP,26.9,26.5,26.4,26.3,26.2,25.9,26,27,28.2,30.6,31.7,32.1,31.6,31.3,31.2,30.4,30.2,29.7,29.1,29.3,29,28.9,28.7,28.3,
花蓮,2024/09/21 00:00:00,CH4,1.92,1.93,1.92,1.91,1.91,1.94,1.96,1.97,1.92,1.9,1.87,1.85,1.85,1.86,1.87,1.88,1.88,1.9,1.89,1.91,1.92,1.94,1.96,2,
花蓮,2024/09/21 00:00:00,CO,0.14,0.12,0.11,0.11,0.12,0.12,0.14,0.15,0.17,0.17,0.15,0.12,0.13,0.12,0.11,0.13,0.15,0.21,0.19,0.22,0.19,0.18,0.15,0.15,
花蓮,2024/09/21 00:00:00,NMHC,0,0,0,0,0,0,0,0.01,0.02,0.04,0,0,0,0,0,0,0,0.01,0,0.04,0.03,0.02,0,0,
花蓮,2024/09/21 00:00:00,NO,0.6,0.3,0.4,0.3,0.6,0.4,1.2,1.6,2,2.9,1.6,0.8,1.1,0.4,0.5,0.4,0.7,0.6,0.6,0.7,0.5,0.5,0.4,0.4,
花蓮,2024/09/21 00:00:00,NO2,1.6,1.9,1.6,1.4,2.2,1.7,2.1,1.9,2.6,3.7,3,1.7,1.6,1.3,1.3,1.1,1.8,3.5,3.4,4.6,4.4,3.6,2.7,2.6,
花蓮,2024/09/21 00:00:00,NOx,2.3,2.3,2.1,1.7,2.9,2.2,3.3,3.5,4.6,6.6,4.7,2.6,2.8,1.8,1.9,1.6,2.5,4.2,4.1,5.4,4.9,4.2,3.1,3,
花蓮,2024/09/21 00:00:00,O3,5.5,5.1,5.1,5.2,3.9,3.9,3.5,4.6,6.8,14.1,20.6,21,22,28.9,30.1,29.2,27.8,24.2,26,20.7,13.3,11.1,11.2,9.2,
花蓮,2024/09/21 00:00:00,PM10,23,20,21,20,15,19,26,20,23,17,27,21,19,21,19,21,25,35,29,21,20,20,17,17,
花蓮,2024/09/21 00:00:00,PM2.5,2,1,2,2,4,3,1,0,2,1,1,0,3,4,3,2,4,13,8,4,4,4,4,5,
花蓮,2024/09/21 00:00:00,RAINFALL,0,0,0,0,0,0,0,0,0,0,0,0,0,0,0,0,0,0,0,0,0,0,0,0,
花蓮,2024/09/21 00:00:00,RH,89,89,89,88,88,89,89,88,83,71,72,72,75,78,79,85,81,80,87,87,86,86,87,88,
花蓮,2024/09/21 00:00:00,SO2,0.9,1.2,1.1,1.1,1.1,1.1,1.1,1,2.4,2,1.5,0.7,0.6,0.5,0.6,0.7,0.6,0.9,1,1.1,1.2,1.9,1.1,1,
花蓮,2024/09/21 00:00:00,THC,1.91,1.91,1.89,1.89,1.9,1.93,1.96,1.98,1.94,1.94,1.87,1.84,1.85,1.84,1.84,1.85,1.87,1.91,1.89,1.95,1.95,1.96,1.96,2,
花蓮,2024/09/21 00:00:00,WD_HR,217,230,216,211,220,219,221,215,209,213,136,119,138,126,126,135,165,171,172,181,219,193,207,169,
花蓮,2024/09/21 00:00:00,WIND_DIREC,215,224,210,196,214,219,217,216,221,179,136,129,138,147,128,136,180,204,180,142,236,200,210,166,
花蓮,2024/09/21 00:00:00,WIND_SPEED,2.4,2.6,2.3,1,2.5,2.2,1.7,3.1,2.8,2.4,2.5,2.8,2.7,1.9,2,2.2,1.5,1.1,1.3,0.8,2,2.8,1.9,1,
花蓮,2024/09/21 00:00:00,WS_HR,2,2.5,2.4,1.8,1.7,1.9,1.9,2.6,2.4,2,1.9,2.1,2.4,1.9,1.7,1.7,1.5,0.9,1.2,0.9,1.3,1.6,1.8,0.9,
花蓮,2024/09/22 00:00:00,AMB_TEMP,28.1,28.1,28.2,27.6,27.4,27.5,28.1,28.7,29.9,30.6,31.2,31.8,31.7,31.1,30,28.6,27.9,27.8,27.2,27.5,26.9,26.2,26.1,26.1,
花蓮,2024/09/22 00:00:00,CH4,2,2.02,1.97,1.99,1.96,1.97,1.91,1.9,1.88,1.87,1.85,1.84,1.83,1.82,1.82,1.83,1.84,1.85,1.85,1.88,1.87,1.86,1.88,1.87,
花蓮,2024/09/22 00:00:00,CO,0.14,0.14,0.14,0.14,0.13,0.13,0.15,0.16,0.17,0.16,0.15,0.12,0.13,0.12,0.11,0.14,0.16,0.21,0.2,0.24,0.18,0.16,0.16,0.15,
花蓮,2024/09/22 00:00:00,NMHC,0,0,0,0,0,0,0,0,0,0,0.01,0,0,0,0,0,0,0.02,0.02,0.05,0.01,0,0,0,
花蓮,2024/09/22 00:00:00,NO,0.4,0.3,0.3,0.3,0.2,0.3,0.3,0.5,0.8,0.9,0.6,0.5,0.4,0.5,0.4,0.4,0.3,0.4,0.7,0.6,0.7,0.4,0.4,0.3,
花蓮,2024/09/22 00:00:00,NO2,2.4,2.2,2.1,1.8,2.1,1.6,1.7,2.1,2.2,2.5,1.8,1.2,1.2,1.3,1.1,1.3,2.2,3.9,4.2,6,4.7,2.9,4.6,5.5,
花蓮,2024/09/22 00:00:00,NOx,2.8,2.5,2.5,2.2,2.3,2,2,2.6,3,3.5,2.5,1.8,1.7,1.8,1.6,1.7,2.5,4.3,4.9,6.6,5.4,3.4,5,5.9,
花蓮,2024/09/22 00:00:00,O3,10.2,9.9,11.5,9.9,6.7,9.3,10.5,13.1,15.9,20.4,21.3,20.9,22.4,25.5,24.5,22.4,19.5,15.3,13.2,10.7,12.9,14.8,12.7,13.3,
花蓮,2024/09/22 00:00:00,PM10,19,20,21,18,18,18,18,23,21,36,28,28,38,65,73,39,20,24,19,18,13,9,11,7,
花蓮,2024/09/22 00:00:00,PM2.5,4,3,3,2,4,3,2,1,3,5,4,3,5,6,9,6,3,6,4,1,1,1,1,0,
花蓮,2024/09/22 00:00:00,RAINFALL,0,0,0,0,0,0,0,0,0,0,0,0,0,0,0,1,0,0.5,0.5,0,1,2,0,0,
花蓮,2024/09/22 00:00:00,RH,88,89,88,88,89,89,87,84,75,75,73,70,74,77,81,88,89,89,89,89,90,91,93,92,
花蓮,2024/09/22 00:00:00,SO2,1.6,1.6,1.2,1.2,1,1.1,1.8,2.1,3.7,2,1.6,0.7,0.8,0.8,0.6,0.9,1.2,1.3,1.4,1.2,1.4,1.2,1.2,1.2,
花蓮,2024/09/22 00:00:00,THC,2,2.02,1.95,1.98,1.95,1.95,1.89,1.89,1.87,1.86,1.86,1.81,1.82,1.8,1.79,1.81,1.83,1.87,1.87,1.93,1.88,1.86,1.88,1.87,
花蓮,2024/09/22 00:00:00,WD_HR,196,194,230,217,223,217,191,235,262,91,135,115,162,169,172,199,168,302,322,278,240,305,353,294,
花蓮,2024/09/22 00:00:00,WIND_DIREC,214,218,160,211,226,207,219,265,289,115,157,165,163,169,173,225,155,309,306,270,226,325,356,208,
花蓮,2024/09/22 00:00:00,WIND_SPEED,1.7,0.8,0.8,1.5,2.3,2.1,2.3,1.1,1.9,2.2,1.9,2.3,3.5,4.1,5.2,2.3,0.9,2,0.5,2.3,1.3,1.7,1,0.4,
花蓮,2024/09/22 00:00:00,WS_HR,1.6,1,0.5,1.2,1.6,2.2,1.8,0.9,0.4,0.8,1.4,1.6,2.5,3.5,3.6,2.9,0.7,1.2,0.6,0.5,1.3,0.9,0.6,0.3,
花蓮,2024/09/23 00:00:00,AMB_TEMP,26,26,25.9,26.2,26.1,25.7,25.9,26.8,28.5,29.6,30,30.9,30.8,30.1,29.7,29.2,27.8,25.9,26.2,26.4,26.1,26,26,26,
花蓮,2024/09/23 00:00:00,CH4,1.89,1.88,1.89,1.87,1.88,1.9,1.92,1.9,1.9,1.89,1.88,1.88,1.88,1.89,1.88,1.88,1.89,1.88,1.88,1.94,1.9,1.9,1.9,1.94,
花蓮,2024/09/23 00:00:00,CO,0.15,0.12,0.12,0.12,0.12,0.13,0.16,0.18,0.21,0.22,0.19,0.17,0.16,0.15,0.14,0.16,0.22,0.28,0.28,0.19,0.17,0.2,0.17,0.16,
花蓮,2024/09/23 00:00:00,NMHC,0,0,0,0.02,0,0,0.01,0,0,0,0,0,0,0,0,0,0.02,0.04,0.06,0.01,0,0.02,0.2,0.03,
花蓮,2024/09/23 00:00:00,NO,0.2,0.4,0.4,0.4,0.3,0.5,1.5,2.4,2.5,2.1,1.2,1,0.8,0.8,0.9,0.8,0.6,1.4,0.8,0.5,0.3,0.6,0.5,0.4,
花蓮,2024/09/23 00:00:00,NO2,2.8,2.4,2,2.4,2.9,2.3,2.7,2.4,3.3,5,3.1,2.2,2.3,2.9,3,4,6.4,7.8,7.6,4.7,2.5,3.3,3.2,2.1,
花蓮,2024/09/23 00:00:00,NOx,3.1,2.8,2.4,2.8,3.2,2.8,4.3,4.8,5.9,7.2,4.3,3.2,3.1,3.8,4,4.9,7,9.2,8.4,5.2,2.9,4,3.8,2.6,
花蓮,2024/09/23 00:00:00,O3,11.6,10.4,7.8,7.8,7.2,3,2.4,5.3,12,27.3,34.9,36.6,36.6,35.1,33.7,32.3,28.7,23.7,21.4,23,26.6,14.5,14.9,15.6,
花蓮,2024/09/23 00:00:00,PM10,9,16,15,15,14,28,26,25,22,14,12,14,11,15,9,17,18,12,11,15,6,21,18,13,
花蓮,2024/09/23 00:00:00,PM2.5,1,0,1,1,0,0,0,1,4,3,0,0,0,0,0,1,1,0,0,1,1,1,1,0,
花蓮,2024/09/23 00:00:00,RAINFALL,0,0,0,0,0,0,0,0,0,0,0,0,0,0,0,0,4,2.5,1,0,0,0,0,0,
花蓮,2024/09/23 00:00:00,RH,93,93,94,93,92,93,93,91,87,86,76,71,71,76,79,81,89,92,92,94,94,93,93,93,
花蓮,2024/09/23 00:00:00,SO2,1.2,1.1,0.9,0.9,1,0.9,1,1,1.2,1.1,0.9,0.7,0.6,0.7,0.9,1.1,1.1,1,1.1,1.3,1.3,1.3,1.2,1.1,
花蓮,2024/09/23 00:00:00,THC,1.89,1.88,1.89,1.89,1.88,1.89,1.93,1.9,1.9,1.89,1.87,1.87,1.87,1.87,1.85,1.86,1.91,1.92,1.94,1.95,1.9,1.92,2.1,1.97,
花蓮,2024/09/23 00:00:00,WD_HR,231,235,258,268,241,232,224,218,205,82,49,40,76,87,98,94,275,292,248,214,220,237,225,229,
花蓮,2024/09/23 00:00:00,WIND_DIREC,17,224,282,273,225,219,218,212,153,47,52,20,75,76,95,123,300,280,220,217,222,239,233,231,
花蓮,2024/09/23 00:00:00,WIND_SPEED,0.4,0.9,0.4,0.4,1,1.1,1.7,1.1,1.2,2.1,2.5,2.3,2.4,2.1,2.2,1.7,2.4,1,1.9,2.4,1.4,0.9,1.6,1.3,
花蓮,2024/09/23 00:00:00,WS_HR,0.5,0.6,0.4,0.3,0.7,0.7,1.2,1.6,1,1.6,1.7,1.8,2,2.2,2.3,1.6,0.7,1.5,1,2,1.8,0.9,1,1,
花蓮,2024/09/24 00:00:00,AMB_TEMP,26,25.9,25.9,26,26,26,26.2,27.2,28.4,30,31.1,31.6,31.4,31.2,29.6,29.6,29.5,28.9,28.9,28.9,28.3,27.7,27.4,27.2,
花蓮,2024/09/24 00:00:00,CH4,1.95,1.93,1.93,1.92,1.91,1.92,1.93,1.9,1.86,1.85,1.84,1.84,1.84,1.85,1.84,1.84,1.84,1.86,1.86,1.85,1.84,1.83,1.83,1.85,
花蓮,2024/09/24 00:00:00,CO,0.16,0.16,0.14,0.14,0.14,0.16,0.22,0.28,0.27,0.21,0.17,0.15,0.14,0.15,0.17,0.17,0.2,0.25,0.26,0.21,0.18,0.19,0.14,0.13,
花蓮,2024/09/24 00:00:00,NMHC,0.01,0,0.02,0,0.01,0.02,0.04,0.04,0,0,0,0,0,0,0.01,0,0.01,0.03,0.04,0.01,0,0,0,0,
花蓮,2024/09/24 00:00:00,NO,0.4,0.4,0.5,0.3,0.5,0.6,2.1,2.7,3.2,2.5,1.6,1,0.8,0.7,0.7,0.7,0.9,0.7,0.8,0.7,0.6,0.6,0.4,0.4,
花蓮,2024/09/24 00:00:00,NO2,1.8,2,1.7,1.6,2,2.5,3.4,4.9,5.6,4.5,3.3,2.3,1.4,1.5,2.7,2.5,3.9,5.8,8.4,6.4,4.8,3.1,1.8,1.6,
花蓮,2024/09/24 00:00:00,NOx,2.3,2.5,2.2,1.9,2.5,3.2,5.5,7.7,8.8,7.1,5,3.3,2.2,2.3,3.5,3.3,4.8,6.6,9.2,7.1,5.4,3.7,2.2,2,
花蓮,2024/09/24 00:00:00,O3,15.6,12.1,8.4,6.8,4.6,4.2,3.9,10.6,18.1,26.6,29.7,31.1,34,34,33,30.4,27.7,26.2,18.9,23.2,20.9,22.7,24,22.4,
花蓮,2024/09/24 00:00:00,PM10,18,27,26,25,25,23,26,29,23,25,15,20,21,18,18,19,14,25,21,26,16,18,7,17,
花蓮,2024/09/24 00:00:00,PM2.5,3,3,2,2,1,2,4,2,2,5,8,6,3,2,3,4,7,6,5,8,9,8,4,1,
花蓮,2024/09/24 00:00:00,RAINFALL,0,0,0,0,0,0,0,0,0,0,0,0,0,0,0,0,0,0,0,0,0,0,0,0,
花蓮,2024/09/24 00:00:00,RH,93,93,93,93,93,93,93,91,88,80,75,73,74,76,80,78,78,83,82,86,90,91,91,91,
花蓮,2024/09/24 00:00:00,SO2,1.1,1.1,1.1,0.9,1.1,1.2,1.2,1.1,1.2,1.1,0.9,0.8,1,1,0.9,1,0.9,0.8,0.8,0.9,1,1,1,1,
花蓮,2024/09/24 00:00:00,THC,1.96,1.92,1.95,1.92,1.92,1.94,1.97,1.94,1.86,1.84,1.82,1.82,1.81,1.83,1.85,1.84,1.85,1.89,1.9,1.86,1.84,1.82,1.81,1.83,
花蓮,2024/09/24 00:00:00,WD_HR,237,224,222,223,243,221,246,32,27,60,90,92,94,90,46,46,52,46,49,38,42,44,47,6,
花蓮,2024/09/24 00:00:00,WIND_DIREC,246,223,231,235,223,223,273,70,39,79,89,86,90,79,35,29,15,59,58,20,40,41,39,341,
花蓮,2024/09/24 00:00:00,WIND_SPEED,0.4,0.4,1.1,1.3,0.8,0.8,0.9,1.2,1.6,2.1,3.1,3.3,3,1.8,2.2,2,1.7,1.7,1.9,1.7,2.9,2.3,1.8,1.5,
花蓮,2024/09/24 00:00:00,WS_HR,0.7,0.7,0.7,1,0.7,0.7,1,0.5,1,1.3,2.7,3,3.1,2.4,1.6,1.6,1.3,1.2,1.2,1.3,1.8,2,1.7,1.2,
花蓮,2024/09/25 00:00:00,AMB_TEMP,27.2,27.2,27,26.9,26.8,26.3,26.5,27.7,29.2,31.1,31.4,31.7,31,30.6,30,29.1,28.7,28.5,28.4,28.1,27.2,27.3,27.2,27,
花蓮,2024/09/25 00:00:00,CH4,1.85,1.84,1.86,1.86,1.87,1.91,1.92,1.88,1.85,1.87,1.83,1.82,1.82,1.83,1.83,1.83,1.85,1.85,1.85,1.87,1.86,1.86,1.88,1.88,
花蓮,2024/09/25 00:00:00,CO,0.15,0.15,0.17,0.18,0.19,0.2,0.23,0.34,0.32,0.28,0.17,0.15,0.14,0.16,0.2,0.19,0.2,0.22,0.23,0.22,0.17,0.16,0.17,0.17,
花蓮,2024/09/25 00:00:00,NMHC,0,0,0,0,0,0,0.01,0.04,0.04,0,0,0,0,0,0,0,0,0.01,0.02,0.02,0,0.01,0,0,
花蓮,2024/09/25 00:00:00,NO,0.4,0.5,0.6,0.5,0.5,0.8,1.3,3.8,4.4,4.7,3.1,1.8,1.6,1.3,0.9,0.8,0.8,1,0.8,0.5,0.5,0.5,0.5,0.3,
花蓮,2024/09/25 00:00:00,NO2,3.2,3.6,4.8,5.1,4.7,3.7,3.5,4.8,6.6,7.7,3.9,3.2,2.9,2.5,2.4,2.7,3.3,4.2,5.3,4.7,3.4,2.7,2.9,2.8,
花蓮,2024/09/25 00:00:00,NOx,3.6,4.1,5.5,5.6,5.2,4.5,4.8,8.7,11.1,12.4,7.1,5,4.5,3.9,3.4,3.6,4.1,5.2,6.2,5.2,4,3.2,3.4,3.2,
花蓮,2024/09/25 00:00:00,O3,19.7,19.5,15.3,11.3,8.3,5.3,6,5.9,13.8,17,25.4,27.9,29,31.5,39,36.9,35.1,29.1,27.6,33.1,33.7,30.6,33.6,33.5,
花蓮,2024/09/25 00:00:00,PM10,19,15,16,20,21,32,21,22,17,29,10,15,20,A,A,#,9,16,22,20,15,13,21,14,
花蓮,2024/09/25 00:00:00,PM2.5,0,3,4,4,7,5,2,7,5,4,4,3,1,2,3,4,3,4,7,8,5,2,0,4,
花蓮,2024/09/25 00:00:00,RAINFALL,0,0,0,0,0,0,0,0,0,0,0,0,0,0,0,0,0,0,0,0,0,0,0,0,
花蓮,2024/09/25 00:00:00,RH,90,90,90,90,90,92,92,89,85,74,73,74,73,74,76,81,86,85,82,88,89,88,90,91,
花蓮,2024/09/25 00:00:00,SO2,0.9,0.8,0.6,0.6,0.7,0.6,0.8,0.8,0.7,0.5,0.2,0.3,0.2,0.2,0.4,0.3,0.4,0.6,0.7,1.2,0.7,0.5,0.5,0.6,
花蓮,2024/09/25 00:00:00,THC,1.83,1.82,1.84,1.85,1.87,1.91,1.93,1.92,1.89,1.87,1.81,1.8,1.8,1.81,1.82,1.83,1.85,1.86,1.87,1.89,1.86,1.87,1.87,1.86,
花蓮,2024/09/25 00:00:00,WD_HR,358,45,309,296,261,221,234,257,275,105,97,94,89,77,64,66,61,48,54,26,46,42,10,19,
花蓮,2024/09/25 00:00:00,WIND_DIREC,33,7,290,287,225,227,278,282,114,103,97,92,83,85,51,79,51,46,32,44,29,46,56,339,
花蓮,2024/09/25 00:00:00,WIND_SPEED,1,0.7,1.1,0.9,1.6,1.6,1.3,1.2,0.8,2.8,2.8,4,3.5,2.2,2.4,3.1,1.8,1.5,1.6,1.8,1.9,1.4,1.4,1.1,
花蓮,2024/09/25 00:00:00,WS_HR,0.8,0.6,0.9,0.9,1,1.5,1.2,0.8,0.3,1.7,2.4,3.1,3.1,2.2,2,1.9,1.7,1.3,1.2,1.1,1.4,1.2,1,0.7,
花蓮,2024/09/26 00:00:00,AMB_TEMP,27,26.8,26.7,26.3,26.5,26.7,26.9,27.5,27.9,28.6,28.2,28.9,28.6,28,28.3,28.2,28.2,27.8,27.4,26.5,26.3,26,25.9,25.6,
花蓮,2024/09/26 00:00:00,CH4,1.9,1.92,1.92,1.9,1.9,1.9,1.9,1.9,1.92,#,1.92,1.91,1.92,1.91,1.9,1.92,1.92,1.91,1.92,1.95,1.95,1.95,1.96,2,
花蓮,2024/09/26 00:00:00,CO,0.18,0.19,0.18,0.18,0.18,0.19,0.23,0.26,0.27,0.26,0.19,#,0.17,0.17,0.16,0.17,0.22,0.24,0.32,0.24,0.23,0.22,0.22,0.19,
花蓮,2024/09/26 00:00:00,NMHC,0,0,0,0,0,0.01,0.02,0.01,0.01,#,0,0,0,0,0,0,0,0.01,0.05,0.03,0.04,0.02,0.01,0,
花蓮,2024/09/26 00:00:00,NO,0.5,0.6,0.5,0.5,0.5,0.6,0.7,1.3,1.4,2.1,1.2,#,0.8,0.9,0.9,0.6,0.7,0.6,1,0.7,0.5,0.5,0.5,0.4,
花蓮,2024/09/26 00:00:00,NO2,3.3,3.4,2.5,2.4,2.3,3.2,4.1,5.7,6.7,6.6,4.5,#,2.5,3,3.2,3,4.8,5.2,8.3,5.7,4.9,4,3.2,2.4,
花蓮,2024/09/26 00:00:00,NOx,3.8,4.1,3.1,2.9,2.8,3.8,4.8,7,8.1,8.7,5.8,#,3.4,3.9,4.2,3.6,5.6,5.9,9.4,6.4,5.4,4.5,3.7,2.9,
花蓮,2024/09/26 00:00:00,O3,31.9,16.3,15,14.6,11.2,15.4,17.1,21.4,24.4,27.9,#,34.7,35.8,37.3,36.9,38.8,36.1,33.9,26.8,28.7,32.3,31,31.2,23.7,
花蓮,2024/09/26 00:00:00,PM10,15,26,29,26,25,27,25,21,29,#,14,17,13,18,14,23,24,26,21,20,18,14,18,11,
花蓮,2024/09/26 00:00:00,PM2.5,2,2,7,5,7,5,9,6,4,3,#,8,4,1,2,3,4,4,6,6,9,7,7,7,
花蓮,2024/09/26 00:00:00,RAINFALL,0,0,0,0,0,0,0,0,0,#,0,0,0,0,0,0,0,0,0.5,1,0,0,0,0,
花蓮,2024/09/26 00:00:00,RH,90,90,90,91,90,90,89,88,87,86,87,86,84,85,82,80,79,86,87,91,92,93,93,95,
花蓮,2024/09/26 00:00:00,SO2,0.6,0.4,0.4,0.6,0.6,0.6,0.5,0.8,1,1.1,0.2,#,#,0.5,1,0.9,0.8,0.9,1.2,1.3,1.2,1.3,1.3,1.2,
花蓮,2024/09/26 00:00:00,THC,1.89,1.92,1.91,1.89,1.9,1.91,1.92,1.91,1.93,#,1.92,1.89,1.91,1.9,1.89,1.9,1.92,1.92,1.97,1.98,1.99,1.97,1.97,2,
花蓮,2024/09/26 00:00:00,WD_HR,278,169,223,209,266,293,313,9,60,47,72,62,75,54,64,63,68,70,291,235,240,231,224,209,
花蓮,2024/09/26 00:00:00,WIND_DIREC,156,171,217,226,250,285,297,57,60,57,81,72,81,47,72,65,77,290,333,252,236,228,219,193,
花蓮,2024/09/26 00:00:00,WIND_SPEED,0.4,0.6,1.4,1.2,0.4,1.1,1.5,1.4,1.9,2.2,3.3,3.5,3.1,2.5,2.9,2.2,1.7,1.7,1,1.6,1.1,1.6,1.8,1.5,
花蓮,2024/09/26 00:00:00,WS_HR,0.3,0.6,1.2,1,0.8,0.8,0.9,0.4,1.4,1.5,2.2,2.7,3.1,2.2,2.2,2.3,1.4,0.8,1.1,0.8,0.8,1.5,1.3,1.7,
花蓮,2024/09/27 00:00:00,AMB_TEMP,25.4,25.5,25.4,25.5,25.6,25.5,25.7,26.7,28.7,30.2,31.3,31.7,31,29.7,29,25.7,24.4,24.2,24.3,24.4,24.6,24.6,24.6,24.7,
花蓮,2024/09/27 00:00:00,CH4,2.04,2,1.98,1.95,1.95,1.96,1.95,1.92,1.94,1.93,1.91,1.92,1.91,1.91,1.9,1.91,1.91,1.92,1.92,1.93,1.94,1.95,1.95,1.96,
花蓮,2024/09/27 00:00:00,CO,0.16,0.16,0.17,0.18,0.17,0.18,0.22,0.29,0.25,0.21,0.2,0.2,0.16,0.16,0.17,0.17,0.19,0.23,0.26,0.22,0.19,0.16,0.17,0.19,
花蓮,2024/09/27 00:00:00,NMHC,0,0,0,0,0,0,0.01,0.03,0,0,0,0,0,0,0,0,0,0.03,0.05,0.01,0.01,0,0,0.02,
花蓮,2024/09/27 00:00:00,NO,0.5,0.7,0.6,0.6,0.7,0.7,1.1,2.6,3.2,2,1.5,1.3,1.2,1.1,1,0.9,1.1,1.1,1.3,1,0.8,0.8,0.6,0.6,
花蓮,2024/09/27 00:00:00,NO2,1.5,1.4,1.5,2,1.7,1.8,3,3.5,3.7,4.4,3.2,2.8,2.2,2.3,2.8,4.1,4.5,5.2,7.1,5.8,4.3,2.2,2.3,3.9,
花蓮,2024/09/27 00:00:00,NOx,2.1,2.1,2.1,2.6,2.5,2.6,4.2,6.2,6.9,6.4,4.8,4.1,3.5,3.4,3.8,5,5.6,6.3,8.4,6.8,5.2,3,3,4.6,
花蓮,2024/09/27 00:00:00,O3,22.5,23.7,19.5,14.3,13.9,15.9,11.8,8.1,14.6,31.3,37,38.5,37,36.5,34.7,28.5,27.7,27.7,23.1,24.2,23.1,24.7,21.8,14.1,
花蓮,2024/09/27 00:00:00,PM10,17,18,21,26,23,25,28,26,26,27,23,30,30,29,30,21,16,11,14,15,15,15,12,20,
花蓮,2024/09/27 00:00:00,PM2.5,4,2,5,11,7,5,6,6,6,5,5,6,8,7,7,6,4,1,3,5,3,3,3,2,
花蓮,2024/09/27 00:00:00,RAINFALL,0,0,0,0,0,0,0,0,0,0,0,0,0,0,0,5,9.5,6.5,0.5,0,0.5,0,0,0,
花蓮,2024/09/27 00:00:00,RH,97,95,95,94,93,93,91,89,84,67,60,62,68,73,78,89,94,95,96,94,92,91,90,91,
花蓮,2024/09/27 00:00:00,SO2,1.2,0.4,0.3,0.6,0.3,0.5,0.4,0.5,0.5,0.4,0.2,0.3,0.1,0.3,0.3,0.2,0.5,0.6,0.5,0.6,0.6,0.6,0.7,0.6,
花蓮,2024/09/27 00:00:00,THC,2.03,1.98,1.96,1.94,1.94,1.95,1.96,1.95,1.94,1.93,1.9,1.91,1.9,1.89,1.9,1.91,1.91,1.95,1.97,1.94,1.95,1.93,1.94,1.98,
花蓮,2024/09/27 00:00:00,WD_HR,216,220,230,267,230,228,226,227,204,82,40,79,80,44,59,53,41,226,242,236,219,216,230,227,
花蓮,2024/09/27 00:00:00,WIND_DIREC,221,220,273,279,225,230,215,228,199,65,91,82,51,39,86,50,103,231,233,249,210,216,256,213,
花蓮,2024/09/27 00:00:00,WIND_SPEED,1.6,1.4,1.7,1.1,2.2,1.6,1.6,1.6,1.8,2.5,3,3.2,2.9,3.4,3.1,2.4,0.9,2.4,1.8,1.9,2.9,2.8,0.3,1.7,
花蓮,2024/09/27 00:00:00,WS_HR,2,1.4,1.6,0.7,1.8,1.8,1.9,1.2,1.7,0.8,1.8,2.9,3.2,2.2,1.9,1.8,1.2,1.2,1.5,2,1.9,2.5,1.1,1,
花蓮,2024/09/28 00:00:00,AMB_TEMP,24.2,24.4,24.1,24.2,24.3,24.4,24.7,25.5,26.9,29.3,30.8,30.9,30.4,30.3,29.5,29.4,28.8,28.4,28.4,26.7,25.5,25.9,26.1,26,
花蓮,2024/09/28 00:00:00,CH4,1.96,1.95,1.95,1.94,1.96,1.95,1.95,1.94,1.93,1.92,1.91,1.91,1.91,1.9,1.9,1.9,1.9,1.9,1.9,1.88,1.86,1.89,1.91,1.9,
花蓮,2024/09/28 00:00:00,CO,0.16,0.15,0.14,0.13,0.14,0.15,0.2,0.25,0.29,0.25,0.19,0.19,0.18,0.16,0.16,0.16,0.18,0.19,0.19,0.16,0.14,0.21,0.22,0.19,
花蓮,2024/09/28 00:00:00,NMHC,0,0,0,0,0,0,0.01,0.03,0.1,0.03,0,0,0,0,0,0,0,0,0,0,0,0.03,0.03,0.04,
花蓮,2024/09/28 00:00:00,NO,0.7,0.6,0.7,0.8,0.6,0.7,1,2.2,4,3.8,2.1,1.3,0.9,1,1,0.9,0.9,1,0.9,0.8,0.8,0.9,1.2,0.9,
花蓮,2024/09/28 00:00:00,NO2,2.4,1.3,1.3,1,1,1.4,3,4.7,7.5,7.1,4,2.5,1.9,1.8,1.7,1.7,2.8,3.4,3.5,2.7,3.4,7.1,6.9,5.6,
花蓮,2024/09/28 00:00:00,NOx,3.1,2,2.1,1.8,1.7,2.2,4,6.9,11.6,11,6.2,3.8,2.9,2.8,2.8,2.6,3.7,4.5,4.4,3.5,4.2,8,8.1,6.5,
花蓮,2024/09/28 00:00:00,O3,13.7,14.7,11.4,11,12.2,11.7,9.3,10.5,15.4,23.8,39.3,44.4,43.3,43.2,42.6,39.2,37.7,37.3,33.6,29.7,21,17,13.5,10.4,
花蓮,2024/09/28 00:00:00,PM10,24,22,21,21,25,21,24,21,20,20,29,30,33,42,34,35,33,29,24,26,12,14,14,13,
花蓮,2024/09/28 00:00:00,PM2.5,1,4,2,1,3,4,3,1,0,2,7,10,12,9,5,7,8,7,4,5,3,0,0,0,
花蓮,2024/09/28 00:00:00,RAINFALL,0,0,0,0,0,0,0,0,0,0,0,0,0,0,0,0,0,0,0,1.5,2,0,0,0,
花蓮,2024/09/28 00:00:00,RH,92,90,91,90,89,89,89,88,86,72,66,70,74,75,76,74,77,77,76,86,91,89,88,88,
花蓮,2024/09/28 00:00:00,SO2,0.6,1.2,1.1,1.1,1.3,1.2,1.3,1.4,1.4,1.3,1.2,1,0.9,0.9,0.8,0.9,1,1.1,1.1,1.2,1.2,1.3,1.4,1.4,
花蓮,2024/09/28 00:00:00,THC,1.95,1.93,1.92,1.92,1.93,1.93,1.96,1.97,2.03,1.95,1.9,1.9,1.89,1.88,1.88,1.88,1.89,1.89,1.89,1.86,1.84,1.92,1.94,1.94,
花蓮,2024/09/28 00:00:00,WD_HR,230,224,225,223,219,228,222,286,271,340,38,52,59,65,50,54,16,33,40,45,38,358,272,278,
花蓮,2024/09/28 00:00:00,WIND_DIREC,249,232,220,224,227,278,211,300,316,33,7,53,63,70,40,62,345,15,37,56,2,345,262,318,
花蓮,2024/09/28 00:00:00,WIND_SPEED,1.5,2.6,1.9,2.8,2.9,1.3,2,1.6,1,1.8,3.1,3.7,5.2,5.8,5,4.2,3.3,3.5,2.9,3.7,2.8,1.1,0.6,0.4,
花蓮,2024/09/28 00:00:00,WS_HR,1.6,1.9,1.8,2.1,2.5,1.6,1.5,0.8,1.1,0.8,2,2.9,3.3,3.9,3.4,3.5,2.7,2.7,2.3,3,2.4,1.2,0.8,0.4,
花蓮,2024/09/29 00:00:00,AMB_TEMP,25.8,25.2,25.2,25,24.8,24.5,24.6,26.6,27.7,29.2,28.8,26.2,25.3,28.1,29.3,29.5,29.1,28.6,28.5,26.1,25.3,25.6,25.1,24.9,
花蓮,2024/09/29 00:00:00,CH4,1.9,1.93,1.97,1.93,1.92,1.95,1.98,1.91,1.9,1.87,1.87,1.86,1.86,1.86,1.85,1.85,1.85,1.86,1.86,1.86,1.87,1.92,1.93,1.89,
花蓮,2024/09/29 00:00:00,CO,0.14,0.14,0.14,0.12,0.12,0.11,0.17,0.22,0.23,0.19,0.19,0.15,0.14,0.16,0.14,0.14,0.17,0.21,0.22,0.14,0.16,0.21,0.17,0.15,
花蓮,2024/09/29 00:00:00,NMHC,0.02,0.02,0.01,0,0,0,0.01,0.04,0.03,0.01,0.02,0.01,0,0,0,0,0,0.01,0.02,0,0.02,0.06,0.04,0.02,
花蓮,2024/09/29 00:00:00,NO,1,0.7,0.7,0.7,0.7,0.8,1.3,3.3,5.8,5.7,3.4,1.4,1.7,2.8,3.1,2.7,2.8,2.8,2.1,1.2,1.1,1.3,1.3,0.8,
花蓮,2024/09/29 00:00:00,NO2,4,3.2,3.3,3.5,5.2,2.5,3.2,4.8,6.7,5.9,5.8,3.3,2.9,4,4.4,4.5,5.5,8.1,9.3,5.5,3.5,6.6,5.3,5.3,
花蓮,2024/09/29 00:00:00,NOx,5,3.9,4,4.3,5.9,3.3,4.6,8.1,12.6,11.7,9.2,4.8,4.6,6.8,7.5,7.3,8.3,11,11.5,6.8,4.6,7.9,6.6,6.2,
花蓮,2024/09/29 00:00:00,O3,7.7,6.9,6.6,5.6,5.5,6.6,5,5.7,5.6,9.1,11.1,12.1,13.5,14.2,12.7,11.8,9.5,7.3,4.6,11.9,13.2,6.4,6.3,7.6,
花蓮,2024/09/29 00:00:00,PM10,21,14,21,17,10,10,13,14,20,13,20,14,8,15,11,12,20,20,27,13,9,12,18,7,
花蓮,2024/09/29 00:00:00,PM2.5,1,2,3,2,0,1,1,0,0,0,1,1,1,2,1,0,0,4,4,2,0,0,1,0,
花蓮,2024/09/29 00:00:00,RAINFALL,0,0,0,0.5,0,0,0,0,0,0,0,1,9.5,0,0,0,0,0,0,2,0,0.5,0,4.5,
花蓮,2024/09/29 00:00:00,RH,88,89,89,89,89,89,90,84,78,72,74,90,93,88,77,73,76,79,77,83,89,90,91,92,
花蓮,2024/09/29 00:00:00,SO2,1.2,1.3,1.3,1.3,1.5,1.4,1.4,1.4,1.5,1.5,1.1,1.1,1.2,1.3,1.3,1,1.3,1.3,1.7,1.5,1.2,1.2,1.3,1.3,
花蓮,2024/09/29 00:00:00,THC,1.92,1.95,1.98,1.93,1.89,1.93,1.99,1.95,1.93,1.88,1.89,1.87,1.85,1.85,1.83,1.84,1.85,1.87,1.88,1.85,1.89,1.98,1.97,1.91,
花蓮,2024/09/29 00:00:00,WD_HR,262,232,247,291,215,234,251,46,317,252,80,83,19,10,54,51,52,37,50,15,330,244,235,332,
花蓮,2024/09/29 00:00:00,WIND_DIREC,226,249,205,331,208,220,264,18,304,92,61,60,354,53,46,54,61,5,54,344,264,284,284,294,
花蓮,2024/09/29 00:00:00,WIND_SPEED,1.4,1,1,1.5,2.1,0.5,1,1.5,0.9,1.1,2,1.3,1.8,2.3,3.3,2.7,2.2,1.8,2.8,3.8,0.8,0.5,1.2,2.1,
花蓮,2024/09/29 00:00:00,WS_HR,0.7,0.6,0.6,1.3,2.2,1,0.8,0.4,1,0.8,1.5,1.3,1.5,0.9,2.2,2.1,2.1,1.5,1.7,1.8,1.5,0.1,0.5,1.1,
花蓮,2024/09/30 00:00:00,AMB_TEMP,24.9,24.3,24.1,24.7,25.3,27.3,23.9,23.3,25.1,25.5,26.8,27.8,28.7,28.7,24.1,24.6,24.7,25.1,24.3,23.4,24.1,23.9,23.3,23.4,
花蓮,2024/09/30 00:00:00,CH4,1.9,1.9,1.89,1.9,1.91,1.87,1.89,1.91,1.92,1.92,1.91,1.9,1.88,1.88,1.88,1.89,1.9,1.92,1.91,1.9,1.91,1.93,1.92,1.91,
花蓮,2024/09/30 00:00:00,CO,0.12,0.1,0.1,0.1,0.11,0.12,0.12,0.21,0.38,0.38,0.27,0.29,0.2,0.17,0.15,0.21,0.29,0.58,0.27,0.15,0.14,0.17,0.12,0.11,
花蓮,2024/09/30 00:00:00,NMHC,0,0,0,0.01,0.02,0,0,0.01,0.07,0.11,0.06,0.09,0.02,0,0,0.04,0.07,0.21,0.07,0,0,0.02,0,0,
花蓮,2024/09/30 00:00:00,NO,0.6,1,0.9,0.9,0.9,1.1,0.9,1,2.3,3.4,2.7,3.9,2.7,2.2,1.3,1.7,2.1,4.1,3,0.9,1,0.9,0.9,0.9,
花蓮,2024/09/30 00:00:00,NO2,4.8,1.1,0.5,0.8,1.5,4.4,2.3,4,9.5,11.8,6.4,8.7,5.4,3.9,3.2,5.5,7.7,17.8,7.9,2.1,2.5,3.4,1.8,0.7,
花蓮,2024/09/30 00:00:00,NOx,5.5,2.2,1.5,1.7,2.4,5.6,3.2,5,11.8,15.2,9.2,12.6,8.2,6.2,4.6,7.3,9.9,21.9,10.9,3.1,3.5,4.4,2.7,1.6,
花蓮,2024/09/30 00:00:00,O3,10,23.3,20.8,17.4,13.8,12.2,29.1,29.1,21.9,20.3,24.7,21.4,23.1,25.8,28.6,23.5,18.8,7.3,19.2,30.9,29.2,24.8,27,25.6,
花蓮,2024/09/30 00:00:00,PM10,11,7,3,4,7,17,14,8,8,8,9,16,14,11,8,7,13,17,15,8,11,9,5,4,
花蓮,2024/09/30 00:00:00,PM2.5,0,1,0,0,0,0,2,1,0,0,1,1,4,5,0,0,0,2,2,0,0,0,0,0,
花蓮,2024/09/30 00:00:00,RAINFALL,1,35,2,0,0,0,29,1.5,0,0.5,0,0,0,10.5,4,1.5,0,0.5,4,5,0,1,2,8,
花蓮,2024/09/30 00:00:00,RH,91,95,99,96,93,81,95,98,90,89,87,87,81,81,93,92,92,92,92,94,91,92,95,96,
花蓮,2024/09/30 00:00:00,SO2,1.3,0.9,0.7,0.8,0.9,0.9,0.9,0.8,0.8,0.9,0.9,0.9,0.7,0.6,0.7,0.8,1,0.9,1,1.2,1.1,1,1,0.9,
花蓮,2024/09/30 00:00:00,THC,1.9,1.87,1.86,1.91,1.93,1.83,1.86,1.92,1.99,2.03,1.97,1.99,1.9,1.88,1.87,1.93,1.97,2.13,1.98,1.89,1.9,1.95,1.9,1.89,
花蓮,2024/09/30 00:00:00,WD_HR,344,104,321,278,40,42,50,343,311,291,252,18,23,30,295,278,230,246,213,235,204,276,230,233,
花蓮,2024/09/30 00:00:00,WIND_DIREC,342,318,3,282,39,29,354,309,48,307,252,43,348,70,298,271,145,202,222,248,207,195,217,289,
花蓮,2024/09/30 00:00:00,WIND_SPEED,2,0.7,0.4,0.5,2.9,3.9,3.8,1.5,0.3,1.8,1.8,1.6,3.3,4.2,1.7,2,0.6,0.3,4,2.3,1.8,1,0.9,1.8,
花蓮,2024/09/30 00:00:00,WS_HR,0.8,0.9,1.5,0.4,0.5,2.4,2.5,1.8,0.9,1,0.6,1.2,2.2,2.3,1.2,1.6,1,0.2,3.8,1.9,1.7,0.5,2,1.5,
花蓮,2024/10/01 00:00:00,AMB_TEMP,23.3,23.6,23.3,23.1,23.6,23.3,23.9,24.7,25.6,28.5,28.7,28.8,28.3,26.9,24.6,25.2,25.3,25.2,25.3,25,25,25.2,24.2,23.5,
花蓮,2024/10/01 00:00:00,CH4,1.95,1.91,1.96,1.93,1.93,1.95,1.91,1.92,1.91,1.92,1.92,1.92,1.92,1.92,1.91,1.91,1.92,1.92,1.92,1.94,1.93,1.93,1.93,1.93,
花蓮,2024/10/01 00:00:00,CO,0.15,0.11,0.13,0.1,0.11,0.11,0.12,0.12,0.15,0.2,0.2,0.14,0.14,0.13,0.12,0.15,0.14,0.15,0.14,0.13,0.13,0.12,0.12,0.12,
花蓮,2024/10/01 00:00:00,NMHC,0,0,0,0,0,0,0,0,0,0.01,0.01,0.01,0,0,0,0.02,0,0,0,0,0,0,0,0,
花蓮,2024/10/01 00:00:00,NO,0.9,0.8,0.8,0.9,0.8,0.8,0.7,0.8,1.2,1.6,1.6,1.2,1.3,1.1,0.9,0.9,0.9,0.9,1,1,0.8,0.8,0.7,0.7,
花蓮,2024/10/01 00:00:00,NO2,0.9,0.7,0.9,0.5,0.5,0.6,0.7,0.9,1.4,2.1,2.3,1.9,1.3,1.1,1,1.3,1.3,1.3,1.3,1.1,1,0.9,0.8,0.8,
花蓮,2024/10/01 00:00:00,NOx,1.9,1.5,1.8,1.5,1.3,1.5,1.5,1.8,2.6,3.7,3.9,3.1,2.6,2.2,1.9,2.3,2.2,2.3,2.3,2.2,1.9,1.7,1.6,1.5,
花蓮,2024/10/01 00:00:00,O3,24.6,25.7,25.9,24.6,26,20.9,22.1,20.6,18.7,21.9,22.2,21.3,21.4,21.1,25.4,24.9,24.4,22.5,22.1,18.2,17.5,19.9,23,23.8,
花蓮,2024/10/01 00:00:00,PM10,5,2,1,5,9,6,4,10,12,11,7,7,10,6,5,7,6,3,11,14,13,15,11,13,
花蓮,2024/10/01 00:00:00,PM2.5,1,4,2,0,0,0,0,0,0,0,1,0,0,1,0,0,0,0,0,0,0,0,0,0,
花蓮,2024/10/01 00:00:00,RAINFALL,21,1,0.5,0,0,0,0,0,0,0,0,0,0,1.5,1,0.5,0,0,0,0,0,0,1,2.5,
花蓮,2024/10/01 00:00:00,RH,99,99,98,98,94,95,92,90,88,78,74,76,77,85,93,92,90,90,89,90,89,88,90,93,
花蓮,2024/10/01 00:00:00,SO2,1.4,1.2,1.2,1,1,1.1,1.1,1.1,1,4.8,3.5,1.1,0.7,0.7,1,1.1,1.1,1,1,1.2,1.2,1.2,1.1,1.2,
花蓮,2024/10/01 00:00:00,THC,1.92,1.89,1.94,1.92,1.91,1.93,1.89,1.9,1.91,1.93,1.93,1.93,1.92,1.91,1.89,1.93,1.91,1.91,1.91,1.92,1.91,1.91,1.92,1.91,
花蓮,2024/10/01 00:00:00,WD_HR,220,215,210,213,197,214,216,201,208,199,198,204,198,203,207,213,203,210,209,211,207,211,218,193,
花蓮,2024/10/01 00:00:00,WIND_DIREC,273,201,250,199,193,229,187,199,219,212,192,215,206,203,211,212,212,208,214,212,201,205,223,155,
花蓮,2024/10/01 00:00:00,WIND_SPEED,2.4,1.9,0.3,3.2,2.7,3.8,3.6,3.3,2.1,2.3,1,4.9,4,5,3.6,3.2,4.6,4.3,3.6,3.8,4.3,4.4,2.3,1.1,
花蓮,2024/10/01 00:00:00,WS_HR,2.3,1.3,0.6,2,2.6,2.3,3.3,3.6,2.3,2.2,2.1,2.7,3,4.2,3.8,2.4,3.8,3.4,4,3.8,3.8,4,2.7,1.7,
花蓮,2024/10/02 00:00:00,AMB_TEMP,22.9,22.7,22.7,22.6,22.7,23.2,24.3,24.9,26,27.5,28.7,28,29,30,29.6,25.8,26.6,24.3,23.3,23.2,23.1,23.1,23,22.9,
花蓮,2024/10/02 00:00:00,CH4,1.93,1.94,1.95,1.95,1.94,1.93,1.92,1.92,1.93,1.91,1.9,1.89,1.9,1.89,1.91,1.89,1.89,1.9,1.9,1.9,1.93,1.93,1.93,1.95,
花蓮,2024/10/02 00:00:00,CO,0.12,0.12,0.12,0.12,0.11,0.14,0.14,0.14,0.15,0.15,0.15,0.14,0.15,0.15,0.18,0.19,0.2,0.19,0.17,0.19,0.17,0.19,0.14,0.15,
花蓮,2024/10/02 00:00:00,NMHC,0,0,0,0,0,0,0,0,0,0.02,0.06,0.01,0,0.11,0.02,0.08,0.08,0.03,0,0.01,0.02,0.03,0,0.01,
花蓮,2024/10/02 00:00:00,NO,0.8,0.4,0.3,0.4,0.3,0.4,0.4,0.4,0.6,0.5,0.5,0.6,0.6,0.7,0.7,0.6,0.7,0.4,0.3,0.4,0.3,0.4,0.4,0.4,
花蓮,2024/10/02 00:00:00,NO2,0.8,0.9,0.9,0.7,0.5,1,1.1,1.1,1.2,1.2,1.4,1.4,1.5,1.4,2.1,2.7,4,3.5,2.8,2.9,3.2,4.3,2.8,2.8,
花蓮,2024/10/02 00:00:00,NOx,1.6,1.4,1.2,1.2,0.9,1.5,1.5,1.5,1.8,1.8,2,2.1,2.2,2.1,2.9,3.4,4.7,3.9,3.2,3.4,3.5,4.7,3.3,3.3,
花蓮,2024/10/02 00:00:00,O3,26.7,24.7,26.1,27.3,28.3,32.2,32.2,30.6,28.2,28.5,32.3,31.5,29.7,31.3,30.7,28.7,24.3,29.3,31.2,30.7,30.3,28,32.6,31.8,
花蓮,2024/10/02 00:00:00,PM10,9,6,5,10,9,8,11,8,17,8,7,10,8,6,12,12,14,11,10,10,7,5,7,9,
花蓮,2024/10/02 00:00:00,PM2.5,0,0,0,0,0,0,0,0,0,0,0,1,3,1,0,2,0,1,5,3,2,2,1,0,
花蓮,2024/10/02 00:00:00,RAINFALL,6,9,2,3,1.5,0,0,0,0,0,0,0,0,0,0,1.5,0,16.5,8,9,2,1,12,1.5,
花蓮,2024/10/02 00:00:00,RH,98,99,99,99,98,94,89,88,86,75,65,73,70,60,64,87,83,91,99,99,98,98,98,99,
花蓮,2024/10/02 00:00:00,SO2,1.3,0.8,1,1,0.8,1.5,1,1,0.7,0.8,0.8,0.8,0.6,0.6,1.7,1,1,0.9,1,0.8,0.7,0.9,0.9,0.8,
花蓮,2024/10/02 00:00:00,THC,1.92,1.93,1.93,1.93,1.91,1.9,1.91,1.9,1.91,1.93,1.96,1.9,1.9,2,1.93,1.97,1.97,1.93,1.9,1.91,1.95,1.96,1.92,1.96,
花蓮,2024/10/02 00:00:00,WD_HR,212,232,250,215,220,210,206,201,215,216,227,206,214,226,201,250,307,239,87,293,336,55,324,68,
花蓮,2024/10/02 00:00:00,WIND_DIREC,296,207,125,217,233,228,205,212,219,212,224,206,226,227,190,305,16,272,138,357,290,79,252,34,
花蓮,2024/10/02 00:00:00,WIND_SPEED,0.4,4.4,0.4,2.3,2.8,1.6,3.3,3.7,3.4,4,4.3,2.7,4.3,2.6,1.2,1.7,1.8,1.9,0.9,0.8,1.6,2.4,1.2,0.8,
花蓮,2024/10/02 00:00:00,WS_HR,0.7,1.7,0.8,2.2,2.2,2.1,2.7,3.3,3.4,3.7,4,2.7,3,3.1,1.6,2,0.7,2,0.8,0.8,0.8,0.4,0.6,0.3,
花蓮,2024/10/03 00:00:00,AMB_TEMP,23.1,23.3,23.1,23,23.2,23.2,22.7,23,23.5,23.2,23.7,24.5,24.5,24.3,25.4,25.6,24.8,23.8,23.9,23.1,22.9,22.9,22.9,22.9,
花蓮,2024/10/03 00:00:00,CH4,1.94,1.93,1.92,1.91,1.91,1.91,1.93,1.94,1.96,1.97,1.95,1.94,1.95,1.95,1.95,1.96,1.96,1.98,2,1.95,1.94,1.96,1.96,1.97,
花蓮,2024/10/03 00:00:00,CO,0.15,0.14,0.14,0.17,0.16,0.16,0.18,0.19,0.22,0.22,0.26,0.27,0.2,0.17,0.21,0.24,0.23,0.28,0.34,0.23,0.24,0.23,0.2,0.2,
花蓮,2024/10/03 00:00:00,NMHC,0,0,0,0,0,0,0,0,0.01,0.02,0.05,0.06,0.02,0.01,0.05,0.05,0.03,0.08,0.14,0.02,0.04,0.05,0.04,0.04,
花蓮,2024/10/03 00:00:00,NO,0.5,0.4,0.6,0.8,0.7,0.6,0.6,0.8,1,0.9,1.2,1.3,1.1,0.9,1,0.9,0.8,0.7,0.8,0.9,0.8,0.9,0.7,0.7,
花蓮,2024/10/03 00:00:00,NO2,3.1,3.1,2.1,8.4,7.8,3.4,3.6,3.1,4.1,3.9,4.3,4.7,3,1.6,3.2,3.5,3.4,4.5,8,5.2,5.4,7.1,3.9,3.8,
花蓮,2024/10/03 00:00:00,NOx,3.6,3.6,2.8,9.2,8.5,4,4.2,4,5.2,4.8,5.5,6,4.1,2.5,4.2,4.4,4.2,5.2,8.8,6.2,6.3,8,4.7,4.5,
花蓮,2024/10/03 00:00:00,O3,33.9,34.8,35.9,29,29.7,34.3,33.6,31.3,27.1,26.2,30.2,33.8,32.2,34.5,29.3,27.4,32.7,27.3,21.2,28.6,26.7,26.3,28.3,25.7,
花蓮,2024/10/03 00:00:00,PM10,14,10,12,7,10,11,8,7,6,4,2,3,4,2,9,13,12,15,16,9,7,9,6,6,
花蓮,2024/10/03 00:00:00,PM2.5,0,0,1,3,2,3,3,0,0,1,0,6,2,0,0,0,0,0,1,2,2,0,0,0,
花蓮,2024/10/03 00:00:00,RAINFALL,0,0,12.5,1,0,37,8,0,5.5,8.5,0,0,0.5,0,0,0,4.5,1.5,1,17.5,3,7,2.5,1.5,
花蓮,2024/10/03 00:00:00,RH,99,99,99,100,99,99,100,100,100,100,100,99,97,95,93,92,93,99,100,100,100,100,100,100,
花蓮,2024/10/03 00:00:00,SO2,1,1.1,1.3,1.2,1.3,1.2,1.2,1.4,1.4,1.3,1.2,1.3,1.4,1.4,2.1,1.6,1.8,1.6,1.4,1.4,1.3,1.3,1.3,1.2,
花蓮,2024/10/03 00:00:00,THC,1.94,1.92,1.9,1.9,1.89,1.89,1.93,1.94,1.97,1.99,2,2,1.97,1.96,2,2.01,1.99,2.06,2.14,1.97,1.98,2.01,2,2.01,
花蓮,2024/10/03 00:00:00,WD_HR,24,37,328,356,43,310,256,211,220,220,347,240,208,209,222,204,181,174,190,308,348,347,289,228,
花蓮,2024/10/03 00:00:00,WIND_DIREC,354,25,347,17,46,312,257,234,220,128,20,222,218,205,220,202,189,136,251,355,319,308,19,223,
花蓮,2024/10/03 00:00:00,WIND_SPEED,1.2,1.3,1.7,1.3,2.6,2.4,1,0.8,1.8,0.3,0.4,1.4,2.6,0.9,1,1.9,0.8,0.3,0.3,1.1,0.4,1.9,0.3,1.1,
花蓮,2024/10/03 00:00:00,WS_HR,0.8,0.9,1.2,0.8,1.5,1.3,0.9,0.8,1.2,0.2,0.1,0.5,2,2,1,1.2,1,0.3,0.2,0.8,0.3,0.4,0.1,0.6,
花蓮,2024/10/04 00:00:00,AMB_TEMP,22.9,22.9,23,23,23,23,23.2,24,26.1,27.4,26.8,27.9,27.8,26.1,26.5,26.1,25.8,25.7,25,25,25,24.4,24.5,24.4,
花蓮,2024/10/04 00:00:00,CH4,1.97,1.98,2,2.04,2.02,2.06,2.01,1.97,2,1.94,1.92,1.93,1.92,1.93,1.93,1.92,1.94,1.96,2.02,1.97,1.95,1.95,1.97,1.96,
花蓮,2024/10/04 00:00:00,CO,0.17,0.16,0.16,0.16,0.16,0.17,0.19,0.25,0.22,0.19,0.19,0.22,0.18,0.19,0.18,0.17,0.25,0.35,0.33,0.42,0.38,0.21,0.18,0.16,
花蓮,2024/10/04 00:00:00,NMHC,0,0,0,0,0,0,0,0.01,0,0,0,0.01,0,0,0,0,0,0.09,0.09,0.12,0.11,0.01,0,0,
花蓮,2024/10/04 00:00:00,NO,0.6,0.2,0.2,0.1,0.3,0.3,0.5,1.1,1.2,1.2,0.6,1.5,0.9,0.9,0.7,0.5,0.9,0.8,1.3,1.8,2.3,1.2,0.3,0.4,
花蓮,2024/10/04 00:00:00,NO2,2,1.4,1.2,1.1,1.3,1.3,2.2,4,3.3,2.9,2.9,4.9,2.6,3.6,3.6,2.6,4.9,10.2,9.9,11,10.1,4.5,2.7,2.1,
花蓮,2024/10/04 00:00:00,NOx,2.6,1.6,1.5,1.3,1.7,1.6,2.8,5.2,4.6,4.2,3.6,6.4,3.5,4.5,4.3,3.1,5.9,11,11.2,12.8,12.4,5.8,3.1,2.5,
花蓮,2024/10/04 00:00:00,O3,24.4,25,23.7,22.6,19.4,20.4,18.7,19.1,24.2,27.7,29,30,33.2,32.1,33,34.2,31.2,20.6,14.1,7.8,8.8,11.1,13.7,15.1,
花蓮,2024/10/04 00:00:00,PM10,4,4,3,8,9,10,12,8,18,#,12,26,9,10,22,8,21,21,21,18,23,19,17,16,
花蓮,2024/10/04 00:00:00,PM2.5,0,0,0,0,0,0,3,2,0,2,#,5,4,3,4,2,4,6,4,2,0,3,4,4,
花蓮,2024/10/04 00:00:00,RAINFALL,0.5,0,0,0,0,0,0,0,0,0,0,0,2.5,1,0.5,0,0,0,0,0,0,0,0,0,
花蓮,2024/10/04 00:00:00,RH,100,100,100,100,100,100,100,98,89,87,86,78,79,91,89,89,90,93,94,93,93,92,92,90,
花蓮,2024/10/04 00:00:00,SO2,1.4,0.9,0.7,0.9,0.9,0.9,0.9,1.1,1.7,1.4,0.9,2,1,0.9,0.8,0.9,0.9,1,0.9,1,1,1,1,0.9,
花蓮,2024/10/04 00:00:00,THC,1.97,1.98,1.98,2.03,2.01,2.04,2,1.98,2,1.93,1.91,1.94,1.91,1.92,1.92,1.89,1.94,2.05,2.11,2.09,2.06,1.96,1.97,1.95,
花蓮,2024/10/04 00:00:00,WD_HR,211,214,224,241,223,215,224,219,209,121,129,227,162,160,117,120,121,203,189,277,271,213,220,225,
花蓮,2024/10/04 00:00:00,WIND_DIREC,216,230,225,246,214,228,226,200,186,106,149,245,143,149,121,107,55,157,201,284,211,217,224,208,
花蓮,2024/10/04 00:00:00,WIND_SPEED,0.3,1.1,0.9,0.3,1.5,1.7,2.1,1.6,1.7,1.8,1,1.8,1.2,0.6,1,0.3,0.3,0.5,1.3,1.4,0.5,2.6,1.7,2,
花蓮,2024/10/04 00:00:00,WS_HR,1.3,1,0.7,0.9,1,1.7,1.9,1.5,1.6,0.9,1.4,0.6,1.2,0.8,0.6,0.4,0.2,0.6,0.8,1.1,0.7,1.8,1.9,2.1,
花蓮,2024/10/05 00:00:00,AMB_TEMP,23.9,23.9,23.6,23.4,23.5,23.6,23.7,24.3,25.1,26.8,27.6,28.8,28.8,29.5,29.3,28.5,27.9,27.1,26.9,26.5,26.3,25.8,25.5,25,
花蓮,2024/10/05 00:00:00,CH4,1.97,1.96,2.04,2.01,2,2.02,1.99,2.02,1.99,1.96,1.96,1.97,1.93,1.9,1.88,1.88,1.87,1.87,1.88,1.88,1.9,1.94,1.93,1.93,
花蓮,2024/10/05 00:00:00,CO,0.16,0.14,0.14,0.14,0.14,0.14,0.19,0.2,0.19,0.19,0.2,0.24,0.2,0.17,0.15,0.17,0.19,0.23,0.3,0.3,0.36,0.31,0.25,0.17,
花蓮,2024/10/05 00:00:00,NMHC,0,0,0,0.01,0,0,0,0.01,0,0,0.03,0.02,0,0,0,0,0.01,0,0.05,0.09,0.11,0.11,0.07,0,
花蓮,2024/10/05 00:00:00,NO,0.4,0.8,0.6,0.6,0.6,0.7,1.2,1.7,2,2,2,2.8,2.5,1.3,1.9,2.6,1.2,0.7,0.8,1.1,1.2,1.4,1.7,1.2,
花蓮,2024/10/05 00:00:00,NO2,2,1.3,1.1,1.2,1,1,2.4,2.1,2,1.8,2.5,5,5.2,3.2,5.2,7.4,4.2,4.1,5.7,7.2,8.6,8.2,6.5,3.1,
花蓮,2024/10/05 00:00:00,NOx,2.5,2.1,1.7,1.9,1.7,1.8,3.7,3.9,4,3.8,4.5,7.8,7.7,4.6,7.2,10,5.4,4.9,6.5,8.3,9.8,9.7,8.3,4.3,
花蓮,2024/10/05 00:00:00,O3,10,10,10.1,8.4,7.9,7.7,6.2,6.4,8.2,11.8,15.5,20.3,32.4,36.1,29.9,30.7,33.8,33.4,27.7,16.8,10.8,5.3,6.2,6.4,
花蓮,2024/10/05 00:00:00,PM10,23,19,14,19,17,19,24,22,25,19,14,21,30,21,13,25,14,23,20,21,28,27,23,27,
花蓮,2024/10/05 00:00:00,PM2.5,1,2,4,3,1,1,1,1,3,3,2,8,4,4,4,5,4,4,4,3,6,4,0,4,
花蓮,2024/10/05 00:00:00,RAINFALL,0,0,0,0,0,0,0,0,0,0,0,0,0,0,0,0,0,0,0,0,0,0,0,0,
花蓮,2024/10/05 00:00:00,RH,91,91,93,92,92,92,92,90,89,85,75,73,74,73,75,77,80,85,88,89,90,90,90,91,
花蓮,2024/10/05 00:00:00,SO2,0.9,0.4,0.6,0.7,0.7,0.7,0.6,0.6,0.8,0.9,1,4.9,1,0.7,0.5,0.8,0.6,0.7,0.8,0.7,0.9,0.9,0.7,0.7,
花蓮,2024/10/05 00:00:00,THC,1.96,1.95,2.02,2.02,1.99,2,1.99,2.03,1.99,1.96,1.99,1.99,1.91,1.88,1.85,1.88,1.88,1.87,1.93,1.97,2.01,2.05,2,1.93,
花蓮,2024/10/05 00:00:00,WD_HR,234,214,221,234,223,222,228,217,209,205,215,107,105,102,99,91,38,47,323,289,256,240,225,227,
花蓮,2024/10/05 00:00:00,WIND_DIREC,258,207,224,230,224,222,207,213,204,204,203,103,96,105,92,82,33,46,299,289,274,275,224,207,
花蓮,2024/10/05 00:00:00,WIND_SPEED,1.6,2.6,1.9,1.5,2.7,1.6,1.2,2.2,2.1,1.7,0.7,2.3,2.5,3,3,2.1,1.6,1.2,1.7,0.7,0.6,1.3,1.9,1.5,
花蓮,2024/10/05 00:00:00,WS_HR,1.5,2.1,1.7,1.3,1.9,1.8,1.4,1.7,2,1.5,0.9,1.2,2.3,2.4,2.7,2.5,1.3,1.1,1,0.8,0.7,1,0.8,1.7,
花蓮,2024/10/06 00:00:00,AMB_TEMP,24.9,24.7,24.6,24.1,24.1,23.9,24.3,26.1,28.2,29.6,30.5,30.7,30.4,30,29.6,28.7,28,27.8,27.3,27.1,26.7,26.3,25.5,25.3,
花蓮,2024/10/06 00:00:00,CH4,1.94,1.95,1.95,1.97,1.95,1.93,1.93,1.91,1.93,1.89,1.89,1.86,1.86,1.85,1.85,1.86,1.87,1.87,1.87,1.89,1.89,1.9,1.89,1.92,
花蓮,2024/10/06 00:00:00,CO,0.15,0.15,0.13,0.13,0.12,0.12,0.14,0.14,0.13,0.13,0.14,0.12,0.1,0.11,0.11,0.12,0.14,0.18,0.22,0.25,0.24,0.2,0.14,0.14,
花蓮,2024/10/06 00:00:00,NMHC,0,0,0,0,0,0,0,0,0,0,0,0,0,0,0,0,0,0,0.02,0.05,0.05,0.04,0,0,
花蓮,2024/10/06 00:00:00,NO,0.8,0.7,0.7,0.7,0.7,0.7,1,1.5,1.4,1.2,2,3.1,2.1,1.5,1.4,1.1,1.3,1.2,1,1.6,1.5,1.1,1.2,1.1,
花蓮,2024/10/06 00:00:00,NO2,2.2,1.5,1.5,1.3,1,1.1,1.3,1.1,1.1,1.2,3,4.2,2.2,2.3,2.4,3.3,7.6,5.4,4.3,5.6,6,4.8,2.7,2.1,
花蓮,2024/10/06 00:00:00,NOx,3,2.2,2.2,2.1,1.7,1.8,2.3,2.7,2.5,2.5,5,7.3,4.3,3.8,3.9,4.5,9,6.6,5.3,7.2,7.5,5.9,4,3.3,
花蓮,2024/10/06 00:00:00,O3,8.4,8.9,8.3,6.5,7.1,6.2,5.4,6.3,9.7,14.6,22.2,19.6,20.7,27.1,26.8,28,26.3,26.5,21.6,11.5,8.8,7.3,5,5.9,
花蓮,2024/10/06 00:00:00,PM10,21,16,14,16,20,14,21,16,11,13,15,17,18,13,15,13,28,25,17,19,19,20,21,17,
花蓮,2024/10/06 00:00:00,PM2.5,4,3,5,5,3,3,3,5,4,2,0,0,0,0,1,4,3,2,2,4,6,2,0,1,
花蓮,2024/10/06 00:00:00,RAINFALL,0,0,0,0,0,0,0,0,0,0,0,0,0,0,0,0,0,0,0,0,0,0,0,0,
花蓮,2024/10/06 00:00:00,RH,91,91,91,92,91,91,90,86,73,68,66,66,71,74,76,79,87,88,88,87,87,87,89,90,
花蓮,2024/10/06 00:00:00,SO2,0.8,0.8,0.7,0.8,0.8,0.7,0.7,0.8,0.8,0.9,1.4,0.7,0.4,0.3,0.5,0.7,1.4,1.2,0.7,0.7,0.7,0.6,0.5,0.6,
花蓮,2024/10/06 00:00:00,THC,1.93,1.93,1.92,1.95,1.93,1.91,1.92,1.9,1.91,1.88,1.87,1.83,1.82,1.81,1.81,1.82,1.84,1.87,1.89,1.94,1.94,1.94,1.89,1.92,
花蓮,2024/10/06 00:00:00,WD_HR,228,220,217,226,221,223,220,214,212,176,101,100,94,98,97,106,91,68,323,299,286,229,231,231,
花蓮,2024/10/06 00:00:00,WIND_DIREC,216,221,220,216,216,229,228,203,208,132,97,102,100,105,94,100,93,57,311,304,280,217,239,240,
花蓮,2024/10/06 00:00:00,WIND_SPEED,2.1,2.2,2,2.3,2.1,1.8,2.5,2.3,1.8,1.8,2.9,3.2,4,3,2.1,2.3,1.8,1,1.5,0.9,1.3,1.5,0.8,1,
花蓮,2024/10/06 00:00:00,WS_HR,1.8,2.1,1.8,1.9,1.9,2,2.3,2.1,2.1,0.9,2.3,2.8,2.9,2.7,2.6,2.2,1.8,1.2,0.7,0.9,1.1,0.9,0.7,1.1,
花蓮,2024/10/07 00:00:00,AMB_TEMP,25.1,24.8,24.5,24.2,24,24.1,24.4,26,28.2,30.2,30.6,30.7,30.4,29.1,29.2,28.6,27.7,27.3,27.3,27,27,26.6,26.2,25.8,
花蓮,2024/10/07 00:00:00,CH4,1.91,1.92,1.93,1.92,1.93,1.93,1.92,1.95,1.89,1.89,1.87,1.87,1.88,1.87,1.86,1.86,1.86,1.86,1.87,1.87,1.88,1.88,1.89,1.9,
花蓮,2024/10/07 00:00:00,CO,0.12,0.11,0.11,0.11,0.11,0.12,0.15,0.16,0.15,0.16,0.13,0.12,0.13,0.12,0.12,0.13,0.14,0.17,0.19,0.15,0.18,0.16,0.25,0.25,
花蓮,2024/10/07 00:00:00,NMHC,0,0,0,0,0,0,0,0,0,0,0,0,0,0,0,0,0.01,0.01,0.01,0,0,0.02,0,0.01,
花蓮,2024/10/07 00:00:00,NO,0.9,1,1,1,1.1,1.3,2.2,2.9,3,3.7,5.7,3.5,2.3,1.8,2.3,2.2,1.8,1.4,1.3,1.2,1.1,1.1,1.1,1.2,
花蓮,2024/10/07 00:00:00,NO2,1.6,1.4,1.3,1.3,1.2,1.6,2.1,1.5,1.9,4.7,5,3.2,2.5,2.4,2.8,3.3,3.1,3.7,4.6,3.9,4.1,3.4,4.2,5.9,
花蓮,2024/10/07 00:00:00,NOx,2.5,2.4,2.3,2.3,2.4,2.9,4.3,4.4,5,8.4,10.8,6.8,4.9,4.3,5.2,5.5,4.9,5.2,6,5.2,5.2,4.6,5.4,7.1,
花蓮,2024/10/07 00:00:00,O3,6,5.5,5.6,4.9,4.5,3.6,3.8,5.1,10.1,16.7,16.1,20.8,24.4,25.5,23.3,20.3,20.8,20.6,20.5,24,26.5,29.1,20.7,12.6,
花蓮,2024/10/07 00:00:00,PM10,19,14,21,18,22,17,15,16,15,20,18,23,17,18,13,15,13,13,15,16,19,17,15,17,
花蓮,2024/10/07 00:00:00,PM2.5,1,1,2,2,0,2,2,1,2,2,2,1,3,2,1,0,0,2,3,1,3,4,4,3,
花蓮,2024/10/07 00:00:00,RAINFALL,0,0,0,0,0,0,0,0,0,0,0,0,0,0,0,0,0,0,0,0,0,0,0,0,
花蓮,2024/10/07 00:00:00,RH,89,90,90,91,91,90,89,87,76,67,64,65,69,77,75,76,78,79,80,80,85,88,88,88,
花蓮,2024/10/07 00:00:00,SO2,0.8,0.7,0.6,0.8,0.9,0.8,0.5,0.9,1,0.8,1.1,0.7,0.4,0.5,0.4,0.4,0.5,0.7,0.8,0.9,1,1,1.4,1.5,
花蓮,2024/10/07 00:00:00,THC,1.89,1.9,1.91,1.91,1.92,1.92,1.92,1.95,1.88,1.89,1.85,1.86,1.86,1.86,1.85,1.86,1.87,1.87,1.88,1.87,1.88,1.9,1.89,1.91,
花蓮,2024/10/07 00:00:00,WD_HR,224,225,228,224,224,231,219,216,216,82,97,88,82,64,47,59,55,42,49,48,36,38,334,309,
花蓮,2024/10/07 00:00:00,WIND_DIREC,219,222,232,215,223,233,210,219,185,87,88,82,76,42,59,66,54,57,53,45,46,337,350,283,
花蓮,2024/10/07 00:00:00,WIND_SPEED,2,1.7,2.2,2.1,1.3,1.8,2.3,2.3,0.7,2.8,3.6,2.9,2.7,2.3,3.1,3,3.2,2.8,2.3,2.7,2.4,1.5,1.5,0.4,
花蓮,2024/10/07 00:00:00,WS_HR,1.5,1.5,1.7,1.3,1.4,1.5,2,2.4,1.6,1.4,2.7,2.9,2.6,2.4,2.1,2.2,2.4,1.9,1.9,1.9,1.6,1.1,1.3,0.6,
花蓮,2024/10/08 00:00:00,AMB_TEMP,25.3,25,25.1,25,24.8,24.2,24.2,26,28,28.4,28.7,28.1,26.9,26.2,26.2,25.6,25.2,25.3,25.1,25.1,25,25.1,25.1,24.8,
花蓮,2024/10/08 00:00:00,CH4,1.93,1.93,1.92,1.92,1.92,1.95,1.96,1.91,1.9,1.91,1.91,1.9,1.91,1.93,1.94,1.94,1.94,1.94,1.95,1.96,1.96,1.97,1.98,1.98,
花蓮,2024/10/08 00:00:00,CO,0.19,0.15,0.19,0.21,0.19,0.16,0.19,0.24,0.28,0.2,0.16,0.16,0.17,0.18,0.19,0.2,0.22,0.24,0.23,0.24,0.25,0.28,0.26,0.28,
花蓮,2024/10/08 00:00:00,NMHC,0.01,0.01,0,0.01,0.02,0,0,0.01,0,0,0,0,0,0,0,0,0,0,0,0,0,0,0,0,
花蓮,2024/10/08 00:00:00,NO,1,1,0.9,1,1.1,1.2,2.6,3.5,3.6,2.4,1.4,1.4,1.4,1.1,1.1,1.1,1.1,1,1,1.1,1,1,0.9,1,
花蓮,2024/10/08 00:00:00,NO2,4.2,2.7,5.4,6.2,4.9,3.3,2.9,2.7,4.5,3.8,2,1.9,2,1.8,2.6,2.2,2.8,3.6,2.9,2.6,2.6,3.9,3.2,3.1,
花蓮,2024/10/08 00:00:00,NOx,5.3,3.8,6.4,7.2,6.1,4.6,5.6,6.2,8.1,6.2,3.5,3.4,3.4,3,3.7,3.4,4,4.6,4,3.7,3.7,4.9,4.1,4.1,
花蓮,2024/10/08 00:00:00,O3,9.6,8.5,7.5,6.5,6.3,4.5,3.8,8.4,24.1,35.4,41.3,39.5,43.1,50.2,50.2,50.9,51.5,49,55,56.1,56.8,51.9,55.2,45.5,
花蓮,2024/10/08 00:00:00,PM10,18,17,21,16,17,15,19,20,14,15,20,14,11,24,26,25,18,20,15,18,17,13,23,19,
花蓮,2024/10/08 00:00:00,PM2.5,3,2,0,0,1,1,2,2,1,1,6,4,1,5,4,4,6,4,2,4,5,5,7,6,
花蓮,2024/10/08 00:00:00,RAINFALL,0,0,0,0,0,0,0,0,0,0,0,0,0,0,0,0,0,0,0,0,0,0,0,0,
花蓮,2024/10/08 00:00:00,RH,88,89,89,89,89,89,89,86,75,75,76,77,84,87,86,87,87,86,87,87,87,86,86,87,
花蓮,2024/10/08 00:00:00,SO2,1.3,1,1.1,1.1,1.1,1,1,1,1.5,1.5,0.6,0.6,0.4,0.6,0.7,0.8,1,1.1,1,1.2,1.1,1.4,1.4,1.6,
花蓮,2024/10/08 00:00:00,THC,1.94,1.94,1.92,1.93,1.94,1.95,1.96,1.92,1.9,1.89,1.89,1.89,1.9,1.92,1.93,1.93,1.94,1.94,1.94,1.95,1.95,1.96,1.97,1.97,
花蓮,2024/10/08 00:00:00,WD_HR,193,170,317,276,255,231,229,222,71,54,59,58,53,51,53,53,50,49,51,54,48,48,38,224,
花蓮,2024/10/08 00:00:00,WIND_DIREC,235,256,298,270,218,239,222,302,71,58,37,51,47,58,51,49,53,41,52,68,70,15,61,234,
花蓮,2024/10/08 00:00:00,WIND_SPEED,1.2,0.4,1.2,1.2,1.3,1.5,1.8,0.8,2.8,3.5,3.2,3.4,3.6,3.5,3.5,4,4,3.5,4.1,3.3,2.1,2.1,1.7,2.2,
花蓮,2024/10/08 00:00:00,WS_HR,0.5,0.3,0.4,1,0.8,1.2,1.9,1.3,1.6,2.5,2.7,2.7,3,3.3,3,3.1,3.1,2.8,3,2.5,2.3,1.7,1.9,0.7,
花蓮,2024/10/09 00:00:00,AMB_TEMP,24.7,25.1,24.7,24.6,24.3,24.2,24.4,25.6,27.4,27.6,27.7,27.3,26.6,26.1,25.8,25.5,25.4,25.4,25.4,25.1,24.9,24.4,24.1,23.9,
花蓮,2024/10/09 00:00:00,CH4,1.98,1.99,2,1.99,2,2,2,2,1.98,1.97,1.96,1.96,1.96,1.95,1.95,1.96,1.96,1.96,1.97,1.97,1.99,1.99,1.99,2.04,
花蓮,2024/10/09 00:00:00,CO,0.27,0.26,0.27,0.26,0.26,0.27,0.29,0.32,0.31,0.26,0.25,0.24,0.24,0.22,0.22,0.23,0.3,0.33,0.43,0.41,0.38,0.3,0.28,0.26,
花蓮,2024/10/09 00:00:00,NMHC,0,0,0,0,0.01,0.01,0.01,0.02,0.01,0,0.01,0.01,0,0,0,0,0.02,0.03,0.03,0.04,0.04,0.01,0.01,0,
花蓮,2024/10/09 00:00:00,NO,1,0.5,0.4,0.6,0.6,0.4,0.4,1,1.7,1.5,0.9,0.8,0.8,0.7,0.7,0.7,0.6,0.6,0.6,0.7,0.7,0.6,0.5,0.7,
花蓮,2024/10/09 00:00:00,NO2,2.7,2.6,3.3,2.9,3.3,3.4,3.6,5.1,6.6,5.2,3.4,3.7,3.7,3.1,4,4.4,5.5,7.2,9.5,9.4,8.4,4.9,3.6,3,
花蓮,2024/10/09 00:00:00,NOx,3.7,3.2,3.8,3.5,3.9,3.9,4.1,6.1,8.3,6.7,4.4,4.6,4.6,3.9,4.7,5.2,6.2,7.8,10.2,10.1,9.1,5.5,4.1,3.7,
花蓮,2024/10/09 00:00:00,O3,44,51.6,43.3,44.9,41.4,35.8,35.2,37,42.8,49.4,54.1,53.8,52.7,52.6,53.3,51.2,49.8,47.2,41.4,35.7,28.4,25.5,23.3,22.8,
花蓮,2024/10/09 00:00:00,PM10,15,19,19,19,20,19,14,19,23,21,28,24,21,27,30,20,21,24,26,26,25,26,20,24,
花蓮,2024/10/09 00:00:00,PM2.5,4,2,1,2,3,2,3,3,1,3,5,4,8,7,4,6,6,6,7,6,8,6,8,10,
花蓮,2024/10/09 00:00:00,RAINFALL,0,0,0,0,0,0,0,0,0,0,0,0,0,0,0,0,0,0,0,0,0,0,0,0,
花蓮,2024/10/09 00:00:00,RH,87,82,80,80,83,87,87,80,66,63,62,65,73,75,76,77,76,77,77,78,80,85,87,88,
花蓮,2024/10/09 00:00:00,SO2,1.6,1.6,1.5,1.8,1.7,1.7,1.8,1.8,2.4,2.2,1.5,1.2,1.1,1.1,1.4,1.3,1.6,2,2.6,2.7,2.2,1.8,1.6,1.6,
花蓮,2024/10/09 00:00:00,THC,1.97,1.97,1.99,1.98,2.01,2.01,2.01,2.02,1.99,1.97,1.97,1.97,1.96,1.95,1.95,1.96,1.98,1.99,2,2.01,2.03,2,2,2.04,
花蓮,2024/10/09 00:00:00,WD_HR,236,53,271,252,246,245,221,220,70,65,49,43,61,52,43,66,48,59,28,299,211,211,215,220,
花蓮,2024/10/09 00:00:00,WIND_DIREC,41,5,277,234,254,222,232,138,67,47,45,66,55,37,43,68,35,28,335,240,207,211,213,226,
花蓮,2024/10/09 00:00:00,WIND_SPEED,2.1,1.4,1.4,1.5,1.7,0.8,2.1,1,3.3,2.6,3.3,3.4,3,2.6,2.7,2.1,1.9,1.5,1.3,0.3,1.7,1.8,1.8,2,
花蓮,2024/10/09 00:00:00,WS_HR,0.2,1.3,0.9,0.8,1.5,0.8,1.8,1.2,1.6,2.1,2.6,2.1,2.3,2.3,2,1.7,1.7,1.3,0.9,0.5,0.9,1.6,1.9,1.8,
花蓮,2024/10/10 00:00:00,AMB_TEMP,23.7,23.9,23.9,23.7,23.5,23.2,23.7,23.7,23.7,25.3,26.1,25.7,25.3,24.9,24.8,24.7,24.2,24.3,23.9,23.4,23.2,23.3,22.9,22.9,
花蓮,2024/10/10 00:00:00,CH4,2.02,1.98,2,1.98,1.97,1.97,1.98,1.98,1.97,1.97,1.97,1.98,1.97,1.98,1.97,1.97,1.97,1.98,1.98,1.99,1.98,1.99,2,2.01,
花蓮,2024/10/10 00:00:00,CO,0.27,0.25,0.24,0.24,0.26,0.24,0.28,0.29,0.3,0.26,0.24,0.25,0.25,0.25,0.25,0.25,0.3,0.32,0.35,0.34,0.3,0.32,0.26,0.26,
花蓮,2024/10/10 00:00:00,NMHC,0,0,0,0,0,0,0.02,0.02,0.02,0.01,0,0,0,0,0.01,0.01,0.04,0.04,0.05,0.04,0.05,0.05,0.02,0.01,
花蓮,2024/10/10 00:00:00,NO,0.6,0.4,0.4,0.4,0.4,0.4,0.5,0.9,1.1,1.1,0.8,0.6,0.5,0.6,0.4,0.3,0.5,0.4,0.5,0.4,0.4,0.7,0.6,0.5,
花蓮,2024/10/10 00:00:00,NO2,3.1,2.4,2.3,2,2,3.1,6.4,7.6,7.5,6.2,3.6,3.8,3.9,4.2,4.2,4,5.6,6.1,8.1,7.8,6.5,6.4,4.4,4.1,
花蓮,2024/10/10 00:00:00,NOx,3.7,2.8,2.7,2.4,2.4,3.6,6.9,8.5,8.7,7.3,4.5,4.4,4.4,4.8,4.7,4.3,6.1,6.6,8.7,8.3,6.9,7.1,5,4.6,
花蓮,2024/10/10 00:00:00,O3,26.2,29,24.6,27,37.7,36.5,33.7,38.4,38.7,49.3,56.6,57.2,57.1,57.4,57.5,58.6,52.4,52.2,44.5,40.9,41.9,38,35.2,31.9,
花蓮,2024/10/10 00:00:00,PM10,24,24,24,18,21,18,23,25,18,24,27,27,33,33,27,34,30,30,29,29,28,30,23,24,
花蓮,2024/10/10 00:00:00,PM2.5,7,4,5,6,5,6,5,8,5,2,5,7,8,6,8,9,8,6,9,10,10,8,15,8,
花蓮,2024/10/10 00:00:00,RAINFALL,0,0,0,0,0,0,0,0,0,0,0,0,0,0,0,0,0,0,0,0,0,0,0,0,
花蓮,2024/10/10 00:00:00,RH,89,88,88,88,89,89,87,87,87,79,69,71,74,75,73,73,76,74,77,80,84,83,87,88,
花蓮,2024/10/10 00:00:00,SO2,1.6,1,0.9,0.9,1,1,1.3,1.1,1.1,1.2,1.2,1.3,1.3,1.1,1.2,1.1,1.1,1.2,1.1,1.2,1.2,1.1,1.2,1.2,
花蓮,2024/10/10 00:00:00,THC,2.02,1.98,2,1.98,1.96,1.96,2,2,1.99,1.98,1.97,1.98,1.97,1.98,1.98,1.98,2.01,2.02,2.03,2.03,2.03,2.04,2.02,2.02,
花蓮,2024/10/10 00:00:00,WD_HR,224,239,220,273,283,294,301,296,288,46,64,71,66,65,49,46,354,23,315,280,247,248,220,250,
花蓮,2024/10/10 00:00:00,WIND_DIREC,239,213,234,284,291,299,351,286,285,70,79,56,55,69,48,22,30,317,303,275,249,251,229,243,
花蓮,2024/10/10 00:00:00,WIND_SPEED,1.4,0.9,1.7,1.9,2.3,1.3,0.8,1.9,1.3,3,3.2,2.7,3.1,2.6,2.7,2.5,1.9,0.6,1.1,1.4,1.4,1.2,1.7,0.8,
花蓮,2024/10/10 00:00:00,WS_HR,1.8,0.8,1.4,1.3,1.6,1.3,0.8,1.2,1.4,1.6,2.4,2.8,2.4,2.3,1.7,2.1,1,1.2,0.8,1.6,1.3,1,1.5,1.2,
花蓮,2024/10/11 00:00:00,AMB_TEMP,22.8,22.7,22.6,22.5,22.5,22.8,23.3,23.4,25.3,26,26.3,26,25.8,25.6,25.5,25.3,24.8,24.2,24.2,24.1,23.5,23.3,23.3,23.1,
花蓮,2024/10/11 00:00:00,CH4,2,2.01,2.02,2.03,2.01,2,1.99,2.02,1.97,#,1.96,1.96,1.97,1.97,1.98,1.97,1.98,1.98,1.98,1.98,1.99,2.02,2.01,2.02,
花蓮,2024/10/11 00:00:00,CO,0.24,0.23,0.21,0.21,0.2,0.22,0.29,0.35,0.33,0.25,0.26,#,0.29,0.3,0.29,0.3,0.42,0.45,0.48,0.4,0.32,0.34,0.29,0.29,
花蓮,2024/10/11 00:00:00,NMHC,0.01,0.01,0,0,0,0.01,0.04,0.05,0.03,#,0.01,0.01,0.01,0.01,0.01,0.03,0.07,0.05,0.08,0.04,0.02,0.03,0.01,0.01,
花蓮,2024/10/11 00:00:00,NO,0.4,0.5,0.5,0.6,0.6,0.6,0.6,1.4,2.3,1.3,0.9,#,0.6,0.6,0.6,0.6,1,0.8,0.7,0.6,0.6,0.7,0.6,#,
花蓮,2024/10/11 00:00:00,NO2,4.2,3,2.1,1.9,1.9,2.6,5.5,6.8,9.7,6.1,4,#,4.7,4.8,5.4,5.8,10.7,10.9,11.3,8.9,5.2,6,4.2,#,
花蓮,2024/10/11 00:00:00,NOx,4.6,3.6,2.7,2.5,2.5,3.2,6.1,8.2,12,7.4,5,#,5.4,5.4,6.1,6.4,11.7,11.8,12.1,9.6,5.8,6.7,4.8,#,
花蓮,2024/10/11 00:00:00,O3,29,27.3,28.5,29.1,26.7,23.7,23.5,21.3,37.3,54.8,#,58.1,60.1,62.2,60.5,55.5,45.8,47.5,41.1,44.7,40.9,39.6,40.2,#,
花蓮,2024/10/11 00:00:00,PM10,25,25,22,21,19,25,18,23,29,#,34,33,35,36,41,37,39,36,30,33,32,36,25,30,
花蓮,2024/10/11 00:00:00,PM2.5,7,5,4,7,9,6,5,4,6,5,#,10,13,14,17,11,11,14,14,11,14,13,11,11,
花蓮,2024/10/11 00:00:00,RAINFALL,0,0,0,0,0,0,0,0,0,#,0,0,0,0,0,0,0,0,0,0,0,0,0,0,
花蓮,2024/10/11 00:00:00,RH,88,88,88,88,88,87,86,87,71,67,67,68,69,69,70,71,75,77,77,78,87,88,88,88,
花蓮,2024/10/11 00:00:00,SO2,1.2,1.1,1.2,1.4,1.3,1.2,1.3,1.5,2,1.5,1.2,#,1.3,1.4,1.4,1.3,1.5,1.7,1.4,1.6,1.4,1.5,1.5,#,
花蓮,2024/10/11 00:00:00,THC,2.01,2.02,2.01,2.02,2,2.01,2.03,2.07,2,#,1.97,1.97,1.98,1.98,1.99,2,2.05,2.03,2.06,2.02,2.01,2.05,2.02,2.03,
花蓮,2024/10/11 00:00:00,WD_HR,228,223,230,231,227,257,252,260,52,52,43,49,43,50,54,15,306,298,281,229,223,227,219,229,
花蓮,2024/10/11 00:00:00,WIND_DIREC,245,214,226,255,226,293,241,337,60,60,56,55,40,68,52,312,304,282,278,215,220,221,230,223,
花蓮,2024/10/11 00:00:00,WIND_SPEED,1.3,1.6,2.2,1.3,1.8,0.7,1.6,0.9,2.1,3,3,2.6,2.7,1.8,2.7,1.9,2.4,1.2,2.2,2.4,1.4,1.7,1.9,1.6,
花蓮,2024/10/11 00:00:00,WS_HR,1.4,1.2,1.8,1.7,1.5,0.7,1,1.1,0.9,2,2.3,2.4,2,1.8,1.8,1.3,1.6,1.7,1.7,1.5,1.9,1.5,1.8,1.8,
花蓮,2024/10/12 00:00:00,AMB_TEMP,23.1,23.1,22.8,23,23.1,23,22.8,23.8,25,26.6,27.8,29.2,29.6,28.2,27.7,27.4,26.9,26.7,26.3,26.2,26,25.6,25.3,24.7,
花蓮,2024/10/12 00:00:00,CH4,2.01,2.01,2.02,2.03,2.01,2.01,2.02,2.04,2.01,2.01,1.98,1.94,1.94,1.94,1.93,1.93,1.94,1.94,1.96,1.97,1.97,1.97,1.98,1.97,
花蓮,2024/10/12 00:00:00,CO,0.25,0.25,0.24,0.23,0.23,0.25,0.28,0.29,0.26,0.29,0.28,0.21,0.19,0.18,0.2,0.2,0.25,0.27,0.37,0.4,0.39,0.39,0.32,0.2,
花蓮,2024/10/12 00:00:00,NMHC,0,0,0,0,0,0.01,0.02,0.02,0.01,0.03,0.02,0,0,0,0,0,0.01,0.02,0.07,0.1,0.08,0.11,0.08,0,
花蓮,2024/10/12 00:00:00,NO,0.4,0.7,0.5,0.5,0.5,0.6,0.8,1.5,1.6,1.9,2,1.4,1.1,1,0.9,0.9,0.7,0.6,1,1.1,1,1,0.8,0.7,
花蓮,2024/10/12 00:00:00,NO2,2.7,2.7,2.1,1.5,1.7,2.7,3.6,4.4,4,5.4,7,3.8,2.6,2.7,2.9,3,5,7,12,12.4,12.4,12,10.4,3,
花蓮,2024/10/12 00:00:00,NOx,3.1,3.4,2.7,2.1,2.2,3.3,4.4,5.9,5.7,7.4,9,5.2,3.7,3.7,3.8,3.9,5.7,7.6,13,13.5,13.4,13,11.3,3.8,
花蓮,2024/10/12 00:00:00,O3,32.2,33,28.3,29.5,26.3,20.6,18.8,17.9,23,29.1,41.4,50.6,50.6,49.8,48.9,47.8,43.7,41,24.8,20,19.9,18.1,16.7,19,
花蓮,2024/10/12 00:00:00,PM10,27,25,30,20,26,25,23,23,23,27,26,25,15,17,20,22,20,27,31,27,25,27,26,19,
花蓮,2024/10/12 00:00:00,PM2.5,12,8,10,9,8,8,8,12,8,5,6,6,4,3,3,3,4,8,9,7,8,8,4,2,
花蓮,2024/10/12 00:00:00,RAINFALL,0,0,0,0,0,0,0,0,0,0,0,0,0,0,0,0,0,0,0,0,0,0,0,0,
花蓮,2024/10/12 00:00:00,RH,88,88,89,88,88,88,89,87,85,75,65,60,60,66,69,71,76,75,75,75,75,77,79,81,
花蓮,2024/10/12 00:00:00,SO2,x,0.6,0.7,0.7,0.7,0.6,0.7,0.8,0.8,1,1.2,0.9,0.5,0.3,0.5,0.7,0.7,0.9,1.1,1,1.1,1.1,1.1,0.9,
花蓮,2024/10/12 00:00:00,THC,2.01,2.01,2,2.01,2,2.02,2.04,2.06,2.02,2.04,2,1.94,1.93,1.92,1.92,1.93,1.95,1.96,2.03,2.07,2.05,2.08,2.06,1.97,
花蓮,2024/10/12 00:00:00,WD_HR,224,231,224,221,225,231,227,229,217,212,45,37,76,68,48,48,41,50,297,276,280,265,208,223,
花蓮,2024/10/12 00:00:00,WIND_DIREC,226,226,219,226,234,219,213,226,225,176,7,74,83,39,66,59,11,72,276,293,278,267,205,230,
花蓮,2024/10/12 00:00:00,WIND_SPEED,1.7,1.8,2,1.5,2,1.9,1.3,2.2,2.3,1.4,2.1,2.6,2.5,2.1,1.9,2.2,1.6,0.8,1.3,0.8,1.2,0.8,1.4,2.2,
花蓮,2024/10/12 00:00:00,WS_HR,1.8,1.5,1.9,1.9,1.7,1.3,1.6,2,2.4,1.1,0.6,1.4,2.1,1.9,1.4,1.4,1.4,1.1,1.3,1.1,1.1,1,0.8,1.8,
花蓮,2024/10/13 00:00:00,AMB_TEMP,24.7,24.4,24.3,24,23.6,24,24.5,25.1,27,29.5,30.2,29.6,29.9,29.1,29.1,28.1,27.5,27.6,27.4,27.3,27,26.5,25.8,25.4,
花蓮,2024/10/13 00:00:00,CH4,1.98,1.98,2.1,2.05,2.06,1.99,1.98,1.99,1.99,1.95,1.92,1.92,1.92,1.91,1.92,1.91,1.92,1.93,1.94,1.94,1.95,1.96,1.96,1.97,
花蓮,2024/10/13 00:00:00,CO,0.21,0.19,0.18,0.19,0.18,0.17,0.19,0.21,0.22,0.21,0.17,0.18,0.17,0.16,0.16,0.16,0.19,0.24,0.27,0.27,0.29,0.33,0.24,0.24,
花蓮,2024/10/13 00:00:00,NMHC,0,0,0,0.02,0,0,0,0,0.01,0,0,0,0,0,0,0,0,0.02,0.04,0.04,0.04,0.07,0.03,0.04,
花蓮,2024/10/13 00:00:00,NO,0.8,0.7,0.6,0.7,0.8,0.6,0.8,1.2,1.5,1.2,1,1,1,0.9,1,0.9,0.9,0.8,1.1,1.1,0.8,1.1,0.9,0.9,
花蓮,2024/10/13 00:00:00,NO2,3,2.6,2.3,3.1,2.6,2.1,1.9,2.3,2.7,2.8,2.1,1.8,1.3,1.5,2.5,1.8,3.2,5.3,6.4,5.9,5.9,8.6,5.4,4.8,
花蓮,2024/10/13 00:00:00,NOx,3.8,3.4,2.9,3.9,3.4,2.7,2.8,3.6,4.3,4,3.1,2.8,2.3,2.4,3.6,2.7,4.2,6.1,7.5,7,6.8,9.7,6.3,5.8,
花蓮,2024/10/13 00:00:00,O3,18.6,17,16.5,12.2,12.4,A,11.2,11.6,#,34.8,37.5,41.8,39.4,37.7,35.2,35.4,34,31.2,28.6,20.5,16.8,12.3,11.1,11,
花蓮,2024/10/13 00:00:00,PM10,26,21,20,17,20,10,12,17,18,19,20,22,17,11,9,22,15,25,19,19,27,28,21,21,
花蓮,2024/10/13 00:00:00,PM2.5,3,3,4,4,6,7,3,0,2,2,8,9,5,3,5,10,9,9,8,11,15,12,9,9,
花蓮,2024/10/13 00:00:00,RAINFALL,0,0,0,0,0,0,0,0,0,0,0,0,0,0,0,0,0,0,0,0,0,0,0,0,
花蓮,2024/10/13 00:00:00,RH,84,87,88,88,89,88,87,86,77,65,67,70,68,69,67,78,79,78,80,79,78,80,86,87,
花蓮,2024/10/13 00:00:00,SO2,0.9,1,1.2,1.2,1.2,1,1.2,1.2,1.4,1.3,0.9,0.8,0.7,0.7,0.8,0.9,1,1,1.2,1.1,1.2,1.3,1.2,1.2,
花蓮,2024/10/13 00:00:00,THC,1.98,1.98,2.09,2.07,2.06,1.98,1.98,1.99,2,1.95,1.9,1.9,1.9,1.9,1.89,1.88,1.91,1.95,1.98,1.98,1.99,2.03,1.99,2.01,
花蓮,2024/10/13 00:00:00,WD_HR,227,218,230,230,230,228,219,216,219,156,102,120,124,124,108,99,98,16,319,290,237,249,229,250,
花蓮,2024/10/13 00:00:00,WIND_DIREC,232,201,250,215,235,221,229,210,209,109,106,124,131,104,103,115,341,51,292,272,213,211,238,222,
花蓮,2024/10/13 00:00:00,WIND_SPEED,2.1,1.5,1.3,1.8,2.2,2.1,2.1,1.6,1.8,2.6,2.6,1.8,1.7,1.9,3.2,1.7,1.4,1.4,2,1.6,1.4,1,1.5,1,
花蓮,2024/10/13 00:00:00,WS_HR,1.8,1.5,1.6,1.1,2,1.8,1.8,1.8,1.7,0.7,2.4,2.2,1.5,1.7,2,2.3,0.9,0.9,0.9,1.3,0.9,0.9,1.1,1.1,
花蓮,2024/10/14 00:00:00,AMB_TEMP,24.8,24.7,24.5,24.1,23.9,23.7,24.1,25.5,27.6,29.6,30.8,30.1,30.3,30.3,30,29.4,28.2,27.9,27.5,27.5,27,26.5,25.5,25,
花蓮,2024/10/14 00:00:00,CH4,1.96,1.97,1.97,1.96,1.94,1.96,1.96,1.95,1.95,1.96,1.93,1.91,1.91,1.91,1.9,1.9,1.9,1.91,1.91,1.93,1.94,1.94,1.95,1.93,
花蓮,2024/10/14 00:00:00,CO,0.19,0.15,0.14,0.15,0.13,0.15,0.17,0.18,0.17,0.16,0.17,0.14,0.14,0.14,0.13,0.14,0.18,0.2,0.2,0.28,0.25,0.24,0.18,0.14,
花蓮,2024/10/14 00:00:00,NMHC,0.01,0,0,0,0,0,0,0,0,0,0,0,0,0,0,0,0,0.02,0.01,0.07,0.06,0.07,0.01,0.01,
花蓮,2024/10/14 00:00:00,NO,0.8,0.5,0.6,0.6,0.5,0.7,0.9,1.6,1.7,1.6,1.5,0.7,0.8,0.7,0.8,0.8,0.7,0.7,0.7,0.8,1.2,0.9,0.8,0.7,
花蓮,2024/10/14 00:00:00,NO2,3.7,1.4,1.2,1.4,1.3,1.5,2.1,1.9,1.9,2.4,2.8,1.4,1.4,1.2,1.4,1.8,1.8,3,4.2,5.5,6.9,6.3,4.6,2.7,
花蓮,2024/10/14 00:00:00,NOx,4.5,2,1.9,2,1.8,2.2,3,3.6,3.7,4,4.4,2.1,2.3,2,2.2,2.6,2.6,3.7,4.9,6.4,8.1,7.2,5.5,3.5,
花蓮,2024/10/14 00:00:00,O3,11.8,13.1,13.4,12.6,9.9,8.7,9.9,10.9,15.4,23.9,33.3,38.3,40.9,41.4,39.1,37.4,38.8,38.8,39.4,26,18.6,16.4,13.8,13,
花蓮,2024/10/14 00:00:00,PM10,25,17,18,22,20,16,18,18,20,16,23,21,12,17,16,16,15,22,21,17,21,23,23,17,
花蓮,2024/10/14 00:00:00,PM2.5,8,8,11,11,8,7,8,7,4,3,5,6,5,7,6,3,4,7,7,9,7,7,7,9,
花蓮,2024/10/14 00:00:00,RAINFALL,0,0,0,0,0,0,0,0,0,0,0,0,0,0,0,0,0,0,0,0,0,0,0,0,
花蓮,2024/10/14 00:00:00,RH,88,87,87,88,87,87,87,83,71,64,59,63,67,67,69,70,77,78,81,81,76,79,87,86,
花蓮,2024/10/14 00:00:00,SO2,1.3,1,0.9,1,1,1,1,0.9,1.1,1.1,3.5,0.5,0.6,0.6,0.6,0.6,0.8,1,1,1.1,1.1,0.9,1.1,1.2,
花蓮,2024/10/14 00:00:00,THC,1.97,1.96,1.95,1.96,1.93,1.96,1.96,1.95,1.95,1.96,1.92,1.89,1.88,1.88,1.88,1.88,1.89,1.93,1.92,2,2,2.01,1.96,1.94,
花蓮,2024/10/14 00:00:00,WD_HR,223,229,225,226,224,227,216,214,211,195,117,111,96,96,104,111,114,151,145,279,299,246,227,215,
花蓮,2024/10/14 00:00:00,WIND_DIREC,229,223,235,230,217,229,213,211,187,175,120,110,86,112,113,108,110,118,183,289,289,207,222,217,
花蓮,2024/10/14 00:00:00,WIND_SPEED,1.6,2.3,2.3,2.2,1.9,2.2,2.6,2.8,1.9,1.4,2.4,2,2.9,2.3,1.7,1.3,0.8,0.6,0.4,1.2,1.7,1.6,2,1.5,
花蓮,2024/10/14 00:00:00,WS_HR,1.5,1.9,2,1.9,1.7,1.8,2.1,2.7,2.3,1.4,1.6,2.3,2.3,2.2,2.3,1.8,1.2,0.4,0.5,0.9,1.3,1.2,1.8,1.4,
花蓮,2024/10/15 00:00:00,AMB_TEMP,25,24.8,24.7,24.4,24.2,24,24,25,27.6,29.3,30.3,30.6,30.4,29.5,28.9,28.5,27.9,25.9,25.3,25.3,26,25.3,25.2,25.2,
花蓮,2024/10/15 00:00:00,CH4,1.94,1.93,1.96,1.95,1.95,1.96,2.01,1.97,1.98,1.94,1.91,1.92,1.9,1.9,1.9,1.91,1.91,1.91,1.91,1.92,1.93,1.93,1.92,1.94,
花蓮,2024/10/15 00:00:00,CO,0.14,0.15,0.14,0.14,0.14,0.14,0.2,0.26,0.23,0.26,0.24,0.22,0.16,0.15,0.17,0.18,0.21,0.26,0.22,0.22,0.24,0.22,0.23,0.19,
花蓮,2024/10/15 00:00:00,NMHC,0,0,0,0,0,0,0.01,0.04,0.02,0,0,0,0,0,0.02,0.02,0.03,0.03,0.02,0.02,0.03,0.02,0.04,0.02,
花蓮,2024/10/15 00:00:00,NO,0.6,0.3,0.5,0.4,0.6,0.5,1.3,3.1,3.6,3.6,2.8,1.9,1.4,0.9,A,0.7,0.7,0.9,1,0.8,0.7,0.5,0.7,0.6,
花蓮,2024/10/15 00:00:00,NO2,1.5,1.5,1.5,1.6,1.5,1.8,3,4.9,4.7,6.8,6.3,4.7,3.3,2,A,3.9,5.3,6,6.1,5.3,5.6,6.2,7.8,4.8,
花蓮,2024/10/15 00:00:00,NOx,2.1,1.8,2.1,2,2.1,2.4,4.3,8.1,8.4,10.4,9.1,6.7,4.7,2.9,A,4.7,6,6.9,7.1,6.2,6.3,6.7,8.6,5.4,
花蓮,2024/10/15 00:00:00,O3,15,14.5,13.8,14.7,13,12.6,8.8,9,14.7,24.5,31.3,36.8,39.2,39.5,38.6,38.1,33.6,32.9,31.6,30.3,31.2,30.6,29.5,22.9,
花蓮,2024/10/15 00:00:00,PM10,19,12,14,16,14,17,18,21,21,25,20,25,21,23,19,23,27,11,9,9,14,18,12,16,
花蓮,2024/10/15 00:00:00,PM2.5,6,4,6,6,8,5,3,7,6,7,5,3,2,6,4,2,5,5,3,0,1,4,6,5,
花蓮,2024/10/15 00:00:00,RAINFALL,0,0,0,0,0,0,0,0,0,0,0,0,0,0,0,0,0,0,0.5,0.5,0,0.5,0,0,
花蓮,2024/10/15 00:00:00,RH,78,77,78,84,83,82,86,79,70,69,68,67,69,73,76,77,77,89,91,92,88,91,91,91,
花蓮,2024/10/15 00:00:00,SO2,1.2,1.3,1.3,1.4,1.4,1.2,1.3,1.4,2.3,1.6,1.5,1.3,1.1,0.9,1.1,1.3,1.2,1.1,1.3,1.3,1.2,1.2,1.4,1.2,
花蓮,2024/10/15 00:00:00,THC,1.93,1.92,1.95,1.94,1.94,1.95,2.02,2.01,2,1.94,1.9,1.91,1.88,1.88,1.92,1.93,1.94,1.94,1.93,1.94,1.96,1.95,1.96,1.96,
花蓮,2024/10/15 00:00:00,WD_HR,229,220,226,224,228,224,231,231,215,88,74,94,91,88,75,81,17,329,327,304,309,306,284,235,
花蓮,2024/10/15 00:00:00,WIND_DIREC,233,218,227,237,226,228,239,228,251,97,35,91,94,91,56,83,21,306,326,316,281,273,279,220,
花蓮,2024/10/15 00:00:00,WIND_SPEED,2.4,2.1,2.3,1.8,1.9,2.5,1.6,2.3,1,2.4,1.7,3.4,3.4,2.8,2.1,2.5,2.1,2.7,2.7,1.6,1.4,2,1.2,1.4,
花蓮,2024/10/15 00:00:00,WS_HR,1.8,2,1.9,2.1,1.7,2.2,1.4,1.9,1.2,1.2,1.8,2.6,2.8,2.7,1.9,1.8,1.2,2.1,2.5,1.8,1.3,1.5,1.3,1.2,
花蓮,2024/10/16 00:00:00,AMB_TEMP,25.2,25,24.8,24.8,24.7,24.7,24.7,26.2,28.5,30.2,30.6,30.6,30.6,30.1,29.2,28.3,28.2,27.8,27.1,26,26.3,26.6,26.9,26.7,
花蓮,2024/10/16 00:00:00,CH4,1.95,1.95,1.92,1.92,1.92,1.93,1.93,1.92,1.93,1.93,#,1.9,1.89,1.89,1.88,1.88,1.89,1.89,1.89,1.89,1.89,1.9,1.91,1.92,
花蓮,2024/10/16 00:00:00,CO,0.18,0.16,0.14,0.14,0.14,0.15,0.21,0.23,0.28,0.23,0.18,0.18,0.18,0.15,0.15,0.16,0.18,0.21,0.23,0.22,0.19,0.26,0.44,0.42,
花蓮,2024/10/16 00:00:00,NMHC,0.02,0,0,0,0,0,0.01,0.01,0.01,0,#,0.01,0,0.02,0.03,0.03,0.04,0.02,0.03,0.01,0,0.01,0.02,0.02,
花蓮,2024/10/16 00:00:00,NO,0.6,0.6,0.5,0.5,0.6,0.6,1.6,3,3.8,3.1,1.9,1.8,1.2,1,1.1,1.1,1,0.7,0.8,0.7,0.6,0.6,0.6,0.8,
花蓮,2024/10/16 00:00:00,NO2,3.6,2,1.4,1.4,1.4,1.6,3.6,3.3,4.9,6.4,3.6,3.9,2.5,2,2.3,2.7,3.1,4.1,4.8,4,3.2,4.6,10.8,10.2,
花蓮,2024/10/16 00:00:00,NOx,4.2,2.6,1.9,1.9,2,2.3,5.2,6.3,8.8,9.6,5.6,5.7,3.7,3,3.4,3.8,4.1,4.9,5.6,4.7,3.8,5.2,11.5,11.1,
花蓮,2024/10/16 00:00:00,O3,17,12.7,9,7.6,7.5,6.7,5.3,7.7,15.9,26.1,#,34.1,37.1,34.6,35,32.9,30.6,29.3,28.4,29.1,29.3,26.4,18.2,15.1,
花蓮,2024/10/16 00:00:00,PM10,19,20,17,24,20,18,16,19,21,#,20,21,18,14,13,14,10,12,11,7,21,17,13,17,
花蓮,2024/10/16 00:00:00,PM2.5,3,2,2,2,3,2,3,3,6,5,#,#,4,5,3,4,4,3,4,6,10,6,4,3,
花蓮,2024/10/16 00:00:00,RAINFALL,0,0,0,0,0,0,0,0,0,0,0,0,0,0,0,0,0,0,0,0,0,0,0,0,
花蓮,2024/10/16 00:00:00,RH,92,92,91,90,88,88,87,82,69,60,61,64,65,72,77,80,79,81,88,92,90,87,86,87,
花蓮,2024/10/16 00:00:00,SO2,1.3,0.7,0.6,0.7,0.7,0.8,0.8,0.9,1.1,1.2,#,#,1,0.9,1.1,1.3,1.6,1.5,1.5,1.6,1.7,1.8,2.5,2.5,
花蓮,2024/10/16 00:00:00,THC,1.97,1.94,1.9,1.91,1.91,1.92,1.94,1.93,1.94,1.92,#,1.91,1.89,1.91,1.91,1.91,1.93,1.91,1.92,1.9,1.89,1.91,1.93,1.94,
花蓮,2024/10/16 00:00:00,WD_HR,236,220,222,215,220,225,218,213,227,67,85,73,67,72,47,41,48,50,21,36,54,32,350,249,
花蓮,2024/10/16 00:00:00,WIND_DIREC,221,216,229,205,231,227,211,213,44,44,94,73,63,40,51,43,45,45,352,55,64,332,281,264,
花蓮,2024/10/16 00:00:00,WIND_SPEED,1.4,1.8,1.3,0.8,1.9,1.3,1.6,2.1,1.4,1.3,3.1,2.6,3,2.6,2.4,2.6,2.3,2.3,3.1,2.7,2.6,1.7,0.5,1.2,
花蓮,2024/10/16 00:00:00,WS_HR,1.1,1.5,1.5,1.1,1.7,1.4,1.4,1.7,0.5,0.7,2,2,2.1,2.4,2.2,2.2,1.9,2,1.8,2,2.3,1.5,0.6,0.9,
花蓮,2024/10/17 00:00:00,AMB_TEMP,26.3,25.6,25.3,25,24.8,24.5,24.8,25.7,28,30.1,30.9,30.4,30.1,30.2,29.9,29.8,28.8,28.4,28.2,28,27.9,27.6,27.3,26.8,
花蓮,2024/10/17 00:00:00,CH4,1.92,1.98,1.98,1.96,1.96,1.97,1.95,1.97,1.94,1.93,1.93,1.91,1.9,1.91,1.91,1.9,1.91,1.91,1.91,1.91,1.92,1.93,1.94,1.94,
花蓮,2024/10/17 00:00:00,CO,0.38,0.21,0.21,0.21,0.19,0.19,0.23,0.23,0.25,0.23,0.18,0.14,0.13,0.12,0.12,0.13,0.15,0.2,0.23,0.17,0.18,0.19,0.2,0.18,
花蓮,2024/10/17 00:00:00,NMHC,0.01,0,0,0,0,0,0,0,0,0,0,0,0,0,0,0,0,0,0.01,0,0,0,0.02,0.02,
花蓮,2024/10/17 00:00:00,NO,0.7,0.6,0.8,0.8,0.8,0.7,1.4,1.9,3.1,3.6,2.9,1.8,1.2,1,1.1,1.1,0.9,0.9,0.9,0.9,0.8,0.9,0.9,0.8,
花蓮,2024/10/17 00:00:00,NO2,7.8,3.5,3,3.1,2.5,2.4,3.4,2.7,4.5,6.5,6.2,3.6,1.7,1.2,1,1.9,2.5,5.3,4.4,3.9,4.4,4.3,4.6,4.6,
花蓮,2024/10/17 00:00:00,NOx,8.5,4.2,3.8,3.9,3.3,3.1,4.8,4.6,7.6,10.1,9.2,5.5,2.9,2.3,2.1,3.1,3.5,6.3,5.3,4.8,5.2,5.2,5.5,5.4,
花蓮,2024/10/17 00:00:00,O3,12.4,16.7,17.5,10.6,12.1,10,8.6,10.6,15,25.8,31.4,34.6,37.2,34.4,34.1,33.6,32.4,35.3,37.8,33,30.9,28.8,20.7,16.6,
花蓮,2024/10/17 00:00:00,PM10,17,13,16,21,17,18,21,18,15,23,24,20,14,17,14,20,16,26,18,24,18,16,20,17,
花蓮,2024/10/17 00:00:00,PM2.5,6,6,3,1,2,5,5,7,6,2,6,5,3,4,3,1,3,9,7,7,5,6,6,6,
花蓮,2024/10/17 00:00:00,RAINFALL,0,0,0,0,0,0,0,0,0,0,0,0,0,0,0,0,0,0,0,0,0,0,0,0,
花蓮,2024/10/17 00:00:00,RH,88,90,90,91,90,91,90,88,81,66,65,69,74,73,75,76,79,81,83,87,88,88,88,89,
花蓮,2024/10/17 00:00:00,SO2,2.4,1.5,1.5,1.3,1.3,1.3,1.1,1.1,1.4,1.7,1.4,0.8,0.6,0.4,0.5,0.6,0.8,1.3,1.1,1.2,1,1.1,1.1,1.1,
花蓮,2024/10/17 00:00:00,THC,1.93,1.97,1.95,1.94,1.94,1.95,1.95,1.97,1.94,1.93,1.91,1.88,1.87,1.87,1.87,1.87,1.88,1.91,1.92,1.91,1.91,1.93,1.96,1.96,
花蓮,2024/10/17 00:00:00,WD_HR,223,216,236,230,223,230,226,217,223,85,99,99,107,108,108,108,100,67,48,28,24,118,278,235,
花蓮,2024/10/17 00:00:00,WIND_DIREC,210,209,247,216,218,233,211,238,351,94,112,90,109,89,102,98,93,27,27,41,78,191,302,223,
花蓮,2024/10/17 00:00:00,WIND_SPEED,1.6,1.4,1.7,1.4,1.9,2.1,1.7,1.9,0.8,2.2,3.2,3.5,3,3.3,3,2.1,2.2,1.7,1.3,1.3,0.9,0.4,1.5,1.3,
花蓮,2024/10/17 00:00:00,WS_HR,1.1,1.5,1.4,1.4,1.7,1.8,1.7,2,1,1.3,2,3.1,2.7,2.8,2.9,2.1,2.1,1.5,1.1,0.9,0.8,0,0.8,0.9,
花蓮,2024/10/18 00:00:00,AMB_TEMP,26.1,25.9,25.5,25.3,25,24.8,25.2,26.5,28.4,29.8,30,30.3,30.4,30.1,30,29.7,28.8,28.4,28,27.7,27.5,27.2,26.3,25.8,
花蓮,2024/10/18 00:00:00,CH4,1.96,1.96,1.99,1.98,1.99,2.01,1.95,2,1.95,1.93,1.9,1.9,1.9,1.9,1.9,1.9,1.9,1.9,1.9,1.91,1.95,1.94,1.97,1.96,
花蓮,2024/10/18 00:00:00,CO,0.16,0.16,0.16,0.16,0.15,0.15,0.18,0.19,0.18,0.15,0.14,0.14,0.13,0.12,0.12,0.13,0.15,0.16,0.18,0.23,0.31,0.25,0.23,0.21,
花蓮,2024/10/18 00:00:00,NMHC,0,0,0,0,0,0,0,0,0,0,0,0,0,0,0,0,0,0,0,0.03,0.07,0.05,0.04,0.04,
花蓮,2024/10/18 00:00:00,NO,0.7,0.5,0.6,0.4,0.5,0.4,1.1,1.7,1.7,1.6,0.7,0.6,0.9,0.8,0.6,0.8,1,0.6,0.8,0.9,1.6,1.1,1,1,
花蓮,2024/10/18 00:00:00,NO2,2.9,2.4,2.3,1.8,1.9,2,2.6,2.1,2.2,1.6,1.1,1.1,0.9,0.8,0.9,1.2,1.9,3,3.5,5.6,9.1,6.3,7,6.1,
花蓮,2024/10/18 00:00:00,NOx,3.7,2.9,2.9,2.2,2.4,2.4,3.8,3.9,4,3.2,1.9,1.8,1.8,1.6,1.5,2.1,2.9,3.6,4.3,6.6,10.8,7.5,8.1,7.2,
花蓮,2024/10/18 00:00:00,O3,13,13.2,11.8,14.1,9.9,8.3,6.6,11.2,16,27,31.9,30.2,28.9,27.6,27,24.9,24.5,25.8,27.1,23.3,10.4,11,4.9,2.8,
花蓮,2024/10/18 00:00:00,PM10,16,20,19,21,20,17,17,19,22,14,12,15,8,8,11,10,5,4,9,15,19,14,18,22,
花蓮,2024/10/18 00:00:00,PM2.5,4,4,8,8,8,9,7,4,6,5,4,5,2,0,0,0,1,0,2,3,4,3,9,8,
花蓮,2024/10/18 00:00:00,RAINFALL,0,0,0,0,0,0,0,0,0,0,0,0,0,0,0,0,0,0,0,0,0,0,0,0,
花蓮,2024/10/18 00:00:00,RH,90,90,91,92,92,92,89,88,81,74,76,77,76,76,77,77,77,79,81,85,87,86,89,89,
花蓮,2024/10/18 00:00:00,SO2,1.2,1.2,1.1,1.2,1.2,1.1,1.1,1.2,1.4,4.3,0.5,0.6,0.5,0.5,0.6,0.6,0.7,0.8,1,1,1.1,1.3,1.2,1.1,
花蓮,2024/10/18 00:00:00,THC,1.95,1.95,1.96,1.96,1.97,1.99,1.95,1.99,1.94,1.9,1.88,1.87,1.87,1.87,1.86,1.86,1.87,1.88,1.9,1.94,2.02,1.99,2.01,2,
花蓮,2024/10/18 00:00:00,WD_HR,221,224,219,217,220,220,220,209,197,135,138,133,114,117,119,108,124,115,140,158,288,290,224,220,
花蓮,2024/10/18 00:00:00,WIND_DIREC,221,223,224,225,217,227,214,190,192,143,142,119,113,119,120,95,130,116,130,165,299,321,215,215,
花蓮,2024/10/18 00:00:00,WIND_SPEED,1.7,2.2,1.8,1.4,2.1,2.2,2.3,2.1,1.7,1.7,2.3,2.4,2.4,2.3,1.8,1.9,1.3,1.2,0.7,0.4,1.2,0.8,1,1.4,
花蓮,2024/10/18 00:00:00,WS_HR,1.6,1.5,1.6,1.7,1.9,1.8,2.1,2.3,1.5,1.5,1.6,1.8,1.9,1.9,1.7,1.6,1.3,1.2,0.5,0.3,0.7,0.7,1.1,1,
花蓮,2024/10/19 00:00:00,AMB_TEMP,25.2,25,24.5,24.4,24.4,24,24.6,26.2,28,30.1,32.1,31.7,31.6,30.9,30.9,30.3,29.5,28.8,28.7,28.6,28.3,27.4,26.9,26.1,
花蓮,2024/10/19 00:00:00,CH4,1.93,1.96,1.94,1.93,1.93,1.93,1.94,1.95,1.96,1.94,1.89,1.87,1.87,1.86,1.87,1.87,1.87,1.87,1.89,1.88,1.88,1.93,1.95,1.93,
花蓮,2024/10/19 00:00:00,CO,0.14,0.13,0.13,0.12,0.12,0.15,0.15,0.15,0.15,0.15,0.15,0.12,0.11,0.1,0.12,0.14,0.16,0.21,0.25,0.22,0.17,0.22,0.24,0.2,
花蓮,2024/10/19 00:00:00,NMHC,0,0,0,0,0,0,0,0,0,0.01,0,0,0,0,0,0,0,0.01,0.02,0.02,0,0,0,0,
花蓮,2024/10/19 00:00:00,NO,0.8,0.4,0.4,0.4,0.4,0.5,0.8,1.4,1.6,1.2,1.6,1,1.3,1.4,1.3,0.9,0.8,0.7,0.5,0.8,0.7,0.6,0.5,0.4,
花蓮,2024/10/19 00:00:00,NO2,3.6,1.5,1.5,1.1,1.2,1.3,2.1,1.6,1.7,1.8,2.3,1,1.8,2.2,2.4,2.1,2.5,2.8,5.7,6.8,4.6,3.6,2.2,1.7,
花蓮,2024/10/19 00:00:00,NOx,4.4,2,2,1.6,1.6,1.9,3,3,3.3,3.1,3.9,2,3.2,3.7,3.7,3,3.3,3.6,6.3,7.7,5.4,4.2,2.7,2.1,
花蓮,2024/10/19 00:00:00,O3,6.5,8.1,8.8,9.9,10.7,10.6,10.6,11.6,13.6,18.9,21.2,22.1,23.7,26.7,28.4,29.3,30.4,32.4,25.4,20.8,19.5,27,32.9,31.1,
花蓮,2024/10/19 00:00:00,PM10,19,17,13,10,16,8,15,16,10,11,9,5,17,19,24,15,19,20,27,21,14,16,14,14,
花蓮,2024/10/19 00:00:00,PM2.5,5,3,3,3,1,0,1,2,1,0,0,0,0,0,2,1,1,1,6,5,2,3,2,0,
花蓮,2024/10/19 00:00:00,RAINFALL,0,0,0,0,0,0,0,0,0,0,0,0,0,0,0,0,0,0,0,0,0,0,0,0,
花蓮,2024/10/19 00:00:00,RH,88,87,86,81,77,76,73,72,65,59,56,58,64,69,70,74,77,87,87,87,87,88,89,90,
花蓮,2024/10/19 00:00:00,SO2,1.3,1.1,0.9,0.9,0.9,0.8,0.9,0.9,0.9,0.7,2.9,1.4,0.7,0.6,0.4,0.4,0.3,0.7,0.9,0.6,0.6,0.6,0.8,0.8,
花蓮,2024/10/19 00:00:00,THC,1.92,1.94,1.92,1.92,1.92,1.92,1.93,1.94,1.96,1.95,1.89,1.86,1.85,1.84,1.87,1.86,1.86,1.88,1.91,1.9,1.88,1.93,1.94,1.93,
花蓮,2024/10/19 00:00:00,WD_HR,226,226,229,224,223,222,218,208,213,208,127,108,91,95,91,68,45,45,45,43,30,45,49,49,
花蓮,2024/10/19 00:00:00,WIND_DIREC,220,240,221,231,221,228,218,212,213,221,133,101,88,93,93,80,50,32,38,56,19,37,48,33,
花蓮,2024/10/19 00:00:00,WIND_SPEED,1.7,1.4,1.9,2.2,2.1,2.5,2.5,3.5,2.2,1.4,1.4,2.8,3.5,3.1,2.4,2.1,2.5,2.2,1.6,1.7,1.9,3,2.5,1.5,
花蓮,2024/10/19 00:00:00,WS_HR,1.7,1.8,2,1.9,2.2,2.4,2.1,2.4,2.7,1.6,1,2.4,2.7,3.3,2.8,1.8,1.9,1.7,1.3,1.5,1.5,2.2,2.1,2.1,
花蓮,2024/10/20 00:00:00,AMB_TEMP,25.8,25.6,25,25.4,25.1,24.8,25,25,25.9,26.7,27.1,28.3,28.5,28.6,27.7,27.4,26.1,25.3,24.8,25.1,25.5,25.4,25.1,24.5,
花蓮,2024/10/20 00:00:00,CH4,1.92,1.91,1.93,1.95,1.94,1.95,1.95,1.96,1.96,1.96,1.97,1.96,1.96,1.96,1.95,1.95,1.95,1.96,1.96,1.97,1.97,1.97,1.97,1.96,
花蓮,2024/10/20 00:00:00,CO,0.19,0.18,0.17,0.18,0.17,0.18,0.21,0.25,0.27,0.24,0.26,0.25,0.24,0.22,0.21,0.22,0.23,0.24,0.25,0.3,0.3,0.26,0.24,0.19,
花蓮,2024/10/20 00:00:00,NMHC,0,0,0,0,0,0,0,0.01,0.02,0.01,0.01,0,0,0,0,0,0,0,0,0.02,0.02,0.02,0,0,
花蓮,2024/10/20 00:00:00,NO,0.4,0.1,0.1,0,0.1,0,0,0.5,1.4,1.1,1.2,1,0.6,0.3,0.4,0.2,0.2,0,0.1,0.1,0.3,0.1,0.2,0.2,
花蓮,2024/10/20 00:00:00,NO2,2.7,8.2,6.5,4.3,3.5,3.6,4.7,6.2,9.9,5.1,6.5,5.4,3.7,2.3,1.9,2.3,2.8,3.9,5.6,10.4,13.5,14.5,10.9,6,
花蓮,2024/10/20 00:00:00,NOx,3.2,8.3,6.7,4.2,3.7,3.7,4.8,6.7,11.3,6.2,7.8,6.4,4.4,2.6,2.4,2.5,3.1,3.9,5.7,10.6,13.8,14.7,11.2,6.2,
花蓮,2024/10/20 00:00:00,O3,22.8,14.9,19.3,22,23.1,25.4,23.6,21.7,22.4,31.4,30.9,38.3,41.1,40.4,38.3,38.1,38.2,39.1,34.5,24.6,18.1,16.7,20.2,30.5,
花蓮,2024/10/20 00:00:00,PM10,12,12,10,6,11,6,3,5,8,11,16,21,27,14,13,14,10,7,10,7,8,6,16,3,
花蓮,2024/10/20 00:00:00,PM2.5,0,1,1,1,0,0,0,1,1,0,0,2,5,2,1,3,3,0,1,2,3,2,0,0,
花蓮,2024/10/20 00:00:00,RAINFALL,0.5,5,0.5,3.5,2,1,5,0.5,0,0.5,0,0,0,0,0,0,0.5,0.5,6,0,0.5,0,0,1.5,
花蓮,2024/10/20 00:00:00,RH,91,93,97,93,93,95,94,95,91,89,88,84,79,79,84,88,92,95,97,97,95,94,95,99,
花蓮,2024/10/20 00:00:00,SO2,0.8,0.5,0.5,0.4,0.4,0.5,0.4,0.6,0.6,0.5,0.6,0.9,0.7,0.3,0.2,0.3,0.3,0.7,0.6,0.8,0.5,0.6,0.5,0.5,
花蓮,2024/10/20 00:00:00,THC,1.91,1.9,1.91,1.93,1.93,1.94,1.95,1.97,1.98,1.97,1.98,1.96,1.95,1.94,1.93,1.94,1.94,1.96,1.96,1.99,1.99,1.99,1.97,1.95,
花蓮,2024/10/20 00:00:00,WD_HR,24,356,324,27,329,309,0,336,338,23,9,48,61,51,55,53,56,68,21,353,24,343,3,326,
花蓮,2024/10/20 00:00:00,WIND_DIREC,297,349,300,331,333,83,284,359,339,29,46,49,45,51,80,44,71,77,4,45,6,63,358,323,
花蓮,2024/10/20 00:00:00,WIND_SPEED,1.7,1.9,1.9,1.7,1.4,0.7,1.5,0.9,1.6,2,2.1,3.5,2.9,3.3,3.1,3,1.4,2.3,1.4,1.3,0.5,1,1.9,2.5,
花蓮,2024/10/20 00:00:00,WS_HR,0.6,1.2,1.6,0.9,1.5,0.9,0.3,0.7,0.9,1.8,1.6,2.4,2.6,2.7,2.5,2.2,1.8,1.8,1.3,1.3,0.5,0.6,1,2,
花蓮,2024/10/21 00:00:00,AMB_TEMP,24.8,25.2,25.4,25.1,24.8,24.7,25,25.6,26.2,27.9,28.8,29.3,29.1,28.7,28.5,28.3,27.9,27.5,27.4,27.4,27,26.8,26.2,25.8,
花蓮,2024/10/21 00:00:00,CH4,1.95,1.96,1.98,1.95,1.95,1.95,1.95,1.96,1.95,1.94,1.94,1.93,1.94,1.93,1.93,1.94,1.95,1.96,1.96,1.97,1.96,1.97,1.97,1.96,
花蓮,2024/10/21 00:00:00,CO,0.17,0.18,0.18,0.17,0.17,0.18,0.21,0.32,0.32,0.25,0.23,0.23,0.24,0.21,0.2,0.22,0.26,0.33,0.33,0.33,0.3,0.3,0.29,0.25,
花蓮,2024/10/21 00:00:00,NMHC,0,0,0,0,0,0,0,0.03,0.03,0,0,0,0,0,0,0,0.01,0.05,0.04,0.05,0.03,0.03,0.04,0.03,
花蓮,2024/10/21 00:00:00,NO,0.1,0.2,0.4,0.4,0.4,0.3,0.4,0.9,1.4,2.2,1.9,1.5,0.8,0.6,0.6,0.5,0.6,0.7,0.8,0.6,0.5,0.5,0.5,0.5,
花蓮,2024/10/21 00:00:00,NO2,1.7,1.4,1.9,2.1,1.2,1.9,2.7,6,7.5,6.9,5.8,4.5,3.1,2.4,2.5,3,4.2,7.9,9.9,9.9,8.6,8.6,6.3,4.8,
花蓮,2024/10/21 00:00:00,NOx,1.8,1.6,2.4,2.5,1.6,2.2,3.2,6.9,8.9,9.1,7.7,6,3.9,3.1,3.2,3.5,4.9,8.7,10.7,10.6,9.1,9.2,6.9,5.4,
花蓮,2024/10/21 00:00:00,O3,34.5,33.2,31.7,34.4,36.4,30.7,31.2,26.1,28.3,31.9,34.4,37.7,41.4,41.7,41.7,40.6,37.2,29.8,27.3,25.6,26.3,25.3,19.3,18.4,
花蓮,2024/10/21 00:00:00,PM10,7,12,8,16,4,5,3,11,10,21,18,22,26,20,20,16,21,28,31,26,22,19,20,13,
花蓮,2024/10/21 00:00:00,PM2.5,0,0,0,6,5,1,3,3,0,1,3,4,1,1,2,3,4,6,6,5,4,4,2,0,
花蓮,2024/10/21 00:00:00,RAINFALL,0,0,0,0,0,0,0,0,0,0,0,0,0,0,0,0,0,0,0,0,0.5,0,0,0,
花蓮,2024/10/21 00:00:00,RH,96,93,92,92,94,94,93,92,91,87,79,76,77,78,79,80,81,83,83,84,89,89,88,87,
花蓮,2024/10/21 00:00:00,SO2,0.5,0.5,0.7,0.8,0.8,0.5,0.8,0.8,0.9,0.9,0.7,0.4,0.4,0.3,0.2,0.4,0.3,0.6,0.6,0.9,1.1,1.4,0.9,0.9,
花蓮,2024/10/21 00:00:00,THC,1.93,1.94,1.96,1.94,1.93,1.94,1.95,1.99,1.98,1.94,1.94,1.93,1.93,1.92,1.92,1.93,1.96,2.01,2,2.02,1.99,2,2.01,1.99,
花蓮,2024/10/21 00:00:00,WD_HR,323,309,331,333,327,296,308,274,261,7,25,44,59,41,47,55,36,7,9,5,8,350,282,281,
花蓮,2024/10/21 00:00:00,WIND_DIREC,319,291,329,342,298,303,299,250,271,20,35,55,42,31,32,41,10,16,5,352,348,292,286,242,
花蓮,2024/10/21 00:00:00,WIND_SPEED,1.9,0.6,0.8,1.7,1.3,1.2,1.3,1.3,1.5,2.2,2.3,2.7,2.7,2.4,2.5,2.2,1.8,2.3,1.9,1.6,1.3,1.5,1.2,1.2,
花蓮,2024/10/21 00:00:00,WS_HR,1.7,1,0.8,1.1,1.4,1.4,1.3,0.7,1.3,1,1.5,2.1,2,2.1,2.1,2,1.5,1.8,1.5,1,1,1,1.4,1.2,
花蓮,2024/10/22 00:00:00,AMB_TEMP,25.4,25.8,25.6,25.3,25.2,24.9,24,25.6,28.6,29.1,29.7,29.8,29.6,29.4,28.5,27.7,26.9,26.8,26.9,26.9,26.8,26.5,26.6,26.7,
花蓮,2024/10/22 00:00:00,CH4,1.97,1.97,1.99,1.96,1.96,1.97,1.96,1.96,1.95,1.93,1.93,1.93,1.93,1.93,#,1.93,1.94,1.94,1.94,1.94,1.94,1.94,1.95,1.96,
花蓮,2024/10/22 00:00:00,CO,0.23,0.21,0.2,0.18,0.19,0.2,0.22,0.29,0.3,0.2,0.19,0.19,0.18,0.17,0.17,#,0.2,0.22,0.2,0.18,0.16,0.17,0.17,0.17,
花蓮,2024/10/22 00:00:00,NMHC,0.04,0.03,0,0,0,0.01,0.02,0.03,0.03,0,0,0,0,0,#,0,0,0,0,0,0,0,0,0,
花蓮,2024/10/22 00:00:00,NO,0.5,0.9,0.8,0.7,0.8,0.8,1.4,3.5,4.6,2.1,1.3,1.2,1.2,1.1,#,#,0.9,0.9,0.9,0.8,0.8,0.9,0.7,0.8,
花蓮,2024/10/22 00:00:00,NO2,4.1,3.5,3.8,2.4,2.5,3.4,3.6,4.6,7.5,4.1,2,1.9,1.7,1.5,#,#,2.4,3,2.9,2.1,1.3,1.3,1.3,1.2,
花蓮,2024/10/22 00:00:00,NOx,4.7,4.5,4.6,3.2,3.4,4.3,5.1,8.2,12.2,6.2,3.4,3.2,3,2.7,#,#,3.4,3.9,3.8,3,2.2,2.2,2.1,2,
花蓮,2024/10/22 00:00:00,O3,15.5,16.9,16.8,15.6,15.4,12.2,7.9,9.4,21.3,33.5,36.7,39.2,38.7,39.7,#,#,32.6,34.2,34.7,35.4,39.3,43.3,42.1,41.7,
花蓮,2024/10/22 00:00:00,PM10,22,14,14,13,11,20,16,16,24,21,30,30,31,32,#,36,32,30,29,24,22,11,19,16,
花蓮,2024/10/22 00:00:00,PM2.5,2,3,0,0,4,6,4,2,5,4,4,7,8,9,9,#,7,7,8,8,7,3,0,0,
花蓮,2024/10/22 00:00:00,RAINFALL,0,0,0,0,0,0,0,0,0,0,0,0,0,0,#,0,0,0,0,0,0,0,0,0,
花蓮,2024/10/22 00:00:00,RH,87,86,87,86,86,85,82,76,71,75,75,76,78,78,80,85,87,87,85,84,83,82,79,78,
花蓮,2024/10/22 00:00:00,SO2,1,1.4,1.3,1.3,1.4,1.3,1.1,1.2,1.7,1.5,0.6,0.1,0.4,0.7,0.6,#,0.3,0.7,0.8,1,1,0.9,1,1,
花蓮,2024/10/22 00:00:00,THC,2.01,2,1.99,1.96,1.96,1.98,1.98,1.99,1.98,1.92,1.92,1.92,1.91,1.91,#,1.92,1.93,1.94,1.93,1.92,1.91,1.92,1.92,1.93,
花蓮,2024/10/22 00:00:00,WD_HR,278,319,282,285,286,254,218,225,52,46,63,68,65,66,63,54,49,52,58,55,52,48,44,36,
花蓮,2024/10/22 00:00:00,WIND_DIREC,300,5,272,280,280,205,206,237,65,44,81,66,63,62,52,45,53,51,56,54,52,53,52,46,
花蓮,2024/10/22 00:00:00,WIND_SPEED,1.2,0.6,1.5,1.4,1.5,1.1,1.7,0.8,2.7,3,3.4,4,4.1,4.1,3.7,3.5,3.4,3.8,3.8,4.1,5.1,4.4,2.9,2.9,
花蓮,2024/10/22 00:00:00,WS_HR,0.9,0.7,1.2,1.3,1.2,1,1.4,1.2,1,2.2,2.4,3,3.1,3.3,3.2,3.1,2.8,2.8,3.3,3.4,3.9,3.4,2.9,2.3,
花蓮,2024/10/23 00:00:00,AMB_TEMP,26.5,26.4,26.3,26.3,26.1,25.9,26,25.9,25.8,25.9,26.3,27.4,27.1,27,26.9,25.7,25.9,25.9,25.9,26.3,26,26,25.8,25.4,
花蓮,2024/10/23 00:00:00,CH4,1.96,1.96,1.97,1.96,1.98,1.98,1.99,2,2.01,2.01,2.02,2.03,2.04,2.04,2.04,2.04,2.03,2.04,2.03,2.01,2.01,2.01,2,1.99,
花蓮,2024/10/23 00:00:00,CO,0.18,0.17,0.2,0.21,0.26,0.27,0.3,0.33,0.34,0.38,0.37,0.35,0.33,0.32,0.33,0.34,0.35,0.37,0.37,0.37,0.35,0.35,0.28,0.26,
花蓮,2024/10/23 00:00:00,NMHC,0,0,0,0,0,0,0,0.01,0.01,0.03,0.02,0.01,0.01,0.01,0.02,0.02,0.02,0.02,0.02,0.01,0,0.01,0,0,
花蓮,2024/10/23 00:00:00,NO,0.7,0.3,0.2,0.3,0.2,0.1,0.2,0.3,0.7,0.9,1,1.1,0.8,0.7,0.7,0.7,0.5,0.3,0.2,0.3,0.3,0.4,0.2,0,
花蓮,2024/10/23 00:00:00,NO2,1,1.4,2.1,3.2,2.6,4,4,3.4,4.2,4.7,4.6,4.1,4,4.3,4.4,4.9,5.5,6.1,5.4,5.9,4.2,4.3,2.6,2.2,
花蓮,2024/10/23 00:00:00,NOx,1.7,1.8,2.4,3.6,2.9,4.1,4.3,3.8,4.9,5.7,5.6,5.2,4.9,5,5.1,5.7,6,6.4,5.7,6.2,4.5,4.7,2.9,2.3,
花蓮,2024/10/23 00:00:00,O3,43.4,42.7,40.1,34.5,38.6,27.9,32.1,31.7,30,30.9,34.4,39.2,40.9,41.2,42,41,40.3,40.6,42.1,41.6,46.2,46.1,50.4,48.4,
花蓮,2024/10/23 00:00:00,PM10,19,25,20,24,31,28,33,34,19,14,21,17,21,27,17,20,15,14,18,23,21,22,30,17,
花蓮,2024/10/23 00:00:00,PM2.5,3,5,4,4,6,6,10,9,6,3,2,4,3,5,2,3,3,3,5,5,4,2,5,7,
花蓮,2024/10/23 00:00:00,RAINFALL,0,0,0,0,0,0,0,0,0,0,0,0,0,0,0,0.5,0,0,0,0,0,0,0,0,
花蓮,2024/10/23 00:00:00,RH,77,78,78,77,78,78,78,79,79,78,77,73,71,71,71,78,76,75,75,73,74,75,75,77,
花蓮,2024/10/23 00:00:00,SO2,0.9,0.9,0.7,1,1,1.1,1.1,1,0.9,1.1,1.1,1.1,1.1,1.1,1,1,1.2,1.2,1.2,1.4,1.2,1.4,1.2,1.1,
花蓮,2024/10/23 00:00:00,THC,1.93,1.93,1.94,1.94,1.97,1.97,1.99,2.01,2.02,2.04,2.04,2.04,2.05,2.05,2.06,2.06,2.05,2.06,2.05,2.02,2.01,2.02,2,1.98,
花蓮,2024/10/23 00:00:00,WD_HR,55,43,22,24,38,7,27,46,46,43,48,48,39,24,47,36,36,38,20,35,43,18,36,19,
花蓮,2024/10/23 00:00:00,WIND_DIREC,56,42,17,38,15,353,49,44,48,42,40,60,44,353,64,48,57,29,359,34,48,50,40,38,
花蓮,2024/10/23 00:00:00,WIND_SPEED,4.6,3.3,3.2,3.3,2.7,2.6,4.9,4.6,4.5,4.9,4.8,3.6,4,5,3.6,3.7,3,3.1,3.2,3.5,4,4.1,4.2,3.9,
花蓮,2024/10/23 00:00:00,WS_HR,3.5,2.9,2.4,2.1,2.5,1.6,2.9,3.8,3.7,3,3.8,3.5,3.1,2.8,2.8,2.8,2.6,2.1,2.5,2.7,3.3,2.3,3.2,3,
花蓮,2024/10/24 00:00:00,AMB_TEMP,25.4,25,24.4,24.6,24.4,24.4,24.3,23.7,23.3,23.5,23.8,23.8,23.9,24.1,24.5,24.5,24.1,23.8,23.6,24.4,24.9,24.8,24.9,25.1,
花蓮,2024/10/24 00:00:00,CH4,1.99,1.97,2.02,2.02,2,1.99,2.01,2.03,2.01,2,1.98,1.96,1.95,1.95,1.95,1.94,1.94,1.95,1.94,1.93,1.93,1.92,1.92,1.92,
花蓮,2024/10/24 00:00:00,CO,0.29,0.27,0.32,0.28,0.24,0.23,0.26,0.34,0.32,0.28,0.27,0.26,0.25,0.26,0.28,0.3,0.25,0.31,0.22,0.19,0.19,0.2,0.2,0.16,
花蓮,2024/10/24 00:00:00,NMHC,0,0,0.01,0.01,0,0,0.01,0.02,0.03,0.06,0.05,0.05,0.04,0.04,0.04,0,0.01,0.04,0.01,0,0,0,0,0,
花蓮,2024/10/24 00:00:00,NO,0.2,0.3,0.4,0.4,0.6,0.5,0.6,1,1.6,2.6,2.5,1.8,1.6,1.5,1.3,0.9,0.9,1.5,0.6,0.5,0.3,0.4,0.4,0.4,
花蓮,2024/10/24 00:00:00,NO2,3.1,3.2,4.6,3.7,2.3,2.4,2.6,4.7,6,7.1,6.5,7.1,6.5,7.5,9,7,11.1,13.6,10,6.5,5.2,3.7,4.1,3,
花蓮,2024/10/24 00:00:00,NOx,3.3,3.6,5.1,4.1,2.9,2.9,3.3,5.7,7.6,9.8,9,8.9,8.1,9,10.4,7.9,12.1,15.1,10.7,7.1,5.6,4.2,4.5,3.5,
花蓮,2024/10/24 00:00:00,O3,43,39.6,26.4,22.1,16.7,18.2,17.3,16,20,20.2,24.2,28.4,33.4,31.7,31.7,35.8,27.7,19.7,28.5,32.3,33.1,33.7,32.8,35.3,
花蓮,2024/10/24 00:00:00,PM10,21,10,19,12,13,10,11,16,10,13,14,12,8,4,17,17,18,13,8,11,11,7,7,11,
花蓮,2024/10/24 00:00:00,PM2.5,4,0,1,3,1,0,0,0,0,1,1,0,0,0,0,0,1,1,1,2,3,0,0,0,
花蓮,2024/10/24 00:00:00,RAINFALL,0,0,0,0,0,0,0,0.5,1,3,2.5,4,1.5,1.5,0,2,3.5,6,2.5,0.5,0,6,1,0.5,
花蓮,2024/10/24 00:00:00,RH,78,79,80,80,81,80,81,89,92,93,93,94,94,93,93,92,93,98,99,95,94,97,99,98,
花蓮,2024/10/24 00:00:00,SO2,1.5,1,1,0.8,0.8,0.7,0.8,0.8,1,0.8,0.7,0.8,0.6,0.8,0.8,1,0.9,0.7,0.8,0.8,0.9,0.8,0.7,0.7,
花蓮,2024/10/24 00:00:00,THC,1.97,1.96,2.03,2.03,2,1.99,2.02,2.05,2.04,2.06,2.03,2.01,1.99,1.99,1.99,1.94,1.95,1.99,1.95,1.93,1.91,1.9,1.9,1.89,
花蓮,2024/10/24 00:00:00,WD_HR,20,356,262,240,254,234,222,220,224,228,222,252,243,325,37,34,38,359,32,43,44,41,30,36,
花蓮,2024/10/24 00:00:00,WIND_DIREC,47,296,291,235,296,219,210,202,226,246,211,265,272,5,53,22,51,19,40,41,47,40,34,20,
花蓮,2024/10/24 00:00:00,WIND_SPEED,1.9,2,1.5,1.5,1.5,2.1,3,1.6,1.9,1.5,1.7,1.4,0.9,0.6,3.2,1.7,1.7,2,3.1,2.8,2.7,3.2,3.7,3.1,
花蓮,2024/10/24 00:00:00,WS_HR,2,1.7,0.8,1.3,1.5,1.4,2.6,1.6,2.1,1.5,1.1,0.8,0.6,0.6,1.5,2.1,1.3,1.2,1.9,2.3,2.3,2.7,2,2.5,
花蓮,2024/10/25 00:00:00,AMB_TEMP,25.1,25.1,25.2,25.3,25.5,25.6,25.6,25.2,26.4,29.5,30,29.4,29.4,28.3,28.3,27.8,26.4,25.6,25.4,25.5,25.6,25.5,25.8,25.8,
花蓮,2024/10/25 00:00:00,CH4,1.92,1.92,1.91,1.9,1.89,1.89,1.89,1.9,1.9,1.88,1.88,1.88,1.88,1.87,1.89,1.92,1.9,1.91,1.92,1.93,1.91,1.92,1.9,1.93,
花蓮,2024/10/25 00:00:00,CO,0.14,0.13,0.12,0.12,0.11,0.12,0.13,0.28,0.27,0.16,0.18,0.22,0.25,0.17,0.18,0.17,0.18,0.19,0.16,0.15,0.16,0.14,0.13,0.14,
花蓮,2024/10/25 00:00:00,NMHC,0,0,0,0,0,0,0,0.03,0.03,0.01,0.03,0,0.02,0,0,0.03,0.01,0.03,0,0,0,0,0,0,
花蓮,2024/10/25 00:00:00,NO,0.3,0.6,0.4,0.5,0.6,0.7,0.4,1.7,5.6,1.8,2,2,2.8,1.1,1,1.3,1.3,0.9,1,0.8,1,0.9,0.7,0.9,
花蓮,2024/10/25 00:00:00,NO2,3.9,3.6,3.1,3.8,1.3,2,1.8,12.2,9.2,2.8,3.6,5,8.6,3,4,4.2,4.9,4.3,3.5,2.6,3,2.3,1.7,1.9,
花蓮,2024/10/25 00:00:00,NOx,4.3,4.3,3.6,4.4,1.9,2.7,2.2,14,14.9,4.7,5.7,7,11.4,4.2,5,5.5,6.3,5.3,4.6,3.5,4,3.2,2.4,2.9,
花蓮,2024/10/25 00:00:00,O3,32.7,32.3,30.5,29.1,35.8,31.8,35,16.5,16.4,20.8,25.2,31.3,27.4,31,27.4,15.4,14.9,17.4,15.6,14.3,13.1,11.7,14.2,10.4,
花蓮,2024/10/25 00:00:00,PM10,6,3,4,7,6,9,14,7,5,7,13,19,51,28,35,16,13,13,9,8,12,17,8,13,
花蓮,2024/10/25 00:00:00,PM2.5,0,0,0,1,0,0,0,0,3,0,0,3,9,7,8,6,5,1,0,1,3,3,1,0,
花蓮,2024/10/25 00:00:00,RAINFALL,10,7.5,2,8.5,19,1.5,2.5,0.5,0,0,0,0,0,0,0,0,3,5,0.5,0,0,0,0,0,
花蓮,2024/10/25 00:00:00,RH,97,100,100,100,100,100,100,100,97,87,80,83,85,92,98,98,100,100,100,100,100,100,99,99,
花蓮,2024/10/25 00:00:00,SO2,0.7,1,1,0.7,0.8,0.9,0.9,0.9,0.9,0.9,1.1,0.9,1.1,0.7,0.9,2.9,1.2,0.8,0.8,0.7,0.6,0.7,0.7,0.8,
花蓮,2024/10/25 00:00:00,THC,1.89,1.89,1.87,1.87,1.86,1.86,1.86,1.93,1.93,1.89,1.91,1.88,1.9,1.85,1.89,1.95,1.91,1.94,1.92,1.92,1.91,1.91,1.89,1.92,
花蓮,2024/10/25 00:00:00,WD_HR,47,41,16,21,50,33,14,326,236,212,40,80,120,114,183,203,210,211,209,217,218,213,217,207,
花蓮,2024/10/25 00:00:00,WIND_DIREC,50,51,8,9,44,56,338,306,214,225,37,103,116,161,217,189,211,216,207,212,213,207,214,196,
花蓮,2024/10/25 00:00:00,WIND_SPEED,2.9,2.5,2.5,2,2,3,2,1.8,2.1,2.4,2.2,1.6,1.4,1.1,2.5,2.7,3.2,2.3,3.5,3,2.4,3.3,2.7,3.2,
花蓮,2024/10/25 00:00:00,WS_HR,2.4,2.1,2.1,1.5,2.2,1.7,1.9,0.5,1.6,2.2,0.2,1.3,0.9,1,1,3.2,2.2,2.2,2.8,2.6,2.2,2.9,2.8,2.2,
花蓮,2024/10/26 00:00:00,AMB_TEMP,25.6,25.1,24.9,24.8,24.8,24.9,24.9,25.4,25.6,25.9,26.4,26.3,26,26.3,26.6,26.5,26.5,26.1,25.6,25.4,25.5,25.5,25.4,25.4,
花蓮,2024/10/26 00:00:00,CH4,1.98,1.92,1.95,1.96,1.95,1.95,2,1.96,1.96,1.94,1.96,1.93,1.9,1.88,1.88,1.9,1.91,1.95,1.98,1.93,1.93,1.94,1.98,1.96,
花蓮,2024/10/26 00:00:00,CO,0.16,0.13,0.13,0.12,0.12,0.14,0.18,0.28,0.38,0.35,0.27,0.19,0.17,0.13,0.14,0.15,0.35,0.33,0.27,0.28,0.32,0.3,0.24,0.24,
花蓮,2024/10/26 00:00:00,NMHC,0,0,0,0,0,0,0,0.05,0.11,0.09,0.05,0,0,0,0,0,0.09,0.11,0.07,0.06,0.12,0.11,0.05,0.06,
花蓮,2024/10/26 00:00:00,NO,0.8,0.8,0.6,0.5,0.6,0.5,0.7,1.8,9.6,6.6,5.3,3.7,1.3,0.8,0.6,1.2,1.9,1.3,1,1.3,1.4,1,0.8,0.8,
花蓮,2024/10/26 00:00:00,NO2,3.3,1.2,1.2,0.9,0.7,1,2.3,4.7,8.9,8.5,8.6,6.7,3.3,1.6,1.5,3,8.2,10.1,7.8,8.1,9.6,9.9,6,6,
花蓮,2024/10/26 00:00:00,NOx,4.1,2,1.8,1.5,1.4,1.6,3,6.5,18.6,15.2,13.9,10.5,4.6,2.5,2.1,4.3,10.2,11.5,8.9,9.4,11.1,11,6.9,6.9,
花蓮,2024/10/26 00:00:00,O3,10.9,12.1,11.9,12.2,12.2,10.9,8.5,5.4,3.1,6.4,10.2,17.2,22.9,25.1,24.4,23.8,18.2,12.7,11.2,11.5,9.3,6.9,6.7,6.1,
花蓮,2024/10/26 00:00:00,PM10,22,15,9,6,2,7,19,12,17,13,24,21,12,8,11,21,21,20,11,17,11,14,16,17,
花蓮,2024/10/26 00:00:00,PM2.5,2,2,0,0,0,5,4,2,3,4,6,8,5,3,3,1,1,5,4,4,6,4,1,1,
花蓮,2024/10/26 00:00:00,RAINFALL,0.5,0.5,1.5,0,0,0,0,0,0.5,1.5,0,1,0,0,0,0,0,0.5,0.5,0,0,0,0,0,
花蓮,2024/10/26 00:00:00,RH,99,100,100,100,100,100,100,100,100,100,100,100,100,100,99,97,97,99,100,100,100,100,100,100,
花蓮,2024/10/26 00:00:00,SO2,9,1.1,1.1,1.2,1.1,1.1,1.6,1.2,1.3,1.5,1.4,1.4,1.3,1.1,1.2,1.4,9,3.8,1.2,1.2,1.3,1.2,1.1,1.1,
花蓮,2024/10/26 00:00:00,THC,1.98,1.9,1.91,1.93,1.92,1.93,2,2.01,2.07,2.03,2.01,1.93,1.89,1.86,1.87,1.9,2,2.06,2.05,1.99,2.05,2.05,2.03,2.02,
花蓮,2024/10/26 00:00:00,WD_HR,210,211,219,213,215,215,241,245,266,161,90,102,97,127,141,187,282,204,237,299,279,213,237,329,
花蓮,2024/10/26 00:00:00,WIND_DIREC,225,206,234,206,232,206,279,228,177,77,92,91,120,142,138,197,206,214,282,310,264,245,275,328,
花蓮,2024/10/26 00:00:00,WIND_SPEED,1.9,3.4,1.4,3.6,2.3,1.9,1.6,0.9,0.3,0.4,0.4,1.1,1.6,1.6,1.7,0.5,0.4,1.2,0.4,1.3,0.4,0.4,0.4,1.3,
花蓮,2024/10/26 00:00:00,WS_HR,2,2.4,2.2,2.7,2.4,2,0.8,0.4,0.3,0.1,0.3,1.2,1.4,1.4,1.4,0.9,0.5,1.2,0.4,1.2,0.3,0.3,0.4,0.5,
花蓮,2024/10/27 00:00:00,AMB_TEMP,25.3,25,24.8,24.8,24.9,24.6,23.6,24.3,25.6,27.5,29.2,30.8,30.6,30.5,29.9,29.2,28.4,28.1,27.8,27.8,27.7,27.6,27.4,26.8,
花蓮,2024/10/27 00:00:00,CH4,1.96,1.92,1.94,1.93,1.94,1.93,1.92,1.92,1.91,1.93,1.92,1.91,1.9,1.9,1.9,1.91,1.9,1.9,1.92,1.92,1.92,1.91,1.91,1.91,
花蓮,2024/10/27 00:00:00,CO,0.17,0.12,0.12,0.13,0.13,0.14,0.13,0.17,0.16,0.14,0.13,0.17,0.12,0.11,0.13,0.14,0.16,0.2,0.25,0.22,0.21,0.18,0.18,0.15,
花蓮,2024/10/27 00:00:00,NMHC,0,0,0,0,0,0,0,0,0,0,0,0,0,0,0,0,0,0.01,0.04,0.02,0.02,0,0,0,
花蓮,2024/10/27 00:00:00,NO,0.7,0.5,0.5,0.5,0.3,0.5,0.6,0.8,1,0.9,0.5,0.8,0.6,0.5,1.1,0.7,0.5,0.3,0.7,0.8,0.8,0.6,0.6,0.5,
花蓮,2024/10/27 00:00:00,NO2,5.4,2.4,2.5,4.6,4.8,4.9,2.6,3.3,2.6,1.5,0.9,1.3,1,1,2.3,2.3,2.6,3.7,9.6,8.2,6.6,4.1,3.6,2.6,
花蓮,2024/10/27 00:00:00,NOx,6.1,2.9,3.1,5.2,5.2,5.4,3.2,4.1,3.7,2.5,1.5,2.2,1.7,1.6,3.4,3,3.2,4.1,10.3,9,7.4,4.8,4.3,3.1,
花蓮,2024/10/27 00:00:00,O3,13.9,20,21.8,17.5,15.7,14.5,28,25.5,25.5,24.7,26.8,30.9,30.2,29.6,32.6,34.3,37.3,30.2,23,22.5,22.2,25,24.7,25.3,
花蓮,2024/10/27 00:00:00,PM10,12,9,6,8,11,6,3,4,10,7,6,6,7,12,19,11,18,10,28,25,21,19,27,19,
花蓮,2024/10/27 00:00:00,PM2.5,0,0,0,1,2,0,0,0,0,0,0,0,0,0,1,4,6,3,3,8,6,5,2,2,
花蓮,2024/10/27 00:00:00,RAINFALL,0,1,0,0,1,4.5,1,0,0,0,0,0,0,0,0,0,0,0,0,0,0,0,0,0,
花蓮,2024/10/27 00:00:00,RH,100,100,100,100,100,100,100,99,97,94,79,63,63,64,70,73,78,82,90,90,90,90,90,93,
花蓮,2024/10/27 00:00:00,SO2,1.2,0.4,0.2,0.3,0.3,0.3,0.4,0.4,0.3,0.4,0.5,5.6,0.2,0.2,0.5,0.4,0.3,0.5,0.5,0.6,0.6,0.6,0.3,0.3,
花蓮,2024/10/27 00:00:00,THC,1.96,1.9,1.91,1.92,1.94,1.93,1.9,1.91,1.9,1.91,1.9,1.89,1.87,1.87,1.87,1.88,1.89,1.91,1.96,1.94,1.94,1.9,1.9,1.89,
花蓮,2024/10/27 00:00:00,WD_HR,10,30,45,319,282,333,248,275,222,211,210,151,123,103,87,61,66,41,350,2,19,45,63,64,
花蓮,2024/10/27 00:00:00,WIND_DIREC,357,20,29,298,289,111,278,231,224,207,220,114,123,89,79,57,82,344,38,19,40,52,81,66,
花蓮,2024/10/27 00:00:00,WIND_SPEED,0.9,0.6,0.4,0.4,0.4,0.7,1.9,1.4,3,3.3,2.3,2,1.7,2.6,2.2,2,2.1,2.1,1.8,1.3,1.5,1.4,1.6,3.4,
花蓮,2024/10/27 00:00:00,WS_HR,0.7,0.6,0.2,0.3,0.3,0.1,1,1.9,2.7,2.8,2.9,0.9,1.7,2.3,2.4,1.8,2,1.4,1.1,1.1,1,1.2,1.2,1.7,
花蓮,2024/10/28 00:00:00,AMB_TEMP,25.1,24.6,24,24.1,24.2,24.2,24.2,25.1,26.3,27.9,28.4,29.1,28,27,26.6,26.6,26.3,26.2,26.3,26.3,25.9,25.7,25.5,25.3,
花蓮,2024/10/28 00:00:00,CH4,1.9,1.91,1.92,1.92,1.93,1.94,1.95,1.98,1.94,1.94,1.93,1.92,1.91,1.91,1.91,1.91,1.91,1.91,1.91,1.92,1.92,1.92,1.93,1.94,
花蓮,2024/10/28 00:00:00,CO,0.11,0.1,0.12,0.15,0.15,0.15,0.2,0.22,0.21,0.23,0.24,0.21,0.18,0.16,0.16,0.16,0.17,0.18,0.18,0.18,0.18,0.19,0.2,0.21,
花蓮,2024/10/28 00:00:00,NMHC,0,0,0,0,0,0,0.01,0,0,0,0.01,0.01,0,0,0,0,0,0,0,0,0,0,0,0,
花蓮,2024/10/28 00:00:00,NO,0.6,0.7,0.6,0.6,0.6,0.5,0.8,1.3,1.5,2,1.9,1.4,1.1,0.8,0.8,0.9,0.6,0.6,0.7,0.7,0.7,0.6,0.5,0.6,
花蓮,2024/10/28 00:00:00,NO2,1.3,0.6,1.5,3.1,3.6,3.4,4.7,4.2,4.2,5.6,6.7,4.5,3,2.6,2.9,2.8,3,3.2,3,2.5,2,2,1.7,1.3,
花蓮,2024/10/28 00:00:00,NOx,1.9,1.3,2.1,3.7,4.3,3.9,5.5,5.6,5.7,7.6,8.7,6,4.1,3.5,3.8,3.8,3.7,3.9,3.7,3.2,2.8,2.6,2.2,2,
花蓮,2024/10/28 00:00:00,O3,31.7,31.7,29.4,27.1,24,21,18.4,21.5,26,29.9,34.3,43.3,44.9,44.6,43.5,43.6,44.3,43.8,42.6,43.1,43.4,43.9,45.6,46.4,
花蓮,2024/10/28 00:00:00,PM10,10,7,7,4,1,12,11,17,13,21,22,13,17,15,21,23,23,27,18,14,17,13,15,12,
花蓮,2024/10/28 00:00:00,PM2.5,2,0,0,0,0,1,2,1,0,2,3,2,0,0,1,3,3,3,4,3,2,2,2,2,
花蓮,2024/10/28 00:00:00,RAINFALL,1.5,0.5,0.5,0,0,0,0,0,0,0,0,0,0,0,0,0,0,0,0,0,0,0,0,0,
花蓮,2024/10/28 00:00:00,RH,99,99,100,100,99,99,99,97,93,81,76,72,74,77,77,77,77,77,77,77,79,80,84,88,
花蓮,2024/10/28 00:00:00,SO2,0.4,1,1,1.1,1.2,1.1,1.1,1.1,1.6,3.1,1.8,1.4,1.2,1.2,1.4,1.2,1.2,1.1,1.1,1.1,1.3,1.4,1.1,1.1,
花蓮,2024/10/28 00:00:00,THC,1.87,1.86,1.88,1.89,1.91,1.93,1.96,1.98,1.94,1.94,1.94,1.93,1.9,1.9,1.9,1.9,1.9,1.9,1.9,1.91,1.91,1.91,1.91,1.91,
花蓮,2024/10/28 00:00:00,WD_HR,51,51,16,269,225,221,228,215,213,131,73,79,60,64,63,57,61,51,52,51,46,48,47,51,
花蓮,2024/10/28 00:00:00,WIND_DIREC,60,40,353,222,215,225,218,216,195,85,70,73,61,63,45,61,60,32,49,53,41,52,45,44,
花蓮,2024/10/28 00:00:00,WIND_SPEED,3.3,3.1,1.6,1.5,1.5,1.1,2,1.7,1.6,2,3.1,4,4.1,4.5,4.1,4.3,4.8,4.3,4.4,4.1,3.5,4.3,3.4,3.3,
花蓮,2024/10/28 00:00:00,WS_HR,2.4,2.7,1.1,0.2,1,1.1,1.4,2.3,1.6,0.7,1,3.2,3.5,4,3.7,3.3,3.6,3.5,3.6,3.2,3.2,2.9,3,3.1,
花蓮,2024/10/29 00:00:00,AMB_TEMP,25.2,25.2,25.2,25.1,25.1,24.9,25.1,25.8,26.9,27.2,28,28.2,28,27.8,26.3,25.8,25.5,25.2,25.3,25,24.7,24.6,24.8,24.7,
花蓮,2024/10/29 00:00:00,CH4,1.94,1.94,1.96,1.95,1.95,1.96,1.96,1.96,1.97,1.97,1.97,1.96,1.96,1.96,1.96,1.96,1.96,1.96,1.96,1.96,1.96,1.96,1.96,1.95,
花蓮,2024/10/29 00:00:00,CO,0.22,0.22,0.22,0.21,0.21,0.22,0.24,0.28,0.27,0.27,0.25,0.24,0.23,0.23,0.22,0.23,0.24,0.24,0.24,0.22,0.25,0.22,0.21,0.17,
花蓮,2024/10/29 00:00:00,NMHC,0,0,0,0,0,0,0,0,0,0,0,0.01,0,0,0,0,0,0,0,0,0.01,0,0,0,
花蓮,2024/10/29 00:00:00,NO,0.7,0.4,0.3,0.3,0.4,0.3,0.3,0.9,1.1,1.1,1,0.9,0.8,0.7,0.7,0.6,0.5,0.5,0.5,0.3,0.4,0.5,0.4,0.4,
花蓮,2024/10/29 00:00:00,NO2,1.4,1.1,1.3,1.5,1.9,2.7,3.7,4.4,3.9,3.6,3.5,2.9,2.6,2.4,2.7,3.3,3.8,3.7,3.7,2.9,3.6,3.2,2.4,1.7,
花蓮,2024/10/29 00:00:00,NOx,2.2,1.6,1.6,1.8,2.4,3.1,4,5.3,5.1,4.7,4.5,3.8,3.4,3.2,3.4,4,4.4,4.2,4.2,3.2,4,3.8,2.8,2.1,
花蓮,2024/10/29 00:00:00,O3,46.5,47.5,47,46.6,44.4,41.4,38.9,40.1,43.7,45.8,46.2,47.7,48.3,49,49.1,48.8,48.8,49.7,49.3,49.6,44.2,51.7,54,53.9,
花蓮,2024/10/29 00:00:00,PM10,7,11,8,14,10,10,16,15,21,11,18,23,27,23,35,32,33,32,30,21,21,22,15,15,
花蓮,2024/10/29 00:00:00,PM2.5,1,0,0,0,1,2,3,4,2,0,0,2,4,2,4,8,5,10,9,8,6,5,6,5,
花蓮,2024/10/29 00:00:00,RAINFALL,0,0,0,0,0,0,0,0,0,0,0,0,0,0,0,0,0,0,0,0,0,0,0,0,
花蓮,2024/10/29 00:00:00,RH,89,89,88,88,88,89,89,87,77,74,69,68,68,68,73,73,74,75,75,76,82,85,77,76,
花蓮,2024/10/29 00:00:00,SO2,1.2,0.5,0.6,0.8,0.8,0.8,0.8,0.9,0.9,0.8,0.7,0.8,0.8,0.9,0.9,1.1,1,0.9,1,0.8,1,1,1,1,
花蓮,2024/10/29 00:00:00,THC,1.92,1.92,1.92,1.92,1.93,1.94,1.94,1.96,1.96,1.97,1.97,1.97,1.96,1.96,1.96,1.96,1.96,1.96,1.96,1.95,1.97,1.95,1.94,1.93,
花蓮,2024/10/29 00:00:00,WD_HR,54,51,48,35,40,11,49,51,56,59,51,55,62,62,55,67,64,58,64,57,47,57,55,61,
花蓮,2024/10/29 00:00:00,WIND_DIREC,55,49,50,32,34,15,33,52,59,54,51,62,48,58,60,65,62,61,76,46,195,62,63,54,
花蓮,2024/10/29 00:00:00,WIND_SPEED,3.6,3.9,3.9,2.4,2.9,1.5,3.1,4.4,3.9,4.4,4.6,4.8,4.4,4.4,3.8,4.6,4.4,3.4,3.9,3.2,1.7,3.3,3.6,4.4,
花蓮,2024/10/29 00:00:00,WS_HR,3.1,3.2,2.5,2.3,1.9,1.4,2.1,2.8,3.1,3.3,3.6,3.6,3.8,3.4,3.7,3.8,3.7,3.4,3.1,2.9,0.7,2.9,3,3.3,
花蓮,2024/10/30 00:00:00,AMB_TEMP,24.8,23.6,22.9,22.6,23,22.9,22.9,23.7,25.7,25.5,26.5,26.8,27.9,28,27.3,25.4,25.8,26.5,26.1,27.4,27.8,27.7,27.5,27.4,
花蓮,2024/10/30 00:00:00,CH4,1.95,1.96,1.98,1.99,1.98,2,2.02,2.03,1.98,#,1.95,1.94,1.94,1.94,1.94,1.93,1.93,1.93,1.93,1.92,1.92,1.91,1.91,1.91,
花蓮,2024/10/30 00:00:00,CO,0.16,0.19,0.18,0.17,0.19,0.2,0.25,0.35,0.29,0.24,0.28,0.23,0.2,0.2,0.19,0.2,0.22,0.23,0.21,0.17,0.16,0.16,0.14,0.14,
花蓮,2024/10/30 00:00:00,NMHC,0,0,0,0,0,0,0.02,0.06,0.02,#,0.04,0.01,0,0,0,0,0,0,0,0,0,0,0,0,
花蓮,2024/10/30 00:00:00,NO,0.3,0.4,0.5,0.5,0.5,0.5,0.7,1.8,2.3,1.5,3.2,1.8,1.1,1.1,0.8,0.8,1,1,0.8,0.7,0.7,0.6,0.5,0.6,
花蓮,2024/10/30 00:00:00,NO2,1.1,2.5,2,1.7,2,3.1,3.8,6.6,8,6.2,10.7,6.1,3.9,3.4,3.7,4.6,7.6,5.5,5.6,4.5,3.3,3.1,1.8,1.4,
花蓮,2024/10/30 00:00:00,NOx,1.5,3,2.5,2.3,2.6,3.6,4.5,8.4,10.4,7.8,14,7.9,5,4.6,4.5,5.5,8.7,6.6,6.4,5.3,4,3.7,2.4,2.1,
花蓮,2024/10/30 00:00:00,O3,52.9,42.9,39.7,37,30.9,24.3,18.7,17.5,30.2,38.6,26.4,35.6,41.3,39,37.4,34.4,26.4,29.4,27.3,27.7,28,27.8,28.1,26.7,
花蓮,2024/10/30 00:00:00,PM10,A,18,14,16,17,16,15,17,16,#,30,19,16,16,14,17,19,24,15,17,24,27,26,27,
花蓮,2024/10/30 00:00:00,PM2.5,5,4,3,2,0,2,1,1,4,3,#,6,4,2,1,2,2,3,5,6,5,6,7,5,
花蓮,2024/10/30 00:00:00,RAINFALL,0,0,0,0,0,0,0,0,0.5,0.5,0,0,0,0,2,8,0,1,1,0,0,0,0,0.5,
花蓮,2024/10/30 00:00:00,RH,74,86,93,95,95,96,97,95,85,91,86,78,75,74,79,97,95,94,96,92,91,92,93,93,
花蓮,2024/10/30 00:00:00,SO2,1,1.2,1.1,1.1,1,1,1,1.1,1.1,#,#,#,1.6,1.7,1.5,1.6,1.6,1.7,1.7,1.8,1.8,1.7,1.5,1.5,
花蓮,2024/10/30 00:00:00,THC,1.92,1.93,1.95,1.98,1.97,2,2.04,2.09,2,#,1.99,1.95,1.93,1.94,1.94,1.93,1.93,1.93,1.92,1.9,1.9,1.89,1.88,1.87,
花蓮,2024/10/30 00:00:00,WD_HR,60,237,231,230,243,235,216,237,37,5,339,37,42,44,45,41,47,44,34,47,52,47,49,44,
花蓮,2024/10/30 00:00:00,WIND_DIREC,50,213,234,230,263,267,213,173,36,343,24,49,52,47,26,39,47,33,50,44,51,45,54,45,
花蓮,2024/10/30 00:00:00,WIND_SPEED,2.6,2.3,2.2,2.9,1.1,2,2.1,0.8,2.3,2.2,1.4,4,4.3,4.1,3,3.4,3.4,3.4,3.8,4.2,5.3,5.1,5.7,5.4,
花蓮,2024/10/30 00:00:00,WS_HR,2.5,1.3,1.9,2.5,1.2,1.4,1.2,1.3,1.3,1.9,0.9,2.1,3.1,3,3.2,2.6,2.6,2.8,2.7,3.5,4.5,4.1,4.4,3.4,
花蓮,2024/10/31 00:00:00,AMB_TEMP,27.1,27.6,27,26.9,26.9,26.7,25.9,26.4,26.5,26.1,25.4,24.9,25,25.5,25.5,25.6,25.6,25.6,25.5,25.2,25.1,25.2,25.2,25.4,
花蓮,2024/10/31 00:00:00,CH4,1.91,1.9,1.89,1.88,1.88,1.88,1.88,1.88,1.87,1.88,1.89,1.9,1.9,A,1.89,1.89,1.9,1.9,1.91,1.93,1.93,1.92,1.92,1.92,
花蓮,2024/10/31 00:00:00,CO,0.14,0.11,0.11,0.11,0.11,0.11,0.11,0.11,0.11,0.11,0.1,0.1,0.1,A,0.11,0.11,0.12,0.13,0.15,0.17,0.16,0.16,0.16,0.16,
花蓮,2024/10/31 00:00:00,NMHC,0,0,0,0,0,0,0,0,0,0,0,0,0,A,0,0,0,0,0,0,0,0,0,0,
花蓮,2024/10/31 00:00:00,NO,0.5,0.8,0.9,0.9,0.9,0.8,0.9,1,0.9,0.8,0.9,0.9,0.9,A,1,0.8,0.7,0.8,0.7,0.8,0.8,0.7,0.7,0.8,
花蓮,2024/10/31 00:00:00,NO2,2,1.2,1.2,1.4,0.6,0.5,0.7,1.1,1.1,1.2,0.5,0.4,0.4,A,0.7,0.1,0.2,0.2,0.4,0.6,0.6,0.5,0.5,0.4,
花蓮,2024/10/31 00:00:00,NOx,2.5,2.1,2.1,2.3,1.5,1.4,1.7,2.1,2.1,2,1.5,1.4,1.4,A,1.7,0.9,1,1,1.1,1.4,1.4,1.3,1.3,1.2,
花蓮,2024/10/31 00:00:00,O3,26.5,26.6,25.2,24.2,25.3,25.9,27.5,27,27.9,28.6,31.1,33,33.7,A,35.2,35.8,39.1,39.5,39,39.8,40.8,41.6,42.4,42.3,
花蓮,2024/10/31 00:00:00,PM10,34,25,30,33,39,30,24,33,62,36,48,61,60,A,87,76,69,76,66,64,67,64,43,40,
花蓮,2024/10/31 00:00:00,PM2.5,4,6,7,6,9,7,4,6,11,7,8,12,14,A,9,12,11,11,9,8,9,11,10,11,
花蓮,2024/10/31 00:00:00,RAINFALL,1.5,1.5,1.5,2,8,27.5,13,40,31.5,22.5,25,14,4.5,9,8,8,14.5,10,16.5,15,12,8,2.5,1,
花蓮,2024/10/31 00:00:00,RH,97,95,97,98,98,98,100,99,100,100,99,99,100,99,99,99,100,100,100,100,100,100,99,99,
花蓮,2024/10/31 00:00:00,SO2,1.4,1.2,1,1,1,1,1,1.1,1,1.1,1.1,1.1,1.2,A,1.2,1.2,1.3,1.4,1.3,1.4,1.4,1.4,1.4,1.3,
花蓮,2024/10/31 00:00:00,THC,1.87,1.87,1.85,1.85,1.84,1.84,1.84,1.84,1.84,1.85,1.86,1.86,1.86,A,1.85,1.86,1.87,1.87,1.9,1.92,1.92,1.9,1.89,1.89,
花蓮,2024/10/31 00:00:00,WD_HR,49,49,39,38,37,32,47,33,41,49,58,59,57,70,82,91,93,107,112,114,115,122,131,134,
花蓮,2024/10/31 00:00:00,WIND_DIREC,45,48,35,45,25,34,35,30,40,46,67,62,66,71,86,91,94,115,113,111,111,126,135,131,
花蓮,2024/10/31 00:00:00,WIND_SPEED,5.1,6.5,4.1,4.6,6,5.3,5.1,7.3,6.2,6.8,7.7,7.3,8.8,9,11.2,7.7,8.6,5.6,6.2,7,6.1,7.6,8.1,8.3,
花蓮,2024/10/31 00:00:00,WS_HR,3.9,4.7,3.5,3.1,4.2,4.5,4.9,3.9,5.5,5.8,6.4,6.6,7.5,9.7,8.7,8.4,7.5,6.5,6,6,5.7,6,8.2,8.4,
花蓮,2024/11/01 00:00:00,AMB_TEMP,25.5,24.9,24.7,24.9,25.1,25.2,24.9,24.7,26,26.3,27.6,29.7,30.3,30.4,30,29.7,28.2,27.4,27,26.3,26,25.8,25.7,25.7,
花蓮,2024/11/01 00:00:00,CH4,1.92,1.96,2.08,2.05,2.01,1.97,1.98,1.97,1.99,1.99,1.98,1.96,1.93,1.93,1.93,1.94,1.94,1.94,1.95,1.96,1.97,1.97,2,1.99,
花蓮,2024/11/01 00:00:00,CO,0.15,0.18,0.2,0.21,0.18,0.22,0.21,0.27,0.28,#,#,0.2,0.18,0.18,0.2,0.24,0.26,0.3,0.28,0.26,0.27,0.27,0.26,0.26,
花蓮,2024/11/01 00:00:00,NMHC,0,0,0.04,0.07,0.03,0.03,0.02,0.05,0.06,0.07,0.07,0.08,0.11,0.09,0.09,0.08,0.06,0.05,0.03,0.03,0.04,0.04,0.03,0,
花蓮,2024/11/01 00:00:00,NO,0.7,0.6,0.6,0.6,0.6,0.9,0.7,0.9,1.3,1.9,1.4,1.3,0.9,0.8,0.7,0.9,0.9,0.9,0.8,0.7,0.7,0.7,0.7,0.6,
花蓮,2024/11/01 00:00:00,NO2,0.4,1.6,2.4,1.9,0.9,1.1,1.2,3.1,4.8,6.5,4.6,3,1.7,1.6,2.7,4.3,5.1,7.1,6.4,4.8,5.4,5.1,4.5,3.7,
花蓮,2024/11/01 00:00:00,NOx,1.1,2.2,3,2.5,1.5,2,1.9,4,6.1,8.4,6.1,4.3,2.6,2.5,3.5,5.2,6.1,8.1,7.2,5.6,6.2,5.8,5.3,4.3,
花蓮,2024/11/01 00:00:00,O3,39.6,35.1,29.4,27.4,30.5,32.9,32.7,27.7,27.1,23.2,25.2,29.6,31.8,33.8,33.2,37.8,37.1,33.9,37,38.4,33.9,29.6,27.2,27.5,
花蓮,2024/11/01 00:00:00,PM10,24,15,x,12,10,12,19,14,11,10,12,9,75,82,98,63,55,53,41,37,40,37,41,21,
花蓮,2024/11/01 00:00:00,PM2.5,9,6,11,8,6,6,7,8,4,5,7,4,17,20,24,18,17,20,15,11,14,15,13,7,
花蓮,2024/11/01 00:00:00,RAINFALL,4,1,0,0,0,0.5,1,0.5,0,0,0,0,0,0,0,0,0,0,0,0,0,0,0,0,
花蓮,2024/11/01 00:00:00,RH,98,99,99,99,97,97,97,98,95,95,90,75,70,73,75,76,81,89,89,94,97,98,98,96,
花蓮,2024/11/01 00:00:00,SO2,1.3,1.6,2.3,1.4,0.9,0.8,0.7,0.7,1,7,0.7,1.1,x,x,x,x,x,x,x,x,x,x,#,#,
花蓮,2024/11/01 00:00:00,THC,1.9,1.96,2.12,2.12,2.04,2,2,2.02,2.05,2.06,2.05,2.04,2.04,2.02,2.02,2.02,2,1.99,1.98,1.99,2.01,2.01,2.03,1.99,
花蓮,2024/11/01 00:00:00,WD_HR,136,138,151,175,164,150,153,138,143,153,155,125,100,101,107,36,26,15,12,37,28,44,39,45,
花蓮,2024/11/01 00:00:00,WIND_DIREC,139,125,137,174,159,151,152,144,154,162,162,94,102,91,43,7,28,3,30,41,38,51,37,40,
花蓮,2024/11/01 00:00:00,WIND_SPEED,2.1,0.7,0.6,1.4,2.4,3,1.8,2.9,2.5,3,2.1,2.2,1.7,0.9,0.4,2.5,2.3,3.3,3.4,4.1,4.3,3.3,3.1,2.8,
花蓮,2024/11/01 00:00:00,WS_HR,5.7,1.3,0.5,1.1,2.5,2,2.4,2.2,2.3,2.9,2.5,1.9,1.3,1.3,0.4,1,1.6,2,2.3,3,2.6,2.9,2.5,2.8,
花蓮,2024/11/02 00:00:00,AMB_TEMP,25.8,25.3,25.1,25,24.9,24.6,23.8,23.1,23.2,23.4,23.9,24.6,25.1,24.8,24.8,24.3,23.9,24,24.2,24.2,24,24,24,24,
花蓮,2024/11/02 00:00:00,CH4,1.98,1.99,2.03,1.98,1.99,1.98,1.97,1.96,1.96,1.97,1.96,1.96,1.96,1.95,1.95,1.94,1.95,1.95,1.96,1.97,1.97,1.98,1.98,1.97,
花蓮,2024/11/02 00:00:00,CO,0.27,0.3,0.31,0.25,0.24,0.24,0.3,0.27,0.29,0.31,0.29,0.3,0.27,0.25,0.24,0.23,0.25,0.3,0.31,0.33,0.34,0.3,0.3,0.27,
花蓮,2024/11/02 00:00:00,NMHC,0,0,0,0,0.03,0.02,0.01,0.02,0.03,0.06,0.04,0.03,0.02,0.01,0,0.01,0.01,0.03,0.03,0.05,0.07,0.05,0.03,0.01,
花蓮,2024/11/02 00:00:00,NO,0.5,0.5,0.4,0.4,0.5,0.5,0.7,0.8,1,1.4,1.3,1.6,1.2,0.8,0.8,0.6,0.4,0.6,0.7,0.5,0.6,0.5,0.5,0.4,
花蓮,2024/11/02 00:00:00,NO2,3.5,3.1,4.5,4.4,2.6,3.3,6.1,5.8,5.9,6.9,7.1,6.8,5.4,4.8,4.5,4.5,4.2,5.4,6,6.8,8.8,7.5,6.7,5.2,
花蓮,2024/11/02 00:00:00,NOx,4,3.7,5,4.9,3.2,3.8,6.8,6.6,7,8.4,8.4,8.5,6.7,5.6,5.3,5.2,4.7,6,6.8,7.4,9.4,8.1,7.2,5.6,
花蓮,2024/11/02 00:00:00,O3,28.8,28.9,23.8,28.9,26.5,23.1,21.4,26.7,29,29.1,30.9,32.3,36.4,39.5,41.2,43.1,45.4,43.7,41.9,39,30.1,30.5,32.7,36.6,
花蓮,2024/11/02 00:00:00,PM10,21,19,32,17,16,18,13,10,8,9,14,10,13,15,16,17,13,14,14,20,17,20,14,18,
花蓮,2024/11/02 00:00:00,PM2.5,1,4,5,4,2,7,6,5,4,2,0,0,2,3,1,0,2,3,4,5,4,3,2,2,
花蓮,2024/11/02 00:00:00,RAINFALL,0,0,0,0,0,1,1,0,0,0,0,0,0,0,0,0,0,0,0,0,0,0,0,0,
花蓮,2024/11/02 00:00:00,RH,96,97,98,97,98,98,99,98,96,96,93,89,81,79,80,90,91,90,90,90,91,91,91,91,
花蓮,2024/11/02 00:00:00,SO2,#,x,x,x,x,x,x,x,x,x,x,x,x,x,x,#,x,x,x,x,x,x,x,x,
花蓮,2024/11/02 00:00:00,THC,1.98,1.99,2.03,1.98,2.02,2,1.98,1.98,1.99,2.03,2,1.99,1.98,1.96,1.95,1.95,1.96,1.98,1.99,2.02,2.04,2.03,2.01,1.98,
花蓮,2024/11/02 00:00:00,WD_HR,41,26,7,266,154,283,355,279,314,327,315,253,47,29,37,42,39,39,27,342,201,172,48,23,
花蓮,2024/11/02 00:00:00,WIND_DIREC,38,41,273,81,175,299,35,277,314,307,292,248,44,13,33,40,39,31,321,264,171,176,30,347,
花蓮,2024/11/02 00:00:00,WIND_SPEED,3,2.1,1.2,0.3,0.9,1.3,1.1,1.7,1.8,1.7,2.1,0.5,2.3,2.1,2.3,3,2.4,1.7,1,0.3,0.3,0.3,1.7,1.8,
花蓮,2024/11/02 00:00:00,WS_HR,2.2,1.6,0.7,0.7,0.4,0.4,0.4,1.2,1,1.1,0.8,0.5,1,1.3,1.2,2.4,2,1.6,1,0.2,0.2,0.4,0.4,0.9,
花蓮,2024/11/03 00:00:00,AMB_TEMP,23.7,23.6,23.2,22.7,22.4,22.5,22.9,23.8,24.7,25.9,26.5,25.8,25.2,25.2,25.4,25.3,25,24.8,24.5,24.2,23.8,23.6,23.3,23.2,
花蓮,2024/11/03 00:00:00,CH4,1.98,1.99,2.01,2,2.05,2.01,2,1.99,2.01,1.99,1.98,1.98,1.98,1.98,1.97,1.97,1.98,1.98,1.99,2.01,2.01,2.01,2.02,2.04,
花蓮,2024/11/03 00:00:00,CO,0.27,0.28,0.24,0.23,0.24,0.26,0.29,0.26,0.29,0.3,0.27,0.27,0.27,0.26,0.26,0.26,0.31,0.34,0.38,0.42,0.39,0.38,0.28,0.28,
花蓮,2024/11/03 00:00:00,NMHC,0.03,0.04,0.01,0.02,0.02,0.03,0.05,0.02,0.02,0.01,0,0,0,0,0,0,0.01,0.02,0.05,0.09,0.09,0.08,0.02,0.02,
花蓮,2024/11/03 00:00:00,NO,0.4,0.4,0.4,0.4,0.5,0.6,0.6,0.9,1.1,1.4,1,0.6,0.8,0.7,0.5,0.5,0.5,0.6,0.6,0.7,0.7,0.8,0.6,0.4,
花蓮,2024/11/03 00:00:00,NO2,5.5,5,3.5,2.3,2.7,3.3,4.5,3.6,3.8,5.9,3.7,2.7,2.9,2.7,2.5,2.5,4.6,6.2,7.7,9.9,9.5,9.1,4.5,3.2,
花蓮,2024/11/03 00:00:00,NOx,5.9,5.4,4,2.8,3.3,3.9,5.2,4.6,4.9,7.4,4.7,3.4,3.7,3.4,3.1,3,5.1,6.8,8.3,10.6,10.3,9.9,5.2,3.7,
花蓮,2024/11/03 00:00:00,O3,26.1,23.5,22.2,18.4,18,18.4,18.9,17.8,24.1,41,52.2,54.5,54,54.8,55.1,54.4,48.1,47,37.7,28.5,27,24,24.9,24.3,
花蓮,2024/11/03 00:00:00,PM10,14,15,18,13,12,17,17,10,16,18,31,45,42,39,39,35,39,47,37,39,36,31,38,28,
花蓮,2024/11/03 00:00:00,PM2.5,3,6,4,0,0,2,2,2,2,4,10,16,16,14,10,14,14,14,15,11,11,12,11,10,
花蓮,2024/11/03 00:00:00,RAINFALL,0,0,0,0,0,0,0,0,0,0,0,0,0,0,0,0,0,0,0,0,0,0,0,0,
花蓮,2024/11/03 00:00:00,RH,92,93,94,96,98,97,95,94,90,76,71,74,75,72,72,72,75,76,77,78,80,86,90,91,
花蓮,2024/11/03 00:00:00,SO2,x,A,x,x,x,x,x,#,x,#,x,x,x,x,x,x,x,x,x,x,x,x,x,x,
花蓮,2024/11/03 00:00:00,THC,2.01,2.03,2.02,2.02,2.07,2.04,2.05,2.01,2.03,2,1.98,1.98,1.98,1.97,1.97,1.96,1.99,2,2.04,2.1,2.1,2.09,2.04,2.06,
花蓮,2024/11/03 00:00:00,WD_HR,241,177,167,166,182,207,168,165,155,52,42,39,44,44,40,38,334,5,252,190,194,204,168,174,
花蓮,2024/11/03 00:00:00,WIND_DIREC,159,214,166,182,217,195,170,163,76,35,44,19,50,41,46,40,32,309,218,188,219,168,165,180,
花蓮,2024/11/03 00:00:00,WIND_SPEED,0.3,0.3,0.4,1.2,0.3,0.3,1.6,1.5,1.3,2.4,2.9,2.7,3,3.1,2.4,2.4,2.1,2.3,1.4,1.4,1.3,1.5,2,2.3,
花蓮,2024/11/03 00:00:00,WS_HR,0.5,0.2,0.5,0.4,1.2,0.3,0.9,1.4,0.6,1.9,2.3,2.3,2.5,2.3,2.1,1.9,0.8,0.8,1,1.1,1.1,1,1.8,1.7,
花蓮,2024/11/04 00:00:00,AMB_TEMP,22.9,22.9,22.8,22.7,22.2,21.8,21.8,23.2,26,27.5,28.3,28.4,28,27.5,26.1,25.5,24.4,23.5,24.4,24.7,25,25,25,24.5,
花蓮,2024/11/04 00:00:00,CH4,2.02,2.02,2.02,2.01,2.07,2.11,2.08,2.02,1.96,1.93,1.93,1.92,1.92,1.93,1.93,1.93,1.94,1.94,1.95,1.96,1.96,1.96,1.96,1.96,
花蓮,2024/11/04 00:00:00,CO,0.27,0.25,0.23,0.22,0.22,0.24,0.28,0.36,0.36,0.23,0.19,0.18,0.17,0.17,0.18,0.19,0.21,0.28,0.23,0.2,0.21,0.18,0.2,0.23,
花蓮,2024/11/04 00:00:00,NMHC,0.02,0.01,0,0,0,0,0.01,0.04,0.05,0,0,0,0,0,0,0,0,0.03,0,0,0,0,0,0,
花蓮,2024/11/04 00:00:00,NO,0.6,0.3,0.1,0.2,0.2,0.1,0.3,2.1,3.6,1.4,0.9,0.6,0.5,0.5,0.5,0.2,0.2,0.4,0.3,0.1,0.3,0.2,0.2,0,
花蓮,2024/11/04 00:00:00,NO2,3.1,3.1,2,1.6,1.7,1.8,3,5.3,8.6,5.7,3.7,2.7,2.2,2.2,2.8,3.1,3.8,7.1,5.8,3.9,2.6,2.4,2.5,3.3,
花蓮,2024/11/04 00:00:00,NOx,3.7,3.5,2.1,1.9,1.9,2,3.3,7.5,12.2,7.1,4.7,3.4,2.8,2.8,3.3,3.4,4.1,7.6,6.2,4.1,2.9,2.6,2.7,3.4,
花蓮,2024/11/04 00:00:00,O3,23.3,21.2,21.1,21.6,17.7,15.8,16.5,14.6,26.6,41.7,45.8,46.1,47.6,46.9,44,43.4,42.9,38.8,44.7,47.4,47.8,49.1,48.1,42.2,
花蓮,2024/11/04 00:00:00,PM10,30,23,24,23,24,23,27,26,37,28,21,19,20,18,19,17,22,14,27,26,23,30,27,25,
花蓮,2024/11/04 00:00:00,PM2.5,8,8,7,8,7,8,9,11,9,5,2,2,4,6,5,5,5,7,11,10,7,10,9,6,
花蓮,2024/11/04 00:00:00,RAINFALL,0,0,0,0,0,0,0,0,0,0,0,0,0,0,0,0,0,1,0,0,0,0,0,0,
花蓮,2024/11/04 00:00:00,RH,93,93,93,93,95,96,96,92,73,66,64,66,69,75,80,82,90,96,89,77,69,67,66,68,
花蓮,2024/11/04 00:00:00,SO2,x,1,0.9,1,1,0.9,0.8,0.9,0.9,0.9,0.7,0.6,0.5,0.5,0.5,0.1,0.3,0.1,0.3,0.2,0.2,0,0,0.2,
花蓮,2024/11/04 00:00:00,THC,2.04,2.03,2.01,2,2.06,2.11,2.09,2.06,2.01,1.93,1.92,1.92,1.91,1.92,1.93,1.92,1.93,1.97,1.95,1.94,1.94,1.94,1.94,1.95,
花蓮,2024/11/04 00:00:00,WD_HR,187,187,192,174,172,176,174,191,97,36,56,41,39,57,51,33,39,30,27,37,40,41,26,16,
花蓮,2024/11/04 00:00:00,WIND_DIREC,209,197,184,167,169,167,168,192,39,33,73,41,32,57,45,34,44,36,39,38,29,44,38,253,
花蓮,2024/11/04 00:00:00,WIND_SPEED,1.4,1.2,1.1,1.3,1.7,1.7,1.9,1.2,1.7,2.8,3.3,3.1,2.6,3.6,3.1,3.5,2.9,2.7,3.8,3.6,3.6,3.3,2.2,1,
花蓮,2024/11/04 00:00:00,WS_HR,1.5,1.1,1.3,1.6,1.7,1.5,1.4,1.3,0.2,1.6,2.3,2.1,2.3,3,2.8,2.5,2.2,1.2,2.3,2.6,3.2,2.9,2,0.6,
花蓮,2024/11/05 00:00:00,AMB_TEMP,23.7,22.8,22.9,22.5,22.4,22.4,21.9,23.6,25.5,26.7,27.2,27.7,27.3,27.2,26.1,25.4,24.7,24.4,23.8,23.2,23,23.2,23.1,23.3,
花蓮,2024/11/05 00:00:00,CH4,1.97,1.98,1.97,1.97,1.98,1.97,1.98,1.98,1.96,1.96,1.95,1.94,1.94,1.94,1.94,1.95,1.97,1.97,1.97,1.98,1.99,2,2,1.99,
花蓮,2024/11/05 00:00:00,CO,0.26,0.22,0.21,0.2,0.2,0.21,0.26,0.28,0.31,0.24,0.27,0.24,0.19,0.18,0.19,0.21,0.26,0.3,0.24,0.24,0.24,0.22,0.21,0.2,
花蓮,2024/11/05 00:00:00,NMHC,0.01,0,0,0,0,0,0.03,0.02,0.01,0,0.02,0.02,0,0.06,0.03,0.01,0.01,0.01,0,0,0,0,0,0,
花蓮,2024/11/05 00:00:00,NO,0.2,0.5,0.5,0.4,0.5,0.6,0.8,1.6,2.1,1.5,1.6,1.1,0.8,0.8,0.8,0.6,0.6,0.5,0.6,0.5,0.5,0.4,0.5,0.4,
花蓮,2024/11/05 00:00:00,NO2,4,1.9,1.4,1.1,1.2,1.8,4.3,4.1,5.8,4.3,5.4,3.6,1.9,1.8,2.4,2.2,2.9,4.5,3.1,2.4,2.6,2,1.6,1.2,
花蓮,2024/11/05 00:00:00,NOx,4.3,2.5,1.9,1.6,1.7,2.5,5.2,5.7,8,5.9,7,4.7,2.8,2.7,3.3,2.9,3.6,5.1,3.8,2.9,3.1,2.4,2.1,1.7,
花蓮,2024/11/05 00:00:00,O3,34.9,30.6,29.1,25.8,24.7,22,16,19.9,34.6,39.4,44.5,48.6,47.7,47,47,48.9,51.3,48.8,50.2,52.4,53.1,55.2,55.7,56.3,
花蓮,2024/11/05 00:00:00,PM10,20,18,13,18,21,19,21,20,16,22,28,44,35,32,30,30,27,29,26,14,18,21,21,24,
花蓮,2024/11/05 00:00:00,PM2.5,3,6,6,3,3,6,7,3,3,6,8,6,4,9,8,9,13,11,7,4,4,5,8,13,
花蓮,2024/11/05 00:00:00,RAINFALL,0,0,0,0,0,0,0,0,0,0,0,0,0,0,0,0,0,0,0,0,0,0,0,0,
花蓮,2024/11/05 00:00:00,RH,74,78,78,79,81,81,87,75,65,61,60,64,66,68,72,76,78,78,84,87,86,77,76,75,
花蓮,2024/11/05 00:00:00,SO2,0.2,0.6,0.7,0.7,0.6,0.6,0.5,0.6,1.1,1.1,0.9,0.5,0.3,0.3,0.3,0.3,0.3,0.3,0.1,0.1,0.1,0,0.2,0,
花蓮,2024/11/05 00:00:00,THC,1.98,1.97,1.96,1.95,1.96,1.97,2.01,2,1.97,1.96,1.97,1.96,1.93,2,1.97,1.96,1.98,1.98,1.97,1.97,1.99,1.99,1.98,1.98,
花蓮,2024/11/05 00:00:00,WD_HR,193,167,167,172,178,184,165,168,202,104,61,43,40,43,44,41,37,42,37,38,39,35,36,34,
花蓮,2024/11/05 00:00:00,WIND_DIREC,134,174,175,161,234,186,146,180,175,74,25,37,51,31,43,40,36,40,35,34,33,28,29,41,
花蓮,2024/11/05 00:00:00,WIND_SPEED,0.8,1.2,1,1.5,1,1.8,2.4,1.5,2,2.1,2.6,4.2,3.9,3.4,4.4,3.6,4.3,4.5,4.7,3.5,4.5,3.7,3.5,4.3,
花蓮,2024/11/05 00:00:00,WS_HR,0.9,1.3,1.3,1.4,1.4,1.6,1.5,1.5,1.3,1.3,1.9,3,3.3,3.1,3.2,3.2,2.8,3.4,3.6,3.6,3.3,2.9,2.7,2.5,
花蓮,2024/11/06 00:00:00,AMB_TEMP,23.1,22.9,22.7,22.8,22.8,22.9,23,23.2,23.4,#,#,#,24.4,24.2,23.6,23.4,23.4,23.4,23.3,23.2,23.1,22.8,23,22.9,
花蓮,2024/11/06 00:00:00,CH4,1.99,1.99,1.97,1.96,1.95,1.95,1.95,1.94,1.94,#,#,#,#,#,1.97,#,#,1.98,1.98,1.97,1.98,1.98,1.97,1.97,
花蓮,2024/11/06 00:00:00,CO,0.19,0.18,0.17,0.16,0.15,0.15,0.15,0.17,0.17,0.21,0.18,0.18,0.18,0.18,0.16,0.16,0.21,0.25,0.24,0.23,0.18,0.15,0.16,0.15,
花蓮,2024/11/06 00:00:00,NMHC,0,0,0,0,0,0,0,0,0,#,#,#,#,#,0,#,#,0,0,0,0,0,0,0,
花蓮,2024/11/06 00:00:00,NO,0.2,0.4,0.6,0.6,0.4,0.5,0.6,0.7,0.7,0.8,1.1,1,1,0.8,0.9,0.8,1,0.6,0.7,0.8,0.6,0.6,0.7,0.5,
花蓮,2024/11/06 00:00:00,NO2,1,1.4,1.1,0.9,1.1,1.1,1.5,2.4,3.3,3.7,4,3.6,3.4,2.9,3.1,2.7,3.6,4.2,4.7,3.6,3.1,1.8,1.6,1.3,
花蓮,2024/11/06 00:00:00,NOx,1.2,1.9,1.7,1.6,1.6,1.6,2.1,3.1,4,4.5,5.1,4.6,4.4,3.7,4,3.5,4.6,4.8,5.4,4.4,3.8,2.5,2.4,1.9,
花蓮,2024/11/06 00:00:00,O3,55.7,53.8,52.3,50.8,50.2,48.1,46.8,45.6,44.7,44,43.8,44.2,44.8,45.1,45.4,46.2,44.8,44.3,44.3,45.5,45.7,46.4,46.1,46.6,
花蓮,2024/11/06 00:00:00,PM10,21,30,26,25,27,31,30,39,42,42,35,33,36,25,27,18,29,29,24,18,23,21,26,21,
花蓮,2024/11/06 00:00:00,PM2.5,7,5,5,5,4,7,4,5,11,11,9,6,4,4,5,4,4,5,4,2,1,4,4,2,
花蓮,2024/11/06 00:00:00,RAINFALL,0,0,0,0,0,0,0,0,0,0,0,0,0,0,0,0,0,0,0,0,0,0,0,0,
花蓮,2024/11/06 00:00:00,RH,74,73,74,71,68,67,66,62,61,#,#,#,59,59,63,62,59,56,61,60,60,61,59,59,
花蓮,2024/11/06 00:00:00,SO2,0.1,A,x,x,x,x,#,0.3,0.3,0.5,0.2,0.2,0.4,0.1,0.2,0.4,0.5,0.7,0.8,0.8,0.7,0.4,0.3,0.6,
花蓮,2024/11/06 00:00:00,THC,1.97,1.97,1.95,1.94,1.93,1.93,1.94,1.94,1.94,#,#,#,#,#,1.96,#,#,1.97,1.97,1.97,1.96,1.95,1.95,1.95,
花蓮,2024/11/06 00:00:00,WD_HR,47,48,53,51,45,51,54,48,46,#,#,#,#,77,73,73,78,75,75,72,76,77,74,70,
花蓮,2024/11/06 00:00:00,WIND_DIREC,45,46,46,48,42,63,51,47,45,#,#,#,82,76,76,74,79,73,69,69,77,77,72,70,
花蓮,2024/11/06 00:00:00,WIND_SPEED,4.2,3.8,3.8,4.5,4.3,4.5,4.1,5.1,4.8,#,#,#,4.6,4.1,3.4,4.4,4,4.1,4.1,3.6,3.9,3.6,4.3,2.9,
花蓮,2024/11/06 00:00:00,WS_HR,3.3,3.4,3.3,3.3,3.7,3.7,3.3,3.7,3.7,#,#,#,#,3.8,3.1,3.5,3.1,3.6,3.1,3.1,3.3,3.3,3.2,2.6,
花蓮,2024/11/07 00:00:00,AMB_TEMP,22.8,22.9,22.9,22.9,22.8,22.5,22.4,22.4,23,24,24.7,24.4,24.2,24.7,24.5,24,23.9,23.5,23.3,NA,22.9,#,23,23,
花蓮,2024/11/07 00:00:00,CH4,1.97,1.97,1.99,1.98,1.98,1.99,1.98,1.99,1.99,#,1.99,1.98,1.98,1.98,1.98,1.98,1.98,1.99,1.98,NA,1.98,#,2,2.01,
花蓮,2024/11/07 00:00:00,CO,0.15,0.16,0.15,0.18,0.2,0.22,0.22,0.35,0.35,0.32,0.32,#,0.23,0.22,0.21,0.2,0.2,0.35,0.37,NA,0.29,#,0.42,0.38,
花蓮,2024/11/07 00:00:00,NMHC,0,0,0,0,0,0,0,0.02,0.02,#,0,0,0,0,0,0,0,0.01,0,NA,0,#,0,0,
花蓮,2024/11/07 00:00:00,NO,0.6,0.9,0.8,0.8,0.7,0.7,0.9,1.7,2,2.3,2.7,#,1.2,1.4,1.4,1,1,1.1,1.1,NA,1.1,#,1.1,1,
花蓮,2024/11/07 00:00:00,NO2,1.2,2.1,1,2.3,3.2,5.1,4.4,8.1,10.7,8.1,7.6,#,3.6,2.8,4.1,3.8,3.7,6.1,6.4,NA,4.4,#,11.7,12.1,
花蓮,2024/11/07 00:00:00,NOx,1.9,3.1,1.8,3.1,4,5.9,5.3,9.8,12.7,10.5,10.3,#,4.8,4.3,5.5,4.8,4.7,7.2,7.6,NA,5.6,#,12.8,13.2,
花蓮,2024/11/07 00:00:00,O3,45.9,44.7,45.7,43.8,40.3,27.4,36.9,30.3,29.9,34.2,#,38.1,41.3,42.6,41.7,42.1,42.6,38.5,39.2,NA,39.3,#,25.6,22.8,
花蓮,2024/11/07 00:00:00,PM10,23,26,24,32,27,16,16,18,19,#,10,12,9,11,12,19,10,18,18,NA,15,27,26,31,
花蓮,2024/11/07 00:00:00,PM2.5,0,0,6,6,5,4,7,4,0,0,#,2,1,0,0,7,6,4,4,NA,5,6,8,11,
花蓮,2024/11/07 00:00:00,RAINFALL,0,0,0,0,0,0,0,0,0,#,0,0,0,0,0,0,0,0,0,NA,0,#,0,0,
花蓮,2024/11/07 00:00:00,RH,59,60,60,59,60,63,70,71,68,66,64,68,71,67,69,73,74,77,80,NA,83,#,82,81,
花蓮,2024/11/07 00:00:00,SO2,0.4,1.4,1.1,1.3,1.4,1.2,1.3,1.2,1.4,1.5,1.1,#,0.8,0.9,1,1,0.9,1.1,1.2,NA,1.5,#,1.4,1.4,
花蓮,2024/11/07 00:00:00,THC,1.95,1.94,1.94,1.95,1.95,1.97,1.97,2.01,2.01,#,1.98,1.98,1.97,1.96,1.97,1.98,1.97,2,1.98,NA,1.97,#,2,2.01,
花蓮,2024/11/07 00:00:00,WD_HR,72,72,70,68,25,299,73,321,78,57,77,71,70,70,70,68,68,60,70,NA,65,#,41,325,
花蓮,2024/11/07 00:00:00,WIND_DIREC,72,75,66,71,300,66,80,300,65,42,68,74,72,75,68,64,72,66,77,NA,41,7,40,307,
花蓮,2024/11/07 00:00:00,WIND_SPEED,2.6,3.4,3.3,3.4,1.2,0.3,1.7,1.1,2.2,2.4,2.1,3.7,3.6,2.9,3,2.2,2.9,2.3,2.6,NA,1.8,1.6,1.3,1,
花蓮,2024/11/07 00:00:00,WS_HR,2.5,2.5,2.8,2.8,0.7,0.8,1.6,1,1.6,1.2,1.5,2.7,2.5,2.2,2.5,1.9,2.5,1.3,2.3,NA,1.7,#,0.6,0.8,
花蓮,2024/11/08 00:00:00,AMB_TEMP,23.3,23.5,22.8,23,22.4,21.9,22,22,22.5,23.4,24,22.7,22.3,22.6,23.3,24.1,24.4,24.1,23.7,23.6,23.6,23.7,23.6,23.4,
花蓮,2024/11/08 00:00:00,CH4,2.01,1.99,2,1.98,2,1.99,1.99,1.99,2.03,1.98,2,1.99,1.98,1.98,1.98,1.98,1.99,1.99,2.01,2.01,2.02,2.01,2.04,2.02,
花蓮,2024/11/08 00:00:00,CO,0.31,0.35,0.25,0.29,0.32,0.31,0.31,0.33,0.3,0.27,0.3,0.45,0.45,0.35,0.33,0.41,0.61,0.51,0.42,0.39,0.36,0.34,0.33,0.32,
花蓮,2024/11/08 00:00:00,NMHC,0,0,0,0,0,0,0.02,0.02,0,0.01,0.05,0.03,0.05,0.03,0.05,0.08,0.12,0.12,0.11,0.07,0.04,0.01,0.01,0.01,
花蓮,2024/11/08 00:00:00,NO,0.9,0.8,0.7,0.7,0.6,0.8,#,1.7,2,1.7,1.7,2.9,3.7,3.5,2.5,3.1,2.9,3,2,1.9,1.2,1.1,0.7,0.9,
花蓮,2024/11/08 00:00:00,NO2,10.3,6.4,4.6,4.7,7,6.5,#,7.1,5.8,4.5,6.2,12.9,15.9,11.5,8.5,12.9,18.6,20.7,12.9,11.2,9,7.8,6.8,6.2,
花蓮,2024/11/08 00:00:00,NOx,11.3,7.2,5.3,5.5,7.7,7.3,#,8.9,7.9,6.3,8,15.8,19.7,15.1,11.1,16,21.6,23.7,14.9,13.1,10.2,9,7.6,7.1,
花蓮,2024/11/08 00:00:00,O3,27,35.1,35.7,34.1,25,22.5,#,12.6,19,27.3,25,23,22.2,22.3,21.9,17.4,14.5,9.3,12,12,12.2,12.6,12,10.9,
花蓮,2024/11/08 00:00:00,PM10,22,16,17,15,15,17,17,14,11,11,14,14,11,8,7,8,24,26,16,10,13,20,13,19,
花蓮,2024/11/08 00:00:00,PM2.5,6,5,4,4,3,0,0,0,2,1,1,2,0,0,0,3,4,6,6,2,0,0,5,7,
花蓮,2024/11/08 00:00:00,RAINFALL,0,0,0,0,2,0,0,0,0,0,1,1,1,0,0,0,0,0,0,0,0,0,0,0,
花蓮,2024/11/08 00:00:00,RH,80,80,86,84,87,91,90,89,89,82,80,91,92,91,89,87,85,88,89,89,89,89,89,90,
花蓮,2024/11/08 00:00:00,SO2,1.5,1.3,1,1,1.1,0.9,#,0.7,0.7,0.7,0.7,0.8,0.8,0.6,0.5,0.5,0.6,0.7,0.8,1.3,1,1.4,1.2,1.1,
花蓮,2024/11/08 00:00:00,THC,2.01,1.95,1.95,1.95,1.97,1.98,2.01,2.01,2.03,1.99,2.05,2.02,2.03,2.01,2.03,2.06,2.11,2.11,2.12,2.08,2.06,2.02,2.05,2.03,
花蓮,2024/11/08 00:00:00,WD_HR,20,69,4,62,322,253,266,233,232,240,225,350,302,303,296,313,294,245,249,244,243,236,236,243,
花蓮,2024/11/08 00:00:00,WIND_DIREC,61,69,6,352,306,247,265,213,229,255,212,8,294,298,320,316,288,229,255,257,255,233,254,252,
花蓮,2024/11/08 00:00:00,WIND_SPEED,2,1.8,0.9,1.3,1.2,1.1,1.2,1.8,2.2,1.8,0.6,0.8,1.6,1.3,0.7,0.4,1.3,1.8,1.6,1.3,2.4,1.4,0.7,1.8,
花蓮,2024/11/08 00:00:00,WS_HR,0.6,1.3,0.5,1,0.8,0.9,1.1,1.6,1.9,2,0.7,0.2,1.4,1.5,0.7,0.6,0.4,1.3,1.4,1.5,1.9,1.8,1.5,1.3,
花蓮,2024/11/09 00:00:00,AMB_TEMP,23.2,23.1,22.9,22.9,22.8,22.5,22.6,24.1,25.9,27.9,28.6,28.5,28.5,28.3,28.2,27.2,26.6,25.8,25.7,25.7,25.3,25.1,25,24.9,
花蓮,2024/11/09 00:00:00,CH4,2.03,2.02,2.09,2.04,2.01,2.02,2.02,2.02,2,1.97,1.97,1.94,1.95,1.94,1.94,1.94,1.94,1.94,1.95,1.95,1.97,1.96,1.96,1.96,
花蓮,2024/11/09 00:00:00,CO,0.3,0.27,0.26,0.23,0.2,0.22,0.25,0.26,0.27,0.27,0.19,0.14,0.17,0.18,0.17,0.17,0.17,0.21,0.2,0.19,0.2,0.32,0.23,0.39,
花蓮,2024/11/09 00:00:00,NMHC,0,0,0,0.01,0.05,0.02,0.01,0,0,0,0,0,0,0,0,0,0,0,0,0,0,0,0,0,
花蓮,2024/11/09 00:00:00,NO,0.9,0.4,0.3,0.4,0.4,0.7,1.1,1.5,2.3,3.3,2.2,0.6,1.3,0.7,0.9,0.7,0.6,0.3,0.3,0.4,0.3,0.4,0.4,0.2,
花蓮,2024/11/09 00:00:00,NO2,4.8,3.8,3.2,3.3,3.8,5.3,4.6,3.6,4,6.2,4.7,1.4,3.9,2.2,3,2.9,3.3,4.2,4.6,4.2,3.9,5.3,5.6,4,
花蓮,2024/11/09 00:00:00,NOx,5.7,4.3,3.6,3.8,4.2,6.1,5.8,5.1,6.3,9.5,7,2,5.2,3,3.9,3.6,4,4.6,5,4.7,4.2,5.8,6.1,4.3,
花蓮,2024/11/09 00:00:00,O3,13.2,14,11.4,9.3,6.4,5.9,5.9,11,14.1,21.3,33.3,35,40.5,45.4,40.6,36.8,33.2,31.6,32.8,32.4,33.1,28.8,30.6,29.9,
花蓮,2024/11/09 00:00:00,PM10,15,14,19,10,13,16,17,9,17,9,18,10,14,16,15,14,10,10,14,8,7,10,12,9,
花蓮,2024/11/09 00:00:00,PM2.5,3,3,4,2,0,3,3,4,4,2,0,0,0,1,5,3,2,1,0,0,0,1,3,0,
花蓮,2024/11/09 00:00:00,RAINFALL,0,0,0,0,0,0,0,0,0,0,0,0,0,0,0,0,0,0,0,0,0,0,0,0,
花蓮,2024/11/09 00:00:00,RH,90,89,91,90,90,91,91,85,79,72,72,72,74,76,77,83,86,91,91,90,91,93,93,93,
花蓮,2024/11/09 00:00:00,SO2,1.1,1.3,1.2,1.1,1.1,0.9,1,0.9,0.9,1.1,0.9,0.6,0.5,0.3,0.3,0.3,0.6,0.7,0.8,0.7,0.5,0.6,0.7,1.1,
花蓮,2024/11/09 00:00:00,THC,2.03,2,2.06,2.05,2.06,2.04,2.03,2.02,1.99,1.97,1.95,1.9,1.91,1.9,1.91,1.91,1.92,1.93,1.94,1.94,1.95,1.93,1.94,1.94,
花蓮,2024/11/09 00:00:00,WD_HR,243,236,229,298,266,250,242,236,237,204,112,119,113,101,80,71,67,67,69,64,71,66,61,46,
花蓮,2024/11/09 00:00:00,WIND_DIREC,241,228,234,266,259,248,244,227,264,108,121,101,112,110,71,74,64,67,82,58,73,68,59,349,
花蓮,2024/11/09 00:00:00,WIND_SPEED,1.8,2.4,1.1,0.7,0.8,1.7,2,1.7,1.1,0.9,2.5,2.6,3.1,2.7,3,2.6,2.9,2.2,1.8,1.6,1.4,1.7,1.7,1.1,
花蓮,2024/11/09 00:00:00,WS_HR,1.8,1.9,1.5,0.8,0.7,1,1.7,1.6,1.4,0.6,2,2.5,2.7,2.7,2.1,2,2.1,1.9,1.7,1.3,1.4,1.3,1,0.6,
花蓮,2024/11/10 00:00:00,AMB_TEMP,24.9,25,24.8,25,25.1,24.8,24.9,25.2,25.3,26.1,27,27,27.2,26.8,26.3,25.9,25.6,25.2,25,25,24.9,24.9,24.9,24.5,
花蓮,2024/11/10 00:00:00,CH4,1.98,1.98,2.01,2,1.98,1.98,1.98,1.97,1.96,1.95,1.95,1.94,1.95,1.94,1.94,1.95,1.95,1.96,1.96,1.97,1.97,1.98,1.98,1.98,
花蓮,2024/11/10 00:00:00,CO,0.68,0.67,0.71,0.56,0.36,0.27,0.21,0.17,0.22,0.2,0.16,0.16,0.16,0.15,0.16,0.16,0.19,0.2,0.2,0.22,0.23,0.25,0.24,0.24,
花蓮,2024/11/10 00:00:00,NMHC,0,0,0,0,0,0,0,0,0,0,0,0,0,0,0,0,0,0,0,0,0,0,0,0,
花蓮,2024/11/10 00:00:00,NO,0.4,0.7,0.7,0.7,0.6,0.7,0.6,0.7,1,1.3,1.1,1,0.8,0.9,0.9,0.7,0.7,0.7,0.7,0.7,0.6,0.6,0.6,0.8,
花蓮,2024/11/10 00:00:00,NO2,8.5,12.3,14.8,12.2,10,8,6.3,3.6,5.9,5.2,3.1,2.1,2.3,2,2,2.3,3.4,4,3.9,4.3,5.1,6.5,5.8,5.6,
花蓮,2024/11/10 00:00:00,NOx,8.9,13.1,15.5,13,10.7,8.7,7,4.4,6.9,6.6,4.3,3.1,3.2,3,2.9,3.1,4.1,4.8,4.6,5,5.7,7.1,6.5,6.4,
花蓮,2024/11/10 00:00:00,O3,20.7,17.3,10.7,10.2,15.2,16.5,22.1,29.6,26,28.2,33.6,33.7,35.5,35.3,34.5,35.7,35.5,36.1,36.8,36.5,34.6,32.5,32.2,27.2,
花蓮,2024/11/10 00:00:00,PM10,11,15,21,18,14,15,15,12,19,12,11,12,10,8,8,13,18,13,16,17,21,21,19,21,
花蓮,2024/11/10 00:00:00,PM2.5,0,2,4,5,4,2,1,2,2,2,3,2,0,0,1,4,6,3,1,3,2,2,2,4,
花蓮,2024/11/10 00:00:00,RAINFALL,0,0,0,0,0,0,0,0,0,0,0,0,0,0,0,0,0,0,0,0,0,0,0,0,
花蓮,2024/11/10 00:00:00,RH,93,92,93,91,91,93,93,90,89,84,79,79,77,79,80,83,84,85,85,84,85,84,84,87,
花蓮,2024/11/10 00:00:00,SO2,1.4,1.8,1.5,1.4,1.2,1,0.9,0.9,0.9,1.2,1.2,1,1.1,1.3,1.5,1.3,1.3,1.2,1,1.3,1.3,1.6,1.8,1.7,
花蓮,2024/11/10 00:00:00,THC,1.95,1.95,1.98,1.99,1.96,1.96,1.96,1.93,1.95,1.93,1.92,1.91,1.92,1.9,1.92,1.92,1.93,1.94,1.94,1.95,1.95,1.96,1.96,1.96,
花蓮,2024/11/10 00:00:00,WD_HR,336,28,321,324,341,348,53,74,62,66,73,70,83,70,70,69,70,73,69,69,58,63,17,303,
花蓮,2024/11/10 00:00:00,WIND_DIREC,21,19,300,7,326,332,67,81,70,67,63,66,75,74,67,69,67,76,64,66,27,57,303,296,
花蓮,2024/11/10 00:00:00,WIND_SPEED,0.5,1.3,1.2,0.8,0.7,0.6,1.3,1.6,1.8,2.4,3.3,2.6,2.9,3.3,2.7,2.4,2.2,2.5,2.2,1.4,1.2,1,1.4,1.1,
花蓮,2024/11/10 00:00:00,WS_HR,0.7,0.4,1,0.4,0.3,0.5,0.5,1.3,1.1,1.6,2.2,2.2,2.4,2.2,2.3,1.9,1.8,1.9,1.8,1.3,0.9,0.9,0.5,1.2,
花蓮,2024/11/11 00:00:00,AMB_TEMP,24.3,24.1,23.9,24.1,24.3,24.4,24.1,24.7,25.8,26.7,27.2,27.1,27,27.2,27.2,26.6,26.1,25.9,25.9,25.8,24.7,24.3,24.7,24.5,
花蓮,2024/11/11 00:00:00,CH4,1.97,1.98,1.99,1.98,1.98,1.99,1.98,1.96,1.97,1.97,1.96,1.96,1.95,1.95,1.95,1.95,1.95,1.95,1.95,1.97,1.99,2,2.02,1.98,
花蓮,2024/11/11 00:00:00,CO,0.23,0.22,0.24,0.29,0.29,0.28,0.32,0.35,0.39,0.39,0.19,0.19,0.17,0.17,0.17,0.18,0.19,0.27,0.29,0.3,0.29,0.25,0.32,0.25,
花蓮,2024/11/11 00:00:00,NMHC,0,0,0,0,0,0,0.01,0.03,0,0,0,0,0,0,0,0,0,0.01,0.03,0.01,0.03,0.01,0.05,0.03,
花蓮,2024/11/11 00:00:00,NO,0.4,0.3,0.4,0.3,0.4,0.5,0.8,2.8,2.8,3.8,1.6,1.1,1,0.8,0.9,0.8,0.7,0.5,0.7,0.5,0.7,0.6,0.7,0.7,
花蓮,2024/11/11 00:00:00,NO2,5.6,6.1,5.8,6.1,5.8,6.1,6.7,7,8.6,9,4.2,3.9,3.1,2.8,3.1,3.5,4.6,6.5,7.9,8.8,9.2,6,9,7.3,
花蓮,2024/11/11 00:00:00,NOx,6.1,6.4,6.2,6.5,6.3,6.7,7.5,9.8,11.4,12.8,5.8,5,4.1,3.6,4.1,4.3,5.4,7.1,8.7,9.4,9.9,6.6,9.7,8.1,
花蓮,2024/11/11 00:00:00,O3,25.9,24.3,25.6,23.5,21.7,20,12.7,7.8,21.3,23.6,37.5,38.4,41.5,41.6,39.7,39.4,40,36.7,34.2,29.9,25.2,22.8,18.9,16.5,
花蓮,2024/11/11 00:00:00,PM10,17,21,16,17,16,19,22,21,23,22,17,19,23,21,24,23,24,29,24,35,30,31,24,22,
花蓮,2024/11/11 00:00:00,PM2.5,4,5,4,5,5,4,3,6,5,3,4,7,8,5,5,5,9,10,8,6,10,10,10,10,
花蓮,2024/11/11 00:00:00,RAINFALL,0,0,0,0,0,0,0,0,0,0,0,0,0,0,0,0,0,0,0,0,1,0,0,0,
花蓮,2024/11/11 00:00:00,RH,88,90,90,87,87,86,88,84,79,74,71,72,73,72,71,73,78,79,81,82,88,90,89,87,
花蓮,2024/11/11 00:00:00,SO2,1.6,1.2,1.4,2.1,2.3,1.7,1.2,1.1,1.6,1.8,1.2,1,1.1,1.2,1.3,1.1,1.1,1.2,1.1,1.4,1.4,1.6,4.3,1.6,
花蓮,2024/11/11 00:00:00,THC,1.95,1.95,1.95,1.95,1.96,1.97,1.99,1.99,1.97,1.97,1.94,1.94,1.93,1.92,1.93,1.94,1.94,1.96,1.98,1.98,2.02,2.01,2.07,2.01,
花蓮,2024/11/11 00:00:00,WD_HR,295,327,340,297,283,276,257,246,282,68,77,76,73,77,68,70,68,66,62,91,273,91,324,296,
花蓮,2024/11/11 00:00:00,WIND_DIREC,336,355,337,266,276,275,261,226,22,73,70,70,75,77,63,72,62,70,65,249,151,68,305,239,
花蓮,2024/11/11 00:00:00,WIND_SPEED,0.6,1.5,1.5,0.8,0.5,1.2,1.3,1.5,1.1,2.4,2.8,3,2.9,2.5,3.6,2.5,2.2,1.7,1.4,0.8,0.7,0.9,1.1,0.8,
花蓮,2024/11/11 00:00:00,WS_HR,0.8,0.3,0.7,0.8,0.4,0.5,0.7,1.1,0.2,0.9,2.6,2.4,2.5,2.1,2.5,2.5,1.9,1.4,0.7,0.3,1.1,0.7,0.6,0.9,
花蓮,2024/11/12 00:00:00,AMB_TEMP,24.2,23.7,23.5,23.3,23.2,23.3,23.5,23.7,24.6,26.1,26.7,26.1,25.1,25.6,25.8,24.6,24.5,24.1,24.1,24.3,24.1,23.6,23.5,23.6,
花蓮,2024/11/12 00:00:00,CH4,1.99,1.99,2.01,1.96,1.95,1.97,1.97,1.97,1.98,1.95,1.94,1.92,1.91,1.92,1.93,1.93,1.93,1.94,1.93,1.94,1.94,1.93,1.93,1.94,
花蓮,2024/11/12 00:00:00,CO,0.22,0.19,0.17,0.16,0.15,0.18,0.22,0.32,0.36,0.28,0.33,0.23,0.16,0.18,0.2,0.19,0.23,0.32,0.3,0.28,0.27,0.18,0.14,0.14,
花蓮,2024/11/12 00:00:00,NMHC,0,0,0,0,0,0,0,0.02,0.06,0.03,0.02,0,0,0,0.05,0,0.02,0.06,0.07,0.05,0.07,0,0,0,
花蓮,2024/11/12 00:00:00,NO,0.7,0.5,0.4,0.5,0.4,0.6,0.8,2.8,6.2,6,5.5,2.3,1.4,1.8,2.1,2,1.9,3.1,2.4,2.1,2.3,1.2,0.7,0.6,
花蓮,2024/11/12 00:00:00,NO2,5,3.6,3,3.5,2,2.6,3.7,6.2,7.7,7.2,8.2,5.9,3.7,4.7,6.3,7.2,7.8,11.9,11.4,11.6,10.8,10.1,5,2.5,
花蓮,2024/11/12 00:00:00,NOx,5.7,4.1,3.5,4.1,2.4,3.2,4.5,9.1,13.9,13.3,13.7,8.2,5.1,6.5,8.4,9.2,9.7,15,13.8,13.7,13.1,11.4,5.7,3.1,
花蓮,2024/11/12 00:00:00,O3,17.3,12.4,14.2,8.8,8.2,13,7.5,6.4,5.8,8.5,12.6,20.3,19.9,18.7,16.9,15.2,12.7,9.1,8,7.8,5.9,14.3,20.5,19.8,
花蓮,2024/11/12 00:00:00,PM10,22,21,15,17,18,17,15,17,13,13,22,10,12,12,9,7,11,8,8,8,12,10,8,12,
花蓮,2024/11/12 00:00:00,PM2.5,5,9,6,2,0,0,0,0,3,4,4,5,3,1,2,2,6,3,3,5,3,5,5,2,
花蓮,2024/11/12 00:00:00,RAINFALL,0,0.5,0.5,0.5,0,0,0,0,0,0,0,0.5,0,0,4,1.5,0.5,4,0,0,0.5,10,4,1,
花蓮,2024/11/12 00:00:00,RH,89,91,92,92,92,91,91,90,88,82,81,88,91,89,88,92,91,93,92,93,92,94,92,91,
花蓮,2024/11/12 00:00:00,SO2,1.4,0.8,1,1,0.9,1,1.2,1.2,1.2,1.2,1.3,1.3,0.9,0.8,0.8,0.9,0.7,1,1,0.9,0.9,0.9,1,1.1,
花蓮,2024/11/12 00:00:00,THC,1.99,1.98,1.98,1.94,1.92,1.95,1.96,1.99,2.04,1.98,1.96,1.92,1.9,1.92,1.98,1.93,1.95,2,2,1.99,2.01,1.89,1.9,1.93,
花蓮,2024/11/12 00:00:00,WD_HR,249,240,266,247,244,246,250,243,263,242,313,65,63,22,330,19,14,321,320,312,307,67,342,272,
花蓮,2024/11/12 00:00:00,WIND_DIREC,263,234,259,248,271,233,249,245,279,221,18,66,57,357,299,23,349,299,92,291,49,4,322,219,
花蓮,2024/11/12 00:00:00,WIND_SPEED,1.1,1.4,0.9,1.8,1.3,1.8,1.8,0.9,0.9,1,1.8,2.1,2,1.6,1.3,2.1,1.5,1.7,0.9,1.1,1.4,3.2,2,1.4,
花蓮,2024/11/12 00:00:00,WS_HR,1.2,0.9,1.1,1.3,1.4,1.7,1.4,1.3,1,0.9,0.4,1.4,1.2,0.6,0.7,0.6,0.5,0.7,0.2,1,0.4,1.6,0.6,0.7,
花蓮,2024/11/13 00:00:00,AMB_TEMP,23.4,22.9,22.3,23.1,24.1,23.2,23.2,23.7,25,27.6,28.4,28.3,28.9,28.1,27.4,26.7,27,26.3,26.5,26.5,26.1,25.8,25.5,25.2,
花蓮,2024/11/13 00:00:00,CH4,1.96,1.96,1.94,1.93,1.95,1.99,1.97,2,1.96,1.94,1.95,1.93,1.93,1.92,1.91,1.91,1.92,1.93,1.99,2.01,1.98,1.96,1.96,1.96,
花蓮,2024/11/13 00:00:00,CO,0.13,0.12,0.1,0.11,0.13,0.13,0.14,0.2,0.29,0.26,0.23,0.7,0.29,0.12,0.12,0.13,0.23,0.25,0.39,0.31,0.29,0.26,0.26,0.22,
花蓮,2024/11/13 00:00:00,NMHC,0,0,0,0,0,0,0,0,0.03,0.03,0,0,0,0,0,0,0.03,0.03,0.09,0.08,0.05,0.03,0.04,0.05,
花蓮,2024/11/13 00:00:00,NO,0.4,0.7,0.8,0.8,0.8,0.8,0.9,1.6,3.8,4.6,3.6,4.4,4.7,1.8,1.1,1.4,1.5,1.7,1.8,2,1.2,1.4,1.1,1.3,
花蓮,2024/11/13 00:00:00,NO2,2.3,1.6,1.1,2.2,1.3,1.8,1.7,2.4,5.9,6.1,6.3,8.2,4.6,2,1.3,2.2,6.4,10.9,14,14.7,9.9,8.6,6.3,6.4,
花蓮,2024/11/13 00:00:00,NOx,2.8,2.3,1.9,3,2.1,2.7,2.7,4,9.8,10.8,9.9,12.6,9.4,3.9,2.5,3.7,8,12.7,15.9,16.7,11.1,10,7.4,7.7,
花蓮,2024/11/13 00:00:00,O3,15.9,20.1,30.6,22,20.6,15.6,17,13.6,11.2,16.1,20,19.2,22,23.8,22.7,18.2,15.8,9.1,7.2,8.7,9.2,10.9,11.5,7.8,
花蓮,2024/11/13 00:00:00,PM10,11,8,6,5,8,11,14,11,14,#,28,19,18,14,8,8,23,27,25,28,27,28,21,19,
花蓮,2024/11/13 00:00:00,PM2.5,0,2,2,0,0,0,1,2,2,6,#,0,2,2,3,0,0,5,5,3,3,6,5,4,
花蓮,2024/11/13 00:00:00,RAINFALL,0.5,1.5,1,0,0,0,0,0,0,0,0,0,0,0,0,0,0,0,0,0,0,0,0,0,
花蓮,2024/11/13 00:00:00,RH,93,94,94,90,84,90,90,89,84,74,73,72,71,77,81,84,83,87,87,87,90,92,91,90,
花蓮,2024/11/13 00:00:00,SO2,1,1.3,0.9,0.7,0.6,0.6,0.7,0.9,0.9,0.7,0.5,1.8,1.4,0.1,0.1,0.5,1.1,1,0.7,0.6,0.5,0.7,0.6,0.4,
花蓮,2024/11/13 00:00:00,THC,1.94,1.93,1.89,1.9,1.94,1.97,1.94,1.99,1.99,1.97,1.95,1.9,1.9,1.88,1.88,1.87,1.95,1.96,2.08,2.09,2.03,1.99,2,2.01,
花蓮,2024/11/13 00:00:00,WD_HR,181,64,41,324,284,237,233,230,252,99,122,100,85,107,122,151,347,120,12,57,29,358,322,295,
花蓮,2024/11/13 00:00:00,WIND_DIREC,169,52,342,6,248,233,237,307,273,86,96,105,91,107,147,120,98,124,39,67,50,338,310,267,
花蓮,2024/11/13 00:00:00,WIND_SPEED,0.9,1.2,1.9,1.6,1.2,1.6,3,1.1,1.6,1.4,1.6,2.4,2.7,2.1,1.3,0.6,0.7,1.1,0.6,0.9,0.7,1.1,1.1,0.8,
花蓮,2024/11/13 00:00:00,WS_HR,0.5,0.6,0.6,1.5,0.9,1.5,2.7,1.7,1.2,0.3,1.3,2,1.9,2.1,1.5,0.7,0.1,0.9,0.2,0.7,0.5,0.6,0.6,0.7,
花蓮,2024/11/14 00:00:00,AMB_TEMP,24.8,24.2,24.2,23.9,23.9,24,23.9,24.9,26,26.7,26.6,26.7,28.2,28.5,28.6,28.8,27.5,26.7,26.2,25.6,25.4,25.2,25,24.6,
花蓮,2024/11/14 00:00:00,CH4,1.96,1.94,2.05,2.04,1.96,1.96,1.95,1.97,2.01,2.02,1.99,1.95,1.93,1.93,1.92,1.93,1.9,1.9,1.91,1.96,1.97,1.98,1.98,2.01,
花蓮,2024/11/14 00:00:00,CO,0.2,0.15,0.16,0.16,0.14,0.14,0.18,0.21,0.18,0.18,0.16,0.18,0.18,0.17,0.16,0.14,0.22,0.2,0.17,0.19,0.24,0.19,0.19,0.14,
花蓮,2024/11/14 00:00:00,NMHC,0.03,0,0,0,0,0,0,0,0,0.01,0,0.02,0.01,0.01,0,0,0.01,0.04,0,0.01,0.05,0.01,0.01,0,
花蓮,2024/11/14 00:00:00,NO,0.9,0.6,0.5,0.4,0.5,0.6,1.2,2.4,4.2,2.5,2.2,3.2,3.2,1.9,1.8,3.6,2,2.1,1.3,1.4,1.8,1.4,1.3,0.9,
花蓮,2024/11/14 00:00:00,NO2,4.8,2.3,2.2,2.5,2.3,1.9,2.8,2.9,2.7,3.5,2.9,3.6,3,4.2,3.9,6.3,4.8,5.5,3.9,4.1,6.3,5.4,4.7,3.2,
花蓮,2024/11/14 00:00:00,NOx,5.7,3,2.8,3,2.9,2.5,4.1,5.3,7,6.1,5.1,6.8,6.3,6.2,5.7,10,6.9,7.7,5.3,5.5,8.2,6.9,6,4.1,
花蓮,2024/11/14 00:00:00,O3,6.5,4.7,6.4,6.3,6.3,7,5.9,6.5,7.9,8.7,8.6,8.6,12.5,15.2,16,13.9,10.5,9.3,10.5,7.6,3.5,5.3,3.4,4.8,
花蓮,2024/11/14 00:00:00,PM10,23,24,21,25,22,20,24,24,20,19,19,17,21,16,18,17,28,38,24,36,14,19,17,11,
花蓮,2024/11/14 00:00:00,PM2.5,4,5,5,3,6,5,4,3,2,7,5,5,5,3,1,0,3,8,7,8,8,5,4,5,
花蓮,2024/11/14 00:00:00,RAINFALL,0,0,0,0,0,0,0,0,0,0,0,0,0,0,0,0,0,0,0,0,0.5,0,0.5,0,
花蓮,2024/11/14 00:00:00,RH,90,89,91,93,88,87,87,84,80,77,78,79,71,71,70,70,80,86,89,91,90,90,91,92,
花蓮,2024/11/14 00:00:00,SO2,0.6,0.4,0.6,0.7,0.7,0.7,0.7,0.7,0.8,0.8,0.8,3.8,3.4,3.6,2.3,1.1,0.9,0.9,0.7,0.8,0.8,0.8,0.8,0.8,
花蓮,2024/11/14 00:00:00,THC,1.99,1.93,2.02,2.01,1.94,1.94,1.95,1.97,2.01,2.03,1.98,1.97,1.94,1.94,1.92,1.9,1.91,1.94,1.91,1.97,2.02,1.99,1.99,2,
花蓮,2024/11/14 00:00:00,WD_HR,249,245,218,225,241,236,239,228,227,222,222,207,240,208,249,184,158,141,174,217,259,240,258,234,
花蓮,2024/11/14 00:00:00,WIND_DIREC,249,242,207,228,231,224,236,221,223,223,213,132,278,239,237,146,166,158,134,267,271,293,229,233,
花蓮,2024/11/14 00:00:00,WIND_SPEED,0.9,1.6,1.5,1.5,1.7,1.8,2,2.2,2.3,2.6,3.3,0.8,1.4,1.9,1.7,1.1,0.8,1.1,1.5,1.3,1,1.9,0.9,2.1,
花蓮,2024/11/14 00:00:00,WS_HR,0.9,1.3,1.4,1.8,1.4,1.8,1.8,2.3,2.2,2.2,2.7,1.3,1.4,0.8,1.1,0.8,0.8,0.9,1,0.7,0.8,1.2,0.7,1.7,
花蓮,2024/11/15 00:00:00,AMB_TEMP,24.6,24.2,24.3,24.2,24.2,24.5,24.4,25,26.8,27.8,29,29.6,29.2,28.5,28.8,28,27.7,27.1,26.7,25.3,24.3,24.1,24,23.9,
花蓮,2024/11/15 00:00:00,CH4,1.99,2.02,1.99,1.97,1.98,1.98,1.98,1.99,1.96,1.98,1.94,1.92,1.91,1.92,1.93,1.94,1.94,1.93,1.95,2,1.94,1.95,1.97,1.98,
花蓮,2024/11/15 00:00:00,CO,0.12,0.11,0.11,0.11,0.11,0.11,0.13,0.19,0.16,0.21,0.14,0.14,0.12,0.12,0.13,0.18,0.21,0.22,0.22,0.16,0.13,0.15,0.15,0.12,
花蓮,2024/11/15 00:00:00,NMHC,0,0,0,0,0,0,0,0,0,0,0.01,0.02,0,0,0,0.02,0.03,0.02,0.04,0,0,0,0,0,
花蓮,2024/11/15 00:00:00,NO,0.5,0.5,0.5,0.5,0.7,0.4,0.9,2.7,3.7,6.1,2.7,2.3,1.7,1.4,1.4,2.2,3.1,1.8,2.1,1.6,1.1,0.9,1,0.9,
花蓮,2024/11/15 00:00:00,NO2,2,1.5,1.5,1.4,1.4,1.2,1.4,1.9,1.9,3.6,1.7,2.1,1.6,1.3,2.1,4.4,6.1,6,5.7,4.6,2.5,2.8,3.9,2.1,
花蓮,2024/11/15 00:00:00,NOx,2.5,2,2.1,2,2.1,1.7,2.4,4.6,5.6,9.7,4.5,4.4,3.4,2.8,3.6,6.6,9.2,7.8,7.9,6.2,3.7,3.8,4.9,3.1,
花蓮,2024/11/15 00:00:00,O3,5.4,4.7,4.8,3.7,3.5,4,3.1,3,4,4.5,7.2,8.6,8.5,9.3,10.9,8.9,6.7,6.1,5.4,5.2,6.1,5.7,5.3,5.3,
花蓮,2024/11/15 00:00:00,PM10,15,16,14,21,18,17,17,16,16,27,17,17,14,16,20,22,29,22,22,22,16,15,14,10,
花蓮,2024/11/15 00:00:00,PM2.5,6,6,6,4,2,1,1,4,5,7,4,1,2,1,2,9,8,3,2,3,2,3,4,1,
花蓮,2024/11/15 00:00:00,RAINFALL,0,0,0,0,0,0,0,0,0,0,0,0,0,0,0,0,0,0,0,0,3.5,1,0,0,
花蓮,2024/11/15 00:00:00,RH,91,92,91,90,89,87,88,85,77,74,69,68,68,72,69,73,75,78,79,87,93,95,94,94,
花蓮,2024/11/15 00:00:00,SO2,0.8,1,1.2,1.2,1.2,1.1,1.1,1.2,1.1,12.1,2,1.5,1.2,1.4,1.5,1.9,2.3,1.4,1.4,1.5,1.6,5.8,3.1,1.7,
花蓮,2024/11/15 00:00:00,THC,1.96,1.99,1.95,1.94,1.95,1.95,1.95,1.99,1.96,1.98,1.95,1.94,1.89,1.9,1.92,1.96,1.97,1.95,1.99,2,1.92,1.93,1.97,1.96,
花蓮,2024/11/15 00:00:00,WD_HR,228,236,232,238,228,229,224,223,214,215,224,231,209,224,210,198,231,218,222,231,216,208,226,221,
花蓮,2024/11/15 00:00:00,WIND_DIREC,227,241,231,225,217,241,226,221,199,229,227,225,207,233,200,194,206,225,237,228,218,264,220,231,
花蓮,2024/11/15 00:00:00,WIND_SPEED,2,2.2,2.9,2,3.7,2.4,2.9,3.3,3.6,3.3,3.4,3.5,4.2,2.7,2.7,1.4,2.1,2.4,2.1,3.1,3,1,1.3,2.2,
花蓮,2024/11/15 00:00:00,WS_HR,1.9,1.8,2.6,1.9,2.5,2.9,2.7,3,3,2.9,3.2,2.7,3.3,3.1,2.6,1.8,2.4,2.4,1.7,2.7,2.9,0.7,1.2,1.8,
花蓮,2024/11/16 00:00:00,AMB_TEMP,24.1,24.2,23.9,23.7,23.5,23.4,23.5,23.6,23.8,24,24.6,25.9,28.2,27.3,27,26.9,26.7,26.3,26,25.8,25.1,24.9,24.8,24.8,
花蓮,2024/11/16 00:00:00,CH4,1.94,1.92,2,1.94,1.98,2.01,1.99,2,1.95,1.96,1.95,1.97,1.95,1.92,1.91,1.91,1.91,1.94,1.97,1.96,1.93,1.94,1.94,1.95,
花蓮,2024/11/16 00:00:00,CO,0.11,0.1,0.11,0.1,0.1,0.11,0.13,0.17,0.14,0.15,0.17,0.15,0.15,0.12,0.13,0.13,0.17,0.29,0.37,0.33,0.18,0.18,0.17,0.16,
花蓮,2024/11/16 00:00:00,NMHC,0,0,0,0,0,0,0,0,0,0,0,0,0,0,0,0,0,0.08,0.1,0.09,0,0,0,0,
花蓮,2024/11/16 00:00:00,NO,0.8,0.5,0.4,0.4,0.3,0.4,0.6,0.8,1.1,1.2,1.8,2.2,2,0.9,1.1,0.9,0.9,0.9,1.5,1.7,0.6,0.4,0.6,0.7,
花蓮,2024/11/16 00:00:00,NO2,1.4,1,1.4,0.7,1,1.6,2,3,2.9,2.6,3.2,3.1,2.3,1.6,2.2,2.4,2.8,8.3,11.2,11.4,5.3,3.2,3.3,3.3,
花蓮,2024/11/16 00:00:00,NOx,2.2,1.6,1.9,1.1,1.3,2.1,2.7,3.8,4,3.8,5,5.4,4.3,2.6,3.4,3.3,3.7,9.2,12.8,13.1,6,3.7,4,4.1,
花蓮,2024/11/16 00:00:00,O3,8.5,13.7,11.2,14.4,13.5,11.8,11.3,10.3,10.9,11.3,10.7,11.7,16.5,18.6,19.4,20,18.8,16.6,11.5,9.3,22.1,26.2,24.8,23.9,
花蓮,2024/11/16 00:00:00,PM10,15,12,18,11,13,13,10,16,15,13,11,8,13,12,14,21,16,24,28,35,18,15,21,19,
花蓮,2024/11/16 00:00:00,PM2.5,1,1,2,1,0,0,0,4,4,3,0,0,4,4,2,0,3,4,8,12,6,3,1,2,
花蓮,2024/11/16 00:00:00,RAINFALL,0.5,0,0.5,1.5,0,0,0,0,0,0.5,0,0,0,0,0,0,0,0,0,0,0,0,0,0,
花蓮,2024/11/16 00:00:00,RH,91,88,90,91,92,92,91,91,90,90,88,83,73,77,82,83,84,83,85,86,93,93,93,93,
花蓮,2024/11/16 00:00:00,SO2,2.3,1.3,3.6,1.3,1.5,1.7,2,1.5,1.3,1.4,1.3,1.6,2.1,1.5,1.5,1.6,1.6,1.9,1.9,1.6,1.5,1.5,1.6,1.5,
花蓮,2024/11/16 00:00:00,THC,1.92,1.89,1.96,1.9,1.95,1.98,1.97,1.99,1.94,1.95,1.95,1.97,1.93,1.88,1.88,1.87,1.89,2.02,2.07,2.05,1.93,1.93,1.93,1.94,
花蓮,2024/11/16 00:00:00,WD_HR,241,223,219,222,219,244,222,221,223,224,237,220,160,101,92,104,96,52,20,8,72,58,18,339,
花蓮,2024/11/16 00:00:00,WIND_DIREC,238,204,220,224,281,233,203,244,212,233,237,216,127,81,104,83,70,55,6,56,87,54,4,335,
花蓮,2024/11/16 00:00:00,WIND_SPEED,1.3,2.4,3.9,1.8,1.2,1.8,1.6,1.9,3.3,2.5,2,1,2.2,1.6,1.2,1.2,0.9,0.7,1,1.6,2,1.1,0.6,0.5,
花蓮,2024/11/16 00:00:00,WS_HR,2.1,1.6,2.1,2.2,1.5,1.5,1.8,2,2.9,2.9,2.1,1.2,0.7,1.6,1,1.3,0.6,0.7,0.6,0.6,1.2,0.9,0.5,0.3,
花蓮,2024/11/17 00:00:00,AMB_TEMP,24.7,24.7,24.7,24.7,24.6,24.5,24.4,25.3,26.4,27.5,28.1,27.6,28.1,27.3,26.8,25.7,25.6,25.7,25.5,25.1,25,24.7,24.7,24.8,
花蓮,2024/11/17 00:00:00,CH4,1.94,1.95,1.96,1.97,1.99,1.98,2,1.96,1.95,1.93,1.92,1.92,1.91,1.91,1.91,1.92,1.92,1.93,1.93,1.93,1.93,1.94,1.95,1.95,
花蓮,2024/11/17 00:00:00,CO,0.18,0.2,0.2,0.21,0.21,0.21,0.27,0.27,0.22,0.19,0.2,0.18,0.14,0.13,0.12,0.13,0.14,0.16,0.15,0.16,0.19,0.16,0.16,0.16,
花蓮,2024/11/17 00:00:00,NMHC,0,0,0,0.03,0.05,0.04,0.08,0.05,0.02,0,0,0,0,0,0,0,0,0,0,0,0,0,0,0,
花蓮,2024/11/17 00:00:00,NO,0.7,1,1.8,1,1,1.1,3,4.7,3.2,2.4,2.2,1.6,1.5,1.1,1.1,1,1,1,1,0.9,0.7,0.9,1,0.9,
花蓮,2024/11/17 00:00:00,NO2,4.7,4.9,4.9,4.3,5.2,4.3,5.2,5.2,3,3.4,3.4,3.5,2.1,1.3,1,1.3,1.9,2.3,2.2,2.3,3.5,3,2.3,2.5,
花蓮,2024/11/17 00:00:00,NOx,5.5,5.9,6.8,5.3,6.2,5.4,8.3,10,6.2,5.8,5.6,5.1,3.7,2.5,2.2,2.3,2.9,3.4,3.2,3.2,4.2,4,3.3,3.4,
花蓮,2024/11/17 00:00:00,O3,17.1,11.9,7,5.4,4.7,3.2,1.3,5.5,10.2,20,24.5,31,33.8,34.6,35.5,35.3,34.8,35.6,36.7,35.5,31.5,28.7,29.9,30.5,
花蓮,2024/11/17 00:00:00,PM10,21,21,17,23,23,21,24,28,22,25,21,15,16,16,19,20,14,20,21,13,21,16,17,19,
花蓮,2024/11/17 00:00:00,PM2.5,1,1,3,4,2,5,5,4,9,7,5,3,0,0,1,0,0,0,1,0,0,2,0,1,
花蓮,2024/11/17 00:00:00,RAINFALL,0,0,0,0,0,0,0,0,0,0,0,0,0,0,0,0,0,0,0,0,0,0,0,0,
花蓮,2024/11/17 00:00:00,RH,91,91,89,89,90,89,90,85,80,78,74,74,72,73,75,78,76,73,73,76,78,79,79,79,
花蓮,2024/11/17 00:00:00,SO2,1.4,1.1,1.1,1,1.1,1.1,1,1.3,1.5,1.7,3.3,1.6,1.3,1.2,1.5,1.4,1.5,1.2,1.4,1.5,1.6,1.7,2.3,2.7,
花蓮,2024/11/17 00:00:00,THC,1.94,1.95,1.96,2,2.04,2.02,2.08,2.01,1.97,1.92,1.9,1.91,1.89,1.88,1.88,1.89,1.9,1.91,1.91,1.91,1.92,1.93,1.92,1.93,
花蓮,2024/11/17 00:00:00,WD_HR,326,306,307,321,246,291,261,237,199,110,76,83,75,74,69,70,72,76,75,75,85,238,234,236,
花蓮,2024/11/17 00:00:00,WIND_DIREC,321,279,330,266,238,221,277,236,148,127,71,72,80,76,72,69,73,80,72,67,237,236,205,267,
花蓮,2024/11/17 00:00:00,WIND_SPEED,1.3,0.9,0.4,0.3,0.9,0.2,0.6,1,1,1.3,2.4,2.5,3.9,3.8,4.2,4.1,3.3,3.5,3.5,2.3,1.2,2.6,1.7,2.4,
花蓮,2024/11/17 00:00:00,WS_HR,1,0.3,0.6,0.2,0.5,0.2,0.6,0.7,0.4,1.5,1,1.9,3,3.3,3.6,3.1,2.8,2.8,2.8,1.8,0.4,2.2,1.4,1.2,
花蓮,2024/11/18 00:00:00,AMB_TEMP,24.4,24,23.7,23.3,23.1,23.2,23.2,23,23.2,23.2,23.3,22.9,23,22.8,22.4,21.6,21.3,21.2,21.1,21,21.3,21.4,21.8,21.7,
花蓮,2024/11/18 00:00:00,CH4,1.96,1.97,2.02,2.01,2,2,2,1.99,1.99,1.99,1.99,1.99,2,2,1.99,1.99,1.99,1.99,1.99,1.99,1.99,1.99,1.99,1.99,
花蓮,2024/11/18 00:00:00,CO,0.16,0.21,0.25,0.22,0.2,0.19,0.19,0.21,0.21,0.2,0.2,0.21,0.21,0.2,0.2,0.2,0.21,0.22,0.21,0.19,0.19,0.19,0.19,0.18,
花蓮,2024/11/18 00:00:00,NMHC,0,0,0,0,0,0,0,0,0,0,0,0,0,0,0,0,0,0,0,0,0,0,0,0,
花蓮,2024/11/18 00:00:00,NO,0.8,0.1,0.2,0.3,0.3,0,0.3,0.2,0.4,0.5,0.4,0.6,0.5,0.5,0.5,0.4,0.3,0.5,0.5,0.2,0.3,0.3,0.2,0.2,
花蓮,2024/11/18 00:00:00,NO2,1.8,1.5,1.3,0.9,0.7,1,1.3,2.3,3.4,3.3,3.1,2.9,2.9,3,3.1,3.2,3.5,3.9,3.6,2.8,2.2,1.7,1.6,1.3,
花蓮,2024/11/18 00:00:00,NOx,2.7,1.6,1.5,1.2,1,1.1,1.6,2.5,3.8,3.9,3.6,3.5,3.5,3.5,3.6,3.7,3.8,4.4,4.1,3,2.5,2,1.8,1.5,
花蓮,2024/11/18 00:00:00,O3,34.1,43.1,45,45.2,45,43.7,43,41.5,40.6,42,42.6,42.4,42.1,41.7,41,40.5,40.3,39.9,39.7,40.8,41.2,41.9,41.9,43.4,
花蓮,2024/11/18 00:00:00,PM10,18,20,22,26,34,35,30,26,24,28,32,32,38,34,34,30,25,21,23,21,21,19,21,15,
花蓮,2024/11/18 00:00:00,PM2.5,2,4,7,12,10,9,7,9,6,9,8,9,10,7,9,7,8,8,10,6,3,2,0,0,
花蓮,2024/11/18 00:00:00,RAINFALL,0,0,0,0,0,0,0,0,0,0,0,0,0,0,0,1,1,0.5,0.5,0.5,0,0,0,0,
花蓮,2024/11/18 00:00:00,RH,81,83,84,83,80,77,76,77,75,74,73,74,72,74,76,80,82,82,84,83,81,79,76,75,
花蓮,2024/11/18 00:00:00,SO2,2.4,0.9,0.9,0.9,1,0.9,1,1.2,1.3,1.2,1,1.1,1.1,1.2,1.3,#,1.5,1.7,1.6,1.6,1.7,1.7,1.7,1.9,
花蓮,2024/11/18 00:00:00,THC,1.93,1.94,1.97,1.97,1.96,1.96,1.96,1.97,1.97,1.97,1.97,1.97,1.98,1.98,1.98,1.98,1.97,1.98,1.97,1.96,1.96,1.96,1.96,1.96,
花蓮,2024/11/18 00:00:00,WD_HR,62,75,75,76,75,75,74,74,74,75,72,73,75,78,77,74,73,71,71,72,69,70,69,69,
花蓮,2024/11/18 00:00:00,WIND_DIREC,70,75,70,69,68,76,74,74,75,75,72,72,76,79,81,72,76,70,68,75,67,75,72,43,
花蓮,2024/11/18 00:00:00,WIND_SPEED,2.6,3.6,3.9,5.9,4.4,4.5,4.5,3.5,4.8,4.7,5.1,4.7,4.7,3.7,3.5,4.2,3.6,3.8,4,3.8,3.9,3.8,4.1,2.3,
花蓮,2024/11/18 00:00:00,WS_HR,0.5,2.7,3,4,4,4.1,3.8,3.6,3.4,3.6,3.8,3.5,3.5,3.4,3.5,3,3.2,3.2,2.9,3.3,3,3.4,2.8,2.7,
花蓮,2024/11/19 00:00:00,AMB_TEMP,21,21,20.7,20.7,20.4,20.3,20.7,20.9,21.7,22.6,23.2,23.4,23.6,23.8,23.7,23.3,22.9,22.5,22.2,21.8,21.6,21.7,21.7,21.6,
花蓮,2024/11/19 00:00:00,CH4,2,2.01,2.01,2.01,2.01,2.01,2.01,2.02,2.01,2.01,2,1.99,1.98,1.98,1.98,1.98,1.98,1.98,1.99,2.01,2.01,2.01,2.02,2.01,
花蓮,2024/11/19 00:00:00,CO,0.22,0.22,0.22,0.22,0.22,0.22,0.25,0.46,0.48,0.39,0.41,0.31,0.21,0.2,0.2,0.2,0.23,0.28,0.33,0.41,0.43,0.4,0.39,0.29,
花蓮,2024/11/19 00:00:00,NMHC,0,0,0,0,0,0,0.01,0.08,0.08,0.04,0.03,0.01,0,0,0,0,0,0.01,0.01,0.04,0.06,0.06,0.09,0.02,
花蓮,2024/11/19 00:00:00,NO,0.1,0.3,0.4,0.4,0.5,0.4,0.6,2.8,5.4,3.6,2.9,2.1,0.9,0.6,0.7,0.6,0.7,0.6,0.6,0.7,1,1,0.7,0.8,
花蓮,2024/11/19 00:00:00,NO2,3.6,4.3,5,3.8,3.8,3.5,6.7,13.3,15.4,14.6,11.5,8.7,3.3,3,3.3,3.6,4.7,5.2,9.4,14.8,15.6,12.6,11.7,7.6,
花蓮,2024/11/19 00:00:00,NOx,3.7,4.6,5.5,4.2,4.4,4,7.3,16.2,20.9,18.3,14.4,10.9,4.3,3.7,4,4.3,5.5,5.8,10,15.6,16.7,13.6,12.4,8.4,
花蓮,2024/11/19 00:00:00,O3,31,31.7,27.2,24.4,21.3,20.2,20.5,16.7,13,20.9,28.1,33.8,40.5,40.8,41.2,40.4,38.9,37.2,32,19.5,17.6,14.5,12.7,12.6,
花蓮,2024/11/19 00:00:00,PM10,16,17,14,17,17,13,15,19,22,18,20,21,10,12,19,20,20,15,15,23,25,21,25,17,
花蓮,2024/11/19 00:00:00,PM2.5,1,5,3,2,3,3,2,3,3,5,5,3,0,0,3,5,3,3,1,4,5,3,2,7,
花蓮,2024/11/19 00:00:00,RAINFALL,0.5,0,0,0,0,0,0,0,0,0,0,0,0,0,0,0,0,0,0,1.5,0,0,0,0,
花蓮,2024/11/19 00:00:00,RH,82,83,84,85,88,88,87,87,83,78,75,75,74,73,74,76,80,82,84,89,89,88,89,89,
花蓮,2024/11/19 00:00:00,SO2,1.8,0.7,0.9,0.9,0.8,0.8,0.9,0.9,1,1.5,2.1,2,1,0.6,0.8,0.9,1,1,1.4,1.7,1.6,1.3,1.1,1.1,
花蓮,2024/11/19 00:00:00,THC,1.97,1.99,1.99,2,2,2,2.02,2.1,2.09,2.05,2.03,2,1.97,1.97,1.97,1.97,1.98,1.99,2,2.05,2.07,2.07,2.11,2.03,
花蓮,2024/11/19 00:00:00,WD_HR,332,299,269,271,245,263,332,303,255,19,53,70,70,68,68,71,67,65,58,30,314,301,288,265,
花蓮,2024/11/19 00:00:00,WIND_DIREC,35,243,308,242,237,299,69,251,29,351,75,68,77,65,69,70,60,63,54,335,308,285,271,284,
花蓮,2024/11/19 00:00:00,WIND_SPEED,1.2,1.3,1.1,2,1.4,0.8,1.8,0.8,1.3,1.7,1.6,3.2,2.5,2.5,3,2.8,2.5,1.7,1.6,1.3,0.9,1.2,1.3,0.8,
花蓮,2024/11/19 00:00:00,WS_HR,0.8,0.4,1,1,1.1,1.1,0.5,1,0.4,0.6,0.7,2.4,2.1,1.8,2.4,2.5,2.2,1.8,1.1,0.5,0.8,0.7,0.8,0.7,
花蓮,2024/11/20 00:00:00,AMB_TEMP,21.7,21.6,21.8,21.8,21.9,21.8,21.8,22.4,23.6,25.2,25.5,25.7,25.5,25,24.3,23.6,23.5,23.7,23.8,23.5,23.5,23.4,23.3,23.1,
花蓮,2024/11/20 00:00:00,CH4,2.02,2.03,2.03,2.03,2.03,2.04,2.04,2.04,2.01,2,1.98,1.98,1.98,1.98,1.98,1.99,1.99,1.99,1.99,1.99,2,2.02,2.01,2.01,
花蓮,2024/11/20 00:00:00,CO,0.29,0.25,0.24,0.25,0.26,0.28,0.32,0.52,0.43,0.29,0.31,0.26,0.23,0.18,0.2,0.2,0.23,0.28,0.28,0.38,0.38,0.38,0.36,0.34,
花蓮,2024/11/20 00:00:00,NMHC,0.06,0.05,0,0.01,0.01,0.05,0.04,0.1,0.04,0,0,0,0,0,0,0,0,0.02,0.06,0.02,0.01,0.01,0.02,0.01,
花蓮,2024/11/20 00:00:00,NO,0.5,0.7,0.8,0.9,0.9,1,1.9,6.8,7.7,4.5,2.5,1.8,1.6,1.2,1.2,1,0.9,1,0.9,0.8,0.8,0.9,0.9,0.9,
花蓮,2024/11/20 00:00:00,NO2,6.6,7.8,8.4,8.1,8.6,10.8,13.3,13.7,14.6,9.7,5.5,4,3.3,2.6,3.2,3.6,4.5,6.1,5.8,6.2,6.4,11.3,12.3,10.7,
花蓮,2024/11/20 00:00:00,NOx,7.2,8.5,9.3,9.1,9.5,11.8,15.2,20.6,22.3,14.2,8.1,5.8,4.9,3.9,4.4,4.7,5.5,7.2,6.7,7.1,7.2,12.3,13.2,11.6,
花蓮,2024/11/20 00:00:00,O3,11.7,11,13.4,12.2,12.8,7.1,5.6,6,16.7,25.6,35.3,37.6,38.9,40.1,39.2,38.6,37.7,36.1,35.8,32.8,32,20.9,18.2,16.4,
花蓮,2024/11/20 00:00:00,PM10,20,21,19,20,16,21,24,25,20,20,11,11,10,10,16,10,8,12,11,10,15,23,23,25,
花蓮,2024/11/20 00:00:00,PM2.5,5,7,6,4,3,4,2,0,1,2,2,0,0,0,4,2,0,0,1,2,1,2,5,7,
花蓮,2024/11/20 00:00:00,RAINFALL,0,0,0,0,0,0,0,0,0,0,0,0,0,0,0,0,0,0,0,0,0,0,0,0,
花蓮,2024/11/20 00:00:00,RH,88,88,86,86,86,87,87,86,80,74,73,73,74,77,81,87,85,83,82,85,85,86,87,88,
花蓮,2024/11/20 00:00:00,SO2,0.9,1.2,1.3,1.2,1.4,1.5,1.2,1.3,1.5,1.8,2.2,1.7,1.3,1,1,1.2,1.3,1.4,1.4,2,2.1,1.9,1.9,1.9,
花蓮,2024/11/20 00:00:00,THC,2.08,2.08,2.02,2.04,2.04,2.09,2.08,2.14,2.05,1.99,1.97,1.96,1.97,1.96,1.97,1.98,1.98,2.01,2.05,2.01,2.01,2.03,2.03,2.02,
花蓮,2024/11/20 00:00:00,WD_HR,285,304,275,299,335,290,247,277,336,86,68,67,76,76,72,72,69,67,70,60,47,22,298,277,
花蓮,2024/11/20 00:00:00,WIND_DIREC,284,301,227,318,298,299,239,314,330,69,75,71,71,88,69,71,75,63,69,57,343,348,248,19,
花蓮,2024/11/20 00:00:00,WIND_SPEED,0.9,0.6,0.8,0.7,0.4,1.1,0.8,0.9,1.2,1.6,2.3,2.6,2.9,3.6,2.7,2.5,1.7,1.9,2,1.4,1.2,1,1,0.4,
花蓮,2024/11/20 00:00:00,WS_HR,0.6,0.7,0.8,0.8,0.1,0.8,0.6,0.7,0.7,1.2,1.6,2.1,2.1,2.8,2.2,1.8,1.7,1.6,1.3,1.1,0.7,0.5,0.6,0.4,
花蓮,2024/11/21 00:00:00,AMB_TEMP,23.3,23.1,22.7,22.8,23.1,23.1,23.2,23.6,24.3,24.1,24.4,24.5,24.4,24.1,23.5,22.9,22.7,22.6,22.2,22.3,22.4,22.4,22.3,22.4,
花蓮,2024/11/21 00:00:00,CH4,2.01,2,1.99,1.98,1.99,1.99,1.99,1.99,1.99,1.98,1.98,1.98,1.98,#,#,1.98,1.98,1.98,1.99,1.98,1.99,1.99,2,2,
花蓮,2024/11/21 00:00:00,CO,0.26,0.23,0.21,0.19,0.19,0.24,0.25,0.24,0.31,0.27,0.23,0.23,0.21,0.2,0.2,#,0.22,0.25,0.23,0.23,0.25,0.27,0.27,0.25,
花蓮,2024/11/21 00:00:00,NMHC,0,0,0,0,0,0,0,0,0,0,0,0,0,#,#,0,0,0.01,0,0,0,0,0,0,
花蓮,2024/11/21 00:00:00,NO,0.9,0.5,0.3,0.4,0.4,0.4,0.4,0.7,1.1,1.2,1.1,0.9,0.8,0.8,0.7,#,0.6,0.5,0.6,0.4,0.3,0.4,0.4,0.4,
花蓮,2024/11/21 00:00:00,NO2,7.1,4.5,4.7,1.8,1.7,3.4,4.8,3.9,6.5,6.4,4.2,3.7,3.2,3.7,3.6,#,4.3,4.6,4.5,3.5,3.6,3.6,3.1,3,
花蓮,2024/11/21 00:00:00,NOx,8,5.1,5.1,2.2,2.1,3.8,5.2,4.6,7.6,7.6,5.4,4.6,4.1,4.6,4.4,#,4.9,5.2,5.1,3.9,4,4,3.5,3.4,
花蓮,2024/11/21 00:00:00,O3,26.7,33,35.1,42,42.8,32.7,36.7,38.9,34.2,35.7,40.3,41.5,42.1,41.5,#,37.9,38.4,38.5,39.2,39.9,39.4,39.1,39.9,39.6,
花蓮,2024/11/21 00:00:00,PM10,18,11,12,9,10,13,13,12,14,14,12,13,14,16,16,13,x,x,x,x,x,x,x,x,
花蓮,2024/11/21 00:00:00,PM2.5,3,0,1,4,2,0,0,0,2,2,1,0,0,0,#,#,10,10,8,7,9,9,9,7,
花蓮,2024/11/21 00:00:00,RAINFALL,0,0,0.5,0,0,0,0,0,0,0,0,0,0,0,#,0,0,0,0,0,0,0,0,0,
花蓮,2024/11/21 00:00:00,RH,87,89,90,88,86,86,85,83,82,82,80,78,77,77,77,80,80,78,81,79,77,78,78,78,
花蓮,2024/11/21 00:00:00,SO2,1.7,1.8,1.5,1.4,1.4,1.6,1.8,1.6,1.7,1.9,1.6,1.6,1.4,1.5,1.4,#,1.7,1.8,1.7,1.8,2,2,2.1,2.1,
花蓮,2024/11/21 00:00:00,THC,1.99,1.96,1.96,1.95,1.96,1.97,1.97,1.98,1.99,1.98,1.98,1.97,1.97,#,#,1.97,1.97,1.99,1.98,1.98,1.98,1.98,1.99,1.98,
花蓮,2024/11/21 00:00:00,WD_HR,52,67,66,72,66,56,67,67,68,77,73,68,74,77,78,75,76,74,75,73,72,71,72,69,
花蓮,2024/11/21 00:00:00,WIND_DIREC,11,70,72,74,58,349,69,66,68,81,69,70,68,83,79,72,72,78,67,77,76,80,66,58,
花蓮,2024/11/21 00:00:00,WIND_SPEED,1.2,1.6,2.9,2.3,2.5,1.5,2.2,2.6,2.8,3.3,3.5,4,3.7,4,2.8,3.2,3.8,2.9,3.8,2.5,2.6,2.3,2.3,2,
花蓮,2024/11/21 00:00:00,WS_HR,0.8,1.4,1.7,2.3,2.3,1.3,1.5,1.9,1.9,2.5,2.7,3.2,3.2,3.1,2.9,2.9,3.1,2.7,2.9,2.7,2.3,2.1,2,1.6,
花蓮,2024/11/22 00:00:00,AMB_TEMP,22.2,22.2,22.2,22.3,22.4,21.9,22.4,22.6,23.1,23.8,23.9,23.7,23.7,23.4,23.1,22.9,23,23,23,23,22.9,22.6,22.3,22,
花蓮,2024/11/22 00:00:00,CH4,2,2,2.02,2.02,2.02,2.02,2.04,2.03,2.04,2.03,2.02,2.02,2.02,2.02,2.02,2.02,2.01,2.01,2.01,2.01,2.01,2.01,2,2,
花蓮,2024/11/22 00:00:00,CO,0.23,0.21,0.23,0.24,0.27,0.29,0.28,0.34,0.28,0.27,0.26,0.26,0.25,0.24,0.24,0.24,0.25,0.28,0.26,0.27,0.23,0.22,0.2,0.2,
花蓮,2024/11/22 00:00:00,NMHC,0,0,0,0,0,0,0,0,0,0,0,0,0,0,0,0,0,0.01,0,0.01,0,0,0,0,
花蓮,2024/11/22 00:00:00,NO,0.4,0.7,0.5,0.8,0.8,0.8,0.8,1.2,1.2,1.3,1.4,1.3,1.2,1.1,1.1,1.1,0.9,0.9,0.9,0.9,0.7,0.8,0.7,0.7,
花蓮,2024/11/22 00:00:00,NO2,2.5,1.9,2.5,3.1,3.6,5.3,4.8,6.6,5.2,4.3,3.8,3.8,3.6,3.5,4.1,4.4,4.6,5.4,5.3,4.8,3.9,3,2.2,2,
花蓮,2024/11/22 00:00:00,NOx,3,2.6,3.1,3.9,4.5,6.1,5.6,7.9,6.4,5.7,5.2,5.1,4.9,4.6,5.2,5.5,5.5,6.4,6.2,5.7,4.6,3.9,2.9,2.7,
花蓮,2024/11/22 00:00:00,O3,40.2,41.1,36.7,35.2,35.4,22,32.9,30.6,37.7,39.6,41.1,42.7,44,44.1,44.2,44,43.8,43.1,44.1,43,46.2,47.6,48.9,48.6,
花蓮,2024/11/22 00:00:00,PM10,x,x,x,x,x,x,x,x,x,x,x,x,x,x,x,x,x,x,x,x,x,x,x,x,
花蓮,2024/11/22 00:00:00,PM2.5,9,8,7,7,7,7,13,9,8,14,9,7,13,9,10,10,12,9,9,10,7,9,8,10,
花蓮,2024/11/22 00:00:00,RAINFALL,0,0,0,0,0,0,0,0,0,0,0,0,0,0,0,0,0,0,0,0,0,0,0,0,
花蓮,2024/11/22 00:00:00,RH,80,78,79,79,79,82,79,78,75,70,72,74,75,74,74,74,72,73,74,74,73,74,74,76,
花蓮,2024/11/22 00:00:00,SO2,2,1,1.3,1.6,1.5,1.5,1.3,1.4,1.3,1.1,1.2,1.2,1.1,1.1,1.2,1.3,1.4,1.4,1.5,1.5,1.4,1.5,1.3,1.6,
花蓮,2024/11/22 00:00:00,THC,1.98,1.98,1.99,1.99,1.99,2.02,2.02,2.03,2.03,2.02,2.01,2.01,2.01,2.01,2,2.01,2,2.02,2.01,2.02,2,1.99,1.97,1.98,
花蓮,2024/11/22 00:00:00,WD_HR,77,74,55,60,46,302,74,69,75,68,80,73,77,72,74,72,71,69,72,57,76,78,71,65,
花蓮,2024/11/22 00:00:00,WIND_DIREC,76,76,1,79,337,324,65,74,77,63,77,76,71,71,71,75,70,77,73,75,74,76,70,37,
花蓮,2024/11/22 00:00:00,WIND_SPEED,2.3,2.2,0.7,2.3,1.4,0.8,2.9,2.7,3,3,3.5,3.2,3.4,3.1,3.2,2.7,2.5,2.2,2.5,1.9,2.9,2.5,3.2,1.8,
花蓮,2024/11/22 00:00:00,WS_HR,2,1.8,0.8,1,1,0.7,1.4,1.2,2,2.4,2.5,2.7,2.9,2.6,2.4,2.5,2.3,1.8,1.8,1.3,2.4,2.1,2.5,1.7,
花蓮,2024/11/23 00:00:00,AMB_TEMP,22.1,22.1,22.4,21.8,22,21.9,21.6,22.2,22.9,23.5,23.7,23.5,23.3,23.1,23,22.9,22.9,22.5,22,21.9,21.5,21.5,21.3,21.2,
花蓮,2024/11/23 00:00:00,CH4,2.01,2.02,2.04,2.03,2.03,2.02,2.02,2.03,2.03,2.02,2.02,2.02,2.02,2.02,2.02,2.02,2.02,2,2,1.99,2,2,2.01,2.02,
花蓮,2024/11/23 00:00:00,CO,0.24,0.3,0.26,0.24,0.24,0.26,0.3,0.39,0.28,0.28,0.26,0.25,0.25,0.25,0.24,0.26,0.28,0.25,0.23,0.24,0.35,0.34,0.35,0.31,
花蓮,2024/11/23 00:00:00,NMHC,0,0,0,0,0,0,0,0.02,0,0,0,0,0,0,0,0,0,0,0,0,0.01,0,0.01,0,
花蓮,2024/11/23 00:00:00,NO,0.8,0.3,0.5,0.5,0.3,0.4,0.6,0.9,0.6,1.1,1,0.9,0.9,0.8,0.6,0.6,0.4,0.4,0.4,0.3,0.4,0.4,0.5,0.5,
花蓮,2024/11/23 00:00:00,NO2,3.5,4.6,5.2,4.7,3.1,2.6,5.6,8.9,6.5,5.8,4.6,4.2,4.2,4.4,4.1,5.1,5.7,5.2,4.5,3.7,6.3,7.9,7.2,6.6,
花蓮,2024/11/23 00:00:00,NOx,4.4,4.9,5.7,5.2,3.5,3.1,6.3,9.8,7.2,6.9,5.7,5.1,5.2,5.2,4.7,5.7,6.1,5.7,5,4,6.7,8.3,7.7,7.2,
花蓮,2024/11/23 00:00:00,O3,46.7,46,43.9,34.5,42.1,42.2,30.9,30.2,46,46.5,48.7,49.8,49.8,48.8,49.1,47.2,45,44.4,43.9,44.2,36.6,36,32.5,28.8,
花蓮,2024/11/23 00:00:00,PM10,x,x,x,x,x,x,x,x,x,x,x,x,x,x,x,x,x,x,x,x,x,x,x,x,
花蓮,2024/11/23 00:00:00,PM2.5,10,11,11,12,12,8,15,15,14,14,13,15,14,19,19,18,16,14,15,12,17,9,15,10,
花蓮,2024/11/23 00:00:00,RAINFALL,0,0,0,0,0,0,0,0,0,0,0,0,0,0,0,0,0,0,0,0,0,0,0,0,
花蓮,2024/11/23 00:00:00,RH,74,72,68,74,77,77,76,74,71,68,68,69,68,68,69,68,70,74,76,74,77,77,80,80,
花蓮,2024/11/23 00:00:00,SO2,1.9,1.2,1.2,1,0.8,0.7,1,1.3,1,1,0.9,0.7,0.6,0.9,0.8,0.9,1,0.8,0.8,0.9,1.3,1.6,1.6,1.7,
花蓮,2024/11/23 00:00:00,THC,1.99,1.99,2.02,2.03,2,2,2.02,2.05,2.01,2.01,2.02,2.01,2.02,2.02,2.01,2.02,2.02,2,1.99,1.99,2.01,2,2.02,2.02,
花蓮,2024/11/23 00:00:00,WD_HR,65,5,336,268,69,20,308,0,71,69,76,73,74,70,73,69,72,78,76,64,12,57,345,313,
花蓮,2024/11/23 00:00:00,WIND_DIREC,67,349,305,249,70,297,304,64,65,72,77,76,83,72,75,71,74,71,71,337,0,68,314,292,
花蓮,2024/11/23 00:00:00,WIND_SPEED,2,1.5,0.7,0.9,2.9,1.4,1.3,1.9,3.5,3.3,2.9,3.3,2.7,3.3,2.5,2.4,2.5,2.6,3,1.6,1.8,1.3,1.1,0.8,
花蓮,2024/11/23 00:00:00,WS_HR,1.3,0.5,0.4,0.9,1.4,1,0.6,0.4,2.1,2.3,2.3,2.5,2.4,2.5,2.4,2,1.9,2.5,2.6,1.6,0.7,0.7,0.6,0.9,
花蓮,2024/11/24 00:00:00,AMB_TEMP,21.3,21.6,21.4,21.2,21.4,21.6,21.6,22,22.7,23.9,25.1,25.6,25.3,24.6,24.3,23.9,23.8,23.7,23.4,23.1,22.9,22,21.4,21,
花蓮,2024/11/24 00:00:00,CH4,2.01,2.02,2.01,2.01,2.02,2,2,1.98,1.97,1.97,1.96,1.97,1.97,1.96,1.96,1.97,1.97,1.98,1.98,2,2,1.97,1.98,1.98,
花蓮,2024/11/24 00:00:00,CO,0.28,0.25,0.28,0.25,0.31,0.35,0.33,0.23,0.2,0.2,0.2,0.18,0.15,0.16,0.17,0.18,0.24,0.31,0.33,0.35,0.33,0.17,0.17,0.15,
花蓮,2024/11/24 00:00:00,NMHC,0.01,0,0,0,0.01,0.01,0.02,0,0,0,0,0,0,0,0,0,0.01,0.04,0.07,0.08,0.08,0,0,0,
花蓮,2024/11/24 00:00:00,NO,0.5,0.5,0.3,0.2,0.5,0.6,0.6,0.7,0.9,1.1,1.2,0.9,0.9,0.7,0.6,0.6,0.7,0.7,1.2,0.9,0.6,0.5,0.4,0.5,
花蓮,2024/11/24 00:00:00,NO2,5.5,5,5.9,4.3,6,9.4,7.6,5.9,5.1,4.3,3.3,2.5,1.8,2,2.2,3.2,5.2,8.3,11.2,10.8,9.3,4,2.7,2.2,
花蓮,2024/11/24 00:00:00,NOx,6,5.5,6.2,4.6,6.6,10.1,8.2,6.6,6.1,5.4,4.5,3.5,2.7,2.7,2.8,3.9,5.9,9,12.4,11.7,9.9,4.5,3.1,2.8,
花蓮,2024/11/24 00:00:00,O3,29.5,32.1,28.8,24.7,22.1,23.2,25.8,35.9,37.2,39.5,43.1,44,43.7,43.4,44.6,42.4,38.6,31.6,22.6,20.5,20.8,38.6,38.4,39.5,
花蓮,2024/11/24 00:00:00,PM10,x,x,x,x,x,x,x,x,x,x,x,x,x,x,x,x,x,x,x,x,x,x,x,x,
花蓮,2024/11/24 00:00:00,PM2.5,14,14,15,8,11,13,11,8,10,11,12,11,12,9,9,11,17,10,16,17,16,7,8,12,
花蓮,2024/11/24 00:00:00,RAINFALL,0,0,0,0,0,0,0,0,0,0,0,0,0,0,0,0,0,0,0,0,0,0,10.5,1,
花蓮,2024/11/24 00:00:00,RH,79,76,77,79,78,76,79,80,75,69,65,65,68,71,72,75,75,76,76,78,79,90,94,95,
花蓮,2024/11/24 00:00:00,SO2,1.3,1.9,2.3,1.9,1.9,2.5,2,2.2,2.4,1.8,1.6,1.8,1.1,1.1,1.2,1.4,1.6,1.9,1.8,1.9,1.8,1.7,1.6,1.7,
花蓮,2024/11/24 00:00:00,THC,2.02,2.01,2.01,2.01,2.03,2.01,2.02,1.97,1.97,1.97,1.95,1.95,1.95,1.95,1.95,1.96,1.98,2.02,2.05,2.08,2.08,1.96,1.96,1.97,
花蓮,2024/11/24 00:00:00,WD_HR,312,351,313,281,317,295,57,65,65,48,80,82,90,75,71,58,53,337,303,279,272,104,328,345,
花蓮,2024/11/24 00:00:00,WIND_DIREC,313,23,299,285,357,284,63,68,56,64,67,86,79,77,73,41,69,313,297,267,331,90,320,43,
花蓮,2024/11/24 00:00:00,WIND_SPEED,1.2,1,1.1,0.7,0.7,0.7,1.5,2.4,1.9,2,3,3.1,2.4,3,2.1,1.9,1,1.2,1.2,0.4,0.9,0.7,2,1.1,
花蓮,2024/11/24 00:00:00,WS_HR,0.9,0.4,0.8,0.7,0.5,0.7,0.2,1.4,1.7,0.7,2,2.2,2.3,1.8,1.9,1,0.7,0.7,1.1,0.8,0.7,1.4,0.7,0.7,
花蓮,2024/11/25 00:00:00,AMB_TEMP,20.7,20.8,20.5,20.6,21,21,21.2,22,22.9,24.6,26.2,27.7,27.5,27.3,27,26.6,25.7,25.2,24.3,24.1,23.3,22.6,22.1,22.1,
花蓮,2024/11/25 00:00:00,CH4,1.98,1.97,1.97,1.97,1.96,2,2.01,1.98,1.97,1.99,1.98,1.96,#,1.95,1.95,1.95,1.96,1.97,1.98,1.98,2.01,2,1.98,1.98,
花蓮,2024/11/25 00:00:00,CO,0.28,0.14,0.19,0.13,0.14,0.14,0.16,0.19,0.2,0.2,0.18,0.17,0.16,0.15,0.15,0.16,0.23,0.3,0.41,0.41,0.44,0.31,0.17,0.15,
花蓮,2024/11/25 00:00:00,NMHC,0,0,0,0,0,0,0,0,0,0,0,0,#,0,0,0,0.01,0.05,0.11,0.12,0.17,0.1,0,0,
花蓮,2024/11/25 00:00:00,NO,0.4,0.5,0.4,0.5,0.5,0.5,0.4,0.7,1.1,1.8,1.5,1,0.8,0.7,0.7,0.6,0.7,0.9,1.6,1.3,1.8,1.1,0.7,0.5,
花蓮,2024/11/25 00:00:00,NO2,1.4,0.9,1,0.9,0.8,0.8,1.2,2,2.5,3.7,3.2,2,1.7,1.2,1.2,1.5,3.6,7.4,11.8,10.7,13.7,10.6,3.2,1.9,
花蓮,2024/11/25 00:00:00,NOx,1.8,1.4,1.5,1.4,1.3,1.3,1.6,2.7,3.6,5.5,4.7,3.1,2.6,1.9,2,2.2,4.3,8.3,13.5,12,15.5,11.7,3.9,2.5,
花蓮,2024/11/25 00:00:00,O3,35.9,36.7,34,39,39.2,21.3,24.4,21.9,24.4,27.4,31.5,#,39.4,39.5,38.9,38.8,35.9,30.9,15.5,15.2,8.9,8.8,13.3,14.7,
花蓮,2024/11/25 00:00:00,PM10,x,x,x,x,x,x,x,x,#,#,16,15,19,24,25,25,28,33,33,33,38,31,18,19,
花蓮,2024/11/25 00:00:00,PM2.5,9,8,8,5,9,8,9,10,#,#,x,3,4,6,9,7,15,19,10,12,20,15,9,7,
花蓮,2024/11/25 00:00:00,RAINFALL,0.5,0,0,0.5,0,0,0,0,0,0,0,0,0,0,0,0,0,0,0,0,0,0,0,0,
花蓮,2024/11/25 00:00:00,RH,95,92,94,94,89,89,88,83,78,75,67,56,58,62,64,66,71,75,77,75,81,83,82,79,
花蓮,2024/11/25 00:00:00,SO2,1.7,1,1.1,1.1,1.3,1.3,1.3,1.3,1.3,#,#,0.9,0.8,0.9,1.1,1.2,1.1,1.2,1.2,1.4,1.3,1.3,1.3,1.5,
花蓮,2024/11/25 00:00:00,THC,1.97,1.95,1.94,1.94,1.93,1.97,1.98,1.96,1.96,1.98,1.96,1.95,#,1.93,1.93,1.93,1.97,2.02,2.09,2.1,2.18,2.1,1.98,1.97,
花蓮,2024/11/25 00:00:00,WD_HR,302,289,309,300,284,229,229,229,223,214,243,241,168,140,137,124,126,99,322,301,247,243,227,232,
花蓮,2024/11/25 00:00:00,WIND_DIREC,292,292,312,314,229,227,235,228,220,212,259,248,145,126,143,117,128,325,318,267,229,235,227,247,
花蓮,2024/11/25 00:00:00,WIND_SPEED,2,1.8,2,2.6,2.2,2.8,2.6,3,2.1,1.9,2.3,2.2,1.9,2.1,2,1.4,1.4,1.5,1.1,0.9,1.2,1.7,1.6,2.6,
花蓮,2024/11/25 00:00:00,WS_HR,1.3,1.8,1.9,2,1.6,2.9,2.8,3,2.4,1.7,1.8,2.1,1,1.9,1.8,1.3,1.5,0.3,1.1,0.8,0.8,1.1,1.4,2.1,
花蓮,2024/11/26 00:00:00,AMB_TEMP,22,21.6,21.2,20.8,20.6,20.2,20.2,21.3,23.2,25.1,24.2,22.2,21.3,20.8,20.5,20.5,20.2,19.9,19.8,19.7,19.3,19.4,19.5,19,
花蓮,2024/11/26 00:00:00,CH4,1.97,1.97,1.99,2,2.01,2.03,2.02,2.01,2.03,2.01,#,2.06,2.07,#,#,2.11,2.1,2.09,2.09,2.07,2.07,2.07,2.07,2.08,
花蓮,2024/11/26 00:00:00,CO,0.15,0.15,0.14,0.14,0.15,0.16,0.18,0.2,0.19,0.23,0.33,#,#,0.33,0.34,0.33,0.3,0.3,0.28,0.25,0.24,0.24,0.25,0.26,
花蓮,2024/11/26 00:00:00,NMHC,0,0,0,0,0,0,0,0,0,0.01,#,0.04,0.03,#,#,0,0,0,0,0,0,0,0,0,
花蓮,2024/11/26 00:00:00,NO,0.7,0.5,0.3,0.3,0.3,0.4,0.9,1.4,3,#,1.7,1,#,0.7,0.6,0.6,0.6,0.5,0.6,0.4,0.4,0.4,0.2,0.2,
花蓮,2024/11/26 00:00:00,NO2,1.7,1.6,1.8,1.6,1.9,2.4,3.5,3.1,3.4,#,5.6,5.9,#,4.6,5.1,5.4,5.4,5.6,4.8,3.9,3.2,3.7,3.5,4.7,
花蓮,2024/11/26 00:00:00,NOx,2.5,2.1,2.1,2,2.2,2.9,4.5,4.6,6.5,#,7.4,7,#,5.3,5.7,6,6.1,6.1,5.4,4.3,3.7,4.1,3.8,5,
花蓮,2024/11/26 00:00:00,O3,15.2,15.5,14.4,13.3,11.8,10.1,8.6,10.3,12.9,16.9,#,31.4,32.8,33.1,33.5,35.8,38.6,38.3,40.6,45.4,47.3,46,45.2,38.4,
花蓮,2024/11/26 00:00:00,PM10,17,18,17,23,26,24,21,17,27,#,36,31,25,26,30,31,35,31,31,34,23,19,22,17,
花蓮,2024/11/26 00:00:00,PM2.5,4,4,6,9,10,8,7,7,4,5,#,5,9,7,8,9,10,9,7,10,6,3,5,9,
花蓮,2024/11/26 00:00:00,RAINFALL,0,0,0,0,0,0,0,0,0,0,0,0,0,0,0,0,0,0,0,0,0,0,0,0,
花蓮,2024/11/26 00:00:00,RH,78,81,83,84,84,86,85,80,73,69,75,78,77,77,77,76,75,74,72,72,73,72,70,74,
花蓮,2024/11/26 00:00:00,SO2,1.5,0.9,0.9,1.1,1.1,1.1,1.2,1.3,1.2,3.5,1.1,0.9,#,1.2,1.3,1.2,1.3,1.4,1.5,1.6,1.5,1.5,2.2,1.8,
花蓮,2024/11/26 00:00:00,THC,1.95,1.95,1.97,1.98,2,2.02,2.02,2.01,2.03,2.02,#,2.1,2.1,#,#,2.1,2.09,2.08,2.07,2.05,2.04,2.04,2.04,2.06,
花蓮,2024/11/26 00:00:00,WD_HR,240,234,246,241,242,244,245,230,214,111,79,76,79,81,80,75,73,75,77,72,70,69,60,308,
花蓮,2024/11/26 00:00:00,WIND_DIREC,242,233,238,228,239,246,237,220,198,74,81,70,80,83,85,68,79,81,78,72,69,69,319,304,
花蓮,2024/11/26 00:00:00,WIND_SPEED,2.2,2.1,1.9,1.7,1.3,2.2,2.2,2.7,1.5,3.7,3.8,4.5,5.4,5.2,3.8,3.5,2.9,3.9,3.6,4.4,3.1,3.1,1.4,2.2,
花蓮,2024/11/26 00:00:00,WS_HR,1.9,2,2,1.9,1.4,1.8,2,2.8,2.5,0.6,3.1,3.4,4.1,4,3.2,2.8,2.7,3.1,3.1,3.3,3.1,2.2,1.5,1,
花蓮,2024/11/27 00:00:00,AMB_TEMP,18.7,18.9,18.8,18.8,18.9,18.7,18.6,19,19.4,19.5,19.8,19.7,19.8,19.4,19.3,19.6,19.5,19.2,19.1,19,18.8,18.7,18.6,18.7,
花蓮,2024/11/27 00:00:00,CH4,2.06,2.07,2.07,2.06,2.06,2.06,2.06,2.08,2.1,2.07,2.03,2.02,2.02,2.02,2.02,2.02,2.02,2.02,2.02,2.03,2.03,2.03,2.03,2.03,
花蓮,2024/11/27 00:00:00,CO,0.24,0.27,0.28,0.28,0.28,0.3,0.33,0.43,0.41,0.35,0.27,0.27,0.26,0.32,0.34,0.28,0.24,0.31,0.32,0.34,0.37,0.38,0.37,0.3,
花蓮,2024/11/27 00:00:00,NMHC,0,0,0.01,0.01,0.01,0.02,0.03,0.06,0.07,0.05,0.03,0.03,0.03,0.04,0.04,0.03,0.02,0.05,0.05,0.04,0.05,0.06,0.05,0.04,
花蓮,2024/11/27 00:00:00,NO,0.4,0.4,0.3,0.3,0.3,0.4,0.5,0.9,1.7,1.5,0.8,0.7,0.8,0.9,1.3,0.7,0.4,0.5,0.6,0.3,0.5,0.5,0.4,0.5,
花蓮,2024/11/27 00:00:00,NO2,4.1,3.3,3.6,3.9,3.6,5.1,6.3,9.5,10.9,9.4,7,6.4,5.8,6.6,9,8.1,6.2,7.4,9.2,8,9.5,9.1,9.2,7.6,
花蓮,2024/11/27 00:00:00,NOx,4.5,3.7,3.9,4.2,4,5.5,6.8,10.5,12.7,10.9,7.8,7.1,6.6,7.5,10.3,8.8,6.6,7.9,9.9,8.4,10.1,9.7,9.7,8.1,
花蓮,2024/11/27 00:00:00,O3,38.9,38.8,33,31.7,33.6,24,21.3,18.1,20.3,25.6,36.2,38,39.9,35.7,32.3,43.3,49.3,45.4,43.2,42,35.9,32.8,30.8,33.2,
花蓮,2024/11/27 00:00:00,PM10,13,11,11,13,11,17,24,22,32,30,35,45,35,34,36,40,36,41,41,42,34,30,23,33,
花蓮,2024/11/27 00:00:00,PM2.5,4,1,2,2,1,3,4,9,8,10,9,15,5,6,8,9,9,7,8,15,13,8,8,5,
花蓮,2024/11/27 00:00:00,RAINFALL,0,0,0,0,0,0,0,0,0,0,0,0,0,0,0,0,0,0,0,0,0,0,0,0,
花蓮,2024/11/27 00:00:00,RH,75,73,76,76,74,79,80,79,77,73,64,62,60,65,67,61,60,60,61,61,65,67,67,66,
花蓮,2024/11/27 00:00:00,SO2,1.6,1.3,1.4,1.5,1.6,1.6,1.4,1.6,1.9,2,1.8,1.7,1.7,1.8,2,1.9,1.8,1.9,1.9,2,2.2,2.1,2.3,2.2,
花蓮,2024/11/27 00:00:00,THC,2.04,2.05,2.08,2.07,2.07,2.08,2.09,2.14,2.17,2.12,2.06,2.05,2.05,2.06,2.06,2.05,2.04,2.07,2.07,2.07,2.08,2.09,2.08,2.07,
花蓮,2024/11/27 00:00:00,WD_HR,304,288,265,291,291,261,247,245,240,11,71,74,68,344,301,69,71,55,57,17,308,303,312,310,
花蓮,2024/11/27 00:00:00,WIND_DIREC,285,292,240,296,265,255,204,248,257,72,74,81,65,303,297,71,72,14,74,356,293,309,305,317,
花蓮,2024/11/27 00:00:00,WIND_SPEED,1.3,1.2,1,0.9,1.6,1.4,0.7,1.7,2.3,2.2,2.8,2.6,2.5,1.8,1.2,2.3,3.2,2,2.1,1.4,1.1,0.9,1.2,1,
花蓮,2024/11/27 00:00:00,WS_HR,1.3,0.8,0.8,0.8,0.9,1.2,0.8,0.9,1.2,0.3,1.7,2,1.9,0.8,1.2,1.6,2.2,1.2,1,0.7,0.8,1,1,1,
花蓮,2024/11/28 00:00:00,AMB_TEMP,18.5,18.2,18.3,18.2,18.3,18,17.9,18.1,18.6,19.4,20.8,21.8,21.6,21.1,20.6,20.1,19.9,19.6,19.2,19.2,19.1,19.2,19.2,19.2,
花蓮,2024/11/28 00:00:00,CH4,2.03,2.03,2.03,2.04,2.03,2.04,2.04,2.03,2.05,2.04,2.03,2.01,2.01,2.02,2.02,2.03,2.03,2.02,2.02,2.03,2.03,2.03,2.03,2.03,
花蓮,2024/11/28 00:00:00,CO,0.27,0.27,0.24,0.24,0.23,0.23,0.27,0.38,0.4,0.36,0.34,0.24,0.22,0.23,0.23,0.26,0.35,0.35,0.29,0.32,0.32,0.31,0.28,0.29,
花蓮,2024/11/28 00:00:00,NMHC,0.03,0.03,0,0.02,0.02,0.01,0.03,0.07,0.08,0.07,0.06,0.02,0.01,0.01,0.02,0.03,0.07,0.08,0.05,0.07,0.07,0.07,0.04,0.03,
花蓮,2024/11/28 00:00:00,NO,0.4,0.8,1,0.8,0.7,0.6,0.8,1.5,3.5,3.6,3.9,2.2,1.2,1,0.8,0.9,1.1,1.3,0.9,0.8,0.9,0.9,0.8,0.9,
花蓮,2024/11/28 00:00:00,NO2,5.1,5.7,4.6,5.1,4.9,4.8,5.1,9.4,13.8,12.2,12.3,6.4,4,5.1,6.3,7,10.5,11.9,8.1,8.8,8.6,7.8,6.7,6.1,
花蓮,2024/11/28 00:00:00,NOx,5.5,6.5,5.7,6,5.7,5.5,5.9,10.9,17.3,15.8,16.2,8.6,5.2,6.2,7.1,7.9,11.7,13.3,9.1,9.6,9.6,8.7,7.5,7,
花蓮,2024/11/28 00:00:00,O3,30.9,26.8,29.3,25.1,26.1,22.5,20.2,16,13.2,16.5,27.1,44.3,50.5,50.8,50,47.3,42.2,41.8,44.9,38.5,35.7,36,36.5,36.5,
花蓮,2024/11/28 00:00:00,PM10,25,26,26,26,20,30,24,25,33,33,38,39,31,38,36,34,46,36,38,33,39,34,37,32,
花蓮,2024/11/28 00:00:00,PM2.5,6,10,8,4,5,7,7,11,11,10,12,7,5,8,10,9,12,17,12,11,11,14,14,10,
花蓮,2024/11/28 00:00:00,RAINFALL,0,0,0,0,0,0,0,0,0,0,0,0,0,0,0,0,0,0,0,0,0,0,0,0,
花蓮,2024/11/28 00:00:00,RH,69,72,70,72,70,75,78,77,75,73,62,54,55,58,60,63,63,64,68,71,72,72,72,72,
花蓮,2024/11/28 00:00:00,SO2,2.1,1.1,1.1,1.2,1.2,1.1,1.2,1.1,1.2,1.3,1.4,1.5,1.4,1.3,1.4,1.4,1.6,1.6,1.5,1.3,1.3,1.4,1.4,1.7,
花蓮,2024/11/28 00:00:00,THC,2.06,2.06,2.03,2.06,2.05,2.05,2.07,2.1,2.13,2.11,2.09,2.03,2.02,2.03,2.04,2.06,2.1,2.1,2.07,2.1,2.1,2.1,2.07,2.06,
花蓮,2024/11/28 00:00:00,WD_HR,299,264,287,266,282,243,239,245,237,248,58,66,78,70,70,62,20,332,330,319,317,316,309,297,
花蓮,2024/11/28 00:00:00,WIND_DIREC,290,275,271,287,281,238,238,268,247,246,74,74,73,63,72,66,326,316,353,318,335,324,303,289,
花蓮,2024/11/28 00:00:00,WIND_SPEED,1,1,0.9,1,1,1.7,1.4,1.1,1.6,1.1,1.6,2.1,2.4,1.9,2.4,1.6,1.3,2.2,1.6,1.1,1.4,0.8,1.1,1.1,
花蓮,2024/11/28 00:00:00,WS_HR,0.9,1,1,0.9,1,1.4,1.4,1.2,1.5,1.2,0.2,1.3,1.8,1.5,1.7,1.1,0.5,1,1.1,1,1.1,0.8,1.3,1,
花蓮,2024/11/29 00:00:00,AMB_TEMP,19.1,18.6,18.6,18.3,18.5,18.3,18,18.2,18.9,19.6,19.9,20.1,20,20.1,19.9,19.5,19.3,19.1,19,18.9,18.8,18.6,18.5,18.4,
花蓮,2024/11/29 00:00:00,CH4,2.04,2.04,2.05,2.05,2.02,2.02,2.02,2.02,2.02,2.01,2.01,2,2.01,2.01,2.01,2.01,2.01,2.02,2.02,2.02,2.02,2.02,2.02,2.02,
花蓮,2024/11/29 00:00:00,CO,0.27,0.26,0.27,0.24,0.23,0.23,0.26,0.35,0.32,0.24,0.23,0.23,0.24,0.22,0.24,0.31,0.39,0.47,0.43,0.41,0.39,0.33,0.3,0.28,
花蓮,2024/11/29 00:00:00,NMHC,0.03,0.03,0.01,0.02,0,0.01,0.02,0.05,0.04,0.02,0.01,0.01,0.02,0.01,0.02,0.06,0.1,0.17,0.12,0.1,0.08,0.05,0.04,0.05,
花蓮,2024/11/29 00:00:00,NO,0.8,1.1,1.1,1.1,1,1.1,1.2,1.6,2.2,1.9,1.6,1.4,1.6,1.4,1.3,1.7,2.2,2.3,1.7,1.5,1.4,1.3,1.3,1.2,
花蓮,2024/11/29 00:00:00,NO2,5.3,5,5.1,4,3.7,3.7,5.2,9.1,11.3,6.9,5.1,4.2,5.5,4.9,5.5,10,13.1,18,14.1,12.9,10.9,9.1,7.1,6.5,
花蓮,2024/11/29 00:00:00,NOx,6.2,6.1,6.2,5.1,4.8,4.9,6.5,10.7,13.6,8.9,6.8,5.7,7.1,6.3,6.8,11.7,15.3,20.4,15.8,14.4,12.3,10.4,8.5,7.7,
花蓮,2024/11/29 00:00:00,O3,33.2,27,32.1,24.4,39.1,41.7,35.9,31.5,33.5,40.7,47.3,48.9,48.9,52,52,39.5,35.3,30.3,33.9,32.4,35.1,34.4,34.4,32.9,
花蓮,2024/11/29 00:00:00,PM10,38,34,35,28,28,34,23,39,34,30,32,25,31,39,28,41,42,45,40,43,44,42,42,40,
花蓮,2024/11/29 00:00:00,PM2.5,9,9,17,13,12,12,11,9,15,13,10,7,9,8,6,14,11,14,14,18,15,13,11,13,
花蓮,2024/11/29 00:00:00,RAINFALL,0,0,0,0,0,0,0,0,0,0,0,0,0,0,0,0,0,0,0,0,0,0,0,0,
花蓮,2024/11/29 00:00:00,RH,74,79,79,83,74,71,74,68,62,54,48,48,49,48,49,56,58,60,61,63,63,65,66,67,
花蓮,2024/11/29 00:00:00,SO2,1.6,1,1.3,1.4,1.6,1.5,1.5,1.5,1.6,1.8,1.8,1.8,1.6,1.5,1.6,1.6,1.5,1.8,1.9,1.7,1.7,1.6,1.4,1.5,
花蓮,2024/11/29 00:00:00,THC,2.07,2.07,2.06,2.07,2.02,2.03,2.04,2.07,2.06,2.03,2.02,2.01,2.03,2.02,2.03,2.07,2.11,2.19,2.14,2.12,2.1,2.07,2.06,2.07,
花蓮,2024/11/29 00:00:00,WD_HR,264,250,253,233,314,306,296,294,244,201,74,86,312,79,39,321,316,314,317,308,307,297,304,283,
花蓮,2024/11/29 00:00:00,WIND_DIREC,238,254,223,238,282,310,258,280,243,91,83,66,82,66,341,322,310,312,315,319,299,305,297,265,
花蓮,2024/11/29 00:00:00,WIND_SPEED,1.1,0.8,0.8,0.9,1.1,2,0.6,1.5,1.8,2.2,1.5,1.2,1.3,1,1.5,1.6,1.2,1.2,1.2,1,0.9,0.9,1.1,1,
花蓮,2024/11/29 00:00:00,WS_HR,0.7,1,0.8,0.6,0.7,0.5,0.7,1,1,0.4,1,0.7,0.1,1,0.6,1.2,1.3,1.2,1.2,0.9,1,1.1,1.1,1,
花蓮,2024/11/30 00:00:00,AMB_TEMP,18.1,18.2,18.2,18,17.4,17.3,17.4,17.6,18.2,19.4,20.7,21.5,21,20.8,20.6,20.5,20.4,20.3,20,19.7,19.5,19.3,19.2,18.9,
花蓮,2024/11/30 00:00:00,CH4,2.03,2.03,2.03,2.03,2.01,2.01,2.03,2.01,1.98,2,2,2,2,2,2.01,2.01,2.01,2.02,2.02,2.02,2,2.02,2.02,2.02,
花蓮,2024/11/30 00:00:00,CO,0.29,0.25,0.26,0.25,0.21,0.22,0.31,0.34,0.25,0.34,0.42,0.41,0.27,0.24,0.28,0.33,0.35,0.49,0.5,0.42,0.27,0.27,0.24,0.22,
花蓮,2024/11/30 00:00:00,NMHC,0.07,0.03,0.01,0.01,0.03,0.03,0.06,0.08,0.02,0.05,0.03,0.01,0,0.01,0.02,0.04,0.06,0.11,0.13,0.1,0.03,0.03,0.01,0,
花蓮,2024/11/30 00:00:00,NO,1,0.5,0.5,0.3,0.6,0.5,1,2,1.8,2.9,3,2.5,1.1,0.7,0.8,0.7,0.8,1.2,1.2,0.9,0.7,0.5,0.5,0.4,
花蓮,2024/11/30 00:00:00,NO2,6.4,5.4,5.4,4.8,4.8,4.8,9.3,12.6,6.3,8.7,11.7,8.1,5.2,4.6,6.6,8.1,10.6,16.1,15.2,11.8,5.4,5.1,4.2,3.3,
花蓮,2024/11/30 00:00:00,NOx,7.5,6,6,5.2,5.4,5.4,10.3,14.6,8.2,11.7,14.7,10.6,6.4,5.4,7.4,8.8,11.5,17.3,16.5,12.8,6.1,5.6,4.7,3.8,
花蓮,2024/11/30 00:00:00,O3,27,32.2,31.1,30.3,22.3,17.3,14.6,12,15.8,18,30.7,39.8,46.6,46.1,44,41.3,36.6,26.4,22,23.1,27.2,25.5,28,26.6,
花蓮,2024/11/30 00:00:00,PM10,42,39,35,34,28,27,34,29,20,34,48,36,30,35,44,38,40,44,43,34,32,27,25,27,
花蓮,2024/11/30 00:00:00,PM2.5,13,15,16,10,9,7,7,9,6,10,7,5,3,1,4,6,11,14,17,17,14,9,7,9,
花蓮,2024/11/30 00:00:00,RAINFALL,0,0,0,0,0,0,0,0,0,0,0,0,0,0,0,0,0,0,0,0,0,0,0,0,
花蓮,2024/11/30 00:00:00,RH,72,70,69,70,74,73,75,71,68,64,57,57,59,60,62,62,63,66,69,72,73,75,75,77,
花蓮,2024/11/30 00:00:00,SO2,1.5,1.6,1.6,2,1.6,1.4,1.5,1.7,1.5,1.6,2.2,2.5,2,1.8,1.8,1.8,1.9,2,2.1,1.9,1.6,1.6,1.6,1.8,
花蓮,2024/11/30 00:00:00,THC,2.1,2.06,2.04,2.04,2.04,2.04,2.09,2.09,2,2.05,2.03,2.01,2,2.01,2.03,2.05,2.07,2.13,2.15,2.12,2.03,2.05,2.03,2.02,
花蓮,2024/11/30 00:00:00,WD_HR,287,301,304,283,242,257,253,233,233,253,12,59,52,64,350,322,328,310,289,240,231,237,233,227,
花蓮,2024/11/30 00:00:00,WIND_DIREC,302,295,297,259,234,256,230,232,245,14,12,74,40,19,35,307,320,297,267,229,229,239,229,223,
花蓮,2024/11/30 00:00:00,WIND_SPEED,1,0.9,0.9,1.1,0.9,0.9,1.2,1.5,1.5,1.3,2.1,1.9,1.6,1.2,1,1.3,0.7,1.3,1,1.8,1.7,1.7,2.7,2.5,
花蓮,2024/11/30 00:00:00,WS_HR,0.9,0.9,0.9,0.9,1.1,0.8,1,1.2,1.6,0.9,0.6,1.1,1,0.9,0.6,1,0.7,1,1.1,1.4,1.8,1.6,2.2,2.3,
花蓮,2024/12/01 00:00:00,AMB_TEMP,19,18.8,18.8,18.1,17.9,18.4,18.3,19,20.5,22.4,23.9,24.5,24.5,24.7,24.4,24.1,23.4,22.9,22.5,21.9,20.4,20.1,19.8,19.3,
花蓮,2024/12/01 00:00:00,CH4,1.99,1.98,1.97,1.97,1.96,1.98,1.98,2,2,2.01,1.99,1.97,1.97,1.96,1.96,1.96,1.96,1.98,2,2.01,1.99,1.98,1.98,1.98,
花蓮,2024/12/01 00:00:00,CO,0.19,0.16,0.16,0.15,0.15,0.17,0.18,0.2,0.21,0.19,0.18,0.16,0.16,0.16,0.16,0.17,0.19,0.32,0.44,0.43,0.25,0.19,0.18,0.16,
花蓮,2024/12/01 00:00:00,NMHC,0,0,0,0,0,0,0,0.01,0.02,0,0.01,0,0,0,0,0,0,0.08,0.13,0.16,0.05,0.02,0.01,0,
花蓮,2024/12/01 00:00:00,NO,0.6,0.6,0.6,0.8,0.7,0.9,0.8,1.1,1.3,1.2,1.2,1,0.9,0.9,0.9,0.9,0.9,1.2,1.6,2.1,1,0.8,0.7,0.7,
花蓮,2024/12/01 00:00:00,NO2,2.1,0.6,0.6,0.7,0.7,1,1.1,1.6,1.9,1.7,2,1.5,0.9,1.1,1.3,1.4,2.1,7,12.6,14.5,7,2.8,2.6,1.6,
花蓮,2024/12/01 00:00:00,NOx,2.8,1.3,1.3,1.5,1.4,2,1.9,2.7,3.2,2.9,3.2,2.5,1.9,2.1,2.2,2.3,3,8.3,14.3,16.6,8.1,3.7,3.3,2.4,
花蓮,2024/12/01 00:00:00,O3,23.8,20.3,19.9,17.7,17.3,20.9,21.4,20.8,22.4,27,37.5,46.7,46.7,46.6,45.5,45.4,43.5,32.8,23.4,17.8,17.8,22.7,20.7,21.6,
花蓮,2024/12/01 00:00:00,PM10,18,12,12,9,13,13,12,17,22,17,23,19,20,14,18,22,38,34,34,38,25,18,16,14,
花蓮,2024/12/01 00:00:00,PM2.5,9,5,3,2,4,6,4,3,5,4,9,5,4,5,2,1,6,11,13,17,7,A,6,5,
花蓮,2024/12/01 00:00:00,RAINFALL,0,0,0,0,0,0,0,0,0,0,0,0,0,0,0,0,0,0,0,0,0,0,0,0,
花蓮,2024/12/01 00:00:00,RH,72,69,68,69,70,69,72,72,68,62,57,54,54,56,60,62,65,64,66,70,76,74,74,74,
花蓮,2024/12/01 00:00:00,SO2,1.6,1.2,1.1,1.3,1.3,1.6,1.4,1.5,1.5,1.2,2,1.6,1.2,1.1,1.1,1.2,1.2,1.5,2.2,2.1,1.6,1.3,1.5,1.5,
花蓮,2024/12/01 00:00:00,THC,1.98,1.97,1.97,1.97,1.96,1.97,1.98,2.01,2.02,2.01,2,1.96,1.95,1.96,1.96,1.96,1.96,2.06,2.13,2.17,2.04,2,1.99,1.98,
花蓮,2024/12/01 00:00:00,WD_HR,236,231,231,232,231,226,230,230,228,225,199,118,129,140,154,159,171,261,304,264,229,236,238,236,
花蓮,2024/12/01 00:00:00,WIND_DIREC,233,229,231,238,229,229,234,239,226,222,138,124,137,147,175,154,178,359,293,235,233,239,238,233,
花蓮,2024/12/01 00:00:00,WIND_SPEED,2.3,1.7,1.5,1.9,2,3.5,2.7,2.3,2.4,1.7,1.4,1.6,2.3,1.9,1.7,1.5,0.9,0.6,1.1,1.2,2.4,2.2,2.3,2.8,
花蓮,2024/12/01 00:00:00,WS_HR,1.9,1.9,1.4,1.6,1.8,2.4,2.4,2.3,2.4,1.9,0.7,1.4,1.8,1.6,1.5,1.4,1.2,0.6,0.9,0.7,1.5,2.3,2.1,2.5,
花蓮,2024/12/02 00:00:00,AMB_TEMP,18.8,18.9,18.6,18.3,18.1,18.3,18.5,19.6,21.2,22.9,25.1,26,25.8,25.9,25.8,25.5,24.8,23.6,23.1,22.4,21.2,20.9,20.7,20.3,
花蓮,2024/12/02 00:00:00,CH4,1.98,1.98,2,1.98,1.99,1.98,1.98,1.99,1.99,2,1.99,1.98,1.97,1.97,1.97,1.97,1.97,1.99,2,2.01,2.01,1.99,1.99,1.99,
花蓮,2024/12/02 00:00:00,CO,0.16,0.14,0.14,0.14,0.13,0.13,0.15,0.2,0.18,0.16,0.21,0.19,0.17,0.16,0.15,0.17,0.22,0.48,0.5,0.48,0.31,0.24,0.19,0.17,
花蓮,2024/12/02 00:00:00,NMHC,0,0,0,0,0,0,0,0,0,0,0.02,0,0,0,0,0,0.02,0.14,0.14,0.15,0.07,0.04,0,0,
花蓮,2024/12/02 00:00:00,NO,0.7,0.4,0.5,0.5,0.6,0.6,0.6,1,1.4,1.4,2,1.9,0.9,0.7,0.8,0.8,0.8,1.8,1.8,1.9,1.5,0.9,0.8,0.6,
花蓮,2024/12/02 00:00:00,NO2,1.1,1.2,1.3,1.1,1.1,1,1.5,2.7,2.8,2.6,4.6,5.2,2,1.6,1.8,2.7,5.2,15.5,16.9,17.3,11.3,6.4,4,3.1,
花蓮,2024/12/02 00:00:00,NOx,1.9,1.7,1.8,1.6,1.7,1.6,2.1,3.8,4.2,4,6.6,7.1,2.9,2.4,2.7,3.5,6.1,17.3,18.8,19.2,12.8,7.4,4.8,3.7,
花蓮,2024/12/02 00:00:00,O3,22.6,22.9,23,21.4,20.2,20.6,20.6,20,22.4,25.1,30.5,38.7,44,44.4,43.6,43.5,42.3,22.4,20,16.3,16.5,18.5,21.1,20.8,
花蓮,2024/12/02 00:00:00,PM10,14,15,10,9,7,10,20,17,13,14,20,x,29,#,x,x,x,x,x,x,x,x,x,x,
花蓮,2024/12/02 00:00:00,PM2.5,4,6,7,5,3,5,4,5,5,3,4,9,7,4,4,3,3,11,10,9,11,11,7,7,
花蓮,2024/12/02 00:00:00,RAINFALL,0,0,0,0,0,0,0,0,0,0,0,0,0,0,0,0,0,0,0,0,0,0,0,0,
花蓮,2024/12/02 00:00:00,RH,76,73,73,73,72,70,67,63,59,55,48,52,55,56,56,57,60,64,65,67,74,74,73,74,
花蓮,2024/12/02 00:00:00,SO2,1.6,0.7,0.6,0.6,0.5,0.5,0.6,0.7,0.7,0.8,0.7,0.6,0.5,#,#,1.5,1.6,1.5,1.8,1.9,1.9,2.1,2,1.8,
花蓮,2024/12/02 00:00:00,THC,1.98,1.97,1.97,1.96,1.97,1.96,1.97,1.99,1.99,2,2.01,1.96,1.94,1.94,1.94,1.96,1.99,2.13,2.14,2.16,2.08,2.03,1.99,1.99,
花蓮,2024/12/02 00:00:00,WD_HR,231,233,234,233,231,230,232,229,228,224,151,101,109,111,113,107,107,309,304,297,232,237,242,235,
花蓮,2024/12/02 00:00:00,WIND_DIREC,231,232,232,231,226,233,233,228,230,240,87,104,120,120,121,107,45,295,308,287,238,232,238,236,
花蓮,2024/12/02 00:00:00,WIND_SPEED,2.7,2.6,2.8,2.2,2.8,2.4,2.8,3,3.2,1.9,1.3,2.4,2.5,2.4,2.3,1.7,0.8,1.4,1,1,1.3,1.3,1.7,2.2,
花蓮,2024/12/02 00:00:00,WS_HR,2.9,2.6,2.6,2.3,2.5,2.6,2.4,2.6,3.4,2.1,0.3,2.2,2.5,2.1,1.9,1.8,1,1.3,1,1.1,1.2,1.3,1.6,1.7,
花蓮,2024/12/03 00:00:00,AMB_TEMP,20,19.8,19.6,19.6,19.4,19.6,19.7,19.9,21.7,24,24.9,24.5,24.3,23.9,23.8,23.7,23.2,22.7,21.8,20.9,21.2,21,21.1,20.6,
花蓮,2024/12/03 00:00:00,CH4,2,2,1.99,1.97,1.99,1.98,2,2.01,2,1.99,1.98,1.97,1.97,1.98,1.99,1.99,1.99,1.99,1.98,1.99,2,2,1.99,2,
花蓮,2024/12/03 00:00:00,CO,0.18,0.15,0.14,0.13,0.13,0.13,0.18,0.22,0.2,0.22,0.27,0.32,0.26,0.36,0.32,0.3,0.34,0.34,0.22,0.31,0.39,0.43,0.26,0.18,
花蓮,2024/12/03 00:00:00,NMHC,0,0,0,0,0,0,0,0.01,0.02,0.03,0.01,0,0,0.02,0.02,0.05,0.08,0.04,0,0.01,0.05,0.06,0.02,0,
花蓮,2024/12/03 00:00:00,NO,0.5,0.4,0.4,0.3,0.2,0.1,0.4,1.1,2,2.4,2.8,1.6,0.9,1.5,2.3,1.2,1.4,0.9,0.5,0.4,0.6,0.6,0.3,0.4,
花蓮,2024/12/03 00:00:00,NO2,2.6,2,1.6,1.5,1.3,1.6,2.5,4.3,4.9,5.1,8.5,6.7,4.1,12.5,13.6,10.4,12,12.3,4.9,6.2,14.9,10.9,6.8,2.7,
花蓮,2024/12/03 00:00:00,NOx,3.2,2.4,2,1.8,1.6,1.8,3,5.5,6.9,7.5,11.3,8.4,5.1,14,15.9,11.6,13.5,13.2,5.5,6.7,15.5,11.6,7.2,3.1,
花蓮,2024/12/03 00:00:00,O3,21.1,21.9,20.1,19.6,20,20,17.8,15.5,17.3,22.4,30.3,37.3,44.1,33.6,30.6,32.6,31.5,33.3,43,38.3,23,20.4,29,34.8,
花蓮,2024/12/03 00:00:00,PM10,x,x,x,x,x,x,x,x,x,x,x,x,x,x,x,x,x,x,x,x,x,x,x,x,
花蓮,2024/12/03 00:00:00,PM2.5,7,7,8,6,2,2,7,7,6,6,7,6,3,5,7,9,9,8,10,8,9,7,6,6,
花蓮,2024/12/03 00:00:00,RAINFALL,0,0,0,0,0,0,0,0,0,0,0,0,0,0,0,0,0,0,0,0.5,0,0,0,0,
花蓮,2024/12/03 00:00:00,RH,76,76,75,73,75,74,72,73,67,60,64,69,69,70,69,68,75,80,85,87,85,87,84,86,
花蓮,2024/12/03 00:00:00,SO2,2,1,0.8,1,0.9,0.9,1,0.9,1,1.1,1.3,1.7,1.3,1.5,1.7,0.9,1,1.3,1,1.1,1.3,1.4,1.2,1.1,
花蓮,2024/12/03 00:00:00,THC,1.99,1.99,1.97,1.96,1.97,1.96,2,2.02,2.02,2.02,1.99,1.97,1.96,2,2.01,2.04,2.07,2.03,1.98,2,2.05,2.06,2.01,1.99,
花蓮,2024/12/03 00:00:00,WD_HR,241,240,242,241,239,238,240,232,229,243,86,65,56,49,343,324,38,67,67,62,327,271,276,237,
花蓮,2024/12/03 00:00:00,WIND_DIREC,242,233,245,240,240,227,250,230,231,64,74,63,44,341,326,307,44,72,65,36,308,284,239,231,
花蓮,2024/12/03 00:00:00,WIND_SPEED,2.4,2.2,1.8,1.8,2.3,2.3,2.2,2.2,2.4,1.6,1.8,2.7,1.8,2,1.9,1.5,2,3.1,2.8,1.9,1.4,1.4,1.9,2.3,
花蓮,2024/12/03 00:00:00,WS_HR,2.1,2,2,1.7,2.1,2.2,2,2.2,1.9,0.5,1.9,1.6,1.3,0.7,0.8,1,0.7,1.5,2.2,1,0.8,1,1.1,2.2,
花蓮,2024/12/04 00:00:00,AMB_TEMP,20.6,20.6,20.4,20,20.2,20.7,20.5,20.2,20.7,21.3,21.4,22.4,23.3,22.9,22.7,22.5,22.1,21.6,21.2,20.8,20.8,20.5,20.5,20.3,
花蓮,2024/12/04 00:00:00,CH4,1.99,2,2.01,2,1.99,1.98,1.99,1.99,1.99,1.99,2,1.99,1.98,1.98,1.98,1.99,1.99,1.99,1.99,1.99,1.99,1.99,2,2.01,
花蓮,2024/12/04 00:00:00,CO,0.16,0.18,0.2,0.18,0.17,0.17,0.27,0.53,0.57,0.35,0.39,0.38,0.43,0.42,0.35,0.45,0.39,0.5,0.47,0.41,0.44,0.35,0.32,0.3,
花蓮,2024/12/04 00:00:00,NMHC,0,0,0.02,0,0,0,0,0.05,0.09,0.06,0.08,0.03,0.02,0.01,0.02,0.05,0.04,0.08,0.09,0.07,0.08,0.05,0.06,0.05,
花蓮,2024/12/04 00:00:00,NO,0.4,0.4,0.2,0.2,0.2,0.3,0.3,0.9,2.8,2,1.9,1.9,1.6,1.4,0.9,1,0.7,0.5,0.7,0.8,0.7,0.4,0.3,0.2,
花蓮,2024/12/04 00:00:00,NO2,1.7,2.4,3.5,3.1,3.1,1.6,3.2,10.4,19.5,11.4,11.6,11.4,10.3,11.5,9.8,15.8,12.9,13.6,15.5,12.5,12.1,8.6,7.8,7.3,
花蓮,2024/12/04 00:00:00,NOx,2.1,2.8,3.8,3.4,3.4,2,3.5,11.4,22.3,13.5,13.5,13.3,12,13,10.7,16.8,13.7,14.2,16.2,13.4,12.8,9,8.1,7.6,
花蓮,2024/12/04 00:00:00,O3,34.7,31.5,24.4,21.5,17,51.7,46.6,35.3,22.4,23.5,23.9,37.2,37.8,37.2,43.1,30,35.4,35.4,29.5,27.7,28.7,29.4,27.8,24.6,
花蓮,2024/12/04 00:00:00,PM10,x,x,x,x,x,x,x,x,x,x,x,x,x,x,x,x,x,x,x,x,x,x,x,x,
花蓮,2024/12/04 00:00:00,PM2.5,5,3,3,5,4,4,4,6,12,8,5,6,11,8,6,10,14,10,11,9,7,6,5,11,
花蓮,2024/12/04 00:00:00,RAINFALL,0,0,0,0,0,0,0,0,0,0,0,0,0,0,0,0,0,0,0,0,0,0,0,0,
花蓮,2024/12/04 00:00:00,RH,85,84,86,88,87,85,85,88,88,85,85,70,66,67,69,71,74,78,80,81,82,84,84,85,
花蓮,2024/12/04 00:00:00,SO2,1.1,0.9,0.8,0.9,1,0.9,1.1,1.6,1.8,1.2,1.4,2,2.9,3.2,2.5,2.4,1.9,2.1,1.8,1.5,1.6,1.4,1.2,1.2,
花蓮,2024/12/04 00:00:00,THC,1.97,2,2.03,2,1.98,1.96,1.98,2.04,2.08,2.05,2.08,2.02,2,1.99,2,2.04,2.03,2.07,2.08,2.06,2.07,2.04,2.06,2.06,
花蓮,2024/12/04 00:00:00,WD_HR,234,248,257,251,208,71,70,305,266,232,272,53,75,67,67,347,73,56,329,314,302,314,284,284,
花蓮,2024/12/04 00:00:00,WIND_DIREC,237,236,241,245,74,57,61,300,264,242,333,68,72,68,52,81,84,35,323,314,281,295,260,274,
花蓮,2024/12/04 00:00:00,WIND_SPEED,1.7,1.1,1.2,1.1,2.4,1.4,0.9,1.2,1,1.1,1.6,1.5,1.7,2,1.3,1.2,1.3,0.7,1.2,0.8,1.2,1.1,1.2,0.6,
花蓮,2024/12/04 00:00:00,WS_HR,2.1,0.8,0.8,1.2,0.2,1.7,1.1,0.9,1.3,1.1,0.5,0.8,1.4,1.6,1.4,0.6,1.2,0.6,0.9,0.9,0.7,0.9,1,0.7,
花蓮,2024/12/05 00:00:00,AMB_TEMP,20.3,20.2,20,19.9,20,20.4,20.2,20.2,21,22.3,22.8,22.9,22.6,22.5,22.6,22.4,22.2,21.9,21.9,21.9,21.7,21.7,21.3,21.2,
花蓮,2024/12/05 00:00:00,CH4,2.01,2,2.02,2.01,2.02,2.01,2.02,1.98,2.01,1.99,1.98,1.98,1.98,1.98,#,#,1.99,1.99,2,2.01,2.02,2.02,2.01,1.99,
花蓮,2024/12/05 00:00:00,CO,0.28,0.24,0.24,0.21,0.22,0.24,0.32,0.39,0.34,0.28,0.31,0.34,0.22,0.22,0.26,0.3,#,0.42,0.39,0.46,0.49,0.48,0.29,0.18,
花蓮,2024/12/05 00:00:00,NMHC,0.04,0.03,0,0.02,0.02,0.01,0.06,0.08,0.04,0.01,0,0.01,0.01,0,#,#,0.01,0.04,0.04,0.08,0.08,0.09,0.01,0,
花蓮,2024/12/05 00:00:00,NO,0.4,0.6,0.5,0.4,0.5,0.6,0.7,3.1,3.5,2.1,1.5,1.6,1.1,1,1.1,1,#,0.8,0.5,0.7,0.9,1,0.5,0.4,
花蓮,2024/12/05 00:00:00,NO2,6.8,4.3,3.8,3.5,4.7,5.3,8.9,11,7.1,9.2,7,8.1,5.8,5.5,5.5,6.4,#,10.3,10.7,14.6,16.6,14.7,10.3,2.6,
花蓮,2024/12/05 00:00:00,NOx,7.2,5,4.3,3.9,5.3,6,9.6,14.2,10.6,11.3,8.5,9.7,6.9,6.5,6.7,7.5,#,11.1,11.3,15.4,17.5,15.8,10.9,3.1,
花蓮,2024/12/05 00:00:00,O3,26.6,23,20.3,18.3,18.6,23.7,15,6.4,13.8,38.9,44.2,41.4,46.4,46.8,46.4,#,42,38.3,37.5,31.3,25.3,22.7,34.5,45,
花蓮,2024/12/05 00:00:00,PM10,x,x,x,x,x,x,x,x,x,x,x,x,x,x,x,#,19,21,27,24,29,28,23,12,
花蓮,2024/12/05 00:00:00,PM2.5,9,5,6,5,6,5,7,8,7,6,6,7,7,6,#,10,10,10,11,9,17,6,7,6,
花蓮,2024/12/05 00:00:00,RAINFALL,0,0,0,0,0,0,0,0,0,0,0,0,0,0,#,0,0,0,0,0,0,0,0.5,0,
花蓮,2024/12/05 00:00:00,RH,84,85,87,87,85,82,83,82,78,72,70,70,72,74,75,75,74,75,75,75,77,77,82,83,
花蓮,2024/12/05 00:00:00,SO2,1.2,1.2,0.9,1,1.1,1.2,1.4,1.5,1.3,1.8,2.1,2.5,1.5,1.2,1.4,1.5,#,1.9,1.7,2,1.9,1.8,1.6,1.3,
花蓮,2024/12/05 00:00:00,THC,2.05,2.03,2.02,2.03,2.04,2.02,2.08,2.06,2.05,2,1.98,1.99,1.99,1.98,#,#,2,2.03,2.04,2.09,2.1,2.11,2.02,1.98,
花蓮,2024/12/05 00:00:00,WD_HR,271,256,257,270,251,261,252,247,226,66,68,57,66,71,71,72,70,71,59,31,306,318,46,60,
花蓮,2024/12/05 00:00:00,WIND_DIREC,259,226,277,275,232,306,251,212,71,69,64,61,65,71,77,73,66,66,37,33,301,356,70,55,
花蓮,2024/12/05 00:00:00,WIND_SPEED,0.8,0.9,0.5,0.9,1.1,0.9,1.4,1.1,1.1,2.1,2,1.9,2.2,2.6,2.3,1.9,2.4,1.6,1.3,0.9,1,1.2,1.6,1.1,
花蓮,2024/12/05 00:00:00,WS_HR,0.8,0.6,0.9,0.8,1,0.6,1,1.1,0.6,1.6,1.4,1.1,1.6,1.8,1.9,1.6,1.7,1.2,1,0.5,0.9,0.8,0.8,1.1,
花蓮,2024/12/06 00:00:00,AMB_TEMP,20.9,20.6,20.1,19.9,20.4,20.1,20.7,21.1,22.4,22.9,23.2,23.9,24.7,24.2,23.8,23.8,23.4,23.1,22.8,22.6,22.4,21.9,21.5,21.2,
花蓮,2024/12/06 00:00:00,CH4,2.03,2.03,2.04,2.03,2.04,2.02,2,2,1.99,1.99,1.99,1.99,1.98,1.98,1.98,1.98,1.98,1.98,1.98,1.99,2.01,2.01,2,1.99,
花蓮,2024/12/06 00:00:00,CO,0.26,0.3,0.3,0.28,0.26,0.28,0.27,0.47,0.34,0.36,0.49,0.24,0.28,0.25,0.23,0.23,0.24,0.27,0.29,0.33,0.52,0.52,0.4,0.34,
花蓮,2024/12/06 00:00:00,NMHC,0,0.03,0.04,0.05,0,0.03,0.02,0.05,0.02,0.01,0.02,0,0,0,0,0,0.01,0.02,0.02,0.02,0.1,0.12,0.07,0.06,
花蓮,2024/12/06 00:00:00,NO,0.4,0.2,0,0.3,0.4,0.4,0.3,2.9,3.1,1.7,1.4,0.9,0.8,0.6,0.6,0.5,0.3,0.3,0.3,0.3,0.7,1.2,0.6,0.3,
花蓮,2024/12/06 00:00:00,NO2,4.8,9.4,9,8.6,9.9,10.3,8.2,16.3,14.2,9.7,9.8,5.6,4,4.3,4.3,5,5.6,6.3,6.3,6.9,14.6,17.1,10.6,7.2,
花蓮,2024/12/06 00:00:00,NOx,5.3,9.7,9,8.9,10.3,10.8,8.5,19.2,17.3,11.4,11.3,6.6,4.8,4.9,5,5.6,5.9,6.7,6.7,7.2,15.4,18.3,11.2,7.5,
花蓮,2024/12/06 00:00:00,O3,36.1,25.9,16.8,14.9,22.4,16.2,30.2,18.8,29.8,37.2,40.1,46.4,48.6,48,46.7,45.7,43.2,42.3,41.4,39.3,21.6,15.4,18.6,16.9,
花蓮,2024/12/06 00:00:00,PM10,21,25,21,19,17,17,14,23,24,26,26,25,18,20,21,20,20,19,14,18,26,27,26,20,
花蓮,2024/12/06 00:00:00,PM2.5,5,11,9,7,6,4,4,6,12,9,12,13,11,9,9,6,8,9,11,10,14,17,12,10,
花蓮,2024/12/06 00:00:00,RAINFALL,0,0,0,0,0,0,0,0,0,0,0,0,0,0,0,0,0,0,0,0,0,0,0,0,
花蓮,2024/12/06 00:00:00,RH,85,85,86,86,85,86,84,81,74,71,69,67,61,65,67,67,70,73,77,78,79,80,81,81,
花蓮,2024/12/06 00:00:00,SO2,1.4,1.5,1.5,1.4,1.4,1.4,1.3,1.9,1.8,1.9,2.2,1.5,1.5,1.7,1.2,1.2,1.1,1.3,1.4,1.7,1.9,2,1.9,1.7,
花蓮,2024/12/06 00:00:00,THC,2.03,2.06,2.08,2.08,2.04,2.05,2.02,2.05,2.01,2,2.01,1.99,1.98,1.98,1.98,1.98,1.99,2,2,2.01,2.11,2.13,2.07,2.05,
花蓮,2024/12/06 00:00:00,WD_HR,348,318,293,317,340,288,37,332,60,69,72,71,73,72,70,70,68,70,67,65,313,267,251,292,
花蓮,2024/12/06 00:00:00,WIND_DIREC,357,302,303,324,354,284,349,44,68,70,80,73,85,64,69,63,68,74,70,72,304,257,244,292,
花蓮,2024/12/06 00:00:00,WIND_SPEED,0.7,1,1.1,1,1.2,0.9,1.4,1.5,2.3,2.6,2.7,3.1,2.6,2.6,2.2,2.3,2.3,1.8,1.6,1,1.2,1.5,0.7,1.5,
花蓮,2024/12/06 00:00:00,WS_HR,0.6,0.5,0.9,0.6,0.5,0.7,0.5,0.8,1.1,1.8,2,2.4,2.2,2.2,1.8,1.9,2.1,2,1.5,1.1,0.8,1.1,0.8,1.1,
花蓮,2024/12/07 00:00:00,AMB_TEMP,20.5,19.9,19.7,19.5,19.2,19.1,19,19.7,21.8,23.7,24.7,25.2,25.4,25.3,25,24.3,23.5,23.1,22.9,22.8,22.4,22.3,22.3,21.9,
花蓮,2024/12/07 00:00:00,CH4,2.01,2.03,2,1.98,1.97,1.98,1.97,2,1.98,1.98,1.97,1.98,1.98,1.98,1.99,1.99,2,2.01,2.01,2.03,2.06,2.07,2.07,2.07,
花蓮,2024/12/07 00:00:00,CO,0.34,0.26,0.22,0.19,0.18,0.2,0.22,0.24,0.28,0.27,0.25,0.24,0.23,0.22,0.23,0.23,0.25,0.28,0.27,0.28,0.3,0.3,0.29,0.3,
花蓮,2024/12/07 00:00:00,NMHC,0.04,0.01,0,0,0,0,0.01,0,0.02,0.02,0.01,0,0,0,0,0,0.01,0.01,0,0,0,0,0,0,
花蓮,2024/12/07 00:00:00,NO,0.2,0.8,0.5,0.5,0.7,0.6,0.9,1.5,2.9,3.5,3.3,2.1,1.4,1.2,1,0.8,0.6,0.5,0.5,0.4,0.5,0.5,0.5,0.4,
花蓮,2024/12/07 00:00:00,NO2,7.5,4,3.4,2.6,2.7,3,4.5,4.3,5.1,7.6,9.3,5.8,4,3.6,3.4,3.5,4.2,5.8,5.1,4.6,3.5,3,2.4,2.4,
花蓮,2024/12/07 00:00:00,NOx,7.7,4.8,4,3.1,3.4,3.6,5.5,5.8,8,11.1,12.7,7.9,5.4,4.8,4.4,4.4,4.8,6.3,5.6,5,4,3.5,3,2.9,
花蓮,2024/12/07 00:00:00,O3,14.9,14.6,13,13.3,12.2,13.5,10.7,11.6,15.5,22.3,30.7,44.2,47.2,47.8,47.4,47.9,46.7,44.9,45.2,46.2,50.8,53.1,53.8,53.5,
花蓮,2024/12/07 00:00:00,PM10,18,18,8,12,11,12,9,15,16,21,16,12,17,21,28,29,31,33,28,20,25,20,16,19,
花蓮,2024/12/07 00:00:00,PM2.5,8,10,9,7,8,5,4,6,5,2,4,6,6,10,11,13,12,11,8,8,11,6,6,4,
花蓮,2024/12/07 00:00:00,RAINFALL,0,0,0,0,0,0,0,0,0,0,0,0,0,0,0,0,0,0,0,0,0,0,0,0,
花蓮,2024/12/07 00:00:00,RH,83,86,85,84,83,85,83,81,75,69,65,66,65,66,69,73,77,77,77,77,77,73,70,72,
花蓮,2024/12/07 00:00:00,SO2,1.7,1.2,1.3,1.3,1.3,1.3,1.4,1.4,1.6,1.9,2.4,1.6,1.6,1.4,1.3,1.2,1.2,1.4,1.4,1.4,1.5,1.5,1.4,1.5,
花蓮,2024/12/07 00:00:00,THC,2.05,2.04,1.99,1.97,1.97,1.97,1.98,2,2,2,1.98,1.98,1.97,1.97,1.99,1.99,2.01,2.02,2.01,2.03,2.06,2.06,2.06,2.06,
花蓮,2024/12/07 00:00:00,WD_HR,245,260,247,257,250,243,247,223,241,241,87,77,77,71,76,77,76,75,76,79,77,74,72,75,
花蓮,2024/12/07 00:00:00,WIND_DIREC,244,249,250,273,237,250,244,231,223,41,70,81,74,72,83,79,76,66,87,82,79,76,71,74,
花蓮,2024/12/07 00:00:00,WIND_SPEED,1.6,1.7,1.9,1.6,1.5,1.7,1.8,2.7,1.1,0.7,2.3,2.7,3.3,2.7,3.5,3,2.5,2.8,2.8,3.5,3.7,3.9,3.7,3.1,
花蓮,2024/12/07 00:00:00,WS_HR,1.2,1.2,1.4,1,1.3,1.7,1.6,1.8,1.3,0.6,1.5,1.9,2.5,2.1,2.5,2.4,2.2,2.3,2.3,2.8,3,3.4,3.5,3,
花蓮,2024/12/08 00:00:00,AMB_TEMP,21.6,21.7,21.7,21.7,21.5,21.6,21.4,21.1,21.1,21.4,22.4,21.6,21.5,22.1,21.5,20.8,19.9,19.7,19.6,19.6,19.5,19.3,19.1,19.3,
花蓮,2024/12/08 00:00:00,CH4,2.07,2.08,2.09,2.07,2.06,2.05,2.06,2.04,2.03,2.04,2.05,2.05,2.04,2.03,2.04,2.03,2.04,2.04,2.04,2.03,2.02,2.02,2.03,2.01,
花蓮,2024/12/08 00:00:00,CO,0.3,0.32,0.31,0.3,0.28,0.27,0.29,0.25,0.24,0.25,0.27,0.27,0.25,0.25,0.26,0.26,0.24,0.25,0.24,0.23,0.21,0.22,0.24,0.19,
花蓮,2024/12/08 00:00:00,NMHC,0,0,0,0,0,0,0,0,0,0,0,0,0,0,0,0,0,0,0,0,0,0,0,0,
花蓮,2024/12/08 00:00:00,NO,0.4,0.8,1,0.9,0.9,0.8,0.9,0.9,1.1,1.1,1.1,1,1.1,1.2,1.1,1,0.9,1,0.9,0.8,0.8,0.8,0.8,0.8,
花蓮,2024/12/08 00:00:00,NO2,2.4,3.1,2.9,3.2,3,3,3.8,3.7,3.4,3.3,3.1,3.1,2.9,3,3.7,3.8,3.7,3.8,3.8,3.6,3.1,3.3,4.9,2.7,
花蓮,2024/12/08 00:00:00,NOx,2.8,4,3.9,4.1,3.9,3.8,4.7,4.6,4.5,4.4,4.2,4.1,4.1,4.3,4.8,4.8,4.6,4.9,4.7,4.4,4,4.2,5.7,3.6,
花蓮,2024/12/08 00:00:00,O3,52.6,50.3,48.5,46.7,46.7,46.4,42.4,44.4,45.9,48.1,50.4,50.6,47.9,45.2,42.6,40.5,39.5,39.6,40.5,41,40.7,37.6,32.8,38.8,
花蓮,2024/12/08 00:00:00,PM10,17,7,10,17,20,14,13,15,24,14,18,22,17,16,15,11,17,15,7,7,9,11,13,11,
花蓮,2024/12/08 00:00:00,PM2.5,6,6,2,6,6,4,5,4,2,3,3,3,2,6,6,5,3,4,4,4,4,4,3,1,
花蓮,2024/12/08 00:00:00,RAINFALL,0,0,0,0,0,0,0,0,0,0,0,0,0,0,0,0,0,0,0,0,0,0,0,0,
花蓮,2024/12/08 00:00:00,RH,73,73,72,71,70,68,72,72,70,68,63,62,62,63,65,69,72,71,70,67,69,70,73,71,
花蓮,2024/12/08 00:00:00,SO2,1.4,1.1,1.2,1.2,1.2,1.1,1.3,1.2,1.2,1.1,1.1,1,1.2,1.2,1.2,1.2,1.1,1.2,1.3,1.3,1.2,1.3,1.4,1.3,
花蓮,2024/12/08 00:00:00,THC,2.07,2.07,2.06,2.05,2.04,2.03,2.04,2.02,2.02,2.03,2.05,2.05,2.03,2.03,2.03,2.03,2.03,2.03,2.03,2.02,2.01,2.01,2.02,1.99,
花蓮,2024/12/08 00:00:00,WD_HR,72,72,66,62,57,72,41,74,78,77,78,79,76,78,80,73,80,75,76,75,78,47,335,52,
花蓮,2024/12/08 00:00:00,WIND_DIREC,82,69,64,51,67,70,81,83,79,79,78,78,81,76,78,76,81,76,74,73,82,299,54,314,
花蓮,2024/12/08 00:00:00,WIND_SPEED,2.5,2.5,2.3,2,2.5,3.4,2.8,3.9,3.6,4.2,5.2,4.3,3.9,2.8,2.8,2.8,3.9,3.8,3.6,2.9,3.1,2,1.6,2.3,
花蓮,2024/12/08 00:00:00,WS_HR,2.7,2.2,1.8,1.3,1.6,1.9,0.5,2.7,3.2,3.3,3.8,4,3.2,2.5,2.7,2.4,3.3,3.1,3,2.7,2.5,1,0.6,1.2,
花蓮,2024/12/09 00:00:00,AMB_TEMP,18.8,18.8,19.1,19.1,19,19,19,18.8,19.3,20.1,21,21.6,21.8,21.5,21.3,21.2,21.1,20.9,20.3,19.7,19.7,19.4,19.3,19.1,
花蓮,2024/12/09 00:00:00,CH4,2.02,2.03,2.03,2.03,2.03,2.03,2.04,2.06,2.05,2.03,2.01,2,2,2,2,2,2,2.01,2.02,2.01,2.02,2.03,2.03,2.02,
花蓮,2024/12/09 00:00:00,CO,0.22,0.21,0.2,0.2,0.2,0.22,0.27,0.31,0.35,0.31,0.28,0.25,0.2,0.19,0.21,0.25,0.4,0.52,0.55,0.43,0.42,0.31,0.25,0.23,
花蓮,2024/12/09 00:00:00,NMHC,0,0,0,0,0,0,0.02,0.03,0.04,0.04,0.03,0,0,0,0,0,0.04,0.09,0.1,0.11,0.09,0.04,0,0,
花蓮,2024/12/09 00:00:00,NO,1,0.6,0.5,0.5,0.5,0.7,0.5,0.9,2.2,3.1,2.3,1.4,1,0.8,0.7,0.8,0.9,1.5,2.7,2.2,1.5,0.9,0.5,0.4,
花蓮,2024/12/09 00:00:00,NO2,4.3,4.1,3.4,4.1,4.4,5.5,7.6,7.8,9.1,10.9,8.6,5.2,3.3,2.8,3.3,4.5,10.5,20.1,19.3,13.5,12.7,8.6,4.7,3.7,
花蓮,2024/12/09 00:00:00,NOx,5.4,4.7,4,4.7,5,6.2,8.1,8.7,11.4,14,11,6.6,4.4,3.6,4.1,5.3,11.5,21.7,22,15.7,14.3,9.5,5.3,4.2,
花蓮,2024/12/09 00:00:00,O3,29.9,26.3,29.8,27.5,25.8,19.8,18.4,15.3,15.5,19.3,30.3,39.1,42.8,43.3,42.9,42.3,33.4,21.7,14.9,15.1,15.3,17.1,20.6,19.3,
花蓮,2024/12/09 00:00:00,PM10,15,10,8,10,10,13,14,16,13,17,16,9,7,9,13,18,16,22,18,14,13,21,14,14,
花蓮,2024/12/09 00:00:00,PM2.5,4,4,1,0,4,6,5,3,1,4,5,4,3,3,5,4,3,10,6,7,8,6,6,5,
花蓮,2024/12/09 00:00:00,RAINFALL,0,0,0,0,0,0,0,0,0,0,0,0,0,0,0,0,0,0,0,0,0,0,0,0,
花蓮,2024/12/09 00:00:00,RH,76,76,73,73,74,75,75,78,76,72,67,64,62,63,65,66,67,68,72,73,72,77,77,79,
花蓮,2024/12/09 00:00:00,SO2,1.5,1.4,1.4,1.4,1.5,1.5,1.5,1.4,1.6,1.9,1.9,2,1.7,1.4,1.5,1.8,2.6,2.9,2.5,1.7,1.6,1.8,1.6,1.5,
花蓮,2024/12/09 00:00:00,THC,2.01,2.03,2.02,2.02,2.01,2.03,2.06,2.09,2.09,2.07,2.04,2,1.99,1.98,1.99,1.99,2.04,2.1,2.12,2.12,2.11,2.07,2.03,2.02,
花蓮,2024/12/09 00:00:00,WD_HR,306,322,344,316,297,297,260,231,247,243,80,76,71,74,74,63,345,314,311,300,282,235,239,238,
花蓮,2024/12/09 00:00:00,WIND_DIREC,298,344,332,294,292,307,240,264,238,218,74,69,73,79,70,66,333,304,313,294,245,242,231,235,
花蓮,2024/12/09 00:00:00,WIND_SPEED,0.9,0.7,1.1,1.5,1.6,0.7,1.5,1.1,1.6,1.1,2.3,2.8,2.6,2.4,2.5,1.4,1.6,1.2,1.4,1.5,1,2.1,2,2.3,
花蓮,2024/12/09 00:00:00,WS_HR,1.1,0.6,0.6,0.8,1.2,1,1,1.4,1.4,1.1,1.1,2.1,2.2,2.2,1.7,1.5,0.7,0.9,1.2,1.4,1,1.6,2.1,2,
花蓮,2024/12/10 00:00:00,AMB_TEMP,18.9,18.9,18.8,18.8,18.6,18.5,18.6,19.1,20.5,22.2,23.1,23,22.1,22.3,22.3,21.2,21.2,21.4,20.9,20.4,20.5,20.4,20.3,20.4,
花蓮,2024/12/10 00:00:00,CH4,2.02,2.01,2.02,2,2.02,2.01,2.03,2.01,2.01,2,1.98,1.98,1.97,1.98,1.98,1.99,1.99,2,2.01,2.01,2,2.02,2.02,2,
花蓮,2024/12/10 00:00:00,CO,0.23,0.2,0.19,0.18,0.19,0.2,0.23,0.29,0.27,0.28,0.21,0.21,0.18,0.17,0.2,0.27,0.3,0.43,0.25,0.2,0.2,0.21,0.2,0.2,
花蓮,2024/12/10 00:00:00,NMHC,0.01,0,0,0,0,0,0,0.04,0.03,0.02,0,0,0,0,0.01,0.03,0.06,0.11,0.04,0,0,0,0,0,
花蓮,2024/12/10 00:00:00,NO,0.4,0.3,0.2,0.3,0.2,0.3,0.4,1.2,2.5,3.5,2.9,1.3,0.7,0.5,0.4,0.9,0.8,1.5,0.8,0.6,0.4,0.5,0.3,0.4,
花蓮,2024/12/10 00:00:00,NO2,3.6,2.9,2.4,2.2,2.6,2.8,3,5.9,5.3,7.6,6.8,4.1,3.3,2.2,3,7.7,9,13.9,8.2,3.8,3,3.1,2.8,3.3,
花蓮,2024/12/10 00:00:00,NOx,4,3.2,2.6,2.6,2.8,3.1,3.4,7.2,7.9,11.2,9.8,5.4,4,2.7,3.5,8.7,9.8,15.4,9,4.5,3.4,3.6,3.2,3.8,
花蓮,2024/12/10 00:00:00,O3,19.7,19.3,17.6,14.8,15.9,15.3,14.9,12.5,13.8,18.8,31.5,37.7,41.3,42.3,40.1,32.9,30.8,21.9,29.6,33.1,32.4,31.1,26.8,26.4,
花蓮,2024/12/10 00:00:00,PM10,12,9,8,11,8,9,16,14,11,18,16,13,8,7,9,13,11,21,8,9,9,7,7,8,
花蓮,2024/12/10 00:00:00,PM2.5,5,3,2,2,3,2,10,7,4,6,4,3,4,3,6,6,9,7,6,5,7,4,2,2,
花蓮,2024/12/10 00:00:00,RAINFALL,0,0,0,0,0,0,0,0,0,0,0,0,0,0,0,0,0,0,0,0,0,0,0,0,
花蓮,2024/12/10 00:00:00,RH,79,79,79,78,80,80,81,79,73,68,73,72,81,79,79,83,80,79,85,86,84,85,87,86,
花蓮,2024/12/10 00:00:00,SO2,1.5,1.3,1.5,1.5,1.5,1.3,1.4,1.5,1.5,2,1.8,1.3,1.5,1.4,1.3,1.3,1.5,1.6,1.8,1.4,1.5,1.6,1.4,1.5,
花蓮,2024/12/10 00:00:00,THC,2.03,2.01,2.01,1.99,2.01,2.01,2.03,2.05,2.04,2.02,1.97,1.97,1.96,1.96,1.99,2.02,2.05,2.11,2.05,2.01,2,2.02,2.02,2,
花蓮,2024/12/10 00:00:00,WD_HR,253,249,251,245,246,237,235,241,236,144,101,88,94,114,74,318,339,271,227,229,228,225,233,236,
花蓮,2024/12/10 00:00:00,WIND_DIREC,252,242,244,234,242,230,241,235,242,111,101,94,93,134,9,314,330,242,234,227,240,213,242,224,
花蓮,2024/12/10 00:00:00,WIND_SPEED,1.9,1.9,1.2,1.7,1.2,1.5,1.6,1.9,1.5,1.3,2.1,2.8,2.5,1.7,1.8,2.1,1.2,1.5,2.9,2,2.4,2.1,1.2,1.8,
花蓮,2024/12/10 00:00:00,WS_HR,1.6,1.5,1.1,1.7,1.6,1.2,1.8,1.9,1.6,0.3,1.9,1.7,2.3,1.8,0.6,1.6,1,0.9,2.1,2.2,2.4,2.1,1.8,1.6,
花蓮,2024/12/11 00:00:00,AMB_TEMP,20.2,20.2,19.9,19.9,19.7,19.6,19.7,20,20.4,20.9,23.1,24,24.6,24.7,24.5,24.1,23.4,23,22.7,22.5,22.2,22.2,22.1,21.6,
花蓮,2024/12/11 00:00:00,CH4,2.03,2.04,2.03,2.03,2.05,2.03,2.03,2.03,2.02,2.01,1.99,1.99,1.98,1.97,1.97,1.98,1.97,1.98,1.99,1.99,1.98,1.99,1.99,1.99,
花蓮,2024/12/11 00:00:00,CO,0.19,0.17,0.16,0.16,0.16,0.18,0.22,0.3,0.31,0.37,0.27,0.21,0.17,0.16,0.17,0.18,0.22,0.27,0.27,0.25,0.27,0.25,0.21,0.23,
花蓮,2024/12/11 00:00:00,NMHC,0,0,0,0,0,0.01,0.02,0.04,0.06,0.09,0.06,0.01,0,0,0,0,0,0.02,0.01,0,0,0,0,0,
花蓮,2024/12/11 00:00:00,NO,0.3,0.8,0.8,0.7,0.6,0.8,1.1,2,3.3,7.2,4.6,2.8,1.7,1.2,1.2,1,0.8,0.9,0.8,0.8,0.7,0.8,0.7,0.7,
花蓮,2024/12/11 00:00:00,NO2,2.4,1.5,1.4,1.7,1.7,2.2,4.1,6.3,7.1,14.6,8.8,7.8,3.9,2.8,3.4,3.8,5.1,6.3,6.1,5.3,4.5,5.4,3.3,4,
花蓮,2024/12/11 00:00:00,NOx,2.8,2.4,2.2,2.5,2.4,3,5.2,8.3,10.5,21.8,13.4,10.7,5.7,4.1,4.6,4.9,6,7.3,7,6.1,5.2,6.2,4.1,4.7,
花蓮,2024/12/11 00:00:00,O3,25.1,25.3,21.6,19.1,17.5,12,9.3,10.6,10.1,13.1,27.4,36.2,43.1,45.7,42.7,42.7,43.2,42.4,42.1,41.8,40.8,39.9,40.9,37.3,
花蓮,2024/12/11 00:00:00,PM10,16,8,6,9,11,11,9,13,13,11,18,21,7,7,10,7,12,16,18,16,15,14,14,26,
花蓮,2024/12/11 00:00:00,PM2.5,2,2,6,5,7,6,3,4,5,5,2,3,5,3,1,0,3,10,7,7,4,1,8,8,
花蓮,2024/12/11 00:00:00,RAINFALL,0,0,0,0,0,0,0,0,0,0,0,0,0,0,0,0,0,0,0,0,0,0,0,0,
花蓮,2024/12/11 00:00:00,RH,86,86,87,87,87,86,85,84,83,87,77,74,70,71,69,72,78,79,79,80,79,78,78,80,
花蓮,2024/12/11 00:00:00,SO2,1.5,0.8,0.7,0.8,1,0.8,0.8,0.9,1.1,1,0.9,0.7,0.5,0.5,#,0.8,1.1,1.4,1.5,1.5,1.9,2.2,1.6,1.9,
花蓮,2024/12/11 00:00:00,THC,2.02,2.03,2.01,2.02,2.04,2.04,2.05,2.07,2.08,2.1,2.05,2,1.96,1.95,1.96,1.97,1.97,2,2,1.99,1.98,1.98,1.97,1.98,
花蓮,2024/12/11 00:00:00,WD_HR,221,239,233,244,238,250,238,233,259,259,256,114,109,107,68,80,72,74,74,67,70,70,73,73,
花蓮,2024/12/11 00:00:00,WIND_DIREC,228,245,243,236,239,234,251,238,277,260,160,129,122,64,76,78,68,75,85,67,65,63,74,70,
花蓮,2024/12/11 00:00:00,WIND_SPEED,1.8,2.2,2.4,1.5,1.6,0.8,0.9,1.5,0.6,1.3,0.9,2.7,2.7,1.6,2,2.3,2.1,1.6,2.4,2.5,1.7,2,2.3,3.2,
花蓮,2024/12/11 00:00:00,WS_HR,2,1.9,2,1.2,1.5,0.8,1,1.3,0.7,1.1,0.2,2,2.2,2.1,1.2,1.8,1.5,1.7,2,1.8,1.7,1.7,1.8,2.4,
花蓮,2024/12/12 00:00:00,AMB_TEMP,21.2,21,20.7,20.6,20.6,20.7,20.7,19.7,19.5,20.1,20.7,21.8,22.2,21.9,21.7,21.5,21,21,20.8,20.8,20.7,20.6,20.3,20,
花蓮,2024/12/12 00:00:00,CH4,2,1.99,2,2,2,2,2,2,2,2,2,#,#,2.01,2.01,2.01,2.02,2.02,2.02,2.02,2.02,2.02,2.02,2.02,
花蓮,2024/12/12 00:00:00,CO,0.19,0.2,0.2,0.21,0.21,0.23,0.29,0.4,0.44,0.36,0.35,#,0.33,#,0.28,0.32,0.43,0.52,0.55,0.49,0.49,0.42,0.38,0.33,
花蓮,2024/12/12 00:00:00,NMHC,0,0,0,0,0,0,0,0.03,0.06,0.04,0.06,#,#,0.01,0.01,0.02,0.05,0.09,0.1,0.09,0.11,0.06,0.06,0.03,
花蓮,2024/12/12 00:00:00,NO,0.6,0.6,0.5,0.5,0.6,0.6,0.7,1,2.2,#,#,#,1.6,#,1.4,1.2,1.4,1.6,1.5,1.1,1.4,1.2,1,0.7,
花蓮,2024/12/12 00:00:00,NO2,2.8,2.3,1.8,2,1.7,2.2,4.2,8.6,12.2,#,#,#,5.6,#,6.5,7.4,11.9,16.9,17,14.5,14.6,10.8,8.6,5.3,
花蓮,2024/12/12 00:00:00,NOx,3.5,2.9,2.4,2.6,2.4,2.8,4.9,9.7,14.4,#,#,#,7.3,#,7.9,8.6,13.4,18.6,18.5,15.7,16.1,12.1,9.6,6.1,
花蓮,2024/12/12 00:00:00,O3,38,37.9,37.8,36.6,37.7,36,32,25,22.7,22.8,#,#,36,37,#,#,#,24.2,20.5,21.5,19,18.6,16,16.2,
花蓮,2024/12/12 00:00:00,PM10,22,13,16,17,14,13,11,12,14,9,#,10,9,8,10,13,11,21,13,21,15,16,15,11,
花蓮,2024/12/12 00:00:00,PM2.5,5,6,5,5,5,3,3,3,2,2,3,#,3,5,7,6,5,5,9,7,7,6,3,4,
花蓮,2024/12/12 00:00:00,RAINFALL,0,0,0,0,0,0,0,0,0,0,0,0,0,0,0,0,0,0,0,0,0,0,0,0,
花蓮,2024/12/12 00:00:00,RH,78,78,78,77,75,74,75,84,85,83,80,71,67,68,69,70,75,75,76,75,76,78,80,83,
花蓮,2024/12/12 00:00:00,SO2,1.7,1.2,1,1.1,1.1,1.1,1.4,1.7,1.6,1.5,1.1,#,1.1,#,1,1,1.2,1.3,1.4,1.5,1.6,1.4,1.2,1.2,
花蓮,2024/12/12 00:00:00,THC,1.98,1.97,1.98,1.98,1.98,1.99,2,2.03,2.06,2.04,2.06,#,#,2.02,2.02,2.03,2.07,2.11,2.12,2.11,2.13,2.08,2.08,2.05,
花蓮,2024/12/12 00:00:00,WD_HR,76,75,77,74,72,67,55,315,293,260,#,#,74,76,75,71,32,357,312,328,309,297,249,240,
花蓮,2024/12/12 00:00:00,WIND_DIREC,71,76,72,70,77,63,303,303,261,222,#,74,82,68,69,65,37,354,307,321,302,299,243,225,
花蓮,2024/12/12 00:00:00,WIND_SPEED,3.4,3,3.5,2.8,2.6,3.3,1.4,1.9,1.4,1.8,#,1.8,2.6,2.4,2.3,1.5,1.1,0.9,0.9,1.1,1.3,1,1.4,1.7,
花蓮,2024/12/12 00:00:00,WS_HR,2.7,2.5,2.8,2.8,2.8,2.8,1.4,0.7,1.2,1.1,#,#,1.8,2.1,1.9,1.6,0.7,0.5,1,0.9,1.1,1.1,1,1.5,
花蓮,2024/12/13 00:00:00,AMB_TEMP,19.9,19.7,19.6,19.5,19.4,19.4,19.6,19.9,20.9,21.7,22.5,22.5,22.2,22.2,22.2,22,21.6,20.5,20.5,20,19.6,19.3,19,18.8,
花蓮,2024/12/13 00:00:00,CH4,2.04,2.06,2.06,2.05,2.05,2.06,2.08,2.05,2.04,2.05,2.02,2.02,2.02,2.01,2.01,2.02,2.01,2.01,2.01,2.02,2.02,2.02,2.02,2.02,
花蓮,2024/12/13 00:00:00,CO,0.32,0.28,0.28,0.27,0.27,0.27,0.32,0.4,0.46,0.43,0.36,0.31,0.29,0.29,0.31,0.31,0.28,0.34,0.22,0.22,0.22,0.23,0.23,0.24,
花蓮,2024/12/13 00:00:00,NMHC,0.01,0.01,0,0,0.01,0,0.02,0.04,0.09,0.09,0.04,0.01,0,0,0,0,0.02,0.04,0,0,0,0,0,0,
花蓮,2024/12/13 00:00:00,NO,0.6,0.7,0.6,0.7,1.1,0.5,0.8,2,3.8,#,#,1.3,1.2,1.1,1,1,0.8,1,0.8,0.5,0.7,0.6,0.4,0.5,
花蓮,2024/12/13 00:00:00,NO2,4.6,3.6,2.9,3.4,4.5,3.4,4.8,7.4,10.2,#,#,7.2,6.3,6.3,6.5,7.5,8.2,9.1,4.9,4.2,3.8,3.4,2.9,2.8,
花蓮,2024/12/13 00:00:00,NOx,5.2,4.4,3.6,4.2,5.6,3.9,5.7,9.5,14,#,#,8.6,7.5,7.5,7.5,8.5,9.1,10.2,5.7,4.7,4.5,4,3.4,3.3,
花蓮,2024/12/13 00:00:00,O3,17.6,15.9,16.4,13.5,11.1,13.4,12.1,11.4,10.4,14.9,25.9,36.1,37.8,37.9,37.4,34.9,33.6,29.4,34.9,34.6,34.5,33.8,33.8,33.8,
花蓮,2024/12/13 00:00:00,PM10,14,11,11,9,9,8,14,13,21,21,19,18,15,15,17,20,14,17,28,26,19,20,17,10,
花蓮,2024/12/13 00:00:00,PM2.5,6,6,5,2,6,5,5,3,2,3,3,1,2,6,3,3,6,5,6,8,7,4,1,0,
花蓮,2024/12/13 00:00:00,RAINFALL,0,0,0,0,0,0,0,0,0,0,0,0,0,0,0,0,0,0,0,0,0,0,0,0,
花蓮,2024/12/13 00:00:00,RH,83,84,84,85,86,85,84,82,79,78,74,74,75,74,74,75,77,83,77,75,75,74,73,74,
花蓮,2024/12/13 00:00:00,SO2,1.2,1.1,1.1,1,1.1,1.3,1.2,1.2,1.3,1.3,1.6,1.4,1.5,1.7,1.9,1.8,1.6,1.3,1.4,1.2,1.3,1.4,1.3,1.4,
花蓮,2024/12/13 00:00:00,THC,2.05,2.07,2.04,2.05,2.06,2.05,2.1,2.09,2.13,2.14,2.06,2.03,2.02,2,2.01,2.02,2.03,2.05,2,2.01,2.01,2.01,2.01,2.01,
花蓮,2024/12/13 00:00:00,WD_HR,243,245,239,269,252,243,244,237,253,267,70,81,80,71,76,73,74,44,80,80,79,79,78,78,
花蓮,2024/12/13 00:00:00,WIND_DIREC,247,248,244,285,245,238,251,229,250,269,67,71,77,78,75,81,78,82,81,81,82,78,77,75,
花蓮,2024/12/13 00:00:00,WIND_SPEED,1.5,1.8,1.4,1,1.5,1.3,1.5,1.1,1.9,1,1.7,2.3,2.1,2.2,1.5,2.1,2.6,2.9,3.3,4.5,4.2,3.9,3.5,3.7,
花蓮,2024/12/13 00:00:00,WS_HR,1.3,1.5,1.3,0.9,1.2,1.4,1.3,1.1,1.1,1.1,0.5,2,1.8,1.7,1.5,1.1,1.7,0.6,3.2,3.5,3.3,3.1,3.2,3.2,
花蓮,2024/12/14 00:00:00,AMB_TEMP,18.6,18.2,18,17.9,17.7,17.6,17.5,17.5,17.7,17.8,17.8,17.6,17.3,17.2,17,16.7,16.7,16.9,16.4,16.1,15.8,15.6,15.7,15.7,
花蓮,2024/12/14 00:00:00,CH4,2.02,2.03,2.04,2.04,2.05,2.06,2.08,2.09,2.1,2.11,2.12,2.12,2.14,2.14,2.16,2.16,2.16,2.15,2.15,2.16,2.16,2.17,2.16,2.17,
花蓮,2024/12/14 00:00:00,CO,0.25,0.27,0.3,0.31,0.32,0.33,0.35,0.39,0.42,0.44,0.45,0.49,0.47,0.45,0.46,0.48,0.48,0.48,0.54,0.52,0.46,0.45,0.46,0.46,
花蓮,2024/12/14 00:00:00,NMHC,0,0,0,0.01,0.01,0.01,0.02,0.04,0.05,0.05,0.05,0.08,0.05,0.05,0.04,0.04,0.04,0.04,0.08,0.08,0.04,0.04,0.04,0.04,
花蓮,2024/12/14 00:00:00,NO,0.6,1.1,1,0.8,0.8,0.9,0.9,0.8,1.3,1.5,1.5,1.6,1.4,1.2,1.1,1.1,1.2,0.9,1.2,1.2,1,0.9,0.9,1,
花蓮,2024/12/14 00:00:00,NO2,2.3,2.4,2.9,2.9,3,3.3,3.8,4.7,6.5,8,7.7,8.2,7.6,6.9,7.1,6.8,6.9,7,8.7,8.6,5.4,4.3,4.4,5.3,
花蓮,2024/12/14 00:00:00,NOx,3,3.6,3.9,3.8,3.9,4.2,4.8,5.5,7.8,9.5,9.2,9.9,9,8.2,8.2,7.9,8.1,8,9.9,9.8,6.4,5.2,5.3,6.3,
花蓮,2024/12/14 00:00:00,O3,33.7,33.1,31.9,32.2,31.8,31.6,32.5,32.3,31.4,30.7,32.4,33,37.4,38.3,39,38.5,37.9,37.6,29.8,28.8,31,31.1,31,27.6,
花蓮,2024/12/14 00:00:00,PM10,15,15,6,12,16,18,18,20,24,27,27,30,40,31,40,40,38,27,35,40,36,34,29,32,
花蓮,2024/12/14 00:00:00,PM2.5,4,4,3,2,3,8,10,8,9,9,14,17,21,19,23,23,21,14,20,14,14,19,17,20,
花蓮,2024/12/14 00:00:00,RAINFALL,0,0,0,0,0,0,0,0,0,0,0,0,0,0,0,0,0,0,0,0,0,0,0,0,
花蓮,2024/12/14 00:00:00,RH,72,75,75,72,71,71,71,69,68,68,68,69,68,67,67,68,68,66,73,76,78,80,79,80,
花蓮,2024/12/14 00:00:00,SO2,1.3,1.4,1.4,1.3,1.3,1.4,1.3,1.5,1.5,1.6,1.4,1.6,1.6,1.4,1.5,1.5,1.5,1.6,1.8,1.8,1.8,1.8,1.8,1.8,
花蓮,2024/12/14 00:00:00,THC,2.02,2.02,2.04,2.05,2.06,2.07,2.1,2.13,2.15,2.16,2.17,2.2,2.19,2.19,2.2,2.2,2.2,2.19,2.23,2.24,2.2,2.21,2.2,2.21,
花蓮,2024/12/14 00:00:00,WD_HR,76,79,74,75,79,79,80,81,74,64,53,68,81,68,77,78,76,69,308,234,224,226,217,284,
花蓮,2024/12/14 00:00:00,WIND_DIREC,80,76,74,73,74,80,70,80,70,68,308,58,78,73,81,73,76,70,301,220,231,226,296,294,
花蓮,2024/12/14 00:00:00,WIND_SPEED,3.4,3.1,3.2,2.7,2.8,3.2,2.3,2.6,1.9,2.4,1,2,2.6,2,3,3.2,2.5,2.9,1.1,2.2,2.9,0.6,1.1,1.3,
花蓮,2024/12/14 00:00:00,WS_HR,2.9,2.8,2.5,2.4,2.6,2.7,2.6,2,1.7,1.3,0.9,1.2,1.9,1.7,2.3,2.6,2.4,1.9,1,1.5,2.4,1.8,0.7,1.3,
花蓮,2024/12/15 00:00:00,AMB_TEMP,15.9,15.7,15.4,15.5,15.6,15.6,15.6,15.8,16.2,16.7,17.3,18.1,17.9,17.6,17.3,17.1,17,16.5,16,16,16.1,15.8,15,15.1,
花蓮,2024/12/15 00:00:00,CH4,2.15,2.15,2.2,2.2,2.18,2.17,2.18,2.18,2.16,2.15,2.12,2.08,2.07,2.06,2.05,2.04,2.04,2.05,2.05,2.05,2.06,2.06,2.05,2.04,
花蓮,2024/12/15 00:00:00,CO,0.47,0.44,0.43,0.42,0.42,0.43,0.43,0.49,0.53,0.51,0.52,0.41,0.37,0.33,0.31,0.31,0.32,0.4,0.42,0.42,0.41,0.39,0.37,0.31,
花蓮,2024/12/15 00:00:00,NMHC,0.03,0.03,0.02,0.01,0.01,0.02,0.03,0.05,0.07,0.06,0.11,0.05,0.02,0.02,0.02,0.02,0.02,0.04,0.05,0.05,0.04,0.04,0.02,0,
花蓮,2024/12/15 00:00:00,NO,0.9,0.4,0.3,0.4,0.3,0.4,0.5,0.7,1.1,1.4,1.6,1.5,1.1,0.7,0.7,0.6,0.6,0.7,0.8,0.9,0.8,0.8,0.7,0.6,
花蓮,2024/12/15 00:00:00,NO2,6.9,4.6,3.4,3,2.7,2.8,3.4,5.3,7.9,7.8,9.2,7.7,5.7,5.4,5.2,5.1,5.6,8.5,10.6,10,10.2,9.5,9,7,
花蓮,2024/12/15 00:00:00,NOx,7.8,5,3.8,3.5,3.1,3.3,4,6.1,9.1,9.2,10.9,9.2,6.8,6.1,5.9,5.7,6.2,9.2,11.4,10.9,11,10.4,9.8,7.7,
花蓮,2024/12/15 00:00:00,O3,26.8,25.5,21.7,22.5,26.7,24.5,22.7,16.5,16.9,19.3,23.4,35.6,38.6,39.2,40.1,41.1,41,35.1,32.8,31.2,28.9,28,29.5,39.4,
花蓮,2024/12/15 00:00:00,PM10,38,25,30,26,25,32,24,28,29,20,31,21,15,24,16,27,22,24,28,29,23,25,20,12,
花蓮,2024/12/15 00:00:00,PM2.5,9,16,18,18,11,13,10,13,17,11,13,11,9,5,11,10,13,11,16,14,14,12,10,8,
花蓮,2024/12/15 00:00:00,RAINFALL,0,0,0,0,0,0,0,0,0,0,0,0,0,0,0,0,0,0,0,0,0,0,0,0,
花蓮,2024/12/15 00:00:00,RH,78,82,86,85,82,83,85,85,82,80,74,64,65,66,67,68,69,72,75,76,76,80,87,82,
花蓮,2024/12/15 00:00:00,SO2,2,1.6,1.5,1.5,1.5,1.7,1.6,1.6,1.7,1.8,1.8,1.8,1.6,1.7,1.6,1.4,1.5,1.8,2.2,2.1,2,2,1.9,2.1,
花蓮,2024/12/15 00:00:00,THC,2.18,2.18,2.22,2.21,2.19,2.19,2.21,2.23,2.23,2.21,2.23,2.13,2.09,2.08,2.07,2.06,2.06,2.09,2.1,2.1,2.1,2.1,2.07,2.04,
花蓮,2024/12/15 00:00:00,WD_HR,292,246,241,232,234,234,244,239,247,240,293,74,76,74,72,74,64,18,338,305,289,295,321,332,
花蓮,2024/12/15 00:00:00,WIND_DIREC,289,245,238,222,233,242,251,247,249,276,10,69,81,70,71,64,58,338,317,311,267,318,327,333,
花蓮,2024/12/15 00:00:00,WIND_SPEED,1.6,1.9,2.1,1.7,1.9,1.6,1.2,0.9,1.8,1,1.2,1.8,2.3,2.4,2.5,2.4,2.2,1.9,1.6,1.1,0.5,1.8,1.6,1.5,
花蓮,2024/12/15 00:00:00,WS_HR,1.4,1.7,2,1.9,2,1.6,1.5,0.9,1.3,0.9,0.4,1.2,1.7,2,2.3,2.1,1.7,0.6,0.7,1.1,0.6,1,1.4,0.9,
花蓮,2024/12/16 00:00:00,AMB_TEMP,15.3,15.5,15.7,15.5,16,15.8,15.9,16.1,16.7,16.8,17.1,17.7,17.8,18,17.9,17.8,17.6,17.5,17.3,17.3,17.3,17.1,16.9,16.6,
花蓮,2024/12/16 00:00:00,CH4,2.05,2.04,2.04,2.03,2.03,2.03,2.03,2.04,2.04,2.04,2.04,2.03,2.03,2.03,2.03,2.04,2.04,2.05,2.05,2.04,2.05,2.06,2.05,2.05,
花蓮,2024/12/16 00:00:00,CO,0.28,0.29,0.29,0.31,0.32,0.29,0.32,0.45,0.52,0.5,0.47,0.4,0.42,0.36,0.37,0.46,0.44,0.58,0.61,0.51,0.52,0.48,0.37,0.32,
花蓮,2024/12/16 00:00:00,NMHC,0,0.01,0,0,0,0.01,0.02,0.07,0.08,0.11,0.2,0.05,0.04,0.03,0.03,0.05,0.05,0.08,0.13,0.11,0.12,0.14,0.06,0.05,
花蓮,2024/12/16 00:00:00,NO,0.5,0.3,0.4,0.2,0.4,0.4,0.4,1,1.3,2.1,2.9,2,1.9,1.7,1,1,0.9,1.5,2,1.2,1.5,1.5,0.7,0.7,
花蓮,2024/12/16 00:00:00,NO2,5,5.7,6.1,7.5,6.6,5.4,5.8,10.9,15.4,17.2,17.7,13.1,13.9,12.8,10.1,13.8,14.9,21.9,23,16,15.4,15.5,9.9,7.2,
花蓮,2024/12/16 00:00:00,NOx,5.6,6.1,6.6,7.7,7.1,5.8,6.2,11.9,16.8,19.4,20.7,15.1,15.8,14.6,11.2,14.9,15.8,23.4,25.1,17.3,16.9,17,10.6,8,
花蓮,2024/12/16 00:00:00,O3,40.5,38,37.5,37.4,38.7,35.5,35,26.1,26.7,22.5,21.4,33.1,31,34.5,35.3,30.3,30.2,21.5,16.2,18.3,16.6,13.1,17.2,16,
花蓮,2024/12/16 00:00:00,PM10,12,13,9,11,11,12,12,19,20,30,26,28,29,28,33,31,42,41,32,18,24,30,23,21,
花蓮,2024/12/16 00:00:00,PM2.5,4,7,6,5,6,5,4,5,7,10,9,7,15,9,11,10,18,15,11,10,11,14,9,8,
花蓮,2024/12/16 00:00:00,RAINFALL,0,0,0,0,0,0,0,0,0,0,0,0,0,0,0,0,0,0,0,0,0,0,0,0,
花蓮,2024/12/16 00:00:00,RH,81,81,78,79,73,76,75,74,69,71,71,64,65,65,66,67,70,70,73,74,75,77,79,82,
花蓮,2024/12/16 00:00:00,SO2,2,1.6,1.7,1.8,1.8,1.4,1.5,1.5,1.8,1.8,1.7,2,2,2.1,1.9,2.6,2.2,2.5,2.3,1.8,1.7,1.5,1.4,1.2,
花蓮,2024/12/16 00:00:00,THC,2.05,2.05,2.04,2.03,2.03,2.04,2.05,2.11,2.12,2.15,2.24,2.08,2.07,2.06,2.06,2.09,2.09,2.13,2.18,2.15,2.17,2.2,2.11,2.1,
花蓮,2024/12/16 00:00:00,WD_HR,313,308,325,343,311,300,291,277,301,275,284,17,20,71,10,347,35,7,312,298,289,277,248,249,
花蓮,2024/12/16 00:00:00,WIND_DIREC,303,311,329,327,294,286,284,304,291,255,356,351,344,79,327,48,56,351,304,291,257,288,253,247,
花蓮,2024/12/16 00:00:00,WIND_SPEED,1.2,1.4,1.3,1.5,1.4,0.9,1,1,1,1.1,1.1,1.6,0.9,1.6,1.4,1,1,1.5,1.1,1,0.6,1.3,1.3,2,
花蓮,2024/12/16 00:00:00,WS_HR,1.1,1.1,0.7,0.7,0.8,1.2,1,0.9,0.9,1,0.7,0.5,0.5,1,0.6,0.6,0.5,0.5,1.2,1.1,0.8,1,1.3,1.7,
花蓮,2024/12/17 00:00:00,AMB_TEMP,16.6,16.4,16.3,16,15.9,15.9,16,16.3,17.3,19.3,21.4,22.6,22.4,22.2,22.2,22.1,21.8,20.9,20.5,20.2,19.9,19.4,19.3,19,
花蓮,2024/12/17 00:00:00,CH4,2.06,2.06,2.05,2.02,2.05,2.02,2.06,2.05,2.06,2.03,2.02,2,2.01,2.01,2.01,2.01,2.02,2.02,2.03,2.02,2.04,2.05,2.06,2.06,
花蓮,2024/12/17 00:00:00,CO,0.3,0.28,0.25,0.23,0.23,0.23,0.25,0.29,0.29,0.28,0.33,0.32,0.37,0.3,0.25,0.3,0.35,0.36,0.34,0.32,0.57,0.63,0.59,0.45,
花蓮,2024/12/17 00:00:00,NMHC,0.03,0.02,0.01,0.01,0,0,0.01,0.01,0.03,0.09,0.04,0.01,0,0,0,0,0.03,0.03,0.02,0.02,0.07,0.16,0.16,0.12,
花蓮,2024/12/17 00:00:00,NO,0.5,0.3,0.2,0.2,0.1,0.3,0.4,1.1,1.6,2.3,3.5,2.2,1.7,1.3,0.7,0.7,0.6,0.3,0.3,0.3,0.5,0.8,0.9,0.5,
花蓮,2024/12/17 00:00:00,NO2,5.6,4.9,4,3.2,2.7,2.7,2.9,4.5,5,5.6,9.1,7.1,7.5,7.3,5.4,5.8,8.6,8.8,8.5,6.8,17.9,20.3,18,14,
花蓮,2024/12/17 00:00:00,NOx,6.1,5.2,4.3,3.4,2.9,3,3.4,5.6,6.6,8,12.6,9.4,9.3,8.6,6.1,6.5,9.2,9.1,8.9,7.1,18.4,21.2,19,14.6,
花蓮,2024/12/17 00:00:00,O3,16.9,15.9,13.8,13.5,13.7,14.9,14.1,13.2,14.6,17,25.5,36.2,37.9,41,45.4,44.7,39.6,37.3,38.1,40.7,22.5,14.9,11,13.6,
花蓮,2024/12/17 00:00:00,PM10,26,22,18,11,14,14,13,15,13,13,19,14,14,16,32,23,26,28,24,24,34,24,28,24,
花蓮,2024/12/17 00:00:00,PM2.5,11,12,8,2,1,5,4,6,7,5,6,4,5,7,7,8,13,9,12,12,10,12,15,10,
花蓮,2024/12/17 00:00:00,RAINFALL,0,0,0,0,0,0,0,0,0,0,0,0,0,0,0,0,0,0,0,0,0,0,0,0,
花蓮,2024/12/17 00:00:00,RH,82,83,83,82,81,80,80,79,76,68,60,54,57,60,65,68,69,74,74,74,76,78,80,80,
花蓮,2024/12/17 00:00:00,SO2,1.2,1.1,1.2,1.2,1.3,1.2,1.3,1.2,1.2,1.2,1.5,1.1,2.4,1.8,1.1,1.4,1.5,1.1,1.4,1.3,2.1,2.7,2,1.6,
花蓮,2024/12/17 00:00:00,THC,2.09,2.08,2.06,2.03,2.04,2.02,2.07,2.06,2.09,2.12,2.06,2.01,2.01,2,2.01,2.01,2.05,2.05,2.05,2.04,2.11,2.21,2.22,2.18,
花蓮,2024/12/17 00:00:00,WD_HR,240,247,249,245,244,236,237,235,234,240,41,68,54,51,69,64,72,73,71,72,24,291,292,329,
花蓮,2024/12/17 00:00:00,WIND_DIREC,231,269,252,224,264,228,233,230,241,269,69,55,49,50,70,62,69,69,78,57,289,296,317,335,
花蓮,2024/12/17 00:00:00,WIND_SPEED,1.8,1.1,2.3,1.4,1.7,1.8,1.6,2.4,2.2,1.1,1.6,1.6,1.4,2.2,2.2,2.1,2,2.2,2.8,1.3,1,1,0.9,0.6,
花蓮,2024/12/17 00:00:00,WS_HR,1.7,1.2,1.5,1.5,2,1.6,1.7,2.2,2.2,1.7,0.6,1.1,0.9,1.1,1.7,1.9,1.4,1.9,2.2,1.7,0.4,0.8,0.7,0.5,
花蓮,2024/12/18 00:00:00,AMB_TEMP,18.5,18,17.6,17.4,17.4,18.2,19.4,19.3,19.1,19.1,18.9,18.6,18.7,18.7,18.5,18.2,#,17.7,17.3,17.1,17.3,17.1,16.3,15.4,
花蓮,2024/12/18 00:00:00,CH4,2.06,2.05,2.04,2.02,2.03,2,2.02,2.02,2.02,2.02,2.02,2.02,2.02,2.02,2.02,2.02,#,2.02,2.04,2.04,2.05,2.05,2.05,2.04,
花蓮,2024/12/18 00:00:00,CO,0.37,0.34,0.33,0.28,0.24,0.23,0.25,0.29,0.28,0.29,0.29,0.29,0.28,0.27,0.28,0.27,#,0.31,0.33,0.32,0.31,0.32,0.34,0.32,
花蓮,2024/12/18 00:00:00,NMHC,0.08,0.05,0.05,0.04,0.02,0.02,0,0.02,0.02,0.03,0.02,0.03,0.03,0.02,0.02,0.02,#,0.05,0.04,0.04,0.05,0.05,0.05,0.05,
花蓮,2024/12/18 00:00:00,NO,0.4,0.7,0.8,0.7,0.6,0.8,0.7,0.8,0.8,0.9,1.1,0.8,1.1,1.1,0.9,0.8,#,0.7,0.8,0.7,0.6,0.8,0.8,0.8,
花蓮,2024/12/18 00:00:00,NO2,10.4,8,9.3,9.6,6.1,5,4.2,5.5,6.5,6.9,6.8,6.1,6.1,5.6,6.7,6.8,#,7.9,7.5,6.7,7.1,7.1,7.7,7.1,
花蓮,2024/12/18 00:00:00,NOx,10.9,8.8,10.1,10.4,6.7,5.8,4.9,6.4,7.4,7.9,7.9,6.9,7.2,6.7,7.7,7.7,#,8.6,8.3,7.4,7.8,7.9,8.6,7.9,
花蓮,2024/12/18 00:00:00,O3,13.2,13.8,10.6,9.2,10.3,19,48.6,47.3,46.9,47.6,48.1,50.1,49.6,49.4,47.7,47.7,#,49.9,55.2,58,54.1,51.7,47,45.5,
花蓮,2024/12/18 00:00:00,PM10,17,17,20,10,11,9,18,24,40,36,26,38,32,33,32,33,36,48,57,64,61,52,48,42,
花蓮,2024/12/18 00:00:00,PM2.5,9,10,6,4,6,5,2,8,11,11,9,7,12,11,6,9,10,15,16,25,23,21,19,19,
花蓮,2024/12/18 00:00:00,RAINFALL,0,0,0,0,0,0,0,0,0,0,0,0,0,0,0,0,#,0,0,0,0,0,0,0,
花蓮,2024/12/18 00:00:00,RH,81,82,83,83,81,78,74,73,71,68,67,66,64,64,64,63,#,63,61,57,54,56,64,75,
花蓮,2024/12/18 00:00:00,SO2,1.3,0.7,0.8,0.8,0.6,0.5,0.5,0.5,0.6,0.6,0.7,0.6,0.7,0.7,0.7,1,#,0.8,0.8,1.2,1.4,1.4,1.7,1.5,
花蓮,2024/12/18 00:00:00,THC,2.14,2.1,2.09,2.06,2.05,2.02,2.02,2.04,2.04,2.05,2.04,2.05,2.05,2.04,2.04,2.04,#,2.07,2.08,2.08,2.1,2.1,2.1,2.09,
花蓮,2024/12/18 00:00:00,WD_HR,312,310,278,247,242,252,73,82,78,79,75,77,75,79,79,78,#,77,81,74,77,74,51,280,
花蓮,2024/12/18 00:00:00,WIND_DIREC,321,279,286,234,259,78,68,80,80,84,79,81,76,76,81,#,82,81,81,74,77,51,301,294,
花蓮,2024/12/18 00:00:00,WIND_SPEED,1,1.1,1.1,1.1,1.5,2,3.4,3.5,2.6,3.5,4.4,4,4.1,2.8,2.7,#,3.2,4,4.1,3.8,3.3,2.1,1.6,1.6,
花蓮,2024/12/18 00:00:00,WS_HR,1,0.5,1,1,1.2,0.3,2.1,2.5,3.1,3,2.9,3.4,3.2,3.2,2.5,2.9,#,3.1,3.4,3.5,3.3,2.5,0.5,1.9,
花蓮,2024/12/19 00:00:00,AMB_TEMP,15.1,15.6,15.3,15.5,14.4,14.4,14.2,15.4,15.4,15.9,16.4,16.8,17.5,17.5,17.4,16.9,16.8,16.6,16.4,16.3,16.1,16.1,15.8,15.5,
花蓮,2024/12/19 00:00:00,CH4,2.05,2.05,2.07,2.06,2.08,2.06,2.08,2.06,2.05,#,2.05,2.05,2.03,2.01,2.01,2.02,2.03,2.04,2.03,2.03,2.03,2.03,2.04,2.03,
花蓮,2024/12/19 00:00:00,CO,0.31,0.26,0.27,0.26,0.28,0.28,0.29,0.36,0.39,0.33,0.32,#,0.29,0.27,0.29,0.36,0.48,0.65,0.54,0.5,0.44,0.44,0.35,0.24,
花蓮,2024/12/19 00:00:00,NMHC,0.04,0.02,0.01,0,0.02,0.02,0.03,0.05,0.06,#,0.08,0.11,0.05,0.03,0.09,0.1,0.13,0.2,0.15,0.15,0.13,0.12,0.08,0.01,
花蓮,2024/12/19 00:00:00,NO,0.5,0.4,0.4,0.4,0.4,0.5,0.4,0.7,1.7,1.5,1.6,#,1.5,1.2,1.2,1.2,1.9,4.9,3.8,2.3,1.6,1.4,0.9,0.7,
花蓮,2024/12/19 00:00:00,NO2,6.3,4.6,4,4.7,4.2,5,4.5,7.4,10.7,10.2,10,#,7.4,7.7,9.5,11.6,16.9,27.5,20.3,17.8,15.4,14.8,11.7,5,
花蓮,2024/12/19 00:00:00,NOx,6.9,5,4.4,5.1,4.6,5.5,5,8.2,12.4,11.7,11.7,#,8.9,9,10.7,12.8,18.9,32.4,24.1,20.2,17.1,16.3,12.6,5.8,
花蓮,2024/12/19 00:00:00,O3,44.1,45.7,41.6,41.3,34.9,34.8,29.6,31.1,27.8,27.5,#,27.7,#,#,30.7,24,19.4,7.4,11.7,12.4,13.4,12.5,13.3,17.5,
花蓮,2024/12/19 00:00:00,PM10,43,28,38,31,30,28,24,21,33,#,23,25,21,6,21,27,26,39,23,23,19,16,13,9,
花蓮,2024/12/19 00:00:00,PM2.5,18,15,19,12,23,17,14,13,15,11,#,6,7,3,4,11,8,12,9,9,12,7,5,3,
花蓮,2024/12/19 00:00:00,RAINFALL,0,0,0,0,0,0,0,0,0,0,#,0,0,0,0,0,0,0,0,0,0,0,0,0,
花蓮,2024/12/19 00:00:00,RH,75,65,70,66,82,79,83,69,67,68,63,62,54,53,55,61,63,66,66,68,70,71,75,77,
花蓮,2024/12/19 00:00:00,SO2,1.6,0.8,0.7,1.1,0.8,1,0.8,0.9,1,0.9,1,#,0.5,0.3,0.1,0.2,0.2,0.3,0.3,0.2,0.2,0.1,0.1,0,
花蓮,2024/12/19 00:00:00,THC,2.09,2.07,2.08,2.06,2.1,2.08,2.11,2.11,2.11,#,2.13,2.16,2.08,2.04,2.1,2.12,2.16,2.24,2.18,2.18,2.16,2.15,2.12,2.04,
花蓮,2024/12/19 00:00:00,WD_HR,241,149,295,320,255,249,233,334,264,228,286,260,263,313,322,306,292,301,294,281,282,297,250,234,
花蓮,2024/12/19 00:00:00,WIND_DIREC,188,71,243,257,261,236,241,312,251,237,295,255,247,316,314,306,279,293,289,287,296,287,244,232,
花蓮,2024/12/19 00:00:00,WIND_SPEED,1.2,2.5,0.8,2.5,1.5,2.4,1.2,1.6,2,1.5,1.8,1.9,1.1,1.4,0.8,1.4,1.2,0.6,1.2,1,0.8,1.1,2.1,1.7,
花蓮,2024/12/19 00:00:00,WS_HR,1.4,0.1,0.9,0.2,1.2,1.3,1.8,0.4,1.5,1.3,0.9,1.5,0.6,1,0.5,0.9,0.9,0.7,1.2,0.7,0.8,1.1,1.3,1.5,
花蓮,2024/12/20 00:00:00,AMB_TEMP,15.5,15.4,15.3,15.3,15,14.9,15.1,15.3,17.4,19.9,21.4,21.9,22,21.6,21.1,21,20.8,20.3,19.7,19.2,19,18.7,18.6,18,
花蓮,2024/12/20 00:00:00,CH4,2.07,2.05,2.04,2.04,2.05,2.05,2.04,2.03,2.01,1.99,1.99,1.98,1.98,1.98,1.99,1.99,1.99,2,2.01,2.01,2.01,2.01,2.01,2.01,
花蓮,2024/12/20 00:00:00,CO,0.22,0.21,0.2,0.2,0.21,0.21,0.25,0.25,0.25,0.28,0.24,0.22,0.18,0.19,0.19,0.19,0.26,0.5,0.64,0.5,0.45,0.45,0.39,0.25,
花蓮,2024/12/20 00:00:00,NMHC,0,0.01,0.01,0.01,0.01,0,0.03,0.01,0.03,0.04,0,0,0,0,0,0.01,0.02,0.08,0.17,0.12,0.14,0.14,0.12,0.02,
花蓮,2024/12/20 00:00:00,NO,0.5,0.8,0.8,0.8,0.8,0.9,1.1,1.5,2.6,4.2,3.6,1.8,1.3,1,1.1,1,1.1,1.1,2.9,2.2,1.7,1.8,1.4,1,
花蓮,2024/12/20 00:00:00,NO2,3.7,2.9,2.9,2.9,3,2.7,4.7,4.2,4,6.3,6.9,3.7,2.6,3.2,4.4,4.5,6.5,14.8,24.7,17.5,16.2,15.6,14.4,5.4,
花蓮,2024/12/20 00:00:00,NOx,4.3,3.8,3.7,3.7,3.8,3.6,5.9,5.7,6.7,10.5,10.5,5.6,3.9,4.3,5.5,5.6,7.7,16,27.7,19.7,18,17.5,15.9,6.4,
花蓮,2024/12/20 00:00:00,O3,18.7,18.6,16.5,17.4,16.2,16.7,13.6,16.1,15.6,22.9,33.1,42.2,44.8,45,44.6,44.2,40.4,29.9,16,15.9,14.2,11.9,9.6,17.7,
花蓮,2024/12/20 00:00:00,PM10,A,14,9,7,14,15,11,12,11,13,#,5,4,16,14,14,17,23,26,18,15,23,20,9,
花蓮,2024/12/20 00:00:00,PM2.5,3,6,5,7,5,6,7,4,2,2,1,0,0,0,0,1,2,5,10,8,11,15,8,8,
花蓮,2024/12/20 00:00:00,RAINFALL,0,0,0,0,0,0,0,0,0,0,0,0,0,0,0,0,0,0,0,0,0,0,0,0,
花蓮,2024/12/20 00:00:00,RH,76,77,78,78,80,80,79,78,70,62,56,58,59,63,66,67,69,70,73,75,76,81,81,82,
花蓮,2024/12/20 00:00:00,SO2,0,0.4,0.3,0.5,0.6,0.5,0.6,0.7,0.8,0.6,0.9,0.9,0.5,0.6,0.4,0.4,0.5,1,1.1,0.8,0.6,0.7,0.6,0.6,
花蓮,2024/12/20 00:00:00,THC,2.07,2.06,2.05,2.05,2.06,2.05,2.07,2.04,2.04,2.03,1.99,1.97,1.97,1.97,1.99,2,2.01,2.08,2.18,2.13,2.15,2.15,2.13,2.03,
花蓮,2024/12/20 00:00:00,WD_HR,232,248,247,251,252,241,246,230,236,26,76,80,77,74,81,78,58,53,310,312,275,265,247,248,
花蓮,2024/12/20 00:00:00,WIND_DIREC,240,279,235,247,265,242,234,232,272,63,55,79,70,83,76,70,10,60,303,297,266,232,229,244,
花蓮,2024/12/20 00:00:00,WIND_SPEED,1.6,1.1,1.8,1.7,1.1,1.6,1.7,3.1,1.5,1.6,2.1,3,2.9,2.5,2.6,1.8,1.6,1,1,0.9,1.2,0.2,1.8,1.8,
花蓮,2024/12/20 00:00:00,WS_HR,1.6,1.3,1.7,1.7,1.7,1.7,1.7,3.1,2.3,0.2,1.3,2.2,2.2,2.2,2.2,1.9,1.3,0.8,1,0.8,0.9,0.7,1,1.6,
花蓮,2024/12/21 00:00:00,AMB_TEMP,17.8,17.9,17.9,16.7,16.6,16.9,17.4,17.6,19.1,20.7,21.4,21.1,20.7,20.5,19.9,19.3,19,18.8,18.5,18.5,18.3,18.1,17.5,17.2,
花蓮,2024/12/21 00:00:00,CH4,2.01,2.02,2.03,2.05,2,1.99,1.98,2.02,1.99,1.99,1.98,1.99,1.98,1.98,2,2.01,2,2.01,2.02,2.02,2.03,2.05,2.07,2.08,
花蓮,2024/12/21 00:00:00,CO,0.21,0.21,0.25,0.19,0.16,0.17,0.19,0.21,0.25,0.29,0.23,0.21,0.19,0.18,0.2,0.22,0.22,0.25,0.3,0.33,0.36,0.38,0.34,0.32,
花蓮,2024/12/21 00:00:00,NMHC,0,0.01,0.03,0,0,0,0,0,0.02,0.04,0,0,0,0,0,0,0.01,0.02,0.01,0.02,0.02,0.04,0.02,0.02,
花蓮,2024/12/21 00:00:00,NO,0.8,0.1,0.2,0,0.2,0,0,0.6,1.7,2.3,1.3,0.7,0.4,0.3,0.1,0.3,0.1,0.1,0.1,0.1,0.1,0,0,0,
花蓮,2024/12/21 00:00:00,NO2,4.3,4,7.4,4.5,2.3,2.8,3.7,3.9,5.3,8.2,6.4,5.2,3.7,3.6,3.9,5.1,5.4,5.7,6.1,6.3,7.1,7.1,5.8,4.8,
花蓮,2024/12/21 00:00:00,NOx,5.2,4.1,7.6,4.6,2.5,2.8,3.7,4.5,7,10.5,7.8,5.9,4.1,4,4.1,5.5,5.6,5.9,6.2,6.4,7.3,7.2,5.8,4.8,
花蓮,2024/12/21 00:00:00,O3,18.9,18.8,13.3,16.1,16.8,17.4,16,14.9,15.5,23.7,40,43.2,45.1,45.1,44.1,44.6,46.6,46.4,45,44.1,42.7,44.8,48.9,49.5,
花蓮,2024/12/21 00:00:00,PM10,10,8,9,10,12,11,8,15,15,20,14,18,19,20,22,17,15,13,14,14,12,19,19,11,
花蓮,2024/12/21 00:00:00,PM2.5,6,4,5,4,3,1,3,4,2,4,4,2,3,2,2,4,4,7,5,7,6,11,9,6,
花蓮,2024/12/21 00:00:00,RAINFALL,0,0,0,0,0,0,0,0,0,0,0,0,0,0,0,0,0,0,0,0,0,0,0,0,
花蓮,2024/12/21 00:00:00,RH,82,81,83,86,83,80,77,78,72,72,72,73,75,75,77,73,70,69,71,70,71,69,68,65,
花蓮,2024/12/21 00:00:00,SO2,0.6,0.6,0.7,0.8,0.8,0.7,0.8,0.9,0.9,1,1.1,0.9,0.8,0.8,0.7,0.9,0.9,0.8,0.9,1.1,1.2,1.2,1.1,1.1,
花蓮,2024/12/21 00:00:00,THC,2.01,2.03,2.06,2.04,1.98,1.98,1.98,2.02,2.01,2.03,1.98,1.99,1.97,1.98,2,2.01,2.01,2.03,2.03,2.04,2.05,2.09,2.09,2.1,
花蓮,2024/12/21 00:00:00,WD_HR,232,289,297,232,241,237,238,233,235,82,75,77,77,76,79,74,70,74,77,72,63,79,77,74,
花蓮,2024/12/21 00:00:00,WIND_DIREC,227,357,236,231,237,238,220,245,229,68,79,76,83,73,75,72,78,73,73,73,74,78,80,67,
花蓮,2024/12/21 00:00:00,WIND_SPEED,1.3,0.9,1.3,2.8,2.1,2.6,2,2.3,1.1,3,3.3,3.2,2.5,4,3.8,4,3.5,3.2,3,2.3,2.6,3.7,3.9,3.1,
花蓮,2024/12/21 00:00:00,WS_HR,1.2,0.6,0.6,2.9,2.1,2.2,1.9,2.3,1.3,0.6,2.6,2.8,2.9,3.1,3.4,3.4,3.2,3,2.6,2.2,1.5,2.7,3.1,2.6,
花蓮,2024/12/22 00:00:00,AMB_TEMP,17.2,16.6,16.4,16,16.3,16.1,15.9,16,16.3,16.9,17.1,17.2,17.1,17,16.9,16.9,16.5,16.5,16.5,16.6,16.7,16.5,16.5,16.5,
花蓮,2024/12/22 00:00:00,CH4,2.07,2.06,2.07,2.06,2.07,2.06,2.06,2.06,2.06,2.06,2.05,2.05,2.06,2.05,2.05,2.05,2.05,2.05,2.07,2.06,2.06,2.07,2.05,2.05,
花蓮,2024/12/22 00:00:00,CO,0.31,0.36,0.34,0.33,0.32,0.32,0.34,0.36,0.39,0.37,0.32,0.33,0.35,0.34,0.32,0.36,0.47,0.49,0.55,0.49,0.49,0.45,0.39,0.33,
花蓮,2024/12/22 00:00:00,NMHC,0.01,0.02,0.01,0.02,0.02,0.02,0.02,0.03,0.05,0.04,0.02,0.02,0.02,0.03,0.02,0.02,0.06,0.08,0.12,0.09,0.09,0.07,0.04,0.03,
花蓮,2024/12/22 00:00:00,NO,0,0.6,0.6,0.4,0.5,0.7,0.6,0.7,0.9,1.2,0.9,1,1,0.8,0.7,0.7,1.1,1,1.3,1.2,1.1,1,0.9,0.7,
花蓮,2024/12/22 00:00:00,NO2,4.2,5.8,5.6,5.5,4.7,5.1,5.9,6.8,8.2,8.1,5.3,4.7,5.3,5.4,4.9,5.7,10,11.4,14.9,11.9,12.1,11.8,10,7.2,
花蓮,2024/12/22 00:00:00,NOx,4.2,6.4,6.3,6,5.3,5.8,6.5,7.5,9.2,9.3,6.2,5.7,6.3,6.3,5.6,6.4,11.2,12.4,16.3,13.2,13.2,12.8,10.9,8,
花蓮,2024/12/22 00:00:00,O3,46.9,38.8,42,39.4,37.5,36.4,35.8,34.7,31.9,35,39.9,39.7,39.1,41.4,43,39.3,30.4,28.4,22.3,23.5,22.4,21.5,28,30.6,
花蓮,2024/12/22 00:00:00,PM10,19,12,10,9,10,8,9,16,20,18,18,19,19,21,24,25,33,28,37,21,19,23,15,14,
花蓮,2024/12/22 00:00:00,PM2.5,4,6,4,3,1,3,3,7,8,5,8,6,9,6,7,14,13,11,21,15,13,12,8,7,
花蓮,2024/12/22 00:00:00,RAINFALL,0,0,0,0,0,0,0,0,0,0,0,0,0,0,0,0,0,0,0,0,0,0,0,0,
花蓮,2024/12/22 00:00:00,RH,66,74,73,76,75,76,78,76,75,69,64,64,66,65,63,65,70,70,71,70,70,72,72,71,
花蓮,2024/12/22 00:00:00,SO2,1.2,1.1,1,1.2,0.9,0.9,1,1,0.9,1,0.9,0.9,0.9,1.1,1.1,1,1.2,1.2,1.2,1.2,1.3,1.3,1.2,1.2,
花蓮,2024/12/22 00:00:00,THC,2.08,2.08,2.08,2.08,2.09,2.08,2.08,2.09,2.11,2.1,2.07,2.07,2.08,2.08,2.07,2.07,2.11,2.13,2.19,2.15,2.15,2.14,2.09,2.08,
花蓮,2024/12/22 00:00:00,WD_HR,52,292,344,298,278,285,291,283,257,5,73,76,74,65,74,49,305,295,287,290,296,300,314,315,
花蓮,2024/12/22 00:00:00,WIND_DIREC,302,321,304,298,289,293,287,291,249,73,72,81,67,63,88,310,283,292,293,297,294,347,306,318,
花蓮,2024/12/22 00:00:00,WIND_SPEED,1.7,1.4,1.8,1.5,1.3,1.7,1.3,1.3,1.5,2.3,3.3,3.1,2.2,1.8,2,1.8,0.7,1.5,1.7,1.2,0.9,1.3,1,1.1,
花蓮,2024/12/22 00:00:00,WS_HR,1.2,0.8,0.8,1.4,0.8,1.4,1.2,1.5,1.1,0.4,2.4,2.5,1.9,1.6,2,1,1.2,1.3,1.2,1.1,0.8,0.6,1,1.2,
花蓮,2024/12/23 00:00:00,AMB_TEMP,16.5,16.3,16.3,16.2,16,15.7,15.9,16.2,17.2,18.9,19.8,19.9,19.4,19.1,18.3,17.9,17.7,17.4,17.1,16.8,16.6,16.4,16.1,16.1,
花蓮,2024/12/23 00:00:00,CH4,2.05,2.06,2.06,2.05,2.05,2.12,2.08,2.07,2.06,2.02,2,1.99,1.98,1.99,1.99,2,2,2,2.01,2,2.01,2,2,2.01,
花蓮,2024/12/23 00:00:00,CO,0.32,0.3,0.29,0.27,0.27,0.29,0.33,0.43,0.5,0.42,0.39,0.32,0.21,0.25,0.3,0.42,0.43,0.58,0.59,0.48,0.41,0.37,0.28,0.26,
花蓮,2024/12/23 00:00:00,NMHC,0.03,0.04,0.03,0.04,0.02,0.02,0.04,0.07,0.1,0.08,0.03,0.02,0.02,0.02,0.04,0.08,0.09,0.12,0.13,0.16,0.12,0.15,0.05,0.02,
花蓮,2024/12/23 00:00:00,NO,0.6,0.8,0.9,0.8,0.7,0.9,1,2.5,5.2,5.8,6.3,3.8,1.8,1.5,1.9,2.6,2.9,3.1,4.1,3.5,2.5,1.8,1.4,1.1,
花蓮,2024/12/23 00:00:00,NO2,8.6,5.7,4.9,4,3.6,2.7,4.5,8.7,13.1,15,17,10.7,6.1,7.3,11.3,15.4,18.4,22,26,19.7,16.7,14.4,9.7,6.3,
花蓮,2024/12/23 00:00:00,NOx,9.3,6.5,5.9,4.8,4.3,3.7,5.5,11.2,18.3,20.8,23.4,14.6,8,8.8,13.2,18,21.3,25.2,30.2,23.2,19.2,16.3,11.1,7.4,
花蓮,2024/12/23 00:00:00,O3,27.7,26.4,27,22.7,18.6,18.5,17.4,10.2,9.7,18.3,22.9,30.8,38.3,34.7,30.5,23.7,19.4,13.7,7.8,10.3,11.9,13.4,20.3,17,
花蓮,2024/12/23 00:00:00,PM10,13,16,13,7,10,10,9,17,21,20,15,15,11,8,10,12,12,17,12,10,9,9,10,7,
花蓮,2024/12/23 00:00:00,PM2.5,7,6,3,3,3,8,10,11,8,8,6,3,4,6,5,5,5,7,8,6,2,1,0,2,
花蓮,2024/12/23 00:00:00,RAINFALL,0,0,0,0,0,0,0,0,0,0,0,0,0,0,0,1,0.5,0.5,1,0.5,0.5,2,2.5,1.5,
花蓮,2024/12/23 00:00:00,RH,72,74,74,77,80,81,79,80,76,68,61,64,71,74,81,84,85,87,89,91,92,93,94,95,
花蓮,2024/12/23 00:00:00,SO2,1.2,0.8,0.7,1,1,0.9,0.8,0.9,0.9,1.2,2.1,1.9,0.9,1.1,1.1,1.4,1.2,1.5,1.4,1.2,1,1,0.8,0.9,
花蓮,2024/12/23 00:00:00,THC,2.08,2.1,2.09,2.09,2.07,2.14,2.12,2.14,2.16,2.1,2.03,2.01,2,2.01,2.03,2.08,2.09,2.12,2.14,2.16,2.13,2.15,2.05,2.03,
花蓮,2024/12/23 00:00:00,WD_HR,298,287,294,258,238,242,244,234,251,31,47,67,68,57,320,318,316,325,303,303,288,295,275,277,
花蓮,2024/12/23 00:00:00,WIND_DIREC,295,308,268,260,222,247,244,233,255,34,73,74,64,62,315,316,319,304,298,303,283,281,286,285,
花蓮,2024/12/23 00:00:00,WIND_SPEED,1.1,1.2,0.7,0.9,1.3,1.6,1.4,1.5,1.2,1.7,2,2.3,1.4,0.7,1.6,1.3,1.5,0.9,1.1,1.2,1,0.9,0.7,1.3,
花蓮,2024/12/23 00:00:00,WS_HR,0.9,0.8,0.8,0.8,1,1.6,1.5,1.1,1.2,0.3,0.8,1.4,1.3,0.8,1.2,1.1,1,0.9,1,1.1,0.9,1,0.7,0.9,
花蓮,2024/12/24 00:00:00,AMB_TEMP,16.2,16.1,16,16,16.1,16.1,16.2,16.4,16.9,17.9,19.5,19.7,20.1,20.4,20.6,19.9,19.1,19.1,18.9,18.9,18.7,18.5,18.5,18.5,
花蓮,2024/12/24 00:00:00,CH4,2.01,2.01,2.01,2.03,2.02,2.01,2.02,2.02,2,1.98,1.98,1.98,1.98,1.98,1.98,1.99,1.98,1.99,2.01,2.02,2.02,2.02,2.01,2.02,
花蓮,2024/12/24 00:00:00,CO,0.23,0.22,0.19,0.21,0.19,0.19,0.23,0.37,0.42,0.26,0.29,0.37,0.35,0.3,0.36,0.21,0.25,0.45,0.67,0.77,0.51,0.42,0.35,0.23,
花蓮,2024/12/24 00:00:00,NMHC,0.03,0.02,0,0,0,0,0.01,0.05,0.08,0.04,0.03,0.05,0.03,0,0.02,0,0.02,0.09,0.17,0.25,0.14,0.13,0.08,0,
花蓮,2024/12/24 00:00:00,NO,1.1,0.6,0.5,0.5,0.5,0.8,1,2.9,7.3,3.9,3,3.7,3.4,3.3,2.4,1.1,0.9,1.2,3.4,5.6,3.1,2.4,2.1,0.8,
花蓮,2024/12/24 00:00:00,NO2,5.6,5,3,3,2.5,2.6,4.5,10.2,14.5,8.2,6.8,10.9,10.5,10.5,11.2,6.9,6.8,13.5,29.3,31.5,16.2,12.4,10.4,4.5,
花蓮,2024/12/24 00:00:00,NOx,6.7,5.6,3.5,3.5,3.1,3.4,5.6,13.2,21.9,12.1,9.8,14.6,14,13.9,13.6,8,7.7,14.7,32.8,37.1,19.3,14.8,12.6,5.3,
花蓮,2024/12/24 00:00:00,O3,15.1,16.2,17.7,15.5,18.4,16.9,15.1,11.9,8.8,18.1,22.1,23.7,26.5,27.8,27.8,35.5,34.5,25.8,8,2.9,8.8,5.3,8.7,17.9,
花蓮,2024/12/24 00:00:00,PM10,3,4,10,6,8,5,7,5,8,6,6,5,4,4,12,7,7,15,24,20,19,15,16,4,
花蓮,2024/12/24 00:00:00,PM2.5,3,2,0,1,2,1,5,5,3,4,3,5,4,4,4,0,0,2,3,10,9,9,6,8,
花蓮,2024/12/24 00:00:00,RAINFALL,1.5,2.5,2,1,1,0.5,1,0.5,0.5,0,0,0.5,0,0,0,0,0,0,0,0,0,0,0,0,
花蓮,2024/12/24 00:00:00,RH,96,96,96,97,96,96,96,96,95,93,85,82,79,80,79,87,89,90,92,92,93,92,92,92,
花蓮,2024/12/24 00:00:00,SO2,0.9,0.1,0.2,0.3,0.2,0.3,0.4,0.4,0.4,0.4,0.6,1.1,1.3,1.1,1.5,0.4,0.3,0.6,0.7,0.7,0.5,0.4,0.4,0.5,
花蓮,2024/12/24 00:00:00,THC,2.04,2.03,2,2.02,2.01,2.01,2.03,2.07,2.08,2.02,2.01,2.03,2.01,1.98,2,1.99,2,2.08,2.18,2.27,2.16,2.15,2.09,2.02,
花蓮,2024/12/24 00:00:00,WD_HR,279,256,268,249,248,244,258,271,262,253,253,334,356,64,58,77,61,346,307,273,253,260,245,236,
花蓮,2024/12/24 00:00:00,WIND_DIREC,253,247,269,241,241,229,254,252,266,236,339,323,85,60,71,76,55,320,272,239,272,265,227,259,
花蓮,2024/12/24 00:00:00,WIND_SPEED,0.7,1.5,1.3,1.9,1.3,1.5,1.1,1.3,1.5,1.4,1,1.6,1.2,1.8,1.7,2.2,1.3,1.2,0.9,0.9,1.2,0.9,1.9,1.1,
花蓮,2024/12/24 00:00:00,WS_HR,0.7,1.1,0.9,1.4,1,1.2,1.2,1.1,1.3,1.5,0.5,0.7,0.5,1.1,0.9,1.8,1.2,0.5,0.5,0.7,1.2,0.7,1.6,1.2,
花蓮,2024/12/25 00:00:00,AMB_TEMP,18.3,18.3,18.3,18.3,18.2,17.9,17.7,18,19.9,22,23.2,24.3,23.9,23.9,23.8,23.7,23.3,23,22.7,22.1,21.4,21.5,21,20.5,
花蓮,2024/12/25 00:00:00,CH4,2.01,2,2.03,2.01,2.01,2.02,2.02,2.01,2.01,1.99,2.01,1.98,1.98,1.97,1.97,1.96,1.96,1.98,2,2.01,2,2.01,2.02,2,
花蓮,2024/12/25 00:00:00,CO,0.22,0.18,0.18,0.17,0.16,0.18,0.21,0.32,0.22,0.19,0.21,0.18,0.23,0.18,0.16,0.15,0.19,0.32,0.38,0.42,0.37,0.37,0.33,0.22,
花蓮,2024/12/25 00:00:00,NMHC,0.01,0,0,0,0,0,0,0.05,0.01,0,0.04,0.01,0,0,0,0,0.06,0.05,0.09,0.14,0.1,0.11,0.1,0.03,
花蓮,2024/12/25 00:00:00,NO,1,0.6,0.6,0.8,0.6,0.9,0.9,3.4,3.1,2.7,2.1,2.4,2.2,1,0.8,1,0.8,0.9,1.2,1,1.1,1.5,1.6,0.8,
花蓮,2024/12/25 00:00:00,NO2,5,2.9,2.6,2.6,2.2,2.7,3.1,6.3,4,3.2,3.3,4.1,4,2.1,1.5,1.4,2.6,7.3,12.9,13,11.4,11.6,12.4,5.6,
花蓮,2024/12/25 00:00:00,NOx,6.1,3.5,3.3,3.4,2.9,3.6,4.1,9.7,7.1,6,5.5,6.5,6.3,3.1,2.3,2.4,3.5,8.2,14.1,14.1,12.6,13.2,14,6.5,
花蓮,2024/12/25 00:00:00,O3,13.2,14.6,16.7,15,13.8,11,11.6,8.4,12.5,17.6,21.7,28.9,32.6,38.4,41.6,41.5,38.4,33.7,28.3,22.1,24.3,17.1,12.3,11.8,
花蓮,2024/12/25 00:00:00,PM10,10,10,13,10,8,7,7,17,13,#,9,11,10,9,15,10,18,16,20,22,14,14,24,13,
花蓮,2024/12/25 00:00:00,PM2.5,6,3,2,2,6,4,0,5,4,4,#,2,6,5,2,1,5,8,10,8,6,8,6,5,
花蓮,2024/12/25 00:00:00,RAINFALL,0,0,0,0,0,0,0,0,0,0,0,0,0,0,0,0,0,0,0,1,0,0,0,0,
花蓮,2024/12/25 00:00:00,RH,92,91,91,90,89,91,91,89,81,71,66,58,66,75,76,76,79,81,82,86,91,86,88,88,
花蓮,2024/12/25 00:00:00,SO2,0.5,1.1,1,1.1,1.1,1,1.1,1,1,0.8,1.8,3.3,1.6,1.4,1.1,0.8,0.7,0.7,0.9,0.9,0.8,0.8,1,0.9,
花蓮,2024/12/25 00:00:00,THC,2.02,1.99,2.02,2,2,2.02,2.02,2.06,2.02,1.99,2.05,1.99,1.98,1.95,1.95,1.95,2.02,2.03,2.09,2.15,2.1,2.12,2.12,2.03,
花蓮,2024/12/25 00:00:00,WD_HR,255,234,249,268,245,251,240,242,231,235,219,139,132,121,121,120,113,74,11,257,83,329,259,247,
花蓮,2024/12/25 00:00:00,WIND_DIREC,244,232,270,250,258,234,250,231,228,211,171,135,137,122,117,116,104,351,159,338,82,312,237,231,
花蓮,2024/12/25 00:00:00,WIND_SPEED,1.5,1.9,1.2,1.6,1.6,1.5,2.1,2,2,1.3,0.6,1.4,1.7,1.9,2,1.8,1.4,1,0.3,0.2,0.4,1,1.4,0.9,
花蓮,2024/12/25 00:00:00,WS_HR,1.2,1.4,1.6,1.2,1.2,1.1,1.8,1.5,2.1,1.5,0.8,0.8,1.2,1.8,1.7,1.8,1.3,0.4,0.2,0.1,0.4,0.7,0.7,0.8,
花蓮,2024/12/26 00:00:00,AMB_TEMP,20.5,20.5,20.5,20.4,20.6,21.3,21,21.4,21.6,21.6,22.4,22.5,22.7,22.5,21.8,21.3,21.2,21,20.6,20.5,20.4,20.4,20.4,19.9,
花蓮,2024/12/26 00:00:00,CH4,1.99,1.99,2.02,2.01,2,1.99,1.99,1.99,1.99,1.98,1.98,1.98,2.01,1.99,1.99,1.99,2.02,2.03,2.03,2.04,2.03,2.02,2.01,2.02,
花蓮,2024/12/26 00:00:00,CO,0.17,0.18,0.2,0.18,0.19,0.23,0.25,0.26,0.27,0.25,0.25,0.25,0.25,0.24,0.22,0.24,0.3,0.33,0.34,0.35,0.32,0.29,0.29,0.35,
花蓮,2024/12/26 00:00:00,NMHC,0,0,0.06,0.04,0.02,0,0.02,0,0,0,0.02,0,0,0,0.01,0.02,0.02,0.01,0.02,0.01,0,0,0,0.01,
花蓮,2024/12/26 00:00:00,NO,0.9,0.7,0.8,0.7,0.5,0.5,0.9,0.7,0.8,0.9,1.1,1.1,1.2,1,1,0.8,0.7,0.5,0.6,0.6,0.5,0.5,0.4,0.7,
花蓮,2024/12/26 00:00:00,NO2,2.8,3.4,6.1,5,5.1,4.5,7,4.7,6.4,5.9,5.6,4.7,4.9,4.4,4,4.6,6.6,6.6,6.1,5.4,4.6,3.8,3.6,5.2,
花蓮,2024/12/26 00:00:00,NOx,3.8,4.2,7,5.8,5.6,5,7.9,5.4,7.2,6.8,6.8,5.8,6.1,5.5,5,5.5,7.3,7.2,6.8,6.1,5.2,4.4,4.1,6,
花蓮,2024/12/26 00:00:00,O3,12.5,11.1,6.5,9.3,8.1,21.6,21,35,34.1,37,38.2,40.6,40.8,42.7,43.8,42.1,43.1,48,51.8,52.3,51.1,50.1,47.7,40,
花蓮,2024/12/26 00:00:00,PM10,11,11,11,9,21,12,13,14,19,9,15,8,13,15,19,25,30,25,35,38,39,36,30,21,
花蓮,2024/12/26 00:00:00,PM2.5,4,5,6,8,4,2,4,4,2,1,5,4,3,6,6,11,9,12,15,22,21,13,16,12,
花蓮,2024/12/26 00:00:00,RAINFALL,0,0,0,0,0,0,0,0,0,0,0,0,0,0,0,0,0,0,0,0,0,0,0,0,
花蓮,2024/12/26 00:00:00,RH,86,84,86,88,87,88,86,80,78,77,74,74,74,74,74,75,75,73,73,73,72,71,69,74,
花蓮,2024/12/26 00:00:00,SO2,1,1,1,0.9,1,0.9,1,1,1,1,1.1,1,0.9,0.9,0.8,1,1,1.1,0.9,1,1.1,1.1,1.1,1.2,
花蓮,2024/12/26 00:00:00,THC,1.98,1.99,2.08,2.05,2.02,1.99,2.01,1.98,1.99,1.98,2,1.98,2,1.98,2,2.01,2.04,2.04,2.05,2.05,2.03,2.01,2.01,2.03,
花蓮,2024/12/26 00:00:00,WD_HR,259,275,263,249,327,5,63,76,69,74,78,75,77,80,84,73,78,72,74,75,72,69,54,303,
花蓮,2024/12/26 00:00:00,WIND_DIREC,298,326,276,249,53,326,76,74,73,75,78,70,74,74,78,71,83,68,71,70,67,77,315,299,
花蓮,2024/12/26 00:00:00,WIND_SPEED,0.9,0.5,1.1,0.7,1.2,0.4,1.9,2.9,2.6,2.2,3,2.5,2.8,3.1,3.2,3,2.9,3.5,3.1,2.9,2.8,2.4,1.4,1.7,
花蓮,2024/12/26 00:00:00,WS_HR,0.9,0.6,0.6,0.7,0.2,0.3,0.5,2.5,1.9,1.8,2,2.2,2,3,3,2.6,2.7,2.7,2.8,2.3,2.4,2.2,1.1,1.2,
花蓮,2024/12/27 00:00:00,AMB_TEMP,19.9,19.7,19.5,19.7,19.6,20.2,20.3,20.4,20.4,20.3,19.9,19.4,19.7,19.9,20.4,20.4,20.1,20.1,20.2,19.9,19.8,19.6,19.7,19.1,
花蓮,2024/12/27 00:00:00,CH4,2.03,2.03,2.03,2.03,2.02,2.02,2.01,2.01,2.02,2.03,2.02,2.02,2.02,2.03,2.05,2.05,2.05,2.04,2.03,2.03,2.01,2.02,2.01,2,
花蓮,2024/12/27 00:00:00,CO,0.35,0.33,0.32,0.31,0.29,0.27,0.28,0.33,0.36,0.36,0.45,0.45,0.41,0.4,0.38,0.37,0.38,0.39,0.34,0.29,0.28,0.35,0.25,0.23,
花蓮,2024/12/27 00:00:00,NMHC,0.01,0.02,0.02,0.03,0.01,0,0,0.01,0.02,0.02,0.1,0.06,0.04,0.04,0.02,0.03,0.03,0.04,0.02,0.01,0.01,0.04,0,0,
花蓮,2024/12/27 00:00:00,NO,0.7,0.4,0.3,0.5,0.7,0.5,0.5,0.4,0.9,1.1,1.8,3,2.1,1.4,0.9,0.8,0.7,0.7,0.6,0.6,0.6,0.7,0.5,0.5,
花蓮,2024/12/27 00:00:00,NO2,4.7,5.5,4.4,3.8,3.4,2.2,2.9,4.1,6.1,6.5,9.4,12.7,9.4,8.3,7.2,6.4,7.7,8,6.8,4.9,4.3,7.2,4.3,2.9,
花蓮,2024/12/27 00:00:00,NOx,5.5,5.9,4.8,4.4,4.1,2.7,3.4,4.6,7,7.7,11.2,15.8,11.5,9.7,8.2,7.2,8.4,8.7,7.4,5.6,5,8,4.9,3.4,
花蓮,2024/12/27 00:00:00,O3,37.4,33.1,31,31.9,29.5,46.7,44.9,42.9,40.6,39.8,34,31.1,37.4,39.5,45.4,45.5,44.2,42.5,42.5,43.1,43.3,36.2,41.8,40.5,
花蓮,2024/12/27 00:00:00,PM10,18,24,16,15,11,12,19,18,24,16,16,19,14,12,13,26,31,25,13,11,13,14,13,13,
花蓮,2024/12/27 00:00:00,PM2.5,9,7,9,11,11,8,13,9,8,7,3,7,8,6,7,9,13,13,7,6,7,6,4,2,
花蓮,2024/12/27 00:00:00,RAINFALL,0,0,0,0,0,0,0,0,0,0,0,0,0.5,0,0,0,0,0,0,0,0,0,0,0,
花蓮,2024/12/27 00:00:00,RH,74,76,78,77,78,71,69,70,70,73,77,81,80,79,76,74,75,74,74,76,74,76,75,79,
花蓮,2024/12/27 00:00:00,SO2,1.2,0.7,0.6,0.7,0.7,0.7,0.7,0.6,0.5,0.5,0.6,0.9,1.1,0.8,0.8,0.7,0.5,0.7,0.5,0.7,0.6,0.9,0.7,0.6,
花蓮,2024/12/27 00:00:00,THC,2.04,2.05,2.05,2.06,2.03,2,2,2.02,2.04,2.05,2.12,2.08,2.06,2.07,2.07,2.08,2.08,2.08,2.05,2.04,2.02,2.06,2.01,2,
花蓮,2024/12/27 00:00:00,WD_HR,291,296,294,279,45,75,75,72,74,66,318,310,323,47,71,72,76,71,81,78,70,30,73,58,
花蓮,2024/12/27 00:00:00,WIND_DIREC,290,285,302,290,73,77,73,63,78,28,317,342,351,69,75,73,69,68,83,71,53,60,74,314,
花蓮,2024/12/27 00:00:00,WIND_SPEED,1.3,1.2,1,1.2,2,1.9,2.3,2.1,1.6,2.1,1.9,1.4,1.1,1.9,2.7,3,2.1,2,3.2,2.1,2.1,1.5,2,1.1,
花蓮,2024/12/27 00:00:00,WS_HR,0.9,1,0.8,0.4,0.5,1.9,2.1,2,1.8,1.2,1.4,1.1,1.1,0.8,1.8,2.1,1.9,1.5,2.1,2.3,1.7,0.6,1.5,1,
花蓮,2024/12/28 00:00:00,SO2,0.8,0.1,0,0.1,0.1,0.1,0.2,0.1,0.2,0.2,0.2,0.2,0.3,0.3,0.4,0.3,0.3,0.3,0.4,0.4,0.4,0.3,0.7,0.8,
花蓮,2024/12/28 00:00:00,THC,2.02,2,1.99,1.99,1.99,1.99,1.99,2.01,2.03,2.04,2.04,2.06,2.05,2.06,2.09,2.11,2.13,2.14,2.14,2.12,2.08,2.06,2.07,2.1,
花蓮,2024/12/28 00:00:00,WD_HR,301,65,64,346,259,84,76,80,80,79,73,71,81,5,74,76,80,73,69,71,73,71,66,280,
花蓮,2024/12/28 00:00:00,WIND_DIREC,314,75,321,324,233,75,79,78,80,77,332,74,89,66,67,85,80,74,69,63,67,66,352,272,
花蓮,2024/12/28 00:00:00,WIND_SPEED,1.2,2.9,1.8,1.6,1.6,3.8,4.5,4.3,4.1,3.1,1.5,2.7,2.2,2.8,3.2,3.7,3.2,3.8,3.4,3.2,3.1,3.2,0.9,1.5,
花蓮,2024/12/28 00:00:00,WS_HR,1.3,1.1,1.3,0.3,1.4,0.4,3.6,3.6,3.8,2.8,1.6,1.7,2.4,0.2,2.6,2.5,3,2.8,2.8,2.6,2.8,2.4,1.4,1.1,
花蓮,2024/12/28 00:00:00,AMB_TEMP,18,18.9,19.1,18.4,17.4,17.9,18.1,17.6,17.3,17.7,17.9,17.7,17.8,17.6,17.4,16.8,16.3,16.2,16,15.8,15.5,15.7,15.6,15.3,
花蓮,2024/12/28 00:00:00,CH4,2.01,2,2,2,2,2,2,2.01,2.02,2.02,2.02,2.02,2.02,2.02,2.04,2.06,2.08,2.08,2.09,2.08,2.05,2.04,2.05,2.06,
花蓮,2024/12/28 00:00:00,CO,0.28,0.2,0.2,0.21,0.21,0.2,0.19,0.21,0.24,0.27,0.28,0.31,0.28,0.3,0.33,0.38,0.41,0.42,0.4,0.38,0.32,0.3,0.33,0.38,
花蓮,2024/12/28 00:00:00,NMHC,0.01,0,0,0,0,0,0,0,0.01,0.02,0.02,0.04,0.03,0.04,0.05,0.05,0.05,0.06,0.05,0.04,0.03,0.02,0.02,0.04,
花蓮,2024/12/28 00:00:00,NO,0.6,0.7,0.6,0.5,0.6,0.7,0.6,0.7,0.8,1,1.2,1.3,1.2,1.2,1,0.9,0.9,0.8,0.7,0.5,0.6,0.7,0.5,0.6,
花蓮,2024/12/28 00:00:00,NO2,3.7,2.1,1.8,2.1,2.5,2.7,2.4,3.4,4.4,5.1,5.7,6.9,5.8,5.8,6.9,7.6,6.8,7,6.5,5.8,4.8,4.4,5.6,7.1,
花蓮,2024/12/28 00:00:00,NOx,4.3,2.9,2.5,2.7,3.2,3.5,3,4.1,5.3,6.1,6.9,8.3,7.1,7.1,8,8.5,7.7,7.8,7.2,6.4,5.4,5.1,6.2,7.8,
花蓮,2024/12/28 00:00:00,O3,35.1,38.8,40.5,36.7,34.4,36.8,41,40.3,41,40.5,39.3,38.5,41.5,39,38.7,40.5,49.6,52.4,52.7,53.2,51.4,47.8,43.5,37.2,
花蓮,2024/12/28 00:00:00,PM10,9,13,8,8,7,9,13,26,31,27,28,35,35,30,27,27,34,44,44,43,34,29,21,26,
花蓮,2024/12/28 00:00:00,PM2.5,0,0,2,2,1,0,3,6,9,12,9,11,10,10,9,11,20,21,25,22,12,9,8,10,
花蓮,2024/12/28 00:00:00,RAINFALL,0,0,0,0,0,0,0,0,0,0,0,0,0,0,0,0,0,0,0,0,0,0,0,0,
花蓮,2024/12/28 00:00:00,RH,86,77,73,81,89,80,67,66,66,64,63,62,58,65,60,62,62,62,61,61,62,60,62,67,
花蓮,2024/12/29 00:00:00,AMB_TEMP,15.2,15.4,15.3,15.1,15.2,15.3,15.2,15,15.6,16.4,17.5,18.8,19,18.9,18.9,18.9,18.5,17.7,17.7,17.6,17.3,17,16.9,16.7,
花蓮,2024/12/29 00:00:00,CH4,2.06,2.05,2.06,2.05,2.05,2.04,2.04,2.05,2.05,2.05,2.03,2.01,2.01,2,2,2,2.01,2.03,2.04,2.03,2.03,2.05,2.04,2.06,
花蓮,2024/12/29 00:00:00,CO,0.35,0.31,0.3,0.29,0.28,0.28,0.31,0.35,0.39,0.39,0.33,0.26,0.23,0.22,0.22,0.23,0.29,0.42,0.51,0.43,0.36,0.31,0.31,0.28,
花蓮,2024/12/29 00:00:00,NMHC,0.03,0.03,0.01,0.01,0.01,0.02,0.03,0.05,0.07,0.07,0.07,0.01,0,0,0,0,0.03,0.18,0.23,0.14,0.08,0.05,0.04,0.04,
花蓮,2024/12/29 00:00:00,NO,0.6,0.5,0.4,0.4,0.5,0.3,0.5,0.7,1,1.6,2,2,0.9,0.6,0.5,0.7,1.1,1,1.2,1.1,0.8,0.7,0.6,0.5,
花蓮,2024/12/29 00:00:00,NO2,6.3,4.4,4.5,3.7,3.7,4.3,5,6.3,7.5,8.8,8,6.3,2.9,2.9,2.7,3.3,7.6,12.6,16.5,13.4,10.1,6.7,6.5,5,
花蓮,2024/12/29 00:00:00,NOx,6.9,5,5,4.2,4.3,4.7,5.6,7,8.5,10.5,10,8.4,3.8,3.6,3.2,4,8.7,13.7,17.8,14.5,10.9,7.4,7.2,5.6,
花蓮,2024/12/29 00:00:00,O3,37.4,37.7,36,35.6,34.5,32.5,29.8,24.3,22.9,22.2,29.6,39.3,45.3,46.6,47.6,47.8,41,31.9,20.3,22.8,24.4,24.5,23,23.6,
花蓮,2024/12/29 00:00:00,PM10,23,26,22,29,21,20,20,29,28,31,26,24,21,22,30,22,29,35,42,28,28,29,24,22,
花蓮,2024/12/29 00:00:00,PM2.5,13,7,12,11,10,8,7,8,12,11,9,4,3,4,4,4,4,15,22,16,13,11,11,9,
花蓮,2024/12/29 00:00:00,RAINFALL,0,0,0,0,0,0,0,0,0,0,0,0,0,0,0,0,0,0,0,0,0,0,0,0,
花蓮,2024/12/29 00:00:00,RH,67,67,69,71,70,70,71,76,74,71,60,53,54,55,56,57,58,65,68,67,71,73,74,76,
花蓮,2024/12/29 00:00:00,SO2,0.6,1.1,1,1,0.8,1,1,1,0.9,0.9,1.2,1.4,0.8,0.8,1,0.8,1,1.2,1.1,1.1,0.9,1,0.9,0.9,
花蓮,2024/12/29 00:00:00,THC,2.09,2.08,2.07,2.06,2.06,2.06,2.07,2.1,2.12,2.12,2.1,2.02,2.01,2,2,2,2.04,2.21,2.27,2.17,2.11,2.1,2.08,2.1,
花蓮,2024/12/29 00:00:00,WD_HR,240,289,305,305,300,314,272,243,230,242,296,82,88,75,83,55,350,319,299,284,232,243,248,243,
花蓮,2024/12/29 00:00:00,WIND_DIREC,236,297,331,303,21,331,241,266,243,243,2,74,111,76,77,64,340,300,296,261,218,243,237,245,
花蓮,2024/12/29 00:00:00,WIND_SPEED,0.9,1.6,1.3,1.6,1,1,1.4,1.1,1.1,1.7,1.4,1.8,1.4,1.4,1.3,1.6,1.3,0.9,1.4,1.1,1.5,2.2,1.7,1.9,
花蓮,2024/12/29 00:00:00,WS_HR,1.1,0.6,0.7,1.1,0.7,1,1.2,1.2,0.9,1.1,0.7,1.3,1.6,1.1,1.3,0.9,0.9,0.9,1.1,1,1.1,1.7,1.3,1.6,
花蓮,2024/12/30 00:00:00,AMB_TEMP,16.5,16.4,16.5,16.6,16.6,16.7,16.6,16.8,17.7,19.2,20.7,21.7,21.7,21.7,21.6,21,20.5,20,19.5,19.2,19.4,19.4,19.2,18.8,
花蓮,2024/12/30 00:00:00,CH4,2.06,2.04,2.05,2.02,2,1.99,1.99,2.01,2.01,2.02,1.99,1.99,1.98,1.98,1.98,1.98,1.98,1.99,1.99,1.99,2,2.01,2,1.99,
花蓮,2024/12/30 00:00:00,CO,0.26,0.25,0.24,0.21,0.19,0.18,0.19,0.26,0.25,0.22,0.23,0.22,0.21,0.21,0.22,0.23,0.27,0.44,0.46,0.41,0.43,0.38,0.36,0.3,
花蓮,2024/12/30 00:00:00,NMHC,0.02,0.02,0,0,0,0,0,0.02,0.01,0,0.03,0.03,0,0.01,0.02,0.01,0.04,0.07,0.07,0.1,0.13,0.05,0.05,0.02,
花蓮,2024/12/30 00:00:00,NO,0.4,0.6,0.3,0.6,0.4,0.4,0.5,1.1,1.5,1.4,1.7,1.3,1,1.2,1,0.9,0.8,1,1.5,1.1,1.1,0.9,0.7,0.8,
花蓮,2024/12/30 00:00:00,NO2,3.7,3,2.5,1.9,1.6,1.4,2,4.1,4.5,3.4,4.3,3.9,4.7,5.5,5.9,5.7,6.4,16.9,16.3,13.2,15.3,12.5,11.9,9.1,
花蓮,2024/12/30 00:00:00,NOx,4.1,3.7,2.9,2.5,2,1.9,2.5,5.2,6.1,4.8,6,5.3,5.7,6.8,7,6.7,7.3,18,17.8,14.4,16.4,13.5,12.6,9.9,
花蓮,2024/12/30 00:00:00,O3,22.9,22.3,24.4,22.3,20.9,21.5,19.9,16.4,18.2,21.9,30.4,38.1,39.7,38.7,40,39.5,38.1,25.1,25.7,26.6,20.2,25.1,23.7,21.4,
花蓮,2024/12/30 00:00:00,PM10,26,21,20,21,13,11,12,24,15,18,17,13,18,16,17,15,16,20,20,23,18,20,19,17,
花蓮,2024/12/30 00:00:00,PM2.5,12,13,9,8,6,4,5,8,7,3,4,3,3,6,6,4,7,6,8,9,10,9,10,7,
花蓮,2024/12/30 00:00:00,RAINFALL,0,0,0,0,0,0,0,0,0,0,0,0,0,0,0,0,0,0,0,0,0,0,0,0,
花蓮,2024/12/30 00:00:00,RH,78,78,76,73,70,69,70,71,70,64,52,47,52,53,56,63,67,70,73,77,76,76,78,81,
花蓮,2024/12/30 00:00:00,SO2,1.1,0.8,0.8,0.8,0.7,0.7,0.8,0.8,0.8,0.8,0.8,0.6,0.7,0.7,0.7,0.8,0.9,1,1.1,1,1,1.1,1.2,1.1,
花蓮,2024/12/30 00:00:00,THC,2.08,2.06,2.05,2.02,2,1.98,1.98,2.03,2.02,2.02,2.02,2.02,1.98,1.99,2,1.99,2.02,2.06,2.06,2.09,2.13,2.06,2.05,2.01,
花蓮,2024/12/30 00:00:00,WD_HR,239,236,233,232,233,231,231,228,230,225,254,138,105,96,77,84,54,326,312,298,245,227,265,274,
花蓮,2024/12/30 00:00:00,WIND_DIREC,249,240,222,234,227,229,234,227,228,224,255,112,93,98,86,61,340,320,303,293,183,257,236,301,
花蓮,2024/12/30 00:00:00,WIND_SPEED,1.8,1.8,1.9,1.6,1.7,2.2,1.8,2.3,3.3,2,1.2,1.4,1.9,2.7,1.8,1.6,1.5,1.5,1.4,1,0.6,1.2,1.1,0.8,
花蓮,2024/12/30 00:00:00,WS_HR,2,1.6,1.6,1.6,1.6,2,1.8,1.9,2.5,2.1,1.1,0.4,1.8,1.8,1.4,1.7,1.1,1,1.4,1.3,0.2,0.6,1,0.7,
花蓮,2024/12/31 00:00:00,AMB_TEMP,18.7,18.3,17.8,17.3,18,18.2,17.9,18.1,18.8,19.5,20.2,20.6,21.3,20.8,19.9,19.3,18.8,18.5,18,17.9,17.5,17,17,17.1,
花蓮,2024/12/31 00:00:00,CH4,2.01,2.01,2,2,2,2.02,2.02,2.04,2.04,2.03,2.02,2.02,2.03,2.03,2.05,2.06,2.06,2.06,2.07,2.07,2.07,2.07,2.07,2.08,
花蓮,2024/12/31 00:00:00,CO,0.35,0.32,0.27,0.27,0.26,0.25,0.28,0.42,0.52,0.5,0.41,0.37,0.36,0.34,0.33,0.36,0.38,0.41,0.45,0.43,0.48,0.43,0.44,0.42,
花蓮,2024/12/31 00:00:00,NMHC,0.03,0.03,0,0,0,0,0,0.06,0.1,0.1,0.04,0.04,0.01,0.01,0.01,0.04,0.04,0.05,0.05,0.07,0.08,0.03,0.03,0.03,
花蓮,2024/12/31 00:00:00,NO,0.4,0.9,0.7,0.6,0.6,0.7,0.7,1.3,1.8,3.5,2.7,2,1.4,1,0.9,0.7,0.8,0.8,0.8,0.7,0.7,0.7,0.6,0.7,
花蓮,2024/12/31 00:00:00,NO2,13.2,12.3,7.1,5.3,6.5,5.2,4.5,9.2,13.9,15.9,9.4,7.1,6,5.8,6.3,7.3,8.1,9,10,8.9,9.7,8.2,7.2,6.1,
花蓮,2024/12/31 00:00:00,NOx,13.7,13.3,7.8,5.9,7.1,5.9,5.2,10.5,15.8,19.5,12.2,9.1,7.4,6.9,7.3,8.1,8.9,9.9,10.8,9.6,10.4,9,7.8,6.8,
花蓮,2024/12/31 00:00:00,O3,15.9,15.5,30.2,33.3,29.1,34.2,29.8,21.9,21.1,21.5,32.1,38.9,44.7,47.5,50.5,56.3,58.3,58.9,55.7,58.5,52.3,52.7,52.3,52.6,
花蓮,2024/12/31 00:00:00,PM10,14,17,10,13,11,19,14,21,24,36,28,24,32,36,47,50,53,53,52,53,53,47,47,42,
花蓮,2024/12/31 00:00:00,PM2.5,8,7,4,6,4,10,9,10,13,12,12,10,12,13,19,25,27,25,25,28,24,27,25,22,
花蓮,2024/12/31 00:00:00,RAINFALL,0,0,0.5,0,0,0,0,0,0,0,0,0,0,0,0,0,0,0,0,0,0,0,0,0,
花蓮,2024/12/31 00:00:00,RH,84,89,94,92,87,84,88,87,82,77,70,61,58,63,67,68,66,66,69,67,72,75,75,74,
花蓮,2024/12/31 00:00:00,SO2,1,0.6,0.9,1,1,0.5,0.9,0.8,0.8,0.9,1,1,1.1,1.1,0.9,0.8,0.9,0.9,0.8,1,1,1,1.1,1.1,
花蓮,2024/12/31 00:00:00,THC,2.04,2.04,1.98,1.98,2,2.02,2.02,2.1,2.14,2.13,2.06,2.06,2.04,2.04,2.06,2.1,2.1,2.11,2.12,2.14,2.15,2.1,2.1,2.11,
花蓮,2024/12/31 00:00:00,WD_HR,307,297,54,328,299,256,234,253,255,295,306,293,80,79,80,68,73,67,25,18,304,303,302,302,
花蓮,2024/12/31 00:00:00,WIND_DIREC,336,340,32,306,307,226,242,253,290,280,299,248,63,81,80,65,79,68,37,320,298,315,304,296,
花蓮,2024/12/31 00:00:00,WIND_SPEED,0.6,0.8,1.5,1.6,1.9,2.3,1.5,1.4,1,1.3,2.1,1.3,2.6,2.5,2.6,2.7,2.7,2.4,1.6,1.6,1.5,2,1.4,1.3,
花蓮,2024/12/31 00:00:00,WS_HR,0.7,0.4,0.9,1,1.7,1.1,1.7,1.5,0.7,1.1,1.4,1.4,1.2,2.3,2.2,2.1,2.2,1.6,0.7,0.7,1.2,1.7,1.5,1.4,


